timestamp,raw_hum,target_hum,turn_on_thres,turn_off_thres,peltier,cold_fan,ntc_temp,dew_point,state_elapsed_ms,profile,condensing_started,fan_boost_allowed,sht30_temp
17719,65.63,60.0,59.1,61.0,0,0,27.54,21.49,17497,2,0,1,28.56
18225,65.63,60.0,59.1,61.0,0,0,27.54,21.49,17997,2,0,1,28.56
18731,65.62,60.0,59.1,61.0,0,0,27.56,21.49,18497,2,0,1,28.56
19237,65.62,60.0,59.1,61.0,0,0,27.56,21.49,18997,2,0,1,28.56
19743,65.62,60.0,59.1,61.0,0,0,27.56,21.49,19497,2,0,1,28.56
20249,65.62,60.0,59.1,61.0,0,0,27.56,21.49,19997,2,0,1,28.56
20755,65.62,60.0,59.1,61.0,0,0,27.56,21.49,20497,2,0,1,28.56
21261,65.62,60.0,59.1,61.0,0,0,27.56,21.49,20997,2,0,1,28.56
21767,65.63,60.0,59.1,61.0,0,0,27.74,21.51,21497,2,0,1,28.58
22273,65.63,60.0,59.1,61.0,0,0,27.74,21.51,21997,2,0,1,28.58
22781,65.66,60.0,59.1,61.0,0,0,27.59,21.51,22497,2,0,1,28.59
23288,65.66,60.0,59.1,61.0,0,0,27.59,21.53,22997,2,0,1,28.59
23794,65.65,60.0,59.1,61.0,0,0,27.74,21.5,23497,2,0,1,28.56
24300,65.68,60.0,59.1,61.0,0,0,27.54,21.5,23997,2,0,1,28.59
24806,65.68,60.0,59.1,61.0,0,0,27.54,21.53,24497,2,0,1,28.59
25312,65.68,60.0,59.1,61.0,0,0,27.54,21.53,24997,2,0,1,28.59
25818,65.68,60.0,59.1,61.0,0,0,27.54,21.53,25497,2,0,1,28.59
26324,65.69,60.0,59.1,61.0,0,0,27.68,21.53,25997,2,0,1,28.59
26830,65.69,60.0,59.1,61.0,0,0,27.68,21.53,26497,2,0,1,28.59
27336,65.73,60.0,59.1,61.0,0,0,27.54,21.53,26997,2,0,1,28.58
27842,65.72,60.0,59.1,61.0,0,0,27.68,21.53,27497,2,0,1,28.59
28348,65.74,60.0,59.1,61.0,0,0,27.99,21.54,27997,2,0,1,28.59
28854,65.74,60.0,59.1,61.0,0,0,27.99,21.55,28497,2,0,1,28.59
29360,65.72,60.0,59.1,61.0,0,0,27.47,21.55,28997,2,0,1,28.59
29866,65.74,60.0,59.1,61.0,0,0,27.12,21.54,29497,2,0,1,28.59
30372,65.74,60.0,59.1,61.0,0,0,27.12,21.55,29997,2,0,1,28.59
30878,65.75,60.0,59.1,61.0,0,0,27.59,21.54,30502,2,0,1,28.58
31384,65.78,60.0,59.1,61.0,0,0,27.7,21.54,31002,2,0,1,28.61
31894,65.76,60.0,59.1,61.0,0,0,27.3,21.57,31502,2,0,1,28.59
32401,65.76,60.0,59.1,61.0,0,0,27.3,21.55,32002,2,0,1,28.59
32907,65.77,60.0,59.1,61.0,0,0,27.77,21.55,32502,2,0,1,28.58
33413,65.77,60.0,59.1,61.0,0,0,27.77,21.54,33002,2,0,1,28.58
33919,65.77,60.0,59.1,61.0,0,0,27.77,21.54,33502,2,0,1,28.58
34425,65.77,60.0,59.1,61.0,0,0,27.56,21.54,34002,2,0,1,28.59
34931,65.77,60.0,59.1,61.0,0,0,27.56,21.55,34502,2,0,1,28.59
35437,65.77,60.0,59.1,61.0,0,0,27.56,21.55,35002,2,0,1,28.59
35943,65.77,60.0,59.1,61.0,0,0,27.56,21.55,35502,2,0,1,28.59
36449,65.81,60.0,59.1,61.0,0,0,27.61,21.55,36002,2,0,1,28.62
36955,65.81,60.0,59.1,61.0,0,0,27.61,21.59,36502,2,0,1,28.62
37461,65.85,60.0,59.1,61.0,0,0,27.65,21.59,37004,2,0,1,28.61
37967,65.85,60.0,59.1,61.0,0,0,27.65,21.59,37504,2,0,1,28.61
38473,65.85,60.0,59.1,61.0,0,0,27.65,21.59,38004,2,0,1,28.61
38979,65.85,60.0,59.1,61.0,0,0,27.65,21.59,38504,2,0,1,28.61
39485,65.81,60.0,59.1,61.0,0,0,27.77,21.59,39004,2,0,1,28.61
39991,65.81,60.0,59.1,61.0,0,0,27.77,21.58,39504,2,0,1,28.61
40497,65.88,60.0,59.1,61.0,1,0,27.61,21.58,0,2,0,1,28.61
41003,65.88,60.0,59.1,61.0,1,0,27.61,21.6,500,2,0,1,28.61
41509,65.86,60.0,59.1,61.0,1,0,27.65,21.6,1006,2,0,1,28.61
42015,65.86,60.0,59.1,61.0,1,0,27.65,21.59,1512,2,0,1,28.61
42521,65.89,60.0,59.1,61.0,1,0,27.59,21.6,2514,2,0,1,28.61
43027,65.89,60.0,59.1,61.0,1,0,27.59,21.6,3014,2,0,1,28.61
43533,65.88,60.0,59.1,61.0,1,0,27.41,21.6,3514,2,0,1,28.61
44039,65.88,60.0,59.1,61.0,1,0,27.41,21.6,4014,2,0,1,28.61
44545,65.88,60.0,59.1,61.0,1,0,27.41,21.6,4514,2,0,1,28.61
45051,65.94,60.0,59.1,61.0,1,0,27.41,21.61,5014,2,0,1,28.61
45557,65.92,60.0,59.1,61.0,1,0,27.25,21.61,5514,2,0,1,28.61
46064,65.92,60.0,59.1,61.0,1,0,27.25,21.61,6014,2,0,1,28.61
46570,65.92,60.0,59.1,61.0,1,0,27.18,21.61,6514,2,0,1,28.61
47076,65.92,60.0,59.1,61.0,1,0,27.18,21.61,7014,2,0,1,28.61
47582,65.92,60.0,59.1,61.0,1,0,27.18,21.61,7514,2,0,1,28.61
48088,65.95,60.0,59.1,61.0,1,0,26.87,21.63,8014,2,0,1,28.62
48594,65.92,60.0,59.1,61.0,1,0,26.94,21.61,8514,2,0,1,28.61
49101,65.92,60.0,59.1,61.0,1,0,26.94,21.61,9014,2,0,1,28.61
49608,65.98,60.0,59.1,61.0,1,0,26.8,21.61,9514,2,0,1,28.59
50114,65.98,60.0,59.1,61.0,1,0,26.8,21.61,10014,2,0,1,28.59
50620,65.98,60.0,59.1,61.0,1,0,26.8,21.61,10514,2,0,1,28.59
51126,65.99,60.0,59.1,61.0,1,0,26.49,21.62,11014,2,0,1,28.61
51632,65.95,60.0,59.1,61.0,1,0,26.4,21.61,11514,2,0,1,28.61
52138,65.95,60.0,59.1,61.0,1,0,26.4,21.61,12014,2,0,1,28.61
52644,66.01,60.0,59.1,61.0,1,0,26.25,21.63,12514,2,0,1,28.61
53150,66.01,60.0,59.1,61.0,1,0,26.25,21.63,13014,2,0,1,28.61
53656,66.02,60.0,59.1,61.0,1,0,25.61,21.63,13514,2,0,1,28.61
54162,66.03,60.0,59.1,61.0,1,0,25.85,21.63,14014,2,0,1,28.61
54668,66.01,60.0,59.1,61.0,1,0,25.56,21.63,14514,2,0,1,28.62
55174,66.0,60.0,59.1,61.0,1,0,25.7,21.64,15014,2,0,1,28.63
55680,66.0,60.0,59.1,61.0,1,0,25.7,21.65,15514,2,0,1,28.63
56186,66.02,60.0,59.1,61.0,1,0,25.41,21.65,16014,2,0,1,28.63
56692,66.02,60.0,59.1,61.0,1,0,25.41,21.65,16514,2,0,1,28.63
57198,66.02,60.0,59.1,61.0,1,0,25.41,21.65,17014,2,0,1,28.63
57704,66.02,60.0,59.1,61.0,1,0,25.41,21.65,17514,2,0,1,28.63
58210,66.02,60.0,59.1,61.0,1,0,25.41,21.65,18014,2,0,1,28.63
58716,66.04,60.0,59.1,61.0,1,0,24.86,21.65,18514,2,0,1,28.59
59222,66.04,60.0,59.1,61.0,1,0,24.86,21.62,19014,2,0,1,28.59
59728,66.05,60.0,59.1,61.0,1,0,24.7,21.64,19514,2,0,1,28.61
60234,66.08,60.0,59.1,61.0,1,0,24.64,21.64,20014,2,0,1,28.62
60740,66.08,60.0,59.1,61.0,1,0,24.64,21.66,20514,2,0,1,28.62
61246,66.08,60.0,59.1,61.0,1,0,24.64,21.66,21014,2,0,1,28.62
61752,66.06,60.0,59.1,61.0,1,0,24.38,21.65,21514,2,0,1,28.62
62258,66.06,60.0,59.1,61.0,1,0,24.38,21.65,22014,2,0,1,28.62
62764,66.09,60.0,59.1,61.0,1,0,24.2,21.66,22514,2,0,1,28.62
63270,66.09,60.0,59.1,61.0,1,0,24.2,21.66,23014,2,0,1,28.62
63776,66.09,60.0,59.1,61.0,1,0,24.2,21.66,23514,2,0,1,28.62
64282,66.06,60.0,59.1,61.0,1,0,23.94,21.66,24014,2,0,1,28.62
64788,66.06,60.0,59.1,61.0,1,0,23.94,21.65,24514,2,0,1,28.62
65294,66.08,60.0,59.1,61.0,1,0,23.61,21.65,25014,2,0,1,28.63
65800,66.07,60.0,59.1,61.0,1,0,23.55,21.67,25514,2,0,1,28.61
66306,66.07,60.0,59.1,61.0,1,0,23.55,21.64,26014,2,0,1,28.61
66812,66.09,60.0,59.1,61.0,1,0,23.37,21.66,26514,2,0,1,28.62
67326,66.13,60.0,59.1,61.0,1,0,23.24,21.66,27016,2,0,1,28.62
67833,66.13,60.0,59.1,61.0,1,0,23.24,21.67,27516,2,0,1,28.62
68339,66.09,60.0,59.1,61.0,1,0,23.02,21.67,28016,2,0,1,28.62
68845,66.14,60.0,59.1,61.0,1,0,22.94,21.66,28516,2,0,1,28.62
69351,66.14,60.0,59.1,61.0,1,0,22.94,21.67,29016,2,0,1,28.62
69857,66.14,60.0,59.1,61.0,1,0,22.72,21.69,29516,2,0,1,28.63
70363,66.14,60.0,59.1,61.0,1,0,22.72,21.69,30016,2,0,1,28.63
70870,66.14,60.0,59.1,61.0,1,0,22.72,21.69,30516,2,0,1,28.63
71376,66.2,60.0,59.1,61.0,1,0,22.52,21.69,31016,2,0,1,28.61
71882,66.2,60.0,59.1,61.0,1,0,22.52,21.67,31516,2,0,1,28.61
72388,66.2,60.0,59.1,61.0,1,0,22.52,21.67,32016,2,0,1,28.63
72894,66.26,60.0,59.1,61.0,1,0,22.42,21.7,32516,2,0,1,28.63
73400,66.31,60.0,59.1,61.0,1,0,22.03,21.71,33016,2,0,1,28.63
73906,66.31,60.0,59.1,61.0,1,0,22.03,21.73,33516,2,0,1,28.63
74412,66.27,60.0,59.1,61.0,1,0,21.92,21.73,34016,2,0,1,28.62
74918,66.3,60.0,59.1,61.0,1,0,21.92,21.7,34516,2,0,1,28.62
75424,66.32,60.0,59.1,61.0,1,0,21.72,21.71,35016,2,0,1,28.62
75930,66.32,60.0,59.1,61.0,1,0,21.72,21.72,35516,2,0,1,28.62
76436,66.36,60.0,59.1,61.0,1,0,21.61,21.72,36016,2,0,1,28.61
76942,66.38,60.0,59.1,61.0,1,0,21.42,21.71,36516,2,0,1,28.61
77448,66.43,60.0,59.1,61.0,1,0,21.44,21.72,37017,2,0,1,28.62
77954,66.43,60.0,59.1,61.0,1,0,21.44,21.74,37518,2,0,1,28.62
78460,66.43,60.0,59.1,61.0,1,0,21.44,21.74,38018,2,0,1,28.62
78966,66.43,60.0,59.1,61.0,1,0,21.44,21.74,38518,2,0,1,28.62
79473,66.57,60.0,59.1,61.0,1,0,21.03,21.74,39018,2,0,1,28.62
79980,66.57,60.0,59.1,61.0,1,0,21.03,21.78,39518,2,0,1,28.62
80486,66.57,60.0,59.1,61.0,1,0,21.03,21.78,40018,2,0,1,28.62
80992,66.6,60.0,59.1,61.0,1,0,20.79,21.78,40518,2,0,1,28.62
81498,66.68,60.0,59.1,61.0,1,0,20.79,21.79,41018,2,0,1,28.62
82004,66.68,60.0,59.1,61.0,1,0,20.79,21.8,41518,2,0,1,28.62
82510,66.73,60.0,59.1,61.0,1,0,20.4,21.8,42018,2,0,1,28.62
83016,66.8,60.0,59.1,61.0,1,0,20.45,21.82,42518,2,0,1,28.61
83522,66.8,60.0,59.1,61.0,1,0,20.45,21.82,43018,2,0,1,28.61
84028,66.85,60.0,59.1,61.0,1,0,20.25,21.86,44021,2,1,1,28.63
84534,66.85,60.0,59.1,61.0,1,0,20.25,21.86,44521,2,1,1,28.63
85040,67.04,60.0,59.1,61.0,1,0,20.75,21.91,45021,2,0,1,28.63
85546,67.04,60.0,59.1,61.0,1,0,20.75,21.91,45521,2,0,1,28.63
86052,67.08,60.0,59.1,61.0,1,0,20.08,21.92,46021,2,1,1,28.63
86558,67.08,60.0,59.1,61.0,1,0,20.08,21.92,46521,2,1,1,28.63
87064,67.19,60.0,59.1,61.0,1,0,20.0,21.93,47021,2,1,1,28.62
87571,67.3,60.0,59.1,61.0,1,0,19.65,21.93,47521,2,1,1,28.63
88078,67.3,60.0,59.1,61.0,1,0,19.65,21.97,48021,2,1,1,28.63
88584,67.33,60.0,59.1,61.0,1,0,19.56,21.97,48521,2,1,1,28.62
89090,67.33,60.0,59.1,61.0,1,0,19.56,21.97,49021,2,1,1,28.62
89596,67.33,60.0,59.1,61.0,1,0,19.56,21.97,49521,2,1,1,28.62
90102,67.5,60.0,59.1,61.0,1,0,19.31,22.01,50021,2,1,1,28.62
90608,67.5,60.0,59.1,61.0,1,0,19.31,22.01,50521,2,1,1,28.62
91115,67.62,60.0,59.1,61.0,1,0,19.22,22.01,51021,2,1,1,28.59
91622,67.62,60.0,59.1,61.0,1,0,19.22,22.01,51521,2,1,1,28.59
92128,67.68,60.0,59.1,61.0,1,0,19.16,22.05,52021,2,1,1,28.62
92634,67.69,60.0,59.1,61.0,1,0,19.26,22.05,52521,2,1,1,28.62
93140,67.69,60.0,59.1,61.0,1,0,19.26,22.05,53021,2,1,1,28.62
93646,67.75,60.0,59.1,61.0,1,0,18.68,22.07,53521,2,1,1,28.62
94152,67.83,60.0,59.1,61.0,1,0,18.9,22.07,54021,2,1,1,28.62
94658,67.83,60.0,59.1,61.0,1,0,18.9,22.09,54521,2,1,1,28.62
95164,67.87,60.0,59.1,61.0,1,0,18.68,22.11,55021,2,1,1,28.63
95670,67.89,60.0,59.1,61.0,1,0,18.64,22.09,55521,2,1,1,28.61
96176,67.89,60.0,59.1,61.0,1,0,18.64,22.09,56021,2,1,1,28.61
96682,67.89,60.0,59.1,61.0,1,0,18.64,22.09,56521,2,1,1,28.61
97188,67.89,60.0,59.1,61.0,1,0,18.64,22.09,57021,2,1,1,28.61
97694,67.89,60.0,59.1,61.0,1,0,18.64,22.09,57521,2,1,1,28.61
98200,67.96,60.0,59.1,61.0,1,0,18.27,22.12,58021,2,1,1,28.62
98706,67.96,60.0,59.1,61.0,1,0,18.27,22.12,58521,2,1,1,28.62
99212,67.95,60.0,59.1,61.0,1,0,18.1,22.12,59021,2,1,1,28.59
99718,67.95,60.0,59.1,61.0,1,0,18.1,22.09,59521,2,1,1,28.59
100224,67.95,60.0,59.1,61.0,1,0,18.1,22.09,60021,2,1,1,28.59
100730,67.96,60.0,59.1,61.0,1,1,18.01,22.12,60521,2,1,1,28.62
101236,67.96,60.0,59.1,61.0,1,1,18.01,22.12,61021,2,1,1,28.62
101742,67.96,60.0,59.1,61.0,1,1,18.01,22.12,61521,2,1,1,28.62
102248,67.96,60.0,59.1,61.0,1,1,18.01,22.12,62021,2,1,1,28.62
102754,67.93,60.0,59.1,61.0,1,1,17.91,22.11,62521,2,1,1,28.62
103260,67.92,60.0,59.1,61.0,1,1,18.12,22.11,63021,2,1,1,28.63
103766,67.8,60.0,59.1,61.0,1,1,18.21,22.12,63521,2,1,1,28.61
104272,67.8,60.0,59.1,61.0,1,1,18.21,22.07,64021,2,1,1,28.61
104778,67.61,60.0,59.1,61.0,1,1,18.42,22.02,64521,2,1,1,28.61
105284,67.61,60.0,59.1,61.0,1,1,18.42,22.02,65021,2,1,1,28.61
105790,67.61,60.0,59.1,61.0,1,1,18.42,22.02,65521,2,1,1,28.61
106296,67.61,60.0,59.1,61.0,1,1,18.42,22.02,66021,2,1,1,28.61
106802,66.96,60.0,59.1,61.0,1,1,18.79,21.81,66521,2,1,1,28.55
107308,66.96,60.0,59.1,61.0,1,1,18.79,21.81,67021,2,1,1,28.55
107814,66.96,60.0,59.1,61.0,1,1,18.79,21.81,67521,2,1,1,28.55
108320,66.1,60.0,59.1,61.0,1,1,18.6,21.81,68021,2,1,1,28.55
108826,66.1,60.0,59.1,61.0,1,1,18.6,21.6,68521,2,1,1,28.55
109332,65.72,60.0,59.1,61.0,1,1,18.62,21.6,69021,2,1,1,28.53
109838,65.72,60.0,59.1,61.0,1,1,18.62,21.49,69521,2,1,1,28.53
110344,65.26,60.0,59.1,61.0,1,1,18.47,21.39,70021,2,1,1,28.55
110850,65.26,60.0,59.1,61.0,1,1,18.47,21.39,70521,2,1,1,28.55
111356,64.71,60.0,59.1,61.0,1,1,18.68,21.22,71021,2,1,1,28.52
111862,64.41,60.0,59.1,61.0,1,1,18.57,21.22,71521,2,1,1,28.48
112368,64.01,60.0,59.1,61.0,1,1,18.55,21.11,72021,2,1,1,28.51
112874,64.01,60.0,59.1,61.0,1,1,18.55,21.03,72521,2,1,1,28.51
113380,63.69,60.0,59.1,61.0,1,1,18.27,20.92,73021,2,1,1,28.48
113886,63.69,60.0,59.1,61.0,1,1,18.27,20.92,73521,2,1,1,28.48
114392,62.99,60.0,59.1,61.0,1,1,18.27,20.92,74021,2,1,1,28.44
114898,62.99,60.0,59.1,61.0,1,1,18.27,20.7,74521,2,1,0,28.44
115404,62.67,60.0,59.1,61.0,1,1,18.25,20.6,75021,2,1,1,28.41
115910,62.33,60.0,59.1,61.0,1,1,18.16,20.6,75521,2,1,1,28.45
116416,62.33,60.0,59.1,61.0,1,1,18.16,20.55,76021,2,1,1,28.45
116922,61.88,60.0,59.1,61.0,1,1,18.25,20.55,76521,2,1,1,28.39
117428,61.88,60.0,59.1,61.0,1,1,18.25,20.38,77021,2,1,1,28.39
117934,61.88,60.0,59.1,61.0,1,1,18.25,20.38,77521,2,1,1,28.39
118440,61.21,60.0,59.1,61.0,1,1,18.08,20.23,78021,2,1,1,28.42
118946,60.92,60.0,59.1,61.0,1,1,17.99,20.23,78521,2,1,1,28.39
119452,60.69,60.0,59.1,61.0,0,0,18.23,20.12,0,2,1,0,28.39
119958,60.69,60.0,59.1,61.0,0,0,18.23,20.06,500,2,1,0,28.39
120464,60.69,60.0,59.1,61.0,0,0,18.23,20.06,1000,2,1,0,28.39
120970,60.03,60.0,59.1,61.0,0,0,17.95,20.06,1500,2,1,0,28.38
121476,60.03,60.0,59.1,61.0,0,0,17.95,19.87,2000,2,1,0,28.38
121982,59.52,60.0,59.1,61.0,0,0,17.52,19.87,2504,2,1,0,28.38
122488,59.52,60.0,59.1,61.0,0,0,17.52,19.74,3004,2,1,0,28.38
122994,59.3,60.0,59.1,61.0,0,0,17.35,19.74,3504,2,1,0,28.34
123500,59.22,60.0,59.1,61.0,0,0,17.43,19.64,4004,2,1,0,28.35
124006,59.22,60.0,59.1,61.0,0,0,17.43,19.63,4504,2,1,0,28.35
124512,59.06,60.0,59.1,61.0,0,0,17.26,19.63,5004,2,1,0,28.36
125018,59.06,60.0,59.1,61.0,0,0,17.26,19.6,5504,2,1,0,28.36
125524,58.91,60.0,59.1,61.0,0,0,17.07,19.6,6004,2,1,0,28.35
126030,58.78,60.0,59.1,61.0,0,0,17.11,19.54,6504,2,1,0,28.34
126536,58.78,60.0,59.1,61.0,0,0,17.11,19.5,7508,2,1,0,28.34
127042,58.67,60.0,59.1,61.0,0,0,17.13,19.46,8008,2,1,0,28.34
127548,58.56,60.0,59.1,61.0,0,0,17.15,19.45,8508,2,1,0,28.35
128054,58.5,60.0,59.1,61.0,0,0,17.82,19.42,9008,2,1,0,28.34
128568,58.45,60.0,59.1,61.0,0,0,17.24,19.42,9508,2,1,0,28.32
129075,58.45,60.0,59.1,61.0,0,0,17.24,19.39,10008,2,1,0,28.32
129581,58.45,60.0,59.1,61.0,0,0,17.24,19.39,10508,2,1,0,28.32
130087,58.46,60.0,59.1,61.0,0,0,17.28,19.43,11008,2,1,0,28.36
130593,58.41,60.0,59.1,61.0,0,0,17.26,19.38,11508,2,1,0,28.32
131099,58.41,60.0,59.1,61.0,0,0,17.26,19.38,12008,2,1,0,28.32
131605,58.41,60.0,59.1,61.0,0,0,17.2,19.39,12508,2,1,0,28.34
132112,58.41,60.0,59.1,61.0,0,0,17.2,19.39,13008,2,1,0,28.34
132619,58.4,60.0,59.1,61.0,0,0,17.32,19.39,13508,2,1,0,28.34
133125,58.44,60.0,59.1,61.0,0,0,17.52,19.39,14008,2,1,0,28.32
133631,58.44,60.0,59.1,61.0,0,0,17.52,19.39,14508,2,1,0,28.32
134137,58.4,60.0,59.1,61.0,0,0,17.54,19.38,15008,2,1,0,28.32
134643,58.44,60.0,59.1,61.0,0,0,17.5,19.41,15508,2,1,0,28.35
135149,58.44,60.0,59.1,61.0,0,0,17.5,19.41,16008,2,1,0,28.35
135655,58.44,60.0,59.1,61.0,0,0,17.65,19.41,16508,2,1,0,28.34
136164,58.44,60.0,59.1,61.0,0,0,17.65,19.4,17008,2,1,0,28.34
136670,58.5,60.0,59.1,61.0,0,0,17.86,19.4,17508,2,1,0,28.34
137176,58.5,60.0,59.1,61.0,0,0,17.86,19.42,18008,2,1,0,28.34
137682,58.48,60.0,59.1,61.0,0,0,17.95,19.4,18520,2,0,0,28.32
138188,58.53,60.0,59.1,61.0,0,0,18.08,19.4,19020,2,0,0,28.35
138694,58.53,60.0,59.1,61.0,0,0,18.08,19.44,19520,2,0,0,28.35
139200,58.53,60.0,59.1,61.0,0,0,18.08,19.44,20020,2,0,0,28.35
139706,58.59,60.0,59.1,61.0,0,0,18.1,19.44,20520,2,0,0,28.35
140212,58.59,60.0,59.1,61.0,0,0,18.1,19.45,21020,2,0,0,28.35
140718,58.6,60.0,59.1,61.0,0,0,18.12,19.45,21520,2,0,0,28.34
141224,58.6,60.0,59.1,61.0,0,0,18.12,19.44,22020,2,0,0,28.34
141730,58.6,60.0,59.1,61.0,0,0,18.12,19.44,22520,2,0,0,28.34
142236,58.6,60.0,59.1,61.0,0,0,18.12,19.44,23020,2,0,0,28.34
142742,58.6,60.0,59.1,61.0,0,0,18.12,19.44,23520,2,0,0,28.34
143248,58.61,60.0,59.1,61.0,0,0,18.36,19.44,24020,2,0,0,28.36
143754,58.61,60.0,59.1,61.0,0,0,18.36,19.47,24520,2,0,0,28.36
144260,58.65,60.0,59.1,61.0,0,0,18.6,19.48,25020,2,0,0,28.36
144766,58.65,60.0,59.1,61.0,0,0,18.6,19.48,25520,2,0,0,28.36
145272,58.65,60.0,59.1,61.0,0,0,18.6,19.48,26020,2,0,0,28.36
145778,58.64,60.0,59.1,61.0,0,0,18.62,19.47,26520,2,0,0,28.35
146284,58.63,60.0,59.1,61.0,0,0,18.75,19.47,27020,2,0,0,28.38
146791,58.65,60.0,59.1,61.0,0,0,18.7,19.49,27520,2,0,0,28.35
147298,58.65,60.0,59.1,61.0,0,0,18.7,19.47,28020,2,0,0,28.35
147804,58.61,60.0,59.1,61.0,0,0,18.92,19.47,28520,2,0,0,28.36
148310,58.61,60.0,59.1,61.0,0,0,18.92,19.47,29020,2,0,0,28.36
148816,58.6,60.0,59.1,61.0,0,0,18.94,19.47,29520,2,0,0,28.36
149322,58.6,60.0,59.1,61.0,0,0,18.9,19.49,30020,2,0,0,28.38
149828,58.6,60.0,59.1,61.0,0,0,18.9,19.49,30520,2,0,0,28.38
150335,58.6,60.0,59.1,61.0,0,0,18.9,19.49,31020,2,0,0,28.38
150842,58.6,60.0,59.1,61.0,0,0,18.9,19.49,31520,2,0,0,28.38
151348,58.6,60.0,59.1,61.0,0,0,18.9,19.49,32020,2,0,0,28.38
151854,58.61,60.0,59.1,61.0,0,0,19.2,19.49,32520,2,0,0,28.36
152360,58.62,60.0,59.1,61.0,0,0,19.16,19.47,33020,2,0,0,28.39
152866,58.62,60.0,59.1,61.0,0,0,19.16,19.5,33520,2,0,0,28.39
153372,58.62,60.0,59.1,61.0,0,0,19.16,19.5,34020,2,0,0,28.39
153878,58.62,60.0,59.1,61.0,0,0,19.31,19.5,34520,2,0,0,28.38
154384,58.62,60.0,59.1,61.0,0,0,19.31,19.49,35020,2,0,0,28.38
154890,58.62,60.0,59.1,61.0,0,0,19.31,19.49,35520,2,0,0,28.38
155396,58.59,60.0,59.1,61.0,0,0,19.56,19.49,36020,2,0,0,28.38
155902,58.59,60.0,59.1,61.0,0,0,19.39,19.48,36520,2,0,0,28.36
156408,58.59,60.0,59.1,61.0,0,0,19.39,19.47,37020,2,0,0,28.36
156914,58.6,60.0,59.1,61.0,0,0,19.52,19.49,37520,2,0,0,28.38
157420,58.62,60.0,59.1,61.0,0,0,19.56,19.49,38020,2,0,0,28.39
157926,58.61,60.0,59.1,61.0,0,0,19.69,19.5,38520,2,0,0,28.36
158433,58.61,60.0,59.1,61.0,0,0,19.67,19.47,39020,2,0,0,28.36
158940,58.61,60.0,59.1,61.0,0,0,19.67,19.47,39520,2,0,0,28.36
159446,58.66,60.0,59.1,61.0,0,0,19.82,19.47,40020,2,0,0,28.36
159952,58.66,60.0,59.1,61.0,0,0,19.82,19.49,40520,2,0,0,28.36
160458,58.62,60.0,59.1,61.0,0,0,19.97,19.5,41020,2,0,0,28.39
160964,58.62,60.0,59.1,61.0,0,0,19.97,19.5,41520,2,0,0,28.39
161470,58.64,60.0,59.1,61.0,0,0,19.97,19.5,42020,2,0,0,28.39
161976,58.64,60.0,59.1,61.0,0,0,20.02,19.51,42520,2,0,0,28.38
162482,58.64,60.0,59.1,61.0,0,0,19.95,19.5,43020,2,0,0,28.39
162988,58.64,60.0,59.1,61.0,0,0,19.95,19.51,43520,2,0,0,28.39
163494,58.68,60.0,59.1,61.0,0,0,20.17,19.51,44020,2,0,0,28.39
164000,58.68,60.0,59.1,61.0,0,0,20.17,19.52,44520,2,0,0,28.39
164506,58.68,60.0,59.1,61.0,0,0,20.17,19.52,45020,2,0,0,28.39
165012,58.68,60.0,59.1,61.0,0,0,20.17,19.52,45520,2,0,0,28.39
165518,58.7,60.0,59.1,61.0,0,0,20.25,19.54,46020,2,0,0,28.41
166024,58.69,60.0,59.1,61.0,0,0,20.36,19.54,46520,2,0,0,28.39
166530,58.69,60.0,59.1,61.0,0,0,20.36,19.52,47020,2,0,0,28.39
167036,58.69,60.0,59.1,61.0,0,0,20.36,19.52,47520,2,0,0,28.39
167542,58.76,60.0,59.1,61.0,0,0,20.19,19.52,48020,2,0,0,28.39
168048,58.68,60.0,59.1,61.0,0,0,20.64,19.52,49020,2,0,0,28.39
168554,58.71,60.0,59.1,61.0,0,0,20.4,19.53,49520,2,0,0,28.39
169060,58.74,60.0,59.1,61.0,0,0,20.56,19.52,50020,2,0,0,28.38
169566,58.74,60.0,59.1,61.0,0,0,20.56,19.52,50520,2,0,0,28.38
170072,58.78,60.0,59.1,61.0,0,0,20.71,19.55,51020,2,0,0,28.39
170583,58.77,60.0,59.1,61.0,0,0,20.86,19.55,51520,2,0,0,28.39
171090,58.77,60.0,59.1,61.0,0,0,20.86,19.54,52020,2,0,0,28.39
171596,58.77,60.0,59.1,61.0,0,0,20.53,19.54,52520,2,0,0,28.39
172102,58.79,60.0,59.1,61.0,0,0,20.86,19.55,53020,2,0,0,28.39
172608,58.79,60.0,59.1,61.0,0,0,20.86,19.55,53520,2,0,0,28.39
173114,58.79,60.0,59.1,61.0,0,0,20.86,19.55,54020,2,0,0,28.39
173620,58.79,60.0,59.1,61.0,0,0,20.86,19.55,54520,2,0,0,28.39
174126,58.83,60.0,59.1,61.0,0,0,20.73,19.57,55020,2,0,0,28.41
174632,58.83,60.0,59.1,61.0,0,0,20.73,19.57,55520,2,0,0,28.41
175138,58.87,60.0,59.1,61.0,0,0,20.84,19.58,56020,2,0,0,28.41
175644,58.87,60.0,59.1,61.0,0,0,20.84,19.58,56520,2,0,0,28.41
176150,58.87,60.0,59.1,61.0,0,0,20.84,19.58,57020,2,0,0,28.41
176656,58.93,60.0,59.1,61.0,0,0,21.1,19.59,57520,2,0,0,28.39
177162,58.93,60.0,59.1,61.0,0,0,21.1,19.59,58020,2,0,0,28.39
177668,58.93,60.0,59.1,61.0,0,0,21.25,19.6,58520,2,0,0,28.41
178174,58.93,60.0,59.1,61.0,0,0,21.07,19.6,59020,2,0,0,28.39
178681,58.98,60.0,59.1,61.0,0,0,21.22,19.59,59520,2,0,0,28.39
179188,58.98,60.0,59.1,61.0,0,0,21.22,19.6,60020,2,0,0,28.39
179694,58.98,60.0,59.1,61.0,0,0,21.22,19.6,60520,2,0,0,28.39
180200,59.02,60.0,59.1,61.0,0,0,21.29,19.6,61020,2,0,0,28.41
180706,59.02,60.0,59.1,61.0,0,0,21.29,19.62,61520,2,0,0,28.41
181212,59.02,60.0,59.1,61.0,0,0,21.29,19.62,62020,2,0,0,28.41
181718,59.03,60.0,59.1,61.0,0,0,21.38,19.61,62520,2,0,0,28.39
182224,59.04,60.0,59.1,61.0,0,0,21.27,19.66,63020,2,0,0,28.44
182730,59.03,60.0,59.1,61.0,0,0,21.55,19.66,63520,2,0,0,28.41
183236,59.03,60.0,59.1,61.0,0,0,21.55,19.63,64020,2,0,0,28.41
183742,59.05,60.0,59.1,61.0,0,0,21.64,19.62,64520,2,0,0,28.39
184248,59.09,60.0,59.1,61.0,0,0,21.38,19.62,65020,2,0,0,28.41
184754,59.09,60.0,59.1,61.0,0,0,21.38,19.64,65520,2,0,0,28.41
185260,59.09,60.0,59.1,61.0,0,0,21.64,19.66,66020,2,0,0,28.42
185766,59.18,60.0,59.1,61.0,1,0,21.44,19.66,0,2,0,0,28.39
186272,59.17,60.0,59.1,61.0,1,0,21.53,19.67,500,2,0,0,28.41
186778,59.18,60.0,59.1,61.0,1,0,21.55,19.67,1000,2,0,0,28.42
187284,59.18,60.0,59.1,61.0,1,0,21.55,19.68,1500,2,0,0,28.42
187790,59.19,60.0,59.1,61.0,1,0,21.7,19.67,2000,2,0,0,28.41
188296,59.19,60.0,59.1,61.0,1,0,21.7,19.67,2500,2,0,0,28.41
188802,59.19,60.0,59.1,61.0,1,0,21.7,19.67,3000,2,0,0,28.41
189308,59.27,60.0,59.1,61.0,1,0,21.57,19.68,3500,2,0,0,28.39
189814,59.27,60.0,59.1,61.0,1,0,21.59,19.68,4000,2,0,0,28.38
190320,59.27,60.0,59.1,61.0,1,0,21.59,19.67,4500,2,0,0,28.38
190826,59.31,60.0,59.1,61.0,1,0,21.55,19.72,5000,2,0,0,28.42
191346,59.35,60.0,59.1,61.0,1,0,21.53,19.72,5500,2,0,0,28.44
191853,59.35,60.0,59.1,61.0,1,0,21.53,19.74,6002,2,0,0,28.44
192359,59.4,60.0,59.1,61.0,1,0,21.48,19.74,6502,2,0,0,28.42
192865,59.4,60.0,59.1,61.0,1,0,21.48,19.74,7002,2,0,0,28.42
193371,59.36,60.0,59.1,61.0,1,0,21.42,19.72,7502,2,0,0,28.41
193877,59.36,60.0,59.1,61.0,1,0,21.42,19.72,8002,2,0,0,28.41
194383,59.36,60.0,59.1,61.0,1,0,21.42,19.72,8502,2,0,0,28.41
194889,59.36,60.0,59.1,61.0,1,0,21.42,19.72,9002,2,0,0,28.41
195395,59.49,60.0,59.1,61.0,1,0,21.07,19.72,9502,2,0,0,28.42
195901,59.49,60.0,59.1,61.0,1,0,21.07,19.77,10002,2,0,0,28.42
196407,59.52,60.0,59.1,61.0,1,0,20.9,19.77,10502,2,0,0,28.42
196913,59.52,60.0,59.1,61.0,1,0,20.9,19.77,11002,2,0,0,28.42
197419,59.52,60.0,59.1,61.0,1,0,20.9,19.77,11502,2,0,0,28.42
197925,59.58,60.0,59.1,61.0,1,0,20.43,19.77,12002,2,0,0,28.38
198431,59.58,60.0,59.1,61.0,1,0,20.43,19.75,12502,2,0,0,28.38
198937,59.62,60.0,59.1,61.0,1,0,20.58,19.75,13002,2,0,0,28.39
199443,59.62,60.0,59.1,61.0,1,0,20.58,19.78,13502,2,0,0,28.39
199949,59.62,60.0,59.1,61.0,1,0,20.58,19.78,14002,2,0,0,28.39
200455,59.67,60.0,59.1,61.0,1,0,20.49,19.78,14502,2,0,0,28.39
200961,59.67,60.0,59.1,61.0,1,0,20.49,19.79,15002,2,0,0,28.39
201467,59.72,60.0,59.1,61.0,1,0,20.28,19.79,15502,2,0,0,28.39
201974,59.75,60.0,59.1,61.0,1,0,20.34,19.8,16002,2,0,0,28.42
202481,59.75,60.0,59.1,61.0,1,0,20.34,19.84,16502,2,0,0,28.42
202987,59.79,60.0,59.1,61.0,1,0,19.78,19.84,17002,2,0,0,28.41
203493,59.79,60.0,59.1,61.0,1,0,19.78,19.83,17502,2,0,0,28.41
203999,59.79,60.0,59.1,61.0,1,0,19.78,19.83,18002,2,0,0,28.41
204505,59.86,60.0,59.1,61.0,1,0,19.76,19.83,18502,2,0,0,28.41
205011,59.86,60.0,59.1,61.0,1,0,19.76,19.85,19002,2,0,0,28.41
205517,59.89,60.0,59.1,61.0,1,0,19.78,19.85,19502,2,0,0,28.42
206023,59.89,60.0,59.1,61.0,1,0,19.78,19.87,20002,2,0,0,28.42
206529,59.98,60.0,59.1,61.0,1,0,19.52,19.87,20502,2,0,0,28.39
207035,59.98,60.0,59.1,61.0,1,0,19.52,19.87,21002,2,0,0,28.39
207541,60.08,60.0,59.1,61.0,1,0,19.35,19.87,21502,2,0,0,28.41
208047,60.03,60.0,59.1,61.0,1,0,18.92,19.91,22002,2,0,0,28.41
208553,60.03,60.0,59.1,61.0,1,0,18.92,19.9,23005,2,0,0,28.41
209059,60.15,60.0,59.1,61.0,1,0,19.11,19.94,23505,2,0,0,28.42
209565,60.16,60.0,59.1,61.0,1,0,19.11,19.93,24005,2,0,0,28.41
210071,60.16,60.0,59.1,61.0,1,0,18.94,19.93,24505,2,0,0,28.41
210577,60.16,60.0,59.1,61.0,1,0,18.94,19.93,25005,2,0,0,28.41
211083,60.16,60.0,59.1,61.0,1,0,18.94,19.93,25505,2,0,0,28.41
211589,60.23,60.0,59.1,61.0,1,0,18.79,19.97,26005,2,0,0,28.42
212095,60.23,60.0,59.1,61.0,1,0,18.79,19.97,26505,2,0,0,28.42
212601,60.23,60.0,59.1,61.0,1,0,18.79,19.97,27005,2,0,0,28.42
213107,60.27,60.0,59.1,61.0,1,0,18.53,19.96,27505,2,0,0,28.41
213613,60.27,60.0,59.1,61.0,1,0,18.53,19.96,28005,2,0,0,28.41
214119,60.33,60.0,59.1,61.0,1,0,18.47,19.98,28505,2,1,0,28.41
214625,60.34,60.0,59.1,61.0,1,0,18.36,19.98,29005,2,1,0,28.42
215131,60.34,60.0,59.1,61.0,1,0,18.36,20.0,29505,2,1,0,28.42
215637,60.34,60.0,59.1,61.0,1,0,18.36,20.0,30005,2,1,0,28.42
216143,60.37,60.0,59.1,61.0,1,0,18.21,19.99,30505,2,1,0,28.41
216649,60.38,60.0,59.1,61.0,1,0,17.97,19.99,31018,2,1,0,28.41
217164,60.43,60.0,59.1,61.0,1,0,18.04,19.99,31518,2,1,0,28.41
217671,60.43,60.0,59.1,61.0,1,0,18.04,20.01,32018,2,1,0,28.41
218177,60.41,60.0,59.1,61.0,1,0,17.99,20.03,32518,2,1,0,28.44
218683,60.43,60.0,59.1,61.0,1,0,17.76,19.99,33018,2,1,0,28.39
219189,60.44,60.0,59.1,61.0,1,0,17.73,20.02,33518,2,1,0,28.42
219695,60.44,60.0,59.1,61.0,1,0,17.73,20.02,34018,2,1,0,28.42
220201,60.44,60.0,59.1,61.0,1,0,17.63,20.05,34518,2,1,0,28.45
220707,60.43,60.0,59.1,61.0,1,0,17.76,20.02,35018,2,1,0,28.42
221213,60.39,60.0,59.1,61.0,1,0,17.39,20.02,35518,2,1,0,28.42
221719,60.39,60.0,59.1,61.0,1,0,17.39,20.01,36018,2,1,0,28.42
222225,60.38,60.0,59.1,61.0,1,0,17.22,20.01,36518,2,1,0,28.42
222731,60.38,60.0,59.1,61.0,1,0,17.22,20.01,37018,2,1,0,28.42
223237,60.38,60.0,59.1,61.0,1,0,17.22,20.01,37518,2,1,0,28.42
223743,60.38,60.0,59.1,61.0,1,0,17.22,20.01,38018,2,1,0,28.42
224249,60.39,60.0,59.1,61.0,1,0,17.02,19.98,38518,2,1,0,28.39
224755,60.39,60.0,59.1,61.0,1,0,17.02,19.98,39018,2,1,0,28.39
225261,60.39,60.0,59.1,61.0,1,0,17.0,19.98,39518,2,1,0,28.39
225767,60.39,60.0,59.1,61.0,0,0,17.0,19.98,0,2,1,0,28.39
226273,60.39,60.0,59.1,61.0,0,0,17.0,19.98,500,2,1,0,28.39
226779,60.28,60.0,59.1,61.0,0,0,16.68,19.98,1000,2,1,0,28.39
227285,60.28,60.0,59.1,61.0,0,0,16.68,19.95,1500,2,1,0,28.39
227791,60.27,60.0,59.1,61.0,0,0,16.51,19.95,2000,2,1,0,28.39
228297,60.27,60.0,59.1,61.0,0,0,16.51,19.95,2500,2,1,0,28.39
228803,60.22,60.0,59.1,61.0,0,0,16.46,19.95,3000,2,1,0,28.41
229309,60.22,60.0,59.1,61.0,0,0,16.46,19.95,3500,2,1,0,28.41
229815,60.22,60.0,59.1,61.0,0,0,16.46,19.95,4000,2,1,0,28.41
230321,60.16,60.0,59.1,61.0,0,0,16.55,19.92,4500,2,1,0,28.39
230827,60.08,60.0,59.1,61.0,0,0,16.42,19.92,5000,2,1,0,28.38
231333,60.08,60.0,59.1,61.0,0,0,16.42,19.89,5500,2,1,0,28.38
231839,60.08,60.0,59.1,61.0,0,0,16.42,19.89,6000,2,1,0,28.38
232345,60.02,60.0,59.1,61.0,0,0,16.51,19.89,6500,2,1,0,28.41
232851,60.02,60.0,59.1,61.0,0,0,16.51,19.9,7000,2,1,0,28.41
233357,59.92,60.0,59.1,61.0,0,0,16.51,19.86,7500,2,1,0,28.39
233863,59.93,60.0,59.1,61.0,0,0,16.57,19.86,8000,2,1,0,28.41
234369,59.87,60.0,59.1,61.0,0,0,16.53,19.87,8500,2,1,0,28.39
234875,59.87,60.0,59.1,61.0,0,0,16.53,19.84,9000,2,1,0,28.39
235381,59.83,60.0,59.1,61.0,0,0,16.61,19.84,9500,2,1,0,28.41
235887,59.83,60.0,59.1,61.0,0,0,16.61,19.85,10000,2,1,0,28.41
236393,59.77,60.0,59.1,61.0,0,0,16.63,19.85,10500,2,1,0,28.39
236899,59.77,60.0,59.1,61.0,0,0,16.63,19.82,11000,2,1,0,28.39
237405,59.7,60.0,59.1,61.0,0,0,16.53,19.82,11500,2,1,0,28.39
237911,59.7,60.0,59.1,61.0,0,0,16.53,19.8,12000,2,1,0,28.39
238417,59.61,60.0,59.1,61.0,0,0,16.72,19.76,12516,2,1,0,28.38
238923,59.57,60.0,59.1,61.0,0,0,17.0,19.76,13016,2,1,0,28.39
239429,59.57,60.0,59.1,61.0,0,0,17.0,19.76,13516,2,1,0,28.39
239935,59.53,60.0,59.1,61.0,0,0,16.94,19.74,14016,2,1,0,28.38
240441,59.47,60.0,59.1,61.0,0,0,17.0,19.72,14516,2,1,0,28.38
240947,59.45,60.0,59.1,61.0,0,0,17.02,19.72,15016,2,1,0,28.39
241453,59.36,60.0,59.1,61.0,0,0,17.3,19.73,15516,2,1,0,28.36
241959,59.32,60.0,59.1,61.0,0,0,17.02,19.68,16016,2,1,0,28.36
242466,59.31,60.0,59.1,61.0,0,0,17.07,19.67,16516,2,1,0,28.38
242973,59.31,60.0,59.1,61.0,0,0,17.07,19.68,17016,2,1,0,28.38
243479,59.33,60.0,59.1,61.0,0,0,17.35,19.68,17516,2,1,0,28.42
243985,59.22,60.0,59.1,61.0,0,0,17.17,19.72,18016,2,1,0,28.41
244491,59.21,60.0,59.1,61.0,0,0,17.39,19.68,18516,2,1,0,28.39
244997,59.21,60.0,59.1,61.0,0,0,17.39,19.67,19016,2,1,0,28.39
245503,59.15,60.0,59.1,61.0,0,0,17.41,19.67,19516,2,1,0,28.39
246009,59.15,60.0,59.1,61.0,0,0,17.41,19.65,20016,2,1,0,28.39
246515,59.09,60.0,59.1,61.0,0,0,17.41,19.62,20516,2,1,0,28.38
247021,59.09,60.0,59.1,61.0,0,0,17.41,19.62,21016,2,1,0,28.38
247527,59.09,60.0,59.1,61.0,0,0,17.41,19.62,21516,2,1,0,28.38
248033,58.97,60.0,59.1,61.0,0,0,17.52,19.62,22016,2,1,0,28.39
248539,58.97,60.0,59.1,61.0,0,0,17.52,19.6,22516,2,1,0,28.39
249045,58.93,60.0,59.1,61.0,0,0,17.63,19.55,23024,2,1,0,28.35
249551,58.93,60.0,59.1,61.0,0,0,17.63,19.55,23524,2,1,0,28.35
250057,58.83,60.0,59.1,61.0,0,0,17.76,19.55,24024,2,1,0,28.36
250563,58.82,60.0,59.1,61.0,0,0,17.91,19.53,24524,2,1,0,28.39
251069,58.82,60.0,59.1,61.0,0,0,17.91,19.56,25024,2,1,0,28.39
251575,58.82,60.0,59.1,61.0,0,0,17.91,19.56,25524,2,1,0,28.39
252081,58.74,60.0,59.1,61.0,0,0,17.63,19.56,26024,2,1,0,28.38
252587,58.74,60.0,59.1,61.0,0,0,17.63,19.52,26524,2,1,0,28.38
253093,58.68,60.0,59.1,61.0,0,0,18.55,19.49,27527,2,0,0,28.36
253599,58.68,60.0,59.1,61.0,0,0,18.55,19.49,28027,2,0,0,28.36
254105,58.68,60.0,59.1,61.0,0,0,18.55,19.49,28527,2,0,0,28.36
254611,58.61,60.0,59.1,61.0,0,0,18.14,19.51,29028,2,0,0,28.41
255117,58.6,60.0,59.1,61.0,0,0,18.51,19.49,29528,2,0,0,28.38
255623,58.58,60.0,59.1,61.0,0,0,18.34,19.46,30030,2,0,0,28.36
256129,58.58,60.0,59.1,61.0,0,0,18.34,19.46,30530,2,0,0,28.36
256635,58.55,60.0,59.1,61.0,0,0,18.34,19.47,31030,2,0,0,28.38
257141,58.52,60.0,59.1,61.0,0,0,18.53,19.46,31530,2,0,0,28.38
257647,58.52,60.0,59.1,61.0,0,0,18.53,19.46,32030,2,0,0,28.38
258153,58.54,60.0,59.1,61.0,0,0,17.95,19.45,32530,2,1,0,28.36
258659,58.54,60.0,59.1,61.0,0,0,17.95,19.45,33030,2,1,0,28.36
259165,58.47,60.0,59.1,61.0,0,0,18.77,19.45,33530,2,1,0,28.38
259671,58.47,60.0,59.1,61.0,0,0,18.77,19.45,34030,2,0,0,28.38
260177,58.42,60.0,59.1,61.0,0,0,18.62,19.43,34530,2,0,0,28.38
260683,58.42,60.0,59.1,61.0,0,0,18.72,19.43,35030,2,0,0,28.38
261189,58.4,60.0,59.1,61.0,0,0,18.75,19.4,35530,2,0,0,28.35
261695,58.39,60.0,59.1,61.0,0,0,18.7,19.44,36030,2,0,0,28.39
262201,58.39,60.0,59.1,61.0,0,0,18.7,19.44,36530,2,0,0,28.39
262707,58.41,60.0,59.1,61.0,0,0,18.88,19.42,37030,2,0,0,28.36
263213,58.39,60.0,59.1,61.0,0,0,18.98,19.44,37530,2,0,0,28.39
263719,58.34,60.0,59.1,61.0,0,0,19.09,19.44,38030,2,0,0,28.41
264226,58.37,60.0,59.1,61.0,0,0,19.11,19.44,38530,2,0,0,28.39
264733,58.37,60.0,59.1,61.0,0,0,19.11,19.43,39030,2,0,0,28.39
265239,58.37,60.0,59.1,61.0,0,0,18.94,19.42,39530,2,0,0,28.38
265745,58.36,60.0,59.1,61.0,0,0,19.28,19.42,40030,2,0,0,28.39
266251,58.36,60.0,59.1,61.0,0,0,19.28,19.43,40530,2,0,0,28.39
266757,58.33,60.0,59.1,61.0,0,0,19.13,19.42,41030,2,0,0,28.39
267263,58.35,60.0,59.1,61.0,0,0,18.66,19.42,41530,2,0,0,28.36
267769,58.35,60.0,59.1,61.0,0,0,18.66,19.4,42030,2,0,0,28.36
268275,58.35,60.0,59.1,61.0,0,0,18.66,19.4,42530,2,0,0,28.36
268781,58.35,60.0,59.1,61.0,0,0,19.13,19.42,43030,2,0,0,28.38
269287,58.35,60.0,59.1,61.0,0,0,19.13,19.42,43530,2,0,0,28.38
269793,58.35,60.0,59.1,61.0,0,0,19.78,19.39,44030,2,0,0,28.35
270299,58.37,60.0,59.1,61.0,0,0,19.61,19.42,44530,2,0,0,28.38
270805,58.37,60.0,59.1,61.0,0,0,19.61,19.42,45030,2,0,0,28.38
271311,58.35,60.0,59.1,61.0,0,0,19.52,19.43,45530,2,0,0,28.39
271817,58.38,60.0,59.1,61.0,0,0,19.56,19.43,46030,2,0,0,28.38
272323,58.4,60.0,59.1,61.0,0,0,19.74,19.43,46530,2,0,0,28.39
272829,58.4,60.0,59.1,61.0,0,0,19.74,19.44,47030,2,0,0,28.39
273335,58.4,60.0,59.1,61.0,0,0,19.74,19.44,47530,2,0,0,28.39
273841,58.37,60.0,59.1,61.0,0,0,19.61,19.42,48030,2,0,0,28.38
274347,58.36,60.0,59.1,61.0,0,0,19.74,19.42,48533,2,0,0,28.38
274853,58.36,60.0,59.1,61.0,0,0,19.74,19.42,49034,2,0,0,28.38
275359,58.37,60.0,59.1,61.0,0,0,19.76,19.42,49535,2,0,0,28.38
275865,58.37,60.0,59.1,61.0,0,0,19.76,19.42,50035,2,0,0,28.38
276371,58.39,60.0,59.1,61.0,0,0,20.02,19.41,50535,2,0,0,28.36
276877,58.38,60.0,59.1,61.0,0,0,20.04,19.41,51035,2,0,0,28.36
277383,58.44,60.0,59.1,61.0,0,0,20.08,19.41,51535,2,0,0,28.38
277889,58.44,60.0,59.1,61.0,0,0,20.08,19.44,52035,2,0,0,28.38
278395,58.44,60.0,59.1,61.0,0,0,20.08,19.44,52535,2,0,0,28.38
278901,58.45,60.0,59.1,61.0,0,0,20.15,19.44,53035,2,0,0,28.39
279407,58.45,60.0,59.1,61.0,0,0,20.15,19.46,53535,2,0,0,28.39
279913,58.45,60.0,59.1,61.0,0,0,20.15,19.46,54035,2,0,0,28.39
280419,58.44,60.0,59.1,61.0,0,0,20.25,19.46,54535,2,0,0,28.39
280925,58.44,60.0,59.1,61.0,0,0,20.25,19.45,55035,2,0,0,28.39
281431,58.44,60.0,59.1,61.0,0,0,20.25,19.45,55535,2,0,0,28.39
281937,58.5,60.0,59.1,61.0,0,0,20.23,19.46,56035,2,0,0,28.38
282443,58.5,60.0,59.1,61.0,0,0,20.04,19.46,56535,2,0,0,28.39
282949,58.5,60.0,59.1,61.0,0,0,20.04,19.47,57035,2,0,0,28.39
283455,58.51,60.0,59.1,61.0,0,0,19.72,19.45,57535,2,0,0,28.36
283961,58.53,60.0,59.1,61.0,0,0,20.38,19.45,58035,2,0,0,28.36
284477,58.54,60.0,59.1,61.0,0,0,20.53,19.45,58535,2,0,0,28.36
284984,58.54,60.0,59.1,61.0,0,0,20.53,19.45,59035,2,0,0,28.36
285490,58.58,60.0,59.1,61.0,0,0,20.62,19.45,59535,2,0,0,28.39
285996,58.59,60.0,59.1,61.0,0,0,20.53,19.49,60035,2,0,0,28.39
286502,58.59,60.0,59.1,61.0,0,0,20.53,19.5,60535,2,0,0,28.39
287008,58.59,60.0,59.1,61.0,0,0,20.69,19.5,61035,2,0,0,28.39
287514,58.59,60.0,59.1,61.0,0,0,20.69,19.5,61535,2,0,0,28.39
288020,58.63,60.0,59.1,61.0,0,0,20.77,19.5,62035,2,0,0,28.36
288526,58.6,60.0,59.1,61.0,0,0,20.75,19.48,62535,2,0,0,28.36
289032,58.6,60.0,59.1,61.0,0,0,20.75,19.47,63035,2,0,0,28.36
289538,58.69,60.0,59.1,61.0,0,0,21.18,19.47,63535,2,0,0,28.38
290044,58.67,60.0,59.1,61.0,0,0,20.86,19.51,64035,2,0,0,28.38
290550,58.69,60.0,59.1,61.0,0,0,20.92,19.5,64535,2,0,0,28.36
291056,58.69,60.0,59.1,61.0,0,0,20.92,19.49,65035,2,0,0,28.36
291562,58.69,60.0,59.1,61.0,0,0,20.92,19.49,65535,2,0,0,28.36
292068,58.76,60.0,59.1,61.0,0,0,20.99,19.49,66035,2,0,0,28.39
292574,58.71,60.0,59.1,61.0,0,0,20.99,19.54,66535,2,0,0,28.38
293080,58.76,60.0,59.1,61.0,0,0,21.03,19.52,67035,2,0,0,28.36
293586,58.76,60.0,59.1,61.0,0,0,21.03,19.51,67535,2,0,0,28.36
294092,58.82,60.0,59.1,61.0,0,0,21.12,19.51,68035,2,0,0,28.39
294598,58.82,60.0,59.1,61.0,0,0,21.12,19.56,68535,2,0,0,28.39
295104,58.82,60.0,59.1,61.0,0,0,21.12,19.56,69538,2,0,0,28.39
295610,58.83,60.0,59.1,61.0,0,0,21.1,19.56,70038,2,0,0,28.39
296116,58.83,60.0,59.1,61.0,0,0,21.1,19.56,70538,2,0,0,28.39
296622,58.85,60.0,59.1,61.0,0,0,21.57,19.55,71038,2,0,0,28.38
297128,58.9,60.0,59.1,61.0,0,0,21.25,19.57,71538,2,0,0,28.38
297634,58.9,60.0,59.1,61.0,0,0,21.25,19.57,72038,2,0,0,28.38
298140,58.9,60.0,59.1,61.0,0,0,21.25,19.57,72539,2,0,0,28.38
298646,58.93,60.0,59.1,61.0,0,0,21.25,19.59,73040,2,0,0,28.39
299152,58.93,60.0,59.1,61.0,0,0,21.25,19.59,73540,2,0,0,28.39
299658,58.97,60.0,59.1,61.0,0,0,21.14,19.6,74040,2,0,0,28.39
300164,58.97,60.0,59.1,61.0,0,0,21.14,19.6,74540,2,0,0,28.39
300670,59.01,60.0,59.1,61.0,0,0,21.46,19.61,75040,2,0,0,28.39
301176,58.98,60.0,59.1,61.0,0,0,21.46,19.59,75540,2,0,0,28.38
301682,59.05,60.0,59.1,61.0,0,0,21.57,19.58,76040,2,0,0,28.35
302188,59.05,60.0,59.1,61.0,0,0,21.57,19.58,76540,2,0,0,28.35
302694,59.04,60.0,59.1,61.0,0,0,21.59,19.61,77040,2,0,0,28.38
303200,59.1,60.0,59.1,61.0,1,0,21.66,19.61,0,2,0,0,28.36
303706,59.13,60.0,59.1,61.0,1,0,21.48,19.64,500,2,0,0,28.39
304212,59.14,60.0,59.1,61.0,1,0,21.14,19.64,1000,2,0,0,28.36
304718,59.14,60.0,59.1,61.0,1,0,21.14,19.62,1500,2,0,0,28.36
305224,59.13,60.0,59.1,61.0,1,0,21.53,19.64,2000,2,0,0,28.39
305730,59.13,60.0,59.1,61.0,1,0,21.53,19.64,2500,2,0,0,28.39
306236,59.2,60.0,59.1,61.0,1,0,21.61,19.66,3000,2,0,0,28.39
306742,59.25,60.0,59.1,61.0,1,0,21.38,19.66,3500,2,0,0,28.38
307248,59.22,60.0,59.1,61.0,1,0,21.74,19.66,4000,2,0,0,28.38
307755,59.22,60.0,59.1,61.0,1,0,21.74,19.66,4500,2,0,0,28.38
308261,59.26,60.0,59.1,61.0,1,0,21.44,19.67,5000,2,0,0,28.38
308767,59.28,60.0,59.1,61.0,1,0,21.48,19.66,5500,2,0,0,28.36
309273,59.28,60.0,59.1,61.0,1,0,21.48,19.66,6000,2,0,0,28.36
309779,59.28,60.0,59.1,61.0,1,0,21.48,19.66,6500,2,0,0,28.36
310285,59.36,60.0,59.1,61.0,1,0,21.44,19.69,7000,2,0,0,28.38
310792,59.36,60.0,59.1,61.0,1,0,21.44,19.69,7500,2,0,0,28.38
311299,59.36,60.0,59.1,61.0,1,0,21.44,19.69,8000,2,0,0,28.38
311805,59.42,60.0,59.1,61.0,1,0,21.29,19.69,8500,2,0,0,28.36
312311,59.47,60.0,59.1,61.0,1,0,21.12,19.74,9000,2,0,0,28.39
312817,59.46,60.0,59.1,61.0,1,0,21.31,19.73,9500,2,0,0,28.39
313323,59.46,60.0,59.1,61.0,1,0,21.31,19.73,10000,2,0,0,28.39
313829,59.46,60.0,59.1,61.0,1,0,21.31,19.73,10500,2,0,0,28.39
314335,59.5,60.0,59.1,61.0,1,0,20.84,19.72,11000,2,0,0,28.36
314841,59.5,60.0,59.1,61.0,1,0,20.84,19.72,11500,2,0,0,28.36
315347,59.55,60.0,59.1,61.0,1,0,20.19,19.72,12000,2,0,0,28.39
315853,59.55,60.0,59.1,61.0,1,0,20.19,19.76,12500,2,0,0,28.39
316359,59.58,60.0,59.1,61.0,1,0,20.49,19.76,13000,2,0,0,28.38
316865,59.62,60.0,59.1,61.0,1,0,20.45,19.75,13500,2,0,0,28.36
317371,59.62,60.0,59.1,61.0,1,0,20.45,19.75,14000,2,0,0,28.36
317878,59.62,60.0,59.1,61.0,1,0,20.45,19.75,14500,2,0,0,28.36
318385,59.71,60.0,59.1,61.0,1,0,20.23,19.75,15000,2,0,0,28.36
318891,59.71,60.0,59.1,61.0,1,0,20.23,19.77,15500,2,0,0,28.36
319397,59.7,60.0,59.1,61.0,1,0,20.06,19.77,16000,2,0,0,28.36
319903,59.76,60.0,59.1,61.0,1,0,20.02,19.77,16500,2,0,0,28.36
320409,59.78,60.0,59.1,61.0,1,0,19.91,19.79,17000,2,0,0,28.38
320915,59.78,60.0,59.1,61.0,1,0,19.91,19.81,17500,2,0,0,28.38
321421,59.83,60.0,59.1,61.0,1,0,19.74,19.83,18000,2,0,0,28.39
321927,59.83,60.0,59.1,61.0,1,0,19.72,19.82,18500,2,0,0,28.38
322433,59.88,60.0,59.1,61.0,1,0,19.65,19.82,19000,2,0,0,28.39
322946,59.95,60.0,59.1,61.0,1,0,19.59,19.85,19500,2,0,0,28.36
323453,59.95,60.0,59.1,61.0,1,0,19.59,19.84,20000,2,0,0,28.36
323959,59.95,60.0,59.1,61.0,1,0,19.59,19.84,20500,2,0,0,28.36
324465,59.97,60.0,59.1,61.0,1,0,19.22,19.86,21000,2,0,0,28.38
324971,59.97,60.0,59.1,61.0,1,0,19.22,19.86,21500,2,0,0,28.38
325477,60.08,60.0,59.1,61.0,1,0,19.2,19.86,22000,2,0,0,28.38
325983,60.08,60.0,59.1,61.0,1,0,19.2,19.89,22500,2,0,0,28.38
326489,60.13,60.0,59.1,61.0,1,0,19.05,19.89,23000,2,0,0,28.38
326995,60.18,60.0,59.1,61.0,1,0,18.9,19.9,23500,2,0,0,28.41
327501,60.18,60.0,59.1,61.0,1,0,18.9,19.94,24000,2,0,0,28.41
328007,60.19,60.0,59.1,61.0,1,0,18.79,19.94,24500,2,0,0,28.35
328513,60.24,60.0,59.1,61.0,1,0,18.75,19.89,25000,2,0,0,28.38
329019,60.24,60.0,59.1,61.0,1,0,18.75,19.93,25500,2,0,0,28.38
329525,60.25,60.0,59.1,61.0,1,0,18.55,19.93,26000,2,0,0,28.38
330031,60.25,60.0,59.1,61.0,1,0,18.55,19.93,26500,2,0,0,28.38
330538,60.25,60.0,59.1,61.0,1,0,18.55,19.93,27000,2,0,0,28.38
331045,60.3,60.0,59.1,61.0,1,0,18.1,19.93,27500,2,0,0,28.39
331551,60.36,60.0,59.1,61.0,1,0,18.21,19.96,28000,2,1,0,28.38
332057,60.36,60.0,59.1,61.0,1,0,18.21,19.96,28500,2,1,0,28.38
332563,60.35,60.0,59.1,61.0,1,0,18.14,19.96,29000,2,1,0,28.38
333069,60.35,60.0,59.1,61.0,1,0,18.14,19.96,29500,2,1,0,28.38
333575,60.35,60.0,59.1,61.0,1,0,18.14,19.96,30000,2,1,0,28.38
334081,60.35,60.0,59.1,61.0,1,0,18.14,19.96,30500,2,1,0,28.38
334587,60.4,60.0,59.1,61.0,1,0,17.8,19.96,31000,2,1,0,28.39
335093,60.41,60.0,59.1,61.0,1,0,17.78,19.99,31500,2,1,0,28.35
335599,60.41,60.0,59.1,61.0,1,0,17.78,19.95,32000,2,1,0,28.35
336105,60.41,60.0,59.1,61.0,1,0,17.86,19.95,32500,2,1,0,28.38
336611,60.41,60.0,59.1,61.0,1,0,17.86,19.98,33505,2,1,0,28.38
337117,60.41,60.0,59.1,61.0,1,0,17.65,19.98,34005,2,1,0,28.38
337623,60.4,60.0,59.1,61.0,1,0,17.3,19.97,34505,2,1,0,28.38
338129,60.4,60.0,59.1,61.0,1,0,17.3,19.97,35005,2,1,0,28.38
338635,60.41,60.0,59.1,61.0,1,0,17.35,19.98,35505,2,1,0,28.38
339141,60.34,60.0,59.1,61.0,1,0,17.22,19.94,36005,2,1,0,28.36
339647,60.34,60.0,59.1,61.0,1,0,17.22,19.94,36505,2,1,0,28.36
340153,60.34,60.0,59.1,61.0,1,0,17.22,19.94,37005,2,1,0,28.36
340659,60.33,60.0,59.1,61.0,1,0,17.2,19.95,37505,2,1,0,28.38
341165,60.33,60.0,59.1,61.0,1,0,17.2,19.95,38005,2,1,0,28.38
341671,60.31,60.0,59.1,61.0,1,0,16.89,19.95,38505,2,1,0,28.38
342177,60.26,60.0,59.1,61.0,1,0,16.87,19.94,39005,2,1,0,28.38
342683,60.26,60.0,59.1,61.0,1,0,16.87,19.94,39505,2,1,0,28.38
343189,60.22,60.0,59.1,61.0,0,0,16.68,19.9,0,2,1,0,28.35
343695,60.22,60.0,59.1,61.0,0,0,16.68,19.9,500,2,1,0,28.35
344201,60.19,60.0,59.1,61.0,0,0,16.55,19.9,1000,2,1,0,28.36
344707,60.19,60.0,59.1,61.0,0,0,16.55,19.9,1500,2,1,0,28.36
345213,60.16,60.0,59.1,61.0,0,0,16.33,19.9,2000,2,1,0,28.35
345720,60.16,60.0,59.1,61.0,0,0,16.33,19.88,2500,2,1,0,28.35
346226,60.06,60.0,59.1,61.0,0,0,16.35,19.87,3000,2,1,0,28.36
346732,60.0,60.0,59.1,61.0,0,0,16.25,19.84,3510,2,1,0,28.35
347238,60.0,60.0,59.1,61.0,0,0,16.25,19.84,4010,2,1,0,28.35
347744,60.0,60.0,59.1,61.0,0,0,16.25,19.84,4510,2,1,0,28.35
348250,60.0,60.0,59.1,61.0,0,0,16.25,19.84,5010,2,1,0,28.35
348756,59.94,60.0,59.1,61.0,0,0,16.35,19.83,5510,2,1,0,28.36
349262,59.87,60.0,59.1,61.0,0,0,16.22,19.8,6010,2,1,0,28.35
349768,59.82,60.0,59.1,61.0,0,0,16.2,19.82,6510,2,1,0,28.38
350274,59.82,60.0,59.1,61.0,0,0,16.2,19.82,7010,2,1,0,28.38
350780,59.73,60.0,59.1,61.0,0,0,16.29,19.76,7510,2,1,0,28.35
351286,59.7,60.0,59.1,61.0,0,0,16.29,19.76,8010,2,1,0,28.35
351792,59.7,60.0,59.1,61.0,0,0,16.29,19.76,8510,2,1,0,28.35
352298,59.68,60.0,59.1,61.0,0,0,16.44,19.76,9010,2,1,0,28.36
352804,59.68,60.0,59.1,61.0,0,0,16.44,19.76,9510,2,1,0,28.36
353310,59.57,60.0,59.1,61.0,0,0,16.48,19.75,10010,2,1,0,28.38
353816,59.53,60.0,59.1,61.0,0,0,16.44,19.74,10510,2,1,0,28.38
354322,59.49,60.0,59.1,61.0,0,0,16.51,19.7,11010,2,1,0,28.35
354828,59.49,60.0,59.1,61.0,0,0,16.51,19.7,11511,2,1,0,28.35
355334,59.4,60.0,59.1,61.0,0,0,16.25,19.68,12012,2,1,0,28.35
355840,59.4,60.0,59.1,61.0,0,0,16.25,19.68,12512,2,1,0,28.35
356346,59.32,60.0,59.1,61.0,0,0,16.55,19.67,13012,2,1,0,28.36
356852,59.32,60.0,59.1,61.0,0,0,16.55,19.67,13512,2,1,0,28.36
357358,59.27,60.0,59.1,61.0,0,0,16.66,19.65,14012,2,1,0,28.36
357878,59.19,60.0,59.1,61.0,0,0,16.72,19.65,14512,2,1,0,28.35
358385,59.19,60.0,59.1,61.0,0,0,16.72,19.62,15012,2,1,0,28.35
358891,59.11,60.0,59.1,61.0,0,0,16.79,19.62,15512,2,1,0,28.35
359397,59.07,60.0,59.1,61.0,0,0,16.96,19.6,16012,2,1,0,28.36
359903,59.07,60.0,59.1,61.0,0,0,16.96,19.6,16512,2,1,0,28.36
360409,59.02,60.0,59.1,61.0,0,0,16.89,19.6,17012,2,1,0,28.34
360915,59.02,60.0,59.1,61.0,0,0,16.89,19.56,17512,2,1,0,28.34
361421,59.02,60.0,59.1,61.0,0,0,16.89,19.56,18012,2,1,0,28.34
361928,58.87,60.0,59.1,61.0,0,0,17.02,19.56,18512,2,1,0,28.35
362434,58.87,60.0,59.1,61.0,0,0,17.02,19.53,19012,2,1,0,28.35
362940,58.81,60.0,59.1,61.0,0,0,17.22,19.53,19512,2,1,0,28.36
363446,58.81,60.0,59.1,61.0,0,0,17.22,19.53,20012,2,1,0,28.36
363952,58.75,60.0,59.1,61.0,0,0,17.22,19.53,20512,2,1,0,28.35
364458,58.66,60.0,59.1,61.0,0,0,17.43,19.5,21012,2,1,0,28.34
364964,58.66,60.0,59.1,61.0,0,0,17.43,19.46,21512,2,1,0,28.34
365470,58.65,60.0,59.1,61.0,0,0,17.39,19.46,22012,2,1,0,28.34
365977,58.57,60.0,59.1,61.0,0,0,17.54,19.46,22512,2,1,0,28.35
366484,58.57,60.0,59.1,61.0,0,0,17.54,19.45,23012,2,1,0,28.35
366990,58.48,60.0,59.1,61.0,0,0,17.65,19.45,23512,2,1,0,28.32
367496,58.53,60.0,59.1,61.0,0,0,17.67,19.4,24012,2,1,0,28.35
368002,58.53,60.0,59.1,61.0,0,0,17.67,19.44,24512,2,1,0,28.35
368508,58.41,60.0,59.1,61.0,0,0,17.65,19.41,25012,2,1,0,28.35
369014,58.39,60.0,59.1,61.0,0,0,17.8,19.41,25512,2,1,0,28.35
369520,58.39,60.0,59.1,61.0,0,0,17.8,19.4,26012,2,1,0,28.35
370026,58.39,60.0,59.1,61.0,0,0,17.8,19.4,26512,2,1,0,28.35
370532,58.32,60.0,59.1,61.0,0,0,17.93,19.4,27012,2,1,0,28.36
371038,58.32,60.0,59.1,61.0,0,0,17.93,19.39,27512,2,0,0,28.36
371544,58.32,60.0,59.1,61.0,0,0,17.93,19.39,28012,2,0,0,28.36
372050,58.28,60.0,59.1,61.0,0,0,17.97,19.39,28512,2,0,0,28.34
372556,58.24,60.0,59.1,61.0,0,0,18.01,19.36,29012,2,0,0,28.32
373062,58.24,60.0,59.1,61.0,0,0,18.01,19.33,29512,2,0,0,28.32
373568,58.18,60.0,59.1,61.0,0,0,17.41,19.34,30012,2,1,0,28.35
374074,58.16,60.0,59.1,61.0,0,0,18.29,19.34,30512,2,1,0,28.32
374580,58.13,60.0,59.1,61.0,0,0,18.21,19.31,31012,2,0,0,28.35
375086,58.08,60.0,59.1,61.0,0,0,18.51,19.33,31512,2,0,0,28.35
375592,58.08,60.0,59.1,61.0,0,0,18.51,19.31,32012,2,0,0,28.35
376098,58.08,60.0,59.1,61.0,0,0,18.38,19.31,32512,2,0,0,28.36
376604,58.04,60.0,59.1,61.0,0,0,18.44,19.33,33012,2,0,0,28.35
377110,58.04,60.0,59.1,61.0,0,0,18.44,19.3,33512,2,0,0,28.35
377616,58.03,60.0,59.1,61.0,0,0,18.57,19.3,34012,2,0,0,28.35
378122,58.03,60.0,59.1,61.0,0,0,18.57,19.3,34512,2,0,0,28.35
378628,58.02,60.0,59.1,61.0,0,0,18.66,19.28,35517,2,0,0,28.34
379134,57.98,60.0,59.1,61.0,0,0,18.83,19.29,36017,2,0,0,28.35
379640,57.98,60.0,59.1,61.0,0,0,18.83,19.29,36517,2,0,0,28.35
380146,57.94,60.0,59.1,61.0,0,0,18.85,19.26,37017,2,0,0,28.34
380652,57.94,60.0,59.1,61.0,0,0,18.85,19.26,37517,2,0,0,28.34
381158,57.94,60.0,59.1,61.0,0,0,18.85,19.26,38017,2,0,0,28.34
381664,57.93,60.0,59.1,61.0,0,0,18.75,19.27,38517,2,0,0,28.35
382170,57.94,60.0,59.1,61.0,0,0,18.92,19.3,39017,2,0,0,28.38
382676,57.94,60.0,59.1,61.0,0,0,18.92,19.3,39517,2,0,0,28.38
383182,57.94,60.0,59.1,61.0,0,0,18.92,19.26,40017,2,0,0,28.34
383689,57.93,60.0,59.1,61.0,0,0,18.66,19.26,40517,2,0,0,28.35
384196,57.93,60.0,59.1,61.0,0,0,18.66,19.27,41017,2,0,0,28.35
384702,57.95,60.0,59.1,61.0,0,0,18.96,19.27,41517,2,0,0,28.34
385208,57.95,60.0,59.1,61.0,0,0,18.96,19.27,42017,2,0,0,28.34
385714,57.89,60.0,59.1,61.0,0,0,19.2,19.24,42517,2,0,0,28.32
386220,57.89,60.0,59.1,61.0,0,0,19.2,19.24,43017,2,0,0,28.32
386726,57.92,60.0,59.1,61.0,0,0,19.28,19.24,43517,2,0,0,28.32
387232,57.9,60.0,59.1,61.0,0,0,19.0,19.24,44017,2,0,0,28.34
387738,57.9,60.0,59.1,61.0,0,0,19.0,19.25,44517,2,0,0,28.34
388244,57.93,60.0,59.1,61.0,0,0,19.46,19.25,45017,2,0,0,28.35
388750,57.93,60.0,59.1,61.0,0,0,19.46,19.27,45517,2,0,0,28.35
389256,57.92,60.0,59.1,61.0,0,0,19.63,19.26,46017,2,0,0,28.34
389762,57.9,60.0,59.1,61.0,0,0,19.35,19.25,46517,2,0,0,28.34
390268,57.9,60.0,59.1,61.0,0,0,19.35,19.25,47017,2,0,0,28.34
390774,57.9,60.0,59.1,61.0,0,0,19.61,19.24,47517,2,0,0,28.32
391280,57.9,60.0,59.1,61.0,0,0,19.61,19.24,48017,2,0,0,28.32
391786,57.94,60.0,59.1,61.0,0,0,19.54,19.26,48517,2,0,0,28.34
392292,57.88,60.0,59.1,61.0,0,0,19.84,19.26,49017,2,0,0,28.35
392798,57.88,60.0,59.1,61.0,0,0,19.84,19.26,49517,2,0,0,28.35
393304,57.94,60.0,59.1,61.0,0,0,19.74,19.26,50017,2,0,0,28.34
393810,57.94,60.0,59.1,61.0,0,0,19.74,19.26,50517,2,0,0,28.34
394316,57.97,60.0,59.1,61.0,0,0,19.8,19.26,51017,2,0,0,28.35
394822,57.97,60.0,59.1,61.0,0,0,19.8,19.28,51517,2,0,0,28.35
395328,57.97,60.0,59.1,61.0,0,0,19.87,19.27,52017,2,0,0,28.34
395835,57.97,60.0,59.1,61.0,0,0,19.87,19.27,52517,2,0,0,28.34
396342,57.99,60.0,59.1,61.0,0,0,19.65,19.28,53017,2,0,0,28.34
396848,57.99,60.0,59.1,61.0,0,0,19.65,19.28,53517,2,0,0,28.34
397354,57.99,60.0,59.1,61.0,0,0,20.17,19.3,54017,2,0,0,28.36
397860,58.04,60.0,59.1,61.0,0,0,20.12,19.3,54517,2,0,0,28.34
398366,58.04,60.0,59.1,61.0,0,0,20.12,19.29,55017,2,0,0,28.34
398872,58.02,60.0,59.1,61.0,0,0,20.02,19.28,55517,2,0,0,28.34
399378,58.03,60.0,59.1,61.0,0,0,20.08,19.28,56017,2,0,0,28.34
399899,58.05,60.0,59.1,61.0,0,0,20.21,19.29,56517,2,0,0,28.34
400406,58.05,60.0,59.1,61.0,0,0,20.21,19.29,57017,2,0,0,28.34
400912,58.05,60.0,59.1,61.0,0,0,20.21,19.29,57517,2,0,0,28.34
401418,58.05,60.0,59.1,61.0,0,0,20.21,19.29,58017,2,0,0,28.34
401924,58.08,60.0,59.1,61.0,0,0,20.45,19.31,58517,2,0,0,28.35
402430,58.09,60.0,59.1,61.0,0,0,20.25,19.31,59017,2,0,0,28.32
402936,58.09,60.0,59.1,61.0,0,0,20.25,19.29,59517,2,0,0,28.32
403442,58.1,60.0,59.1,61.0,0,0,20.25,19.32,60017,2,0,0,28.35
403948,58.11,60.0,59.1,61.0,0,0,20.64,19.32,60517,2,0,0,28.36
404454,58.15,60.0,59.1,61.0,0,0,20.25,19.33,61017,2,0,0,28.38
404960,58.15,60.0,59.1,61.0,0,0,20.25,19.36,61517,2,0,0,28.38
405466,58.19,60.0,59.1,61.0,0,0,20.4,19.36,62017,2,0,0,28.36
405972,58.2,60.0,59.1,61.0,0,0,20.4,19.36,62517,2,0,0,28.36
406478,58.2,60.0,59.1,61.0,0,0,20.4,19.36,63017,2,0,0,28.36
406984,58.2,60.0,59.1,61.0,0,0,20.4,19.36,63517,2,0,0,28.36
407490,58.24,60.0,59.1,61.0,0,0,20.66,19.36,64017,2,0,0,28.36
407997,58.24,60.0,59.1,61.0,0,0,20.66,19.37,64517,2,0,0,28.36
408504,58.24,60.0,59.1,61.0,0,0,20.66,19.37,65017,2,0,0,28.36
409010,58.25,60.0,59.1,61.0,0,0,20.69,19.37,65517,2,0,0,28.34
409516,58.29,60.0,59.1,61.0,0,0,20.64,19.35,66017,2,0,0,28.34
410022,58.29,60.0,59.1,61.0,0,0,20.88,19.36,66517,2,0,0,28.34
410528,58.29,60.0,59.1,61.0,0,0,20.88,19.36,67017,2,0,0,28.34
411034,58.32,60.0,59.1,61.0,0,0,20.77,19.36,67517,2,0,0,28.32
411540,58.33,60.0,59.1,61.0,0,0,20.88,19.36,68017,2,0,0,28.35
412063,58.39,60.0,59.1,61.0,0,0,20.79,19.38,68517,2,0,0,28.34
412570,58.39,60.0,59.1,61.0,0,0,20.79,19.39,69017,2,0,0,28.34
413076,58.35,60.0,59.1,61.0,0,0,21.01,19.39,69517,2,0,0,28.34
413582,58.41,60.0,59.1,61.0,0,0,20.84,19.38,70017,2,0,0,28.32
414088,58.41,60.0,59.1,61.0,0,0,20.84,19.38,70517,2,0,0,28.32
414594,58.46,60.0,59.1,61.0,0,0,21.01,19.38,71017,2,0,0,28.34
415100,58.46,60.0,59.1,61.0,0,0,21.01,19.41,71517,2,0,0,28.34
415620,58.52,60.0,59.1,61.0,0,0,21.05,19.41,72017,2,0,0,28.34
416127,58.52,60.0,59.1,61.0,0,0,21.05,19.42,72520,2,0,0,28.34
416633,58.52,60.0,59.1,61.0,0,0,21.05,19.42,73522,2,0,0,28.34
417139,58.55,60.0,59.1,61.0,0,0,21.1,19.46,74022,2,0,0,28.36
417645,58.57,60.0,59.1,61.0,0,0,21.18,19.44,74522,2,0,0,28.34
418151,58.54,60.0,59.1,61.0,0,0,21.35,19.43,75022,2,0,0,28.34
418657,58.62,60.0,59.1,61.0,0,0,21.12,19.44,75522,2,0,0,28.32
419163,58.62,60.0,59.1,61.0,0,0,21.12,19.44,76022,2,0,0,28.32
419669,58.65,60.0,59.1,61.0,0,0,21.64,19.47,76522,2,0,0,28.35
420175,58.65,60.0,59.1,61.0,0,0,21.64,19.47,77022,2,0,0,28.35
420681,58.64,60.0,59.1,61.0,0,0,21.38,19.47,77522,2,0,0,28.35
421187,58.68,60.0,59.1,61.0,0,0,21.46,19.46,78022,2,0,0,28.32
421693,58.68,60.0,59.1,61.0,0,0,21.46,19.46,78522,2,0,0,28.32
422199,58.69,60.0,59.1,61.0,0,0,21.29,19.48,79022,2,0,0,28.35
422705,58.69,60.0,59.1,61.0,0,0,21.29,19.48,79526,2,0,0,28.35
423211,58.72,60.0,59.1,61.0,0,0,21.25,19.48,80027,2,0,0,28.34
423718,58.72,60.0,59.1,61.0,0,0,21.25,19.48,80527,2,0,0,28.34
424224,58.72,60.0,59.1,61.0,0,0,21.25,19.48,81027,2,0,0,28.34
424730,58.79,60.0,59.1,61.0,0,0,21.55,19.5,81527,2,0,0,28.34
425236,58.79,60.0,59.1,61.0,0,0,21.55,19.5,82027,2,0,0,28.34
425742,58.79,60.0,59.1,61.0,0,0,21.55,19.5,82527,2,0,0,28.34
426248,58.84,60.0,59.1,61.0,0,0,21.61,19.5,83027,2,0,0,28.34
426763,58.93,60.0,59.1,61.0,0,0,21.57,19.51,83527,2,0,0,28.34
427270,58.93,60.0,59.1,61.0,0,0,21.57,19.54,84027,2,0,0,28.34
427776,58.95,60.0,59.1,61.0,0,0,21.51,19.53,84527,2,0,0,28.32
428282,58.95,60.0,59.1,61.0,0,0,21.51,19.53,85027,2,0,0,28.32
428788,59.0,60.0,59.1,61.0,0,0,21.83,19.56,85527,2,0,0,28.34
429294,59.0,60.0,59.1,61.0,0,0,21.83,19.56,86027,2,0,0,28.34
429800,59.02,60.0,59.1,61.0,0,0,21.81,19.56,86527,2,0,0,28.35
430307,59.02,60.0,59.1,61.0,0,0,21.81,19.57,87027,2,0,0,28.35
430813,59.02,60.0,59.1,61.0,0,0,21.7,19.57,87527,2,0,0,28.35
431319,59.12,60.0,59.1,61.0,0,0,21.77,19.57,88027,2,0,0,28.35
431825,59.12,60.0,59.1,61.0,1,0,21.77,19.6,0,2,0,0,28.35
432331,59.12,60.0,59.1,61.0,1,0,21.77,19.6,500,2,0,0,28.35
432837,59.12,60.0,59.1,61.0,1,0,21.77,19.6,1000,2,0,0,28.35
433343,59.15,60.0,59.1,61.0,1,0,22.0,19.58,1500,2,0,0,28.32
433849,59.19,60.0,59.1,61.0,1,0,21.77,19.61,2000,2,0,0,28.34
434355,59.19,60.0,59.1,61.0,1,0,21.77,19.61,2500,2,0,0,28.34
434861,59.18,60.0,59.1,61.0,1,0,21.94,19.62,3000,2,0,0,28.35
435367,59.18,60.0,59.1,61.0,1,0,21.94,19.62,3500,2,0,0,28.35
435873,59.24,60.0,59.1,61.0,1,0,21.81,19.62,4000,2,0,0,28.34
436379,59.24,60.0,59.1,61.0,1,0,21.81,19.62,4500,2,0,0,28.34
436885,59.24,60.0,59.1,61.0,1,0,21.81,19.62,5000,2,0,0,28.34
437391,59.31,60.0,59.1,61.0,1,0,21.72,19.65,5500,2,0,0,28.35
437897,59.31,60.0,59.1,61.0,1,0,21.72,19.65,6000,2,0,0,28.35
438403,59.34,60.0,59.1,61.0,1,0,21.61,19.65,6500,2,0,0,28.34
438909,59.34,60.0,59.1,61.0,1,0,21.61,19.65,7000,2,0,0,28.34
439415,59.43,60.0,59.1,61.0,1,0,21.61,19.65,7500,2,0,0,28.35
439921,59.43,60.0,59.1,61.0,1,0,21.61,19.68,8000,2,0,0,28.35
440427,59.43,60.0,59.1,61.0,1,0,21.61,19.68,8500,2,0,0,28.35
440933,59.43,60.0,59.1,61.0,1,0,21.61,19.68,9000,2,0,0,28.35
441439,59.43,60.0,59.1,61.0,1,0,21.61,19.68,9500,2,0,0,28.35
441945,59.53,60.0,59.1,61.0,1,0,21.1,19.68,10000,2,0,0,28.36
442451,59.53,60.0,59.1,61.0,1,0,21.1,19.72,10500,2,0,0,28.36
442957,59.61,60.0,59.1,61.0,1,0,21.18,19.73,11000,2,0,0,28.35
443463,59.61,60.0,59.1,61.0,1,0,21.18,19.73,11500,2,0,0,28.35
443969,59.65,60.0,59.1,61.0,1,0,20.86,19.73,12000,2,0,0,28.34
444475,59.65,60.0,59.1,61.0,1,0,20.86,19.73,12500,2,0,0,28.34
444981,59.71,60.0,59.1,61.0,1,0,20.71,19.73,13000,2,0,0,28.34
445487,59.72,60.0,59.1,61.0,1,0,20.77,19.75,13500,2,0,0,28.34
445993,59.72,60.0,59.1,61.0,1,0,20.43,19.75,14000,2,0,0,28.34
446499,59.72,60.0,59.1,61.0,1,0,20.43,19.75,14500,2,0,0,28.34
447005,59.8,60.0,59.1,61.0,1,0,20.38,19.75,15000,2,0,0,28.32
447511,59.83,60.0,59.1,61.0,1,0,20.53,19.76,15500,2,0,0,28.36
448017,59.83,60.0,59.1,61.0,1,0,20.53,19.8,16000,2,0,0,28.36
448527,59.91,60.0,59.1,61.0,1,0,20.1,19.8,16500,2,0,0,28.34
449034,59.91,60.0,59.1,61.0,1,0,20.1,19.8,17000,2,0,0,28.34
449540,59.98,60.0,59.1,61.0,1,0,20.06,19.8,17500,2,0,0,28.34
450046,59.98,60.0,59.1,61.0,1,0,20.06,19.82,18000,2,0,0,28.34
450552,60.01,60.0,59.1,61.0,1,0,20.0,19.84,18500,2,0,0,28.35
451058,60.06,60.0,59.1,61.0,1,0,19.82,19.84,19000,2,0,0,28.32
451564,60.11,60.0,59.1,61.0,1,0,19.89,19.83,19500,2,0,0,28.34
452070,60.11,60.0,59.1,61.0,1,0,19.89,19.85,20000,2,0,0,28.34
452576,60.16,60.0,59.1,61.0,1,0,20.04,19.85,20500,2,0,0,28.35
453085,60.2,60.0,59.1,61.0,1,0,19.39,19.88,21000,2,0,0,28.32
453592,60.2,60.0,59.1,61.0,1,0,19.39,19.87,21500,2,0,0,28.32
454098,60.22,60.0,59.1,61.0,1,0,19.39,19.87,22000,2,0,0,28.35
454604,60.22,60.0,59.1,61.0,1,0,19.39,19.9,22500,2,0,0,28.35
455110,60.22,60.0,59.1,61.0,1,0,19.39,19.9,23000,2,0,0,28.35
455616,60.3,60.0,59.1,61.0,1,0,19.13,19.9,23500,2,0,0,28.32
456122,60.3,60.0,59.1,61.0,1,0,19.13,19.89,24000,2,0,0,28.32
456628,60.39,60.0,59.1,61.0,1,0,18.83,19.89,24500,2,0,0,28.34
457134,60.39,60.0,59.1,61.0,1,0,18.83,19.93,25000,2,0,0,28.34
457640,60.47,60.0,59.1,61.0,1,0,18.44,19.96,26002,2,1,0,28.35
458146,60.47,60.0,59.1,61.0,1,0,18.68,19.95,26502,2,0,0,28.34
458652,60.47,60.0,59.1,61.0,1,0,18.68,19.95,27002,2,0,0,28.34
459158,60.49,60.0,59.1,61.0,1,0,18.47,19.94,27502,2,0,0,28.32
459664,60.49,60.0,59.1,61.0,1,0,18.47,19.94,28002,2,0,0,28.32
460171,60.49,60.0,59.1,61.0,1,0,18.47,19.94,28502,2,0,0,28.32
460678,60.51,60.0,59.1,61.0,1,0,18.36,19.95,29002,2,1,0,28.32
461184,60.54,60.0,59.1,61.0,1,0,18.21,19.94,29502,2,1,0,28.31
461690,60.54,60.0,59.1,61.0,1,0,17.95,19.97,30002,2,1,0,28.34
462196,60.54,60.0,59.1,61.0,1,0,17.95,19.97,30502,2,1,0,28.34
462702,60.55,60.0,59.1,61.0,1,0,17.99,19.96,31002,2,1,0,28.32
463208,60.54,60.0,59.1,61.0,1,0,17.76,19.96,31502,2,1,0,28.32
463714,60.51,60.0,59.1,61.0,1,0,17.88,19.97,32002,2,1,0,28.35
464220,60.51,60.0,59.1,61.0,1,0,17.88,19.97,32506,2,1,0,28.35
464726,60.54,60.0,59.1,61.0,1,0,17.48,19.96,33006,2,1,0,28.32
465232,60.54,60.0,59.1,61.0,1,0,17.56,19.97,33508,2,1,0,28.34
465738,60.54,60.0,59.1,61.0,1,0,17.56,19.97,34008,2,1,0,28.34
466244,60.52,60.0,59.1,61.0,1,0,17.5,19.96,34508,2,1,0,28.34
466750,60.52,60.0,59.1,61.0,1,0,17.43,19.95,35008,2,1,0,28.32
467256,60.52,60.0,59.1,61.0,1,0,17.43,19.95,35508,2,1,0,28.32
467762,60.52,60.0,59.1,61.0,1,0,17.43,19.95,36008,2,1,0,28.32
468268,60.5,60.0,59.1,61.0,1,0,17.24,19.95,36508,2,1,0,28.31
468775,60.5,60.0,59.1,61.0,1,0,17.24,19.93,37008,2,1,0,28.31
469281,60.5,60.0,59.1,61.0,1,0,17.24,19.93,37508,2,1,0,28.31
469787,60.4,60.0,59.1,61.0,1,0,17.04,19.92,38008,2,1,0,28.32
470293,60.37,60.0,59.1,61.0,1,0,16.92,19.92,38508,2,1,0,28.34
470799,60.37,60.0,59.1,61.0,1,0,16.14,19.92,39008,2,1,0,28.34
471305,60.37,60.0,59.1,61.0,1,0,16.14,19.92,39509,2,1,0,28.34
471811,60.37,60.0,59.1,61.0,0,0,16.14,19.92,0,2,1,0,28.34
472317,60.37,60.0,59.1,61.0,0,0,16.14,19.92,500,2,1,0,28.34
472823,60.28,60.0,59.1,61.0,0,0,16.57,19.92,1000,2,1,0,28.32
473329,60.23,60.0,59.1,61.0,0,0,16.2,19.89,1500,2,1,0,28.34
473835,60.23,60.0,59.1,61.0,0,0,16.2,19.89,2000,2,1,0,28.34
474341,60.23,60.0,59.1,61.0,0,0,16.2,19.89,2500,2,1,0,28.34
474847,60.13,60.0,59.1,61.0,0,0,16.2,19.89,3000,2,1,0,28.32
475356,60.13,60.0,59.1,61.0,0,0,16.2,19.85,3500,2,1,0,28.32
475863,60.11,60.0,59.1,61.0,0,0,16.4,19.83,4000,2,1,0,28.31
476369,60.11,60.0,59.1,61.0,0,0,16.4,19.83,4500,2,1,0,28.31
476875,60.03,60.0,59.1,61.0,0,0,16.29,19.81,5001,2,1,0,28.31
477381,60.03,60.0,59.1,61.0,0,0,16.29,19.81,5501,2,1,0,28.31
477887,59.93,60.0,59.1,61.0,0,0,16.22,19.79,6001,2,1,0,28.32
478393,59.88,60.0,59.1,61.0,0,0,16.38,19.79,6501,2,1,0,28.34
478899,59.84,60.0,59.1,61.0,0,0,16.29,19.79,7001,2,1,0,28.29
479408,59.84,60.0,59.1,61.0,0,0,16.29,19.74,7501,2,1,0,28.29
479914,59.84,60.0,59.1,61.0,0,0,16.29,19.74,8001,2,1,0,28.29
480420,59.84,60.0,59.1,61.0,0,0,16.29,19.74,8501,2,1,0,28.29
480926,59.84,60.0,59.1,61.0,0,0,16.29,19.74,9001,2,1,0,28.29
481432,59.67,60.0,59.1,61.0,0,0,16.46,19.72,9501,2,1,0,28.32
481938,59.6,60.0,59.1,61.0,0,0,16.51,19.72,10001,2,1,0,28.34
482453,59.49,60.0,59.1,61.0,0,0,16.44,19.72,10503,2,1,0,28.29
482960,59.49,60.0,59.1,61.0,0,0,16.44,19.65,11003,2,1,0,28.29
483466,59.45,60.0,59.1,61.0,0,0,16.68,19.65,11503,2,1,0,28.31
483972,59.42,60.0,59.1,61.0,0,0,16.51,19.64,12008,2,1,0,28.31
484478,59.31,60.0,59.1,61.0,0,0,16.66,19.64,12508,2,1,0,28.28
484984,59.31,60.0,59.1,61.0,0,0,16.66,19.58,13008,2,1,0,28.28
485490,59.28,60.0,59.1,61.0,0,0,16.76,19.58,13508,2,1,0,28.28
485996,59.28,60.0,59.1,61.0,0,0,16.76,19.58,14008,2,1,0,28.28
486502,59.19,60.0,59.1,61.0,0,0,17.02,19.58,14508,2,1,0,28.31
487008,59.11,60.0,59.1,61.0,0,0,16.83,19.58,15008,2,1,0,28.32
487514,59.11,60.0,59.1,61.0,0,0,16.83,19.57,15508,2,1,0,28.32
488020,59.05,60.0,59.1,61.0,0,0,16.96,19.54,16008,2,1,0,28.31
488526,59.05,60.0,59.1,61.0,0,0,16.96,19.54,16508,2,1,0,28.31
489032,58.93,60.0,59.1,61.0,0,0,16.98,19.54,17008,2,1,0,28.29
489538,58.93,60.0,59.1,61.0,0,0,16.98,19.49,17508,2,1,0,28.29
490044,58.88,60.0,59.1,61.0,0,0,17.0,19.49,18008,2,1,0,28.31
490551,58.88,60.0,59.1,61.0,0,0,17.0,19.49,18508,2,1,0,28.31
491058,58.79,60.0,59.1,61.0,0,0,17.17,19.49,19008,2,1,0,28.29
491564,58.79,60.0,59.1,61.0,0,0,17.17,19.45,19508,2,1,0,28.29
492070,58.72,60.0,59.1,61.0,0,0,17.13,19.42,20008,2,1,0,28.28
492576,58.68,60.0,59.1,61.0,0,0,17.28,19.42,20508,2,1,0,28.29
493082,58.63,60.0,59.1,61.0,0,0,17.28,19.42,21008,2,1,0,28.32
493588,58.63,60.0,59.1,61.0,0,0,17.28,19.44,21508,2,1,0,28.32
494094,58.55,60.0,59.1,61.0,0,0,17.5,19.44,22008,2,1,0,28.29
494600,58.5,60.0,59.1,61.0,0,0,17.56,19.39,22508,2,1,0,28.28
495119,58.45,60.0,59.1,61.0,0,0,17.15,19.36,23008,2,1,0,28.27
495626,58.45,60.0,59.1,61.0,0,0,17.15,19.34,23508,2,1,0,28.27
496132,58.38,60.0,59.1,61.0,0,0,17.54,19.34,24008,2,1,0,28.31
496638,58.35,60.0,59.1,61.0,0,0,17.54,19.36,24508,2,1,0,28.29
497144,58.35,60.0,59.1,61.0,0,0,17.54,19.34,25008,2,1,0,28.29
497650,58.32,60.0,59.1,61.0,0,0,17.78,19.34,25508,2,1,0,28.29
498156,58.27,60.0,59.1,61.0,0,0,17.71,19.33,26509,2,1,0,28.31
498662,58.27,60.0,59.1,61.0,0,0,17.71,19.33,27009,2,1,0,28.31
499168,58.27,60.0,59.1,61.0,0,0,17.71,19.33,27509,2,1,0,28.31
499674,58.18,60.0,59.1,61.0,0,0,18.08,19.29,28009,2,0,0,28.29
500180,58.18,60.0,59.1,61.0,0,0,18.08,19.29,28509,2,0,0,28.29
500686,58.18,60.0,59.1,61.0,0,0,18.08,19.29,29009,2,0,0,28.29
501192,58.13,60.0,59.1,61.0,0,0,18.06,19.27,29509,2,0,0,28.29
501698,58.08,60.0,59.1,61.0,0,0,18.23,19.25,30009,2,0,0,28.28
502204,58.08,60.0,59.1,61.0,0,0,18.23,19.25,30509,2,0,0,28.28
502710,58.08,60.0,59.1,61.0,0,0,18.34,19.28,31009,2,0,0,28.31
503216,58.08,60.0,59.1,61.0,0,0,18.34,19.28,31509,2,0,0,28.31
503722,58.0,60.0,59.1,61.0,0,0,18.21,19.24,32009,2,0,0,28.29
504228,58.0,60.0,59.1,61.0,0,0,18.21,19.24,32509,2,0,0,28.29
504734,58.0,60.0,59.1,61.0,0,0,18.21,19.24,33009,2,0,0,28.29
505240,57.98,60.0,59.1,61.0,0,0,18.4,19.23,33509,2,0,0,28.29
505746,57.98,60.0,59.1,61.0,0,0,18.4,19.23,34009,2,0,0,28.29
506252,57.98,60.0,59.1,61.0,0,0,18.4,19.23,34509,2,0,0,28.29
506758,57.92,60.0,59.1,61.0,0,0,18.47,19.22,35009,2,0,0,28.29
507264,57.92,60.0,59.1,61.0,0,0,18.47,19.22,35509,2,0,0,28.29
507770,57.92,60.0,59.1,61.0,0,0,18.51,19.22,36009,2,0,0,28.29
508276,57.87,60.0,59.1,61.0,0,0,18.53,19.22,36509,2,0,0,28.28
508782,57.87,60.0,59.1,61.0,0,0,18.53,19.19,37009,2,0,0,28.28
509288,57.86,60.0,59.1,61.0,0,0,18.57,19.2,37509,2,0,0,28.29
509794,57.86,60.0,59.1,61.0,0,0,18.88,19.2,38009,2,0,0,28.29
510300,57.86,60.0,59.1,61.0,0,0,18.88,19.2,38509,2,0,0,28.29
510806,57.86,60.0,59.1,61.0,0,0,18.88,19.2,39009,2,0,0,28.29
511312,57.85,60.0,59.1,61.0,0,0,18.79,19.21,39509,2,0,0,28.31
511818,57.85,60.0,59.1,61.0,0,0,18.79,19.21,40009,2,0,0,28.31
512324,57.83,60.0,59.1,61.0,0,0,18.9,19.17,40509,2,0,0,28.27
512830,57.82,60.0,59.1,61.0,0,0,18.9,19.19,41012,2,0,0,28.29
513336,57.82,60.0,59.1,61.0,0,0,19.05,19.19,41512,2,0,0,28.28
513855,57.84,60.0,59.1,61.0,0,0,18.75,19.18,42012,2,0,0,28.29
514362,57.84,60.0,59.1,61.0,0,0,18.75,19.19,42512,2,0,0,28.29
514868,57.86,60.0,59.1,61.0,0,0,19.09,19.19,43012,2,0,0,28.28
515374,57.86,60.0,59.1,61.0,0,0,19.09,19.19,43512,2,0,0,28.28
515880,57.81,60.0,59.1,61.0,0,0,19.11,19.19,44012,2,0,0,28.27
516386,57.81,60.0,59.1,61.0,0,0,19.11,19.16,44512,2,0,0,28.27
516892,57.81,60.0,59.1,61.0,0,0,19.11,19.16,45012,2,0,0,28.27
517398,57.83,60.0,59.1,61.0,0,0,19.16,19.16,45512,2,0,0,28.31
517904,57.83,60.0,59.1,61.0,0,0,19.16,19.2,46012,2,0,0,28.31
518410,57.86,60.0,59.1,61.0,0,0,18.85,19.2,46512,2,0,0,28.27
518916,57.86,60.0,59.1,61.0,0,0,18.85,19.17,47012,2,0,0,28.27
519422,57.86,60.0,59.1,61.0,0,0,18.85,19.17,47512,2,0,0,28.27
519928,57.86,60.0,59.1,61.0,0,0,18.85,19.17,48012,2,0,0,28.27
520434,57.82,60.0,59.1,61.0,0,0,19.52,19.17,48512,2,0,0,28.29
520940,57.82,60.0,59.1,61.0,0,0,19.52,19.19,49012,2,0,0,28.29
521446,57.82,60.0,59.1,61.0,0,0,19.52,19.19,49512,2,0,0,28.29
521952,57.88,60.0,59.1,61.0,0,0,19.54,19.19,50012,2,0,0,28.28
522458,57.88,60.0,59.1,61.0,0,0,19.54,19.19,50512,2,0,0,28.28
522964,57.88,60.0,59.1,61.0,0,0,19.54,19.19,51012,2,0,0,28.28
523472,57.87,60.0,59.1,61.0,0,0,19.65,19.19,51512,2,0,0,28.31
523979,57.87,60.0,59.1,61.0,0,0,19.65,19.22,52012,2,0,0,28.31
524485,57.89,60.0,59.1,61.0,0,0,19.65,19.2,52512,2,0,0,28.28
524991,57.89,60.0,59.1,61.0,0,0,19.65,19.2,53014,2,0,0,28.28
525497,57.92,60.0,59.1,61.0,0,0,19.05,19.19,53515,2,0,0,28.27
526003,57.92,60.0,59.1,61.0,0,0,19.05,19.19,54015,2,0,0,28.27
526509,57.92,60.0,59.1,61.0,0,0,19.39,19.2,54515,2,0,0,28.28
527015,57.98,60.0,59.1,61.0,0,0,19.56,19.2,55015,2,0,0,28.28
527521,57.98,60.0,59.1,61.0,0,0,19.56,19.22,55515,2,0,0,28.28
528027,57.95,60.0,59.1,61.0,0,0,19.93,19.22,56015,2,0,0,28.28
528533,57.95,60.0,59.1,61.0,0,0,19.93,19.21,56515,2,0,0,28.28
529039,58.02,60.0,59.1,61.0,0,0,20.4,19.21,57015,2,0,0,28.31
529545,58.04,60.0,59.1,61.0,0,0,20.17,19.26,57515,2,0,0,28.28
530051,58.04,60.0,59.1,61.0,0,0,20.17,19.24,58015,2,0,0,28.28
530557,58.03,60.0,59.1,61.0,0,0,20.25,19.23,58515,2,0,0,28.28
531063,58.03,60.0,59.1,61.0,0,0,20.25,19.23,59015,2,0,0,28.28
531569,58.03,60.0,59.1,61.0,0,0,20.25,19.23,59515,2,0,0,28.28
532075,58.06,60.0,59.1,61.0,0,0,20.28,19.23,60015,2,0,0,28.28
532581,58.06,60.0,59.1,61.0,0,0,20.28,19.24,60515,2,0,0,28.28
533087,58.06,60.0,59.1,61.0,0,0,20.28,19.24,61015,2,0,0,28.28
533593,58.12,60.0,59.1,61.0,0,0,20.32,19.24,61515,2,0,0,28.28
534099,58.12,60.0,59.1,61.0,0,0,20.32,19.26,62015,2,0,0,28.28
534605,58.16,60.0,59.1,61.0,0,0,20.97,19.26,62515,2,0,0,28.29
535111,58.16,60.0,59.1,61.0,0,0,20.97,19.28,63015,2,0,0,28.29
535617,58.16,60.0,59.1,61.0,0,0,20.97,19.28,63515,2,0,0,28.29
536123,58.16,60.0,59.1,61.0,0,0,20.97,19.28,64015,2,0,0,28.29
536629,58.19,60.0,59.1,61.0,0,0,20.53,19.29,64528,2,0,0,28.29
537135,58.19,60.0,59.1,61.0,0,0,20.53,19.29,65028,2,0,0,28.29
537641,58.23,60.0,59.1,61.0,0,0,20.69,19.29,65528,2,0,0,28.28
538147,58.23,60.0,59.1,61.0,0,0,20.69,19.29,66028,2,0,0,28.28
538653,58.24,60.0,59.1,61.0,0,0,20.86,19.29,66528,2,0,0,28.28
539159,58.25,60.0,59.1,61.0,0,0,20.73,19.29,67028,2,0,0,28.27
539665,58.25,60.0,59.1,61.0,0,0,20.73,19.28,67528,2,0,0,28.27
540171,58.29,60.0,59.1,61.0,0,0,20.69,19.28,68028,2,0,0,28.29
540677,58.29,60.0,59.1,61.0,0,0,20.69,19.32,69030,2,0,0,28.29
541183,58.34,60.0,59.1,61.0,0,0,20.62,19.33,69530,2,0,0,28.29
541689,58.34,60.0,59.1,61.0,0,0,20.62,19.33,70030,2,0,0,28.29
542195,58.34,60.0,59.1,61.0,0,0,20.62,19.33,70530,2,0,0,28.29
542701,58.39,60.0,59.1,61.0,0,0,20.71,19.33,71030,2,0,0,28.28
543207,58.39,60.0,59.1,61.0,0,0,20.71,19.33,71530,2,0,0,28.28
543713,58.43,60.0,59.1,61.0,0,0,20.81,19.34,72030,2,0,0,28.28
544219,58.43,60.0,59.1,61.0,0,0,20.81,19.34,72530,2,0,0,28.28
544725,58.43,60.0,59.1,61.0,0,0,20.81,19.34,73030,2,0,0,28.28
545231,58.5,60.0,59.1,61.0,0,0,20.9,19.36,73530,2,0,0,28.28
545737,58.5,60.0,59.1,61.0,0,0,20.9,19.36,74030,2,0,0,28.28
546243,58.5,60.0,59.1,61.0,0,0,20.9,19.36,74530,2,0,0,28.28
546749,58.52,60.0,59.1,61.0,0,0,21.25,19.36,75030,2,0,0,28.27
547255,58.59,60.0,59.1,61.0,0,0,21.07,19.4,75530,2,0,0,28.29
547761,58.6,60.0,59.1,61.0,0,0,20.99,19.39,76030,2,0,0,28.28
548269,58.6,60.0,59.1,61.0,0,0,20.99,19.39,76530,2,0,0,28.28
548776,58.62,60.0,59.1,61.0,0,0,21.07,19.4,77030,2,0,0,28.28
549282,58.66,60.0,59.1,61.0,0,0,21.25,19.42,77530,2,0,0,28.29
549788,58.69,60.0,59.1,61.0,0,0,21.35,19.41,78030,2,0,0,28.28
550294,58.71,60.0,59.1,61.0,0,0,21.16,19.42,78531,2,0,0,28.28
550800,58.71,60.0,59.1,61.0,0,0,21.14,19.42,79031,2,0,0,28.28
551306,58.71,60.0,59.1,61.0,0,0,21.14,19.42,79531,2,0,0,28.28
551812,58.71,60.0,59.1,61.0,0,0,21.14,19.42,80031,2,0,0,28.28
552318,58.71,60.0,59.1,61.0,0,0,21.14,19.42,80531,2,0,0,28.28
552824,58.78,60.0,59.1,61.0,0,0,21.22,19.44,81031,2,0,0,28.28
553330,58.86,60.0,59.1,61.0,0,0,21.33,19.44,81531,2,0,0,28.29
553836,58.86,60.0,59.1,61.0,0,0,21.33,19.47,82031,2,0,0,28.29
554342,58.86,60.0,59.1,61.0,0,0,21.4,19.45,82531,2,0,0,28.27
554848,58.86,60.0,59.1,61.0,0,0,21.4,19.45,83031,2,0,0,28.27
555354,58.87,60.0,59.1,61.0,0,0,21.33,19.46,83531,2,0,0,28.28
555860,58.87,60.0,59.1,61.0,0,0,21.33,19.46,84031,2,0,0,28.28
556366,58.9,60.0,59.1,61.0,0,0,21.77,19.48,84531,2,0,0,28.29
556872,58.97,60.0,59.1,61.0,0,0,21.44,19.48,85033,2,0,0,28.28
557378,58.97,60.0,59.1,61.0,0,0,21.44,19.49,85534,2,0,0,28.28
557884,58.97,60.0,59.1,61.0,0,0,21.44,19.49,86034,2,0,0,28.28
558390,59.01,60.0,59.1,61.0,0,0,20.94,19.52,86534,2,0,0,28.29
558896,59.01,60.0,59.1,61.0,0,0,20.94,19.52,87034,2,0,0,28.29
559402,59.03,60.0,59.1,61.0,0,0,21.61,19.5,87534,2,0,0,28.27
559908,59.03,60.0,59.1,61.0,0,0,21.61,19.5,88034,2,0,0,28.27
560414,59.11,60.0,59.1,61.0,1,0,21.55,19.54,0,2,0,0,28.29
560920,59.1,60.0,59.1,61.0,1,0,21.74,19.54,500,2,0,0,28.31
561426,59.1,60.0,59.1,61.0,1,0,21.74,19.55,1000,2,0,0,28.31
561932,59.15,60.0,59.1,61.0,1,0,21.74,19.53,1500,2,0,0,28.27
562438,59.18,60.0,59.1,61.0,1,0,21.77,19.53,2000,2,0,0,28.27
562944,59.18,60.0,59.1,61.0,1,0,21.77,19.54,2500,2,0,0,28.27
563450,59.18,60.0,59.1,61.0,1,0,21.77,19.54,3000,2,0,0,28.27
563956,59.24,60.0,59.1,61.0,1,0,21.72,19.57,3500,2,0,0,28.28
564463,59.24,60.0,59.1,61.0,1,0,21.72,19.57,4000,2,0,0,28.28
564970,59.31,60.0,59.1,61.0,1,0,21.59,19.58,4500,2,0,0,28.28
565476,59.33,60.0,59.1,61.0,1,0,21.57,19.58,5000,2,0,0,28.28
565982,59.33,60.0,59.1,61.0,1,0,21.57,19.59,5500,2,0,0,28.28
566488,59.33,60.0,59.1,61.0,1,0,21.38,19.59,6000,2,0,0,28.28
566994,59.33,60.0,59.1,61.0,1,0,21.38,19.59,6500,2,0,0,28.28
567500,59.38,60.0,59.1,61.0,1,0,21.48,19.6,7000,2,0,0,28.28
568006,59.42,60.0,59.1,61.0,1,0,21.7,19.6,7500,2,0,0,28.27
568515,59.42,60.0,59.1,61.0,1,0,21.7,19.6,8000,2,0,0,28.27
569021,59.42,60.0,59.1,61.0,1,0,21.7,19.6,8500,2,0,0,28.27
569527,59.42,60.0,59.1,61.0,1,0,21.7,19.6,9000,2,0,0,28.27
570033,59.53,60.0,59.1,61.0,1,0,21.18,19.64,9500,2,0,0,28.28
570539,59.53,60.0,59.1,61.0,1,0,20.99,19.64,10000,2,0,0,28.27
571045,59.53,60.0,59.1,61.0,1,0,20.99,19.63,10500,2,0,0,28.27
571551,59.63,60.0,59.1,61.0,1,0,20.79,19.67,11000,2,0,0,28.28
572057,59.64,60.0,59.1,61.0,1,0,20.66,19.67,11500,2,0,0,28.27
572563,59.64,60.0,59.1,61.0,1,0,20.66,19.66,12000,2,0,0,28.27
573069,59.69,60.0,59.1,61.0,1,0,20.69,19.66,12500,2,0,0,28.27
573575,59.7,60.0,59.1,61.0,1,0,20.77,19.67,13000,2,0,0,28.28
574081,59.73,60.0,59.1,61.0,1,0,20.47,19.69,13500,2,0,0,28.27
574587,59.73,60.0,59.1,61.0,1,0,20.47,19.68,14000,2,0,0,28.27
575093,59.73,60.0,59.1,61.0,1,0,20.47,19.68,14500,2,0,0,28.27
575599,59.78,60.0,59.1,61.0,1,0,20.28,19.68,15000,2,0,0,28.28
576105,59.78,60.0,59.1,61.0,1,0,20.28,19.71,15500,2,0,0,28.28
576611,59.87,60.0,59.1,61.0,1,0,19.82,19.71,16000,2,0,0,28.28
577117,59.87,60.0,59.1,61.0,1,0,19.82,19.74,16500,2,0,0,28.28
577623,59.87,60.0,59.1,61.0,1,0,19.82,19.74,17001,2,0,0,28.28
578129,59.92,60.0,59.1,61.0,1,0,19.95,19.74,17502,2,0,0,28.27
578635,60.01,60.0,59.1,61.0,1,0,19.89,19.74,18002,2,0,0,28.25
579141,60.01,60.0,59.1,61.0,1,0,19.89,19.74,18502,2,0,0,28.25
579648,60.06,60.0,59.1,61.0,1,0,19.56,19.74,19002,2,0,0,28.27
580155,60.06,60.0,59.1,61.0,1,0,19.56,19.77,19502,2,0,0,28.27
580661,60.09,60.0,59.1,61.0,1,0,19.5,19.77,20002,2,0,0,28.25
581167,60.09,60.0,59.1,61.0,1,0,19.5,19.77,20502,2,0,0,28.25
581673,60.15,60.0,59.1,61.0,1,0,18.9,19.77,21002,2,0,0,28.28
582179,60.15,60.0,59.1,61.0,1,0,18.9,19.81,21502,2,0,0,28.28
582685,60.18,60.0,59.1,61.0,1,0,18.81,19.81,22504,2,0,0,28.27
583191,60.27,60.0,59.1,61.0,1,0,19.0,19.83,23004,2,0,0,28.27
583697,60.27,60.0,59.1,61.0,1,0,19.0,19.83,23504,2,0,0,28.27
584203,60.3,60.0,59.1,61.0,1,0,19.13,19.82,24004,2,0,0,28.25
584709,60.31,60.0,59.1,61.0,1,0,18.77,19.83,24508,2,0,0,28.25
585215,60.31,60.0,59.1,61.0,1,0,18.77,19.83,25008,2,0,0,28.25
585721,60.36,60.0,59.1,61.0,1,0,18.66,19.85,25508,2,0,0,28.27
586227,60.37,60.0,59.1,61.0,1,0,18.68,19.87,26008,2,0,0,28.28
586733,60.37,60.0,59.1,61.0,1,0,18.68,19.87,26508,2,0,0,28.28
587239,60.42,60.0,59.1,61.0,1,0,18.38,19.87,27008,2,0,0,28.27
587756,60.43,60.0,59.1,61.0,1,0,18.42,19.87,27508,2,0,0,28.28
588263,60.43,60.0,59.1,61.0,1,0,18.42,19.89,28008,2,0,0,28.28
588769,60.41,60.0,59.1,61.0,1,0,18.29,19.84,28508,2,1,0,28.24
589275,60.45,60.0,59.1,61.0,1,0,18.08,19.89,29008,2,1,0,28.28
589781,60.45,60.0,59.1,61.0,1,0,18.08,19.89,29508,2,1,0,28.28
590287,60.4,60.0,59.1,61.0,1,0,18.01,19.89,30008,2,1,0,28.24
590793,60.4,60.0,59.1,61.0,1,0,18.01,19.84,30508,2,1,0,28.24
591300,60.4,60.0,59.1,61.0,1,0,18.01,19.84,31008,2,1,0,28.24
591807,60.4,60.0,59.1,61.0,1,0,18.01,19.84,31508,2,1,0,28.24
592313,60.42,60.0,59.1,61.0,1,0,17.84,19.82,32008,2,1,0,28.21
592819,60.42,60.0,59.1,61.0,1,0,17.63,19.84,32508,2,1,0,28.24
593325,60.42,60.0,59.1,61.0,1,0,17.63,19.84,33008,2,1,0,28.24
593831,60.4,60.0,59.1,61.0,1,0,17.41,19.82,33508,2,1,0,28.22
594337,60.4,60.0,59.1,61.0,1,0,17.41,19.82,34008,2,1,0,28.22
594845,60.37,60.0,59.1,61.0,1,0,17.26,19.82,34508,2,1,0,28.28
595352,60.37,60.0,59.1,61.0,1,0,17.26,19.87,35008,2,1,0,28.28
595858,60.39,60.0,59.1,61.0,1,0,17.32,19.85,35508,2,1,0,28.25
596364,60.39,60.0,59.1,61.0,1,0,17.32,19.85,36008,2,1,0,28.25
596870,60.32,60.0,59.1,61.0,1,0,17.11,19.84,36508,2,1,0,28.27
597376,60.3,60.0,59.1,61.0,1,0,16.92,19.84,37008,2,1,0,28.27
597882,60.28,60.0,59.1,61.0,1,0,16.98,19.83,37508,2,1,0,28.27
598388,60.28,60.0,59.1,61.0,1,0,16.98,19.83,38008,2,1,0,28.27
598894,60.28,60.0,59.1,61.0,1,0,16.98,19.83,38508,2,1,0,28.27
599400,60.18,60.0,59.1,61.0,1,0,16.74,19.78,39008,2,1,0,28.24
599906,60.15,60.0,59.1,61.0,1,0,16.59,19.78,39513,2,1,0,28.25
600412,60.15,60.0,59.1,61.0,0,0,16.59,19.78,0,2,1,0,28.25
600918,60.13,60.0,59.1,61.0,0,0,16.55,19.78,500,2,1,0,28.25
601424,60.09,60.0,59.1,61.0,0,0,17.11,19.78,1000,2,1,0,28.24
601930,60.09,60.0,59.1,61.0,0,0,17.11,19.75,1500,2,1,0,28.24
602436,60.09,60.0,59.1,61.0,0,0,17.11,19.75,2000,2,1,0,28.24
602942,59.93,60.0,59.1,61.0,0,0,16.63,19.72,2500,2,1,0,28.25
603448,59.88,60.0,59.1,61.0,0,0,16.18,19.72,3000,2,1,0,28.25
603954,59.88,60.0,59.1,61.0,0,0,16.18,19.71,3500,2,1,0,28.25
604460,59.87,60.0,59.1,61.0,0,0,16.1,19.7,4000,2,1,0,28.24
604966,59.78,60.0,59.1,61.0,0,0,16.14,19.67,4500,2,1,0,28.24
605472,59.73,60.0,59.1,61.0,0,0,16.07,19.67,5000,2,1,0,28.24
605978,59.73,60.0,59.1,61.0,0,0,16.07,19.66,5500,2,1,0,28.24
606484,59.73,60.0,59.1,61.0,0,0,16.07,19.66,6000,2,1,0,28.24
606991,59.73,60.0,59.1,61.0,0,0,16.07,19.66,6500,2,1,0,28.24
607498,59.6,60.0,59.1,61.0,0,0,15.92,19.62,7003,2,1,0,28.24
608004,59.48,60.0,59.1,61.0,0,0,16.1,19.62,7503,2,1,0,28.24
608510,59.48,60.0,59.1,61.0,0,0,16.22,19.59,8003,2,1,0,28.24
609016,59.46,60.0,59.1,61.0,0,0,16.16,19.59,8503,2,1,0,28.24
609522,59.46,60.0,59.1,61.0,0,0,16.16,19.58,9003,2,1,0,28.24
610028,59.46,60.0,59.1,61.0,0,0,16.16,19.58,9503,2,1,0,28.24
610534,59.46,60.0,59.1,61.0,0,0,16.16,19.58,10003,2,1,0,28.24
611040,59.27,60.0,59.1,61.0,0,0,16.29,19.58,10503,2,1,0,28.22
611546,59.27,60.0,59.1,61.0,0,0,16.29,19.52,11003,2,1,0,28.22
612052,59.17,60.0,59.1,61.0,0,0,16.31,19.52,11503,2,1,0,28.22
612558,59.17,60.0,59.1,61.0,0,0,16.31,19.49,12003,2,1,0,28.22
613064,59.07,60.0,59.1,61.0,0,0,15.58,19.49,12503,2,1,0,28.22
613570,59.07,60.0,59.1,61.0,0,0,15.58,19.47,13003,2,1,0,28.22
614076,59.07,60.0,59.1,61.0,0,0,15.58,19.47,13503,2,1,0,28.22
614582,58.95,60.0,59.1,61.0,0,0,16.59,19.45,14007,2,1,0,28.24
615088,58.91,60.0,59.1,61.0,0,0,16.53,19.45,14507,2,1,0,28.22
615595,58.81,60.0,59.1,61.0,0,0,16.59,19.42,15007,2,1,0,28.21
616102,58.81,60.0,59.1,61.0,0,0,16.59,19.38,15509,2,1,0,28.21
616608,58.76,60.0,59.1,61.0,0,0,16.72,19.38,16010,2,1,0,28.22
617114,58.72,60.0,59.1,61.0,0,0,16.83,19.38,16510,2,1,0,28.24
617620,58.72,60.0,59.1,61.0,0,0,16.83,19.38,17010,2,1,0,28.24
618126,58.66,60.0,59.1,61.0,0,0,16.89,19.38,17510,2,1,0,28.22
618632,58.55,60.0,59.1,61.0,0,0,16.85,19.36,18010,2,1,0,28.22
619138,58.53,60.0,59.1,61.0,0,0,16.92,19.33,18510,2,1,0,28.22
619644,58.5,60.0,59.1,61.0,0,0,16.89,19.32,19010,2,1,0,28.22
620150,58.5,60.0,59.1,61.0,0,0,16.89,19.31,19510,2,1,0,28.22
620656,58.5,60.0,59.1,61.0,0,0,16.89,19.31,20010,2,1,0,28.22
621162,58.39,60.0,59.1,61.0,0,0,17.73,19.31,20510,2,1,0,28.22
621668,58.39,60.0,59.1,61.0,0,0,17.73,19.28,21010,2,1,0,28.22
622174,58.31,60.0,59.1,61.0,0,0,17.3,19.28,21510,2,1,0,28.22
622680,58.3,60.0,59.1,61.0,0,0,17.2,19.26,22010,2,1,0,28.22
623186,58.3,60.0,59.1,61.0,0,0,17.2,19.25,22510,2,1,0,28.22
623693,58.3,60.0,59.1,61.0,0,0,17.2,19.25,23010,2,1,0,28.22
624200,58.3,60.0,59.1,61.0,0,0,17.2,19.25,23510,2,1,0,28.22
624706,58.1,60.0,59.1,61.0,0,0,17.39,19.25,24012,2,1,0,28.22
625212,58.1,60.0,59.1,61.0,0,0,17.39,19.2,25018,2,1,0,28.22
625718,58.05,60.0,59.1,61.0,0,0,17.69,19.16,25518,2,0,0,28.19
626224,58.02,60.0,59.1,61.0,0,0,17.73,19.18,26018,2,0,0,28.22
626730,58.02,60.0,59.1,61.0,0,0,17.73,19.18,26518,2,0,0,28.22
627236,58.02,60.0,59.1,61.0,0,0,17.73,19.18,27018,2,0,0,28.22
627742,57.95,60.0,59.1,61.0,0,0,17.88,19.16,27529,2,0,0,28.22
628248,57.95,60.0,59.1,61.0,0,0,17.88,19.16,28029,2,0,0,28.22
628754,57.95,60.0,59.1,61.0,0,0,17.88,19.16,28529,2,0,0,28.22
629260,57.89,60.0,59.1,61.0,0,0,17.76,19.15,29029,2,0,0,28.24
629766,57.86,60.0,59.1,61.0,0,0,17.99,19.12,29529,2,0,0,28.21
630272,57.86,60.0,59.1,61.0,0,0,17.99,19.12,30029,2,0,0,28.21
630778,57.86,60.0,59.1,61.0,0,0,17.99,19.12,30529,2,0,0,28.21
631284,57.8,60.0,59.1,61.0,0,0,17.93,19.12,31029,2,0,0,28.22
631790,57.8,60.0,59.1,61.0,0,0,17.93,19.12,31529,2,0,0,28.22
632296,57.79,60.0,59.1,61.0,0,0,18.06,19.11,32029,2,0,0,28.22
632802,57.74,60.0,59.1,61.0,0,0,18.19,19.09,32529,2,0,0,28.21
633308,57.74,60.0,59.1,61.0,0,0,18.19,19.09,33029,2,0,0,28.21
633816,57.74,60.0,59.1,61.0,0,0,18.19,19.09,33529,2,0,0,28.21
634322,57.67,60.0,59.1,61.0,0,0,18.1,19.05,34029,2,0,0,28.19
634828,57.7,60.0,59.1,61.0,0,0,18.23,19.09,34529,2,0,0,28.22
635334,57.71,60.0,59.1,61.0,0,0,18.25,19.09,35029,2,0,0,28.22
635840,57.66,60.0,59.1,61.0,0,0,18.44,19.05,35530,2,0,0,28.19
636346,57.66,60.0,59.1,61.0,0,0,18.44,19.05,36030,2,0,0,28.19
636852,57.66,60.0,59.1,61.0,0,0,18.44,19.05,36530,2,0,0,28.19
637358,57.66,60.0,59.1,61.0,0,0,18.44,19.05,37030,2,0,0,28.19
637864,57.66,60.0,59.1,61.0,0,0,18.44,19.05,37530,2,0,0,28.19
638370,57.64,60.0,59.1,61.0,0,0,18.55,19.06,38030,2,0,0,28.21
638876,57.64,60.0,59.1,61.0,0,0,18.55,19.06,38530,2,0,0,28.21
639382,57.64,60.0,59.1,61.0,0,0,18.55,19.06,39030,2,0,0,28.21
639888,57.64,60.0,59.1,61.0,0,0,18.64,19.07,39530,2,0,0,28.22
640394,57.57,60.0,59.1,61.0,0,0,18.66,19.07,40030,2,0,0,28.22
640901,57.57,60.0,59.1,61.0,0,0,18.66,19.05,40530,2,0,0,28.22
641407,57.57,60.0,59.1,61.0,0,0,18.66,19.05,41030,2,0,0,28.22
641913,57.57,60.0,59.1,61.0,0,0,18.66,19.05,41530,2,0,0,28.22
642419,57.61,60.0,59.1,61.0,0,0,18.21,19.04,42030,2,0,0,28.19
642925,57.61,60.0,59.1,61.0,0,0,18.21,19.04,42530,2,0,0,28.19
643431,57.57,60.0,59.1,61.0,0,0,18.85,19.05,43030,2,0,0,28.22
643937,57.57,60.0,59.1,61.0,0,0,18.85,19.05,43530,2,0,0,28.22
644443,57.59,60.0,59.1,61.0,0,0,18.88,19.06,44030,2,0,0,28.22
644949,57.59,60.0,59.1,61.0,0,0,18.88,19.06,44530,2,0,0,28.22
645455,57.59,60.0,59.1,61.0,0,0,18.88,19.06,45030,2,0,0,28.22
645961,57.6,60.0,59.1,61.0,0,0,19.33,19.03,45530,2,0,0,28.19
646467,57.6,60.0,59.1,61.0,0,0,19.33,19.03,46030,2,0,0,28.19
646973,57.64,60.0,59.1,61.0,0,0,19.26,19.03,46530,2,0,0,28.21
647479,57.64,60.0,59.1,61.0,0,0,19.26,19.06,47030,2,0,0,28.21
647985,57.61,60.0,59.1,61.0,0,0,19.24,19.06,47530,2,0,0,28.21
648491,57.59,60.0,59.1,61.0,0,0,19.26,19.05,48030,2,0,0,28.21
648997,57.59,60.0,59.1,61.0,0,0,19.26,19.05,48530,2,0,0,28.21
649503,57.64,60.0,59.1,61.0,0,0,19.37,19.07,49030,2,0,0,28.22
650009,57.64,60.0,59.1,61.0,0,0,19.37,19.07,49530,2,0,0,28.22
650515,57.64,60.0,59.1,61.0,0,0,19.48,19.07,50033,2,0,0,28.21
651031,57.7,60.0,59.1,61.0,0,0,19.54,19.06,50534,2,0,0,28.21
651538,57.7,60.0,59.1,61.0,0,0,19.54,19.08,51034,2,0,0,28.21
652044,57.67,60.0,59.1,61.0,0,0,19.59,19.07,51534,2,0,0,28.21
652550,57.67,60.0,59.1,61.0,0,0,19.59,19.07,52034,2,0,0,28.21
653056,57.7,60.0,59.1,61.0,0,0,19.39,19.08,52534,2,0,0,28.21
653562,57.72,60.0,59.1,61.0,0,0,19.72,19.08,53034,2,0,0,28.21
654068,57.72,60.0,59.1,61.0,0,0,19.72,19.08,53534,2,0,0,28.21
654574,57.71,60.0,59.1,61.0,0,0,19.82,19.06,54034,2,0,0,28.19
655080,57.75,60.0,59.1,61.0,0,0,19.8,19.06,54534,2,0,0,28.22
655586,57.75,60.0,59.1,61.0,0,0,19.8,19.1,55034,2,0,0,28.22
656092,57.76,60.0,59.1,61.0,0,0,19.76,19.1,55534,2,0,0,28.21
656598,57.76,60.0,59.1,61.0,0,0,19.76,19.09,56034,2,0,0,28.21
657104,57.77,60.0,59.1,61.0,0,0,20.0,19.09,56534,2,0,0,28.21
657610,57.82,60.0,59.1,61.0,0,0,18.98,19.1,57034,2,0,0,28.19
658116,57.82,60.0,59.1,61.0,0,0,18.98,19.1,57534,2,0,0,28.19
658622,57.78,60.0,59.1,61.0,0,0,19.84,19.1,58034,2,0,0,28.19
659129,57.78,60.0,59.1,61.0,0,0,19.84,19.08,58534,2,0,0,28.19
659635,57.78,60.0,59.1,61.0,0,0,19.84,19.08,59034,2,0,0,28.19
660141,57.83,60.0,59.1,61.0,0,0,19.91,19.1,59534,2,0,0,28.19
660647,57.83,60.0,59.1,61.0,0,0,19.91,19.1,60034,2,0,0,28.19
661153,57.83,60.0,59.1,61.0,0,0,19.91,19.1,60534,2,0,0,28.19
661660,57.83,60.0,59.1,61.0,0,0,19.91,19.1,61034,2,0,0,28.19
662167,57.83,60.0,59.1,61.0,0,0,19.91,19.1,61534,2,0,0,28.19
662673,57.92,60.0,59.1,61.0,0,0,20.23,19.1,62034,2,0,0,28.21
663179,57.92,60.0,59.1,61.0,0,0,20.23,19.14,62534,2,0,0,28.21
663685,57.92,60.0,59.1,61.0,0,0,20.23,19.14,63034,2,0,0,28.21
664191,57.97,60.0,59.1,61.0,0,0,20.15,19.15,63534,2,0,0,28.21
664697,57.97,60.0,59.1,61.0,0,0,20.15,19.15,64034,2,0,0,28.21
665203,58.02,60.0,59.1,61.0,0,0,20.32,19.15,64534,2,0,0,28.21
665709,58.04,60.0,59.1,61.0,0,0,20.34,19.17,65034,2,0,0,28.19
666215,58.04,60.0,59.1,61.0,0,0,20.34,19.16,65534,2,0,0,28.19
666721,58.11,60.0,59.1,61.0,0,0,20.38,19.16,66034,2,0,0,28.21
667227,58.11,60.0,59.1,61.0,0,0,20.38,19.19,66534,2,0,0,28.21
667733,58.11,60.0,59.1,61.0,0,0,20.38,19.19,67539,2,0,0,28.21
668239,58.14,60.0,59.1,61.0,0,0,20.43,19.18,68039,2,0,0,28.19
668745,58.1,60.0,59.1,61.0,0,0,20.56,19.17,68539,2,0,0,28.19
669251,58.1,60.0,59.1,61.0,0,0,20.56,19.17,69039,2,0,0,28.19
669757,58.1,60.0,59.1,61.0,0,0,20.56,19.17,69539,2,0,0,28.19
670263,58.17,60.0,59.1,61.0,0,0,20.47,19.21,70039,2,0,0,28.21
670769,58.2,60.0,59.1,61.0,0,0,20.62,19.2,70539,2,0,0,28.19
671275,58.19,60.0,59.1,61.0,0,0,19.87,19.2,71039,2,0,0,28.19
671781,58.21,60.0,59.1,61.0,0,0,21.2,19.22,71539,2,0,0,28.21
672287,58.21,60.0,59.1,61.0,0,0,21.2,19.22,72039,2,0,0,28.21
672793,58.29,60.0,59.1,61.0,0,0,20.47,19.21,72539,2,0,0,28.18
673299,58.3,60.0,59.1,61.0,0,0,20.86,19.23,73039,2,0,0,28.19
673805,58.3,60.0,59.1,61.0,0,0,20.86,19.23,73539,2,0,0,28.19
674311,58.33,60.0,59.1,61.0,0,0,20.77,19.25,74039,2,0,0,28.21
674817,58.35,60.0,59.1,61.0,0,0,20.86,19.26,74539,2,0,0,28.21
675323,58.35,60.0,59.1,61.0,0,0,20.86,19.26,75039,2,0,0,28.21
675829,58.35,60.0,59.1,61.0,0,0,20.73,19.24,75539,2,0,0,28.19
676335,58.39,60.0,59.1,61.0,0,0,20.88,19.27,76039,2,0,0,28.21
676841,58.44,60.0,59.1,61.0,0,0,21.03,19.27,76539,2,0,0,28.22
677347,58.44,60.0,59.1,61.0,0,0,21.03,19.29,77039,2,0,0,28.22
677853,58.44,60.0,59.1,61.0,0,0,21.03,19.29,77539,2,0,0,28.22
678359,58.47,60.0,59.1,61.0,0,0,21.1,19.28,78039,2,0,0,28.19
678865,58.49,60.0,59.1,61.0,0,0,21.14,19.28,78539,2,0,0,28.19
679371,58.57,60.0,59.1,61.0,0,0,20.97,19.3,79052,2,0,0,28.19
679877,58.57,60.0,59.1,61.0,0,0,20.97,19.3,79552,2,0,0,28.19
680383,58.56,60.0,59.1,61.0,0,0,21.38,19.35,80052,2,0,0,28.25
680889,58.56,60.0,59.1,61.0,0,0,21.38,19.35,80552,2,0,0,28.25
681395,58.62,60.0,59.1,61.0,0,0,21.07,19.32,81052,2,0,0,28.19
681901,58.62,60.0,59.1,61.0,0,0,21.07,19.32,81552,2,0,0,28.19
682407,58.63,60.0,59.1,61.0,0,0,21.27,19.32,82052,2,0,0,28.19
682913,58.66,60.0,59.1,61.0,0,0,21.1,19.33,82552,2,0,0,28.19
683419,58.66,60.0,59.1,61.0,0,0,21.1,19.33,83052,2,0,0,28.19
683925,58.7,60.0,59.1,61.0,0,0,21.38,19.35,83552,2,0,0,28.21
684431,58.7,60.0,59.1,61.0,0,0,21.38,19.35,84052,2,0,0,28.21
684937,58.7,60.0,59.1,61.0,0,0,21.38,19.35,84552,2,0,0,28.21
685444,58.77,60.0,59.1,61.0,0,0,21.38,19.35,85052,2,0,0,28.18
685951,58.77,60.0,59.1,61.0,0,0,21.38,19.34,85552,2,0,0,28.18
686457,58.83,60.0,59.1,61.0,0,0,21.27,19.37,86052,2,0,0,28.19
686963,58.84,60.0,59.1,61.0,0,0,21.46,19.37,86552,2,0,0,28.21
687469,58.84,60.0,59.1,61.0,0,0,21.46,19.39,87052,2,0,0,28.21
687975,58.84,60.0,59.1,61.0,0,0,21.46,19.39,87552,2,0,0,28.21
688481,58.88,60.0,59.1,61.0,0,0,21.38,19.39,88052,2,0,0,28.19
689001,58.94,60.0,59.1,61.0,0,0,21.44,19.39,88552,2,0,0,28.17
689508,58.94,60.0,59.1,61.0,0,0,21.44,19.38,89052,2,0,0,28.17
690014,58.95,60.0,59.1,61.0,0,0,21.51,19.41,89552,2,0,0,28.19
690520,59.0,60.0,59.1,61.0,0,0,21.55,19.41,90052,2,0,0,28.19
691026,59.04,60.0,59.1,61.0,0,0,22.22,19.42,90552,2,0,0,28.19
691532,59.04,60.0,59.1,61.0,0,0,22.22,19.43,91052,2,0,0,28.19
692038,59.07,60.0,59.1,61.0,0,0,21.64,19.43,91552,2,0,0,28.21
692544,59.07,60.0,59.1,61.0,0,0,21.64,19.45,92052,2,0,0,28.21
693050,59.1,60.0,59.1,61.0,1,0,21.79,19.44,0,2,0,0,28.18
693559,59.12,60.0,59.1,61.0,1,0,21.68,19.44,500,2,0,0,28.19
694066,59.12,60.0,59.1,61.0,1,0,21.68,19.45,1000,2,0,0,28.19
694572,59.21,60.0,59.1,61.0,1,0,21.61,19.45,1500,2,0,0,28.21
695078,59.2,60.0,59.1,61.0,1,0,21.66,19.49,2002,2,0,0,28.19
695584,59.2,60.0,59.1,61.0,1,0,21.66,19.48,2503,2,0,0,28.19
696090,59.2,60.0,59.1,61.0,1,0,21.66,19.48,3003,2,0,0,28.19
696596,59.25,60.0,59.1,61.0,1,0,22.31,19.49,3503,2,0,0,28.19
697102,59.29,60.0,59.1,61.0,1,0,21.57,19.49,4003,2,0,0,28.18
697608,59.29,60.0,59.1,61.0,1,0,21.14,19.49,4503,2,0,0,28.19
698114,59.29,60.0,59.1,61.0,1,0,21.14,19.5,5003,2,0,0,28.19
698620,59.33,60.0,59.1,61.0,1,0,21.55,19.51,5503,2,0,0,28.19
699126,59.35,60.0,59.1,61.0,1,0,21.66,19.51,6003,2,0,0,28.19
699632,59.38,60.0,59.1,61.0,1,0,21.38,19.52,6503,2,0,0,28.19
700138,59.38,60.0,59.1,61.0,1,0,21.38,19.52,7003,2,0,0,28.19
700644,59.43,60.0,59.1,61.0,1,0,21.38,19.52,7503,2,0,0,28.19
701150,59.43,60.0,59.1,61.0,1,0,21.38,19.54,8003,2,0,0,28.19
701656,59.46,60.0,59.1,61.0,1,0,21.25,19.55,8503,2,0,0,28.19
702162,59.49,60.0,59.1,61.0,1,0,21.07,19.55,9003,2,0,0,28.21
702668,59.49,60.0,59.1,61.0,1,0,21.07,19.57,9503,2,0,0,28.21
703174,59.54,60.0,59.1,61.0,1,0,20.9,19.57,10003,2,0,0,28.18
703680,59.54,60.0,59.1,61.0,1,0,20.9,19.55,10503,2,0,0,28.18
704186,59.59,60.0,59.1,61.0,1,0,21.01,19.55,11003,2,0,0,28.19
704692,59.59,60.0,59.1,61.0,1,0,21.01,19.58,11503,2,0,0,28.19
705198,59.59,60.0,59.1,61.0,1,0,21.01,19.58,12003,2,0,0,28.19
705704,59.63,60.0,59.1,61.0,1,0,20.69,19.59,12503,2,0,0,28.19
706210,59.66,60.0,59.1,61.0,1,0,20.49,19.59,13003,2,0,0,28.18
706717,59.74,60.0,59.1,61.0,1,0,20.49,19.59,13503,2,0,0,28.18
707224,59.74,60.0,59.1,61.0,1,0,20.49,19.61,14003,2,0,0,28.18
707730,59.75,60.0,59.1,61.0,1,0,20.21,19.61,14503,2,0,0,28.21
708236,59.75,60.0,59.1,61.0,1,0,20.21,19.64,15003,2,0,0,28.21
708742,59.75,60.0,59.1,61.0,1,0,20.21,19.64,15503,2,0,0,28.21
709248,59.75,60.0,59.1,61.0,1,0,20.21,19.64,16003,2,0,0,28.21
709754,59.9,60.0,59.1,61.0,1,0,20.17,19.66,17008,2,0,0,28.19
710260,59.92,60.0,59.1,61.0,1,0,19.8,19.67,17508,2,0,0,28.19
710767,59.97,60.0,59.1,61.0,1,0,19.72,19.7,18021,2,0,0,28.21
711274,59.97,60.0,59.1,61.0,1,0,19.72,19.7,18521,2,0,0,28.21
711780,59.97,60.0,59.1,61.0,1,0,19.65,19.66,19021,2,0,0,28.17
712286,59.97,60.0,59.1,61.0,1,0,19.65,19.66,19521,2,0,0,28.17
712792,59.97,60.0,59.1,61.0,1,0,19.65,19.66,20021,2,0,0,28.17
713298,60.12,60.0,59.1,61.0,1,0,19.37,19.7,20521,2,0,0,28.17
713804,60.12,60.0,59.1,61.0,1,0,19.37,19.7,21021,2,0,0,28.17
714310,60.18,60.0,59.1,61.0,1,0,19.22,19.73,21521,2,0,0,28.18
714816,60.18,60.0,59.1,61.0,1,0,19.22,19.73,22021,2,0,0,28.18
715322,60.19,60.0,59.1,61.0,1,0,19.11,19.73,22521,2,0,0,28.18
715828,60.24,60.0,59.1,61.0,1,0,18.9,19.73,23021,2,0,0,28.17
716334,60.24,60.0,59.1,61.0,1,0,18.9,19.73,23521,2,0,0,28.17
716840,60.26,60.0,59.1,61.0,1,0,18.83,19.76,24021,2,0,0,28.19
717346,60.26,60.0,59.1,61.0,1,0,18.47,19.76,24521,2,0,0,28.19
717852,60.26,60.0,59.1,61.0,1,0,18.47,19.76,25021,2,0,0,28.19
718358,60.3,60.0,59.1,61.0,1,0,18.27,19.76,25521,2,0,0,28.18
718864,60.3,60.0,59.1,61.0,1,0,18.27,19.76,26021,2,0,0,28.18
719370,60.3,60.0,59.1,61.0,1,0,18.27,19.76,26521,2,0,0,28.18
719876,60.36,60.0,59.1,61.0,1,0,18.42,19.75,27021,2,0,0,28.15
720382,60.35,60.0,59.1,61.0,1,0,18.27,19.77,27521,2,1,0,28.18
720888,60.35,60.0,59.1,61.0,1,0,18.27,19.77,28021,2,1,0,28.18
721394,60.41,60.0,59.1,61.0,1,0,18.29,19.77,28521,2,1,0,28.18
721904,60.41,60.0,59.1,61.0,1,0,18.29,19.79,29021,2,0,0,28.18
722410,60.41,60.0,59.1,61.0,1,0,18.29,19.79,29521,2,0,0,28.18
722916,60.41,60.0,59.1,61.0,1,0,18.29,19.79,30021,2,0,0,28.18
723422,60.41,60.0,59.1,61.0,1,0,18.29,19.79,30521,2,0,0,28.18
723928,60.38,60.0,59.1,61.0,1,0,17.95,19.78,31021,2,1,0,28.18
724434,60.35,60.0,59.1,61.0,1,0,17.67,19.76,31521,2,1,0,28.17
724940,60.35,60.0,59.1,61.0,1,0,17.67,19.76,32021,2,1,0,28.17
725446,60.36,60.0,59.1,61.0,1,0,17.56,19.79,32521,2,1,0,28.19
725952,60.36,60.0,59.1,61.0,1,0,17.56,19.79,33021,2,1,0,28.19
726458,60.32,60.0,59.1,61.0,1,0,17.39,19.76,33521,2,1,0,28.18
726964,60.32,60.0,59.1,61.0,1,0,17.39,19.76,34021,2,1,0,28.18
727470,60.32,60.0,59.1,61.0,1,0,17.39,19.76,34521,2,1,0,28.18
727976,60.32,60.0,59.1,61.0,1,0,17.39,19.76,35021,2,1,0,28.18
728482,60.29,60.0,59.1,61.0,1,0,17.24,19.76,35521,2,1,0,28.18
728988,60.29,60.0,59.1,61.0,1,0,17.24,19.76,36021,2,1,0,28.18
729494,60.24,60.0,59.1,61.0,1,0,17.13,19.73,36521,2,1,0,28.17
730000,60.22,60.0,59.1,61.0,1,0,16.89,19.72,37021,2,1,0,28.17
730506,60.18,60.0,59.1,61.0,1,0,16.57,19.72,37521,2,1,0,28.18
731012,60.18,60.0,59.1,61.0,1,0,16.57,19.73,38021,2,1,0,28.18
731518,60.12,60.0,59.1,61.0,1,0,16.83,19.71,38521,2,1,0,28.18
732024,60.12,60.0,59.1,61.0,1,0,16.83,19.71,39021,2,1,0,28.18
732530,60.02,60.0,59.1,61.0,1,0,16.55,19.71,39521,2,1,0,28.17
733036,59.99,60.0,59.1,61.0,0,0,16.61,19.67,0,2,1,0,28.17
733542,59.99,60.0,59.1,61.0,0,0,16.61,19.66,500,2,1,0,28.17
734048,59.97,60.0,59.1,61.0,0,0,16.27,19.66,1000,2,1,0,28.17
734554,59.91,60.0,59.1,61.0,0,0,16.33,19.64,1500,2,1,0,28.17
735060,59.91,60.0,59.1,61.0,0,0,16.33,19.64,2000,2,1,0,28.17
735566,59.85,60.0,59.1,61.0,0,0,16.29,19.63,2500,2,1,0,28.17
736072,59.74,60.0,59.1,61.0,0,0,16.14,19.63,3000,2,1,0,28.15
736578,59.74,60.0,59.1,61.0,0,0,16.14,19.58,3500,2,1,0,28.15
737084,59.71,60.0,59.1,61.0,0,0,16.2,19.57,4011,2,1,0,28.15
737590,59.71,60.0,59.1,61.0,0,0,16.2,19.57,4511,2,1,0,28.15
738096,59.63,60.0,59.1,61.0,0,0,16.83,19.57,5011,2,1,0,28.17
738602,59.63,60.0,59.1,61.0,0,0,16.83,19.57,5511,2,1,0,28.17
739108,59.58,60.0,59.1,61.0,0,0,15.99,19.57,6011,2,1,0,28.18
739614,59.52,60.0,59.1,61.0,0,0,16.03,19.57,6511,2,1,0,28.17
740120,59.51,60.0,59.1,61.0,0,0,16.12,19.54,7011,2,1,0,28.18
740626,59.42,60.0,59.1,61.0,0,0,16.05,19.55,7511,2,1,0,28.15
741132,59.42,60.0,59.1,61.0,0,0,16.05,19.5,8011,2,1,0,28.15
741638,59.32,60.0,59.1,61.0,0,0,16.14,19.5,8511,2,1,0,28.17
742144,59.32,60.0,59.1,61.0,0,0,16.16,19.48,9011,2,1,0,28.14
742650,59.32,60.0,59.1,61.0,0,0,16.16,19.45,9511,2,1,0,28.14
743156,59.21,60.0,59.1,61.0,0,0,16.38,19.45,10011,2,1,0,28.15
743662,59.21,60.0,59.1,61.0,0,0,16.38,19.44,10511,2,1,0,28.15
744168,59.15,60.0,59.1,61.0,0,0,16.2,19.4,11011,2,1,0,28.12
744674,59.04,60.0,59.1,61.0,0,0,16.29,19.4,11511,2,1,0,28.15
745180,59.04,60.0,59.1,61.0,0,0,16.29,19.39,12011,2,1,0,28.15
745686,58.99,60.0,59.1,61.0,0,0,16.33,19.39,12511,2,1,0,28.15
746192,58.93,60.0,59.1,61.0,0,0,16.53,19.38,13011,2,1,0,28.17
746698,58.93,60.0,59.1,61.0,0,0,16.53,19.38,13511,2,1,0,28.17
747204,58.85,60.0,59.1,61.0,0,0,16.72,19.38,14011,2,1,0,28.15
747710,58.85,60.0,59.1,61.0,0,0,16.72,19.34,14511,2,1,0,28.15
748216,58.85,60.0,59.1,61.0,0,0,16.72,19.34,15011,2,1,0,28.15
748722,58.69,60.0,59.1,61.0,0,0,16.55,19.34,15511,2,1,0,28.12
749228,58.69,60.0,59.1,61.0,0,0,16.55,19.27,16011,2,1,0,28.12
749734,58.62,60.0,59.1,61.0,0,0,16.59,19.27,16511,2,1,0,28.14
750240,58.62,60.0,59.1,61.0,0,0,16.59,19.26,17011,2,1,0,28.14
750746,58.57,60.0,59.1,61.0,0,0,16.81,19.26,17511,2,1,0,28.14
751252,58.51,60.0,59.1,61.0,0,0,16.85,19.25,18011,2,1,0,28.15
751758,58.51,60.0,59.1,61.0,0,0,16.85,19.25,18511,2,1,0,28.15
752278,58.39,60.0,59.1,61.0,0,0,16.96,19.25,19015,2,1,0,28.15
752785,58.39,60.0,59.1,61.0,0,0,16.96,19.22,19522,2,1,0,28.15
753291,58.37,60.0,59.1,61.0,0,0,16.94,19.21,20524,2,1,0,28.15
753797,58.37,60.0,59.1,61.0,0,0,16.94,19.21,21024,2,1,0,28.15
754303,58.37,60.0,59.1,61.0,0,0,16.94,19.21,21524,2,1,0,28.15
754809,58.23,60.0,59.1,61.0,0,0,17.04,19.16,22024,2,1,0,28.14
755315,58.22,60.0,59.1,61.0,0,0,16.81,19.17,22524,2,1,0,28.15
755822,58.22,60.0,59.1,61.0,0,0,16.81,19.17,23024,2,1,0,28.15
756328,58.11,60.0,59.1,61.0,0,0,17.2,19.14,23524,2,1,0,28.15
756834,58.11,60.0,59.1,61.0,0,0,17.2,19.14,24024,2,1,0,28.15
757340,58.07,60.0,59.1,61.0,0,0,17.39,19.13,24524,2,1,0,28.15
757846,58.04,60.0,59.1,61.0,0,0,17.32,19.11,25024,2,1,0,28.14
758352,58.04,60.0,59.1,61.0,0,0,17.32,19.11,25525,2,1,0,28.14
758858,57.97,60.0,59.1,61.0,0,0,17.84,19.07,26025,2,0,0,28.12
759364,57.93,60.0,59.1,61.0,0,0,17.48,19.06,26527,2,1,0,28.12
759870,57.93,60.0,59.1,61.0,0,0,17.76,19.06,27027,2,0,0,28.12
760376,57.91,60.0,59.1,61.0,0,0,17.52,19.1,27529,2,1,0,28.17
760882,57.91,60.0,59.1,61.0,0,0,17.52,19.1,28029,2,1,0,28.17
761388,57.82,60.0,59.1,61.0,0,0,17.71,19.04,28529,2,0,0,28.14
761894,57.82,60.0,59.1,61.0,0,0,17.82,19.03,29029,2,0,0,28.12
762400,57.81,60.0,59.1,61.0,0,0,17.43,19.03,29529,2,0,0,28.15
762906,57.81,60.0,59.1,61.0,0,0,17.43,19.06,30029,2,1,0,28.15
763412,57.81,60.0,59.1,61.0,0,0,17.43,19.06,30529,2,1,0,28.15
763918,57.7,60.0,59.1,61.0,0,0,17.88,19.06,31029,2,1,0,28.14
764441,57.69,60.0,59.1,61.0,0,0,17.93,19.01,31529,2,0,0,28.11
764948,57.69,60.0,59.1,61.0,0,0,17.93,18.98,32029,2,0,0,28.11
765454,57.7,60.0,59.1,61.0,0,0,17.99,19.02,32529,2,0,0,28.15
765960,57.62,60.0,59.1,61.0,0,0,18.01,18.99,33029,2,0,0,28.14
766466,57.66,60.0,59.1,61.0,0,0,18.1,19.0,33529,2,0,0,28.14
766972,57.66,60.0,59.1,61.0,0,0,18.1,19.0,34029,2,0,0,28.14
767478,57.67,60.0,59.1,61.0,0,0,17.91,19.0,34529,2,0,0,28.14
767984,57.67,60.0,59.1,61.0,0,0,17.91,19.0,35029,2,0,0,28.14
768490,57.63,60.0,59.1,61.0,0,0,18.42,19.0,35539,2,0,0,28.15
768996,57.63,60.0,59.1,61.0,0,0,18.42,19.0,36039,2,0,0,28.15
769502,57.61,60.0,59.1,61.0,0,0,18.42,18.99,36539,2,0,0,28.14
770008,57.61,60.0,59.1,61.0,0,0,18.42,18.99,37039,2,0,0,28.14
770514,57.61,60.0,59.1,61.0,0,0,18.42,18.99,37539,2,0,0,28.14
771020,57.58,60.0,59.1,61.0,0,0,18.57,18.95,38039,2,0,0,28.11
771526,57.58,60.0,59.1,61.0,0,0,18.57,18.95,38539,2,0,0,28.11
772032,57.54,60.0,59.1,61.0,0,0,18.51,18.96,39039,2,0,0,28.14
772538,57.57,60.0,59.1,61.0,0,0,18.64,18.96,39539,2,0,0,28.12
773044,57.57,60.0,59.1,61.0,0,0,18.64,18.96,40039,2,0,0,28.12
773550,57.55,60.0,59.1,61.0,0,0,18.62,18.96,40539,2,0,0,28.14
774056,57.55,60.0,59.1,61.0,0,0,18.62,18.97,41039,2,0,0,28.14
774562,57.56,60.0,59.1,61.0,0,0,18.83,18.95,41539,2,0,0,28.11
775068,57.54,60.0,59.1,61.0,0,0,18.7,18.95,42040,2,0,0,28.14
775574,57.54,60.0,59.1,61.0,0,0,18.7,18.96,42541,2,0,0,28.14
776081,57.54,60.0,59.1,61.0,0,0,18.7,18.96,43041,2,0,0,28.14
776588,57.54,60.0,59.1,61.0,0,0,18.7,18.96,43541,2,0,0,28.14
777094,57.59,60.0,59.1,61.0,0,0,18.85,18.96,44041,2,0,0,28.12
777600,57.59,60.0,59.1,61.0,0,0,18.85,18.97,44541,2,0,0,28.12
778106,57.59,60.0,59.1,61.0,0,0,18.85,18.97,45041,2,0,0,28.12
778625,57.57,60.0,59.1,61.0,0,0,18.9,18.97,45541,2,0,0,28.12
779132,57.57,60.0,59.1,61.0,0,0,18.9,18.96,46041,2,0,0,28.12
779638,57.63,60.0,59.1,61.0,0,0,19.16,18.98,46541,2,0,0,28.12
780144,57.63,60.0,59.1,61.0,0,0,19.16,18.98,47041,2,0,0,28.12
780650,57.58,60.0,59.1,61.0,0,0,19.24,18.98,47541,2,0,0,28.11
781156,57.58,60.0,59.1,61.0,0,0,19.24,18.95,48041,2,0,0,28.11
781662,57.64,60.0,59.1,61.0,0,0,19.89,18.95,48541,2,0,0,28.15
782182,57.62,60.0,59.1,61.0,0,0,19.35,19.01,49041,2,0,0,28.14
782689,57.62,60.0,59.1,61.0,0,0,19.35,18.99,49541,2,0,0,28.14
783195,57.64,60.0,59.1,61.0,0,0,19.31,18.99,50041,2,0,0,28.1
783701,57.64,60.0,59.1,61.0,0,0,19.31,18.96,50541,2,0,0,28.1
784207,57.68,60.0,59.1,61.0,0,0,19.48,18.96,51041,2,0,0,28.11
784713,57.66,60.0,59.1,61.0,0,0,19.41,18.98,51541,2,0,0,28.14
785219,57.65,60.0,59.1,61.0,0,0,19.44,19.0,52041,2,0,0,28.14
785725,57.65,60.0,59.1,61.0,0,0,19.44,19.0,52541,2,0,0,28.14
786231,57.67,60.0,59.1,61.0,0,0,19.59,19.0,53041,2,0,0,28.12
786737,57.68,60.0,59.1,61.0,0,0,19.65,18.99,53541,2,0,0,28.11
787243,57.74,60.0,59.1,61.0,0,0,19.69,18.98,54041,2,0,0,28.12
787749,57.74,60.0,59.1,61.0,0,0,19.69,19.01,54541,2,0,0,28.12
788255,57.73,60.0,59.1,61.0,0,0,19.72,19.01,55041,2,0,0,28.12
788761,57.73,60.0,59.1,61.0,0,0,19.65,19.01,55541,2,0,0,28.12
789267,57.73,60.0,59.1,61.0,0,0,19.65,19.01,56041,2,0,0,28.12
789773,57.73,60.0,59.1,61.0,0,0,19.65,19.01,56541,2,0,0,28.12
790279,57.73,60.0,59.1,61.0,0,0,19.65,19.01,57041,2,0,0,28.12
790785,57.81,60.0,59.1,61.0,0,0,19.76,19.01,57541,2,0,0,28.1
791291,57.85,60.0,59.1,61.0,0,0,19.82,19.0,58041,2,0,0,28.14
791797,57.85,60.0,59.1,61.0,0,0,19.82,19.05,58541,2,0,0,28.14
792303,57.82,60.0,59.1,61.0,0,0,19.91,19.05,59041,2,0,0,28.12
792809,57.82,60.0,59.1,61.0,0,0,19.91,19.03,60042,2,0,0,28.12
793315,57.82,60.0,59.1,61.0,0,0,19.91,19.03,60542,2,0,0,28.12
793821,57.92,60.0,59.1,61.0,0,0,20.12,19.06,61042,2,0,0,28.12
794327,57.92,60.0,59.1,61.0,0,0,20.12,19.06,61542,2,0,0,28.12
794833,57.9,60.0,59.1,61.0,0,0,20.1,19.04,62042,2,0,0,28.11
795340,57.93,60.0,59.1,61.0,0,0,20.02,19.04,62542,2,0,0,28.14
795847,57.93,60.0,59.1,61.0,0,0,20.02,19.07,63042,2,0,0,28.14
796353,57.95,60.0,59.1,61.0,0,0,20.38,19.07,63542,2,0,0,28.11
796859,57.95,60.0,59.1,61.0,0,0,20.38,19.05,64042,2,0,0,28.11
797365,57.99,60.0,59.1,61.0,0,0,20.15,19.08,64542,2,0,0,28.12
797871,57.99,60.0,59.1,61.0,0,0,20.15,19.08,65042,2,0,0,28.12
798377,58.03,60.0,59.1,61.0,0,0,20.02,19.06,65542,2,0,0,28.1
798884,58.03,60.0,59.1,61.0,0,0,20.02,19.06,66042,2,0,0,28.1
799390,58.03,60.0,59.1,61.0,0,0,20.02,19.06,66542,2,0,0,28.1
799896,58.07,60.0,59.1,61.0,0,0,20.02,19.1,67042,2,0,0,28.12
800402,58.12,60.0,59.1,61.0,0,0,20.38,19.11,67542,2,0,0,28.12
800908,58.13,60.0,59.1,61.0,0,0,20.36,19.12,68042,2,0,0,28.12
801414,58.17,60.0,59.1,61.0,0,0,20.51,19.12,68542,2,0,0,28.15
801920,58.17,60.0,59.1,61.0,0,0,20.51,19.15,69042,2,0,0,28.15
802426,58.17,60.0,59.1,61.0,0,0,20.51,19.15,69542,2,0,0,28.15
802932,58.18,60.0,59.1,61.0,0,0,20.36,19.14,70042,2,0,0,28.14
803439,58.18,60.0,59.1,61.0,0,0,20.45,19.14,70542,2,0,0,28.11
803946,58.18,60.0,59.1,61.0,0,0,20.45,19.12,71042,2,0,0,28.11
804452,58.19,60.0,59.1,61.0,0,0,20.69,19.12,71542,2,0,0,28.11
804958,58.19,60.0,59.1,61.0,0,0,20.69,19.12,72042,2,0,0,28.11
805464,58.19,60.0,59.1,61.0,0,0,20.69,19.12,72542,2,0,0,28.11
805970,58.19,60.0,59.1,61.0,0,0,20.69,19.12,73042,2,0,0,28.11
806476,58.26,60.0,59.1,61.0,0,0,20.64,19.13,73542,2,0,0,28.1
806982,58.32,60.0,59.1,61.0,0,0,20.86,19.16,74042,2,0,0,28.11
807488,58.34,60.0,59.1,61.0,0,0,20.77,19.16,74542,2,0,0,28.12
807994,58.34,60.0,59.1,61.0,0,0,20.77,19.17,75042,2,0,0,28.12
808500,58.39,60.0,59.1,61.0,0,0,21.03,19.17,75542,2,0,0,28.11
809006,58.39,60.0,59.1,61.0,0,0,21.03,19.17,76042,2,0,0,28.11
809512,58.44,60.0,59.1,61.0,0,0,20.79,19.17,76542,2,0,0,28.11
810018,58.44,60.0,59.1,61.0,0,0,20.79,19.19,77042,2,0,0,28.11
810524,58.46,60.0,59.1,61.0,0,0,21.01,19.21,77542,2,0,0,28.12
811030,58.47,60.0,59.1,61.0,0,0,20.84,19.21,78042,2,0,0,28.12
811545,58.5,60.0,59.1,61.0,0,0,20.86,19.21,78542,2,0,0,28.1
812052,58.5,60.0,59.1,61.0,0,0,20.86,19.19,79042,2,0,0,28.1
812558,58.51,60.0,59.1,61.0,0,0,20.81,19.22,79542,2,0,0,28.12
813064,58.56,60.0,59.1,61.0,0,0,21.03,19.22,80042,2,0,0,28.11
813570,58.56,60.0,59.1,61.0,0,0,21.03,19.22,80542,2,0,0,28.11
814076,58.56,60.0,59.1,61.0,0,0,21.03,19.22,81042,2,0,0,28.11
814582,58.56,60.0,59.1,61.0,0,0,21.03,19.22,81542,2,0,0,28.11
815088,58.62,60.0,59.1,61.0,0,0,20.97,19.24,82042,2,0,0,28.11
815594,58.61,60.0,59.1,61.0,0,0,21.27,19.24,82542,2,0,0,28.1
816100,58.61,60.0,59.1,61.0,0,0,21.27,19.22,83042,2,0,0,28.1
816606,58.7,60.0,59.1,61.0,0,0,21.14,19.26,83542,2,0,0,28.11
817112,58.72,60.0,59.1,61.0,0,0,20.92,19.28,84042,2,0,0,28.12
817618,58.74,60.0,59.1,61.0,0,0,21.44,19.28,84542,2,0,0,28.11
818124,58.75,60.0,59.1,61.0,0,0,21.16,19.27,85042,2,0,0,28.12
818630,58.78,60.0,59.1,61.0,0,0,21.31,19.29,85542,2,0,0,28.11
819136,58.78,60.0,59.1,61.0,0,0,21.31,19.28,86042,2,0,0,28.11
819642,58.81,60.0,59.1,61.0,0,0,21.38,19.29,86542,2,0,0,28.11
820148,58.83,60.0,59.1,61.0,0,0,21.25,19.31,87042,2,0,0,28.12
820654,58.87,60.0,59.1,61.0,0,0,21.4,19.31,87542,2,0,0,28.12
821160,58.87,60.0,59.1,61.0,0,0,21.4,19.32,88042,2,0,0,28.12
821667,58.87,60.0,59.1,61.0,0,0,21.44,19.32,88542,2,0,0,28.11
822173,58.87,60.0,59.1,61.0,0,0,21.44,19.31,89042,2,0,0,28.11
822679,58.94,60.0,59.1,61.0,0,0,21.38,19.31,89542,2,0,0,28.11
823185,58.96,60.0,59.1,61.0,0,0,21.22,19.33,90042,2,0,0,28.1
823691,58.96,60.0,59.1,61.0,0,0,21.22,19.32,90542,2,0,0,28.1
824197,59.06,60.0,59.1,61.0,0,0,21.42,19.37,91042,2,0,0,28.12
824703,59.08,60.0,59.1,61.0,0,0,20.75,19.37,91542,2,0,0,28.12
825212,59.08,60.0,59.1,61.0,0,0,20.75,19.38,92042,2,0,0,28.12
825718,59.11,60.0,59.1,61.0,0,0,21.46,19.38,92542,2,0,0,28.12
826224,59.11,60.0,59.1,61.0,1,0,21.59,19.38,0,2,0,0,28.12
826730,59.11,60.0,59.1,61.0,1,0,21.59,19.38,501,2,0,0,28.12
827236,59.11,60.0,59.1,61.0,1,0,21.59,19.38,1001,2,0,0,28.12
827742,59.13,60.0,59.1,61.0,1,0,21.46,19.38,1501,2,0,0,28.11
828248,59.13,60.0,59.1,61.0,1,0,21.46,19.38,2001,2,0,0,28.11
828754,59.24,60.0,59.1,61.0,1,0,21.61,19.38,2501,2,0,0,28.1
829260,59.24,60.0,59.1,61.0,1,0,21.61,19.39,3001,2,0,0,28.1
829766,59.24,60.0,59.1,61.0,1,0,21.61,19.39,3501,2,0,0,28.1
830272,59.24,60.0,59.1,61.0,1,0,21.61,19.39,4001,2,0,0,28.1
830778,59.24,60.0,59.1,61.0,1,0,21.61,19.39,4502,2,0,0,28.1
831284,59.31,60.0,59.1,61.0,1,0,21.46,19.39,5002,2,0,0,28.1
831790,59.31,60.0,59.1,61.0,1,0,21.46,19.41,5502,2,0,0,28.1
832296,59.31,60.0,59.1,61.0,1,0,21.46,19.41,6002,2,0,0,28.1
832802,59.37,60.0,59.1,61.0,1,0,21.33,19.41,6502,2,0,0,28.11
833308,59.37,60.0,59.1,61.0,1,0,21.33,19.44,7002,2,0,0,28.11
833814,59.4,60.0,59.1,61.0,1,0,21.31,19.46,8005,2,0,0,28.12
834320,59.4,60.0,59.1,61.0,1,0,21.31,19.46,8505,2,0,0,28.12
834826,59.47,60.0,59.1,61.0,1,0,21.14,19.46,9005,2,0,0,28.1
835332,59.52,60.0,59.1,61.0,1,0,20.92,19.46,9505,2,0,0,28.14
835839,59.52,60.0,59.1,61.0,1,0,20.92,19.51,10005,2,0,0,28.14
836345,59.52,60.0,59.1,61.0,1,0,20.92,19.51,10505,2,0,0,28.14
836851,59.55,60.0,59.1,61.0,1,0,21.01,19.47,11005,2,0,0,28.08
837357,59.59,60.0,59.1,61.0,1,0,20.69,19.5,11505,2,0,0,28.11
837863,59.61,60.0,59.1,61.0,1,0,20.69,19.51,12005,2,0,0,28.11
838369,59.61,60.0,59.1,61.0,1,0,20.69,19.51,12505,2,0,0,28.11
838877,59.61,60.0,59.1,61.0,1,0,20.69,19.51,13005,2,0,0,28.11
839384,59.61,60.0,59.1,61.0,1,0,20.69,19.51,13505,2,0,0,28.11
839890,59.61,60.0,59.1,61.0,1,0,20.69,19.51,14005,2,0,0,28.11
840396,59.7,60.0,59.1,61.0,1,0,20.25,19.52,14505,2,0,0,28.1
840902,59.7,60.0,59.1,61.0,1,0,20.25,19.52,15005,2,0,0,28.1
841408,59.79,60.0,59.1,61.0,1,0,20.17,19.57,15505,2,0,0,28.12
841914,59.8,60.0,59.1,61.0,1,0,20.02,19.55,16005,2,0,0,28.1
842420,59.8,60.0,59.1,61.0,1,0,20.02,19.55,16505,2,0,0,28.1
842926,59.86,60.0,59.1,61.0,1,0,19.89,19.59,17006,2,0,0,28.12
843432,59.86,60.0,59.1,61.0,1,0,19.89,19.59,17506,2,0,0,28.12
843938,59.9,60.0,59.1,61.0,1,0,19.69,19.57,18006,2,0,0,28.1
844444,59.9,60.0,59.1,61.0,1,0,19.69,19.57,18506,2,0,0,28.1
844950,59.94,60.0,59.1,61.0,1,0,19.63,19.58,19006,2,0,0,28.1
845456,60.02,60.0,59.1,61.0,1,0,19.52,19.62,19506,2,0,0,28.11
845962,60.02,60.0,59.1,61.0,1,0,19.52,19.62,20006,2,0,0,28.11
846468,60.08,60.0,59.1,61.0,1,0,19.37,19.63,20506,2,0,0,28.11
846974,60.08,60.0,59.1,61.0,1,0,19.37,19.63,21006,2,0,0,28.11
847480,60.1,60.0,59.1,61.0,1,0,19.26,19.61,21506,2,0,0,28.08
847986,60.14,60.0,59.1,61.0,1,0,19.09,19.64,22006,2,0,0,28.1
848492,60.14,60.0,59.1,61.0,1,0,19.09,19.64,22506,2,0,0,28.1
848998,60.17,60.0,59.1,61.0,1,0,19.09,19.66,23006,2,0,0,28.11
849504,60.2,60.0,59.1,61.0,1,0,18.75,19.66,23508,2,0,0,28.1
850012,60.2,60.0,59.1,61.0,1,0,18.75,19.65,24009,2,0,0,28.1
850518,60.25,60.0,59.1,61.0,1,0,18.57,19.65,24509,2,0,0,28.1
851024,60.25,60.0,59.1,61.0,1,0,18.57,19.67,25009,2,0,0,28.1
851530,60.25,60.0,59.1,61.0,1,0,18.53,19.65,25509,2,0,0,28.08
852036,60.25,60.0,59.1,61.0,1,0,18.53,19.65,26009,2,0,0,28.08
852542,60.28,60.0,59.1,61.0,1,0,18.29,19.67,26509,2,0,0,28.1
853048,60.28,60.0,59.1,61.0,1,0,18.29,19.67,27009,2,0,0,28.1
853554,60.28,60.0,59.1,61.0,1,0,18.29,19.67,27509,2,0,0,28.1
854060,60.31,60.0,59.1,61.0,1,0,18.01,19.68,28009,2,1,0,28.1
854566,60.31,60.0,59.1,61.0,1,0,18.01,19.68,28509,2,1,0,28.1
855072,60.3,60.0,59.1,61.0,1,0,17.82,19.69,29009,2,1,0,28.11
855578,60.3,60.0,59.1,61.0,1,0,17.82,19.69,29511,2,1,0,28.11
856084,60.3,60.0,59.1,61.0,1,0,17.5,19.69,30012,2,1,0,28.11
856590,60.3,60.0,59.1,61.0,1,0,17.5,19.69,30512,2,1,0,28.11
857096,60.31,60.0,59.1,61.0,1,0,17.76,19.69,31012,2,1,0,28.1
857602,60.31,60.0,59.1,61.0,1,0,17.76,19.68,31512,2,1,0,28.1
858108,60.31,60.0,59.1,61.0,1,0,17.76,19.68,32012,2,1,0,28.1
858614,60.31,60.0,59.1,61.0,1,0,17.76,19.68,32512,2,1,0,28.1
859120,60.24,60.0,59.1,61.0,1,0,17.48,19.66,33012,2,1,0,28.1
859626,60.25,60.0,59.1,61.0,1,0,17.41,19.64,33512,2,1,0,28.07
860132,60.23,60.0,59.1,61.0,1,0,17.17,19.64,34012,2,1,0,28.12
860639,60.23,60.0,59.1,61.0,1,0,17.17,19.69,34512,2,1,0,28.12
861146,60.19,60.0,59.1,61.0,1,0,17.09,19.64,35012,2,1,0,28.08
861652,60.17,60.0,59.1,61.0,1,0,17.24,19.64,35512,2,1,0,28.07
862158,60.12,60.0,59.1,61.0,1,0,17.0,19.62,36012,2,1,0,28.08
862664,60.12,60.0,59.1,61.0,1,0,17.0,19.62,36512,2,1,0,28.08
863170,60.13,60.0,59.1,61.0,1,0,16.61,19.62,37012,2,1,0,28.11
863676,60.13,60.0,59.1,61.0,1,0,16.61,19.65,37512,2,1,0,28.11
864182,60.1,60.0,59.1,61.0,1,0,16.74,19.61,38012,2,1,0,28.08
864688,60.05,60.0,59.1,61.0,1,0,16.61,19.61,38512,2,1,0,28.07
865194,60.05,60.0,59.1,61.0,1,0,16.61,19.59,39012,2,1,0,28.07
865700,60.05,60.0,59.1,61.0,1,0,16.61,19.59,39512,2,1,0,28.07
866206,59.92,60.0,59.1,61.0,0,0,16.46,19.54,0,2,1,0,28.06
866712,59.92,60.0,59.1,61.0,0,0,16.46,19.54,500,2,1,0,28.06
867218,59.86,60.0,59.1,61.0,0,0,16.53,19.54,1000,2,1,0,28.07
867724,59.86,60.0,59.1,61.0,0,0,16.53,19.54,1500,2,1,0,28.07
868230,59.79,60.0,59.1,61.0,0,0,16.07,19.54,2000,2,1,0,28.08
868736,59.75,60.0,59.1,61.0,0,0,16.25,19.53,2500,2,1,0,28.08
869242,59.75,60.0,59.1,61.0,0,0,16.25,19.52,3000,2,1,0,28.08
869748,59.71,60.0,59.1,61.0,0,0,16.1,19.52,3500,2,1,0,28.08
870254,59.71,60.0,59.1,61.0,0,0,16.1,19.51,4000,2,1,0,28.08
870760,59.62,60.0,59.1,61.0,0,0,16.2,19.51,4500,2,1,0,28.07
871266,59.62,60.0,59.1,61.0,0,0,16.2,19.47,5000,2,1,0,28.07
871772,59.54,60.0,59.1,61.0,0,0,15.97,19.47,5500,2,1,0,28.08
872279,59.54,60.0,59.1,61.0,0,0,15.97,19.46,6000,2,1,0,28.08
872785,59.54,60.0,59.1,61.0,0,0,15.97,19.46,6500,2,1,0,28.08
873291,59.54,60.0,59.1,61.0,0,0,15.97,19.46,7000,2,1,0,28.08
873797,59.36,60.0,59.1,61.0,0,0,16.03,19.46,7500,2,1,0,28.08
874303,59.33,60.0,59.1,61.0,0,0,15.92,19.41,8000,2,1,0,28.08
874809,59.28,60.0,59.1,61.0,0,0,16.27,19.41,8500,2,1,0,28.04
875315,59.22,60.0,59.1,61.0,0,0,16.05,19.35,9000,2,1,0,28.08
875821,59.22,60.0,59.1,61.0,0,0,16.05,19.38,10000,2,1,0,28.08
876327,59.13,60.0,59.1,61.0,0,0,15.88,19.34,10500,2,1,0,28.07
876833,59.13,60.0,59.1,61.0,0,0,15.88,19.34,11000,2,1,0,28.07
877339,59.07,60.0,59.1,61.0,0,0,16.14,19.31,11500,2,1,0,28.06
877845,59.07,60.0,59.1,61.0,0,0,16.14,19.31,12000,2,1,0,28.06
878351,58.94,60.0,59.1,61.0,0,0,16.29,19.3,12500,2,1,0,28.08
878857,58.89,60.0,59.1,61.0,0,0,16.31,19.27,13000,2,1,0,28.07
879363,58.87,60.0,59.1,61.0,0,0,16.55,19.26,13500,2,1,0,28.06
879869,58.79,60.0,59.1,61.0,0,0,16.44,19.24,14000,2,1,0,28.07
880375,58.79,60.0,59.1,61.0,0,0,16.44,19.24,14500,2,1,0,28.07
880881,58.79,60.0,59.1,61.0,0,0,16.44,19.24,15000,2,1,0,28.07
881387,58.69,60.0,59.1,61.0,0,0,16.55,19.2,15500,2,1,0,28.06
881893,58.69,60.0,59.1,61.0,0,0,16.55,19.2,16000,2,1,0,28.06
882399,58.6,60.0,59.1,61.0,0,0,16.33,19.21,16500,2,1,0,28.08
882905,58.6,60.0,59.1,61.0,0,0,16.33,19.21,17000,2,1,0,28.08
883411,58.54,60.0,59.1,61.0,0,0,16.72,19.16,17500,2,1,0,28.06
883917,58.48,60.0,59.1,61.0,0,0,16.74,19.15,18000,2,1,0,28.06
884423,58.43,60.0,59.1,61.0,0,0,16.38,19.13,18500,2,1,0,28.06
884929,58.36,60.0,59.1,61.0,0,0,16.87,19.13,19000,2,1,0,28.06
885439,58.3,60.0,59.1,61.0,0,0,16.76,19.12,19500,2,1,0,28.07
885946,58.3,60.0,59.1,61.0,0,0,16.76,19.11,20000,2,1,0,28.07
886452,58.24,60.0,59.1,61.0,0,0,16.92,19.08,20500,2,1,0,28.06
886958,58.24,60.0,59.1,61.0,0,0,16.92,19.08,21000,2,1,0,28.06
887464,58.14,60.0,59.1,61.0,0,0,17.13,19.04,21500,2,1,0,28.04
887970,58.14,60.0,59.1,61.0,0,0,17.13,19.04,22000,2,1,0,28.04
888476,58.11,60.0,59.1,61.0,0,0,17.15,19.05,22500,2,1,0,28.06
888982,58.11,60.0,59.1,61.0,0,0,17.15,19.05,23000,2,1,0,28.06
889489,58.11,60.0,59.1,61.0,0,0,17.15,19.05,23500,2,1,0,28.06
889995,58.03,60.0,59.1,61.0,0,0,17.17,19.05,24000,2,1,0,28.04
890501,58.03,60.0,59.1,61.0,0,0,17.17,19.01,24500,2,1,0,28.04
891007,58.03,60.0,59.1,61.0,0,0,17.17,19.01,25000,2,1,0,28.04
891513,57.91,60.0,59.1,61.0,0,0,17.0,18.99,25500,2,1,0,28.06
892019,57.88,60.0,59.1,61.0,0,0,17.48,18.99,26000,2,1,0,28.04
892525,57.88,60.0,59.1,61.0,0,0,17.48,18.97,26500,2,0,0,28.04
893031,57.85,60.0,59.1,61.0,0,0,17.54,18.97,27000,2,0,0,28.06
893537,57.85,60.0,59.1,61.0,0,0,17.54,18.97,27500,2,0,0,28.06
894043,57.85,60.0,59.1,61.0,0,0,17.54,18.97,28000,2,0,0,28.06
894549,57.77,60.0,59.1,61.0,0,0,17.73,18.94,28500,2,0,0,28.04
895055,57.77,60.0,59.1,61.0,0,0,17.73,18.94,29000,2,0,0,28.04
895561,57.77,60.0,59.1,61.0,0,0,17.73,18.94,29500,2,0,0,28.04
896067,57.72,60.0,59.1,61.0,0,0,17.71,18.94,30000,2,0,0,28.04
896573,57.72,60.0,59.1,61.0,0,0,17.71,18.93,30500,2,0,0,28.04
897079,57.68,60.0,59.1,61.0,0,0,17.82,18.92,31015,2,0,0,28.04
897585,57.64,60.0,59.1,61.0,0,0,17.82,18.92,31515,2,0,0,28.07
898091,57.64,60.0,59.1,61.0,0,0,17.82,18.93,32015,2,0,0,28.07
898611,57.62,60.0,59.1,61.0,0,0,18.04,18.93,32515,2,0,0,28.06
899118,57.62,60.0,59.1,61.0,0,0,18.04,18.91,33015,2,0,0,28.06
899624,57.6,60.0,59.1,61.0,0,0,18.19,18.9,33515,2,0,0,28.06
900130,57.58,60.0,59.1,61.0,0,0,18.12,18.9,34015,2,0,0,28.04
900636,57.6,60.0,59.1,61.0,0,0,18.25,18.89,34515,2,0,0,28.06
901142,57.6,60.0,59.1,61.0,0,0,18.25,18.9,35015,2,0,0,28.06
901648,57.56,60.0,59.1,61.0,0,0,18.21,18.9,35515,2,0,0,28.04
902154,57.56,60.0,59.1,61.0,0,0,18.21,18.88,36015,2,0,0,28.04
902660,57.56,60.0,59.1,61.0,0,0,18.21,18.88,36515,2,0,0,28.04
903166,57.56,60.0,59.1,61.0,0,0,18.21,18.88,37015,2,0,0,28.04
903672,57.52,60.0,59.1,61.0,0,0,18.4,18.88,37515,2,0,0,28.06
904178,57.52,60.0,59.1,61.0,0,0,18.4,18.88,38015,2,0,0,28.06
904684,57.5,60.0,59.1,61.0,0,0,18.44,18.86,38515,2,0,0,28.04
905190,57.54,60.0,59.1,61.0,0,0,18.57,18.89,39015,2,0,0,28.06
905696,57.51,60.0,59.1,61.0,0,0,18.4,18.89,39515,2,0,0,28.07
906202,57.51,60.0,59.1,61.0,0,0,18.4,18.89,40015,2,0,0,28.07
906708,57.5,60.0,59.1,61.0,0,0,18.49,18.89,40515,2,0,0,28.04
907214,57.54,60.0,59.1,61.0,0,0,18.68,18.86,41015,2,0,0,28.06
907720,57.54,60.0,59.1,61.0,0,0,18.68,18.89,41515,2,0,0,28.06
908226,57.51,60.0,59.1,61.0,0,0,18.75,18.89,42015,2,0,0,28.03
908732,57.52,60.0,59.1,61.0,0,0,18.96,18.85,42515,2,0,0,28.04
909238,57.52,60.0,59.1,61.0,0,0,18.51,18.87,43015,2,0,0,28.07
909744,57.52,60.0,59.1,61.0,0,0,18.51,18.9,43515,2,0,0,28.07
910250,57.51,60.0,59.1,61.0,0,0,18.79,18.9,44015,2,0,0,28.06
910756,57.52,60.0,59.1,61.0,0,0,18.79,18.88,44515,2,0,0,28.04
911262,57.55,60.0,59.1,61.0,0,0,18.88,18.87,45015,2,0,0,28.07
911768,57.55,60.0,59.1,61.0,0,0,18.88,18.9,45515,2,0,0,28.07
912274,57.57,60.0,59.1,61.0,0,0,18.98,18.9,46015,2,0,0,28.04
912780,57.57,60.0,59.1,61.0,0,0,18.98,18.88,46515,2,0,0,28.04
913286,57.58,60.0,59.1,61.0,0,0,19.11,18.88,47015,2,0,0,28.04
913792,57.58,60.0,59.1,61.0,0,0,19.11,18.89,47515,2,0,0,28.04
914298,57.58,60.0,59.1,61.0,0,0,18.7,18.89,48015,2,0,0,28.01
914804,57.57,60.0,59.1,61.0,0,0,19.35,18.86,48515,2,0,0,28.04
915310,57.58,60.0,59.1,61.0,0,0,18.98,18.88,49015,2,0,0,28.04
915816,57.6,60.0,59.1,61.0,0,0,18.96,18.89,49515,2,0,0,28.06
916322,57.6,60.0,59.1,61.0,0,0,18.96,18.9,50015,2,0,0,28.06
916828,57.58,60.0,59.1,61.0,0,0,19.46,18.9,50516,2,0,0,28.04
917334,57.58,60.0,59.1,61.0,0,0,19.46,18.89,51017,2,0,0,28.04
917840,57.63,60.0,59.1,61.0,0,0,19.41,18.91,52019,2,0,0,28.06
918346,57.63,60.0,59.1,61.0,0,0,19.41,18.91,52519,2,0,0,28.06
918852,57.63,60.0,59.1,61.0,0,0,19.41,18.91,53019,2,0,0,28.06
919358,57.64,60.0,59.1,61.0,0,0,19.52,18.9,53519,2,0,0,28.04
919864,57.68,60.0,59.1,61.0,0,0,19.48,18.93,54019,2,0,0,28.06
920370,57.68,60.0,59.1,61.0,0,0,19.48,18.93,54519,2,0,0,28.06
920877,57.68,60.0,59.1,61.0,0,0,19.48,18.93,55019,2,0,0,28.06
921383,57.72,60.0,59.1,61.0,0,0,19.31,18.93,55519,2,0,0,28.04
921889,57.7,60.0,59.1,61.0,0,0,19.33,18.91,56019,2,0,0,28.03
922395,57.78,60.0,59.1,61.0,0,0,19.69,18.94,56531,2,0,0,28.04
922901,57.78,60.0,59.1,61.0,0,0,19.69,18.94,57031,2,0,0,28.04
923407,57.78,60.0,59.1,61.0,0,0,19.69,18.94,57531,2,0,0,28.04
923913,57.75,60.0,59.1,61.0,0,0,19.78,18.94,58031,2,0,0,28.04
924419,57.77,60.0,59.1,61.0,0,0,19.65,18.94,58531,2,0,0,28.04
924925,57.77,60.0,59.1,61.0,0,0,19.65,18.94,59031,2,0,0,28.04
925431,57.77,60.0,59.1,61.0,0,0,19.65,18.94,59531,2,0,0,28.04
925937,57.77,60.0,59.1,61.0,0,0,19.65,18.94,60031,2,0,0,28.04
926443,57.77,60.0,59.1,61.0,0,0,19.65,18.94,60531,2,0,0,28.04
926949,57.86,60.0,59.1,61.0,0,0,19.8,18.95,61031,2,0,0,28.03
927455,57.88,60.0,59.1,61.0,0,0,19.63,18.95,61538,2,0,0,28.03
927962,57.89,60.0,59.1,61.0,0,0,19.95,18.95,62038,2,0,0,28.04
928469,57.89,60.0,59.1,61.0,0,0,19.95,18.97,62539,2,0,0,28.04
928975,57.89,60.0,59.1,61.0,0,0,19.95,18.97,63039,2,0,0,28.04
929481,57.89,60.0,59.1,61.0,0,0,19.95,18.97,63539,2,0,0,28.04
929987,57.89,60.0,59.1,61.0,0,0,19.95,18.97,64039,2,0,0,28.04
930493,58.0,60.0,59.1,61.0,0,0,20.04,18.97,64539,2,0,0,28.03
930999,58.0,60.0,59.1,61.0,0,0,20.04,18.99,65039,2,0,0,28.03
931505,58.04,60.0,59.1,61.0,0,0,20.23,19.0,65539,2,0,0,28.03
932011,58.03,60.0,59.1,61.0,0,0,19.89,19.0,66039,2,0,0,28.03
932517,58.03,60.0,59.1,61.0,0,0,19.89,19.0,66539,2,0,0,28.03
933023,58.1,60.0,59.1,61.0,0,0,20.19,19.0,67039,2,0,0,28.04
933529,58.1,60.0,59.1,61.0,0,0,20.19,19.03,67539,2,0,0,28.04
934037,58.1,60.0,59.1,61.0,0,0,20.19,19.03,68039,2,0,0,28.04
934543,58.12,60.0,59.1,61.0,0,0,20.47,19.02,68539,2,0,0,28.03
935049,58.12,60.0,59.1,61.0,0,0,20.47,19.02,69039,2,0,0,28.03
935555,58.14,60.0,59.1,61.0,0,0,20.34,19.04,69539,2,0,0,28.04
936061,58.18,60.0,59.1,61.0,0,0,20.38,19.04,70039,2,0,0,28.06
936567,58.18,60.0,59.1,61.0,0,0,20.38,19.07,70539,2,0,0,28.06
937073,58.21,60.0,59.1,61.0,0,0,20.43,19.07,71039,2,0,0,28.03
937579,58.21,60.0,59.1,61.0,0,0,20.43,19.05,71539,2,0,0,28.03
938085,58.21,60.0,59.1,61.0,0,0,20.43,19.05,72039,2,0,0,28.03
938591,58.26,60.0,59.1,61.0,0,0,20.47,19.05,72542,2,0,0,28.03
939097,58.26,60.0,59.1,61.0,0,0,20.47,19.06,73042,2,0,0,28.03
939603,58.3,60.0,59.1,61.0,0,0,20.6,19.06,73543,2,0,0,28.01
940109,58.3,60.0,59.1,61.0,0,0,20.6,19.06,74043,2,0,0,28.01
940615,58.35,60.0,59.1,61.0,0,0,21.16,19.06,74543,2,0,0,28.06
941122,58.35,60.0,59.1,61.0,0,0,21.16,19.11,75043,2,0,0,28.06
941629,58.33,60.0,59.1,61.0,0,0,20.75,19.08,75543,2,0,0,28.03
942135,58.35,60.0,59.1,61.0,0,0,20.9,19.08,76043,2,0,0,28.01
942641,58.35,60.0,59.1,61.0,0,0,20.9,19.07,76543,2,0,0,28.01
943147,58.35,60.0,59.1,61.0,0,0,20.9,19.07,77043,2,0,0,28.01
943653,58.46,60.0,59.1,61.0,0,0,20.62,19.13,77543,2,0,0,28.04
944159,58.5,60.0,59.1,61.0,0,0,20.75,19.13,78043,2,0,0,28.03
944665,58.5,60.0,59.1,61.0,0,0,20.75,19.12,78543,2,0,0,28.03
945171,58.5,60.0,59.1,61.0,0,0,20.75,19.12,79043,2,0,0,28.03
945677,58.53,60.0,59.1,61.0,0,0,20.86,19.12,79543,2,0,0,28.01
946183,58.53,60.0,59.1,61.0,0,0,20.86,19.12,80043,2,0,0,28.03
946689,58.53,60.0,59.1,61.0,0,0,20.86,19.13,80543,2,0,0,28.03
947195,58.6,60.0,59.1,61.0,0,0,21.12,19.14,81043,2,0,0,28.01
947701,58.63,60.0,59.1,61.0,0,0,20.97,19.14,81543,2,0,0,28.03
948207,58.63,60.0,59.1,61.0,0,0,20.97,19.16,82043,2,0,0,28.03
948713,58.67,60.0,59.1,61.0,0,0,20.94,19.19,82543,2,0,0,28.04
949219,58.67,60.0,59.1,61.0,0,0,20.94,19.19,83043,2,0,0,28.04
949725,58.67,60.0,59.1,61.0,0,0,20.94,19.19,83543,2,0,0,28.04
950231,58.7,60.0,59.1,61.0,0,0,21.05,19.17,84043,2,0,0,28.01
950737,58.73,60.0,59.1,61.0,0,0,21.2,19.17,84543,2,0,0,28.01
951243,58.73,60.0,59.1,61.0,0,0,21.2,19.18,85043,2,0,0,28.01
951749,58.74,60.0,59.1,61.0,0,0,21.38,19.18,85543,2,0,0,28.04
952255,58.74,60.0,59.1,61.0,0,0,21.38,19.21,86043,2,0,0,28.04
952761,58.74,60.0,59.1,61.0,0,0,21.38,19.21,86543,2,0,0,28.04
953267,58.82,60.0,59.1,61.0,0,0,20.79,19.21,87043,2,0,0,28.03
953773,58.86,60.0,59.1,61.0,0,0,21.22,19.21,87543,2,0,0,28.04
954279,58.86,60.0,59.1,61.0,0,0,21.22,19.24,88043,2,0,0,28.04
954785,58.86,60.0,59.1,61.0,0,0,21.22,19.24,88543,2,0,0,28.04
955291,58.9,60.0,59.1,61.0,0,0,21.42,19.24,89043,2,0,0,28.03
955797,58.91,60.0,59.1,61.0,0,0,21.48,19.24,89543,2,0,0,28.01
956303,58.91,60.0,59.1,61.0,0,0,21.48,19.23,90043,2,0,0,28.01
956809,59.01,60.0,59.1,61.0,0,0,21.44,19.23,90543,2,0,0,28.03
957315,59.01,60.0,59.1,61.0,0,0,21.44,19.27,91043,2,0,0,28.03
957821,59.05,60.0,59.1,61.0,0,0,21.42,19.27,91543,2,0,0,28.03
958327,59.05,60.0,59.1,61.0,0,0,21.42,19.28,92043,2,0,0,28.03
958833,59.05,60.0,59.1,61.0,0,0,21.2,19.28,92557,2,0,0,28.03
959339,59.05,60.0,59.1,61.0,0,0,21.2,19.28,93057,2,0,0,28.03
959845,59.05,60.0,59.1,61.0,0,0,21.2,19.28,93557,2,0,0,28.03
960351,59.05,60.0,59.1,61.0,0,0,21.2,19.28,94057,2,0,0,28.03
960857,59.16,60.0,59.1,61.0,0,0,21.53,19.28,94557,2,0,0,28.01
961363,59.16,60.0,59.1,61.0,1,0,21.53,19.29,0,2,0,0,28.01
961869,59.16,60.0,59.1,61.0,1,0,21.53,19.29,500,2,0,0,28.01
962375,59.19,60.0,59.1,61.0,1,0,21.72,19.31,1015,2,0,0,28.03
962881,59.19,60.0,59.1,61.0,1,0,21.72,19.31,1515,2,0,0,28.03
963387,59.19,60.0,59.1,61.0,1,0,21.72,19.31,2015,2,0,0,28.03
963893,59.29,60.0,59.1,61.0,1,0,21.7,19.31,2515,2,0,0,28.03
964399,59.3,60.0,59.1,61.0,1,0,21.59,19.34,3521,2,0,0,28.03
964905,59.3,60.0,59.1,61.0,1,0,21.59,19.34,4021,2,0,0,28.03
965411,59.32,60.0,59.1,61.0,1,0,21.48,19.34,4521,2,0,0,28.01
965917,59.39,60.0,59.1,61.0,1,0,21.61,19.38,5021,2,0,0,28.04
966423,59.35,60.0,59.1,61.0,1,0,21.48,19.34,5521,2,0,0,28.01
966929,59.35,60.0,59.1,61.0,1,0,21.48,19.34,6021,2,0,0,28.01
967435,59.42,60.0,59.1,61.0,1,0,21.4,19.4,6521,2,0,0,28.06
967941,59.43,60.0,59.1,61.0,1,0,21.46,19.37,7021,2,0,0,28.01
968447,59.43,60.0,59.1,61.0,1,0,21.46,19.37,7521,2,0,0,28.01
968953,59.49,60.0,59.1,61.0,1,0,21.25,19.39,8021,2,0,0,28.03
969459,59.49,60.0,59.1,61.0,1,0,21.12,19.41,8521,2,0,0,28.04
969965,59.5,60.0,59.1,61.0,1,0,21.03,19.4,9021,2,0,0,28.03
970471,59.5,60.0,59.1,61.0,1,0,21.03,19.4,9521,2,0,0,28.03
970977,59.53,60.0,59.1,61.0,1,0,21.01,19.39,10021,2,0,0,28.01
971483,59.62,60.0,59.1,61.0,1,0,21.05,19.42,10521,2,0,0,28.01
971989,59.62,60.0,59.1,61.0,1,0,21.05,19.42,11021,2,0,0,28.01
972495,59.62,60.0,59.1,61.0,1,0,21.05,19.42,11521,2,0,0,28.01
973001,59.62,60.0,59.1,61.0,1,0,21.05,19.42,12021,2,0,0,28.01
973507,59.67,60.0,59.1,61.0,1,0,20.53,19.47,12521,2,0,0,28.06
974013,59.67,60.0,59.1,61.0,1,0,20.53,19.47,13021,2,0,0,28.06
974519,59.7,60.0,59.1,61.0,1,0,20.86,19.45,13521,2,0,0,28.03
975025,59.72,60.0,59.1,61.0,1,0,20.38,19.46,14021,2,0,0,28.03
975531,59.72,60.0,59.1,61.0,1,0,20.38,19.46,14521,2,0,0,28.03
976037,59.79,60.0,59.1,61.0,1,0,20.15,19.46,15021,2,0,0,28.01
976543,59.79,60.0,59.1,61.0,1,0,20.15,19.46,15521,2,0,0,28.01
977049,59.84,60.0,59.1,61.0,1,0,19.91,19.49,16021,2,0,0,28.03
977555,59.84,60.0,59.1,61.0,1,0,19.91,19.49,16521,2,0,0,28.03
978061,59.9,60.0,59.1,61.0,1,0,19.8,19.51,17021,2,0,0,28.03
978569,59.9,60.0,59.1,61.0,1,0,19.8,19.51,17521,2,0,0,28.03
979075,59.9,60.0,59.1,61.0,1,0,19.8,19.51,18021,2,0,0,28.03
979581,60.0,60.0,59.1,61.0,1,0,19.63,19.52,18521,2,0,0,28.01
980087,60.0,60.0,59.1,61.0,1,0,19.63,19.52,19021,2,0,0,28.01
980593,60.06,60.0,59.1,61.0,1,0,19.46,19.52,19521,2,0,0,28.0
981099,60.06,60.0,59.1,61.0,1,0,19.46,19.52,20021,2,0,0,28.0
981605,60.12,60.0,59.1,61.0,1,0,19.0,19.52,20521,2,0,0,28.01
982111,60.12,60.0,59.1,61.0,1,0,19.0,19.55,21021,2,0,0,28.01
982617,60.12,60.0,59.1,61.0,1,0,19.0,19.55,21521,2,0,0,28.01
983123,60.22,60.0,59.1,61.0,1,0,19.05,19.55,22021,2,0,0,28.0
983629,60.22,60.0,59.1,61.0,1,0,19.05,19.57,22521,2,0,0,28.0
984135,60.21,60.0,59.1,61.0,1,0,18.88,19.58,23021,2,0,0,28.01
984641,60.25,60.0,59.1,61.0,1,0,18.85,19.58,23521,2,0,0,28.03
985148,60.25,60.0,59.1,61.0,1,0,18.85,19.6,24021,2,0,0,28.03
985655,60.29,60.0,59.1,61.0,1,0,18.7,19.6,24521,2,0,0,28.01
986161,60.36,60.0,59.1,61.0,1,0,18.83,19.6,25021,2,0,0,28.0
986667,60.35,60.0,59.1,61.0,1,0,18.44,19.6,25521,2,0,0,28.03
987173,60.35,60.0,59.1,61.0,1,0,18.44,19.63,26021,2,0,0,28.03
987679,60.35,60.0,59.1,61.0,1,0,18.44,19.63,26521,2,0,0,28.03
988185,60.32,60.0,59.1,61.0,1,0,18.14,19.63,27021,2,0,0,27.98
988691,60.32,60.0,59.1,61.0,1,0,18.14,19.58,27521,2,0,0,27.98
989197,60.36,60.0,59.1,61.0,1,0,18.1,19.58,28021,2,0,0,28.01
989703,60.33,60.0,59.1,61.0,1,0,18.1,19.62,28523,2,1,0,28.0
990209,60.33,60.0,59.1,61.0,1,0,18.1,19.6,29023,2,0,0,28.0
990715,60.36,60.0,59.1,61.0,1,0,17.84,19.6,29523,2,0,0,28.0
991221,60.37,60.0,59.1,61.0,1,0,17.82,19.6,30023,2,1,0,28.0
991727,60.37,60.0,59.1,61.0,1,0,17.82,19.61,30523,2,1,0,28.0
992233,60.39,60.0,59.1,61.0,1,0,17.65,19.62,31023,2,1,0,28.01
992739,60.39,60.0,59.1,61.0,1,0,17.65,19.62,31523,2,1,0,28.01
993258,60.34,60.0,59.1,61.0,1,0,17.45,19.62,32023,2,1,0,28.0
993765,60.34,60.0,59.1,61.0,1,0,17.45,19.6,32523,2,1,0,28.0
994271,60.27,60.0,59.1,61.0,1,0,17.45,19.6,33023,2,1,0,28.0
994777,60.27,60.0,59.1,61.0,1,0,17.45,19.58,33523,2,1,0,28.0
995283,60.26,60.0,59.1,61.0,1,0,17.3,19.58,34023,2,1,0,28.0
995789,60.26,60.0,59.1,61.0,1,0,17.3,19.58,34523,2,1,0,28.0
996295,60.23,60.0,59.1,61.0,1,0,16.92,19.58,35023,2,1,0,28.0
996801,60.22,60.0,59.1,61.0,1,0,16.98,19.57,35523,2,1,0,27.98
997315,60.21,60.0,59.1,61.0,1,0,16.89,19.55,36023,2,1,0,28.0
997822,60.21,60.0,59.1,61.0,1,0,16.89,19.56,36523,2,1,0,28.0
998328,60.21,60.0,59.1,61.0,1,0,16.89,19.56,37023,2,1,0,28.0
998834,60.11,60.0,59.1,61.0,1,0,16.72,19.56,37523,2,1,0,28.0
999340,60.11,60.0,59.1,61.0,1,0,16.72,19.54,38023,2,1,0,28.0
999846,60.11,60.0,59.1,61.0,1,0,16.72,19.54,38523,2,1,0,28.0
1000352,60.11,60.0,59.1,61.0,1,0,16.72,19.54,39023,2,1,0,28.0
1000858,59.96,60.0,59.1,61.0,1,0,16.48,19.54,39523,2,1,0,28.01
1001364,59.96,60.0,59.1,61.0,0,0,16.48,19.51,0,2,1,0,28.01
1001870,59.96,60.0,59.1,61.0,0,0,16.66,19.51,500,2,1,0,28.0
1002376,59.92,60.0,59.1,61.0,0,0,16.27,19.5,1000,2,1,0,28.0
1002882,59.92,60.0,59.1,61.0,0,0,16.27,19.49,1500,2,1,0,28.0
1003388,59.85,60.0,59.1,61.0,0,0,16.27,19.49,2000,2,1,0,28.0
1003894,59.85,60.0,59.1,61.0,0,0,16.27,19.47,2500,2,1,0,28.0
1004400,59.85,60.0,59.1,61.0,0,0,16.27,19.47,3000,2,1,0,28.0
1004906,59.85,60.0,59.1,61.0,0,0,16.27,19.47,4005,2,1,0,28.0
1005412,59.7,60.0,59.1,61.0,0,0,15.66,19.41,4505,2,1,0,27.98
1005918,59.7,60.0,59.1,61.0,0,0,15.66,19.41,5005,2,1,0,27.98
1006435,59.59,60.0,59.1,61.0,0,0,15.84,19.41,5505,2,1,0,27.98
1006942,59.59,60.0,59.1,61.0,0,0,15.84,19.38,6005,2,1,0,27.98
1007448,59.54,60.0,59.1,61.0,0,0,16.05,19.36,6505,2,1,0,27.97
1007954,59.48,60.0,59.1,61.0,0,0,16.1,19.37,7005,2,1,0,28.0
1008460,59.45,60.0,59.1,61.0,0,0,16.18,19.35,7505,2,1,0,27.98
1008966,59.45,60.0,59.1,61.0,0,0,16.18,19.35,8005,2,1,0,27.98
1009472,59.45,60.0,59.1,61.0,0,0,16.18,19.35,8505,2,1,0,27.98
1009978,59.33,60.0,59.1,61.0,0,0,15.99,19.31,9005,2,1,0,27.98
1010484,59.28,60.0,59.1,61.0,0,0,16.59,19.3,9505,2,1,0,27.98
1010995,59.18,60.0,59.1,61.0,0,0,16.07,19.3,10005,2,1,0,27.98
1011502,59.18,60.0,59.1,61.0,0,0,16.07,19.27,10505,2,1,0,27.98
1012008,59.18,60.0,59.1,61.0,0,0,16.07,19.27,11005,2,1,0,27.98
1012514,59.18,60.0,59.1,61.0,0,0,16.07,19.27,11505,2,1,0,27.98
1013020,59.18,60.0,59.1,61.0,0,0,16.07,19.27,12005,2,1,0,27.98
1013526,59.18,60.0,59.1,61.0,0,0,16.07,19.27,12505,2,1,0,27.98
1014032,58.93,60.0,59.1,61.0,0,0,16.25,19.27,13005,2,1,0,27.96
1014538,58.93,60.0,59.1,61.0,0,0,16.25,19.18,13506,2,1,0,27.96
1015044,58.84,60.0,59.1,61.0,0,0,16.44,19.18,14006,2,1,0,27.96
1015550,58.84,60.0,59.1,61.0,0,0,16.44,19.15,14506,2,1,0,27.96
1016056,58.81,60.0,59.1,61.0,0,0,16.53,19.17,15006,2,1,0,27.98
1016562,58.72,60.0,59.1,61.0,0,0,16.57,19.17,15506,2,1,0,27.96
1017070,58.72,60.0,59.1,61.0,0,0,16.57,19.12,16006,2,1,0,27.96
1017577,58.72,60.0,59.1,61.0,0,0,16.57,19.12,16506,2,1,0,27.96
1018083,58.72,60.0,59.1,61.0,0,0,16.57,19.12,17006,2,1,0,27.96
1018589,58.54,60.0,59.1,61.0,0,0,16.63,19.12,17506,2,1,0,27.98
1019095,58.54,60.0,59.1,61.0,0,0,16.63,19.1,18006,2,1,0,27.98
1019601,58.5,60.0,59.1,61.0,0,0,16.61,19.07,18506,2,1,0,27.97
1020107,58.46,60.0,59.1,61.0,0,0,16.96,19.07,19008,2,1,0,27.97
1020613,58.46,60.0,59.1,61.0,0,0,16.96,19.06,19509,2,1,0,27.97
1021119,58.39,60.0,59.1,61.0,0,0,17.0,19.06,20010,2,1,0,27.98
1021625,58.33,60.0,59.1,61.0,0,0,16.89,19.03,20511,2,1,0,27.97
1022131,58.24,60.0,59.1,61.0,0,0,16.98,19.03,21011,2,1,0,27.96
1022637,58.24,60.0,59.1,61.0,0,0,16.98,18.99,21511,2,1,0,27.96
1023143,58.26,60.0,59.1,61.0,0,0,17.0,19.01,22011,2,1,0,27.97
1023649,58.17,60.0,59.1,61.0,0,0,17.07,19.01,22511,2,1,0,27.97
1024155,58.17,60.0,59.1,61.0,0,0,17.07,18.98,23011,2,1,0,27.97
1024661,58.09,60.0,59.1,61.0,0,0,17.09,18.98,23511,2,1,0,27.96
1025167,58.07,60.0,59.1,61.0,0,0,17.45,18.95,24011,2,1,0,27.97
1025673,58.07,60.0,59.1,61.0,0,0,17.45,18.95,24511,2,1,0,27.97
1026179,58.0,60.0,59.1,61.0,0,0,17.56,18.95,25011,2,1,0,27.94
1026685,58.0,60.0,59.1,61.0,0,0,17.56,18.91,25511,2,0,0,27.94
1027191,57.97,60.0,59.1,61.0,0,0,17.45,18.91,26011,2,0,0,27.97
1027697,57.97,60.0,59.1,61.0,0,0,17.45,18.93,26511,2,0,0,27.97
1028203,57.93,60.0,59.1,61.0,0,0,17.63,18.93,27011,2,0,0,27.97
1028710,57.93,60.0,59.1,61.0,0,0,17.63,18.92,27511,2,0,0,27.97
1029217,57.85,60.0,59.1,61.0,0,0,16.81,18.88,28015,2,1,0,27.96
1029723,57.85,60.0,59.1,61.0,0,0,16.81,18.88,28515,2,1,0,27.96
1030229,57.85,60.0,59.1,61.0,0,0,16.81,18.88,29015,2,1,0,27.96
1030735,57.81,60.0,59.1,61.0,0,0,17.37,18.88,29515,2,1,0,27.96
1031241,57.81,60.0,59.1,61.0,0,0,17.37,18.87,30015,2,1,0,27.96
1031747,57.76,60.0,59.1,61.0,0,0,17.88,18.87,30515,2,0,0,27.97
1032253,57.77,60.0,59.1,61.0,0,0,17.8,18.87,31015,2,0,0,27.97
1032759,57.77,60.0,59.1,61.0,0,0,17.8,18.87,31515,2,0,0,27.97
1033265,57.74,60.0,59.1,61.0,0,0,17.88,18.87,32015,2,0,0,27.94
1033771,57.72,60.0,59.1,61.0,0,0,18.16,18.84,32515,2,0,0,27.97
1034277,57.72,60.0,59.1,61.0,0,0,18.16,18.86,33015,2,0,0,27.97
1034783,57.72,60.0,59.1,61.0,0,0,18.16,18.86,33515,2,0,0,27.97
1035289,57.69,60.0,59.1,61.0,0,0,18.14,18.84,34015,2,0,0,27.96
1035795,57.65,60.0,59.1,61.0,0,0,18.12,18.84,34515,2,0,0,27.98
1036301,57.59,60.0,59.1,61.0,0,0,17.6,18.85,35015,2,0,0,27.96
1036811,57.62,60.0,59.1,61.0,0,0,18.23,18.81,35515,2,0,0,27.96
1037318,57.62,60.0,59.1,61.0,0,0,18.23,18.82,36018,2,0,0,27.96
1037824,57.6,60.0,59.1,61.0,0,0,18.23,18.82,36518,2,0,0,27.96
1038330,57.63,60.0,59.1,61.0,0,0,18.16,18.81,37018,2,0,0,27.96
1038836,57.63,60.0,59.1,61.0,0,0,18.16,18.82,37518,2,0,0,27.96
1039342,57.63,60.0,59.1,61.0,0,0,18.34,18.82,38018,2,0,0,27.94
1039848,57.63,60.0,59.1,61.0,0,0,18.34,18.81,38518,2,0,0,27.94
1040354,57.64,60.0,59.1,61.0,0,0,18.49,18.81,39018,2,0,0,27.97
1040860,57.6,60.0,59.1,61.0,0,0,18.6,18.84,39518,2,0,0,27.96
1041366,57.6,60.0,59.1,61.0,0,0,18.49,18.81,40018,2,0,0,27.94
1041872,57.6,60.0,59.1,61.0,0,0,18.49,18.8,40518,2,0,0,27.94
1042378,57.62,60.0,59.1,61.0,0,0,18.75,18.8,41018,2,0,0,27.96
1042884,57.57,60.0,59.1,61.0,0,0,18.4,18.82,41518,2,0,0,27.94
1043390,57.57,60.0,59.1,61.0,0,0,18.4,18.79,42018,2,0,0,27.94
1043896,57.6,60.0,59.1,61.0,0,0,18.68,18.79,42518,2,0,0,27.96
1044402,57.6,60.0,59.1,61.0,0,0,18.68,18.81,43018,2,0,0,27.96
1044908,57.62,60.0,59.1,61.0,0,0,18.7,18.81,43518,2,0,0,27.97
1045414,57.62,60.0,59.1,61.0,0,0,18.7,18.83,44018,2,0,0,27.97
1045920,57.62,60.0,59.1,61.0,0,0,18.7,18.83,45019,2,0,0,27.97
1046426,57.62,60.0,59.1,61.0,0,0,18.88,18.82,45519,2,0,0,27.96
1046932,57.62,60.0,59.1,61.0,0,0,18.88,18.82,46019,2,0,0,27.96
1047438,57.64,60.0,59.1,61.0,0,0,18.79,18.84,46519,2,0,0,27.97
1047944,57.64,60.0,59.1,61.0,0,0,18.79,18.84,47019,2,0,0,27.97
1048450,57.64,60.0,59.1,61.0,0,0,18.79,18.84,47519,2,0,0,27.97
1048956,57.64,60.0,59.1,61.0,0,0,19.05,18.82,48019,2,0,0,27.96
1049462,57.64,60.0,59.1,61.0,0,0,19.05,18.82,48519,2,0,0,27.96
1049968,57.67,60.0,59.1,61.0,0,0,19.09,18.83,49019,2,0,0,27.96
1050474,57.69,60.0,59.1,61.0,0,0,19.16,18.84,49523,2,0,0,27.96
1050980,57.69,60.0,59.1,61.0,0,0,19.16,18.84,50023,2,0,0,27.96
1051486,57.69,60.0,59.1,61.0,0,0,19.2,18.84,50523,2,0,0,27.96
1051992,57.72,60.0,59.1,61.0,0,0,19.33,18.85,51023,2,0,0,27.96
1052498,57.78,60.0,59.1,61.0,0,0,19.41,18.86,51523,2,0,0,27.96
1053008,57.77,60.0,59.1,61.0,0,0,19.46,18.86,52023,2,0,0,27.93
1053515,57.77,60.0,59.1,61.0,0,0,19.46,18.83,52523,2,0,0,27.93
1054021,57.73,60.0,59.1,61.0,0,0,19.48,18.86,53023,2,0,0,27.97
1054527,57.73,60.0,59.1,61.0,0,0,19.48,18.86,53523,2,0,0,27.97
1055033,57.76,60.0,59.1,61.0,0,0,19.54,18.87,54023,2,0,0,27.97
1055539,57.83,60.0,59.1,61.0,0,0,19.37,18.89,54523,2,0,0,27.97
1056045,57.78,60.0,59.1,61.0,0,0,19.5,18.89,55023,2,0,0,27.94
1056551,57.78,60.0,59.1,61.0,0,0,19.5,18.85,55523,2,0,0,27.94
1057057,57.78,60.0,59.1,61.0,0,0,19.5,18.85,56023,2,0,0,27.94
1057563,57.81,60.0,59.1,61.0,0,0,19.61,18.87,56523,2,0,0,27.96
1058069,57.81,60.0,59.1,61.0,0,0,19.61,18.86,57023,2,0,0,27.94
1058575,57.81,60.0,59.1,61.0,0,0,19.61,18.86,57523,2,0,0,27.94
1059081,57.84,60.0,59.1,61.0,0,0,19.8,18.88,58023,2,0,0,27.96
1059587,57.85,60.0,59.1,61.0,0,0,19.76,18.87,58523,2,0,0,27.94
1060093,57.9,60.0,59.1,61.0,0,0,19.91,18.9,59040,2,0,0,27.96
1060599,57.9,60.0,59.1,61.0,0,0,19.91,18.9,59540,2,0,0,27.96
1061105,57.9,60.0,59.1,61.0,0,0,19.84,18.88,60040,2,0,0,27.94
1061611,57.9,60.0,59.1,61.0,0,0,19.84,18.88,60540,2,0,0,27.94
1062117,57.9,60.0,59.1,61.0,0,0,19.84,18.88,61040,2,0,0,27.94
1062623,57.96,60.0,59.1,61.0,0,0,20.0,18.87,61540,2,0,0,27.91
1063129,57.96,60.0,59.1,61.0,0,0,20.0,18.87,62040,2,0,0,27.91
1063635,57.99,60.0,59.1,61.0,0,0,20.08,18.92,62540,2,0,0,27.96
1064141,58.03,60.0,59.1,61.0,0,0,20.04,18.93,63040,2,0,0,27.96
1064647,58.03,60.0,59.1,61.0,0,0,20.04,18.93,63540,2,0,0,27.96
1065153,58.03,60.0,59.1,61.0,0,0,20.0,18.92,64040,2,0,0,27.94
1065659,58.1,60.0,59.1,61.0,0,0,20.15,18.92,64540,2,0,0,27.97
1066165,58.12,60.0,59.1,61.0,0,0,20.17,18.96,65040,2,0,0,27.94
1066671,58.12,60.0,59.1,61.0,0,0,20.17,18.94,65540,2,0,0,27.94
1067177,58.15,60.0,59.1,61.0,0,0,20.08,18.94,66040,2,0,0,27.96
1067683,58.15,60.0,59.1,61.0,0,0,20.08,18.97,66540,2,0,0,27.96
1068189,58.15,60.0,59.1,61.0,0,0,20.08,18.97,67040,2,0,0,27.96
1068695,58.19,60.0,59.1,61.0,0,0,20.38,18.97,67540,2,0,0,27.93
1069201,58.19,60.0,59.1,61.0,0,0,20.38,18.95,68040,2,0,0,27.93
1069707,58.23,60.0,59.1,61.0,0,0,20.38,18.95,68540,2,0,0,27.94
1070213,58.23,60.0,59.1,61.0,0,0,20.38,18.98,69040,2,0,0,27.94
1070719,58.23,60.0,59.1,61.0,0,0,20.38,18.98,69540,2,0,0,27.94
1071225,58.29,60.0,59.1,61.0,0,0,20.49,18.98,70040,2,0,0,27.97
1071731,58.29,60.0,59.1,61.0,0,0,20.49,19.02,70540,2,0,0,27.97
1072237,58.29,60.0,59.1,61.0,0,0,20.49,19.02,71040,2,0,0,27.97
1072743,58.29,60.0,59.1,61.0,0,0,20.49,19.02,71540,2,0,0,27.97
1073249,58.29,60.0,59.1,61.0,0,0,20.49,19.02,72040,2,0,0,27.97
1073755,58.35,60.0,59.1,61.0,0,0,20.58,19.02,72540,2,0,0,27.93
1074261,58.35,60.0,59.1,61.0,0,0,20.58,18.99,73040,2,0,0,27.93
1074767,58.43,60.0,59.1,61.0,0,0,20.21,18.99,73540,2,0,0,27.94
1075273,58.43,60.0,59.1,61.0,0,0,20.21,19.03,74040,2,0,0,27.94
1075779,58.43,60.0,59.1,61.0,0,0,20.66,19.03,74540,2,0,0,27.93
1076285,58.43,60.0,59.1,61.0,0,0,20.66,19.01,75040,2,0,0,27.93
1076791,58.47,60.0,59.1,61.0,0,0,20.64,19.01,75540,2,0,0,27.96
1077297,58.47,60.0,59.1,61.0,0,0,20.64,19.05,76040,2,0,0,27.96
1077803,58.53,60.0,59.1,61.0,0,0,20.86,19.05,76540,2,0,0,27.94
1078309,58.53,60.0,59.1,61.0,0,0,20.86,19.06,77040,2,0,0,27.94
1078815,58.53,60.0,59.1,61.0,0,0,20.86,19.06,77540,2,0,0,27.94
1079321,58.61,60.0,59.1,61.0,0,0,20.73,19.06,78040,2,0,0,27.91
1079827,58.61,60.0,59.1,61.0,0,0,20.73,19.05,78540,2,0,0,27.91
1080333,58.63,60.0,59.1,61.0,0,0,20.84,19.05,79040,2,0,0,27.96
1080839,58.66,60.0,59.1,61.0,0,0,20.77,19.1,79540,2,0,0,27.96
1081345,58.67,60.0,59.1,61.0,0,0,21.1,19.1,80040,2,0,0,27.94
1081851,58.67,60.0,59.1,61.0,0,0,21.1,19.09,80540,2,0,0,27.94
1082357,58.67,60.0,59.1,61.0,0,0,20.84,19.11,81040,2,0,0,27.96
1082863,58.75,60.0,59.1,61.0,0,0,21.03,19.11,81540,2,0,0,27.94
1083369,58.75,60.0,59.1,61.0,0,0,21.07,19.12,82040,2,0,0,27.94
1083875,58.75,60.0,59.1,61.0,0,0,21.07,19.12,82540,2,0,0,27.94
1084381,58.75,60.0,59.1,61.0,0,0,21.03,19.12,83040,2,0,0,27.93
1084887,58.75,60.0,59.1,61.0,0,0,21.03,19.1,83540,2,0,0,27.93
1085393,58.83,60.0,59.1,61.0,0,0,21.18,19.1,84040,2,0,0,27.94
1085899,58.83,60.0,59.1,61.0,0,0,21.18,19.14,84540,2,0,0,27.94
1086405,58.83,60.0,59.1,61.0,0,0,21.18,19.14,85040,2,0,0,27.94
1086911,58.85,60.0,59.1,61.0,0,0,21.18,19.13,85551,2,0,0,27.93
1087417,58.85,60.0,59.1,61.0,0,0,21.18,19.13,86051,2,0,0,27.93
1087923,58.85,60.0,59.1,61.0,0,0,21.18,19.13,86551,2,0,0,27.93
1088429,58.93,60.0,59.1,61.0,0,0,21.74,19.13,87051,2,0,0,27.94
1088935,58.99,60.0,59.1,61.0,0,0,21.2,19.16,87551,2,0,0,27.94
1089441,58.99,60.0,59.1,61.0,0,0,21.2,19.18,88051,2,0,0,27.94
1089947,58.99,60.0,59.1,61.0,0,0,21.22,19.18,88551,2,0,0,27.94
1090453,58.99,60.0,59.1,61.0,0,0,21.22,19.18,89552,2,0,0,27.94
1090974,59.07,60.0,59.1,61.0,0,0,21.42,19.18,90052,2,0,0,27.93
1091481,59.07,60.0,59.1,61.0,0,0,21.42,19.19,90552,2,0,0,27.93
1091987,59.08,60.0,59.1,61.0,0,0,21.44,19.21,91052,2,0,0,27.94
1092493,59.09,60.0,59.1,61.0,0,0,21.51,19.21,91552,2,0,0,27.94
1092999,59.15,60.0,59.1,61.0,1,0,21.33,19.23,0,2,0,0,27.94
1093505,59.15,60.0,59.1,61.0,1,0,21.33,19.23,500,2,0,0,27.94
1094011,59.19,60.0,59.1,61.0,1,0,21.46,19.24,1000,2,0,0,27.94
1094517,59.19,60.0,59.1,61.0,1,0,21.46,19.24,1500,2,0,0,27.94
1095023,59.2,60.0,59.1,61.0,1,0,21.46,19.24,2000,2,0,0,27.94
1095529,59.2,60.0,59.1,61.0,1,0,21.46,19.24,2500,2,0,0,27.94
1096035,59.24,60.0,59.1,61.0,1,0,21.42,19.26,3000,2,0,0,27.96
1096541,59.24,60.0,59.1,61.0,1,0,21.42,19.26,3500,2,0,0,27.96
1097047,59.24,60.0,59.1,61.0,1,0,21.35,19.22,4000,2,0,0,27.91
1097553,59.24,60.0,59.1,61.0,1,0,21.35,19.22,4500,2,0,0,27.91
1098059,59.32,60.0,59.1,61.0,1,0,21.4,19.26,5000,2,0,0,27.93
1098565,59.32,60.0,59.1,61.0,1,0,21.4,19.26,5500,2,0,0,27.93
1099071,59.37,60.0,59.1,61.0,1,0,21.22,19.3,6000,2,0,0,27.96
1099577,59.37,60.0,59.1,61.0,1,0,21.2,19.26,6514,2,0,0,27.91
1100083,59.37,60.0,59.1,61.0,1,0,21.2,19.26,7014,2,0,0,27.91
1100589,59.46,60.0,59.1,61.0,1,0,21.05,19.29,7514,2,0,0,27.93
1101095,59.46,60.0,59.1,61.0,1,0,21.05,19.29,8014,2,0,0,27.93
1101601,59.47,60.0,59.1,61.0,1,0,21.03,19.3,8514,2,0,0,27.93
1102107,59.47,60.0,59.1,61.0,1,0,21.03,19.3,9014,2,0,0,27.93
1102613,59.52,60.0,59.1,61.0,1,0,20.77,19.33,9514,2,0,0,27.94
1103119,59.56,60.0,59.1,61.0,1,0,20.66,19.33,10014,2,0,0,27.91
1103635,59.57,60.0,59.1,61.0,1,0,20.75,19.31,10514,2,0,0,27.94
1104142,59.57,60.0,59.1,61.0,1,0,20.75,19.34,11014,2,0,0,27.94
1104648,59.57,60.0,59.1,61.0,1,0,20.75,19.34,11514,2,0,0,27.94
1105154,59.63,60.0,59.1,61.0,1,0,20.71,19.33,12014,2,0,0,27.91
1105660,59.63,60.0,59.1,61.0,1,0,20.71,19.33,12514,2,0,0,27.91
1106166,59.63,60.0,59.1,61.0,1,0,20.71,19.33,13017,2,0,0,27.91
1106672,59.72,60.0,59.1,61.0,1,0,20.3,19.39,13518,2,0,0,27.96
1107178,59.72,60.0,59.1,61.0,1,0,20.32,19.39,14018,2,0,0,27.96
1107684,59.75,60.0,59.1,61.0,1,0,20.04,19.39,14524,2,0,0,27.94
1108190,59.75,60.0,59.1,61.0,1,0,20.04,19.39,15024,2,0,0,27.94
1108696,59.8,60.0,59.1,61.0,1,0,20.1,19.39,15524,2,0,0,27.93
1109202,59.8,60.0,59.1,61.0,1,0,20.1,19.39,16024,2,0,0,27.93
1109708,59.8,60.0,59.1,61.0,1,0,20.1,19.39,16524,2,0,0,27.93
1110214,59.9,60.0,59.1,61.0,1,0,19.74,19.4,17024,2,0,0,27.91
1110720,59.9,60.0,59.1,61.0,1,0,19.74,19.4,17524,2,0,0,27.91
1111226,59.93,60.0,59.1,61.0,1,0,20.06,19.41,18024,2,0,0,27.91
1111732,59.93,60.0,59.1,61.0,1,0,20.06,19.41,18524,2,0,0,27.91
1112238,60.03,60.0,59.1,61.0,1,0,19.18,19.41,19024,2,0,0,27.94
1112744,60.02,60.0,59.1,61.0,1,0,19.24,19.46,19524,2,0,0,27.91
1113250,60.02,60.0,59.1,61.0,1,0,19.24,19.43,20024,2,0,0,27.91
1113756,60.04,60.0,59.1,61.0,1,0,18.9,19.47,20524,2,0,0,27.94
1114262,60.04,60.0,59.1,61.0,1,0,18.9,19.47,21024,2,0,0,27.94
1114768,60.12,60.0,59.1,61.0,1,0,19.11,19.49,21524,2,0,0,27.94
1115274,60.16,60.0,59.1,61.0,1,0,18.51,19.48,22024,2,0,0,27.93
1115780,60.17,60.0,59.1,61.0,1,0,18.77,19.49,22528,2,0,0,27.93
1116287,60.21,60.0,59.1,61.0,1,0,18.7,19.49,23028,2,0,0,27.91
1116794,60.21,60.0,59.1,61.0,1,0,18.7,19.48,23528,2,0,0,27.91
1117300,60.23,60.0,59.1,61.0,1,0,18.72,19.48,24028,2,0,0,27.93
1117806,60.27,60.0,59.1,61.0,1,0,18.44,19.5,24528,2,0,0,27.91
1118312,60.27,60.0,59.1,61.0,1,0,18.44,19.5,25028,2,0,0,27.91
1118818,60.26,60.0,59.1,61.0,1,0,18.21,19.5,25528,2,0,0,27.94
1119324,60.29,60.0,59.1,61.0,1,0,18.38,19.52,26028,2,0,0,27.91
1119830,60.32,60.0,59.1,61.0,1,0,18.19,19.51,26528,2,0,0,27.94
1120336,60.32,60.0,59.1,61.0,1,0,18.19,19.54,27028,2,0,0,27.94
1120842,60.31,60.0,59.1,61.0,1,0,18.23,19.52,27528,2,0,0,27.93
1121348,60.31,60.0,59.1,61.0,1,0,18.23,19.52,28028,2,0,0,27.93
1121854,60.29,60.0,59.1,61.0,1,0,17.95,19.52,28528,2,0,0,27.9
1122360,60.29,60.0,59.1,61.0,1,0,17.95,19.49,29028,2,1,0,27.9
1122866,60.34,60.0,59.1,61.0,1,0,17.71,19.49,29528,2,1,0,27.91
1123372,60.32,60.0,59.1,61.0,1,0,17.65,19.52,30028,2,1,0,27.93
1123878,60.32,60.0,59.1,61.0,1,0,17.65,19.53,30528,2,1,0,27.93
1124385,60.32,60.0,59.1,61.0,1,0,17.65,19.53,31031,2,1,0,27.93
1124892,60.3,60.0,59.1,61.0,1,0,17.39,19.51,31533,2,1,0,27.91
1125398,60.3,60.0,59.1,61.0,1,0,17.39,19.51,32033,2,1,0,27.91
1125904,60.25,60.0,59.1,61.0,1,0,16.66,19.51,32533,2,1,0,27.91
1126410,60.27,60.0,59.1,61.0,1,0,17.24,19.5,33033,2,1,0,27.93
1126916,60.27,60.0,59.1,61.0,1,0,17.24,19.51,33533,2,1,0,27.93
1127422,60.27,60.0,59.1,61.0,1,0,17.24,19.51,34033,2,1,0,27.93
1127928,60.19,60.0,59.1,61.0,1,0,17.0,19.51,34533,2,1,0,27.91
1128434,60.19,60.0,59.1,61.0,1,0,17.0,19.48,35033,2,1,0,27.91
1128940,60.19,60.0,59.1,61.0,1,0,17.0,19.48,35533,2,1,0,27.91
1129446,60.14,60.0,59.1,61.0,1,0,16.85,19.48,36035,2,1,0,27.91
1129952,60.14,60.0,59.1,61.0,1,0,16.85,19.47,36536,2,1,0,27.91
1130458,60.11,60.0,59.1,61.0,1,0,16.68,19.47,37036,2,1,0,27.9
1130964,60.11,60.0,59.1,61.0,1,0,16.68,19.44,37536,2,1,0,27.9
1131470,60.06,60.0,59.1,61.0,1,0,16.57,19.44,38036,2,1,0,27.9
1131976,60.06,60.0,59.1,61.0,1,0,16.57,19.43,38536,2,1,0,27.9
1132482,60.02,60.0,59.1,61.0,1,0,16.38,19.43,39036,2,1,0,27.91
1132988,59.95,60.0,59.1,61.0,1,0,16.38,19.43,39536,2,1,0,27.91
1133494,59.95,60.0,59.1,61.0,0,0,16.38,19.41,0,2,1,0,27.91
1134000,59.87,60.0,59.1,61.0,0,0,16.14,19.41,500,2,1,0,27.93
1134506,59.87,60.0,59.1,61.0,0,0,16.14,19.41,1503,2,1,0,27.93
1135012,59.82,60.0,59.1,61.0,0,0,16.29,19.37,2003,2,1,0,27.9
1135518,59.77,60.0,59.1,61.0,0,0,15.99,19.37,2503,2,1,0,27.91
1136024,59.7,60.0,59.1,61.0,0,0,15.6,19.33,3003,2,1,0,27.9
1136530,59.7,60.0,59.1,61.0,0,0,15.6,19.33,3503,2,1,0,27.9
1137036,59.65,60.0,59.1,61.0,0,0,15.84,19.33,4011,2,1,0,27.91
1137542,59.65,60.0,59.1,61.0,0,0,15.84,19.33,4511,2,1,0,27.91
1138048,59.6,60.0,59.1,61.0,0,0,15.99,19.32,5011,2,1,0,27.91
1138554,59.54,60.0,59.1,61.0,0,0,16.05,19.29,5511,2,1,0,27.9
1139060,59.49,60.0,59.1,61.0,0,0,15.84,19.29,6011,2,1,0,27.91
1139566,59.49,60.0,59.1,61.0,0,0,15.84,19.29,6511,2,1,0,27.91
1140072,59.41,60.0,59.1,61.0,0,0,15.64,19.24,7011,2,1,0,27.89
1140578,59.41,60.0,59.1,61.0,0,0,15.64,19.24,7511,2,1,0,27.89
1141084,59.3,60.0,59.1,61.0,0,0,15.97,19.21,8011,2,1,0,27.89
1141590,59.3,60.0,59.1,61.0,0,0,15.97,19.21,8511,2,1,0,27.89
1142096,59.21,60.0,59.1,61.0,0,0,16.05,19.19,9011,2,1,0,27.89
1142602,59.21,60.0,59.1,61.0,0,0,16.05,19.19,9511,2,1,0,27.89
1143108,59.12,60.0,59.1,61.0,0,0,15.94,19.19,10011,2,1,0,27.9
1143614,59.12,60.0,59.1,61.0,0,0,15.94,19.18,10511,2,1,0,27.9
1144120,59.09,60.0,59.1,61.0,0,0,16.05,19.14,11011,2,1,0,27.87
1144626,59.0,60.0,59.1,61.0,0,0,16.03,19.15,11511,2,1,0,27.9
1145133,58.93,60.0,59.1,61.0,0,0,16.12,19.15,12011,2,1,0,27.9
1145640,58.93,60.0,59.1,61.0,0,0,16.12,19.13,12511,2,1,0,27.9
1146146,58.86,60.0,59.1,61.0,0,0,16.33,19.09,13011,2,1,0,27.89
1146652,58.86,60.0,59.1,61.0,0,0,16.33,19.09,13526,2,1,0,27.89
1147158,58.78,60.0,59.1,61.0,0,0,16.85,19.09,14026,2,1,0,27.9
1147664,58.78,60.0,59.1,61.0,0,0,16.85,19.09,14526,2,1,0,27.9
1148170,58.71,60.0,59.1,61.0,0,0,16.29,19.07,15026,2,1,0,27.9
1148676,58.67,60.0,59.1,61.0,0,0,16.03,19.03,15526,2,1,0,27.87
1149182,58.67,60.0,59.1,61.0,0,0,16.03,19.03,16026,2,1,0,27.87
1149688,58.56,60.0,59.1,61.0,0,0,16.53,19.0,16526,2,1,0,27.87
1150194,58.49,60.0,59.1,61.0,0,0,16.55,19.0,17026,2,1,0,27.86
1150700,58.49,60.0,59.1,61.0,0,0,16.55,18.97,17526,2,1,0,27.86
1151206,58.43,60.0,59.1,61.0,0,0,16.79,18.95,18026,2,1,0,27.86
1151712,58.43,60.0,59.1,61.0,0,0,16.79,18.95,18526,2,1,0,27.86
1152218,58.35,60.0,59.1,61.0,0,0,16.59,18.94,19026,2,1,0,27.87
1152724,58.35,60.0,59.1,61.0,0,0,16.59,18.94,19526,2,1,0,27.87
1153230,58.28,60.0,59.1,61.0,0,0,16.72,18.92,20026,2,1,0,27.87
1153736,58.22,60.0,59.1,61.0,0,0,16.72,18.92,20526,2,1,0,27.87
1154251,58.17,60.0,59.1,61.0,0,0,16.89,18.9,21026,2,1,0,27.89
1154758,58.17,60.0,59.1,61.0,0,0,16.89,18.91,21526,2,1,0,27.89
1155264,58.17,60.0,59.1,61.0,0,0,16.89,18.91,22026,2,1,0,27.89
1155770,58.08,60.0,59.1,61.0,0,0,17.13,18.91,22526,2,1,0,27.89
1156276,58.08,60.0,59.1,61.0,0,0,17.13,18.88,23026,2,1,0,27.89
1156782,58.0,60.0,59.1,61.0,0,0,16.98,18.86,23526,2,1,0,27.89
1157288,58.0,60.0,59.1,61.0,0,0,16.98,18.86,24026,2,1,0,27.89
1157794,57.95,60.0,59.1,61.0,0,0,17.11,18.86,24526,2,1,0,27.89
1158300,57.95,60.0,59.1,61.0,0,0,17.11,18.85,25026,2,1,0,27.89
1158806,57.89,60.0,59.1,61.0,0,0,17.22,18.83,25526,2,1,0,27.89
1159312,57.89,60.0,59.1,61.0,0,0,17.22,18.83,26026,2,1,0,27.89
1159818,57.84,60.0,59.1,61.0,0,0,17.26,18.79,26526,2,1,0,27.86
1160324,57.81,60.0,59.1,61.0,0,0,17.45,18.79,27026,2,1,0,27.87
1160830,57.83,60.0,59.1,61.0,0,0,17.48,18.79,27526,2,0,0,27.87
1161336,57.76,60.0,59.1,61.0,0,0,17.52,18.8,28026,2,0,0,27.86
1161842,57.76,60.0,59.1,61.0,0,0,17.52,18.77,28526,2,0,0,27.86
1162348,57.74,60.0,59.1,61.0,0,0,17.86,18.77,29026,2,0,0,27.87
1162854,57.68,60.0,59.1,61.0,0,0,17.67,18.77,29526,2,0,0,27.89
1163360,57.68,60.0,59.1,61.0,0,0,17.67,18.77,30026,2,0,0,27.89
1163866,57.67,60.0,59.1,61.0,0,0,17.69,18.75,30526,2,0,0,27.87
1164372,57.65,60.0,59.1,61.0,0,0,17.86,18.75,31026,2,0,0,27.87
1164878,57.65,60.0,59.1,61.0,0,0,17.86,18.75,31526,2,0,0,27.87
1165384,57.64,60.0,59.1,61.0,0,0,17.97,18.75,32026,2,0,0,27.87
1165890,57.64,60.0,59.1,61.0,0,0,17.97,18.74,32526,2,0,0,27.87
1166396,57.61,60.0,59.1,61.0,0,0,17.88,18.72,33026,2,0,0,27.86
1166902,57.61,60.0,59.1,61.0,0,0,17.88,18.72,33526,2,0,0,27.86
1167408,57.61,60.0,59.1,61.0,0,0,17.88,18.72,34026,2,0,0,27.86
1167914,57.56,60.0,59.1,61.0,0,0,17.91,18.72,34526,2,0,0,27.89
1168420,57.56,60.0,59.1,61.0,0,0,17.91,18.74,35026,2,0,0,27.89
1168926,57.57,60.0,59.1,61.0,0,0,18.19,18.74,35526,2,0,0,27.86
1169432,57.57,60.0,59.1,61.0,0,0,18.19,18.71,36026,2,0,0,27.86
1169938,57.55,60.0,59.1,61.0,0,0,18.21,18.71,36526,2,0,0,27.87
1170445,57.52,60.0,59.1,61.0,0,0,18.27,18.72,37026,2,0,0,27.86
1170952,57.52,60.0,59.1,61.0,0,0,18.27,18.7,37526,2,0,0,27.86
1171458,57.5,60.0,59.1,61.0,0,0,18.19,18.7,38026,2,0,0,27.86
1171964,57.52,60.0,59.1,61.0,0,0,18.27,18.69,38526,2,0,0,27.87
1172470,57.52,60.0,59.1,61.0,0,0,18.38,18.71,39026,2,0,0,27.86
1172976,57.52,60.0,59.1,61.0,0,0,18.38,18.7,39526,2,0,0,27.86
1173482,57.53,60.0,59.1,61.0,0,0,18.34,18.71,40032,2,0,0,27.87
1173988,57.5,60.0,59.1,61.0,0,0,18.38,18.71,40532,2,0,0,27.86
1174494,57.5,60.0,59.1,61.0,0,0,18.38,18.69,41032,2,0,0,27.86
1175000,57.5,60.0,59.1,61.0,0,0,18.57,18.69,41532,2,0,0,27.87
1175507,57.54,60.0,59.1,61.0,0,0,18.34,18.71,42032,2,0,0,27.86
1176014,57.54,60.0,59.1,61.0,0,0,18.34,18.7,42532,2,0,0,27.86
1176520,57.54,60.0,59.1,61.0,0,0,19.13,18.7,43032,2,0,0,27.87
1177026,57.54,60.0,59.1,61.0,0,0,19.13,18.72,43532,2,0,0,27.87
1177532,57.55,60.0,59.1,61.0,0,0,18.77,18.72,44032,2,0,0,27.86
1178038,57.55,60.0,59.1,61.0,0,0,18.77,18.71,45035,2,0,0,27.86
1178544,57.54,60.0,59.1,61.0,0,0,18.7,18.7,45535,2,0,0,27.86
1179050,57.57,60.0,59.1,61.0,0,0,18.79,18.72,46035,2,0,0,27.87
1179556,57.57,60.0,59.1,61.0,0,0,18.79,18.72,46535,2,0,0,27.87
1180062,57.55,60.0,59.1,61.0,0,0,18.92,18.69,47035,2,0,0,27.84
1180568,57.55,60.0,59.1,61.0,0,0,18.92,18.69,47535,2,0,0,27.84
1181074,57.59,60.0,59.1,61.0,0,0,18.98,18.75,48036,2,0,0,27.89
1181580,57.59,60.0,59.1,61.0,0,0,18.94,18.72,48537,2,0,0,27.86
1182086,57.59,60.0,59.1,61.0,0,0,18.94,18.72,49037,2,0,0,27.86
1182592,57.6,60.0,59.1,61.0,0,0,19.11,18.71,49537,2,0,0,27.84
1183098,57.6,60.0,59.1,61.0,0,0,19.11,18.71,50037,2,0,0,27.84
1183604,57.63,60.0,59.1,61.0,0,0,18.9,18.73,50537,2,0,0,27.86
1184110,57.6,60.0,59.1,61.0,0,0,19.31,18.71,51037,2,0,0,27.84
1184616,57.6,60.0,59.1,61.0,0,0,19.31,18.71,51537,2,0,0,27.84
1185122,57.64,60.0,59.1,61.0,0,0,19.22,18.72,52037,2,0,0,27.84
1185628,57.66,60.0,59.1,61.0,0,0,19.2,18.72,52537,2,0,0,27.86
1186134,57.66,60.0,59.1,61.0,0,0,19.2,18.74,53037,2,0,0,27.86
1186640,57.66,60.0,59.1,61.0,0,0,19.2,18.74,53537,2,0,0,27.86
1187146,57.69,60.0,59.1,61.0,0,0,19.16,18.75,54037,2,0,0,27.86
1187653,57.69,60.0,59.1,61.0,0,0,19.16,18.75,54537,2,0,0,27.86
1188160,57.73,60.0,59.1,61.0,0,0,20.0,18.77,55037,2,0,0,27.87
1188666,57.74,60.0,59.1,61.0,0,0,19.48,18.76,55537,2,0,0,27.86
1189172,57.74,60.0,59.1,61.0,0,0,19.48,18.76,56039,2,0,0,27.86
1189678,57.74,60.0,59.1,61.0,0,0,19.41,18.76,56540,2,0,0,27.86
1190184,57.77,60.0,59.1,61.0,0,0,19.48,18.77,57041,2,0,0,27.86
1190690,57.77,60.0,59.1,61.0,0,0,19.48,18.77,57541,2,0,0,27.86
1191196,57.81,60.0,59.1,61.0,0,0,19.56,18.77,58041,2,0,0,27.86
1191718,57.79,60.0,59.1,61.0,0,0,19.2,18.78,58541,2,0,0,27.84
1192225,57.79,60.0,59.1,61.0,0,0,19.2,18.76,59041,2,0,0,27.84
1192731,57.79,60.0,59.1,61.0,0,0,19.2,18.76,59541,2,0,0,27.84
1193237,57.83,60.0,59.1,61.0,0,0,19.76,18.8,60041,2,0,0,27.87
1193743,57.83,60.0,59.1,61.0,0,0,19.76,18.8,60541,2,0,0,27.87
1194249,57.91,60.0,59.1,61.0,0,0,19.69,18.82,61041,2,0,0,27.87
1194755,57.91,60.0,59.1,61.0,0,0,19.69,18.82,61541,2,0,0,27.87
1195261,57.91,60.0,59.1,61.0,0,0,19.69,18.82,62041,2,0,0,27.87
1195767,57.91,60.0,59.1,61.0,0,0,19.82,18.81,62549,2,0,0,27.86
1196273,57.91,60.0,59.1,61.0,0,0,19.82,18.81,63049,2,0,0,27.86
1196779,57.93,60.0,59.1,61.0,0,0,19.87,18.8,63549,2,0,0,27.84
1197285,57.93,60.0,59.1,61.0,0,0,19.87,18.8,64049,2,0,0,27.84
1197791,57.93,60.0,59.1,61.0,0,0,19.87,18.8,64549,2,0,0,27.84
1198297,58.02,60.0,59.1,61.0,0,0,20.02,18.8,65049,2,0,0,27.84
1198803,58.09,60.0,59.1,61.0,0,0,20.1,18.82,65549,2,0,0,27.84
1199309,58.09,60.0,59.1,61.0,0,0,20.1,18.84,66049,2,0,0,27.84
1199815,58.06,60.0,59.1,61.0,0,0,19.93,18.85,66549,2,0,0,27.86
1200321,58.08,60.0,59.1,61.0,0,0,20.12,18.85,67049,2,0,0,27.86
1200827,58.13,60.0,59.1,61.0,0,0,20.08,18.85,67549,2,0,0,27.86
1201333,58.13,60.0,59.1,61.0,0,0,20.08,18.87,68049,2,0,0,27.86
1201839,58.13,60.0,59.1,61.0,0,0,20.08,18.87,68549,2,0,0,27.86
1202345,58.13,60.0,59.1,61.0,0,0,19.67,18.87,69049,2,0,0,27.86
1202851,58.13,60.0,59.1,61.0,0,0,19.67,18.87,69549,2,0,0,27.86
1203357,58.13,60.0,59.1,61.0,0,0,19.67,18.87,70049,2,0,0,27.86
1203863,58.24,60.0,59.1,61.0,0,0,20.15,18.87,70549,2,0,0,27.89
1204369,58.24,60.0,59.1,61.0,0,0,20.15,18.92,71049,2,0,0,27.89
1204875,58.24,60.0,59.1,61.0,0,0,20.38,18.9,71549,2,0,0,27.86
1205381,58.24,60.0,59.1,61.0,0,0,20.38,18.9,72049,2,0,0,27.86
1205887,58.3,60.0,59.1,61.0,0,0,20.34,18.9,72549,2,0,0,27.86
1206393,58.35,60.0,59.1,61.0,0,0,20.45,18.92,73049,2,0,0,27.86
1206899,58.35,60.0,59.1,61.0,0,0,20.45,18.93,73549,2,0,0,27.86
1207405,58.36,60.0,59.1,61.0,0,0,20.43,18.94,74049,2,0,0,27.87
1207911,58.37,60.0,59.1,61.0,0,0,20.4,18.94,74549,2,0,0,27.86
1208417,58.37,60.0,59.1,61.0,0,0,20.4,18.93,75049,2,0,0,27.86
1208923,58.43,60.0,59.1,61.0,0,0,20.56,18.93,75549,2,0,0,27.84
1209429,58.43,60.0,59.1,61.0,0,0,20.56,18.94,76049,2,0,0,27.84
1209935,58.48,60.0,59.1,61.0,0,0,20.66,18.94,76549,2,0,0,27.87
1210441,58.48,60.0,59.1,61.0,0,0,20.81,18.98,77049,2,0,0,27.86
1210951,58.47,60.0,59.1,61.0,0,0,20.58,18.96,77549,2,0,0,27.81
1211458,58.47,60.0,59.1,61.0,0,0,20.58,18.92,78049,2,0,0,27.81
1211964,58.5,60.0,59.1,61.0,0,0,20.51,18.97,78552,2,0,0,27.86
1212470,58.5,60.0,59.1,61.0,0,0,20.51,18.97,79052,2,0,0,27.86
1212976,58.5,60.0,59.1,61.0,0,0,20.51,18.97,79552,2,0,0,27.86
1213482,58.58,60.0,59.1,61.0,0,0,20.81,19.0,80052,2,0,0,27.87
1213988,58.59,60.0,59.1,61.0,0,0,20.86,19.0,80552,2,0,0,27.84
1214495,58.59,60.0,59.1,61.0,0,0,20.86,18.98,81052,2,0,0,27.84
1215002,58.69,60.0,59.1,61.0,0,0,20.88,18.98,81552,2,0,0,27.86
1215508,58.69,60.0,59.1,61.0,0,0,20.88,19.02,82052,2,0,0,27.86
1216014,58.69,60.0,59.1,61.0,0,0,20.88,19.02,82552,2,0,0,27.84
1216520,58.73,60.0,59.1,61.0,0,0,20.81,19.01,83052,2,0,0,27.87
1217026,58.72,60.0,59.1,61.0,0,0,20.9,19.04,83552,2,0,0,27.83
1217532,58.72,60.0,59.1,61.0,0,0,20.9,19.0,84052,2,0,0,27.83
1218038,58.72,60.0,59.1,61.0,0,0,20.9,19.0,84552,2,0,0,27.83
1218544,58.8,60.0,59.1,61.0,0,0,21.03,19.0,85052,2,0,0,27.84
1219051,58.79,60.0,59.1,61.0,0,0,20.84,19.04,85552,2,0,0,27.81
1219558,58.79,60.0,59.1,61.0,0,0,20.84,19.01,86059,2,0,0,27.81
1220064,58.84,60.0,59.1,61.0,0,0,21.18,19.05,87061,2,0,0,27.84
1220570,58.84,60.0,59.1,61.0,0,0,21.18,19.05,87561,2,0,0,27.84
1221076,58.84,60.0,59.1,61.0,0,0,21.18,19.05,88061,2,0,0,27.84
1221582,58.9,60.0,59.1,61.0,0,0,21.12,19.07,88561,2,0,0,27.84
1222088,58.9,60.0,59.1,61.0,0,0,21.12,19.07,89061,2,0,0,27.84
1222594,58.92,60.0,59.1,61.0,0,0,21.12,19.08,89561,2,0,0,27.86
1223100,58.94,60.0,59.1,61.0,0,0,21.29,19.09,90061,2,0,0,27.86
1223606,58.94,60.0,59.1,61.0,0,0,21.29,19.09,90561,2,0,0,27.86
1224112,59.0,60.0,59.1,61.0,0,0,21.2,19.09,91061,2,0,0,27.84
1224618,59.03,60.0,59.1,61.0,0,0,21.16,19.1,91561,2,0,0,27.84
1225124,59.09,60.0,59.1,61.0,0,0,21.33,19.14,92061,2,0,0,27.87
1225630,59.09,60.0,59.1,61.0,0,0,21.33,19.14,92561,2,0,0,27.87
1226136,59.1,60.0,59.1,61.0,1,0,21.29,19.13,0,2,0,0,27.86
1226642,59.1,60.0,59.1,61.0,1,0,21.29,19.13,501,2,0,0,27.86
1227148,59.17,60.0,59.1,61.0,1,0,21.25,19.15,1002,2,0,0,27.86
1227654,59.16,60.0,59.1,61.0,1,0,21.33,19.15,1503,2,0,0,27.86
1228161,59.17,60.0,59.1,61.0,1,0,21.42,19.15,2003,2,0,0,27.86
1228668,59.17,60.0,59.1,61.0,1,0,21.42,19.15,2503,2,0,0,27.86
1229174,59.17,60.0,59.1,61.0,1,0,21.42,19.15,3003,2,0,0,27.86
1229680,59.24,60.0,59.1,61.0,1,0,21.46,19.16,3503,2,0,0,27.84
1230186,59.24,60.0,59.1,61.0,1,0,21.46,19.16,4003,2,0,0,27.84
1230692,59.26,60.0,59.1,61.0,1,0,21.31,19.16,4503,2,0,0,27.84
1231198,59.33,60.0,59.1,61.0,1,0,21.53,19.19,5003,2,0,0,27.86
1231717,59.33,60.0,59.1,61.0,1,0,21.1,19.19,5503,2,0,0,27.83
1232224,59.33,60.0,59.1,61.0,1,0,21.1,19.17,6003,2,0,0,27.83
1232730,59.34,60.0,59.1,61.0,1,0,21.12,19.17,6503,2,0,0,27.83
1233236,59.39,60.0,59.1,61.0,1,0,21.12,19.19,7003,2,0,0,27.83
1233742,59.4,60.0,59.1,61.0,1,0,21.07,19.2,7503,2,0,0,27.84
1234248,59.43,60.0,59.1,61.0,1,0,20.94,19.2,8003,2,0,0,27.84
1234754,59.43,60.0,59.1,61.0,1,0,20.94,19.21,8503,2,0,0,27.84
1235260,59.46,60.0,59.1,61.0,1,0,20.69,19.21,9003,2,0,0,27.83
1235766,59.46,60.0,59.1,61.0,1,0,20.69,19.21,9503,2,0,0,27.83
1236272,59.49,60.0,59.1,61.0,1,0,20.71,19.21,10003,2,0,0,27.83
1236778,59.52,60.0,59.1,61.0,1,0,20.6,19.25,10503,2,0,0,27.86
1237284,59.59,60.0,59.1,61.0,1,0,20.4,19.25,11003,2,0,0,27.84
1237790,59.59,60.0,59.1,61.0,1,0,20.4,19.25,11503,2,0,0,27.84
1238296,59.59,60.0,59.1,61.0,1,0,20.4,19.25,12004,2,0,0,27.84
1238802,59.64,60.0,59.1,61.0,1,0,20.25,19.25,12504,2,0,0,27.84
1239308,59.64,60.0,59.1,61.0,1,0,20.25,19.27,13004,2,0,0,27.84
1239814,59.64,60.0,59.1,61.0,1,0,20.25,19.27,13504,2,0,0,27.84
1240320,59.7,60.0,59.1,61.0,1,0,20.34,19.3,14004,2,0,0,27.86
1240826,59.74,60.0,59.1,61.0,1,0,20.06,19.29,14504,2,0,0,27.84
1241332,59.73,60.0,59.1,61.0,1,0,19.89,19.29,15004,2,0,0,27.81
1241838,59.73,60.0,59.1,61.0,1,0,19.89,19.26,15504,2,0,0,27.81
1242344,59.82,60.0,59.1,61.0,1,0,20.0,19.32,16004,2,0,0,27.84
1242850,59.82,60.0,59.1,61.0,1,0,20.0,19.32,16504,2,0,0,27.84
1243356,59.82,60.0,59.1,61.0,1,0,19.63,19.32,17004,2,0,0,27.84
1243862,59.82,60.0,59.1,61.0,1,0,19.63,19.32,17504,2,0,0,27.84
1244368,59.87,60.0,59.1,61.0,1,0,19.46,19.3,18004,2,0,0,27.81
1244874,59.92,60.0,59.1,61.0,1,0,19.46,19.3,18504,2,0,0,27.84
1245380,59.92,60.0,59.1,61.0,1,0,19.46,19.34,19004,2,0,0,27.84
1245886,59.92,60.0,59.1,61.0,1,0,19.46,19.34,19505,2,0,0,27.84
1246392,59.92,60.0,59.1,61.0,1,0,19.46,19.34,20005,2,0,0,27.84
1246898,59.92,60.0,59.1,61.0,1,0,19.46,19.34,20505,2,0,0,27.84
1247404,60.06,60.0,59.1,61.0,1,0,18.81,19.34,21005,2,0,0,27.84
1247910,60.06,60.0,59.1,61.0,1,0,18.81,19.38,21505,2,0,0,27.84
1248416,60.09,60.0,59.1,61.0,1,0,18.92,19.36,22005,2,0,0,27.81
1248922,60.09,60.0,59.1,61.0,1,0,18.92,19.36,22505,2,0,0,27.81
1249428,60.09,60.0,59.1,61.0,1,0,18.92,19.36,23005,2,0,0,27.81
1249934,60.19,60.0,59.1,61.0,1,0,17.91,19.4,23505,2,0,0,27.83
1250440,60.22,60.0,59.1,61.0,1,0,18.68,19.41,24018,2,0,0,27.83
1250946,60.19,60.0,59.1,61.0,1,0,18.62,19.41,24518,2,0,0,27.81
1251452,60.19,60.0,59.1,61.0,1,0,18.62,19.39,25018,2,0,0,27.81
1251958,60.22,60.0,59.1,61.0,1,0,18.27,19.41,25518,2,0,0,27.83
1252465,60.26,60.0,59.1,61.0,1,0,18.14,19.41,26018,2,0,0,27.81
1252972,60.26,60.0,59.1,61.0,1,0,18.14,19.41,26518,2,0,0,27.81
1253478,60.29,60.0,59.1,61.0,1,0,18.29,19.41,27018,2,0,0,27.83
1253984,60.29,60.0,59.1,61.0,1,0,18.29,19.43,27518,2,0,0,27.83
1254490,60.27,60.0,59.1,61.0,1,0,17.91,19.43,28018,2,0,0,27.84
1254996,60.27,60.0,59.1,61.0,1,0,17.91,19.43,28518,2,1,0,27.84
1255502,60.28,60.0,59.1,61.0,1,0,17.71,19.43,29018,2,1,0,27.83
1256008,60.27,60.0,59.1,61.0,1,0,17.54,19.42,29518,2,1,0,27.83
1256514,60.27,60.0,59.1,61.0,1,0,17.54,19.42,30018,2,1,0,27.83
1257020,60.29,60.0,59.1,61.0,1,0,17.73,19.42,30518,2,1,0,27.83
1257526,60.27,60.0,59.1,61.0,1,0,17.41,19.43,31018,2,1,0,27.84
1258032,60.25,60.0,59.1,61.0,1,0,17.26,19.43,31518,2,1,0,27.8
1258538,60.25,60.0,59.1,61.0,1,0,17.26,19.39,32018,2,1,0,27.8
1259044,60.23,60.0,59.1,61.0,1,0,17.2,19.39,32518,2,1,0,27.83
1259550,60.23,60.0,59.1,61.0,1,0,17.2,19.41,33018,2,1,0,27.83
1260056,60.17,60.0,59.1,61.0,1,0,17.24,19.38,33528,2,1,0,27.81
1260562,60.18,60.0,59.1,61.0,1,0,16.98,19.38,34028,2,1,0,27.81
1261068,60.17,60.0,59.1,61.0,1,0,16.94,19.38,34528,2,1,0,27.83
1261574,60.17,60.0,59.1,61.0,1,0,16.94,19.4,35028,2,1,0,27.83
1262080,60.13,60.0,59.1,61.0,1,0,16.63,19.4,35528,2,1,0,27.81
1262586,60.13,60.0,59.1,61.0,1,0,16.63,19.37,36028,2,1,0,27.81
1263092,60.07,60.0,59.1,61.0,1,0,16.85,19.37,36528,2,1,0,27.84
1263598,60.07,60.0,59.1,61.0,1,0,16.85,19.38,37534,2,1,0,27.84
1264104,60.0,60.0,59.1,61.0,1,0,16.53,19.34,38034,2,1,0,27.81
1264610,60.0,60.0,59.1,61.0,1,0,16.53,19.34,38534,2,1,0,27.81
1265116,59.93,60.0,59.1,61.0,1,0,16.16,19.32,39034,2,1,0,27.81
1265623,59.94,60.0,59.1,61.0,1,0,16.31,19.32,39534,2,1,0,27.81
1266130,59.94,60.0,59.1,61.0,0,0,16.31,19.32,0,2,1,0,27.81
1266636,59.86,60.0,59.1,61.0,0,0,16.25,19.31,500,2,1,0,27.83
1267142,59.79,60.0,59.1,61.0,0,0,16.35,19.27,1000,2,1,0,27.8
1267648,59.79,60.0,59.1,61.0,0,0,16.12,19.27,1500,2,1,0,27.8
1268154,59.79,60.0,59.1,61.0,0,0,16.12,19.27,2000,2,1,0,27.8
1268660,59.79,60.0,59.1,61.0,0,0,16.12,19.27,2500,2,1,0,27.8
1269169,59.79,60.0,59.1,61.0,0,0,16.12,19.27,3000,2,1,0,27.8
1269675,59.6,60.0,59.1,61.0,0,0,15.81,19.27,3500,2,1,0,27.8
1270181,59.6,60.0,59.1,61.0,0,0,15.81,19.22,4000,2,1,0,27.8
1270687,59.56,60.0,59.1,61.0,0,0,15.84,19.22,4500,2,1,0,27.81
1271193,59.49,60.0,59.1,61.0,0,0,15.73,19.2,5000,2,1,0,27.81
1271699,59.49,60.0,59.1,61.0,0,0,15.73,19.2,5500,2,1,0,27.81
1272205,59.43,60.0,59.1,61.0,0,0,15.86,19.17,6000,2,1,0,27.8
1272711,59.43,60.0,59.1,61.0,0,0,15.86,19.17,6500,2,1,0,27.8
1273217,59.34,60.0,59.1,61.0,0,0,15.84,19.17,7000,2,1,0,27.83
1273723,59.34,60.0,59.1,61.0,0,0,15.84,19.17,7500,2,1,0,27.83
1274229,59.27,60.0,59.1,61.0,0,0,15.86,19.14,8012,2,1,0,27.81
1274735,59.22,60.0,59.1,61.0,0,0,15.84,19.14,8512,2,1,0,27.79
1275241,59.22,60.0,59.1,61.0,0,0,15.84,19.1,9012,2,1,0,27.79
1275747,59.15,60.0,59.1,61.0,0,0,15.73,19.08,9512,2,1,0,27.79
1276253,59.1,60.0,59.1,61.0,0,0,15.75,19.08,10012,2,1,0,27.8
1276759,59.1,60.0,59.1,61.0,0,0,15.75,19.08,10512,2,1,0,27.8
1277265,59.0,60.0,59.1,61.0,0,0,16.1,19.05,11012,2,1,0,27.8
1277771,59.0,60.0,59.1,61.0,0,0,16.1,19.05,11512,2,1,0,27.8
1278277,58.94,60.0,59.1,61.0,0,0,16.07,19.05,12012,2,1,0,27.81
1278783,58.87,60.0,59.1,61.0,0,0,15.99,19.05,12512,2,1,0,27.81
1279289,58.8,60.0,59.1,61.0,0,0,16.1,19.03,13012,2,1,0,27.8
1279795,58.8,60.0,59.1,61.0,0,0,16.1,19.0,13512,2,1,0,27.8
1280301,58.8,60.0,59.1,61.0,0,0,16.1,19.0,14012,2,1,0,27.8
1280807,58.8,60.0,59.1,61.0,0,0,16.1,19.0,14512,2,1,0,27.8
1281313,58.8,60.0,59.1,61.0,0,0,16.1,19.0,15012,2,1,0,27.8
1281819,58.57,60.0,59.1,61.0,0,0,16.35,19.0,15512,2,1,0,27.79
1282325,58.57,60.0,59.1,61.0,0,0,16.35,18.92,16012,2,1,0,27.79
1282831,58.57,60.0,59.1,61.0,0,0,16.35,18.92,16512,2,1,0,27.79
1283337,58.57,60.0,59.1,61.0,0,0,16.35,18.92,17012,2,1,0,27.79
1283843,58.43,60.0,59.1,61.0,0,0,16.53,18.89,17512,2,1,0,27.79
1284349,58.38,60.0,59.1,61.0,0,0,16.51,18.88,18012,2,1,0,27.8
1284855,58.38,60.0,59.1,61.0,0,0,16.51,18.88,18512,2,1,0,27.8
1285361,58.29,60.0,59.1,61.0,0,0,16.76,18.88,19012,2,1,0,27.79
1285867,58.29,60.0,59.1,61.0,0,0,16.76,18.85,19512,2,1,0,27.79
1286373,58.29,60.0,59.1,61.0,0,0,16.76,18.85,20012,2,1,0,27.79
1286879,58.15,60.0,59.1,61.0,0,0,16.66,18.85,20512,2,1,0,27.8
1287385,58.15,60.0,59.1,61.0,0,0,16.66,18.82,21012,2,1,0,27.8
1287891,58.15,60.0,59.1,61.0,0,0,16.66,18.82,21512,2,1,0,27.8
1288397,58.15,60.0,59.1,61.0,0,0,16.66,18.82,22012,2,1,0,27.8
1288903,58.03,60.0,59.1,61.0,0,0,16.92,18.82,22512,2,1,0,27.8
1289409,58.03,60.0,59.1,61.0,0,0,16.92,18.79,23012,2,1,0,27.8
1289915,58.03,60.0,59.1,61.0,0,0,16.92,18.79,23512,2,1,0,27.8
1290421,57.96,60.0,59.1,61.0,0,0,16.92,18.76,24012,2,1,0,27.79
1290927,57.96,60.0,59.1,61.0,0,0,16.92,18.76,24512,2,1,0,27.79
1291433,57.91,60.0,59.1,61.0,0,0,17.04,18.76,25012,2,1,0,27.79
1291939,57.85,60.0,59.1,61.0,0,0,17.35,18.74,25512,2,1,0,27.74
1292445,57.85,60.0,59.1,61.0,0,0,17.35,18.68,26012,2,0,0,27.74
1292951,57.83,60.0,59.1,61.0,0,0,17.07,18.72,26513,2,1,0,27.79
1293457,57.75,60.0,59.1,61.0,0,0,17.28,18.72,27013,2,1,0,27.79
1293963,57.75,60.0,59.1,61.0,0,0,17.28,18.7,27513,2,0,0,27.79
1294469,57.77,60.0,59.1,61.0,0,0,17.35,18.69,28013,2,0,0,27.77
1294975,57.75,60.0,59.1,61.0,0,0,17.45,18.68,28513,2,0,0,27.77
1295481,57.75,60.0,59.1,61.0,0,0,17.45,18.68,29013,2,0,0,27.77
1295987,57.65,60.0,59.1,61.0,0,0,17.58,18.68,29513,2,0,0,27.76
1296493,57.65,60.0,59.1,61.0,0,0,17.58,18.64,30013,2,0,0,27.76
1296999,57.65,60.0,59.1,61.0,0,0,17.58,18.64,30513,2,0,0,27.76
1297505,57.65,60.0,59.1,61.0,0,0,17.58,18.64,31013,2,0,0,27.76
1298011,57.64,60.0,59.1,61.0,0,0,17.6,18.67,31513,2,0,0,27.79
1298517,57.64,60.0,59.1,61.0,0,0,17.6,18.67,32013,2,0,0,27.79
1299023,57.58,60.0,59.1,61.0,0,0,17.67,18.67,32513,2,0,0,27.8
1299529,57.58,60.0,59.1,61.0,0,0,17.67,18.66,33013,2,0,0,27.8
1300035,57.57,60.0,59.1,61.0,0,0,17.73,18.66,33513,2,0,0,27.77
1300541,57.57,60.0,59.1,61.0,0,0,17.73,18.64,34013,2,0,0,27.77
1301047,57.57,60.0,59.1,61.0,0,0,17.73,18.64,34513,2,0,0,27.77
1301553,57.53,60.0,59.1,61.0,0,0,17.99,18.64,35013,2,0,0,27.77
1302059,57.53,60.0,59.1,61.0,0,0,17.99,18.62,35513,2,0,0,27.77
1302565,57.53,60.0,59.1,61.0,0,0,18.64,18.62,36013,2,0,0,27.77
1303071,57.5,60.0,59.1,61.0,0,0,18.14,18.62,36513,2,0,0,27.77
1303577,57.5,60.0,59.1,61.0,0,0,18.14,18.62,37013,2,0,0,27.77
1304083,57.5,60.0,59.1,61.0,0,0,18.14,18.62,37513,2,0,0,27.77
1304589,57.5,60.0,59.1,61.0,0,0,18.14,18.62,38014,2,0,0,27.77
1305095,57.5,60.0,59.1,61.0,0,0,18.14,18.62,38514,2,0,0,27.77
1305601,57.5,60.0,59.1,61.0,0,0,18.53,18.62,39014,2,0,0,27.79
1306107,57.5,60.0,59.1,61.0,0,0,18.27,18.63,39514,2,0,0,27.77
1306613,57.5,60.0,59.1,61.0,0,0,18.27,18.62,40015,2,0,0,27.77
1307119,57.48,60.0,59.1,61.0,0,0,18.23,18.62,40521,2,0,0,27.79
1307625,57.48,60.0,59.1,61.0,0,0,18.23,18.62,41527,2,0,0,27.79
1308131,57.54,60.0,59.1,61.0,0,0,18.44,18.63,42027,2,0,0,27.77
1308637,57.5,60.0,59.1,61.0,0,0,18.21,18.6,42527,2,0,0,27.76
1309143,57.47,60.0,59.1,61.0,0,0,18.47,18.62,43027,2,0,0,27.79
1309649,57.47,60.0,59.1,61.0,0,0,18.47,18.62,43527,2,0,0,27.79
1310155,57.53,60.0,59.1,61.0,0,0,18.57,18.65,44027,2,0,0,27.8
1310661,57.5,60.0,59.1,61.0,0,0,18.7,18.62,44527,2,0,0,27.77
1311167,57.51,60.0,59.1,61.0,0,0,18.53,18.6,45027,2,0,0,27.76
1311673,57.53,60.0,59.1,61.0,0,0,18.66,18.62,45539,2,0,0,27.77
1312179,57.53,60.0,59.1,61.0,0,0,18.66,18.62,46039,2,0,0,27.77
1312685,57.55,60.0,59.1,61.0,0,0,18.88,18.63,46539,2,0,0,27.77
1313191,57.52,60.0,59.1,61.0,0,0,18.77,18.62,47039,2,0,0,27.77
1313697,57.52,60.0,59.1,61.0,0,0,18.77,18.62,47539,2,0,0,27.77
1314204,57.53,60.0,59.1,61.0,0,0,19.03,18.62,48039,2,0,0,27.77
1314711,57.53,60.0,59.1,61.0,0,0,19.03,18.62,48539,2,0,0,27.77
1315217,57.53,60.0,59.1,61.0,0,0,19.03,18.62,49039,2,0,0,27.77
1315723,57.57,60.0,59.1,61.0,0,0,19.11,18.62,49539,2,0,0,27.76
1316229,57.6,60.0,59.1,61.0,0,0,19.05,18.63,50039,2,0,0,27.76
1316735,57.59,60.0,59.1,61.0,0,0,18.94,18.63,50539,2,0,0,27.77
1317241,57.59,60.0,59.1,61.0,0,0,18.94,18.64,51039,2,0,0,27.77
1317747,57.67,60.0,59.1,61.0,0,0,19.24,18.66,51539,2,0,0,27.77
1318253,57.6,60.0,59.1,61.0,0,0,19.11,18.63,52039,2,0,0,27.76
1318759,57.66,60.0,59.1,61.0,0,0,19.13,18.63,52539,2,0,0,27.79
1319265,57.66,60.0,59.1,61.0,0,0,19.13,18.67,53039,2,0,0,27.79
1319771,57.61,60.0,59.1,61.0,0,0,19.2,18.63,53539,2,0,0,27.76
1320277,57.66,60.0,59.1,61.0,0,0,18.98,18.66,54056,2,0,0,27.77
1320783,57.67,60.0,59.1,61.0,0,0,19.28,18.66,54556,2,0,0,27.77
1321289,57.67,60.0,59.1,61.0,0,0,19.28,18.66,55056,2,0,0,27.77
1321795,57.71,60.0,59.1,61.0,0,0,19.31,18.69,55556,2,0,0,27.79
1322301,57.72,60.0,59.1,61.0,0,0,19.35,18.69,56056,2,0,0,27.76
1322807,57.72,60.0,59.1,61.0,0,0,19.35,18.66,56556,2,0,0,27.76
1323313,57.76,60.0,59.1,61.0,0,0,19.5,18.67,57056,2,0,0,27.76
1323819,57.76,60.0,59.1,61.0,0,0,19.5,18.67,57556,2,0,0,27.76
1324325,57.77,60.0,59.1,61.0,0,0,19.74,18.69,58056,2,0,0,27.77
1324831,57.77,60.0,59.1,61.0,0,0,19.74,18.69,58556,2,0,0,27.77
1325337,57.82,60.0,59.1,61.0,0,0,19.61,18.69,59056,2,0,0,27.76
1325843,57.84,60.0,59.1,61.0,0,0,19.67,18.69,59556,2,0,0,27.77
1326349,57.84,60.0,59.1,61.0,0,0,19.67,18.71,60056,2,0,0,27.77
1326855,57.85,60.0,59.1,61.0,0,0,19.72,18.7,60556,2,0,0,27.76
1327361,57.85,60.0,59.1,61.0,0,0,19.72,18.7,61056,2,0,0,27.76
1327867,57.87,60.0,59.1,61.0,0,0,19.93,18.73,61556,2,0,0,27.79
1328373,57.87,60.0,59.1,61.0,0,0,19.93,18.73,62056,2,0,0,27.79
1328879,57.93,60.0,59.1,61.0,0,0,19.67,18.74,62556,2,0,0,27.77
1329385,57.93,60.0,59.1,61.0,0,0,19.67,18.74,63056,2,0,0,27.77
1329891,57.97,60.0,59.1,61.0,0,0,20.47,18.73,63556,2,0,0,27.76
1330397,57.98,60.0,59.1,61.0,0,0,19.74,18.73,64056,2,0,0,27.76
1330903,57.98,60.0,59.1,61.0,0,0,19.95,18.73,64556,2,0,0,27.76
1331422,58.01,60.0,59.1,61.0,0,0,19.89,18.73,65056,2,0,0,27.8
1331929,58.01,60.0,59.1,61.0,0,0,19.89,18.78,65556,2,0,0,27.8
1332435,58.02,60.0,59.1,61.0,0,0,19.89,18.76,66056,2,0,0,27.77
1332941,58.06,60.0,59.1,61.0,0,0,20.06,18.77,66556,2,0,0,27.77
1333447,58.06,60.0,59.1,61.0,0,0,20.06,18.77,67056,2,0,0,27.77
1333953,58.06,60.0,59.1,61.0,0,0,20.06,18.77,67556,2,0,0,27.77
1334459,58.12,60.0,59.1,61.0,0,0,20.17,18.77,68056,2,0,0,27.76
1334965,58.13,60.0,59.1,61.0,0,0,20.12,18.77,68556,2,0,0,27.76
1335471,58.13,60.0,59.1,61.0,0,0,20.12,18.77,69056,2,0,0,27.76
1335977,58.13,60.0,59.1,61.0,0,0,20.12,18.77,69556,2,0,0,27.76
1336483,58.13,60.0,59.1,61.0,0,0,20.12,18.77,70056,2,0,0,27.76
1336989,58.13,60.0,59.1,61.0,0,0,20.12,18.77,70556,2,0,0,27.76
1337495,58.2,60.0,59.1,61.0,0,0,20.43,18.81,71056,2,0,0,27.77
1338001,58.2,60.0,59.1,61.0,0,0,20.43,18.81,71556,2,0,0,27.77
1338507,58.27,60.0,59.1,61.0,0,0,19.76,18.81,72056,2,0,0,27.77
1339013,58.27,60.0,59.1,61.0,0,0,19.76,18.83,72556,2,0,0,27.77
1339519,58.28,60.0,59.1,61.0,0,0,20.32,18.83,73056,2,0,0,27.73
1340025,58.33,60.0,59.1,61.0,0,0,20.23,18.79,73556,2,0,0,27.77
1340531,58.33,60.0,59.1,61.0,0,0,20.23,18.85,74056,2,0,0,27.77
1341037,58.35,60.0,59.1,61.0,0,0,20.45,18.85,74556,2,0,0,27.77
1341543,58.35,60.0,59.1,61.0,0,0,20.45,18.85,75056,2,0,0,27.77
1342049,58.43,60.0,59.1,61.0,0,0,20.53,18.85,75556,2,0,0,27.77
1342556,58.39,60.0,59.1,61.0,0,0,20.56,18.87,76058,2,0,0,27.79
1343063,58.39,60.0,59.1,61.0,0,0,20.56,18.87,76558,2,0,0,27.79
1343569,58.45,60.0,59.1,61.0,0,0,21.07,18.88,77062,2,0,0,27.77
1344075,58.45,60.0,59.1,61.0,0,0,21.07,18.88,77562,2,0,0,27.77
1344581,58.45,60.0,59.1,61.0,0,0,21.07,18.88,78062,2,0,0,27.77
1345087,58.49,60.0,59.1,61.0,0,0,20.73,18.88,78562,2,0,0,27.76
1345593,58.49,60.0,59.1,61.0,0,0,20.73,18.87,79062,2,0,0,27.76
1346099,58.49,60.0,59.1,61.0,0,0,20.73,18.87,79562,2,0,0,27.76
1346605,58.56,60.0,59.1,61.0,0,0,20.62,18.87,80062,2,0,0,27.77
1347111,58.61,60.0,59.1,61.0,0,0,20.43,18.91,80562,2,0,0,27.77
1347617,58.61,60.0,59.1,61.0,0,0,20.43,18.92,81062,2,0,0,27.77
1348123,58.64,60.0,59.1,61.0,0,0,21.35,18.92,81562,2,0,0,27.76
1348629,58.64,60.0,59.1,61.0,0,0,21.35,18.91,82062,2,0,0,27.76
1349135,58.7,60.0,59.1,61.0,0,0,20.64,18.91,82562,2,0,0,27.76
1349641,58.7,60.0,59.1,61.0,0,0,20.64,18.93,83062,2,0,0,27.76
1350147,58.7,60.0,59.1,61.0,0,0,21.01,18.93,83562,2,0,0,27.77
1350653,58.7,60.0,59.1,61.0,0,0,21.01,18.95,84062,2,0,0,27.77
1351159,58.75,60.0,59.1,61.0,0,0,20.64,18.95,84562,2,0,0,27.77
1351665,58.77,60.0,59.1,61.0,0,0,21.01,18.95,85567,2,0,0,27.76
1352171,58.77,60.0,59.1,61.0,0,0,21.01,18.95,86067,2,0,0,27.76
1352677,58.78,60.0,59.1,61.0,0,0,21.22,18.95,86567,2,0,0,27.76
1353183,58.84,60.0,59.1,61.0,0,0,20.97,18.97,87067,2,0,0,27.76
1353689,58.84,60.0,59.1,61.0,0,0,20.97,18.97,87567,2,0,0,27.76
1354196,58.84,60.0,59.1,61.0,0,0,21.1,18.97,88067,2,0,0,27.76
1354702,58.9,60.0,59.1,61.0,0,0,21.2,18.97,88567,2,0,0,27.74
1355208,58.91,60.0,59.1,61.0,0,0,21.03,18.97,89067,2,0,0,27.77
1355714,58.91,60.0,59.1,61.0,0,0,21.03,19.0,89567,2,0,0,27.77
1356220,58.91,60.0,59.1,61.0,0,0,21.03,19.0,90067,2,0,0,27.77
1356726,58.91,60.0,59.1,61.0,0,0,21.03,19.0,90567,2,0,0,27.77
1357232,58.94,60.0,59.1,61.0,0,0,21.05,18.98,91067,2,0,0,27.74
1357738,59.03,60.0,59.1,61.0,0,0,21.22,19.01,91567,2,0,0,27.74
1358244,59.03,60.0,59.1,61.0,0,0,21.22,19.01,92067,2,0,0,27.74
1358750,59.04,60.0,59.1,61.0,0,0,21.22,19.03,92567,2,0,0,27.76
1359256,59.08,60.0,59.1,61.0,0,0,21.33,19.03,93067,2,0,0,27.76
1359762,59.08,60.0,59.1,61.0,0,0,21.33,19.03,93567,2,0,0,27.76
1360268,59.12,60.0,59.1,61.0,1,0,21.2,19.04,0,2,0,0,27.76
1360774,59.12,60.0,59.1,61.0,1,0,21.2,19.04,500,2,0,0,27.76
1361280,59.16,60.0,59.1,61.0,1,0,21.27,19.07,1000,2,0,0,27.77
1361786,59.16,60.0,59.1,61.0,1,0,21.27,19.07,1500,2,0,0,27.77
1362292,59.19,60.0,59.1,61.0,1,0,21.18,19.07,2000,2,0,0,27.73
1362798,59.19,60.0,59.1,61.0,1,0,21.18,19.04,2500,2,0,0,27.73
1363304,59.19,60.0,59.1,61.0,1,0,21.18,19.04,3000,2,0,0,27.73
1363810,59.19,60.0,59.1,61.0,1,0,21.18,19.04,3500,2,0,0,27.73
1364316,59.28,60.0,59.1,61.0,1,0,21.2,19.04,4000,2,0,0,27.73
1364828,59.3,60.0,59.1,61.0,1,0,21.2,19.06,4500,2,0,0,27.76
1365335,59.3,60.0,59.1,61.0,1,0,21.2,19.09,5000,2,0,0,27.76
1365841,59.34,60.0,59.1,61.0,1,0,21.16,19.1,5500,2,0,0,27.76
1366347,59.34,60.0,59.1,61.0,1,0,21.16,19.1,6000,2,0,0,27.76
1366853,59.34,60.0,59.1,61.0,1,0,21.16,19.1,6500,2,0,0,27.76
1367359,59.44,60.0,59.1,61.0,1,0,21.12,19.15,7000,2,0,0,27.77
1367865,59.44,60.0,59.1,61.0,1,0,21.12,19.15,7500,2,0,0,27.77
1368371,59.47,60.0,59.1,61.0,1,0,20.86,19.15,8000,2,0,0,27.74
1368877,59.47,60.0,59.1,61.0,1,0,20.86,19.13,8500,2,0,0,27.74
1369383,59.47,60.0,59.1,61.0,1,0,20.86,19.13,9000,2,0,0,27.74
1369889,59.53,60.0,59.1,61.0,1,0,20.69,19.13,9500,2,0,0,27.76
1370395,59.53,60.0,59.1,61.0,1,0,20.69,19.16,10000,2,0,0,27.76
1370901,59.53,60.0,59.1,61.0,1,0,20.69,19.16,10500,2,0,0,27.76
1371407,59.58,60.0,59.1,61.0,1,0,20.12,19.16,11000,2,0,0,27.77
1371913,59.58,60.0,59.1,61.0,1,0,20.12,19.18,11500,2,0,0,27.77
1372419,59.6,60.0,59.1,61.0,1,0,20.49,19.19,12000,2,0,0,27.77
1372925,59.66,60.0,59.1,61.0,1,0,20.47,19.19,12500,2,0,0,27.76
1373431,59.66,60.0,59.1,61.0,1,0,20.47,19.19,13000,2,0,0,27.76
1373937,59.71,60.0,59.1,61.0,1,0,20.1,19.2,13500,2,0,0,27.76
1374443,59.71,60.0,59.1,61.0,1,0,20.1,19.2,14000,2,0,0,27.76
1374949,59.74,60.0,59.1,61.0,1,0,20.15,19.2,14508,2,0,0,27.74
1375455,59.74,60.0,59.1,61.0,1,0,20.15,19.2,15008,2,0,0,27.74
1375961,59.74,60.0,59.1,61.0,1,0,20.15,19.2,15508,2,0,0,27.74
1376467,59.74,60.0,59.1,61.0,1,0,20.15,19.2,16008,2,0,0,27.74
1376973,59.83,60.0,59.1,61.0,1,0,19.76,19.21,16508,2,0,0,27.73
1377479,59.83,60.0,59.1,61.0,1,0,19.76,19.21,17008,2,0,0,27.73
1377985,59.83,60.0,59.1,61.0,1,0,19.76,19.21,17508,2,0,0,27.73
1378491,59.94,60.0,59.1,61.0,1,0,19.54,19.24,18008,2,0,0,27.73
1378997,60.01,60.0,59.1,61.0,1,0,19.31,19.24,18512,2,0,0,27.76
1379503,60.01,60.0,59.1,61.0,1,0,19.31,19.28,19012,2,0,0,27.76
1380009,60.0,60.0,59.1,61.0,1,0,19.16,19.28,19512,2,0,0,27.73
1380515,60.04,60.0,59.1,61.0,1,0,18.88,19.26,20012,2,0,0,27.73
1381021,60.04,60.0,59.1,61.0,1,0,18.88,19.27,20512,2,0,0,27.73
1381527,60.04,60.0,59.1,61.0,1,0,18.88,19.27,21012,2,0,0,27.73
1382033,60.04,60.0,59.1,61.0,1,0,18.88,19.27,21512,2,0,0,27.73
1382539,60.04,60.0,59.1,61.0,1,0,18.88,19.27,22012,2,0,0,27.73
1383045,60.04,60.0,59.1,61.0,1,0,18.88,19.27,22512,2,0,0,27.73
1383551,60.04,60.0,59.1,61.0,1,0,18.88,19.27,23015,2,0,0,27.73
1384063,60.22,60.0,59.1,61.0,1,0,18.62,19.27,23515,2,0,0,27.73
1384570,60.22,60.0,59.1,61.0,1,0,18.62,19.31,24015,2,0,0,27.73
1385076,60.25,60.0,59.1,61.0,1,0,18.44,19.35,24515,2,0,0,27.76
1385582,60.28,60.0,59.1,61.0,1,0,18.36,19.35,25015,2,0,0,27.74
1386088,60.28,60.0,59.1,61.0,1,0,18.36,19.34,25515,2,0,0,27.74
1386594,60.33,60.0,59.1,61.0,1,0,18.19,19.34,26015,2,0,0,27.76
1387100,60.33,60.0,59.1,61.0,1,0,18.19,19.37,26515,2,0,0,27.76
1387606,60.3,60.0,59.1,61.0,1,0,17.99,19.37,27015,2,0,0,27.73
1388112,60.27,60.0,59.1,61.0,1,0,17.84,19.33,27515,2,0,0,27.73
1388622,60.3,60.0,59.1,61.0,1,0,17.84,19.33,28015,2,0,0,27.77
1389129,60.3,60.0,59.1,61.0,1,0,17.84,19.38,28515,2,1,0,27.77
1389635,60.31,60.0,59.1,61.0,1,0,17.63,19.38,29015,2,1,0,27.74
1390141,60.31,60.0,59.1,61.0,1,0,17.63,19.35,29515,2,1,0,27.74
1390647,60.3,60.0,59.1,61.0,1,0,17.63,19.35,30015,2,1,0,27.73
1391153,60.3,60.0,59.1,61.0,1,0,17.71,19.33,30515,2,1,0,27.72
1391659,60.3,60.0,59.1,61.0,1,0,17.71,19.32,31015,2,1,0,27.72
1392166,60.3,60.0,59.1,61.0,1,0,17.71,19.32,31518,2,1,0,27.72
1392673,60.29,60.0,59.1,61.0,1,0,17.3,19.32,32018,2,1,0,27.74
1393179,60.26,60.0,59.1,61.0,1,0,17.15,19.34,32518,2,1,0,27.73
1393685,60.23,60.0,59.1,61.0,1,0,17.48,19.33,33520,2,1,0,27.74
1394191,60.23,60.0,59.1,61.0,1,0,17.48,19.33,34020,2,1,0,27.74
1394697,60.23,60.0,59.1,61.0,1,0,17.48,19.33,34520,2,1,0,27.74
1395203,60.18,60.0,59.1,61.0,1,0,16.92,19.31,35020,2,1,0,27.74
1395709,60.14,60.0,59.1,61.0,1,0,16.76,19.29,35520,2,1,0,27.73
1396218,60.14,60.0,59.1,61.0,1,0,16.76,19.29,36020,2,1,0,27.73
1396724,60.14,60.0,59.1,61.0,1,0,16.76,19.29,36520,2,1,0,27.73
1397230,60.09,60.0,59.1,61.0,1,0,17.32,19.29,37032,2,1,0,27.74
1397736,60.09,60.0,59.1,61.0,1,0,17.32,19.29,37532,2,1,0,27.74
1398242,60.09,60.0,59.1,61.0,1,0,16.12,19.27,38032,2,1,0,27.72
1398748,60.09,60.0,59.1,61.0,1,0,16.12,19.27,38532,2,1,0,27.72
1399254,59.99,60.0,59.1,61.0,1,0,16.25,19.25,39032,2,1,0,27.73
1399763,59.96,60.0,59.1,61.0,1,0,16.29,19.25,39532,2,1,0,27.73
1400270,59.96,60.0,59.1,61.0,0,0,16.29,19.25,0,2,1,0,27.73
1400776,59.84,60.0,59.1,61.0,0,0,16.18,19.21,500,2,1,0,27.73
1401282,59.84,60.0,59.1,61.0,0,0,16.18,19.21,1000,2,1,0,27.73
1401788,59.84,60.0,59.1,61.0,0,0,16.18,19.21,1500,2,1,0,27.73
1402294,59.76,60.0,59.1,61.0,0,0,15.6,19.18,2000,2,1,0,27.72
1402800,59.72,60.0,59.1,61.0,0,0,15.84,19.18,2500,2,1,0,27.73
1403321,59.69,60.0,59.1,61.0,0,0,15.9,19.18,3000,2,1,0,27.73
1403828,59.69,60.0,59.1,61.0,0,0,15.9,19.17,3500,2,1,0,27.73
1404334,59.63,60.0,59.1,61.0,0,0,15.97,19.16,4000,2,1,0,27.73
1404840,59.63,60.0,59.1,61.0,0,0,15.97,19.16,4500,2,1,0,27.73
1405346,59.56,60.0,59.1,61.0,0,0,15.81,19.14,5000,2,1,0,27.73
1405852,59.56,60.0,59.1,61.0,0,0,15.81,19.14,5500,2,1,0,27.73
1406358,59.43,60.0,59.1,61.0,0,0,15.77,19.07,6000,2,1,0,27.7
1406878,59.39,60.0,59.1,61.0,0,0,15.64,19.07,6500,2,1,0,27.72
1407385,59.39,60.0,59.1,61.0,0,0,15.64,19.08,7000,2,1,0,27.72
1407891,59.36,60.0,59.1,61.0,0,0,15.88,19.05,7500,2,1,0,27.7
1408397,59.28,60.0,59.1,61.0,0,0,15.73,19.02,8000,2,1,0,27.69
1408903,59.28,60.0,59.1,61.0,0,0,15.73,19.02,8500,2,1,0,27.69
1409409,59.28,60.0,59.1,61.0,0,0,15.73,19.02,9000,2,1,0,27.69
1409915,59.28,60.0,59.1,61.0,0,0,15.73,19.02,9500,2,1,0,27.69
1410421,59.28,60.0,59.1,61.0,0,0,15.73,19.02,10000,2,1,0,27.69
1410927,59.05,60.0,59.1,61.0,0,0,15.45,19.02,10502,2,1,0,27.7
1411433,59.05,60.0,59.1,61.0,0,0,15.45,18.97,11003,2,1,0,27.7
1411939,59.01,60.0,59.1,61.0,0,0,16.2,18.96,11504,2,1,0,27.7
1412445,59.01,60.0,59.1,61.0,0,0,16.2,18.96,12004,2,1,0,27.7
1412951,58.91,60.0,59.1,61.0,0,0,15.55,18.92,12504,2,1,0,27.69
1413457,58.88,60.0,59.1,61.0,0,0,16.03,18.95,13004,2,1,0,27.73
1413963,58.77,60.0,59.1,61.0,0,0,16.12,18.95,13504,2,1,0,27.72
1414469,58.77,60.0,59.1,61.0,0,0,16.12,18.91,14004,2,1,0,27.72
1414975,58.68,60.0,59.1,61.0,0,0,16.14,18.91,14504,2,1,0,27.72
1415481,58.68,60.0,59.1,61.0,0,0,16.14,18.89,15004,2,1,0,27.72
1415987,58.63,60.0,59.1,61.0,0,0,16.16,18.86,15504,2,1,0,27.7
1416493,58.63,60.0,59.1,61.0,0,0,16.16,18.86,16004,2,1,0,27.7
1416999,58.52,60.0,59.1,61.0,0,0,16.44,18.86,16504,2,1,0,27.69
1417505,58.52,60.0,59.1,61.0,0,0,16.44,18.82,17004,2,1,0,27.69
1418011,58.44,60.0,59.1,61.0,0,0,16.44,18.81,17504,2,1,0,27.7
1418517,58.43,60.0,59.1,61.0,0,0,16.59,18.81,18004,2,1,0,27.7
1419023,58.43,60.0,59.1,61.0,0,0,16.59,18.8,18504,2,1,0,27.7
1419529,58.43,60.0,59.1,61.0,0,0,16.59,18.8,19007,2,1,0,27.7
1420035,58.43,60.0,59.1,61.0,0,0,16.59,18.8,19507,2,1,0,27.7
1420541,58.28,60.0,59.1,61.0,0,0,16.53,18.78,20007,2,1,0,27.72
1421047,58.28,60.0,59.1,61.0,0,0,16.53,18.78,20507,2,1,0,27.72
1421553,58.14,60.0,59.1,61.0,0,0,16.63,18.78,21007,2,1,0,27.69
1422059,58.14,60.0,59.1,61.0,0,0,16.63,18.71,21507,2,1,0,27.69
1422565,58.1,60.0,59.1,61.0,0,0,16.74,18.69,22007,2,1,0,27.67
1423071,58.06,60.0,59.1,61.0,0,0,16.72,18.69,22507,2,1,0,27.72
1423577,58.06,60.0,59.1,61.0,0,0,16.72,18.72,23007,2,1,0,27.72
1424083,57.96,60.0,59.1,61.0,0,0,16.87,18.72,23507,2,1,0,27.7
1424589,57.96,60.0,59.1,61.0,0,0,16.87,18.67,24007,2,1,0,27.7
1425095,57.99,60.0,59.1,61.0,0,0,17.28,18.67,24507,2,1,0,27.69
1425601,57.99,60.0,59.1,61.0,0,0,17.28,18.67,25007,2,0,0,27.69
1426107,57.9,60.0,59.1,61.0,0,0,17.07,18.67,25507,2,0,0,27.7
1426613,57.85,60.0,59.1,61.0,0,0,17.39,18.66,26007,2,1,0,27.69
1427119,57.85,60.0,59.1,61.0,0,0,17.39,18.63,26507,2,0,0,27.69
1427625,57.85,60.0,59.1,61.0,0,0,17.39,18.63,27007,2,0,0,27.69
1428131,57.79,60.0,59.1,61.0,0,0,17.32,18.63,27507,2,0,0,27.72
1428637,57.79,60.0,59.1,61.0,0,0,17.32,18.64,28007,2,0,0,27.72
1429144,57.75,60.0,59.1,61.0,0,0,17.54,18.64,28507,2,0,0,27.67
1429651,57.75,60.0,59.1,61.0,0,0,17.54,18.59,29007,2,0,0,27.67
1430157,57.74,60.0,59.1,61.0,0,0,17.48,18.59,29507,2,0,0,27.7
1430663,57.7,60.0,59.1,61.0,0,0,17.43,18.61,30007,2,0,0,27.69
1431169,57.7,60.0,59.1,61.0,0,0,17.43,18.59,30507,2,0,0,27.69
1431675,57.66,60.0,59.1,61.0,0,0,17.6,18.59,31007,2,0,0,27.7
1432181,57.64,60.0,59.1,61.0,0,0,17.65,18.59,31507,2,0,0,27.69
1432687,57.64,60.0,59.1,61.0,0,0,17.65,18.57,32007,2,0,0,27.69
1433193,57.63,60.0,59.1,61.0,0,0,17.67,18.57,32508,2,0,0,27.7
1433699,57.57,60.0,59.1,61.0,0,0,17.71,18.58,33009,2,0,0,27.69
1434205,57.57,60.0,59.1,61.0,0,0,17.71,18.55,33513,2,0,0,27.69
1434711,57.57,60.0,59.1,61.0,0,0,17.71,18.55,34514,2,0,0,27.69
1435217,57.57,60.0,59.1,61.0,0,0,17.71,18.55,35014,2,0,0,27.69
1435723,57.52,60.0,59.1,61.0,0,0,17.84,18.54,35514,2,0,0,27.69
1436229,57.52,60.0,59.1,61.0,0,0,17.84,18.54,36014,2,0,0,27.69
1436736,57.51,60.0,59.1,61.0,0,0,17.82,18.54,36514,2,0,0,27.67
1437243,57.51,60.0,59.1,61.0,0,0,17.82,18.52,37014,2,0,0,27.67
1437749,57.51,60.0,59.1,61.0,0,0,17.82,18.52,37517,2,0,0,27.67
1438255,57.51,60.0,59.1,61.0,0,0,17.82,18.52,38017,2,0,0,27.67
1438761,57.54,60.0,59.1,61.0,0,0,17.82,18.56,38517,2,0,0,27.7
1439267,57.51,60.0,59.1,61.0,0,0,18.14,18.54,39017,2,0,0,27.69
1439773,57.51,60.0,59.1,61.0,0,0,18.14,18.54,39517,2,0,0,27.69
1440279,57.45,60.0,59.1,61.0,0,0,18.19,18.53,40017,2,0,0,27.7
1440785,57.55,60.0,59.1,61.0,0,0,17.84,18.55,40517,2,0,0,27.69
1441292,57.5,60.0,59.1,61.0,0,0,18.27,18.55,41017,2,0,0,27.66
1441799,57.5,60.0,59.1,61.0,0,0,18.27,18.51,41517,2,0,0,27.66
1442305,57.5,60.0,59.1,61.0,0,0,18.38,18.55,42017,2,0,0,27.7
1442811,57.5,60.0,59.1,61.0,0,0,18.38,18.55,42517,2,0,0,27.7
1443317,57.5,60.0,59.1,61.0,0,0,18.38,18.55,43017,2,0,0,27.7
1443823,57.55,60.0,59.1,61.0,0,0,18.62,18.56,43517,2,0,0,27.7
1444329,57.53,60.0,59.1,61.0,0,0,18.53,18.56,44017,2,0,0,27.67
1444837,57.53,60.0,59.1,61.0,0,0,18.53,18.53,44517,2,0,0,27.67
1445343,57.53,60.0,59.1,61.0,0,0,18.53,18.53,45017,2,0,0,27.67
1445849,57.53,60.0,59.1,61.0,0,0,18.53,18.53,45517,2,0,0,27.67
1446355,57.53,60.0,59.1,61.0,0,0,18.55,18.53,46017,2,0,0,27.67
1446861,57.55,60.0,59.1,61.0,0,0,18.66,18.53,46517,2,0,0,27.67
1447367,57.55,60.0,59.1,61.0,0,0,18.66,18.53,47017,2,0,0,27.67
1447873,57.55,60.0,59.1,61.0,0,0,18.79,18.55,47517,2,0,0,27.69
1448379,57.56,60.0,59.1,61.0,0,0,18.81,18.55,48017,2,0,0,27.69
1448885,57.58,60.0,59.1,61.0,0,0,18.9,18.55,48517,2,0,0,27.67
1449391,57.58,60.0,59.1,61.0,0,0,18.9,18.54,49017,2,0,0,27.67
1449897,57.58,60.0,59.1,61.0,0,0,18.9,18.54,49517,2,0,0,27.67
1450403,57.6,60.0,59.1,61.0,0,0,18.96,18.56,50017,2,0,0,27.69
1450909,57.61,60.0,59.1,61.0,0,0,19.05,18.56,50517,2,0,0,27.69
1451415,57.66,60.0,59.1,61.0,0,0,18.88,18.58,51017,2,0,0,27.69
1451921,57.66,60.0,59.1,61.0,0,0,18.88,18.58,51517,2,0,0,27.69
1452427,57.66,60.0,59.1,61.0,0,0,19.28,18.58,52017,2,0,0,27.7
1452933,57.66,60.0,59.1,61.0,0,0,19.28,18.59,52517,2,0,0,27.7
1453439,57.65,60.0,59.1,61.0,0,0,19.35,18.56,53017,2,0,0,27.67
1453945,57.71,60.0,59.1,61.0,0,0,19.26,18.56,53517,2,0,0,27.69
1454451,57.71,60.0,59.1,61.0,0,0,19.26,18.59,54017,2,0,0,27.69
1454957,57.71,60.0,59.1,61.0,0,0,19.26,18.59,54517,2,0,0,27.69
1455463,57.74,60.0,59.1,61.0,0,0,19.26,18.61,55017,2,0,0,27.7
1455969,57.74,60.0,59.1,61.0,0,0,19.26,18.61,55517,2,0,0,27.7
1456475,57.73,60.0,59.1,61.0,0,0,19.59,18.59,56017,2,0,0,27.67
1456981,57.73,60.0,59.1,61.0,0,0,19.59,18.59,56517,2,0,0,27.67
1457487,57.73,60.0,59.1,61.0,0,0,19.59,18.59,57017,2,0,0,27.67
1457993,57.73,60.0,59.1,61.0,0,0,19.59,18.59,57517,2,0,0,27.67
1458499,57.79,60.0,59.1,61.0,0,0,19.37,18.62,58017,2,0,0,27.69
1459005,57.79,60.0,59.1,61.0,0,0,19.37,18.62,58517,2,0,0,27.69
1459511,57.86,60.0,59.1,61.0,0,0,19.69,18.63,59017,2,0,0,27.69
1460017,57.86,60.0,59.1,61.0,0,0,19.69,18.63,59518,2,0,0,27.69
1460523,57.91,60.0,59.1,61.0,0,0,19.59,18.63,60019,2,0,0,27.67
1461029,57.88,60.0,59.1,61.0,0,0,19.48,18.63,60519,2,0,0,27.67
1461535,57.88,60.0,59.1,61.0,0,0,19.48,18.63,61019,2,0,0,27.67
1462041,57.89,60.0,59.1,61.0,0,0,19.76,18.63,61519,2,0,0,27.66
1462547,57.89,60.0,59.1,61.0,0,0,19.76,18.62,62019,2,0,0,27.66
1463053,57.99,60.0,59.1,61.0,0,0,19.89,18.64,62519,2,0,0,27.66
1463559,57.95,60.0,59.1,61.0,0,0,19.8,18.64,63019,2,0,0,27.66
1464069,58.01,60.0,59.1,61.0,0,0,19.76,18.63,63519,2,0,0,27.67
1464576,58.01,60.0,59.1,61.0,0,0,19.76,18.66,64019,2,0,0,27.67
1465082,57.99,60.0,59.1,61.0,0,0,19.76,18.66,64519,2,0,0,27.67
1465588,57.99,60.0,59.1,61.0,0,0,19.76,18.66,65019,2,0,0,27.67
1466094,58.03,60.0,59.1,61.0,0,0,19.93,18.66,65519,2,0,0,27.69
1466600,58.03,60.0,59.1,61.0,0,0,19.93,18.68,66019,2,0,0,27.69
1467106,58.07,60.0,59.1,61.0,0,0,19.91,18.68,66519,2,0,0,27.64
1467612,58.12,60.0,59.1,61.0,0,0,19.89,18.65,67019,2,0,0,27.67
1468126,58.11,60.0,59.1,61.0,0,0,20.08,18.69,67519,2,0,0,27.69
1468633,58.11,60.0,59.1,61.0,0,0,20.08,18.7,68019,2,0,0,27.69
1469139,58.11,60.0,59.1,61.0,0,0,20.08,18.7,68520,2,0,0,27.69
1469645,58.11,60.0,59.1,61.0,0,0,20.08,18.7,69020,2,0,0,27.69
1470151,58.19,60.0,59.1,61.0,0,0,19.95,18.7,69520,2,0,0,27.66
1470657,58.19,60.0,59.1,61.0,0,0,19.95,18.7,70020,2,0,0,27.66
1471163,58.19,60.0,59.1,61.0,0,0,19.95,18.7,70520,2,0,0,27.66
1471669,58.19,60.0,59.1,61.0,0,0,19.95,18.7,71020,2,0,0,27.66
1472175,58.31,60.0,59.1,61.0,0,0,20.28,18.7,71520,2,0,0,27.67
1472681,58.31,60.0,59.1,61.0,0,0,20.28,18.75,72020,2,0,0,27.67
1473187,58.31,60.0,59.1,61.0,0,0,20.28,18.75,72520,2,0,0,27.67
1473693,58.29,60.0,59.1,61.0,0,0,20.28,18.75,73020,2,0,0,27.69
1474199,58.38,60.0,59.1,61.0,0,0,20.4,18.75,73520,2,0,0,27.69
1474705,58.38,60.0,59.1,61.0,0,0,20.4,18.78,74020,2,0,0,27.69
1475211,58.4,60.0,59.1,61.0,0,0,20.47,18.78,74520,2,0,0,27.67
1475717,58.4,60.0,59.1,61.0,0,0,20.47,18.77,75520,2,0,0,27.67
1476223,58.46,60.0,59.1,61.0,0,0,20.36,18.77,76020,2,0,0,27.66
1476729,58.46,60.0,59.1,61.0,0,0,20.36,18.77,76520,2,0,0,27.66
1477235,58.49,60.0,59.1,61.0,0,0,20.3,18.81,77020,2,0,0,27.69
1477741,58.51,60.0,59.1,61.0,0,0,20.19,18.81,77520,2,0,0,27.69
1478257,58.5,60.0,59.1,61.0,0,0,20.53,18.81,78020,2,0,0,27.67
1478764,58.5,60.0,59.1,61.0,0,0,20.53,18.8,78520,2,0,0,27.67
1479270,58.55,60.0,59.1,61.0,0,0,20.62,18.81,79020,2,0,0,27.67
1479776,58.56,60.0,59.1,61.0,0,0,20.49,18.83,79520,2,0,0,27.69
