timestamp,raw_hum,filtered_hum,turn_on_thres,turn_off_thres,peltier,cold_fan,ntc_temp,dew_point,cycle_extreme_hum,overshoot_on_learned,overshoot_off_learned,last_cycle_duration_ms,phase_reversed,sht30_temp,target_hum,reversal_delta,cold_fan_used_this_phase,state_elapsed_ms
13712,72.65,72.65,34.7,35.3,0,0,30.45,26.0,36.4,0.3,0.3,0,1,31.53,35.0,36.25,0,13497
14221,72.63,72.64,34.7,35.3,0,0,30.45,25.99,36.4,0.3,0.3,0,1,31.53,35.0,36.23,0,13997
14730,72.62,72.63,34.7,35.3,0,0,30.36,25.98,36.4,0.3,0.3,0,1,31.52,35.0,36.22,0,14497
15239,72.62,72.63,34.7,35.3,0,0,30.36,25.98,36.4,0.3,0.3,0,1,31.52,35.0,36.22,0,14997
15748,72.62,72.62,34.7,35.3,0,0,30.36,25.98,36.4,0.3,0.3,0,1,31.52,35.0,36.22,0,15497
16256,72.66,72.62,34.7,35.3,0,0,30.66,25.98,36.4,0.3,0.3,0,1,31.53,35.0,36.22,0,15997
16764,72.66,72.64,34.7,35.3,0,0,30.66,26.0,36.4,0.3,0.3,0,1,31.53,35.0,36.23,0,16497
17272,72.66,72.65,34.7,35.3,0,0,30.66,26.0,36.4,0.3,0.3,0,1,31.53,35.0,36.24,0,16997
17781,72.62,72.65,34.7,35.3,0,0,30.66,26.0,36.4,0.3,0.3,0,1,31.55,35.0,36.25,0,17501
18290,72.62,72.64,34.7,35.3,0,0,30.66,26.0,36.4,0.3,0.3,0,1,31.55,35.0,36.23,0,18002
18798,72.62,72.63,34.7,35.3,0,0,30.66,26.0,36.4,0.3,0.3,0,1,31.55,35.0,36.22,0,18502
19307,72.59,72.61,34.7,35.3,0,0,30.48,26.0,36.4,0.3,0.3,0,1,31.55,35.0,36.2,0,19002
19816,72.57,72.59,34.7,35.3,0,0,30.43,25.98,36.4,0.3,0.3,0,1,31.53,35.0,36.18,0,19502
20324,72.57,72.58,34.7,35.3,1,0,30.71,25.98,36.4,0.3,0.3,20002,0,31.53,35.0,36.17,0,0
20833,72.57,72.57,34.7,35.3,1,0,30.71,25.98,72.57,0.3,0.3,20002,0,31.53,35.0,0.0,0,500
21341,72.56,72.57,34.7,35.3,1,0,30.66,25.99,72.57,0.3,0.3,20002,0,31.55,35.0,0.0,0,1000
21852,72.56,72.57,34.7,35.3,1,0,30.66,25.99,72.57,0.3,0.3,20002,0,31.55,35.0,0.0,0,1500
22362,72.6,72.58,34.7,35.3,1,0,30.36,25.99,72.58,0.3,0.3,20002,0,31.53,35.0,0.0,0,2000
22870,72.54,72.59,34.7,35.3,1,0,30.57,25.99,72.59,0.3,0.3,20002,0,31.53,35.0,0.0,0,2500
23379,72.58,72.57,34.7,35.3,1,0,30.22,25.97,72.59,0.3,0.3,20002,0,31.55,35.0,0.02,0,3000
23888,72.58,72.57,34.7,35.3,1,0,30.22,25.99,72.59,0.3,0.3,20002,0,31.55,35.0,0.02,0,3500
24397,72.54,72.56,34.7,35.3,1,0,30.48,26.0,72.59,0.3,0.3,20002,0,31.57,35.0,0.03,0,4000
24906,72.57,72.55,34.7,35.3,1,0,30.31,26.0,72.59,0.3,0.3,20002,0,31.55,35.0,0.04,0,4500
25415,72.55,72.56,34.7,35.3,1,0,30.41,25.99,72.59,0.3,0.3,20002,0,31.55,35.0,0.03,0,5000
25935,72.6,72.56,34.7,35.3,1,0,30.27,25.99,72.59,0.3,0.3,20002,0,31.57,35.0,0.03,0,5500
26444,72.6,72.58,34.7,35.3,1,0,30.27,26.01,72.59,0.3,0.3,20002,0,31.57,35.0,0.01,0,6000
26953,72.56,72.59,34.7,35.3,1,0,30.18,26.01,72.59,0.3,0.3,20002,0,31.57,35.0,0.0,0,6500
27462,72.59,72.57,34.7,35.3,1,0,30.22,26.01,72.59,0.3,0.3,20002,0,31.57,35.0,0.01,0,7000
27971,72.59,72.58,34.7,35.3,1,0,30.22,26.01,72.59,0.3,0.3,20002,0,31.57,35.0,0.01,0,7500
28480,72.59,72.58,34.7,35.3,1,0,30.22,26.01,72.59,0.3,0.3,20002,0,31.57,35.0,0.01,0,8000
28989,72.59,72.59,34.7,35.3,1,0,30.22,26.01,72.59,0.3,0.3,20002,0,31.57,35.0,0.0,0,8500
29498,72.6,72.59,34.7,35.3,1,0,29.67,26.01,72.59,0.3,0.3,20002,0,31.57,35.0,0.0,0,9000
30006,72.6,72.59,34.7,35.3,1,0,29.67,26.01,72.59,0.3,0.3,20002,0,31.57,35.0,0.0,0,9502
30515,72.59,72.59,34.7,35.3,1,0,29.37,26.01,72.59,0.3,0.3,20002,0,31.61,35.0,0.0,0,10010
31024,72.61,72.6,34.7,35.3,1,0,29.58,26.02,72.6,0.3,0.3,20002,0,31.57,35.0,0.0,0,11019
31533,72.61,72.6,34.7,35.3,1,0,29.58,26.02,72.6,0.3,0.3,20002,0,31.57,35.0,0.0,0,11519
32042,72.6,72.6,34.7,35.3,1,0,29.56,26.01,72.6,0.3,0.3,20002,0,31.57,35.0,0.0,0,12019
32550,72.6,72.6,34.7,35.3,1,0,29.56,26.01,72.6,0.3,0.3,20002,0,31.57,35.0,0.0,0,12519
33059,72.6,72.6,34.7,35.3,1,0,29.12,26.01,72.6,0.3,0.3,20002,0,31.57,35.0,0.0,0,13029
33568,72.6,72.6,34.7,35.3,1,0,29.12,26.01,72.6,0.3,0.3,20002,0,31.57,35.0,0.0,0,13529
34077,72.6,72.6,34.7,35.3,1,0,29.12,26.01,72.6,0.3,0.3,20002,0,31.57,35.0,0.0,0,14029
34586,72.64,72.62,34.7,35.3,1,0,28.99,26.03,72.62,0.3,0.3,20002,0,31.57,35.0,0.0,0,14529
35099,72.65,72.63,34.7,35.3,1,0,28.69,26.03,72.63,0.3,0.3,20002,0,31.59,35.0,0.0,0,15029
35608,72.65,72.64,34.7,35.3,1,0,28.69,26.05,72.64,0.3,0.3,20002,0,31.59,35.0,0.0,0,15529
36117,72.64,72.64,34.7,35.3,1,0,28.53,26.03,72.64,0.3,0.3,20002,0,31.57,35.0,0.0,0,16029
36626,72.66,72.65,34.7,35.3,1,0,28.37,26.04,72.65,0.3,0.3,20002,0,31.58,35.0,0.0,0,16529
37135,72.66,72.65,34.7,35.3,1,0,28.37,26.04,72.65,0.3,0.3,20002,0,31.58,35.0,0.0,0,17029
37644,72.66,72.66,34.7,35.3,1,0,28.19,26.06,72.66,0.3,0.3,20002,0,31.59,35.0,0.0,0,17529
38153,72.66,72.66,34.7,35.3,1,0,28.19,26.06,72.66,0.3,0.3,20002,0,31.59,35.0,0.0,0,18029
38661,72.66,72.66,34.7,35.3,1,0,28.04,26.04,72.66,0.3,0.3,20002,0,31.58,35.0,0.0,0,18529
39169,72.66,72.66,34.7,35.3,1,0,28.04,26.04,72.66,0.3,0.3,20002,0,31.58,35.0,0.0,0,19029
39678,72.66,72.66,34.7,35.3,1,0,28.04,26.04,72.66,0.3,0.3,20002,0,31.58,35.0,0.0,0,19529
40187,72.7,72.68,34.7,35.3,1,0,27.86,26.02,72.68,0.3,0.3,20002,0,31.55,35.0,0.0,0,20035
40696,72.67,72.69,34.7,35.3,1,0,27.59,26.02,72.69,0.3,0.3,20002,0,31.58,35.0,0.0,0,20535
41205,72.67,72.68,34.7,35.3,1,0,27.59,26.04,72.69,0.3,0.3,20002,0,31.58,35.0,0.0,0,21035
41714,72.73,72.7,34.7,35.3,1,0,27.47,26.05,72.7,0.3,0.3,20002,0,31.57,35.0,0.0,0,21535
42222,72.73,72.72,34.7,35.3,1,0,27.47,26.05,72.72,0.3,0.3,20002,0,31.57,35.0,0.0,0,22035
42731,72.73,72.72,34.7,35.3,1,0,27.47,26.05,72.72,0.3,0.3,20002,0,31.57,35.0,0.0,0,22535
43240,72.76,72.74,34.7,35.3,1,0,27.07,26.08,72.74,0.3,0.3,20002,0,31.59,35.0,0.0,0,23035
43749,72.76,72.75,34.7,35.3,1,0,27.07,26.08,72.75,0.3,0.3,20002,0,31.59,35.0,0.0,0,23535
44271,72.74,72.75,34.7,35.3,1,0,26.87,26.08,72.75,0.3,0.3,20002,0,31.59,35.0,0.0,0,24035
44780,72.74,72.75,34.7,35.3,1,0,26.87,26.07,72.75,0.3,0.3,20002,0,31.59,35.0,0.0,0,24535
45289,72.75,72.74,34.7,35.3,1,0,26.65,26.07,72.75,0.3,0.3,20002,0,31.59,35.0,0.01,0,25035
45798,72.8,72.75,34.7,35.3,1,0,26.47,26.08,72.75,0.3,0.3,20002,0,31.61,35.0,0.0,0,25535
46307,72.8,72.77,34.7,35.3,1,0,26.47,26.1,72.77,0.3,0.3,20002,0,31.61,35.0,0.0,0,26035
46816,72.79,72.78,34.7,35.3,1,0,26.4,26.07,72.78,0.3,0.3,20002,0,31.58,35.0,0.0,0,26535
47325,72.77,72.78,34.7,35.3,1,0,26.18,26.07,72.78,0.3,0.3,20002,0,31.58,35.0,0.0,0,27035
47849,72.76,72.78,34.7,35.3,1,0,26.07,26.07,72.78,0.3,0.3,20002,0,31.58,35.0,0.0,0,27535
48358,72.76,72.77,34.7,35.3,1,0,26.07,26.06,72.78,0.3,0.3,20002,0,31.58,35.0,0.01,0,28035
48867,72.76,72.76,34.7,35.3,1,0,26.07,26.06,72.78,0.3,0.3,20002,0,31.58,35.0,0.02,0,28535
49376,72.77,72.77,34.7,35.3,1,0,25.94,26.08,72.78,0.3,0.3,20002,0,31.59,35.0,0.01,0,29035
49885,72.77,72.77,34.7,35.3,1,0,25.85,26.08,72.78,0.3,0.3,20002,0,31.57,35.0,0.01,0,29535
50394,72.77,72.77,34.7,35.3,1,0,25.85,26.05,72.78,0.3,0.3,20002,0,31.57,35.0,0.01,0,30035
50903,72.75,72.77,34.7,35.3,1,0,25.52,26.05,72.78,0.3,0.3,20002,0,31.61,35.0,0.01,0,30535
51411,72.75,72.76,34.7,35.3,1,0,25.52,26.09,72.78,0.3,0.3,20002,0,31.61,35.0,0.02,0,31035
51920,72.75,72.76,34.7,35.3,1,0,25.52,26.09,72.78,0.3,0.3,20002,0,31.61,35.0,0.02,0,31535
52429,72.74,72.75,34.7,35.3,1,0,25.21,26.09,72.78,0.3,0.3,20002,0,31.57,35.0,0.03,0,32035
52938,72.74,72.75,34.7,35.3,1,0,25.19,26.05,72.78,0.3,0.3,20002,0,31.59,35.0,0.03,0,32535
53447,72.74,72.74,34.7,35.3,1,0,25.19,26.07,72.78,0.3,0.3,20002,0,31.59,35.0,0.04,0,33035
53956,72.75,72.74,34.7,35.3,1,0,24.99,26.06,72.78,0.3,0.3,20002,0,31.58,35.0,0.03,0,33535
54464,72.73,72.74,34.7,35.3,1,0,24.9,26.06,72.78,0.3,0.3,20002,0,31.61,35.0,0.03,0,34035
54972,72.76,72.74,34.7,35.3,1,0,24.84,26.08,72.78,0.3,0.3,20002,0,31.59,35.0,0.04,0,34535
55480,72.76,72.75,34.7,35.3,1,0,24.84,26.08,72.78,0.3,0.3,20002,0,31.59,35.0,0.03,0,35035
55989,72.76,72.75,34.7,35.3,1,0,24.84,26.08,72.78,0.3,0.3,20002,0,31.59,35.0,0.03,0,35535
56498,72.76,72.76,34.7,35.3,1,0,24.84,26.08,72.78,0.3,0.3,20002,0,31.59,35.0,0.02,0,36035
57007,72.69,72.76,34.7,35.3,1,0,24.49,26.08,72.78,0.3,0.3,20002,0,31.59,35.0,0.02,0,36535
57528,72.68,72.72,34.7,35.3,1,0,24.24,26.06,72.78,0.3,0.3,20002,0,31.58,35.0,0.05,0,37035
58037,72.68,72.7,34.7,35.3,1,0,24.24,26.05,72.78,0.3,0.3,20002,0,31.58,35.0,0.08,0,37536
58546,72.69,72.69,34.7,35.3,1,0,24.18,26.06,72.78,0.3,0.3,20002,0,31.59,35.0,0.09,0,38541
59055,72.69,72.69,34.7,35.3,1,0,24.18,26.06,72.78,0.3,0.3,20002,0,31.59,35.0,0.09,0,39041
59564,72.66,72.68,34.7,35.3,1,0,24.03,26.06,72.78,0.3,0.3,20002,0,31.59,35.0,0.1,0,39541
60073,72.64,72.66,34.7,35.3,1,0,23.85,26.04,72.78,0.3,0.3,20002,0,31.58,35.0,0.12,0,40041
60582,72.64,72.65,34.7,35.3,1,0,23.85,26.04,72.78,0.3,0.3,20002,0,31.58,35.0,0.13,0,40541
61091,72.64,72.64,34.7,35.3,1,0,23.79,26.05,72.78,0.3,0.3,20002,0,31.59,35.0,0.14,0,41041
61599,72.64,72.64,34.7,35.3,1,0,23.79,26.05,72.78,0.3,0.3,20002,0,31.59,35.0,0.14,0,41541
62108,72.59,72.61,34.7,35.3,1,0,23.55,26.03,72.78,0.3,0.3,20002,1,31.58,35.0,0.16,0,42041
62617,72.64,72.63,34.7,35.3,1,0,23.52,26.06,72.78,0.3,0.3,20002,1,31.61,35.0,0.15,0,42541
63126,72.62,72.63,34.7,35.3,1,0,23.39,26.06,72.78,0.3,0.3,20002,1,31.62,35.0,0.15,0,43041
63635,72.62,72.63,34.7,35.3,1,0,23.39,26.07,72.78,0.3,0.3,20002,1,31.62,35.0,0.15,0,43541
64144,72.59,72.61,34.7,35.3,1,0,23.26,26.05,72.78,0.3,0.3,20002,1,31.61,35.0,0.17,0,44041
64653,72.56,72.58,34.7,35.3,1,0,23.11,26.03,72.78,0.3,0.3,20002,1,31.59,35.0,0.2,0,44541
65162,72.56,72.57,34.7,35.3,1,0,23.11,26.03,72.78,0.3,0.3,20002,1,31.59,35.0,0.21,0,45041
65671,72.56,72.57,34.7,35.3,1,0,22.44,26.03,72.78,0.3,0.3,20002,1,31.59,35.0,0.21,0,45541
66180,72.55,72.56,34.7,35.3,1,0,22.85,26.04,72.78,0.3,0.3,20002,1,31.61,35.0,0.22,0,46052
66689,72.55,72.55,34.7,35.3,1,0,22.85,26.04,72.78,0.3,0.3,20002,1,31.61,35.0,0.22,0,46552
67198,72.53,72.54,34.7,35.3,1,0,22.7,26.01,72.78,0.3,0.3,20002,1,31.58,35.0,0.23,0,47052
67707,72.53,72.54,34.7,35.3,1,0,22.7,26.02,72.78,0.3,0.3,20002,1,31.59,35.0,0.24,0,47552
68216,72.53,72.53,34.7,35.3,1,0,22.7,26.02,72.78,0.3,0.3,20002,1,31.59,35.0,0.25,0,48052
68725,72.46,72.49,34.7,35.3,1,0,22.48,26.0,72.78,0.3,0.3,20002,1,31.58,35.0,0.28,0,48552
69233,72.46,72.48,34.7,35.3,1,0,22.48,26.0,72.78,0.3,0.3,20002,1,31.58,35.0,0.3,0,49052
69742,72.46,72.47,34.7,35.3,1,0,22.26,26.0,72.78,0.3,0.3,20002,1,31.61,35.0,0.31,0,49552
70251,72.46,72.46,34.7,35.3,1,0,22.26,26.02,72.78,0.3,0.3,20002,1,31.61,35.0,0.31,0,50052
70760,72.45,72.46,34.7,35.3,1,0,22.2,26.02,72.78,0.3,0.3,20002,1,31.61,35.0,0.31,0,50552
71269,72.45,72.46,34.7,35.3,1,0,22.2,26.02,72.78,0.3,0.3,20002,1,31.61,35.0,0.32,0,51052
71778,72.39,72.43,34.7,35.3,1,0,22.05,25.99,72.78,0.3,0.3,20002,1,31.59,35.0,0.35,0,51552
72287,72.38,72.41,34.7,35.3,1,0,22.13,25.99,72.78,0.3,0.3,20002,1,31.58,35.0,0.37,0,52052
72795,72.38,72.39,34.7,35.3,1,0,22.13,25.98,72.78,0.3,0.3,20002,1,31.58,35.0,0.38,0,52552
73304,72.37,72.39,34.7,35.3,1,0,21.68,25.98,72.78,0.3,0.3,20002,1,31.61,35.0,0.39,0,53052
73813,72.37,72.38,34.7,35.3,1,1,21.68,26.0,72.78,0.3,0.3,20002,1,31.61,35.0,0.4,1,53552
74322,72.37,72.38,34.7,35.3,1,1,21.68,26.0,72.78,0.3,0.3,20002,1,31.61,35.0,0.4,1,54053
74831,72.32,72.35,34.7,35.3,1,1,21.68,25.99,72.78,0.3,0.3,20002,1,31.61,35.0,0.43,1,54553
75340,72.29,72.33,34.7,35.3,1,1,21.72,25.99,72.78,0.3,0.3,20002,1,31.59,35.0,0.45,1,55053
75849,72.29,72.31,34.7,35.3,1,1,21.72,25.97,72.78,0.3,0.3,20002,1,31.59,35.0,0.47,1,55553
76358,72.27,72.3,34.7,35.3,1,1,22.33,25.97,72.78,0.3,0.3,20002,1,31.59,35.0,0.48,1,56053
76867,72.27,72.29,34.7,35.3,1,1,22.33,25.96,72.78,0.3,0.3,20002,1,31.59,35.0,0.49,1,56553
77376,72.26,72.28,34.7,35.3,1,1,22.09,25.96,72.78,0.3,0.3,20002,1,31.61,35.0,0.5,1,57053
77885,71.9,72.27,34.7,35.3,1,1,22.2,25.98,72.78,0.3,0.3,20002,1,31.58,35.0,0.51,1,57553
78394,71.9,72.08,34.7,35.3,1,1,22.2,25.86,72.78,0.3,0.3,20002,1,31.58,35.0,0.69,1,58053
78903,71.5,71.99,34.7,35.3,1,1,22.44,25.86,72.78,0.3,0.3,20002,1,31.58,35.0,0.79,1,58553
79412,71.08,71.74,34.7,35.3,1,1,22.39,25.77,72.78,0.3,0.3,20002,1,31.53,35.0,1.03,1,59053
79921,71.08,71.41,34.7,35.3,1,1,22.39,25.63,72.78,0.3,0.3,20002,1,31.53,35.0,1.37,1,59553
80430,71.08,71.24,34.7,35.3,1,1,22.39,25.63,72.78,0.3,0.3,20002,1,31.53,35.0,1.54,1,60053
80939,70.31,71.16,34.7,35.3,1,1,22.39,25.63,72.78,0.3,0.3,20002,1,31.57,35.0,1.62,1,60553
81448,69.93,70.74,34.7,35.3,1,1,22.35,25.48,72.78,0.3,0.3,20002,1,31.53,35.0,2.04,1,61053
81957,69.93,70.33,34.7,35.3,1,1,22.35,25.35,72.78,0.3,0.3,20002,1,31.53,35.0,2.45,1,61553
82466,69.31,70.13,34.7,35.3,1,1,22.26,25.35,72.78,0.3,0.3,20002,1,31.52,35.0,2.65,1,62053
82975,68.82,69.72,34.7,35.3,1,1,22.31,25.19,72.78,0.3,0.3,20002,1,31.51,35.0,3.06,1,62553
83483,68.82,69.27,34.7,35.3,1,1,22.31,25.06,72.78,0.3,0.3,20002,1,31.51,35.0,3.51,1,63053
83992,68.82,69.04,34.7,35.3,1,1,22.31,25.06,72.78,0.3,0.3,20002,1,31.51,35.0,3.73,1,63553
84501,67.94,68.93,34.7,35.3,1,1,22.07,25.06,72.78,0.3,0.3,20002,1,31.49,35.0,3.85,1,64053
85010,67.57,68.44,34.7,35.3,1,1,22.03,24.83,72.78,0.3,0.3,20002,1,31.47,35.0,4.34,1,64553
85519,67.57,68.0,34.7,35.3,1,1,22.03,24.71,72.78,0.3,0.3,20002,1,31.47,35.0,4.78,1,65053
86028,66.95,67.79,34.7,35.3,1,1,22.13,24.71,72.78,0.3,0.3,20002,1,31.45,35.0,4.99,1,65553
86537,66.95,67.37,34.7,35.3,1,1,22.13,24.54,72.78,0.3,0.3,20002,1,31.45,35.0,5.41,1,66053
87046,66.36,67.16,34.7,35.3,1,1,21.87,24.54,72.78,0.3,0.3,20002,1,31.45,35.0,5.62,1,66553
87555,66.36,66.76,34.7,35.3,1,1,21.87,24.4,72.78,0.3,0.3,20002,1,31.45,35.0,6.02,1,67053
88064,66.36,66.46,34.7,35.3,1,1,21.87,24.4,72.78,0.3,0.3,20002,1,31.45,35.0,6.32,1,68059
88573,65.56,66.01,34.7,35.3,1,1,21.94,24.19,72.78,0.3,0.3,20002,1,31.45,35.0,6.77,1,68559
89082,65.56,65.79,34.7,35.3,1,1,21.94,24.19,72.78,0.3,0.3,20002,1,31.45,35.0,6.99,1,69059
89591,65.13,65.46,34.7,35.3,1,1,21.72,24.07,72.78,0.3,0.3,20002,1,31.44,35.0,7.32,1,69559
90100,64.87,65.16,34.7,35.3,1,1,21.83,23.99,72.78,0.3,0.3,20002,1,31.42,35.0,7.62,1,70059
90609,64.87,65.01,34.7,35.3,1,1,21.83,23.99,72.78,0.3,0.3,20002,1,31.42,35.0,7.76,1,70559
91118,64.39,64.7,34.7,35.3,1,1,21.77,23.84,72.78,0.3,0.3,20002,1,31.4,35.0,8.08,1,71059
91627,64.08,64.39,34.7,35.3,1,1,21.66,23.76,72.78,0.3,0.3,20002,1,31.4,35.0,8.39,1,71559
92136,64.08,64.23,34.7,35.3,1,1,21.66,23.76,72.78,0.3,0.3,20002,1,31.4,35.0,8.55,1,72059
92644,63.58,63.91,34.7,35.3,1,0,21.7,23.61,72.78,0.3,0.3,20002,1,31.38,35.0,8.87,1,72559
93153,63.23,63.74,34.7,35.3,1,0,21.66,23.61,72.78,0.3,0.3,20002,1,31.35,35.0,9.03,1,73059
93662,63.23,63.49,34.7,35.3,1,0,21.66,23.5,72.78,0.3,0.3,20002,1,31.35,35.0,9.29,1,73559
94171,62.97,63.23,34.7,35.3,1,0,21.51,23.44,72.78,0.3,0.3,20002,1,31.37,35.0,9.55,1,74059
94680,62.97,63.1,34.7,35.3,1,0,21.51,23.44,72.78,0.3,0.3,20002,1,31.37,35.0,9.68,1,74559
95189,62.97,63.03,34.7,35.3,1,0,21.51,23.44,72.78,0.3,0.3,20002,1,31.37,35.0,9.74,1,75059
95698,62.3,62.67,34.7,35.3,1,0,21.01,23.26,72.78,0.3,0.3,20002,1,31.37,35.0,10.11,1,75559
96207,62.3,62.48,34.7,35.3,1,0,21.01,23.26,72.78,0.3,0.3,20002,1,31.37,35.0,10.29,1,76059
96716,62.07,62.39,34.7,35.3,1,0,20.88,23.26,72.78,0.3,0.3,20002,1,31.35,35.0,10.39,1,76559
97225,62.07,62.23,34.7,35.3,1,0,20.88,23.19,72.78,0.3,0.3,20002,1,31.35,35.0,10.55,1,77059
97734,62.07,62.15,34.7,35.3,1,0,20.88,23.19,72.78,0.3,0.3,20002,1,31.35,35.0,10.63,1,77559
98243,61.92,62.04,34.7,35.3,1,0,20.53,23.15,72.78,0.3,0.3,20002,1,31.35,35.0,10.74,1,78060
98752,61.92,61.98,34.7,35.3,1,0,20.53,23.15,72.78,0.3,0.3,20002,1,31.35,35.0,10.8,1,78560
99261,61.82,61.95,34.7,35.3,1,0,20.17,23.15,72.78,0.3,0.3,20002,1,31.35,35.0,10.83,1,79060
99770,61.82,61.89,34.7,35.3,1,0,20.17,23.12,72.78,0.3,0.3,20002,1,31.35,35.0,10.89,1,79560
100279,61.82,61.85,34.7,35.3,1,0,20.17,23.12,72.78,0.3,0.3,20002,1,31.35,35.0,10.93,1,80060
100788,61.79,61.82,34.7,35.3,1,0,20.3,23.09,72.78,0.3,0.3,20002,1,31.32,35.0,10.96,1,80560
101297,61.79,61.8,34.7,35.3,1,0,20.3,23.09,72.78,0.3,0.3,20002,1,31.32,35.0,10.97,1,81060
101806,61.8,61.8,34.7,35.3,1,0,20.12,23.13,72.78,0.3,0.3,20002,1,31.37,35.0,10.98,1,81560
102315,61.77,61.79,34.7,35.3,1,0,19.8,23.1,72.78,0.3,0.3,20002,1,31.34,35.0,10.99,1,82060
102824,61.77,61.78,34.7,35.3,1,0,19.8,23.1,72.78,0.3,0.3,20002,1,31.34,35.0,11.0,1,82560
103333,61.76,61.77,34.7,35.3,1,0,19.61,23.1,72.78,0.3,0.3,20002,1,31.37,35.0,11.01,1,83060
103842,61.76,61.77,34.7,35.3,1,0,19.61,23.12,72.78,0.3,0.3,20002,1,31.37,35.0,11.01,1,83560
104351,61.77,61.77,34.7,35.3,1,0,19.59,23.12,72.78,0.3,0.3,20002,1,31.35,35.0,11.01,1,84060
104860,61.77,61.77,34.7,35.3,1,0,19.59,23.11,72.78,0.3,0.3,20002,1,31.35,35.0,11.01,1,84560
105369,61.79,61.77,34.7,35.3,1,0,19.59,23.11,72.78,0.3,0.3,20002,1,31.34,35.0,11.01,1,85060
105878,61.79,61.78,34.7,35.3,1,0,19.59,23.1,72.78,0.3,0.3,20002,1,31.34,35.0,11.0,1,85560
106387,61.79,61.79,34.7,35.3,1,0,19.59,23.1,72.78,0.3,0.3,20002,1,31.34,35.0,10.99,1,86060
106896,61.79,61.79,34.7,35.3,1,0,19.59,23.1,72.78,0.3,0.3,20002,1,31.34,35.0,10.99,1,86560
107405,61.82,61.8,34.7,35.3,1,0,19.28,23.14,72.78,0.3,0.3,20002,1,31.37,35.0,10.97,1,87060
107914,61.84,61.81,34.7,35.3,1,0,19.28,23.14,72.78,0.3,0.3,20002,1,31.35,35.0,10.97,1,87560
108423,61.83,61.83,34.7,35.3,1,0,19.11,23.13,72.78,0.3,0.3,20002,1,31.37,35.0,10.95,1,88060
108932,61.83,61.83,34.7,35.3,1,1,19.11,23.14,72.78,0.3,0.3,20002,1,31.37,35.0,10.95,1,88560
109441,61.83,61.83,34.7,35.3,1,1,19.11,23.14,72.78,0.3,0.3,20002,1,31.37,35.0,10.95,1,89060
109950,61.83,61.83,34.7,35.3,1,1,19.07,23.13,72.78,0.3,0.3,20002,1,31.35,35.0,10.95,1,89565
110459,61.83,61.83,34.7,35.3,1,1,19.07,23.13,72.78,0.3,0.3,20002,1,31.35,35.0,10.95,1,90065
110968,61.89,61.83,34.7,35.3,1,1,19.2,23.13,72.78,0.3,0.3,20002,1,31.37,35.0,10.95,1,90565
111477,61.89,61.86,34.7,35.3,1,1,19.2,23.16,72.78,0.3,0.3,20002,1,31.37,35.0,10.92,1,91065
111986,62.01,61.88,34.7,35.3,1,1,19.44,23.16,72.78,0.3,0.3,20002,1,31.38,35.0,10.9,1,91565
112495,62.01,61.94,34.7,35.3,1,1,19.44,23.2,72.78,0.3,0.3,20002,1,31.38,35.0,10.84,1,92065
113004,61.87,61.98,34.7,35.3,1,1,19.67,23.2,72.78,0.3,0.3,20002,1,31.38,35.0,10.8,1,92565
113513,61.49,61.92,34.7,35.3,1,1,19.82,23.16,72.78,0.3,0.3,20002,1,31.37,35.0,10.86,1,93065
114022,61.49,61.71,34.7,35.3,1,1,19.82,23.05,72.78,0.3,0.3,20002,1,31.37,35.0,11.07,1,93565
114531,61.08,61.6,34.7,35.3,1,1,19.87,23.05,72.78,0.3,0.3,20002,1,31.32,35.0,11.18,1,94065
115040,60.64,61.34,34.7,35.3,1,1,19.89,22.9,72.78,0.3,0.3,20002,1,31.34,35.0,11.44,1,94565
115549,60.64,60.99,34.7,35.3,1,1,19.89,22.79,72.78,0.3,0.3,20002,1,31.34,35.0,11.79,1,95065
116058,60.03,60.82,34.7,35.3,1,1,19.91,22.79,72.78,0.3,0.3,20002,1,31.34,35.0,11.96,1,95565
116567,59.67,60.42,34.7,35.3,1,1,19.89,22.63,72.78,0.3,0.3,20002,1,31.34,35.0,12.35,1,96065
117090,59.24,59.64,34.7,35.3,1,1,19.91,22.38,72.78,0.3,0.3,20002,1,31.31,35.0,13.14,1,97085
117600,59.24,59.44,34.7,35.3,1,1,19.91,22.38,72.78,0.3,0.3,20002,1,31.31,35.0,13.34,1,97585
118109,59.24,59.34,34.7,35.3,1,1,19.91,22.38,72.78,0.3,0.3,20002,1,31.31,35.0,13.44,1,98085
118618,59.24,59.29,34.7,35.3,1,1,19.91,22.38,72.78,0.3,0.3,20002,1,31.31,35.0,13.49,1,98585
119127,58.44,58.86,34.7,35.3,1,1,19.95,22.16,72.78,0.3,0.3,20002,1,31.31,35.0,13.92,1,99085
119636,58.44,58.65,34.7,35.3,1,1,19.95,22.16,72.78,0.3,0.3,20002,1,31.31,35.0,14.13,1,99585
120145,58.44,58.54,34.7,35.3,1,1,19.95,22.16,72.78,0.3,0.3,20002,1,31.31,35.0,14.24,1,100085
120654,58.44,58.49,34.7,35.3,1,1,19.95,22.16,72.78,0.3,0.3,20002,1,31.31,35.0,14.29,1,100585
121163,57.65,58.07,34.7,35.3,1,1,19.91,21.93,72.78,0.3,0.3,20002,1,31.31,35.0,14.71,1,101085
121672,57.65,57.86,34.7,35.3,1,1,19.91,21.93,72.78,0.3,0.3,20002,1,31.31,35.0,14.92,1,101585
122181,57.06,57.46,34.7,35.3,1,0,20.04,21.73,72.78,0.3,0.3,20002,1,31.27,35.0,15.32,1,102085
122690,56.8,57.13,34.7,35.3,1,0,20.08,21.65,72.78,0.3,0.3,20002,1,31.27,35.0,15.65,1,102589
123199,56.8,56.97,34.7,35.3,1,0,20.08,21.65,72.78,0.3,0.3,20002,1,31.27,35.0,15.81,1,103089
123708,56.8,56.89,34.7,35.3,1,0,20.08,21.65,72.78,0.3,0.3,20002,1,31.27,35.0,15.89,1,103589
124217,56.45,56.67,34.7,35.3,1,0,19.59,21.54,72.78,0.3,0.3,20002,1,31.25,35.0,16.11,1,104089
124726,56.22,56.44,34.7,35.3,1,0,19.31,21.46,72.78,0.3,0.3,20002,1,31.24,35.0,16.33,1,104589
125235,56.22,56.33,34.7,35.3,1,0,19.31,21.46,72.78,0.3,0.3,20002,1,31.24,35.0,16.45,1,105089
125744,56.01,56.17,34.7,35.3,1,0,19.24,21.4,72.78,0.3,0.3,20002,1,31.24,35.0,16.61,1,105589
126253,55.87,56.02,34.7,35.3,1,0,19.09,21.36,72.78,0.3,0.3,20002,1,31.24,35.0,16.76,1,106089
126762,55.75,55.95,34.7,35.3,1,0,19.11,21.36,72.78,0.3,0.3,20002,1,31.21,35.0,16.83,1,106589
127271,55.68,55.85,34.7,35.3,1,0,19.5,21.29,72.78,0.3,0.3,20002,1,31.23,35.0,16.93,1,107089
127781,55.68,55.77,34.7,35.3,1,0,19.5,21.29,72.78,0.3,0.3,20002,1,31.23,35.0,17.01,1,107589
128290,55.62,55.69,34.7,35.3,1,0,18.94,21.27,72.78,0.3,0.3,20002,1,31.23,35.0,17.09,1,108089
128799,55.62,55.66,34.7,35.3,1,0,18.94,21.27,72.78,0.3,0.3,20002,1,31.23,35.0,17.12,1,108589
129308,55.68,55.67,34.7,35.3,1,0,18.83,21.3,72.78,0.3,0.3,20002,1,31.24,35.0,17.11,1,109089
129817,55.68,55.68,34.7,35.3,1,0,18.83,21.3,72.78,0.3,0.3,20002,1,31.24,35.0,17.1,1,109589
130326,55.67,55.67,34.7,35.3,1,0,18.53,21.28,72.78,0.3,0.3,20002,1,31.23,35.0,17.1,1,110089
130835,55.67,55.67,34.7,35.3,1,0,18.53,21.28,72.78,0.3,0.3,20002,1,31.23,35.0,17.11,1,110589
131344,55.73,55.67,34.7,35.3,1,0,18.36,21.28,72.78,0.3,0.3,20002,1,31.23,35.0,17.11,1,111089
131853,55.73,55.7,34.7,35.3,1,0,18.21,21.3,72.78,0.3,0.3,20002,1,31.24,35.0,17.08,1,111589
132362,55.73,55.72,34.7,35.3,1,0,18.21,21.32,72.78,0.3,0.3,20002,1,31.24,35.0,17.06,1,112089
132871,55.77,55.73,34.7,35.3,1,0,18.06,21.32,72.78,0.3,0.3,20002,1,31.23,35.0,17.05,1,112589
133380,55.77,55.75,34.7,35.3,1,0,18.06,21.31,72.78,0.3,0.3,20002,1,31.23,35.0,17.03,1,113089
133889,55.81,55.76,34.7,35.3,1,0,17.95,21.31,72.78,0.3,0.3,20002,1,31.23,35.0,17.02,1,113589
134398,55.81,55.78,34.7,35.3,1,0,17.95,21.33,72.78,0.3,0.3,20002,1,31.23,35.0,16.99,1,114090
134907,55.81,55.8,34.7,35.3,1,0,17.95,21.33,72.78,0.3,0.3,20002,1,31.23,35.0,16.98,1,114590
135416,55.86,55.83,34.7,35.3,1,0,17.84,21.35,72.78,0.3,0.3,20002,1,31.24,35.0,16.95,1,115090
135925,55.86,55.84,34.7,35.3,1,0,17.84,21.35,72.78,0.3,0.3,20002,1,31.24,35.0,16.94,1,115590
136434,55.86,55.85,34.7,35.3,1,0,17.91,21.37,72.78,0.3,0.3,20002,1,31.25,35.0,16.93,1,116090
136943,55.89,55.87,34.7,35.3,1,0,17.82,21.37,72.78,0.3,0.3,20002,1,31.25,35.0,16.91,1,116590
137452,55.92,55.88,34.7,35.3,1,0,17.6,21.37,72.78,0.3,0.3,20002,1,31.24,35.0,16.9,1,117090
137961,55.92,55.9,34.7,35.3,1,0,17.6,21.37,72.78,0.3,0.3,20002,1,31.24,35.0,16.88,1,117590
138470,55.99,55.91,34.7,35.3,1,0,17.5,21.37,72.78,0.3,0.3,20002,1,31.25,35.0,16.87,1,118090
138979,55.99,55.95,34.7,35.3,1,0,17.5,21.4,72.78,0.3,0.3,20002,1,31.25,35.0,16.83,1,118590
139488,56.02,55.97,34.7,35.3,1,0,17.5,21.4,72.78,0.3,0.3,20002,1,31.24,35.0,16.81,1,119090
139997,56.02,56.0,34.7,35.3,1,0,17.5,21.4,72.78,0.3,0.3,20002,1,31.24,35.0,16.78,1,119590
140506,56.02,56.01,34.7,35.3,1,0,17.5,21.4,72.78,0.3,0.3,20002,1,31.24,35.0,16.77,1,120090
141015,56.11,56.02,34.7,35.3,1,0,16.68,21.4,72.78,0.3,0.3,20002,1,31.25,35.0,16.76,1,120590
141524,56.08,56.06,34.7,35.3,1,1,17.24,21.44,72.78,0.3,0.3,20002,1,31.27,35.0,16.71,1,121090
142033,56.08,56.07,34.7,35.3,1,1,17.24,21.44,72.78,0.3,0.3,20002,1,31.27,35.0,16.71,1,121590
142542,56.08,56.07,34.7,35.3,1,1,17.24,21.44,72.78,0.3,0.3,20002,1,31.27,35.0,16.7,1,122090
143051,56.2,56.08,34.7,35.3,1,1,17.15,21.44,72.78,0.3,0.3,20002,1,31.28,35.0,16.7,1,122590
143560,56.25,56.14,34.7,35.3,1,1,17.41,21.49,72.78,0.3,0.3,20002,1,31.27,35.0,16.64,1,123090
144069,56.25,56.2,34.7,35.3,1,1,17.41,21.49,72.78,0.3,0.3,20002,1,31.27,35.0,16.58,1,123590
144578,56.35,56.22,34.7,35.3,1,1,17.65,21.49,72.78,0.3,0.3,20002,1,31.25,35.0,16.55,1,124090
145087,56.35,56.29,34.7,35.3,1,1,17.65,21.51,72.78,0.3,0.3,20002,1,31.25,35.0,16.49,1,124590
145596,56.19,56.25,34.7,35.3,1,1,18.06,21.46,72.78,0.3,0.3,20002,1,31.25,35.0,16.53,1,125591
146105,55.91,56.08,34.7,35.3,1,1,17.95,21.39,72.78,0.3,0.3,20002,1,31.27,35.0,16.7,1,126091
146614,55.91,56.0,34.7,35.3,1,1,17.95,21.39,72.78,0.3,0.3,20002,1,31.27,35.0,16.78,1,126591
147123,55.32,55.66,34.7,35.3,1,1,18.06,21.21,72.78,0.3,0.3,20002,1,31.25,35.0,17.12,1,127091
147632,54.98,55.32,34.7,35.3,1,1,18.25,21.08,72.78,0.3,0.3,20002,1,31.23,35.0,17.46,1,127591
148141,54.98,55.15,34.7,35.3,1,1,18.25,21.08,72.78,0.3,0.3,20002,1,31.23,35.0,17.63,1,128091
148650,54.55,54.85,34.7,35.3,1,1,18.36,20.94,72.78,0.3,0.3,20002,1,31.21,35.0,17.93,1,128591
149159,54.55,54.7,34.7,35.3,1,1,18.36,20.94,72.78,0.3,0.3,20002,1,31.21,35.0,18.08,1,129091
149668,54.06,54.38,34.7,35.3,1,1,18.38,20.78,72.78,0.3,0.3,20002,1,31.2,35.0,18.4,1,129591
150177,54.06,54.22,34.7,35.3,1,1,18.38,20.78,72.78,0.3,0.3,20002,1,31.2,35.0,18.56,1,130092
150686,53.55,53.89,34.7,35.3,1,1,18.47,20.61,72.78,0.3,0.3,20002,1,31.18,35.0,18.89,1,130593
151196,53.25,53.72,34.7,35.3,1,1,18.19,20.61,72.78,0.3,0.3,20002,1,31.21,35.0,19.06,1,131093
151706,53.25,53.49,34.7,35.3,1,1,18.19,20.55,72.78,0.3,0.3,20002,1,31.21,35.0,19.29,1,131593
152215,52.94,53.21,34.7,35.3,1,1,18.34,20.45,72.78,0.3,0.3,20002,1,31.21,35.0,19.57,1,132093
152724,52.64,53.07,34.7,35.3,1,1,18.32,20.45,72.78,0.3,0.3,20002,1,31.18,35.0,19.7,1,132593
153233,52.64,52.86,34.7,35.3,1,1,18.32,20.33,72.78,0.3,0.3,20002,1,31.18,35.0,19.92,1,133093
153742,52.4,52.63,34.7,35.3,1,0,18.55,20.24,72.78,0.3,0.3,20002,1,31.16,35.0,20.15,1,133593
154251,52.4,52.52,34.7,35.3,1,0,18.55,20.24,72.78,0.3,0.3,20002,1,31.16,35.0,20.26,1,134093
154760,52.4,52.46,34.7,35.3,1,0,18.55,20.24,72.78,0.3,0.3,20002,1,31.16,35.0,20.32,1,134593
155269,51.8,52.13,34.7,35.3,1,0,18.36,20.05,72.78,0.3,0.3,20002,1,31.16,35.0,20.65,1,135093
155778,51.52,51.96,34.7,35.3,1,0,18.12,20.05,72.78,0.3,0.3,20002,1,31.13,35.0,20.82,1,135593
156287,51.52,51.74,34.7,35.3,1,0,18.12,19.94,72.78,0.3,0.3,20002,1,31.13,35.0,21.04,1,136093
156796,51.39,51.63,34.7,35.3,1,0,17.67,19.94,72.78,0.3,0.3,20002,1,31.14,35.0,21.15,1,136593
157305,51.39,51.51,34.7,35.3,1,0,17.67,19.91,72.78,0.3,0.3,20002,1,31.14,35.0,21.27,1,137093
157814,51.29,51.4,34.7,35.3,1,0,17.65,19.87,72.78,0.3,0.3,20002,1,31.13,35.0,21.38,1,137593
158323,51.16,51.35,34.7,35.3,1,0,17.48,19.87,72.78,0.3,0.3,20002,1,31.13,35.0,21.43,1,138093
158832,51.08,51.25,34.7,35.3,1,0,17.65,19.82,72.78,0.3,0.3,20002,1,31.13,35.0,21.53,1,138593
159341,51.08,51.16,34.7,35.3,1,0,17.65,19.8,72.78,0.3,0.3,20002,1,31.13,35.0,21.61,1,139093
159850,51.08,51.12,34.7,35.3,1,0,17.65,19.8,72.78,0.3,0.3,20002,1,31.13,35.0,21.66,1,139593
160359,51.04,51.08,34.7,35.3,1,0,17.04,19.78,72.78,0.3,0.3,20002,1,31.13,35.0,21.7,1,140109
160868,51.08,51.06,34.7,35.3,1,0,16.98,19.78,72.78,0.3,0.3,20002,1,31.13,35.0,21.72,1,140609
161377,51.08,51.07,34.7,35.3,1,0,16.98,19.8,72.78,0.3,0.3,20002,1,31.13,35.0,21.71,1,141109
161886,51.13,51.1,34.7,35.3,1,0,17.0,19.81,72.78,0.3,0.3,20002,1,31.13,35.0,21.68,1,141609
162395,51.14,51.12,34.7,35.3,1,0,17.11,19.81,72.78,0.3,0.3,20002,1,31.16,35.0,21.66,1,142109
162904,51.12,51.13,34.7,35.3,1,0,16.96,19.84,72.78,0.3,0.3,20002,1,31.16,35.0,21.65,1,142609
163413,51.12,51.12,34.7,35.3,1,0,16.96,19.84,72.78,0.3,0.3,20002,1,31.16,35.0,21.66,1,143109
163922,51.13,51.13,34.7,35.3,1,0,16.87,19.83,72.78,0.3,0.3,20002,1,31.14,35.0,21.65,1,143609
164431,51.14,51.13,34.7,35.3,1,0,16.94,19.83,72.78,0.3,0.3,20002,1,31.13,35.0,21.65,1,144109
164940,51.14,51.14,34.7,35.3,1,0,16.94,19.82,72.78,0.3,0.3,20002,1,31.13,35.0,21.64,1,144609
165449,51.16,51.15,34.7,35.3,1,0,16.76,19.84,72.78,0.3,0.3,20002,1,31.14,35.0,21.63,1,145109
165958,51.18,51.16,34.7,35.3,1,0,16.63,19.84,72.78,0.3,0.3,20002,1,31.13,35.0,21.62,1,145609
166467,51.18,51.17,34.7,35.3,1,0,16.63,19.83,72.78,0.3,0.3,20002,1,31.13,35.0,21.61,1,146109
166977,51.18,51.18,34.7,35.3,1,0,16.63,19.83,72.78,0.3,0.3,20002,1,31.13,35.0,21.6,1,146609
167486,51.18,51.18,34.7,35.3,1,0,16.63,19.83,72.78,0.3,0.3,20002,1,31.13,35.0,21.6,1,147109
167995,51.18,51.18,34.7,35.3,1,0,16.63,19.83,72.78,0.3,0.3,20002,1,31.13,35.0,21.6,1,147609
168504,51.27,51.18,34.7,35.3,1,0,16.22,19.83,72.78,0.3,0.3,20002,1,31.14,35.0,21.6,1,148109
169013,51.27,51.23,34.7,35.3,1,0,16.22,19.87,72.78,0.3,0.3,20002,1,31.14,35.0,21.55,1,148609
169522,51.27,51.25,34.7,35.3,1,0,16.22,19.87,72.78,0.3,0.3,20002,1,31.14,35.0,21.53,1,149109
170031,51.27,51.26,34.7,35.3,1,0,16.22,19.87,72.78,0.3,0.3,20002,1,31.14,35.0,21.52,1,149609
170540,51.39,51.26,34.7,35.3,1,0,16.14,19.87,72.78,0.3,0.3,20002,1,31.14,35.0,21.52,1,150109
171060,51.46,51.33,34.7,35.3,1,0,16.18,19.91,72.78,0.3,0.3,20002,1,31.16,35.0,21.45,1,150609
171570,51.46,51.39,34.7,35.3,1,0,16.18,19.94,72.78,0.3,0.3,20002,1,31.16,35.0,21.39,1,151109
172079,51.5,51.43,34.7,35.3,1,0,16.14,19.94,72.78,0.3,0.3,20002,1,31.14,35.0,21.35,1,151609
172588,51.58,51.46,34.7,35.3,1,0,16.22,19.94,72.78,0.3,0.3,20002,1,31.16,35.0,21.32,1,152109
173097,51.58,51.52,34.7,35.3,1,0,16.22,19.98,72.78,0.3,0.3,20002,1,31.16,35.0,21.26,1,152609
173606,51.61,51.55,34.7,35.3,1,0,15.92,19.98,72.78,0.3,0.3,20002,1,31.16,35.0,21.23,1,153109
174115,51.61,51.59,34.7,35.3,1,1,15.88,19.98,72.78,0.3,0.3,20002,1,31.14,35.0,21.19,1,154110
174637,51.68,51.6,34.7,35.3,1,1,15.84,19.98,72.78,0.3,0.3,20002,1,31.16,35.0,21.18,1,154610
175147,51.68,51.64,34.7,35.3,1,1,15.84,20.01,72.78,0.3,0.3,20002,1,31.16,35.0,21.14,1,155110
175656,51.68,51.66,34.7,35.3,1,1,15.84,20.01,72.78,0.3,0.3,20002,1,31.16,35.0,21.12,1,155612
176165,51.68,51.67,34.7,35.3,1,1,15.84,20.01,72.78,0.3,0.3,20002,1,31.16,35.0,21.11,1,156112
176674,51.88,51.77,34.7,35.3,1,1,16.42,20.1,72.78,0.3,0.3,20002,1,31.18,35.0,21.0,1,156612
177183,51.88,51.83,34.7,35.3,1,1,16.42,20.1,72.78,0.3,0.3,20002,1,31.18,35.0,20.95,1,157112
177692,51.87,51.85,34.7,35.3,1,1,16.59,20.08,72.78,0.3,0.3,20002,1,31.17,35.0,20.93,1,157612
178201,51.46,51.86,34.7,35.3,1,1,16.92,20.08,72.78,0.3,0.3,20002,1,31.16,35.0,20.92,1,158112
178710,51.46,51.66,34.7,35.3,1,1,16.92,19.94,72.78,0.3,0.3,20002,1,31.16,35.0,21.12,1,158612
179219,51.07,51.36,34.7,35.3,1,1,16.72,19.82,72.78,0.3,0.3,20002,1,31.16,35.0,21.42,1,159112
179728,50.76,51.06,34.7,35.3,1,1,17.11,19.71,72.78,0.3,0.3,20002,1,31.14,35.0,21.72,1,159612
180237,50.4,50.91,34.7,35.3,1,1,17.17,19.71,72.78,0.3,0.3,20002,1,31.13,35.0,21.87,1,160112
180748,50.4,50.66,34.7,35.3,1,1,17.17,19.58,72.78,0.3,0.3,20002,1,31.13,35.0,22.12,1,160612
181258,50.07,50.36,34.7,35.3,1,1,17.13,19.48,72.78,0.3,0.3,20002,1,31.13,35.0,22.42,1,161112
181767,50.07,50.21,34.7,35.3,1,1,17.13,19.48,72.78,0.3,0.3,20002,1,31.13,35.0,22.56,1,161612
182276,49.75,49.98,34.7,35.3,1,1,17.24,19.35,72.78,0.3,0.3,20002,1,31.1,35.0,22.8,1,162112
182785,49.75,49.87,34.7,35.3,1,1,17.24,19.35,72.78,0.3,0.3,20002,1,31.1,35.0,22.91,1,162615
183294,49.32,49.59,34.7,35.3,1,0,17.3,19.18,72.78,0.3,0.3,20002,1,31.07,35.0,23.19,1,163116
183803,49.08,49.45,34.7,35.3,1,0,17.26,19.18,72.78,0.3,0.3,20002,1,31.1,35.0,23.32,1,163616
184312,49.08,49.27,34.7,35.3,1,0,17.26,19.13,72.78,0.3,0.3,20002,1,31.1,35.0,23.51,1,164116
184821,48.9,49.08,34.7,35.3,1,0,17.2,19.06,72.78,0.3,0.3,20002,1,31.09,35.0,23.69,1,164616
185330,48.9,48.99,34.7,35.3,1,0,17.2,19.06,72.78,0.3,0.3,20002,1,31.09,35.0,23.79,1,165116
185839,48.54,48.76,34.7,35.3,1,0,16.81,18.93,72.78,0.3,0.3,20002,1,31.07,35.0,24.01,1,165616
186348,48.45,48.65,34.7,35.3,1,0,16.14,18.93,72.78,0.3,0.3,20002,1,31.06,35.0,24.13,1,166116
186857,48.3,48.55,34.7,35.3,1,0,16.25,18.89,72.78,0.3,0.3,20002,1,31.04,35.0,24.23,1,166616
187366,48.3,48.43,34.7,35.3,1,0,16.25,18.82,72.78,0.3,0.3,20002,1,31.04,35.0,24.35,1,167116
187876,48.22,48.32,34.7,35.3,1,0,16.38,18.79,72.78,0.3,0.3,20002,1,31.04,35.0,24.46,1,167616
188385,48.18,48.25,34.7,35.3,1,0,16.46,18.8,72.78,0.3,0.3,20002,1,31.06,35.0,24.53,1,168116
188894,48.18,48.22,34.7,35.3,1,0,16.46,18.8,72.78,0.3,0.3,20002,1,31.06,35.0,24.56,1,168616
189403,48.17,48.2,34.7,35.3,1,0,16.1,18.81,72.78,0.3,0.3,20002,1,31.07,35.0,24.58,1,169116
189912,48.17,48.18,34.7,35.3,1,0,16.1,18.81,72.78,0.3,0.3,20002,1,31.07,35.0,24.6,1,169616
190421,48.1,48.18,34.7,35.3,1,0,16.14,18.81,72.78,0.3,0.3,20002,1,31.06,35.0,24.6,1,170116
190931,48.11,48.14,34.7,35.3,1,0,15.92,18.77,72.78,0.3,0.3,20002,1,31.06,35.0,24.64,1,170616
191441,48.11,48.13,34.7,35.3,1,0,15.92,18.77,72.78,0.3,0.3,20002,1,31.06,35.0,24.65,1,171116
191950,48.06,48.09,34.7,35.3,1,0,15.6,18.74,72.78,0.3,0.3,20002,1,31.04,35.0,24.69,1,171629
192459,48.06,48.08,34.7,35.3,1,0,15.75,18.74,72.78,0.3,0.3,20002,1,31.06,35.0,24.7,1,172129
192968,48.1,48.07,34.7,35.3,1,0,15.84,18.76,72.78,0.3,0.3,20002,1,31.06,35.0,24.71,1,172629
193477,48.09,48.09,34.7,35.3,1,0,15.62,18.77,72.78,0.3,0.3,20002,1,31.06,35.0,24.69,1,173129
193986,48.09,48.09,34.7,35.3,1,0,15.62,18.77,72.78,0.3,0.3,20002,1,31.06,35.0,24.69,1,173629
194495,48.11,48.09,34.7,35.3,1,0,15.55,18.77,72.78,0.3,0.3,20002,1,31.06,35.0,24.69,1,174129
195004,48.11,48.1,34.7,35.3,1,0,15.55,18.77,72.78,0.3,0.3,20002,1,31.06,35.0,24.68,1,174629
195513,48.18,48.14,34.7,35.3,1,0,15.25,18.8,72.78,0.3,0.3,20002,1,31.06,35.0,24.64,1,175129
196022,48.27,48.16,34.7,35.3,1,0,15.45,18.8,72.78,0.3,0.3,20002,1,31.06,35.0,24.62,1,175629
196531,48.27,48.21,34.7,35.3,1,0,15.45,18.82,72.78,0.3,0.3,20002,1,31.06,35.0,24.56,1,176129
197040,48.32,48.24,34.7,35.3,1,0,15.32,18.82,72.78,0.3,0.3,20002,1,31.04,35.0,24.54,1,176629
197549,48.32,48.28,34.7,35.3,1,0,15.32,18.82,72.78,0.3,0.3,20002,1,31.04,35.0,24.5,1,177129
198058,48.39,48.3,34.7,35.3,1,0,15.4,18.82,72.78,0.3,0.3,20002,1,31.06,35.0,24.48,1,177629
198567,48.39,48.34,34.7,35.3,1,0,15.4,18.86,72.78,0.3,0.3,20002,1,31.06,35.0,24.44,1,178129
199076,48.47,48.36,34.7,35.3,1,0,15.14,18.86,72.78,0.3,0.3,20002,1,31.06,35.0,24.41,1,178629
199585,48.52,48.42,34.7,35.3,1,0,15.12,18.89,72.78,0.3,0.3,20002,1,31.07,35.0,24.36,1,179129
200094,48.52,48.47,34.7,35.3,1,0,15.12,18.92,72.78,0.3,0.3,20002,1,31.07,35.0,24.31,1,179629
200603,48.56,48.52,34.7,35.3,1,0,15.03,18.95,72.78,0.3,0.3,20002,1,31.09,35.0,24.26,1,180144
201112,48.56,48.54,34.7,35.3,1,0,15.03,18.95,72.78,0.3,0.3,20002,1,31.09,35.0,24.24,1,180644
201621,48.74,48.55,34.7,35.3,1,0,14.93,18.95,72.78,0.3,0.3,20002,1,31.07,35.0,24.23,1,181144
202130,48.74,48.64,34.7,35.3,1,1,14.93,18.99,72.78,0.3,0.3,20002,1,31.07,35.0,24.13,1,181644
202639,48.79,48.69,34.7,35.3,1,1,14.95,18.99,72.78,0.3,0.3,20002,1,31.07,35.0,24.09,1,182144
203148,48.85,48.74,34.7,35.3,1,1,14.95,19.01,72.78,0.3,0.3,20002,1,31.07,35.0,24.04,1,182644
203657,48.85,48.82,34.7,35.3,1,1,14.95,19.03,72.78,0.3,0.3,20002,1,31.07,35.0,23.96,1,183652
204166,48.96,48.89,34.7,35.3,1,1,15.21,19.08,72.78,0.3,0.3,20002,1,31.09,35.0,23.89,1,184152
204675,49.03,48.96,34.7,35.3,1,1,15.42,19.09,72.78,0.3,0.3,20002,1,31.07,35.0,23.82,1,184652
205184,49.03,49.0,34.7,35.3,1,1,15.42,19.09,72.78,0.3,0.3,20002,1,31.07,35.0,23.78,1,185152
205694,48.86,48.93,34.7,35.3,1,1,15.68,19.03,72.78,0.3,0.3,20002,1,31.07,35.0,23.85,1,185652
206203,48.86,48.89,34.7,35.3,1,1,15.68,19.03,72.78,0.3,0.3,20002,1,31.07,35.0,23.89,1,186152
206712,48.45,48.67,34.7,35.3,1,1,15.92,18.9,72.78,0.3,0.3,20002,1,31.07,35.0,24.11,1,186652
207221,48.14,48.41,34.7,35.3,1,1,16.14,18.78,72.78,0.3,0.3,20002,1,31.06,35.0,24.37,1,187152
207730,47.83,48.12,34.7,35.3,1,1,16.1,18.64,72.78,0.3,0.3,20002,1,31.01,35.0,24.66,1,187652
208239,47.83,47.97,34.7,35.3,1,1,16.1,18.64,72.78,0.3,0.3,20002,1,31.01,35.0,24.8,1,188152
208749,47.36,47.9,34.7,35.3,1,1,16.4,18.64,72.78,0.3,0.3,20002,1,31.03,35.0,24.88,1,188652
209259,47.36,47.63,34.7,35.3,1,1,16.4,18.49,72.78,0.3,0.3,20002,1,31.03,35.0,25.15,1,189152
209768,47.36,47.49,34.7,35.3,1,1,16.4,18.49,72.78,0.3,0.3,20002,1,31.03,35.0,25.28,1,189652
210277,47.36,47.43,34.7,35.3,1,1,16.4,18.49,72.78,0.3,0.3,20002,1,31.03,35.0,25.35,1,190152
210786,47.36,47.39,34.7,35.3,1,1,16.4,18.49,72.78,0.3,0.3,20002,1,31.03,35.0,25.39,1,190652
211295,47.36,47.38,34.7,35.3,1,1,16.4,18.49,72.78,0.3,0.3,20002,1,31.03,35.0,25.4,1,191152
211804,47.36,47.37,34.7,35.3,1,1,16.4,18.49,72.78,0.3,0.3,20002,1,31.03,35.0,25.41,1,191652
212313,47.36,47.36,34.7,35.3,1,1,16.4,18.49,72.78,0.3,0.3,20002,1,31.03,35.0,25.42,1,192152
212822,46.39,46.88,34.7,35.3,1,0,16.46,18.15,72.78,0.3,0.3,20002,1,31.01,35.0,25.9,1,192652
213331,46.17,46.63,34.7,35.3,1,0,16.72,18.15,72.78,0.3,0.3,20002,1,31.0,35.0,26.15,1,193152
213840,46.17,46.4,34.7,35.3,1,0,16.72,18.06,72.78,0.3,0.3,20002,1,31.0,35.0,26.38,1,193652
214349,45.9,46.15,34.7,35.3,1,0,16.53,17.95,72.78,0.3,0.3,20002,1,30.98,35.0,26.63,1,194152
214858,45.81,45.98,34.7,35.3,1,0,16.63,17.89,72.78,0.3,0.3,20002,1,30.94,35.0,26.8,1,194652
215367,45.81,45.9,34.7,35.3,1,0,16.63,17.89,72.78,0.3,0.3,20002,1,30.94,35.0,26.88,1,195152
215876,45.63,45.76,34.7,35.3,1,0,16.12,17.85,72.78,0.3,0.3,20002,1,30.97,35.0,27.02,1,195652
216385,45.6,45.68,34.7,35.3,1,0,15.84,17.82,72.78,0.3,0.3,20002,1,30.96,35.0,27.1,1,196152
216894,45.45,45.56,34.7,35.3,1,0,15.86,17.76,72.78,0.3,0.3,20002,1,30.94,35.0,27.22,1,196652
217403,45.49,45.5,34.7,35.3,1,0,15.66,17.76,72.78,0.3,0.3,20002,1,30.96,35.0,27.27,1,197152
217912,45.49,45.5,34.7,35.3,1,0,15.66,17.79,72.78,0.3,0.3,20002,1,30.96,35.0,27.28,1,197652
218421,45.41,45.45,34.7,35.3,1,0,15.73,17.75,72.78,0.3,0.3,20002,1,30.94,35.0,27.33,1,198152
218930,45.42,45.43,34.7,35.3,1,0,15.64,17.75,72.78,0.3,0.3,20002,1,30.96,35.0,27.35,1,198652
219439,45.42,45.43,34.7,35.3,1,0,15.64,17.76,72.78,0.3,0.3,20002,1,30.96,35.0,27.35,1,199152
219948,45.41,45.42,34.7,35.3,1,0,15.38,17.75,72.78,0.3,0.3,20002,1,30.94,35.0,27.36,1,199652
220457,45.48,45.41,34.7,35.3,1,0,15.21,17.75,72.78,0.3,0.3,20002,1,30.96,35.0,27.37,1,200152
220967,45.48,45.44,34.7,35.3,1,0,15.21,17.78,72.78,0.3,0.3,20002,1,30.96,35.0,27.33,1,200652
221477,45.49,45.46,34.7,35.3,1,0,15.1,17.78,72.78,0.3,0.3,20002,1,30.97,35.0,27.32,1,201155
221986,45.49,45.48,34.7,35.3,1,0,15.1,17.8,72.78,0.3,0.3,20002,1,30.97,35.0,27.3,1,201656
222495,45.53,45.48,34.7,35.3,1,0,14.95,17.8,72.78,0.3,0.3,20002,1,30.96,35.0,27.3,1,202156
223004,45.57,45.51,34.7,35.3,1,0,14.88,17.8,72.78,0.3,0.3,20002,1,30.96,35.0,27.27,1,202656
223513,45.57,45.54,34.7,35.3,1,0,14.88,17.82,72.78,0.3,0.3,20002,1,30.96,35.0,27.24,1,203156
224022,45.57,45.55,34.7,35.3,1,0,14.88,17.82,72.78,0.3,0.3,20002,1,30.96,35.0,27.23,1,203656
224531,45.57,45.56,34.7,35.3,1,0,14.88,17.82,72.78,0.3,0.3,20002,1,30.96,35.0,27.22,1,204156
225040,45.57,45.57,34.7,35.3,1,0,14.88,17.82,72.78,0.3,0.3,20002,1,30.96,35.0,27.21,1,204656
225549,45.69,45.63,34.7,35.3,1,0,14.6,17.86,72.78,0.3,0.3,20002,1,30.96,35.0,27.15,1,205156
226058,45.71,45.66,34.7,35.3,1,0,14.62,17.86,72.78,0.3,0.3,20002,1,30.97,35.0,27.12,1,205656
226567,45.71,45.68,34.7,35.3,1,0,14.62,17.88,72.78,0.3,0.3,20002,1,30.97,35.0,27.1,1,206156
227076,45.71,45.69,34.7,35.3,1,0,14.62,17.88,72.78,0.3,0.3,20002,1,30.97,35.0,27.08,1,206656
227585,45.75,45.72,34.7,35.3,1,0,14.51,17.88,72.78,0.3,0.3,20002,1,30.96,35.0,27.06,1,207158
228094,45.79,45.73,34.7,35.3,1,0,14.62,17.88,72.78,0.3,0.3,20002,1,30.98,35.0,27.05,1,207658
228603,45.79,45.76,34.7,35.3,1,0,14.62,17.92,72.78,0.3,0.3,20002,1,30.98,35.0,27.02,1,208158
229112,45.86,45.77,34.7,35.3,1,0,14.56,17.92,72.78,0.3,0.3,20002,1,30.97,35.0,27.0,1,208658
229621,45.86,45.82,34.7,35.3,1,0,14.56,17.93,72.78,0.3,0.3,20002,1,30.97,35.0,26.96,1,209158
230130,45.86,45.84,34.7,35.3,1,0,14.56,17.93,72.78,0.3,0.3,20002,1,30.97,35.0,26.94,1,209658
230639,45.86,45.85,34.7,35.3,1,0,14.56,17.93,72.78,0.3,0.3,20002,1,30.97,35.0,26.93,1,210158
231148,46.0,45.85,34.7,35.3,1,0,14.36,17.93,72.78,0.3,0.3,20002,1,30.97,35.0,26.93,1,210658
231657,46.0,45.93,34.7,35.3,1,0,14.21,17.98,72.78,0.3,0.3,20002,1,30.98,35.0,26.85,1,211158
232166,46.06,46.01,34.7,35.3,1,0,14.21,18.01,72.78,0.3,0.3,20002,1,30.98,35.0,26.77,1,212161
232675,46.06,46.04,34.7,35.3,1,0,14.21,18.01,72.78,0.3,0.3,20002,1,30.98,35.0,26.74,1,212661
233184,46.15,46.09,34.7,35.3,1,0,14.19,18.04,72.78,0.3,0.3,20002,1,30.98,35.0,26.68,1,213161
233693,46.22,46.16,34.7,35.3,1,0,14.12,18.08,72.78,0.3,0.3,20002,1,31.0,35.0,26.62,1,213661
234202,46.28,46.22,34.7,35.3,1,1,14.08,18.1,72.78,0.3,0.3,20002,1,31.0,35.0,26.56,1,214162
234711,46.28,46.25,34.7,35.3,1,1,14.08,18.1,72.78,0.3,0.3,20002,1,31.0,35.0,26.53,1,214662
235220,46.28,46.26,34.7,35.3,1,1,14.08,18.1,72.78,0.3,0.3,20002,1,31.0,35.0,26.52,1,215162
235729,46.39,46.33,34.7,35.3,1,1,14.19,18.11,72.78,0.3,0.3,20002,1,30.97,35.0,26.45,1,215662
236238,46.39,46.36,34.7,35.3,1,1,14.19,18.11,72.78,0.3,0.3,20002,1,30.97,35.0,26.42,1,216162
236747,46.57,46.38,34.7,35.3,1,1,14.45,18.11,72.78,0.3,0.3,20002,1,31.01,35.0,26.4,1,216662
237256,46.57,46.48,34.7,35.3,1,1,14.45,18.21,72.78,0.3,0.3,20002,1,31.01,35.0,26.3,1,217162
237765,46.54,46.51,34.7,35.3,1,1,14.82,18.18,72.78,0.3,0.3,20002,1,30.98,35.0,26.27,1,217662
238274,46.54,46.53,34.7,35.3,1,1,14.82,18.18,72.78,0.3,0.3,20002,1,30.98,35.0,26.25,1,218162
238787,46.06,46.53,34.7,35.3,1,1,15.03,18.18,72.78,0.3,0.3,20002,1,30.98,35.0,26.24,1,218662
239297,46.06,46.3,34.7,35.3,1,1,15.03,18.01,72.78,0.3,0.3,20002,1,30.98,35.0,26.48,1,219162
239806,45.79,46.04,34.7,35.3,1,1,15.14,17.93,72.78,0.3,0.3,20002,1,31.0,35.0,26.74,1,219662
240315,45.79,45.92,34.7,35.3,1,1,15.14,17.93,72.78,0.3,0.3,20002,1,31.0,35.0,26.86,1,220162
240824,45.79,45.85,34.7,35.3,1,1,15.14,17.93,72.78,0.3,0.3,20002,1,31.0,35.0,26.93,1,220662
241333,45.79,45.82,34.7,35.3,1,1,15.14,17.93,72.78,0.3,0.3,20002,1,31.0,35.0,26.96,1,221162
241842,44.87,45.8,34.7,35.3,1,1,15.71,17.93,72.78,0.3,0.3,20002,1,30.94,35.0,26.97,1,221662
242351,44.71,45.34,34.7,35.3,1,0,15.71,17.56,72.78,0.3,0.3,20002,1,30.96,35.0,27.44,1,222162
242860,44.71,45.02,34.7,35.3,1,0,15.71,17.51,72.78,0.3,0.3,20002,1,30.96,35.0,27.76,1,222662
243369,44.51,44.76,34.7,35.3,1,0,15.66,17.44,72.78,0.3,0.3,20002,1,30.96,35.0,28.02,1,223162
243878,44.31,44.54,34.7,35.3,1,0,15.68,17.33,72.78,0.3,0.3,20002,1,30.92,35.0,28.24,1,223662
244387,44.15,44.34,34.7,35.3,1,0,15.58,17.29,72.78,0.3,0.3,20002,1,30.93,35.0,28.43,1,224162
244896,44.15,44.25,34.7,35.3,1,0,15.58,17.29,72.78,0.3,0.3,20002,1,30.93,35.0,28.53,1,224662
245405,44.07,44.2,34.7,35.3,1,0,15.14,17.29,72.78,0.3,0.3,20002,1,30.9,35.0,28.58,1,225162
245915,44.07,44.13,34.7,35.3,1,0,15.14,17.23,72.78,0.3,0.3,20002,1,30.9,35.0,28.65,1,225662
246424,43.95,44.04,34.7,35.3,1,0,15.1,17.22,72.78,0.3,0.3,20002,1,30.93,35.0,28.74,1,226162
246933,43.95,44.0,34.7,35.3,1,0,15.1,17.22,72.78,0.3,0.3,20002,1,30.93,35.0,28.78,1,226662
247442,43.96,43.98,34.7,35.3,1,0,14.08,17.22,72.78,0.3,0.3,20002,1,30.93,35.0,28.8,1,227162
247951,43.96,43.97,34.7,35.3,1,0,14.08,17.22,72.78,0.3,0.3,20002,1,30.93,35.0,28.81,1,227662
248460,43.96,43.97,34.7,35.3,1,0,14.08,17.22,72.78,0.3,0.3,20002,1,30.93,35.0,28.81,1,228162
248969,43.96,43.96,34.7,35.3,1,0,14.08,17.22,72.78,0.3,0.3,20002,1,30.93,35.0,28.81,1,228662
249478,44.01,43.99,34.7,35.3,1,0,14.43,17.21,72.78,0.3,0.3,20002,1,30.9,35.0,28.79,1,229162
249987,44.01,44.0,34.7,35.3,1,0,14.38,17.21,72.78,0.3,0.3,20002,1,30.9,35.0,28.78,1,229662
250496,44.01,44.01,34.7,35.3,1,0,14.38,17.21,72.78,0.3,0.3,20002,1,30.9,35.0,28.77,1,230162
251005,43.97,43.99,34.7,35.3,1,0,14.25,17.2,72.78,0.3,0.3,20002,1,30.9,35.0,28.79,1,230662
251514,43.97,43.98,34.7,35.3,1,0,14.25,17.2,72.78,0.3,0.3,20002,1,30.9,35.0,28.8,1,231162
252023,43.99,43.98,34.7,35.3,1,0,14.17,17.2,72.78,0.3,0.3,20002,1,30.93,35.0,28.8,1,231662
252532,43.99,43.98,34.7,35.3,1,0,14.01,17.23,72.78,0.3,0.3,20002,1,30.9,35.0,28.79,1,232162
253041,43.99,43.99,34.7,35.3,1,0,13.95,17.21,72.78,0.3,0.3,20002,1,30.92,35.0,28.79,1,232662
253550,43.99,43.99,34.7,35.3,1,0,13.95,17.22,72.78,0.3,0.3,20002,1,30.92,35.0,28.79,1,233162
254059,43.99,43.99,34.7,35.3,1,0,13.93,17.22,72.78,0.3,0.3,20002,1,30.92,35.0,28.79,1,233662
254568,43.97,43.99,34.7,35.3,1,0,13.75,17.22,72.78,0.3,0.3,20002,1,30.92,35.0,28.79,1,234162
255077,43.97,43.98,34.7,35.3,1,0,13.75,17.21,72.78,0.3,0.3,20002,1,30.92,35.0,28.8,1,234662
255586,44.0,43.99,34.7,35.3,1,0,13.71,17.22,72.78,0.3,0.3,20002,1,30.92,35.0,28.79,1,235176
256095,44.04,44.0,34.7,35.3,1,0,13.71,17.22,72.78,0.3,0.3,20002,1,30.9,35.0,28.78,1,235676
256604,44.04,44.02,34.7,35.3,1,0,13.71,17.22,72.78,0.3,0.3,20002,1,30.9,35.0,28.76,1,236176
257113,44.04,44.03,34.7,35.3,1,0,13.71,17.22,72.78,0.3,0.3,20002,1,30.9,35.0,28.75,1,236676
257622,44.12,44.03,34.7,35.3,1,0,13.75,17.22,72.78,0.3,0.3,20002,1,30.92,35.0,28.74,1,237176
258133,44.18,44.08,34.7,35.3,1,0,13.66,17.27,72.78,0.3,0.3,20002,1,30.93,35.0,28.7,1,237676
258643,44.18,44.13,34.7,35.3,1,0,13.66,17.3,72.78,0.3,0.3,20002,1,30.93,35.0,28.65,1,238176
259152,44.2,44.16,34.7,35.3,1,0,13.84,17.3,72.78,0.3,0.3,20002,1,30.92,35.0,28.62,1,238676
259661,44.27,44.18,34.7,35.3,1,0,13.51,17.29,72.78,0.3,0.3,20002,1,30.93,35.0,28.6,1,239176
260170,44.27,44.23,34.7,35.3,1,0,13.51,17.33,72.78,0.3,0.3,20002,1,30.93,35.0,28.55,1,239676
260679,44.35,44.25,34.7,35.3,1,0,13.45,17.33,72.78,0.3,0.3,20002,1,30.93,35.0,28.53,1,240176
261188,44.35,44.33,34.7,35.3,1,0,13.45,17.36,72.78,0.3,0.3,20002,1,30.93,35.0,28.45,1,241183
261697,44.35,44.34,34.7,35.3,1,0,13.45,17.36,72.78,0.3,0.3,20002,1,30.93,35.0,28.44,1,241683
262206,44.47,44.41,34.7,35.3,1,0,13.42,17.4,72.78,0.3,0.3,20002,1,30.93,35.0,28.37,1,242183
262715,44.53,44.47,34.7,35.3,1,1,13.36,17.46,72.78,0.3,0.3,20002,1,30.97,35.0,28.31,1,242683
263224,44.53,44.5,34.7,35.3,1,1,13.36,17.46,72.78,0.3,0.3,20002,1,30.97,35.0,28.28,1,243183
263733,44.61,44.56,34.7,35.3,1,1,13.25,17.47,72.78,0.3,0.3,20002,1,30.94,35.0,28.22,1,243683
264242,44.61,44.58,34.7,35.3,1,1,13.25,17.47,72.78,0.3,0.3,20002,1,30.94,35.0,28.19,1,244183
264752,44.76,44.6,34.7,35.3,1,1,13.56,17.47,72.78,0.3,0.3,20002,1,30.93,35.0,28.18,1,244683
265262,44.76,44.68,34.7,35.3,1,1,13.56,17.5,72.78,0.3,0.3,20002,1,30.93,35.0,28.1,1,245183
265771,44.81,44.75,34.7,35.3,1,1,13.88,17.54,72.78,0.3,0.3,20002,1,30.94,35.0,28.03,1,245683
266280,44.81,44.78,34.7,35.3,1,1,13.88,17.54,72.78,0.3,0.3,20002,1,30.94,35.0,28.0,1,246183
266789,44.56,44.8,34.7,35.3,1,1,14.32,17.54,72.78,0.3,0.3,20002,1,30.94,35.0,27.98,1,246683
267298,44.56,44.68,34.7,35.3,1,1,14.32,17.45,72.78,0.3,0.3,20002,1,30.94,35.0,28.1,1,247183
267807,44.27,44.48,34.7,35.3,1,1,14.56,17.33,72.78,0.3,0.3,20002,1,30.93,35.0,28.3,1,247683
268316,44.08,44.28,34.7,35.3,1,1,14.77,17.26,72.78,0.3,0.3,20002,1,30.93,35.0,28.5,1,248183
268825,43.75,44.18,34.7,35.3,1,1,14.77,17.26,72.78,0.3,0.3,20002,1,30.92,35.0,28.6,1,248683
269335,43.75,43.96,34.7,35.3,1,1,14.77,17.13,72.78,0.3,0.3,20002,1,30.92,35.0,28.81,1,249183
269844,43.75,43.85,34.7,35.3,1,1,14.77,17.13,72.78,0.3,0.3,20002,1,30.92,35.0,28.92,1,249683
270353,43.33,43.59,34.7,35.3,1,1,14.73,16.96,72.78,0.3,0.3,20002,1,30.89,35.0,29.18,1,250183
270862,43.12,43.46,34.7,35.3,1,1,14.97,16.96,72.78,0.3,0.3,20002,1,30.9,35.0,29.31,1,250683
271371,43.12,43.29,34.7,35.3,1,0,14.97,16.89,72.78,0.3,0.3,20002,1,30.9,35.0,29.49,1,251183
271880,42.87,43.08,34.7,35.3,1,0,14.95,16.79,72.78,0.3,0.3,20002,1,30.89,35.0,29.7,1,251683
272389,42.71,42.89,34.7,35.3,1,0,14.99,16.71,72.78,0.3,0.3,20002,1,30.87,35.0,29.89,1,252191
272898,42.54,42.8,34.7,35.3,1,0,15.14,16.71,72.78,0.3,0.3,20002,1,30.86,35.0,29.98,1,252691
273407,42.54,42.67,34.7,35.3,1,0,15.14,16.64,72.78,0.3,0.3,20002,1,30.86,35.0,30.11,1,253191
273916,42.38,42.53,34.7,35.3,1,0,14.69,16.57,72.78,0.3,0.3,20002,1,30.85,35.0,30.25,1,253691
274425,42.38,42.46,34.7,35.3,1,0,14.69,16.57,72.78,0.3,0.3,20002,1,30.85,35.0,30.32,1,254191
274934,42.24,42.35,34.7,35.3,1,0,14.4,16.51,72.78,0.3,0.3,20002,1,30.85,35.0,30.43,1,254691
275443,42.2,42.27,34.7,35.3,1,0,14.23,16.51,72.78,0.3,0.3,20002,1,30.86,35.0,30.51,1,255191
275952,42.19,42.23,34.7,35.3,1,0,14.12,16.51,72.78,0.3,0.3,20002,1,30.85,35.0,30.55,1,255691
276462,42.19,42.21,34.7,35.3,1,0,14.12,16.5,72.78,0.3,0.3,20002,1,30.85,35.0,30.57,1,256191
276971,42.18,42.2,34.7,35.3,1,0,13.95,16.5,72.78,0.3,0.3,20002,1,30.82,35.0,30.58,1,256691
277480,42.17,42.19,34.7,35.3,1,0,13.88,16.47,72.78,0.3,0.3,20002,1,30.85,35.0,30.59,1,257191
277989,42.17,42.18,34.7,35.3,1,0,13.88,16.49,72.78,0.3,0.3,20002,1,30.85,35.0,30.6,1,257691
278498,42.18,42.18,34.7,35.3,1,0,13.82,16.48,72.78,0.3,0.3,20002,1,30.83,35.0,30.6,1,258191
279007,42.15,42.18,34.7,35.3,1,0,14.03,16.48,72.78,0.3,0.3,20002,1,30.86,35.0,30.6,1,258691
279516,42.15,42.16,34.7,35.3,1,0,14.03,16.5,72.78,0.3,0.3,20002,1,30.86,35.0,30.61,1,259191
280025,42.14,42.16,34.7,35.3,1,0,13.71,16.5,72.78,0.3,0.3,20002,1,30.86,35.0,30.62,1,259691
280534,42.19,42.15,34.7,35.3,1,0,13.66,16.49,72.78,0.3,0.3,20002,1,30.85,35.0,30.63,1,260191
281043,42.19,42.17,34.7,35.3,1,0,13.66,16.5,72.78,0.3,0.3,20002,1,30.85,35.0,30.61,1,260691
281552,42.24,42.2,34.7,35.3,1,0,13.53,16.51,72.78,0.3,0.3,20002,1,30.85,35.0,30.58,1,261191
282061,42.28,42.22,34.7,35.3,1,0,13.49,16.51,72.78,0.3,0.3,20002,1,30.85,35.0,30.56,1,261691
282570,42.32,42.25,34.7,35.3,1,0,13.36,16.53,72.78,0.3,0.3,20002,1,30.85,35.0,30.53,1,262191
283079,42.32,42.29,34.7,35.3,1,0,13.36,16.55,72.78,0.3,0.3,20002,1,30.85,35.0,30.49,1,262691
283588,42.34,42.31,34.7,35.3,1,0,13.51,16.55,72.78,0.3,0.3,20002,1,30.85,35.0,30.47,1,263191
284097,42.34,42.32,34.7,35.3,1,0,13.51,16.55,72.78,0.3,0.3,20002,1,30.85,35.0,30.46,1,263691
284607,42.41,42.37,34.7,35.3,1,0,13.29,16.58,72.78,0.3,0.3,20002,1,30.85,35.0,30.41,1,264202
285116,42.41,42.39,34.7,35.3,1,0,13.29,16.58,72.78,0.3,0.3,20002,1,30.85,35.0,30.39,1,264702
285625,42.41,42.4,34.7,35.3,1,0,13.29,16.58,72.78,0.3,0.3,20002,1,30.85,35.0,30.38,1,265202
286134,42.48,42.41,34.7,35.3,1,0,13.14,16.58,72.78,0.3,0.3,20002,1,30.86,35.0,30.37,1,265702
286646,42.48,42.45,34.7,35.3,1,0,13.14,16.62,72.78,0.3,0.3,20002,1,30.86,35.0,30.33,1,266202
287155,42.48,42.46,34.7,35.3,1,0,13.14,16.62,72.78,0.3,0.3,20002,1,30.86,35.0,30.31,1,266702
287664,42.6,42.47,34.7,35.3,1,0,13.03,16.62,72.78,0.3,0.3,20002,1,30.87,35.0,30.3,1,267202
288173,42.6,42.54,34.7,35.3,1,0,13.03,16.67,72.78,0.3,0.3,20002,1,30.87,35.0,30.24,1,267702
288682,42.6,42.57,34.7,35.3,1,0,13.03,16.67,72.78,0.3,0.3,20002,1,30.87,35.0,30.21,1,268204
289191,42.74,42.59,34.7,35.3,1,0,12.92,16.67,72.78,0.3,0.3,20002,1,30.89,35.0,30.19,1,268705
289700,42.74,42.66,34.7,35.3,1,0,12.92,16.74,72.78,0.3,0.3,20002,1,30.89,35.0,30.12,1,269205
290209,42.9,42.7,34.7,35.3,1,0,12.83,16.74,72.78,0.3,0.3,20002,1,30.89,35.0,30.08,1,269705
290718,42.9,42.85,34.7,35.3,1,0,12.83,16.8,72.78,0.3,0.3,20002,1,30.89,35.0,29.93,1,270713
291227,42.91,42.88,34.7,35.3,1,0,12.85,16.79,72.78,0.3,0.3,20002,1,30.87,35.0,29.9,1,271213
291736,42.98,42.93,34.7,35.3,1,1,12.68,16.81,72.78,0.3,0.3,20002,1,30.87,35.0,29.85,1,271713
292245,43.01,42.97,34.7,35.3,1,1,12.75,16.83,72.78,0.3,0.3,20002,1,30.87,35.0,29.81,1,272213
292755,43.01,42.99,34.7,35.3,1,1,12.75,16.83,72.78,0.3,0.3,20002,1,30.87,35.0,29.79,1,272713
293265,43.14,43.07,34.7,35.3,1,1,12.83,16.87,72.78,0.3,0.3,20002,1,30.87,35.0,29.71,1,273213
293774,43.14,43.11,34.7,35.3,1,1,12.83,16.87,72.78,0.3,0.3,20002,1,30.87,35.0,29.67,1,273713
294283,43.14,43.12,34.7,35.3,1,1,12.83,16.87,72.78,0.3,0.3,20002,1,30.87,35.0,29.65,1,274213
294792,43.29,43.21,34.7,35.3,1,1,13.03,16.91,72.78,0.3,0.3,20002,1,30.86,35.0,29.57,1,274713
295317,43.2,43.25,34.7,35.3,1,1,13.71,16.91,72.78,0.3,0.3,20002,1,30.89,35.0,29.53,1,275213
295827,43.2,43.22,34.7,35.3,1,1,13.71,16.91,72.78,0.3,0.3,20002,1,30.89,35.0,29.55,1,275713
296336,42.83,43.03,34.7,35.3,1,1,14.06,16.75,72.78,0.3,0.3,20002,1,30.86,35.0,29.75,1,276214
296845,42.59,42.93,34.7,35.3,1,1,14.03,16.75,72.78,0.3,0.3,20002,1,30.85,35.0,29.85,1,276714
297354,42.59,42.76,34.7,35.3,1,1,14.03,16.64,72.78,0.3,0.3,20002,1,30.85,35.0,30.02,1,277214
297863,42.59,42.67,34.7,35.3,1,1,14.03,16.64,72.78,0.3,0.3,20002,1,30.85,35.0,30.11,1,277714
298372,42.08,42.38,34.7,35.3,1,0,14.54,16.47,72.78,0.3,0.3,20002,1,30.86,35.0,30.4,1,278214
298881,41.84,42.11,34.7,35.3,1,0,14.49,16.35,72.78,0.3,0.3,20002,1,30.83,35.0,30.67,1,278714
299390,41.69,41.98,34.7,35.3,1,0,14.58,16.35,72.78,0.3,0.3,20002,1,30.82,35.0,30.8,1,279214
299899,41.69,41.83,34.7,35.3,1,0,14.58,16.29,72.78,0.3,0.3,20002,1,30.82,35.0,30.94,1,279714
300408,41.69,41.76,34.7,35.3,1,0,14.58,16.29,72.78,0.3,0.3,20002,1,30.82,35.0,31.01,1,280214
300917,41.45,41.61,34.7,35.3,1,0,14.03,16.21,72.78,0.3,0.3,20002,1,30.83,35.0,31.17,1,280714
301426,41.45,41.53,34.7,35.3,1,0,14.03,16.21,72.78,0.3,0.3,20002,1,30.83,35.0,31.25,1,281214
301935,41.26,41.39,34.7,35.3,1,0,13.86,16.1,72.78,0.3,0.3,20002,1,30.79,35.0,31.39,1,281714
302444,41.21,41.32,34.7,35.3,1,0,13.66,16.1,72.78,0.3,0.3,20002,1,30.82,35.0,31.46,1,282214
302953,41.2,41.27,34.7,35.3,1,0,13.31,16.1,72.78,0.3,0.3,20002,1,30.8,35.0,31.51,1,282714
303463,41.2,41.23,34.7,35.3,1,0,13.31,16.09,72.78,0.3,0.3,20002,1,30.8,35.0,31.55,1,283214
303972,41.2,41.22,34.7,35.3,1,0,13.31,16.09,72.78,0.3,0.3,20002,1,30.8,35.0,31.56,1,283714
304481,41.2,41.21,34.7,35.3,1,0,13.31,16.09,72.78,0.3,0.3,20002,1,30.8,35.0,31.57,1,284214
304990,41.21,41.21,34.7,35.3,1,0,13.25,16.1,72.78,0.3,0.3,20002,1,30.82,35.0,31.57,1,284714
305499,41.21,41.21,34.7,35.3,1,0,13.25,16.1,72.78,0.3,0.3,20002,1,30.82,35.0,31.57,1,285214
306008,41.21,41.21,34.7,35.3,1,0,13.86,16.1,72.78,0.3,0.3,20002,1,30.8,35.0,31.57,1,285714
306517,41.21,41.21,34.7,35.3,1,0,13.86,16.09,72.78,0.3,0.3,20002,1,30.8,35.0,31.57,1,286214
307026,41.21,41.21,34.7,35.3,1,0,13.86,16.09,72.78,0.3,0.3,20002,1,30.8,35.0,31.56,1,286714
307535,41.26,41.23,34.7,35.3,1,0,12.85,16.11,72.78,0.3,0.3,20002,1,30.8,35.0,31.54,1,287214
308044,41.18,41.25,34.7,35.3,1,0,13.07,16.11,72.78,0.3,0.3,20002,1,30.8,35.0,31.53,1,287714
308553,41.18,41.21,34.7,35.3,1,0,13.07,16.08,72.78,0.3,0.3,20002,1,30.8,35.0,31.57,1,288214
309062,41.17,41.19,34.7,35.3,1,0,12.96,16.07,72.78,0.3,0.3,20002,1,30.8,35.0,31.59,1,288714
309571,41.18,41.18,34.7,35.3,1,0,12.94,16.07,72.78,0.3,0.3,20002,1,30.82,35.0,31.6,1,289214
310080,41.18,41.18,34.7,35.3,1,0,12.94,16.09,72.78,0.3,0.3,20002,1,30.82,35.0,31.6,1,289714
310589,41.21,41.18,34.7,35.3,1,0,12.88,16.09,72.78,0.3,0.3,20002,1,30.8,35.0,31.6,1,290214
311098,41.23,41.2,34.7,35.3,1,0,12.85,16.09,72.78,0.3,0.3,20002,1,30.8,35.0,31.58,1,290714
311607,41.3,41.21,34.7,35.3,1,0,12.72,16.1,72.78,0.3,0.3,20002,1,30.82,35.0,31.57,1,291214
312116,41.3,41.26,34.7,35.3,1,0,12.72,16.14,72.78,0.3,0.3,20002,1,30.82,35.0,31.52,1,291714
312625,41.3,41.28,34.7,35.3,1,0,12.72,16.14,72.78,0.3,0.3,20002,1,30.82,35.0,31.5,1,292214
313134,41.3,41.29,34.7,35.3,1,0,12.72,16.14,72.78,0.3,0.3,20002,1,30.82,35.0,31.49,1,292714
313643,41.45,41.37,34.7,35.3,1,0,12.5,16.19,72.78,0.3,0.3,20002,1,30.82,35.0,31.41,1,293214
314152,41.5,41.41,34.7,35.3,1,0,12.64,16.19,72.78,0.3,0.3,20002,1,30.82,35.0,31.37,1,293714
314662,41.5,41.46,34.7,35.3,1,0,12.64,16.21,72.78,0.3,0.3,20002,1,30.82,35.0,31.32,1,294214
315172,41.62,41.48,34.7,35.3,1,0,12.53,16.21,72.78,0.3,0.3,20002,1,30.8,35.0,31.3,1,294714
315681,41.65,41.55,34.7,35.3,1,0,12.46,16.24,72.78,0.3,0.3,20002,1,30.85,35.0,31.23,1,295214
316190,41.65,41.6,34.7,35.3,1,0,12.46,16.3,72.78,0.3,0.3,20002,1,30.85,35.0,31.18,1,295714
316699,41.67,41.63,34.7,35.3,1,0,12.37,16.3,72.78,0.3,0.3,20002,1,30.85,35.0,31.15,1,296214
317208,41.75,41.65,34.7,35.3,1,0,12.28,16.3,72.78,0.3,0.3,20002,1,30.82,35.0,31.13,1,296714
317717,41.75,41.7,34.7,35.3,1,1,12.28,16.31,72.78,0.3,0.3,20002,1,30.82,35.0,31.08,1,297214
318226,41.82,41.73,34.7,35.3,1,1,12.24,16.31,72.78,0.3,0.3,20002,1,30.85,35.0,31.05,1,297725
318735,41.86,41.77,34.7,35.3,1,1,12.39,16.36,72.78,0.3,0.3,20002,1,30.85,35.0,31.01,1,298234
319245,41.86,41.81,34.7,35.3,1,1,12.39,16.37,72.78,0.3,0.3,20002,1,30.85,35.0,30.97,1,298744
319754,41.96,41.9,34.7,35.3,1,1,12.55,16.41,72.78,0.3,0.3,20002,1,30.85,35.0,30.88,1,299749
320263,41.96,41.93,34.7,35.3,1,1,12.55,16.41,72.78,0.3,0.3,20002,1,30.85,35.0,30.85,1,300249
320772,42.09,42.01,34.7,35.3,1,1,13.12,16.46,72.78,0.3,0.3,20002,1,30.85,35.0,30.77,1,300749
321281,42.03,42.02,34.7,35.3,1,1,13.42,16.41,72.78,0.3,0.3,20002,1,30.82,35.0,30.76,1,301249
321790,42.03,42.03,34.7,35.3,1,1,13.42,16.41,72.78,0.3,0.3,20002,1,30.82,35.0,30.75,1,301749
322299,41.62,41.82,34.7,35.3,1,1,13.51,16.28,72.78,0.3,0.3,20002,1,30.85,35.0,30.95,1,302249
322808,41.28,41.72,34.7,35.3,1,1,13.45,16.28,72.78,0.3,0.3,20002,1,30.8,35.0,31.06,1,302749
323318,41.28,41.5,34.7,35.3,1,1,13.45,16.12,72.78,0.3,0.3,20002,1,30.8,35.0,31.27,1,303249
323827,41.01,41.26,34.7,35.3,1,0,14.12,16.01,72.78,0.3,0.3,20002,1,30.8,35.0,31.52,1,303749
324336,41.01,41.13,34.7,35.3,1,0,14.12,16.01,72.78,0.3,0.3,20002,1,30.8,35.0,31.65,1,304249
324845,40.8,40.97,34.7,35.3,1,0,14.1,15.94,72.78,0.3,0.3,20002,1,30.8,35.0,31.81,1,304749
325354,40.63,40.8,34.7,35.3,1,0,14.19,15.84,72.78,0.3,0.3,20002,1,30.78,35.0,31.98,1,305249
325863,40.63,40.71,34.7,35.3,1,0,14.19,15.84,72.78,0.3,0.3,20002,1,30.78,35.0,32.07,1,305749
326372,40.63,40.67,34.7,35.3,1,0,14.19,15.84,72.78,0.3,0.3,20002,1,30.78,35.0,32.11,1,306249
326881,40.63,40.65,34.7,35.3,1,0,14.19,15.84,72.78,0.3,0.3,20002,1,30.78,35.0,32.13,1,306749
327390,40.26,40.46,34.7,35.3,1,0,13.53,15.71,72.78,0.3,0.3,20002,1,30.79,35.0,32.32,1,307249
327899,40.2,40.33,34.7,35.3,1,0,13.66,15.68,72.78,0.3,0.3,20002,1,30.78,35.0,32.45,1,307749
328408,40.19,40.27,34.7,35.3,1,0,13.45,15.68,72.78,0.3,0.3,20002,1,30.79,35.0,32.51,1,308249
328917,40.19,40.23,34.7,35.3,1,0,13.45,15.69,72.78,0.3,0.3,20002,1,30.79,35.0,32.55,1,308749
329426,40.19,40.21,34.7,35.3,1,0,13.45,15.69,72.78,0.3,0.3,20002,1,30.79,35.0,32.57,1,309249
329935,40.19,40.2,34.7,35.3,1,0,13.45,15.69,72.78,0.3,0.3,20002,1,30.79,35.0,32.58,1,309749
330444,40.15,40.17,34.7,35.3,1,0,12.42,15.66,72.78,0.3,0.3,20002,1,30.78,35.0,32.61,1,310249
330953,40.09,40.16,34.7,35.3,1,0,12.92,15.66,72.78,0.3,0.3,20002,1,30.79,35.0,32.62,1,310749
331462,40.09,40.12,34.7,35.3,1,0,12.92,15.65,72.78,0.3,0.3,20002,1,30.79,35.0,32.65,1,311249
331971,40.04,40.08,34.7,35.3,1,0,13.05,15.62,72.78,0.3,0.3,20002,1,30.78,35.0,32.69,1,311749
332480,40.04,40.06,34.7,35.3,1,0,13.05,15.62,72.78,0.3,0.3,20002,1,30.78,35.0,32.71,1,312249
332989,40.07,40.07,34.7,35.3,1,0,12.5,15.6,72.78,0.3,0.3,20002,1,30.75,35.0,32.71,1,312749
333498,40.04,40.07,34.7,35.3,1,0,12.66,15.6,72.78,0.3,0.3,20002,1,30.78,35.0,32.71,1,313249
334007,40.04,40.06,34.7,35.3,1,0,12.66,15.62,72.78,0.3,0.3,20002,1,30.78,35.0,32.72,1,313749
334516,40.12,40.09,34.7,35.3,1,0,12.37,15.65,72.78,0.3,0.3,20002,1,30.78,35.0,32.69,1,314249
335025,40.16,40.12,34.7,35.3,1,0,12.72,15.66,72.78,0.3,0.3,20002,1,30.78,35.0,32.66,1,314751
335534,40.2,40.14,34.7,35.3,1,0,12.59,15.66,72.78,0.3,0.3,20002,1,30.79,35.0,32.64,1,315251
336043,40.2,40.17,34.7,35.3,1,0,12.59,15.69,72.78,0.3,0.3,20002,1,30.79,35.0,32.61,1,315751
336552,40.23,40.2,34.7,35.3,1,0,12.33,15.69,72.78,0.3,0.3,20002,1,30.78,35.0,32.58,1,316251
337061,40.23,40.22,34.7,35.3,1,0,12.33,15.69,72.78,0.3,0.3,20002,1,30.78,35.0,32.56,1,316751
337570,40.23,40.22,34.7,35.3,1,0,12.33,15.69,72.78,0.3,0.3,20002,1,30.78,35.0,32.55,1,317251
338079,40.39,40.23,34.7,35.3,1,0,11.89,15.69,72.78,0.3,0.3,20002,1,30.78,35.0,32.55,1,317751
338588,40.32,40.31,34.7,35.3,1,0,12.44,15.75,72.78,0.3,0.3,20002,1,30.8,35.0,32.47,1,318251
339098,40.45,40.32,34.7,35.3,1,0,12.2,15.75,72.78,0.3,0.3,20002,1,30.78,35.0,32.46,1,318751
339608,40.45,40.38,34.7,35.3,1,0,12.2,15.78,72.78,0.3,0.3,20002,1,30.78,35.0,32.39,1,319251
340117,40.51,40.42,34.7,35.3,1,0,12.28,15.78,72.78,0.3,0.3,20002,1,30.76,35.0,32.36,1,319751
340626,40.51,40.46,34.7,35.3,1,0,12.28,15.78,72.78,0.3,0.3,20002,1,30.76,35.0,32.32,1,320251
341135,40.58,40.49,34.7,35.3,1,0,12.2,15.78,72.78,0.3,0.3,20002,1,30.79,35.0,32.29,1,320751
341644,40.58,40.53,34.7,35.3,1,0,12.2,15.84,72.78,0.3,0.3,20002,1,30.79,35.0,32.24,1,321251
342153,40.72,40.56,34.7,35.3,1,0,12.17,15.84,72.78,0.3,0.3,20002,1,30.78,35.0,32.22,1,321752
342662,40.7,40.64,34.7,35.3,1,0,12.04,15.88,72.78,0.3,0.3,20002,1,30.79,35.0,32.14,1,322253
343171,40.7,40.67,34.7,35.3,1,0,12.04,15.88,72.78,0.3,0.3,20002,1,30.79,35.0,32.11,1,322753
343680,40.8,40.68,34.7,35.3,1,0,11.86,15.88,72.78,0.3,0.3,20002,1,30.78,35.0,32.1,1,323253
344189,40.8,40.74,34.7,35.3,1,1,11.86,15.91,72.78,0.3,0.3,20002,1,30.78,35.0,32.04,1,323753
344698,40.89,40.77,34.7,35.3,1,1,11.47,15.91,72.78,0.3,0.3,20002,1,30.79,35.0,32.01,1,324253
345207,40.89,40.83,34.7,35.3,1,1,11.47,15.96,72.78,0.3,0.3,20002,1,30.79,35.0,31.95,1,324753
345716,40.93,40.86,34.7,35.3,1,1,12.09,15.96,72.78,0.3,0.3,20002,1,30.8,35.0,31.92,1,325253
346225,40.99,40.9,34.7,35.3,1,1,12.17,15.99,72.78,0.3,0.3,20002,1,30.8,35.0,31.88,1,325753
346734,41.08,40.95,34.7,35.3,1,1,12.44,16.01,72.78,0.3,0.3,20002,1,30.79,35.0,31.83,1,326253
347243,41.08,41.01,34.7,35.3,1,1,12.44,16.03,72.78,0.3,0.3,20002,1,30.79,35.0,31.77,1,326753
347752,41.08,41.05,34.7,35.3,1,1,12.44,16.03,72.78,0.3,0.3,20002,1,30.79,35.0,31.73,1,327253
348261,40.68,40.87,34.7,35.3,1,1,13.05,15.88,72.78,0.3,0.3,20002,1,30.79,35.0,31.9,1,328256
348770,40.68,40.78,34.7,35.3,1,1,13.05,15.88,72.78,0.3,0.3,20002,1,30.79,35.0,32.0,1,328756
349279,40.44,40.61,34.7,35.3,1,1,13.18,15.77,72.78,0.3,0.3,20002,1,30.78,35.0,32.17,1,329256
349788,40.22,40.41,34.7,35.3,1,1,13.38,15.69,72.78,0.3,0.3,20002,1,30.78,35.0,32.37,1,329756
350297,39.97,40.19,34.7,35.3,1,0,13.73,15.59,72.78,0.3,0.3,20002,1,30.78,35.0,32.59,1,330256
350806,39.97,40.08,34.7,35.3,1,0,13.73,15.59,72.78,0.3,0.3,20002,1,30.78,35.0,32.7,1,330756
351315,39.71,40.03,34.7,35.3,1,0,13.58,15.59,72.78,0.3,0.3,20002,1,30.75,35.0,32.75,1,331256
351824,39.71,39.87,34.7,35.3,1,0,13.58,15.46,72.78,0.3,0.3,20002,1,30.75,35.0,32.91,1,331756
352333,39.52,39.69,34.7,35.3,1,0,13.58,15.38,72.78,0.3,0.3,20002,1,30.75,35.0,33.09,1,332256
352842,39.52,39.6,34.7,35.3,1,0,13.58,15.38,72.78,0.3,0.3,20002,1,30.75,35.0,33.18,1,332758
353351,39.31,39.46,34.7,35.3,1,0,13.27,15.3,72.78,0.3,0.3,20002,1,30.75,35.0,33.32,1,333258
353860,39.31,39.38,34.7,35.3,1,0,13.27,15.3,72.78,0.3,0.3,20002,1,30.75,35.0,33.39,1,333758
354369,39.27,39.32,34.7,35.3,1,0,13.16,15.27,72.78,0.3,0.3,20002,1,30.73,35.0,33.45,1,334258
354878,39.24,39.28,34.7,35.3,1,0,13.12,15.27,72.78,0.3,0.3,20002,1,30.75,35.0,33.5,1,334758
355387,39.24,39.26,34.7,35.3,1,0,13.12,15.27,72.78,0.3,0.3,20002,1,30.75,35.0,33.52,1,335258
355896,39.17,39.21,34.7,35.3,1,0,12.85,15.25,72.78,0.3,0.3,20002,1,30.75,35.0,33.56,1,335758
356405,39.17,39.19,34.7,35.3,1,0,12.85,15.25,72.78,0.3,0.3,20002,1,30.75,35.0,33.59,1,336258
356914,39.18,39.19,34.7,35.3,1,0,12.66,15.25,72.78,0.3,0.3,20002,1,30.75,35.0,33.59,1,336758
357423,39.2,39.18,34.7,35.3,1,0,12.0,15.25,72.78,0.3,0.3,20002,1,30.73,35.0,33.59,1,337258
357933,39.2,39.19,34.7,35.3,1,0,12.0,15.25,72.78,0.3,0.3,20002,1,30.73,35.0,33.59,1,337758
358442,39.21,39.2,34.7,35.3,1,0,11.82,15.24,72.78,0.3,0.3,20002,1,30.72,35.0,33.58,1,338258
358951,39.21,39.2,34.7,35.3,1,0,11.82,15.24,72.78,0.3,0.3,20002,1,30.72,35.0,33.58,1,338758
359460,39.27,39.24,34.7,35.3,1,0,12.24,15.29,72.78,0.3,0.3,20002,1,30.75,35.0,33.54,1,339258
359969,39.33,39.25,34.7,35.3,1,0,12.11,15.29,72.78,0.3,0.3,20002,1,30.73,35.0,33.53,1,339758
360478,39.42,39.29,34.7,35.3,1,0,12.13,15.3,72.78,0.3,0.3,20002,1,30.76,35.0,33.49,1,340258
360987,39.42,39.35,34.7,35.3,1,0,12.13,15.36,72.78,0.3,0.3,20002,1,30.76,35.0,33.43,1,340758
361496,39.44,39.4,34.7,35.3,1,0,12.24,15.36,72.78,0.3,0.3,20002,1,30.75,35.0,33.38,1,341258
362005,39.49,39.42,34.7,35.3,1,0,12.0,15.36,72.78,0.3,0.3,20002,1,30.75,35.0,33.36,1,341758
362514,39.49,39.45,34.7,35.3,1,0,12.0,15.37,72.78,0.3,0.3,20002,1,30.75,35.0,33.33,1,342258
363023,39.47,39.47,34.7,35.3,1,0,11.93,15.37,72.78,0.3,0.3,20002,1,30.75,35.0,33.31,1,342758
363532,39.47,39.47,34.7,35.3,1,0,11.93,15.37,72.78,0.3,0.3,20002,1,30.75,35.0,33.31,1,343258
364041,39.44,39.46,34.7,35.3,1,0,11.38,15.36,72.78,0.3,0.3,20002,1,30.75,35.0,33.32,1,343758
364550,39.59,39.52,34.7,35.3,1,0,12.48,15.41,72.78,0.3,0.3,20002,1,30.75,35.0,33.26,1,344261
365059,39.56,39.56,34.7,35.3,1,0,11.82,15.41,72.78,0.3,0.3,20002,1,30.76,35.0,33.22,1,344761
365568,39.65,39.56,34.7,35.3,1,0,12.02,15.41,72.78,0.3,0.3,20002,1,30.75,35.0,33.22,1,345261
366078,39.65,39.6,34.7,35.3,1,0,12.02,15.44,72.78,0.3,0.3,20002,1,30.75,35.0,33.18,1,345761
366587,39.65,39.63,34.7,35.3,1,0,12.02,15.44,72.78,0.3,0.3,20002,1,30.75,35.0,33.15,1,346261
367096,39.77,39.64,34.7,35.3,1,0,11.71,15.44,72.78,0.3,0.3,20002,1,30.78,35.0,33.14,1,346761
367605,39.77,39.7,34.7,35.3,1,0,11.71,15.51,72.78,0.3,0.3,20002,1,30.78,35.0,33.08,1,347261
368114,39.84,39.74,34.7,35.3,1,0,11.82,15.51,72.78,0.3,0.3,20002,1,30.75,35.0,33.04,1,347761
368623,39.87,39.79,34.7,35.3,1,0,11.86,15.51,72.78,0.3,0.3,20002,1,30.75,35.0,32.99,1,348261
369132,39.87,39.83,34.7,35.3,1,0,11.86,15.52,72.78,0.3,0.3,20002,1,30.75,35.0,32.95,1,348761
369641,39.9,39.85,34.7,35.3,1,0,11.8,15.52,72.78,0.3,0.3,20002,1,30.75,35.0,32.93,1,349261
370150,39.9,39.87,34.7,35.3,1,0,11.8,15.53,72.78,0.3,0.3,20002,1,30.75,35.0,32.91,1,349761
370659,40.04,39.88,34.7,35.3,1,0,11.44,15.53,72.78,0.3,0.3,20002,1,30.78,35.0,32.9,1,350261
371168,40.04,39.96,34.7,35.3,1,1,11.69,15.62,72.78,0.3,0.3,20002,1,30.75,35.0,32.82,1,350761
371677,40.04,40.0,34.7,35.3,1,1,11.69,15.59,72.78,0.3,0.3,20002,1,30.75,35.0,32.78,1,351261
372186,40.04,40.02,34.7,35.3,1,1,11.69,15.59,72.78,0.3,0.3,20002,1,30.75,35.0,32.76,1,351761
372695,40.16,40.03,34.7,35.3,1,1,11.82,15.59,72.78,0.3,0.3,20002,1,30.78,35.0,32.75,1,352261
373204,40.16,40.1,34.7,35.3,1,1,11.82,15.66,72.78,0.3,0.3,20002,1,30.78,35.0,32.68,1,352761
373713,40.28,40.13,34.7,35.3,1,1,12.02,15.66,72.78,0.3,0.3,20002,1,30.76,35.0,32.65,1,353261
374222,40.28,40.2,34.7,35.3,1,1,12.02,15.69,72.78,0.3,0.3,20002,1,30.76,35.0,32.58,1,353761
374731,40.22,40.24,34.7,35.3,1,1,12.53,15.69,72.78,0.3,0.3,20002,1,30.76,35.0,32.54,1,354261
375240,40.22,40.23,34.7,35.3,1,1,12.53,15.67,72.78,0.3,0.3,20002,1,30.76,35.0,32.55,1,354761
375749,40.22,40.22,34.7,35.3,1,1,12.53,15.67,72.78,0.3,0.3,20002,1,30.76,35.0,32.56,1,355261
376258,39.63,40.22,34.7,35.3,1,1,13.14,15.67,72.78,0.3,0.3,20002,1,30.78,35.0,32.56,1,355761
376767,39.63,39.78,34.7,35.3,1,1,13.14,15.46,72.78,0.3,0.3,20002,1,30.78,35.0,33.0,1,356762
377276,39.34,39.56,34.7,35.3,1,1,12.92,15.3,72.78,0.3,0.3,20002,1,30.73,35.0,33.22,1,357262
377785,39.08,39.32,34.7,35.3,1,0,13.34,15.21,72.78,0.3,0.3,20002,1,30.75,35.0,33.46,1,357762
378294,39.08,39.2,34.7,35.3,1,0,13.34,15.21,72.78,0.3,0.3,20002,1,30.75,35.0,33.58,1,358262
378803,39.08,39.14,34.7,35.3,1,0,13.34,15.21,72.78,0.3,0.3,20002,1,30.75,35.0,33.64,1,358762
379312,39.08,39.11,34.7,35.3,1,0,13.34,15.21,72.78,0.3,0.3,20002,1,30.75,35.0,33.67,1,359262
379821,39.08,39.1,34.7,35.3,1,0,13.34,15.21,72.78,0.3,0.3,20002,1,30.75,35.0,33.68,1,359762
380330,39.08,39.09,34.7,35.3,1,0,13.34,15.21,72.78,0.3,0.3,20002,1,30.75,35.0,33.69,1,360262
380839,38.46,38.78,34.7,35.3,1,0,13.05,14.93,72.78,0.3,0.3,20002,1,30.7,35.0,34.0,1,360762
381348,38.43,38.6,34.7,35.3,1,0,12.88,14.91,72.78,0.3,0.3,20002,1,30.7,35.0,34.17,1,361262
381857,38.43,38.52,34.7,35.3,1,0,12.88,14.91,72.78,0.3,0.3,20002,1,30.7,35.0,34.26,1,361762
382366,38.43,38.48,34.7,35.3,1,0,12.88,14.91,72.78,0.3,0.3,20002,1,30.7,35.0,34.3,1,362262
382875,38.43,38.45,34.7,35.3,1,0,12.88,14.91,72.78,0.3,0.3,20002,1,30.7,35.0,34.32,1,362764
383384,38.43,38.44,34.7,35.3,1,0,12.88,14.91,72.78,0.3,0.3,20002,1,30.7,35.0,34.34,1,363264
383893,38.43,38.44,34.7,35.3,1,0,12.88,14.91,72.78,0.3,0.3,20002,1,30.7,35.0,34.34,1,363764
384402,38.3,38.37,34.7,35.3,1,0,12.42,14.85,72.78,0.3,0.3,20002,1,30.69,35.0,34.41,1,364264
384911,38.36,38.33,34.7,35.3,1,0,12.31,14.85,72.78,0.3,0.3,20002,1,30.7,35.0,34.44,1,364764
385420,38.36,38.35,34.7,35.3,1,0,12.31,14.89,72.78,0.3,0.3,20002,1,30.7,35.0,34.43,1,365264
385929,38.39,38.37,34.7,35.3,1,0,12.09,14.92,72.78,0.3,0.3,20002,1,30.73,35.0,34.41,1,365764
386438,38.45,38.41,34.7,35.3,1,0,12.24,14.92,72.78,0.3,0.3,20002,1,30.7,35.0,34.37,1,366264
386947,38.45,38.43,34.7,35.3,1,0,12.24,14.92,72.78,0.3,0.3,20002,1,30.7,35.0,34.35,1,366764
387456,38.48,38.45,34.7,35.3,1,0,12.04,14.93,72.78,0.3,0.3,20002,1,30.7,35.0,34.32,1,367264
387965,38.48,38.47,34.7,35.3,1,0,12.04,14.93,72.78,0.3,0.3,20002,1,30.7,35.0,34.31,1,367764
388474,38.49,38.48,34.7,35.3,1,0,11.84,14.93,72.78,0.3,0.3,20002,1,30.69,35.0,34.3,1,368264
388983,38.54,38.48,34.7,35.3,1,0,11.8,14.93,72.78,0.3,0.3,20002,1,30.7,35.0,34.29,1,368764
389492,38.54,38.51,34.7,35.3,1,0,11.8,14.96,72.78,0.3,0.3,20002,1,30.7,35.0,34.27,1,369264
390001,38.52,38.52,34.7,35.3,1,0,11.73,14.96,72.78,0.3,0.3,20002,1,30.72,35.0,34.26,1,369764
390510,38.56,38.52,34.7,35.3,1,0,11.84,14.96,72.78,0.3,0.3,20002,1,30.7,35.0,34.26,1,370266
391019,38.56,38.54,34.7,35.3,1,0,11.84,14.97,72.78,0.3,0.3,20002,1,30.7,35.0,34.24,1,370767
391528,38.56,38.55,34.7,35.3,1,0,11.84,14.97,72.78,0.3,0.3,20002,1,30.7,35.0,34.23,1,371267
392037,38.56,38.56,34.7,35.3,1,0,11.84,14.97,72.78,0.3,0.3,20002,1,30.7,35.0,34.22,1,371767
392546,38.56,38.56,34.7,35.3,1,0,11.84,14.97,72.78,0.3,0.3,20002,1,30.7,35.0,34.22,1,372267
393055,38.56,38.56,34.7,35.3,1,0,11.84,14.97,72.78,0.3,0.3,20002,1,30.7,35.0,34.22,1,372767
393564,38.56,38.56,34.7,35.3,1,0,11.84,14.97,72.78,0.3,0.3,20002,1,30.7,35.0,34.22,1,373267
394073,38.56,38.56,34.7,35.3,1,0,11.84,14.97,72.78,0.3,0.3,20002,1,30.7,35.0,34.22,1,373767
394582,38.56,38.56,34.7,35.3,1,0,11.84,14.97,72.78,0.3,0.3,20002,1,30.7,35.0,34.22,1,374267
395091,38.83,38.56,34.7,35.3,1,0,11.49,14.97,72.78,0.3,0.3,20002,1,30.75,35.0,34.22,1,374767
395600,38.83,38.7,34.7,35.3,1,0,11.49,15.11,72.78,0.3,0.3,20002,1,30.75,35.0,34.08,1,375267
396109,38.92,38.81,34.7,35.3,1,0,11.53,15.12,72.78,0.3,0.3,20002,1,30.72,35.0,33.97,1,375767
396618,38.99,38.9,34.7,35.3,1,0,11.44,15.15,72.78,0.3,0.3,20002,1,30.72,35.0,33.88,1,376267
397127,38.99,38.94,34.7,35.3,1,0,11.44,15.15,72.78,0.3,0.3,20002,1,30.72,35.0,33.84,1,376767
397636,38.99,38.97,34.7,35.3,1,0,11.44,15.15,72.78,0.3,0.3,20002,1,30.72,35.0,33.81,1,377267
398145,39.09,38.98,34.7,35.3,1,0,11.38,15.15,72.78,0.3,0.3,20002,1,30.73,35.0,33.8,1,377767
398654,39.09,39.03,34.7,35.3,1,0,11.38,15.2,72.78,0.3,0.3,20002,1,30.73,35.0,33.74,1,378267
399175,39.13,39.06,34.7,35.3,1,0,11.42,15.2,72.78,0.3,0.3,20002,1,30.72,35.0,33.72,1,378770
399685,39.13,39.1,34.7,35.3,1,0,11.42,15.21,72.78,0.3,0.3,20002,1,30.72,35.0,33.68,1,379270
400194,39.27,39.12,34.7,35.3,1,0,11.31,15.21,72.78,0.3,0.3,20002,1,30.73,35.0,33.66,1,379770
400703,39.27,39.19,34.7,35.3,1,0,11.31,15.27,72.78,0.3,0.3,20002,1,30.73,35.0,33.59,1,380270
401212,39.28,39.23,34.7,35.3,1,0,11.04,15.27,72.78,0.3,0.3,20002,1,30.72,35.0,33.55,1,380770
401721,39.36,39.25,34.7,35.3,1,1,11.22,15.26,72.78,0.3,0.3,20002,1,30.76,35.0,33.53,1,381270
402230,39.36,39.31,34.7,35.3,1,1,11.22,15.33,72.78,0.3,0.3,20002,1,30.76,35.0,33.47,1,381770
402739,39.36,39.33,34.7,35.3,1,1,11.22,15.33,72.78,0.3,0.3,20002,1,30.76,35.0,33.45,1,382270
403248,39.36,39.34,34.7,35.3,1,1,11.22,15.33,72.78,0.3,0.3,20002,1,30.76,35.0,33.43,1,382770
403757,39.44,39.35,34.7,35.3,1,1,11.11,15.33,72.78,0.3,0.3,20002,1,30.72,35.0,33.43,1,383270
404266,39.44,39.4,34.7,35.3,1,1,11.11,15.33,72.78,0.3,0.3,20002,1,30.72,35.0,33.38,1,383770
404775,39.53,39.47,34.7,35.3,1,1,11.97,15.38,72.78,0.3,0.3,20002,1,30.73,35.0,33.31,1,384770
405284,39.53,39.5,34.7,35.3,1,1,11.97,15.38,72.78,0.3,0.3,20002,1,30.73,35.0,33.28,1,385270
405793,39.53,39.52,34.7,35.3,1,1,11.97,15.38,72.78,0.3,0.3,20002,1,30.73,35.0,33.26,1,385770
406302,39.2,39.36,34.7,35.3,1,1,12.39,15.25,72.78,0.3,0.3,20002,1,30.73,35.0,33.42,1,386270
406811,39.2,39.28,34.7,35.3,1,1,12.39,15.25,72.78,0.3,0.3,20002,1,30.73,35.0,33.5,1,386770
407320,38.64,38.96,34.7,35.3,1,1,12.88,15.01,72.78,0.3,0.3,20002,1,30.72,35.0,33.82,1,387270
407837,38.44,38.8,34.7,35.3,1,1,12.96,15.01,72.78,0.3,0.3,20002,1,30.72,35.0,33.98,1,387770
408347,38.44,38.62,34.7,35.3,1,0,12.96,14.93,72.78,0.3,0.3,20002,1,30.72,35.0,34.16,1,388270
408856,38.24,38.43,34.7,35.3,1,0,12.83,14.83,72.78,0.3,0.3,20002,1,30.69,35.0,34.35,1,388770
409365,38.24,38.34,34.7,35.3,1,0,12.83,14.83,72.78,0.3,0.3,20002,1,30.69,35.0,34.44,1,389270
409874,38.01,38.17,34.7,35.3,1,0,13.31,14.73,72.78,0.3,0.3,20002,1,30.69,35.0,34.61,1,389770
410383,38.01,38.09,34.7,35.3,1,0,13.31,14.73,72.78,0.3,0.3,20002,1,30.69,35.0,34.69,1,390270
410892,37.8,37.95,34.7,35.3,1,0,12.9,14.63,72.78,0.3,0.3,20002,1,30.68,35.0,34.83,1,390770
411401,37.8,37.88,34.7,35.3,1,0,12.9,14.63,72.78,0.3,0.3,20002,1,30.68,35.0,34.9,1,391270
411910,37.8,37.84,34.7,35.3,1,0,12.9,14.63,72.78,0.3,0.3,20002,1,30.68,35.0,34.94,1,391770
412419,37.7,37.77,34.7,35.3,1,0,12.46,14.57,72.78,0.3,0.3,20002,1,30.65,35.0,35.01,1,392271
412928,37.7,37.73,34.7,35.3,1,0,12.46,14.57,72.78,0.3,0.3,20002,1,30.65,35.0,35.04,1,392771
413437,37.66,37.7,34.7,35.3,1,0,12.2,14.55,72.78,0.3,0.3,20002,1,30.65,35.0,35.08,1,393271
413946,37.67,37.68,34.7,35.3,1,0,12.11,14.55,72.78,0.3,0.3,20002,1,30.66,35.0,35.1,1,393771
414456,37.61,37.67,34.7,35.3,1,0,12.13,14.57,72.78,0.3,0.3,20002,1,30.65,35.0,35.1,1,394271
414966,37.61,37.64,34.7,35.3,1,0,12.13,14.53,72.78,0.3,0.3,20002,1,30.65,35.0,35.14,1,394771
415475,37.58,37.61,34.7,35.3,1,0,12.02,14.53,72.78,0.3,0.3,20002,1,30.66,35.0,35.17,1,395271
415984,37.57,37.59,34.7,35.3,1,0,11.86,14.52,72.78,0.3,0.3,20002,1,30.66,35.0,35.19,1,395771
416493,37.57,37.58,34.7,35.3,1,0,11.86,14.52,72.78,0.3,0.3,20002,1,30.66,35.0,35.2,1,396271
417002,37.55,37.58,34.7,35.3,1,0,11.93,14.52,72.78,0.3,0.3,20002,1,30.65,35.0,35.2,1,396771
417511,37.58,37.56,34.7,35.3,1,0,11.38,14.51,72.78,0.3,0.3,20002,1,30.66,35.0,35.21,1,397271
418034,37.61,37.57,34.7,35.3,1,0,11.64,14.53,72.78,0.3,0.3,20002,1,30.65,35.0,35.2,1,397771
418544,37.61,37.59,34.7,35.3,1,0,11.64,14.53,72.78,0.3,0.3,20002,1,30.65,35.0,35.19,1,398271
419053,37.61,37.6,34.7,35.3,1,0,11.64,14.53,72.78,0.3,0.3,20002,1,30.65,35.0,35.18,1,398771
419562,37.61,37.61,34.7,35.3,1,0,11.64,14.53,72.78,0.3,0.3,20002,1,30.65,35.0,35.17,1,399271
420071,37.61,37.61,34.7,35.3,1,0,11.64,14.53,72.78,0.3,0.3,20002,1,30.65,35.0,35.17,1,399771
420580,37.85,37.73,34.7,35.3,1,0,11.33,14.64,72.78,0.3,0.3,20002,1,30.66,35.0,35.05,1,400271
421089,37.9,37.79,34.7,35.3,1,0,11.4,14.64,72.78,0.3,0.3,20002,1,30.65,35.0,34.99,1,400771
421599,37.9,37.85,34.7,35.3,1,0,11.4,14.65,72.78,0.3,0.3,20002,1,30.65,35.0,34.93,1,401271
422108,37.9,37.88,34.7,35.3,1,0,11.4,14.65,72.78,0.3,0.3,20002,1,30.65,35.0,34.9,1,401774
422617,38.01,37.94,34.7,35.3,1,0,11.53,14.7,72.78,0.3,0.3,20002,1,30.66,35.0,34.84,1,402275
423126,38.06,38.0,34.7,35.3,1,0,11.42,14.73,72.78,0.3,0.3,20002,1,30.66,35.0,34.78,1,402777
423635,38.09,38.03,34.7,35.3,1,0,11.33,14.73,72.78,0.3,0.3,20002,1,30.65,35.0,34.75,1,403277
424144,38.09,38.06,34.7,35.3,1,0,11.33,14.73,72.78,0.3,0.3,20002,1,30.65,35.0,34.72,1,403777
424653,38.08,38.08,34.7,35.3,1,0,11.29,14.73,72.78,0.3,0.3,20002,1,30.66,35.0,34.7,1,404277
425162,38.08,38.08,34.7,35.3,1,0,11.29,14.73,72.78,0.3,0.3,20002,1,30.66,35.0,34.7,1,404777
425671,38.21,38.08,34.7,35.3,1,0,11.29,14.73,72.78,0.3,0.3,20002,1,30.66,35.0,34.7,1,405277
426180,38.26,38.15,34.7,35.3,1,0,11.4,14.79,72.78,0.3,0.3,20002,1,30.69,35.0,34.63,1,405777
426689,38.29,38.2,34.7,35.3,1,0,11.11,14.83,72.78,0.3,0.3,20002,1,30.69,35.0,34.58,1,406277
427198,38.29,38.24,34.7,35.3,1,0,11.11,14.84,72.78,0.3,0.3,20002,1,30.69,35.0,34.53,1,406777
427707,38.31,38.27,34.7,35.3,1,0,10.96,14.84,72.78,0.3,0.3,20002,1,30.69,35.0,34.51,1,407277
428230,38.36,38.29,34.7,35.3,1,0,11.16,14.85,72.78,0.3,0.3,20002,1,30.69,35.0,34.49,1,407777
428739,38.36,38.32,34.7,35.3,1,0,11.16,14.87,72.78,0.3,0.3,20002,1,30.69,35.0,34.45,1,408277
429248,38.42,38.34,34.7,35.3,1,0,11.36,14.87,72.78,0.3,0.3,20002,1,30.69,35.0,34.44,1,408777
429757,38.42,38.38,34.7,35.3,1,0,11.36,14.9,72.78,0.3,0.3,20002,1,30.69,35.0,34.4,1,409277
430266,38.42,38.4,34.7,35.3,1,0,11.36,14.9,72.78,0.3,0.3,20002,1,30.69,35.0,34.38,1,409777
430775,38.49,38.41,34.7,35.3,1,0,10.6,14.9,72.78,0.3,0.3,20002,1,30.69,35.0,34.37,1,410277
431284,38.49,38.47,34.7,35.3,1,1,10.6,14.93,72.78,0.3,0.3,20002,1,30.69,35.0,34.31,1,411279
431793,38.55,38.51,34.7,35.3,1,1,11.18,14.94,72.78,0.3,0.3,20002,1,30.68,35.0,34.27,1,411779
432302,38.64,38.57,34.7,35.3,1,1,10.96,15.0,72.78,0.3,0.3,20002,1,30.7,35.0,34.21,1,412279
432811,38.64,38.6,34.7,35.3,1,1,10.96,15.0,72.78,0.3,0.3,20002,1,30.7,35.0,34.17,1,412779
433320,38.64,38.62,34.7,35.3,1,1,10.96,15.0,72.78,0.3,0.3,20002,1,30.7,35.0,34.16,1,413279
433829,38.77,38.7,34.7,35.3,1,1,11.67,15.05,72.78,0.3,0.3,20002,1,30.7,35.0,34.08,1,413779
434338,38.77,38.73,34.7,35.3,1,1,11.67,15.05,72.78,0.3,0.3,20002,1,30.7,35.0,34.05,1,414279
434847,38.75,38.74,34.7,35.3,1,1,12.02,15.02,72.78,0.3,0.3,20002,1,30.68,35.0,34.04,1,414779
435356,38.75,38.75,34.7,35.3,1,1,12.02,15.02,72.78,0.3,0.3,20002,1,30.68,35.0,34.03,1,415279
435865,38.75,38.75,34.7,35.3,1,1,12.02,15.02,72.78,0.3,0.3,20002,1,30.68,35.0,34.03,1,415779
436374,38.75,38.75,34.7,35.3,1,1,12.02,15.02,72.78,0.3,0.3,20002,1,30.68,35.0,34.03,1,416279
436884,38.08,38.41,34.7,35.3,1,1,12.55,14.73,72.78,0.3,0.3,20002,1,30.66,35.0,34.36,1,416779
437393,38.08,38.25,34.7,35.3,1,1,12.55,14.73,72.78,0.3,0.3,20002,1,30.66,35.0,34.53,1,417279
437902,37.77,38.01,34.7,35.3,1,0,12.83,14.61,72.78,0.3,0.3,20002,1,30.66,35.0,34.77,1,417779
438411,37.77,37.89,34.7,35.3,1,0,12.83,14.61,72.78,0.3,0.3,20002,1,30.66,35.0,34.89,1,418279
438922,37.77,37.83,34.7,35.3,1,0,12.83,14.61,72.78,0.3,0.3,20002,1,30.66,35.0,34.95,1,418779
439432,37.38,37.61,34.7,35.3,1,0,12.94,14.44,72.78,0.3,0.3,20002,1,30.65,35.0,35.17,1,419279
439941,37.25,37.49,34.7,35.3,1,0,12.72,14.44,72.78,0.3,0.3,20002,1,30.65,35.0,35.28,1,419779
440450,37.25,37.37,34.7,35.3,1,0,12.72,14.38,72.78,0.3,0.3,20002,1,30.65,35.0,35.41,1,420279
440959,37.25,37.31,34.7,35.3,1,0,12.72,14.38,72.78,0.3,0.3,20002,1,30.65,35.0,35.47,1,420779
441468,37.11,37.21,34.7,35.3,1,0,12.15,14.29,72.78,0.3,0.3,20002,1,30.61,35.0,35.57,1,421285
441977,37.11,37.16,34.7,35.3,1,0,12.15,14.29,72.78,0.3,0.3,20002,1,30.61,35.0,35.62,1,421785
442486,37.06,37.11,34.7,35.3,1,0,11.53,14.29,72.78,0.3,0.3,20002,1,30.63,35.0,35.67,1,422285
442995,37.06,37.08,34.7,35.3,1,0,11.53,14.29,72.78,0.3,0.3,20002,1,30.63,35.0,35.7,1,422785
443504,37.13,37.11,34.7,35.3,1,0,12.0,14.33,72.78,0.3,0.3,20002,1,30.65,35.0,35.67,1,423285
444013,37.13,37.12,34.7,35.3,1,0,12.0,14.33,72.78,0.3,0.3,20002,1,30.65,35.0,35.66,1,423785
444522,37.15,37.13,34.7,35.3,1,0,11.91,14.33,72.78,0.3,0.3,20002,1,30.63,35.0,35.65,1,424285
445031,37.15,37.14,34.7,35.3,1,0,11.91,14.33,72.78,0.3,0.3,20002,1,30.63,35.0,35.64,1,424785
445540,37.15,37.14,34.7,35.3,1,0,11.91,14.33,72.78,0.3,0.3,20002,1,30.63,35.0,35.63,1,425285
446049,37.15,37.15,34.7,35.3,1,0,11.91,14.33,72.78,0.3,0.3,20002,1,30.63,35.0,35.63,1,425785
446558,37.12,37.15,34.7,35.3,1,0,12.13,14.33,72.78,0.3,0.3,20002,1,30.63,35.0,35.63,1,426285
447069,37.12,37.13,34.7,35.3,1,0,12.13,14.31,72.78,0.3,0.3,20002,1,30.63,35.0,35.65,1,426785
447578,37.15,37.14,34.7,35.3,1,0,11.4,14.34,72.78,0.3,0.3,20002,1,30.65,35.0,35.64,1,427285
448087,37.15,37.14,34.7,35.3,1,0,11.4,14.34,72.78,0.3,0.3,20002,1,30.65,35.0,35.64,1,427785
448596,37.15,37.15,34.7,35.3,1,0,11.4,14.34,72.78,0.3,0.3,20002,1,30.65,35.0,35.63,1,428285
449105,37.22,37.18,34.7,35.3,1,0,11.42,14.36,72.78,0.3,0.3,20002,1,30.63,35.0,35.6,1,428785
449616,37.22,37.2,34.7,35.3,1,0,11.42,14.36,72.78,0.3,0.3,20002,1,30.63,35.0,35.58,1,429285
450126,37.23,37.22,34.7,35.3,1,0,11.44,14.35,72.78,0.3,0.3,20002,1,30.62,35.0,35.56,1,429785
450635,37.23,37.22,34.7,35.3,1,0,11.44,14.35,72.78,0.3,0.3,20002,1,30.62,35.0,35.56,1,430285
451144,37.23,37.23,34.7,35.3,1,0,11.44,14.35,72.78,0.3,0.3,20002,1,30.62,35.0,35.55,1,430789
451653,37.28,37.23,34.7,35.3,1,0,11.18,14.35,72.78,0.3,0.3,20002,1,30.66,35.0,35.55,1,431289
452164,37.28,37.26,34.7,35.3,1,0,11.18,14.41,72.78,0.3,0.3,20002,1,30.66,35.0,35.52,1,431789
452674,37.28,37.27,34.7,35.3,1,0,11.18,14.41,72.78,0.3,0.3,20002,1,30.66,35.0,35.51,1,432289
453183,37.28,37.27,34.7,35.3,1,0,11.18,14.41,72.78,0.3,0.3,20002,1,30.66,35.0,35.5,1,432789
453692,37.39,37.28,34.7,35.3,1,0,11.2,14.41,72.78,0.3,0.3,20002,1,30.65,35.0,35.5,1,433289
454201,37.39,37.34,34.7,35.3,1,0,11.2,14.44,72.78,0.3,0.3,20002,1,30.65,35.0,35.44,1,433789
454710,37.48,37.37,34.7,35.3,1,0,11.07,14.44,72.78,0.3,0.3,20002,1,30.66,35.0,35.41,1,434289
455219,37.48,37.42,34.7,35.3,1,0,11.07,14.49,72.78,0.3,0.3,20002,1,30.66,35.0,35.35,1,434789
455728,37.54,37.45,34.7,35.3,1,0,11.11,14.49,72.78,0.3,0.3,20002,1,30.66,35.0,35.32,1,435289
456237,37.54,37.5,34.7,35.3,1,0,11.11,14.51,72.78,0.3,0.3,20002,1,30.66,35.0,35.28,1,435789
456746,37.64,37.57,34.7,35.3,1,0,11.18,14.56,72.78,0.3,0.3,20002,1,30.66,35.0,35.21,1,436295
457255,37.64,37.61,34.7,35.3,1,0,11.18,14.56,72.78,0.3,0.3,20002,1,30.66,35.0,35.17,1,436795
457764,37.78,37.63,34.7,35.3,1,0,11.04,14.56,72.78,0.3,0.3,20002,1,30.68,35.0,35.15,1,437295
458273,37.78,37.7,34.7,35.3,1,0,11.04,14.62,72.78,0.3,0.3,20002,1,30.68,35.0,35.08,1,437795
458782,37.83,37.74,34.7,35.3,1,0,11.0,14.62,72.78,0.3,0.3,20002,1,30.68,35.0,35.04,1,438295
459291,37.83,37.79,34.7,35.3,1,0,11.0,14.65,72.78,0.3,0.3,20002,1,30.68,35.0,34.99,1,438795
459800,37.89,37.85,34.7,35.3,1,0,10.84,14.66,72.78,0.3,0.3,20002,1,30.66,35.0,34.93,1,439795
460309,37.95,37.9,34.7,35.3,1,1,10.58,14.69,72.78,0.3,0.3,20002,1,30.68,35.0,34.88,1,440295
460818,37.95,37.93,34.7,35.3,1,1,10.58,14.69,72.78,0.3,0.3,20002,1,30.68,35.0,34.85,1,440795
461328,37.99,37.94,34.7,35.3,1,1,10.82,14.69,72.78,0.3,0.3,20002,1,30.66,35.0,34.84,1,441295
461838,37.99,37.97,34.7,35.3,1,1,10.82,14.7,72.78,0.3,0.3,20002,1,30.66,35.0,34.81,1,441795
462347,37.99,37.98,34.7,35.3,1,1,10.82,14.7,72.78,0.3,0.3,20002,1,30.66,35.0,34.8,1,442295
462856,38.06,38.02,34.7,35.3,1,1,11.67,14.76,72.78,0.3,0.3,20002,1,30.7,35.0,34.76,1,442800
463365,38.06,38.04,34.7,35.3,1,1,11.67,14.76,72.78,0.3,0.3,20002,1,30.7,35.0,34.74,1,443300
463874,38.11,38.07,34.7,35.3,1,1,11.67,14.76,72.78,0.3,0.3,20002,1,30.68,35.0,34.7,1,443800
464383,38.11,38.09,34.7,35.3,1,1,11.67,14.76,72.78,0.3,0.3,20002,1,30.68,35.0,34.69,1,444300
464892,37.89,37.99,34.7,35.3,1,1,12.13,14.66,72.78,0.3,0.3,20002,1,30.66,35.0,34.79,1,444800
465401,37.89,37.94,34.7,35.3,1,1,12.13,14.66,72.78,0.3,0.3,20002,1,30.66,35.0,34.84,1,445300
465910,37.54,37.74,34.7,35.3,1,1,12.53,14.53,72.78,0.3,0.3,20002,1,30.68,35.0,35.04,1,445800
466419,37.54,37.64,34.7,35.3,1,1,12.53,14.53,72.78,0.3,0.3,20002,1,30.68,35.0,35.14,1,446300
466928,37.54,37.59,34.7,35.3,1,1,12.53,14.53,72.78,0.3,0.3,20002,1,30.68,35.0,35.19,1,446800
467437,37.54,37.57,34.7,35.3,1,1,12.53,14.53,72.78,0.3,0.3,20002,1,30.68,35.0,35.21,1,447300
467946,36.96,37.26,34.7,35.3,1,0,12.9,14.25,72.78,0.3,0.3,20002,1,30.63,35.0,35.52,1,447801
468455,36.96,37.11,34.7,35.3,1,0,12.9,14.25,72.78,0.3,0.3,20002,1,30.63,35.0,35.67,1,448301
468964,36.81,36.96,34.7,35.3,1,0,12.92,14.19,72.78,0.3,0.3,20002,1,30.63,35.0,35.82,1,448801
469473,36.67,36.89,34.7,35.3,1,0,12.75,14.19,72.78,0.3,0.3,20002,1,30.63,35.0,35.89,1,449301
469982,36.67,36.78,34.7,35.3,1,0,12.75,14.13,72.78,0.3,0.3,20002,1,30.63,35.0,36.0,1,449801
470491,36.59,36.68,34.7,35.3,1,0,12.48,14.07,72.78,0.3,0.3,20002,1,30.61,35.0,36.1,1,450301
471000,36.5,36.64,34.7,35.3,1,0,12.04,14.07,72.78,0.3,0.3,20002,1,30.62,35.0,36.14,1,450801
471509,36.5,36.57,34.7,35.3,1,0,12.04,14.04,72.78,0.3,0.3,20002,1,30.62,35.0,36.21,1,451301
472018,36.44,36.51,34.7,35.3,1,0,12.09,13.99,72.78,0.3,0.3,20002,1,30.59,35.0,36.27,1,451801
472527,36.44,36.48,34.7,35.3,1,0,12.09,13.99,72.78,0.3,0.3,20002,1,30.59,35.0,36.3,1,452301
473036,36.45,36.46,34.7,35.3,1,0,12.04,13.99,72.78,0.3,0.3,20002,1,30.63,35.0,36.32,1,452801
473545,36.45,36.45,34.7,35.3,1,0,12.04,14.03,72.78,0.3,0.3,20002,1,30.63,35.0,36.33,1,453301
474054,36.46,36.45,34.7,35.3,1,0,11.71,14.03,72.78,0.3,0.3,20002,1,30.61,35.0,36.33,1,453801
474563,36.46,36.45,34.7,35.3,1,0,11.71,14.01,72.78,0.3,0.3,20002,1,30.61,35.0,36.32,1,454301
475072,36.41,36.43,34.7,35.3,1,0,11.69,13.98,72.78,0.3,0.3,20002,1,30.59,35.0,36.35,1,454801
475581,36.52,36.42,34.7,35.3,1,0,11.78,13.98,72.78,0.3,0.3,20002,1,30.59,35.0,36.36,1,455303
476090,36.52,36.47,34.7,35.3,1,0,11.78,14.02,72.78,0.3,0.3,20002,1,30.59,35.0,36.31,1,455804
476600,36.5,36.49,34.7,35.3,1,0,11.47,14.02,72.78,0.3,0.3,20002,1,30.61,35.0,36.29,1,456304
477110,36.5,36.5,34.7,35.3,1,0,11.47,14.03,72.78,0.3,0.3,20002,1,30.61,35.0,36.28,1,456804
477619,36.5,36.5,34.7,35.3,1,0,11.47,14.03,72.78,0.3,0.3,20002,1,30.61,35.0,36.28,1,457304
478128,36.49,36.49,34.7,35.3,1,0,11.42,14.04,72.78,0.3,0.3,20002,1,30.62,35.0,36.28,1,457804
478637,36.53,36.49,34.7,35.3,1,0,11.31,14.04,72.78,0.3,0.3,20002,1,30.61,35.0,36.29,1,458304
479146,36.53,36.51,34.7,35.3,1,0,11.31,14.04,72.78,0.3,0.3,20002,1,30.61,35.0,36.27,1,458804
479655,36.53,36.52,34.7,35.3,1,0,11.31,14.04,72.78,0.3,0.3,20002,1,30.61,35.0,36.26,1,459304
480164,36.58,36.55,34.7,35.3,1,0,11.04,14.06,72.78,0.3,0.3,20002,1,30.61,35.0,36.23,1,459804
480673,36.55,36.56,34.7,35.3,1,0,11.2,14.06,72.78,0.3,0.3,20002,1,30.61,35.0,36.22,1,460304
481182,36.62,36.55,34.7,35.3,1,0,10.98,14.05,72.78,0.3,0.3,20002,1,30.61,35.0,36.22,1,460804
481691,36.65,36.59,34.7,35.3,1,0,10.78,14.08,72.78,0.3,0.3,20002,1,30.62,35.0,36.19,1,461304
482200,36.65,36.62,34.7,35.3,1,0,10.78,14.11,72.78,0.3,0.3,20002,1,30.62,35.0,36.16,1,461804
482709,36.66,36.63,34.7,35.3,1,0,11.2,14.11,72.78,0.3,0.3,20002,1,30.61,35.0,36.15,1,462304
483218,36.74,36.65,34.7,35.3,1,0,11.2,14.1,72.78,0.3,0.3,20002,1,30.63,35.0,36.13,1,462804
483727,36.74,36.69,34.7,35.3,1,0,11.2,14.15,72.78,0.3,0.3,20002,1,30.63,35.0,36.09,1,463304
484236,36.74,36.72,34.7,35.3,1,0,11.2,14.15,72.78,0.3,0.3,20002,1,30.63,35.0,36.06,1,463804
484745,36.74,36.73,34.7,35.3,1,0,11.2,14.15,72.78,0.3,0.3,20002,1,30.63,35.0,36.05,1,464304
485254,36.87,36.73,34.7,35.3,1,0,10.93,14.15,72.78,0.3,0.3,20002,1,30.62,35.0,36.05,1,464804
485763,36.94,36.8,34.7,35.3,1,0,11.0,14.2,72.78,0.3,0.3,20002,1,30.62,35.0,35.98,1,465304
486272,36.94,36.87,34.7,35.3,1,0,11.0,14.23,72.78,0.3,0.3,20002,1,30.62,35.0,35.91,1,465804
486781,37.0,36.91,34.7,35.3,1,0,10.98,14.23,72.78,0.3,0.3,20002,1,30.63,35.0,35.87,1,466304
487290,37.09,36.95,34.7,35.3,1,0,10.96,14.26,72.78,0.3,0.3,20002,1,30.62,35.0,35.83,1,466804
487799,37.09,37.02,34.7,35.3,1,0,10.96,14.29,72.78,0.3,0.3,20002,1,30.62,35.0,35.76,1,467304
488308,37.16,37.05,34.7,35.3,1,0,10.78,14.29,72.78,0.3,0.3,20002,1,30.62,35.0,35.73,1,467804
488817,37.16,37.13,34.7,35.3,1,0,10.78,14.32,72.78,0.3,0.3,20002,1,30.62,35.0,35.64,1,468812
489327,37.25,37.19,34.7,35.3,1,0,10.93,14.38,72.78,0.3,0.3,20002,1,30.65,35.0,35.59,1,469322
489837,37.25,37.22,34.7,35.3,1,0,10.93,14.38,72.78,0.3,0.3,20002,1,30.65,35.0,35.56,1,469822
490346,37.3,37.26,34.7,35.3,1,0,10.78,14.38,72.78,0.3,0.3,20002,1,30.62,35.0,35.52,1,470322
490855,37.38,37.32,34.7,35.3,1,0,10.87,14.44,72.78,0.3,0.3,20002,1,30.65,35.0,35.46,1,470822
491364,37.35,37.34,34.7,35.3,1,0,10.71,14.43,72.78,0.3,0.3,20002,1,30.66,35.0,35.44,1,471322
491873,37.35,37.34,34.7,35.3,1,0,10.71,14.43,72.78,0.3,0.3,20002,1,30.66,35.0,35.44,1,471822
492382,37.35,37.35,34.7,35.3,1,0,10.71,14.43,72.78,0.3,0.3,20002,1,30.66,35.0,35.43,1,472322
492891,37.47,37.41,34.7,35.3,1,0,10.82,14.47,72.78,0.3,0.3,20002,1,30.65,35.0,35.37,1,472822
493400,37.45,37.43,34.7,35.3,1,0,10.53,14.48,72.78,0.3,0.3,20002,1,30.66,35.0,35.35,1,473322
493909,37.45,37.44,34.7,35.3,1,0,10.53,14.48,72.78,0.3,0.3,20002,1,30.66,35.0,35.34,1,473822
494418,37.47,37.46,34.7,35.3,1,0,10.93,14.48,72.78,0.3,0.3,20002,1,30.66,35.0,35.32,1,474322
494927,37.56,37.51,34.7,35.3,1,0,11.24,14.53,72.78,0.3,0.3,20002,1,30.68,35.0,35.27,1,474822
495436,37.56,37.53,34.7,35.3,1,0,11.24,14.53,72.78,0.3,0.3,20002,1,30.68,35.0,35.25,1,475322
495945,37.57,37.55,34.7,35.3,1,0,10.6,14.52,72.78,0.3,0.3,20002,1,30.66,35.0,35.23,1,475822
496454,37.53,37.54,34.7,35.3,1,0,10.62,14.49,72.78,0.3,0.3,20002,1,30.65,35.0,35.24,1,476322
496963,37.66,37.6,34.7,35.3,1,1,10.53,14.56,72.78,0.3,0.3,20002,1,30.66,35.0,35.18,1,476822
497472,37.66,37.63,34.7,35.3,1,1,10.53,14.56,72.78,0.3,0.3,20002,1,30.66,35.0,35.15,1,477322
497981,37.64,37.64,34.7,35.3,1,1,10.58,14.56,72.78,0.3,0.3,20002,1,30.66,35.0,35.14,1,477822
498490,37.66,37.64,34.7,35.3,1,1,10.55,14.56,72.78,0.3,0.3,20002,1,30.66,35.0,35.14,1,478322
498999,37.66,37.65,34.7,35.3,1,1,10.55,14.56,72.78,0.3,0.3,20002,1,30.66,35.0,35.13,1,478822
499508,37.66,37.65,34.7,35.3,1,1,10.55,14.56,72.78,0.3,0.3,20002,1,30.66,35.0,35.13,1,479322
500017,37.66,37.66,34.7,35.3,1,1,10.55,14.56,72.78,0.3,0.3,20002,1,30.66,35.0,35.12,1,479822
500526,37.79,37.72,34.7,35.3,1,1,11.42,14.62,72.78,0.3,0.3,20002,1,30.66,35.0,35.06,1,480322
501035,37.79,37.76,34.7,35.3,1,1,11.42,14.62,72.78,0.3,0.3,20002,1,30.66,35.0,35.02,1,480822
501544,37.5,37.63,34.7,35.3,1,1,11.84,14.48,72.78,0.3,0.3,20002,1,30.65,35.0,35.15,1,481322
502053,37.5,37.56,34.7,35.3,1,1,11.84,14.48,72.78,0.3,0.3,20002,1,30.65,35.0,35.22,1,481822
502562,37.1,37.33,34.7,35.3,1,1,11.75,14.31,72.78,0.3,0.3,20002,1,30.63,35.0,35.45,1,482322
503071,36.94,37.22,34.7,35.3,1,1,12.04,14.31,72.78,0.3,0.3,20002,1,30.63,35.0,35.56,1,482822
503580,36.94,37.08,34.7,35.3,1,1,12.04,14.24,72.78,0.3,0.3,20002,1,30.63,35.0,35.7,1,483322
504089,36.94,37.01,34.7,35.3,1,1,12.04,14.24,72.78,0.3,0.3,20002,1,30.63,35.0,35.77,1,483822
504598,36.47,36.98,34.7,35.3,1,1,12.79,14.24,72.78,0.3,0.3,20002,1,30.62,35.0,35.8,1,484322
505107,36.47,36.73,34.7,35.3,1,0,12.79,14.03,72.78,0.3,0.3,20002,1,30.62,35.0,36.05,1,484822
505616,36.31,36.52,34.7,35.3,1,0,12.57,13.95,72.78,0.3,0.3,20002,1,30.61,35.0,36.26,1,485334
506125,36.18,36.42,34.7,35.3,1,0,12.64,13.95,72.78,0.3,0.3,20002,1,30.61,35.0,36.36,1,485834
506634,36.18,36.3,34.7,35.3,1,0,12.64,13.89,72.78,0.3,0.3,20002,1,30.61,35.0,36.48,1,486334
507143,36.04,36.24,34.7,35.3,1,0,12.39,13.89,72.78,0.3,0.3,20002,1,30.59,35.0,36.54,1,486834
507652,36.04,36.14,34.7,35.3,1,0,12.39,13.82,72.78,0.3,0.3,20002,1,30.59,35.0,36.64,1,487334
508161,35.98,36.06,34.7,35.3,1,0,11.69,13.77,72.78,0.3,0.3,20002,1,30.57,35.0,36.72,1,487834
508670,35.93,36.02,34.7,35.3,1,0,11.97,13.77,72.78,0.3,0.3,20002,1,30.61,35.0,36.76,1,488334
509179,35.93,35.98,34.7,35.3,1,0,11.97,13.79,72.78,0.3,0.3,20002,1,30.61,35.0,36.8,1,488834
509688,35.95,35.96,34.7,35.3,1,0,11.82,13.79,72.78,0.3,0.3,20002,1,30.55,35.0,36.82,1,489334
510197,35.95,35.95,34.7,35.3,1,0,11.82,13.74,72.78,0.3,0.3,20002,1,30.55,35.0,36.83,1,489834
510706,35.92,35.93,34.7,35.3,1,0,11.6,13.77,72.78,0.3,0.3,20002,1,30.59,35.0,36.84,1,490334
511215,35.92,35.93,34.7,35.3,1,0,11.6,13.77,72.78,0.3,0.3,20002,1,30.59,35.0,36.85,1,490834
511724,35.92,35.92,34.7,35.3,1,0,11.6,13.77,72.78,0.3,0.3,20002,1,30.59,35.0,36.86,1,491334
512233,35.92,35.92,34.7,35.3,1,0,12.09,13.77,72.78,0.3,0.3,20002,1,30.59,35.0,36.86,1,491834
512746,35.93,35.92,34.7,35.3,1,0,11.33,13.77,72.78,0.3,0.3,20002,1,30.58,35.0,36.86,1,492334
513255,35.93,35.93,34.7,35.3,1,0,11.33,13.76,72.78,0.3,0.3,20002,1,30.58,35.0,36.85,1,492834
513764,35.99,35.96,34.7,35.3,1,0,11.27,13.8,72.78,0.3,0.3,20002,1,30.59,35.0,36.82,1,493348
514273,36.03,35.97,34.7,35.3,1,0,11.67,13.8,72.78,0.3,0.3,20002,1,30.55,35.0,36.8,1,493848
514782,36.03,36.0,34.7,35.3,1,0,11.67,13.78,72.78,0.3,0.3,20002,1,30.55,35.0,36.78,1,494348
515291,36.12,36.02,34.7,35.3,1,0,11.18,13.78,72.78,0.3,0.3,20002,1,30.59,35.0,36.76,1,494848
515800,36.15,36.07,34.7,35.3,1,0,11.0,13.86,72.78,0.3,0.3,20002,1,30.59,35.0,36.71,1,495348
516311,36.15,36.11,34.7,35.3,1,0,11.0,13.87,72.78,0.3,0.3,20002,1,30.59,35.0,36.67,1,495848
516820,36.15,36.13,34.7,35.3,1,0,11.0,13.87,72.78,0.3,0.3,20002,1,30.59,35.0,36.65,1,496348
517329,36.15,36.14,34.7,35.3,1,0,11.0,13.87,72.78,0.3,0.3,20002,1,30.59,35.0,36.64,1,496848
517838,36.27,36.15,34.7,35.3,1,0,11.11,13.87,72.78,0.3,0.3,20002,1,30.58,35.0,36.63,1,497348
518347,36.27,36.21,34.7,35.3,1,0,11.11,13.91,72.78,0.3,0.3,20002,1,30.58,35.0,36.57,1,497848
518856,36.3,36.24,34.7,35.3,1,0,10.98,13.91,72.78,0.3,0.3,20002,1,30.58,35.0,36.54,1,498355
519365,36.3,36.27,34.7,35.3,1,0,10.98,13.92,72.78,0.3,0.3,20002,1,30.58,35.0,36.51,1,498864
519874,36.33,36.3,34.7,35.3,1,0,11.0,13.93,72.78,0.3,0.3,20002,1,30.58,35.0,36.48,1,499869
520383,36.33,36.31,34.7,35.3,1,0,11.0,13.93,72.78,0.3,0.3,20002,1,30.58,35.0,36.46,1,500369
520892,36.37,36.34,34.7,35.3,1,0,10.89,13.96,72.78,0.3,0.3,20002,1,30.59,35.0,36.44,1,500869
521401,36.37,36.36,34.7,35.3,1,0,10.89,13.96,72.78,0.3,0.3,20002,1,30.59,35.0,36.42,1,501369
521910,36.42,36.39,34.7,35.3,1,0,10.98,13.99,72.78,0.3,0.3,20002,1,30.61,35.0,36.39,1,501869
522419,36.42,36.4,34.7,35.3,1,0,10.98,13.99,72.78,0.3,0.3,20002,1,30.61,35.0,36.38,1,502369
522928,36.49,36.44,34.7,35.3,1,0,10.8,14.02,72.78,0.3,0.3,20002,1,30.61,35.0,36.33,1,502869
523437,36.52,36.48,34.7,35.3,1,0,10.69,14.04,72.78,0.3,0.3,20002,1,30.61,35.0,36.3,1,503369
523946,36.52,36.5,34.7,35.3,1,0,10.69,14.04,72.78,0.3,0.3,20002,1,30.61,35.0,36.28,1,503869
524455,36.52,36.51,34.7,35.3,1,0,10.69,14.04,72.78,0.3,0.3,20002,1,30.61,35.0,36.27,1,504369
524964,36.52,36.51,34.7,35.3,1,0,10.69,14.04,72.78,0.3,0.3,20002,1,30.61,35.0,36.27,1,504870
525473,36.72,36.62,34.7,35.3,1,0,10.96,14.14,72.78,0.3,0.3,20002,1,30.62,35.0,36.16,1,505370
525982,36.72,36.67,34.7,35.3,1,0,10.96,14.14,72.78,0.3,0.3,20002,1,30.62,35.0,36.11,1,505870
526491,36.71,36.69,34.7,35.3,1,0,10.55,14.12,72.78,0.3,0.3,20002,1,30.61,35.0,36.09,1,506370
527000,36.74,36.7,34.7,35.3,1,0,10.73,14.12,72.78,0.3,0.3,20002,1,30.62,35.0,36.08,1,506870
527509,36.74,36.72,34.7,35.3,1,0,10.73,14.14,72.78,0.3,0.3,20002,1,30.62,35.0,36.06,1,507370
528018,36.81,36.76,34.7,35.3,1,0,10.35,14.17,72.78,0.3,0.3,20002,1,30.62,35.0,36.02,1,507870
528527,36.85,36.81,34.7,35.3,1,0,10.6,14.19,72.78,0.3,0.3,20002,1,30.62,35.0,35.97,1,508370
529036,36.91,36.83,34.7,35.3,1,0,10.58,14.19,72.78,0.3,0.3,20002,1,30.61,35.0,35.95,1,508870
529546,36.91,36.87,34.7,35.3,1,0,10.58,14.2,72.78,0.3,0.3,20002,1,30.61,35.0,35.91,1,509370
530055,36.91,36.89,34.7,35.3,1,0,10.47,14.22,72.78,0.3,0.3,20002,1,30.62,35.0,35.89,1,509870
530564,37.0,36.9,34.7,35.3,1,0,10.44,14.22,72.78,0.3,0.3,20002,1,30.65,35.0,35.88,1,510370
531073,37.0,36.95,34.7,35.3,1,0,10.44,14.28,72.78,0.3,0.3,20002,1,30.65,35.0,35.83,1,510870
531582,37.03,36.98,34.7,35.3,1,0,10.93,14.28,72.78,0.3,0.3,20002,1,30.62,35.0,35.8,1,511370
532091,37.03,37.0,34.7,35.3,1,0,10.93,14.27,72.78,0.3,0.3,20002,1,30.62,35.0,35.78,1,511870
532600,37.04,37.02,34.7,35.3,1,0,10.38,14.28,72.78,0.3,0.3,20002,1,30.63,35.0,35.76,1,512370
533109,37.04,37.03,34.7,35.3,1,0,10.44,14.28,72.78,0.3,0.3,20002,1,30.63,35.0,35.75,1,512870
533618,37.04,37.04,34.7,35.3,1,0,10.44,14.28,72.78,0.3,0.3,20002,1,30.63,35.0,35.74,1,513370
534127,37.09,37.04,34.7,35.3,1,0,11.13,14.28,72.78,0.3,0.3,20002,1,30.65,35.0,35.74,1,513870
534636,37.09,37.06,34.7,35.3,1,0,11.13,14.31,72.78,0.3,0.3,20002,1,30.65,35.0,35.71,1,514370
535145,37.09,37.08,34.7,35.3,1,0,11.13,14.31,72.78,0.3,0.3,20002,1,30.65,35.0,35.7,1,514870
535654,37.13,37.1,34.7,35.3,1,0,10.53,14.33,72.78,0.3,0.3,20002,1,30.65,35.0,35.68,1,515370
536163,37.12,37.12,34.7,35.3,1,0,10.31,14.33,72.78,0.3,0.3,20002,1,30.62,35.0,35.66,1,515870
536673,37.19,37.12,34.7,35.3,1,0,10.42,14.3,72.78,0.3,0.3,20002,1,30.65,35.0,35.66,1,516370
537183,37.19,37.15,34.7,35.3,1,0,10.42,14.36,72.78,0.3,0.3,20002,1,30.65,35.0,35.63,1,516870
537692,37.2,37.18,34.7,35.3,1,1,10.11,14.36,72.78,0.3,0.3,20002,1,30.65,35.0,35.6,1,517371
538201,37.2,37.19,34.7,35.3,1,1,10.11,14.36,72.78,0.3,0.3,20002,1,30.65,35.0,35.59,1,517871
538710,37.25,37.2,34.7,35.3,1,1,10.31,14.36,72.78,0.3,0.3,20002,1,30.68,35.0,35.58,1,518371
539219,37.25,37.22,34.7,35.3,1,1,10.42,14.41,72.78,0.3,0.3,20002,1,30.66,35.0,35.56,1,518871
539728,37.25,37.24,34.7,35.3,1,1,10.42,14.39,72.78,0.3,0.3,20002,1,30.66,35.0,35.54,1,519371
540237,37.36,37.24,34.7,35.3,1,1,11.0,14.39,72.78,0.3,0.3,20002,1,30.69,35.0,35.54,1,519871
540746,37.29,37.3,34.7,35.3,1,1,11.0,14.46,72.78,0.3,0.3,20002,1,30.66,35.0,35.48,1,520371
541255,37.29,37.3,34.7,35.3,1,1,11.0,14.41,72.78,0.3,0.3,20002,1,30.66,35.0,35.48,1,520871
541764,37.13,37.3,34.7,35.3,1,1,11.29,14.41,72.78,0.3,0.3,20002,1,30.65,35.0,35.48,1,521371
542273,36.81,37.21,34.7,35.3,1,1,11.64,14.33,72.78,0.3,0.3,20002,1,30.65,35.0,35.57,1,521871
542782,36.81,37.01,34.7,35.3,1,1,11.64,14.2,72.78,0.3,0.3,20002,1,30.65,35.0,35.77,1,522371
543291,36.58,36.8,34.7,35.3,1,1,12.0,14.09,72.78,0.3,0.3,20002,1,30.63,35.0,35.98,1,522871
543800,36.35,36.69,34.7,35.3,1,1,12.06,14.09,72.78,0.3,0.3,20002,1,30.63,35.0,36.09,1,523371
544323,36.14,36.52,34.7,35.3,1,0,12.15,13.99,72.78,0.3,0.3,20002,1,30.61,35.0,36.26,1,523871
544833,36.14,36.33,34.7,35.3,1,0,12.15,13.88,72.78,0.3,0.3,20002,1,30.61,35.0,36.45,1,524371
545342,36.05,36.23,34.7,35.3,1,0,11.91,13.88,72.78,0.3,0.3,20002,1,30.62,35.0,36.55,1,524871
545851,36.05,36.14,34.7,35.3,1,0,11.91,13.85,72.78,0.3,0.3,20002,1,30.62,35.0,36.64,1,525371
546360,35.88,36.1,34.7,35.3,1,0,11.4,13.85,72.78,0.3,0.3,20002,1,30.59,35.0,36.68,1,525871
546869,35.76,35.99,34.7,35.3,1,0,11.69,13.75,72.78,0.3,0.3,20002,1,30.61,35.0,36.79,1,526371
547378,35.67,35.77,34.7,35.3,1,0,11.51,13.65,72.78,0.3,0.3,20002,1,30.58,35.0,37.01,1,527373
547887,35.67,35.72,34.7,35.3,1,0,11.51,13.65,72.78,0.3,0.3,20002,1,30.58,35.0,37.06,1,527873
548396,35.61,35.67,34.7,35.3,1,0,11.38,13.64,72.78,0.3,0.3,20002,1,30.59,35.0,37.11,1,528373
548905,35.61,35.64,34.7,35.3,1,0,11.38,13.64,72.78,0.3,0.3,20002,1,30.59,35.0,37.14,1,528873
549414,35.58,35.61,34.7,35.3,1,0,11.09,13.64,72.78,0.3,0.3,20002,1,30.61,35.0,37.17,1,529373
549923,35.64,35.63,34.7,35.3,1,0,11.07,13.65,72.78,0.3,0.3,20002,1,30.59,35.0,37.15,1,529873
550432,35.64,35.63,34.7,35.3,1,0,11.07,13.65,72.78,0.3,0.3,20002,1,30.59,35.0,37.14,1,530373
550948,35.61,35.64,34.7,35.3,1,0,11.02,13.65,72.78,0.3,0.3,20002,1,30.59,35.0,37.14,1,530873
551458,35.61,35.63,34.7,35.3,1,0,11.02,13.64,72.78,0.3,0.3,20002,1,30.59,35.0,37.15,1,531373
551967,35.64,35.63,34.7,35.3,1,0,10.96,13.64,72.78,0.3,0.3,20002,1,30.58,35.0,37.15,1,531873
552476,35.64,35.64,34.7,35.3,1,0,10.96,13.64,72.78,0.3,0.3,20002,1,30.58,35.0,37.14,1,532373
552985,35.64,35.64,34.7,35.3,1,0,10.96,13.64,72.78,0.3,0.3,20002,1,30.58,35.0,37.14,1,532873
553494,35.7,35.67,34.7,35.3,1,0,10.76,13.66,72.78,0.3,0.3,20002,1,30.58,35.0,37.11,1,533373
554003,35.7,35.68,34.7,35.3,1,0,10.76,13.66,72.78,0.3,0.3,20002,1,30.58,35.0,37.1,1,533873
554512,35.64,35.66,34.7,35.3,1,0,10.96,13.66,72.78,0.3,0.3,20002,1,30.61,35.0,37.12,1,534373
555021,35.74,35.7,34.7,35.3,1,0,10.73,13.7,72.78,0.3,0.3,20002,1,30.59,35.0,37.08,1,534873
555530,35.74,35.72,34.7,35.3,1,0,10.73,13.7,72.78,0.3,0.3,20002,1,30.59,35.0,37.06,1,535373
556039,35.73,35.73,34.7,35.3,1,0,10.76,13.69,72.78,0.3,0.3,20002,1,30.59,35.0,37.05,1,535873
556548,35.76,35.74,34.7,35.3,1,0,10.53,13.68,72.78,0.3,0.3,20002,1,30.57,35.0,37.04,1,536373
557057,35.79,35.76,34.7,35.3,1,0,10.71,13.7,72.78,0.3,0.3,20002,1,30.58,35.0,37.02,1,536873
557566,35.76,35.76,34.7,35.3,1,0,10.62,13.7,72.78,0.3,0.3,20002,1,30.59,35.0,37.02,1,537379
558078,35.77,35.76,34.7,35.3,1,0,10.26,13.7,72.78,0.3,0.3,20002,1,30.61,35.0,37.02,1,537879
558588,35.77,35.77,34.7,35.3,1,0,10.26,13.72,72.78,0.3,0.3,20002,1,30.61,35.0,37.01,1,538379
559097,35.86,35.77,34.7,35.3,1,0,10.58,13.72,72.78,0.3,0.3,20002,1,30.61,35.0,37.01,1,538879
559606,35.86,35.82,34.7,35.3,1,0,10.58,13.76,72.78,0.3,0.3,20002,1,30.61,35.0,36.96,1,539379
560115,35.92,35.87,34.7,35.3,1,0,10.49,13.8,72.78,0.3,0.3,20002,1,30.62,35.0,36.91,1,539879
560624,35.98,35.89,34.7,35.3,1,0,10.6,13.8,72.78,0.3,0.3,20002,1,30.61,35.0,36.88,1,540379
561133,35.98,35.94,34.7,35.3,1,0,10.6,13.81,72.78,0.3,0.3,20002,1,30.61,35.0,36.84,1,540879
561642,36.04,35.96,34.7,35.3,1,0,10.47,13.81,72.78,0.3,0.3,20002,1,30.59,35.0,36.82,1,541379
562151,36.11,36.0,34.7,35.3,1,0,10.35,13.82,72.78,0.3,0.3,20002,1,30.62,35.0,36.78,1,541879
562661,36.11,36.05,34.7,35.3,1,0,10.35,13.88,72.78,0.3,0.3,20002,1,30.62,35.0,36.73,1,542379
563170,36.15,36.08,34.7,35.3,1,0,10.53,13.88,72.78,0.3,0.3,20002,1,30.59,35.0,36.7,1,542879
563679,36.2,36.12,34.7,35.3,1,0,10.35,13.87,72.78,0.3,0.3,20002,1,30.61,35.0,36.66,1,543379
564188,36.2,36.16,34.7,35.3,1,0,10.35,13.9,72.78,0.3,0.3,20002,1,30.61,35.0,36.62,1,543879
564697,36.24,36.18,34.7,35.3,1,0,10.4,13.9,72.78,0.3,0.3,20002,1,30.61,35.0,36.6,1,544379
565206,36.24,36.21,34.7,35.3,1,0,10.4,13.92,72.78,0.3,0.3,20002,1,30.61,35.0,36.57,1,544879
565715,36.31,36.26,34.7,35.3,1,0,10.31,13.95,72.78,0.3,0.3,20002,1,30.61,35.0,36.52,1,545379
566224,36.31,36.29,34.7,35.3,1,0,10.31,13.95,72.78,0.3,0.3,20002,1,30.61,35.0,36.49,1,545879
566733,36.42,36.3,34.7,35.3,1,0,10.22,13.95,72.78,0.3,0.3,20002,1,30.61,35.0,36.48,1,546379
567242,36.42,36.36,34.7,35.3,1,0,10.22,13.99,72.78,0.3,0.3,20002,1,30.61,35.0,36.42,1,546879
567751,36.42,36.39,34.7,35.3,1,0,10.29,13.99,72.78,0.3,0.3,20002,1,30.61,35.0,36.39,1,547379
568260,36.43,36.4,34.7,35.3,1,0,10.2,13.99,72.78,0.3,0.3,20002,1,30.62,35.0,36.38,1,547879
568769,36.43,36.42,34.7,35.3,1,0,10.2,14.02,72.78,0.3,0.3,20002,1,30.62,35.0,36.36,1,548379
569278,36.53,36.43,34.7,35.3,1,0,10.64,14.02,72.78,0.3,0.3,20002,1,30.61,35.0,36.35,1,548879
569787,36.52,36.48,34.7,35.3,1,0,9.93,14.04,72.78,0.3,0.3,20002,1,30.63,35.0,36.3,1,549383
570296,36.52,36.5,34.7,35.3,1,1,10.35,14.06,72.78,0.3,0.3,20002,1,30.65,35.0,36.28,1,549883
570806,36.52,36.51,34.7,35.3,1,1,10.35,14.08,72.78,0.3,0.3,20002,1,30.65,35.0,36.27,1,550383
571315,36.52,36.52,34.7,35.3,1,1,10.35,14.08,72.78,0.3,0.3,20002,1,30.65,35.0,36.26,1,550885
571824,36.52,36.52,34.7,35.3,1,1,10.35,14.08,72.78,0.3,0.3,20002,1,30.65,35.0,36.26,1,551385
572333,36.61,36.56,34.7,35.3,1,1,9.91,14.1,72.78,0.3,0.3,20002,1,30.63,35.0,36.22,1,551885
572842,36.7,36.59,34.7,35.3,1,1,10.8,14.1,72.78,0.3,0.3,20002,1,30.66,35.0,36.19,1,552385
573351,36.68,36.64,34.7,35.3,1,1,10.91,14.16,72.78,0.3,0.3,20002,1,30.63,35.0,36.14,1,552885
573860,36.68,36.66,34.7,35.3,1,1,10.91,14.13,72.78,0.3,0.3,20002,1,30.63,35.0,36.12,1,553385
574369,36.68,36.67,34.7,35.3,1,1,10.91,14.13,72.78,0.3,0.3,20002,1,30.63,35.0,36.11,1,553885
574878,36.68,36.68,34.7,35.3,1,1,10.91,14.13,72.78,0.3,0.3,20002,1,30.63,35.0,36.1,1,554385
575387,36.17,36.68,34.7,35.3,1,1,11.75,14.13,72.78,0.3,0.3,20002,1,30.62,35.0,36.1,1,554885
575896,36.02,36.22,34.7,35.3,1,0,11.95,13.83,72.78,0.3,0.3,20002,1,30.61,35.0,36.56,1,555891
576405,36.02,36.12,34.7,35.3,1,0,11.95,13.83,72.78,0.3,0.3,20002,1,30.61,35.0,36.66,1,556391
576914,35.74,35.93,34.7,35.3,1,0,12.15,13.7,72.78,0.3,0.3,20002,1,30.59,35.0,36.85,1,556891
577423,35.74,35.84,34.7,35.3,1,0,12.15,13.7,72.78,0.3,0.3,20002,1,30.59,35.0,36.94,1,557391
577932,35.74,35.79,34.7,35.3,1,0,12.15,13.7,72.78,0.3,0.3,20002,1,30.59,35.0,36.99,1,557891
578443,35.74,35.77,34.7,35.3,1,0,12.15,13.7,72.78,0.3,0.3,20002,1,30.59,35.0,37.01,1,558391
578952,35.36,35.57,34.7,35.3,1,0,11.78,13.52,72.78,0.3,0.3,20002,1,30.58,35.0,37.21,1,558891
579461,35.36,35.46,34.7,35.3,1,0,11.78,13.52,72.78,0.3,0.3,20002,1,30.58,35.0,37.31,1,559391
579970,35.29,35.38,34.7,35.3,1,0,11.4,13.49,72.78,0.3,0.3,20002,1,30.58,35.0,37.4,1,559891
580479,35.29,35.33,34.7,35.3,1,0,11.4,13.49,72.78,0.3,0.3,20002,1,30.58,35.0,37.44,1,560391
580988,35.28,35.3,34.7,35.3,1,0,11.24,13.47,72.78,0.3,0.3,20002,1,30.57,35.0,37.47,1,560891
581497,35.28,35.29,34.7,35.3,0,0,11.24,13.47,72.78,0.3,0.3,561391,0,30.57,35.0,37.49,1,0
582006,35.29,35.29,34.55,35.3,0,0,11.0,13.49,35.29,0.45,0.3,561391,0,30.58,35.0,0.0,1,500
582515,35.3,35.3,34.55,35.3,0,0,10.96,13.49,35.29,0.45,0.3,561391,0,30.58,35.0,0.0,1,1000
583024,35.3,35.3,34.55,35.3,0,0,10.96,13.49,35.29,0.45,0.3,561391,0,30.58,35.0,0.01,1,1500
583533,35.33,35.32,34.55,35.3,0,0,10.89,13.51,35.29,0.45,0.3,561391,0,30.58,35.0,0.02,1,2000
584042,35.33,35.33,34.55,35.3,0,0,10.89,13.51,35.29,0.45,0.3,561391,0,30.58,35.0,0.03,1,2500
584551,35.33,35.33,34.55,35.3,0,0,10.89,13.51,35.29,0.45,0.3,561391,0,30.58,35.0,0.04,1,3000
585060,35.38,35.35,34.55,35.3,0,0,10.91,13.51,35.29,0.45,0.3,561391,0,30.57,35.0,0.06,1,3500
585569,35.33,35.37,34.55,35.3,0,0,10.84,13.51,35.29,0.45,0.3,561391,0,30.55,35.0,0.07,1,4000
586078,35.33,35.35,34.55,35.3,0,0,10.84,13.48,35.29,0.45,0.3,561391,0,30.55,35.0,0.05,1,4500
586587,35.33,35.34,34.55,35.3,0,0,10.78,13.51,35.29,0.45,0.3,561391,0,30.58,35.0,0.05,1,5000
587096,35.33,35.34,34.55,35.3,0,0,10.78,13.51,35.29,0.45,0.3,561391,0,30.58,35.0,0.04,1,5500
587605,35.33,35.34,34.55,35.3,0,0,10.78,13.51,35.29,0.45,0.3,561391,0,30.58,35.0,0.04,1,6003
588114,35.38,35.34,34.55,35.3,0,0,10.93,13.51,35.29,0.45,0.3,561391,0,30.55,35.0,0.04,1,6503
588623,35.38,35.36,34.55,35.3,0,0,10.93,13.5,35.29,0.45,0.3,561391,0,30.55,35.0,0.06,1,7003
589132,35.44,35.4,34.55,35.3,0,0,10.93,13.55,35.29,0.45,0.3,561391,0,30.58,35.0,0.1,1,7503
589641,35.42,35.42,34.55,35.3,0,0,10.8,13.55,35.29,0.45,0.3,561391,0,30.58,35.0,0.12,1,8003
590150,35.42,35.42,34.55,35.3,0,0,10.8,13.54,35.29,0.45,0.3,561391,0,30.58,35.0,0.12,1,8503
590659,35.42,35.42,34.55,35.3,0,0,10.8,13.54,35.29,0.45,0.3,561391,0,30.58,35.0,0.12,1,9003
591168,35.45,35.43,34.55,35.3,0,0,11.31,13.54,35.29,0.45,0.3,561391,0,30.57,35.0,0.14,1,9503
591677,35.54,35.49,34.55,35.3,0,0,10.96,13.58,35.29,0.45,0.3,561391,1,30.57,35.0,0.19,1,10003
592186,35.54,35.51,34.55,35.3,0,0,10.96,13.58,35.29,0.45,0.3,561391,1,30.57,35.0,0.22,1,10503
592695,35.64,35.52,34.55,35.3,0,0,11.44,13.58,35.29,0.45,0.3,561391,1,30.58,35.0,0.23,1,11003
593204,35.64,35.58,34.55,35.3,0,0,11.44,13.64,35.29,0.45,0.3,561391,1,30.58,35.0,0.29,1,11503
593713,35.67,35.61,34.55,35.3,0,0,11.51,13.64,35.29,0.45,0.3,561391,1,30.59,35.0,0.32,1,12003
594222,35.67,35.64,34.55,35.3,0,0,11.51,13.66,35.29,0.45,0.3,561391,1,30.59,35.0,0.35,1,12503
594731,35.77,35.66,34.55,35.3,0,0,11.62,13.66,35.29,0.45,0.3,561391,1,30.57,35.0,0.36,1,13006
595240,35.77,35.71,34.55,35.3,0,0,11.62,13.68,35.29,0.45,0.3,561391,1,30.57,35.0,0.42,1,13507
595749,35.82,35.74,34.55,35.3,0,0,11.8,13.68,35.29,0.45,0.3,561391,1,30.59,35.0,0.45,1,14007
596258,35.9,35.78,34.55,35.3,0,0,12.11,13.73,35.29,0.45,0.3,561391,1,30.58,35.0,0.48,1,14507
596767,36.01,35.84,34.55,35.3,0,0,11.51,13.75,35.29,0.45,0.3,561391,1,30.62,35.0,0.55,1,15007
597276,36.01,35.92,34.55,35.3,0,0,11.51,13.83,35.29,0.45,0.3,561391,1,30.62,35.0,0.63,1,15507
597786,36.01,35.97,34.55,35.3,0,0,11.51,13.83,35.29,0.45,0.3,561391,1,30.62,35.0,0.67,1,16007
598295,36.06,35.99,34.55,35.3,0,0,12.15,13.83,35.29,0.45,0.3,561391,1,30.58,35.0,0.69,1,16507
598804,36.1,36.03,34.55,35.3,0,0,12.44,13.82,35.29,0.45,0.3,561391,1,30.62,35.0,0.73,1,17007
599313,36.1,36.06,34.55,35.3,0,0,12.44,13.87,35.29,0.45,0.3,561391,1,30.62,35.0,0.77,1,17507
599822,36.14,36.08,34.55,35.3,0,0,12.55,13.87,35.29,0.45,0.3,561391,1,30.62,35.0,0.78,1,18007
600331,36.14,36.11,34.55,35.3,0,0,12.55,13.89,35.29,0.45,0.3,561391,1,30.62,35.0,0.81,1,18507
600840,36.17,36.13,34.55,35.3,0,0,12.64,13.89,35.29,0.45,0.3,561391,1,30.61,35.0,0.83,1,19007
601349,36.22,36.15,34.55,35.3,0,0,12.68,13.89,35.29,0.45,0.3,561391,1,30.63,35.0,0.85,1,19507
601858,36.22,36.18,34.55,35.3,1,0,12.68,13.93,35.29,0.45,0.3,20007,0,30.63,35.0,0.89,0,0
602366,36.27,36.2,34.55,35.3,1,0,12.96,13.93,36.2,0.45,0.3,20007,0,30.62,35.0,0.0,0,500
602875,36.27,36.23,34.55,35.3,1,0,12.96,13.95,36.23,0.45,0.3,20007,0,30.62,35.0,0.0,0,1000
603384,36.28,36.25,34.55,35.3,1,0,12.9,13.95,36.25,0.45,0.3,20007,0,30.59,35.0,0.0,0,1500
603892,36.28,36.27,34.55,35.3,1,0,13.1,13.93,36.27,0.45,0.3,20007,0,30.61,35.0,0.0,0,2000
604400,36.28,36.27,34.55,35.3,1,0,13.1,13.94,36.27,0.45,0.3,20007,0,30.61,35.0,0.0,0,2502
604909,36.28,36.28,34.55,35.3,1,0,13.1,13.94,36.28,0.45,0.3,20007,0,30.61,35.0,0.0,0,3506
605418,36.36,36.32,34.55,35.3,1,0,13.21,14.0,36.32,0.45,0.3,20007,0,30.63,35.0,0.0,0,4006
605927,36.37,36.35,34.55,35.3,1,0,13.27,14.0,36.35,0.45,0.3,20007,0,30.63,35.0,0.0,0,4506
606436,36.37,36.36,34.55,35.3,1,0,13.27,14.0,36.36,0.45,0.3,20007,0,30.63,35.0,0.0,0,5006
606945,36.42,36.39,34.55,35.3,1,0,13.42,14.01,36.39,0.45,0.3,20007,0,30.62,35.0,0.0,0,5506
607454,36.45,36.4,34.55,35.3,1,0,13.27,14.01,36.4,0.45,0.3,20007,0,30.65,35.0,0.0,0,6006
607963,36.45,36.43,34.55,35.3,1,0,13.27,14.05,36.43,0.45,0.3,20007,0,30.65,35.0,0.0,0,6506
608472,36.48,36.45,34.55,35.3,1,0,13.42,14.06,36.45,0.45,0.3,20007,0,30.65,35.0,0.0,0,7006
608981,36.48,36.46,34.55,35.3,1,0,13.42,14.06,36.46,0.45,0.3,20007,0,30.65,35.0,0.0,0,7506
609490,36.52,36.49,34.55,35.3,1,0,13.71,14.06,36.49,0.45,0.3,20007,0,30.63,35.0,0.0,0,8006
609999,36.52,36.51,34.55,35.3,1,0,13.71,14.06,36.51,0.45,0.3,20007,0,30.63,35.0,0.0,0,8506
610508,36.55,36.53,34.55,35.3,1,0,12.79,14.09,36.53,0.45,0.3,20007,0,30.65,35.0,0.0,0,9006
611016,36.52,36.52,34.55,35.3,1,0,13.58,14.08,36.53,0.45,0.3,20007,0,30.65,35.0,0.0,0,9517
611524,36.52,36.52,34.55,35.3,1,0,13.58,14.08,36.53,0.45,0.3,20007,0,30.65,35.0,0.0,0,10017
612033,36.52,36.52,34.55,35.3,1,0,13.58,14.08,36.53,0.45,0.3,20007,0,30.65,35.0,0.0,0,10517
612542,36.63,36.52,34.55,35.3,1,0,13.34,14.08,36.53,0.45,0.3,20007,0,30.63,35.0,0.0,0,11017
613051,36.63,36.58,34.55,35.3,1,0,13.34,14.11,36.58,0.45,0.3,20007,0,30.63,35.0,0.0,0,11517
613560,36.59,36.59,34.55,35.3,1,0,14.14,14.11,36.59,0.45,0.3,20007,0,30.65,35.0,0.0,0,12017
614069,36.59,36.59,34.55,35.3,1,0,14.14,14.11,36.59,0.45,0.3,20007,0,30.65,35.0,0.0,0,12517
614578,36.62,36.61,34.55,35.3,1,0,13.45,14.13,36.61,0.45,0.3,20007,0,30.66,35.0,0.0,0,13017
615087,36.67,36.64,34.55,35.3,1,0,13.42,14.15,36.64,0.45,0.3,20007,0,30.66,35.0,0.0,0,13517
615596,36.67,36.65,34.55,35.3,1,0,13.42,14.15,36.65,0.45,0.3,20007,0,30.66,35.0,0.0,0,14017
616105,36.67,36.66,34.55,35.3,1,0,13.42,14.15,36.66,0.45,0.3,20007,0,30.66,35.0,0.0,0,14517
616614,36.69,36.68,34.55,35.3,1,0,13.42,14.14,36.68,0.45,0.3,20007,0,30.63,35.0,0.0,0,15017
617123,36.75,36.71,34.55,35.3,1,0,13.31,14.16,36.71,0.45,0.3,20007,0,30.63,35.0,0.0,0,15517
617631,36.75,36.73,34.55,35.3,1,0,13.31,14.16,36.73,0.45,0.3,20007,0,30.63,35.0,0.0,0,16017
618140,36.75,36.74,34.55,35.3,1,0,13.18,14.19,36.74,0.45,0.3,20007,0,30.66,35.0,0.0,0,16517
618649,36.8,36.77,34.55,35.3,1,0,13.23,14.22,36.77,0.45,0.3,20007,0,30.68,35.0,0.0,0,17017
619158,36.76,36.76,34.55,35.3,1,0,13.18,14.2,36.77,0.45,0.3,20007,0,30.68,35.0,0.0,0,17522
619667,36.86,36.76,34.55,35.3,1,0,13.12,14.2,36.77,0.45,0.3,20007,0,30.66,35.0,0.01,0,18022
620176,36.86,36.81,34.55,35.3,1,0,13.12,14.23,36.81,0.45,0.3,20007,0,30.66,35.0,0.0,0,18522
620685,36.83,36.82,34.55,35.3,1,0,13.18,14.23,36.82,0.45,0.3,20007,0,30.68,35.0,0.0,0,19022
621194,36.9,36.82,34.55,35.3,1,0,12.96,14.23,36.82,0.45,0.3,20007,0,30.69,35.0,0.0,0,19522
621703,36.9,36.86,34.55,35.3,1,0,12.96,14.27,36.86,0.45,0.3,20007,0,30.69,35.0,0.0,0,20022
622212,36.96,36.91,34.55,35.3,1,0,12.92,14.29,36.91,0.45,0.3,20007,0,30.68,35.0,0.0,0,20522
622721,36.96,36.94,34.55,35.3,1,0,12.92,14.29,36.94,0.45,0.3,20007,0,30.68,35.0,0.0,0,21022
623230,36.95,36.95,34.55,35.3,1,0,12.96,14.29,36.95,0.45,0.3,20007,0,30.68,35.0,0.0,0,21522
623739,36.95,36.95,34.55,35.3,1,0,12.96,14.28,36.95,0.45,0.3,20007,0,30.68,35.0,0.0,0,22022
624248,36.95,36.95,34.55,35.3,1,0,12.96,14.28,36.95,0.45,0.3,20007,0,30.68,35.0,0.0,0,22522
624757,36.95,36.95,34.55,35.3,1,0,12.96,14.28,36.95,0.45,0.3,20007,0,30.68,35.0,0.0,0,23022
625266,37.03,36.95,34.55,35.3,1,0,12.81,14.28,36.95,0.45,0.3,20007,0,30.68,35.0,0.0,0,23522
625775,37.05,36.99,34.55,35.3,1,0,12.81,14.32,36.99,0.45,0.3,20007,0,30.68,35.0,0.0,0,24022
626284,37.05,37.02,34.55,35.3,1,0,12.81,14.32,37.02,0.45,0.3,20007,0,30.68,35.0,0.0,0,24522
626793,37.09,37.03,34.55,35.3,1,0,12.83,14.32,37.03,0.45,0.3,20007,0,30.7,35.0,0.0,0,25022
627302,37.12,37.06,34.55,35.3,1,0,12.55,14.37,37.06,0.45,0.3,20007,0,30.7,35.0,0.0,0,25522
627811,37.12,37.09,34.55,35.3,1,0,12.55,14.38,37.09,0.45,0.3,20007,0,30.7,35.0,0.0,0,26022
628320,37.12,37.11,34.55,35.3,1,0,12.55,14.38,37.11,0.45,0.3,20007,0,30.7,35.0,0.0,0,26522
628829,37.14,37.11,34.55,35.3,1,0,12.7,14.38,37.11,0.45,0.3,20007,0,30.69,35.0,0.0,0,27022
629338,37.14,37.12,34.55,35.3,1,0,12.7,14.37,37.12,0.45,0.3,20007,0,30.69,35.0,0.0,0,27522
629847,37.19,37.16,34.55,35.3,1,0,12.57,14.4,37.16,0.45,0.3,20007,0,30.69,35.0,0.0,0,28022
630360,37.21,37.18,34.55,35.3,1,0,12.59,14.4,37.18,0.45,0.3,20007,0,30.7,35.0,0.0,0,28522
630869,37.21,37.19,34.55,35.3,1,0,12.59,14.41,37.19,0.45,0.3,20007,0,30.7,35.0,0.0,0,29022
631378,37.21,37.2,34.55,35.3,1,0,12.42,14.41,37.2,0.45,0.3,20007,0,30.69,35.0,0.0,0,29522
631887,37.3,37.21,34.55,35.3,1,0,12.46,14.4,37.21,0.45,0.3,20007,0,30.7,35.0,0.0,0,30022
632396,37.3,37.25,34.55,35.3,1,0,12.46,14.45,37.25,0.45,0.3,20007,0,30.7,35.0,0.0,0,30522
632905,37.3,37.28,34.55,35.3,1,0,12.22,14.45,37.28,0.45,0.3,20007,0,30.72,35.0,0.0,0,31022
633414,37.3,37.29,34.55,35.3,1,0,12.22,14.46,37.29,0.45,0.3,20007,0,30.72,35.0,0.0,0,31522
633922,37.33,37.29,34.55,35.3,1,0,12.28,14.46,37.29,0.45,0.3,20007,0,30.72,35.0,0.0,0,32024
634430,37.33,37.31,34.55,35.3,1,0,12.28,14.47,37.31,0.45,0.3,20007,0,30.72,35.0,0.0,0,32532
634939,37.33,37.32,34.55,35.3,1,0,12.37,14.45,37.32,0.45,0.3,20007,0,30.69,35.0,0.0,0,33536
635448,37.37,37.35,34.55,35.3,1,0,12.28,14.48,37.35,0.45,0.3,20007,0,30.7,35.0,0.0,0,34036
635957,37.37,37.36,34.55,35.3,1,0,12.28,14.48,37.36,0.45,0.3,20007,0,30.7,35.0,0.0,0,34536
636466,37.36,37.36,34.55,35.3,1,0,12.24,14.47,37.36,0.45,0.3,20007,0,30.7,35.0,0.0,0,35036
636975,37.43,37.39,34.55,35.3,1,0,12.33,14.53,37.39,0.45,0.3,20007,0,30.73,35.0,0.0,0,35536
637498,37.4,37.41,34.55,35.3,1,0,12.17,14.53,37.41,0.45,0.3,20007,0,30.69,35.0,0.0,0,36036
638007,37.4,37.41,34.55,35.3,1,0,12.17,14.48,37.41,0.45,0.3,20007,0,30.69,35.0,0.0,0,36536
638516,37.43,37.4,34.55,35.3,1,0,12.26,14.48,37.41,0.45,0.3,20007,0,30.72,35.0,0.01,0,37036
639025,37.43,37.42,34.55,35.3,1,0,12.26,14.52,37.42,0.45,0.3,20007,0,30.72,35.0,0.0,0,37536
639534,37.46,37.44,34.55,35.3,1,0,12.06,14.56,37.44,0.45,0.3,20007,0,30.75,35.0,0.0,0,38036
640043,37.47,37.46,34.55,35.3,1,0,12.11,14.53,37.46,0.45,0.3,20007,0,30.72,35.0,0.0,0,38536
640552,37.47,37.47,34.55,35.3,1,0,12.11,14.53,37.47,0.45,0.3,20007,0,30.72,35.0,0.0,0,39036
641061,37.52,37.47,34.55,35.3,1,0,11.84,14.53,37.47,0.45,0.3,20007,0,30.72,35.0,0.0,0,39536
641569,37.52,37.49,34.55,35.3,1,0,11.84,14.55,37.49,0.45,0.3,20007,0,30.72,35.0,0.0,0,40036
642078,37.58,37.54,34.55,35.3,1,0,11.93,14.6,37.54,0.45,0.3,20007,0,30.75,35.0,0.0,0,40536
642587,37.56,37.56,34.55,35.3,1,0,11.95,14.6,37.56,0.45,0.3,20007,0,30.72,35.0,0.0,0,41036
643096,37.56,37.56,34.55,35.3,1,0,11.95,14.57,37.56,0.45,0.3,20007,0,30.72,35.0,0.0,0,41536
643605,37.57,37.57,34.55,35.3,1,0,11.8,14.58,37.57,0.45,0.3,20007,0,30.72,35.0,0.0,0,42039
644114,37.57,37.57,34.55,35.3,1,0,11.8,14.58,37.57,0.45,0.3,20007,0,30.72,35.0,0.0,0,42539
644623,37.65,37.61,34.55,35.3,1,0,11.73,14.62,37.61,0.45,0.3,20007,0,30.73,35.0,0.0,0,43039
645132,37.6,37.63,34.55,35.3,1,0,11.91,14.62,37.63,0.45,0.3,20007,0,30.72,35.0,0.0,0,43539
645641,37.6,37.62,34.55,35.3,1,0,11.91,14.59,37.63,0.45,0.3,20007,0,30.72,35.0,0.01,0,44039
646150,37.65,37.61,34.55,35.3,1,0,11.95,14.59,37.63,0.45,0.3,20007,0,30.73,35.0,0.01,0,44539
646659,37.65,37.63,34.55,35.3,1,0,11.95,14.62,37.63,0.45,0.3,20007,0,30.73,35.0,0.0,0,45039
647168,37.68,37.66,34.55,35.3,1,0,11.73,14.63,37.66,0.45,0.3,20007,0,30.73,35.0,0.0,0,45539
647677,37.68,37.67,34.55,35.3,1,0,11.73,14.63,37.67,0.45,0.3,20007,0,30.73,35.0,0.0,0,46039
648186,37.69,37.68,34.55,35.3,1,0,11.6,14.62,37.68,0.45,0.3,20007,0,30.72,35.0,0.0,0,46539
648695,37.75,37.69,34.55,35.3,1,0,11.13,14.62,37.69,0.45,0.3,20007,0,30.73,35.0,0.0,0,47039
649203,37.74,37.72,34.55,35.3,1,0,11.53,14.66,37.72,0.45,0.3,20007,0,30.73,35.0,0.0,0,47539
649711,37.74,37.73,34.55,35.3,1,0,11.53,14.66,37.73,0.45,0.3,20007,0,30.73,35.0,0.0,0,48039
650220,37.72,37.73,34.55,35.3,1,0,11.47,14.66,37.73,0.45,0.3,20007,0,30.72,35.0,0.0,0,48539
650729,37.72,37.73,34.55,35.3,1,0,11.47,14.64,37.73,0.45,0.3,20007,0,30.72,35.0,0.0,0,49039
651238,37.8,37.72,34.55,35.3,1,0,11.71,14.64,37.73,0.45,0.3,20007,0,30.73,35.0,0.0,0,49539
651747,37.77,37.76,34.55,35.3,1,0,11.11,14.68,37.76,0.45,0.3,20007,0,30.72,35.0,0.0,0,50039
652256,37.79,37.76,34.55,35.3,1,0,11.42,14.66,37.76,0.45,0.3,20007,0,30.72,35.0,0.0,0,50539
652768,37.79,37.78,34.55,35.3,1,0,11.42,14.67,37.78,0.45,0.3,20007,0,30.72,35.0,0.0,0,51039
653277,37.85,37.79,34.55,35.3,1,0,11.4,14.67,37.79,0.45,0.3,20007,0,30.72,35.0,0.0,0,51539
653786,37.85,37.82,34.55,35.3,1,0,11.4,14.69,37.82,0.45,0.3,20007,0,30.72,35.0,0.0,0,52039
654295,37.85,37.84,34.55,35.3,1,0,11.4,14.69,37.84,0.45,0.3,20007,0,30.72,35.0,0.0,0,52542
654804,37.82,37.83,34.55,35.3,1,0,11.47,14.69,37.84,0.45,0.3,20007,0,30.73,35.0,0.0,0,53043
655313,37.83,37.83,34.55,35.3,1,0,11.4,14.69,37.84,0.45,0.3,20007,0,30.75,35.0,0.0,0,53543
655822,37.83,37.83,34.55,35.3,1,0,11.4,14.71,37.84,0.45,0.3,20007,0,30.75,35.0,0.0,0,54043
656331,37.87,37.85,34.55,35.3,1,0,11.24,14.72,37.85,0.45,0.3,20007,0,30.75,35.0,0.0,0,54543
656840,37.85,37.86,34.55,35.3,1,0,11.33,14.72,37.86,0.45,0.3,20007,0,30.75,35.0,0.0,0,55043
657349,37.85,37.86,34.55,35.3,1,0,11.33,14.72,37.86,0.45,0.3,20007,0,30.75,35.0,0.0,0,55543
657858,37.85,37.86,34.55,35.3,1,0,11.29,14.71,37.86,0.45,0.3,20007,0,30.73,35.0,0.0,0,56043
658367,37.85,37.85,34.55,35.3,1,0,11.29,14.71,37.86,0.45,0.3,20007,0,30.73,35.0,0.0,0,56543
658876,37.93,37.89,34.55,35.3,1,0,11.09,14.75,37.89,0.45,0.3,20007,0,30.75,35.0,0.0,0,57043
659385,37.9,37.91,34.55,35.3,1,0,10.98,14.75,37.91,0.45,0.3,20007,0,30.75,35.0,0.0,0,57543
659893,37.9,37.9,34.55,35.3,1,0,10.98,14.74,37.91,0.45,0.3,20007,0,30.75,35.0,0.0,0,58043
660402,37.91,37.9,34.55,35.3,1,0,11.2,14.74,37.91,0.45,0.3,20007,0,30.75,35.0,0.0,0,58543
660911,37.94,37.91,34.55,35.3,1,0,11.04,14.74,37.91,0.45,0.3,20007,0,30.75,35.0,0.0,0,59043
661420,37.94,37.93,34.55,35.3,1,0,11.18,14.75,37.93,0.45,0.3,20007,0,30.76,35.0,0.0,0,59543
661929,37.94,37.93,34.55,35.3,1,0,11.18,14.76,37.93,0.45,0.3,20007,0,30.76,35.0,0.0,0,60043
662438,37.94,37.94,34.55,35.3,1,0,11.18,14.76,37.94,0.45,0.3,20007,0,30.76,35.0,0.0,0,60543
662947,37.94,37.94,34.55,35.3,1,0,11.18,14.76,37.94,0.45,0.3,20007,0,30.76,35.0,0.0,0,61048
663456,37.94,37.94,34.55,35.3,1,0,11.18,14.76,37.94,0.45,0.3,20007,0,30.76,35.0,0.0,0,62053
663965,37.99,37.96,34.55,35.3,1,1,10.69,14.77,37.96,0.45,0.3,20007,0,30.75,35.0,0.0,1,62553
664474,37.99,37.98,34.55,35.3,1,1,10.84,14.77,37.98,0.45,0.3,20007,0,30.75,35.0,0.0,1,63053
664983,38.0,37.99,34.55,35.3,1,1,10.51,14.79,37.99,0.45,0.3,20007,0,30.76,35.0,0.0,1,63553
665492,38.0,38.0,34.55,35.3,1,1,10.51,14.79,38.0,0.45,0.3,20007,0,30.76,35.0,0.0,1,64053
666001,38.0,38.0,34.55,35.3,1,1,10.51,14.79,38.0,0.45,0.3,20007,0,30.76,35.0,0.0,1,64553
666510,38.0,38.0,34.55,35.3,1,1,10.51,14.79,38.0,0.45,0.3,20007,0,30.76,35.0,0.0,1,65053
667019,38.03,38.02,34.55,35.3,1,1,11.58,14.79,38.02,0.45,0.3,20007,0,30.75,35.0,0.0,1,65553
667528,37.97,37.99,34.55,35.3,1,1,11.84,14.78,38.02,0.45,0.3,20007,0,30.76,35.0,0.02,1,66065
668037,37.97,37.98,34.55,35.3,1,1,11.84,14.78,38.02,0.45,0.3,20007,0,30.76,35.0,0.03,1,66565
668546,37.72,37.85,34.55,35.3,1,1,12.31,14.65,38.02,0.45,0.3,20007,1,30.73,35.0,0.16,1,67065
669055,37.49,37.67,34.55,35.3,1,1,12.24,14.57,38.02,0.45,0.3,20007,1,30.75,35.0,0.34,1,67565
669564,37.24,37.58,34.55,35.3,1,1,12.55,14.57,38.02,0.45,0.3,20007,1,30.75,35.0,0.43,1,68065
670073,37.24,37.41,34.55,35.3,1,0,12.55,14.47,38.02,0.45,0.3,20007,1,30.75,35.0,0.6,1,68565
670582,37.05,37.23,34.55,35.3,1,0,13.07,14.37,38.02,0.45,0.3,20007,1,30.73,35.0,0.78,1,69065
671091,37.05,37.14,34.55,35.3,1,0,13.07,14.37,38.02,0.45,0.3,20007,1,30.73,35.0,0.87,1,69565
671600,36.7,36.92,34.55,35.3,1,0,12.68,14.19,38.02,0.45,0.3,20007,1,30.69,35.0,1.09,1,70065
672109,36.7,36.81,34.55,35.3,1,0,12.68,14.19,38.02,0.45,0.3,20007,1,30.69,35.0,1.2,1,70565
672618,36.6,36.7,34.55,35.3,1,0,12.44,14.13,38.02,0.45,0.3,20007,1,30.68,35.0,1.31,1,71065
673127,36.45,36.65,34.55,35.3,1,0,12.17,14.13,38.02,0.45,0.3,20007,1,30.69,35.0,1.36,1,71565
673636,36.45,36.55,34.55,35.3,1,0,12.17,14.08,38.02,0.45,0.3,20007,1,30.69,35.0,1.46,1,72065
674145,36.39,36.47,34.55,35.3,1,0,12.13,14.06,38.02,0.45,0.3,20007,1,30.69,35.0,1.54,1,72565
674654,36.35,36.43,34.55,35.3,1,0,11.93,14.06,38.02,0.45,0.3,20007,1,30.65,35.0,1.58,1,73065
675163,36.35,36.39,34.55,35.3,1,0,11.93,14.0,38.02,0.45,0.3,20007,1,30.65,35.0,1.62,1,73565
675672,36.35,36.37,34.55,35.3,1,0,11.93,14.0,38.02,0.45,0.3,20007,1,30.65,35.0,1.64,1,74065
676181,36.35,36.36,34.55,35.3,1,0,11.93,14.0,38.02,0.45,0.3,20007,1,30.65,35.0,1.65,1,74565
676690,36.25,36.3,34.55,35.3,1,0,11.29,13.96,38.02,0.45,0.3,20007,1,30.65,35.0,1.71,1,75065
677199,36.25,36.27,34.55,35.3,1,0,11.29,13.96,38.02,0.45,0.3,20007,1,30.65,35.0,1.74,1,75565
677708,36.25,36.26,34.55,35.3,1,0,11.49,13.96,38.02,0.45,0.3,20007,1,30.66,35.0,1.75,1,76065
678217,36.25,36.25,34.55,35.3,1,0,11.49,13.97,38.02,0.45,0.3,20007,1,30.66,35.0,1.76,1,76565
678726,36.25,36.25,34.55,35.3,1,0,11.29,13.99,38.02,0.45,0.3,20007,1,30.68,35.0,1.76,1,77065
679235,36.25,36.25,34.55,35.3,1,0,11.29,13.99,38.02,0.45,0.3,20007,1,30.68,35.0,1.76,1,77565
679744,36.26,36.25,34.55,35.3,1,0,11.29,13.96,38.02,0.45,0.3,20007,1,30.65,35.0,1.76,1,78065
680253,36.29,36.26,34.55,35.3,1,0,11.27,13.96,38.02,0.45,0.3,20007,1,30.66,35.0,1.75,1,78565
680762,36.29,36.27,34.55,35.3,1,0,11.27,13.99,38.02,0.45,0.3,20007,1,30.66,35.0,1.74,1,79065
681271,36.29,36.28,34.55,35.3,1,0,10.69,13.98,38.02,0.45,0.3,20007,1,30.65,35.0,1.73,1,79565
681780,36.33,36.28,34.55,35.3,1,0,11.16,13.98,38.02,0.45,0.3,20007,1,30.66,35.0,1.73,1,80065
682289,36.36,36.31,34.55,35.3,1,0,11.33,14.01,38.02,0.45,0.3,20007,1,30.65,35.0,1.7,1,80565
682798,36.42,36.33,34.55,35.3,1,0,11.09,14.01,38.02,0.45,0.3,20007,1,30.69,35.0,1.68,1,81065
683307,36.42,36.38,34.55,35.3,1,0,11.09,14.07,38.02,0.45,0.3,20007,1,30.69,35.0,1.63,1,81565
683816,36.41,36.39,34.55,35.3,1,0,10.84,14.05,38.02,0.45,0.3,20007,1,30.68,35.0,1.62,1,82065
684325,36.41,36.4,34.55,35.3,1,0,10.84,14.05,38.02,0.45,0.3,20007,1,30.68,35.0,1.61,1,82565
684834,36.41,36.4,34.55,35.3,1,0,10.84,14.05,38.02,0.45,0.3,20007,1,30.68,35.0,1.61,1,83069
685343,36.55,36.48,34.55,35.3,1,0,10.82,14.1,38.02,0.45,0.3,20007,1,30.66,35.0,1.53,1,83569
685852,36.62,36.52,34.55,35.3,1,0,10.71,14.1,38.02,0.45,0.3,20007,1,30.66,35.0,1.5,1,84069
686361,36.6,36.57,34.55,35.3,1,0,10.82,14.13,38.02,0.45,0.3,20007,1,30.68,35.0,1.44,1,84569
686870,36.6,36.58,34.55,35.3,1,0,10.82,14.13,38.02,0.45,0.3,20007,1,30.68,35.0,1.43,1,85069
687379,36.6,36.59,34.55,35.3,1,0,10.8,14.13,38.02,0.45,0.3,20007,1,30.68,35.0,1.42,1,85569
687888,36.69,36.59,34.55,35.3,1,0,10.78,14.13,38.02,0.45,0.3,20007,1,30.68,35.0,1.42,1,86069
688397,36.69,36.64,34.55,35.3,1,0,10.78,14.17,38.02,0.45,0.3,20007,1,30.68,35.0,1.37,1,86569
688906,36.71,36.66,34.55,35.3,1,0,10.87,14.17,38.02,0.45,0.3,20007,1,30.69,35.0,1.35,1,87069
689415,36.7,36.69,34.55,35.3,1,0,10.71,14.19,38.02,0.45,0.3,20007,1,30.66,35.0,1.32,1,87569
689925,36.7,36.69,34.55,35.3,1,0,10.71,14.16,38.02,0.45,0.3,20007,1,30.66,35.0,1.32,1,88069
690434,36.77,36.7,34.55,35.3,1,0,10.73,14.16,38.02,0.45,0.3,20007,1,30.68,35.0,1.31,1,88569
690943,36.77,36.73,34.55,35.3,1,0,10.73,14.21,38.02,0.45,0.3,20007,1,30.68,35.0,1.28,1,89069
691452,36.85,36.75,34.55,35.3,1,0,10.6,14.21,38.02,0.45,0.3,20007,1,30.69,35.0,1.26,1,89569
691961,36.85,36.8,34.55,35.3,1,0,10.6,14.25,38.02,0.45,0.3,20007,1,30.69,35.0,1.21,1,90069
692470,36.85,36.82,34.55,35.3,1,0,10.64,14.25,38.02,0.45,0.3,20007,1,30.69,35.0,1.19,1,90569
692979,36.89,36.86,34.55,35.3,1,0,10.78,14.27,38.02,0.45,0.3,20007,1,30.69,35.0,1.15,1,91576
693488,36.9,36.88,34.55,35.3,1,0,10.38,14.26,38.02,0.45,0.3,20007,1,30.68,35.0,1.13,1,92076
693997,36.9,36.89,34.55,35.3,1,0,10.38,14.26,38.02,0.45,0.3,20007,1,30.68,35.0,1.12,1,92576
694506,36.89,36.89,34.55,35.3,1,0,10.64,14.27,38.02,0.45,0.3,20007,1,30.69,35.0,1.12,1,93076
695015,36.89,36.89,34.55,35.3,1,0,10.64,14.27,38.02,0.45,0.3,20007,1,30.69,35.0,1.12,1,93576
695524,37.05,36.97,34.55,35.3,1,0,10.49,14.34,38.02,0.45,0.3,20007,1,30.69,35.0,1.04,1,94076
696033,37.05,37.01,34.55,35.3,1,0,10.49,14.34,38.02,0.45,0.3,20007,1,30.69,35.0,1.0,1,94576
696542,37.05,37.03,34.55,35.3,1,0,10.49,14.34,38.02,0.45,0.3,20007,1,30.69,35.0,0.98,1,95076
697051,37.05,37.04,34.55,35.3,1,0,10.49,14.34,38.02,0.45,0.3,20007,1,30.69,35.0,0.97,1,95576
697560,37.08,37.06,34.55,35.3,1,0,11.22,14.37,38.02,0.45,0.3,20007,1,30.72,35.0,0.95,1,96076
698069,37.08,37.07,34.55,35.3,1,0,11.22,14.37,38.02,0.45,0.3,20007,1,30.72,35.0,0.94,1,96576
698578,37.12,37.1,34.55,35.3,1,0,10.53,14.38,38.02,0.45,0.3,20007,1,30.7,35.0,0.91,1,97076
699087,37.12,37.11,34.55,35.3,1,0,10.53,14.38,38.02,0.45,0.3,20007,1,30.7,35.0,0.9,1,97576
699596,37.12,37.12,34.55,35.3,1,0,10.53,14.38,38.02,0.45,0.3,20007,1,30.7,35.0,0.89,1,98076
700105,37.17,37.14,34.55,35.3,1,1,10.24,14.4,38.02,0.45,0.3,20007,1,30.7,35.0,0.87,1,98576
700614,37.17,37.15,34.55,35.3,1,1,10.24,14.4,38.02,0.45,0.3,20007,1,30.7,35.0,0.86,1,99076
701123,37.17,37.16,34.55,35.3,1,1,10.24,14.4,38.02,0.45,0.3,20007,1,30.7,35.0,0.85,1,99576
701647,37.24,37.16,34.55,35.3,1,1,10.47,14.4,38.02,0.45,0.3,20007,1,30.72,35.0,0.85,1,100076
702156,37.24,37.2,34.55,35.3,1,1,10.47,14.44,38.02,0.45,0.3,20007,1,30.72,35.0,0.81,1,100576
702665,37.27,37.24,34.55,35.3,1,1,10.84,14.44,38.02,0.45,0.3,20007,1,30.7,35.0,0.77,1,101076
703174,37.31,37.27,34.55,35.3,1,1,11.07,14.46,38.02,0.45,0.3,20007,1,30.7,35.0,0.74,1,101576
703683,37.23,37.29,34.55,35.3,1,1,11.29,14.46,38.02,0.45,0.3,20007,1,30.72,35.0,0.72,1,102076
704192,37.23,37.26,34.55,35.3,1,1,11.29,14.43,38.02,0.45,0.3,20007,1,30.72,35.0,0.75,1,102576
704701,37.23,37.24,34.55,35.3,1,1,11.29,14.43,38.02,0.45,0.3,20007,1,30.72,35.0,0.77,1,103076
705210,36.82,37.03,34.55,35.3,1,1,11.91,14.23,38.02,0.45,0.3,20007,1,30.68,35.0,0.98,1,103576
705719,36.53,36.92,34.55,35.3,1,1,12.04,14.23,38.02,0.45,0.3,20007,1,30.69,35.0,1.09,1,104076
706228,36.53,36.72,34.55,35.3,1,1,12.04,14.11,38.02,0.45,0.3,20007,1,30.69,35.0,1.29,1,104576
706737,36.53,36.62,34.55,35.3,1,1,12.04,14.11,38.02,0.45,0.3,20007,1,30.69,35.0,1.39,1,105076
707246,36.2,36.41,34.55,35.3,1,0,12.46,13.97,38.02,0.45,0.3,20007,1,30.68,35.0,1.6,1,105576
707755,36.03,36.31,34.55,35.3,1,0,12.53,13.97,38.02,0.45,0.3,20007,1,30.66,35.0,1.7,1,106076
708264,36.03,36.17,34.55,35.3,1,0,12.53,13.88,38.02,0.45,0.3,20007,1,30.66,35.0,1.84,1,106576
708773,35.9,36.03,34.55,35.3,1,0,12.53,13.84,38.02,0.45,0.3,20007,1,30.68,35.0,1.98,1,107076
709282,35.71,35.97,34.55,35.3,1,0,12.13,13.84,38.02,0.45,0.3,20007,1,30.65,35.0,2.04,1,107577
709791,35.71,35.84,34.55,35.3,1,0,12.13,13.73,38.02,0.45,0.3,20007,1,30.65,35.0,2.17,1,108077
710300,35.65,35.77,34.55,35.3,1,0,11.82,13.73,38.02,0.45,0.3,20007,1,30.65,35.0,2.24,1,108577
710809,35.54,35.71,34.55,35.3,1,0,11.62,13.7,38.02,0.45,0.3,20007,1,30.62,35.0,2.3,1,109077
711318,35.54,35.63,34.55,35.3,1,0,11.62,13.63,38.02,0.45,0.3,20007,1,30.62,35.0,2.38,1,109577
711827,35.54,35.58,34.55,35.3,1,0,11.62,13.63,38.02,0.45,0.3,20007,1,30.62,35.0,2.43,1,110077
712336,35.53,35.56,34.55,35.3,1,0,11.47,13.63,38.02,0.45,0.3,20007,1,30.62,35.0,2.45,1,110577
712845,35.51,35.54,34.55,35.3,1,0,11.31,13.63,38.02,0.45,0.3,20007,1,30.63,35.0,2.47,1,111077
713354,35.51,35.53,34.55,35.3,1,0,11.31,13.63,38.02,0.45,0.3,20007,1,30.63,35.0,2.48,1,111577
713863,35.53,35.52,34.55,35.3,1,0,11.13,13.63,38.02,0.45,0.3,20007,1,30.65,35.0,2.49,1,112077
714372,35.53,35.53,34.55,35.3,1,0,11.27,13.65,38.02,0.45,0.3,20007,1,30.63,35.0,2.48,1,112577
714881,35.53,35.53,34.55,35.3,1,0,11.27,13.64,38.02,0.45,0.3,20007,1,30.63,35.0,2.48,1,113077
715390,35.57,35.55,34.55,35.3,1,0,11.09,13.66,38.02,0.45,0.3,20007,1,30.63,35.0,2.46,1,113577
715899,35.6,35.56,34.55,35.3,1,0,11.04,13.66,38.02,0.45,0.3,20007,1,30.62,35.0,2.45,1,114077
716408,35.6,35.58,34.55,35.3,1,0,11.07,13.66,38.02,0.45,0.3,20007,1,30.63,35.0,2.43,1,114577
716917,35.66,35.59,34.55,35.3,1,0,11.04,13.67,38.02,0.45,0.3,20007,1,30.63,35.0,2.42,1,115077
717426,35.66,35.63,34.55,35.3,1,0,11.04,13.7,38.02,0.45,0.3,20007,1,30.63,35.0,2.38,1,115577
717935,35.64,35.64,34.55,35.3,1,0,10.8,13.7,38.02,0.45,0.3,20007,1,30.61,35.0,2.37,1,116077
718444,35.64,35.64,34.55,35.3,1,0,10.8,13.66,38.02,0.45,0.3,20007,1,30.61,35.0,2.37,1,116577
718953,35.68,35.64,34.55,35.3,1,0,10.69,13.66,38.02,0.45,0.3,20007,1,30.65,35.0,2.37,1,117077
719462,35.68,35.66,34.55,35.3,1,0,10.69,13.71,38.02,0.45,0.3,20007,1,30.65,35.0,2.35,1,117577
719971,35.73,35.67,34.55,35.3,1,0,10.89,13.71,38.02,0.45,0.3,20007,1,30.63,35.0,2.34,1,118077
720480,35.73,35.7,34.55,35.3,1,0,10.89,13.73,38.02,0.45,0.3,20007,1,30.63,35.0,2.31,1,118581
720989,35.73,35.73,34.55,35.3,1,0,10.89,13.73,38.02,0.45,0.3,20007,1,30.63,35.0,2.28,1,119586
721498,35.85,35.79,34.55,35.3,1,0,10.58,13.79,38.02,0.45,0.3,20007,1,30.65,35.0,2.22,1,120086
722007,35.85,35.82,34.55,35.3,1,0,10.58,13.79,38.02,0.45,0.3,20007,1,30.65,35.0,2.19,1,120586
722516,35.85,35.84,34.55,35.3,1,0,10.58,13.79,38.02,0.45,0.3,20007,1,30.65,35.0,2.17,1,121086
723025,35.92,35.88,34.55,35.3,1,0,10.51,13.82,38.02,0.45,0.3,20007,1,30.65,35.0,2.13,1,121586
723534,35.92,35.9,34.55,35.3,1,0,10.51,13.82,38.02,0.45,0.3,20007,1,30.65,35.0,2.11,1,122086
724043,36.03,35.96,34.55,35.3,1,0,10.58,13.87,38.02,0.45,0.3,20007,1,30.65,35.0,2.05,1,122592
724552,36.03,35.99,34.55,35.3,1,0,10.58,13.87,38.02,0.45,0.3,20007,1,30.65,35.0,2.02,1,123092
725061,36.01,36.0,34.55,35.3,1,0,10.04,13.86,38.02,0.45,0.3,20007,1,30.65,35.0,2.01,1,123592
725570,36.01,36.01,34.55,35.3,1,0,10.04,13.86,38.02,0.45,0.3,20007,1,30.65,35.0,2.0,1,124092
726079,36.05,36.03,34.55,35.3,1,0,10.55,13.88,38.02,0.45,0.3,20007,1,30.65,35.0,1.98,1,124592
726588,36.09,36.06,34.55,35.3,1,0,10.51,13.89,38.02,0.45,0.3,20007,1,30.65,35.0,1.95,1,125092
727097,36.13,36.07,34.55,35.3,1,0,10.38,13.89,38.02,0.45,0.3,20007,1,30.66,35.0,1.94,1,125592
727606,36.13,36.1,34.55,35.3,1,0,10.38,13.92,38.02,0.45,0.3,20007,1,30.66,35.0,1.91,1,126092
728115,36.13,36.11,34.55,35.3,1,0,10.38,13.92,38.02,0.45,0.3,20007,1,30.66,35.0,1.9,1,126592
728624,36.13,36.12,34.55,35.3,1,0,10.38,13.92,38.02,0.45,0.3,20007,1,30.66,35.0,1.89,1,127092
729133,36.25,36.18,34.55,35.3,1,0,10.49,13.97,38.02,0.45,0.3,20007,1,30.66,35.0,1.83,1,127592
729642,36.25,36.21,34.55,35.3,1,0,10.49,13.97,38.02,0.45,0.3,20007,1,30.66,35.0,1.8,1,128092
730151,36.3,36.26,34.55,35.3,1,0,10.06,13.99,38.02,0.45,0.3,20007,1,30.66,35.0,1.75,1,128592
730660,36.3,36.28,34.55,35.3,1,0,10.06,13.99,38.02,0.45,0.3,20007,1,30.66,35.0,1.73,1,129092
731169,36.33,36.29,34.55,35.3,1,0,10.33,13.99,38.02,0.45,0.3,20007,1,30.68,35.0,1.72,1,129592
731678,36.33,36.31,34.55,35.3,1,0,10.33,14.02,38.02,0.45,0.3,20007,1,30.68,35.0,1.7,1,130092
732187,36.33,36.32,34.55,35.3,1,0,11.13,14.01,38.02,0.45,0.3,20007,1,30.66,35.0,1.69,1,130592
732696,36.33,36.33,34.55,35.3,1,0,11.13,14.01,38.02,0.45,0.3,20007,1,30.66,35.0,1.68,1,131092
733205,36.45,36.33,34.55,35.3,1,0,10.93,14.01,38.02,0.45,0.3,20007,1,30.69,35.0,1.68,1,131592
733714,36.45,36.39,34.55,35.3,1,0,10.93,14.08,38.02,0.45,0.3,20007,1,30.69,35.0,1.62,1,132092
734223,36.45,36.42,34.55,35.3,1,0,10.93,14.08,38.02,0.45,0.3,20007,1,30.69,35.0,1.59,1,132592
734732,36.47,36.45,34.55,35.3,1,0,10.2,14.09,38.02,0.45,0.3,20007,1,30.69,35.0,1.57,1,133092
735241,36.47,36.46,34.55,35.3,1,0,10.2,14.09,38.02,0.45,0.3,20007,1,30.69,35.0,1.55,1,133592
735750,36.48,36.47,34.55,35.3,1,0,11.0,14.1,38.02,0.45,0.3,20007,1,30.69,35.0,1.54,1,134098
736259,36.5,36.47,34.55,35.3,1,0,10.08,14.1,38.02,0.45,0.3,20007,1,30.7,35.0,1.54,1,134598
736768,36.5,36.49,34.55,35.3,1,1,10.08,14.12,38.02,0.45,0.3,20007,1,30.7,35.0,1.52,1,135098
737277,36.53,36.49,34.55,35.3,1,1,10.17,14.12,38.02,0.45,0.3,20007,1,30.69,35.0,1.52,1,135598
737786,36.53,36.51,34.55,35.3,1,1,10.17,14.11,38.02,0.45,0.3,20007,1,30.69,35.0,1.5,1,136098
738295,36.57,36.54,34.55,35.3,1,1,10.24,14.13,38.02,0.45,0.3,20007,1,30.69,35.0,1.47,1,136598
738804,36.58,36.56,34.55,35.3,1,1,10.33,14.13,38.02,0.45,0.3,20007,1,30.69,35.0,1.45,1,137098
739313,36.57,36.57,34.55,35.3,1,1,10.71,14.14,38.02,0.45,0.3,20007,1,30.68,35.0,1.44,1,137598
739822,36.57,36.57,34.55,35.3,1,1,10.71,14.12,38.02,0.45,0.3,20007,1,30.68,35.0,1.44,1,138098
740331,36.57,36.57,34.55,35.3,1,1,10.71,14.12,38.02,0.45,0.3,20007,1,30.68,35.0,1.44,1,138598
740840,36.57,36.57,34.55,35.3,1,1,10.71,14.12,38.02,0.45,0.3,20007,1,30.68,35.0,1.44,1,139098
741349,36.26,36.41,34.55,35.3,1,1,11.09,13.99,38.02,0.45,0.3,20007,1,30.68,35.0,1.6,1,139598
741858,35.95,36.34,34.55,35.3,1,1,11.64,13.99,38.02,0.45,0.3,20007,1,30.66,35.0,1.67,1,140098
742367,35.95,36.15,34.55,35.3,1,1,11.64,13.85,38.02,0.45,0.3,20007,1,30.66,35.0,1.86,1,140598
742876,35.77,36.05,34.55,35.3,1,1,11.93,13.85,38.02,0.45,0.3,20007,1,30.66,35.0,1.96,1,141098
743385,35.59,35.91,34.55,35.3,1,0,12.02,13.77,38.02,0.45,0.3,20007,1,30.69,35.0,2.1,1,141598
743908,35.44,35.75,34.55,35.3,1,0,12.06,13.72,38.02,0.45,0.3,20007,1,30.66,35.0,2.26,1,142098
744417,35.44,35.6,34.55,35.3,1,0,12.06,13.63,38.02,0.45,0.3,20007,1,30.66,35.0,2.41,1,142598
744926,35.44,35.52,34.55,35.3,1,0,12.06,13.63,38.02,0.45,0.3,20007,1,30.66,35.0,2.49,1,143099
745435,35.22,35.37,34.55,35.3,1,0,12.15,13.48,38.02,0.45,0.3,20007,1,30.61,35.0,2.64,1,143600
745944,35.12,35.3,34.55,35.3,1,0,11.75,13.48,38.02,0.45,0.3,20007,1,30.62,35.0,2.71,1,144100
746453,35.12,35.21,34.55,35.3,0,0,11.75,13.45,38.02,0.45,0.3,144600,0,30.62,35.0,2.8,1,0
746962,35.06,35.16,34.4,35.3,0,0,11.38,13.45,35.16,0.6,0.3,144600,0,30.61,35.0,0.0,1,500
747470,35.06,35.11,34.4,35.3,0,0,11.38,13.41,35.11,0.6,0.3,144600,0,30.61,35.0,0.0,1,1000
747979,34.99,35.09,34.4,35.3,0,0,11.58,13.41,35.09,0.6,0.3,144600,0,30.61,35.0,0.0,1,1500
748488,34.99,35.04,34.4,35.3,0,0,11.58,13.38,35.04,0.6,0.3,144600,0,30.61,35.0,0.0,1,2000
748997,35.01,35.01,34.4,35.3,0,0,11.29,13.38,35.01,0.6,0.3,144600,0,30.62,35.0,0.0,1,2500
749506,35.01,35.01,34.4,35.3,0,0,11.29,13.4,35.01,0.6,0.3,144600,0,30.62,35.0,0.0,1,3503
750015,35.01,35.01,34.4,35.3,0,0,11.29,13.4,35.01,0.6,0.3,144600,0,30.62,35.0,0.0,1,4003
750524,35.01,35.01,34.4,35.3,0,0,11.29,13.4,35.01,0.6,0.3,144600,0,30.62,35.0,0.0,1,4503
751033,35.01,35.01,34.4,35.3,0,0,11.29,13.4,35.01,0.6,0.3,144600,0,30.62,35.0,0.0,1,5003
751542,35.06,35.04,34.4,35.3,0,0,10.87,13.45,35.01,0.6,0.3,144600,0,30.65,35.0,0.02,1,5503
752053,35.06,35.05,34.4,35.3,0,0,10.87,13.45,35.01,0.6,0.3,144600,0,30.65,35.0,0.04,1,6003
752562,35.06,35.06,34.4,35.3,0,0,11.18,13.41,35.01,0.6,0.3,144600,0,30.61,35.0,0.04,1,6503
753071,35.1,35.06,34.4,35.3,0,0,10.96,13.41,35.01,0.6,0.3,144600,0,30.61,35.0,0.05,1,7003
753580,35.1,35.08,34.4,35.3,0,0,10.96,13.43,35.01,0.6,0.3,144600,0,30.61,35.0,0.07,1,7503
754089,35.18,35.09,34.4,35.3,0,0,11.2,13.43,35.01,0.6,0.3,144600,0,30.65,35.0,0.08,1,8003
754598,35.18,35.14,34.4,35.3,0,0,11.2,13.5,35.01,0.6,0.3,144600,0,30.65,35.0,0.13,1,8503
755107,35.17,35.15,34.4,35.3,0,0,11.31,13.47,35.01,0.6,0.3,144600,0,30.62,35.0,0.14,1,9014
755616,35.17,35.16,34.4,35.3,0,0,11.31,13.47,35.01,0.6,0.3,144600,1,30.62,35.0,0.15,1,9514
756125,35.17,35.16,34.4,35.3,0,0,11.31,13.47,35.01,0.6,0.3,144600,1,30.62,35.0,0.15,1,10014
756634,35.17,35.16,34.4,35.3,0,0,11.31,13.47,35.01,0.6,0.3,144600,1,30.62,35.0,0.15,1,10514
757143,35.17,35.16,34.4,35.3,0,0,11.47,13.48,35.01,0.6,0.3,144600,1,30.63,35.0,0.15,1,11014
757652,35.22,35.19,34.4,35.3,0,0,11.73,13.5,35.01,0.6,0.3,144600,1,30.62,35.0,0.18,1,11514
758161,35.22,35.21,34.4,35.3,0,0,11.73,13.5,35.01,0.6,0.3,144600,1,30.62,35.0,0.2,1,12014
758670,35.22,35.21,34.4,35.3,0,0,11.73,13.5,35.01,0.6,0.3,144600,1,30.62,35.0,0.2,1,12514
759179,35.22,35.22,34.4,35.3,0,0,11.73,13.5,35.01,0.6,0.3,144600,1,30.62,35.0,0.21,1,13014
759688,35.31,35.27,34.4,35.3,0,0,11.86,13.55,35.01,0.6,0.3,144600,1,30.63,35.0,0.25,1,13514
760198,35.31,35.29,34.4,35.3,0,0,11.86,13.55,35.01,0.6,0.3,144600,1,30.63,35.0,0.28,1,14014
760708,35.39,35.3,34.4,35.3,0,0,12.09,13.55,35.01,0.6,0.3,144600,1,30.63,35.0,0.29,1,14514
761217,35.39,35.34,34.4,35.3,0,0,12.09,13.58,35.01,0.6,0.3,144600,1,30.63,35.0,0.33,1,15014
761726,35.41,35.36,34.4,35.3,0,0,12.17,13.58,35.01,0.6,0.3,144600,1,30.65,35.0,0.35,1,15514
762235,35.41,35.39,34.4,35.3,0,0,12.17,13.6,35.01,0.6,0.3,144600,1,30.65,35.0,0.38,1,16014
762744,35.46,35.42,34.4,35.3,0,0,12.42,13.62,35.01,0.6,0.3,144600,1,30.65,35.0,0.41,1,16514
763253,35.46,35.44,34.4,35.3,0,0,12.42,13.62,35.01,0.6,0.3,144600,1,30.65,35.0,0.43,1,17014
763762,35.46,35.45,34.4,35.3,0,0,12.42,13.62,35.01,0.6,0.3,144600,1,30.65,35.0,0.44,1,17514
764271,35.46,35.45,34.4,35.3,0,0,12.42,13.62,35.01,0.6,0.3,144600,1,30.65,35.0,0.44,1,18018
764780,35.53,35.49,34.4,35.3,0,0,12.7,13.65,35.01,0.6,0.3,144600,1,30.65,35.0,0.48,1,18519
765289,35.53,35.51,34.4,35.3,0,0,12.7,13.65,35.01,0.6,0.3,144600,1,30.65,35.0,0.5,1,19019
765798,35.62,35.57,34.4,35.3,0,0,12.99,13.7,35.01,0.6,0.3,144600,1,30.66,35.0,0.56,1,19519
766307,35.62,35.59,34.4,35.3,1,0,12.99,13.7,35.01,0.6,0.3,20019,0,30.66,35.0,0.58,0,0
766815,35.74,35.61,34.4,35.3,1,0,12.94,13.7,35.61,0.6,0.3,20019,0,30.66,35.0,0.0,0,500
767324,35.74,35.67,34.4,35.3,1,0,12.94,13.75,35.67,0.6,0.3,20019,0,30.66,35.0,0.0,0,1000
767833,35.74,35.7,34.4,35.3,1,0,12.94,13.75,35.7,0.6,0.3,20019,0,30.66,35.0,0.0,0,1500
768342,35.81,35.72,34.4,35.3,1,0,13.23,13.75,35.72,0.6,0.3,20019,0,30.69,35.0,0.0,0,2000
768856,35.85,35.77,34.4,35.3,1,0,13.27,13.81,35.77,0.6,0.3,20019,0,30.65,35.0,0.0,0,2500
769365,35.85,35.81,34.4,35.3,1,0,13.27,13.79,35.81,0.6,0.3,20019,0,30.65,35.0,0.0,0,3000
769874,35.85,35.83,34.4,35.3,1,0,13.27,13.79,35.83,0.6,0.3,20019,0,30.65,35.0,0.0,0,3500
770383,35.92,35.88,34.4,35.3,1,0,13.64,13.82,35.88,0.6,0.3,20019,0,30.65,35.0,0.0,0,4000
770892,35.93,35.9,34.4,35.3,1,0,13.31,13.82,35.9,0.6,0.3,20019,0,30.68,35.0,0.0,0,4500
771401,36.01,35.91,34.4,35.3,1,0,13.45,13.85,35.91,0.6,0.3,20019,0,30.66,35.0,0.0,0,5000
771910,36.01,35.96,34.4,35.3,1,0,13.45,13.87,35.96,0.6,0.3,20019,0,30.66,35.0,0.0,0,5500
772418,36.01,35.99,34.4,35.3,1,0,13.66,13.9,35.99,0.6,0.3,20019,0,30.69,35.0,0.0,0,6010
772926,36.01,36.0,34.4,35.3,1,0,13.49,13.9,36.0,0.6,0.3,20019,0,30.68,35.0,0.0,0,6510
773434,36.01,36.01,34.4,35.3,1,0,13.62,13.89,36.01,0.6,0.3,20019,0,30.68,35.0,0.0,0,7013
773943,36.04,36.01,34.4,35.3,1,0,13.62,13.89,36.01,0.6,0.3,20019,0,30.68,35.0,0.0,0,7513
774452,36.04,36.03,34.4,35.3,1,0,13.62,13.9,36.03,0.6,0.3,20019,0,30.68,35.0,0.0,0,8013
774961,36.12,36.03,34.4,35.3,1,0,13.82,13.9,36.03,0.6,0.3,20019,0,30.69,35.0,0.0,0,8514
775470,36.09,36.08,34.4,35.3,1,0,13.42,13.94,36.08,0.6,0.3,20019,0,30.69,35.0,0.0,0,9015
775979,36.09,36.08,34.4,35.3,1,0,13.42,13.93,36.08,0.6,0.3,20019,0,30.69,35.0,0.0,0,9516
776488,36.15,36.09,34.4,35.3,1,0,13.47,13.93,36.09,0.6,0.3,20019,0,30.72,35.0,0.0,0,10016
776997,36.15,36.12,34.4,35.3,1,0,13.47,13.98,36.12,0.6,0.3,20019,0,30.72,35.0,0.0,0,10516
777506,36.16,36.13,34.4,35.3,1,0,13.58,13.98,36.13,0.6,0.3,20019,0,30.68,35.0,0.0,0,11016
778015,36.21,36.15,34.4,35.3,1,0,13.62,13.95,36.15,0.6,0.3,20019,0,30.69,35.0,0.0,0,11516
778524,36.21,36.18,34.4,35.3,1,0,13.62,13.98,36.18,0.6,0.3,20019,0,30.69,35.0,0.0,0,12016
779033,36.26,36.19,34.4,35.3,1,0,13.45,13.98,36.19,0.6,0.3,20019,0,30.69,35.0,0.0,0,12516
779542,36.26,36.25,34.4,35.3,1,0,13.45,14.0,36.25,0.6,0.3,20019,0,30.69,35.0,0.0,0,13520
780051,36.26,36.26,34.4,35.3,1,0,13.45,14.0,36.26,0.6,0.3,20019,0,30.69,35.0,0.0,0,14020
780560,36.28,36.27,34.4,35.3,1,0,13.38,14.02,36.27,0.6,0.3,20019,0,30.7,35.0,0.0,0,14520
781069,36.28,36.27,34.4,35.3,1,0,13.38,14.02,36.27,0.6,0.3,20019,0,30.7,35.0,0.0,0,15020
781578,36.3,36.28,34.4,35.3,1,0,13.51,14.06,36.28,0.6,0.3,20019,0,30.73,35.0,0.0,0,15520
782087,36.34,36.31,34.4,35.3,1,0,12.99,14.05,36.31,0.6,0.3,20019,0,30.7,35.0,0.0,0,16020
782596,36.34,36.32,34.4,35.3,1,0,12.99,14.05,36.32,0.6,0.3,20019,0,30.7,35.0,0.0,0,16523
783105,36.34,36.33,34.4,35.3,1,0,12.99,14.05,36.33,0.6,0.3,20019,0,30.7,35.0,0.0,0,17023
783614,36.34,36.33,34.4,35.3,1,0,13.16,14.04,36.33,0.6,0.3,20019,0,30.69,35.0,0.0,0,17523
784123,36.34,36.34,34.4,35.3,1,0,13.16,14.04,36.34,0.6,0.3,20019,0,30.69,35.0,0.0,0,18023
784632,36.41,36.37,34.4,35.3,1,0,13.21,14.08,36.37,0.6,0.3,20019,0,30.7,35.0,0.0,0,18523
785141,36.41,36.39,34.4,35.3,1,0,13.21,14.08,36.39,0.6,0.3,20019,0,30.7,35.0,0.0,0,19023
785650,36.43,36.41,34.4,35.3,1,0,13.1,14.11,36.41,0.6,0.3,20019,0,30.73,35.0,0.0,0,19523
786159,36.46,36.43,34.4,35.3,1,0,13.27,14.11,36.43,0.6,0.3,20019,0,30.72,35.0,0.0,0,20023
786668,36.46,36.44,34.4,35.3,1,0,13.27,14.11,36.44,0.6,0.3,20019,0,30.72,35.0,0.0,0,20523
787176,36.53,36.49,34.4,35.3,1,0,13.16,14.15,36.49,0.6,0.3,20019,0,30.73,35.0,0.0,0,21023
787684,36.5,36.51,34.4,35.3,1,0,13.01,14.15,36.51,0.6,0.3,20019,0,30.73,35.0,0.0,0,21523
788192,36.5,36.5,34.4,35.3,1,0,13.01,14.14,36.51,0.6,0.3,20019,0,30.73,35.0,0.0,0,22023
788701,36.59,36.55,34.4,35.3,1,0,13.12,14.18,36.55,0.6,0.3,20019,0,30.73,35.0,0.0,0,22523
789210,36.56,36.55,34.4,35.3,1,0,12.96,14.17,36.55,0.6,0.3,20019,0,30.73,35.0,0.0,0,23023
789719,36.57,36.56,34.4,35.3,1,0,12.94,14.16,36.56,0.6,0.3,20019,0,30.72,35.0,0.0,0,23523
790228,36.62,36.57,34.4,35.3,1,0,12.77,14.16,36.57,0.6,0.3,20019,0,30.75,35.0,0.0,0,24023
790737,36.6,36.59,34.4,35.3,1,0,12.61,14.2,36.59,0.6,0.3,20019,0,30.73,35.0,0.0,0,24523
791246,36.6,36.6,34.4,35.3,1,0,12.61,14.19,36.6,0.6,0.3,20019,0,30.73,35.0,0.0,0,25023
791755,36.69,36.6,34.4,35.3,1,0,12.77,14.19,36.6,0.6,0.3,20019,0,30.7,35.0,0.0,0,25523
792264,36.69,36.64,34.4,35.3,1,0,12.77,14.19,36.64,0.6,0.3,20019,0,30.7,35.0,0.0,0,26023
792773,36.69,36.67,34.4,35.3,1,0,12.77,14.19,36.67,0.6,0.3,20019,0,30.7,35.0,0.0,0,26523
793282,36.71,36.68,34.4,35.3,1,0,12.75,14.19,36.68,0.6,0.3,20019,0,30.73,35.0,0.0,0,27023
793791,36.71,36.69,34.4,35.3,1,0,12.75,14.23,36.69,0.6,0.3,20019,0,30.73,35.0,0.0,0,27523
794300,36.72,36.71,34.4,35.3,1,0,12.66,14.26,36.71,0.6,0.3,20019,0,30.76,35.0,0.0,0,28023
794809,36.72,36.71,34.4,35.3,1,0,12.66,14.26,36.71,0.6,0.3,20019,0,30.76,35.0,0.0,0,28523
795318,36.8,36.72,34.4,35.3,1,0,12.83,14.26,36.72,0.6,0.3,20019,0,30.75,35.0,0.0,0,29023
795827,36.8,36.76,34.4,35.3,1,0,12.83,14.28,36.76,0.6,0.3,20019,0,30.75,35.0,0.0,0,29523
796336,36.8,36.78,34.4,35.3,1,0,12.55,14.28,36.78,0.6,0.3,20019,0,30.76,35.0,0.0,0,30023
796845,36.8,36.79,34.4,35.3,1,0,12.55,14.29,36.79,0.6,0.3,20019,0,30.76,35.0,0.0,0,30523
797354,36.84,36.79,34.4,35.3,1,0,12.5,14.29,36.79,0.6,0.3,20019,0,30.73,35.0,0.0,0,31023
797863,36.82,36.81,34.4,35.3,1,0,12.53,14.28,36.81,0.6,0.3,20019,0,30.75,35.0,0.0,0,31523
798371,36.82,36.82,34.4,35.3,1,0,12.53,14.29,36.82,0.6,0.3,20019,0,30.75,35.0,0.0,0,32023
798880,36.88,36.82,34.4,35.3,1,0,12.53,14.29,36.82,0.6,0.3,20019,0,30.75,35.0,0.0,0,32523
799389,36.9,36.85,34.4,35.3,1,0,12.39,14.31,36.85,0.6,0.3,20019,0,30.76,35.0,0.0,0,33023
799898,36.9,36.87,34.4,35.3,1,0,12.39,14.33,36.87,0.6,0.3,20019,0,30.76,35.0,0.0,0,33523
800407,36.9,36.88,34.4,35.3,1,0,12.13,14.33,36.88,0.6,0.3,20019,0,30.76,35.0,0.0,0,34029
800916,36.96,36.89,34.4,35.3,1,0,12.28,14.33,36.89,0.6,0.3,20019,0,30.76,35.0,0.0,0,34529
801425,36.94,36.92,34.4,35.3,1,0,12.28,14.36,36.92,0.6,0.3,20019,0,30.76,35.0,0.0,0,35029
801941,36.98,36.93,34.4,35.3,1,0,12.37,14.35,36.93,0.6,0.3,20019,0,30.76,35.0,0.0,0,35529
802450,36.98,36.96,34.4,35.3,1,0,12.37,14.37,36.96,0.6,0.3,20019,0,30.76,35.0,0.0,0,36029
802959,36.98,36.97,34.4,35.3,1,0,12.37,14.37,36.97,0.6,0.3,20019,0,30.76,35.0,0.0,0,36529
803468,37.04,36.98,34.4,35.3,1,0,11.86,14.37,36.98,0.6,0.3,20019,0,30.76,35.0,0.0,0,37029
803977,37.04,37.01,34.4,35.3,1,0,11.86,14.39,37.01,0.6,0.3,20019,0,30.76,35.0,0.0,0,37529
804486,37.04,37.03,34.4,35.3,1,0,11.86,14.39,37.03,0.6,0.3,20019,0,30.76,35.0,0.0,0,38029
804995,37.03,37.03,34.4,35.3,1,0,12.17,14.39,37.03,0.6,0.3,20019,0,30.78,35.0,0.0,0,38529
805504,37.03,37.03,34.4,35.3,1,0,12.17,14.4,37.03,0.6,0.3,20019,0,30.78,35.0,0.0,0,39029
806013,37.06,37.03,34.4,35.3,1,0,12.17,14.4,37.03,0.6,0.3,20019,0,30.76,35.0,0.0,0,39529
806522,37.06,37.04,34.4,35.3,1,0,12.17,14.4,37.04,0.6,0.3,20019,0,30.76,35.0,0.0,0,40029
807031,37.1,37.07,34.4,35.3,1,0,11.8,14.42,37.07,0.6,0.3,20019,0,30.76,35.0,0.0,0,40541
807540,37.04,37.09,34.4,35.3,1,0,12.09,14.42,37.09,0.6,0.3,20019,0,30.76,35.0,0.0,0,41041
808049,37.12,37.06,34.4,35.3,1,0,12.11,14.39,37.09,0.6,0.3,20019,0,30.78,35.0,0.02,0,41541
808557,37.12,37.09,34.4,35.3,1,0,12.11,14.44,37.09,0.6,0.3,20019,0,30.78,35.0,0.0,0,42041
809066,37.18,37.14,34.4,35.3,1,0,11.6,14.48,37.14,0.6,0.3,20019,0,30.79,35.0,0.0,0,43044
809575,37.18,37.16,34.4,35.3,1,0,11.6,14.48,37.16,0.6,0.3,20019,0,30.79,35.0,0.0,0,43544
810084,37.14,37.15,34.4,35.3,1,0,12.06,14.44,37.16,0.6,0.3,20019,0,30.76,35.0,0.0,0,44044
810593,37.14,37.15,34.4,35.3,1,0,12.06,14.44,37.16,0.6,0.3,20019,0,30.76,35.0,0.01,0,44544
811102,37.19,37.17,34.4,35.3,1,0,11.93,14.47,37.17,0.6,0.3,20019,0,30.78,35.0,0.0,0,45044
811610,37.19,37.18,34.4,35.3,1,0,11.93,14.47,37.18,0.6,0.3,20019,0,30.78,35.0,0.0,0,45544
812119,37.23,37.2,34.4,35.3,1,0,11.73,14.49,37.2,0.6,0.3,20019,0,30.78,35.0,0.0,0,46044
812628,37.2,37.2,34.4,35.3,1,0,11.82,14.49,37.2,0.6,0.3,20019,0,30.79,35.0,0.0,0,46544
813137,37.2,37.2,34.4,35.3,1,0,11.82,14.49,37.2,0.6,0.3,20019,0,30.79,35.0,0.0,0,47044
813646,37.26,37.23,34.4,35.3,1,0,11.8,14.51,37.23,0.6,0.3,20019,0,30.79,35.0,0.0,0,47544
814155,37.25,37.24,34.4,35.3,1,0,11.56,14.5,37.24,0.6,0.3,20019,0,30.79,35.0,0.0,0,48044
814664,37.26,37.25,34.4,35.3,1,0,11.69,14.51,37.25,0.6,0.3,20019,0,30.79,35.0,0.0,0,48544
815173,37.26,37.26,34.4,35.3,1,0,11.58,14.51,37.26,0.6,0.3,20019,0,30.79,35.0,0.0,0,49061
815682,37.26,37.26,34.4,35.3,1,0,11.58,14.51,37.26,0.6,0.3,20019,0,30.79,35.0,0.0,0,49561
816191,37.29,37.28,34.4,35.3,1,0,11.64,14.52,37.28,0.6,0.3,20019,0,30.79,35.0,0.0,0,50061
816700,37.29,37.29,34.4,35.3,1,0,11.64,14.52,37.29,0.6,0.3,20019,0,30.79,35.0,0.0,0,50561
817209,37.32,37.3,34.4,35.3,1,0,11.67,14.54,37.3,0.6,0.3,20019,0,30.79,35.0,0.0,0,51061
817718,37.36,37.33,34.4,35.3,1,0,11.56,14.55,37.33,0.6,0.3,20019,0,30.79,35.0,0.0,0,51561
818227,37.36,37.35,34.4,35.3,1,0,11.56,14.55,37.35,0.6,0.3,20019,0,30.79,35.0,0.0,0,52061
818736,37.34,37.36,34.4,35.3,1,0,11.56,14.55,37.36,0.6,0.3,20019,0,30.78,35.0,0.0,0,52561
819244,37.34,37.35,34.4,35.3,1,0,11.56,14.53,37.36,0.6,0.3,20019,0,30.78,35.0,0.01,0,53061
819753,37.35,37.35,34.4,35.3,1,0,11.44,14.55,37.36,0.6,0.3,20019,0,30.79,35.0,0.0,0,53561
820262,37.35,37.35,34.4,35.3,1,0,11.44,14.55,37.36,0.6,0.3,20019,0,30.79,35.0,0.0,0,54061
820771,37.38,37.35,34.4,35.3,1,0,11.31,14.55,37.36,0.6,0.3,20019,0,30.79,35.0,0.0,0,54561
821280,37.38,37.36,34.4,35.3,1,0,11.31,14.56,37.36,0.6,0.3,20019,0,30.79,35.0,0.0,0,55061
821789,37.38,37.37,34.4,35.3,1,0,11.42,14.56,37.37,0.6,0.3,20019,0,30.78,35.0,0.0,0,55564
822298,37.38,37.37,34.4,35.3,1,0,11.42,14.55,37.37,0.6,0.3,20019,0,30.78,35.0,0.0,0,56064
822807,37.41,37.38,34.4,35.3,1,0,11.36,14.55,37.38,0.6,0.3,20019,0,30.79,35.0,0.0,0,56564
823316,37.41,37.39,34.4,35.3,1,0,11.36,14.57,37.39,0.6,0.3,20019,0,30.79,35.0,0.0,0,57064
823825,37.44,37.42,34.4,35.3,1,0,11.42,14.6,37.42,0.6,0.3,20019,0,30.8,35.0,0.0,0,57564
824334,37.44,37.43,34.4,35.3,1,0,11.42,14.6,37.43,0.6,0.3,20019,0,30.8,35.0,0.0,0,58064
824843,37.41,37.42,34.4,35.3,1,0,10.98,14.57,37.43,0.6,0.3,20019,0,30.79,35.0,0.0,0,58564
825351,37.45,37.44,34.4,35.3,1,0,11.44,14.58,37.44,0.6,0.3,20019,0,30.78,35.0,0.0,0,59064
825859,37.43,37.44,34.4,35.3,1,0,11.24,14.58,37.44,0.6,0.3,20019,0,30.82,35.0,0.0,0,59564
826367,37.43,37.44,34.4,35.3,1,0,11.24,14.6,37.44,0.6,0.3,20019,0,30.82,35.0,0.0,0,60064
826876,37.48,37.43,34.4,35.3,1,0,11.4,14.6,37.44,0.6,0.3,20019,0,30.79,35.0,0.01,0,60564
827385,37.48,37.46,34.4,35.3,1,0,11.4,14.6,37.46,0.6,0.3,20019,0,30.79,35.0,0.0,0,61064
827894,37.44,37.47,34.4,35.3,1,0,11.09,14.6,37.47,0.6,0.3,20019,0,30.78,35.0,0.0,0,61564
828403,37.44,37.45,34.4,35.3,1,0,11.09,14.57,37.47,0.6,0.3,20019,0,30.78,35.0,0.01,0,62064
828917,37.47,37.44,34.4,35.3,1,0,11.13,14.57,37.47,0.6,0.3,20019,0,30.8,35.0,0.02,0,62564
829426,37.47,37.46,34.4,35.3,1,0,11.13,14.61,37.47,0.6,0.3,20019,0,30.8,35.0,0.01,0,63064
829935,37.5,37.46,34.4,35.3,1,0,11.04,14.61,37.47,0.6,0.3,20019,0,30.8,35.0,0.0,0,63564
830444,37.5,37.48,34.4,35.3,1,0,11.04,14.62,37.48,0.6,0.3,20019,0,30.8,35.0,0.0,0,64064
830953,37.48,37.48,34.4,35.3,1,0,11.07,14.63,37.48,0.6,0.3,20019,0,30.82,35.0,0.0,0,64564
831462,37.48,37.48,34.4,35.3,1,0,11.07,14.63,37.48,0.6,0.3,20019,0,30.82,35.0,0.0,0,65064
831971,37.53,37.5,34.4,35.3,1,0,10.78,14.62,37.5,0.6,0.3,20019,0,30.79,35.0,0.0,0,65566
832479,37.53,37.52,34.4,35.3,1,0,10.78,14.62,37.52,0.6,0.3,20019,0,30.79,35.0,0.0,0,66066
832988,37.53,37.52,34.4,35.3,1,0,10.78,14.62,37.52,0.6,0.3,20019,0,30.79,35.0,0.0,0,66566
833497,37.53,37.52,34.4,35.3,1,0,10.93,14.62,37.52,0.6,0.3,20019,0,30.8,35.0,0.0,0,67066
834006,37.54,37.52,34.4,35.3,1,0,10.71,14.63,37.52,0.6,0.3,20019,0,30.83,35.0,0.0,0,67566
834515,37.54,37.53,34.4,35.3,1,0,10.71,14.67,37.53,0.6,0.3,20019,0,30.83,35.0,0.0,0,68066
835029,37.52,37.54,34.4,35.3,1,0,10.84,14.67,37.54,0.6,0.3,20019,0,30.83,35.0,0.0,0,68566
835538,37.52,37.53,34.4,35.3,1,0,10.84,14.65,37.54,0.6,0.3,20019,0,30.83,35.0,0.01,0,69066
836047,37.52,37.52,34.4,35.3,1,0,10.84,14.65,37.54,0.6,0.3,20019,0,30.83,35.0,0.01,0,69566
836556,37.54,37.52,34.4,35.3,1,0,10.62,14.65,37.54,0.6,0.3,20019,0,30.8,35.0,0.02,0,70066
837065,37.54,37.53,34.4,35.3,1,1,10.62,14.64,37.54,0.6,0.3,20019,0,30.8,35.0,0.01,1,70566
837574,37.54,37.53,34.4,35.3,1,1,10.62,14.64,37.54,0.6,0.3,20019,0,30.8,35.0,0.0,1,71068
838083,37.54,37.54,34.4,35.3,1,1,10.62,14.64,37.54,0.6,0.3,20019,0,30.8,35.0,0.0,1,71568
838592,37.57,37.55,34.4,35.3,1,1,11.2,14.65,37.55,0.6,0.3,20019,0,30.8,35.0,0.0,1,72570
839101,37.61,37.58,34.4,35.3,1,1,11.27,14.68,37.58,0.6,0.3,20019,0,30.82,35.0,0.0,1,73070
839610,37.61,37.6,34.4,35.3,1,1,11.27,14.68,37.6,0.6,0.3,20019,0,30.82,35.0,0.0,1,73570
840123,37.61,37.61,34.4,35.3,1,1,11.27,14.68,37.61,0.6,0.3,20019,0,30.82,35.0,0.0,1,74070
840632,37.61,37.61,34.4,35.3,1,1,11.27,14.68,37.61,0.6,0.3,20019,0,30.82,35.0,0.0,1,74570
841141,37.32,37.47,34.4,35.3,1,1,12.06,14.54,37.61,0.6,0.3,20019,0,30.79,35.0,0.14,1,75070
841650,37.09,37.28,34.4,35.3,1,1,12.11,14.44,37.61,0.6,0.3,20019,1,30.79,35.0,0.33,1,75570
842159,37.09,37.18,34.4,35.3,1,1,12.11,14.44,37.61,0.6,0.3,20019,1,30.79,35.0,0.42,1,76070
842668,36.72,36.95,34.4,35.3,1,0,12.53,14.27,37.61,0.6,0.3,20019,1,30.78,35.0,0.65,1,76571
843177,36.49,36.72,34.4,35.3,1,0,12.55,14.15,37.61,0.6,0.3,20019,1,30.75,35.0,0.89,1,77072
843686,36.49,36.6,34.4,35.3,1,0,12.55,14.15,37.61,0.6,0.3,20019,1,30.75,35.0,1.0,1,77572
844195,36.28,36.54,34.4,35.3,1,0,12.55,14.15,37.61,0.6,0.3,20019,1,30.72,35.0,1.06,1,78072
844704,36.28,36.41,34.4,35.3,1,0,12.55,14.03,37.61,0.6,0.3,20019,1,30.72,35.0,1.19,1,78572
845213,36.21,36.31,34.4,35.3,1,0,12.26,14.03,37.61,0.6,0.3,20019,1,30.75,35.0,1.29,1,79072
845722,36.05,36.26,34.4,35.3,1,0,12.09,14.03,37.61,0.6,0.3,20019,1,30.72,35.0,1.34,1,79572
846231,36.05,36.15,34.4,35.3,1,0,12.09,13.93,37.61,0.6,0.3,20019,1,30.72,35.0,1.45,1,80072
846740,35.98,36.1,34.4,35.3,1,0,11.93,13.93,37.61,0.6,0.3,20019,1,30.72,35.0,1.5,1,80572
847249,35.96,36.04,34.4,35.3,1,0,11.86,13.9,37.61,0.6,0.3,20019,1,30.72,35.0,1.57,1,81072
847758,35.96,36.0,34.4,35.3,1,0,11.86,13.9,37.61,0.6,0.3,20019,1,30.72,35.0,1.6,1,81572
848267,35.91,35.96,34.4,35.3,1,0,11.56,13.85,37.61,0.6,0.3,20019,1,30.69,35.0,1.65,1,82072
848776,35.89,35.93,34.4,35.3,1,0,12.26,13.85,37.61,0.6,0.3,20019,1,30.72,35.0,1.67,1,82572
849285,35.89,35.91,34.4,35.3,1,0,12.26,13.87,37.61,0.6,0.3,20019,1,30.72,35.0,1.69,1,83072
849794,35.89,35.9,34.4,35.3,1,0,12.26,13.87,37.61,0.6,0.3,20019,1,30.72,35.0,1.71,1,83572
850303,35.9,35.9,34.4,35.3,1,0,11.49,13.86,37.61,0.6,0.3,20019,1,30.7,35.0,1.71,1,84072
850812,35.9,35.9,34.4,35.3,1,0,11.49,13.86,37.61,0.6,0.3,20019,1,30.7,35.0,1.71,1,84572
851321,35.93,35.91,34.4,35.3,1,0,10.89,13.86,37.61,0.6,0.3,20019,1,30.69,35.0,1.69,1,85072
851830,35.93,35.92,34.4,35.3,1,0,10.89,13.86,37.61,0.6,0.3,20019,1,30.69,35.0,1.68,1,85572
852339,36.0,35.96,34.4,35.3,1,0,11.2,13.9,37.61,0.6,0.3,20019,1,30.7,35.0,1.64,1,86072
852848,36.0,35.98,34.4,35.3,1,0,11.2,13.9,37.61,0.6,0.3,20019,1,30.7,35.0,1.62,1,86572
853357,36.06,36.02,34.4,35.3,1,0,11.07,13.93,37.61,0.6,0.3,20019,1,30.7,35.0,1.58,1,87072
853866,36.06,36.04,34.4,35.3,1,0,11.07,13.93,37.61,0.6,0.3,20019,1,30.7,35.0,1.56,1,87572
854375,36.09,36.07,34.4,35.3,1,0,11.16,13.98,37.61,0.6,0.3,20019,1,30.75,35.0,1.54,1,88072
854884,36.15,36.08,34.4,35.3,1,0,11.02,13.98,37.61,0.6,0.3,20019,1,30.7,35.0,1.52,1,88572
855393,36.15,36.11,34.4,35.3,1,0,11.02,13.97,37.61,0.6,0.3,20019,1,30.7,35.0,1.49,1,89072
855902,36.15,36.13,34.4,35.3,1,0,11.02,13.97,37.61,0.6,0.3,20019,1,30.7,35.0,1.47,1,89572
856411,36.22,36.14,34.4,35.3,1,0,11.0,13.97,37.61,0.6,0.3,20019,1,30.7,35.0,1.47,1,90072
856920,36.24,36.18,34.4,35.3,1,0,10.82,14.0,37.61,0.6,0.3,20019,1,30.73,35.0,1.43,1,90572
857429,36.25,36.21,34.4,35.3,1,0,10.8,14.03,37.61,0.6,0.3,20019,1,30.72,35.0,1.4,1,91072
857937,36.25,36.23,34.4,35.3,1,0,10.8,14.02,37.61,0.6,0.3,20019,1,30.72,35.0,1.37,1,91572
858446,36.25,36.24,34.4,35.3,1,0,10.8,14.02,37.61,0.6,0.3,20019,1,30.72,35.0,1.36,1,92072
858955,36.33,36.25,34.4,35.3,1,0,10.82,14.02,37.61,0.6,0.3,20019,1,30.72,35.0,1.36,1,92572
859464,36.33,36.29,34.4,35.3,1,0,10.84,14.05,37.61,0.6,0.3,20019,1,30.75,35.0,1.32,1,93072
859973,36.33,36.31,34.4,35.3,1,0,10.84,14.08,37.61,0.6,0.3,20019,1,30.75,35.0,1.3,1,93572
860482,36.36,36.33,34.4,35.3,1,0,10.69,14.08,37.61,0.6,0.3,20019,1,30.73,35.0,1.27,1,94072
860991,36.46,36.34,34.4,35.3,1,0,10.76,14.08,37.61,0.6,0.3,20019,1,30.72,35.0,1.26,1,94572
861500,36.46,36.4,34.4,35.3,1,0,10.76,14.11,37.61,0.6,0.3,20019,1,30.72,35.0,1.2,1,95072
862009,36.5,36.43,34.4,35.3,1,0,10.58,14.11,37.61,0.6,0.3,20019,1,30.72,35.0,1.18,1,95572
862518,36.47,36.46,34.4,35.3,1,0,10.6,14.13,37.61,0.6,0.3,20019,1,30.73,35.0,1.14,1,96072
863027,36.47,36.47,34.4,35.3,1,0,10.6,14.13,37.61,0.6,0.3,20019,1,30.73,35.0,1.14,1,96572
863536,36.54,36.47,34.4,35.3,1,0,10.55,14.13,37.61,0.6,0.3,20019,1,30.75,35.0,1.13,1,97072
864045,36.54,36.51,34.4,35.3,1,0,10.55,14.17,37.61,0.6,0.3,20019,1,30.75,35.0,1.1,1,97572
864554,36.63,36.52,34.4,35.3,1,0,11.27,14.17,37.61,0.6,0.3,20019,1,30.75,35.0,1.08,1,98072
865063,36.62,36.58,34.4,35.3,1,0,11.2,14.21,37.61,0.6,0.3,20019,1,30.76,35.0,1.03,1,98572
865572,36.62,36.6,34.4,35.3,1,0,11.2,14.22,37.61,0.6,0.3,20019,1,30.76,35.0,1.01,1,99072
866081,36.62,36.61,34.4,35.3,1,0,11.2,14.22,37.61,0.6,0.3,20019,1,30.76,35.0,1.0,1,99572
866590,36.62,36.61,34.4,35.3,1,0,11.2,14.22,37.61,0.6,0.3,20019,1,30.76,35.0,0.99,1,100072
867099,36.62,36.62,34.4,35.3,1,0,11.2,14.22,37.61,0.6,0.3,20019,1,30.76,35.0,0.99,1,101077
867608,36.62,36.62,34.4,35.3,1,0,11.2,14.22,37.61,0.6,0.3,20019,1,30.76,35.0,0.99,1,101577
868117,36.62,36.62,34.4,35.3,1,0,11.2,14.22,37.61,0.6,0.3,20019,1,30.76,35.0,0.99,1,102077
868626,36.72,36.67,34.4,35.3,1,0,10.33,14.25,37.61,0.6,0.3,20019,1,30.75,35.0,0.94,1,102577
869135,36.69,36.68,34.4,35.3,1,0,10.35,14.23,37.61,0.6,0.3,20019,1,30.75,35.0,0.92,1,103077
869644,36.69,36.69,34.4,35.3,1,0,10.35,14.23,37.61,0.6,0.3,20019,1,30.75,35.0,0.92,1,103577
870153,36.69,36.69,34.4,35.3,1,0,10.38,14.25,37.61,0.6,0.3,20019,1,30.76,35.0,0.92,1,104077
870662,36.69,36.69,34.4,35.3,1,0,10.38,14.25,37.61,0.6,0.3,20019,1,30.76,35.0,0.91,1,104577
871171,36.74,36.71,34.4,35.3,1,0,10.33,14.26,37.61,0.6,0.3,20019,1,30.76,35.0,0.89,1,105077
871680,36.74,36.72,34.4,35.3,1,0,10.33,14.26,37.61,0.6,0.3,20019,1,30.76,35.0,0.88,1,105577
872189,36.76,36.74,34.4,35.3,1,0,10.53,14.28,37.61,0.6,0.3,20019,1,30.76,35.0,0.86,1,106077
872698,36.76,36.75,34.4,35.3,1,0,10.53,14.28,37.61,0.6,0.3,20019,1,30.76,35.0,0.85,1,106577
873207,36.76,36.76,34.4,35.3,1,0,10.47,14.28,37.61,0.6,0.3,20019,1,30.76,35.0,0.84,1,107077
873716,36.76,36.76,34.4,35.3,1,0,10.47,14.28,37.61,0.6,0.3,20019,1,30.76,35.0,0.84,1,107577
874225,36.75,36.76,34.4,35.3,1,0,10.29,14.27,37.61,0.6,0.3,20019,1,30.76,35.0,0.85,1,108077
874734,36.81,36.75,34.4,35.3,1,0,10.42,14.27,37.61,0.6,0.3,20019,1,30.75,35.0,0.85,1,108577
875243,36.81,36.78,34.4,35.3,1,0,10.42,14.28,37.61,0.6,0.3,20019,1,30.75,35.0,0.82,1,109077
875752,36.8,36.79,34.4,35.3,1,0,10.11,14.28,37.61,0.6,0.3,20019,1,30.79,35.0,0.81,1,109577
876261,36.8,36.8,34.4,35.3,1,1,10.11,14.32,37.61,0.6,0.3,20019,1,30.79,35.0,0.81,1,110077
876770,36.84,36.8,34.4,35.3,1,1,10.17,14.32,37.61,0.6,0.3,20019,1,30.76,35.0,0.81,1,110577
877279,36.84,36.82,34.4,35.3,1,1,10.17,14.31,37.61,0.6,0.3,20019,1,30.76,35.0,0.79,1,111077
877788,36.85,36.83,34.4,35.3,1,1,10.22,14.31,37.61,0.6,0.3,20019,1,30.78,35.0,0.78,1,111577
878297,36.87,36.84,34.4,35.3,1,1,10.67,14.33,37.61,0.6,0.3,20019,1,30.78,35.0,0.76,1,112077
878806,36.87,36.85,34.4,35.3,1,1,10.67,14.33,37.61,0.6,0.3,20019,1,30.78,35.0,0.75,1,112577
879315,36.87,36.86,34.4,35.3,1,1,10.67,14.33,37.61,0.6,0.3,20019,1,30.78,35.0,0.74,1,113077
879824,36.87,36.87,34.4,35.3,1,1,10.67,14.33,37.61,0.6,0.3,20019,1,30.78,35.0,0.74,1,113577
880333,36.87,36.87,34.4,35.3,1,1,10.67,14.33,37.61,0.6,0.3,20019,1,30.78,35.0,0.74,1,114077
880842,36.63,36.75,34.4,35.3,1,1,11.64,14.24,37.61,0.6,0.3,20019,1,30.78,35.0,0.85,1,114577
881351,36.44,36.6,34.4,35.3,1,1,11.78,14.14,37.61,0.6,0.3,20019,1,30.76,35.0,1.01,1,115082
881860,36.44,36.52,34.4,35.3,1,1,11.78,14.14,37.61,0.6,0.3,20019,1,30.76,35.0,1.08,1,115582
882369,36.02,36.48,34.4,35.3,1,1,11.93,14.14,37.61,0.6,0.3,20019,1,30.75,35.0,1.12,1,116082
882879,35.8,36.25,34.4,35.3,1,1,11.78,13.95,37.61,0.6,0.3,20019,1,30.76,35.0,1.35,1,116582
883388,35.8,36.03,34.4,35.3,1,1,11.78,13.87,37.61,0.6,0.3,20019,1,30.76,35.0,1.58,1,117082
883897,35.62,35.92,34.4,35.3,1,1,12.33,13.87,37.61,0.6,0.3,20019,1,30.72,35.0,1.69,1,117582
884406,35.62,35.77,34.4,35.3,1,0,12.33,13.75,37.61,0.6,0.3,20019,1,30.72,35.0,1.83,1,118082
884915,35.46,35.62,34.4,35.3,1,0,12.28,13.67,37.61,0.6,0.3,20019,1,30.7,35.0,1.99,1,118582
885424,35.46,35.54,34.4,35.3,1,0,12.28,13.67,37.61,0.6,0.3,20019,1,30.7,35.0,2.06,1,119082
885933,35.29,35.42,34.4,35.3,1,0,12.37,13.61,37.61,0.6,0.3,20019,1,30.72,35.0,2.19,1,119582
886442,35.29,35.35,34.4,35.3,1,0,12.37,13.61,37.61,0.6,0.3,20019,1,30.72,35.0,2.25,1,120082
886951,35.1,35.32,34.4,35.3,1,0,10.87,13.61,37.61,0.6,0.3,20019,1,30.69,35.0,2.28,1,120582
887460,35.1,35.21,34.4,35.3,0,0,10.87,13.5,37.61,0.6,0.3,121082,0,30.69,35.0,2.4,1,0
887969,34.99,35.15,34.25,35.3,0,0,11.71,13.5,35.15,0.75,0.3,121082,0,30.68,35.0,0.0,1,503
888478,34.99,35.07,34.25,35.3,0,0,11.71,13.44,35.07,0.75,0.3,121082,0,30.68,35.0,0.0,1,1004
888987,34.99,35.03,34.25,35.3,0,0,11.56,13.44,35.03,0.75,0.3,121082,0,30.68,35.0,0.0,1,1504
889496,34.99,35.01,34.25,35.3,0,0,11.56,13.44,35.01,0.75,0.3,121082,0,30.68,35.0,0.0,1,2004
890005,34.95,34.98,34.25,35.3,0,0,11.13,13.43,34.98,0.75,0.3,121082,0,30.68,35.0,0.0,1,2504
890514,34.93,34.97,34.25,35.3,0,0,11.33,13.43,34.97,0.75,0.3,121082,0,30.66,35.0,0.0,1,3004
891023,34.98,34.95,34.25,35.3,0,0,11.22,13.4,34.95,0.75,0.3,121082,0,30.68,35.0,0.0,1,3504
891532,34.98,34.96,34.25,35.3,0,0,11.22,13.44,34.95,0.75,0.3,121082,0,30.68,35.0,0.01,1,4004
892041,35.02,34.99,34.25,35.3,0,0,11.16,13.44,34.95,0.75,0.3,121082,0,30.66,35.0,0.04,1,4504
892550,35.1,35.01,34.25,35.3,0,0,11.16,13.44,34.95,0.75,0.3,121082,0,30.68,35.0,0.05,1,5004
893065,35.08,35.05,34.25,35.3,0,0,11.16,13.49,34.95,0.75,0.3,121082,0,30.65,35.0,0.1,1,5504
893574,35.08,35.07,34.25,35.3,0,0,11.16,13.46,34.95,0.75,0.3,121082,0,30.65,35.0,0.11,1,6004
894083,35.13,35.07,34.25,35.3,0,0,11.31,13.46,34.95,0.75,0.3,121082,0,30.68,35.0,0.12,1,6504
894592,35.08,35.1,34.25,35.3,0,0,11.4,13.5,34.95,0.75,0.3,121082,0,30.69,35.0,0.14,1,7004
895101,35.13,35.09,34.25,35.3,0,0,11.22,13.5,34.95,0.75,0.3,121082,0,30.68,35.0,0.14,1,7504
895610,35.13,35.12,34.25,35.3,0,0,11.22,13.5,34.95,0.75,0.3,121082,1,30.68,35.0,0.16,1,8506
896119,35.13,35.12,34.25,35.3,0,0,11.22,13.5,34.95,0.75,0.3,121082,1,30.68,35.0,0.17,1,9006
896628,35.14,35.13,34.25,35.3,0,0,11.53,13.49,34.95,0.75,0.3,121082,1,30.66,35.0,0.18,1,9506
897136,35.14,35.14,34.25,35.3,0,0,11.53,13.49,34.95,0.75,0.3,121082,1,30.66,35.0,0.18,1,10006
897645,35.14,35.14,34.25,35.3,0,0,11.53,13.49,34.95,0.75,0.3,121082,1,30.66,35.0,0.18,1,10506
898154,35.22,35.18,34.25,35.3,0,0,11.67,13.56,34.95,0.75,0.3,121082,1,30.7,35.0,0.22,1,11006
898663,35.26,35.22,34.25,35.3,0,0,11.89,13.56,34.95,0.75,0.3,121082,1,30.68,35.0,0.26,1,11506
899172,35.24,35.23,34.25,35.3,0,0,11.71,13.54,34.95,0.75,0.3,121082,1,30.66,35.0,0.28,1,12006
899681,35.27,35.25,34.25,35.3,0,0,12.06,13.57,34.95,0.75,0.3,121082,1,30.68,35.0,0.3,1,12508
900192,35.27,35.26,34.25,35.3,0,0,12.06,13.57,34.95,0.75,0.3,121082,1,30.68,35.0,0.31,1,13008
900701,35.27,35.27,34.25,35.3,0,0,12.06,13.57,34.95,0.75,0.3,121082,1,30.68,35.0,0.31,1,13508
901210,35.3,35.28,34.25,35.3,0,0,12.09,13.6,34.95,0.75,0.3,121082,1,30.7,35.0,0.33,1,14008
901719,35.3,35.29,34.25,35.3,0,0,12.09,13.6,34.95,0.75,0.3,121082,1,30.7,35.0,0.34,1,14508
902228,35.34,35.32,34.25,35.3,0,0,12.24,13.58,34.95,0.75,0.3,121082,1,30.66,35.0,0.36,1,15008
902739,35.34,35.33,34.25,35.3,0,0,12.24,13.58,34.95,0.75,0.3,121082,1,30.66,35.0,0.37,1,15508
903249,35.42,35.34,34.25,35.3,0,0,12.33,13.58,34.95,0.75,0.3,121082,1,30.69,35.0,0.38,1,16008
903758,35.45,35.38,34.25,35.3,0,0,12.53,13.64,34.95,0.75,0.3,121082,1,30.69,35.0,0.42,1,16508
904267,35.45,35.41,34.25,35.3,0,0,12.53,13.65,34.95,0.75,0.3,121082,1,30.69,35.0,0.46,1,17008
904776,35.43,35.42,34.25,35.3,0,0,12.66,13.65,34.95,0.75,0.3,121082,1,30.69,35.0,0.47,1,17508
905285,35.49,35.43,34.25,35.3,0,0,12.68,13.65,34.95,0.75,0.3,121082,1,30.7,35.0,0.47,1,18009
905794,35.49,35.46,34.25,35.3,0,0,12.68,13.68,34.95,0.75,0.3,121082,1,30.7,35.0,0.5,1,18510
906303,35.57,35.51,34.25,35.3,0,0,12.85,13.72,34.95,0.75,0.3,121082,1,30.7,35.0,0.56,1,19012
906812,35.57,35.54,34.25,35.3,0,0,12.85,13.72,34.95,0.75,0.3,121082,1,30.7,35.0,0.58,1,19512
907321,35.57,35.55,34.25,35.3,1,0,12.85,13.72,34.95,0.75,0.3,20012,0,30.7,35.0,0.6,0,0
907829,35.59,35.56,34.25,35.3,1,0,13.16,13.72,35.56,0.75,0.3,20012,0,30.69,35.0,0.0,0,500
908338,35.59,35.57,34.25,35.3,1,0,13.16,13.72,35.57,0.75,0.3,20012,0,30.69,35.0,0.0,0,1000
908847,35.59,35.58,34.25,35.3,1,0,13.16,13.72,35.58,0.75,0.3,20012,0,30.69,35.0,0.0,0,1500
909356,35.76,35.67,34.25,35.3,1,0,13.25,13.8,35.67,0.75,0.3,20012,0,30.7,35.0,0.0,0,2000
909865,35.74,35.71,34.25,35.3,1,0,13.45,13.8,35.71,0.75,0.3,20012,0,30.73,35.0,0.0,0,2500
910374,35.74,35.73,34.25,35.3,1,0,13.45,13.82,35.73,0.75,0.3,20012,0,30.73,35.0,0.0,0,3000
910883,35.73,35.73,34.25,35.3,1,0,13.29,13.8,35.73,0.75,0.3,20012,0,30.72,35.0,0.0,0,3500
911392,35.83,35.73,34.25,35.3,1,0,13.56,13.8,35.73,0.75,0.3,20012,0,30.73,35.0,0.0,0,4000
911901,35.83,35.78,34.25,35.3,1,0,13.56,13.86,35.78,0.75,0.3,20012,0,30.73,35.0,0.0,0,4500
912410,35.83,35.8,34.25,35.3,1,0,13.56,13.86,35.8,0.75,0.3,20012,0,30.73,35.0,0.0,0,5000
912919,35.83,35.82,34.25,35.3,1,0,13.56,13.86,35.82,0.75,0.3,20012,0,30.73,35.0,0.0,0,5500
913428,35.86,35.82,34.25,35.3,1,0,13.27,13.86,35.82,0.75,0.3,20012,0,30.72,35.0,0.0,0,6000
913937,35.86,35.84,34.25,35.3,1,0,13.27,13.85,35.84,0.75,0.3,20012,0,30.72,35.0,0.0,0,6500
914458,35.9,35.85,34.25,35.3,1,0,13.62,13.85,35.85,0.75,0.3,20012,0,30.72,35.0,0.0,0,7000
914967,35.9,35.88,34.25,35.3,1,0,13.62,13.87,35.88,0.75,0.3,20012,0,30.72,35.0,0.0,0,7500
915476,36.01,35.89,34.25,35.3,1,0,13.71,13.87,35.89,0.75,0.3,20012,0,30.75,35.0,0.0,0,8000
915985,36.01,35.95,34.25,35.3,1,0,13.71,13.94,35.95,0.75,0.3,20012,0,30.75,35.0,0.0,0,8500
916494,36.01,35.98,34.25,35.3,1,0,13.71,13.94,35.98,0.75,0.3,20012,0,30.75,35.0,0.0,0,9000
917003,35.99,35.98,34.25,35.3,1,0,13.58,13.94,35.98,0.75,0.3,20012,0,30.75,35.0,0.0,0,9512
917516,36.01,35.99,34.25,35.3,1,0,13.69,13.94,35.99,0.75,0.3,20012,0,30.76,35.0,0.0,0,10012
918025,36.01,36.0,34.25,35.3,1,0,13.69,13.96,36.0,0.75,0.3,20012,0,30.76,35.0,0.0,0,10512
918534,36.02,36.01,34.25,35.3,1,0,13.51,13.94,36.01,0.75,0.3,20012,0,30.73,35.0,0.0,0,11012
919043,36.02,36.01,34.25,35.3,1,0,13.51,13.94,36.01,0.75,0.3,20012,0,30.73,35.0,0.0,0,11512
919552,36.08,36.02,34.25,35.3,1,0,13.49,13.94,36.02,0.75,0.3,20012,0,30.75,35.0,0.0,0,12012
920061,36.08,36.05,34.25,35.3,1,0,13.49,13.98,36.05,0.75,0.3,20012,0,30.75,35.0,0.0,0,12512
920570,36.11,36.06,34.25,35.3,1,0,13.51,13.98,36.06,0.75,0.3,20012,0,30.75,35.0,0.0,0,13012
921079,36.14,36.09,34.25,35.3,1,0,13.53,13.99,36.09,0.75,0.3,20012,0,30.75,35.0,0.0,0,13512
921587,36.14,36.11,34.25,35.3,1,0,13.53,14.0,36.11,0.75,0.3,20012,0,30.75,35.0,0.0,0,14012
922096,36.14,36.12,34.25,35.3,1,0,13.53,14.0,36.12,0.75,0.3,20012,0,30.75,35.0,0.0,0,14512
922605,36.15,36.13,34.25,35.3,1,0,13.4,14.0,36.13,0.75,0.3,20012,0,30.75,35.0,0.0,0,15012
923114,36.18,36.14,34.25,35.3,1,0,13.34,14.01,36.14,0.75,0.3,20012,0,30.76,35.0,0.0,0,15512
923623,36.18,36.16,34.25,35.3,1,0,13.34,14.03,36.16,0.75,0.3,20012,0,30.76,35.0,0.0,0,16012
924132,36.23,36.17,34.25,35.3,1,0,13.27,14.03,36.17,0.75,0.3,20012,0,30.78,35.0,0.0,0,16516
924641,36.23,36.2,34.25,35.3,1,0,13.36,14.06,36.2,0.75,0.3,20012,0,30.78,35.0,0.0,0,17029
925150,36.23,36.21,34.25,35.3,1,0,13.36,14.06,36.21,0.75,0.3,20012,0,30.78,35.0,0.0,0,17538
925659,36.24,36.23,34.25,35.3,1,0,13.29,14.07,36.23,0.75,0.3,20012,0,30.78,35.0,0.0,0,18543
926168,36.24,36.24,34.25,35.3,1,0,13.29,14.07,36.24,0.75,0.3,20012,0,30.78,35.0,0.0,0,19043
926677,36.24,36.24,34.25,35.3,1,0,13.29,14.07,36.24,0.75,0.3,20012,0,30.78,35.0,0.0,0,19543
927186,36.31,36.28,34.25,35.3,1,0,12.81,14.09,36.28,0.75,0.3,20012,0,30.76,35.0,0.0,0,20043
927699,36.31,36.29,34.25,35.3,1,0,13.16,14.09,36.29,0.75,0.3,20012,0,30.78,35.0,0.0,0,20543
928208,36.31,36.3,34.25,35.3,1,0,13.16,14.1,36.3,0.75,0.3,20012,0,30.78,35.0,0.0,0,21043
928717,36.31,36.31,34.25,35.3,1,0,13.16,14.1,36.31,0.75,0.3,20012,0,30.78,35.0,0.0,0,21543
929226,36.39,36.35,34.25,35.3,1,0,13.31,14.13,36.35,0.75,0.3,20012,0,30.78,35.0,0.0,0,22043
929735,36.39,36.37,34.25,35.3,1,0,13.31,14.13,36.37,0.75,0.3,20012,0,30.78,35.0,0.0,0,22543
930244,36.44,36.41,34.25,35.3,1,0,12.9,14.14,36.41,0.75,0.3,20012,0,30.76,35.0,0.0,0,23043
930753,36.44,36.43,34.25,35.3,1,0,12.9,14.14,36.43,0.75,0.3,20012,0,30.76,35.0,0.0,0,23543
931262,36.42,36.42,34.25,35.3,1,0,13.07,14.14,36.43,0.75,0.3,20012,0,30.78,35.0,0.0,0,24043
931771,36.42,36.42,34.25,35.3,1,0,13.07,14.14,36.43,0.75,0.3,20012,0,30.78,35.0,0.0,0,24543
932280,36.42,36.42,34.25,35.3,1,0,13.07,14.14,36.43,0.75,0.3,20012,0,30.78,35.0,0.0,0,25043
932806,36.53,36.42,34.25,35.3,1,0,12.85,14.14,36.43,0.75,0.3,20012,0,30.79,35.0,0.0,0,25543
933315,36.53,36.48,34.25,35.3,1,0,12.85,14.21,36.48,0.75,0.3,20012,0,30.79,35.0,0.0,0,26043
933824,36.53,36.5,34.25,35.3,1,0,12.72,14.19,36.5,0.75,0.3,20012,0,30.78,35.0,0.0,0,26543
934333,36.55,36.52,34.25,35.3,1,0,12.7,14.19,36.52,0.75,0.3,20012,0,30.8,35.0,0.0,0,27043
934842,36.55,36.53,34.25,35.3,1,0,12.7,14.22,36.53,0.75,0.3,20012,0,30.8,35.0,0.0,0,27543
935351,36.59,36.54,34.25,35.3,1,0,12.66,14.22,36.54,0.75,0.3,20012,0,30.76,35.0,0.0,0,28043
935860,36.59,36.57,34.25,35.3,1,0,12.66,14.2,36.57,0.75,0.3,20012,0,30.76,35.0,0.0,0,28543
936369,36.64,36.58,34.25,35.3,1,0,12.37,14.2,36.58,0.75,0.3,20012,0,30.82,35.0,0.0,0,29047
936878,36.64,36.61,34.25,35.3,1,0,12.37,14.27,36.61,0.75,0.3,20012,0,30.82,35.0,0.0,0,29547
937387,36.66,36.62,34.25,35.3,1,0,12.55,14.27,36.62,0.75,0.3,20012,0,30.79,35.0,0.0,0,30047
937896,36.68,36.64,34.25,35.3,1,0,12.44,14.26,36.64,0.75,0.3,20012,0,30.8,35.0,0.0,0,30547
938405,36.68,36.66,34.25,35.3,1,0,12.44,14.28,36.66,0.75,0.3,20012,0,30.8,35.0,0.0,0,31047
938914,36.68,36.67,34.25,35.3,1,0,12.44,14.28,36.67,0.75,0.3,20012,0,30.8,35.0,0.0,0,31547
939423,36.66,36.67,34.25,35.3,1,0,12.53,14.26,36.67,0.75,0.3,20012,0,30.79,35.0,0.0,0,32047
939932,36.66,36.67,34.25,35.3,1,0,12.53,14.26,36.67,0.75,0.3,20012,0,30.79,35.0,0.0,0,32547
940441,36.66,36.67,34.25,35.3,1,0,12.57,14.25,36.67,0.75,0.3,20012,0,30.78,35.0,0.0,0,33047
940950,36.77,36.66,34.25,35.3,1,0,12.37,14.25,36.67,0.75,0.3,20012,0,30.79,35.0,0.0,0,33547
941459,36.74,36.72,34.25,35.3,1,0,12.06,14.3,36.72,0.75,0.3,20012,0,30.8,35.0,0.0,0,34047
941968,36.74,36.73,34.25,35.3,1,0,12.06,14.3,36.73,0.75,0.3,20012,0,30.8,35.0,0.0,0,34547
942477,36.74,36.73,34.25,35.3,1,0,12.06,14.3,36.73,0.75,0.3,20012,0,30.8,35.0,0.0,0,35047
942985,36.74,36.74,34.25,35.3,1,0,12.06,14.3,36.74,0.75,0.3,20012,0,30.8,35.0,0.0,0,35547
943494,36.8,36.77,34.25,35.3,1,0,12.2,14.32,36.77,0.75,0.3,20012,0,30.79,35.0,0.0,0,36047
944003,36.8,36.78,34.25,35.3,1,0,12.2,14.32,36.78,0.75,0.3,20012,0,30.79,35.0,0.0,0,36547
944512,36.81,36.79,34.25,35.3,1,0,12.26,14.32,36.79,0.75,0.3,20012,0,30.8,35.0,0.0,0,37047
945021,36.81,36.8,34.25,35.3,1,0,12.0,14.34,36.8,0.75,0.3,20012,0,30.8,35.0,0.0,0,37547
945530,36.85,36.81,34.25,35.3,1,0,12.0,14.34,36.81,0.75,0.3,20012,0,30.83,35.0,0.0,0,38047
946055,36.87,36.83,34.25,35.3,1,0,12.09,14.37,36.83,0.75,0.3,20012,0,30.79,35.0,0.0,0,38547
946564,36.87,36.85,34.25,35.3,1,0,12.09,14.35,36.85,0.75,0.3,20012,0,30.79,35.0,0.0,0,39049
947073,36.9,36.86,34.25,35.3,1,0,12.15,14.35,36.86,0.75,0.3,20012,0,30.83,35.0,0.0,0,39549
947582,36.9,36.88,34.25,35.3,1,0,12.15,14.4,36.88,0.75,0.3,20012,0,30.83,35.0,0.0,0,40049
948091,36.87,36.89,34.25,35.3,1,0,12.15,14.4,36.89,0.75,0.3,20012,0,30.82,35.0,0.0,0,40549
948600,36.91,36.88,34.25,35.3,1,0,11.93,14.37,36.89,0.75,0.3,20012,0,30.8,35.0,0.0,0,41049
949109,36.95,36.9,34.25,35.3,1,0,12.06,14.38,36.9,0.75,0.3,20012,0,30.83,35.0,0.0,0,41549
949633,36.94,36.92,34.25,35.3,1,0,11.84,14.42,36.92,0.75,0.3,20012,0,30.8,35.0,0.0,0,42049
950142,36.94,36.93,34.25,35.3,1,0,11.84,14.39,36.93,0.75,0.3,20012,0,30.8,35.0,0.0,0,42549
950651,36.94,36.94,34.25,35.3,1,0,11.84,14.39,36.94,0.75,0.3,20012,0,30.8,35.0,0.0,0,43049
951160,36.97,36.94,34.25,35.3,1,0,11.82,14.39,36.94,0.75,0.3,20012,0,30.82,35.0,0.0,0,43549
951669,36.97,36.97,34.25,35.3,1,0,11.82,14.41,36.97,0.75,0.3,20012,0,30.82,35.0,0.0,0,44553
952178,36.98,36.97,34.25,35.3,1,0,11.93,14.43,36.97,0.75,0.3,20012,0,30.83,35.0,0.0,0,45053
952687,36.99,36.98,34.25,35.3,1,0,12.02,14.43,36.98,0.75,0.3,20012,0,30.83,35.0,0.0,0,45553
953195,37.02,37.0,34.25,35.3,1,0,11.89,14.43,37.0,0.75,0.3,20012,0,30.82,35.0,0.0,0,46053
953703,37.05,37.02,34.25,35.3,1,0,11.91,14.43,37.02,0.75,0.3,20012,0,30.8,35.0,0.0,0,46553
954211,37.05,37.03,34.25,35.3,1,0,11.91,14.43,37.03,0.75,0.3,20012,0,30.8,35.0,0.0,0,47053
954720,37.05,37.04,34.25,35.3,1,0,11.91,14.43,37.04,0.75,0.3,20012,0,30.8,35.0,0.0,0,47553
955229,37.05,37.04,34.25,35.3,1,0,11.91,14.43,37.04,0.75,0.3,20012,0,30.8,35.0,0.0,0,48053
955738,37.02,37.03,34.25,35.3,1,0,11.84,14.46,37.04,0.75,0.3,20012,0,30.85,35.0,0.01,0,48553
956247,37.09,37.06,34.25,35.3,1,0,11.8,14.48,37.06,0.75,0.3,20012,0,30.83,35.0,0.0,0,49053
956761,37.05,37.08,34.25,35.3,1,0,11.64,14.48,37.08,0.75,0.3,20012,0,30.85,35.0,0.0,0,49553
957270,37.05,37.06,34.25,35.3,1,0,11.64,14.47,37.08,0.75,0.3,20012,0,30.85,35.0,0.01,0,50053
957779,37.07,37.06,34.25,35.3,1,0,11.75,14.48,37.08,0.75,0.3,20012,0,30.85,35.0,0.01,0,50553
958288,37.09,37.08,34.25,35.3,1,0,11.6,14.48,37.08,0.75,0.3,20012,0,30.83,35.0,0.0,0,51053
958797,37.09,37.09,34.25,35.3,1,0,11.6,14.48,37.09,0.75,0.3,20012,0,30.83,35.0,0.0,0,51553
959306,37.09,37.09,34.25,35.3,1,0,11.6,14.48,37.09,0.75,0.3,20012,0,30.83,35.0,0.0,0,52053
959815,37.11,37.1,34.25,35.3,1,0,10.73,14.5,37.1,0.75,0.3,20012,0,30.85,35.0,0.0,0,52553
960323,37.11,37.1,34.25,35.3,1,0,10.73,14.5,37.1,0.75,0.3,20012,0,30.85,35.0,0.0,0,53053
960832,37.09,37.1,34.25,35.3,1,0,11.62,14.49,37.1,0.75,0.3,20012,0,30.85,35.0,0.0,0,53553
961341,37.09,37.1,34.25,35.3,1,0,11.62,14.49,37.1,0.75,0.3,20012,0,30.85,35.0,0.0,0,54053
961850,37.11,37.1,34.25,35.3,1,0,11.44,14.48,37.1,0.75,0.3,20012,0,30.83,35.0,0.0,0,54553
962359,37.18,37.14,34.25,35.3,1,0,11.42,14.5,37.14,0.75,0.3,20012,0,30.82,35.0,0.0,0,55053
962868,37.18,37.16,34.25,35.3,1,0,11.42,14.5,37.16,0.75,0.3,20012,0,30.82,35.0,0.0,0,55553
963377,37.19,37.18,34.25,35.3,1,0,11.33,14.53,37.18,0.75,0.3,20012,0,30.85,35.0,0.0,0,56053
963885,37.18,37.19,34.25,35.3,1,0,11.31,14.53,37.19,0.75,0.3,20012,0,30.86,35.0,0.0,0,56553
964393,37.18,37.19,34.25,35.3,1,0,11.31,14.54,37.19,0.75,0.3,20012,0,30.86,35.0,0.0,0,57053
964902,37.17,37.18,34.25,35.3,1,0,11.31,14.54,37.19,0.75,0.3,20012,0,30.86,35.0,0.0,0,57555
965411,37.17,37.18,34.25,35.3,1,0,11.31,14.53,37.19,0.75,0.3,20012,0,30.86,35.0,0.01,0,58056
965920,37.19,37.19,34.25,35.3,1,0,11.24,14.52,37.19,0.75,0.3,20012,0,30.83,35.0,0.0,0,58558
966429,37.18,37.19,34.25,35.3,1,0,11.18,14.52,37.19,0.75,0.3,20012,0,30.85,35.0,0.0,0,59058
966938,37.18,37.19,34.25,35.3,1,0,11.18,14.53,37.19,0.75,0.3,20012,0,30.85,35.0,0.0,0,59558
967447,37.18,37.19,34.25,35.3,1,0,10.6,14.54,37.19,0.75,0.3,20012,0,30.86,35.0,0.0,0,60058
967955,37.18,37.18,34.25,35.3,1,0,11.2,14.54,37.19,0.75,0.3,20012,0,30.85,35.0,0.0,0,60558
968463,37.18,37.18,34.25,35.3,1,0,11.2,14.53,37.19,0.75,0.3,20012,0,30.85,35.0,0.0,0,61058
968972,37.21,37.2,34.25,35.3,1,0,11.13,14.53,37.2,0.75,0.3,20012,0,30.83,35.0,0.0,0,61558
969481,37.21,37.2,34.25,35.3,1,0,11.0,14.53,37.2,0.75,0.3,20012,0,30.83,35.0,0.0,0,62058
969990,37.21,37.21,34.25,35.3,1,0,11.0,14.53,37.21,0.75,0.3,20012,0,30.83,35.0,0.0,0,62558
970499,37.27,37.24,34.25,35.3,1,0,11.07,14.56,37.24,0.75,0.3,20012,0,30.85,35.0,0.0,0,63058
971008,37.27,37.25,34.25,35.3,1,0,11.07,14.56,37.25,0.75,0.3,20012,0,30.85,35.0,0.0,0,63558
971517,37.21,37.26,34.25,35.3,1,0,10.89,14.56,37.26,0.75,0.3,20012,0,30.85,35.0,0.0,0,64058
972026,37.21,37.24,34.25,35.3,1,0,10.89,14.54,37.26,0.75,0.3,20012,0,30.85,35.0,0.02,0,64558
972535,37.21,37.22,34.25,35.3,1,0,10.89,14.54,37.26,0.75,0.3,20012,0,30.85,35.0,0.03,0,65058
973044,37.25,37.22,34.25,35.3,1,0,11.04,14.54,37.26,0.75,0.3,20012,0,30.86,35.0,0.04,0,65558
973553,37.23,37.24,34.25,35.3,1,0,10.87,14.57,37.26,0.75,0.3,20012,0,30.86,35.0,0.02,0,66058
974062,37.23,37.23,34.25,35.3,1,0,10.87,14.56,37.26,0.75,0.3,20012,0,30.86,35.0,0.02,0,66558
974571,37.23,37.23,34.25,35.3,1,0,10.87,14.56,37.26,0.75,0.3,20012,0,30.86,35.0,0.03,0,67060
975080,37.24,37.23,34.25,35.3,1,0,10.8,14.56,37.26,0.75,0.3,20012,0,30.85,35.0,0.03,0,67560
975589,37.24,37.23,34.25,35.3,1,0,10.8,14.55,37.26,0.75,0.3,20012,0,30.85,35.0,0.02,0,68060
976098,37.24,37.24,34.25,35.3,1,0,10.8,14.55,37.26,0.75,0.3,20012,0,30.85,35.0,0.02,0,68560
976610,37.24,37.24,34.25,35.3,1,0,10.8,14.55,37.26,0.75,0.3,20012,0,30.85,35.0,0.02,0,69060
977119,37.31,37.24,34.25,35.3,1,0,10.69,14.55,37.26,0.75,0.3,20012,0,30.86,35.0,0.02,0,69560
977628,37.31,37.28,34.25,35.3,1,0,10.69,14.59,37.28,0.75,0.3,20012,0,30.86,35.0,0.0,0,70060
978137,37.29,37.3,34.25,35.3,1,0,10.69,14.59,37.3,0.75,0.3,20012,0,30.87,35.0,0.0,0,70560
978646,37.25,37.29,34.25,35.3,1,0,10.76,14.59,37.3,0.75,0.3,20012,0,30.86,35.0,0.0,0,71060
979155,37.25,37.27,34.25,35.3,1,0,10.91,14.57,37.3,0.75,0.3,20012,0,30.86,35.0,0.02,0,71560
979664,37.21,37.26,34.25,35.3,1,0,10.6,14.57,37.3,0.75,0.3,20012,0,30.86,35.0,0.03,0,72060
980173,37.21,37.24,34.25,35.3,1,0,10.6,14.55,37.3,0.75,0.3,20012,0,30.86,35.0,0.05,0,72560
980681,37.27,37.22,34.25,35.3,1,0,10.64,14.55,37.3,0.75,0.3,20012,0,30.87,35.0,0.07,0,73070
981189,37.31,37.25,34.25,35.3,1,0,10.89,14.59,37.3,0.75,0.3,20012,0,30.86,35.0,0.04,0,73578
981698,37.28,37.28,34.25,35.3,1,0,10.67,14.59,37.3,0.75,0.3,20012,0,30.86,35.0,0.01,0,74086
982207,37.28,37.28,34.25,35.3,1,0,10.67,14.58,37.3,0.75,0.3,20012,0,30.86,35.0,0.01,0,74595
982716,37.28,37.28,34.25,35.3,1,0,10.67,14.58,37.3,0.75,0.3,20012,0,30.86,35.0,0.01,0,75100
983225,37.28,37.28,34.25,35.3,1,0,10.67,14.58,37.3,0.75,0.3,20012,0,30.86,35.0,0.01,0,76109
983734,37.24,37.26,34.25,35.3,1,0,10.55,14.54,37.3,0.75,0.3,20012,0,30.83,35.0,0.03,0,76609
984243,37.23,37.24,34.25,35.3,1,0,10.93,14.57,37.3,0.75,0.3,20012,0,30.87,35.0,0.05,0,77109
984757,37.25,37.24,34.25,35.3,1,0,11.33,14.57,37.3,0.75,0.3,20012,0,30.86,35.0,0.05,0,77609
985266,37.25,37.24,34.25,35.3,1,0,11.33,14.57,37.3,0.75,0.3,20012,0,30.86,35.0,0.05,0,78109
985775,37.24,37.24,34.25,35.3,1,1,10.51,14.57,37.3,0.75,0.3,20012,0,30.87,35.0,0.05,1,78609
986284,37.24,37.24,34.25,35.3,1,1,10.44,14.57,37.3,0.75,0.3,20012,0,30.89,35.0,0.05,1,79109
986793,37.24,37.24,34.25,35.3,1,1,10.44,14.59,37.3,0.75,0.3,20012,0,30.89,35.0,0.05,1,79609
987302,37.24,37.24,34.25,35.3,1,1,10.44,14.59,37.3,0.75,0.3,20012,0,30.89,35.0,0.05,1,80109
987811,37.24,37.24,34.25,35.3,1,1,10.44,14.59,37.3,0.75,0.3,20012,0,30.89,35.0,0.05,1,80609
988320,37.24,37.24,34.25,35.3,1,1,10.44,14.59,37.3,0.75,0.3,20012,0,30.89,35.0,0.05,1,81109
988829,37.24,37.24,34.25,35.3,1,1,10.44,14.59,37.3,0.75,0.3,20012,0,30.89,35.0,0.05,1,81609
989338,37.28,37.26,34.25,35.3,1,1,11.4,14.58,37.3,0.75,0.3,20012,0,30.86,35.0,0.03,1,82109
989863,37.3,37.27,34.25,35.3,1,1,11.53,14.58,37.3,0.75,0.3,20012,0,30.87,35.0,0.02,1,82609
990372,37.3,37.29,34.25,35.3,1,1,11.53,14.6,37.3,0.75,0.3,20012,0,30.87,35.0,0.0,1,83109
990881,37.02,37.29,34.25,35.3,1,1,12.44,14.6,37.3,0.75,0.3,20012,0,30.86,35.0,0.0,1,83609
991390,36.79,37.16,34.25,35.3,1,1,12.02,14.47,37.3,0.75,0.3,20012,0,30.85,35.0,0.13,1,84109
991899,36.79,36.97,34.25,35.3,1,1,12.02,14.36,37.3,0.75,0.3,20012,1,30.85,35.0,0.32,1,84609
992408,36.39,36.88,34.25,35.3,1,1,12.28,14.36,37.3,0.75,0.3,20012,1,30.82,35.0,0.41,1,85109
992917,36.39,36.64,34.25,35.3,1,0,12.28,14.17,37.3,0.75,0.3,20012,1,30.82,35.0,0.65,1,85609
993426,36.07,36.51,34.25,35.3,1,0,12.5,14.17,37.3,0.75,0.3,20012,1,30.83,35.0,0.78,1,86109
993935,36.07,36.29,34.25,35.3,1,0,12.5,14.05,37.3,0.75,0.3,20012,1,30.83,35.0,1.0,1,86609
994444,35.79,36.04,34.25,35.3,1,0,12.33,13.9,37.3,0.75,0.3,20012,1,30.8,35.0,1.25,1,87109
994953,35.7,35.92,34.25,35.3,1,0,12.28,13.9,37.3,0.75,0.3,20012,1,30.78,35.0,1.37,1,87609
995462,35.7,35.81,34.25,35.3,1,0,12.28,13.84,37.3,0.75,0.3,20012,1,30.78,35.0,1.48,1,88109
995971,35.54,35.68,34.25,35.3,1,0,11.38,13.77,37.3,0.75,0.3,20012,1,30.78,35.0,1.61,1,88609
996480,35.54,35.61,34.25,35.3,1,0,11.38,13.77,37.3,0.75,0.3,20012,1,30.78,35.0,1.68,1,89109
996989,35.45,35.58,34.25,35.3,1,0,11.69,13.77,37.3,0.75,0.3,20012,1,30.78,35.0,1.71,1,89609
997498,35.45,35.51,34.25,35.3,1,0,11.69,13.73,37.3,0.75,0.3,20012,1,30.78,35.0,1.78,1,90109
998007,35.47,35.48,34.25,35.3,1,0,11.42,13.73,37.3,0.75,0.3,20012,1,30.78,35.0,1.81,1,90609
998516,35.44,35.48,34.25,35.3,1,0,11.47,13.74,37.3,0.75,0.3,20012,1,30.78,35.0,1.81,1,91109
999025,35.44,35.46,34.25,35.3,1,0,11.47,13.73,37.3,0.75,0.3,20012,1,30.78,35.0,1.83,1,91609
999534,35.44,35.45,34.25,35.3,1,0,11.51,13.71,37.3,0.75,0.3,20012,1,30.76,35.0,1.84,1,92109
1000043,35.41,35.44,34.25,35.3,1,0,11.22,13.71,37.3,0.75,0.3,20012,1,30.78,35.0,1.85,1,92609
1000552,35.45,35.43,34.25,35.3,1,0,11.11,13.71,37.3,0.75,0.3,20012,1,30.78,35.0,1.86,1,93109
1001061,35.45,35.44,34.25,35.3,1,0,11.11,13.73,37.3,0.75,0.3,20012,1,30.78,35.0,1.85,1,93609
1001570,35.47,35.46,34.25,35.3,1,0,10.96,13.75,37.3,0.75,0.3,20012,1,30.79,35.0,1.83,1,94109
1002079,35.43,35.46,34.25,35.3,1,0,10.73,13.75,37.3,0.75,0.3,20012,1,30.78,35.0,1.83,1,94609
1002588,35.42,35.44,34.25,35.3,1,0,10.87,13.72,37.3,0.75,0.3,20012,1,30.75,35.0,1.85,1,95109
1003097,35.42,35.43,34.25,35.3,1,0,10.87,13.69,37.3,0.75,0.3,20012,1,30.75,35.0,1.86,1,95609
1003606,35.37,35.43,34.25,35.3,1,0,10.82,13.69,37.3,0.75,0.3,20012,1,30.79,35.0,1.86,1,96109
1004115,35.42,35.4,34.25,35.3,1,0,10.78,13.71,37.3,0.75,0.3,20012,1,30.75,35.0,1.89,1,96609
1004635,35.38,35.41,34.25,35.3,1,0,10.91,13.69,37.3,0.75,0.3,20012,1,30.76,35.0,1.88,1,97109
1005144,35.38,35.4,34.25,35.3,1,0,10.91,13.69,37.3,0.75,0.3,20012,1,30.76,35.0,1.89,1,97609
1005653,35.44,35.39,34.25,35.3,1,0,10.78,13.69,37.3,0.75,0.3,20012,1,30.79,35.0,1.9,1,98113
1006162,35.44,35.42,34.25,35.3,1,0,10.78,13.74,37.3,0.75,0.3,20012,1,30.79,35.0,1.87,1,98613
1006671,35.47,35.43,34.25,35.3,1,0,10.64,13.74,37.3,0.75,0.3,20012,1,30.78,35.0,1.86,1,99113
1007180,35.48,35.45,34.25,35.3,1,0,10.64,13.74,37.3,0.75,0.3,20012,1,30.78,35.0,1.84,1,99613
1007689,35.48,35.47,34.25,35.3,1,0,10.64,13.74,37.3,0.75,0.3,20012,1,30.78,35.0,1.82,1,100113
1008198,35.56,35.47,34.25,35.3,1,0,10.67,13.74,37.3,0.75,0.3,20012,1,30.78,35.0,1.82,1,100613
1008707,35.54,35.52,34.25,35.3,1,0,10.55,13.78,37.3,0.75,0.3,20012,1,30.78,35.0,1.77,1,101113
1009217,35.54,35.53,34.25,35.3,1,0,10.55,13.77,37.3,0.75,0.3,20012,1,30.78,35.0,1.76,1,101613
1009726,35.58,35.54,34.25,35.3,1,0,10.51,13.77,37.3,0.75,0.3,20012,1,30.76,35.0,1.75,1,102113
1010235,35.66,35.61,34.25,35.3,1,0,10.47,13.83,37.3,0.75,0.3,20012,1,30.79,35.0,1.68,1,103119
1010744,35.66,35.63,34.25,35.3,1,0,10.47,13.83,37.3,0.75,0.3,20012,1,30.79,35.0,1.66,1,103619
1011253,35.71,35.67,34.25,35.3,1,0,10.47,13.86,37.3,0.75,0.3,20012,1,30.8,35.0,1.62,1,104119
1011762,35.71,35.69,34.25,35.3,1,0,10.47,13.86,37.3,0.75,0.3,20012,1,30.8,35.0,1.6,1,104619
1012271,35.73,35.71,34.25,35.3,1,0,10.42,13.86,37.3,0.75,0.3,20012,1,30.79,35.0,1.58,1,105119
1012780,35.73,35.72,34.25,35.3,1,0,10.42,13.86,37.3,0.75,0.3,20012,1,30.79,35.0,1.57,1,105619
1013289,35.81,35.76,34.25,35.3,1,0,10.47,13.9,37.3,0.75,0.3,20012,1,30.79,35.0,1.53,1,106119
1013798,35.84,35.8,34.25,35.3,1,0,10.47,13.92,37.3,0.75,0.3,20012,1,30.8,35.0,1.49,1,106619
1014307,35.84,35.82,34.25,35.3,1,0,10.47,13.92,37.3,0.75,0.3,20012,1,30.8,35.0,1.47,1,107119
1014816,35.89,35.86,34.25,35.3,1,0,10.33,13.95,37.3,0.75,0.3,20012,1,30.8,35.0,1.43,1,107619
1015325,35.89,35.87,34.25,35.3,1,0,9.57,13.93,37.3,0.75,0.3,20012,1,30.79,35.0,1.42,1,108119
1015836,35.89,35.88,34.25,35.3,1,0,9.57,13.93,37.3,0.75,0.3,20012,1,30.79,35.0,1.41,1,108619
1016345,35.89,35.89,34.25,35.3,1,0,9.57,13.93,37.3,0.75,0.3,20012,1,30.79,35.0,1.4,1,109119
1016854,35.95,35.92,34.25,35.3,1,0,10.42,13.97,37.3,0.75,0.3,20012,1,30.8,35.0,1.37,1,109619
1017363,36.01,35.97,34.25,35.3,1,0,10.29,13.98,37.3,0.75,0.3,20012,1,30.79,35.0,1.33,1,110119
1017872,36.04,36.0,34.25,35.3,1,0,10.38,14.01,37.3,0.75,0.3,20012,1,30.8,35.0,1.29,1,110619
1018381,36.01,36.02,34.25,35.3,1,0,10.35,14.01,37.3,0.75,0.3,20012,1,30.79,35.0,1.27,1,111119
1018890,36.01,36.02,34.25,35.3,1,0,10.35,13.98,37.3,0.75,0.3,20012,1,30.79,35.0,1.27,1,111619
1019399,36.03,36.02,34.25,35.3,1,0,10.35,14.0,37.3,0.75,0.3,20012,1,30.8,35.0,1.27,1,112119
1019908,36.07,36.04,34.25,35.3,1,0,10.67,14.03,37.3,0.75,0.3,20012,1,30.82,35.0,1.25,1,112619
1020417,36.07,36.06,34.25,35.3,1,0,10.29,14.03,37.3,0.75,0.3,20012,1,30.8,35.0,1.23,1,113119
1020927,36.07,36.06,34.25,35.3,1,0,10.29,14.02,37.3,0.75,0.3,20012,1,30.8,35.0,1.23,1,113619
1021436,36.03,36.04,34.25,35.3,1,0,10.06,14.0,37.3,0.75,0.3,20012,1,30.8,35.0,1.25,1,114119
1021945,36.03,36.04,34.25,35.3,1,0,10.06,14.0,37.3,0.75,0.3,20012,1,30.8,35.0,1.25,1,114619
1022454,36.09,36.06,34.25,35.3,1,1,9.77,14.03,37.3,0.75,0.3,20012,1,30.8,35.0,1.23,1,115119
1022963,36.09,36.07,34.25,35.3,1,1,9.77,14.03,37.3,0.75,0.3,20012,1,30.8,35.0,1.22,1,115619
1023472,36.09,36.08,34.25,35.3,1,1,9.77,14.03,37.3,0.75,0.3,20012,1,30.8,35.0,1.21,1,116119
1023981,36.11,36.08,34.25,35.3,1,1,10.26,14.03,37.3,0.75,0.3,20012,1,30.82,35.0,1.21,1,116619
1024490,36.11,36.1,34.25,35.3,1,1,10.26,14.05,37.3,0.75,0.3,20012,1,30.82,35.0,1.19,1,117119
1024999,36.16,36.13,34.25,35.3,1,1,10.47,14.08,37.3,0.75,0.3,20012,1,30.83,35.0,1.16,1,117619
1025508,36.16,36.14,34.25,35.3,1,1,10.47,14.08,37.3,0.75,0.3,20012,1,30.83,35.0,1.15,1,118122
1026017,36.17,36.16,34.25,35.3,1,1,10.73,14.09,37.3,0.75,0.3,20012,1,30.83,35.0,1.13,1,118623
1026527,36.04,36.17,34.25,35.3,1,1,11.4,14.09,37.3,0.75,0.3,20012,1,30.8,35.0,1.12,1,119123
1027037,36.04,36.1,34.25,35.3,1,1,11.4,14.01,37.3,0.75,0.3,20012,1,30.8,35.0,1.19,1,119623
1027546,35.71,36.07,34.25,35.3,1,1,11.71,14.01,37.3,0.75,0.3,20012,1,30.8,35.0,1.22,1,120123
1028055,35.71,35.89,34.25,35.3,1,1,11.71,13.86,37.3,0.75,0.3,20012,1,30.8,35.0,1.4,1,120623
1028564,35.5,35.69,34.25,35.3,1,0,11.84,13.78,37.3,0.75,0.3,20012,1,30.8,35.0,1.6,1,121123
1029073,35.5,35.6,34.25,35.3,1,0,11.84,13.78,37.3,0.75,0.3,20012,1,30.8,35.0,1.69,1,121623
1029582,35.27,35.43,34.25,35.3,1,0,12.17,13.64,37.3,0.75,0.3,20012,1,30.76,35.0,1.86,1,122123
1030091,35.27,35.35,34.25,35.3,1,0,12.17,13.64,37.3,0.75,0.3,20012,1,30.76,35.0,1.94,1,122623
1030600,34.96,35.31,34.25,35.3,1,0,12.11,13.64,37.3,0.75,0.3,20012,1,30.76,35.0,1.98,1,123123
1031109,34.96,35.13,34.25,35.3,0,0,12.11,13.5,37.3,0.75,0.3,123623,0,30.76,35.0,2.16,1,0
1031618,34.87,35.05,34.09,35.3,0,0,11.58,13.5,35.05,0.9,0.3,123623,0,30.73,35.0,0.0,1,500
1032127,34.81,34.96,34.09,35.3,0,0,11.4,13.44,34.96,0.9,0.3,123623,0,30.76,35.0,0.0,1,1000
1032636,34.81,34.89,34.09,35.3,0,0,11.4,13.44,34.89,0.9,0.3,123623,0,30.76,35.0,0.0,1,1500
1033145,34.74,34.85,34.09,35.3,0,0,11.38,13.44,34.85,0.9,0.3,123623,0,30.75,35.0,0.0,1,2000
1033653,34.74,34.79,34.09,35.3,0,0,11.38,13.39,34.79,0.9,0.3,123623,0,30.75,35.0,0.0,1,2500
1034162,34.68,34.76,34.09,35.3,0,0,11.29,13.39,34.76,0.9,0.3,123623,0,30.73,35.0,0.0,1,3000
1034671,34.78,34.72,34.09,35.3,0,0,10.8,13.36,34.72,0.9,0.3,123623,0,30.75,35.0,0.0,1,3500
1035180,34.78,34.75,34.09,35.3,0,0,10.8,13.41,34.72,0.9,0.3,123623,0,30.75,35.0,0.02,1,4000
1035689,34.73,34.77,34.09,35.3,0,0,10.96,13.41,34.72,0.9,0.3,123623,0,30.76,35.0,0.04,1,4500
1036198,34.71,34.75,34.09,35.3,0,0,11.07,13.4,34.72,0.9,0.3,123623,0,30.72,35.0,0.02,1,5000
1036709,34.71,34.73,34.09,35.3,0,0,11.07,13.35,34.72,0.9,0.3,123623,0,30.72,35.0,0.0,1,5500
1037218,34.68,34.72,34.09,35.3,0,0,10.98,13.35,34.72,0.9,0.3,123623,0,30.76,35.0,0.0,1,6000
1037727,34.75,34.7,34.09,35.3,0,0,10.98,13.38,34.7,0.9,0.3,123623,0,30.73,35.0,0.0,1,6500
1038236,34.75,34.73,34.09,35.3,0,0,10.98,13.39,34.7,0.9,0.3,123623,0,30.73,35.0,0.02,1,7000
1038745,34.76,34.75,34.09,35.3,0,0,11.24,13.38,34.7,0.9,0.3,123623,0,30.72,35.0,0.05,1,8006
1039254,34.76,34.76,34.09,35.3,0,0,11.24,13.38,34.7,0.9,0.3,123623,0,30.72,35.0,0.05,1,8506
1039763,34.75,34.75,34.09,35.3,0,0,11.29,13.37,34.7,0.9,0.3,123623,0,30.72,35.0,0.05,1,9006
1040272,34.75,34.75,34.09,35.3,0,0,11.29,13.37,34.7,0.9,0.3,123623,0,30.72,35.0,0.05,1,9506
1040781,34.8,34.77,34.09,35.3,0,0,11.42,13.41,34.7,0.9,0.3,123623,0,30.73,35.0,0.07,1,10006
1041290,34.8,34.79,34.09,35.3,0,0,11.42,13.41,34.7,0.9,0.3,123623,0,30.73,35.0,0.08,1,10506
1041799,34.85,34.82,34.09,35.3,0,0,11.44,13.43,34.7,0.9,0.3,123623,0,30.73,35.0,0.12,1,11006
1042308,34.9,34.86,34.09,35.3,0,0,11.49,13.44,34.7,0.9,0.3,123623,1,30.72,35.0,0.15,1,11506
1042817,34.9,34.88,34.09,35.3,0,0,11.58,13.45,34.7,0.9,0.3,123623,1,30.73,35.0,0.17,1,12008
1043327,34.9,34.89,34.09,35.3,0,0,11.58,13.45,34.7,0.9,0.3,123623,1,30.73,35.0,0.18,1,12508
1043836,34.97,34.93,34.09,35.3,0,0,12.02,13.49,34.7,0.9,0.3,123623,1,30.75,35.0,0.23,1,13008
1044345,34.97,34.95,34.09,35.3,0,0,12.0,13.51,34.7,0.9,0.3,123623,1,30.76,35.0,0.25,1,13508
1044854,35.03,34.96,34.09,35.3,0,0,11.82,13.51,34.7,0.9,0.3,123623,1,30.75,35.0,0.26,1,14008
1045363,35.03,35.0,34.09,35.3,0,0,11.82,13.52,34.7,0.9,0.3,123623,1,30.75,35.0,0.29,1,14508
1045872,35.07,35.04,34.09,35.3,0,0,12.04,13.54,34.7,0.9,0.3,123623,1,30.75,35.0,0.33,1,15008
1046381,35.09,35.05,34.09,35.3,0,0,12.09,13.54,34.7,0.9,0.3,123623,1,30.76,35.0,0.35,1,15508
1046890,35.09,35.07,34.09,35.3,0,0,12.09,13.56,34.7,0.9,0.3,123623,1,30.76,35.0,0.37,1,16008
1047399,35.16,35.12,34.09,35.3,0,0,12.2,13.58,34.7,0.9,0.3,123623,1,30.75,35.0,0.41,1,16508
1047908,35.15,35.14,34.09,35.3,0,0,12.46,13.58,34.7,0.9,0.3,123623,1,30.78,35.0,0.43,1,17008
1048417,35.15,35.14,34.09,35.3,0,0,12.46,13.6,34.7,0.9,0.3,123623,1,30.78,35.0,0.44,1,17508
1048926,35.15,35.15,34.09,35.3,0,0,12.46,13.6,34.7,0.9,0.3,123623,1,30.78,35.0,0.44,1,18008
1049435,35.15,35.15,34.09,35.3,0,0,12.46,13.6,34.7,0.9,0.3,123623,1,30.78,35.0,0.44,1,18508
1049944,35.29,35.22,34.09,35.3,0,0,12.79,13.65,34.7,0.9,0.3,123623,1,30.76,35.0,0.52,1,19008
1050453,35.29,35.26,34.09,35.3,0,0,12.7,13.65,34.7,0.9,0.3,123623,1,30.75,35.0,0.55,1,19508
1050962,35.29,35.28,34.09,35.3,1,0,12.7,13.64,34.7,0.9,0.3,20008,0,30.75,35.0,0.57,0,0
1051471,35.29,35.28,34.09,35.3,1,0,12.7,13.64,35.28,0.9,0.3,20008,0,30.75,35.0,0.0,0,500
1051980,35.29,35.29,34.09,35.3,1,0,12.7,13.64,35.29,0.9,0.3,20008,0,30.75,35.0,0.0,0,1000
1052489,35.37,35.33,34.09,35.3,1,0,13.01,13.69,35.33,0.9,0.3,20008,0,30.78,35.0,0.0,0,1500
1052998,35.42,35.35,34.09,35.3,1,0,13.05,13.69,35.35,0.9,0.3,20008,0,30.75,35.0,0.0,0,2000
1053507,35.42,35.39,34.09,35.3,1,0,13.05,13.69,35.39,0.9,0.3,20008,0,30.75,35.0,0.0,0,2500
1054016,35.46,35.4,34.09,35.3,1,0,13.16,13.69,35.4,0.9,0.3,20008,0,30.79,35.0,0.0,0,3000
1054525,35.4,35.43,34.09,35.3,1,0,13.21,13.74,35.43,0.9,0.3,20008,0,30.78,35.0,0.0,0,3500
1055034,35.4,35.41,34.09,35.3,1,0,13.21,13.71,35.43,0.9,0.3,20008,0,30.78,35.0,0.01,0,4000
1055543,35.4,35.41,34.09,35.3,1,0,13.21,13.71,35.43,0.9,0.3,20008,0,30.78,35.0,0.02,0,4500
1056052,35.4,35.4,34.09,35.3,1,0,13.21,13.71,35.43,0.9,0.3,20008,0,30.78,35.0,0.02,0,5000
1056561,35.53,35.4,34.09,35.3,1,0,13.38,13.71,35.43,0.9,0.3,20008,0,30.8,35.0,0.02,0,5500
1057070,35.53,35.47,34.09,35.3,1,0,13.38,13.79,35.47,0.9,0.3,20008,0,30.8,35.0,0.0,0,6000
1057579,35.59,35.53,34.09,35.3,1,0,13.47,13.8,35.53,0.9,0.3,20008,0,30.79,35.0,0.0,0,6500
1058088,35.59,35.56,34.09,35.3,1,0,13.47,13.8,35.56,0.9,0.3,20008,0,30.79,35.0,0.0,0,7000
1058598,35.59,35.57,34.09,35.3,1,0,13.47,13.8,35.57,0.9,0.3,20008,0,30.79,35.0,0.0,0,7500
1059107,35.62,35.59,34.09,35.3,1,0,13.4,13.8,35.59,0.9,0.3,20008,0,30.78,35.0,0.0,0,8000
1059616,35.65,35.6,34.09,35.3,1,0,13.49,13.8,35.6,0.9,0.3,20008,0,30.79,35.0,0.0,0,8500
1060125,35.72,35.63,34.09,35.3,1,0,13.4,13.83,35.63,0.9,0.3,20008,0,30.8,35.0,0.0,0,9000
1060634,35.68,35.67,34.09,35.3,1,0,13.51,13.87,35.67,0.9,0.3,20008,0,30.8,35.0,0.0,0,9500
1061143,35.68,35.67,34.09,35.3,1,0,13.51,13.85,35.67,0.9,0.3,20008,0,30.8,35.0,0.0,0,10000
1061652,35.73,35.67,34.09,35.3,1,0,13.56,13.85,35.67,0.9,0.3,20008,0,30.8,35.0,0.0,0,10500
1062161,35.73,35.7,34.09,35.3,1,0,13.56,13.88,35.7,0.9,0.3,20008,0,30.8,35.0,0.0,0,11000
1062669,35.73,35.72,34.09,35.3,1,0,13.56,13.88,35.72,0.9,0.3,20008,0,30.8,35.0,0.0,0,11500
1063178,35.73,35.73,34.09,35.3,1,0,13.56,13.88,35.73,0.9,0.3,20008,0,30.8,35.0,0.0,0,12000
1063687,35.78,35.73,34.09,35.3,1,0,13.31,13.88,35.73,0.9,0.3,20008,0,30.8,35.0,0.0,0,12500
1064196,35.78,35.75,34.09,35.3,1,0,13.31,13.9,35.75,0.9,0.3,20008,0,30.8,35.0,0.0,0,13000
1064705,35.78,35.77,34.09,35.3,1,0,13.31,13.9,35.77,0.9,0.3,20008,0,30.8,35.0,0.0,0,13500
1065214,35.75,35.77,34.09,35.3,1,0,13.21,13.9,35.77,0.9,0.3,20008,0,30.82,35.0,0.0,0,14000
1065723,35.75,35.76,34.09,35.3,1,0,13.21,13.9,35.77,0.9,0.3,20008,0,30.82,35.0,0.01,0,14500
1066232,35.84,35.76,34.09,35.3,1,0,13.31,13.9,35.77,0.9,0.3,20008,0,30.82,35.0,0.01,0,15000
1066741,35.84,35.8,34.09,35.3,1,0,13.31,13.93,35.8,0.9,0.3,20008,0,30.82,35.0,0.0,0,15500
1067253,35.84,35.83,34.09,35.3,1,0,13.31,13.93,35.83,0.9,0.3,20008,0,30.82,35.0,0.0,0,16506
1067762,35.84,35.83,34.09,35.3,1,0,13.31,13.93,35.83,0.9,0.3,20008,0,30.82,35.0,0.0,0,17006
1068271,35.87,35.85,34.09,35.3,1,0,13.42,13.96,35.85,0.9,0.3,20008,0,30.83,35.0,0.0,0,17506
1068780,35.87,35.86,34.09,35.3,1,0,13.42,13.96,35.86,0.9,0.3,20008,0,30.83,35.0,0.0,0,18006
1069289,35.89,35.88,34.09,35.3,1,0,13.03,13.96,35.88,0.9,0.3,20008,0,30.82,35.0,0.0,0,18506
1069798,35.91,35.89,34.09,35.3,1,0,12.99,13.96,35.89,0.9,0.3,20008,0,30.82,35.0,0.0,0,19006
1070307,35.91,35.9,34.09,35.3,1,0,12.99,13.96,35.9,0.9,0.3,20008,0,30.82,35.0,0.0,0,19506
1070816,35.91,35.91,34.09,35.3,1,0,12.99,13.96,35.91,0.9,0.3,20008,0,30.82,35.0,0.0,0,20006
1071325,35.97,35.91,34.09,35.3,1,0,12.99,13.96,35.91,0.9,0.3,20008,0,30.83,35.0,0.0,0,20506
1071834,35.97,35.94,34.09,35.3,1,0,12.99,14.0,35.94,0.9,0.3,20008,0,30.83,35.0,0.0,0,21006
1072343,35.97,35.96,34.09,35.3,1,0,12.9,13.99,35.96,0.9,0.3,20008,0,30.82,35.0,0.0,0,21506
1072865,36.0,35.96,34.09,35.3,1,0,12.83,13.99,35.96,0.9,0.3,20008,0,30.83,35.0,0.0,0,22009
1073374,36.0,35.98,34.09,35.3,1,0,12.83,14.02,35.98,0.9,0.3,20008,0,30.83,35.0,0.0,0,22509
1073883,36.0,35.99,34.09,35.3,1,0,12.83,14.02,35.99,0.9,0.3,20008,0,30.83,35.0,0.0,0,23009
1074392,36.0,36.0,34.09,35.3,1,0,12.83,14.02,36.0,0.9,0.3,20008,0,30.83,35.0,0.0,0,23509
1074901,36.0,36.0,34.09,35.3,1,0,12.83,14.02,36.0,0.9,0.3,20008,0,30.83,35.0,0.0,0,24009
1075410,36.12,36.06,34.09,35.3,1,0,12.77,14.07,36.06,0.9,0.3,20008,0,30.83,35.0,0.0,0,24509
1075918,36.15,36.09,34.09,35.3,1,0,12.68,14.07,36.09,0.9,0.3,20008,0,30.83,35.0,0.0,0,25009
1076427,36.13,36.12,34.09,35.3,1,0,12.7,14.08,36.12,0.9,0.3,20008,0,30.85,35.0,0.0,0,25509
1076936,36.13,36.12,34.09,35.3,1,0,12.7,14.08,36.12,0.9,0.3,20008,0,30.85,35.0,0.0,0,26009
1077445,36.13,36.13,34.09,35.3,1,0,12.7,14.08,36.13,0.9,0.3,20008,0,30.85,35.0,0.0,0,26509
1077954,36.16,36.13,34.09,35.3,1,0,12.64,14.08,36.13,0.9,0.3,20008,0,30.85,35.0,0.0,0,27009
1078463,36.16,36.15,34.09,35.3,1,0,12.64,14.1,36.15,0.9,0.3,20008,0,30.85,35.0,0.0,0,27509
1078972,36.23,36.19,34.09,35.3,1,0,12.57,14.12,36.19,0.9,0.3,20008,0,30.83,35.0,0.0,0,28009
1079481,36.19,36.19,34.09,35.3,1,0,12.46,14.12,36.19,0.9,0.3,20008,0,30.86,35.0,0.0,0,28509
1079990,36.26,36.19,34.09,35.3,1,0,12.61,14.12,36.19,0.9,0.3,20008,0,30.85,35.0,0.0,0,29009
1080498,36.26,36.23,34.09,35.3,1,0,12.61,14.14,36.23,0.9,0.3,20008,0,30.85,35.0,0.0,0,29509
1081007,36.26,36.25,34.09,35.3,1,0,12.61,14.14,36.25,0.9,0.3,20008,0,30.85,35.0,0.0,0,30009
1081516,36.31,36.25,34.09,35.3,1,0,12.37,14.14,36.25,0.9,0.3,20008,0,30.86,35.0,0.0,0,30512
1082025,36.31,36.28,34.09,35.3,1,0,12.42,14.17,36.28,0.9,0.3,20008,0,30.85,35.0,0.0,0,31013
1082534,36.31,36.29,34.09,35.3,1,0,12.42,14.16,36.29,0.9,0.3,20008,0,30.85,35.0,0.0,0,31515
1083043,36.29,36.29,34.09,35.3,1,0,12.26,14.14,36.29,0.9,0.3,20008,0,30.83,35.0,0.0,0,32016
1083552,36.34,36.29,34.09,35.3,1,0,12.28,14.14,36.29,0.9,0.3,20008,0,30.85,35.0,0.0,0,32516
1084060,36.34,36.31,34.09,35.3,1,0,12.28,14.17,36.31,0.9,0.3,20008,0,30.85,35.0,0.0,0,33016
1084569,36.34,36.33,34.09,35.3,1,0,12.92,14.17,36.33,0.9,0.3,20008,0,30.85,35.0,0.0,0,33516
1085078,36.34,36.33,34.09,35.3,1,0,12.92,14.17,36.33,0.9,0.3,20008,0,30.85,35.0,0.0,0,34016
1085587,36.35,36.34,34.09,35.3,1,0,12.15,14.19,36.34,0.9,0.3,20008,0,30.86,35.0,0.0,0,34516
1086096,36.35,36.35,34.09,35.3,1,0,12.15,14.19,36.35,0.9,0.3,20008,0,30.86,35.0,0.0,0,35016
1086605,36.44,36.35,34.09,35.3,1,0,12.2,14.19,36.35,0.9,0.3,20008,0,30.89,35.0,0.0,0,35516
1087114,36.44,36.39,34.09,35.3,1,0,12.06,14.25,36.39,0.9,0.3,20008,0,30.86,35.0,0.0,0,36016
1087622,36.44,36.42,34.09,35.3,1,0,12.06,14.23,36.42,0.9,0.3,20008,0,30.86,35.0,0.0,0,36516
1088131,36.45,36.43,34.09,35.3,1,0,12.09,14.23,36.43,0.9,0.3,20008,0,30.86,35.0,0.0,0,37016
1088640,36.44,36.44,34.09,35.3,1,0,12.04,14.23,36.44,0.9,0.3,20008,0,30.86,35.0,0.0,0,37516
1089149,36.44,36.44,34.09,35.3,1,0,12.04,14.23,36.44,0.9,0.3,20008,0,30.86,35.0,0.0,0,38016
1089658,36.44,36.44,34.09,35.3,1,0,12.04,14.23,36.44,0.9,0.3,20008,0,30.86,35.0,0.0,0,38516
1090167,36.44,36.44,34.09,35.3,1,0,12.04,14.23,36.44,0.9,0.3,20008,0,30.86,35.0,0.0,0,39016
1090676,36.5,36.47,34.09,35.3,1,0,11.91,14.26,36.47,0.9,0.3,20008,0,30.87,35.0,0.0,0,39521
1091185,36.53,36.48,34.09,35.3,1,0,11.84,14.26,36.48,0.9,0.3,20008,0,30.86,35.0,0.0,0,40021
1091694,36.53,36.51,34.09,35.3,1,0,11.84,14.26,36.51,0.9,0.3,20008,0,30.86,35.0,0.0,0,40521
1092203,36.5,36.52,34.09,35.3,1,0,11.8,14.26,36.52,0.9,0.3,20008,0,30.86,35.0,0.0,0,41021
1092712,36.5,36.51,34.09,35.3,1,0,11.8,14.25,36.52,0.9,0.3,20008,0,30.86,35.0,0.0,0,41521
1093221,36.54,36.52,34.09,35.3,1,0,11.84,14.28,36.52,0.9,0.3,20008,0,30.87,35.0,0.0,0,42021
1093729,36.54,36.53,34.09,35.3,1,0,11.84,14.28,36.53,0.9,0.3,20008,0,30.89,35.0,0.0,0,42521
1094237,36.57,36.54,34.09,35.3,1,0,11.89,14.3,36.54,0.9,0.3,20008,0,30.86,35.0,0.0,0,43021
1094745,36.57,36.55,34.09,35.3,1,0,11.89,14.28,36.55,0.9,0.3,20008,0,30.86,35.0,0.0,0,43521
1095254,36.54,36.56,34.09,35.3,1,0,11.78,14.28,36.56,0.9,0.3,20008,0,30.86,35.0,0.0,0,44021
1095763,36.54,36.55,34.09,35.3,1,0,11.78,14.27,36.56,0.9,0.3,20008,0,30.86,35.0,0.01,0,44521
1096272,36.54,36.54,34.09,35.3,1,0,11.78,14.27,36.56,0.9,0.3,20008,0,30.86,35.0,0.01,0,45525
1096781,36.59,36.56,34.09,35.3,1,0,11.6,14.29,36.56,0.9,0.3,20008,0,30.86,35.0,0.0,0,46025
1097290,36.62,36.59,34.09,35.3,1,0,11.49,14.31,36.59,0.9,0.3,20008,0,30.87,35.0,0.0,0,46525
1097799,36.6,36.6,34.09,35.3,1,0,11.53,14.31,36.6,0.9,0.3,20008,0,30.87,35.0,0.0,0,47025
1098308,36.6,36.6,34.09,35.3,1,0,11.53,14.31,36.6,0.9,0.3,20008,0,30.87,35.0,0.0,0,47525
1098817,36.64,36.62,34.09,35.3,1,0,11.78,14.32,36.62,0.9,0.3,20008,0,30.87,35.0,0.0,0,48025
1099326,36.63,36.63,34.09,35.3,1,0,11.53,14.32,36.63,0.9,0.3,20008,0,30.9,35.0,0.0,0,48525
1099835,36.63,36.63,34.09,35.3,1,0,11.53,14.35,36.63,0.9,0.3,20008,0,30.9,35.0,0.0,0,49025
1100344,36.63,36.63,34.09,35.3,1,0,11.53,14.35,36.63,0.9,0.3,20008,0,30.9,35.0,0.0,0,49525
1100853,36.66,36.65,34.09,35.3,1,0,11.56,14.36,36.65,0.9,0.3,20008,0,30.9,35.0,0.0,0,50025
1101362,36.65,36.65,34.09,35.3,1,0,11.56,14.36,36.65,0.9,0.3,20008,0,30.92,35.0,0.0,0,50525
1101871,36.65,36.65,34.09,35.3,1,0,11.56,14.36,36.65,0.9,0.3,20008,0,30.92,35.0,0.0,0,51025
1102380,36.65,36.65,34.09,35.3,1,0,11.56,14.36,36.65,0.9,0.3,20008,0,30.92,35.0,0.0,0,51525
1102889,36.69,36.67,34.09,35.3,1,0,11.31,14.36,36.67,0.9,0.3,20008,0,30.89,35.0,0.0,0,52025
1103398,36.67,36.68,34.09,35.3,1,0,11.29,14.36,36.68,0.9,0.3,20008,0,30.87,35.0,0.0,0,52525
1103907,36.67,36.68,34.09,35.3,1,0,11.29,14.34,36.68,0.9,0.3,20008,0,30.87,35.0,0.0,0,53025
1104416,36.71,36.69,34.09,35.3,1,0,11.36,14.39,36.69,0.9,0.3,20008,0,30.92,35.0,0.0,0,53525
1104925,36.71,36.7,34.09,35.3,1,0,11.36,14.39,36.7,0.9,0.3,20008,0,30.92,35.0,0.0,0,54025
1105434,36.73,36.72,34.09,35.3,1,0,11.2,14.38,36.72,0.9,0.3,20008,0,30.89,35.0,0.0,0,54525
1105943,36.73,36.72,34.09,35.3,1,0,11.27,14.38,36.72,0.9,0.3,20008,0,30.89,35.0,0.0,0,55025
1106452,36.73,36.73,34.09,35.3,1,0,11.27,14.38,36.73,0.9,0.3,20008,0,30.89,35.0,0.0,0,55525
1106961,36.73,36.73,34.09,35.3,1,0,11.22,14.38,36.73,0.9,0.3,20008,0,30.89,35.0,0.0,0,56025
1107470,36.73,36.73,34.09,35.3,1,0,11.22,14.38,36.73,0.9,0.3,20008,0,30.89,35.0,0.0,0,56525
1107979,36.74,36.73,34.09,35.3,1,0,11.02,14.39,36.73,0.9,0.3,20008,0,30.9,35.0,0.0,0,57025
1108487,36.71,36.73,34.09,35.3,1,0,11.16,14.39,36.73,0.9,0.3,20008,0,30.9,35.0,0.0,0,57525
1108995,36.71,36.72,34.09,35.3,1,0,11.16,14.38,36.73,0.9,0.3,20008,0,30.9,35.0,0.01,0,58025
1109504,36.76,36.74,34.09,35.3,1,0,11.07,14.4,36.74,0.9,0.3,20008,0,30.9,35.0,0.0,0,58525
1110013,36.73,36.74,34.09,35.3,1,0,11.02,14.38,36.74,0.9,0.3,20008,0,30.89,35.0,0.0,0,59040
1110522,36.73,36.73,34.09,35.3,1,0,11.02,14.38,36.74,0.9,0.3,20008,0,30.89,35.0,0.0,0,59540
1111031,36.73,36.73,34.09,35.3,1,0,11.02,14.38,36.74,0.9,0.3,20008,0,30.89,35.0,0.0,0,60040
1111540,36.76,36.75,34.09,35.3,1,0,10.96,14.37,36.75,0.9,0.3,20008,0,30.87,35.0,0.0,0,60540
1112049,36.81,36.78,34.09,35.3,1,0,10.89,14.43,36.78,0.9,0.3,20008,0,30.92,35.0,0.0,0,61040
1112557,36.78,36.79,34.09,35.3,1,0,11.07,14.43,36.79,0.9,0.3,20008,0,30.9,35.0,0.0,0,61540
1113065,36.78,36.79,34.09,35.3,1,0,11.07,14.41,36.79,0.9,0.3,20008,0,30.9,35.0,0.0,0,62040
1113574,36.84,36.78,34.09,35.3,1,0,11.16,14.41,36.79,0.9,0.3,20008,0,30.9,35.0,0.01,0,62540
1114083,36.84,36.81,34.09,35.3,1,0,11.16,14.43,36.81,0.9,0.3,20008,0,30.9,35.0,0.0,0,63040
1114592,36.79,36.8,34.09,35.3,1,0,10.84,14.41,36.81,0.9,0.3,20008,0,30.9,35.0,0.0,0,63540
1115101,36.78,36.8,34.09,35.3,1,0,10.96,14.41,36.81,0.9,0.3,20008,0,30.92,35.0,0.01,0,64040
1115610,36.78,36.79,34.09,35.3,1,0,10.96,14.42,36.81,0.9,0.3,20008,0,30.92,35.0,0.02,0,64540
1116119,36.76,36.78,34.09,35.3,1,0,10.78,14.42,36.81,0.9,0.3,20008,0,30.9,35.0,0.02,0,65040
1116628,36.76,36.77,34.09,35.3,1,0,10.78,14.4,36.81,0.9,0.3,20008,0,30.9,35.0,0.03,0,65540
1117137,36.79,36.77,34.09,35.3,1,0,10.89,14.4,36.81,0.9,0.3,20008,0,30.92,35.0,0.04,0,66040
1117646,36.81,36.78,34.09,35.3,1,0,10.71,14.42,36.81,0.9,0.3,20008,0,30.92,35.0,0.03,0,66540
1118155,36.81,36.8,34.09,35.3,1,0,10.71,14.43,36.81,0.9,0.3,20008,0,30.92,35.0,0.01,0,67040
1118664,36.78,36.79,34.09,35.3,1,0,10.67,14.42,36.81,0.9,0.3,20008,0,30.92,35.0,0.02,0,67540
1119173,36.78,36.78,34.09,35.3,1,0,10.67,14.42,36.81,0.9,0.3,20008,0,30.92,35.0,0.02,0,68040
1119682,36.81,36.78,34.09,35.3,1,0,10.76,14.42,36.81,0.9,0.3,20008,0,30.93,35.0,0.02,0,68540
1120190,36.81,36.8,34.09,35.3,1,0,10.76,14.44,36.81,0.9,0.3,20008,0,30.93,35.0,0.01,0,69040
1120699,36.81,36.8,34.09,35.3,1,0,10.49,14.44,36.81,0.9,0.3,20008,0,30.92,35.0,0.0,0,69540
1121208,36.82,36.81,34.09,35.3,1,0,10.76,14.43,36.81,0.9,0.3,20008,0,30.92,35.0,0.0,0,70040
1121717,36.82,36.82,34.09,35.3,1,0,10.76,14.44,36.82,0.9,0.3,20008,0,30.92,35.0,0.0,0,70540
1122226,36.82,36.82,34.09,35.3,1,0,10.76,14.44,36.82,0.9,0.3,20008,0,30.92,35.0,0.0,0,71040
1122735,36.82,36.82,34.09,35.3,1,0,10.82,14.44,36.82,0.9,0.3,20008,0,30.92,35.0,0.0,0,71540
1123244,36.82,36.82,34.09,35.3,1,0,10.82,14.44,36.82,0.9,0.3,20008,0,30.92,35.0,0.0,0,72040
1123753,36.82,36.82,34.09,35.3,1,0,10.82,14.44,36.82,0.9,0.3,20008,0,30.92,35.0,0.0,0,72540
1124262,36.84,36.82,34.09,35.3,1,0,10.55,14.44,36.82,0.9,0.3,20008,0,30.93,35.0,0.0,0,73040
1124771,36.84,36.83,34.09,35.3,1,0,10.55,14.46,36.83,0.9,0.3,20008,0,30.93,35.0,0.0,0,73540
1125280,36.81,36.84,34.09,35.3,1,0,10.49,14.46,36.84,0.9,0.3,20008,0,30.92,35.0,0.0,0,74040
1125789,36.81,36.82,34.09,35.3,1,0,10.49,14.43,36.84,0.9,0.3,20008,0,30.92,35.0,0.01,0,75042
1126298,36.8,36.81,34.09,35.3,1,1,10.26,14.44,36.84,0.9,0.3,20008,0,30.93,35.0,0.03,1,75542
1126807,36.8,36.8,34.09,35.3,1,1,10.26,14.44,36.84,0.9,0.3,20008,0,30.93,35.0,0.03,1,76042
1127316,36.78,36.79,34.09,35.3,1,1,10.58,14.41,36.84,0.9,0.3,20008,0,30.9,35.0,0.04,1,76542
1127825,36.81,36.8,34.09,35.3,1,1,10.62,14.42,36.84,0.9,0.3,20008,0,30.9,35.0,0.03,1,77042
1128334,36.81,36.8,34.09,35.3,1,1,10.62,14.42,36.84,0.9,0.3,20008,0,30.9,35.0,0.03,1,77542
1128843,36.82,36.81,34.09,35.3,1,1,10.91,14.43,36.84,0.9,0.3,20008,0,30.9,35.0,0.02,1,78042
1129351,36.82,36.82,34.09,35.3,1,1,10.91,14.43,36.84,0.9,0.3,20008,0,30.9,35.0,0.01,1,78542
1129860,36.87,36.84,34.09,35.3,1,1,11.31,14.47,36.84,0.9,0.3,20008,0,30.93,35.0,0.0,1,79042
1130369,36.9,36.87,34.09,35.3,1,1,11.33,14.47,36.87,0.9,0.3,20008,0,30.92,35.0,0.0,1,79542
1130878,36.72,36.8,34.09,35.3,1,0,12.42,14.4,36.87,0.9,0.3,20008,0,30.92,35.0,0.07,1,80042
1131387,36.72,36.76,34.09,35.3,1,0,12.42,14.4,36.87,0.9,0.3,20008,0,30.92,35.0,0.11,1,80542
1131896,36.72,36.74,34.09,35.3,1,0,12.42,14.4,36.87,0.9,0.3,20008,0,30.92,35.0,0.12,1,81042
1132405,36.22,36.48,34.09,35.3,1,0,11.91,14.16,36.87,0.9,0.3,20008,1,30.89,35.0,0.38,1,81542
1132914,35.99,36.24,34.09,35.3,1,0,12.02,14.05,36.87,0.9,0.3,20008,1,30.87,35.0,0.63,1,82042
1133423,35.99,36.11,34.09,35.3,1,0,12.02,14.05,36.87,0.9,0.3,20008,1,30.87,35.0,0.75,1,82542
1133932,35.8,35.95,34.09,35.3,1,0,12.17,13.95,36.87,0.9,0.3,20008,1,30.86,35.0,0.91,1,83042
1134441,35.68,35.82,34.09,35.3,1,0,11.38,13.9,36.87,0.9,0.3,20008,1,30.86,35.0,1.05,1,83542
1134950,35.62,35.75,34.09,35.3,1,0,11.24,13.9,36.87,0.9,0.3,20008,1,30.85,35.0,1.12,1,84042
1135459,35.62,35.69,34.09,35.3,1,0,11.24,13.87,36.87,0.9,0.3,20008,1,30.85,35.0,1.18,1,84542
1135968,35.51,35.65,34.09,35.3,1,0,11.07,13.87,36.87,0.9,0.3,20008,1,30.85,35.0,1.21,1,85042
1136479,35.51,35.58,34.09,35.3,1,0,11.07,13.81,36.87,0.9,0.3,20008,1,30.85,35.0,1.28,1,85542
1136988,35.49,35.54,34.09,35.3,1,0,10.78,13.82,36.87,0.9,0.3,20008,1,30.86,35.0,1.33,1,86042
1137497,35.43,35.51,34.09,35.3,1,0,10.84,13.82,36.87,0.9,0.3,20008,1,30.82,35.0,1.35,1,86542
1138006,35.43,35.47,34.09,35.3,1,0,10.84,13.76,36.87,0.9,0.3,20008,1,30.82,35.0,1.39,1,87042
1138515,35.43,35.45,34.09,35.3,1,0,10.84,13.76,36.87,0.9,0.3,20008,1,30.82,35.0,1.41,1,87542
1139024,35.45,35.44,34.09,35.3,1,0,10.71,13.76,36.87,0.9,0.3,20008,1,30.85,35.0,1.42,1,88042
1139533,35.45,35.44,34.09,35.3,1,0,10.71,13.79,36.87,0.9,0.3,20008,1,30.85,35.0,1.42,1,88542
1140042,35.45,35.45,34.09,35.3,1,0,10.71,13.79,36.87,0.9,0.3,20008,1,30.85,35.0,1.42,1,89042
1140551,35.4,35.42,34.09,35.3,1,0,10.76,13.76,36.87,0.9,0.3,20008,1,30.83,35.0,1.44,1,89542
1141060,35.4,35.41,34.09,35.3,1,0,10.76,13.76,36.87,0.9,0.3,20008,1,30.83,35.0,1.45,1,90042
1141569,35.36,35.39,34.09,35.3,1,0,10.6,13.75,36.87,0.9,0.3,20008,1,30.85,35.0,1.48,1,90542
1142078,35.45,35.42,34.09,35.3,1,0,10.38,13.78,36.87,0.9,0.3,20008,1,30.83,35.0,1.45,1,91053
1142591,35.48,35.43,34.09,35.3,1,0,10.53,13.78,36.87,0.9,0.3,20008,1,30.86,35.0,1.43,1,91553
1143100,35.48,35.45,34.09,35.3,1,0,10.53,13.81,36.87,0.9,0.3,20008,1,30.86,35.0,1.41,1,92053
1143609,35.45,35.45,34.09,35.3,1,0,10.64,13.8,36.87,0.9,0.3,20008,1,30.86,35.0,1.41,1,92553
1144118,35.45,35.45,34.09,35.3,1,0,10.64,13.8,36.87,0.9,0.3,20008,1,30.86,35.0,1.41,1,93053
1144627,35.56,35.45,34.09,35.3,1,0,10.26,13.8,36.87,0.9,0.3,20008,1,30.85,35.0,1.41,1,93553
1145136,35.56,35.51,34.09,35.3,1,0,10.26,13.84,36.87,0.9,0.3,20008,1,30.85,35.0,1.36,1,94053
1145645,35.56,35.54,34.09,35.3,1,0,10.26,13.84,36.87,0.9,0.3,20008,1,30.85,35.0,1.33,1,94553
1146154,35.56,35.55,34.09,35.3,1,0,10.26,13.84,36.87,0.9,0.3,20008,1,30.85,35.0,1.32,1,95053
1146663,35.56,35.56,34.09,35.3,1,0,10.26,13.84,36.87,0.9,0.3,20008,1,30.85,35.0,1.31,1,95553
1147172,35.64,35.6,34.09,35.3,1,0,9.66,13.88,36.87,0.9,0.3,20008,1,30.86,35.0,1.27,1,96053
1147697,35.65,35.62,34.09,35.3,1,0,9.91,13.88,36.87,0.9,0.3,20008,1,30.86,35.0,1.25,1,96553
1148206,35.65,35.64,34.09,35.3,1,0,9.91,13.89,36.87,0.9,0.3,20008,1,30.86,35.0,1.23,1,97053
1148715,35.71,35.64,34.09,35.3,1,0,10.29,13.89,36.87,0.9,0.3,20008,1,30.87,35.0,1.22,1,97553
1149224,35.7,35.68,34.09,35.3,1,0,10.26,13.93,36.87,0.9,0.3,20008,1,30.87,35.0,1.19,1,98053
1149733,35.7,35.69,34.09,35.3,1,0,10.26,13.92,36.87,0.9,0.3,20008,1,30.87,35.0,1.18,1,98553
1150242,35.77,35.73,34.09,35.3,1,0,10.29,13.95,36.87,0.9,0.3,20008,1,30.87,35.0,1.14,1,99053
1150751,35.77,35.75,34.09,35.3,1,0,10.29,13.95,36.87,0.9,0.3,20008,1,30.87,35.0,1.11,1,99553
1151260,35.83,35.76,34.09,35.3,1,0,10.11,13.95,36.87,0.9,0.3,20008,1,30.86,35.0,1.1,1,100053
1151769,35.83,35.79,34.09,35.3,1,0,10.2,13.97,36.87,0.9,0.3,20008,1,30.87,35.0,1.07,1,100553
1152278,35.86,35.81,34.09,35.3,1,0,10.73,13.98,36.87,0.9,0.3,20008,1,30.87,35.0,1.05,1,101053
1152787,35.86,35.83,34.09,35.3,1,0,10.08,13.99,36.87,0.9,0.3,20008,1,30.87,35.0,1.03,1,101553
1153297,35.86,35.85,34.09,35.3,1,0,10.08,13.99,36.87,0.9,0.3,20008,1,30.87,35.0,1.02,1,102054
1153806,35.93,35.89,34.09,35.3,1,0,10.22,14.01,36.87,0.9,0.3,20008,1,30.86,35.0,0.97,1,103059
1154315,35.93,35.91,34.09,35.3,1,0,10.22,14.01,36.87,0.9,0.3,20008,1,30.86,35.0,0.95,1,103559
1154824,35.93,35.92,34.09,35.3,1,0,10.22,14.01,36.87,0.9,0.3,20008,1,30.86,35.0,0.94,1,104059
1155333,35.99,35.95,34.09,35.3,1,0,10.02,14.04,36.87,0.9,0.3,20008,1,30.86,35.0,0.91,1,104559
1155842,35.99,35.97,34.09,35.3,1,0,10.02,14.04,36.87,0.9,0.3,20008,1,30.86,35.0,0.89,1,105059
1156351,35.99,35.98,34.09,35.3,1,0,10.02,14.04,36.87,0.9,0.3,20008,1,30.86,35.0,0.88,1,105559
1156860,36.0,35.99,34.09,35.3,1,0,10.22,14.05,36.87,0.9,0.3,20008,1,30.87,35.0,0.87,1,106059
1157369,36.0,36.0,34.09,35.3,1,0,10.22,14.05,36.87,0.9,0.3,20008,1,30.87,35.0,0.87,1,106559
1157879,36.0,36.0,34.09,35.3,1,0,10.22,14.05,36.87,0.9,0.3,20008,1,30.87,35.0,0.86,1,107059
1158389,36.05,36.02,34.09,35.3,1,1,10.0,14.09,36.87,0.9,0.3,20008,1,30.89,35.0,0.84,1,107559
1158898,36.05,36.04,34.09,35.3,1,1,10.0,14.09,36.87,0.9,0.3,20008,1,30.89,35.0,0.83,1,108059
1159407,36.05,36.04,34.09,35.3,1,1,10.0,14.09,36.87,0.9,0.3,20008,1,30.89,35.0,0.82,1,108559
1159916,36.05,36.05,34.09,35.3,1,1,10.0,14.09,36.87,0.9,0.3,20008,1,30.89,35.0,0.82,1,109059
1160425,36.02,36.05,34.09,35.3,1,1,10.38,14.09,36.87,0.9,0.3,20008,1,30.9,35.0,0.82,1,109559
1160934,36.09,36.03,34.09,35.3,1,1,10.33,14.09,36.87,0.9,0.3,20008,1,30.87,35.0,0.83,1,110059
1161443,36.09,36.06,34.09,35.3,1,1,10.33,14.09,36.87,0.9,0.3,20008,1,30.87,35.0,0.8,1,110559
1161952,36.08,36.08,34.09,35.3,1,1,11.02,14.09,36.87,0.9,0.3,20008,1,30.87,35.0,0.79,1,111059
1162461,36.08,36.08,34.09,35.3,1,1,11.02,14.08,36.87,0.9,0.3,20008,1,30.87,35.0,0.79,1,111559
1162970,35.99,36.03,34.09,35.3,1,1,11.2,14.05,36.87,0.9,0.3,20008,1,30.87,35.0,0.83,1,112059
1163479,35.79,35.91,34.09,35.3,1,1,11.56,13.96,36.87,0.9,0.3,20008,1,30.87,35.0,0.96,1,112559
1163988,35.79,35.85,34.09,35.3,1,1,11.56,13.96,36.87,0.9,0.3,20008,1,30.87,35.0,1.02,1,113059
1164497,35.42,35.63,34.09,35.3,1,1,11.78,13.78,36.87,0.9,0.3,20008,1,30.85,35.0,1.23,1,113562
1165006,35.42,35.53,34.09,35.3,1,1,11.78,13.78,36.87,0.9,0.3,20008,1,30.85,35.0,1.34,1,114062
1165515,35.42,35.47,34.09,35.3,1,1,11.78,13.78,36.87,0.9,0.3,20008,1,30.85,35.0,1.39,1,114562
1166024,35.42,35.45,34.09,35.3,1,1,11.78,13.78,36.87,0.9,0.3,20008,1,30.85,35.0,1.42,1,115062
1166533,34.96,35.2,34.09,35.3,0,0,12.11,13.55,36.87,0.9,0.3,115562,0,30.82,35.0,1.66,1,0
1167042,34.8,35.0,33.95,35.3,0,0,12.17,13.48,35.0,1.04,0.3,115562,0,30.82,35.0,0.0,1,500
1167551,34.8,34.9,33.95,35.3,0,0,12.17,13.48,34.9,1.04,0.3,115562,0,30.82,35.0,0.0,1,1000
1168060,34.8,34.85,33.95,35.3,0,0,12.17,13.48,34.85,1.04,0.3,115562,0,30.82,35.0,0.0,1,1500
1168569,34.53,34.69,33.95,35.3,0,0,11.91,13.36,34.69,1.04,0.3,115562,0,30.82,35.0,0.0,1,2000
1169078,34.53,34.61,33.95,35.3,0,0,11.91,13.36,34.61,1.04,0.3,115562,0,30.82,35.0,0.0,1,2500
1169587,34.47,34.54,33.95,35.3,0,0,11.51,13.31,34.54,1.04,0.3,115562,0,30.79,35.0,0.0,1,3000
1170096,34.42,34.48,33.95,35.3,0,0,11.53,13.29,34.48,1.04,0.3,115562,0,30.79,35.0,0.0,1,3505
1170605,34.42,34.45,33.95,35.3,0,0,11.53,13.29,34.45,1.04,0.3,115562,0,30.79,35.0,0.0,1,4005
1171114,34.42,34.44,33.95,35.3,0,0,11.53,13.29,34.44,1.04,0.3,115562,0,30.79,35.0,0.0,1,4505
1171623,34.42,34.43,33.95,35.3,0,0,11.53,13.29,34.43,1.04,0.3,115562,0,30.79,35.0,0.0,1,5005
1172132,34.42,34.43,33.95,35.3,0,0,11.53,13.29,34.43,1.04,0.3,115562,0,30.79,35.0,0.0,1,5505
1172641,34.42,34.43,33.95,35.3,0,0,11.53,13.29,34.43,1.04,0.3,115562,0,30.79,35.0,0.0,1,6005
1173150,34.38,34.42,33.95,35.3,0,0,11.49,13.29,34.42,1.04,0.3,115562,0,30.79,35.0,0.0,1,6505
1173659,34.38,34.4,33.95,35.3,0,0,11.49,13.27,34.4,1.04,0.3,115562,0,30.79,35.0,0.0,1,7005
1174168,34.38,34.39,33.95,35.3,0,0,11.44,13.27,34.39,1.04,0.3,115562,0,30.76,35.0,0.0,1,7505
1174677,34.38,34.38,33.95,35.3,0,0,11.44,13.24,34.38,1.04,0.3,115562,0,30.76,35.0,0.0,1,8005
1175186,34.43,34.41,33.95,35.3,0,0,11.49,13.27,34.38,1.04,0.3,115562,0,30.76,35.0,0.02,1,8505
1175695,34.39,34.42,33.95,35.3,0,0,11.47,13.27,34.38,1.04,0.3,115562,0,30.78,35.0,0.03,1,9005
1176204,34.39,34.41,33.95,35.3,0,0,11.47,13.26,34.38,1.04,0.3,115562,0,30.78,35.0,0.02,1,9505
1176713,34.39,34.4,33.95,35.3,0,0,11.47,13.26,34.38,1.04,0.3,115562,0,30.78,35.0,0.01,1,10005
1177222,34.44,34.4,33.95,35.3,0,0,11.58,13.26,34.38,1.04,0.3,115562,0,30.78,35.0,0.01,1,10505
1177731,34.44,34.42,33.95,35.3,0,0,11.58,13.29,34.38,1.04,0.3,115562,0,30.78,35.0,0.03,1,11005
1178240,34.51,34.43,33.95,35.3,0,0,11.64,13.29,34.38,1.04,0.3,115562,0,30.79,35.0,0.04,1,11505
1178749,34.48,34.47,33.95,35.3,0,0,11.82,13.33,34.38,1.04,0.3,115562,0,30.78,35.0,0.08,1,12005
1179258,34.48,34.47,33.95,35.3,0,0,11.8,13.3,34.38,1.04,0.3,115562,0,30.79,35.0,0.09,1,12505
1179767,34.48,34.48,33.95,35.3,0,0,11.8,13.32,34.38,1.04,0.3,115562,0,30.79,35.0,0.09,1,13005
1180276,34.48,34.48,33.95,35.3,0,0,11.8,13.32,34.38,1.04,0.3,115562,0,30.79,35.0,0.09,1,13505
1180785,34.49,34.48,33.95,35.3,0,0,12.17,13.32,34.38,1.04,0.3,115562,0,30.76,35.0,0.09,1,14005
1181294,34.49,34.49,33.95,35.3,0,0,12.17,13.3,34.38,1.04,0.3,115562,0,30.76,35.0,0.1,1,14505
1181803,34.58,34.49,33.95,35.3,0,0,11.6,13.3,34.38,1.04,0.3,115562,0,30.79,35.0,0.1,1,15005
1182312,34.58,34.54,33.95,35.3,0,0,11.6,13.36,34.38,1.04,0.3,115562,1,30.79,35.0,0.15,1,15505
1182821,34.64,34.6,33.95,35.3,0,0,12.28,13.37,34.38,1.04,0.3,115562,1,30.78,35.0,0.21,1,16512
1183330,34.64,34.62,33.95,35.3,0,0,12.28,13.37,34.38,1.04,0.3,115562,1,30.78,35.0,0.23,1,17012
1183839,34.65,34.64,33.95,35.3,0,0,12.33,13.4,34.38,1.04,0.3,115562,1,30.8,35.0,0.25,1,17512
1184348,34.71,34.68,33.95,35.3,0,0,12.39,13.42,34.38,1.04,0.3,115562,1,30.79,35.0,0.29,1,18012
1184857,34.73,34.7,33.95,35.3,0,0,12.66,13.44,34.38,1.04,0.3,115562,1,30.8,35.0,0.31,1,18512
1185366,34.73,34.71,33.95,35.3,0,0,12.66,13.44,34.38,1.04,0.3,115562,1,30.8,35.0,0.33,1,19012
1185875,34.73,34.72,33.95,35.3,0,0,12.57,13.45,34.38,1.04,0.3,115562,1,30.82,35.0,0.34,1,19512
1186384,34.83,34.78,33.95,35.3,1,0,12.72,13.5,34.38,1.04,0.3,20012,0,30.82,35.0,0.39,0,0
1186892,34.85,34.81,33.95,35.34,1,0,13.05,13.49,34.81,1.04,0.34,20012,0,30.8,35.0,0.0,0,500
1187400,34.85,34.83,33.95,35.34,1,0,13.05,13.49,34.83,1.04,0.34,20012,0,30.8,35.0,0.0,0,1000
1187909,34.83,34.83,33.95,35.34,1,0,12.99,13.51,34.83,1.04,0.34,20012,0,30.83,35.0,0.0,0,1500
1188418,34.89,34.86,33.95,35.34,1,0,13.25,13.51,34.86,1.04,0.34,20012,0,30.8,35.0,0.0,0,2000
1188927,34.95,34.87,33.95,35.34,1,0,13.4,13.51,34.87,1.04,0.34,20012,0,30.79,35.0,0.0,0,2500
1189436,34.95,34.91,33.95,35.34,1,0,13.4,13.52,34.91,1.04,0.34,20012,0,30.79,35.0,0.0,0,3000
1189945,34.95,34.93,33.95,35.34,1,0,13.4,13.52,34.93,1.04,0.34,20012,0,30.79,35.0,0.0,0,3500
1190454,35.04,34.98,33.95,35.34,1,0,12.7,13.59,34.98,1.04,0.34,20012,0,30.82,35.0,0.0,0,4000
1190962,35.04,35.01,33.95,35.34,1,0,12.7,13.59,35.01,1.04,0.34,20012,0,30.82,35.0,0.0,0,4500
1191471,35.04,35.02,33.95,35.34,1,0,12.66,13.6,35.02,1.04,0.34,20012,0,30.83,35.0,0.0,0,5000
1191980,35.04,35.03,33.95,35.34,1,0,12.66,13.6,35.03,1.04,0.34,20012,0,30.83,35.0,0.0,0,5500
1192489,35.11,35.07,33.95,35.34,1,0,13.45,13.62,35.07,1.04,0.34,20012,0,30.82,35.0,0.0,0,6012
1192998,35.11,35.09,33.95,35.34,1,0,13.45,13.62,35.09,1.04,0.34,20012,0,30.82,35.0,0.0,0,6512
1193507,35.11,35.1,33.95,35.34,1,0,13.62,13.62,35.1,1.04,0.34,20012,0,30.82,35.0,0.0,0,7012
1194016,35.2,35.1,33.95,35.34,1,0,13.58,13.62,35.1,1.04,0.34,20012,0,30.83,35.0,0.0,0,7512
1194525,35.2,35.15,33.95,35.34,1,0,13.58,13.67,35.15,1.04,0.34,20012,0,30.83,35.0,0.0,0,8012
1195034,35.2,35.17,33.95,35.34,1,0,13.49,13.67,35.17,1.04,0.34,20012,0,30.83,35.0,0.0,0,8512
1195543,35.18,35.19,33.95,35.34,1,0,13.56,13.67,35.19,1.04,0.34,20012,0,30.83,35.0,0.0,0,9012
1196052,35.18,35.18,33.95,35.34,1,0,13.56,13.66,35.19,1.04,0.34,20012,0,30.83,35.0,0.0,0,9512
1196561,35.18,35.18,33.95,35.34,1,0,13.56,13.66,35.19,1.04,0.34,20012,0,30.83,35.0,0.0,0,10012
1197074,35.3,35.18,33.95,35.34,1,0,13.58,13.66,35.19,1.04,0.34,20012,0,30.83,35.0,0.0,0,10512
1197583,35.3,35.24,33.95,35.34,1,0,13.58,13.71,35.24,1.04,0.34,20012,0,30.83,35.0,0.0,0,11012
1198092,35.29,35.26,33.95,35.34,1,0,13.53,13.72,35.26,1.04,0.34,20012,0,30.85,35.0,0.0,0,11512
1198601,35.3,35.28,33.95,35.34,1,0,13.4,13.72,35.28,1.04,0.34,20012,0,30.83,35.0,0.0,0,12012
1199110,35.32,35.29,33.95,35.34,1,0,13.69,13.71,35.29,1.04,0.34,20012,0,30.85,35.0,0.0,0,12512
1199619,35.32,35.3,33.95,35.34,1,0,13.69,13.73,35.3,1.04,0.34,20012,0,30.85,35.0,0.0,0,13012
1200128,35.36,35.33,33.95,35.34,1,0,13.42,13.76,35.33,1.04,0.34,20012,0,30.86,35.0,0.0,0,13512
1200651,35.38,35.34,33.95,35.34,1,0,13.38,13.76,35.34,1.04,0.34,20012,0,30.87,35.0,0.0,0,14012
1201160,35.38,35.36,33.95,35.34,1,0,13.38,13.78,35.36,1.04,0.34,20012,0,30.87,35.0,0.0,0,14512
1201669,35.4,35.37,33.95,35.34,1,0,13.42,13.78,35.37,1.04,0.34,20012,0,30.85,35.0,0.0,0,15012
1202178,35.4,35.39,33.95,35.34,1,0,13.42,13.77,35.39,1.04,0.34,20012,0,30.85,35.0,0.0,0,15512
1202687,35.4,35.4,33.95,35.34,1,0,13.42,13.77,35.4,1.04,0.34,20012,0,30.85,35.0,0.0,0,16012
1203196,35.4,35.4,33.95,35.34,1,0,13.42,13.77,35.4,1.04,0.34,20012,0,30.85,35.0,0.0,0,16512
1203705,35.46,35.4,33.95,35.34,1,0,13.21,13.77,35.4,1.04,0.34,20012,0,30.86,35.0,0.0,0,17012
1204214,35.46,35.43,33.95,35.34,1,0,13.21,13.81,35.43,1.04,0.34,20012,0,30.86,35.0,0.0,0,17512
1204723,35.52,35.45,33.95,35.34,1,0,13.18,13.81,35.45,1.04,0.34,20012,0,30.86,35.0,0.0,0,18012
1205232,35.52,35.49,33.95,35.34,1,0,13.18,13.83,35.49,1.04,0.34,20012,0,30.86,35.0,0.0,0,18512
1205744,35.52,35.5,33.95,35.34,1,0,13.18,13.83,35.5,1.04,0.34,20012,0,30.86,35.0,0.0,0,19012
1206253,35.55,35.51,33.95,35.34,1,0,13.25,13.83,35.51,1.04,0.34,20012,0,30.86,35.0,0.0,0,19512
1206762,35.58,35.53,33.95,35.34,1,0,13.07,13.85,35.53,1.04,0.34,20012,0,30.89,35.0,0.0,0,20012
1207271,35.61,35.56,33.95,35.34,1,0,12.92,13.89,35.56,1.04,0.34,20012,0,30.87,35.0,0.0,0,20512
1207780,35.61,35.58,33.95,35.34,1,0,12.92,13.88,35.58,1.04,0.34,20012,0,30.87,35.0,0.0,0,21012
1208289,35.61,35.6,33.95,35.34,1,0,12.92,13.88,35.6,1.04,0.34,20012,0,30.87,35.0,0.0,0,21512
1208798,35.64,35.62,33.95,35.34,1,0,12.92,13.9,35.62,1.04,0.34,20012,0,30.87,35.0,0.0,0,22012
1209307,35.64,35.63,33.95,35.34,1,0,12.92,13.9,35.63,1.04,0.34,20012,0,30.87,35.0,0.0,0,22512
1209816,35.64,35.63,33.95,35.34,1,0,12.92,13.9,35.63,1.04,0.34,20012,0,30.87,35.0,0.0,0,23012
1210325,35.64,35.64,33.95,35.34,1,0,12.92,13.9,35.64,1.04,0.34,20012,0,30.87,35.0,0.0,0,23512
1210834,35.7,35.67,33.95,35.34,1,0,12.96,13.95,35.67,1.04,0.34,20012,0,30.9,35.0,0.0,0,24513
1211343,35.7,35.69,33.95,35.34,1,0,12.96,13.95,35.69,1.04,0.34,20012,0,30.9,35.0,0.0,0,25013
1211852,35.74,35.71,33.95,35.34,1,0,12.92,13.94,35.71,1.04,0.34,20012,0,30.87,35.0,0.0,0,25518
1212361,35.74,35.73,33.95,35.34,1,0,12.92,13.94,35.73,1.04,0.34,20012,0,30.87,35.0,0.0,0,26018
1212870,35.77,35.75,33.95,35.34,1,0,12.55,13.95,35.75,1.04,0.34,20012,0,30.87,35.0,0.0,0,26518
1213379,35.81,35.78,33.95,35.34,1,0,12.83,13.96,35.78,1.04,0.34,20012,0,30.86,35.0,0.0,0,27018
1213888,35.81,35.8,33.95,35.34,1,0,12.83,13.96,35.8,1.04,0.34,20012,0,30.86,35.0,0.0,0,27518
1214397,35.79,35.79,33.95,35.34,1,0,12.96,13.96,35.8,1.04,0.34,20012,0,30.87,35.0,0.0,0,28018
1214906,35.79,35.79,33.95,35.34,1,0,12.96,13.96,35.8,1.04,0.34,20012,0,30.87,35.0,0.0,0,28518
1215415,35.79,35.79,33.95,35.34,1,0,12.96,13.96,35.8,1.04,0.34,20012,0,30.87,35.0,0.01,0,29018
1215924,35.79,35.79,33.95,35.34,1,0,12.96,13.96,35.8,1.04,0.34,20012,0,30.87,35.0,0.01,0,29518
1216433,35.92,35.85,33.95,35.34,1,0,12.5,14.03,35.85,1.04,0.34,20012,0,30.89,35.0,0.0,0,30018
1216942,35.89,35.87,33.95,35.34,1,0,12.57,14.0,35.87,1.04,0.34,20012,0,30.87,35.0,0.0,0,30518
1217451,35.9,35.89,33.95,35.34,1,0,12.61,14.02,35.89,1.04,0.34,20012,0,30.89,35.0,0.0,0,31018
1217960,35.92,35.89,33.95,35.34,1,0,12.33,14.02,35.89,1.04,0.34,20012,0,30.89,35.0,0.0,0,31518
1218469,35.92,35.91,33.95,35.34,1,0,12.33,14.03,35.91,1.04,0.34,20012,0,30.89,35.0,0.0,0,32018
1218978,35.98,35.94,33.95,35.34,1,0,12.61,14.06,35.94,1.04,0.34,20012,0,30.89,35.0,0.0,0,32518
1219487,35.98,35.96,33.95,35.34,1,0,12.61,14.06,35.96,1.04,0.34,20012,0,30.89,35.0,0.0,0,33018
1219996,36.0,35.97,33.95,35.34,1,0,12.42,14.06,35.97,1.04,0.34,20012,0,30.89,35.0,0.0,0,33518
1220505,36.0,35.99,33.95,35.34,1,0,12.42,14.07,35.99,1.04,0.34,20012,0,30.89,35.0,0.0,0,34018
1221014,36.02,36.0,33.95,35.34,1,0,12.26,14.07,36.0,1.04,0.34,20012,0,30.89,35.0,0.0,0,34518
1221523,36.02,36.01,33.95,35.34,1,0,12.26,14.07,36.01,1.04,0.34,20012,0,30.89,35.0,0.0,0,35018
1222032,35.99,36.01,33.95,35.34,1,0,12.33,14.07,36.01,1.04,0.34,20012,0,30.89,35.0,0.0,0,35518
1222541,35.99,36.0,33.95,35.34,1,0,12.33,14.06,36.01,1.04,0.34,20012,0,30.89,35.0,0.01,0,36018
1223050,35.99,36.0,33.95,35.34,1,0,12.33,14.06,36.01,1.04,0.34,20012,0,30.89,35.0,0.01,0,36518
1223559,36.06,35.99,33.95,35.34,1,0,12.22,14.06,36.01,1.04,0.34,20012,0,30.9,35.0,0.02,0,37018
1224068,36.1,36.03,33.95,35.34,1,0,12.2,14.1,36.03,1.04,0.34,20012,0,30.92,35.0,0.0,0,37518
1224577,36.1,36.06,33.95,35.34,1,0,12.2,14.13,36.06,1.04,0.34,20012,0,30.92,35.0,0.0,0,38018
1225086,36.09,36.08,33.95,35.34,1,0,12.06,14.12,36.08,1.04,0.34,20012,0,30.9,35.0,0.0,0,38518
1225595,36.12,36.09,33.95,35.34,1,0,11.97,14.12,36.09,1.04,0.34,20012,0,30.87,35.0,0.0,0,39018
1226104,36.12,36.1,33.95,35.34,1,0,11.97,14.1,36.1,1.04,0.34,20012,0,30.87,35.0,0.0,0,39518
1226613,36.15,36.11,33.95,35.34,1,0,12.11,14.1,36.11,1.04,0.34,20012,0,30.9,35.0,0.0,0,40019
1227122,36.15,36.13,33.95,35.34,1,0,11.93,14.14,36.13,1.04,0.34,20012,0,30.89,35.0,0.0,0,40519
1227632,36.15,36.14,33.95,35.34,1,0,11.93,14.13,36.14,1.04,0.34,20012,0,30.89,35.0,0.0,0,41021
1228141,36.15,36.15,33.95,35.34,1,0,12.02,14.13,36.15,1.04,0.34,20012,0,30.89,35.0,0.0,0,41522
1228650,36.21,36.15,33.95,35.34,1,0,11.95,14.13,36.15,1.04,0.34,20012,0,30.93,35.0,0.0,0,42022
1229159,36.2,36.18,33.95,35.34,1,0,12.06,14.19,36.18,1.04,0.34,20012,0,30.92,35.0,0.0,0,42522
1229668,36.2,36.19,33.95,35.34,1,0,12.06,14.17,36.19,1.04,0.34,20012,0,30.92,35.0,0.0,0,43022
1230177,36.2,36.19,33.95,35.34,1,0,12.06,14.17,36.19,1.04,0.34,20012,0,30.92,35.0,0.0,0,43522
1230686,36.18,36.19,33.95,35.34,1,0,11.84,14.17,36.19,1.04,0.34,20012,0,30.93,35.0,0.0,0,44022
1231195,36.26,36.19,33.95,35.34,1,0,11.73,14.18,36.19,1.04,0.34,20012,0,30.92,35.0,0.0,0,44522
1231704,36.26,36.22,33.95,35.34,1,0,11.73,14.2,36.22,1.04,0.34,20012,0,30.92,35.0,0.0,0,45022
1232213,36.26,36.24,33.95,35.34,1,0,11.8,14.2,36.24,1.04,0.34,20012,0,30.92,35.0,0.0,0,45522
1232722,36.26,36.25,33.95,35.34,1,0,11.8,14.2,36.25,1.04,0.34,20012,0,30.92,35.0,0.0,0,46022
1233231,36.26,36.25,33.95,35.34,1,0,11.62,14.2,36.25,1.04,0.34,20012,0,30.92,35.0,0.0,0,46522
1233740,36.26,36.25,33.95,35.34,1,0,11.62,14.2,36.25,1.04,0.34,20012,0,30.92,35.0,0.0,0,47022
1234249,36.33,36.25,33.95,35.34,1,0,11.0,14.2,36.25,1.04,0.34,20012,0,30.93,35.0,0.0,0,47522
1234758,36.33,36.29,33.95,35.34,1,0,11.0,14.24,36.29,1.04,0.34,20012,0,30.93,35.0,0.0,0,48022
1235267,36.3,36.31,33.95,35.34,1,0,11.4,14.24,36.31,1.04,0.34,20012,0,30.94,35.0,0.0,0,48522
1235776,36.3,36.31,33.95,35.34,1,0,11.4,14.24,36.31,1.04,0.34,20012,0,30.94,35.0,0.0,0,49022
1236285,36.31,36.3,33.95,35.34,1,0,11.64,14.24,36.31,1.04,0.34,20012,0,30.9,35.0,0.0,0,49522
1236794,36.31,36.31,33.95,35.34,1,0,11.64,14.21,36.31,1.04,0.34,20012,0,30.9,35.0,0.0,0,50022
1237303,36.37,36.31,33.95,35.34,1,0,11.51,14.21,36.31,1.04,0.34,20012,0,30.93,35.0,0.0,0,50522
1237812,36.31,36.34,33.95,35.34,1,0,11.51,14.26,36.34,1.04,0.34,20012,0,30.9,35.0,0.0,0,51022
1238321,36.31,36.33,33.95,35.34,1,0,11.51,14.21,36.34,1.04,0.34,20012,0,30.9,35.0,0.01,0,51522
1238830,36.36,36.32,33.95,35.34,1,0,11.33,14.21,36.34,1.04,0.34,20012,0,30.92,35.0,0.02,0,52022
1239339,36.39,36.34,33.95,35.34,1,0,11.56,14.24,36.34,1.04,0.34,20012,0,30.92,35.0,0.0,0,52522
1239848,36.37,36.37,33.95,35.34,1,0,11.44,14.25,36.37,1.04,0.34,20012,0,30.92,35.0,0.0,0,53527
1240357,36.37,36.37,33.95,35.34,1,0,11.44,14.25,36.37,1.04,0.34,20012,0,30.92,35.0,0.0,0,54027
1240866,36.39,36.38,33.95,35.34,1,0,11.0,14.25,36.38,1.04,0.34,20012,0,30.92,35.0,0.0,0,54527
1241377,36.39,36.38,33.95,35.34,1,0,11.0,14.25,36.38,1.04,0.34,20012,0,30.92,35.0,0.0,0,55027
1241887,36.37,36.38,33.95,35.34,1,0,11.27,14.26,36.38,1.04,0.34,20012,0,30.93,35.0,0.0,0,55527
1242396,36.37,36.38,33.95,35.34,1,0,11.27,14.26,36.38,1.04,0.34,20012,0,30.93,35.0,0.0,0,56027
1242905,36.39,36.38,33.95,35.34,1,0,11.22,14.25,36.38,1.04,0.34,20012,0,30.92,35.0,0.0,0,56527
1243414,36.39,36.38,33.95,35.34,1,0,11.22,14.25,36.38,1.04,0.34,20012,0,30.92,35.0,0.0,0,57027
1243923,36.38,36.38,33.95,35.34,1,0,10.6,14.27,36.38,1.04,0.34,20012,0,30.94,35.0,0.0,0,57527
1244440,36.4,36.38,33.95,35.34,1,0,11.13,14.27,36.38,1.04,0.34,20012,0,30.94,35.0,0.0,0,58027
1244949,36.4,36.39,33.95,35.34,1,0,11.13,14.29,36.39,1.04,0.34,20012,0,30.94,35.0,0.0,0,58527
1245458,36.45,36.42,33.95,35.34,1,0,11.09,14.31,36.42,1.04,0.34,20012,0,30.94,35.0,0.0,0,59027
1245967,36.46,36.44,33.95,35.34,1,0,11.24,14.31,36.44,1.04,0.34,20012,0,30.94,35.0,0.0,0,59527
1246476,36.46,36.45,33.95,35.34,1,0,11.24,14.31,36.45,1.04,0.34,20012,0,30.94,35.0,0.0,0,60027
1246985,36.43,36.44,33.95,35.34,1,0,11.2,14.3,36.45,1.04,0.34,20012,0,30.94,35.0,0.01,0,60527
1247494,36.43,36.44,33.95,35.34,1,0,11.2,14.3,36.45,1.04,0.34,20012,0,30.94,35.0,0.01,0,61027
1248003,36.45,36.44,33.95,35.34,1,0,11.11,14.31,36.45,1.04,0.34,20012,0,30.94,35.0,0.01,0,61527
1248512,36.46,36.45,33.95,35.34,1,0,11.16,14.27,36.45,1.04,0.34,20012,0,30.9,35.0,0.0,0,62027
1249020,36.44,36.45,33.95,35.34,1,0,11.04,14.27,36.45,1.04,0.34,20012,0,30.93,35.0,0.0,0,62527
1249529,36.44,36.45,33.95,35.34,1,0,11.04,14.29,36.45,1.04,0.34,20012,0,30.93,35.0,0.0,0,63027
1250038,36.44,36.45,33.95,35.34,1,0,11.04,14.29,36.45,1.04,0.34,20012,0,30.93,35.0,0.0,0,63527
1250547,36.44,36.45,33.95,35.34,1,0,11.04,14.29,36.45,1.04,0.34,20012,0,30.93,35.0,0.0,0,64027
1251056,36.44,36.44,33.95,35.34,1,0,11.04,14.29,36.45,1.04,0.34,20012,0,30.93,35.0,0.0,0,64527
1251565,36.47,36.44,33.95,35.34,1,0,10.91,14.29,36.45,1.04,0.34,20012,0,30.92,35.0,0.0,0,65027
1252074,36.47,36.46,33.95,35.34,1,0,10.91,14.29,36.46,1.04,0.34,20012,0,30.92,35.0,0.0,0,65527
1252583,36.48,36.47,33.95,35.34,1,0,10.89,14.3,36.47,1.04,0.34,20012,0,30.93,35.0,0.0,0,66027
1253092,36.48,36.47,33.95,35.34,1,0,10.89,14.3,36.47,1.04,0.34,20012,0,30.93,35.0,0.0,0,66527
1253601,36.52,36.49,33.95,35.34,1,0,10.89,14.31,36.49,1.04,0.34,20012,0,30.92,35.0,0.0,0,67027
1254110,36.48,36.49,33.95,35.34,1,0,10.55,14.3,36.49,1.04,0.34,20012,0,30.93,35.0,0.0,0,67527
1254619,36.52,36.48,33.95,35.34,1,0,10.78,14.3,36.49,1.04,0.34,20012,0,30.94,35.0,0.01,0,68027
1255129,36.52,36.5,33.95,35.34,1,0,10.78,14.34,36.5,1.04,0.34,20012,0,30.94,35.0,0.0,0,68527
1255638,36.52,36.51,33.95,35.34,1,0,10.84,14.34,36.51,1.04,0.34,20012,0,30.92,35.0,0.0,0,69027
1256147,36.52,36.51,33.95,35.34,1,0,10.84,14.31,36.51,1.04,0.34,20012,0,30.92,35.0,0.0,0,69527
1256656,36.48,36.52,33.95,35.34,1,0,10.71,14.31,36.52,1.04,0.34,20012,0,30.94,35.0,0.0,0,70027
1257165,36.48,36.5,33.95,35.34,1,0,10.71,14.32,36.52,1.04,0.34,20012,0,30.94,35.0,0.01,0,70527
1257674,36.55,36.52,33.95,35.34,1,0,11.0,14.36,36.52,1.04,0.34,20012,0,30.96,35.0,0.0,0,71027
1258183,36.49,36.54,33.95,35.34,1,0,10.89,14.36,36.54,1.04,0.34,20012,0,30.94,35.0,0.0,0,71527
1258692,36.49,36.51,33.95,35.34,1,0,10.89,14.32,36.54,1.04,0.34,20012,0,30.94,35.0,0.02,0,72027
1259201,36.49,36.5,33.95,35.34,1,0,10.89,14.32,36.54,1.04,0.34,20012,0,30.94,35.0,0.03,0,72527
1259710,36.52,36.51,33.95,35.34,1,0,10.69,14.34,36.54,1.04,0.34,20012,0,30.94,35.0,0.02,0,73027
1260219,36.52,36.52,33.95,35.34,1,0,10.69,14.34,36.54,1.04,0.34,20012,0,30.94,35.0,0.01,0,73527
1260728,36.52,36.52,33.95,35.34,1,0,10.67,14.34,36.54,1.04,0.34,20012,0,30.93,35.0,0.01,0,74027
1261237,36.49,36.52,33.95,35.34,1,0,10.69,14.32,36.54,1.04,0.34,20012,0,30.93,35.0,0.01,0,74527
1261746,36.49,36.5,33.95,35.34,1,0,10.67,14.31,36.54,1.04,0.34,20012,0,30.93,35.0,0.03,0,75027
1262255,36.49,36.5,33.95,35.34,1,0,10.67,14.31,36.54,1.04,0.34,20012,0,30.93,35.0,0.03,0,75527
1262764,36.49,36.49,33.95,35.34,1,0,10.67,14.31,36.54,1.04,0.34,20012,0,30.93,35.0,0.04,0,76027
1263273,36.51,36.49,33.95,35.34,1,0,10.33,14.31,36.54,1.04,0.34,20012,0,30.94,35.0,0.04,0,76527
1263782,36.51,36.5,33.95,35.34,1,0,10.33,14.33,36.54,1.04,0.34,20012,0,30.94,35.0,0.03,0,77027
1264291,36.51,36.5,33.95,35.34,1,0,10.33,14.33,36.54,1.04,0.34,20012,0,30.94,35.0,0.03,0,77527
1264800,36.48,36.5,33.95,35.34,1,0,10.55,14.33,36.54,1.04,0.34,20012,0,30.94,35.0,0.03,0,78027
1265309,36.49,36.49,33.95,35.34,1,0,10.44,14.32,36.54,1.04,0.34,20012,0,30.94,35.0,0.04,0,78527
1265818,36.49,36.49,33.95,35.34,1,0,10.44,14.32,36.54,1.04,0.34,20012,0,30.94,35.0,0.04,0,79027
1266327,36.49,36.49,33.95,35.34,1,0,10.49,14.32,36.54,1.04,0.34,20012,0,30.96,35.0,0.04,0,79527
1266836,36.51,36.49,33.95,35.34,1,0,10.6,14.34,36.54,1.04,0.34,20012,0,30.96,35.0,0.04,0,80027
1267345,36.51,36.5,33.95,35.34,1,0,10.6,14.34,36.54,1.04,0.34,20012,0,30.96,35.0,0.03,0,80527
1267854,36.48,36.5,33.95,35.34,1,0,10.42,14.34,36.54,1.04,0.34,20012,0,30.96,35.0,0.03,0,81037
1268363,36.49,36.49,33.95,35.34,1,0,10.44,14.33,36.54,1.04,0.34,20012,0,30.97,35.0,0.04,0,81546
1268872,36.51,36.49,33.95,35.34,1,0,10.22,14.35,36.54,1.04,0.34,20012,0,30.97,35.0,0.04,0,82055
1269381,36.51,36.5,33.95,35.34,1,1,10.55,14.35,36.54,1.04,0.34,20012,0,30.96,35.0,0.03,1,82564
1269890,36.42,36.5,33.95,35.34,1,1,10.35,14.34,36.54,1.04,0.34,20012,0,30.96,35.0,0.03,1,83073
1270399,36.42,36.46,33.95,35.34,1,1,10.35,14.31,36.54,1.04,0.34,20012,0,30.96,35.0,0.07,1,83583
1270908,36.49,36.47,33.95,35.34,1,1,10.6,14.35,36.54,1.04,0.34,20012,0,30.97,35.0,0.06,1,84587
1271417,36.49,36.48,33.95,35.34,1,1,10.67,14.34,36.54,1.04,0.34,20012,0,30.96,35.0,0.05,1,85087
1271926,36.49,36.49,33.95,35.34,1,1,10.67,14.34,36.54,1.04,0.34,20012,0,30.96,35.0,0.04,1,85587
1272435,36.49,36.49,33.95,35.34,1,1,10.67,14.34,36.54,1.04,0.34,20012,0,30.96,35.0,0.04,1,86087
1272944,36.55,36.52,33.95,35.34,1,1,11.24,14.33,36.54,1.04,0.34,20012,0,30.93,35.0,0.01,1,86587
1273453,36.29,36.53,33.95,35.34,1,1,11.38,14.33,36.54,1.04,0.34,20012,0,30.94,35.0,0.0,1,87087
1273962,36.29,36.41,33.95,35.34,1,1,11.38,14.24,36.54,1.04,0.34,20012,0,30.94,35.0,0.12,1,87587
1274471,36.04,36.23,33.95,35.34,1,1,11.64,14.13,36.54,1.04,0.34,20012,1,30.94,35.0,0.31,1,88087
1274980,36.04,36.13,33.95,35.34,1,1,11.64,14.13,36.54,1.04,0.34,20012,1,30.94,35.0,0.4,1,88587
1275489,35.76,35.95,33.95,35.34,1,1,11.91,14.01,36.54,1.04,0.34,20012,1,30.94,35.0,0.58,1,89087
1275998,35.76,35.85,33.95,35.34,1,1,11.91,14.01,36.54,1.04,0.34,20012,1,30.94,35.0,0.68,1,89587
1276507,35.41,35.63,33.95,35.34,1,0,11.97,13.83,36.54,1.04,0.34,20012,1,30.92,35.0,0.9,1,90093
1277016,35.34,35.52,33.95,35.34,1,0,12.2,13.83,36.54,1.04,0.34,20012,1,30.92,35.0,1.01,1,90593
1277526,35.34,35.43,33.95,35.34,1,0,12.2,13.8,36.54,1.04,0.34,20012,1,30.92,35.0,1.1,1,91095
1278035,35.34,35.38,33.95,35.34,1,0,12.2,13.8,36.54,1.04,0.34,20012,1,30.92,35.0,1.15,1,91596
1278544,35.34,35.36,33.95,35.34,1,0,12.2,13.8,36.54,1.04,0.34,20012,1,30.92,35.0,1.17,1,92096
1279053,35.04,35.2,33.95,35.34,0,0,11.64,13.64,36.54,1.04,0.34,92596,0,30.87,35.0,1.33,1,0
1279573,35.01,35.12,33.87,35.34,0,0,11.16,13.64,35.12,1.12,0.34,92596,0,30.85,35.0,0.0,1,500
1280082,35.01,35.07,33.87,35.34,0,0,11.16,13.6,35.07,1.12,0.34,92596,0,30.85,35.0,0.0,1,1000
1280591,34.91,34.99,33.87,35.34,0,0,11.44,13.58,34.99,1.12,0.34,92596,0,30.87,35.0,0.0,1,1500
1281100,34.92,34.95,33.87,35.34,0,0,11.47,13.58,34.95,1.12,0.34,92596,0,30.86,35.0,0.0,1,2000
1281609,34.86,34.94,33.87,35.34,0,0,11.13,13.57,34.94,1.12,0.34,92596,0,30.87,35.0,0.0,1,2500
1282118,34.86,34.9,33.87,35.34,0,0,11.13,13.56,34.9,1.12,0.34,92596,0,30.87,35.0,0.0,1,3000
1282627,34.81,34.85,33.87,35.34,0,0,11.2,13.52,34.85,1.12,0.34,92596,0,30.86,35.0,0.0,1,3500
1283150,34.82,34.83,33.87,35.34,0,0,11.0,13.52,34.83,1.12,0.34,92596,0,30.85,35.0,0.0,1,4000
1283659,34.82,34.83,33.87,35.34,0,0,11.0,13.52,34.83,1.12,0.34,92596,0,30.85,35.0,0.0,1,4500
1284168,34.82,34.82,33.87,35.34,0,0,11.64,13.52,34.82,1.12,0.34,92596,0,30.85,35.0,0.0,1,5000
1284677,34.82,34.82,33.87,35.34,0,0,11.64,13.52,34.82,1.12,0.34,92596,0,30.85,35.0,0.0,1,5500
1285186,34.82,34.82,33.87,35.34,0,0,11.64,13.52,34.82,1.12,0.34,92596,0,30.85,35.0,0.0,1,6000
1285695,34.84,34.82,33.87,35.34,0,0,11.02,13.52,34.82,1.12,0.34,92596,0,30.85,35.0,0.0,1,6500
1286204,34.84,34.83,33.87,35.34,0,0,11.02,13.52,34.82,1.12,0.34,92596,0,30.85,35.0,0.0,1,7000
1286713,34.86,34.83,33.87,35.34,0,0,11.82,13.52,34.82,1.12,0.34,92596,0,30.85,35.0,0.01,1,7500
1287222,34.86,34.85,33.87,35.34,0,0,11.82,13.53,34.82,1.12,0.34,92596,0,30.85,35.0,0.02,1,8000
1287731,34.86,34.86,33.87,35.34,0,0,11.82,13.53,34.82,1.12,0.34,92596,0,30.85,35.0,0.03,1,8500
1288243,34.86,34.86,33.87,35.34,0,0,11.82,13.53,34.82,1.12,0.34,92596,0,30.85,35.0,0.03,1,9000
1288752,34.96,34.86,33.87,35.34,0,0,11.47,13.53,34.82,1.12,0.34,92596,0,30.83,35.0,0.03,1,9500
1289261,34.95,34.91,33.87,35.34,0,0,11.47,13.57,34.82,1.12,0.34,92596,0,30.83,35.0,0.09,1,10000
1289770,34.95,34.93,33.87,35.34,0,0,11.47,13.56,34.82,1.12,0.34,92596,0,30.83,35.0,0.1,1,10500
1290279,34.95,34.94,33.87,35.34,0,0,11.47,13.56,34.82,1.12,0.34,92596,0,30.83,35.0,0.11,1,11000
1290788,34.95,34.95,33.87,35.34,0,0,11.47,13.56,34.82,1.12,0.34,92596,0,30.83,35.0,0.12,1,11500
1291297,35.11,35.03,33.87,35.34,0,0,11.51,13.64,34.82,1.12,0.34,92596,1,30.85,35.0,0.2,1,12000
1291806,35.1,35.07,33.87,35.34,0,0,11.82,13.64,34.82,1.12,0.34,92596,1,30.86,35.0,0.24,1,12500
1292315,35.16,35.08,33.87,35.34,0,0,11.78,13.65,34.82,1.12,0.34,92596,1,30.86,35.0,0.26,1,13000
1292824,35.16,35.12,33.87,35.34,0,0,11.78,13.68,34.82,1.12,0.34,92596,1,30.86,35.0,0.29,1,13500
1293333,35.2,35.16,33.87,35.34,0,0,11.86,13.68,34.82,1.12,0.34,92596,1,30.85,35.0,0.33,1,14005
1293842,35.24,35.18,33.87,35.34,0,0,11.91,13.68,34.82,1.12,0.34,92596,1,30.86,35.0,0.35,1,14505
1294351,35.24,35.21,33.87,35.34,0,0,11.91,13.71,34.82,1.12,0.34,92596,1,30.86,35.0,0.38,1,15005
1294860,35.34,35.23,33.87,35.34,0,0,12.33,13.71,34.82,1.12,0.34,92596,1,30.85,35.0,0.4,1,15505
1295369,35.34,35.29,33.87,35.34,0,0,12.33,13.74,34.82,1.12,0.34,92596,1,30.85,35.0,0.46,1,16005
1295878,35.39,35.31,33.87,35.34,0,0,12.24,13.74,34.82,1.12,0.34,92596,1,30.87,35.0,0.49,1,16505
1296387,35.43,35.35,33.87,35.34,0,0,12.7,13.79,34.82,1.12,0.34,92596,1,30.86,35.0,0.53,1,17005
1296896,35.43,35.39,33.87,35.34,0,0,12.7,13.79,34.82,1.12,0.34,92596,1,30.86,35.0,0.57,1,17505
1297405,35.43,35.41,33.87,35.34,0,0,12.7,13.79,34.82,1.12,0.34,92596,1,30.86,35.0,0.59,1,18005
1297914,35.43,35.42,33.87,35.34,0,0,12.7,13.79,34.82,1.12,0.34,92596,1,30.86,35.0,0.6,1,18505
1298423,35.49,35.46,33.87,35.34,0,0,12.83,13.82,34.82,1.12,0.34,92596,1,30.86,35.0,0.63,1,19506
1298932,35.58,35.52,33.87,35.34,1,0,12.94,13.86,34.82,1.12,0.34,20006,0,30.86,35.0,0.69,0,0
1299444,35.54,35.55,33.87,35.32,1,0,12.81,13.86,35.55,1.12,0.32,20006,0,30.87,35.0,0.0,0,500
1299953,35.54,35.54,33.87,35.32,1,0,12.81,13.85,35.55,1.12,0.32,20006,0,30.87,35.0,0.0,0,1000
1300462,35.57,35.56,33.87,35.32,1,0,13.12,13.88,35.56,1.12,0.32,20006,0,30.89,35.0,0.0,0,1500
1300971,35.57,35.56,33.87,35.32,1,0,13.12,13.88,35.56,1.12,0.32,20006,0,30.89,35.0,0.0,0,2002
1301480,35.61,35.59,33.87,35.32,1,0,13.34,13.88,35.59,1.12,0.32,20006,0,30.87,35.0,0.0,0,2502
1301989,35.61,35.6,33.87,35.32,1,0,13.34,13.88,35.6,1.12,0.32,20006,0,30.87,35.0,0.0,0,3002
1302498,35.62,35.61,33.87,35.32,1,0,13.42,13.89,35.61,1.12,0.32,20006,0,30.87,35.0,0.0,0,3502
1303007,35.62,35.62,33.87,35.32,1,0,13.42,13.89,35.62,1.12,0.32,20006,0,30.87,35.0,0.0,0,4002
1303516,35.66,35.64,33.87,35.32,1,0,13.27,13.92,35.64,1.12,0.32,20006,0,30.89,35.0,0.0,0,4502
1304025,35.66,35.65,33.87,35.32,1,0,13.27,13.92,35.65,1.12,0.32,20006,0,30.89,35.0,0.0,0,5002
1304534,35.61,35.63,33.87,35.32,1,0,13.4,13.9,35.65,1.12,0.32,20006,0,30.89,35.0,0.01,0,5502
1305043,35.68,35.62,33.87,35.32,1,0,13.42,13.9,35.65,1.12,0.32,20006,0,30.89,35.0,0.02,0,6002
1305552,35.68,35.65,33.87,35.32,1,0,13.42,13.93,35.65,1.12,0.32,20006,0,30.89,35.0,0.0,0,6502
1306061,35.71,35.68,33.87,35.32,1,0,13.4,13.93,35.68,1.12,0.32,20006,0,30.87,35.0,0.0,0,7002
1306569,35.74,35.71,33.87,35.32,1,0,13.6,13.96,35.71,1.12,0.32,20006,0,30.89,35.0,0.0,0,7502
1307078,35.73,35.73,33.87,35.32,1,0,13.12,13.96,35.73,1.12,0.32,20006,0,30.9,35.0,0.0,0,8002
1307587,35.73,35.73,33.87,35.32,1,0,13.12,13.96,35.73,1.12,0.32,20006,0,30.9,35.0,0.0,0,8502
1308096,35.76,35.74,33.87,35.32,1,0,14.23,13.97,35.74,1.12,0.32,20006,0,30.9,35.0,0.0,0,9002
1308605,35.77,35.76,33.87,35.32,1,0,13.66,13.97,35.76,1.12,0.32,20006,0,30.89,35.0,0.0,0,9502
1309114,35.74,35.76,33.87,35.32,1,0,13.9,13.97,35.76,1.12,0.32,20006,0,30.9,35.0,0.0,0,10002
1309623,35.74,35.75,33.87,35.32,1,0,13.9,13.97,35.76,1.12,0.32,20006,0,30.9,35.0,0.01,0,10502
1310132,35.8,35.75,33.87,35.32,1,0,13.42,13.97,35.76,1.12,0.32,20006,0,30.92,35.0,0.01,0,11002
1310641,35.8,35.78,33.87,35.32,1,0,13.42,14.0,35.78,1.12,0.32,20006,0,30.92,35.0,0.0,0,11502
1311151,35.8,35.79,33.87,35.32,1,0,13.42,14.0,35.79,1.12,0.32,20006,0,30.92,35.0,0.0,0,12002
1311660,35.8,35.8,33.87,35.32,1,0,13.42,14.0,35.8,1.12,0.32,20006,0,30.92,35.0,0.0,0,12502
1312169,35.89,35.84,33.87,35.32,1,0,13.4,14.02,35.84,1.12,0.32,20006,0,30.89,35.0,0.0,0,13002
1312678,35.88,35.87,33.87,35.32,1,0,13.58,14.02,35.87,1.12,0.32,20006,0,30.89,35.0,0.0,0,13502
1313191,35.88,35.87,33.87,35.32,1,0,13.58,14.01,35.87,1.12,0.32,20006,0,30.89,35.0,0.0,0,14002
1313700,35.88,35.87,33.87,35.32,1,0,13.34,14.01,35.87,1.12,0.32,20006,0,30.92,35.0,0.0,0,14502
1314209,35.88,35.87,33.87,35.32,1,0,13.34,14.04,35.87,1.12,0.32,20006,0,30.92,35.0,0.0,0,15002
1314718,35.93,35.88,33.87,35.32,1,0,13.42,14.04,35.88,1.12,0.32,20006,0,30.92,35.0,0.0,0,15502
1315227,35.93,35.91,33.87,35.32,1,0,13.42,14.06,35.91,1.12,0.32,20006,0,30.92,35.0,0.0,0,16002
1315752,35.95,35.92,33.87,35.32,1,0,13.05,14.06,35.92,1.12,0.32,20006,0,30.92,35.0,0.0,0,16502
1316261,35.95,35.93,33.87,35.32,1,0,13.05,14.07,35.93,1.12,0.32,20006,0,30.92,35.0,0.0,0,17002
1316770,35.95,35.94,33.87,35.32,1,0,13.05,14.07,35.94,1.12,0.32,20006,0,30.92,35.0,0.0,0,17502
1317279,35.95,35.94,33.87,35.32,1,0,13.05,14.07,35.94,1.12,0.32,20006,0,30.92,35.0,0.0,0,18003
1317788,36.02,35.98,33.87,35.32,1,0,13.4,14.11,35.98,1.12,0.32,20006,0,30.93,35.0,0.0,0,18503
1318297,36.05,36.0,33.87,35.32,1,0,13.07,14.11,36.0,1.12,0.32,20006,0,30.89,35.0,0.0,0,19003
1318806,36.05,36.03,33.87,35.32,1,0,13.07,14.09,36.03,1.12,0.32,20006,0,30.89,35.0,0.0,0,19503
1319315,36.04,36.04,33.87,35.32,1,0,13.21,14.09,36.04,1.12,0.32,20006,0,30.92,35.0,0.0,0,20003
1319824,36.06,36.04,33.87,35.32,1,0,13.12,14.1,36.04,1.12,0.32,20006,0,30.92,35.0,0.0,0,20503
1320333,36.06,36.05,33.87,35.32,1,0,13.12,14.12,36.05,1.12,0.32,20006,0,30.92,35.0,0.0,0,21003
1320842,36.06,36.06,33.87,35.32,1,0,13.12,14.12,36.06,1.12,0.32,20006,0,30.92,35.0,0.0,0,21503
1321351,36.1,36.06,33.87,35.32,1,0,12.61,14.12,36.06,1.12,0.32,20006,0,30.93,35.0,0.0,0,22003
1321861,36.1,36.08,33.87,35.32,1,0,13.12,14.14,36.08,1.12,0.32,20006,0,30.92,35.0,0.0,0,22503
1322370,36.1,36.09,33.87,35.32,1,0,13.12,14.13,36.09,1.12,0.32,20006,0,30.92,35.0,0.0,0,23003
1322879,36.15,36.09,33.87,35.32,1,0,12.94,14.13,36.09,1.12,0.32,20006,0,30.93,35.0,0.0,0,23503
1323388,36.15,36.12,33.87,35.32,1,0,12.94,14.17,36.12,1.12,0.32,20006,0,30.93,35.0,0.0,0,24003
1323897,36.15,36.14,33.87,35.32,1,0,12.75,14.17,36.14,1.12,0.32,20006,0,30.93,35.0,0.0,0,24503
1324406,36.15,36.15,33.87,35.32,1,0,12.75,14.17,36.15,1.12,0.32,20006,0,30.93,35.0,0.0,0,25003
1324915,36.2,36.15,33.87,35.32,1,0,12.9,14.17,36.15,1.12,0.32,20006,0,30.92,35.0,0.0,0,25503
1325424,36.2,36.17,33.87,35.32,1,0,12.9,14.17,36.17,1.12,0.32,20006,0,30.92,35.0,0.0,0,26005
1325933,36.18,36.18,33.87,35.32,1,0,12.26,14.15,36.18,1.12,0.32,20006,0,30.9,35.0,0.0,0,27010
1326442,36.26,36.22,33.87,35.32,1,0,12.57,14.23,36.22,1.12,0.32,20006,0,30.94,35.0,0.0,0,27510
1326951,36.26,36.24,33.87,35.32,1,0,12.57,14.23,36.24,1.12,0.32,20006,0,30.94,35.0,0.0,0,28010
1327460,36.26,36.25,33.87,35.32,1,0,12.57,14.23,36.25,1.12,0.32,20006,0,30.94,35.0,0.0,0,28510
1327969,36.26,36.25,33.87,35.32,1,0,12.57,14.23,36.25,1.12,0.32,20006,0,30.94,35.0,0.0,0,29010
1328478,36.26,36.26,33.87,35.32,1,0,12.57,14.23,36.26,1.12,0.32,20006,0,30.94,35.0,0.0,0,29510
1328987,36.27,36.27,33.87,35.32,1,0,12.42,14.24,36.27,1.12,0.32,20006,0,30.96,35.0,0.0,0,30010
1329496,36.27,36.27,33.87,35.32,1,0,12.42,14.24,36.27,1.12,0.32,20006,0,30.96,35.0,0.0,0,30510
1330008,36.27,36.27,33.87,35.32,1,0,12.42,14.24,36.27,1.12,0.32,20006,0,30.96,35.0,0.0,0,31010
1330517,36.33,36.3,33.87,35.32,1,0,12.46,14.26,36.3,1.12,0.32,20006,0,30.94,35.0,0.0,0,31510
1331026,36.36,36.33,33.87,35.32,1,0,12.42,14.27,36.33,1.12,0.32,20006,0,30.94,35.0,0.0,0,32010
1331535,36.38,36.35,33.87,35.32,1,0,12.39,14.29,36.35,1.12,0.32,20006,0,30.96,35.0,0.0,0,32510
1332044,36.38,36.36,33.87,35.32,1,0,12.39,14.29,36.36,1.12,0.32,20006,0,30.96,35.0,0.0,0,33010
1332553,36.38,36.37,33.87,35.32,1,0,12.28,14.29,36.37,1.12,0.32,20006,0,30.96,35.0,0.0,0,33510
1333062,36.38,36.37,33.87,35.32,1,0,12.28,14.29,36.37,1.12,0.32,20006,0,30.96,35.0,0.0,0,34010
1333571,36.38,36.37,33.87,35.32,1,0,12.28,14.29,36.37,1.12,0.32,20006,0,30.96,35.0,0.0,0,34510
1334080,36.41,36.39,33.87,35.32,1,0,12.35,14.3,36.39,1.12,0.32,20006,0,30.96,35.0,0.0,0,35010
1334589,36.43,36.41,33.87,35.32,1,0,12.31,14.28,36.41,1.12,0.32,20006,0,30.93,35.0,0.0,0,35510
1335098,36.42,36.42,33.87,35.32,1,0,11.91,14.28,36.42,1.12,0.32,20006,0,30.96,35.0,0.0,0,36010
1335607,36.39,36.42,33.87,35.32,1,0,12.17,14.31,36.42,1.12,0.32,20006,0,30.96,35.0,0.0,0,36510
1336116,36.39,36.4,33.87,35.32,1,0,12.17,14.29,36.42,1.12,0.32,20006,0,30.96,35.0,0.01,0,37010
1336627,36.39,36.4,33.87,35.32,1,0,12.17,14.29,36.42,1.12,0.32,20006,0,30.96,35.0,0.02,0,37511
1337136,36.39,36.39,33.87,35.32,1,0,12.17,14.29,36.42,1.12,0.32,20006,0,30.96,35.0,0.02,0,38011
1337645,36.45,36.42,33.87,35.32,1,0,12.0,14.33,36.42,1.12,0.32,20006,0,30.97,35.0,0.0,0,38511
1338154,36.46,36.44,33.87,35.32,1,0,12.11,14.31,36.44,1.12,0.32,20006,0,30.94,35.0,0.0,0,39011
1338663,36.46,36.45,33.87,35.32,1,0,12.11,14.31,36.45,1.12,0.32,20006,0,30.94,35.0,0.0,0,39511
1339172,36.49,36.47,33.87,35.32,1,0,12.0,14.34,36.47,1.12,0.32,20006,0,30.96,35.0,0.0,0,40011
1339681,36.49,36.48,33.87,35.32,1,0,12.0,14.34,36.48,1.12,0.32,20006,0,30.96,35.0,0.0,0,40511
1340190,36.54,36.51,33.87,35.32,1,0,12.02,14.35,36.51,1.12,0.32,20006,0,30.96,35.0,0.0,0,41011
1340699,36.51,36.52,33.87,35.32,1,0,11.93,14.35,36.52,1.12,0.32,20006,0,30.97,35.0,0.0,0,41511
1341208,36.54,36.52,33.87,35.32,1,0,12.0,14.35,36.52,1.12,0.32,20006,0,30.98,35.0,0.0,0,42011
1341717,36.54,36.53,33.87,35.32,1,0,12.0,14.38,36.53,1.12,0.32,20006,0,30.98,35.0,0.0,0,42511
1342226,36.54,36.53,33.87,35.32,1,0,11.91,14.38,36.53,1.12,0.32,20006,0,30.98,35.0,0.0,0,43011
1342735,36.54,36.54,33.87,35.32,1,0,11.78,14.38,36.54,1.12,0.32,20006,0,30.96,35.0,0.0,0,43511
1343247,36.54,36.54,33.87,35.32,1,0,11.78,14.35,36.54,1.12,0.32,20006,0,30.96,35.0,0.0,0,44011
1343756,36.54,36.54,33.87,35.32,1,0,11.82,14.35,36.54,1.12,0.32,20006,0,30.96,35.0,0.0,0,44511
1344265,36.54,36.54,33.87,35.32,1,0,11.82,14.35,36.54,1.12,0.32,20006,0,30.96,35.0,0.0,0,45011
1344774,36.54,36.54,33.87,35.32,1,0,11.82,14.35,36.54,1.12,0.32,20006,0,30.96,35.0,0.0,0,45511
1345283,36.54,36.54,33.87,35.32,1,0,11.82,14.35,36.54,1.12,0.32,20006,0,30.96,35.0,0.0,0,46011
1345792,36.55,36.54,33.87,35.32,1,0,11.73,14.35,36.54,1.12,0.32,20006,0,30.97,35.0,0.0,0,46511
1346301,36.55,36.54,33.87,35.32,1,0,11.73,14.37,36.54,1.12,0.32,20006,0,30.97,35.0,0.0,0,47011
1346810,36.54,36.55,33.87,35.32,1,0,11.33,14.37,36.55,1.12,0.32,20006,0,30.97,35.0,0.0,0,47511
1347319,36.63,36.54,33.87,35.32,1,0,11.78,14.37,36.55,1.12,0.32,20006,0,30.98,35.0,0.0,0,48011
1347828,36.63,36.58,33.87,35.32,1,0,11.78,14.42,36.58,1.12,0.32,20006,0,30.98,35.0,0.0,0,48511
1348337,36.63,36.6,33.87,35.32,1,0,11.78,14.42,36.6,1.12,0.32,20006,0,30.98,35.0,0.0,0,49011
1348846,36.6,36.6,33.87,35.32,1,0,11.64,14.39,36.6,1.12,0.32,20006,0,30.97,35.0,0.0,0,49511
1349355,36.61,36.6,33.87,35.32,1,0,11.47,14.39,36.6,1.12,0.32,20006,0,30.97,35.0,0.0,0,50011
1349864,36.61,36.6,33.87,35.32,1,0,11.6,14.4,36.6,1.12,0.32,20006,0,30.96,35.0,0.0,0,50511
1350373,36.61,36.61,33.87,35.32,1,0,11.6,14.39,36.61,1.12,0.32,20006,0,30.96,35.0,0.0,0,51011
1350882,36.61,36.61,33.87,35.32,1,0,11.42,14.39,36.61,1.12,0.32,20006,0,30.94,35.0,0.0,0,51511
1351391,36.64,36.61,33.87,35.32,1,0,11.53,14.37,36.61,1.12,0.32,20006,0,30.97,35.0,0.0,0,52011
1351900,36.64,36.62,33.87,35.32,1,0,11.53,14.41,36.62,1.12,0.32,20006,0,30.97,35.0,0.0,0,52511
1352409,36.64,36.63,33.87,35.32,1,0,11.53,14.41,36.63,1.12,0.32,20006,0,30.97,35.0,0.0,0,53011
1352918,36.65,36.64,33.87,35.32,1,0,11.42,14.42,36.64,1.12,0.32,20006,0,30.97,35.0,0.0,0,53517
1353427,36.65,36.65,33.87,35.32,1,0,11.42,14.42,36.65,1.12,0.32,20006,0,30.97,35.0,0.0,0,54017
1353936,36.65,36.65,33.87,35.32,1,0,11.42,14.42,36.65,1.12,0.32,20006,0,30.97,35.0,0.0,0,54517
1354445,36.65,36.65,33.87,35.32,1,0,11.24,14.42,36.65,1.12,0.32,20006,0,30.97,35.0,0.0,0,55022
1354954,36.65,36.65,33.87,35.32,1,0,11.24,14.42,36.65,1.12,0.32,20006,0,30.97,35.0,0.0,0,56031
1355463,36.65,36.65,33.87,35.32,1,0,11.27,14.43,36.65,1.12,0.32,20006,0,30.98,35.0,0.0,0,56531
1355972,36.65,36.65,33.87,35.32,1,0,11.27,14.43,36.65,1.12,0.32,20006,0,30.98,35.0,0.0,0,57031
1356481,36.71,36.68,33.87,35.32,1,0,11.4,14.44,36.68,1.12,0.32,20006,0,30.97,35.0,0.0,0,57531
1356990,36.71,36.7,33.87,35.32,1,0,11.4,14.44,36.7,1.12,0.32,20006,0,30.97,35.0,0.0,0,58031
1357499,36.67,36.68,33.87,35.32,1,0,11.18,14.45,36.7,1.12,0.32,20006,0,31.0,35.0,0.01,0,58531
1358008,36.67,36.68,33.87,35.32,1,0,11.18,14.45,36.7,1.12,0.32,20006,0,31.0,35.0,0.01,0,59031
1358517,36.67,36.67,33.87,35.32,1,0,11.18,14.45,36.7,1.12,0.32,20006,0,31.0,35.0,0.02,0,59531
1359026,36.63,36.67,33.87,35.32,1,0,11.16,14.45,36.7,1.12,0.32,20006,0,30.98,35.0,0.02,0,60031
1359535,36.63,36.65,33.87,35.32,1,0,11.16,14.42,36.7,1.12,0.32,20006,0,30.98,35.0,0.04,0,60531
1360044,36.7,36.67,33.87,35.32,1,0,11.07,14.44,36.7,1.12,0.32,20006,0,30.97,35.0,0.02,0,61031
1360553,36.67,36.67,33.87,35.32,1,0,11.11,14.42,36.7,1.12,0.32,20006,0,30.97,35.0,0.02,0,61531
1361062,36.69,36.68,33.87,35.32,1,0,11.02,14.47,36.7,1.12,0.32,20006,0,31.01,35.0,0.01,0,62031
1361571,36.69,36.68,33.87,35.32,1,0,11.02,14.47,36.7,1.12,0.32,20006,0,31.01,35.0,0.01,0,62531
1362080,36.69,36.68,33.87,35.32,1,0,11.02,14.47,36.7,1.12,0.32,20006,0,31.01,35.0,0.01,0,63031
1362589,36.7,36.69,33.87,35.32,1,0,10.96,14.45,36.7,1.12,0.32,20006,0,30.98,35.0,0.0,0,63544
1363098,36.7,36.7,33.87,35.32,1,0,10.96,14.45,36.7,1.12,0.32,20006,0,30.98,35.0,0.0,0,64044
1363607,36.68,36.69,33.87,35.32,1,0,10.96,14.43,36.7,1.12,0.32,20006,0,30.97,35.0,0.0,0,64544
1364116,36.68,36.69,33.87,35.32,1,0,10.96,14.43,36.7,1.12,0.32,20006,0,30.97,35.0,0.01,0,65044
1364625,36.68,36.68,33.87,35.32,1,0,10.96,14.43,36.7,1.12,0.32,20006,0,30.97,35.0,0.01,0,65544
1365134,36.68,36.68,33.87,35.32,1,0,10.96,14.43,36.7,1.12,0.32,20006,0,30.97,35.0,0.01,0,66044
1365643,36.7,36.69,33.87,35.32,1,0,11.07,14.47,36.7,1.12,0.32,20006,0,31.01,35.0,0.0,0,66544
1366152,36.71,36.7,33.87,35.32,1,0,10.93,14.47,36.7,1.12,0.32,20006,0,30.98,35.0,0.0,0,67044
1366661,36.71,36.71,33.87,35.32,1,0,10.93,14.45,36.71,1.12,0.32,20006,0,30.98,35.0,0.0,0,67544
1367170,36.73,36.72,33.87,35.32,1,0,10.96,14.45,36.72,1.12,0.32,20006,0,30.97,35.0,0.0,0,68044
1367680,36.65,36.72,33.87,35.32,1,0,10.73,14.45,36.72,1.12,0.32,20006,0,30.97,35.0,0.0,0,68544
1368189,36.65,36.69,33.87,35.32,1,0,10.73,14.42,36.72,1.12,0.32,20006,0,30.97,35.0,0.03,0,69044
1368698,36.65,36.67,33.87,35.32,1,0,10.73,14.42,36.72,1.12,0.32,20006,0,30.97,35.0,0.05,0,69544
1369207,36.64,36.66,33.87,35.32,1,0,10.93,14.44,36.72,1.12,0.32,20006,0,31.0,35.0,0.06,0,70045
1369716,36.64,36.65,33.87,35.32,1,0,10.93,14.44,36.72,1.12,0.32,20006,0,31.0,35.0,0.07,0,70545
1370225,36.69,36.67,33.87,35.32,1,0,10.71,14.46,36.72,1.12,0.32,20006,0,31.0,35.0,0.05,0,71045
1370734,36.68,36.67,33.87,35.32,1,0,10.67,14.44,36.72,1.12,0.32,20006,0,30.98,35.0,0.04,0,71545
1371243,36.67,36.68,33.87,35.32,1,0,10.84,14.44,36.72,1.12,0.32,20006,0,31.03,35.0,0.04,0,72045
1371752,36.67,36.68,33.87,35.32,1,0,10.84,14.47,36.72,1.12,0.32,20006,0,31.03,35.0,0.04,0,72545
1372261,36.71,36.67,33.87,35.32,1,0,10.6,14.47,36.72,1.12,0.32,20006,0,30.98,35.0,0.04,0,73045
1372770,36.71,36.69,33.87,35.32,1,0,10.6,14.45,36.72,1.12,0.32,20006,0,30.98,35.0,0.02,0,73545
1373279,36.71,36.7,33.87,35.32,1,0,10.6,14.45,36.72,1.12,0.32,20006,0,30.98,35.0,0.01,0,74045
1373788,36.69,36.71,33.87,35.32,1,0,10.49,14.45,36.72,1.12,0.32,20006,0,31.0,35.0,0.01,0,74545
1374297,36.69,36.7,33.87,35.32,1,0,10.49,14.46,36.72,1.12,0.32,20006,0,31.0,35.0,0.02,0,75045
1374806,36.72,36.69,33.87,35.32,1,0,10.55,14.46,36.72,1.12,0.32,20006,0,31.0,35.0,0.03,0,75545
1375315,36.72,36.7,33.87,35.32,1,0,10.55,14.47,36.72,1.12,0.32,20006,0,31.0,35.0,0.01,0,76045
1375824,36.69,36.7,33.87,35.32,1,0,10.51,14.47,36.72,1.12,0.32,20006,0,31.01,35.0,0.02,0,76555
1376333,36.69,36.69,33.87,35.32,1,0,10.51,14.47,36.72,1.12,0.32,20006,0,31.01,35.0,0.03,0,77055
1376842,36.64,36.69,33.87,35.32,1,0,10.51,14.47,36.72,1.12,0.32,20006,0,31.01,35.0,0.03,0,77555
1377351,36.66,36.67,33.87,35.32,1,0,10.6,14.45,36.72,1.12,0.32,20006,0,31.01,35.0,0.05,0,78055
1377860,36.66,36.66,33.87,35.32,1,0,10.6,14.46,36.72,1.12,0.32,20006,0,31.01,35.0,0.06,0,78555
1378369,36.63,36.65,33.87,35.32,1,0,10.53,14.44,36.72,1.12,0.32,20006,0,31.01,35.0,0.07,0,79055
1378878,36.64,36.64,33.87,35.32,1,0,10.69,14.44,36.72,1.12,0.32,20006,0,31.01,35.0,0.08,0,79555
1379387,36.64,36.64,33.87,35.32,1,0,10.69,14.45,36.72,1.12,0.32,20006,0,31.01,35.0,0.08,0,80055
1379896,36.69,36.66,33.87,35.32,1,1,10.06,14.48,36.72,1.12,0.32,20006,0,31.03,35.0,0.05,1,80555
1380405,36.69,36.68,33.87,35.32,1,1,10.06,14.48,36.72,1.12,0.32,20006,0,31.03,35.0,0.04,1,81055
1380914,36.64,36.68,33.87,35.32,1,1,10.6,14.48,36.72,1.12,0.32,20006,0,31.01,35.0,0.04,1,81555
1381423,36.64,36.66,33.87,35.32,1,1,10.6,14.45,36.72,1.12,0.32,20006,0,31.01,35.0,0.06,1,82055
1381932,36.7,36.65,33.87,35.32,1,1,10.71,14.45,36.72,1.12,0.32,20006,0,31.0,35.0,0.06,1,82555
1382441,36.7,36.68,33.87,35.32,1,1,10.71,14.46,36.72,1.12,0.32,20006,0,31.0,35.0,0.04,1,83055
1382950,36.73,36.69,33.87,35.32,1,1,11.18,14.46,36.72,1.12,0.32,20006,0,31.0,35.0,0.03,1,83555
1383459,36.73,36.71,33.87,35.32,1,1,11.18,14.47,36.72,1.12,0.32,20006,0,31.0,35.0,0.01,1,84055
1383968,36.5,36.72,33.87,35.32,1,1,11.58,14.47,36.72,1.12,0.32,20006,0,31.01,35.0,0.0,1,84555
1384477,36.29,36.61,33.87,35.32,1,1,11.73,14.39,36.72,1.12,0.32,20006,0,30.97,35.0,0.11,1,85058
1384986,36.29,36.45,33.87,35.32,1,1,11.73,14.26,36.72,1.12,0.32,20006,1,30.97,35.0,0.27,1,85567
1385495,36.29,36.33,33.87,35.32,1,1,11.73,14.26,36.72,1.12,0.32,20006,1,30.97,35.0,0.39,1,86572
1386004,35.81,36.07,33.87,35.32,1,0,12.28,14.06,36.72,1.12,0.32,20006,1,30.97,35.0,0.65,1,87072
1386513,35.81,35.94,33.87,35.32,1,0,12.28,14.06,36.72,1.12,0.32,20006,1,30.97,35.0,0.78,1,87572
1387022,35.6,35.77,33.87,35.32,1,0,12.44,13.95,36.72,1.12,0.32,20006,1,30.96,35.0,0.95,1,88072
1387531,35.6,35.69,33.87,35.32,1,0,12.44,13.95,36.72,1.12,0.32,20006,1,30.96,35.0,1.03,1,88572
1388040,35.6,35.64,33.87,35.32,1,0,12.44,13.95,36.72,1.12,0.32,20006,1,30.96,35.0,1.07,1,89072
1388549,35.24,35.44,33.87,35.32,1,0,12.04,13.78,36.72,1.12,0.32,20006,1,30.94,35.0,1.28,1,89572
1389058,35.24,35.34,33.87,35.32,1,0,12.04,13.78,36.72,1.12,0.32,20006,1,30.94,35.0,1.38,1,90072
1389583,35.1,35.29,33.87,35.32,0,0,11.84,13.78,36.72,1.12,0.32,90572,0,30.9,35.0,1.43,1,0
1390092,35.1,35.19,33.78,35.32,0,0,11.84,13.69,35.19,1.21,0.32,90572,0,30.9,35.0,0.0,1,500
1390601,35.1,35.15,33.78,35.32,0,0,11.84,13.69,35.15,1.21,0.32,90572,0,30.9,35.0,0.0,1,1000
1391110,35.03,35.09,33.78,35.32,0,0,11.4,13.68,35.09,1.21,0.32,90572,0,30.93,35.0,0.0,1,1500
1391619,35.03,35.06,33.78,35.32,0,0,11.4,13.68,35.06,1.21,0.32,90572,0,30.93,35.0,0.0,1,2000
1392128,35.03,35.05,33.78,35.32,0,0,11.4,13.68,35.05,1.21,0.32,90572,0,30.93,35.0,0.0,1,2500
1392637,34.99,35.02,33.78,35.32,0,0,11.2,13.65,35.02,1.21,0.32,90572,0,30.92,35.0,0.0,1,3000
1393146,34.93,34.97,33.78,35.32,0,0,11.24,13.62,34.97,1.21,0.32,90572,0,30.92,35.0,0.0,1,3500
1393655,34.97,34.95,33.78,35.32,0,0,11.04,13.62,34.95,1.21,0.32,90572,0,30.92,35.0,0.0,1,4000
1394164,34.97,34.96,33.78,35.32,0,0,11.04,13.64,34.95,1.21,0.32,90572,0,30.92,35.0,0.01,1,4500
1394673,34.96,34.96,33.78,35.32,0,0,11.04,13.62,34.95,1.21,0.32,90572,0,30.9,35.0,0.0,1,5000
1395182,34.96,34.96,33.78,35.32,0,0,11.04,13.62,34.95,1.21,0.32,90572,0,30.9,35.0,0.0,1,5500
1395691,34.96,34.96,33.78,35.32,0,0,11.16,13.64,34.95,1.21,0.32,90572,0,30.92,35.0,0.0,1,6000
1396199,34.96,34.96,33.78,35.32,0,0,11.16,13.64,34.95,1.21,0.32,90572,0,30.92,35.0,0.0,1,6500
1396708,34.99,34.96,33.78,35.32,0,0,11.16,13.64,34.95,1.21,0.32,90572,0,30.92,35.0,0.0,1,7000
1397217,34.99,34.97,33.78,35.32,0,0,11.16,13.65,34.95,1.21,0.32,90572,0,30.92,35.0,0.02,1,7500
1397726,35.03,34.98,33.78,35.32,0,0,11.31,13.65,34.95,1.21,0.32,90572,0,30.89,35.0,0.02,1,8000
1398235,35.03,35.0,33.78,35.32,0,0,11.31,13.64,34.95,1.21,0.32,90572,0,30.89,35.0,0.05,1,8500
1398748,35.07,35.02,33.78,35.32,0,0,12.13,13.64,34.95,1.21,0.32,90572,0,30.9,35.0,0.06,1,9000
1399257,35.07,35.05,33.78,35.32,0,0,12.13,13.68,34.95,1.21,0.32,90572,0,30.9,35.0,0.09,1,9500
1399766,35.09,35.06,33.78,35.32,0,0,11.4,13.68,34.95,1.21,0.32,90572,0,30.92,35.0,0.1,1,10000
1400275,35.09,35.07,33.78,35.32,0,0,11.4,13.69,34.95,1.21,0.32,90572,0,30.92,35.0,0.12,1,10500
1400784,35.16,35.08,33.78,35.32,0,0,11.6,13.69,34.95,1.21,0.32,90572,0,30.92,35.0,0.13,1,11000
1401293,35.12,35.12,33.78,35.32,0,0,11.67,13.73,34.95,1.21,0.32,90572,1,30.92,35.0,0.17,1,11500
1401802,35.12,35.12,33.78,35.32,0,0,11.67,13.71,34.95,1.21,0.32,90572,1,30.92,35.0,0.16,1,12000
1402311,35.18,35.12,33.78,35.32,0,0,11.84,13.71,34.95,1.21,0.32,90572,1,30.9,35.0,0.16,1,12500
1402820,35.18,35.15,33.78,35.32,0,0,11.84,13.72,34.95,1.21,0.32,90572,1,30.9,35.0,0.19,1,13000
1403329,35.25,35.16,33.78,35.32,0,0,12.09,13.72,34.95,1.21,0.32,90572,1,30.9,35.0,0.21,1,13500
1403838,35.25,35.2,33.78,35.32,0,0,12.09,13.75,34.95,1.21,0.32,90572,1,30.9,35.0,0.25,1,14000
1404347,35.23,35.22,33.78,35.32,0,0,12.2,13.76,34.95,1.21,0.32,90572,1,30.92,35.0,0.26,1,14503
1404856,35.23,35.23,33.78,35.32,0,0,12.2,13.76,34.95,1.21,0.32,90572,1,30.92,35.0,0.27,1,15003
1405365,35.23,35.23,33.78,35.32,0,0,12.2,13.76,34.95,1.21,0.32,90572,1,30.92,35.0,0.27,1,15503
1405874,35.32,35.28,33.78,35.32,0,0,12.44,13.8,34.95,1.21,0.32,90572,1,30.92,35.0,0.32,1,16003
1406383,35.37,35.3,33.78,35.32,0,0,12.42,13.8,34.95,1.21,0.32,90572,1,30.93,35.0,0.34,1,16503
1406892,35.37,35.33,33.78,35.32,0,0,12.42,13.83,34.95,1.21,0.32,90572,1,30.93,35.0,0.38,1,17003
1407401,35.4,35.35,33.78,35.32,0,0,12.68,13.83,34.95,1.21,0.32,90572,1,30.94,35.0,0.39,1,17503
1407910,35.4,35.37,33.78,35.32,0,0,12.68,13.86,34.95,1.21,0.32,90572,1,30.94,35.0,0.42,1,18003
1408419,35.42,35.39,33.78,35.32,0,0,12.57,13.86,34.95,1.21,0.32,90572,1,30.92,35.0,0.43,1,18503
1408928,35.42,35.41,33.78,35.32,0,0,12.57,13.84,34.95,1.21,0.32,90572,1,30.92,35.0,0.45,1,19003
1409437,35.42,35.41,33.78,35.32,0,0,12.57,13.84,34.95,1.21,0.32,90572,1,30.92,35.0,0.46,1,19503
1409946,35.48,35.42,33.78,35.32,1,0,12.75,13.84,34.95,1.21,0.32,20003,0,30.93,35.0,0.46,0,0
1410455,35.54,35.45,33.78,35.3,1,0,13.29,13.88,35.45,1.21,0.3,20003,0,30.93,35.0,0.0,0,500
1410964,35.54,35.5,33.78,35.3,1,0,13.29,13.9,35.5,1.21,0.3,20003,0,30.93,35.0,0.0,0,1000
1411473,35.54,35.52,33.78,35.3,1,0,13.29,13.9,35.52,1.21,0.3,20003,0,30.93,35.0,0.0,0,1501
1411982,35.57,35.53,33.78,35.3,1,0,12.99,13.9,35.53,1.21,0.3,20003,0,30.93,35.0,0.0,0,2001
1412490,35.56,35.55,33.78,35.3,1,0,13.4,13.92,35.55,1.21,0.3,20003,0,30.93,35.0,0.0,0,2501
1412998,35.56,35.55,33.78,35.3,1,0,13.4,13.91,35.55,1.21,0.3,20003,0,30.93,35.0,0.0,0,3005
1413507,35.56,35.56,33.78,35.3,1,0,13.4,13.91,35.56,1.21,0.3,20003,0,30.93,35.0,0.0,0,4009
1414016,35.6,35.58,33.78,35.3,1,0,13.42,13.93,35.58,1.21,0.3,20003,0,30.93,35.0,0.0,0,4509
1414525,35.6,35.59,33.78,35.3,1,0,13.42,13.93,35.59,1.21,0.3,20003,0,30.93,35.0,0.0,0,5009
1415034,35.62,35.6,33.78,35.3,1,0,13.38,13.95,35.6,1.21,0.3,20003,0,30.94,35.0,0.0,0,5509
1415543,35.62,35.61,33.78,35.3,1,0,13.84,13.95,35.61,1.21,0.3,20003,0,30.94,35.0,0.0,0,6009
1416052,35.62,35.61,33.78,35.3,1,0,13.84,13.95,35.61,1.21,0.3,20003,0,30.94,35.0,0.0,0,6509
1416561,35.69,35.65,33.78,35.3,1,0,13.73,13.98,35.65,1.21,0.3,20003,0,30.94,35.0,0.0,0,7009
1417070,35.72,35.69,33.78,35.3,1,0,13.6,14.01,35.69,1.21,0.3,20003,0,30.96,35.0,0.0,0,7509
1417579,35.72,35.7,33.78,35.3,1,0,13.66,14.01,35.7,1.21,0.3,20003,0,30.98,35.0,0.0,0,8009
1418088,35.72,35.71,33.78,35.3,1,0,13.66,14.03,35.71,1.21,0.3,20003,0,30.98,35.0,0.0,0,8509
1418597,35.75,35.73,33.78,35.3,1,0,13.58,14.03,35.73,1.21,0.3,20003,0,30.97,35.0,0.0,0,9024
1419120,35.78,35.74,33.78,35.3,1,0,13.66,14.03,35.74,1.21,0.3,20003,0,30.96,35.0,0.0,0,9524
1419629,35.78,35.76,33.78,35.3,1,0,13.66,14.03,35.76,1.21,0.3,20003,0,30.96,35.0,0.0,0,10024
1420138,35.82,35.79,33.78,35.3,1,0,13.6,14.05,35.79,1.21,0.3,20003,0,30.96,35.0,0.0,0,10524
1420647,35.78,35.78,33.78,35.3,1,0,13.4,14.03,35.79,1.21,0.3,20003,0,30.96,35.0,0.0,0,11024
1421156,35.81,35.8,33.78,35.3,1,0,13.6,14.03,35.8,1.21,0.3,20003,0,30.94,35.0,0.0,0,11526
1421665,35.81,35.8,33.78,35.3,1,0,13.6,14.03,35.8,1.21,0.3,20003,0,30.94,35.0,0.0,0,12026
1422174,35.84,35.82,33.78,35.3,1,0,13.4,14.06,35.82,1.21,0.3,20003,0,30.96,35.0,0.0,0,12526
1422683,35.85,35.84,33.78,35.3,1,0,13.45,14.07,35.84,1.21,0.3,20003,0,30.97,35.0,0.0,0,13026
1423192,35.87,35.85,33.78,35.3,1,0,13.62,14.08,35.85,1.21,0.3,20003,0,30.97,35.0,0.0,0,13526
1423701,35.87,35.86,33.78,35.3,1,0,13.62,14.08,35.86,1.21,0.3,20003,0,30.97,35.0,0.0,0,14026
1424210,35.88,35.87,33.78,35.3,1,0,13.27,14.1,35.87,1.21,0.3,20003,0,30.98,35.0,0.0,0,14526
1424719,35.85,35.86,33.78,35.3,1,0,13.36,14.07,35.87,1.21,0.3,20003,0,30.97,35.0,0.0,0,15026
1425228,35.94,35.86,33.78,35.3,1,0,13.34,14.07,35.87,1.21,0.3,20003,0,30.98,35.0,0.01,0,15526
1425737,35.92,35.9,33.78,35.3,1,0,13.31,14.12,35.9,1.21,0.3,20003,0,30.96,35.0,0.0,0,16026
1426246,35.92,35.91,33.78,35.3,1,0,13.31,14.09,35.91,1.21,0.3,20003,0,30.96,35.0,0.0,0,16526
1426755,35.93,35.92,33.78,35.3,1,0,14.01,14.09,35.92,1.21,0.3,20003,0,30.98,35.0,0.0,0,17026
1427271,35.97,35.92,33.78,35.3,1,0,13.21,14.12,35.92,1.21,0.3,20003,0,30.97,35.0,0.0,0,17526
1427780,35.97,35.94,33.78,35.3,1,0,13.21,14.12,35.94,1.21,0.3,20003,0,30.97,35.0,0.0,0,18026
1428289,35.97,35.96,33.78,35.3,1,0,13.21,14.12,35.96,1.21,0.3,20003,0,30.97,35.0,0.0,0,18526
1428798,36.01,35.99,33.78,35.3,1,0,13.21,14.14,35.99,1.21,0.3,20003,0,30.97,35.0,0.0,0,19026
1429307,35.99,36.0,33.78,35.3,1,0,13.23,14.14,36.0,1.21,0.3,20003,0,31.0,35.0,0.0,0,19526
1429816,36.03,35.99,33.78,35.3,1,0,13.01,14.16,36.0,1.21,0.3,20003,0,30.98,35.0,0.0,0,20026
1430325,36.03,36.01,33.78,35.3,1,0,13.01,14.16,36.01,1.21,0.3,20003,0,30.98,35.0,0.0,0,20526
1430834,36.09,36.02,33.78,35.3,1,0,13.27,14.16,36.02,1.21,0.3,20003,0,31.0,35.0,0.0,0,21026
1431342,36.09,36.05,33.78,35.3,1,0,13.27,14.2,36.05,1.21,0.3,20003,0,31.0,35.0,0.0,0,21526
1431851,36.1,36.08,33.78,35.3,1,0,13.01,14.19,36.08,1.21,0.3,20003,0,30.98,35.0,0.0,0,22038
1432360,36.06,36.09,33.78,35.3,1,0,13.05,14.19,36.09,1.21,0.3,20003,0,30.98,35.0,0.0,0,22538
1432869,36.16,36.07,33.78,35.3,1,0,13.12,14.17,36.09,1.21,0.3,20003,0,31.0,35.0,0.01,0,23038
1433378,36.16,36.12,33.78,35.3,1,0,13.12,14.23,36.12,1.21,0.3,20003,0,31.0,35.0,0.0,0,23538
1433887,36.16,36.14,33.78,35.3,1,0,12.92,14.22,36.14,1.21,0.3,20003,0,30.98,35.0,0.0,0,24038
1434396,36.16,36.15,33.78,35.3,1,0,12.92,14.22,36.15,1.21,0.3,20003,0,30.98,35.0,0.0,0,24538
1434906,36.16,36.16,33.78,35.3,1,0,12.92,14.22,36.16,1.21,0.3,20003,0,30.98,35.0,0.0,0,25038
1435415,36.16,36.16,33.78,35.3,1,0,12.92,14.22,36.16,1.21,0.3,20003,0,30.98,35.0,0.0,0,25538
1435924,36.2,36.16,33.78,35.3,1,0,12.88,14.22,36.16,1.21,0.3,20003,0,30.98,35.0,0.0,0,26038
1436433,36.2,36.18,33.78,35.3,1,0,12.81,14.24,36.18,1.21,0.3,20003,0,30.98,35.0,0.0,0,26538
1436945,36.2,36.19,33.78,35.3,1,0,12.81,14.24,36.19,1.21,0.3,20003,0,30.98,35.0,0.0,0,27038
1437454,36.28,36.2,33.78,35.3,1,0,12.72,14.24,36.2,1.21,0.3,20003,0,30.98,35.0,0.0,0,27538
1437963,36.28,36.24,33.78,35.3,1,0,12.72,14.27,36.24,1.21,0.3,20003,0,30.98,35.0,0.0,0,28038
1438472,36.23,36.26,33.78,35.3,1,0,12.68,14.27,36.26,1.21,0.3,20003,0,30.98,35.0,0.0,0,28538
1438981,36.29,36.25,33.78,35.3,1,0,12.68,14.25,36.26,1.21,0.3,20003,0,31.0,35.0,0.01,0,29038
1439490,36.26,36.27,33.78,35.3,1,0,12.61,14.29,36.27,1.21,0.3,20003,0,30.98,35.0,0.0,0,29538
1439999,36.26,36.26,33.78,35.3,1,0,12.61,14.26,36.27,1.21,0.3,20003,0,30.98,35.0,0.0,0,30038
1440508,36.26,36.26,33.78,35.3,1,0,12.61,14.26,36.27,1.21,0.3,20003,0,30.98,35.0,0.0,0,30538
1441017,36.32,36.26,33.78,35.3,1,0,12.61,14.26,36.27,1.21,0.3,20003,0,30.98,35.0,0.0,0,31038
1441526,36.32,36.29,33.78,35.3,1,0,12.61,14.29,36.29,1.21,0.3,20003,0,30.98,35.0,0.0,0,31538
1442035,36.32,36.3,33.78,35.3,1,0,12.61,14.29,36.3,1.21,0.3,20003,0,30.98,35.0,0.0,0,32038
1442544,36.34,36.32,33.78,35.3,1,0,12.35,14.32,36.32,1.21,0.3,20003,0,31.01,35.0,0.0,0,33046
1443053,36.34,36.33,33.78,35.3,1,0,12.35,14.32,36.33,1.21,0.3,20003,0,31.01,35.0,0.0,0,33546
1443562,36.37,36.35,33.78,35.3,1,0,12.44,14.32,36.35,1.21,0.3,20003,0,31.0,35.0,0.0,0,34047
1444071,36.35,36.35,33.78,35.3,1,0,12.44,14.31,36.35,1.21,0.3,20003,0,31.0,35.0,0.0,0,34548
1444580,36.35,36.35,33.78,35.3,1,0,12.44,14.31,36.35,1.21,0.3,20003,0,31.0,35.0,0.0,0,35048
1445089,36.35,36.35,33.78,35.3,1,0,12.44,14.31,36.35,1.21,0.3,20003,0,31.0,35.0,0.0,0,35548
1445598,36.38,36.37,33.78,35.3,1,0,12.24,14.34,36.37,1.21,0.3,20003,0,31.01,35.0,0.0,0,36048
1446107,36.4,36.38,33.78,35.3,1,0,12.17,14.34,36.38,1.21,0.3,20003,0,31.01,35.0,0.0,0,36548
1446616,36.4,36.39,33.78,35.3,1,0,12.17,14.34,36.39,1.21,0.3,20003,0,31.01,35.0,0.0,0,37048
1447125,36.4,36.39,33.78,35.3,1,0,12.17,14.34,36.39,1.21,0.3,20003,0,31.01,35.0,0.0,0,37548
1447634,36.44,36.42,33.78,35.3,1,0,12.13,14.36,36.42,1.21,0.3,20003,0,31.01,35.0,0.0,0,38048
1448143,36.45,36.43,33.78,35.3,1,0,12.17,14.36,36.43,1.21,0.3,20003,0,31.01,35.0,0.0,0,38548
1448652,36.45,36.44,33.78,35.3,1,0,12.17,14.37,36.44,1.21,0.3,20003,0,31.01,35.0,0.0,0,39048
1449161,36.41,36.45,33.78,35.3,1,0,12.04,14.37,36.45,1.21,0.3,20003,0,31.0,35.0,0.0,0,39548
1449670,36.41,36.43,33.78,35.3,1,0,12.04,14.34,36.45,1.21,0.3,20003,0,31.0,35.0,0.01,0,40048
1450179,36.47,36.45,33.78,35.3,1,0,12.06,14.38,36.45,1.21,0.3,20003,0,31.01,35.0,0.0,0,40548
1450688,36.47,36.46,33.78,35.3,1,0,12.06,14.38,36.46,1.21,0.3,20003,0,31.01,35.0,0.0,0,41048
1451197,36.47,36.46,33.78,35.3,1,0,12.06,14.38,36.46,1.21,0.3,20003,0,31.01,35.0,0.0,0,41548
1451706,36.51,36.47,33.78,35.3,1,0,12.13,14.38,36.47,1.21,0.3,20003,0,31.01,35.0,0.0,0,42048
1452215,36.51,36.49,33.78,35.3,1,0,12.13,14.39,36.49,1.21,0.3,20003,0,31.01,35.0,0.0,0,42548
1452724,36.52,36.5,33.78,35.3,1,0,11.86,14.39,36.5,1.21,0.3,20003,0,31.04,35.0,0.0,0,43048
1453233,36.52,36.51,33.78,35.3,1,0,11.86,14.42,36.51,1.21,0.3,20003,0,31.04,35.0,0.0,0,43548
1453742,36.48,36.5,33.78,35.3,1,0,11.82,14.37,36.51,1.21,0.3,20003,0,31.0,35.0,0.01,0,44048
1454251,36.56,36.49,33.78,35.3,1,0,11.89,14.37,36.51,1.21,0.3,20003,0,31.03,35.0,0.01,0,44548
1454760,36.56,36.52,33.78,35.3,1,0,11.89,14.42,36.52,1.21,0.3,20003,0,31.03,35.0,0.0,0,45048
1455269,36.54,36.53,33.78,35.3,1,0,11.71,14.41,36.53,1.21,0.3,20003,0,31.01,35.0,0.0,0,45548
1455778,36.59,36.56,33.78,35.3,1,0,11.73,14.44,36.56,1.21,0.3,20003,0,31.03,35.0,0.0,0,46048
1456287,36.59,36.57,33.78,35.3,1,0,11.73,14.44,36.57,1.21,0.3,20003,0,31.03,35.0,0.0,0,46548
1456796,36.57,36.58,33.78,35.3,1,0,11.64,14.44,36.58,1.21,0.3,20003,0,31.04,35.0,0.0,0,47048
1457305,36.57,36.58,33.78,35.3,1,0,11.64,14.44,36.58,1.21,0.3,20003,0,31.04,35.0,0.0,0,47548
1457814,36.57,36.57,33.78,35.3,1,0,11.64,14.44,36.58,1.21,0.3,20003,0,31.04,35.0,0.0,0,48050
1458323,36.57,36.57,33.78,35.3,1,0,11.58,14.42,36.58,1.21,0.3,20003,0,31.01,35.0,0.0,0,48551
1458832,36.57,36.57,33.78,35.3,1,0,11.58,14.42,36.58,1.21,0.3,20003,0,31.01,35.0,0.0,0,49051
1459341,36.63,36.6,33.78,35.3,1,0,11.51,14.44,36.6,1.21,0.3,20003,0,31.01,35.0,0.0,0,49551
1459850,36.58,36.59,33.78,35.3,1,0,11.47,14.47,36.6,1.21,0.3,20003,0,31.07,35.0,0.01,0,50051
1460359,36.62,36.58,33.78,35.3,1,0,11.58,14.47,36.6,1.21,0.3,20003,0,31.03,35.0,0.01,0,50551
1460868,36.62,36.6,33.78,35.3,1,0,11.58,14.45,36.6,1.21,0.3,20003,0,31.03,35.0,0.0,0,51051
1461377,36.62,36.61,33.78,35.3,1,0,11.56,14.45,36.61,1.21,0.3,20003,0,31.04,35.0,0.0,0,51551
1461890,36.62,36.61,33.78,35.3,1,0,11.56,14.46,36.61,1.21,0.3,20003,0,31.04,35.0,0.0,0,52051
1462399,36.59,36.62,33.78,35.3,1,0,11.42,14.46,36.62,1.21,0.3,20003,0,31.03,35.0,0.0,0,52551
1462908,36.59,36.6,33.78,35.3,1,0,11.42,14.44,36.62,1.21,0.3,20003,0,31.03,35.0,0.01,0,53051
1463417,36.62,36.59,33.78,35.3,1,0,11.2,14.44,36.62,1.21,0.3,20003,0,31.03,35.0,0.02,0,53551
1463926,36.62,36.61,33.78,35.3,1,0,11.2,14.45,36.62,1.21,0.3,20003,0,31.03,35.0,0.01,0,54051
1464435,36.62,36.61,33.78,35.3,1,0,11.31,14.45,36.62,1.21,0.3,20003,0,31.03,35.0,0.0,0,54553
1464951,36.62,36.61,33.78,35.3,1,0,11.31,14.45,36.62,1.21,0.3,20003,0,31.04,35.0,0.0,0,55054
1465460,36.62,36.62,33.78,35.3,1,0,11.31,14.46,36.62,1.21,0.3,20003,0,31.04,35.0,0.0,0,55554
1465969,36.62,36.62,33.78,35.3,1,0,11.27,14.46,36.62,1.21,0.3,20003,0,31.04,35.0,0.0,0,56059
1466478,36.62,36.62,33.78,35.3,1,0,11.24,14.46,36.62,1.21,0.3,20003,0,31.04,35.0,0.0,0,56559
1466987,36.62,36.62,33.78,35.3,1,0,11.24,14.46,36.62,1.21,0.3,20003,0,31.04,35.0,0.0,0,57059
1467496,36.62,36.62,33.78,35.3,1,0,11.24,14.46,36.62,1.21,0.3,20003,0,31.04,35.0,0.0,0,57559
1468008,36.6,36.62,33.78,35.3,1,0,11.16,14.46,36.62,1.21,0.3,20003,0,31.04,35.0,0.0,0,58059
1468517,36.6,36.61,33.78,35.3,1,0,11.16,14.46,36.62,1.21,0.3,20003,0,31.04,35.0,0.0,0,58559
1469026,36.62,36.61,33.78,35.3,1,0,11.33,14.46,36.62,1.21,0.3,20003,0,31.03,35.0,0.01,0,59059
1469535,36.62,36.61,33.78,35.3,1,0,11.33,14.45,36.62,1.21,0.3,20003,0,31.03,35.0,0.0,0,59559
1470044,36.62,36.61,33.78,35.3,1,0,11.09,14.45,36.62,1.21,0.3,20003,0,31.03,35.0,0.0,0,60059
1470553,36.62,36.62,33.78,35.3,1,0,11.09,14.45,36.62,1.21,0.3,20003,0,31.03,35.0,0.0,0,60559
1471062,36.63,36.62,33.78,35.3,1,1,10.31,14.46,36.62,1.21,0.3,20003,0,31.03,35.0,0.0,1,61564
1471571,36.63,36.63,33.78,35.3,1,1,11.02,14.47,36.63,1.21,0.3,20003,0,31.04,35.0,0.0,1,62073
1472080,36.63,36.63,33.78,35.3,1,1,11.02,14.47,36.63,1.21,0.3,20003,0,31.04,35.0,0.0,1,62573
1472589,36.63,36.63,33.78,35.3,1,1,11.02,14.47,36.63,1.21,0.3,20003,0,31.04,35.0,0.0,1,63073
1473098,36.63,36.63,33.78,35.3,1,1,11.27,14.47,36.63,1.21,0.3,20003,0,31.04,35.0,0.0,1,63573
1473607,36.63,36.63,33.78,35.3,1,1,11.27,14.47,36.63,1.21,0.3,20003,0,31.04,35.0,0.0,1,64073
1474116,36.67,36.65,33.78,35.3,1,1,11.62,14.46,36.65,1.21,0.3,20003,0,31.01,35.0,0.0,1,64573
1474625,36.67,36.66,33.78,35.3,1,1,11.62,14.46,36.66,1.21,0.3,20003,0,31.01,35.0,0.0,1,65073
1475134,36.63,36.67,33.78,35.3,1,1,12.11,14.46,36.67,1.21,0.3,20003,0,31.03,35.0,0.0,1,65573
1475643,36.63,36.65,33.78,35.3,1,1,12.11,14.46,36.67,1.21,0.3,20003,0,31.03,35.0,0.01,1,66073
1476152,36.63,36.64,33.78,35.3,1,1,12.11,14.46,36.67,1.21,0.3,20003,0,31.03,35.0,0.02,1,66573
1476661,36.28,36.46,33.78,35.3,1,0,12.5,14.28,36.67,1.21,0.3,20003,1,31.0,35.0,0.2,1,67073
1477177,36.04,36.37,33.78,35.3,1,0,12.57,14.28,36.67,1.21,0.3,20003,1,31.0,35.0,0.29,1,67573
1477686,36.04,36.21,33.78,35.3,1,0,12.57,14.18,36.67,1.21,0.3,20003,1,31.0,35.0,0.46,1,68073
1478195,35.85,36.03,33.78,35.3,1,0,12.53,14.07,36.67,1.21,0.3,20003,1,30.97,35.0,0.63,1,68575
1478704,35.71,35.94,33.78,35.3,1,0,12.39,14.07,36.67,1.21,0.3,20003,1,30.96,35.0,0.72,1,69075
1479213,35.71,35.82,33.78,35.3,1,0,12.39,14.0,36.67,1.21,0.3,20003,1,30.96,35.0,0.84,1,69575
1479722,35.62,35.72,33.78,35.3,1,0,12.26,13.99,36.67,1.21,0.3,20003,1,30.98,35.0,0.94,1,70075
1480231,35.52,35.62,33.78,35.3,1,0,12.02,13.92,36.67,1.21,0.3,20003,1,30.96,35.0,1.04,1,70575
1480754,35.44,35.57,33.78,35.3,1,0,11.84,13.92,36.67,1.21,0.3,20003,1,30.96,35.0,1.09,1,71075
1481264,35.44,35.51,33.78,35.3,1,0,11.84,13.89,36.67,1.21,0.3,20003,1,30.96,35.0,1.16,1,71575
1481773,35.37,35.44,33.78,35.3,1,0,11.84,13.84,36.67,1.21,0.3,20003,1,30.94,35.0,1.22,1,72075
1482282,35.4,35.4,33.78,35.3,1,0,11.71,13.84,36.67,1.21,0.3,20003,1,30.93,35.0,1.26,1,72575
1482791,35.4,35.4,33.78,35.3,1,0,11.71,13.84,36.67,1.21,0.3,20003,1,30.93,35.0,1.26,1,73075
1483300,35.3,35.35,33.78,35.3,1,0,11.58,13.81,36.67,1.21,0.3,20003,1,30.94,35.0,1.31,1,73575
1483809,35.3,35.32,33.78,35.3,1,0,11.58,13.81,36.67,1.21,0.3,20003,1,30.94,35.0,1.34,1,74075
1484318,35.3,35.31,33.78,35.3,1,0,11.56,13.8,36.67,1.21,0.3,20003,1,30.93,35.0,1.35,1,74575
1484827,35.3,35.3,33.78,35.3,1,0,11.56,13.8,36.67,1.21,0.3,20003,1,30.93,35.0,1.36,1,75075
1485336,35.3,35.3,33.78,35.3,1,0,11.56,13.8,36.67,1.21,0.3,20003,1,30.93,35.0,1.36,1,75575
1485845,35.37,35.33,33.78,35.3,1,0,11.33,13.83,36.67,1.21,0.3,20003,1,30.93,35.0,1.33,1,76075
1486354,35.39,35.35,33.78,35.3,1,0,11.31,13.83,36.67,1.21,0.3,20003,1,30.94,35.0,1.31,1,76575
1486863,35.39,35.37,33.78,35.3,1,0,11.31,13.85,36.67,1.21,0.3,20003,1,30.94,35.0,1.29,1,77075
1487372,35.39,35.38,33.78,35.3,1,0,11.31,13.85,36.67,1.21,0.3,20003,1,30.94,35.0,1.29,1,77575
1487881,35.41,35.38,33.78,35.3,1,0,11.09,13.85,36.67,1.21,0.3,20003,1,30.93,35.0,1.28,1,78075
1488390,35.37,35.4,33.78,35.3,1,0,11.2,13.85,36.67,1.21,0.3,20003,1,30.93,35.0,1.26,1,78575
1488899,35.37,35.38,33.78,35.3,1,0,11.2,13.83,36.67,1.21,0.3,20003,1,30.93,35.0,1.28,1,79075
1489408,35.37,35.37,33.78,35.3,1,0,11.2,13.83,36.67,1.21,0.3,20003,1,30.93,35.0,1.29,1,79575
1489917,35.53,35.37,33.78,35.3,1,0,11.02,13.83,36.67,1.21,0.3,20003,1,30.93,35.0,1.29,1,80075
1490427,35.5,35.45,33.78,35.3,1,0,10.96,13.9,36.67,1.21,0.3,20003,1,30.93,35.0,1.21,1,80575
1490937,35.5,35.47,33.78,35.3,1,0,10.96,13.88,36.67,1.21,0.3,20003,1,30.93,35.0,1.19,1,81075
1491446,35.56,35.48,33.78,35.3,1,0,11.04,13.88,36.67,1.21,0.3,20003,1,30.94,35.0,1.18,1,81575
1491955,35.56,35.52,33.78,35.3,1,0,11.04,13.92,36.67,1.21,0.3,20003,1,30.94,35.0,1.14,1,82075
1492464,35.57,35.54,33.78,35.3,1,0,11.02,13.92,36.67,1.21,0.3,20003,1,30.93,35.0,1.12,1,82575
1492973,35.59,35.56,33.78,35.3,1,0,10.87,13.92,36.67,1.21,0.3,20003,1,30.93,35.0,1.11,1,83075
1493482,35.59,35.57,33.78,35.3,1,0,10.87,13.92,36.67,1.21,0.3,20003,1,30.93,35.0,1.09,1,83575
1493991,35.59,35.58,33.78,35.3,1,0,10.87,13.92,36.67,1.21,0.3,20003,1,30.93,35.0,1.08,1,84075
1494500,35.68,35.63,33.78,35.3,1,0,10.8,13.97,36.67,1.21,0.3,20003,1,30.94,35.0,1.03,1,84590
1495009,35.66,35.65,33.78,35.3,1,0,10.76,13.97,36.67,1.21,0.3,20003,1,30.94,35.0,1.01,1,85090
1495518,35.73,35.66,33.78,35.3,1,0,10.8,13.97,36.67,1.21,0.3,20003,1,30.94,35.0,1.01,1,85590
1496027,35.73,35.69,33.78,35.3,1,0,10.8,14.0,36.67,1.21,0.3,20003,1,30.94,35.0,0.97,1,86090
1496536,35.79,35.71,33.78,35.3,1,0,10.42,14.0,36.67,1.21,0.3,20003,1,30.93,35.0,0.95,1,86590
1497059,35.8,35.75,33.78,35.3,1,0,10.76,14.01,36.67,1.21,0.3,20003,1,30.93,35.0,0.91,1,87090
1497568,35.8,35.78,33.78,35.3,1,0,10.76,14.02,36.67,1.21,0.3,20003,1,30.93,35.0,0.88,1,87590
1498077,35.84,35.79,33.78,35.3,1,0,10.89,14.02,36.67,1.21,0.3,20003,1,30.96,35.0,0.87,1,88090
1498586,35.84,35.81,33.78,35.3,1,0,10.89,14.06,36.67,1.21,0.3,20003,1,30.96,35.0,0.85,1,88590
1499095,35.88,35.85,33.78,35.3,1,0,10.71,14.1,36.67,1.21,0.3,20003,1,30.98,35.0,0.81,1,89597
1499604,35.88,35.87,33.78,35.3,1,0,10.26,14.08,36.67,1.21,0.3,20003,1,30.96,35.0,0.79,1,90097
1500113,35.88,35.87,33.78,35.3,1,0,10.26,14.08,36.67,1.21,0.3,20003,1,30.96,35.0,0.79,1,90597
1500622,35.88,35.88,33.78,35.3,1,0,10.26,14.08,36.67,1.21,0.3,20003,1,30.96,35.0,0.78,1,91097
1501131,35.88,35.88,33.78,35.3,1,0,10.26,14.08,36.67,1.21,0.3,20003,1,30.96,35.0,0.78,1,91597
1501640,35.91,35.9,33.78,35.3,1,0,10.6,14.1,36.67,1.21,0.3,20003,1,30.97,35.0,0.77,1,92097
1502149,35.91,35.9,33.78,35.3,1,0,10.6,14.1,36.67,1.21,0.3,20003,1,30.97,35.0,0.76,1,92597
1502658,35.95,35.93,33.78,35.3,1,0,10.64,14.11,36.67,1.21,0.3,20003,1,30.96,35.0,0.73,1,93097
1503167,35.97,35.95,33.78,35.3,1,0,10.47,14.11,36.67,1.21,0.3,20003,1,30.96,35.0,0.71,1,93597
1503676,35.97,35.96,33.78,35.3,1,0,10.47,14.11,36.67,1.21,0.3,20003,1,30.96,35.0,0.7,1,94097
1504185,35.98,35.97,33.78,35.3,1,0,10.53,14.12,36.67,1.21,0.3,20003,1,30.96,35.0,0.69,1,94597
1504694,35.98,35.98,33.78,35.3,1,0,10.53,14.12,36.67,1.21,0.3,20003,1,30.96,35.0,0.69,1,95097
1505203,35.95,35.96,33.78,35.3,1,0,10.44,14.11,36.67,1.21,0.3,20003,1,30.96,35.0,0.7,1,95597
1505712,35.95,35.96,33.78,35.3,1,0,10.44,14.11,36.67,1.21,0.3,20003,1,30.96,35.0,0.7,1,96097
1506221,36.03,35.99,33.78,35.3,1,0,10.53,14.15,36.67,1.21,0.3,20003,1,30.97,35.0,0.67,1,96597
1506730,36.04,36.01,33.78,35.3,1,0,10.49,14.15,36.67,1.21,0.3,20003,1,30.94,35.0,0.65,1,97097
1507239,36.04,36.03,33.78,35.3,1,0,10.49,14.13,36.67,1.21,0.3,20003,1,30.94,35.0,0.64,1,97597
1507748,36.04,36.03,33.78,35.3,1,0,10.49,14.13,36.67,1.21,0.3,20003,1,30.94,35.0,0.63,1,98097
1508257,36.03,36.04,33.78,35.3,1,0,10.49,14.13,36.67,1.21,0.3,20003,1,30.98,35.0,0.63,1,98599
1508766,36.03,36.03,33.78,35.3,1,0,10.49,14.16,36.67,1.21,0.3,20003,1,30.98,35.0,0.63,1,99100
1509275,36.03,36.03,33.78,35.3,1,0,10.49,14.16,36.67,1.21,0.3,20003,1,30.98,35.0,0.63,1,99600
1509784,36.03,36.03,33.78,35.3,1,0,10.49,14.16,36.67,1.21,0.3,20003,1,30.98,35.0,0.63,1,100100
1510293,36.03,36.03,33.78,35.3,1,0,10.49,14.16,36.67,1.21,0.3,20003,1,30.98,35.0,0.63,1,100600
1510802,36.03,36.03,33.78,35.3,1,0,10.42,14.16,36.67,1.21,0.3,20003,1,30.98,35.0,0.63,1,101100
1511311,36.03,36.03,33.78,35.3,1,0,10.42,14.16,36.67,1.21,0.3,20003,1,30.98,35.0,0.63,1,101600
1511820,36.03,36.03,33.78,35.3,1,0,10.42,14.16,36.67,1.21,0.3,20003,1,30.98,35.0,0.63,1,102100
1512329,36.04,36.03,33.78,35.3,1,0,10.55,14.16,36.67,1.21,0.3,20003,1,30.98,35.0,0.63,1,102600
1512838,36.04,36.04,33.78,35.3,1,0,10.55,14.17,36.67,1.21,0.3,20003,1,30.98,35.0,0.63,1,103100
1513347,36.04,36.04,33.78,35.3,1,0,10.31,14.16,36.67,1.21,0.3,20003,1,30.97,35.0,0.62,1,103601
1513856,36.04,36.04,33.78,35.3,1,0,10.31,14.16,36.67,1.21,0.3,20003,1,30.97,35.0,0.62,1,104101
1514365,36.0,36.02,33.78,35.3,1,0,10.31,14.17,36.67,1.21,0.3,20003,1,31.0,35.0,0.64,1,104601
1514874,35.99,36.01,33.78,35.3,1,0,10.0,14.17,36.67,1.21,0.3,20003,1,30.98,35.0,0.65,1,105101
1515383,36.09,36.0,33.78,35.3,1,1,9.95,14.14,36.67,1.21,0.3,20003,1,31.0,35.0,0.66,1,105601
1515892,36.09,36.04,33.78,35.3,1,1,9.95,14.2,36.67,1.21,0.3,20003,1,31.0,35.0,0.62,1,106101
1516401,36.04,36.04,33.78,35.3,1,1,10.17,14.16,36.67,1.21,0.3,20003,1,30.97,35.0,0.62,1,106601
1516910,36.06,36.04,33.78,35.3,1,1,10.35,14.16,36.67,1.21,0.3,20003,1,31.01,35.0,0.62,1,107101
1517419,36.06,36.05,33.78,35.3,1,1,10.35,14.2,36.67,1.21,0.3,20003,1,31.01,35.0,0.61,1,107601
1517928,36.12,36.06,33.78,35.3,1,1,10.87,14.2,36.67,1.21,0.3,20003,1,30.98,35.0,0.61,1,108101
1518437,36.12,36.09,33.78,35.3,1,1,10.87,14.2,36.67,1.21,0.3,20003,1,30.98,35.0,0.58,1,108601
1518946,36.1,36.09,33.78,35.3,1,1,11.04,14.18,36.67,1.21,0.3,20003,1,30.97,35.0,0.57,1,109101
1519455,35.95,36.1,33.78,35.3,1,1,11.27,14.18,36.67,1.21,0.3,20003,1,30.98,35.0,0.56,1,109601
1519964,35.79,36.03,33.78,35.3,1,1,11.53,14.13,36.67,1.21,0.3,20003,1,30.97,35.0,0.64,1,110101
1520473,35.79,35.91,33.78,35.3,1,1,11.53,14.05,36.67,1.21,0.3,20003,1,30.97,35.0,0.75,1,110601
1520982,35.52,35.71,33.78,35.3,1,1,11.73,13.93,36.67,1.21,0.3,20003,1,30.97,35.0,0.95,1,111101
1521491,35.52,35.62,33.78,35.3,1,1,11.73,13.93,36.67,1.21,0.3,20003,1,30.97,35.0,1.05,1,111601
1522000,35.23,35.42,33.78,35.3,1,0,12.06,13.8,36.67,1.21,0.3,20003,1,30.97,35.0,1.24,1,112101
1522509,35.11,35.32,33.78,35.3,1,0,12.28,13.8,36.67,1.21,0.3,20003,1,30.96,35.0,1.34,1,112601
1523018,35.11,35.22,33.78,35.3,0,0,12.28,13.74,36.67,1.21,0.3,113101,0,30.96,35.0,1.45,1,0
1523527,34.8,35.16,33.71,35.3,0,0,11.97,13.74,35.16,1.28,0.3,113101,0,30.9,35.0,0.0,1,500
1524035,34.8,34.98,33.71,35.3,0,0,11.97,13.55,34.98,1.28,0.3,113101,0,30.9,35.0,0.0,1,1000
1524544,34.8,34.89,33.71,35.3,0,0,11.97,13.55,34.89,1.28,0.3,113101,0,30.9,35.0,0.0,1,1500
1525053,34.8,34.84,33.71,35.3,0,0,11.97,13.55,34.84,1.28,0.3,113101,0,30.9,35.0,0.0,1,2000
1525562,34.56,34.82,33.71,35.3,0,0,11.4,13.55,34.82,1.28,0.3,113101,0,30.9,35.0,0.0,1,2500
1526071,34.53,34.69,33.71,35.3,0,0,11.49,13.45,34.69,1.28,0.3,113101,0,30.87,35.0,0.0,1,3000
1526580,34.53,34.61,33.71,35.3,0,0,11.49,13.41,34.61,1.28,0.3,113101,0,30.87,35.0,0.0,1,3500
1527089,34.46,34.57,33.71,35.3,0,0,11.16,13.41,34.57,1.28,0.3,113101,0,30.92,35.0,0.0,1,4000
1527598,34.46,34.52,33.71,35.3,0,0,11.16,13.42,34.52,1.28,0.3,113101,0,30.92,35.0,0.0,1,4500
1528107,34.46,34.48,33.71,35.3,0,0,11.16,13.42,34.48,1.28,0.3,113101,0,30.92,35.0,0.0,1,5508
1528616,34.49,34.48,33.71,35.3,0,0,11.27,13.44,34.48,1.28,0.3,113101,0,30.93,35.0,0.0,1,6008
1529125,34.49,34.49,33.71,35.3,0,0,11.27,13.44,34.48,1.28,0.3,113101,0,30.93,35.0,0.01,1,6508
1529634,34.49,34.49,33.71,35.3,0,0,11.27,13.44,34.48,1.28,0.3,113101,0,30.93,35.0,0.01,1,7008
1530143,34.5,34.5,33.71,35.3,0,0,11.09,13.42,34.48,1.28,0.3,113101,0,30.9,35.0,0.02,1,7508
1530652,34.5,34.5,33.71,35.3,0,0,11.09,13.42,34.48,1.28,0.3,113101,0,30.9,35.0,0.02,1,8008
1531161,34.53,34.52,33.71,35.3,0,0,10.93,13.45,34.48,1.28,0.3,113101,0,30.92,35.0,0.04,1,8508
1531670,34.53,34.53,33.71,35.3,0,0,10.93,13.45,34.48,1.28,0.3,113101,0,30.92,35.0,0.04,1,9008
1532179,34.53,34.53,33.71,35.3,0,0,11.33,13.44,34.48,1.28,0.3,113101,0,30.9,35.0,0.05,1,9508
1532688,34.53,34.53,33.71,35.3,0,0,11.51,13.44,34.48,1.28,0.3,113101,0,30.87,35.0,0.05,1,10008
1533197,34.53,34.53,33.71,35.3,0,0,11.51,13.41,34.48,1.28,0.3,113101,0,30.87,35.0,0.05,1,10508
1533706,34.53,34.53,33.71,35.3,0,0,11.51,13.41,34.48,1.28,0.3,113101,0,30.87,35.0,0.05,1,11008
1534215,34.55,34.53,33.71,35.3,0,0,11.42,13.41,34.48,1.28,0.3,113101,0,30.9,35.0,0.05,1,11508
1534724,34.55,34.54,33.71,35.3,0,0,11.42,13.44,34.48,1.28,0.3,113101,0,30.9,35.0,0.06,1,12008
1535233,34.65,34.59,33.71,35.3,0,0,11.78,13.5,34.48,1.28,0.3,113101,0,30.92,35.0,0.11,1,12508
1535742,34.65,34.62,33.71,35.3,0,0,11.78,13.5,34.48,1.28,0.3,113101,0,30.92,35.0,0.14,1,13009
1536251,34.65,34.64,33.71,35.3,0,0,11.78,13.5,34.48,1.28,0.3,113101,1,30.92,35.0,0.16,1,13509
1536760,34.73,34.68,33.71,35.3,0,0,12.04,13.53,34.48,1.28,0.3,113101,1,30.92,35.0,0.2,1,14009
1537269,34.73,34.7,33.71,35.3,0,0,12.04,13.53,34.48,1.28,0.3,113101,1,30.92,35.0,0.22,1,14509
1537779,34.7,34.7,33.71,35.3,0,0,11.78,13.51,34.48,1.28,0.3,113101,1,30.9,35.0,0.22,1,15009
1538288,34.7,34.7,33.71,35.3,0,0,11.78,13.51,34.48,1.28,0.3,113101,1,30.9,35.0,0.22,1,15509
1538797,34.77,34.7,33.71,35.3,0,0,12.17,13.51,34.48,1.28,0.3,113101,1,30.93,35.0,0.22,1,16009
1539306,34.77,34.73,33.71,35.3,0,0,12.17,13.57,34.48,1.28,0.3,113101,1,30.93,35.0,0.25,1,16509
1539815,34.8,34.77,33.71,35.3,0,0,12.31,13.57,34.48,1.28,0.3,113101,1,30.92,35.0,0.29,1,17009
1540324,34.84,34.8,33.71,35.3,0,0,12.53,13.6,34.48,1.28,0.3,113101,1,30.93,35.0,0.32,1,17509
1540833,34.9,34.82,33.71,35.3,0,0,12.66,13.6,34.48,1.28,0.3,113101,1,30.93,35.0,0.34,1,18009
1541342,34.9,34.86,33.71,35.3,0,0,12.66,13.62,34.48,1.28,0.3,113101,1,30.93,35.0,0.38,1,18509
1541851,34.9,34.88,33.71,35.3,0,0,12.7,13.61,34.48,1.28,0.3,113101,1,30.92,35.0,0.4,1,19009
1542360,34.9,34.89,33.71,35.3,0,0,12.7,13.61,34.48,1.28,0.3,113101,1,30.92,35.0,0.41,1,19509
1542869,34.96,34.92,33.71,35.3,1,0,12.81,13.65,34.48,1.28,0.3,20009,0,30.93,35.0,0.44,0,0
1543378,34.94,34.94,33.71,35.33,1,0,13.05,13.65,34.94,1.28,0.33,20009,0,30.89,35.0,0.0,0,500
1543887,34.99,34.94,33.71,35.33,1,0,13.05,13.61,34.94,1.28,0.33,20009,0,30.92,35.0,0.0,0,1000
1544411,35.05,34.96,33.71,35.33,1,0,13.21,13.65,34.96,1.28,0.33,20009,0,30.93,35.0,0.0,0,1500
1544920,35.05,35.01,33.71,35.33,1,0,13.21,13.69,35.01,1.28,0.33,20009,0,30.93,35.0,0.0,0,2000
1545429,35.05,35.03,33.71,35.33,1,0,13.21,13.69,35.03,1.28,0.33,20009,0,30.93,35.0,0.0,0,2500
1545938,35.05,35.04,33.71,35.33,1,0,13.21,13.69,35.04,1.28,0.33,20009,0,30.93,35.0,0.0,0,3000
1546447,35.13,35.08,33.71,35.33,1,0,13.4,13.71,35.08,1.28,0.33,20009,0,30.92,35.0,0.0,0,3500
1546969,35.08,35.11,33.71,35.33,1,0,13.53,13.71,35.11,1.28,0.33,20009,0,30.94,35.0,0.0,0,4000
1547478,35.08,35.09,33.71,35.33,1,0,13.53,13.72,35.11,1.28,0.33,20009,0,30.94,35.0,0.01,0,4500
1547987,35.08,35.09,33.71,35.33,1,0,13.53,13.72,35.11,1.28,0.33,20009,0,30.94,35.0,0.02,0,5000
1548496,35.18,35.08,33.71,35.33,1,0,13.58,13.72,35.11,1.28,0.33,20009,0,30.96,35.0,0.02,0,5500
1549005,35.18,35.13,33.71,35.33,1,0,13.58,13.77,35.13,1.28,0.33,20009,0,30.96,35.0,0.0,0,6000
1549514,35.22,35.18,33.71,35.33,1,0,13.58,13.78,35.18,1.28,0.33,20009,0,30.94,35.0,0.0,0,6500
1550023,35.19,35.2,33.71,35.33,1,0,14.21,13.78,35.2,1.28,0.33,20009,0,30.93,35.0,0.0,0,7000
1550532,35.27,35.2,33.71,35.33,1,0,13.51,13.75,35.2,1.28,0.33,20009,0,30.94,35.0,0.0,0,7500
1551040,35.27,35.23,33.71,35.33,1,0,13.51,13.8,35.23,1.28,0.33,20009,0,30.94,35.0,0.0,0,8000
1551549,35.27,35.25,33.71,35.33,1,0,13.8,13.8,35.25,1.28,0.33,20009,0,30.94,35.0,0.0,0,8500
1552058,35.28,35.26,33.71,35.33,1,0,13.71,13.8,35.26,1.28,0.33,20009,0,30.96,35.0,0.0,0,9000
1552567,35.28,35.27,33.71,35.33,1,0,13.71,13.82,35.27,1.28,0.33,20009,0,30.96,35.0,0.0,0,9500
1553076,35.35,35.28,33.71,35.33,1,0,13.51,13.82,35.28,1.28,0.33,20009,0,30.94,35.0,0.0,0,10001
1553585,35.35,35.32,33.71,35.33,1,0,13.51,13.84,35.32,1.28,0.33,20009,0,30.94,35.0,0.0,0,10502
1554094,35.35,35.33,33.71,35.33,1,0,13.51,13.84,35.33,1.28,0.33,20009,0,30.94,35.0,0.0,0,11002
1554603,35.35,35.34,33.71,35.33,1,0,13.51,13.84,35.34,1.28,0.33,20009,0,30.94,35.0,0.0,0,11502
1555112,35.34,35.34,33.71,35.33,1,0,13.14,13.84,35.35,1.28,0.33,20009,0,30.96,35.0,0.0,0,12504
1555621,35.34,35.34,33.71,35.33,1,0,13.14,13.84,35.35,1.28,0.33,20009,0,30.96,35.0,0.0,0,13004
1556130,35.41,35.38,33.71,35.33,1,0,13.42,13.87,35.38,1.28,0.33,20009,0,30.96,35.0,0.0,0,13504
1556639,35.41,35.4,33.71,35.33,1,0,13.42,13.87,35.4,1.28,0.33,20009,0,30.96,35.0,0.0,0,14004
1557148,35.37,35.38,33.71,35.33,1,0,13.42,13.85,35.4,1.28,0.33,20009,0,30.96,35.0,0.01,0,14504
1557657,35.37,35.38,33.71,35.33,1,0,13.42,13.85,35.4,1.28,0.33,20009,0,30.96,35.0,0.02,0,15006
1558166,35.41,35.39,33.71,35.33,1,0,13.42,13.89,35.4,1.28,0.33,20009,0,30.97,35.0,0.0,0,15506
1558675,35.47,35.43,33.71,35.33,1,0,13.49,13.9,35.43,1.28,0.33,20009,0,30.96,35.0,0.0,0,16007
1559184,35.43,35.43,33.71,35.33,1,0,13.36,13.89,35.43,1.28,0.33,20009,0,30.97,35.0,0.0,0,16508
1559696,35.43,35.43,33.71,35.33,1,0,13.36,13.89,35.43,1.28,0.33,20009,0,30.97,35.0,0.0,0,17008
1560205,35.43,35.43,33.71,35.33,1,0,13.36,13.89,35.43,1.28,0.33,20009,0,30.97,35.0,0.0,0,17508
1560714,35.46,35.44,33.71,35.33,1,0,13.18,13.9,35.44,1.28,0.33,20009,0,30.97,35.0,0.0,0,18008
1561223,35.46,35.45,33.71,35.33,1,0,13.18,13.9,35.45,1.28,0.33,20009,0,30.97,35.0,0.0,0,18508
1561732,35.5,35.48,33.71,35.33,1,0,13.58,13.93,35.48,1.28,0.33,20009,0,30.98,35.0,0.0,0,19008
1562241,35.54,35.51,33.71,35.33,1,0,13.34,13.96,35.51,1.28,0.33,20009,0,31.0,35.0,0.0,0,19508
1562750,35.57,35.54,33.71,35.33,1,0,13.07,13.95,35.54,1.28,0.33,20009,0,30.97,35.0,0.0,0,20008
1563259,35.57,35.56,33.71,35.33,1,0,13.07,13.95,35.56,1.28,0.33,20009,0,30.97,35.0,0.0,0,20508
1563768,35.57,35.57,33.71,35.33,1,0,13.07,13.95,35.57,1.28,0.33,20009,0,30.97,35.0,0.0,0,21008
1564277,35.57,35.57,33.71,35.33,1,0,13.07,13.95,35.57,1.28,0.33,20009,0,30.97,35.0,0.0,0,21508
1564786,35.61,35.59,33.71,35.33,1,0,12.72,13.99,35.59,1.28,0.33,20009,0,31.0,35.0,0.0,0,22009
1565295,35.62,35.6,33.71,35.33,1,0,13.21,13.99,35.6,1.28,0.33,20009,0,30.98,35.0,0.0,0,22511
1565804,35.62,35.61,33.71,35.33,1,0,13.21,13.99,35.61,1.28,0.33,20009,0,30.98,35.0,0.0,0,23011
1566313,35.68,35.64,33.71,35.33,1,0,12.94,13.99,35.64,1.28,0.33,20009,0,30.96,35.0,0.0,0,23511
1566822,35.68,35.66,33.71,35.33,1,0,12.94,13.99,35.66,1.28,0.33,20009,0,30.96,35.0,0.0,0,24011
1567331,35.68,35.67,33.71,35.33,1,0,12.88,14.0,35.67,1.28,0.33,20009,0,30.97,35.0,0.0,0,24511
1567840,35.68,35.67,33.71,35.33,1,0,12.88,14.0,35.67,1.28,0.33,20009,0,30.97,35.0,0.0,0,25011
1568349,35.74,35.71,33.71,35.33,1,0,12.72,14.05,35.71,1.28,0.33,20009,0,31.0,35.0,0.0,0,25511
1568858,35.77,35.72,33.71,35.33,1,0,12.88,14.05,35.72,1.28,0.33,20009,0,31.0,35.0,0.0,0,26011
1569367,35.77,35.75,33.71,35.33,1,0,12.88,14.06,35.75,1.28,0.33,20009,0,31.0,35.0,0.0,0,26511
1569876,35.75,35.76,33.71,35.33,1,0,12.72,14.06,35.76,1.28,0.33,20009,0,31.0,35.0,0.0,0,27011
1570385,35.75,35.76,33.71,35.33,1,0,12.72,14.06,35.76,1.28,0.33,20009,0,31.0,35.0,0.0,0,27511
1570894,35.75,35.75,33.71,35.33,1,0,12.72,14.06,35.76,1.28,0.33,20009,0,31.0,35.0,0.0,0,28011
1571403,35.79,35.77,33.71,35.33,1,0,11.91,14.06,35.77,1.28,0.33,20009,0,30.98,35.0,0.0,0,28511
1571912,35.84,35.81,33.71,35.33,1,0,12.64,14.1,35.81,1.28,0.33,20009,0,31.0,35.0,0.0,0,29018
1572421,35.84,35.82,33.71,35.33,1,0,12.64,14.1,35.82,1.28,0.33,20009,0,31.0,35.0,0.0,0,29518
1572930,35.84,35.83,33.71,35.33,1,0,12.37,14.08,35.83,1.28,0.33,20009,0,30.98,35.0,0.0,0,30018
1573439,35.87,35.83,33.71,35.33,1,0,12.48,14.08,35.83,1.28,0.33,20009,0,31.0,35.0,0.0,0,30518
1573948,35.87,35.85,33.71,35.33,1,0,12.48,14.11,35.85,1.28,0.33,20009,0,31.0,35.0,0.0,0,31018
1574457,35.9,35.88,33.71,35.33,1,0,12.66,14.13,35.88,1.28,0.33,20009,0,31.01,35.0,0.0,0,31518
1574966,35.86,35.89,33.71,35.33,1,0,12.39,14.13,35.89,1.28,0.33,20009,0,31.01,35.0,0.0,0,32018
1575489,35.88,35.87,33.71,35.33,1,0,12.35,14.11,35.89,1.28,0.33,20009,0,30.98,35.0,0.01,0,32518
1575998,35.88,35.88,33.71,35.33,1,0,12.35,14.1,35.89,1.28,0.33,20009,0,30.98,35.0,0.0,0,33018
1576507,35.91,35.88,33.71,35.33,1,0,12.53,14.1,35.89,1.28,0.33,20009,0,31.0,35.0,0.0,0,33518
1577016,35.91,35.9,33.71,35.33,1,0,12.53,14.13,35.9,1.28,0.33,20009,0,31.0,35.0,0.0,0,34018
1577525,35.9,35.91,33.71,35.33,1,0,12.37,14.13,35.91,1.28,0.33,20009,0,31.01,35.0,0.0,0,34518
1578034,35.9,35.9,33.71,35.33,1,0,12.37,14.13,35.91,1.28,0.33,20009,0,31.01,35.0,0.0,0,35018
1578543,35.95,35.9,33.71,35.33,1,0,12.33,14.13,35.91,1.28,0.33,20009,0,31.03,35.0,0.0,0,35518
1579052,35.95,35.92,33.71,35.33,1,0,12.33,14.16,35.92,1.28,0.33,20009,0,31.03,35.0,0.0,0,36018
1579561,35.99,35.93,33.71,35.33,1,0,12.15,14.16,35.93,1.28,0.33,20009,0,31.0,35.0,0.0,0,36518
1580070,35.99,35.96,33.71,35.33,1,0,12.15,14.16,35.96,1.28,0.33,20009,0,31.0,35.0,0.0,0,37018
1580579,36.03,35.97,33.71,35.33,1,0,12.88,14.16,35.97,1.28,0.33,20009,0,31.01,35.0,0.0,0,37518
1581088,36.03,36.0,33.71,35.33,1,0,12.88,14.19,36.0,1.28,0.33,20009,0,31.01,35.0,0.0,0,38018
1581597,36.05,36.02,33.71,35.33,1,0,11.73,14.2,36.02,1.28,0.33,20009,0,31.01,35.0,0.0,0,38518
1582106,36.0,36.04,33.71,35.33,1,0,12.24,14.2,36.04,1.28,0.33,20009,0,31.03,35.0,0.0,0,39018
1582615,36.0,36.02,33.71,35.33,1,0,12.24,14.19,36.04,1.28,0.33,20009,0,31.03,35.0,0.01,0,39518
1583124,36.03,36.01,33.71,35.33,1,0,12.17,14.19,36.04,1.28,0.33,20009,0,31.03,35.0,0.02,0,40018
1583633,36.03,36.03,33.71,35.33,1,0,12.17,14.2,36.04,1.28,0.33,20009,0,31.03,35.0,0.0,0,41025
1584142,36.12,36.07,33.71,35.33,1,0,11.97,14.23,36.07,1.28,0.33,20009,0,31.01,35.0,0.0,0,41525
1584651,36.12,36.1,33.71,35.33,1,0,11.97,14.23,36.1,1.28,0.33,20009,0,31.01,35.0,0.0,0,42025
1585160,36.08,36.09,33.71,35.33,1,0,11.84,14.23,36.1,1.28,0.33,20009,0,31.04,35.0,0.0,0,42525
1585669,36.08,36.08,33.71,35.33,1,0,11.84,14.23,36.1,1.28,0.33,20009,0,31.04,35.0,0.01,0,43025
1586178,36.15,36.11,33.71,35.33,1,0,11.97,14.24,36.11,1.28,0.33,20009,0,31.01,35.0,0.0,0,43525
1586687,36.15,36.13,33.71,35.33,1,0,11.97,14.24,36.13,1.28,0.33,20009,0,31.01,35.0,0.0,0,44025
1587196,36.09,36.11,33.71,35.33,1,0,11.8,14.24,36.13,1.28,0.33,20009,0,31.04,35.0,0.01,0,44525
1587705,36.12,36.12,33.71,35.33,1,0,11.69,14.24,36.13,1.28,0.33,20009,0,31.03,35.0,0.01,0,45025
1588214,36.15,36.13,33.71,35.33,1,0,12.22,14.24,36.13,1.28,0.33,20009,0,31.01,35.0,0.0,0,45525
1588723,36.15,36.14,33.71,35.33,1,0,12.22,14.24,36.14,1.28,0.33,20009,0,31.01,35.0,0.0,0,46025
1589232,36.15,36.14,33.71,35.33,1,0,12.22,14.24,36.14,1.28,0.33,20009,0,31.01,35.0,0.0,0,46525
1589741,36.15,36.14,33.71,35.33,1,0,12.22,14.24,36.14,1.28,0.33,20009,0,31.01,35.0,0.0,0,47025
1590250,36.15,36.15,33.71,35.33,1,0,11.62,14.25,36.15,1.28,0.33,20009,0,31.03,35.0,0.0,0,47525
1590759,36.14,36.14,33.71,35.33,1,0,11.64,14.25,36.15,1.28,0.33,20009,0,31.03,35.0,0.0,0,48025
1591269,36.14,36.14,33.71,35.33,1,0,11.64,14.25,36.15,1.28,0.33,20009,0,31.03,35.0,0.0,0,48525
1591779,36.14,36.14,33.71,35.33,1,0,11.64,14.25,36.15,1.28,0.33,20009,0,31.03,35.0,0.0,0,49025
1592288,36.14,36.14,33.71,35.33,1,0,11.64,14.25,36.15,1.28,0.33,20009,0,31.03,35.0,0.01,0,49525
1592797,36.16,36.15,33.71,35.33,1,0,11.56,14.26,36.15,1.28,0.33,20009,0,31.03,35.0,0.0,0,50025
1593306,36.16,36.16,33.71,35.33,1,0,11.89,14.27,36.16,1.28,0.33,20009,0,31.04,35.0,0.0,0,50525
1593815,36.21,36.16,33.71,35.33,1,0,11.49,14.27,36.16,1.28,0.33,20009,0,31.03,35.0,0.0,0,51025
1594324,36.21,36.18,33.71,35.33,1,0,11.49,14.28,36.18,1.28,0.33,20009,0,31.03,35.0,0.0,0,51525
1594833,36.24,36.21,33.71,35.33,1,0,11.56,14.28,36.21,1.28,0.33,20009,0,31.01,35.0,0.0,0,52025
1595342,36.24,36.22,33.71,35.33,1,0,11.56,14.28,36.22,1.28,0.33,20009,0,31.01,35.0,0.0,0,52525
1595851,36.19,36.23,33.71,35.33,1,0,11.49,14.28,36.23,1.28,0.33,20009,0,31.01,35.0,0.0,0,53025
1596360,36.19,36.21,33.71,35.33,1,0,11.49,14.26,36.23,1.28,0.33,20009,0,31.01,35.0,0.01,0,53525
1596869,36.24,36.22,33.71,35.33,1,0,11.38,14.3,36.23,1.28,0.33,20009,0,31.04,35.0,0.0,0,54025
1597378,36.27,36.23,33.71,35.33,1,0,11.47,14.3,36.23,1.28,0.33,20009,0,31.03,35.0,0.0,0,54525
1597887,36.27,36.25,33.71,35.33,1,0,11.47,14.3,36.25,1.28,0.33,20009,0,31.03,35.0,0.0,0,55025
1598396,36.27,36.26,33.71,35.33,1,0,11.47,14.3,36.26,1.28,0.33,20009,0,31.03,35.0,0.0,0,55525
1598905,36.27,36.26,33.71,35.33,1,0,11.47,14.3,36.26,1.28,0.33,20009,0,31.03,35.0,0.0,0,56025
1599414,36.25,36.26,33.71,35.33,1,0,11.31,14.29,36.26,1.28,0.33,20009,0,31.03,35.0,0.0,0,56525
1599934,36.21,36.25,33.71,35.33,1,0,11.02,14.29,36.26,1.28,0.33,20009,0,31.04,35.0,0.0,0,57025
1600443,36.21,36.23,33.71,35.33,1,0,11.02,14.29,36.26,1.28,0.33,20009,0,31.04,35.0,0.02,0,57525
1600952,36.21,36.22,33.71,35.33,1,0,11.02,14.29,36.26,1.28,0.33,20009,0,31.04,35.0,0.04,0,58025
1601461,36.24,36.21,33.71,35.33,1,0,11.31,14.29,36.26,1.28,0.33,20009,0,31.06,35.0,0.04,0,58525
1601970,36.24,36.23,33.71,35.33,1,0,11.31,14.32,36.26,1.28,0.33,20009,0,31.06,35.0,0.03,0,59025
1602479,36.24,36.23,33.71,35.33,1,0,11.22,14.3,36.26,1.28,0.33,20009,0,31.04,35.0,0.02,0,59525
1602988,36.26,36.24,33.71,35.33,1,0,11.11,14.3,36.26,1.28,0.33,20009,0,31.01,35.0,0.02,0,60025
1603497,36.27,36.25,33.71,35.33,1,0,11.84,14.29,36.26,1.28,0.33,20009,0,31.04,35.0,0.01,0,60525
1604006,36.27,36.26,33.71,35.33,1,0,11.84,14.31,36.26,1.28,0.33,20009,0,31.04,35.0,0.0,0,61025
1604515,36.27,36.26,33.71,35.33,1,0,11.09,14.3,36.26,1.28,0.33,20009,0,31.03,35.0,0.0,0,61525
1605024,36.32,36.26,33.71,35.33,1,0,11.11,14.3,36.26,1.28,0.33,20009,0,31.01,35.0,0.0,0,62025
1605533,36.32,36.29,33.71,35.33,1,0,11.11,14.31,36.29,1.28,0.33,20009,0,31.01,35.0,0.0,0,62525
1606042,36.32,36.31,33.71,35.33,1,0,11.11,14.31,36.31,1.28,0.33,20009,0,31.01,35.0,0.0,0,63025
1606551,36.27,36.29,33.71,35.33,1,0,11.11,14.31,36.31,1.28,0.33,20009,0,31.04,35.0,0.01,0,63525
1607060,36.27,36.28,33.71,35.33,1,0,11.11,14.31,36.31,1.28,0.33,20009,0,31.04,35.0,0.02,0,64025
1607569,36.3,36.27,33.71,35.33,1,0,11.29,14.31,36.31,1.28,0.33,20009,0,31.06,35.0,0.03,0,64525
1608078,36.3,36.29,33.71,35.33,1,0,10.6,14.34,36.31,1.28,0.33,20009,0,31.06,35.0,0.02,0,65025
1608587,36.3,36.29,33.71,35.33,1,0,10.98,14.34,36.31,1.28,0.33,20009,0,31.06,35.0,0.01,0,65525
1609096,36.3,36.29,33.71,35.33,1,0,10.98,14.34,36.31,1.28,0.33,20009,0,31.06,35.0,0.01,0,66025
1609605,36.29,36.3,33.71,35.33,1,0,10.82,14.34,36.31,1.28,0.33,20009,0,31.01,35.0,0.01,0,66525
1610114,36.29,36.29,33.71,35.33,1,0,10.82,14.3,36.31,1.28,0.33,20009,0,31.01,35.0,0.01,0,67025
1610623,36.3,36.29,33.71,35.33,1,0,10.76,14.3,36.31,1.28,0.33,20009,0,31.04,35.0,0.01,0,67525
1611132,36.28,36.3,33.71,35.33,1,0,10.71,14.33,36.31,1.28,0.33,20009,0,31.06,35.0,0.01,0,68025
1611641,36.28,36.29,33.71,35.33,1,0,10.71,14.34,36.31,1.28,0.33,20009,0,31.06,35.0,0.02,0,69033
1612150,36.28,36.28,33.71,35.33,1,0,10.71,14.34,36.31,1.28,0.33,20009,0,31.06,35.0,0.02,0,69533
1612659,36.31,36.3,33.71,35.33,1,0,10.78,14.36,36.31,1.28,0.33,20009,0,31.07,35.0,0.0,0,70033
1613168,36.3,36.3,33.71,35.33,1,0,10.76,14.34,36.31,1.28,0.33,20009,0,31.06,35.0,0.0,0,70533
1613677,36.3,36.3,33.71,35.33,1,0,10.76,14.34,36.31,1.28,0.33,20009,0,31.06,35.0,0.0,0,71033
1614186,36.28,36.29,33.71,35.33,1,0,10.76,14.34,36.31,1.28,0.33,20009,0,31.06,35.0,0.01,0,71533
1614695,36.28,36.29,33.71,35.33,1,0,10.82,14.34,36.31,1.28,0.33,20009,0,31.06,35.0,0.02,0,72033
1615204,36.28,36.28,33.71,35.33,1,0,10.82,14.34,36.31,1.28,0.33,20009,0,31.06,35.0,0.02,0,72533
1615713,36.27,36.28,33.71,35.33,1,0,11.0,14.33,36.31,1.28,0.33,20009,0,31.06,35.0,0.02,0,73033
1616222,36.27,36.27,33.71,35.33,1,0,10.76,14.31,36.31,1.28,0.33,20009,0,31.04,35.0,0.03,0,73538
1616731,36.27,36.27,33.71,35.33,1,0,10.76,14.31,36.31,1.28,0.33,20009,0,31.04,35.0,0.03,0,74038
1617240,36.27,36.27,33.71,35.33,1,0,10.58,14.31,36.31,1.28,0.33,20009,0,31.04,35.0,0.03,0,74538
1617749,36.27,36.27,33.71,35.33,1,0,10.58,14.34,36.31,1.28,0.33,20009,0,31.07,35.0,0.03,0,75038
1618258,36.27,36.27,33.71,35.33,1,0,10.64,14.34,36.31,1.28,0.33,20009,0,31.07,35.0,0.03,0,75538
1618767,36.3,36.27,33.71,35.33,1,0,10.64,14.34,36.31,1.28,0.33,20009,0,31.04,35.0,0.03,0,76038
1619276,36.3,36.28,33.71,35.33,1,0,10.64,14.33,36.31,1.28,0.33,20009,0,31.04,35.0,0.02,0,76538
1619785,36.28,36.28,33.71,35.33,1,0,10.64,14.34,36.31,1.28,0.33,20009,0,31.06,35.0,0.02,0,77038
1620294,36.28,36.28,33.71,35.33,1,0,10.64,14.34,36.31,1.28,0.33,20009,0,31.06,35.0,0.02,0,77538
1620803,36.21,36.28,33.71,35.33,1,0,10.33,14.34,36.31,1.28,0.33,20009,0,31.06,35.0,0.02,0,78038
1621312,36.21,36.25,33.71,35.33,1,0,10.33,14.3,36.31,1.28,0.33,20009,0,31.06,35.0,0.06,0,78538
1621821,36.28,36.23,33.71,35.33,1,0,10.51,14.3,36.31,1.28,0.33,20009,0,31.04,35.0,0.07,0,79038
1622330,36.28,36.26,33.71,35.33,1,0,10.51,14.32,36.31,1.28,0.33,20009,0,31.04,35.0,0.05,0,79538
1622839,36.28,36.27,33.71,35.33,1,0,10.51,14.32,36.31,1.28,0.33,20009,0,31.04,35.0,0.03,0,80038
1623359,36.24,36.28,33.71,35.33,1,0,10.29,14.32,36.31,1.28,0.33,20009,0,31.09,35.0,0.03,0,80538
1623868,36.24,36.26,33.71,35.33,1,1,10.29,14.34,36.31,1.28,0.33,20009,0,31.09,35.0,0.04,1,81038
1624377,36.24,36.25,33.71,35.33,1,1,10.29,14.34,36.31,1.28,0.33,20009,0,31.09,35.0,0.05,1,81538
1624886,36.24,36.25,33.71,35.33,1,1,10.4,14.32,36.31,1.28,0.33,20009,0,31.06,35.0,0.06,1,82039
1625395,36.22,36.24,33.71,35.33,1,1,10.47,14.32,36.31,1.28,0.33,20009,0,31.06,35.0,0.06,1,82539
1625904,36.22,36.23,33.71,35.33,1,1,10.47,14.31,36.31,1.28,0.33,20009,0,31.06,35.0,0.07,1,83039
1626413,36.28,36.26,33.71,35.33,1,1,10.29,14.32,36.31,1.28,0.33,20009,0,31.04,35.0,0.04,1,83539
1626922,36.28,36.27,33.71,35.33,1,1,10.29,14.32,36.31,1.28,0.33,20009,0,31.04,35.0,0.03,1,84039
1627431,36.34,36.31,33.71,35.33,1,1,11.62,14.37,36.31,1.28,0.33,20009,0,31.07,35.0,0.0,1,84539
1627940,36.34,36.32,33.71,35.33,1,1,11.62,14.37,36.32,1.28,0.33,20009,0,31.07,35.0,0.0,1,85039
1628449,36.06,36.19,33.71,35.33,1,1,11.75,14.23,36.32,1.28,0.33,20009,0,31.04,35.0,0.13,1,85539
1628958,35.83,36.13,33.71,35.33,1,1,11.93,14.23,36.32,1.28,0.33,20009,1,31.04,35.0,0.19,1,86039
1629467,35.83,35.98,33.71,35.33,1,1,11.93,14.13,36.32,1.28,0.33,20009,1,31.04,35.0,0.34,1,86539
1629976,35.58,35.78,33.71,35.33,1,0,12.44,14.01,36.32,1.28,0.33,20009,1,31.03,35.0,0.54,1,87039
1630485,35.29,35.68,33.71,35.33,1,0,11.95,14.01,36.32,1.28,0.33,20009,1,31.0,35.0,0.64,1,87539
1630994,35.29,35.48,33.71,35.33,1,0,11.95,13.86,36.32,1.28,0.33,20009,1,31.0,35.0,0.84,1,88039
1631503,35.13,35.38,33.71,35.33,1,0,12.11,13.86,36.32,1.28,0.33,20009,1,31.0,35.0,0.93,1,88539
1632012,35.04,35.26,33.71,35.33,0,0,12.11,13.79,36.32,1.28,0.33,89039,0,30.98,35.0,1.06,1,0
1632521,35.04,35.15,33.71,35.33,0,0,12.11,13.73,35.15,1.28,0.33,89039,0,30.98,35.0,0.0,1,500
1633030,35.04,35.09,33.71,35.33,0,0,12.11,13.73,35.09,1.28,0.33,89039,0,30.98,35.0,0.0,1,1000
1633539,34.86,35.07,33.71,35.33,0,0,11.71,13.73,35.07,1.28,0.33,89039,0,30.97,35.0,0.0,1,1500
1634048,34.83,34.96,33.71,35.33,0,0,11.6,13.64,34.96,1.28,0.33,89039,0,30.96,35.0,0.0,1,2002
1634556,34.83,34.9,33.71,35.33,0,0,11.6,13.62,34.9,1.28,0.33,89039,0,30.96,35.0,0.0,1,2502
1635065,34.8,34.86,33.71,35.33,0,0,11.51,13.62,34.86,1.28,0.33,89039,0,30.97,35.0,0.0,1,3002
1635574,34.8,34.83,33.71,35.33,0,0,11.51,13.62,34.83,1.28,0.33,89039,0,30.97,35.0,0.0,1,3502
1636083,34.8,34.82,33.71,35.33,0,0,11.51,13.62,34.82,1.28,0.33,89039,0,30.97,35.0,0.0,1,4002
1636592,34.8,34.81,33.71,35.33,0,0,11.51,13.62,34.81,1.28,0.33,89039,0,30.97,35.0,0.0,1,4502
1637101,34.74,34.81,33.71,35.33,0,0,11.31,13.62,34.81,1.28,0.33,89039,0,30.96,35.0,0.0,1,5002
1637610,34.74,34.78,33.71,35.33,0,0,11.31,13.58,34.78,1.28,0.33,89039,0,30.96,35.0,0.0,1,5502
1638119,34.79,34.76,33.71,35.33,0,0,11.53,13.58,34.76,1.28,0.33,89039,0,30.97,35.0,0.0,1,6002
1638628,34.79,34.77,33.71,35.33,0,0,11.53,13.61,34.76,1.28,0.33,89039,0,30.97,35.0,0.01,1,6502
1639137,34.73,34.78,33.71,35.33,0,0,11.24,13.61,34.76,1.28,0.33,89039,0,31.0,35.0,0.02,1,7002
1639646,34.74,34.76,33.71,35.33,0,0,11.31,13.61,34.76,1.28,0.33,89039,0,30.94,35.0,0.0,1,7502
1640155,34.74,34.75,33.71,35.33,0,0,11.31,13.57,34.75,1.28,0.33,89039,0,30.94,35.0,0.0,1,8508
1640664,34.73,34.74,33.71,35.33,0,0,12.26,13.57,34.74,1.28,0.33,89039,0,30.96,35.0,0.0,1,9008
1641173,34.76,34.75,33.71,35.33,0,0,11.44,13.57,34.74,1.28,0.33,89039,0,30.94,35.0,0.0,1,9508
1641682,34.76,34.75,33.71,35.33,0,0,11.44,13.57,34.74,1.28,0.33,89039,0,30.94,35.0,0.01,1,10008
1642191,34.79,34.77,33.71,35.33,0,0,11.58,13.6,34.74,1.28,0.33,89039,0,30.96,35.0,0.03,1,10508
1642700,34.79,34.78,33.71,35.33,0,0,11.58,13.6,34.74,1.28,0.33,89039,0,30.96,35.0,0.04,1,11008
1643209,34.79,34.78,33.71,35.33,0,0,11.58,13.6,34.74,1.28,0.33,89039,0,30.96,35.0,0.04,1,11508
1643718,34.82,34.8,33.71,35.33,0,0,11.82,13.61,34.74,1.28,0.33,89039,0,30.96,35.0,0.06,1,12008
1644227,34.82,34.81,33.71,35.33,0,0,11.82,13.61,34.74,1.28,0.33,89039,0,30.96,35.0,0.07,1,12508
1644736,34.86,34.83,33.71,35.33,0,0,12.06,13.64,34.74,1.28,0.33,89039,0,30.97,35.0,0.09,1,13008
1645245,34.85,34.84,33.71,35.33,0,0,11.91,13.64,34.74,1.28,0.33,89039,0,30.97,35.0,0.1,1,13508
1645754,34.86,34.85,33.71,35.33,0,0,11.91,13.66,34.74,1.28,0.33,89039,0,30.98,35.0,0.11,1,14008
1646264,34.86,34.86,33.71,35.33,0,0,11.91,13.66,34.74,1.28,0.33,89039,0,30.98,35.0,0.12,1,14508
1646774,34.86,34.86,33.71,35.33,0,0,11.91,13.66,34.74,1.28,0.33,89039,0,30.98,35.0,0.12,1,15008
1647283,34.86,34.86,33.71,35.33,0,0,11.91,13.66,34.74,1.28,0.33,89039,0,30.98,35.0,0.12,1,15508
1647792,34.93,34.86,33.71,35.33,0,0,12.44,13.66,34.74,1.28,0.33,89039,0,30.97,35.0,0.12,1,16008
1648301,34.93,34.9,33.71,35.33,0,0,12.44,13.68,34.74,1.28,0.33,89039,1,30.97,35.0,0.16,1,16508
1648810,34.97,34.94,33.71,35.33,0,0,12.59,13.68,34.74,1.28,0.33,89039,1,30.96,35.0,0.2,1,17008
1649319,35.02,34.98,33.71,35.33,0,0,12.57,13.7,34.74,1.28,0.33,89039,1,30.96,35.0,0.24,1,17508
1649828,35.02,35.0,33.71,35.33,0,0,12.57,13.7,34.74,1.28,0.33,89039,1,30.96,35.0,0.26,1,18008
1650337,35.04,35.02,33.71,35.33,0,0,12.66,13.73,34.74,1.28,0.33,89039,1,30.98,35.0,0.28,1,18508
1650846,35.1,35.03,33.71,35.33,0,0,12.99,13.73,34.74,1.28,0.33,89039,1,31.0,35.0,0.29,1,19008
1651355,35.14,35.06,33.71,35.33,0,0,12.92,13.77,34.74,1.28,0.33,89039,1,30.96,35.0,0.32,1,19508
1651864,35.14,35.1,33.71,35.33,1,0,12.92,13.75,34.74,1.28,0.33,20008,0,30.96,35.0,0.36,0,0
1652373,35.13,35.11,33.71,35.32,1,0,13.07,13.79,35.11,1.28,0.32,20008,0,31.0,35.0,0.0,0,500
1652882,35.16,35.12,33.71,35.32,1,0,13.18,13.79,35.12,1.28,0.32,20008,0,31.0,35.0,0.0,0,1000
1653391,35.16,35.14,33.71,35.32,1,0,13.18,13.8,35.14,1.28,0.32,20008,0,31.0,35.0,0.0,0,1500
1653900,35.21,35.15,33.71,35.32,1,0,13.56,13.8,35.15,1.28,0.32,20008,0,31.0,35.0,0.0,0,2000
1654409,35.21,35.18,33.71,35.32,1,0,13.56,13.82,35.18,1.28,0.32,20008,0,31.0,35.0,0.0,0,2500
1654918,35.24,35.21,33.71,35.32,1,0,13.64,13.84,35.21,1.28,0.32,20008,0,31.0,35.0,0.0,0,3000
1655427,35.23,35.23,33.71,35.32,1,0,13.51,13.84,35.23,1.28,0.32,20008,0,30.98,35.0,0.0,0,3501
1655936,35.23,35.23,33.71,35.32,1,0,13.51,13.82,35.23,1.28,0.32,20008,0,30.98,35.0,0.0,0,4002
1656445,35.23,35.23,33.71,35.32,1,0,13.51,13.82,35.23,1.28,0.32,20008,0,30.98,35.0,0.0,0,4502
1656954,35.23,35.23,33.71,35.32,1,0,13.51,13.82,35.23,1.28,0.32,20008,0,30.98,35.0,0.0,0,5002
1657463,35.23,35.23,33.71,35.32,1,0,13.51,13.82,35.23,1.28,0.32,20008,0,30.98,35.0,0.0,0,5502
1657972,35.23,35.23,33.71,35.32,1,0,13.51,13.82,35.23,1.28,0.32,20008,0,30.98,35.0,0.0,0,6002
1658481,35.34,35.23,33.71,35.32,1,0,13.58,13.82,35.23,1.28,0.32,20008,0,30.97,35.0,0.0,0,6502
1658989,35.34,35.28,33.71,35.32,1,0,13.58,13.85,35.28,1.28,0.32,20008,0,30.97,35.0,0.0,0,7002
1659498,35.34,35.31,33.71,35.32,1,0,13.58,13.85,35.31,1.28,0.32,20008,0,30.97,35.0,0.0,0,7502
1660007,35.36,35.34,33.71,35.32,1,0,13.62,13.87,35.34,1.28,0.32,20008,0,30.98,35.0,0.0,0,8002
1660516,35.36,35.35,33.71,35.32,1,0,13.62,13.87,35.35,1.28,0.32,20008,0,30.98,35.0,0.0,0,8502
1661025,35.36,35.35,33.71,35.32,1,0,13.62,13.87,35.35,1.28,0.32,20008,0,30.98,35.0,0.0,0,9002
1661534,35.42,35.35,33.71,35.32,1,0,13.73,13.87,35.35,1.28,0.32,20008,0,31.01,35.0,0.0,0,9502
1662043,35.44,35.39,33.71,35.32,1,0,13.64,13.92,35.39,1.28,0.32,20008,0,30.98,35.0,0.0,0,10002
1662552,35.44,35.42,33.71,35.32,1,0,13.64,13.91,35.42,1.28,0.32,20008,0,30.98,35.0,0.0,0,10502
1663061,35.44,35.43,33.71,35.32,1,0,13.64,13.91,35.43,1.28,0.32,20008,0,30.98,35.0,0.0,0,11002
1663570,35.45,35.44,33.71,35.32,1,0,13.51,13.92,35.44,1.28,0.32,20008,0,31.0,35.0,0.0,0,11502
1664079,35.45,35.44,33.71,35.32,1,0,13.51,13.92,35.44,1.28,0.32,20008,0,31.0,35.0,0.0,0,12002
1664588,35.46,35.44,33.71,35.32,1,0,13.6,13.92,35.44,1.28,0.32,20008,0,31.0,35.0,0.0,0,12502
1665097,35.46,35.45,33.71,35.32,1,0,13.6,13.93,35.45,1.28,0.32,20008,0,31.0,35.0,0.0,0,13002
1665606,35.55,35.46,33.71,35.32,1,0,13.36,13.93,35.46,1.28,0.32,20008,0,31.0,35.0,0.0,0,13502
1666115,35.55,35.5,33.71,35.32,1,0,13.36,13.97,35.5,1.28,0.32,20008,0,31.0,35.0,0.0,0,14002
1666634,35.54,35.53,33.71,35.32,1,0,12.83,13.97,35.53,1.28,0.32,20008,0,31.03,35.0,0.0,0,14502
1667143,35.54,35.53,33.71,35.32,1,0,12.83,13.99,35.53,1.28,0.32,20008,0,31.03,35.0,0.0,0,15002
1667652,35.59,35.54,33.71,35.32,1,0,13.21,13.99,35.54,1.28,0.32,20008,0,31.0,35.0,0.0,0,15502
1668161,35.6,35.58,33.71,35.32,1,0,13.47,14.01,35.58,1.28,0.32,20008,0,31.03,35.0,0.0,0,16506
1668670,35.6,35.59,33.71,35.32,1,0,13.47,14.01,35.59,1.28,0.32,20008,0,31.03,35.0,0.0,0,17006
1669179,35.58,35.58,33.71,35.32,1,0,13.21,14.02,35.59,1.28,0.32,20008,0,31.04,35.0,0.0,0,17506
1669688,35.58,35.58,33.71,35.32,1,0,13.21,14.02,35.59,1.28,0.32,20008,0,31.04,35.0,0.0,0,18006
1670197,35.58,35.58,33.71,35.32,1,0,13.21,14.02,35.59,1.28,0.32,20008,0,31.04,35.0,0.0,0,18506
1670706,35.64,35.61,33.71,35.32,1,0,13.14,14.03,35.61,1.28,0.32,20008,0,31.03,35.0,0.0,0,19006
1671215,35.68,35.65,33.71,35.32,1,0,13.12,14.04,35.65,1.28,0.32,20008,0,31.01,35.0,0.0,0,19506
1671724,35.7,35.67,33.71,35.32,1,0,13.14,14.06,35.67,1.28,0.32,20008,0,31.03,35.0,0.0,0,20006
1672233,35.7,35.68,33.71,35.32,1,0,13.14,14.06,35.68,1.28,0.32,20008,0,31.03,35.0,0.0,0,20506
1672742,35.71,35.7,33.71,35.32,1,0,13.16,14.06,35.7,1.28,0.32,20008,0,31.03,35.0,0.0,0,21006
1673252,35.71,35.7,33.71,35.32,1,0,13.16,14.06,35.7,1.28,0.32,20008,0,31.03,35.0,0.0,0,21506
1673762,35.74,35.71,33.71,35.32,1,0,12.81,14.06,35.71,1.28,0.32,20008,0,31.04,35.0,0.0,0,22006
1674271,35.74,35.73,33.71,35.32,1,0,12.81,14.09,35.73,1.28,0.32,20008,0,31.04,35.0,0.0,0,22506
1674780,35.79,35.73,33.71,35.32,1,0,13.23,14.09,35.73,1.28,0.32,20008,0,31.03,35.0,0.0,0,23006
1675289,35.79,35.76,33.71,35.32,1,0,13.23,14.09,35.76,1.28,0.32,20008,0,31.03,35.0,0.0,0,23506
1675798,35.83,35.79,33.71,35.32,1,0,12.9,14.11,35.79,1.28,0.32,20008,0,31.03,35.0,0.0,0,24006
1676307,35.84,35.82,33.71,35.32,1,0,12.99,14.13,35.82,1.28,0.32,20008,0,31.04,35.0,0.0,0,24506
1676816,35.84,35.83,33.71,35.32,1,0,12.99,14.13,35.83,1.28,0.32,20008,0,31.04,35.0,0.0,0,25006
1677325,35.86,35.84,33.71,35.32,1,0,12.81,14.13,35.84,1.28,0.32,20008,0,31.04,35.0,0.0,0,25506
1677834,35.86,35.85,33.71,35.32,1,0,12.81,14.14,35.85,1.28,0.32,20008,0,31.04,35.0,0.0,0,26006
1678343,35.89,35.87,33.71,35.32,1,0,12.75,14.17,35.87,1.28,0.32,20008,0,31.06,35.0,0.0,0,26506
1678852,35.89,35.88,33.71,35.32,1,0,12.72,14.15,35.88,1.28,0.32,20008,0,31.04,35.0,0.0,0,27006
1679361,35.89,35.88,33.71,35.32,1,0,12.72,14.15,35.88,1.28,0.32,20008,0,31.04,35.0,0.0,0,27506
1679870,35.88,35.88,33.71,35.32,1,0,12.77,14.15,35.88,1.28,0.32,20008,0,31.04,35.0,0.0,0,28006
1680379,35.93,35.91,33.71,35.32,1,0,12.31,14.17,35.91,1.28,0.32,20008,0,31.04,35.0,0.0,0,28506
1680888,35.93,35.92,33.71,35.32,1,0,12.31,14.17,35.92,1.28,0.32,20008,0,31.04,35.0,0.0,0,29006
1681397,35.95,35.93,33.71,35.32,1,0,12.7,14.16,35.93,1.28,0.32,20008,0,31.03,35.0,0.0,0,29506
1681906,35.98,35.95,33.71,35.32,1,0,12.33,14.19,35.95,1.28,0.32,20008,0,31.04,35.0,0.0,0,30006
1682415,35.96,35.96,33.71,35.32,1,0,12.79,14.19,35.96,1.28,0.32,20008,0,31.06,35.0,0.0,0,30506
1682924,35.98,35.96,33.71,35.32,1,0,12.64,14.2,35.96,1.28,0.32,20008,0,31.07,35.0,0.0,0,31006
1683433,35.98,35.97,33.71,35.32,1,0,12.64,14.22,35.97,1.28,0.32,20008,0,31.07,35.0,0.0,0,31506
1683943,35.98,35.97,33.71,35.32,1,0,12.64,14.22,35.97,1.28,0.32,20008,0,31.07,35.0,0.0,0,32006
1684453,36.0,35.99,33.71,35.32,1,0,12.61,14.2,35.99,1.28,0.32,20008,0,31.04,35.0,0.0,0,32506
1684962,36.0,36.0,33.71,35.32,1,0,12.61,14.2,36.0,1.28,0.32,20008,0,31.04,35.0,0.0,0,33006
1685471,36.0,36.0,33.71,35.32,1,0,12.61,14.2,36.0,1.28,0.32,20008,0,31.04,35.0,0.0,0,33506
1685980,36.02,36.01,33.71,35.32,1,0,12.39,14.22,36.01,1.28,0.32,20008,0,31.06,35.0,0.0,0,34006
1686491,36.02,36.02,33.71,35.32,1,0,12.39,14.22,36.02,1.28,0.32,20008,0,31.06,35.0,0.0,0,34506
1687000,36.02,36.02,33.71,35.32,1,0,12.39,14.22,36.02,1.28,0.32,20008,0,31.06,35.0,0.0,0,35006
1687509,36.06,36.02,33.71,35.32,1,0,12.39,14.22,36.02,1.28,0.32,20008,0,31.06,35.0,0.0,0,35506
1688018,36.06,36.04,33.71,35.32,1,0,12.39,14.24,36.04,1.28,0.32,20008,0,31.06,35.0,0.0,0,36006
1688527,36.08,36.05,33.71,35.32,1,0,12.31,14.24,36.05,1.28,0.32,20008,0,31.06,35.0,0.0,0,36506
1689038,36.08,36.07,33.71,35.32,1,0,12.31,14.25,36.07,1.28,0.32,20008,0,31.06,35.0,0.0,0,37006
1689548,36.08,36.07,33.71,35.32,1,0,12.24,14.26,36.07,1.28,0.32,20008,0,31.07,35.0,0.0,0,37506
1690057,36.09,36.08,33.71,35.32,1,0,12.13,14.26,36.08,1.28,0.32,20008,0,31.04,35.0,0.0,0,38006
1690566,36.14,36.08,33.71,35.32,1,0,12.2,14.24,36.08,1.28,0.32,20008,0,31.06,35.0,0.0,0,38506
1691075,36.11,36.11,33.71,35.32,1,0,12.33,14.27,36.11,1.28,0.32,20008,0,31.06,35.0,0.0,0,39006
1691584,36.11,36.11,33.71,35.32,1,0,12.33,14.26,36.11,1.28,0.32,20008,0,31.06,35.0,0.0,0,39506
1692093,36.11,36.11,33.71,35.32,1,0,12.33,14.26,36.11,1.28,0.32,20008,0,31.06,35.0,0.0,0,40006
1692602,36.18,36.11,33.71,35.32,1,0,12.06,14.26,36.11,1.28,0.32,20008,0,31.09,35.0,0.0,0,40506
1693111,36.18,36.15,33.71,35.32,1,0,12.06,14.32,36.15,1.28,0.32,20008,0,31.09,35.0,0.0,0,41006
1693620,36.18,36.17,33.71,35.32,1,0,12.06,14.32,36.17,1.28,0.32,20008,0,31.09,35.0,0.0,0,41506
1694129,36.2,36.17,33.71,35.32,1,0,12.06,14.32,36.17,1.28,0.32,20008,0,31.07,35.0,0.0,0,42006
1694638,36.2,36.19,33.71,35.32,1,0,12.06,14.31,36.19,1.28,0.32,20008,0,31.07,35.0,0.0,0,42506
1695147,36.17,36.19,33.71,35.32,1,0,12.02,14.31,36.19,1.28,0.32,20008,0,31.06,35.0,0.0,0,43007
1695656,36.17,36.18,33.71,35.32,1,0,12.02,14.29,36.19,1.28,0.32,20008,0,31.06,35.0,0.01,0,43508
1696165,36.21,36.19,33.71,35.32,1,0,12.02,14.29,36.19,1.28,0.32,20008,0,31.04,35.0,0.0,0,44510
1696674,36.17,36.18,33.71,35.32,1,0,11.97,14.29,36.19,1.28,0.32,20008,0,31.06,35.0,0.01,0,45010
1697183,36.17,36.17,33.71,35.32,1,0,11.97,14.29,36.19,1.28,0.32,20008,0,31.06,35.0,0.01,0,45510
1697692,36.25,36.21,33.71,35.32,1,0,11.84,14.31,36.21,1.28,0.32,20008,0,31.04,35.0,0.0,0,46010
1698201,36.25,36.23,33.71,35.32,1,0,11.84,14.31,36.23,1.28,0.32,20008,0,31.04,35.0,0.0,0,46510
1698710,36.24,36.24,33.71,35.32,1,0,11.82,14.34,36.24,1.28,0.32,20008,0,31.09,35.0,0.0,0,47010
1699219,36.24,36.24,33.71,35.32,1,0,11.82,14.34,36.24,1.28,0.32,20008,0,31.09,35.0,0.0,0,47510
1699728,36.24,36.24,33.71,35.32,1,0,11.58,14.32,36.24,1.28,0.32,20008,0,31.06,35.0,0.0,0,48010
1700237,36.24,36.24,33.71,35.32,1,0,11.64,14.34,36.24,1.28,0.32,20008,0,31.09,35.0,0.0,0,48510
1700746,36.24,36.24,33.71,35.32,1,0,11.64,14.34,36.24,1.28,0.32,20008,0,31.09,35.0,0.0,0,49010
1701255,36.29,36.26,33.71,35.32,1,0,11.33,14.36,36.26,1.28,0.32,20008,0,31.09,35.0,0.0,0,49510
1701764,36.27,36.27,33.71,35.32,1,0,11.86,14.33,36.27,1.28,0.32,20008,0,31.06,35.0,0.0,0,50010
1702273,36.27,36.27,33.71,35.32,1,0,11.86,14.33,36.27,1.28,0.32,20008,0,31.06,35.0,0.0,0,50510
1702782,36.3,36.28,33.71,35.32,1,0,11.56,14.35,36.28,1.28,0.32,20008,0,31.07,35.0,0.0,0,51010
1703291,36.29,36.28,33.71,35.32,1,0,11.53,14.36,36.28,1.28,0.32,20008,0,31.09,35.0,0.0,0,51510
1703800,36.29,36.29,33.71,35.32,1,0,11.53,14.36,36.29,1.28,0.32,20008,0,31.09,35.0,0.0,0,52010
1704309,36.3,36.29,33.71,35.32,1,0,11.53,14.35,36.29,1.28,0.32,20008,0,31.07,35.0,0.0,0,52510
1704818,36.3,36.29,33.71,35.32,1,0,11.53,14.35,36.29,1.28,0.32,20008,0,31.07,35.0,0.0,0,53010
1705327,36.3,36.3,33.71,35.32,1,0,11.53,14.35,36.3,1.28,0.32,20008,0,31.07,35.0,0.0,0,53510
1705836,36.29,36.29,33.71,35.32,1,0,10.62,14.36,36.3,1.28,0.32,20008,0,31.09,35.0,0.0,0,54010
1706345,36.34,36.29,33.71,35.32,1,0,11.44,14.36,36.3,1.28,0.32,20008,0,31.07,35.0,0.0,0,54510
1706854,36.34,36.32,33.71,35.32,1,0,11.44,14.37,36.32,1.28,0.32,20008,0,31.07,35.0,0.0,0,55010
1707363,36.33,36.32,33.71,35.32,1,0,11.4,14.38,36.32,1.28,0.32,20008,0,31.09,35.0,0.0,0,55510
1707872,36.33,36.33,33.71,35.32,1,0,11.4,14.38,36.33,1.28,0.32,20008,0,31.09,35.0,0.0,0,56010
1708381,36.3,36.31,33.71,35.32,1,0,11.33,14.38,36.33,1.28,0.32,20008,0,31.1,35.0,0.01,0,56510
1708890,36.31,36.31,33.71,35.32,1,0,11.29,14.38,36.33,1.28,0.32,20008,0,31.09,35.0,0.01,0,57010
1709398,36.31,36.31,33.71,35.32,1,0,11.29,14.37,36.33,1.28,0.32,20008,0,31.09,35.0,0.01,0,57510
1709907,36.31,36.31,33.71,35.32,1,0,11.29,14.37,36.33,1.28,0.32,20008,0,31.09,35.0,0.01,0,58010
1710416,36.32,36.31,33.71,35.32,1,0,11.33,14.39,36.33,1.28,0.32,20008,0,31.1,35.0,0.01,0,58517
1710925,36.32,36.32,33.71,35.32,1,0,11.33,14.39,36.33,1.28,0.32,20008,0,31.1,35.0,0.0,0,59017
1711446,36.32,36.32,33.71,35.32,1,0,11.33,14.39,36.33,1.28,0.32,20008,0,31.1,35.0,0.0,0,59517
1711955,36.32,36.32,33.71,35.32,1,0,11.33,14.39,36.33,1.28,0.32,20008,0,31.1,35.0,0.0,0,60017
1712464,36.32,36.32,33.71,35.32,1,0,11.33,14.39,36.33,1.28,0.32,20008,0,31.1,35.0,0.0,0,60517
1712973,36.33,36.32,33.71,35.32,1,0,10.89,14.38,36.33,1.28,0.32,20008,0,31.09,35.0,0.0,0,61017
1713482,36.38,36.33,33.71,35.32,1,0,11.09,14.38,36.33,1.28,0.32,20008,0,31.1,35.0,0.0,0,61517
1713991,36.38,36.35,33.71,35.32,1,0,11.09,14.41,36.35,1.28,0.32,20008,0,31.1,35.0,0.0,0,62017
1714500,36.38,36.36,33.71,35.32,1,0,11.09,14.41,36.36,1.28,0.32,20008,0,31.1,35.0,0.0,0,62517
1715009,36.36,36.37,33.71,35.32,1,0,11.75,14.41,36.37,1.28,0.32,20008,0,31.1,35.0,0.0,0,63017
1715518,36.36,36.36,33.71,35.32,1,0,11.75,14.4,36.37,1.28,0.32,20008,0,31.1,35.0,0.0,0,63517
1716027,36.33,36.36,33.71,35.32,1,0,11.09,14.4,36.37,1.28,0.32,20008,0,31.1,35.0,0.0,0,64017
1716536,36.33,36.35,33.71,35.32,1,0,11.09,14.39,36.37,1.28,0.32,20008,0,31.1,35.0,0.02,0,64517
1717052,36.37,36.34,33.71,35.32,1,0,11.22,14.39,36.37,1.28,0.32,20008,0,31.09,35.0,0.03,0,65017
1717561,36.37,36.36,33.71,35.32,1,0,11.22,14.4,36.37,1.28,0.32,20008,0,31.09,35.0,0.01,0,65517
1718070,36.36,36.37,33.71,35.32,1,0,11.0,14.4,36.37,1.28,0.32,20008,0,31.1,35.0,0.0,0,66017
1718579,36.3,36.36,33.71,35.32,1,0,10.84,14.4,36.37,1.28,0.32,20008,0,31.09,35.0,0.0,0,66517
1719088,36.3,36.33,33.71,35.32,1,0,10.84,14.37,36.37,1.28,0.32,20008,0,31.09,35.0,0.03,0,67017
1719597,36.32,36.32,33.71,35.32,1,0,11.0,14.37,36.37,1.28,0.32,20008,0,31.1,35.0,0.05,0,67517
1720106,36.3,36.32,33.71,35.32,1,0,10.8,14.39,36.37,1.28,0.32,20008,0,31.09,35.0,0.05,0,68017
1720628,36.39,36.31,33.71,35.32,1,0,11.04,14.37,36.37,1.28,0.32,20008,0,31.1,35.0,0.06,0,68517
1721137,36.39,36.35,33.71,35.32,1,0,11.04,14.42,36.37,1.28,0.32,20008,0,31.1,35.0,0.02,0,69017
1721646,36.37,36.37,33.71,35.32,1,0,11.02,14.42,36.37,1.28,0.32,20008,0,31.09,35.0,0.0,0,69517
1722155,36.33,36.37,33.71,35.32,1,0,10.91,14.4,36.37,1.28,0.32,20008,0,31.07,35.0,0.0,0,70017
1722664,36.33,36.35,33.71,35.32,1,0,10.96,14.37,36.37,1.28,0.32,20008,0,31.12,35.0,0.02,0,70517
1723173,36.33,36.34,33.71,35.32,1,0,10.96,14.41,36.37,1.28,0.32,20008,0,31.12,35.0,0.03,0,71518
1723682,36.36,36.35,33.71,35.32,1,0,10.84,14.42,36.37,1.28,0.32,20008,0,31.12,35.0,0.02,0,72018
1724191,36.33,36.34,33.71,35.32,1,0,10.89,14.39,36.37,1.28,0.32,20008,0,31.1,35.0,0.03,0,72518
1724700,36.31,36.33,33.71,35.32,1,0,10.87,14.37,36.37,1.28,0.32,20008,0,31.09,35.0,0.04,0,73018
1725209,36.31,36.32,33.71,35.32,1,0,10.87,14.37,36.37,1.28,0.32,20008,0,31.09,35.0,0.05,0,73518
1725718,36.31,36.32,33.71,35.32,1,0,10.87,14.37,36.37,1.28,0.32,20008,0,31.09,35.0,0.05,0,74018
1726227,36.31,36.32,33.71,35.32,1,0,10.76,14.37,36.37,1.28,0.32,20008,0,31.09,35.0,0.05,0,74518
1726736,36.31,36.32,33.71,35.32,1,0,10.76,14.37,36.37,1.28,0.32,20008,0,31.09,35.0,0.05,0,75018
1727245,36.27,36.29,33.71,35.32,1,0,10.8,14.37,36.37,1.28,0.32,20008,0,31.1,35.0,0.07,0,75518
1727754,36.27,36.28,33.71,35.32,1,0,10.8,14.37,36.37,1.28,0.32,20008,0,31.1,35.0,0.08,0,76018
1728263,36.27,36.28,33.71,35.32,1,0,10.8,14.37,36.37,1.28,0.32,20008,0,31.1,35.0,0.09,0,76518
1728772,36.27,36.28,33.71,35.32,1,0,10.8,14.37,36.37,1.28,0.32,20008,0,31.1,35.0,0.09,0,77018
1729281,36.3,36.29,33.71,35.32,1,0,10.91,14.38,36.37,1.28,0.32,20008,0,31.1,35.0,0.08,0,77518
1729790,36.3,36.29,33.71,35.32,1,0,10.91,14.38,36.37,1.28,0.32,20008,0,31.1,35.0,0.07,0,78018
1730299,36.27,36.3,33.71,35.32,1,0,10.6,14.38,36.37,1.28,0.32,20008,0,31.1,35.0,0.07,0,78518
1730808,36.27,36.29,33.71,35.32,1,0,10.6,14.37,36.37,1.28,0.32,20008,0,31.1,35.0,0.08,0,79018
1731317,36.3,36.29,33.71,35.32,1,0,10.47,14.37,36.37,1.28,0.32,20008,0,31.09,35.0,0.07,0,79518
1731826,36.3,36.3,33.71,35.32,1,0,10.47,14.37,36.37,1.28,0.32,20008,0,31.09,35.0,0.07,0,80018
1732335,36.27,36.29,33.71,35.32,1,0,10.6,14.37,36.37,1.28,0.32,20008,0,31.1,35.0,0.08,0,80518
1732844,36.27,36.28,33.71,35.32,1,0,10.6,14.37,36.37,1.28,0.32,20008,0,31.1,35.0,0.09,0,81018
1733353,36.27,36.28,33.71,35.32,1,0,10.6,14.37,36.37,1.28,0.32,20008,0,31.1,35.0,0.09,0,81518
1733862,36.29,36.28,33.71,35.32,1,1,10.24,14.37,36.37,1.28,0.32,20008,0,31.1,35.0,0.08,1,82018
1734371,36.29,36.28,33.71,35.32,1,1,10.24,14.37,36.37,1.28,0.32,20008,0,31.1,35.0,0.08,1,82518
1734880,36.27,36.28,33.71,35.32,1,1,10.4,14.37,36.37,1.28,0.32,20008,0,31.1,35.0,0.09,1,83018
1735389,36.27,36.28,33.71,35.32,1,1,10.4,14.37,36.37,1.28,0.32,20008,0,31.1,35.0,0.09,1,83518
1735898,36.29,36.28,33.71,35.32,1,1,10.82,14.39,36.37,1.28,0.32,20008,0,31.12,35.0,0.08,1,84018
1736407,36.3,36.29,33.71,35.32,1,1,10.93,14.39,36.37,1.28,0.32,20008,0,31.12,35.0,0.07,1,84518
1736916,36.36,36.33,33.71,35.32,1,1,11.29,14.42,36.37,1.28,0.32,20008,0,31.12,35.0,0.04,1,85018
1737425,36.38,36.34,33.71,35.32,1,1,11.6,14.42,36.37,1.28,0.32,20008,0,31.12,35.0,0.02,1,85518
1737934,36.3,36.36,33.71,35.32,1,1,11.82,14.42,36.37,1.28,0.32,20008,0,31.09,35.0,0.01,1,86018
1738443,36.3,36.33,33.71,35.32,1,1,11.82,14.37,36.37,1.28,0.32,20008,0,31.09,35.0,0.04,1,86518
1738952,36.08,36.21,33.71,35.32,1,1,12.04,14.27,36.37,1.28,0.32,20008,1,31.09,35.0,0.16,1,87018
1739461,35.82,36.14,33.71,35.32,1,1,12.15,14.27,36.37,1.28,0.32,20008,1,31.06,35.0,0.22,1,87518
1739970,35.82,35.98,33.71,35.32,1,0,12.15,14.14,36.37,1.28,0.32,20008,1,31.06,35.0,0.39,1,88018
1740479,35.82,35.9,33.71,35.32,1,0,12.15,14.14,36.37,1.28,0.32,20008,1,31.06,35.0,0.47,1,88518
1740988,35.45,35.67,33.71,35.32,1,0,12.2,13.96,36.37,1.28,0.32,20008,1,31.04,35.0,0.69,1,89018
1741497,35.22,35.56,33.71,35.32,1,0,12.24,13.96,36.37,1.28,0.32,20008,1,31.04,35.0,0.8,1,89518
1742006,35.22,35.39,33.71,35.32,1,0,12.24,13.86,36.37,1.28,0.32,20008,1,31.04,35.0,0.98,1,90018
1742515,35.08,35.3,33.71,35.32,0,0,11.86,13.86,36.37,1.28,0.32,90518,0,31.03,35.0,1.06,1,0
1743024,35.08,35.19,33.69,35.32,0,0,11.86,13.79,35.19,1.3,0.32,90518,0,31.03,35.0,0.0,1,500
1743533,35.08,35.14,33.69,35.32,0,0,11.86,13.79,35.14,1.3,0.32,90518,0,31.03,35.0,0.0,1,1000
1744042,34.92,35.11,33.69,35.32,0,0,11.29,13.79,35.11,1.3,0.32,90518,0,31.0,35.0,0.0,1,1500
1744551,34.92,35.02,33.69,35.32,0,0,11.29,13.7,35.02,1.3,0.32,90518,0,31.0,35.0,0.0,1,2000
1745060,34.84,34.97,33.69,35.32,0,0,11.56,13.7,34.97,1.3,0.32,90518,0,31.0,35.0,0.0,1,2500
1745569,34.84,34.9,33.69,35.32,0,0,11.56,13.66,34.9,1.3,0.32,90518,0,31.0,35.0,0.0,1,3000
1746078,34.88,34.89,33.69,35.32,0,0,11.07,13.68,34.89,1.3,0.32,90518,0,31.0,35.0,0.0,1,3500
1746587,34.88,34.88,33.69,35.32,0,0,11.07,13.68,34.88,1.3,0.32,90518,0,31.0,35.0,0.0,1,4000
1747096,34.84,34.88,33.69,35.32,0,0,11.31,13.68,34.88,1.3,0.32,90518,0,31.01,35.0,0.0,1,4500
1747605,34.84,34.86,33.69,35.32,0,0,11.31,13.67,34.86,1.3,0.32,90518,0,31.01,35.0,0.0,1,5000
1748114,34.86,34.85,33.69,35.32,0,0,11.22,13.67,34.85,1.3,0.32,90518,0,31.0,35.0,0.0,1,5500
1748623,34.86,34.86,33.69,35.32,0,0,11.22,13.67,34.85,1.3,0.32,90518,0,31.0,35.0,0.0,1,6000
1749132,34.86,34.86,33.69,35.32,0,0,11.22,13.67,34.85,1.3,0.32,90518,0,31.0,35.0,0.01,1,6500
1749641,34.89,34.86,33.69,35.32,0,0,10.6,13.67,34.85,1.3,0.32,90518,0,31.0,35.0,0.01,1,7001
1750150,34.89,34.88,33.69,35.32,0,0,10.6,13.68,34.85,1.3,0.32,90518,0,31.0,35.0,0.02,1,7501
1750659,34.87,34.88,33.69,35.32,0,0,11.33,13.68,34.85,1.3,0.32,90518,0,30.97,35.0,0.03,1,8001
1751168,34.89,34.88,33.69,35.32,0,0,11.62,13.65,34.85,1.3,0.32,90518,0,30.98,35.0,0.03,1,8501
1751677,34.89,34.89,33.69,35.32,0,0,11.62,13.67,34.85,1.3,0.32,90518,0,30.98,35.0,0.04,1,9504
1752186,34.85,34.87,33.69,35.32,0,0,11.58,13.68,34.85,1.3,0.32,90518,0,31.01,35.0,0.02,1,10004
1752695,34.85,34.86,33.69,35.32,0,0,11.58,13.68,34.85,1.3,0.32,90518,0,31.01,35.0,0.01,1,10504
1753204,34.85,34.86,33.69,35.32,0,0,11.58,13.68,34.85,1.3,0.32,90518,0,31.01,35.0,0.0,1,11004
1753713,34.85,34.85,33.69,35.32,0,0,11.58,13.68,34.85,1.3,0.32,90518,0,31.01,35.0,0.0,1,11504
1754222,34.85,34.85,33.69,35.32,0,0,11.78,13.66,34.85,1.3,0.32,90518,0,31.0,35.0,0.0,1,12004
1754731,34.92,34.89,33.69,35.32,0,0,12.0,13.71,34.85,1.3,0.32,90518,0,31.01,35.0,0.04,1,12504
1755240,34.9,34.9,33.69,35.32,0,0,11.91,13.67,34.85,1.3,0.32,90518,0,30.98,35.0,0.04,1,13004
1755749,34.9,34.9,33.69,35.32,0,0,11.91,13.67,34.85,1.3,0.32,90518,0,30.98,35.0,0.05,1,13504
1756258,34.94,34.92,33.69,35.32,0,0,12.06,13.71,34.85,1.3,0.32,90518,0,31.01,35.0,0.07,1,14004
1756767,34.94,34.93,33.69,35.32,0,0,12.06,13.71,34.85,1.3,0.32,90518,0,31.01,35.0,0.08,1,14504
1757276,34.95,34.94,33.69,35.32,0,0,12.24,13.71,34.85,1.3,0.32,90518,0,31.0,35.0,0.09,1,15004
1757785,34.95,34.95,33.69,35.32,0,0,12.24,13.71,34.85,1.3,0.32,90518,0,31.0,35.0,0.09,1,15504
1758294,34.95,34.95,33.69,35.32,0,0,12.24,13.71,34.85,1.3,0.32,90518,0,31.0,35.0,0.1,1,16004
1758803,35.05,35.0,33.69,35.32,0,0,12.44,13.75,34.85,1.3,0.32,90518,1,31.0,35.0,0.15,1,16504
1759312,35.08,35.03,33.69,35.32,0,0,12.59,13.75,34.85,1.3,0.32,90518,1,31.0,35.0,0.17,1,17004
1759821,35.08,35.05,33.69,35.32,0,0,12.59,13.77,34.85,1.3,0.32,90518,1,31.0,35.0,0.2,1,17504
1760330,35.08,35.07,33.69,35.32,0,0,12.5,13.77,34.85,1.3,0.32,90518,1,31.0,35.0,0.22,1,18004
1760839,35.08,35.08,33.69,35.32,0,0,12.5,13.77,34.85,1.3,0.32,90518,1,31.0,35.0,0.22,1,18504
1761348,35.08,35.08,33.69,35.32,0,0,12.5,13.77,34.85,1.3,0.32,90518,1,31.0,35.0,0.23,1,19006
1761857,35.14,35.11,33.69,35.32,0,0,12.96,13.8,34.85,1.3,0.32,90518,1,31.01,35.0,0.26,1,19506
1762366,35.13,35.12,33.69,35.32,1,0,13.1,13.8,34.85,1.3,0.32,20006,0,31.01,35.0,0.27,0,0
1762874,35.13,35.13,33.69,35.3,1,0,13.1,13.8,35.13,1.3,0.3,20006,0,31.01,35.0,0.0,0,500
1763383,35.23,35.18,33.69,35.3,1,0,13.29,13.85,35.18,1.3,0.3,20006,0,31.03,35.0,0.0,0,1000
1763892,35.28,35.2,33.69,35.3,1,0,13.14,13.85,35.2,1.3,0.3,20006,0,31.04,35.0,0.0,0,1500
1764401,35.28,35.24,33.69,35.3,1,0,13.14,13.89,35.24,1.3,0.3,20006,0,31.04,35.0,0.0,0,2000
1764910,35.29,35.26,33.69,35.3,1,0,13.45,13.88,35.26,1.3,0.3,20006,0,31.03,35.0,0.0,0,2500
1765419,35.29,35.28,33.69,35.3,1,0,13.45,13.88,35.28,1.3,0.3,20006,0,31.03,35.0,0.0,0,3000
1765928,35.29,35.28,33.69,35.3,1,0,13.45,13.88,35.28,1.3,0.3,20006,0,31.03,35.0,0.0,0,3500
1766437,35.3,35.29,33.69,35.3,1,0,13.03,13.9,35.29,1.3,0.3,20006,0,31.04,35.0,0.0,0,4000
1766946,35.32,35.3,33.69,35.3,1,0,13.56,13.9,35.3,1.3,0.3,20006,0,31.04,35.0,0.0,0,4500
1767455,35.32,35.31,33.69,35.3,1,0,13.56,13.91,35.31,1.3,0.3,20006,0,31.04,35.0,0.0,0,5000
1767964,35.35,35.32,33.69,35.3,1,0,13.51,13.91,35.32,1.3,0.3,20006,0,31.04,35.0,0.0,0,5500
1768473,35.35,35.33,33.69,35.3,1,0,13.51,13.92,35.33,1.3,0.3,20006,0,31.04,35.0,0.0,0,6000
1768982,35.36,35.34,33.69,35.3,1,0,13.8,13.92,35.34,1.3,0.3,20006,0,31.06,35.0,0.0,0,6500
1769491,35.36,35.35,33.69,35.3,1,0,13.8,13.94,35.35,1.3,0.3,20006,0,31.06,35.0,0.0,0,7000
1770000,35.39,35.36,33.69,35.3,1,0,13.66,13.94,35.36,1.3,0.3,20006,0,31.04,35.0,0.0,0,7500
1770509,35.39,35.38,33.69,35.3,1,0,13.66,13.94,35.38,1.3,0.3,20006,0,31.04,35.0,0.0,0,8000
1771018,35.39,35.39,33.69,35.3,1,0,13.66,13.94,35.39,1.3,0.3,20006,0,31.04,35.0,0.0,0,8500
1771527,35.44,35.39,33.69,35.3,1,0,13.88,13.94,35.39,1.3,0.3,20006,0,31.03,35.0,0.0,0,9000
1772036,35.47,35.41,33.69,35.3,1,0,13.77,13.94,35.41,1.3,0.3,20006,0,31.06,35.0,0.0,0,9500
1772545,35.48,35.44,33.69,35.3,1,0,13.51,13.99,35.44,1.3,0.3,20006,0,31.03,35.0,0.0,0,10000
1773054,35.48,35.46,33.69,35.3,1,0,13.51,13.96,35.46,1.3,0.3,20006,0,31.03,35.0,0.0,0,10500
1773563,35.47,35.46,33.69,35.3,1,0,13.66,13.99,35.46,1.3,0.3,20006,0,31.06,35.0,0.0,0,11000
1774072,35.55,35.47,33.69,35.3,1,0,13.71,13.99,35.47,1.3,0.3,20006,0,31.03,35.0,0.0,0,11500
1774581,35.55,35.51,33.69,35.3,1,0,13.71,13.99,35.51,1.3,0.3,20006,0,31.03,35.0,0.0,0,12000
1775090,35.55,35.53,33.69,35.3,1,0,13.71,13.99,35.53,1.3,0.3,20006,0,31.03,35.0,0.0,0,12500
1775599,35.57,35.54,33.69,35.3,1,0,13.69,13.99,35.54,1.3,0.3,20006,0,31.06,35.0,0.0,0,13000
1776108,35.57,35.55,33.69,35.3,1,0,13.69,14.03,35.55,1.3,0.3,20006,0,31.06,35.0,0.0,0,13500
1776617,35.57,35.56,33.69,35.3,1,0,13.69,14.03,35.56,1.3,0.3,20006,0,31.06,35.0,0.0,0,14000
1777126,35.57,35.56,33.69,35.3,1,0,13.69,14.03,35.56,1.3,0.3,20006,0,31.06,35.0,0.0,0,14500
1777635,35.57,35.57,33.69,35.3,1,0,13.42,14.03,35.57,1.3,0.3,20006,0,31.09,35.0,0.0,0,15000
1778144,35.57,35.57,33.69,35.3,1,0,13.42,14.05,35.57,1.3,0.3,20006,0,31.09,35.0,0.0,0,15500
1778653,35.64,35.57,33.69,35.3,1,0,13.53,14.05,35.57,1.3,0.3,20006,0,31.07,35.0,0.0,0,16000
1779162,35.6,35.61,33.69,35.3,1,0,13.16,14.07,35.61,1.3,0.3,20006,0,31.07,35.0,0.0,0,16500
1779671,35.6,35.6,33.69,35.3,1,0,13.16,14.05,35.61,1.3,0.3,20006,0,31.07,35.0,0.0,0,17000
1780180,35.66,35.63,33.69,35.3,1,0,13.25,14.09,35.63,1.3,0.3,20006,0,31.09,35.0,0.0,0,18001
1780689,35.66,35.64,33.69,35.3,1,0,13.25,14.09,35.64,1.3,0.3,20006,0,31.09,35.0,0.0,0,18501
1781198,35.68,35.66,33.69,35.3,1,0,13.42,14.08,35.66,1.3,0.3,20006,0,31.06,35.0,0.0,0,19001
1781707,35.68,35.67,33.69,35.3,1,0,13.42,14.08,35.67,1.3,0.3,20006,0,31.06,35.0,0.0,0,19501
1782216,35.74,35.71,33.69,35.3,1,0,13.21,14.13,35.71,1.3,0.3,20006,0,31.09,35.0,0.0,0,20001
1782725,35.7,35.71,33.69,35.3,1,0,13.34,14.1,35.71,1.3,0.3,20006,0,31.07,35.0,0.0,0,20501
1783234,35.7,35.7,33.69,35.3,1,0,13.34,14.1,35.71,1.3,0.3,20006,0,31.07,35.0,0.0,0,21001
1783743,35.76,35.73,33.69,35.3,1,0,13.36,14.11,35.73,1.3,0.3,20006,0,31.06,35.0,0.0,0,21501
1784252,35.77,35.75,33.69,35.3,1,0,13.18,14.12,35.75,1.3,0.3,20006,0,31.06,35.0,0.0,0,22001
1784761,35.77,35.76,33.69,35.3,1,0,13.18,14.12,35.76,1.3,0.3,20006,0,31.06,35.0,0.0,0,22501
1785270,35.78,35.77,33.69,35.3,1,0,13.03,14.14,35.77,1.3,0.3,20006,0,31.09,35.0,0.0,0,23001
1785779,35.78,35.77,33.69,35.3,1,0,13.03,14.14,35.77,1.3,0.3,20006,0,31.09,35.0,0.0,0,23501
1786288,35.83,35.8,33.69,35.3,1,0,13.1,14.14,35.8,1.3,0.3,20006,0,31.06,35.0,0.0,0,24001
1786797,35.86,35.83,33.69,35.3,1,0,13.16,14.18,35.83,1.3,0.3,20006,0,31.09,35.0,0.0,0,24501
1787306,35.84,35.85,33.69,35.3,1,0,12.9,14.18,35.85,1.3,0.3,20006,0,31.06,35.0,0.0,0,25001
1787815,35.84,35.85,33.69,35.3,1,0,12.9,14.15,35.85,1.3,0.3,20006,0,31.06,35.0,0.0,0,25501
1788324,35.88,35.85,33.69,35.3,1,0,12.9,14.15,35.85,1.3,0.3,20006,0,31.09,35.0,0.0,0,26001
1788833,35.88,35.86,33.69,35.3,1,0,12.9,14.19,35.86,1.3,0.3,20006,0,31.09,35.0,0.0,0,26501
1789342,35.89,35.88,33.69,35.3,1,0,12.85,14.2,35.88,1.3,0.3,20006,0,31.1,35.0,0.0,0,27001
1789851,35.89,35.89,33.69,35.3,1,0,12.85,14.2,35.89,1.3,0.3,20006,0,31.1,35.0,0.0,0,27501
1790360,35.96,35.92,33.69,35.3,1,0,13.01,14.22,35.92,1.3,0.3,20006,0,31.09,35.0,0.0,0,28001
1790869,35.95,35.94,33.69,35.3,1,0,12.88,14.22,35.94,1.3,0.3,20006,0,31.09,35.0,0.0,0,28502
1791378,35.89,35.94,33.69,35.3,1,0,12.83,14.22,35.94,1.3,0.3,20006,0,31.07,35.0,0.0,0,29002
1791887,35.99,35.92,33.69,35.3,1,0,13.03,14.18,35.94,1.3,0.3,20006,0,31.07,35.0,0.02,0,29502
1792396,35.99,35.96,33.69,35.3,1,0,13.03,14.22,35.96,1.3,0.3,20006,0,31.07,35.0,0.0,0,30002
1792905,35.98,35.97,33.69,35.3,1,0,13.36,14.23,35.97,1.3,0.3,20006,0,31.09,35.0,0.0,0,30502
1793414,36.01,35.97,33.69,35.3,1,0,12.7,14.23,35.97,1.3,0.3,20006,0,31.07,35.0,0.0,0,31002
1793923,36.01,35.99,33.69,35.3,1,0,12.7,14.23,35.99,1.3,0.3,20006,0,31.07,35.0,0.0,0,31502
1794432,36.03,36.01,33.69,35.3,1,0,12.7,14.26,36.01,1.3,0.3,20006,0,31.1,35.0,0.0,0,32002
1794941,36.03,36.02,33.69,35.3,1,0,12.7,14.26,36.02,1.3,0.3,20006,0,31.1,35.0,0.0,0,32502
1795450,36.04,36.03,33.69,35.3,1,0,12.5,14.27,36.03,1.3,0.3,20006,0,31.1,35.0,0.0,0,33002
1795959,36.04,36.03,33.69,35.3,1,0,12.5,14.27,36.03,1.3,0.3,20006,0,31.1,35.0,0.0,0,33502
1796468,36.08,36.04,33.69,35.3,1,0,12.61,14.27,36.04,1.3,0.3,20006,0,31.1,35.0,0.0,0,34002
1796977,36.08,36.06,33.69,35.3,1,0,12.61,14.29,36.06,1.3,0.3,20006,0,31.1,35.0,0.0,0,34502
1797486,36.09,36.08,33.69,35.3,1,0,12.39,14.28,36.08,1.3,0.3,20006,0,31.09,35.0,0.0,0,35002
1797995,36.11,36.1,33.69,35.3,1,0,12.42,14.29,36.1,1.3,0.3,20006,0,31.09,35.0,0.0,0,35502
1798504,36.11,36.1,33.69,35.3,1,0,12.42,14.29,36.1,1.3,0.3,20006,0,31.09,35.0,0.0,0,36002
1799013,36.11,36.11,33.69,35.3,1,0,12.42,14.29,36.11,1.3,0.3,20006,0,31.09,35.0,0.0,0,36502
1799522,36.11,36.11,33.69,35.3,1,0,12.42,14.29,36.11,1.3,0.3,20006,0,31.09,35.0,0.0,0,37002
1800031,36.14,36.11,33.69,35.3,1,0,12.26,14.29,36.11,1.3,0.3,20006,0,31.1,35.0,0.0,0,37502
1800540,36.14,36.13,33.69,35.3,1,0,12.24,14.31,36.13,1.3,0.3,20006,0,31.1,35.0,0.0,0,38002
1801049,36.14,36.13,33.69,35.3,1,0,12.24,14.31,36.13,1.3,0.3,20006,0,31.1,35.0,0.0,0,38502
1801558,36.18,36.16,33.69,35.3,1,0,12.17,14.33,36.16,1.3,0.3,20006,0,31.1,35.0,0.0,0,39002
1802067,36.18,36.17,33.69,35.3,1,0,12.17,14.33,36.17,1.3,0.3,20006,0,31.1,35.0,0.0,0,39502
1802576,36.18,36.18,33.69,35.3,1,0,12.17,14.33,36.18,1.3,0.3,20006,0,31.1,35.0,0.0,0,40002
1803085,36.23,36.18,33.69,35.3,1,0,11.75,14.33,36.18,1.3,0.3,20006,0,31.09,35.0,0.0,0,40502
1803594,36.18,36.2,33.69,35.3,1,0,12.04,14.34,36.2,1.3,0.3,20006,0,31.1,35.0,0.0,0,41002
1804103,36.25,36.19,33.69,35.3,1,0,11.97,14.33,36.2,1.3,0.3,20006,0,31.12,35.0,0.01,0,41502
1804612,36.25,36.22,33.69,35.3,1,0,11.97,14.37,36.22,1.3,0.3,20006,0,31.12,35.0,0.0,0,42002
1805121,36.25,36.23,33.69,35.3,1,0,11.97,14.37,36.23,1.3,0.3,20006,0,31.12,35.0,0.0,0,42502
1805630,36.25,36.24,33.69,35.3,1,0,11.97,14.37,36.24,1.3,0.3,20006,0,31.12,35.0,0.0,0,43002
1806139,36.25,36.24,33.69,35.3,1,0,11.97,14.37,36.24,1.3,0.3,20006,0,31.12,35.0,0.0,0,43502
1806648,36.2,36.24,33.69,35.3,1,0,12.06,14.37,36.24,1.3,0.3,20006,0,31.1,35.0,0.0,0,44002
1807157,36.2,36.22,33.69,35.3,1,0,12.06,14.34,36.24,1.3,0.3,20006,0,31.1,35.0,0.02,0,44502
1807666,36.22,36.21,33.69,35.3,1,0,11.97,14.34,36.24,1.3,0.3,20006,0,31.12,35.0,0.03,0,45002
1808175,36.26,36.21,33.69,35.3,1,0,11.89,14.36,36.24,1.3,0.3,20006,0,31.1,35.0,0.03,0,45502
1808684,36.23,36.23,33.69,35.3,1,0,12.11,14.36,36.24,1.3,0.3,20006,0,31.12,35.0,0.01,0,46505
1809193,36.23,36.23,33.69,35.3,1,0,12.11,14.36,36.24,1.3,0.3,20006,0,31.12,35.0,0.01,0,47005
1809702,36.23,36.23,33.69,35.3,1,0,12.11,14.36,36.24,1.3,0.3,20006,0,31.12,35.0,0.01,0,47505
1810211,36.29,36.26,33.69,35.3,1,0,11.75,14.39,36.26,1.3,0.3,20006,0,31.12,35.0,0.0,0,48005
1810720,36.31,36.28,33.69,35.3,1,0,11.8,14.41,36.28,1.3,0.3,20006,0,31.13,35.0,0.0,0,48505
1811229,36.31,36.29,33.69,35.3,1,0,11.8,14.41,36.29,1.3,0.3,20006,0,31.13,35.0,0.0,0,49005
1811738,36.29,36.29,33.69,35.3,1,0,11.73,14.39,36.29,1.3,0.3,20006,0,31.12,35.0,0.0,0,49505
1812247,36.29,36.29,33.69,35.3,1,0,11.73,14.39,36.29,1.3,0.3,20006,0,31.12,35.0,0.0,0,50005
1812756,36.31,36.3,33.69,35.3,1,0,11.69,14.41,36.3,1.3,0.3,20006,0,31.13,35.0,0.0,0,50505
1813265,36.31,36.3,33.69,35.3,1,0,11.69,14.41,36.3,1.3,0.3,20006,0,31.13,35.0,0.0,0,51005
1813774,36.27,36.29,33.69,35.3,1,0,11.58,14.39,36.3,1.3,0.3,20006,0,31.13,35.0,0.01,0,51506
1814283,36.27,36.28,33.69,35.3,1,0,11.64,14.39,36.3,1.3,0.3,20006,0,31.13,35.0,0.01,0,52006
1814792,36.27,36.28,33.69,35.3,1,0,11.64,14.39,36.3,1.3,0.3,20006,0,31.13,35.0,0.02,0,52506
1815301,36.31,36.29,33.69,35.3,1,0,11.69,14.41,36.3,1.3,0.3,20006,0,31.13,35.0,0.0,0,53006
1815810,36.32,36.3,33.69,35.3,1,0,11.51,14.41,36.3,1.3,0.3,20006,0,31.12,35.0,0.0,0,53506
1816319,36.32,36.31,33.69,35.3,1,0,11.51,14.4,36.31,1.3,0.3,20006,0,31.12,35.0,0.0,0,54006
1816828,36.27,36.29,33.69,35.3,1,0,11.33,14.39,36.31,1.3,0.3,20006,0,31.13,35.0,0.01,0,54506
1817337,36.29,36.29,33.69,35.3,1,0,11.47,14.37,36.31,1.3,0.3,20006,0,31.1,35.0,0.01,0,55006
1817846,36.35,36.29,33.69,35.3,1,0,11.49,14.37,36.31,1.3,0.3,20006,0,31.12,35.0,0.01,0,55506
1818355,36.35,36.32,33.69,35.3,1,0,11.49,14.41,36.32,1.3,0.3,20006,0,31.12,35.0,0.0,0,56006
1818864,36.32,36.32,33.69,35.3,1,0,11.4,14.4,36.32,1.3,0.3,20006,0,31.12,35.0,0.0,0,56506
1819373,36.32,36.32,33.69,35.3,1,0,11.4,14.4,36.32,1.3,0.3,20006,0,31.12,35.0,0.0,0,57006
1819882,36.32,36.32,33.69,35.3,1,0,11.47,14.39,36.32,1.3,0.3,20006,0,31.1,35.0,0.0,0,57506
1820391,36.36,36.34,33.69,35.3,1,0,11.33,14.42,36.34,1.3,0.3,20006,0,31.12,35.0,0.0,0,58006
1820900,36.33,36.35,33.69,35.3,1,0,11.44,14.42,36.35,1.3,0.3,20006,0,31.12,35.0,0.0,0,58506
1821409,36.33,36.34,33.69,35.3,1,0,11.44,14.41,36.35,1.3,0.3,20006,0,31.12,35.0,0.0,0,59006
1821918,36.35,36.34,33.69,35.3,1,0,11.27,14.41,36.35,1.3,0.3,20006,0,31.13,35.0,0.01,0,59506
1822427,36.35,36.34,33.69,35.3,1,0,11.27,14.42,36.35,1.3,0.3,20006,0,31.13,35.0,0.0,0,60006
1822936,36.35,36.34,33.69,35.3,1,0,11.27,14.42,36.35,1.3,0.3,20006,0,31.13,35.0,0.0,0,60506
1823445,36.33,36.35,33.69,35.3,1,0,11.44,14.42,36.35,1.3,0.3,20006,0,31.12,35.0,0.0,0,61009
1823954,36.31,36.34,33.69,35.3,1,0,11.31,14.41,36.35,1.3,0.3,20006,0,31.13,35.0,0.01,0,61510
1824463,36.31,36.32,33.69,35.3,1,0,11.31,14.41,36.35,1.3,0.3,20006,0,31.13,35.0,0.02,0,62012
1824972,36.31,36.31,33.69,35.3,1,0,11.29,14.41,36.35,1.3,0.3,20006,0,31.13,35.0,0.03,0,62512
1825481,36.33,36.31,33.69,35.3,1,0,11.24,14.41,36.35,1.3,0.3,20006,0,31.14,35.0,0.04,0,63012
1825990,36.33,36.32,33.69,35.3,1,0,11.24,14.43,36.35,1.3,0.3,20006,0,31.14,35.0,0.02,0,63512
1826499,36.35,36.34,33.69,35.3,1,0,11.22,14.44,36.35,1.3,0.3,20006,0,31.14,35.0,0.01,0,64012
1827008,36.33,36.34,33.69,35.3,1,0,11.24,14.44,36.35,1.3,0.3,20006,0,31.12,35.0,0.0,0,64512
1827517,36.33,36.34,33.69,35.3,1,0,11.24,14.41,36.35,1.3,0.3,20006,0,31.12,35.0,0.01,0,65012
1828026,36.35,36.34,33.69,35.3,1,0,11.22,14.44,36.35,1.3,0.3,20006,0,31.14,35.0,0.0,0,65512
1828535,36.35,36.35,33.69,35.3,1,0,11.07,14.44,36.35,1.3,0.3,20006,0,31.13,35.0,0.0,0,66012
1829044,36.35,36.35,33.69,35.3,1,0,11.07,14.42,36.35,1.3,0.3,20006,0,31.13,35.0,0.0,0,66512
1829553,36.35,36.35,33.69,35.3,1,0,11.07,14.42,36.35,1.3,0.3,20006,0,31.13,35.0,0.0,0,67012
1830062,36.35,36.35,33.69,35.3,1,0,11.07,14.42,36.35,1.3,0.3,20006,0,31.13,35.0,0.0,0,67512
1830571,36.35,36.35,33.69,35.3,1,0,11.07,14.42,36.35,1.3,0.3,20006,0,31.13,35.0,0.0,0,68012
1831080,36.35,36.35,33.69,35.3,1,0,11.07,14.42,36.35,1.3,0.3,20006,0,31.13,35.0,0.0,0,68512
1831589,36.35,36.35,33.69,35.3,1,0,11.07,14.42,36.35,1.3,0.3,20006,0,31.13,35.0,0.0,0,69012
1832098,36.32,36.33,33.69,35.3,1,0,11.04,14.41,36.35,1.3,0.3,20006,0,31.13,35.0,0.01,0,69512
1832607,36.31,36.33,33.69,35.3,1,0,11.02,14.41,36.35,1.3,0.3,20006,0,31.14,35.0,0.02,0,70012
1833116,36.33,36.32,33.69,35.3,1,0,11.18,14.42,36.35,1.3,0.3,20006,0,31.16,35.0,0.03,0,70512
1833625,36.33,36.33,33.69,35.3,1,0,11.18,14.44,36.35,1.3,0.3,20006,0,31.16,35.0,0.02,0,71012
1834134,36.35,36.33,33.69,35.3,1,0,10.84,14.44,36.35,1.3,0.3,20006,0,31.13,35.0,0.02,0,71512
1834643,36.29,36.34,33.69,35.3,1,0,10.8,14.42,36.35,1.3,0.3,20006,0,31.14,35.0,0.01,0,72012
1835152,36.29,36.31,33.69,35.3,1,0,10.8,14.41,36.35,1.3,0.3,20006,0,31.14,35.0,0.03,0,72512
1835661,36.32,36.3,33.69,35.3,1,0,10.8,14.41,36.35,1.3,0.3,20006,0,31.13,35.0,0.04,0,73012
1836170,36.35,36.31,33.69,35.3,1,0,10.8,14.41,36.35,1.3,0.3,20006,0,31.12,35.0,0.03,0,73512
1836679,36.35,36.33,33.69,35.3,1,0,10.8,14.41,36.35,1.3,0.3,20006,0,31.12,35.0,0.02,0,74012
1837188,36.35,36.34,33.69,35.3,1,0,10.8,14.41,36.35,1.3,0.3,20006,0,31.12,35.0,0.01,0,74512
1837697,36.32,36.33,33.69,35.3,1,1,10.17,14.42,36.35,1.3,0.3,20006,0,31.14,35.0,0.01,1,75518
1838206,36.32,36.32,33.69,35.3,1,1,10.17,14.42,36.35,1.3,0.3,20006,0,31.14,35.0,0.02,1,76018
1838715,36.31,36.32,33.69,35.3,1,1,10.73,14.42,36.35,1.3,0.3,20006,0,31.14,35.0,0.03,1,76518
1839224,36.32,36.32,33.69,35.3,1,1,10.51,14.42,36.35,1.3,0.3,20006,0,31.14,35.0,0.03,1,77018
1839733,36.35,36.33,33.69,35.3,1,1,11.13,14.44,36.35,1.3,0.3,20006,0,31.14,35.0,0.01,1,77518
1840242,36.35,36.34,33.69,35.3,1,1,11.13,14.44,36.35,1.3,0.3,20006,0,31.14,35.0,0.01,1,78018
1840751,36.35,36.34,33.69,35.3,1,1,11.38,14.44,36.35,1.3,0.3,20006,0,31.14,35.0,0.0,1,78518
1841260,36.33,36.34,33.69,35.3,1,1,11.69,14.41,36.35,1.3,0.3,20006,0,31.12,35.0,0.01,1,79018
1841775,36.31,36.34,33.69,35.3,1,1,11.91,14.41,36.35,1.3,0.3,20006,0,31.13,35.0,0.01,1,79518
1842284,36.31,36.32,33.69,35.3,1,1,11.91,14.41,36.35,1.3,0.3,20006,0,31.13,35.0,0.02,1,80018
1842793,36.31,36.31,33.69,35.3,1,1,11.91,14.41,36.35,1.3,0.3,20006,0,31.13,35.0,0.03,1,80518
1843302,35.95,36.13,33.69,35.3,1,1,12.11,14.24,36.35,1.3,0.3,20006,1,31.12,35.0,0.21,1,81018
1843811,35.78,35.96,33.69,35.3,1,0,12.2,14.17,36.35,1.3,0.3,20006,1,31.12,35.0,0.39,1,81518
1844320,35.65,35.8,33.69,35.3,1,0,12.39,14.11,36.35,1.3,0.3,20006,1,31.12,35.0,0.54,1,82018
1844829,35.45,35.63,33.69,35.3,1,0,12.46,13.99,36.35,1.3,0.3,20006,1,31.07,35.0,0.72,1,82518
1845353,35.3,35.54,33.69,35.3,1,0,12.37,13.99,36.35,1.3,0.3,20006,1,31.09,35.0,0.8,1,83018
1845862,35.3,35.42,33.69,35.3,1,0,12.37,13.93,36.35,1.3,0.3,20006,1,31.09,35.0,0.93,1,83518
1846371,35.3,35.36,33.69,35.3,1,0,12.37,13.93,36.35,1.3,0.3,20006,1,31.09,35.0,0.99,1,84018
1846880,35.3,35.33,33.69,35.3,1,0,12.37,13.93,36.35,1.3,0.3,20006,1,31.09,35.0,1.02,1,84518
1847389,35.3,35.31,33.69,35.3,1,0,12.37,13.93,36.35,1.3,0.3,20006,1,31.09,35.0,1.03,1,85018
1847898,35.13,35.22,33.69,35.3,0,0,11.78,13.84,36.35,1.3,0.3,85518,0,31.06,35.0,1.12,1,0
1848407,35.06,35.18,33.69,35.3,0,0,11.73,13.84,35.18,1.3,0.3,85518,0,31.04,35.0,0.0,1,503
1848916,35.06,35.12,33.69,35.3,0,0,11.73,13.79,35.12,1.3,0.3,85518,0,31.04,35.0,0.0,1,1004
1849425,34.97,35.04,33.69,35.3,0,0,11.56,13.73,35.04,1.3,0.3,85518,0,31.01,35.0,0.0,1,1504
1849934,34.97,35.01,33.69,35.3,0,0,11.56,13.73,35.01,1.3,0.3,85518,0,31.01,35.0,0.0,1,2004
1850443,34.97,34.99,33.69,35.3,0,0,11.56,13.73,34.99,1.3,0.3,85518,0,31.01,35.0,0.0,1,2504
1850952,34.97,34.98,33.69,35.3,0,0,11.27,13.75,34.98,1.3,0.3,85518,0,31.04,35.0,0.0,1,3004
1851461,34.94,34.96,33.69,35.3,0,0,11.4,13.74,34.96,1.3,0.3,85518,0,31.04,35.0,0.0,1,3504
1851970,34.94,34.95,33.69,35.3,0,0,11.4,13.74,34.95,1.3,0.3,85518,0,31.04,35.0,0.0,1,4004
1852479,34.94,34.95,33.69,35.3,0,0,11.4,13.74,34.95,1.3,0.3,85518,0,31.04,35.0,0.0,1,4504
1852988,34.94,34.94,33.69,35.3,0,0,11.4,13.74,34.94,1.3,0.3,85518,0,31.04,35.0,0.0,1,5004
1853497,34.92,34.93,33.69,35.3,0,0,11.44,13.72,34.93,1.3,0.3,85518,0,31.03,35.0,0.0,1,5504
1854006,34.98,34.93,33.69,35.3,0,0,11.58,13.72,34.93,1.3,0.3,85518,0,31.03,35.0,0.0,1,6004
1854515,34.98,34.96,33.69,35.3,0,0,11.58,13.75,34.93,1.3,0.3,85518,0,31.03,35.0,0.02,1,6504
1855024,34.97,34.97,33.69,35.3,0,0,11.53,13.75,34.93,1.3,0.3,85518,0,31.03,35.0,0.03,1,7004
1855533,34.97,34.97,33.69,35.3,0,0,11.53,13.74,34.93,1.3,0.3,85518,0,31.03,35.0,0.03,1,7504
1856042,35.04,35.01,33.69,35.3,0,0,11.62,13.78,34.93,1.3,0.3,85518,0,31.04,35.0,0.07,1,8004
1856551,35.04,35.02,33.69,35.3,0,0,11.75,13.78,34.93,1.3,0.3,85518,0,31.04,35.0,0.09,1,8504
1857060,35.04,35.03,33.69,35.3,0,0,11.75,13.78,34.93,1.3,0.3,85518,0,31.04,35.0,0.1,1,9004
1857569,35.13,35.08,33.69,35.3,0,0,11.47,13.82,34.93,1.3,0.3,85518,1,31.04,35.0,0.15,1,9504
1858078,35.07,35.11,33.69,35.3,0,0,11.82,13.82,34.93,1.3,0.3,85518,1,31.03,35.0,0.17,1,10004
1858587,35.07,35.09,33.69,35.3,0,0,11.82,13.78,34.93,1.3,0.3,85518,1,31.03,35.0,0.15,1,10504
1859096,35.07,35.08,33.69,35.3,0,0,11.82,13.78,34.93,1.3,0.3,85518,1,31.03,35.0,0.15,1,11004
1859605,35.16,35.12,33.69,35.3,0,0,11.97,13.82,34.93,1.3,0.3,85518,1,31.03,35.0,0.18,1,11504
1860114,35.2,35.14,33.69,35.3,0,0,11.97,13.82,34.93,1.3,0.3,85518,1,31.01,35.0,0.2,1,12004
1860623,35.16,35.17,33.69,35.3,0,0,12.28,13.83,34.93,1.3,0.3,85518,1,31.06,35.0,0.23,1,12504
1861132,35.16,35.16,33.69,35.3,0,0,12.28,13.85,34.93,1.3,0.3,85518,1,31.06,35.0,0.23,1,13004
1861641,35.22,35.16,33.69,35.3,0,0,12.31,13.85,34.93,1.3,0.3,85518,1,31.06,35.0,0.23,1,13504
1862150,35.24,35.19,33.69,35.3,0,0,12.04,13.88,34.93,1.3,0.3,85518,1,31.04,35.0,0.26,1,14004
1862659,35.24,35.22,33.69,35.3,0,0,12.04,13.87,34.93,1.3,0.3,85518,1,31.04,35.0,0.28,1,14504
1863168,35.24,35.23,33.69,35.3,0,0,12.04,13.87,34.93,1.3,0.3,85518,1,31.04,35.0,0.3,1,15004
1863677,35.24,35.24,33.69,35.3,0,0,12.04,13.87,34.93,1.3,0.3,85518,1,31.04,35.0,0.3,1,15504
1864186,35.25,35.24,33.69,35.3,0,0,12.61,13.87,34.93,1.3,0.3,85518,1,31.06,35.0,0.31,1,16004
1864695,35.25,35.24,33.69,35.3,0,0,12.61,13.89,34.93,1.3,0.3,85518,1,31.06,35.0,0.31,1,16504
1865204,35.33,35.25,33.69,35.3,0,0,12.2,13.89,34.93,1.3,0.3,85518,1,31.04,35.0,0.31,1,17007
1865713,35.35,35.29,33.69,35.3,0,0,12.83,13.91,34.93,1.3,0.3,85518,1,31.04,35.0,0.36,1,17516
1866222,35.35,35.32,33.69,35.3,0,0,12.83,13.92,34.93,1.3,0.3,85518,1,31.04,35.0,0.39,1,18025
1866731,35.4,35.37,33.69,35.3,0,0,13.03,13.97,34.93,1.3,0.3,85518,1,31.07,35.0,0.43,1,19034
1867240,35.4,35.38,33.69,35.3,0,0,13.03,13.97,34.93,1.3,0.3,85518,1,31.07,35.0,0.45,1,19534
1867749,35.4,35.39,33.69,35.3,1,0,13.03,13.97,34.93,1.3,0.3,20034,0,31.07,35.0,0.45,0,0
1868258,35.47,35.43,33.69,35.3,1,0,13.23,14.0,35.43,1.3,0.3,20034,0,31.07,35.0,0.0,0,500
1868767,35.47,35.45,33.69,35.3,1,0,13.23,14.0,35.45,1.3,0.3,20034,0,31.07,35.0,0.0,0,1000
1869276,35.45,35.45,33.69,35.3,1,0,13.38,13.98,35.45,1.3,0.3,20034,0,31.06,35.0,0.0,0,1500
1869785,35.45,35.45,33.69,35.3,1,0,13.38,13.98,35.45,1.3,0.3,20034,0,31.06,35.0,0.0,0,2000
1870294,35.5,35.47,33.69,35.3,1,0,13.23,14.02,35.47,1.3,0.3,20034,0,31.09,35.0,0.0,0,2500
1870803,35.55,35.51,33.69,35.3,1,0,13.58,14.02,35.51,1.3,0.3,20034,0,31.06,35.0,0.0,0,3000
1871311,35.55,35.53,33.69,35.3,1,0,13.58,14.02,35.53,1.3,0.3,20034,0,31.06,35.0,0.0,0,3500
1871820,35.56,35.55,33.69,35.3,1,0,13.64,14.07,35.55,1.3,0.3,20034,0,31.12,35.0,0.0,0,4000
1872329,35.57,35.55,33.69,35.3,1,0,13.73,14.07,35.55,1.3,0.3,20034,0,31.09,35.0,0.0,0,4500
1872838,35.57,35.56,33.69,35.3,1,0,13.73,14.05,35.56,1.3,0.3,20034,0,31.09,35.0,0.0,0,5000
1873347,35.57,35.57,33.69,35.3,1,0,13.88,14.04,35.57,1.3,0.3,20034,0,31.07,35.0,0.0,0,5500
1873856,35.57,35.57,33.69,35.3,1,0,13.88,14.04,35.57,1.3,0.3,20034,0,31.07,35.0,0.0,0,6000
1874365,35.61,35.59,33.69,35.3,1,0,13.88,14.06,35.59,1.3,0.3,20034,0,31.07,35.0,0.0,0,6500
1874873,35.61,35.6,33.69,35.3,1,0,13.88,14.06,35.6,1.3,0.3,20034,0,31.07,35.0,0.0,0,7000
1875382,35.61,35.61,33.69,35.3,1,0,13.86,14.07,35.61,1.3,0.3,20034,0,31.09,35.0,0.0,0,7500
1875891,35.61,35.61,33.69,35.3,1,0,13.86,14.07,35.61,1.3,0.3,20034,0,31.09,35.0,0.0,0,8000
1876400,35.65,35.61,33.69,35.3,1,0,13.86,14.07,35.61,1.3,0.3,20034,0,31.1,35.0,0.0,0,8500
1876909,35.65,35.63,33.69,35.3,1,0,13.86,14.1,35.63,1.3,0.3,20034,0,31.1,35.0,0.0,0,9001
1877418,35.66,35.64,33.69,35.3,1,0,13.82,14.1,35.64,1.3,0.3,20034,0,31.07,35.0,0.0,0,9501
1877927,35.66,35.65,33.69,35.3,1,0,13.82,14.08,35.65,1.3,0.3,20034,0,31.07,35.0,0.0,0,10001
1878436,35.69,35.67,33.69,35.3,1,0,13.84,14.12,35.67,1.3,0.3,20034,0,31.1,35.0,0.0,0,10501
1878945,35.69,35.68,33.69,35.3,1,0,13.84,14.12,35.68,1.3,0.3,20034,0,31.1,35.0,0.0,0,11001
1879454,35.7,35.68,33.69,35.3,1,0,13.66,14.12,35.68,1.3,0.3,20034,0,31.1,35.0,0.0,0,11501
1879963,35.7,35.69,33.69,35.3,1,0,13.66,14.12,35.69,1.3,0.3,20034,0,31.1,35.0,0.0,0,12001
1880472,35.7,35.7,33.69,35.3,1,0,13.6,14.1,35.7,1.3,0.3,20034,0,31.07,35.0,0.0,0,12501
1880981,35.72,35.7,33.69,35.3,1,0,13.6,14.1,35.7,1.3,0.3,20034,0,31.1,35.0,0.0,0,13001
1881490,35.72,35.71,33.69,35.3,1,0,13.6,14.13,35.71,1.3,0.3,20034,0,31.1,35.0,0.0,0,13501
1881999,35.72,35.71,33.69,35.3,1,0,13.6,14.13,35.71,1.3,0.3,20034,0,31.1,35.0,0.0,0,14001
1882508,35.73,35.72,33.69,35.3,1,0,14.17,14.14,35.72,1.3,0.3,20034,0,31.1,35.0,0.0,0,14501
1883017,35.73,35.73,33.69,35.3,1,0,14.17,14.14,35.73,1.3,0.3,20034,0,31.1,35.0,0.0,0,15001
1883526,35.73,35.73,33.69,35.3,1,0,14.17,14.14,35.73,1.3,0.3,20034,0,31.1,35.0,0.0,0,15504
1884035,35.84,35.73,33.69,35.3,1,0,13.51,14.14,35.73,1.3,0.3,20034,0,31.12,35.0,0.0,0,16004
1884544,35.84,35.78,33.69,35.3,1,0,13.51,14.19,35.78,1.3,0.3,20034,0,31.12,35.0,0.0,0,16504
1885053,35.82,35.81,33.69,35.3,1,0,13.56,14.19,35.81,1.3,0.3,20034,0,31.1,35.0,0.0,0,17004
1885562,35.82,35.81,33.69,35.3,1,0,13.56,14.17,35.81,1.3,0.3,20034,0,31.1,35.0,0.0,0,17504
1886071,35.82,35.82,33.69,35.3,1,0,13.36,14.16,35.82,1.3,0.3,20034,0,31.09,35.0,0.0,0,18004
1886580,35.82,35.82,33.69,35.3,1,0,13.36,14.16,35.82,1.3,0.3,20034,0,31.09,35.0,0.0,0,18504
1887089,35.85,35.83,33.69,35.3,1,0,13.38,14.2,35.83,1.3,0.3,20034,0,31.12,35.0,0.0,0,19004
1887598,35.85,35.84,33.69,35.3,1,0,13.38,14.2,35.84,1.3,0.3,20034,0,31.12,35.0,0.0,0,19504
1888107,35.88,35.86,33.69,35.3,1,0,13.31,14.2,35.86,1.3,0.3,20034,0,31.1,35.0,0.0,0,20004
1888616,35.88,35.87,33.69,35.3,1,0,13.31,14.2,35.87,1.3,0.3,20034,0,31.1,35.0,0.0,0,20504
1889125,35.88,35.87,33.69,35.3,1,0,13.31,14.2,35.87,1.3,0.3,20034,0,31.1,35.0,0.0,0,21005
1889634,35.91,35.89,33.69,35.3,1,0,13.51,14.23,35.89,1.3,0.3,20034,0,31.12,35.0,0.0,0,21506
1890143,35.93,35.9,33.69,35.3,1,0,13.31,14.23,35.9,1.3,0.3,20034,0,31.12,35.0,0.0,0,22006
1890652,35.93,35.91,33.69,35.3,1,0,13.31,14.23,35.91,1.3,0.3,20034,0,31.12,35.0,0.0,0,22506
1891161,35.93,35.92,33.69,35.3,1,0,12.99,14.23,35.92,1.3,0.3,20034,0,31.12,35.0,0.0,0,23006
1891670,35.98,35.92,33.69,35.3,1,0,13.23,14.23,35.92,1.3,0.3,20034,0,31.12,35.0,0.0,0,23506
1892179,35.98,35.95,33.69,35.3,1,0,13.23,14.26,35.95,1.3,0.3,20034,0,31.12,35.0,0.0,0,24006
1892688,36.01,35.97,33.69,35.3,1,0,13.12,14.26,35.97,1.3,0.3,20034,0,31.14,35.0,0.0,0,24506
1893196,36.0,35.99,33.69,35.3,1,0,12.99,14.29,35.99,1.3,0.3,20034,0,31.13,35.0,0.0,0,25006
1893705,36.0,35.99,33.69,35.3,1,0,12.99,14.28,35.99,1.3,0.3,20034,0,31.13,35.0,0.0,0,25506
1894214,36.01,36.0,33.69,35.3,1,0,12.94,14.28,36.0,1.3,0.3,20034,0,31.12,35.0,0.0,0,26006
1894723,36.06,36.0,33.69,35.3,1,0,12.96,14.27,36.0,1.3,0.3,20034,0,31.13,35.0,0.0,0,26506
1895232,36.04,36.03,33.69,35.3,1,0,12.96,14.3,36.03,1.3,0.3,20034,0,31.12,35.0,0.0,0,27006
1895741,36.04,36.04,33.69,35.3,1,0,12.96,14.28,36.04,1.3,0.3,20034,0,31.12,35.0,0.0,0,27510
1896250,36.07,36.06,33.69,35.3,1,0,12.75,14.31,36.06,1.3,0.3,20034,0,31.13,35.0,0.0,0,28519
1896759,36.07,36.06,33.69,35.3,1,0,12.75,14.31,36.06,1.3,0.3,20034,0,31.13,35.0,0.0,0,29019
1897268,36.09,36.07,33.69,35.3,1,0,12.72,14.31,36.07,1.3,0.3,20034,0,31.13,35.0,0.0,0,29519
1897777,36.09,36.08,33.69,35.3,1,0,12.72,14.31,36.08,1.3,0.3,20034,0,31.13,35.0,0.0,0,30019
1898286,36.13,36.11,33.69,35.3,1,0,12.85,14.33,36.11,1.3,0.3,20034,0,31.13,35.0,0.0,0,30519
1898795,36.13,36.12,33.69,35.3,1,0,12.57,14.34,36.12,1.3,0.3,20034,0,31.14,35.0,0.0,0,31019
1899304,36.13,36.13,33.69,35.3,1,0,12.57,14.34,36.13,1.3,0.3,20034,0,31.14,35.0,0.0,0,31519
1899813,36.13,36.13,33.69,35.3,1,0,12.57,14.34,36.13,1.3,0.3,20034,0,31.14,35.0,0.0,0,32019
1900322,36.19,36.16,33.69,35.3,1,0,12.59,14.36,36.16,1.3,0.3,20034,0,31.13,35.0,0.0,0,32519
1900831,36.19,36.17,33.69,35.3,1,0,12.42,14.36,36.17,1.3,0.3,20034,0,31.13,35.0,0.0,0,33019
1901340,36.19,36.18,33.69,35.3,1,0,12.42,14.36,36.18,1.3,0.3,20034,0,31.13,35.0,0.0,0,33519
1901849,36.23,36.21,33.69,35.3,1,0,12.61,14.39,36.21,1.3,0.3,20034,0,31.14,35.0,0.0,0,34019
1902358,36.19,36.2,33.69,35.3,1,0,12.53,14.36,36.21,1.3,0.3,20034,0,31.13,35.0,0.0,0,34519
1902867,36.22,36.19,33.69,35.3,1,0,12.53,14.36,36.21,1.3,0.3,20034,0,31.13,35.0,0.01,0,35019
1903390,36.22,36.2,33.69,35.3,1,0,12.64,14.37,36.21,1.3,0.3,20034,0,31.13,35.0,0.0,0,35519
1903899,36.22,36.21,33.69,35.3,1,0,12.64,14.37,36.21,1.3,0.3,20034,0,31.13,35.0,0.0,0,36019
1904408,36.22,36.21,33.69,35.3,1,0,12.5,14.38,36.21,1.3,0.3,20034,0,31.14,35.0,0.0,0,36519
1904917,36.27,36.22,33.69,35.3,1,0,12.33,14.38,36.22,1.3,0.3,20034,0,31.12,35.0,0.0,0,37019
1905426,36.27,36.25,33.69,35.3,1,0,12.33,14.38,36.25,1.3,0.3,20034,0,31.12,35.0,0.0,0,37519
1905935,36.26,36.25,33.69,35.3,1,0,12.22,14.39,36.25,1.3,0.3,20034,0,31.13,35.0,0.0,0,38019
1906444,36.26,36.26,33.69,35.3,1,0,12.22,14.39,36.26,1.3,0.3,20034,0,31.13,35.0,0.0,0,38519
1906953,36.26,36.26,33.69,35.3,1,0,12.28,14.39,36.26,1.3,0.3,20034,0,31.13,35.0,0.0,0,39019
1907462,36.26,36.26,33.69,35.3,1,0,12.28,14.39,36.26,1.3,0.3,20034,0,31.13,35.0,0.0,0,39519
1907971,36.26,36.26,33.69,35.3,1,0,12.28,14.39,36.26,1.3,0.3,20034,0,31.13,35.0,0.0,0,40019
1908480,36.31,36.28,33.69,35.3,1,0,12.09,14.42,36.28,1.3,0.3,20034,0,31.14,35.0,0.0,0,40519
1908989,36.31,36.29,33.69,35.3,1,0,12.15,14.42,36.29,1.3,0.3,20034,0,31.14,35.0,0.0,0,41019
1909498,36.31,36.3,33.69,35.3,1,0,12.15,14.42,36.3,1.3,0.3,20034,0,31.14,35.0,0.0,0,41519
1910011,36.33,36.3,33.69,35.3,1,0,12.11,14.42,36.3,1.3,0.3,20034,0,31.14,35.0,0.0,0,42019
1910520,36.33,36.32,33.69,35.3,1,0,12.11,14.43,36.32,1.3,0.3,20034,0,31.14,35.0,0.0,0,42519
1911029,36.35,36.33,33.69,35.3,1,0,12.04,14.45,36.33,1.3,0.3,20034,0,31.16,35.0,0.0,0,43019
1911538,36.35,36.34,33.69,35.3,1,0,12.04,14.45,36.34,1.3,0.3,20034,0,31.16,35.0,0.0,0,43519
1912047,36.35,36.34,33.69,35.3,1,0,12.04,14.45,36.34,1.3,0.3,20034,0,31.16,35.0,0.0,0,44019
1912568,36.32,36.35,33.69,35.3,1,0,11.89,14.45,36.35,1.3,0.3,20034,0,31.13,35.0,0.0,0,44519
1913077,36.32,36.33,33.69,35.3,1,0,11.89,14.41,36.35,1.3,0.3,20034,0,31.13,35.0,0.01,0,45019
1913586,36.32,36.33,33.69,35.3,1,0,11.89,14.41,36.35,1.3,0.3,20034,0,31.13,35.0,0.02,0,45519
1914095,36.39,36.32,33.69,35.3,1,0,12.04,14.41,36.35,1.3,0.3,20034,0,31.16,35.0,0.02,0,46019
1914604,36.39,36.36,33.69,35.3,1,0,12.04,14.47,36.36,1.3,0.3,20034,0,31.16,35.0,0.0,0,46519
1915113,36.37,36.36,33.69,35.3,1,0,11.93,14.46,36.36,1.3,0.3,20034,0,31.16,35.0,0.0,0,47019
1915626,36.37,36.36,33.69,35.3,1,0,11.04,14.46,36.36,1.3,0.3,20034,0,31.16,35.0,0.0,0,47519
1916135,36.37,36.37,33.69,35.3,1,0,11.04,14.46,36.37,1.3,0.3,20034,0,31.16,35.0,0.0,0,48019
1916644,36.42,36.37,33.69,35.3,1,0,12.09,14.46,36.37,1.3,0.3,20034,0,31.16,35.0,0.0,0,48519
1917153,36.39,36.4,33.69,35.3,1,0,11.86,14.48,36.4,1.3,0.3,20034,0,31.14,35.0,0.0,0,49019
1917662,36.39,36.39,33.69,35.3,1,0,11.86,14.46,36.4,1.3,0.3,20034,0,31.14,35.0,0.0,0,49519
1918171,36.35,36.39,33.69,35.3,1,0,11.67,14.46,36.4,1.3,0.3,20034,0,31.16,35.0,0.0,0,50019
1918680,36.41,36.37,33.69,35.3,1,0,11.69,14.45,36.4,1.3,0.3,20034,0,31.14,35.0,0.02,0,50519
1919190,36.41,36.39,33.69,35.3,1,0,11.69,14.46,36.4,1.3,0.3,20034,0,31.14,35.0,0.0,0,51019
1919700,36.42,36.4,33.69,35.3,1,0,11.75,14.46,36.4,1.3,0.3,20034,0,31.16,35.0,0.0,0,51519
1920209,36.41,36.41,33.69,35.3,1,0,12.35,14.48,36.41,1.3,0.3,20034,0,31.14,35.0,0.0,0,52019
1920718,36.41,36.41,33.69,35.3,1,0,12.35,14.46,36.41,1.3,0.3,20034,0,31.14,35.0,0.0,0,52519
1921227,36.41,36.41,33.69,35.3,1,0,12.35,14.46,36.41,1.3,0.3,20034,0,31.14,35.0,0.0,0,53019
1921736,36.42,36.41,33.69,35.3,1,0,11.8,14.46,36.41,1.3,0.3,20034,0,31.16,35.0,0.0,0,53519
1922245,36.42,36.42,33.69,35.3,1,0,11.58,14.48,36.42,1.3,0.3,20034,0,31.16,35.0,0.0,0,54019
1922754,36.45,36.42,33.69,35.3,1,0,11.4,14.48,36.42,1.3,0.3,20034,0,31.16,35.0,0.0,0,54527
1923263,36.45,36.44,33.69,35.3,1,0,11.4,14.49,36.44,1.3,0.3,20034,0,31.16,35.0,0.0,0,55036
1923772,36.43,36.43,33.69,35.3,1,0,11.27,14.51,36.44,1.3,0.3,20034,0,31.18,35.0,0.0,0,56041
1924281,36.43,36.43,33.69,35.3,1,0,11.27,14.51,36.44,1.3,0.3,20034,0,31.18,35.0,0.01,0,56541
1924790,36.41,36.42,33.69,35.3,1,0,11.42,14.47,36.44,1.3,0.3,20034,0,31.16,35.0,0.02,0,57041
1925299,36.41,36.41,33.69,35.3,1,0,11.42,14.47,36.44,1.3,0.3,20034,0,31.16,35.0,0.03,0,57541
1925808,36.44,36.43,33.69,35.3,1,0,11.44,14.5,36.44,1.3,0.3,20034,0,31.17,35.0,0.01,0,58041
1926317,36.44,36.43,33.69,35.3,1,0,11.44,14.5,36.44,1.3,0.3,20034,0,31.17,35.0,0.01,0,58541
1926826,36.44,36.44,33.69,35.3,1,0,11.44,14.5,36.44,1.3,0.3,20034,0,31.17,35.0,0.0,0,59041
1927335,36.44,36.44,33.69,35.3,1,0,11.29,14.5,36.44,1.3,0.3,20034,0,31.17,35.0,0.0,0,59541
1927844,36.44,36.44,33.69,35.3,1,0,11.29,14.5,36.44,1.3,0.3,20034,0,31.17,35.0,0.0,0,60041
1928353,36.44,36.44,33.69,35.3,1,0,11.29,14.5,36.44,1.3,0.3,20034,0,31.17,35.0,0.0,0,60541
1928862,36.44,36.44,33.69,35.3,1,0,11.29,14.5,36.44,1.3,0.3,20034,0,31.17,35.0,0.0,0,61041
1929371,36.44,36.44,33.69,35.3,1,0,11.29,14.5,36.44,1.3,0.3,20034,0,31.17,35.0,0.0,0,61541
1929880,36.5,36.47,33.69,35.3,1,0,11.44,14.51,36.47,1.3,0.3,20034,0,31.16,35.0,0.0,0,62041
1930389,36.5,36.48,33.69,35.3,1,0,11.44,14.51,36.48,1.3,0.3,20034,0,31.16,35.0,0.0,0,62541
1930898,36.45,36.47,33.69,35.3,1,0,11.2,14.51,36.48,1.3,0.3,20034,0,31.17,35.0,0.01,0,63041
1931407,36.45,36.46,33.69,35.3,1,0,11.22,14.51,36.48,1.3,0.3,20034,0,31.16,35.0,0.02,0,63541
1931916,36.45,36.46,33.69,35.3,1,0,11.22,14.49,36.48,1.3,0.3,20034,0,31.16,35.0,0.02,0,64041
1932425,36.42,36.44,33.69,35.3,1,0,11.36,14.5,36.48,1.3,0.3,20034,0,31.17,35.0,0.04,0,64541
1932934,36.42,36.43,33.69,35.3,1,0,11.36,14.5,36.48,1.3,0.3,20034,0,31.17,35.0,0.05,0,65041
1933443,36.42,36.43,33.69,35.3,1,0,11.36,14.5,36.48,1.3,0.3,20034,0,31.17,35.0,0.05,0,65543
1933952,36.44,36.44,33.69,35.3,1,0,11.11,14.53,36.48,1.3,0.3,20034,0,31.2,35.0,0.04,0,66044
1934461,36.44,36.44,33.69,35.3,1,0,11.11,14.53,36.48,1.3,0.3,20034,0,31.2,35.0,0.04,0,66544
1934970,36.45,36.45,33.69,35.3,1,0,10.91,14.49,36.48,1.3,0.3,20034,0,31.16,35.0,0.03,0,67044
1935479,36.45,36.45,33.69,35.3,1,0,10.91,14.49,36.48,1.3,0.3,20034,0,31.16,35.0,0.03,0,67544
1935988,36.47,36.46,33.69,35.3,1,0,11.13,14.53,36.48,1.3,0.3,20034,0,31.18,35.0,0.02,0,68044
1936497,36.47,36.46,33.69,35.3,1,0,10.78,14.51,36.48,1.3,0.3,20034,0,31.17,35.0,0.01,0,68544
1937006,36.44,36.47,33.69,35.3,1,0,10.84,14.51,36.48,1.3,0.3,20034,0,31.16,35.0,0.01,0,69044
1937515,36.44,36.45,33.69,35.3,1,0,10.84,14.49,36.48,1.3,0.3,20034,0,31.16,35.0,0.03,0,69544
1938024,36.44,36.44,33.69,35.3,1,0,10.84,14.49,36.48,1.3,0.3,20034,0,31.16,35.0,0.03,0,70044
1938533,36.4,36.42,33.69,35.3,1,0,10.76,14.5,36.48,1.3,0.3,20034,0,31.18,35.0,0.06,0,70544
1939042,36.4,36.41,33.69,35.3,1,0,10.76,14.5,36.48,1.3,0.3,20034,0,31.18,35.0,0.07,0,71044
1939551,36.42,36.4,33.69,35.3,1,0,10.87,14.5,36.48,1.3,0.3,20034,0,31.17,35.0,0.08,0,71544
1940060,36.42,36.41,33.69,35.3,1,0,10.87,14.5,36.48,1.3,0.3,20034,0,31.17,35.0,0.06,0,72044
1940569,36.44,36.43,33.69,35.3,1,0,10.8,14.49,36.48,1.3,0.3,20034,0,31.16,35.0,0.05,0,72544
1941078,36.38,36.4,33.69,35.3,1,0,10.8,14.49,36.48,1.3,0.3,20034,0,31.18,35.0,0.07,0,73044
1941587,36.4,36.39,33.69,35.3,1,0,10.76,14.49,36.48,1.3,0.3,20034,0,31.17,35.0,0.08,0,73544
1942096,36.37,36.4,33.69,35.3,1,0,10.84,14.48,36.48,1.3,0.3,20034,0,31.18,35.0,0.08,0,74044
1942604,36.37,36.38,33.69,35.3,1,0,10.84,14.48,36.48,1.3,0.3,20034,0,31.18,35.0,0.1,0,74544
1943113,36.41,36.38,33.69,35.3,1,0,10.4,14.48,36.48,1.3,0.3,20034,0,31.18,35.0,0.1,0,75044
1943622,36.41,36.39,33.69,35.3,1,1,10.82,14.5,36.48,1.3,0.3,20034,0,31.17,35.0,0.08,1,75544
1944131,36.38,36.4,33.69,35.3,1,1,10.8,14.49,36.48,1.3,0.3,20034,0,31.17,35.0,0.08,1,76044
1944640,36.38,36.39,33.69,35.3,1,1,10.8,14.48,36.48,1.3,0.3,20034,0,31.17,35.0,0.09,1,76544
1945149,36.43,36.39,33.69,35.3,1,1,10.91,14.48,36.48,1.3,0.3,20034,0,31.18,35.0,0.09,1,77044
1945658,36.43,36.41,33.69,35.3,1,1,10.91,14.51,36.48,1.3,0.3,20034,0,31.18,35.0,0.07,1,77544
1946168,36.43,36.42,33.69,35.3,1,1,10.91,14.51,36.48,1.3,0.3,20034,0,31.18,35.0,0.06,1,78044
1946677,36.43,36.42,33.69,35.3,1,1,10.91,14.51,36.48,1.3,0.3,20034,0,31.18,35.0,0.06,1,78544
1947186,36.42,36.42,33.69,35.3,1,1,11.42,14.5,36.48,1.3,0.3,20034,0,31.17,35.0,0.06,1,79044
1947695,36.42,36.42,33.69,35.3,1,1,11.42,14.5,36.48,1.3,0.3,20034,0,31.17,35.0,0.05,1,79544
1948204,36.42,36.42,33.69,35.3,1,1,11.42,14.5,36.48,1.3,0.3,20034,0,31.17,35.0,0.05,1,80044
1948713,35.98,36.42,33.69,35.3,1,1,12.17,14.5,36.48,1.3,0.3,20034,0,31.14,35.0,0.05,1,80544
1949222,35.98,36.2,33.69,35.3,1,1,12.17,14.28,36.48,1.3,0.3,20034,1,31.14,35.0,0.27,1,81044
1949731,35.74,36.09,33.69,35.3,1,1,12.42,14.28,36.48,1.3,0.3,20034,1,31.16,35.0,0.38,1,81544
1950240,35.5,35.92,33.69,35.3,1,0,12.44,14.19,36.48,1.3,0.3,20034,1,31.1,35.0,0.56,1,82044
1950749,35.5,35.71,33.69,35.3,1,0,12.44,14.03,36.48,1.3,0.3,20034,1,31.1,35.0,0.77,1,82544
1951258,35.5,35.6,33.69,35.3,1,0,12.44,14.03,36.48,1.3,0.3,20034,1,31.1,35.0,0.87,1,83044
1951767,35.22,35.55,33.69,35.3,1,0,12.57,14.03,36.48,1.3,0.3,20034,1,31.09,35.0,0.93,1,83544
1952276,35.22,35.3,33.69,35.3,1,0,12.57,13.9,36.48,1.3,0.3,20034,1,31.09,35.0,1.17,1,84545
1952785,35.12,35.21,33.69,35.3,0,0,12.46,13.87,36.48,1.3,0.3,85045,0,31.1,35.0,1.27,1,0
1953294,35.12,35.17,33.66,35.3,0,0,12.46,13.87,35.17,1.33,0.3,85045,0,31.1,35.0,0.0,1,500
1953807,34.99,35.14,33.66,35.3,0,0,11.97,13.87,35.14,1.33,0.3,85045,0,31.07,35.0,0.0,1,1000
1954316,34.99,35.06,33.66,35.3,0,0,11.97,13.79,35.06,1.33,0.3,85045,0,31.07,35.0,0.0,1,1500
1954825,34.99,35.03,33.66,35.3,0,0,11.73,13.79,35.03,1.33,0.3,85045,0,31.07,35.0,0.0,1,2000
1955334,34.99,35.01,33.66,35.3,0,0,11.73,13.79,35.01,1.33,0.3,85045,0,31.07,35.0,0.0,1,2500
1955843,34.91,34.96,33.66,35.3,0,0,11.67,13.76,34.96,1.33,0.3,85045,0,31.07,35.0,0.0,1,3000
1956352,34.91,34.94,33.66,35.3,0,0,11.67,13.76,34.94,1.33,0.3,85045,0,31.07,35.0,0.0,1,3500
1956861,34.94,34.94,33.66,35.3,0,0,11.47,13.77,34.94,1.33,0.3,85045,0,31.07,35.0,0.0,1,4000
1957370,34.96,34.95,33.66,35.3,0,0,11.38,13.79,34.94,1.33,0.3,85045,0,31.09,35.0,0.01,1,4502
1957878,34.96,34.95,33.66,35.3,0,0,11.38,13.79,34.94,1.33,0.3,85045,0,31.09,35.0,0.01,1,5002
1958387,34.96,34.96,33.66,35.3,0,0,11.64,13.79,34.94,1.33,0.3,85045,0,31.09,35.0,0.02,1,5502
1958896,34.96,34.96,33.66,35.3,0,0,11.64,13.79,34.94,1.33,0.3,85045,0,31.09,35.0,0.02,1,6002
1959405,34.96,34.96,33.66,35.3,0,0,11.6,13.76,34.94,1.33,0.3,85045,0,31.06,35.0,0.02,1,6502
1959914,34.99,34.97,33.66,35.3,0,0,12.44,13.79,34.94,1.33,0.3,85045,0,31.07,35.0,0.03,1,7002
1960423,34.99,34.98,33.66,35.3,0,0,12.44,13.79,34.94,1.33,0.3,85045,0,31.07,35.0,0.04,1,7502
1960932,35.02,35.0,33.66,35.3,0,0,11.58,13.82,34.94,1.33,0.3,85045,0,31.1,35.0,0.06,1,8002
1961440,35.02,35.01,33.66,35.3,0,0,11.58,13.82,34.94,1.33,0.3,85045,0,31.1,35.0,0.07,1,8502
1961949,35.02,35.01,33.66,35.3,0,0,11.58,13.82,34.94,1.33,0.3,85045,0,31.1,35.0,0.07,1,9002
1962458,35.03,35.02,33.66,35.3,0,0,11.29,13.82,34.94,1.33,0.3,85045,0,31.09,35.0,0.08,1,9502
1962967,35.03,35.03,33.66,35.3,0,0,11.29,13.82,34.94,1.33,0.3,85045,0,31.09,35.0,0.08,1,10002
1963476,35.07,35.05,33.66,35.3,0,0,11.89,13.81,34.94,1.33,0.3,85045,0,31.06,35.0,0.11,1,10502
1963985,35.03,35.04,33.66,35.3,0,0,11.86,13.81,34.94,1.33,0.3,85045,0,31.07,35.0,0.1,1,11002
1964494,35.09,35.06,33.66,35.3,0,0,11.82,13.82,34.94,1.33,0.3,85045,0,31.06,35.0,0.12,1,11502
1965003,35.09,35.08,33.66,35.3,0,0,11.82,13.82,34.94,1.33,0.3,85045,0,31.06,35.0,0.13,1,12002
1965512,35.09,35.08,33.66,35.3,0,0,11.82,13.82,34.94,1.33,0.3,85045,0,31.06,35.0,0.14,1,12504
1966021,35.15,35.08,33.66,35.3,0,0,12.13,13.82,34.94,1.33,0.3,85045,0,31.07,35.0,0.14,1,13004
1966530,35.15,35.12,33.66,35.3,0,0,12.13,13.86,34.94,1.33,0.3,85045,1,31.07,35.0,0.17,1,13504
1967039,35.15,35.13,33.66,35.3,0,0,12.13,13.86,34.94,1.33,0.3,85045,1,31.07,35.0,0.19,1,14004
1967548,35.15,35.14,33.66,35.3,0,0,12.13,13.86,34.94,1.33,0.3,85045,1,31.07,35.0,0.2,1,14504
1968057,35.22,35.14,33.66,35.3,0,0,13.14,13.86,34.94,1.33,0.3,85045,1,31.07,35.0,0.2,1,15004
1968566,35.22,35.18,33.66,35.3,0,0,13.14,13.89,34.94,1.33,0.3,85045,1,31.07,35.0,0.24,1,15504
1969075,35.28,35.23,33.66,35.3,0,0,12.53,13.92,34.94,1.33,0.3,85045,1,31.07,35.0,0.29,1,16004
1969598,35.28,35.26,33.66,35.3,0,0,12.68,13.92,34.94,1.33,0.3,85045,1,31.06,35.0,0.31,1,16504
1970107,35.28,35.27,33.66,35.3,0,0,12.68,13.9,34.94,1.33,0.3,85045,1,31.06,35.0,0.32,1,17004
1970616,35.28,35.27,33.66,35.3,0,0,12.68,13.9,34.94,1.33,0.3,85045,1,31.06,35.0,0.33,1,17504
1971125,35.37,35.32,33.66,35.3,0,0,13.05,13.98,34.94,1.33,0.3,85045,1,31.1,35.0,0.38,1,18004
1971634,35.34,35.34,33.66,35.3,0,0,13.14,13.98,34.94,1.33,0.3,85045,1,31.12,35.0,0.4,1,18504
1972143,35.35,35.34,33.66,35.3,0,0,13.45,13.98,34.94,1.33,0.3,85045,1,31.09,35.0,0.4,1,19004
1972652,35.35,35.35,33.66,35.3,0,0,13.45,13.96,34.94,1.33,0.3,85045,1,31.09,35.0,0.41,1,19504
1973161,35.35,35.35,33.66,35.3,1,0,13.45,13.96,34.94,1.33,0.3,20004,0,31.09,35.0,0.41,0,0
1973670,35.38,35.35,33.66,35.3,1,0,13.49,13.96,35.35,1.33,0.3,20004,0,31.1,35.0,0.0,0,500
1974179,35.38,35.37,33.66,35.3,1,0,13.49,13.98,35.37,1.33,0.3,20004,0,31.1,35.0,0.0,0,1000
1974688,35.44,35.37,33.66,35.3,1,0,13.42,13.98,35.37,1.33,0.3,20004,0,31.09,35.0,0.0,0,1500
1975197,35.44,35.41,33.66,35.3,1,0,13.42,14.0,35.41,1.33,0.3,20004,0,31.09,35.0,0.0,0,2000
1975706,35.48,35.45,33.66,35.3,1,0,13.23,14.02,35.45,1.33,0.3,20004,0,31.09,35.0,0.0,0,2500
1976215,35.45,35.46,33.66,35.3,1,0,13.9,14.02,35.46,1.33,0.3,20004,0,31.09,35.0,0.0,0,3000
1976723,35.48,35.46,33.66,35.3,1,0,13.75,14.0,35.46,1.33,0.3,20004,0,31.1,35.0,0.0,0,3500
1977231,35.48,35.47,33.66,35.3,1,0,13.75,14.03,35.47,1.33,0.3,20004,0,31.1,35.0,0.0,0,4000
1977740,35.5,35.48,33.66,35.3,1,0,13.84,14.03,35.48,1.33,0.3,20004,0,31.1,35.0,0.0,0,4500
1978249,35.5,35.49,33.66,35.3,1,0,13.84,14.03,35.49,1.33,0.3,20004,0,31.1,35.0,0.0,0,5000
1978758,35.5,35.49,33.66,35.3,1,0,13.84,14.03,35.49,1.33,0.3,20004,0,31.1,35.0,0.0,0,5500
1979267,35.55,35.52,33.66,35.3,1,0,14.21,14.07,35.52,1.33,0.3,20004,0,31.12,35.0,0.0,0,6016
1979776,35.56,35.53,33.66,35.3,1,0,13.71,14.07,35.53,1.33,0.3,20004,0,31.12,35.0,0.0,0,6516
1980285,35.56,35.55,33.66,35.3,1,0,13.71,14.07,35.55,1.33,0.3,20004,0,31.12,35.0,0.0,0,7016
1980794,35.55,35.55,33.66,35.3,1,0,14.23,14.07,35.55,1.33,0.3,20004,0,31.1,35.0,0.0,0,7516
1981303,35.57,35.56,33.66,35.3,1,0,13.93,14.05,35.56,1.33,0.3,20004,0,31.09,35.0,0.0,0,8523
1981812,35.57,35.56,33.66,35.3,1,0,13.93,14.05,35.56,1.33,0.3,20004,0,31.09,35.0,0.0,0,9023
1982321,35.57,35.57,33.66,35.3,1,0,13.93,14.05,35.57,1.33,0.3,20004,0,31.09,35.0,0.0,0,9523
1982830,35.62,35.59,33.66,35.3,1,0,14.49,14.1,35.59,1.33,0.3,20004,0,31.12,35.0,0.0,0,10023
1983339,35.62,35.6,33.66,35.3,1,0,14.49,14.1,35.6,1.33,0.3,20004,0,31.12,35.0,0.0,0,10523
1983848,35.65,35.62,33.66,35.3,1,0,13.86,14.1,35.62,1.33,0.3,20004,0,31.1,35.0,0.0,0,11023
1984357,35.65,35.64,33.66,35.3,1,0,13.86,14.1,35.64,1.33,0.3,20004,0,31.1,35.0,0.0,0,11523
1984866,35.68,35.66,33.66,35.3,1,0,13.75,14.16,35.66,1.33,0.3,20004,0,31.16,35.0,0.0,0,12023
1985375,35.68,35.67,33.66,35.3,1,0,13.75,14.16,35.67,1.33,0.3,20004,0,31.16,35.0,0.0,0,12523
1985884,35.65,35.66,33.66,35.3,1,0,13.56,14.11,35.67,1.33,0.3,20004,0,31.12,35.0,0.01,0,13023
1986393,35.66,35.66,33.66,35.3,1,0,13.84,14.14,35.67,1.33,0.3,20004,0,31.14,35.0,0.0,0,13523
1986902,35.71,35.66,33.66,35.3,1,0,13.71,14.14,35.67,1.33,0.3,20004,0,31.12,35.0,0.0,0,14023
1987411,35.71,35.68,33.66,35.3,1,0,13.71,14.14,35.68,1.33,0.3,20004,0,31.12,35.0,0.0,0,14523
1987920,35.71,35.69,33.66,35.3,1,0,13.71,14.14,35.69,1.33,0.3,20004,0,31.12,35.0,0.0,0,15023
1988429,35.73,35.71,33.66,35.3,1,0,13.62,14.17,35.71,1.33,0.3,20004,0,31.14,35.0,0.0,0,15523
1988938,35.73,35.72,33.66,35.3,1,0,13.64,14.16,35.72,1.33,0.3,20004,0,31.13,35.0,0.0,0,16023
1989447,35.73,35.73,33.66,35.3,1,0,13.64,14.16,35.73,1.33,0.3,20004,0,31.13,35.0,0.0,0,16523
1989956,35.79,35.76,33.66,35.3,1,0,13.9,14.18,35.76,1.33,0.3,20004,0,31.12,35.0,0.0,0,17023
1990465,35.79,35.78,33.66,35.3,1,0,13.9,14.18,35.78,1.33,0.3,20004,0,31.12,35.0,0.0,0,17523
1990974,35.78,35.78,33.66,35.3,1,0,13.38,14.19,35.78,1.33,0.3,20004,0,31.14,35.0,0.0,0,18023
1991483,35.78,35.78,33.66,35.3,1,0,13.25,14.19,35.78,1.33,0.3,20004,0,31.13,35.0,0.0,0,18523
1991992,35.78,35.78,33.66,35.3,1,0,13.25,14.18,35.78,1.33,0.3,20004,0,31.13,35.0,0.0,0,19023
1992501,35.79,35.79,33.66,35.3,1,0,13.45,14.19,35.79,1.33,0.3,20004,0,31.13,35.0,0.0,0,19523
1993010,35.79,35.79,33.66,35.3,1,0,13.45,14.19,35.79,1.33,0.3,20004,0,31.13,35.0,0.0,0,20023
1993519,35.83,35.81,33.66,35.3,1,0,13.07,14.23,35.81,1.33,0.3,20004,0,31.16,35.0,0.0,0,20523
1994028,35.83,35.82,33.66,35.3,1,0,13.07,14.23,35.82,1.33,0.3,20004,0,31.16,35.0,0.0,0,21023
1994537,35.84,35.82,33.66,35.3,1,0,13.1,14.23,35.82,1.33,0.3,20004,0,31.13,35.0,0.0,0,21525
1995046,35.84,35.83,33.66,35.3,1,0,13.1,14.21,35.83,1.33,0.3,20004,0,31.13,35.0,0.0,0,22026
1995555,35.87,35.85,33.66,35.3,1,0,12.96,14.26,35.85,1.33,0.3,20004,0,31.17,35.0,0.0,0,22527
1996064,35.87,35.86,33.66,35.3,1,0,12.96,14.26,35.86,1.33,0.3,20004,0,31.17,35.0,0.0,0,23027
1996573,35.95,35.91,33.66,35.3,1,0,12.94,14.27,35.91,1.33,0.3,20004,0,31.14,35.0,0.0,0,23527
1997082,35.95,35.93,33.66,35.3,1,0,12.94,14.27,35.93,1.33,0.3,20004,0,31.14,35.0,0.0,0,24027
1997591,35.95,35.94,33.66,35.3,1,0,12.94,14.27,35.94,1.33,0.3,20004,0,31.14,35.0,0.0,0,24527
1998100,35.97,35.96,33.66,35.3,1,0,13.01,14.27,35.96,1.33,0.3,20004,0,31.14,35.0,0.0,0,25027
1998609,36.03,35.96,33.66,35.3,1,0,13.01,14.27,35.96,1.33,0.3,20004,0,31.16,35.0,0.0,0,25527
1999118,36.03,36.0,33.66,35.3,1,0,13.01,14.31,36.0,1.33,0.3,20004,0,31.16,35.0,0.0,0,26027
1999627,36.03,36.01,33.66,35.3,1,0,13.01,14.31,36.01,1.33,0.3,20004,0,31.16,35.0,0.0,0,26527
2000136,36.0,36.01,33.66,35.3,1,0,12.88,14.3,36.01,1.33,0.3,20004,0,31.16,35.0,0.0,0,27027
2000645,36.07,36.01,33.66,35.3,1,0,12.9,14.3,36.01,1.33,0.3,20004,0,31.14,35.0,0.0,0,27527
2001154,36.07,36.04,33.66,35.3,1,0,12.9,14.32,36.04,1.33,0.3,20004,0,31.14,35.0,0.0,0,28027
2001663,36.07,36.06,33.66,35.3,1,0,12.9,14.32,36.06,1.33,0.3,20004,0,31.16,35.0,0.0,0,28527
2002172,36.1,36.06,33.66,35.3,1,0,12.72,14.33,36.06,1.33,0.3,20004,0,31.17,35.0,0.0,0,29027
2002684,36.1,36.08,33.66,35.3,1,0,12.72,14.36,36.08,1.33,0.3,20004,0,31.17,35.0,0.0,0,29527
2003193,36.1,36.09,33.66,35.3,1,0,12.72,14.36,36.09,1.33,0.3,20004,0,31.17,35.0,0.0,0,30027
2003702,36.1,36.1,33.66,35.3,1,0,12.72,14.36,36.1,1.33,0.3,20004,0,31.17,35.0,0.0,0,30527
2004211,36.09,36.1,33.66,35.3,1,0,12.9,14.36,36.1,1.33,0.3,20004,0,31.18,35.0,0.0,0,31027
2004720,36.09,36.1,33.66,35.3,1,0,12.9,14.36,36.1,1.33,0.3,20004,0,31.18,35.0,0.0,0,31527
2005229,36.09,36.09,33.66,35.3,1,0,12.9,14.36,36.1,1.33,0.3,20004,0,31.18,35.0,0.0,0,32027
2005738,36.1,36.09,33.66,35.3,1,0,12.72,14.36,36.1,1.33,0.3,20004,0,31.16,35.0,0.0,0,32527
2006247,36.15,36.1,33.66,35.3,1,0,12.66,14.34,36.1,1.33,0.3,20004,0,31.14,35.0,0.0,0,33027
2006756,36.15,36.12,33.66,35.3,1,0,12.66,14.35,36.12,1.33,0.3,20004,0,31.14,35.0,0.0,0,33527
2007265,36.16,36.13,33.66,35.3,1,0,12.53,14.35,36.13,1.33,0.3,20004,0,31.14,35.0,0.0,0,34027
2007774,36.16,36.15,33.66,35.3,1,0,12.53,14.36,36.15,1.33,0.3,20004,0,31.14,35.0,0.0,0,34527
2008283,36.17,36.15,33.66,35.3,1,0,12.42,14.36,36.15,1.33,0.3,20004,0,31.16,35.0,0.0,0,35027
2008792,36.17,36.16,33.66,35.3,1,0,12.42,14.37,36.16,1.33,0.3,20004,0,31.16,35.0,0.0,0,35527
2009301,36.19,36.17,33.66,35.3,1,0,12.35,14.37,36.17,1.33,0.3,20004,0,31.14,35.0,0.0,0,36027
2009810,36.19,36.18,33.66,35.3,1,0,12.35,14.37,36.18,1.33,0.3,20004,0,31.14,35.0,0.0,0,36530
2010319,36.25,36.18,33.66,35.3,1,0,12.26,14.37,36.18,1.33,0.3,20004,0,31.17,35.0,0.0,0,37039
2010828,36.23,36.22,33.66,35.3,1,0,12.15,14.4,36.22,1.33,0.3,20004,0,31.16,35.0,0.0,0,38048
2011337,36.23,36.23,33.66,35.3,1,0,12.15,14.4,36.23,1.33,0.3,20004,0,31.16,35.0,0.0,0,38548
2011846,36.26,36.25,33.66,35.3,1,0,12.37,14.41,36.25,1.33,0.3,20004,0,31.16,35.0,0.0,0,39048
2012355,36.23,36.24,33.66,35.3,1,0,12.11,14.4,36.25,1.33,0.3,20004,0,31.16,35.0,0.0,0,39548
2012863,36.24,36.24,33.66,35.3,1,0,12.46,14.44,36.25,1.33,0.3,20004,0,31.2,35.0,0.0,0,40048
2013372,36.25,36.24,33.66,35.3,1,0,12.15,14.41,36.25,1.33,0.3,20004,0,31.16,35.0,0.0,0,40548
2013881,36.28,36.25,33.66,35.3,1,0,12.28,14.41,36.25,1.33,0.3,20004,0,31.17,35.0,0.0,0,41048
2014390,36.28,36.26,33.66,35.3,1,0,12.28,14.43,36.26,1.33,0.3,20004,0,31.17,35.0,0.0,0,41548
2014899,36.28,36.27,33.66,35.3,1,0,11.97,14.42,36.27,1.33,0.3,20004,0,31.16,35.0,0.0,0,42048
2015408,36.31,36.29,33.66,35.3,1,0,12.02,14.45,36.29,1.33,0.3,20004,0,31.17,35.0,0.0,0,42548
2015917,36.32,36.3,33.66,35.3,1,0,12.02,14.45,36.3,1.33,0.3,20004,0,31.18,35.0,0.0,0,43048
2016426,36.32,36.31,33.66,35.3,1,0,12.02,14.46,36.31,1.33,0.3,20004,0,31.18,35.0,0.0,0,43548
2016935,36.32,36.32,33.66,35.3,1,0,12.02,14.46,36.32,1.33,0.3,20004,0,31.18,35.0,0.0,0,44048
2017444,36.29,36.3,33.66,35.3,1,0,11.93,14.42,36.32,1.33,0.3,20004,0,31.16,35.0,0.01,0,44548
2017953,36.29,36.3,33.66,35.3,1,0,11.89,14.44,36.32,1.33,0.3,20004,0,31.17,35.0,0.01,0,45048
2018462,36.29,36.3,33.66,35.3,1,0,11.89,14.44,36.32,1.33,0.3,20004,0,31.17,35.0,0.02,0,45548
2018971,36.35,36.32,33.66,35.3,1,0,11.84,14.46,36.32,1.33,0.3,20004,0,31.17,35.0,0.0,0,46048
2019480,36.35,36.34,33.66,35.3,1,0,11.84,14.46,36.34,1.33,0.3,20004,0,31.17,35.0,0.0,0,46548
2019989,36.35,36.34,33.66,35.3,1,0,11.84,14.46,36.34,1.33,0.3,20004,0,31.17,35.0,0.0,0,47048
2020498,36.31,36.33,33.66,35.3,1,0,11.86,14.43,36.34,1.33,0.3,20004,0,31.16,35.0,0.01,0,47548
2021007,36.32,36.32,33.66,35.3,1,0,11.8,14.46,36.34,1.33,0.3,20004,0,31.18,35.0,0.01,0,48048
2021516,36.32,36.32,33.66,35.3,1,0,11.73,14.46,36.34,1.33,0.3,20004,0,31.17,35.0,0.02,0,48548
2022025,36.32,36.32,33.66,35.3,1,0,11.73,14.45,36.34,1.33,0.3,20004,0,31.17,35.0,0.02,0,49048
2022534,36.37,36.35,33.66,35.3,1,0,11.62,14.48,36.35,1.33,0.3,20004,0,31.18,35.0,0.0,0,49548
2023043,36.37,36.36,33.66,35.3,1,0,11.8,14.48,36.36,1.33,0.3,20004,0,31.17,35.0,0.0,0,50048
2023552,36.37,36.36,33.66,35.3,1,0,11.8,14.47,36.36,1.33,0.3,20004,0,31.17,35.0,0.0,0,50548
2024061,36.37,36.36,33.66,35.3,1,0,11.8,14.47,36.36,1.33,0.3,20004,0,31.17,35.0,0.0,0,51048
2024570,36.37,36.37,33.66,35.3,1,0,11.71,14.48,36.37,1.33,0.3,20004,0,31.18,35.0,0.0,0,51548
2025079,36.37,36.37,33.66,35.3,1,0,11.71,14.48,36.37,1.33,0.3,20004,0,31.18,35.0,0.0,0,52048
2025588,36.35,36.36,33.66,35.3,1,0,11.67,14.48,36.37,1.33,0.3,20004,0,31.18,35.0,0.0,0,52548
2026097,36.33,36.36,33.66,35.3,1,0,11.53,14.48,36.37,1.33,0.3,20004,0,31.16,35.0,0.01,0,53048
2026606,36.33,36.35,33.66,35.3,1,0,11.53,14.44,36.37,1.33,0.3,20004,0,31.16,35.0,0.02,0,53548
2027115,36.33,36.34,33.66,35.3,1,0,11.53,14.44,36.37,1.33,0.3,20004,0,31.16,35.0,0.02,0,54048
2027624,36.41,36.38,33.66,35.3,1,0,11.6,14.5,36.38,1.33,0.3,20004,0,31.18,35.0,0.0,0,54548
2028133,36.38,36.38,33.66,35.3,1,0,11.47,14.48,36.38,1.33,0.3,20004,0,31.17,35.0,0.0,0,55048
2028642,36.38,36.38,33.66,35.3,1,0,11.47,14.48,36.38,1.33,0.3,20004,0,31.17,35.0,0.0,0,55548
2029151,36.38,36.38,33.66,35.3,1,0,11.47,14.48,36.38,1.33,0.3,20004,0,31.17,35.0,0.0,0,56048
2029660,36.38,36.38,33.66,35.3,1,0,11.47,14.48,36.38,1.33,0.3,20004,0,31.2,35.0,0.0,0,56548
2030169,36.38,36.38,33.66,35.3,1,0,11.47,14.5,36.38,1.33,0.3,20004,0,31.2,35.0,0.0,0,57048
2030689,36.38,36.38,33.66,35.3,1,0,11.64,14.5,36.38,1.33,0.3,20004,0,31.17,35.0,0.0,0,57548
2031198,36.38,36.38,33.66,35.3,1,0,11.64,14.48,36.38,1.33,0.3,20004,0,31.17,35.0,0.0,0,58048
2031707,36.37,36.38,33.66,35.3,1,0,11.29,14.48,36.38,1.33,0.3,20004,0,31.18,35.0,0.0,0,58548
2032216,36.43,36.38,33.66,35.3,1,0,11.29,14.48,36.38,1.33,0.3,20004,0,31.18,35.0,0.0,0,59048
2032725,36.43,36.4,33.66,35.3,1,0,11.29,14.51,36.4,1.33,0.3,20004,0,31.18,35.0,0.0,0,59548
2033234,36.38,36.41,33.66,35.3,1,0,11.29,14.51,36.41,1.33,0.3,20004,0,31.2,35.0,0.0,0,60048
2033743,36.38,36.4,33.66,35.3,1,0,11.29,14.5,36.41,1.33,0.3,20004,0,31.2,35.0,0.01,0,60548
2034252,36.37,36.39,33.66,35.3,1,0,11.38,14.5,36.41,1.33,0.3,20004,0,31.18,35.0,0.02,0,61048
2034760,36.37,36.38,33.66,35.3,1,0,11.07,14.48,36.41,1.33,0.3,20004,0,31.18,35.0,0.03,0,61548
2035269,36.37,36.38,33.66,35.3,1,0,11.07,14.48,36.41,1.33,0.3,20004,0,31.18,35.0,0.03,0,62048
2035778,36.38,36.37,33.66,35.3,1,0,11.2,14.48,36.41,1.33,0.3,20004,0,31.2,35.0,0.04,0,62548
2036287,36.38,36.38,33.66,35.3,1,0,11.2,14.5,36.41,1.33,0.3,20004,0,31.2,35.0,0.03,0,63048
2036796,36.37,36.38,33.66,35.3,1,0,11.36,14.5,36.41,1.33,0.3,20004,0,31.17,35.0,0.03,0,63548
2037305,36.37,36.37,33.66,35.3,1,0,11.36,14.47,36.41,1.33,0.3,20004,0,31.17,35.0,0.03,0,64048
2037814,36.37,36.37,33.66,35.3,1,0,10.84,14.47,36.41,1.33,0.3,20004,0,31.21,35.0,0.04,0,64548
2038323,36.35,36.37,33.66,35.3,1,0,10.89,14.51,36.41,1.33,0.3,20004,0,31.18,35.0,0.04,0,65048
2038832,36.35,36.36,33.66,35.3,1,0,10.89,14.48,36.41,1.33,0.3,20004,0,31.18,35.0,0.05,0,65556
2039341,36.35,36.36,33.66,35.3,1,0,10.89,14.48,36.41,1.33,0.3,20004,0,31.18,35.0,0.05,0,66061
2039850,36.41,36.38,33.66,35.3,1,0,11.02,14.51,36.41,1.33,0.3,20004,0,31.2,35.0,0.03,0,67070
2040359,36.34,36.36,33.66,35.3,1,0,11.11,14.48,36.41,1.33,0.3,20004,0,31.2,35.0,0.05,0,67570
2040868,36.34,36.35,33.66,35.3,1,0,11.11,14.48,36.41,1.33,0.3,20004,0,31.2,35.0,0.06,0,68070
2041377,36.37,36.36,33.66,35.3,1,0,10.98,14.48,36.41,1.33,0.3,20004,0,31.18,35.0,0.05,0,68570
2041886,36.37,36.36,33.66,35.3,1,0,10.98,14.48,36.41,1.33,0.3,20004,0,31.18,35.0,0.04,0,69070
2042395,36.36,36.36,33.66,35.3,1,0,10.82,14.5,36.41,1.33,0.3,20004,0,31.21,35.0,0.05,0,69570
2042904,36.36,36.36,33.66,35.3,1,0,10.82,14.5,36.41,1.33,0.3,20004,0,31.21,35.0,0.05,0,70070
2043413,36.35,36.36,33.66,35.3,1,0,10.98,14.48,36.41,1.33,0.3,20004,0,31.18,35.0,0.05,0,70570
2043922,36.35,36.35,33.66,35.3,1,0,10.98,14.48,36.41,1.33,0.3,20004,0,31.18,35.0,0.05,0,71070
2044431,36.34,36.35,33.66,35.3,1,0,10.84,14.48,36.41,1.33,0.3,20004,0,31.2,35.0,0.06,0,71570
2044940,36.35,36.34,33.66,35.3,1,0,11.09,14.48,36.41,1.33,0.3,20004,0,31.18,35.0,0.07,0,72070
2045449,36.35,36.35,33.66,35.3,1,0,11.09,14.48,36.41,1.33,0.3,20004,0,31.18,35.0,0.06,0,72570
2045958,36.35,36.35,33.66,35.3,1,0,11.09,14.48,36.41,1.33,0.3,20004,0,31.18,35.0,0.06,0,73070
2046467,36.35,36.35,33.66,35.3,1,0,11.09,14.48,36.41,1.33,0.3,20004,0,31.18,35.0,0.06,0,73570
2046976,36.36,36.35,33.66,35.3,1,0,10.82,14.48,36.41,1.33,0.3,20004,0,31.21,35.0,0.06,0,74070
2047485,36.36,36.35,33.66,35.3,1,0,10.82,14.5,36.41,1.33,0.3,20004,0,31.21,35.0,0.05,0,74570
2047994,36.36,36.35,33.66,35.3,1,0,10.69,14.5,36.41,1.33,0.3,20004,0,31.21,35.0,0.05,0,75070
2048503,36.33,36.34,33.66,35.3,1,0,10.91,14.48,36.41,1.33,0.3,20004,0,31.2,35.0,0.07,0,75570
2049012,36.33,36.33,33.66,35.3,1,0,10.91,14.48,36.41,1.33,0.3,20004,0,31.2,35.0,0.08,0,76070
2049521,36.33,36.33,33.66,35.3,1,0,10.91,14.48,36.41,1.33,0.3,20004,0,31.2,35.0,0.08,0,76570
2050032,36.33,36.33,33.66,35.3,1,0,10.91,14.48,36.41,1.33,0.3,20004,0,31.2,35.0,0.08,0,77070
2050542,36.34,36.33,33.66,35.3,1,0,10.6,14.48,36.41,1.33,0.3,20004,0,31.2,35.0,0.08,0,77570
2051051,36.34,36.33,33.66,35.3,1,0,10.6,14.48,36.41,1.33,0.3,20004,0,31.2,35.0,0.08,0,78070
2051560,36.34,36.34,33.66,35.3,1,0,10.6,14.48,36.41,1.33,0.3,20004,0,31.2,35.0,0.07,0,78570
2052069,36.3,36.32,33.66,35.3,1,0,10.89,14.46,36.41,1.33,0.3,20004,0,31.2,35.0,0.09,0,79070
2052580,36.3,36.31,33.66,35.3,1,0,10.89,14.46,36.41,1.33,0.3,20004,0,31.2,35.0,0.1,0,79570
2053090,36.33,36.32,33.66,35.3,1,0,10.62,14.49,36.41,1.33,0.3,20004,0,31.21,35.0,0.09,0,80070
2053599,36.33,36.32,33.66,35.3,1,0,10.62,14.49,36.41,1.33,0.3,20004,0,31.21,35.0,0.09,0,80570
2054108,36.26,36.29,33.66,35.3,1,0,10.67,14.46,36.41,1.33,0.3,20004,0,31.21,35.0,0.12,0,81070
2054617,36.26,36.27,33.66,35.3,1,0,10.67,14.46,36.41,1.33,0.3,20004,0,31.21,35.0,0.14,0,81570
2055126,36.26,36.26,33.66,35.3,1,1,10.4,14.46,36.41,1.33,0.3,20004,1,31.21,35.0,0.15,1,82070
2055635,36.26,36.26,33.66,35.3,1,1,10.4,14.46,36.41,1.33,0.3,20004,1,31.21,35.0,0.15,1,82570
2056144,36.28,36.27,33.66,35.3,1,1,10.47,14.46,36.41,1.33,0.3,20004,1,31.2,35.0,0.14,1,83070
2056653,36.28,36.28,33.66,35.3,1,1,10.47,14.46,36.41,1.33,0.3,20004,1,31.2,35.0,0.13,1,83570
2057162,36.3,36.28,33.66,35.3,1,1,10.87,14.46,36.41,1.33,0.3,20004,1,31.2,35.0,0.13,1,84070
2057671,36.3,36.29,33.66,35.3,1,1,10.87,14.46,36.41,1.33,0.3,20004,1,31.2,35.0,0.12,1,84570
2058180,36.34,36.31,33.66,35.3,1,1,11.09,14.5,36.41,1.33,0.3,20004,1,31.21,35.0,0.09,1,85070
2058689,36.27,36.33,33.66,35.3,1,1,11.36,14.5,36.41,1.33,0.3,20004,1,31.21,35.0,0.08,1,85570
2059198,36.21,36.3,33.66,35.3,1,1,11.6,14.46,36.41,1.33,0.3,20004,1,31.2,35.0,0.11,1,86070
2059707,36.21,36.25,33.66,35.3,1,1,11.6,14.43,36.41,1.33,0.3,20004,1,31.2,35.0,0.15,1,86570
2060216,36.21,36.23,33.66,35.3,1,1,11.6,14.43,36.41,1.33,0.3,20004,1,31.2,35.0,0.18,1,87070
2060725,35.73,36.22,33.66,35.3,1,1,11.95,14.43,36.41,1.33,0.3,20004,1,31.18,35.0,0.19,1,87570
2061234,35.52,35.97,33.66,35.3,1,1,12.2,14.21,36.41,1.33,0.3,20004,1,31.17,35.0,0.44,1,88070
2061743,35.39,35.75,33.66,35.3,1,0,12.15,14.11,36.41,1.33,0.3,20004,1,31.16,35.0,0.66,1,88570
2062252,35.39,35.57,33.66,35.3,1,0,12.15,14.03,36.41,1.33,0.3,20004,1,31.16,35.0,0.84,1,89070
2062761,35.14,35.48,33.66,35.3,1,0,12.33,14.03,36.41,1.33,0.3,20004,1,31.16,35.0,0.93,1,89570
2063270,34.99,35.31,33.66,35.3,1,0,12.2,13.93,36.41,1.33,0.3,20004,1,31.13,35.0,1.1,1,90070
2063780,34.99,35.15,33.66,35.3,0,0,12.2,13.84,36.41,1.33,0.3,90570,0,31.13,35.0,1.26,1,0
2064289,34.93,35.07,33.65,35.3,0,0,11.91,13.84,35.07,1.34,0.3,90570,0,31.12,35.0,0.0,1,500
2064798,34.93,35.0,33.65,35.3,0,0,11.91,13.8,35.0,1.34,0.3,90570,0,31.12,35.0,0.0,1,1000
2065307,34.77,34.97,33.65,35.3,0,0,11.71,13.8,34.97,1.34,0.3,90570,0,31.1,35.0,0.0,1,1500
2065816,34.77,34.87,33.65,35.3,0,0,11.71,13.71,34.87,1.34,0.3,90570,0,31.1,35.0,0.0,1,2000
2066325,34.71,34.82,33.65,35.3,0,0,11.58,13.71,34.82,1.34,0.3,90570,0,31.07,35.0,0.0,1,2500
2066834,34.71,34.76,33.65,35.3,0,0,11.58,13.66,34.76,1.34,0.3,90570,0,31.07,35.0,0.0,1,3000
2067343,34.71,34.74,33.65,35.3,0,0,11.58,13.66,34.74,1.34,0.3,90570,0,31.07,35.0,0.0,1,3500
2067852,34.71,34.72,33.65,35.3,0,0,11.58,13.66,34.72,1.34,0.3,90570,0,31.07,35.0,0.0,1,4502
2068361,34.68,34.7,33.65,35.3,0,0,11.29,13.66,34.7,1.34,0.3,90570,0,31.09,35.0,0.0,1,5002
2068870,34.68,34.69,33.65,35.3,0,0,11.29,13.66,34.69,1.34,0.3,90570,0,31.09,35.0,0.0,1,5502
2069379,34.67,34.68,33.65,35.3,0,0,11.44,13.65,34.68,1.34,0.3,90570,0,31.07,35.0,0.0,1,6002
2069888,34.67,34.67,33.65,35.3,0,0,11.44,13.65,34.67,1.34,0.3,90570,0,31.07,35.0,0.0,1,6503
2070397,34.71,34.69,33.65,35.3,0,0,11.36,13.66,34.67,1.34,0.3,90570,0,31.07,35.0,0.01,1,7003
2070906,34.69,34.69,33.65,35.3,0,0,11.51,13.65,34.67,1.34,0.3,90570,0,31.06,35.0,0.02,1,7505
2071415,34.77,34.73,33.65,35.3,0,0,11.56,13.7,34.67,1.34,0.3,90570,0,31.09,35.0,0.05,1,8006
2071924,34.77,34.75,33.65,35.3,0,0,11.56,13.7,34.67,1.34,0.3,90570,0,31.09,35.0,0.07,1,8506
2072433,34.77,34.76,33.65,35.3,0,0,11.56,13.7,34.67,1.34,0.3,90570,0,31.09,35.0,0.08,1,9006
2072942,34.77,34.76,33.65,35.3,0,0,11.56,13.7,34.67,1.34,0.3,90570,0,31.09,35.0,0.09,1,9506
2073451,34.8,34.78,33.65,35.3,0,0,11.71,13.7,34.67,1.34,0.3,90570,0,31.07,35.0,0.1,1,10006
2073960,34.8,34.79,33.65,35.3,0,0,11.71,13.7,34.67,1.34,0.3,90570,0,31.07,35.0,0.11,1,10506
2074469,34.8,34.79,33.65,35.3,0,0,11.89,13.74,34.67,1.34,0.3,90570,0,31.12,35.0,0.12,1,11006
2074978,34.87,34.83,33.65,35.3,0,0,11.82,13.75,34.67,1.34,0.3,90570,1,31.09,35.0,0.16,1,11506
2075487,34.84,34.85,33.65,35.3,0,0,11.84,13.75,34.67,1.34,0.3,90570,1,31.06,35.0,0.18,1,12006
2075996,34.84,34.85,33.65,35.3,0,0,11.84,13.71,34.67,1.34,0.3,90570,1,31.06,35.0,0.17,1,12506
2076505,34.84,34.84,33.65,35.3,0,0,11.84,13.71,34.67,1.34,0.3,90570,1,31.06,35.0,0.17,1,13006
2077014,34.84,34.84,33.65,35.3,0,0,11.84,13.71,34.67,1.34,0.3,90570,1,31.06,35.0,0.16,1,13506
2077523,34.85,34.84,33.65,35.3,0,0,12.15,13.75,34.67,1.34,0.3,90570,1,31.1,35.0,0.17,1,14006
2078032,34.85,34.84,33.65,35.3,0,0,12.15,13.75,34.67,1.34,0.3,90570,1,31.1,35.0,0.17,1,14506
2078541,34.94,34.84,33.65,35.3,0,0,12.31,13.75,34.67,1.34,0.3,90570,1,31.07,35.0,0.17,1,15006
2079050,34.94,34.89,33.65,35.3,0,0,12.31,13.77,34.67,1.34,0.3,90570,1,31.07,35.0,0.22,1,15506
2079559,34.93,34.91,33.65,35.3,0,0,12.2,13.76,34.67,1.34,0.3,90570,1,31.07,35.0,0.23,1,16006
2080068,34.93,34.92,33.65,35.3,0,0,12.2,13.76,34.67,1.34,0.3,90570,1,31.07,35.0,0.24,1,16506
2080577,34.96,34.92,33.65,35.3,0,0,12.77,13.76,34.67,1.34,0.3,90570,1,31.09,35.0,0.25,1,17006
2081086,34.97,34.94,33.65,35.3,0,0,12.66,13.79,34.67,1.34,0.3,90570,1,31.07,35.0,0.26,1,17506
2081595,34.97,34.96,33.65,35.3,0,0,12.66,13.78,34.67,1.34,0.3,90570,1,31.07,35.0,0.28,1,18006
2082104,35.03,34.97,33.65,35.3,0,0,12.92,13.78,34.67,1.34,0.3,90570,1,31.09,35.0,0.29,1,18506
2082613,35.03,35.0,33.65,35.3,0,0,12.92,13.82,34.67,1.34,0.3,90570,1,31.09,35.0,0.32,1,19006
2083122,35.03,35.01,33.65,35.3,0,0,12.92,13.82,34.67,1.34,0.3,90570,1,31.09,35.0,0.34,1,19506
2083631,35.09,35.05,33.65,35.3,1,0,13.29,13.84,34.67,1.34,0.3,20007,0,31.09,35.0,0.37,0,0
2084140,35.12,35.07,33.65,35.3,1,0,13.29,13.84,35.07,1.34,0.3,20007,0,31.1,35.0,0.0,0,500
2084648,35.12,35.1,33.65,35.3,1,0,13.29,13.87,35.1,1.34,0.3,20007,0,31.1,35.0,0.0,0,1000
2085157,35.15,35.12,33.65,35.3,1,0,13.42,13.9,35.12,1.34,0.3,20007,0,31.12,35.0,0.0,0,1500
2085666,35.15,35.14,33.65,35.3,1,0,13.42,13.9,35.14,1.34,0.3,20007,0,31.12,35.0,0.0,0,2000
2086175,35.18,35.16,33.65,35.3,1,0,13.49,13.93,35.16,1.34,0.3,20007,0,31.14,35.0,0.0,0,2500
2086684,35.18,35.17,33.65,35.3,1,0,13.49,13.93,35.17,1.34,0.3,20007,0,31.14,35.0,0.0,0,3000
2087193,35.21,35.19,33.65,35.3,1,0,13.51,13.92,35.19,1.34,0.3,20007,0,31.12,35.0,0.0,0,3500
2087702,35.21,35.2,33.65,35.3,1,0,13.69,13.92,35.2,1.34,0.3,20007,0,31.12,35.0,0.0,0,4000
2088210,35.24,35.2,33.65,35.3,1,0,13.66,13.92,35.2,1.34,0.3,20007,0,31.13,35.0,0.0,0,4500
2088719,35.21,35.22,33.65,35.3,1,0,13.73,13.95,35.22,1.34,0.3,20007,0,31.12,35.0,0.0,0,5000
2089228,35.21,35.21,33.65,35.3,1,0,13.73,13.92,35.22,1.34,0.3,20007,0,31.12,35.0,0.0,0,5500
2089737,35.21,35.21,33.65,35.3,1,0,13.73,13.92,35.22,1.34,0.3,20007,0,31.12,35.0,0.0,0,6000
2090246,35.25,35.21,33.65,35.3,1,0,13.66,13.92,35.22,1.34,0.3,20007,0,31.12,35.0,0.01,0,6500
2090755,35.25,35.23,33.65,35.3,1,0,13.66,13.94,35.23,1.34,0.3,20007,0,31.12,35.0,0.0,0,7000
2091264,35.24,35.24,33.65,35.3,1,0,13.8,13.94,35.24,1.34,0.3,20007,0,31.13,35.0,0.0,0,7500
2091773,35.24,35.24,33.65,35.3,1,0,13.8,13.95,35.24,1.34,0.3,20007,0,31.13,35.0,0.0,0,8000
2092282,35.33,35.24,33.65,35.3,1,0,13.45,13.95,35.24,1.34,0.3,20007,0,31.13,35.0,0.0,0,8503
2092791,35.33,35.28,33.65,35.3,1,0,13.45,13.99,35.28,1.34,0.3,20007,0,31.13,35.0,0.0,0,9004
2093300,35.34,35.31,33.65,35.3,1,0,13.66,13.99,35.31,1.34,0.3,20007,0,31.12,35.0,0.0,0,9504
2093809,35.34,35.32,33.65,35.3,1,0,13.66,13.98,35.32,1.34,0.3,20007,0,31.12,35.0,0.0,0,10004
2094318,35.34,35.33,33.65,35.3,1,0,13.66,13.98,35.33,1.34,0.3,20007,0,31.12,35.0,0.0,0,10504
2094827,35.41,35.34,33.65,35.3,1,0,13.62,13.98,35.34,1.34,0.3,20007,0,31.12,35.0,0.0,0,11004
2095336,35.37,35.38,33.65,35.3,1,0,13.69,14.01,35.38,1.34,0.3,20007,0,31.12,35.0,0.0,0,11504
2095845,35.44,35.37,33.65,35.3,1,0,13.6,13.99,35.38,1.34,0.3,20007,0,31.13,35.0,0.0,0,12004
2096354,35.44,35.41,33.65,35.3,1,0,13.6,14.04,35.41,1.34,0.3,20007,0,31.13,35.0,0.0,0,12504
2096863,35.46,35.43,33.65,35.3,1,0,13.71,14.04,35.43,1.34,0.3,20007,0,31.13,35.0,0.0,0,13006
2097372,35.41,35.43,33.65,35.3,1,0,13.47,14.02,35.44,1.34,0.3,20007,0,31.13,35.0,0.01,0,14015
2097881,35.41,35.42,33.65,35.3,1,0,13.47,14.02,35.44,1.34,0.3,20007,0,31.13,35.0,0.02,0,14515
2098390,35.45,35.43,33.65,35.3,1,0,13.58,14.06,35.44,1.34,0.3,20007,0,31.16,35.0,0.0,0,15015
2098899,35.45,35.44,33.65,35.3,1,0,13.58,14.06,35.44,1.34,0.3,20007,0,31.16,35.0,0.0,0,15515
2099408,35.46,35.45,33.65,35.3,1,0,13.34,14.05,35.45,1.34,0.3,20007,0,31.14,35.0,0.0,0,16015
2099917,35.49,35.47,33.65,35.3,1,0,13.51,14.08,35.47,1.34,0.3,20007,0,31.16,35.0,0.0,0,16515
2100426,35.49,35.48,33.65,35.3,1,0,13.51,14.08,35.48,1.34,0.3,20007,0,31.16,35.0,0.0,0,17015
2100935,35.55,35.52,33.65,35.3,1,0,12.68,14.11,35.52,1.34,0.3,20007,0,31.16,35.0,0.0,0,17515
2101444,35.51,35.51,33.65,35.3,1,0,13.31,14.1,35.52,1.34,0.3,20007,0,31.17,35.0,0.0,0,18015
2101953,35.51,35.51,33.65,35.3,1,0,13.31,14.1,35.52,1.34,0.3,20007,0,31.17,35.0,0.0,0,18515
2102462,35.58,35.54,33.65,35.3,1,0,13.4,14.12,35.54,1.34,0.3,20007,0,31.16,35.0,0.0,0,19015
2102971,35.58,35.56,33.65,35.3,1,0,13.4,14.12,35.56,1.34,0.3,20007,0,31.16,35.0,0.0,0,19515
2103480,35.62,35.59,33.65,35.3,1,0,13.21,14.14,35.59,1.34,0.3,20007,0,31.16,35.0,0.0,0,20015
2103989,35.58,35.58,33.65,35.3,1,0,13.1,14.11,35.59,1.34,0.3,20007,0,31.14,35.0,0.0,0,20515
2104498,35.58,35.58,33.65,35.3,1,0,13.1,14.11,35.59,1.34,0.3,20007,0,31.14,35.0,0.0,0,21015
2105007,35.64,35.61,33.65,35.3,1,0,13.12,14.16,35.61,1.34,0.3,20007,0,31.17,35.0,0.0,0,21515
2105516,35.62,35.62,33.65,35.3,1,0,12.83,14.16,35.62,1.34,0.3,20007,0,31.16,35.0,0.0,0,22015
2106025,35.62,35.62,33.65,35.3,1,0,12.83,14.14,35.62,1.34,0.3,20007,0,31.16,35.0,0.0,0,22515
2106534,35.67,35.64,33.65,35.3,1,0,12.94,14.16,35.64,1.34,0.3,20007,0,31.16,35.0,0.0,0,23015
2107043,35.71,35.65,33.65,35.3,1,0,13.01,14.16,35.65,1.34,0.3,20007,0,31.16,35.0,0.0,0,23515
2107552,35.71,35.68,33.65,35.3,1,0,13.01,14.17,35.68,1.34,0.3,20007,0,31.16,35.0,0.0,0,24015
2108061,35.77,35.72,33.65,35.3,1,0,12.96,14.19,35.72,1.34,0.3,20007,0,31.14,35.0,0.0,0,24515
2108570,35.77,35.75,33.65,35.3,1,0,12.96,14.19,35.75,1.34,0.3,20007,0,31.14,35.0,0.0,0,25015
2109079,35.77,35.76,33.65,35.3,1,0,12.96,14.19,35.76,1.34,0.3,20007,0,31.14,35.0,0.0,0,25516
2109588,35.77,35.76,33.65,35.3,1,0,12.85,14.23,35.76,1.34,0.3,20007,0,31.18,35.0,0.0,0,26017
2110097,35.77,35.77,33.65,35.3,1,0,12.85,14.23,35.77,1.34,0.3,20007,0,31.18,35.0,0.0,0,26517
2110606,35.77,35.77,33.65,35.3,1,0,12.81,14.2,35.77,1.34,0.3,20007,0,31.16,35.0,0.0,0,27017
2111115,35.77,35.77,33.65,35.3,1,0,12.81,14.2,35.77,1.34,0.3,20007,0,31.16,35.0,0.0,0,27517
2111624,35.77,35.77,33.65,35.3,1,0,12.81,14.2,35.77,1.34,0.3,20007,0,31.16,35.0,0.0,0,28017
2112133,35.84,35.8,33.65,35.3,1,0,12.72,14.25,35.8,1.34,0.3,20007,0,31.17,35.0,0.0,0,28517
2112642,35.86,35.82,33.65,35.3,1,0,12.75,14.25,35.82,1.34,0.3,20007,0,31.17,35.0,0.0,0,29017
2113151,35.83,35.84,33.65,35.3,1,0,12.55,14.25,35.84,1.34,0.3,20007,0,31.18,35.0,0.0,0,29517
2113660,35.83,35.83,33.65,35.3,1,0,12.55,14.25,35.84,1.34,0.3,20007,0,31.18,35.0,0.0,0,30017
2114169,35.83,35.83,33.65,35.3,1,0,12.55,14.25,35.84,1.34,0.3,20007,0,31.18,35.0,0.0,0,30517
2114678,35.83,35.83,33.65,35.3,1,0,12.55,14.25,35.84,1.34,0.3,20007,0,31.18,35.0,0.0,0,31018
2115187,35.9,35.87,33.65,35.3,1,0,12.59,14.26,35.87,1.34,0.3,20007,0,31.16,35.0,0.0,0,31520
2115696,35.9,35.88,33.65,35.3,1,0,12.64,14.26,35.88,1.34,0.3,20007,0,31.2,35.0,0.0,0,32020
2116205,35.9,35.89,33.65,35.3,1,0,12.64,14.3,35.89,1.34,0.3,20007,0,31.2,35.0,0.0,0,32520
2116714,35.9,35.9,33.65,35.3,1,0,12.64,14.3,35.9,1.34,0.3,20007,0,31.2,35.0,0.0,0,33020
2117227,35.9,35.9,33.65,35.3,1,0,12.48,14.3,35.9,1.34,0.3,20007,0,31.18,35.0,0.0,0,33520
2117736,35.9,35.9,33.65,35.3,1,0,12.48,14.28,35.9,1.34,0.3,20007,0,31.18,35.0,0.0,0,34020
2118245,35.92,35.91,33.65,35.3,1,0,12.5,14.29,35.91,1.34,0.3,20007,0,31.18,35.0,0.0,0,34520
2118754,35.99,35.91,33.65,35.3,1,0,12.02,14.29,35.91,1.34,0.3,20007,0,31.18,35.0,0.0,0,35020
2119263,35.99,35.95,33.65,35.3,1,0,12.02,14.32,35.95,1.34,0.3,20007,0,31.18,35.0,0.0,0,35520
2119772,35.97,35.97,33.65,35.3,1,0,12.35,14.32,35.97,1.34,0.3,20007,0,31.18,35.0,0.0,0,36020
2120281,35.97,35.97,33.65,35.3,1,0,12.35,14.31,35.97,1.34,0.3,20007,0,31.18,35.0,0.0,0,36520
2120790,35.96,35.97,33.65,35.3,1,0,12.39,14.31,35.97,1.34,0.3,20007,0,31.17,35.0,0.0,0,37020
2121299,35.97,35.96,33.65,35.3,1,0,12.33,14.3,35.97,1.34,0.3,20007,0,31.18,35.0,0.0,0,37520
2121808,35.97,35.97,33.65,35.3,1,0,12.33,14.31,35.97,1.34,0.3,20007,0,31.18,35.0,0.0,0,38020
2122317,35.99,35.97,33.65,35.3,1,0,12.22,14.31,35.97,1.34,0.3,20007,0,31.2,35.0,0.0,0,38520
2122826,35.99,35.98,33.65,35.3,1,0,12.22,14.33,35.98,1.34,0.3,20007,0,31.2,35.0,0.0,0,39020
2123335,36.03,35.98,33.65,35.3,1,0,12.09,14.33,35.98,1.34,0.3,20007,0,31.17,35.0,0.0,0,39520
2123844,36.03,36.01,33.65,35.3,1,0,12.09,14.33,36.01,1.34,0.3,20007,0,31.17,35.0,0.0,0,40021
2124353,36.02,36.01,33.65,35.3,1,0,12.06,14.33,36.01,1.34,0.3,20007,0,31.18,35.0,0.0,0,40522
2124862,36.03,36.02,33.65,35.3,1,0,12.13,14.33,36.02,1.34,0.3,20007,0,31.18,35.0,0.0,0,41022
2125370,36.03,36.02,33.65,35.3,1,0,12.13,14.34,36.02,1.34,0.3,20007,0,31.18,35.0,0.0,0,41522
2125879,36.08,36.05,33.65,35.3,1,0,11.97,14.37,36.05,1.34,0.3,20007,0,31.2,35.0,0.0,0,42522
2126388,36.08,36.06,33.65,35.3,1,0,11.84,14.36,36.06,1.34,0.3,20007,0,31.18,35.0,0.0,0,43022
2126897,36.08,36.07,33.65,35.3,1,0,11.84,14.36,36.07,1.34,0.3,20007,0,31.18,35.0,0.0,0,43522
2127406,36.08,36.07,33.65,35.3,1,0,12.06,14.37,36.07,1.34,0.3,20007,0,31.2,35.0,0.0,0,44022
2127915,36.08,36.08,33.65,35.3,1,0,12.06,14.37,36.08,1.34,0.3,20007,0,31.2,35.0,0.0,0,44522
2128424,36.08,36.08,33.65,35.3,1,0,11.49,14.38,36.08,1.34,0.3,20007,0,31.21,35.0,0.0,0,45022
2128933,36.08,36.08,33.65,35.3,1,0,11.49,14.38,36.08,1.34,0.3,20007,0,31.21,35.0,0.0,0,45522
2129442,36.14,36.11,33.65,35.3,1,0,11.71,14.41,36.11,1.34,0.3,20007,0,31.21,35.0,0.0,0,46022
2129951,36.11,36.11,33.65,35.3,1,0,12.53,14.38,36.11,1.34,0.3,20007,0,31.2,35.0,0.0,0,46522
2130460,36.12,36.11,33.65,35.3,1,0,11.53,14.38,36.11,1.34,0.3,20007,0,31.18,35.0,0.0,0,47022
2130969,36.1,36.11,33.65,35.3,1,0,11.27,14.37,36.11,1.34,0.3,20007,0,31.18,35.0,0.0,0,47522
2131478,36.1,36.11,33.65,35.3,1,0,11.27,14.37,36.11,1.34,0.3,20007,0,31.18,35.0,0.0,0,48022
2131988,36.1,36.11,33.65,35.3,1,0,11.27,14.37,36.11,1.34,0.3,20007,0,31.18,35.0,0.0,0,48522
2132498,36.1,36.1,33.65,35.3,1,0,11.27,14.37,36.11,1.34,0.3,20007,0,31.18,35.0,0.0,0,49022
2133007,36.12,36.11,33.65,35.3,1,0,11.69,14.38,36.11,1.34,0.3,20007,0,31.18,35.0,0.0,0,49522
2133516,36.12,36.12,33.65,35.3,1,0,11.69,14.38,36.12,1.34,0.3,20007,0,31.18,35.0,0.0,0,50022
2134025,36.12,36.12,33.65,35.3,1,0,10.82,14.39,36.12,1.34,0.3,20007,0,31.2,35.0,0.0,0,50522
2134534,36.11,36.12,33.65,35.3,1,0,11.56,14.39,36.12,1.34,0.3,20007,0,31.23,35.0,0.0,0,51022
2135043,36.11,36.11,33.65,35.3,1,0,11.56,14.41,36.12,1.34,0.3,20007,0,31.23,35.0,0.0,0,51522
2135552,36.14,36.11,33.65,35.3,1,0,11.53,14.41,36.12,1.34,0.3,20007,0,31.2,35.0,0.0,0,52022
2136061,36.14,36.12,33.65,35.3,1,0,11.53,14.4,36.12,1.34,0.3,20007,0,31.2,35.0,0.0,0,52522
2136570,36.15,36.14,33.65,35.3,1,0,11.6,14.41,36.14,1.34,0.3,20007,0,31.21,35.0,0.0,0,53022
2137079,36.18,36.14,33.65,35.3,1,0,11.44,14.41,36.14,1.34,0.3,20007,0,31.2,35.0,0.0,0,53522
2137588,36.18,36.16,33.65,35.3,1,0,11.44,14.41,36.16,1.34,0.3,20007,0,31.2,35.0,0.0,0,54022
2138097,36.14,36.17,33.65,35.3,1,0,11.38,14.41,36.17,1.34,0.3,20007,0,31.2,35.0,0.0,0,54522
2138606,36.15,36.15,33.65,35.3,1,0,11.29,14.4,36.17,1.34,0.3,20007,0,31.17,35.0,0.01,0,55022
2139115,36.15,36.15,33.65,35.3,1,0,11.29,14.38,36.17,1.34,0.3,20007,0,31.17,35.0,0.01,0,55522
2139624,36.08,36.15,33.65,35.3,1,0,11.51,14.38,36.17,1.34,0.3,20007,0,31.2,35.0,0.01,0,56022
2140133,36.08,36.11,33.65,35.3,1,0,11.51,14.37,36.17,1.34,0.3,20007,0,31.2,35.0,0.05,0,56522
2140642,36.08,36.1,33.65,35.3,1,0,11.51,14.37,36.17,1.34,0.3,20007,0,31.2,35.0,0.07,0,57022
2141151,36.08,36.09,33.65,35.3,1,0,11.51,14.37,36.17,1.34,0.3,20007,0,31.2,35.0,0.08,0,57522
2141660,36.08,36.08,33.65,35.3,1,0,11.51,14.37,36.17,1.34,0.3,20007,0,31.2,35.0,0.08,0,58022
2142169,36.14,36.11,33.65,35.3,1,0,11.2,14.4,36.17,1.34,0.3,20007,0,31.2,35.0,0.06,0,58522
2142678,36.14,36.12,33.65,35.3,1,0,11.2,14.4,36.17,1.34,0.3,20007,0,31.2,35.0,0.04,0,59022
2143187,36.15,36.13,33.65,35.3,1,0,11.22,14.4,36.17,1.34,0.3,20007,0,31.2,35.0,0.04,0,59522
2143698,36.15,36.14,33.65,35.3,1,0,11.22,14.4,36.17,1.34,0.3,20007,0,31.2,35.0,0.02,0,60022
2144207,36.14,36.14,33.65,35.3,1,0,11.22,14.41,36.17,1.34,0.3,20007,0,31.21,35.0,0.03,0,60522
2144716,36.14,36.14,33.65,35.3,1,0,11.27,14.41,36.17,1.34,0.3,20007,0,31.2,35.0,0.03,0,61022
2145225,36.18,36.14,33.65,35.3,1,0,11.18,14.4,36.17,1.34,0.3,20007,0,31.21,35.0,0.03,0,61522
2145734,36.18,36.16,33.65,35.3,1,0,11.18,14.43,36.17,1.34,0.3,20007,0,31.21,35.0,0.01,0,62022
2146243,36.18,36.17,33.65,35.3,1,0,11.18,14.43,36.17,1.34,0.3,20007,0,31.21,35.0,0.0,0,62522
2146752,36.15,36.16,33.65,35.3,1,0,11.09,14.39,36.17,1.34,0.3,20007,0,31.18,35.0,0.01,0,63022
2147261,36.15,36.15,33.65,35.3,1,0,11.09,14.39,36.17,1.34,0.3,20007,0,31.18,35.0,0.01,0,63522
2147770,36.15,36.15,33.65,35.3,1,0,11.02,14.41,36.17,1.34,0.3,20007,0,31.21,35.0,0.01,0,64022
2148279,36.14,36.15,33.65,35.3,1,0,10.82,14.41,36.17,1.34,0.3,20007,0,31.21,35.0,0.01,0,64522
2148788,36.14,36.14,33.65,35.3,1,0,10.93,14.41,36.17,1.34,0.3,20007,0,31.18,35.0,0.02,0,65022
2149297,36.14,36.14,33.65,35.3,1,0,10.93,14.38,36.17,1.34,0.3,20007,0,31.18,35.0,0.03,0,65522
2149806,36.14,36.14,33.65,35.3,1,0,11.04,14.38,36.17,1.34,0.3,20007,0,31.2,35.0,0.03,0,66022
2150316,36.14,36.14,33.65,35.3,1,0,11.04,14.4,36.17,1.34,0.3,20007,0,31.2,35.0,0.03,0,66522
2150825,36.15,36.14,33.65,35.3,1,0,10.93,14.4,36.17,1.34,0.3,20007,0,31.21,35.0,0.03,0,67022
2151334,36.15,36.14,33.65,35.3,1,0,10.93,14.41,36.17,1.34,0.3,20007,0,31.21,35.0,0.02,0,67522
2151843,36.12,36.15,33.65,35.3,1,0,10.82,14.41,36.17,1.34,0.3,20007,0,31.2,35.0,0.02,0,68022
2152352,36.09,36.13,33.65,35.3,1,0,11.0,14.39,36.17,1.34,0.3,20007,0,31.21,35.0,0.03,0,68522
2152861,36.15,36.11,33.65,35.3,1,0,10.89,14.39,36.17,1.34,0.3,20007,0,31.2,35.0,0.05,0,69022
2153370,36.15,36.13,33.65,35.3,1,0,10.89,14.4,36.17,1.34,0.3,20007,0,31.2,35.0,0.03,0,69522
2153879,36.15,36.14,33.65,35.3,1,0,10.89,14.4,36.17,1.34,0.3,20007,0,31.2,35.0,0.02,0,70026
2154388,36.15,36.15,33.65,35.3,1,0,10.89,14.4,36.17,1.34,0.3,20007,0,31.2,35.0,0.02,0,71031
2154897,36.15,36.15,33.65,35.3,1,0,10.89,14.4,36.17,1.34,0.3,20007,0,31.2,35.0,0.02,0,71531
2155406,36.11,36.13,33.65,35.3,1,0,10.87,14.4,36.17,1.34,0.3,20007,0,31.21,35.0,0.04,0,72031
2155915,36.11,36.12,33.65,35.3,1,0,10.87,14.4,36.17,1.34,0.3,20007,0,31.21,35.0,0.05,0,72531
2156424,36.14,36.13,33.65,35.3,1,0,10.71,14.41,36.17,1.34,0.3,20007,0,31.21,35.0,0.04,0,73031
2156933,36.14,36.13,33.65,35.3,1,0,10.71,14.41,36.17,1.34,0.3,20007,0,31.21,35.0,0.03,0,73531
2157442,36.12,36.13,33.65,35.3,1,0,10.58,14.4,36.17,1.34,0.3,20007,0,31.21,35.0,0.04,0,74031
2157951,36.11,36.12,33.65,35.3,1,0,11.44,14.42,36.17,1.34,0.3,20007,0,31.24,35.0,0.05,0,74531
2158460,36.11,36.11,33.65,35.3,1,0,11.44,14.42,36.17,1.34,0.3,20007,0,31.24,35.0,0.05,0,75031
2158969,36.11,36.11,33.65,35.3,1,0,11.44,14.42,36.17,1.34,0.3,20007,0,31.24,35.0,0.05,0,75531
2159478,36.11,36.11,33.65,35.3,1,0,11.44,14.42,36.17,1.34,0.3,20007,0,31.24,35.0,0.05,0,76031
2159987,36.11,36.11,33.65,35.3,1,0,11.44,14.42,36.17,1.34,0.3,20007,0,31.24,35.0,0.05,0,76531
2160496,36.09,36.1,33.65,35.3,1,0,10.49,14.4,36.17,1.34,0.3,20007,0,31.23,35.0,0.06,0,77031
2161005,36.09,36.1,33.65,35.3,1,0,10.49,14.4,36.17,1.34,0.3,20007,0,31.23,35.0,0.07,0,77531
2161514,36.11,36.1,33.65,35.3,1,1,9.95,14.41,36.17,1.34,0.3,20007,0,31.23,35.0,0.06,1,78031
2162022,36.05,36.11,33.65,35.3,1,1,10.55,14.41,36.17,1.34,0.3,20007,0,31.24,35.0,0.06,1,78531
2162531,36.08,36.08,33.65,35.3,1,1,10.64,14.4,36.17,1.34,0.3,20007,0,31.23,35.0,0.09,1,79031
2163040,36.08,36.08,33.65,35.3,1,1,10.64,14.4,36.17,1.34,0.3,20007,0,31.23,35.0,0.09,1,79531
2163549,36.08,36.08,33.65,35.3,1,1,10.64,14.4,36.17,1.34,0.3,20007,0,31.23,35.0,0.08,1,80031
2164058,36.14,36.08,33.65,35.3,1,1,11.09,14.4,36.17,1.34,0.3,20007,0,31.21,35.0,0.08,1,80531
2164567,36.14,36.11,33.65,35.3,1,1,11.09,14.41,36.17,1.34,0.3,20007,0,31.21,35.0,0.06,1,81031
2165076,36.14,36.12,33.65,35.3,1,1,11.09,14.41,36.17,1.34,0.3,20007,0,31.21,35.0,0.04,1,81531
2165585,36.11,36.11,33.65,35.3,1,1,11.89,14.38,36.17,1.34,0.3,20007,0,31.2,35.0,0.05,1,82031
2166094,36.11,36.11,33.65,35.3,1,1,11.89,14.38,36.17,1.34,0.3,20007,0,31.2,35.0,0.06,1,82531
2166603,35.7,35.9,33.65,35.3,1,1,12.11,14.18,36.17,1.34,0.3,20007,1,31.17,35.0,0.26,1,83031
2167112,35.7,35.8,33.65,35.3,1,1,12.11,14.18,36.17,1.34,0.3,20007,1,31.17,35.0,0.37,1,83531
2167623,35.7,35.75,33.65,35.3,1,1,12.11,14.18,36.17,1.34,0.3,20007,1,31.17,35.0,0.42,1,84031
2168133,35.24,35.72,33.65,35.3,1,1,12.61,14.18,36.17,1.34,0.3,20007,1,31.17,35.0,0.44,1,84531
2168642,35.24,35.48,33.65,35.3,1,0,12.61,13.99,36.17,1.34,0.3,20007,1,31.17,35.0,0.68,1,85031
2169151,35.02,35.36,33.65,35.3,1,0,12.5,13.99,36.17,1.34,0.3,20007,1,31.16,35.0,0.8,1,85531
2169660,35.02,35.19,33.65,35.3,0,0,12.5,13.88,36.17,1.34,0.3,86031,0,31.16,35.0,0.97,1,0
2170169,34.88,35.04,33.67,35.3,0,0,12.13,13.8,35.04,1.32,0.3,86031,0,31.14,35.0,0.0,1,506
2170678,34.88,34.96,33.67,35.3,0,0,12.13,13.8,34.96,1.32,0.3,86031,0,31.14,35.0,0.0,1,1006
2171187,34.73,34.84,33.67,35.3,0,0,11.86,13.73,34.84,1.32,0.3,86031,0,31.14,35.0,0.0,1,1506
2171696,34.63,34.79,33.67,35.3,0,0,11.73,13.73,34.79,1.32,0.3,86031,0,31.12,35.0,0.0,1,2006
2172205,34.63,34.71,33.67,35.3,0,0,11.73,13.66,34.71,1.32,0.3,86031,0,31.12,35.0,0.0,1,2506
2172714,34.64,34.67,33.67,35.3,0,0,11.71,13.67,34.67,1.32,0.3,86031,0,31.12,35.0,0.0,1,3006
2173223,34.63,34.65,33.67,35.3,0,0,11.58,13.66,34.65,1.32,0.3,86031,0,31.12,35.0,0.0,1,3506
2173732,34.63,34.64,33.67,35.3,0,0,11.58,13.66,34.64,1.32,0.3,86031,0,31.12,35.0,0.0,1,4006
2174241,34.6,34.62,33.67,35.3,0,0,12.2,13.65,34.62,1.32,0.3,86031,0,31.12,35.0,0.0,1,4506
2174749,34.57,34.61,33.67,35.3,0,0,11.47,13.65,34.61,1.32,0.3,86031,0,31.12,35.0,0.0,1,5006
2175258,34.59,34.59,33.67,35.3,0,0,11.62,13.64,34.59,1.32,0.3,86031,0,31.1,35.0,0.0,1,5506
2175767,34.59,34.59,33.67,35.3,0,0,11.62,13.64,34.59,1.32,0.3,86031,0,31.1,35.0,0.0,1,6006
2176276,34.6,34.59,33.67,35.3,0,0,11.47,13.65,34.59,1.32,0.3,86031,0,31.12,35.0,0.0,1,6506
2176785,34.6,34.6,33.67,35.3,0,0,11.47,13.65,34.59,1.32,0.3,86031,0,31.12,35.0,0.0,1,7006
2177294,34.59,34.6,33.67,35.3,0,0,11.49,13.65,34.59,1.32,0.3,86031,0,31.1,35.0,0.0,1,7506
2177803,34.55,34.6,33.67,35.3,0,0,11.56,13.64,34.59,1.32,0.3,86031,0,31.12,35.0,0.0,1,8006
2178312,34.6,34.57,33.67,35.3,0,0,11.75,13.63,34.57,1.32,0.3,86031,0,31.13,35.0,0.0,1,8506
2178835,34.58,34.59,33.67,35.3,0,0,11.82,13.66,34.57,1.32,0.3,86031,0,31.09,35.0,0.01,1,9006
2179344,34.58,34.58,33.67,35.3,0,0,11.82,13.62,34.57,1.32,0.3,86031,0,31.09,35.0,0.0,1,9506
2179853,34.6,34.58,33.67,35.3,0,0,11.71,13.62,34.57,1.32,0.3,86031,0,31.13,35.0,0.0,1,10006
2180362,34.57,34.59,33.67,35.3,0,0,11.95,13.66,34.57,1.32,0.3,86031,0,31.12,35.0,0.01,1,10506
2180871,34.57,34.58,33.67,35.3,0,0,11.95,13.64,34.57,1.32,0.3,86031,0,31.12,35.0,0.0,1,11006
2181380,34.57,34.57,33.67,35.3,0,0,11.95,13.64,34.57,1.32,0.3,86031,0,31.12,35.0,0.0,1,11506
2181889,34.64,34.57,33.67,35.3,0,0,11.82,13.64,34.57,1.32,0.3,86031,0,31.1,35.0,0.0,1,12009
2182398,34.64,34.6,33.67,35.3,0,0,11.82,13.66,34.57,1.32,0.3,86031,0,31.1,35.0,0.03,1,12514
2182907,34.64,34.62,33.67,35.3,0,0,11.82,13.66,34.57,1.32,0.3,86031,0,31.1,35.0,0.05,1,13019
2183416,34.63,34.63,33.67,35.3,0,0,12.26,13.66,34.57,1.32,0.3,86031,0,31.12,35.0,0.05,1,14028
2183925,34.63,34.63,33.67,35.3,0,0,12.26,13.66,34.57,1.32,0.3,86031,0,31.12,35.0,0.05,1,14528
2184434,34.63,34.63,33.67,35.3,0,0,12.26,13.66,34.57,1.32,0.3,86031,0,31.12,35.0,0.05,1,15028
2184943,34.73,34.68,33.67,35.3,0,0,12.55,13.7,34.57,1.32,0.3,86031,0,31.1,35.0,0.1,1,15528
2185452,34.73,34.7,33.67,35.3,0,0,12.55,13.7,34.57,1.32,0.3,86031,0,31.1,35.0,0.13,1,16029
2185961,34.73,34.71,33.67,35.3,0,0,12.55,13.7,34.57,1.32,0.3,86031,0,31.1,35.0,0.14,1,16529
2186470,34.73,34.72,33.67,35.3,0,0,13.4,13.7,34.57,1.32,0.3,86031,1,31.1,35.0,0.15,1,17029
2186979,34.74,34.73,33.67,35.3,0,0,12.83,13.73,34.57,1.32,0.3,86031,1,31.13,35.0,0.16,1,17529
2187495,34.76,34.74,33.67,35.3,0,0,12.81,13.73,34.57,1.32,0.3,86031,1,31.12,35.0,0.16,1,18029
2188004,34.76,34.75,33.67,35.3,0,0,12.81,13.72,34.57,1.32,0.3,86031,1,31.12,35.0,0.17,1,18529
2188513,34.76,34.75,33.67,35.3,0,0,12.81,13.72,34.57,1.32,0.3,86031,1,31.12,35.0,0.18,1,19029
2189022,34.86,34.81,33.67,35.3,0,0,13.53,13.79,34.57,1.32,0.3,86031,1,31.14,35.0,0.23,1,19529
2189531,34.86,34.84,33.67,35.3,1,0,13.53,13.79,34.57,1.32,0.3,20029,0,31.14,35.0,0.26,0,0
2190040,34.89,34.86,33.67,35.32,1,0,13.25,13.78,34.86,1.32,0.32,20029,0,31.12,35.0,0.0,0,500
2190549,34.89,34.87,33.67,35.32,1,0,13.25,13.78,34.87,1.32,0.32,20029,0,31.12,35.0,0.0,0,1000
2191058,34.87,34.87,33.67,35.32,1,0,13.38,13.79,34.87,1.32,0.32,20029,0,31.13,35.0,0.0,0,1500
2191567,34.87,34.87,33.67,35.32,1,0,13.38,13.79,34.87,1.32,0.32,20029,0,31.13,35.0,0.0,0,2000
2192076,34.92,34.9,33.67,35.32,1,0,13.58,13.81,34.9,1.32,0.32,20029,0,31.13,35.0,0.0,0,2500
2192585,34.92,34.91,33.67,35.32,1,0,13.58,13.81,34.91,1.32,0.32,20029,0,31.13,35.0,0.0,0,3000
2193094,34.98,34.94,33.67,35.32,1,0,13.51,13.83,34.94,1.32,0.32,20029,0,31.13,35.0,0.0,0,3500
2193603,34.98,34.96,33.67,35.32,1,0,13.51,13.83,34.96,1.32,0.32,20029,0,31.13,35.0,0.0,0,4000
2194112,35.02,34.99,33.67,35.32,1,0,13.82,13.86,34.99,1.32,0.32,20029,0,31.14,35.0,0.0,0,4500
2194621,35.02,35.01,33.67,35.32,1,0,13.82,13.86,35.01,1.32,0.32,20029,0,31.14,35.0,0.0,0,5000
2195130,34.99,35.0,33.67,35.32,1,0,13.82,13.85,35.01,1.32,0.32,20029,0,31.14,35.0,0.0,0,5500
2195639,35.05,35.03,33.67,35.32,1,0,13.88,13.86,35.03,1.32,0.32,20029,0,31.13,35.0,0.0,0,6000
2196148,35.05,35.04,33.67,35.32,1,0,13.88,13.86,35.04,1.32,0.32,20029,0,31.13,35.0,0.0,0,6500
2196657,35.05,35.04,33.67,35.32,1,0,13.88,13.86,35.04,1.32,0.32,20029,0,31.13,35.0,0.0,0,7000
2197166,35.15,35.1,33.67,35.32,1,0,13.84,13.92,35.1,1.32,0.32,20029,0,31.14,35.0,0.0,0,7500
2197675,35.15,35.12,33.67,35.32,1,0,13.84,13.92,35.12,1.32,0.32,20029,0,31.14,35.0,0.0,0,8000
2198184,35.11,35.12,33.67,35.32,1,0,13.8,13.91,35.12,1.32,0.32,20029,0,31.16,35.0,0.0,0,8500
2198693,35.15,35.11,33.67,35.32,1,0,13.77,13.91,35.12,1.32,0.32,20029,0,31.14,35.0,0.01,0,9001
2199202,35.15,35.13,33.67,35.32,1,0,13.77,13.92,35.13,1.32,0.32,20029,0,31.14,35.0,0.0,0,9502
2199710,35.2,35.14,33.67,35.32,1,0,13.95,13.92,35.14,1.32,0.32,20029,0,31.14,35.0,0.0,0,10002
2200219,35.2,35.17,33.67,35.32,1,0,13.95,13.94,35.17,1.32,0.32,20029,0,31.14,35.0,0.0,0,10502
2200728,35.23,35.2,33.67,35.32,1,0,13.82,13.95,35.2,1.32,0.32,20029,0,31.14,35.0,0.0,0,11002
2201237,35.23,35.21,33.67,35.32,1,0,13.82,13.95,35.21,1.32,0.32,20029,0,31.14,35.0,0.0,0,11502
2201746,35.27,35.24,33.67,35.32,1,0,13.84,13.98,35.24,1.32,0.32,20029,0,31.16,35.0,0.0,0,12002
2202255,35.27,35.26,33.67,35.32,1,0,13.71,13.98,35.26,1.32,0.32,20029,0,31.16,35.0,0.0,0,12502
2202764,35.27,35.26,33.67,35.32,1,0,13.71,13.98,35.26,1.32,0.32,20029,0,31.16,35.0,0.0,0,13002
2203273,35.29,35.27,33.67,35.32,1,0,13.62,13.98,35.27,1.32,0.32,20029,0,31.14,35.0,0.0,0,13502
2203782,35.3,35.28,33.67,35.32,1,0,13.62,13.98,35.28,1.32,0.32,20029,0,31.14,35.0,0.0,0,14002
2204290,35.29,35.29,33.67,35.32,1,0,13.71,13.99,35.29,1.32,0.32,20029,0,31.17,35.0,0.0,0,14502
2204799,35.29,35.29,33.67,35.32,1,0,13.71,14.01,35.29,1.32,0.32,20029,0,31.17,35.0,0.0,0,15002
2205308,35.29,35.29,33.67,35.32,1,0,13.71,14.01,35.29,1.32,0.32,20029,0,31.17,35.0,0.0,0,15502
2205817,35.29,35.29,33.67,35.32,1,0,13.71,14.01,35.29,1.32,0.32,20029,0,31.17,35.0,0.0,0,16002
2206326,35.39,35.29,33.67,35.32,1,0,13.69,14.01,35.29,1.32,0.32,20029,0,31.18,35.0,0.0,0,16502
2206835,35.39,35.34,33.67,35.32,1,0,13.69,14.06,35.34,1.32,0.32,20029,0,31.18,35.0,0.0,0,17002
2207344,35.41,35.36,33.67,35.32,1,0,13.23,14.06,35.36,1.32,0.32,20029,0,31.17,35.0,0.0,0,17502
2207853,35.41,35.38,33.67,35.32,1,0,13.23,14.06,35.38,1.32,0.32,20029,0,31.17,35.0,0.0,0,18002
2208362,35.41,35.39,33.67,35.32,1,0,13.23,14.06,35.39,1.32,0.32,20029,0,31.17,35.0,0.0,0,18502
2208871,35.45,35.4,33.67,35.32,1,0,13.31,14.06,35.4,1.32,0.32,20029,0,31.17,35.0,0.0,0,19002
2209381,35.45,35.42,33.67,35.32,1,0,13.31,14.08,35.42,1.32,0.32,20029,0,31.17,35.0,0.0,0,19502
2209890,35.45,35.44,33.67,35.32,1,0,13.29,14.08,35.44,1.32,0.32,20029,0,31.17,35.0,0.0,0,20002
2210399,35.46,35.44,33.67,35.32,1,0,13.45,14.08,35.44,1.32,0.32,20029,0,31.14,35.0,0.0,0,20502
2210908,35.46,35.45,33.67,35.32,1,0,13.45,14.05,35.45,1.32,0.32,20029,0,31.14,35.0,0.0,0,21002
2211417,35.46,35.46,33.67,35.32,1,0,13.45,14.05,35.46,1.32,0.32,20029,0,31.14,35.0,0.0,0,21502
2211926,35.49,35.47,33.67,35.32,1,0,13.14,14.11,35.47,1.32,0.32,20029,0,31.18,35.0,0.0,0,22509
2212435,35.49,35.48,33.67,35.32,1,0,13.14,14.11,35.48,1.32,0.32,20029,0,31.18,35.0,0.0,0,23012
2212944,35.49,35.49,33.67,35.32,1,0,13.14,14.11,35.49,1.32,0.32,20029,0,31.18,35.0,0.0,0,23512
2213453,35.54,35.51,33.67,35.32,1,0,13.16,14.13,35.51,1.32,0.32,20029,0,31.18,35.0,0.0,0,24012
2213962,35.58,35.55,33.67,35.32,1,0,13.1,14.14,35.55,1.32,0.32,20029,0,31.18,35.0,0.0,0,24512
2214471,35.58,35.56,33.67,35.32,1,0,13.1,14.14,35.56,1.32,0.32,20029,0,31.18,35.0,0.0,0,25012
2214980,35.61,35.59,33.67,35.32,1,0,13.07,14.16,35.59,1.32,0.32,20029,0,31.18,35.0,0.0,0,25512
2215489,35.61,35.6,33.67,35.32,1,0,13.07,14.16,35.6,1.32,0.32,20029,0,31.18,35.0,0.0,0,26012
2215998,35.61,35.6,33.67,35.32,1,0,13.07,14.16,35.6,1.32,0.32,20029,0,31.18,35.0,0.0,0,26512
2216507,35.61,35.61,33.67,35.32,1,0,13.07,14.16,35.61,1.32,0.32,20029,0,31.18,35.0,0.0,0,27012
2217016,35.67,35.64,33.67,35.32,1,0,13.14,14.2,35.64,1.32,0.32,20029,0,31.2,35.0,0.0,0,27525
2217540,35.62,35.65,33.67,35.32,1,0,12.94,14.2,35.65,1.32,0.32,20029,0,31.21,35.0,0.0,0,28025
2218049,35.62,35.64,33.67,35.32,1,0,12.94,14.19,35.65,1.32,0.32,20029,0,31.21,35.0,0.01,0,28525
2218558,35.71,35.67,33.67,35.32,1,0,12.75,14.19,35.67,1.32,0.32,20029,0,31.17,35.0,0.0,0,29025
2219067,35.75,35.71,33.67,35.32,1,0,12.88,14.22,35.71,1.32,0.32,20029,0,31.18,35.0,0.0,0,29525
2219576,35.71,35.73,33.67,35.32,1,0,12.68,14.22,35.73,1.32,0.32,20029,0,31.18,35.0,0.0,0,30025
2220085,35.71,35.72,33.67,35.32,1,0,12.68,14.2,35.73,1.32,0.32,20029,0,31.18,35.0,0.01,0,30525
2220594,35.74,35.73,33.67,35.32,1,0,12.64,14.24,35.73,1.32,0.32,20029,0,31.21,35.0,0.0,0,31025
2221103,35.71,35.74,33.67,35.32,1,0,12.72,14.24,35.74,1.32,0.32,20029,0,31.2,35.0,0.0,0,31525
2221612,35.71,35.72,33.67,35.32,1,0,12.72,14.21,35.74,1.32,0.32,20029,0,31.2,35.0,0.01,0,32025
2222121,35.79,35.76,33.67,35.32,1,0,12.68,14.25,35.76,1.32,0.32,20029,0,31.2,35.0,0.0,0,32525
2222630,35.79,35.77,33.67,35.32,1,0,12.66,14.25,35.77,1.32,0.32,20029,0,31.21,35.0,0.0,0,33025
2223139,35.79,35.78,33.67,35.32,1,0,12.66,14.26,35.78,1.32,0.32,20029,0,31.21,35.0,0.0,0,33525
2223648,35.81,35.8,33.67,35.32,1,0,12.61,14.24,35.8,1.32,0.32,20029,0,31.18,35.0,0.0,0,34025
2224157,35.79,35.8,33.67,35.32,1,0,12.53,14.24,35.8,1.32,0.32,20029,0,31.2,35.0,0.0,0,34525
2224666,35.79,35.8,33.67,35.32,1,0,12.53,14.25,35.8,1.32,0.32,20029,0,31.2,35.0,0.0,0,35025
2225175,35.79,35.79,33.67,35.32,1,0,12.53,14.25,35.8,1.32,0.32,20029,0,31.2,35.0,0.01,0,35525
2225684,35.88,35.83,33.67,35.32,1,0,12.48,14.3,35.83,1.32,0.32,20029,0,31.21,35.0,0.0,0,36025
2226193,35.84,35.85,33.67,35.32,1,0,12.5,14.3,35.85,1.32,0.32,20029,0,31.2,35.0,0.0,0,36525
2226702,35.87,35.85,33.67,35.32,1,0,12.28,14.27,35.85,1.32,0.32,20029,0,31.17,35.0,0.0,0,37025
2227211,35.87,35.86,33.67,35.32,1,0,12.28,14.26,35.86,1.32,0.32,20029,0,31.17,35.0,0.0,0,37525
2227720,35.89,35.87,33.67,35.32,1,0,11.93,14.29,35.87,1.32,0.32,20029,0,31.2,35.0,0.0,0,38025
2228243,35.92,35.88,33.67,35.32,1,0,12.33,14.29,35.88,1.32,0.32,20029,0,31.18,35.0,0.0,0,38525
2228752,35.92,35.9,33.67,35.32,1,0,12.33,14.29,35.9,1.32,0.32,20029,0,31.18,35.0,0.0,0,39025
2229261,35.9,35.9,33.67,35.32,1,0,12.31,14.31,35.9,1.32,0.32,20029,0,31.21,35.0,0.0,0,39529
2229770,35.95,35.9,33.67,35.32,1,0,12.24,14.31,35.9,1.32,0.32,20029,0,31.2,35.0,0.0,0,40029
2230279,35.95,35.92,33.67,35.32,1,0,12.24,14.31,35.92,1.32,0.32,20029,0,31.2,35.0,0.0,0,40529
2230788,35.95,35.93,33.67,35.32,1,0,12.24,14.31,35.93,1.32,0.32,20029,0,31.2,35.0,0.0,0,41029
2231297,35.89,35.91,33.67,35.32,1,0,12.17,14.28,35.93,1.32,0.32,20029,0,31.18,35.0,0.02,0,41529
2231806,35.93,35.9,33.67,35.32,1,0,12.2,14.28,35.93,1.32,0.32,20029,0,31.2,35.0,0.03,0,42029
2232315,35.93,35.92,33.67,35.32,1,0,12.2,14.31,35.93,1.32,0.32,20029,0,31.2,35.0,0.01,0,42529
2232824,35.95,35.92,33.67,35.32,1,0,12.57,14.31,35.93,1.32,0.32,20029,0,31.18,35.0,0.01,0,43029
2233333,35.95,35.93,33.67,35.32,1,0,12.57,14.3,35.93,1.32,0.32,20029,0,31.18,35.0,0.0,0,43529
2233842,35.95,35.94,33.67,35.32,1,0,11.67,14.3,35.94,1.32,0.32,20029,0,31.18,35.0,0.0,0,44029
2234351,35.95,35.94,33.67,35.32,1,0,11.67,14.3,35.94,1.32,0.32,20029,0,31.18,35.0,0.0,0,44529
2234860,35.92,35.93,33.67,35.32,1,0,11.93,14.31,35.94,1.32,0.32,20029,0,31.21,35.0,0.01,0,45029
2235369,35.99,35.92,33.67,35.32,1,0,11.89,14.31,35.94,1.32,0.32,20029,0,31.21,35.0,0.01,0,45529
2235878,35.99,35.96,33.67,35.32,1,0,11.91,14.35,35.96,1.32,0.32,20029,0,31.2,35.0,0.0,0,46029
2236387,35.99,35.97,33.67,35.32,1,0,11.91,14.33,35.97,1.32,0.32,20029,0,31.2,35.0,0.0,0,46529
2236896,35.99,35.98,33.67,35.32,1,0,11.91,14.33,35.98,1.32,0.32,20029,0,31.2,35.0,0.0,0,47029
2237405,35.99,35.99,33.67,35.32,1,0,12.02,14.33,35.99,1.32,0.32,20029,0,31.21,35.0,0.0,0,47529
2237914,35.99,35.99,33.67,35.32,1,0,12.02,14.35,35.99,1.32,0.32,20029,0,31.21,35.0,0.0,0,48029
2238423,36.05,36.02,33.67,35.32,1,0,11.75,14.37,36.02,1.32,0.32,20029,0,31.21,35.0,0.0,0,48535
2238932,36.05,36.03,33.67,35.32,1,0,11.75,14.37,36.03,1.32,0.32,20029,0,31.21,35.0,0.0,0,49035
2239441,36.02,36.04,33.67,35.32,1,0,11.89,14.37,36.04,1.32,0.32,20029,0,31.23,35.0,0.0,0,49535
2239950,36.05,36.03,33.67,35.32,1,0,11.69,14.37,36.04,1.32,0.32,20029,0,31.2,35.0,0.0,0,50035
2240459,36.05,36.04,33.67,35.32,1,0,11.69,14.36,36.04,1.32,0.32,20029,0,31.2,35.0,0.0,0,51042
2240968,36.05,36.05,33.67,35.32,1,0,11.64,14.38,36.05,1.32,0.32,20029,0,31.23,35.0,0.0,0,51542
2241477,36.05,36.05,33.67,35.32,1,0,11.69,14.37,36.05,1.32,0.32,20029,0,31.21,35.0,0.0,0,52042
2241986,36.03,36.04,33.67,35.32,1,0,11.51,14.34,36.05,1.32,0.32,20029,0,31.18,35.0,0.0,0,52542
2242495,35.99,36.01,33.67,35.32,1,0,11.82,14.32,36.05,1.32,0.32,20029,0,31.18,35.0,0.03,0,53042
2243004,35.99,36.0,33.67,35.32,1,0,11.82,14.32,36.05,1.32,0.32,20029,0,31.18,35.0,0.04,0,53542
2243513,35.99,35.99,33.67,35.32,1,0,11.82,14.32,36.05,1.32,0.32,20029,0,31.18,35.0,0.05,0,54042
2244022,36.04,36.02,33.67,35.32,1,0,11.36,14.39,36.05,1.32,0.32,20029,0,31.24,35.0,0.03,0,54542
2244531,36.04,36.03,33.67,35.32,1,0,11.36,14.39,36.05,1.32,0.32,20029,0,31.24,35.0,0.02,0,55042
2245040,36.05,36.04,33.67,35.32,1,0,11.51,14.36,36.05,1.32,0.32,20029,0,31.2,35.0,0.01,0,55542
2245549,36.08,36.06,33.67,35.32,1,0,11.38,14.36,36.06,1.32,0.32,20029,0,31.18,35.0,0.0,0,56042
2246058,36.05,36.05,33.67,35.32,1,0,11.47,14.35,36.06,1.32,0.32,20029,0,31.18,35.0,0.0,0,56544
2246566,36.05,36.05,33.67,35.32,1,0,11.47,14.35,36.06,1.32,0.32,20029,0,31.18,35.0,0.0,0,57044
2247075,36.06,36.06,33.67,35.32,1,0,11.36,14.38,36.06,1.32,0.32,20029,0,31.21,35.0,0.0,0,57544
2247584,36.04,36.05,33.67,35.32,1,0,11.04,14.36,36.06,1.32,0.32,20029,0,31.21,35.0,0.01,0,58044
2248093,36.04,36.04,33.67,35.32,1,0,11.04,14.36,36.06,1.32,0.32,20029,0,31.21,35.0,0.01,0,58544
2248602,36.05,36.05,33.67,35.32,1,0,11.29,14.37,36.06,1.32,0.32,20029,0,31.21,35.0,0.01,0,59044
2249111,36.05,36.05,33.67,35.32,1,0,11.29,14.37,36.06,1.32,0.32,20029,0,31.21,35.0,0.0,0,59544
2249620,36.04,36.04,33.67,35.32,1,0,11.27,14.38,36.06,1.32,0.32,20029,0,31.23,35.0,0.01,0,60044
2250129,36.05,36.05,33.67,35.32,1,0,11.2,14.37,36.06,1.32,0.32,20029,0,31.21,35.0,0.01,0,60544
2250638,36.05,36.05,33.67,35.32,1,0,11.2,14.37,36.06,1.32,0.32,20029,0,31.21,35.0,0.0,0,61044
2251147,36.09,36.07,33.67,35.32,1,0,11.07,14.39,36.07,1.32,0.32,20029,0,31.21,35.0,0.0,0,61544
2251656,36.06,36.08,33.67,35.32,1,0,11.24,14.39,36.08,1.32,0.32,20029,0,31.21,35.0,0.0,0,62044
2252165,36.06,36.07,33.67,35.32,1,0,11.24,14.38,36.08,1.32,0.32,20029,0,31.21,35.0,0.0,0,62544
2252674,36.08,36.07,33.67,35.32,1,0,11.11,14.38,36.08,1.32,0.32,20029,0,31.23,35.0,0.01,0,63044
2253183,36.12,36.07,33.67,35.32,1,0,11.33,14.4,36.08,1.32,0.32,20029,0,31.23,35.0,0.0,0,63544
2253692,36.12,36.1,33.67,35.32,1,0,11.33,14.42,36.1,1.32,0.32,20029,0,31.23,35.0,0.0,0,64044
2254201,36.09,36.11,33.67,35.32,1,0,11.0,14.42,36.11,1.32,0.32,20029,0,31.23,35.0,0.0,0,64544
2254710,36.09,36.1,33.67,35.32,1,0,11.0,14.4,36.11,1.32,0.32,20029,0,31.23,35.0,0.0,0,65044
2255219,36.05,36.1,33.67,35.32,1,0,11.2,14.4,36.11,1.32,0.32,20029,0,31.23,35.0,0.01,0,65544
2255728,36.05,36.07,33.67,35.32,1,0,11.2,14.38,36.11,1.32,0.32,20029,0,31.23,35.0,0.03,0,66044
2256237,36.07,36.07,33.67,35.32,1,0,11.2,14.4,36.11,1.32,0.32,20029,0,31.24,35.0,0.04,0,66545
2256746,36.04,36.07,33.67,35.32,1,0,11.11,14.4,36.11,1.32,0.32,20029,0,31.23,35.0,0.04,0,67045
2257255,36.04,36.05,33.67,35.32,1,0,11.11,14.38,36.11,1.32,0.32,20029,0,31.23,35.0,0.05,0,67545
2257764,36.04,36.05,33.67,35.32,1,0,10.96,14.39,36.11,1.32,0.32,20029,0,31.24,35.0,0.06,0,68045
2258273,36.02,36.04,33.67,35.32,1,0,10.93,14.39,36.11,1.32,0.32,20029,0,31.21,35.0,0.06,0,68545
2258782,36.02,36.03,33.67,35.32,1,0,11.22,14.36,36.11,1.32,0.32,20029,0,31.23,35.0,0.07,0,69045
2259291,36.04,36.03,33.67,35.32,1,0,10.76,14.37,36.11,1.32,0.32,20029,0,31.23,35.0,0.08,0,69545
2259800,36.04,36.03,33.67,35.32,1,0,10.76,14.38,36.11,1.32,0.32,20029,0,31.23,35.0,0.07,0,70045
2260309,36.02,36.03,33.67,35.32,1,0,10.76,14.38,36.11,1.32,0.32,20029,0,31.24,35.0,0.07,0,70545
2260818,36.02,36.03,33.67,35.32,1,0,10.76,14.38,36.11,1.32,0.32,20029,0,31.24,35.0,0.08,0,71045
2261327,36.04,36.03,33.67,35.32,1,0,10.84,14.38,36.11,1.32,0.32,20029,0,31.23,35.0,0.08,0,71545
2261836,36.04,36.03,33.67,35.32,1,0,10.84,14.38,36.11,1.32,0.32,20029,0,31.23,35.0,0.08,0,72045
2262345,36.02,36.03,33.67,35.32,1,0,10.87,14.38,36.11,1.32,0.32,20029,0,31.23,35.0,0.07,0,72545
2262854,36.02,36.03,33.67,35.32,1,0,10.87,14.37,36.11,1.32,0.32,20029,0,31.23,35.0,0.08,0,73045
2263363,36.02,36.03,33.67,35.32,1,0,10.71,14.37,36.11,1.32,0.32,20029,0,31.23,35.0,0.08,0,73545
2263872,36.02,36.02,33.67,35.32,1,0,10.71,14.37,36.11,1.32,0.32,20029,0,31.23,35.0,0.08,0,74045
2264381,35.99,36.02,33.67,35.32,1,0,10.73,14.37,36.11,1.32,0.32,20029,0,31.23,35.0,0.08,0,74545
2264890,36.07,36.01,33.67,35.32,1,0,10.76,14.36,36.11,1.32,0.32,20029,0,31.24,35.0,0.1,0,75045
2265399,36.07,36.04,33.67,35.32,1,0,10.76,14.4,36.11,1.32,0.32,20029,0,31.24,35.0,0.07,0,75545
2265908,35.99,36.05,33.67,35.32,1,0,10.82,14.4,36.11,1.32,0.32,20029,0,31.24,35.0,0.05,0,76045
2266417,36.01,36.02,33.67,35.32,1,0,10.78,14.37,36.11,1.32,0.32,20029,0,31.23,35.0,0.08,0,76545
2266926,36.01,36.02,33.67,35.32,1,0,10.78,14.37,36.11,1.32,0.32,20029,0,31.23,35.0,0.09,0,77045
2267435,36.01,36.01,33.67,35.32,1,0,10.78,14.37,36.11,1.32,0.32,20029,0,31.23,35.0,0.09,0,77545
2267944,36.01,36.01,33.67,35.32,1,0,10.55,14.37,36.11,1.32,0.32,20029,0,31.23,35.0,0.1,0,78045
2268453,36.02,36.01,33.67,35.32,1,0,10.53,14.37,36.11,1.32,0.32,20029,0,31.24,35.0,0.1,0,78545
2268962,36.01,36.01,33.67,35.32,1,0,10.55,14.37,36.11,1.32,0.32,20029,0,31.23,35.0,0.09,0,79545
2269471,36.01,36.01,33.67,35.32,1,0,10.55,14.37,36.11,1.32,0.32,20029,0,31.23,35.0,0.1,0,80045
2269980,36.02,36.02,33.67,35.32,1,0,10.69,14.38,36.11,1.32,0.32,20029,0,31.24,35.0,0.09,0,80545
2270489,36.02,36.02,33.67,35.32,1,0,10.69,14.38,36.11,1.32,0.32,20029,0,31.24,35.0,0.09,0,81045
2270998,36.02,36.02,33.67,35.32,1,0,10.69,14.38,36.11,1.32,0.32,20029,0,31.24,35.0,0.09,0,81545
2271507,35.99,36.01,33.67,35.32,1,0,10.6,14.36,36.11,1.32,0.32,20029,0,31.23,35.0,0.1,0,82045
2272016,35.98,35.99,33.67,35.32,1,0,10.47,14.37,36.11,1.32,0.32,20029,0,31.24,35.0,0.11,0,82545
2272525,35.98,35.99,33.67,35.32,1,0,10.47,14.37,36.11,1.32,0.32,20029,0,31.24,35.0,0.12,0,83045
2273034,35.96,35.98,33.67,35.32,1,0,10.44,14.36,36.11,1.32,0.32,20029,0,31.24,35.0,0.13,0,83545
2273543,35.96,35.97,33.67,35.32,1,0,10.44,14.36,36.11,1.32,0.32,20029,0,31.24,35.0,0.14,0,84045
2274052,35.94,35.95,33.67,35.32,1,0,10.69,14.36,36.11,1.32,0.32,20029,1,31.25,35.0,0.15,0,84545
2274561,35.95,35.95,33.67,35.32,1,0,10.58,14.37,36.11,1.32,0.32,20029,1,31.25,35.0,0.15,0,85045
2275070,35.92,35.94,33.67,35.32,1,0,10.08,14.33,36.11,1.32,0.32,20029,1,31.23,35.0,0.17,0,85545
2275579,35.92,35.93,33.67,35.32,1,0,10.08,14.33,36.11,1.32,0.32,20029,1,31.23,35.0,0.18,0,86045
2276088,35.89,35.91,33.67,35.32,1,0,10.42,14.32,36.11,1.32,0.32,20029,1,31.23,35.0,0.2,0,86545
2276598,35.89,35.9,33.67,35.32,1,0,10.42,14.32,36.11,1.32,0.32,20029,1,31.23,35.0,0.21,0,87045
2277108,35.89,35.9,33.67,35.32,1,0,10.42,14.32,36.11,1.32,0.32,20029,1,31.23,35.0,0.21,0,87545
2277617,35.92,35.91,33.67,35.32,1,0,10.51,14.34,36.11,1.32,0.32,20029,1,31.24,35.0,0.2,0,88045
2278126,35.92,35.92,33.67,35.32,1,0,10.51,14.34,36.11,1.32,0.32,20029,1,31.24,35.0,0.19,0,88545
2278635,35.92,35.92,33.67,35.32,1,0,10.2,14.33,36.11,1.32,0.32,20029,1,31.23,35.0,0.19,0,89045
2279144,35.91,35.91,33.67,35.32,1,0,10.26,14.33,36.11,1.32,0.32,20029,1,31.24,35.0,0.19,0,89545
2279653,35.91,35.91,33.67,35.32,1,0,10.26,14.33,36.11,1.32,0.32,20029,1,31.24,35.0,0.2,0,90045
2280162,35.91,35.91,33.67,35.32,1,0,11.04,14.33,36.11,1.32,0.32,20029,1,31.24,35.0,0.2,0,90545
2280671,35.88,35.91,33.67,35.32,1,0,10.22,14.33,36.11,1.32,0.32,20029,1,31.25,35.0,0.2,0,91045
2281180,35.88,35.89,33.67,35.32,1,0,10.22,14.33,36.11,1.32,0.32,20029,1,31.25,35.0,0.21,0,91545
2281689,35.88,35.88,33.67,35.32,1,0,10.22,14.33,36.11,1.32,0.32,20029,1,31.25,35.0,0.22,0,92045
2282211,35.89,35.88,33.67,35.32,1,0,10.24,14.33,36.11,1.32,0.32,20029,1,31.25,35.0,0.23,0,92545
2282720,35.89,35.89,33.67,35.32,1,0,10.24,14.34,36.11,1.32,0.32,20029,1,31.25,35.0,0.22,0,93045
2283229,35.84,35.89,33.67,35.32,1,0,10.35,14.34,36.11,1.32,0.32,20029,1,31.25,35.0,0.22,0,93545
2283738,35.86,35.86,33.67,35.32,1,0,9.95,14.32,36.11,1.32,0.32,20029,1,31.25,35.0,0.24,0,94045
2284247,35.86,35.86,33.67,35.32,1,0,9.95,14.33,36.11,1.32,0.32,20029,1,31.25,35.0,0.24,0,94545
2284756,35.86,35.86,33.67,35.32,1,0,10.17,14.32,36.11,1.32,0.32,20029,1,31.24,35.0,0.24,0,95045
2285265,35.86,35.86,33.67,35.32,1,0,10.17,14.32,36.11,1.32,0.32,20029,1,31.24,35.0,0.24,0,95545
2285774,35.84,35.85,33.67,35.32,1,0,10.15,14.33,36.11,1.32,0.32,20029,1,31.27,35.0,0.26,0,96045
2286283,35.82,35.84,33.67,35.32,1,0,10.13,14.33,36.11,1.32,0.32,20029,1,31.25,35.0,0.26,0,96545
2286792,35.82,35.83,33.67,35.32,1,0,10.13,14.31,36.11,1.32,0.32,20029,1,31.25,35.0,0.28,0,97045
2287301,35.79,35.83,33.67,35.32,1,0,10.0,14.31,36.11,1.32,0.32,20029,1,31.25,35.0,0.28,0,97545
2287810,35.79,35.81,33.67,35.32,1,0,10.0,14.3,36.11,1.32,0.32,20029,1,31.25,35.0,0.3,0,98045
2288319,35.83,35.82,33.67,35.32,1,0,9.91,14.3,36.11,1.32,0.32,20029,1,31.24,35.0,0.29,0,98545
2288828,35.82,35.83,33.67,35.32,1,0,10.11,14.3,36.11,1.32,0.32,20029,1,31.24,35.0,0.28,0,99045
2289337,35.82,35.82,33.67,35.32,1,0,10.11,14.3,36.11,1.32,0.32,20029,1,31.24,35.0,0.28,0,99545
2289846,35.82,35.82,33.67,35.32,1,0,10.11,14.3,36.11,1.32,0.32,20029,1,31.24,35.0,0.28,0,100045
2290355,35.79,35.82,33.67,35.32,1,0,9.95,14.3,36.11,1.32,0.32,20029,1,31.23,35.0,0.29,0,100545
2290864,35.79,35.81,33.67,35.32,1,0,9.95,14.27,36.11,1.32,0.32,20029,1,31.23,35.0,0.3,0,101045
2291373,35.78,35.8,33.67,35.32,1,0,8.96,14.27,36.11,1.32,0.32,20029,1,31.25,35.0,0.31,0,101545
2291882,35.78,35.79,33.67,35.32,1,0,8.96,14.29,36.11,1.32,0.32,20029,1,31.25,35.0,0.32,0,102045
2292391,35.78,35.78,33.67,35.32,1,0,8.96,14.29,36.11,1.32,0.32,20029,1,31.25,35.0,0.32,0,102545
2292900,35.78,35.78,33.67,35.32,1,0,8.96,14.29,36.11,1.32,0.32,20029,1,31.25,35.0,0.33,0,103045
2293409,35.73,35.78,33.67,35.32,1,0,9.97,14.29,36.11,1.32,0.32,20029,1,31.25,35.0,0.33,0,103545
2293918,35.73,35.76,33.67,35.32,1,0,9.97,14.27,36.11,1.32,0.32,20029,1,31.25,35.0,0.35,0,104046
2294427,35.69,35.72,33.67,35.32,1,0,10.08,14.24,36.11,1.32,0.32,20029,1,31.24,35.0,0.38,0,104548
2294936,35.76,35.7,33.67,35.32,1,0,9.77,14.24,36.11,1.32,0.32,20029,1,31.25,35.0,0.4,0,105048
2295446,35.64,35.73,33.67,35.32,1,0,9.82,14.28,36.11,1.32,0.32,20029,1,31.25,35.0,0.37,0,105548
2295955,35.64,35.69,33.67,35.32,1,0,9.82,14.23,36.11,1.32,0.32,20029,1,31.25,35.0,0.42,0,106048
2296464,35.7,35.67,33.67,35.32,1,0,10.55,14.23,36.11,1.32,0.32,20029,1,31.25,35.0,0.44,0,106548
2296973,35.68,35.68,33.67,35.32,1,0,9.82,14.25,36.11,1.32,0.32,20029,1,31.25,35.0,0.43,0,107556
2297482,35.68,35.68,33.67,35.32,1,0,9.82,14.25,36.11,1.32,0.32,20029,1,31.25,35.0,0.43,0,108056
2297991,35.66,35.67,33.67,35.32,1,0,9.84,14.24,36.11,1.32,0.32,20029,1,31.25,35.0,0.44,0,108556
2298500,35.66,35.67,33.67,35.32,1,0,9.84,14.24,36.11,1.32,0.32,20029,1,31.25,35.0,0.44,0,109056
2299009,35.66,35.66,33.67,35.32,1,0,9.75,14.24,36.11,1.32,0.32,20029,1,31.25,35.0,0.44,0,109556
2299518,35.6,35.63,33.67,35.32,1,0,10.0,14.21,36.11,1.32,0.32,20029,1,31.25,35.0,0.47,0,110056
2300027,35.64,35.64,33.67,35.32,1,0,9.75,14.21,36.11,1.32,0.32,20029,1,31.23,35.0,0.47,0,110556
2300536,35.64,35.64,33.67,35.32,1,0,9.75,14.21,36.11,1.32,0.32,20029,1,31.23,35.0,0.47,0,111056
2301045,35.64,35.64,33.67,35.32,1,0,9.75,14.21,36.11,1.32,0.32,20029,1,31.23,35.0,0.47,0,111556
2301554,35.64,35.64,33.67,35.32,1,0,9.75,14.21,36.11,1.32,0.32,20029,1,31.23,35.0,0.47,0,112056
2302063,35.59,35.61,33.67,35.32,1,0,9.75,14.2,36.11,1.32,0.32,20029,1,31.24,35.0,0.49,0,112569
2302572,35.59,35.6,33.67,35.32,1,0,9.75,14.2,36.11,1.32,0.32,20029,1,31.24,35.0,0.51,0,113069
2303081,35.59,35.59,33.67,35.32,1,0,9.75,14.2,36.11,1.32,0.32,20029,1,31.24,35.0,0.51,0,113569
2303590,35.59,35.59,33.67,35.32,1,0,9.75,14.2,36.11,1.32,0.32,20029,1,31.24,35.0,0.52,0,114069
2304099,35.59,35.59,33.67,35.32,1,0,9.75,14.2,36.11,1.32,0.32,20029,1,31.24,35.0,0.52,0,114569
2304608,35.62,35.6,33.67,35.32,1,0,10.17,14.23,36.11,1.32,0.32,20029,1,31.27,35.0,0.5,0,115069
2305118,35.62,35.61,33.67,35.32,1,0,9.39,14.23,36.11,1.32,0.32,20029,1,31.25,35.0,0.5,0,115569
2305627,35.62,35.61,33.67,35.32,1,0,9.39,14.22,36.11,1.32,0.32,20029,1,31.25,35.0,0.49,0,116069
2306136,35.57,35.59,33.67,35.32,1,0,9.68,14.19,36.11,1.32,0.32,20029,1,31.24,35.0,0.52,0,116569
2306645,35.57,35.58,33.67,35.32,1,0,9.68,14.19,36.11,1.32,0.32,20029,1,31.24,35.0,0.53,0,117069
2307154,35.53,35.55,33.67,35.32,1,0,9.43,14.21,36.11,1.32,0.32,20029,1,31.28,35.0,0.55,0,117569
2307663,35.51,35.54,33.67,35.32,1,0,9.57,14.21,36.11,1.32,0.32,20029,1,31.25,35.0,0.56,0,118070
2308172,35.51,35.53,33.67,35.32,1,0,9.57,14.18,36.11,1.32,0.32,20029,1,31.25,35.0,0.58,0,118571
2308681,35.49,35.52,33.67,35.32,1,0,9.18,14.18,36.11,1.32,0.32,20029,1,31.27,35.0,0.59,0,119071
2309190,35.49,35.5,33.67,35.32,1,0,9.18,14.18,36.11,1.32,0.32,20029,1,31.27,35.0,0.6,0,119571
2309699,35.49,35.49,33.67,35.32,1,0,9.18,14.18,36.11,1.32,0.32,20029,1,31.27,35.0,0.61,0,120071
2310208,35.47,35.48,33.67,35.32,1,0,9.79,14.17,36.11,1.32,0.32,20029,1,31.27,35.0,0.62,0,120571
2310717,35.47,35.48,33.67,35.32,1,0,9.79,14.17,36.11,1.32,0.32,20029,1,31.27,35.0,0.63,0,121071
2311226,35.43,35.45,33.67,35.32,1,0,9.88,14.14,36.11,1.32,0.32,20029,1,31.25,35.0,0.65,0,121571
2311735,35.43,35.44,33.67,35.32,1,0,9.88,14.14,36.11,1.32,0.32,20029,1,31.25,35.0,0.67,0,122071
2312244,35.43,35.43,33.67,35.32,1,0,9.88,14.14,36.11,1.32,0.32,20029,1,31.25,35.0,0.67,0,122571
2312753,35.47,35.45,33.67,35.32,1,0,9.55,14.17,36.11,1.32,0.32,20029,1,31.27,35.0,0.65,0,123071
2313262,35.47,35.46,33.67,35.32,1,0,9.55,14.17,36.11,1.32,0.32,20029,1,31.27,35.0,0.64,0,123571
2313771,35.4,35.43,33.67,35.32,1,0,9.34,14.14,36.11,1.32,0.32,20029,1,31.27,35.0,0.68,0,124071
2314280,35.4,35.41,33.67,35.32,1,0,9.5,14.14,36.11,1.32,0.32,20029,1,31.25,35.0,0.69,0,124571
2314789,35.4,35.41,33.67,35.32,1,0,9.5,14.13,36.11,1.32,0.32,20029,1,31.25,35.0,0.7,0,125071
2315298,35.43,35.4,33.67,35.32,1,0,9.68,14.13,36.11,1.32,0.32,20029,1,31.24,35.0,0.71,0,125571
2315807,35.43,35.41,33.67,35.32,1,0,9.68,14.13,36.11,1.32,0.32,20029,1,31.24,35.0,0.69,0,126071
2316316,35.43,35.42,33.67,35.32,1,0,9.68,14.13,36.11,1.32,0.32,20029,1,31.24,35.0,0.69,0,126571
2316837,35.4,35.42,33.67,35.32,1,0,9.41,14.13,36.11,1.32,0.32,20029,1,31.28,35.0,0.68,0,127071
2317346,35.4,35.41,33.67,35.32,1,0,9.41,14.15,36.11,1.32,0.32,20029,1,31.28,35.0,0.7,0,127571
2317855,35.4,35.41,33.67,35.32,1,0,9.41,14.15,36.11,1.32,0.32,20029,1,31.28,35.0,0.7,0,128071
2318364,35.34,35.4,33.67,35.32,1,0,8.82,14.15,36.11,1.32,0.32,20029,1,31.25,35.0,0.7,0,128571
2318873,35.34,35.37,33.67,35.32,1,0,8.82,14.1,36.11,1.32,0.32,20029,1,31.25,35.0,0.74,0,129071
2319382,35.38,35.36,33.67,35.32,1,0,9.36,14.1,36.11,1.32,0.32,20029,1,31.27,35.0,0.75,0,129571
2319891,35.3,35.37,33.67,35.32,1,0,9.7,14.13,36.11,1.32,0.32,20029,1,31.27,35.0,0.74,0,130071
2320400,35.31,35.33,33.67,35.32,1,0,9.97,14.09,36.11,1.32,0.32,20029,1,31.27,35.0,0.77,0,130571
2320909,35.31,35.32,33.67,35.32,1,0,9.97,14.1,36.11,1.32,0.32,20029,1,31.27,35.0,0.78,0,131071
2321418,35.28,35.32,33.67,35.32,1,0,9.66,14.1,36.11,1.32,0.32,20029,1,31.25,35.0,0.79,0,131571
2321927,35.28,35.3,33.67,35.32,0,0,9.34,14.07,36.11,1.32,0.32,132071,0,31.28,35.0,0.81,0,0
2322436,35.24,35.29,33.7,35.32,0,0,8.91,14.1,35.29,1.29,0.32,132071,0,31.27,35.0,0.0,0,500
2322945,35.24,35.26,33.7,35.32,0,0,8.91,14.07,35.26,1.29,0.32,132071,0,31.27,35.0,0.0,0,1000
2323454,35.31,35.25,33.7,35.32,0,0,9.25,14.07,35.25,1.29,0.32,132071,0,31.25,35.0,0.0,0,1500
2323963,35.28,35.28,33.7,35.32,0,0,9.52,14.09,35.25,1.29,0.32,132071,0,31.27,35.0,0.03,0,2000
2324472,35.28,35.28,33.7,35.32,0,0,9.52,14.09,35.25,1.29,0.32,132071,0,31.27,35.0,0.02,0,2500
2324981,35.28,35.28,33.7,35.32,0,0,9.52,14.09,35.25,1.29,0.32,132071,0,31.27,35.0,0.02,0,3000
2325490,35.27,35.27,33.7,35.32,0,0,9.5,14.07,35.25,1.29,0.32,132071,0,31.25,35.0,0.02,0,4002
2325999,35.27,35.27,33.7,35.32,0,0,9.5,14.07,35.25,1.29,0.32,132071,0,31.25,35.0,0.01,0,4502
2326508,35.18,35.23,33.7,35.32,0,0,9.48,14.06,35.23,1.29,0.32,132071,0,31.28,35.0,0.0,0,5002
2327017,35.21,35.22,33.7,35.32,0,0,9.55,14.05,35.22,1.29,0.32,132071,0,31.27,35.0,0.0,0,5502
2327526,35.21,35.21,33.7,35.32,0,0,9.55,14.05,35.21,1.29,0.32,132071,0,31.27,35.0,0.0,0,6002
2328035,35.23,35.22,33.7,35.32,0,0,9.57,14.06,35.21,1.29,0.32,132071,0,31.27,35.0,0.0,0,6502
2328544,35.23,35.22,33.7,35.32,0,0,9.57,14.06,35.21,1.29,0.32,132071,0,31.27,35.0,0.0,0,7002
2329053,35.23,35.22,33.7,35.32,0,0,9.57,14.06,35.21,1.29,0.32,132071,0,31.27,35.0,0.01,0,7502
2329562,35.23,35.22,33.7,35.32,0,0,9.57,14.06,35.21,1.29,0.32,132071,0,31.27,35.0,0.01,0,8002
2330071,35.23,35.22,33.7,35.32,0,0,9.57,14.06,35.21,1.29,0.32,132071,0,31.27,35.0,0.01,0,8502
2330580,35.17,35.2,33.7,35.32,0,0,9.7,14.05,35.2,1.29,0.32,132071,0,31.28,35.0,0.0,0,9002
2331089,35.17,35.18,33.7,35.32,0,0,9.7,14.05,35.18,1.29,0.32,132071,0,31.28,35.0,0.0,0,9502
2331598,35.17,35.17,33.7,35.32,0,0,9.7,14.05,35.17,1.29,0.32,132071,0,31.28,35.0,0.0,0,10002
2332107,35.14,35.16,33.7,35.32,0,0,10.2,14.04,35.16,1.29,0.32,132071,0,31.28,35.0,0.0,0,10502
2332616,35.13,35.14,33.7,35.32,0,0,10.15,14.01,35.14,1.29,0.32,132071,0,31.25,35.0,0.0,0,11002
2333125,35.14,35.14,33.7,35.32,0,0,10.29,14.01,35.14,1.29,0.32,132071,0,31.28,35.0,0.0,0,11502
2333634,35.14,35.14,33.7,35.32,0,0,10.29,14.04,35.14,1.29,0.32,132071,0,31.28,35.0,0.0,0,12002
2334143,35.14,35.14,33.7,35.32,0,0,10.49,14.04,35.14,1.29,0.32,132071,0,31.28,35.0,0.0,0,12502
2334652,35.14,35.14,33.7,35.32,0,0,10.49,14.04,35.14,1.29,0.32,132071,0,31.28,35.0,0.0,0,13002
2335161,35.06,35.14,33.7,35.32,0,0,10.78,14.04,35.14,1.29,0.32,132071,0,31.28,35.0,0.0,0,13503
2335670,35.06,35.1,33.7,35.32,0,0,10.78,14.01,35.1,1.29,0.32,132071,0,31.28,35.0,0.0,0,14004
2336179,35.09,35.1,33.7,35.32,0,0,10.8,14.0,35.1,1.29,0.32,132071,0,31.27,35.0,0.0,0,14505
2336688,35.09,35.09,33.7,35.32,0,0,10.8,14.0,35.09,1.29,0.32,132071,0,31.27,35.0,0.0,0,15005
2337197,35.09,35.09,33.7,35.32,0,0,10.8,14.0,35.09,1.29,0.32,132071,0,31.27,35.0,0.0,0,15505
2337706,35.08,35.09,33.7,35.32,0,0,11.13,14.0,35.09,1.29,0.32,132071,0,31.3,35.0,0.0,0,16005
2338215,35.08,35.09,33.7,35.32,0,0,11.13,14.02,35.09,1.29,0.32,132071,0,31.3,35.0,0.0,0,16505
2338724,35.06,35.08,33.7,35.32,0,0,11.27,14.01,35.08,1.29,0.32,132071,0,31.28,35.0,0.0,0,17005
2339233,35.06,35.07,33.7,35.32,0,0,11.27,14.01,35.07,1.29,0.32,132071,0,31.28,35.0,0.0,0,17505
2339742,35.06,35.07,33.7,35.32,0,0,11.27,14.01,35.07,1.29,0.32,132071,0,31.28,35.0,0.0,0,18005
2340251,35.05,35.06,33.7,35.32,0,0,11.58,14.0,35.06,1.29,0.32,132071,0,31.28,35.0,0.0,0,18505
2340760,35.05,35.05,33.7,35.32,0,0,11.58,14.0,35.05,1.29,0.32,132071,0,31.28,35.0,0.0,0,19005
2341269,35.02,35.04,33.7,35.32,0,0,11.86,13.99,35.04,1.29,0.32,132071,0,31.28,35.0,0.0,0,19506
2341778,35.03,35.03,33.7,35.32,0,0,11.89,13.99,35.03,1.29,0.32,132071,0,31.27,35.0,0.0,0,20006
2342287,35.03,35.03,33.7,35.32,0,0,11.89,13.98,35.03,1.29,0.32,132071,0,31.27,35.0,0.0,0,20506
2342796,35.03,35.03,33.7,35.32,0,0,11.89,13.98,35.03,1.29,0.32,132071,0,31.27,35.0,0.0,0,21006
2343305,35.03,35.03,33.7,35.32,0,0,11.89,13.98,35.03,1.29,0.32,132071,0,31.27,35.0,0.0,0,21506
2343814,35.01,35.02,33.7,35.32,0,0,11.53,13.98,35.02,1.29,0.32,132071,0,31.28,35.0,0.0,0,22006
2344323,35.01,35.01,33.7,35.32,0,0,12.15,13.98,35.01,1.29,0.32,132071,0,31.28,35.0,0.0,0,22506
2344832,35.01,35.01,33.7,35.32,0,0,12.15,13.98,35.01,1.29,0.32,132071,0,31.28,35.0,0.0,0,23006
2345341,35.01,35.01,33.7,35.32,0,0,12.37,13.98,35.01,1.29,0.32,132071,0,31.28,35.0,0.0,0,23506
2345850,35.05,35.01,33.7,35.32,0,0,12.53,13.98,35.01,1.29,0.32,132071,0,31.28,35.0,0.0,0,24006
2346359,35.05,35.03,33.7,35.32,0,0,12.53,14.0,35.01,1.29,0.32,132071,0,31.28,35.0,0.02,0,24506
2346868,35.02,35.04,33.7,35.32,0,0,12.75,14.0,35.01,1.29,0.32,132071,0,31.28,35.0,0.03,0,25006
2347377,35.02,35.03,33.7,35.32,0,0,12.75,13.99,35.01,1.29,0.32,132071,0,31.28,35.0,0.02,0,25506
2347886,35.02,35.02,33.7,35.32,0,0,12.75,13.99,35.01,1.29,0.32,132071,0,31.28,35.0,0.01,0,26006
2348395,35.02,35.02,33.7,35.32,0,0,12.9,13.97,35.01,1.29,0.32,132071,0,31.27,35.0,0.01,0,26506
2348904,35.01,35.02,33.7,35.32,0,0,12.53,13.97,35.01,1.29,0.32,132071,0,31.28,35.0,0.01,0,27006
2349413,35.02,35.01,33.7,35.32,0,0,13.27,13.98,35.01,1.29,0.32,132071,0,31.3,35.0,0.0,0,27506
2349922,35.02,35.02,33.7,35.32,0,0,13.27,14.0,35.01,1.29,0.32,132071,0,31.3,35.0,0.01,0,28006
2350431,35.02,35.02,33.7,35.32,0,0,13.27,14.0,35.01,1.29,0.32,132071,0,31.3,35.0,0.01,0,28506
2350940,35.02,35.02,33.7,35.32,0,0,13.27,14.0,35.01,1.29,0.32,132071,0,31.3,35.0,0.01,0,29006
2351449,35.02,35.02,33.7,35.32,0,0,13.27,14.0,35.01,1.29,0.32,132071,0,31.3,35.0,0.01,0,29506
2351958,35.08,35.02,33.7,35.32,0,0,13.21,14.0,35.01,1.29,0.32,132071,0,31.3,35.0,0.01,0,30006
2352467,35.09,35.05,33.7,35.32,0,0,13.45,14.02,35.01,1.29,0.32,132071,0,31.28,35.0,0.04,0,30506
2352976,35.09,35.07,33.7,35.32,0,0,13.45,14.02,35.01,1.29,0.32,132071,0,31.28,35.0,0.06,0,31006
2353485,35.03,35.08,33.7,35.32,0,0,13.82,14.02,35.01,1.29,0.32,132071,0,31.28,35.0,0.07,0,31506
2353994,35.05,35.06,33.7,35.32,0,0,13.95,13.99,35.01,1.29,0.32,132071,0,31.31,35.0,0.05,0,32010
2354503,35.05,35.05,33.7,35.32,0,0,13.95,14.02,35.01,1.29,0.32,132071,0,31.31,35.0,0.04,0,32520
2355012,35.05,35.05,33.7,35.32,0,0,13.95,14.02,35.01,1.29,0.32,132071,0,31.31,35.0,0.04,0,33524
2355521,35.04,35.04,33.7,35.32,0,0,14.21,14.02,35.01,1.29,0.32,132071,0,31.31,35.0,0.03,0,34024
2356030,35.03,35.04,33.7,35.32,0,0,14.25,13.99,35.01,1.29,0.32,132071,0,31.28,35.0,0.03,0,34524
2356539,35.03,35.04,33.7,35.32,0,0,14.25,13.99,35.01,1.29,0.32,132071,0,31.28,35.0,0.03,0,35024
2357048,35.03,35.04,33.7,35.32,0,0,14.25,13.99,35.01,1.29,0.32,132071,0,31.28,35.0,0.02,0,35524
2357557,35.09,35.06,33.7,35.32,0,0,14.49,14.0,35.01,1.29,0.32,132071,0,31.27,35.0,0.05,0,36024
2358066,35.08,35.07,33.7,35.32,0,0,14.4,14.04,35.01,1.29,0.32,132071,0,31.31,35.0,0.06,0,36524
2358575,35.11,35.09,33.7,35.32,0,0,13.82,14.02,35.01,1.29,0.32,132071,0,31.28,35.0,0.08,0,37024
2359084,35.09,35.1,33.7,35.32,0,0,14.75,14.02,35.01,1.29,0.32,132071,0,31.28,35.0,0.09,0,37524
2359593,35.09,35.1,33.7,35.32,0,0,14.75,14.02,35.01,1.29,0.32,132071,0,31.28,35.0,0.09,0,38024
2360102,35.13,35.11,33.7,35.32,0,0,14.8,14.06,35.01,1.29,0.32,132071,0,31.31,35.0,0.1,0,38524
2360611,35.13,35.12,33.7,35.32,0,0,14.8,14.06,35.01,1.29,0.32,132071,0,31.31,35.0,0.11,0,39024
2361120,35.13,35.12,33.7,35.32,0,0,14.8,14.06,35.01,1.29,0.32,132071,0,31.31,35.0,0.11,0,39524
2361629,35.13,35.12,33.7,35.32,0,0,14.8,14.06,35.01,1.29,0.32,132071,0,31.31,35.0,0.11,0,40024
2362138,35.12,35.12,33.7,35.32,0,0,15.06,14.06,35.01,1.29,0.32,132071,0,31.28,35.0,0.11,0,40524
2362647,35.12,35.12,33.7,35.32,0,0,15.06,14.03,35.01,1.29,0.32,132071,0,31.28,35.0,0.11,0,41024
2363156,35.12,35.12,33.7,35.32,0,0,15.06,14.03,35.01,1.29,0.32,132071,0,31.28,35.0,0.11,0,41524
2363665,35.12,35.12,33.7,35.32,0,0,15.06,14.03,35.01,1.29,0.32,132071,0,31.28,35.0,0.11,0,42024
2364174,35.12,35.12,33.7,35.32,0,0,15.06,14.03,35.01,1.29,0.32,132071,0,31.28,35.0,0.11,0,42525
2364683,35.24,35.18,33.7,35.32,1,0,15.08,14.12,35.01,1.29,0.32,43026,0,31.32,35.0,0.17,0,0
2365192,35.17,35.17,33.7,35.3,1,0,15.58,14.06,35.17,1.29,0.3,43026,0,31.3,35.0,0.0,0,501
2365704,35.2,35.17,33.7,35.3,1,0,15.86,14.06,35.17,1.29,0.3,43026,0,31.31,35.0,0.0,0,1001
2366213,35.2,35.18,33.7,35.3,1,0,15.86,14.09,35.18,1.29,0.3,43026,0,31.31,35.0,0.0,0,1501
2366722,35.23,35.19,33.7,35.3,1,0,15.34,14.09,35.19,1.29,0.3,43026,0,31.3,35.0,0.0,0,2001
2367231,35.23,35.21,33.7,35.3,1,0,15.34,14.09,35.21,1.29,0.3,43026,0,31.3,35.0,0.0,0,2501
2367740,35.24,35.22,33.7,35.3,1,0,15.79,14.09,35.22,1.29,0.3,43026,0,31.32,35.0,0.0,0,3001
2368249,35.24,35.23,33.7,35.3,1,0,15.79,14.12,35.23,1.29,0.3,43026,0,31.32,35.0,0.0,0,3501
2368758,35.24,35.24,33.7,35.3,1,0,15.79,14.12,35.24,1.29,0.3,43026,0,31.32,35.0,0.0,0,4001
2369267,35.24,35.24,33.7,35.3,1,0,15.79,14.12,35.24,1.29,0.3,43026,0,31.32,35.0,0.0,0,4501
2369776,35.24,35.24,33.7,35.3,1,0,15.79,14.12,35.24,1.29,0.3,43026,0,31.32,35.0,0.0,0,5001
2370285,35.29,35.26,33.7,35.3,1,0,15.92,14.14,35.26,1.29,0.3,43026,0,31.32,35.0,0.0,0,5501
2370794,35.32,35.29,33.7,35.3,1,0,15.86,14.14,35.29,1.29,0.3,43026,0,31.31,35.0,0.0,0,6005
2371310,35.3,35.3,33.7,35.3,1,0,15.84,14.14,35.3,1.29,0.3,43026,0,31.32,35.0,0.0,0,6505
2371819,35.3,35.3,33.7,35.3,1,0,15.84,14.15,35.3,1.29,0.3,43026,0,31.32,35.0,0.0,0,7005
2372328,35.32,35.3,33.7,35.3,1,0,15.94,14.15,35.3,1.29,0.3,43026,0,31.31,35.0,0.0,0,7505
2372837,35.32,35.31,33.7,35.3,1,0,15.94,14.14,35.31,1.29,0.3,43026,0,31.31,35.0,0.0,0,8005
2373346,35.37,35.34,33.7,35.3,1,0,15.79,14.18,35.34,1.29,0.3,43026,0,31.32,35.0,0.0,0,8505
2373855,35.37,35.36,33.7,35.3,1,0,15.79,14.18,35.36,1.29,0.3,43026,0,31.32,35.0,0.0,0,9005
2374364,35.36,35.37,33.7,35.3,1,0,15.92,14.18,35.37,1.29,0.3,43026,0,31.31,35.0,0.0,0,9505
2374873,35.36,35.36,33.7,35.3,1,0,15.92,14.16,35.37,1.29,0.3,43026,0,31.31,35.0,0.0,0,10005
2375382,35.39,35.38,33.7,35.3,1,0,15.92,14.2,35.38,1.29,0.3,43026,0,31.34,35.0,0.0,0,10505
2375891,35.39,35.38,33.7,35.3,1,0,15.92,14.2,35.38,1.29,0.3,43026,0,31.34,35.0,0.0,0,11005
2376400,35.42,35.39,33.7,35.3,1,0,15.45,14.2,35.39,1.29,0.3,43026,0,31.31,35.0,0.0,0,11505
2376909,35.43,35.4,33.7,35.3,1,0,15.71,14.18,35.4,1.29,0.3,43026,0,31.31,35.0,0.0,0,12005
2377418,35.43,35.42,33.7,35.3,1,0,15.71,14.19,35.42,1.29,0.3,43026,0,31.31,35.0,0.0,0,12505
2377927,35.43,35.43,33.7,35.3,1,0,15.71,14.19,35.43,1.29,0.3,43026,0,31.31,35.0,0.0,0,13005
2378436,35.51,35.43,33.7,35.3,1,0,15.6,14.19,35.43,1.29,0.3,43026,0,31.32,35.0,0.0,0,13505
2378945,35.51,35.47,33.7,35.3,1,0,15.6,14.23,35.47,1.29,0.3,43026,0,31.32,35.0,0.0,0,14005
2379454,35.52,35.49,33.7,35.3,1,0,16.22,14.23,35.49,1.29,0.3,43026,0,31.31,35.0,0.0,0,14505
2379963,35.52,35.5,33.7,35.3,1,0,16.22,14.23,35.5,1.29,0.3,43026,0,31.31,35.0,0.0,0,15005
2380472,35.52,35.51,33.7,35.3,1,0,15.38,14.23,35.51,1.29,0.3,43026,0,31.34,35.0,0.0,0,15505
2380981,35.52,35.51,33.7,35.3,1,0,15.38,14.25,35.51,1.29,0.3,43026,0,31.34,35.0,0.0,0,16005
2381490,35.55,35.52,33.7,35.3,1,0,15.32,14.25,35.52,1.29,0.3,43026,0,31.34,35.0,0.0,0,16505
2381999,35.55,35.53,33.7,35.3,1,0,15.32,14.27,35.53,1.29,0.3,43026,0,31.34,35.0,0.0,0,17005
2382508,35.56,35.54,33.7,35.3,1,0,15.21,14.27,35.54,1.29,0.3,43026,0,31.31,35.0,0.0,0,17505
2383017,35.59,35.55,33.7,35.3,1,0,14.77,14.25,35.55,1.29,0.3,43026,0,31.32,35.0,0.0,0,18005
2383526,35.59,35.57,33.7,35.3,1,0,14.77,14.27,35.57,1.29,0.3,43026,0,31.32,35.0,0.0,0,18512
2384035,35.65,35.58,33.7,35.3,1,0,15.25,14.27,35.58,1.29,0.3,43026,0,31.32,35.0,0.0,0,19025
2384544,35.62,35.62,33.7,35.3,1,0,15.16,14.3,35.62,1.29,0.3,43026,0,31.32,35.0,0.0,0,19534
2385053,35.62,35.62,33.7,35.3,1,0,15.16,14.28,35.62,1.29,0.3,43026,0,31.32,35.0,0.0,0,20043
2385562,35.68,35.65,33.7,35.3,1,0,15.79,14.3,35.65,1.29,0.3,43026,0,31.31,35.0,0.0,0,21048
2386071,35.68,35.67,33.7,35.3,1,0,15.79,14.3,35.67,1.29,0.3,43026,0,31.31,35.0,0.0,0,21548
2386580,35.68,35.67,33.7,35.3,1,0,15.79,14.3,35.67,1.29,0.3,43026,0,31.31,35.0,0.0,0,22048
2387089,35.74,35.71,33.7,35.3,1,0,14.75,14.35,35.71,1.29,0.3,43026,0,31.34,35.0,0.0,0,22548
2387598,35.74,35.72,33.7,35.3,1,0,14.75,14.35,35.72,1.29,0.3,43026,0,31.34,35.0,0.0,0,23048
2388107,35.71,35.72,33.7,35.3,1,0,14.75,14.31,35.72,1.29,0.3,43026,0,31.31,35.0,0.0,0,23548
2388616,35.77,35.74,33.7,35.3,1,0,14.86,14.34,35.74,1.29,0.3,43026,0,31.31,35.0,0.0,0,24048
2389125,35.8,35.75,33.7,35.3,1,0,14.77,14.34,35.75,1.29,0.3,43026,0,31.31,35.0,0.0,0,24548
2389634,35.8,35.78,33.7,35.3,1,0,14.77,14.35,35.78,1.29,0.3,43026,0,31.31,35.0,0.0,0,25048
2390143,35.8,35.79,33.7,35.3,1,0,14.77,14.35,35.79,1.29,0.3,43026,0,31.31,35.0,0.0,0,25548
2390652,35.87,35.83,33.7,35.3,1,0,14.67,14.41,35.83,1.29,0.3,43026,0,31.34,35.0,0.0,0,26048
2391161,35.92,35.87,33.7,35.3,1,0,14.49,14.43,35.87,1.29,0.3,43026,0,31.34,35.0,0.0,0,26551
2391670,35.92,35.89,33.7,35.3,1,0,14.49,14.43,35.89,1.29,0.3,43026,0,31.34,35.0,0.0,0,27051
2392179,35.93,35.91,33.7,35.3,1,0,14.45,14.42,35.91,1.29,0.3,43026,0,31.32,35.0,0.0,0,27551
2392688,35.93,35.92,33.7,35.3,1,0,14.45,14.42,35.92,1.29,0.3,43026,0,31.32,35.0,0.0,0,28051
2393197,35.93,35.93,33.7,35.3,1,0,14.45,14.42,35.93,1.29,0.3,43026,0,31.32,35.0,0.0,0,28551
2393717,35.99,35.93,33.7,35.3,1,0,14.3,14.42,35.93,1.29,0.3,43026,0,31.34,35.0,0.0,0,29051
2394226,35.99,35.96,33.7,35.3,1,0,14.3,14.46,35.96,1.29,0.3,43026,0,31.34,35.0,0.0,0,29551
2394735,36.05,35.97,33.7,35.3,1,0,14.34,14.46,35.97,1.29,0.3,43026,0,31.32,35.0,0.0,0,30051
2395244,36.05,36.01,33.7,35.3,1,0,14.34,14.47,36.01,1.29,0.3,43026,0,31.32,35.0,0.0,0,30551
2395753,36.05,36.03,33.7,35.3,1,0,14.34,14.47,36.03,1.29,0.3,43026,0,31.32,35.0,0.0,0,31051
2396262,36.05,36.04,33.7,35.3,1,0,14.08,14.48,36.04,1.29,0.3,43026,0,31.34,35.0,0.0,0,31551
2396771,36.05,36.04,33.7,35.3,1,0,14.08,14.48,36.04,1.29,0.3,43026,0,31.34,35.0,0.0,0,32054
2397280,36.1,36.05,33.7,35.3,1,0,14.19,14.48,36.05,1.29,0.3,43026,0,31.32,35.0,0.0,0,32554
2397789,36.1,36.08,33.7,35.3,1,0,14.19,14.49,36.08,1.29,0.3,43026,0,31.32,35.0,0.0,0,33054
2398298,36.15,36.11,33.7,35.3,1,0,13.95,14.53,36.11,1.29,0.3,43026,0,31.34,35.0,0.0,0,33554
2398807,36.18,36.13,33.7,35.3,1,0,13.84,14.53,36.13,1.29,0.3,43026,0,31.34,35.0,0.0,0,34054
2399316,36.18,36.15,33.7,35.3,1,0,13.84,14.54,36.15,1.29,0.3,43026,0,31.34,35.0,0.0,0,34554
2399825,36.18,36.17,33.7,35.3,1,0,13.84,14.54,36.17,1.29,0.3,43026,0,31.34,35.0,0.0,0,35054
2400334,36.18,36.17,33.7,35.3,1,0,13.84,14.54,36.17,1.29,0.3,43026,0,31.34,35.0,0.0,0,35554
2400843,36.32,36.18,33.7,35.3,1,0,13.84,14.54,36.18,1.29,0.3,43026,0,31.34,35.0,0.0,0,36054
2401352,36.32,36.25,33.7,35.3,1,0,13.84,14.6,36.25,1.29,0.3,43026,0,31.34,35.0,0.0,0,36554
2401861,36.28,36.29,33.7,35.3,1,0,13.82,14.6,36.29,1.29,0.3,43026,0,31.32,35.0,0.0,0,37056
2402370,36.28,36.28,33.7,35.3,1,0,13.82,14.57,36.29,1.29,0.3,43026,0,31.32,35.0,0.0,0,37556
2402879,36.28,36.28,33.7,35.3,1,0,13.82,14.57,36.29,1.29,0.3,43026,0,31.32,35.0,0.0,0,38056
2403388,36.28,36.28,33.7,35.3,1,0,13.82,14.57,36.29,1.29,0.3,43026,0,31.32,35.0,0.0,0,38556
2403897,36.37,36.28,33.7,35.3,1,0,13.51,14.57,36.29,1.29,0.3,43026,0,31.34,35.0,0.0,0,39056
2404408,36.37,36.32,33.7,35.3,1,0,13.51,14.62,36.32,1.29,0.3,43026,0,31.34,35.0,0.0,0,39556
2404917,36.38,36.34,33.7,35.3,1,0,13.56,14.62,36.34,1.29,0.3,43026,0,31.34,35.0,0.0,0,40056
2405426,36.43,36.36,33.7,35.3,1,0,13.42,14.63,36.36,1.29,0.3,43026,0,31.35,35.0,0.0,0,40556
2405935,36.43,36.4,33.7,35.3,1,0,13.42,14.66,36.4,1.29,0.3,43026,0,31.35,35.0,0.0,0,41056
2406444,36.44,36.41,33.7,35.3,1,0,13.36,14.66,36.41,1.29,0.3,43026,0,31.34,35.0,0.0,0,41556
2406953,36.44,36.43,33.7,35.3,1,0,13.36,14.65,36.43,1.29,0.3,43026,0,31.34,35.0,0.0,0,42056
2407462,36.44,36.43,33.7,35.3,1,0,13.47,14.65,36.43,1.29,0.3,43026,0,31.34,35.0,0.0,0,42556
2407971,36.46,36.44,33.7,35.3,1,0,13.34,14.67,36.44,1.29,0.3,43026,0,31.35,35.0,0.0,0,43071
2408480,36.47,36.45,33.7,35.3,1,0,13.36,14.67,36.45,1.29,0.3,43026,0,31.34,35.0,0.0,0,43571
2408989,36.47,36.46,33.7,35.3,1,0,13.36,14.66,36.46,1.29,0.3,43026,0,31.34,35.0,0.0,0,44071
2409498,36.47,36.47,33.7,35.3,1,0,13.36,14.66,36.47,1.29,0.3,43026,0,31.34,35.0,0.0,0,44571
2410007,36.56,36.51,33.7,35.3,1,0,13.16,14.72,36.51,1.29,0.3,43026,0,31.37,35.0,0.0,0,45071
2410516,36.53,36.54,33.7,35.3,1,0,12.75,14.72,36.54,1.29,0.3,43026,0,31.32,35.0,0.0,0,45571
2411025,36.53,36.53,33.7,35.3,1,0,12.75,14.67,36.54,1.29,0.3,43026,0,31.32,35.0,0.0,0,46071
2411534,36.57,36.53,33.7,35.3,1,0,12.99,14.67,36.54,1.29,0.3,43026,0,31.34,35.0,0.0,0,46571
2412043,36.57,36.55,33.7,35.3,1,0,12.99,14.71,36.55,1.29,0.3,43026,0,31.34,35.0,0.0,0,47071
2412552,36.6,36.56,33.7,35.3,1,0,13.03,14.71,36.56,1.29,0.3,43026,0,31.35,35.0,0.0,0,47571
2413061,36.6,36.58,33.7,35.3,1,0,13.03,14.73,36.58,1.29,0.3,43026,0,31.35,35.0,0.0,0,48071
2413570,36.6,36.59,33.7,35.3,1,0,13.03,14.73,36.59,1.29,0.3,43026,0,31.35,35.0,0.0,0,48571
2414079,36.56,36.6,33.7,35.3,1,0,13.07,14.73,36.6,1.29,0.3,43026,0,31.32,35.0,0.0,0,49071
2414588,36.56,36.57,33.7,35.3,1,0,13.07,14.69,36.6,1.29,0.3,43026,0,31.32,35.0,0.03,0,50074
2415097,36.56,36.56,33.7,35.3,1,0,13.07,14.69,36.6,1.29,0.3,43026,0,31.32,35.0,0.03,0,50574
2415606,36.63,36.6,33.7,35.3,1,0,12.72,14.73,36.6,1.29,0.3,43026,0,31.34,35.0,0.0,0,51074
2416115,36.65,36.62,33.7,35.3,1,0,12.72,14.75,36.62,1.29,0.3,43026,0,31.35,35.0,0.0,0,51574
2416624,36.65,36.64,33.7,35.3,1,0,12.72,14.75,36.64,1.29,0.3,43026,0,31.35,35.0,0.0,0,52074
2417133,36.65,36.64,33.7,35.3,1,0,12.94,14.74,36.64,1.29,0.3,43026,0,31.34,35.0,0.0,0,52574
2417642,36.66,36.64,33.7,35.3,1,0,12.66,14.74,36.64,1.29,0.3,43026,0,31.35,35.0,0.0,0,53074
2418151,36.66,36.65,33.7,35.3,1,0,12.66,14.76,36.65,1.29,0.3,43026,0,31.35,35.0,0.0,0,53574
2418660,36.75,36.7,33.7,35.3,1,0,12.53,14.78,36.7,1.29,0.3,43026,0,31.34,35.0,0.0,0,54074
2419169,36.75,36.73,33.7,35.3,1,0,12.53,14.78,36.73,1.29,0.3,43026,0,31.34,35.0,0.0,0,54574
2419678,36.71,36.72,33.7,35.3,1,0,12.53,14.77,36.73,1.29,0.3,43026,0,31.35,35.0,0.01,0,55074
2420187,36.81,36.76,33.7,35.3,1,0,12.64,14.8,36.76,1.29,0.3,43026,0,31.34,35.0,0.0,0,55574
2420696,36.74,36.75,33.7,35.3,1,0,12.44,14.79,36.76,1.29,0.3,43026,0,31.35,35.0,0.01,0,56074
2421205,36.76,36.76,33.7,35.3,1,0,12.37,14.79,36.76,1.29,0.3,43026,0,31.34,35.0,0.0,0,56574
2421714,36.76,36.76,33.7,35.3,1,0,12.37,14.79,36.76,1.29,0.3,43026,0,31.34,35.0,0.0,0,57074
2422223,36.74,36.76,33.7,35.3,1,0,12.37,14.79,36.76,1.29,0.3,43026,0,31.37,35.0,0.0,0,57574
2422732,36.74,36.75,33.7,35.3,1,0,12.37,14.8,36.76,1.29,0.3,43026,0,31.37,35.0,0.01,0,58074
2423241,36.79,36.77,33.7,35.3,1,0,11.93,14.81,36.77,1.29,0.3,43026,0,31.35,35.0,0.0,0,58574
2423750,36.78,36.77,33.7,35.3,1,0,12.02,14.79,36.77,1.29,0.3,43026,0,31.34,35.0,0.0,0,59074
2424259,36.76,36.78,33.7,35.3,1,0,12.46,14.79,36.78,1.29,0.3,43026,0,31.34,35.0,0.0,0,59574
2424768,36.76,36.77,33.7,35.3,1,0,12.46,14.79,36.78,1.29,0.3,43026,0,31.34,35.0,0.0,0,60074
2425277,36.79,36.78,33.7,35.3,1,0,12.46,14.8,36.78,1.29,0.3,43026,0,31.34,35.0,0.0,0,60575
2425786,36.78,36.79,33.7,35.3,1,0,12.17,14.8,36.79,1.29,0.3,43026,0,31.35,35.0,0.0,0,61075
2426294,36.78,36.78,33.7,35.3,1,0,12.17,14.8,36.79,1.29,0.3,43026,0,31.35,35.0,0.0,0,61575
2426803,36.78,36.78,33.7,35.3,1,0,12.0,14.8,36.79,1.29,0.3,43026,0,31.35,35.0,0.0,0,62075
2427312,36.78,36.78,33.7,35.3,1,0,12.0,14.8,36.79,1.29,0.3,43026,0,31.35,35.0,0.0,0,62575
2427821,36.82,36.8,33.7,35.3,1,0,12.22,14.82,36.8,1.29,0.3,43026,0,31.35,35.0,0.0,0,63075
2428330,36.82,36.81,33.7,35.3,1,0,12.22,14.82,36.81,1.29,0.3,43026,0,31.35,35.0,0.0,0,63575
2428839,36.84,36.82,33.7,35.3,1,0,12.0,14.82,36.82,1.29,0.3,43026,0,31.35,35.0,0.0,0,64075
2429348,36.84,36.83,33.7,35.3,1,0,12.0,14.83,36.83,1.29,0.3,43026,0,31.35,35.0,0.0,0,64575
2429857,36.84,36.83,33.7,35.3,1,0,12.0,14.83,36.83,1.29,0.3,43026,0,31.35,35.0,0.0,0,65075
2430366,36.84,36.83,33.7,35.3,1,0,12.0,14.83,36.83,1.29,0.3,43026,0,31.35,35.0,0.0,0,65575
2430875,36.84,36.84,33.7,35.3,1,0,12.0,14.83,36.84,1.29,0.3,43026,0,31.35,35.0,0.0,0,66078
2431384,36.84,36.84,33.7,35.3,1,0,12.0,14.83,36.84,1.29,0.3,43026,0,31.35,35.0,0.0,0,66578
2431893,36.85,36.84,33.7,35.3,1,0,11.82,14.83,36.84,1.29,0.3,43026,0,31.35,35.0,0.0,0,67078
2432402,36.85,36.84,33.7,35.3,1,0,11.82,14.84,36.84,1.29,0.3,43026,0,31.35,35.0,0.0,0,67578
2432911,36.85,36.85,33.7,35.3,1,0,11.82,14.84,36.85,1.29,0.3,43026,0,31.35,35.0,0.0,0,68078
2433420,36.87,36.85,33.7,35.3,1,0,12.09,14.84,36.85,1.29,0.3,43026,0,31.35,35.0,0.0,0,68578
2433929,36.82,36.86,33.7,35.3,1,0,11.82,14.84,36.86,1.29,0.3,43026,0,31.35,35.0,0.0,0,69078
2434438,36.82,36.84,33.7,35.3,1,0,11.82,14.82,36.86,1.29,0.3,43026,0,31.35,35.0,0.01,0,69578
2434947,36.82,36.83,33.7,35.3,1,0,11.82,14.82,36.86,1.29,0.3,43026,0,31.35,35.0,0.02,0,70078
2435456,36.84,36.83,33.7,35.3,1,0,11.95,14.82,36.86,1.29,0.3,43026,0,31.35,35.0,0.03,0,70578
2435965,36.84,36.83,33.7,35.3,1,0,11.95,14.83,36.86,1.29,0.3,43026,0,31.35,35.0,0.02,0,71078
2436474,36.81,36.82,33.7,35.3,1,0,11.62,14.82,36.86,1.29,0.3,43026,0,31.35,35.0,0.03,0,71578
2436983,36.81,36.81,33.7,35.3,1,0,11.62,14.82,36.86,1.29,0.3,43026,0,31.35,35.0,0.04,0,72078
2437492,36.84,36.82,33.7,35.3,1,0,11.6,14.83,36.86,1.29,0.3,43026,0,31.35,35.0,0.03,0,72578
2438001,36.84,36.83,33.7,35.3,1,0,11.6,14.83,36.86,1.29,0.3,43026,0,31.35,35.0,0.02,0,73078
2438510,36.81,36.83,33.7,35.3,1,0,11.53,14.83,36.86,1.29,0.3,43026,0,31.37,35.0,0.02,0,73578
2439019,36.81,36.82,33.7,35.3,1,0,11.53,14.83,36.86,1.29,0.3,43026,0,31.37,35.0,0.03,0,74078
2439528,36.81,36.82,33.7,35.3,1,0,11.49,14.83,36.86,1.29,0.3,43026,0,31.34,35.0,0.04,0,74578
2440037,36.8,36.81,33.7,35.3,1,0,11.44,14.8,36.86,1.29,0.3,43026,0,31.37,35.0,0.04,0,75078
2440546,36.79,36.8,33.7,35.3,1,0,11.36,14.82,36.86,1.29,0.3,43026,0,31.35,35.0,0.05,0,75578
2441055,36.79,36.8,33.7,35.3,1,0,11.36,14.81,36.86,1.29,0.3,43026,0,31.35,35.0,0.06,0,76078
2441564,36.79,36.79,33.7,35.3,1,0,11.53,14.81,36.86,1.29,0.3,43026,0,31.35,35.0,0.06,0,76578
2442073,36.79,36.79,33.7,35.3,1,0,11.53,14.81,36.86,1.29,0.3,43026,0,31.35,35.0,0.06,0,77078
2442582,36.79,36.79,33.7,35.3,1,0,11.53,14.81,36.86,1.29,0.3,43026,0,31.35,35.0,0.06,0,77578
2443091,36.75,36.79,33.7,35.3,1,0,11.36,14.81,36.86,1.29,0.3,43026,0,31.37,35.0,0.06,0,78078
2443600,36.78,36.77,33.7,35.3,1,1,10.53,14.78,36.86,1.29,0.3,43026,0,31.32,35.0,0.08,1,79086
2444109,36.78,36.78,33.7,35.3,1,1,10.53,14.78,36.86,1.29,0.3,43026,0,31.32,35.0,0.08,1,79586
2444618,36.74,36.76,33.7,35.3,1,1,11.36,14.79,36.86,1.29,0.3,43026,0,31.35,35.0,0.1,1,80086
2445127,36.74,36.75,33.7,35.3,1,1,11.36,14.79,36.86,1.29,0.3,43026,0,31.35,35.0,0.11,1,80586
2445636,36.74,36.74,33.7,35.3,1,1,11.36,14.79,36.86,1.29,0.3,43026,0,31.35,35.0,0.11,1,81086
2446145,36.78,36.76,33.7,35.3,1,1,11.67,14.8,36.86,1.29,0.3,43026,0,31.35,35.0,0.09,1,81586
2446654,36.78,36.77,33.7,35.3,1,1,11.67,14.8,36.86,1.29,0.3,43026,0,31.35,35.0,0.08,1,82086
2447163,36.81,36.79,33.7,35.3,1,1,12.0,14.83,36.86,1.29,0.3,43026,0,31.37,35.0,0.06,1,82586
2447672,36.77,36.78,33.7,35.3,1,1,12.17,14.76,36.86,1.29,0.3,43026,0,31.31,35.0,0.07,1,83086
2448181,36.65,36.71,33.7,35.3,1,1,12.61,14.74,36.86,1.29,0.3,43026,0,31.34,35.0,0.14,1,83586
2448690,36.65,36.68,33.7,35.3,1,1,12.61,14.74,36.86,1.29,0.3,43026,1,31.34,35.0,0.17,1,84086
2449199,36.47,36.57,33.7,35.3,1,0,12.83,14.66,36.86,1.29,0.3,43026,1,31.34,35.0,0.28,1,84586
2449708,36.47,36.52,33.7,35.3,1,0,12.83,14.66,36.86,1.29,0.3,43026,1,31.34,35.0,0.33,1,85086
2450217,36.18,36.35,33.7,35.3,1,0,12.59,14.51,36.86,1.29,0.3,43026,1,31.31,35.0,0.5,1,85586
2450726,36.18,36.26,33.7,35.3,1,0,12.59,14.51,36.86,1.29,0.3,43026,1,31.31,35.0,0.59,1,86086
2451235,35.95,36.11,33.7,35.3,1,0,12.66,14.39,36.86,1.29,0.3,43026,1,31.28,35.0,0.74,1,86586
2451744,35.95,36.03,33.7,35.3,1,0,12.66,14.39,36.86,1.29,0.3,43026,1,31.28,35.0,0.82,1,87086
2452253,35.75,35.89,33.7,35.3,1,0,12.33,14.3,36.86,1.29,0.3,43026,1,31.28,35.0,0.96,1,87588
2452762,35.75,35.82,33.7,35.3,1,0,12.33,14.3,36.86,1.29,0.3,43026,1,31.28,35.0,1.03,1,88088
2453271,35.65,35.73,33.7,35.3,1,0,12.15,14.25,36.86,1.29,0.3,43026,1,31.27,35.0,1.12,1,88588
2453781,35.6,35.69,33.7,35.3,1,0,12.11,14.25,36.86,1.29,0.3,43026,1,31.25,35.0,1.16,1,89088
2454291,35.6,35.65,33.7,35.3,1,0,12.11,14.21,36.86,1.29,0.3,43026,1,31.25,35.0,1.21,1,89588
2454800,35.59,35.62,33.7,35.3,1,0,11.82,14.21,36.86,1.29,0.3,43026,1,31.25,35.0,1.23,1,90088
2455309,35.59,35.61,33.7,35.3,1,0,11.82,14.21,36.86,1.29,0.3,43026,1,31.25,35.0,1.25,1,90588
2455818,35.6,35.6,33.7,35.3,1,0,11.82,14.23,36.86,1.29,0.3,43026,1,31.27,35.0,1.25,1,91088
2456327,35.6,35.6,33.7,35.3,1,0,11.82,14.23,36.86,1.29,0.3,43026,1,31.27,35.0,1.25,1,91588
2456836,35.59,35.59,33.7,35.3,1,0,12.28,14.21,36.86,1.29,0.3,43026,1,31.25,35.0,1.26,1,92088
2457345,35.61,35.59,33.7,35.3,1,0,11.58,14.21,36.86,1.29,0.3,43026,1,31.24,35.0,1.26,1,92588
2457854,35.61,35.6,33.7,35.3,1,0,11.58,14.21,36.86,1.29,0.3,43026,1,31.24,35.0,1.25,1,93088
2458363,35.6,35.6,33.7,35.3,1,0,11.69,14.24,36.86,1.29,0.3,43026,1,31.28,35.0,1.25,1,93588
2458872,35.6,35.6,33.7,35.3,1,0,11.69,14.24,36.86,1.29,0.3,43026,1,31.28,35.0,1.25,1,94088
2459381,35.6,35.6,33.7,35.3,1,0,11.69,14.24,36.86,1.29,0.3,43026,1,31.28,35.0,1.25,1,94588
2459890,35.6,35.6,33.7,35.3,1,0,11.69,14.24,36.86,1.29,0.3,43026,1,31.28,35.0,1.25,1,95088
2460399,35.6,35.6,33.7,35.3,1,0,11.69,14.24,36.86,1.29,0.3,43026,1,31.28,35.0,1.25,1,95588
2460908,35.57,35.6,33.7,35.3,1,0,11.47,14.24,36.86,1.29,0.3,43026,1,31.27,35.0,1.25,1,96088
2461417,35.57,35.59,33.7,35.3,1,0,11.47,14.21,36.86,1.29,0.3,43026,1,31.27,35.0,1.26,1,96588
2461926,35.57,35.58,33.7,35.3,1,0,11.31,14.18,36.86,1.29,0.3,43026,1,31.23,35.0,1.27,1,97088
2462437,35.57,35.57,33.7,35.3,1,0,11.31,14.18,36.86,1.29,0.3,43026,1,31.23,35.0,1.28,1,97588
2462947,35.59,35.58,33.7,35.3,1,0,11.18,14.21,36.86,1.29,0.3,43026,1,31.25,35.0,1.27,1,98088
2463456,35.59,35.58,33.7,35.3,1,0,11.18,14.21,36.86,1.29,0.3,43026,1,31.25,35.0,1.27,1,98588
2463965,35.62,35.6,33.7,35.3,1,0,11.36,14.23,36.86,1.29,0.3,43026,1,31.27,35.0,1.25,1,99088
2464474,35.62,35.61,33.7,35.3,1,0,11.36,14.23,36.86,1.29,0.3,43026,1,31.27,35.0,1.24,1,99588
2464985,35.62,35.61,33.7,35.3,1,0,11.36,14.23,36.86,1.29,0.3,43026,1,31.27,35.0,1.24,1,100088
2465495,35.69,35.61,33.7,35.3,1,0,11.18,14.23,36.86,1.29,0.3,43026,1,31.24,35.0,1.24,1,100588
2466004,35.69,35.65,33.7,35.3,1,0,11.18,14.24,36.86,1.29,0.3,43026,1,31.24,35.0,1.2,1,101088
2466513,35.73,35.67,33.7,35.3,1,0,11.16,14.24,36.86,1.29,0.3,43026,1,31.24,35.0,1.18,1,101588
2467022,35.75,35.7,33.7,35.3,1,0,11.04,14.26,36.86,1.29,0.3,43026,1,31.25,35.0,1.15,1,102088
2467531,35.69,35.72,33.7,35.3,1,0,11.02,14.28,36.86,1.29,0.3,43026,1,31.27,35.0,1.13,1,102588
2468040,35.69,35.71,33.7,35.3,1,0,11.02,14.27,36.86,1.29,0.3,43026,1,31.27,35.0,1.14,1,103088
2468549,35.69,35.7,33.7,35.3,1,0,11.02,14.27,36.86,1.29,0.3,43026,1,31.27,35.0,1.15,1,103588
2469058,35.78,35.7,33.7,35.3,1,0,10.98,14.27,36.86,1.29,0.3,43026,1,31.27,35.0,1.16,1,104088
2469567,35.79,35.74,33.7,35.3,1,0,10.96,14.3,36.86,1.29,0.3,43026,1,31.24,35.0,1.12,1,104588
2470076,35.79,35.76,33.7,35.3,1,0,10.96,14.28,36.86,1.29,0.3,43026,1,31.24,35.0,1.09,1,105088
2470585,35.81,35.78,33.7,35.3,1,0,11.07,14.28,36.86,1.29,0.3,43026,1,31.27,35.0,1.08,1,105588
2471094,35.81,35.79,33.7,35.3,1,0,11.07,14.32,36.86,1.29,0.3,43026,1,31.27,35.0,1.06,1,106088
2471603,35.81,35.8,33.7,35.3,1,0,11.07,14.32,36.86,1.29,0.3,43026,1,31.27,35.0,1.05,1,106593
2472112,35.86,35.83,33.7,35.3,1,0,10.89,14.33,36.86,1.29,0.3,43026,1,31.25,35.0,1.02,1,107598
2472621,35.86,35.85,33.7,35.3,1,0,10.89,14.33,36.86,1.29,0.3,43026,1,31.25,35.0,1.0,1,108098
2473130,35.86,35.85,33.7,35.3,1,0,10.82,14.32,36.86,1.29,0.3,43026,1,31.24,35.0,1.0,1,108598
2473639,35.91,35.88,33.7,35.3,1,0,10.89,14.36,36.86,1.29,0.3,43026,1,31.27,35.0,0.97,1,109098
2474148,35.91,35.9,33.7,35.3,1,0,10.89,14.36,36.86,1.29,0.3,43026,1,31.27,35.0,0.96,1,109598
2474657,35.84,35.87,33.7,35.3,1,0,10.84,14.32,36.86,1.29,0.3,43026,1,31.25,35.0,0.99,1,110098
2475166,35.84,35.85,33.7,35.3,1,0,10.84,14.32,36.86,1.29,0.3,43026,1,31.25,35.0,1.0,1,110598
2475675,35.91,35.84,33.7,35.3,1,0,10.71,14.32,36.86,1.29,0.3,43026,1,31.27,35.0,1.01,1,111098
2476184,35.91,35.88,33.7,35.3,1,0,10.71,14.36,36.86,1.29,0.3,43026,1,31.27,35.0,0.98,1,111598
2476693,35.91,35.89,33.7,35.3,1,0,10.71,14.36,36.86,1.29,0.3,43026,1,31.27,35.0,0.96,1,112098
2477202,35.88,35.89,33.7,35.3,1,0,10.64,14.37,36.86,1.29,0.3,43026,1,31.3,35.0,0.97,1,112598
2477715,35.89,35.88,33.7,35.3,1,0,10.78,14.37,36.86,1.29,0.3,43026,1,31.27,35.0,0.97,1,113098
2478225,35.89,35.89,33.7,35.3,1,0,10.78,14.35,36.86,1.29,0.3,43026,1,31.27,35.0,0.96,1,113601
2478734,35.91,35.9,33.7,35.3,1,0,10.8,14.37,36.86,1.29,0.3,43026,1,31.28,35.0,0.95,1,114103
2479243,35.93,35.91,33.7,35.3,1,0,10.64,14.37,36.86,1.29,0.3,43026,1,31.3,35.0,0.95,1,114603
2479752,35.93,35.92,33.7,35.3,1,0,10.64,14.39,36.86,1.29,0.3,43026,1,31.3,35.0,0.94,1,115103
2480261,35.94,35.93,33.7,35.3,1,0,9.75,14.37,36.86,1.29,0.3,43026,1,31.27,35.0,0.92,1,115603
2480770,35.89,35.91,33.7,35.3,1,0,10.6,14.34,36.86,1.29,0.3,43026,1,31.25,35.0,0.94,1,116103
2481279,35.95,35.9,33.7,35.3,1,0,10.55,14.34,36.86,1.29,0.3,43026,1,31.27,35.0,0.95,1,116603
2481788,35.95,35.93,33.7,35.3,1,0,10.55,14.38,36.86,1.29,0.3,43026,1,31.27,35.0,0.92,1,117103
2482297,35.91,35.94,33.7,35.3,1,0,10.53,14.38,36.86,1.29,0.3,43026,1,31.28,35.0,0.91,1,117603
2482806,35.91,35.93,33.7,35.3,1,0,10.53,14.37,36.86,1.29,0.3,43026,1,31.28,35.0,0.93,1,118103
2483315,35.91,35.92,33.7,35.3,1,0,10.53,14.37,36.86,1.29,0.3,43026,1,31.28,35.0,0.93,1,118603
2483824,35.9,35.91,33.7,35.3,1,0,10.58,14.38,36.86,1.29,0.3,43026,1,31.3,35.0,0.94,1,119103
2484343,35.9,35.9,33.7,35.3,1,0,10.47,14.38,36.86,1.29,0.3,43026,1,31.28,35.0,0.95,1,119603
2484853,35.9,35.9,33.7,35.3,1,0,10.47,14.37,36.86,1.29,0.3,43026,1,31.28,35.0,0.95,1,120103
2485362,35.87,35.88,33.7,35.3,1,0,10.44,14.35,36.86,1.29,0.3,43026,1,31.28,35.0,0.97,1,120603
2485871,35.87,35.87,33.7,35.3,1,0,10.58,14.35,36.86,1.29,0.3,43026,1,31.3,35.0,0.98,1,121103
2486380,35.87,35.87,33.7,35.3,1,0,10.26,14.37,36.86,1.29,0.3,43026,1,31.31,35.0,0.98,1,121603
2486889,35.87,35.87,33.7,35.3,1,0,10.26,14.38,36.86,1.29,0.3,43026,1,31.31,35.0,0.98,1,122103
2487398,35.9,35.88,33.7,35.3,1,0,10.33,14.38,36.86,1.29,0.3,43026,1,31.3,35.0,0.97,1,122603
2487907,35.85,35.89,33.7,35.3,1,0,10.4,14.38,36.86,1.29,0.3,43026,1,31.31,35.0,0.96,1,123104
2488416,35.85,35.87,33.7,35.3,1,0,10.4,14.37,36.86,1.29,0.3,43026,1,31.31,35.0,0.98,1,123606
2488925,35.87,35.87,33.7,35.3,1,0,10.29,14.37,36.86,1.29,0.3,43026,1,31.3,35.0,0.98,1,124107
2489434,35.85,35.87,33.7,35.3,1,0,10.29,14.37,36.86,1.29,0.3,43026,1,31.3,35.0,0.98,1,124607
2489943,35.85,35.86,33.7,35.3,1,0,10.29,14.36,36.86,1.29,0.3,43026,1,31.3,35.0,0.99,1,125107
2490452,35.84,35.86,33.7,35.3,1,0,10.02,14.36,36.86,1.29,0.3,43026,1,31.3,35.0,1.0,1,125607
2490961,35.84,35.85,33.7,35.3,1,0,10.02,14.35,36.86,1.29,0.3,43026,1,31.3,35.0,1.0,1,126107
2491472,35.8,35.84,33.7,35.3,1,0,10.22,14.35,36.86,1.29,0.3,43026,1,31.31,35.0,1.01,1,126607
2491982,35.8,35.82,33.7,35.3,1,0,10.22,14.35,36.86,1.29,0.3,43026,1,31.31,35.0,1.03,1,127107
2492491,35.82,35.81,33.7,35.3,1,0,9.91,14.35,36.86,1.29,0.3,43026,1,31.28,35.0,1.04,1,127607
2493000,35.82,35.82,33.7,35.3,1,0,9.91,14.34,36.86,1.29,0.3,43026,1,31.28,35.0,1.04,1,128107
2493509,35.84,35.82,33.7,35.3,1,0,10.22,14.34,36.86,1.29,0.3,43026,1,31.28,35.0,1.03,1,128607
2494018,35.84,35.83,33.7,35.3,1,0,10.22,14.34,36.86,1.29,0.3,43026,1,31.28,35.0,1.02,1,129107
2494527,35.84,35.83,33.7,35.3,1,0,10.22,14.34,36.86,1.29,0.3,43026,1,31.28,35.0,1.02,1,129607
2495036,35.84,35.84,33.7,35.3,1,0,10.22,14.34,36.86,1.29,0.3,43026,1,31.28,35.0,1.02,1,130107
2495545,35.74,35.84,33.7,35.3,1,0,9.95,14.34,36.86,1.29,0.3,43026,1,31.31,35.0,1.02,1,130607
2496054,35.72,35.79,33.7,35.3,1,0,10.22,14.32,36.86,1.29,0.3,43026,1,31.31,35.0,1.07,1,131107
2496563,35.72,35.76,33.7,35.3,1,0,10.22,14.32,36.86,1.29,0.3,43026,1,31.31,35.0,1.1,1,131607
2497072,35.75,35.74,33.7,35.3,1,0,10.31,14.32,36.86,1.29,0.3,43026,1,31.3,35.0,1.11,1,132107
2497581,35.78,35.75,33.7,35.3,1,0,10.17,14.32,36.86,1.29,0.3,43026,1,31.32,35.0,1.11,1,132607
2498090,35.77,35.76,33.7,35.3,1,0,9.73,14.35,36.86,1.29,0.3,43026,1,31.31,35.0,1.09,1,133107
2498599,35.77,35.77,33.7,35.3,1,0,9.73,14.34,36.86,1.29,0.3,43026,1,31.31,35.0,1.09,1,133607
2499108,35.72,35.77,33.7,35.3,1,0,10.06,14.34,36.86,1.29,0.3,43026,1,31.3,35.0,1.09,1,134107
2499617,35.72,35.74,33.7,35.3,1,0,10.17,14.3,36.86,1.29,0.3,43026,1,31.31,35.0,1.11,1,134607
2500126,35.75,35.74,33.7,35.3,1,0,10.04,14.34,36.86,1.29,0.3,43026,1,31.32,35.0,1.11,1,135612
2500635,35.75,35.75,33.7,35.3,1,0,10.04,14.34,36.86,1.29,0.3,43026,1,31.32,35.0,1.1,1,136112
2501144,35.71,35.73,33.7,35.3,1,0,10.15,14.31,36.86,1.29,0.3,43026,1,31.31,35.0,1.12,1,136612
2501654,35.71,35.72,33.7,35.3,1,0,10.15,14.31,36.86,1.29,0.3,43026,1,31.31,35.0,1.13,1,137112
2502164,35.71,35.72,33.7,35.3,1,0,10.15,14.31,36.86,1.29,0.3,43026,1,31.31,35.0,1.14,1,137612
2502673,35.71,35.71,33.7,35.3,1,0,10.15,14.31,36.86,1.29,0.3,43026,1,31.31,35.0,1.14,1,138112
2503182,35.68,35.7,33.7,35.3,1,0,10.06,14.3,36.86,1.29,0.3,43026,1,31.31,35.0,1.16,1,138612
2503691,35.68,35.69,33.7,35.3,1,0,9.79,14.29,36.86,1.29,0.3,43026,1,31.3,35.0,1.16,1,139112
2504200,35.69,35.69,33.7,35.3,1,0,10.0,14.3,36.86,1.29,0.3,43026,1,31.31,35.0,1.16,1,139612
2504709,35.67,35.68,33.7,35.3,1,0,9.91,14.29,36.86,1.29,0.3,43026,1,31.31,35.0,1.17,1,140112
2505218,35.67,35.67,33.7,35.3,1,0,9.91,14.29,36.86,1.29,0.3,43026,1,31.31,35.0,1.18,1,140612
2505727,35.67,35.67,33.7,35.3,1,0,9.91,14.29,36.86,1.29,0.3,43026,1,31.31,35.0,1.18,1,141112
2506236,35.62,35.65,33.7,35.3,1,0,9.91,14.28,36.86,1.29,0.3,43026,1,31.32,35.0,1.21,1,141612
2506745,35.62,35.63,33.7,35.3,1,0,9.91,14.28,36.86,1.29,0.3,43026,1,31.32,35.0,1.22,1,142112
2507254,35.64,35.64,33.7,35.3,1,0,10.0,14.32,36.86,1.29,0.3,43026,1,31.35,35.0,1.22,1,142612
2507767,35.61,35.64,33.7,35.3,1,0,9.86,14.32,36.86,1.29,0.3,43026,1,31.31,35.0,1.21,1,143112
2508277,35.61,35.62,33.7,35.3,1,0,9.86,14.27,36.86,1.29,0.3,43026,1,31.31,35.0,1.23,1,143612
2508786,35.62,35.62,33.7,35.3,1,0,9.77,14.27,36.86,1.29,0.3,43026,1,31.31,35.0,1.23,1,144112
2509295,35.61,35.61,33.7,35.3,1,0,9.93,14.28,36.86,1.29,0.3,43026,1,31.32,35.0,1.24,1,144612
2509804,35.61,35.61,33.7,35.3,1,0,9.93,14.28,36.86,1.29,0.3,43026,1,31.32,35.0,1.24,1,145112
2510313,35.58,35.59,33.7,35.3,1,0,9.82,14.27,36.86,1.29,0.3,43026,1,31.32,35.0,1.26,1,145612
2510822,35.6,35.59,33.7,35.3,1,0,10.08,14.27,36.86,1.29,0.3,43026,1,31.34,35.0,1.27,1,146112
2511332,35.6,35.59,33.7,35.3,1,0,10.08,14.29,36.86,1.29,0.3,43026,1,31.34,35.0,1.26,1,146612
2511841,35.57,35.58,33.7,35.3,1,0,9.86,14.27,36.86,1.29,0.3,43026,1,31.34,35.0,1.27,1,147121
2512350,35.57,35.57,33.7,35.3,1,0,9.86,14.27,36.86,1.29,0.3,43026,1,31.34,35.0,1.28,1,147621
2512859,35.59,35.58,33.7,35.3,1,0,9.86,14.27,36.86,1.29,0.3,43026,1,31.32,35.0,1.27,1,148121
2513368,35.58,35.58,33.7,35.3,1,0,9.75,14.29,36.86,1.29,0.3,43026,1,31.35,35.0,1.27,1,148621
2513877,35.58,35.58,33.7,35.3,1,0,9.75,14.29,36.86,1.29,0.3,43026,1,31.35,35.0,1.27,1,149121
2514386,35.51,35.54,33.7,35.3,1,0,9.73,14.23,36.86,1.29,0.3,43026,1,31.32,35.0,1.31,1,149621
2514895,35.51,35.52,33.7,35.3,1,0,9.73,14.23,36.86,1.29,0.3,43026,1,31.32,35.0,1.33,1,150121
2515404,35.52,35.52,33.7,35.3,1,0,10.49,14.24,36.86,1.29,0.3,43026,1,31.32,35.0,1.33,1,150621
2515913,35.52,35.52,33.7,35.3,1,0,10.49,14.24,36.86,1.29,0.3,43026,1,31.32,35.0,1.33,1,151121
2516422,35.49,35.52,33.7,35.3,1,0,9.73,14.24,36.86,1.29,0.3,43026,1,31.31,35.0,1.33,1,151621
2516931,35.49,35.51,33.7,35.3,1,0,9.73,14.22,36.86,1.29,0.3,43026,1,31.31,35.0,1.35,1,152121
2517440,35.49,35.5,33.7,35.3,1,0,9.77,14.23,36.86,1.29,0.3,43026,1,31.32,35.0,1.35,1,152621
2517949,35.48,35.49,33.7,35.3,1,0,9.66,14.23,36.86,1.29,0.3,43026,1,31.32,35.0,1.36,1,153121
2518458,35.44,35.49,33.7,35.3,1,0,9.66,14.22,36.86,1.29,0.3,43026,1,31.35,35.0,1.37,1,153621
2518967,35.44,35.46,33.7,35.3,1,0,9.66,14.23,36.86,1.29,0.3,43026,1,31.35,35.0,1.39,1,154121
2519476,35.45,35.45,33.7,35.3,1,0,9.7,14.2,36.86,1.29,0.3,43026,1,31.31,35.0,1.4,1,154621
2519985,35.46,35.45,33.7,35.3,1,0,9.61,14.2,36.86,1.29,0.3,43026,1,31.34,35.0,1.4,1,155121
2520494,35.46,35.46,33.7,35.3,1,0,9.61,14.23,36.86,1.29,0.3,43026,1,31.34,35.0,1.4,1,155621
2521003,35.42,35.46,33.7,35.3,1,0,9.55,14.23,36.86,1.29,0.3,43026,1,31.32,35.0,1.39,1,156121
2521512,35.42,35.44,33.7,35.3,1,0,9.55,14.2,36.86,1.29,0.3,43026,1,31.32,35.0,1.41,1,156621
2522021,35.43,35.44,33.7,35.3,1,0,9.52,14.2,36.86,1.29,0.3,43026,1,31.32,35.0,1.42,1,157121
2522530,35.43,35.43,33.7,35.3,1,0,9.52,14.2,36.86,1.29,0.3,43026,1,31.32,35.0,1.42,1,157621
2523039,35.4,35.42,33.7,35.3,1,0,9.55,14.19,36.86,1.29,0.3,43026,1,31.32,35.0,1.43,1,158121
2523548,35.4,35.41,33.7,35.3,1,0,9.59,14.19,36.86,1.29,0.3,43026,1,31.32,35.0,1.44,1,158621
2524057,35.4,35.41,33.7,35.3,1,0,9.59,14.19,36.86,1.29,0.3,43026,1,31.32,35.0,1.45,1,159121
2524566,35.4,35.41,33.7,35.3,1,0,9.36,14.19,36.86,1.29,0.3,43026,1,31.32,35.0,1.45,1,159621
2525075,35.4,35.4,33.7,35.3,1,0,9.36,14.19,36.86,1.29,0.3,43026,1,31.32,35.0,1.45,1,160121
2525584,35.39,35.4,33.7,35.3,1,0,9.61,14.19,36.86,1.29,0.3,43026,1,31.31,35.0,1.45,1,160621
2526093,35.33,35.4,33.7,35.3,1,0,9.64,14.17,36.86,1.29,0.3,43026,1,31.35,35.0,1.46,1,161121
2526602,35.3,35.37,33.7,35.3,1,0,9.32,14.19,36.86,1.29,0.3,43026,1,31.31,35.0,1.49,1,161621
2527112,35.3,35.33,33.7,35.3,1,0,9.32,14.13,36.86,1.29,0.3,43026,1,31.31,35.0,1.52,1,162121
2527621,35.32,35.32,33.7,35.3,1,0,9.45,14.13,36.86,1.29,0.3,43026,1,31.34,35.0,1.53,1,162621
2528130,35.3,35.32,33.7,35.3,1,0,9.61,14.17,36.86,1.29,0.3,43026,1,31.34,35.0,1.53,1,163121
2528639,35.33,35.31,33.7,35.3,1,0,9.61,14.16,36.86,1.29,0.3,43026,1,31.34,35.0,1.54,1,163625
2529148,35.33,35.33,33.7,35.3,1,0,9.61,14.17,36.86,1.29,0.3,43026,1,31.34,35.0,1.53,1,164634
2529657,35.26,35.29,33.7,35.3,0,0,9.52,14.13,36.86,1.29,0.3,165134,0,31.32,35.0,1.56,1,0
2530180,35.29,35.27,33.62,35.3,0,0,9.36,14.13,35.27,1.37,0.3,165134,0,31.34,35.0,0.0,1,500
2530689,35.29,35.28,33.62,35.3,0,0,9.36,14.15,35.27,1.37,0.3,165134,0,31.34,35.0,0.0,1,1000
2531198,35.24,35.26,33.62,35.3,0,0,9.41,14.13,35.26,1.37,0.3,165134,0,31.34,35.0,0.0,1,1500
2531707,35.22,35.25,33.62,35.3,0,0,9.55,14.13,35.25,1.37,0.3,165134,0,31.35,35.0,0.0,1,2000
2532216,35.22,35.24,33.62,35.3,0,0,9.55,14.13,35.24,1.37,0.3,165134,0,31.35,35.0,0.0,1,2500
2532725,35.22,35.23,33.62,35.3,0,0,9.79,14.12,35.23,1.37,0.3,165134,0,31.34,35.0,0.0,1,3010
2533234,35.22,35.22,33.62,35.3,0,0,9.79,14.12,35.22,1.37,0.3,165134,0,31.34,35.0,0.0,1,3510
2533743,35.22,35.22,33.62,35.3,0,0,9.43,14.12,35.22,1.37,0.3,165134,0,31.34,35.0,0.0,1,4010
2534251,35.22,35.22,33.62,35.3,0,0,9.43,14.12,35.22,1.37,0.3,165134,0,31.34,35.0,0.0,1,4510
2534760,35.2,35.21,33.62,35.3,0,0,9.7,14.13,35.21,1.37,0.3,165134,0,31.35,35.0,0.0,1,5010
2535269,35.2,35.2,33.62,35.3,0,0,9.68,14.1,35.2,1.37,0.3,165134,0,31.32,35.0,0.0,1,5510
2535778,35.2,35.2,33.62,35.3,0,0,9.68,14.1,35.2,1.37,0.3,165134,0,31.32,35.0,0.0,1,6010
2536287,35.16,35.18,33.62,35.3,0,0,9.86,14.1,35.18,1.37,0.3,165134,0,31.34,35.0,0.0,1,6510
2536796,35.16,35.17,33.62,35.3,0,0,9.86,14.1,35.17,1.37,0.3,165134,0,31.34,35.0,0.0,1,7010
2537305,35.19,35.18,33.62,35.3,0,0,9.7,14.09,35.17,1.37,0.3,165134,0,31.32,35.0,0.0,1,7510
2537813,35.19,35.18,33.62,35.3,0,0,9.7,14.09,35.17,1.37,0.3,165134,0,31.32,35.0,0.01,1,8010
2538322,35.19,35.18,33.62,35.3,0,0,9.7,14.09,35.17,1.37,0.3,165134,0,31.32,35.0,0.01,1,8510
2538831,35.16,35.18,33.62,35.3,0,0,10.08,14.09,35.17,1.37,0.3,165134,0,31.34,35.0,0.01,1,9010
2539340,35.16,35.17,33.62,35.3,0,0,10.08,14.1,35.17,1.37,0.3,165134,0,31.34,35.0,0.0,1,9510
2539849,35.1,35.13,33.62,35.3,0,0,10.26,14.07,35.13,1.37,0.3,165134,0,31.34,35.0,0.0,1,10010
2540358,35.13,35.13,33.62,35.3,0,0,10.4,14.09,35.13,1.37,0.3,165134,0,31.35,35.0,0.0,1,10520
2540867,35.07,35.13,33.62,35.3,0,0,10.35,14.09,35.13,1.37,0.3,165134,0,31.34,35.0,0.0,1,11020
2541376,35.07,35.1,33.62,35.3,0,0,10.35,14.06,35.1,1.37,0.3,165134,0,31.34,35.0,0.0,1,11522
2541885,35.08,35.09,33.62,35.3,0,0,10.6,14.08,35.09,1.37,0.3,165134,0,31.35,35.0,0.0,1,12022
2542394,35.08,35.09,33.62,35.3,0,0,10.6,14.08,35.09,1.37,0.3,165134,0,31.35,35.0,0.0,1,12522
2542903,35.08,35.09,33.62,35.3,0,0,10.6,14.08,35.09,1.37,0.3,165134,0,31.35,35.0,0.0,1,13022
2543412,35.07,35.08,33.62,35.3,0,0,10.17,14.08,35.08,1.37,0.3,165134,0,31.37,35.0,0.0,1,13522
2543921,35.07,35.08,33.62,35.3,0,0,10.17,14.08,35.08,1.37,0.3,165134,0,31.37,35.0,0.0,1,14022
2544430,35.07,35.07,33.62,35.3,0,0,10.89,14.06,35.07,1.37,0.3,165134,0,31.34,35.0,0.0,1,14522
2544939,35.03,35.07,33.62,35.3,0,0,11.2,14.06,35.07,1.37,0.3,165134,0,31.34,35.0,0.0,1,15022
2545448,35.03,35.05,33.62,35.3,0,0,11.2,14.04,35.05,1.37,0.3,165134,0,31.34,35.0,0.0,1,15522
2545957,35.03,35.04,33.62,35.3,0,0,11.2,14.04,35.04,1.37,0.3,165134,0,31.34,35.0,0.0,1,16022
2546466,35.01,35.02,33.62,35.3,0,0,11.22,14.03,35.02,1.37,0.3,165134,0,31.34,35.0,0.0,1,16533
2546975,35.06,35.02,33.62,35.3,0,0,11.22,14.03,35.02,1.37,0.3,165134,0,31.35,35.0,0.0,1,17033
2547484,35.06,35.04,33.62,35.3,0,0,11.22,14.06,35.02,1.37,0.3,165134,0,31.35,35.0,0.01,1,17533
2547993,35.06,35.05,33.62,35.3,0,0,11.22,14.06,35.02,1.37,0.3,165134,0,31.35,35.0,0.02,1,18033
2548502,35.01,35.05,33.62,35.3,0,0,11.31,14.06,35.02,1.37,0.3,165134,0,31.35,35.0,0.03,1,18533
2549011,35.01,35.03,33.62,35.3,0,0,11.31,14.04,35.02,1.37,0.3,165134,0,31.35,35.0,0.01,1,19033
2549520,35.0,35.01,33.62,35.3,0,0,11.82,14.05,35.01,1.37,0.3,165134,0,31.37,35.0,0.0,1,19533
2550029,35.0,35.01,33.62,35.3,0,0,11.82,14.05,35.01,1.37,0.3,165134,0,31.37,35.0,0.0,1,20033
2550538,35.03,35.0,33.62,35.3,0,0,12.0,14.05,35.0,1.37,0.3,165134,0,31.35,35.0,0.0,1,20533
2551047,35.03,35.01,33.62,35.3,0,0,12.0,14.05,35.0,1.37,0.3,165134,0,31.35,35.0,0.01,1,21033
2551556,34.98,35.0,33.62,35.3,0,0,12.09,14.0,35.0,1.37,0.3,165134,0,31.32,35.0,0.0,1,21533
2552065,35.06,34.99,33.62,35.3,0,0,11.93,14.0,34.99,1.37,0.3,165134,0,31.37,35.0,0.0,1,22033
2552574,35.0,35.02,33.62,35.3,0,0,12.26,14.07,34.99,1.37,0.3,165134,0,31.35,35.0,0.03,1,22533
2553083,34.98,35.01,33.62,35.3,0,0,13.21,14.04,34.99,1.37,0.3,165134,0,31.37,35.0,0.02,1,23033
2553592,35.01,35.0,33.62,35.3,0,0,12.53,14.04,34.99,1.37,0.3,165134,0,31.34,35.0,0.0,1,23533
2554101,35.01,35.0,33.62,35.3,0,0,12.53,14.03,34.99,1.37,0.3,165134,0,31.34,35.0,0.01,1,24033
2554610,35.01,35.01,33.62,35.3,0,0,12.61,14.03,34.99,1.37,0.3,165134,0,31.35,35.0,0.01,1,24533
2555119,34.98,35.01,33.62,35.3,0,0,12.7,14.04,34.99,1.37,0.3,165134,0,31.35,35.0,0.02,1,25033
2555628,35.03,35.0,33.62,35.3,0,0,12.96,14.03,34.99,1.37,0.3,165134,0,31.35,35.0,0.0,1,25533
2556137,35.03,35.01,33.62,35.3,0,0,12.96,14.05,34.99,1.37,0.3,165134,0,31.35,35.0,0.02,1,26033
2556646,35.0,35.02,33.62,35.3,0,0,12.94,14.05,34.99,1.37,0.3,165134,0,31.37,35.0,0.03,1,26533
2557155,35.0,35.01,33.62,35.3,0,0,13.86,14.05,34.99,1.37,0.3,165134,0,31.35,35.0,0.01,1,27033
2557664,35.0,35.0,33.62,35.3,0,0,13.86,14.04,34.99,1.37,0.3,165134,0,31.35,35.0,0.01,1,27533
2558173,35.0,35.0,33.62,35.3,0,0,13.6,14.04,34.99,1.37,0.3,165134,0,31.35,35.0,0.01,1,28033
2558682,35.0,35.0,33.62,35.3,0,0,13.6,14.04,34.99,1.37,0.3,165134,0,31.35,35.0,0.01,1,29034
2559191,35.0,35.0,33.62,35.3,0,0,13.36,14.06,34.99,1.37,0.3,165134,0,31.38,35.0,0.01,1,29534
2559700,35.0,35.0,33.62,35.3,0,0,13.36,14.06,34.99,1.37,0.3,165134,0,31.38,35.0,0.01,1,30034
2560209,35.0,35.0,33.62,35.3,0,0,13.53,14.04,34.99,1.37,0.3,165134,0,31.35,35.0,0.01,1,30534
2560718,35.0,35.0,33.62,35.3,0,0,13.53,14.04,34.99,1.37,0.3,165134,0,31.35,35.0,0.01,1,31034
2561227,35.0,35.0,33.62,35.3,0,0,13.53,14.04,34.99,1.37,0.3,165134,0,31.35,35.0,0.01,1,31534
2561736,35.05,35.03,33.62,35.3,0,0,13.86,14.05,34.99,1.37,0.3,165134,0,31.34,35.0,0.03,1,32037
2562245,35.05,35.04,33.62,35.3,0,0,13.86,14.05,34.99,1.37,0.3,165134,0,31.34,35.0,0.05,1,32537
2562766,35.06,35.05,33.62,35.3,0,0,14.03,14.05,34.99,1.37,0.3,165134,0,31.35,35.0,0.05,1,33037
2563275,35.06,35.05,33.62,35.3,0,0,14.03,14.06,34.99,1.37,0.3,165134,0,31.35,35.0,0.06,1,33537
2563784,35.06,35.05,33.62,35.3,0,0,14.03,14.06,34.99,1.37,0.3,165134,0,31.35,35.0,0.06,1,34037
2564293,35.06,35.05,33.62,35.3,0,0,14.03,14.06,34.99,1.37,0.3,165134,0,31.35,35.0,0.06,1,34537
2564802,35.04,35.05,33.62,35.3,0,0,14.38,14.07,34.99,1.37,0.3,165134,0,31.37,35.0,0.06,1,35037
2565311,35.07,35.06,33.62,35.3,0,0,14.47,14.08,34.99,1.37,0.3,165134,0,31.37,35.0,0.07,1,35537
2565820,35.07,35.07,33.62,35.3,0,0,14.47,14.08,34.99,1.37,0.3,165134,0,31.37,35.0,0.07,1,36037
2566329,35.07,35.07,33.62,35.3,0,0,14.47,14.08,34.99,1.37,0.3,165134,0,31.37,35.0,0.08,1,36537
2566838,35.07,35.07,33.62,35.3,0,0,14.77,14.07,34.99,1.37,0.3,165134,0,31.35,35.0,0.08,1,37045
2567347,35.07,35.07,33.62,35.3,0,0,14.77,14.07,34.99,1.37,0.3,165134,0,31.35,35.0,0.08,1,37545
2567856,35.13,35.1,33.62,35.3,0,0,14.97,14.12,34.99,1.37,0.3,165134,0,31.38,35.0,0.11,1,38045
2568371,35.16,35.12,33.62,35.3,0,0,14.88,14.12,34.99,1.37,0.3,165134,0,31.35,35.0,0.12,1,38545
2568881,35.16,35.14,33.62,35.3,0,0,14.88,14.11,34.99,1.37,0.3,165134,0,31.35,35.0,0.14,1,39045
2569390,35.16,35.15,33.62,35.3,1,0,14.88,14.11,34.99,1.37,0.3,39545,0,31.35,35.0,0.15,0,0
2569899,35.14,35.15,33.62,35.3,1,0,15.06,14.13,35.15,1.37,0.3,39545,0,31.38,35.0,0.0,0,500
2570408,35.14,35.14,33.62,35.3,1,0,15.06,14.13,35.15,1.37,0.3,39545,0,31.38,35.0,0.0,0,1000
2570917,35.16,35.15,33.62,35.3,1,0,15.21,14.13,35.15,1.37,0.3,39545,0,31.38,35.0,0.0,0,1500
2571426,35.2,35.16,33.62,35.3,1,0,15.25,14.13,35.16,1.37,0.3,39545,0,31.37,35.0,0.0,0,2000
2571935,35.19,35.18,33.62,35.3,1,0,15.45,14.14,35.18,1.37,0.3,39545,0,31.35,35.0,0.0,0,2500
2572443,35.19,35.18,33.62,35.3,1,0,15.45,14.12,35.18,1.37,0.3,39545,0,31.35,35.0,0.0,0,3000
2572952,35.19,35.19,33.62,35.3,1,0,14.77,14.12,35.19,1.37,0.3,39545,0,31.37,35.0,0.0,0,3500
2573461,35.19,35.19,33.62,35.3,1,0,14.77,14.13,35.19,1.37,0.3,39545,0,31.37,35.0,0.0,0,4000
2573970,35.19,35.19,33.62,35.3,1,0,14.77,14.13,35.19,1.37,0.3,39545,0,31.37,35.0,0.0,0,4500
2574479,35.24,35.19,33.62,35.3,1,0,15.66,14.13,35.19,1.37,0.3,39545,0,31.35,35.0,0.0,0,5000
2574988,35.24,35.22,33.62,35.3,1,0,15.66,14.15,35.22,1.37,0.3,39545,0,31.35,35.0,0.0,0,5500
2575497,35.28,35.23,33.62,35.3,1,0,15.55,14.15,35.23,1.37,0.3,39545,0,31.37,35.0,0.0,0,6000
2576006,35.32,35.25,33.62,35.3,1,0,15.55,14.17,35.25,1.37,0.3,39545,0,31.38,35.0,0.0,0,6500
2576515,35.32,35.29,33.62,35.3,1,0,15.55,14.2,35.29,1.37,0.3,39545,0,31.38,35.0,0.0,0,7000
2577024,35.31,35.3,33.62,35.3,1,0,15.55,14.18,35.3,1.37,0.3,39545,0,31.37,35.0,0.0,0,7500
2577533,35.31,35.3,33.62,35.3,1,0,15.55,14.18,35.3,1.37,0.3,39545,0,31.37,35.0,0.0,0,8000
2578042,35.31,35.3,33.62,35.3,1,0,15.55,14.18,35.3,1.37,0.3,39545,0,31.37,35.0,0.0,0,8500
2578551,35.31,35.31,33.62,35.3,1,0,15.42,14.18,35.31,1.37,0.3,39545,0,31.38,35.0,0.0,0,9000
2579060,35.41,35.31,33.62,35.3,1,0,15.49,14.2,35.31,1.37,0.3,39545,0,31.37,35.0,0.0,0,9500
2579569,35.41,35.36,33.62,35.3,1,0,15.49,14.23,35.36,1.37,0.3,39545,0,31.37,35.0,0.0,0,10000
2580078,35.35,35.35,33.62,35.3,1,0,15.51,14.22,35.36,1.37,0.3,39545,0,31.38,35.0,0.0,0,10500
2580587,35.39,35.35,33.62,35.3,1,0,15.53,14.22,35.36,1.37,0.3,39545,0,31.38,35.0,0.0,0,11000
2581096,35.39,35.37,33.62,35.3,1,0,15.53,14.23,35.37,1.37,0.3,39545,0,31.38,35.0,0.0,0,11500
2581606,35.35,35.38,33.62,35.3,1,0,15.23,14.23,35.38,1.37,0.3,39545,0,31.37,35.0,0.0,0,12000
2582115,35.41,35.37,33.62,35.3,1,0,15.32,14.2,35.38,1.37,0.3,39545,0,31.38,35.0,0.01,0,12501
2582624,35.41,35.39,33.62,35.3,1,0,15.32,14.24,35.39,1.37,0.3,39545,0,31.38,35.0,0.0,0,13003
2583133,35.38,35.4,33.62,35.3,1,0,15.19,14.24,35.4,1.37,0.3,39545,0,31.37,35.0,0.0,0,13503
2583642,35.39,35.39,33.62,35.3,1,0,15.1,14.22,35.4,1.37,0.3,39545,0,31.4,35.0,0.01,0,14003
2584151,35.39,35.39,33.62,35.3,1,0,15.1,14.25,35.4,1.37,0.3,39545,0,31.4,35.0,0.0,0,14503
2584660,35.5,35.39,33.62,35.3,1,0,15.16,14.25,35.4,1.37,0.3,39545,0,31.38,35.0,0.0,0,15003
2585169,35.45,35.44,33.62,35.3,1,0,15.06,14.28,35.44,1.37,0.3,39545,0,31.38,35.0,0.0,0,15503
2585678,35.47,35.45,33.62,35.3,1,0,15.12,14.26,35.45,1.37,0.3,39545,0,31.38,35.0,0.0,0,16003
2586187,35.47,35.46,33.62,35.3,1,0,15.12,14.27,35.46,1.37,0.3,39545,0,31.38,35.0,0.0,0,16503
2586696,35.51,35.49,33.62,35.3,1,0,15.08,14.29,35.49,1.37,0.3,39545,0,31.38,35.0,0.0,0,17503
2587205,35.51,35.5,33.62,35.3,1,0,15.08,14.29,35.5,1.37,0.3,39545,0,31.38,35.0,0.0,0,18003
2587714,35.5,35.5,33.62,35.3,1,0,14.82,14.31,35.5,1.37,0.3,39545,0,31.41,35.0,0.0,0,18503
2588223,35.5,35.5,33.62,35.3,1,0,14.82,14.31,35.5,1.37,0.3,39545,0,31.41,35.0,0.0,0,19003
2588732,35.53,35.51,33.62,35.3,1,0,14.77,14.31,35.51,1.37,0.3,39545,0,31.4,35.0,0.0,0,19503
2589241,35.53,35.52,33.62,35.3,1,0,14.77,14.31,35.52,1.37,0.3,39545,0,31.4,35.0,0.0,0,20003
2589750,35.57,35.55,33.62,35.3,1,0,14.9,14.31,35.55,1.37,0.3,39545,0,31.38,35.0,0.0,0,20503
2590259,35.57,35.56,33.62,35.3,1,0,14.9,14.31,35.56,1.37,0.3,39545,0,31.38,35.0,0.0,0,21003
2590768,35.6,35.58,33.62,35.3,1,0,14.47,14.32,35.58,1.37,0.3,39545,0,31.38,35.0,0.0,0,21503
2591277,35.66,35.62,33.62,35.3,1,0,14.8,14.35,35.62,1.37,0.3,39545,0,31.38,35.0,0.0,0,22003
2591786,35.66,35.64,33.62,35.3,1,0,14.8,14.35,35.64,1.37,0.3,39545,0,31.38,35.0,0.0,0,22505
2592295,35.69,35.66,33.62,35.3,1,0,14.54,14.38,35.66,1.37,0.3,39545,0,31.4,35.0,0.0,0,23005
2592804,35.67,35.67,33.62,35.3,1,0,14.45,14.37,35.67,1.37,0.3,39545,0,31.4,35.0,0.0,0,23505
2593313,35.74,35.67,33.62,35.3,1,0,14.49,14.37,35.67,1.37,0.3,39545,0,31.38,35.0,0.0,0,24005
2593822,35.74,35.71,33.62,35.3,1,0,14.49,14.39,35.71,1.37,0.3,39545,0,31.38,35.0,0.0,0,24505
2594331,35.74,35.73,33.62,35.3,1,0,14.27,14.39,35.73,1.37,0.3,39545,0,31.38,35.0,0.0,0,25005
2594840,35.74,35.73,33.62,35.3,1,0,14.27,14.39,35.73,1.37,0.3,39545,0,31.38,35.0,0.0,0,25505
2595349,35.75,35.74,33.62,35.3,1,0,14.36,14.4,35.74,1.37,0.3,39545,0,31.4,35.0,0.0,0,26005
2595858,35.81,35.77,33.62,35.3,1,0,14.25,14.43,35.77,1.37,0.3,39545,0,31.4,35.0,0.0,0,26507
2596367,35.85,35.79,33.62,35.3,1,0,14.17,14.43,35.79,1.37,0.3,39545,0,31.4,35.0,0.0,0,27007
2596891,35.86,35.82,33.62,35.3,1,0,14.08,14.45,35.82,1.37,0.3,39545,0,31.38,35.0,0.0,0,27507
2597400,35.86,35.84,33.62,35.3,1,0,14.08,14.44,35.84,1.37,0.3,39545,0,31.38,35.0,0.0,0,28007
2597909,35.88,35.86,33.62,35.3,1,0,14.1,14.44,35.86,1.37,0.3,39545,0,31.38,35.0,0.0,0,28507
2598418,35.88,35.87,33.62,35.3,1,0,14.1,14.44,35.87,1.37,0.3,39545,0,31.38,35.0,0.0,0,29007
2598927,35.96,35.91,33.62,35.3,1,0,13.99,14.5,35.91,1.37,0.3,39545,0,31.4,35.0,0.0,0,29507
2599436,35.92,35.94,33.62,35.3,1,0,13.99,14.5,35.94,1.37,0.3,39545,0,31.37,35.0,0.0,0,30007
2599945,35.98,35.93,33.62,35.3,1,0,14.03,14.45,35.94,1.37,0.3,39545,0,31.4,35.0,0.01,0,30507
2600456,35.98,35.95,33.62,35.3,1,0,14.03,14.5,35.95,1.37,0.3,39545,0,31.4,35.0,0.0,0,31007
2600965,35.94,35.97,33.62,35.3,1,0,13.84,14.5,35.97,1.37,0.3,39545,0,31.4,35.0,0.0,0,31507
2601474,35.94,35.95,33.62,35.3,1,0,13.84,14.48,35.97,1.37,0.3,39545,0,31.4,35.0,0.01,0,32007
2601983,35.94,35.94,33.62,35.3,1,0,13.84,14.48,35.97,1.37,0.3,39545,0,31.4,35.0,0.02,0,32507
2602492,36.05,36.0,33.62,35.3,1,0,13.77,14.53,36.0,1.37,0.3,39545,0,31.4,35.0,0.0,0,33007
2603001,36.07,36.03,33.62,35.3,1,0,13.47,14.53,36.03,1.37,0.3,39545,0,31.4,35.0,0.0,0,33507
2603510,36.11,36.05,33.62,35.3,1,0,13.66,14.54,36.05,1.37,0.3,39545,0,31.41,35.0,0.0,0,34007
2604019,36.11,36.08,33.62,35.3,1,0,13.66,14.57,36.08,1.37,0.3,39545,0,31.41,35.0,0.0,0,34507
2604528,36.08,36.09,33.62,35.3,1,0,13.75,14.57,36.09,1.37,0.3,39545,0,31.4,35.0,0.0,0,35007
2605037,36.12,36.09,33.62,35.3,1,0,13.6,14.55,36.09,1.37,0.3,39545,0,31.4,35.0,0.0,0,35507
2605546,36.12,36.11,33.62,35.3,1,0,13.6,14.56,36.11,1.37,0.3,39545,0,31.4,35.0,0.0,0,36009
2606055,36.18,36.11,33.62,35.3,1,0,13.51,14.56,36.11,1.37,0.3,39545,0,31.38,35.0,0.0,0,36509
2606564,36.18,36.15,33.62,35.3,1,0,13.51,14.58,36.15,1.37,0.3,39545,0,31.38,35.0,0.0,0,37009
2607073,36.15,36.15,33.62,35.3,1,0,13.29,14.56,36.15,1.37,0.3,39545,0,31.38,35.0,0.0,0,37509
2607582,36.21,36.15,33.62,35.3,1,0,13.58,14.56,36.15,1.37,0.3,39545,0,31.38,35.0,0.0,0,38009
2608090,36.21,36.18,33.62,35.3,1,0,13.29,14.59,36.18,1.37,0.3,39545,0,31.4,35.0,0.0,0,38509
2608599,36.26,36.2,33.62,35.3,1,0,13.71,14.6,36.2,1.37,0.3,39545,0,31.4,35.0,0.0,0,39009
2609108,36.29,36.23,33.62,35.3,1,0,13.21,14.62,36.23,1.37,0.3,39545,0,31.4,35.0,0.0,0,39509
2609617,36.29,36.26,33.62,35.3,1,0,13.21,14.63,36.26,1.37,0.3,39545,0,31.4,35.0,0.0,0,40009
2610126,36.21,36.27,33.62,35.3,1,0,13.18,14.63,36.27,1.37,0.3,39545,0,31.38,35.0,0.0,0,40509
2610635,36.3,36.24,33.62,35.3,1,0,13.18,14.59,36.27,1.37,0.3,39545,0,31.38,35.0,0.03,0,41009
2611144,36.27,36.27,33.62,35.3,1,0,13.25,14.63,36.27,1.37,0.3,39545,0,31.41,35.0,0.0,0,41511
2611653,36.27,36.27,33.62,35.3,1,0,13.25,14.64,36.27,1.37,0.3,39545,0,31.41,35.0,0.0,0,42012
2612162,36.33,36.3,33.62,35.3,1,0,13.05,14.64,36.3,1.37,0.3,39545,0,31.38,35.0,0.0,0,42513
2612671,36.31,36.31,33.62,35.3,1,0,12.57,14.64,36.31,1.37,0.3,39545,0,31.4,35.0,0.0,0,43013
2613180,36.31,36.31,33.62,35.3,1,0,12.57,14.65,36.31,1.37,0.3,39545,0,31.4,35.0,0.0,0,43513
2613689,36.36,36.31,33.62,35.3,1,0,13.12,14.65,36.31,1.37,0.3,39545,0,31.42,35.0,0.0,0,44013
2614198,36.36,36.34,33.62,35.3,1,0,12.88,14.69,36.34,1.37,0.3,39545,0,31.38,35.0,0.0,0,44513
2614707,36.36,36.35,33.62,35.3,1,0,12.88,14.65,36.35,1.37,0.3,39545,0,31.38,35.0,0.0,0,45014
2615216,36.36,36.35,33.62,35.3,1,0,12.85,14.65,36.35,1.37,0.3,39545,0,31.4,35.0,0.0,0,45523
2615725,36.36,36.36,33.62,35.3,1,0,12.85,14.66,36.36,1.37,0.3,39545,0,31.4,35.0,0.0,0,46532
2616234,36.36,36.36,33.62,35.3,1,0,12.85,14.66,36.36,1.37,0.3,39545,0,31.4,35.0,0.0,0,47032
2616743,36.34,36.35,33.62,35.3,1,0,12.81,14.66,36.36,1.37,0.3,39545,0,31.4,35.0,0.0,0,47532
2617252,36.47,36.41,33.62,35.3,1,0,12.72,14.71,36.41,1.37,0.3,39545,0,31.4,35.0,0.0,0,48033
2617761,36.47,36.44,33.62,35.3,1,0,12.72,14.71,36.44,1.37,0.3,39545,0,31.4,35.0,0.0,0,48533
2618270,36.47,36.46,33.62,35.3,1,0,12.72,14.71,36.46,1.37,0.3,39545,0,31.4,35.0,0.0,0,49033
2618779,36.45,36.45,33.62,35.3,1,0,12.68,14.7,36.46,1.37,0.3,39545,0,31.4,35.0,0.0,0,49533
2619288,36.45,36.45,33.62,35.3,1,0,12.68,14.7,36.46,1.37,0.3,39545,0,31.4,35.0,0.0,0,50033
2619797,36.45,36.45,33.62,35.3,1,0,12.44,14.71,36.46,1.37,0.3,39545,0,31.41,35.0,0.01,0,50533
2620306,36.45,36.45,33.62,35.3,1,0,12.53,14.71,36.46,1.37,0.3,39545,0,31.41,35.0,0.01,0,51033
2620815,36.45,36.45,33.62,35.3,1,0,12.53,14.71,36.46,1.37,0.3,39545,0,31.41,35.0,0.01,0,51533
2621324,36.47,36.46,33.62,35.3,1,0,12.46,14.71,36.46,1.37,0.3,39545,0,31.4,35.0,0.0,0,52033
2621833,36.54,36.47,33.62,35.3,1,0,12.44,14.71,36.47,1.37,0.3,39545,0,31.41,35.0,0.0,0,52533
2622343,36.54,36.5,33.62,35.3,1,0,12.44,14.75,36.5,1.37,0.3,39545,0,31.41,35.0,0.0,0,53033
2622852,36.51,36.52,33.62,35.3,1,0,12.37,14.75,36.52,1.37,0.3,39545,0,31.4,35.0,0.0,0,53536
2623361,36.51,36.51,33.62,35.3,1,0,12.37,14.73,36.52,1.37,0.3,39545,0,31.4,35.0,0.0,0,54037
2623870,36.49,36.5,33.62,35.3,1,0,12.28,14.73,36.52,1.37,0.3,39545,0,31.41,35.0,0.01,0,54538
2624379,36.49,36.5,33.62,35.3,1,0,12.28,14.73,36.52,1.37,0.3,39545,0,31.41,35.0,0.02,0,55038
2624888,36.49,36.49,33.62,35.3,1,0,12.39,14.71,36.52,1.37,0.3,39545,0,31.38,35.0,0.02,0,55538
2625397,36.54,36.49,33.62,35.3,1,0,12.35,14.71,36.52,1.37,0.3,39545,0,31.42,35.0,0.02,0,56038
2625906,36.54,36.51,33.62,35.3,1,0,12.35,14.76,36.52,1.37,0.3,39545,0,31.42,35.0,0.0,0,56538
2626415,36.52,36.52,33.62,35.3,1,0,12.22,14.73,36.52,1.37,0.3,39545,0,31.4,35.0,0.0,0,57038
2626924,36.52,36.52,33.62,35.3,1,0,12.22,14.73,36.52,1.37,0.3,39545,0,31.4,35.0,0.0,0,57538
2627433,36.55,36.54,33.62,35.3,1,0,12.09,14.77,36.54,1.37,0.3,39545,0,31.42,35.0,0.0,0,58038
2627942,36.55,36.54,33.62,35.3,1,0,12.09,14.77,36.54,1.37,0.3,39545,0,31.42,35.0,0.0,0,58538
2628451,36.56,36.55,33.62,35.3,1,0,12.33,14.77,36.55,1.37,0.3,39545,0,31.38,35.0,0.0,0,59038
2628960,36.56,36.56,33.62,35.3,1,0,12.33,14.74,36.56,1.37,0.3,39545,0,31.38,35.0,0.0,0,59538
2629469,36.58,36.57,33.62,35.3,1,0,12.33,14.76,36.57,1.37,0.3,39545,0,31.4,35.0,0.0,0,60038
2629978,36.58,36.57,33.62,35.3,1,0,12.7,14.76,36.57,1.37,0.3,39545,0,31.4,35.0,0.0,0,60538
2630487,36.58,36.57,33.62,35.3,1,0,12.7,14.76,36.57,1.37,0.3,39545,0,31.4,35.0,0.0,0,61038
2630996,36.58,36.58,33.62,35.3,1,0,12.02,14.76,36.58,1.37,0.3,39545,0,31.4,35.0,0.0,0,61538
2631505,36.58,36.58,33.62,35.3,1,0,12.02,14.76,36.58,1.37,0.3,39545,0,31.4,35.0,0.0,0,62038
2632014,36.56,36.57,33.62,35.3,1,0,11.89,14.75,36.58,1.37,0.3,39545,0,31.4,35.0,0.0,0,62538
2632523,36.59,36.58,33.62,35.3,1,0,11.82,14.76,36.58,1.37,0.3,39545,0,31.4,35.0,0.0,0,63040
2633032,36.59,36.59,33.62,35.3,1,0,11.82,14.76,36.59,1.37,0.3,39545,0,31.4,35.0,0.0,0,63540
2633541,36.55,36.57,33.62,35.3,1,0,11.84,14.73,36.59,1.37,0.3,39545,0,31.38,35.0,0.01,0,64040
2634050,36.58,36.56,33.62,35.3,1,0,11.69,14.73,36.59,1.37,0.3,39545,0,31.4,35.0,0.02,0,64540
2634559,36.58,36.57,33.62,35.3,1,0,11.69,14.76,36.59,1.37,0.3,39545,0,31.4,35.0,0.01,0,65040
2635068,36.56,36.57,33.62,35.3,1,0,11.73,14.76,36.59,1.37,0.3,39545,0,31.41,35.0,0.01,0,65540
2635577,36.56,36.57,33.62,35.3,1,0,11.73,14.76,36.59,1.37,0.3,39545,0,31.41,35.0,0.01,0,66040
2636086,36.54,36.57,33.62,35.3,1,0,11.71,14.76,36.59,1.37,0.3,39545,0,31.42,35.0,0.02,0,66540
2636595,36.55,36.55,33.62,35.3,1,0,11.58,14.76,36.59,1.37,0.3,39545,0,31.38,35.0,0.03,0,67040
2637103,36.55,36.55,33.62,35.3,1,0,11.58,14.73,36.59,1.37,0.3,39545,0,31.38,35.0,0.03,0,67540
2637612,36.55,36.55,33.62,35.3,1,0,11.58,14.73,36.59,1.37,0.3,39545,0,31.38,35.0,0.03,0,68040
2638121,36.53,36.55,33.62,35.3,1,0,11.62,14.73,36.59,1.37,0.3,39545,0,31.4,35.0,0.03,0,68540
2638630,36.53,36.54,33.62,35.3,1,0,11.62,14.74,36.59,1.37,0.3,39545,0,31.4,35.0,0.04,0,69040
2639139,36.58,36.54,33.62,35.3,1,0,11.84,14.74,36.59,1.37,0.3,39545,0,31.41,35.0,0.04,0,69540
2639648,36.58,36.56,33.62,35.3,1,0,11.84,14.77,36.59,1.37,0.3,39545,0,31.41,35.0,0.02,0,70040
2640157,36.58,36.57,33.62,35.3,1,0,11.71,14.77,36.59,1.37,0.3,39545,0,31.41,35.0,0.01,0,70540
2640666,36.53,36.57,33.62,35.3,1,0,11.51,14.77,36.59,1.37,0.3,39545,0,31.4,35.0,0.01,0,71040
2641175,36.53,36.55,33.62,35.3,1,0,11.51,14.74,36.59,1.37,0.3,39545,0,31.4,35.0,0.03,0,71540
2641684,36.53,36.54,33.62,35.3,1,0,11.51,14.74,36.59,1.37,0.3,39545,0,31.4,35.0,0.04,0,72040
2642193,36.58,36.54,33.62,35.3,1,0,11.31,14.74,36.59,1.37,0.3,39545,0,31.4,35.0,0.04,0,72540
2642702,36.58,36.56,33.62,35.3,1,0,11.31,14.76,36.59,1.37,0.3,39545,0,31.4,35.0,0.02,0,73040
2643211,36.54,36.57,33.62,35.3,1,0,11.31,14.76,36.59,1.37,0.3,39545,0,31.41,35.0,0.01,0,73540
2643720,36.54,36.55,33.62,35.3,1,0,11.31,14.75,36.59,1.37,0.3,39545,0,31.41,35.0,0.03,0,74040
2644229,36.52,36.54,33.62,35.3,1,0,11.33,14.75,36.59,1.37,0.3,39545,0,31.38,35.0,0.04,0,74540
2644738,36.52,36.52,33.62,35.3,1,0,11.33,14.72,36.59,1.37,0.3,39545,0,31.38,35.0,0.06,0,75545
2645247,36.55,36.54,33.62,35.3,1,0,11.24,14.76,36.59,1.37,0.3,39545,0,31.41,35.0,0.04,0,76045
2645756,36.52,36.53,33.62,35.3,1,0,11.29,14.75,36.59,1.37,0.3,39545,0,31.41,35.0,0.05,0,76545
2646265,36.52,36.52,33.62,35.3,1,0,11.4,14.73,36.59,1.37,0.3,39545,0,31.4,35.0,0.06,0,77045
2646774,36.52,36.52,33.62,35.3,1,0,11.4,14.73,36.59,1.37,0.3,39545,0,31.4,35.0,0.06,0,77545
2647283,36.49,36.51,33.62,35.3,1,1,10.51,14.74,36.59,1.37,0.3,39545,0,31.42,35.0,0.07,1,78045
2647792,36.49,36.5,33.62,35.3,1,1,10.51,14.74,36.59,1.37,0.3,39545,0,31.42,35.0,0.08,1,78545
2648301,36.52,36.51,33.62,35.3,1,1,11.24,14.73,36.59,1.37,0.3,39545,0,31.4,35.0,0.07,1,79045
2648810,36.52,36.52,33.62,35.3,1,1,11.24,14.73,36.59,1.37,0.3,39545,0,31.4,35.0,0.06,1,79545
2649319,36.48,36.5,33.62,35.3,1,1,11.33,14.73,36.59,1.37,0.3,39545,0,31.41,35.0,0.08,1,80045
2649828,36.48,36.49,33.62,35.3,1,1,11.33,14.73,36.59,1.37,0.3,39545,0,31.41,35.0,0.09,1,80545
2650337,36.58,36.53,33.62,35.3,1,1,12.28,14.77,36.59,1.37,0.3,39545,0,31.41,35.0,0.05,1,81045
2650846,36.58,36.56,33.62,35.3,1,1,12.28,14.77,36.59,1.37,0.3,39545,0,31.41,35.0,0.02,1,81545
2651355,36.46,36.51,33.62,35.3,1,1,12.2,14.69,36.59,1.37,0.3,39545,0,31.38,35.0,0.07,1,82045
2651864,36.46,36.48,33.62,35.3,1,1,12.2,14.69,36.59,1.37,0.3,39545,0,31.38,35.0,0.1,1,82545
2652373,36.21,36.35,33.62,35.3,1,0,12.64,14.59,36.59,1.37,0.3,39545,1,31.38,35.0,0.23,1,83045
2652882,36.09,36.22,33.62,35.3,1,0,12.68,14.51,36.59,1.37,0.3,39545,1,31.35,35.0,0.36,1,83545
2653391,36.09,36.16,33.62,35.3,1,0,12.68,14.51,36.59,1.37,0.3,39545,1,31.35,35.0,0.43,1,84045
2653900,35.79,36.12,33.62,35.3,1,0,12.94,14.51,36.59,1.37,0.3,39545,1,31.35,35.0,0.46,1,84545
2654409,35.79,35.96,33.62,35.3,1,0,12.94,14.38,36.59,1.37,0.3,39545,1,31.35,35.0,0.62,1,85045
2654918,35.67,35.81,33.62,35.3,1,0,13.05,14.33,36.59,1.37,0.3,39545,1,31.35,35.0,0.77,1,85545
2655427,35.67,35.74,33.62,35.3,1,0,13.05,14.33,36.59,1.37,0.3,39545,1,31.35,35.0,0.84,1,86045
2655936,35.67,35.71,33.62,35.3,1,0,13.05,14.33,36.59,1.37,0.3,39545,1,31.35,35.0,0.87,1,86545
2656445,35.52,35.61,33.62,35.3,1,0,12.17,14.25,36.59,1.37,0.3,39545,1,31.34,35.0,0.97,1,87045
2656954,35.52,35.57,33.62,35.3,1,0,12.17,14.25,36.59,1.37,0.3,39545,1,31.34,35.0,1.01,1,87545
2657463,35.51,35.54,33.62,35.3,1,0,11.93,14.23,36.59,1.37,0.3,39545,1,31.32,35.0,1.04,1,88045
2657972,35.46,35.52,33.62,35.3,1,0,11.56,14.23,36.59,1.37,0.3,39545,1,31.32,35.0,1.06,1,88545
2658481,35.46,35.49,33.62,35.3,1,0,11.56,14.22,36.59,1.37,0.3,39545,1,31.32,35.0,1.09,1,89045
2658990,35.43,35.46,33.62,35.3,1,0,11.51,14.19,36.59,1.37,0.3,39545,1,31.31,35.0,1.12,1,89545
2659499,35.42,35.45,33.62,35.3,1,0,12.31,14.19,36.59,1.37,0.3,39545,1,31.3,35.0,1.13,1,90045
2660009,35.42,35.43,33.62,35.3,1,0,12.31,14.17,36.59,1.37,0.3,39545,1,31.3,35.0,1.15,1,90545
2660518,35.39,35.41,33.62,35.3,1,0,11.18,14.17,36.59,1.37,0.3,39545,1,31.31,35.0,1.17,1,91045
2661027,35.36,35.38,33.62,35.3,1,0,11.42,14.16,36.59,1.37,0.3,39545,1,31.31,35.0,1.2,1,91545
2661536,35.42,35.37,33.62,35.3,1,0,11.38,14.16,36.59,1.37,0.3,39545,1,31.32,35.0,1.21,1,92045
2662045,35.42,35.4,33.62,35.3,1,0,11.38,14.2,36.59,1.37,0.3,39545,1,31.32,35.0,1.19,1,92545
2662554,35.42,35.41,33.62,35.3,1,0,11.38,14.2,36.59,1.37,0.3,39545,1,31.32,35.0,1.17,1,93045
2663063,35.42,35.41,33.62,35.3,1,0,11.38,14.2,36.59,1.37,0.3,39545,1,31.32,35.0,1.17,1,93545
2663572,35.42,35.42,33.62,35.3,1,0,11.38,14.2,36.59,1.37,0.3,39545,1,31.32,35.0,1.16,1,94045
2664081,35.39,35.4,33.62,35.3,1,0,11.22,14.18,36.59,1.37,0.3,39545,1,31.32,35.0,1.18,1,94547
2664590,35.37,35.4,33.62,35.3,1,0,11.22,14.18,36.59,1.37,0.3,39545,1,31.31,35.0,1.18,1,95047
2665099,35.37,35.38,33.62,35.3,1,0,11.22,14.16,36.59,1.37,0.3,39545,1,31.31,35.0,1.2,1,95547
2665608,35.36,35.38,33.62,35.3,1,0,11.13,14.16,36.59,1.37,0.3,39545,1,31.3,35.0,1.2,1,96047
2666117,35.39,35.37,33.62,35.3,1,0,10.6,14.15,36.59,1.37,0.3,39545,1,31.32,35.0,1.21,1,96547
2666626,35.39,35.38,33.62,35.3,1,0,11.27,14.18,36.59,1.37,0.3,39545,1,31.31,35.0,1.2,1,97047
2667136,35.39,35.38,33.62,35.3,1,0,11.27,14.17,36.59,1.37,0.3,39545,1,31.31,35.0,1.2,1,97547
2667645,35.46,35.38,33.62,35.3,1,0,11.11,14.17,36.59,1.37,0.3,39545,1,31.3,35.0,1.2,1,98047
2668154,35.46,35.42,33.62,35.3,1,0,11.11,14.19,36.59,1.37,0.3,39545,1,31.3,35.0,1.16,1,98547
2668663,35.47,35.44,33.62,35.3,1,0,11.07,14.19,36.59,1.37,0.3,39545,1,31.3,35.0,1.14,1,99047
2669172,35.43,35.46,33.62,35.3,1,0,10.91,14.2,36.59,1.37,0.3,39545,1,31.31,35.0,1.12,1,99547
2669681,35.43,35.45,33.62,35.3,1,0,10.91,14.19,36.59,1.37,0.3,39545,1,31.31,35.0,1.14,1,100047
2670190,35.52,35.44,33.62,35.3,1,0,10.91,14.19,36.59,1.37,0.3,39545,1,31.31,35.0,1.14,1,100547
2670699,35.49,35.48,33.62,35.3,1,0,11.07,14.23,36.59,1.37,0.3,39545,1,31.28,35.0,1.1,1,101047
2671208,35.51,35.48,33.62,35.3,1,0,11.53,14.19,36.59,1.37,0.3,39545,1,31.28,35.0,1.1,1,101547
2671718,35.51,35.5,33.62,35.3,1,0,11.53,14.2,36.59,1.37,0.3,39545,1,31.28,35.0,1.08,1,102047
2672227,35.53,35.51,33.62,35.3,1,0,10.91,14.2,36.59,1.37,0.3,39545,1,31.32,35.0,1.07,1,102547
2672736,35.55,35.52,33.62,35.3,1,0,11.04,14.25,36.59,1.37,0.3,39545,1,31.32,35.0,1.06,1,103047
2673245,35.55,35.54,33.62,35.3,1,0,11.04,14.25,36.59,1.37,0.3,39545,1,31.32,35.0,1.05,1,103552
2673754,35.58,35.56,33.62,35.3,1,0,10.64,14.25,36.59,1.37,0.3,39545,1,31.31,35.0,1.02,1,104561
2674263,35.58,35.57,33.62,35.3,1,0,10.64,14.25,36.59,1.37,0.3,39545,1,31.31,35.0,1.01,1,105061
2674772,35.64,35.6,33.62,35.3,1,0,10.78,14.29,36.59,1.37,0.3,39545,1,31.32,35.0,0.98,1,105561
2675281,35.64,35.62,33.62,35.3,1,0,10.78,14.29,36.59,1.37,0.3,39545,1,31.32,35.0,0.96,1,106061
2675790,35.63,35.63,33.62,35.3,1,0,10.69,14.28,36.59,1.37,0.3,39545,1,31.31,35.0,0.95,1,106561
2676299,35.63,35.63,33.62,35.3,1,0,10.69,14.28,36.59,1.37,0.3,39545,1,31.31,35.0,0.95,1,107061
2676808,35.63,35.63,33.62,35.3,1,0,10.69,14.28,36.59,1.37,0.3,39545,1,31.31,35.0,0.95,1,107561
2677317,35.68,35.66,33.62,35.3,1,0,10.73,14.29,36.59,1.37,0.3,39545,1,31.3,35.0,0.92,1,108061
2677826,35.68,35.67,33.62,35.3,1,0,10.73,14.29,36.59,1.37,0.3,39545,1,31.3,35.0,0.91,1,108561
2678335,35.7,35.68,33.62,35.3,1,0,11.31,14.32,36.59,1.37,0.3,39545,1,31.32,35.0,0.9,1,109061
2678844,35.65,35.67,33.62,35.3,1,0,10.06,14.29,36.59,1.37,0.3,39545,1,31.31,35.0,0.91,1,109561
2679353,35.68,35.67,33.62,35.3,1,0,10.58,14.32,36.59,1.37,0.3,39545,1,31.34,35.0,0.91,1,110061
2679862,35.68,35.68,33.62,35.3,1,0,10.58,14.32,36.59,1.37,0.3,39545,1,31.34,35.0,0.9,1,110561
2680371,35.67,35.67,33.62,35.3,1,0,10.67,14.29,36.59,1.37,0.3,39545,1,31.31,35.0,0.91,1,111061
2680880,35.67,35.67,33.62,35.3,1,0,10.67,14.29,36.59,1.37,0.3,39545,1,31.31,35.0,0.91,1,111561
2681389,35.64,35.65,33.62,35.3,1,0,10.58,14.29,36.59,1.37,0.3,39545,1,31.32,35.0,0.93,1,112061
2681898,35.67,35.65,33.62,35.3,1,0,10.38,14.29,36.59,1.37,0.3,39545,1,31.34,35.0,0.94,1,112561
2682407,35.67,35.66,33.62,35.3,1,0,10.38,14.32,36.59,1.37,0.3,39545,1,31.34,35.0,0.92,1,113061
2682916,35.67,35.66,33.62,35.3,1,0,10.71,14.32,36.59,1.37,0.3,39545,1,31.34,35.0,0.92,1,113561
2683425,35.68,35.67,33.62,35.3,1,0,10.6,14.32,36.59,1.37,0.3,39545,1,31.34,35.0,0.91,1,114061
2683934,35.68,35.68,33.62,35.3,1,0,10.6,14.32,36.59,1.37,0.3,39545,1,31.34,35.0,0.9,1,114561
2684443,35.68,35.68,33.62,35.3,1,0,10.11,14.32,36.59,1.37,0.3,39545,1,31.34,35.0,0.9,1,115061
2684952,35.68,35.68,33.62,35.3,1,0,10.11,14.32,36.59,1.37,0.3,39545,1,31.34,35.0,0.9,1,115561
2685461,35.68,35.68,33.62,35.3,1,0,10.35,14.34,36.59,1.37,0.3,39545,1,31.35,35.0,0.9,1,116075
2685970,35.68,35.68,33.62,35.3,1,0,10.35,14.34,36.59,1.37,0.3,39545,1,31.35,35.0,0.9,1,116575
2686479,35.68,35.68,33.62,35.3,1,0,10.35,14.34,36.59,1.37,0.3,39545,1,31.35,35.0,0.9,1,117075
2686988,35.68,35.68,33.62,35.3,1,0,10.35,14.34,36.59,1.37,0.3,39545,1,31.35,35.0,0.9,1,117575
2687497,35.67,35.68,33.62,35.3,1,0,10.24,14.32,36.59,1.37,0.3,39545,1,31.34,35.0,0.9,1,118075
2688006,35.67,35.67,33.62,35.3,1,0,10.53,14.32,36.59,1.37,0.3,39545,1,31.32,35.0,0.91,1,118575
2688519,35.61,35.67,33.62,35.3,1,0,9.59,14.3,36.59,1.37,0.3,39545,1,31.34,35.0,0.91,1,119075
2689028,35.61,35.64,33.62,35.3,1,0,9.59,14.29,36.59,1.37,0.3,39545,1,31.34,35.0,0.94,1,119575
2689537,35.68,35.66,33.62,35.3,1,0,10.24,14.32,36.59,1.37,0.3,39545,1,31.34,35.0,0.92,1,120075
2690046,35.65,35.66,33.62,35.3,1,0,10.35,14.31,36.59,1.37,0.3,39545,1,31.34,35.0,0.92,1,120575
2690555,35.67,35.65,33.62,35.3,1,0,10.29,14.31,36.59,1.37,0.3,39545,1,31.37,35.0,0.93,1,121075
2691064,35.67,35.66,33.62,35.3,1,0,10.29,14.34,36.59,1.37,0.3,39545,1,31.37,35.0,0.92,1,121575
2691573,35.61,35.64,33.62,35.3,1,0,10.31,14.31,36.59,1.37,0.3,39545,1,31.35,35.0,0.94,1,122075
2692082,35.62,35.62,33.62,35.3,1,0,10.33,14.31,36.59,1.37,0.3,39545,1,31.34,35.0,0.96,1,122575
2692591,35.62,35.62,33.62,35.3,1,0,10.33,14.3,36.59,1.37,0.3,39545,1,31.34,35.0,0.96,1,123075
2693100,35.61,35.62,33.62,35.3,1,0,10.33,14.3,36.59,1.37,0.3,39545,1,31.37,35.0,0.96,1,123575
2693609,35.61,35.62,33.62,35.3,1,0,10.33,14.32,36.59,1.37,0.3,39545,1,31.37,35.0,0.96,1,124075
2694118,35.64,35.61,33.62,35.3,1,0,10.67,14.32,36.59,1.37,0.3,39545,1,31.34,35.0,0.97,1,124575
2694627,35.64,35.63,33.62,35.3,1,0,10.67,14.31,36.59,1.37,0.3,39545,1,31.34,35.0,0.95,1,125075
2695136,35.64,35.63,33.62,35.3,1,0,10.67,14.31,36.59,1.37,0.3,39545,1,31.34,35.0,0.95,1,125575
2695645,35.64,35.64,33.62,35.3,1,0,10.67,14.31,36.59,1.37,0.3,39545,1,31.34,35.0,0.94,1,126075
2696154,35.57,35.6,33.62,35.3,1,0,10.08,14.27,36.59,1.37,0.3,39545,1,31.34,35.0,0.98,1,126575
2696663,35.57,35.58,33.62,35.3,1,0,10.08,14.27,36.59,1.37,0.3,39545,1,31.34,35.0,1.0,1,127075
2697172,35.57,35.57,33.62,35.3,1,0,10.08,14.27,36.59,1.37,0.3,39545,1,31.34,35.0,1.01,1,127575
2697681,35.61,35.57,33.62,35.3,1,0,10.17,14.27,36.59,1.37,0.3,39545,1,31.37,35.0,1.01,1,128075
2698190,35.61,35.59,33.62,35.3,1,0,10.17,14.32,36.59,1.37,0.3,39545,1,31.37,35.0,0.99,1,128575
2698699,35.51,35.6,33.62,35.3,1,0,10.11,14.32,36.59,1.37,0.3,39545,1,31.34,35.0,0.98,1,129075
2699208,35.51,35.55,33.62,35.3,1,0,10.11,14.25,36.59,1.37,0.3,39545,1,31.34,35.0,1.03,1,129575
2699717,35.51,35.53,33.62,35.3,1,0,10.11,14.25,36.59,1.37,0.3,39545,1,31.34,35.0,1.05,1,130075
2700226,35.51,35.52,33.62,35.3,1,0,10.11,14.25,36.59,1.37,0.3,39545,1,31.34,35.0,1.06,1,130575
2700735,35.55,35.51,33.62,35.3,1,0,10.02,14.25,36.59,1.37,0.3,39545,1,31.37,35.0,1.07,1,131075
2701244,35.55,35.53,33.62,35.3,1,0,10.02,14.29,36.59,1.37,0.3,39545,1,31.37,35.0,1.05,1,131575
2701753,35.55,35.54,33.62,35.3,1,0,10.02,14.29,36.59,1.37,0.3,39545,1,31.37,35.0,1.04,1,132075
2702262,35.51,35.55,33.62,35.3,1,0,10.08,14.29,36.59,1.37,0.3,39545,1,31.35,35.0,1.03,1,132575
2702773,35.51,35.52,33.62,35.3,1,0,10.08,14.26,36.59,1.37,0.3,39545,1,31.35,35.0,1.06,1,133580
2703283,35.5,35.51,33.62,35.3,1,0,10.04,14.25,36.59,1.37,0.3,39545,1,31.35,35.0,1.07,1,134080
2703792,35.45,35.48,33.62,35.3,1,0,9.91,14.22,36.59,1.37,0.3,39545,1,31.34,35.0,1.1,1,134582
2704301,35.45,35.46,33.62,35.3,1,0,9.91,14.22,36.59,1.37,0.3,39545,1,31.34,35.0,1.12,1,135082
2704810,35.45,35.46,33.62,35.3,1,0,9.91,14.22,36.59,1.37,0.3,39545,1,31.34,35.0,1.12,1,135582
2705319,35.49,35.47,33.62,35.3,1,0,10.06,14.23,36.59,1.37,0.3,39545,1,31.32,35.0,1.11,1,136082
2705828,35.49,35.48,33.62,35.3,1,0,10.06,14.23,36.59,1.37,0.3,39545,1,31.32,35.0,1.1,1,136582
2706337,35.46,35.47,33.62,35.3,1,0,9.97,14.24,36.59,1.37,0.3,39545,1,31.35,35.0,1.11,1,137082
2706846,35.45,35.46,33.62,35.3,1,0,9.95,14.24,36.59,1.37,0.3,39545,1,31.35,35.0,1.12,1,137582
2707355,35.45,35.46,33.62,35.3,1,0,9.95,14.24,36.59,1.37,0.3,39545,1,31.35,35.0,1.12,1,138082
2707864,35.39,35.42,33.62,35.3,1,0,9.88,14.22,36.59,1.37,0.3,39545,1,31.37,35.0,1.16,1,138582
2708373,35.42,35.42,33.62,35.3,1,0,9.91,14.24,36.59,1.37,0.3,39545,1,31.37,35.0,1.16,1,139082
2708882,35.42,35.42,33.62,35.3,1,0,9.91,14.24,36.59,1.37,0.3,39545,1,31.37,35.0,1.16,1,139582
2709391,35.39,35.41,33.62,35.3,1,0,9.61,14.23,36.59,1.37,0.3,39545,1,31.38,35.0,1.17,1,140082
2709900,35.42,35.4,33.62,35.3,1,0,9.7,14.23,36.59,1.37,0.3,39545,1,31.38,35.0,1.18,1,140582
2710410,35.42,35.41,33.62,35.3,1,0,9.7,14.25,36.59,1.37,0.3,39545,1,31.38,35.0,1.17,1,141082
2710919,35.39,35.4,33.62,35.3,1,0,9.88,14.22,36.59,1.37,0.3,39545,1,31.37,35.0,1.18,1,141582
2711428,35.39,35.4,33.62,35.3,1,0,9.88,14.22,36.59,1.37,0.3,39545,1,31.37,35.0,1.18,1,142082
2711937,35.39,35.39,33.62,35.3,1,0,9.88,14.22,36.59,1.37,0.3,39545,1,31.37,35.0,1.19,1,142582
2712446,35.38,35.39,33.62,35.3,1,0,9.77,14.22,36.59,1.37,0.3,39545,1,31.37,35.0,1.19,1,143082
2712955,35.38,35.39,33.62,35.3,1,0,9.77,14.22,36.59,1.37,0.3,39545,1,31.37,35.0,1.2,1,143582
2713464,35.35,35.37,33.62,35.3,1,0,9.75,14.2,36.59,1.37,0.3,39545,1,31.37,35.0,1.21,1,144082
2713973,35.35,35.36,33.62,35.3,1,0,9.75,14.2,36.59,1.37,0.3,39545,1,31.37,35.0,1.22,1,144582
2714482,35.35,35.35,33.62,35.3,1,0,9.75,14.2,36.59,1.37,0.3,39545,1,31.37,35.0,1.23,1,145082
2714991,35.35,35.35,33.62,35.3,1,0,9.73,14.18,36.59,1.37,0.3,39545,1,31.34,35.0,1.23,1,145582
2715500,35.35,35.35,33.62,35.3,1,0,9.73,14.18,36.59,1.37,0.3,39545,1,31.34,35.0,1.23,1,146082
2716009,35.35,35.35,33.62,35.3,1,0,9.73,14.18,36.59,1.37,0.3,39545,1,31.34,35.0,1.23,1,146582
2716518,35.35,35.35,33.62,35.3,1,0,9.66,14.2,36.59,1.37,0.3,39545,1,31.37,35.0,1.23,1,147082
2717027,35.33,35.35,33.62,35.3,1,0,9.61,14.2,36.59,1.37,0.3,39545,1,31.35,35.0,1.23,1,147582
2717536,35.33,35.34,33.62,35.3,1,0,9.61,14.19,36.59,1.37,0.3,39545,1,31.35,35.0,1.24,1,148082
2718045,35.26,35.34,33.62,35.3,1,0,9.86,14.19,36.59,1.37,0.3,39545,1,31.38,35.0,1.24,1,148582
2718554,35.26,35.3,33.62,35.3,1,0,9.86,14.18,36.59,1.37,0.3,39545,1,31.38,35.0,1.28,1,149082
2719063,35.28,35.28,33.62,35.3,0,0,9.55,14.18,36.59,1.37,0.3,149582,0,31.37,35.0,1.3,1,0
2719572,35.28,35.28,33.59,35.3,0,0,9.25,14.17,35.28,1.4,0.3,149582,0,31.38,35.0,0.0,1,500
2720081,35.28,35.28,33.59,35.3,0,0,9.25,14.18,35.28,1.4,0.3,149582,0,31.38,35.0,0.0,1,1000
2720590,35.23,35.25,33.59,35.3,0,0,9.41,14.15,35.25,1.4,0.3,149582,0,31.37,35.0,0.0,1,1500
2721099,35.28,35.24,33.59,35.3,0,0,9.59,14.15,35.24,1.4,0.3,149582,0,31.38,35.0,0.0,1,2000
2721611,35.28,35.26,33.59,35.3,0,0,9.59,14.18,35.24,1.4,0.3,149582,0,31.38,35.0,0.01,1,2500
2722120,35.26,35.26,33.59,35.3,0,0,9.75,14.18,35.24,1.4,0.3,149582,0,31.38,35.0,0.01,1,3000
2722629,35.26,35.26,33.59,35.3,0,0,9.75,14.18,35.24,1.4,0.3,149582,0,31.38,35.0,0.01,1,3500
2723138,35.21,35.26,33.59,35.3,0,0,9.77,14.18,35.24,1.4,0.3,149582,0,31.4,35.0,0.01,1,4000
2723647,35.21,35.23,33.59,35.3,0,0,9.77,14.17,35.23,1.4,0.3,149582,0,31.4,35.0,0.0,1,4500
2724156,35.19,35.22,33.59,35.3,0,0,9.77,14.17,35.22,1.4,0.3,149582,0,31.38,35.0,0.0,1,5000
2724665,35.19,35.21,33.59,35.3,0,0,9.77,14.15,35.21,1.4,0.3,149582,0,31.38,35.0,0.0,1,5500
2725174,35.17,35.2,33.59,35.3,0,0,10.0,14.15,35.2,1.4,0.3,149582,0,31.37,35.0,0.0,1,6000
2725683,35.13,35.18,33.59,35.3,0,0,9.97,14.13,35.18,1.4,0.3,149582,0,31.4,35.0,0.0,1,6500
2726192,35.13,35.16,33.59,35.3,0,0,9.97,14.13,35.16,1.4,0.3,149582,0,31.4,35.0,0.0,1,7000
2726701,35.19,35.15,33.59,35.3,0,0,10.13,14.13,35.15,1.4,0.3,149582,0,31.37,35.0,0.0,1,7500
2727210,35.19,35.17,33.59,35.3,0,0,10.13,14.13,35.15,1.4,0.3,149582,0,31.37,35.0,0.02,1,8000
2727719,35.14,35.18,33.59,35.3,0,0,10.04,14.13,35.15,1.4,0.3,149582,0,31.37,35.0,0.03,1,8500
2728228,35.14,35.16,33.59,35.3,0,0,10.04,14.11,35.15,1.4,0.3,149582,0,31.37,35.0,0.01,1,9000
2728737,35.09,35.15,33.59,35.3,0,0,10.44,14.11,35.15,1.4,0.3,149582,0,31.37,35.0,0.0,1,9500
2729246,35.09,35.12,33.59,35.3,0,0,10.44,14.09,35.12,1.4,0.3,149582,0,31.37,35.0,0.0,1,10000
2729755,35.12,35.1,33.59,35.3,0,0,11.27,14.09,35.1,1.4,0.3,149582,0,31.38,35.0,0.0,1,10500
2730264,35.09,35.11,33.59,35.3,0,0,10.44,14.11,35.1,1.4,0.3,149582,0,31.4,35.0,0.0,1,11000
2730773,35.1,35.1,33.59,35.3,0,0,10.62,14.11,35.1,1.4,0.3,149582,0,31.37,35.0,0.0,1,11500
2731296,35.07,35.09,33.59,35.3,0,0,10.76,14.09,35.09,1.4,0.3,149582,0,31.38,35.0,0.0,1,12521
2731805,35.07,35.08,33.59,35.3,0,0,10.76,14.09,35.08,1.4,0.3,149582,0,31.38,35.0,0.0,1,13021
2732314,35.1,35.09,33.59,35.3,0,0,10.87,14.09,35.08,1.4,0.3,149582,0,31.37,35.0,0.01,1,13521
2732823,35.1,35.1,33.59,35.3,0,0,10.87,14.09,35.08,1.4,0.3,149582,0,31.37,35.0,0.01,1,14021
2733332,35.1,35.1,33.59,35.3,0,0,10.87,14.09,35.08,1.4,0.3,149582,0,31.37,35.0,0.01,1,14521
2733841,35.1,35.1,33.59,35.3,0,0,10.87,14.09,35.08,1.4,0.3,149582,0,31.37,35.0,0.01,1,15021
2734350,35.08,35.1,33.59,35.3,0,0,11.49,14.09,35.08,1.4,0.3,149582,0,31.4,35.0,0.02,1,15521
2734859,35.08,35.09,33.59,35.3,0,0,11.49,14.11,35.08,1.4,0.3,149582,0,31.4,35.0,0.0,1,16021
2735368,35.03,35.06,33.59,35.3,0,0,11.09,14.06,35.06,1.4,0.3,149582,0,31.37,35.0,0.0,1,16521
2735877,35.06,35.06,33.59,35.3,0,0,11.62,14.11,35.06,1.4,0.3,149582,0,31.41,35.0,0.0,1,17021
2736386,35.06,35.06,33.59,35.3,0,0,11.62,14.11,35.06,1.4,0.3,149582,0,31.41,35.0,0.0,1,17521
2736895,35.03,35.04,33.59,35.3,0,0,11.82,14.06,35.04,1.4,0.3,149582,0,31.37,35.0,0.0,1,18031
2737404,35.03,35.04,33.59,35.3,0,0,11.82,14.06,35.04,1.4,0.3,149582,0,31.37,35.0,0.0,1,18531
2737913,34.99,35.01,33.59,35.3,0,0,11.75,14.06,35.01,1.4,0.3,149582,0,31.38,35.0,0.0,1,19031
2738422,34.99,35.0,33.59,35.3,0,0,11.75,14.06,35.0,1.4,0.3,149582,0,31.38,35.0,0.0,1,19531
2738931,35.01,35.01,33.59,35.3,0,0,11.97,14.06,35.0,1.4,0.3,149582,0,31.37,35.0,0.0,1,20031
2739440,35.01,35.01,33.59,35.3,0,0,11.97,14.06,35.0,1.4,0.3,149582,0,31.37,35.0,0.01,1,20531
2739949,35.04,35.03,33.59,35.3,0,0,12.24,14.08,35.0,1.4,0.3,149582,0,31.38,35.0,0.02,1,21031
2740458,35.04,35.04,33.59,35.3,0,0,12.35,14.09,35.0,1.4,0.3,149582,0,31.4,35.0,0.03,1,21531
2740967,35.02,35.04,33.59,35.3,0,0,12.55,14.09,35.0,1.4,0.3,149582,0,31.4,35.0,0.04,1,22031
2741476,35.02,35.03,33.59,35.3,0,0,12.55,14.08,35.0,1.4,0.3,149582,0,31.4,35.0,0.02,1,22531
2741985,35.0,35.01,33.59,35.3,0,0,12.44,14.09,35.0,1.4,0.3,149582,0,31.41,35.0,0.01,1,23031
2742494,35.01,35.01,33.59,35.3,0,0,12.81,14.09,35.0,1.4,0.3,149582,0,31.38,35.0,0.0,1,23531
2743003,35.01,35.01,33.59,35.3,0,0,12.81,14.07,35.0,1.4,0.3,149582,0,31.38,35.0,0.01,1,24031
2743512,35.01,35.01,33.59,35.3,0,0,12.79,14.06,35.0,1.4,0.3,149582,0,31.37,35.0,0.01,1,24531
2744021,35.0,35.01,33.59,35.3,0,0,13.03,14.08,35.0,1.4,0.3,149582,0,31.4,35.0,0.0,1,25031
2744530,34.99,35.0,33.59,35.3,0,0,13.03,14.06,35.0,1.4,0.3,149582,0,31.38,35.0,0.0,1,25531
2745039,34.99,34.99,33.59,35.3,0,0,13.03,14.06,34.99,1.4,0.3,149582,0,31.38,35.0,0.0,1,26031
2745548,35.0,35.0,33.59,35.3,0,0,12.9,14.08,34.99,1.4,0.3,149582,0,31.4,35.0,0.0,1,26531
2746057,34.97,35.0,33.59,35.3,0,0,13.14,14.08,34.99,1.4,0.3,149582,0,31.41,35.0,0.0,1,27031
2746566,34.99,34.99,33.59,35.3,0,0,13.34,14.08,34.99,1.4,0.3,149582,0,31.4,35.0,0.0,1,27531
2747075,34.99,34.99,33.59,35.3,0,0,13.34,14.07,34.99,1.4,0.3,149582,0,31.4,35.0,0.0,1,28031
2747584,35.0,34.99,33.59,35.3,0,0,13.42,14.07,34.99,1.4,0.3,149582,0,31.38,35.0,0.0,1,28532
2748093,35.0,34.99,33.59,35.3,0,0,13.42,14.06,34.99,1.4,0.3,149582,0,31.38,35.0,0.0,1,29033
2748602,35.0,35.0,33.59,35.3,0,0,13.42,14.06,34.99,1.4,0.3,149582,0,31.38,35.0,0.01,1,29533
2749111,35.0,35.0,33.59,35.3,0,0,13.42,14.06,34.99,1.4,0.3,149582,0,31.38,35.0,0.01,1,30033
2749620,35.04,35.02,33.59,35.3,0,0,14.06,14.08,34.99,1.4,0.3,149582,0,31.38,35.0,0.03,1,30533
2750129,35.04,35.03,33.59,35.3,0,0,14.06,14.08,34.99,1.4,0.3,149582,0,31.38,35.0,0.04,1,31033
2750638,35.03,35.04,33.59,35.3,0,0,14.03,14.08,34.99,1.4,0.3,149582,0,31.4,35.0,0.05,1,31533
2751151,35.09,35.03,33.59,35.3,0,0,14.03,14.09,34.99,1.4,0.3,149582,0,31.4,35.0,0.04,1,32033
2751660,35.09,35.06,33.59,35.3,0,0,14.03,14.11,34.99,1.4,0.3,149582,0,31.4,35.0,0.07,1,32533
2752169,35.1,35.08,33.59,35.3,0,0,14.27,14.11,34.99,1.4,0.3,149582,0,31.38,35.0,0.08,1,33033
2752678,35.1,35.09,33.59,35.3,0,0,14.27,14.11,34.99,1.4,0.3,149582,0,31.38,35.0,0.1,1,33533
2753187,35.08,35.1,33.59,35.3,0,0,14.49,14.11,34.99,1.4,0.3,149582,0,31.41,35.0,0.1,1,34033
2753696,35.08,35.09,33.59,35.3,0,0,14.49,14.12,34.99,1.4,0.3,149582,0,31.41,35.0,0.09,1,34533
2754205,35.06,35.08,33.59,35.3,0,0,14.43,14.12,34.99,1.4,0.3,149582,0,31.37,35.0,0.09,1,35034
2754714,35.06,35.07,33.59,35.3,0,0,14.43,14.07,34.99,1.4,0.3,149582,0,31.37,35.0,0.08,1,35534
2755223,35.06,35.06,33.59,35.3,0,0,14.43,14.07,34.99,1.4,0.3,149582,0,31.37,35.0,0.07,1,36034
2755732,35.06,35.06,33.59,35.3,0,0,14.43,14.07,34.99,1.4,0.3,149582,0,31.37,35.0,0.07,1,36534
2756241,35.06,35.06,33.59,35.3,0,0,14.43,14.07,34.99,1.4,0.3,149582,0,31.37,35.0,0.07,1,37034
2756750,35.06,35.06,33.59,35.3,0,0,14.43,14.07,34.99,1.4,0.3,149582,0,31.37,35.0,0.06,1,37534
2757259,35.13,35.06,33.59,35.3,0,0,14.99,14.07,34.99,1.4,0.3,149582,0,31.4,35.0,0.06,1,38034
2757768,35.16,35.09,33.59,35.3,0,0,14.99,14.13,34.99,1.4,0.3,149582,0,31.41,35.0,0.1,1,38534
2758277,35.16,35.13,33.59,35.3,0,0,14.99,14.16,34.99,1.4,0.3,149582,0,31.41,35.0,0.14,1,39034
2758786,35.16,35.15,33.59,35.3,1,0,14.99,14.16,34.99,1.4,0.3,39534,0,31.41,35.0,0.15,0,0
2759295,35.19,35.15,33.59,35.3,1,0,15.14,14.16,35.15,1.4,0.3,39534,0,31.4,35.0,0.0,0,500
2759804,35.19,35.17,33.59,35.3,1,0,15.38,14.16,35.17,1.4,0.3,39534,0,31.42,35.0,0.0,0,1000
2760313,35.19,35.18,33.59,35.3,1,0,15.38,14.18,35.18,1.4,0.3,39534,0,31.42,35.0,0.0,0,1508
2760822,35.18,35.18,33.59,35.3,1,0,15.66,14.15,35.19,1.4,0.3,39534,0,31.4,35.0,0.0,0,2513
2761331,35.18,35.18,33.59,35.3,1,0,15.66,14.15,35.19,1.4,0.3,39534,0,31.4,35.0,0.0,0,3013
2761840,35.18,35.18,33.59,35.3,1,0,15.75,14.16,35.19,1.4,0.3,39534,0,31.41,35.0,0.01,0,3513
2762349,35.22,35.2,33.59,35.3,1,0,15.71,14.17,35.2,1.4,0.3,39534,0,31.4,35.0,0.0,0,4013
2762858,35.25,35.22,33.59,35.3,1,0,15.4,14.19,35.22,1.4,0.3,39534,0,31.4,35.0,0.0,0,4513
2763367,35.25,35.24,33.59,35.3,1,0,15.4,14.19,35.24,1.4,0.3,39534,0,31.4,35.0,0.0,0,5013
2763876,35.24,35.24,33.59,35.3,1,0,15.6,14.19,35.24,1.4,0.3,39534,0,31.41,35.0,0.0,0,5513
2764385,35.24,35.24,33.59,35.3,1,0,15.71,14.19,35.24,1.4,0.3,39534,0,31.42,35.0,0.0,0,6013
2764894,35.24,35.24,33.59,35.3,1,0,15.71,14.2,35.24,1.4,0.3,39534,0,31.42,35.0,0.0,0,6513
2765403,35.33,35.28,33.59,35.3,1,0,15.68,14.24,35.28,1.4,0.3,39534,0,31.42,35.0,0.0,0,7013
2765912,35.33,35.3,33.59,35.3,1,0,15.68,14.24,35.3,1.4,0.3,39534,0,31.42,35.0,0.0,0,7513
2766421,35.33,35.31,33.59,35.3,1,0,15.68,14.24,35.31,1.4,0.3,39534,0,31.42,35.0,0.0,0,8013
2766930,35.31,35.31,33.59,35.3,1,0,15.68,14.22,35.31,1.4,0.3,39534,0,31.41,35.0,0.0,0,8513
2767439,35.31,35.31,33.59,35.3,1,0,15.68,14.22,35.31,1.4,0.3,39534,0,31.41,35.0,0.0,0,9013
2767948,35.29,35.3,33.59,35.3,1,0,15.42,14.22,35.31,1.4,0.3,39534,0,31.41,35.0,0.01,0,9513
2768457,35.29,35.3,33.59,35.3,1,0,15.42,14.22,35.31,1.4,0.3,39534,0,31.41,35.0,0.01,0,10013
2768966,35.37,35.33,33.59,35.3,1,0,15.58,14.26,35.33,1.4,0.3,39534,0,31.42,35.0,0.0,0,10513
2769475,35.38,35.35,33.59,35.3,1,0,15.34,14.26,35.35,1.4,0.3,39534,0,31.4,35.0,0.0,0,11013
2769984,35.38,35.37,33.59,35.3,1,0,15.34,14.24,35.37,1.4,0.3,39534,0,31.4,35.0,0.0,0,11513
2770493,35.38,35.37,33.59,35.3,1,0,15.34,14.24,35.37,1.4,0.3,39534,0,31.4,35.0,0.0,0,12013
2771002,35.4,35.38,33.59,35.3,1,0,15.34,14.26,35.38,1.4,0.3,39534,0,31.41,35.0,0.0,0,12513
2771511,35.4,35.39,33.59,35.3,1,0,15.34,14.26,35.39,1.4,0.3,39534,0,31.41,35.0,0.0,0,13013
2772020,35.41,35.4,33.59,35.3,1,0,15.27,14.29,35.4,1.4,0.3,39534,0,31.44,35.0,0.0,0,13513
2772529,35.4,35.4,33.59,35.3,1,0,15.29,14.26,35.4,1.4,0.3,39534,0,31.41,35.0,0.0,0,14030
2773038,35.5,35.4,33.59,35.3,1,0,15.23,14.26,35.4,1.4,0.3,39534,0,31.41,35.0,0.0,0,14530
2773547,35.5,35.45,33.59,35.3,1,0,15.23,14.31,35.45,1.4,0.3,39534,0,31.41,35.0,0.0,0,15032
2774056,35.5,35.47,33.59,35.3,1,0,15.23,14.31,35.47,1.4,0.3,39534,0,31.41,35.0,0.0,0,15532
2774565,35.5,35.49,33.59,35.3,1,0,15.23,14.31,35.49,1.4,0.3,39534,0,31.41,35.0,0.0,0,16032
2775074,35.53,35.51,33.59,35.3,1,0,15.29,14.33,35.51,1.4,0.3,39534,0,31.42,35.0,0.0,0,16532
2775583,35.53,35.52,33.59,35.3,1,0,15.29,14.33,35.52,1.4,0.3,39534,0,31.42,35.0,0.0,0,17032
2776092,35.59,35.55,33.59,35.3,1,0,15.06,14.37,35.55,1.4,0.3,39534,0,31.44,35.0,0.0,0,17532
2776601,35.59,35.57,33.59,35.3,1,0,15.06,14.37,35.57,1.4,0.3,39534,0,31.44,35.0,0.0,0,18032
2777110,35.55,35.58,33.59,35.3,1,0,14.9,14.37,35.58,1.4,0.3,39534,0,31.44,35.0,0.0,0,18532
2777619,35.59,35.56,33.59,35.3,1,0,14.99,14.35,35.58,1.4,0.3,39534,0,31.41,35.0,0.01,0,19032
2778128,35.59,35.57,33.59,35.3,1,0,14.99,14.34,35.58,1.4,0.3,39534,0,31.41,35.0,0.0,0,19532
2778637,35.59,35.58,33.59,35.3,1,0,14.99,14.34,35.58,1.4,0.3,39534,0,31.41,35.0,0.0,0,20032
2779146,35.68,35.58,33.59,35.3,1,0,14.88,14.34,35.58,1.4,0.3,39534,0,31.44,35.0,0.0,0,20533
2779655,35.66,35.63,33.59,35.3,1,0,14.9,14.41,35.63,1.4,0.3,39534,0,31.41,35.0,0.0,0,21033
2780164,35.66,35.65,33.59,35.3,1,0,14.9,14.38,35.65,1.4,0.3,39534,0,31.41,35.0,0.0,0,21533
2780673,35.66,35.65,33.59,35.3,1,0,14.9,14.38,35.65,1.4,0.3,39534,0,31.41,35.0,0.0,0,22033
2781182,35.66,35.66,33.59,35.3,1,0,14.9,14.38,35.66,1.4,0.3,39534,0,31.41,35.0,0.0,0,22533
2781691,35.76,35.66,33.59,35.3,1,0,14.56,14.38,35.66,1.4,0.3,39534,0,31.41,35.0,0.0,0,23033
2782200,35.76,35.71,33.59,35.3,1,0,14.56,14.42,35.71,1.4,0.3,39534,0,31.41,35.0,0.0,0,23533
2782709,35.76,35.73,33.59,35.3,1,0,14.62,14.42,35.73,1.4,0.3,39534,0,31.41,35.0,0.0,0,24033
2783218,35.79,35.75,33.59,35.3,1,0,14.43,14.42,35.75,1.4,0.3,39534,0,31.42,35.0,0.0,0,24533
2783727,35.79,35.77,33.59,35.3,1,0,14.43,14.44,35.77,1.4,0.3,39534,0,31.42,35.0,0.0,0,25033
2784236,35.82,35.78,33.59,35.3,1,0,14.45,14.44,35.78,1.4,0.3,39534,0,31.42,35.0,0.0,0,25534
2784745,35.82,35.8,33.59,35.3,1,0,14.45,14.46,35.8,1.4,0.3,39534,0,31.42,35.0,0.0,0,26037
2785254,35.85,35.81,33.59,35.3,1,0,14.32,14.46,35.81,1.4,0.3,39534,0,31.41,35.0,0.0,0,26537
2785763,35.85,35.83,33.59,35.3,1,0,14.32,14.46,35.83,1.4,0.3,39534,0,31.41,35.0,0.0,0,27037
2786272,35.88,35.84,33.59,35.3,1,0,14.23,14.46,35.84,1.4,0.3,39534,0,31.42,35.0,0.0,0,27537
2786781,35.88,35.86,33.59,35.3,1,0,14.23,14.48,35.86,1.4,0.3,39534,0,31.42,35.0,0.0,0,28037
2787290,35.92,35.87,33.59,35.3,1,0,14.54,14.48,35.87,1.4,0.3,39534,0,31.41,35.0,0.0,0,28537
2787799,35.92,35.9,33.59,35.3,1,0,14.54,14.49,35.9,1.4,0.3,39534,0,31.41,35.0,0.0,0,29037
2788308,36.0,35.91,33.59,35.3,1,0,14.12,14.49,35.91,1.4,0.3,39534,0,31.42,35.0,0.0,0,29537
2788817,36.03,35.95,33.59,35.3,1,0,14.06,14.53,35.95,1.4,0.3,39534,0,31.44,35.0,0.0,0,30037
2789326,36.03,35.99,33.59,35.3,1,0,14.06,14.56,35.99,1.4,0.3,39534,0,31.44,35.0,0.0,0,30537
2789835,36.03,36.01,33.59,35.3,1,0,14.06,14.56,36.01,1.4,0.3,39534,0,31.44,35.0,0.0,0,31037
2790344,36.03,36.02,33.59,35.3,1,0,13.97,14.56,36.02,1.4,0.3,39534,0,31.42,35.0,0.0,0,31537
2790853,36.03,36.02,33.59,35.3,1,0,13.97,14.55,36.02,1.4,0.3,39534,0,31.42,35.0,0.0,0,32048
2791362,36.11,36.07,33.59,35.3,1,0,13.8,14.58,36.07,1.4,0.3,39534,0,31.42,35.0,0.0,0,33053
2791871,36.11,36.09,33.59,35.3,1,0,13.8,14.58,36.09,1.4,0.3,39534,0,31.42,35.0,0.0,0,33553
2792380,36.13,36.11,33.59,35.3,1,0,13.75,14.6,36.11,1.4,0.3,39534,0,31.44,35.0,0.0,0,34053
2792889,36.13,36.12,33.59,35.3,1,0,13.75,14.6,36.12,1.4,0.3,39534,0,31.44,35.0,0.0,0,34553
2793398,36.13,36.12,33.59,35.3,1,0,13.75,14.6,36.12,1.4,0.3,39534,0,31.44,35.0,0.0,0,35053
2793907,36.19,36.16,33.59,35.3,1,0,13.31,14.61,36.16,1.4,0.3,39534,0,31.42,35.0,0.0,0,35553
2794416,36.19,36.17,33.59,35.3,1,0,13.31,14.61,36.17,1.4,0.3,39534,0,31.42,35.0,0.0,0,36053
2794925,36.19,36.18,33.59,35.3,1,0,13.31,14.61,36.18,1.4,0.3,39534,0,31.42,35.0,0.0,0,36553
2795434,36.17,36.18,33.59,35.3,1,0,13.69,14.6,36.18,1.4,0.3,39534,0,31.41,35.0,0.0,0,37053
2795943,36.17,36.17,33.59,35.3,1,0,13.69,14.6,36.18,1.4,0.3,39534,0,31.41,35.0,0.0,0,37553
2796452,36.26,36.22,33.59,35.3,1,0,13.23,14.65,36.22,1.4,0.3,39534,0,31.42,35.0,0.0,0,38053
2796961,36.26,36.24,33.59,35.3,1,0,13.23,14.65,36.24,1.4,0.3,39534,0,31.42,35.0,0.0,0,38553
2797470,36.31,36.27,33.59,35.3,1,0,13.36,14.68,36.27,1.4,0.3,39534,0,31.44,35.0,0.0,0,39053
2797979,36.33,36.29,33.59,35.3,1,0,13.34,14.68,36.29,1.4,0.3,39534,0,31.42,35.0,0.0,0,39553
2798488,36.33,36.31,33.59,35.3,1,0,13.34,14.68,36.31,1.4,0.3,39534,0,31.42,35.0,0.0,0,40053
2798997,36.31,36.31,33.59,35.3,1,0,13.01,14.68,36.31,1.4,0.3,39534,0,31.44,35.0,0.0,0,40553
2799506,36.33,36.32,33.59,35.3,1,0,12.92,14.68,36.32,1.4,0.3,39534,0,31.42,35.0,0.0,0,41053
2800015,36.33,36.33,33.59,35.3,1,0,12.92,14.68,36.33,1.4,0.3,39534,0,31.42,35.0,0.0,0,41553
2800524,36.35,36.34,33.59,35.3,1,0,13.16,14.67,36.34,1.4,0.3,39534,0,31.41,35.0,0.0,0,42053
2801033,36.36,36.34,33.59,35.3,1,0,12.72,14.67,36.34,1.4,0.3,39534,0,31.41,35.0,0.0,0,42553
2801542,36.36,36.35,33.59,35.3,1,0,12.72,14.68,36.35,1.4,0.3,39534,0,31.41,35.0,0.0,0,43053
2802051,36.36,36.36,33.59,35.3,1,0,12.72,14.68,36.36,1.4,0.3,39534,0,31.41,35.0,0.0,0,43553
2802563,36.38,36.36,33.59,35.3,1,0,12.9,14.68,36.36,1.4,0.3,39534,0,31.44,35.0,0.0,0,44053
2803072,36.38,36.37,33.59,35.3,1,0,12.9,14.71,36.37,1.4,0.3,39534,0,31.44,35.0,0.0,0,44553
2803581,36.42,36.39,33.59,35.3,1,0,12.99,14.71,36.39,1.4,0.3,39534,0,31.42,35.0,0.0,0,45054
2804090,36.42,36.41,33.59,35.3,1,0,12.94,14.71,36.41,1.4,0.3,39534,0,31.44,35.0,0.0,0,45554
2804599,36.42,36.41,33.59,35.3,1,0,12.94,14.73,36.41,1.4,0.3,39534,0,31.44,35.0,0.0,0,46054
2805108,36.45,36.43,33.59,35.3,1,0,12.83,14.74,36.43,1.4,0.3,39534,0,31.44,35.0,0.0,0,46554
2805617,36.45,36.44,33.59,35.3,1,0,12.83,14.74,36.44,1.4,0.3,39534,0,31.44,35.0,0.0,0,47054
2806126,36.45,36.44,33.59,35.3,1,0,12.83,14.74,36.44,1.4,0.3,39534,0,31.44,35.0,0.0,0,47554
2806635,36.44,36.45,33.59,35.3,1,0,12.96,14.74,36.45,1.4,0.3,39534,0,31.44,35.0,0.0,0,48054
2807144,36.44,36.44,33.59,35.3,1,0,12.96,14.73,36.45,1.4,0.3,39534,0,31.44,35.0,0.0,0,48554
2807653,36.44,36.44,33.59,35.3,1,0,12.96,14.73,36.45,1.4,0.3,39534,0,31.44,35.0,0.0,0,49054
2808162,36.45,36.44,33.59,35.3,1,0,12.77,14.73,36.45,1.4,0.3,39534,0,31.45,35.0,0.01,0,49554
2808671,36.45,36.44,33.59,35.3,1,0,12.77,14.75,36.45,1.4,0.3,39534,0,31.45,35.0,0.0,0,50054
2809180,36.52,36.45,33.59,35.3,1,0,12.61,14.75,36.45,1.4,0.3,39534,0,31.42,35.0,0.0,0,50554
2809689,36.52,36.49,33.59,35.3,1,0,12.61,14.76,36.49,1.4,0.3,39534,0,31.42,35.0,0.0,0,51054
2810198,36.54,36.5,33.59,35.3,1,0,12.59,14.76,36.5,1.4,0.3,39534,0,31.42,35.0,0.0,0,51554
2810707,36.54,36.52,33.59,35.3,1,0,12.59,14.76,36.52,1.4,0.3,39534,0,31.42,35.0,0.0,0,52054
2811216,36.53,36.52,33.59,35.3,1,0,12.59,14.77,36.52,1.4,0.3,39534,0,31.44,35.0,0.0,0,52554
2811725,36.53,36.52,33.59,35.3,1,0,12.59,14.77,36.52,1.4,0.3,39534,0,31.44,35.0,0.0,0,53054
2812234,36.54,36.52,33.59,35.3,1,0,12.53,14.77,36.52,1.4,0.3,39534,0,31.44,35.0,0.0,0,53554
2812743,36.54,36.53,33.59,35.3,1,0,12.53,14.78,36.53,1.4,0.3,39534,0,31.44,35.0,0.0,0,54054
2813252,36.54,36.54,33.59,35.3,1,0,12.53,14.78,36.54,1.4,0.3,39534,0,31.44,35.0,0.0,0,54554
2813761,36.55,36.54,33.59,35.3,1,0,11.64,14.8,36.54,1.4,0.3,39534,0,31.45,35.0,0.0,0,55054
2814270,36.54,36.55,33.59,35.3,1,0,12.42,14.8,36.55,1.4,0.3,39534,0,31.44,35.0,0.0,0,55554
2814779,36.54,36.54,33.59,35.3,1,0,12.42,14.78,36.55,1.4,0.3,39534,0,31.44,35.0,0.0,0,56054
2815288,36.55,36.54,33.59,35.3,1,0,12.31,14.78,36.55,1.4,0.3,39534,0,31.42,35.0,0.0,0,56554
2815797,36.57,36.55,33.59,35.3,1,0,12.39,14.77,36.55,1.4,0.3,39534,0,31.45,35.0,0.0,0,57055
2816306,36.57,36.56,33.59,35.3,1,0,12.39,14.8,36.56,1.4,0.3,39534,0,31.45,35.0,0.0,0,57557
2816815,36.61,36.56,33.59,35.3,1,0,12.17,14.8,36.56,1.4,0.3,39534,0,31.45,35.0,0.0,0,58057
2817324,36.57,36.59,33.59,35.3,1,0,12.2,14.82,36.59,1.4,0.3,39534,0,31.44,35.0,0.0,0,58557
2817847,36.57,36.58,33.59,35.3,1,0,12.28,14.79,36.59,1.4,0.3,39534,0,31.42,35.0,0.01,0,59057
2818356,36.57,36.57,33.59,35.3,1,0,12.28,14.78,36.59,1.4,0.3,39534,0,31.42,35.0,0.01,0,59557
2818865,36.57,36.57,33.59,35.3,1,0,12.28,14.78,36.59,1.4,0.3,39534,0,31.42,35.0,0.01,0,60057
2819374,36.57,36.57,33.59,35.3,1,0,12.28,14.78,36.59,1.4,0.3,39534,0,31.42,35.0,0.02,0,61065
2819883,36.64,36.6,33.59,35.3,1,0,12.11,14.82,36.6,1.4,0.3,39534,0,31.44,35.0,0.0,0,61565
2820405,36.55,36.62,33.59,35.3,1,0,12.02,14.82,36.62,1.4,0.3,39534,0,31.42,35.0,0.0,0,62065
2820914,36.55,36.59,33.59,35.3,1,0,12.02,14.77,36.62,1.4,0.3,39534,0,31.42,35.0,0.03,0,62565
2821423,36.55,36.57,33.59,35.3,1,0,12.02,14.77,36.62,1.4,0.3,39534,0,31.42,35.0,0.05,0,63065
2821932,36.61,36.59,33.59,35.3,1,0,12.04,14.79,36.62,1.4,0.3,39534,0,31.42,35.0,0.03,0,63565
2822441,36.61,36.6,33.59,35.3,1,0,11.91,14.81,36.62,1.4,0.3,39534,0,31.44,35.0,0.02,0,64073
2822950,36.61,36.6,33.59,35.3,1,0,11.91,14.81,36.62,1.4,0.3,39534,0,31.44,35.0,0.01,0,64573
2823459,36.6,36.6,33.59,35.3,1,0,12.61,14.82,36.62,1.4,0.3,39534,0,31.45,35.0,0.02,0,65073
2823968,36.6,36.6,33.59,35.3,1,0,12.61,14.82,36.62,1.4,0.3,39534,0,31.45,35.0,0.02,0,65573
2824477,36.57,36.6,33.59,35.3,1,0,11.86,14.82,36.62,1.4,0.3,39534,0,31.42,35.0,0.02,0,66073
2824986,36.57,36.58,33.59,35.3,1,0,11.86,14.78,36.62,1.4,0.3,39534,0,31.42,35.0,0.03,0,66573
2825495,36.57,36.57,33.59,35.3,1,0,11.86,14.78,36.62,1.4,0.3,39534,0,31.42,35.0,0.04,0,67073
2826004,36.57,36.57,33.59,35.3,1,0,11.86,14.78,36.62,1.4,0.3,39534,0,31.42,35.0,0.05,0,67573
2826513,36.57,36.57,33.59,35.3,1,0,11.86,14.78,36.62,1.4,0.3,39534,0,31.42,35.0,0.05,0,68073
2827022,36.57,36.57,33.59,35.3,1,0,11.93,14.78,36.62,1.4,0.3,39534,0,31.42,35.0,0.05,0,68573
2827531,36.57,36.57,33.59,35.3,1,0,11.93,14.78,36.62,1.4,0.3,39534,0,31.42,35.0,0.05,0,69073
2828040,36.57,36.57,33.59,35.3,1,0,11.93,14.78,36.62,1.4,0.3,39534,0,31.42,35.0,0.05,0,69573
2828549,36.6,36.58,33.59,35.3,1,0,11.67,14.8,36.62,1.4,0.3,39534,0,31.44,35.0,0.04,0,70073
2829058,36.58,36.59,33.59,35.3,1,0,11.6,14.8,36.62,1.4,0.3,39534,0,31.44,35.0,0.03,0,70573
2829567,36.58,36.58,33.59,35.3,1,0,11.6,14.79,36.62,1.4,0.3,39534,0,31.44,35.0,0.03,0,71073
2830076,36.61,36.6,33.59,35.3,1,0,11.51,14.79,36.62,1.4,0.3,39534,0,31.42,35.0,0.02,0,71573
2830585,36.61,36.6,33.59,35.3,1,0,11.51,14.79,36.62,1.4,0.3,39534,0,31.42,35.0,0.01,0,72073
2831094,36.55,36.58,33.59,35.3,1,0,11.53,14.78,36.62,1.4,0.3,39534,0,31.44,35.0,0.04,0,72573
2831603,36.57,36.57,33.59,35.3,1,0,11.71,14.79,36.62,1.4,0.3,39534,0,31.44,35.0,0.05,0,73073
2832112,36.57,36.57,33.59,35.3,1,0,11.71,14.79,36.62,1.4,0.3,39534,0,31.44,35.0,0.05,0,73573
2832621,36.58,36.58,33.59,35.3,1,0,11.58,14.82,36.62,1.4,0.3,39534,0,31.47,35.0,0.04,0,74073
2833130,36.57,36.58,33.59,35.3,1,0,11.56,14.82,36.62,1.4,0.3,39534,0,31.44,35.0,0.04,0,74573
2833639,36.57,36.57,33.59,35.3,1,0,11.56,14.79,36.62,1.4,0.3,39534,0,31.44,35.0,0.04,0,75073
2834148,36.55,36.56,33.59,35.3,1,0,11.4,14.76,36.62,1.4,0.3,39534,0,31.41,35.0,0.06,0,75573
2834657,36.55,36.56,33.59,35.3,1,0,11.4,14.76,36.62,1.4,0.3,39534,0,31.41,35.0,0.06,0,76073
2835166,36.53,36.55,33.59,35.3,1,0,11.24,14.76,36.62,1.4,0.3,39534,0,31.44,35.0,0.07,0,76573
2835675,36.53,36.54,33.59,35.3,1,0,11.24,14.77,36.62,1.4,0.3,39534,0,31.44,35.0,0.08,0,77073
2836184,36.53,36.53,33.59,35.3,1,0,11.24,14.77,36.62,1.4,0.3,39534,0,31.44,35.0,0.09,0,77576
2836693,36.53,36.53,33.59,35.3,1,0,11.24,14.77,36.62,1.4,0.3,39534,0,31.44,35.0,0.09,0,78076
2837202,36.55,36.54,33.59,35.3,1,0,11.47,14.77,36.62,1.4,0.3,39534,0,31.42,35.0,0.08,0,78576
2837711,36.55,36.55,33.59,35.3,1,0,11.47,14.77,36.62,1.4,0.3,39534,0,31.42,35.0,0.07,0,79076
2838220,36.48,36.55,33.59,35.3,1,0,11.4,14.77,36.62,1.4,0.3,39534,0,31.42,35.0,0.07,0,79576
2838729,36.51,36.51,33.59,35.3,1,0,11.2,14.74,36.62,1.4,0.3,39534,0,31.45,35.0,0.1,0,80076
2839238,36.54,36.51,33.59,35.3,1,0,11.27,14.78,36.62,1.4,0.3,39534,0,31.42,35.0,0.11,0,80576
2839747,36.54,36.52,33.59,35.3,1,0,11.27,14.76,36.62,1.4,0.3,39534,0,31.42,35.0,0.09,0,81076
2840256,36.51,36.53,33.59,35.3,1,0,10.93,14.76,36.62,1.4,0.3,39534,0,31.45,35.0,0.09,0,81576
2840765,36.51,36.52,33.59,35.3,1,0,10.93,14.78,36.62,1.4,0.3,39534,0,31.45,35.0,0.1,0,82076
2841274,36.49,36.52,33.59,35.3,1,0,11.04,14.78,36.62,1.4,0.3,39534,0,31.42,35.0,0.1,0,82576
2841783,36.51,36.5,33.59,35.3,1,0,11.11,14.74,36.62,1.4,0.3,39534,0,31.42,35.0,0.11,0,83076
2842292,36.51,36.51,33.59,35.3,1,0,11.11,14.75,36.62,1.4,0.3,39534,0,31.42,35.0,0.11,0,83576
2842801,36.45,36.51,33.59,35.3,1,0,11.13,14.75,36.62,1.4,0.3,39534,0,31.45,35.0,0.11,0,84076
2843310,36.45,36.48,33.59,35.3,1,0,11.13,14.75,36.62,1.4,0.3,39534,0,31.45,35.0,0.14,0,84576
2843819,36.44,36.47,33.59,35.3,1,0,11.24,14.75,36.62,1.4,0.3,39534,1,31.44,35.0,0.15,0,85076
2844328,36.44,36.45,33.59,35.3,1,0,11.24,14.73,36.62,1.4,0.3,39534,1,31.44,35.0,0.17,0,85576
2844837,36.44,36.44,33.59,35.3,1,0,10.26,14.73,36.62,1.4,0.3,39534,1,31.44,35.0,0.17,0,86076
2845346,36.44,36.44,33.59,35.3,1,1,10.26,14.73,36.62,1.4,0.3,39534,1,31.44,35.0,0.18,1,86576
2845855,36.42,36.44,33.59,35.3,1,1,11.04,14.73,36.62,1.4,0.3,39534,1,31.45,35.0,0.18,1,87076
2846364,36.42,36.43,33.59,35.3,1,1,11.04,14.74,36.62,1.4,0.3,39534,1,31.45,35.0,0.19,1,87576
2846873,36.45,36.43,33.59,35.3,1,1,10.96,14.74,36.62,1.4,0.3,39534,1,31.45,35.0,0.19,1,88076
2847382,36.45,36.44,33.59,35.3,1,1,10.96,14.75,36.62,1.4,0.3,39534,1,31.45,35.0,0.18,1,88576
2847891,36.49,36.47,33.59,35.3,1,1,11.4,14.76,36.62,1.4,0.3,39534,1,31.44,35.0,0.15,1,89582
2848400,36.49,36.48,33.59,35.3,1,1,11.89,14.76,36.62,1.4,0.3,39534,1,31.44,35.0,0.14,1,90082
2848909,36.55,36.52,33.59,35.3,1,1,12.02,14.8,36.62,1.4,0.3,39534,1,31.45,35.0,0.1,1,90582
2849419,36.55,36.54,33.59,35.3,1,1,12.02,14.8,36.62,1.4,0.3,39534,1,31.45,35.0,0.08,1,91082
2849929,36.3,36.42,33.59,35.3,1,1,12.33,14.66,36.62,1.4,0.3,39534,1,31.42,35.0,0.2,1,91582
2850438,36.3,36.36,33.59,35.3,1,1,12.33,14.66,36.62,1.4,0.3,39534,1,31.42,35.0,0.26,1,92082
2850947,35.97,36.16,33.59,35.3,1,0,12.55,14.52,36.62,1.4,0.3,39534,1,31.42,35.0,0.45,1,92582
2851456,35.97,36.07,33.59,35.3,1,0,12.55,14.52,36.62,1.4,0.3,39534,1,31.42,35.0,0.55,1,93082
2851965,35.7,35.88,33.59,35.3,1,0,11.91,14.38,36.62,1.4,0.3,39534,1,31.4,35.0,0.73,1,93582
2852474,35.52,35.7,33.59,35.3,1,0,12.26,14.29,36.62,1.4,0.3,39534,1,31.38,35.0,0.91,1,94082
2852983,35.52,35.61,33.59,35.3,1,0,12.26,14.29,36.62,1.4,0.3,39534,1,31.38,35.0,1.0,1,94582
2853492,35.43,35.52,33.59,35.3,1,0,12.31,14.26,36.62,1.4,0.3,39534,1,31.4,35.0,1.1,1,95082
2854001,35.43,35.47,33.59,35.3,1,0,12.31,14.26,36.62,1.4,0.3,39534,1,31.4,35.0,1.14,1,95582
2854510,35.26,35.37,33.59,35.3,1,0,12.09,14.14,36.62,1.4,0.3,39534,1,31.34,35.0,1.25,1,96082
2855019,35.19,35.31,33.59,35.3,1,0,11.93,14.14,36.62,1.4,0.3,39534,1,31.34,35.0,1.31,1,96582
2855528,35.19,35.25,33.59,35.3,0,0,11.93,14.11,36.62,1.4,0.3,97082,0,31.34,35.0,1.37,1,0
2856037,35.14,35.2,33.55,35.3,0,0,11.75,14.1,35.2,1.44,0.3,97082,0,31.35,35.0,0.0,1,500
2856545,35.14,35.17,33.55,35.3,0,0,11.75,14.1,35.17,1.44,0.3,97082,0,31.35,35.0,0.0,1,1000
2857054,35.14,35.16,33.55,35.3,0,0,11.69,14.09,35.16,1.44,0.3,97082,0,31.34,35.0,0.0,1,1500
2857563,35.1,35.15,33.55,35.3,0,0,11.49,14.09,35.15,1.44,0.3,97082,0,31.34,35.0,0.0,1,2000
2858072,35.1,35.12,33.55,35.3,0,0,11.49,14.07,35.12,1.44,0.3,97082,0,31.34,35.0,0.0,1,2500
2858581,35.07,35.1,33.55,35.3,0,0,11.42,14.07,35.1,1.44,0.3,97082,0,31.35,35.0,0.0,1,3000
2859090,35.13,35.08,33.55,35.3,0,0,11.53,14.07,35.08,1.44,0.3,97082,0,31.34,35.0,0.0,1,3500
2859599,35.13,35.11,33.55,35.3,0,0,11.53,14.08,35.08,1.44,0.3,97082,0,31.34,35.0,0.02,1,4000
2860109,35.08,35.12,33.55,35.3,0,0,11.51,14.08,35.08,1.44,0.3,97082,0,31.32,35.0,0.03,1,4500
2860618,35.08,35.1,33.55,35.3,0,0,11.51,14.05,35.08,1.44,0.3,97082,0,31.32,35.0,0.01,1,5000
2861127,35.1,35.1,33.55,35.3,0,0,11.53,14.06,35.08,1.44,0.3,97082,0,31.32,35.0,0.01,1,5500
2861636,35.08,35.1,33.55,35.3,0,0,10.96,14.06,35.08,1.44,0.3,97082,0,31.32,35.0,0.01,1,6000
2862145,35.08,35.09,33.55,35.3,0,0,10.96,14.05,35.08,1.44,0.3,97082,0,31.32,35.0,0.0,1,6500
2862654,35.04,35.06,33.55,35.3,0,0,11.53,14.04,35.06,1.44,0.3,97082,0,31.34,35.0,0.0,1,7000
2863163,35.07,35.05,33.55,35.3,0,0,11.71,14.04,35.05,1.44,0.3,97082,0,31.32,35.0,0.0,1,7500
2863672,35.07,35.06,33.55,35.3,0,0,11.73,14.04,35.05,1.44,0.3,97082,0,31.32,35.0,0.0,1,8000
2864181,35.07,35.07,33.55,35.3,0,0,11.73,14.04,35.05,1.44,0.3,97082,0,31.32,35.0,0.01,1,8500
2864690,35.08,35.07,33.55,35.3,0,0,11.67,14.04,35.05,1.44,0.3,97082,0,31.35,35.0,0.01,1,9000
2865199,35.14,35.08,33.55,35.3,0,0,11.84,14.08,35.05,1.44,0.3,97082,0,31.32,35.0,0.02,1,9500
2865708,35.14,35.11,33.55,35.3,0,0,11.84,14.07,35.05,1.44,0.3,97082,0,31.32,35.0,0.05,1,10000
2866217,35.14,35.12,33.55,35.3,0,0,11.84,14.07,35.05,1.44,0.3,97082,0,31.32,35.0,0.07,1,10500
2866726,35.13,35.12,33.55,35.3,0,0,11.95,14.07,35.05,1.44,0.3,97082,0,31.32,35.0,0.07,1,11000
2867235,35.17,35.13,33.55,35.3,0,0,12.17,14.07,35.05,1.44,0.3,97082,0,31.32,35.0,0.07,1,11500
2867744,35.17,35.15,33.55,35.3,0,0,12.17,14.09,35.05,1.44,0.3,97082,0,31.32,35.0,0.09,1,12000
2868253,35.14,35.16,33.55,35.3,0,0,12.06,14.09,35.05,1.44,0.3,97082,0,31.32,35.0,0.1,1,12500
2868762,35.14,35.15,33.55,35.3,0,0,12.06,14.07,35.05,1.44,0.3,97082,0,31.32,35.0,0.09,1,13000
2869271,35.17,35.14,33.55,35.3,0,0,12.28,14.07,35.05,1.44,0.3,97082,0,31.32,35.0,0.09,1,13500
2869780,35.17,35.16,33.55,35.3,0,0,12.28,14.09,35.05,1.44,0.3,97082,0,31.32,35.0,0.1,1,14000
2870289,35.26,35.16,33.55,35.3,0,0,12.64,14.09,35.05,1.44,0.3,97082,0,31.34,35.0,0.11,1,14501
2870798,35.26,35.21,33.55,35.3,0,0,12.64,14.14,35.05,1.44,0.3,97082,1,31.34,35.0,0.15,1,15001
2871307,35.29,35.23,33.55,35.3,0,0,12.81,14.14,35.05,1.44,0.3,97082,1,31.35,35.0,0.18,1,15501
2871816,35.29,35.26,33.55,35.3,0,0,12.81,14.17,35.05,1.44,0.3,97082,1,31.35,35.0,0.21,1,16001
2872325,35.3,35.28,33.55,35.3,0,0,12.77,14.17,35.05,1.44,0.3,97082,1,31.34,35.0,0.22,1,16501
2872834,35.29,35.29,33.55,35.3,0,0,13.07,14.16,35.05,1.44,0.3,97082,1,31.32,35.0,0.23,1,17001
2873343,35.29,35.29,33.55,35.3,0,0,13.07,14.14,35.05,1.44,0.3,97082,1,31.32,35.0,0.23,1,17501
2873852,35.33,35.29,33.55,35.3,0,0,12.96,14.14,35.05,1.44,0.3,97082,1,31.35,35.0,0.23,1,18001
2874361,35.33,35.31,33.55,35.3,0,0,12.96,14.19,35.05,1.44,0.3,97082,1,31.35,35.0,0.25,1,18501
2874870,35.33,35.32,33.55,35.3,0,0,12.96,14.19,35.05,1.44,0.3,97082,1,31.35,35.0,0.27,1,19001
2875379,35.39,35.33,33.55,35.3,0,0,13.4,14.19,35.05,1.44,0.3,97082,1,31.37,35.0,0.27,1,19501
2875888,35.39,35.36,33.55,35.3,1,0,13.4,14.22,35.05,1.44,0.3,20001,0,31.37,35.0,0.3,0,0
2876397,35.39,35.38,33.55,35.3,1,0,13.4,14.22,35.38,1.44,0.3,20001,0,31.37,35.0,0.0,0,1005
2876906,35.39,35.39,33.55,35.3,1,0,13.4,14.22,35.39,1.44,0.3,20001,0,31.37,35.0,0.0,0,1505
2877415,35.42,35.41,33.55,35.3,1,0,13.53,14.24,35.41,1.44,0.3,20001,0,31.37,35.0,0.0,0,2005
2877924,35.42,35.41,33.55,35.3,1,0,13.53,14.24,35.41,1.44,0.3,20001,0,31.37,35.0,0.0,0,2505
2878433,35.42,35.42,33.55,35.3,1,0,13.77,14.24,35.42,1.44,0.3,20001,0,31.37,35.0,0.0,0,3005
2878945,35.42,35.42,33.55,35.3,1,0,13.77,14.24,35.42,1.44,0.3,20001,0,31.37,35.0,0.0,0,3505
2879454,35.47,35.44,33.55,35.3,1,0,13.77,14.25,35.44,1.44,0.3,20001,0,31.37,35.0,0.0,0,4005
2879963,35.5,35.46,33.55,35.3,1,0,13.86,14.25,35.46,1.44,0.3,20001,0,31.37,35.0,0.0,0,4505
2880472,35.5,35.48,33.55,35.3,1,0,13.86,14.27,35.48,1.44,0.3,20001,0,31.37,35.0,0.0,0,5005
2880981,35.49,35.49,33.55,35.3,1,0,13.9,14.27,35.49,1.44,0.3,20001,0,31.34,35.0,0.0,0,5505
2881490,35.49,35.49,33.55,35.3,1,0,13.9,14.24,35.49,1.44,0.3,20001,0,31.34,35.0,0.0,0,6005
2881999,35.51,35.5,33.55,35.3,1,0,14.01,14.26,35.5,1.44,0.3,20001,0,31.35,35.0,0.0,0,6505
2882508,35.51,35.5,33.55,35.3,1,0,14.01,14.26,35.5,1.44,0.3,20001,0,31.35,35.0,0.0,0,7007
2883017,35.51,35.51,33.55,35.3,1,0,14.01,14.26,35.51,1.44,0.3,20001,0,31.35,35.0,0.0,0,7507
2883526,35.51,35.51,33.55,35.3,1,0,14.14,14.25,35.51,1.44,0.3,20001,0,31.34,35.0,0.0,0,8007
2884035,35.54,35.51,33.55,35.3,1,0,13.93,14.25,35.51,1.44,0.3,20001,0,31.37,35.0,0.0,0,8507
2884544,35.54,35.52,33.55,35.3,1,0,13.93,14.29,35.52,1.44,0.3,20001,0,31.37,35.0,0.0,0,9007
2885053,35.54,35.53,33.55,35.3,1,0,13.93,14.29,35.53,1.44,0.3,20001,0,31.37,35.0,0.0,0,9507
2885562,35.56,35.54,33.55,35.3,1,0,13.95,14.3,35.54,1.44,0.3,20001,0,31.38,35.0,0.0,0,10007
2886071,35.56,35.55,33.55,35.3,1,0,13.95,14.3,35.55,1.44,0.3,20001,0,31.38,35.0,0.0,0,10507
2886580,35.58,35.55,33.55,35.3,1,0,13.9,14.3,35.55,1.44,0.3,20001,0,31.37,35.0,0.0,0,11007
2887089,35.58,35.57,33.55,35.3,1,0,13.9,14.31,35.57,1.44,0.3,20001,0,31.37,35.0,0.0,0,11507
2887605,35.58,35.58,33.55,35.3,1,0,13.93,14.31,35.58,1.44,0.3,20001,0,31.37,35.0,0.0,0,12007
2888114,35.58,35.58,33.55,35.3,1,0,13.93,14.31,35.58,1.44,0.3,20001,0,31.37,35.0,0.0,0,12507
2888623,35.61,35.58,33.55,35.3,1,0,14.08,14.31,35.58,1.44,0.3,20001,0,31.38,35.0,0.0,0,13007
2889132,35.61,35.6,33.55,35.3,1,0,14.08,14.33,35.6,1.44,0.3,20001,0,31.38,35.0,0.0,0,13507
2889641,35.64,35.62,33.55,35.3,1,0,14.12,14.33,35.62,1.44,0.3,20001,0,31.37,35.0,0.0,0,14007
2890150,35.64,35.63,33.55,35.3,1,0,14.12,14.33,35.63,1.44,0.3,20001,0,31.37,35.0,0.0,0,14507
2890659,35.64,35.64,33.55,35.3,1,0,13.58,14.33,35.64,1.44,0.3,20001,0,31.37,35.0,0.0,0,15007
2891168,35.7,35.64,33.55,35.3,1,0,13.49,14.33,35.64,1.44,0.3,20001,0,31.38,35.0,0.0,0,15507
2891677,35.7,35.67,33.55,35.3,1,0,13.49,14.37,35.67,1.44,0.3,20001,0,31.38,35.0,0.0,0,16007
2892186,35.71,35.69,33.55,35.3,1,0,13.73,14.36,35.69,1.44,0.3,20001,0,31.37,35.0,0.0,0,16507
2892695,35.68,35.7,33.55,35.3,1,0,13.69,14.36,35.7,1.44,0.3,20001,0,31.37,35.0,0.0,0,17007
2893204,35.68,35.69,33.55,35.3,1,0,13.69,14.35,35.7,1.44,0.3,20001,0,31.37,35.0,0.0,0,17507
2893713,35.73,35.69,33.55,35.3,1,0,13.56,14.35,35.7,1.44,0.3,20001,0,31.38,35.0,0.01,0,18007
2894222,35.73,35.71,33.55,35.3,1,0,13.56,14.38,35.71,1.44,0.3,20001,0,31.38,35.0,0.0,0,18507
2894731,35.76,35.72,33.55,35.3,1,0,13.36,14.38,35.72,1.44,0.3,20001,0,31.38,35.0,0.0,0,19007
2895240,35.76,35.74,33.55,35.3,1,0,13.36,14.39,35.74,1.44,0.3,20001,0,31.38,35.0,0.0,0,19507
2895749,35.76,35.75,33.55,35.3,1,0,13.36,14.39,35.75,1.44,0.3,20001,0,31.38,35.0,0.0,0,20007
2896258,35.81,35.78,33.55,35.3,1,0,13.42,14.43,35.78,1.44,0.3,20001,0,31.4,35.0,0.0,0,20507
2896767,35.85,35.79,33.55,35.3,1,0,13.38,14.43,35.79,1.44,0.3,20001,0,31.38,35.0,0.0,0,21007
2897276,35.82,35.82,33.55,35.3,1,0,13.45,14.43,35.82,1.44,0.3,20001,0,31.4,35.0,0.0,0,21507
2897785,35.82,35.82,33.55,35.3,1,0,13.45,14.43,35.82,1.44,0.3,20001,0,31.4,35.0,0.0,0,22007
2898294,35.81,35.82,33.55,35.3,1,0,13.27,14.43,35.82,1.44,0.3,20001,0,31.41,35.0,0.0,0,22507
2898803,35.81,35.81,33.55,35.3,1,0,13.27,14.44,35.82,1.44,0.3,20001,0,31.41,35.0,0.0,0,23007
2899312,35.81,35.81,33.55,35.3,1,0,13.27,14.44,35.82,1.44,0.3,20001,0,31.41,35.0,0.01,0,23507
2899821,35.81,35.81,33.55,35.3,1,0,13.27,14.44,35.82,1.44,0.3,20001,0,31.41,35.0,0.01,0,24007
2900330,35.81,35.81,33.55,35.3,1,0,13.27,14.44,35.82,1.44,0.3,20001,0,31.41,35.0,0.01,0,24507
2900839,35.94,35.81,33.55,35.3,1,0,13.05,14.44,35.82,1.44,0.3,20001,0,31.4,35.0,0.01,0,25007
2901348,35.94,35.87,33.55,35.3,1,0,13.05,14.48,35.87,1.44,0.3,20001,0,31.4,35.0,0.0,0,25507
2901857,35.94,35.9,33.55,35.3,1,0,13.05,14.48,35.9,1.44,0.3,20001,0,31.4,35.0,0.0,0,26007
2902366,35.89,35.92,33.55,35.3,1,0,13.14,14.48,35.92,1.44,0.3,20001,0,31.41,35.0,0.0,0,26507
2902875,35.89,35.91,33.55,35.3,1,0,13.14,14.48,35.92,1.44,0.3,20001,0,31.41,35.0,0.01,0,27007
2903384,35.97,35.9,33.55,35.3,1,0,13.4,14.48,35.92,1.44,0.3,20001,0,31.41,35.0,0.01,0,27508
2903893,35.96,35.93,33.55,35.3,1,0,13.03,14.51,35.93,1.44,0.3,20001,0,31.4,35.0,0.0,0,28008
2904402,35.97,35.95,33.55,35.3,1,0,13.18,14.5,35.95,1.44,0.3,20001,0,31.41,35.0,0.0,0,28514
2904911,35.97,35.96,33.55,35.3,1,0,13.18,14.51,35.96,1.44,0.3,20001,0,31.41,35.0,0.0,0,29023
2905420,36.02,35.99,33.55,35.3,1,0,12.92,14.49,35.99,1.44,0.3,20001,0,31.37,35.0,0.0,0,30028
2905929,36.02,36.01,33.55,35.3,1,0,12.92,14.49,36.01,1.44,0.3,20001,0,31.37,35.0,0.0,0,30528
2906438,36.07,36.04,33.55,35.3,1,0,12.83,14.53,36.04,1.44,0.3,20001,0,31.38,35.0,0.0,0,31028
2906947,36.07,36.05,33.55,35.3,1,0,12.83,14.53,36.05,1.44,0.3,20001,0,31.38,35.0,0.0,0,31528
2907456,36.05,36.05,33.55,35.3,1,0,12.79,14.53,36.05,1.44,0.3,20001,0,31.4,35.0,0.0,0,32028
2907965,36.05,36.05,33.55,35.3,1,0,12.79,14.53,36.05,1.44,0.3,20001,0,31.4,35.0,0.0,0,32528
2908474,36.07,36.05,33.55,35.3,1,0,12.68,14.53,36.05,1.44,0.3,20001,0,31.4,35.0,0.0,0,33028
2908983,36.07,36.06,33.55,35.3,1,0,12.68,14.54,36.06,1.44,0.3,20001,0,31.4,35.0,0.0,0,33528
2909492,36.07,36.06,33.55,35.3,1,0,12.68,14.54,36.06,1.44,0.3,20001,0,31.4,35.0,0.0,0,34028
2910001,36.14,36.1,33.55,35.3,1,0,12.64,14.57,36.1,1.44,0.3,20001,0,31.4,35.0,0.0,0,34528
2910513,36.08,36.12,33.55,35.3,1,0,12.79,14.57,36.12,1.44,0.3,20001,0,31.38,35.0,0.0,0,35028
2911022,36.08,36.1,33.55,35.3,1,0,12.79,14.53,36.12,1.44,0.3,20001,0,31.38,35.0,0.02,0,35528
2911531,36.1,36.1,33.55,35.3,1,0,12.22,14.55,36.12,1.44,0.3,20001,0,31.4,35.0,0.02,0,36028
2912040,36.08,36.1,33.55,35.3,1,0,12.46,14.55,36.12,1.44,0.3,20001,0,31.41,35.0,0.02,0,36528
2912549,36.08,36.09,33.55,35.3,1,0,12.46,14.56,36.12,1.44,0.3,20001,0,31.41,35.0,0.03,0,37028
2913058,36.1,36.09,33.55,35.3,1,0,12.59,14.55,36.12,1.44,0.3,20001,0,31.4,35.0,0.02,0,37528
2913567,36.1,36.09,33.55,35.3,1,0,12.59,14.55,36.12,1.44,0.3,20001,0,31.4,35.0,0.02,0,38028
2914076,36.16,36.13,33.55,35.3,1,0,12.28,14.6,36.13,1.44,0.3,20001,0,31.42,35.0,0.0,0,38528
2914585,36.1,36.11,33.55,35.3,1,0,12.35,14.56,36.13,1.44,0.3,20001,0,31.41,35.0,0.01,0,39028
2915094,36.14,36.1,33.55,35.3,1,0,12.35,14.56,36.13,1.44,0.3,20001,0,31.41,35.0,0.02,0,39528
2915602,36.14,36.12,33.55,35.3,1,0,12.35,14.58,36.13,1.44,0.3,20001,0,31.41,35.0,0.0,0,40028
2916111,36.17,36.15,33.55,35.3,1,0,12.33,14.58,36.15,1.44,0.3,20001,0,31.4,35.0,0.0,0,40528
2916620,36.17,36.16,33.55,35.3,1,0,12.9,14.6,36.16,1.44,0.3,20001,0,31.41,35.0,0.0,0,41028
2917129,36.17,36.17,33.55,35.3,1,0,12.9,14.6,36.17,1.44,0.3,20001,0,31.41,35.0,0.0,0,41528
2917638,36.11,36.14,33.55,35.3,1,0,12.17,14.56,36.17,1.44,0.3,20001,0,31.4,35.0,0.02,0,42028
2918147,36.17,36.12,33.55,35.3,1,0,11.93,14.56,36.17,1.44,0.3,20001,0,31.41,35.0,0.04,0,42528
2918657,36.17,36.15,33.55,35.3,1,0,11.93,14.6,36.17,1.44,0.3,20001,0,31.41,35.0,0.01,0,43028
2919167,36.17,36.16,33.55,35.3,1,0,12.28,14.6,36.17,1.44,0.3,20001,0,31.4,35.0,0.0,0,43528
2919676,36.17,36.17,33.55,35.3,1,0,12.28,14.58,36.17,1.44,0.3,20001,0,31.4,35.0,0.0,0,44028
2920185,36.19,36.18,33.55,35.3,1,0,12.0,14.61,36.18,1.44,0.3,20001,0,31.42,35.0,0.0,0,44528
2920694,36.19,36.18,33.55,35.3,1,0,12.0,14.61,36.18,1.44,0.3,20001,0,31.42,35.0,0.0,0,45028
2921203,36.23,36.2,33.55,35.3,1,0,12.13,14.61,36.2,1.44,0.3,20001,0,31.4,35.0,0.0,0,45528
2921712,36.16,36.18,33.55,35.3,1,0,12.06,14.59,36.2,1.44,0.3,20001,0,31.41,35.0,0.02,0,46037
2922221,36.22,36.17,33.55,35.3,1,0,12.46,14.59,36.2,1.44,0.3,20001,0,31.42,35.0,0.03,0,46537
2922730,36.22,36.19,33.55,35.3,1,0,12.46,14.63,36.2,1.44,0.3,20001,0,31.42,35.0,0.01,0,47037
2923239,36.24,36.22,33.55,35.3,1,0,11.86,14.63,36.22,1.44,0.3,20001,0,31.41,35.0,0.0,0,47537
2923748,36.24,36.23,33.55,35.3,1,0,11.86,14.63,36.23,1.44,0.3,20001,0,31.41,35.0,0.0,0,48037
2924257,36.16,36.24,33.55,35.3,1,0,11.75,14.63,36.24,1.44,0.3,20001,0,31.42,35.0,0.0,0,48537
2924766,36.16,36.2,33.55,35.3,1,0,11.75,14.6,36.24,1.44,0.3,20001,0,31.42,35.0,0.03,0,49037
2925275,36.2,36.2,33.55,35.3,1,0,11.95,14.62,36.24,1.44,0.3,20001,0,31.42,35.0,0.03,0,49537
2925784,36.21,36.21,33.55,35.3,1,0,11.8,14.61,36.24,1.44,0.3,20001,0,31.41,35.0,0.02,0,50037
2926293,36.23,36.21,33.55,35.3,1,0,11.84,14.61,36.24,1.44,0.3,20001,0,31.4,35.0,0.02,0,50537
2926801,36.23,36.22,33.55,35.3,1,0,11.84,14.61,36.24,1.44,0.3,20001,0,31.4,35.0,0.01,0,51037
2927310,36.2,36.22,33.55,35.3,1,0,11.89,14.61,36.24,1.44,0.3,20001,0,31.41,35.0,0.01,0,51537
2927819,36.2,36.21,33.55,35.3,1,0,11.89,14.61,36.24,1.44,0.3,20001,0,31.41,35.0,0.02,0,52037
2928328,36.2,36.21,33.55,35.3,1,0,11.67,14.62,36.24,1.44,0.3,20001,0,31.42,35.0,0.02,0,52537
2928837,36.2,36.2,33.55,35.3,1,0,11.67,14.62,36.24,1.44,0.3,20001,0,31.42,35.0,0.03,0,53037
2929346,36.21,36.2,33.55,35.3,1,0,11.58,14.62,36.24,1.44,0.3,20001,0,31.41,35.0,0.03,0,53537
2929855,36.21,36.21,33.55,35.3,1,0,11.58,14.61,36.24,1.44,0.3,20001,0,31.41,35.0,0.02,0,54037
2930364,36.21,36.21,33.55,35.3,1,0,11.27,14.61,36.24,1.44,0.3,20001,0,31.4,35.0,0.02,0,54537
2930873,36.21,36.21,33.55,35.3,1,0,11.27,14.6,36.24,1.44,0.3,20001,0,31.4,35.0,0.02,0,55037
2931382,36.21,36.21,33.55,35.3,1,0,11.27,14.6,36.24,1.44,0.3,20001,0,31.4,35.0,0.02,0,55537
2931891,36.19,36.2,33.55,35.3,1,0,11.56,14.6,36.24,1.44,0.3,20001,0,31.41,35.0,0.03,0,56037
2932400,36.19,36.19,33.55,35.3,1,0,11.56,14.6,36.24,1.44,0.3,20001,0,31.41,35.0,0.04,0,56537
2932909,36.23,36.19,33.55,35.3,1,0,11.47,14.6,36.24,1.44,0.3,20001,0,31.41,35.0,0.04,0,57037
2933418,36.23,36.21,33.55,35.3,1,0,11.47,14.62,36.24,1.44,0.3,20001,0,31.41,35.0,0.02,0,57537
2933927,36.21,36.22,33.55,35.3,1,0,11.36,14.62,36.24,1.44,0.3,20001,0,31.41,35.0,0.01,0,58037
2934436,36.21,36.22,33.55,35.3,1,0,11.36,14.61,36.24,1.44,0.3,20001,0,31.41,35.0,0.02,0,59044
2934945,36.19,36.2,33.55,35.3,1,0,11.97,14.6,36.24,1.44,0.3,20001,0,31.41,35.0,0.03,0,59544
2935454,36.19,36.19,33.55,35.3,1,0,11.22,14.6,36.24,1.44,0.3,20001,0,31.41,35.0,0.04,0,60044
2935963,36.19,36.19,33.55,35.3,1,0,11.22,14.6,36.24,1.44,0.3,20001,0,31.41,35.0,0.04,0,60544
2936472,36.19,36.19,33.55,35.3,1,0,11.22,14.6,36.24,1.44,0.3,20001,0,31.41,35.0,0.04,0,61044
2936981,36.19,36.19,33.55,35.3,1,0,11.22,14.6,36.24,1.44,0.3,20001,0,31.41,35.0,0.04,0,61544
2937490,36.17,36.18,33.55,35.3,1,0,11.2,14.6,36.24,1.44,0.3,20001,0,31.41,35.0,0.05,0,62044
2937999,36.17,36.18,33.55,35.3,1,0,11.2,14.6,36.24,1.44,0.3,20001,0,31.41,35.0,0.06,0,62544
2938508,36.17,36.18,33.55,35.3,1,0,11.36,14.62,36.24,1.44,0.3,20001,0,31.44,35.0,0.06,0,63044
2939017,36.17,36.17,33.55,35.3,1,0,11.36,14.62,36.24,1.44,0.3,20001,0,31.44,35.0,0.06,0,63544
2939526,36.17,36.17,33.55,35.3,1,0,11.36,14.62,36.24,1.44,0.3,20001,0,31.44,35.0,0.06,0,64044
2940035,36.17,36.17,33.55,35.3,1,0,11.36,14.62,36.24,1.44,0.3,20001,0,31.44,35.0,0.06,0,64544
2940544,36.17,36.17,33.55,35.3,1,0,11.36,14.62,36.24,1.44,0.3,20001,0,31.44,35.0,0.06,0,65044
2941053,36.17,36.17,33.55,35.3,1,0,11.36,14.62,36.24,1.44,0.3,20001,0,31.44,35.0,0.06,0,65544
2941562,36.13,36.15,33.55,35.3,1,0,11.2,14.58,36.24,1.44,0.3,20001,0,31.41,35.0,0.08,0,66044
2942071,36.13,36.14,33.55,35.3,1,0,11.2,14.58,36.24,1.44,0.3,20001,0,31.41,35.0,0.09,0,66544
2942580,36.15,36.14,33.55,35.3,1,0,11.11,14.6,36.24,1.44,0.3,20001,0,31.42,35.0,0.09,0,67044
2943089,36.15,36.14,33.55,35.3,1,0,11.11,14.6,36.24,1.44,0.3,20001,0,31.42,35.0,0.09,0,67544
2943598,36.11,36.13,33.55,35.3,1,0,10.87,14.57,36.24,1.44,0.3,20001,0,31.41,35.0,0.1,0,68044
2944107,36.11,36.12,33.55,35.3,1,0,10.87,14.57,36.24,1.44,0.3,20001,0,31.41,35.0,0.11,0,68544
2944616,36.11,36.11,33.55,35.3,1,0,10.87,14.57,36.24,1.44,0.3,20001,0,31.41,35.0,0.12,0,69044
2945125,36.12,36.12,33.55,35.3,1,0,11.09,14.56,36.24,1.44,0.3,20001,0,31.4,35.0,0.11,0,69544
2945641,36.16,36.12,33.55,35.3,1,0,10.93,14.56,36.24,1.44,0.3,20001,0,31.41,35.0,0.11,0,70044
2946150,36.16,36.14,33.55,35.3,1,0,10.93,14.59,36.24,1.44,0.3,20001,0,31.41,35.0,0.09,0,70544
2946659,36.11,36.13,33.55,35.3,1,0,11.73,14.58,36.24,1.44,0.3,20001,0,31.42,35.0,0.11,0,71044
2947168,36.11,36.12,33.55,35.3,1,0,11.73,14.58,36.24,1.44,0.3,20001,0,31.42,35.0,0.11,0,71544
2947677,36.07,36.09,33.55,35.3,1,0,10.98,14.56,36.24,1.44,0.3,20001,0,31.42,35.0,0.14,0,72044
2948186,36.1,36.1,33.55,35.3,1,0,10.89,14.59,36.24,1.44,0.3,20001,0,31.44,35.0,0.13,0,72544
2948695,36.09,36.09,33.55,35.3,1,0,10.84,14.6,36.24,1.44,0.3,20001,0,31.45,35.0,0.14,0,73044
2949205,36.09,36.09,33.55,35.3,1,0,10.84,14.6,36.24,1.44,0.3,20001,0,31.45,35.0,0.14,0,73544
2949714,36.04,36.09,33.55,35.3,1,0,10.84,14.6,36.24,1.44,0.3,20001,0,31.45,35.0,0.14,0,74044
2950223,36.04,36.07,33.55,35.3,1,0,10.84,14.58,36.24,1.44,0.3,20001,1,31.45,35.0,0.17,0,74544
2950732,36.07,36.06,33.55,35.3,1,0,10.89,14.58,36.24,1.44,0.3,20001,1,31.41,35.0,0.18,0,75044
2951241,36.07,36.06,33.55,35.3,1,0,10.89,14.55,36.24,1.44,0.3,20001,1,31.41,35.0,0.17,0,75544
2951750,36.08,36.07,33.55,35.3,1,0,11.02,14.56,36.24,1.44,0.3,20001,1,31.41,35.0,0.16,0,76044
2952259,36.08,36.08,33.55,35.3,1,0,10.87,14.56,36.24,1.44,0.3,20001,1,31.41,35.0,0.15,0,76544
2952768,36.08,36.08,33.55,35.3,1,0,10.87,14.56,36.24,1.44,0.3,20001,1,31.41,35.0,0.15,0,77044
2953277,36.04,36.08,33.55,35.3,1,0,10.87,14.56,36.24,1.44,0.3,20001,1,31.42,35.0,0.15,0,77544
2953786,36.07,36.06,33.55,35.3,1,0,11.0,14.55,36.24,1.44,0.3,20001,1,31.42,35.0,0.17,0,78044
2954295,36.07,36.07,33.55,35.3,1,0,11.0,14.56,36.24,1.44,0.3,20001,1,31.42,35.0,0.17,0,78544
2954804,36.1,36.08,33.55,35.3,1,0,10.8,14.56,36.24,1.44,0.3,20001,1,31.41,35.0,0.15,0,79044
2955313,36.1,36.09,33.55,35.3,1,0,10.8,14.56,36.24,1.44,0.3,20001,1,31.41,35.0,0.14,0,79544
2955822,36.1,36.09,33.55,35.3,1,0,10.8,14.56,36.24,1.44,0.3,20001,1,31.41,35.0,0.14,0,80044
2956331,36.0,36.04,33.55,35.3,1,0,10.71,14.53,36.24,1.44,0.3,20001,1,31.42,35.0,0.19,0,80544
2956840,35.98,36.02,33.55,35.3,1,0,10.73,14.53,36.24,1.44,0.3,20001,1,31.42,35.0,0.21,0,81044
2957349,35.98,36.0,33.55,35.3,1,0,10.73,14.53,36.24,1.44,0.3,20001,1,31.42,35.0,0.23,0,81544
2957858,35.97,35.99,33.55,35.3,1,0,10.67,14.53,36.24,1.44,0.3,20001,1,31.42,35.0,0.24,0,82044
2958367,35.97,35.98,33.55,35.3,1,0,10.67,14.52,36.24,1.44,0.3,20001,1,31.42,35.0,0.25,0,82544
2958876,35.97,35.97,33.55,35.3,1,0,10.67,14.52,36.24,1.44,0.3,20001,1,31.42,35.0,0.26,0,83044
2959385,35.97,35.97,33.55,35.3,1,0,10.67,14.52,36.24,1.44,0.3,20001,1,31.42,35.0,0.26,0,83544
2959894,35.98,35.97,33.55,35.3,1,0,10.35,14.52,36.24,1.44,0.3,20001,1,31.4,35.0,0.26,0,84044
2960403,35.98,35.97,33.55,35.3,1,0,10.35,14.5,36.24,1.44,0.3,20001,1,31.4,35.0,0.26,0,84544
2960912,35.95,35.96,33.55,35.3,1,0,10.33,14.51,36.24,1.44,0.3,20001,1,31.42,35.0,0.27,0,85048
2961421,35.94,35.96,33.55,35.3,1,0,10.6,14.51,36.24,1.44,0.3,20001,1,31.41,35.0,0.27,0,85548
2961930,35.91,35.95,33.55,35.3,1,0,9.68,14.49,36.24,1.44,0.3,20001,1,31.44,35.0,0.28,0,86048
2962439,35.91,35.93,33.55,35.3,1,0,9.68,14.51,36.24,1.44,0.3,20001,1,31.44,35.0,0.3,0,86552
2962948,35.95,35.92,33.55,35.3,1,0,10.42,14.51,36.24,1.44,0.3,20001,1,31.42,35.0,0.31,0,87056
2963457,35.95,35.94,33.55,35.3,1,0,10.42,14.51,36.24,1.44,0.3,20001,1,31.42,35.0,0.29,0,88065
2963966,35.93,35.94,33.55,35.3,1,0,10.29,14.5,36.24,1.44,0.3,20001,1,31.42,35.0,0.3,0,88565
2964475,35.93,35.93,33.55,35.3,1,0,10.29,14.5,36.24,1.44,0.3,20001,1,31.42,35.0,0.3,0,89065
2964984,35.87,35.9,33.55,35.3,1,0,10.35,14.48,36.24,1.44,0.3,20001,1,31.42,35.0,0.33,0,89565
2965493,35.91,35.9,33.55,35.3,1,0,10.6,14.48,36.24,1.44,0.3,20001,1,31.41,35.0,0.33,0,90065
2966002,35.82,35.91,33.55,35.3,1,0,10.47,14.48,36.24,1.44,0.3,20001,1,31.42,35.0,0.33,0,90565
2966511,35.82,35.86,33.55,35.3,1,0,10.47,14.46,36.24,1.44,0.3,20001,1,31.42,35.0,0.37,0,91065
2967020,35.81,35.84,33.55,35.3,1,0,10.26,14.46,36.24,1.44,0.3,20001,1,31.42,35.0,0.39,0,91565
2967529,35.81,35.83,33.55,35.3,1,0,10.26,14.45,36.24,1.44,0.3,20001,1,31.42,35.0,0.41,0,92065
2968038,35.81,35.82,33.55,35.3,1,0,10.26,14.45,36.24,1.44,0.3,20001,1,31.42,35.0,0.41,0,92565
2968547,35.81,35.81,33.55,35.3,1,0,10.26,14.46,36.24,1.44,0.3,20001,1,31.44,35.0,0.42,0,93065
2969056,35.82,35.82,33.55,35.3,1,0,10.2,14.44,36.24,1.44,0.3,20001,1,31.41,35.0,0.42,0,93565
2969565,35.82,35.82,33.55,35.3,1,0,10.2,14.44,36.24,1.44,0.3,20001,1,31.41,35.0,0.41,0,94065
2970074,35.78,35.82,33.55,35.3,1,0,10.22,14.44,36.24,1.44,0.3,20001,1,31.44,35.0,0.41,0,94565
2970583,35.78,35.8,33.55,35.3,1,0,10.22,14.45,36.24,1.44,0.3,20001,1,31.44,35.0,0.43,0,95065
2971092,35.76,35.78,33.55,35.3,1,0,10.49,14.43,36.24,1.44,0.3,20001,1,31.42,35.0,0.45,0,95565
2971601,35.76,35.77,33.55,35.3,1,0,10.49,14.43,36.24,1.44,0.3,20001,1,31.42,35.0,0.46,0,96065
2972110,35.81,35.79,33.55,35.3,1,0,10.17,14.46,36.24,1.44,0.3,20001,1,31.44,35.0,0.44,0,96565
2972619,35.79,35.8,33.55,35.3,1,0,10.22,14.46,36.24,1.44,0.3,20001,1,31.44,35.0,0.43,0,97065
2973128,35.79,35.8,33.55,35.3,1,0,10.22,14.46,36.24,1.44,0.3,20001,1,31.44,35.0,0.43,0,97565
2973637,35.76,35.8,33.55,35.3,1,0,10.24,14.46,36.24,1.44,0.3,20001,1,31.44,35.0,0.44,0,98065
2974146,35.76,35.78,33.55,35.3,1,0,10.24,14.44,36.24,1.44,0.3,20001,1,31.44,35.0,0.45,0,98565
2974655,35.77,35.77,33.55,35.3,1,0,10.24,14.46,36.24,1.44,0.3,20001,1,31.45,35.0,0.46,0,99065
2975164,35.77,35.77,33.55,35.3,1,0,10.24,14.46,36.24,1.44,0.3,20001,1,31.45,35.0,0.46,0,99565
2975673,35.72,35.74,33.55,35.3,1,0,9.97,14.43,36.24,1.44,0.3,20001,1,31.44,35.0,0.49,0,100065
2976182,35.72,35.73,33.55,35.3,1,0,10.11,14.43,36.24,1.44,0.3,20001,1,31.45,35.0,0.5,0,100565
2976691,35.72,35.73,33.55,35.3,1,0,10.11,14.44,36.24,1.44,0.3,20001,1,31.45,35.0,0.5,0,101065
2977200,35.71,35.72,33.55,35.3,1,0,10.13,14.42,36.24,1.44,0.3,20001,1,31.44,35.0,0.52,0,101565
2977709,35.71,35.71,33.55,35.3,1,0,10.13,14.42,36.24,1.44,0.3,20001,1,31.44,35.0,0.52,0,102065
2978218,35.69,35.7,33.55,35.3,1,0,10.24,14.41,36.24,1.44,0.3,20001,1,31.44,35.0,0.53,0,102565
2978727,35.65,35.67,33.55,35.3,1,0,10.13,14.39,36.24,1.44,0.3,20001,1,31.44,35.0,0.56,0,103075
2979236,35.65,35.66,33.55,35.3,1,0,10.13,14.39,36.24,1.44,0.3,20001,1,31.44,35.0,0.57,0,103575
2979745,35.62,35.64,33.55,35.3,1,0,10.06,14.4,36.24,1.44,0.3,20001,1,31.45,35.0,0.59,0,104075
2980254,35.68,35.63,33.55,35.3,1,0,10.02,14.4,36.24,1.44,0.3,20001,1,31.42,35.0,0.6,0,104575
2980763,35.66,35.65,33.55,35.3,1,0,9.41,14.39,36.24,1.44,0.3,20001,1,31.44,35.0,0.58,0,105075
2981272,35.66,35.66,33.55,35.3,1,0,9.41,14.4,36.24,1.44,0.3,20001,1,31.44,35.0,0.57,0,105577
2981781,35.62,35.64,33.55,35.3,1,0,9.95,14.38,36.24,1.44,0.3,20001,1,31.44,35.0,0.59,0,106079
2982290,35.6,35.63,33.55,35.3,1,0,9.86,14.38,36.24,1.44,0.3,20001,1,31.44,35.0,0.6,0,106579
2982799,35.6,35.62,33.55,35.3,1,0,9.86,14.38,36.24,1.44,0.3,20001,1,31.44,35.0,0.61,0,107079
2983308,35.6,35.61,33.55,35.3,1,0,9.86,14.38,36.24,1.44,0.3,20001,1,31.44,35.0,0.62,0,107579
2983821,35.6,35.61,33.55,35.3,1,0,9.86,14.38,36.24,1.44,0.3,20001,1,31.44,35.0,0.62,0,108079
2984330,35.6,35.61,33.55,35.3,1,0,9.86,14.38,36.24,1.44,0.3,20001,1,31.44,35.0,0.62,0,108579
2984839,35.6,35.6,33.55,35.3,1,0,9.88,14.36,36.24,1.44,0.3,20001,1,31.42,35.0,0.63,0,109079
2985348,35.59,35.6,33.55,35.3,1,0,9.91,14.36,36.24,1.44,0.3,20001,1,31.44,35.0,0.63,0,109579
2985857,35.59,35.6,33.55,35.3,1,0,9.91,14.37,36.24,1.44,0.3,20001,1,31.44,35.0,0.64,0,110079
2986366,35.59,35.59,33.55,35.3,1,0,9.91,14.37,36.24,1.44,0.3,20001,1,31.44,35.0,0.64,0,110579
2986875,35.59,35.59,33.55,35.3,1,0,9.91,14.37,36.24,1.44,0.3,20001,1,31.44,35.0,0.64,0,111079
2987384,35.59,35.59,33.55,35.3,1,0,9.91,14.37,36.24,1.44,0.3,20001,1,31.44,35.0,0.64,0,111579
2987893,35.55,35.59,33.55,35.3,1,0,9.93,14.37,36.24,1.44,0.3,20001,1,31.44,35.0,0.64,0,112079
2988402,35.55,35.57,33.55,35.3,1,0,9.93,14.35,36.24,1.44,0.3,20001,1,31.44,35.0,0.66,0,112579
2988911,35.5,35.54,33.55,35.3,1,0,9.73,14.35,36.24,1.44,0.3,20001,1,31.45,35.0,0.7,0,113079
2989420,35.51,35.52,33.55,35.3,1,0,9.91,14.35,36.24,1.44,0.3,20001,1,31.44,35.0,0.71,0,113579
2989929,35.51,35.52,33.55,35.3,1,0,9.91,14.34,36.24,1.44,0.3,20001,1,31.44,35.0,0.71,0,114079
2990438,35.47,35.52,33.55,35.3,1,0,9.73,14.34,36.24,1.44,0.3,20001,1,31.44,35.0,0.72,0,114579
2990947,35.47,35.49,33.55,35.3,1,0,9.73,14.32,36.24,1.44,0.3,20001,1,31.44,35.0,0.74,0,115079
2991456,35.44,35.48,33.55,35.3,1,0,10.55,14.32,36.24,1.44,0.3,20001,1,31.44,35.0,0.75,0,115579
2991965,35.44,35.46,33.55,35.3,1,0,10.55,14.31,36.24,1.44,0.3,20001,1,31.44,35.0,0.77,0,116079
2992474,35.43,35.44,33.55,35.3,1,0,9.73,14.3,36.24,1.44,0.3,20001,1,31.44,35.0,0.79,0,117082
2992983,35.47,35.46,33.55,35.3,1,0,9.7,14.33,36.24,1.44,0.3,20001,1,31.45,35.0,0.77,0,117582
2993492,35.41,35.47,33.55,35.3,1,0,9.77,14.33,36.24,1.44,0.3,20001,1,31.42,35.0,0.77,0,118082
2994001,35.41,35.44,33.55,35.3,1,0,9.77,14.28,36.24,1.44,0.3,20001,1,31.42,35.0,0.79,0,118582
2994510,35.4,35.42,33.55,35.3,1,0,9.73,14.27,36.24,1.44,0.3,20001,1,31.42,35.0,0.81,0,119082
2995019,35.4,35.41,33.55,35.3,1,0,9.73,14.27,36.24,1.44,0.3,20001,1,31.42,35.0,0.82,0,119594
2995528,35.4,35.4,33.55,35.3,1,0,9.73,14.27,36.24,1.44,0.3,20001,1,31.42,35.0,0.83,0,120094
2996037,35.4,35.4,33.55,35.3,1,0,9.73,14.27,36.24,1.44,0.3,20001,1,31.42,35.0,0.83,0,120594
2996546,35.41,35.41,33.55,35.3,1,0,9.43,14.29,36.24,1.44,0.3,20001,1,31.44,35.0,0.82,0,121094
2997055,35.3,35.35,33.55,35.3,1,0,9.77,14.24,36.24,1.44,0.3,20001,1,31.44,35.0,0.88,0,121594
2997564,35.3,35.32,33.55,35.3,1,0,9.77,14.24,36.24,1.44,0.3,20001,1,31.44,35.0,0.91,0,122094
2998073,35.3,35.31,33.55,35.3,1,0,9.77,14.24,36.24,1.44,0.3,20001,1,31.44,35.0,0.92,0,122594
2998582,35.33,35.32,33.55,35.3,1,0,9.57,14.27,36.24,1.44,0.3,20001,1,31.45,35.0,0.91,0,123094
2999091,35.37,35.34,33.55,35.3,1,0,9.68,14.27,36.24,1.44,0.3,20001,1,31.44,35.0,0.89,0,123594
2999600,35.3,35.36,33.55,35.3,1,0,9.57,14.27,36.24,1.44,0.3,20001,1,31.44,35.0,0.87,0,124094
3000109,35.3,35.33,33.55,35.3,1,0,9.57,14.24,36.24,1.44,0.3,20001,1,31.44,35.0,0.9,0,124594
3000618,35.27,35.3,33.55,35.3,1,0,9.61,14.24,36.24,1.44,0.3,20001,1,31.45,35.0,0.93,0,125094
3001127,35.31,35.28,33.55,35.3,0,0,9.5,14.24,36.24,1.44,0.3,125594,0,31.42,35.0,0.95,0,0
3001635,35.31,35.3,33.58,35.3,0,0,9.5,14.24,35.3,1.41,0.3,125594,0,31.42,35.0,0.0,0,500
3002144,35.3,35.3,33.58,35.3,0,0,9.57,14.26,35.3,1.41,0.3,125594,0,31.45,35.0,0.0,0,1000
3002653,35.3,35.3,33.58,35.3,0,0,9.57,14.26,35.3,1.41,0.3,125594,0,31.45,35.0,0.0,0,1500
3003162,35.27,35.3,33.58,35.3,0,0,9.64,14.26,35.3,1.41,0.3,125594,0,31.44,35.0,0.0,0,2000
3003671,35.27,35.28,33.58,35.3,0,0,9.64,14.23,35.28,1.41,0.3,125594,0,31.44,35.0,0.0,0,2500
3004180,35.24,35.26,33.58,35.3,0,0,9.7,14.23,35.26,1.41,0.3,125594,0,31.45,35.0,0.0,0,3000
3004689,35.23,35.24,33.58,35.3,0,0,9.57,14.24,35.24,1.41,0.3,125594,0,31.47,35.0,0.0,0,3500
3005197,35.23,35.24,33.58,35.3,0,0,9.57,14.24,35.24,1.41,0.3,125594,0,31.47,35.0,0.0,0,4000
3005706,35.15,35.23,33.58,35.3,0,0,9.79,14.24,35.23,1.41,0.3,125594,0,31.44,35.0,0.0,0,4500
3006215,35.15,35.19,33.58,35.3,0,0,9.79,14.18,35.19,1.41,0.3,125594,0,31.44,35.0,0.0,0,5000
3006724,35.17,35.18,33.58,35.3,0,0,9.61,14.2,35.18,1.41,0.3,125594,0,31.45,35.0,0.0,0,5500
3007233,35.15,35.17,33.58,35.3,0,0,9.77,14.2,35.17,1.41,0.3,125594,0,31.47,35.0,0.0,0,6000
3007742,35.15,35.16,33.58,35.3,0,0,9.77,14.2,35.16,1.41,0.3,125594,0,31.47,35.0,0.0,0,6500
3008251,35.18,35.17,33.58,35.3,0,0,9.95,14.22,35.16,1.41,0.3,125594,0,31.47,35.0,0.0,0,7000
3008760,35.15,35.18,33.58,35.3,0,0,10.0,14.22,35.16,1.41,0.3,125594,0,31.42,35.0,0.01,0,7500
3009269,35.15,35.16,33.58,35.3,0,0,10.0,14.16,35.16,1.41,0.3,125594,0,31.42,35.0,0.0,0,8000
3009778,35.14,35.16,33.58,35.3,0,0,10.06,14.16,35.16,1.41,0.3,125594,0,31.45,35.0,0.0,0,8500
3010287,35.14,35.15,33.58,35.3,0,0,10.06,14.19,35.15,1.41,0.3,125594,0,31.45,35.0,0.0,0,9000
3010796,35.14,35.14,33.58,35.3,0,0,10.38,14.19,35.14,1.41,0.3,125594,0,31.47,35.0,0.0,0,9500
3011305,35.14,35.14,33.58,35.3,0,0,10.38,14.2,35.14,1.41,0.3,125594,0,31.47,35.0,0.0,0,10000
3011814,35.06,35.1,33.58,35.3,0,0,10.4,14.16,35.1,1.41,0.3,125594,0,31.47,35.0,0.0,0,10500
3012323,35.06,35.08,33.58,35.3,0,0,10.4,14.16,35.08,1.41,0.3,125594,0,31.47,35.0,0.0,0,11000
3012832,35.09,35.07,33.58,35.3,0,0,10.82,14.16,35.07,1.41,0.3,125594,0,31.42,35.0,0.0,0,11500
3013341,35.09,35.08,33.58,35.3,0,0,10.82,14.14,35.07,1.41,0.3,125594,0,31.42,35.0,0.0,0,12000
3013850,35.05,35.09,33.58,35.3,0,0,10.71,14.14,35.07,1.41,0.3,125594,0,31.44,35.0,0.01,0,12502
3014359,35.05,35.07,33.58,35.3,0,0,10.71,14.13,35.07,1.41,0.3,125594,0,31.44,35.0,0.0,0,13003
3014872,35.06,35.06,33.58,35.3,0,0,10.89,14.13,35.06,1.41,0.3,125594,0,31.44,35.0,0.0,0,13503
3015381,35.06,35.06,33.58,35.3,0,0,10.89,14.14,35.06,1.41,0.3,125594,0,31.44,35.0,0.0,0,14003
3015890,35.06,35.06,33.58,35.3,0,0,10.89,14.14,35.06,1.41,0.3,125594,0,31.44,35.0,0.0,0,14503
3016399,35.06,35.06,33.58,35.3,0,0,11.22,14.14,35.06,1.41,0.3,125594,0,31.44,35.0,0.0,0,15003
3016908,35.06,35.06,33.58,35.3,0,0,11.22,14.14,35.06,1.41,0.3,125594,0,31.44,35.0,0.0,0,15503
3017417,35.06,35.06,33.58,35.3,0,0,11.42,14.14,35.06,1.41,0.3,125594,0,31.45,35.0,0.0,0,16003
3017926,35.02,35.06,33.58,35.3,0,0,11.51,14.15,35.06,1.41,0.3,125594,0,31.45,35.0,0.0,0,16503
3018435,35.02,35.04,33.58,35.3,0,0,11.51,14.13,35.04,1.41,0.3,125594,0,31.45,35.0,0.0,0,17003
3018944,34.98,35.03,33.58,35.3,0,0,11.89,14.13,35.03,1.41,0.3,125594,0,31.47,35.0,0.0,0,17503
3019453,35.02,35.01,33.58,35.3,0,0,11.67,14.13,35.01,1.41,0.3,125594,0,31.45,35.0,0.0,0,18003
3019962,35.02,35.01,33.58,35.3,0,0,11.67,14.13,35.01,1.41,0.3,125594,0,31.45,35.0,0.0,0,18503
3020471,34.95,35.02,33.58,35.3,0,0,11.69,14.13,35.01,1.41,0.3,125594,0,31.45,35.0,0.01,0,19003
3020980,34.98,34.98,33.58,35.3,0,0,11.97,14.1,34.98,1.41,0.3,125594,0,31.44,35.0,0.0,0,19503
3021489,35.01,34.99,33.58,35.3,0,0,12.15,14.14,34.98,1.41,0.3,125594,0,31.47,35.0,0.01,0,20503
3021998,35.01,35.0,33.58,35.3,0,0,12.15,14.14,34.98,1.41,0.3,125594,0,31.47,35.0,0.02,0,21003
3022507,35.01,35.0,33.58,35.3,0,0,12.15,14.14,34.98,1.41,0.3,125594,0,31.47,35.0,0.02,0,21504
3023016,34.95,34.98,33.58,35.3,0,0,12.2,14.11,34.98,1.41,0.3,125594,0,31.47,35.0,0.0,0,22004
3023525,34.97,34.97,33.58,35.3,0,0,12.24,14.12,34.97,1.41,0.3,125594,0,31.47,35.0,0.0,0,22504
3024034,34.97,34.97,33.58,35.3,0,0,12.24,14.12,34.97,1.41,0.3,125594,0,31.47,35.0,0.0,0,23004
3024550,34.98,34.97,33.58,35.3,0,0,12.66,14.12,34.97,1.41,0.3,125594,0,31.44,35.0,0.0,0,23504
3025059,34.98,34.97,33.58,35.3,0,0,12.66,14.1,34.97,1.41,0.3,125594,0,31.44,35.0,0.0,0,24004
3025568,34.98,34.98,33.58,35.3,0,0,12.66,14.1,34.97,1.41,0.3,125594,0,31.44,35.0,0.0,0,24504
3026077,34.98,34.98,33.58,35.3,0,0,12.9,14.13,34.97,1.41,0.3,125594,0,31.47,35.0,0.01,0,25004
3026586,34.98,34.98,33.58,35.3,0,0,12.9,14.13,34.97,1.41,0.3,125594,0,31.47,35.0,0.01,0,25504
3027095,34.96,34.98,33.58,35.3,0,0,12.96,14.13,34.97,1.41,0.3,125594,0,31.45,35.0,0.01,0,26004
3027604,34.96,34.97,33.58,35.3,0,0,12.96,14.11,34.97,1.41,0.3,125594,0,31.45,35.0,0.0,0,26504
3028113,34.98,34.97,33.58,35.3,0,0,13.1,14.11,34.97,1.41,0.3,125594,0,31.45,35.0,0.0,0,27004
3028622,34.98,34.98,33.58,35.3,0,0,13.36,14.13,34.97,1.41,0.3,125594,0,31.47,35.0,0.01,0,27511
3029131,34.98,34.98,33.58,35.3,0,0,13.36,14.13,34.97,1.41,0.3,125594,0,31.47,35.0,0.01,0,28011
3029640,34.98,34.98,33.58,35.3,0,0,13.36,14.13,34.97,1.41,0.3,125594,0,31.47,35.0,0.01,0,28511
3030149,34.99,34.99,33.58,35.3,0,0,13.53,14.13,34.97,1.41,0.3,125594,0,31.47,35.0,0.01,0,29011
3030659,34.95,34.99,33.58,35.3,0,0,13.69,14.13,34.97,1.41,0.3,125594,0,31.45,35.0,0.02,0,29511
3031168,34.95,34.97,33.58,35.3,0,0,13.69,14.1,34.97,1.41,0.3,125594,0,31.45,35.0,0.0,0,30011
3031677,35.02,34.99,33.58,35.3,0,0,13.71,14.13,34.97,1.41,0.3,125594,0,31.45,35.0,0.02,0,30511
3032186,35.02,35.01,33.58,35.3,0,0,13.8,14.13,34.97,1.41,0.3,125594,0,31.44,35.0,0.04,0,31011
3032695,35.02,35.01,33.58,35.3,0,0,13.8,14.12,34.97,1.41,0.3,125594,0,31.44,35.0,0.04,0,31511
3033204,35.02,35.02,33.58,35.3,0,0,13.8,14.12,34.97,1.41,0.3,125594,0,31.44,35.0,0.04,0,32011
3033713,35.01,35.02,33.58,35.3,0,0,14.06,14.12,34.97,1.41,0.3,125594,0,31.45,35.0,0.05,0,32511
3034222,35.01,35.01,33.58,35.3,0,0,14.06,14.13,34.97,1.41,0.3,125594,0,31.45,35.0,0.04,0,33011
3034731,35.04,35.01,33.58,35.3,0,0,14.3,14.13,34.97,1.41,0.3,125594,0,31.47,35.0,0.04,0,33513
3035240,35.04,35.02,33.58,35.3,0,0,14.3,14.15,34.97,1.41,0.3,125594,0,31.47,35.0,0.05,0,34014
3035749,35.06,35.04,33.58,35.3,0,0,14.34,14.16,34.97,1.41,0.3,125594,0,31.47,35.0,0.07,0,34515
3036258,35.09,35.05,33.58,35.3,0,0,14.54,14.16,34.97,1.41,0.3,125594,0,31.44,35.0,0.08,0,35015
3036767,35.09,35.07,33.58,35.3,0,0,14.54,14.15,34.97,1.41,0.3,125594,0,31.44,35.0,0.1,0,35515
3037276,35.09,35.08,33.58,35.3,0,0,14.54,14.15,34.97,1.41,0.3,125594,0,31.44,35.0,0.11,0,36015
3037785,35.1,35.09,33.58,35.3,0,0,14.64,14.15,34.97,1.41,0.3,125594,0,31.47,35.0,0.12,0,36515
3038294,35.1,35.09,33.58,35.3,0,0,14.64,14.18,34.97,1.41,0.3,125594,0,31.47,35.0,0.12,0,37015
3038803,35.05,35.07,33.58,35.3,0,0,14.3,14.15,34.97,1.41,0.3,125594,0,31.45,35.0,0.1,0,37515
3039312,35.05,35.06,33.58,35.3,0,0,14.3,14.15,34.97,1.41,0.3,125594,0,31.45,35.0,0.09,0,38015
3039821,35.1,35.08,33.58,35.3,0,0,14.93,14.18,34.97,1.41,0.3,125594,0,31.47,35.0,0.11,0,38515
3040331,35.15,35.09,33.58,35.3,0,0,15.01,14.18,34.97,1.41,0.3,125594,0,31.45,35.0,0.12,0,39015
3040841,35.15,35.12,33.58,35.3,1,0,15.01,14.19,34.97,1.41,0.3,39515,0,31.45,35.0,0.15,0,0
3041350,35.1,35.11,33.58,35.3,1,0,15.12,14.18,35.11,1.41,0.3,39515,0,31.47,35.0,0.0,0,500
3041859,35.17,35.1,33.58,35.3,1,0,15.19,14.18,35.11,1.41,0.3,39515,0,31.47,35.0,0.0,0,1000
3042368,35.17,35.13,33.58,35.3,1,0,15.19,14.21,35.13,1.41,0.3,39515,0,31.47,35.0,0.0,0,1500
3042877,35.14,35.15,33.58,35.3,1,0,15.36,14.21,35.15,1.41,0.3,39515,0,31.47,35.0,0.0,0,2000
3043386,35.17,35.15,33.58,35.3,1,0,15.34,14.2,35.15,1.41,0.3,39515,0,31.45,35.0,0.0,0,2500
3043896,35.17,35.16,33.58,35.3,1,0,15.34,14.2,35.16,1.41,0.3,39515,0,31.45,35.0,0.0,0,3000
3044406,35.15,35.15,33.58,35.3,1,0,15.53,14.2,35.16,1.41,0.3,39515,0,31.47,35.0,0.0,0,3505
3044915,35.2,35.15,33.58,35.3,1,0,15.51,14.2,35.16,1.41,0.3,39515,0,31.49,35.0,0.0,0,4005
3045424,35.2,35.18,33.58,35.3,1,0,15.51,14.25,35.18,1.41,0.3,39515,0,31.49,35.0,0.0,0,4505
3045933,35.2,35.19,33.58,35.3,1,0,15.51,14.25,35.19,1.41,0.3,39515,0,31.49,35.0,0.0,0,5005
3046442,35.24,35.2,33.58,35.3,1,0,15.62,14.25,35.2,1.41,0.3,39515,0,31.47,35.0,0.0,0,5505
3046951,35.24,35.22,33.58,35.3,1,0,15.62,14.24,35.22,1.41,0.3,39515,0,31.47,35.0,0.0,0,6005
3047460,35.23,35.23,33.58,35.3,1,0,15.58,14.24,35.23,1.41,0.3,39515,0,31.47,35.0,0.0,0,6505
3047969,35.23,35.23,33.58,35.3,1,0,15.58,14.24,35.23,1.41,0.3,39515,0,31.47,35.0,0.0,0,7005
3048478,35.3,35.23,33.58,35.3,1,0,15.53,14.24,35.23,1.41,0.3,39515,0,31.45,35.0,0.0,0,7505
3048987,35.3,35.26,33.58,35.3,1,0,15.53,14.26,35.26,1.41,0.3,39515,0,31.45,35.0,0.0,0,8005
3049496,35.27,35.28,33.58,35.3,1,0,15.64,14.26,35.28,1.41,0.3,39515,0,31.48,35.0,0.0,0,8509
3050005,35.27,35.28,33.58,35.3,1,0,15.64,14.27,35.28,1.41,0.3,39515,0,31.48,35.0,0.0,0,9009
3050514,35.27,35.27,33.58,35.3,1,0,15.64,14.27,35.28,1.41,0.3,39515,0,31.48,35.0,0.0,0,10013
3051023,35.27,35.27,33.58,35.3,1,0,15.64,14.27,35.28,1.41,0.3,39515,0,31.48,35.0,0.0,0,10513
3051532,35.3,35.29,33.58,35.3,1,0,15.42,14.28,35.29,1.41,0.3,39515,0,31.48,35.0,0.0,0,11013
3052041,35.3,35.29,33.58,35.3,1,0,15.42,14.28,35.29,1.41,0.3,39515,0,31.48,35.0,0.0,0,11513
3052550,35.36,35.3,33.58,35.3,1,0,15.36,14.28,35.3,1.41,0.3,39515,0,31.48,35.0,0.0,0,12013
3053059,35.36,35.33,33.58,35.3,1,0,15.36,14.31,35.33,1.41,0.3,39515,0,31.48,35.0,0.0,0,12513
3053568,35.36,35.34,33.58,35.3,1,0,14.82,14.29,35.34,1.41,0.3,39515,0,31.47,35.0,0.0,0,13013
3054077,35.42,35.38,33.58,35.3,1,0,15.27,14.34,35.38,1.41,0.3,39515,0,31.49,35.0,0.0,0,13513
3054586,35.39,35.39,33.58,35.3,1,0,15.29,14.35,35.39,1.41,0.3,39515,0,31.51,35.0,0.0,0,14013
3055095,35.39,35.39,33.58,35.3,1,0,15.29,14.35,35.39,1.41,0.3,39515,0,31.51,35.0,0.0,0,14513
3055604,35.43,35.41,33.58,35.3,1,0,15.34,14.33,35.41,1.41,0.3,39515,0,31.47,35.0,0.0,0,15013
3056113,35.43,35.42,33.58,35.3,1,0,15.34,14.33,35.42,1.41,0.3,39515,0,31.47,35.0,0.0,0,15513
3056622,35.45,35.43,33.58,35.3,1,0,15.19,14.33,35.43,1.41,0.3,39515,0,31.47,35.0,0.0,0,16013
3057131,35.43,35.43,33.58,35.3,1,0,15.21,14.33,35.43,1.41,0.3,39515,0,31.47,35.0,0.0,0,16513
3057640,35.46,35.43,33.58,35.3,1,0,14.97,14.33,35.43,1.41,0.3,39515,0,31.48,35.0,0.0,0,17013
3058149,35.46,35.45,33.58,35.3,1,0,14.97,14.35,35.45,1.41,0.3,39515,0,31.48,35.0,0.0,0,17513
3058658,35.46,35.45,33.58,35.3,1,0,14.86,14.34,35.45,1.41,0.3,39515,0,31.47,35.0,0.0,0,18013
3059168,35.46,35.46,33.58,35.3,1,0,14.86,14.34,35.46,1.41,0.3,39515,0,31.47,35.0,0.0,0,18513
3059678,35.52,35.46,33.58,35.3,1,0,14.88,14.34,35.46,1.41,0.3,39515,0,31.45,35.0,0.0,0,19013
3060187,35.52,35.49,33.58,35.3,1,0,14.88,14.35,35.49,1.41,0.3,39515,0,31.45,35.0,0.0,0,19513
3060696,35.52,35.5,33.58,35.3,1,0,14.88,14.35,35.5,1.41,0.3,39515,0,31.45,35.0,0.0,0,20013
3061205,35.52,35.51,33.58,35.3,1,0,14.88,14.35,35.51,1.41,0.3,39515,0,31.45,35.0,0.0,0,20513
3061714,35.62,35.57,33.58,35.3,1,0,14.93,14.41,35.57,1.41,0.3,39515,0,31.47,35.0,0.0,0,21013
3062223,35.62,35.59,33.58,35.3,1,0,14.93,14.41,35.59,1.41,0.3,39515,0,31.47,35.0,0.0,0,21516
3062732,35.62,35.61,33.58,35.3,1,0,14.93,14.41,35.61,1.41,0.3,39515,0,31.47,35.0,0.0,0,22016
3063241,35.64,35.62,33.58,35.3,1,0,14.64,14.44,35.62,1.41,0.3,39515,0,31.49,35.0,0.0,0,22516
3063750,35.72,35.67,33.58,35.3,1,0,14.64,14.46,35.67,1.41,0.3,39515,0,31.48,35.0,0.0,0,23016
3064259,35.72,35.7,33.58,35.3,1,0,14.64,14.46,35.7,1.41,0.3,39515,0,31.48,35.0,0.0,0,23516
3064768,35.77,35.71,33.58,35.3,1,0,14.71,14.46,35.71,1.41,0.3,39515,0,31.49,35.0,0.0,0,24016
3065277,35.77,35.74,33.58,35.3,1,0,14.71,14.5,35.74,1.41,0.3,39515,0,31.49,35.0,0.0,0,24516
3065786,35.77,35.76,33.58,35.3,1,0,14.71,14.5,35.76,1.41,0.3,39515,0,31.49,35.0,0.0,0,25016
3066295,35.78,35.77,33.58,35.3,1,0,14.58,14.5,35.77,1.41,0.3,39515,0,31.49,35.0,0.0,0,25516
3066804,35.78,35.78,33.58,35.3,1,0,14.58,14.5,35.78,1.41,0.3,39515,0,31.49,35.0,0.0,0,26016
3067313,35.84,35.78,33.58,35.3,1,0,14.27,14.5,35.78,1.41,0.3,39515,0,31.49,35.0,0.0,0,26516
3067822,35.84,35.81,33.58,35.3,1,0,14.27,14.53,35.81,1.41,0.3,39515,0,31.49,35.0,0.0,0,27016
3068331,35.85,35.83,33.58,35.3,1,0,14.21,14.53,35.83,1.41,0.3,39515,0,31.47,35.0,0.0,0,27516
3068840,35.85,35.84,33.58,35.3,1,0,14.21,14.51,35.84,1.41,0.3,39515,0,31.47,35.0,0.0,0,28016
3069349,35.92,35.88,33.58,35.3,1,0,14.17,14.56,35.88,1.41,0.3,39515,0,31.49,35.0,0.0,0,28516
3069858,35.9,35.9,33.58,35.3,1,0,14.17,14.56,35.9,1.41,0.3,39515,0,31.49,35.0,0.0,0,29016
3070367,35.9,35.9,33.58,35.3,1,0,14.17,14.55,35.9,1.41,0.3,39515,0,31.49,35.0,0.0,0,29516
3070876,35.95,35.9,33.58,35.3,1,0,14.17,14.55,35.9,1.41,0.3,39515,0,31.49,35.0,0.0,0,30016
3071385,35.99,35.92,33.58,35.3,1,0,14.01,14.57,35.92,1.41,0.3,39515,0,31.49,35.0,0.0,0,30516
3071894,35.99,35.96,33.58,35.3,1,0,14.01,14.59,35.96,1.41,0.3,39515,0,31.49,35.0,0.0,0,31016
3072403,35.97,35.97,33.58,35.3,1,0,13.77,14.59,35.97,1.41,0.3,39515,0,31.47,35.0,0.0,0,31516
3072912,35.97,35.97,33.58,35.3,1,0,13.77,14.56,35.97,1.41,0.3,39515,0,31.47,35.0,0.0,0,32016
3073421,36.02,35.97,33.58,35.3,1,0,13.84,14.56,35.97,1.41,0.3,39515,0,31.51,35.0,0.0,0,32516
3073930,36.02,36.0,33.58,35.3,1,0,13.84,14.62,36.0,1.41,0.3,39515,0,31.51,35.0,0.0,0,33016
3074439,36.08,36.04,33.58,35.3,1,0,13.77,14.62,36.04,1.41,0.3,39515,0,31.48,35.0,0.0,0,33516
3074948,36.08,36.06,33.58,35.3,1,0,13.77,14.62,36.06,1.41,0.3,39515,0,31.48,35.0,0.0,0,34016
3075457,36.12,36.07,33.58,35.3,1,0,13.56,14.62,36.07,1.41,0.3,39515,0,31.51,35.0,0.0,0,34516
3075966,36.12,36.09,33.58,35.3,1,0,13.56,14.66,36.09,1.41,0.3,39515,0,31.51,35.0,0.0,0,35016
3076475,36.12,36.11,33.58,35.3,1,0,13.56,14.66,36.11,1.41,0.3,39515,0,31.51,35.0,0.0,0,35516
3076984,36.15,36.13,33.58,35.3,1,0,13.45,14.65,36.13,1.41,0.3,39515,0,31.48,35.0,0.0,0,36016
3077493,36.16,36.14,33.58,35.3,1,0,13.51,14.65,36.14,1.41,0.3,39515,0,31.48,35.0,0.0,0,36516
3078002,36.19,36.15,33.58,35.3,1,0,13.6,14.65,36.15,1.41,0.3,39515,0,31.48,35.0,0.0,0,37016
3078511,36.19,36.17,33.58,35.3,1,0,13.6,14.67,36.17,1.41,0.3,39515,0,31.48,35.0,0.0,0,37516
3079020,36.18,36.18,33.58,35.3,1,0,13.01,14.67,36.18,1.41,0.3,39515,0,31.49,35.0,0.0,0,38519
3079529,36.18,36.18,33.58,35.3,1,0,13.01,14.67,36.18,1.41,0.3,39515,0,31.49,35.0,0.0,0,39019
3080038,36.18,36.18,33.58,35.3,1,0,13.01,14.67,36.18,1.41,0.3,39515,0,31.49,35.0,0.0,0,39519
