timestamp,raw_hum,target_hum,turn_on_thres,turn_off_thres,peltier,cold_fan,ntc_temp,dew_point,state_elapsed_ms,profile,condensing_started,fan_boost_allowed,sht30_temp
17199,75.67,55.0,54.1,56.0,0,0,29.19,25.08,17001,2,0,1,29.84
17705,75.64,55.0,54.1,56.0,0,0,29.12,25.08,17501,2,0,1,29.83
18211,75.64,55.0,54.1,56.0,0,0,29.12,25.06,18001,2,0,1,29.83
18717,75.67,55.0,54.1,56.0,0,0,29.12,25.04,18501,2,0,1,29.8
19223,75.67,55.0,54.1,56.0,0,0,29.12,25.04,19001,2,0,1,29.8
19730,75.69,55.0,54.1,56.0,0,0,29.17,25.04,19501,2,0,1,29.83
20237,75.69,55.0,54.1,56.0,0,0,29.17,25.07,20001,2,0,1,29.83
20743,75.69,55.0,54.1,56.0,0,0,29.17,25.07,20501,2,0,1,29.83
21249,75.64,55.0,54.1,56.0,0,0,29.15,25.06,21001,2,0,1,29.83
21755,75.64,55.0,54.1,56.0,0,0,29.15,25.06,21501,2,0,1,29.83
22261,75.66,55.0,54.1,56.0,0,0,29.21,25.06,22001,2,0,1,29.83
22767,75.66,55.0,54.1,56.0,0,0,29.05,25.05,22501,2,0,1,29.81
23273,75.64,55.0,54.1,56.0,0,0,28.96,25.05,23001,2,0,1,29.83
23779,75.64,55.0,54.1,56.0,0,0,28.96,25.06,23501,2,0,1,29.83
24285,75.64,55.0,54.1,56.0,0,0,28.96,25.06,24001,2,0,1,29.83
24791,75.6,55.0,54.1,56.0,0,0,29.03,25.03,24501,2,0,1,29.81
25297,75.64,55.0,54.1,56.0,0,0,29.01,25.03,25001,2,0,1,29.83
25803,75.64,55.0,54.1,56.0,0,0,29.01,25.06,25501,2,0,1,29.83
26309,75.6,55.0,54.1,56.0,0,0,29.12,25.09,26001,2,0,1,29.87
26815,75.61,55.0,54.1,56.0,0,0,29.19,25.09,26501,2,0,1,29.83
27321,75.61,55.0,54.1,56.0,0,0,29.19,25.05,27001,2,0,1,29.83
27827,75.64,55.0,54.1,56.0,0,0,30.22,25.05,27501,2,0,1,29.87
28333,75.64,55.0,54.1,56.0,0,0,30.22,25.1,28001,2,0,1,29.87
28839,75.64,55.0,54.1,56.0,0,0,30.22,25.1,28501,2,0,1,29.87
29345,75.64,55.0,54.1,56.0,0,0,28.99,25.06,29001,2,0,1,29.83
29851,75.59,55.0,54.1,56.0,0,0,29.03,25.06,29509,2,0,1,29.84
30357,75.6,55.0,54.1,56.0,0,0,29.17,25.06,30009,2,0,1,29.84
30863,75.62,55.0,54.1,56.0,0,0,29.21,25.06,30509,2,0,1,29.84
31369,75.62,55.0,54.1,56.0,0,0,29.21,25.07,31009,2,0,1,29.84
31875,75.6,55.0,54.1,56.0,0,0,29.08,25.06,31509,2,0,1,29.84
32381,75.6,55.0,54.1,56.0,0,0,29.08,25.06,32009,2,0,1,29.84
32887,75.6,55.0,54.1,56.0,0,0,28.83,25.06,32509,2,0,1,29.84
33393,75.58,55.0,54.1,56.0,0,0,29.37,25.06,33009,2,0,1,29.86
33899,75.58,55.0,54.1,56.0,0,0,29.01,25.07,33509,2,0,1,29.83
34405,75.58,55.0,54.1,56.0,0,0,29.01,25.04,34009,2,0,1,29.83
34911,75.59,55.0,54.1,56.0,0,0,29.03,25.04,34509,2,0,1,29.86
35417,75.61,55.0,54.1,56.0,0,0,29.12,25.07,35009,2,0,1,29.83
35923,75.61,55.0,54.1,56.0,0,0,29.12,25.05,35509,2,0,1,29.83
36429,75.56,55.0,54.1,56.0,0,0,28.96,25.04,36009,2,0,1,29.83
36935,75.59,55.0,54.1,56.0,0,0,28.99,25.04,36509,2,0,1,29.86
37441,75.55,55.0,54.1,56.0,0,0,28.92,25.07,37009,2,0,1,29.83
37947,75.55,55.0,54.1,56.0,0,0,28.92,25.04,37509,2,0,1,29.83
38453,75.55,55.0,54.1,56.0,0,0,28.92,25.04,38009,2,0,1,29.83
38959,75.58,55.0,54.1,56.0,0,0,29.03,25.04,38512,2,0,1,29.81
39465,75.6,55.0,54.1,56.0,0,0,29.12,25.03,39013,2,0,1,29.86
39971,75.6,55.0,54.1,56.0,0,0,29.12,25.07,39514,2,0,1,29.86
40477,75.62,55.0,54.1,56.0,1,0,28.96,25.07,0,2,0,1,29.84
40985,75.62,55.0,54.1,56.0,1,0,28.96,25.07,500,2,0,1,29.84
41491,75.62,55.0,54.1,56.0,1,0,28.96,25.07,1000,2,0,1,29.84
41997,75.57,55.0,54.1,56.0,1,0,28.99,25.07,1500,2,0,1,29.84
42503,75.6,55.0,54.1,56.0,1,0,28.99,25.06,2000,2,0,1,29.84
43009,75.6,55.0,54.1,56.0,1,0,28.99,25.06,2500,2,0,1,29.84
43515,75.62,55.0,54.1,56.0,1,0,28.92,25.06,3000,2,0,1,29.84
44021,75.62,55.0,54.1,56.0,1,0,28.92,25.07,4004,2,0,1,29.84
44527,75.6,55.0,54.1,56.0,1,0,28.78,25.05,4504,2,0,1,29.83
45033,75.6,55.0,54.1,56.0,1,0,28.74,25.05,5004,2,0,1,29.83
45539,75.6,55.0,54.1,56.0,1,0,28.74,25.05,5504,2,0,1,29.83
46045,75.59,55.0,54.1,56.0,1,0,28.74,25.07,6004,2,0,1,29.86
46551,75.59,55.0,54.1,56.0,1,0,28.58,25.07,6507,2,0,1,29.86
47057,75.59,55.0,54.1,56.0,1,0,28.58,25.07,7007,2,0,1,29.86
47563,75.64,55.0,54.1,56.0,1,0,28.33,25.06,7507,2,0,1,29.83
48069,75.64,55.0,54.1,56.0,1,0,28.33,25.06,8007,2,0,1,29.83
48575,75.65,55.0,54.1,56.0,1,0,28.46,25.06,8507,2,0,1,29.83
49091,75.62,55.0,54.1,56.0,1,0,27.9,25.06,9007,2,0,1,29.83
49598,75.62,55.0,54.1,56.0,1,0,27.9,25.05,9507,2,0,1,29.83
50104,75.62,55.0,54.1,56.0,1,0,27.9,25.05,10007,2,0,1,29.83
50610,75.62,55.0,54.1,56.0,1,0,27.9,25.05,10507,2,0,1,29.83
51116,75.62,55.0,54.1,56.0,1,0,27.9,25.05,11007,2,0,1,29.83
51622,75.65,55.0,54.1,56.0,1,0,27.61,25.06,11507,2,0,1,29.83
52128,75.64,55.0,54.1,56.0,1,0,27.61,25.06,12007,2,0,1,29.83
52634,75.64,55.0,54.1,56.0,1,0,27.61,25.06,12508,2,0,1,29.83
53140,75.64,55.0,54.1,56.0,1,0,27.61,25.06,13008,2,0,1,29.83
53646,75.64,55.0,54.1,56.0,1,0,27.36,25.06,13508,2,0,1,29.83
54152,75.64,55.0,54.1,56.0,1,0,27.36,25.06,14008,2,0,1,29.83
54658,75.63,55.0,54.1,56.0,1,0,27.14,25.04,14508,2,0,1,29.81
55164,75.66,55.0,54.1,56.0,1,0,27.05,25.08,15008,2,0,1,29.84
55671,75.66,55.0,54.1,56.0,1,0,27.05,25.08,15508,2,0,1,29.84
56178,75.61,55.0,54.1,56.0,1,0,26.96,25.05,16008,2,0,1,29.83
56684,75.61,55.0,54.1,56.0,1,0,26.96,25.05,16508,2,0,1,29.83
57190,75.67,55.0,54.1,56.0,1,0,26.58,25.08,17008,2,0,1,29.84
57696,75.67,55.0,54.1,56.0,1,0,26.58,25.08,17508,2,0,1,29.84
58202,75.66,55.0,54.1,56.0,1,0,26.45,25.06,18008,2,0,1,29.83
58708,75.66,55.0,54.1,56.0,1,0,26.45,25.06,18511,2,0,1,29.83
59214,75.66,55.0,54.1,56.0,1,0,26.45,25.06,19011,2,0,1,29.83
59720,75.62,55.0,54.1,56.0,1,0,26.18,25.05,19511,2,0,1,29.83
60226,75.67,55.0,54.1,56.0,1,0,26.12,25.05,20011,2,0,1,29.83
60732,75.67,55.0,54.1,56.0,1,0,25.94,25.06,20511,2,0,1,29.83
61238,75.67,55.0,54.1,56.0,1,0,25.94,25.06,21011,2,0,1,29.83
61744,75.69,55.0,54.1,56.0,1,0,25.7,25.07,21511,2,0,1,29.83
62250,75.65,55.0,54.1,56.0,1,0,25.63,25.07,22011,2,0,1,29.83
62756,75.65,55.0,54.1,56.0,1,0,25.63,25.06,22511,2,0,1,29.83
63262,75.64,55.0,54.1,56.0,1,0,25.21,25.07,23011,2,0,1,29.84
63768,75.68,55.0,54.1,56.0,1,0,25.25,25.07,23511,2,0,1,29.84
64274,75.68,55.0,54.1,56.0,1,0,25.25,25.08,24011,2,0,1,29.84
64780,75.68,55.0,54.1,56.0,1,0,25.25,25.08,24511,2,0,1,29.84
65286,75.67,55.0,54.1,56.0,1,0,24.95,25.08,25011,2,0,1,29.81
65792,75.64,55.0,54.1,56.0,1,0,24.84,25.05,25511,2,0,1,29.81
66298,75.64,55.0,54.1,56.0,1,0,24.84,25.04,26011,2,0,1,29.81
66804,75.68,55.0,54.1,56.0,1,0,24.18,25.07,26511,2,0,1,29.83
67324,75.68,55.0,54.1,56.0,1,0,24.66,25.07,27011,2,0,1,29.83
67831,75.68,55.0,54.1,56.0,1,0,24.66,25.07,27511,2,0,1,29.83
68337,75.66,55.0,54.1,56.0,1,0,24.4,25.06,28012,2,0,1,29.83
68843,75.65,55.0,54.1,56.0,1,0,23.98,25.06,28512,2,0,1,29.84
69349,75.65,55.0,54.1,56.0,1,0,23.98,25.07,29012,2,0,1,29.84
69855,75.69,55.0,54.1,56.0,1,0,24.16,25.07,29512,2,0,1,29.81
70361,75.69,55.0,54.1,56.0,1,0,24.16,25.05,30012,2,0,1,29.81
70867,75.69,55.0,54.1,56.0,1,0,23.76,25.09,30512,2,0,1,29.86
71373,75.71,55.0,54.1,56.0,1,0,23.31,25.09,31012,2,0,1,29.83
71879,75.69,55.0,54.1,56.0,1,0,23.48,25.07,31512,2,1,1,29.83
72385,75.68,55.0,54.1,56.0,1,0,23.76,25.07,32012,2,1,1,29.81
72891,75.68,55.0,54.1,56.0,1,0,23.76,25.05,32512,2,0,1,29.81
73397,75.7,55.0,54.1,56.0,1,0,23.37,25.05,33012,2,0,1,29.81
73903,75.7,55.0,54.1,56.0,1,0,23.37,25.06,33512,2,1,1,29.81
74409,75.72,55.0,54.1,56.0,1,0,23.39,25.06,34012,2,1,1,29.84
74915,75.72,55.0,54.1,56.0,1,0,23.39,25.09,34512,2,1,1,29.84
75421,75.75,55.0,54.1,56.0,1,0,23.15,25.07,35012,2,1,1,29.81
75927,75.78,55.0,54.1,56.0,1,0,23.09,25.07,35512,2,1,1,29.81
76433,75.78,55.0,54.1,56.0,1,0,23.09,25.07,36012,2,1,1,29.81
76939,75.85,55.0,54.1,56.0,1,0,22.74,25.07,36512,2,1,1,29.84
77445,75.85,55.0,54.1,56.0,1,0,22.74,25.12,37012,2,1,1,29.84
77951,75.86,55.0,54.1,56.0,1,0,22.61,25.12,37512,2,1,1,29.81
78457,75.86,55.0,54.1,56.0,1,0,22.61,25.09,38012,2,1,1,29.81
78963,75.86,55.0,54.1,56.0,1,0,22.61,25.09,38512,2,1,1,29.81
79469,75.92,55.0,54.1,56.0,1,0,22.76,25.09,39012,2,1,1,29.81
79975,75.92,55.0,54.1,56.0,1,0,22.76,25.1,39512,2,1,1,29.81
80481,75.92,55.0,54.1,56.0,1,0,22.76,25.1,40012,2,1,1,29.81
80987,75.92,55.0,54.1,56.0,1,0,22.76,25.1,40512,2,1,1,29.81
81493,76.03,55.0,54.1,56.0,1,0,22.03,25.1,41012,2,1,1,29.81
81999,76.11,55.0,54.1,56.0,1,0,21.9,25.13,41512,2,1,1,29.81
82505,76.13,55.0,54.1,56.0,1,0,21.9,25.15,42012,2,1,1,29.83
83014,76.13,55.0,54.1,56.0,1,0,21.9,25.17,42513,2,1,1,29.83
83520,76.13,55.0,54.1,56.0,1,0,21.66,25.17,43013,2,1,1,29.8
84026,76.2,55.0,54.1,56.0,1,0,21.7,25.14,43513,2,1,1,29.81
84532,76.2,55.0,54.1,56.0,1,0,21.7,25.17,44515,2,1,1,29.81
85038,76.2,55.0,54.1,56.0,1,0,21.7,25.17,45015,2,1,1,29.81
85544,76.2,55.0,54.1,56.0,1,0,21.7,25.17,45515,2,1,1,29.81
86050,76.2,55.0,54.1,56.0,1,0,21.7,25.17,46015,2,1,1,29.81
86556,76.23,55.0,54.1,56.0,1,1,21.01,25.17,46525,2,1,1,29.81
87062,76.23,55.0,54.1,56.0,1,1,21.01,25.17,47025,2,1,1,29.81
87568,76.21,55.0,54.1,56.0,1,1,21.1,25.18,47525,2,1,1,29.83
88074,76.21,55.0,54.1,56.0,1,1,21.1,25.18,48025,2,1,1,29.83
88580,76.21,55.0,54.1,56.0,1,1,21.1,25.18,48525,2,1,1,29.83
89086,76.21,55.0,54.1,56.0,1,1,21.1,25.18,49025,2,1,1,29.83
89592,76.19,55.0,54.1,56.0,1,1,21.2,25.14,49525,2,1,1,29.79
90098,76.18,55.0,54.1,56.0,1,1,21.03,25.15,50025,2,1,1,29.8
90604,75.98,55.0,54.1,56.0,1,1,21.42,25.15,50525,2,1,1,29.8
91110,75.98,55.0,54.1,56.0,1,1,21.42,25.11,51025,2,1,1,29.8
91616,75.98,55.0,54.1,56.0,1,1,21.42,25.11,51525,2,1,1,29.8
92122,75.69,55.0,54.1,56.0,1,1,21.51,25.03,52025,2,1,1,29.79
92629,75.69,55.0,54.1,56.0,1,1,21.51,25.03,52525,2,1,1,29.79
93136,75.31,55.0,54.1,56.0,1,1,21.59,24.94,53025,2,1,1,29.79
93642,74.94,55.0,54.1,56.0,1,1,21.59,24.83,53525,2,1,1,29.76
94148,74.94,55.0,54.1,56.0,1,1,21.59,24.83,54025,2,1,1,29.76
94654,74.94,55.0,54.1,56.0,1,1,21.59,24.83,54525,2,1,1,29.76
95160,74.12,55.0,54.1,56.0,1,1,21.48,24.62,55025,2,1,1,29.73
95666,74.12,55.0,54.1,56.0,1,1,21.48,24.62,55525,2,1,1,29.73
96172,73.44,55.0,54.1,56.0,1,1,21.27,24.62,56025,2,1,1,29.72
96678,73.44,55.0,54.1,56.0,1,1,21.27,24.46,56525,2,1,1,29.72
97184,73.08,55.0,54.1,56.0,1,1,21.33,24.36,57025,2,1,1,29.7
97690,72.68,55.0,54.1,56.0,1,1,21.31,24.25,57525,2,1,1,29.69
98196,72.68,55.0,54.1,56.0,1,1,21.31,24.25,58025,2,1,1,29.69
98702,72.24,55.0,54.1,56.0,1,1,21.18,24.14,58525,2,1,1,29.68
99208,71.91,55.0,54.1,56.0,1,1,21.2,24.07,59025,2,1,1,29.69
99714,71.52,55.0,54.1,56.0,1,1,21.1,23.97,59525,2,1,1,29.68
100220,71.52,55.0,54.1,56.0,1,1,21.1,23.97,60025,2,1,1,29.68
100726,71.04,55.0,54.1,56.0,1,1,21.07,23.83,60526,2,1,1,29.65
101233,70.48,55.0,54.1,56.0,1,1,21.07,23.83,61026,2,1,1,29.63
101740,70.48,55.0,54.1,56.0,1,1,21.07,23.69,61526,2,1,1,29.63
102246,70.1,55.0,54.1,56.0,1,1,20.97,23.6,62026,2,1,1,29.63
102752,70.1,55.0,54.1,56.0,1,1,20.97,23.6,62526,2,1,1,29.63
103258,69.57,55.0,54.1,56.0,1,1,21.46,23.47,63026,2,1,1,29.63
103764,69.21,55.0,54.1,56.0,1,1,20.9,23.39,63526,2,1,1,29.63
104270,69.21,55.0,54.1,56.0,1,1,20.9,23.39,64026,2,1,1,29.63
104776,68.55,55.0,54.1,56.0,1,1,20.84,23.39,64526,2,1,1,29.56
105282,68.55,55.0,54.1,56.0,1,1,20.84,23.16,65026,2,1,1,29.56
105788,68.15,55.0,54.1,56.0,1,1,20.9,23.06,65526,2,1,1,29.56
106294,68.15,55.0,54.1,56.0,1,1,20.9,23.06,66026,2,1,1,29.56
106800,68.15,55.0,54.1,56.0,1,1,20.9,23.06,66526,2,1,1,29.56
107306,67.44,55.0,54.1,56.0,1,1,20.58,22.88,67026,2,1,1,29.55
107812,67.19,55.0,54.1,56.0,1,1,20.66,22.8,67533,2,1,1,29.53
108318,67.19,55.0,54.1,56.0,1,1,20.66,22.8,68033,2,1,1,29.53
108824,66.62,55.0,54.1,56.0,1,1,20.77,22.8,68533,2,1,1,29.52
109330,66.62,55.0,54.1,56.0,1,0,20.77,22.65,69033,2,1,1,29.52
109836,66.26,55.0,54.1,56.0,1,0,20.47,22.55,69533,2,1,1,29.51
110342,65.83,55.0,54.1,56.0,1,0,20.56,22.55,70033,2,1,1,29.52
110848,65.83,55.0,54.1,56.0,1,0,20.56,22.45,70533,2,1,1,29.52
111354,65.51,55.0,54.1,56.0,1,0,20.34,22.45,71033,2,1,1,29.48
111860,65.51,55.0,54.1,56.0,1,0,20.34,22.33,71533,2,1,1,29.48
112367,65.51,55.0,54.1,56.0,1,0,20.34,22.33,72033,2,1,1,29.48
112874,64.96,55.0,54.1,56.0,1,0,19.89,22.33,72533,2,1,1,29.49
113380,64.96,55.0,54.1,56.0,1,0,19.89,22.21,73033,2,1,1,29.49
113886,64.85,55.0,54.1,56.0,1,0,19.63,22.18,73541,2,1,1,29.49
114392,64.85,55.0,54.1,56.0,1,0,19.63,22.18,74041,2,1,1,29.49
114898,64.79,55.0,54.1,56.0,1,0,19.44,22.18,74541,2,1,1,29.51
115404,64.79,55.0,54.1,56.0,1,0,19.44,22.18,75041,2,1,1,29.51
115910,64.75,55.0,54.1,56.0,1,0,19.2,22.16,75541,2,1,1,29.49
116416,64.75,55.0,54.1,56.0,1,0,19.2,22.16,76041,2,1,1,29.49
116922,64.66,55.0,54.1,56.0,1,0,19.11,22.16,76541,2,1,1,29.51
117428,64.66,55.0,54.1,56.0,1,0,19.11,22.14,77041,2,1,1,29.51
117934,64.66,55.0,54.1,56.0,1,0,19.11,22.14,77541,2,1,1,29.51
118440,64.57,55.0,54.1,56.0,1,0,18.9,22.14,78041,2,1,1,29.47
118946,64.57,55.0,54.1,56.0,1,0,18.9,22.08,78541,2,1,1,29.47
119452,64.48,55.0,54.1,56.0,1,0,18.68,22.08,79041,2,1,1,29.47
119958,64.48,55.0,54.1,56.0,1,0,18.68,22.06,79542,2,1,1,29.47
120464,64.46,55.0,54.1,56.0,1,0,18.64,22.08,80043,2,1,1,29.49
120970,64.46,55.0,54.1,56.0,1,0,18.64,22.08,80543,2,1,1,29.49
121476,64.35,55.0,54.1,56.0,1,0,18.42,22.08,81043,2,1,1,29.48
121982,64.35,55.0,54.1,56.0,1,0,18.51,22.04,81543,2,1,1,29.48
122488,64.35,55.0,54.1,56.0,1,0,18.51,22.04,82043,2,1,1,29.48
122994,64.35,55.0,54.1,56.0,1,0,18.36,22.05,82543,2,1,1,29.49
123509,64.26,55.0,54.1,56.0,1,0,18.23,22.05,83043,2,1,1,29.49
124016,64.26,55.0,54.1,56.0,1,0,18.23,22.03,83543,2,1,1,29.49
124522,64.31,55.0,54.1,56.0,1,0,18.19,22.03,84043,2,1,1,29.49
125028,64.31,55.0,54.1,56.0,1,0,18.19,22.04,84543,2,1,1,29.49
125534,64.31,55.0,54.1,56.0,1,0,18.19,22.04,85043,2,1,1,29.49
126040,64.31,55.0,54.1,56.0,1,0,18.19,22.04,85543,2,1,1,29.49
126546,64.31,55.0,54.1,56.0,1,0,18.19,22.04,86043,2,1,1,29.49
127052,64.22,55.0,54.1,56.0,1,0,17.45,22.04,86543,2,1,1,29.51
127558,64.25,55.0,54.1,56.0,1,1,17.8,22.03,87043,2,1,1,29.49
128064,64.25,55.0,54.1,56.0,1,1,17.8,22.03,88047,2,1,1,29.49
128570,64.25,55.0,54.1,56.0,1,1,17.8,22.03,88547,2,1,1,29.49
129076,64.25,55.0,54.1,56.0,1,1,17.8,22.03,89047,2,1,1,29.49
129582,64.22,55.0,54.1,56.0,1,1,17.73,22.03,89547,2,1,1,29.51
130088,64.24,55.0,54.1,56.0,1,1,17.93,22.04,90047,2,1,1,29.51
130594,64.26,55.0,54.1,56.0,1,1,17.97,22.03,90547,2,1,1,29.49
131100,64.26,55.0,54.1,56.0,1,1,18.21,22.03,91047,2,1,1,29.49
131607,63.97,55.0,54.1,56.0,1,1,18.34,22.03,91547,2,1,1,29.49
132114,63.97,55.0,54.1,56.0,1,1,18.34,21.96,92047,2,1,1,29.49
132620,63.97,55.0,54.1,56.0,1,1,18.34,21.96,92547,2,1,1,29.49
133126,63.46,55.0,54.1,56.0,1,1,18.47,21.8,93047,2,1,1,29.47
133632,63.07,55.0,54.1,56.0,1,1,18.51,21.7,93547,2,1,1,29.47
134138,63.07,55.0,54.1,56.0,1,1,18.51,21.7,94047,2,1,1,29.47
134644,62.54,55.0,54.1,56.0,1,1,18.47,21.53,94547,2,1,1,29.44
135150,62.54,55.0,54.1,56.0,1,1,18.47,21.53,95047,2,1,1,29.44
135657,61.96,55.0,54.1,56.0,1,1,17.99,21.37,95547,2,1,1,29.42
136163,61.59,55.0,54.1,56.0,1,1,18.44,21.37,96047,2,1,1,29.42
136669,61.59,55.0,54.1,56.0,1,1,18.44,21.27,96547,2,1,1,29.42
137175,61.59,55.0,54.1,56.0,1,1,18.44,21.27,97047,2,1,1,29.42
137681,60.95,55.0,54.1,56.0,1,1,18.44,21.06,97547,2,1,1,29.38
138187,60.95,55.0,54.1,56.0,1,1,18.44,21.06,98047,2,1,1,29.38
138693,60.25,55.0,54.1,56.0,1,1,18.23,21.06,98547,2,1,1,29.38
139199,60.25,55.0,54.1,56.0,1,1,18.23,20.87,99047,2,1,1,29.38
139705,60.25,55.0,54.1,56.0,1,1,18.23,20.87,99547,2,1,1,29.38
140211,60.25,55.0,54.1,56.0,1,1,18.23,20.87,100047,2,1,1,29.38
140717,59.47,55.0,54.1,56.0,1,1,18.38,20.64,100547,2,1,1,29.36
141223,59.19,55.0,54.1,56.0,1,1,18.36,20.54,101047,2,1,1,29.34
141729,59.19,55.0,54.1,56.0,1,1,18.36,20.54,101547,2,1,1,29.34
142236,58.66,55.0,54.1,56.0,1,1,18.49,20.54,102047,2,1,1,29.34
142743,58.66,55.0,54.1,56.0,1,0,18.49,20.39,102547,2,1,1,29.34
143249,58.36,55.0,54.1,56.0,1,0,18.32,20.28,103047,2,1,1,29.31
143755,58.18,55.0,54.1,56.0,1,0,18.23,20.23,103547,2,1,1,29.31
144261,57.99,55.0,54.1,56.0,1,0,18.1,20.23,104047,2,1,1,29.29
144767,57.99,55.0,54.1,56.0,1,0,18.1,20.17,104547,2,1,1,29.29
145273,57.99,55.0,54.1,56.0,1,0,18.1,20.17,105047,2,1,1,29.29
145781,57.99,55.0,54.1,56.0,1,0,18.1,20.17,105547,2,1,1,29.29
146288,57.99,55.0,54.1,56.0,1,0,18.1,20.17,106047,2,1,1,29.29
146794,57.48,55.0,54.1,56.0,1,0,17.35,20.03,106547,2,1,1,29.29
147300,57.38,55.0,54.1,56.0,1,0,17.37,20.02,107047,2,1,1,29.32
147806,57.23,55.0,54.1,56.0,1,0,17.26,19.96,107553,2,1,1,29.29
148312,57.16,55.0,54.1,56.0,1,0,17.22,19.96,108053,2,1,1,29.29
148818,57.16,55.0,54.1,56.0,1,0,17.22,19.93,108553,2,1,1,29.29
149324,57.08,55.0,54.1,56.0,1,0,16.98,19.93,109053,2,1,1,29.29
149834,57.08,55.0,54.1,56.0,1,0,16.98,19.91,109553,2,1,1,29.29
150340,57.08,55.0,54.1,56.0,1,0,16.98,19.91,110053,2,1,1,29.29
150846,56.93,55.0,54.1,56.0,1,0,16.83,19.88,110553,2,1,1,29.31
151352,56.93,55.0,54.1,56.0,1,0,16.83,19.88,111053,2,1,1,29.31
151858,56.86,55.0,54.1,56.0,1,0,16.7,19.88,111553,2,1,1,29.29
152364,56.82,55.0,54.1,56.0,1,0,16.61,19.85,112053,2,1,1,29.28
152870,56.82,55.0,54.1,56.0,1,0,16.61,19.83,112553,2,1,1,29.28
153376,56.84,55.0,54.1,56.0,1,0,16.38,19.85,113053,2,1,1,29.29
153882,56.86,55.0,54.1,56.0,1,0,16.51,19.85,113553,2,1,1,29.28
154388,56.86,55.0,54.1,56.0,1,0,16.51,19.84,114053,2,1,1,29.28
154894,56.87,55.0,54.1,56.0,1,0,16.42,19.85,114553,2,1,1,29.29
155400,56.84,55.0,54.1,56.0,1,0,16.27,19.85,115053,2,1,1,29.29
155906,56.95,55.0,54.1,56.0,1,0,15.92,19.85,115553,2,1,1,29.31
156412,56.95,55.0,54.1,56.0,1,0,15.92,19.89,116054,2,1,1,29.31
156918,56.95,55.0,54.1,56.0,1,0,15.92,19.89,116554,2,1,1,29.31
157424,56.96,55.0,54.1,56.0,1,0,16.12,19.89,117054,2,1,1,29.29
157930,56.96,55.0,54.1,56.0,1,0,16.12,19.88,117554,2,1,1,29.29
158436,57.03,55.0,54.1,56.0,1,0,16.63,19.88,118054,2,1,1,29.31
158942,57.03,55.0,54.1,56.0,1,0,16.63,19.91,118554,2,1,1,29.31
159448,57.02,55.0,54.1,56.0,1,0,15.92,19.91,119054,2,1,1,29.32
159954,57.07,55.0,54.1,56.0,1,0,16.01,19.92,119554,2,1,1,29.31
160460,57.09,55.0,54.1,56.0,1,0,15.38,19.92,120054,2,1,1,29.29
160966,57.09,55.0,54.1,56.0,1,1,15.38,19.92,120554,2,1,1,29.29
161472,57.09,55.0,54.1,56.0,1,1,15.58,19.92,121054,2,1,1,29.32
161978,57.1,55.0,54.1,56.0,1,1,15.66,19.94,121554,2,1,1,29.32
162491,57.15,55.0,54.1,56.0,1,1,15.84,19.94,122054,2,1,1,29.32
162998,57.15,55.0,54.1,56.0,1,1,15.84,19.96,122554,2,1,1,29.32
163504,57.15,55.0,54.1,56.0,1,1,15.84,19.96,123054,2,1,1,29.32
164010,57.15,55.0,54.1,56.0,1,1,15.84,19.96,123554,2,1,1,29.32
164516,57.15,55.0,54.1,56.0,1,1,15.84,19.96,124054,2,1,1,29.32
165022,56.97,55.0,54.1,56.0,1,1,16.38,19.88,124554,2,1,1,29.29
165528,56.67,55.0,54.1,56.0,1,1,16.68,19.88,125054,2,1,1,29.31
166034,56.67,55.0,54.1,56.0,1,1,16.68,19.81,125554,2,1,1,29.31
166540,56.67,55.0,54.1,56.0,1,1,16.68,19.81,126054,2,1,1,29.31
167046,56.01,55.0,54.1,56.0,1,1,16.79,19.81,126554,2,1,1,29.29
167552,55.73,55.0,54.1,56.0,1,1,16.72,19.61,127054,2,1,1,29.28
168058,55.73,55.0,54.1,56.0,0,0,16.72,19.51,0,2,1,0,29.28
168564,55.73,55.0,54.1,56.0,0,0,16.72,19.51,500,2,1,0,29.28
169070,55.17,55.0,54.1,56.0,0,0,17.2,19.51,1003,2,1,0,29.22
169576,55.17,55.0,54.1,56.0,0,0,17.2,19.3,1509,2,1,0,29.22
170082,54.8,55.0,54.1,56.0,0,0,16.29,19.19,2511,2,1,0,29.22
170588,54.5,55.0,54.1,56.0,0,0,16.16,19.1,3011,2,1,0,29.22
171094,54.5,55.0,54.1,56.0,0,0,16.16,19.1,3511,2,1,0,29.22
171600,54.33,55.0,54.1,56.0,0,0,16.16,19.05,4011,2,1,0,29.22
172106,54.23,55.0,54.1,56.0,0,0,16.07,19.02,4511,2,1,0,29.22
172612,54.1,55.0,54.1,56.0,0,0,15.9,18.96,5011,2,1,0,29.2
173118,54.1,55.0,54.1,56.0,0,0,15.9,18.96,5511,2,1,0,29.2
173624,53.99,55.0,54.1,56.0,0,0,15.97,18.94,6011,2,1,0,29.21
174131,53.99,55.0,54.1,56.0,0,0,15.88,18.94,6511,2,1,0,29.21
174638,53.99,55.0,54.1,56.0,0,0,15.88,18.94,7011,2,1,0,29.21
175144,53.99,55.0,54.1,56.0,0,0,15.88,18.94,7511,2,1,0,29.21
175650,53.99,55.0,54.1,56.0,0,0,15.88,18.94,8011,2,1,0,29.21
176156,53.99,55.0,54.1,56.0,0,0,15.88,18.94,8511,2,1,0,29.21
176662,53.99,55.0,54.1,56.0,0,0,15.88,18.94,9011,2,1,0,29.21
177168,53.99,55.0,54.1,56.0,0,0,15.88,18.94,9511,2,1,0,29.21
177674,53.86,55.0,54.1,56.0,0,0,15.92,18.9,10011,2,1,0,29.21
178180,53.86,55.0,54.1,56.0,0,0,15.92,18.9,10511,2,1,0,29.21
178686,53.91,55.0,54.1,56.0,0,0,15.99,18.94,11011,2,1,0,29.24
179192,53.91,55.0,54.1,56.0,0,0,15.99,18.94,11511,2,1,0,29.24
179698,53.91,55.0,54.1,56.0,0,0,15.99,18.94,12011,2,1,0,29.24
180204,53.91,55.0,54.1,56.0,0,0,16.25,18.92,12511,2,1,0,29.21
180710,53.91,55.0,54.1,56.0,0,0,16.27,18.92,13011,2,1,0,29.21
181216,53.91,55.0,54.1,56.0,0,0,16.27,18.92,13511,2,1,0,29.21
181722,53.91,55.0,54.1,56.0,0,0,16.27,18.92,14011,2,1,0,29.21
182228,53.91,55.0,54.1,56.0,0,0,16.27,18.92,14511,2,1,0,29.21
182734,53.91,55.0,54.1,56.0,0,0,16.55,18.92,15011,2,1,0,29.21
183240,53.91,55.0,54.1,56.0,0,0,16.55,18.92,15511,2,1,0,29.21
183746,53.95,55.0,54.1,56.0,0,0,16.89,18.94,16011,2,1,0,29.22
184252,53.95,55.0,54.1,56.0,0,0,16.89,18.94,16511,2,1,0,29.22
184758,54.04,55.0,54.1,56.0,0,0,16.66,18.97,17011,2,1,0,29.22
185264,54.04,55.0,54.1,56.0,0,0,16.66,18.97,17511,2,1,0,29.22
185770,54.07,55.0,54.1,56.0,0,0,16.66,18.98,18011,2,1,0,29.22
186276,54.13,55.0,54.1,56.0,0,0,16.72,19.02,18511,2,1,0,29.25
186782,54.13,55.0,54.1,56.0,0,0,16.72,19.02,19011,2,1,0,29.25
187288,54.2,55.0,54.1,56.0,0,0,16.98,19.02,19511,2,1,0,29.22
187794,54.26,55.0,54.1,56.0,0,0,16.94,19.02,20011,2,1,0,29.22
188300,54.26,55.0,54.1,56.0,0,0,16.94,19.03,20511,2,1,0,29.22
188806,54.32,55.0,54.1,56.0,0,0,17.3,19.06,21011,2,1,0,29.24
189312,54.35,55.0,54.1,56.0,0,0,17.32,19.07,21511,2,1,0,29.24
189818,54.35,55.0,54.1,56.0,0,0,17.32,19.07,22013,2,1,0,29.24
190324,54.35,55.0,54.1,56.0,0,0,17.32,19.07,22513,2,1,0,29.24
190830,54.39,55.0,54.1,56.0,0,0,17.24,19.07,23013,2,1,0,29.22
191336,54.39,55.0,54.1,56.0,0,0,17.24,19.07,23513,2,1,0,29.22
191842,54.43,55.0,54.1,56.0,0,0,17.48,19.11,24013,2,1,0,29.25
192348,54.46,55.0,54.1,56.0,0,0,17.58,19.11,24513,2,1,0,29.24
192854,54.46,55.0,54.1,56.0,0,0,17.58,19.11,25013,2,1,0,29.24
193360,54.46,55.0,54.1,56.0,0,0,17.54,19.11,25513,2,1,0,29.24
193866,54.48,55.0,54.1,56.0,0,0,17.67,19.11,26013,2,1,0,29.22
194372,54.48,55.0,54.1,56.0,0,0,17.67,19.1,26513,2,0,0,29.22
194878,54.48,55.0,54.1,56.0,0,0,17.67,19.1,27013,2,0,0,29.22
195384,54.54,55.0,54.1,56.0,0,0,18.44,19.13,27513,2,0,0,29.24
195892,54.54,55.0,54.1,56.0,0,0,18.44,19.13,28013,2,0,0,29.24
196398,54.56,55.0,54.1,56.0,0,0,18.08,19.13,28514,2,0,0,29.26
196904,54.56,55.0,54.1,56.0,0,0,18.08,19.16,29015,2,0,0,29.26
197410,54.56,55.0,54.1,56.0,0,0,18.08,19.16,29515,2,0,0,29.26
197916,54.5,55.0,54.1,56.0,0,0,17.86,19.16,30015,2,0,0,29.24
198422,54.5,55.0,54.1,56.0,0,0,18.16,19.12,30515,2,0,0,29.24
198928,54.5,55.0,54.1,56.0,0,0,18.16,19.12,31015,2,0,0,29.24
199434,54.49,55.0,54.1,56.0,0,0,18.16,19.14,31515,2,0,0,29.26
199940,54.49,55.0,54.1,56.0,0,0,18.16,19.14,32015,2,0,0,29.26
200446,54.43,55.0,54.1,56.0,0,0,18.4,19.11,32515,2,0,0,29.25
200952,54.47,55.0,54.1,56.0,0,0,18.36,19.11,33015,2,0,0,29.25
201458,54.47,55.0,54.1,56.0,0,0,18.53,19.12,33515,2,0,0,29.26
201964,54.47,55.0,54.1,56.0,0,0,18.55,19.13,34015,2,0,0,29.26
202470,54.48,55.0,54.1,56.0,0,0,18.75,19.13,34515,2,0,0,29.25
202976,54.48,55.0,54.1,56.0,0,0,18.75,19.12,35015,2,0,0,29.25
203482,54.46,55.0,54.1,56.0,0,0,18.68,19.13,35515,2,0,0,29.26
203988,54.49,55.0,54.1,56.0,0,0,19.18,19.13,36015,2,0,0,29.26
204494,54.49,55.0,54.1,56.0,0,0,19.18,19.14,36515,2,0,0,29.26
205000,54.49,55.0,54.1,56.0,0,0,18.92,19.14,37015,2,0,0,29.26
205506,54.49,55.0,54.1,56.0,0,0,18.92,19.14,37515,2,0,0,29.26
206012,54.51,55.0,54.1,56.0,0,0,19.03,19.14,38015,2,0,0,29.28
206518,54.5,55.0,54.1,56.0,0,0,18.92,19.16,38515,2,0,0,29.26
207024,54.55,55.0,54.1,56.0,0,0,19.09,19.14,39015,2,0,0,29.28
207530,54.54,55.0,54.1,56.0,0,0,19.26,19.17,39515,2,0,0,29.26
208036,54.58,55.0,54.1,56.0,1,0,19.22,19.15,0,2,0,0,29.26
208542,54.58,55.0,54.1,56.0,1,0,19.22,19.17,500,2,0,0,29.26
209048,54.58,55.0,54.1,56.0,1,0,19.22,19.17,1000,2,0,0,29.26
209554,54.59,55.0,54.1,56.0,1,0,18.9,19.17,1500,2,0,0,29.26
210060,54.59,55.0,54.1,56.0,1,0,18.9,19.17,2000,2,0,0,29.26
210566,54.6,55.0,54.1,56.0,1,0,19.35,19.17,2500,2,0,0,29.25
211072,54.6,55.0,54.1,56.0,1,0,19.35,19.16,3000,2,0,0,29.25
211578,54.6,55.0,54.1,56.0,1,0,19.35,19.16,3500,2,0,0,29.25
212084,54.66,55.0,54.1,56.0,1,0,19.31,19.16,4000,2,0,0,29.26
212590,54.66,55.0,54.1,56.0,1,0,19.31,19.19,5004,2,0,0,29.26
213096,54.67,55.0,54.1,56.0,1,0,19.59,19.21,5504,2,0,0,29.28
213602,54.67,55.0,54.1,56.0,1,0,19.59,19.21,6004,2,0,0,29.28
214108,54.7,55.0,54.1,56.0,1,0,19.22,19.19,6505,2,0,0,29.25
214614,54.71,55.0,54.1,56.0,1,0,19.35,19.22,7006,2,0,0,29.28
215120,54.71,55.0,54.1,56.0,1,0,19.35,19.22,7506,2,0,0,29.28
215626,54.71,55.0,54.1,56.0,1,0,19.35,19.22,8006,2,0,0,29.28
216132,54.8,55.0,54.1,56.0,1,0,19.07,19.22,8506,2,0,0,29.25
216639,54.8,55.0,54.1,56.0,1,0,19.07,19.22,9006,2,0,0,29.25
217146,54.83,55.0,54.1,56.0,1,0,19.05,19.24,9506,2,0,0,29.26
217652,54.84,55.0,54.1,56.0,1,0,18.9,19.24,10006,2,0,0,29.28
218158,54.84,55.0,54.1,56.0,1,0,18.9,19.26,10506,2,0,0,29.28
218664,54.9,55.0,54.1,56.0,1,0,18.32,19.26,11006,2,0,0,29.26
219170,54.9,55.0,54.1,56.0,1,0,18.32,19.26,11506,2,0,0,29.26
219676,54.89,55.0,54.1,56.0,1,0,18.81,19.28,12006,2,0,0,29.29
220182,54.96,55.0,54.1,56.0,1,0,18.66,19.29,12521,2,0,0,29.28
220705,54.95,55.0,54.1,56.0,1,0,18.34,19.29,13021,2,0,0,29.26
221212,54.95,55.0,54.1,56.0,1,0,18.34,19.27,13521,2,0,0,29.26
221718,54.98,55.0,54.1,56.0,1,0,18.6,19.27,14021,2,0,0,29.25
222224,54.98,55.0,54.1,56.0,1,0,18.6,19.27,14521,2,0,0,29.25
222730,55.02,55.0,54.1,56.0,1,0,18.38,19.27,15021,2,0,0,29.29
223236,55.02,55.0,54.1,56.0,1,0,18.38,19.32,15521,2,0,0,29.29
223742,55.02,55.0,54.1,56.0,1,0,18.38,19.32,16021,2,0,0,29.29
224248,55.02,55.0,54.1,56.0,1,0,18.38,19.32,16521,2,0,0,29.29
224754,55.02,55.0,54.1,56.0,1,0,18.38,19.32,17021,2,0,0,29.29
225260,55.02,55.0,54.1,56.0,1,0,18.38,19.32,17521,2,0,0,29.29
225766,55.18,55.0,54.1,56.0,1,0,18.01,19.35,18021,2,0,0,29.28
226272,55.18,55.0,54.1,56.0,1,0,17.99,19.34,18521,2,0,0,29.26
226778,55.18,55.0,54.1,56.0,1,0,17.99,19.34,19021,2,0,0,29.26
227284,55.23,55.0,54.1,56.0,1,0,17.93,19.37,19521,2,0,0,29.28
227791,55.25,55.0,54.1,56.0,1,0,17.91,19.37,20021,2,0,0,29.26
228298,55.25,55.0,54.1,56.0,1,0,17.91,19.36,20521,2,0,0,29.26
228804,55.25,55.0,54.1,56.0,1,0,17.91,19.36,21021,2,0,0,29.26
229310,55.25,55.0,54.1,56.0,1,0,17.91,19.36,21521,2,0,0,29.26
229816,55.38,55.0,54.1,56.0,1,0,17.6,19.36,22021,2,0,0,29.28
230322,55.38,55.0,54.1,56.0,1,0,17.6,19.41,22521,2,1,0,29.28
230828,55.38,55.0,54.1,56.0,1,0,17.6,19.41,23021,2,1,0,29.28
231334,55.43,55.0,54.1,56.0,1,0,17.41,19.44,23533,2,1,0,29.29
231840,55.43,55.0,54.1,56.0,1,0,17.41,19.44,24033,2,1,0,29.29
232346,55.42,55.0,54.1,56.0,1,0,17.26,19.44,24533,2,1,0,29.29
232852,55.42,55.0,54.1,56.0,1,0,17.26,19.44,25033,2,1,0,29.29
233358,55.42,55.0,54.1,56.0,1,0,17.26,19.44,25533,2,1,0,29.29
233864,55.49,55.0,54.1,56.0,1,0,17.13,19.44,26033,2,1,0,29.29
234370,55.49,55.0,54.1,56.0,1,0,16.96,19.46,26533,2,1,0,29.29
234877,55.51,55.0,54.1,56.0,1,0,16.98,19.46,27033,2,1,0,29.28
235384,55.51,55.0,54.1,56.0,1,0,16.98,19.45,27533,2,1,0,29.28
235890,55.51,55.0,54.1,56.0,1,0,16.98,19.45,28033,2,1,0,29.28
236396,55.51,55.0,54.1,56.0,1,0,16.81,19.45,28533,2,1,0,29.28
236902,55.5,55.0,54.1,56.0,1,0,16.79,19.46,29033,2,1,0,29.29
237408,55.5,55.0,54.1,56.0,1,0,16.79,19.46,29533,2,1,0,29.29
237914,55.5,55.0,54.1,56.0,1,0,16.79,19.46,30033,2,1,0,29.29
238420,55.5,55.0,54.1,56.0,1,0,16.79,19.46,30533,2,1,0,29.29
238926,55.5,55.0,54.1,56.0,1,0,16.2,19.43,31033,2,1,0,29.26
239432,55.5,55.0,54.1,56.0,1,0,16.55,19.46,31534,2,1,0,29.29
239938,55.49,55.0,54.1,56.0,1,0,16.42,19.46,32034,2,1,0,29.28
240444,55.49,55.0,54.1,56.0,1,0,16.42,19.45,32534,2,1,0,29.28
240950,55.49,55.0,54.1,56.0,1,0,16.42,19.45,33034,2,1,0,29.28
241456,55.48,55.0,54.1,56.0,1,0,16.25,19.44,33534,2,1,0,29.28
241962,55.46,55.0,54.1,56.0,1,0,16.2,19.41,34034,2,1,0,29.25
242468,55.44,55.0,54.1,56.0,1,0,16.01,19.41,34534,2,1,0,29.28
242974,55.44,55.0,54.1,56.0,1,0,15.88,19.43,35034,2,1,0,29.26
243480,55.44,55.0,54.1,56.0,1,0,15.88,19.42,35534,2,1,0,29.26
243986,55.41,55.0,54.1,56.0,1,0,15.94,19.42,36034,2,1,0,29.28
244492,55.41,55.0,54.1,56.0,1,0,15.94,19.42,36534,2,1,0,29.28
244998,55.41,55.0,54.1,56.0,1,0,15.94,19.42,37034,2,1,0,29.28
245504,55.36,55.0,54.1,56.0,1,0,15.81,19.39,37534,2,1,0,29.26
246010,55.34,55.0,54.1,56.0,1,0,15.92,19.39,38034,2,1,0,29.26
246518,55.34,55.0,54.1,56.0,1,0,15.92,19.39,38534,2,1,0,29.26
247024,55.29,55.0,54.1,56.0,1,0,15.68,19.39,39034,2,1,0,29.28
247530,55.29,55.0,54.1,56.0,1,0,15.68,19.39,39534,2,1,0,29.28
248036,55.31,55.0,54.1,56.0,0,0,15.53,19.37,0,2,1,0,29.25
248542,55.26,55.0,54.1,56.0,0,0,16.29,19.37,500,2,1,0,29.26
249048,55.26,55.0,54.1,56.0,0,0,15.66,19.36,1000,2,1,0,29.26
249554,55.26,55.0,54.1,56.0,0,0,15.66,19.36,1500,2,1,0,29.26
250060,55.26,55.0,54.1,56.0,0,0,15.66,19.36,2000,2,1,0,29.26
250566,55.26,55.0,54.1,56.0,0,0,15.66,19.36,2500,2,1,0,29.26
251072,55.26,55.0,54.1,56.0,0,0,15.66,19.36,3000,2,1,0,29.26
251578,55.16,55.0,54.1,56.0,0,0,15.29,19.36,3500,2,1,0,29.29
252084,55.16,55.0,54.1,56.0,0,0,15.29,19.36,4000,2,1,0,29.29
252590,55.09,55.0,54.1,56.0,0,0,15.21,19.31,4511,2,1,0,29.26
253096,55.09,55.0,54.1,56.0,0,0,15.21,19.31,5011,2,1,0,29.26
253602,55.06,55.0,54.1,56.0,0,0,15.34,19.31,5511,2,1,0,29.25
254108,55.06,55.0,54.1,56.0,0,0,15.34,19.29,6011,2,1,0,29.25
254614,55.0,55.0,54.1,56.0,0,0,15.32,19.29,6511,2,1,0,29.26
255120,55.0,55.0,54.1,56.0,0,0,15.32,19.29,7011,2,1,0,29.26
255626,54.95,55.0,54.1,56.0,0,0,15.36,19.29,7511,2,1,0,29.26
256132,54.95,55.0,54.1,56.0,0,0,15.36,19.27,8512,2,1,0,29.26
256638,54.95,55.0,54.1,56.0,0,0,15.36,19.27,9012,2,1,0,29.26
257145,54.8,55.0,54.1,56.0,0,0,15.42,19.2,9525,2,1,0,29.24
257652,54.8,55.0,54.1,56.0,0,0,15.42,19.2,10025,2,1,0,29.24
258158,54.81,55.0,54.1,56.0,0,0,15.64,19.22,10525,2,1,0,29.25
258664,54.78,55.0,54.1,56.0,0,0,15.6,19.24,11025,2,1,0,29.28
259170,54.76,55.0,54.1,56.0,0,0,15.66,19.23,11525,2,1,0,29.28
259676,54.76,55.0,54.1,56.0,0,0,15.66,19.23,12025,2,1,0,29.28
260182,54.76,55.0,54.1,56.0,0,0,15.66,19.23,12525,2,1,0,29.28
260701,54.64,55.0,54.1,56.0,0,0,15.81,19.23,13025,2,1,0,29.26
261208,54.64,55.0,54.1,56.0,0,0,15.81,19.18,13525,2,1,0,29.26
261714,54.64,55.0,54.1,56.0,0,0,15.81,19.18,14025,2,1,0,29.26
262220,54.64,55.0,54.1,56.0,0,0,15.81,19.18,14525,2,1,0,29.26
262726,54.64,55.0,54.1,56.0,0,0,15.81,19.18,15025,2,1,0,29.26
263232,54.58,55.0,54.1,56.0,0,0,15.84,19.15,15526,2,1,0,29.25
263738,54.58,55.0,54.1,56.0,0,0,15.84,19.15,16026,2,1,0,29.25
264244,54.47,55.0,54.1,56.0,0,0,16.2,19.13,16526,2,1,0,29.26
264750,54.47,55.0,54.1,56.0,0,0,16.2,19.13,17026,2,1,0,29.26
265256,54.47,55.0,54.1,56.0,0,0,16.48,19.15,17526,2,1,0,29.28
265762,54.44,55.0,54.1,56.0,0,0,16.31,19.11,18026,2,1,0,29.25
266268,54.44,55.0,54.1,56.0,0,0,16.31,19.11,18526,2,1,0,29.25
266790,54.37,55.0,54.1,56.0,0,0,16.53,19.11,19026,2,1,0,29.25
267297,54.37,55.0,54.1,56.0,0,0,16.53,19.09,19526,2,1,0,29.25
267803,54.37,55.0,54.1,56.0,0,0,16.53,19.09,20026,2,1,0,29.25
268309,54.37,55.0,54.1,56.0,0,0,16.53,19.09,20526,2,1,0,29.25
268815,54.29,55.0,54.1,56.0,0,0,16.66,19.05,21026,2,1,0,29.24
269321,54.29,55.0,54.1,56.0,0,0,16.66,19.05,21526,2,1,0,29.24
269827,54.26,55.0,54.1,56.0,0,0,16.74,19.06,22026,2,1,0,29.25
270333,54.26,55.0,54.1,56.0,0,0,16.74,19.06,22526,2,1,0,29.25
270839,54.26,55.0,54.1,56.0,0,0,16.74,19.06,23026,2,1,0,29.25
271345,54.22,55.0,54.1,56.0,0,0,16.89,19.06,23526,2,1,0,29.26
271851,54.16,55.0,54.1,56.0,0,0,17.39,19.03,24026,2,1,0,29.25
272357,54.16,55.0,54.1,56.0,0,0,17.39,19.03,24526,2,1,0,29.25
272863,54.17,55.0,54.1,56.0,0,0,17.02,19.04,25026,2,1,0,29.26
273371,54.17,55.0,54.1,56.0,0,0,17.02,19.04,25526,2,1,0,29.26
273877,54.17,55.0,54.1,56.0,0,0,17.28,19.04,26026,2,1,0,29.26
274383,54.17,55.0,54.1,56.0,0,0,17.28,19.04,26526,2,1,0,29.26
274889,54.13,55.0,54.1,56.0,0,0,17.41,19.01,27026,2,1,0,29.24
275395,54.14,55.0,54.1,56.0,0,0,17.48,19.01,27526,2,1,0,29.24
275901,54.13,55.0,54.1,56.0,0,0,17.41,19.01,28028,2,1,0,29.26
276407,54.13,55.0,54.1,56.0,0,0,17.41,19.03,28529,2,1,0,29.26
276913,54.13,55.0,54.1,56.0,0,0,17.65,19.03,29029,2,1,0,29.25
277436,54.09,55.0,54.1,56.0,0,0,17.32,19.02,29529,2,0,0,29.24
277943,54.09,55.0,54.1,56.0,0,0,17.32,19.0,30029,2,1,0,29.24
278449,54.16,55.0,54.1,56.0,0,0,17.63,19.06,30529,2,0,0,29.28
278955,54.09,55.0,54.1,56.0,0,0,17.67,19.06,31029,2,0,0,29.25
279461,54.09,55.0,54.1,56.0,0,0,17.67,19.01,31529,2,0,0,29.24
279967,54.09,55.0,54.1,56.0,0,0,17.67,19.0,32029,2,0,0,29.24
280473,54.09,55.0,54.1,56.0,0,0,17.67,19.0,32529,2,0,0,29.24
280979,54.13,55.0,54.1,56.0,0,0,17.71,19.03,33029,2,0,0,29.26
281485,54.13,55.0,54.1,56.0,0,0,17.71,19.03,33529,2,0,0,29.26
281991,54.08,55.0,54.1,56.0,0,0,17.76,19.03,34029,2,0,0,29.25
282497,54.08,55.0,54.1,56.0,0,0,17.76,19.01,34529,2,0,0,29.25
283003,54.13,55.0,54.1,56.0,0,0,18.14,19.01,35029,2,0,0,29.25
283509,54.15,55.0,54.1,56.0,0,0,18.27,19.02,35529,2,0,0,29.26
284015,54.15,55.0,54.1,56.0,0,0,18.27,19.04,36029,2,0,0,29.26
284521,54.15,55.0,54.1,56.0,0,0,18.27,19.04,36529,2,0,0,29.26
285027,54.18,55.0,54.1,56.0,0,0,18.36,19.04,37029,2,0,0,29.25
285534,54.17,55.0,54.1,56.0,0,0,18.34,19.03,37529,2,0,0,29.25
286041,54.17,55.0,54.1,56.0,0,0,18.34,19.03,38029,2,0,0,29.25
286547,54.17,55.0,54.1,56.0,0,0,18.44,19.03,38529,2,0,0,29.24
287053,54.19,55.0,54.1,56.0,0,0,18.47,19.02,39029,2,0,0,29.25
287559,54.19,55.0,54.1,56.0,0,0,18.47,19.04,39529,2,0,0,29.25
288065,54.22,55.0,54.1,56.0,1,0,18.62,19.06,0,2,0,0,29.26
288571,54.22,55.0,54.1,56.0,1,0,18.7,19.06,500,2,0,0,29.24
289077,54.22,55.0,54.1,56.0,1,0,18.7,19.03,1000,2,0,0,29.24
289591,54.24,55.0,54.1,56.0,1,0,18.64,19.03,1500,2,0,0,29.25
290098,54.24,55.0,54.1,56.0,1,0,18.64,19.05,2000,2,0,0,29.25
290604,54.24,55.0,54.1,56.0,1,0,18.64,19.05,2500,2,0,0,29.25
291110,54.35,55.0,54.1,56.0,1,0,18.88,19.05,3000,2,0,0,29.24
291616,54.35,55.0,54.1,56.0,1,0,18.88,19.07,3500,2,0,0,29.24
292122,54.29,55.0,54.1,56.0,1,0,18.94,19.07,4000,2,0,0,29.26
292628,54.29,55.0,54.1,56.0,1,0,18.94,19.08,4501,2,0,0,29.26
293134,54.34,55.0,54.1,56.0,1,0,18.75,19.08,5001,2,0,0,29.25
293640,54.34,55.0,54.1,56.0,1,0,18.75,19.08,5501,2,0,0,29.25
294146,54.34,55.0,54.1,56.0,1,0,18.75,19.08,6001,2,0,0,29.25
294652,54.34,55.0,54.1,56.0,1,0,18.75,19.08,7003,2,0,0,29.25
295158,54.43,55.0,54.1,56.0,1,0,18.64,19.11,7503,2,0,0,29.25
295664,54.43,55.0,54.1,56.0,1,0,18.64,19.11,8003,2,0,0,29.25
296170,54.48,55.0,54.1,56.0,1,0,18.57,19.14,8503,2,0,0,29.26
296676,54.48,55.0,54.1,56.0,1,0,18.57,19.14,9003,2,0,0,29.26
297182,54.49,55.0,54.1,56.0,1,0,18.49,19.14,9503,2,0,0,29.26
297688,54.49,55.0,54.1,56.0,1,0,18.49,19.14,10003,2,0,0,29.26
298194,54.56,55.0,54.1,56.0,1,0,18.53,19.16,10503,2,0,0,29.26
298700,54.56,55.0,54.1,56.0,1,0,18.53,19.16,11003,2,0,0,29.26
299206,54.56,55.0,54.1,56.0,1,0,18.32,19.16,11503,2,0,0,29.26
299727,54.58,55.0,54.1,56.0,1,0,18.19,19.16,12003,2,0,0,29.26
300234,54.58,55.0,54.1,56.0,1,0,18.19,19.17,12503,2,0,0,29.26
300740,54.64,55.0,54.1,56.0,1,0,18.14,19.17,13003,2,0,0,29.25
301246,54.64,55.0,54.1,56.0,1,0,18.14,19.17,13503,2,0,0,29.25
301752,54.64,55.0,54.1,56.0,1,0,18.1,19.18,14003,2,0,0,29.26
302258,54.64,55.0,54.1,56.0,1,0,18.1,19.18,14503,2,0,0,29.26
302764,54.73,55.0,54.1,56.0,1,0,18.12,19.2,15003,2,0,0,29.25
303270,54.69,55.0,54.1,56.0,1,0,17.82,19.19,15503,2,0,0,29.25
303776,54.69,55.0,54.1,56.0,1,0,17.82,19.19,16003,2,0,0,29.25
304282,54.79,55.0,54.1,56.0,1,0,17.88,19.2,16503,2,0,0,29.24
304788,54.82,55.0,54.1,56.0,1,0,17.76,19.25,17003,2,0,0,29.28
305294,54.83,55.0,54.1,56.0,1,0,17.58,19.25,17503,2,0,0,29.26
305800,54.83,55.0,54.1,56.0,1,0,17.58,19.24,18003,2,1,0,29.26
306306,54.88,55.0,54.1,56.0,1,0,17.3,19.25,18503,2,1,0,29.26
306812,54.88,55.0,54.1,56.0,1,0,17.3,19.25,19003,2,1,0,29.26
307318,54.88,55.0,54.1,56.0,1,0,17.48,19.24,19503,2,1,0,29.25
307824,54.9,55.0,54.1,56.0,1,0,17.35,19.25,20003,2,1,0,29.25
308330,54.9,55.0,54.1,56.0,1,0,17.35,19.25,20503,2,1,0,29.25
308836,54.9,55.0,54.1,56.0,1,0,17.35,19.25,21003,2,1,0,29.25
309342,54.95,55.0,54.1,56.0,1,0,17.3,19.26,21503,2,1,0,29.25
309848,54.95,55.0,54.1,56.0,1,0,17.3,19.26,22003,2,1,0,29.25
310354,54.99,55.0,54.1,56.0,1,0,17.58,19.27,22503,2,1,0,29.25
310860,54.99,55.0,54.1,56.0,1,0,17.58,19.27,23003,2,1,0,29.25
311366,54.99,55.0,54.1,56.0,1,0,17.58,19.27,23503,2,1,0,29.25
311872,54.99,55.0,54.1,56.0,1,0,17.58,19.27,24003,2,1,0,29.25
312378,55.04,55.0,54.1,56.0,1,0,16.81,19.3,24503,2,1,0,29.26
312884,55.06,55.0,54.1,56.0,1,0,16.81,19.29,25003,2,1,0,29.25
313390,55.06,55.0,54.1,56.0,1,0,16.81,19.29,25503,2,1,0,29.25
313896,55.06,55.0,54.1,56.0,1,0,16.79,19.29,26003,2,1,0,29.25
314402,55.1,55.0,54.1,56.0,1,0,16.66,19.29,26503,2,1,0,29.25
314908,55.1,55.0,54.1,56.0,1,0,16.66,19.31,27003,2,1,0,29.25
315414,55.15,55.0,54.1,56.0,1,0,16.51,19.32,27503,2,1,0,29.25
315920,55.13,55.0,54.1,56.0,1,0,15.81,19.32,28003,2,1,0,29.28
316426,55.13,55.0,54.1,56.0,1,0,15.81,19.34,28503,2,1,0,29.28
316932,55.13,55.0,54.1,56.0,1,0,15.81,19.34,29003,2,1,0,29.28
317438,55.08,55.0,54.1,56.0,1,0,16.35,19.3,29503,2,1,0,29.25
317944,55.1,55.0,54.1,56.0,1,0,16.2,19.3,30003,2,1,0,29.25
318450,55.1,55.0,54.1,56.0,1,0,16.2,19.31,30503,2,1,0,29.25
318956,55.06,55.0,54.1,56.0,1,0,15.99,19.27,31003,2,1,0,29.22
319462,55.04,55.0,54.1,56.0,1,0,16.14,19.27,31503,2,1,0,29.26
319968,55.04,55.0,54.1,56.0,1,0,16.14,19.3,32003,2,1,0,29.26
320474,55.06,55.0,54.1,56.0,1,0,15.75,19.29,32513,2,1,0,29.25
320980,55.06,55.0,54.1,56.0,1,0,15.75,19.29,33013,2,1,0,29.25
321486,54.99,55.0,54.1,56.0,1,0,15.77,19.26,33513,2,1,0,29.24
321992,54.99,55.0,54.1,56.0,1,0,15.77,19.26,34013,2,1,0,29.24
322498,54.99,55.0,54.1,56.0,1,0,15.77,19.26,34513,2,1,0,29.24
323005,54.97,55.0,54.1,56.0,1,0,15.75,19.26,35013,2,1,0,29.22
323512,54.97,55.0,54.1,56.0,1,0,15.75,19.24,35513,2,1,0,29.22
324018,54.97,55.0,54.1,56.0,1,0,15.75,19.24,36013,2,1,0,29.22
324524,54.97,55.0,54.1,56.0,1,0,16.05,19.24,36513,2,1,0,29.22
325030,54.9,55.0,54.1,56.0,1,0,15.47,19.24,37013,2,1,0,29.24
325536,54.92,55.0,54.1,56.0,1,0,15.01,19.23,37513,2,1,0,29.22
326042,54.92,55.0,54.1,56.0,1,0,15.01,19.23,38013,2,1,0,29.22
326548,54.88,55.0,54.1,56.0,1,0,15.23,19.25,38513,2,1,0,29.26
327054,54.88,55.0,54.1,56.0,1,0,15.23,19.25,39015,2,1,0,29.26
327560,54.81,55.0,54.1,56.0,1,0,15.21,19.25,39515,2,1,0,29.24
328066,54.75,55.0,54.1,56.0,0,0,15.01,19.21,0,2,1,0,29.25
328572,54.75,55.0,54.1,56.0,0,0,15.01,19.2,500,2,1,0,29.25
329078,54.75,55.0,54.1,56.0,0,0,14.84,19.2,1000,2,1,0,29.25
329584,54.7,55.0,54.1,56.0,0,0,15.03,19.2,1500,2,1,0,29.24
330090,54.7,55.0,54.1,56.0,0,0,15.03,19.18,2000,2,1,0,29.24
330596,54.7,55.0,54.1,56.0,0,0,15.03,19.18,2500,2,1,0,29.24
331102,54.7,55.0,54.1,56.0,0,0,15.03,19.18,3000,2,1,0,29.24
331608,54.61,55.0,54.1,56.0,0,0,14.8,19.18,3500,2,1,0,29.22
332114,54.61,55.0,54.1,56.0,0,0,14.8,19.14,4000,2,1,0,29.22
332620,54.59,55.0,54.1,56.0,0,0,14.8,19.14,4500,2,1,0,29.22
333126,54.59,55.0,54.1,56.0,0,0,14.8,19.13,5000,2,1,0,29.22
333632,54.59,55.0,54.1,56.0,0,0,14.8,19.13,5500,2,1,0,29.22
334139,54.44,55.0,54.1,56.0,0,0,14.97,19.13,6000,2,1,0,29.22
334646,54.44,55.0,54.1,56.0,0,0,14.97,19.09,6500,2,1,0,29.22
335152,54.4,55.0,54.1,56.0,0,0,14.9,19.09,7000,2,1,0,29.24
335658,54.4,55.0,54.1,56.0,0,0,14.9,19.09,7500,2,1,0,29.24
336164,54.33,55.0,54.1,56.0,0,0,15.03,19.09,8000,2,1,0,29.24
336670,54.35,55.0,54.1,56.0,0,0,15.14,19.06,9006,2,1,0,29.22
337176,54.35,55.0,54.1,56.0,0,0,15.14,19.06,9506,2,1,0,29.22
337682,54.23,55.0,54.1,56.0,0,0,16.07,19.05,10006,2,1,0,29.25
338198,54.2,55.0,54.1,56.0,0,0,15.16,19.05,10506,2,1,0,29.21
338705,54.2,55.0,54.1,56.0,0,0,15.16,19.0,11006,2,1,0,29.21
339211,54.16,55.0,54.1,56.0,0,0,15.1,19.03,11506,2,1,0,29.25
339717,54.16,55.0,54.1,56.0,0,0,15.1,19.03,12006,2,1,0,29.25
340223,54.09,55.0,54.1,56.0,0,0,15.23,18.98,12506,2,1,0,29.22
340729,54.07,55.0,54.1,56.0,0,0,15.21,18.98,13006,2,1,0,29.22
341235,54.0,55.0,54.1,56.0,0,0,15.49,18.97,13511,2,1,0,29.24
341741,54.0,55.0,54.1,56.0,0,0,15.49,18.97,14011,2,1,0,29.24
342247,53.96,55.0,54.1,56.0,0,0,15.77,18.95,14511,2,1,0,29.22
342753,53.93,55.0,54.1,56.0,0,0,15.79,18.95,15011,2,1,0,29.24
343259,53.92,55.0,54.1,56.0,0,0,15.94,18.95,15511,2,1,0,29.24
343765,53.92,55.0,54.1,56.0,0,0,15.94,18.95,16011,2,1,0,29.24
344271,53.84,55.0,54.1,56.0,0,0,15.62,18.92,16511,2,1,0,29.24
344777,53.83,55.0,54.1,56.0,0,0,15.99,18.91,17011,2,1,0,29.22
345283,53.83,55.0,54.1,56.0,0,0,15.99,18.91,17511,2,1,0,29.22
345789,53.74,55.0,54.1,56.0,0,0,15.9,18.88,18011,2,1,0,29.22
346295,53.73,55.0,54.1,56.0,0,0,16.12,18.89,18511,2,1,0,29.24
346801,53.72,55.0,54.1,56.0,0,0,15.94,18.86,19011,2,1,0,29.21
347307,53.72,55.0,54.1,56.0,0,0,15.94,18.86,19511,2,1,0,29.21
347813,53.72,55.0,54.1,56.0,0,0,15.94,18.86,20011,2,1,0,29.21
348319,53.62,55.0,54.1,56.0,0,0,16.1,18.84,20511,2,1,0,29.22
348825,53.62,55.0,54.1,56.0,0,0,16.1,18.84,21011,2,1,0,29.22
349331,53.56,55.0,54.1,56.0,0,0,16.42,18.84,21513,2,1,0,29.21
349837,53.56,55.0,54.1,56.0,0,0,16.42,18.81,22014,2,1,0,29.21
350343,53.56,55.0,54.1,56.0,0,0,16.42,18.81,22514,2,1,0,29.21
350849,53.56,55.0,54.1,56.0,0,0,16.42,18.81,23014,2,1,0,29.21
351355,53.44,55.0,54.1,56.0,0,0,16.55,18.81,23514,2,1,0,29.22
351861,53.44,55.0,54.1,56.0,0,0,16.55,18.79,24014,2,1,0,29.22
352367,53.46,55.0,54.1,56.0,0,0,16.59,18.79,24514,2,1,0,29.22
352873,53.41,55.0,54.1,56.0,0,0,16.59,18.79,25014,2,1,0,29.22
353379,53.41,55.0,54.1,56.0,0,0,16.59,18.78,25514,2,1,0,29.22
353885,53.4,55.0,54.1,56.0,0,0,16.79,18.78,26014,2,1,0,29.24
354391,53.4,55.0,54.1,56.0,0,0,16.79,18.79,26514,2,1,0,29.24
354897,53.4,55.0,54.1,56.0,0,0,16.79,18.79,27016,2,1,0,29.24
355403,53.35,55.0,54.1,56.0,0,0,16.89,18.77,27517,2,1,0,29.24
355909,53.35,55.0,54.1,56.0,0,0,17.45,18.77,28017,2,1,0,29.21
356415,53.35,55.0,54.1,56.0,0,0,17.45,18.75,28517,2,0,0,29.21
356921,53.38,55.0,54.1,56.0,0,0,17.09,18.76,29017,2,1,0,29.21
357427,53.31,55.0,54.1,56.0,0,0,17.07,18.76,29517,2,1,0,29.24
357933,53.31,55.0,54.1,56.0,0,0,17.07,18.76,30017,2,1,0,29.24
358439,53.35,55.0,54.1,56.0,0,0,17.28,18.77,30517,2,0,0,29.24
358945,53.35,55.0,54.1,56.0,0,0,17.28,18.77,31017,2,0,0,29.24
359451,53.35,55.0,54.1,56.0,0,0,17.28,18.77,31517,2,0,0,29.24
359957,53.38,55.0,54.1,56.0,0,0,17.2,18.76,32017,2,1,0,29.21
360463,53.38,55.0,54.1,56.0,0,0,17.2,18.76,32517,2,1,0,29.21
360969,53.32,55.0,54.1,56.0,0,0,17.54,18.76,33017,2,1,0,29.21
361475,53.32,55.0,54.1,56.0,0,0,17.54,18.74,33517,2,0,0,29.21
361981,53.32,55.0,54.1,56.0,0,0,17.54,18.74,34017,2,0,0,29.21
362487,53.37,55.0,54.1,56.0,0,0,17.41,18.74,34517,2,0,0,29.24
362993,53.37,55.0,54.1,56.0,0,0,17.41,18.78,35017,2,0,0,29.24
363499,53.33,55.0,54.1,56.0,0,0,17.8,18.73,35517,2,0,0,29.2
364005,53.33,55.0,54.1,56.0,0,0,17.8,18.73,36017,2,0,0,29.2
364511,53.33,55.0,54.1,56.0,0,0,17.8,18.73,36517,2,0,0,29.2
365017,53.34,55.0,54.1,56.0,0,0,17.43,18.75,37017,2,0,0,29.21
365523,53.36,55.0,54.1,56.0,0,0,18.21,18.75,37517,2,0,0,29.22
366029,53.36,55.0,54.1,56.0,0,0,18.21,18.76,38017,2,0,0,29.22
366535,53.34,55.0,54.1,56.0,0,0,18.04,18.76,38517,2,0,0,29.21
367041,53.34,55.0,54.1,56.0,0,0,18.04,18.75,39017,2,0,0,29.21
367547,53.36,55.0,54.1,56.0,0,0,18.06,18.75,39517,2,0,0,29.24
368053,53.36,55.0,54.1,56.0,0,0,18.06,18.78,40017,2,0,0,29.24
368559,53.41,55.0,54.1,56.0,0,0,18.25,18.78,40517,2,0,0,29.22
369065,53.4,55.0,54.1,56.0,0,0,18.21,18.8,41029,2,0,0,29.25
369571,53.4,55.0,54.1,56.0,0,0,18.21,18.8,41529,2,0,0,29.25
370077,53.42,55.0,54.1,56.0,0,0,17.63,18.8,42029,2,0,0,29.24
370583,53.42,55.0,54.1,56.0,0,0,17.63,18.8,42529,2,0,0,29.24
371089,53.46,55.0,54.1,56.0,0,0,18.25,18.8,43029,2,0,0,29.25
371595,53.46,55.0,54.1,56.0,0,0,18.25,18.82,43529,2,0,0,29.25
372101,53.47,55.0,54.1,56.0,0,0,18.44,18.82,44029,2,0,0,29.22
372607,53.47,55.0,54.1,56.0,0,0,18.44,18.8,44529,2,0,0,29.22
373113,53.47,55.0,54.1,56.0,0,0,18.44,18.8,45029,2,0,0,29.22
373619,53.51,55.0,54.1,56.0,0,0,18.29,18.8,45529,2,0,0,29.22
374125,53.53,55.0,54.1,56.0,0,0,18.66,18.81,46029,2,0,0,29.22
374631,53.53,55.0,54.1,56.0,0,0,18.66,18.82,46529,2,0,0,29.22
375137,53.54,55.0,54.1,56.0,0,0,18.96,18.82,47033,2,0,0,29.22
375643,53.57,55.0,54.1,56.0,0,0,19.07,18.82,47533,2,0,0,29.24
376149,53.57,55.0,54.1,56.0,0,0,19.07,18.84,48033,2,0,0,29.24
376655,53.57,55.0,54.1,56.0,0,0,19.07,18.84,48533,2,0,0,29.24
377161,53.59,55.0,54.1,56.0,0,0,18.92,18.84,49033,2,0,0,29.24
377667,53.62,55.0,54.1,56.0,0,0,19.09,18.85,49533,2,0,0,29.24
378173,53.62,55.0,54.1,56.0,0,0,19.09,18.86,50033,2,0,0,29.24
378679,53.62,55.0,54.1,56.0,0,0,19.09,18.86,50533,2,0,0,29.24
379185,53.67,55.0,54.1,56.0,0,0,19.31,18.86,51033,2,0,0,29.22
379691,53.67,55.0,54.1,56.0,0,0,19.31,18.86,51533,2,0,0,29.22
380197,53.71,55.0,54.1,56.0,0,0,19.05,18.87,52533,2,0,0,29.22
380704,53.77,55.0,54.1,56.0,0,0,19.22,18.89,53040,2,0,0,29.22
381211,53.77,55.0,54.1,56.0,0,0,19.22,18.89,53540,2,0,0,29.22
381717,53.75,55.0,54.1,56.0,0,0,19.28,18.88,54040,2,0,0,29.22
382223,53.75,55.0,54.1,56.0,0,0,19.28,18.88,54540,2,0,0,29.22
382729,53.84,55.0,54.1,56.0,0,0,19.56,18.91,55040,2,0,0,29.22
383235,53.84,55.0,54.1,56.0,0,0,19.56,18.91,55540,2,0,0,29.22
383741,53.83,55.0,54.1,56.0,0,0,19.46,18.92,56040,2,0,0,29.24
384247,53.87,55.0,54.1,56.0,0,0,19.28,18.92,56540,2,0,0,29.22
384753,53.87,55.0,54.1,56.0,0,0,19.28,18.92,57040,2,0,0,29.22
385259,53.93,55.0,54.1,56.0,0,0,19.84,18.94,57540,2,0,0,29.22
385765,53.93,55.0,54.1,56.0,0,0,19.84,18.94,58040,2,0,0,29.22
386271,53.99,55.0,54.1,56.0,0,0,19.65,18.95,58540,2,0,0,29.22
386777,53.99,55.0,54.1,56.0,0,0,19.65,18.95,59040,2,0,0,29.22
387283,54.0,55.0,54.1,56.0,0,0,19.72,18.94,59540,2,0,0,29.21
387789,54.03,55.0,54.1,56.0,0,0,19.67,18.98,60051,2,0,0,29.24
388295,54.03,55.0,54.1,56.0,0,0,19.67,18.98,60551,2,0,0,29.24
388801,54.05,55.0,54.1,56.0,0,0,19.82,18.99,61051,2,0,0,29.24
389307,54.08,55.0,54.1,56.0,0,0,20.08,18.99,61551,2,0,0,29.24
389813,54.08,55.0,54.1,56.0,0,0,20.08,18.99,62051,2,0,0,29.24
390319,54.14,55.0,54.1,56.0,1,0,20.06,19.0,0,2,0,0,29.22
390825,54.16,55.0,54.1,56.0,1,0,19.82,19.0,500,2,0,0,29.21
391331,54.16,55.0,54.1,56.0,1,0,19.82,18.99,1000,2,0,0,29.21
391837,54.16,55.0,54.1,56.0,1,0,20.21,18.99,1500,2,0,0,29.21
392343,54.16,55.0,54.1,56.0,1,0,20.21,18.99,2000,2,0,0,29.21
392849,54.27,55.0,54.1,56.0,1,0,20.1,18.99,2500,2,0,0,29.21
393355,54.27,55.0,54.1,56.0,1,0,20.1,19.02,3000,2,0,0,29.21
393861,54.26,55.0,54.1,56.0,1,0,20.08,19.03,3500,2,0,0,29.22
394367,54.26,55.0,54.1,56.0,1,0,20.08,19.03,4000,2,0,0,29.22
394873,54.26,55.0,54.1,56.0,1,0,20.08,19.03,4500,2,0,0,29.22
395379,54.26,55.0,54.1,56.0,1,0,20.08,19.03,5000,2,0,0,29.22
395885,54.38,55.0,54.1,56.0,1,0,19.97,19.09,5500,2,0,0,29.25
396391,54.41,55.0,54.1,56.0,1,0,20.12,19.08,6000,2,0,0,29.22
396898,54.46,55.0,54.1,56.0,1,0,19.95,19.08,6500,2,0,0,29.24
397405,54.46,55.0,54.1,56.0,1,0,19.95,19.11,7000,2,0,0,29.24
397911,54.46,55.0,54.1,56.0,1,0,19.95,19.11,7500,2,0,0,29.24
398417,54.54,55.0,54.1,56.0,1,0,19.93,19.12,8000,2,0,0,29.22
398923,54.54,55.0,54.1,56.0,1,0,19.93,19.12,8500,2,0,0,29.22
399429,54.54,55.0,54.1,56.0,1,0,19.93,19.12,9000,2,0,0,29.22
399935,54.54,55.0,54.1,56.0,1,0,19.93,19.12,9500,2,0,0,29.22
400441,54.6,55.0,54.1,56.0,1,0,19.72,19.12,10000,2,0,0,29.21
400947,54.66,55.0,54.1,56.0,1,0,19.67,19.12,10500,2,0,0,29.22
401453,54.66,55.0,54.1,56.0,1,0,19.67,19.15,11001,2,0,0,29.22
401959,54.66,55.0,54.1,56.0,1,0,19.67,19.15,11501,2,0,0,29.22
402465,54.66,55.0,54.1,56.0,1,0,19.67,19.15,12001,2,0,0,29.22
402971,54.66,55.0,54.1,56.0,1,0,19.67,19.15,12501,2,0,0,29.22
403477,54.66,55.0,54.1,56.0,1,0,19.67,19.15,13001,2,0,0,29.22
403983,54.78,55.0,54.1,56.0,1,0,19.2,19.19,13501,2,0,0,29.22
404489,54.81,55.0,54.1,56.0,1,0,19.2,19.19,14001,2,0,0,29.22
404995,54.81,55.0,54.1,56.0,1,0,19.2,19.2,14501,2,0,0,29.22
405501,54.87,55.0,54.1,56.0,1,0,19.11,19.23,15001,2,0,0,29.24
406008,54.87,55.0,54.1,56.0,1,0,19.11,19.23,15503,2,0,0,29.24
406514,54.94,55.0,54.1,56.0,1,0,18.94,19.23,16003,2,0,0,29.22
407020,54.98,55.0,54.1,56.0,1,0,18.85,19.23,16503,2,0,0,29.22
407526,54.98,55.0,54.1,56.0,1,0,18.85,19.25,17003,2,0,0,29.22
408032,55.01,55.0,54.1,56.0,1,0,18.7,19.25,17503,2,0,0,29.24
408538,55.01,55.0,54.1,56.0,1,0,18.7,19.27,18003,2,0,0,29.24
409044,55.12,55.0,54.1,56.0,1,0,18.6,19.27,18503,2,0,0,29.24
409550,55.12,55.0,54.1,56.0,1,0,18.6,19.3,19003,2,0,0,29.24
410056,55.15,55.0,54.1,56.0,1,0,18.34,19.3,19503,2,0,0,29.22
410562,55.15,55.0,54.1,56.0,1,0,18.34,19.29,20003,2,0,0,29.22
411068,55.17,55.0,54.1,56.0,1,0,18.88,19.3,20503,2,0,0,29.22
411574,55.23,55.0,54.1,56.0,1,0,18.23,19.3,21003,2,0,0,29.21
412080,55.23,55.0,54.1,56.0,1,0,18.23,19.3,21503,2,0,0,29.21
412586,55.23,55.0,54.1,56.0,1,0,17.8,19.3,22003,2,0,0,29.22
413092,55.23,55.0,54.1,56.0,1,0,17.8,19.32,22503,2,1,0,29.22
413598,55.28,55.0,54.1,56.0,1,0,17.91,19.35,23003,2,0,0,29.24
414104,55.36,55.0,54.1,56.0,1,0,18.6,19.37,23511,2,0,0,29.24
414610,55.36,55.0,54.1,56.0,1,0,17.78,19.37,24011,2,0,0,29.22
415116,55.36,55.0,54.1,56.0,1,0,17.78,19.35,24511,2,1,0,29.22
415622,55.37,55.0,54.1,56.0,1,0,17.73,19.35,25011,2,1,0,29.24
416128,55.37,55.0,54.1,56.0,1,0,17.73,19.37,25511,2,1,0,29.24
416634,55.38,55.0,54.1,56.0,1,0,17.6,19.38,26011,2,1,0,29.24
417140,55.38,55.0,54.1,56.0,1,0,17.6,19.38,26511,2,1,0,29.24
417646,55.45,55.0,54.1,56.0,1,0,17.26,19.38,27011,2,1,0,29.24
418152,55.41,55.0,54.1,56.0,1,0,17.26,19.39,27511,2,1,0,29.24
418658,55.47,55.0,54.1,56.0,1,0,17.24,19.38,28011,2,1,0,29.25
419164,55.46,55.0,54.1,56.0,1,0,17.56,19.41,28511,2,1,0,29.24
419670,55.46,55.0,54.1,56.0,1,0,17.56,19.4,29011,2,1,0,29.24
420176,55.43,55.0,54.1,56.0,1,0,17.22,19.4,29511,2,1,0,29.22
420682,55.46,55.0,54.1,56.0,1,0,16.89,19.38,30011,2,1,0,29.24
421188,55.46,55.0,54.1,56.0,1,0,16.89,19.4,30511,2,1,0,29.24
421694,55.41,55.0,54.1,56.0,1,0,16.98,19.4,31011,2,1,0,29.22
422200,55.41,55.0,54.1,56.0,1,0,16.98,19.37,31511,2,1,0,29.22
422721,55.43,55.0,54.1,56.0,1,0,16.83,19.37,32011,2,1,0,29.2
423228,55.43,55.0,54.1,56.0,1,0,16.83,19.35,32517,2,1,0,29.2
423734,55.38,55.0,54.1,56.0,1,0,16.63,19.36,33519,2,1,0,29.22
424240,55.38,55.0,54.1,56.0,1,0,16.63,19.36,34019,2,1,0,29.22
424746,55.39,55.0,54.1,56.0,1,0,16.7,19.37,34519,2,1,0,29.22
425252,55.39,55.0,54.1,56.0,1,0,16.7,19.37,35019,2,1,0,29.22
425758,55.33,55.0,54.1,56.0,1,0,16.33,19.36,35519,2,1,0,29.24
426265,55.33,55.0,54.1,56.0,1,0,16.33,19.36,36019,2,1,0,29.24
426771,55.33,55.0,54.1,56.0,1,0,16.38,19.36,36519,2,1,0,29.24
427277,55.33,55.0,54.1,56.0,1,0,16.38,19.36,37019,2,1,0,29.24
427783,55.33,55.0,54.1,56.0,1,0,16.38,19.36,37519,2,1,0,29.24
428289,55.3,55.0,54.1,56.0,1,0,16.27,19.35,38019,2,1,0,29.24
428795,55.26,55.0,54.1,56.0,1,0,16.03,19.33,38520,2,1,0,29.22
429301,55.26,55.0,54.1,56.0,1,0,16.03,19.33,39020,2,1,0,29.22
429811,55.18,55.0,54.1,56.0,1,0,15.97,19.33,39520,2,1,0,29.21
430318,55.18,55.0,54.1,56.0,0,0,15.97,19.29,0,2,1,0,29.21
430824,55.18,55.0,54.1,56.0,0,0,15.97,19.29,500,2,1,0,29.21
431330,55.14,55.0,54.1,56.0,0,0,16.12,19.28,1000,2,1,0,29.21
431836,55.14,55.0,54.1,56.0,0,0,16.12,19.28,1500,2,1,0,29.21
432342,55.08,55.0,54.1,56.0,0,0,15.75,19.26,2000,2,1,0,29.21
432848,55.08,55.0,54.1,56.0,0,0,15.75,19.26,2500,2,1,0,29.21
433354,55.03,55.0,54.1,56.0,0,0,15.66,19.26,3000,2,1,0,29.22
433861,55.03,55.0,54.1,56.0,0,0,15.66,19.26,3500,2,1,0,29.22
434367,55.03,55.0,54.1,56.0,0,0,15.66,19.26,4000,2,1,0,29.22
434873,54.94,55.0,54.1,56.0,0,0,15.49,19.26,4500,2,1,0,29.25
435379,54.94,55.0,54.1,56.0,0,0,15.49,19.26,5000,2,1,0,29.25
435885,54.91,55.0,54.1,56.0,0,0,15.49,19.22,5500,2,1,0,29.22
436391,54.85,55.0,54.1,56.0,0,0,15.53,19.22,6000,2,1,0,29.21
436898,54.85,55.0,54.1,56.0,0,0,15.53,19.19,6500,2,1,0,29.21
437404,54.82,55.0,54.1,56.0,0,0,14.82,19.2,7000,2,1,0,29.22
437910,54.82,55.0,54.1,56.0,0,0,14.82,19.2,7500,2,1,0,29.22
438416,54.82,55.0,54.1,56.0,0,0,14.82,19.2,8000,2,1,0,29.22
438922,54.72,55.0,54.1,56.0,0,0,15.66,19.2,8500,2,1,0,29.22
439428,54.66,55.0,54.1,56.0,0,0,15.71,19.17,9000,2,1,0,29.21
439934,54.66,55.0,54.1,56.0,0,0,15.71,19.14,9500,2,1,0,29.21
440440,54.66,55.0,54.1,56.0,0,0,15.71,19.14,10003,2,1,0,29.21
440946,54.57,55.0,54.1,56.0,0,0,15.71,19.1,10504,2,1,0,29.2
441452,54.57,55.0,54.1,56.0,0,0,15.71,19.1,11004,2,1,0,29.2
441958,54.49,55.0,54.1,56.0,0,0,15.64,19.08,11504,2,1,0,29.2
442464,54.45,55.0,54.1,56.0,0,0,15.86,19.08,12004,2,1,0,29.21
442970,54.45,55.0,54.1,56.0,0,0,15.86,19.07,12504,2,1,0,29.21
443476,54.42,55.0,54.1,56.0,0,0,16.05,19.07,13004,2,1,0,29.21
443982,54.37,55.0,54.1,56.0,0,0,16.76,19.05,13504,2,1,0,29.21
444488,54.32,55.0,54.1,56.0,0,0,16.74,19.04,14004,2,1,0,29.21
444998,54.31,55.0,54.1,56.0,0,0,16.35,19.04,14504,2,1,0,29.2
445505,54.31,55.0,54.1,56.0,0,0,16.35,19.02,15004,2,1,0,29.2
446011,54.29,55.0,54.1,56.0,0,0,16.07,19.02,15504,2,1,0,29.2
446517,54.29,55.0,54.1,56.0,0,0,16.07,19.02,16004,2,1,0,29.2
447023,54.29,55.0,54.1,56.0,0,0,16.07,19.02,16504,2,1,0,29.2
447529,54.16,55.0,54.1,56.0,0,0,16.46,18.96,17004,2,1,0,29.18
448035,54.11,55.0,54.1,56.0,0,0,16.14,18.96,17504,2,1,0,29.2
448542,54.11,55.0,54.1,56.0,0,0,16.14,18.96,18004,2,1,0,29.2
449049,54.11,55.0,54.1,56.0,0,0,16.14,18.96,18504,2,1,0,29.2
449555,54.04,55.0,54.1,56.0,0,0,16.57,18.95,19004,2,1,0,29.21
450061,53.99,55.0,54.1,56.0,0,0,16.7,18.95,19504,2,1,0,29.2
450567,53.99,55.0,54.1,56.0,0,0,16.7,18.93,20004,2,1,0,29.2
451073,53.94,55.0,54.1,56.0,0,0,16.72,18.91,20504,2,1,0,29.2
451579,53.9,55.0,54.1,56.0,0,0,16.83,18.91,21004,2,1,0,29.2
452085,53.9,55.0,54.1,56.0,0,0,16.83,18.9,21504,2,1,0,29.2
452591,53.9,55.0,54.1,56.0,0,0,16.83,18.9,22004,2,1,0,29.2
453097,53.83,55.0,54.1,56.0,0,0,16.89,18.9,22504,2,1,0,29.2
453603,53.8,55.0,54.1,56.0,0,0,17.07,18.88,23004,2,1,0,29.21
454109,53.79,55.0,54.1,56.0,0,0,17.11,18.88,23504,2,1,0,29.2
454615,53.79,55.0,54.1,56.0,0,0,17.11,18.87,24004,2,1,0,29.2
455121,53.79,55.0,54.1,56.0,0,0,17.11,18.87,24504,2,1,0,29.2
455627,53.75,55.0,54.1,56.0,0,0,17.3,18.87,25007,2,1,0,29.2
456133,53.75,55.0,54.1,56.0,0,0,17.3,18.86,25508,2,1,0,29.2
456639,53.68,55.0,54.1,56.0,0,0,17.28,18.86,26008,2,1,0,29.21
457145,53.68,55.0,54.1,56.0,0,0,17.28,18.85,26508,2,1,0,29.21
457651,53.67,55.0,54.1,56.0,0,0,17.41,18.85,27008,2,1,0,29.2
458157,53.67,55.0,54.1,56.0,0,0,17.41,18.83,27508,2,0,0,29.2
458663,53.65,55.0,54.1,56.0,0,0,17.52,18.83,28008,2,0,0,29.21
459169,53.65,55.0,54.1,56.0,0,0,17.52,18.84,28508,2,0,0,29.21
459675,53.63,55.0,54.1,56.0,0,0,17.63,18.84,29008,2,0,0,29.21
460181,53.63,55.0,54.1,56.0,0,0,17.63,18.83,29508,2,0,0,29.21
460687,53.6,55.0,54.1,56.0,0,0,17.82,18.83,30008,2,0,0,29.21
461193,53.61,55.0,54.1,56.0,0,0,17.69,18.82,30508,2,0,0,29.18
461699,53.58,55.0,54.1,56.0,0,0,17.8,18.8,31008,2,0,0,29.2
462205,53.58,55.0,54.1,56.0,0,0,17.8,18.8,31508,2,0,0,29.2
462711,53.58,55.0,54.1,56.0,0,0,17.8,18.8,32008,2,0,0,29.2
463218,53.58,55.0,54.1,56.0,0,0,17.8,18.8,32508,2,0,0,29.2
463725,53.54,55.0,54.1,56.0,0,0,18.16,18.8,33008,2,0,0,29.2
464231,53.6,55.0,54.1,56.0,0,0,18.08,18.79,33508,2,0,0,29.21
464737,53.61,55.0,54.1,56.0,0,0,18.12,18.82,34008,2,0,0,29.17
465243,53.59,55.0,54.1,56.0,0,0,18.1,18.82,35008,2,0,0,29.21
465749,53.59,55.0,54.1,56.0,0,0,18.1,18.82,35508,2,0,0,29.21
466255,53.58,55.0,54.1,56.0,0,0,18.1,18.8,36008,2,0,0,29.2
466761,53.58,55.0,54.1,56.0,0,0,18.1,18.8,36508,2,0,0,29.2
467267,53.58,55.0,54.1,56.0,0,0,18.1,18.8,37008,2,0,0,29.2
467773,53.58,55.0,54.1,56.0,0,0,18.1,18.8,37508,2,0,0,29.2
468279,53.6,55.0,54.1,56.0,0,0,18.47,18.8,38008,2,0,0,29.18
468785,53.56,55.0,54.1,56.0,0,0,18.14,18.81,38508,2,0,0,29.21
469291,53.56,55.0,54.1,56.0,0,0,18.14,18.81,39010,2,0,0,29.21
469797,53.62,55.0,54.1,56.0,0,0,18.6,18.82,39512,2,0,0,29.2
470303,53.62,55.0,54.1,56.0,0,0,18.6,18.82,40012,2,0,0,29.2
470810,53.62,55.0,54.1,56.0,0,0,18.6,18.82,40512,2,0,0,29.2
471317,53.63,55.0,54.1,56.0,0,0,18.83,18.83,41012,2,0,0,29.21
471823,53.63,55.0,54.1,56.0,0,0,18.83,18.83,41512,2,0,0,29.21
472329,53.65,55.0,54.1,56.0,0,0,18.88,18.83,42012,2,0,0,29.2
472835,53.65,55.0,54.1,56.0,0,0,18.88,18.83,42512,2,0,0,29.2
473341,53.65,55.0,54.1,56.0,0,0,18.98,18.83,43012,2,0,0,29.2
473847,53.65,55.0,54.1,56.0,0,0,18.98,18.83,43512,2,0,0,29.2
474353,53.73,55.0,54.1,56.0,0,0,19.0,18.88,44012,2,0,0,29.22
474859,53.71,55.0,54.1,56.0,0,0,19.03,18.84,44512,2,0,0,29.2
475365,53.7,55.0,54.1,56.0,0,0,18.9,18.84,45012,2,0,0,29.2
475871,53.7,55.0,54.1,56.0,0,0,18.9,18.84,45512,2,0,0,29.2
476377,53.7,55.0,54.1,56.0,0,0,18.9,18.84,46012,2,0,0,29.2
476883,53.76,55.0,54.1,56.0,0,0,19.37,18.87,46512,2,0,0,29.21
477389,53.76,55.0,54.1,56.0,0,0,19.37,18.87,47012,2,0,0,29.21
477895,53.76,55.0,54.1,56.0,0,0,19.37,18.87,47512,2,0,0,29.21
478401,53.79,55.0,54.1,56.0,0,0,19.74,18.88,48012,2,0,0,29.21
478907,53.79,55.0,54.1,56.0,0,0,19.74,18.88,48512,2,0,0,29.21
479413,53.83,55.0,54.1,56.0,0,0,18.94,18.89,49012,2,0,0,29.21
479919,53.83,55.0,54.1,56.0,0,0,18.94,18.89,49512,2,0,0,29.21
480425,53.88,55.0,54.1,56.0,0,0,19.44,18.91,50012,2,0,0,29.21
480931,53.88,55.0,54.1,56.0,0,0,19.44,18.91,50512,2,0,0,29.21
481437,53.89,55.0,54.1,56.0,0,0,19.65,18.88,51012,2,0,0,29.18
481943,53.89,55.0,54.1,56.0,0,0,19.48,18.92,51512,2,0,0,29.22
482449,53.89,55.0,54.1,56.0,0,0,19.48,18.92,52012,2,0,0,29.22
482955,53.96,55.0,54.1,56.0,0,0,19.74,18.92,52512,2,0,0,29.2
483461,53.96,55.0,54.1,56.0,0,0,19.74,18.92,53012,2,0,0,29.2
483967,54.0,55.0,54.1,56.0,0,0,19.67,18.93,53512,2,0,0,29.2
484473,54.0,55.0,54.1,56.0,0,0,19.89,18.93,54012,2,0,0,29.2
484979,54.0,55.0,54.1,56.0,0,0,19.89,18.93,54512,2,0,0,29.2
485485,54.04,55.0,54.1,56.0,0,0,19.74,18.93,55012,2,0,0,29.2
485991,54.04,55.0,54.1,56.0,0,0,19.74,18.94,55512,2,0,0,29.2
486497,54.09,55.0,54.1,56.0,0,0,19.82,18.94,56012,2,0,0,29.21
487003,54.09,55.0,54.1,56.0,0,0,19.82,18.97,56512,2,0,0,29.21
487509,54.14,55.0,54.1,56.0,0,0,20.02,18.97,57012,2,0,0,29.21
488015,54.15,55.0,54.1,56.0,1,0,20.04,18.98,0,2,0,0,29.2
488521,54.15,55.0,54.1,56.0,1,0,20.04,18.97,500,2,0,0,29.2
489027,54.19,55.0,54.1,56.0,1,0,20.17,18.97,1000,2,0,0,29.21
489533,54.22,55.0,54.1,56.0,1,0,20.04,19.0,1500,2,0,0,29.21
490039,54.22,55.0,54.1,56.0,1,0,20.04,19.01,2000,2,0,0,29.21
490545,54.22,55.0,54.1,56.0,1,0,20.04,19.01,2500,2,0,0,29.21
491051,54.22,55.0,54.1,56.0,1,0,20.04,19.01,3000,2,0,0,29.21
491557,54.29,55.0,54.1,56.0,1,0,20.15,19.01,3500,2,0,0,29.2
492063,54.29,55.0,54.1,56.0,1,0,20.15,19.02,4000,2,0,0,29.2
492569,54.34,55.0,54.1,56.0,1,0,20.02,19.02,4500,2,0,0,29.21
493075,54.34,55.0,54.1,56.0,1,0,20.02,19.04,5000,2,0,0,29.21
493586,54.37,55.0,54.1,56.0,1,0,20.04,19.04,5500,2,0,0,29.2
494093,54.37,55.0,54.1,56.0,1,0,20.04,19.04,6000,2,0,0,29.2
494599,54.43,55.0,54.1,56.0,1,0,20.15,19.04,6500,2,0,0,29.2
495105,54.47,55.0,54.1,56.0,1,0,19.89,19.06,7000,2,0,0,29.18
495611,54.47,55.0,54.1,56.0,1,0,19.89,19.06,7500,2,0,0,29.18
496117,54.52,55.0,54.1,56.0,1,0,19.84,19.06,8000,2,0,0,29.2
496623,54.52,55.0,54.1,56.0,1,0,19.84,19.08,8500,2,0,0,29.2
497129,54.6,55.0,54.1,56.0,1,0,19.69,19.08,9000,2,0,0,29.21
497635,54.6,55.0,54.1,56.0,1,0,19.69,19.12,9500,2,0,0,29.21
498141,54.62,55.0,54.1,56.0,1,0,19.56,19.12,10000,2,0,0,29.22
498647,54.62,55.0,54.1,56.0,1,0,19.56,19.14,10500,2,0,0,29.22
499153,54.62,55.0,54.1,56.0,1,0,19.56,19.14,11000,2,0,0,29.22
499659,54.67,55.0,54.1,56.0,1,0,20.0,19.14,11500,2,0,0,29.18
500165,54.67,55.0,54.1,56.0,1,0,20.0,19.11,12000,2,0,0,29.18
500671,54.73,55.0,54.1,56.0,1,0,19.26,19.11,12500,2,0,0,29.2
501177,54.73,55.0,54.1,56.0,1,0,19.26,19.15,13000,2,0,0,29.2
501683,54.76,55.0,54.1,56.0,1,0,19.26,19.15,13500,2,0,0,29.2
502189,54.76,55.0,54.1,56.0,1,0,19.26,19.15,14000,2,0,0,29.2
502695,54.76,55.0,54.1,56.0,1,0,19.26,19.15,14500,2,0,0,29.2
503201,54.89,55.0,54.1,56.0,1,0,18.96,19.15,15000,2,0,0,29.2
503707,54.89,55.0,54.1,56.0,1,0,18.96,19.19,15500,2,0,0,29.2
504213,54.89,55.0,54.1,56.0,1,0,18.96,19.19,16000,2,0,0,29.2
504719,54.93,55.0,54.1,56.0,1,0,18.44,19.19,16500,2,0,0,29.21
505225,54.93,55.0,54.1,56.0,1,0,18.44,19.22,17000,2,0,0,29.21
505731,55.02,55.0,54.1,56.0,1,0,18.68,19.22,17500,2,0,0,29.21
506237,55.02,55.0,54.1,56.0,1,0,18.68,19.24,18000,2,0,0,29.21
506743,55.03,55.0,54.1,56.0,1,0,18.6,19.24,18500,2,0,0,29.21
507249,55.09,55.0,54.1,56.0,1,0,18.34,19.26,19502,2,0,0,29.21
507755,55.09,55.0,54.1,56.0,1,0,18.34,19.26,20004,2,0,0,29.21
508261,55.09,55.0,54.1,56.0,1,0,18.34,19.26,20504,2,0,0,29.21
508767,55.17,55.0,54.1,56.0,1,0,18.19,19.27,21004,2,0,0,29.2
509273,55.17,55.0,54.1,56.0,1,0,18.19,19.27,21504,2,0,0,29.2
509779,55.17,55.0,54.1,56.0,1,0,18.19,19.27,22004,2,0,0,29.2
510285,55.23,55.0,54.1,56.0,1,0,18.1,19.3,22504,2,0,0,29.21
510791,55.23,55.0,54.1,56.0,1,0,18.1,19.3,23004,2,0,0,29.21
511297,55.23,55.0,54.1,56.0,1,0,18.1,19.3,23504,2,0,0,29.21
511803,55.23,55.0,54.1,56.0,1,0,18.1,19.3,24004,2,0,0,29.21
512309,55.33,55.0,54.1,56.0,1,0,17.71,19.32,24504,2,1,0,29.2
512815,55.33,55.0,54.1,56.0,1,0,17.71,19.32,25004,2,1,0,29.2
513321,55.33,55.0,54.1,56.0,1,0,17.71,19.32,25504,2,1,0,29.2
513827,55.33,55.0,54.1,56.0,1,0,17.71,19.32,26004,2,1,0,29.2
514333,55.3,55.0,54.1,56.0,1,0,16.85,19.32,26504,2,1,0,29.21
514839,55.3,55.0,54.1,56.0,1,0,16.85,19.32,27004,2,1,0,29.21
515345,55.3,55.0,54.1,56.0,1,0,16.85,19.32,27504,2,1,0,29.21
515851,55.39,55.0,54.1,56.0,1,0,17.41,19.34,28004,2,1,0,29.2
516357,55.39,55.0,54.1,56.0,1,0,17.41,19.34,28504,2,1,0,29.2
516863,55.39,55.0,54.1,56.0,1,0,17.41,19.34,29004,2,1,0,29.2
517369,55.41,55.0,54.1,56.0,1,0,17.22,19.34,29504,2,1,0,29.2
517875,55.41,55.0,54.1,56.0,1,0,17.22,19.34,30004,2,1,0,29.2
518381,55.39,55.0,54.1,56.0,1,0,17.11,19.32,30504,2,1,0,29.18
518887,55.44,55.0,54.1,56.0,1,0,16.89,19.34,31004,2,1,0,29.18
519393,55.41,55.0,54.1,56.0,1,0,16.79,19.34,31504,2,1,0,29.2
519899,55.41,55.0,54.1,56.0,1,0,16.79,19.34,32004,2,1,0,29.2
520405,55.34,55.0,54.1,56.0,1,0,16.87,19.34,32504,2,1,0,29.2
520911,55.34,55.0,54.1,56.0,1,0,16.87,19.32,33004,2,1,0,29.2
521417,55.34,55.0,54.1,56.0,1,0,16.87,19.32,33504,2,1,0,29.2
521923,55.38,55.0,54.1,56.0,1,0,16.66,19.33,34004,2,1,0,29.2
522429,55.38,55.0,54.1,56.0,1,0,16.66,19.33,34505,2,1,0,29.2
522935,55.38,55.0,54.1,56.0,1,0,16.66,19.33,35005,2,1,0,29.2
523441,55.31,55.0,54.1,56.0,1,0,16.55,19.32,35505,2,1,0,29.2
523947,55.28,55.0,54.1,56.0,1,0,16.31,19.3,36005,2,1,0,29.2
524453,55.31,55.0,54.1,56.0,1,0,16.59,19.3,36505,2,1,0,29.18
524959,55.31,55.0,54.1,56.0,1,0,16.59,19.3,37005,2,1,0,29.18
525465,55.26,55.0,54.1,56.0,1,0,16.14,19.3,37505,2,1,0,29.2
525971,55.26,55.0,54.1,56.0,1,0,16.14,19.3,38005,2,1,0,29.2
526477,55.26,55.0,54.1,56.0,1,0,16.14,19.3,38505,2,1,0,29.2
526983,55.15,55.0,54.1,56.0,1,0,16.01,19.3,39005,2,1,0,29.2
527489,55.15,55.0,54.1,56.0,1,0,16.01,19.27,39505,2,1,0,29.2
527995,55.13,55.0,54.1,56.0,0,0,15.9,19.24,0,2,1,0,29.17
528501,55.1,55.0,54.1,56.0,0,0,15.88,19.24,500,2,1,0,29.17
529007,55.07,55.0,54.1,56.0,0,0,15.84,19.23,1000,2,1,0,29.2
529513,55.07,55.0,54.1,56.0,0,0,15.84,19.24,1500,2,1,0,29.2
530019,55.0,55.0,54.1,56.0,0,0,15.06,19.24,2001,2,1,0,29.2
530525,55.0,55.0,54.1,56.0,0,0,15.06,19.23,2502,2,1,0,29.2
531031,54.95,55.0,54.1,56.0,0,0,15.47,19.2,3004,2,1,0,29.18
531537,54.95,55.0,54.1,56.0,0,0,15.47,19.2,3504,2,1,0,29.18
532043,54.93,55.0,54.1,56.0,0,0,15.6,19.2,4004,2,1,0,29.2
532549,54.89,55.0,54.1,56.0,0,0,15.64,19.2,4504,2,1,0,29.18
533055,54.89,55.0,54.1,56.0,0,0,15.64,19.18,5004,2,1,0,29.18
533561,54.85,55.0,54.1,56.0,0,0,15.73,19.17,5504,2,1,0,29.18
534067,54.78,55.0,54.1,56.0,0,0,15.49,19.17,6004,2,1,0,29.21
534573,54.77,55.0,54.1,56.0,0,0,15.6,19.17,6504,2,1,0,29.18
535079,54.77,55.0,54.1,56.0,0,0,15.6,19.14,7004,2,1,0,29.18
535585,54.72,55.0,54.1,56.0,0,0,15.51,19.12,7504,2,1,0,29.17
536091,54.72,55.0,54.1,56.0,0,0,15.51,19.12,8004,2,1,0,29.17
536597,54.64,55.0,54.1,56.0,0,0,15.84,19.12,8504,2,1,0,29.18
537103,54.59,55.0,54.1,56.0,0,0,15.64,19.11,9004,2,1,0,29.2
537609,54.59,55.0,54.1,56.0,0,0,15.73,19.11,9504,2,1,0,29.18
538115,54.51,55.0,54.1,56.0,0,0,15.75,19.09,10004,2,1,0,29.2
538621,54.51,55.0,54.1,56.0,0,0,15.75,19.08,10504,2,1,0,29.2
539127,54.49,55.0,54.1,56.0,0,0,15.77,19.08,11004,2,1,0,29.17
539633,54.41,55.0,54.1,56.0,0,0,15.88,19.05,11504,2,1,0,29.18
540139,54.41,55.0,54.1,56.0,0,0,15.88,19.04,12004,2,1,0,29.18
540645,54.37,55.0,54.1,56.0,0,0,16.61,19.01,12504,2,1,0,29.17
541151,54.37,55.0,54.1,56.0,0,0,15.6,19.01,13013,2,1,0,29.17
541657,54.33,55.0,54.1,56.0,0,0,16.01,19.01,13513,2,1,0,29.18
542163,54.33,55.0,54.1,56.0,0,0,16.01,19.02,14013,2,1,0,29.18
542669,54.21,55.0,54.1,56.0,0,0,16.35,19.02,14513,2,1,0,29.18
543175,54.21,55.0,54.1,56.0,0,0,16.35,18.98,15013,2,1,0,29.18
543681,54.18,55.0,54.1,56.0,0,0,16.7,18.98,15513,2,1,0,29.17
544187,54.13,55.0,54.1,56.0,0,0,16.38,18.96,16013,2,1,0,29.18
544693,54.13,55.0,54.1,56.0,0,0,16.38,18.96,16513,2,1,0,29.18
545199,54.02,55.0,54.1,56.0,0,0,16.59,18.96,17013,2,1,0,29.18
545705,54.02,55.0,54.1,56.0,0,0,16.59,18.92,17513,2,1,0,29.18
546211,54.0,55.0,54.1,56.0,0,0,16.44,18.92,18013,2,1,0,29.18
546717,54.0,55.0,54.1,56.0,0,0,16.44,18.92,18513,2,1,0,29.18
547223,54.0,55.0,54.1,56.0,0,0,16.44,18.92,19013,2,1,0,29.18
547729,54.0,55.0,54.1,56.0,0,0,16.44,18.92,19513,2,1,0,29.18
548235,53.89,55.0,54.1,56.0,0,0,16.72,18.92,20013,2,1,0,29.17
548741,53.89,55.0,54.1,56.0,0,0,16.72,18.87,20513,2,1,0,29.17
549247,53.89,55.0,54.1,56.0,0,0,16.72,18.87,21013,2,1,0,29.17
549753,53.82,55.0,54.1,56.0,0,0,16.83,18.87,21513,2,1,0,29.15
550259,53.75,55.0,54.1,56.0,0,0,16.85,18.84,22013,2,1,0,29.18
550765,53.73,55.0,54.1,56.0,0,0,17.17,18.83,23013,2,1,0,29.17
551271,53.73,55.0,54.1,56.0,0,0,17.17,18.83,23513,2,1,0,29.17
551777,53.73,55.0,54.1,56.0,0,0,17.17,18.83,24013,2,1,0,29.17
552283,53.73,55.0,54.1,56.0,0,0,17.17,18.83,24513,2,1,0,29.17
552789,53.66,55.0,54.1,56.0,0,0,17.07,18.82,25015,2,1,0,29.18
553295,53.66,55.0,54.1,56.0,0,0,17.07,18.82,25515,2,1,0,29.18
553801,53.62,55.0,54.1,56.0,0,0,16.98,18.78,26015,2,1,0,29.15
554307,53.62,55.0,54.1,56.0,0,0,16.98,18.78,26515,2,1,0,29.15
554813,53.54,55.0,54.1,56.0,0,0,17.24,18.75,27015,2,1,0,29.15
555319,53.6,55.0,54.1,56.0,0,0,17.35,18.8,27515,2,0,0,29.18
555825,53.6,55.0,54.1,56.0,0,0,17.35,18.8,28015,2,0,0,29.18
556331,53.53,55.0,54.1,56.0,0,0,17.71,18.78,28515,2,0,0,29.18
556837,53.52,55.0,54.1,56.0,0,0,17.54,18.75,29015,2,0,0,29.15
557343,53.56,55.0,54.1,56.0,0,0,17.52,18.79,29515,2,0,0,29.18
557849,53.56,55.0,54.1,56.0,0,0,17.8,18.76,30015,2,0,0,29.15
558355,53.56,55.0,54.1,56.0,0,0,17.8,18.76,30515,2,0,0,29.15
558861,53.56,55.0,54.1,56.0,0,0,17.8,18.76,31015,2,0,0,29.15
559367,53.56,55.0,54.1,56.0,0,0,17.8,18.76,31515,2,0,0,29.15
559874,53.47,55.0,54.1,56.0,0,0,18.21,18.76,32015,2,0,0,29.15
560381,53.47,55.0,54.1,56.0,0,0,18.21,18.73,32515,2,0,0,29.15
560887,53.47,55.0,54.1,56.0,0,0,18.21,18.73,33015,2,0,0,29.15
561393,53.47,55.0,54.1,56.0,0,0,18.04,18.75,33515,2,0,0,29.17
561899,53.47,55.0,54.1,56.0,0,0,18.04,18.75,34015,2,0,0,29.17
562405,53.45,55.0,54.1,56.0,0,0,17.97,18.75,34515,2,0,0,29.18
562911,53.48,55.0,54.1,56.0,0,0,18.16,18.75,35015,2,0,0,29.17
563417,53.46,55.0,54.1,56.0,0,0,18.14,18.73,35515,2,0,0,29.15
563923,53.46,55.0,54.1,56.0,0,0,18.14,18.73,36015,2,0,0,29.15
564429,53.5,55.0,54.1,56.0,0,0,18.27,18.74,36515,2,0,0,29.15
564935,53.5,55.0,54.1,56.0,0,0,18.88,18.77,37015,2,0,0,29.18
565441,53.48,55.0,54.1,56.0,0,0,18.51,18.77,37515,2,0,0,29.17
565947,53.48,55.0,54.1,56.0,0,0,18.51,18.75,38015,2,0,0,29.17
566453,53.51,55.0,54.1,56.0,0,0,18.53,18.75,38515,2,0,0,29.18
566959,53.51,55.0,54.1,56.0,0,0,18.53,18.77,39015,2,0,0,29.18
567465,53.51,55.0,54.1,56.0,0,0,18.51,18.74,39515,2,0,0,29.15
567971,53.51,55.0,54.1,56.0,0,0,18.51,18.74,40015,2,0,0,29.15
568477,53.51,55.0,54.1,56.0,0,0,18.72,18.74,40515,2,0,0,29.15
568983,53.51,55.0,54.1,56.0,0,0,18.66,18.74,41023,2,0,0,29.15
569489,53.54,55.0,54.1,56.0,0,0,18.75,18.74,41523,2,0,0,29.18
569995,53.54,55.0,54.1,56.0,0,0,18.75,18.78,42023,2,0,0,29.18
570501,53.54,55.0,54.1,56.0,0,0,18.01,18.75,42523,2,0,0,29.15
571007,53.54,55.0,54.1,56.0,0,0,18.01,18.75,43023,2,0,0,29.15
571513,53.55,55.0,54.1,56.0,0,0,18.88,18.78,43523,2,0,0,29.18
572023,53.55,55.0,54.1,56.0,0,0,18.88,18.78,44023,2,0,0,29.18
572529,53.55,55.0,54.1,56.0,0,0,18.88,18.78,44523,2,0,0,29.18
573035,53.62,55.0,54.1,56.0,0,0,19.22,18.78,45023,2,0,0,29.2
573541,53.62,55.0,54.1,56.0,0,0,19.22,18.82,45523,2,0,0,29.2
574047,53.62,55.0,54.1,56.0,0,0,19.22,18.82,46023,2,0,0,29.2
574553,53.64,55.0,54.1,56.0,0,0,19.28,18.8,46523,2,0,0,29.17
575059,53.64,55.0,54.1,56.0,0,0,19.28,18.8,47023,2,0,0,29.17
575565,53.64,55.0,54.1,56.0,0,0,19.28,18.8,47523,2,0,0,29.17
576071,53.7,55.0,54.1,56.0,0,0,19.24,18.83,48023,2,0,0,29.18
576577,53.7,55.0,54.1,56.0,0,0,19.26,18.83,48523,2,0,0,29.17
577083,53.7,55.0,54.1,56.0,0,0,19.26,18.82,49023,2,0,0,29.17
577589,53.7,55.0,54.1,56.0,0,0,19.26,18.82,49523,2,0,0,29.17
578095,53.77,55.0,54.1,56.0,0,0,19.35,18.82,50023,2,0,0,29.15
578601,53.77,55.0,54.1,56.0,0,0,19.35,18.82,50523,2,0,0,29.15
579107,53.81,55.0,54.1,56.0,0,0,19.48,18.82,51023,2,0,0,29.18
579613,53.81,55.0,54.1,56.0,0,0,19.48,18.86,51523,2,0,0,29.18
580119,53.81,55.0,54.1,56.0,0,0,19.48,18.86,52023,2,0,0,29.18
580625,53.81,55.0,54.1,56.0,0,0,19.48,18.86,52523,2,0,0,29.18
581131,53.81,55.0,54.1,56.0,0,0,19.54,18.85,53023,2,0,0,29.17
581637,53.81,55.0,54.1,56.0,0,0,19.54,18.85,53523,2,0,0,29.17
582143,53.87,55.0,54.1,56.0,0,0,19.72,18.85,54023,2,0,0,29.17
582649,53.87,55.0,54.1,56.0,0,0,19.72,18.87,54523,2,0,0,29.17
583155,53.87,55.0,54.1,56.0,0,0,19.72,18.87,55023,2,0,0,29.17
583661,53.93,55.0,54.1,56.0,0,0,19.84,18.87,55523,2,0,0,29.17
584167,53.93,55.0,54.1,56.0,0,0,19.84,18.88,56023,2,0,0,29.17
584673,53.97,55.0,54.1,56.0,0,0,20.08,18.91,56535,2,0,0,29.18
585179,53.97,55.0,54.1,56.0,0,0,20.08,18.91,57035,2,0,0,29.18
585685,53.97,55.0,54.1,56.0,0,0,20.08,18.91,57535,2,0,0,29.18
586191,53.97,55.0,54.1,56.0,0,0,20.08,18.91,58035,2,0,0,29.18
586697,53.97,55.0,54.1,56.0,0,0,20.08,18.91,58535,2,0,0,29.18
587203,54.08,55.0,54.1,56.0,0,0,20.04,18.91,59035,2,0,0,29.14
587709,54.08,55.0,54.1,56.0,0,0,20.04,18.9,59535,2,0,0,29.14
588215,54.08,55.0,54.1,56.0,0,0,20.04,18.9,60035,2,0,0,29.14
588721,54.11,55.0,54.1,56.0,1,0,20.15,18.94,0,2,0,0,29.17
589227,54.11,55.0,54.1,56.0,1,0,20.15,18.94,500,2,0,0,29.17
589733,54.11,55.0,54.1,56.0,1,0,20.15,18.94,1000,2,0,0,29.17
590239,54.19,55.0,54.1,56.0,1,0,19.95,18.94,1500,2,0,0,29.17
590746,54.22,55.0,54.1,56.0,1,0,20.28,18.96,2000,2,0,0,29.17
591253,54.22,55.0,54.1,56.0,1,0,20.28,18.97,2500,2,0,0,29.17
591759,54.24,55.0,54.1,56.0,1,0,20.28,18.97,3000,2,0,0,29.15
592265,54.24,55.0,54.1,56.0,1,0,20.28,18.96,3500,2,0,0,29.15
592771,54.24,55.0,54.1,56.0,1,0,20.28,18.96,4000,2,0,0,29.15
593277,54.32,55.0,54.1,56.0,1,0,20.43,18.96,4500,2,0,0,29.18
593783,54.32,55.0,54.1,56.0,1,0,20.43,19.01,5000,2,0,0,29.18
594289,54.36,55.0,54.1,56.0,1,0,20.08,19.01,5503,2,0,0,29.15
594795,54.45,55.0,54.1,56.0,1,0,20.17,19.0,6009,2,0,0,29.18
595301,54.45,55.0,54.1,56.0,1,0,20.17,19.05,6515,2,0,0,29.18
595807,54.44,55.0,54.1,56.0,1,0,20.21,19.05,7517,2,0,0,29.18
596313,54.49,55.0,54.1,56.0,1,0,20.1,19.05,8017,2,0,0,29.17
596819,54.49,55.0,54.1,56.0,1,0,20.1,19.05,8517,2,0,0,29.17
597325,54.51,55.0,54.1,56.0,1,0,19.95,19.08,9017,2,0,0,29.2
597831,54.51,55.0,54.1,56.0,1,0,19.95,19.08,9517,2,0,0,29.2
598337,54.55,55.0,54.1,56.0,1,0,19.84,19.05,10017,2,0,0,29.15
598843,54.6,55.0,54.1,56.0,1,0,19.8,19.07,10517,2,0,0,29.15
599349,54.6,55.0,54.1,56.0,1,0,19.8,19.07,11017,2,0,0,29.15
599855,54.65,55.0,54.1,56.0,1,0,19.65,19.12,11517,2,0,0,29.2
600361,54.65,55.0,54.1,56.0,1,0,19.65,19.12,12017,2,0,0,29.2
600867,54.67,55.0,54.1,56.0,1,0,19.46,19.09,12530,2,0,0,29.15
601373,54.67,55.0,54.1,56.0,1,0,19.46,19.09,13030,2,0,0,29.15
601879,54.73,55.0,54.1,56.0,1,0,19.41,19.13,13530,2,0,0,29.18
602385,54.73,55.0,54.1,56.0,1,0,19.46,19.13,14030,2,0,0,29.18
602891,54.75,55.0,54.1,56.0,1,0,19.22,19.11,14530,2,0,0,29.15
603397,54.75,55.0,54.1,56.0,1,0,19.22,19.11,15030,2,0,0,29.15
603903,54.81,55.0,54.1,56.0,1,0,19.2,19.13,15530,2,0,0,29.15
604409,54.81,55.0,54.1,56.0,1,0,19.2,19.13,16030,2,0,0,29.15
604915,54.88,55.0,54.1,56.0,1,0,18.92,19.18,16530,2,0,0,29.18
605421,54.88,55.0,54.1,56.0,1,0,18.92,19.18,17030,2,0,0,29.18
605927,54.98,55.0,54.1,56.0,1,0,19.18,19.18,17530,2,0,0,29.15
606433,54.99,55.0,54.1,56.0,1,0,18.79,19.2,18030,2,0,0,29.17
606940,54.99,55.0,54.1,56.0,1,0,18.79,19.2,18530,2,0,0,29.17
607447,55.08,55.0,54.1,56.0,1,0,18.62,19.22,19030,2,0,0,29.17
607953,55.05,55.0,54.1,56.0,1,0,18.55,19.22,19530,2,0,0,29.15
608459,55.05,55.0,54.1,56.0,1,0,18.55,19.2,20030,2,0,0,29.15
608965,55.13,55.0,54.1,56.0,1,0,18.42,19.25,20530,2,0,0,29.18
609471,55.13,55.0,54.1,56.0,1,0,18.42,19.25,21030,2,0,0,29.18
609977,55.16,55.0,54.1,56.0,1,0,18.47,19.26,21530,2,0,0,29.18
610483,55.16,55.0,54.1,56.0,1,0,18.47,19.26,22030,2,0,0,29.18
610989,55.16,55.0,54.1,56.0,1,0,18.47,19.26,22530,2,0,0,29.18
611495,55.16,55.0,54.1,56.0,1,0,18.47,19.26,23030,2,0,0,29.18
612001,55.16,55.0,54.1,56.0,1,0,18.47,19.26,23530,2,0,0,29.18
612507,55.3,55.0,54.1,56.0,1,0,18.01,19.26,24030,2,0,0,29.15
613013,55.35,55.0,54.1,56.0,1,0,18.08,19.27,24530,2,0,0,29.17
613519,55.35,55.0,54.1,56.0,1,0,18.08,19.3,25030,2,0,0,29.17
614025,55.32,55.0,54.1,56.0,1,0,17.91,19.28,25542,2,0,0,29.15
614532,55.31,55.0,54.1,56.0,1,0,17.71,19.28,26042,2,0,0,29.15
615039,55.31,55.0,54.1,56.0,1,0,17.71,19.27,26543,2,1,0,29.15
615545,55.4,55.0,54.1,56.0,1,0,17.58,19.33,27044,2,1,0,29.18
616051,55.4,55.0,54.1,56.0,1,0,17.58,19.33,27544,2,1,0,29.18
616557,55.4,55.0,54.1,56.0,1,0,17.58,19.33,28044,2,1,0,29.18
617063,55.4,55.0,54.1,56.0,1,0,17.58,19.33,28544,2,1,0,29.18
617569,55.37,55.0,54.1,56.0,1,0,17.5,19.31,29044,2,1,0,29.17
618075,55.37,55.0,54.1,56.0,1,0,17.5,19.31,29544,2,1,0,29.17
618581,55.41,55.0,54.1,56.0,1,0,17.24,19.3,30044,2,1,0,29.15
619087,55.38,55.0,54.1,56.0,1,0,17.24,19.3,30544,2,1,0,29.15
619593,55.4,55.0,54.1,56.0,1,0,17.02,19.3,31044,2,1,0,29.17
620099,55.4,55.0,54.1,56.0,1,0,17.02,19.31,31544,2,1,0,29.17
620605,55.41,55.0,54.1,56.0,1,0,16.98,19.3,32044,2,1,0,29.15
621111,55.41,55.0,54.1,56.0,1,0,16.98,19.3,32544,2,1,0,29.15
621627,55.36,55.0,54.1,56.0,1,0,16.83,19.3,33044,2,1,0,29.17
622134,55.36,55.0,54.1,56.0,1,0,16.83,19.3,33544,2,1,0,29.17
622640,55.36,55.0,54.1,56.0,1,0,16.83,19.3,34044,2,1,0,29.17
623146,55.37,55.0,54.1,56.0,1,0,16.61,19.3,34544,2,1,0,29.17
623652,55.37,55.0,54.1,56.0,1,0,16.61,19.31,35044,2,1,0,29.17
624158,55.37,55.0,54.1,56.0,1,0,16.61,19.31,35544,2,1,0,29.17
624664,55.34,55.0,54.1,56.0,1,0,16.55,19.31,36044,2,1,0,29.14
625170,55.29,55.0,54.1,56.0,1,0,16.33,19.27,36544,2,1,0,29.18
625676,55.29,55.0,54.1,56.0,1,0,16.33,19.3,37044,2,1,0,29.18
626182,55.29,55.0,54.1,56.0,1,0,16.2,19.3,37544,2,1,0,29.17
626688,55.26,55.0,54.1,56.0,1,0,16.33,19.28,38044,2,1,0,29.17
627194,55.26,55.0,54.1,56.0,1,0,16.33,19.27,38544,2,1,0,29.17
627700,55.21,55.0,54.1,56.0,1,0,16.07,19.27,39044,2,1,0,29.17
628206,55.21,55.0,54.1,56.0,1,0,15.71,19.26,39544,2,1,0,29.17
628712,55.21,55.0,54.1,56.0,0,0,15.71,19.26,0,2,1,0,29.17
629218,55.12,55.0,54.1,56.0,0,0,15.12,19.21,516,2,1,0,29.14
629738,55.09,55.0,54.1,56.0,0,0,15.88,19.21,1016,2,1,0,29.13
630245,55.09,55.0,54.1,56.0,0,0,15.88,19.19,1516,2,1,0,29.13
630751,55.1,55.0,54.1,56.0,0,0,15.77,19.21,2016,2,1,0,29.15
631257,55.1,55.0,54.1,56.0,0,0,15.77,19.21,2516,2,1,0,29.15
631763,55.02,55.0,54.1,56.0,0,0,15.9,19.21,3016,2,1,0,29.15
632269,54.97,55.0,54.1,56.0,0,0,15.64,19.19,3516,2,1,0,29.15
632775,54.97,55.0,54.1,56.0,0,0,15.64,19.18,4016,2,1,0,29.15
633281,54.97,55.0,54.1,56.0,0,0,15.92,19.2,4516,2,1,0,29.18
633795,54.94,55.0,54.1,56.0,0,0,15.64,19.2,5016,2,1,0,29.17
634302,54.94,55.0,54.1,56.0,0,0,15.64,19.18,5516,2,1,0,29.17
634808,54.85,55.0,54.1,56.0,0,0,15.62,19.18,6016,2,1,0,29.17
635314,54.85,55.0,54.1,56.0,0,0,15.62,19.16,6516,2,1,0,29.17
635820,54.8,55.0,54.1,56.0,0,0,15.9,19.16,7016,2,1,0,29.14
636326,54.76,55.0,54.1,56.0,0,0,15.77,19.11,7516,2,1,0,29.15
636832,54.76,55.0,54.1,56.0,0,0,15.77,19.11,8016,2,1,0,29.15
637339,54.76,55.0,54.1,56.0,0,0,15.77,19.11,8516,2,1,0,29.15
637846,54.76,55.0,54.1,56.0,0,0,15.77,19.11,9016,2,1,0,29.15
638352,54.76,55.0,54.1,56.0,0,0,15.77,19.11,10018,2,1,0,29.15
638858,54.59,55.0,54.1,56.0,0,0,15.84,19.05,10518,2,1,0,29.14
639364,54.59,55.0,54.1,56.0,0,0,15.84,19.05,11018,2,1,0,29.14
639870,54.57,55.0,54.1,56.0,0,0,15.92,19.06,11518,2,1,0,29.15
640376,54.57,55.0,54.1,56.0,0,0,15.92,19.06,12018,2,1,0,29.15
640882,54.57,55.0,54.1,56.0,0,0,15.92,19.06,12521,2,1,0,29.15
641388,54.57,55.0,54.1,56.0,0,0,15.92,19.06,13021,2,1,0,29.15
641894,54.41,55.0,54.1,56.0,0,0,16.16,19.0,13521,2,1,0,29.14
642400,54.38,55.0,54.1,56.0,0,0,16.05,18.99,14021,2,1,0,29.14
642906,54.3,55.0,54.1,56.0,0,0,16.2,18.98,14521,2,1,0,29.15
643412,54.25,55.0,54.1,56.0,0,0,16.14,18.95,15021,2,1,0,29.14
643918,54.25,55.0,54.1,56.0,0,0,16.14,18.95,15521,2,1,0,29.14
644424,54.25,55.0,54.1,56.0,0,0,16.35,18.95,16021,2,1,0,29.14
644931,54.19,55.0,54.1,56.0,0,0,15.79,18.95,16521,2,1,0,29.14
645438,54.19,55.0,54.1,56.0,0,0,15.79,18.93,17021,2,1,0,29.14
645944,54.19,55.0,54.1,56.0,0,0,15.79,18.93,17521,2,1,0,29.14
646450,54.19,55.0,54.1,56.0,0,0,15.79,18.93,18021,2,1,0,29.14
646956,54.11,55.0,54.1,56.0,0,0,16.46,18.9,18521,2,1,0,29.13
647462,54.04,55.0,54.1,56.0,0,0,16.72,18.89,19021,2,1,0,29.14
647968,54.01,55.0,54.1,56.0,0,0,16.68,18.87,19521,2,1,0,29.13
648474,53.95,55.0,54.1,56.0,0,0,16.89,18.87,20021,2,1,0,29.13
648980,53.95,55.0,54.1,56.0,0,0,16.89,18.85,20521,2,1,0,29.13
649486,53.9,55.0,54.1,56.0,0,0,16.53,18.85,21021,2,1,0,29.14
649992,53.91,55.0,54.1,56.0,0,0,16.81,18.85,21521,2,1,0,29.15
650498,53.91,55.0,54.1,56.0,0,0,16.81,18.86,22021,2,1,0,29.15
651004,53.85,55.0,54.1,56.0,0,0,16.98,18.85,22521,2,1,0,29.15
651510,53.79,55.0,54.1,56.0,0,0,17.17,18.82,23021,2,1,0,29.14
652016,53.79,55.0,54.1,56.0,0,0,17.17,18.82,23521,2,1,0,29.14
652522,53.77,55.0,54.1,56.0,0,0,17.04,18.82,24021,2,1,0,29.15
653028,53.73,55.0,54.1,56.0,0,0,17.2,18.82,24521,2,1,0,29.14
653543,53.72,55.0,54.1,56.0,0,0,17.39,18.8,25021,2,1,0,29.13
654050,53.72,55.0,54.1,56.0,0,0,17.39,18.78,25521,2,0,0,29.13
654556,53.72,55.0,54.1,56.0,0,0,17.39,18.78,26021,2,0,0,29.13
655062,53.65,55.0,54.1,56.0,0,0,17.52,18.77,26521,2,0,0,29.14
655568,53.67,55.0,54.1,56.0,0,0,17.54,18.78,27021,2,0,0,29.14
656074,53.65,55.0,54.1,56.0,0,0,17.63,18.78,27521,2,0,0,29.14
656580,53.6,55.0,54.1,56.0,0,0,17.65,18.77,28021,2,0,0,29.13
657086,53.6,55.0,54.1,56.0,0,0,17.65,18.75,28521,2,0,0,29.13
657592,53.6,55.0,54.1,56.0,0,0,17.65,18.75,29021,2,0,0,29.13
658098,53.62,55.0,54.1,56.0,0,0,17.67,18.75,29521,2,0,0,29.13
658604,53.56,55.0,54.1,56.0,0,0,17.69,18.74,30021,2,0,0,29.13
659110,53.57,55.0,54.1,56.0,0,0,17.35,18.74,30521,2,0,0,29.14
659616,53.54,55.0,54.1,56.0,0,0,17.84,18.75,31021,2,0,0,29.14
660122,53.54,55.0,54.1,56.0,0,0,17.84,18.74,31521,2,0,0,29.14
660628,53.53,55.0,54.1,56.0,0,0,17.99,18.74,32021,2,0,0,29.13
661134,53.49,55.0,54.1,56.0,0,0,18.01,18.73,32521,2,0,0,29.13
661640,53.49,55.0,54.1,56.0,0,0,18.01,18.71,33021,2,0,0,29.13
662146,53.52,55.0,54.1,56.0,0,0,18.19,18.73,33521,2,0,0,29.14
662652,53.53,55.0,54.1,56.0,0,0,18.21,18.73,34033,2,0,0,29.13
663158,53.53,55.0,54.1,56.0,0,0,18.21,18.73,34533,2,0,0,29.13
663664,53.53,55.0,54.1,56.0,0,0,18.21,18.73,35033,2,0,0,29.13
664170,53.49,55.0,54.1,56.0,0,0,18.51,18.73,35533,2,0,0,29.13
664676,53.49,55.0,54.1,56.0,0,0,18.51,18.71,36033,2,0,0,29.13
665182,53.5,55.0,54.1,56.0,0,0,18.36,18.71,36533,2,0,0,29.11
665688,53.52,55.0,54.1,56.0,0,0,18.53,18.7,37033,2,0,0,29.14
666195,53.52,55.0,54.1,56.0,0,0,18.53,18.73,37533,2,0,0,29.14
666701,53.52,55.0,54.1,56.0,0,0,18.53,18.73,38033,2,0,0,29.14
667207,53.55,55.0,54.1,56.0,0,0,18.53,18.73,38533,2,0,0,29.13
667713,53.55,55.0,54.1,56.0,0,0,18.53,18.73,39033,2,0,0,29.13
668219,53.55,55.0,54.1,56.0,0,0,18.53,18.73,39533,2,0,0,29.13
668725,53.55,55.0,54.1,56.0,0,0,18.64,18.73,40033,2,0,0,29.13
669231,53.54,55.0,54.1,56.0,0,0,18.66,18.73,40533,2,0,0,29.13
669737,53.55,55.0,54.1,56.0,0,0,18.66,18.73,41033,2,0,0,29.13
670243,53.55,55.0,54.1,56.0,0,0,18.66,18.73,41533,2,0,0,29.13
670749,53.57,55.0,54.1,56.0,0,0,18.83,18.73,42033,2,0,0,29.15
671255,53.57,55.0,54.1,56.0,0,0,18.83,18.76,42533,2,0,0,29.15
671761,53.57,55.0,54.1,56.0,0,0,18.83,18.76,43033,2,0,0,29.15
672267,53.59,55.0,54.1,56.0,0,0,19.09,18.76,43533,2,0,0,29.14
672773,53.59,55.0,54.1,56.0,0,0,19.09,18.76,44033,2,0,0,29.14
673280,53.64,55.0,54.1,56.0,0,0,19.2,18.76,44533,2,0,0,29.14
673787,53.64,55.0,54.1,56.0,0,0,19.2,18.77,45033,2,0,0,29.14
674293,53.63,55.0,54.1,56.0,0,0,19.22,18.77,45533,2,0,0,29.13
674799,53.63,55.0,54.1,56.0,0,0,19.22,18.76,46033,2,0,0,29.13
675305,53.68,55.0,54.1,56.0,0,0,19.44,18.76,46533,2,0,0,29.14
675811,53.7,55.0,54.1,56.0,0,0,19.22,18.78,47033,2,0,0,29.13
676317,53.69,55.0,54.1,56.0,0,0,19.37,18.78,47533,2,0,0,29.13
676823,53.74,55.0,54.1,56.0,0,0,19.16,18.77,48033,2,0,0,29.14
677329,53.74,55.0,54.1,56.0,0,0,19.16,18.8,48533,2,0,0,29.14
677835,53.74,55.0,54.1,56.0,0,0,19.16,18.8,49033,2,0,0,29.14
678341,53.74,55.0,54.1,56.0,0,0,19.16,18.8,49533,2,0,0,29.14
678847,53.73,55.0,54.1,56.0,0,0,19.65,18.8,50033,2,0,0,29.15
679353,53.8,55.0,54.1,56.0,0,0,19.56,18.81,50533,2,0,0,29.11
679859,53.78,55.0,54.1,56.0,0,0,19.56,18.79,51033,2,0,0,29.13
680365,53.8,55.0,54.1,56.0,0,0,19.52,18.8,51533,2,0,0,29.14
680871,53.8,55.0,54.1,56.0,0,0,19.52,18.82,52037,2,0,0,29.14
681392,53.8,55.0,54.1,56.0,0,0,20.02,18.82,53058,2,0,0,29.14
681899,53.8,55.0,54.1,56.0,0,0,20.02,18.82,53558,2,0,0,29.14
682405,53.84,55.0,54.1,56.0,0,0,19.67,18.83,54058,2,0,0,29.14
682911,53.84,55.0,54.1,56.0,0,0,19.67,18.83,54558,2,0,0,29.14
683417,53.9,55.0,54.1,56.0,0,0,19.89,18.84,55058,2,0,0,29.13
683923,53.93,55.0,54.1,56.0,0,0,19.93,18.87,55558,2,0,0,29.15
684429,53.96,55.0,54.1,56.0,0,0,20.02,18.87,56058,2,0,0,29.14
684935,53.96,55.0,54.1,56.0,0,0,20.02,18.87,56558,2,0,0,29.14
685441,53.92,55.0,54.1,56.0,0,0,20.02,18.83,57058,2,0,0,29.11
685947,53.92,55.0,54.1,56.0,0,0,20.02,18.83,57558,2,0,0,29.11
686453,53.99,55.0,54.1,56.0,0,0,20.21,18.86,58058,2,0,0,29.13
686959,53.99,55.0,54.1,56.0,0,0,20.21,18.86,58558,2,0,0,29.13
687465,53.99,55.0,54.1,56.0,0,0,20.21,18.86,59058,2,0,0,29.13
687971,54.05,55.0,54.1,56.0,0,0,20.15,18.88,59568,2,0,0,29.13
688477,54.05,55.0,54.1,56.0,0,0,20.15,18.88,60068,2,0,0,29.13
688983,54.05,55.0,54.1,56.0,0,0,19.97,18.89,60568,2,0,0,29.14
689489,54.11,55.0,54.1,56.0,1,0,20.38,18.9,0,2,0,0,29.13
689995,54.11,55.0,54.1,56.0,1,0,20.38,18.9,500,2,0,0,29.13
690501,54.15,55.0,54.1,56.0,1,0,20.28,18.91,1000,2,0,0,29.13
691007,54.21,55.0,54.1,56.0,1,0,20.43,18.91,1500,2,0,0,29.11
691513,54.21,55.0,54.1,56.0,1,0,20.43,18.92,2000,2,0,0,29.11
692019,54.21,55.0,54.1,56.0,1,0,20.43,18.92,2500,2,0,0,29.11
692525,54.25,55.0,54.1,56.0,1,0,20.38,18.95,3000,2,0,0,29.14
693044,54.32,55.0,54.1,56.0,1,0,20.43,18.95,3500,2,0,0,29.15
693551,54.32,55.0,54.1,56.0,1,0,20.43,18.98,4000,2,0,0,29.15
694057,54.3,55.0,54.1,56.0,1,0,20.4,18.95,4500,2,0,0,29.13
694563,54.35,55.0,54.1,56.0,1,0,20.06,18.95,5000,2,0,0,29.15
695069,54.35,55.0,54.1,56.0,1,0,20.06,18.99,5500,2,0,0,29.15
695575,54.35,55.0,54.1,56.0,1,0,20.06,18.99,6000,2,0,0,29.15
696081,54.41,55.0,54.1,56.0,1,0,20.34,18.99,6500,2,0,0,29.13
696587,54.39,55.0,54.1,56.0,1,0,20.3,18.97,7000,2,0,0,29.11
697093,54.39,55.0,54.1,56.0,1,0,20.3,18.97,7500,2,0,0,29.11
697599,54.39,55.0,54.1,56.0,1,0,20.3,18.97,8000,2,0,0,29.11
698105,54.52,55.0,54.1,56.0,1,0,20.19,18.97,8500,2,0,0,29.14
698611,54.52,55.0,54.1,56.0,1,0,20.19,19.03,9000,2,0,0,29.14
699117,54.55,55.0,54.1,56.0,1,0,19.95,19.03,9500,2,0,0,29.13
699623,54.55,55.0,54.1,56.0,1,0,19.95,19.03,10000,2,0,0,29.13
700129,54.57,55.0,54.1,56.0,1,0,19.89,19.03,10500,2,0,0,29.13
700635,54.57,55.0,54.1,56.0,1,0,19.89,19.03,11000,2,0,0,29.13
701141,54.68,55.0,54.1,56.0,1,0,19.74,19.03,11500,2,0,0,29.13
701647,54.68,55.0,54.1,56.0,1,0,19.74,19.07,12000,2,0,0,29.13
702153,54.68,55.0,54.1,56.0,1,0,19.61,19.08,12500,2,0,0,29.14
702659,54.72,55.0,54.1,56.0,1,0,19.46,19.09,13009,2,0,0,29.14
703165,54.73,55.0,54.1,56.0,1,0,19.44,19.09,13509,2,0,0,29.14
703671,54.73,55.0,54.1,56.0,1,0,19.44,19.09,14009,2,0,0,29.14
704177,54.78,55.0,54.1,56.0,1,0,19.46,19.1,14509,2,0,0,29.13
704683,54.78,55.0,54.1,56.0,1,0,19.46,19.1,15009,2,0,0,29.13
705189,54.84,55.0,54.1,56.0,1,0,18.94,19.11,15509,2,0,0,29.13
705695,54.88,55.0,54.1,56.0,1,0,19.11,19.14,16009,2,0,0,29.14
706201,54.88,55.0,54.1,56.0,1,0,19.11,19.14,16509,2,0,0,29.14
706707,54.95,55.0,54.1,56.0,1,0,18.96,19.14,17009,2,0,0,29.14
707213,54.95,55.0,54.1,56.0,1,0,18.96,19.16,17509,2,0,0,29.14
707719,54.97,55.0,54.1,56.0,1,0,18.57,19.16,18009,2,0,0,29.14
708225,55.02,55.0,54.1,56.0,1,0,18.79,19.16,18509,2,0,0,29.13
708731,55.02,55.0,54.1,56.0,1,0,18.79,19.16,19009,2,0,0,29.13
709237,55.08,55.0,54.1,56.0,1,0,18.53,19.16,19509,2,0,0,29.13
709743,55.13,55.0,54.1,56.0,1,0,18.55,19.18,20009,2,0,0,29.11
710249,55.13,55.0,54.1,56.0,1,0,18.55,19.18,20509,2,0,0,29.11
710755,55.13,55.0,54.1,56.0,1,0,18.51,19.2,21016,2,0,0,29.13
711261,55.13,55.0,54.1,56.0,1,0,18.51,19.2,21516,2,0,0,29.13
711767,55.13,55.0,54.1,56.0,1,0,18.51,19.2,22016,2,0,0,29.13
712273,55.24,55.0,54.1,56.0,1,0,18.1,19.2,22516,2,0,0,29.11
712779,55.24,55.0,54.1,56.0,1,0,18.1,19.22,23016,2,0,0,29.11
713285,55.24,55.0,54.1,56.0,1,0,18.1,19.22,23516,2,0,0,29.11
713791,55.32,55.0,54.1,56.0,1,0,18.06,19.22,24016,2,0,0,29.13
714297,55.32,55.0,54.1,56.0,1,0,18.06,19.25,24516,2,0,0,29.13
714803,55.27,55.0,54.1,56.0,1,0,17.88,19.25,25016,2,0,0,29.14
715309,55.36,55.0,54.1,56.0,1,0,17.88,19.25,25516,2,0,0,29.14
715815,55.38,55.0,54.1,56.0,1,0,17.82,19.28,26016,2,0,0,29.13
716331,55.4,55.0,54.1,56.0,1,0,17.45,19.27,26516,2,0,0,29.13
716838,55.4,55.0,54.1,56.0,1,0,17.45,19.28,27016,2,1,0,29.13
717344,55.42,55.0,54.1,56.0,1,0,17.67,19.28,27516,2,1,0,29.15
717850,55.42,55.0,54.1,56.0,1,0,17.67,19.31,28016,2,1,0,29.15
718356,55.41,55.0,54.1,56.0,1,0,17.54,19.27,28518,2,1,0,29.11
718862,55.44,55.0,54.1,56.0,1,0,17.41,19.27,29018,2,1,0,29.11
719368,55.42,55.0,54.1,56.0,1,0,17.37,19.27,29518,2,1,0,29.15
719874,55.42,55.0,54.1,56.0,1,0,17.37,19.31,30018,2,1,0,29.15
720380,55.44,55.0,54.1,56.0,1,0,17.32,19.31,30518,2,1,0,29.13
720886,55.44,55.0,54.1,56.0,1,0,17.32,19.29,31018,2,1,0,29.13
721392,55.44,55.0,54.1,56.0,1,0,17.32,19.29,31518,2,1,0,29.13
721898,55.44,55.0,54.1,56.0,1,0,17.32,19.29,32018,2,1,0,29.13
722404,55.44,55.0,54.1,56.0,1,0,17.32,19.29,32518,2,1,0,29.13
722910,55.44,55.0,54.1,56.0,1,0,17.32,19.29,33018,2,1,0,29.13
723416,55.43,55.0,54.1,56.0,1,0,16.89,19.29,33518,2,1,0,29.13
723922,55.43,55.0,54.1,56.0,1,0,16.68,19.3,34520,2,1,0,29.14
724428,55.39,55.0,54.1,56.0,1,0,16.55,19.26,35020,2,1,0,29.11
724934,55.34,55.0,54.1,56.0,1,0,16.33,19.25,35520,2,1,0,29.11
725440,55.34,55.0,54.1,56.0,1,0,16.33,19.25,36020,2,1,0,29.11
725946,55.38,55.0,54.1,56.0,1,0,16.59,19.27,36520,2,1,0,29.13
726452,55.34,55.0,54.1,56.0,1,0,16.03,19.26,37020,2,1,0,29.13
726958,55.34,55.0,54.1,56.0,1,0,16.03,19.26,37520,2,1,0,29.13
727464,55.3,55.0,54.1,56.0,1,0,16.27,19.23,38020,2,1,0,29.11
727970,55.3,55.0,54.1,56.0,1,0,16.27,19.23,38520,2,1,0,29.11
728476,55.3,55.0,54.1,56.0,1,0,16.27,19.23,39020,2,1,0,29.11
728982,55.27,55.0,54.1,56.0,1,0,16.07,19.24,39520,2,1,0,29.13
729488,55.27,55.0,54.1,56.0,0,0,16.07,19.24,0,2,1,0,29.13
729994,55.27,55.0,54.1,56.0,0,0,16.07,19.24,500,2,1,0,29.13
730500,55.19,55.0,54.1,56.0,0,0,16.07,19.2,1000,2,1,0,29.11
731006,55.15,55.0,54.1,56.0,0,0,16.01,19.19,1500,2,1,0,29.11
731512,55.15,55.0,54.1,56.0,0,0,16.01,19.19,2000,2,1,0,29.11
732018,55.08,55.0,54.1,56.0,0,0,15.77,19.18,2500,2,1,0,29.13
732524,55.08,55.0,54.1,56.0,0,0,15.86,19.17,3000,2,1,0,29.11
733030,55.07,55.0,54.1,56.0,0,0,15.92,19.17,3500,2,1,0,29.14
733536,55.07,55.0,54.1,56.0,0,0,15.92,19.19,4000,2,1,0,29.14
734042,55.02,55.0,54.1,56.0,0,0,15.71,19.16,4500,2,1,0,29.13
734548,55.0,55.0,54.1,56.0,0,0,15.81,19.15,5000,2,1,0,29.11
735054,54.93,55.0,54.1,56.0,0,0,15.79,19.14,5500,2,1,0,29.13
735560,54.93,55.0,54.1,56.0,0,0,15.79,19.14,6000,2,1,0,29.13
736066,54.93,55.0,54.1,56.0,0,0,15.79,19.14,6500,2,1,0,29.13
736572,54.87,55.0,54.1,56.0,0,0,15.71,19.14,7000,2,1,0,29.11
737078,54.87,55.0,54.1,56.0,0,0,15.71,19.11,7500,2,1,0,29.11
737584,54.84,55.0,54.1,56.0,0,0,15.6,19.1,8000,2,1,0,29.11
738090,54.78,55.0,54.1,56.0,0,0,15.92,19.07,8500,2,1,0,29.1
738596,54.74,55.0,54.1,56.0,0,0,15.68,19.07,9000,2,1,0,29.11
739102,54.74,55.0,54.1,56.0,0,0,15.68,19.07,9500,2,1,0,29.11
739608,54.69,55.0,54.1,56.0,0,0,16.03,19.07,10000,2,1,0,29.11
740114,54.69,55.0,54.1,56.0,0,0,16.03,19.06,10500,2,1,0,29.11
740620,54.63,55.0,54.1,56.0,0,0,16.57,19.04,11000,2,1,0,29.11
741126,54.63,55.0,54.1,56.0,0,0,16.57,19.04,11500,2,1,0,29.11
741632,54.53,55.0,54.1,56.0,0,0,16.03,19.01,12000,2,1,0,29.11
742138,54.51,55.0,54.1,56.0,0,0,16.01,19.01,12500,2,1,0,29.13
742644,54.51,55.0,54.1,56.0,0,0,16.01,19.02,13000,2,1,0,29.13
743150,54.51,55.0,54.1,56.0,0,0,16.01,19.02,13500,2,1,0,29.13
743656,54.37,55.0,54.1,56.0,0,0,16.1,18.93,14000,2,1,0,29.08
744162,54.37,55.0,54.1,56.0,0,0,16.1,18.93,14500,2,1,0,29.08
744668,54.34,55.0,54.1,56.0,0,0,16.27,18.93,15000,2,1,0,29.1
745174,54.34,55.0,54.1,56.0,0,0,16.27,18.94,15500,2,1,0,29.1
745680,54.26,55.0,54.1,56.0,0,0,16.38,18.93,16000,2,1,0,29.11
746186,54.18,55.0,54.1,56.0,0,0,16.76,18.93,16504,2,1,0,29.11
746692,54.18,55.0,54.1,56.0,0,0,16.76,18.91,17005,2,1,0,29.11
747198,54.18,55.0,54.1,56.0,0,0,16.53,18.91,17505,2,1,0,29.11
747704,54.18,55.0,54.1,56.0,0,0,16.53,18.91,18005,2,1,0,29.11
748210,54.18,55.0,54.1,56.0,0,0,16.53,18.91,18505,2,1,0,29.11
748716,54.04,55.0,54.1,56.0,0,0,17.3,18.84,19005,2,1,0,29.08
749222,54.04,55.0,54.1,56.0,0,0,17.3,18.84,19505,2,1,0,29.08
749728,54.03,55.0,54.1,56.0,0,0,16.35,18.84,20005,2,1,0,29.14
750234,54.03,55.0,54.1,56.0,0,0,16.35,18.89,20505,2,1,0,29.14
750740,53.96,55.0,54.1,56.0,0,0,16.83,18.83,21005,2,1,0,29.1
751246,53.9,55.0,54.1,56.0,0,0,16.89,18.83,21505,2,1,0,29.11
751752,53.9,55.0,54.1,56.0,0,0,17.07,18.82,22005,2,1,0,29.1
752258,53.9,55.0,54.1,56.0,0,0,17.07,18.81,22505,2,1,0,29.1
752764,53.83,55.0,54.1,56.0,0,0,17.24,18.81,23005,2,1,0,29.13
753270,53.83,55.0,54.1,56.0,0,0,17.24,18.81,23505,2,1,0,29.13
753776,53.8,55.0,54.1,56.0,0,0,17.32,18.79,24005,2,0,0,29.11
754282,53.78,55.0,54.1,56.0,0,0,17.26,18.79,24516,2,1,0,29.11
754788,53.77,55.0,54.1,56.0,0,0,17.2,18.79,25016,2,1,0,29.08
755294,53.77,55.0,54.1,56.0,0,0,17.2,18.76,25516,2,1,0,29.08
755800,53.71,55.0,54.1,56.0,0,0,17.45,18.75,26016,2,0,0,29.1
756306,53.71,55.0,54.1,56.0,0,0,17.45,18.75,26516,2,0,0,29.1
756812,53.67,55.0,54.1,56.0,0,0,17.58,18.75,27016,2,0,0,29.1
757318,53.67,55.0,54.1,56.0,0,0,17.09,18.74,27516,2,0,0,29.11
757824,53.64,55.0,54.1,56.0,0,0,17.86,18.76,28016,2,1,0,29.1
758330,53.62,55.0,54.1,56.0,0,0,17.73,18.73,28516,2,0,0,29.08
758836,53.62,55.0,54.1,56.0,0,0,17.73,18.71,29016,2,0,0,29.08
759342,53.62,55.0,54.1,56.0,0,0,17.73,18.71,29516,2,0,0,29.08
759848,53.57,55.0,54.1,56.0,0,0,17.86,18.71,30016,2,0,0,29.1
760354,53.57,55.0,54.1,56.0,0,0,17.86,18.71,30516,2,0,0,29.1
760860,53.57,55.0,54.1,56.0,0,0,17.99,18.71,31016,2,0,0,29.1
761366,53.55,55.0,54.1,56.0,0,0,17.65,18.71,31516,2,0,0,29.1
761872,53.55,55.0,54.1,56.0,0,0,17.65,18.7,32016,2,0,0,29.1
762378,53.56,55.0,54.1,56.0,0,0,18.34,18.7,32516,2,0,0,29.1
762884,53.56,55.0,54.1,56.0,0,0,18.23,18.71,33016,2,0,0,29.1
763390,53.55,55.0,54.1,56.0,0,0,18.19,18.71,33516,2,0,0,29.1
763896,53.55,55.0,54.1,56.0,0,0,18.19,18.7,34016,2,0,0,29.1
764416,53.55,55.0,54.1,56.0,0,0,18.4,18.7,34516,2,0,0,29.1
764923,53.55,55.0,54.1,56.0,0,0,18.4,18.7,35016,2,0,0,29.1
765429,53.55,55.0,54.1,56.0,0,0,18.4,18.7,35516,2,0,0,29.1
765935,53.55,55.0,54.1,56.0,0,0,18.4,18.7,36016,2,0,0,29.1
766441,53.55,55.0,54.1,56.0,0,0,18.4,18.7,37019,2,0,0,29.1
766947,53.55,55.0,54.1,56.0,0,0,18.4,18.7,37519,2,0,0,29.1
767453,53.55,55.0,54.1,56.0,0,0,18.4,18.7,38019,2,0,0,29.1
767959,53.55,55.0,54.1,56.0,0,0,18.4,18.7,38519,2,0,0,29.1
768465,53.55,55.0,54.1,56.0,0,0,18.4,18.7,39019,2,0,0,29.1
768971,53.55,55.0,54.1,56.0,0,0,18.4,18.7,39519,2,0,0,29.1
769477,53.55,55.0,54.1,56.0,0,0,18.4,18.7,40019,2,0,0,29.1
769983,53.55,55.0,54.1,56.0,0,0,18.4,18.7,40519,2,0,0,29.1
770489,53.6,55.0,54.1,56.0,0,0,18.79,18.72,41019,2,0,0,29.1
770995,53.6,55.0,54.1,56.0,0,0,18.79,18.72,41519,2,0,0,29.1
771501,53.62,55.0,54.1,56.0,0,0,18.77,18.73,42019,2,0,0,29.1
772007,53.62,55.0,54.1,56.0,0,0,18.77,18.73,42519,2,0,0,29.1
772513,53.59,55.0,54.1,56.0,0,0,18.38,18.72,43019,2,0,0,29.1
773019,53.61,55.0,54.1,56.0,0,0,18.88,18.7,43519,2,0,0,29.07
773525,53.61,55.0,54.1,56.0,0,0,18.88,18.7,44019,2,0,0,29.07
774031,53.63,55.0,54.1,56.0,0,0,19.13,18.76,44519,2,0,0,29.13
774537,53.62,55.0,54.1,56.0,0,0,19.11,18.73,45019,2,0,0,29.1
775043,53.62,55.0,54.1,56.0,0,0,19.11,18.73,45519,2,0,0,29.1
775549,53.62,55.0,54.1,56.0,0,0,19.11,18.73,46019,2,0,0,29.1
776055,53.68,55.0,54.1,56.0,0,0,19.2,18.77,46519,2,0,0,29.13
776561,53.69,55.0,54.1,56.0,0,0,19.24,18.74,47019,2,0,0,29.1
777067,53.69,55.0,54.1,56.0,0,0,19.24,18.74,47519,2,0,0,29.1
777573,53.67,55.0,54.1,56.0,0,0,19.31,18.73,48019,2,0,0,29.08
778079,53.75,55.0,54.1,56.0,0,0,19.39,18.73,48520,2,0,0,29.11
778585,53.75,55.0,54.1,56.0,0,0,19.39,18.78,49021,2,0,0,29.11
779091,53.73,55.0,54.1,56.0,0,0,19.65,18.75,49522,2,0,0,29.08
779597,53.73,55.0,54.1,56.0,0,0,19.65,18.75,50022,2,0,0,29.08
780103,53.8,55.0,54.1,56.0,0,0,19.61,18.75,50522,2,0,0,29.08
780619,53.81,55.0,54.1,56.0,0,0,19.65,18.77,51022,2,0,0,29.1
781126,53.81,55.0,54.1,56.0,0,0,19.65,18.78,51522,2,0,0,29.1
781632,53.77,55.0,54.1,56.0,0,0,19.31,18.76,52022,2,0,0,29.08
782138,53.82,55.0,54.1,56.0,0,0,19.61,18.79,52522,2,0,0,29.1
782644,53.84,55.0,54.1,56.0,0,0,19.93,18.79,53022,2,0,0,29.07
783150,53.84,55.0,54.1,56.0,0,0,19.93,18.77,53522,2,0,0,29.07
783656,53.86,55.0,54.1,56.0,0,0,19.59,18.8,54022,2,0,0,29.1
784162,53.89,55.0,54.1,56.0,0,0,19.93,18.82,54522,2,0,0,29.11
784668,53.87,55.0,54.1,56.0,0,0,20.47,18.82,55022,2,0,0,29.1
785174,53.87,55.0,54.1,56.0,0,0,20.47,18.8,55522,2,0,0,29.1
785680,53.92,55.0,54.1,56.0,0,0,20.19,18.8,56022,2,0,0,29.08
786186,53.92,55.0,54.1,56.0,0,0,20.19,18.8,56522,2,0,0,29.08
786692,53.92,55.0,54.1,56.0,0,0,20.19,18.8,57022,2,0,0,29.08
787198,54.0,55.0,54.1,56.0,0,0,20.47,18.84,57522,2,0,0,29.1
787704,53.97,55.0,54.1,56.0,0,0,19.97,18.84,58026,2,0,0,29.08
788210,54.0,55.0,54.1,56.0,0,0,20.04,18.82,58526,2,0,0,29.06
788716,54.0,55.0,54.1,56.0,0,0,20.04,18.8,59028,2,0,0,29.06
789223,54.0,55.0,54.1,56.0,0,0,20.04,18.8,59528,2,0,0,29.06
789729,54.0,55.0,54.1,56.0,0,0,20.04,18.8,60028,2,0,0,29.06
790235,54.09,55.0,54.1,56.0,0,0,20.23,18.85,60528,2,0,0,29.08
790741,54.16,55.0,54.1,56.0,1,0,20.49,18.88,0,2,0,0,29.1
791247,54.11,55.0,54.1,56.0,1,0,20.43,18.88,500,2,0,0,29.11
791753,54.11,55.0,54.1,56.0,1,0,20.43,18.89,1000,2,0,0,29.11
792259,54.18,55.0,54.1,56.0,1,0,20.56,18.89,1500,2,0,0,29.08
792765,54.24,55.0,54.1,56.0,1,0,20.36,18.88,2000,2,0,0,29.1
793275,54.24,55.0,54.1,56.0,1,0,20.36,18.91,2500,2,0,0,29.1
793781,54.25,55.0,54.1,56.0,1,0,20.56,18.9,3000,2,0,0,29.08
794287,54.25,55.0,54.1,56.0,1,0,20.56,18.9,3500,2,0,0,29.08
794793,54.28,55.0,54.1,56.0,1,0,20.53,18.91,4015,2,0,0,29.08
795299,54.28,55.0,54.1,56.0,1,0,20.25,18.91,4515,2,0,0,29.07
795805,54.38,55.0,54.1,56.0,1,0,20.43,18.9,5015,2,0,0,29.11
796311,54.34,55.0,54.1,56.0,1,0,20.56,18.97,5515,2,0,0,29.11
796817,54.34,55.0,54.1,56.0,1,0,20.56,18.95,6015,2,0,0,29.11
797323,54.41,55.0,54.1,56.0,1,0,20.25,18.95,6515,2,0,0,29.1
797829,54.41,55.0,54.1,56.0,1,0,20.25,18.96,7015,2,0,0,29.1
798335,54.41,55.0,54.1,56.0,1,0,20.25,18.96,7515,2,0,0,29.1
798841,54.43,55.0,54.1,56.0,1,0,20.15,18.96,8015,2,0,0,29.1
799347,54.48,55.0,54.1,56.0,1,0,20.0,18.97,8515,2,0,0,29.1
799853,54.48,55.0,54.1,56.0,1,0,20.0,18.98,9015,2,0,0,29.1
800359,54.49,55.0,54.1,56.0,1,0,19.97,18.97,9515,2,0,0,29.08
800865,54.54,55.0,54.1,56.0,1,0,19.95,18.97,10015,2,0,0,29.08
801371,54.61,55.0,54.1,56.0,1,0,20.15,18.99,10515,2,0,0,29.08
801880,54.61,55.0,54.1,56.0,1,0,20.15,19.01,11015,2,0,0,29.08
802386,54.64,55.0,54.1,56.0,1,0,19.69,19.01,11515,2,0,0,29.1
802892,54.65,55.0,54.1,56.0,1,0,19.72,19.03,12015,2,0,0,29.1
803398,54.65,55.0,54.1,56.0,1,0,19.72,19.03,12515,2,0,0,29.1
803904,54.68,55.0,54.1,56.0,1,0,19.72,19.03,13025,2,0,0,29.08
804410,54.68,55.0,54.1,56.0,1,0,19.72,19.03,13525,2,0,0,29.08
804916,54.79,55.0,54.1,56.0,1,0,19.35,19.03,14025,2,0,0,29.08
805422,54.79,55.0,54.1,56.0,1,0,19.35,19.06,14525,2,0,0,29.08
805928,54.84,55.0,54.1,56.0,1,0,19.24,19.06,15025,2,0,0,29.1
806434,54.83,55.0,54.1,56.0,1,0,19.26,19.09,15525,2,0,0,29.08
806940,54.83,55.0,54.1,56.0,1,0,19.26,19.07,16025,2,0,0,29.08
807446,54.9,55.0,54.1,56.0,1,0,19.0,19.07,16525,2,0,0,29.08
807952,54.9,55.0,54.1,56.0,1,0,19.0,19.09,17025,2,0,0,29.08
808458,54.92,55.0,54.1,56.0,1,0,18.96,19.09,17525,2,0,0,29.08
808964,54.92,55.0,54.1,56.0,1,0,18.96,19.1,18025,2,0,0,29.08
809470,55.01,55.0,54.1,56.0,1,0,18.85,19.1,18525,2,0,0,29.1
809977,55.01,55.0,54.1,56.0,1,0,18.85,19.14,19527,2,0,0,29.1
810484,55.01,55.0,54.1,56.0,1,0,18.85,19.14,20027,2,0,0,29.1
810990,55.05,55.0,54.1,56.0,1,0,18.29,19.13,20527,2,0,0,29.08
811496,55.14,55.0,54.1,56.0,1,0,18.6,19.17,21027,2,0,0,29.1
812002,55.14,55.0,54.1,56.0,1,0,18.6,19.17,21527,2,0,0,29.1
812508,55.15,55.0,54.1,56.0,1,0,18.36,19.15,22027,2,0,0,29.07
813014,55.21,55.0,54.1,56.0,1,0,18.19,19.19,22527,2,0,0,29.1
813520,55.21,55.0,54.1,56.0,1,0,18.19,19.19,23027,2,0,0,29.1
814026,55.21,55.0,54.1,56.0,1,0,18.25,19.17,23527,2,0,0,29.07
814532,55.29,55.0,54.1,56.0,1,0,18.12,19.23,24027,2,0,0,29.11
815038,55.29,55.0,54.1,56.0,1,0,18.12,19.23,24527,2,0,0,29.11
815544,55.31,55.0,54.1,56.0,1,0,17.22,19.21,25027,2,1,0,29.08
816050,55.31,55.0,54.1,56.0,1,0,17.22,19.21,25527,2,1,0,29.08
816556,55.31,55.0,54.1,56.0,1,0,17.22,19.21,26027,2,1,0,29.08
817062,55.36,55.0,54.1,56.0,1,0,17.84,19.24,26540,2,0,0,29.1
817568,55.36,55.0,54.1,56.0,1,0,17.84,19.24,27040,2,0,0,29.1
818074,55.36,55.0,54.1,56.0,1,0,17.84,19.24,27540,2,0,0,29.1
818580,55.43,55.0,54.1,56.0,1,0,17.52,19.25,28040,2,1,0,29.08
819086,55.45,55.0,54.1,56.0,1,0,17.52,19.25,28540,2,1,0,29.08
819592,55.45,55.0,54.1,56.0,1,0,17.52,19.25,29040,2,1,0,29.08
820098,55.45,55.0,54.1,56.0,1,0,17.52,19.25,29540,2,1,0,29.08
820604,55.37,55.0,54.1,56.0,1,0,17.37,19.23,30040,2,1,0,29.08
821111,55.37,55.0,54.1,56.0,1,0,17.37,19.23,30540,2,1,0,29.08
821617,55.37,55.0,54.1,56.0,1,0,17.37,19.23,31040,2,1,0,29.08
822123,55.38,55.0,54.1,56.0,1,0,17.2,19.22,31540,2,1,0,29.07
822629,55.42,55.0,54.1,56.0,1,0,17.02,19.22,32040,2,1,0,29.1
823135,55.42,55.0,54.1,56.0,1,0,17.02,19.26,32540,2,1,0,29.1
823641,55.43,55.0,54.1,56.0,1,0,16.27,19.25,33040,2,1,0,29.08
824147,55.43,55.0,54.1,56.0,1,0,16.27,19.25,33540,2,1,0,29.08
824653,55.41,55.0,54.1,56.0,1,0,16.72,19.25,34040,2,1,0,29.1
825159,55.38,55.0,54.1,56.0,1,0,16.31,19.22,34540,2,1,0,29.07
825665,55.38,55.0,54.1,56.0,1,0,16.31,19.22,35040,2,1,0,29.07
826171,55.36,55.0,54.1,56.0,1,0,16.72,19.22,35540,2,1,0,29.08
826677,55.37,55.0,54.1,56.0,1,0,16.48,19.24,36040,2,1,0,29.1
827183,55.33,55.0,54.1,56.0,1,0,16.55,19.24,36540,2,1,0,29.07
827689,55.33,55.0,54.1,56.0,1,0,16.55,19.2,37040,2,1,0,29.07
828195,55.33,55.0,54.1,56.0,1,0,16.55,19.2,37540,2,1,0,29.07
828701,55.31,55.0,54.1,56.0,1,0,16.25,19.21,38040,2,1,0,29.08
829207,55.31,55.0,54.1,56.0,1,0,16.25,19.21,38540,2,1,0,29.08
829713,55.3,55.0,54.1,56.0,1,0,16.2,19.21,39043,2,1,0,29.08
830219,55.3,55.0,54.1,56.0,1,0,16.2,19.21,39544,2,1,0,29.08
830725,55.21,55.0,54.1,56.0,0,0,16.25,19.21,0,2,1,0,29.07
831231,55.22,55.0,54.1,56.0,0,0,15.94,19.17,500,2,1,0,29.07
831737,55.22,55.0,54.1,56.0,0,0,15.94,19.17,1000,2,1,0,29.07
832243,55.17,55.0,54.1,56.0,0,0,16.1,19.17,1500,2,1,0,29.08
832749,55.17,55.0,54.1,56.0,0,0,16.1,19.17,2000,2,1,0,29.08
833255,55.17,55.0,54.1,56.0,0,0,16.1,19.17,2500,2,1,0,29.08
833761,55.07,55.0,54.1,56.0,0,0,15.79,19.14,3000,2,1,0,29.08
834267,55.07,55.0,54.1,56.0,0,0,15.79,19.14,3500,2,1,0,29.08
834773,55.04,55.0,54.1,56.0,0,0,15.81,19.14,4000,2,1,0,29.08
835279,55.04,55.0,54.1,56.0,0,0,15.81,19.13,4500,2,1,0,29.08
835785,55.04,55.0,54.1,56.0,0,0,15.81,19.13,5000,2,1,0,29.08
836291,54.9,55.0,54.1,56.0,0,0,15.81,19.13,5500,2,1,0,29.07
836797,54.9,55.0,54.1,56.0,0,0,15.81,19.08,6000,2,1,0,29.07
837303,54.89,55.0,54.1,56.0,0,0,15.53,19.1,6501,2,1,0,29.1
837809,54.89,55.0,54.1,56.0,0,0,15.53,19.1,7001,2,1,0,29.1
838315,54.89,55.0,54.1,56.0,0,0,15.53,19.1,7501,2,1,0,29.1
838821,54.83,55.0,54.1,56.0,0,0,15.86,19.07,8001,2,1,0,29.08
839327,54.83,55.0,54.1,56.0,0,0,15.86,19.07,8501,2,1,0,29.08
839833,54.77,55.0,54.1,56.0,0,0,15.79,19.07,9001,2,1,0,29.06
840339,54.68,55.0,54.1,56.0,0,0,15.86,19.03,9501,2,1,0,29.08
840845,54.66,55.0,54.1,56.0,0,0,15.92,19.03,10001,2,1,0,29.08
841352,54.66,55.0,54.1,56.0,0,0,15.92,19.02,10501,2,1,0,29.08
841858,54.6,55.0,54.1,56.0,0,0,16.03,18.99,11001,2,1,0,29.07
842364,54.6,55.0,54.1,56.0,0,0,16.03,18.99,11501,2,1,0,29.07
842870,54.51,55.0,54.1,56.0,0,0,16.05,18.99,12001,2,1,0,29.04
843376,54.49,55.0,54.1,56.0,0,0,16.03,18.94,12501,2,1,0,29.07
843882,54.49,55.0,54.1,56.0,0,0,16.03,18.96,13001,2,1,0,29.07
844402,54.37,55.0,54.1,56.0,0,0,16.33,18.96,13501,2,1,0,29.06
844909,54.37,55.0,54.1,56.0,0,0,16.33,18.91,14001,2,1,0,29.06
845415,54.34,55.0,54.1,56.0,0,0,16.35,18.91,14501,2,1,0,29.07
845921,54.32,55.0,54.1,56.0,0,0,15.71,18.91,15001,2,1,0,29.07
846427,54.32,55.0,54.1,56.0,0,0,15.71,18.91,15501,2,1,0,29.07
846933,54.24,55.0,54.1,56.0,0,0,16.35,18.91,16001,2,1,0,29.06
847439,54.21,55.0,54.1,56.0,0,0,16.48,18.87,16501,2,1,0,29.08
847945,54.21,55.0,54.1,56.0,0,0,16.48,18.89,17001,2,1,0,29.08
848451,54.21,55.0,54.1,56.0,0,0,16.48,18.89,17501,2,1,0,29.08
848957,54.06,55.0,54.1,56.0,0,0,16.83,18.89,18001,2,1,0,29.03
849463,54.06,55.0,54.1,56.0,0,0,16.83,18.79,18501,2,1,0,29.03
849969,54.04,55.0,54.1,56.0,0,0,16.61,18.79,19001,2,1,0,29.06
850475,54.04,55.0,54.1,56.0,0,0,16.61,18.81,19501,2,1,0,29.06
850981,54.02,55.0,54.1,56.0,0,0,16.81,18.81,20001,2,1,0,29.07
851487,53.97,55.0,54.1,56.0,0,0,16.89,18.82,20501,2,1,0,29.08
851993,53.97,55.0,54.1,56.0,0,0,16.89,18.82,21001,2,1,0,29.08
852500,53.91,55.0,54.1,56.0,0,0,17.0,18.82,21509,2,1,0,29.06
853007,53.91,55.0,54.1,56.0,0,0,17.0,18.78,22017,2,1,0,29.06
853513,53.84,55.0,54.1,56.0,0,0,17.17,18.77,23019,2,1,0,29.07
854019,53.8,55.0,54.1,56.0,0,0,17.37,18.74,23519,2,0,0,29.06
854525,53.8,55.0,54.1,56.0,0,0,17.37,18.74,24019,2,0,0,29.06
855031,53.77,55.0,54.1,56.0,0,0,17.17,18.74,24519,2,1,0,29.07
855537,53.77,55.0,54.1,56.0,0,0,17.17,18.74,25019,2,1,0,29.07
856044,53.77,55.0,54.1,56.0,0,0,17.17,18.74,25519,2,1,0,29.07
856551,53.77,55.0,54.1,56.0,0,0,17.17,18.74,26019,2,1,0,29.07
857057,53.74,55.0,54.1,56.0,0,0,17.63,18.74,26519,2,0,0,29.07
857563,53.69,55.0,54.1,56.0,0,0,17.56,18.71,27019,2,0,0,29.06
858069,53.69,55.0,54.1,56.0,0,0,17.56,18.71,27520,2,0,0,29.06
858575,53.63,55.0,54.1,56.0,0,0,17.63,18.68,28020,2,0,0,29.04
859081,53.63,55.0,54.1,56.0,0,0,17.63,18.68,28520,2,0,0,29.04
859587,53.63,55.0,54.1,56.0,0,0,16.81,18.7,29020,2,1,0,29.07
860093,53.63,55.0,54.1,56.0,0,0,16.81,18.7,29520,2,1,0,29.07
860599,53.59,55.0,54.1,56.0,0,0,17.73,18.68,30020,2,0,0,29.06
861105,53.58,55.0,54.1,56.0,0,0,17.86,18.68,30520,2,0,0,29.06
861611,53.58,55.0,54.1,56.0,0,0,17.86,18.68,31020,2,0,0,29.06
862117,53.58,55.0,54.1,56.0,0,0,17.86,18.68,31520,2,0,0,29.06
862623,53.58,55.0,54.1,56.0,0,0,17.86,18.68,32020,2,0,0,29.06
863129,53.54,55.0,54.1,56.0,0,0,18.23,18.67,32520,2,0,0,29.06
863635,53.54,55.0,54.1,56.0,0,0,18.23,18.67,33020,2,0,0,29.06
864141,53.53,55.0,54.1,56.0,0,0,18.19,18.67,33520,2,0,0,29.07
864647,53.52,55.0,54.1,56.0,0,0,18.34,18.64,34020,2,0,0,29.04
865153,53.52,55.0,54.1,56.0,0,0,18.34,18.64,34520,2,0,0,29.04
865659,53.53,55.0,54.1,56.0,0,0,18.32,18.67,35020,2,0,0,29.07
866165,53.49,55.0,54.1,56.0,0,0,18.19,18.65,35520,2,0,0,29.06
866671,53.5,55.0,54.1,56.0,0,0,18.32,18.65,36020,2,0,0,29.03
867177,53.5,55.0,54.1,56.0,0,0,18.32,18.63,36520,2,0,0,29.03
867683,53.53,55.0,54.1,56.0,0,0,18.1,18.65,37020,2,0,0,29.04
868189,53.53,55.0,54.1,56.0,0,0,18.4,18.65,37520,2,0,0,29.04
868695,53.53,55.0,54.1,56.0,0,0,18.72,18.65,38020,2,0,0,29.06
869202,53.53,55.0,54.1,56.0,0,0,18.51,18.66,38520,2,0,0,29.06
869709,53.53,55.0,54.1,56.0,0,0,18.51,18.66,39020,2,0,0,29.06
870215,53.53,55.0,54.1,56.0,0,0,18.68,18.66,39520,2,0,0,29.04
870721,53.53,55.0,54.1,56.0,0,0,18.68,18.65,40020,2,0,0,29.04
871227,53.5,55.0,54.1,56.0,0,0,18.72,18.64,40520,2,0,0,29.04
871733,53.5,55.0,54.1,56.0,0,0,18.72,18.64,41020,2,0,0,29.04
872239,53.52,55.0,54.1,56.0,0,0,18.77,18.64,41520,2,0,0,29.04
872746,53.52,55.0,54.1,56.0,0,0,18.77,18.64,42020,2,0,0,29.04
873252,53.56,55.0,54.1,56.0,0,0,18.98,18.64,42520,2,0,0,29.06
873758,53.56,55.0,54.1,56.0,0,0,18.98,18.67,43020,2,0,0,29.06
874264,53.56,55.0,54.1,56.0,0,0,18.98,18.67,43520,2,0,0,29.06
874770,53.56,55.0,54.1,56.0,0,0,18.98,18.67,44020,2,0,0,29.06
875276,53.6,55.0,54.1,56.0,0,0,19.09,18.67,44520,2,0,0,29.04
875782,53.6,55.0,54.1,56.0,0,0,19.09,18.67,45020,2,0,0,29.04
876288,53.6,55.0,54.1,56.0,0,0,19.09,18.67,45520,2,0,0,29.04
876794,53.6,55.0,54.1,56.0,0,0,19.09,18.67,46020,2,0,0,29.04
877300,53.62,55.0,54.1,56.0,0,0,19.16,18.67,46520,2,0,0,29.04
877806,53.62,55.0,54.1,56.0,0,0,19.16,18.67,47020,2,0,0,29.04
878312,53.62,55.0,54.1,56.0,0,0,19.16,18.67,47520,2,0,0,29.04
878818,53.69,55.0,54.1,56.0,0,0,19.41,18.67,48020,2,0,0,29.03
879324,53.69,55.0,54.1,56.0,0,0,19.41,18.68,48520,2,0,0,29.03
879830,53.69,55.0,54.1,56.0,0,0,19.52,18.68,49020,2,0,0,29.04
880336,53.69,55.0,54.1,56.0,0,0,19.52,18.69,49520,2,0,0,29.04
880842,53.68,55.0,54.1,56.0,0,0,19.61,18.69,50020,2,0,0,29.06
881348,53.68,55.0,54.1,56.0,0,0,19.61,18.71,50520,2,0,0,29.06
881854,53.73,55.0,54.1,56.0,0,0,19.76,18.71,51020,2,0,0,29.04
882360,53.77,55.0,54.1,56.0,0,0,19.48,18.71,51520,2,0,0,29.06
882866,53.77,55.0,54.1,56.0,0,0,19.48,18.73,52020,2,0,0,29.06
883372,53.8,55.0,54.1,56.0,0,0,19.69,18.77,52520,2,0,0,29.08
883878,53.77,55.0,54.1,56.0,0,0,19.67,18.77,53020,2,0,0,29.06
884384,53.77,55.0,54.1,56.0,0,0,19.67,18.73,53520,2,0,0,29.06
884890,53.83,55.0,54.1,56.0,0,0,19.8,18.73,54020,2,0,0,29.06
885396,53.85,55.0,54.1,56.0,0,0,19.78,18.75,54520,2,0,0,29.04
885902,53.85,55.0,54.1,56.0,0,0,19.78,18.74,55020,2,0,0,29.04
886408,53.85,55.0,54.1,56.0,0,0,19.82,18.74,55520,2,0,0,29.04
886914,53.85,55.0,54.1,56.0,0,0,19.82,18.74,56020,2,0,0,29.04
887421,53.85,55.0,54.1,56.0,0,0,19.82,18.74,56520,2,0,0,29.04
887927,53.85,55.0,54.1,56.0,0,0,19.82,18.74,57020,2,0,0,29.04
888433,53.93,55.0,54.1,56.0,0,0,20.43,18.74,57520,2,0,0,29.04
888939,53.97,55.0,54.1,56.0,0,0,20.04,18.76,58020,2,0,0,29.03
889445,53.97,55.0,54.1,56.0,0,0,20.04,18.77,58520,2,0,0,29.03
889951,53.95,55.0,54.1,56.0,0,0,20.08,18.77,59020,2,0,0,29.04
890457,54.04,55.0,54.1,56.0,0,0,20.15,18.77,59520,2,0,0,29.04
890963,54.04,55.0,54.1,56.0,0,0,20.15,18.8,60020,2,0,0,29.04
891469,54.05,55.0,54.1,56.0,0,0,20.47,18.8,60520,2,0,0,29.06
891975,54.05,55.0,54.1,56.0,0,0,20.47,18.82,61020,2,0,0,29.06
892481,54.1,55.0,54.1,56.0,0,0,20.15,18.82,61520,2,0,0,29.03
892987,54.15,55.0,54.1,56.0,1,0,20.36,18.8,0,2,0,0,29.06
893493,54.15,55.0,54.1,56.0,1,0,20.36,18.85,500,2,0,0,29.06
893999,54.16,55.0,54.1,56.0,1,0,20.51,18.85,1002,2,0,0,29.06
894505,54.19,55.0,54.1,56.0,1,0,20.36,18.85,1504,2,0,0,29.06
895011,54.19,55.0,54.1,56.0,1,0,20.36,18.86,2004,2,0,0,29.06
895517,54.19,55.0,54.1,56.0,1,0,20.36,18.86,2504,2,0,0,29.06
896023,54.26,55.0,54.1,56.0,1,0,20.43,18.86,3509,2,0,0,29.04
896529,54.26,55.0,54.1,56.0,1,0,20.43,18.86,4009,2,0,0,29.04
897035,54.26,55.0,54.1,56.0,1,0,20.43,18.86,4509,2,0,0,29.04
897541,54.29,55.0,54.1,56.0,1,0,20.43,18.89,5009,2,0,0,29.06
898047,54.32,55.0,54.1,56.0,1,0,20.36,18.88,5509,2,0,0,29.04
898553,54.35,55.0,54.1,56.0,1,0,20.4,18.89,6009,2,0,0,29.04
899059,54.4,55.0,54.1,56.0,1,0,19.89,18.89,6509,2,0,0,29.06
899566,54.4,55.0,54.1,56.0,1,0,19.89,18.92,7009,2,0,0,29.06
900072,54.4,55.0,54.1,56.0,1,0,19.89,18.92,7509,2,0,0,29.06
900578,54.43,55.0,54.1,56.0,1,0,20.3,18.93,8009,2,0,0,29.06
901084,54.43,55.0,54.1,56.0,1,0,20.21,18.91,8509,2,0,0,29.04
901590,54.43,55.0,54.1,56.0,1,0,20.21,18.91,9009,2,0,0,29.04
902096,54.51,55.0,54.1,56.0,1,0,20.02,18.95,9509,2,0,0,29.06
902602,54.52,55.0,54.1,56.0,1,0,20.08,18.94,10010,2,0,0,29.04
903117,54.57,55.0,54.1,56.0,1,0,19.87,18.94,10510,2,0,0,29.04
903624,54.57,55.0,54.1,56.0,1,0,19.87,18.95,11010,2,0,0,29.04
904130,54.57,55.0,54.1,56.0,1,0,19.87,18.95,11510,2,0,0,29.04
904636,54.66,55.0,54.1,56.0,1,0,19.72,18.98,12010,2,0,0,29.04
905142,54.67,55.0,54.1,56.0,1,0,19.63,18.98,12510,2,0,0,29.04
905648,54.67,55.0,54.1,56.0,1,0,19.63,18.98,13010,2,0,0,29.04
906154,54.67,55.0,54.1,56.0,1,0,19.63,18.98,13510,2,0,0,29.04
906660,54.73,55.0,54.1,56.0,1,0,19.69,19.02,14010,2,0,0,29.06
907166,54.74,55.0,54.1,56.0,1,0,19.41,18.99,14510,2,0,0,29.03
907672,54.78,55.0,54.1,56.0,1,0,19.35,19.0,15010,2,0,0,29.03
908179,54.8,55.0,54.1,56.0,1,0,19.22,19.0,15510,2,0,0,29.04
908686,54.8,55.0,54.1,56.0,1,0,19.22,19.02,16010,2,0,0,29.04
909192,54.82,55.0,54.1,56.0,1,0,19.67,19.03,16510,2,0,0,29.04
909698,54.9,55.0,54.1,56.0,1,0,18.94,19.03,17010,2,0,0,29.06
910204,54.9,55.0,54.1,56.0,1,0,18.94,19.07,17510,2,0,0,29.06
910710,54.94,55.0,54.1,56.0,1,0,19.44,19.09,18010,2,0,0,29.07
911216,54.97,55.0,54.1,56.0,1,0,19.0,19.09,18510,2,0,0,29.04
911722,55.03,55.0,54.1,56.0,1,0,18.68,19.07,19010,2,0,0,29.04
912228,55.03,55.0,54.1,56.0,1,0,18.68,19.09,19510,2,0,0,29.04
912734,55.03,55.0,54.1,56.0,1,0,18.85,19.09,20010,2,0,0,29.04
913240,55.05,55.0,54.1,56.0,1,0,18.57,19.09,20510,2,0,0,29.03
913747,55.1,55.0,54.1,56.0,1,0,18.42,19.08,21010,2,0,0,29.04
914254,55.1,55.0,54.1,56.0,1,0,18.42,19.11,21510,2,0,0,29.04
914760,55.19,55.0,54.1,56.0,1,0,18.34,19.14,22010,2,0,0,29.04
915266,55.19,55.0,54.1,56.0,1,0,18.34,19.14,22510,2,0,0,29.04
915772,55.22,55.0,54.1,56.0,1,0,17.45,19.16,23010,2,1,0,29.06
916278,55.24,55.0,54.1,56.0,1,0,18.1,19.16,23510,2,1,0,29.04
916784,55.24,55.0,54.1,56.0,1,0,18.1,19.15,24010,2,0,0,29.04
917290,55.24,55.0,54.1,56.0,1,0,18.1,19.15,24510,2,0,0,29.04
917797,55.29,55.0,54.1,56.0,1,0,17.99,19.18,25010,2,0,0,29.06
918303,55.34,55.0,54.1,56.0,1,0,17.67,19.18,25510,2,0,0,29.04
918809,55.34,55.0,54.1,56.0,1,0,17.67,19.18,26010,2,1,0,29.04
919315,55.35,55.0,54.1,56.0,1,0,17.71,19.2,26510,2,0,0,29.06
919821,55.35,55.0,54.1,56.0,1,0,17.65,19.2,27010,2,0,0,29.07
920327,55.35,55.0,54.1,56.0,1,0,17.65,19.21,27510,2,1,0,29.07
920833,55.38,55.0,54.1,56.0,1,0,17.3,19.21,28010,2,1,0,29.06
921339,55.42,55.0,54.1,56.0,1,0,17.37,19.21,28510,2,1,0,29.06
921845,55.42,55.0,54.1,56.0,1,0,17.37,19.22,29010,2,1,0,29.06
922351,55.42,55.0,54.1,56.0,1,0,17.26,19.22,29510,2,1,0,29.03
922857,55.42,55.0,54.1,56.0,1,0,17.26,19.19,30010,2,1,0,29.03
923363,55.44,55.0,54.1,56.0,1,0,17.09,19.21,30510,2,1,0,29.04
923869,55.39,55.0,54.1,56.0,1,0,17.8,19.18,31020,2,0,0,29.03
924375,55.39,55.0,54.1,56.0,1,0,17.8,19.18,31520,2,0,0,29.03
924881,55.44,55.0,54.1,56.0,1,0,16.96,19.18,32020,2,0,0,29.04
925387,55.44,55.0,54.1,56.0,1,0,16.96,19.21,32520,2,1,0,29.04
925893,55.44,55.0,54.1,56.0,1,0,16.96,19.21,33020,2,1,0,29.04
926399,55.41,55.0,54.1,56.0,1,0,16.48,19.21,33520,2,1,0,29.01
926905,55.39,55.0,54.1,56.0,1,0,16.79,19.18,34020,2,1,0,29.03
927411,55.39,55.0,54.1,56.0,1,0,16.79,19.18,34520,2,1,0,29.03
927917,55.36,55.0,54.1,56.0,1,0,16.59,19.18,35020,2,1,0,29.04
928423,55.36,55.0,54.1,56.0,1,0,16.59,19.19,35520,2,1,0,29.04
928929,55.39,55.0,54.1,56.0,1,0,16.57,19.19,36020,2,1,0,29.04
929435,55.33,55.0,54.1,56.0,1,0,16.53,19.19,36520,2,1,0,29.04
929941,55.33,55.0,54.1,56.0,1,0,16.53,19.18,37020,2,1,0,29.04
930447,55.32,55.0,54.1,56.0,1,0,16.59,19.18,37520,2,1,0,29.01
930953,55.32,55.0,54.1,56.0,1,0,16.59,19.15,38020,2,1,0,29.01
931459,55.31,55.0,54.1,56.0,1,0,16.27,19.2,38520,2,1,0,29.07
931965,55.25,55.0,54.1,56.0,1,0,16.14,19.2,39020,2,1,0,29.04
932471,55.25,55.0,54.1,56.0,1,0,16.14,19.15,39520,2,1,0,29.04
932977,55.24,55.0,54.1,56.0,0,0,16.14,19.15,0,2,1,0,29.06
933496,55.18,55.0,54.1,56.0,0,0,16.68,19.17,500,2,1,0,29.04
934003,55.18,55.0,54.1,56.0,0,0,16.68,19.13,1000,2,1,0,29.04
934509,55.13,55.0,54.1,56.0,0,0,15.94,19.13,1500,2,1,0,29.03
935015,55.13,55.0,54.1,56.0,0,0,15.94,19.11,2000,2,1,0,29.03
935521,55.1,55.0,54.1,56.0,0,0,15.81,19.11,2500,2,1,0,29.03
936027,55.1,55.0,54.1,56.0,0,0,15.81,19.1,3000,2,1,0,29.03
936533,55.02,55.0,54.1,56.0,0,0,15.53,19.1,3500,2,1,0,29.06
937039,55.02,55.0,54.1,56.0,0,0,15.53,19.1,4505,2,1,0,29.06
937546,55.02,55.0,54.1,56.0,0,0,15.71,19.07,5006,2,1,0,29.03
938052,55.02,55.0,54.1,56.0,0,0,15.71,19.07,5506,2,1,0,29.03
938558,54.96,55.0,54.1,56.0,0,0,15.66,19.07,6006,2,1,0,29.04
939064,54.92,55.0,54.1,56.0,0,0,15.92,19.03,6506,2,1,0,29.01
939570,54.89,55.0,54.1,56.0,0,0,15.71,19.05,7006,2,1,0,29.04
940076,54.89,55.0,54.1,56.0,0,0,15.71,19.05,7506,2,1,0,29.04
940582,54.83,55.0,54.1,56.0,0,0,15.77,19.02,8006,2,1,0,29.03
941088,54.81,55.0,54.1,56.0,0,0,15.88,19.0,8506,2,1,0,29.01
941594,54.81,55.0,54.1,56.0,0,0,15.88,19.0,9006,2,1,0,29.01
942100,54.71,55.0,54.1,56.0,0,0,15.9,18.98,9506,2,1,0,29.03
942606,54.71,55.0,54.1,56.0,0,0,15.9,18.98,10006,2,1,0,29.03
943112,54.68,55.0,54.1,56.0,0,0,15.9,18.96,10506,2,1,0,29.01
943618,54.68,55.0,54.1,56.0,0,0,15.9,18.96,11006,2,1,0,29.01
944124,54.56,55.0,54.1,56.0,0,0,15.97,18.94,11506,2,1,0,29.03
944630,54.56,55.0,54.1,56.0,0,0,15.97,18.94,12006,2,1,0,29.03
945136,54.56,55.0,54.1,56.0,0,0,15.97,18.94,12506,2,1,0,29.03
945642,54.48,55.0,54.1,56.0,0,0,16.07,18.94,13006,2,1,0,29.03
946148,54.48,55.0,54.1,56.0,0,0,16.07,18.92,13506,2,1,0,29.03
946654,54.42,55.0,54.1,56.0,0,0,16.16,18.9,14006,2,1,0,29.03
947160,54.42,55.0,54.1,56.0,0,0,16.16,18.9,14506,2,1,0,29.03
947666,54.38,55.0,54.1,56.0,0,0,16.35,18.86,15006,2,1,0,29.0
948172,54.32,55.0,54.1,56.0,0,0,16.35,18.87,15506,2,1,0,29.03
948678,54.29,55.0,54.1,56.0,0,0,16.4,18.85,16006,2,1,0,29.01
949184,54.26,55.0,54.1,56.0,0,0,16.55,18.85,16506,2,1,0,29.03
949692,54.21,55.0,54.1,56.0,0,0,16.76,18.85,17006,2,1,0,29.0
950199,54.21,55.0,54.1,56.0,0,0,16.76,18.81,17506,2,1,0,29.0
950705,54.12,55.0,54.1,56.0,0,0,16.55,18.81,18006,2,1,0,29.01
951211,54.12,55.0,54.1,56.0,0,0,16.55,18.8,18506,2,1,0,29.01
951717,54.06,55.0,54.1,56.0,0,0,16.83,18.79,19006,2,1,0,29.03
952223,54.06,55.0,54.1,56.0,0,0,16.83,18.79,19506,2,1,0,29.03
952729,54.01,55.0,54.1,56.0,0,0,16.76,18.75,20020,2,1,0,29.0
953248,54.0,55.0,54.1,56.0,0,0,16.76,18.75,20520,2,1,0,29.0
953755,54.0,55.0,54.1,56.0,0,0,16.76,18.75,21020,2,1,0,29.0
954261,54.0,55.0,54.1,56.0,0,0,16.76,18.75,21520,2,1,0,29.0
954767,53.9,55.0,54.1,56.0,0,0,17.07,18.73,22020,2,1,0,29.01
955273,53.9,55.0,54.1,56.0,0,0,17.07,18.73,22520,2,1,0,29.01
955779,53.86,55.0,54.1,56.0,0,0,17.0,18.71,23020,2,1,0,29.0
956285,53.86,55.0,54.1,56.0,0,0,17.0,18.71,23520,2,1,0,29.0
956791,53.81,55.0,54.1,56.0,0,0,17.15,18.71,24020,2,1,0,29.01
957297,53.81,55.0,54.1,56.0,0,0,17.15,18.71,24520,2,1,0,29.01
957803,53.73,55.0,54.1,56.0,0,0,17.32,18.71,25020,2,1,0,29.03
958309,53.73,55.0,54.1,56.0,0,0,17.32,18.69,25520,2,0,0,29.03
958815,53.72,55.0,54.1,56.0,0,0,17.43,18.69,26020,2,0,0,29.01
959321,53.72,55.0,54.1,56.0,0,0,17.43,18.68,26520,2,0,0,29.01
959827,53.64,55.0,54.1,56.0,0,0,17.58,18.64,27022,2,0,0,29.0
960334,53.64,55.0,54.1,56.0,0,0,17.58,18.64,27522,2,0,0,29.0
960841,53.64,55.0,54.1,56.0,0,0,17.58,18.64,28022,2,0,0,29.0
961347,53.62,55.0,54.1,56.0,0,0,17.73,18.64,28522,2,0,0,29.01
961853,53.62,55.0,54.1,56.0,0,0,17.73,18.65,29022,2,0,0,29.01
962359,53.64,55.0,54.1,56.0,0,0,17.82,18.64,29522,2,0,0,29.0
962865,53.63,55.0,54.1,56.0,0,0,18.47,18.64,30022,2,0,0,29.03
963371,53.63,55.0,54.1,56.0,0,0,18.47,18.66,30522,2,0,0,29.03
963877,53.57,55.0,54.1,56.0,0,0,17.91,18.64,31022,2,0,0,29.01
964383,53.57,55.0,54.1,56.0,0,0,17.99,18.64,31522,2,0,0,29.01
964889,53.57,55.0,54.1,56.0,0,0,17.99,18.64,32022,2,0,0,29.01
965395,53.54,55.0,54.1,56.0,0,0,18.21,18.64,32522,2,0,0,29.03
965901,53.59,55.0,54.1,56.0,0,0,18.01,18.64,33022,2,0,0,29.01
966407,53.53,55.0,54.1,56.0,0,0,18.16,18.64,33522,2,0,0,28.98
966913,53.53,55.0,54.1,56.0,0,0,18.16,18.6,34022,2,0,0,28.98
967419,53.54,55.0,54.1,56.0,0,0,18.08,18.62,34522,2,0,0,29.01
967925,53.46,55.0,54.1,56.0,0,0,18.34,18.62,35023,2,0,0,28.98
968431,53.46,55.0,54.1,56.0,0,0,18.34,18.57,35524,2,0,0,28.98
968937,53.54,55.0,54.1,56.0,0,0,18.47,18.57,36024,2,0,0,29.04
969443,53.54,55.0,54.1,56.0,0,0,18.47,18.65,36524,2,0,0,29.04
969949,53.54,55.0,54.1,56.0,0,0,18.47,18.65,37024,2,0,0,29.04
970455,53.52,55.0,54.1,56.0,0,0,18.57,18.65,37524,2,0,0,29.0
970961,53.52,55.0,54.1,56.0,0,0,18.62,18.61,38024,2,0,0,29.01
971467,53.52,55.0,54.1,56.0,0,0,18.62,18.62,38524,2,0,0,29.01
971973,53.57,55.0,54.1,56.0,0,0,18.68,18.62,39024,2,0,0,29.0
972493,53.55,55.0,54.1,56.0,0,0,18.75,18.62,39524,2,0,0,29.01
973000,53.55,55.0,54.1,56.0,0,0,18.75,18.63,40024,2,0,0,29.01
973506,53.55,55.0,54.1,56.0,0,0,18.75,18.63,40524,2,0,0,29.01
974012,53.56,55.0,54.1,56.0,0,0,18.88,18.63,41024,2,0,0,29.01
974518,53.56,55.0,54.1,56.0,0,0,18.88,18.63,41524,2,0,0,29.01
975024,53.56,55.0,54.1,56.0,0,0,18.88,18.63,42024,2,0,0,29.01
975530,53.56,55.0,54.1,56.0,0,0,18.88,18.63,42524,2,0,0,29.01
976036,53.6,55.0,54.1,56.0,0,0,18.92,18.63,43024,2,0,0,29.01
976542,53.6,55.0,54.1,56.0,0,0,18.92,18.64,43524,2,0,0,29.01
977048,53.6,55.0,54.1,56.0,0,0,18.92,18.64,44024,2,0,0,29.01
977554,53.57,55.0,54.1,56.0,0,0,18.98,18.64,44524,2,0,0,29.01
978060,53.57,55.0,54.1,56.0,0,0,18.98,18.64,45526,2,0,0,29.01
978566,53.57,55.0,54.1,56.0,0,0,18.98,18.64,46026,2,0,0,29.01
979072,53.57,55.0,54.1,56.0,0,0,18.98,18.64,46526,2,0,0,29.01
979578,53.57,55.0,54.1,56.0,0,0,18.98,18.64,47026,2,0,0,29.01
980084,53.63,55.0,54.1,56.0,0,0,19.22,18.64,47526,2,0,0,29.0
980590,53.66,55.0,54.1,56.0,0,0,19.37,18.65,48026,2,0,0,29.0
981096,53.66,55.0,54.1,56.0,0,0,19.37,18.65,48526,2,0,0,29.0
981603,53.67,55.0,54.1,56.0,0,0,19.63,18.65,49026,2,0,0,29.01
982110,53.67,55.0,54.1,56.0,0,0,19.63,18.67,49526,2,0,0,29.01
982616,53.69,55.0,54.1,56.0,0,0,19.33,18.64,50026,2,0,0,28.98
983122,53.73,55.0,54.1,56.0,0,0,19.54,18.69,50526,2,0,0,29.03
983628,53.73,55.0,54.1,56.0,0,0,19.54,18.69,51026,2,0,0,29.03
984134,53.73,55.0,54.1,56.0,0,0,19.28,18.67,51526,2,0,0,29.0
984640,53.73,55.0,54.1,56.0,0,0,19.28,18.67,52026,2,0,0,29.0
985147,53.73,55.0,54.1,56.0,0,0,19.28,18.67,52526,2,0,0,29.0
985653,53.77,55.0,54.1,56.0,0,0,20.15,18.69,53026,2,0,0,29.01
986159,53.77,55.0,54.1,56.0,0,0,20.15,18.69,53526,2,0,0,29.01
986665,53.81,55.0,54.1,56.0,0,0,19.65,18.69,54026,2,0,0,29.0
987171,53.86,55.0,54.1,56.0,0,0,19.76,18.69,54526,2,0,0,29.01
987677,53.86,55.0,54.1,56.0,0,0,19.76,18.72,55026,2,0,0,29.01
988183,53.86,55.0,54.1,56.0,0,0,19.76,18.72,55526,2,0,0,29.01
988689,53.86,55.0,54.1,56.0,0,0,19.76,18.72,56026,2,0,0,29.01
989195,53.88,55.0,54.1,56.0,0,0,20.06,18.72,56526,2,0,0,29.0
989701,53.88,55.0,54.1,56.0,0,0,20.06,18.71,57026,2,0,0,29.0
990207,53.92,55.0,54.1,56.0,0,0,20.08,18.71,57526,2,0,0,28.98
990713,53.92,55.0,54.1,56.0,0,0,20.08,18.71,58026,2,0,0,28.98
991219,53.96,55.0,54.1,56.0,0,0,20.23,18.74,58526,2,0,0,29.0
991725,53.96,55.0,54.1,56.0,0,0,20.23,18.74,59026,2,0,0,29.0
992231,54.0,55.0,54.1,56.0,0,0,20.23,18.76,59526,2,0,0,29.01
992737,54.0,55.0,54.1,56.0,0,0,20.23,18.76,60026,2,0,0,29.01
993243,54.06,55.0,54.1,56.0,0,0,20.12,18.74,60526,2,0,0,28.97
993749,54.05,55.0,54.1,56.0,0,0,20.21,18.74,61026,2,0,0,28.98
994255,54.08,55.0,54.1,56.0,0,0,20.38,18.75,61526,2,0,0,29.0
994761,54.08,55.0,54.1,56.0,0,0,20.38,18.77,62026,2,0,0,29.0
995267,54.11,55.0,54.1,56.0,1,0,20.38,18.79,0,2,0,0,29.01
995773,54.11,55.0,54.1,56.0,1,0,20.38,18.79,500,2,0,0,29.01
996279,54.1,55.0,54.1,56.0,1,0,20.62,18.79,1000,2,0,0,28.98
996785,54.1,55.0,54.1,56.0,1,0,20.62,18.76,1500,2,0,0,28.98
997291,54.2,55.0,54.1,56.0,1,0,20.51,18.79,2000,2,0,0,28.98
997797,54.21,55.0,54.1,56.0,1,0,20.43,18.79,2500,2,0,0,28.98
998303,54.26,55.0,54.1,56.0,1,0,20.21,18.8,3000,2,0,0,29.01
998809,54.26,55.0,54.1,56.0,1,0,20.21,18.84,3500,2,0,0,29.01
999315,54.27,55.0,54.1,56.0,1,0,20.38,18.84,4000,2,0,0,29.01
999821,54.32,55.0,54.1,56.0,1,0,20.43,18.86,4507,2,0,0,29.01
1000327,54.32,55.0,54.1,56.0,1,0,20.43,18.86,5007,2,0,0,29.01
1000833,54.3,55.0,54.1,56.0,1,0,20.58,18.86,5507,2,0,0,29.0
1001339,54.3,55.0,54.1,56.0,1,0,20.58,18.84,6007,2,0,0,29.0
1001845,54.42,55.0,54.1,56.0,1,0,20.47,18.84,6507,2,0,0,29.01
1002351,54.42,55.0,54.1,56.0,1,0,20.3,18.89,7007,2,0,0,29.01
1002857,54.42,55.0,54.1,56.0,1,0,20.3,18.89,7507,2,0,0,29.01
1003363,54.43,55.0,54.1,56.0,1,0,20.21,18.88,8007,2,0,0,29.0
1003869,54.45,55.0,54.1,56.0,1,0,20.19,18.88,8507,2,0,0,29.0
1004375,54.45,55.0,54.1,56.0,1,0,20.19,18.88,9007,2,0,0,29.0
1004881,54.54,55.0,54.1,56.0,1,0,19.95,18.88,9507,2,0,0,29.0
1005387,54.54,55.0,54.1,56.0,1,0,19.95,18.91,10007,2,0,0,29.0
1005893,54.54,55.0,54.1,56.0,1,0,20.45,18.91,10507,2,0,0,29.0
1006399,54.59,55.0,54.1,56.0,1,0,19.76,18.91,11007,2,0,0,29.0
1006905,54.59,55.0,54.1,56.0,1,0,19.76,18.92,11507,2,0,0,29.0
1007411,54.6,55.0,54.1,56.0,1,0,19.76,18.92,12007,2,0,0,29.01
1007917,54.6,55.0,54.1,56.0,1,0,19.76,18.94,12507,2,0,0,29.01
1008423,54.7,55.0,54.1,56.0,1,0,19.59,18.94,13007,2,0,0,29.0
1008929,54.71,55.0,54.1,56.0,1,0,19.22,18.96,13507,2,0,0,28.98
1009435,54.77,55.0,54.1,56.0,1,0,19.24,18.94,14007,2,0,0,29.03
1009941,54.77,55.0,54.1,56.0,1,0,19.24,19.0,14507,2,0,0,29.03
1010447,54.79,55.0,54.1,56.0,1,0,19.24,19.0,15007,2,0,0,29.01
1010953,54.79,55.0,54.1,56.0,1,0,19.24,18.99,15507,2,0,0,29.01
1011459,54.84,55.0,54.1,56.0,1,0,19.22,19.01,16007,2,0,0,29.01
1011965,54.86,55.0,54.1,56.0,1,0,19.09,19.01,16507,2,0,0,29.01
1012471,54.86,55.0,54.1,56.0,1,0,19.09,19.02,17007,2,0,0,29.01
1012977,54.86,55.0,54.1,56.0,1,0,19.09,19.02,17507,2,0,0,29.01
1013483,54.95,55.0,54.1,56.0,1,0,18.85,19.02,18007,2,0,0,29.0
1013989,55.01,55.0,54.1,56.0,1,0,18.92,19.03,18507,2,0,0,29.0
1014496,55.03,55.0,54.1,56.0,1,0,18.79,19.05,19007,2,0,0,29.0
1015003,55.03,55.0,54.1,56.0,1,0,18.79,19.05,19507,2,0,0,29.0
1015509,55.03,55.0,54.1,56.0,1,0,18.79,19.05,20007,2,0,0,29.0
1016015,55.1,55.0,54.1,56.0,1,0,18.51,19.05,20510,2,0,0,29.01
1016521,55.1,55.0,54.1,56.0,1,0,18.51,19.08,21011,2,0,0,29.01
1017027,55.1,55.0,54.1,56.0,1,0,18.51,19.08,21511,2,0,0,29.01
1017533,55.24,55.0,54.1,56.0,1,0,18.27,19.08,22011,2,0,0,29.0
1018039,55.2,55.0,54.1,56.0,1,0,18.23,19.11,22511,2,0,0,29.0
1018546,55.22,55.0,54.1,56.0,1,0,18.72,19.1,23011,2,0,0,29.0
1019053,55.22,55.0,54.1,56.0,1,0,18.72,19.11,23511,2,0,0,29.0
1019559,55.27,55.0,54.1,56.0,1,0,17.99,19.11,24011,2,0,0,29.0
1020065,55.27,55.0,54.1,56.0,1,0,17.8,19.12,24511,2,0,0,29.0
1020571,55.31,55.0,54.1,56.0,1,0,17.78,19.12,25511,2,0,0,28.98
1021077,55.31,55.0,54.1,56.0,1,0,17.78,19.12,26011,2,0,0,28.98
1021583,55.31,55.0,54.1,56.0,1,0,17.78,19.12,26511,2,0,0,28.98
1022089,55.36,55.0,54.1,56.0,1,0,17.67,19.13,27011,2,0,0,28.98
1022595,55.36,55.0,54.1,56.0,1,0,17.67,19.13,27511,2,0,0,28.98
1023101,55.37,55.0,54.1,56.0,1,0,17.52,19.16,28026,2,1,0,29.01
1023607,55.37,55.0,54.1,56.0,1,0,17.52,19.16,28526,2,1,0,29.01
1024113,55.37,55.0,54.1,56.0,1,0,17.52,19.16,29026,2,1,0,29.01
1024619,55.41,55.0,54.1,56.0,1,0,17.82,19.16,29526,2,0,0,29.0
1025125,55.41,55.0,54.1,56.0,1,0,17.82,19.16,30026,2,0,0,29.0
1025634,55.45,55.0,54.1,56.0,1,0,17.26,19.16,30526,2,0,0,29.0
1026141,55.45,55.0,54.1,56.0,1,0,17.26,19.17,31026,2,1,0,29.0
1026647,55.43,55.0,54.1,56.0,1,0,17.04,19.15,31526,2,1,0,28.98
1027153,55.41,55.0,54.1,56.0,1,0,17.24,19.15,32026,2,1,0,28.98
1027659,55.41,55.0,54.1,56.0,1,0,17.24,19.15,32526,2,1,0,28.98
1028165,55.41,55.0,54.1,56.0,1,0,17.24,19.15,33026,2,1,0,28.98
1028671,55.47,55.0,54.1,56.0,1,0,16.81,19.16,33526,2,1,0,28.98
1029177,55.38,55.0,54.1,56.0,1,0,16.7,19.14,34034,2,1,0,28.98
1029683,55.38,55.0,54.1,56.0,1,0,16.7,19.14,34534,2,1,0,28.98
1030189,55.36,55.0,54.1,56.0,1,0,16.74,19.13,35034,2,1,0,28.98
1030695,55.38,55.0,54.1,56.0,1,0,16.57,19.14,35534,2,1,0,28.98
1031201,55.38,55.0,54.1,56.0,1,0,16.57,19.14,36034,2,1,0,28.98
1031707,55.38,55.0,54.1,56.0,1,0,16.57,19.14,36534,2,1,0,28.98
1032213,55.33,55.0,54.1,56.0,1,0,16.38,19.12,37034,2,1,0,28.98
1032719,55.33,55.0,54.1,56.0,1,0,16.38,19.12,37534,2,1,0,28.98
1033225,55.3,55.0,54.1,56.0,1,0,16.29,19.1,38034,2,1,0,28.97
1033731,55.32,55.0,54.1,56.0,1,0,16.31,19.15,38534,2,1,0,29.01
1034237,55.3,55.0,54.1,56.0,1,0,16.18,19.15,39034,2,1,0,28.98
1034743,55.3,55.0,54.1,56.0,1,0,16.18,19.11,39534,2,1,0,28.98
1035249,55.3,55.0,54.1,56.0,0,0,16.18,19.11,0,2,1,0,28.98
1035755,55.25,55.0,54.1,56.0,0,0,15.99,19.11,500,2,1,0,29.0
1036261,55.21,55.0,54.1,56.0,0,0,15.94,19.11,1000,2,1,0,28.97
1036767,55.21,55.0,54.1,56.0,0,0,15.94,19.08,1500,2,1,0,28.97
1037273,55.21,55.0,54.1,56.0,0,0,15.94,19.08,2000,2,1,0,28.97
1037779,55.15,55.0,54.1,56.0,0,0,15.9,19.09,2500,2,1,0,29.0
1038285,55.15,55.0,54.1,56.0,0,0,15.9,19.09,3000,2,1,0,29.0
1038791,55.15,55.0,54.1,56.0,0,0,15.9,19.09,3500,2,1,0,29.0
1039297,55.07,55.0,54.1,56.0,0,0,15.68,19.06,4000,2,1,0,29.0
1039803,55.04,55.0,54.1,56.0,0,0,15.64,19.06,4500,2,1,0,28.98
1040309,55.04,55.0,54.1,56.0,0,0,15.64,19.04,5000,2,1,0,28.98
1040815,55.02,55.0,54.1,56.0,0,0,15.81,19.02,5500,2,1,0,28.97
1041321,54.95,55.0,54.1,56.0,0,0,15.84,19.01,6000,2,1,0,28.98
1041827,54.88,55.0,54.1,56.0,0,0,15.68,19.01,6500,2,1,0,28.94
1042333,54.88,55.0,54.1,56.0,0,0,15.68,18.96,7000,2,1,0,28.94
1042839,54.81,55.0,54.1,56.0,0,0,15.92,18.96,7500,2,1,0,28.98
1043345,54.81,55.0,54.1,56.0,0,0,15.92,18.97,8000,2,1,0,28.98
1043851,54.81,55.0,54.1,56.0,0,0,15.92,18.97,8503,2,1,0,28.98
1044357,54.81,55.0,54.1,56.0,0,0,15.92,18.97,9003,2,1,0,28.98
1044863,54.76,55.0,54.1,56.0,0,0,15.86,18.94,9503,2,1,0,28.97
1045369,54.76,55.0,54.1,56.0,0,0,15.86,18.94,10003,2,1,0,28.97
1045875,54.64,55.0,54.1,56.0,0,0,15.97,18.92,10503,2,1,0,28.98
1046381,54.63,55.0,54.1,56.0,0,0,15.94,18.92,11003,2,1,0,28.96
1046887,54.63,55.0,54.1,56.0,0,0,15.94,18.9,11503,2,1,0,28.96
1047393,54.63,55.0,54.1,56.0,0,0,15.94,18.9,12003,2,1,0,28.96
1047899,54.54,55.0,54.1,56.0,0,0,16.03,18.89,12503,2,1,0,28.98
1048405,54.5,55.0,54.1,56.0,0,0,15.92,18.86,13003,2,1,0,28.96
1048911,54.46,55.0,54.1,56.0,0,0,16.05,18.86,13503,2,1,0,28.97
1049417,54.46,55.0,54.1,56.0,0,0,16.05,18.86,14003,2,1,0,28.97
1049923,54.36,55.0,54.1,56.0,0,0,15.92,18.86,14503,2,1,0,28.96
1050429,54.36,55.0,54.1,56.0,0,0,15.92,18.82,15003,2,1,0,28.96
1050935,54.36,55.0,54.1,56.0,0,0,16.46,18.8,15503,2,1,0,28.94
1051441,54.36,55.0,54.1,56.0,0,0,16.46,18.8,16003,2,1,0,28.94
1051947,54.27,55.0,54.1,56.0,0,0,16.61,18.79,16503,2,1,0,28.96
1052453,54.27,55.0,54.1,56.0,0,0,16.61,18.79,17003,2,1,0,28.96
1052959,54.27,55.0,54.1,56.0,0,0,16.61,18.79,17503,2,1,0,28.96
1053465,54.11,55.0,54.1,56.0,0,0,16.68,18.79,18003,2,1,0,28.97
1053971,54.11,55.0,54.1,56.0,0,0,16.68,18.76,18503,2,1,0,28.97
1054477,54.11,55.0,54.1,56.0,0,0,16.68,18.76,19003,2,1,0,28.97
1054983,54.05,55.0,54.1,56.0,0,0,16.68,18.76,19503,2,1,0,28.97
1055489,54.01,55.0,54.1,56.0,0,0,16.7,18.74,20003,2,1,0,28.96
1055995,54.0,55.0,54.1,56.0,0,0,16.96,18.71,20503,2,1,0,28.94
1056501,53.95,55.0,54.1,56.0,0,0,16.85,18.7,21003,2,1,0,28.96
1057007,53.95,55.0,54.1,56.0,0,0,16.85,18.69,21503,2,1,0,28.96
1057513,53.93,55.0,54.1,56.0,0,0,16.92,18.7,22015,2,1,0,28.97
1058019,53.87,55.0,54.1,56.0,0,0,17.17,18.7,22515,2,1,0,28.98
1058525,53.87,55.0,54.1,56.0,0,0,17.17,18.7,23015,2,1,0,28.98
1059031,53.87,55.0,54.1,56.0,0,0,17.17,18.7,23515,2,1,0,28.98
1059537,53.81,55.0,54.1,56.0,0,0,17.22,18.65,24015,2,0,0,28.96
1060043,53.75,55.0,54.1,56.0,0,0,17.24,18.65,24515,2,0,0,28.97
1060549,53.74,55.0,54.1,56.0,0,0,18.01,18.65,25015,2,0,0,28.96
1061055,53.74,55.0,54.1,56.0,0,0,18.01,18.63,25515,2,0,0,28.96
1061561,53.72,55.0,54.1,56.0,0,0,17.91,18.63,26015,2,0,0,28.97
1062067,53.72,55.0,54.1,56.0,0,0,17.91,18.64,26515,2,0,0,28.97
1062573,53.69,55.0,54.1,56.0,0,0,17.6,18.64,27015,2,0,0,28.96
1063079,53.69,55.0,54.1,56.0,0,0,17.6,18.62,27515,2,0,0,28.96
1063585,53.68,55.0,54.1,56.0,0,0,17.65,18.62,28015,2,0,0,28.97
1064091,53.68,55.0,54.1,56.0,0,0,17.65,18.63,28515,2,0,0,28.97
1064597,53.68,55.0,54.1,56.0,0,0,17.65,18.63,29015,2,0,0,28.97
1065103,53.68,55.0,54.1,56.0,0,0,17.65,18.63,29515,2,0,0,28.97
1065609,53.68,55.0,54.1,56.0,0,0,17.65,18.63,30515,2,0,0,28.97
1066115,53.62,55.0,54.1,56.0,0,0,17.86,18.62,31015,2,0,0,28.98
1066621,53.59,55.0,54.1,56.0,0,0,17.84,18.6,31515,2,0,0,28.97
1067127,53.55,55.0,54.1,56.0,0,0,18.16,18.58,32015,2,0,0,28.96
1067634,53.55,55.0,54.1,56.0,0,0,18.16,18.58,32515,2,0,0,28.96
1068141,53.55,55.0,54.1,56.0,0,0,18.16,18.58,33015,2,0,0,28.96
1068647,53.55,55.0,54.1,56.0,0,0,18.16,18.58,33515,2,0,0,28.96
1069153,53.54,55.0,54.1,56.0,0,0,18.6,18.57,34015,2,0,0,28.96
1069659,53.54,55.0,54.1,56.0,0,0,18.6,18.57,34515,2,0,0,28.96
1070179,53.54,55.0,54.1,56.0,0,0,17.88,18.57,35015,2,0,0,28.94
1070686,53.54,55.0,54.1,56.0,0,0,17.88,18.56,35515,2,0,0,28.94
1071192,53.51,55.0,54.1,56.0,0,0,18.32,18.55,36015,2,0,0,28.94
1071698,53.52,55.0,54.1,56.0,0,0,18.68,18.57,36515,2,0,0,28.96
1072204,53.52,55.0,54.1,56.0,0,0,18.68,18.57,37015,2,0,0,28.96
1072710,53.52,55.0,54.1,56.0,0,0,18.68,18.57,37515,2,0,0,28.96
1073216,53.52,55.0,54.1,56.0,0,0,18.68,18.57,38015,2,0,0,28.96
1073722,53.49,55.0,54.1,56.0,0,0,18.44,18.55,38515,2,0,0,28.94
1074228,53.54,55.0,54.1,56.0,0,0,18.51,18.59,39015,2,0,0,28.97
1074734,53.53,55.0,54.1,56.0,0,0,18.7,18.59,39515,2,0,0,28.96
1075241,53.54,55.0,54.1,56.0,0,0,18.88,18.57,40015,2,0,0,28.94
1075748,53.54,55.0,54.1,56.0,0,0,18.88,18.56,40515,2,0,0,28.94
1076254,53.54,55.0,54.1,56.0,0,0,18.88,18.56,41015,2,0,0,28.94
1076760,53.54,55.0,54.1,56.0,0,0,18.88,18.56,41515,2,0,0,28.94
1077266,53.54,55.0,54.1,56.0,0,0,18.88,18.56,42015,2,0,0,28.94
1077772,53.54,55.0,54.1,56.0,0,0,18.57,18.59,42515,2,0,0,28.97
1078278,53.55,55.0,54.1,56.0,0,0,19.09,18.56,43015,2,0,0,28.94
1078784,53.59,55.0,54.1,56.0,0,0,18.88,18.58,43515,2,0,0,28.94
1079290,53.59,55.0,54.1,56.0,0,0,18.88,18.58,44015,2,0,0,28.94
1079796,53.55,55.0,54.1,56.0,0,0,18.98,18.56,44515,2,0,0,28.94
1080302,53.56,55.0,54.1,56.0,0,0,19.69,18.56,45015,2,0,0,28.94
1080808,53.56,55.0,54.1,56.0,0,0,19.69,18.57,45515,2,0,0,28.94
1081314,53.61,55.0,54.1,56.0,0,0,19.28,18.58,46015,2,0,0,28.94
1081820,53.64,55.0,54.1,56.0,0,0,19.16,18.57,46515,2,0,0,28.93
1082326,53.64,55.0,54.1,56.0,0,0,19.16,18.57,47015,2,0,0,28.93
1082832,53.64,55.0,54.1,56.0,0,0,19.16,18.57,47515,2,0,0,28.93
1083338,53.65,55.0,54.1,56.0,0,0,18.72,18.61,48015,2,0,0,28.96
1083844,53.67,55.0,54.1,56.0,0,0,19.82,18.61,48515,2,0,0,28.96
1084350,53.67,55.0,54.1,56.0,0,0,19.82,18.61,49015,2,0,0,28.96
1084856,53.67,55.0,54.1,56.0,0,0,19.35,18.61,49515,2,0,0,28.94
1085362,53.67,55.0,54.1,56.0,0,0,19.35,18.6,50015,2,0,0,28.94
1085868,53.71,55.0,54.1,56.0,0,0,19.26,18.61,50515,2,0,0,28.94
1086374,53.71,55.0,54.1,56.0,0,0,19.26,18.61,51015,2,0,0,28.94
1086880,53.73,55.0,54.1,56.0,0,0,19.48,18.62,51515,2,0,0,28.94
1087386,53.75,55.0,54.1,56.0,0,0,19.72,18.64,52015,2,0,0,28.96
1087892,53.75,55.0,54.1,56.0,0,0,19.72,18.64,52515,2,0,0,28.96
1088398,53.79,55.0,54.1,56.0,0,0,19.31,18.64,53015,2,0,0,28.96
1088904,53.79,55.0,54.1,56.0,0,0,19.31,18.65,53515,2,0,0,28.96
1089410,53.79,55.0,54.1,56.0,0,0,19.31,18.65,54015,2,0,0,28.96
1089916,53.79,55.0,54.1,56.0,0,0,19.31,18.65,54515,2,0,0,28.96
1090422,53.82,55.0,54.1,56.0,0,0,19.84,18.65,55015,2,0,0,28.94
1090928,53.83,55.0,54.1,56.0,0,0,19.82,18.65,55515,2,0,0,28.93
1091434,53.86,55.0,54.1,56.0,0,0,19.91,18.63,56015,2,0,0,28.96
1091940,53.86,55.0,54.1,56.0,0,0,19.91,18.67,56515,2,0,0,28.96
1092446,53.86,55.0,54.1,56.0,0,0,19.91,18.67,57015,2,0,0,28.96
1092952,53.92,55.0,54.1,56.0,0,0,19.89,18.67,57524,2,0,0,28.94
1093458,53.94,55.0,54.1,56.0,0,0,20.12,18.67,58024,2,0,0,28.97
1093964,53.94,55.0,54.1,56.0,0,0,20.12,18.7,58524,2,0,0,28.97
1094470,53.99,55.0,54.1,56.0,0,0,20.12,18.72,59024,2,0,0,28.97
1094979,53.99,55.0,54.1,56.0,0,0,20.12,18.72,59524,2,0,0,28.97
1095486,53.99,55.0,54.1,56.0,0,0,20.1,18.72,60024,2,0,0,28.96
1095992,54.03,55.0,54.1,56.0,0,0,20.4,18.71,60524,2,0,0,28.94
1096498,54.03,55.0,54.1,56.0,0,0,20.4,18.71,61024,2,0,0,28.94
1097004,54.07,55.0,54.1,56.0,0,0,20.36,18.71,61524,2,0,0,28.96
1097510,54.07,55.0,54.1,56.0,0,0,20.36,18.73,62024,2,0,0,28.96
1098016,54.11,55.0,54.1,56.0,0,0,20.49,18.73,62524,2,0,0,28.96
1098522,54.11,55.0,54.1,56.0,1,0,20.49,18.74,0,2,0,0,28.96
1099028,54.15,55.0,54.1,56.0,1,0,20.43,18.74,500,2,0,0,28.96
1099534,54.15,55.0,54.1,56.0,1,0,20.43,18.75,1000,2,0,0,28.96
1100040,54.15,55.0,54.1,56.0,1,0,20.43,18.75,1500,2,0,0,28.96
1100546,54.15,55.0,54.1,56.0,1,0,20.43,18.75,2000,2,0,0,28.96
1101052,54.15,55.0,54.1,56.0,1,0,20.43,18.75,2500,2,0,0,28.96
1101558,54.27,55.0,54.1,56.0,1,0,20.43,18.79,3000,2,0,0,28.96
1102064,54.26,55.0,54.1,56.0,1,0,20.62,18.79,3500,2,0,0,28.97
1102570,54.26,55.0,54.1,56.0,1,0,20.62,18.8,4000,2,0,0,28.97
1103076,54.26,55.0,54.1,56.0,1,0,20.62,18.8,4500,2,0,0,28.97
1103582,54.31,55.0,54.1,56.0,1,0,20.43,18.8,5000,2,0,0,28.94
1104088,54.35,55.0,54.1,56.0,1,0,20.34,18.79,5500,2,0,0,28.96
1104594,54.35,55.0,54.1,56.0,1,0,20.34,18.81,6000,2,0,0,28.96
1105100,54.37,55.0,54.1,56.0,1,0,20.38,18.81,6500,2,0,0,28.94
1105608,54.37,55.0,54.1,56.0,1,0,20.38,18.81,7000,2,0,0,28.94
1106114,54.37,55.0,54.1,56.0,1,0,20.38,18.81,7500,2,0,0,28.94
1106620,54.48,55.0,54.1,56.0,1,0,20.1,18.85,8502,2,0,0,28.96
1107126,54.51,55.0,54.1,56.0,1,0,19.91,18.86,9002,2,0,0,28.96
1107632,54.51,55.0,54.1,56.0,1,0,19.91,18.86,9502,2,0,0,28.96
1108138,54.54,55.0,54.1,56.0,1,0,20.1,18.86,10002,2,0,0,28.94
1108644,54.54,55.0,54.1,56.0,1,0,20.1,18.86,10502,2,0,0,28.94
1109150,54.54,55.0,54.1,56.0,1,0,20.1,18.86,11002,2,0,0,28.94
1109656,54.54,55.0,54.1,56.0,1,0,20.1,18.86,11502,2,0,0,28.94
1110162,54.63,55.0,54.1,56.0,1,0,19.82,18.9,12002,2,0,0,28.96
1110668,54.63,55.0,54.1,56.0,1,0,19.82,18.9,12502,2,0,0,28.96
1111174,54.63,55.0,54.1,56.0,1,0,19.82,18.9,13002,2,0,0,28.96
1111685,54.71,55.0,54.1,56.0,1,0,19.59,18.9,13502,2,0,0,28.96
1112192,54.71,55.0,54.1,56.0,1,0,19.59,18.92,14002,2,0,0,28.96
1112698,54.74,55.0,54.1,56.0,1,0,19.46,18.93,14502,2,0,0,28.96
1113204,54.74,55.0,54.1,56.0,1,0,19.46,18.93,15002,2,0,0,28.96
1113710,54.81,55.0,54.1,56.0,1,0,19.41,18.95,15502,2,0,0,28.96
1114216,54.81,55.0,54.1,56.0,1,0,19.41,18.95,16002,2,0,0,28.96
1114722,54.83,55.0,54.1,56.0,1,0,19.35,18.94,16502,2,0,0,28.94
1115230,54.83,55.0,54.1,56.0,1,0,19.35,18.94,17002,2,0,0,28.94
1115737,54.91,55.0,54.1,56.0,1,0,19.13,18.99,17502,2,0,0,28.97
1116243,54.92,55.0,54.1,56.0,1,0,19.05,18.98,18012,2,0,0,28.96
1116749,54.98,55.0,54.1,56.0,1,0,18.77,18.98,18512,2,0,0,28.96
1117255,54.98,55.0,54.1,56.0,1,0,18.77,19.0,19012,2,0,0,28.96
1117761,55.02,55.0,54.1,56.0,1,0,19.0,19.01,19512,2,0,0,28.96
1118267,55.07,55.0,54.1,56.0,1,0,18.57,19.02,20012,2,0,0,28.96
1118773,55.07,55.0,54.1,56.0,1,0,18.57,19.02,20512,2,0,0,28.96
1119282,55.07,55.0,54.1,56.0,1,0,18.57,19.02,21012,2,0,0,28.96
1119788,55.11,55.0,54.1,56.0,1,0,18.47,19.01,21512,2,0,0,28.93
1120294,55.14,55.0,54.1,56.0,1,0,18.34,19.04,22012,2,0,0,28.96
1120800,55.14,55.0,54.1,56.0,1,0,18.34,19.04,22512,2,0,0,28.96
1121306,55.16,55.0,54.1,56.0,1,0,18.32,19.05,23012,2,0,0,28.96
1121812,55.21,55.0,54.1,56.0,1,0,18.16,19.05,23512,2,0,0,28.93
1122318,55.21,55.0,54.1,56.0,1,0,18.16,19.04,24012,2,0,0,28.93
1122824,55.24,55.0,54.1,56.0,1,0,17.95,19.04,24512,2,0,0,28.93
1123333,55.24,55.0,54.1,56.0,1,0,17.95,19.05,25012,2,0,0,28.93
1123840,55.32,55.0,54.1,56.0,1,0,17.84,19.1,25512,2,0,0,28.96
1124346,55.32,55.0,54.1,56.0,1,0,17.84,19.1,26012,2,0,0,28.96
1124852,55.33,55.0,54.1,56.0,1,0,17.73,19.1,26512,2,0,0,28.96
1125358,55.33,55.0,54.1,56.0,1,0,17.73,19.1,27012,2,0,0,28.96
1125864,55.36,55.0,54.1,56.0,1,0,17.65,19.1,27512,2,0,0,28.94
1126370,55.39,55.0,54.1,56.0,1,0,17.09,19.09,28012,2,1,0,28.93
1126876,55.39,55.0,54.1,56.0,1,0,17.09,19.09,28512,2,1,0,28.93
1127382,55.44,55.0,54.1,56.0,1,0,17.45,19.12,29012,2,1,0,28.94
1127888,55.44,55.0,54.1,56.0,1,0,17.45,19.12,29512,2,1,0,28.94
1128394,55.45,55.0,54.1,56.0,1,0,17.24,19.12,30012,2,1,0,28.94
1128900,55.42,55.0,54.1,56.0,1,0,16.92,19.11,30512,2,1,0,28.94
1129406,55.47,55.0,54.1,56.0,1,0,17.09,19.11,31012,2,1,0,28.93
1129912,55.47,55.0,54.1,56.0,1,0,17.09,19.11,31512,2,1,0,28.93
1130418,55.44,55.0,54.1,56.0,1,0,17.22,19.14,32012,2,1,0,28.97
1130924,55.44,55.0,54.1,56.0,1,0,16.89,19.13,32512,2,1,0,28.96
1131430,55.41,55.0,54.1,56.0,1,0,16.92,19.13,33012,2,1,0,28.96
1131936,55.4,55.0,54.1,56.0,1,0,16.48,19.12,33512,2,1,0,28.96
1132459,55.41,55.0,54.1,56.0,1,0,16.68,19.12,34012,2,1,0,28.96
1132966,55.41,55.0,54.1,56.0,1,0,16.68,19.12,34512,2,1,0,28.96
1133472,55.41,55.0,54.1,56.0,1,0,16.68,19.12,35012,2,1,0,28.96
1133978,55.39,55.0,54.1,56.0,1,0,16.22,19.12,35512,2,1,0,28.94
1134484,55.39,55.0,54.1,56.0,1,0,16.22,19.1,36013,2,1,0,28.94
1134990,55.35,55.0,54.1,56.0,1,0,16.48,19.09,36515,2,1,0,28.94
1135496,55.35,55.0,54.1,56.0,1,0,16.48,19.09,37015,2,1,0,28.94
1136002,55.37,55.0,54.1,56.0,1,0,16.35,19.09,37515,2,1,0,28.96
1136508,55.37,55.0,54.1,56.0,1,0,16.35,19.11,38015,2,1,0,28.96
1137014,55.29,55.0,54.1,56.0,1,0,16.81,19.11,38515,2,1,0,28.96
1137520,55.29,55.0,54.1,56.0,1,0,16.81,19.09,39015,2,1,0,28.96
1138026,55.24,55.0,54.1,56.0,1,0,16.05,19.09,39515,2,1,0,28.94
1138532,55.24,55.0,54.1,56.0,0,0,16.05,19.06,0,2,1,0,28.94
1139038,55.23,55.0,54.1,56.0,0,0,16.44,19.07,500,2,1,0,28.96
1139545,55.23,55.0,54.1,56.0,0,0,16.44,19.07,1000,2,1,0,28.96
1140052,55.19,55.0,54.1,56.0,0,0,16.51,19.07,1500,2,1,0,28.93
1140558,55.19,55.0,54.1,56.0,0,0,16.51,19.03,2000,2,1,0,28.93
1141064,55.14,55.0,54.1,56.0,0,0,15.86,19.03,2500,2,1,0,28.93
1141570,55.09,55.0,54.1,56.0,0,0,15.75,19.02,3000,2,1,0,28.94
1142076,55.09,55.0,54.1,56.0,0,0,15.75,19.02,3500,2,1,0,28.94
1142582,55.07,55.0,54.1,56.0,0,0,16.4,19.0,4000,2,1,0,28.93
1143088,55.07,55.0,54.1,56.0,0,0,16.4,19.0,4500,2,1,0,28.93
1143594,55.01,55.0,54.1,56.0,0,0,15.34,19.0,5000,2,1,0,28.93
1144101,54.99,55.0,54.1,56.0,0,0,15.62,18.98,5500,2,1,0,28.93
1144608,54.99,55.0,54.1,56.0,0,0,15.62,18.97,6000,2,1,0,28.93
1145114,54.99,55.0,54.1,56.0,0,0,15.62,18.97,6500,2,1,0,28.93
1145620,54.87,55.0,54.1,56.0,0,0,15.77,18.97,7000,2,1,0,28.96
1146126,54.9,55.0,54.1,56.0,0,0,15.81,18.96,7500,2,1,0,28.94
1146632,54.9,55.0,54.1,56.0,0,0,15.81,18.96,8000,2,1,0,28.94
1147138,54.78,55.0,54.1,56.0,0,0,15.58,18.91,9005,2,1,0,28.93
1147644,54.75,55.0,54.1,56.0,0,0,15.86,18.89,9505,2,1,0,28.92
1148150,54.75,55.0,54.1,56.0,0,0,15.86,18.89,10005,2,1,0,28.92
1148656,54.71,55.0,54.1,56.0,0,0,15.9,18.88,10505,2,1,0,28.92
1149162,54.61,55.0,54.1,56.0,0,0,15.9,18.85,11005,2,1,0,28.92
1149668,54.65,55.0,54.1,56.0,0,0,15.97,18.85,11505,2,1,0,28.9
1150174,54.65,55.0,54.1,56.0,0,0,15.97,18.85,12005,2,1,0,28.9
1150680,54.55,55.0,54.1,56.0,0,0,15.99,18.85,12505,2,1,0,28.93
1151186,54.55,55.0,54.1,56.0,0,0,15.99,18.85,13005,2,1,0,28.93
1151692,54.5,55.0,54.1,56.0,0,0,16.1,18.85,13505,2,1,0,28.94
1152199,54.5,55.0,54.1,56.0,0,0,16.1,18.85,14005,2,1,0,28.94
1152706,54.44,55.0,54.1,56.0,0,0,16.35,18.83,14505,2,1,0,28.94
1153212,54.44,55.0,54.1,56.0,0,0,16.35,18.83,15005,2,1,0,28.94
1153718,54.44,55.0,54.1,56.0,0,0,16.35,18.83,15505,2,1,0,28.94
1154224,54.33,55.0,54.1,56.0,0,0,16.25,18.78,16005,2,1,0,28.93
1154730,54.25,55.0,54.1,56.0,0,0,16.46,18.75,16505,2,1,0,28.92
1155236,54.25,55.0,54.1,56.0,0,0,16.46,18.75,17005,2,1,0,28.92
1155742,54.23,55.0,54.1,56.0,0,0,16.4,18.72,17505,2,1,0,28.9
1156248,54.19,55.0,54.1,56.0,0,0,16.57,18.71,18005,2,1,0,28.9
1156754,54.13,55.0,54.1,56.0,0,0,16.59,18.71,18505,2,1,0,28.93
1157260,54.13,55.0,54.1,56.0,0,0,16.59,18.72,19005,2,1,0,28.93
1157766,54.1,55.0,54.1,56.0,0,0,16.48,18.71,19514,2,1,0,28.93
1158272,54.1,55.0,54.1,56.0,0,0,16.48,18.71,20014,2,1,0,28.93
1158778,54.1,55.0,54.1,56.0,0,0,16.48,18.71,20514,2,1,0,28.93
1159284,54.01,55.0,54.1,56.0,0,0,16.74,18.67,21014,2,1,0,28.92
1159790,54.01,55.0,54.1,56.0,0,0,16.74,18.67,21514,2,1,0,28.92
1160296,53.94,55.0,54.1,56.0,0,0,16.96,18.64,22014,2,1,0,28.9
1160802,53.94,55.0,54.1,56.0,0,0,16.96,18.64,22514,2,1,0,28.9
1161308,53.94,55.0,54.1,56.0,0,0,16.96,18.64,23014,2,1,0,28.9
1161814,53.87,55.0,54.1,56.0,0,0,17.2,18.63,23514,2,0,0,28.92
1162320,53.84,55.0,54.1,56.0,0,0,17.07,18.63,24014,2,0,0,28.92
1162826,53.84,55.0,54.1,56.0,0,0,17.07,18.62,24514,2,1,0,28.92
1163332,53.84,55.0,54.1,56.0,0,0,17.07,18.62,25014,2,1,0,28.92
1163838,53.74,55.0,54.1,56.0,0,0,17.45,18.62,25514,2,1,0,28.9
1164344,53.74,55.0,54.1,56.0,0,0,17.45,18.58,26014,2,0,0,28.9
1164850,53.71,55.0,54.1,56.0,0,0,17.41,18.58,26514,2,0,0,28.92
1165356,53.69,55.0,54.1,56.0,0,0,17.5,18.58,27014,2,0,0,28.9
1165862,53.69,55.0,54.1,56.0,0,0,17.5,18.57,27514,2,0,0,28.9
1166368,53.69,55.0,54.1,56.0,0,0,17.5,18.57,28014,2,0,0,28.9
1166874,53.64,55.0,54.1,56.0,0,0,17.65,18.56,28514,2,0,0,28.92
1167381,53.64,55.0,54.1,56.0,0,0,17.65,18.56,29014,2,0,0,28.92
1167888,53.64,55.0,54.1,56.0,0,0,17.67,18.56,29514,2,0,0,28.92
1168394,53.6,55.0,54.1,56.0,0,0,17.95,18.56,30014,2,0,0,28.89
1168900,53.6,55.0,54.1,56.0,0,0,17.95,18.53,30514,2,0,0,28.89
1169406,53.55,55.0,54.1,56.0,0,0,17.88,18.53,31014,2,0,0,28.92
1169912,53.55,55.0,54.1,56.0,0,0,17.88,18.54,31514,2,0,0,28.92
1170418,53.58,55.0,54.1,56.0,0,0,17.97,18.55,32014,2,0,0,28.92
1170924,53.58,55.0,54.1,56.0,0,0,17.97,18.55,32514,2,0,0,28.92
1171430,53.56,55.0,54.1,56.0,0,0,17.91,18.53,33014,2,0,0,28.9
1171936,53.56,55.0,54.1,56.0,0,0,17.91,18.53,33514,2,0,0,28.9
1172442,53.53,55.0,54.1,56.0,0,0,18.14,18.53,34014,2,0,0,28.92
1172948,53.56,55.0,54.1,56.0,0,0,18.27,18.53,34514,2,0,0,28.9
1173454,53.56,55.0,54.1,56.0,0,0,18.27,18.53,35014,2,0,0,28.9
1173960,53.54,55.0,54.1,56.0,0,0,18.32,18.51,35514,2,0,0,28.89
1174466,53.54,55.0,54.1,56.0,0,0,18.32,18.51,36014,2,0,0,28.89
1174972,53.52,55.0,54.1,56.0,0,0,18.34,18.52,36514,2,0,0,28.9
1175478,53.52,55.0,54.1,56.0,0,0,18.47,18.52,37014,2,0,0,28.92
1175984,53.57,55.0,54.1,56.0,0,0,18.47,18.53,37514,2,0,0,28.92
1176491,53.53,55.0,54.1,56.0,0,0,18.49,18.54,38014,2,0,0,28.93
1176998,53.53,55.0,54.1,56.0,0,0,18.49,18.54,38514,2,0,0,28.93
1177504,53.53,55.0,54.1,56.0,0,0,18.49,18.54,39014,2,0,0,28.93
1178010,53.51,55.0,54.1,56.0,0,0,18.88,18.5,39514,2,0,0,28.89
1178516,53.51,55.0,54.1,56.0,0,0,18.88,18.5,40014,2,0,0,28.89
1179022,53.53,55.0,54.1,56.0,0,0,18.68,18.52,40514,2,0,0,28.9
1179528,53.53,55.0,54.1,56.0,0,0,18.68,18.52,41015,2,0,0,28.9
1180034,53.53,55.0,54.1,56.0,0,0,18.68,18.52,41515,2,0,0,28.9
1180540,53.57,55.0,54.1,56.0,0,0,18.77,18.52,42015,2,0,0,28.89
1181046,53.56,55.0,54.1,56.0,0,0,18.96,18.52,42515,2,0,0,28.9
1181552,53.56,55.0,54.1,56.0,0,0,18.96,18.53,43015,2,0,0,28.9
1182058,53.59,55.0,54.1,56.0,0,0,19.07,18.53,43515,2,0,0,28.9
1182564,53.59,55.0,54.1,56.0,0,0,19.07,18.54,44015,2,0,0,28.9
1183070,53.62,55.0,54.1,56.0,0,0,18.96,18.54,44515,2,0,0,28.9
1183576,53.62,55.0,54.1,56.0,0,0,18.96,18.55,45015,2,0,0,28.9
1184082,53.64,55.0,54.1,56.0,0,0,19.18,18.55,45515,2,0,0,28.9
1184588,53.63,55.0,54.1,56.0,0,0,19.24,18.55,46015,2,0,0,28.9
1185094,53.63,55.0,54.1,56.0,0,0,19.24,18.55,46515,2,0,0,28.9
1185600,53.61,55.0,54.1,56.0,0,0,19.54,18.55,47015,2,0,0,28.9
1186106,53.61,55.0,54.1,56.0,0,0,19.54,18.54,47515,2,0,0,28.9
1186612,53.69,55.0,54.1,56.0,0,0,19.44,18.54,48015,2,0,0,28.93
1187118,53.64,55.0,54.1,56.0,0,0,19.59,18.59,48515,2,0,0,28.9
1187636,53.67,55.0,54.1,56.0,0,0,19.2,18.55,49015,2,0,0,28.9
1188143,53.67,55.0,54.1,56.0,0,0,19.2,18.56,49515,2,0,0,28.9
1188649,53.73,55.0,54.1,56.0,0,0,19.48,18.58,50516,2,0,0,28.9
1189155,53.73,55.0,54.1,56.0,0,0,19.48,18.59,51016,2,0,0,28.92
1189661,53.75,55.0,54.1,56.0,0,0,19.48,18.59,51516,2,0,0,28.9
1190167,53.75,55.0,54.1,56.0,0,0,19.48,18.59,52016,2,0,0,28.9
1190673,53.77,55.0,54.1,56.0,0,0,19.69,18.59,52516,2,0,0,28.9
1191179,53.77,55.0,54.1,56.0,0,0,19.69,18.59,53016,2,0,0,28.9
1191694,53.78,55.0,54.1,56.0,0,0,19.76,18.59,53516,2,0,0,28.89
1192201,53.78,55.0,54.1,56.0,0,0,19.76,18.58,54016,2,0,0,28.89
1192707,53.78,55.0,54.1,56.0,0,0,19.76,18.58,54516,2,0,0,28.89
1193213,53.78,55.0,54.1,56.0,0,0,19.76,18.58,55016,2,0,0,28.89
1193719,53.87,55.0,54.1,56.0,0,0,19.72,18.62,55516,2,0,0,28.9
1194225,53.87,55.0,54.1,56.0,0,0,19.91,18.63,56020,2,0,0,28.92
1194731,53.87,55.0,54.1,56.0,0,0,19.91,18.63,56520,2,0,0,28.92
1195237,53.91,55.0,54.1,56.0,0,0,20.23,18.66,57020,2,0,0,28.93
1195743,53.91,55.0,54.1,56.0,0,0,20.23,18.66,57520,2,0,0,28.93
1196249,53.96,55.0,54.1,56.0,0,0,19.97,18.67,58020,2,0,0,28.93
1196755,53.96,55.0,54.1,56.0,0,0,19.97,18.67,58520,2,0,0,28.93
1197261,53.96,55.0,54.1,56.0,0,0,20.0,18.66,59020,2,0,0,28.92
1197767,53.96,55.0,54.1,56.0,0,0,20.0,18.66,59520,2,0,0,28.92
1198273,54.02,55.0,54.1,56.0,0,0,20.23,18.68,60020,2,0,0,28.92
1198793,54.05,55.0,54.1,56.0,0,0,20.15,18.68,60520,2,0,0,28.89
1199300,54.05,55.0,54.1,56.0,0,0,20.15,18.66,61020,2,0,0,28.89
1199806,54.05,55.0,54.1,56.0,0,0,20.15,18.66,61520,2,0,0,28.89
1200312,54.09,55.0,54.1,56.0,0,0,20.47,18.7,62020,2,0,0,28.92
1200818,54.09,55.0,54.1,56.0,0,0,20.47,18.7,62520,2,0,0,28.92
1201324,54.09,55.0,54.1,56.0,0,0,20.47,18.7,63020,2,0,0,28.92
1201832,54.18,55.0,54.1,56.0,0,0,20.1,18.7,63520,2,0,0,28.9
1202339,54.18,55.0,54.1,56.0,1,0,20.1,18.71,0,2,0,0,28.9
1202845,54.18,55.0,54.1,56.0,1,0,20.69,18.71,500,2,0,0,28.9
1203351,54.18,55.0,54.1,56.0,1,0,20.69,18.71,1000,2,0,0,28.9
1203857,54.21,55.0,54.1,56.0,1,0,20.66,18.71,1500,2,0,0,28.9
1204363,54.21,55.0,54.1,56.0,1,0,20.66,18.72,2000,2,0,0,28.9
1204869,54.21,55.0,54.1,56.0,1,0,20.66,18.72,2500,2,0,0,28.9
1205376,54.25,55.0,54.1,56.0,1,0,20.69,18.72,3000,2,0,0,28.9
1205883,54.25,55.0,54.1,56.0,1,0,20.69,18.73,3500,2,0,0,28.9
1206389,54.3,55.0,54.1,56.0,1,0,20.43,18.76,4000,2,0,0,28.92
1206895,54.35,55.0,54.1,56.0,1,0,20.49,18.76,4500,2,0,0,28.9
1207401,54.35,55.0,54.1,56.0,1,0,20.49,18.76,5000,2,0,0,28.9
1207907,54.34,55.0,54.1,56.0,1,0,20.69,18.76,5500,2,0,0,28.9
1208413,54.34,55.0,54.1,56.0,1,0,20.69,18.76,6000,2,0,0,28.9
1208919,54.43,55.0,54.1,56.0,1,0,20.34,18.8,6500,2,0,0,28.92
1209425,54.43,55.0,54.1,56.0,1,0,20.34,18.8,7000,2,0,0,28.89
1209931,54.5,55.0,54.1,56.0,1,0,20.15,18.77,7500,2,0,0,28.92
1210438,54.5,55.0,54.1,56.0,1,0,20.17,18.82,8000,2,0,0,28.92
1210945,54.5,55.0,54.1,56.0,1,0,20.17,18.82,8500,2,0,0,28.92
1211451,54.55,55.0,54.1,56.0,1,0,20.23,18.82,9000,2,0,0,28.89
1211957,54.55,55.0,54.1,56.0,1,0,20.23,18.81,9500,2,0,0,28.89
1212463,54.61,55.0,54.1,56.0,1,0,19.93,18.81,10000,2,0,0,28.89
1212969,54.61,55.0,54.1,56.0,1,0,19.93,18.82,10500,2,0,0,28.89
1213475,54.61,55.0,54.1,56.0,1,0,19.91,18.82,11000,2,0,0,28.92
1213994,54.66,55.0,54.1,56.0,1,0,19.74,18.85,11500,2,0,0,28.87
1214501,54.66,55.0,54.1,56.0,1,0,19.74,18.82,12000,2,0,0,28.87
1215007,54.66,55.0,54.1,56.0,1,0,19.74,18.82,12500,2,0,0,28.87
1215513,54.73,55.0,54.1,56.0,1,0,19.72,18.87,13000,2,0,0,28.9
1216019,54.79,55.0,54.1,56.0,1,0,19.52,18.87,13500,2,0,0,28.92
1216525,54.79,55.0,54.1,56.0,1,0,19.52,18.9,14000,2,0,0,28.92
1217031,54.81,55.0,54.1,56.0,1,0,19.48,18.9,14500,2,0,0,28.9
1217538,54.81,55.0,54.1,56.0,1,0,19.48,18.9,15000,2,0,0,28.9
1218045,54.86,55.0,54.1,56.0,1,0,19.22,18.91,15500,2,0,0,28.9
1218551,54.86,55.0,54.1,56.0,1,0,19.22,18.91,16000,2,0,0,28.9
1219057,54.89,55.0,54.1,56.0,1,0,19.11,18.91,16500,2,0,0,28.87
1219563,54.89,55.0,54.1,56.0,1,0,19.11,18.89,17000,2,0,0,28.87
1220069,54.97,55.0,54.1,56.0,1,0,18.94,18.89,17500,2,0,0,28.92
1220575,54.97,55.0,54.1,56.0,1,0,18.94,18.96,18000,2,0,0,28.92
1221081,54.99,55.0,54.1,56.0,1,0,19.0,18.95,18500,2,0,0,28.9
1221587,54.99,55.0,54.1,56.0,1,0,19.0,18.95,19000,2,0,0,28.9
1222093,55.07,55.0,54.1,56.0,1,0,18.62,18.95,19500,2,0,0,28.89
1222599,55.07,55.0,54.1,56.0,1,0,18.62,18.96,20000,2,0,0,28.89
1223105,55.13,55.0,54.1,56.0,1,0,18.51,18.96,20503,2,0,0,28.9
1223611,55.13,55.0,54.1,56.0,1,0,18.51,18.99,21004,2,0,0,28.9
1224117,55.19,55.0,54.1,56.0,1,0,18.49,18.99,21504,2,0,0,28.89
1224624,55.19,55.0,54.1,56.0,1,0,18.49,19.0,22004,2,0,0,28.89
1225131,55.24,55.0,54.1,56.0,1,0,18.27,19.0,22504,2,0,0,28.9
1225637,55.24,55.0,54.1,56.0,1,0,18.27,19.02,23004,2,0,0,28.9
1226143,55.26,55.0,54.1,56.0,1,0,18.19,19.02,23504,2,0,0,28.89
1226649,55.31,55.0,54.1,56.0,1,0,18.08,19.02,24004,2,0,0,28.9
1227155,55.32,55.0,54.1,56.0,1,0,17.93,19.04,24504,2,0,0,28.92
1227661,55.32,55.0,54.1,56.0,1,0,17.93,19.06,25508,2,0,0,28.92
1228167,55.33,55.0,54.1,56.0,1,0,17.95,19.06,26008,2,0,0,28.92
1228673,55.41,55.0,54.1,56.0,1,0,17.8,19.08,26508,2,0,0,28.92
1229190,55.38,55.0,54.1,56.0,1,0,17.65,19.08,27008,2,0,0,28.89
1229697,55.38,55.0,54.1,56.0,1,0,17.65,19.05,27508,2,0,0,28.89
1230203,55.43,55.0,54.1,56.0,1,0,17.45,19.06,28008,2,1,0,28.89
1230709,55.47,55.0,54.1,56.0,1,0,17.43,19.06,28508,2,1,0,28.9
1231215,55.47,55.0,54.1,56.0,1,0,17.43,19.09,29008,2,1,0,28.9
1231721,55.49,55.0,54.1,56.0,1,0,17.37,19.09,29513,2,1,0,28.9
1232227,55.49,55.0,54.1,56.0,1,0,17.37,19.09,30013,2,1,0,28.9
1232733,55.51,55.0,54.1,56.0,1,0,17.22,19.11,30513,2,1,0,28.92
1233248,55.48,55.0,54.1,56.0,1,0,17.11,19.11,31013,2,1,0,28.89
1233755,55.48,55.0,54.1,56.0,1,0,17.11,19.08,31513,2,1,0,28.89
1234261,55.46,55.0,54.1,56.0,1,0,16.85,19.07,32013,2,1,0,28.89
1234767,55.49,55.0,54.1,56.0,1,0,16.96,19.07,32513,2,1,0,28.9
1235273,55.49,55.0,54.1,56.0,1,0,16.96,19.09,33013,2,1,0,28.9
1235779,55.49,55.0,54.1,56.0,1,0,16.96,19.09,33513,2,1,0,28.9
1236285,55.44,55.0,54.1,56.0,1,0,16.81,19.08,34013,2,1,0,28.9
1236791,55.48,55.0,54.1,56.0,1,0,16.57,19.08,34513,2,1,0,28.89
1237306,55.42,55.0,54.1,56.0,1,0,16.66,19.08,35013,2,1,0,28.9
1237813,55.42,55.0,54.1,56.0,1,0,16.66,19.07,35513,2,1,0,28.9
1238319,55.42,55.0,54.1,56.0,1,0,16.66,19.07,36013,2,1,0,28.9
1238825,55.42,55.0,54.1,56.0,1,0,16.66,19.07,36513,2,1,0,28.9
1239331,55.46,55.0,54.1,56.0,1,0,16.35,19.06,37013,2,1,0,28.87
1239837,55.46,55.0,54.1,56.0,1,0,16.35,19.06,37513,2,1,0,28.87
1240343,55.38,55.0,54.1,56.0,1,0,16.42,19.03,38013,2,1,0,28.87
1240849,55.38,55.0,54.1,56.0,1,0,16.42,19.03,38513,2,1,0,28.87
1241355,55.33,55.0,54.1,56.0,1,0,16.31,19.02,39013,2,1,0,28.87
1241861,55.33,55.0,54.1,56.0,1,0,16.31,19.02,39513,2,1,0,28.87
1242367,55.34,55.0,54.1,56.0,0,0,16.22,19.04,0,2,1,0,28.89
1242873,55.34,55.0,54.1,56.0,0,0,16.22,19.04,500,2,1,0,28.89
1243379,55.26,55.0,54.1,56.0,0,0,16.18,19.02,1000,2,1,0,28.89
1243886,55.26,55.0,54.1,56.0,0,0,16.18,19.02,1500,2,1,0,28.89
1244393,55.23,55.0,54.1,56.0,0,0,15.88,18.99,2000,2,1,0,28.87
1244899,55.21,55.0,54.1,56.0,0,0,16.05,18.99,2500,2,1,0,28.89
1245405,55.21,55.0,54.1,56.0,0,0,16.05,19.0,3000,2,1,0,28.89
1245911,55.13,55.0,54.1,56.0,0,0,15.73,18.95,3500,2,1,0,28.86
1246417,55.15,55.0,54.1,56.0,0,0,15.86,18.97,4000,2,1,0,28.87
1246923,55.15,55.0,54.1,56.0,0,0,15.86,18.97,4500,2,1,0,28.87
1247429,55.1,55.0,54.1,56.0,0,0,15.64,18.97,5000,2,1,0,28.89
1247935,55.04,55.0,54.1,56.0,0,0,15.58,18.97,5500,2,1,0,28.87
1248441,55.01,55.0,54.1,56.0,0,0,15.79,18.94,6000,2,1,0,28.89
1248955,54.94,55.0,54.1,56.0,0,0,15.79,18.94,6500,2,1,0,28.89
1249462,54.94,55.0,54.1,56.0,0,0,15.79,18.92,7000,2,1,0,28.89
1249968,54.93,55.0,54.1,56.0,0,0,15.55,18.89,7500,2,1,0,28.86
1250474,54.93,55.0,54.1,56.0,0,0,15.55,18.89,8000,2,1,0,28.86
1250980,54.87,55.0,54.1,56.0,0,0,15.77,18.89,8500,2,1,0,28.87
1251486,54.87,55.0,54.1,56.0,0,0,15.77,18.89,9000,2,1,0,28.87
1251992,54.82,55.0,54.1,56.0,0,0,16.01,18.87,9500,2,1,0,28.87
1252498,54.79,55.0,54.1,56.0,0,0,15.53,18.85,10000,2,1,0,28.86
1253004,54.77,55.0,54.1,56.0,0,0,15.79,18.85,10500,2,1,0,28.87
1253510,54.77,55.0,54.1,56.0,0,0,15.79,18.86,11000,2,1,0,28.87
1254016,54.71,55.0,54.1,56.0,0,0,15.97,18.84,11500,2,1,0,28.87
1254522,54.62,55.0,54.1,56.0,0,0,16.03,18.84,12000,2,1,0,28.87
1255028,54.62,55.0,54.1,56.0,0,0,16.03,18.81,12500,2,1,0,28.87
1255534,54.62,55.0,54.1,56.0,0,0,16.03,18.81,13000,2,1,0,28.87
1256040,54.62,55.0,54.1,56.0,0,0,16.03,18.81,13500,2,1,0,28.87
1256546,54.5,55.0,54.1,56.0,0,0,16.92,18.81,14000,2,1,0,28.87
1257052,54.5,55.0,54.1,56.0,0,0,16.92,18.78,14500,2,1,0,28.87
1257558,54.5,55.0,54.1,56.0,0,0,16.92,18.78,15000,2,1,0,28.87
1258064,54.5,55.0,54.1,56.0,0,0,16.92,18.78,15500,2,1,0,28.87
1258570,54.33,55.0,54.1,56.0,0,0,16.42,18.78,16000,2,1,0,28.86
1259076,54.29,55.0,54.1,56.0,0,0,16.42,18.72,16500,2,1,0,28.89
1259582,54.29,55.0,54.1,56.0,0,0,16.42,18.73,17000,2,1,0,28.89
1260088,54.27,55.0,54.1,56.0,0,0,16.72,18.73,17500,2,1,0,28.86
1260595,54.19,55.0,54.1,56.0,0,0,16.61,18.7,18000,2,1,0,28.89
1261102,54.19,55.0,54.1,56.0,0,0,16.61,18.7,18500,2,1,0,28.89
1261608,54.18,55.0,54.1,56.0,0,0,16.81,18.7,19000,2,1,0,28.86
1262114,54.14,55.0,54.1,56.0,0,0,16.96,18.67,19500,2,1,0,28.86
1262620,54.14,55.0,54.1,56.0,0,0,16.96,18.66,20000,2,1,0,28.86
1263126,54.05,55.0,54.1,56.0,0,0,16.96,18.66,20500,2,1,0,28.89
1263632,54.05,55.0,54.1,56.0,0,0,16.96,18.66,21000,2,1,0,28.89
1264139,54.05,55.0,54.1,56.0,0,0,16.96,18.66,21500,2,1,0,28.89
1264646,54.01,55.0,54.1,56.0,0,0,16.89,18.66,22000,2,1,0,28.87
1265152,53.93,55.0,54.1,56.0,0,0,17.07,18.63,22500,2,1,0,28.86
1265658,53.93,55.0,54.1,56.0,0,0,17.07,18.6,23000,2,1,0,28.86
1266164,53.93,55.0,54.1,56.0,0,0,17.07,18.6,23500,2,1,0,28.86
1266670,53.9,55.0,54.1,56.0,0,0,17.15,18.6,24504,2,0,0,28.87
1267176,53.89,55.0,54.1,56.0,0,0,17.24,18.6,25004,2,0,0,28.87
1267682,53.83,55.0,54.1,56.0,0,0,17.17,18.57,25504,2,0,0,28.86
1268188,53.83,55.0,54.1,56.0,0,0,17.39,18.58,26004,2,0,0,28.87
1268706,53.81,55.0,54.1,56.0,0,0,17.17,18.58,26504,2,0,0,28.87
1269213,53.81,55.0,54.1,56.0,0,0,17.17,18.58,27004,2,0,0,28.87
1269719,53.81,55.0,54.1,56.0,0,0,17.17,18.58,27504,2,0,0,28.87
1270225,53.76,55.0,54.1,56.0,0,0,17.52,18.55,28014,2,0,0,28.86
1270731,53.76,55.0,54.1,56.0,0,0,17.52,18.55,28514,2,0,0,28.86
1271237,53.7,55.0,54.1,56.0,0,0,17.02,18.53,29014,2,1,0,28.86
1271743,53.7,55.0,54.1,56.0,0,0,17.02,18.53,29514,2,1,0,28.86
1272249,53.69,55.0,54.1,56.0,0,0,17.78,18.53,30014,2,0,0,28.86
1272755,53.69,55.0,54.1,56.0,0,0,17.78,18.53,30514,2,0,0,28.86
1273261,53.67,55.0,54.1,56.0,0,0,17.82,18.53,31014,2,0,0,28.87
1273767,53.67,55.0,54.1,56.0,0,0,17.82,18.53,31514,2,0,0,28.87
1274273,53.66,55.0,54.1,56.0,0,0,17.41,18.52,32014,2,0,0,28.86
1274779,53.65,55.0,54.1,56.0,0,0,18.06,18.53,32514,2,0,0,28.87
1275285,53.65,55.0,54.1,56.0,0,0,18.06,18.53,33014,2,0,0,28.87
1275791,53.58,55.0,54.1,56.0,0,0,17.97,18.51,33514,2,0,0,28.87
1276297,53.58,55.0,54.1,56.0,0,0,17.97,18.51,34014,2,0,0,28.87
1276803,53.63,55.0,54.1,56.0,0,0,18.19,18.52,34527,2,0,0,28.87
1277309,53.63,55.0,54.1,56.0,0,0,18.19,18.52,35027,2,0,0,28.87
1277815,53.59,55.0,54.1,56.0,0,0,18.19,18.5,35527,2,0,0,28.86
1278321,53.59,55.0,54.1,56.0,0,0,18.19,18.5,36027,2,0,0,28.86
1278827,53.6,55.0,54.1,56.0,0,0,18.16,18.48,36527,2,0,0,28.84
1279333,53.6,55.0,54.1,56.0,0,0,18.16,18.48,37027,2,0,0,28.84
1279839,53.59,55.0,54.1,56.0,0,0,18.51,18.48,37527,2,0,0,28.87
1280345,53.59,55.0,54.1,56.0,0,0,18.51,18.51,38027,2,0,0,28.87
1280851,53.59,55.0,54.1,56.0,0,0,18.51,18.51,38527,2,0,0,28.87
1281357,53.58,55.0,54.1,56.0,0,0,18.49,18.51,39027,2,0,0,28.86
1281863,53.58,55.0,54.1,56.0,0,0,18.49,18.49,39527,2,0,0,28.86
1282369,53.58,55.0,54.1,56.0,0,0,18.49,18.49,40027,2,0,0,28.86
1282875,53.6,55.0,54.1,56.0,0,0,18.62,18.5,40527,2,0,0,28.86
1283381,53.57,55.0,54.1,56.0,0,0,18.66,18.5,41027,2,0,0,28.84
1283887,53.57,55.0,54.1,56.0,0,0,18.66,18.48,41527,2,0,0,28.84
1284393,53.59,55.0,54.1,56.0,0,0,18.34,18.48,42027,2,0,0,28.86
1284899,53.59,55.0,54.1,56.0,0,0,18.34,18.5,42527,2,0,0,28.86
1285405,53.59,55.0,54.1,56.0,0,0,18.34,18.5,43027,2,0,0,28.86
1285911,53.66,55.0,54.1,56.0,0,0,19.09,18.5,43527,2,0,0,28.84
1286417,53.66,55.0,54.1,56.0,0,0,19.09,18.5,44027,2,0,0,28.84
1286923,53.64,55.0,54.1,56.0,0,0,18.85,18.5,44527,2,0,0,28.87
1287429,53.64,55.0,54.1,56.0,0,0,18.85,18.52,45027,2,0,0,28.87
1287935,53.66,55.0,54.1,56.0,0,0,19.0,18.52,45527,2,0,0,28.84
1288441,53.66,55.0,54.1,56.0,0,0,19.0,18.5,46027,2,0,0,28.84
1288947,53.67,55.0,54.1,56.0,0,0,19.26,18.52,46527,2,0,0,28.86
1289453,53.67,55.0,54.1,56.0,0,0,19.22,18.52,47027,2,0,0,28.87
1289959,53.67,55.0,54.1,56.0,0,0,19.22,18.53,47527,2,0,0,28.87
1290465,53.69,55.0,54.1,56.0,0,0,19.54,18.53,48027,2,0,0,28.84
1290971,53.69,55.0,54.1,56.0,0,0,19.54,18.51,48527,2,0,0,28.84
1291477,53.69,55.0,54.1,56.0,0,0,19.54,18.51,49027,2,0,0,28.84
1291983,53.7,55.0,54.1,56.0,0,0,19.16,18.53,49527,2,0,0,28.86
1292489,53.75,55.0,54.1,56.0,0,0,19.26,18.56,50027,2,0,0,28.87
1292995,53.74,55.0,54.1,56.0,0,0,19.44,18.56,50527,2,0,0,28.86
1293501,53.8,55.0,54.1,56.0,0,0,19.46,18.54,51027,2,0,0,28.86
1294007,53.8,55.0,54.1,56.0,0,0,19.46,18.56,51527,2,0,0,28.86
1294513,53.8,55.0,54.1,56.0,0,0,19.61,18.54,52027,2,0,0,28.84
1295019,53.81,55.0,54.1,56.0,0,0,19.59,18.54,52527,2,0,0,28.84
1295525,53.81,55.0,54.1,56.0,0,0,19.59,18.55,53027,2,0,0,28.84
1296031,53.81,55.0,54.1,56.0,0,0,19.59,18.55,53527,2,0,0,28.84
1296537,53.84,55.0,54.1,56.0,0,0,19.69,18.55,54027,2,0,0,28.84
1297043,53.91,55.0,54.1,56.0,0,0,19.91,18.56,54527,2,0,0,28.87
1297549,53.91,55.0,54.1,56.0,0,0,19.82,18.61,55027,2,0,0,28.84
1298055,53.91,55.0,54.1,56.0,0,0,19.82,18.58,55527,2,0,0,28.84
1298561,53.88,55.0,54.1,56.0,0,0,19.72,18.58,56027,2,0,0,28.87
1299067,53.93,55.0,54.1,56.0,0,0,19.65,18.59,56527,2,0,0,28.84
1299573,53.93,55.0,54.1,56.0,0,0,19.65,18.58,57027,2,0,0,28.84
1300080,53.93,55.0,54.1,56.0,0,0,19.65,18.58,57527,2,0,0,28.84
1300586,53.93,55.0,54.1,56.0,0,0,19.65,18.58,58027,2,0,0,28.84
1301092,53.93,55.0,54.1,56.0,0,0,19.65,18.58,58527,2,0,0,28.84
1301598,54.01,55.0,54.1,56.0,0,0,20.02,18.58,59027,2,0,0,28.89
1302104,54.01,55.0,54.1,56.0,0,0,20.02,18.65,59527,2,0,0,28.89
1302611,54.07,55.0,54.1,56.0,0,0,20.4,18.65,60027,2,0,0,28.86
1303117,54.07,55.0,54.1,56.0,0,0,20.4,18.64,60527,2,0,0,28.86
1303623,54.12,55.0,54.1,56.0,0,0,20.17,18.64,61027,2,0,0,28.84
1304129,54.12,55.0,54.1,56.0,1,0,20.43,18.64,0,2,0,0,28.86
1304635,54.12,55.0,54.1,56.0,1,0,20.43,18.65,500,2,0,0,28.86
1305141,54.17,55.0,54.1,56.0,1,0,20.36,18.65,1000,2,0,0,28.86
1305647,54.17,55.0,54.1,56.0,1,0,20.36,18.67,1500,2,0,0,28.86
1306153,54.21,55.0,54.1,56.0,1,0,20.3,18.67,2000,2,0,0,28.86
1306659,54.21,55.0,54.1,56.0,1,0,20.3,18.68,2500,2,0,0,28.86
1307165,54.21,55.0,54.1,56.0,1,0,20.34,18.68,3000,2,0,0,28.84
1307671,54.23,55.0,54.1,56.0,1,0,20.4,18.66,3500,2,0,0,28.86
1308177,54.23,55.0,54.1,56.0,1,0,20.4,18.69,4000,2,0,0,28.86
1308683,54.27,55.0,54.1,56.0,1,0,20.12,18.69,4500,2,0,0,28.86
1309189,54.27,55.0,54.1,56.0,1,0,20.12,18.7,5000,2,0,0,28.86
1309696,54.27,55.0,54.1,56.0,1,0,20.12,18.7,6003,2,0,0,28.86
1310203,54.33,55.0,54.1,56.0,1,0,20.3,18.72,6503,2,0,0,28.86
1310709,54.41,55.0,54.1,56.0,1,0,20.17,18.77,7004,2,0,0,28.89
1311215,54.41,55.0,54.1,56.0,1,0,20.17,18.77,7504,2,0,0,28.89
1311721,54.42,55.0,54.1,56.0,1,0,20.15,18.73,8004,2,0,0,28.84
1312227,54.42,55.0,54.1,56.0,1,0,20.15,18.73,8504,2,0,0,28.84
1312733,54.41,55.0,54.1,56.0,1,0,20.02,18.75,9004,2,0,0,28.87
1313239,54.41,55.0,54.1,56.0,1,0,20.02,18.75,9504,2,0,0,28.87
1313745,54.49,55.0,54.1,56.0,1,0,19.95,18.72,10004,2,0,0,28.81
1314251,54.49,55.0,54.1,56.0,1,0,19.95,18.72,10504,2,0,0,28.81
1314757,54.58,55.0,54.1,56.0,1,0,19.69,18.77,11004,2,0,0,28.84
1315263,54.58,55.0,54.1,56.0,1,0,19.69,18.77,11504,2,0,0,28.84
1315769,54.59,55.0,54.1,56.0,1,0,19.59,18.76,12004,2,0,0,28.83
1316275,54.59,55.0,54.1,56.0,1,0,19.59,18.76,12504,2,0,0,28.83
1316781,54.66,55.0,54.1,56.0,1,0,19.41,18.82,13010,2,0,0,28.87
1317301,54.64,55.0,54.1,56.0,1,0,19.16,18.82,13510,2,0,0,28.84
1317808,54.64,55.0,54.1,56.0,1,0,19.16,18.79,14010,2,0,0,28.84
1318314,54.67,55.0,54.1,56.0,1,0,19.28,18.82,14510,2,0,0,28.86
1318820,54.77,55.0,54.1,56.0,1,0,19.18,18.84,15010,2,0,0,28.86
1319326,54.77,55.0,54.1,56.0,1,0,19.18,18.84,15510,2,0,0,28.86
1319832,54.77,55.0,54.1,56.0,1,0,19.18,18.84,16010,2,0,0,28.86
1320338,54.82,55.0,54.1,56.0,1,0,19.05,18.83,16510,2,0,0,28.83
1320844,54.88,55.0,54.1,56.0,1,0,19.0,18.88,17010,2,0,0,28.86
1321350,54.88,55.0,54.1,56.0,1,0,19.0,18.88,17510,2,0,0,28.86
1321856,54.95,55.0,54.1,56.0,1,0,18.72,18.88,18010,2,0,0,28.86
1322362,54.95,55.0,54.1,56.0,1,0,18.72,18.9,18510,2,0,0,28.86
1322868,54.92,55.0,54.1,56.0,1,0,18.75,18.86,19010,2,0,0,28.83
1323374,54.92,55.0,54.1,56.0,1,0,18.75,18.86,19510,2,0,0,28.83
1323880,54.99,55.0,54.1,56.0,1,0,18.62,18.89,20010,2,0,0,28.84
1324386,55.03,55.0,54.1,56.0,1,0,18.44,18.93,20523,2,0,0,28.87
1324892,55.03,55.0,54.1,56.0,1,0,18.44,18.93,21023,2,0,0,28.87
1325398,55.03,55.0,54.1,56.0,1,0,18.44,18.93,21523,2,0,0,28.87
1325904,55.03,55.0,54.1,56.0,1,0,18.44,18.93,22023,2,0,0,28.87
1326410,55.13,55.0,54.1,56.0,1,0,18.14,18.95,22523,2,0,0,28.86
1326916,55.15,55.0,54.1,56.0,1,0,18.12,18.96,23023,2,0,0,28.86
1327422,55.19,55.0,54.1,56.0,1,0,18.08,18.98,23523,2,0,0,28.87
1327928,55.19,55.0,54.1,56.0,1,0,18.08,18.98,24023,2,0,0,28.87
1328449,55.26,55.0,54.1,56.0,1,0,18.21,18.98,24523,2,0,0,28.84
1328956,55.26,55.0,54.1,56.0,1,0,18.21,18.97,25023,2,0,0,28.84
1329462,55.26,55.0,54.1,56.0,1,0,18.21,18.97,25523,2,0,0,28.84
1329968,55.26,55.0,54.1,56.0,1,0,18.21,18.97,26024,2,0,0,28.84
1330474,55.3,55.0,54.1,56.0,1,0,17.58,18.97,26524,2,0,0,28.83
1330980,55.3,55.0,54.1,56.0,1,0,17.58,18.97,27024,2,0,0,28.83
1331486,55.3,55.0,54.1,56.0,1,0,17.48,18.97,27524,2,0,0,28.83
1331993,55.36,55.0,54.1,56.0,1,0,17.35,18.97,28024,2,0,0,28.83
1332500,55.36,55.0,54.1,56.0,1,0,17.35,18.99,28524,2,1,0,28.83
1333006,55.36,55.0,54.1,56.0,1,0,17.35,18.99,29024,2,1,0,28.83
1333512,55.36,55.0,54.1,56.0,1,0,17.35,18.99,29524,2,1,0,28.83
1334018,55.35,55.0,54.1,56.0,1,0,17.2,18.99,30024,2,1,0,28.84
1334524,55.35,55.0,54.1,56.0,1,0,17.2,19.0,30524,2,1,0,28.84
1335030,55.41,55.0,54.1,56.0,1,0,16.94,19.0,31024,2,1,0,28.84
1335536,55.41,55.0,54.1,56.0,1,0,16.94,19.02,31524,2,1,0,28.84
1336042,55.37,55.0,54.1,56.0,1,0,16.87,19.02,32037,2,1,0,28.86
1336548,55.37,55.0,54.1,56.0,1,0,16.87,19.02,32537,2,1,0,28.86
1337054,55.37,55.0,54.1,56.0,1,0,16.76,19.02,33037,2,1,0,28.86
1337560,55.34,55.0,54.1,56.0,1,0,16.07,19.02,33537,2,1,0,28.83
1338066,55.34,55.0,54.1,56.0,1,0,16.07,18.98,34037,2,1,0,28.83
1338572,55.4,55.0,54.1,56.0,1,0,16.68,19.0,34537,2,1,0,28.83
1339078,55.38,55.0,54.1,56.0,1,0,16.48,19.0,35037,2,1,0,28.81
1339584,55.38,55.0,54.1,56.0,1,0,16.48,18.98,35537,2,1,0,28.81
1340090,55.32,55.0,54.1,56.0,1,0,16.38,18.98,36037,2,1,0,28.86
1340596,55.31,55.0,54.1,56.0,1,0,16.38,19.01,36537,2,1,0,28.83
1341102,55.31,55.0,54.1,56.0,1,0,16.38,18.97,37037,2,1,0,28.83
1341608,55.31,55.0,54.1,56.0,1,0,16.31,19.0,37537,2,1,0,28.86
1342114,55.26,55.0,54.1,56.0,1,0,16.2,19.0,38037,2,1,0,28.84
1342620,55.26,55.0,54.1,56.0,1,0,16.2,18.97,38537,2,1,0,28.84
1343126,55.27,55.0,54.1,56.0,1,0,15.99,18.96,39037,2,1,0,28.83
1343632,55.24,55.0,54.1,56.0,1,0,15.97,18.96,39537,2,1,0,28.83
1344142,55.21,55.0,54.1,56.0,0,0,15.9,18.96,0,2,1,0,28.83
1344648,55.21,55.0,54.1,56.0,0,0,15.9,18.95,500,2,1,0,28.83
1345154,55.17,55.0,54.1,56.0,0,0,15.86,18.95,1016,2,1,0,28.84
1345660,55.17,55.0,54.1,56.0,0,0,15.86,18.95,1516,2,1,0,28.84
1346166,55.11,55.0,54.1,56.0,0,0,15.66,18.95,2016,2,1,0,28.83
1346672,55.11,55.0,54.1,56.0,0,0,15.66,18.92,2516,2,1,0,28.83
1347178,55.04,55.0,54.1,56.0,0,0,15.75,18.92,3016,2,1,0,28.81
1347684,55.08,55.0,54.1,56.0,0,0,15.6,18.88,3516,2,1,0,28.84
1348190,55.02,55.0,54.1,56.0,0,0,15.81,18.92,4016,2,1,0,28.83
1348696,54.99,55.0,54.1,56.0,0,0,15.58,18.89,4516,2,1,0,28.84
1349202,54.99,55.0,54.1,56.0,0,0,15.58,18.89,5016,2,1,0,28.84
1349708,54.99,55.0,54.1,56.0,0,0,15.58,18.89,5516,2,1,0,28.84
1350214,54.91,55.0,54.1,56.0,0,0,15.58,18.89,6016,2,1,0,28.83
1350720,54.91,55.0,54.1,56.0,0,0,15.58,18.86,6516,2,1,0,28.83
1351226,54.86,55.0,54.1,56.0,0,0,15.6,18.86,7016,2,1,0,28.81
1351732,54.86,55.0,54.1,56.0,0,0,15.6,18.83,7516,2,1,0,28.81
1352238,54.79,55.0,54.1,56.0,0,0,15.23,18.83,8016,2,1,0,28.83
1352744,54.76,55.0,54.1,56.0,0,0,15.75,18.82,8518,2,1,0,28.84
1353250,54.76,55.0,54.1,56.0,0,0,15.75,18.83,9024,2,1,0,28.84
1353756,54.71,55.0,54.1,56.0,0,0,15.71,18.8,10026,2,1,0,28.83
1354262,54.65,55.0,54.1,56.0,0,0,15.42,18.77,10526,2,1,0,28.81
1354768,54.65,55.0,54.1,56.0,0,0,15.42,18.77,11026,2,1,0,28.81
1355274,54.65,55.0,54.1,56.0,0,0,15.42,18.77,11526,2,1,0,28.81
1355780,54.54,55.0,54.1,56.0,0,0,15.97,18.73,12026,2,1,0,28.81
1356301,54.51,55.0,54.1,56.0,0,0,16.03,18.73,12526,2,1,0,28.84
1356808,54.51,55.0,54.1,56.0,0,0,16.03,18.76,13026,2,1,0,28.84
1357314,54.43,55.0,54.1,56.0,0,0,15.99,18.73,13526,2,1,0,28.84
1357820,54.43,55.0,54.1,56.0,0,0,16.22,18.73,14026,2,1,0,28.83
1358326,54.43,55.0,54.1,56.0,0,0,16.22,18.72,14526,2,1,0,28.83
1358832,54.34,55.0,54.1,56.0,0,0,16.14,18.69,15026,2,1,0,28.83
1359338,54.3,55.0,54.1,56.0,0,0,16.29,18.66,15526,2,1,0,28.81
1359844,54.3,55.0,54.1,56.0,0,0,16.29,18.66,16026,2,1,0,28.81
1360350,54.28,55.0,54.1,56.0,0,0,16.22,18.67,16526,2,1,0,28.83
1360856,54.28,55.0,54.1,56.0,0,0,16.22,18.67,17026,2,1,0,28.83
1361362,54.19,55.0,54.1,56.0,0,0,16.42,18.65,17526,2,1,0,28.83
1361868,54.19,55.0,54.1,56.0,0,0,16.42,18.65,18026,2,1,0,28.83
1362374,54.13,55.0,54.1,56.0,0,0,16.59,18.63,18526,2,1,0,28.83
1362880,54.06,55.0,54.1,56.0,0,0,16.79,18.63,19026,2,1,0,28.8
1363386,54.06,55.0,54.1,56.0,0,0,16.79,18.58,19526,2,1,0,28.8
1363892,54.03,55.0,54.1,56.0,0,0,16.83,18.58,20026,2,1,0,28.81
1364398,54.0,55.0,54.1,56.0,0,0,16.55,18.58,20526,2,1,0,28.81
1364904,54.0,55.0,54.1,56.0,0,0,16.55,18.58,21026,2,1,0,28.81
1365410,54.0,55.0,54.1,56.0,0,0,16.55,18.58,21526,2,1,0,28.81
1365916,53.91,55.0,54.1,56.0,0,0,16.92,18.58,22026,2,1,0,28.81
1366422,53.91,55.0,54.1,56.0,0,0,16.92,18.55,22526,2,1,0,28.81
1366928,53.86,55.0,54.1,56.0,0,0,16.87,18.52,23026,2,1,0,28.8
1367434,53.84,55.0,54.1,56.0,0,0,17.04,18.52,23538,2,0,0,28.8
1367940,53.84,55.0,54.1,56.0,0,0,17.04,18.52,24038,2,0,0,28.8
1368446,53.84,55.0,54.1,56.0,0,0,17.04,18.52,24538,2,0,0,28.8
1368952,53.84,55.0,54.1,56.0,0,0,17.04,18.52,25038,2,0,0,28.8
1369458,53.73,55.0,54.1,56.0,0,0,17.11,18.5,25538,2,0,0,28.81
1369964,53.7,55.0,54.1,56.0,0,0,17.22,18.5,26038,2,0,0,28.8
1370470,53.7,55.0,54.1,56.0,0,0,17.22,18.48,26538,2,0,0,28.8
1370976,53.67,55.0,54.1,56.0,0,0,17.39,18.49,27038,2,0,0,28.83
1371483,53.67,55.0,54.1,56.0,0,0,17.39,18.49,27538,2,0,0,28.83
1371990,53.64,55.0,54.1,56.0,0,0,17.58,18.47,28038,2,0,0,28.81
1372496,53.64,55.0,54.1,56.0,0,0,17.58,18.47,28538,2,0,0,28.81
1373002,53.58,55.0,54.1,56.0,0,0,17.32,18.47,29038,2,0,0,28.8
1373508,53.59,55.0,54.1,56.0,0,0,17.65,18.44,29538,2,0,0,28.8
1374014,53.59,55.0,54.1,56.0,0,0,17.65,18.44,30038,2,0,0,28.8
1374520,53.57,55.0,54.1,56.0,0,0,17.43,18.44,30538,2,0,0,28.8
1375026,53.57,55.0,54.1,56.0,0,0,17.43,18.44,31038,2,0,0,28.8
1375532,53.57,55.0,54.1,56.0,0,0,17.43,18.44,31538,2,0,0,28.8
1376038,53.52,55.0,54.1,56.0,0,0,17.84,18.43,32038,2,0,0,28.81
1376544,53.48,55.0,54.1,56.0,0,0,17.86,18.43,32538,2,0,0,28.81
1377050,53.48,55.0,54.1,56.0,0,0,17.86,18.42,33038,2,0,0,28.81
1377556,53.51,55.0,54.1,56.0,0,0,18.04,18.42,33538,2,0,0,28.8
1378062,53.51,55.0,54.1,56.0,0,0,18.12,18.42,34038,2,0,0,28.8
1378568,53.51,55.0,54.1,56.0,0,0,18.12,18.42,34538,2,0,0,28.8
1379074,53.49,55.0,54.1,56.0,0,0,18.14,18.42,35038,2,0,0,28.81
1379580,53.49,55.0,54.1,56.0,0,0,18.14,18.43,35538,2,0,0,28.81
1380086,53.48,55.0,54.1,56.0,0,0,18.16,18.43,36038,2,0,0,28.83
1380592,53.48,55.0,54.1,56.0,0,0,18.16,18.44,36538,2,0,0,28.83
1381098,53.45,55.0,54.1,56.0,0,0,18.38,18.44,37038,2,0,0,28.81
1381604,53.45,55.0,54.1,56.0,0,0,18.38,18.41,37538,2,0,0,28.81
1382110,53.45,55.0,54.1,56.0,0,0,18.34,18.41,38038,2,0,0,28.81
1382616,53.49,55.0,54.1,56.0,0,0,18.49,18.41,38538,2,0,0,28.81
1383122,53.49,55.0,54.1,56.0,0,0,18.49,18.43,39038,2,0,0,28.81
1383629,53.48,55.0,54.1,56.0,0,0,18.44,18.43,39538,2,0,0,28.83
1384135,53.44,55.0,54.1,56.0,0,0,18.62,18.44,40038,2,0,0,28.79
1384641,53.44,55.0,54.1,56.0,0,0,18.62,18.39,40538,2,0,0,28.79
1385147,53.48,55.0,54.1,56.0,0,0,18.55,18.39,41038,2,0,0,28.81
1385653,53.51,55.0,54.1,56.0,0,0,18.85,18.42,41538,2,0,0,28.81
1386159,53.51,55.0,54.1,56.0,0,0,18.85,18.43,42038,2,0,0,28.81
1386665,53.51,55.0,54.1,56.0,0,0,18.85,18.43,42538,2,0,0,28.81
1387171,53.53,55.0,54.1,56.0,0,0,19.0,18.43,43038,2,0,0,28.8
1387677,53.49,55.0,54.1,56.0,0,0,18.7,18.42,43538,2,0,0,28.81
1388183,53.49,55.0,54.1,56.0,0,0,18.7,18.43,44038,2,0,0,28.81
1388689,53.49,55.0,54.1,56.0,0,0,18.7,18.43,44538,2,0,0,28.81
1389195,53.53,55.0,54.1,56.0,0,0,18.94,18.42,45039,2,0,0,28.8
1389701,53.53,55.0,54.1,56.0,0,0,18.94,18.42,45539,2,0,0,28.8
1390207,53.53,55.0,54.1,56.0,0,0,18.94,18.42,46039,2,0,0,28.8
1390713,53.56,55.0,54.1,56.0,0,0,19.18,18.42,46539,2,0,0,28.81
1391219,53.58,55.0,54.1,56.0,0,0,19.09,18.45,47039,2,0,0,28.8
1391725,53.58,55.0,54.1,56.0,0,0,19.16,18.44,47539,2,0,0,28.8
1392231,53.58,55.0,54.1,56.0,0,0,19.16,18.44,48039,2,0,0,28.8
1392737,53.59,55.0,54.1,56.0,0,0,19.2,18.44,48539,2,0,0,28.8
1393243,53.59,55.0,54.1,56.0,0,0,19.2,18.44,49039,2,0,0,28.8
1393749,53.61,55.0,54.1,56.0,0,0,19.44,18.44,49539,2,0,0,28.81
1394255,53.65,55.0,54.1,56.0,0,0,19.44,18.46,50039,2,0,0,28.83
1394761,53.64,55.0,54.1,56.0,0,0,19.46,18.49,50539,2,0,0,28.8
1395267,53.64,55.0,54.1,56.0,0,0,19.46,18.46,51039,2,0,0,28.8
1395773,53.67,55.0,54.1,56.0,0,0,19.61,18.47,52043,2,0,0,28.8
1396279,53.67,55.0,54.1,56.0,0,0,19.61,18.47,52543,2,0,0,28.8
1396785,53.67,55.0,54.1,56.0,0,0,19.61,18.47,53043,2,0,0,28.8
1397291,53.76,55.0,54.1,56.0,0,0,19.61,18.52,53543,2,0,0,28.83
1397797,53.74,55.0,54.1,56.0,0,0,19.72,18.5,54043,2,0,0,28.81
1398303,53.73,55.0,54.1,56.0,0,0,19.59,18.48,54543,2,0,0,28.8
1398809,53.73,55.0,54.1,56.0,0,0,19.59,18.48,55043,2,0,0,28.8
1399315,53.73,55.0,54.1,56.0,0,0,19.59,18.48,55543,2,0,0,28.8
1399821,53.83,55.0,54.1,56.0,0,0,20.02,18.53,56043,2,0,0,28.81
1400327,53.79,55.0,54.1,56.0,0,0,19.74,18.49,56543,2,0,0,28.79
1400833,53.79,55.0,54.1,56.0,0,0,19.74,18.49,57043,2,0,0,28.79
1401339,53.85,55.0,54.1,56.0,0,0,19.89,18.52,57543,2,0,0,28.8
1401845,53.85,55.0,54.1,56.0,0,0,19.89,18.52,58043,2,0,0,28.8
1402351,53.85,55.0,54.1,56.0,0,0,19.97,18.53,58543,2,0,0,28.81
1402857,53.89,55.0,54.1,56.0,0,0,20.08,18.54,59043,2,0,0,28.81
1403363,53.89,55.0,54.1,56.0,0,0,20.08,18.54,59543,2,0,0,28.81
1403869,53.91,55.0,54.1,56.0,0,0,20.1,18.54,60057,2,0,0,28.8
1404375,53.91,55.0,54.1,56.0,0,0,20.1,18.54,60557,2,0,0,28.8
1404881,53.95,55.0,54.1,56.0,0,0,20.15,18.54,61057,2,0,0,28.8
1405387,53.95,55.0,54.1,56.0,0,0,20.15,18.55,61557,2,0,0,28.8
1405893,53.95,55.0,54.1,56.0,0,0,20.15,18.55,62057,2,0,0,28.8
1406399,53.95,55.0,54.1,56.0,0,0,20.15,18.55,62557,2,0,0,28.8
1406905,54.07,55.0,54.1,56.0,0,0,20.12,18.55,63057,2,0,0,28.81
1407417,54.09,55.0,54.1,56.0,0,0,20.45,18.6,63557,2,0,0,28.81
1407924,54.09,55.0,54.1,56.0,0,0,20.45,18.6,64057,2,0,0,28.81
1408430,54.1,55.0,54.1,56.0,1,0,20.3,18.61,0,2,0,0,28.81
1408936,54.1,55.0,54.1,56.0,1,0,20.3,18.61,500,2,0,0,28.81
1409442,54.1,55.0,54.1,56.0,1,0,20.3,18.61,1000,2,0,0,28.81
1409948,54.1,55.0,54.1,56.0,1,0,20.3,18.61,1500,2,0,0,28.81
1410454,54.1,55.0,54.1,56.0,1,0,20.3,18.61,2000,2,0,0,28.81
1410960,54.1,55.0,54.1,56.0,1,0,20.3,18.61,2500,2,0,0,28.81
1411466,54.21,55.0,54.1,56.0,1,0,20.56,18.61,3000,2,0,0,28.83
1411972,54.21,55.0,54.1,56.0,1,0,20.56,18.65,3500,2,0,0,28.83
1412478,54.21,55.0,54.1,56.0,1,0,20.56,18.65,4000,2,0,0,28.83
1412984,54.25,55.0,54.1,56.0,1,0,20.47,18.65,4500,2,0,0,28.81
1413490,54.3,55.0,54.1,56.0,1,0,20.36,18.68,5010,2,0,0,28.83
1413996,54.3,55.0,54.1,56.0,1,0,20.36,18.68,5510,2,0,0,28.83
1414502,54.35,55.0,54.1,56.0,1,0,20.47,18.67,6010,2,0,0,28.8
1415008,54.36,55.0,54.1,56.0,1,0,20.32,18.66,6510,2,0,0,28.79
1415514,54.38,55.0,54.1,56.0,1,0,20.12,18.66,7010,2,0,0,28.81
1416020,54.38,55.0,54.1,56.0,1,0,20.12,18.69,7510,2,0,0,28.81
1416526,54.38,55.0,54.1,56.0,1,0,20.12,18.69,8010,2,0,0,28.81
1417032,54.43,55.0,54.1,56.0,1,0,20.28,18.69,8510,2,0,0,28.8
1417538,54.45,55.0,54.1,56.0,1,0,20.21,18.69,9010,2,0,0,28.81
1418044,54.45,55.0,54.1,56.0,1,0,20.21,18.71,9510,2,0,0,28.81
1418550,54.5,55.0,54.1,56.0,1,0,19.97,18.71,10010,2,0,0,28.8
1419056,54.5,55.0,54.1,56.0,1,0,19.97,18.71,10510,2,0,0,28.8
1419562,54.56,55.0,54.1,56.0,1,0,19.91,18.71,11010,2,0,0,28.81
1420068,54.56,55.0,54.1,56.0,1,0,19.91,18.74,11510,2,0,0,28.81
1420574,54.61,55.0,54.1,56.0,1,0,20.17,18.74,12010,2,0,0,28.8
1421080,54.65,55.0,54.1,56.0,1,0,19.63,18.77,12520,2,0,0,28.81
1421586,54.65,55.0,54.1,56.0,1,0,19.63,18.77,13020,2,0,0,28.81
1422092,54.65,55.0,54.1,56.0,1,0,19.63,18.77,13520,2,0,0,28.81
1422598,54.71,55.0,54.1,56.0,1,0,19.37,18.77,14020,2,0,0,28.81
1423104,54.72,55.0,54.1,56.0,1,0,19.35,18.79,14520,2,0,0,28.8
1423610,54.72,55.0,54.1,56.0,1,0,19.35,18.78,15020,2,0,0,28.8
1424116,54.76,55.0,54.1,56.0,1,0,18.83,18.79,15520,2,0,0,28.8
1424622,54.76,55.0,54.1,56.0,1,0,18.83,18.79,16020,2,0,0,28.8
1425128,54.76,55.0,54.1,56.0,1,0,18.83,18.79,16520,2,0,0,28.8
1425634,54.76,55.0,54.1,56.0,1,0,18.83,18.79,17020,2,0,0,28.8
1426140,54.88,55.0,54.1,56.0,1,0,18.83,18.79,17520,2,0,0,28.81
1426646,54.92,55.0,54.1,56.0,1,0,18.66,18.84,18020,2,0,0,28.81
1427152,54.92,55.0,54.1,56.0,1,0,18.66,18.85,18520,2,0,0,28.81
1427658,54.97,55.0,54.1,56.0,1,0,18.7,18.86,19020,2,0,0,28.81
1428164,54.99,55.0,54.1,56.0,1,0,18.75,18.86,19520,2,0,0,28.8
1428670,54.99,55.0,54.1,56.0,1,0,18.75,18.86,20020,2,0,0,28.8
1429176,55.04,55.0,54.1,56.0,1,0,18.49,18.87,20520,2,0,0,28.8
1429682,55.07,55.0,54.1,56.0,1,0,18.51,18.87,21020,2,0,0,28.8
1430188,55.07,55.0,54.1,56.0,1,0,18.27,18.88,21520,2,0,0,28.81
1430694,55.07,55.0,54.1,56.0,1,0,18.27,18.89,22020,2,0,0,28.81
1431200,55.17,55.0,54.1,56.0,1,0,18.21,18.89,22520,2,0,0,28.8
1431706,55.17,55.0,54.1,56.0,1,0,18.21,18.91,23020,2,0,0,28.8
1432212,55.19,55.0,54.1,56.0,1,0,18.6,18.91,23520,2,0,0,28.81
1432720,55.19,55.0,54.1,56.0,1,0,18.6,18.93,24020,2,0,0,28.81
1433227,55.29,55.0,54.1,56.0,1,0,17.88,18.93,24520,2,0,0,28.79
1433733,55.29,55.0,54.1,56.0,1,0,17.88,18.93,25020,2,0,0,28.79
1434239,55.29,55.0,54.1,56.0,1,0,17.8,18.95,25526,2,0,0,28.81
1434745,55.29,55.0,54.1,56.0,1,0,17.76,18.95,26026,2,0,0,28.8
1435251,55.34,55.0,54.1,56.0,1,0,17.82,18.94,26526,2,0,0,28.8
1435757,55.34,55.0,54.1,56.0,1,0,17.82,18.96,27026,2,0,0,28.8
1436263,55.34,55.0,54.1,56.0,1,0,17.82,18.96,27526,2,0,0,28.8
1436769,55.4,55.0,54.1,56.0,1,0,17.24,18.96,28026,2,0,0,28.79
1437275,55.4,55.0,54.1,56.0,1,0,17.24,18.96,28526,2,1,0,28.79
1437781,55.36,55.0,54.1,56.0,1,0,17.43,18.96,29026,2,1,0,28.79
1438287,55.39,55.0,54.1,56.0,1,0,17.3,18.95,29526,2,1,0,28.81
1438793,55.39,55.0,54.1,56.0,1,0,17.3,18.98,30026,2,1,0,28.81
1439299,55.4,55.0,54.1,56.0,1,0,17.09,18.98,30526,2,1,0,28.8
1439805,55.4,55.0,54.1,56.0,1,0,17.09,18.97,31026,2,1,0,28.8
1440312,55.4,55.0,54.1,56.0,1,0,17.09,18.97,31526,2,1,0,28.8
1440819,55.4,55.0,54.1,56.0,1,0,17.09,18.97,32532,2,1,0,28.8
1441325,55.46,55.0,54.1,56.0,1,0,16.94,18.99,33032,2,1,0,28.8
1441831,55.42,55.0,54.1,56.0,1,0,16.74,18.97,33532,2,1,0,28.79
1442337,55.42,55.0,54.1,56.0,1,0,16.74,18.97,34032,2,1,0,28.79
1442843,55.42,55.0,54.1,56.0,1,0,16.74,18.97,34532,2,1,0,28.79
1443349,55.42,55.0,54.1,56.0,1,0,16.74,18.97,35032,2,1,0,28.79
1443855,55.42,55.0,54.1,56.0,1,0,17.22,18.97,35532,2,1,0,28.79
1444361,55.42,55.0,54.1,56.0,1,0,17.22,18.97,36032,2,1,0,28.79
1444867,55.39,55.0,54.1,56.0,1,0,16.51,18.96,36532,2,1,0,28.79
1445373,55.39,55.0,54.1,56.0,1,0,16.51,18.96,37032,2,1,0,28.79
1445879,55.35,55.0,54.1,56.0,1,0,16.27,18.95,37532,2,1,0,28.79
1446385,55.35,55.0,54.1,56.0,1,0,16.27,18.95,38032,2,1,0,28.79
1446891,55.35,55.0,54.1,56.0,1,0,16.27,18.95,38532,2,1,0,28.79
1447397,55.35,55.0,54.1,56.0,1,0,16.27,18.95,39032,2,1,0,28.79
1447903,55.3,55.0,54.1,56.0,1,0,16.1,18.95,39532,2,1,0,28.8
1448409,55.3,55.0,54.1,56.0,0,0,16.1,18.95,0,2,1,0,28.8
1448915,55.23,55.0,54.1,56.0,0,0,15.9,18.92,500,2,1,0,28.8
1449421,55.23,55.0,54.1,56.0,0,0,15.9,18.92,1000,2,1,0,28.8
1449927,55.23,55.0,54.1,56.0,0,0,15.92,18.91,1500,2,1,0,28.79
1450433,55.23,55.0,54.1,56.0,0,0,15.92,18.91,2000,2,1,0,28.79
1450939,55.18,55.0,54.1,56.0,0,0,15.79,18.88,2500,2,1,0,28.77
1451445,55.18,55.0,54.1,56.0,0,0,15.79,18.88,3000,2,1,0,28.77
1451951,55.18,55.0,54.1,56.0,0,0,15.79,18.88,3500,2,1,0,28.77
1452457,55.11,55.0,54.1,56.0,0,0,15.62,18.87,4000,2,1,0,28.77
1452963,55.11,55.0,54.1,56.0,0,0,15.62,18.87,4500,2,1,0,28.77
1453469,55.08,55.0,54.1,56.0,0,0,15.6,18.87,5000,2,1,0,28.79
1453975,55.08,55.0,54.1,56.0,0,0,15.6,18.87,5500,2,1,0,28.79
1454481,55.02,55.0,54.1,56.0,0,0,15.64,18.86,6000,2,1,0,28.8
1454987,54.98,55.0,54.1,56.0,0,0,15.75,18.85,6500,2,1,0,28.8
1455493,54.92,55.0,54.1,56.0,0,0,15.71,18.85,7000,2,1,0,28.8
1455999,54.92,55.0,54.1,56.0,0,0,15.71,18.83,7500,2,1,0,28.8
1456505,54.87,55.0,54.1,56.0,0,0,15.6,18.81,8000,2,1,0,28.79
1457011,54.83,55.0,54.1,56.0,0,0,15.81,18.76,8500,2,1,0,28.74
1457517,54.83,55.0,54.1,56.0,0,0,15.81,18.76,9000,2,1,0,28.74
1458023,54.83,55.0,54.1,56.0,0,0,15.81,18.76,9502,2,1,0,28.74
1458529,54.81,55.0,54.1,56.0,0,0,15.66,18.79,10003,2,1,0,28.79
1459035,54.81,55.0,54.1,56.0,0,0,15.66,18.79,10503,2,1,0,28.79
1459541,54.68,55.0,54.1,56.0,0,0,16.07,18.77,11003,2,1,0,28.8
1460047,54.68,55.0,54.1,56.0,0,0,16.07,18.77,11503,2,1,0,28.8
1460553,54.61,55.0,54.1,56.0,0,0,16.12,18.71,12003,2,1,0,28.76
1461059,54.61,55.0,54.1,56.0,0,0,16.03,18.71,12503,2,1,0,28.79
1461578,54.58,55.0,54.1,56.0,0,0,16.22,18.73,13003,2,1,0,28.79
1462085,54.58,55.0,54.1,56.0,0,0,16.22,18.72,13503,2,1,0,28.79
1462591,54.51,55.0,54.1,56.0,0,0,16.18,18.7,14003,2,1,0,28.79
1463097,54.47,55.0,54.1,56.0,0,0,16.29,18.7,14503,2,1,0,28.76
1463603,54.47,55.0,54.1,56.0,0,0,16.29,18.66,15003,2,1,0,28.76
1464109,54.47,55.0,54.1,56.0,0,0,16.29,18.66,15503,2,1,0,28.76
1464615,54.36,55.0,54.1,56.0,0,0,16.42,18.66,16003,2,1,0,28.77
1465136,54.29,55.0,54.1,56.0,0,0,16.59,18.64,16503,2,1,0,28.77
1465643,54.29,55.0,54.1,56.0,0,0,16.59,18.63,17003,2,1,0,28.77
1466149,54.29,55.0,54.1,56.0,0,0,16.59,18.63,17505,2,1,0,28.77
1466655,54.29,55.0,54.1,56.0,0,0,16.59,18.63,18005,2,1,0,28.77
1467161,54.29,55.0,54.1,56.0,0,0,16.59,18.63,18505,2,1,0,28.77
1467667,54.21,55.0,54.1,56.0,0,0,16.55,18.6,19005,2,1,0,28.77
1468173,54.12,55.0,54.1,56.0,0,0,16.89,18.6,19505,2,1,0,28.79
1468679,54.12,55.0,54.1,56.0,0,0,16.89,18.59,20005,2,1,0,28.79
1469185,54.03,55.0,54.1,56.0,0,0,16.92,18.59,20505,2,1,0,28.77
1469691,54.03,55.0,54.1,56.0,0,0,16.92,18.55,21005,2,1,0,28.77
1470197,53.98,55.0,54.1,56.0,0,0,16.44,18.55,21505,2,1,0,28.8
1470703,53.98,55.0,54.1,56.0,0,0,16.44,18.56,22005,2,1,0,28.8
1471209,54.01,55.0,54.1,56.0,0,0,16.92,18.56,22505,2,1,0,28.79
1471715,53.95,55.0,54.1,56.0,0,0,17.26,18.56,23005,2,1,0,28.77
1472230,53.89,55.0,54.1,56.0,0,0,17.0,18.52,23505,2,0,0,28.79
1472737,53.89,55.0,54.1,56.0,0,0,17.0,18.52,24005,2,1,0,28.79
1473243,53.86,55.0,54.1,56.0,0,0,17.09,18.52,24505,2,1,0,28.79
1473749,53.86,55.0,54.1,56.0,0,0,17.09,18.51,25005,2,0,0,28.79
1474255,53.82,55.0,54.1,56.0,0,0,18.57,18.51,25505,2,0,0,28.77
1474761,53.81,55.0,54.1,56.0,0,0,17.39,18.49,26005,2,0,0,28.77
1475267,53.75,55.0,54.1,56.0,0,0,17.54,18.48,26505,2,0,0,28.76
1475773,53.75,55.0,54.1,56.0,0,0,17.54,18.45,27005,2,0,0,28.76
1476279,53.79,55.0,54.1,56.0,0,0,17.52,18.49,27505,2,0,0,28.79
1476785,53.72,55.0,54.1,56.0,0,0,17.71,18.49,28005,2,0,0,28.77
1477291,53.72,55.0,54.1,56.0,0,0,17.71,18.46,28505,2,0,0,28.77
1477797,53.72,55.0,54.1,56.0,0,0,17.71,18.46,29005,2,0,0,28.77
1478303,53.71,55.0,54.1,56.0,0,0,17.76,18.46,29505,2,0,0,28.77
1478809,53.71,55.0,54.1,56.0,0,0,17.76,18.45,30005,2,0,0,28.77
1479315,53.71,55.0,54.1,56.0,0,0,17.76,18.45,30505,2,0,0,28.77
1479821,53.63,55.0,54.1,56.0,0,0,18.01,18.44,31021,2,0,0,28.79
1480327,53.64,55.0,54.1,56.0,0,0,17.73,18.44,31521,2,0,0,28.77
1480833,53.65,55.0,54.1,56.0,0,0,17.93,18.43,32021,2,0,0,28.77
1481339,53.65,55.0,54.1,56.0,0,0,17.93,18.44,32524,2,0,0,28.77
1481845,53.58,55.0,54.1,56.0,0,0,17.95,18.4,33526,2,0,0,28.76
1482352,53.58,55.0,54.1,56.0,0,0,17.95,18.4,34026,2,0,0,28.76
1482858,53.62,55.0,54.1,56.0,0,0,18.1,18.43,34526,2,0,0,28.77
1483364,53.62,55.0,54.1,56.0,0,0,18.1,18.43,35026,2,0,0,28.77
1483870,53.62,55.0,54.1,56.0,0,0,18.1,18.43,35526,2,0,0,28.77
1484376,53.62,55.0,54.1,56.0,0,0,18.1,18.43,36026,2,0,0,28.77
1484882,53.59,55.0,54.1,56.0,0,0,18.27,18.42,36526,2,0,0,28.77
1485388,53.59,55.0,54.1,56.0,0,0,18.27,18.42,37029,2,0,0,28.77
1485894,53.56,55.0,54.1,56.0,0,0,18.53,18.41,37531,2,0,0,28.77
1486400,53.56,55.0,54.1,56.0,0,0,18.38,18.42,38032,2,0,0,28.79
1486906,53.59,55.0,54.1,56.0,0,0,18.57,18.42,38533,2,0,0,28.77
1487412,53.59,55.0,54.1,56.0,0,0,18.57,18.42,39033,2,0,0,28.77
1487918,53.57,55.0,54.1,56.0,0,0,18.32,18.4,39533,2,0,0,28.76
1488424,53.6,55.0,54.1,56.0,0,0,18.66,18.42,40033,2,0,0,28.77
1488930,53.58,55.0,54.1,56.0,0,0,18.55,18.39,40533,2,0,0,28.74
1489436,53.58,55.0,54.1,56.0,0,0,18.55,18.39,41033,2,0,0,28.74
1489942,53.56,55.0,54.1,56.0,0,0,18.77,18.41,41533,2,0,0,28.77
1490448,53.59,55.0,54.1,56.0,0,0,19.46,18.41,42033,2,0,0,28.77
1490954,53.59,55.0,54.1,56.0,0,0,19.46,18.42,42533,2,0,0,28.77
1491460,53.6,55.0,54.1,56.0,0,0,18.9,18.42,43033,2,0,0,28.77
1491966,53.6,55.0,54.1,56.0,0,0,18.9,18.42,43533,2,0,0,28.77
1492472,53.63,55.0,54.1,56.0,0,0,18.96,18.44,44033,2,0,0,28.79
1492988,53.64,55.0,54.1,56.0,0,0,18.88,18.44,44533,2,0,0,28.77
1493495,53.64,55.0,54.1,56.0,0,0,18.88,18.43,45033,2,0,0,28.77
1494001,53.65,55.0,54.1,56.0,0,0,18.94,18.44,45533,2,0,0,28.77
1494507,53.65,55.0,54.1,56.0,0,0,18.94,18.44,46033,2,0,0,28.77
1495013,53.63,55.0,54.1,56.0,0,0,19.18,18.44,46533,2,0,0,28.79
1495519,53.64,55.0,54.1,56.0,0,0,19.24,18.43,47048,2,0,0,28.77
1496025,53.65,55.0,54.1,56.0,0,0,19.39,18.43,47548,2,0,0,28.79
1496531,53.65,55.0,54.1,56.0,0,0,19.39,18.45,48048,2,0,0,28.79
1497037,53.67,55.0,54.1,56.0,0,0,19.22,18.44,48548,2,0,0,28.77
1497543,53.67,55.0,54.1,56.0,0,0,19.22,18.44,49048,2,0,0,28.77
1498049,53.67,55.0,54.1,56.0,0,0,19.22,18.44,49548,2,0,0,28.77
1498555,53.67,55.0,54.1,56.0,0,0,19.22,18.44,50048,2,0,0,28.77
1499061,53.67,55.0,54.1,56.0,0,0,19.22,18.44,50548,2,0,0,28.77
