timestamp,raw_hum,filtered_hum,current_tick,prev_tick,v,turn_on_thres,turn_off_thres,peltier,cold_fan,ntc_temp,dew_point,cycle_extreme_hum,overshoot_on_learned,overshoot_off_learned
14689,80.21,80.22,14000,14000,0.0,47.95,50.3,1,0,30.13,27.18,80.23,2.05,0.3
15197,80.21,80.22,15000,15000,0.0,47.95,50.3,1,0,30.13,27.19,80.23,2.05,0.3
15704,80.21,80.22,15000,15000,0.0,47.95,50.3,1,0,30.13,27.19,80.23,2.05,0.3
16211,80.24,80.22,16000,16000,0.0,47.95,50.3,1,0,29.92,27.19,80.23,2.05,0.3
16718,80.24,80.22,16000,16000,0.0,47.95,50.3,1,0,29.92,27.19,80.23,2.05,0.3
17225,80.24,80.23,17000,17000,0.01,47.95,50.3,1,0,29.92,27.2,80.23,2.05,0.3
17732,80.22,80.23,17000,17000,0.01,47.95,50.3,1,0,29.74,27.2,80.23,2.05,0.3
18240,80.22,80.22,18000,18000,0.0,47.95,50.3,1,0,29.74,27.18,80.23,2.05,0.3
18747,80.22,80.22,18000,18000,0.0,47.95,50.3,1,0,29.74,27.18,80.23,2.05,0.3
19254,80.19,80.2,19000,19000,0.0,47.95,50.3,1,0,29.4,27.22,80.23,2.05,0.3
19761,80.19,80.2,19000,19000,0.0,47.95,50.3,1,0,29.4,27.22,80.23,2.05,0.3
20268,80.19,80.19,20000,20000,0.0,47.95,50.3,1,0,29.4,27.22,80.23,2.05,0.3
20775,80.19,80.19,20000,20000,0.0,47.95,50.3,1,0,29.4,27.22,80.23,2.05,0.3
21282,80.19,80.19,21000,21000,0.0,47.95,50.3,1,0,28.83,27.22,80.23,2.05,0.3
21789,80.19,80.19,21000,21000,0.0,47.95,50.3,1,0,28.83,27.22,80.23,2.05,0.3
22296,80.19,80.19,22000,22000,0.0,47.95,50.3,1,0,28.83,27.19,80.23,2.05,0.3
22803,80.19,80.19,22000,22000,0.0,47.95,50.3,1,0,28.83,27.19,80.23,2.05,0.3
23310,80.16,80.17,23000,23000,0.0,47.95,50.3,1,0,28.49,27.18,80.23,2.05,0.3
23817,80.16,80.17,23000,23000,0.0,47.95,50.3,1,0,28.49,27.18,80.23,2.05,0.3
24324,80.17,80.17,24011,24011,0.0,47.95,50.3,1,0,28.19,27.19,80.23,2.05,0.3
24831,80.17,80.17,24011,24011,0.0,47.95,50.3,1,0,28.19,27.19,80.23,2.05,0.3
25338,80.13,80.17,25012,25012,0.0,47.95,50.3,1,0,28.17,27.19,80.23,2.05,0.3
25845,80.13,80.17,25012,25012,0.0,47.95,50.3,1,0,28.17,27.19,80.23,2.05,0.3
26352,80.09,80.15,26012,26012,0.0,47.95,50.3,1,0,27.83,27.19,80.23,2.05,0.3
26859,80.09,80.15,26012,26012,0.0,47.95,50.3,1,0,27.83,27.19,80.23,2.05,0.3
27366,80.06,80.11,27012,27012,0.0,47.95,50.3,1,0,27.7,27.16,80.23,2.05,0.3
27873,80.06,80.11,27012,27012,0.0,47.95,50.3,1,0,27.7,27.16,80.23,2.05,0.3
28380,80.06,80.08,28012,28012,0.0,47.95,50.3,1,0,27.7,27.16,80.23,2.05,0.3
28887,79.97,80.08,28012,28012,0.0,47.95,50.3,1,0,27.45,27.16,80.23,2.05,0.3
29394,79.97,80.01,29015,29015,0.0,47.95,50.3,1,0,27.45,27.17,80.23,2.05,0.3
29901,79.97,80.01,29015,29015,0.0,47.95,50.3,1,0,27.45,27.17,80.23,2.05,0.3
30408,79.97,79.98,30015,30015,0.0,47.95,50.3,1,0,27.45,27.17,80.23,2.05,0.3
30915,79.97,79.98,30015,30015,0.0,47.95,50.3,1,0,27.45,27.17,80.23,2.05,0.3
31422,79.88,79.98,31015,31015,0.0,47.95,50.3,1,0,26.87,27.17,80.23,2.05,0.3
31929,79.88,79.98,31015,31015,0.0,47.95,50.3,1,0,26.87,27.17,80.23,2.05,0.3
32436,79.85,79.91,32015,32015,0.0,47.95,50.3,1,0,26.6,27.12,80.23,2.05,0.3
32943,79.85,79.91,32015,32015,0.0,47.95,50.3,1,0,26.6,27.12,80.23,2.05,0.3
33450,79.85,79.87,33015,33015,0.0,47.95,50.3,1,0,26.6,27.12,80.23,2.05,0.3
33957,79.75,79.87,33015,33015,0.0,47.95,50.3,1,0,26.27,27.12,80.23,2.05,0.3
34464,79.75,79.79,34015,34015,0.0,47.95,50.3,1,0,26.27,27.1,80.23,2.05,0.3
34971,79.68,79.79,34015,34015,0.0,47.95,50.3,1,0,25.92,27.1,80.23,2.05,0.3
35479,79.68,79.71,35015,35015,0.0,47.95,50.3,1,0,25.92,27.11,80.23,2.05,0.3
35986,79.68,79.71,35015,35015,0.0,47.95,50.3,1,0,25.92,27.11,80.23,2.05,0.3
36493,79.58,79.69,36015,36015,0.0,47.95,50.3,1,0,25.76,27.11,80.23,2.05,0.3
37000,79.58,79.69,36015,36015,0.0,47.95,50.3,1,0,25.76,27.11,80.23,2.05,0.3
37507,79.49,79.62,37015,37015,0.0,47.95,50.3,1,0,25.54,27.06,80.23,2.05,0.3
38014,79.49,79.62,37015,37015,0.0,47.95,50.3,1,0,25.54,27.06,80.23,2.05,0.3
38521,79.42,79.53,38021,38021,0.0,47.95,50.3,1,0,25.47,27.05,80.23,2.05,0.3
39028,79.42,79.45,39021,39021,0.0,47.95,50.3,1,0,25.47,27.01,80.23,2.05,0.3
39535,79.38,79.45,39021,39021,0.0,47.95,50.3,1,0,25.23,27.01,80.23,2.05,0.3
40042,79.38,79.41,40021,40021,0.0,47.95,50.3,1,0,25.23,27.04,80.23,2.05,0.3
40549,79.38,79.41,40021,40021,0.0,47.95,50.3,1,0,25.23,27.04,80.23,2.05,0.3
41056,79.24,79.29,41021,41021,0.0,47.95,50.3,1,0,24.46,27.01,80.23,2.05,0.3
41564,79.24,79.29,41021,41021,0.0,47.95,50.3,1,0,24.46,27.01,80.23,2.05,0.3
42072,79.24,79.26,42021,42021,0.0,47.95,50.3,1,0,24.46,27.01,80.23,2.05,0.3
42579,79.24,79.26,42021,42021,0.0,47.95,50.3,1,0,24.46,27.01,80.23,2.05,0.3
43086,79.16,79.19,43021,43021,0.0,47.95,50.3,1,0,24.57,26.96,80.23,2.05,0.3
43593,79.16,79.19,43021,43021,0.0,47.95,50.3,1,0,24.57,26.96,80.23,2.05,0.3
44100,79.16,79.17,44021,44021,0.0,47.95,50.3,1,0,24.57,26.96,80.23,2.05,0.3
44607,79.1,79.17,44021,44021,0.0,47.95,50.3,1,0,24.24,26.96,80.23,2.05,0.3
45114,79.1,79.12,45021,45021,0.0,47.95,50.3,1,0,24.24,26.96,80.23,2.05,0.3
45621,79.1,79.12,45021,45021,0.0,47.95,50.3,1,0,24.24,26.96,80.23,2.05,0.3
46128,78.97,79.02,46021,46021,0.0,47.95,50.3,1,0,24.11,26.94,80.23,2.05,0.3
46635,78.97,79.02,46021,46021,0.0,47.95,50.3,1,0,24.11,26.94,80.23,2.05,0.3
47142,78.91,78.99,47021,47021,0.0,47.95,50.3,1,0,23.76,26.94,80.23,2.05,0.3
47649,78.91,78.99,47021,47021,0.0,47.95,50.3,1,0,23.76,26.94,80.23,2.05,0.3
48156,78.91,78.94,48023,48023,0.0,47.95,50.3,1,0,23.76,26.92,80.23,2.05,0.3
48663,78.82,78.94,48023,48023,0.0,47.95,50.3,1,0,23.48,26.92,80.23,2.05,0.3
49170,78.82,78.86,49023,49023,0.0,47.95,50.3,1,0,23.48,26.89,80.23,2.05,0.3
49677,78.82,78.86,49023,49023,0.0,47.95,50.3,1,0,23.48,26.89,80.23,2.05,0.3
50184,78.82,78.83,50023,50023,0.0,47.95,50.3,1,0,23.48,26.89,80.23,2.05,0.3
50691,78.72,78.83,50023,50023,0.0,47.95,50.3,1,0,23.26,26.89,80.23,2.05,0.3
51198,78.72,78.76,51023,51023,0.0,47.95,50.3,1,0,23.26,26.9,80.23,2.05,0.3
51705,78.63,78.76,51023,51023,0.0,47.95,50.3,1,0,23.15,26.9,80.23,2.05,0.3
52212,78.63,78.67,52023,52023,0.0,47.95,50.3,1,0,23.15,26.88,80.23,2.05,0.3
52719,78.63,78.67,52023,52023,0.0,47.95,50.3,1,0,23.15,26.88,80.23,2.05,0.3
53227,78.63,78.64,53023,53023,0.0,47.95,50.3,1,0,23.15,26.88,80.23,2.05,0.3
53734,78.63,78.64,53023,53023,0.0,47.95,50.3,1,0,23.15,26.88,80.23,2.05,0.3
54241,78.63,78.64,54023,54023,0.0,47.95,50.3,1,0,23.15,26.88,80.23,2.05,0.3
54748,78.47,78.64,54023,54023,0.0,47.95,50.3,1,0,22.61,26.88,80.23,2.05,0.3
55255,78.47,78.52,55023,55023,0.0,47.95,50.3,1,0,22.61,26.82,80.23,2.05,0.3
55762,78.42,78.52,55023,55023,0.0,47.95,50.3,1,0,22.5,26.82,80.23,2.05,0.3
56269,78.42,78.45,56023,56023,0.0,47.95,50.3,1,0,22.5,26.82,80.23,2.05,0.3
56776,78.36,78.45,56023,56023,0.0,47.95,50.3,1,0,22.29,26.82,80.23,2.05,0.3
57283,78.36,78.39,57024,57024,0.0,47.95,50.3,1,0,22.29,26.79,80.23,2.05,0.3
57790,78.25,78.39,57024,57024,0.0,47.95,50.3,1,0,22.16,26.79,80.23,2.05,0.3
58298,78.25,78.3,58025,58025,0.0,47.95,50.3,1,0,22.16,26.78,80.23,2.05,0.3
58806,78.25,78.3,58025,58025,0.0,47.95,50.3,1,0,22.16,26.78,80.23,2.05,0.3
59313,78.25,78.27,59025,59025,0.0,47.95,50.3,1,0,22.16,26.78,80.23,2.05,0.3
59820,78.1,78.27,59025,59025,0.0,47.95,50.3,1,0,21.94,26.78,80.23,2.05,0.3
60327,78.1,78.16,60025,60025,0.0,47.95,50.3,1,0,21.94,26.75,80.23,2.05,0.3
60834,78.1,78.16,60025,60025,0.0,47.95,50.3,1,0,21.94,26.75,80.23,2.05,0.3
61341,78.03,78.07,61036,61036,0.0,47.95,50.3,1,0,21.72,26.69,80.23,2.05,0.3
61848,78.03,78.07,61036,61036,0.0,47.95,50.3,1,0,21.72,26.69,80.23,2.05,0.3
62355,77.94,78.04,62037,62037,0.0,47.95,50.3,1,0,21.94,26.69,80.23,2.05,0.3
62862,77.94,78.04,62037,62037,0.0,47.95,50.3,1,0,21.94,26.69,80.23,2.05,0.3
63369,77.94,77.97,63037,63037,0.0,47.95,50.3,1,0,21.94,26.7,80.23,2.05,0.3
63876,77.94,77.97,63037,63037,0.0,47.95,50.3,1,0,21.94,26.7,80.23,2.05,0.3
64383,77.94,77.95,64037,64037,0.0,47.95,50.3,1,0,21.94,26.7,80.23,2.05,0.3
64890,77.79,77.95,64037,64037,0.0,47.95,50.3,1,0,21.1,26.7,80.23,2.05,0.3
65397,77.79,77.84,65037,65037,0.0,47.95,50.3,1,1,21.1,26.7,80.23,2.05,0.3
65904,77.63,77.84,65037,65037,0.0,47.95,50.3,1,1,20.99,26.7,80.23,2.05,0.3
66412,77.63,77.7,66037,66037,0.0,47.95,50.3,1,1,20.99,26.62,80.23,2.05,0.3
66919,77.63,77.7,66037,66037,0.0,47.95,50.3,1,1,20.99,26.62,80.23,2.05,0.3
67426,77.63,77.65,67037,67037,0.0,47.95,50.3,1,1,20.99,26.62,80.23,2.05,0.3
67933,77.43,77.65,67037,67037,0.0,47.95,50.3,1,1,21.55,26.62,80.23,2.05,0.3
68440,77.43,77.5,68037,68037,0.0,47.95,50.3,1,1,21.55,26.58,80.23,2.05,0.3
68947,77.43,77.5,68037,68037,0.0,47.95,50.3,1,1,21.55,26.58,80.23,2.05,0.3
69454,76.74,76.99,69052,69052,0.0,47.95,50.3,1,1,22.22,26.39,80.23,2.05,0.3
69961,76.74,76.99,69052,69052,0.0,47.95,50.3,1,1,22.22,26.39,80.23,2.05,0.3
70468,75.75,76.82,70053,70053,0.0,47.95,50.3,1,1,22.59,26.39,80.23,2.05,0.3
70975,75.75,76.82,70053,70053,0.0,47.95,50.3,1,1,22.59,26.39,80.23,2.05,0.3
71482,75.75,76.1,71053,71053,0.0,47.95,50.3,1,1,22.59,26.12,80.23,2.05,0.3
71989,74.29,76.1,71053,71053,0.0,47.95,50.3,1,1,22.5,26.12,80.23,2.05,0.3
72496,74.29,74.89,72053,72053,0.0,47.95,50.3,1,1,22.5,25.79,80.23,2.05,0.3
73003,73.01,74.89,72053,72053,0.0,47.95,50.3,1,1,22.42,25.79,80.23,2.05,0.3
73510,73.01,73.63,73053,73053,0.0,47.95,50.3,1,1,22.42,25.46,80.23,2.05,0.3
74017,73.01,73.63,73053,73053,0.0,47.95,50.3,1,1,22.42,25.46,80.23,2.05,0.3
74524,71.73,73.21,74053,74053,0.0,47.95,50.3,1,1,22.39,25.46,80.23,2.05,0.3
75032,71.73,73.21,74053,74053,0.0,47.95,50.3,1,1,22.39,25.46,80.23,2.05,0.3
75539,70.68,72.22,75053,75053,0.0,47.95,50.3,1,1,22.29,25.12,80.23,2.05,0.3
76046,70.68,72.22,75053,75053,0.0,47.95,50.3,1,1,22.29,25.12,80.23,2.05,0.3
76553,69.74,71.19,76053,76053,0.0,47.95,50.3,1,1,22.44,24.86,80.23,2.05,0.3
77060,69.74,70.22,77053,77053,0.0,47.95,50.3,1,1,22.44,24.61,80.23,2.05,0.3
77567,68.83,70.22,77053,77053,0.0,47.95,50.3,1,1,22.31,24.61,80.23,2.05,0.3
78074,68.83,69.29,78053,78053,0.0,47.95,50.3,1,1,22.31,24.39,80.23,2.05,0.3
78581,68.83,69.29,78053,78053,0.0,47.95,50.3,1,1,22.31,24.39,80.23,2.05,0.3
79088,67.69,68.22,79053,79053,0.0,47.95,50.3,1,0,22.33,24.09,80.23,2.05,0.3
79595,67.69,68.22,79053,79053,0.0,47.95,50.3,1,0,22.33,24.09,80.23,2.05,0.3
80102,67.69,67.86,80053,80053,0.0,47.95,50.3,1,0,22.33,24.09,80.23,2.05,0.3
80609,66.7,67.86,80053,80053,0.0,47.95,50.3,1,0,22.24,24.09,80.23,2.05,0.3
81118,66.7,67.09,81053,81053,0.0,47.95,50.3,1,0,22.24,23.81,80.23,2.05,0.3
81625,65.93,67.09,81053,81053,0.0,47.95,50.3,1,0,21.72,23.81,80.23,2.05,0.3
82132,65.93,66.31,82053,82053,0.0,47.95,50.3,1,0,21.72,23.61,80.23,2.05,0.3
82639,65.93,66.31,82053,82053,0.0,47.95,50.3,1,0,21.72,23.61,80.23,2.05,0.3
83146,65.43,66.05,83053,83053,0.0,47.95,50.3,1,0,21.27,23.61,80.23,2.05,0.3
83653,65.43,66.05,83053,83053,0.0,47.95,50.3,1,0,21.27,23.61,80.23,2.05,0.3
84160,65.43,65.64,84053,84053,0.0,47.95,50.3,1,0,21.27,23.48,80.23,2.05,0.3
84667,65.11,65.64,84053,84053,0.0,47.95,50.3,1,0,21.03,23.48,80.23,2.05,0.3
85174,65.11,65.28,85053,85053,0.0,47.95,50.3,1,0,21.03,23.4,80.23,2.05,0.3
85681,65.11,65.28,85053,85053,0.0,47.95,50.3,1,0,21.03,23.4,80.23,2.05,0.3
86188,64.95,65.06,86053,86053,0.0,47.95,50.3,1,0,20.75,23.33,80.23,2.05,0.3
86697,64.95,65.06,86053,86053,0.0,47.95,50.3,1,0,20.75,23.33,80.23,2.05,0.3
87205,64.82,64.99,87053,87053,0.0,47.95,50.3,1,0,20.49,23.33,80.23,2.05,0.3
87712,64.82,64.99,87053,87053,0.0,47.95,50.3,1,0,20.49,23.33,80.23,2.05,0.3
88219,64.82,64.87,88053,88053,0.0,47.95,50.3,1,0,20.49,23.32,80.23,2.05,0.3
88726,64.82,64.87,88053,88053,0.0,47.95,50.3,1,0,20.49,23.32,80.23,2.05,0.3
89233,64.84,64.85,89053,89053,0.0,47.95,50.3,1,0,20.47,23.3,80.23,2.05,0.3
89740,64.84,64.85,89053,89053,0.0,47.95,50.3,1,0,20.47,23.3,80.23,2.05,0.3
90247,64.81,64.82,90053,90053,0.0,47.95,50.3,1,0,20.1,23.31,80.23,2.05,0.3
90754,64.81,64.82,90053,90053,0.0,47.95,50.3,1,0,20.1,23.31,80.23,2.05,0.3
91261,64.83,64.82,91053,91053,0.0,47.95,50.3,1,0,19.48,23.31,80.23,2.05,0.3
91768,64.83,64.82,91053,91053,0.0,47.95,50.3,1,0,19.48,23.31,80.23,2.05,0.3
92275,64.83,64.82,92053,92053,0.0,47.95,50.3,1,0,19.48,23.33,80.23,2.05,0.3
92782,64.85,64.82,92053,92053,0.0,47.95,50.3,1,0,19.8,23.33,80.23,2.05,0.3
93289,64.85,64.84,93053,93053,0.01,47.95,50.3,1,0,19.8,23.33,80.23,2.05,0.3
93796,64.85,64.84,93053,93053,0.01,47.95,50.3,1,0,19.72,23.33,80.23,2.05,0.3
94303,64.85,64.85,94053,94053,0.0,47.95,50.3,1,0,19.72,23.33,80.23,2.05,0.3
94810,64.85,64.85,94053,94053,0.0,47.95,50.3,1,0,19.72,23.33,80.23,2.05,0.3
95317,64.88,64.87,95053,95053,0.01,47.95,50.3,1,0,19.46,23.35,80.23,2.05,0.3
95825,64.88,64.87,95053,95053,0.01,47.95,50.3,1,0,19.46,23.35,80.23,2.05,0.3
96333,64.88,64.87,96053,96053,0.0,47.95,50.3,1,0,19.46,23.35,80.23,2.05,0.3
96840,64.9,64.87,96053,96053,0.0,47.95,50.3,1,0,19.28,23.35,80.23,2.05,0.3
97347,64.9,64.89,97053,97053,0.01,47.95,50.3,1,0,19.28,23.35,80.23,2.05,0.3
97854,64.9,64.89,97053,97053,0.01,47.95,50.3,1,0,19.28,23.35,80.23,2.05,0.3
98361,64.9,64.9,98053,98053,0.0,47.95,50.3,1,0,19.28,23.35,80.23,2.05,0.3
98868,64.9,64.9,98053,98053,0.0,47.95,50.3,1,0,19.28,23.35,80.23,2.05,0.3
99375,65.0,64.96,99053,99053,0.06,47.95,50.3,1,0,19.09,23.38,80.23,2.05,0.3
99882,65.0,64.96,99053,99053,0.06,47.95,50.3,1,0,19.09,23.38,80.23,2.05,0.3
100389,65.0,64.98,100053,100053,0.02,47.95,50.3,1,0,19.07,23.38,80.23,2.05,0.3
100897,65.0,64.98,100053,100053,0.02,47.95,50.3,1,0,19.07,23.38,80.23,2.05,0.3
101404,65.0,64.99,101053,101053,0.0,47.95,50.3,1,0,19.07,23.38,80.23,2.05,0.3
101911,65.03,64.99,101053,101053,0.0,47.95,50.3,1,0,18.72,23.38,80.23,2.05,0.3
102419,65.03,65.02,102053,102053,0.02,47.95,50.3,1,0,18.72,23.38,80.23,2.05,0.3
102927,65.04,65.02,102053,102053,0.02,47.95,50.3,1,0,18.62,23.38,80.23,2.05,0.3
103434,65.04,65.03,103053,103053,0.01,47.95,50.3,1,0,18.62,23.39,80.23,2.05,0.3
103942,65.04,65.03,103053,103053,0.01,47.95,50.3,1,0,18.62,23.39,80.23,2.05,0.3
104449,65.15,65.11,104054,104054,0.07,47.95,50.3,1,0,18.53,23.43,80.23,2.05,0.3
104956,65.15,65.11,104054,104054,0.07,47.95,50.3,1,0,18.53,23.43,80.23,2.05,0.3
105463,65.15,65.14,105054,105054,0.02,47.95,50.3,1,0,18.53,23.43,80.23,2.05,0.3
105971,65.14,65.14,105054,105054,0.02,47.95,50.3,1,0,18.34,23.43,80.23,2.05,0.3
106479,65.14,65.14,106054,106054,0.0,47.95,50.3,1,1,18.34,23.43,80.23,2.05,0.3
106986,65.15,65.14,106054,106054,0.0,47.95,50.3,1,1,18.23,23.43,80.23,2.05,0.3
107493,65.15,65.14,107054,107054,0.0,47.95,50.3,1,1,18.23,23.43,80.23,2.05,0.3
108000,65.15,65.14,107054,107054,0.0,47.95,50.3,1,1,18.23,23.43,80.23,2.05,0.3
108508,65.15,65.15,108054,108054,0.0,47.95,50.3,1,1,18.23,23.43,80.23,2.05,0.3
109016,65.15,65.15,108054,108054,0.0,47.95,50.3,1,1,18.23,23.43,80.23,2.05,0.3
109523,64.89,65.15,109054,109054,0.0,47.95,50.3,1,1,19.22,23.43,80.23,2.05,0.3
110030,64.89,65.15,109054,109054,0.0,47.95,50.3,1,1,19.22,23.43,80.23,2.05,0.3
110538,64.89,64.97,110054,110054,0.0,47.95,50.3,1,1,19.22,23.34,80.23,2.05,0.3
111046,63.49,64.97,110054,110054,0.0,47.95,50.3,1,1,19.41,23.34,80.23,2.05,0.3
111553,63.49,63.98,111054,111054,0.0,47.95,50.3,1,1,19.41,22.97,80.23,2.05,0.3
112061,63.49,63.65,112054,112054,0.0,47.95,50.3,1,1,19.41,22.97,80.23,2.05,0.3
112568,62.25,63.65,112054,112054,0.0,47.95,50.3,1,1,19.87,22.97,80.23,2.05,0.3
113075,62.25,62.71,113054,113054,0.0,47.95,50.3,1,1,19.87,22.62,80.23,2.05,0.3
113583,62.25,62.71,113054,113054,0.0,47.95,50.3,1,1,19.87,22.62,80.23,2.05,0.3
114091,60.73,61.38,114054,114054,0.0,47.95,50.3,1,1,20.02,22.2,80.23,2.05,0.3
114599,60.73,61.38,114054,114054,0.0,47.95,50.3,1,1,20.02,22.2,80.23,2.05,0.3
115110,60.73,60.94,115054,115054,0.0,47.95,50.3,1,1,20.02,22.2,80.23,2.05,0.3
115618,59.62,60.94,115054,115054,0.0,47.95,50.3,1,1,20.12,22.2,80.23,2.05,0.3
116125,59.62,60.06,116054,116054,0.0,47.95,50.3,1,0,20.12,21.85,80.23,2.05,0.3
116633,59.62,60.06,116054,116054,0.0,47.95,50.3,1,0,20.12,21.85,80.23,2.05,0.3
117141,59.62,59.77,117054,117054,0.0,47.95,50.3,1,0,20.12,21.85,80.23,2.05,0.3
117648,58.41,59.77,117054,117054,0.0,47.95,50.3,1,0,19.91,21.85,80.23,2.05,0.3
118155,58.41,58.86,118054,118054,0.0,47.95,50.3,1,0,19.91,21.47,80.23,2.05,0.3
118662,58.41,58.86,118054,118054,0.0,47.95,50.3,1,0,19.91,21.47,80.23,2.05,0.3
119170,57.84,58.17,119054,119054,0.0,47.95,50.3,1,0,19.54,21.28,80.23,2.05,0.3
119678,57.84,58.17,119054,119054,0.0,47.95,50.3,1,0,19.54,21.28,80.23,2.05,0.3
120185,57.43,57.68,120054,120054,0.0,47.95,50.3,1,0,19.26,21.2,80.23,2.05,0.3
120693,57.43,57.68,120054,120054,0.0,47.95,50.3,1,0,19.26,21.2,80.23,2.05,0.3
121201,57.31,57.51,121054,121054,0.0,47.95,50.3,1,0,19.05,21.2,80.23,2.05,0.3
121709,57.31,57.51,121054,121054,0.0,47.95,50.3,1,0,19.05,21.2,80.23,2.05,0.3
122216,57.31,57.37,122054,122054,0.0,47.95,50.3,1,0,19.05,21.17,80.23,2.05,0.3
122724,57.21,57.37,122054,122054,0.0,47.95,50.3,1,0,18.72,21.17,80.23,2.05,0.3
123232,57.21,57.26,123054,123054,0.0,47.95,50.3,1,0,18.72,21.14,80.23,2.05,0.3
123739,57.07,57.26,123054,123054,0.0,47.95,50.3,1,0,18.49,21.14,80.23,2.05,0.3
124246,57.07,57.13,124054,124054,0.0,47.95,50.3,1,0,18.49,21.09,80.23,2.05,0.3
124754,56.89,57.13,124054,124054,0.0,47.95,50.3,1,0,18.21,21.09,80.23,2.05,0.3
125262,56.89,56.97,125054,125054,0.0,47.95,50.3,1,0,18.21,21.02,80.23,2.05,0.3
125770,56.79,56.97,125054,125054,0.0,47.95,50.3,1,0,18.12,21.02,80.23,2.05,0.3
126278,56.79,56.85,126054,126054,0.0,47.95,50.3,1,0,18.12,21.02,80.23,2.05,0.3
126785,56.79,56.85,126054,126054,0.0,47.95,50.3,1,0,18.12,21.02,80.23,2.05,0.3
127293,56.83,56.81,127054,127054,0.0,47.95,50.3,1,0,18.04,21.02,80.23,2.05,0.3
127800,56.83,56.81,127054,127054,0.0,47.95,50.3,1,0,18.04,21.02,80.23,2.05,0.3
128307,56.83,56.82,128056,128056,0.01,47.95,50.3,1,0,18.04,21.02,80.23,2.05,0.3
128815,56.92,56.82,128056,128056,0.01,47.95,50.3,1,0,17.69,21.02,80.23,2.05,0.3
129322,56.92,56.89,129056,129056,0.06,47.95,50.3,1,0,17.69,21.04,80.23,2.05,0.3
129830,56.93,56.89,129056,129056,0.06,47.95,50.3,1,0,17.67,21.04,80.23,2.05,0.3
130338,56.93,56.91,130056,130056,0.02,47.95,50.3,1,0,17.67,21.03,80.23,2.05,0.3
130846,56.93,56.91,130056,130056,0.02,47.95,50.3,1,0,17.67,21.03,80.23,2.05,0.3
131353,57.02,56.98,131056,131056,0.06,47.95,50.3,1,0,17.28,21.07,80.23,2.05,0.3
131860,57.02,56.98,131056,131056,0.06,47.95,50.3,1,0,17.28,21.07,80.23,2.05,0.3
132367,57.08,57.01,132056,132056,0.02,47.95,50.3,1,0,17.22,21.07,80.23,2.05,0.3
132875,57.08,57.01,132056,132056,0.02,47.95,50.3,1,0,17.22,21.07,80.23,2.05,0.3
133383,57.08,57.06,133056,133056,0.05,47.95,50.3,1,0,17.22,21.1,80.23,2.05,0.3
133890,57.15,57.06,133056,133056,0.05,47.95,50.3,1,0,17.24,21.1,80.23,2.05,0.3
134397,57.15,57.12,134056,134056,0.06,47.95,50.3,1,0,17.24,21.11,80.23,2.05,0.3
134905,57.15,57.12,134056,134056,0.06,47.95,50.3,1,0,17.24,21.11,80.23,2.05,0.3
135412,57.27,57.22,135056,135056,0.09,47.95,50.3,1,0,17.37,21.17,80.23,2.05,0.3
135919,57.27,57.22,135056,135056,0.09,47.95,50.3,1,0,17.37,21.17,80.23,2.05,0.3
136426,57.27,57.25,136056,136056,0.03,47.95,50.3,1,0,16.89,21.16,80.23,2.05,0.3
136934,57.27,57.25,136056,136056,0.03,47.95,50.3,1,0,16.89,21.16,80.23,2.05,0.3
137441,57.27,57.26,137056,137056,0.01,47.95,50.3,1,0,16.89,21.16,80.23,2.05,0.3
137949,57.44,57.26,137056,137056,0.01,47.95,50.3,1,0,16.96,21.16,80.23,2.05,0.3
138457,57.44,57.38,138056,138056,0.11,47.95,50.3,1,0,16.96,21.21,80.23,2.05,0.3
138965,57.44,57.38,138056,138056,0.11,47.95,50.3,1,0,16.96,21.21,80.23,2.05,0.3
139473,57.54,57.42,139056,139056,0.03,47.95,50.3,1,0,16.76,21.21,80.23,2.05,0.3
139981,57.54,57.42,139056,139056,0.03,47.95,50.3,1,0,16.76,21.21,80.23,2.05,0.3
140489,57.54,57.5,140056,140056,0.07,47.95,50.3,1,0,16.76,21.26,80.23,2.05,0.3
140996,57.57,57.5,140056,140056,0.07,47.95,50.3,1,0,16.59,21.26,80.23,2.05,0.3
141503,57.57,57.55,141056,141056,0.04,47.95,50.3,1,0,16.59,21.27,80.23,2.05,0.3
142010,57.57,57.55,141056,141056,0.04,47.95,50.3,1,0,16.59,21.27,80.23,2.05,0.3
142517,57.57,57.56,142056,142056,0.01,47.95,50.3,1,0,16.59,21.27,80.23,2.05,0.3
143025,57.66,57.56,142056,142056,0.01,47.95,50.3,1,0,16.4,21.27,80.23,2.05,0.3
143533,57.66,57.63,143056,143056,0.06,47.95,50.3,1,0,16.4,21.28,80.23,2.05,0.3
144040,57.71,57.63,143056,143056,0.06,47.95,50.3,1,0,16.42,21.28,80.23,2.05,0.3
144547,57.71,57.68,144056,144056,0.05,47.95,50.3,1,0,16.42,21.32,80.23,2.05,0.3
145055,57.71,57.68,144056,144056,0.05,47.95,50.3,1,0,16.42,21.32,80.23,2.05,0.3
145563,57.71,57.7,145063,145063,0.01,47.95,50.3,1,0,16.42,21.32,80.23,2.05,0.3
146071,57.71,57.71,146063,146063,0.0,47.95,50.3,1,0,16.42,21.32,80.23,2.05,0.3
146579,57.69,57.71,146063,146063,0.0,47.95,50.3,1,0,16.18,21.32,80.23,2.05,0.3
147087,57.69,57.7,147063,147063,0.0,47.95,50.3,1,1,16.18,21.32,80.23,2.05,0.3
147594,57.69,57.7,147063,147063,0.0,47.95,50.3,1,1,16.18,21.32,80.23,2.05,0.3
148101,57.69,57.69,148063,148063,0.0,47.95,50.3,1,1,16.12,21.3,80.23,2.05,0.3
148608,57.69,57.69,148063,148063,0.0,47.95,50.3,1,1,16.12,21.3,80.23,2.05,0.3
149116,57.69,57.69,149063,149063,0.0,47.95,50.3,1,1,16.12,21.3,80.23,2.05,0.3
149623,57.77,57.69,149063,149063,0.0,47.95,50.3,1,1,16.98,21.3,80.23,2.05,0.3
150130,57.77,57.74,150063,150063,0.05,47.95,50.3,1,1,16.98,21.34,80.23,2.05,0.3
150638,57.26,57.74,150063,150063,0.05,47.95,50.3,1,1,17.3,21.34,80.23,2.05,0.3
151146,57.26,57.42,151063,151063,0.0,47.95,50.3,1,1,17.3,21.17,80.23,2.05,0.3
151654,57.26,57.42,151063,151063,0.0,47.95,50.3,1,1,17.3,21.17,80.23,2.05,0.3
152161,56.44,56.77,152063,152063,0.0,47.95,50.3,1,1,17.63,20.92,80.23,2.05,0.3
152669,56.44,56.77,152063,152063,0.0,47.95,50.3,1,1,17.63,20.92,80.23,2.05,0.3
153176,56.44,56.55,153063,153063,0.0,47.95,50.3,1,1,17.63,20.92,80.23,2.05,0.3
153684,54.92,56.55,153063,153063,0.0,47.95,50.3,1,1,17.69,20.92,80.23,2.05,0.3
154191,54.92,55.46,154063,154063,0.0,47.95,50.3,1,1,17.69,20.46,80.23,2.05,0.3
154699,54.92,55.46,154063,154063,0.0,47.95,50.3,1,1,17.69,20.46,80.23,2.05,0.3
155207,54.92,55.1,155063,155063,0.0,47.95,50.3,1,1,17.69,20.46,80.23,2.05,0.3
155715,53.54,55.1,155063,155063,0.0,47.95,50.3,1,1,18.32,20.46,80.23,2.05,0.3
156223,53.54,54.05,156063,156063,0.0,47.95,50.3,1,0,18.32,20.01,80.23,2.05,0.3
156730,53.54,54.05,156063,156063,0.0,47.95,50.3,1,0,18.32,20.01,80.23,2.05,0.3
157238,52.86,53.25,157063,157063,0.0,47.95,50.3,1,0,18.44,19.76,80.23,2.05,0.3
157745,52.86,53.25,157063,157063,0.0,47.95,50.3,1,0,18.44,19.76,80.23,2.05,0.3
158253,52.1,52.99,158063,158063,0.0,47.95,50.3,1,0,18.32,19.76,80.23,2.05,0.3
158761,52.1,52.99,158063,158063,0.0,47.95,50.3,1,0,18.32,19.76,80.23,2.05,0.3
159269,52.1,52.39,159063,159063,0.0,47.95,50.3,1,0,18.32,19.51,80.23,2.05,0.3
159777,51.7,52.39,159063,159063,0.0,47.95,50.3,1,0,17.5,19.51,80.23,2.05,0.3
160285,51.7,51.93,160063,160063,0.0,47.95,50.3,1,0,17.5,19.38,80.23,2.05,0.3
160792,51.7,51.93,160063,160063,0.0,47.95,50.3,1,0,17.5,19.38,80.23,2.05,0.3
161299,51.7,51.77,161063,161063,0.0,47.95,50.3,1,0,17.5,19.38,80.23,2.05,0.3
161807,51.48,51.77,161063,161063,0.0,47.95,50.3,1,0,16.98,19.38,80.23,2.05,0.3
162315,51.48,51.58,162063,162063,0.0,47.95,50.3,1,0,16.98,19.27,80.23,2.05,0.3
162823,51.48,51.58,162063,162063,0.0,47.95,50.3,1,0,16.98,19.27,80.23,2.05,0.3
163330,51.58,51.51,163063,163063,0.0,47.95,50.3,1,0,16.66,19.27,80.23,2.05,0.3
163837,51.58,51.51,163063,163063,0.0,47.95,50.3,1,0,16.66,19.27,80.23,2.05,0.3
164345,51.58,51.56,164063,164063,0.04,47.95,50.3,1,0,16.66,19.34,80.23,2.05,0.3
164852,51.69,51.56,164063,164063,0.04,47.95,50.3,1,0,16.42,19.34,80.23,2.05,0.3
165360,51.69,51.65,165063,165063,0.09,47.95,50.3,1,0,16.42,19.34,80.23,2.05,0.3
165868,51.75,51.65,165063,165063,0.09,47.95,50.3,1,0,16.31,19.34,80.23,2.05,0.3
166375,51.75,51.72,166063,166063,0.07,47.95,50.3,1,0,16.31,19.4,80.23,2.05,0.3
166882,51.75,51.72,166063,166063,0.07,47.95,50.3,1,0,16.31,19.4,80.23,2.05,0.3
167389,51.76,51.75,167067,167067,0.03,47.95,50.3,1,0,16.22,19.39,80.23,2.05,0.3
167897,51.76,51.75,167067,167067,0.03,47.95,50.3,1,0,16.22,19.39,80.23,2.05,0.3
168404,51.76,51.76,168067,168067,0.01,47.95,50.3,1,0,16.22,19.39,80.23,2.05,0.3
168916,51.75,51.76,168067,168067,0.01,47.95,50.3,1,0,15.97,19.39,80.23,2.05,0.3
169424,51.75,51.75,169067,169067,0.0,47.95,50.3,1,0,15.97,19.4,80.23,2.05,0.3
169932,51.75,51.75,169067,169067,0.0,47.95,50.3,1,0,15.97,19.4,80.23,2.05,0.3
170440,51.76,51.76,170067,170067,0.0,47.95,50.3,1,0,16.03,19.4,80.23,2.05,0.3
170947,51.76,51.76,170067,170067,0.0,47.95,50.3,1,0,16.03,19.4,80.23,2.05,0.3
171455,51.82,51.76,171067,171067,0.0,47.95,50.3,1,0,15.51,19.4,80.23,2.05,0.3
171962,51.82,51.76,171067,171067,0.0,47.95,50.3,1,0,15.51,19.4,80.23,2.05,0.3
172469,51.81,51.8,172067,172067,0.03,47.95,50.3,1,0,15.42,19.42,80.23,2.05,0.3
172976,51.81,51.8,172067,172067,0.03,47.95,50.3,1,0,15.42,19.42,80.23,2.05,0.3
173484,51.81,51.8,173067,173067,0.0,47.95,50.3,1,0,15.42,19.42,80.23,2.05,0.3
173992,51.83,51.8,173067,173067,0.0,47.95,50.3,1,0,15.64,19.42,80.23,2.05,0.3
174500,51.83,51.82,174067,174067,0.02,47.95,50.3,1,0,15.64,19.44,80.23,2.05,0.3
175007,51.83,51.82,174067,174067,0.02,47.95,50.3,1,0,15.64,19.44,80.23,2.05,0.3
175515,51.86,51.83,175067,175067,0.0,47.95,50.3,1,0,15.47,19.44,80.23,2.05,0.3
176023,51.86,51.83,175067,175067,0.0,47.95,50.3,1,0,15.47,19.44,80.23,2.05,0.3
176530,51.86,51.85,176067,176067,0.01,47.95,50.3,1,0,15.47,19.43,80.23,2.05,0.3
177037,51.99,51.85,176067,176067,0.01,47.95,50.3,1,0,15.29,19.43,80.23,2.05,0.3
177544,51.99,51.95,177067,177067,0.09,47.95,50.3,1,0,15.29,19.49,80.23,2.05,0.3
178051,52.04,51.95,177067,177067,0.09,47.95,50.3,1,0,15.19,19.49,80.23,2.05,0.3
178559,52.04,52.01,178067,178067,0.06,47.95,50.3,1,0,15.19,19.51,80.23,2.05,0.3
179067,52.04,52.01,178067,178067,0.06,47.95,50.3,1,0,15.19,19.51,80.23,2.05,0.3
179574,52.05,52.03,179075,179075,0.01,47.95,50.3,1,0,15.29,19.51,80.23,2.05,0.3
180081,52.05,52.05,180075,180075,0.01,47.95,50.3,1,0,15.29,19.53,80.23,2.05,0.3
180588,52.17,52.05,180075,180075,0.01,47.95,50.3,1,0,15.1,19.53,80.23,2.05,0.3
181095,52.17,52.13,181075,181075,0.08,47.95,50.3,1,0,15.1,19.55,80.23,2.05,0.3
181603,52.25,52.13,181075,181075,0.08,47.95,50.3,1,0,15.06,19.55,80.23,2.05,0.3
182110,52.25,52.21,182075,182075,0.08,47.95,50.3,1,0,15.06,19.56,80.23,2.05,0.3
182618,52.25,52.21,182075,182075,0.08,47.95,50.3,1,0,15.06,19.56,80.23,2.05,0.3
183125,52.32,52.28,183075,183075,0.07,47.95,50.3,1,0,14.97,19.6,80.23,2.05,0.3
183632,52.32,52.28,183075,183075,0.07,47.95,50.3,1,0,14.97,19.6,80.23,2.05,0.3
184140,52.32,52.31,184075,184075,0.02,47.95,50.3,1,0,14.97,19.6,80.23,2.05,0.3
184647,52.32,52.31,184075,184075,0.02,47.95,50.3,1,0,14.97,19.6,80.23,2.05,0.3
185154,52.32,52.32,185075,185075,0.0,47.95,50.3,1,0,14.97,19.6,80.23,2.05,0.3
185673,52.35,52.32,185075,185075,0.0,47.95,50.3,1,0,14.82,19.6,80.23,2.05,0.3
186181,52.35,52.34,186075,186075,0.02,47.95,50.3,1,0,14.82,19.64,80.23,2.05,0.3
186688,52.35,52.34,186075,186075,0.02,47.95,50.3,1,0,14.82,19.64,80.23,2.05,0.3
187196,52.36,52.35,187075,187075,0.01,47.95,50.3,1,1,14.56,19.63,80.23,2.05,0.3
187703,52.36,52.35,187075,187075,0.01,47.95,50.3,1,1,14.56,19.63,80.23,2.05,0.3
188211,52.36,52.36,188075,188075,0.0,47.95,50.3,1,1,14.56,19.63,80.23,2.05,0.3
188718,52.38,52.36,188075,188075,0.0,47.95,50.3,1,1,14.21,19.63,80.23,2.05,0.3
189225,52.38,52.37,189075,189075,0.01,47.95,50.3,1,1,14.21,19.63,80.23,2.05,0.3
189733,52.48,52.37,189075,189075,0.01,47.95,50.3,1,1,15.51,19.63,80.23,2.05,0.3
190241,52.48,52.45,190075,190075,0.07,47.95,50.3,1,1,15.51,19.67,80.23,2.05,0.3
190749,52.48,52.45,190075,190075,0.07,47.95,50.3,1,1,15.51,19.67,80.23,2.05,0.3
191256,51.75,51.98,191075,191075,0.0,47.95,50.3,1,1,16.1,19.42,80.23,2.05,0.3
191764,51.75,51.98,191075,191075,0.0,47.95,50.3,1,1,16.1,19.42,80.23,2.05,0.3
192271,50.85,51.83,192075,192075,0.0,47.95,50.3,1,1,16.44,19.42,80.23,2.05,0.3
192779,50.85,51.83,192075,192075,0.0,47.95,50.3,1,1,16.44,19.42,80.23,2.05,0.3
193287,50.85,51.17,193075,193075,0.0,47.95,50.3,1,1,16.44,19.12,80.23,2.05,0.3
193795,50.85,51.17,193075,193075,0.0,47.95,50.3,1,1,16.44,19.12,80.23,2.05,0.3
194303,49.59,50.96,194075,194075,0.0,47.95,50.3,1,1,16.87,19.12,80.23,2.05,0.3
194810,49.59,50.96,194075,194075,0.0,47.95,50.3,1,1,16.87,19.12,80.23,2.05,0.3
195318,49.59,50.04,195075,195075,0.0,47.95,50.3,0,0,16.87,18.66,80.23,2.05,0.3
195825,49.59,50.04,195075,195075,0.0,47.95,50.3,0,0,16.87,18.66,80.23,2.05,0.3
196333,49.59,49.74,196075,196075,0.0,48.29,50.3,0,0,16.87,18.66,49.74,1.7,0.3
196840,48.27,49.74,196075,196075,0.0,48.29,50.3,0,0,16.83,18.66,49.74,1.7,0.3
197347,48.27,48.75,197075,197075,0.0,48.29,50.3,0,0,16.83,18.18,48.75,1.7,0.3
197855,48.27,48.75,197075,197075,0.0,48.29,50.3,0,0,16.83,18.18,48.75,1.7,0.3
198362,47.75,48.43,198075,198075,0.0,48.29,50.3,0,0,16.33,18.18,48.43,1.7,0.3
198869,47.75,48.43,198075,198075,0.0,48.29,50.3,0,0,16.33,18.18,48.43,1.7,0.3
199376,47.56,47.97,199075,199075,0.0,48.29,50.3,0,0,16.16,18.0,47.97,1.7,0.3
199884,47.56,47.97,199075,199075,0.0,48.29,50.3,0,0,16.16,18.0,47.97,1.7,0.3
200392,47.5,47.7,200077,200077,0.0,48.29,50.3,0,0,15.9,17.92,47.7,1.7,0.3
200899,47.5,47.7,200077,200077,0.0,48.29,50.3,0,0,15.9,17.92,47.7,1.7,0.3
201406,47.5,47.57,201077,201077,0.0,48.29,50.3,0,0,15.9,17.93,47.57,1.7,0.3
201914,47.5,47.57,201077,201077,0.0,48.29,50.3,0,0,15.9,17.93,47.57,1.7,0.3
202422,47.57,47.57,202077,202077,0.0,48.29,50.3,0,0,15.94,17.93,47.57,1.7,0.3
202929,47.57,47.57,202077,202077,0.0,48.29,50.3,0,0,15.94,17.93,47.57,1.7,0.3
203437,47.46,47.57,203077,203077,0.0,48.29,50.3,0,0,15.9,17.93,47.57,1.7,0.3
203944,47.46,47.57,203077,203077,0.0,48.29,50.3,0,0,15.9,17.93,47.57,1.7,0.3
204452,47.42,47.49,204077,204077,0.0,48.29,50.3,0,0,15.58,17.9,47.49,1.7,0.3
204959,47.42,47.49,204077,204077,0.0,48.29,50.3,0,0,15.58,17.9,47.49,1.7,0.3
205478,47.36,47.44,205078,205078,0.0,48.29,50.3,0,0,15.66,17.89,47.44,1.7,0.3
205986,47.36,47.44,205078,205078,0.0,48.29,50.3,0,0,15.66,17.89,47.44,1.7,0.3
206493,47.36,47.39,206079,206079,0.0,48.29,50.3,0,0,15.66,17.88,47.39,1.7,0.3
207000,47.38,47.39,206079,206079,0.0,48.29,50.3,0,0,15.97,17.88,47.39,1.7,0.3
207507,47.38,47.38,207079,207079,0.0,48.29,50.3,0,0,15.97,17.86,47.38,1.7,0.3
208014,47.41,47.38,207079,207079,0.0,48.29,50.3,0,0,16.38,17.86,47.38,1.7,0.3
208522,47.41,47.4,208079,208079,0.02,48.29,50.3,0,0,16.38,17.87,47.38,1.7,0.3
209030,47.41,47.4,208079,208079,0.02,48.29,50.3,0,0,16.38,17.87,47.38,1.7,0.3
209537,47.54,47.41,209079,209079,0.0,48.29,50.3,0,0,16.22,17.87,47.38,1.7,0.3
210045,47.54,47.41,209079,209079,0.0,48.29,50.3,0,0,16.22,17.87,47.38,1.7,0.3
210552,47.59,47.5,210079,210079,0.08,48.29,50.3,0,0,16.33,17.94,47.38,1.7,0.3
211059,47.59,47.5,210079,210079,0.08,48.29,50.3,0,0,16.33,17.94,47.38,1.7,0.3
211566,47.59,47.56,211079,211079,0.05,48.29,50.3,0,0,16.33,17.92,47.38,1.7,0.3
212074,47.75,47.56,211079,211079,0.05,48.29,50.3,0,0,16.59,17.92,47.38,1.7,0.3
212582,47.75,47.69,212082,212082,0.13,48.29,50.3,0,0,16.59,18.0,47.38,1.7,0.3
213090,47.89,47.82,213082,213082,0.13,48.29,50.3,0,0,16.66,18.05,47.38,1.7,0.3
213598,47.89,47.82,213082,213082,0.13,48.29,50.3,0,0,16.66,18.05,47.38,1.7,0.3
214106,47.97,47.92,214082,214082,0.09,48.29,50.3,0,0,16.79,18.08,47.38,1.7,0.3
214614,47.97,47.92,214082,214082,0.09,48.29,50.3,0,0,16.79,18.08,47.38,1.7,0.3
215121,48.05,47.95,215082,215082,0.03,48.29,50.3,0,0,17.07,18.08,47.38,1.7,0.3
215629,48.05,47.95,215082,215082,0.03,48.29,50.3,0,0,17.07,18.08,47.38,1.7,0.3
216137,48.05,48.02,216082,216082,0.06,48.29,50.3,0,0,17.07,18.1,47.38,1.7,0.3
216645,48.16,48.02,216082,216082,0.06,48.29,50.3,0,0,17.09,18.1,47.38,1.7,0.3
217153,48.16,48.11,217082,217082,0.09,48.29,50.3,0,0,17.09,18.16,47.38,1.7,0.3
217660,48.22,48.11,217082,217082,0.09,48.29,50.3,0,0,17.24,18.16,47.38,1.7,0.3
218168,48.22,48.19,218082,218082,0.07,48.29,50.3,0,0,17.24,18.14,47.38,1.7,0.3
218676,48.22,48.19,218082,218082,0.07,48.29,50.3,0,0,17.24,18.14,47.38,1.7,0.3
219184,48.22,48.21,219082,219082,0.02,48.29,50.3,0,0,17.24,18.14,47.38,1.7,0.3
219692,48.35,48.21,219082,219082,0.02,48.29,50.3,0,0,18.14,18.14,47.38,1.7,0.3
220199,48.35,48.3,220082,220082,0.09,48.29,50.3,1,0,18.14,18.22,47.38,1.7,0.3
220707,48.39,48.3,220082,220082,0.09,48.29,50.3,1,0,17.6,18.22,47.38,1.7,0.3
221215,48.39,48.36,221082,221082,0.05,48.29,50.5,1,0,17.6,18.23,48.36,1.7,0.5
221723,48.39,48.36,221082,221082,0.05,48.29,50.5,1,0,17.6,18.23,48.36,1.7,0.5
222234,48.39,48.38,222082,222082,0.01,48.29,50.5,1,0,17.6,18.23,48.38,1.7,0.5
222742,48.39,48.38,222082,222082,0.01,48.29,50.5,1,0,17.6,18.23,48.38,1.7,0.5
223250,48.39,48.39,223082,223082,0.0,48.29,50.5,1,0,17.6,18.23,48.39,1.7,0.5
223757,48.62,48.39,223082,223082,0.0,48.29,50.5,1,0,17.99,18.23,48.39,1.7,0.5
224265,48.62,48.54,224082,224082,0.15,48.29,50.5,1,0,17.99,18.34,48.54,1.7,0.5
224773,48.74,48.54,224082,224082,0.15,48.29,50.5,1,0,17.88,18.34,48.54,1.7,0.5
225280,48.74,48.68,225082,225082,0.13,48.29,50.5,1,0,17.88,18.35,48.68,1.7,0.5
225788,48.84,48.68,225082,225082,0.13,48.29,50.5,1,0,17.95,18.35,48.68,1.7,0.5
226296,48.84,48.78,226082,226082,0.1,48.29,50.5,1,0,17.95,18.39,48.78,1.7,0.5
226804,48.84,48.78,226082,226082,0.1,48.29,50.5,1,0,17.95,18.39,48.78,1.7,0.5
227315,48.84,48.82,227082,227082,0.03,48.29,50.5,1,0,17.95,18.39,48.82,1.7,0.5
227823,48.89,48.82,227082,227082,0.03,48.29,50.5,1,0,17.95,18.39,48.82,1.7,0.5
228331,48.89,48.87,228082,228082,0.04,48.29,50.5,0,0,17.95,18.42,48.87,1.7,0.5
228839,48.89,48.87,228082,228082,0.04,48.29,50.5,0,0,17.95,18.42,48.87,1.7,0.5
229346,48.97,48.94,229082,229082,0.06,48.72,50.5,0,0,17.86,18.45,48.94,1.27,0.5
229853,48.97,48.94,229082,229082,0.06,48.72,50.5,0,0,17.86,18.45,48.94,1.27,0.5
230360,48.97,48.96,230082,230082,0.02,48.72,50.5,0,0,17.86,18.45,48.94,1.27,0.5
230867,49.05,48.96,230082,230082,0.02,48.72,50.5,0,0,17.88,18.45,48.94,1.27,0.5
231375,49.05,49.02,231082,231082,0.06,48.72,50.5,0,0,17.88,18.49,48.94,1.27,0.5
231882,49.05,49.02,231082,231082,0.06,48.72,50.5,0,0,17.88,18.49,48.94,1.27,0.5
232389,49.19,49.04,232082,232082,0.02,48.72,50.5,0,0,17.71,18.49,48.94,1.27,0.5
232896,49.19,49.04,232082,232082,0.02,48.72,50.5,0,0,17.71,18.49,48.94,1.27,0.5
233404,49.23,49.14,233082,233082,0.09,48.72,50.5,1,0,17.8,18.53,48.94,1.27,0.5
233912,49.23,49.14,233082,233082,0.09,48.72,50.5,1,0,17.8,18.53,48.94,1.27,0.5
234420,49.23,49.2,234082,234082,0.05,48.72,50.54,1,0,17.8,18.53,49.2,1.27,0.54
234927,49.3,49.2,234082,234082,0.05,48.72,50.54,1,0,17.8,18.53,49.2,1.27,0.54
235435,49.3,49.26,235082,235082,0.06,48.72,50.54,1,0,17.8,18.57,49.26,1.27,0.54
235942,49.36,49.26,235082,235082,0.06,48.72,50.54,1,0,17.95,18.57,49.26,1.27,0.54
236449,49.36,49.33,236082,236082,0.06,48.72,50.54,1,0,17.95,18.6,49.33,1.27,0.54
236957,49.48,49.33,236082,236082,0.06,48.72,50.54,1,0,17.84,18.6,49.33,1.27,0.54
237465,49.48,49.43,237082,237082,0.1,48.72,50.54,1,0,17.84,18.63,49.43,1.27,0.54
237973,49.5,49.43,237082,237082,0.1,48.72,50.54,1,0,17.95,18.63,49.43,1.27,0.54
238481,49.5,49.48,238082,238082,0.04,48.72,50.54,1,0,17.95,18.65,49.48,1.27,0.54
238988,49.5,49.48,238082,238082,0.04,48.72,50.54,1,0,17.95,18.65,49.48,1.27,0.54
239496,49.61,49.56,239095,239095,0.08,48.72,50.54,1,0,17.93,18.67,49.56,1.27,0.54
240003,49.61,49.56,239095,239095,0.08,48.72,50.54,1,0,17.93,18.67,49.56,1.27,0.54
240510,49.67,49.59,240096,240096,0.02,48.72,50.54,1,0,17.67,18.67,49.59,1.27,0.54
241017,49.67,49.59,240096,240096,0.02,48.72,50.54,1,0,17.67,18.67,49.59,1.27,0.54
241525,49.73,49.65,241096,241096,0.05,48.72,50.54,0,0,17.54,18.7,49.65,1.27,0.54
242036,49.73,49.65,241096,241096,0.05,48.72,50.54,0,0,17.54,18.7,49.65,1.27,0.54
242544,49.73,49.7,242096,242096,0.05,48.96,50.54,0,0,17.54,18.71,49.7,1.03,0.54
243051,49.79,49.7,242096,242096,0.05,48.96,50.54,0,0,17.26,18.71,49.7,1.03,0.54
243558,49.79,49.76,243096,243096,0.06,48.96,50.54,0,0,17.26,18.74,49.7,1.03,0.54
244066,49.79,49.76,243096,243096,0.06,48.96,50.54,0,0,17.26,18.74,49.7,1.03,0.54
244574,49.89,49.78,244096,244096,0.02,48.96,50.54,0,0,17.48,18.74,49.7,1.03,0.54
245081,49.89,49.78,244096,244096,0.02,48.96,50.54,0,0,17.48,18.74,49.7,1.03,0.54
245589,49.89,49.85,245096,245096,0.07,48.96,50.54,0,0,17.48,18.77,49.7,1.03,0.54
246097,49.89,49.88,246096,246096,0.02,48.96,50.54,1,0,17.48,18.77,49.7,1.03,0.54
246605,49.96,49.88,246096,246096,0.02,48.96,50.54,1,0,17.65,18.77,49.7,1.03,0.54
247116,49.96,49.93,247096,247096,0.05,48.96,50.47,1,0,17.65,18.81,49.93,1.03,0.47
247624,49.96,49.93,247096,247096,0.05,48.96,50.47,1,0,17.65,18.81,49.93,1.03,0.47
248131,50.08,50.03,248096,248096,0.1,48.96,50.47,1,0,17.58,18.86,50.03,1.03,0.47
248639,50.08,50.03,248096,248096,0.1,48.96,50.47,1,0,17.58,18.86,50.03,1.03,0.47
249147,50.08,50.06,249097,249097,0.03,48.96,50.47,1,0,17.58,18.86,50.06,1.03,0.47
249654,50.1,50.06,249097,249097,0.03,48.96,50.47,1,0,17.56,18.86,50.06,1.03,0.47
250161,50.1,50.09,250097,250097,0.02,48.96,50.47,1,0,17.56,18.84,50.09,1.03,0.47
250668,50.19,50.09,250097,250097,0.02,48.96,50.47,1,0,17.58,18.84,50.09,1.03,0.47
251175,50.19,50.16,251097,251097,0.06,48.96,50.47,1,0,17.58,18.88,50.16,1.03,0.47
251683,50.19,50.16,251097,251097,0.06,48.96,50.47,1,0,17.58,18.88,50.16,1.03,0.47
252191,50.19,50.18,252099,252099,0.02,48.96,50.47,1,0,17.58,18.88,50.18,1.03,0.47
252698,50.19,50.18,252099,252099,0.02,48.96,50.47,1,0,17.58,18.88,50.18,1.03,0.47
253206,50.19,50.18,253099,253099,0.0,48.96,50.47,1,0,17.58,18.88,50.18,1.03,0.47
253713,50.19,50.18,253099,253099,0.0,48.96,50.47,1,0,17.58,18.88,50.18,1.03,0.47
254221,50.36,50.3,254099,254099,0.11,48.96,50.47,0,0,17.0,18.93,50.3,1.03,0.47
254729,50.36,50.3,254099,254099,0.11,48.96,50.47,0,0,17.0,18.93,50.3,1.03,0.47
255236,50.43,50.39,255099,255099,0.08,49.07,50.47,0,0,17.56,18.97,50.39,0.92,0.47
255743,50.43,50.39,255099,255099,0.08,49.07,50.47,0,0,17.56,18.97,50.39,0.92,0.47
256250,50.43,50.42,256099,256099,0.02,49.07,50.47,0,0,17.56,18.97,50.39,0.92,0.47
256757,50.43,50.42,256099,256099,0.02,49.07,50.47,0,0,17.56,18.97,50.39,0.92,0.47
257264,50.5,50.47,257101,257101,0.05,49.07,50.47,0,0,17.28,18.98,50.39,0.92,0.47
257771,50.5,50.47,257101,257101,0.05,49.07,50.47,0,0,17.28,18.98,50.39,0.92,0.47
258278,50.53,50.49,258101,258101,0.01,49.07,50.47,0,0,17.24,18.98,50.39,0.92,0.47
258785,50.53,50.49,258101,258101,0.01,49.07,50.47,0,0,17.24,18.98,50.39,0.92,0.47
259292,50.53,50.52,259101,259101,0.03,49.07,50.47,1,0,17.24,18.98,50.39,0.92,0.47
259799,50.53,50.52,259101,259101,0.03,49.07,50.47,1,0,17.24,18.98,50.39,0.92,0.47
260306,50.59,50.57,260101,260101,0.04,49.07,50.31,1,0,17.35,19.01,50.57,0.92,0.31
260813,50.59,50.57,260101,260101,0.04,49.07,50.31,1,0,17.35,19.01,50.57,0.92,0.31
261320,50.62,50.58,261101,261101,0.01,49.07,50.31,1,0,17.39,19.01,50.58,0.92,0.31
261827,50.62,50.58,261101,261101,0.01,49.07,50.31,1,0,17.39,19.01,50.58,0.92,0.31
262334,50.62,50.61,262104,262104,0.02,49.07,50.31,1,0,17.39,19.04,50.61,0.92,0.31
262841,50.66,50.61,262104,262104,0.02,49.07,50.31,1,0,17.43,19.04,50.61,0.92,0.31
263348,50.66,50.64,263105,263105,0.03,49.07,50.31,1,0,17.43,19.07,50.64,0.92,0.31
263855,50.69,50.64,263105,263105,0.03,49.07,50.31,1,0,17.39,19.07,50.64,0.92,0.31
264363,50.69,50.67,264105,264105,0.02,49.07,50.31,1,0,17.39,19.05,50.67,0.92,0.31
264871,50.72,50.67,264105,264105,0.02,49.07,50.31,1,0,17.3,19.05,50.67,0.92,0.31
265378,50.72,50.71,265105,265105,0.03,49.07,50.31,1,0,17.3,19.05,50.71,0.92,0.31
265885,50.74,50.71,265105,265105,0.03,49.07,50.31,1,0,17.35,19.05,50.71,0.92,0.31
266392,50.74,50.73,266105,266105,0.02,49.07,50.31,1,0,17.35,19.07,50.73,0.92,0.31
266899,50.74,50.73,266105,266105,0.02,49.07,50.31,1,0,17.35,19.07,50.73,0.92,0.31
267406,50.74,50.73,267105,267105,0.0,49.07,50.31,1,0,17.11,19.05,50.73,0.92,0.31
267913,50.74,50.73,267105,267105,0.0,49.07,50.31,1,0,17.11,19.05,50.73,0.92,0.31
268420,50.78,50.74,268105,268105,0.0,49.07,50.31,1,0,17.07,19.05,50.74,0.92,0.31
268927,50.78,50.74,268105,268105,0.0,49.07,50.31,1,0,17.07,19.05,50.74,0.92,0.31
269434,50.78,50.76,269105,269105,0.02,49.07,50.31,1,0,17.07,19.08,50.76,0.92,0.31
269941,50.78,50.76,269105,269105,0.02,49.07,50.31,1,0,17.07,19.08,50.76,0.92,0.31
270448,50.78,50.77,270105,270105,0.0,49.07,50.31,1,0,17.07,19.08,50.77,0.92,0.31
270955,50.78,50.77,270105,270105,0.0,49.07,50.31,1,0,17.07,19.08,50.77,0.92,0.31
271462,50.86,50.78,271105,271105,0.0,49.07,50.31,1,0,16.89,19.08,50.78,0.92,0.31
271969,50.86,50.78,271105,271105,0.0,49.07,50.31,1,0,16.89,19.08,50.78,0.92,0.31
272476,50.86,50.83,272105,272105,0.05,49.07,50.31,1,0,16.89,19.11,50.83,0.92,0.31
272983,50.86,50.83,272105,272105,0.05,49.07,50.31,1,0,16.89,19.11,50.83,0.92,0.31
273490,50.92,50.89,273105,273105,0.05,49.07,50.31,1,0,16.76,19.15,50.89,0.92,0.31
273997,50.92,50.89,273105,273105,0.05,49.07,50.31,1,0,16.76,19.15,50.89,0.92,0.31
274504,50.92,50.91,274105,274105,0.01,49.07,50.31,1,0,16.76,19.15,50.91,0.92,0.31
275011,50.92,50.91,274105,274105,0.01,49.07,50.31,1,0,16.76,19.15,50.91,0.92,0.31
275518,50.92,50.92,275105,275105,0.0,49.07,50.31,1,0,16.76,19.15,50.92,0.92,0.31
276025,50.92,50.92,275105,275105,0.0,49.07,50.31,1,0,16.68,19.15,50.92,0.92,0.31
276532,50.92,50.92,276105,276105,0.0,49.07,50.31,1,0,16.68,19.14,50.92,0.92,0.31
277039,50.94,50.92,276105,276105,0.0,49.07,50.31,1,0,16.51,19.14,50.92,0.92,0.31
277546,50.94,50.94,277105,277105,0.01,49.07,50.31,1,0,16.51,19.15,50.94,0.92,0.31
278054,50.94,50.94,277105,277105,0.01,49.07,50.31,1,0,16.51,19.15,50.94,0.92,0.31
278562,50.97,50.94,278105,278105,0.0,49.07,50.31,1,0,16.2,19.15,50.94,0.92,0.31
279069,50.97,50.94,278105,278105,0.0,49.07,50.31,1,0,16.2,19.15,50.94,0.92,0.31
279576,50.97,50.96,279105,279105,0.02,49.07,50.31,1,0,16.2,19.15,50.96,0.92,0.31
280083,50.97,50.96,279105,279105,0.02,49.07,50.31,1,0,16.79,19.15,50.96,0.92,0.31
280590,50.97,50.97,280105,280105,0.0,49.07,50.31,1,0,16.79,19.15,50.97,0.92,0.31
281098,51.0,50.97,280105,280105,0.0,49.07,50.31,1,0,16.12,19.15,50.97,0.92,0.31
281606,51.0,50.99,281110,281110,0.01,49.07,50.31,1,0,16.12,19.15,50.99,0.92,0.31
282113,51.0,50.99,282110,282110,0.0,49.07,50.31,1,0,16.12,19.15,50.99,0.92,0.31
282620,50.96,50.99,282110,282110,0.0,49.07,50.31,1,0,15.86,19.15,50.99,0.92,0.31
283127,50.96,50.97,283110,283110,0.0,49.07,50.31,1,0,15.86,19.14,50.99,0.92,0.31
283634,50.96,50.97,283110,283110,0.0,49.07,50.31,1,0,15.86,19.14,50.99,0.92,0.31
284142,51.03,50.96,284110,284110,0.0,49.07,50.31,1,0,15.99,19.14,50.99,0.92,0.31
284650,51.03,50.96,284110,284110,0.0,49.07,50.31,1,0,15.99,19.14,50.99,0.92,0.31
285157,51.03,51.0,285110,285110,0.04,49.07,50.31,1,0,15.99,19.17,51.0,0.92,0.31
285664,51.02,51.0,285110,285110,0.04,49.07,50.31,1,0,15.49,19.17,51.0,0.92,0.31
286171,51.02,51.02,286110,286110,0.01,49.07,50.31,1,0,15.49,19.16,51.02,0.92,0.31
286678,51.01,51.02,286110,286110,0.01,49.07,50.31,1,0,14.9,19.16,51.02,0.92,0.31
287185,51.01,51.01,287110,287110,0.0,49.07,50.31,1,0,14.9,19.17,51.02,0.92,0.31
287693,51.05,51.01,287110,287110,0.0,49.07,50.31,1,0,15.55,19.17,51.02,0.92,0.31
288200,51.05,51.04,288110,288110,0.02,49.07,50.31,1,0,15.55,19.19,51.04,0.92,0.31
288707,51.05,51.04,288110,288110,0.02,49.07,50.31,1,0,15.55,19.19,51.04,0.92,0.31
289214,51.03,51.05,289110,289110,0.0,49.07,50.31,1,0,15.34,19.19,51.05,0.92,0.31
289721,51.03,51.05,289110,289110,0.0,49.07,50.31,1,0,15.34,19.19,51.05,0.92,0.31
290228,51.03,51.04,290110,290110,0.0,49.07,50.31,1,0,15.34,19.18,51.05,0.92,0.31
290735,51.04,51.04,290110,290110,0.0,49.07,50.31,1,0,15.25,19.18,51.05,0.92,0.31
291242,51.04,51.04,291110,291110,0.0,49.07,50.31,1,0,15.25,19.16,51.05,0.92,0.31
291749,51.04,51.04,291110,291110,0.0,49.07,50.31,1,0,15.23,19.16,51.05,0.92,0.31
292256,51.04,51.04,292110,292110,0.0,49.07,50.31,1,0,15.23,19.22,51.05,0.92,0.31
292764,51.04,51.04,292110,292110,0.0,49.07,50.31,1,0,15.23,19.22,51.05,0.92,0.31
293271,50.97,51.04,293110,293110,0.0,49.07,50.31,1,0,14.99,19.22,51.05,0.92,0.31
293778,50.97,51.04,293110,293110,0.0,49.07,50.31,1,0,14.99,19.22,51.05,0.92,0.31
294285,50.97,50.99,294110,294110,0.0,49.07,50.31,1,0,14.99,19.15,51.05,0.92,0.31
294792,50.96,50.99,294110,294110,0.0,49.07,50.31,1,0,14.97,19.15,51.05,0.92,0.31
295299,50.96,50.97,295110,295110,0.0,49.07,50.31,1,0,14.97,19.14,51.05,0.92,0.31
295806,50.93,50.97,295110,295110,0.0,49.07,50.31,1,0,14.73,19.14,51.05,0.92,0.31
296313,50.93,50.94,296110,296110,0.0,49.07,50.31,1,0,14.73,19.15,51.05,0.92,0.31
296820,50.93,50.94,296110,296110,0.0,49.07,50.31,1,0,14.73,19.15,51.05,0.92,0.31
297327,50.93,50.94,297110,297110,0.0,49.07,50.31,1,0,14.73,19.15,51.05,0.92,0.31
297834,50.88,50.94,297110,297110,0.0,49.07,50.31,1,0,15.27,19.15,51.05,0.92,0.31
298341,50.88,50.9,298110,298110,0.0,49.07,50.31,1,0,15.27,19.14,51.05,0.92,0.31
298848,50.85,50.9,298110,298110,0.0,49.07,50.31,1,0,14.62,19.14,51.05,0.92,0.31
299355,50.85,50.86,299110,299110,0.0,49.07,50.31,1,0,14.62,19.1,51.05,0.92,0.31
299862,50.85,50.86,299110,299110,0.0,49.07,50.31,1,0,14.62,19.1,51.05,0.92,0.31
300369,50.85,50.85,300110,300110,0.0,49.07,50.31,1,0,14.62,19.1,51.05,0.92,0.31
300876,50.85,50.85,300110,300110,0.0,49.07,50.31,1,0,14.62,19.1,51.05,0.92,0.31
301383,50.78,50.85,301110,301110,0.0,49.07,50.31,1,0,14.51,19.1,51.05,0.92,0.31
301890,50.78,50.85,301110,301110,0.0,49.07,50.31,1,0,14.51,19.1,51.05,0.92,0.31
302397,50.78,50.8,302110,302110,0.0,49.07,50.31,1,0,14.51,19.11,51.05,0.92,0.31
302904,50.72,50.8,302110,302110,0.0,49.07,50.31,1,0,13.84,19.11,51.05,0.92,0.31
303411,50.72,50.75,303110,303110,0.0,49.07,50.31,1,1,13.84,19.07,51.05,0.92,0.31
303918,50.64,50.75,303110,303110,0.0,49.07,50.31,1,1,14.34,19.07,51.05,0.92,0.31
304426,50.64,50.67,304110,304110,0.0,49.07,50.31,1,1,14.34,19.06,51.05,0.92,0.31
304934,50.72,50.67,304110,304110,0.0,49.07,50.31,1,1,14.6,19.06,51.05,0.92,0.31
305441,50.72,50.7,305110,305110,0.02,49.07,50.31,1,1,14.6,19.09,51.05,0.92,0.31
305948,50.72,50.7,305110,305110,0.02,49.07,50.31,1,1,14.6,19.09,51.05,0.92,0.31
306455,50.64,50.66,306110,306110,0.0,49.07,50.31,1,1,15.27,19.05,51.05,0.92,0.31
306962,50.64,50.66,306110,306110,0.0,49.07,50.31,1,1,15.27,19.05,51.05,0.92,0.31
307469,49.94,50.64,307110,307110,0.0,49.07,50.31,1,1,15.88,19.05,51.05,0.92,0.31
307976,49.94,50.64,307110,307110,0.0,49.07,50.31,1,1,15.88,19.05,51.05,0.92,0.31
308483,49.2,50.17,308110,308110,0.0,49.07,50.31,0,0,15.99,18.76,51.05,0.92,0.31
308990,49.2,50.17,308110,308110,0.0,49.07,50.31,0,0,15.99,18.76,51.05,0.92,0.31
309497,48.57,49.52,309110,309110,0.0,49.28,50.31,0,0,16.1,18.55,49.52,0.71,0.31
310004,48.57,49.52,309110,309110,0.0,49.28,50.31,0,0,16.1,18.55,49.52,0.71,0.31
310512,48.57,48.88,310110,310110,0.0,49.28,50.31,0,0,16.1,18.3,48.88,0.71,0.31
311020,48.57,48.88,310110,310110,0.0,49.28,50.31,0,0,16.1,18.3,48.88,0.71,0.31
311527,47.74,48.12,311110,311110,0.0,49.28,50.31,0,0,15.34,18.02,48.12,0.71,0.31
312034,47.74,48.12,311110,311110,0.0,49.28,50.31,0,0,15.34,18.02,48.12,0.71,0.31
312541,47.48,47.87,312110,312110,0.0,49.28,50.31,0,0,15.47,18.02,47.87,0.71,0.31
313048,47.48,47.87,312110,312110,0.0,49.28,50.31,0,0,15.47,18.02,47.87,0.71,0.31
313557,47.29,47.61,313110,313110,0.0,49.28,50.31,0,0,15.12,17.94,47.61,0.71,0.31
314065,47.29,47.61,313110,313110,0.0,49.28,50.31,0,0,15.12,17.94,47.61,0.71,0.31
314572,47.29,47.39,314110,314110,0.0,49.28,50.31,0,0,15.12,17.87,47.39,0.71,0.31
315079,47.29,47.39,314110,314110,0.0,49.28,50.31,0,0,15.12,17.87,47.39,0.71,0.31
315586,47.19,47.32,315110,315110,0.0,49.28,50.31,0,0,15.16,17.87,47.32,0.71,0.31
316093,47.19,47.32,315110,315110,0.0,49.28,50.31,0,0,15.16,17.87,47.32,0.71,0.31
316601,47.15,47.23,316110,316110,0.0,49.28,50.31,0,0,15.06,17.83,47.23,0.71,0.31
317109,47.15,47.23,316110,316110,0.0,49.28,50.31,0,0,15.06,17.83,47.23,0.71,0.31
317616,47.15,47.18,317116,317116,0.0,49.28,50.31,0,0,15.06,17.81,47.18,0.71,0.31
318123,47.23,47.21,318117,318117,0.03,49.28,50.31,0,0,15.01,17.83,47.18,0.71,0.31
318630,47.23,47.21,318117,318117,0.03,49.28,50.31,0,0,15.01,17.83,47.18,0.71,0.31
319137,47.23,47.22,319117,319117,0.01,49.28,50.31,0,0,15.01,17.83,47.18,0.71,0.31
319644,47.19,47.22,319117,319117,0.01,49.28,50.31,0,0,15.36,17.83,47.18,0.71,0.31
320151,47.19,47.2,320117,320117,0.0,49.28,50.31,0,0,15.36,17.81,47.18,0.71,0.31
320658,47.19,47.2,320117,320117,0.0,49.28,50.31,0,0,15.36,17.81,47.18,0.71,0.31
321165,47.19,47.19,321117,321117,0.0,49.28,50.31,0,0,15.36,17.81,47.18,0.71,0.31
321672,47.18,47.19,321117,321117,0.0,49.28,50.31,0,0,15.08,17.81,47.18,0.71,0.31
322179,47.18,47.18,322117,322117,0.0,49.28,50.31,0,0,15.08,17.82,47.18,0.71,0.31
322686,47.22,47.18,322117,322117,0.0,49.28,50.31,0,0,15.49,17.82,47.18,0.71,0.31
323193,47.22,47.21,323117,323117,0.02,49.28,50.31,0,0,15.49,17.84,47.18,0.71,0.31
323700,47.2,47.21,323117,323117,0.02,49.28,50.31,0,0,15.75,17.84,47.18,0.71,0.31
324207,47.2,47.2,324117,324117,0.0,49.28,50.31,0,0,15.75,17.83,47.18,0.71,0.31
324714,47.2,47.2,324117,324117,0.0,49.28,50.31,0,0,15.75,17.83,47.18,0.71,0.31
325221,47.22,47.21,325117,325117,0.0,49.28,50.31,0,0,15.84,17.84,47.18,0.71,0.31
325729,47.22,47.21,325117,325117,0.0,49.28,50.31,0,0,15.84,17.84,47.18,0.71,0.31
326237,47.3,47.27,326128,326128,0.05,49.28,50.31,0,0,16.01,17.87,47.18,0.71,0.31
326744,47.3,47.27,326128,326128,0.05,49.28,50.31,0,0,16.01,17.87,47.18,0.71,0.31
327251,47.3,47.29,327129,327129,0.01,49.28,50.31,0,0,16.01,17.87,47.18,0.71,0.31
327758,47.33,47.29,327129,327129,0.01,49.28,50.31,0,0,16.42,17.87,47.18,0.71,0.31
328265,47.33,47.31,328129,328129,0.02,49.28,50.31,0,0,16.42,17.89,47.18,0.71,0.31
328772,47.33,47.31,328129,328129,0.02,49.28,50.31,0,0,16.42,17.89,47.18,0.71,0.31
329279,47.42,47.39,329129,329129,0.07,49.28,50.31,0,0,16.42,17.91,47.18,0.71,0.31
329786,47.42,47.39,329129,329129,0.07,49.28,50.31,0,0,16.42,17.91,47.18,0.71,0.31
330293,47.47,47.44,330143,330143,0.05,49.28,50.31,0,0,16.61,17.92,47.18,0.71,0.31
330800,47.47,47.44,330143,330143,0.05,49.28,50.31,0,0,16.61,17.92,47.18,0.71,0.31
331307,47.59,47.46,331144,331144,0.01,49.28,50.31,0,0,16.59,17.92,47.18,0.71,0.31
331814,47.59,47.46,331144,331144,0.01,49.28,50.31,0,0,16.59,17.92,47.18,0.71,0.31
332321,47.59,47.55,332144,332144,0.08,49.28,50.31,0,0,16.59,17.96,47.18,0.71,0.31
332828,47.66,47.55,332144,332144,0.08,49.28,50.31,0,0,16.76,17.96,47.18,0.71,0.31
333335,47.66,47.63,333144,333144,0.07,49.28,50.31,0,0,16.76,18.0,47.18,0.71,0.31
333842,47.73,47.63,333144,333144,0.07,49.28,50.31,0,0,16.83,18.0,47.18,0.71,0.31
334349,47.73,47.7,334144,334144,0.06,49.28,50.31,0,0,16.83,18.01,47.18,0.71,0.31
334856,47.78,47.7,334144,334144,0.06,49.28,50.31,0,0,16.98,18.01,47.18,0.71,0.31
335363,47.78,47.75,335144,335144,0.05,49.28,50.31,0,0,16.98,18.03,47.18,0.71,0.31
335870,47.84,47.75,335144,335144,0.05,49.28,50.31,0,0,17.11,18.03,47.18,0.71,0.31
336377,47.84,47.81,336144,336144,0.05,49.28,50.31,0,0,17.11,18.05,47.18,0.71,0.31
336884,47.84,47.81,336144,336144,0.05,49.28,50.31,0,0,17.11,18.05,47.18,0.71,0.31
337391,47.88,47.85,337144,337144,0.04,49.28,50.31,0,0,17.26,18.06,47.18,0.71,0.31
337898,47.88,47.85,337144,337144,0.04,49.28,50.31,0,0,17.26,18.06,47.18,0.71,0.31
338406,47.92,47.9,338144,338144,0.04,49.28,50.31,0,0,17.56,18.09,47.18,0.71,0.31
338913,47.92,47.9,338144,338144,0.04,49.28,50.31,0,0,17.56,18.09,47.18,0.71,0.31
339420,47.98,47.91,339144,339144,0.01,49.28,50.31,0,0,17.88,18.09,47.18,0.71,0.31
339927,47.98,47.91,339144,339144,0.01,49.28,50.31,0,0,17.88,18.09,47.18,0.71,0.31
340434,47.98,47.96,340144,340144,0.04,49.28,50.31,0,0,17.88,18.14,47.18,0.71,0.31
340941,47.99,47.96,340144,340144,0.04,49.28,50.31,0,0,17.69,18.14,47.18,0.71,0.31
341448,47.99,47.98,341146,341146,0.02,49.28,50.31,0,0,17.69,18.11,47.18,0.71,0.31
341955,48.02,47.98,341146,341146,0.02,49.28,50.31,0,0,17.58,18.11,47.18,0.71,0.31
342462,48.02,48.0,342146,342146,0.02,49.28,50.31,0,0,17.58,18.14,47.18,0.71,0.31
342969,48.03,48.0,342146,342146,0.02,49.28,50.31,0,0,17.99,18.14,47.18,0.71,0.31
343476,48.03,48.02,343146,343146,0.01,49.28,50.31,0,0,17.99,18.15,47.18,0.71,0.31
343984,48.03,48.02,343146,343146,0.01,49.28,50.31,0,0,17.99,18.15,47.18,0.71,0.31
344492,48.03,48.03,344146,344146,0.0,49.28,50.31,0,0,17.99,18.15,47.18,0.71,0.31
344999,48.09,48.03,344146,344146,0.0,49.28,50.31,0,0,18.38,18.15,47.18,0.71,0.31
345506,48.09,48.07,345146,345146,0.04,49.28,50.31,0,0,18.38,18.15,47.18,0.71,0.31
346013,48.16,48.07,345146,345146,0.04,49.28,50.31,0,0,18.44,18.15,47.18,0.71,0.31
346520,48.16,48.13,346146,346146,0.06,49.28,50.31,0,0,18.44,18.17,47.18,0.71,0.31
347027,48.23,48.13,346146,346146,0.06,49.28,50.31,0,0,18.6,18.17,47.18,0.71,0.31
347534,48.23,48.2,347146,347146,0.06,49.28,50.31,0,0,18.6,18.19,47.18,0.71,0.31
348041,48.23,48.2,347146,347146,0.06,49.28,50.31,0,0,18.6,18.19,47.18,0.71,0.31
348548,48.23,48.22,348146,348146,0.02,49.28,50.31,0,0,18.6,18.19,47.18,0.71,0.31
349055,48.2,48.22,348146,348146,0.02,49.28,50.31,0,0,18.64,18.19,47.18,0.71,0.31
349562,48.2,48.21,349146,349146,0.0,49.28,50.31,0,0,18.64,18.2,47.18,0.71,0.31
350069,48.32,48.21,349146,349146,0.0,49.28,50.31,0,0,18.85,18.2,47.18,0.71,0.31
350576,48.32,48.28,350146,350146,0.07,49.28,50.31,0,0,18.85,18.26,47.18,0.71,0.31
351083,48.32,48.28,350146,350146,0.07,49.28,50.31,0,0,18.85,18.26,47.18,0.71,0.31
351590,48.35,48.3,351146,351146,0.02,49.28,50.31,0,0,19.07,18.26,47.18,0.71,0.31
352097,48.35,48.3,351146,351146,0.02,49.28,50.31,0,0,19.07,18.26,47.18,0.71,0.31
352604,48.35,48.34,352146,352146,0.03,49.28,50.31,0,0,19.07,18.26,47.18,0.71,0.31
353111,48.39,48.34,352146,352146,0.03,49.28,50.31,0,0,19.22,18.26,47.18,0.71,0.31
353618,48.39,48.37,353146,353146,0.03,49.28,50.31,0,0,19.22,18.26,47.18,0.71,0.31
354125,48.39,48.37,353146,353146,0.03,49.28,50.31,0,0,19.22,18.26,47.18,0.71,0.31
354632,48.5,48.39,354146,354146,0.01,49.28,50.31,0,0,19.33,18.26,47.18,0.71,0.31
355139,48.5,48.39,354146,354146,0.01,49.28,50.31,0,0,19.33,18.26,47.18,0.71,0.31
355646,48.54,48.46,355146,355146,0.07,49.28,50.31,0,0,19.31,18.31,47.18,0.71,0.31
356154,48.54,48.51,356147,356147,0.05,49.28,50.31,0,0,19.31,18.31,47.18,0.71,0.31
356661,48.54,48.51,356147,356147,0.05,49.28,50.31,0,0,19.31,18.31,47.18,0.71,0.31
357168,48.54,48.53,357147,357147,0.01,49.28,50.31,0,0,19.31,18.31,47.18,0.71,0.31
357675,48.62,48.53,357147,357147,0.01,49.28,50.31,0,0,19.63,18.31,47.18,0.71,0.31
358182,48.62,48.59,358147,358147,0.06,49.28,50.31,0,0,19.63,18.35,47.18,0.71,0.31
358689,48.66,48.59,358147,358147,0.06,49.28,50.31,0,0,19.78,18.35,47.18,0.71,0.31
359196,48.66,48.64,359147,359147,0.04,49.28,50.31,0,0,19.78,18.36,47.18,0.71,0.31
359703,48.69,48.64,359147,359147,0.04,49.28,50.31,0,0,19.65,18.36,47.18,0.71,0.31
360210,48.69,48.67,360147,360147,0.03,49.28,50.31,0,0,19.65,18.37,47.18,0.71,0.31
360717,48.76,48.67,360147,360147,0.03,49.28,50.31,0,0,19.87,18.37,47.18,0.71,0.31
361224,48.76,48.73,361147,361147,0.05,49.28,50.31,0,0,19.87,18.39,47.18,0.71,0.31
361731,48.83,48.73,361147,361147,0.05,49.28,50.31,0,0,20.19,18.39,47.18,0.71,0.31
362238,48.83,48.8,362147,362147,0.06,49.28,50.31,0,0,20.19,18.41,47.18,0.71,0.31
362745,48.83,48.8,362147,362147,0.06,49.28,50.31,0,0,20.19,18.41,47.18,0.71,0.31
363252,48.92,48.82,363147,363147,0.02,49.28,50.31,0,0,20.04,18.41,47.18,0.71,0.31
363759,48.92,48.82,363147,363147,0.02,49.28,50.31,0,0,20.04,18.41,47.18,0.71,0.31
364266,48.92,48.89,364147,364147,0.07,49.28,50.31,0,0,20.04,18.46,47.18,0.71,0.31
364773,48.92,48.89,364147,364147,0.07,49.28,50.31,0,0,20.04,18.46,47.18,0.71,0.31
365280,48.92,48.91,365147,365147,0.02,49.28,50.31,0,0,20.04,18.46,47.18,0.71,0.31
365787,48.92,48.91,365147,365147,0.02,49.28,50.31,0,0,20.04,18.46,47.18,0.71,0.31
366294,49.05,49.01,366147,366147,0.09,49.28,50.31,0,0,20.08,18.49,47.18,0.71,0.31
366801,49.05,49.01,366147,366147,0.09,49.28,50.31,0,0,20.08,18.49,47.18,0.71,0.31
367308,49.08,49.06,367147,367147,0.05,49.28,50.31,0,0,20.38,18.52,47.18,0.71,0.31
367815,49.08,49.06,367147,367147,0.05,49.28,50.31,0,0,20.38,18.52,47.18,0.71,0.31
368322,49.08,49.07,368147,368147,0.01,49.28,50.31,0,0,20.38,18.52,47.18,0.71,0.31
368829,49.19,49.07,368147,368147,0.01,49.28,50.31,0,0,20.6,18.52,47.18,0.71,0.31
369336,49.19,49.15,369147,369147,0.07,49.28,50.31,0,0,20.6,18.56,47.18,0.71,0.31
369843,49.22,49.15,369147,369147,0.07,49.28,50.31,0,0,20.6,18.56,47.18,0.71,0.31
370350,49.22,49.2,370147,370147,0.04,49.28,50.31,0,0,20.6,18.57,47.18,0.71,0.31
370858,49.3,49.2,370147,370147,0.04,49.28,50.31,0,0,20.73,18.57,47.18,0.71,0.31
371365,49.3,49.26,371147,371147,0.06,49.28,50.31,0,0,20.73,18.58,47.18,0.71,0.31
371872,49.35,49.26,371147,371147,0.06,49.28,50.31,0,0,20.88,18.58,47.18,0.71,0.31
372379,49.35,49.32,372147,372147,0.05,49.28,50.31,1,0,20.88,18.61,47.18,0.71,0.31
372886,49.35,49.32,372147,372147,0.05,49.28,50.31,1,0,20.88,18.61,47.18,0.71,0.31
373393,49.47,49.42,373147,373147,0.1,49.28,50.35,1,0,20.28,18.65,49.42,0.71,0.35
373900,49.47,49.42,373147,373147,0.1,49.28,50.35,1,0,20.28,18.65,49.42,0.71,0.35
374407,49.52,49.46,374147,374147,0.03,49.28,50.35,1,0,20.97,18.65,49.46,0.71,0.35
374914,49.52,49.46,374147,374147,0.03,49.28,50.35,1,0,20.97,18.65,49.46,0.71,0.35
375421,49.52,49.5,375147,375147,0.04,49.28,50.35,1,0,20.97,18.68,49.5,0.71,0.35
375928,49.58,49.5,375147,375147,0.04,49.28,50.35,1,0,21.03,18.68,49.5,0.71,0.35
376436,49.58,49.56,376147,376147,0.05,49.28,50.35,1,0,21.03,18.7,49.56,0.71,0.35
376944,49.58,49.56,376147,376147,0.05,49.28,50.35,1,0,21.03,18.7,49.56,0.71,0.35
377451,49.58,49.57,377147,377147,0.01,49.28,50.35,1,0,21.03,18.7,49.57,0.71,0.35
377958,49.71,49.57,377147,377147,0.01,49.28,50.35,1,0,21.1,18.7,49.57,0.71,0.35
378465,49.71,49.66,378147,378147,0.08,49.28,50.35,1,0,21.1,18.74,49.66,0.71,0.35
378980,49.77,49.66,378147,378147,0.08,49.28,50.35,1,0,20.71,18.74,49.66,0.71,0.35
379488,49.77,49.74,379147,379147,0.07,49.28,50.35,1,0,20.71,18.76,49.74,0.71,0.35
379995,49.77,49.74,379147,379147,0.07,49.28,50.35,1,0,20.71,18.76,49.74,0.71,0.35
380502,49.86,49.76,380147,380147,0.02,49.28,50.35,0,0,20.88,18.76,49.76,0.71,0.35
381009,49.86,49.76,380147,380147,0.02,49.28,50.35,0,0,20.88,18.76,49.76,0.71,0.35
381516,49.86,49.83,381147,381147,0.06,49.42,50.35,0,0,20.88,18.77,49.83,0.57,0.35
382023,49.95,49.83,381147,381147,0.06,49.42,50.35,0,0,20.62,18.77,49.83,0.57,0.35
382530,49.95,49.91,382147,382147,0.08,49.42,50.35,0,0,20.62,18.82,49.83,0.57,0.35
383037,50.07,49.91,382147,382147,0.08,49.42,50.35,0,0,20.66,18.82,49.83,0.57,0.35
383544,50.07,50.02,383147,383147,0.1,49.42,50.35,0,0,20.66,18.85,49.83,0.57,0.35
384051,50.07,50.02,383147,383147,0.1,49.42,50.35,0,0,20.66,18.85,49.83,0.57,0.35
384559,50.15,50.05,384147,384147,0.03,49.42,50.35,0,0,20.53,18.85,49.83,0.57,0.35
385066,50.15,50.05,384147,384147,0.03,49.42,50.35,0,0,20.53,18.85,49.83,0.57,0.35
385574,50.15,50.12,385147,385147,0.06,49.42,50.35,1,0,20.53,18.88,49.83,0.57,0.35
386081,50.15,50.12,385147,385147,0.06,49.42,50.35,1,0,20.53,18.88,49.83,0.57,0.35
386588,50.26,50.21,386147,386147,0.09,49.42,50.3,1,0,20.53,18.9,50.21,0.57,0.3
387095,50.26,50.21,386147,386147,0.09,49.42,50.3,1,0,20.53,18.9,50.21,0.57,0.3
387602,50.35,50.24,387147,387147,0.03,49.42,50.3,1,0,20.49,18.9,50.24,0.57,0.3
388109,50.35,50.24,387147,387147,0.03,49.42,50.3,1,0,20.49,18.9,50.24,0.57,0.3
388616,50.43,50.31,388147,388147,0.07,49.42,50.3,1,0,20.45,18.95,50.31,0.57,0.3
389123,50.43,50.31,388147,388147,0.07,49.42,50.3,1,0,20.45,18.95,50.31,0.57,0.3
389630,50.43,50.39,389147,389147,0.07,49.42,50.3,1,0,20.45,18.96,50.39,0.57,0.3
390137,50.5,50.39,389147,389147,0.07,49.42,50.3,1,0,20.28,18.96,50.39,0.57,0.3
390644,50.5,50.46,390147,390147,0.07,49.42,50.3,1,0,20.28,18.99,50.46,0.57,0.3
391152,50.54,50.52,391147,391147,0.05,49.42,50.3,1,0,20.28,19.03,50.52,0.57,0.3
391659,50.54,50.52,391147,391147,0.05,49.42,50.3,1,0,20.28,19.03,50.52,0.57,0.3
392166,50.54,50.53,392147,392147,0.01,49.42,50.3,1,0,20.28,19.03,50.53,0.57,0.3
392673,50.77,50.53,392147,392147,0.01,49.42,50.3,1,0,20.25,19.03,50.53,0.57,0.3
393180,50.77,50.69,393147,393147,0.15,49.42,50.3,1,0,20.25,19.09,50.69,0.57,0.3
393688,50.77,50.69,393147,393147,0.15,49.42,50.3,1,0,20.25,19.09,50.69,0.57,0.3
394196,50.81,50.77,394147,394147,0.07,49.42,50.3,1,0,20.04,19.09,50.77,0.57,0.3
394703,50.81,50.77,394147,394147,0.07,49.42,50.3,1,0,20.04,19.09,50.77,0.57,0.3
395210,50.89,50.85,395147,395147,0.07,49.42,50.3,1,0,20.02,19.13,50.85,0.57,0.3
395717,50.89,50.85,395147,395147,0.07,49.42,50.3,1,0,20.02,19.13,50.85,0.57,0.3
396236,51.02,50.88,396147,396147,0.02,49.42,50.3,1,0,19.67,19.13,50.88,0.57,0.3
396744,51.02,50.88,396147,396147,0.02,49.42,50.3,1,0,19.67,19.13,50.88,0.57,0.3
397251,51.02,50.97,397147,397147,0.09,49.42,50.3,1,0,19.67,19.18,50.97,0.57,0.3
397758,51.08,50.97,397147,397147,0.09,49.42,50.3,1,0,19.61,19.18,50.97,0.57,0.3
398265,51.08,51.04,398147,398147,0.07,49.42,50.3,1,0,19.61,19.19,51.04,0.57,0.3
398772,51.08,51.04,398147,398147,0.07,49.42,50.3,1,0,19.61,19.19,51.04,0.57,0.3
399279,51.19,51.14,399147,399147,0.09,49.42,50.3,1,0,19.59,19.22,51.14,0.57,0.3
399786,51.19,51.14,399147,399147,0.09,49.42,50.3,1,0,19.59,19.22,51.14,0.57,0.3
400293,51.29,51.24,400147,400147,0.09,49.42,50.3,1,0,19.39,19.29,51.24,0.57,0.3
400800,51.29,51.24,400147,400147,0.09,49.42,50.3,1,0,19.39,19.29,51.24,0.57,0.3
401307,51.33,51.3,401147,401147,0.06,49.42,50.3,1,0,19.18,19.24,51.3,0.57,0.3
401814,51.33,51.3,401147,401147,0.06,49.42,50.3,1,0,19.18,19.24,51.3,0.57,0.3
402321,51.44,51.39,402147,402147,0.09,49.42,50.3,1,0,19.16,19.29,51.39,0.57,0.3
402828,51.44,51.39,402147,402147,0.09,49.42,50.3,1,0,19.16,19.29,51.39,0.57,0.3
403335,51.44,51.42,403147,403147,0.03,49.42,50.3,1,0,19.16,19.29,51.42,0.57,0.3
403842,51.44,51.42,403147,403147,0.03,49.42,50.3,1,0,19.16,19.29,51.42,0.57,0.3
404349,51.57,51.52,404147,404147,0.09,49.42,50.3,1,0,18.81,19.35,51.52,0.57,0.3
404856,51.57,51.52,404147,404147,0.09,49.42,50.3,1,0,18.81,19.35,51.52,0.57,0.3
405363,51.67,51.62,405147,405147,0.1,49.42,50.3,1,0,18.66,19.36,51.62,0.57,0.3
405870,51.67,51.62,405147,405147,0.1,49.42,50.3,1,0,18.66,19.36,51.62,0.57,0.3
406378,51.67,51.65,406148,406148,0.03,49.42,50.3,1,0,18.66,19.36,51.65,0.57,0.3
406885,51.67,51.65,406148,406148,0.03,49.42,50.3,1,0,18.66,19.36,51.65,0.57,0.3
407392,51.67,51.66,407148,407148,0.01,49.42,50.3,1,0,18.66,19.36,51.66,0.57,0.3
407899,51.67,51.66,407148,407148,0.01,49.42,50.3,1,0,18.66,19.36,51.66,0.57,0.3
408406,51.67,51.67,408148,408148,0.0,49.42,50.3,1,0,18.66,19.36,51.67,0.57,0.3
408913,51.67,51.67,408148,408148,0.0,49.42,50.3,1,0,18.66,19.36,51.67,0.57,0.3
409420,51.67,51.67,409148,409148,0.0,49.42,50.3,1,0,18.66,19.36,51.67,0.57,0.3
409927,51.93,51.67,409148,409148,0.0,49.42,50.3,1,0,18.27,19.36,51.67,0.57,0.3
410434,51.93,51.84,410148,410148,0.17,49.42,50.3,1,0,18.27,19.44,51.84,0.57,0.3
410942,51.93,51.84,410148,410148,0.17,49.42,50.3,1,0,18.27,19.44,51.84,0.57,0.3
411450,51.99,51.9,411148,411148,0.05,49.42,50.3,1,0,18.06,19.44,51.9,0.57,0.3
411957,51.99,51.9,411148,411148,0.05,49.42,50.3,1,0,18.06,19.44,51.9,0.57,0.3
412464,52.09,51.96,412148,412148,0.06,49.42,50.3,1,0,17.84,19.49,51.96,0.57,0.3
412971,52.09,51.96,412148,412148,0.06,49.42,50.3,1,0,17.84,19.49,51.96,0.57,0.3
413478,52.11,52.05,413148,413148,0.08,49.42,50.3,1,0,18.27,19.51,52.05,0.57,0.3
413985,52.11,52.05,413148,413148,0.08,49.42,50.3,1,0,18.27,19.51,52.05,0.57,0.3
414492,52.11,52.09,414148,414148,0.04,49.42,50.3,1,0,18.27,19.5,52.09,0.57,0.3
414999,52.18,52.09,414148,414148,0.04,49.42,50.3,1,0,17.45,19.5,52.09,0.57,0.3
415506,52.18,52.15,415148,415148,0.06,49.42,50.3,1,0,17.45,19.56,52.15,0.57,0.3
416013,52.18,52.15,415148,415148,0.06,49.42,50.3,1,0,17.45,19.56,52.15,0.57,0.3
416520,52.23,52.17,416148,416148,0.02,49.42,50.3,1,0,17.37,19.56,52.17,0.57,0.3
417027,52.23,52.17,416148,416148,0.02,49.42,50.3,1,0,17.37,19.56,52.17,0.57,0.3
417534,52.23,52.21,417148,417148,0.03,49.42,50.3,1,0,17.37,19.56,52.21,0.57,0.3
418041,52.23,52.21,417148,417148,0.03,49.42,50.3,1,0,17.37,19.56,52.21,0.57,0.3
418548,52.26,52.22,418149,418149,0.01,49.42,50.3,1,0,17.24,19.56,52.22,0.57,0.3
419055,52.26,52.22,418149,418149,0.01,49.42,50.3,1,0,17.24,19.56,52.22,0.57,0.3
419562,52.26,52.25,419149,419149,0.02,49.42,50.3,1,0,17.24,19.56,52.25,0.57,0.3
420069,52.24,52.25,419149,419149,0.02,49.42,50.3,1,0,17.02,19.56,52.25,0.57,0.3
420576,52.24,52.24,420149,420149,0.0,49.42,50.3,1,0,17.02,19.59,52.25,0.57,0.3
421083,52.25,52.24,420149,420149,0.0,49.42,50.3,1,0,16.87,19.59,52.25,0.57,0.3
421590,52.25,52.25,421149,421149,0.0,49.42,50.3,1,0,16.87,19.55,52.25,0.57,0.3
422098,52.25,52.25,421149,421149,0.0,49.42,50.3,1,0,16.87,19.55,52.25,0.57,0.3
422605,52.26,52.25,422149,422149,0.0,49.42,50.3,1,0,16.61,19.55,52.25,0.57,0.3
423112,52.26,52.25,422149,422149,0.0,49.42,50.3,1,0,16.61,19.55,52.25,0.57,0.3
423619,52.32,52.26,423149,423149,0.0,49.42,50.3,1,0,16.63,19.56,52.26,0.57,0.3
424126,52.32,52.26,423149,423149,0.0,49.42,50.3,1,0,16.63,19.56,52.26,0.57,0.3
424633,52.32,52.3,424149,424149,0.04,49.42,50.3,1,0,16.63,19.6,52.3,0.57,0.3
425140,52.26,52.3,424149,424149,0.04,49.42,50.3,1,0,16.44,19.6,52.3,0.57,0.3
425647,52.26,52.27,425149,425149,0.0,49.42,50.3,1,0,16.44,19.56,52.3,0.57,0.3
426154,52.26,52.27,426149,426149,0.0,49.42,50.3,1,0,16.44,19.56,52.3,0.57,0.3
426661,52.26,52.27,426149,426149,0.0,49.42,50.3,1,0,16.44,19.56,52.3,0.57,0.3
427169,52.26,52.27,427149,427149,0.0,49.42,50.3,1,0,16.44,19.57,52.3,0.57,0.3
427677,52.26,52.27,427149,427149,0.0,49.42,50.3,1,0,16.44,19.57,52.3,0.57,0.3
428184,52.26,52.26,428149,428149,0.0,49.42,50.3,1,0,16.44,19.57,52.3,0.57,0.3
428691,52.24,52.26,428149,428149,0.0,49.42,50.3,1,0,16.18,19.57,52.3,0.57,0.3
429198,52.24,52.25,429149,429149,0.0,49.42,50.3,1,0,16.18,19.56,52.3,0.57,0.3
429705,52.24,52.25,429149,429149,0.0,49.42,50.3,1,0,16.18,19.56,52.3,0.57,0.3
430212,52.16,52.19,430149,430149,0.0,49.42,50.3,1,0,15.92,19.55,52.3,0.57,0.3
430719,52.16,52.19,430149,430149,0.0,49.42,50.3,1,0,15.92,19.55,52.3,0.57,0.3
431226,52.16,52.17,431149,431149,0.0,49.42,50.3,1,0,15.92,19.55,52.3,0.57,0.3
431733,52.16,52.17,431149,431149,0.0,49.42,50.3,1,0,15.92,19.55,52.3,0.57,0.3
432240,52.16,52.16,432150,432150,0.0,49.42,50.3,1,0,15.86,19.54,52.3,0.57,0.3
432747,52.16,52.16,432150,432150,0.0,49.42,50.3,1,0,15.86,19.54,52.3,0.57,0.3
433254,52.16,52.16,433151,433151,0.0,49.42,50.3,1,0,15.86,19.54,52.3,0.57,0.3
433761,52.06,52.16,433151,433151,0.0,49.42,50.3,1,0,15.51,19.54,52.3,0.57,0.3
434268,52.06,52.1,434151,434151,0.0,49.42,50.3,1,0,15.51,19.52,52.3,0.57,0.3
434775,52.06,52.1,434151,434151,0.0,49.42,50.3,1,0,15.51,19.52,52.3,0.57,0.3
435282,52.03,52.05,435151,435151,0.0,49.42,50.3,1,0,15.36,19.52,52.3,0.57,0.3
435789,52.03,52.05,435151,435151,0.0,49.42,50.3,1,0,15.36,19.52,52.3,0.57,0.3
436296,51.99,52.03,436151,436151,0.0,49.42,50.3,1,0,15.4,19.52,52.3,0.57,0.3
436803,51.99,52.03,436151,436151,0.0,49.42,50.3,1,0,15.4,19.52,52.3,0.57,0.3
437310,51.93,52.01,437151,437151,0.0,49.42,50.3,1,0,15.25,19.47,52.3,0.57,0.3
437817,51.93,52.01,437151,437151,0.0,49.42,50.3,1,0,15.25,19.47,52.3,0.57,0.3
438325,51.93,51.96,438151,438151,0.0,49.42,50.3,1,0,15.25,19.5,52.3,0.57,0.3
438833,51.86,51.96,438151,438151,0.0,49.42,50.3,1,0,15.1,19.5,52.3,0.57,0.3
439340,51.86,51.89,439151,439151,0.0,49.42,50.3,1,0,15.1,19.44,52.3,0.57,0.3
439847,51.86,51.89,439151,439151,0.0,49.42,50.3,1,0,15.1,19.44,52.3,0.57,0.3
440354,51.86,51.87,440151,440151,0.0,49.42,50.3,1,0,15.1,19.44,52.3,0.57,0.3
440861,51.8,51.87,440151,440151,0.0,49.42,50.3,1,0,14.84,19.44,52.3,0.57,0.3
441368,51.8,51.82,441151,441151,0.0,49.42,50.3,1,0,14.84,19.44,52.3,0.57,0.3
441875,51.69,51.82,441151,441151,0.0,49.42,50.3,1,0,14.84,19.44,52.3,0.57,0.3
442382,51.69,51.73,442151,442151,0.0,49.42,50.3,1,0,14.84,19.4,52.3,0.57,0.3
442889,51.69,51.73,442151,442151,0.0,49.42,50.3,1,0,14.84,19.4,52.3,0.57,0.3
443396,51.62,51.7,443151,443151,0.0,49.42,50.3,1,0,15.34,19.4,52.3,0.57,0.3
443905,51.62,51.7,443151,443151,0.0,49.42,50.3,1,0,15.34,19.4,52.3,0.57,0.3
444412,51.62,51.65,444151,444151,0.0,49.42,50.3,1,0,15.34,19.38,52.3,0.57,0.3
444919,51.55,51.65,444151,444151,0.0,49.42,50.3,1,0,14.73,19.38,52.3,0.57,0.3
445426,51.55,51.58,445151,445151,0.0,49.42,50.3,1,0,14.73,19.36,52.3,0.57,0.3
445933,51.48,51.58,445151,445151,0.0,49.42,50.3,1,0,14.69,19.36,52.3,0.57,0.3
446440,51.48,51.52,446151,446151,0.0,49.42,50.3,1,0,14.69,19.31,52.3,0.57,0.3
446947,51.48,51.52,446151,446151,0.0,49.42,50.3,1,0,14.69,19.31,52.3,0.57,0.3
447454,51.46,51.48,447151,447151,0.0,49.42,50.3,1,0,14.62,19.35,52.3,0.57,0.3
447961,51.46,51.48,447151,447151,0.0,49.42,50.3,1,0,14.62,19.35,52.3,0.57,0.3
448468,51.35,51.47,448151,448151,0.0,49.42,50.3,1,0,14.12,19.35,52.3,0.57,0.3
448975,51.35,51.47,448151,448151,0.0,49.42,50.3,1,0,14.12,19.35,52.3,0.57,0.3
449484,51.35,51.39,449151,449151,0.0,49.42,50.3,1,1,14.12,19.3,52.3,0.57,0.3
449992,51.25,51.39,449151,449151,0.0,49.42,50.3,1,1,14.23,19.3,52.3,0.57,0.3
450499,51.25,51.3,450151,450151,0.0,49.42,50.3,1,1,14.23,19.24,52.3,0.57,0.3
451006,51.27,51.3,450151,450151,0.0,49.42,50.3,1,1,14.64,19.24,52.3,0.57,0.3
451513,51.27,51.28,451151,451151,0.0,49.42,50.3,1,1,14.64,19.29,52.3,0.57,0.3
452020,51.27,51.28,451151,451151,0.0,49.42,50.3,1,1,14.64,19.29,52.3,0.57,0.3
452528,50.99,51.28,452151,452151,0.0,49.42,50.3,1,1,15.47,19.29,52.3,0.57,0.3
453036,50.99,51.28,452151,452151,0.0,49.42,50.3,1,1,15.47,19.29,52.3,0.57,0.3
453543,50.99,51.09,453151,453151,0.0,49.42,50.3,1,1,15.47,19.13,52.3,0.57,0.3
454050,50.99,51.09,453151,453151,0.0,49.42,50.3,1,1,15.47,19.13,52.3,0.57,0.3
454557,49.84,51.02,454151,454151,0.0,49.42,50.3,1,1,16.05,19.13,52.3,0.57,0.3
455064,49.84,51.02,454151,454151,0.0,49.42,50.3,1,1,16.05,19.13,52.3,0.57,0.3
455571,49.84,50.23,455151,455151,0.0,49.42,50.3,0,0,16.05,18.75,52.3,0.57,0.3
456078,48.84,50.23,455151,455151,0.0,49.42,50.3,0,0,16.38,18.75,52.3,0.57,0.3
456585,48.84,49.3,456151,456151,0.0,49.61,50.3,0,0,16.38,18.39,49.3,0.38,0.3
457092,48.24,49.3,456151,456151,0.0,49.61,50.3,0,0,16.2,18.39,49.3,0.38,0.3
457599,48.24,48.59,457151,457151,0.0,49.61,50.3,0,0,16.2,18.21,48.59,0.38,0.3
458106,47.72,48.59,457151,457151,0.0,49.61,50.3,0,0,15.86,18.21,48.59,0.38,0.3
458613,47.72,48.01,458151,458151,0.0,49.61,50.3,0,0,15.86,18.02,48.01,0.38,0.3
459120,47.72,48.01,458151,458151,0.0,49.61,50.3,0,0,15.86,18.02,48.01,0.38,0.3
459627,47.45,47.81,459151,459151,0.0,49.61,50.3,0,0,15.53,18.02,47.81,0.38,0.3
460134,47.45,47.81,459151,459151,0.0,49.61,50.3,0,0,15.53,18.02,47.81,0.38,0.3
460641,47.45,47.57,460151,460151,0.0,49.61,50.3,0,0,15.53,17.91,47.57,0.38,0.3
461148,47.22,47.57,460151,460151,0.0,49.61,50.3,0,0,15.27,17.91,47.57,0.38,0.3
461655,47.22,47.33,461159,461159,0.0,49.61,50.3,0,0,15.27,17.83,47.33,0.38,0.3
462162,47.16,47.22,462160,462160,0.0,49.61,50.3,0,0,15.38,17.8,47.22,0.38,0.3
462669,47.16,47.22,462160,462160,0.0,49.61,50.3,0,0,15.38,17.8,47.22,0.38,0.3
463176,47.11,47.14,463160,463160,0.0,49.61,50.3,0,0,15.21,17.77,47.14,0.38,0.3
463683,47.11,47.14,463160,463160,0.0,49.61,50.3,0,0,15.21,17.77,47.14,0.38,0.3
464191,47.11,47.12,464160,464160,0.0,49.61,50.3,0,0,15.21,17.77,47.12,0.38,0.3
464699,47.11,47.12,464160,464160,0.0,49.61,50.3,0,0,15.21,17.77,47.12,0.38,0.3
465206,46.96,47.01,465160,465160,0.0,49.61,50.3,0,0,15.21,17.73,47.01,0.38,0.3
465713,46.96,47.01,465160,465160,0.0,49.61,50.3,0,0,15.21,17.73,47.01,0.38,0.3
466220,46.95,46.97,466160,466160,0.0,49.61,50.3,0,0,15.34,17.73,46.97,0.38,0.3
466727,46.95,46.97,466160,466160,0.0,49.61,50.3,0,0,15.34,17.73,46.97,0.38,0.3
467234,46.95,46.95,467160,467160,0.0,49.61,50.3,0,0,15.34,17.73,46.95,0.38,0.3
467741,46.95,46.95,467160,467160,0.0,49.61,50.3,0,0,15.34,17.73,46.95,0.38,0.3
468248,46.95,46.95,468160,468160,0.0,49.61,50.3,0,0,15.34,17.73,46.95,0.38,0.3
468755,46.95,46.95,468160,468160,0.0,49.61,50.3,0,0,15.68,17.73,46.95,0.38,0.3
469262,46.95,46.95,469160,469160,0.0,49.61,50.3,0,0,15.68,17.71,46.95,0.38,0.3
469769,46.95,46.95,469160,469160,0.0,49.61,50.3,0,0,15.68,17.71,46.95,0.38,0.3
470276,46.97,46.95,470160,470160,0.0,49.61,50.3,0,0,15.58,17.71,46.95,0.38,0.3
470783,46.97,46.95,470160,470160,0.0,49.61,50.3,0,0,15.58,17.71,46.95,0.38,0.3
471290,46.97,46.97,471160,471160,0.01,49.61,50.3,0,0,15.58,17.75,46.95,0.38,0.3
471797,47.01,46.97,471160,471160,0.01,49.61,50.3,0,0,15.97,17.75,46.95,0.38,0.3
472305,47.01,47.0,472160,472160,0.03,49.61,50.3,0,0,15.97,17.75,46.95,0.38,0.3
472813,47.04,47.0,472160,472160,0.03,49.61,50.3,0,0,15.97,17.75,46.95,0.38,0.3
473320,47.04,47.03,473160,473160,0.02,49.61,50.3,0,0,15.97,17.77,46.95,0.38,0.3
473827,47.04,47.03,473160,473160,0.02,49.61,50.3,0,0,15.97,17.77,46.95,0.38,0.3
474334,47.11,47.08,474160,474160,0.05,49.61,50.3,0,0,16.16,17.78,46.95,0.38,0.3
474841,47.11,47.08,474160,474160,0.05,49.61,50.3,0,0,16.16,17.78,46.95,0.38,0.3
475348,47.12,47.11,475161,475161,0.02,49.61,50.3,0,0,16.27,17.8,46.95,0.38,0.3
475855,47.12,47.11,475161,475161,0.02,49.61,50.3,0,0,16.27,17.8,46.95,0.38,0.3
476362,47.12,47.12,476162,476162,0.0,49.61,50.3,0,0,16.27,17.8,46.95,0.38,0.3
476869,47.12,47.12,476162,476162,0.0,49.61,50.3,0,0,16.27,17.8,46.95,0.38,0.3
477376,47.12,47.12,477162,477162,0.0,49.61,50.3,0,0,16.27,17.8,46.95,0.38,0.3
477883,47.27,47.12,477162,477162,0.0,49.61,50.3,0,0,16.57,17.8,46.95,0.38,0.3
478390,47.27,47.22,478162,478162,0.1,49.61,50.3,0,0,16.57,17.86,46.95,0.38,0.3
478897,47.27,47.22,478162,478162,0.1,49.61,50.3,0,0,16.57,17.86,46.95,0.38,0.3
479404,47.27,47.26,479162,479162,0.03,49.61,50.3,0,0,16.57,17.86,46.95,0.38,0.3
479911,47.36,47.26,479162,479162,0.03,49.61,50.3,0,0,16.81,17.86,46.95,0.38,0.3
480418,47.36,47.32,480162,480162,0.06,49.61,50.3,0,0,16.81,17.92,46.95,0.38,0.3
480925,47.36,47.32,480162,480162,0.06,49.61,50.3,0,0,16.81,17.92,46.95,0.38,0.3
481432,47.36,47.35,481162,481162,0.02,49.61,50.3,0,0,16.81,17.92,46.95,0.38,0.3
481939,47.36,47.35,481162,481162,0.02,49.61,50.3,0,0,16.81,17.92,46.95,0.38,0.3
482446,47.51,47.46,482162,482162,0.11,49.61,50.3,0,0,17.0,17.92,46.95,0.38,0.3
482953,47.51,47.46,482162,482162,0.11,49.61,50.3,0,0,17.0,17.92,46.95,0.38,0.3
483460,47.5,47.49,483162,483162,0.03,49.61,50.3,0,0,17.26,17.95,46.95,0.38,0.3
483967,47.5,47.49,483162,483162,0.03,49.61,50.3,0,0,17.26,17.95,46.95,0.38,0.3
484474,47.57,47.5,484162,484162,0.01,49.61,50.3,0,0,17.54,17.95,46.95,0.38,0.3
484981,47.57,47.5,484162,484162,0.01,49.61,50.3,0,0,17.54,17.95,46.95,0.38,0.3
485488,47.57,47.55,485162,485162,0.04,49.61,50.3,0,0,17.54,17.96,46.95,0.38,0.3
485995,47.59,47.55,485162,485162,0.04,49.61,50.3,0,0,17.67,17.96,46.95,0.38,0.3
486503,47.59,47.58,486162,486162,0.03,49.61,50.3,0,0,17.67,17.96,46.95,0.38,0.3
487011,47.61,47.58,486162,486162,0.03,49.61,50.3,0,0,17.63,17.96,46.95,0.38,0.3
487518,47.61,47.6,487162,487162,0.02,49.61,50.3,0,0,17.63,17.99,46.95,0.38,0.3
488025,47.64,47.6,487162,487162,0.02,49.61,50.3,0,0,17.84,17.99,46.95,0.38,0.3
488532,47.64,47.63,488162,488162,0.02,49.61,50.3,0,0,17.84,18.0,46.95,0.38,0.3
489039,47.64,47.63,488162,488162,0.02,49.61,50.3,0,0,17.84,18.0,46.95,0.38,0.3
489546,47.68,47.66,489166,489166,0.03,49.61,50.3,0,0,17.91,18.02,46.95,0.38,0.3
490053,47.68,47.66,489166,489166,0.03,49.61,50.3,0,0,17.91,18.02,46.95,0.38,0.3
490560,47.68,47.67,490166,490166,0.01,49.61,50.3,0,0,17.91,18.02,46.95,0.38,0.3
491067,47.72,47.67,490166,490166,0.01,49.61,50.3,0,0,18.23,18.02,46.95,0.38,0.3
491574,47.72,47.71,491166,491166,0.03,49.61,50.3,0,0,18.23,18.04,46.95,0.38,0.3
492081,47.77,47.71,491166,491166,0.03,49.61,50.3,0,0,18.42,18.04,46.95,0.38,0.3
492590,47.77,47.75,492166,492166,0.04,49.61,50.3,0,0,18.42,18.06,46.95,0.38,0.3
493097,47.77,47.75,492166,492166,0.04,49.61,50.3,0,0,18.42,18.06,46.95,0.38,0.3
493604,47.84,47.77,493169,493169,0.01,49.61,50.3,0,0,18.57,18.06,46.95,0.38,0.3
494111,47.84,47.77,493169,493169,0.01,49.61,50.3,0,0,18.57,18.06,46.95,0.38,0.3
494618,47.84,47.82,494170,494170,0.05,49.61,50.3,0,0,18.57,18.09,46.95,0.38,0.3
495125,47.84,47.82,494170,494170,0.05,49.61,50.3,0,0,18.57,18.09,46.95,0.38,0.3
495632,47.84,47.83,495170,495170,0.01,49.61,50.3,0,0,18.57,18.08,46.95,0.38,0.3
496139,47.93,47.83,495170,495170,0.01,49.61,50.3,0,0,18.83,18.08,46.95,0.38,0.3
496646,47.93,47.9,496170,496170,0.06,49.61,50.3,0,0,18.83,18.13,46.95,0.38,0.3
497153,47.93,47.9,496170,496170,0.06,49.61,50.3,0,0,18.83,18.13,46.95,0.38,0.3
497660,47.98,47.92,497170,497170,0.01,49.61,50.3,0,0,18.9,18.13,46.95,0.38,0.3
498171,47.98,47.96,498171,498171,0.04,49.61,50.3,0,0,18.9,18.14,46.95,0.38,0.3
498679,47.96,47.96,498171,498171,0.04,49.61,50.3,0,0,18.96,18.14,46.95,0.38,0.3
499186,47.96,47.96,499171,499171,0.0,49.61,50.3,0,0,18.96,18.1,46.95,0.38,0.3
499693,48.03,47.96,499171,499171,0.0,49.61,50.3,0,0,19.09,18.1,46.95,0.38,0.3
500200,48.03,48.01,500171,500171,0.04,49.61,50.3,0,0,19.09,18.15,46.95,0.38,0.3
500707,48.03,48.01,500171,500171,0.04,49.61,50.3,0,0,19.09,18.15,46.95,0.38,0.3
501214,48.03,48.02,501171,501171,0.01,49.61,50.3,0,0,19.09,18.15,46.95,0.38,0.3
501721,48.13,48.02,501171,501171,0.01,49.61,50.3,0,0,19.39,18.15,46.95,0.38,0.3
502228,48.13,48.09,502171,502171,0.06,49.61,50.3,0,0,19.39,18.2,46.95,0.38,0.3
502735,48.13,48.09,502171,502171,0.06,49.61,50.3,0,0,19.39,18.2,46.95,0.38,0.3
503242,48.17,48.14,503171,503171,0.05,49.61,50.3,0,0,19.44,18.2,46.95,0.38,0.3
503750,48.17,48.14,503171,503171,0.05,49.61,50.3,0,0,19.44,18.2,46.95,0.38,0.3
504258,48.24,48.21,504171,504171,0.06,49.61,50.3,0,0,19.48,18.21,46.95,0.38,0.3
504765,48.24,48.21,504171,504171,0.06,49.61,50.3,0,0,19.48,18.21,46.95,0.38,0.3
505272,48.26,48.24,505171,505171,0.03,49.61,50.3,0,0,19.8,18.23,46.95,0.38,0.3
505779,48.26,48.24,505171,505171,0.03,49.61,50.3,0,0,19.8,18.23,46.95,0.38,0.3
506286,48.26,48.25,506171,506171,0.01,49.61,50.3,0,0,19.8,18.23,46.95,0.38,0.3
506793,48.26,48.25,506171,506171,0.01,49.61,50.3,0,0,19.72,18.23,46.95,0.38,0.3
507300,48.26,48.26,507171,507171,0.0,49.61,50.3,0,0,19.72,18.24,46.95,0.38,0.3
507807,48.33,48.26,507171,507171,0.0,49.61,50.3,0,0,20.12,18.24,46.95,0.38,0.3
508314,48.33,48.31,508171,508171,0.04,49.61,50.3,0,0,20.12,18.25,46.95,0.38,0.3
508821,48.33,48.31,508171,508171,0.04,49.61,50.3,0,0,20.12,18.25,46.95,0.38,0.3
509328,48.41,48.38,509171,509171,0.07,49.61,50.3,0,0,20.02,18.32,46.95,0.38,0.3
509836,48.41,48.38,509171,509171,0.07,49.61,50.3,0,0,20.02,18.32,46.95,0.38,0.3
510344,48.48,48.4,510171,510171,0.02,49.61,50.3,0,0,20.08,18.32,46.95,0.38,0.3
510851,48.48,48.4,510171,510171,0.02,49.61,50.3,0,0,20.08,18.32,46.95,0.38,0.3
511358,48.48,48.45,511171,511171,0.05,49.61,50.3,0,0,20.08,18.34,46.95,0.38,0.3
511865,48.48,48.45,511171,511171,0.05,49.61,50.3,0,0,20.08,18.34,46.95,0.38,0.3
512372,48.56,48.52,512186,512186,0.06,49.61,50.3,0,0,20.02,18.34,46.95,0.38,0.3
512879,48.56,48.52,512186,512186,0.06,49.61,50.3,0,0,20.02,18.34,46.95,0.38,0.3
513386,48.56,48.55,513187,513187,0.02,49.61,50.3,0,0,20.02,18.34,46.95,0.38,0.3
513893,48.56,48.55,513187,513187,0.02,49.61,50.3,0,0,20.02,18.34,46.95,0.38,0.3
514400,48.56,48.55,514187,514187,0.0,49.61,50.3,0,0,20.02,18.34,46.95,0.38,0.3
514907,48.7,48.55,514187,514187,0.0,49.61,50.3,0,0,20.53,18.34,46.95,0.38,0.3
515414,48.7,48.65,515187,515187,0.09,49.61,50.3,0,0,20.53,18.41,46.95,0.38,0.3
515921,48.7,48.65,515187,515187,0.09,49.61,50.3,0,0,20.53,18.41,46.95,0.38,0.3
516428,48.79,48.74,516187,516187,0.09,49.61,50.3,0,0,20.64,18.43,46.95,0.38,0.3
516935,48.79,48.74,516187,516187,0.09,49.61,50.3,0,0,20.64,18.43,46.95,0.38,0.3
517442,48.79,48.77,517187,517187,0.03,49.61,50.3,0,0,20.64,18.43,46.95,0.38,0.3
517949,48.83,48.77,517187,517187,0.03,49.61,50.3,0,0,20.94,18.43,46.95,0.38,0.3
518456,48.83,48.81,518187,518187,0.03,49.61,50.3,0,0,20.94,18.43,46.95,0.38,0.3
518963,48.83,48.81,518187,518187,0.03,49.61,50.3,0,0,20.94,18.43,46.95,0.38,0.3
519470,48.83,48.82,519187,519187,0.01,49.61,50.3,0,0,20.94,18.43,46.95,0.38,0.3
519977,48.96,48.82,519187,519187,0.01,49.61,50.3,0,0,20.94,18.43,46.95,0.38,0.3
520484,48.96,48.91,520187,520187,0.09,49.61,50.3,0,0,20.94,18.47,46.95,0.38,0.3
520991,48.96,48.91,520187,520187,0.09,49.61,50.3,0,0,20.94,18.47,46.95,0.38,0.3
521498,49.02,48.95,521187,521187,0.03,49.61,50.3,0,0,21.14,18.47,46.95,0.38,0.3
522005,49.02,48.95,521187,521187,0.03,49.61,50.3,0,0,21.14,18.47,46.95,0.38,0.3
522512,49.02,48.99,522187,522187,0.04,49.61,50.3,0,0,21.14,18.5,46.95,0.38,0.3
523019,49.12,48.99,522187,522187,0.04,49.61,50.3,0,0,20.94,18.5,46.95,0.38,0.3
523526,49.12,49.08,523187,523187,0.08,49.61,50.3,0,0,20.94,18.54,46.95,0.38,0.3
524034,49.12,49.08,523187,523187,0.08,49.61,50.3,0,0,20.94,18.54,46.95,0.38,0.3
524541,49.12,49.11,524187,524187,0.02,49.61,50.3,0,0,20.94,18.54,46.95,0.38,0.3
525048,49.27,49.11,524187,524187,0.02,49.61,50.3,0,0,21.38,18.54,46.95,0.38,0.3
525555,49.27,49.22,525187,525187,0.1,49.61,50.3,0,0,21.38,18.58,46.95,0.38,0.3
526062,49.3,49.22,525187,525187,0.1,49.61,50.3,0,0,21.4,18.58,46.95,0.38,0.3
526570,49.3,49.27,526187,526187,0.05,49.61,50.3,0,0,21.4,18.59,46.95,0.38,0.3
527077,49.37,49.27,526187,526187,0.05,49.61,50.3,0,0,21.48,18.59,46.95,0.38,0.3
527584,49.37,49.34,527187,527187,0.06,49.61,50.3,0,0,21.48,18.64,46.95,0.38,0.3
528091,49.37,49.34,527187,527187,0.06,49.61,50.3,0,0,21.48,18.64,46.95,0.38,0.3
528598,49.51,49.36,528187,528187,0.02,49.61,50.3,0,0,21.57,18.64,46.95,0.38,0.3
529106,49.51,49.36,528187,528187,0.02,49.61,50.3,0,0,21.57,18.64,46.95,0.38,0.3
529614,49.5,49.46,529187,529187,0.09,49.61,50.3,0,0,21.74,18.69,46.95,0.38,0.3
530121,49.5,49.46,529187,529187,0.09,49.61,50.3,0,0,21.74,18.69,46.95,0.38,0.3
530628,49.5,49.49,530188,530188,0.03,49.61,50.3,0,0,21.74,18.67,46.95,0.38,0.3
531135,49.5,49.49,530188,530188,0.03,49.61,50.3,0,0,21.74,18.67,46.95,0.38,0.3
531642,49.62,49.5,531188,531188,0.01,49.61,50.3,0,0,21.79,18.67,46.95,0.38,0.3
532149,49.62,49.5,531188,531188,0.01,49.61,50.3,0,0,21.79,18.67,46.95,0.38,0.3
532656,49.62,49.58,532188,532188,0.08,49.61,50.3,0,0,21.79,18.7,46.95,0.38,0.3
533163,49.62,49.58,532188,532188,0.08,49.61,50.3,0,0,21.79,18.7,46.95,0.38,0.3
533670,49.78,49.61,533188,533188,0.02,49.61,50.3,0,0,21.94,18.7,46.95,0.38,0.3
534177,49.78,49.61,533188,533188,0.02,49.61,50.3,0,0,21.94,18.7,46.95,0.38,0.3
534684,49.83,49.72,534189,534189,0.11,49.61,50.3,1,0,22.03,18.74,46.95,0.38,0.3
535191,49.83,49.79,535189,535189,0.06,49.61,50.3,1,0,22.03,18.78,49.79,0.38,0.3
535698,49.83,49.79,535189,535189,0.06,49.61,50.3,1,0,22.03,18.78,49.79,0.38,0.3
536205,49.83,49.82,536189,536189,0.02,49.61,50.3,1,0,22.03,18.78,49.82,0.38,0.3
536712,49.96,49.82,536189,536189,0.02,49.61,50.3,1,0,22.13,18.78,49.82,0.38,0.3
537219,49.96,49.91,537189,537189,0.09,49.61,50.3,1,0,22.13,18.83,49.91,0.38,0.3
537726,50.01,49.91,537189,537189,0.09,49.61,50.3,1,0,22.2,18.83,49.91,0.38,0.3
538233,50.01,49.98,538189,538189,0.06,49.61,50.3,1,0,22.2,18.85,49.98,0.38,0.3
538740,50.08,49.98,538189,538189,0.06,49.61,50.3,1,0,22.18,18.85,49.98,0.38,0.3
539247,50.08,50.05,539189,539189,0.06,49.61,50.3,1,0,22.18,18.86,50.05,0.38,0.3
539754,50.08,50.05,539189,539189,0.06,49.61,50.3,1,0,22.18,18.86,50.05,0.38,0.3
540261,50.2,50.15,540189,540189,0.1,49.61,50.3,1,0,21.83,18.9,50.15,0.38,0.3
540769,50.2,50.15,540189,540189,0.1,49.61,50.3,1,0,21.83,18.9,50.15,0.38,0.3
541277,50.23,50.2,541189,541189,0.05,49.61,50.3,1,0,21.96,18.91,50.2,0.38,0.3
541784,50.23,50.2,541189,541189,0.05,49.61,50.3,1,0,21.96,18.91,50.2,0.38,0.3
542291,50.23,50.22,542189,542189,0.01,49.61,50.3,0,0,21.96,18.91,50.22,0.38,0.3
542798,50.23,50.22,542189,542189,0.01,49.61,50.3,0,0,21.96,18.91,50.22,0.38,0.3
543305,50.37,50.32,543189,543189,0.09,49.64,50.3,0,0,21.92,18.96,50.32,0.35,0.3
543812,50.37,50.32,543189,543189,0.09,49.64,50.3,0,0,21.92,18.96,50.32,0.35,0.3
544319,50.37,50.35,544189,544189,0.03,49.64,50.3,0,0,21.92,18.96,50.32,0.35,0.3
544826,50.37,50.35,544189,544189,0.03,49.64,50.3,0,0,21.92,18.96,50.32,0.35,0.3
545333,50.49,50.44,545189,545189,0.09,49.64,50.3,0,0,21.61,19.0,50.32,0.35,0.3
545840,50.49,50.44,545189,545189,0.09,49.64,50.3,0,0,21.61,19.0,50.32,0.35,0.3
546347,50.6,50.55,546189,546189,0.1,49.64,50.3,0,0,21.61,19.05,50.32,0.35,0.3
546854,50.6,50.55,546189,546189,0.1,49.64,50.3,0,0,21.61,19.05,50.32,0.35,0.3
547361,50.66,50.62,547189,547189,0.07,49.64,50.3,1,0,21.61,19.07,50.32,0.35,0.3
547868,50.66,50.62,547189,547189,0.07,49.64,50.3,1,0,21.61,19.07,50.32,0.35,0.3
548375,50.8,50.74,548189,548189,0.11,49.64,50.3,1,0,21.53,19.11,50.74,0.35,0.3
548883,50.8,50.74,548189,548189,0.11,49.64,50.3,1,0,21.53,19.11,50.74,0.35,0.3
549391,50.8,50.78,549189,549189,0.03,49.64,50.3,1,0,21.53,19.11,50.78,0.35,0.3
549898,50.77,50.78,549189,549189,0.03,49.64,50.3,1,0,21.4,19.11,50.78,0.35,0.3
550405,50.77,50.77,550189,550189,0.0,49.64,50.3,1,0,21.4,19.08,50.78,0.35,0.3
550912,50.93,50.77,550189,550189,0.0,49.64,50.3,1,0,21.68,19.08,50.78,0.35,0.3
551419,50.93,50.88,551189,551189,0.1,49.64,50.3,1,0,21.68,19.14,50.88,0.35,0.3
551926,51.02,50.88,551189,551189,0.1,49.64,50.3,1,0,21.2,19.14,50.88,0.35,0.3
552433,51.02,50.97,552189,552189,0.09,49.64,50.3,1,0,21.2,19.18,50.97,0.35,0.3
552941,51.12,50.97,552189,552189,0.09,49.64,50.3,1,0,21.29,19.18,50.97,0.35,0.3
553449,51.12,51.07,553189,553189,0.1,49.64,50.3,1,0,21.29,19.21,51.07,0.35,0.3
553956,51.12,51.07,553189,553189,0.1,49.64,50.3,1,0,21.29,19.21,51.07,0.35,0.3
554463,51.12,51.11,554189,554189,0.03,49.64,50.3,1,0,21.29,19.21,51.11,0.35,0.3
554970,51.12,51.11,554189,554189,0.03,49.64,50.3,1,0,21.29,19.21,51.11,0.35,0.3
555477,51.27,51.21,555189,555189,0.1,49.64,50.3,1,0,21.22,19.26,51.21,0.35,0.3
555984,51.27,51.21,555189,555189,0.1,49.64,50.3,1,0,21.22,19.26,51.21,0.35,0.3
556492,51.41,51.25,556190,556190,0.03,49.64,50.3,1,0,20.84,19.26,51.25,0.35,0.3
556999,51.41,51.25,556190,556190,0.03,49.64,50.3,1,0,20.84,19.26,51.25,0.35,0.3
557506,51.41,51.35,557190,557190,0.1,49.64,50.3,1,0,20.84,19.31,51.35,0.35,0.3
558014,51.41,51.35,557190,557190,0.1,49.64,50.3,1,0,20.84,19.31,51.35,0.35,0.3
558521,51.41,51.39,558190,558190,0.03,49.64,50.3,1,0,20.84,19.31,51.39,0.35,0.3
559028,51.41,51.39,558190,558190,0.03,49.64,50.3,1,0,20.84,19.31,51.39,0.35,0.3
559535,51.59,51.4,559190,559190,0.01,49.64,50.3,1,0,20.73,19.31,51.4,0.35,0.3
560042,51.59,51.4,559190,559190,0.01,49.64,50.3,1,0,20.73,19.31,51.4,0.35,0.3
560549,51.74,51.53,560190,560190,0.12,49.64,50.3,1,0,20.36,19.37,51.53,0.35,0.3
561057,51.74,51.53,560190,560190,0.12,49.64,50.3,1,0,20.36,19.37,51.53,0.35,0.3
561565,51.74,51.67,561190,561190,0.14,49.64,50.3,1,0,20.36,19.42,51.67,0.35,0.3
562072,51.82,51.67,561190,561190,0.14,49.64,50.3,1,0,20.12,19.42,51.67,0.35,0.3
562580,51.82,51.77,562190,562190,0.1,49.64,50.3,1,0,20.12,19.44,51.77,0.35,0.3
563087,51.82,51.77,562190,562190,0.1,49.64,50.3,1,0,20.12,19.44,51.77,0.35,0.3
563594,51.97,51.81,563190,563190,0.03,49.64,50.3,1,0,20.1,19.44,51.81,0.35,0.3
564101,51.97,51.81,563190,563190,0.03,49.64,50.3,1,0,20.1,19.44,51.81,0.35,0.3
564608,52.01,51.92,564190,564190,0.1,49.64,50.3,1,0,20.02,19.49,51.92,0.35,0.3
565115,52.01,51.92,564190,564190,0.1,49.64,50.3,1,0,20.02,19.49,51.92,0.35,0.3
565623,52.01,51.98,565190,565190,0.06,49.64,50.3,1,0,20.02,19.53,51.98,0.35,0.3
566130,52.01,51.98,565190,565190,0.06,49.64,50.3,1,0,20.02,19.53,51.98,0.35,0.3
566637,52.16,52.0,566190,566190,0.02,49.64,50.3,1,0,19.72,19.53,52.0,0.35,0.3
567144,52.16,52.0,566190,566190,0.02,49.64,50.3,1,0,19.72,19.53,52.0,0.35,0.3
567651,52.16,52.11,567190,567190,0.1,49.64,50.3,1,0,19.72,19.55,52.11,0.35,0.3
568159,52.16,52.11,567190,567190,0.1,49.64,50.3,1,0,19.72,19.55,52.11,0.35,0.3
568667,52.16,52.14,568190,568190,0.03,49.64,50.3,1,0,19.72,19.55,52.14,0.35,0.3
569174,52.16,52.14,568190,568190,0.03,49.64,50.3,1,0,19.72,19.55,52.14,0.35,0.3
569681,52.42,52.15,569190,569190,0.01,49.64,50.3,1,0,19.22,19.55,52.15,0.35,0.3
570188,52.42,52.15,569190,569190,0.01,49.64,50.3,1,0,19.22,19.55,52.15,0.35,0.3
570695,52.42,52.33,570195,570195,0.17,49.64,50.3,1,0,19.22,19.64,52.33,0.35,0.3
571203,52.51,52.45,571196,571196,0.12,49.64,50.3,1,0,19.0,19.66,52.45,0.35,0.3
571710,52.51,52.45,571196,571196,0.12,49.64,50.3,1,0,19.0,19.66,52.45,0.35,0.3
572218,52.61,52.55,572196,572196,0.1,49.64,50.3,1,0,18.81,19.7,52.55,0.35,0.3
572726,52.61,52.55,572196,572196,0.1,49.64,50.3,1,0,18.81,19.7,52.55,0.35,0.3
573234,52.61,52.59,573196,573196,0.03,49.64,50.3,1,0,18.81,19.7,52.59,0.35,0.3
573741,52.66,52.59,573196,573196,0.03,49.64,50.3,1,0,18.72,19.7,52.59,0.35,0.3
574248,52.66,52.64,574196,574196,0.04,49.64,50.3,1,0,18.72,19.72,52.64,0.35,0.3
574755,52.75,52.64,574196,574196,0.04,49.64,50.3,1,0,18.44,19.72,52.64,0.35,0.3
575262,52.75,52.71,575196,575196,0.07,49.64,50.3,1,0,18.44,19.73,52.71,0.35,0.3
575769,52.75,52.71,575196,575196,0.07,49.64,50.3,1,0,18.44,19.73,52.71,0.35,0.3
576276,52.82,52.78,576196,576196,0.07,49.64,50.3,1,0,18.32,19.75,52.78,0.35,0.3
576783,52.82,52.78,576196,576196,0.07,49.64,50.3,1,0,18.32,19.75,52.78,0.35,0.3
577290,52.85,52.83,577213,577213,0.04,49.64,50.3,1,0,18.14,19.78,52.83,0.35,0.3
577798,52.85,52.83,577213,577213,0.04,49.64,50.3,1,0,18.14,19.78,52.83,0.35,0.3
578306,52.92,52.84,578214,578214,0.01,49.64,50.3,1,0,18.04,19.78,52.84,0.35,0.3
578813,52.92,52.84,578214,578214,0.01,49.64,50.3,1,0,18.04,19.78,52.84,0.35,0.3
579320,52.92,52.89,579214,579214,0.05,49.64,50.3,1,0,18.04,19.78,52.89,0.35,0.3
579827,52.97,52.89,579214,579214,0.05,49.64,50.3,1,0,17.91,19.78,52.89,0.35,0.3
580334,52.97,52.95,580214,580214,0.05,49.64,50.3,1,0,17.91,19.8,52.95,0.35,0.3
580841,52.97,52.95,580214,580214,0.05,49.64,50.3,1,0,17.91,19.8,52.95,0.35,0.3
581348,52.96,52.96,581215,581215,0.01,49.64,50.3,1,0,17.78,19.8,52.96,0.35,0.3
581855,52.96,52.96,581215,581215,0.01,49.64,50.3,1,0,17.78,19.8,52.96,0.35,0.3
582362,52.96,52.96,582216,582216,0.0,49.64,50.3,1,0,17.78,19.79,52.96,0.35,0.3
582869,52.96,52.96,582216,582216,0.0,49.64,50.3,1,0,17.65,19.79,52.96,0.35,0.3
583377,52.96,52.96,583216,583216,0.0,49.64,50.3,1,0,17.65,19.79,52.96,0.35,0.3
583885,53.0,52.96,583216,583216,0.0,49.64,50.3,1,0,17.37,19.79,52.96,0.35,0.3
584392,53.0,52.98,584216,584216,0.02,49.64,50.3,1,0,17.37,19.81,52.98,0.35,0.3
584899,53.0,52.98,584216,584216,0.02,49.64,50.3,1,0,17.3,19.81,52.98,0.35,0.3
585406,53.0,52.99,585216,585216,0.0,49.64,50.3,1,0,17.3,19.82,52.99,0.35,0.3
585913,53.0,52.99,585216,585216,0.0,49.64,50.3,1,0,17.3,19.82,52.99,0.35,0.3
586421,53.01,53.0,586216,586216,0.0,49.64,50.3,1,0,17.09,19.82,53.0,0.35,0.3
586929,53.01,53.0,586216,586216,0.0,49.64,50.3,1,0,17.09,19.82,53.0,0.35,0.3
587436,53.01,53.0,587216,587216,0.0,49.64,50.3,1,0,17.09,19.8,53.0,0.35,0.3
587943,53.01,53.0,587216,587216,0.0,49.64,50.3,1,0,17.09,19.8,53.0,0.35,0.3
588450,53.02,53.02,588216,588216,0.01,49.64,50.3,1,0,16.92,19.81,53.02,0.35,0.3
588957,53.02,53.02,588216,588216,0.01,49.64,50.3,1,0,16.92,19.81,53.02,0.35,0.3
589464,52.98,52.99,589216,589216,0.0,49.64,50.3,1,0,16.98,19.79,53.02,0.35,0.3
589971,52.98,52.99,589216,589216,0.0,49.64,50.3,1,0,16.98,19.79,53.02,0.35,0.3
590478,52.97,52.99,590216,590216,0.0,49.64,50.3,1,0,16.63,19.79,53.02,0.35,0.3
590985,52.97,52.99,590216,590216,0.0,49.64,50.3,1,0,16.63,19.79,53.02,0.35,0.3
591492,52.95,52.98,591216,591216,0.0,49.64,50.3,1,0,16.74,19.82,53.02,0.35,0.3
591999,52.95,52.98,591216,591216,0.0,49.64,50.3,1,0,16.74,19.82,53.02,0.35,0.3
592521,52.97,52.96,592218,592218,0.0,49.64,50.3,1,0,16.48,19.81,53.02,0.35,0.3
593029,52.97,52.96,592218,592218,0.0,49.64,50.3,1,0,16.48,19.81,53.02,0.35,0.3
593536,52.97,52.96,593218,593218,0.0,49.64,50.3,1,0,16.48,19.84,53.02,0.35,0.3
594043,52.89,52.96,593218,593218,0.0,49.64,50.3,1,0,16.35,19.84,53.02,0.35,0.3
594550,52.89,52.91,594218,594218,0.0,49.64,50.3,1,0,16.35,19.79,53.02,0.35,0.3
595057,52.89,52.91,594218,594218,0.0,49.64,50.3,1,0,16.35,19.79,53.02,0.35,0.3
595565,52.88,52.9,595218,595218,0.0,49.64,50.3,1,0,15.88,19.79,53.02,0.35,0.3
596073,52.88,52.9,595218,595218,0.0,49.64,50.3,1,0,15.88,19.79,53.02,0.35,0.3
596580,52.88,52.88,596218,596218,0.0,49.64,50.3,1,0,15.88,19.8,53.02,0.35,0.3
597087,52.82,52.88,596218,596218,0.0,49.64,50.3,1,0,16.1,19.8,53.02,0.35,0.3
597594,52.82,52.84,597218,597218,0.0,49.64,50.3,1,0,16.1,19.77,53.02,0.35,0.3
598101,52.75,52.84,597218,597218,0.0,49.64,50.3,1,0,15.92,19.77,53.02,0.35,0.3
598609,52.75,52.78,598218,598218,0.0,49.64,50.3,1,0,15.92,19.73,53.02,0.35,0.3
599117,52.75,52.78,598218,598218,0.0,49.64,50.3,1,0,15.77,19.73,53.02,0.35,0.3
599624,52.75,52.76,599218,599218,0.0,49.64,50.3,1,0,15.77,19.75,53.02,0.35,0.3
600131,52.75,52.76,599218,599218,0.0,49.64,50.3,1,0,15.77,19.75,53.02,0.35,0.3
600638,52.63,52.75,600218,600218,0.0,49.64,50.3,1,0,15.62,19.75,53.02,0.35,0.3
601145,52.63,52.75,600218,600218,0.0,49.64,50.3,1,0,15.62,19.75,53.02,0.35,0.3
601652,52.63,52.67,601218,601218,0.0,49.64,50.3,1,0,15.55,19.69,53.02,0.35,0.3
602159,52.63,52.67,601218,601218,0.0,49.64,50.3,1,0,15.55,19.69,53.02,0.35,0.3
602666,52.57,52.64,602218,602218,0.0,49.64,50.3,1,0,15.42,19.72,53.02,0.35,0.3
603173,52.57,52.64,602218,602218,0.0,49.64,50.3,1,0,15.42,19.72,53.02,0.35,0.3
603680,52.57,52.59,603218,603218,0.0,49.64,50.3,1,0,15.42,19.7,53.02,0.35,0.3
604187,52.47,52.59,603218,603218,0.0,49.64,50.3,1,0,15.55,19.7,53.02,0.35,0.3
604695,52.47,52.51,604218,604218,0.0,49.64,50.3,1,0,15.55,19.64,53.02,0.35,0.3
605203,52.41,52.51,604218,604218,0.0,49.64,50.3,1,0,15.21,19.64,53.02,0.35,0.3
605710,52.41,52.44,605218,605218,0.0,49.64,50.3,1,0,15.21,19.63,53.02,0.35,0.3
606217,52.38,52.44,605218,605218,0.0,49.64,50.3,1,0,15.32,19.63,53.02,0.35,0.3
606724,52.38,52.4,606224,606224,0.0,49.64,50.3,1,0,15.32,19.65,53.02,0.35,0.3
607231,52.38,52.39,607225,607225,0.0,49.64,50.3,1,0,15.32,19.65,53.02,0.35,0.3
607738,52.3,52.39,607225,607225,0.0,49.64,50.3,1,0,15.1,19.65,53.02,0.35,0.3
608245,52.3,52.33,608225,608225,0.0,49.64,50.3,1,0,15.1,19.62,53.02,0.35,0.3
608752,52.23,52.33,608225,608225,0.0,49.64,50.3,1,0,15.1,19.62,53.02,0.35,0.3
609259,52.23,52.26,609225,609225,0.0,49.64,50.3,1,0,15.1,19.57,53.02,0.35,0.3
609766,52.12,52.26,609225,609225,0.0,49.64,50.3,1,0,14.97,19.57,53.02,0.35,0.3
610273,52.12,52.17,610225,610225,0.0,49.64,50.3,1,0,14.97,19.57,53.02,0.35,0.3
610780,52.12,52.17,610225,610225,0.0,49.64,50.3,1,0,14.97,19.57,53.02,0.35,0.3
611288,52.12,52.14,611225,611225,0.0,49.64,50.3,1,0,14.97,19.57,53.02,0.35,0.3
611795,52.11,52.14,611225,611225,0.0,49.64,50.3,1,0,14.84,19.57,53.02,0.35,0.3
612302,52.11,52.12,612225,612225,0.0,49.64,50.3,1,0,14.84,19.56,53.02,0.35,0.3
612809,52.11,52.12,612225,612225,0.0,49.64,50.3,1,0,14.84,19.56,53.02,0.35,0.3
613316,51.93,51.99,613225,613225,0.0,49.64,50.3,1,0,14.6,19.48,53.02,0.35,0.3
613823,51.93,51.99,613225,613225,0.0,49.64,50.3,1,0,14.6,19.48,53.02,0.35,0.3
614330,51.84,51.95,614225,614225,0.0,49.64,50.3,1,0,14.6,19.48,53.02,0.35,0.3
614837,51.84,51.95,614225,614225,0.0,49.64,50.3,1,0,14.6,19.48,53.02,0.35,0.3
615344,51.84,51.88,615225,615225,0.0,49.64,50.3,1,0,14.6,19.47,53.02,0.35,0.3
615851,51.84,51.88,615225,615225,0.0,49.64,50.3,1,0,14.6,19.47,53.02,0.35,0.3
616358,51.75,51.79,616225,616225,0.0,49.64,50.3,1,0,14.47,19.42,53.02,0.35,0.3
616865,51.75,51.79,616225,616225,0.0,49.64,50.3,1,0,14.47,19.42,53.02,0.35,0.3
617372,51.7,51.73,617225,617225,0.0,49.64,50.3,1,1,14.25,19.41,53.02,0.35,0.3
617879,51.7,51.73,617225,617225,0.0,49.64,50.3,1,1,14.25,19.41,53.02,0.35,0.3
618386,51.56,51.61,618236,618236,0.0,49.64,50.3,1,1,14.43,19.39,53.02,0.35,0.3
618893,51.56,51.61,618236,618236,0.0,49.64,50.3,1,1,14.43,19.39,53.02,0.35,0.3
619401,51.56,51.58,619237,619237,0.0,49.64,50.3,1,1,14.43,19.39,53.02,0.35,0.3
619908,51.58,51.58,619237,619237,0.0,49.64,50.3,1,1,15.71,19.39,53.02,0.35,0.3
620415,51.58,51.58,620237,620237,0.0,49.64,50.3,1,1,15.71,19.37,53.02,0.35,0.3
620922,51.58,51.58,620237,620237,0.0,49.64,50.3,1,1,15.71,19.37,53.02,0.35,0.3
621429,50.87,51.58,621237,621237,0.0,49.64,50.3,1,1,16.16,19.37,53.02,0.35,0.3
621936,50.87,51.58,621237,621237,0.0,49.64,50.3,1,1,16.16,19.37,53.02,0.35,0.3
622443,50.09,51.1,622239,622239,0.0,49.64,50.3,1,1,16.12,19.13,53.02,0.35,0.3
622950,50.09,51.1,622239,622239,0.0,49.64,50.3,1,1,16.12,19.13,53.02,0.35,0.3
623457,50.09,50.43,623239,623239,0.0,49.64,50.3,1,1,16.12,18.86,53.02,0.35,0.3
623964,49.23,50.43,623239,623239,0.0,49.64,50.3,1,1,16.29,18.86,53.02,0.35,0.3
624471,49.23,49.62,624239,624239,0.0,49.64,50.3,0,0,16.29,18.55,53.02,0.35,0.3
624978,48.53,49.62,624239,624239,0.0,49.64,50.3,0,0,16.59,18.55,53.02,0.35,0.3
625486,48.53,48.89,625239,625239,0.0,49.7,50.3,0,0,16.59,18.32,48.89,0.3,0.3
625993,48.53,48.89,625239,625239,0.0,49.7,50.3,0,0,16.59,18.32,48.89,0.3,0.3
626500,47.74,48.65,626239,626239,0.0,49.7,50.3,0,0,16.07,18.32,48.65,0.3,0.3
627007,47.74,48.65,626239,626239,0.0,49.7,50.3,0,0,16.07,18.32,48.65,0.3,0.3
627514,47.74,48.04,627239,627239,0.0,49.7,50.3,0,0,16.07,17.98,48.04,0.3,0.3
628021,47.19,48.04,627239,627239,0.0,49.7,50.3,0,0,15.62,17.98,48.04,0.3,0.3
628528,47.19,47.47,628239,628239,0.0,49.7,50.3,0,0,15.62,17.79,47.47,0.3,0.3
629035,46.93,47.47,628239,628239,0.0,49.7,50.3,0,0,15.53,17.79,47.47,0.3,0.3
629542,46.93,47.11,629239,629239,0.0,49.7,50.3,0,0,15.53,17.69,47.11,0.3,0.3
630049,46.93,47.11,629239,629239,0.0,49.7,50.3,0,0,15.53,17.69,47.11,0.3,0.3
630556,46.75,46.86,630239,630239,0.0,49.7,50.3,0,0,15.4,17.66,46.86,0.3,0.3
631066,46.75,46.86,630239,630239,0.0,49.7,50.3,0,0,15.4,17.66,46.86,0.3,0.3
631574,46.67,46.74,631239,631239,0.0,49.7,50.3,0,0,15.73,17.61,46.74,0.3,0.3
632081,46.67,46.74,631239,631239,0.0,49.7,50.3,0,0,15.73,17.61,46.74,0.3,0.3
632588,46.66,46.69,632239,632239,0.0,49.7,50.3,0,0,15.19,17.61,46.69,0.3,0.3
633095,46.66,46.69,632239,632239,0.0,49.7,50.3,0,0,15.19,17.61,46.69,0.3,0.3
633602,46.61,46.67,633239,633239,0.0,49.7,50.3,0,0,15.55,17.59,46.67,0.3,0.3
634109,46.61,46.67,633239,633239,0.0,49.7,50.3,0,0,15.55,17.59,46.67,0.3,0.3
634616,46.61,46.63,634239,634239,0.0,49.7,50.3,0,0,15.55,17.59,46.63,0.3,0.3
635123,46.61,46.63,634239,634239,0.0,49.7,50.3,0,0,15.53,17.59,46.63,0.3,0.3
635630,46.61,46.61,635239,635239,0.0,49.7,50.3,0,0,15.53,17.59,46.61,0.3,0.3
636137,46.61,46.61,635239,635239,0.0,49.7,50.3,0,0,15.53,17.59,46.61,0.3,0.3
636644,46.66,46.65,636239,636239,0.03,49.7,50.3,0,0,15.64,17.6,46.61,0.3,0.3
637152,46.66,46.65,636239,636239,0.03,49.7,50.3,0,0,15.64,17.6,46.61,0.3,0.3
637660,46.66,46.66,637239,637239,0.01,49.7,50.3,0,0,15.64,17.6,46.61,0.3,0.3
638167,46.77,46.66,637239,637239,0.01,49.7,50.3,0,0,15.53,17.6,46.61,0.3,0.3
638674,46.77,46.73,638239,638239,0.07,49.7,50.3,0,0,15.53,17.64,46.61,0.3,0.3
639181,46.77,46.73,638239,638239,0.07,49.7,50.3,0,0,15.81,17.64,46.61,0.3,0.3
639688,46.77,46.76,639239,639239,0.02,49.7,50.3,0,0,15.81,17.67,46.61,0.3,0.3
640195,46.77,46.76,639239,639239,0.02,49.7,50.3,0,0,15.81,17.67,46.61,0.3,0.3
640702,46.85,46.77,640239,640239,0.0,49.7,50.3,0,0,15.9,17.67,46.61,0.3,0.3
641209,46.85,46.77,640239,640239,0.0,49.7,50.3,0,0,15.9,17.67,46.61,0.3,0.3
641716,46.85,46.83,641239,641239,0.05,49.7,50.3,0,0,15.9,17.7,46.61,0.3,0.3
642223,46.92,46.83,641239,641239,0.05,49.7,50.3,0,0,16.07,17.7,46.61,0.3,0.3
642731,46.92,46.89,642239,642239,0.06,49.7,50.3,0,0,16.07,17.72,46.61,0.3,0.3
643239,46.92,46.91,643239,643239,0.02,49.7,50.3,0,0,16.07,17.72,46.61,0.3,0.3
643747,47.04,46.91,643239,643239,0.02,49.7,50.3,0,0,16.4,17.72,46.61,0.3,0.3
644254,47.04,47.0,644239,644239,0.08,49.7,50.3,0,0,16.4,17.77,46.61,0.3,0.3
644761,47.07,47.0,644239,644239,0.08,49.7,50.3,0,0,16.51,17.77,46.61,0.3,0.3
645268,47.07,47.05,645239,645239,0.04,49.7,50.3,0,0,16.51,17.77,46.61,0.3,0.3
645775,47.07,47.05,645239,645239,0.04,49.7,50.3,0,0,16.51,17.77,46.61,0.3,0.3
646282,47.13,47.11,646239,646239,0.05,49.7,50.3,0,0,16.53,17.8,46.61,0.3,0.3
646789,47.13,47.11,646239,646239,0.05,49.7,50.3,0,0,16.53,17.8,46.61,0.3,0.3
647296,47.2,47.17,647239,647239,0.06,49.7,50.3,0,0,16.74,17.83,46.61,0.3,0.3
647803,47.2,47.17,647239,647239,0.06,49.7,50.3,0,0,16.74,17.83,46.61,0.3,0.3
648311,47.2,47.19,648239,648239,0.02,49.7,50.3,0,0,16.74,17.83,46.61,0.3,0.3
648819,47.23,47.19,648239,648239,0.02,49.7,50.3,0,0,17.02,17.83,46.61,0.3,0.3
649326,47.23,47.22,649239,649239,0.02,49.7,50.3,0,0,17.02,17.83,46.61,0.3,0.3
649833,47.23,47.22,649239,649239,0.02,49.7,50.3,0,0,17.02,17.83,46.61,0.3,0.3
650340,47.3,47.27,650239,650239,0.05,49.7,50.3,0,0,17.2,17.86,46.61,0.3,0.3
650847,47.3,47.27,650239,650239,0.05,49.7,50.3,0,0,17.2,17.86,46.61,0.3,0.3
651356,47.35,47.29,651239,651239,0.01,49.7,50.3,0,0,17.3,17.86,46.61,0.3,0.3
651864,47.35,47.29,651239,651239,0.01,49.7,50.3,0,0,17.3,17.86,46.61,0.3,0.3
652371,47.35,47.33,652239,652239,0.04,49.7,50.3,0,0,17.3,17.86,46.61,0.3,0.3
652878,47.38,47.33,652239,652239,0.04,49.7,50.3,0,0,17.5,17.86,46.61,0.3,0.3
653385,47.38,47.36,653239,653239,0.03,49.7,50.3,0,0,17.5,17.9,46.61,0.3,0.3
653892,47.34,47.36,653239,653239,0.03,49.7,50.3,0,0,17.5,17.9,46.61,0.3,0.3
654399,47.34,47.35,654239,654239,0.0,49.7,50.3,0,0,17.5,17.87,46.61,0.3,0.3
654907,47.34,47.35,654239,654239,0.0,49.7,50.3,0,0,17.5,17.87,46.61,0.3,0.3
655414,47.4,47.38,655239,655239,0.03,49.7,50.3,0,0,17.78,17.91,46.61,0.3,0.3
655921,47.4,47.38,655239,655239,0.03,49.7,50.3,0,0,17.78,17.91,46.61,0.3,0.3
656428,47.43,47.41,656239,656239,0.03,49.7,50.3,0,0,17.8,17.9,46.61,0.3,0.3
656935,47.43,47.41,656239,656239,0.03,49.7,50.3,0,0,17.8,17.9,46.61,0.3,0.3
657442,47.45,47.44,657250,657250,0.02,49.7,50.3,0,0,18.06,17.93,46.61,0.3,0.3
657949,47.45,47.44,657250,657250,0.02,49.7,50.3,0,0,18.06,17.93,46.61,0.3,0.3
658456,47.42,47.45,658251,658251,0.0,49.7,50.3,0,0,18.06,17.93,46.61,0.3,0.3
658963,47.42,47.45,658251,658251,0.0,49.7,50.3,0,0,18.06,17.93,46.61,0.3,0.3
659470,47.42,47.43,659251,659251,0.0,49.7,50.3,0,0,18.06,17.92,46.61,0.3,0.3
659977,47.53,47.43,659251,659251,0.0,49.7,50.3,0,0,18.42,17.92,46.61,0.3,0.3
660484,47.53,47.5,660251,660251,0.06,49.7,50.3,0,0,18.42,17.95,46.61,0.3,0.3
660992,47.55,47.5,660251,660251,0.06,49.7,50.3,0,0,17.95,17.95,46.61,0.3,0.3
661499,47.55,47.53,661251,661251,0.03,49.7,50.3,0,0,17.95,17.99,46.61,0.3,0.3
662006,47.55,47.53,661251,661251,0.03,49.7,50.3,0,0,17.95,17.99,46.61,0.3,0.3
662513,47.55,47.54,662251,662251,0.01,49.7,50.3,0,0,17.95,17.99,46.61,0.3,0.3
663020,47.55,47.54,662251,662251,0.01,49.7,50.3,0,0,17.95,17.99,46.61,0.3,0.3
663527,47.55,47.54,663251,663251,0.0,49.7,50.3,0,0,17.95,17.99,46.61,0.3,0.3
664034,47.55,47.54,663251,663251,0.0,49.7,50.3,0,0,17.95,17.99,46.61,0.3,0.3
664541,47.61,47.55,664251,664251,0.0,49.7,50.3,0,0,18.81,17.99,46.61,0.3,0.3
665048,47.61,47.55,664251,664251,0.0,49.7,50.3,0,0,18.81,17.99,46.61,0.3,0.3
665557,47.67,47.59,665254,665254,0.04,49.7,50.3,0,0,18.9,17.99,46.61,0.3,0.3
666065,47.67,47.59,665254,665254,0.04,49.7,50.3,0,0,18.9,17.99,46.61,0.3,0.3
666572,47.67,47.64,666255,666255,0.05,49.7,50.3,0,0,18.9,18.03,46.61,0.3,0.3
667079,47.67,47.64,666255,666255,0.05,49.7,50.3,0,0,18.9,18.03,46.61,0.3,0.3
667586,47.66,47.65,667255,667255,0.01,49.7,50.3,0,0,19.07,18.05,46.61,0.3,0.3
668093,47.66,47.65,667255,667255,0.01,49.7,50.3,0,0,19.07,18.05,46.61,0.3,0.3
668600,47.77,47.66,668255,668255,0.0,49.7,50.3,0,0,19.37,18.05,46.61,0.3,0.3
669107,47.77,47.66,668255,668255,0.0,49.7,50.3,0,0,19.37,18.05,46.61,0.3,0.3
669614,47.77,47.74,669255,669255,0.07,49.7,50.3,0,0,19.37,18.06,46.61,0.3,0.3
670121,47.86,47.74,669255,669255,0.07,49.7,50.3,0,0,19.44,18.06,46.61,0.3,0.3
670628,47.86,47.82,670255,670255,0.08,49.7,50.3,0,0,19.44,18.1,46.61,0.3,0.3
671135,47.86,47.82,670255,670255,0.08,49.7,50.3,0,0,19.44,18.1,46.61,0.3,0.3
671642,47.86,47.84,671255,671255,0.02,49.7,50.3,0,0,19.52,18.1,46.61,0.3,0.3
672149,47.86,47.84,671255,671255,0.02,49.7,50.3,0,0,19.52,18.1,46.61,0.3,0.3
672656,47.86,47.85,672255,672255,0.0,49.7,50.3,0,0,19.52,18.11,46.61,0.3,0.3
673163,47.86,47.85,672255,672255,0.0,49.7,50.3,0,0,19.52,18.11,46.61,0.3,0.3
673670,47.93,47.86,673255,673255,0.0,49.7,50.3,0,0,19.89,18.11,46.61,0.3,0.3
674177,47.93,47.86,673255,673255,0.0,49.7,50.3,0,0,19.89,18.11,46.61,0.3,0.3
674684,48.0,47.91,674255,674255,0.05,49.7,50.3,0,0,19.76,18.09,46.61,0.3,0.3
675191,48.0,47.91,674255,674255,0.05,49.7,50.3,0,0,19.76,18.09,46.61,0.3,0.3
675698,48.0,47.97,675255,675255,0.06,49.7,50.3,0,0,19.76,18.13,46.61,0.3,0.3
676205,48.02,47.97,675255,675255,0.06,49.7,50.3,0,0,20.15,18.13,46.61,0.3,0.3
676712,48.02,48.0,676255,676255,0.03,49.7,50.3,0,0,20.15,18.15,46.61,0.3,0.3
677219,48.02,48.0,676255,676255,0.03,49.7,50.3,0,0,20.15,18.15,46.61,0.3,0.3
677726,48.09,48.01,677255,677255,0.0,49.7,50.3,0,0,20.17,18.15,46.61,0.3,0.3
678233,48.09,48.01,677255,677255,0.0,49.7,50.3,0,0,20.17,18.15,46.61,0.3,0.3
678740,48.21,48.07,678255,678255,0.05,49.7,50.3,0,0,20.4,18.15,46.61,0.3,0.3
679247,48.21,48.07,678255,678255,0.05,49.7,50.3,0,0,20.4,18.15,46.61,0.3,0.3
679754,48.21,48.16,679255,679255,0.09,49.7,50.3,0,0,20.4,18.22,46.61,0.3,0.3
680261,48.21,48.19,680255,680255,0.03,49.7,50.3,0,0,20.45,18.22,46.61,0.3,0.3
680769,48.21,48.19,680255,680255,0.03,49.7,50.3,0,0,20.45,18.22,46.61,0.3,0.3
681277,48.26,48.24,681255,681255,0.04,49.7,50.3,0,0,20.66,18.24,46.61,0.3,0.3
681784,48.26,48.24,681255,681255,0.04,49.7,50.3,0,0,20.66,18.24,46.61,0.3,0.3
682291,48.26,48.25,682255,682255,0.01,49.7,50.3,0,0,20.66,18.24,46.61,0.3,0.3
682798,48.34,48.25,682255,682255,0.01,49.7,50.3,0,0,20.51,18.24,46.61,0.3,0.3
683305,48.34,48.31,683255,683255,0.05,49.7,50.3,0,0,20.51,18.25,46.61,0.3,0.3
683812,48.34,48.31,683255,683255,0.05,49.7,50.3,0,0,20.51,18.25,46.61,0.3,0.3
684319,48.45,48.41,684255,684255,0.09,49.7,50.3,0,0,20.77,18.32,46.61,0.3,0.3
684826,48.45,48.41,684255,684255,0.09,49.7,50.3,0,0,20.77,18.32,46.61,0.3,0.3
685333,48.5,48.47,685255,685255,0.06,49.7,50.3,0,0,20.47,18.3,46.61,0.3,0.3
685840,48.5,48.47,685255,685255,0.06,49.7,50.3,0,0,20.47,18.3,46.61,0.3,0.3
686349,48.5,48.49,686255,686255,0.02,49.7,50.3,0,0,20.47,18.3,46.61,0.3,0.3
686857,48.54,48.49,686255,686255,0.02,49.7,50.3,0,0,20.99,18.3,46.61,0.3,0.3
687364,48.54,48.53,687255,687255,0.03,49.7,50.3,0,0,20.99,18.35,46.61,0.3,0.3
687871,48.58,48.53,687255,687255,0.03,49.7,50.3,0,0,21.01,18.35,46.61,0.3,0.3
688378,48.58,48.57,688255,688255,0.03,49.7,50.3,0,0,21.01,18.35,46.61,0.3,0.3
688885,48.67,48.57,688255,688255,0.03,49.7,50.3,0,0,21.18,18.35,46.61,0.3,0.3
689392,48.67,48.63,689255,689255,0.06,49.7,50.3,0,0,21.18,18.39,46.61,0.3,0.3
689899,48.67,48.63,689255,689255,0.06,49.7,50.3,0,0,21.18,18.39,46.61,0.3,0.3
690406,48.74,48.7,690255,690255,0.06,49.7,50.3,0,0,21.16,18.41,46.61,0.3,0.3
690913,48.74,48.7,690255,690255,0.06,49.7,50.3,0,0,21.16,18.41,46.61,0.3,0.3
691420,48.83,48.79,691271,691271,0.08,49.7,50.3,0,0,21.35,18.44,46.61,0.3,0.3
691927,48.83,48.79,691271,691271,0.08,49.7,50.3,0,0,21.35,18.44,46.61,0.3,0.3
692436,48.83,48.81,692272,692272,0.02,49.7,50.3,0,0,21.35,18.44,46.61,0.3,0.3
692944,48.84,48.81,692272,692272,0.02,49.7,50.3,0,0,21.29,18.44,46.61,0.3,0.3
693451,48.84,48.83,693272,693272,0.01,49.7,50.3,0,0,21.29,18.44,46.61,0.3,0.3
693958,48.98,48.83,693272,693272,0.01,49.7,50.3,0,0,21.4,18.44,46.61,0.3,0.3
694465,48.98,48.93,694272,694272,0.09,49.7,50.3,0,0,21.4,18.5,46.61,0.3,0.3
694972,48.98,48.93,694272,694272,0.09,49.7,50.3,0,0,21.4,18.5,46.61,0.3,0.3
695479,49.02,48.99,695272,695272,0.05,49.7,50.3,0,0,21.53,18.52,46.61,0.3,0.3
695986,49.02,48.99,695272,695272,0.05,49.7,50.3,0,0,21.53,18.52,46.61,0.3,0.3
696493,49.08,49.05,696272,696272,0.06,49.7,50.3,0,0,21.64,18.54,46.61,0.3,0.3
697000,49.08,49.05,696272,696272,0.06,49.7,50.3,0,0,21.64,18.54,46.61,0.3,0.3
697507,49.18,49.14,697272,697272,0.08,49.7,50.3,0,0,21.64,18.57,46.61,0.3,0.3
698014,49.18,49.14,697272,697272,0.08,49.7,50.3,0,0,21.64,18.57,46.61,0.3,0.3
698535,49.28,49.17,698272,698272,0.02,49.7,50.3,0,0,21.72,18.57,46.61,0.3,0.3
699043,49.28,49.17,698272,698272,0.02,49.7,50.3,0,0,21.72,18.57,46.61,0.3,0.3
699550,49.28,49.24,699272,699272,0.07,49.7,50.3,0,0,21.72,18.6,46.61,0.3,0.3
700057,49.27,49.24,699272,699272,0.07,49.7,50.3,0,0,22.0,18.6,46.61,0.3,0.3
700564,49.27,49.26,700272,700272,0.02,49.7,50.3,0,0,22.0,18.58,46.61,0.3,0.3
701071,49.27,49.26,700272,700272,0.02,49.7,50.3,0,0,22.0,18.58,46.61,0.3,0.3
701578,49.4,49.35,701289,701289,0.08,49.7,50.3,0,0,21.98,18.64,46.61,0.3,0.3
702085,49.4,49.35,701289,701289,0.08,49.7,50.3,0,0,21.98,18.64,46.61,0.3,0.3
702592,49.49,49.38,702290,702290,0.02,49.7,50.3,0,0,21.59,18.64,46.61,0.3,0.3
703099,49.49,49.38,702290,702290,0.02,49.7,50.3,0,0,21.59,18.64,46.61,0.3,0.3
703606,49.54,49.45,703290,703290,0.07,49.7,50.3,0,0,22.5,18.65,46.61,0.3,0.3
704113,49.54,49.45,703290,703290,0.07,49.7,50.3,0,0,22.5,18.65,46.61,0.3,0.3
704621,49.54,49.51,704290,704290,0.06,49.7,50.3,0,0,22.5,18.69,46.61,0.3,0.3
705129,49.61,49.51,704290,704290,0.06,49.7,50.3,0,0,22.22,18.69,46.61,0.3,0.3
705636,49.61,49.58,705290,705290,0.06,49.7,50.3,0,0,22.22,18.72,46.61,0.3,0.3
706143,49.67,49.58,705290,705290,0.06,49.7,50.3,0,0,21.92,18.72,46.61,0.3,0.3
706650,49.67,49.64,706290,706290,0.05,49.7,50.3,0,0,21.92,18.74,46.61,0.3,0.3
707157,49.79,49.64,706290,706290,0.05,49.7,50.3,0,0,22.33,18.74,46.61,0.3,0.3
707664,49.79,49.74,707290,707290,0.09,49.7,50.3,1,0,22.33,18.78,46.61,0.3,0.3
708171,49.79,49.74,707290,707290,0.09,49.7,50.3,1,0,22.33,18.78,46.61,0.3,0.3
708678,49.79,49.77,708290,708290,0.03,49.7,50.3,1,0,22.39,18.76,49.77,0.3,0.3
709185,49.79,49.77,708290,708290,0.03,49.7,50.3,1,0,22.39,18.76,49.77,0.3,0.3
709692,49.93,49.78,709290,709290,0.01,49.7,50.3,1,0,22.5,18.76,49.78,0.3,0.3
710199,49.93,49.78,709290,709290,0.01,49.7,50.3,1,0,22.5,18.76,49.78,0.3,0.3
710706,49.93,49.88,710290,710290,0.09,49.7,50.3,1,0,22.5,18.83,49.88,0.3,0.3
711214,50.0,49.88,710290,710290,0.09,49.7,50.3,1,0,22.44,18.83,49.88,0.3,0.3
711721,50.0,49.96,711290,711290,0.08,49.7,50.3,1,0,22.44,18.83,49.96,0.3,0.3
712228,50.08,49.96,711290,711290,0.08,49.7,50.3,1,0,22.13,18.83,49.96,0.3,0.3
712735,50.08,50.04,712290,712290,0.08,49.7,50.3,1,0,22.13,18.87,50.04,0.3,0.3
713242,50.08,50.04,712290,712290,0.08,49.7,50.3,1,0,22.13,18.87,50.04,0.3,0.3
713749,50.16,50.07,713290,713290,0.02,49.7,50.3,1,0,22.46,18.87,50.07,0.3,0.3
714256,50.16,50.07,713290,713290,0.02,49.7,50.3,1,0,22.46,18.87,50.07,0.3,0.3
714763,50.2,50.13,714290,714290,0.06,49.7,50.3,1,0,22.07,18.89,50.13,0.3,0.3
715270,50.2,50.13,714290,714290,0.06,49.7,50.3,1,0,22.07,18.89,50.13,0.3,0.3
715777,50.2,50.18,715290,715290,0.04,49.7,50.3,0,0,22.07,18.91,50.18,0.3,0.3
716284,50.27,50.18,715290,715290,0.04,49.7,50.3,0,0,22.18,18.91,50.18,0.3,0.3
716791,50.27,50.24,716291,716291,0.06,49.7,50.3,0,0,22.18,18.95,50.24,0.3,0.3
717299,50.39,50.34,717292,717292,0.1,49.7,50.3,0,0,22.03,18.98,50.24,0.3,0.3
717807,50.39,50.34,717292,717292,0.1,49.7,50.3,0,0,22.03,18.98,50.24,0.3,0.3
718314,50.42,50.39,718292,718292,0.05,49.7,50.3,0,0,22.03,18.98,50.24,0.3,0.3
718821,50.42,50.39,718292,718292,0.05,49.7,50.3,0,0,22.03,18.98,50.24,0.3,0.3
719328,50.42,50.41,719292,719292,0.01,49.7,50.3,0,0,22.03,18.98,50.24,0.3,0.3
719835,50.52,50.41,719292,719292,0.01,49.7,50.3,0,0,21.79,18.98,50.24,0.3,0.3
720342,50.52,50.48,720292,720292,0.06,49.7,50.3,1,0,21.79,19.02,50.24,0.3,0.3
720849,50.61,50.48,720292,720292,0.06,49.7,50.3,1,0,21.79,19.02,50.24,0.3,0.3
721356,50.61,50.57,721292,721292,0.08,49.7,50.3,1,0,21.79,19.04,50.57,0.3,0.3
721863,50.66,50.57,721292,721292,0.08,49.7,50.3,1,0,21.92,19.04,50.57,0.3,0.3
722370,50.66,50.63,722292,722292,0.06,49.7,50.3,1,0,21.92,19.04,50.63,0.3,0.3
722878,50.66,50.63,722292,722292,0.06,49.7,50.3,1,0,21.92,19.04,50.63,0.3,0.3
723386,50.78,50.73,723292,723292,0.1,49.7,50.3,1,0,21.7,19.11,50.73,0.3,0.3
723894,50.78,50.73,723292,723292,0.1,49.7,50.3,1,0,21.7,19.11,50.73,0.3,0.3
724402,50.84,50.8,724292,724292,0.07,49.7,50.3,1,0,21.81,19.12,50.8,0.3,0.3
724909,50.84,50.8,724292,724292,0.07,49.7,50.3,1,0,21.81,19.12,50.8,0.3,0.3
725416,50.84,50.83,725292,725292,0.02,49.7,50.3,1,0,21.81,19.12,50.83,0.3,0.3
725923,50.96,50.83,725292,725292,0.02,49.7,50.3,1,0,21.72,19.12,50.83,0.3,0.3
726430,50.96,50.91,726292,726292,0.08,49.7,50.3,1,0,21.72,19.14,50.91,0.3,0.3
726937,51.09,50.91,726292,726292,0.08,49.7,50.3,1,0,21.55,19.14,50.91,0.3,0.3
727444,51.09,51.03,727292,727292,0.12,49.7,50.3,1,0,21.55,19.19,51.03,0.3,0.3
727952,51.09,51.03,727292,727292,0.12,49.7,50.3,1,0,21.1,19.19,51.03,0.3,0.3
728460,51.09,51.07,728292,728292,0.03,49.7,50.3,1,0,21.1,19.19,51.07,0.3,0.3
728967,51.23,51.07,728292,728292,0.03,49.7,50.3,1,0,21.18,19.19,51.07,0.3,0.3
729474,51.23,51.18,729292,729292,0.1,49.7,50.3,1,0,21.18,19.25,51.18,0.3,0.3
729981,51.32,51.18,729292,729292,0.1,49.7,50.3,1,0,21.42,19.25,51.18,0.3,0.3
730489,51.32,51.27,730292,730292,0.09,49.7,50.3,1,0,21.42,19.29,51.27,0.3,0.3
730996,51.32,51.27,730292,730292,0.09,49.7,50.3,1,0,21.42,19.29,51.27,0.3,0.3
731503,51.4,51.36,731292,731292,0.08,49.7,50.3,1,0,21.16,19.3,51.36,0.3,0.3
732010,51.4,51.36,731292,731292,0.08,49.7,50.3,1,0,21.16,19.3,51.36,0.3,0.3
732517,51.48,51.44,732292,732292,0.08,49.7,50.3,1,0,21.01,19.33,51.44,0.3,0.3
733024,51.48,51.44,732292,732292,0.08,49.7,50.3,1,0,21.01,19.33,51.44,0.3,0.3
733531,51.55,51.52,733292,733292,0.07,49.7,50.3,1,0,20.66,19.36,51.52,0.3,0.3
734038,51.55,51.52,733292,733292,0.07,49.7,50.3,1,0,20.66,19.36,51.52,0.3,0.3
734545,51.55,51.54,734292,734292,0.02,49.7,50.3,1,0,20.66,19.36,51.54,0.3,0.3
735052,51.69,51.54,734292,734292,0.02,49.7,50.3,1,0,20.45,19.36,51.54,0.3,0.3
735560,51.69,51.64,735292,735292,0.09,49.7,50.3,1,0,20.45,19.39,51.64,0.3,0.3
736068,51.82,51.64,735292,735292,0.09,49.7,50.3,1,0,20.36,19.39,51.64,0.3,0.3
736575,51.82,51.76,736292,736292,0.12,49.7,50.3,1,0,20.36,19.44,51.76,0.3,0.3
737083,51.82,51.76,736292,736292,0.12,49.7,50.3,1,0,20.36,19.44,51.76,0.3,0.3
737590,51.82,51.8,737292,737292,0.04,49.7,50.3,1,0,20.36,19.44,51.8,0.3,0.3
738097,51.98,51.8,737292,737292,0.04,49.7,50.3,1,0,20.08,19.44,51.8,0.3,0.3
738604,51.98,51.92,738292,738292,0.11,49.7,50.3,1,0,20.08,19.47,51.92,0.3,0.3
739112,51.98,51.92,738292,738292,0.11,49.7,50.3,1,0,20.08,19.47,51.92,0.3,0.3
739620,52.09,52.03,739292,739292,0.11,49.7,50.3,1,0,20.02,19.51,52.03,0.3,0.3
740127,52.09,52.03,739292,739292,0.11,49.7,50.3,1,0,20.02,19.51,52.03,0.3,0.3
740635,52.17,52.07,740292,740292,0.03,49.7,50.3,1,0,19.65,19.51,52.07,0.3,0.3
741142,52.17,52.07,740292,740292,0.03,49.7,50.3,1,0,19.65,19.51,52.07,0.3,0.3
741649,52.26,52.14,741292,741292,0.07,49.7,50.3,1,0,19.67,19.57,52.14,0.3,0.3
742156,52.26,52.14,741292,741292,0.07,49.7,50.3,1,0,19.67,19.57,52.14,0.3,0.3
742663,52.26,52.22,742292,742292,0.07,49.7,50.3,1,0,19.67,19.6,52.22,0.3,0.3
743170,52.35,52.22,742292,742292,0.07,49.7,50.3,1,0,19.31,19.6,52.22,0.3,0.3
743677,52.35,52.31,743292,743292,0.08,49.7,50.3,1,0,19.31,19.63,52.31,0.3,0.3
744184,52.44,52.31,743292,743292,0.08,49.7,50.3,1,0,19.22,19.63,52.31,0.3,0.3
744691,52.44,52.4,744292,744292,0.08,49.7,50.3,1,0,19.22,19.62,52.4,0.3,0.3
745198,52.56,52.4,744292,744292,0.08,49.7,50.3,1,0,19.07,19.62,52.4,0.3,0.3
745705,52.56,52.51,745292,745292,0.11,49.7,50.3,1,0,19.07,19.67,52.51,0.3,0.3
746213,52.56,52.51,745292,745292,0.11,49.7,50.3,1,0,19.07,19.67,52.51,0.3,0.3
746721,52.56,52.55,746292,746292,0.03,49.7,50.3,1,0,18.94,19.67,52.55,0.3,0.3
747228,52.56,52.55,746292,746292,0.03,49.7,50.3,1,0,18.94,19.67,52.55,0.3,0.3
747735,52.67,52.56,747292,747292,0.01,49.7,50.3,1,0,18.72,19.67,52.56,0.3,0.3
748242,52.67,52.56,747292,747292,0.01,49.7,50.3,1,0,18.72,19.67,52.56,0.3,0.3
748749,52.67,52.64,748292,748292,0.07,49.7,50.3,1,0,18.72,19.72,52.64,0.3,0.3
749256,52.67,52.64,748292,748292,0.07,49.7,50.3,1,0,18.72,19.72,52.64,0.3,0.3
749763,52.76,52.72,749292,749292,0.08,49.7,50.3,1,0,18.6,19.73,52.72,0.3,0.3
750270,52.76,52.72,749292,749292,0.08,49.7,50.3,1,0,18.6,19.73,52.72,0.3,0.3
750777,52.82,52.75,750292,750292,0.02,49.7,50.3,1,0,18.42,19.73,52.75,0.3,0.3
751284,52.82,52.75,750292,750292,0.02,49.7,50.3,1,0,18.42,19.73,52.75,0.3,0.3
751791,52.86,52.8,751292,751292,0.04,49.7,50.3,1,0,18.23,19.75,52.8,0.3,0.3
752298,52.86,52.84,752292,752292,0.04,49.7,50.3,1,0,18.23,19.78,52.84,0.3,0.3
752807,52.86,52.84,752292,752292,0.04,49.7,50.3,1,0,18.23,19.78,52.84,0.3,0.3
753315,52.89,52.87,753292,753292,0.03,49.7,50.3,1,0,18.04,19.79,52.87,0.3,0.3
753822,52.89,52.87,753292,753292,0.03,49.7,50.3,1,0,18.04,19.79,52.87,0.3,0.3
754329,52.89,52.88,754292,754292,0.01,49.7,50.3,1,0,18.04,19.79,52.88,0.3,0.3
754836,52.97,52.88,754292,754292,0.01,49.7,50.3,1,0,17.69,19.79,52.88,0.3,0.3
755343,52.97,52.94,755292,755292,0.05,49.7,50.3,1,0,17.69,19.78,52.94,0.3,0.3
755850,52.97,52.94,755292,755292,0.05,49.7,50.3,1,0,17.69,19.78,52.94,0.3,0.3
756357,52.97,52.96,756292,756292,0.02,49.7,50.3,1,0,17.78,19.8,52.96,0.3,0.3
756864,52.97,52.96,756292,756292,0.02,49.7,50.3,1,0,17.78,19.8,52.96,0.3,0.3
757371,53.03,52.97,757292,757292,0.0,49.7,50.3,1,0,17.63,19.8,52.97,0.3,0.3
757878,53.03,52.97,757292,757292,0.0,49.7,50.3,1,0,17.63,19.8,52.97,0.3,0.3
758386,53.03,53.01,758292,758292,0.04,49.7,50.3,1,0,17.63,19.82,53.01,0.3,0.3
758893,53.03,53.01,758292,758292,0.04,49.7,50.3,1,0,17.63,19.82,53.01,0.3,0.3
759400,53.03,53.03,759292,759292,0.01,49.7,50.3,1,0,17.63,19.82,53.03,0.3,0.3
759907,53.02,53.03,759292,759292,0.01,49.7,50.3,1,0,17.2,19.82,53.03,0.3,0.3
760414,53.02,53.03,760292,760292,0.0,49.7,50.3,1,0,17.2,19.83,53.03,0.3,0.3
760928,53.01,53.03,760292,760292,0.0,49.7,50.3,1,0,17.11,19.83,53.03,0.3,0.3
761436,53.01,53.02,761292,761292,0.0,49.7,50.3,1,0,17.11,19.83,53.03,0.3,0.3
761943,53.01,53.02,761292,761292,0.0,49.7,50.3,1,0,17.11,19.83,53.03,0.3,0.3
762450,53.01,53.01,762293,762293,0.0,49.7,50.3,1,0,17.11,19.83,53.03,0.3,0.3
762957,53.0,53.01,762293,762293,0.0,49.7,50.3,1,0,16.92,19.83,53.03,0.3,0.3
763464,53.0,53.0,763293,763293,0.0,49.7,50.3,1,0,16.92,19.82,53.03,0.3,0.3
763971,53.03,53.0,763293,763293,0.0,49.7,50.3,1,0,16.79,19.82,53.03,0.3,0.3
764478,53.03,53.02,764293,764293,0.02,49.7,50.3,1,0,16.79,19.82,53.03,0.3,0.3
764985,53.03,53.02,764293,764293,0.02,49.7,50.3,1,0,16.79,19.82,53.03,0.3,0.3
765492,52.96,52.98,765293,765293,0.0,49.7,50.3,1,0,16.7,19.82,53.03,0.3,0.3
765999,52.96,52.98,765293,765293,0.0,49.7,50.3,1,0,16.7,19.82,53.03,0.3,0.3
766506,52.96,52.97,766293,766293,0.0,49.7,50.3,1,0,16.61,19.82,53.03,0.3,0.3
767014,52.96,52.97,766293,766293,0.0,49.7,50.3,1,0,16.61,19.82,53.03,0.3,0.3
767522,52.91,52.96,767293,767293,0.0,49.7,50.3,1,0,16.44,19.79,53.03,0.3,0.3
768029,52.91,52.96,767293,767293,0.0,49.7,50.3,1,0,16.44,19.79,53.03,0.3,0.3
768536,52.91,52.93,768293,768293,0.0,49.7,50.3,1,0,16.44,19.81,53.03,0.3,0.3
769043,52.86,52.93,768293,768293,0.0,49.7,50.3,1,0,16.31,19.81,53.03,0.3,0.3
769550,52.86,52.88,769293,769293,0.0,49.7,50.3,1,0,16.31,19.78,53.03,0.3,0.3
770057,52.88,52.88,769293,769293,0.0,49.7,50.3,1,0,16.1,19.78,53.03,0.3,0.3
770564,52.88,52.88,770293,770293,0.0,49.7,50.3,1,0,16.1,19.77,53.03,0.3,0.3
771071,52.82,52.88,770293,770293,0.0,49.7,50.3,1,0,16.14,19.77,53.03,0.3,0.3
771578,52.82,52.84,771293,771293,0.0,49.7,50.3,1,0,16.14,19.74,53.03,0.3,0.3
772085,52.82,52.84,771293,771293,0.0,49.7,50.3,1,0,16.14,19.74,53.03,0.3,0.3
772592,52.74,52.82,772293,772293,0.0,49.7,50.3,1,0,15.94,19.74,53.03,0.3,0.3
773099,52.74,52.82,772293,772293,0.0,49.7,50.3,1,0,15.94,19.74,53.03,0.3,0.3
773607,52.74,52.76,773293,773293,0.0,49.7,50.3,1,0,15.94,19.73,53.03,0.3,0.3
774114,52.73,52.76,773293,773293,0.0,49.7,50.3,1,0,15.75,19.73,53.03,0.3,0.3
774621,52.73,52.74,774293,774293,0.0,49.7,50.3,1,0,15.75,19.74,53.03,0.3,0.3
775128,52.62,52.74,774293,774293,0.0,49.7,50.3,1,0,15.68,19.74,53.03,0.3,0.3
775635,52.62,52.66,775293,775293,0.0,49.7,50.3,1,0,15.68,19.71,53.03,0.3,0.3
776142,52.62,52.66,775293,775293,0.0,49.7,50.3,1,0,15.68,19.71,53.03,0.3,0.3
776649,52.59,52.63,776293,776293,0.0,49.7,50.3,1,0,15.66,19.71,53.03,0.3,0.3
777156,52.59,52.63,776293,776293,0.0,49.7,50.3,1,0,15.66,19.71,53.03,0.3,0.3
777663,52.59,52.61,777293,777293,0.0,49.7,50.3,1,0,15.66,19.71,53.03,0.3,0.3
778170,52.59,52.61,777293,777293,0.0,49.7,50.3,1,0,15.66,19.71,53.03,0.3,0.3
778677,52.47,52.6,778293,778293,0.0,49.7,50.3,1,0,15.32,19.71,53.03,0.3,0.3
779184,52.47,52.6,778293,778293,0.0,49.7,50.3,1,0,15.32,19.71,53.03,0.3,0.3
779691,52.47,52.51,779293,779293,0.0,49.7,50.3,1,0,15.32,19.66,53.03,0.3,0.3
780198,52.4,52.51,779293,779293,0.0,49.7,50.3,1,0,15.27,19.66,53.03,0.3,0.3
780705,52.4,52.44,780293,780293,0.0,49.7,50.3,1,0,15.27,19.62,53.03,0.3,0.3
781212,52.32,52.44,780293,780293,0.0,49.7,50.3,1,0,15.23,19.62,53.03,0.3,0.3
781719,52.32,52.36,781293,781293,0.0,49.7,50.3,1,0,15.23,19.62,53.03,0.3,0.3
782227,52.32,52.36,781293,781293,0.0,49.7,50.3,1,0,15.23,19.62,53.03,0.3,0.3
782734,52.32,52.33,782293,782293,0.0,49.7,50.3,1,0,15.23,19.62,53.03,0.3,0.3
783241,52.32,52.33,782293,782293,0.0,49.7,50.3,1,0,15.23,19.62,53.03,0.3,0.3
783748,52.15,52.21,783293,783293,0.0,49.7,50.3,1,0,15.08,19.56,53.03,0.3,0.3
784255,52.15,52.21,783293,783293,0.0,49.7,50.3,1,0,15.08,19.56,53.03,0.3,0.3
784762,52.07,52.17,784293,784293,0.0,49.7,50.3,1,0,14.93,19.56,53.03,0.3,0.3
785269,52.07,52.17,784293,784293,0.0,49.7,50.3,1,0,14.93,19.56,53.03,0.3,0.3
785776,52.07,52.1,785293,785293,0.0,49.7,50.3,1,0,14.93,19.54,53.03,0.3,0.3
786283,51.95,52.1,785293,785293,0.0,49.7,50.3,1,0,14.73,19.54,53.03,0.3,0.3
786790,51.95,52.0,786293,786293,0.0,49.7,50.3,1,0,14.73,19.5,53.03,0.3,0.3
787297,51.95,51.96,787293,787293,0.0,49.7,50.3,1,0,14.73,19.5,53.03,0.3,0.3
787804,51.92,51.96,787293,787293,0.0,49.7,50.3,1,0,15.01,19.5,53.03,0.3,0.3
788311,51.92,51.93,788293,788293,0.0,49.7,50.3,1,0,15.01,19.49,53.03,0.3,0.3
788818,51.92,51.93,788293,788293,0.0,49.7,50.3,1,0,15.01,19.49,53.03,0.3,0.3
789325,51.92,51.92,789293,789293,0.0,49.7,50.3,1,0,15.01,19.49,53.03,0.3,0.3
789832,51.77,51.92,789293,789293,0.0,49.7,50.3,1,0,14.58,19.49,53.03,0.3,0.3
790339,51.77,51.82,790293,790293,0.0,49.7,50.3,1,0,14.58,19.43,53.03,0.3,0.3
790846,51.77,51.82,790293,790293,0.0,49.7,50.3,1,0,14.58,19.43,53.03,0.3,0.3
791353,51.62,51.69,791293,791293,0.0,49.7,50.3,1,1,14.36,19.4,53.03,0.3,0.3
791860,51.62,51.69,791293,791293,0.0,49.7,50.3,1,1,14.36,19.4,53.03,0.3,0.3
792367,51.62,51.65,792293,792293,0.0,49.7,50.3,1,1,14.36,19.4,53.03,0.3,0.3
792874,51.61,51.65,792293,792293,0.0,49.7,50.3,1,1,14.64,19.4,53.03,0.3,0.3
793381,51.61,51.62,793293,793293,0.0,49.7,50.3,1,1,14.64,19.4,53.03,0.3,0.3
793888,51.61,51.62,793293,793293,0.0,49.7,50.3,1,1,14.64,19.4,53.03,0.3,0.3
794395,51.56,51.58,794293,794293,0.0,49.7,50.3,1,1,15.62,19.38,53.03,0.3,0.3
794902,51.56,51.58,794293,794293,0.0,49.7,50.3,1,1,15.62,19.38,53.03,0.3,0.3
795409,51.56,51.56,795293,795293,0.0,49.7,50.3,1,1,15.62,19.38,53.03,0.3,0.3
795916,50.65,51.56,795293,795293,0.0,49.7,50.3,1,1,16.03,19.38,53.03,0.3,0.3
796423,50.65,50.95,796293,796293,0.0,49.7,50.3,1,1,16.03,19.05,53.03,0.3,0.3
796930,50.65,50.95,796293,796293,0.0,49.7,50.3,1,1,16.03,19.05,53.03,0.3,0.3
797437,49.72,50.12,797293,797293,0.0,49.7,50.3,0,0,16.4,18.73,53.03,0.3,0.3
797944,49.72,50.12,797293,797293,0.0,49.7,50.3,0,0,16.4,18.73,53.03,0.3,0.3
798451,48.92,49.32,798293,798293,0.0,49.7,50.3,0,0,16.44,18.43,49.32,0.3,0.3
798959,48.92,49.32,798293,798293,0.0,49.7,50.3,0,0,16.44,18.43,49.32,0.3,0.3
799467,48.28,49.05,799293,799293,0.0,49.7,50.3,0,0,16.27,18.43,49.05,0.3,0.3
799974,48.28,49.05,799293,799293,0.0,49.7,50.3,0,0,16.27,18.43,49.05,0.3,0.3
800481,47.88,48.54,800293,800293,0.0,49.7,50.3,0,0,16.2,18.21,48.54,0.3,0.3
800988,47.88,48.54,800293,800293,0.0,49.7,50.3,0,0,16.2,18.21,48.54,0.3,0.3
801495,47.88,48.09,801293,801293,0.0,49.7,50.3,0,0,16.2,18.05,48.09,0.3,0.3
802002,47.88,48.09,801293,801293,0.0,49.7,50.3,0,0,16.2,18.05,48.09,0.3,0.3
802509,47.41,47.63,802293,802293,0.0,49.7,50.3,0,0,15.55,17.91,47.63,0.3,0.3
803016,47.41,47.63,802293,802293,0.0,49.7,50.3,0,0,15.55,17.91,47.63,0.3,0.3
803523,47.35,47.44,803293,803293,0.0,49.7,50.3,0,0,15.49,17.87,47.44,0.3,0.3
804030,47.35,47.44,803293,803293,0.0,49.7,50.3,0,0,15.49,17.87,47.44,0.3,0.3
804537,47.28,47.38,804293,804293,0.0,49.7,50.3,0,0,15.27,17.87,47.38,0.3,0.3
805044,47.28,47.38,804293,804293,0.0,49.7,50.3,0,0,15.27,17.87,47.38,0.3,0.3
805551,47.21,47.32,805293,805293,0.0,49.7,50.3,0,0,15.25,17.84,47.32,0.3,0.3
806058,47.21,47.32,805293,805293,0.0,49.7,50.3,0,0,15.25,17.84,47.32,0.3,0.3
806565,47.21,47.25,806293,806293,0.0,49.7,50.3,0,0,15.25,17.8,47.25,0.3,0.3
807072,47.19,47.25,806293,806293,0.0,49.7,50.3,0,0,15.29,17.8,47.25,0.3,0.3
807579,47.19,47.21,807293,807293,0.0,49.7,50.3,0,0,15.29,17.82,47.21,0.3,0.3
808086,47.2,47.21,807293,807293,0.0,49.7,50.3,0,0,15.51,17.82,47.21,0.3,0.3
808593,47.2,47.21,808293,808293,0.0,49.7,50.3,0,0,15.51,17.83,47.21,0.3,0.3
809100,47.21,47.21,808293,808293,0.0,49.7,50.3,0,0,15.55,17.83,47.21,0.3,0.3
809607,47.21,47.21,809293,809293,0.0,49.7,50.3,0,0,15.55,17.85,47.21,0.3,0.3
810114,47.25,47.21,809293,809293,0.0,49.7,50.3,0,0,15.77,17.85,47.21,0.3,0.3
810621,47.25,47.24,810293,810293,0.03,49.7,50.3,0,0,15.77,17.83,47.21,0.3,0.3
811129,47.25,47.24,810293,810293,0.03,49.7,50.3,0,0,15.77,17.83,47.21,0.3,0.3
811637,47.28,47.25,811293,811293,0.01,49.7,50.3,0,0,15.66,17.83,47.21,0.3,0.3
812144,47.28,47.25,811293,811293,0.01,49.7,50.3,0,0,15.66,17.83,47.21,0.3,0.3
812651,47.24,47.27,812293,812293,0.01,49.7,50.3,0,0,15.86,17.87,47.21,0.3,0.3
813158,47.24,47.27,812293,812293,0.01,49.7,50.3,0,0,15.86,17.87,47.21,0.3,0.3
813665,47.26,47.25,813293,813293,0.0,49.7,50.3,0,0,16.14,17.84,47.21,0.3,0.3
814172,47.26,47.25,813293,813293,0.0,49.7,50.3,0,0,16.14,17.84,47.21,0.3,0.3
814679,47.26,47.26,814293,814293,0.0,49.7,50.3,0,0,16.14,17.86,47.21,0.3,0.3
815186,47.34,47.26,814293,814293,0.0,49.7,50.3,0,0,16.1,17.86,47.21,0.3,0.3
815693,47.34,47.31,815293,815293,0.05,49.7,50.3,0,0,16.1,17.88,47.21,0.3,0.3
816200,47.34,47.31,815293,815293,0.05,49.7,50.3,0,0,16.1,17.88,47.21,0.3,0.3
816707,47.34,47.33,816293,816293,0.01,49.7,50.3,0,0,16.1,17.88,47.21,0.3,0.3
817214,47.35,47.33,816293,816293,0.01,49.7,50.3,0,0,15.71,17.88,47.21,0.3,0.3
817721,47.35,47.35,817293,817293,0.01,49.7,50.3,0,0,15.71,17.89,47.21,0.3,0.3
818228,47.35,47.35,817293,817293,0.01,49.7,50.3,0,0,15.71,17.89,47.21,0.3,0.3
818735,47.35,47.35,818293,818293,0.0,49.7,50.3,0,0,15.71,17.89,47.21,0.3,0.3
819242,47.41,47.35,818293,818293,0.0,49.7,50.3,0,0,16.7,17.89,47.21,0.3,0.3
819749,47.41,47.39,819293,819293,0.03,49.7,50.3,0,0,16.7,17.92,47.21,0.3,0.3
820256,47.41,47.39,819293,819293,0.03,49.7,50.3,0,0,16.7,17.92,47.21,0.3,0.3
820763,47.41,47.4,820293,820293,0.01,49.7,50.3,0,0,16.7,17.92,47.21,0.3,0.3
821270,47.5,47.4,820293,820293,0.01,49.7,50.3,0,0,16.7,17.92,47.21,0.3,0.3
821777,47.5,47.47,821293,821293,0.06,49.7,50.3,0,0,16.7,17.94,47.21,0.3,0.3
822284,47.48,47.47,821293,821293,0.06,49.7,50.3,0,0,16.96,17.94,47.21,0.3,0.3
822792,47.48,47.47,822293,822293,0.0,49.7,50.3,0,0,16.96,17.96,47.21,0.3,0.3
823299,47.57,47.54,823293,823293,0.06,49.7,50.3,0,0,17.11,17.96,47.21,0.3,0.3
823806,47.57,47.54,823293,823293,0.06,49.7,50.3,0,0,17.11,17.96,47.21,0.3,0.3
824313,47.57,47.56,824293,824293,0.02,49.7,50.3,0,0,17.11,17.96,47.21,0.3,0.3
824820,47.63,47.56,824293,824293,0.02,49.7,50.3,0,0,17.09,17.96,47.21,0.3,0.3
825327,47.63,47.6,825293,825293,0.04,49.7,50.3,0,0,17.09,18.01,47.21,0.3,0.3
825836,47.61,47.6,825293,825293,0.04,49.7,50.3,0,0,17.32,18.01,47.21,0.3,0.3
826344,47.61,47.61,826293,826293,0.0,49.7,50.3,0,0,17.32,18.0,47.21,0.3,0.3
826851,47.61,47.61,826293,826293,0.0,49.7,50.3,0,0,17.32,18.0,47.21,0.3,0.3
827358,47.64,47.63,827293,827293,0.01,49.7,50.3,0,0,17.32,18.0,47.21,0.3,0.3
827865,47.64,47.63,827293,827293,0.01,49.7,50.3,0,0,17.32,18.0,47.21,0.3,0.3
828372,47.63,47.63,828293,828293,0.0,49.7,50.3,0,0,17.71,18.01,47.21,0.3,0.3
828880,47.63,47.63,828293,828293,0.0,49.7,50.3,0,0,17.71,18.01,47.21,0.3,0.3
829387,47.63,47.63,829293,829293,0.0,49.7,50.3,0,0,17.71,18.01,47.21,0.3,0.3
829894,47.68,47.63,829293,829293,0.0,49.7,50.3,0,0,17.97,18.01,47.21,0.3,0.3
830401,47.68,47.66,830293,830293,0.03,49.7,50.3,0,0,17.97,18.04,47.21,0.3,0.3
830908,47.74,47.66,830293,830293,0.03,49.7,50.3,0,0,18.1,18.04,47.21,0.3,0.3
831415,47.74,47.71,831293,831293,0.05,49.7,50.3,0,0,18.1,18.06,47.21,0.3,0.3
831922,47.68,47.71,831293,831293,0.05,49.7,50.3,0,0,18.25,18.06,47.21,0.3,0.3
832429,47.68,47.69,832293,832293,0.0,49.7,50.3,0,0,18.25,18.01,47.21,0.3,0.3
832936,47.75,47.69,832293,832293,0.0,49.7,50.3,0,0,18.34,18.01,47.21,0.3,0.3
833443,47.75,47.73,833293,833293,0.04,49.7,50.3,0,0,18.34,18.07,47.21,0.3,0.3
833950,47.75,47.73,833293,833293,0.04,49.7,50.3,0,0,18.34,18.07,47.21,0.3,0.3
834457,47.75,47.74,834293,834293,0.01,49.7,50.3,0,0,18.34,18.07,47.21,0.3,0.3
834964,47.75,47.74,834293,834293,0.01,49.7,50.3,0,0,18.72,18.07,47.21,0.3,0.3
835471,47.75,47.75,835293,835293,0.0,49.7,50.3,0,0,18.72,18.06,47.21,0.3,0.3
835978,47.76,47.75,835293,835293,0.0,49.7,50.3,0,0,18.55,18.06,47.21,0.3,0.3
836485,47.76,47.76,836293,836293,0.01,49.7,50.3,0,0,18.55,18.06,47.21,0.3,0.3
836992,47.8,47.76,836293,836293,0.01,49.7,50.3,0,0,18.66,18.06,47.21,0.3,0.3
837499,47.8,47.79,837293,837293,0.03,49.7,50.3,0,0,18.66,18.09,47.21,0.3,0.3
838021,47.84,47.79,837293,837293,0.03,49.7,50.3,0,0,18.81,18.09,47.21,0.3,0.3
838529,47.84,47.83,838293,838293,0.03,49.7,50.3,0,0,18.81,18.09,47.21,0.3,0.3
839036,47.84,47.83,838293,838293,0.03,49.7,50.3,0,0,18.81,18.09,47.21,0.3,0.3
839543,47.84,47.84,839293,839293,0.01,49.7,50.3,0,0,18.81,18.09,47.21,0.3,0.3
840050,47.84,47.84,839293,839293,0.01,49.7,50.3,0,0,19.13,18.09,47.21,0.3,0.3
840557,47.84,47.84,840293,840293,0.0,49.7,50.3,0,0,19.13,18.1,47.21,0.3,0.3
841064,47.84,47.84,840293,840293,0.0,49.7,50.3,0,0,19.13,18.1,47.21,0.3,0.3
841571,47.94,47.84,841293,841293,0.0,49.7,50.3,0,0,19.07,18.1,47.21,0.3,0.3
842078,47.94,47.84,841293,841293,0.0,49.7,50.3,0,0,19.07,18.1,47.21,0.3,0.3
842585,47.93,47.91,842293,842293,0.06,49.7,50.3,0,0,19.28,18.12,47.21,0.3,0.3
843092,47.93,47.91,842293,842293,0.06,49.7,50.3,0,0,19.28,18.12,47.21,0.3,0.3
843601,47.93,47.92,843293,843293,0.01,49.7,50.3,0,0,19.28,18.13,47.21,0.3,0.3
844109,47.98,47.92,843293,843293,0.01,49.7,50.3,0,0,19.37,18.13,47.21,0.3,0.3
844616,47.98,47.96,844296,844296,0.03,49.7,50.3,0,0,19.37,18.14,47.21,0.3,0.3
845123,48.05,47.96,844296,844296,0.03,49.7,50.3,0,0,19.61,18.14,47.21,0.3,0.3
845630,48.05,48.02,845296,845296,0.06,49.7,50.3,0,0,19.61,18.17,47.21,0.3,0.3
846137,48.05,48.02,845296,845296,0.06,49.7,50.3,0,0,19.61,18.17,47.21,0.3,0.3
846644,48.11,48.08,846296,846296,0.06,49.7,50.3,0,0,19.05,18.19,47.21,0.3,0.3
847151,48.11,48.08,846296,846296,0.06,49.7,50.3,0,0,19.05,18.19,47.21,0.3,0.3
847658,48.11,48.1,847296,847296,0.02,49.7,50.3,0,0,19.05,18.19,47.21,0.3,0.3
848165,48.11,48.1,847296,847296,0.02,49.7,50.3,0,0,19.05,18.19,47.21,0.3,0.3
848672,48.11,48.11,848298,848298,0.0,49.7,50.3,0,0,19.05,18.19,47.21,0.3,0.3
849179,48.14,48.11,848298,848298,0.0,49.7,50.3,0,0,20.0,18.19,47.21,0.3,0.3
849686,48.14,48.13,849299,849299,0.02,49.7,50.3,0,0,20.0,18.2,47.21,0.3,0.3
850193,48.22,48.13,849299,849299,0.02,49.7,50.3,0,0,20.08,18.2,47.21,0.3,0.3
850700,48.22,48.19,850299,850299,0.05,49.7,50.3,0,0,20.08,18.23,47.21,0.3,0.3
851207,48.25,48.19,850299,850299,0.05,49.7,50.3,0,0,20.21,18.23,47.21,0.3,0.3
851714,48.25,48.23,851299,851299,0.04,49.7,50.3,0,0,20.21,18.25,47.21,0.3,0.3
852222,48.25,48.23,851299,851299,0.04,49.7,50.3,0,0,20.21,18.25,47.21,0.3,0.3
852730,48.25,48.24,852299,852299,0.01,49.7,50.3,0,0,20.34,18.25,47.21,0.3,0.3
853237,48.25,48.24,852299,852299,0.01,49.7,50.3,0,0,20.34,18.25,47.21,0.3,0.3
853744,48.25,48.25,853302,853302,0.0,49.7,50.3,0,0,20.34,18.25,47.21,0.3,0.3
854251,48.25,48.25,853302,853302,0.0,49.7,50.3,0,0,20.34,18.25,47.21,0.3,0.3
