timestamp,raw_hum,target_hum,turn_on_thres,turn_off_thres,peltier,cold_fan,ntc_temp,dew_point,state_elapsed_ms,profile,condensing_started,fan_boost_allowed,sht30_temp
19238,72.06,60.0,59.1,61.0,0,0,30.48,26.36,19007,2,0,1,32.03
19744,72.06,60.0,59.1,61.0,0,0,30.48,26.36,19507,2,0,1,32.03
20250,72.05,60.0,59.1,61.0,1,0,30.45,26.34,0,2,0,1,32.02
20756,72.05,60.0,59.1,61.0,1,0,30.45,26.34,500,2,0,1,32.02
21262,71.99,60.0,59.1,61.0,1,0,30.24,26.34,1000,2,0,1,32.03
21768,71.99,60.0,59.1,61.0,1,0,30.24,26.34,1500,2,0,1,32.03
22274,71.99,60.0,59.1,61.0,1,0,30.24,26.34,2000,2,0,1,32.03
22780,71.98,60.0,59.1,61.0,1,0,30.41,26.34,2500,2,0,1,32.02
23286,71.98,60.0,59.1,61.0,1,0,30.41,26.32,3000,2,0,1,32.02
23792,71.98,60.0,59.1,61.0,1,0,30.41,26.32,3502,2,0,1,32.02
24298,71.95,60.0,59.1,61.0,1,0,30.45,26.3,4004,2,0,1,32.0
24804,71.95,60.0,59.1,61.0,1,0,30.45,26.3,4504,2,0,1,32.0
25310,71.96,60.0,59.1,61.0,1,0,30.27,26.32,5004,2,0,1,32.02
25816,71.96,60.0,59.1,61.0,1,0,30.27,26.32,5504,2,0,1,32.02
26322,71.98,60.0,59.1,61.0,1,0,30.2,26.32,6004,2,0,1,32.04
26828,71.98,60.0,59.1,61.0,1,0,30.06,26.35,6504,2,0,1,32.0
27334,71.98,60.0,59.1,61.0,1,0,30.06,26.31,7004,2,0,1,32.0
27840,71.91,60.0,59.1,61.0,1,0,30.11,26.32,7504,2,0,1,32.03
28346,71.92,60.0,59.1,61.0,1,0,30.01,26.32,8004,2,0,1,32.03
28852,71.92,60.0,59.1,61.0,1,0,30.01,26.32,8504,2,0,1,32.03
29358,71.92,60.0,59.1,61.0,1,0,29.44,26.32,9004,2,0,1,32.02
29864,71.92,60.0,59.1,61.0,1,0,29.44,26.31,9504,2,0,1,32.02
30370,71.92,60.0,59.1,61.0,1,0,29.51,26.31,10004,2,0,1,32.02
30876,71.93,60.0,59.1,61.0,1,0,29.35,26.31,10504,2,0,1,32.03
31382,71.93,60.0,59.1,61.0,1,0,29.35,26.32,11004,2,0,1,32.03
31888,71.87,60.0,59.1,61.0,1,0,29.69,26.31,11508,2,0,1,32.03
32394,71.87,60.0,59.1,61.0,1,0,29.69,26.31,12008,2,0,1,32.03
32900,71.9,60.0,59.1,61.0,1,0,29.46,26.31,12508,2,0,1,32.04
33406,71.85,60.0,59.1,61.0,1,0,28.92,26.33,13008,2,0,1,32.02
33912,71.85,60.0,59.1,61.0,1,0,28.92,26.29,13508,2,0,1,32.02
34418,71.87,60.0,59.1,61.0,1,0,28.85,26.31,14008,2,0,1,32.03
34924,71.87,60.0,59.1,61.0,1,0,28.85,26.31,14508,2,0,1,32.03
35430,71.86,60.0,59.1,61.0,1,0,28.53,26.31,15008,2,0,1,32.03
35936,71.86,60.0,59.1,61.0,1,0,28.53,26.31,15508,2,0,1,32.03
36442,71.87,60.0,59.1,61.0,1,0,28.94,26.31,16008,2,0,1,32.06
36948,71.87,60.0,59.1,61.0,1,0,28.94,26.34,16508,2,0,1,32.06
37454,71.87,60.0,59.1,61.0,1,0,28.94,26.34,17008,2,0,1,32.06
37960,71.87,60.0,59.1,61.0,1,0,28.94,26.34,17508,2,0,1,32.06
38466,71.84,60.0,59.1,61.0,1,0,28.08,26.29,18008,2,0,1,32.02
38972,71.82,60.0,59.1,61.0,1,0,27.97,26.29,18508,2,0,1,32.04
39478,71.82,60.0,59.1,61.0,1,0,27.97,26.31,19008,2,0,1,32.04
39984,71.82,60.0,59.1,61.0,1,0,27.97,26.31,19508,2,0,1,32.04
40490,71.82,60.0,59.1,61.0,1,0,27.97,26.31,20008,2,0,1,32.04
40996,71.82,60.0,59.1,61.0,1,0,27.97,26.31,20508,2,0,1,32.04
41502,71.8,60.0,59.1,61.0,1,0,27.39,26.31,21008,2,0,1,32.04
42008,71.8,60.0,59.1,61.0,1,0,27.39,26.31,21508,2,0,1,32.04
42514,71.8,60.0,59.1,61.0,1,0,27.39,26.31,22008,2,0,1,32.04
43020,71.8,60.0,59.1,61.0,1,0,27.39,26.31,23010,2,0,1,32.04
43526,71.84,60.0,59.1,61.0,1,0,26.96,26.32,23510,2,0,1,32.04
44032,71.84,60.0,59.1,61.0,1,0,26.96,26.32,24010,2,0,1,32.04
44538,71.83,60.0,59.1,61.0,1,0,26.85,26.29,24510,2,0,1,32.02
45044,71.79,60.0,59.1,61.0,1,0,26.54,26.3,25010,2,0,1,32.04
45551,71.79,60.0,59.1,61.0,1,0,26.54,26.3,25510,2,0,1,32.04
46057,71.8,60.0,59.1,61.0,1,0,26.34,26.31,26010,2,0,1,32.04
46563,71.8,60.0,59.1,61.0,1,0,26.34,26.31,26510,2,0,1,32.04
47069,71.79,60.0,59.1,61.0,1,0,26.38,26.32,27010,2,0,1,32.06
47575,71.79,60.0,59.1,61.0,1,0,26.38,26.32,27510,2,0,1,32.06
48081,71.79,60.0,59.1,61.0,1,0,26.38,26.32,28010,2,0,1,32.06
48587,71.76,60.0,59.1,61.0,1,0,25.92,26.33,28510,2,0,1,32.07
49093,71.8,60.0,59.1,61.0,1,0,25.81,26.31,29010,2,0,1,32.04
49599,71.76,60.0,59.1,61.0,1,0,25.72,26.31,29510,2,0,1,32.06
50105,71.76,60.0,59.1,61.0,1,0,25.72,26.31,30010,2,0,1,32.06
50611,71.78,60.0,59.1,61.0,1,0,25.65,26.32,30510,2,0,1,32.06
51117,71.78,60.0,59.1,61.0,1,0,25.56,26.3,31010,2,0,1,32.04
51623,71.78,60.0,59.1,61.0,1,0,25.56,26.3,31510,2,0,1,32.04
52129,71.75,60.0,59.1,61.0,1,0,25.19,26.32,32010,2,0,1,32.07
52635,71.78,60.0,59.1,61.0,1,0,25.17,26.3,32510,2,0,1,32.04
53141,71.78,60.0,59.1,61.0,1,0,25.17,26.3,33010,2,0,1,32.04
53647,71.75,60.0,59.1,61.0,1,0,24.88,26.3,33510,2,0,1,32.06
54153,71.75,60.0,59.1,61.0,1,0,24.88,26.31,34010,2,0,1,32.06
54659,71.72,60.0,59.1,61.0,1,0,24.97,26.31,34510,2,0,1,32.07
55165,71.69,60.0,59.1,61.0,1,0,24.55,26.31,35010,2,0,1,32.04
55671,71.69,60.0,59.1,61.0,1,0,24.55,26.28,35510,2,1,1,32.04
56177,71.72,60.0,59.1,61.0,1,0,24.66,26.3,36010,2,1,1,32.06
56683,71.75,60.0,59.1,61.0,1,0,24.44,26.3,36510,2,1,1,32.06
57189,71.75,60.0,59.1,61.0,1,0,24.44,26.31,37010,2,1,1,32.06
57695,71.7,60.0,59.1,61.0,1,0,24.29,26.3,37510,2,1,1,32.06
58201,71.7,60.0,59.1,61.0,1,0,24.05,26.3,38010,2,1,1,32.06
58707,71.7,60.0,59.1,61.0,1,0,24.05,26.3,38510,2,1,1,32.06
59213,71.7,60.0,59.1,61.0,1,0,24.05,26.3,39010,2,1,1,32.06
59719,71.68,60.0,59.1,61.0,1,0,23.96,26.31,39510,2,1,1,32.07
60225,71.65,60.0,59.1,61.0,1,0,23.52,26.31,40010,2,1,1,32.06
60731,71.65,60.0,59.1,61.0,1,0,23.52,26.29,40510,2,1,1,32.06
61237,71.65,60.0,59.1,61.0,1,0,23.68,26.29,41010,2,1,1,32.07
61744,71.65,60.0,59.1,61.0,1,0,23.68,26.3,41510,2,1,1,32.07
62251,71.65,60.0,59.1,61.0,1,0,23.68,26.3,42010,2,1,1,32.07
62757,71.68,60.0,59.1,61.0,1,0,23.46,26.28,42520,2,1,1,32.04
63263,71.68,60.0,59.1,61.0,1,0,23.46,26.28,43020,2,1,1,32.04
63769,71.68,60.0,59.1,61.0,1,0,23.46,26.28,43520,2,1,1,32.04
64275,71.66,60.0,59.1,61.0,1,0,23.2,26.29,44020,2,1,1,32.06
64781,71.65,60.0,59.1,61.0,1,0,23.15,26.29,44520,2,1,1,32.06
65287,71.62,60.0,59.1,61.0,1,0,23.05,26.29,45020,2,1,1,32.04
65793,71.62,60.0,59.1,61.0,1,0,22.89,26.26,45520,2,1,1,32.06
66299,71.62,60.0,59.1,61.0,1,0,22.89,26.28,46020,2,1,1,32.06
66805,71.63,60.0,59.1,61.0,1,0,22.7,26.29,46520,2,1,1,32.07
67311,71.63,60.0,59.1,61.0,1,0,22.7,26.29,47020,2,1,1,32.07
67817,71.63,60.0,59.1,61.0,1,0,22.7,26.29,47520,2,1,1,32.07
68323,71.63,60.0,59.1,61.0,1,0,22.7,26.29,48020,2,1,1,32.07
68829,71.6,60.0,59.1,61.0,1,0,22.48,26.29,48520,2,1,1,32.1
69335,71.58,60.0,59.1,61.0,1,0,22.13,26.31,49022,2,1,1,32.06
69842,71.58,60.0,59.1,61.0,1,1,22.13,26.27,49523,2,1,1,32.06
70348,71.58,60.0,59.1,61.0,1,1,22.13,26.27,50023,2,1,1,32.06
70854,71.51,60.0,59.1,61.0,1,1,22.11,26.27,50523,2,1,1,32.06
71360,71.48,60.0,59.1,61.0,1,1,22.16,26.25,51023,2,1,1,32.07
71866,71.48,60.0,59.1,61.0,1,1,22.16,26.26,51523,2,1,1,32.07
72372,71.53,60.0,59.1,61.0,1,1,22.46,26.26,52023,2,1,1,32.06
72878,71.53,60.0,59.1,61.0,1,1,22.46,26.26,52523,2,1,1,32.06
73384,71.41,60.0,59.1,61.0,1,1,22.55,26.26,53023,2,1,1,32.04
73890,71.2,60.0,59.1,61.0,1,1,22.37,26.21,53523,2,1,1,32.04
74396,70.93,60.0,59.1,61.0,1,1,22.72,26.16,54023,2,1,1,32.03
74902,70.93,60.0,59.1,61.0,1,1,22.72,26.09,54523,2,1,1,32.03
75408,70.5,60.0,59.1,61.0,1,1,22.81,26.09,55023,2,1,1,32.03
75914,70.18,60.0,59.1,61.0,1,1,22.63,25.98,55523,2,1,1,32.03
76420,70.18,60.0,59.1,61.0,1,1,22.63,25.91,56023,2,1,1,32.03
76926,69.72,60.0,59.1,61.0,1,1,22.68,25.78,56523,2,1,1,32.02
77432,69.28,60.0,59.1,61.0,1,1,22.63,25.78,57023,2,1,1,32.02
77938,69.28,60.0,59.1,61.0,1,1,22.63,25.68,57523,2,1,1,32.02
78444,69.28,60.0,59.1,61.0,1,1,22.63,25.68,58023,2,1,1,32.02
78950,69.28,60.0,59.1,61.0,1,1,22.63,25.68,58523,2,1,1,32.02
79456,67.84,60.0,59.1,61.0,1,1,22.61,25.68,59023,2,1,1,31.99
79962,67.84,60.0,59.1,61.0,1,1,22.61,25.29,59523,2,1,1,31.99
80468,67.27,60.0,59.1,61.0,1,1,22.52,25.29,60023,2,1,1,31.97
80975,66.68,60.0,59.1,61.0,1,1,22.48,25.14,60523,2,1,1,31.96
81482,66.68,60.0,59.1,61.0,1,1,22.48,24.98,61023,2,1,1,31.96
81988,66.27,60.0,59.1,61.0,1,1,22.48,24.98,61523,2,1,1,31.95
82494,66.27,60.0,59.1,61.0,1,1,22.48,24.86,62023,2,1,1,31.95
83000,66.27,60.0,59.1,61.0,1,1,22.48,24.86,62523,2,1,1,31.95
83506,65.46,60.0,59.1,61.0,1,1,22.44,24.63,63037,2,1,1,31.92
84012,65.19,60.0,59.1,61.0,1,1,22.5,24.63,63537,2,1,1,31.92
84518,64.91,60.0,59.1,61.0,1,1,22.48,24.56,64037,2,1,1,31.89
85024,64.59,60.0,59.1,61.0,1,0,22.42,24.46,64537,2,1,1,31.92
85530,64.59,60.0,59.1,61.0,1,0,22.42,24.4,65037,2,1,1,31.92
86036,64.59,60.0,59.1,61.0,1,0,22.42,24.4,65537,2,1,1,31.92
86542,63.96,60.0,59.1,61.0,1,0,22.22,24.4,66037,2,1,1,31.86
87048,63.96,60.0,59.1,61.0,1,0,22.22,24.19,66538,2,1,1,31.86
87554,63.52,60.0,59.1,61.0,1,0,21.85,24.19,67044,2,1,1,31.87
88060,63.37,60.0,59.1,61.0,1,0,21.7,24.04,68050,2,1,1,31.87
88566,63.37,60.0,59.1,61.0,1,0,21.7,24.04,68550,2,1,1,31.87
89072,63.37,60.0,59.1,61.0,1,0,21.7,24.04,69050,2,1,1,31.87
89578,63.11,60.0,59.1,61.0,1,0,21.29,23.99,69550,2,1,1,31.89
90084,63.06,60.0,59.1,61.0,1,0,21.42,23.95,70051,2,1,1,31.86
90590,63.06,60.0,59.1,61.0,1,0,21.42,23.95,70551,2,1,1,31.86
91096,63.06,60.0,59.1,61.0,1,0,21.42,23.95,71051,2,1,1,31.86
91602,63.0,60.0,59.1,61.0,1,0,20.97,23.93,71551,2,1,1,31.86
92108,63.0,60.0,59.1,61.0,1,0,20.97,23.93,72051,2,1,1,31.86
92615,63.0,60.0,59.1,61.0,1,0,20.97,23.93,72551,2,1,1,31.86
93121,62.82,60.0,59.1,61.0,1,0,20.79,23.9,73051,2,1,0,31.87
93627,62.75,60.0,59.1,61.0,1,0,20.9,23.9,73551,2,1,0,31.89
94133,62.75,60.0,59.1,61.0,1,0,20.9,23.9,74051,2,1,0,31.89
94639,62.65,60.0,59.1,61.0,1,0,20.62,23.85,74551,2,1,0,31.87
95145,62.65,60.0,59.1,61.0,1,0,20.62,23.85,75051,2,1,1,31.87
95651,62.58,60.0,59.1,61.0,1,0,20.53,23.81,75552,2,1,1,31.85
96158,62.53,60.0,59.1,61.0,1,0,20.3,23.81,76052,2,1,1,31.87
96665,62.53,60.0,59.1,61.0,1,0,20.3,23.82,76552,2,1,1,31.87
97171,62.47,60.0,59.1,61.0,1,0,20.19,23.78,77052,2,1,1,31.85
97677,62.5,60.0,59.1,61.0,1,0,20.15,23.81,77552,2,1,1,31.87
98183,62.5,60.0,59.1,61.0,1,0,20.15,23.81,78052,2,1,1,31.87
98689,62.5,60.0,59.1,61.0,1,0,19.97,23.81,78552,2,1,1,31.87
99195,62.5,60.0,59.1,61.0,1,0,19.97,23.81,79052,2,1,1,31.87
99701,62.47,60.0,59.1,61.0,1,0,19.91,23.81,79552,2,1,1,31.87
100207,62.53,60.0,59.1,61.0,1,1,19.76,23.82,80052,2,1,1,31.87
100713,62.53,60.0,59.1,61.0,1,1,19.72,23.81,80552,2,1,1,31.86
101219,62.53,60.0,59.1,61.0,1,1,19.72,23.81,81052,2,1,1,31.86
101725,62.53,60.0,59.1,61.0,1,1,19.72,23.81,81552,2,1,1,31.86
102231,62.57,60.0,59.1,61.0,1,1,19.89,23.81,82052,2,1,1,31.87
102737,62.57,60.0,59.1,61.0,1,1,19.89,23.83,82552,2,1,1,31.87
103243,62.64,60.0,59.1,61.0,1,1,20.06,23.85,83052,2,1,1,31.87
103749,62.62,60.0,59.1,61.0,1,1,20.15,23.85,83552,2,1,1,31.87
104255,62.43,60.0,59.1,61.0,1,1,20.25,23.78,84067,2,1,1,31.86
104761,62.43,60.0,59.1,61.0,1,1,20.25,23.78,84567,2,1,1,31.86
105267,61.89,60.0,59.1,61.0,1,1,20.58,23.78,85067,2,1,1,31.82
105773,61.89,60.0,59.1,61.0,1,1,20.58,23.6,85567,2,1,1,31.82
106279,61.89,60.0,59.1,61.0,1,1,20.58,23.6,86067,2,1,1,31.82
106785,61.12,60.0,59.1,61.0,1,1,21.22,23.6,86567,2,1,1,31.85
107291,61.12,60.0,59.1,61.0,1,1,21.22,23.42,87067,2,1,1,31.85
107797,60.76,60.0,59.1,61.0,0,0,20.58,23.32,0,2,1,0,31.85
108303,60.23,60.0,59.1,61.0,0,0,20.58,23.32,500,2,1,0,31.85
108809,59.86,60.0,59.1,61.0,0,0,20.34,23.18,1000,2,1,0,31.8
109316,59.86,60.0,59.1,61.0,0,0,20.34,23.03,1500,2,1,0,31.8
109822,59.53,60.0,59.1,61.0,0,0,20.17,22.94,2000,2,1,0,31.8
110328,59.13,60.0,59.1,61.0,0,0,19.95,22.94,2500,2,1,0,31.76
110834,59.13,60.0,59.1,61.0,0,0,19.95,22.79,3000,2,1,0,31.76
111340,58.95,60.0,59.1,61.0,0,0,20.06,22.78,3515,2,1,0,31.8
111846,58.95,60.0,59.1,61.0,0,0,20.06,22.78,4015,2,1,0,31.8
112352,58.74,60.0,59.1,61.0,0,0,19.72,22.71,4515,2,1,0,31.79
112858,58.74,60.0,59.1,61.0,0,0,19.72,22.71,5015,2,1,0,31.79
113364,58.74,60.0,59.1,61.0,0,0,19.72,22.71,5515,2,1,0,31.79
113870,58.6,60.0,59.1,61.0,0,0,19.63,22.67,6015,2,1,0,31.79
114376,58.55,60.0,59.1,61.0,0,0,19.76,22.67,6515,2,1,0,31.79
114882,58.55,60.0,59.1,61.0,0,0,19.76,22.66,7015,2,1,0,31.79
115388,58.58,60.0,59.1,61.0,0,0,19.74,22.68,7515,2,1,0,31.8
115894,58.58,60.0,59.1,61.0,0,0,19.74,22.68,8015,2,1,0,31.8
116400,58.48,60.0,59.1,61.0,0,0,19.63,22.68,8515,2,1,0,31.79
116906,58.48,60.0,59.1,61.0,0,0,19.63,22.64,9015,2,1,0,31.79
117412,58.43,60.0,59.1,61.0,0,0,19.65,22.64,9515,2,1,0,31.77
117918,58.43,60.0,59.1,61.0,0,0,19.65,22.61,10015,2,1,0,31.77
118424,58.43,60.0,59.1,61.0,0,0,19.65,22.61,10515,2,1,0,31.77
118930,58.3,60.0,59.1,61.0,0,0,19.63,22.59,11015,2,1,0,31.79
119436,58.3,60.0,59.1,61.0,0,0,19.63,22.59,11515,2,1,0,31.79
119942,58.28,60.0,59.1,61.0,0,0,19.84,22.58,12015,2,1,0,31.79
120449,58.28,60.0,59.1,61.0,0,0,19.87,22.58,12515,2,1,0,31.79
120956,58.28,60.0,59.1,61.0,0,0,19.87,22.58,13015,2,1,0,31.79
121462,58.29,60.0,59.1,61.0,0,0,20.02,22.58,13515,2,1,0,31.77
121968,58.29,60.0,59.1,61.0,0,0,20.02,22.57,14015,2,1,0,31.77
122474,58.26,60.0,59.1,61.0,0,0,20.0,22.56,14515,2,1,0,31.77
122980,58.3,60.0,59.1,61.0,0,0,19.8,22.56,15015,2,1,0,31.79
123486,58.3,60.0,59.1,61.0,0,0,19.8,22.59,15515,2,1,0,31.79
123992,58.38,60.0,59.1,61.0,0,0,20.23,22.59,16015,2,1,0,31.8
124498,58.38,60.0,59.1,61.0,0,0,20.19,22.62,16515,2,1,0,31.79
125004,58.38,60.0,59.1,61.0,0,0,20.19,22.61,17015,2,1,0,31.79
125510,58.41,60.0,59.1,61.0,0,0,20.43,22.61,17515,2,1,0,31.82
126016,58.41,60.0,59.1,61.0,0,0,20.53,22.64,18015,2,1,0,31.8
126522,58.44,60.0,59.1,61.0,0,0,20.49,22.63,18517,2,1,0,31.8
127028,58.44,60.0,59.1,61.0,0,0,20.49,22.64,19018,2,1,0,31.8
127534,58.5,60.0,59.1,61.0,0,0,20.69,22.64,19518,2,1,0,31.8
128040,58.5,60.0,59.1,61.0,0,0,20.69,22.65,20018,2,1,0,31.8
128546,58.5,60.0,59.1,61.0,0,0,20.69,22.65,20518,2,1,0,31.8
129053,58.56,60.0,59.1,61.0,0,0,20.79,22.65,21018,2,1,0,31.8
129559,58.61,60.0,59.1,61.0,0,0,20.86,22.67,21518,2,1,0,31.82
130065,58.61,60.0,59.1,61.0,0,0,20.86,22.7,22018,2,1,0,31.82
130571,58.61,60.0,59.1,61.0,0,0,20.86,22.7,22518,2,1,0,31.82
131077,58.66,60.0,59.1,61.0,0,0,21.29,22.7,23018,2,1,0,31.83
131583,58.66,60.0,59.1,61.0,0,0,21.29,22.72,23518,2,0,0,31.83
132089,58.68,60.0,59.1,61.0,0,0,21.07,22.72,24031,2,1,0,31.82
132595,58.73,60.0,59.1,61.0,0,0,21.1,22.72,24531,2,1,0,31.82
133101,58.76,60.0,59.1,61.0,0,0,21.27,22.73,25031,2,1,0,31.8
133607,58.77,60.0,59.1,61.0,0,0,21.29,22.73,25534,2,0,0,31.8
134113,58.77,60.0,59.1,61.0,0,0,21.29,22.73,26040,2,0,0,31.8
134619,58.77,60.0,59.1,61.0,0,0,21.29,22.73,27042,2,0,0,31.8
135125,58.77,60.0,59.1,61.0,0,0,21.29,22.73,27542,2,0,0,31.8
135631,58.92,60.0,59.1,61.0,0,0,21.44,22.78,28042,2,0,0,31.82
136137,58.91,60.0,59.1,61.0,0,0,21.61,22.76,28542,2,0,0,31.79
136643,58.91,60.0,59.1,61.0,0,0,21.61,22.76,29042,2,0,0,31.79
137149,58.95,60.0,59.1,61.0,0,0,21.77,22.79,29542,2,0,0,31.82
137655,58.95,60.0,59.1,61.0,0,0,21.77,22.79,30042,2,0,0,31.82
138161,59.02,60.0,59.1,61.0,0,0,21.79,22.79,30542,2,0,0,31.85
138667,59.02,60.0,59.1,61.0,0,0,21.79,22.84,31042,2,0,0,31.85
139173,59.02,60.0,59.1,61.0,0,0,21.79,22.84,31542,2,0,0,31.85
139679,59.02,60.0,59.1,61.0,0,0,21.79,22.84,32042,2,0,0,31.85
140185,59.04,60.0,59.1,61.0,0,0,21.85,22.83,32542,2,0,0,31.83
140691,59.04,60.0,59.1,61.0,0,0,21.85,22.83,33042,2,0,0,31.83
141197,59.04,60.0,59.1,61.0,0,0,21.85,22.83,33542,2,0,0,31.83
141703,59.12,60.0,59.1,61.0,1,0,22.13,22.88,0,2,0,0,31.86
142209,59.13,60.0,59.1,61.0,1,0,22.11,22.87,500,2,0,0,31.85
142715,59.15,60.0,59.1,61.0,1,0,22.29,22.87,1000,2,0,0,31.82
143221,59.15,60.0,59.1,61.0,1,0,22.29,22.85,1500,2,0,0,31.82
143727,59.2,60.0,59.1,61.0,1,0,22.13,22.86,2000,2,0,0,31.82
144233,59.2,60.0,59.1,61.0,1,0,22.13,22.86,2500,2,0,0,31.82
144739,59.2,60.0,59.1,61.0,1,0,22.16,22.86,3000,2,0,0,31.82
145245,59.2,60.0,59.1,61.0,1,0,22.16,22.86,3500,2,0,0,31.82
145751,59.27,60.0,59.1,61.0,1,0,22.37,22.92,4000,2,0,0,31.86
146257,59.27,60.0,59.1,61.0,1,0,22.37,22.92,4500,2,0,0,31.86
146763,59.21,60.0,59.1,61.0,1,0,22.33,22.88,5000,2,0,0,31.83
147269,59.21,60.0,59.1,61.0,1,0,22.33,22.88,5500,2,0,0,31.83
147775,59.26,60.0,59.1,61.0,1,0,22.37,22.89,6000,2,0,0,31.83
148281,59.24,60.0,59.1,61.0,1,0,22.31,22.89,6500,2,0,0,31.86
148788,59.24,60.0,59.1,61.0,1,0,22.31,22.91,7000,2,0,0,31.86
149294,59.31,60.0,59.1,61.0,1,0,22.13,22.93,7500,2,0,0,31.86
149800,59.31,60.0,59.1,61.0,1,0,22.13,22.93,8000,2,0,0,31.86
150306,59.35,60.0,59.1,61.0,1,0,22.22,22.93,8500,2,0,0,31.85
150812,59.35,60.0,59.1,61.0,1,0,22.22,22.93,9000,2,0,0,31.85
151318,59.36,60.0,59.1,61.0,1,0,21.81,22.93,9500,2,0,0,31.83
151825,59.36,60.0,59.1,61.0,1,0,21.81,22.92,10000,2,0,0,31.83
152331,59.38,60.0,59.1,61.0,1,0,22.16,22.95,10500,2,0,0,31.86
152837,59.38,60.0,59.1,61.0,1,0,22.16,22.95,11000,2,0,0,31.86
153343,59.38,60.0,59.1,61.0,1,0,22.16,22.95,11500,2,0,0,31.86
153849,59.47,60.0,59.1,61.0,1,0,21.85,22.96,12000,2,0,0,31.85
154355,59.47,60.0,59.1,61.0,1,0,21.85,22.96,12500,2,0,0,31.85
154861,59.44,60.0,59.1,61.0,1,0,21.61,22.96,13000,2,0,0,31.85
155367,59.45,60.0,59.1,61.0,1,0,21.53,22.96,13500,2,0,0,31.87
155873,59.45,60.0,59.1,61.0,1,0,21.53,22.98,14000,2,0,0,31.87
156379,59.45,60.0,59.1,61.0,1,0,21.53,22.98,14500,2,0,0,31.87
156885,59.48,60.0,59.1,61.0,1,0,21.51,22.99,15000,2,0,0,31.87
157391,59.48,60.0,59.1,61.0,1,0,21.51,22.99,15500,2,0,0,31.87
157897,59.53,60.0,59.1,61.0,1,0,21.33,22.99,16000,2,0,0,31.87
158403,59.53,60.0,59.1,61.0,1,0,21.33,23.01,16500,2,1,0,31.87
158909,59.53,60.0,59.1,61.0,1,0,21.33,23.01,17000,2,1,0,31.87
159415,59.55,60.0,59.1,61.0,1,0,21.05,23.01,17500,2,1,0,31.87
159921,59.55,60.0,59.1,61.0,1,0,21.05,23.01,18000,2,1,0,31.87
160427,59.55,60.0,59.1,61.0,1,0,21.05,23.01,18500,2,1,0,31.87
160933,59.53,60.0,59.1,61.0,1,0,21.1,23.01,19000,2,1,0,31.86
161439,59.53,60.0,59.1,61.0,1,0,21.1,22.99,19500,2,1,0,31.86
161945,59.53,60.0,59.1,61.0,1,0,21.1,22.99,20000,2,1,0,31.86
162451,59.61,60.0,59.1,61.0,1,0,20.84,22.99,20500,2,1,0,31.87
162957,59.6,60.0,59.1,61.0,1,0,20.62,23.03,21000,2,1,0,31.85
163463,59.63,60.0,59.1,61.0,1,0,20.64,23.0,21500,2,1,0,31.86
163969,59.62,60.0,59.1,61.0,1,0,20.51,23.02,22000,2,1,0,31.86
164475,59.62,60.0,59.1,61.0,1,0,20.51,23.02,22500,2,1,0,31.86
164981,59.62,60.0,59.1,61.0,1,0,20.51,23.02,23000,2,1,0,31.86
165487,59.66,60.0,59.1,61.0,1,0,20.56,23.02,23500,2,1,0,31.87
165999,59.68,60.0,59.1,61.0,1,0,20.06,23.04,24000,2,1,0,31.86
166506,59.68,60.0,59.1,61.0,1,0,20.06,23.04,24500,2,1,0,31.86
167012,59.69,60.0,59.1,61.0,1,0,20.06,23.04,25000,2,1,0,31.86
167518,59.69,60.0,59.1,61.0,1,0,20.06,23.04,25500,2,1,0,31.86
168024,59.72,60.0,59.1,61.0,1,0,19.89,23.04,26000,2,1,0,31.86
168530,59.69,60.0,59.1,61.0,1,0,20.08,23.05,26500,2,1,0,31.86
169036,59.69,60.0,59.1,61.0,1,0,20.08,23.04,27000,2,1,0,31.86
169542,59.72,60.0,59.1,61.0,1,0,20.1,23.06,27500,2,1,0,31.87
170048,59.74,60.0,59.1,61.0,1,0,19.56,23.06,28000,2,1,0,31.85
170554,59.74,60.0,59.1,61.0,1,0,19.56,23.04,28500,2,1,0,31.85
171060,59.74,60.0,59.1,61.0,1,0,19.76,23.04,29000,2,1,0,31.87
171566,59.7,60.0,59.1,61.0,1,0,19.61,23.06,29500,2,1,0,31.85
172072,59.7,60.0,59.1,61.0,1,0,19.61,23.03,30000,2,1,0,31.85
172578,59.75,60.0,59.1,61.0,1,0,19.39,23.03,30500,2,1,0,31.87
173084,59.75,60.0,59.1,61.0,1,0,19.39,23.07,31000,2,1,0,31.87
173590,59.71,60.0,59.1,61.0,1,0,19.44,23.07,31500,2,1,0,31.87
174110,59.75,60.0,59.1,61.0,1,0,19.31,23.06,32000,2,1,0,31.89
174617,59.75,60.0,59.1,61.0,1,0,19.31,23.08,32502,2,1,0,31.89
175123,59.76,60.0,59.1,61.0,1,0,19.26,23.07,33504,2,1,0,31.87
175629,59.73,60.0,59.1,61.0,1,0,19.09,23.05,34004,2,1,0,31.86
176135,59.73,60.0,59.1,61.0,1,0,19.09,23.05,34504,2,1,0,31.86
176641,59.68,60.0,59.1,61.0,1,0,19.28,23.04,35004,2,1,0,31.86
177147,59.69,60.0,59.1,61.0,1,0,19.03,23.07,35504,2,1,0,31.89
177653,59.68,60.0,59.1,61.0,1,0,19.13,23.05,36004,2,1,0,31.87
178159,59.66,60.0,59.1,61.0,1,0,19.0,23.03,36504,2,1,0,31.86
178665,59.66,60.0,59.1,61.0,1,0,19.0,23.03,37004,2,1,0,31.86
179172,59.63,60.0,59.1,61.0,1,0,18.72,23.03,37504,2,1,0,31.86
179679,59.63,60.0,59.1,61.0,1,0,18.72,23.02,38004,2,1,0,31.86
180185,59.63,60.0,59.1,61.0,1,0,18.85,23.04,38504,2,1,0,31.87
180691,59.59,60.0,59.1,61.0,1,0,18.55,23.01,39004,2,1,0,31.86
181197,59.58,60.0,59.1,61.0,1,0,19.0,23.02,39504,2,1,0,31.87
181703,59.54,60.0,59.1,61.0,0,0,19.13,23.02,0,2,1,0,31.86
182209,59.54,60.0,59.1,61.0,0,0,19.13,23.0,500,2,1,0,31.86
182715,59.53,60.0,59.1,61.0,0,0,18.4,22.98,1000,2,1,0,31.85
183221,59.48,60.0,59.1,61.0,0,0,18.12,22.98,1500,2,1,0,31.86
183727,59.46,60.0,59.1,61.0,0,0,18.19,22.98,2000,2,1,0,31.87
184233,59.46,60.0,59.1,61.0,0,0,18.19,22.99,2500,2,1,0,31.87
184739,59.47,60.0,59.1,61.0,0,0,18.85,22.98,3000,2,1,0,31.86
185245,59.41,60.0,59.1,61.0,0,0,18.06,22.99,3500,2,1,0,31.89
185751,59.41,60.0,59.1,61.0,0,0,18.06,22.99,4000,2,1,0,31.89
186257,59.37,60.0,59.1,61.0,0,0,18.88,22.94,4500,2,1,0,31.85
186763,59.34,60.0,59.1,61.0,0,0,18.14,22.93,5000,2,1,0,31.85
187269,59.32,60.0,59.1,61.0,0,0,18.1,22.93,5500,2,1,0,31.86
187775,59.32,60.0,59.1,61.0,0,0,18.1,22.94,6000,2,1,0,31.86
188281,59.32,60.0,59.1,61.0,0,0,18.1,22.94,6500,2,1,0,31.86
188787,59.22,60.0,59.1,61.0,0,0,18.19,22.92,7000,2,1,0,31.87
189293,59.22,60.0,59.1,61.0,0,0,18.19,22.92,7500,2,1,0,31.87
189799,59.16,60.0,59.1,61.0,0,0,18.42,22.89,8000,2,1,0,31.86
190305,59.16,60.0,59.1,61.0,0,0,18.42,22.89,8500,2,1,0,31.86
190811,59.13,60.0,59.1,61.0,0,0,18.44,22.89,9000,2,1,0,31.86
191317,59.13,60.0,59.1,61.0,0,0,18.44,22.88,9500,2,1,0,31.86
191823,59.13,60.0,59.1,61.0,0,0,18.44,22.88,10000,2,1,0,31.86
192329,59.03,60.0,59.1,61.0,0,0,18.34,22.89,10500,2,1,0,31.9
192837,58.97,60.0,59.1,61.0,0,0,18.53,22.89,11000,2,1,0,31.86
193344,58.97,60.0,59.1,61.0,0,0,18.53,22.84,11500,2,1,0,31.86
193850,58.93,60.0,59.1,61.0,0,0,18.75,22.84,12011,2,1,0,31.87
194356,58.93,60.0,59.1,61.0,0,0,18.75,22.84,12511,2,1,0,31.87
194862,58.88,60.0,59.1,61.0,0,0,18.64,22.83,13011,2,1,0,31.87
195368,58.88,60.0,59.1,61.0,0,0,18.64,22.83,13511,2,1,0,31.87
195874,58.77,60.0,59.1,61.0,0,0,18.92,22.83,14011,2,1,0,31.86
196381,58.77,60.0,59.1,61.0,0,0,18.92,22.78,14511,2,1,0,31.86
196887,58.77,60.0,59.1,61.0,0,0,18.92,22.78,15011,2,1,0,31.86
197393,58.71,60.0,59.1,61.0,0,0,18.98,22.78,15511,2,1,0,31.85
197899,58.65,60.0,59.1,61.0,0,0,19.11,22.75,16011,2,1,0,31.86
198405,58.65,60.0,59.1,61.0,0,0,19.11,22.75,16511,2,1,0,31.86
198911,58.6,60.0,59.1,61.0,0,0,19.26,22.74,17011,2,1,0,31.86
199417,58.55,60.0,59.1,61.0,0,0,19.28,22.74,17511,2,1,0,31.87
199923,58.54,60.0,59.1,61.0,0,0,19.89,22.73,18011,2,1,0,31.86
200429,58.53,60.0,59.1,61.0,0,0,19.33,22.72,18511,2,1,0,31.86
200935,58.53,60.0,59.1,61.0,0,0,19.33,22.71,19011,2,1,0,31.86
201441,58.53,60.0,59.1,61.0,0,0,19.33,22.71,19511,2,1,0,31.86
201947,58.47,60.0,59.1,61.0,0,0,19.56,22.71,20011,2,1,0,31.87
202453,58.45,60.0,59.1,61.0,0,0,19.56,22.69,20511,2,1,0,31.86
202959,58.45,60.0,59.1,61.0,0,0,19.56,22.69,21011,2,1,0,31.86
203465,58.45,60.0,59.1,61.0,0,0,19.56,22.69,21511,2,1,0,31.86
203971,58.38,60.0,59.1,61.0,0,0,19.74,22.69,22011,2,1,0,31.86
204480,58.34,60.0,59.1,61.0,0,0,19.87,22.67,22511,2,1,0,31.86
204987,58.34,60.0,59.1,61.0,0,0,19.87,22.66,23011,2,1,0,31.86
205493,58.33,60.0,59.1,61.0,0,0,19.65,22.66,23511,2,1,0,31.86
205999,58.33,60.0,59.1,61.0,0,0,19.65,22.66,24011,2,1,0,31.86
206505,58.24,60.0,59.1,61.0,0,0,19.93,22.65,24511,2,1,0,31.87
207011,58.24,60.0,59.1,61.0,0,0,20.1,22.65,25011,2,1,0,31.87
207517,58.24,60.0,59.1,61.0,0,0,20.1,22.65,25511,2,1,0,31.87
208036,58.21,60.0,59.1,61.0,0,0,20.28,22.65,26014,2,1,0,31.89
208543,58.21,60.0,59.1,61.0,0,0,20.28,22.65,26514,2,1,0,31.89
209049,58.18,60.0,59.1,61.0,0,0,20.34,22.65,27014,2,1,0,31.87
209555,58.18,60.0,59.1,61.0,0,0,20.34,22.63,27514,2,1,0,31.87
210061,58.11,60.0,59.1,61.0,0,0,20.4,22.63,28014,2,1,0,31.89
210567,58.11,60.0,59.1,61.0,0,0,20.4,22.62,28514,2,1,0,31.89
211073,58.11,60.0,59.1,61.0,0,0,20.45,22.62,29014,2,1,0,31.87
211579,58.09,60.0,59.1,61.0,0,0,20.53,22.61,29514,2,1,0,31.86
212085,58.09,60.0,59.1,61.0,0,0,20.53,22.59,30014,2,1,0,31.86
212591,58.09,60.0,59.1,61.0,0,0,20.17,22.59,30514,2,1,0,31.89
213097,58.06,60.0,59.1,61.0,0,0,20.56,22.62,31014,2,1,0,31.86
213603,58.06,60.0,59.1,61.0,0,0,20.56,22.58,31514,2,1,0,31.86
214109,58.05,60.0,59.1,61.0,0,0,20.81,22.58,32014,2,1,0,31.86
214615,58.05,60.0,59.1,61.0,0,0,20.81,22.58,32514,2,1,0,31.86
215121,58.03,60.0,59.1,61.0,0,0,21.07,22.58,33014,2,1,0,31.89
215627,58.03,60.0,59.1,61.0,0,0,21.07,22.6,33514,2,1,0,31.89
216133,58.03,60.0,59.1,61.0,0,0,21.07,22.6,34014,2,1,0,31.89
216639,58.05,60.0,59.1,61.0,0,0,21.27,22.59,35016,2,0,0,31.87
217145,58.02,60.0,59.1,61.0,0,0,21.01,22.58,35516,2,1,0,31.87
217651,58.02,60.0,59.1,61.0,0,0,21.01,22.58,36016,2,1,0,31.87
218157,58.01,60.0,59.1,61.0,0,0,21.18,22.57,36516,2,0,0,31.86
218663,58.01,60.0,59.1,61.0,0,0,21.18,22.57,37016,2,0,0,31.86
219169,58.01,60.0,59.1,61.0,0,0,21.29,22.59,37516,2,0,0,31.89
219675,58.05,60.0,59.1,61.0,0,0,21.44,22.58,38016,2,0,0,31.86
220185,58.01,60.0,59.1,61.0,0,0,21.59,22.58,38516,2,0,0,31.87
220692,58.01,60.0,59.1,61.0,0,0,21.59,22.58,39016,2,0,0,31.87
221198,57.99,60.0,59.1,61.0,0,0,21.66,22.58,39516,2,0,0,31.86
221704,57.99,60.0,59.1,61.0,0,0,21.66,22.56,40016,2,0,0,31.86
222210,58.02,60.0,59.1,61.0,0,0,21.72,22.58,40516,2,0,0,31.87
222716,58.02,60.0,59.1,61.0,0,0,21.72,22.58,41016,2,0,0,31.87
223222,58.04,60.0,59.1,61.0,0,0,21.77,22.58,41516,2,0,0,31.86
223729,58.04,60.0,59.1,61.0,0,0,21.77,22.58,42016,2,0,0,31.86
224236,57.99,60.0,59.1,61.0,0,0,21.66,22.57,42516,2,0,0,31.87
224742,57.99,60.0,59.1,61.0,0,0,21.66,22.57,43016,2,0,0,31.87
225248,58.04,60.0,59.1,61.0,0,0,21.66,22.59,43516,2,0,0,31.87
225754,58.04,60.0,59.1,61.0,0,0,21.66,22.59,44016,2,0,0,31.87
226260,58.04,60.0,59.1,61.0,0,0,21.9,22.6,44516,2,0,0,31.89
226766,58.04,60.0,59.1,61.0,0,0,21.9,22.6,45016,2,0,0,31.89
227272,58.07,60.0,59.1,61.0,0,0,21.35,22.61,45516,2,0,0,31.89
227779,58.01,60.0,59.1,61.0,0,0,22.09,22.61,46016,2,0,0,31.86
228286,58.01,60.0,59.1,61.0,0,0,22.09,22.57,46516,2,0,0,31.86
228792,58.01,60.0,59.1,61.0,0,0,22.09,22.57,47016,2,0,0,31.86
229298,58.08,60.0,59.1,61.0,0,0,22.2,22.6,47516,2,0,0,31.87
229804,58.04,60.0,59.1,61.0,0,0,22.37,22.56,48016,2,0,0,31.85
230310,58.04,60.0,59.1,61.0,0,0,22.37,22.56,48516,2,0,0,31.85
230816,58.04,60.0,59.1,61.0,0,0,22.37,22.56,49016,2,0,0,31.85
231322,58.08,60.0,59.1,61.0,0,0,22.48,22.6,49516,2,0,0,31.87
231828,58.08,60.0,59.1,61.0,0,0,22.48,22.6,50016,2,0,0,31.87
232334,58.09,60.0,59.1,61.0,0,0,21.92,22.59,50516,2,0,0,31.86
232840,58.1,60.0,59.1,61.0,0,0,22.7,22.59,51016,2,0,0,31.86
233346,58.1,60.0,59.1,61.0,0,0,22.7,22.59,51516,2,0,0,31.86
233852,58.13,60.0,59.1,61.0,0,0,22.63,22.63,52016,2,0,0,31.89
234358,58.13,60.0,59.1,61.0,0,0,22.63,22.63,52516,2,0,0,31.89
234864,58.15,60.0,59.1,61.0,0,0,22.61,22.62,53016,2,0,0,31.87
235370,58.15,60.0,59.1,61.0,0,0,22.68,22.62,53516,2,0,0,31.87
235881,58.15,60.0,59.1,61.0,0,0,23.07,22.62,54016,2,0,0,31.86
236388,58.15,60.0,59.1,61.0,0,0,23.07,22.61,54516,2,0,0,31.86
236894,58.21,60.0,59.1,61.0,0,0,22.78,22.65,55016,2,0,0,31.89
237400,58.21,60.0,59.1,61.0,0,0,22.78,22.65,55516,2,0,0,31.89
237906,58.19,60.0,59.1,61.0,0,0,22.65,22.62,56016,2,0,0,31.86
238412,58.19,60.0,59.1,61.0,0,0,22.65,22.62,56516,2,0,0,31.86
238918,58.27,60.0,59.1,61.0,0,0,22.87,22.68,57016,2,0,0,31.9
239426,58.27,60.0,59.1,61.0,0,0,22.87,22.68,57516,2,0,0,31.9
239932,58.27,60.0,59.1,61.0,0,0,22.87,22.68,58016,2,0,0,31.9
240438,58.32,60.0,59.1,61.0,0,0,23.52,22.68,58516,2,0,0,31.86
240944,58.32,60.0,59.1,61.0,0,0,23.52,22.65,59016,2,0,0,31.86
241450,58.26,60.0,59.1,61.0,0,0,23.39,22.63,59516,2,0,0,31.85
241956,58.26,60.0,59.1,61.0,0,0,23.39,22.63,60016,2,0,0,31.85
242462,58.26,60.0,59.1,61.0,0,0,23.39,22.63,60516,2,0,0,31.85
242968,58.33,60.0,59.1,61.0,0,0,23.96,22.67,61016,2,0,0,31.87
243474,58.35,60.0,59.1,61.0,0,0,23.35,22.67,61516,2,0,0,31.87
243980,58.35,60.0,59.1,61.0,0,0,23.35,22.68,62016,2,0,0,31.87
244486,58.35,60.0,59.1,61.0,0,0,23.35,22.68,62516,2,0,0,31.87
244992,58.33,60.0,59.1,61.0,0,0,23.44,22.68,63016,2,0,0,31.87
245498,58.33,60.0,59.1,61.0,0,0,23.44,22.67,63516,2,0,0,31.87
246004,58.41,60.0,59.1,61.0,0,0,23.7,22.69,64016,2,0,0,31.87
246510,58.41,60.0,59.1,61.0,0,0,23.7,22.69,64516,2,0,0,31.87
247016,58.41,60.0,59.1,61.0,0,0,23.57,22.69,65016,2,0,0,31.89
247522,58.44,60.0,59.1,61.0,0,0,23.63,22.71,65516,2,0,0,31.87
248028,58.44,60.0,59.1,61.0,0,0,23.63,22.7,66016,2,0,0,31.87
248534,58.44,60.0,59.1,61.0,0,0,23.63,22.7,66516,2,0,0,31.87
249040,58.47,60.0,59.1,61.0,0,0,23.68,22.71,67016,2,0,0,31.87
249546,58.44,60.0,59.1,61.0,0,0,23.87,22.71,67516,2,0,0,31.87
250052,58.47,60.0,59.1,61.0,0,0,23.92,22.7,68016,2,0,0,31.89
250558,58.47,60.0,59.1,61.0,0,0,23.92,22.72,68516,2,0,0,31.89
251064,58.47,60.0,59.1,61.0,0,0,23.92,22.72,69016,2,0,0,31.89
251570,58.47,60.0,59.1,61.0,0,0,23.92,22.72,69516,2,0,0,31.89
252076,58.54,60.0,59.1,61.0,0,0,23.98,22.72,70016,2,0,0,31.86
252582,58.54,60.0,59.1,61.0,0,0,23.98,22.72,70516,2,0,0,31.86
253088,58.53,60.0,59.1,61.0,0,0,24.05,22.73,71016,2,0,0,31.87
253594,58.53,60.0,59.1,61.0,0,0,24.11,22.73,71516,2,0,0,31.86
254100,58.54,60.0,59.1,61.0,0,0,24.14,22.71,72016,2,0,0,31.86
254606,58.54,60.0,59.1,61.0,0,0,24.14,22.72,72516,2,0,0,31.86
255112,58.57,60.0,59.1,61.0,0,0,24.24,22.72,73016,2,0,0,31.87
255618,58.57,60.0,59.1,61.0,0,0,24.24,22.74,73516,2,0,0,31.87
256124,58.57,60.0,59.1,61.0,0,0,24.24,22.74,74016,2,0,0,31.87
256630,58.57,60.0,59.1,61.0,0,0,24.24,22.74,74516,2,0,0,31.87
257136,58.63,60.0,59.1,61.0,0,0,24.31,22.77,75031,2,0,0,31.89
257642,58.63,60.0,59.1,61.0,0,0,24.31,22.77,75531,2,0,0,31.89
258148,58.63,60.0,59.1,61.0,0,0,24.16,22.77,76031,2,0,0,31.89
258654,58.67,60.0,59.1,61.0,0,0,24.55,22.77,77031,2,0,0,31.87
259160,58.67,60.0,59.1,61.0,0,0,24.55,22.77,77531,2,0,0,31.87
259666,58.67,60.0,59.1,61.0,0,0,24.55,22.77,78031,2,0,0,31.87
260172,58.67,60.0,59.1,61.0,0,0,24.55,22.77,78531,2,0,0,31.87
260678,58.68,60.0,59.1,61.0,0,0,24.57,22.78,79031,2,0,0,31.89
261184,58.68,60.0,59.1,61.0,0,0,24.57,22.78,79531,2,0,0,31.89
261690,58.68,60.0,59.1,61.0,0,0,24.73,22.77,80031,2,0,0,31.87
262196,58.68,60.0,59.1,61.0,0,0,24.73,22.77,80533,2,0,0,31.87
262702,58.67,60.0,59.1,61.0,0,0,24.57,22.78,81034,2,0,0,31.89
263208,58.76,60.0,59.1,61.0,0,0,24.84,22.81,81536,2,0,0,31.89
263714,58.76,60.0,59.1,61.0,0,0,24.84,22.81,82036,2,0,0,31.89
264222,58.76,60.0,59.1,61.0,0,0,24.84,22.81,82536,2,0,0,31.89
264729,58.77,60.0,59.1,61.0,0,0,24.68,22.79,83036,2,0,0,31.87
265235,58.77,60.0,59.1,61.0,0,0,24.68,22.79,83536,2,0,0,31.87
265741,58.73,60.0,59.1,61.0,0,0,24.62,22.78,84036,2,0,0,31.87
266247,58.73,60.0,59.1,61.0,0,0,24.62,22.78,84536,2,0,0,31.87
266753,58.73,60.0,59.1,61.0,0,0,24.62,22.78,85036,2,0,0,31.87
267259,58.84,60.0,59.1,61.0,0,0,24.92,22.82,85547,2,0,0,31.87
267765,58.84,60.0,59.1,61.0,0,0,24.92,22.82,86047,2,0,0,31.87
268271,58.81,60.0,59.1,61.0,0,0,24.95,22.82,86547,2,0,0,31.89
268777,58.81,60.0,59.1,61.0,0,0,24.95,22.82,87047,2,0,0,31.89
269283,58.78,60.0,59.1,61.0,0,0,25.52,22.81,87547,2,0,0,31.89
269789,58.82,60.0,59.1,61.0,0,0,24.97,22.82,88047,2,0,0,31.89
270295,58.82,60.0,59.1,61.0,0,0,24.97,22.82,88547,2,0,0,31.89
270801,58.83,60.0,59.1,61.0,0,0,24.99,22.81,89047,2,0,0,31.87
271307,58.86,60.0,59.1,61.0,0,0,25.7,22.81,89547,2,0,0,31.87
271813,58.86,60.0,59.1,61.0,0,0,25.7,22.82,90047,2,0,0,31.87
272319,58.88,60.0,59.1,61.0,0,0,25.1,22.84,90547,2,0,0,31.89
272825,58.88,60.0,59.1,61.0,0,0,25.1,22.84,91047,2,0,0,31.89
273331,58.88,60.0,59.1,61.0,0,0,25.1,22.84,91547,2,0,0,31.89
273837,58.91,60.0,59.1,61.0,0,0,25.25,22.85,92047,2,0,0,31.89
274343,58.89,60.0,59.1,61.0,0,0,25.3,22.85,92547,2,0,0,31.89
274849,58.89,60.0,59.1,61.0,0,0,25.3,22.84,93047,2,0,0,31.89
275355,58.91,60.0,59.1,61.0,0,0,25.21,22.84,93547,2,0,0,31.9
275861,58.91,60.0,59.1,61.0,0,0,25.21,22.86,94047,2,0,0,31.9
276367,58.91,60.0,59.1,61.0,0,0,25.21,22.86,94547,2,0,0,31.9
276873,58.91,60.0,59.1,61.0,0,0,25.43,22.86,95047,2,0,0,31.9
277379,58.91,60.0,59.1,61.0,0,0,25.43,22.86,95547,2,0,0,31.9
277885,58.93,60.0,59.1,61.0,0,0,25.23,22.87,96047,2,0,0,31.9
278391,58.93,60.0,59.1,61.0,0,0,25.39,22.84,96547,2,0,0,31.87
278897,58.97,60.0,59.1,61.0,0,0,25.39,22.84,97047,2,0,0,31.87
279403,58.97,60.0,59.1,61.0,0,0,25.39,22.85,97547,2,0,0,31.87
279909,58.96,60.0,59.1,61.0,0,0,25.54,22.85,98047,2,0,0,31.87
280415,58.96,60.0,59.1,61.0,0,0,25.54,22.85,98547,2,0,0,31.87
280921,58.97,60.0,59.1,61.0,0,0,25.7,22.87,99064,2,0,0,31.89
281427,58.97,60.0,59.1,61.0,0,0,25.65,22.87,99564,2,0,0,31.89
281933,58.97,60.0,59.1,61.0,0,0,25.65,22.87,100064,2,0,0,31.89
282439,58.98,60.0,59.1,61.0,0,0,25.63,22.87,100564,2,0,0,31.89
282945,58.98,60.0,59.1,61.0,0,0,25.63,22.87,101064,2,0,0,31.89
283451,58.98,60.0,59.1,61.0,0,0,25.63,22.87,101564,2,0,0,31.89
283957,58.98,60.0,59.1,61.0,0,0,25.41,22.85,102064,2,0,0,31.87
284463,58.98,60.0,59.1,61.0,0,0,25.41,22.85,102564,2,0,0,31.87
284969,59.01,60.0,59.1,61.0,0,0,25.67,22.88,103064,2,0,0,31.89
285475,59.01,60.0,59.1,61.0,0,0,25.67,22.88,103564,2,0,0,31.89
285981,59.02,60.0,59.1,61.0,0,0,25.76,22.88,104064,2,0,0,31.89
286501,59.04,60.0,59.1,61.0,0,0,25.76,22.88,104564,2,0,0,31.87
287008,59.04,60.0,59.1,61.0,0,0,25.76,22.87,105064,2,0,0,31.87
287514,59.01,60.0,59.1,61.0,0,0,25.89,22.88,105564,2,0,0,31.89
288020,58.98,60.0,59.1,61.0,0,0,25.85,22.88,106067,2,0,0,31.86
288526,58.98,60.0,59.1,61.0,0,0,25.85,22.84,106568,2,0,0,31.86
289032,59.05,60.0,59.1,61.0,0,0,25.96,22.84,107068,2,0,0,31.9
289538,59.05,60.0,59.1,61.0,0,0,25.96,22.9,107568,2,0,0,31.9
290044,59.06,60.0,59.1,61.0,0,0,26.07,22.88,108068,2,0,0,31.87
290550,59.05,60.0,59.1,61.0,0,0,25.45,22.88,108568,2,0,0,31.89
291056,59.05,60.0,59.1,61.0,0,0,25.45,22.89,109068,2,0,0,31.89
291562,59.06,60.0,59.1,61.0,0,0,25.96,22.89,109568,2,0,0,31.9
292068,59.04,60.0,59.1,61.0,0,0,26.01,22.9,110068,2,0,0,31.87
292574,59.07,60.0,59.1,61.0,0,0,26.07,22.87,110568,2,0,0,31.87
293080,59.07,60.0,59.1,61.0,0,0,26.07,22.88,111068,2,0,0,31.87
293586,59.1,60.0,59.1,61.0,1,0,26.07,22.91,0,2,0,0,31.9
294092,59.09,60.0,59.1,61.0,1,0,26.12,22.91,500,2,0,0,31.9
294598,59.06,60.0,59.1,61.0,1,0,26.2,22.91,1000,2,0,0,31.9
295104,59.06,60.0,59.1,61.0,1,0,26.2,22.9,1500,2,0,0,31.9
295610,59.14,60.0,59.1,61.0,1,0,26.25,22.9,2000,2,0,0,31.92
296116,59.12,60.0,59.1,61.0,1,0,26.67,22.94,2500,2,0,0,31.87
296622,59.12,60.0,59.1,61.0,1,0,26.67,22.89,3000,2,0,0,31.87
297128,59.15,60.0,59.1,61.0,1,0,26.09,22.89,3500,2,0,0,31.87
297634,59.15,60.0,59.1,61.0,1,0,26.09,22.9,4000,2,0,0,31.87
298140,59.15,60.0,59.1,61.0,1,0,26.12,22.9,4500,2,0,0,31.89
298646,59.15,60.0,59.1,61.0,1,0,26.12,22.91,5001,2,0,0,31.89
299152,59.14,60.0,59.1,61.0,1,0,25.87,22.91,5501,2,0,0,31.89
299660,59.14,60.0,59.1,61.0,1,0,25.87,22.91,6001,2,0,0,31.89
300166,59.15,60.0,59.1,61.0,1,0,25.92,22.91,6501,2,0,0,31.89
300672,59.15,60.0,59.1,61.0,1,0,25.92,22.91,7001,2,0,0,31.89
301178,59.18,60.0,59.1,61.0,1,0,25.72,22.91,7501,2,0,0,31.89
301684,59.18,60.0,59.1,61.0,1,0,25.72,22.93,8001,2,0,0,31.89
302190,59.18,60.0,59.1,61.0,1,0,25.72,22.93,8501,2,0,0,31.89
302696,59.16,60.0,59.1,61.0,1,0,25.67,22.9,9505,2,0,0,31.87
303202,59.18,60.0,59.1,61.0,1,0,25.63,22.93,10005,2,0,0,31.89
303708,59.18,60.0,59.1,61.0,1,0,25.36,22.93,10505,2,0,0,31.89
304215,59.2,60.0,59.1,61.0,1,0,25.3,22.93,11005,2,0,0,31.89
304722,59.2,60.0,59.1,61.0,1,0,25.3,22.93,11505,2,0,0,31.89
305228,59.26,60.0,59.1,61.0,1,0,25.03,22.96,12005,2,0,0,31.9
305734,59.26,60.0,59.1,61.0,1,0,25.03,22.96,12505,2,0,0,31.9
306240,59.26,60.0,59.1,61.0,1,0,25.03,22.96,13005,2,0,0,31.9
306746,59.28,60.0,59.1,61.0,1,0,25.03,22.95,13505,2,0,0,31.89
307252,59.26,60.0,59.1,61.0,1,0,24.9,22.95,14005,2,0,0,31.89
307759,59.26,60.0,59.1,61.0,1,0,24.9,22.95,14505,2,0,0,31.89
308266,59.28,60.0,59.1,61.0,1,0,24.64,22.95,15005,2,0,0,31.89
308772,59.28,60.0,59.1,61.0,1,0,24.64,22.95,15505,2,0,0,31.89
309278,59.31,60.0,59.1,61.0,1,0,24.49,22.96,16005,2,0,0,31.89
309784,59.31,60.0,59.1,61.0,1,0,24.49,22.96,16505,2,0,0,31.89
310290,59.31,60.0,59.1,61.0,1,0,24.49,22.96,17005,2,0,0,31.89
310796,59.31,60.0,59.1,61.0,1,0,24.49,22.96,17505,2,0,0,31.89
311302,59.31,60.0,59.1,61.0,1,0,24.49,22.96,18005,2,0,0,31.89
311808,59.31,60.0,59.1,61.0,1,0,24.49,22.96,18505,2,0,0,31.89
312314,59.34,60.0,59.1,61.0,1,0,24.22,22.97,19005,2,0,0,31.89
312820,59.34,60.0,59.1,61.0,1,0,24.22,22.97,19505,2,0,0,31.89
313326,59.34,60.0,59.1,61.0,1,0,24.22,22.97,20005,2,0,0,31.89
313832,59.38,60.0,59.1,61.0,1,0,23.74,22.98,20505,2,0,0,31.89
314338,59.41,60.0,59.1,61.0,1,0,23.61,23.0,21005,2,0,0,31.9
314844,59.41,60.0,59.1,61.0,1,0,23.61,23.0,21505,2,0,0,31.9
315350,59.45,60.0,59.1,61.0,1,0,23.59,23.0,22005,2,0,0,31.89
315856,59.41,60.0,59.1,61.0,1,0,23.37,22.97,22505,2,0,0,31.87
316362,59.46,60.0,59.1,61.0,1,0,23.39,23.02,23018,2,0,0,31.9
316868,59.46,60.0,59.1,61.0,1,0,23.39,23.02,23518,2,0,0,31.9
317374,59.46,60.0,59.1,61.0,1,0,23.39,23.02,24018,2,0,0,31.9
317880,59.5,60.0,59.1,61.0,1,0,23.28,23.01,24518,2,0,0,31.89
318386,59.55,60.0,59.1,61.0,1,0,23.28,23.01,25018,2,0,0,31.89
318892,59.55,60.0,59.1,61.0,1,0,23.28,23.03,25518,2,0,0,31.89
319398,59.55,60.0,59.1,61.0,1,0,23.28,23.03,26018,2,0,0,31.89
319904,59.55,60.0,59.1,61.0,1,0,23.28,23.03,26518,2,0,0,31.89
320410,59.6,60.0,59.1,61.0,1,0,22.85,23.04,27018,2,0,0,31.89
320916,59.6,60.0,59.1,61.0,1,0,22.85,23.04,27518,2,0,0,31.89
321422,59.56,60.0,59.1,61.0,1,0,22.55,23.03,28019,2,0,0,31.89
321928,59.66,60.0,59.1,61.0,1,0,22.63,23.03,28519,2,0,0,31.87
322434,59.66,60.0,59.1,61.0,1,0,22.63,23.04,29019,2,0,0,31.87
322940,59.68,60.0,59.1,61.0,1,0,22.22,23.04,29519,2,0,0,31.9
323446,59.68,60.0,59.1,61.0,1,0,22.22,23.07,30019,2,0,0,31.9
323952,59.68,60.0,59.1,61.0,1,0,22.22,23.07,30519,2,0,0,31.9
324459,59.74,60.0,59.1,61.0,1,0,22.03,23.07,31019,2,0,0,31.87
324966,59.74,60.0,59.1,61.0,1,0,22.03,23.06,31519,2,0,0,31.87
325472,59.84,60.0,59.1,61.0,1,0,21.87,23.06,32019,2,0,0,31.92
325978,59.84,60.0,59.1,61.0,1,0,21.87,23.13,32519,2,0,0,31.92
326484,59.84,60.0,59.1,61.0,1,0,21.87,23.13,33019,2,0,0,31.92
326990,59.84,60.0,59.1,61.0,1,0,21.87,23.13,33520,2,0,0,31.92
327496,59.91,60.0,59.1,61.0,1,0,21.85,23.13,34021,2,0,0,31.89
328003,59.94,60.0,59.1,61.0,1,0,21.48,23.13,34521,2,0,0,31.89
328510,59.94,60.0,59.1,61.0,1,0,21.48,23.13,35021,2,1,0,31.89
329016,59.94,60.0,59.1,61.0,1,0,21.48,23.13,35521,2,1,0,31.89
329522,60.0,60.0,59.1,61.0,1,0,21.29,23.14,36021,2,1,0,31.87
330028,60.01,60.0,59.1,61.0,1,0,21.18,23.14,36521,2,1,0,31.9
330534,60.01,60.0,59.1,61.0,1,0,21.18,23.17,37021,2,1,0,31.9
331040,60.09,60.0,59.1,61.0,1,0,21.53,23.17,37521,2,1,0,31.9
331546,60.09,60.0,59.1,61.0,1,0,21.53,23.19,38021,2,1,0,31.9
332053,60.17,60.0,59.1,61.0,1,0,20.92,23.18,38521,2,1,0,31.87
332559,60.18,60.0,59.1,61.0,1,0,21.07,23.18,39021,2,1,0,31.9
333065,60.18,60.0,59.1,61.0,1,0,21.07,23.21,39521,2,1,0,31.9
333571,60.25,60.0,59.1,61.0,0,0,20.66,23.21,0,2,1,0,31.9
334077,60.25,60.0,59.1,61.0,0,0,20.69,23.23,500,2,1,0,31.89
334583,60.25,60.0,59.1,61.0,0,0,20.69,23.22,1000,2,1,0,31.89
335089,60.25,60.0,59.1,61.0,0,0,20.69,23.22,1500,2,1,0,31.89
335595,60.25,60.0,59.1,61.0,0,0,20.69,23.22,2000,2,1,0,31.89
336101,60.38,60.0,59.1,61.0,0,0,20.47,23.22,2500,2,1,0,31.89
336607,60.38,60.0,59.1,61.0,0,0,20.47,23.26,3000,2,1,0,31.89
337113,60.38,60.0,59.1,61.0,0,0,20.47,23.26,3500,2,1,0,31.89
337619,60.43,60.0,59.1,61.0,0,0,20.36,23.26,4000,2,1,0,31.9
338125,60.43,60.0,59.1,61.0,0,0,20.36,23.28,4500,2,1,0,31.9
338631,60.43,60.0,59.1,61.0,0,0,20.36,23.28,5000,2,1,0,31.9
339137,60.45,60.0,59.1,61.0,0,0,20.17,23.28,5503,2,1,0,31.9
339643,60.45,60.0,59.1,61.0,0,0,20.17,23.29,6004,2,1,0,31.9
340149,60.49,60.0,59.1,61.0,0,0,20.23,23.29,6506,2,1,0,31.89
340655,60.45,60.0,59.1,61.0,0,0,20.36,23.29,7006,2,1,0,31.9
341161,60.45,60.0,59.1,61.0,0,0,20.36,23.29,7506,2,1,0,31.9
341667,60.5,60.0,59.1,61.0,0,0,20.53,23.29,8006,2,1,0,31.9
342173,60.55,60.0,59.1,61.0,0,0,20.3,23.3,8506,2,1,0,31.87
342679,60.55,60.0,59.1,61.0,0,0,20.3,23.29,9006,2,1,0,31.87
343185,60.51,60.0,59.1,61.0,0,0,20.23,23.29,9506,2,1,0,31.87
343691,60.54,60.0,59.1,61.0,0,0,20.36,23.28,10006,2,1,0,31.9
344197,60.5,60.0,59.1,61.0,0,0,20.45,23.31,10506,2,1,0,31.9
344703,60.5,60.0,59.1,61.0,0,0,20.45,23.3,11006,2,1,0,31.9
345209,60.5,60.0,59.1,61.0,0,0,20.45,23.3,11506,2,1,0,31.9
345715,60.58,60.0,59.1,61.0,0,0,20.58,23.3,12006,2,1,0,31.9
346221,60.5,60.0,59.1,61.0,0,0,20.3,23.3,13009,2,1,0,31.9
346727,60.57,60.0,59.1,61.0,0,0,20.15,23.32,13509,2,1,0,31.9
347233,60.57,60.0,59.1,61.0,0,0,20.15,23.32,14012,2,1,0,31.9
347739,60.56,60.0,59.1,61.0,0,0,20.77,23.32,14513,2,1,0,31.9
348245,60.54,60.0,59.1,61.0,0,0,20.71,23.31,15014,2,1,0,31.9
348751,60.54,60.0,59.1,61.0,0,0,20.71,23.31,15514,2,1,0,31.9
349257,60.48,60.0,59.1,61.0,0,0,20.88,23.31,16014,2,1,0,31.92
349763,60.48,60.0,59.1,61.0,0,0,20.81,23.3,16514,2,1,0,31.9
350269,60.48,60.0,59.1,61.0,0,0,20.81,23.3,17014,2,1,0,31.9
350775,60.46,60.0,59.1,61.0,0,0,21.12,23.26,17514,2,1,0,31.87
351281,60.41,60.0,59.1,61.0,0,0,21.35,23.28,18014,2,1,0,31.9
351787,60.41,60.0,59.1,61.0,0,0,21.35,23.28,18514,2,1,0,31.9
352293,60.45,60.0,59.1,61.0,0,0,21.03,23.29,19014,2,1,0,31.9
352799,60.36,60.0,59.1,61.0,0,0,21.1,23.25,19514,2,1,0,31.89
353305,60.36,60.0,59.1,61.0,1,0,21.1,23.25,0,2,1,0,31.89
353811,60.38,60.0,59.1,61.0,1,0,21.18,23.26,500,2,1,0,31.89
354317,60.34,60.0,59.1,61.0,1,0,21.33,23.26,1000,2,1,0,31.89
354823,60.34,60.0,59.1,61.0,1,0,21.33,23.24,1500,2,1,0,31.89
355329,60.29,60.0,59.1,61.0,1,0,21.31,23.24,2000,2,1,0,31.9
355835,60.33,60.0,59.1,61.0,1,0,21.44,23.25,2500,2,1,0,31.9
356341,60.31,60.0,59.1,61.0,1,0,21.38,23.25,3000,2,1,0,31.89
356847,60.31,60.0,59.1,61.0,1,0,21.38,23.24,3500,2,1,0,31.89
357353,60.25,60.0,59.1,61.0,1,0,21.44,23.24,4000,2,1,0,31.87
357859,60.25,60.0,59.1,61.0,1,0,21.44,23.21,4500,2,1,0,31.87
358365,60.25,60.0,59.1,61.0,1,0,21.38,23.23,5000,2,1,0,31.9
358871,60.25,60.0,59.1,61.0,1,0,21.38,23.23,5500,2,1,0,31.9
359377,60.2,60.0,59.1,61.0,1,0,21.64,23.19,6000,2,1,0,31.87
359884,60.2,60.0,59.1,61.0,1,0,21.64,23.19,6500,2,1,0,31.87
360391,60.18,60.0,59.1,61.0,1,0,21.22,23.23,7000,2,1,0,31.92
360897,60.18,60.0,59.1,61.0,1,0,21.22,23.23,7500,2,1,0,31.92
361403,60.18,60.0,59.1,61.0,1,0,21.33,23.2,8000,2,1,0,31.89
361909,60.18,60.0,59.1,61.0,1,0,21.33,23.2,8500,2,1,0,31.89
362415,60.15,60.0,59.1,61.0,1,0,21.18,23.2,9000,2,1,0,31.89
362921,60.11,60.0,59.1,61.0,1,0,21.14,23.19,9500,2,1,0,31.89
363427,60.11,60.0,59.1,61.0,1,0,21.14,23.18,10000,2,1,0,31.89
363934,60.13,60.0,59.1,61.0,1,0,20.99,23.18,10501,2,1,0,31.9
364441,60.13,60.0,59.1,61.0,1,0,20.99,23.2,11001,2,1,0,31.9
364947,60.08,60.0,59.1,61.0,1,0,20.64,23.2,11505,2,1,0,31.92
365453,60.08,60.0,59.1,61.0,1,0,20.84,23.2,12005,2,1,0,31.9
365959,60.08,60.0,59.1,61.0,1,0,20.84,23.19,12505,2,1,0,31.9
366465,60.09,60.0,59.1,61.0,1,0,20.75,23.19,13005,2,1,0,31.89
366971,60.09,60.0,59.1,61.0,1,0,20.75,23.18,13505,2,1,0,31.89
367477,60.07,60.0,59.1,61.0,1,0,20.58,23.18,14005,2,1,0,31.9
367983,60.04,60.0,59.1,61.0,1,0,20.58,23.18,14505,2,1,0,31.9
368489,60.04,60.0,59.1,61.0,1,0,20.58,23.18,15005,2,1,0,31.9
368995,60.02,60.0,59.1,61.0,1,0,20.51,23.18,15505,2,1,0,31.89
369501,60.01,60.0,59.1,61.0,1,0,20.36,23.16,16005,2,1,0,31.92
370007,60.01,60.0,59.1,61.0,1,0,20.36,23.18,16505,2,1,0,31.92
370513,60.01,60.0,59.1,61.0,1,0,20.28,23.17,17005,2,1,0,31.9
371019,60.02,60.0,59.1,61.0,1,0,20.0,23.17,17505,2,1,0,31.89
371525,60.02,60.0,59.1,61.0,1,0,20.0,23.16,18005,2,1,0,31.89
372031,60.02,60.0,59.1,61.0,1,0,20.0,23.16,18505,2,1,0,31.89
372537,59.96,60.0,59.1,61.0,1,0,20.12,23.16,19005,2,1,0,31.89
373043,59.96,60.0,59.1,61.0,1,0,20.12,23.14,19505,2,1,0,31.89
373549,59.98,60.0,59.1,61.0,1,0,20.02,23.16,20005,2,1,0,31.9
374055,59.94,60.0,59.1,61.0,1,0,19.95,23.16,20505,2,1,0,31.92
374561,59.94,60.0,59.1,61.0,1,0,19.95,23.16,21005,2,1,0,31.92
375067,59.94,60.0,59.1,61.0,1,0,19.95,23.16,21505,2,1,0,31.92
375573,59.95,60.0,59.1,61.0,1,0,19.82,23.14,22005,2,1,0,31.89
376079,59.94,60.0,59.1,61.0,1,0,19.76,23.14,22505,2,1,0,31.89
376585,59.94,60.0,59.1,61.0,1,0,19.76,23.13,23005,2,1,0,31.89
377091,59.92,60.0,59.1,61.0,1,0,19.56,23.13,23505,2,1,0,31.89
377597,59.94,60.0,59.1,61.0,1,0,19.56,23.13,24005,2,1,0,31.89
378103,59.91,60.0,59.1,61.0,1,0,19.41,23.13,24505,2,1,0,31.87
378609,59.91,60.0,59.1,61.0,1,0,19.41,23.11,25005,2,1,0,31.87
379115,59.91,60.0,59.1,61.0,1,0,19.39,23.11,25505,2,1,0,31.9
379621,59.91,60.0,59.1,61.0,1,0,19.39,23.14,26005,2,1,0,31.9
380127,59.88,60.0,59.1,61.0,1,0,18.98,23.14,26505,2,1,0,31.9
380633,59.88,60.0,59.1,61.0,1,0,18.98,23.13,27005,2,1,0,31.9
381139,59.91,60.0,59.1,61.0,1,0,19.03,23.13,27505,2,1,0,31.89
381645,59.91,60.0,59.1,61.0,1,0,19.03,23.13,28005,2,1,0,31.89
382151,59.91,60.0,59.1,61.0,1,0,19.03,23.13,28505,2,1,0,31.89
382657,59.91,60.0,59.1,61.0,1,0,19.03,23.13,29005,2,1,0,31.89
383163,59.78,60.0,59.1,61.0,1,0,18.85,23.13,29505,2,1,0,31.87
383669,59.78,60.0,59.1,61.0,1,0,18.85,23.08,30005,2,1,0,31.87
384175,59.75,60.0,59.1,61.0,1,0,18.7,23.08,30505,2,1,0,31.9
384681,59.72,60.0,59.1,61.0,1,0,18.72,23.1,31005,2,1,0,31.89
385187,59.72,60.0,59.1,61.0,1,0,18.72,23.08,31505,2,1,0,31.89
385693,59.72,60.0,59.1,61.0,1,0,18.72,23.08,32005,2,1,0,31.89
386199,59.65,60.0,59.1,61.0,1,0,18.51,23.04,32509,2,1,0,31.87
386705,59.65,60.0,59.1,61.0,1,0,18.55,23.04,33009,2,1,0,31.87
387211,59.6,60.0,59.1,61.0,1,0,18.7,23.04,33509,2,1,0,31.89
387721,59.63,60.0,59.1,61.0,1,0,18.42,23.04,34009,2,1,0,31.9
388228,59.63,60.0,59.1,61.0,1,0,18.42,23.06,34509,2,1,0,31.9
388734,59.55,60.0,59.1,61.0,1,0,18.16,23.06,35009,2,1,0,31.9
389240,59.55,60.0,59.1,61.0,1,0,18.16,23.04,36014,2,1,0,31.9
389746,59.47,60.0,59.1,61.0,1,0,18.27,22.99,36514,2,1,0,31.87
390252,59.46,60.0,59.1,61.0,1,0,18.1,22.99,37014,2,1,0,31.87
390758,59.46,60.0,59.1,61.0,1,0,18.1,22.99,37514,2,1,0,31.87
391264,59.46,60.0,59.1,61.0,1,0,18.1,22.99,38014,2,1,0,31.87
391770,59.38,60.0,59.1,61.0,1,0,18.16,22.98,38514,2,1,0,31.89
392276,59.38,60.0,59.1,61.0,1,0,18.16,22.98,39014,2,1,0,31.89
392782,59.33,60.0,59.1,61.0,1,0,17.95,22.95,39514,2,1,0,31.87
393288,59.34,60.0,59.1,61.0,0,0,17.76,22.95,0,2,1,0,31.89
393794,59.34,60.0,59.1,61.0,0,0,17.76,22.97,500,2,1,0,31.89
394300,59.29,60.0,59.1,61.0,0,0,17.71,22.97,1000,2,1,0,31.9
394806,59.22,60.0,59.1,61.0,0,0,17.56,22.92,1500,2,1,0,31.87
395312,59.22,60.0,59.1,61.0,0,0,17.56,22.92,2000,2,1,0,31.87
395818,59.13,60.0,59.1,61.0,0,0,17.54,22.9,2500,2,1,0,31.87
396324,59.13,60.0,59.1,61.0,0,0,17.54,22.9,3000,2,1,0,31.87
396830,59.13,60.0,59.1,61.0,0,0,17.54,22.9,3500,2,1,0,31.87
397336,59.13,60.0,59.1,61.0,0,0,17.54,22.9,4000,2,1,0,31.87
397842,59.13,60.0,59.1,61.0,0,0,17.54,22.9,4500,2,1,0,31.87
398348,58.96,60.0,59.1,61.0,0,0,17.73,22.85,5000,2,1,0,31.87
398854,58.96,60.0,59.1,61.0,0,0,17.73,22.85,5500,2,1,0,31.87
399360,58.96,60.0,59.1,61.0,0,0,17.73,22.85,6000,2,1,0,31.87
399866,58.87,60.0,59.1,61.0,0,0,17.63,22.85,6500,2,1,0,31.9
400372,58.87,60.0,59.1,61.0,0,0,17.63,22.85,7000,2,1,0,31.9
400878,58.78,60.0,59.1,61.0,0,0,17.6,22.81,7500,2,1,0,31.89
401384,58.74,60.0,59.1,61.0,0,0,17.69,22.81,8000,2,1,0,31.9
401890,58.74,60.0,59.1,61.0,0,0,17.69,22.81,8500,2,1,0,31.9
402396,58.72,60.0,59.1,61.0,0,0,17.82,22.78,9000,2,1,0,31.87
402902,58.6,60.0,59.1,61.0,0,0,17.58,22.78,9500,2,1,0,31.89
403408,58.6,60.0,59.1,61.0,0,0,17.58,22.76,10000,2,1,0,31.89
403914,58.6,60.0,59.1,61.0,0,0,17.58,22.76,10500,2,1,0,31.89
404420,58.6,60.0,59.1,61.0,0,0,17.58,22.76,11000,2,1,0,31.89
404926,58.48,60.0,59.1,61.0,0,0,17.84,22.73,11500,2,1,0,31.89
405432,58.44,60.0,59.1,61.0,0,0,17.93,22.72,12000,2,1,0,31.89
405938,58.44,60.0,59.1,61.0,0,0,17.93,22.72,12500,2,1,0,31.89
406444,58.44,60.0,59.1,61.0,0,0,17.93,22.72,13000,2,1,0,31.89
406950,58.44,60.0,59.1,61.0,0,0,17.93,22.72,13500,2,1,0,31.89
407456,58.31,60.0,59.1,61.0,0,0,18.12,22.72,14000,2,1,0,31.89
407962,58.21,60.0,59.1,61.0,0,0,18.36,22.68,14500,2,1,0,31.89
408468,58.21,60.0,59.1,61.0,0,0,18.36,22.65,15000,2,1,0,31.89
408974,58.16,60.0,59.1,61.0,0,0,18.38,22.64,15500,2,1,0,31.89
409480,58.09,60.0,59.1,61.0,0,0,18.38,22.64,16000,2,1,0,31.87
409986,58.09,60.0,59.1,61.0,0,0,18.38,22.6,16500,2,1,0,31.87
410492,58.09,60.0,59.1,61.0,0,0,18.38,22.6,17000,2,1,0,31.87
410998,58.01,60.0,59.1,61.0,0,0,18.6,22.6,17500,2,1,0,31.89
411504,58.01,60.0,59.1,61.0,0,0,18.6,22.59,18000,2,1,0,31.89
412010,57.94,60.0,59.1,61.0,0,0,18.64,22.58,18500,2,1,0,31.89
412516,57.94,60.0,59.1,61.0,0,0,18.64,22.58,19002,2,1,0,31.89
413022,57.86,60.0,59.1,61.0,0,0,18.85,22.58,19502,2,1,0,31.89
413528,57.86,60.0,59.1,61.0,0,0,18.85,22.55,20002,2,1,0,31.89
414034,57.81,60.0,59.1,61.0,0,0,19.18,22.52,20502,2,1,0,31.87
414540,57.81,60.0,59.1,61.0,0,0,19.18,22.52,21002,2,1,0,31.87
415046,57.75,60.0,59.1,61.0,0,0,19.0,22.52,21502,2,1,0,31.89
415552,57.73,60.0,59.1,61.0,0,0,19.37,22.52,22002,2,1,0,31.87
416058,57.73,60.0,59.1,61.0,0,0,19.37,22.5,22502,2,1,0,31.87
416564,57.72,60.0,59.1,61.0,0,0,19.18,22.5,23002,2,1,0,31.87
417070,57.64,60.0,59.1,61.0,0,0,19.48,22.5,23502,2,1,0,31.87
417576,57.64,60.0,59.1,61.0,0,0,19.48,22.47,24002,2,1,0,31.87
418082,57.62,60.0,59.1,61.0,0,0,19.61,22.47,24502,2,1,0,31.89
418588,57.62,60.0,59.1,61.0,0,0,19.61,22.48,25002,2,1,0,31.89
419094,57.62,60.0,59.1,61.0,0,0,19.61,22.48,25502,2,1,0,31.89
419600,57.52,60.0,59.1,61.0,0,0,19.56,22.48,26002,2,1,0,31.86
420106,57.5,60.0,59.1,61.0,0,0,19.56,22.43,26502,2,1,0,31.87
420612,57.49,60.0,59.1,61.0,0,0,19.65,22.43,27002,2,1,0,31.89
421120,57.49,60.0,59.1,61.0,0,0,19.65,22.45,27502,2,1,0,31.89
421626,57.48,60.0,59.1,61.0,0,0,19.91,22.45,28002,2,1,0,31.89
422132,57.48,60.0,59.1,61.0,0,0,19.91,22.44,28502,2,1,0,31.89
422638,57.41,60.0,59.1,61.0,0,0,19.93,22.44,29002,2,1,0,31.87
423144,57.38,60.0,59.1,61.0,0,0,20.06,22.41,29502,2,1,0,31.87
423650,57.38,60.0,59.1,61.0,0,0,20.06,22.4,30002,2,1,0,31.87
424156,57.39,60.0,59.1,61.0,0,0,20.23,22.4,30502,2,1,0,31.87
424662,57.39,60.0,59.1,61.0,0,0,20.23,22.4,31002,2,1,0,31.87
425168,57.35,60.0,59.1,61.0,0,0,20.12,22.4,31502,2,1,0,31.89
425674,57.34,60.0,59.1,61.0,0,0,20.25,22.41,32002,2,1,0,31.87
426181,57.3,60.0,59.1,61.0,0,0,20.38,22.39,32502,2,1,0,31.9
426688,57.3,60.0,59.1,61.0,0,0,20.38,22.4,33002,2,1,0,31.9
427194,57.3,60.0,59.1,61.0,0,0,20.38,22.4,33502,2,1,0,31.9
427700,57.29,60.0,59.1,61.0,0,0,20.47,22.4,34002,2,1,0,31.89
428206,57.29,60.0,59.1,61.0,0,0,20.47,22.39,34502,2,1,0,31.89
428712,57.29,60.0,59.1,61.0,0,0,20.47,22.39,35002,2,1,0,31.89
429218,57.29,60.0,59.1,61.0,0,0,20.47,22.39,35502,2,1,0,31.89
429724,57.24,60.0,59.1,61.0,0,0,20.71,22.39,36002,2,1,0,31.87
430230,57.24,60.0,59.1,61.0,0,0,20.81,22.36,36502,2,1,0,31.86
430736,57.24,60.0,59.1,61.0,0,0,20.81,22.35,37002,2,1,0,31.86
431242,57.24,60.0,59.1,61.0,0,0,20.81,22.35,37502,2,1,0,31.86
431748,57.23,60.0,59.1,61.0,0,0,20.9,22.37,38508,2,0,0,31.89
432255,57.23,60.0,59.1,61.0,0,0,20.9,22.37,39008,2,0,0,31.89
432761,57.23,60.0,59.1,61.0,0,0,21.1,22.36,39508,2,0,0,31.87
433267,57.23,60.0,59.1,61.0,0,0,21.1,22.36,40008,2,0,0,31.87
433773,57.16,60.0,59.1,61.0,0,0,21.29,22.34,40508,2,0,0,31.87
434279,57.16,60.0,59.1,61.0,0,0,21.29,22.34,41008,2,0,0,31.87
434785,57.19,60.0,59.1,61.0,0,0,21.14,22.35,41508,2,0,0,31.87
435291,57.2,60.0,59.1,61.0,0,0,21.2,22.35,42008,2,0,0,31.87
435797,57.21,60.0,59.1,61.0,0,0,21.27,22.35,42508,2,0,0,31.87
436319,57.2,60.0,59.1,61.0,0,0,21.48,22.35,43008,2,0,0,31.89
436826,57.2,60.0,59.1,61.0,0,0,21.48,22.36,43508,2,0,0,31.89
437332,57.23,60.0,59.1,61.0,0,0,21.48,22.36,44008,2,0,0,31.9
437838,57.23,60.0,59.1,61.0,0,0,21.48,22.38,44508,2,0,0,31.9
438344,57.2,60.0,59.1,61.0,0,0,21.44,22.36,45008,2,0,0,31.89
438850,57.2,60.0,59.1,61.0,0,0,21.44,22.36,45508,2,0,0,31.89
439356,57.2,60.0,59.1,61.0,0,0,21.57,22.36,46008,2,0,0,31.89
439876,57.24,60.0,59.1,61.0,0,0,21.29,22.36,46508,2,0,0,31.9
440383,57.24,60.0,59.1,61.0,0,0,21.29,22.39,47008,2,0,0,31.9
440889,57.21,60.0,59.1,61.0,0,0,21.98,22.39,47508,2,0,0,31.87
441395,57.21,60.0,59.1,61.0,0,0,21.98,22.35,48008,2,0,0,31.87
441901,57.25,60.0,59.1,61.0,0,0,21.92,22.39,48508,2,0,0,31.9
442407,57.25,60.0,59.1,61.0,0,0,21.92,22.39,49008,2,0,0,31.9
442913,57.25,60.0,59.1,61.0,0,0,21.92,22.39,49508,2,0,0,31.9
443419,57.26,60.0,59.1,61.0,0,0,22.09,22.37,50008,2,0,0,31.87
443925,57.27,60.0,59.1,61.0,0,0,21.83,22.4,50508,2,0,0,31.9
444431,57.23,60.0,59.1,61.0,0,0,22.03,22.4,51008,2,0,0,31.9
444937,57.23,60.0,59.1,61.0,0,0,22.03,22.38,51508,2,0,0,31.9
445443,57.28,60.0,59.1,61.0,0,0,22.16,22.38,52008,2,0,0,31.87
445949,57.28,60.0,59.1,61.0,0,0,22.16,22.37,52508,2,0,0,31.87
446455,57.28,60.0,59.1,61.0,0,0,22.33,22.37,53008,2,0,0,31.87
446961,57.28,60.0,59.1,61.0,0,0,22.33,22.37,53508,2,0,0,31.87
447467,57.26,60.0,59.1,61.0,0,0,22.29,22.37,54008,2,0,0,31.87
447987,57.32,60.0,59.1,61.0,0,0,22.31,22.37,54508,2,0,0,31.89
448494,57.32,60.0,59.1,61.0,0,0,22.31,22.4,55008,2,0,0,31.89
449000,57.32,60.0,59.1,61.0,0,0,22.39,22.4,55508,2,0,0,31.89
449506,57.32,60.0,59.1,61.0,0,0,22.57,22.4,56008,2,0,0,31.9
450012,57.32,60.0,59.1,61.0,0,0,22.57,22.41,56508,2,0,0,31.9
450518,57.32,60.0,59.1,61.0,0,0,22.57,22.41,57008,2,0,0,31.9
451024,57.32,60.0,59.1,61.0,0,0,22.57,22.41,57508,2,0,0,31.9
451530,57.32,60.0,59.1,61.0,0,0,22.57,22.41,58008,2,0,0,31.9
452036,57.43,60.0,59.1,61.0,0,0,22.68,22.41,58508,2,0,0,31.89
452542,57.43,60.0,59.1,61.0,0,0,22.68,22.43,59008,2,0,0,31.89
453048,57.43,60.0,59.1,61.0,0,0,22.68,22.43,59508,2,0,0,31.89
453554,57.39,60.0,59.1,61.0,0,0,23.02,22.43,60008,2,0,0,31.89
454060,57.39,60.0,59.1,61.0,0,0,23.02,22.42,60508,2,0,0,31.89
454566,57.41,60.0,59.1,61.0,0,0,22.85,22.42,61008,2,0,0,31.87
455072,57.41,60.0,59.1,61.0,0,0,22.85,22.41,61508,2,0,0,31.87
455578,57.41,60.0,59.1,61.0,0,0,22.85,22.41,62008,2,0,0,31.87
456084,57.43,60.0,59.1,61.0,0,0,23.15,22.41,62508,2,0,0,31.87
456590,57.43,60.0,59.1,61.0,0,0,23.15,22.41,63008,2,0,0,31.87
457096,57.45,60.0,59.1,61.0,0,0,23.05,22.42,63508,2,0,0,31.87
457602,57.41,60.0,59.1,61.0,0,0,22.98,22.42,64008,2,0,0,31.89
458123,57.5,60.0,59.1,61.0,0,0,23.07,22.42,64508,2,0,0,31.87
458630,57.5,60.0,59.1,61.0,0,0,23.07,22.43,65008,2,0,0,31.87
459136,57.5,60.0,59.1,61.0,0,0,23.07,22.43,65508,2,0,0,31.87
459642,57.54,60.0,59.1,61.0,0,0,23.39,22.43,66008,2,0,0,31.89
460148,57.54,60.0,59.1,61.0,0,0,23.39,22.46,66508,2,0,0,31.89
460654,57.56,60.0,59.1,61.0,0,0,23.2,22.46,67008,2,0,0,31.92
461160,57.56,60.0,59.1,61.0,0,0,23.2,22.49,67508,2,0,0,31.92
461666,57.54,60.0,59.1,61.0,0,0,23.42,22.49,68008,2,0,0,31.9
462173,57.54,60.0,59.1,61.0,0,0,23.5,22.47,68508,2,0,0,31.89
462680,57.54,60.0,59.1,61.0,0,0,23.5,22.46,69008,2,0,0,31.89
463186,57.59,60.0,59.1,61.0,0,0,23.44,22.46,69508,2,0,0,31.87
463692,57.59,60.0,59.1,61.0,0,0,23.44,22.46,70008,2,0,0,31.87
464198,57.56,60.0,59.1,61.0,0,0,23.5,22.48,70521,2,0,0,31.9
464704,57.62,60.0,59.1,61.0,0,0,23.74,22.48,71021,2,0,0,31.89
465210,57.62,60.0,59.1,61.0,0,0,23.74,22.48,71521,2,0,0,31.89
465716,57.63,60.0,59.1,61.0,0,0,23.52,22.47,72021,2,0,0,31.87
466222,57.63,60.0,59.1,61.0,0,0,23.52,22.47,72521,2,0,0,31.87
466728,57.69,60.0,59.1,61.0,0,0,23.63,22.47,73021,2,0,0,31.89
467234,57.69,60.0,59.1,61.0,0,0,23.63,22.5,73521,2,0,0,31.89
467740,57.66,60.0,59.1,61.0,0,0,23.81,22.5,74021,2,0,0,31.86
468246,57.66,60.0,59.1,61.0,0,0,23.81,22.47,74521,2,0,0,31.86
468752,57.73,60.0,59.1,61.0,0,0,23.79,22.47,75021,2,0,0,31.89
469258,57.72,60.0,59.1,61.0,0,0,23.81,22.52,75521,2,0,0,31.9
469764,57.72,60.0,59.1,61.0,0,0,23.81,22.52,76524,2,0,0,31.9
470270,57.78,60.0,59.1,61.0,0,0,23.81,22.53,77024,2,0,0,31.89
470776,57.73,60.0,59.1,61.0,0,0,24.2,22.53,77524,2,0,0,31.9
471282,57.73,60.0,59.1,61.0,0,0,24.2,22.53,78024,2,0,0,31.9
471788,57.81,60.0,59.1,61.0,0,0,23.96,22.54,78524,2,0,0,31.89
472294,57.81,60.0,59.1,61.0,0,0,24.2,22.56,79027,2,0,0,31.92
472800,57.81,60.0,59.1,61.0,0,0,24.2,22.56,79527,2,0,0,31.92
473306,57.81,60.0,59.1,61.0,0,0,24.2,22.56,80027,2,0,0,31.92
473812,57.83,60.0,59.1,61.0,0,0,24.24,22.54,80527,2,0,0,31.89
474318,57.86,60.0,59.1,61.0,0,0,24.14,22.55,81027,2,0,0,31.89
474824,57.86,60.0,59.1,61.0,0,0,24.14,22.55,81527,2,0,0,31.89
475330,57.87,60.0,59.1,61.0,0,0,24.24,22.58,82027,2,0,0,31.92
475836,57.87,60.0,59.1,61.0,0,0,24.24,22.58,82527,2,0,0,31.92
476342,57.9,60.0,59.1,61.0,0,0,24.44,22.58,83027,2,0,0,31.89
476848,57.9,60.0,59.1,61.0,0,0,24.44,22.56,83527,2,0,0,31.89
477354,57.95,60.0,59.1,61.0,0,0,24.29,22.6,84027,2,0,0,31.92
477860,57.95,60.0,59.1,61.0,0,0,24.33,22.56,84527,2,0,0,31.87
478366,57.92,60.0,59.1,61.0,0,0,24.49,22.56,85027,2,0,0,31.89
478872,57.92,60.0,59.1,61.0,0,0,24.49,22.57,85527,2,0,0,31.89
479378,58.0,60.0,59.1,61.0,0,0,24.55,22.59,86027,2,0,0,31.89
479884,58.0,60.0,59.1,61.0,0,0,24.55,22.59,86527,2,0,0,31.89
480390,57.98,60.0,59.1,61.0,0,0,24.64,22.61,87027,2,0,0,31.92
480896,57.98,60.0,59.1,61.0,0,0,24.64,22.61,87527,2,0,0,31.92
481402,58.04,60.0,59.1,61.0,0,0,24.57,22.6,88027,2,0,0,31.89
481908,58.05,60.0,59.1,61.0,0,0,24.81,22.6,88527,2,0,0,31.9
482414,58.05,60.0,59.1,61.0,0,0,24.81,22.62,89027,2,0,0,31.9
482920,58.08,60.0,59.1,61.0,0,0,24.84,22.61,89527,2,0,0,31.89
483426,58.04,60.0,59.1,61.0,0,0,24.92,22.61,90027,2,0,0,31.92
483932,58.04,60.0,59.1,61.0,0,0,24.92,22.63,90527,2,0,0,31.92
484438,58.04,60.0,59.1,61.0,0,0,24.92,22.63,91027,2,0,0,31.92
484944,58.15,60.0,59.1,61.0,0,0,24.88,22.63,91527,2,0,0,31.92
485450,58.15,60.0,59.1,61.0,0,0,24.88,22.66,92027,2,0,0,31.92
485956,58.13,60.0,59.1,61.0,0,0,24.75,22.64,92527,2,0,0,31.9
486462,58.13,60.0,59.1,61.0,0,0,24.75,22.64,93027,2,0,0,31.9
486968,58.12,60.0,59.1,61.0,0,0,24.86,22.64,93527,2,0,0,31.9
487474,58.13,60.0,59.1,61.0,0,0,24.97,22.64,94041,2,0,0,31.9
487980,58.13,60.0,59.1,61.0,0,0,24.97,22.64,94541,2,0,0,31.9
488486,58.13,60.0,59.1,61.0,0,0,24.97,22.64,95041,2,0,0,31.9
488992,58.14,60.0,59.1,61.0,0,0,25.06,22.63,95541,2,0,0,31.89
489498,58.17,60.0,59.1,61.0,0,0,25.3,22.65,96041,2,0,0,31.9
490004,58.17,60.0,59.1,61.0,0,0,25.3,22.65,96541,2,0,0,31.9
490510,58.17,60.0,59.1,61.0,0,0,25.03,22.65,97041,2,0,0,31.9
491016,58.22,60.0,59.1,61.0,0,0,25.1,22.65,97541,2,0,0,31.87
491522,58.22,60.0,59.1,61.0,0,0,25.1,22.64,98041,2,0,0,31.87
492028,58.25,60.0,59.1,61.0,0,0,25.47,22.69,98541,2,0,0,31.92
492534,58.25,60.0,59.1,61.0,0,0,25.47,22.69,99041,2,0,0,31.92
493040,58.3,60.0,59.1,61.0,0,0,25.12,22.69,99541,2,0,0,31.92
493546,58.28,60.0,59.1,61.0,0,0,25.21,22.7,100041,2,0,0,31.9
494052,58.28,60.0,59.1,61.0,0,0,25.21,22.68,100541,2,0,0,31.9
494558,58.31,60.0,59.1,61.0,0,0,25.28,22.68,101041,2,0,0,31.89
495064,58.31,60.0,59.1,61.0,0,0,25.28,22.68,101541,2,0,0,31.89
495570,58.31,60.0,59.1,61.0,0,0,25.28,22.68,102041,2,0,0,31.89
496076,58.31,60.0,59.1,61.0,0,0,25.28,22.68,102541,2,0,0,31.89
496582,58.35,60.0,59.1,61.0,0,0,25.47,22.69,103041,2,0,0,31.89
497088,58.35,60.0,59.1,61.0,0,0,25.47,22.69,103541,2,0,0,31.89
497594,58.34,60.0,59.1,61.0,0,0,25.41,22.71,104041,2,0,0,31.92
498100,58.32,60.0,59.1,61.0,0,0,25.45,22.68,104541,2,0,0,31.89
498608,58.32,60.0,59.1,61.0,0,0,25.45,22.68,105041,2,0,0,31.89
499114,58.36,60.0,59.1,61.0,0,0,25.5,22.68,105541,2,0,0,31.9
499620,58.36,60.0,59.1,61.0,0,0,25.5,22.71,106041,2,0,0,31.9
500126,58.36,60.0,59.1,61.0,0,0,25.5,22.71,106541,2,0,0,31.9
500632,58.36,60.0,59.1,61.0,0,0,25.5,22.71,107041,2,0,0,31.9
501139,58.36,60.0,59.1,61.0,0,0,25.5,22.71,107541,2,0,0,31.9
501646,58.35,60.0,59.1,61.0,0,0,25.65,22.7,108041,2,0,0,31.9
502152,58.39,60.0,59.1,61.0,0,0,25.56,22.7,108541,2,0,0,31.87
502658,58.39,60.0,59.1,61.0,0,0,26.07,22.69,109041,2,0,0,31.9
503164,58.39,60.0,59.1,61.0,0,0,26.07,22.71,109541,2,0,0,31.9
503670,58.39,60.0,59.1,61.0,0,0,26.07,22.71,110041,2,0,0,31.9
504176,58.39,60.0,59.1,61.0,0,0,26.07,22.71,110541,2,0,0,31.9
504682,58.39,60.0,59.1,61.0,0,0,26.07,22.71,111041,2,0,0,31.9
505188,58.41,60.0,59.1,61.0,0,0,25.76,22.75,111542,2,0,0,31.93
505694,58.41,60.0,59.1,61.0,0,0,25.81,22.75,112042,2,0,0,31.9
506200,58.42,60.0,59.1,61.0,0,0,25.85,22.72,112542,2,0,0,31.9
506706,58.42,60.0,59.1,61.0,0,0,25.85,22.72,113042,2,0,0,31.9
507212,58.42,60.0,59.1,61.0,0,0,25.85,22.72,113542,2,0,0,31.9
507718,58.42,60.0,59.1,61.0,0,0,25.85,22.72,114042,2,0,0,31.9
508224,58.43,60.0,59.1,61.0,0,0,25.98,22.72,114542,2,0,0,31.89
508730,58.43,60.0,59.1,61.0,0,0,25.98,22.71,115042,2,0,0,31.89
509236,58.46,60.0,59.1,61.0,0,0,26.16,22.71,115542,2,0,0,31.92
509742,58.46,60.0,59.1,61.0,0,0,26.16,22.75,116042,2,0,0,31.92
510248,58.46,60.0,59.1,61.0,0,0,26.16,22.75,116542,2,0,0,31.92
510754,58.46,60.0,59.1,61.0,0,0,26.16,22.75,117042,2,0,0,31.92
511260,58.46,60.0,59.1,61.0,0,0,26.16,22.75,117542,2,0,0,31.92
511766,58.46,60.0,59.1,61.0,0,0,26.16,22.75,118042,2,0,0,31.92
512272,58.46,60.0,59.1,61.0,0,0,26.16,22.75,118542,2,0,0,31.92
512778,58.46,60.0,59.1,61.0,0,0,26.16,22.75,119042,2,0,0,31.92
513284,58.52,60.0,59.1,61.0,0,0,26.56,22.75,119544,2,0,0,31.92
513790,58.55,60.0,59.1,61.0,0,0,26.25,22.75,120550,2,0,0,31.89
514296,58.55,60.0,59.1,61.0,0,0,26.25,22.75,121050,2,0,0,31.89
514802,58.56,60.0,59.1,61.0,0,0,26.32,22.76,121550,2,0,0,31.9
515308,58.56,60.0,59.1,61.0,0,0,26.32,22.76,122050,2,0,0,31.9
515814,58.59,60.0,59.1,61.0,0,0,26.16,22.78,122550,2,0,0,31.92
516320,58.59,60.0,59.1,61.0,0,0,26.16,22.78,123050,2,0,0,31.92
516826,58.56,60.0,59.1,61.0,0,0,26.36,22.78,123550,2,0,0,31.92
517334,58.56,60.0,59.1,61.0,0,0,26.36,22.78,124050,2,0,0,31.92
517841,58.56,60.0,59.1,61.0,0,0,26.36,22.78,124550,2,0,0,31.92
518347,58.57,60.0,59.1,61.0,0,0,26.43,22.77,125050,2,0,0,31.9
518853,58.61,60.0,59.1,61.0,0,0,26.43,22.77,125550,2,0,0,31.92
519359,58.61,60.0,59.1,61.0,0,0,26.43,22.79,126050,2,0,0,31.92
519865,58.6,60.0,59.1,61.0,0,0,25.87,22.79,126550,2,0,0,31.92
520371,58.58,60.0,59.1,61.0,0,0,26.49,22.79,127061,2,0,0,31.93
520877,58.58,60.0,59.1,61.0,0,0,26.49,22.79,127561,2,0,0,31.93
521383,58.62,60.0,59.1,61.0,0,0,26.52,22.78,128061,2,0,0,31.9
521889,58.62,60.0,59.1,61.0,0,0,26.52,22.78,128561,2,0,0,31.9
522395,58.62,60.0,59.1,61.0,0,0,26.69,22.78,129061,2,0,0,31.89
522901,58.62,60.0,59.1,61.0,0,0,26.69,22.77,129561,2,0,0,31.89
523407,58.62,60.0,59.1,61.0,0,0,26.69,22.77,130061,2,0,0,31.89
523913,58.65,60.0,59.1,61.0,0,0,26.47,22.81,130561,2,0,0,31.93
524419,58.66,60.0,59.1,61.0,0,0,26.4,22.79,131061,2,0,0,31.9
524925,58.65,60.0,59.1,61.0,0,0,26.65,22.79,131561,2,0,0,31.89
525431,58.65,60.0,59.1,61.0,0,0,26.65,22.77,132061,2,0,0,31.89
525937,58.65,60.0,59.1,61.0,0,0,26.65,22.77,132561,2,0,0,31.89
526443,58.68,60.0,59.1,61.0,0,0,26.87,22.81,133061,2,0,0,31.92
526949,58.67,60.0,59.1,61.0,0,0,26.63,22.79,133561,2,0,0,31.9
527455,58.73,60.0,59.1,61.0,0,0,26.76,22.79,134061,2,0,0,31.93
527961,58.73,60.0,59.1,61.0,0,0,26.76,22.84,134561,2,0,0,31.93
528467,58.73,60.0,59.1,61.0,0,0,26.76,22.84,135061,2,0,0,31.93
528973,58.68,60.0,59.1,61.0,0,0,26.72,22.8,135561,2,0,0,31.9
529479,58.77,60.0,59.1,61.0,0,0,26.74,22.81,136061,2,0,0,31.89
529986,58.74,60.0,59.1,61.0,0,0,26.69,22.81,136561,2,0,0,31.9
530493,58.74,60.0,59.1,61.0,0,0,26.69,22.81,137061,2,0,0,31.9
530999,58.74,60.0,59.1,61.0,0,0,26.69,22.81,137561,2,0,0,31.9
531505,58.75,60.0,59.1,61.0,0,0,26.76,22.82,138061,2,0,0,31.9
532011,58.78,60.0,59.1,61.0,0,0,26.74,22.82,138561,2,0,0,31.89
532517,58.78,60.0,59.1,61.0,0,0,26.74,22.81,139061,2,0,0,31.89
533023,58.81,60.0,59.1,61.0,0,0,26.96,22.83,139561,2,0,0,31.9
533529,58.82,60.0,59.1,61.0,0,0,27.07,22.86,140061,2,0,0,31.93
534035,58.82,60.0,59.1,61.0,0,0,27.07,22.86,140561,2,0,0,31.93
534541,58.8,60.0,59.1,61.0,0,0,26.96,22.86,141061,2,0,0,31.93
535047,58.89,60.0,59.1,61.0,0,0,26.85,22.86,141561,2,0,0,31.9
535553,58.89,60.0,59.1,61.0,0,0,26.85,22.85,142061,2,0,0,31.9
536059,58.87,60.0,59.1,61.0,0,0,26.98,22.85,142561,2,0,0,31.89
536565,58.87,60.0,59.1,61.0,0,0,26.98,22.84,143061,2,0,0,31.89
537071,58.9,60.0,59.1,61.0,0,0,27.01,22.86,143565,2,0,0,31.9
537577,58.9,60.0,59.1,61.0,0,0,27.01,22.86,144065,2,0,0,31.9
538083,58.87,60.0,59.1,61.0,0,0,27.18,22.85,144565,2,0,0,31.9
538589,58.94,60.0,59.1,61.0,0,0,27.12,22.85,145065,2,0,0,31.92
539095,58.94,60.0,59.1,61.0,0,0,27.12,22.88,145565,2,0,0,31.92
539601,58.94,60.0,59.1,61.0,0,0,27.12,22.88,146065,2,0,0,31.92
540107,58.96,60.0,59.1,61.0,0,0,27.23,22.88,146565,2,0,0,31.92
540613,58.96,60.0,59.1,61.0,0,0,27.23,22.89,147065,2,0,0,31.92
541119,58.95,60.0,59.1,61.0,0,0,26.98,22.89,147565,2,0,0,31.93
541625,58.96,60.0,59.1,61.0,0,0,27.27,22.9,148065,2,0,0,31.9
542131,58.96,60.0,59.1,61.0,0,0,27.27,22.88,148565,2,0,0,31.9
542637,59.05,60.0,59.1,61.0,0,0,27.16,22.88,149065,2,0,0,31.92
543143,59.05,60.0,59.1,61.0,0,0,27.16,22.91,149565,2,0,0,31.92
543649,59.04,60.0,59.1,61.0,0,0,26.98,22.88,150065,2,0,0,31.89
544155,59.04,60.0,59.1,61.0,0,0,26.98,22.88,150565,2,0,0,31.89
544661,59.09,60.0,59.1,61.0,0,0,27.34,22.88,151065,2,0,0,31.92
545167,59.11,60.0,59.1,61.0,0,0,27.05,22.92,151565,2,0,0,31.9
545673,59.11,60.0,59.1,61.0,1,0,27.36,22.92,0,2,0,0,31.93
546179,59.11,60.0,59.1,61.0,1,0,27.36,22.94,500,2,0,0,31.93
546685,59.11,60.0,59.1,61.0,1,0,27.36,22.94,1000,2,0,0,31.93
547192,59.11,60.0,59.1,61.0,1,0,27.36,22.94,1500,2,0,0,31.93
547698,59.14,60.0,59.1,61.0,1,0,27.34,22.94,2000,2,0,0,31.9
548204,59.19,60.0,59.1,61.0,1,0,27.79,22.92,2500,2,0,0,31.92
548710,59.19,60.0,59.1,61.0,1,0,27.79,22.95,3000,2,0,0,31.92
549216,59.2,60.0,59.1,61.0,1,0,27.12,22.95,3500,2,0,0,31.9
549722,59.2,60.0,59.1,61.0,1,0,27.12,22.94,4000,2,0,0,31.9
550231,59.24,60.0,59.1,61.0,1,0,27.21,22.94,4500,2,0,0,31.89
550738,59.24,60.0,59.1,61.0,1,0,27.21,22.94,5000,2,0,0,31.89
551244,59.24,60.0,59.1,61.0,1,0,27.21,22.94,5500,2,0,0,31.92
551750,59.24,60.0,59.1,61.0,1,0,27.16,22.97,6000,2,0,0,31.9
552256,59.31,60.0,59.1,61.0,1,0,26.98,22.95,6500,2,0,0,31.93
552762,59.31,60.0,59.1,61.0,1,0,26.98,23.0,7000,2,0,0,31.93
553268,59.29,60.0,59.1,61.0,1,0,26.49,22.98,7517,2,0,0,31.92
553774,59.31,60.0,59.1,61.0,1,0,26.92,22.98,8017,2,0,0,31.89
554280,59.33,60.0,59.1,61.0,1,0,26.74,22.96,8517,2,0,0,31.93
554786,59.33,60.0,59.1,61.0,1,0,26.74,23.0,9017,2,0,0,31.93
555292,59.33,60.0,59.1,61.0,1,0,26.74,23.0,9517,2,0,0,31.93
555798,59.36,60.0,59.1,61.0,1,0,26.56,23.0,10017,2,0,0,31.92
556304,59.41,60.0,59.1,61.0,1,0,26.34,23.0,10517,2,0,0,31.89
556810,59.41,60.0,59.1,61.0,1,0,26.34,22.99,11017,2,0,0,31.89
557316,59.41,60.0,59.1,61.0,1,0,26.34,22.99,11517,2,0,0,31.89
557822,59.46,60.0,59.1,61.0,1,0,26.16,23.0,12517,2,0,0,31.89
558329,59.46,60.0,59.1,61.0,1,0,26.16,23.0,13017,2,0,0,31.89
558836,59.49,60.0,59.1,61.0,1,0,25.98,23.05,13517,2,0,0,31.93
559342,59.49,60.0,59.1,61.0,1,0,25.98,23.05,14017,2,0,0,31.93
559848,59.55,60.0,59.1,61.0,1,0,25.87,23.05,14517,2,0,0,31.92
560354,59.54,60.0,59.1,61.0,1,0,25.5,23.05,15017,2,0,0,31.92
560860,59.56,60.0,59.1,61.0,1,0,25.63,23.03,15517,2,0,0,31.89
561366,59.55,60.0,59.1,61.0,1,0,25.52,23.04,16017,2,0,0,31.9
561872,59.55,60.0,59.1,61.0,1,0,25.52,23.04,16517,2,0,0,31.9
562378,59.62,60.0,59.1,61.0,1,0,25.32,23.07,17017,2,0,0,31.92
562895,59.65,60.0,59.1,61.0,1,0,25.17,23.07,17517,2,0,0,31.9
563402,59.65,60.0,59.1,61.0,1,0,25.17,23.07,18017,2,0,0,31.9
563908,59.64,60.0,59.1,61.0,1,0,24.97,23.07,18517,2,0,0,31.92
564414,59.64,60.0,59.1,61.0,1,0,24.97,23.08,19017,2,0,0,31.92
564920,59.67,60.0,59.1,61.0,1,0,24.86,23.08,19517,2,0,0,31.92
565426,59.71,60.0,59.1,61.0,1,0,25.08,23.11,20017,2,0,0,31.93
565932,59.71,60.0,59.1,61.0,1,0,25.08,23.11,20517,2,0,0,31.93
566438,59.7,60.0,59.1,61.0,1,0,24.68,23.09,21017,2,0,0,31.92
566953,59.79,60.0,59.1,61.0,1,0,24.44,23.09,21517,2,0,0,31.9
567460,59.79,60.0,59.1,61.0,1,0,24.44,23.11,22017,2,0,0,31.9
567966,59.79,60.0,59.1,61.0,1,0,24.44,23.11,22517,2,0,0,31.9
568472,59.8,60.0,59.1,61.0,1,0,24.22,23.11,23017,2,0,0,31.9
568978,59.8,60.0,59.1,61.0,1,0,24.22,23.11,23517,2,0,0,31.9
569484,59.85,60.0,59.1,61.0,1,0,24.09,23.14,24017,2,0,0,31.92
569990,59.85,60.0,59.1,61.0,1,0,24.09,23.14,24517,2,0,0,31.92
570496,59.84,60.0,59.1,61.0,1,0,23.81,23.11,25017,2,0,0,31.89
571002,59.86,60.0,59.1,61.0,1,0,23.92,23.11,25517,2,0,0,31.89
571508,59.86,60.0,59.1,61.0,1,0,23.92,23.11,26017,2,0,0,31.89
572014,59.86,60.0,59.1,61.0,1,0,23.92,23.11,26517,2,0,0,31.89
572520,59.91,60.0,59.1,61.0,1,0,23.5,23.11,27017,2,0,0,31.9
573026,59.91,60.0,59.1,61.0,1,0,23.5,23.14,27517,2,0,0,31.9
573532,59.98,60.0,59.1,61.0,1,0,23.42,23.17,28017,2,0,0,31.92
574038,59.98,60.0,59.1,61.0,1,0,23.42,23.17,28517,2,0,0,31.92
574544,59.98,60.0,59.1,61.0,1,0,23.42,23.17,29017,2,0,0,31.92
575050,59.98,60.0,59.1,61.0,1,0,23.42,23.17,29517,2,0,0,31.92
575556,60.01,60.0,59.1,61.0,1,0,23.15,23.18,30017,2,0,0,31.92
576062,60.01,60.0,59.1,61.0,1,0,23.15,23.18,30517,2,0,0,31.92
576568,59.98,60.0,59.1,61.0,1,0,22.87,23.17,31017,2,0,0,31.92
577074,59.98,60.0,59.1,61.0,1,0,22.87,23.17,31517,2,0,0,31.92
577581,60.03,60.0,59.1,61.0,1,0,22.48,23.17,32017,2,0,0,31.92
578088,60.03,60.0,59.1,61.0,1,0,22.48,23.18,32517,2,0,0,31.92
578594,60.03,60.0,59.1,61.0,1,0,22.48,23.18,33017,2,0,0,31.92
579100,60.08,60.0,59.1,61.0,1,0,22.5,23.2,33517,2,0,0,31.92
579606,60.12,60.0,59.1,61.0,1,0,22.46,23.2,34017,2,0,0,31.92
580112,60.12,60.0,59.1,61.0,1,0,22.46,23.21,34517,2,0,0,31.92
580618,60.13,60.0,59.1,61.0,1,0,22.24,23.23,35017,2,0,0,31.93
581124,60.15,60.0,59.1,61.0,1,0,22.0,23.19,35517,2,0,0,31.89
581630,60.17,60.0,59.1,61.0,1,0,22.16,23.19,36017,2,0,0,31.92
582136,60.22,60.0,59.1,61.0,1,0,21.94,23.22,36517,2,0,0,31.93
582642,60.22,60.0,59.1,61.0,1,0,21.94,23.25,37017,2,0,0,31.93
583148,60.22,60.0,59.1,61.0,1,0,21.94,23.25,37518,2,0,0,31.93
583654,60.24,60.0,59.1,61.0,1,0,21.83,23.22,38019,2,0,0,31.89
584160,60.24,60.0,59.1,61.0,1,0,21.83,23.22,38519,2,0,0,31.89
584666,60.32,60.0,59.1,61.0,1,0,21.66,23.26,39019,2,1,0,31.92
585172,60.34,60.0,59.1,61.0,1,0,21.53,23.26,39519,2,1,0,31.92
585680,60.34,60.0,59.1,61.0,0,0,21.53,23.27,0,2,1,0,31.92
586186,60.41,60.0,59.1,61.0,0,0,21.35,23.27,500,2,1,0,31.95
586692,60.41,60.0,59.1,61.0,0,0,21.35,23.32,1000,2,1,0,31.95
587198,60.46,60.0,59.1,61.0,0,0,21.31,23.32,1500,2,1,0,31.92
587704,60.46,60.0,59.1,61.0,0,0,21.31,23.3,2000,2,1,0,31.92
588210,60.46,60.0,59.1,61.0,0,0,21.14,23.32,2500,2,1,0,31.93
588716,60.56,60.0,59.1,61.0,0,0,21.05,23.32,3000,2,1,0,31.92
589222,60.62,60.0,59.1,61.0,0,0,21.1,23.33,3500,2,1,0,31.9
589745,60.66,60.0,59.1,61.0,0,0,21.29,23.33,4000,2,1,0,31.92
590252,60.66,60.0,59.1,61.0,0,0,21.29,23.36,4500,2,1,0,31.92
590758,60.68,60.0,59.1,61.0,0,0,21.07,23.36,5000,2,1,0,31.9
591264,60.69,60.0,59.1,61.0,0,0,21.12,23.35,5500,2,1,0,31.9
591770,60.69,60.0,59.1,61.0,0,0,21.12,23.35,6000,2,1,0,31.9
592276,60.77,60.0,59.1,61.0,0,0,20.84,23.35,6500,2,1,0,31.93
592782,60.81,60.0,59.1,61.0,0,0,20.47,23.4,7000,2,1,0,31.92
593288,60.81,60.0,59.1,61.0,0,0,20.47,23.4,7500,2,1,0,31.92
593794,60.82,60.0,59.1,61.0,0,0,21.1,23.4,8000,2,1,0,31.92
594300,60.82,60.0,59.1,61.0,0,0,21.1,23.4,8500,2,1,0,31.92
594806,60.82,60.0,59.1,61.0,0,0,21.1,23.4,9000,2,1,0,31.92
595312,60.9,60.0,59.1,61.0,0,0,21.05,23.4,9500,2,1,0,31.9
595818,60.9,60.0,59.1,61.0,0,0,21.05,23.41,10000,2,1,0,31.9
596324,60.9,60.0,59.1,61.0,0,0,21.05,23.41,11000,2,1,0,31.9
596830,60.9,60.0,59.1,61.0,0,0,21.05,23.41,11500,2,1,0,31.9
597336,60.97,60.0,59.1,61.0,0,0,21.25,23.44,12000,2,1,0,31.92
597842,60.97,60.0,59.1,61.0,0,0,21.25,23.44,12500,2,1,0,31.92
598348,61.0,60.0,59.1,61.0,0,0,21.33,23.46,13000,2,1,0,31.93
598854,61.0,60.0,59.1,61.0,0,0,21.33,23.46,13500,2,1,0,31.93
599360,60.98,60.0,59.1,61.0,0,0,21.29,23.47,14000,2,1,0,31.95
599869,60.98,60.0,59.1,61.0,0,0,21.29,23.47,14500,2,1,0,31.95
600376,60.99,60.0,59.1,61.0,0,0,21.64,23.44,15000,2,1,0,31.9
600882,60.99,60.0,59.1,61.0,0,0,21.64,23.44,15500,2,1,0,31.9
601388,61.01,60.0,59.1,61.0,0,0,21.51,23.48,16000,2,1,0,31.95
601894,61.01,60.0,59.1,61.0,0,0,21.51,23.48,16500,2,1,0,31.95
602400,60.94,60.0,59.1,61.0,0,0,21.48,23.42,17000,2,1,0,31.9
602906,60.94,60.0,59.1,61.0,0,0,21.48,23.42,17500,2,1,0,31.9
603412,60.99,60.0,59.1,61.0,0,0,21.7,23.46,18000,2,1,0,31.93
603918,60.99,60.0,59.1,61.0,0,0,21.7,23.46,18500,2,1,0,31.93
604424,61.0,60.0,59.1,61.0,0,0,21.16,23.45,19000,2,1,0,31.92
604930,61.0,60.0,59.1,61.0,0,0,21.94,23.41,19500,2,0,0,31.87
605436,61.0,60.0,59.1,61.0,1,0,21.94,23.41,0,2,0,0,31.87
605942,60.95,60.0,59.1,61.0,1,0,21.87,23.45,500,2,1,0,31.93
606448,60.98,60.0,59.1,61.0,1,0,20.51,23.43,1000,2,1,0,31.9
606954,60.98,60.0,59.1,61.0,1,0,20.51,23.43,1500,2,1,0,31.9
607460,60.94,60.0,59.1,61.0,1,0,21.79,23.42,2000,2,1,0,31.9
607966,60.94,60.0,59.1,61.0,1,0,21.79,23.42,2500,2,1,0,31.9
608472,60.93,60.0,59.1,61.0,1,0,21.98,23.42,3000,2,0,0,31.9
608978,60.93,60.0,59.1,61.0,1,0,21.98,23.42,3500,2,0,0,31.9
609484,60.93,60.0,59.1,61.0,1,0,21.98,23.42,4004,2,0,0,31.9
609990,60.93,60.0,59.1,61.0,1,0,22.03,23.43,4505,2,0,0,31.92
610496,60.88,60.0,59.1,61.0,1,0,22.0,23.42,5006,2,0,0,31.92
611002,60.88,60.0,59.1,61.0,1,0,22.0,23.42,5506,2,0,0,31.92
611508,60.88,60.0,59.1,61.0,1,0,21.92,23.42,6006,2,1,0,31.92
612014,60.85,60.0,59.1,61.0,1,0,22.07,23.42,6506,2,1,0,31.93
612520,60.85,60.0,59.1,61.0,1,0,22.07,23.42,7006,2,0,0,31.93
613026,60.85,60.0,59.1,61.0,1,0,22.07,23.42,7506,2,0,0,31.93
613532,60.85,60.0,59.1,61.0,1,0,22.07,23.42,8006,2,0,0,31.93
614038,60.85,60.0,59.1,61.0,1,0,21.77,23.39,8506,2,1,0,31.89
614544,60.85,60.0,59.1,61.0,1,0,21.77,23.39,9006,2,1,0,31.89
615050,60.84,60.0,59.1,61.0,1,0,21.79,23.39,9506,2,1,0,31.92
615556,60.84,60.0,59.1,61.0,1,0,21.79,23.41,10006,2,1,0,31.92
616062,60.84,60.0,59.1,61.0,1,0,21.79,23.41,10509,2,1,0,31.92
616568,60.81,60.0,59.1,61.0,1,0,21.66,23.41,11010,2,1,0,31.93
617074,60.81,60.0,59.1,61.0,1,0,21.66,23.41,11510,2,1,0,31.93
617580,60.83,60.0,59.1,61.0,1,0,21.94,23.4,12010,2,0,0,31.92
618086,60.83,60.0,59.1,61.0,1,0,21.94,23.4,12510,2,0,0,31.92
618592,60.83,60.0,59.1,61.0,1,0,21.27,23.4,13010,2,0,0,31.92
619098,60.83,60.0,59.1,61.0,1,0,21.27,23.4,13510,2,1,0,31.92
619604,60.79,60.0,59.1,61.0,1,0,21.16,23.4,14010,2,1,0,31.9
620110,60.79,60.0,59.1,61.0,1,0,21.16,23.38,14510,2,1,0,31.9
620616,60.79,60.0,59.1,61.0,1,0,21.16,23.38,15010,2,1,0,31.9
621122,60.76,60.0,59.1,61.0,1,0,21.07,23.37,15510,2,1,0,31.9
621628,60.8,60.0,59.1,61.0,1,0,21.2,23.37,16010,2,1,0,31.93
622135,60.8,60.0,59.1,61.0,1,0,21.2,23.41,16510,2,1,0,31.93
622642,60.75,60.0,59.1,61.0,1,0,20.84,23.41,17010,2,1,0,31.89
623148,60.75,60.0,59.1,61.0,1,0,20.84,23.36,17510,2,1,0,31.89
623654,60.72,60.0,59.1,61.0,1,0,20.71,23.36,18010,2,1,0,31.92
624160,60.72,60.0,59.1,61.0,1,0,20.71,23.37,18510,2,1,0,31.92
624666,60.73,60.0,59.1,61.0,1,0,20.45,23.37,19010,2,1,0,31.93
625172,60.73,60.0,59.1,61.0,1,0,20.45,23.39,19510,2,1,0,31.93
625678,60.73,60.0,59.1,61.0,1,0,20.45,23.39,20010,2,1,0,31.93
626184,60.68,60.0,59.1,61.0,1,0,20.38,23.39,20510,2,1,0,31.9
626690,60.68,60.0,59.1,61.0,1,0,20.38,23.35,21010,2,1,0,31.9
627196,60.71,60.0,59.1,61.0,1,0,20.34,23.36,21510,2,1,0,31.9
627702,60.68,60.0,59.1,61.0,1,0,20.47,23.36,22010,2,1,0,31.92
628208,60.68,60.0,59.1,61.0,1,0,20.47,23.36,22510,2,1,0,31.92
628714,60.68,60.0,59.1,61.0,1,0,20.47,23.36,23010,2,1,0,31.92
629220,60.69,60.0,59.1,61.0,1,0,19.87,23.36,23510,2,1,0,31.87
629726,60.67,60.0,59.1,61.0,1,0,19.95,23.33,24010,2,1,0,31.92
630232,60.67,60.0,59.1,61.0,1,0,19.95,23.36,24510,2,1,0,31.92
630738,60.63,60.0,59.1,61.0,1,0,19.8,23.36,25010,2,1,0,31.92
631244,60.63,60.0,59.1,61.0,1,0,19.8,23.35,25510,2,1,0,31.92
631750,60.69,60.0,59.1,61.0,1,0,19.74,23.35,26010,2,1,0,31.92
632256,60.64,60.0,59.1,61.0,1,0,19.95,23.37,26510,2,1,0,31.92
632762,60.64,60.0,59.1,61.0,1,0,19.95,23.35,27010,2,1,0,31.92
633268,60.61,60.0,59.1,61.0,1,0,19.52,23.35,27510,2,1,0,31.9
633774,60.61,60.0,59.1,61.0,1,0,19.52,23.33,28010,2,1,0,31.9
634280,60.61,60.0,59.1,61.0,1,0,19.44,23.33,28510,2,1,0,31.92
634786,60.61,60.0,59.1,61.0,1,0,19.44,23.34,29010,2,1,0,31.92
635292,60.61,60.0,59.1,61.0,1,0,19.44,23.34,29510,2,1,0,31.92
635798,60.57,60.0,59.1,61.0,1,0,19.31,23.34,30011,2,1,0,31.9
636304,60.57,60.0,59.1,61.0,1,0,19.31,23.32,30512,2,1,0,31.9
636810,60.49,60.0,59.1,61.0,1,0,19.13,23.32,31012,2,1,0,31.87
637316,60.49,60.0,59.1,61.0,1,0,19.13,23.27,31512,2,1,0,31.87
637822,60.47,60.0,59.1,61.0,1,0,19.11,23.27,32012,2,1,0,31.9
638328,60.47,60.0,59.1,61.0,1,0,19.13,23.29,32512,2,1,0,31.92
638834,60.47,60.0,59.1,61.0,1,0,19.13,23.31,33012,2,1,0,31.92
639340,60.45,60.0,59.1,61.0,1,0,18.96,23.29,34016,2,1,0,31.9
639846,60.38,60.0,59.1,61.0,1,0,19.33,23.26,34516,2,1,0,31.89
640352,60.38,60.0,59.1,61.0,1,0,19.33,23.26,35016,2,1,0,31.89
640858,60.38,60.0,59.1,61.0,1,0,19.31,23.28,35516,2,1,0,31.92
641364,60.38,60.0,59.1,61.0,1,0,19.31,23.28,36016,2,1,0,31.92
641870,60.32,60.0,59.1,61.0,1,0,18.57,23.26,36516,2,1,0,31.92
642376,60.32,60.0,59.1,61.0,1,0,18.57,23.26,37016,2,1,0,31.92
642882,60.23,60.0,59.1,61.0,1,0,18.55,23.23,37516,2,1,0,31.9
643388,60.23,60.0,59.1,61.0,1,0,18.55,23.23,38016,2,1,0,31.9
643894,60.23,60.0,59.1,61.0,1,0,18.36,23.25,38516,2,1,0,31.93
644400,60.22,60.0,59.1,61.0,1,0,18.81,23.22,39016,2,1,0,31.9
644906,60.14,60.0,59.1,61.0,1,0,18.9,23.19,39516,2,1,0,31.89
645412,60.14,60.0,59.1,61.0,0,0,18.9,23.19,0,2,1,0,31.89
645918,60.12,60.0,59.1,61.0,0,0,18.19,23.21,500,2,1,0,31.92
646424,60.07,60.0,59.1,61.0,0,0,17.99,23.2,1000,2,1,0,31.92
646930,60.07,60.0,59.1,61.0,0,0,17.99,23.2,1500,2,1,0,31.92
647436,59.99,60.0,59.1,61.0,0,0,18.16,23.2,2000,2,1,0,31.92
647942,59.99,60.0,59.1,61.0,0,0,18.16,23.17,2500,2,1,0,31.92
648448,59.93,60.0,59.1,61.0,0,0,17.82,23.17,3000,2,1,0,31.92
648955,59.93,60.0,59.1,61.0,0,0,17.82,23.16,3500,2,1,0,31.92
649461,59.85,60.0,59.1,61.0,0,0,18.62,23.11,4000,2,1,0,31.89
649967,59.85,60.0,59.1,61.0,0,0,18.62,23.11,4502,2,1,0,31.89
650473,59.8,60.0,59.1,61.0,0,0,17.99,23.11,5003,2,1,0,31.9
650979,59.8,60.0,59.1,61.0,0,0,17.99,23.11,5503,2,1,0,31.9
651485,59.8,60.0,59.1,61.0,0,0,17.99,23.11,6003,2,1,0,31.9
651991,59.8,60.0,59.1,61.0,0,0,17.99,23.11,6503,2,1,0,31.9
652497,59.8,60.0,59.1,61.0,0,0,17.99,23.11,7003,2,1,0,31.9
653003,59.63,60.0,59.1,61.0,0,0,18.16,23.05,7503,2,1,0,31.89
653509,59.63,60.0,59.1,61.0,0,0,18.16,23.05,8003,2,1,0,31.89
654015,59.54,60.0,59.1,61.0,0,0,18.01,23.05,8503,2,1,0,31.9
654521,59.54,60.0,59.1,61.0,0,0,18.01,23.04,9003,2,1,0,31.9
655027,59.45,60.0,59.1,61.0,0,0,18.06,23.03,9503,2,1,0,31.92
655534,59.42,60.0,59.1,61.0,0,0,18.14,23.03,10003,2,1,0,31.92
656041,59.42,60.0,59.1,61.0,0,0,18.14,23.01,10503,2,1,0,31.92
656547,59.36,60.0,59.1,61.0,0,0,17.45,22.96,11003,2,1,0,31.87
657053,59.37,60.0,59.1,61.0,0,0,18.23,22.98,11503,2,1,0,31.89
657559,59.37,60.0,59.1,61.0,0,0,18.23,22.98,12003,2,1,0,31.89
658065,59.24,60.0,59.1,61.0,0,0,18.36,22.95,12503,2,1,0,31.9
658571,59.16,60.0,59.1,61.0,0,0,18.62,22.95,13003,2,1,0,31.9
659077,59.16,60.0,59.1,61.0,0,0,18.62,22.93,13503,2,1,0,31.9
659583,59.11,60.0,59.1,61.0,0,0,18.49,22.92,14003,2,1,0,31.9
660089,59.11,60.0,59.1,61.0,0,0,18.49,22.92,14503,2,1,0,31.9
660595,59.09,60.0,59.1,61.0,0,0,18.51,22.91,15003,2,1,0,31.9
661101,58.99,60.0,59.1,61.0,0,0,18.79,22.91,15503,2,1,0,31.92
661607,58.99,60.0,59.1,61.0,0,0,18.79,22.9,16003,2,1,0,31.92
662113,58.93,60.0,59.1,61.0,0,0,18.81,22.87,16503,2,1,0,31.9
662619,58.87,60.0,59.1,61.0,0,0,18.4,22.87,17003,2,1,0,31.9
663125,58.87,60.0,59.1,61.0,0,0,18.4,22.85,17503,2,1,0,31.9
663631,58.79,60.0,59.1,61.0,0,0,19.67,22.82,18015,2,1,0,31.89
664137,58.77,60.0,59.1,61.0,0,0,18.98,22.82,18515,2,1,0,31.93
664643,58.76,60.0,59.1,61.0,0,0,19.31,22.85,19015,2,1,0,31.9
665149,58.76,60.0,59.1,61.0,0,0,19.31,22.82,19515,2,1,0,31.9
665655,58.65,60.0,59.1,61.0,0,0,19.18,22.82,20015,2,1,0,31.9
666161,58.65,60.0,59.1,61.0,0,0,19.18,22.79,20515,2,1,0,31.9
666667,58.58,60.0,59.1,61.0,0,0,19.28,22.79,21015,2,1,0,31.89
667173,58.58,60.0,59.1,61.0,0,0,19.28,22.76,21515,2,1,0,31.89
667679,58.58,60.0,59.1,61.0,0,0,19.28,22.76,22015,2,1,0,31.89
668185,58.52,60.0,59.1,61.0,0,0,19.5,22.76,22515,2,1,0,31.9
668691,58.52,60.0,59.1,61.0,0,0,19.5,22.75,23015,2,1,0,31.9
669197,58.42,60.0,59.1,61.0,0,0,19.72,22.75,23515,2,1,0,31.89
669703,58.42,60.0,59.1,61.0,0,0,19.72,22.71,24015,2,1,0,31.89
670209,58.41,60.0,59.1,61.0,0,0,19.74,22.71,24517,2,1,0,31.87
670715,58.36,60.0,59.1,61.0,0,0,19.95,22.69,25018,2,1,0,31.89
671221,58.36,60.0,59.1,61.0,0,0,19.95,22.69,25519,2,1,0,31.89
671742,58.28,60.0,59.1,61.0,0,0,19.89,22.69,26019,2,1,0,31.9
672249,58.28,60.0,59.1,61.0,0,0,19.89,22.68,26519,2,1,0,31.9
672755,58.26,60.0,59.1,61.0,0,0,20.12,22.68,27019,2,1,0,31.92
673261,58.26,60.0,59.1,61.0,0,0,20.12,22.69,27519,2,1,0,31.92
673767,58.26,60.0,59.1,61.0,0,0,20.12,22.69,28019,2,1,0,31.92
674273,58.22,60.0,59.1,61.0,0,0,20.3,22.69,28519,2,1,0,31.89
674779,58.21,60.0,59.1,61.0,0,0,20.19,22.65,29019,2,1,0,31.89
675286,58.21,60.0,59.1,61.0,0,0,20.19,22.65,29519,2,1,0,31.89
675793,58.17,60.0,59.1,61.0,0,0,20.36,22.65,30019,2,1,0,31.9
676299,58.17,60.0,59.1,61.0,0,0,20.36,22.65,30519,2,1,0,31.9
676805,58.13,60.0,59.1,61.0,0,0,20.43,22.65,31019,2,1,0,31.92
677311,58.13,60.0,59.1,61.0,0,0,20.43,22.66,31519,2,1,0,31.92
677817,58.09,60.0,59.1,61.0,0,0,20.6,22.66,32019,2,1,0,31.89
678323,58.09,60.0,59.1,61.0,0,0,20.6,22.62,32519,2,1,0,31.89
678829,58.09,60.0,59.1,61.0,0,0,20.6,22.62,33019,2,1,0,31.89
679335,58.09,60.0,59.1,61.0,0,0,20.6,22.62,33519,2,1,0,31.89
679841,58.03,60.0,59.1,61.0,0,0,20.69,22.62,34019,2,1,0,31.89
680347,58.03,60.0,59.1,61.0,0,0,20.69,22.6,34519,2,1,0,31.89
680853,58.02,60.0,59.1,61.0,0,0,20.97,22.6,35019,2,1,0,31.92
681359,58.02,60.0,59.1,61.0,0,0,20.97,22.62,36019,2,1,0,31.92
681865,58.02,60.0,59.1,61.0,0,0,20.97,22.62,36519,2,1,0,31.92
682371,57.98,60.0,59.1,61.0,0,0,20.99,22.59,37019,2,1,0,31.89
682877,58.0,60.0,59.1,61.0,0,0,21.03,22.59,37519,2,1,0,31.89
683383,58.0,60.0,59.1,61.0,0,0,21.03,22.59,38019,2,1,0,31.89
683889,58.0,60.0,59.1,61.0,0,0,21.03,22.59,38519,2,1,0,31.89
684395,57.95,60.0,59.1,61.0,0,0,21.38,22.56,39019,2,0,0,31.87
684902,57.95,60.0,59.1,61.0,0,0,21.38,22.56,39519,2,0,0,31.87
685408,57.97,60.0,59.1,61.0,0,0,21.42,22.58,40019,2,0,0,31.89
685914,57.94,60.0,59.1,61.0,0,0,21.46,22.58,40519,2,0,0,31.89
686420,57.94,60.0,59.1,61.0,0,0,21.46,22.58,41019,2,0,0,31.89
686926,57.9,60.0,59.1,61.0,0,0,21.42,22.56,41519,2,0,0,31.89
687432,57.97,60.0,59.1,61.0,0,0,21.51,22.61,42019,2,0,0,31.92
687938,57.97,60.0,59.1,61.0,0,0,21.51,22.61,42519,2,0,0,31.92
688444,57.9,60.0,59.1,61.0,0,0,21.81,22.56,43019,2,0,0,31.89
688950,58.0,60.0,59.1,61.0,0,0,21.64,22.6,43519,2,0,0,31.9
689456,57.92,60.0,59.1,61.0,0,0,21.74,22.57,44031,2,0,0,31.89
689962,57.92,60.0,59.1,61.0,0,0,21.74,22.57,44531,2,0,0,31.89
690468,57.92,60.0,59.1,61.0,0,0,21.74,22.57,45031,2,0,0,31.89
690974,57.97,60.0,59.1,61.0,0,0,21.85,22.6,45531,2,0,0,31.9
691480,57.91,60.0,59.1,61.0,0,0,22.13,22.57,46031,2,0,0,31.89
691986,57.93,60.0,59.1,61.0,0,0,22.05,22.57,46531,2,0,0,31.89
692492,57.93,60.0,59.1,61.0,0,0,22.05,22.57,47031,2,0,0,31.89
692998,57.93,60.0,59.1,61.0,0,0,22.05,22.57,47531,2,0,0,31.89
693504,57.92,60.0,59.1,61.0,0,0,22.0,22.57,48031,2,0,0,31.89
694010,57.92,60.0,59.1,61.0,0,0,22.0,22.57,48531,2,0,0,31.89
694516,57.95,60.0,59.1,61.0,0,0,22.03,22.57,49031,2,0,0,31.9
695022,57.95,60.0,59.1,61.0,0,0,22.03,22.59,49531,2,0,0,31.9
695528,57.98,60.0,59.1,61.0,0,0,22.2,22.59,50041,2,0,0,31.89
696034,57.98,60.0,59.1,61.0,0,0,22.2,22.59,50541,2,0,0,31.89
696540,57.92,60.0,59.1,61.0,0,0,22.29,22.59,51041,2,0,0,31.9
697047,57.92,60.0,59.1,61.0,0,0,22.29,22.58,51541,2,0,0,31.9
697553,57.92,60.0,59.1,61.0,0,0,22.29,22.58,52041,2,0,0,31.9
698059,57.98,60.0,59.1,61.0,0,0,22.05,22.61,52541,2,0,0,31.92
698565,57.97,60.0,59.1,61.0,0,0,22.7,22.61,53041,2,0,0,31.92
699071,57.97,60.0,59.1,61.0,0,0,22.7,22.61,53541,2,0,0,31.92
699577,57.97,60.0,59.1,61.0,0,0,22.48,22.58,54041,2,0,0,31.89
700083,58.01,60.0,59.1,61.0,0,0,22.52,22.58,54541,2,0,0,31.9
700589,58.01,60.0,59.1,61.0,0,0,22.52,22.61,55041,2,0,0,31.9
701096,57.97,60.0,59.1,61.0,0,0,22.7,22.61,55541,2,0,0,31.92
701603,57.97,60.0,59.1,61.0,0,0,22.7,22.61,56041,2,0,0,31.92
702109,58.01,60.0,59.1,61.0,0,0,22.81,22.61,56541,2,0,0,31.9
702615,58.02,60.0,59.1,61.0,0,0,22.78,22.61,57041,2,0,0,31.89
703121,58.02,60.0,59.1,61.0,0,0,22.78,22.6,57542,2,0,0,31.89
703627,58.02,60.0,59.1,61.0,0,0,22.78,22.6,58042,2,0,0,31.89
704133,58.05,60.0,59.1,61.0,0,0,22.94,22.6,58542,2,0,0,31.9
704639,58.06,60.0,59.1,61.0,0,0,23.0,22.62,59042,2,0,0,31.9
705154,58.1,60.0,59.1,61.0,0,0,23.09,22.62,59542,2,0,0,31.92
705661,58.1,60.0,59.1,61.0,0,0,23.09,22.64,60042,2,0,0,31.92
706167,58.12,60.0,59.1,61.0,0,0,23.61,22.66,60542,2,0,0,31.93
706673,58.12,60.0,59.1,61.0,0,0,23.61,22.66,61042,2,0,0,31.93
707179,58.08,60.0,59.1,61.0,0,0,23.26,22.66,61542,2,0,0,31.92
707685,58.08,60.0,59.1,61.0,0,0,23.26,22.64,62042,2,0,0,31.92
708191,58.11,60.0,59.1,61.0,0,0,23.22,22.64,62542,2,0,0,31.89
708698,58.11,60.0,59.1,61.0,0,0,23.22,22.62,63042,2,0,0,31.89
709205,58.11,60.0,59.1,61.0,0,0,23.22,22.62,63542,2,0,0,31.89
709711,58.16,60.0,59.1,61.0,0,0,23.31,22.65,64042,2,0,0,31.9
710217,58.16,60.0,59.1,61.0,0,0,23.31,22.65,64542,2,0,0,31.9
710723,58.15,60.0,59.1,61.0,0,0,23.39,22.65,65042,2,0,0,31.9
711229,58.18,60.0,59.1,61.0,0,0,23.22,22.65,65542,2,0,0,31.9
711735,58.18,60.0,59.1,61.0,0,0,23.22,22.66,66042,2,0,0,31.9
712241,58.2,60.0,59.1,61.0,0,0,23.5,22.66,66542,2,0,0,31.9
712747,58.22,60.0,59.1,61.0,0,0,23.61,22.67,67042,2,0,0,31.9
713253,58.21,60.0,59.1,61.0,0,0,24.07,22.67,67542,2,0,0,31.89
713759,58.21,60.0,59.1,61.0,0,0,24.07,22.65,68042,2,0,0,31.89
714265,58.22,60.0,59.1,61.0,0,0,23.57,22.65,68542,2,0,0,31.89
714771,58.26,60.0,59.1,61.0,0,0,23.74,22.65,69042,2,0,0,31.9
715277,58.23,60.0,59.1,61.0,0,0,23.89,22.68,69542,2,0,0,31.89
715783,58.23,60.0,59.1,61.0,0,0,23.89,22.66,70042,2,0,0,31.89
716289,58.23,60.0,59.1,61.0,0,0,23.89,22.66,70542,2,0,0,31.89
716795,58.27,60.0,59.1,61.0,0,0,23.79,22.65,71042,2,0,0,31.87
717301,58.24,60.0,59.1,61.0,0,0,23.57,22.65,71542,2,0,0,31.89
717807,58.35,60.0,59.1,61.0,0,0,23.92,22.66,72042,2,0,0,31.89
718313,58.35,60.0,59.1,61.0,0,0,23.92,22.69,72542,2,0,0,31.89
718819,58.34,60.0,59.1,61.0,0,0,23.89,22.69,73042,2,0,0,31.92
719325,58.34,60.0,59.1,61.0,0,0,23.89,22.71,73542,2,0,0,31.92
719831,58.36,60.0,59.1,61.0,0,0,24.24,22.71,74042,2,0,0,31.9
720337,58.36,60.0,59.1,61.0,0,0,24.24,22.71,74542,2,0,0,31.9
720843,58.38,60.0,59.1,61.0,0,0,24.29,22.71,75042,2,0,0,31.89
721350,58.38,60.0,59.1,61.0,0,0,24.29,22.7,75542,2,0,0,31.89
721857,58.38,60.0,59.1,61.0,0,0,24.29,22.7,76042,2,0,0,31.89
722363,58.37,60.0,59.1,61.0,0,0,24.16,22.7,76542,2,0,0,31.9
722869,58.37,60.0,59.1,61.0,0,0,24.16,22.71,77042,2,0,0,31.9
723375,58.37,60.0,59.1,61.0,0,0,24.16,22.71,77542,2,0,0,31.9
723881,58.45,60.0,59.1,61.0,0,0,24.38,22.71,78042,2,0,0,31.9
724387,58.45,60.0,59.1,61.0,0,0,24.38,22.73,79047,2,0,0,31.9
724893,58.45,60.0,59.1,61.0,0,0,24.38,22.73,79547,2,0,0,31.9
725399,58.47,60.0,59.1,61.0,0,0,24.0,22.75,80047,2,0,0,31.92
725905,58.47,60.0,59.1,61.0,0,0,24.0,22.75,80547,2,0,0,31.92
726411,58.54,60.0,59.1,61.0,0,0,24.46,22.76,81047,2,0,0,31.9
726917,58.48,60.0,59.1,61.0,0,0,24.44,22.74,81547,2,0,0,31.9
727423,58.48,60.0,59.1,61.0,0,0,24.44,22.74,82047,2,0,0,31.9
727929,58.55,60.0,59.1,61.0,0,0,24.6,22.77,82547,2,0,0,31.92
728436,58.6,60.0,59.1,61.0,0,0,24.75,22.77,83047,2,0,0,31.92
728943,58.6,60.0,59.1,61.0,0,0,24.75,22.79,83547,2,0,0,31.92
729449,58.57,60.0,59.1,61.0,0,0,24.79,22.78,84047,2,0,0,31.92
729955,58.57,60.0,59.1,61.0,0,0,24.79,22.78,84547,2,0,0,31.92
730461,58.6,60.0,59.1,61.0,0,0,24.62,22.78,85047,2,0,0,31.92
730967,58.6,60.0,59.1,61.0,0,0,24.62,22.79,85547,2,0,0,31.92
731473,58.6,60.0,59.1,61.0,0,0,24.62,22.79,86047,2,0,0,31.92
731979,58.62,60.0,59.1,61.0,0,0,24.84,22.78,86548,2,0,0,31.9
732485,58.66,60.0,59.1,61.0,0,0,24.84,22.79,87049,2,0,0,31.9
732992,58.65,60.0,59.1,61.0,0,0,24.77,22.79,87549,2,0,0,31.89
733499,58.65,60.0,59.1,61.0,0,0,24.77,22.77,88050,2,0,0,31.89
734005,58.68,60.0,59.1,61.0,0,0,24.9,22.8,88551,2,0,0,31.9
734511,58.67,60.0,59.1,61.0,0,0,24.99,22.79,89052,2,0,0,31.9
735017,58.68,60.0,59.1,61.0,0,0,24.88,22.81,89554,2,0,0,31.92
735523,58.74,60.0,59.1,61.0,0,0,25.01,22.81,90054,2,0,0,31.9
736029,58.74,60.0,59.1,61.0,0,0,25.01,22.81,90554,2,0,0,31.9
736535,58.72,60.0,59.1,61.0,0,0,24.68,22.81,91054,2,0,0,31.9
737041,58.72,60.0,59.1,61.0,0,0,24.68,22.81,91554,2,0,0,31.9
737547,58.73,60.0,59.1,61.0,0,0,25.03,22.82,92054,2,0,0,31.92
738054,58.73,60.0,59.1,61.0,0,0,25.17,22.82,92554,2,0,0,31.89
738561,58.73,60.0,59.1,61.0,0,0,25.17,22.8,93054,2,0,0,31.89
739067,58.78,60.0,59.1,61.0,0,0,25.06,22.83,93554,2,0,0,31.9
739573,58.78,60.0,59.1,61.0,0,0,25.06,22.83,94054,2,0,0,31.9
740079,58.83,60.0,59.1,61.0,0,0,25.21,22.83,94554,2,0,0,31.92
740585,58.83,60.0,59.1,61.0,0,0,25.21,22.85,95054,2,0,0,31.92
741091,58.83,60.0,59.1,61.0,0,0,25.21,22.85,95554,2,0,0,31.92
741597,58.85,60.0,59.1,61.0,0,0,25.25,22.83,96054,2,0,0,31.89
742104,58.85,60.0,59.1,61.0,0,0,25.5,22.83,96557,2,0,0,31.9
742611,58.85,60.0,59.1,61.0,0,0,25.5,22.84,97057,2,0,0,31.9
743117,58.87,60.0,59.1,61.0,0,0,25.32,22.86,97557,2,0,0,31.92
743623,58.9,60.0,59.1,61.0,0,0,25.39,22.86,98057,2,0,0,31.9
744129,58.9,60.0,59.1,61.0,0,0,25.39,22.86,98557,2,0,0,31.9
744635,58.89,60.0,59.1,61.0,0,0,25.47,22.85,99057,2,0,0,31.9
745141,58.89,60.0,59.1,61.0,0,0,25.47,22.85,99557,2,0,0,31.9
745647,58.95,60.0,59.1,61.0,0,0,25.43,22.87,100057,2,0,0,31.9
746153,58.95,60.0,59.1,61.0,0,0,25.5,22.87,100557,2,0,0,31.92
746659,58.95,60.0,59.1,61.0,0,0,25.5,22.89,101057,2,0,0,31.92
747165,58.89,60.0,59.1,61.0,0,0,25.59,22.89,101557,2,0,0,31.92
747671,58.89,60.0,59.1,61.0,0,0,25.59,22.87,102057,2,0,0,31.92
748177,58.96,60.0,59.1,61.0,0,0,25.52,22.87,102557,2,0,0,31.89
748683,58.96,60.0,59.1,61.0,0,0,25.52,22.86,103057,2,0,0,31.89
749189,59.0,60.0,59.1,61.0,0,0,25.67,22.9,103557,2,0,0,31.92
749695,59.0,60.0,59.1,61.0,0,0,25.67,22.9,104057,2,0,0,31.92
750201,59.0,60.0,59.1,61.0,0,0,25.67,22.9,104559,2,0,0,31.92
750707,59.04,60.0,59.1,61.0,0,0,25.76,22.9,105059,2,0,0,31.9
751213,59.04,60.0,59.1,61.0,0,0,25.76,22.9,105559,2,0,0,31.9
751719,59.04,60.0,59.1,61.0,0,0,25.76,22.9,106059,2,0,0,31.9
752225,59.02,60.0,59.1,61.0,0,0,25.72,22.9,106559,2,0,0,31.89
752731,59.03,60.0,59.1,61.0,0,0,25.72,22.88,107059,2,0,0,31.92
753239,59.03,60.0,59.1,61.0,0,0,25.72,22.91,107559,2,0,0,31.92
753745,59.03,60.0,59.1,61.0,0,0,25.72,22.91,108059,2,0,0,31.92
754251,59.04,60.0,59.1,61.0,0,0,25.83,22.91,108559,2,0,0,31.93
754757,59.04,60.0,59.1,61.0,0,0,25.83,22.92,109059,2,0,0,31.93
755263,59.07,60.0,59.1,61.0,0,0,25.85,22.92,109559,2,0,0,31.9
755769,59.09,60.0,59.1,61.0,0,0,26.16,22.91,110060,2,0,0,31.9
756275,59.09,60.0,59.1,61.0,0,0,26.16,22.91,110561,2,0,0,31.9
756781,59.09,60.0,59.1,61.0,0,0,26.16,22.91,111061,2,0,0,31.9
757287,59.09,60.0,59.1,61.0,0,0,25.89,22.91,111561,2,0,0,31.9
757793,59.14,60.0,59.1,61.0,0,0,25.94,22.91,112061,2,0,0,31.9
758299,59.14,60.0,59.1,61.0,1,0,25.94,22.92,0,2,0,0,31.9
758805,59.09,60.0,59.1,61.0,1,0,25.81,22.92,500,2,0,0,31.92
759311,59.11,60.0,59.1,61.0,1,0,26.07,22.92,1000,2,0,0,31.92
759817,59.13,60.0,59.1,61.0,1,0,26.27,22.93,1500,2,0,0,31.9
760323,59.13,60.0,59.1,61.0,1,0,26.27,22.92,2000,2,0,0,31.9
760829,59.13,60.0,59.1,61.0,1,0,26.27,22.92,2500,2,0,0,31.9
761335,59.15,60.0,59.1,61.0,1,0,26.01,22.92,3000,2,0,0,31.92
761841,59.15,60.0,59.1,61.0,1,0,26.01,22.94,3500,2,0,0,31.92
762347,59.14,60.0,59.1,61.0,1,0,26.01,22.94,4003,2,0,0,31.89
762853,59.14,60.0,59.1,61.0,1,0,26.01,22.91,4504,2,0,0,31.89
763359,59.19,60.0,59.1,61.0,1,0,26.03,22.91,5004,2,0,0,31.92
763865,59.19,60.0,59.1,61.0,1,0,26.03,22.95,5504,2,0,0,31.92
764371,59.19,60.0,59.1,61.0,1,0,26.03,22.95,6004,2,0,0,31.92
764877,59.2,60.0,59.1,61.0,1,0,25.85,22.95,6504,2,0,0,31.92
765383,59.2,60.0,59.1,61.0,1,0,25.85,22.96,7004,2,0,0,31.92
765889,59.2,60.0,59.1,61.0,1,0,25.85,22.96,7504,2,0,0,31.92
766395,59.23,60.0,59.1,61.0,1,0,25.59,22.96,8004,2,0,0,31.93
766901,59.23,60.0,59.1,61.0,1,0,25.59,22.98,8504,2,0,0,31.93
767407,59.23,60.0,59.1,61.0,1,0,25.59,22.98,9010,2,0,0,31.93
767913,59.24,60.0,59.1,61.0,1,0,25.39,22.95,10012,2,0,0,31.9
768419,59.24,60.0,59.1,61.0,1,0,25.39,22.95,10512,2,0,0,31.9
768925,59.24,60.0,59.1,61.0,1,0,25.39,22.95,11012,2,0,0,31.9
769431,59.24,60.0,59.1,61.0,1,0,25.39,22.95,11512,2,0,0,31.9
769938,59.24,60.0,59.1,61.0,1,0,25.01,22.95,12012,2,0,0,31.92
770445,59.24,60.0,59.1,61.0,1,0,25.01,22.97,12512,2,0,0,31.92
770951,59.27,60.0,59.1,61.0,1,0,24.99,22.96,13012,2,0,0,31.9
771457,59.24,60.0,59.1,61.0,1,0,24.77,22.95,13512,2,0,0,31.9
771963,59.24,60.0,59.1,61.0,1,0,24.77,22.95,14012,2,0,0,31.9
772469,59.25,60.0,59.1,61.0,1,0,24.64,22.97,14513,2,0,0,31.92
772975,59.25,60.0,59.1,61.0,1,0,24.64,22.97,15013,2,0,0,31.92
773481,59.29,60.0,59.1,61.0,1,0,24.51,22.98,15513,2,0,0,31.92
773996,59.31,60.0,59.1,61.0,1,0,24.44,22.98,16013,2,0,0,31.9
774503,59.31,60.0,59.1,61.0,1,0,24.44,22.97,16513,2,0,0,31.9
775009,59.3,60.0,59.1,61.0,1,0,24.29,22.98,17013,2,0,0,31.92
775515,59.34,60.0,59.1,61.0,1,0,24.09,22.98,17513,2,0,0,31.92
776021,59.34,60.0,59.1,61.0,1,0,24.09,22.99,18013,2,0,0,31.92
776527,59.32,60.0,59.1,61.0,1,0,24.14,23.0,18513,2,0,0,31.93
777033,59.36,60.0,59.1,61.0,1,0,24.22,23.0,19013,2,0,0,31.9
777539,59.36,60.0,59.1,61.0,1,0,24.22,22.99,19513,2,0,0,31.9
778045,59.35,60.0,59.1,61.0,1,0,23.72,23.0,20013,2,0,0,31.92
778551,59.38,60.0,59.1,61.0,1,0,23.63,23.03,20513,2,0,0,31.95
779057,59.38,60.0,59.1,61.0,1,0,23.55,22.98,21013,2,0,0,31.89
779563,59.41,60.0,59.1,61.0,1,0,23.39,22.98,21513,2,0,0,31.9
780070,59.41,60.0,59.1,61.0,1,0,23.5,23.0,22013,2,0,0,31.89
780577,59.41,60.0,59.1,61.0,1,0,23.5,22.99,22513,2,0,0,31.89
781083,59.44,60.0,59.1,61.0,1,0,23.2,22.99,23013,2,0,0,31.92
781589,59.44,60.0,59.1,61.0,1,0,23.2,23.02,23513,2,0,0,31.92
782095,59.44,60.0,59.1,61.0,1,0,23.2,23.02,24013,2,0,0,31.92
782601,59.44,60.0,59.1,61.0,1,0,23.2,23.02,24513,2,0,0,31.92
783107,59.52,60.0,59.1,61.0,1,0,22.85,23.04,25013,2,0,0,31.92
783613,59.56,60.0,59.1,61.0,1,0,22.78,23.04,25513,2,0,0,31.93
784119,59.56,60.0,59.1,61.0,1,0,22.78,23.07,26013,2,0,0,31.93
784625,59.55,60.0,59.1,61.0,1,0,22.63,23.05,26513,2,0,0,31.92
785131,59.61,60.0,59.1,61.0,1,0,22.65,23.05,27013,2,0,0,31.9
785637,59.63,60.0,59.1,61.0,1,0,22.52,23.06,27513,2,0,0,31.9
786143,59.63,60.0,59.1,61.0,1,0,22.52,23.06,28013,2,0,0,31.9
786649,59.63,60.0,59.1,61.0,1,0,22.52,23.06,28513,2,0,0,31.9
787155,59.71,60.0,59.1,61.0,1,0,22.26,23.1,29013,2,0,0,31.92
787661,59.75,60.0,59.1,61.0,1,0,22.13,23.1,29513,2,0,0,31.92
788167,59.75,60.0,59.1,61.0,1,0,22.13,23.11,30013,2,0,0,31.92
788673,59.8,60.0,59.1,61.0,1,0,21.98,23.11,30513,2,0,0,31.92
789179,59.85,60.0,59.1,61.0,1,0,21.9,23.12,31013,2,0,0,31.9
789685,59.85,60.0,59.1,61.0,1,0,21.9,23.12,31513,2,0,0,31.9
790191,59.92,60.0,59.1,61.0,1,0,21.81,23.12,32013,2,0,0,31.92
790697,59.92,60.0,59.1,61.0,1,0,21.81,23.15,32513,2,0,0,31.92
791203,59.9,60.0,59.1,61.0,1,0,21.57,23.15,33013,2,1,0,31.92
791709,59.9,60.0,59.1,61.0,1,0,21.57,23.15,33513,2,1,0,31.92
792215,59.9,60.0,59.1,61.0,1,0,21.57,23.15,34013,2,1,0,31.92
792721,60.0,60.0,59.1,61.0,1,0,21.42,23.16,34513,2,1,0,31.9
793227,60.0,60.0,59.1,61.0,1,0,21.42,23.16,35013,2,1,0,31.9
793733,60.09,60.0,59.1,61.0,1,0,21.22,23.16,35513,2,1,0,31.92
794239,60.09,60.0,59.1,61.0,1,0,21.22,23.2,36013,2,1,0,31.92
794745,60.13,60.0,59.1,61.0,1,0,21.12,23.2,36513,2,1,0,31.9
795251,60.13,60.0,59.1,61.0,1,0,21.12,23.2,37013,2,1,0,31.9
795757,60.13,60.0,59.1,61.0,1,0,21.12,23.2,37513,2,1,0,31.9
796263,60.27,60.0,59.1,61.0,1,0,20.99,23.2,38017,2,1,0,31.93
796769,60.27,60.0,59.1,61.0,1,0,20.99,23.26,38518,2,1,0,31.93
797275,60.27,60.0,59.1,61.0,1,0,20.99,23.26,39018,2,1,0,31.93
797781,60.28,60.0,59.1,61.0,1,0,20.71,23.26,39518,2,1,0,31.92
798287,60.33,60.0,59.1,61.0,0,0,20.36,23.25,0,2,1,0,31.92
798793,60.3,60.0,59.1,61.0,0,0,20.53,23.27,500,2,1,0,31.92
799299,60.3,60.0,59.1,61.0,0,0,20.53,23.26,1000,2,1,0,31.92
799805,60.3,60.0,59.1,61.0,0,0,20.53,23.26,1500,2,1,0,31.92
800311,60.33,60.0,59.1,61.0,0,0,20.49,23.28,2000,2,1,0,31.93
800817,60.34,60.0,59.1,61.0,0,0,20.28,23.28,2500,2,1,0,31.9
801323,60.34,60.0,59.1,61.0,0,0,20.28,23.26,3000,2,1,0,31.9
801829,60.36,60.0,59.1,61.0,0,0,20.28,23.26,3500,2,1,0,31.9
802336,60.36,60.0,59.1,61.0,0,0,20.28,23.26,4000,2,1,0,31.9
802843,60.4,60.0,59.1,61.0,0,0,20.17,23.26,4500,2,1,0,31.9
803349,60.4,60.0,59.1,61.0,0,0,20.17,23.28,5000,2,1,0,31.9
803855,60.4,60.0,59.1,61.0,0,0,20.17,23.28,5500,2,1,0,31.9
804361,60.4,60.0,59.1,61.0,0,0,20.17,23.28,6000,2,1,0,31.9
804867,60.4,60.0,59.1,61.0,0,0,20.28,23.28,6500,2,1,0,31.9
805373,60.39,60.0,59.1,61.0,0,0,20.17,23.28,7000,2,1,0,31.92
805879,60.41,60.0,59.1,61.0,0,0,20.19,23.29,7500,2,1,0,31.93
806385,60.41,60.0,59.1,61.0,0,0,20.19,23.3,8000,2,1,0,31.93
806891,60.42,60.0,59.1,61.0,0,0,20.23,23.3,8500,2,1,0,31.92
807397,60.42,60.0,59.1,61.0,0,0,20.23,23.29,9000,2,1,0,31.92
807903,60.42,60.0,59.1,61.0,0,0,20.23,23.29,9500,2,1,0,31.92
808409,60.4,60.0,59.1,61.0,0,0,20.34,23.29,10000,2,1,0,31.93
808915,60.4,60.0,59.1,61.0,0,0,20.34,23.3,10500,2,1,0,31.93
809421,60.34,60.0,59.1,61.0,0,0,20.32,23.3,11006,2,1,0,31.9
809928,60.33,60.0,59.1,61.0,0,0,20.9,23.26,11512,2,1,0,31.89
810435,60.33,60.0,59.1,61.0,0,0,20.9,23.24,12020,2,1,0,31.89
810941,60.34,60.0,59.1,61.0,0,0,20.71,23.28,13022,2,1,0,31.93
811447,60.33,60.0,59.1,61.0,0,0,20.62,23.28,13522,2,1,0,31.93
811953,60.33,60.0,59.1,61.0,0,0,20.62,23.28,14022,2,1,0,31.93
812459,60.33,60.0,59.1,61.0,0,0,20.62,23.28,14522,2,1,0,31.93
812965,60.27,60.0,59.1,61.0,0,0,20.92,23.24,15022,2,1,0,31.9
813471,60.27,60.0,59.1,61.0,0,0,20.92,23.24,15522,2,1,0,31.9
813978,60.23,60.0,59.1,61.0,0,0,21.25,23.24,16022,2,1,0,31.92
814484,60.23,60.0,59.1,61.0,0,0,21.25,23.24,16522,2,1,0,31.92
814990,60.17,60.0,59.1,61.0,0,0,20.79,23.22,17022,2,1,0,31.92
815496,60.17,60.0,59.1,61.0,0,0,20.79,23.22,17522,2,1,0,31.92
816002,60.14,60.0,59.1,61.0,0,0,20.86,23.22,18022,2,1,0,31.92
816508,60.13,60.0,59.1,61.0,0,0,20.92,23.2,18523,2,1,0,31.9
817014,60.13,60.0,59.1,61.0,0,0,20.92,23.2,19023,2,1,0,31.9
817520,60.12,60.0,59.1,61.0,0,0,21.22,23.2,19523,2,1,0,31.9
818026,60.12,60.0,59.1,61.0,1,0,21.22,23.2,0,2,1,0,31.9
818532,60.04,60.0,59.1,61.0,1,0,20.86,23.19,500,2,1,0,31.92
819038,60.0,60.0,59.1,61.0,1,0,21.29,23.15,1000,2,1,0,31.89
819544,60.0,60.0,59.1,61.0,1,0,21.29,23.15,1500,2,1,0,31.89
820050,59.98,60.0,59.1,61.0,1,0,21.77,23.16,2000,2,0,0,31.9
820556,59.98,60.0,59.1,61.0,1,0,21.77,23.16,2500,2,0,0,31.9
821062,59.97,60.0,59.1,61.0,1,0,21.2,23.17,3000,2,1,0,31.92
821576,59.91,60.0,59.1,61.0,1,0,21.35,23.17,3500,2,1,0,31.89
822083,59.91,60.0,59.1,61.0,1,0,21.35,23.13,4000,2,1,0,31.89
822589,59.88,60.0,59.1,61.0,1,0,21.05,23.13,4500,2,1,0,31.9
823095,59.88,60.0,59.1,61.0,1,0,21.05,23.13,5000,2,1,0,31.9
823601,59.88,60.0,59.1,61.0,1,0,21.9,23.13,5500,2,0,0,31.9
824107,59.88,60.0,59.1,61.0,1,0,21.9,23.13,6001,2,0,0,31.9
824613,59.81,60.0,59.1,61.0,1,0,21.31,23.13,6501,2,0,0,31.9
825121,59.81,60.0,59.1,61.0,1,0,21.31,23.11,7001,2,1,0,31.9
825627,59.8,60.0,59.1,61.0,1,0,21.38,23.11,7501,2,1,0,31.9
826133,59.8,60.0,59.1,61.0,1,0,21.38,23.11,8001,2,1,0,31.9
826639,59.77,60.0,59.1,61.0,1,0,21.14,23.13,8501,2,1,0,31.93
827145,59.7,60.0,59.1,61.0,1,0,20.86,23.13,9001,2,1,0,31.89
827651,59.7,60.0,59.1,61.0,1,0,20.86,23.07,9501,2,1,0,31.89
828157,59.7,60.0,59.1,61.0,1,0,20.86,23.07,10001,2,1,0,31.89
828667,59.71,60.0,59.1,61.0,1,0,21.03,23.07,10501,2,1,0,31.9
829174,59.71,60.0,59.1,61.0,1,0,21.03,23.08,11001,2,1,0,31.9
829680,59.67,60.0,59.1,61.0,1,0,20.97,23.08,11501,2,1,0,31.92
830186,59.64,60.0,59.1,61.0,1,0,20.86,23.08,12001,2,1,0,31.9
830692,59.64,60.0,59.1,61.0,1,0,20.86,23.06,12501,2,1,0,31.9
831198,59.64,60.0,59.1,61.0,1,0,20.86,23.06,13001,2,1,0,31.9
831704,59.61,60.0,59.1,61.0,1,0,20.9,23.06,13501,2,1,0,31.9
832210,59.62,60.0,59.1,61.0,1,0,20.84,23.06,14001,2,1,0,31.92
832716,59.62,60.0,59.1,61.0,1,0,20.84,23.07,14501,2,1,0,31.92
833222,59.62,60.0,59.1,61.0,1,0,20.84,23.07,15001,2,1,0,31.92
833728,59.58,60.0,59.1,61.0,1,0,20.19,23.07,15501,2,1,0,31.89
834234,59.55,60.0,59.1,61.0,1,0,20.34,23.03,16001,2,1,0,31.92
834740,59.55,60.0,59.1,61.0,1,0,20.34,23.05,16501,2,1,0,31.92
835246,59.53,60.0,59.1,61.0,1,0,20.25,23.05,17001,2,1,0,31.92
835752,59.54,60.0,59.1,61.0,1,0,20.21,23.05,17501,2,1,0,31.92
836258,59.54,60.0,59.1,61.0,1,0,20.21,23.05,18001,2,1,0,31.92
836765,59.54,60.0,59.1,61.0,1,0,20.1,23.05,18501,2,1,0,31.92
837272,59.54,60.0,59.1,61.0,1,0,20.1,23.05,19001,2,1,0,31.92
837778,59.49,60.0,59.1,61.0,1,0,19.95,23.05,19501,2,1,0,31.92
838284,59.49,60.0,59.1,61.0,1,0,19.65,23.04,20001,2,1,0,31.89
838790,59.49,60.0,59.1,61.0,1,0,19.65,23.01,20501,2,1,0,31.89
839296,59.49,60.0,59.1,61.0,1,0,19.65,23.01,21001,2,1,0,31.89
839802,59.49,60.0,59.1,61.0,1,0,19.65,23.01,21501,2,1,0,31.89
840308,59.49,60.0,59.1,61.0,1,0,19.87,23.01,22001,2,1,0,31.89
840814,59.49,60.0,59.1,61.0,1,0,19.87,23.01,22501,2,1,0,31.89
841320,59.45,60.0,59.1,61.0,1,0,20.02,23.01,23001,2,1,0,31.89
841826,59.41,60.0,59.1,61.0,1,0,19.48,23.0,23501,2,1,0,31.9
842332,59.41,60.0,59.1,61.0,1,0,19.48,23.0,24001,2,1,0,31.9
842838,59.44,60.0,59.1,61.0,1,0,19.41,23.01,24501,2,1,0,31.9
843344,59.44,60.0,59.1,61.0,1,0,19.41,23.01,25001,2,1,0,31.9
843850,59.39,60.0,59.1,61.0,1,0,19.05,23.01,25501,2,1,0,31.9
844356,59.39,60.0,59.1,61.0,1,0,19.05,22.99,26001,2,1,0,31.9
844862,59.38,60.0,59.1,61.0,1,0,19.31,22.99,26501,2,1,0,31.89
845368,59.38,60.0,59.1,61.0,1,0,19.13,22.98,27001,2,1,0,31.9
845874,59.37,60.0,59.1,61.0,1,0,19.41,22.99,27501,2,1,0,31.87
846380,59.37,60.0,59.1,61.0,1,0,19.41,22.96,28001,2,1,0,31.87
846886,59.29,60.0,59.1,61.0,1,0,18.9,22.96,28501,2,1,0,31.87
847392,59.29,60.0,59.1,61.0,1,0,18.9,22.94,29001,2,1,0,31.87
847898,59.31,60.0,59.1,61.0,1,0,18.83,22.94,29501,2,1,0,31.89
848404,59.31,60.0,59.1,61.0,1,0,18.83,22.96,30001,2,1,0,31.89
848910,59.31,60.0,59.1,61.0,1,0,18.83,22.96,30501,2,1,0,31.89
849416,59.21,60.0,59.1,61.0,1,0,18.83,22.96,31001,2,1,0,31.92
849922,59.21,60.0,59.1,61.0,1,0,18.83,22.96,31501,2,1,0,31.92
850428,59.2,60.0,59.1,61.0,1,0,18.44,22.96,32001,2,1,0,31.89
850934,59.2,60.0,59.1,61.0,1,0,18.44,22.93,32501,2,1,0,31.89
851440,59.18,60.0,59.1,61.0,1,0,18.29,22.93,33001,2,1,0,31.92
851946,59.18,60.0,59.1,61.0,1,0,18.29,22.95,34004,2,1,0,31.92
852452,59.09,60.0,59.1,61.0,1,0,18.36,22.89,34504,2,1,0,31.87
852958,59.08,60.0,59.1,61.0,1,0,17.99,22.92,35004,2,1,0,31.92
853464,59.08,60.0,59.1,61.0,1,0,17.99,22.92,35504,2,1,0,31.92
853970,59.02,60.0,59.1,61.0,1,0,17.95,22.86,36004,2,1,0,31.87
854476,59.02,60.0,59.1,61.0,1,0,17.95,22.86,36504,2,1,0,31.87
854982,58.94,60.0,59.1,61.0,1,0,18.1,22.87,37004,2,1,0,31.9
855488,58.96,60.0,59.1,61.0,1,0,17.82,22.85,37504,2,1,0,31.87
855994,58.93,60.0,59.1,61.0,1,0,17.84,22.87,38006,2,1,0,31.9
856500,58.93,60.0,59.1,61.0,1,0,17.84,22.87,38506,2,1,0,31.9
857006,58.87,60.0,59.1,61.0,1,0,18.21,22.82,39006,2,1,0,31.87
857512,58.87,60.0,59.1,61.0,1,0,18.21,22.82,39506,2,1,0,31.87
858018,58.86,60.0,59.1,61.0,0,0,17.93,22.85,0,2,1,0,31.9
858524,58.79,60.0,59.1,61.0,0,0,17.76,22.8,500,2,1,0,31.87
859030,58.73,60.0,59.1,61.0,0,0,17.6,22.8,1000,2,1,0,31.89
859536,58.73,60.0,59.1,61.0,0,0,17.6,22.8,1500,2,1,0,31.89
860042,58.69,60.0,59.1,61.0,0,0,17.5,22.81,2000,2,1,0,31.92
860548,58.69,60.0,59.1,61.0,0,0,17.5,22.81,2500,2,1,0,31.92
861054,58.69,60.0,59.1,61.0,0,0,17.5,22.81,3000,2,1,0,31.92
861560,58.69,60.0,59.1,61.0,0,0,17.5,22.81,3503,2,1,0,31.92
862066,58.69,60.0,59.1,61.0,0,0,17.5,22.81,4003,2,1,0,31.92
862572,58.51,60.0,59.1,61.0,0,0,16.96,22.74,4503,2,1,0,31.89
863078,58.46,60.0,59.1,61.0,0,0,17.41,22.74,5003,2,1,0,31.9
863584,58.46,60.0,59.1,61.0,0,0,17.41,22.73,5503,2,1,0,31.9
864090,58.37,60.0,59.1,61.0,0,0,17.63,22.7,6003,2,1,0,31.89
864596,58.38,60.0,59.1,61.0,0,0,17.5,22.7,6503,2,1,0,31.89
865102,58.32,60.0,59.1,61.0,0,0,17.52,22.7,7003,2,1,0,31.9
865608,58.32,60.0,59.1,61.0,0,0,17.52,22.7,7503,2,1,0,31.9
866114,58.25,60.0,59.1,61.0,0,0,17.5,22.69,8003,2,1,0,31.92
866620,58.22,60.0,59.1,61.0,0,0,17.63,22.64,8503,2,1,0,31.87
867126,58.22,60.0,59.1,61.0,0,0,17.63,22.64,9003,2,1,0,31.87
867632,58.22,60.0,59.1,61.0,0,0,17.63,22.64,9503,2,1,0,31.87
868138,58.13,60.0,59.1,61.0,0,0,17.71,22.61,10003,2,1,0,31.87
868644,58.06,60.0,59.1,61.0,0,0,17.78,22.61,10503,2,1,0,31.89
869150,58.06,60.0,59.1,61.0,0,0,17.78,22.61,11003,2,1,0,31.89
869657,58.06,60.0,59.1,61.0,0,0,17.78,22.61,11503,2,1,0,31.89
870163,58.06,60.0,59.1,61.0,0,0,17.78,22.61,12003,2,1,0,31.89
870669,57.92,60.0,59.1,61.0,0,0,17.99,22.58,12503,2,1,0,31.9
871175,57.82,60.0,59.1,61.0,0,0,18.25,22.58,13003,2,1,0,31.89
871681,57.86,60.0,59.1,61.0,0,0,18.36,22.54,13503,2,1,0,31.9
872187,57.86,60.0,59.1,61.0,0,0,18.36,22.56,14003,2,1,0,31.9
872693,57.86,60.0,59.1,61.0,0,0,18.36,22.56,14503,2,1,0,31.9
873199,57.7,60.0,59.1,61.0,0,0,18.25,22.56,15003,2,1,0,31.89
873705,57.7,60.0,59.1,61.0,0,0,18.25,22.51,15503,2,1,0,31.89
874211,57.64,60.0,59.1,61.0,0,0,18.53,22.49,16003,2,1,0,31.89
874717,57.64,60.0,59.1,61.0,0,0,18.53,22.49,16503,2,1,0,31.89
875223,57.64,60.0,59.1,61.0,0,0,18.53,22.49,17003,2,1,0,31.89
875729,57.52,60.0,59.1,61.0,0,0,18.53,22.49,17503,2,1,0,31.89
876235,57.52,60.0,59.1,61.0,0,0,18.53,22.45,18003,2,1,0,31.89
876741,57.47,60.0,59.1,61.0,0,0,18.72,22.45,18503,2,1,0,31.9
877247,57.47,60.0,59.1,61.0,0,0,18.72,22.45,19003,2,1,0,31.9
877753,57.47,60.0,59.1,61.0,0,0,18.72,22.45,19503,2,1,0,31.9
878259,57.35,60.0,59.1,61.0,0,0,18.4,22.41,20003,2,1,0,31.89
878765,57.35,60.0,59.1,61.0,0,0,18.4,22.41,20503,2,1,0,31.89
879271,57.29,60.0,59.1,61.0,0,0,19.11,22.41,21003,2,1,0,31.89
879777,57.23,60.0,59.1,61.0,0,0,18.79,22.39,21503,2,1,0,31.87
880283,57.23,60.0,59.1,61.0,0,0,18.79,22.36,22003,2,1,0,31.87
880789,57.19,60.0,59.1,61.0,0,0,19.07,22.36,22503,2,1,0,31.89
881295,57.19,60.0,59.1,61.0,0,0,19.07,22.36,23003,2,1,0,31.89
881801,57.16,60.0,59.1,61.0,0,0,19.26,22.34,23513,2,1,0,31.87
882307,57.11,60.0,59.1,61.0,0,0,19.48,22.34,24013,2,1,0,31.87
882813,57.04,60.0,59.1,61.0,0,0,19.5,22.32,24513,2,1,0,31.9
883319,57.04,60.0,59.1,61.0,0,0,19.5,22.33,25013,2,1,0,31.9
883825,57.04,60.0,59.1,61.0,0,0,19.5,22.34,25513,2,1,0,31.92
884331,57.02,60.0,59.1,61.0,0,0,19.91,22.34,26013,2,1,0,31.9
884838,56.98,60.0,59.1,61.0,0,0,19.59,22.32,26513,2,1,0,31.87
885345,56.98,60.0,59.1,61.0,0,0,19.59,22.28,27013,2,1,0,31.87
885851,56.94,60.0,59.1,61.0,0,0,19.76,22.28,27513,2,1,0,31.89
886357,56.91,60.0,59.1,61.0,0,0,19.84,22.29,28013,2,1,0,31.87
886863,56.91,60.0,59.1,61.0,0,0,19.84,22.27,28513,2,1,0,31.87
887369,56.91,60.0,59.1,61.0,0,0,19.84,22.27,29013,2,1,0,31.87
887875,56.88,60.0,59.1,61.0,0,0,20.02,22.27,29513,2,1,0,31.89
888395,56.81,60.0,59.1,61.0,0,0,20.0,22.27,30013,2,1,0,31.9
888902,56.81,60.0,59.1,61.0,0,0,20.0,22.26,30513,2,1,0,31.9
889408,56.85,60.0,59.1,61.0,0,0,20.15,22.26,31013,2,1,0,31.87
889914,56.84,60.0,59.1,61.0,0,0,20.1,22.25,31513,2,1,0,31.89
890420,56.84,60.0,59.1,61.0,0,0,20.1,22.26,32013,2,1,0,31.89
890926,56.81,60.0,59.1,61.0,0,0,20.34,22.26,32513,2,1,0,31.87
891432,56.81,60.0,59.1,61.0,0,0,20.34,22.24,33013,2,1,0,31.87
891938,56.79,60.0,59.1,61.0,0,0,19.93,22.24,33513,2,1,0,31.89
892444,56.75,60.0,59.1,61.0,0,0,20.6,22.24,34013,2,1,0,31.9
892955,56.71,60.0,59.1,61.0,0,0,20.62,22.25,34513,2,1,0,31.9
893462,56.71,60.0,59.1,61.0,0,0,20.62,22.23,35018,2,1,0,31.9
893968,56.71,60.0,59.1,61.0,0,0,20.75,22.22,36020,2,0,0,31.89
894474,56.75,60.0,59.1,61.0,0,0,20.66,22.23,36520,2,1,0,31.89
894980,56.75,60.0,59.1,61.0,0,0,20.66,22.23,37020,2,1,0,31.89
895486,56.68,60.0,59.1,61.0,0,0,20.73,22.21,37520,2,0,0,31.89
895992,56.68,60.0,59.1,61.0,0,0,20.73,22.21,38020,2,0,0,31.89
896500,56.68,60.0,59.1,61.0,0,0,20.73,22.21,38520,2,0,0,31.89
897006,56.68,60.0,59.1,61.0,0,0,20.73,22.21,39020,2,0,0,31.89
897512,56.68,60.0,59.1,61.0,0,0,20.73,22.21,39520,2,0,0,31.89
898018,56.69,60.0,59.1,61.0,0,0,20.94,22.23,40020,2,0,0,31.9
898524,56.67,60.0,59.1,61.0,0,0,20.97,22.21,40521,2,0,0,31.89
899030,56.71,60.0,59.1,61.0,0,0,21.33,22.23,41022,2,0,0,31.9
899536,56.71,60.0,59.1,61.0,0,0,21.33,22.23,41522,2,0,0,31.9
900042,56.69,60.0,59.1,61.0,0,0,21.18,22.2,42022,2,0,0,31.87
900548,56.69,60.0,59.1,61.0,0,0,21.18,22.2,42522,2,0,0,31.87
901054,56.7,60.0,59.1,61.0,0,0,21.27,22.22,43022,2,0,0,31.89
901560,56.65,60.0,59.1,61.0,0,0,21.64,22.2,43522,2,0,0,31.89
902066,56.65,60.0,59.1,61.0,0,0,21.64,22.2,44022,2,0,0,31.89
902572,56.69,60.0,59.1,61.0,0,0,21.22,22.2,44522,2,0,0,31.87
903078,56.69,60.0,59.1,61.0,0,0,21.59,22.2,45022,2,0,0,31.9
903584,56.69,60.0,59.1,61.0,0,0,21.59,22.23,45522,2,0,0,31.9
904090,56.69,60.0,59.1,61.0,0,0,21.59,22.23,46022,2,0,0,31.9
904596,56.69,60.0,59.1,61.0,0,0,21.61,22.23,46522,2,0,0,31.87
905117,56.67,60.0,59.1,61.0,0,0,21.81,22.2,47022,2,0,0,31.89
905624,56.67,60.0,59.1,61.0,0,0,21.81,22.21,47522,2,0,0,31.89
906130,56.67,60.0,59.1,61.0,0,0,21.81,22.21,48022,2,0,0,31.89
906636,56.67,60.0,59.1,61.0,0,0,21.81,22.21,48522,2,0,0,31.89
907142,56.67,60.0,59.1,61.0,0,0,21.81,22.21,49022,2,0,0,31.89
907648,56.74,60.0,59.1,61.0,0,0,21.9,22.23,49522,2,0,0,31.89
908154,56.72,60.0,59.1,61.0,0,0,21.83,22.23,50022,2,0,0,31.86
908660,56.72,60.0,59.1,61.0,0,0,21.83,22.2,50522,2,0,0,31.86
909166,56.75,60.0,59.1,61.0,0,0,22.09,22.25,51022,2,0,0,31.9
909672,56.77,60.0,59.1,61.0,0,0,22.09,22.25,51522,2,0,0,31.89
910178,56.77,60.0,59.1,61.0,0,0,22.09,22.24,52022,2,0,0,31.89
910684,56.77,60.0,59.1,61.0,0,0,22.09,22.24,52522,2,0,0,31.89
911190,56.77,60.0,59.1,61.0,0,0,22.09,22.24,53022,2,0,0,31.89
911696,56.78,60.0,59.1,61.0,0,0,22.91,22.24,53522,2,0,0,31.89
912202,56.8,60.0,59.1,61.0,0,0,22.46,22.24,54022,2,0,0,31.89
912708,56.8,60.0,59.1,61.0,0,0,22.46,22.25,54522,2,0,0,31.89
913214,56.8,60.0,59.1,61.0,0,0,22.46,22.25,55022,2,0,0,31.89
913720,56.75,60.0,59.1,61.0,0,0,22.48,22.22,55522,2,0,0,31.87
914226,56.82,60.0,59.1,61.0,0,0,22.52,22.24,56022,2,0,0,31.87
914732,56.82,60.0,59.1,61.0,0,0,22.55,22.25,56537,2,0,0,31.89
915238,56.83,60.0,59.1,61.0,0,0,22.48,22.25,57037,2,0,0,31.89
915744,56.83,60.0,59.1,61.0,0,0,22.48,22.26,57537,2,0,0,31.89
916250,56.84,60.0,59.1,61.0,0,0,22.68,22.26,58037,2,0,0,31.89
916756,56.84,60.0,59.1,61.0,0,0,21.92,22.26,58537,2,0,0,31.89
917262,56.84,60.0,59.1,61.0,0,0,21.92,22.26,59037,2,0,0,31.89
917768,56.86,60.0,59.1,61.0,0,0,22.85,22.25,59537,2,0,0,31.87
918274,56.86,60.0,59.1,61.0,0,0,22.85,22.25,60037,2,0,0,31.87
918780,56.88,60.0,59.1,61.0,0,0,22.83,22.27,60537,2,0,0,31.89
919286,56.88,60.0,59.1,61.0,0,0,22.83,22.27,61037,2,0,0,31.89
919792,56.92,60.0,59.1,61.0,0,0,22.85,22.28,61537,2,0,0,31.89
920298,56.92,60.0,59.1,61.0,0,0,22.87,22.28,62037,2,0,0,31.87
920813,56.91,60.0,59.1,61.0,0,0,22.94,22.27,62537,2,0,0,31.87
921320,56.91,60.0,59.1,61.0,0,0,22.94,22.27,63037,2,0,0,31.87
921826,56.91,60.0,59.1,61.0,0,0,22.94,22.27,63537,2,0,0,31.87
922332,56.91,60.0,59.1,61.0,0,0,22.94,22.27,64037,2,0,0,31.87
922838,56.99,60.0,59.1,61.0,0,0,23.09,22.27,64537,2,0,0,31.89
923344,56.99,60.0,59.1,61.0,0,0,23.09,22.3,65037,2,0,0,31.89
923850,57.0,60.0,59.1,61.0,0,0,23.28,22.3,65537,2,0,0,31.89
924356,57.0,60.0,59.1,61.0,0,0,23.28,22.31,66037,2,0,0,31.89
924862,57.02,60.0,59.1,61.0,0,0,23.44,22.31,66537,2,0,0,31.92
925368,57.02,60.0,59.1,61.0,0,0,23.44,22.34,67037,2,0,0,31.92
925874,57.02,60.0,59.1,61.0,0,0,23.44,22.34,67537,2,0,0,31.92
926380,57.09,60.0,59.1,61.0,0,0,23.42,22.34,68037,2,0,0,31.9
926886,57.09,60.0,59.1,61.0,0,0,23.42,22.35,68537,2,0,0,31.9
927392,57.09,60.0,59.1,61.0,0,0,23.42,22.35,69037,2,0,0,31.9
927898,57.12,60.0,59.1,61.0,0,0,23.42,22.35,69537,2,0,0,31.9
928404,57.12,60.0,59.1,61.0,0,0,23.42,22.35,70037,2,0,0,31.9
928910,57.12,60.0,59.1,61.0,0,0,23.5,22.35,70537,2,0,0,31.89
929416,57.12,60.0,59.1,61.0,0,0,23.5,22.34,71037,2,0,0,31.89
929922,57.12,60.0,59.1,61.0,0,0,23.5,22.34,71537,2,0,0,31.89
930428,57.12,60.0,59.1,61.0,0,0,23.65,22.34,72037,2,0,0,31.89
930934,57.12,60.0,59.1,61.0,0,0,23.65,22.34,72537,2,0,0,31.89
931440,57.2,60.0,59.1,61.0,0,0,23.76,22.34,73037,2,0,0,31.89
931946,57.21,60.0,59.1,61.0,0,0,23.98,22.36,73537,2,0,0,31.89
932452,57.21,60.0,59.1,61.0,0,0,23.98,22.37,74037,2,0,0,31.89
932958,57.19,60.0,59.1,61.0,0,0,23.89,22.37,74537,2,0,0,31.89
933464,57.19,60.0,59.1,61.0,0,0,23.89,22.36,75037,2,0,0,31.89
933970,57.23,60.0,59.1,61.0,0,0,23.94,22.36,75541,2,0,0,31.87
934476,57.21,60.0,59.1,61.0,0,0,23.89,22.36,76041,2,0,0,31.92
934987,57.27,60.0,59.1,61.0,0,0,23.65,22.39,76542,2,0,0,31.89
935494,57.27,60.0,59.1,61.0,0,0,23.65,22.38,77050,2,0,0,31.89
936000,57.27,60.0,59.1,61.0,0,0,23.96,22.4,78052,2,0,0,31.9
936506,57.28,60.0,59.1,61.0,0,0,24.11,22.39,78552,2,0,0,31.89
937012,57.28,60.0,59.1,61.0,0,0,24.11,22.39,79052,2,0,0,31.89
937518,57.3,60.0,59.1,61.0,0,0,24.11,22.38,79552,2,0,0,31.87
938024,57.3,60.0,59.1,61.0,0,0,24.11,22.38,80052,2,0,0,31.87
938530,57.32,60.0,59.1,61.0,0,0,23.79,22.4,80552,2,0,0,31.89
939036,57.32,60.0,59.1,61.0,0,0,23.79,22.4,81052,2,0,0,31.89
939542,57.32,60.0,59.1,61.0,0,0,23.79,22.4,81552,2,0,0,31.89
940048,57.32,60.0,59.1,61.0,0,0,23.79,22.4,82052,2,0,0,31.89
940554,57.42,60.0,59.1,61.0,0,0,24.49,22.45,82552,2,0,0,31.92
941060,57.39,60.0,59.1,61.0,0,0,24.27,22.43,83052,2,0,0,31.9
941566,57.41,60.0,59.1,61.0,0,0,24.33,22.44,83554,2,0,0,31.9
942072,57.41,60.0,59.1,61.0,0,0,24.33,22.44,84054,2,0,0,31.9
942578,57.43,60.0,59.1,61.0,0,0,24.55,22.44,84554,2,0,0,31.9
943085,57.44,60.0,59.1,61.0,0,0,24.42,22.44,85054,2,0,0,31.87
943592,57.44,60.0,59.1,61.0,0,0,24.42,22.42,85554,2,0,0,31.87
944098,57.48,60.0,59.1,61.0,0,0,24.44,22.43,86054,2,0,0,31.87
944604,57.52,60.0,59.1,61.0,0,0,24.57,22.45,86554,2,0,0,31.89
945110,57.52,60.0,59.1,61.0,0,0,24.57,22.45,87054,2,0,0,31.89
945616,57.52,60.0,59.1,61.0,0,0,24.68,22.44,87554,2,0,0,31.87
946122,57.52,60.0,59.1,61.0,0,0,24.68,22.44,88054,2,0,0,31.87
946628,57.52,60.0,59.1,61.0,0,0,24.68,22.47,88554,2,0,0,31.9
947134,57.52,60.0,59.1,61.0,0,0,24.68,22.47,89054,2,0,0,31.9
947640,57.57,60.0,59.1,61.0,0,0,24.75,22.47,89554,2,0,0,31.89
948146,57.57,60.0,59.1,61.0,0,0,24.81,22.47,90054,2,0,0,31.89
948652,57.57,60.0,59.1,61.0,0,0,24.81,22.47,90554,2,0,0,31.89
949158,57.57,60.0,59.1,61.0,0,0,24.81,22.47,91054,2,0,0,31.89
949664,57.57,60.0,59.1,61.0,0,0,24.81,22.47,91554,2,0,0,31.89
950170,57.67,60.0,59.1,61.0,0,0,24.73,22.52,92054,2,0,0,31.92
950676,57.67,60.0,59.1,61.0,0,0,24.73,22.52,92554,2,0,0,31.92
951182,57.63,60.0,59.1,61.0,0,0,24.81,22.5,93054,2,0,0,31.9
951688,57.62,60.0,59.1,61.0,0,0,24.79,22.5,93554,2,0,0,31.9
952194,57.67,60.0,59.1,61.0,0,0,24.84,22.51,94054,2,0,0,31.9
952700,57.68,60.0,59.1,61.0,0,0,24.92,22.51,94554,2,0,0,31.87
953206,57.66,60.0,59.1,61.0,0,0,25.01,22.48,95054,2,0,0,31.9
953712,57.66,60.0,59.1,61.0,0,0,25.01,22.51,95554,2,0,0,31.9
954218,57.66,60.0,59.1,61.0,0,0,25.01,22.51,96054,2,0,0,31.9
954724,57.71,60.0,59.1,61.0,0,0,24.95,22.52,96554,2,0,0,31.9
955230,57.73,60.0,59.1,61.0,0,0,25.06,22.52,97054,2,0,0,31.89
955736,57.73,60.0,59.1,61.0,0,0,25.06,22.52,97554,2,0,0,31.89
956242,57.73,60.0,59.1,61.0,0,0,25.06,22.52,98054,2,0,0,31.89
956748,57.75,60.0,59.1,61.0,0,0,25.28,22.52,98554,2,0,0,31.89
957254,57.77,60.0,59.1,61.0,0,0,25.19,22.53,99054,2,0,0,31.89
957760,57.78,60.0,59.1,61.0,0,0,25.19,22.53,99554,2,0,0,31.92
958266,57.77,60.0,59.1,61.0,0,0,25.41,22.55,100054,2,0,0,31.89
958772,57.77,60.0,59.1,61.0,0,0,25.41,22.53,100554,2,0,0,31.89
959278,57.81,60.0,59.1,61.0,0,0,25.43,22.53,101054,2,0,0,31.89
959789,57.81,60.0,59.1,61.0,0,0,25.56,22.54,101554,2,0,0,31.89
960296,57.81,60.0,59.1,61.0,0,0,25.56,22.54,102054,2,0,0,31.89
960802,57.81,60.0,59.1,61.0,0,0,25.56,22.54,102554,2,0,0,31.89
961308,57.81,60.0,59.1,61.0,0,0,25.56,22.54,103054,2,0,0,31.89
961814,57.84,60.0,59.1,61.0,0,0,25.34,22.54,103554,2,0,0,31.89
962320,57.87,60.0,59.1,61.0,0,0,25.5,22.55,104054,2,0,0,31.89
962826,57.84,60.0,59.1,61.0,0,0,25.1,22.55,104554,2,0,0,31.92
963334,57.84,60.0,59.1,61.0,0,0,25.1,22.57,105054,2,0,0,31.92
963840,57.84,60.0,59.1,61.0,0,0,25.1,22.57,105554,2,0,0,31.92
964346,57.92,60.0,59.1,61.0,0,0,25.63,22.57,106054,2,0,0,31.89
964852,57.92,60.0,59.1,61.0,0,0,25.63,22.57,106554,2,0,0,31.89
965358,57.95,60.0,59.1,61.0,0,0,25.54,22.59,107054,2,0,0,31.9
965864,57.93,60.0,59.1,61.0,0,0,25.59,22.56,107561,2,0,0,31.87
966370,57.93,60.0,59.1,61.0,0,0,25.59,22.56,108061,2,0,0,31.87
966876,57.93,60.0,59.1,61.0,0,0,25.59,22.56,108561,2,0,0,31.87
967382,57.93,60.0,59.1,61.0,0,0,25.59,22.56,109061,2,0,0,31.87
967888,57.95,60.0,59.1,61.0,0,0,25.72,22.59,109561,2,0,0,31.9
968394,57.95,60.0,59.1,61.0,0,0,25.72,22.59,110061,2,0,0,31.9
968900,57.97,60.0,59.1,61.0,0,0,25.63,22.59,110561,2,0,0,31.9
969406,57.97,60.0,59.1,61.0,0,0,25.63,22.6,111061,2,0,0,31.9
969912,57.97,60.0,59.1,61.0,0,0,25.63,22.6,111561,2,0,0,31.9
970418,57.97,60.0,59.1,61.0,0,0,25.63,22.6,112061,2,0,0,31.9
970924,58.0,60.0,59.1,61.0,0,0,25.94,22.6,112561,2,0,0,31.9
971430,58.0,60.0,59.1,61.0,0,0,25.94,22.6,113061,2,0,0,31.9
971936,57.98,60.0,59.1,61.0,0,0,25.92,22.59,113561,2,0,0,31.89
972442,58.05,60.0,59.1,61.0,0,0,25.96,22.59,114061,2,0,0,31.92
972948,58.05,60.0,59.1,61.0,0,0,25.87,22.63,114561,2,0,0,31.9
973454,58.05,60.0,59.1,61.0,0,0,25.87,22.62,115061,2,0,0,31.9
973960,58.06,60.0,59.1,61.0,0,0,25.92,22.62,115561,2,0,0,31.93
974466,58.06,60.0,59.1,61.0,0,0,25.72,22.65,116061,2,0,0,31.9
974972,58.04,60.0,59.1,61.0,0,0,26.03,22.62,116561,2,0,0,31.89
975478,58.04,60.0,59.1,61.0,0,0,26.03,22.6,117061,2,0,0,31.89
975984,58.07,60.0,59.1,61.0,0,0,25.98,22.6,117561,2,0,0,31.92
976490,58.06,60.0,59.1,61.0,0,0,26.14,22.64,118061,2,0,0,31.9
976996,58.08,60.0,59.1,61.0,0,0,26.2,22.62,118561,2,0,0,31.89
977502,58.08,60.0,59.1,61.0,0,0,25.78,22.61,119061,2,0,0,31.9
978008,58.08,60.0,59.1,61.0,0,0,25.78,22.63,119561,2,0,0,31.9
978514,58.08,60.0,59.1,61.0,0,0,25.78,22.63,120066,2,0,0,31.9
979020,58.08,60.0,59.1,61.0,0,0,25.78,22.63,121072,2,0,0,31.9
979526,58.15,60.0,59.1,61.0,0,0,26.29,22.67,121572,2,0,0,31.93
980032,58.15,60.0,59.1,61.0,0,0,26.29,22.67,122072,2,0,0,31.93
980538,58.13,60.0,59.1,61.0,0,0,26.2,22.66,122572,2,0,0,31.92
981044,58.13,60.0,59.1,61.0,0,0,25.59,22.63,123072,2,0,0,31.89
981550,58.13,60.0,59.1,61.0,0,0,25.59,22.63,123572,2,0,0,31.89
982056,58.13,60.0,59.1,61.0,0,0,25.59,22.63,124072,2,0,0,31.89
982562,58.13,60.0,59.1,61.0,0,0,26.03,22.63,124572,2,0,0,31.89
983068,58.13,60.0,59.1,61.0,0,0,26.03,22.63,125072,2,0,0,31.89
983574,58.15,60.0,59.1,61.0,0,0,26.16,22.65,125572,2,0,0,31.9
984080,58.15,60.0,59.1,61.0,0,0,26.34,22.65,126077,2,0,0,31.9
984586,58.15,60.0,59.1,61.0,0,0,26.34,22.65,126577,2,0,0,31.9
985092,58.2,60.0,59.1,61.0,0,0,26.4,22.66,127077,2,0,0,31.9
985607,58.22,60.0,59.1,61.0,0,0,26.38,22.66,127577,2,0,0,31.9
986114,58.22,60.0,59.1,61.0,0,0,26.38,22.67,128077,2,0,0,31.9
986620,58.2,60.0,59.1,61.0,0,0,26.4,22.66,128577,2,0,0,31.9
987126,58.24,60.0,59.1,61.0,0,0,26.45,22.66,129077,2,0,0,31.92
987632,58.24,60.0,59.1,61.0,0,0,26.45,22.68,129577,2,0,0,31.92
988138,58.25,60.0,59.1,61.0,0,0,26.67,22.69,130077,2,0,0,31.92
988644,58.27,60.0,59.1,61.0,0,0,26.65,22.68,130577,2,0,0,31.9
989150,58.27,60.0,59.1,61.0,0,0,26.65,22.68,131077,2,0,0,31.9
989656,58.28,60.0,59.1,61.0,0,0,26.65,22.68,131577,2,0,0,31.9
990162,58.28,60.0,59.1,61.0,0,0,26.65,22.68,132077,2,0,0,31.9
990668,58.27,60.0,59.1,61.0,0,0,26.72,22.67,132577,2,0,0,31.89
991174,58.27,60.0,59.1,61.0,0,0,26.72,22.67,133077,2,0,0,31.89
991680,58.3,60.0,59.1,61.0,0,0,26.36,22.67,133577,2,0,0,31.92
992186,58.3,60.0,59.1,61.0,0,0,26.36,22.7,134077,2,0,0,31.92
992692,58.31,60.0,59.1,61.0,0,0,26.69,22.69,134578,2,0,0,31.9
993198,58.33,60.0,59.1,61.0,0,0,26.65,22.7,135080,2,0,0,31.9
993704,58.33,60.0,59.1,61.0,0,0,26.65,22.7,135580,2,0,0,31.9
994211,58.32,60.0,59.1,61.0,0,0,26.69,22.7,136080,2,0,0,31.9
994717,58.32,60.0,59.1,61.0,0,0,26.69,22.7,136580,2,0,0,31.9
995223,58.37,60.0,59.1,61.0,0,0,26.92,22.7,137080,2,0,0,31.9
995729,58.37,60.0,59.1,61.0,0,0,26.92,22.71,137580,2,0,0,31.9
996235,58.35,60.0,59.1,61.0,0,0,26.83,22.71,138080,2,0,0,31.89
996741,58.35,60.0,59.1,61.0,0,0,26.83,22.69,138580,2,0,0,31.89
997247,58.39,60.0,59.1,61.0,0,0,26.98,22.71,139080,2,0,0,31.9
997753,58.41,60.0,59.1,61.0,0,0,26.8,22.71,139580,2,0,0,31.89
998259,58.41,60.0,59.1,61.0,0,0,26.8,22.71,140080,2,0,0,31.89
998765,58.41,60.0,59.1,61.0,0,0,26.8,22.71,140580,2,0,0,31.89
999271,58.41,60.0,59.1,61.0,0,0,26.87,22.72,141085,2,0,0,31.9
999777,58.42,60.0,59.1,61.0,0,0,26.78,22.72,141585,2,0,0,31.9
1000283,58.45,60.0,59.1,61.0,0,0,27.12,22.72,142085,2,0,0,31.9
1000789,58.45,60.0,59.1,61.0,0,0,27.12,22.73,142585,2,0,0,31.9
1001295,58.47,60.0,59.1,61.0,0,0,27.34,22.74,143085,2,0,0,31.9
1001801,58.48,60.0,59.1,61.0,0,0,27.09,22.71,143585,2,0,0,31.87
1002307,58.48,60.0,59.1,61.0,0,0,27.09,22.71,144085,2,0,0,31.87
1002813,58.48,60.0,59.1,61.0,0,0,27.09,22.71,144585,2,0,0,31.87
1003319,58.5,60.0,59.1,61.0,0,0,26.96,22.74,145085,2,0,0,31.9
1003825,58.5,60.0,59.1,61.0,0,0,26.96,22.74,145585,2,0,0,31.9
1004331,58.54,60.0,59.1,61.0,0,0,27.12,22.76,146085,2,0,0,31.9
1004837,58.57,60.0,59.1,61.0,0,0,27.01,22.78,146585,2,0,0,31.92
1005343,58.57,60.0,59.1,61.0,0,0,27.01,22.78,147085,2,0,0,31.92
1005849,58.55,60.0,59.1,61.0,0,0,27.07,22.78,147585,2,0,0,31.9
1006355,58.56,60.0,59.1,61.0,0,0,27.7,22.76,148085,2,0,0,31.89
1006861,58.56,60.0,59.1,61.0,0,0,27.7,22.75,148585,2,0,0,31.89
1007367,58.6,60.0,59.1,61.0,0,0,27.3,22.75,149085,2,0,0,31.92
1007873,58.6,60.0,59.1,61.0,0,0,27.3,22.79,149585,2,0,0,31.92
1008379,58.6,60.0,59.1,61.0,0,0,27.3,22.79,150085,2,0,0,31.92
1008885,58.6,60.0,59.1,61.0,0,0,27.3,22.79,150585,2,0,0,31.92
1009391,58.64,60.0,59.1,61.0,0,0,27.5,22.79,151085,2,0,0,31.92
1009898,58.7,60.0,59.1,61.0,0,0,27.21,22.8,151585,2,0,0,31.9
1010405,58.7,60.0,59.1,61.0,0,0,27.21,22.8,152085,2,0,0,31.9
1010911,58.7,60.0,59.1,61.0,0,0,27.36,22.8,152585,2,0,0,31.9
1011417,58.7,60.0,59.1,61.0,0,0,27.36,22.8,153085,2,0,0,31.9
1011923,58.69,60.0,59.1,61.0,0,0,27.27,22.82,153585,2,0,0,31.93
1012429,58.74,60.0,59.1,61.0,0,0,27.25,22.82,154085,2,0,0,31.92
1012935,58.73,60.0,59.1,61.0,0,0,27.36,22.83,154585,2,0,0,31.89
1013441,58.73,60.0,59.1,61.0,0,0,27.36,22.8,155085,2,0,0,31.89
1013947,58.73,60.0,59.1,61.0,0,0,27.36,22.8,155585,2,0,0,31.89
1014453,58.73,60.0,59.1,61.0,0,0,27.36,22.8,156085,2,0,0,31.89
1014959,58.82,60.0,59.1,61.0,0,0,27.45,22.8,156585,2,0,0,31.9
1015465,58.82,60.0,59.1,61.0,0,0,27.45,22.84,157085,2,0,0,31.9
1015971,58.85,60.0,59.1,61.0,0,0,27.41,22.83,157585,2,0,0,31.89
1016477,58.86,60.0,59.1,61.0,0,0,27.41,22.83,158085,2,0,0,31.9
1016983,58.86,60.0,59.1,61.0,0,0,27.41,22.85,158585,2,0,0,31.9
1017489,58.87,60.0,59.1,61.0,0,0,27.43,22.85,159085,2,0,0,31.89
1017995,58.87,60.0,59.1,61.0,0,0,27.43,22.84,159585,2,0,0,31.89
1018501,58.87,60.0,59.1,61.0,0,0,27.43,22.84,160085,2,0,0,31.89
1019007,58.87,60.0,59.1,61.0,0,0,27.43,22.84,160585,2,0,0,31.89
1019513,58.87,60.0,59.1,61.0,0,0,27.43,22.84,161085,2,0,0,31.89
1020019,58.9,60.0,59.1,61.0,0,0,27.56,22.86,161594,2,0,0,31.9
1020525,58.98,60.0,59.1,61.0,0,0,27.65,22.86,162094,2,0,0,31.92
1021031,58.98,60.0,59.1,61.0,0,0,27.65,22.89,162594,2,0,0,31.92
1021537,58.98,60.0,59.1,61.0,0,0,27.65,22.89,163094,2,0,0,31.92
1022043,58.98,60.0,59.1,61.0,0,0,27.65,22.89,163595,2,0,0,31.92
1022549,58.98,60.0,59.1,61.0,0,0,27.65,22.89,164101,2,0,0,31.92
1023055,58.98,60.0,59.1,61.0,0,0,27.65,22.89,164607,2,0,0,31.92
1023561,59.06,60.0,59.1,61.0,0,0,27.72,22.89,165113,2,0,0,31.9
1024067,59.06,60.0,59.1,61.0,0,0,27.72,22.9,165620,2,0,0,31.9
1024573,59.12,60.0,59.1,61.0,0,0,27.7,22.9,166125,2,0,0,31.89
1025079,59.12,60.0,59.1,61.0,1,0,27.7,22.91,0,2,0,0,31.89
1025585,59.13,60.0,59.1,61.0,1,0,27.7,22.92,1006,2,0,0,31.9
1026091,59.14,60.0,59.1,61.0,1,0,27.61,22.92,1506,2,0,0,31.9
1026613,59.15,60.0,59.1,61.0,1,0,27.68,22.92,2006,2,0,0,31.9
1027120,59.15,60.0,59.1,61.0,1,0,27.68,22.93,2506,2,0,0,31.9
1027626,59.2,60.0,59.1,61.0,1,0,28.04,22.94,3006,2,0,0,31.9
1028132,59.21,60.0,59.1,61.0,1,0,27.63,22.94,3506,2,0,0,31.92
1028638,59.21,60.0,59.1,61.0,1,0,27.63,22.96,4006,2,0,0,31.92
1029144,59.21,60.0,59.1,61.0,1,0,27.63,22.96,4506,2,0,0,31.92
1029650,59.21,60.0,59.1,61.0,1,0,27.63,22.96,5006,2,0,0,31.92
1030156,59.3,60.0,59.1,61.0,1,0,27.59,22.97,5506,2,0,0,31.9
1030662,59.26,60.0,59.1,61.0,1,0,27.45,22.96,6006,2,0,0,31.9
1031168,59.26,60.0,59.1,61.0,1,0,27.45,22.96,6506,2,0,0,31.9
1031674,59.33,60.0,59.1,61.0,1,0,27.34,22.98,7006,2,0,0,31.9
1032180,59.34,60.0,59.1,61.0,1,0,27.45,22.98,7506,2,0,0,31.9
1032686,59.34,60.0,59.1,61.0,1,0,27.45,22.98,8006,2,0,0,31.9
1033192,59.42,60.0,59.1,61.0,1,0,27.14,23.01,8506,2,0,0,31.92
1033698,59.4,60.0,59.1,61.0,1,0,27.01,23.0,9006,2,0,0,31.9
1034204,59.42,60.0,59.1,61.0,1,0,26.98,22.99,9506,2,0,0,31.89
1034710,59.47,60.0,59.1,61.0,1,0,27.09,23.03,10006,2,0,0,31.92
1035216,59.47,60.0,59.1,61.0,1,0,27.09,23.03,10506,2,0,0,31.92
1035722,59.5,60.0,59.1,61.0,1,0,26.72,23.03,11006,2,0,0,31.92
1036228,59.5,60.0,59.1,61.0,1,0,26.72,23.04,11506,2,0,0,31.92
1036734,59.55,60.0,59.1,61.0,1,0,26.65,23.01,12006,2,0,0,31.87
1037240,59.55,60.0,59.1,61.0,1,0,26.65,23.01,12506,2,0,0,31.87
1037746,59.55,60.0,59.1,61.0,1,0,26.36,23.04,13006,2,0,0,31.9
1038252,59.58,60.0,59.1,61.0,1,0,26.25,23.05,13522,2,0,0,31.9
1038758,59.58,60.0,59.1,61.0,1,0,26.25,23.05,14022,2,0,0,31.9
1039264,59.61,60.0,59.1,61.0,1,0,26.05,23.05,14522,2,0,0,31.89
1039770,59.61,60.0,59.1,61.0,1,0,26.05,23.04,15022,2,0,0,31.89
1040276,59.64,60.0,59.1,61.0,1,0,26.07,23.04,15522,2,0,0,31.89
1040782,59.64,60.0,59.1,61.0,1,0,26.07,23.05,16022,2,0,0,31.89
1041288,59.69,60.0,59.1,61.0,1,0,25.59,23.1,16522,2,0,0,31.93
1041794,59.72,60.0,59.1,61.0,1,0,25.63,23.1,17022,2,0,0,31.89
1042300,59.72,60.0,59.1,61.0,1,0,25.63,23.08,17522,2,0,0,31.89
1042806,59.76,60.0,59.1,61.0,1,0,25.47,23.07,18022,2,0,0,31.87
1043312,59.76,60.0,59.1,61.0,1,0,25.47,23.07,18522,2,0,0,31.87
1043818,59.77,60.0,59.1,61.0,1,0,25.32,23.09,19022,2,0,0,31.89
1044324,59.77,60.0,59.1,61.0,1,0,25.32,23.09,19522,2,0,0,31.89
1044830,59.84,60.0,59.1,61.0,1,0,24.92,23.09,20023,2,0,0,31.89
1045336,59.84,60.0,59.1,61.0,1,0,24.92,23.11,20524,2,0,0,31.89
1045842,59.87,60.0,59.1,61.0,1,0,24.68,23.11,21024,2,0,0,31.92
1046348,59.87,60.0,59.1,61.0,1,0,24.68,23.14,21524,2,0,0,31.92
1046854,59.9,60.0,59.1,61.0,1,0,24.73,23.14,22024,2,0,0,31.9
1047362,59.9,60.0,59.1,61.0,1,0,24.73,23.14,22524,2,0,0,31.9
1047869,59.92,60.0,59.1,61.0,1,0,25.85,23.13,23024,2,0,0,31.89
1048375,59.93,60.0,59.1,61.0,1,0,24.42,23.13,23524,2,0,0,31.92
1048881,59.93,60.0,59.1,61.0,1,0,24.42,23.16,24024,2,0,0,31.92
1049387,59.97,60.0,59.1,61.0,1,0,24.55,23.15,24524,2,0,0,31.9
1049893,59.97,60.0,59.1,61.0,1,0,24.55,23.15,25024,2,0,0,31.9
1050399,60.02,60.0,59.1,61.0,1,0,24.22,23.15,25524,2,0,0,31.92
1050905,60.03,60.0,59.1,61.0,1,0,24.11,23.18,26024,2,0,0,31.9
1051411,60.06,60.0,59.1,61.0,1,0,23.87,23.17,26524,2,0,0,31.92
1051917,60.06,60.0,59.1,61.0,1,0,23.87,23.19,27024,2,0,0,31.92
1052423,60.04,60.0,59.1,61.0,1,0,24.31,23.19,27528,2,0,0,31.92
1052929,60.07,60.0,59.1,61.0,1,0,23.61,23.19,28029,2,0,0,31.93
1053435,60.07,60.0,59.1,61.0,1,0,23.61,23.21,28530,2,0,0,31.93
1053941,60.11,60.0,59.1,61.0,1,0,23.46,23.21,29030,2,0,0,31.92
1054447,60.14,60.0,59.1,61.0,1,0,23.28,23.21,29530,2,0,0,31.92
1054953,60.14,60.0,59.1,61.0,1,0,23.28,23.22,30030,2,0,0,31.92
1055459,60.14,60.0,59.1,61.0,1,0,23.28,23.22,30530,2,0,0,31.92
1055965,60.14,60.0,59.1,61.0,1,0,23.28,23.22,31030,2,0,0,31.92
1056471,60.14,60.0,59.1,61.0,1,0,23.28,23.22,31530,2,0,0,31.92
1056977,60.14,60.0,59.1,61.0,1,0,23.28,23.22,32030,2,0,0,31.92
1057483,60.14,60.0,59.1,61.0,1,0,23.28,23.22,32533,2,0,0,31.92
1057989,60.18,60.0,59.1,61.0,1,0,22.7,23.21,33034,2,0,0,31.9
1058495,60.2,60.0,59.1,61.0,1,0,22.81,23.21,33534,2,0,0,31.9
1059001,60.27,60.0,59.1,61.0,1,0,22.68,23.22,34034,2,0,0,31.9
1059507,60.27,60.0,59.1,61.0,1,0,22.68,23.24,34534,2,0,0,31.9
1060013,60.26,60.0,59.1,61.0,1,0,22.68,23.24,35034,2,0,0,31.89
1060519,60.26,60.0,59.1,61.0,1,0,22.68,23.22,35534,2,0,0,31.89
1061025,60.27,60.0,59.1,61.0,1,0,22.98,23.22,36034,2,0,0,31.9
1061531,60.27,60.0,59.1,61.0,1,0,22.98,23.24,36534,2,0,0,31.9
1062037,60.36,60.0,59.1,61.0,1,0,21.98,23.26,37034,2,0,0,31.9
1062557,60.34,60.0,59.1,61.0,1,0,22.13,23.26,37534,2,0,0,31.9
1063064,60.34,60.0,59.1,61.0,1,0,22.13,23.26,38034,2,0,0,31.9
1063570,60.41,60.0,59.1,61.0,1,0,21.94,23.26,38534,2,0,0,31.92
1064076,60.5,60.0,59.1,61.0,1,0,21.77,23.29,39034,2,0,0,31.92
1064582,60.5,60.0,59.1,61.0,1,0,21.77,23.31,39534,2,1,0,31.92
1065088,60.5,60.0,59.1,61.0,0,0,21.72,23.31,0,2,1,0,31.92
1065594,60.52,60.0,59.1,61.0,0,0,21.87,23.31,500,2,1,0,31.92
1066100,60.51,60.0,59.1,61.0,0,0,21.59,23.32,1000,2,0,0,31.92
1066606,60.51,60.0,59.1,61.0,0,0,21.59,23.32,1500,2,1,0,31.92
1067112,60.61,60.0,59.1,61.0,0,0,21.51,23.32,2000,2,1,0,31.92
1067618,60.64,60.0,59.1,61.0,0,0,21.42,23.34,2509,2,1,0,31.92
1068125,60.67,60.0,59.1,61.0,0,0,21.31,23.35,3015,2,1,0,31.9
1068632,60.67,60.0,59.1,61.0,0,0,21.31,23.35,3523,2,1,0,31.9
1069138,60.67,60.0,59.1,61.0,0,0,21.31,23.35,4525,2,1,0,31.9
1069644,60.79,60.0,59.1,61.0,0,0,21.48,23.39,5025,2,1,0,31.92
1070150,60.79,60.0,59.1,61.0,0,0,21.48,23.39,5525,2,1,0,31.92
1070656,60.83,60.0,59.1,61.0,0,0,21.35,23.39,6025,2,1,0,31.9
1071162,60.84,60.0,59.1,61.0,0,0,21.22,23.41,6525,2,1,0,31.92
1071668,60.9,60.0,59.1,61.0,0,0,21.16,23.44,7025,2,1,0,31.93
1072184,60.91,60.0,59.1,61.0,0,0,21.33,23.44,7525,2,1,0,31.92
1072691,60.91,60.0,59.1,61.0,0,0,21.33,23.43,8025,2,1,0,31.92
1073197,60.97,60.0,59.1,61.0,0,0,20.75,23.42,8525,2,1,0,31.89
1073703,60.97,60.0,59.1,61.0,0,0,20.75,23.42,9025,2,1,0,31.89
1074209,60.97,60.0,59.1,61.0,0,0,21.25,23.43,9525,2,1,0,31.9
1074715,61.01,60.0,59.1,61.0,0,0,21.27,23.47,10025,2,1,0,31.93
1075221,61.01,60.0,59.1,61.0,0,0,21.27,23.47,10525,2,1,0,31.93
1075727,61.01,60.0,59.1,61.0,0,0,21.27,23.47,11025,2,1,0,31.93
1076234,61.04,60.0,59.1,61.0,0,0,21.42,23.46,11525,2,1,0,31.92
1076740,61.1,60.0,59.1,61.0,0,0,21.46,23.48,12025,2,1,0,31.92
1077246,61.1,60.0,59.1,61.0,0,0,21.46,23.48,12525,2,1,0,31.92
1077752,61.1,60.0,59.1,61.0,0,0,21.48,23.46,13025,2,1,0,31.9
1078258,61.11,60.0,59.1,61.0,0,0,21.38,23.48,13525,2,1,0,31.92
1078764,61.11,60.0,59.1,61.0,0,0,21.38,23.48,14025,2,1,0,31.92
1079270,61.12,60.0,59.1,61.0,0,0,21.55,23.48,14525,2,1,0,31.9
1079780,61.12,60.0,59.1,61.0,0,0,21.55,23.47,15025,2,1,0,31.9
1080286,61.14,60.0,59.1,61.0,0,0,21.77,23.48,15525,2,1,0,31.9
1080792,61.14,60.0,59.1,61.0,0,0,22.05,23.48,16025,2,1,0,31.89
1081298,61.14,60.0,59.1,61.0,0,0,22.05,23.46,16525,2,0,0,31.89
1081804,61.13,60.0,59.1,61.0,0,0,21.72,23.46,17025,2,1,0,31.89
1082310,61.13,60.0,59.1,61.0,0,0,21.72,23.46,17525,2,1,0,31.89
1082816,61.13,60.0,59.1,61.0,0,0,21.72,23.46,18025,2,1,0,31.89
1083322,61.14,60.0,59.1,61.0,0,0,21.98,23.46,18525,2,0,0,31.89
1083829,61.18,60.0,59.1,61.0,0,0,22.05,23.46,19025,2,0,0,31.92
1084336,61.18,60.0,59.1,61.0,0,0,22.05,23.5,19525,2,0,0,31.92
1084842,61.1,60.0,59.1,61.0,1,0,22.22,23.5,0,2,0,0,31.92
1085348,61.1,60.0,59.1,61.0,1,0,22.22,23.48,500,2,0,0,31.92
1085854,61.12,60.0,59.1,61.0,1,0,22.09,23.48,1000,2,0,0,31.93
1086360,61.12,60.0,59.1,61.0,1,0,22.09,23.5,1500,2,0,0,31.93
1086866,61.12,60.0,59.1,61.0,1,0,22.13,23.48,2000,2,0,0,31.92
1087372,61.12,60.0,59.1,61.0,1,0,22.33,23.47,2500,2,0,0,31.9
1087878,61.12,60.0,59.1,61.0,1,0,22.33,23.47,3000,2,0,0,31.9
1088384,61.1,60.0,59.1,61.0,1,0,22.31,23.46,3500,2,0,0,31.9
1088890,61.1,60.0,59.1,61.0,1,0,22.29,23.48,4000,2,0,0,31.92
1089396,61.1,60.0,59.1,61.0,1,0,22.29,23.48,4500,2,0,0,31.92
1089902,61.07,60.0,59.1,61.0,1,0,22.31,23.47,5000,2,0,0,31.92
1090408,61.04,60.0,59.1,61.0,1,0,21.96,23.47,5500,2,0,0,31.9
1090914,61.04,60.0,59.1,61.0,1,0,21.96,23.45,6000,2,0,0,31.9
1091424,61.04,60.0,59.1,61.0,1,0,21.96,23.45,6500,2,0,0,31.9
1091930,61.01,60.0,59.1,61.0,1,0,22.13,23.45,7000,2,0,0,31.92
1092436,61.01,60.0,59.1,61.0,1,0,22.05,23.45,7500,2,0,0,31.92
1092942,61.01,60.0,59.1,61.0,1,0,22.05,23.45,8000,2,0,0,31.92
1093448,61.03,60.0,59.1,61.0,1,0,21.96,23.45,8500,2,0,0,31.9
1093954,61.03,60.0,59.1,61.0,1,0,21.96,23.45,9000,2,0,0,31.9
1094460,61.03,60.0,59.1,61.0,1,0,21.96,23.45,9500,2,0,0,31.9
1094966,61.01,60.0,59.1,61.0,1,0,21.83,23.45,10000,2,1,0,31.92
1095472,61.02,60.0,59.1,61.0,1,0,21.77,23.45,10500,2,1,0,31.89
1095978,61.02,60.0,59.1,61.0,1,0,21.77,23.43,11000,2,1,0,31.89
1096484,61.03,60.0,59.1,61.0,1,0,21.74,23.45,11500,2,1,0,31.9
1096990,60.98,60.0,59.1,61.0,1,0,21.68,23.45,12000,2,1,0,31.92
1097496,60.98,60.0,59.1,61.0,1,0,21.68,23.45,12500,2,1,0,31.92
1098002,60.97,60.0,59.1,61.0,1,0,21.59,23.42,13000,2,1,0,31.89
1098508,60.97,60.0,59.1,61.0,1,0,21.59,23.42,13500,2,1,0,31.89
1099014,60.97,60.0,59.1,61.0,1,0,21.59,23.42,14000,2,1,0,31.89
1099521,60.97,60.0,59.1,61.0,1,0,21.59,23.42,14500,2,1,0,31.89
1100027,60.93,60.0,59.1,61.0,1,0,21.9,23.42,15000,2,1,0,31.9
1100533,60.93,60.0,59.1,61.0,1,0,21.9,23.42,15500,2,1,0,31.9
1101039,60.93,60.0,59.1,61.0,1,0,21.14,23.42,16000,2,1,0,31.9
1101545,60.93,60.0,59.1,61.0,1,0,21.14,23.42,16500,2,1,0,31.9
1102051,60.93,60.0,59.1,61.0,1,0,21.14,23.42,17000,2,1,0,31.9
1102557,60.95,60.0,59.1,61.0,1,0,21.03,23.42,17500,2,1,0,31.93
1103063,60.95,60.0,59.1,61.0,1,0,21.03,23.45,18000,2,1,0,31.93
1103569,60.95,60.0,59.1,61.0,1,0,21.03,23.45,18500,2,1,0,31.93
1104075,60.93,60.0,59.1,61.0,1,0,20.79,23.45,19000,2,1,0,31.9
1104581,60.93,60.0,59.1,61.0,1,0,20.71,23.42,19500,2,1,0,31.9
1105087,60.94,60.0,59.1,61.0,1,0,20.06,23.42,20000,2,1,0,31.9
1105593,60.94,60.0,59.1,61.0,1,0,20.06,23.42,20500,2,1,0,31.9
1106099,60.93,60.0,59.1,61.0,1,0,20.64,23.42,21000,2,1,0,31.92
1106605,60.91,60.0,59.1,61.0,1,0,20.45,23.43,21500,2,1,0,31.92
1107111,60.91,60.0,59.1,61.0,1,0,20.45,23.43,22000,2,1,0,31.92
1107617,60.91,60.0,59.1,61.0,1,0,20.45,23.43,22500,2,1,0,31.92
1108123,60.9,60.0,59.1,61.0,1,0,20.19,23.43,23000,2,1,0,31.93
1108629,60.9,60.0,59.1,61.0,1,0,20.19,23.44,23500,2,1,0,31.93
1109135,60.89,60.0,59.1,61.0,1,0,20.43,23.44,24000,2,1,0,31.89
1109641,60.89,60.0,59.1,61.0,1,0,20.43,23.4,25003,2,1,0,31.89
1110147,60.85,60.0,59.1,61.0,1,0,20.12,23.39,25503,2,1,0,31.89
1110653,60.88,60.0,59.1,61.0,1,0,19.97,23.39,26003,2,1,0,31.89
1111159,60.88,60.0,59.1,61.0,1,0,19.97,23.39,26503,2,1,0,31.89
1111665,60.84,60.0,59.1,61.0,1,0,19.87,23.41,27003,2,1,0,31.92
1112171,60.86,60.0,59.1,61.0,1,0,19.78,23.4,27503,2,1,0,31.9
1112677,60.86,60.0,59.1,61.0,1,0,19.78,23.4,28003,2,1,0,31.9
1113183,60.86,60.0,59.1,61.0,1,0,19.78,23.4,28503,2,1,0,31.9
1113689,60.86,60.0,59.1,61.0,1,0,19.78,23.4,29003,2,1,0,31.9
1114195,60.86,60.0,59.1,61.0,1,0,19.78,23.4,29503,2,1,0,31.9
1114701,60.79,60.0,59.1,61.0,1,0,19.56,23.37,30003,2,1,0,31.89
1115207,60.79,60.0,59.1,61.0,1,0,19.56,23.37,30503,2,1,0,31.89
1115713,60.78,60.0,59.1,61.0,1,0,19.33,23.37,31003,2,1,0,31.89
1116219,60.76,60.0,59.1,61.0,1,0,19.35,23.37,31503,2,1,0,31.9
1116725,60.76,60.0,59.1,61.0,1,0,19.35,23.37,32003,2,1,0,31.9
1117231,60.73,60.0,59.1,61.0,1,0,19.26,23.35,32503,2,1,0,31.89
1117737,60.71,60.0,59.1,61.0,1,0,19.11,23.33,33012,2,1,0,31.87
1118243,60.71,60.0,59.1,61.0,1,0,19.11,23.33,33512,2,1,0,31.87
1118749,60.68,60.0,59.1,61.0,1,0,19.07,23.36,34012,2,1,0,31.92
1119255,60.68,60.0,59.1,61.0,1,0,19.07,23.36,34512,2,1,0,31.92
1119761,60.63,60.0,59.1,61.0,1,0,19.03,23.34,35012,2,1,0,31.9
1120267,60.63,60.0,59.1,61.0,1,0,19.03,23.34,35512,2,1,0,31.9
1120773,60.53,60.0,59.1,61.0,1,0,18.77,23.34,36012,2,1,0,31.89
1121279,60.53,60.0,59.1,61.0,1,0,18.77,23.3,36512,2,1,0,31.89
1121785,60.54,60.0,59.1,61.0,1,0,18.7,23.31,37012,2,1,0,31.9
1122292,60.5,60.0,59.1,61.0,1,0,18.79,23.31,37512,2,1,0,31.9
1122799,60.5,60.0,59.1,61.0,1,0,18.79,23.3,38012,2,1,0,31.9
1123305,60.44,60.0,59.1,61.0,1,0,18.72,23.27,38512,2,1,0,31.89
1123811,60.44,60.0,59.1,61.0,1,0,18.96,23.27,39012,2,1,0,31.92
1124317,60.44,60.0,59.1,61.0,1,0,18.96,23.3,39512,2,1,0,31.92
1124823,60.38,60.0,59.1,61.0,0,0,18.49,23.26,0,2,1,0,31.89
1125329,60.31,60.0,59.1,61.0,0,0,18.47,23.26,500,2,1,0,31.89
1125835,60.31,60.0,59.1,61.0,0,0,18.47,23.24,1000,2,1,0,31.89
1126341,60.3,60.0,59.1,61.0,0,0,18.19,23.24,1500,2,1,0,31.9
1126847,60.3,60.0,59.1,61.0,0,0,18.19,23.25,2000,2,1,0,31.9
1127353,60.3,60.0,59.1,61.0,0,0,18.19,23.25,2500,2,1,0,31.9
1127859,60.3,60.0,59.1,61.0,0,0,18.19,23.25,3000,2,1,0,31.9
1128365,60.17,60.0,59.1,61.0,0,0,18.16,23.22,3500,2,1,0,31.92
1128871,60.15,60.0,59.1,61.0,0,0,17.86,23.22,4000,2,1,0,31.89
1129377,60.15,60.0,59.1,61.0,0,0,17.86,23.19,4500,2,1,0,31.89
1129883,60.15,60.0,59.1,61.0,0,0,17.86,23.19,5000,2,1,0,31.89
1130389,60.15,60.0,59.1,61.0,0,0,17.86,23.19,5500,2,1,0,31.89
1130895,60.04,60.0,59.1,61.0,0,0,18.1,23.19,6000,2,1,0,31.89
1131401,60.04,60.0,59.1,61.0,0,0,18.1,23.16,6500,2,1,0,31.89
1131907,59.96,60.0,59.1,61.0,0,0,18.16,23.14,7000,2,1,0,31.89
1132413,59.88,60.0,59.1,61.0,0,0,18.38,23.14,7500,2,1,0,31.9
1132920,59.88,60.0,59.1,61.0,0,0,18.38,23.13,8000,2,1,0,31.9
1133426,59.81,60.0,59.1,61.0,0,0,18.36,23.13,8500,2,1,0,31.87
1133932,59.75,60.0,59.1,61.0,0,0,18.44,23.08,9000,2,1,0,31.87
1134438,59.75,60.0,59.1,61.0,0,0,18.44,23.07,9500,2,1,0,31.87
1134944,59.72,60.0,59.1,61.0,0,0,18.32,23.06,10000,2,1,0,31.87
1135450,59.72,60.0,59.1,61.0,0,0,18.32,23.06,10500,2,1,0,31.87
1135956,59.63,60.0,59.1,61.0,0,0,18.4,23.06,11000,2,1,0,31.9
1136462,59.59,60.0,59.1,61.0,0,0,18.51,23.06,11500,2,1,0,31.92
1136972,59.59,60.0,59.1,61.0,0,0,18.51,23.06,12000,2,1,0,31.92
1137479,59.48,60.0,59.1,61.0,0,0,18.64,23.06,12500,2,1,0,31.87
1137985,59.47,60.0,59.1,61.0,0,0,18.62,22.99,13000,2,1,0,31.89
1138491,59.47,60.0,59.1,61.0,0,0,18.62,23.01,13500,2,1,0,31.89
1138997,59.37,60.0,59.1,61.0,0,0,18.79,23.01,14000,2,1,0,31.87
1139503,59.37,60.0,59.1,61.0,0,0,18.79,22.96,14501,2,1,0,31.87
1140009,59.31,60.0,59.1,61.0,0,0,18.92,22.93,15002,2,1,0,31.86
1140515,59.31,60.0,59.1,61.0,0,0,18.92,22.93,15502,2,1,0,31.86
1141021,59.24,60.0,59.1,61.0,0,0,19.07,22.93,16002,2,1,0,31.89
1141528,59.2,60.0,59.1,61.0,0,0,19.13,22.94,16502,2,1,0,31.89
1142035,59.2,60.0,59.1,61.0,0,0,19.13,22.93,17002,2,1,0,31.89
1142541,59.14,60.0,59.1,61.0,0,0,18.47,22.91,17502,2,1,0,31.89
1143047,59.06,60.0,59.1,61.0,0,0,19.28,22.91,18002,2,1,0,31.87
1143553,59.06,60.0,59.1,61.0,0,0,19.28,22.88,18502,2,1,0,31.87
1144059,59.06,60.0,59.1,61.0,0,0,19.28,22.88,19002,2,1,0,31.87
1144565,59.06,60.0,59.1,61.0,0,0,19.28,22.88,19502,2,1,0,31.87
1145071,58.94,60.0,59.1,61.0,0,0,19.48,22.88,20002,2,1,0,31.9
1145577,58.89,60.0,59.1,61.0,0,0,19.56,22.87,20502,2,1,0,31.87
1146083,58.89,60.0,59.1,61.0,0,0,19.56,22.83,21002,2,1,0,31.87
1146589,58.89,60.0,59.1,61.0,0,0,19.63,22.83,21502,2,1,0,31.9
1147095,58.79,60.0,59.1,61.0,0,0,19.63,22.85,22002,2,1,0,31.87
1147601,58.79,60.0,59.1,61.0,0,0,19.63,22.8,22502,2,1,0,31.87
1148107,58.79,60.0,59.1,61.0,0,0,19.63,22.8,23003,2,1,0,31.87
1148613,58.71,60.0,59.1,61.0,0,0,20.02,22.8,23503,2,1,0,31.89
1149119,58.71,60.0,59.1,61.0,0,0,19.54,22.79,24003,2,1,0,31.87
1149625,58.71,60.0,59.1,61.0,0,0,19.54,22.78,24503,2,1,0,31.87
1150131,58.62,60.0,59.1,61.0,0,0,20.08,22.78,25003,2,1,0,31.89
1150637,58.64,60.0,59.1,61.0,0,0,20.06,22.77,25503,2,1,0,31.86
1151143,58.64,60.0,59.1,61.0,0,0,20.06,22.75,26003,2,1,0,31.86
1151649,58.64,60.0,59.1,61.0,0,0,20.06,22.75,26503,2,1,0,31.86
1152155,58.64,60.0,59.1,61.0,0,0,20.06,22.75,27505,2,1,0,31.86
1152661,58.64,60.0,59.1,61.0,0,0,20.06,22.75,28005,2,1,0,31.86
1153167,58.55,60.0,59.1,61.0,0,0,20.34,22.75,28505,2,1,0,31.89
1153673,58.48,60.0,59.1,61.0,0,0,20.28,22.73,29006,2,1,0,31.89
1154179,58.47,60.0,59.1,61.0,0,0,20.62,22.71,29507,2,1,0,31.87
1154685,58.47,60.0,59.1,61.0,0,0,20.62,22.71,30007,2,1,0,31.87
1155191,58.46,60.0,59.1,61.0,0,0,20.36,22.73,30507,2,1,0,31.9
1155697,58.42,60.0,59.1,61.0,0,0,20.51,22.7,31007,2,1,0,31.87
1156203,58.37,60.0,59.1,61.0,0,0,20.6,22.7,31507,2,1,0,31.89
1156709,58.37,60.0,59.1,61.0,0,0,20.6,22.7,32007,2,1,0,31.89
1157215,58.36,60.0,59.1,61.0,0,0,20.86,22.69,32507,2,1,0,31.89
1157721,58.36,60.0,59.1,61.0,0,0,20.86,22.69,33007,2,1,0,31.89
1158227,58.36,60.0,59.1,61.0,0,0,20.79,22.69,33507,2,1,0,31.89
1158733,58.31,60.0,59.1,61.0,0,0,20.79,22.69,34007,2,1,0,31.9
1159239,58.31,60.0,59.1,61.0,0,0,20.79,22.69,34507,2,1,0,31.9
1159745,58.27,60.0,59.1,61.0,0,0,20.94,22.65,35007,2,1,0,31.87
1160251,58.35,60.0,59.1,61.0,0,0,21.18,22.69,35507,2,1,0,31.89
1160757,58.35,60.0,59.1,61.0,0,0,21.18,22.69,36007,2,1,0,31.89
1161263,58.22,60.0,59.1,61.0,0,0,21.03,22.64,36507,2,1,0,31.87
1161769,58.26,60.0,59.1,61.0,0,0,21.03,22.66,37007,2,1,0,31.89
1162275,58.26,60.0,59.1,61.0,0,0,21.03,22.66,37507,2,1,0,31.89
1162781,58.26,60.0,59.1,61.0,0,0,21.03,22.66,38007,2,1,0,31.89
1163287,58.26,60.0,59.1,61.0,0,0,21.03,22.66,38507,2,1,0,31.89
1163793,58.26,60.0,59.1,61.0,0,0,21.03,22.66,39007,2,1,0,31.89
1164299,58.23,60.0,59.1,61.0,0,0,21.57,22.64,39507,2,0,0,31.87
1164805,58.23,60.0,59.1,61.0,0,0,21.57,22.64,40007,2,0,0,31.87
1165311,58.22,60.0,59.1,61.0,0,0,21.61,22.64,40507,2,0,0,31.87
1165817,58.22,60.0,59.1,61.0,0,0,21.61,22.64,41007,2,0,0,31.87
1166323,58.18,60.0,59.1,61.0,0,0,21.48,22.64,41507,2,0,0,31.89
1166829,58.18,60.0,59.1,61.0,0,0,21.48,22.64,42007,2,0,0,31.89
1167335,58.18,60.0,59.1,61.0,0,0,21.48,22.64,42507,2,0,0,31.89
1167842,58.12,60.0,59.1,61.0,0,0,21.81,22.64,43007,2,0,0,31.89
1168349,58.12,60.0,59.1,61.0,0,0,21.81,22.63,43507,2,0,0,31.89
1168855,58.17,60.0,59.1,61.0,0,0,21.92,22.65,44007,2,0,0,31.9
1169361,58.17,60.0,59.1,61.0,0,0,21.92,22.65,44507,2,0,0,31.9
1169867,58.17,60.0,59.1,61.0,0,0,22.18,22.64,45007,2,0,0,31.89
1170373,58.17,60.0,59.1,61.0,0,0,22.18,22.64,45507,2,0,0,31.89
1170879,58.21,60.0,59.1,61.0,0,0,22.03,22.65,46007,2,0,0,31.89
1171385,58.22,60.0,59.1,61.0,0,0,22.16,22.65,46507,2,0,0,31.87
1171891,58.22,60.0,59.1,61.0,0,0,22.16,22.64,47007,2,0,0,31.87
1172397,58.19,60.0,59.1,61.0,0,0,21.87,22.63,47507,2,0,0,31.87
1172903,58.23,60.0,59.1,61.0,0,0,22.42,22.64,48007,2,0,0,31.87
1173409,58.21,60.0,59.1,61.0,0,0,22.35,22.64,48507,2,0,0,31.89
1173915,58.21,60.0,59.1,61.0,0,0,22.35,22.65,49007,2,0,0,31.89
1174421,58.21,60.0,59.1,61.0,0,0,22.35,22.65,49507,2,0,0,31.89
1174927,58.22,60.0,59.1,61.0,0,0,22.37,22.65,50007,2,0,0,31.89
1175433,58.22,60.0,59.1,61.0,0,0,22.37,22.65,50507,2,0,0,31.89
1175939,58.22,60.0,59.1,61.0,0,0,22.37,22.65,51007,2,0,0,31.89
1176445,58.22,60.0,59.1,61.0,0,0,22.48,22.67,51507,2,0,0,31.9
1176951,58.23,60.0,59.1,61.0,0,0,22.65,22.67,52007,2,0,0,31.9
1177457,58.23,60.0,59.1,61.0,0,0,22.65,22.67,52507,2,0,0,31.9
1177963,58.23,60.0,59.1,61.0,0,0,22.52,22.64,53007,2,0,0,31.87
1178469,58.23,60.0,59.1,61.0,0,0,22.52,22.64,53507,2,0,0,31.87
1178975,58.26,60.0,59.1,61.0,0,0,22.72,22.64,54007,2,0,0,31.9
1179491,58.24,60.0,59.1,61.0,0,0,22.85,22.68,54507,2,0,0,31.87
1179998,58.24,60.0,59.1,61.0,0,0,22.85,22.65,55007,2,0,0,31.87
1180504,58.28,60.0,59.1,61.0,0,0,22.16,22.66,55507,2,0,0,31.87
1181010,58.25,60.0,59.1,61.0,0,0,22.91,22.66,56007,2,0,0,31.9
1181516,58.25,60.0,59.1,61.0,0,0,22.91,22.67,56507,2,0,0,31.9
1182022,58.25,60.0,59.1,61.0,0,0,22.91,22.67,57007,2,0,0,31.9
1182528,58.27,60.0,59.1,61.0,0,0,22.98,22.67,57507,2,0,0,31.89
1183034,58.28,60.0,59.1,61.0,0,0,23.0,22.67,58007,2,0,0,31.87
1183549,58.3,60.0,59.1,61.0,0,0,23.07,22.66,58507,2,0,0,31.9
1184056,58.3,60.0,59.1,61.0,0,0,23.07,22.69,59007,2,0,0,31.9
1184562,58.29,60.0,59.1,61.0,0,0,23.5,22.69,59507,2,0,0,31.92
1185068,58.29,60.0,59.1,61.0,0,0,23.5,22.7,60007,2,0,0,31.92
1185574,58.29,60.0,59.1,61.0,0,0,23.5,22.7,60507,2,0,0,31.92
1186080,58.29,60.0,59.1,61.0,0,0,23.5,22.7,61007,2,0,0,31.92
1186586,58.35,60.0,59.1,61.0,0,0,23.22,22.7,61507,2,0,0,31.9
1187092,58.35,60.0,59.1,61.0,0,0,23.22,22.7,62007,2,0,0,31.9
1187598,58.32,60.0,59.1,61.0,0,0,23.33,22.7,62507,2,0,0,31.87
1188104,58.36,60.0,59.1,61.0,0,0,23.37,22.67,63007,2,0,0,31.9
1188610,58.36,60.0,59.1,61.0,0,0,23.37,22.71,63507,2,0,0,31.9
1189116,58.36,60.0,59.1,61.0,0,0,23.57,22.71,64007,2,0,0,31.9
1189622,58.36,60.0,59.1,61.0,0,0,23.57,22.71,64507,2,0,0,31.9
1190129,58.36,60.0,59.1,61.0,0,0,23.57,22.71,65007,2,0,0,31.9
1190636,58.36,60.0,59.1,61.0,0,0,23.57,22.71,65507,2,0,0,31.9
1191142,58.36,60.0,59.1,61.0,0,0,23.57,22.71,66007,2,0,0,31.9
1191648,58.36,60.0,59.1,61.0,0,0,23.57,22.71,66507,2,0,0,31.9
1192154,58.36,60.0,59.1,61.0,0,0,23.57,22.71,67007,2,0,0,31.9
1192660,58.42,60.0,59.1,61.0,0,0,23.55,22.71,67514,2,0,0,31.87
1193166,58.46,60.0,59.1,61.0,0,0,23.48,22.7,68020,2,0,0,31.87
1193673,58.47,60.0,59.1,61.0,0,0,23.98,22.71,68526,2,0,0,31.9
1194180,58.47,60.0,59.1,61.0,0,0,23.98,22.74,69034,2,0,0,31.9
1194686,58.47,60.0,59.1,61.0,0,0,24.05,22.74,69536,2,0,0,31.89
1195192,58.5,60.0,59.1,61.0,0,0,24.05,22.74,70542,2,0,0,31.9
1195698,58.48,60.0,59.1,61.0,0,0,23.87,22.74,71042,2,0,0,31.9
1196204,58.47,60.0,59.1,61.0,0,0,23.98,22.72,71542,2,0,0,31.89
1196710,58.47,60.0,59.1,61.0,0,0,23.98,22.72,72042,2,0,0,31.89
1197216,58.47,60.0,59.1,61.0,0,0,23.98,22.72,72542,2,0,0,31.89
1197722,58.57,60.0,59.1,61.0,0,0,24.03,22.75,73042,2,0,0,31.89
1198233,58.57,60.0,59.1,61.0,0,0,24.11,22.75,73542,2,0,0,31.92
1198740,58.57,60.0,59.1,61.0,0,0,24.11,22.78,74042,2,0,0,31.92
1199246,58.56,60.0,59.1,61.0,0,0,24.24,22.75,74542,2,0,0,31.89
1199752,58.6,60.0,59.1,61.0,0,0,24.14,22.76,75042,2,0,0,31.89
1200258,58.61,60.0,59.1,61.0,0,0,24.33,22.75,75542,2,0,0,31.87
1200764,58.58,60.0,59.1,61.0,0,0,24.22,22.76,76042,2,0,0,31.89
1201270,58.58,60.0,59.1,61.0,0,0,24.22,22.76,76542,2,0,0,31.89
1201776,58.58,60.0,59.1,61.0,0,0,24.22,22.76,77042,2,0,0,31.89
1202282,58.58,60.0,59.1,61.0,0,0,24.22,22.76,77542,2,0,0,31.89
1202788,58.66,60.0,59.1,61.0,0,0,24.46,22.78,78042,2,0,0,31.89
1203294,58.65,60.0,59.1,61.0,0,0,24.33,22.8,78542,2,0,0,31.92
1203800,58.65,60.0,59.1,61.0,0,0,24.33,22.8,79042,2,0,0,31.92
1204306,58.67,60.0,59.1,61.0,0,0,24.22,22.78,79542,2,0,0,31.89
1204812,58.67,60.0,59.1,61.0,0,0,24.22,22.78,80042,2,0,0,31.89
1205318,58.67,60.0,59.1,61.0,0,0,24.22,22.78,80542,2,0,0,31.89
1205824,58.67,60.0,59.1,61.0,0,0,24.22,22.78,81042,2,0,0,31.89
1206330,58.71,60.0,59.1,61.0,0,0,24.92,22.81,81542,2,0,0,31.9
1206836,58.74,60.0,59.1,61.0,0,0,24.53,22.81,82042,2,0,0,31.9
1207342,58.74,60.0,59.1,61.0,0,0,24.53,22.81,82542,2,0,0,31.9
1207848,58.74,60.0,59.1,61.0,0,0,24.6,22.81,83042,2,0,0,31.9
1208354,58.74,60.0,59.1,61.0,0,0,24.6,22.81,83542,2,0,0,31.9
1208860,58.81,60.0,59.1,61.0,0,0,24.66,22.81,84042,2,0,0,31.89
1209366,58.81,60.0,59.1,61.0,0,0,24.66,22.82,84542,2,0,0,31.89
1209872,58.79,60.0,59.1,61.0,0,0,24.86,22.82,85042,2,0,0,31.89
1210378,58.79,60.0,59.1,61.0,0,0,24.86,22.82,85542,2,0,0,31.89
1210884,58.84,60.0,59.1,61.0,0,0,24.81,22.84,86042,2,0,0,31.9
1211390,58.8,60.0,59.1,61.0,0,0,24.88,22.84,86542,2,0,0,31.9
1211896,58.8,60.0,59.1,61.0,0,0,24.88,22.83,87042,2,0,0,31.9
1212402,58.8,60.0,59.1,61.0,0,0,24.88,22.83,87542,2,0,0,31.9
1212908,58.84,60.0,59.1,61.0,0,0,24.88,22.84,88042,2,0,0,31.9
1213414,58.89,60.0,59.1,61.0,0,0,24.95,22.85,88542,2,0,0,31.9
1213920,58.88,60.0,59.1,61.0,0,0,25.14,22.84,89042,2,0,0,31.89
1214426,58.88,60.0,59.1,61.0,0,0,25.14,22.84,89542,2,0,0,31.89
1214932,58.88,60.0,59.1,61.0,0,0,25.14,22.84,90042,2,0,0,31.89
1215438,58.89,60.0,59.1,61.0,0,0,25.28,22.84,90542,2,0,0,31.89
1215944,58.89,60.0,59.1,61.0,0,0,25.28,22.84,91042,2,0,0,31.89
1216450,58.95,60.0,59.1,61.0,0,0,25.28,22.84,91542,2,0,0,31.89
1216956,58.95,60.0,59.1,61.0,0,0,25.28,22.86,92042,2,0,0,31.89
1217462,58.95,60.0,59.1,61.0,0,0,25.28,22.86,92542,2,0,0,31.89
1217968,58.97,60.0,59.1,61.0,0,0,25.12,22.87,93042,2,0,0,31.89
1218474,58.97,60.0,59.1,61.0,0,0,25.12,22.87,93542,2,0,0,31.89
1218980,58.96,60.0,59.1,61.0,0,0,25.23,22.87,94042,2,0,0,31.89
1219486,58.96,60.0,59.1,61.0,0,0,25.23,22.86,94542,2,0,0,31.89
1219992,58.96,60.0,59.1,61.0,0,0,25.23,22.86,95042,2,0,0,31.89
1220498,59.04,60.0,59.1,61.0,0,0,25.25,22.86,95546,2,0,0,31.92
1221004,59.04,60.0,59.1,61.0,0,0,25.25,22.91,96046,2,0,0,31.92
1221510,59.06,60.0,59.1,61.0,0,0,25.43,22.91,96546,2,0,0,31.9
1222016,59.06,60.0,59.1,61.0,0,0,25.43,22.9,97046,2,0,0,31.9
1222522,59.05,60.0,59.1,61.0,0,0,25.47,22.9,97546,2,0,0,31.89
1223028,59.05,60.0,59.1,61.0,0,0,25.47,22.89,98046,2,0,0,31.89
1223534,59.07,60.0,59.1,61.0,0,0,25.39,22.91,98546,2,0,0,31.9
1224040,59.1,60.0,59.1,61.0,0,0,25.41,22.91,99046,2,0,0,31.9
1224556,59.1,60.0,59.1,61.0,1,0,25.5,22.91,0,2,0,0,31.89
1225062,59.1,60.0,59.1,61.0,1,0,25.5,22.9,500,2,0,0,31.89
1225568,59.12,60.0,59.1,61.0,1,0,25.5,22.91,1000,2,0,0,31.89
1226074,59.12,60.0,59.1,61.0,1,0,25.5,22.91,1500,2,0,0,31.89
1226580,59.12,60.0,59.1,61.0,1,0,25.5,22.91,2000,2,0,0,31.89
1227086,59.12,60.0,59.1,61.0,1,0,25.5,22.91,2500,2,0,0,31.89
1227592,59.17,60.0,59.1,61.0,1,0,25.56,22.92,3000,2,0,0,31.89
1228098,59.17,60.0,59.1,61.0,1,0,25.56,22.92,3503,2,0,0,31.89
1228604,59.16,60.0,59.1,61.0,1,0,25.3,22.93,4004,2,0,0,31.9
1229110,59.16,60.0,59.1,61.0,1,0,25.3,22.93,4504,2,0,0,31.9
1229616,59.17,60.0,59.1,61.0,1,0,25.45,22.94,5004,2,0,0,31.9
1230122,59.18,60.0,59.1,61.0,1,0,25.28,22.94,5504,2,0,0,31.89
1230628,59.2,60.0,59.1,61.0,1,0,25.43,22.93,6004,2,0,0,31.89
1231134,59.2,60.0,59.1,61.0,1,0,25.43,22.93,6504,2,0,0,31.89
1231640,59.22,60.0,59.1,61.0,1,0,25.45,22.95,7004,2,0,0,31.9
1232146,59.21,60.0,59.1,61.0,1,0,25.06,22.95,7504,2,0,0,31.92
1232652,59.25,60.0,59.1,61.0,1,0,25.08,22.96,8004,2,0,0,31.87
1233159,59.24,60.0,59.1,61.0,1,0,25.08,22.93,8504,2,0,0,31.92
1233666,59.24,60.0,59.1,61.0,1,0,25.08,22.97,9004,2,0,0,31.92
1234172,59.28,60.0,59.1,61.0,1,0,24.95,22.97,9504,2,0,0,31.89
1234678,59.28,60.0,59.1,61.0,1,0,24.95,22.95,10004,2,0,0,31.89
1235184,59.29,60.0,59.1,61.0,1,0,25.03,22.95,10504,2,0,0,31.9
1235690,59.27,60.0,59.1,61.0,1,0,24.7,22.97,11004,2,0,0,31.9
1236196,59.27,60.0,59.1,61.0,1,0,24.7,22.96,11504,2,0,0,31.9
1236717,59.26,60.0,59.1,61.0,1,0,24.55,22.96,12521,2,0,0,31.9
1237224,59.26,60.0,59.1,61.0,1,0,24.55,22.96,13021,2,0,0,31.9
1237730,59.26,60.0,59.1,61.0,1,0,24.55,22.96,13521,2,0,0,31.9
1238236,59.33,60.0,59.1,61.0,1,0,24.11,22.98,14021,2,0,0,31.9
1238742,59.33,60.0,59.1,61.0,1,0,24.11,22.98,14521,2,0,0,31.9
1239248,59.38,60.0,59.1,61.0,1,0,24.24,22.99,15021,2,0,0,31.9
1239754,59.38,60.0,59.1,61.0,1,0,24.24,22.99,15521,2,0,0,31.9
1240260,59.38,60.0,59.1,61.0,1,0,24.24,22.99,16021,2,0,0,31.9
1240766,59.36,60.0,59.1,61.0,1,0,23.89,22.97,16521,2,0,0,31.89
1241272,59.36,60.0,59.1,61.0,1,0,23.87,22.97,17021,2,0,0,31.92
1241778,59.36,60.0,59.1,61.0,1,0,23.87,23.0,17521,2,0,0,31.92
1242284,59.36,60.0,59.1,61.0,1,0,23.87,23.0,18021,2,0,0,31.92
1242790,59.36,60.0,59.1,61.0,1,0,23.87,23.0,18521,2,0,0,31.92
1243296,59.4,60.0,59.1,61.0,1,0,23.46,22.99,19021,2,0,0,31.89
1243802,59.4,60.0,59.1,61.0,1,0,23.46,22.99,19521,2,0,0,31.89
1244308,59.47,60.0,59.1,61.0,1,0,23.28,23.03,20021,2,0,0,31.92
1244814,59.47,60.0,59.1,61.0,1,0,23.28,23.03,20521,2,0,0,31.92
1245320,59.45,60.0,59.1,61.0,1,0,23.15,23.01,21021,2,0,0,31.9
1245826,59.45,60.0,59.1,61.0,1,0,23.15,23.01,21521,2,0,0,31.9
1246332,59.45,60.0,59.1,61.0,1,0,23.15,23.01,22021,2,0,0,31.9
1246838,59.45,60.0,59.1,61.0,1,0,23.15,23.01,22521,2,0,0,31.9
1247344,59.55,60.0,59.1,61.0,1,0,22.87,23.03,23029,2,0,0,31.89
1247850,59.55,60.0,59.1,61.0,1,0,22.87,23.03,23529,2,0,0,31.89
1248356,59.6,60.0,59.1,61.0,1,0,22.68,23.05,24029,2,0,0,31.9
1248862,59.61,60.0,59.1,61.0,1,0,22.35,23.04,24529,2,0,0,31.89
1249368,59.61,60.0,59.1,61.0,1,0,22.35,23.04,25029,2,0,0,31.89
1249875,59.61,60.0,59.1,61.0,1,0,22.35,23.04,25529,2,0,0,31.89
1250381,59.61,60.0,59.1,61.0,1,0,22.35,23.04,26029,2,0,0,31.89
1250887,59.7,60.0,59.1,61.0,1,0,22.42,23.08,26529,2,0,0,31.9
1251393,59.7,60.0,59.1,61.0,1,0,22.29,23.08,27029,2,0,0,31.9
1251899,59.7,60.0,59.1,61.0,1,0,22.29,23.08,27529,2,0,0,31.9
1252405,59.75,60.0,59.1,61.0,1,0,22.13,23.1,28029,2,0,0,31.9
1252911,59.81,60.0,59.1,61.0,1,0,21.81,23.1,28529,2,0,0,31.89
1253417,59.81,60.0,59.1,61.0,1,0,21.81,23.1,29029,2,0,0,31.89
1253923,59.82,60.0,59.1,61.0,1,0,21.85,23.1,29529,2,0,0,31.89
1254429,59.82,60.0,59.1,61.0,1,0,21.85,23.1,30029,2,0,0,31.89
1254935,59.88,60.0,59.1,61.0,1,0,21.68,23.1,30529,2,0,0,31.9
1255441,59.88,60.0,59.1,61.0,1,0,21.68,23.13,31029,2,0,0,31.9
1255947,59.91,60.0,59.1,61.0,1,0,21.79,23.14,31529,2,0,0,31.9
1256453,59.94,60.0,59.1,61.0,1,0,21.64,23.14,32029,2,0,0,31.92
1256959,59.94,60.0,59.1,61.0,1,0,21.64,23.16,32529,2,1,0,31.92
1257465,60.0,60.0,59.1,61.0,1,0,21.29,23.16,33029,2,1,0,31.9
1257971,60.0,60.0,59.1,61.0,1,0,21.29,23.16,33529,2,1,0,31.9
1258477,60.0,60.0,59.1,61.0,1,0,21.29,23.16,34029,2,1,0,31.9
1258983,60.03,60.0,59.1,61.0,1,0,21.16,23.15,34529,2,1,0,31.87
1259489,60.1,60.0,59.1,61.0,1,0,21.03,23.18,35029,2,1,0,31.89
1259995,60.1,60.0,59.1,61.0,1,0,21.03,23.18,35529,2,1,0,31.89
1260501,60.1,60.0,59.1,61.0,1,0,21.18,23.19,36029,2,1,0,31.9
1261007,60.1,60.0,59.1,61.0,1,0,20.94,23.19,36529,2,1,0,31.9
1261513,60.1,60.0,59.1,61.0,1,0,20.94,23.19,37032,2,1,0,31.9
1262019,60.1,60.0,59.1,61.0,1,0,20.94,23.19,37532,2,1,0,31.9
1262525,60.2,60.0,59.1,61.0,1,0,20.71,23.19,38032,2,1,0,31.9
1263031,60.2,60.0,59.1,61.0,1,0,20.71,23.22,38532,2,1,0,31.9
1263537,60.18,60.0,59.1,61.0,1,0,20.66,23.21,39032,2,1,0,31.9
1264043,60.18,60.0,59.1,61.0,1,0,20.66,23.21,39532,2,1,0,31.9
1264549,60.19,60.0,59.1,61.0,0,0,20.36,23.19,0,2,1,0,31.87
1265056,60.19,60.0,59.1,61.0,0,0,20.36,23.19,500,2,1,0,31.87
1265563,60.24,60.0,59.1,61.0,0,0,20.28,23.23,1000,2,1,0,31.9
1266069,60.24,60.0,59.1,61.0,0,0,20.77,23.23,1500,2,1,0,31.89
1266575,60.24,60.0,59.1,61.0,0,0,20.77,23.22,2000,2,1,0,31.89
1267081,60.26,60.0,59.1,61.0,0,0,20.0,23.22,2500,2,1,0,31.89
1267587,60.26,60.0,59.1,61.0,0,0,20.0,23.22,3000,2,1,0,31.89
1268093,60.22,60.0,59.1,61.0,0,0,19.97,23.22,3500,2,1,0,31.9
1268599,60.22,60.0,59.1,61.0,0,0,19.97,23.22,4000,2,1,0,31.9
1269105,60.22,60.0,59.1,61.0,0,0,19.97,23.22,4500,2,1,0,31.9
1269611,60.24,60.0,59.1,61.0,0,0,19.91,23.22,5000,2,1,0,31.89
1270117,60.24,60.0,59.1,61.0,0,0,19.91,23.22,5500,2,1,0,31.89
1270623,60.22,60.0,59.1,61.0,0,0,19.91,23.22,6000,2,1,0,31.9
1271129,60.2,60.0,59.1,61.0,0,0,19.76,23.22,6500,2,1,0,31.9
1271635,60.2,60.0,59.1,61.0,0,0,19.76,23.22,7000,2,1,0,31.9
1272141,60.2,60.0,59.1,61.0,0,0,19.76,23.22,7500,2,1,0,31.9
1272648,60.11,60.0,59.1,61.0,0,0,20.1,23.22,8000,2,1,0,31.87
1273154,60.14,60.0,59.1,61.0,0,0,19.87,23.17,8500,2,1,0,31.9
1273660,60.14,60.0,59.1,61.0,0,0,19.87,23.2,9000,2,1,0,31.9
1274166,60.14,60.0,59.1,61.0,0,0,19.87,23.2,9500,2,1,0,31.9
1274672,60.12,60.0,59.1,61.0,0,0,19.61,23.19,10000,2,1,0,31.89
1275178,60.12,60.0,59.1,61.0,0,0,19.61,23.19,10500,2,1,0,31.89
1275684,60.1,60.0,59.1,61.0,0,0,20.1,23.18,11000,2,1,0,31.89
1276190,60.06,60.0,59.1,61.0,0,0,20.36,23.18,11500,2,1,0,31.89
1276696,60.06,60.0,59.1,61.0,0,0,20.36,23.17,12000,2,1,0,31.89
1277202,60.01,60.0,59.1,61.0,0,0,20.4,23.17,12500,2,1,0,31.89
1277708,59.99,60.0,59.1,61.0,0,0,20.23,23.16,13000,2,1,0,31.89
1278214,59.99,60.0,59.1,61.0,0,0,20.23,23.15,13500,2,1,0,31.89
1278720,59.91,60.0,59.1,61.0,0,0,20.17,23.15,14000,2,1,0,31.89
1279226,59.88,60.0,59.1,61.0,0,0,20.4,23.13,14500,2,1,0,31.87
1279732,59.91,60.0,59.1,61.0,0,0,20.02,23.1,15004,2,1,0,31.89
1280238,59.91,60.0,59.1,61.0,0,0,20.02,23.13,16010,2,1,0,31.89
1280744,59.87,60.0,59.1,61.0,0,0,20.69,23.09,16510,2,1,0,31.86
1281250,59.83,60.0,59.1,61.0,0,0,20.56,23.12,17010,2,1,0,31.9
1281756,59.83,60.0,59.1,61.0,0,0,20.56,23.12,17510,2,1,0,31.9
1282262,59.83,60.0,59.1,61.0,0,0,20.56,23.12,18010,2,1,0,31.9
1282768,59.75,60.0,59.1,61.0,0,0,20.66,23.07,18510,2,1,0,31.87
1283274,59.75,60.0,59.1,61.0,0,0,20.66,23.07,19010,2,1,0,31.87
1283780,59.75,60.0,59.1,61.0,0,0,20.66,23.07,19510,2,1,0,31.87
1284286,59.71,60.0,59.1,61.0,1,0,20.92,23.07,0,2,1,0,31.89
1284792,59.65,60.0,59.1,61.0,1,0,20.86,23.05,500,2,1,0,31.89
1285298,59.59,60.0,59.1,61.0,1,0,20.99,23.04,1000,2,1,0,31.89
1285804,59.59,60.0,59.1,61.0,1,0,20.99,23.04,1500,2,1,0,31.89
1286310,59.59,60.0,59.1,61.0,1,0,21.1,23.05,2000,2,1,0,31.9
1286816,59.56,60.0,59.1,61.0,1,0,21.14,23.04,2500,2,1,0,31.9
1287322,59.56,60.0,59.1,61.0,1,0,21.14,23.04,3000,2,1,0,31.9
1287828,59.49,60.0,59.1,61.0,1,0,21.1,23.01,3500,2,1,0,31.89
1288334,59.48,60.0,59.1,61.0,1,0,21.1,22.99,4000,2,1,0,31.87
1288840,59.48,60.0,59.1,61.0,1,0,21.1,22.99,4500,2,1,0,31.87
1289346,59.38,60.0,59.1,61.0,1,0,21.12,22.95,5000,2,1,0,31.86
1289852,59.41,60.0,59.1,61.0,1,0,21.1,22.99,5500,2,1,0,31.89
1290358,59.41,60.0,59.1,61.0,1,0,21.1,22.99,6000,2,1,0,31.89
1290864,59.41,60.0,59.1,61.0,1,0,21.1,22.99,6500,2,1,0,31.89
1291370,59.38,60.0,59.1,61.0,1,0,21.03,22.97,7000,2,1,0,31.87
1291876,59.34,60.0,59.1,61.0,1,0,20.99,22.97,7500,2,1,0,31.89
1292382,59.34,60.0,59.1,61.0,1,0,20.99,22.97,8000,2,1,0,31.89
1292888,59.27,60.0,59.1,61.0,1,0,21.22,22.93,8500,2,1,0,31.87
1293396,59.27,60.0,59.1,61.0,1,0,21.22,22.93,9000,2,1,0,31.87
1293903,59.27,60.0,59.1,61.0,1,0,21.22,22.93,9500,2,1,0,31.87
1294409,59.27,60.0,59.1,61.0,1,0,20.73,22.93,10000,2,1,0,31.89
1294915,59.26,60.0,59.1,61.0,1,0,20.69,22.95,10500,2,1,0,31.89
1295421,59.26,60.0,59.1,61.0,1,0,20.69,22.95,11000,2,1,0,31.89
1295927,59.22,60.0,59.1,61.0,1,0,20.77,22.94,11500,2,1,0,31.89
1296433,59.16,60.0,59.1,61.0,1,0,20.73,22.94,12000,2,1,0,31.9
1296939,59.16,60.0,59.1,61.0,1,0,20.73,22.93,12500,2,1,0,31.9
1297445,59.15,60.0,59.1,61.0,1,0,20.28,22.91,13015,2,1,0,31.89
1297951,59.15,60.0,59.1,61.0,1,0,20.28,22.91,13515,2,1,0,31.89
1298457,59.15,60.0,59.1,61.0,1,0,20.28,22.91,14015,2,1,0,31.89
1298963,59.15,60.0,59.1,61.0,1,0,20.28,22.91,14515,2,1,0,31.89
1299469,59.08,60.0,59.1,61.0,1,0,20.3,22.88,15015,2,1,0,31.87
1299975,59.08,60.0,59.1,61.0,1,0,20.3,22.88,15515,2,1,0,31.87
1300481,59.12,60.0,59.1,61.0,1,0,19.61,22.91,16015,2,1,0,31.89
1300987,59.09,60.0,59.1,61.0,1,0,20.12,22.91,16515,2,1,0,31.87
1301493,59.09,60.0,59.1,61.0,1,0,20.12,22.89,17015,2,1,0,31.87
1301999,59.06,60.0,59.1,61.0,1,0,20.04,22.89,17515,2,1,0,31.89
1302505,59.06,60.0,59.1,61.0,1,0,20.04,22.89,18015,2,1,0,31.89
1303011,59.0,60.0,59.1,61.0,1,0,19.87,22.87,18515,2,1,0,31.89
1303517,59.0,60.0,59.1,61.0,1,0,19.87,22.87,19018,2,1,0,31.89
1304023,59.0,60.0,59.1,61.0,1,0,19.87,22.87,19518,2,1,0,31.89
1304529,59.03,60.0,59.1,61.0,1,0,19.72,22.87,20018,2,1,0,31.87
1305035,58.97,60.0,59.1,61.0,1,0,19.63,22.87,20518,2,1,0,31.87
1305542,59.0,60.0,59.1,61.0,1,0,19.48,22.85,21018,2,1,0,31.89
1306049,59.0,60.0,59.1,61.0,1,0,19.48,22.87,21518,2,1,0,31.89
1306555,58.95,60.0,59.1,61.0,1,0,19.52,22.87,22018,2,1,0,31.9
1307061,58.95,60.0,59.1,61.0,1,0,19.52,22.87,22518,2,1,0,31.9
1307567,58.96,60.0,59.1,61.0,1,0,19.33,22.88,23018,2,1,0,31.9
1308073,58.96,60.0,59.1,61.0,1,0,18.51,22.88,23518,2,1,0,31.89
1308579,58.96,60.0,59.1,61.0,1,0,18.51,22.86,24018,2,1,0,31.89
1309085,58.93,60.0,59.1,61.0,1,0,19.13,22.86,24518,2,1,0,31.89
1309601,58.93,60.0,59.1,61.0,1,0,19.07,22.86,25018,2,1,0,31.89
1310108,58.93,60.0,59.1,61.0,1,0,19.07,22.86,25518,2,1,0,31.89
1310614,58.88,60.0,59.1,61.0,1,0,19.09,22.83,26018,2,1,0,31.87
1311120,58.88,60.0,59.1,61.0,1,0,19.09,22.83,26518,2,1,0,31.87
1311626,58.89,60.0,59.1,61.0,1,0,18.83,22.85,27018,2,1,0,31.9
1312132,58.83,60.0,59.1,61.0,1,0,18.94,22.85,27518,2,1,0,31.89
1312638,58.83,60.0,59.1,61.0,1,0,18.94,22.83,28018,2,1,0,31.89
1313158,58.81,60.0,59.1,61.0,1,0,18.68,22.83,28520,2,1,0,31.87
1313665,58.81,60.0,59.1,61.0,1,0,18.68,22.8,29020,2,1,0,31.87
1314171,58.81,60.0,59.1,61.0,1,0,18.68,22.8,29520,2,1,0,31.87
1314677,58.81,60.0,59.1,61.0,1,0,18.68,22.8,30020,2,1,0,31.87
1315183,58.71,60.0,59.1,61.0,1,0,18.62,22.8,30520,2,1,0,31.87
1315689,58.71,60.0,59.1,61.0,1,0,18.62,22.78,31020,2,1,0,31.87
1316195,58.71,60.0,59.1,61.0,1,0,18.62,22.78,31520,2,1,0,31.87
1316701,58.68,60.0,59.1,61.0,1,0,18.27,22.78,32020,2,1,0,31.89
1317207,58.68,60.0,59.1,61.0,1,0,18.27,22.78,32520,2,1,0,31.89
1317713,58.68,60.0,59.1,61.0,1,0,18.27,22.78,33020,2,1,0,31.89
1318219,58.68,60.0,59.1,61.0,1,0,18.27,22.78,33520,2,1,0,31.89
1318725,58.58,60.0,59.1,61.0,1,0,17.58,22.78,34020,2,1,0,31.89
1319231,58.58,60.0,59.1,61.0,1,0,17.58,22.76,34520,2,1,0,31.89
1319737,58.58,60.0,59.1,61.0,1,0,17.58,22.76,35020,2,1,0,31.89
1320243,58.58,60.0,59.1,61.0,1,0,18.08,22.76,35520,2,1,0,31.9
1320749,58.47,60.0,59.1,61.0,1,0,17.93,22.77,36020,2,1,0,31.87
1321255,58.44,60.0,59.1,61.0,1,0,17.91,22.71,36520,2,1,0,31.87
1321761,58.44,60.0,59.1,61.0,1,0,17.91,22.7,37523,2,1,0,31.87
1322267,58.41,60.0,59.1,61.0,1,0,17.78,22.69,38023,2,1,0,31.87
1322773,58.4,60.0,59.1,61.0,1,0,17.73,22.68,38523,2,1,0,31.86
1323279,58.32,60.0,59.1,61.0,1,0,17.84,22.68,39023,2,1,0,31.89
1323785,58.32,60.0,59.1,61.0,1,0,17.84,22.68,39523,2,1,0,31.89
1324291,58.32,60.0,59.1,61.0,0,0,17.58,22.67,0,2,1,0,31.87
1324797,58.32,60.0,59.1,61.0,0,0,17.58,22.67,500,2,1,0,31.87
1325303,58.26,60.0,59.1,61.0,0,0,17.43,22.64,1000,2,1,0,31.86
1325809,58.2,60.0,59.1,61.0,0,0,17.37,22.63,1500,2,1,0,31.87
1326315,58.2,60.0,59.1,61.0,0,0,17.37,22.63,2000,2,1,0,31.87
1326836,58.11,60.0,59.1,61.0,0,0,17.41,22.63,2500,2,1,0,31.89
1327343,58.11,60.0,59.1,61.0,0,0,17.41,22.62,3000,2,1,0,31.89
1327849,58.11,60.0,59.1,61.0,0,0,17.41,22.62,3500,2,1,0,31.89
1328355,58.02,60.0,59.1,61.0,0,0,17.22,22.62,4000,2,1,0,31.89
1328861,58.02,60.0,59.1,61.0,0,0,17.22,22.6,4500,2,1,0,31.89
1329367,58.02,60.0,59.1,61.0,0,0,17.22,22.6,5000,2,1,0,31.89
1329873,58.02,60.0,59.1,61.0,0,0,17.22,22.6,5503,2,1,0,31.89
1330379,57.87,60.0,59.1,61.0,0,0,17.32,22.52,6005,2,1,0,31.85
1330885,57.88,60.0,59.1,61.0,0,0,16.66,22.54,6506,2,1,0,31.87
1331391,57.76,60.0,59.1,61.0,0,0,17.48,22.54,7006,2,1,0,31.87
1331897,57.76,60.0,59.1,61.0,0,0,17.48,22.51,7506,2,1,0,31.87
1332403,57.75,60.0,59.1,61.0,0,0,17.41,22.51,8006,2,1,0,31.87
1332909,57.64,60.0,59.1,61.0,0,0,17.5,22.51,8506,2,1,0,31.89
1333415,57.64,60.0,59.1,61.0,0,0,17.5,22.49,9006,2,1,0,31.89
1333921,57.64,60.0,59.1,61.0,0,0,17.5,22.49,9506,2,1,0,31.89
1334427,57.55,60.0,59.1,61.0,0,0,17.45,22.45,10006,2,1,0,31.87
1334933,57.55,60.0,59.1,61.0,0,0,17.6,22.45,10506,2,1,0,31.87
1335439,57.55,60.0,59.1,61.0,0,0,17.6,22.45,11006,2,1,0,31.87
1335945,57.43,60.0,59.1,61.0,0,0,17.82,22.45,11506,2,1,0,31.89
1336451,57.43,60.0,59.1,61.0,0,0,17.82,22.43,12006,2,1,0,31.89
1336957,57.43,60.0,59.1,61.0,0,0,17.82,22.43,12508,2,1,0,31.89
1337463,57.33,60.0,59.1,61.0,0,0,17.76,22.36,13009,2,1,0,31.85
1337969,57.33,60.0,59.1,61.0,0,0,17.76,22.36,13509,2,1,0,31.85
1338475,57.24,60.0,59.1,61.0,0,0,18.1,22.37,14009,2,1,0,31.89
1338981,57.24,60.0,59.1,61.0,0,0,18.1,22.37,14509,2,1,0,31.89
1339487,57.24,60.0,59.1,61.0,0,0,18.1,22.37,15009,2,1,0,31.89
1339993,57.11,60.0,59.1,61.0,0,0,18.14,22.32,15509,2,1,0,31.87
1340499,57.12,60.0,59.1,61.0,0,0,18.19,22.32,16009,2,1,0,31.86
1341019,57.04,60.0,59.1,61.0,0,0,18.38,22.31,16509,2,1,0,31.87
1341526,57.04,60.0,59.1,61.0,0,0,18.38,22.3,17009,2,1,0,31.87
1342032,56.98,60.0,59.1,61.0,0,0,18.81,22.28,17509,2,1,0,31.87
1342538,56.98,60.0,59.1,61.0,0,0,18.81,22.28,18009,2,1,0,31.87
1343044,56.98,60.0,59.1,61.0,0,0,18.81,22.28,18509,2,1,0,31.87
1343550,56.87,60.0,59.1,61.0,0,0,18.77,22.24,19009,2,1,0,31.86
1344056,56.83,60.0,59.1,61.0,0,0,18.38,22.23,19525,2,1,0,31.86
1344562,56.8,60.0,59.1,61.0,0,0,18.81,22.23,20025,2,1,0,31.89
1345068,56.8,60.0,59.1,61.0,0,0,18.81,22.25,20525,2,1,0,31.89
1345574,56.8,60.0,59.1,61.0,0,0,18.81,22.25,21025,2,1,0,31.89
1346080,56.8,60.0,59.1,61.0,0,0,18.81,22.25,21525,2,1,0,31.89
1346586,56.66,60.0,59.1,61.0,0,0,18.9,22.25,22025,2,1,0,31.86
1347092,56.66,60.0,59.1,61.0,0,0,18.9,22.18,22525,2,1,0,31.86
1347598,56.62,60.0,59.1,61.0,0,0,19.18,22.18,23025,2,1,0,31.87
1348104,56.62,60.0,59.1,61.0,0,0,19.18,22.18,23525,2,1,0,31.87
1348610,56.6,60.0,59.1,61.0,0,0,19.28,22.18,24025,2,1,0,31.85
1349116,56.6,60.0,59.1,61.0,0,0,19.28,22.15,24525,2,1,0,31.85
1349622,56.6,60.0,59.1,61.0,0,0,19.28,22.15,25025,2,1,0,31.85
1350128,56.52,60.0,59.1,61.0,0,0,19.52,22.13,25525,2,1,0,31.85
1350634,56.51,60.0,59.1,61.0,0,0,19.52,22.13,26025,2,1,0,31.86
1351140,56.51,60.0,59.1,61.0,0,0,19.52,22.14,26525,2,1,0,31.86
1351646,56.46,60.0,59.1,61.0,0,0,19.65,22.14,27025,2,1,0,31.86
1352152,56.41,60.0,59.1,61.0,0,0,19.67,22.12,27525,2,1,0,31.86
1352658,56.41,60.0,59.1,61.0,0,0,19.67,22.11,28025,2,1,0,31.86
1353164,56.41,60.0,59.1,61.0,0,0,19.67,22.11,28525,2,1,0,31.86
1353670,56.41,60.0,59.1,61.0,0,0,19.67,22.11,29025,2,1,0,31.86
1354176,56.33,60.0,59.1,61.0,0,0,19.39,22.11,29525,2,1,0,31.85
1354682,56.32,60.0,59.1,61.0,0,0,20.06,22.07,30025,2,1,0,31.87
1355188,56.32,60.0,59.1,61.0,0,0,20.06,22.09,30525,2,1,0,31.87
1355694,56.29,60.0,59.1,61.0,0,0,20.17,22.09,31025,2,1,0,31.86
1356200,56.29,60.0,59.1,61.0,0,0,20.17,22.07,31525,2,1,0,31.86
1356706,56.29,60.0,59.1,61.0,0,0,20.1,22.07,32025,2,1,0,31.86
1357212,56.29,60.0,59.1,61.0,0,0,20.1,22.07,32525,2,1,0,31.86
1357718,56.29,60.0,59.1,61.0,0,0,20.1,22.07,33025,2,1,0,31.86
1358224,56.22,60.0,59.1,61.0,0,0,20.23,22.06,33525,2,1,0,31.87
1358730,56.22,60.0,59.1,61.0,0,0,19.67,22.06,34025,2,1,0,31.86
1359238,56.22,60.0,59.1,61.0,0,0,19.67,22.05,34525,2,1,0,31.86
1359744,56.22,60.0,59.1,61.0,0,0,19.67,22.05,35025,2,1,0,31.86
1360250,56.21,60.0,59.1,61.0,0,0,20.4,22.05,35525,2,1,0,31.87
1360756,56.2,60.0,59.1,61.0,0,0,20.47,22.06,36025,2,1,0,31.87
1361262,56.2,60.0,59.1,61.0,0,0,20.47,22.06,36525,2,1,0,31.87
1361768,56.2,60.0,59.1,61.0,0,0,20.47,22.06,37025,2,1,0,31.87
1362274,56.2,60.0,59.1,61.0,0,0,20.47,22.06,37526,2,1,0,31.87
1362780,56.16,60.0,59.1,61.0,0,0,20.62,22.06,38026,2,1,0,31.86
1363286,56.16,60.0,59.1,61.0,0,0,20.62,22.03,38526,2,0,0,31.86
1363792,56.16,60.0,59.1,61.0,0,0,20.81,22.03,39531,2,0,0,31.86
1364298,56.16,60.0,59.1,61.0,0,0,20.81,22.03,40031,2,0,0,31.86
1364804,56.18,60.0,59.1,61.0,0,0,20.97,22.05,40531,2,0,0,31.87
1365310,56.16,60.0,59.1,61.0,0,0,20.94,22.03,41031,2,0,0,31.86
1365816,56.16,60.0,59.1,61.0,0,0,20.94,22.03,41531,2,0,0,31.86
1366322,56.16,60.0,59.1,61.0,0,0,21.16,22.05,42031,2,0,0,31.87
1366828,56.16,60.0,59.1,61.0,0,0,21.16,22.05,42531,2,0,0,31.87
1367334,56.17,60.0,59.1,61.0,0,0,21.12,22.04,43031,2,0,0,31.86
1367840,56.17,60.0,59.1,61.0,0,0,21.12,22.04,43531,2,0,0,31.86
1368346,56.19,60.0,59.1,61.0,0,0,21.25,22.07,44035,2,0,0,31.89
1368852,56.19,60.0,59.1,61.0,0,0,21.25,22.07,44535,2,0,0,31.89
1369358,56.17,60.0,59.1,61.0,0,0,21.29,22.04,45035,2,0,0,31.86
1369864,56.14,60.0,59.1,61.0,0,0,21.33,22.02,45535,2,0,0,31.85
1370370,56.14,60.0,59.1,61.0,0,0,21.33,22.02,46035,2,0,0,31.85
1370876,56.22,60.0,59.1,61.0,0,0,21.64,22.04,46535,2,0,0,31.85
1371382,56.22,60.0,59.1,61.0,0,0,21.64,22.04,47035,2,0,0,31.85
1371888,56.17,60.0,59.1,61.0,0,0,21.38,22.04,47535,2,0,0,31.86
1372394,56.19,60.0,59.1,61.0,0,0,21.72,22.03,48035,2,0,0,31.85
1372900,56.17,60.0,59.1,61.0,0,0,21.64,22.02,48535,2,0,0,31.85
1373406,56.17,60.0,59.1,61.0,0,0,21.64,22.02,49035,2,0,0,31.85
1373912,56.21,60.0,59.1,61.0,0,0,21.83,22.06,49535,2,0,0,31.87
1374418,56.2,60.0,59.1,61.0,0,0,21.9,22.06,50035,2,0,0,31.87
1374931,56.22,60.0,59.1,61.0,0,0,21.81,22.06,50535,2,0,0,31.83
1375438,56.22,60.0,59.1,61.0,0,0,21.81,22.02,51035,2,0,0,31.83
1375944,56.22,60.0,59.1,61.0,0,0,21.81,22.02,51535,2,0,0,31.83
1376450,56.22,60.0,59.1,61.0,0,0,21.81,22.02,52035,2,0,0,31.83
1376956,56.21,60.0,59.1,61.0,0,0,21.96,22.06,52535,2,0,0,31.87
1377462,56.23,60.0,59.1,61.0,0,0,22.31,22.06,53037,2,0,0,31.86
1377968,56.23,60.0,59.1,61.0,0,0,22.31,22.06,53537,2,0,0,31.86
1378474,56.25,60.0,59.1,61.0,0,0,22.2,22.06,54037,2,0,0,31.86
1378980,56.21,60.0,59.1,61.0,0,0,22.42,22.05,54537,2,0,0,31.86
1379487,56.23,60.0,59.1,61.0,0,0,22.24,22.05,55037,2,0,0,31.86
1379994,56.23,60.0,59.1,61.0,0,0,22.24,22.06,55537,2,0,0,31.86
1380500,56.28,60.0,59.1,61.0,0,0,22.35,22.07,56037,2,0,0,31.86
1381006,56.28,60.0,59.1,61.0,0,0,22.35,22.07,56537,2,0,0,31.86
1381512,56.27,60.0,59.1,61.0,0,0,22.63,22.08,57037,2,0,0,31.87
1382018,56.27,60.0,59.1,61.0,0,0,22.63,22.08,57537,2,0,0,31.87
1382524,56.27,60.0,59.1,61.0,0,0,22.63,22.08,58037,2,0,0,31.87
1383030,56.27,60.0,59.1,61.0,0,0,22.63,22.08,58537,2,0,0,31.87
1383536,56.35,60.0,59.1,61.0,0,0,22.63,22.08,59037,2,0,0,31.87
1384042,56.35,60.0,59.1,61.0,0,0,22.63,22.1,59537,2,0,0,31.87
1384548,56.35,60.0,59.1,61.0,0,0,22.63,22.1,60037,2,0,0,31.87
1385054,56.32,60.0,59.1,61.0,0,0,22.72,22.08,60537,2,0,0,31.86
1385560,56.33,60.0,59.1,61.0,0,0,22.68,22.08,61037,2,0,0,31.86
1386066,56.36,60.0,59.1,61.0,0,0,22.72,22.08,61537,2,0,0,31.89
1386572,56.36,60.0,59.1,61.0,0,0,22.72,22.12,62037,2,0,0,31.89
1387078,56.37,60.0,59.1,61.0,0,0,22.85,22.11,62537,2,0,0,31.87
1387584,56.37,60.0,59.1,61.0,0,0,22.85,22.11,63037,2,0,0,31.87
1388090,56.37,60.0,59.1,61.0,0,0,22.85,22.11,63537,2,0,0,31.87
1388596,56.44,60.0,59.1,61.0,0,0,22.91,22.13,64037,2,0,0,31.87
1389102,56.46,60.0,59.1,61.0,0,0,23.59,22.13,64537,2,0,0,31.87
1389608,56.46,60.0,59.1,61.0,0,0,23.59,22.13,65037,2,0,0,31.87
1390114,56.47,60.0,59.1,61.0,0,0,23.0,22.14,65537,2,0,0,31.87
1390620,56.47,60.0,59.1,61.0,0,0,23.0,22.14,66037,2,0,0,31.87
1391126,56.47,60.0,59.1,61.0,0,0,23.0,22.14,66540,2,0,0,31.87
1391632,56.51,60.0,59.1,61.0,0,0,23.28,22.14,67040,2,0,0,31.87
1392138,56.51,60.0,59.1,61.0,0,0,23.28,22.15,67540,2,0,0,31.87
1392644,56.51,60.0,59.1,61.0,0,0,23.28,22.15,68040,2,0,0,31.87
1393150,56.52,60.0,59.1,61.0,0,0,23.31,22.14,68540,2,0,0,31.86
1393656,56.51,60.0,59.1,61.0,0,0,23.31,22.14,69040,2,0,0,31.86
1394162,56.51,60.0,59.1,61.0,0,0,23.31,22.14,69540,2,0,0,31.86
1394668,56.51,60.0,59.1,61.0,0,0,23.31,22.14,70040,2,0,0,31.86
1395174,56.51,60.0,59.1,61.0,0,0,23.31,22.14,70540,2,0,0,31.86
1395680,56.51,60.0,59.1,61.0,0,0,23.31,22.14,71040,2,0,0,31.86
1396186,56.6,60.0,59.1,61.0,0,0,23.57,22.19,71540,2,0,0,31.89
1396692,56.59,60.0,59.1,61.0,0,0,23.59,22.16,72046,2,0,0,31.86
1397198,56.65,60.0,59.1,61.0,0,0,23.59,22.16,72546,2,0,0,31.86
1397704,56.69,60.0,59.1,61.0,0,0,23.37,22.18,73046,2,0,0,31.87
1398211,56.68,60.0,59.1,61.0,0,0,23.46,22.2,73546,2,0,0,31.86
1398718,56.68,60.0,59.1,61.0,0,0,23.46,22.19,74046,2,0,0,31.86
1399224,56.68,60.0,59.1,61.0,0,0,23.65,22.19,74546,2,0,0,31.86
1399730,56.68,60.0,59.1,61.0,0,0,23.65,22.19,75046,2,0,0,31.86
1400236,56.7,60.0,59.1,61.0,0,0,23.74,22.19,75546,2,0,0,31.86
1400742,56.7,60.0,59.1,61.0,0,0,23.74,22.19,76046,2,0,0,31.86
1401248,56.7,60.0,59.1,61.0,0,0,23.74,22.19,76546,2,0,0,31.86
1401754,56.75,60.0,59.1,61.0,0,0,23.85,22.19,77046,2,0,0,31.89
1402261,56.83,60.0,59.1,61.0,0,0,23.92,22.23,77546,2,0,0,31.86
1402768,56.83,60.0,59.1,61.0,0,0,23.92,22.23,78046,2,0,0,31.86
1403274,56.77,60.0,59.1,61.0,0,0,24.0,22.23,78546,2,0,0,31.86
1403780,56.77,60.0,59.1,61.0,0,0,24.0,22.21,79046,2,0,0,31.86
1404286,56.81,60.0,59.1,61.0,0,0,23.74,22.21,79546,2,0,0,31.87
1404792,56.82,60.0,59.1,61.0,0,0,23.98,22.24,80046,2,0,0,31.87
1405298,56.82,60.0,59.1,61.0,0,0,23.98,22.24,80546,2,0,0,31.87
1405804,56.86,60.0,59.1,61.0,0,0,23.81,22.24,81046,2,0,0,31.86
1406310,56.86,60.0,59.1,61.0,0,0,23.81,22.24,82049,2,0,0,31.86
1406816,56.86,60.0,59.1,61.0,0,0,23.81,22.24,82549,2,0,0,31.86
1407322,56.9,60.0,59.1,61.0,0,0,24.29,22.28,83049,2,0,0,31.89
1407828,56.89,60.0,59.1,61.0,0,0,24.24,22.25,83549,2,0,0,31.86
1408334,56.96,60.0,59.1,61.0,0,0,24.27,22.28,84049,2,0,0,31.87
1408840,56.96,60.0,59.1,61.0,0,0,24.27,22.28,84549,2,0,0,31.87
1409346,56.96,60.0,59.1,61.0,0,0,24.27,22.28,85049,2,0,0,31.87
1409852,56.96,60.0,59.1,61.0,0,0,24.27,22.28,85549,2,0,0,31.87
1410358,57.01,60.0,59.1,61.0,0,0,24.51,22.27,86049,2,0,0,31.85
1410864,57.02,60.0,59.1,61.0,0,0,24.53,22.27,86549,2,0,0,31.86
1411370,57.02,60.0,59.1,61.0,0,0,24.53,22.28,87049,2,0,0,31.86
1411876,57.02,60.0,59.1,61.0,0,0,24.53,22.28,87549,2,0,0,31.86
1412382,57.05,60.0,59.1,61.0,0,0,24.35,22.32,88049,2,0,0,31.89
1412889,57.05,60.0,59.1,61.0,0,0,24.35,22.32,88549,2,0,0,31.89
1413396,57.06,60.0,59.1,61.0,0,0,24.38,22.3,89049,2,0,0,31.86
1413902,57.06,60.0,59.1,61.0,0,0,24.38,22.3,89549,2,0,0,31.86
1414408,57.14,60.0,59.1,61.0,0,0,24.9,22.32,90049,2,0,0,31.86
1414914,57.12,60.0,59.1,61.0,0,0,24.6,22.32,90549,2,0,0,31.86
1415420,57.12,60.0,59.1,61.0,0,0,24.6,22.31,91049,2,0,0,31.86
1415926,57.15,60.0,59.1,61.0,0,0,24.7,22.32,91549,2,0,0,31.86
1416432,57.2,60.0,59.1,61.0,0,0,24.75,22.32,92049,2,0,0,31.87
1416941,57.2,60.0,59.1,61.0,0,0,24.75,22.35,92549,2,0,0,31.87
1417447,57.2,60.0,59.1,61.0,0,0,24.75,22.35,93049,2,0,0,31.87
1417953,57.2,60.0,59.1,61.0,0,0,24.75,22.35,93549,2,0,0,31.87
1418459,57.2,60.0,59.1,61.0,0,0,24.75,22.35,94050,2,0,0,31.87
1418965,57.21,60.0,59.1,61.0,0,0,24.9,22.35,94550,2,0,0,31.87
1419471,57.21,60.0,59.1,61.0,0,0,24.9,22.35,95050,2,0,0,31.87
1419978,57.23,60.0,59.1,61.0,0,0,24.95,22.35,95550,2,0,0,31.87
1420484,57.23,60.0,59.1,61.0,0,0,24.95,22.36,96050,2,0,0,31.87
1420990,57.27,60.0,59.1,61.0,0,0,25.14,22.38,96550,2,0,0,31.89
1421496,57.3,60.0,59.1,61.0,0,0,25.56,22.38,97050,2,0,0,31.87
1422002,57.3,60.0,59.1,61.0,0,0,25.56,22.38,97550,2,0,0,31.87
1422508,57.32,60.0,59.1,61.0,0,0,25.08,22.38,98050,2,0,0,31.86
1423014,57.32,60.0,59.1,61.0,0,0,25.08,22.37,98550,2,0,0,31.86
1423520,57.31,60.0,59.1,61.0,0,0,25.12,22.37,99053,2,0,0,31.87
1424026,57.31,60.0,59.1,61.0,0,0,25.12,22.38,99553,2,0,0,31.87
1424532,57.31,60.0,59.1,61.0,0,0,25.12,22.38,100053,2,0,0,31.87
1425038,57.31,60.0,59.1,61.0,0,0,25.12,22.38,100553,2,0,0,31.87
1425544,57.31,60.0,59.1,61.0,0,0,25.12,22.38,101053,2,0,0,31.87
1426050,57.31,60.0,59.1,61.0,0,0,25.12,22.38,101553,2,0,0,31.87
1426556,57.31,60.0,59.1,61.0,0,0,25.12,22.38,102053,2,0,0,31.87
1427062,57.31,60.0,59.1,61.0,0,0,25.12,22.38,102556,2,0,0,31.87
1427568,57.43,60.0,59.1,61.0,0,0,25.21,22.41,103057,2,0,0,31.87
1428074,57.46,60.0,59.1,61.0,0,0,25.3,22.41,103557,2,0,0,31.87
1428580,57.46,60.0,59.1,61.0,0,0,25.3,22.42,104057,2,0,0,31.87
1429087,57.48,60.0,59.1,61.0,0,0,25.34,22.43,104557,2,0,0,31.87
1429593,57.47,60.0,59.1,61.0,0,0,25.36,22.45,105057,2,0,0,31.9
1430099,57.47,60.0,59.1,61.0,0,0,25.36,22.45,105557,2,0,0,31.9
1430605,57.52,60.0,59.1,61.0,0,0,25.54,22.43,106057,2,0,0,31.86
1431111,57.52,60.0,59.1,61.0,0,0,25.54,22.43,106557,2,0,0,31.86
1431617,57.54,60.0,59.1,61.0,0,0,25.43,22.45,107057,2,0,0,31.87
1432123,57.54,60.0,59.1,61.0,0,0,25.56,22.47,107557,2,0,0,31.9
1432629,57.54,60.0,59.1,61.0,0,0,25.56,22.47,108057,2,0,0,31.9
1433135,57.53,60.0,59.1,61.0,0,0,25.43,22.47,108557,2,0,0,31.89
1433641,57.53,60.0,59.1,61.0,0,0,25.43,22.46,109057,2,0,0,31.89
1434147,57.6,60.0,59.1,61.0,0,0,25.65,22.46,109557,2,0,0,31.89
1434653,57.6,60.0,59.1,61.0,0,0,25.89,22.48,110057,2,0,0,31.89
1435159,57.6,60.0,59.1,61.0,0,0,25.89,22.48,110557,2,0,0,31.89
1435665,57.62,60.0,59.1,61.0,0,0,25.54,22.47,111057,2,0,0,31.87
1436171,57.62,60.0,59.1,61.0,0,0,25.36,22.47,111557,2,0,0,31.9
1436677,57.62,60.0,59.1,61.0,0,0,25.36,22.5,112058,2,0,0,31.9
1437183,57.63,60.0,59.1,61.0,0,0,25.74,22.5,112558,2,0,0,31.9
1437703,57.68,60.0,59.1,61.0,0,0,25.67,22.5,113058,2,0,0,31.86
1438210,57.68,60.0,59.1,61.0,0,0,25.67,22.47,113558,2,0,0,31.86
1438716,57.67,60.0,59.1,61.0,0,0,25.72,22.5,114058,2,0,0,31.89
1439222,57.66,60.0,59.1,61.0,0,0,25.72,22.5,114558,2,0,0,31.87
1439728,57.7,60.0,59.1,61.0,0,0,26.05,22.48,115058,2,0,0,31.9
1440234,57.64,60.0,59.1,61.0,0,0,25.78,22.52,115558,2,0,0,31.89
1440740,57.69,60.0,59.1,61.0,0,0,25.78,22.49,116058,2,0,0,31.87
1441246,57.69,60.0,59.1,61.0,0,0,25.78,22.49,116558,2,0,0,31.87
1441752,57.69,60.0,59.1,61.0,0,0,25.78,22.49,117058,2,0,0,31.87
1442258,57.72,60.0,59.1,61.0,0,0,26.09,22.5,117558,2,0,0,31.87
1442764,57.72,60.0,59.1,61.0,0,0,26.09,22.5,118058,2,0,0,31.87
1443270,57.72,60.0,59.1,61.0,0,0,26.09,22.5,118558,2,0,0,31.87
1443776,57.74,60.0,59.1,61.0,0,0,26.16,22.5,119058,2,0,0,31.89
1444282,57.79,60.0,59.1,61.0,0,0,25.89,22.52,119558,2,0,0,31.86
1444788,57.79,60.0,59.1,61.0,0,0,25.89,22.5,120058,2,0,0,31.86
1445294,57.79,60.0,59.1,61.0,0,0,25.89,22.5,120558,2,0,0,31.86
1445800,57.78,60.0,59.1,61.0,0,0,26.63,22.5,121058,2,0,0,31.89
1446306,57.78,60.0,59.1,61.0,0,0,26.63,22.53,121558,2,0,0,31.89
1446812,57.84,60.0,59.1,61.0,0,0,25.83,22.53,122058,2,0,0,31.86
1447318,57.84,60.0,59.1,61.0,0,0,25.83,22.52,122558,2,0,0,31.86
1447824,57.84,60.0,59.1,61.0,0,0,25.83,22.52,123063,2,0,0,31.86
1448330,57.79,60.0,59.1,61.0,0,0,26.32,22.52,123569,2,0,0,31.87
1448836,57.79,60.0,59.1,61.0,0,0,26.32,22.52,124075,2,0,0,31.87
1449342,57.79,60.0,59.1,61.0,0,0,26.32,22.52,124586,2,0,0,31.87
1449848,57.84,60.0,59.1,61.0,0,0,26.18,22.52,125088,2,0,0,31.89
1450354,57.86,60.0,59.1,61.0,0,0,26.25,22.55,125593,2,0,0,31.89
1450860,57.86,60.0,59.1,61.0,0,0,26.25,22.55,126099,2,0,0,31.89
1451366,57.87,60.0,59.1,61.0,0,0,26.27,22.55,126605,2,0,0,31.86
1451872,57.85,60.0,59.1,61.0,0,0,25.94,22.53,127111,2,0,0,31.87
1452378,57.9,60.0,59.1,61.0,0,0,26.32,22.54,127617,2,0,0,31.89
1452884,57.91,60.0,59.1,61.0,0,0,26.52,22.56,128123,2,0,0,31.9
1453390,57.88,60.0,59.1,61.0,0,0,26.29,22.58,128629,2,0,0,31.87
1453896,57.88,60.0,59.1,61.0,0,0,26.29,22.54,129135,2,0,0,31.87
1454403,57.93,60.0,59.1,61.0,0,0,26.52,22.54,129645,2,0,0,31.89
1454910,57.93,60.0,59.1,61.0,0,0,26.52,22.57,130153,2,0,0,31.89
1455416,57.91,60.0,59.1,61.0,0,0,26.6,22.57,130656,2,0,0,31.86
1455922,57.91,60.0,59.1,61.0,0,0,26.6,22.54,131161,2,0,0,31.86
1456428,57.91,60.0,59.1,61.0,0,0,26.6,22.54,131667,2,0,0,31.86
1456934,57.94,60.0,59.1,61.0,0,0,26.67,22.54,132173,2,0,0,31.89
1457440,57.94,60.0,59.1,61.0,0,0,26.67,22.58,132679,2,0,0,31.89
1457947,57.95,60.0,59.1,61.0,0,0,26.8,22.58,133190,2,0,0,31.86
1458454,57.95,60.0,59.1,61.0,0,0,26.8,22.55,133697,2,0,0,31.86
1458961,57.97,60.0,59.1,61.0,0,0,26.6,22.58,134700,2,0,0,31.89
1459468,57.97,60.0,59.1,61.0,0,0,26.6,22.58,135200,2,0,0,31.89
1459974,57.98,60.0,59.1,61.0,0,0,26.56,22.59,135700,2,0,0,31.89
1460481,57.98,60.0,59.1,61.0,0,0,26.8,22.59,136200,2,0,0,31.89
1460987,58.01,60.0,59.1,61.0,0,0,26.76,22.59,136700,2,0,0,31.89
1461493,58.01,60.0,59.1,61.0,0,0,26.76,22.59,137200,2,0,0,31.89
1461999,58.01,60.0,59.1,61.0,0,0,26.8,22.57,137700,2,0,0,31.86
1462506,58.03,60.0,59.1,61.0,0,0,26.58,22.57,138200,2,0,0,31.87
1463013,58.03,60.0,59.1,61.0,0,0,26.58,22.58,138700,2,0,0,31.87
1463519,58.03,60.0,59.1,61.0,0,0,26.58,22.58,139200,2,0,0,31.87
1464025,58.03,60.0,59.1,61.0,0,0,26.58,22.58,139700,2,0,0,31.87
1464531,58.04,60.0,59.1,61.0,0,0,26.85,22.59,140200,2,0,0,31.87
1465037,58.08,60.0,59.1,61.0,0,0,26.78,22.59,140704,2,0,0,31.86
1465543,58.08,60.0,59.1,61.0,0,0,26.78,22.59,141204,2,0,0,31.86
1466049,58.06,60.0,59.1,61.0,0,0,27.36,22.57,141704,2,0,0,31.85
1466556,58.11,60.0,59.1,61.0,0,0,26.94,22.57,142204,2,0,0,31.89
1467063,58.11,60.0,59.1,61.0,0,0,26.94,22.62,142704,2,0,0,31.89
1467569,58.13,60.0,59.1,61.0,0,0,26.76,22.61,143204,2,0,0,31.87
1468075,58.13,60.0,59.1,61.0,0,0,26.76,22.61,143704,2,0,0,31.87
1468581,58.12,60.0,59.1,61.0,0,0,26.94,22.63,144204,2,0,0,31.89
1469087,58.16,60.0,59.1,61.0,0,0,27.18,22.63,144704,2,0,0,31.89
1469593,58.16,60.0,59.1,61.0,0,0,27.18,22.64,145204,2,0,0,31.89
1470099,58.18,60.0,59.1,61.0,0,0,27.05,22.63,145704,2,0,0,31.87
1470605,58.17,60.0,59.1,61.0,0,0,26.92,22.64,146204,2,0,0,31.89
1471111,58.17,60.0,59.1,61.0,0,0,26.92,22.64,146704,2,0,0,31.89
1471617,58.19,60.0,59.1,61.0,0,0,27.09,22.64,147204,2,0,0,31.87
1472123,58.19,60.0,59.1,61.0,0,0,27.09,22.63,147704,2,0,0,31.87
1472629,58.19,60.0,59.1,61.0,0,0,27.09,22.63,148204,2,0,0,31.87
1473135,58.25,60.0,59.1,61.0,0,0,27.14,22.64,148704,2,0,0,31.86
1473641,58.25,60.0,59.1,61.0,0,0,27.18,22.65,149204,2,0,0,31.87
1474147,58.25,60.0,59.1,61.0,0,0,27.18,22.65,149704,2,0,0,31.87
1474653,58.23,60.0,59.1,61.0,0,0,27.14,22.63,150204,2,0,0,31.86
1475159,58.23,60.0,59.1,61.0,0,0,27.14,22.63,150704,2,0,0,31.86
1475665,58.23,60.0,59.1,61.0,0,0,27.14,22.63,151204,2,0,0,31.86
1476171,58.29,60.0,59.1,61.0,0,0,27.12,22.63,151704,2,0,0,31.87
1476677,58.29,60.0,59.1,61.0,0,0,27.12,22.66,152204,2,0,0,31.87
1477183,58.36,60.0,59.1,61.0,0,0,26.92,22.66,152704,2,0,0,31.89
1477689,58.36,60.0,59.1,61.0,0,0,26.92,22.69,153204,2,0,0,31.89
1478195,58.32,60.0,59.1,61.0,0,0,27.23,22.65,153704,2,0,0,31.86
1478701,58.32,60.0,59.1,61.0,0,0,27.23,22.65,154204,2,0,0,31.86
1479207,58.39,60.0,59.1,61.0,0,0,27.16,22.65,154704,2,0,0,31.87
1479713,58.39,60.0,59.1,61.0,0,0,27.16,22.69,155204,2,0,0,31.87
1480219,58.39,60.0,59.1,61.0,0,0,27.61,22.69,155704,2,0,0,31.87
1480725,58.38,60.0,59.1,61.0,0,0,27.34,22.68,156216,2,0,0,31.87
1481231,58.39,60.0,59.1,61.0,0,0,27.43,22.68,156716,2,0,0,31.86
1481737,58.48,60.0,59.1,61.0,0,0,27.41,22.67,157216,2,0,0,31.89
1482243,58.48,60.0,59.1,61.0,0,0,27.41,22.73,157716,2,0,0,31.89
1482749,58.48,60.0,59.1,61.0,0,0,27.41,22.73,158216,2,0,0,31.89
1483255,58.48,60.0,59.1,61.0,0,0,27.41,22.73,158716,2,0,0,31.89
1483761,58.52,60.0,59.1,61.0,0,0,27.45,22.72,159216,2,0,0,31.87
1484267,58.52,60.0,59.1,61.0,0,0,27.45,22.72,159716,2,0,0,31.87
1484773,58.52,60.0,59.1,61.0,0,0,27.45,22.72,160216,2,0,0,31.87
1485279,58.52,60.0,59.1,61.0,0,0,27.45,22.72,160716,2,0,0,31.87
1485785,58.52,60.0,59.1,61.0,0,0,27.45,22.72,161216,2,0,0,31.87
1486291,58.52,60.0,59.1,61.0,0,0,27.45,22.72,161716,2,0,0,31.87
1486797,58.57,60.0,59.1,61.0,0,0,27.5,22.75,162216,2,0,0,31.89
1487303,58.57,60.0,59.1,61.0,0,0,27.5,22.75,162716,2,0,0,31.89
1487809,58.63,60.0,59.1,61.0,0,0,27.59,22.77,163216,2,0,0,31.89
1488315,58.63,60.0,59.1,61.0,0,0,27.56,22.77,163716,2,0,0,31.89
1488821,58.63,60.0,59.1,61.0,0,0,27.56,22.77,164216,2,0,0,31.89
1489327,58.63,60.0,59.1,61.0,0,0,27.56,22.77,164716,2,0,0,31.89
1489833,58.69,60.0,59.1,61.0,0,0,27.77,22.77,165216,2,0,0,31.87
1490339,58.69,60.0,59.1,61.0,0,0,27.77,22.77,165716,2,0,0,31.87
1490845,58.69,60.0,59.1,61.0,0,0,27.54,22.77,166222,2,0,0,31.87
1491351,58.69,60.0,59.1,61.0,0,0,27.54,22.77,166722,2,0,0,31.87
1491857,58.75,60.0,59.1,61.0,0,0,27.54,22.77,167222,2,0,0,31.89
1492363,58.75,60.0,59.1,61.0,0,0,27.54,22.8,167722,2,0,0,31.89
1492869,58.77,60.0,59.1,61.0,0,0,27.54,22.8,168222,2,0,0,31.89
1493375,58.77,60.0,59.1,61.0,0,0,27.61,22.81,168722,2,0,0,31.9
1493881,58.81,60.0,59.1,61.0,0,0,27.72,22.82,169222,2,0,0,31.89
1494388,58.81,60.0,59.1,61.0,0,0,27.72,22.82,169722,2,0,0,31.89
1494894,58.79,60.0,59.1,61.0,0,0,27.83,22.82,170222,2,0,0,31.89
1495400,58.84,60.0,59.1,61.0,0,0,27.59,22.82,170722,2,0,0,31.87
1495906,58.84,60.0,59.1,61.0,0,0,27.59,22.82,171222,2,0,0,31.87
1496412,58.84,60.0,59.1,61.0,0,0,27.59,22.82,171722,2,0,0,31.87
1496918,58.89,60.0,59.1,61.0,0,0,28.08,22.82,172222,2,0,0,31.87
1497424,58.89,60.0,59.1,61.0,0,0,28.08,22.83,172722,2,0,0,31.87
1497931,58.93,60.0,59.1,61.0,0,0,27.77,22.86,173236,2,0,0,31.89
1498437,58.91,60.0,59.1,61.0,0,0,27.7,22.86,173736,2,0,0,31.9
1498943,58.93,60.0,59.1,61.0,0,0,27.77,22.86,174236,2,0,0,31.87
1499449,58.97,60.0,59.1,61.0,0,0,27.61,22.84,174736,2,0,0,31.87
1499955,58.97,60.0,59.1,61.0,0,0,27.61,22.85,175236,2,0,0,31.87
1500461,58.98,60.0,59.1,61.0,0,0,27.79,22.85,175736,2,0,0,31.89
1500969,59.05,60.0,59.1,61.0,0,0,27.99,22.87,176236,2,0,0,31.89
1501476,59.05,60.0,59.1,61.0,0,0,27.99,22.89,176736,2,0,0,31.89
1501982,59.07,60.0,59.1,61.0,0,0,27.9,22.89,177236,2,0,0,31.89
1502488,59.07,60.0,59.1,61.0,0,0,27.9,22.89,177736,2,0,0,31.89
1502994,59.1,60.0,59.1,61.0,0,0,27.92,22.89,178236,2,0,0,31.89
1503500,59.1,60.0,59.1,61.0,1,0,27.92,22.9,0,2,0,0,31.89
1504006,59.14,60.0,59.1,61.0,1,0,27.88,22.92,1006,2,0,0,31.9
1504513,59.14,60.0,59.1,61.0,1,0,27.88,22.92,1506,2,0,0,31.9
1505019,59.2,60.0,59.1,61.0,1,0,28.01,22.91,2006,2,0,0,31.87
1505525,59.17,60.0,59.1,61.0,1,0,27.97,22.91,2506,2,0,0,31.87
1506031,59.17,60.0,59.1,61.0,1,0,27.97,22.91,3006,2,0,0,31.87
1506537,59.19,60.0,59.1,61.0,1,0,27.83,22.94,3506,2,0,0,31.9
1507043,59.26,60.0,59.1,61.0,1,0,27.81,22.96,4006,2,0,0,31.9
1507549,59.26,60.0,59.1,61.0,1,0,27.81,22.96,4506,2,0,0,31.9
1508055,59.26,60.0,59.1,61.0,1,0,27.81,22.96,5006,2,0,0,31.9
1508561,59.3,60.0,59.1,61.0,1,0,27.79,22.97,5506,2,0,0,31.9
1509067,59.34,60.0,59.1,61.0,1,0,27.65,22.99,6006,2,0,0,31.92
1509573,59.37,60.0,59.1,61.0,1,0,27.54,22.98,6506,2,0,0,31.89
1510079,59.38,60.0,59.1,61.0,1,0,27.68,22.98,7006,2,0,0,31.89
1510585,59.38,60.0,59.1,61.0,1,0,27.68,22.98,7506,2,0,0,31.89
1511091,59.38,60.0,59.1,61.0,1,0,27.68,22.98,8006,2,0,0,31.89
1511597,59.45,60.0,59.1,61.0,1,0,27.47,22.98,8506,2,0,0,31.87
1512103,59.45,60.0,59.1,61.0,1,0,27.47,22.98,9006,2,0,0,31.87
1512609,59.45,60.0,59.1,61.0,1,0,27.47,22.98,9506,2,0,0,31.87
1513115,59.45,60.0,59.1,61.0,1,0,27.47,22.98,10007,2,0,0,31.87
1513621,59.45,60.0,59.1,61.0,1,0,27.09,23.0,10508,2,0,0,31.89
1514127,59.45,60.0,59.1,61.0,1,0,27.09,23.0,11008,2,0,0,31.89
1514633,59.45,60.0,59.1,61.0,1,0,27.09,23.0,11508,2,0,0,31.89
1515139,59.45,60.0,59.1,61.0,1,0,27.09,23.0,12008,2,0,0,31.89
1515645,59.61,60.0,59.1,61.0,1,0,26.6,23.0,12508,2,0,0,31.89
1516151,59.61,60.0,59.1,61.0,1,0,26.6,23.04,13008,2,0,0,31.89
1516657,59.61,60.0,59.1,61.0,1,0,26.6,23.04,13508,2,0,0,31.89
1517163,59.61,60.0,59.1,61.0,1,0,26.6,23.04,14009,2,0,0,31.89
1517669,59.67,60.0,59.1,61.0,1,0,26.29,23.05,14509,2,0,0,31.87
1518175,59.71,60.0,59.1,61.0,1,0,26.12,23.05,15009,2,0,0,31.89
1518681,59.71,60.0,59.1,61.0,1,0,26.12,23.07,15509,2,0,0,31.89
1519187,59.71,60.0,59.1,61.0,1,0,26.12,23.07,16009,2,0,0,31.89
1519693,59.71,60.0,59.1,61.0,1,0,26.12,23.07,16509,2,0,0,31.89
1520199,59.8,60.0,59.1,61.0,1,0,26.01,23.1,17009,2,0,0,31.89
1520705,59.8,60.0,59.1,61.0,1,0,26.01,23.1,17509,2,0,0,31.89
1521211,59.82,60.0,59.1,61.0,1,0,25.72,23.09,18009,2,0,0,31.87
1521717,59.82,60.0,59.1,61.0,1,0,25.72,23.09,18509,2,0,0,31.87
1522223,59.82,60.0,59.1,61.0,1,0,25.72,23.09,19009,2,0,0,31.87
1522729,59.82,60.0,59.1,61.0,1,0,25.72,23.09,19509,2,0,0,31.87
1523235,59.95,60.0,59.1,61.0,1,0,25.34,23.09,20009,2,0,0,31.89
1523741,59.95,60.0,59.1,61.0,1,0,25.34,23.14,20509,2,0,0,31.89
1524247,59.94,60.0,59.1,61.0,1,0,25.17,23.13,21009,2,0,0,31.89
1524753,59.92,60.0,59.1,61.0,1,0,25.14,23.11,21509,2,0,0,31.87
1525259,59.99,60.0,59.1,61.0,1,0,25.08,23.11,22009,2,0,0,31.89
1525765,59.99,60.0,59.1,61.0,1,0,25.08,23.15,22509,2,0,0,31.89
1526271,60.01,60.0,59.1,61.0,1,0,24.75,23.16,23009,2,0,0,31.89
1526777,60.05,60.0,59.1,61.0,1,0,24.55,23.16,23509,2,0,0,31.87
1527283,60.05,60.0,59.1,61.0,1,0,24.55,23.15,24009,2,0,0,31.87
1527789,60.03,60.0,59.1,61.0,1,0,24.57,23.17,24509,2,0,0,31.9
1528295,60.03,60.0,59.1,61.0,1,0,24.57,23.17,25009,2,0,0,31.9
1528801,60.05,60.0,59.1,61.0,1,0,24.33,23.17,25509,2,0,0,31.89
1529307,60.06,60.0,59.1,61.0,1,0,24.38,23.17,26009,2,0,0,31.89
1529813,60.06,60.0,59.1,61.0,1,0,24.38,23.17,26509,2,0,0,31.89
1530319,60.1,60.0,59.1,61.0,1,0,24.24,23.17,27009,2,0,0,31.89
1530825,60.1,60.0,59.1,61.0,1,0,24.24,23.18,27509,2,0,0,31.89
1531331,60.08,60.0,59.1,61.0,1,0,23.98,23.2,28009,2,0,0,31.92
1531837,60.16,60.0,59.1,61.0,1,0,23.81,23.2,28509,2,0,0,31.89
1532343,60.16,60.0,59.1,61.0,1,0,23.81,23.2,29009,2,0,0,31.89
1532849,60.16,60.0,59.1,61.0,1,0,23.65,23.2,29509,2,0,0,31.87
1533355,60.22,60.0,59.1,61.0,1,0,23.7,23.18,30009,2,0,0,31.9
1533863,60.22,60.0,59.1,61.0,1,0,23.7,23.22,30509,2,0,0,31.9
1534370,60.26,60.0,59.1,61.0,1,0,23.81,23.22,31009,2,0,0,31.89
1534876,60.26,60.0,59.1,61.0,1,0,23.81,23.22,31509,2,0,0,31.89
1535382,60.26,60.0,59.1,61.0,1,0,23.81,23.22,32009,2,0,0,31.89
1535888,60.26,60.0,59.1,61.0,1,0,23.81,23.22,32509,2,0,0,31.89
1536394,60.31,60.0,59.1,61.0,1,0,22.94,23.22,33009,2,0,0,31.87
1536900,60.26,60.0,59.1,61.0,1,0,22.44,23.22,33509,2,0,0,31.87
1537406,60.26,60.0,59.1,61.0,1,0,22.44,23.21,34010,2,0,0,31.87
1537912,60.34,60.0,59.1,61.0,1,0,22.59,23.24,34511,2,0,0,31.89
1538418,60.34,60.0,59.1,61.0,1,0,22.85,23.24,35011,2,0,0,31.87
1538924,60.34,60.0,59.1,61.0,1,0,22.85,23.23,35511,2,0,0,31.87
1539430,60.34,60.0,59.1,61.0,1,0,22.85,23.23,36011,2,0,0,31.87
1539936,60.4,60.0,59.1,61.0,1,0,22.42,23.23,36511,2,0,0,31.87
1540445,60.4,60.0,59.1,61.0,1,0,22.42,23.25,37011,2,0,0,31.87
1540951,60.43,60.0,59.1,61.0,1,0,22.29,23.25,37511,2,0,0,31.89
1541457,60.43,60.0,59.1,61.0,1,0,22.29,23.27,38011,2,0,0,31.89
1541963,60.52,60.0,59.1,61.0,1,0,22.03,23.27,38511,2,0,0,31.9
1542469,60.51,60.0,59.1,61.0,1,0,22.05,23.31,39011,2,0,0,31.87
1542975,60.51,60.0,59.1,61.0,1,0,22.05,23.28,39511,2,0,0,31.87
1543481,60.55,60.0,59.1,61.0,1,0,21.9,23.3,40024,2,0,0,31.89
1543987,60.64,60.0,59.1,61.0,1,0,21.87,23.3,40524,2,0,0,31.89
1544493,60.59,60.0,59.1,61.0,1,0,21.79,23.33,41024,2,0,0,31.89
1545011,60.7,60.0,59.1,61.0,0,0,21.55,23.31,0,2,1,0,31.87
1545517,60.7,60.0,59.1,61.0,0,0,21.55,23.33,500,2,1,0,31.87
1546023,60.71,60.0,59.1,61.0,0,0,21.42,23.33,1000,2,1,0,31.87
1546529,60.71,60.0,59.1,61.0,0,0,21.42,23.33,2005,2,1,0,31.87
1547035,60.83,60.0,59.1,61.0,0,0,21.51,23.38,2505,2,1,0,31.89
1547541,60.83,60.0,59.1,61.0,0,0,21.4,23.38,3005,2,1,0,31.89
1548047,60.83,60.0,59.1,61.0,0,0,21.4,23.38,3505,2,1,0,31.89
1548553,60.92,60.0,59.1,61.0,0,0,21.22,23.4,4005,2,1,0,31.89
1549059,60.92,60.0,59.1,61.0,0,0,21.22,23.4,4505,2,1,0,31.89
1549565,60.99,60.0,59.1,61.0,0,0,21.05,23.4,5005,2,1,0,31.89
1550071,60.99,60.0,59.1,61.0,0,0,21.05,23.42,5505,2,1,0,31.89
1550577,60.99,60.0,59.1,61.0,0,0,21.05,23.42,6005,2,1,0,31.89
1551083,61.06,60.0,59.1,61.0,0,0,21.2,23.43,6505,2,1,0,31.87
1551589,61.08,60.0,59.1,61.0,0,0,21.03,23.45,7005,2,1,0,31.89
1552095,61.08,60.0,59.1,61.0,0,0,21.03,23.45,7505,2,1,0,31.89
1552601,61.08,60.0,59.1,61.0,0,0,21.03,23.45,8005,2,1,0,31.89
1553107,61.15,60.0,59.1,61.0,0,0,20.99,23.48,8505,2,1,0,31.9
1553613,61.15,60.0,59.1,61.0,0,0,20.99,23.48,9005,2,1,0,31.9
1554119,61.15,60.0,59.1,61.0,0,0,20.99,23.48,9505,2,1,0,31.9
1554625,61.17,60.0,59.1,61.0,0,0,20.64,23.46,10005,2,1,0,31.87
1555131,61.23,60.0,59.1,61.0,0,0,21.27,23.49,10505,2,1,0,31.89
1555638,61.23,60.0,59.1,61.0,0,0,21.27,23.49,11005,2,1,0,31.89
1556145,61.23,60.0,59.1,61.0,0,0,21.27,23.49,11505,2,1,0,31.89
1556651,61.23,60.0,59.1,61.0,0,0,20.94,23.49,12005,2,1,0,31.89
1557157,61.23,60.0,59.1,61.0,0,0,20.94,23.49,12505,2,1,0,31.89
1557663,61.22,60.0,59.1,61.0,0,0,21.4,23.47,13005,2,1,0,31.87
1558169,61.22,60.0,59.1,61.0,0,0,21.4,23.47,13505,2,1,0,31.87
1558675,61.27,60.0,59.1,61.0,0,0,21.38,23.5,14005,2,1,0,31.89
1559181,61.27,60.0,59.1,61.0,0,0,21.38,23.5,14505,2,1,0,31.89
1559687,61.28,60.0,59.1,61.0,0,0,21.7,23.5,15005,2,1,0,31.87
1560193,61.28,60.0,59.1,61.0,0,0,21.7,23.49,15505,2,1,0,31.87
1560699,61.25,60.0,59.1,61.0,0,0,21.46,23.49,16005,2,1,0,31.89
1561205,61.25,60.0,59.1,61.0,0,0,21.46,23.49,16505,2,1,0,31.89
1561711,61.26,60.0,59.1,61.0,0,0,21.68,23.48,17005,2,1,0,31.87
1562218,61.26,60.0,59.1,61.0,0,0,21.68,23.48,17505,2,1,0,31.87
1562725,61.27,60.0,59.1,61.0,0,0,21.81,23.51,18005,2,1,0,31.9
1563231,61.26,60.0,59.1,61.0,0,0,21.64,23.51,18505,2,1,0,31.9
1563737,61.27,60.0,59.1,61.0,0,0,21.92,23.51,19005,2,1,0,31.89
1564243,61.27,60.0,59.1,61.0,0,0,21.92,23.5,19505,2,1,0,31.89
1564749,61.27,60.0,59.1,61.0,1,0,21.92,23.5,0,2,1,0,31.89
1565255,61.22,60.0,59.1,61.0,1,0,22.07,23.47,500,2,0,0,31.87
1565761,61.24,60.0,59.1,61.0,1,0,22.0,23.48,1000,2,0,0,31.87
1566269,61.24,60.0,59.1,61.0,1,0,22.0,23.48,1500,2,0,0,31.87
1566776,61.22,60.0,59.1,61.0,1,0,22.11,23.48,2000,2,0,0,31.89
1567282,61.2,60.0,59.1,61.0,1,0,22.2,23.48,2500,2,0,0,31.9
1567788,61.2,60.0,59.1,61.0,1,0,22.2,23.49,3000,2,0,0,31.9
1568294,61.19,60.0,59.1,61.0,1,0,22.16,23.48,3500,2,0,0,31.89
1568800,61.19,60.0,59.1,61.0,1,0,22.16,23.48,4000,2,0,0,31.89
1569306,61.19,60.0,59.1,61.0,1,0,22.31,23.48,4500,2,0,0,31.89
1569812,61.19,60.0,59.1,61.0,1,0,22.31,23.48,5001,2,0,0,31.89
1570318,61.18,60.0,59.1,61.0,1,0,22.11,23.47,5504,2,0,0,31.89
1570824,61.09,60.0,59.1,61.0,1,0,22.05,23.45,6006,2,0,0,31.89
1571330,61.09,60.0,59.1,61.0,1,0,22.05,23.45,6506,2,0,0,31.89
1571836,61.09,60.0,59.1,61.0,1,0,22.05,23.45,7006,2,0,0,31.89
1572342,61.1,60.0,59.1,61.0,1,0,22.2,23.45,7506,2,0,0,31.87
1572848,61.1,60.0,59.1,61.0,1,0,22.2,23.44,8006,2,0,0,31.87
1573354,61.08,60.0,59.1,61.0,1,0,22.07,23.43,8506,2,0,0,31.87
1573860,61.08,60.0,59.1,61.0,1,0,22.07,23.43,9006,2,0,0,31.87
1574367,61.08,60.0,59.1,61.0,1,0,21.87,23.43,9506,2,0,0,31.87
1574874,61.08,60.0,59.1,61.0,1,0,21.87,23.43,10006,2,1,0,31.87
1575380,61.03,60.0,59.1,61.0,1,0,21.74,23.43,10506,2,1,0,31.89
1575886,61.03,60.0,59.1,61.0,1,0,21.74,23.43,11006,2,1,0,31.89
1576392,61.03,60.0,59.1,61.0,1,0,21.74,23.43,11510,2,1,0,31.89
1576898,61.08,60.0,59.1,61.0,1,0,21.53,23.43,12010,2,1,0,31.87
1577404,61.08,60.0,59.1,61.0,1,0,21.53,23.43,12510,2,1,0,31.87
1577910,61.02,60.0,59.1,61.0,1,0,21.46,23.43,13010,2,1,0,31.89
1578416,61.02,60.0,59.1,61.0,1,0,21.46,23.43,13510,2,1,0,31.89
1578922,61.02,60.0,59.1,61.0,1,0,21.46,23.43,14010,2,1,0,31.89
1579428,60.98,60.0,59.1,61.0,1,0,21.25,23.43,14510,2,1,0,31.87
1579934,60.98,60.0,59.1,61.0,1,0,21.33,23.4,15010,2,1,0,31.85
1580440,60.98,60.0,59.1,61.0,1,0,21.33,23.38,15510,2,1,0,31.85
1580946,60.94,60.0,59.1,61.0,1,0,21.1,23.38,16010,2,1,0,31.87
1581452,60.96,60.0,59.1,61.0,1,0,20.9,23.39,16510,2,1,0,31.87
1581958,60.96,60.0,59.1,61.0,1,0,20.9,23.4,17010,2,1,0,31.87
1582464,60.97,60.0,59.1,61.0,1,0,20.88,23.4,17510,2,1,0,31.86
1582970,60.97,60.0,59.1,61.0,1,0,20.84,23.39,18010,2,1,0,31.89
1583476,60.97,60.0,59.1,61.0,1,0,20.84,23.42,18510,2,1,0,31.89
1583982,60.95,60.0,59.1,61.0,1,0,20.75,23.43,19019,2,1,0,31.9
1584488,60.92,60.0,59.1,61.0,1,0,20.75,23.43,19519,2,1,0,31.9
1584994,60.92,60.0,59.1,61.0,1,0,20.75,23.42,20019,2,1,0,31.9
1585500,60.92,60.0,59.1,61.0,1,0,20.56,23.38,20519,2,1,0,31.86
1586006,60.93,60.0,59.1,61.0,1,0,20.43,23.38,21019,2,1,0,31.86
1586512,60.93,60.0,59.1,61.0,1,0,20.43,23.38,21519,2,1,0,31.86
1587018,60.93,60.0,59.1,61.0,1,0,20.3,23.38,22019,2,1,0,31.86
1587524,60.93,60.0,59.1,61.0,1,0,20.3,23.38,22519,2,1,0,31.86
1588030,60.93,60.0,59.1,61.0,1,0,20.3,23.38,23019,2,1,0,31.86
1588536,60.91,60.0,59.1,61.0,1,0,20.21,23.38,23519,2,1,0,31.87
1589042,60.91,60.0,59.1,61.0,1,0,20.21,23.39,24019,2,1,0,31.87
1589548,60.91,60.0,59.1,61.0,1,0,20.28,23.39,25019,2,1,0,31.87
1590054,60.91,60.0,59.1,61.0,1,0,20.28,23.39,25519,2,1,0,31.87
1590560,60.89,60.0,59.1,61.0,1,0,19.95,23.38,26019,2,1,0,31.87
1591066,60.89,60.0,59.1,61.0,1,0,20.02,23.38,26519,2,1,0,31.87
1591572,60.89,60.0,59.1,61.0,1,0,20.02,23.38,27019,2,1,0,31.87
1592078,60.89,60.0,59.1,61.0,1,0,20.02,23.38,27519,2,1,0,31.87
1592584,60.89,60.0,59.1,61.0,1,0,20.02,23.38,28019,2,1,0,31.87
1593090,60.89,60.0,59.1,61.0,1,0,20.02,23.38,28519,2,1,0,31.87
1593596,60.82,60.0,59.1,61.0,1,0,19.56,23.35,29019,2,1,0,31.86
1594102,60.82,60.0,59.1,61.0,1,0,19.46,23.38,29519,2,1,0,31.89
1594608,60.79,60.0,59.1,61.0,1,0,19.46,23.38,30019,2,1,0,31.89
1595114,60.79,60.0,59.1,61.0,1,0,19.46,23.37,30519,2,1,0,31.89
1595620,60.79,60.0,59.1,61.0,1,0,19.46,23.37,31019,2,1,0,31.89
1596126,60.8,60.0,59.1,61.0,1,0,19.63,23.37,31519,2,1,0,31.89
1596632,60.73,60.0,59.1,61.0,1,0,19.24,23.33,32021,2,1,0,31.86
1597143,60.77,60.0,59.1,61.0,1,0,19.74,23.33,32521,2,1,0,31.89
1597650,60.77,60.0,59.1,61.0,1,0,19.74,23.36,33021,2,1,0,31.89
1598156,60.72,60.0,59.1,61.0,1,0,19.09,23.34,33521,2,1,0,31.87
1598662,60.72,60.0,59.1,61.0,1,0,18.72,23.32,34021,2,1,0,31.86
1599168,60.72,60.0,59.1,61.0,1,0,18.72,23.32,34521,2,1,0,31.86
1599674,60.65,60.0,59.1,61.0,1,0,18.96,23.32,35021,2,1,0,31.87
1600180,60.65,60.0,59.1,61.0,1,0,18.96,23.32,35521,2,1,0,31.87
1600686,60.57,60.0,59.1,61.0,1,0,18.94,23.29,36021,2,1,0,31.87
1601192,60.57,60.0,59.1,61.0,1,0,18.94,23.29,36521,2,1,0,31.87
1601698,60.52,60.0,59.1,61.0,1,0,18.96,23.28,37021,2,1,0,31.87
1602204,60.56,60.0,59.1,61.0,1,0,18.9,23.28,37521,2,1,0,31.86
1602710,60.46,60.0,59.1,61.0,1,0,18.6,23.28,38021,2,1,0,31.87
1603216,60.46,60.0,59.1,61.0,1,0,18.6,23.26,38521,2,1,0,31.87
1603722,60.46,60.0,59.1,61.0,1,0,18.6,23.26,39021,2,1,0,31.87
1604228,60.46,60.0,59.1,61.0,1,0,18.6,23.26,39521,2,1,0,31.87
1604734,60.46,60.0,59.1,61.0,0,0,18.6,23.26,0,2,1,0,31.87
1605240,60.36,60.0,59.1,61.0,0,0,18.25,23.24,500,2,1,0,31.87
1605746,60.36,60.0,59.1,61.0,0,0,18.25,23.24,1000,2,1,0,31.87
1606252,60.3,60.0,59.1,61.0,0,0,18.27,23.22,1500,2,1,0,31.87
1606758,60.25,60.0,59.1,61.0,0,0,18.14,23.22,2000,2,1,0,31.87
1607264,60.25,60.0,59.1,61.0,0,0,18.14,23.21,2500,2,1,0,31.87
1607784,60.17,60.0,59.1,61.0,0,0,17.86,23.21,3000,2,1,0,31.86
1608291,60.17,60.0,59.1,61.0,0,0,17.86,23.17,3500,2,1,0,31.86
1608797,60.11,60.0,59.1,61.0,0,0,18.01,23.17,4000,2,1,0,31.87
1609303,60.06,60.0,59.1,61.0,0,0,18.04,23.17,4500,2,1,0,31.85
1609809,60.06,60.0,59.1,61.0,0,0,18.19,23.13,5000,2,1,0,31.87
1610315,60.06,60.0,59.1,61.0,0,0,18.19,23.15,5500,2,1,0,31.87
1610821,59.98,60.0,59.1,61.0,0,0,18.12,23.12,6000,2,1,0,31.86
1611327,59.98,60.0,59.1,61.0,0,0,18.12,23.12,6500,2,1,0,31.86
1611833,59.95,60.0,59.1,61.0,0,0,18.19,23.11,7000,2,1,0,31.86
1612339,59.87,60.0,59.1,61.0,0,0,18.1,23.09,7500,2,1,0,31.86
1612845,59.88,60.0,59.1,61.0,0,0,18.32,23.09,8000,2,1,0,31.86
1613351,59.88,60.0,59.1,61.0,0,0,18.32,23.09,8500,2,1,0,31.86
1613857,59.78,60.0,59.1,61.0,0,0,18.49,23.08,9000,2,1,0,31.87
1614363,59.72,60.0,59.1,61.0,0,0,18.36,23.08,9500,2,1,0,31.87
1614869,59.72,60.0,59.1,61.0,0,0,18.36,23.06,10000,2,1,0,31.87
1615375,59.63,60.0,59.1,61.0,0,0,18.36,23.06,10500,2,1,0,31.86
1615881,59.59,60.0,59.1,61.0,0,0,18.32,23.02,11000,2,1,0,31.86
1616387,59.56,60.0,59.1,61.0,0,0,18.55,23.01,11500,2,1,0,31.87
1616893,59.56,60.0,59.1,61.0,0,0,18.55,23.01,12000,2,1,0,31.87
1617399,59.48,60.0,59.1,61.0,0,0,18.66,23.01,12500,2,1,0,31.85
1617905,59.43,60.0,59.1,61.0,0,0,18.72,22.97,13000,2,1,0,31.86
1618411,59.43,60.0,59.1,61.0,0,0,18.72,22.97,13500,2,1,0,31.86
1618917,59.37,60.0,59.1,61.0,0,0,18.7,22.97,14000,2,1,0,31.86
1619423,59.37,60.0,59.1,61.0,0,0,18.7,22.95,14500,2,1,0,31.86
1619929,59.31,60.0,59.1,61.0,0,0,18.64,22.95,15000,2,1,0,31.86
1620435,59.23,60.0,59.1,61.0,0,0,18.83,22.93,15500,2,1,0,31.87
1620941,59.23,60.0,59.1,61.0,0,0,18.83,22.92,16000,2,1,0,31.87
1621448,59.23,60.0,59.1,61.0,0,0,18.83,22.92,16500,2,1,0,31.87
1621955,59.14,60.0,59.1,61.0,0,0,18.96,22.92,17000,2,1,0,31.83
1622461,59.14,60.0,59.1,61.0,0,0,18.96,22.86,17500,2,1,0,31.83
1622967,59.08,60.0,59.1,61.0,0,0,19.24,22.88,18000,2,1,0,31.87
1623473,59.08,60.0,59.1,61.0,0,0,19.24,22.88,18500,2,1,0,31.87
1623979,58.99,60.0,59.1,61.0,0,0,19.2,22.88,19000,2,1,0,31.87
1624485,58.99,60.0,59.1,61.0,0,0,19.2,22.86,19500,2,1,0,31.87
1624991,58.92,60.0,59.1,61.0,0,0,19.41,22.86,20000,2,1,0,31.86
1625497,58.91,60.0,59.1,61.0,0,0,19.5,22.82,20500,2,1,0,31.87
1626004,58.84,60.0,59.1,61.0,0,0,19.48,22.83,21000,2,1,0,31.87
1626511,58.84,60.0,59.1,61.0,0,0,19.48,22.82,21500,2,1,0,31.87
1627017,58.79,60.0,59.1,61.0,0,0,19.28,22.82,22000,2,1,0,31.86
1627523,58.79,60.0,59.1,61.0,0,0,19.28,22.79,22500,2,1,0,31.86
1628029,58.73,60.0,59.1,61.0,0,0,19.63,22.79,23000,2,1,0,31.86
1628535,58.73,60.0,59.1,61.0,0,0,19.63,22.77,23500,2,1,0,31.86
1629041,58.65,60.0,59.1,61.0,0,0,19.78,22.77,24000,2,1,0,31.85
1629561,58.61,60.0,59.1,61.0,0,0,20.02,22.73,25011,2,1,0,31.85
1630068,58.61,60.0,59.1,61.0,0,0,20.02,22.73,25511,2,1,0,31.85
1630574,58.62,60.0,59.1,61.0,0,0,20.08,22.75,26011,2,1,0,31.87
1631080,58.62,60.0,59.1,61.0,0,0,20.08,22.75,26511,2,1,0,31.87
1631586,58.62,60.0,59.1,61.0,0,0,20.08,22.75,27011,2,1,0,31.87
1632092,58.52,60.0,59.1,61.0,0,0,19.91,22.72,27511,2,1,0,31.87
1632598,58.52,60.0,59.1,61.0,0,0,19.91,22.72,28011,2,1,0,31.87
1633104,58.5,60.0,59.1,61.0,0,0,20.25,22.71,28511,2,1,0,31.86
1633610,58.5,60.0,59.1,61.0,0,0,20.25,22.71,29011,2,1,0,31.86
1634116,58.49,60.0,59.1,61.0,0,0,20.6,22.7,29511,2,1,0,31.86
1634622,58.42,60.0,59.1,61.0,0,0,21.12,22.7,30011,2,1,0,31.87
1635128,58.42,60.0,59.1,61.0,0,0,21.12,22.7,30511,2,1,0,31.87
1635634,58.38,60.0,59.1,61.0,0,0,20.53,22.7,31011,2,1,0,31.86
1636140,58.38,60.0,59.1,61.0,0,0,20.53,22.67,31511,2,1,0,31.86
1636646,58.35,60.0,59.1,61.0,0,0,20.69,22.66,32011,2,1,0,31.86
1637152,58.34,60.0,59.1,61.0,0,0,20.66,22.66,32511,2,1,0,31.86
1637658,58.34,60.0,59.1,61.0,0,0,20.66,22.66,33011,2,1,0,31.86
1638164,58.31,60.0,59.1,61.0,0,0,20.86,22.63,33511,2,1,0,31.83
1638670,58.3,60.0,59.1,61.0,0,0,21.12,22.63,34011,2,1,0,31.85
1639176,58.3,60.0,59.1,61.0,0,0,21.12,22.64,34511,2,1,0,31.85
1639682,58.21,60.0,59.1,61.0,0,0,20.99,22.61,35011,2,1,0,31.85
1640188,58.21,60.0,59.1,61.0,0,0,20.99,22.61,35511,2,1,0,31.85
1640694,58.21,60.0,59.1,61.0,0,0,20.99,22.61,36011,2,1,0,31.85
1641200,58.23,60.0,59.1,61.0,0,0,21.12,22.64,36511,2,1,0,31.87
1641707,58.19,60.0,59.1,61.0,0,0,21.05,22.64,37011,2,1,0,31.87
1642214,58.19,60.0,59.1,61.0,0,0,21.05,22.63,37511,2,1,0,31.87
1642720,58.19,60.0,59.1,61.0,0,0,21.05,22.63,38011,2,1,0,31.87
1643226,58.2,60.0,59.1,61.0,0,0,21.27,22.61,38511,2,0,0,31.85
1643732,58.2,60.0,59.1,61.0,0,0,21.27,22.61,39011,2,0,0,31.85
1644238,58.19,60.0,59.1,61.0,0,0,21.53,22.61,39518,2,0,0,31.85
1644744,58.22,60.0,59.1,61.0,0,0,21.53,22.61,40018,2,0,0,31.87
1645251,58.22,60.0,59.1,61.0,0,0,21.53,22.64,40518,2,0,0,31.87
1645757,58.16,60.0,59.1,61.0,0,0,21.51,22.61,41018,2,0,0,31.86
1646263,58.15,60.0,59.1,61.0,0,0,21.61,22.61,41518,2,0,0,31.86
1646769,58.15,60.0,59.1,61.0,0,0,21.61,22.61,42018,2,0,0,31.86
1647275,58.13,60.0,59.1,61.0,0,0,21.7,22.61,42518,2,0,0,31.86
1647781,58.13,60.0,59.1,61.0,0,0,21.7,22.6,43018,2,0,0,31.86
1648287,58.13,60.0,59.1,61.0,0,0,21.7,22.6,43518,2,0,0,31.86
1648793,58.18,60.0,59.1,61.0,0,0,21.96,22.6,44018,2,0,0,31.89
1649300,58.15,60.0,59.1,61.0,0,0,21.94,22.64,44518,2,0,0,31.87
1649807,58.15,60.0,59.1,61.0,0,0,21.94,22.62,45018,2,0,0,31.87
1650313,58.15,60.0,59.1,61.0,0,0,21.94,22.62,45518,2,0,0,31.87
1650819,58.15,60.0,59.1,61.0,0,0,21.94,22.62,46018,2,0,0,31.87
1651325,58.15,60.0,59.1,61.0,0,0,21.94,22.62,46518,2,0,0,31.87
1651831,58.15,60.0,59.1,61.0,0,0,22.16,22.62,47018,2,0,0,31.87
1652337,58.13,60.0,59.1,61.0,0,0,22.11,22.62,47518,2,0,0,31.86
1652844,58.14,60.0,59.1,61.0,0,0,22.29,22.6,48018,2,0,0,31.87
1653351,58.14,60.0,59.1,61.0,0,0,22.29,22.62,48518,2,0,0,31.87
1653857,58.14,60.0,59.1,61.0,0,0,22.29,22.62,49018,2,0,0,31.87
1654363,58.14,60.0,59.1,61.0,0,0,22.29,22.62,49518,2,0,0,31.87
1654869,58.13,60.0,59.1,61.0,0,0,22.48,22.62,50018,2,0,0,31.86
1655375,58.16,60.0,59.1,61.0,0,0,23.02,22.6,50518,2,0,0,31.86
1655881,58.16,60.0,59.1,61.0,0,0,23.02,22.61,51018,2,0,0,31.86
1656387,58.15,60.0,59.1,61.0,0,0,22.42,22.61,51518,2,0,0,31.87
1656893,58.15,60.0,59.1,61.0,0,0,22.42,22.62,52018,2,0,0,31.87
1657399,58.19,60.0,59.1,61.0,0,0,22.42,22.62,52518,2,0,0,31.86
1657905,58.19,60.0,59.1,61.0,0,0,22.42,22.62,53018,2,0,0,31.86
1658411,58.19,60.0,59.1,61.0,0,0,22.44,22.62,53521,2,0,0,31.86
1658917,58.17,60.0,59.1,61.0,0,0,22.87,22.62,54021,2,0,0,31.87
1659423,58.17,60.0,59.1,61.0,0,0,22.87,22.62,54521,2,0,0,31.87
1659929,58.2,60.0,59.1,61.0,0,0,22.78,22.62,55021,2,0,0,31.86
1660435,58.2,60.0,59.1,61.0,0,0,22.78,22.62,55521,2,0,0,31.86
1660941,58.2,60.0,59.1,61.0,0,0,22.78,22.62,56021,2,0,0,31.86
1661447,58.19,60.0,59.1,61.0,0,0,22.85,22.61,56521,2,0,0,31.85
1661953,58.25,60.0,59.1,61.0,0,0,22.85,22.61,57021,2,0,0,31.86
1662459,58.25,60.0,59.1,61.0,0,0,22.85,22.64,57521,2,0,0,31.86
1662965,58.2,60.0,59.1,61.0,0,0,22.59,22.64,58021,2,0,0,31.86
1663471,58.2,60.0,59.1,61.0,0,0,22.59,22.62,58521,2,0,0,31.86
1663977,58.2,60.0,59.1,61.0,0,0,22.59,22.62,59021,2,0,0,31.86
1664483,58.2,60.0,59.1,61.0,0,0,22.59,22.62,59521,2,0,0,31.86
1664989,58.29,60.0,59.1,61.0,0,0,22.76,22.62,60021,2,0,0,31.85
1665495,58.25,60.0,59.1,61.0,0,0,23.22,22.63,60521,2,0,0,31.85
1666001,58.25,60.0,59.1,61.0,0,0,23.22,22.62,61021,2,0,0,31.85
1666507,58.25,60.0,59.1,61.0,0,0,23.22,22.62,61521,2,0,0,31.85
1667013,58.26,60.0,59.1,61.0,0,0,23.28,22.62,62021,2,0,0,31.83
1667520,58.3,60.0,59.1,61.0,0,0,23.28,22.61,62521,2,0,0,31.85
1668027,58.3,60.0,59.1,61.0,0,0,23.28,22.64,63021,2,0,0,31.85
1668533,58.32,60.0,59.1,61.0,0,0,23.46,22.64,63521,2,0,0,31.86
1669039,58.32,60.0,59.1,61.0,0,0,23.46,22.65,64021,2,0,0,31.86
1669545,58.32,60.0,59.1,61.0,0,0,23.46,22.65,64521,2,0,0,31.86
1670051,58.33,60.0,59.1,61.0,0,0,23.57,22.65,65021,2,0,0,31.87
1670557,58.33,60.0,59.1,61.0,0,0,23.57,22.67,65521,2,0,0,31.87
1671063,58.39,60.0,59.1,61.0,0,0,23.57,22.67,66021,2,0,0,31.87
1671569,58.36,60.0,59.1,61.0,0,0,23.7,22.69,66523,2,0,0,31.85
1672076,58.42,60.0,59.1,61.0,0,0,23.61,22.65,67029,2,0,0,31.87
1672583,58.42,60.0,59.1,61.0,0,0,23.61,22.7,67537,2,0,0,31.87
1673089,58.44,60.0,59.1,61.0,0,0,23.44,22.7,68539,2,0,0,31.87
1673595,58.44,60.0,59.1,61.0,0,0,23.44,22.7,69039,2,0,0,31.87
1674101,58.37,60.0,59.1,61.0,0,0,23.72,22.68,69539,2,0,0,31.87
1674607,58.37,60.0,59.1,61.0,0,0,23.72,22.68,70039,2,0,0,31.87
1675113,58.37,60.0,59.1,61.0,0,0,23.72,22.68,70539,2,0,0,31.87
1675619,58.46,60.0,59.1,61.0,0,0,24.07,22.71,71039,2,0,0,31.87
1676125,58.46,60.0,59.1,61.0,0,0,24.07,22.71,71539,2,0,0,31.87
1676631,58.48,60.0,59.1,61.0,0,0,23.92,22.7,72039,2,0,0,31.86
1677137,58.48,60.0,59.1,61.0,0,0,23.92,22.7,72539,2,0,0,31.86
1677643,58.51,60.0,59.1,61.0,0,0,23.98,22.72,73039,2,0,0,31.87
1678149,58.51,60.0,59.1,61.0,0,0,23.98,22.72,73539,2,0,0,31.87
1678655,58.51,60.0,59.1,61.0,0,0,23.98,22.72,74039,2,0,0,31.87
1679161,58.53,60.0,59.1,61.0,0,0,24.33,22.71,74539,2,0,0,31.86
1679667,58.53,60.0,59.1,61.0,0,0,24.33,22.71,75039,2,0,0,31.86
1680173,58.5,60.0,59.1,61.0,0,0,24.14,22.71,75539,2,0,0,31.85
1680679,58.5,60.0,59.1,61.0,0,0,24.14,22.69,76039,2,0,0,31.85
1681185,58.55,60.0,59.1,61.0,0,0,24.27,22.73,76539,2,0,0,31.87
1681691,58.57,60.0,59.1,61.0,0,0,24.27,22.73,77039,2,0,0,31.85
1682197,58.57,60.0,59.1,61.0,0,0,24.27,22.71,77539,2,0,0,31.85
1682703,58.63,60.0,59.1,61.0,0,0,24.42,22.71,78039,2,0,0,31.86
1683219,58.63,60.0,59.1,61.0,0,0,24.42,22.74,78539,2,0,0,31.85
1683726,58.63,60.0,59.1,61.0,0,0,24.42,22.73,79039,2,0,0,31.85
1684232,58.63,60.0,59.1,61.0,0,0,24.42,22.73,79539,2,0,0,31.85
1684738,58.6,60.0,59.1,61.0,0,0,24.73,22.73,80039,2,0,0,31.86
1685244,58.6,60.0,59.1,61.0,0,0,24.73,22.74,80539,2,0,0,31.86
1685750,58.6,60.0,59.1,61.0,0,0,24.73,22.74,81039,2,0,0,31.86
1686256,58.68,60.0,59.1,61.0,0,0,24.66,22.76,81539,2,0,0,31.86
1686762,58.68,60.0,59.1,61.0,0,0,24.66,22.76,82039,2,0,0,31.86
1687268,58.73,60.0,59.1,61.0,0,0,24.33,22.78,82539,2,0,0,31.87
1687774,58.72,60.0,59.1,61.0,0,0,24.57,22.78,83039,2,0,0,31.86
1688280,58.74,60.0,59.1,61.0,0,0,24.62,22.77,83539,2,0,0,31.87
1688786,58.74,60.0,59.1,61.0,0,0,24.62,22.79,84039,2,0,0,31.87
1689292,58.73,60.0,59.1,61.0,0,0,24.68,22.77,84539,2,0,0,31.86
1689798,58.74,60.0,59.1,61.0,0,0,24.77,22.77,85039,2,0,0,31.87
1690304,58.75,60.0,59.1,61.0,0,0,24.88,22.79,85539,2,0,0,31.85
1690810,58.75,60.0,59.1,61.0,0,0,24.88,22.76,86039,2,0,0,31.85
1691316,58.78,60.0,59.1,61.0,0,0,24.86,22.76,86539,2,0,0,31.87
1691823,58.82,60.0,59.1,61.0,0,0,24.53,22.8,87039,2,0,0,31.87
1692330,58.82,60.0,59.1,61.0,0,0,24.53,22.81,87539,2,0,0,31.87
1692836,58.82,60.0,59.1,61.0,0,0,24.53,22.81,88039,2,0,0,31.87
1693342,58.82,60.0,59.1,61.0,0,0,24.53,22.81,88541,2,0,0,31.87
1693848,58.84,60.0,59.1,61.0,0,0,24.9,22.8,89042,2,0,0,31.86
1694354,58.84,60.0,59.1,61.0,0,0,24.9,22.8,89542,2,0,0,31.86
1694860,58.84,60.0,59.1,61.0,0,0,24.9,22.8,90042,2,0,0,31.86
1695366,58.87,60.0,59.1,61.0,0,0,25.03,22.81,90542,2,0,0,31.86
1695872,58.92,60.0,59.1,61.0,0,0,25.06,22.81,91042,2,0,0,31.87
1696378,58.92,60.0,59.1,61.0,0,0,25.06,22.84,91542,2,0,0,31.87
1696884,58.93,60.0,59.1,61.0,0,0,25.06,22.84,92042,2,0,0,31.87
1697390,58.93,60.0,59.1,61.0,0,0,25.06,22.84,92542,2,0,0,31.87
1697896,58.94,60.0,59.1,61.0,0,0,25.28,22.83,93042,2,0,0,31.86
1698413,58.93,60.0,59.1,61.0,0,0,25.21,22.83,93542,2,0,0,31.89
1698920,58.93,60.0,59.1,61.0,0,0,25.21,22.86,94042,2,0,0,31.89
1699426,59.0,60.0,59.1,61.0,0,0,25.23,22.86,94542,2,0,0,31.89
1699932,59.0,60.0,59.1,61.0,0,0,25.23,22.87,95042,2,0,0,31.89
1700438,59.02,60.0,59.1,61.0,0,0,25.32,22.87,95542,2,0,0,31.86
1700944,59.02,60.0,59.1,61.0,0,0,25.32,22.85,96042,2,0,0,31.86
1701450,59.03,60.0,59.1,61.0,0,0,25.92,22.85,96542,2,0,0,31.87
1701956,59.03,60.0,59.1,61.0,0,0,25.92,22.87,97042,2,0,0,31.87
1702463,59.03,60.0,59.1,61.0,0,0,25.92,22.87,97542,2,0,0,31.87
1702969,59.03,60.0,59.1,61.0,0,0,25.92,22.87,98042,2,0,0,31.87
1703475,59.08,60.0,59.1,61.0,0,0,25.41,22.87,98542,2,0,0,31.86
1703981,59.08,60.0,59.1,61.0,0,0,25.56,22.87,99042,2,0,0,31.86
1704487,59.08,60.0,59.1,61.0,0,0,25.56,22.87,99542,2,0,0,31.86
1704993,59.08,60.0,59.1,61.0,0,0,25.56,22.87,100042,2,0,0,31.86
1705499,59.12,60.0,59.1,61.0,0,0,25.5,22.87,100542,2,0,0,31.86
1706005,59.12,60.0,59.1,61.0,1,0,25.5,22.88,0,2,0,0,31.86
1706511,59.14,60.0,59.1,61.0,1,0,25.67,22.88,500,2,0,0,31.89
1707017,59.13,60.0,59.1,61.0,1,0,25.72,22.91,1000,2,0,0,31.86
1707523,59.11,60.0,59.1,61.0,1,0,25.59,22.88,1500,2,0,0,31.87
1708029,59.11,60.0,59.1,61.0,1,0,25.59,22.89,2000,2,0,0,31.87
1708535,59.18,60.0,59.1,61.0,1,0,25.56,22.89,2500,2,0,0,31.89
1709041,59.18,60.0,59.1,61.0,1,0,25.56,22.93,3000,2,0,0,31.89
1709547,59.18,60.0,59.1,61.0,1,0,25.63,22.93,3500,2,0,0,31.86
1710053,59.18,60.0,59.1,61.0,1,0,25.83,22.9,4000,2,0,0,31.87
1710559,59.18,60.0,59.1,61.0,1,0,25.83,22.91,4500,2,0,0,31.87
1711065,59.18,60.0,59.1,61.0,1,0,25.83,22.91,5000,2,0,0,31.87
1711571,59.18,60.0,59.1,61.0,1,0,25.83,22.91,5500,2,0,0,31.87
1712077,59.23,60.0,59.1,61.0,1,0,25.47,22.92,6008,2,0,0,31.87
1712583,59.2,60.0,59.1,61.0,1,0,25.45,22.92,6508,2,0,0,31.87
1713089,59.2,60.0,59.1,61.0,1,0,25.45,22.91,7008,2,0,0,31.87
1713595,59.25,60.0,59.1,61.0,1,0,25.34,22.91,7508,2,0,0,31.87
1714101,59.27,60.0,59.1,61.0,1,0,25.14,22.96,8509,2,0,0,31.9
1714607,59.27,60.0,59.1,61.0,1,0,25.14,22.96,9009,2,0,0,31.9
1715113,59.24,60.0,59.1,61.0,1,0,25.14,22.91,9509,2,0,0,31.86
1715619,59.24,60.0,59.1,61.0,1,0,25.14,22.91,10009,2,0,0,31.86
1716125,59.28,60.0,59.1,61.0,1,0,24.88,22.95,10509,2,0,0,31.89
1716631,59.28,60.0,59.1,61.0,1,0,24.88,22.95,11009,2,0,0,31.89
1717137,59.32,60.0,59.1,61.0,1,0,24.73,22.95,11509,2,0,0,31.87
1717643,59.31,60.0,59.1,61.0,1,0,24.7,22.94,12009,2,0,0,31.87
1718149,59.31,60.0,59.1,61.0,1,0,24.7,22.94,12509,2,0,0,31.87
1718655,59.32,60.0,59.1,61.0,1,0,24.51,22.95,13009,2,0,0,31.87
1719161,59.32,60.0,59.1,61.0,1,0,24.51,22.95,13509,2,0,0,31.87
1719667,59.32,60.0,59.1,61.0,1,0,24.51,22.95,14009,2,0,0,31.87
1720173,59.32,60.0,59.1,61.0,1,0,24.51,22.95,14509,2,0,0,31.87
1720679,59.32,60.0,59.1,61.0,1,0,24.51,22.95,15009,2,0,0,31.87
1721185,59.38,60.0,59.1,61.0,1,0,24.14,22.97,15509,2,0,0,31.87
1721691,59.38,60.0,59.1,61.0,1,0,24.14,22.97,16009,2,0,0,31.87
1722197,59.42,60.0,59.1,61.0,1,0,24.0,22.96,16509,2,0,0,31.86
1722703,59.38,60.0,59.1,61.0,1,0,23.98,22.96,17009,2,0,0,31.85
1723211,59.38,60.0,59.1,61.0,1,0,23.98,22.94,17509,2,0,0,31.85
1723717,59.38,60.0,59.1,61.0,1,0,23.98,22.94,18009,2,0,0,31.85
1724223,59.38,60.0,59.1,61.0,1,0,23.98,22.94,18509,2,0,0,31.85
1724729,59.46,60.0,59.1,61.0,1,0,23.63,22.99,19009,2,0,0,31.87
1725235,59.47,60.0,59.1,61.0,1,0,23.5,22.98,19509,2,0,0,31.86
1725741,59.47,60.0,59.1,61.0,1,0,23.5,22.98,20009,2,0,0,31.86
1726247,59.47,60.0,59.1,61.0,1,0,23.5,22.98,20509,2,0,0,31.86
1726753,59.52,60.0,59.1,61.0,1,0,23.11,22.98,21009,2,0,0,31.87
1727259,59.55,60.0,59.1,61.0,1,0,23.05,23.0,21509,2,0,0,31.87
1727765,59.55,60.0,59.1,61.0,1,0,23.05,23.01,22009,2,0,0,31.87
1728271,59.59,60.0,59.1,61.0,1,0,23.22,23.01,22509,2,0,0,31.89
1728777,59.63,60.0,59.1,61.0,1,0,22.63,23.04,23009,2,0,0,31.89
1729283,59.63,60.0,59.1,61.0,1,0,22.63,23.05,23509,2,0,0,31.89
1729789,59.59,60.0,59.1,61.0,1,0,22.74,23.04,24009,2,0,0,31.89
1730295,59.63,60.0,59.1,61.0,1,0,22.61,23.05,24509,2,0,0,31.89
1730811,59.67,60.0,59.1,61.0,1,0,22.59,23.05,25012,2,0,0,31.87
1731318,59.67,60.0,59.1,61.0,1,0,22.59,23.05,25512,2,0,0,31.87
1731824,59.67,60.0,59.1,61.0,1,0,22.59,23.05,26012,2,0,0,31.87
1732330,59.67,60.0,59.1,61.0,1,0,22.59,23.05,26512,2,0,0,31.87
1732836,59.67,60.0,59.1,61.0,1,0,22.59,23.05,27012,2,0,0,31.87
1733342,59.67,60.0,59.1,61.0,1,0,22.59,23.05,27512,2,0,0,31.87
1733848,59.67,60.0,59.1,61.0,1,0,22.59,23.05,28012,2,0,0,31.87
1734354,59.67,60.0,59.1,61.0,1,0,22.59,23.05,28512,2,0,0,31.87
1734860,59.86,60.0,59.1,61.0,1,0,21.96,23.1,29012,2,0,0,31.87
1735366,59.86,60.0,59.1,61.0,1,0,21.96,23.1,29512,2,0,0,31.87
1735872,59.85,60.0,59.1,61.0,1,0,21.79,23.08,30012,2,0,0,31.86
1736378,59.95,60.0,59.1,61.0,1,0,21.83,23.08,30512,2,0,0,31.87
1736885,59.98,60.0,59.1,61.0,1,0,21.68,23.12,31012,2,0,0,31.87
1737392,59.98,60.0,59.1,61.0,1,0,21.68,23.13,31512,2,0,0,31.87
1737898,60.02,60.0,59.1,61.0,1,0,21.53,23.14,32012,2,1,0,31.87
1738404,59.98,60.0,59.1,61.0,1,0,21.4,23.14,32512,2,1,0,31.87
1738910,59.98,60.0,59.1,61.0,1,0,21.4,23.13,33012,2,1,0,31.87
1739416,60.08,60.0,59.1,61.0,1,0,21.53,23.15,33512,2,1,0,31.86
1739922,60.12,60.0,59.1,61.0,1,0,21.12,23.15,34012,2,1,0,31.87
1740428,60.12,60.0,59.1,61.0,1,0,21.12,23.17,34512,2,1,0,31.87
1740934,60.16,60.0,59.1,61.0,1,0,21.12,23.17,35012,2,1,0,31.86
1741440,60.16,60.0,59.1,61.0,1,0,21.12,23.17,35512,2,1,0,31.86
1741946,60.16,60.0,59.1,61.0,1,0,21.12,23.17,36012,2,1,0,31.86
1742452,60.16,60.0,59.1,61.0,1,0,21.12,23.17,36515,2,1,0,31.86
1742958,60.16,60.0,59.1,61.0,1,0,21.12,23.17,37015,2,1,0,31.86
1743464,60.25,60.0,59.1,61.0,1,0,20.64,23.22,37515,2,1,0,31.89
1743975,60.25,60.0,59.1,61.0,1,0,20.64,23.22,38015,2,1,0,31.86
1744482,60.25,60.0,59.1,61.0,1,0,20.64,23.19,38515,2,1,0,31.86
1744988,60.23,60.0,59.1,61.0,1,0,20.25,23.19,39015,2,1,0,31.85
1745494,60.23,60.0,59.1,61.0,1,0,20.25,23.18,39515,2,1,0,31.85
1746000,60.28,60.0,59.1,61.0,0,0,20.32,23.18,0,2,1,0,31.86
1746506,60.3,60.0,59.1,61.0,0,0,20.73,23.2,500,2,1,0,31.86
1747012,60.3,60.0,59.1,61.0,0,0,20.73,23.21,1000,2,1,0,31.86
1747519,60.3,60.0,59.1,61.0,0,0,20.73,23.21,1500,2,1,0,31.86
1748026,60.27,60.0,59.1,61.0,0,0,20.21,23.21,2000,2,1,0,31.87
1748532,60.27,60.0,59.1,61.0,0,0,20.21,23.21,2500,2,1,0,31.87
1749038,60.27,60.0,59.1,61.0,0,0,20.21,23.21,3000,2,1,0,31.87
1749544,60.23,60.0,59.1,61.0,0,0,19.95,23.21,3500,2,1,0,31.85
1750050,60.3,60.0,59.1,61.0,0,0,19.69,23.18,4000,2,1,0,31.86
1750556,60.3,60.0,59.1,61.0,0,0,19.69,23.21,4500,2,1,0,31.86
1751062,60.3,60.0,59.1,61.0,0,0,19.69,23.21,5000,2,1,0,31.86
1751568,60.27,60.0,59.1,61.0,0,0,20.02,23.21,5500,2,1,0,31.86
1752074,60.27,60.0,59.1,61.0,0,0,20.02,23.2,6000,2,1,0,31.86
1752580,60.27,60.0,59.1,61.0,0,0,20.02,23.2,6500,2,1,0,31.86
1753086,60.27,60.0,59.1,61.0,0,0,20.02,23.2,7000,2,1,0,31.86
1753592,60.22,60.0,59.1,61.0,0,0,20.02,23.2,7500,2,1,0,31.85
1754098,60.22,60.0,59.1,61.0,0,0,20.02,23.17,8000,2,1,0,31.85
1754604,60.21,60.0,59.1,61.0,0,0,20.1,23.17,8500,2,1,0,31.87
1755110,60.21,60.0,59.1,61.0,0,0,20.1,23.19,9503,2,1,0,31.87
1755616,60.18,60.0,59.1,61.0,0,0,20.15,23.17,10003,2,1,0,31.86
1756122,60.21,60.0,59.1,61.0,0,0,20.19,23.18,10503,2,1,0,31.86
1756628,60.21,60.0,59.1,61.0,0,0,20.19,23.18,11003,2,1,0,31.86
1757134,60.08,60.0,59.1,61.0,0,0,20.19,23.15,11503,2,1,0,31.86
1757640,60.08,60.0,59.1,61.0,0,0,20.19,23.15,12003,2,1,0,31.86
1758146,60.12,60.0,59.1,61.0,0,0,20.21,23.17,12503,2,1,0,31.87
1758652,60.09,60.0,59.1,61.0,0,0,20.1,23.16,13003,2,1,0,31.87
1759158,60.09,60.0,59.1,61.0,0,0,20.1,23.16,13503,2,1,0,31.87
1759664,59.98,60.0,59.1,61.0,0,0,19.76,23.13,14003,2,1,0,31.87
1760170,59.98,60.0,59.1,61.0,0,0,19.76,23.13,14503,2,1,0,31.87
1760676,59.98,60.0,59.1,61.0,0,0,19.76,23.13,15003,2,1,0,31.87
1761182,59.96,60.0,59.1,61.0,0,0,20.56,23.11,15503,2,1,0,31.86
1761688,59.96,60.0,59.1,61.0,0,0,20.56,23.11,16003,2,1,0,31.86
1762194,59.96,60.0,59.1,61.0,0,0,20.56,23.11,16503,2,1,0,31.86
1762700,59.96,60.0,59.1,61.0,0,0,20.56,23.11,17003,2,1,0,31.86
1763206,59.87,60.0,59.1,61.0,0,0,20.34,23.09,17503,2,1,0,31.86
1763712,59.87,60.0,59.1,61.0,0,0,20.34,23.09,18003,2,1,0,31.86
1764218,59.77,60.0,59.1,61.0,0,0,20.71,23.07,18503,2,1,0,31.87
1764724,59.77,60.0,59.1,61.0,0,0,20.71,23.07,19003,2,1,0,31.87
1765230,59.75,60.0,59.1,61.0,0,0,20.9,23.07,19503,2,1,0,31.87
1765736,59.75,60.0,59.1,61.0,1,0,20.9,23.07,0,2,1,0,31.87
1766242,59.69,60.0,59.1,61.0,1,0,20.92,23.04,500,2,1,0,31.86
1766748,59.69,60.0,59.1,61.0,1,0,20.92,23.04,1000,2,1,0,31.86
1767254,59.63,60.0,59.1,61.0,1,0,21.07,23.04,1500,2,1,0,31.87
1767762,59.63,60.0,59.1,61.0,1,0,21.07,23.04,2000,2,1,0,31.87
1768268,59.59,60.0,59.1,61.0,1,0,21.07,22.98,2500,2,1,0,31.83
1768774,59.59,60.0,59.1,61.0,1,0,21.07,22.98,3000,2,1,0,31.83
1769280,59.59,60.0,59.1,61.0,1,0,21.07,22.98,3500,2,1,0,31.83
1769786,59.53,60.0,59.1,61.0,1,0,21.14,22.99,4000,2,1,0,31.86
1770292,59.53,60.0,59.1,61.0,1,0,21.14,22.99,4500,2,1,0,31.86
1770798,59.53,60.0,59.1,61.0,1,0,21.14,22.99,5000,2,1,0,31.86
1771304,59.45,60.0,59.1,61.0,1,0,21.2,22.98,5500,2,1,0,31.87
1771810,59.46,60.0,59.1,61.0,1,0,21.03,22.99,6000,2,1,0,31.87
1772316,59.42,60.0,59.1,61.0,1,0,20.53,22.99,6500,2,1,0,31.86
1772822,59.38,60.0,59.1,61.0,1,0,21.14,22.96,7000,2,1,0,31.87
1773328,59.38,60.0,59.1,61.0,1,0,21.14,22.97,7500,2,1,0,31.87
1773834,59.38,60.0,59.1,61.0,1,0,21.14,22.97,8000,2,1,0,31.87
1774340,59.38,60.0,59.1,61.0,1,0,21.07,22.94,8500,2,1,0,31.85
1774846,59.34,60.0,59.1,61.0,1,0,20.99,22.91,9000,2,1,0,31.83
1775362,59.29,60.0,59.1,61.0,1,0,20.88,22.91,9500,2,1,0,31.86
1775869,59.29,60.0,59.1,61.0,1,0,20.88,22.93,10000,2,1,0,31.86
1776375,59.29,60.0,59.1,61.0,1,0,20.88,22.93,10500,2,1,0,31.86
1776881,59.27,60.0,59.1,61.0,1,0,20.75,22.93,11000,2,1,0,31.85
1777387,59.27,60.0,59.1,61.0,1,0,20.75,22.91,11500,2,1,0,31.85
1777893,59.23,60.0,59.1,61.0,1,0,20.6,22.9,12000,2,1,0,31.85
1778399,59.2,60.0,59.1,61.0,1,0,20.64,22.9,12500,2,1,0,31.85
1778905,59.2,60.0,59.1,61.0,1,0,20.64,22.89,13000,2,1,0,31.85
1779411,59.19,60.0,59.1,61.0,1,0,20.17,22.89,13500,2,1,0,31.85
1779917,59.19,60.0,59.1,61.0,1,0,20.17,22.89,14000,2,1,0,31.85
1780423,59.15,60.0,59.1,61.0,1,0,20.3,22.89,14500,2,1,0,31.85
1780929,59.15,60.0,59.1,61.0,1,0,20.3,22.88,15000,2,1,0,31.85
1781435,59.13,60.0,59.1,61.0,1,0,20.19,22.88,15500,2,1,0,31.85
1781941,59.13,60.0,59.1,61.0,1,0,20.19,22.87,16000,2,1,0,31.85
1782447,59.13,60.0,59.1,61.0,1,0,20.21,22.88,16500,2,1,0,31.86
1782953,59.13,60.0,59.1,61.0,1,0,20.0,22.88,17000,2,1,0,31.86
1783472,59.1,60.0,59.1,61.0,1,0,20.02,22.88,17500,2,1,0,31.86
1783979,59.1,60.0,59.1,61.0,1,0,20.02,22.88,18000,2,1,0,31.86
1784485,59.1,60.0,59.1,61.0,1,0,20.02,22.88,18500,2,1,0,31.86
1784991,59.07,60.0,59.1,61.0,1,0,20.4,22.88,19000,2,1,0,31.87
1785497,59.04,60.0,59.1,61.0,1,0,18.83,22.88,19500,2,1,0,31.86
1786003,59.04,60.0,59.1,61.0,1,0,18.83,22.86,20000,2,1,0,31.86
1786509,59.03,60.0,59.1,61.0,1,0,19.61,22.86,20500,2,1,0,31.85
1787016,59.03,60.0,59.1,61.0,1,0,19.61,22.84,21000,2,1,0,31.85
1787523,59.03,60.0,59.1,61.0,1,0,19.61,22.84,21503,2,1,0,31.85
1788029,59.03,60.0,59.1,61.0,1,0,19.61,22.84,22003,2,1,0,31.85
1788535,59.0,60.0,59.1,61.0,1,0,19.48,22.85,22503,2,1,0,31.86
1789041,58.98,60.0,59.1,61.0,1,0,19.5,22.85,23003,2,1,0,31.85
1789547,58.98,60.0,59.1,61.0,1,0,19.5,22.83,23503,2,1,0,31.85
1790053,58.98,60.0,59.1,61.0,1,0,19.5,22.83,24003,2,1,0,31.85
1790559,58.95,60.0,59.1,61.0,1,0,19.24,22.83,24503,2,1,0,31.83
1791065,58.95,60.0,59.1,61.0,1,0,19.24,22.8,25003,2,1,0,31.83
1791571,58.93,60.0,59.1,61.0,1,0,19.2,22.8,25503,2,1,0,31.85
1792077,58.94,60.0,59.1,61.0,1,0,19.65,22.81,26003,2,1,0,31.86
1792583,58.94,60.0,59.1,61.0,1,0,19.65,22.83,26503,2,1,0,31.86
1793089,58.9,60.0,59.1,61.0,1,0,18.9,22.83,27004,2,1,0,31.86
1793595,58.85,60.0,59.1,61.0,1,0,18.79,22.82,27504,2,1,0,31.86
1794101,58.85,60.0,59.1,61.0,1,0,18.79,22.81,28005,2,1,0,31.86
1794607,58.85,60.0,59.1,61.0,1,0,18.79,22.81,28505,2,1,0,31.86
1795113,58.83,60.0,59.1,61.0,1,0,18.79,22.81,29005,2,1,0,31.86
1795619,58.83,60.0,59.1,61.0,1,0,18.79,22.8,30009,2,1,0,31.86
1796125,58.83,60.0,59.1,61.0,1,0,18.79,22.8,30509,2,1,0,31.86
1796631,58.79,60.0,59.1,61.0,1,0,18.36,22.77,31009,2,1,0,31.85
1797143,58.74,60.0,59.1,61.0,1,0,18.38,22.77,31509,2,1,0,31.85
1797650,58.74,60.0,59.1,61.0,1,0,18.38,22.76,32009,2,1,0,31.85
1798156,58.73,60.0,59.1,61.0,1,0,18.55,22.78,32524,2,1,0,31.87
1798662,58.73,60.0,59.1,61.0,1,0,18.55,22.78,33024,2,1,0,31.87
1799168,58.68,60.0,59.1,61.0,1,0,18.19,22.76,33524,2,1,0,31.86
1799674,58.68,60.0,59.1,61.0,1,0,18.19,22.76,34024,2,1,0,31.86
1800180,58.64,60.0,59.1,61.0,1,0,18.21,22.75,34524,2,1,0,31.86
1800686,58.61,60.0,59.1,61.0,1,0,18.1,22.71,35024,2,1,0,31.83
1801192,58.61,60.0,59.1,61.0,1,0,18.1,22.71,35524,2,1,0,31.83
1801698,58.61,60.0,59.1,61.0,1,0,18.1,22.71,36024,2,1,0,31.83
1802204,58.57,60.0,59.1,61.0,1,0,18.12,22.72,36524,2,1,0,31.86
1802710,58.53,60.0,59.1,61.0,1,0,17.95,22.7,37024,2,1,0,31.85
1803216,58.51,60.0,59.1,61.0,1,0,17.76,22.7,37524,2,1,0,31.85
1803722,58.49,60.0,59.1,61.0,1,0,17.88,22.7,38024,2,1,0,31.86
1804228,58.49,60.0,59.1,61.0,1,0,17.88,22.7,38524,2,1,0,31.86
1804734,58.38,60.0,59.1,61.0,1,0,17.73,22.66,39024,2,1,0,31.85
1805240,58.34,60.0,59.1,61.0,1,0,17.58,22.66,39524,2,1,0,31.85
1805755,58.34,60.0,59.1,61.0,0,0,17.45,22.65,0,2,1,0,31.86
1806261,58.34,60.0,59.1,61.0,0,0,17.45,22.66,500,2,1,0,31.86
1806767,58.28,60.0,59.1,61.0,0,0,17.2,22.63,1000,2,1,0,31.85
1807273,58.24,60.0,59.1,61.0,0,0,17.32,22.62,1500,2,1,0,31.85
1807779,58.24,60.0,59.1,61.0,0,0,17.32,22.62,2004,2,1,0,31.85
1808285,58.15,60.0,59.1,61.0,0,0,17.3,22.61,2505,2,1,0,31.86
1808791,58.15,60.0,59.1,61.0,0,0,17.3,22.61,3005,2,1,0,31.86
1809297,58.1,60.0,59.1,61.0,0,0,17.6,22.58,3505,2,1,0,31.85
1809812,58.05,60.0,59.1,61.0,0,0,17.26,22.58,4005,2,1,0,31.83
1810319,58.05,60.0,59.1,61.0,0,0,17.26,22.55,4505,2,1,0,31.83
1810825,58.01,60.0,59.1,61.0,0,0,17.28,22.57,5005,2,1,0,31.86
1811331,58.01,60.0,59.1,61.0,0,0,17.28,22.57,5505,2,1,0,31.86
1811837,57.94,60.0,59.1,61.0,0,0,17.24,22.53,6005,2,1,0,31.85
1812343,57.9,60.0,59.1,61.0,0,0,16.98,22.52,6505,2,1,0,31.85
1812849,57.9,60.0,59.1,61.0,0,0,16.98,22.52,7005,2,1,0,31.85
1813355,57.81,60.0,59.1,61.0,0,0,17.32,22.48,7505,2,1,0,31.83
1813861,57.75,60.0,59.1,61.0,0,0,17.41,22.48,8005,2,1,0,31.85
1814367,57.75,60.0,59.1,61.0,0,0,17.41,22.48,8505,2,1,0,31.85
1814873,57.67,60.0,59.1,61.0,0,0,17.37,22.44,9005,2,1,0,31.83
1815379,57.68,60.0,59.1,61.0,0,0,17.5,22.45,9505,2,1,0,31.83
1815885,57.68,60.0,59.1,61.0,0,0,17.5,22.45,10005,2,1,0,31.83
1816391,57.6,60.0,59.1,61.0,0,0,17.58,22.44,10505,2,1,0,31.85
1816897,57.6,60.0,59.1,61.0,0,0,17.58,22.44,11005,2,1,0,31.85
1817403,57.6,60.0,59.1,61.0,0,0,17.58,22.44,11505,2,1,0,31.85
1817909,57.43,60.0,59.1,61.0,0,0,17.95,22.39,12005,2,1,0,31.85
1818415,57.43,60.0,59.1,61.0,0,0,17.95,22.39,12505,2,1,0,31.85
1818921,57.43,60.0,59.1,61.0,0,0,17.95,22.39,13005,2,1,0,31.85
1819427,57.43,60.0,59.1,61.0,0,0,17.95,22.39,13505,2,1,0,31.85
1819933,57.31,60.0,59.1,61.0,0,0,18.38,22.34,14005,2,1,0,31.83
1820439,57.31,60.0,59.1,61.0,0,0,18.38,22.34,14505,2,1,0,31.83
1820945,57.26,60.0,59.1,61.0,0,0,18.04,22.32,15005,2,1,0,31.83
1821451,57.19,60.0,59.1,61.0,0,0,18.38,22.32,15505,2,1,0,31.83
1821957,57.19,60.0,59.1,61.0,0,0,18.38,22.31,16005,2,1,0,31.83
1822463,57.19,60.0,59.1,61.0,0,0,18.38,22.31,16505,2,1,0,31.83
1822969,57.07,60.0,59.1,61.0,0,0,18.44,22.27,17005,2,1,0,31.83
1823475,57.07,60.0,59.1,61.0,0,0,18.44,22.27,17505,2,1,0,31.83
1823981,57.07,60.0,59.1,61.0,0,0,18.38,22.27,18005,2,1,0,31.83
1824487,56.99,60.0,59.1,61.0,0,0,18.53,22.24,18505,2,1,0,31.82
1824993,56.88,60.0,59.1,61.0,0,0,18.77,22.24,19005,2,1,0,31.85
1825499,56.88,60.0,59.1,61.0,0,0,18.77,22.23,19505,2,1,0,31.85
1826005,56.88,60.0,59.1,61.0,0,0,18.77,22.23,20005,2,1,0,31.85
1826511,56.88,60.0,59.1,61.0,0,0,18.77,22.23,20505,2,1,0,31.85
1827017,56.79,60.0,59.1,61.0,0,0,18.85,22.23,21005,2,1,0,31.83
1827523,56.76,60.0,59.1,61.0,0,0,18.94,22.19,21505,2,1,0,31.87
1828029,56.76,60.0,59.1,61.0,0,0,19.13,22.22,22005,2,1,0,31.85
1828535,56.72,60.0,59.1,61.0,0,0,18.85,22.2,22505,2,1,0,31.85
1829041,56.72,60.0,59.1,61.0,0,0,18.85,22.18,23005,2,1,0,31.85
1829547,56.67,60.0,59.1,61.0,0,0,19.11,22.18,23505,2,1,0,31.86
1830054,56.55,60.0,59.1,61.0,0,0,19.22,22.18,24005,2,1,0,31.82
1830561,56.55,60.0,59.1,61.0,0,0,19.22,22.11,24505,2,1,0,31.82
1831067,56.57,60.0,59.1,61.0,0,0,19.35,22.11,25005,2,1,0,31.83
1831573,56.52,60.0,59.1,61.0,0,0,19.35,22.13,25505,2,1,0,31.83
1832079,56.52,60.0,59.1,61.0,0,0,19.35,22.11,26005,2,1,0,31.83
1832585,56.52,60.0,59.1,61.0,0,0,19.35,22.11,26505,2,1,0,31.83
1833091,56.48,60.0,59.1,61.0,0,0,19.41,22.1,27005,2,1,0,31.83
1833597,56.46,60.0,59.1,61.0,0,0,19.63,22.1,27505,2,1,0,31.86
1834112,56.46,60.0,59.1,61.0,0,0,19.65,22.12,28005,2,1,0,31.82
1834619,56.46,60.0,59.1,61.0,0,0,19.65,22.08,28505,2,1,0,31.82
1835125,56.41,60.0,59.1,61.0,0,0,19.76,22.08,29005,2,1,0,31.85
1835631,56.41,60.0,59.1,61.0,0,0,19.76,22.09,29505,2,1,0,31.85
1836137,56.41,60.0,59.1,61.0,0,0,19.76,22.09,30005,2,1,0,31.85
1836643,56.34,60.0,59.1,61.0,0,0,19.91,22.08,31009,2,1,0,31.85
1837149,56.34,60.0,59.1,61.0,0,0,19.91,22.08,31509,2,1,0,31.85
1837655,56.34,60.0,59.1,61.0,0,0,19.91,22.08,32009,2,1,0,31.85
1838161,56.34,60.0,59.1,61.0,0,0,19.91,22.08,32509,2,1,0,31.85
1838667,56.31,60.0,59.1,61.0,0,0,20.12,22.06,33009,2,1,0,31.85
1839173,56.27,60.0,59.1,61.0,0,0,20.23,22.05,33509,2,1,0,31.85
1839679,56.27,60.0,59.1,61.0,0,0,20.23,22.05,34009,2,1,0,31.85
1840185,56.28,60.0,59.1,61.0,0,0,20.38,22.04,34509,2,1,0,31.83
1840691,56.27,60.0,59.1,61.0,0,0,20.47,22.04,35009,2,1,0,31.83
1841197,56.27,60.0,59.1,61.0,0,0,20.47,22.04,35509,2,1,0,31.83
1841703,56.27,60.0,59.1,61.0,0,0,20.47,22.04,36009,2,1,0,31.83
1842209,56.26,60.0,59.1,61.0,0,0,20.6,22.05,36509,2,0,0,31.85
1842715,56.22,60.0,59.1,61.0,0,0,20.79,22.05,37009,2,0,0,31.85
1843221,56.22,60.0,59.1,61.0,0,0,20.79,22.04,37509,2,0,0,31.85
1843727,56.24,60.0,59.1,61.0,0,0,20.58,22.03,38009,2,0,0,31.83
1844233,56.24,60.0,59.1,61.0,0,0,20.58,22.03,38513,2,0,0,31.83
1844740,56.19,60.0,59.1,61.0,0,0,20.81,22.03,39013,2,0,0,31.82
1845247,56.19,60.0,59.1,61.0,0,0,20.81,22.0,39513,2,0,0,31.82
1845753,56.18,60.0,59.1,61.0,0,0,20.94,22.01,40013,2,0,0,31.83
1846259,56.19,60.0,59.1,61.0,0,0,21.1,22.03,40513,2,0,0,31.85
1846765,56.18,60.0,59.1,61.0,0,0,20.92,22.03,41013,2,0,0,31.85
1847271,56.18,60.0,59.1,61.0,0,0,20.92,22.03,41513,2,0,0,31.85
1847777,56.19,60.0,59.1,61.0,0,0,21.03,22.03,42013,2,0,0,31.85
1848283,56.19,60.0,59.1,61.0,0,0,21.1,22.03,42513,2,0,0,31.85
1848789,56.19,60.0,59.1,61.0,0,0,21.1,22.03,43013,2,0,0,31.85
1849295,56.18,60.0,59.1,61.0,0,0,21.18,22.01,43513,2,0,0,31.83
1849801,56.22,60.0,59.1,61.0,0,0,21.25,22.04,44013,2,0,0,31.85
1850308,56.19,60.0,59.1,61.0,0,0,21.44,22.04,44513,2,0,0,31.83
1850815,56.19,60.0,59.1,61.0,0,0,21.44,22.02,45013,2,0,0,31.83
1851321,56.19,60.0,59.1,61.0,0,0,21.44,22.02,45513,2,0,0,31.83
1851827,56.22,60.0,59.1,61.0,0,0,21.53,22.04,46013,2,0,0,31.85
1852333,56.22,60.0,59.1,61.0,0,0,21.53,22.04,46513,2,0,0,31.85
1852839,56.25,60.0,59.1,61.0,0,0,21.4,22.06,47013,2,0,0,31.86
1853345,56.2,60.0,59.1,61.0,0,0,21.53,22.02,47513,2,0,0,31.83
1853851,56.22,60.0,59.1,61.0,0,0,21.38,22.02,48013,2,0,0,31.83
1854366,56.23,60.0,59.1,61.0,0,0,21.29,22.02,48513,2,0,0,31.85
1854873,56.23,60.0,59.1,61.0,0,0,21.29,22.04,49013,2,0,0,31.85
1855379,56.22,60.0,59.1,61.0,0,0,21.79,22.02,49529,2,0,0,31.83
1855885,56.22,60.0,59.1,61.0,0,0,21.79,22.02,50029,2,0,0,31.83
1856391,56.22,60.0,59.1,61.0,0,0,21.79,22.02,50529,2,0,0,31.83
1856897,56.22,60.0,59.1,61.0,0,0,21.94,22.04,51029,2,0,0,31.85
1857403,56.24,60.0,59.1,61.0,0,0,21.92,22.05,51529,2,0,0,31.85
1857909,56.27,60.0,59.1,61.0,0,0,22.2,22.04,52029,2,0,0,31.83
1858415,56.26,60.0,59.1,61.0,0,0,21.81,22.04,52529,2,0,0,31.85
1858921,56.27,60.0,59.1,61.0,0,0,21.98,22.05,53029,2,0,0,31.86
1859427,56.27,60.0,59.1,61.0,0,0,21.98,22.07,53529,2,0,0,31.86
1859933,56.27,60.0,59.1,61.0,0,0,22.39,22.07,54029,2,0,0,31.85
1860439,56.29,60.0,59.1,61.0,0,0,22.29,22.05,54529,2,0,0,31.8
1860945,56.29,60.0,59.1,61.0,0,0,22.29,22.02,55029,2,0,0,31.8
1861451,56.3,60.0,59.1,61.0,0,0,22.24,22.04,55529,2,0,0,31.82
1861957,56.32,60.0,59.1,61.0,0,0,22.31,22.04,56029,2,0,0,31.85
1862463,56.28,60.0,59.1,61.0,0,0,22.26,22.07,56529,2,0,0,31.86
1862969,56.28,60.0,59.1,61.0,0,0,22.26,22.07,57029,2,0,0,31.86
1863475,56.34,60.0,59.1,61.0,0,0,22.46,22.06,57529,2,0,0,31.83
1863981,56.32,60.0,59.1,61.0,0,0,22.61,22.06,58029,2,0,0,31.85
1864487,56.37,60.0,59.1,61.0,0,0,22.33,22.07,58529,2,0,0,31.85
1864993,56.38,60.0,59.1,61.0,0,0,22.76,22.08,59029,2,0,0,31.83
1865499,56.38,60.0,59.1,61.0,0,0,22.76,22.07,59529,2,0,0,31.83
1866005,56.39,60.0,59.1,61.0,0,0,22.85,22.07,60029,2,0,0,31.87
1866511,56.39,60.0,59.1,61.0,0,0,22.85,22.11,60529,2,0,0,31.87
1867017,56.43,60.0,59.1,61.0,0,0,22.63,22.11,61030,2,0,0,31.83
1867523,56.43,60.0,59.1,61.0,0,0,22.63,22.09,61532,2,0,0,31.83
1868029,56.39,60.0,59.1,61.0,0,0,22.78,22.09,62032,2,0,0,31.85
1868535,56.44,60.0,59.1,61.0,0,0,22.76,22.06,62534,2,0,0,31.8
1869041,56.44,60.0,59.1,61.0,0,0,22.76,22.06,63034,2,0,0,31.8
1869547,56.44,60.0,59.1,61.0,0,0,22.76,22.06,63534,2,0,0,31.8
1870053,56.44,60.0,59.1,61.0,0,0,22.76,22.06,64034,2,0,0,31.8
1870559,56.49,60.0,59.1,61.0,0,0,23.7,22.06,64534,2,0,0,31.85
1871065,56.49,60.0,59.1,61.0,0,0,23.7,22.12,65034,2,0,0,31.85
1871571,56.5,60.0,59.1,61.0,0,0,23.0,22.11,65534,2,0,0,31.83
1872077,56.53,60.0,59.1,61.0,0,0,23.15,22.11,66034,2,0,0,31.85
1872583,56.53,60.0,59.1,61.0,0,0,23.15,22.13,66534,2,0,0,31.85
1873089,56.51,60.0,59.1,61.0,0,0,23.15,22.13,67034,2,0,0,31.85
1873595,56.51,60.0,59.1,61.0,0,0,23.7,22.12,67535,2,0,0,31.85
1874101,56.51,60.0,59.1,61.0,0,0,23.7,22.12,68037,2,0,0,31.85
1874607,56.56,60.0,59.1,61.0,0,0,23.37,22.12,68537,2,0,0,31.85
1875113,56.58,60.0,59.1,61.0,0,0,23.35,22.14,69037,2,0,0,31.85
1875619,56.58,60.0,59.1,61.0,0,0,23.35,22.15,69537,2,0,0,31.85
1876125,56.63,60.0,59.1,61.0,0,0,23.39,22.15,70037,2,0,0,31.85
1876631,56.63,60.0,59.1,61.0,0,0,23.39,22.16,70537,2,0,0,31.85
1877137,56.63,60.0,59.1,61.0,0,0,23.39,22.16,71037,2,0,0,31.85
1877643,56.63,60.0,59.1,61.0,0,0,23.39,22.16,71537,2,0,0,31.85
1878149,56.63,60.0,59.1,61.0,0,0,23.39,22.16,72037,2,0,0,31.85
1878655,56.63,60.0,59.1,61.0,0,0,23.39,22.16,72537,2,0,0,31.85
1879161,56.66,60.0,59.1,61.0,0,0,23.63,22.16,73037,2,0,0,31.87
1879667,56.66,60.0,59.1,61.0,0,0,23.63,22.19,73537,2,0,0,31.87
1880173,56.72,60.0,59.1,61.0,0,0,24.22,22.2,74539,2,0,0,31.86
1880679,56.71,60.0,59.1,61.0,0,0,23.42,22.19,75039,2,0,0,31.86
1881185,56.71,60.0,59.1,61.0,0,0,23.42,22.19,75539,2,0,0,31.86
1881691,56.76,60.0,59.1,61.0,0,0,23.83,22.2,76039,2,0,0,31.85
1882197,56.76,60.0,59.1,61.0,0,0,23.83,22.2,76539,2,0,0,31.85
1882703,56.76,60.0,59.1,61.0,0,0,23.76,22.2,77039,2,0,0,31.85
1883209,56.78,60.0,59.1,61.0,0,0,24.07,22.22,77539,2,0,0,31.86
1883715,56.78,60.0,59.1,61.0,0,0,24.07,22.22,78039,2,0,0,31.86
1884221,56.78,60.0,59.1,61.0,0,0,24.07,22.22,78539,2,0,0,31.86
1884727,56.81,60.0,59.1,61.0,0,0,23.87,22.21,79039,2,0,0,31.85
1885233,56.81,60.0,59.1,61.0,0,0,23.87,22.21,79539,2,0,0,31.85
1885739,56.81,60.0,59.1,61.0,0,0,23.87,22.21,80039,2,0,0,31.85
1886245,56.9,60.0,59.1,61.0,0,0,24.03,22.24,80539,2,0,0,31.85
1886751,56.9,60.0,59.1,61.0,0,0,24.03,22.24,81039,2,0,0,31.85
1887257,56.9,60.0,59.1,61.0,0,0,24.03,22.24,81539,2,0,0,31.85
1887763,56.92,60.0,59.1,61.0,0,0,24.38,22.24,82039,2,0,0,31.85
1888269,56.92,60.0,59.1,61.0,0,0,24.38,22.24,82539,2,0,0,31.85
1888775,56.92,60.0,59.1,61.0,0,0,24.27,22.26,83039,2,0,0,31.86
1889281,56.92,60.0,59.1,61.0,0,0,24.27,22.26,83539,2,0,0,31.86
1889787,56.92,60.0,59.1,61.0,0,0,24.27,22.26,84039,2,0,0,31.86
1890293,56.98,60.0,59.1,61.0,0,0,23.83,22.26,84539,2,0,0,31.85
1890799,56.98,60.0,59.1,61.0,0,0,23.83,22.26,85039,2,0,0,31.85
1891305,56.98,60.0,59.1,61.0,0,0,23.83,22.26,85539,2,0,0,31.85
1891811,57.02,60.0,59.1,61.0,0,0,24.6,22.27,86039,2,0,0,31.85
1892317,57.06,60.0,59.1,61.0,0,0,24.51,22.31,86539,2,0,0,31.87
1892823,57.09,60.0,59.1,61.0,0,0,24.51,22.31,87039,2,0,0,31.85
1893329,57.09,60.0,59.1,61.0,0,0,24.51,22.29,87539,2,0,0,31.85
1893835,57.09,60.0,59.1,61.0,0,0,24.62,22.28,88039,2,0,0,31.83
1894341,57.12,60.0,59.1,61.0,0,0,24.4,22.28,88539,2,0,0,31.86
1894847,57.12,60.0,59.1,61.0,0,0,24.4,22.31,89039,2,0,0,31.86
1895353,57.12,60.0,59.1,61.0,0,0,24.55,22.31,89539,2,0,0,31.86
1895859,57.12,60.0,59.1,61.0,0,0,24.55,22.31,90039,2,0,0,31.86
1896365,57.15,60.0,59.1,61.0,0,0,24.64,22.32,90539,2,0,0,31.86
1896871,57.19,60.0,59.1,61.0,0,0,24.57,22.31,91039,2,0,0,31.83
1897377,57.19,60.0,59.1,61.0,0,0,24.57,22.32,91539,2,0,0,31.85
1897883,57.19,60.0,59.1,61.0,0,0,24.57,22.32,92039,2,0,0,31.85
1898389,57.19,60.0,59.1,61.0,0,0,24.57,22.32,92539,2,0,0,31.85
1898895,57.21,60.0,59.1,61.0,0,0,24.84,22.33,93039,2,0,0,31.85
1899401,57.26,60.0,59.1,61.0,0,0,24.77,22.33,93539,2,0,0,31.85
1899907,57.26,60.0,59.1,61.0,0,0,24.77,22.34,94039,2,0,0,31.85
1900413,57.26,60.0,59.1,61.0,0,0,24.84,22.32,94539,2,0,0,31.83
1900919,57.24,60.0,59.1,61.0,0,0,24.95,22.32,95039,2,0,0,31.83
1901425,57.29,60.0,59.1,61.0,0,0,24.75,22.32,95539,2,0,0,31.85
1901931,57.29,60.0,59.1,61.0,0,0,24.75,22.35,96039,2,0,0,31.85
1902437,57.29,60.0,59.1,61.0,0,0,24.75,22.35,96539,2,0,0,31.85
1902943,57.3,60.0,59.1,61.0,0,0,25.06,22.35,97039,2,0,0,31.85
1903449,57.3,60.0,59.1,61.0,0,0,25.06,22.35,97539,2,0,0,31.85
1903955,57.36,60.0,59.1,61.0,0,0,25.03,22.37,98039,2,0,0,31.85
1904461,57.36,60.0,59.1,61.0,0,0,25.03,22.37,98539,2,0,0,31.85
1904967,57.35,60.0,59.1,61.0,0,0,25.28,22.37,99049,2,0,0,31.85
1905473,57.38,60.0,59.1,61.0,0,0,25.19,22.37,99549,2,0,0,31.83
1905980,57.38,60.0,59.1,61.0,0,0,25.3,22.36,100049,2,0,0,31.85
1906487,57.38,60.0,59.1,61.0,0,0,25.3,22.38,100551,2,0,0,31.85
1906993,57.42,60.0,59.1,61.0,0,0,25.08,22.4,101052,2,0,0,31.86
1907499,57.43,60.0,59.1,61.0,0,0,25.28,22.4,101552,2,0,0,31.85
1908005,57.43,60.0,59.1,61.0,0,0,25.28,22.39,102052,2,0,0,31.85
1908511,57.45,60.0,59.1,61.0,0,0,25.25,22.39,102552,2,0,0,31.85
1909017,57.45,60.0,59.1,61.0,0,0,25.25,22.39,103052,2,0,0,31.85
1909523,57.44,60.0,59.1,61.0,0,0,25.21,22.38,103552,2,0,0,31.83
1910029,57.48,60.0,59.1,61.0,0,0,25.32,22.38,104052,2,0,0,31.85
1910535,57.48,60.0,59.1,61.0,0,0,25.32,22.41,104552,2,0,0,31.85
1911041,57.48,60.0,59.1,61.0,0,0,25.32,22.41,105052,2,0,0,31.85
1911547,57.49,60.0,59.1,61.0,0,0,25.45,22.41,105552,2,0,0,31.83
1912053,57.5,60.0,59.1,61.0,0,0,25.39,22.39,106052,2,0,0,31.85
1912559,57.5,60.0,59.1,61.0,0,0,25.39,22.41,106552,2,0,0,31.85
1913065,57.54,60.0,59.1,61.0,0,0,25.52,22.42,107067,2,0,0,31.85
1913571,57.54,60.0,59.1,61.0,0,0,25.52,22.42,107567,2,0,0,31.85
1914077,57.58,60.0,59.1,61.0,0,0,25.25,22.42,108067,2,0,0,31.82
1914583,57.58,60.0,59.1,61.0,0,0,25.25,22.41,108567,2,0,0,31.82
1915089,57.57,60.0,59.1,61.0,0,0,25.72,22.41,109067,2,0,0,31.85
1915595,57.59,60.0,59.1,61.0,0,0,25.63,22.43,109567,2,0,0,31.85
1916101,57.59,60.0,59.1,61.0,0,0,25.63,22.43,110067,2,0,0,31.85
1916607,57.63,60.0,59.1,61.0,0,0,25.67,22.43,110567,2,0,0,31.83
1917113,57.63,60.0,59.1,61.0,0,0,25.67,22.43,111067,2,0,0,31.83
1917620,57.62,60.0,59.1,61.0,0,0,25.83,22.43,111567,2,0,0,31.85
1918126,57.62,60.0,59.1,61.0,0,0,25.83,22.44,112067,2,0,0,31.85
1918632,57.64,60.0,59.1,61.0,0,0,25.74,22.44,112567,2,0,0,31.85
1919138,57.64,60.0,59.1,61.0,0,0,25.74,22.45,113067,2,0,0,31.85
1919644,57.68,60.0,59.1,61.0,0,0,25.54,22.47,113582,2,0,0,31.86
1920150,57.69,60.0,59.1,61.0,0,0,25.72,22.47,114082,2,0,0,31.86
1920656,57.69,60.0,59.1,61.0,0,0,25.72,22.48,114582,2,0,0,31.86
1921163,57.71,60.0,59.1,61.0,0,0,25.74,22.48,115082,2,0,0,31.83
1921669,57.72,60.0,59.1,61.0,0,0,25.87,22.45,115582,2,0,0,31.85
1922187,57.73,60.0,59.1,61.0,0,0,25.7,22.47,116082,2,0,0,31.86
1922694,57.73,60.0,59.1,61.0,0,0,25.7,22.49,116582,2,0,0,31.86
1923201,57.73,60.0,59.1,61.0,0,0,25.76,22.49,117082,2,0,0,31.87
1923707,57.76,60.0,59.1,61.0,0,0,25.87,22.5,117582,2,0,0,31.85
1924213,57.76,60.0,59.1,61.0,0,0,25.87,22.48,118082,2,0,0,31.85
1924719,57.76,60.0,59.1,61.0,0,0,25.87,22.48,118585,2,0,0,31.85
1925225,57.76,60.0,59.1,61.0,0,0,25.87,22.48,119091,2,0,0,31.85
1925731,57.79,60.0,59.1,61.0,0,0,26.09,22.48,119601,2,0,0,31.83
1926237,57.79,60.0,59.1,61.0,0,0,26.09,22.48,120107,2,0,0,31.83
1926743,57.79,60.0,59.1,61.0,0,0,26.09,22.48,120609,2,0,0,31.83
1927249,57.81,60.0,59.1,61.0,0,0,26.16,22.48,121115,2,0,0,31.86
1927755,57.81,60.0,59.1,61.0,0,0,26.16,22.51,121621,2,0,0,31.85
1928261,57.81,60.0,59.1,61.0,0,0,26.16,22.5,122127,2,0,0,31.85
1928767,57.85,60.0,59.1,61.0,0,0,26.23,22.5,122634,2,0,0,31.85
1929273,57.82,60.0,59.1,61.0,0,0,26.03,22.51,123139,2,0,0,31.85
1929779,57.86,60.0,59.1,61.0,0,0,26.29,22.5,123645,2,0,0,31.85
1930285,57.86,60.0,59.1,61.0,0,0,26.29,22.51,124151,2,0,0,31.85
1930792,57.86,60.0,59.1,61.0,0,0,26.29,22.51,125158,2,0,0,31.85
1931299,57.86,60.0,59.1,61.0,0,0,26.29,22.51,125658,2,0,0,31.85
1931805,57.92,60.0,59.1,61.0,0,0,26.54,22.53,126158,2,0,0,31.85
1932311,57.92,60.0,59.1,61.0,0,0,26.54,22.53,126658,2,0,0,31.85
1932817,57.88,60.0,59.1,61.0,0,0,26.23,22.5,127158,2,0,0,31.83
1933323,57.88,60.0,59.1,61.0,0,0,26.23,22.5,127658,2,0,0,31.83
1933829,57.94,60.0,59.1,61.0,0,0,26.29,22.53,128173,2,0,0,31.85
1934335,57.94,60.0,59.1,61.0,0,0,26.29,22.53,128673,2,0,0,31.85
1934841,57.94,60.0,59.1,61.0,0,0,26.29,22.53,129173,2,0,0,31.85
1935347,57.9,60.0,59.1,61.0,0,0,26.29,22.49,129673,2,0,0,31.82
1935854,57.9,60.0,59.1,61.0,0,0,26.29,22.49,130173,2,0,0,31.82
1936360,57.94,60.0,59.1,61.0,0,0,26.45,22.53,130673,2,0,0,31.85
1936866,57.94,60.0,59.1,61.0,0,0,26.45,22.53,131173,2,0,0,31.85
1937372,57.94,60.0,59.1,61.0,0,0,26.45,22.53,131673,2,0,0,31.85
1937878,57.94,60.0,59.1,61.0,0,0,26.45,22.53,132173,2,0,0,31.85
1938385,57.98,60.0,59.1,61.0,0,0,26.43,22.57,132673,2,0,0,31.87
1938891,57.98,60.0,59.1,61.0,0,0,26.43,22.57,133173,2,0,0,31.87
1939397,57.98,60.0,59.1,61.0,0,0,26.43,22.57,133673,2,0,0,31.87
1939903,57.97,60.0,59.1,61.0,0,0,26.49,22.54,134173,2,0,0,31.85
1940409,58.01,60.0,59.1,61.0,0,0,26.54,22.54,134673,2,0,0,31.86
1940915,58.01,60.0,59.1,61.0,0,0,26.54,22.57,135173,2,0,0,31.86
1941421,58.05,60.0,59.1,61.0,0,0,26.54,22.57,135673,2,0,0,31.85
1941927,58.04,60.0,59.1,61.0,0,0,26.63,22.57,136173,2,0,0,31.85
1942433,58.04,60.0,59.1,61.0,0,0,26.63,22.56,136673,2,0,0,31.85
1942939,58.07,60.0,59.1,61.0,0,0,26.63,22.56,137173,2,0,0,31.85
1943445,58.07,60.0,59.1,61.0,0,0,26.63,22.57,137673,2,0,0,31.85
1943951,58.07,60.0,59.1,61.0,0,0,26.63,22.57,138173,2,0,0,31.85
1944457,58.1,60.0,59.1,61.0,0,0,26.63,22.59,138673,2,0,0,31.86
1944963,58.1,60.0,59.1,61.0,0,0,26.63,22.59,139174,2,0,0,31.86
1945469,58.06,60.0,59.1,61.0,0,0,26.65,22.58,139675,2,0,0,31.86
1945975,58.06,60.0,59.1,61.0,0,0,26.65,22.58,140175,2,0,0,31.86
1946481,58.1,60.0,59.1,61.0,0,0,26.69,22.58,140675,2,0,0,31.85
1946987,58.1,60.0,59.1,61.0,0,0,26.76,22.58,141175,2,0,0,31.85
1947493,58.1,60.0,59.1,61.0,0,0,26.76,22.58,141675,2,0,0,31.85
1947999,58.16,60.0,59.1,61.0,0,0,26.89,22.61,142175,2,0,0,31.86
1948505,58.14,60.0,59.1,61.0,0,0,26.76,22.61,142675,2,0,0,31.87
1949011,58.14,60.0,59.1,61.0,0,0,26.76,22.62,143175,2,0,0,31.87
1949517,58.16,60.0,59.1,61.0,0,0,27.05,22.62,143675,2,0,0,31.85
1950023,58.15,60.0,59.1,61.0,0,0,26.83,22.6,144175,2,0,0,31.86
1950530,58.15,60.0,59.1,61.0,0,0,26.83,22.61,144675,2,0,0,31.86
1951036,58.22,60.0,59.1,61.0,0,0,27.07,22.61,145175,2,0,0,31.86
1951542,58.22,60.0,59.1,61.0,0,0,27.07,22.63,145675,2,0,0,31.86
1952048,58.22,60.0,59.1,61.0,0,0,27.05,22.63,146175,2,0,0,31.85
1952554,58.22,60.0,59.1,61.0,0,0,27.05,22.62,146675,2,0,0,31.85
1953060,58.22,60.0,59.1,61.0,0,0,27.05,22.62,147175,2,0,0,31.85
1953566,58.22,60.0,59.1,61.0,0,0,27.05,22.62,147675,2,0,0,31.85
1954072,58.28,60.0,59.1,61.0,0,0,27.27,22.66,148175,2,0,0,31.87
1954578,58.28,60.0,59.1,61.0,0,0,27.27,22.66,148675,2,0,0,31.87
1955084,58.28,60.0,59.1,61.0,0,0,27.41,22.66,149175,2,0,0,31.86
1955590,58.28,60.0,59.1,61.0,0,0,27.41,22.64,149675,2,0,0,31.86
1956096,58.3,60.0,59.1,61.0,0,0,27.03,22.64,150175,2,0,0,31.85
1956602,58.3,60.0,59.1,61.0,0,0,27.03,22.64,150675,2,0,0,31.85
1957109,58.3,60.0,59.1,61.0,0,0,27.03,22.64,151175,2,0,0,31.85
1957615,58.3,60.0,59.1,61.0,0,0,27.03,22.64,151675,2,0,0,31.85
1958121,58.35,60.0,59.1,61.0,0,0,27.07,22.64,152175,2,0,0,31.86
1958627,58.35,60.0,59.1,61.0,0,0,27.07,22.66,152675,2,0,0,31.86
1959133,58.38,60.0,59.1,61.0,0,0,26.94,22.68,153175,2,0,0,31.87
1959639,58.37,60.0,59.1,61.0,0,0,27.14,22.64,153675,2,0,0,31.83
1960145,58.37,60.0,59.1,61.0,0,0,27.14,22.64,154175,2,0,0,31.83
1960651,58.39,60.0,59.1,61.0,0,0,27.16,22.64,154675,2,0,0,31.85
1961158,58.39,60.0,59.1,61.0,0,0,27.16,22.66,155175,2,0,0,31.85
1961665,58.45,60.0,59.1,61.0,0,0,27.43,22.66,155675,2,0,0,31.86
1962171,58.45,60.0,59.1,61.0,0,0,27.43,22.69,156175,2,0,0,31.86
1962677,58.44,60.0,59.1,61.0,0,0,27.39,22.69,156675,2,0,0,31.85
1963183,58.44,60.0,59.1,61.0,0,0,27.39,22.68,157175,2,0,0,31.85
1963689,58.44,60.0,59.1,61.0,0,0,27.39,22.68,157675,2,0,0,31.85
1964195,58.52,60.0,59.1,61.0,0,0,27.27,22.72,158178,2,0,0,31.87
1964702,58.51,60.0,59.1,61.0,0,0,27.34,22.72,158678,2,0,0,31.85
1965209,58.51,60.0,59.1,61.0,0,0,27.34,22.7,159178,2,0,0,31.85
1965715,58.54,60.0,59.1,61.0,0,0,27.43,22.7,159678,2,0,0,31.85
1966221,58.54,60.0,59.1,61.0,0,0,27.5,22.7,160178,2,0,0,31.86
1966728,58.54,60.0,59.1,61.0,0,0,27.5,22.72,160678,2,0,0,31.86
1967234,58.54,60.0,59.1,61.0,0,0,27.5,22.72,161178,2,0,0,31.86
1967740,58.6,60.0,59.1,61.0,0,0,27.39,22.72,161678,2,0,0,31.86
1968259,58.61,60.0,59.1,61.0,0,0,27.52,22.74,162178,2,0,0,31.85
1968766,58.61,60.0,59.1,61.0,0,0,27.52,22.73,162678,2,0,0,31.85
1969272,58.61,60.0,59.1,61.0,0,0,27.52,22.73,163178,2,0,0,31.83
1969778,58.61,60.0,59.1,61.0,0,0,27.52,22.71,163678,2,0,0,31.83
1970284,58.63,60.0,59.1,61.0,0,0,27.47,22.71,164178,2,0,0,31.85
1970790,58.63,60.0,59.1,61.0,0,0,27.47,22.73,164678,2,0,0,31.85
1971296,58.65,60.0,59.1,61.0,0,0,27.59,22.73,165178,2,0,0,31.85
1971802,58.72,60.0,59.1,61.0,0,0,27.61,22.74,165678,2,0,0,31.86
1972308,58.72,60.0,59.1,61.0,0,0,27.61,22.77,166178,2,0,0,31.86
1972815,58.75,60.0,59.1,61.0,0,0,27.5,22.76,167181,2,0,0,31.85
1973322,58.69,60.0,59.1,61.0,0,0,27.59,22.76,167681,2,0,0,31.86
1973828,58.74,60.0,59.1,61.0,0,0,27.54,22.76,168181,2,0,0,31.85
1974334,58.74,60.0,59.1,61.0,0,0,27.54,22.76,168681,2,0,0,31.85
1974840,58.79,60.0,59.1,61.0,0,0,27.52,22.79,169181,2,0,0,31.86
1975346,58.79,60.0,59.1,61.0,0,0,27.52,22.79,169681,2,0,0,31.86
1975852,58.79,60.0,59.1,61.0,0,0,27.52,22.79,170181,2,0,0,31.86
1976358,58.79,60.0,59.1,61.0,0,0,27.52,22.79,170681,2,0,0,31.86
1976864,58.84,60.0,59.1,61.0,0,0,27.74,22.79,171181,2,0,0,31.85
1977370,58.84,60.0,59.1,61.0,0,0,27.74,22.79,171681,2,0,0,31.85
1977876,58.86,60.0,59.1,61.0,0,0,27.72,22.82,172181,2,0,0,31.87
1978382,58.86,60.0,59.1,61.0,0,0,27.72,22.82,172681,2,0,0,31.87
1978889,58.86,60.0,59.1,61.0,0,0,27.72,22.82,173181,2,0,0,31.87
1979395,58.87,60.0,59.1,61.0,0,0,27.77,22.78,173681,2,0,0,31.83
1979901,58.87,60.0,59.1,61.0,0,0,27.77,22.78,174181,2,0,0,31.83
1980407,58.97,60.0,59.1,61.0,0,0,27.95,22.84,174681,2,0,0,31.86
1980913,58.97,60.0,59.1,61.0,0,0,27.95,22.84,175181,2,0,0,31.86
1981419,59.0,60.0,59.1,61.0,0,0,27.77,22.82,175681,2,0,0,31.83
1981925,58.99,60.0,59.1,61.0,0,0,27.72,22.83,176181,2,0,0,31.85
1982431,59.03,60.0,59.1,61.0,0,0,27.45,22.83,176681,2,0,0,31.86
1982937,59.03,60.0,59.1,61.0,0,0,27.45,22.85,177181,2,0,0,31.86
1983443,59.08,60.0,59.1,61.0,0,0,27.45,22.86,177681,2,0,0,31.85
1983953,59.09,60.0,59.1,61.0,0,0,27.81,22.86,178181,2,0,0,31.86
1984460,59.09,60.0,59.1,61.0,0,0,27.81,22.87,178681,2,0,0,31.86
1984966,59.09,60.0,59.1,61.0,0,0,27.81,22.87,179181,2,0,0,31.86
1985472,59.09,60.0,59.1,61.0,0,0,27.81,22.87,179683,2,0,0,31.86
1985978,59.16,60.0,59.1,61.0,1,0,27.97,22.86,0,2,0,0,31.83
1986484,59.16,60.0,59.1,61.0,1,0,27.97,22.86,500,2,0,0,31.83
1986990,59.18,60.0,59.1,61.0,1,0,28.15,22.9,1000,2,0,0,31.86
1987496,59.18,60.0,59.1,61.0,1,0,28.15,22.9,1500,2,0,0,31.86
1988002,59.18,60.0,59.1,61.0,1,0,28.15,22.9,2000,2,0,0,31.86
1988508,59.25,60.0,59.1,61.0,1,0,27.95,22.92,2500,2,0,0,31.86
1989014,59.25,60.0,59.1,61.0,1,0,27.95,22.92,3000,2,0,0,31.86
1989520,59.29,60.0,59.1,61.0,1,0,27.86,22.93,3500,2,0,0,31.86
1990026,59.29,60.0,59.1,61.0,1,0,27.86,22.93,4000,2,0,0,31.86
1990532,59.34,60.0,59.1,61.0,1,0,27.39,22.93,4500,2,0,0,31.85
1991038,59.34,60.0,59.1,61.0,1,0,27.39,22.93,5000,2,0,0,31.85
1991544,59.42,60.0,59.1,61.0,1,0,27.86,22.96,5500,2,0,0,31.86
1992050,59.37,60.0,59.1,61.0,1,0,27.65,22.95,6000,2,0,0,31.86
1992556,59.41,60.0,59.1,61.0,1,0,27.63,22.96,6512,2,0,0,31.86
1993062,59.46,60.0,59.1,61.0,1,0,28.04,22.96,7012,2,0,0,31.87
1993568,59.47,60.0,59.1,61.0,1,0,27.39,22.99,7512,2,0,0,31.85
1994074,59.47,60.0,59.1,61.0,1,0,27.39,22.96,8012,2,0,0,31.85
1994580,59.5,60.0,59.1,61.0,1,0,27.32,22.97,8512,2,0,0,31.85
1995086,59.48,60.0,59.1,61.0,1,0,27.32,22.97,9012,2,0,0,31.85
1995592,59.52,60.0,59.1,61.0,1,0,27.23,22.99,9512,2,0,0,31.86
1996099,59.52,60.0,59.1,61.0,1,0,27.23,22.99,10012,2,0,0,31.86
1996606,59.52,60.0,59.1,61.0,1,0,27.23,22.99,10512,2,0,0,31.86
1997112,59.63,60.0,59.1,61.0,1,0,27.03,22.99,11012,2,0,0,31.85
1997618,59.63,60.0,59.1,61.0,1,0,27.03,23.01,11512,2,0,0,31.85
1998124,59.63,60.0,59.1,61.0,1,0,26.72,23.02,12012,2,0,0,31.86
1998630,59.63,60.0,59.1,61.0,1,0,26.72,23.02,12512,2,0,0,31.86
1999136,59.65,60.0,59.1,61.0,1,0,26.54,23.02,13012,2,0,0,31.85
1999642,59.69,60.0,59.1,61.0,1,0,26.85,23.02,13512,2,0,0,31.85
2000148,59.69,60.0,59.1,61.0,1,0,26.85,23.03,14012,2,0,0,31.85
2000654,59.69,60.0,59.1,61.0,1,0,26.85,23.03,14512,2,0,0,31.85
2001160,59.69,60.0,59.1,61.0,1,0,26.85,23.03,15012,2,0,0,31.85
2001666,59.8,60.0,59.1,61.0,1,0,26.03,23.03,15512,2,0,0,31.86
2002172,59.8,60.0,59.1,61.0,1,0,26.03,23.07,16012,2,0,0,31.86
2002678,59.85,60.0,59.1,61.0,1,0,26.03,23.08,16512,2,0,0,31.86
2003184,59.83,60.0,59.1,61.0,1,0,25.19,23.08,17012,2,0,0,31.86
2003690,59.87,60.0,59.1,61.0,1,0,25.81,23.08,17512,2,0,0,31.86
2004197,59.91,60.0,59.1,61.0,1,0,25.61,23.09,18012,2,0,0,31.86
2004704,59.91,60.0,59.1,61.0,1,0,25.61,23.1,18512,2,0,0,31.86
2005210,59.87,60.0,59.1,61.0,1,0,25.56,23.1,19012,2,0,0,31.85
2005716,59.87,60.0,59.1,61.0,1,0,25.56,23.08,19512,2,0,0,31.85
2006222,59.87,60.0,59.1,61.0,1,0,25.56,23.08,20012,2,0,0,31.85
2006728,59.95,60.0,59.1,61.0,1,0,25.12,23.08,20512,2,0,0,31.86
2007234,59.95,60.0,59.1,61.0,1,0,25.12,23.11,21012,2,0,0,31.86
2007740,59.95,60.0,59.1,61.0,1,0,25.12,23.11,21512,2,0,0,31.86
2008246,60.02,60.0,59.1,61.0,1,0,25.1,23.16,22018,2,0,0,31.89
2008752,60.02,60.0,59.1,61.0,1,0,24.86,23.16,22518,2,0,0,31.85
2009258,60.02,60.0,59.1,61.0,1,0,24.86,23.12,23018,2,0,0,31.85
2009764,60.08,60.0,59.1,61.0,1,0,24.6,23.12,23518,2,0,0,31.86
2010270,60.11,60.0,59.1,61.0,1,0,24.57,23.15,24018,2,0,0,31.86
2010776,60.11,60.0,59.1,61.0,1,0,24.57,23.15,24518,2,0,0,31.86
2011282,60.12,60.0,59.1,61.0,1,0,24.4,23.15,25018,2,0,0,31.87
2011788,60.12,60.0,59.1,61.0,1,0,24.4,23.17,25518,2,0,0,31.87
2012294,60.13,60.0,59.1,61.0,1,0,24.2,23.17,26018,2,0,0,31.86
2012800,60.13,60.0,59.1,61.0,1,0,24.2,23.16,26518,2,0,0,31.86
2013306,60.13,60.0,59.1,61.0,1,0,24.2,23.16,27018,2,0,0,31.86
2013812,60.16,60.0,59.1,61.0,1,0,23.57,23.16,27522,2,0,0,31.85
2014318,60.15,60.0,59.1,61.0,1,0,23.85,23.15,28022,2,0,0,31.83
2014826,60.15,60.0,59.1,61.0,1,0,23.85,23.14,28524,2,0,0,31.83
2015333,60.19,60.0,59.1,61.0,1,0,23.98,23.14,29024,2,0,0,31.87
2015839,60.19,60.0,59.1,61.0,1,0,23.98,23.19,29524,2,0,0,31.87
2016345,60.19,60.0,59.1,61.0,1,0,23.98,23.19,30526,2,0,0,31.87
2016851,60.19,60.0,59.1,61.0,1,0,23.98,23.19,31026,2,0,0,31.87
2017357,60.27,60.0,59.1,61.0,1,0,23.55,23.21,31526,2,0,0,31.87
2017863,60.27,60.0,59.1,61.0,1,0,23.55,23.21,32026,2,0,0,31.87
2018369,60.27,60.0,59.1,61.0,1,0,23.55,23.21,32526,2,0,0,31.87
2018875,60.28,60.0,59.1,61.0,1,0,23.02,23.2,33026,2,0,0,31.86
2019381,60.28,60.0,59.1,61.0,1,0,23.02,23.2,33526,2,0,0,31.86
2019887,60.35,60.0,59.1,61.0,1,0,23.0,23.22,34026,2,0,0,31.86
2020393,60.35,60.0,59.1,61.0,1,0,23.0,23.22,34526,2,0,0,31.86
2020899,60.39,60.0,59.1,61.0,1,0,22.74,23.24,35026,2,0,0,31.87
2021406,60.4,60.0,59.1,61.0,1,0,22.57,23.24,35526,2,0,0,31.86
2021913,60.4,60.0,59.1,61.0,1,0,22.57,23.23,36026,2,0,0,31.86
2022419,60.41,60.0,59.1,61.0,1,0,22.46,23.24,36526,2,0,0,31.86
2022925,60.41,60.0,59.1,61.0,1,0,22.46,23.24,37026,2,0,0,31.86
2023431,60.46,60.0,59.1,61.0,1,0,22.26,23.24,37526,2,0,0,31.85
2023937,60.46,60.0,59.1,61.0,1,0,22.26,23.24,38026,2,0,0,31.85
2024443,60.46,60.0,59.1,61.0,1,0,22.26,23.24,38526,2,0,0,31.85
2024949,60.46,60.0,59.1,61.0,1,0,22.26,23.24,39026,2,0,0,31.85
2025455,60.58,60.0,59.1,61.0,1,0,22.0,23.27,39526,2,0,0,31.85
2025961,60.58,60.0,59.1,61.0,1,0,22.0,23.27,40026,2,0,0,31.85
2026467,60.68,60.0,59.1,61.0,1,0,21.92,23.31,40526,2,0,0,31.86
2026973,60.7,60.0,59.1,61.0,0,0,21.81,23.32,0,2,1,0,31.86
2027479,60.7,60.0,59.1,61.0,0,0,21.81,23.32,500,2,1,0,31.86
2027985,60.74,60.0,59.1,61.0,0,0,21.53,23.3,1000,2,1,0,31.83
2028491,60.77,60.0,59.1,61.0,0,0,21.53,23.32,1500,2,1,0,31.85
2028997,60.82,60.0,59.1,61.0,0,0,21.44,23.35,2000,2,1,0,31.86
2029503,60.82,60.0,59.1,61.0,0,0,21.44,23.35,2500,2,1,0,31.86
2030009,60.82,60.0,59.1,61.0,0,0,21.44,23.35,3000,2,1,0,31.86
2030515,60.95,60.0,59.1,61.0,0,0,21.35,23.4,3500,2,1,0,31.87
2031021,60.94,60.0,59.1,61.0,0,0,21.35,23.37,4000,2,1,0,31.85
2031527,61.02,60.0,59.1,61.0,0,0,21.22,23.37,4500,2,1,0,31.86
2032033,61.02,60.0,59.1,61.0,0,0,21.22,23.4,5000,2,1,0,31.86
2032539,61.06,60.0,59.1,61.0,0,0,21.31,23.42,5500,2,1,0,31.86
2033045,61.07,60.0,59.1,61.0,0,0,20.75,23.41,6000,2,1,0,31.85
2033551,61.13,60.0,59.1,61.0,0,0,21.27,23.41,6503,2,1,0,31.85
2034057,61.13,60.0,59.1,61.0,0,0,21.27,23.42,7006,2,1,0,31.85
2034563,61.13,60.0,59.1,61.0,0,0,21.27,23.42,7506,2,1,0,31.85
2035069,61.16,60.0,59.1,61.0,0,0,21.18,23.42,8006,2,1,0,31.85
2035575,61.16,60.0,59.1,61.0,0,0,21.18,23.43,8506,2,1,0,31.85
2036081,61.22,60.0,59.1,61.0,0,0,21.35,23.46,9006,2,1,0,31.86
2036587,61.22,60.0,59.1,61.0,0,0,21.01,23.46,9506,2,1,0,31.85
2037107,61.28,60.0,59.1,61.0,0,0,21.51,23.45,10006,2,1,0,31.86
2037614,61.28,60.0,59.1,61.0,0,0,21.51,23.47,10506,2,1,0,31.86
2038120,61.28,60.0,59.1,61.0,0,0,21.51,23.47,11006,2,1,0,31.86
2038626,61.28,60.0,59.1,61.0,0,0,21.51,23.47,11506,2,1,0,31.86
2039132,61.31,60.0,59.1,61.0,0,0,21.42,23.45,12006,2,1,0,31.83
2039638,61.31,60.0,59.1,61.0,0,0,21.42,23.45,12506,2,1,0,31.83
2040144,61.35,60.0,59.1,61.0,0,0,21.64,23.45,13006,2,1,0,31.85
2040650,61.35,60.0,59.1,61.0,0,0,21.64,23.48,13506,2,1,0,31.85
2041156,61.37,60.0,59.1,61.0,0,0,21.7,23.48,14006,2,1,0,31.85
2041662,61.36,60.0,59.1,61.0,0,0,21.55,23.49,14506,2,1,0,31.85
2042168,61.36,60.0,59.1,61.0,0,0,21.55,23.48,15006,2,1,0,31.85
2042674,61.38,60.0,59.1,61.0,0,0,21.64,23.48,15506,2,1,0,31.86
2043180,61.38,60.0,59.1,61.0,0,0,21.64,23.5,16006,2,1,0,31.86
2043686,61.36,60.0,59.1,61.0,0,0,21.57,23.48,16506,2,1,0,31.85
2044192,61.37,60.0,59.1,61.0,0,0,21.61,23.49,17006,2,1,0,31.85
2044698,61.37,60.0,59.1,61.0,0,0,21.61,23.49,17506,2,1,0,31.85
2045204,61.37,60.0,59.1,61.0,0,0,21.61,23.49,18006,2,1,0,31.85
2045710,61.3,60.0,59.1,61.0,0,0,21.79,23.49,18506,2,1,0,31.85
2046216,61.3,60.0,59.1,61.0,0,0,21.79,23.47,19006,2,1,0,31.85
2046722,61.3,60.0,59.1,61.0,0,0,21.92,23.47,19518,2,1,0,31.85
2047228,61.3,60.0,59.1,61.0,1,0,21.92,23.47,0,2,1,0,31.85
2047734,61.3,60.0,59.1,61.0,1,0,22.03,23.47,500,2,0,0,31.85
2048240,61.28,60.0,59.1,61.0,1,0,22.16,23.47,1000,2,0,0,31.85
2048747,61.28,60.0,59.1,61.0,1,0,22.16,23.46,1500,2,0,0,31.85
2049253,61.28,60.0,59.1,61.0,1,0,22.16,23.46,2000,2,0,0,31.85
2049759,61.28,60.0,59.1,61.0,1,0,22.16,23.46,2500,2,0,0,31.85
2050265,61.28,60.0,59.1,61.0,1,0,22.16,23.46,3000,2,0,0,31.85
2050771,61.22,60.0,59.1,61.0,1,0,22.22,23.45,3500,2,0,0,31.85
2051277,61.22,60.0,59.1,61.0,1,0,22.22,23.45,4000,2,0,0,31.85
2051783,61.25,60.0,59.1,61.0,1,0,22.22,23.45,4500,2,0,0,31.85
2052289,61.25,60.0,59.1,61.0,1,0,22.22,23.45,5000,2,0,0,31.85
2052795,61.25,60.0,59.1,61.0,1,0,22.22,23.45,5500,2,0,0,31.85
2053301,61.19,60.0,59.1,61.0,1,0,22.18,23.45,6000,2,0,0,31.86
2053807,61.19,60.0,59.1,61.0,1,0,22.18,23.45,6500,2,0,0,31.86
2054313,61.21,60.0,59.1,61.0,1,0,22.2,23.45,7000,2,0,0,31.85
2054819,61.21,60.0,59.1,61.0,1,0,22.2,23.44,7500,2,0,0,31.85
2055325,61.17,60.0,59.1,61.0,1,0,22.16,23.44,8000,2,0,0,31.85
2055831,61.17,60.0,59.1,61.0,1,0,22.16,23.43,8500,2,0,0,31.85
2056337,61.15,60.0,59.1,61.0,1,0,22.0,23.43,9000,2,0,0,31.86
2056843,61.15,60.0,59.1,61.0,1,0,22.0,23.44,9500,2,0,0,31.86
2057349,61.15,60.0,59.1,61.0,1,0,22.0,23.44,10000,2,0,0,31.86
2057856,61.15,60.0,59.1,61.0,1,0,21.72,23.44,10500,2,0,0,31.85
2058363,61.15,60.0,59.1,61.0,1,0,21.72,23.43,11004,2,1,0,31.85
2058869,61.15,60.0,59.1,61.0,1,0,21.72,23.43,12006,2,1,0,31.85
2059375,61.15,60.0,59.1,61.0,1,0,21.59,23.44,12506,2,1,0,31.86
2059881,61.06,60.0,59.1,61.0,1,0,21.55,23.42,13006,2,1,0,31.86
2060387,61.06,60.0,59.1,61.0,1,0,21.55,23.42,13506,2,1,0,31.86
2060893,61.06,60.0,59.1,61.0,1,0,21.55,23.42,14006,2,1,0,31.86
2061399,61.12,60.0,59.1,61.0,1,0,21.48,23.42,14506,2,1,0,31.85
2061905,61.12,60.0,59.1,61.0,1,0,21.48,23.42,15006,2,1,0,31.85
2062411,61.12,60.0,59.1,61.0,1,0,21.48,23.42,15506,2,1,0,31.85
2062917,61.12,60.0,59.1,61.0,1,0,21.48,23.42,16006,2,1,0,31.85
2063423,61.12,60.0,59.1,61.0,1,0,21.48,23.42,16506,2,1,0,31.85
2063929,61.05,60.0,59.1,61.0,1,0,21.1,23.41,17006,2,1,0,31.86
2064435,61.05,60.0,59.1,61.0,1,0,21.1,23.41,17506,2,1,0,31.86
2064941,61.03,60.0,59.1,61.0,1,0,20.92,23.39,18006,2,1,0,31.85
2065447,61.03,60.0,59.1,61.0,1,0,20.92,23.39,18506,2,1,0,31.85
2065953,61.03,60.0,59.1,61.0,1,0,20.92,23.39,19006,2,1,0,31.85
2066459,61.03,60.0,59.1,61.0,1,0,20.92,23.39,19506,2,1,0,31.85
2066965,61.02,60.0,59.1,61.0,1,0,20.66,23.38,20006,2,1,0,31.83
2067471,61.02,60.0,59.1,61.0,1,0,20.66,23.38,20506,2,1,0,31.83
2067977,61.02,60.0,59.1,61.0,1,0,20.66,23.39,21006,2,1,0,31.85
2068483,61.02,60.0,59.1,61.0,1,0,20.66,23.39,21506,2,1,0,31.85
2068989,60.97,60.0,59.1,61.0,1,0,20.45,23.39,22006,2,1,0,31.86
2069495,60.98,60.0,59.1,61.0,1,0,20.47,23.39,22506,2,1,0,31.85
2070001,60.98,60.0,59.1,61.0,1,0,20.47,23.38,23006,2,1,0,31.85
2070507,61.02,60.0,59.1,61.0,1,0,20.08,23.4,23506,2,1,0,31.86
2071013,61.02,60.0,59.1,61.0,1,0,20.08,23.4,24006,2,1,0,31.86
2071519,61.03,60.0,59.1,61.0,1,0,21.42,23.4,24506,2,1,0,31.85
2072025,61.03,60.0,59.1,61.0,1,0,21.42,23.39,25006,2,1,0,31.85
2072531,60.97,60.0,59.1,61.0,1,0,19.78,23.36,25506,2,1,0,31.83
2073037,60.97,60.0,59.1,61.0,1,0,19.78,23.36,26006,2,1,0,31.83
2073543,60.96,60.0,59.1,61.0,1,0,19.87,23.37,26513,2,1,0,31.85
2074049,60.96,60.0,59.1,61.0,1,0,19.87,23.37,27013,2,1,0,31.85
2074555,60.93,60.0,59.1,61.0,1,0,19.65,23.37,27513,2,1,0,31.85
2075061,60.93,60.0,59.1,61.0,1,0,19.65,23.37,28013,2,1,0,31.85
2075567,60.93,60.0,59.1,61.0,1,0,19.63,23.37,28513,2,1,0,31.85
2076073,60.93,60.0,59.1,61.0,1,0,19.63,23.37,29013,2,1,0,31.85
2076579,60.9,60.0,59.1,61.0,1,0,19.2,23.36,29513,2,1,0,31.85
2077085,60.94,60.0,59.1,61.0,1,0,19.56,23.39,30013,2,1,0,31.87
2077591,60.94,60.0,59.1,61.0,1,0,19.56,23.39,30513,2,1,0,31.87
2078099,60.94,60.0,59.1,61.0,1,0,19.56,23.39,31013,2,1,0,31.87
2078606,60.94,60.0,59.1,61.0,1,0,19.56,23.39,31513,2,1,0,31.87
2079112,60.85,60.0,59.1,61.0,1,0,19.22,23.34,32013,2,1,0,31.85
