timestamp,raw_hum,target_hum,turn_on_thres,turn_off_thres,peltier,cold_fan,ntc_temp,dew_point,state_elapsed_ms,profile,condensing_started,fan_boost_allowed,sht30_temp
11630,86.72,50.0,49.7,50.3,0,0,31.9,29.36,11499,1,0,1,31.82
12136,86.72,50.0,49.7,50.3,0,0,31.9,29.32,11999,1,0,1,31.82
12642,86.75,50.0,49.7,50.3,0,0,31.85,29.37,12499,1,0,1,31.86
13148,86.75,50.0,49.7,50.3,0,0,31.8,29.37,12999,1,0,1,31.86
13654,86.75,50.0,49.7,50.3,0,0,31.8,29.37,13499,1,0,1,31.86
14160,86.77,50.0,49.7,50.3,0,0,31.85,29.37,13999,1,0,1,31.86
14666,86.77,50.0,49.7,50.3,0,0,31.85,29.37,14499,1,0,1,31.86
15172,86.77,50.0,49.7,50.3,0,0,31.85,29.37,14999,1,0,1,31.86
15678,86.77,50.0,49.7,50.3,0,0,31.85,29.37,15499,1,0,1,31.86
16184,86.77,50.0,49.7,50.3,0,0,31.85,29.37,15999,1,0,1,31.86
16690,86.77,50.0,49.7,50.3,0,0,31.85,29.37,16499,1,0,1,31.86
17196,86.7,50.0,49.7,50.3,0,0,31.99,29.32,16999,1,0,1,31.82
17702,86.7,50.0,49.7,50.3,0,0,31.99,29.32,17499,1,0,1,31.82
18208,86.7,50.0,49.7,50.3,0,0,31.99,29.32,17999,1,0,1,31.82
18714,86.73,50.0,49.7,50.3,0,0,31.92,29.37,18499,1,0,1,31.86
19220,86.74,50.0,49.7,50.3,0,0,32.01,29.37,18999,1,0,1,31.83
19726,86.74,50.0,49.7,50.3,0,0,32.01,29.34,19499,1,0,1,31.83
20232,86.72,50.0,49.7,50.3,0,0,31.94,29.38,19999,1,0,1,31.87
20738,86.72,50.0,49.7,50.3,0,0,31.94,29.38,20502,1,0,1,31.87
21244,86.72,50.0,49.7,50.3,0,0,31.94,29.38,21002,1,0,1,31.87
21750,86.74,50.0,49.7,50.3,0,0,31.94,29.38,21502,1,0,1,31.87
22256,86.72,50.0,49.7,50.3,0,0,31.83,29.38,22002,1,0,1,31.87
22764,86.72,50.0,49.7,50.3,0,0,31.83,29.38,22502,1,0,1,31.87
23270,86.7,50.0,49.7,50.3,0,0,31.92,29.38,23002,1,0,1,31.86
23776,86.7,50.0,49.7,50.3,0,0,31.92,29.36,23502,1,0,1,31.86
24282,86.66,50.0,49.7,50.3,0,0,31.78,29.36,24002,1,0,1,31.86
24788,86.66,50.0,49.7,50.3,0,0,31.78,29.35,24502,1,0,1,31.86
25294,86.67,50.0,49.7,50.3,0,0,32.34,29.35,25002,1,0,1,31.86
25800,86.67,50.0,49.7,50.3,0,0,32.34,29.36,25502,1,0,1,31.86
26306,86.69,50.0,49.7,50.3,0,0,31.94,29.36,26017,1,0,1,31.86
26812,86.69,50.0,49.7,50.3,0,0,31.94,29.36,26517,1,0,1,31.86
27318,86.69,50.0,49.7,50.3,0,0,31.94,29.36,27017,1,0,1,31.86
27824,86.69,50.0,49.7,50.3,0,0,31.94,29.36,27517,1,0,1,31.86
28330,86.66,50.0,49.7,50.3,0,0,31.71,29.35,28017,1,0,1,31.86
28836,86.63,50.0,49.7,50.3,0,0,31.83,29.35,28517,1,0,1,31.87
29342,86.63,50.0,49.7,50.3,0,0,31.83,29.36,29017,1,0,1,31.87
29848,86.69,50.0,49.7,50.3,0,0,32.01,29.36,29517,1,0,1,31.89
30354,86.69,50.0,49.7,50.3,1,0,32.01,29.39,0,1,0,1,31.89
30860,86.67,50.0,49.7,50.3,1,0,31.85,29.39,500,1,0,1,31.86
31366,86.67,50.0,49.7,50.3,1,0,31.85,29.36,1000,1,0,1,31.86
31872,86.66,50.0,49.7,50.3,1,0,31.83,29.35,1512,1,0,1,31.86
32378,86.66,50.0,49.7,50.3,1,0,31.83,29.35,2012,1,0,1,31.86
32884,86.64,50.0,49.7,50.3,1,0,31.8,29.35,2512,1,0,1,31.89
33391,86.64,50.0,49.7,50.3,1,0,31.8,29.38,3012,1,0,1,31.89
33898,86.64,50.0,49.7,50.3,1,0,31.8,29.38,3512,1,0,1,31.89
34404,86.6,50.0,49.7,50.3,1,0,31.69,29.38,4012,1,0,1,31.86
34910,86.6,50.0,49.7,50.3,1,0,31.69,29.34,4512,1,0,1,31.86
35416,86.65,50.0,49.7,50.3,1,0,31.66,29.34,5012,1,0,1,31.87
35922,86.65,50.0,49.7,50.3,1,0,31.66,29.36,5512,1,0,1,31.87
36428,86.62,50.0,49.7,50.3,1,0,31.59,29.36,6012,1,0,1,31.89
36934,86.62,50.0,49.7,50.3,1,0,31.47,29.38,6512,1,0,1,31.89
37440,86.62,50.0,49.7,50.3,1,0,31.47,29.38,7012,1,0,1,31.89
37946,86.62,50.0,49.7,50.3,1,0,31.22,29.38,7512,1,0,1,31.9
38452,86.62,50.0,49.7,50.3,1,0,31.17,29.39,8012,1,0,1,31.87
38958,86.62,50.0,49.7,50.3,1,0,31.17,29.36,8512,1,0,1,31.87
39464,86.62,50.0,49.7,50.3,1,0,31.01,29.36,9012,1,0,1,31.89
39970,86.62,50.0,49.7,50.3,1,0,31.01,29.38,9512,1,0,1,31.89
40476,86.62,50.0,49.7,50.3,1,0,30.85,29.38,10012,1,0,1,31.87
40982,86.6,50.0,49.7,50.3,1,0,30.71,29.36,10512,1,0,1,31.89
41488,86.6,50.0,49.7,50.3,1,0,30.71,29.37,11012,1,0,1,31.89
41994,86.61,50.0,49.7,50.3,1,0,30.59,29.37,11512,1,0,1,31.87
42500,86.62,50.0,49.7,50.3,1,0,30.41,29.36,12012,1,0,1,31.9
43006,86.59,50.0,49.7,50.3,1,0,30.24,29.39,12512,1,0,1,31.9
43512,86.59,50.0,49.7,50.3,1,0,30.24,29.38,13012,1,0,1,31.9
44018,86.6,50.0,49.7,50.3,1,0,30.08,29.38,13512,1,0,1,31.89
44524,86.62,50.0,49.7,50.3,1,0,29.97,29.37,14012,1,0,1,31.9
45030,86.62,50.0,49.7,50.3,1,0,29.97,29.39,14512,1,0,1,31.9
45536,86.57,50.0,49.7,50.3,1,0,29.51,29.38,15516,1,0,1,31.9
46042,86.56,50.0,49.7,50.3,1,0,29.79,29.38,16016,1,0,1,31.9
46548,86.56,50.0,49.7,50.3,1,0,29.79,29.38,16516,1,0,1,31.9
47054,86.6,50.0,49.7,50.3,1,0,29.46,29.37,17017,1,0,1,31.89
47560,86.6,50.0,49.7,50.3,1,0,29.46,29.37,17517,1,0,1,31.89
48066,86.59,50.0,49.7,50.3,1,0,29.51,29.35,18017,1,0,1,31.87
48572,86.54,50.0,49.7,50.3,1,0,29.19,29.36,18517,1,0,1,31.89
49078,86.54,50.0,49.7,50.3,1,0,29.19,29.36,19017,1,0,1,31.89
49585,86.54,50.0,49.7,50.3,1,0,29.19,29.36,19517,1,0,1,31.89
50092,86.54,50.0,49.7,50.3,1,0,29.19,29.36,20017,1,0,1,31.89
50598,86.54,50.0,49.7,50.3,1,0,29.19,29.36,20517,1,0,1,31.89
51104,86.54,50.0,49.7,50.3,1,0,29.19,29.36,21017,1,0,1,31.89
51610,86.55,50.0,49.7,50.3,1,0,28.67,29.36,21517,1,0,1,31.89
52116,86.55,50.0,49.7,50.3,1,0,28.44,29.34,22018,1,0,1,31.87
52622,86.54,50.0,49.7,50.3,1,0,28.53,29.36,22519,1,0,1,31.89
53128,86.54,50.0,49.7,50.3,1,0,28.53,29.36,23019,1,0,1,31.89
53634,86.55,50.0,49.7,50.3,1,0,28.08,29.37,23519,1,0,1,31.9
54140,86.55,50.0,49.7,50.3,1,0,28.08,29.37,24019,1,0,1,31.9
54646,86.56,50.0,49.7,50.3,1,0,27.97,29.38,24519,1,0,1,31.9
55152,86.54,50.0,49.7,50.3,1,0,27.77,29.38,25019,1,0,1,31.9
55658,86.54,50.0,49.7,50.3,1,0,27.77,29.37,25519,1,1,1,31.9
56164,86.52,50.0,49.7,50.3,1,0,27.63,29.37,26019,1,1,1,31.9
56670,86.52,50.0,49.7,50.3,1,0,27.63,29.37,26519,1,1,1,31.9
57176,86.46,50.0,49.7,50.3,1,0,27.39,29.37,27019,1,1,1,31.89
57682,86.46,50.0,49.7,50.3,1,0,27.39,29.34,27519,1,1,1,31.89
58188,86.47,50.0,49.7,50.3,1,0,27.16,29.34,28019,1,1,1,31.89
58694,86.47,50.0,49.7,50.3,1,0,27.16,29.34,28521,1,1,1,31.89
59200,86.45,50.0,49.7,50.3,1,0,26.98,29.37,29022,1,1,1,31.92
59706,86.45,50.0,49.7,50.3,1,0,26.98,29.37,29522,1,1,1,31.92
60212,86.45,50.0,49.7,50.3,1,0,26.98,29.37,30022,1,1,1,31.92
60718,86.45,50.0,49.7,50.3,1,0,26.98,29.37,30522,1,1,1,31.92
61224,86.45,50.0,49.7,50.3,1,0,26.98,29.37,31022,1,1,1,31.92
61730,86.45,50.0,49.7,50.3,1,0,26.98,29.37,31522,1,1,1,31.92
62236,86.4,50.0,49.7,50.3,1,0,26.49,29.34,32022,1,1,1,31.9
62742,86.36,50.0,49.7,50.3,1,0,26.52,29.35,32522,1,1,1,31.92
63248,86.36,50.0,49.7,50.3,1,0,26.52,29.35,33022,1,1,1,31.92
63754,86.36,50.0,49.7,50.3,1,0,26.27,29.35,33524,1,1,1,31.92
64260,86.33,50.0,49.7,50.3,1,0,26.03,29.35,34024,1,1,1,31.9
64766,86.33,50.0,49.7,50.3,1,0,26.03,29.33,34524,1,1,1,31.9
65272,86.26,50.0,49.7,50.3,1,0,25.83,29.33,35024,1,1,1,31.9
65778,86.26,50.0,49.7,50.3,1,0,25.83,29.31,35524,1,1,1,31.9
66284,86.26,50.0,49.7,50.3,1,0,25.7,29.31,36024,1,1,1,31.9
66790,86.25,50.0,49.7,50.3,1,0,25.5,29.31,36524,1,1,1,31.9
67301,86.2,50.0,49.7,50.3,1,0,25.59,29.31,37024,1,1,1,31.9
67808,86.2,50.0,49.7,50.3,1,0,25.59,29.3,37524,1,1,1,31.9
68314,86.19,50.0,49.7,50.3,1,1,25.28,29.29,38024,1,1,1,31.89
68820,86.12,50.0,49.7,50.3,1,1,25.25,29.29,38524,1,1,1,31.87
69326,86.12,50.0,49.7,50.3,1,1,25.25,29.26,39024,1,1,1,31.87
69832,86.1,50.0,49.7,50.3,1,1,25.25,29.26,39524,1,1,1,31.92
70338,86.1,50.0,49.7,50.3,1,1,25.25,29.3,40024,1,1,1,31.92
70845,86.1,50.0,49.7,50.3,1,1,25.25,29.3,40524,1,1,1,31.92
71351,86.11,50.0,49.7,50.3,1,1,25.39,29.3,41024,1,1,1,31.9
71857,86.11,50.0,49.7,50.3,1,1,25.39,29.29,41524,1,1,1,31.9
72363,85.96,50.0,49.7,50.3,1,1,25.56,29.29,42024,1,1,1,31.87
72869,85.96,50.0,49.7,50.3,1,1,25.56,29.23,42524,1,1,1,31.87
73375,85.55,50.0,49.7,50.3,1,1,25.59,29.13,43024,1,1,1,31.86
73881,85.24,50.0,49.7,50.3,1,1,25.61,29.13,43524,1,1,1,31.86
74387,85.24,50.0,49.7,50.3,1,1,25.61,29.07,44024,1,1,1,31.86
74893,85.24,50.0,49.7,50.3,1,1,25.61,29.07,44524,1,1,1,31.86
75399,84.17,50.0,49.7,50.3,1,1,25.54,29.07,45024,1,1,1,31.82
75905,84.17,50.0,49.7,50.3,1,1,25.54,28.81,45524,1,1,1,31.82
76411,83.63,50.0,49.7,50.3,1,1,25.96,28.68,46024,1,1,1,31.8
76917,83.63,50.0,49.7,50.3,1,1,25.96,28.68,46524,1,1,1,31.8
77423,83.63,50.0,49.7,50.3,1,1,25.96,28.68,47024,1,1,1,31.8
77929,82.69,50.0,49.7,50.3,1,1,25.54,28.45,47528,1,1,1,31.76
78435,82.16,50.0,49.7,50.3,1,1,25.32,28.45,48028,1,1,1,31.75
78941,81.6,50.0,49.7,50.3,1,1,24.99,28.32,48528,1,1,1,31.73
79448,81.6,50.0,49.7,50.3,1,1,24.99,28.19,49029,1,1,1,31.73
79954,81.19,50.0,49.7,50.3,1,1,25.34,28.09,49530,1,1,1,31.72
80460,81.19,50.0,49.7,50.3,1,1,25.34,28.09,50030,1,1,1,31.72
80966,80.46,50.0,49.7,50.3,1,1,25.1,28.09,50530,1,1,1,31.69
81472,80.46,50.0,49.7,50.3,1,1,25.1,27.91,51030,1,1,1,31.69
81978,79.99,50.0,49.7,50.3,1,1,25.03,27.91,51530,1,1,1,31.71
82485,79.99,50.0,49.7,50.3,1,1,25.03,27.82,52030,1,1,1,31.71
82991,79.27,50.0,49.7,50.3,1,1,24.9,27.82,52530,1,1,1,31.69
83497,78.94,50.0,49.7,50.3,1,1,24.92,27.65,53030,1,1,1,31.65
84003,78.94,50.0,49.7,50.3,1,1,24.92,27.54,53530,1,1,1,31.65
84509,78.49,50.0,49.7,50.3,1,1,24.73,27.54,54030,1,1,1,31.66
85015,78.49,50.0,49.7,50.3,1,1,24.73,27.46,54530,1,1,1,31.66
85521,77.88,50.0,49.7,50.3,1,1,24.7,27.46,55032,1,1,1,31.64
86027,77.88,50.0,49.7,50.3,1,1,24.7,27.3,55533,1,1,1,31.64
86533,77.39,50.0,49.7,50.3,1,1,24.66,27.3,56033,1,1,1,31.65
87039,77.39,50.0,49.7,50.3,1,1,24.66,27.2,56533,1,1,1,31.65
87545,76.75,50.0,49.7,50.3,1,1,24.62,27.2,57033,1,1,1,31.59
88051,76.36,50.0,49.7,50.3,1,1,24.16,27.0,57533,1,1,1,31.59
88557,76.36,50.0,49.7,50.3,1,1,24.16,26.92,58537,1,1,1,31.59
89063,75.88,50.0,49.7,50.3,1,1,24.55,26.81,59037,1,1,1,31.59
89569,75.88,50.0,49.7,50.3,1,1,24.55,26.81,59537,1,1,1,31.59
90075,75.41,50.0,49.7,50.3,1,1,24.29,26.69,60037,1,1,1,31.58
90581,75.1,50.0,49.7,50.3,1,1,24.38,26.64,60537,1,1,1,31.59
91087,75.1,50.0,49.7,50.3,1,1,24.38,26.64,61037,1,1,1,31.59
91593,75.1,50.0,49.7,50.3,1,1,24.38,26.64,61537,1,1,1,31.59
92099,74.34,50.0,49.7,50.3,1,1,24.24,26.42,62037,1,1,1,31.55
92605,74.34,50.0,49.7,50.3,1,1,24.24,26.42,62537,1,1,1,31.55
93111,73.83,50.0,49.7,50.3,1,0,24.7,26.3,63037,1,1,1,31.55
93617,73.83,50.0,49.7,50.3,1,0,24.7,26.3,63537,1,1,1,31.55
94123,73.3,50.0,49.7,50.3,1,0,24.16,26.14,64037,1,1,1,31.51
94629,72.96,50.0,49.7,50.3,1,0,23.65,26.07,64537,1,1,1,31.52
95135,72.67,50.0,49.7,50.3,1,0,23.81,26.01,65037,1,1,1,31.52
95641,72.67,50.0,49.7,50.3,1,0,23.81,26.01,65537,1,1,1,31.52
96147,72.44,50.0,49.7,50.3,1,0,23.63,25.97,66037,1,1,1,31.53
96653,72.26,50.0,49.7,50.3,1,0,23.5,25.91,66537,1,1,1,31.52
97159,72.14,50.0,49.7,50.3,1,0,23.33,25.87,67037,1,1,1,31.51
97665,72.14,50.0,49.7,50.3,1,0,23.33,25.87,67537,1,1,1,31.51
98171,72.02,50.0,49.7,50.3,1,0,23.2,25.86,68037,1,1,1,31.52
98677,71.97,50.0,49.7,50.3,1,0,22.87,25.83,68537,1,1,1,31.51
99183,71.91,50.0,49.7,50.3,1,0,22.94,25.83,69037,1,1,1,31.52
99689,71.91,50.0,49.7,50.3,1,0,22.94,25.83,69537,1,1,1,31.52
100195,71.91,50.0,49.7,50.3,1,0,22.87,25.83,70037,1,1,1,31.52
100701,71.97,50.0,49.7,50.3,1,0,22.74,25.86,70537,1,1,1,31.53
101207,71.97,50.0,49.7,50.3,1,0,22.74,25.86,71037,1,1,1,31.53
101713,71.97,50.0,49.7,50.3,1,0,22.74,25.86,71537,1,1,1,31.53
102219,71.96,50.0,49.7,50.3,1,0,22.46,25.83,72037,1,1,1,31.51
102725,71.96,50.0,49.7,50.3,1,0,22.46,25.83,72537,1,1,1,31.51
103231,71.96,50.0,49.7,50.3,1,0,22.46,25.83,73037,1,1,1,31.51
103737,71.98,50.0,49.7,50.3,1,1,21.46,25.85,73537,1,1,1,31.52
104243,72.01,50.0,49.7,50.3,1,1,22.18,25.85,74037,1,1,1,31.52
104749,71.99,50.0,49.7,50.3,1,1,22.09,25.84,74541,1,1,1,31.51
105255,72.07,50.0,49.7,50.3,1,1,22.11,25.84,75041,1,1,1,31.53
105761,72.07,50.0,49.7,50.3,1,1,22.11,25.88,75541,1,1,1,31.53
106267,72.11,50.0,49.7,50.3,1,1,21.9,25.88,76041,1,1,1,31.52
106773,72.11,50.0,49.7,50.3,1,1,21.9,25.88,76541,1,1,1,31.52
107279,72.14,50.0,49.7,50.3,1,1,22.37,25.88,77041,1,1,1,31.52
107785,72.14,50.0,49.7,50.3,1,1,22.37,25.89,77541,1,1,1,31.52
108291,71.92,50.0,49.7,50.3,1,1,22.5,25.85,78041,1,1,1,31.53
108797,71.64,50.0,49.7,50.3,1,1,22.85,25.77,78541,1,1,1,31.52
109303,71.2,50.0,49.7,50.3,1,1,22.68,25.77,79041,1,1,1,31.52
109813,70.84,50.0,49.7,50.3,1,1,22.74,25.66,79541,1,1,1,31.52
110320,70.84,50.0,49.7,50.3,1,1,22.74,25.58,80041,1,1,1,31.52
110826,70.84,50.0,49.7,50.3,1,1,22.74,25.58,80541,1,1,1,31.52
111332,70.05,50.0,49.7,50.3,1,1,22.48,25.58,81041,1,1,1,31.49
111838,69.78,50.0,49.7,50.3,1,1,22.63,25.36,81541,1,1,1,31.51
112344,69.78,50.0,49.7,50.3,1,1,22.63,25.31,82041,1,1,1,31.51
112850,69.78,50.0,49.7,50.3,1,1,22.63,25.31,82545,1,1,1,31.51
113356,69.08,50.0,49.7,50.3,1,1,22.48,25.14,83047,1,1,1,31.51
113863,68.69,50.0,49.7,50.3,1,1,22.61,25.14,83547,1,1,1,31.49
114370,68.69,50.0,49.7,50.3,1,1,22.61,25.03,84047,1,1,1,31.49
114876,68.36,50.0,49.7,50.3,1,1,22.48,24.94,84548,1,1,1,31.48
115382,67.95,50.0,49.7,50.3,1,1,22.42,24.94,85048,1,1,1,31.48
115888,67.95,50.0,49.7,50.3,1,1,22.42,24.84,85548,1,1,1,31.48
116394,67.95,50.0,49.7,50.3,1,1,22.42,24.84,86048,1,1,1,31.48
116900,67.95,50.0,49.7,50.3,1,1,22.42,24.84,86548,1,1,1,31.48
117406,67.05,50.0,49.7,50.3,1,1,22.31,24.61,87048,1,1,1,31.48
117912,66.71,50.0,49.7,50.3,1,1,22.22,24.61,87548,1,1,1,31.45
118418,66.48,50.0,49.7,50.3,1,1,22.29,24.5,88048,1,1,1,31.45
118924,66.48,50.0,49.7,50.3,1,1,22.29,24.44,88548,1,1,1,31.45
119430,66.1,50.0,49.7,50.3,1,1,22.26,24.44,89048,1,1,1,31.47
119936,66.1,50.0,49.7,50.3,1,1,22.26,24.36,89548,1,1,1,31.47
120442,65.56,50.0,49.7,50.3,1,1,22.24,24.36,90048,1,1,1,31.44
120948,65.56,50.0,49.7,50.3,1,0,22.24,24.2,90548,1,1,1,31.44
121454,65.34,50.0,49.7,50.3,1,0,22.18,24.2,91048,1,1,1,31.47
121960,65.06,50.0,49.7,50.3,1,0,21.94,24.17,91548,1,1,1,31.45
122466,64.86,50.0,49.7,50.3,1,0,22.03,24.08,92048,1,1,1,31.44
122972,64.86,50.0,49.7,50.3,1,0,22.03,24.02,92548,1,1,1,31.44
123478,64.48,50.0,49.7,50.3,1,0,21.74,24.02,93048,1,1,1,31.44
123984,64.48,50.0,49.7,50.3,1,0,21.74,23.92,93548,1,1,1,31.44
124490,64.29,50.0,49.7,50.3,1,0,21.51,23.85,94048,1,1,1,31.41
124996,64.22,50.0,49.7,50.3,1,0,21.33,23.85,94548,1,1,1,31.42
125502,64.22,50.0,49.7,50.3,1,0,21.33,23.84,95048,1,1,1,31.42
126008,64.18,50.0,49.7,50.3,1,0,21.14,23.84,95548,1,1,1,31.44
126514,64.21,50.0,49.7,50.3,1,0,21.1,23.84,96048,1,1,1,31.42
127020,64.21,50.0,49.7,50.3,1,0,21.1,23.84,96548,1,1,1,31.42
127526,64.24,50.0,49.7,50.3,1,0,21.18,23.84,97048,1,1,1,31.44
128032,64.24,50.0,49.7,50.3,1,0,21.18,23.86,97548,1,1,1,31.44
128538,64.34,50.0,49.7,50.3,1,0,20.79,23.86,98048,1,1,1,31.41
129044,64.34,50.0,49.7,50.3,1,0,20.79,23.86,98548,1,1,1,31.41
129550,64.4,50.0,49.7,50.3,1,0,20.53,23.86,99048,1,1,1,31.42
130056,64.42,50.0,49.7,50.3,1,0,20.66,23.89,99548,1,1,1,31.44
130562,64.42,50.0,49.7,50.3,1,0,20.62,23.91,100048,1,1,1,31.42
131068,64.42,50.0,49.7,50.3,1,0,20.62,23.89,101048,1,1,1,31.42
131574,64.46,50.0,49.7,50.3,1,0,20.36,23.9,101548,1,1,1,31.42
132080,64.46,50.0,49.7,50.3,1,0,20.36,23.9,102048,1,1,1,31.42
132586,64.46,50.0,49.7,50.3,1,0,20.36,23.9,102548,1,1,1,31.42
133092,64.47,50.0,49.7,50.3,1,0,20.34,23.9,103048,1,1,1,31.42
133598,64.49,50.0,49.7,50.3,1,0,19.95,23.95,103548,1,1,1,31.47
134104,64.49,50.0,49.7,50.3,1,0,19.95,23.95,104048,1,1,1,31.47
134610,64.48,50.0,49.7,50.3,1,0,20.0,23.94,104548,1,1,1,31.45
135116,64.48,50.0,49.7,50.3,1,1,19.93,23.95,105048,1,1,1,31.47
135622,64.48,50.0,49.7,50.3,1,1,19.93,23.95,105548,1,1,1,31.47
136128,64.5,50.0,49.7,50.3,1,1,19.89,23.95,106048,1,1,1,31.45
136634,64.5,50.0,49.7,50.3,1,1,19.89,23.94,106548,1,1,1,31.45
137140,64.52,50.0,49.7,50.3,1,1,19.84,23.96,107048,1,1,1,31.47
137646,64.59,50.0,49.7,50.3,1,1,19.8,23.95,107548,1,1,1,31.44
138152,64.66,50.0,49.7,50.3,1,1,20.21,23.95,108048,1,1,1,31.45
138658,64.66,50.0,49.7,50.3,1,1,20.21,23.98,108548,1,1,1,31.45
139164,64.6,50.0,49.7,50.3,1,1,20.51,23.94,109057,1,1,1,31.42
139670,64.6,50.0,49.7,50.3,1,1,20.51,23.94,109557,1,1,1,31.42
140176,64.22,50.0,49.7,50.3,1,1,20.53,23.85,110057,1,1,1,31.44
140682,64.22,50.0,49.7,50.3,1,1,20.53,23.85,110557,1,1,1,31.44
141188,63.74,50.0,49.7,50.3,1,1,20.69,23.73,111057,1,1,1,31.44
141694,63.74,50.0,49.7,50.3,1,1,20.69,23.73,111557,1,1,1,31.44
142200,63.23,50.0,49.7,50.3,1,1,21.2,23.57,112057,1,1,1,31.41
142706,63.23,50.0,49.7,50.3,1,1,21.2,23.57,112557,1,1,1,31.41
143213,62.48,50.0,49.7,50.3,1,1,20.06,23.57,113057,1,1,1,31.44
143720,62.48,50.0,49.7,50.3,1,1,20.06,23.4,113557,1,1,1,31.44
144226,62.05,50.0,49.7,50.3,1,1,20.43,23.27,114057,1,1,1,31.42
144732,62.05,50.0,49.7,50.3,1,1,20.43,23.27,114557,1,1,1,31.42
145238,61.62,50.0,49.7,50.3,1,1,20.73,23.15,115057,1,1,1,31.42
145744,61.62,50.0,49.7,50.3,1,1,20.73,23.15,115559,1,1,1,31.42
146250,61.62,50.0,49.7,50.3,1,1,20.73,23.15,116059,1,1,1,31.42
146756,61.62,50.0,49.7,50.3,1,1,20.73,23.15,116559,1,1,1,31.42
147262,60.75,50.0,49.7,50.3,1,1,20.69,22.87,117059,1,1,1,31.37
147768,60.75,50.0,49.7,50.3,1,1,20.69,22.87,117559,1,1,1,31.37
148274,60.29,50.0,49.7,50.3,1,1,20.71,22.74,118059,1,1,1,31.37
148780,60.0,50.0,49.7,50.3,1,1,20.71,22.74,118559,1,1,1,31.4
149286,60.0,50.0,49.7,50.3,1,0,20.71,22.69,119059,1,1,1,31.4
149805,59.54,50.0,49.7,50.3,1,0,20.58,22.69,119559,1,1,1,31.37
150312,59.54,50.0,49.7,50.3,1,0,20.58,22.53,120059,1,1,1,31.37
150818,59.32,50.0,49.7,50.3,1,0,20.62,22.49,120559,1,1,1,31.38
151324,59.1,50.0,49.7,50.3,1,0,20.45,22.49,121059,1,1,1,31.38
151830,59.1,50.0,49.7,50.3,1,0,20.45,22.43,121559,1,1,1,31.38
152336,58.89,50.0,49.7,50.3,1,0,20.3,22.34,122059,1,1,1,31.35
152842,58.89,50.0,49.7,50.3,1,0,20.3,22.34,122559,1,1,1,31.35
153348,58.72,50.0,49.7,50.3,1,0,19.91,22.28,123059,1,1,1,31.34
153854,58.62,50.0,49.7,50.3,1,0,19.74,22.25,123559,1,1,1,31.34
154360,58.62,50.0,49.7,50.3,1,0,19.74,22.25,124059,1,1,1,31.34
154866,58.62,50.0,49.7,50.3,1,0,19.74,22.25,124559,1,1,1,31.34
155372,58.53,50.0,49.7,50.3,1,0,19.5,22.25,125059,1,1,1,31.37
155878,58.53,50.0,49.7,50.3,1,0,19.5,22.25,125559,1,1,1,31.37
156384,58.51,50.0,49.7,50.3,1,0,19.24,22.25,126059,1,1,1,31.35
156890,58.51,50.0,49.7,50.3,1,0,19.24,22.23,126559,1,1,1,31.35
157396,58.58,50.0,49.7,50.3,1,0,19.28,22.23,127059,1,1,1,31.35
157902,58.63,50.0,49.7,50.3,1,0,18.42,22.26,127559,1,1,1,31.35
158408,58.63,50.0,49.7,50.3,1,0,18.42,22.27,128059,1,1,1,31.35
158914,58.63,50.0,49.7,50.3,1,0,18.42,22.27,128559,1,1,1,31.35
159420,58.63,50.0,49.7,50.3,1,0,18.42,22.27,129059,1,1,1,31.35
159926,58.59,50.0,49.7,50.3,1,0,18.81,22.27,129559,1,1,1,31.34
160432,58.59,50.0,49.7,50.3,1,0,18.81,22.25,130059,1,1,1,31.34
160938,58.58,50.0,49.7,50.3,1,0,18.7,22.26,130559,1,1,1,31.35
161444,58.64,50.0,49.7,50.3,1,0,18.72,22.26,131059,1,1,1,31.35
161950,58.61,50.0,49.7,50.3,1,0,18.62,22.27,131559,1,1,1,31.37
162456,58.61,50.0,49.7,50.3,1,0,18.62,22.27,132059,1,1,1,31.37
162962,58.66,50.0,49.7,50.3,1,0,18.62,22.29,132559,1,1,1,31.37
163468,58.66,50.0,49.7,50.3,1,0,18.44,22.29,133059,1,1,1,31.37
163974,58.68,50.0,49.7,50.3,1,0,18.42,22.29,133559,1,1,1,31.37
164480,58.73,50.0,49.7,50.3,1,0,18.49,22.3,134059,1,1,1,31.37
164986,58.73,50.0,49.7,50.3,1,0,18.49,22.31,134559,1,1,1,31.37
165492,58.86,50.0,49.7,50.3,1,0,18.29,22.31,135059,1,1,1,31.38
165998,58.86,50.0,49.7,50.3,1,1,18.29,22.36,135559,1,1,1,31.38
166504,58.95,50.0,49.7,50.3,1,1,18.27,22.36,136059,1,1,1,31.4
167010,58.99,50.0,49.7,50.3,1,1,18.19,22.4,136559,1,1,1,31.38
167517,59.16,50.0,49.7,50.3,1,1,18.34,22.39,137059,1,1,1,31.37
168024,59.16,50.0,49.7,50.3,1,1,18.34,22.43,137559,1,1,1,31.37
168530,59.3,50.0,49.7,50.3,1,1,18.57,22.43,138059,1,1,1,31.37
169036,59.3,50.0,49.7,50.3,1,1,18.57,22.47,138559,1,1,1,31.37
169542,59.3,50.0,49.7,50.3,1,1,18.57,22.47,139059,1,1,1,31.37
170048,59.0,50.0,49.7,50.3,1,1,18.83,22.47,139559,1,1,1,31.37
170554,59.0,50.0,49.7,50.3,1,1,18.83,22.38,140059,1,1,1,31.37
171060,58.41,50.0,49.7,50.3,1,1,19.09,22.38,140559,1,1,1,31.37
171566,58.09,50.0,49.7,50.3,1,1,19.18,22.22,141059,1,1,1,31.37
172073,57.75,50.0,49.7,50.3,1,1,19.13,22.13,141559,1,1,1,31.35
172580,57.75,50.0,49.7,50.3,1,1,19.13,22.02,142064,1,1,1,31.35
173086,57.75,50.0,49.7,50.3,1,1,19.13,22.02,142566,1,1,1,31.35
173592,57.75,50.0,49.7,50.3,1,1,19.13,22.02,143572,1,1,1,31.35
174098,57.75,50.0,49.7,50.3,1,1,19.13,22.02,144072,1,1,1,31.35
174604,57.75,50.0,49.7,50.3,1,1,19.13,22.02,144572,1,1,1,31.35
175110,56.39,50.0,49.7,50.3,1,1,18.7,21.6,145073,1,1,1,31.32
175616,56.39,50.0,49.7,50.3,1,1,18.7,21.6,145573,1,1,1,31.32
176122,56.06,50.0,49.7,50.3,1,1,19.22,21.47,146073,1,1,1,31.28
176628,55.86,50.0,49.7,50.3,1,1,19.26,21.41,146573,1,1,1,31.28
177134,55.86,50.0,49.7,50.3,1,1,19.26,21.41,147073,1,1,1,31.28
177640,55.56,50.0,49.7,50.3,1,0,19.44,21.33,147573,1,1,1,31.3
178148,55.56,50.0,49.7,50.3,1,0,19.44,21.33,148073,1,1,1,31.3
178655,55.56,50.0,49.7,50.3,1,0,19.44,21.33,148573,1,1,1,31.3
179161,55.05,50.0,49.7,50.3,1,0,19.26,21.17,149073,1,1,1,31.28
179667,55.05,50.0,49.7,50.3,1,0,19.26,21.17,149573,1,1,1,31.28
180173,55.05,50.0,49.7,50.3,1,0,19.26,21.17,150073,1,1,1,31.28
180679,54.7,50.0,49.7,50.3,1,0,18.83,21.07,150573,1,1,1,31.28
181185,54.7,50.0,49.7,50.3,1,0,18.83,21.07,151073,1,1,1,31.28
181691,54.54,50.0,49.7,50.3,1,0,18.72,21.01,151573,1,1,1,31.27
182197,54.54,50.0,49.7,50.3,1,0,18.55,21.01,152073,1,1,1,31.28
182703,54.54,50.0,49.7,50.3,1,0,18.55,21.02,152573,1,1,1,31.28
183209,54.6,50.0,49.7,50.3,1,0,18.27,21.02,153073,1,1,1,31.27
183715,54.6,50.0,49.7,50.3,1,0,18.27,21.02,153573,1,1,1,31.27
184221,54.61,50.0,49.7,50.3,1,0,18.32,21.03,154073,1,1,1,31.27
184727,54.61,50.0,49.7,50.3,1,0,18.32,21.03,154573,1,1,1,31.27
185233,54.65,50.0,49.7,50.3,1,0,17.99,21.01,155073,1,1,1,31.24
185739,54.66,50.0,49.7,50.3,1,0,18.08,21.01,155573,1,1,1,31.27
186245,54.66,50.0,49.7,50.3,1,0,18.08,21.04,156073,1,1,1,31.27
186751,54.67,50.0,49.7,50.3,1,0,17.84,21.06,156573,1,1,1,31.28
187257,54.67,50.0,49.7,50.3,1,0,17.84,21.06,157073,1,1,1,31.28
187763,54.68,50.0,49.7,50.3,1,0,17.65,21.06,157573,1,1,1,31.28
188269,54.68,50.0,49.7,50.3,1,0,17.65,21.06,158073,1,1,1,31.28
188775,54.75,50.0,49.7,50.3,1,0,17.65,21.08,158573,1,1,1,31.28
189282,54.75,50.0,49.7,50.3,1,0,17.65,21.08,159073,1,1,1,31.28
189789,54.78,50.0,49.7,50.3,1,0,17.5,21.09,159573,1,1,1,31.28
190295,54.78,50.0,49.7,50.3,1,0,17.5,21.09,160073,1,1,1,31.28
190801,54.78,50.0,49.7,50.3,1,0,17.5,21.09,160573,1,1,1,31.28
191307,54.9,50.0,49.7,50.3,1,1,17.04,21.1,161073,1,1,1,31.25
191813,54.99,50.0,49.7,50.3,1,1,17.35,21.1,161573,1,1,1,31.28
192319,54.99,50.0,49.7,50.3,1,1,17.35,21.16,162073,1,1,1,31.28
192825,54.99,50.0,49.7,50.3,1,1,17.35,21.16,162573,1,1,1,31.28
193331,55.18,50.0,49.7,50.3,1,1,17.5,21.24,163073,1,1,1,31.31
193837,55.18,50.0,49.7,50.3,1,1,17.5,21.24,163573,1,1,1,31.31
194343,55.38,50.0,49.7,50.3,1,1,17.76,21.27,164082,1,1,1,31.28
194849,55.43,50.0,49.7,50.3,1,1,17.8,21.27,164582,1,1,1,31.3
195355,55.43,50.0,49.7,50.3,1,1,17.8,21.3,165082,1,1,1,31.3
195861,55.07,50.0,49.7,50.3,1,1,18.12,21.3,165582,1,1,1,31.25
196367,55.07,50.0,49.7,50.3,1,1,18.12,21.15,166082,1,1,1,31.25
196873,54.66,50.0,49.7,50.3,1,1,18.16,21.04,166582,1,1,1,31.27
197379,54.66,50.0,49.7,50.3,1,1,18.16,21.04,167082,1,1,1,31.27
197885,54.14,50.0,49.7,50.3,1,1,18.23,21.04,167582,1,1,1,31.27
198391,53.85,50.0,49.7,50.3,1,1,18.12,20.89,168082,1,1,1,31.28
198897,53.85,50.0,49.7,50.3,1,1,18.12,20.82,168582,1,1,1,31.28
199403,53.6,50.0,49.7,50.3,1,1,18.66,20.71,169082,1,1,1,31.25
199909,53.31,50.0,49.7,50.3,1,1,18.36,20.71,169582,1,1,1,31.24
200416,53.31,50.0,49.7,50.3,1,1,18.36,20.61,170082,1,1,1,31.24
200923,52.95,50.0,49.7,50.3,1,1,19.07,20.61,170582,1,1,1,31.23
201429,52.95,50.0,49.7,50.3,1,0,19.07,20.49,171082,1,0,1,31.23
201935,52.71,50.0,49.7,50.3,1,0,18.49,20.43,171587,1,1,1,31.24
202441,52.44,50.0,49.7,50.3,1,0,18.55,20.43,172087,1,1,1,31.23
202947,52.44,50.0,49.7,50.3,1,0,18.55,20.33,172587,1,1,1,31.23
203453,52.44,50.0,49.7,50.3,1,0,18.55,20.33,173087,1,1,1,31.23
203959,52.02,50.0,49.7,50.3,1,0,18.16,20.33,173587,1,1,1,31.21
204465,52.02,50.0,49.7,50.3,1,0,18.16,20.19,174087,1,1,1,31.21
204971,51.82,50.0,49.7,50.3,1,0,17.8,20.19,174587,1,1,1,31.2
205477,51.72,50.0,49.7,50.3,1,0,17.6,20.11,175087,1,1,1,31.2
205983,51.63,50.0,49.7,50.3,1,0,17.56,20.08,175587,1,1,1,31.2
206489,51.63,50.0,49.7,50.3,1,0,17.56,20.05,176087,1,1,1,31.2
206995,51.66,50.0,49.7,50.3,1,0,17.56,20.07,176587,1,1,1,31.21
207501,51.66,50.0,49.7,50.3,1,0,17.56,20.07,177087,1,1,1,31.21
208007,51.66,50.0,49.7,50.3,1,0,17.56,20.07,177587,1,1,1,31.21
208513,51.68,50.0,49.7,50.3,1,0,17.2,20.04,178093,1,1,1,31.17
209019,51.71,50.0,49.7,50.3,1,0,17.3,20.04,178593,1,1,1,31.2
209525,51.84,50.0,49.7,50.3,1,0,17.0,20.08,179093,1,1,1,31.18
210031,51.84,50.0,49.7,50.3,1,0,17.0,20.11,179593,1,1,1,31.18
210537,51.88,50.0,49.7,50.3,1,0,16.94,20.11,180093,1,1,1,31.2
211043,51.88,50.0,49.7,50.3,1,0,16.94,20.13,180593,1,1,1,31.2
211549,51.96,50.0,49.7,50.3,1,0,16.57,20.13,181093,1,1,1,31.2
212055,52.06,50.0,49.7,50.3,1,0,16.92,20.16,181593,1,1,1,31.23
212561,52.06,50.0,49.7,50.3,1,0,16.92,20.22,182093,1,1,1,31.23
213067,52.06,50.0,49.7,50.3,1,0,16.92,20.22,182593,1,1,1,31.23
213573,52.21,50.0,49.7,50.3,1,0,16.74,20.22,183093,1,1,1,31.21
214079,52.21,50.0,49.7,50.3,1,0,16.74,20.25,183593,1,1,1,31.21
214585,52.28,50.0,49.7,50.3,1,0,16.55,20.25,184093,1,1,1,31.21
215091,52.33,50.0,49.7,50.3,1,0,16.53,20.27,184593,1,1,1,31.21
215597,52.33,50.0,49.7,50.3,1,0,16.53,20.28,185093,1,1,1,31.21
216103,52.41,50.0,49.7,50.3,1,0,16.42,20.28,185593,1,1,1,31.21
216609,52.41,50.0,49.7,50.3,1,0,16.42,20.31,186093,1,1,1,31.21
217115,52.53,50.0,49.7,50.3,1,1,16.27,20.35,187095,1,1,1,31.21
217622,52.66,50.0,49.7,50.3,1,1,16.31,20.4,187595,1,1,1,31.23
218128,52.66,50.0,49.7,50.3,1,1,16.31,20.4,188095,1,1,1,31.23
218634,52.66,50.0,49.7,50.3,1,1,16.31,20.4,188595,1,1,1,31.23
219140,52.66,50.0,49.7,50.3,1,1,16.31,20.4,189095,1,1,1,31.23
219646,52.99,50.0,49.7,50.3,1,1,16.61,20.5,189595,1,1,1,31.23
220152,52.99,50.0,49.7,50.3,1,1,16.61,20.5,190095,1,1,1,31.23
220658,53.12,50.0,49.7,50.3,1,1,17.02,20.5,190595,1,1,1,31.23
221164,53.12,50.0,49.7,50.3,1,1,17.02,20.54,191095,1,1,1,31.23
221670,52.7,50.0,49.7,50.3,1,1,17.26,20.4,191595,1,1,1,31.21
222176,52.7,50.0,49.7,50.3,1,1,17.26,20.4,192095,1,1,1,31.21
222682,52.7,50.0,49.7,50.3,1,1,17.26,20.4,192595,1,1,1,31.21
223188,51.94,50.0,49.7,50.3,1,1,17.48,20.18,193095,1,1,1,31.23
223694,51.64,50.0,49.7,50.3,1,1,17.48,20.07,193595,1,1,1,31.21
224200,51.64,50.0,49.7,50.3,1,1,17.48,20.07,194095,1,1,1,31.21
224706,51.2,50.0,49.7,50.3,1,1,17.65,20.07,194595,1,1,1,31.2
225212,51.2,50.0,49.7,50.3,1,1,17.65,19.92,195095,1,1,1,31.2
225718,50.88,50.0,49.7,50.3,1,1,17.65,19.81,195595,1,1,1,31.18
226224,50.88,50.0,49.7,50.3,1,1,17.65,19.81,196095,1,1,1,31.18
226730,50.54,50.0,49.7,50.3,1,0,17.8,19.69,196595,1,1,1,31.17
227237,50.54,50.0,49.7,50.3,1,0,17.8,19.69,197095,1,1,1,31.17
227744,50.08,50.0,49.7,50.3,0,0,17.67,19.52,0,1,1,0,31.16
228250,50.08,50.0,49.7,50.3,0,0,17.67,19.52,500,1,1,0,31.16
228756,50.08,50.0,49.7,50.3,0,0,17.67,19.52,1000,1,1,0,31.16
229262,49.71,50.0,49.7,50.3,0,0,17.78,19.4,1500,1,1,0,31.16
229768,49.54,50.0,49.7,50.3,0,0,16.89,19.35,2000,1,1,0,31.16
230274,49.54,50.0,49.7,50.3,0,0,16.89,19.35,2500,1,1,0,31.16
230780,49.52,50.0,49.7,50.3,0,0,17.04,19.33,3000,1,1,0,31.14
231286,49.35,50.0,49.7,50.3,0,0,16.89,19.26,3500,1,1,0,31.13
231792,49.35,50.0,49.7,50.3,0,0,16.72,19.26,4000,1,1,0,31.14
232298,49.35,50.0,49.7,50.3,0,0,16.72,19.28,4500,1,1,0,31.14
232804,49.34,50.0,49.7,50.3,0,0,16.76,19.25,5000,1,1,0,31.12
233310,49.34,50.0,49.7,50.3,0,0,16.76,19.25,5500,1,1,0,31.12
233816,49.3,50.0,49.7,50.3,0,0,16.85,19.27,6000,1,1,0,31.16
234322,49.37,50.0,49.7,50.3,0,0,16.87,19.29,6500,1,1,0,31.16
234828,49.39,50.0,49.7,50.3,0,0,16.94,19.29,7000,1,1,0,31.14
235334,49.43,50.0,49.7,50.3,0,0,16.92,19.29,7500,1,1,0,31.14
235840,49.43,50.0,49.7,50.3,0,0,16.92,19.3,8000,1,1,0,31.14
236346,49.53,50.0,49.7,50.3,0,0,16.74,19.3,8500,1,1,0,31.13
236852,49.53,50.0,49.7,50.3,0,0,16.79,19.32,9000,1,1,0,31.16
237358,49.53,50.0,49.7,50.3,0,0,16.79,19.35,9500,1,1,0,31.16
237864,49.66,50.0,49.7,50.3,0,0,16.83,19.39,10000,1,1,0,31.16
238370,49.62,50.0,49.7,50.3,0,0,16.92,19.38,10500,1,1,0,31.16
238876,49.71,50.0,49.7,50.3,0,0,16.98,19.38,11000,1,1,0,31.14
239382,49.71,50.0,49.7,50.3,0,0,16.98,19.39,11500,1,1,0,31.14
239888,49.71,50.0,49.7,50.3,0,0,16.98,19.39,12000,1,1,0,31.14
240394,49.76,50.0,49.7,50.3,0,0,17.13,19.42,12500,1,1,0,31.16
240900,49.85,50.0,49.7,50.3,0,0,17.17,19.45,13004,1,1,0,31.16
241410,49.99,50.0,49.7,50.3,0,0,17.32,19.45,13504,1,1,0,31.16
241917,49.99,50.0,49.7,50.3,0,0,17.32,19.49,14004,1,1,0,31.16
242423,49.98,50.0,49.7,50.3,0,0,17.41,19.49,14504,1,1,0,31.16
242929,50.1,50.0,49.7,50.3,0,0,17.41,19.56,15004,1,1,0,31.18
243435,50.14,50.0,49.7,50.3,0,0,17.41,19.56,15504,1,1,0,31.16
243941,50.14,50.0,49.7,50.3,0,0,17.41,19.54,16004,1,1,0,31.16
244447,50.22,50.0,49.7,50.3,0,0,17.52,19.58,16504,1,1,0,31.17
244953,50.28,50.0,49.7,50.3,0,0,17.88,19.58,17004,1,1,0,31.17
245459,50.28,50.0,49.7,50.3,0,0,17.88,19.6,17504,1,1,0,31.17
245965,50.38,50.0,49.7,50.3,0,0,17.73,19.6,18004,1,1,0,31.16
246471,50.45,50.0,49.7,50.3,0,0,17.88,19.62,18504,1,1,0,31.18
246977,50.58,50.0,49.7,50.3,0,0,18.04,19.67,19004,1,1,0,31.18
247483,50.58,50.0,49.7,50.3,0,0,18.04,19.71,19504,1,1,0,31.18
247989,50.58,50.0,49.7,50.3,0,0,18.04,19.71,20004,1,1,0,31.18
248495,50.75,50.0,49.7,50.3,0,0,18.19,19.71,20504,1,1,0,31.2
249001,50.75,50.0,49.7,50.3,0,0,18.19,19.78,21004,1,1,0,31.2
249507,50.86,50.0,49.7,50.3,0,0,18.25,19.78,21504,1,1,0,31.2
250013,50.86,50.0,49.7,50.3,0,0,18.25,19.81,22004,1,1,0,31.2
250519,50.96,50.0,49.7,50.3,0,0,18.51,19.81,22505,1,1,0,31.18
251025,51.01,50.0,49.7,50.3,0,0,18.6,19.83,23005,1,0,0,31.18
251532,51.01,50.0,49.7,50.3,0,0,18.6,19.84,23505,1,0,0,31.18
252038,51.07,50.0,49.7,50.3,0,0,18.51,19.84,24005,1,0,0,31.18
252544,51.13,50.0,49.7,50.3,0,0,18.96,19.87,24505,1,0,0,31.2
253050,51.13,50.0,49.7,50.3,0,0,18.96,19.9,25005,1,0,0,31.2
253556,51.13,50.0,49.7,50.3,0,0,18.96,19.9,25505,1,0,0,31.2
254062,51.34,50.0,49.7,50.3,0,0,19.05,19.9,26005,1,0,0,31.2
254568,51.34,50.0,49.7,50.3,0,0,19.05,19.96,26505,1,0,0,31.2
255074,51.41,50.0,49.7,50.3,0,0,19.2,19.96,27005,1,0,0,31.23
255580,51.41,50.0,49.7,50.3,0,0,19.2,20.01,27505,1,0,0,31.23
256086,51.5,50.0,49.7,50.3,0,0,19.03,20.01,28005,1,0,0,31.21
256592,51.5,50.0,49.7,50.3,0,0,19.03,20.02,28505,1,0,0,31.21
257098,51.5,50.0,49.7,50.3,0,0,19.03,20.02,29005,1,0,0,31.21
257604,51.5,50.0,49.7,50.3,0,0,19.03,20.02,29505,1,0,0,31.21
258110,51.7,50.0,49.7,50.3,1,0,19.41,20.02,0,1,0,0,31.23
258616,51.7,50.0,49.7,50.3,1,0,19.41,20.1,500,1,0,0,31.23
259122,51.7,50.0,49.7,50.3,1,0,19.41,20.1,1502,1,0,0,31.23
259628,51.7,50.0,49.7,50.3,1,0,19.41,20.1,2002,1,0,0,31.23
260134,51.75,50.0,49.7,50.3,1,0,19.52,20.13,2502,1,0,0,31.24
260640,51.86,50.0,49.7,50.3,1,0,19.82,20.15,3002,1,0,0,31.23
261146,51.86,50.0,49.7,50.3,1,0,19.82,20.15,3502,1,0,0,31.23
261652,51.86,50.0,49.7,50.3,1,0,19.82,20.15,4002,1,0,0,31.23
262158,51.9,50.0,49.7,50.3,1,0,19.76,20.15,4502,1,0,0,31.21
262664,51.9,50.0,49.7,50.3,1,0,19.76,20.15,5002,1,0,0,31.21
263170,51.94,50.0,49.7,50.3,1,0,19.65,20.19,5502,1,0,0,31.24
263676,51.98,50.0,49.7,50.3,1,0,19.65,20.19,6002,1,0,0,31.23
264182,51.98,50.0,49.7,50.3,1,0,19.65,20.19,6502,1,0,0,31.23
264688,52.0,50.0,49.7,50.3,1,0,19.72,20.21,7002,1,0,0,31.24
265194,52.0,50.0,49.7,50.3,1,0,19.72,20.21,7502,1,0,0,31.24
265700,52.05,50.0,49.7,50.3,1,0,19.31,20.21,8002,1,0,0,31.23
266206,52.12,50.0,49.7,50.3,1,0,19.76,20.21,8502,1,0,0,31.25
266712,52.12,50.0,49.7,50.3,1,0,19.76,20.26,9002,1,0,0,31.25
267218,52.09,50.0,49.7,50.3,1,0,19.5,20.25,9502,1,0,0,31.25
267724,52.09,50.0,49.7,50.3,1,0,19.5,20.25,10002,1,0,0,31.25
268230,52.09,50.0,49.7,50.3,1,0,19.5,20.25,10502,1,0,0,31.25
268736,52.16,50.0,49.7,50.3,1,0,19.46,20.26,11002,1,0,0,31.24
269242,52.16,50.0,49.7,50.3,1,0,19.46,20.26,11502,1,0,0,31.24
269748,52.16,50.0,49.7,50.3,1,0,19.46,20.26,12002,1,0,0,31.24
270254,52.16,50.0,49.7,50.3,1,0,19.46,20.26,12502,1,0,0,31.24
270760,52.27,50.0,49.7,50.3,1,0,19.24,20.3,13002,1,0,0,31.25
271266,52.27,50.0,49.7,50.3,1,0,19.24,20.3,13502,1,0,0,31.25
271772,52.32,50.0,49.7,50.3,1,0,19.2,20.32,14002,1,0,0,31.25
272278,52.35,50.0,49.7,50.3,1,0,18.94,20.32,14502,1,0,0,31.24
272784,52.35,50.0,49.7,50.3,1,0,18.94,20.32,15002,1,0,0,31.24
273290,52.36,50.0,49.7,50.3,1,0,19.07,20.32,15502,1,0,0,31.24
273796,52.38,50.0,49.7,50.3,1,0,18.85,20.34,16002,1,0,0,31.25
274302,52.38,50.0,49.7,50.3,1,0,18.85,20.34,16505,1,0,0,31.25
274808,52.38,50.0,49.7,50.3,1,0,18.85,20.34,17006,1,0,0,31.25
275314,52.38,50.0,49.7,50.3,1,0,18.85,20.34,17506,1,0,0,31.25
275820,52.38,50.0,49.7,50.3,1,0,18.85,20.34,18006,1,0,0,31.25
276326,52.38,50.0,49.7,50.3,1,0,18.85,20.34,18506,1,0,0,31.25
276844,52.55,50.0,49.7,50.3,1,0,18.81,20.34,19006,1,0,0,31.27
277351,52.55,50.0,49.7,50.3,1,0,18.81,20.4,19506,1,1,0,31.27
277857,52.57,50.0,49.7,50.3,1,0,18.47,20.42,20006,1,1,0,31.28
278363,52.67,50.0,49.7,50.3,1,0,18.4,20.42,20509,1,1,0,31.25
278869,52.67,50.0,49.7,50.3,1,0,18.4,20.43,21011,1,1,0,31.25
279375,52.68,50.0,49.7,50.3,1,0,18.55,20.44,21511,1,1,0,31.27
279881,52.68,50.0,49.7,50.3,1,0,18.55,20.44,22011,1,1,0,31.27
280387,52.68,50.0,49.7,50.3,1,0,18.36,20.46,22511,1,1,0,31.28
280893,52.77,50.0,49.7,50.3,1,0,18.36,20.46,23011,1,1,0,31.25
281399,52.75,50.0,49.7,50.3,1,0,18.25,20.46,23511,1,1,0,31.28
281906,52.76,50.0,49.7,50.3,1,0,18.21,20.48,24011,1,1,0,31.27
282413,52.76,50.0,49.7,50.3,1,0,18.21,20.47,24511,1,1,0,31.27
282919,52.88,50.0,49.7,50.3,1,0,18.21,20.49,25011,1,1,0,31.25
283425,52.93,50.0,49.7,50.3,1,0,17.99,20.49,25511,1,1,0,31.27
283931,52.93,50.0,49.7,50.3,1,0,17.84,20.52,26011,1,1,0,31.28
284437,52.93,50.0,49.7,50.3,1,0,17.84,20.54,26511,1,1,0,31.28
284943,52.93,50.0,49.7,50.3,1,0,17.84,20.54,27011,1,1,0,31.28
285450,52.93,50.0,49.7,50.3,1,0,17.84,20.54,27511,1,1,0,31.28
285957,52.93,50.0,49.7,50.3,1,0,17.84,20.54,28011,1,1,0,31.28
286463,53.02,50.0,49.7,50.3,1,0,17.73,20.57,28511,1,1,1,31.3
286969,53.02,50.0,49.7,50.3,1,0,17.73,20.57,29011,1,1,1,31.3
287475,53.11,50.0,49.7,50.3,1,0,17.65,20.59,29511,1,1,1,31.28
287981,53.14,50.0,49.7,50.3,1,0,17.52,20.59,30011,1,1,1,31.27
288487,53.14,50.0,49.7,50.3,1,0,17.52,20.58,30511,1,1,1,31.27
288993,53.24,50.0,49.7,50.3,1,0,17.41,20.58,31011,1,1,1,31.28
289500,53.28,50.0,49.7,50.3,1,0,17.54,20.63,31511,1,1,1,31.28
290007,53.28,50.0,49.7,50.3,1,0,17.54,20.64,32011,1,1,1,31.28
290513,53.33,50.0,49.7,50.3,1,0,17.32,20.68,32511,1,1,1,31.31
291019,53.32,50.0,49.7,50.3,1,0,17.28,20.68,33011,1,1,1,31.31
291525,53.39,50.0,49.7,50.3,1,0,17.17,20.68,33511,1,1,1,31.3
292031,53.39,50.0,49.7,50.3,1,0,17.17,20.69,34011,1,1,1,31.28
292537,53.39,50.0,49.7,50.3,1,0,17.17,20.67,34511,1,1,1,31.28
293043,53.47,50.0,49.7,50.3,1,0,17.2,20.7,35011,1,1,1,31.28
293549,53.5,50.0,49.7,50.3,1,0,16.96,20.7,35511,1,1,1,31.28
294055,53.5,50.0,49.7,50.3,1,0,16.96,20.71,36011,1,1,1,31.28
294561,53.56,50.0,49.7,50.3,1,0,17.0,20.71,36511,1,1,1,31.28
295067,53.56,50.0,49.7,50.3,1,0,17.0,20.73,37011,1,1,1,31.28
295573,53.56,50.0,49.7,50.3,1,0,16.89,20.73,37511,1,1,1,31.28
296079,53.57,50.0,49.7,50.3,1,0,16.76,20.73,38011,1,1,1,31.3
296585,53.68,50.0,49.7,50.3,1,0,16.74,20.74,38511,1,1,1,31.3
297091,53.68,50.0,49.7,50.3,1,1,16.74,20.77,39011,1,1,1,31.3
297597,53.72,50.0,49.7,50.3,1,1,16.74,20.77,39511,1,1,1,31.3
298103,53.72,50.0,49.7,50.3,1,1,16.74,20.79,40011,1,1,1,31.3
298609,53.73,50.0,49.7,50.3,1,1,16.53,20.79,40511,1,1,1,31.28
299115,53.79,50.0,49.7,50.3,1,1,17.0,20.78,41011,1,1,1,31.31
299621,53.79,50.0,49.7,50.3,1,1,17.0,20.82,41511,1,1,1,31.31
300127,53.79,50.0,49.7,50.3,1,1,17.0,20.82,42011,1,1,1,31.31
300633,53.64,50.0,49.7,50.3,1,1,17.32,20.75,43013,1,1,1,31.28
301139,53.64,50.0,49.7,50.3,1,1,17.32,20.75,43513,1,1,1,31.28
301645,53.09,50.0,49.7,50.3,1,1,17.69,20.6,44013,1,1,1,31.3
302151,52.69,50.0,49.7,50.3,1,1,17.8,20.46,44513,1,1,0,31.28
302657,52.69,50.0,49.7,50.3,1,1,17.8,20.46,45013,1,1,0,31.28
303163,52.69,50.0,49.7,50.3,1,1,17.8,20.46,45513,1,1,0,31.28
303669,52.01,50.0,49.7,50.3,1,1,17.95,20.24,46013,1,1,0,31.27
304175,51.53,50.0,49.7,50.3,1,1,17.91,20.07,46516,1,1,0,31.25
304681,51.53,50.0,49.7,50.3,1,1,17.91,20.07,47016,1,1,0,31.25
305187,51.53,50.0,49.7,50.3,1,1,17.91,20.07,47516,1,1,0,31.25
305693,50.86,50.0,49.7,50.3,1,0,17.84,19.82,48016,1,1,0,31.21
306201,50.63,50.0,49.7,50.3,1,0,18.1,19.82,48516,1,1,0,31.23
306708,50.63,50.0,49.7,50.3,1,0,18.1,19.77,49016,1,1,0,31.23
307214,50.63,50.0,49.7,50.3,1,0,18.1,19.77,49516,1,1,0,31.23
307720,50.21,50.0,49.7,50.3,0,0,17.76,19.63,0,1,1,0,31.23
308226,50.02,50.0,49.7,50.3,0,0,16.89,19.54,500,1,1,0,31.2
308732,49.89,50.0,49.7,50.3,0,0,17.39,19.5,1000,1,1,0,31.2
309238,49.89,50.0,49.7,50.3,0,0,17.39,19.5,1500,1,1,0,31.2
309744,49.66,50.0,49.7,50.3,0,0,17.2,19.5,2000,1,1,0,31.21
310250,49.66,50.0,49.7,50.3,0,0,17.2,19.44,2500,1,1,0,31.21
310756,49.66,50.0,49.7,50.3,0,0,17.2,19.44,3000,1,1,0,31.21
311262,49.55,50.0,49.7,50.3,0,0,16.92,19.38,3500,1,1,0,31.18
311768,49.55,50.0,49.7,50.3,0,0,16.92,19.38,4000,1,1,0,31.18
312274,49.47,50.0,49.7,50.3,0,0,17.6,19.35,4500,1,1,0,31.18
312780,49.47,50.0,49.7,50.3,0,0,17.6,19.35,5000,1,1,0,31.18
313286,49.45,50.0,49.7,50.3,0,0,17.0,19.35,5500,1,1,0,31.18
313792,49.5,50.0,49.7,50.3,0,0,16.79,19.36,6000,1,1,0,31.18
314298,49.5,50.0,49.7,50.3,0,0,16.79,19.36,6500,1,1,0,31.18
314804,49.51,50.0,49.7,50.3,0,0,16.68,19.36,7000,1,1,0,31.18
315310,49.51,50.0,49.7,50.3,0,0,16.87,19.36,7500,1,1,0,31.2
315816,49.51,50.0,49.7,50.3,0,0,16.87,19.38,8000,1,1,0,31.2
316322,49.51,50.0,49.7,50.3,0,0,16.87,19.38,8500,1,1,0,31.2
316828,49.7,50.0,49.7,50.3,0,0,16.92,19.38,9000,1,1,0,31.18
317348,49.79,50.0,49.7,50.3,0,0,16.83,19.43,9500,1,1,0,31.2
317855,49.79,50.0,49.7,50.3,0,0,16.83,19.47,10000,1,1,0,31.2
318361,49.89,50.0,49.7,50.3,0,0,17.15,19.51,10500,1,1,0,31.21
318867,49.94,50.0,49.7,50.3,0,0,16.79,19.51,11000,1,1,0,31.17
319373,49.94,50.0,49.7,50.3,0,0,17.28,19.49,11500,1,1,0,31.17
319879,49.94,50.0,49.7,50.3,0,0,17.28,19.49,12000,1,1,0,31.17
320385,50.06,50.0,49.7,50.3,0,0,17.15,19.54,12500,1,1,0,31.18
320891,50.08,50.0,49.7,50.3,0,0,17.09,19.54,13000,1,1,0,31.21
321397,50.08,50.0,49.7,50.3,0,0,17.09,19.57,13500,1,1,0,31.21
321903,50.16,50.0,49.7,50.3,0,0,17.52,19.57,14000,1,1,0,31.18
322409,50.16,50.0,49.7,50.3,0,0,17.52,19.57,14500,1,1,0,31.18
322915,50.31,50.0,49.7,50.3,0,0,17.67,19.66,15000,1,1,0,31.23
323421,50.35,50.0,49.7,50.3,0,0,17.54,19.65,15500,1,1,0,31.2
323927,50.35,50.0,49.7,50.3,0,0,17.54,19.65,16000,1,1,0,31.2
324433,50.48,50.0,49.7,50.3,0,0,17.73,19.65,16500,1,1,0,31.2
324939,50.48,50.0,49.7,50.3,0,0,17.73,19.69,17000,1,1,0,31.2
325445,50.58,50.0,49.7,50.3,0,0,17.76,19.69,17500,1,1,0,31.21
325951,50.58,50.0,49.7,50.3,0,0,17.76,19.73,18000,1,1,0,31.21
326457,50.69,50.0,49.7,50.3,0,0,17.8,19.78,18500,1,1,0,31.23
326963,50.69,50.0,49.7,50.3,0,0,17.8,19.78,19002,1,1,0,31.23
327469,50.75,50.0,49.7,50.3,0,0,17.84,19.79,19504,1,1,0,31.21
327975,50.85,50.0,49.7,50.3,0,0,17.97,19.79,20004,1,1,0,31.21
328481,50.85,50.0,49.7,50.3,0,0,17.97,19.82,20504,1,1,0,31.21
328987,50.9,50.0,49.7,50.3,0,0,18.19,19.84,21004,1,1,0,31.21
329493,50.91,50.0,49.7,50.3,0,0,18.25,19.85,21504,1,1,0,31.23
329999,50.91,50.0,49.7,50.3,0,0,18.25,19.85,22004,1,1,0,31.23
330505,51.01,50.0,49.7,50.3,0,0,17.95,19.87,22504,1,1,0,31.21
331011,51.08,50.0,49.7,50.3,0,0,18.1,19.87,23004,1,1,0,31.24
331517,51.08,50.0,49.7,50.3,0,0,18.1,19.92,23504,1,1,0,31.24
332023,51.08,50.0,49.7,50.3,0,0,18.1,19.92,24004,1,1,0,31.24
332529,51.08,50.0,49.7,50.3,0,0,18.1,19.92,24504,1,1,0,31.24
333035,51.14,50.0,49.7,50.3,0,0,18.66,19.92,25004,1,1,0,31.21
333541,51.14,50.0,49.7,50.3,0,0,18.66,19.91,25506,1,0,0,31.21
334047,51.23,50.0,49.7,50.3,0,0,18.75,19.97,26007,1,0,0,31.24
334553,51.26,50.0,49.7,50.3,0,0,18.9,19.97,26507,1,0,0,31.25
335059,51.26,50.0,49.7,50.3,0,0,18.9,19.99,27007,1,0,0,31.25
335565,51.29,50.0,49.7,50.3,0,0,19.0,19.99,27507,1,0,0,31.23
336071,51.29,50.0,49.7,50.3,0,0,19.0,19.97,28007,1,0,0,31.23
336577,51.36,50.0,49.7,50.3,0,0,19.07,19.97,28507,1,0,0,31.24
337083,51.33,50.0,49.7,50.3,0,0,19.13,20.01,29007,1,0,0,31.23
337589,51.33,50.0,49.7,50.3,0,0,19.13,19.99,29507,1,0,0,31.23
338095,51.33,50.0,49.7,50.3,1,0,19.13,19.99,0,1,0,0,31.23
338601,51.33,50.0,49.7,50.3,1,0,19.13,19.99,500,1,0,0,31.23
339107,51.4,50.0,49.7,50.3,1,0,19.41,19.99,1000,1,0,0,31.24
339613,51.4,50.0,49.7,50.3,1,0,19.41,20.02,1500,1,0,0,31.24
340119,51.42,50.0,49.7,50.3,1,0,19.48,20.02,2000,1,0,0,31.25
340625,51.42,50.0,49.7,50.3,1,0,19.48,20.04,2500,1,0,0,31.25
341131,51.46,50.0,49.7,50.3,1,0,19.48,20.04,3000,1,0,0,31.25
341637,51.46,50.0,49.7,50.3,1,0,19.56,20.05,3500,1,0,0,31.25
342143,51.46,50.0,49.7,50.3,1,0,19.56,20.05,4500,1,0,0,31.25
342649,51.56,50.0,49.7,50.3,1,0,19.69,20.11,5000,1,0,0,31.28
343155,51.54,50.0,49.7,50.3,1,0,19.91,20.1,5500,1,0,0,31.28
343661,51.54,50.0,49.7,50.3,1,0,19.91,20.1,6000,1,0,0,31.28
344167,51.54,50.0,49.7,50.3,1,0,19.91,20.1,6500,1,0,0,31.28
344673,51.61,50.0,49.7,50.3,1,0,20.12,20.1,7000,1,0,0,31.25
345179,51.61,50.0,49.7,50.3,1,0,20.12,20.1,7503,1,0,0,31.25
345685,51.63,50.0,49.7,50.3,1,0,19.46,20.11,8004,1,0,0,31.25
346191,51.63,50.0,49.7,50.3,1,0,19.46,20.11,8504,1,0,0,31.25
346697,51.66,50.0,49.7,50.3,1,0,19.52,20.11,9004,1,0,0,31.25
347203,51.66,50.0,49.7,50.3,1,0,19.52,20.11,9504,1,0,0,31.25
347709,51.66,50.0,49.7,50.3,1,0,19.52,20.11,10004,1,0,0,31.25
348215,51.66,50.0,49.7,50.3,1,0,19.52,20.11,10504,1,0,0,31.25
348721,51.76,50.0,49.7,50.3,1,0,19.33,20.16,11004,1,0,0,31.27
349227,51.76,50.0,49.7,50.3,1,0,19.33,20.16,11504,1,0,0,31.27
349733,51.79,50.0,49.7,50.3,1,0,19.48,20.18,12004,1,0,0,31.28
350239,51.79,50.0,49.7,50.3,1,0,19.48,20.18,12505,1,0,0,31.28
350745,51.79,50.0,49.7,50.3,1,0,19.48,20.18,13005,1,0,0,31.28
351251,51.82,50.0,49.7,50.3,1,0,19.11,20.19,13505,1,0,0,31.28
351757,51.85,50.0,49.7,50.3,1,0,19.0,20.17,14005,1,0,0,31.25
352263,51.87,50.0,49.7,50.3,1,0,18.27,20.17,14505,1,0,0,31.28
352769,51.87,50.0,49.7,50.3,1,0,18.27,20.21,15005,1,1,0,31.28
353275,51.88,50.0,49.7,50.3,1,0,19.03,20.2,15505,1,0,0,31.27
353781,51.9,50.0,49.7,50.3,1,0,18.81,20.19,16005,1,0,0,31.25
354287,51.88,50.0,49.7,50.3,1,0,18.75,20.22,16505,1,0,0,31.3
354793,51.88,50.0,49.7,50.3,1,0,18.75,20.22,17005,1,0,0,31.3
355299,51.95,50.0,49.7,50.3,1,0,18.57,20.22,17505,1,1,0,31.27
355805,51.95,50.0,49.7,50.3,1,0,18.57,20.22,18005,1,1,0,31.27
356311,51.99,50.0,49.7,50.3,1,0,18.75,20.22,18505,1,1,0,31.27
356817,51.99,50.0,49.7,50.3,1,0,18.75,20.23,19005,1,0,0,31.27
357323,52.0,50.0,49.7,50.3,1,0,18.66,20.23,19505,1,0,0,31.27
357829,52.0,50.0,49.7,50.3,1,0,18.66,20.23,20005,1,1,0,31.27
358335,52.07,50.0,49.7,50.3,1,0,18.55,20.23,20505,1,1,0,31.3
358854,52.08,50.0,49.7,50.3,1,0,18.23,20.28,21005,1,1,0,31.28
359361,52.08,50.0,49.7,50.3,1,0,18.23,20.27,21505,1,1,0,31.28
359867,52.08,50.0,49.7,50.3,1,0,18.23,20.27,22005,1,1,0,31.28
360373,52.08,50.0,49.7,50.3,1,0,18.23,20.27,22505,1,1,0,31.28
360879,52.18,50.0,49.7,50.3,1,0,18.1,20.33,23005,1,1,0,31.31
361385,52.19,50.0,49.7,50.3,1,0,18.12,20.33,23505,1,1,0,31.27
361891,52.19,50.0,49.7,50.3,1,0,18.12,20.29,24005,1,1,0,31.27
362397,52.19,50.0,49.7,50.3,1,0,18.12,20.29,24505,1,1,0,31.27
362903,52.19,50.0,49.7,50.3,1,0,18.12,20.29,25005,1,1,0,31.27
363409,52.19,50.0,49.7,50.3,1,0,18.12,20.29,25505,1,1,0,31.27
363915,52.19,50.0,49.7,50.3,1,0,18.12,20.29,26005,1,1,0,31.27
364421,52.19,50.0,49.7,50.3,1,0,18.12,20.29,26505,1,1,0,31.27
364927,52.39,50.0,49.7,50.3,1,0,17.76,20.29,27005,1,1,0,31.31
365433,52.39,50.0,49.7,50.3,1,0,17.76,20.39,27505,1,1,0,31.31
365939,52.4,50.0,49.7,50.3,1,0,17.63,20.39,28005,1,1,0,31.3
366445,52.4,50.0,49.7,50.3,1,0,17.63,20.38,28505,1,1,0,31.3
366951,52.4,50.0,49.7,50.3,1,0,17.63,20.38,29005,1,1,0,31.3
367457,52.53,50.0,49.7,50.3,1,0,17.65,20.38,29505,1,1,0,31.32
367963,52.53,50.0,49.7,50.3,1,0,17.65,20.45,30005,1,1,0,31.32
368469,52.5,50.0,49.7,50.3,1,0,17.54,20.45,30505,1,1,0,31.28
368975,52.5,50.0,49.7,50.3,1,0,17.54,20.4,31005,1,1,0,31.28
369481,52.53,50.0,49.7,50.3,1,0,17.58,20.42,31505,1,1,0,31.3
369987,52.61,50.0,49.7,50.3,1,0,17.17,20.45,32005,1,1,0,31.3
370493,52.64,50.0,49.7,50.3,1,0,17.26,20.45,32505,1,1,0,31.31
370999,52.64,50.0,49.7,50.3,1,0,17.26,20.47,33005,1,1,0,31.31
371505,52.66,50.0,49.7,50.3,1,0,17.07,20.49,33505,1,1,0,31.32
372011,52.68,50.0,49.7,50.3,1,0,17.0,20.48,34005,1,1,0,31.31
372517,52.68,50.0,49.7,50.3,1,0,17.0,20.48,34505,1,1,0,31.31
373023,52.76,50.0,49.7,50.3,1,0,17.0,20.51,35005,1,1,0,31.31
373529,52.76,50.0,49.7,50.3,1,0,17.5,20.51,35505,1,1,0,31.31
374035,52.8,50.0,49.7,50.3,1,0,16.85,20.51,36005,1,1,0,31.3
374541,52.8,50.0,49.7,50.3,1,0,16.85,20.51,36505,1,1,0,31.3
375047,52.83,50.0,49.7,50.3,1,0,16.31,20.51,37005,1,1,0,31.3
375553,52.83,50.0,49.7,50.3,1,0,16.31,20.52,37505,1,1,0,31.3
376059,52.83,50.0,49.7,50.3,1,0,16.31,20.52,38005,1,1,0,31.3
376565,52.91,50.0,49.7,50.3,1,0,16.7,20.55,38521,1,1,0,31.31
377071,52.95,50.0,49.7,50.3,1,0,16.46,20.55,39021,1,1,0,31.31
377577,52.95,50.0,49.7,50.3,1,0,16.46,20.57,39521,1,1,0,31.31
378083,52.98,50.0,49.7,50.3,1,0,16.51,20.57,40021,1,1,0,31.32
378589,52.98,50.0,49.7,50.3,1,0,16.51,20.59,40521,1,1,0,31.32
379095,53.02,50.0,49.7,50.3,1,1,16.38,20.59,41021,1,1,1,31.31
379601,53.01,50.0,49.7,50.3,1,1,16.38,20.59,41521,1,1,1,31.32
380107,53.08,50.0,49.7,50.3,1,1,16.48,20.6,42021,1,1,1,31.3
380613,53.07,50.0,49.7,50.3,1,1,16.46,20.59,42521,1,1,1,31.32
381119,53.07,50.0,49.7,50.3,1,1,16.46,20.61,43021,1,1,1,31.32
381625,53.07,50.0,49.7,50.3,1,1,16.46,20.61,43521,1,1,1,31.32
382131,53.09,50.0,49.7,50.3,1,1,16.72,20.61,44021,1,1,1,31.3
382637,52.98,50.0,49.7,50.3,1,1,16.94,20.6,44521,1,1,1,31.31
383143,52.98,50.0,49.7,50.3,1,1,16.94,20.57,45021,1,1,0,31.31
383649,52.5,50.0,49.7,50.3,1,1,17.45,20.57,45521,1,1,0,31.28
384155,51.91,50.0,49.7,50.3,1,1,18.19,20.4,46021,1,1,0,31.3
384661,51.91,50.0,49.7,50.3,1,1,18.19,20.23,46521,1,1,0,31.3
385167,51.91,50.0,49.7,50.3,1,1,18.19,20.23,47524,1,1,0,31.3
385673,51.15,50.0,49.7,50.3,1,1,17.63,19.98,48024,1,1,0,31.28
386179,50.76,50.0,49.7,50.3,1,1,17.58,19.83,48524,1,1,0,31.25
386685,50.76,50.0,49.7,50.3,1,1,17.58,19.83,49024,1,1,0,31.25
387191,50.76,50.0,49.7,50.3,1,1,17.58,19.83,49524,1,1,0,31.25
387697,50.76,50.0,49.7,50.3,1,1,17.58,19.83,50024,1,1,0,31.25
388203,49.88,50.0,49.7,50.3,0,0,17.58,19.56,0,1,1,0,31.27
388709,49.62,50.0,49.7,50.3,0,0,17.69,19.56,500,1,1,0,31.23
389215,49.62,50.0,49.7,50.3,0,0,17.69,19.44,1000,1,1,0,31.23
389721,49.62,50.0,49.7,50.3,0,0,17.69,19.44,1500,1,1,0,31.23
390227,49.19,50.0,49.7,50.3,0,0,17.37,19.3,2000,1,1,0,31.23
390736,49.19,50.0,49.7,50.3,0,0,17.37,19.3,2500,1,1,0,31.23
391242,48.93,50.0,49.7,50.3,0,0,17.15,19.22,3000,1,1,0,31.23
391748,48.69,50.0,49.7,50.3,0,0,16.92,19.22,3500,1,1,0,31.21
392254,48.69,50.0,49.7,50.3,0,0,16.92,19.12,4000,1,1,0,31.21
392760,48.59,50.0,49.7,50.3,0,0,16.85,19.08,4500,1,1,0,31.2
393266,48.59,50.0,49.7,50.3,0,0,16.85,19.08,5000,1,1,0,31.2
393772,48.53,50.0,49.7,50.3,0,0,16.76,19.06,5500,1,1,0,31.2
394278,48.53,50.0,49.7,50.3,0,0,16.76,19.06,6000,1,1,0,31.2
394784,48.51,50.0,49.7,50.3,0,0,16.72,19.05,6500,1,1,0,31.2
395290,48.55,50.0,49.7,50.3,0,0,16.83,19.05,7000,1,1,0,31.21
395796,48.55,50.0,49.7,50.3,0,0,16.83,19.08,7500,1,1,0,31.21
396302,48.54,50.0,49.7,50.3,0,0,16.72,19.05,8000,1,1,0,31.18
396808,48.54,50.0,49.7,50.3,0,0,16.68,19.05,8500,1,1,0,31.21
397314,48.54,50.0,49.7,50.3,0,0,16.68,19.07,9000,1,1,0,31.21
397820,48.55,50.0,49.7,50.3,0,0,16.83,19.08,9500,1,1,0,31.21
398326,48.59,50.0,49.7,50.3,0,0,16.81,19.09,10000,1,1,0,31.21
398832,48.66,50.0,49.7,50.3,0,0,17.11,19.09,10500,1,1,0,31.2
399338,48.66,50.0,49.7,50.3,0,0,17.11,19.1,11000,1,1,0,31.2
399844,48.66,50.0,49.7,50.3,0,0,17.11,19.1,11500,1,1,0,31.2
400350,48.72,50.0,49.7,50.3,0,0,16.92,19.13,12000,1,1,0,31.21
400856,48.72,50.0,49.7,50.3,0,0,16.92,19.13,12500,1,1,0,31.21
401362,48.72,50.0,49.7,50.3,0,0,16.92,19.13,13000,1,1,0,31.21
401868,48.85,50.0,49.7,50.3,0,0,17.2,19.17,13500,1,1,0,31.21
402374,48.85,50.0,49.7,50.3,0,0,17.2,19.17,14000,1,1,0,31.21
402880,48.85,50.0,49.7,50.3,0,0,17.2,19.17,14500,1,1,0,31.21
403386,48.93,50.0,49.7,50.3,0,0,17.43,19.2,15000,1,1,0,31.21
403892,48.95,50.0,49.7,50.3,0,0,17.26,19.21,15504,1,1,0,31.21
404398,48.95,50.0,49.7,50.3,0,0,17.26,19.21,16004,1,1,0,31.21
404904,48.95,50.0,49.7,50.3,0,0,17.26,19.21,16504,1,1,0,31.21
405410,49.11,50.0,49.7,50.3,0,0,17.58,19.26,17004,1,1,0,31.21
405916,49.11,50.0,49.7,50.3,0,0,17.58,19.26,17504,1,1,0,31.21
406423,49.11,50.0,49.7,50.3,0,0,17.58,19.26,18004,1,1,0,31.21
406929,49.29,50.0,49.7,50.3,0,0,17.65,19.26,18504,1,1,0,31.2
407435,49.29,50.0,49.7,50.3,0,0,17.65,19.31,19004,1,1,0,31.2
407941,49.31,50.0,49.7,50.3,0,0,18.08,19.32,19504,1,0,0,31.21
408447,49.42,50.0,49.7,50.3,0,0,17.82,19.32,20004,1,0,0,31.23
408953,49.49,50.0,49.7,50.3,0,0,19.07,19.37,20504,1,1,0,31.21
409459,49.49,50.0,49.7,50.3,0,0,19.07,19.38,21004,1,0,0,31.21
409965,49.5,50.0,49.7,50.3,0,0,18.12,19.4,21504,1,0,0,31.23
410471,49.6,50.0,49.7,50.3,0,0,18.23,19.44,22015,1,0,0,31.24
410977,49.6,50.0,49.7,50.3,0,0,18.23,19.44,22515,1,0,0,31.24
411483,49.58,50.0,49.7,50.3,0,0,18.55,19.41,23015,1,0,0,31.21
411989,49.69,50.0,49.7,50.3,0,0,18.42,19.41,23515,1,0,0,31.23
412495,49.73,50.0,49.7,50.3,0,0,18.51,19.46,24015,1,0,0,31.25
413001,49.73,50.0,49.7,50.3,0,0,18.51,19.5,24515,1,0,0,31.25
413507,49.77,50.0,49.7,50.3,0,0,18.4,19.5,25015,1,0,0,31.24
414013,49.77,50.0,49.7,50.3,0,0,18.4,19.5,25515,1,0,0,31.24
414519,49.77,50.0,49.7,50.3,0,0,18.4,19.5,26015,1,0,0,31.24
415025,49.87,50.0,49.7,50.3,0,0,18.81,19.5,26515,1,0,0,31.27
415531,49.87,50.0,49.7,50.3,0,0,18.81,19.56,27015,1,0,0,31.27
416037,49.92,50.0,49.7,50.3,0,0,18.88,19.56,27515,1,0,0,31.24
416543,49.92,50.0,49.7,50.3,0,0,18.88,19.55,28015,1,0,0,31.24
417049,49.92,50.0,49.7,50.3,0,0,18.88,19.55,28515,1,0,0,31.24
417555,50.05,50.0,49.7,50.3,0,0,18.68,19.61,29015,1,0,0,31.27
418061,50.03,50.0,49.7,50.3,0,0,19.13,19.6,29515,1,0,0,31.25
418567,50.05,50.0,49.7,50.3,1,0,19.35,19.6,0,1,0,0,31.28
419073,50.05,50.0,49.7,50.3,1,0,19.35,19.63,500,1,0,0,31.28
419579,50.05,50.0,49.7,50.3,1,0,19.35,19.63,1000,1,0,0,31.28
420085,50.16,50.0,49.7,50.3,1,0,19.41,19.63,1500,1,0,0,31.28
420591,50.15,50.0,49.7,50.3,1,0,19.31,19.66,2000,1,0,0,31.27
421097,50.17,50.0,49.7,50.3,1,0,19.54,19.65,2500,1,0,0,31.28
421603,50.17,50.0,49.7,50.3,1,0,19.54,19.67,3000,1,0,0,31.28
422109,50.17,50.0,49.7,50.3,1,0,19.54,19.67,3500,1,0,0,31.28
422615,50.22,50.0,49.7,50.3,1,0,19.41,19.67,4000,1,0,0,31.28
423121,50.22,50.0,49.7,50.3,1,0,19.41,19.69,4500,1,0,0,31.28
423627,50.26,50.0,49.7,50.3,1,0,19.61,19.69,5000,1,0,0,31.28
424133,50.26,50.0,49.7,50.3,1,0,19.61,19.7,5500,1,0,0,31.28
424639,50.28,50.0,49.7,50.3,1,0,19.39,19.7,6000,1,0,0,31.27
425145,50.28,50.0,49.7,50.3,1,0,19.39,19.69,6500,1,0,0,31.27
425651,50.28,50.0,49.7,50.3,1,0,19.39,19.69,7000,1,0,0,31.27
426157,50.29,50.0,49.7,50.3,1,0,19.48,19.69,7500,1,0,0,31.25
426663,50.29,50.0,49.7,50.3,1,0,19.48,19.68,8000,1,0,0,31.25
427169,50.36,50.0,49.7,50.3,1,0,19.2,19.68,8500,1,0,0,31.27
427675,50.36,50.0,49.7,50.3,1,0,19.2,19.71,9000,1,0,0,31.27
428181,50.36,50.0,49.7,50.3,1,0,19.2,19.71,9500,1,0,0,31.27
428687,50.4,50.0,49.7,50.3,1,0,19.28,19.71,10009,1,0,0,31.3
429193,50.37,50.0,49.7,50.3,1,0,19.13,19.76,10515,1,0,0,31.28
429699,50.37,50.0,49.7,50.3,1,0,19.13,19.73,11021,1,0,0,31.28
430205,50.44,50.0,49.7,50.3,1,0,19.28,19.75,12023,1,0,0,31.28
430711,50.44,50.0,49.7,50.3,1,0,19.28,19.75,12523,1,0,0,31.28
431217,50.47,50.0,49.7,50.3,1,0,19.03,19.76,13023,1,0,0,31.28
431723,50.47,50.0,49.7,50.3,1,0,18.64,19.78,13523,1,0,0,31.3
432229,50.47,50.0,49.7,50.3,1,0,18.64,19.78,14023,1,0,0,31.3
432735,50.47,50.0,49.7,50.3,1,0,18.64,19.78,14523,1,0,0,31.3
433241,50.53,50.0,49.7,50.3,1,0,18.9,19.8,15023,1,0,0,31.3
433747,50.53,50.0,49.7,50.3,1,0,18.9,19.8,15523,1,0,0,31.3
434253,50.53,50.0,49.7,50.3,1,0,18.9,19.8,16023,1,0,0,31.3
434759,50.55,50.0,49.7,50.3,1,0,18.68,19.81,16523,1,0,0,31.31
435265,50.55,50.0,49.7,50.3,1,0,18.68,19.81,17023,1,0,0,31.31
435771,50.59,50.0,49.7,50.3,1,0,18.7,19.82,17523,1,0,0,31.3
436277,50.59,50.0,49.7,50.3,1,0,18.7,19.82,18023,1,0,0,31.3
436783,50.63,50.0,49.7,50.3,1,0,18.44,19.83,18523,1,0,0,31.3
437289,50.62,50.0,49.7,50.3,1,0,18.38,19.84,19023,1,0,0,31.31
437795,50.67,50.0,49.7,50.3,1,0,18.42,19.85,19523,1,0,0,31.31
438301,50.7,50.0,49.7,50.3,1,0,18.25,19.85,20023,1,0,0,31.31
438807,50.7,50.0,49.7,50.3,1,0,18.25,19.86,20523,1,1,0,31.31
439313,50.75,50.0,49.7,50.3,1,0,18.16,19.88,21023,1,1,0,31.31
439819,50.75,50.0,49.7,50.3,1,0,18.16,19.88,21523,1,1,0,31.31
440325,50.7,50.0,49.7,50.3,1,0,18.16,19.86,22023,1,1,0,31.31
440831,50.75,50.0,49.7,50.3,1,0,18.08,19.88,22523,1,1,0,31.31
441338,50.71,50.0,49.7,50.3,1,0,17.88,19.88,23023,1,1,0,31.3
441845,50.71,50.0,49.7,50.3,1,0,17.88,19.85,23523,1,1,0,31.3
442351,50.81,50.0,49.7,50.3,1,0,17.88,19.9,24023,1,1,0,31.31
442857,50.81,50.0,49.7,50.3,1,0,17.88,19.9,24523,1,1,0,31.31
443363,50.85,50.0,49.7,50.3,1,0,17.78,19.91,25023,1,1,0,31.31
443869,50.85,50.0,49.7,50.3,1,0,17.78,19.91,25523,1,1,0,31.31
444375,50.93,50.0,49.7,50.3,1,0,17.65,19.94,26023,1,1,0,31.31
444881,50.93,50.0,49.7,50.3,1,0,17.65,19.94,26523,1,1,0,31.31
445388,50.99,50.0,49.7,50.3,1,0,17.58,19.96,27023,1,1,0,31.31
445894,50.99,50.0,49.7,50.3,1,0,17.58,19.96,27523,1,1,0,31.31
446400,51.01,50.0,49.7,50.3,1,0,17.52,19.95,28023,1,1,0,31.3
446906,51.01,50.0,49.7,50.3,1,0,17.52,19.95,28523,1,1,0,31.3
447412,51.05,50.0,49.7,50.3,1,0,17.0,19.97,29023,1,1,0,31.31
447918,51.05,50.0,49.7,50.3,1,0,17.0,19.97,29523,1,1,0,31.31
448424,51.07,50.0,49.7,50.3,1,0,17.32,19.99,30023,1,1,0,31.32
448930,51.07,50.0,49.7,50.3,1,0,17.32,19.99,30523,1,1,0,31.32
449436,51.14,50.0,49.7,50.3,1,0,17.11,19.99,31023,1,1,0,31.3
449942,51.14,50.0,49.7,50.3,1,0,17.11,19.99,31526,1,1,0,31.3
450448,51.19,50.0,49.7,50.3,1,0,17.09,20.04,32027,1,1,0,31.34
450954,51.2,50.0,49.7,50.3,1,0,16.94,20.03,32528,1,1,0,31.32
451460,51.2,50.0,49.7,50.3,1,0,16.94,20.03,33028,1,1,0,31.32
451979,51.31,50.0,49.7,50.3,1,0,16.89,20.03,33528,1,1,0,31.32
452486,51.31,50.0,49.7,50.3,1,0,16.89,20.07,34028,1,1,0,31.32
452992,51.31,50.0,49.7,50.3,1,0,16.89,20.07,34528,1,1,0,31.32
453498,51.31,50.0,49.7,50.3,1,0,16.89,20.07,35028,1,1,0,31.32
454004,51.35,50.0,49.7,50.3,1,0,16.7,20.07,35528,1,1,0,31.34
454510,51.43,50.0,49.7,50.3,1,0,16.57,20.1,36028,1,1,0,31.34
455016,51.43,50.0,49.7,50.3,1,0,16.57,20.12,36528,1,1,0,31.34
455522,51.43,50.0,49.7,50.3,1,0,16.57,20.12,37028,1,1,0,31.34
456028,51.43,50.0,49.7,50.3,1,0,16.55,20.12,37528,1,1,0,31.31
456534,51.43,50.0,49.7,50.3,1,0,16.55,20.09,38028,1,1,0,31.31
457040,51.48,50.0,49.7,50.3,1,0,16.46,20.12,38528,1,1,0,31.32
457546,51.52,50.0,49.7,50.3,1,0,16.42,20.12,39028,1,1,0,31.32
458052,51.52,50.0,49.7,50.3,1,0,16.42,20.14,39528,1,1,0,31.32
458571,51.55,50.0,49.7,50.3,1,0,16.25,20.14,40028,1,1,0,31.34
459078,51.55,50.0,49.7,50.3,1,0,16.25,20.16,40528,1,1,0,31.34
459584,51.57,50.0,49.7,50.3,1,0,16.25,20.16,41028,1,1,0,31.34
460090,51.62,50.0,49.7,50.3,1,0,16.38,20.16,41528,1,1,0,31.31
460596,51.62,50.0,49.7,50.3,1,0,16.38,20.15,42028,1,1,0,31.31
461102,51.61,50.0,49.7,50.3,1,0,16.61,20.15,42528,1,1,0,31.34
461608,51.62,50.0,49.7,50.3,1,0,16.22,20.18,43028,1,1,0,31.35
462114,51.62,50.0,49.7,50.3,1,0,16.22,20.19,43528,1,1,0,31.35
462628,51.66,50.0,49.7,50.3,1,0,16.01,20.19,44028,1,1,0,31.34
463135,51.66,50.0,49.7,50.3,1,0,16.01,20.19,44528,1,1,0,31.34
463641,51.73,50.0,49.7,50.3,1,0,15.92,20.19,45028,1,1,0,31.34
464147,51.72,50.0,49.7,50.3,1,0,16.03,20.21,45528,1,1,0,31.34
464653,51.72,50.0,49.7,50.3,1,0,16.03,20.21,46028,1,1,0,31.34
465159,51.78,50.0,49.7,50.3,1,0,15.81,20.21,46528,1,1,0,31.32
465665,51.78,50.0,49.7,50.3,1,0,15.81,20.22,47028,1,1,0,31.32
466171,51.77,50.0,49.7,50.3,1,0,15.68,20.22,47528,1,1,0,31.34
466677,51.77,50.0,49.7,50.3,1,0,15.68,20.23,48028,1,1,0,31.34
467183,51.78,50.0,49.7,50.3,1,0,15.88,20.23,48528,1,1,0,31.34
467689,51.83,50.0,49.7,50.3,1,0,15.66,20.23,49028,1,1,0,31.35
468195,51.83,50.0,49.7,50.3,1,0,15.66,20.26,49528,1,1,0,31.35
468701,51.83,50.0,49.7,50.3,1,0,15.66,20.26,50028,1,1,0,31.35
469207,51.84,50.0,49.7,50.3,1,0,15.47,20.26,50528,1,1,0,31.35
469713,51.84,50.0,49.7,50.3,1,0,15.47,20.26,51531,1,1,0,31.35
470219,51.82,50.0,49.7,50.3,1,0,16.1,20.24,52031,1,1,0,31.34
470725,51.86,50.0,49.7,50.3,1,0,15.42,20.27,52531,1,1,0,31.35
471232,51.85,50.0,49.7,50.3,1,0,15.23,20.27,53031,1,1,0,31.34
471739,51.85,50.0,49.7,50.3,1,0,15.23,20.25,53531,1,1,0,31.34
472245,51.87,50.0,49.7,50.3,1,0,15.29,20.28,54031,1,1,0,31.37
472751,51.87,50.0,49.7,50.3,1,0,15.29,20.28,54531,1,1,0,31.37
473257,51.87,50.0,49.7,50.3,1,0,15.29,20.28,55031,1,1,0,31.37
473763,51.84,50.0,49.7,50.3,1,0,15.16,20.26,55531,1,1,0,31.35
474269,51.84,50.0,49.7,50.3,1,0,15.16,20.26,56031,1,1,0,31.35
474775,51.86,50.0,49.7,50.3,1,0,15.03,20.26,56531,1,1,0,31.34
475281,51.86,50.0,49.7,50.3,1,0,15.03,20.26,57031,1,1,0,31.34
475787,51.88,50.0,49.7,50.3,1,0,14.88,20.29,57531,1,1,0,31.37
476293,51.89,50.0,49.7,50.3,1,0,15.03,20.29,58031,1,1,0,31.37
476799,51.89,50.0,49.7,50.3,1,0,15.03,20.29,58531,1,1,0,31.37
477305,51.89,50.0,49.7,50.3,1,0,15.08,20.26,59031,1,1,0,31.34
477811,51.85,50.0,49.7,50.3,1,0,15.06,20.26,59531,1,1,0,31.35
478317,51.85,50.0,49.7,50.3,1,0,15.06,20.27,60031,1,1,0,31.35
478823,51.89,50.0,49.7,50.3,1,0,14.71,20.27,60531,1,1,0,31.34
479329,51.89,50.0,49.7,50.3,1,0,14.71,20.26,61031,1,1,0,31.34
479835,51.86,50.0,49.7,50.3,1,0,14.67,20.26,61531,1,1,0,31.35
480341,51.86,50.0,49.7,50.3,1,0,14.67,20.27,62031,1,1,0,31.35
480847,51.88,50.0,49.7,50.3,1,0,14.77,20.27,62531,1,1,0,31.35
481353,51.88,50.0,49.7,50.3,1,0,14.77,20.27,63031,1,1,0,31.35
481859,51.86,50.0,49.7,50.3,1,0,14.67,20.27,63531,1,1,0,31.35
482368,51.86,50.0,49.7,50.3,1,0,14.67,20.27,64031,1,1,0,31.35
482875,51.85,50.0,49.7,50.3,1,0,13.88,20.27,64531,1,1,0,31.37
483381,51.85,50.0,49.7,50.3,1,0,13.88,20.28,65031,1,1,0,31.37
483887,51.85,50.0,49.7,50.3,1,0,14.6,20.29,65531,1,1,0,31.38
484393,51.83,50.0,49.7,50.3,1,0,14.51,20.29,66031,1,1,0,31.38
484899,51.83,50.0,49.7,50.3,1,0,14.51,20.28,66531,1,1,0,31.38
485405,51.8,50.0,49.7,50.3,1,0,13.95,20.27,67031,1,1,0,31.38
485911,51.8,50.0,49.7,50.3,1,0,13.95,20.27,67531,1,1,0,31.38
486417,51.82,50.0,49.7,50.3,1,0,14.4,20.28,68042,1,1,0,31.38
486924,51.79,50.0,49.7,50.3,1,0,14.34,20.28,68542,1,1,0,31.37
487431,51.79,50.0,49.7,50.3,1,0,14.34,20.26,69043,1,1,0,31.37
487937,51.77,50.0,49.7,50.3,1,0,14.21,20.25,69544,1,1,0,31.37
488443,51.73,50.0,49.7,50.3,1,0,14.14,20.25,70044,1,1,0,31.37
488949,51.73,50.0,49.7,50.3,1,0,14.14,20.24,70544,1,1,0,31.37
489455,51.71,50.0,49.7,50.3,1,0,14.12,20.24,71044,1,1,0,31.38
489961,51.71,50.0,49.7,50.3,1,0,14.12,20.24,71544,1,1,0,31.38
490468,51.71,50.0,49.7,50.3,1,0,14.12,20.24,72044,1,1,0,31.38
490975,51.69,50.0,49.7,50.3,1,0,13.97,20.24,72544,1,1,0,31.38
491481,51.69,50.0,49.7,50.3,1,0,13.97,20.24,73044,1,1,0,31.38
491987,51.69,50.0,49.7,50.3,1,0,13.97,20.24,73544,1,1,0,31.38
492493,51.69,50.0,49.7,50.3,1,0,13.97,20.24,74044,1,1,0,31.38
492999,51.69,50.0,49.7,50.3,1,0,13.97,20.24,74544,1,1,0,31.38
493506,51.65,50.0,49.7,50.3,1,1,13.9,20.21,75044,1,1,1,31.37
494012,51.63,50.0,49.7,50.3,1,1,13.88,20.21,75544,1,1,1,31.35
494518,51.66,50.0,49.7,50.3,1,1,13.93,20.2,76044,1,1,1,31.4
495024,51.66,50.0,49.7,50.3,1,1,13.93,20.24,76544,1,1,1,31.4
495530,51.63,50.0,49.7,50.3,1,1,13.93,20.22,77044,1,1,1,31.38
496036,51.76,50.0,49.7,50.3,1,1,14.38,20.22,77544,1,1,1,31.38
496542,51.76,50.0,49.7,50.3,1,1,14.38,20.26,78044,1,1,1,31.38
497048,51.76,50.0,49.7,50.3,1,1,14.6,20.25,78544,1,1,1,31.37
497554,51.42,50.0,49.7,50.3,1,1,14.95,20.25,79044,1,1,1,31.37
498060,51.42,50.0,49.7,50.3,1,1,14.95,20.14,79544,1,1,1,31.37
498566,50.55,50.0,49.7,50.3,1,1,15.32,20.14,80044,1,1,1,31.34
499072,50.0,50.0,49.7,50.3,1,1,15.55,19.84,80544,1,1,1,31.35
499578,50.0,50.0,49.7,50.3,0,0,15.55,19.68,0,1,1,0,31.35
500084,49.16,50.0,49.7,50.3,0,0,15.51,19.68,504,1,1,0,31.31
500590,49.16,50.0,49.7,50.3,0,0,15.51,19.37,1005,1,1,0,31.31
501096,48.37,50.0,49.7,50.3,0,0,15.38,19.37,1505,1,1,0,31.34
501602,48.37,50.0,49.7,50.3,0,0,15.38,19.13,2005,1,1,0,31.34
502108,47.89,50.0,49.7,50.3,0,0,15.16,19.13,2505,1,1,0,31.32
502614,47.89,50.0,49.7,50.3,0,0,15.16,18.96,3005,1,1,0,31.32
503120,47.48,50.0,49.7,50.3,0,0,14.86,18.82,3505,1,1,0,31.32
503626,47.35,50.0,49.7,50.3,0,0,14.67,18.82,4005,1,1,0,31.3
504132,47.21,50.0,49.7,50.3,0,0,14.86,18.75,4505,1,1,0,31.31
504638,47.21,50.0,49.7,50.3,0,0,14.86,18.72,5005,1,1,0,31.31
505144,47.21,50.0,49.7,50.3,0,0,14.86,18.72,5505,1,1,0,31.31
505650,47.21,50.0,49.7,50.3,0,0,14.86,18.72,6005,1,1,0,31.31
506156,47.21,50.0,49.7,50.3,0,0,14.86,18.72,6508,1,1,0,31.31
506662,47.21,50.0,49.7,50.3,0,0,14.86,18.72,7008,1,1,0,31.31
507168,46.96,50.0,49.7,50.3,0,0,14.6,18.63,7508,1,1,0,31.31
507674,46.96,50.0,49.7,50.3,0,0,14.6,18.63,8008,1,1,0,31.31
508180,47.01,50.0,49.7,50.3,0,0,14.62,18.63,8508,1,1,0,31.3
508686,47.03,50.0,49.7,50.3,0,0,14.82,18.64,9008,1,1,0,31.3
509192,47.01,50.0,49.7,50.3,0,0,14.58,18.64,9508,1,1,0,31.27
509698,47.01,50.0,49.7,50.3,0,0,14.58,18.61,10008,1,1,0,31.27
510204,47.01,50.0,49.7,50.3,0,0,14.58,18.61,10508,1,1,0,31.27
510710,47.01,50.0,49.7,50.3,0,0,14.58,18.61,11008,1,1,0,31.27
511216,47.01,50.0,49.7,50.3,0,0,14.88,18.61,11508,1,1,0,31.3
511722,47.11,50.0,49.7,50.3,0,0,14.88,18.64,12008,1,1,0,31.3
512228,47.11,50.0,49.7,50.3,0,0,14.88,18.67,12508,1,1,0,31.3
512734,47.09,50.0,49.7,50.3,0,0,15.12,18.67,13012,1,1,0,31.28
513240,47.1,50.0,49.7,50.3,0,0,15.12,18.65,13518,1,1,0,31.3
513746,47.1,50.0,49.7,50.3,0,0,15.12,18.67,14024,1,1,0,31.3
514252,47.1,50.0,49.7,50.3,0,0,15.12,18.67,15026,1,1,0,31.3
514758,47.1,50.0,49.7,50.3,0,0,15.12,18.67,15526,1,1,0,31.3
515264,47.1,50.0,49.7,50.3,0,0,15.12,18.67,16026,1,1,0,31.3
515770,47.1,50.0,49.7,50.3,0,0,15.12,18.67,16526,1,1,0,31.3
516276,47.22,50.0,49.7,50.3,0,0,15.23,18.72,17026,1,1,0,31.31
516782,47.31,50.0,49.7,50.3,0,0,15.9,18.74,17534,1,1,0,31.3
517288,47.31,50.0,49.7,50.3,0,0,15.9,18.74,18034,1,1,0,31.3
517794,47.31,50.0,49.7,50.3,0,0,15.9,18.74,18534,1,1,0,31.3
518300,47.42,50.0,49.7,50.3,0,0,16.1,18.78,19034,1,1,0,31.3
518806,47.42,50.0,49.7,50.3,0,0,16.1,18.78,19534,1,1,0,31.3
519312,47.45,50.0,49.7,50.3,0,0,16.05,18.8,20034,1,1,0,31.31
519818,47.45,50.0,49.7,50.3,0,0,16.05,18.8,20534,1,1,0,31.31
520324,47.45,50.0,49.7,50.3,0,0,16.05,18.8,21034,1,1,0,31.31
520830,47.45,50.0,49.7,50.3,0,0,16.05,18.8,21534,1,1,0,31.31
521336,47.55,50.0,49.7,50.3,0,0,16.29,18.84,22034,1,1,0,31.32
521842,47.61,50.0,49.7,50.3,0,0,16.46,18.85,22543,1,1,0,31.31
522348,47.61,50.0,49.7,50.3,0,0,16.46,18.85,23043,1,1,0,31.31
522854,47.64,50.0,49.7,50.3,0,0,16.66,18.87,23543,1,1,0,31.32
523360,47.64,50.0,49.7,50.3,0,0,16.66,18.87,24043,1,1,0,31.32
523866,47.71,50.0,49.7,50.3,0,0,16.74,18.91,24543,1,1,0,31.34
524372,47.77,50.0,49.7,50.3,0,0,16.85,18.89,25043,1,1,0,31.3
524878,47.77,50.0,49.7,50.3,0,0,16.85,18.89,25543,1,1,0,31.3
525384,47.84,50.0,49.7,50.3,0,0,16.87,18.92,26043,1,1,0,31.3
525890,47.84,50.0,49.7,50.3,0,0,16.87,18.92,26543,1,1,0,31.3
526396,47.91,50.0,49.7,50.3,0,0,16.98,18.95,27043,1,1,0,31.31
526902,47.93,50.0,49.7,50.3,0,0,17.11,18.96,27543,1,1,0,31.31
527408,48.03,50.0,49.7,50.3,0,0,17.8,18.96,28043,1,1,0,31.32
527915,47.99,50.0,49.7,50.3,0,0,17.54,19.0,28543,1,0,0,31.34
528422,47.99,50.0,49.7,50.3,0,0,17.54,19.01,29043,1,0,0,31.34
528928,48.1,50.0,49.7,50.3,0,0,17.28,19.01,29543,1,0,0,31.34
529434,48.1,50.0,49.7,50.3,0,0,17.28,19.04,30043,1,1,0,31.34
529940,48.09,50.0,49.7,50.3,0,0,17.41,19.05,30543,1,1,0,31.35
530446,48.1,50.0,49.7,50.3,0,0,17.58,19.05,31043,1,1,0,31.35
530952,48.1,50.0,49.7,50.3,0,0,17.58,19.06,31543,1,0,0,31.35
531471,48.15,50.0,49.7,50.3,0,0,17.69,19.06,32043,1,0,0,31.34
531978,48.15,50.0,49.7,50.3,0,0,17.69,19.06,32546,1,0,0,31.34
532484,48.16,50.0,49.7,50.3,0,0,17.73,19.05,33047,1,0,0,31.32
532990,48.16,50.0,49.7,50.3,0,0,17.73,19.05,33547,1,0,0,31.32
533496,48.23,50.0,49.7,50.3,0,0,17.8,19.05,34047,1,0,0,31.34
534002,48.23,50.0,49.7,50.3,0,0,17.8,19.09,34547,1,0,0,31.34
534508,48.23,50.0,49.7,50.3,0,0,18.04,19.09,35047,1,0,0,31.34
535014,48.32,50.0,49.7,50.3,0,0,18.06,19.11,35547,1,0,0,31.34
535520,48.32,50.0,49.7,50.3,0,0,18.06,19.11,36047,1,0,0,31.34
536026,48.34,50.0,49.7,50.3,0,0,18.32,19.14,36547,1,0,0,31.35
536532,48.34,50.0,49.7,50.3,0,0,18.32,19.14,37047,1,0,0,31.35
537038,48.37,50.0,49.7,50.3,0,0,18.44,19.13,37547,1,0,0,31.34
537544,48.37,50.0,49.7,50.3,0,0,18.44,19.13,38047,1,0,0,31.34
538050,48.37,50.0,49.7,50.3,0,0,18.38,19.14,38547,1,0,0,31.35
538556,48.39,50.0,49.7,50.3,0,0,18.51,19.14,39048,1,0,0,31.38
539064,48.39,50.0,49.7,50.3,0,0,18.51,19.17,39548,1,0,0,31.38
539571,48.39,50.0,49.7,50.3,0,0,18.51,19.17,40048,1,0,0,31.38
540077,48.43,50.0,49.7,50.3,0,0,18.68,19.17,40548,1,0,0,31.37
540583,48.45,50.0,49.7,50.3,0,0,18.72,19.18,41048,1,0,0,31.35
541089,48.45,50.0,49.7,50.3,0,0,18.72,19.17,41548,1,0,0,31.35
541595,48.47,50.0,49.7,50.3,0,0,18.92,19.17,42048,1,0,0,31.35
542101,48.47,50.0,49.7,50.3,0,0,18.92,19.18,42548,1,0,0,31.35
542607,48.47,50.0,49.7,50.3,0,0,18.92,19.18,43048,1,0,0,31.35
543113,48.49,50.0,49.7,50.3,0,0,18.88,19.18,43548,1,0,0,31.37
543619,48.49,50.0,49.7,50.3,0,0,18.88,19.2,44048,1,0,0,31.37
544125,48.52,50.0,49.7,50.3,0,0,19.22,19.19,44548,1,0,0,31.35
544631,48.58,50.0,49.7,50.3,0,0,19.26,19.19,45048,1,0,0,31.37
545137,48.58,50.0,49.7,50.3,0,0,19.26,19.22,45549,1,0,0,31.37
545643,48.6,50.0,49.7,50.3,0,0,19.35,19.22,46049,1,0,0,31.35
546149,48.6,50.0,49.7,50.3,0,0,19.35,19.22,46549,1,0,0,31.35
546655,48.6,50.0,49.7,50.3,0,0,19.35,19.22,47049,1,0,0,31.35
547161,48.56,50.0,49.7,50.3,0,0,19.74,19.22,47549,1,0,0,31.37
547667,48.56,50.0,49.7,50.3,0,0,19.74,19.22,48049,1,0,0,31.37
548173,48.58,50.0,49.7,50.3,0,0,19.67,19.22,48549,1,0,0,31.37
548679,48.58,50.0,49.7,50.3,0,0,19.67,19.22,49049,1,0,0,31.37
549185,48.66,50.0,49.7,50.3,0,0,19.84,19.22,49549,1,0,0,31.38
549691,48.63,50.0,49.7,50.3,0,0,19.84,19.26,50049,1,0,0,31.38
550198,48.64,50.0,49.7,50.3,0,0,20.04,19.26,50549,1,0,0,31.38
550705,48.64,50.0,49.7,50.3,0,0,20.04,19.26,51049,1,0,0,31.38
551211,48.69,50.0,49.7,50.3,0,0,19.93,19.26,51549,1,0,0,31.35
551717,48.69,50.0,49.7,50.3,0,0,19.93,19.25,52049,1,0,0,31.35
552223,48.7,50.0,49.7,50.3,0,0,19.8,19.25,52549,1,0,0,31.4
552729,48.7,50.0,49.7,50.3,0,0,19.8,19.29,53049,1,0,0,31.4
553235,48.69,50.0,49.7,50.3,0,0,20.23,19.29,53549,1,0,0,31.38
553741,48.73,50.0,49.7,50.3,0,0,20.47,19.27,54049,1,0,0,31.38
554247,48.73,50.0,49.7,50.3,0,0,20.47,19.29,54549,1,0,0,31.38
554753,48.75,50.0,49.7,50.3,0,0,20.43,19.29,55049,1,0,0,31.38
555259,48.75,50.0,49.7,50.3,0,0,20.43,19.3,55549,1,0,0,31.38
555765,48.76,50.0,49.7,50.3,0,0,20.45,19.3,56049,1,0,0,31.38
556271,48.76,50.0,49.7,50.3,0,0,20.45,19.3,56549,1,0,0,31.38
556777,48.76,50.0,49.7,50.3,0,0,20.45,19.3,57551,1,0,0,31.38
557283,48.76,50.0,49.7,50.3,0,0,20.45,19.3,58051,1,0,0,31.38
557789,48.77,50.0,49.7,50.3,0,0,20.58,19.31,58551,1,0,0,31.4
558295,48.81,50.0,49.7,50.3,0,0,20.64,19.31,59052,1,0,0,31.38
558801,48.81,50.0,49.7,50.3,0,0,20.64,19.31,59552,1,0,0,31.38
559307,48.82,50.0,49.7,50.3,0,0,20.9,19.33,60052,1,0,0,31.4
559813,48.82,50.0,49.7,50.3,0,0,20.9,19.33,60552,1,0,0,31.4
560319,48.81,50.0,49.7,50.3,0,0,20.92,19.31,61052,1,0,0,31.38
560840,48.79,50.0,49.7,50.3,0,0,21.03,19.31,61552,1,0,0,31.4
561347,48.79,50.0,49.7,50.3,0,0,21.03,19.32,62052,1,0,0,31.4
561853,48.79,50.0,49.7,50.3,0,0,21.03,19.32,62552,1,0,0,31.4
562359,48.85,50.0,49.7,50.3,0,0,21.14,19.37,63052,1,0,0,31.42
562865,48.85,50.0,49.7,50.3,0,0,21.14,19.37,63552,1,0,0,31.42
563371,48.85,50.0,49.7,50.3,0,0,21.14,19.37,64052,1,0,0,31.42
563877,48.88,50.0,49.7,50.3,0,0,21.05,19.36,64552,1,0,0,31.41
564383,48.94,50.0,49.7,50.3,0,0,21.29,19.37,65052,1,0,0,31.4
564889,48.92,50.0,49.7,50.3,0,0,21.01,19.36,65552,1,0,0,31.4
565395,48.92,50.0,49.7,50.3,0,0,21.01,19.36,66052,1,0,0,31.4
565901,48.91,50.0,49.7,50.3,0,0,21.51,19.39,66552,1,0,0,31.42
566407,48.91,50.0,49.7,50.3,0,0,21.51,19.39,67052,1,0,0,31.42
566913,48.96,50.0,49.7,50.3,0,0,21.59,19.39,67552,1,0,0,31.41
567419,48.94,50.0,49.7,50.3,0,0,21.68,19.36,68052,1,0,0,31.38
567925,48.94,50.0,49.7,50.3,0,0,21.68,19.36,68552,1,0,0,31.38
568433,48.94,50.0,49.7,50.3,0,0,21.68,19.36,69052,1,0,0,31.38
568939,48.94,50.0,49.7,50.3,0,0,21.68,19.36,69552,1,0,0,31.38
569445,48.99,50.0,49.7,50.3,0,0,21.66,19.36,70052,1,0,0,31.42
569951,48.99,50.0,49.7,50.3,0,0,21.66,19.41,70552,1,0,0,31.42
570457,49.05,50.0,49.7,50.3,0,0,21.51,19.42,71052,1,0,0,31.41
570963,49.05,50.0,49.7,50.3,0,0,21.51,19.42,71552,1,0,0,31.41
571469,48.98,50.0,49.7,50.3,0,0,21.81,19.39,72052,1,0,0,31.4
571975,49.05,50.0,49.7,50.3,0,0,21.44,19.41,72558,1,0,0,31.4
572481,49.05,50.0,49.7,50.3,0,0,22.11,19.41,73058,1,0,0,31.41
572987,49.05,50.0,49.7,50.3,0,0,22.11,19.42,73558,1,0,0,31.41
573493,49.01,50.0,49.7,50.3,0,0,21.98,19.41,74058,1,0,0,31.41
573999,49.08,50.0,49.7,50.3,0,0,21.98,19.43,74558,1,0,0,31.41
574505,49.08,50.0,49.7,50.3,0,0,21.98,19.43,75058,1,0,0,31.41
575011,49.04,50.0,49.7,50.3,0,0,22.35,19.43,75558,1,0,0,31.42
575517,49.04,50.0,49.7,50.3,0,0,22.35,19.43,76058,1,0,0,31.42
576023,49.09,50.0,49.7,50.3,0,0,22.72,19.43,76558,1,0,0,31.41
576529,49.09,50.0,49.7,50.3,0,0,22.72,19.43,77058,1,0,0,31.41
577035,49.1,50.0,49.7,50.3,0,0,22.29,19.43,77558,1,0,0,31.44
577541,49.1,50.0,49.7,50.3,0,0,22.29,19.46,78058,1,0,0,31.44
578047,49.1,50.0,49.7,50.3,0,0,22.29,19.46,78558,1,0,0,31.44
578553,49.16,50.0,49.7,50.3,0,0,22.42,19.46,79058,1,0,0,31.41
579059,49.16,50.0,49.7,50.3,0,0,22.42,19.46,79558,1,0,0,31.41
579568,49.2,50.0,49.7,50.3,0,0,22.57,19.46,80058,1,0,0,31.42
580075,49.2,50.0,49.7,50.3,0,0,22.57,19.48,80558,1,0,0,31.42
580581,49.23,50.0,49.7,50.3,0,0,22.59,19.48,81058,1,0,0,31.41
581087,49.23,50.0,49.7,50.3,0,0,22.59,19.48,81558,1,0,0,31.41
581593,49.24,50.0,49.7,50.3,0,0,22.59,19.5,82058,1,0,0,31.42
582099,49.25,50.0,49.7,50.3,0,0,22.85,19.5,82558,1,0,0,31.44
582605,49.25,50.0,49.7,50.3,0,0,22.85,19.51,83058,1,0,0,31.44
583111,49.24,50.0,49.7,50.3,0,0,22.65,19.5,83558,1,0,0,31.42
583617,49.24,50.0,49.7,50.3,0,0,22.65,19.5,84058,1,0,0,31.42
584123,49.31,50.0,49.7,50.3,0,0,22.74,19.5,84558,1,0,0,31.44
584629,49.31,50.0,49.7,50.3,0,0,22.74,19.53,85058,1,0,0,31.44
585135,49.31,50.0,49.7,50.3,0,0,22.74,19.53,85558,1,0,0,31.44
585641,49.37,50.0,49.7,50.3,0,0,22.96,19.56,86061,1,0,0,31.45
586147,49.35,50.0,49.7,50.3,0,0,23.15,19.56,86561,1,0,0,31.44
586653,49.35,50.0,49.7,50.3,0,0,23.15,19.54,87061,1,0,0,31.44
587159,49.4,50.0,49.7,50.3,0,0,23.0,19.54,87561,1,0,0,31.45
587666,49.45,50.0,49.7,50.3,0,0,23.15,19.57,88061,1,0,0,31.44
588173,49.45,50.0,49.7,50.3,0,0,23.15,19.57,88561,1,0,0,31.44
588679,49.42,50.0,49.7,50.3,0,0,23.33,19.57,89061,1,0,0,31.42
589185,49.48,50.0,49.7,50.3,0,0,23.11,19.55,89561,1,0,0,31.45
589691,49.48,50.0,49.7,50.3,0,0,23.11,19.6,90061,1,0,0,31.45
590197,49.48,50.0,49.7,50.3,0,0,23.44,19.6,90561,1,0,0,31.45
590703,49.49,50.0,49.7,50.3,0,0,23.35,19.6,91061,1,0,0,31.44
591209,49.49,50.0,49.7,50.3,0,0,23.35,19.59,91561,1,0,0,31.44
591715,49.49,50.0,49.7,50.3,0,0,23.35,19.59,92061,1,0,0,31.44
592221,49.49,50.0,49.7,50.3,0,0,23.35,19.59,92561,1,0,0,31.44
592727,49.6,50.0,49.7,50.3,0,0,23.42,19.59,93064,1,0,0,31.44
593233,49.6,50.0,49.7,50.3,0,0,23.42,19.62,93565,1,0,0,31.44
593739,49.6,50.0,49.7,50.3,0,0,23.42,19.62,94065,1,0,0,31.44
594245,49.59,50.0,49.7,50.3,0,0,23.55,19.61,94565,1,0,0,31.42
594751,49.6,50.0,49.7,50.3,0,0,23.61,19.61,95065,1,0,0,31.45
595257,49.6,50.0,49.7,50.3,0,0,23.61,19.64,95565,1,0,0,31.45
595763,49.69,50.0,49.7,50.3,0,0,23.74,19.64,96065,1,0,0,31.45
596269,49.69,50.0,49.7,50.3,0,0,23.74,19.67,96565,1,0,0,31.45
596775,49.69,50.0,49.7,50.3,0,0,23.63,19.67,97065,1,0,0,31.44
597281,49.75,50.0,49.7,50.3,0,0,23.7,19.65,97565,1,0,0,31.45
597787,49.75,50.0,49.7,50.3,1,0,23.7,19.69,0,1,0,0,31.45
598293,49.79,50.0,49.7,50.3,1,0,23.7,19.7,1002,1,0,0,31.45
598799,49.77,50.0,49.7,50.3,1,0,23.98,19.72,1502,1,0,0,31.48
599305,49.77,50.0,49.7,50.3,1,0,23.98,19.72,2002,1,0,0,31.48
599811,49.83,50.0,49.7,50.3,1,0,23.85,19.74,2503,1,0,0,31.48
600317,49.83,50.0,49.7,50.3,1,0,23.85,19.74,3003,1,0,0,31.48
600823,49.84,50.0,49.7,50.3,1,0,23.76,19.74,3503,1,0,0,31.48
601329,49.84,50.0,49.7,50.3,1,0,23.83,19.73,4003,1,0,0,31.47
601835,49.84,50.0,49.7,50.3,1,0,23.83,19.73,4503,1,0,0,31.47
602341,49.84,50.0,49.7,50.3,1,0,23.83,19.73,5003,1,0,0,31.47
602847,49.96,50.0,49.7,50.3,1,0,23.87,19.77,5503,1,0,0,31.47
603353,49.96,50.0,49.7,50.3,1,0,23.87,19.77,6003,1,0,0,31.47
603859,49.99,50.0,49.7,50.3,1,0,23.63,19.76,6503,1,0,0,31.45
604365,49.99,50.0,49.7,50.3,1,0,23.63,19.76,7003,1,0,0,31.45
604871,50.0,50.0,49.7,50.3,1,0,23.52,19.78,7503,1,0,0,31.47
605377,50.03,50.0,49.7,50.3,1,0,23.57,19.79,8003,1,0,0,31.47
605883,50.03,50.0,49.7,50.3,1,0,23.57,19.79,8503,1,0,0,31.47
606389,50.09,50.0,49.7,50.3,1,0,23.37,19.81,9003,1,0,0,31.47
606895,50.09,50.0,49.7,50.3,1,0,23.37,19.81,9503,1,0,0,31.47
607401,50.18,50.0,49.7,50.3,1,0,23.28,19.81,10003,1,0,0,31.47
607907,50.18,50.0,49.7,50.3,1,0,23.28,19.84,10503,1,0,0,31.47
608413,50.18,50.0,49.7,50.3,1,0,23.28,19.84,11003,1,0,0,31.47
608919,50.2,50.0,49.7,50.3,1,0,23.11,19.86,11503,1,0,0,31.48
609425,50.2,50.0,49.7,50.3,1,0,23.11,19.86,12003,1,0,0,31.48
609931,50.29,50.0,49.7,50.3,1,0,23.07,19.87,12503,1,0,0,31.47
610437,50.34,50.0,49.7,50.3,1,0,22.98,19.89,13003,1,0,0,31.47
610943,50.34,50.0,49.7,50.3,1,0,22.98,19.89,13503,1,0,0,31.47
611449,50.34,50.0,49.7,50.3,1,0,22.98,19.89,14003,1,0,0,31.47
611955,50.34,50.0,49.7,50.3,1,0,22.98,19.89,14503,1,0,0,31.47
612461,50.36,50.0,49.7,50.3,1,0,22.57,19.91,15005,1,0,0,31.48
612967,50.36,50.0,49.7,50.3,1,0,22.57,19.91,15505,1,0,0,31.48
613473,50.44,50.0,49.7,50.3,1,0,22.29,19.91,16005,1,0,0,31.47
613979,50.44,50.0,49.7,50.3,1,0,22.29,19.92,16505,1,0,0,31.47
614485,50.44,50.0,49.7,50.3,1,0,22.29,19.92,17005,1,0,0,31.47
614991,50.5,50.0,49.7,50.3,1,0,22.22,19.98,17505,1,0,0,31.51
615497,50.53,50.0,49.7,50.3,1,0,22.18,19.96,18005,1,0,0,31.48
616003,50.53,50.0,49.7,50.3,1,0,22.18,19.96,18505,1,0,0,31.48
616509,50.57,50.0,49.7,50.3,1,0,22.59,19.96,19005,1,0,0,31.48
617028,50.61,50.0,49.7,50.3,1,0,21.83,19.98,19505,1,0,0,31.48
617535,50.61,50.0,49.7,50.3,1,0,21.83,19.99,20005,1,0,0,31.48
618041,50.61,50.0,49.7,50.3,1,0,21.83,19.99,20505,1,0,0,31.48
618547,50.73,50.0,49.7,50.3,1,0,21.74,19.99,21005,1,0,0,31.49
619053,50.73,50.0,49.7,50.3,1,0,21.74,20.04,21505,1,0,0,31.49
619559,50.73,50.0,49.7,50.3,1,0,21.74,20.04,22005,1,0,0,31.49
620065,50.73,50.0,49.7,50.3,1,0,21.74,20.04,22505,1,0,0,31.49
620571,50.8,50.0,49.7,50.3,1,0,21.53,20.04,23005,1,0,0,31.47
621077,50.85,50.0,49.7,50.3,1,0,21.35,20.04,23505,1,0,0,31.49
621583,50.85,50.0,49.7,50.3,1,0,21.35,20.08,24005,1,0,0,31.49
622089,50.86,50.0,49.7,50.3,1,0,21.27,20.07,24505,1,0,0,31.48
622595,50.89,50.0,49.7,50.3,1,0,21.18,20.09,25005,1,0,0,31.49
623101,50.89,50.0,49.7,50.3,1,0,21.18,20.09,25505,1,0,0,31.49
623607,50.91,50.0,49.7,50.3,1,0,21.12,20.09,26005,1,0,0,31.49
624113,51.01,50.0,49.7,50.3,1,0,20.77,20.1,26505,1,0,0,31.49
624619,51.01,50.0,49.7,50.3,1,0,20.77,20.13,27005,1,0,0,31.49
625125,51.03,50.0,49.7,50.3,1,0,20.69,20.12,27505,1,0,0,31.48
625631,51.1,50.0,49.7,50.3,1,0,20.64,20.12,28005,1,0,0,31.51
626137,51.1,50.0,49.7,50.3,1,0,20.64,20.17,28505,1,0,0,31.51
626643,51.1,50.0,49.7,50.3,1,0,20.58,20.17,29005,1,0,0,31.49
627149,51.1,50.0,49.7,50.3,1,0,20.58,20.16,29505,1,0,0,31.49
627668,51.21,50.0,49.7,50.3,1,0,20.36,20.16,30005,1,0,0,31.52
628175,51.21,50.0,49.7,50.3,1,0,20.36,20.22,30505,1,0,0,31.52
628681,51.21,50.0,49.7,50.3,1,0,20.36,20.22,31005,1,0,0,31.52
629187,51.21,50.0,49.7,50.3,1,0,20.36,20.22,31505,1,0,0,31.52
629693,51.21,50.0,49.7,50.3,1,0,20.36,20.22,32005,1,0,0,31.52
630199,51.33,50.0,49.7,50.3,1,0,20.08,20.22,32505,1,0,0,31.48
630705,51.33,50.0,49.7,50.3,1,0,20.08,20.22,33005,1,0,0,31.48
631211,51.4,50.0,49.7,50.3,1,0,20.1,20.22,33505,1,0,0,31.52
631717,51.44,50.0,49.7,50.3,1,0,19.82,20.28,34005,1,0,0,31.51
632223,51.44,50.0,49.7,50.3,1,0,19.82,20.28,34505,1,0,0,31.51
632729,51.51,50.0,49.7,50.3,1,0,19.69,20.28,35005,1,0,0,31.49
633235,51.51,50.0,49.7,50.3,1,0,19.69,20.28,35505,1,0,0,31.49
633741,51.53,50.0,49.7,50.3,1,0,19.67,20.28,36005,1,0,0,31.48
634247,51.61,50.0,49.7,50.3,1,0,19.28,20.28,36505,1,0,0,31.47
634753,51.61,50.0,49.7,50.3,1,0,19.28,20.29,37005,1,0,0,31.47
635259,51.61,50.0,49.7,50.3,1,0,19.28,20.29,37505,1,0,0,31.47
635765,51.68,50.0,49.7,50.3,1,0,18.79,20.29,38005,1,0,0,31.48
636271,51.71,50.0,49.7,50.3,1,0,19.31,20.33,38505,1,1,0,31.49
636777,51.71,50.0,49.7,50.3,1,0,19.31,20.35,39005,1,0,0,31.49
637283,51.77,50.0,49.7,50.3,1,0,19.13,20.35,39505,1,0,0,31.51
637789,51.85,50.0,49.7,50.3,1,0,19.18,20.38,40005,1,0,0,31.49
638295,51.85,50.0,49.7,50.3,1,0,19.18,20.39,40505,1,0,0,31.49
638801,51.93,50.0,49.7,50.3,1,0,18.94,20.42,41510,1,0,0,31.49
639307,51.93,50.0,49.7,50.3,1,0,18.94,20.42,42010,1,0,0,31.49
639813,51.96,50.0,49.7,50.3,1,0,19.22,20.44,42510,1,0,0,31.51
640319,52.02,50.0,49.7,50.3,1,0,18.75,20.46,43010,1,1,0,31.51
640825,52.05,50.0,49.7,50.3,1,0,18.79,20.47,43510,1,1,0,31.51
641331,52.05,50.0,49.7,50.3,1,0,18.79,20.47,44010,1,1,0,31.51
641837,52.1,50.0,49.7,50.3,1,0,18.53,20.5,44510,1,1,0,31.52
642343,52.2,50.0,49.7,50.3,1,0,18.34,20.5,45010,1,1,0,31.49
642849,52.2,50.0,49.7,50.3,1,0,18.66,20.5,45510,1,1,0,31.49
643355,52.27,50.0,49.7,50.3,1,0,18.38,20.54,46010,1,1,0,31.51
643861,52.27,50.0,49.7,50.3,1,0,18.38,20.54,46510,1,1,0,31.51
644367,52.27,50.0,49.7,50.3,1,0,18.38,20.54,47010,1,1,0,31.51
644873,52.32,50.0,49.7,50.3,1,0,18.12,20.54,47510,1,1,0,31.49
645379,52.32,50.0,49.7,50.3,1,0,18.12,20.54,48010,1,1,0,31.49
645885,52.46,50.0,49.7,50.3,1,0,18.42,20.61,48521,1,1,0,31.52
646391,52.46,50.0,49.7,50.3,1,0,18.42,20.61,49021,1,1,0,31.52
646897,52.48,50.0,49.7,50.3,1,0,18.04,20.62,49521,1,1,0,31.52
647403,52.55,50.0,49.7,50.3,1,0,17.99,20.65,50021,1,1,0,31.53
647909,52.55,50.0,49.7,50.3,1,0,17.99,20.65,50521,1,1,0,31.53
648415,52.59,50.0,49.7,50.3,1,0,17.86,20.64,51021,1,1,0,31.51
648921,52.59,50.0,49.7,50.3,1,0,17.86,20.64,51521,1,1,0,31.51
649427,52.71,50.0,49.7,50.3,1,0,17.76,20.69,52021,1,1,0,31.52
649933,52.71,50.0,49.7,50.3,1,0,17.76,20.69,52521,1,1,0,31.52
650439,52.71,50.0,49.7,50.3,1,0,17.76,20.69,53021,1,1,0,31.52
650945,52.71,50.0,49.7,50.3,1,0,17.76,20.69,53521,1,1,0,31.52
651451,52.83,50.0,49.7,50.3,1,0,17.6,20.72,54021,1,1,0,31.52
651957,52.83,50.0,49.7,50.3,1,0,17.6,20.72,54521,1,1,0,31.52
652463,52.88,50.0,49.7,50.3,1,0,17.3,20.72,55021,1,1,0,31.52
652969,52.88,50.0,49.7,50.3,1,0,17.3,20.74,55521,1,1,0,31.52
653475,52.88,50.0,49.7,50.3,1,0,17.3,20.74,56021,1,1,0,31.52
653981,52.97,50.0,49.7,50.3,1,0,17.39,20.78,56521,1,1,0,31.53
654487,52.97,50.0,49.7,50.3,1,0,17.39,20.78,57021,1,1,0,31.53
654993,53.02,50.0,49.7,50.3,1,0,17.26,20.78,57521,1,1,1,31.52
655499,53.02,50.0,49.7,50.3,1,0,17.26,20.78,58021,1,1,1,31.52
656005,53.02,50.0,49.7,50.3,1,0,17.26,20.78,58521,1,1,1,31.52
656511,53.11,50.0,49.7,50.3,1,0,16.92,20.82,59021,1,1,1,31.53
657017,53.16,50.0,49.7,50.3,1,0,17.02,20.82,59521,1,1,1,31.53
657524,53.16,50.0,49.7,50.3,1,0,17.02,20.84,60021,1,1,1,31.53
658030,53.2,50.0,49.7,50.3,1,0,16.72,20.84,60522,1,1,1,31.55
658536,53.2,50.0,49.7,50.3,1,1,16.72,20.86,61024,1,1,1,31.55
659042,53.23,50.0,49.7,50.3,1,1,16.79,20.86,61525,1,1,1,31.53
659548,53.23,50.0,49.7,50.3,1,1,16.79,20.86,62025,1,1,1,31.53
660054,53.24,50.0,49.7,50.3,1,1,16.68,20.85,62525,1,1,1,31.52
660560,53.24,50.0,49.7,50.3,1,1,16.68,20.85,63025,1,1,1,31.52
661066,53.24,50.0,49.7,50.3,1,1,16.68,20.85,63525,1,1,1,31.52
661572,53.3,50.0,49.7,50.3,1,1,16.89,20.87,64025,1,1,1,31.52
662078,53.25,50.0,49.7,50.3,1,1,17.45,20.87,64525,1,1,1,31.53
662584,53.12,50.0,49.7,50.3,1,1,17.63,20.86,65025,1,1,1,31.52
663090,53.12,50.0,49.7,50.3,1,1,17.63,20.81,65525,1,1,1,31.52
663596,53.12,50.0,49.7,50.3,1,1,17.63,20.81,66025,1,1,1,31.52
664106,53.12,50.0,49.7,50.3,1,1,17.63,20.81,66525,1,1,1,31.52
664612,52.33,50.0,49.7,50.3,1,1,18.04,20.56,67026,1,1,0,31.51
665118,52.33,50.0,49.7,50.3,1,1,18.04,20.56,67526,1,1,0,31.51
665624,51.88,50.0,49.7,50.3,1,1,17.95,20.4,68026,1,1,0,31.49
666130,51.4,50.0,49.7,50.3,1,1,17.65,20.4,68526,1,1,0,31.48
666636,51.4,50.0,49.7,50.3,1,1,17.65,20.24,69026,1,1,0,31.48
667142,50.96,50.0,49.7,50.3,1,1,17.97,20.24,69526,1,1,0,31.45
667648,50.96,50.0,49.7,50.3,1,1,17.97,20.08,70026,1,1,0,31.45
668154,50.64,50.0,49.7,50.3,1,1,17.99,20.08,70526,1,1,0,31.47
668660,50.36,50.0,49.7,50.3,1,0,17.99,19.99,71026,1,1,0,31.42
669166,50.36,50.0,49.7,50.3,1,0,17.99,19.86,71526,1,1,0,31.42
669672,50.36,50.0,49.7,50.3,1,0,17.99,19.86,72026,1,1,0,31.42
670178,50.36,50.0,49.7,50.3,1,0,17.99,19.86,72526,1,1,0,31.42
670684,49.64,50.0,49.7,50.3,1,0,17.48,19.86,73026,1,1,0,31.44
671190,49.54,50.0,49.7,50.3,0,0,17.41,19.64,0,1,1,0,31.44
671696,49.54,50.0,49.7,50.3,0,0,17.41,19.61,500,1,1,0,31.44
672202,49.43,50.0,49.7,50.3,0,0,17.69,19.56,1004,1,1,0,31.42
672708,49.43,50.0,49.7,50.3,0,0,17.69,19.56,1504,1,1,0,31.42
673214,49.28,50.0,49.7,50.3,0,0,17.13,19.56,2004,1,1,0,31.42
673720,49.28,50.0,49.7,50.3,0,0,17.13,19.51,2504,1,1,0,31.42
674226,49.22,50.0,49.7,50.3,0,0,16.96,19.51,3004,1,1,0,31.41
674732,49.17,50.0,49.7,50.3,0,0,17.07,19.47,3504,1,1,0,31.4
675238,49.17,50.0,49.7,50.3,0,0,17.07,19.45,4004,1,1,0,31.4
675744,49.15,50.0,49.7,50.3,0,0,16.89,19.46,4504,1,1,0,31.42
676258,49.13,50.0,49.7,50.3,0,0,16.79,19.46,5004,1,1,0,31.4
676765,49.13,50.0,49.7,50.3,0,0,16.79,19.43,5504,1,1,0,31.4
677271,49.12,50.0,49.7,50.3,0,0,16.68,19.43,6004,1,1,0,31.41
677777,49.12,50.0,49.7,50.3,0,0,16.68,19.44,6504,1,1,0,31.41
678283,49.12,50.0,49.7,50.3,0,0,16.68,19.44,7004,1,1,0,31.41
678789,49.18,50.0,49.7,50.3,0,0,16.7,19.47,7512,1,1,0,31.42
679295,49.2,50.0,49.7,50.3,0,0,16.68,19.47,8012,1,1,0,31.42
679801,49.2,50.0,49.7,50.3,0,0,16.92,19.48,8512,1,1,0,31.41
680307,49.2,50.0,49.7,50.3,0,0,16.92,19.47,9012,1,1,0,31.41
680813,49.19,50.0,49.7,50.3,0,0,16.89,19.47,9512,1,1,0,31.4
681319,49.19,50.0,49.7,50.3,0,0,16.89,19.45,10012,1,1,0,31.4
681825,49.19,50.0,49.7,50.3,0,0,16.89,19.45,10512,1,1,0,31.4
682331,49.19,50.0,49.7,50.3,0,0,17.04,19.45,11014,1,1,0,31.41
682837,49.19,50.0,49.7,50.3,0,0,17.04,19.47,12020,1,1,0,31.41
683343,49.2,50.0,49.7,50.3,0,0,16.89,19.47,12520,1,1,0,31.41
683849,49.2,50.0,49.7,50.3,0,0,16.89,19.47,13020,1,1,0,31.41
684355,49.28,50.0,49.7,50.3,0,0,17.22,19.5,13521,1,1,0,31.41
684861,49.28,50.0,49.7,50.3,0,0,17.22,19.5,14021,1,1,0,31.41
685367,49.35,50.0,49.7,50.3,0,0,17.39,19.53,14521,1,1,0,31.42
685873,49.41,50.0,49.7,50.3,0,0,17.58,19.53,15021,1,1,0,31.4
686379,49.41,50.0,49.7,50.3,0,0,17.58,19.53,15521,1,1,0,31.4
686885,49.41,50.0,49.7,50.3,0,0,17.48,19.53,16021,1,1,0,31.4
687391,49.41,50.0,49.7,50.3,0,0,17.48,19.53,16521,1,1,0,31.4
687897,49.51,50.0,49.7,50.3,0,0,17.58,19.54,17021,1,1,0,31.38
688403,49.58,50.0,49.7,50.3,0,0,17.65,19.6,17521,1,1,0,31.42
688909,49.58,50.0,49.7,50.3,0,0,17.65,19.6,18021,1,1,0,31.42
689415,49.58,50.0,49.7,50.3,0,0,17.65,19.6,18521,1,1,0,31.42
689921,49.67,50.0,49.7,50.3,0,0,17.95,19.62,19021,1,1,0,31.41
690427,49.67,50.0,49.7,50.3,0,0,17.95,19.62,19524,1,1,0,31.41
690933,49.74,50.0,49.7,50.3,0,0,17.76,19.67,20025,1,1,0,31.44
691439,49.74,50.0,49.7,50.3,0,0,17.76,19.67,20525,1,1,0,31.44
691945,49.8,50.0,49.7,50.3,0,0,18.12,19.69,21025,1,1,0,31.44
692451,49.89,50.0,49.7,50.3,0,0,18.47,19.69,21525,1,1,0,31.44
692957,49.89,50.0,49.7,50.3,0,0,18.47,19.72,22025,1,0,0,31.44
693463,49.85,50.0,49.7,50.3,0,0,18.19,19.69,22525,1,1,0,31.42
693969,49.91,50.0,49.7,50.3,0,0,18.27,19.74,23025,1,0,0,31.45
694475,49.88,50.0,49.7,50.3,0,0,18.55,19.74,23525,1,0,0,31.45
694981,49.88,50.0,49.7,50.3,0,0,18.55,19.73,24025,1,0,0,31.45
695492,49.95,50.0,49.7,50.3,0,0,18.81,19.73,24525,1,0,0,31.4
695999,49.95,50.0,49.7,50.3,0,0,18.81,19.7,25025,1,0,0,31.4
696505,49.99,50.0,49.7,50.3,0,0,18.6,19.75,25525,1,0,0,31.44
697011,49.99,50.0,49.7,50.3,0,0,18.6,19.75,26025,1,0,0,31.44
697517,50.06,50.0,49.7,50.3,0,0,18.51,19.77,26525,1,0,0,31.44
698023,50.06,50.0,49.7,50.3,0,0,18.51,19.77,27025,1,0,0,31.44
698529,50.1,50.0,49.7,50.3,0,0,18.83,19.8,27538,1,0,0,31.45
699049,50.12,50.0,49.7,50.3,0,0,19.0,19.8,28038,1,0,0,31.45
699556,50.12,50.0,49.7,50.3,0,0,19.0,19.81,28538,1,0,0,31.45
700062,50.09,50.0,49.7,50.3,0,0,19.13,19.78,29038,1,0,0,31.44
700568,50.09,50.0,49.7,50.3,0,0,19.13,19.78,29538,1,0,0,31.44
701074,50.18,50.0,49.7,50.3,1,0,19.26,19.78,0,1,0,0,31.45
701580,50.18,50.0,49.7,50.3,1,0,19.26,19.83,500,1,0,0,31.45
702086,50.23,50.0,49.7,50.3,1,0,19.44,19.83,1000,1,0,0,31.45
702592,50.23,50.0,49.7,50.3,1,0,19.44,19.84,1500,1,0,0,31.45
703098,50.22,50.0,49.7,50.3,1,0,19.56,19.84,2000,1,0,0,31.47
703604,50.22,50.0,49.7,50.3,1,0,19.56,19.85,2500,1,0,0,31.47
704110,50.22,50.0,49.7,50.3,1,0,19.5,19.84,3000,1,0,0,31.45
704616,50.25,50.0,49.7,50.3,1,0,19.69,19.84,3500,1,0,0,31.48
705122,50.25,50.0,49.7,50.3,1,0,19.69,19.87,4000,1,0,0,31.48
705628,50.29,50.0,49.7,50.3,1,0,19.59,19.87,4500,1,0,0,31.47
706134,50.3,50.0,49.7,50.3,1,0,19.52,19.88,5008,1,0,0,31.47
706641,50.3,50.0,49.7,50.3,1,0,19.52,19.88,5508,1,0,0,31.47
707147,50.26,50.0,49.7,50.3,1,0,19.59,19.85,6008,1,0,0,31.45
707653,50.32,50.0,49.7,50.3,1,0,19.76,19.85,6508,1,0,0,31.48
708159,50.32,50.0,49.7,50.3,1,0,19.76,19.89,7008,1,0,0,31.48
708665,50.32,50.0,49.7,50.3,1,0,19.76,19.89,7508,1,0,0,31.48
709171,50.34,50.0,49.7,50.3,1,0,19.54,19.89,8008,1,0,0,31.47
709677,50.34,50.0,49.7,50.3,1,0,19.54,19.89,8508,1,0,0,31.47
710183,50.31,50.0,49.7,50.3,1,0,19.63,19.87,9008,1,0,0,31.45
710689,50.37,50.0,49.7,50.3,1,0,19.63,19.87,9508,1,0,0,31.47
711195,50.36,50.0,49.7,50.3,1,0,19.35,19.9,10008,1,0,0,31.49
711701,50.36,50.0,49.7,50.3,1,0,19.35,19.92,10508,1,0,0,31.49
712207,50.41,50.0,49.7,50.3,1,0,18.92,19.92,11008,1,0,0,31.47
712713,50.41,50.0,49.7,50.3,1,0,18.92,19.91,11508,1,0,0,31.47
713219,50.43,50.0,49.7,50.3,1,0,19.74,19.91,12011,1,0,0,31.48
713725,50.42,50.0,49.7,50.3,1,0,19.09,19.93,12512,1,0,0,31.45
714231,50.42,50.0,49.7,50.3,1,0,19.09,19.9,13013,1,0,0,31.45
714737,50.47,50.0,49.7,50.3,1,0,19.03,19.95,13514,1,0,0,31.49
715251,50.41,50.0,49.7,50.3,1,0,19.07,19.95,14014,1,0,0,31.48
715758,50.41,50.0,49.7,50.3,1,0,19.07,19.92,14514,1,0,0,31.48
716264,50.41,50.0,49.7,50.3,1,0,19.07,19.92,15014,1,0,0,31.48
716770,50.49,50.0,49.7,50.3,1,0,18.94,19.95,15514,1,0,0,31.48
717276,50.49,50.0,49.7,50.3,1,0,18.29,19.95,16014,1,0,0,31.48
717782,50.55,50.0,49.7,50.3,1,0,18.72,19.95,16514,1,1,0,31.48
718288,50.55,50.0,49.7,50.3,1,0,18.72,19.97,17014,1,0,0,31.48
718794,50.58,50.0,49.7,50.3,1,0,18.66,19.97,17514,1,0,0,31.49
719300,50.58,50.0,49.7,50.3,1,0,18.66,19.99,18014,1,0,0,31.49
719806,50.58,50.0,49.7,50.3,1,0,18.66,19.99,18514,1,0,0,31.49
720312,50.58,50.0,49.7,50.3,1,0,18.66,19.99,19014,1,0,0,31.49
720818,50.57,50.0,49.7,50.3,1,0,18.42,19.99,19514,1,0,0,31.48
721324,50.57,50.0,49.7,50.3,1,0,18.42,19.98,20014,1,1,0,31.48
721838,50.62,50.0,49.7,50.3,1,0,18.29,19.98,20514,1,1,0,31.49
722345,50.62,50.0,49.7,50.3,1,0,18.29,20.0,21014,1,1,0,31.49
722851,50.6,50.0,49.7,50.3,1,0,18.32,20.0,21514,1,1,0,31.49
723357,50.6,50.0,49.7,50.3,1,0,18.32,20.0,22014,1,1,0,31.49
723863,50.6,50.0,49.7,50.3,1,0,18.32,20.0,22514,1,1,0,31.49
724369,50.6,50.0,49.7,50.3,1,0,18.32,20.0,23514,1,1,0,31.49
724875,50.66,50.0,49.7,50.3,1,0,18.68,20.02,24014,1,0,0,31.49
725381,50.69,50.0,49.7,50.3,1,0,17.95,20.04,24514,1,1,0,31.51
725887,50.69,50.0,49.7,50.3,1,0,17.95,20.04,25014,1,1,0,31.51
726393,50.76,50.0,49.7,50.3,1,0,18.38,20.05,25514,1,1,0,31.49
726899,50.75,50.0,49.7,50.3,1,0,17.84,20.03,26014,1,1,0,31.48
727405,50.75,50.0,49.7,50.3,1,0,17.84,20.03,26514,1,1,0,31.48
727911,50.78,50.0,49.7,50.3,1,0,17.91,20.05,27014,1,1,0,31.49
728417,50.78,50.0,49.7,50.3,1,0,17.91,20.05,27514,1,1,0,31.49
728923,50.78,50.0,49.7,50.3,1,0,17.91,20.05,28014,1,1,0,31.49
729430,50.8,50.0,49.7,50.3,1,0,17.54,20.06,28514,1,1,0,31.49
729936,50.8,50.0,49.7,50.3,1,0,17.54,20.06,29014,1,1,0,31.49
730442,50.89,50.0,49.7,50.3,1,0,17.45,20.12,29514,1,1,0,31.52
730948,50.86,50.0,49.7,50.3,1,0,17.35,20.09,30014,1,1,0,31.51
731454,50.86,50.0,49.7,50.3,1,0,17.35,20.09,30514,1,1,0,31.51
731960,50.86,50.0,49.7,50.3,1,0,17.35,20.09,31014,1,1,0,31.51
732466,50.91,50.0,49.7,50.3,1,0,17.26,20.11,31514,1,1,0,31.51
732973,50.91,50.0,49.7,50.3,1,0,17.28,20.11,32014,1,1,0,31.51
733480,50.91,50.0,49.7,50.3,1,0,17.28,20.11,32516,1,1,0,31.51
733986,50.91,50.0,49.7,50.3,1,0,17.28,20.11,33016,1,1,0,31.51
734492,50.96,50.0,49.7,50.3,1,0,17.04,20.11,33516,1,1,0,31.49
734998,50.96,50.0,49.7,50.3,1,0,17.04,20.11,34016,1,1,0,31.49
735504,51.02,50.0,49.7,50.3,1,0,16.96,20.11,34516,1,1,0,31.51
736010,51.02,50.0,49.7,50.3,1,0,16.96,20.15,35016,1,1,0,31.51
736516,51.05,50.0,49.7,50.3,1,0,17.07,20.15,35516,1,1,0,31.49
737023,51.05,50.0,49.7,50.3,1,0,17.07,20.14,36016,1,1,0,31.49
737529,51.07,50.0,49.7,50.3,1,0,16.92,20.16,36516,1,1,0,31.51
738035,51.07,50.0,49.7,50.3,1,0,16.92,20.16,37016,1,1,0,31.51
738541,51.07,50.0,49.7,50.3,1,0,16.87,20.16,37516,1,1,0,31.51
739047,51.08,50.0,49.7,50.3,1,0,16.7,20.16,38016,1,1,0,31.49
739553,51.11,50.0,49.7,50.3,1,0,16.61,20.15,38516,1,1,0,31.52
740059,51.11,50.0,49.7,50.3,1,0,16.61,20.19,39016,1,1,0,31.52
740565,51.11,50.0,49.7,50.3,1,0,16.55,20.19,39516,1,1,0,31.52
741071,51.14,50.0,49.7,50.3,1,0,16.48,20.18,40016,1,1,0,31.51
741577,51.15,50.0,49.7,50.3,1,0,16.48,20.18,40516,1,1,0,31.53
742084,51.15,50.0,49.7,50.3,1,0,16.48,20.21,41016,1,1,0,31.53
742590,51.1,50.0,49.7,50.3,1,0,16.42,20.17,41516,1,1,0,31.51
743096,51.15,50.0,49.7,50.3,1,0,16.27,20.17,42016,1,1,0,31.55
743602,51.15,50.0,49.7,50.3,1,0,16.27,20.22,42516,1,1,0,31.55
744108,51.13,50.0,49.7,50.3,1,0,16.22,20.18,43016,1,1,0,31.51
744614,51.13,50.0,49.7,50.3,1,0,16.22,20.18,43516,1,1,0,31.51
745120,51.16,50.0,49.7,50.3,1,0,16.2,20.2,44016,1,1,0,31.52
745626,51.16,50.0,49.7,50.3,1,0,16.2,20.2,44516,1,1,0,31.52
746132,51.21,50.0,49.7,50.3,1,0,16.07,20.19,45016,1,1,0,31.49
746638,51.21,50.0,49.7,50.3,1,0,16.07,20.19,45516,1,1,0,31.49
747144,51.2,50.0,49.7,50.3,1,0,16.07,20.21,46016,1,1,0,31.52
747650,51.24,50.0,49.7,50.3,1,0,15.88,20.21,46516,1,1,0,31.51
748156,51.24,50.0,49.7,50.3,1,0,15.88,20.21,47016,1,1,0,31.51
748662,51.24,50.0,49.7,50.3,1,0,15.88,20.21,47516,1,1,0,31.51
749169,51.24,50.0,49.7,50.3,1,0,15.79,20.21,48016,1,1,0,31.53
749676,51.24,50.0,49.7,50.3,1,0,15.79,20.24,48518,1,1,0,31.53
750182,51.21,50.0,49.7,50.3,1,0,15.81,20.24,49018,1,1,0,31.52
750688,51.19,50.0,49.7,50.3,1,0,15.64,20.22,49518,1,1,0,31.53
751194,51.19,50.0,49.7,50.3,1,0,15.64,20.22,50018,1,1,0,31.53
751700,51.19,50.0,49.7,50.3,1,0,15.58,20.22,50518,1,1,0,31.52
752206,51.19,50.0,49.7,50.3,1,0,15.58,20.21,51018,1,1,0,31.52
752712,51.13,50.0,49.7,50.3,1,0,15.47,20.19,51518,1,1,0,31.52
753218,51.19,50.0,49.7,50.3,1,0,15.88,20.19,52018,1,1,0,31.55
753724,51.19,50.0,49.7,50.3,1,0,15.88,20.24,52518,1,1,0,31.55
754230,51.19,50.0,49.7,50.3,1,0,15.88,20.24,53018,1,1,0,31.55
754736,51.19,50.0,49.7,50.3,1,0,15.88,20.24,53518,1,1,0,31.55
755242,51.23,50.0,49.7,50.3,1,0,15.29,20.22,54032,1,1,0,31.52
755748,51.17,50.0,49.7,50.3,1,0,14.82,20.22,54532,1,1,0,31.51
756254,51.17,50.0,49.7,50.3,1,0,14.82,20.19,55032,1,1,0,31.51
756760,51.2,50.0,49.7,50.3,1,0,15.9,20.19,55532,1,1,0,31.53
757266,51.2,50.0,49.7,50.3,1,0,15.9,20.23,56032,1,1,0,31.53
757772,51.16,50.0,49.7,50.3,1,0,15.23,20.23,56532,1,1,0,31.53
758278,51.16,50.0,49.7,50.3,1,0,15.23,20.22,57032,1,1,0,31.53
758784,51.12,50.0,49.7,50.3,1,0,15.16,20.19,57532,1,1,0,31.52
759290,51.16,50.0,49.7,50.3,1,0,15.1,20.19,58032,1,1,0,31.52
759796,51.12,50.0,49.7,50.3,1,0,14.93,20.2,58532,1,1,0,31.52
760302,51.12,50.0,49.7,50.3,1,0,14.93,20.19,59032,1,1,0,31.52
760808,51.07,50.0,49.7,50.3,1,0,14.99,20.19,59532,1,1,0,31.53
761314,51.07,50.0,49.7,50.3,1,0,14.99,20.18,60032,1,1,0,31.53
761820,51.07,50.0,49.7,50.3,1,0,14.99,20.18,60532,1,1,0,31.53
762326,51.09,50.0,49.7,50.3,1,0,14.95,20.18,61032,1,1,0,31.51
762832,51.09,50.0,49.7,50.3,1,0,14.95,20.17,61532,1,1,0,31.51
763338,51.08,50.0,49.7,50.3,1,0,14.77,20.16,62032,1,1,0,31.51
763844,51.05,50.0,49.7,50.3,1,0,14.82,20.16,62532,1,1,0,31.52
764350,51.06,50.0,49.7,50.3,1,0,14.82,20.17,63032,1,1,0,31.55
764856,50.97,50.0,49.7,50.3,1,0,14.64,20.19,63532,1,1,0,31.52
765362,50.97,50.0,49.7,50.3,1,0,14.64,20.14,64032,1,1,0,31.52
765868,50.97,50.0,49.7,50.3,1,0,14.64,20.14,64532,1,1,0,31.52
766374,50.99,50.0,49.7,50.3,1,0,14.64,20.14,65032,1,1,0,31.53
766880,50.99,50.0,49.7,50.3,1,0,14.47,20.16,65532,1,1,0,31.53
767386,50.99,50.0,49.7,50.3,1,0,14.47,20.16,66032,1,1,0,31.53
767892,50.97,50.0,49.7,50.3,1,0,14.69,20.16,67037,1,1,0,31.53
768398,50.92,50.0,49.7,50.3,1,0,14.45,20.12,67537,1,1,0,31.52
768904,50.92,50.0,49.7,50.3,1,0,14.45,20.12,68037,1,1,0,31.52
769410,50.95,50.0,49.7,50.3,1,0,14.54,20.15,68537,1,1,0,31.53
769916,50.88,50.0,49.7,50.3,1,0,14.38,20.13,69037,1,1,0,31.53
770422,50.88,50.0,49.7,50.3,1,0,14.38,20.13,69537,1,1,0,31.53
770928,50.87,50.0,49.7,50.3,1,0,14.14,20.12,70037,1,1,0,31.53
771434,50.87,50.0,49.7,50.3,1,0,14.14,20.12,70537,1,1,0,31.53
771940,50.85,50.0,49.7,50.3,1,0,14.34,20.13,71037,1,1,0,31.55
772446,50.8,50.0,49.7,50.3,1,0,14.12,20.09,71537,1,1,0,31.52
772952,50.8,50.0,49.7,50.3,1,0,14.12,20.09,72037,1,1,0,31.52
773458,50.76,50.0,49.7,50.3,1,0,14.12,20.09,72537,1,1,0,31.53
773964,50.76,50.0,49.7,50.3,1,0,14.12,20.09,73037,1,1,0,31.53
774470,50.77,50.0,49.7,50.3,1,0,14.12,20.09,73537,1,1,0,31.53
774976,50.74,50.0,49.7,50.3,1,0,13.9,20.08,74037,1,1,0,31.53
775482,50.74,50.0,49.7,50.3,1,0,13.9,20.08,74537,1,1,0,31.53
775988,50.68,50.0,49.7,50.3,1,0,14.25,20.06,75037,1,1,1,31.53
776494,50.68,50.0,49.7,50.3,1,0,14.25,20.06,75537,1,1,1,31.53
777000,50.68,50.0,49.7,50.3,1,0,14.25,20.06,76037,1,1,1,31.53
777506,50.68,50.0,49.7,50.3,1,0,14.25,20.06,76537,1,1,1,31.53
778012,50.68,50.0,49.7,50.3,1,0,14.25,20.06,77037,1,1,1,31.53
778518,50.68,50.0,49.7,50.3,1,0,14.25,20.06,77537,1,1,1,31.53
779024,50.61,50.0,49.7,50.3,1,0,13.71,20.05,78037,1,1,1,31.55
779530,50.56,50.0,49.7,50.3,1,0,13.8,20.05,78537,1,1,1,31.57
780036,50.52,50.0,49.7,50.3,1,0,13.66,20.02,79037,1,1,1,31.55
780542,50.52,50.0,49.7,50.3,1,0,13.66,20.02,79537,1,1,1,31.55
781048,50.52,50.0,49.7,50.3,1,0,13.66,20.02,80037,1,1,1,31.55
781554,50.52,50.0,49.7,50.3,1,0,13.97,20.01,80537,1,1,1,31.53
782060,50.49,50.0,49.7,50.3,1,0,13.6,20.01,81037,1,1,1,31.55
782566,50.48,50.0,49.7,50.3,1,0,14.32,20.01,81537,1,1,1,31.51
783072,50.48,50.0,49.7,50.3,1,0,14.32,19.97,82037,1,1,1,31.51
783578,50.48,50.0,49.7,50.3,1,0,14.32,19.97,82537,1,1,1,31.51
784085,50.45,50.0,49.7,50.3,1,0,13.66,20.02,83037,1,1,1,31.57
784591,50.45,50.0,49.7,50.3,1,0,13.66,20.02,83537,1,1,1,31.57
785097,50.41,50.0,49.7,50.3,1,0,13.53,20.02,84037,1,1,1,31.55
785603,50.41,50.0,49.7,50.3,1,0,13.53,19.99,84537,1,1,1,31.55
786109,50.37,50.0,49.7,50.3,1,0,13.47,19.99,85037,1,1,1,31.55
786615,50.37,50.0,49.7,50.3,1,0,13.47,19.97,85537,1,1,1,31.55
787121,50.3,50.0,49.7,50.3,1,0,13.38,19.97,86037,1,1,1,31.53
787627,50.3,50.0,49.7,50.3,1,0,13.38,19.94,86537,1,1,1,31.53
788133,50.23,50.0,49.7,50.3,0,0,13.4,19.93,0,1,1,0,31.55
788639,50.23,50.0,49.7,50.3,0,0,13.4,19.93,500,1,1,0,31.55
789145,50.22,50.0,49.7,50.3,0,0,13.4,19.93,1000,1,1,0,31.52
789651,50.22,50.0,49.7,50.3,0,0,13.4,19.9,1500,1,1,0,31.52
790157,50.22,50.0,49.7,50.3,0,0,13.4,19.9,2000,1,1,0,31.52
790663,50.12,50.0,49.7,50.3,0,0,13.31,19.9,2500,1,1,0,31.52
791169,50.12,50.0,49.7,50.3,0,0,13.31,19.87,3000,1,1,0,31.52
791675,50.12,50.0,49.7,50.3,0,0,13.31,19.87,3500,1,1,0,31.52
792181,50.07,50.0,49.7,50.3,0,0,13.23,19.87,4000,1,1,0,31.55
792687,50.05,50.0,49.7,50.3,0,0,13.29,19.88,4500,1,1,0,31.53
793193,50.05,50.0,49.7,50.3,0,0,13.29,19.86,5000,1,1,0,31.53
793699,50.02,50.0,49.7,50.3,0,0,13.27,19.86,5500,1,1,0,31.55
794205,50.02,50.0,49.7,50.3,0,0,13.27,19.86,6000,1,1,0,31.55
794711,50.02,50.0,49.7,50.3,0,0,13.27,19.86,6500,1,1,0,31.55
795217,49.93,50.0,49.7,50.3,0,0,13.36,19.83,7000,1,1,0,31.55
795723,49.93,50.0,49.7,50.3,0,0,13.36,19.83,7500,1,1,0,31.55
796229,49.9,50.0,49.7,50.3,0,0,13.6,19.83,8000,1,1,0,31.55
796735,49.9,50.0,49.7,50.3,0,0,13.75,19.82,8500,1,1,0,31.57
797241,49.85,50.0,49.7,50.3,0,0,13.73,19.84,9000,1,1,0,31.55
797747,49.85,50.0,49.7,50.3,0,0,13.73,19.81,9500,1,1,0,31.55
798253,49.79,50.0,49.7,50.3,0,0,13.93,19.81,10000,1,1,0,31.57
798759,49.79,50.0,49.7,50.3,0,0,13.93,19.81,10500,1,1,0,31.57
799265,49.79,50.0,49.7,50.3,0,0,13.93,19.81,11000,1,1,0,31.57
799771,49.79,50.0,49.7,50.3,0,0,13.93,19.81,11500,1,1,0,31.57
800277,49.79,50.0,49.7,50.3,0,0,13.93,19.81,12000,1,1,0,31.57
800783,49.73,50.0,49.7,50.3,0,0,14.17,19.81,12500,1,1,0,31.55
801291,49.71,50.0,49.7,50.3,0,0,14.4,19.77,13000,1,1,0,31.55
801798,49.71,50.0,49.7,50.3,0,0,14.4,19.76,13500,1,1,0,31.55
802304,49.71,50.0,49.7,50.3,0,0,14.4,19.76,14000,1,1,0,31.55
802810,49.71,50.0,49.7,50.3,0,0,14.4,19.76,14500,1,1,0,31.55
803316,49.66,50.0,49.7,50.3,0,0,14.58,19.76,15000,1,1,0,31.53
803822,49.66,50.0,49.7,50.3,0,0,14.58,19.74,15500,1,1,0,31.53
804328,49.65,50.0,49.7,50.3,0,0,14.71,19.74,16000,1,1,0,31.55
804835,49.64,50.0,49.7,50.3,0,0,14.82,19.74,16500,1,1,0,31.57
805342,49.64,50.0,49.7,50.3,0,0,14.82,19.76,17000,1,1,0,31.57
805848,49.64,50.0,49.7,50.3,0,0,14.82,19.76,17500,1,1,0,31.57
806354,49.64,50.0,49.7,50.3,0,0,14.82,19.76,18000,1,1,0,31.57
806860,49.6,50.0,49.7,50.3,0,0,14.99,19.76,18501,1,1,0,31.55
807366,49.52,50.0,49.7,50.3,0,0,14.54,19.73,19001,1,1,0,31.55
807872,49.52,50.0,49.7,50.3,0,0,14.54,19.7,19502,1,1,0,31.55
808378,49.5,50.0,49.7,50.3,0,0,15.53,19.7,20002,1,1,0,31.57
808885,49.5,50.0,49.7,50.3,0,0,15.4,19.71,20502,1,1,0,31.57
809392,49.5,50.0,49.7,50.3,0,0,15.4,19.71,21004,1,1,0,31.57
809898,49.52,50.0,49.7,50.3,0,0,15.53,19.7,22006,1,1,0,31.55
810404,49.52,50.0,49.7,50.3,0,0,15.53,19.7,22506,1,1,0,31.55
810910,49.52,50.0,49.7,50.3,0,0,15.53,19.7,23006,1,1,0,31.55
811416,49.45,50.0,49.7,50.3,0,0,15.71,19.71,23506,1,1,0,31.58
811922,49.5,50.0,49.7,50.3,0,0,15.84,19.69,24006,1,1,0,31.55
812428,49.46,50.0,49.7,50.3,0,0,15.79,19.68,24506,1,1,0,31.55
812934,49.46,50.0,49.7,50.3,0,0,16.12,19.68,25006,1,1,0,31.55
813440,49.43,50.0,49.7,50.3,0,0,15.94,19.69,25506,1,1,0,31.57
813946,49.43,50.0,49.7,50.3,0,0,15.94,19.69,26006,1,1,0,31.57
814452,49.45,50.0,49.7,50.3,0,0,16.12,19.69,26506,1,1,0,31.57
814958,49.45,50.0,49.7,50.3,0,0,16.18,19.69,27006,1,1,0,31.57
815464,49.4,50.0,49.7,50.3,0,0,16.33,19.69,27506,1,1,0,31.58
815970,49.4,50.0,49.7,50.3,0,0,16.33,19.69,28006,1,1,0,31.58
816476,49.38,50.0,49.7,50.3,0,0,16.44,19.67,28506,1,1,0,31.57
816982,49.38,50.0,49.7,50.3,0,0,16.44,19.67,29006,1,1,0,31.57
817488,49.39,50.0,49.7,50.3,0,0,16.79,19.69,29509,1,1,0,31.58
817999,49.39,50.0,49.7,50.3,0,0,16.94,19.69,30009,1,1,0,31.55
818506,49.39,50.0,49.7,50.3,0,0,16.94,19.66,30509,1,1,0,31.55
819012,49.4,50.0,49.7,50.3,0,0,16.89,19.68,31009,1,1,0,31.57
819518,49.44,50.0,49.7,50.3,0,0,16.92,19.7,31509,1,1,0,31.58
820024,49.46,50.0,49.7,50.3,0,0,17.04,19.7,32009,1,1,0,31.57
820530,49.46,50.0,49.7,50.3,0,0,17.04,19.7,32509,1,1,0,31.57
821036,49.43,50.0,49.7,50.3,0,0,17.09,19.71,33009,1,1,0,31.59
821542,49.39,50.0,49.7,50.3,0,0,17.11,19.69,33509,1,1,0,31.58
822048,49.43,50.0,49.7,50.3,0,0,17.28,19.7,34009,1,1,0,31.58
822554,49.43,50.0,49.7,50.3,0,0,17.28,19.7,34509,1,1,0,31.58
823060,49.4,50.0,49.7,50.3,0,0,17.2,19.69,35009,1,1,0,31.58
823566,49.41,50.0,49.7,50.3,0,0,17.45,19.69,35509,1,1,0,31.57
824073,49.44,50.0,49.7,50.3,0,0,17.65,19.68,36009,1,1,0,31.57
824580,49.44,50.0,49.7,50.3,0,0,17.65,19.69,36509,1,1,0,31.57
825086,49.44,50.0,49.7,50.3,0,0,17.65,19.69,37009,1,1,0,31.57
825592,49.44,50.0,49.7,50.3,0,0,17.65,19.69,37509,1,1,0,31.57
826098,49.43,50.0,49.7,50.3,0,0,17.78,19.7,38009,1,1,0,31.58
826604,49.43,50.0,49.7,50.3,0,0,17.78,19.7,38509,1,1,0,31.58
827110,49.43,50.0,49.7,50.3,0,0,17.78,19.7,39012,1,1,0,31.58
827616,49.43,50.0,49.7,50.3,0,0,17.78,19.7,39513,1,1,0,31.58
828122,49.47,50.0,49.7,50.3,0,0,18.23,19.71,40013,1,0,0,31.58
828628,49.43,50.0,49.7,50.3,0,0,18.08,19.7,40513,1,1,0,31.58
829134,49.46,50.0,49.7,50.3,0,0,18.14,19.7,41013,1,1,0,31.57
829640,49.46,50.0,49.7,50.3,0,0,18.14,19.7,41513,1,1,0,31.57
830161,49.44,50.0,49.7,50.3,0,0,18.29,19.7,42013,1,1,0,31.58
830668,49.44,50.0,49.7,50.3,0,0,18.29,19.7,42513,1,0,0,31.58
831174,49.43,50.0,49.7,50.3,0,0,18.51,19.7,43013,1,0,0,31.59
831680,49.43,50.0,49.7,50.3,0,0,18.51,19.71,43513,1,0,0,31.59
832186,49.48,50.0,49.7,50.3,0,0,18.27,19.72,44013,1,0,0,31.58
832692,49.48,50.0,49.7,50.3,0,0,18.64,19.72,44513,1,0,0,31.58
833198,49.48,50.0,49.7,50.3,0,0,18.64,19.72,45013,1,0,0,31.58
833705,49.48,50.0,49.7,50.3,0,0,18.64,19.72,45513,1,0,0,31.58
834212,49.5,50.0,49.7,50.3,0,0,18.9,19.72,46013,1,0,0,31.61
834718,49.5,50.0,49.7,50.3,0,0,18.9,19.75,46513,1,0,0,31.61
835224,49.5,50.0,49.7,50.3,0,0,18.9,19.75,47013,1,0,0,31.61
835730,49.43,50.0,49.7,50.3,0,0,18.94,19.73,47513,1,0,0,31.61
836236,49.43,50.0,49.7,50.3,0,0,18.94,19.73,48013,1,0,0,31.61
836742,49.52,50.0,49.7,50.3,0,0,19.16,19.74,48513,1,0,0,31.59
837248,49.52,50.0,49.7,50.3,0,0,19.16,19.74,49013,1,0,0,31.59
837754,49.51,50.0,49.7,50.3,0,0,19.28,19.74,49513,1,0,0,31.59
838260,49.51,50.0,49.7,50.3,0,0,19.28,19.74,50013,1,0,0,31.59
838766,49.52,50.0,49.7,50.3,0,0,19.41,19.76,50513,1,0,0,31.61
839272,49.55,50.0,49.7,50.3,0,0,19.39,19.76,51013,1,0,0,31.61
839778,49.55,50.0,49.7,50.3,0,0,19.39,19.76,51513,1,0,0,31.61
840287,49.55,50.0,49.7,50.3,0,0,19.39,19.76,52013,1,0,0,31.61
840793,49.51,50.0,49.7,50.3,0,0,19.54,19.76,52513,1,0,0,31.59
841299,49.51,50.0,49.7,50.3,0,0,19.54,19.74,53013,1,0,0,31.59
841805,49.51,50.0,49.7,50.3,0,0,19.54,19.74,53513,1,0,0,31.59
842311,49.58,50.0,49.7,50.3,0,0,19.67,19.74,54013,1,0,0,31.61
842817,49.58,50.0,49.7,50.3,0,0,19.67,19.77,54513,1,0,0,31.61
843323,49.58,50.0,49.7,50.3,0,0,19.67,19.77,55013,1,0,0,31.61
843829,49.58,50.0,49.7,50.3,0,0,19.67,19.77,55513,1,0,0,31.61
844335,49.52,50.0,49.7,50.3,0,0,19.82,19.76,56019,1,0,0,31.61
844841,49.54,50.0,49.7,50.3,0,0,19.8,19.76,56519,1,0,0,31.61
845347,49.63,50.0,49.7,50.3,0,0,20.19,19.76,57019,1,0,0,31.58
845853,49.63,50.0,49.7,50.3,0,0,20.19,19.77,57519,1,0,0,31.58
846359,49.59,50.0,49.7,50.3,0,0,20.71,19.77,58019,1,0,0,31.59
846865,49.59,50.0,49.7,50.3,0,0,20.71,19.77,58519,1,0,0,31.59
847371,49.59,50.0,49.7,50.3,0,0,20.71,19.77,59019,1,0,0,31.59
847877,49.59,50.0,49.7,50.3,0,0,20.71,19.77,59519,1,0,0,31.59
848383,49.6,50.0,49.7,50.3,0,0,20.47,19.77,60019,1,0,0,31.59
848889,49.6,50.0,49.7,50.3,0,0,20.47,19.77,60519,1,0,0,31.59
849395,49.55,50.0,49.7,50.3,0,0,20.4,19.77,61019,1,0,0,31.61
849901,49.55,50.0,49.7,50.3,0,0,20.4,19.76,61519,1,0,0,31.61
850407,49.62,50.0,49.7,50.3,0,0,20.47,19.76,62019,1,0,0,31.59
850913,49.62,50.0,49.7,50.3,0,0,20.73,19.77,62525,1,0,0,31.61
851420,49.62,50.0,49.7,50.3,0,0,20.79,19.79,63031,1,0,0,31.62
851927,49.62,50.0,49.7,50.3,0,0,20.79,19.8,63539,1,0,0,31.62
852433,49.62,50.0,49.7,50.3,0,0,20.79,19.8,64541,1,0,0,31.62
852939,49.62,50.0,49.7,50.3,0,0,20.79,19.8,65041,1,0,0,31.62
853445,49.61,50.0,49.7,50.3,0,0,20.77,19.78,65541,1,0,0,31.61
853951,49.61,50.0,49.7,50.3,0,0,20.77,19.78,66041,1,0,0,31.61
854457,49.65,50.0,49.7,50.3,0,0,20.79,19.81,66541,1,0,0,31.62
854963,49.65,50.0,49.7,50.3,0,0,21.1,19.82,67041,1,0,0,31.64
855469,49.63,50.0,49.7,50.3,0,0,20.99,19.78,67541,1,0,0,31.59
855976,49.64,50.0,49.7,50.3,0,0,21.12,19.78,68041,1,0,0,31.62
856483,49.64,50.0,49.7,50.3,0,0,21.12,19.81,68541,1,0,0,31.62
856989,49.67,50.0,49.7,50.3,0,0,21.18,19.81,69041,1,0,0,31.61
857495,49.67,50.0,49.7,50.3,0,0,21.18,19.8,69541,1,0,0,31.61
858001,49.66,50.0,49.7,50.3,0,0,21.25,19.81,70041,1,0,0,31.62
858507,49.66,50.0,49.7,50.3,0,0,21.25,19.81,70541,1,0,0,31.62
859013,49.66,50.0,49.7,50.3,0,0,21.25,19.81,71041,1,0,0,31.62
859519,49.69,50.0,49.7,50.3,0,0,21.14,19.82,71541,1,0,0,31.62
860026,49.66,50.0,49.7,50.3,0,0,20.71,19.82,72041,1,0,0,31.62
860533,49.66,50.0,49.7,50.3,0,0,20.71,19.81,72541,1,0,0,31.62
861039,49.66,50.0,49.7,50.3,0,0,20.71,19.81,73041,1,0,0,31.62
861545,49.68,50.0,49.7,50.3,0,0,21.74,19.83,73541,1,0,0,31.64
862051,49.68,50.0,49.7,50.3,0,0,21.74,19.83,74041,1,0,0,31.64
862557,49.73,50.0,49.7,50.3,1,0,21.64,19.84,0,1,0,0,31.62
863063,49.73,50.0,49.7,50.3,1,0,21.64,19.84,500,1,0,0,31.62
863569,49.73,50.0,49.7,50.3,1,0,21.83,19.86,1000,1,0,0,31.65
864075,49.73,50.0,49.7,50.3,1,0,21.83,19.86,1500,1,0,0,31.65
864581,49.71,50.0,49.7,50.3,1,0,21.87,19.83,2000,1,0,0,31.62
865087,49.69,50.0,49.7,50.3,1,0,21.79,19.83,2500,1,0,0,31.61
865593,49.69,50.0,49.7,50.3,1,0,21.79,19.81,3000,1,0,0,31.61
866099,49.69,50.0,49.7,50.3,1,0,21.9,19.84,3500,1,0,0,31.64
866605,49.71,50.0,49.7,50.3,1,0,21.85,19.83,4016,1,0,0,31.62
867111,49.71,50.0,49.7,50.3,1,0,21.85,19.83,4516,1,0,0,31.62
867617,49.74,50.0,49.7,50.3,1,0,22.35,19.83,5016,1,0,0,31.61
868127,49.76,50.0,49.7,50.3,1,0,21.87,19.83,5516,1,0,0,31.62
868634,49.76,50.0,49.7,50.3,1,0,21.87,19.85,6016,1,0,0,31.62
869140,49.77,50.0,49.7,50.3,1,0,21.77,19.86,6516,1,0,0,31.64
869646,49.73,50.0,49.7,50.3,1,0,21.77,19.86,7016,1,0,0,31.65
870152,49.73,50.0,49.7,50.3,1,0,21.77,19.86,7516,1,0,0,31.65
870658,49.73,50.0,49.7,50.3,1,0,21.77,19.86,8016,1,0,0,31.65
871164,49.73,50.0,49.7,50.3,1,0,21.77,19.86,8516,1,0,0,31.65
871670,49.77,50.0,49.7,50.3,1,0,21.59,19.86,9016,1,0,0,31.64
872176,49.77,50.0,49.7,50.3,1,0,21.59,19.86,9516,1,0,0,31.64
872682,49.75,50.0,49.7,50.3,1,0,21.48,19.85,10016,1,0,0,31.64
873188,49.77,50.0,49.7,50.3,1,0,21.42,19.86,10516,1,0,0,31.64
873694,49.78,50.0,49.7,50.3,1,0,21.29,19.86,11016,1,0,0,31.62
874200,49.78,50.0,49.7,50.3,1,0,21.29,19.85,11516,1,0,0,31.62
874706,49.78,50.0,49.7,50.3,1,0,21.29,19.85,12016,1,0,0,31.62
875212,49.79,50.0,49.7,50.3,1,0,21.2,19.87,12516,1,0,0,31.64
875718,49.8,50.0,49.7,50.3,1,0,20.75,19.87,13016,1,0,0,31.64
876224,49.8,50.0,49.7,50.3,1,0,20.75,19.87,13516,1,0,0,31.64
876730,49.8,50.0,49.7,50.3,1,0,20.75,19.87,14016,1,0,0,31.64
877236,49.8,50.0,49.7,50.3,1,0,20.75,19.87,14516,1,0,0,31.64
877742,49.8,50.0,49.7,50.3,1,0,20.75,19.87,15016,1,0,0,31.64
878248,49.81,50.0,49.7,50.3,1,0,21.29,19.87,15516,1,0,0,31.64
878754,49.82,50.0,49.7,50.3,1,0,20.73,19.88,16016,1,0,0,31.64
879260,49.9,50.0,49.7,50.3,1,0,20.56,19.88,16516,1,0,0,31.65
879766,49.9,50.0,49.7,50.3,1,0,20.56,19.91,17016,1,0,0,31.65
880272,49.88,50.0,49.7,50.3,1,0,20.6,19.91,17516,1,0,0,31.62
880778,49.85,50.0,49.7,50.3,1,0,20.38,19.89,18016,1,0,0,31.64
881284,49.85,50.0,49.7,50.3,1,0,20.38,19.89,18516,1,0,0,31.64
881790,49.88,50.0,49.7,50.3,1,0,20.25,19.9,19017,1,0,0,31.64
882296,49.93,50.0,49.7,50.3,1,0,20.25,19.92,19519,1,0,0,31.64
882802,49.93,50.0,49.7,50.3,1,0,20.25,19.92,20019,1,0,0,31.64
883308,49.93,50.0,49.7,50.3,1,0,20.25,19.92,20519,1,0,0,31.64
883814,49.93,50.0,49.7,50.3,1,0,20.25,19.92,21019,1,0,0,31.64
884320,49.93,50.0,49.7,50.3,1,0,20.25,19.92,21519,1,0,0,31.64
884826,49.97,50.0,49.7,50.3,1,0,20.0,19.92,22019,1,0,0,31.62
885332,49.97,50.0,49.7,50.3,1,0,20.0,19.92,22519,1,0,0,31.62
885838,49.97,50.0,49.7,50.3,1,0,20.0,19.92,23019,1,0,0,31.62
886344,50.0,50.0,49.7,50.3,1,0,19.93,19.94,23519,1,0,0,31.64
886850,50.09,50.0,49.7,50.3,1,0,19.56,19.94,24019,1,0,0,31.65
887356,50.09,50.0,49.7,50.3,1,0,19.56,19.98,24519,1,0,0,31.65
887862,50.1,50.0,49.7,50.3,1,0,19.69,19.98,25019,1,0,0,31.65
888368,50.15,50.0,49.7,50.3,1,0,19.35,19.98,25519,1,0,0,31.66
888874,50.15,50.0,49.7,50.3,1,0,19.35,20.01,26019,1,0,0,31.66
889384,50.15,50.0,49.7,50.3,1,0,19.35,20.01,26519,1,0,0,31.66
889890,50.18,50.0,49.7,50.3,1,0,19.59,20.01,27019,1,0,0,31.65
890396,50.18,50.0,49.7,50.3,1,0,19.59,20.01,27519,1,0,0,31.65
890902,50.2,50.0,49.7,50.3,1,0,19.16,20.01,28019,1,0,0,31.64
891408,50.22,50.0,49.7,50.3,1,0,19.07,20.0,28519,1,0,0,31.64
891914,50.22,50.0,49.7,50.3,1,0,19.07,20.01,29019,1,0,0,31.64
892420,50.27,50.0,49.7,50.3,1,0,19.0,20.01,29519,1,0,0,31.65
892926,50.27,50.0,49.7,50.3,1,0,19.0,20.04,30019,1,0,0,31.65
893432,50.34,50.0,49.7,50.3,1,0,18.4,20.04,30519,1,0,0,31.64
893938,50.33,50.0,49.7,50.3,1,0,18.88,20.05,31019,1,1,0,31.65
894444,50.34,50.0,49.7,50.3,1,0,18.96,20.05,31519,1,0,0,31.65
894951,50.38,50.0,49.7,50.3,1,0,18.72,20.06,32021,1,0,0,31.65
895458,50.38,50.0,49.7,50.3,1,0,18.72,20.07,32529,1,0,0,31.65
895964,50.41,50.0,49.7,50.3,1,0,18.38,20.11,33531,1,1,0,31.68
896470,50.41,50.0,49.7,50.3,1,0,18.38,20.11,34031,1,1,0,31.68
896976,50.41,50.0,49.7,50.3,1,0,18.38,20.11,34531,1,1,0,31.68
897482,50.41,50.0,49.7,50.3,1,0,18.38,20.11,35031,1,1,0,31.68
897988,50.54,50.0,49.7,50.3,1,0,18.53,20.11,35531,1,1,0,31.64
898495,50.58,50.0,49.7,50.3,1,0,18.23,20.11,36031,1,1,0,31.64
899002,50.58,50.0,49.7,50.3,1,0,18.23,20.12,36531,1,1,0,31.64
899508,50.61,50.0,49.7,50.3,1,0,18.08,20.16,37031,1,1,0,31.66
900014,50.61,50.0,49.7,50.3,1,0,18.08,20.16,37531,1,1,0,31.66
900520,50.64,50.0,49.7,50.3,1,0,18.14,20.15,38031,1,1,0,31.65
901026,50.64,50.0,49.7,50.3,1,0,18.14,20.15,38531,1,1,0,31.65
901532,50.65,50.0,49.7,50.3,1,0,17.8,20.17,39031,1,1,0,31.66
902038,50.73,50.0,49.7,50.3,1,0,17.91,20.18,39531,1,1,0,31.65
902544,50.73,50.0,49.7,50.3,1,0,17.91,20.18,40031,1,1,0,31.65
903050,50.79,50.0,49.7,50.3,1,0,17.69,20.2,40531,1,1,0,31.65
903556,50.79,50.0,49.7,50.3,1,0,17.69,20.2,41031,1,1,0,31.65
904062,50.86,50.0,49.7,50.3,1,0,17.5,20.2,41531,1,1,0,31.66
904568,50.86,50.0,49.7,50.3,1,0,17.5,20.24,42031,1,1,0,31.66
905074,50.84,50.0,49.7,50.3,1,0,17.63,20.22,42531,1,1,0,31.65
905580,50.84,50.0,49.7,50.3,1,0,17.63,20.22,43031,1,1,0,31.65
906086,50.91,50.0,49.7,50.3,1,0,17.56,20.22,43531,1,1,0,31.66
906592,50.91,50.0,49.7,50.3,1,0,17.56,20.25,44031,1,1,0,31.66
907098,50.91,50.0,49.7,50.3,1,0,17.56,20.25,44533,1,1,0,31.66
907604,50.93,50.0,49.7,50.3,1,0,17.28,20.25,45033,1,1,0,31.65
908110,50.93,50.0,49.7,50.3,1,0,17.28,20.25,45533,1,1,0,31.65
908616,51.03,50.0,49.7,50.3,1,0,17.3,20.29,46033,1,1,0,31.66
909122,51.03,50.0,49.7,50.3,1,0,17.09,20.29,46533,1,1,0,31.66
909641,51.06,50.0,49.7,50.3,1,0,16.61,20.29,47033,1,1,0,31.65
910148,51.06,50.0,49.7,50.3,1,0,16.61,20.29,47533,1,1,0,31.65
910654,51.07,50.0,49.7,50.3,1,0,16.87,20.29,48033,1,1,0,31.65
911160,51.07,50.0,49.7,50.3,1,0,16.94,20.29,48533,1,1,0,31.65
911666,51.1,50.0,49.7,50.3,1,0,17.02,20.29,49033,1,1,0,31.66
912172,51.1,50.0,49.7,50.3,1,0,17.02,20.31,49533,1,1,0,31.66
912678,51.13,50.0,49.7,50.3,1,0,17.48,20.31,50033,1,1,0,31.66
913184,51.13,50.0,49.7,50.3,1,0,17.48,20.32,50533,1,1,0,31.66
913690,51.13,50.0,49.7,50.3,1,0,16.63,20.32,51033,1,1,0,31.66
914196,51.13,50.0,49.7,50.3,1,0,16.63,20.32,51533,1,1,0,31.66
914702,51.14,50.0,49.7,50.3,1,0,16.25,20.32,52033,1,1,0,31.66
915208,51.14,50.0,49.7,50.3,1,0,16.25,20.33,52533,1,1,0,31.66
915714,51.17,50.0,49.7,50.3,1,0,16.53,20.33,53033,1,1,0,31.66
916220,51.18,50.0,49.7,50.3,1,0,16.53,20.35,53533,1,1,0,31.68
916726,51.17,50.0,49.7,50.3,1,0,16.38,20.35,54033,1,1,0,31.68
917232,51.17,50.0,49.7,50.3,1,0,16.38,20.35,54533,1,1,0,31.68
917738,51.17,50.0,49.7,50.3,1,0,16.31,20.33,55033,1,1,0,31.66
918244,51.17,50.0,49.7,50.3,1,0,16.18,20.33,55533,1,1,0,31.66
918751,51.22,50.0,49.7,50.3,1,0,16.16,20.33,56033,1,1,0,31.66
919258,51.22,50.0,49.7,50.3,1,0,16.16,20.35,56533,1,1,0,31.66
919764,51.2,50.0,49.7,50.3,1,0,16.12,20.33,57033,1,1,0,31.65
920270,51.2,50.0,49.7,50.3,1,0,16.12,20.33,57533,1,1,0,31.65
920776,51.2,50.0,49.7,50.3,1,0,16.12,20.33,58033,1,1,0,31.65
921282,51.21,50.0,49.7,50.3,1,0,16.03,20.35,58533,1,1,0,31.66
921788,51.15,50.0,49.7,50.3,1,0,16.12,20.34,59033,1,1,0,31.68
922294,51.21,50.0,49.7,50.3,1,0,15.92,20.34,59533,1,1,0,31.66
922800,51.21,50.0,49.7,50.3,1,0,15.92,20.35,60033,1,1,0,31.66
923306,51.22,50.0,49.7,50.3,1,0,15.94,20.35,60533,1,1,0,31.65
923812,51.16,50.0,49.7,50.3,1,0,15.38,20.34,61033,1,1,0,31.65
924318,51.16,50.0,49.7,50.3,1,0,15.38,20.32,61533,1,1,0,31.65
924824,51.26,50.0,49.7,50.3,1,0,15.75,20.32,62033,1,1,0,31.66
925330,51.21,50.0,49.7,50.3,1,0,15.71,20.36,62533,1,1,0,31.66
925836,51.21,50.0,49.7,50.3,1,0,15.71,20.35,63033,1,1,0,31.66
926342,51.18,50.0,49.7,50.3,1,0,15.64,20.34,63533,1,1,0,31.66
926861,51.16,50.0,49.7,50.3,1,0,15.51,20.34,64033,1,1,0,31.65
927368,51.16,50.0,49.7,50.3,1,0,15.51,20.32,64536,1,1,0,31.65
927874,51.16,50.0,49.7,50.3,1,0,15.51,20.32,65036,1,1,0,31.65
928380,51.16,50.0,49.7,50.3,1,0,15.64,20.32,65536,1,1,0,31.65
928886,51.14,50.0,49.7,50.3,1,0,15.49,20.32,66036,1,1,0,31.68
929392,51.14,50.0,49.7,50.3,1,0,15.49,20.34,66536,1,1,0,31.68
929898,51.1,50.0,49.7,50.3,1,0,15.92,20.31,67036,1,1,0,31.66
930404,51.09,50.0,49.7,50.3,1,0,14.84,20.31,67536,1,1,0,31.68
930910,51.07,50.0,49.7,50.3,1,0,15.19,20.32,68036,1,1,0,31.65
931416,51.07,50.0,49.7,50.3,1,0,15.19,20.29,68536,1,1,0,31.65
931922,51.1,50.0,49.7,50.3,1,0,15.38,20.29,69036,1,1,0,31.65
932428,51.1,50.0,49.7,50.3,1,0,15.38,20.3,69536,1,1,0,31.65
932934,51.1,50.0,49.7,50.3,1,0,15.38,20.3,70036,1,1,0,31.65
933440,51.1,50.0,49.7,50.3,1,0,15.38,20.3,70538,1,1,0,31.65
933946,51.02,50.0,49.7,50.3,1,0,15.16,20.3,71038,1,1,0,31.66
934453,51.03,50.0,49.7,50.3,1,0,15.08,20.29,71538,1,1,0,31.68
934960,51.03,50.0,49.7,50.3,1,0,15.08,20.31,72038,1,1,0,31.68
935466,50.95,50.0,49.7,50.3,1,0,15.14,20.31,72538,1,1,0,31.66
935972,50.93,50.0,49.7,50.3,1,0,15.1,20.27,73539,1,1,0,31.68
936478,50.94,50.0,49.7,50.3,1,0,14.99,20.26,74039,1,1,0,31.66
936984,50.94,50.0,49.7,50.3,1,0,14.99,20.26,74539,1,1,0,31.66
937490,50.94,50.0,49.7,50.3,1,0,14.82,20.29,75039,1,1,1,31.69
937996,50.91,50.0,49.7,50.3,1,0,14.69,20.28,75539,1,1,1,31.69
938502,50.91,50.0,49.7,50.3,1,0,14.69,20.28,76039,1,1,1,31.69
939008,50.89,50.0,49.7,50.3,1,0,14.8,20.26,76539,1,1,1,31.68
939514,50.84,50.0,49.7,50.3,1,0,15.01,20.23,77039,1,1,1,31.66
940020,50.84,50.0,49.7,50.3,1,0,15.01,20.23,77539,1,1,1,31.66
940526,50.79,50.0,49.7,50.3,1,0,14.54,20.21,78039,1,1,1,31.66
941032,50.79,50.0,49.7,50.3,1,0,14.54,20.21,78539,1,1,1,31.66
941538,50.77,50.0,49.7,50.3,1,0,14.32,20.21,79039,1,1,1,31.66
942044,50.77,50.0,49.7,50.3,1,0,14.32,20.21,79539,1,1,1,31.66
942550,50.77,50.0,49.7,50.3,1,0,14.32,20.21,80039,1,1,1,31.66
943057,50.72,50.0,49.7,50.3,1,0,14.36,20.21,80539,1,1,1,31.66
943564,50.72,50.0,49.7,50.3,1,0,14.36,20.19,81039,1,1,1,31.66
944070,50.67,50.0,49.7,50.3,1,0,14.6,20.19,81539,1,1,1,31.66
944576,50.67,50.0,49.7,50.3,1,0,14.6,20.18,82039,1,1,1,31.66
945082,50.67,50.0,49.7,50.3,1,0,14.27,20.18,82539,1,1,1,31.66
945588,50.67,50.0,49.7,50.3,1,0,14.27,20.18,83039,1,1,1,31.66
946094,50.64,50.0,49.7,50.3,1,0,14.23,20.17,83539,1,1,1,31.66
946601,50.64,50.0,49.7,50.3,1,0,14.23,20.17,84039,1,1,1,31.66
947108,50.56,50.0,49.7,50.3,1,0,14.14,20.17,84539,1,1,1,31.65
947614,50.56,50.0,49.7,50.3,1,0,14.14,20.13,85039,1,1,1,31.65
948120,50.56,50.0,49.7,50.3,1,0,14.14,20.13,85539,1,1,1,31.65
948626,50.49,50.0,49.7,50.3,1,0,14.23,20.12,86040,1,1,1,31.66
949132,50.49,50.0,49.7,50.3,1,0,13.99,20.13,86541,1,1,1,31.68
949638,50.49,50.0,49.7,50.3,1,0,13.99,20.13,87041,1,1,1,31.68
950144,50.42,50.0,49.7,50.3,1,0,14.03,20.08,87541,1,1,1,31.65
950650,50.42,50.0,49.7,50.3,1,0,14.03,20.08,88041,1,1,1,31.65
951156,50.43,50.0,49.7,50.3,1,0,14.06,20.11,88541,1,1,1,31.68
951662,50.43,50.0,49.7,50.3,1,0,14.06,20.11,89041,1,1,1,31.68
952168,50.36,50.0,49.7,50.3,1,0,13.88,20.08,89541,1,1,1,31.66
952674,50.36,50.0,49.7,50.3,1,0,13.88,20.08,90041,1,1,1,31.66
953180,50.31,50.0,49.7,50.3,1,0,13.95,20.07,90541,1,1,1,31.68
953686,50.28,50.0,49.7,50.3,1,0,13.88,20.07,91041,1,1,1,31.66
954192,50.28,50.0,49.7,50.3,0,0,13.88,20.05,0,1,1,0,31.66
954698,50.21,50.0,49.7,50.3,0,0,13.84,20.03,500,1,1,0,31.66
955204,50.21,50.0,49.7,50.3,0,0,13.84,20.03,1000,1,1,0,31.66
955710,50.15,50.0,49.7,50.3,0,0,13.77,20.03,1500,1,1,0,31.65
956216,50.15,50.0,49.7,50.3,0,0,13.77,20.0,2000,1,1,0,31.65
956722,50.13,50.0,49.7,50.3,0,0,13.75,20.0,2500,1,1,0,31.69
957228,50.13,50.0,49.7,50.3,0,0,13.75,20.03,3000,1,1,0,31.69
957735,50.06,50.0,49.7,50.3,0,0,13.64,20.03,3500,1,1,0,31.66
958242,50.06,50.0,49.7,50.3,0,0,13.64,19.98,4000,1,1,0,31.66
958748,50.06,50.0,49.7,50.3,0,0,13.64,19.98,4500,1,1,0,31.66
959254,50.06,50.0,49.7,50.3,0,0,13.64,19.98,5000,1,1,0,31.66
959760,49.97,50.0,49.7,50.3,0,0,13.77,19.96,5500,1,1,0,31.68
960266,49.97,50.0,49.7,50.3,0,0,13.77,19.96,6000,1,1,0,31.68
960772,49.97,50.0,49.7,50.3,0,0,13.82,19.96,6500,1,1,0,31.68
961278,49.92,50.0,49.7,50.3,0,0,13.84,19.94,7015,1,1,0,31.66
961784,49.87,50.0,49.7,50.3,0,0,14.06,19.94,7515,1,1,0,31.68
962290,49.87,50.0,49.7,50.3,0,0,14.06,19.93,8015,1,1,0,31.68
962796,49.87,50.0,49.7,50.3,0,0,14.06,19.93,8515,1,1,0,31.68
963302,49.87,50.0,49.7,50.3,0,0,14.06,19.93,9015,1,1,0,31.68
963808,49.87,50.0,49.7,50.3,0,0,14.06,19.93,9515,1,1,0,31.68
964314,49.87,50.0,49.7,50.3,0,0,14.06,19.93,10015,1,1,0,31.68
964820,49.77,50.0,49.7,50.3,0,0,14.25,19.93,10515,1,1,0,31.68
965326,49.72,50.0,49.7,50.3,0,0,14.43,19.9,11015,1,1,0,31.68
965832,49.72,50.0,49.7,50.3,0,0,14.43,19.89,11515,1,1,0,31.68
966338,49.7,50.0,49.7,50.3,0,0,14.4,19.88,12024,1,1,0,31.68
966844,49.66,50.0,49.7,50.3,0,0,14.67,19.88,12524,1,1,0,31.66
967350,49.62,50.0,49.7,50.3,0,0,14.67,19.85,13024,1,1,0,31.66
967856,49.62,50.0,49.7,50.3,0,0,14.67,19.84,13524,1,1,0,31.66
968362,49.59,50.0,49.7,50.3,0,0,14.56,19.84,14024,1,1,0,31.68
968868,49.59,50.0,49.7,50.3,0,0,14.56,19.84,14524,1,1,0,31.68
969374,49.57,50.0,49.7,50.3,0,0,15.27,19.84,15024,1,1,0,31.68
969880,49.52,50.0,49.7,50.3,0,0,14.93,19.84,15524,1,1,0,31.68
970386,49.52,50.0,49.7,50.3,0,0,14.93,19.82,16024,1,1,0,31.68
970892,49.55,50.0,49.7,50.3,0,0,15.21,19.82,16524,1,1,0,31.69
971398,49.55,50.0,49.7,50.3,0,0,15.21,19.84,17024,1,1,0,31.69
971904,49.48,50.0,49.7,50.3,0,0,15.4,19.84,17524,1,1,0,31.69
972422,49.46,50.0,49.7,50.3,0,0,15.64,19.82,18024,1,1,0,31.66
972929,49.46,50.0,49.7,50.3,0,0,15.64,19.79,18524,1,1,0,31.66
973435,49.43,50.0,49.7,50.3,0,0,15.36,19.79,19024,1,1,0,31.69
973941,49.43,50.0,49.7,50.3,0,0,15.36,19.8,19524,1,1,0,31.69
974447,49.41,50.0,49.7,50.3,0,0,15.47,19.8,20036,1,1,0,31.69
974953,49.41,50.0,49.7,50.3,0,0,15.47,19.8,20536,1,1,0,31.69
975459,49.4,50.0,49.7,50.3,0,0,15.79,19.8,21036,1,1,0,31.66
975978,49.35,50.0,49.7,50.3,0,0,15.68,19.76,21536,1,1,0,31.68
976485,49.35,50.0,49.7,50.3,0,0,15.68,19.76,22036,1,1,0,31.68
976991,49.32,50.0,49.7,50.3,0,0,15.99,19.76,22536,1,1,0,31.69
977497,49.32,50.0,49.7,50.3,0,0,15.99,19.77,23036,1,1,0,31.69
978003,49.32,50.0,49.7,50.3,0,0,16.16,19.77,23536,1,1,0,31.69
978509,49.32,50.0,49.7,50.3,0,0,16.16,19.77,24036,1,1,0,31.69
979015,49.25,50.0,49.7,50.3,0,0,16.38,19.74,25041,1,1,0,31.69
979521,49.28,50.0,49.7,50.3,0,0,16.46,19.74,25541,1,1,0,31.68
980027,49.31,50.0,49.7,50.3,0,0,16.57,19.77,26041,1,1,0,31.71
980533,49.31,50.0,49.7,50.3,0,0,16.57,19.77,26541,1,1,0,31.71
981039,49.25,50.0,49.7,50.3,0,0,16.92,19.72,27041,1,1,0,31.66
981545,49.25,50.0,49.7,50.3,0,0,16.92,19.72,27541,1,1,0,31.66
982051,49.25,50.0,49.7,50.3,0,0,16.94,19.73,28041,1,1,0,31.68
982557,49.25,50.0,49.7,50.3,0,0,16.94,19.73,28541,1,1,0,31.68
983063,49.25,50.0,49.7,50.3,0,0,16.94,19.73,29041,1,1,0,31.68
983569,49.24,50.0,49.7,50.3,0,0,16.89,19.74,29541,1,1,0,31.69
984075,49.24,50.0,49.7,50.3,0,0,16.89,19.74,30041,1,1,0,31.69
984581,49.24,50.0,49.7,50.3,0,0,17.04,19.74,30541,1,1,0,31.69
985087,49.18,50.0,49.7,50.3,0,0,17.37,19.74,31041,1,1,0,31.66
985593,49.18,50.0,49.7,50.3,0,0,17.37,19.69,31541,1,1,0,31.66
986099,49.18,50.0,49.7,50.3,0,0,17.37,19.69,32041,1,1,0,31.66
986605,49.21,50.0,49.7,50.3,0,0,17.3,19.72,32541,1,1,0,31.68
987111,49.24,50.0,49.7,50.3,0,0,17.39,19.73,33054,1,1,0,31.68
987626,49.25,50.0,49.7,50.3,0,0,17.48,19.73,33554,1,1,0,31.69
988133,49.25,50.0,49.7,50.3,0,0,17.48,19.74,34054,1,1,0,31.69
988639,49.19,50.0,49.7,50.3,0,0,17.71,19.71,34554,1,1,0,31.68
989145,49.19,50.0,49.7,50.3,0,0,17.71,19.71,35054,1,1,0,31.68
989651,49.25,50.0,49.7,50.3,0,0,17.97,19.74,35554,1,1,0,31.69
990157,49.25,50.0,49.7,50.3,0,0,17.97,19.74,36054,1,1,0,31.69
990663,49.21,50.0,49.7,50.3,0,0,17.6,19.72,36554,1,1,0,31.68
991169,49.25,50.0,49.7,50.3,0,0,18.57,19.74,37054,1,0,0,31.69
991675,49.25,50.0,49.7,50.3,0,0,18.57,19.74,37554,1,0,0,31.69
992181,49.23,50.0,49.7,50.3,0,0,18.21,19.74,38054,1,1,0,31.69
992687,49.23,50.0,49.7,50.3,0,0,18.21,19.74,38554,1,1,0,31.69
993193,49.25,50.0,49.7,50.3,0,0,18.16,19.74,39054,1,1,0,31.69
993699,49.28,50.0,49.7,50.3,0,0,18.29,19.74,39554,1,1,0,31.71
994205,49.28,50.0,49.7,50.3,0,0,18.29,19.77,40054,1,0,0,31.71
994711,49.24,50.0,49.7,50.3,0,0,18.27,19.75,40554,1,0,0,31.71
995217,49.24,50.0,49.7,50.3,0,0,18.27,19.75,41054,1,0,0,31.71
995723,49.27,50.0,49.7,50.3,0,0,18.68,19.75,41556,1,0,0,31.69
996229,49.27,50.0,49.7,50.3,0,0,18.68,19.75,42056,1,0,0,31.69
996735,49.26,50.0,49.7,50.3,0,0,18.79,19.75,42556,1,0,0,31.68
997241,49.26,50.0,49.7,50.3,0,0,18.79,19.74,43056,1,0,0,31.68
997747,49.29,50.0,49.7,50.3,0,0,18.75,19.77,43556,1,0,0,31.71
998253,49.29,50.0,49.7,50.3,0,0,18.96,19.77,44056,1,0,0,31.71
998759,49.29,50.0,49.7,50.3,0,0,19.07,19.77,44556,1,0,0,31.71
999265,49.29,50.0,49.7,50.3,0,0,19.07,19.77,45056,1,0,0,31.71
999771,49.29,50.0,49.7,50.3,0,0,19.03,19.77,45556,1,0,0,31.71
1000277,49.29,50.0,49.7,50.3,0,0,19.03,19.77,46056,1,0,0,31.71
1000783,49.3,50.0,49.7,50.3,0,0,19.16,19.77,46556,1,0,0,31.69
1001289,49.3,50.0,49.7,50.3,0,0,19.16,19.76,47056,1,0,0,31.69
1001795,49.3,50.0,49.7,50.3,0,0,19.16,19.76,47556,1,0,0,31.69
1002301,49.3,50.0,49.7,50.3,0,0,19.16,19.76,48056,1,0,0,31.69
1002807,49.35,50.0,49.7,50.3,0,0,19.48,19.8,48556,1,0,0,31.72
1003313,49.35,50.0,49.7,50.3,0,0,19.48,19.8,49056,1,0,0,31.72
1003819,49.4,50.0,49.7,50.3,0,0,19.54,19.82,49556,1,0,0,31.72
1004325,49.4,50.0,49.7,50.3,0,0,19.54,19.82,50056,1,0,0,31.72
1004831,49.38,50.0,49.7,50.3,0,0,19.74,19.82,50556,1,0,0,31.72
1005337,49.38,50.0,49.7,50.3,0,0,19.74,19.81,51056,1,0,0,31.72
1005843,49.38,50.0,49.7,50.3,0,0,19.67,19.8,51556,1,0,0,31.71
1006350,49.38,50.0,49.7,50.3,0,0,19.67,19.8,52056,1,0,0,31.71
1006856,49.43,50.0,49.7,50.3,0,0,19.91,19.8,52556,1,0,0,31.72
1007362,49.43,50.0,49.7,50.3,0,0,19.91,19.83,53056,1,0,0,31.72
1007868,49.43,50.0,49.7,50.3,0,0,19.91,19.83,53556,1,0,0,31.72
1008374,49.36,50.0,49.7,50.3,0,0,19.91,19.83,54056,1,0,0,31.69
1008880,49.36,50.0,49.7,50.3,0,0,19.91,19.78,54556,1,0,0,31.69
1009386,49.43,50.0,49.7,50.3,0,0,20.08,19.78,55056,1,0,0,31.69
1009892,49.41,50.0,49.7,50.3,0,0,20.25,19.8,55556,1,0,0,31.73
1010398,49.41,50.0,49.7,50.3,0,0,20.25,19.83,56056,1,0,0,31.73
1010904,49.41,50.0,49.7,50.3,0,0,20.25,19.83,56556,1,0,0,31.73
1011410,49.49,50.0,49.7,50.3,0,0,20.32,19.83,57056,1,0,0,31.72
1011916,49.47,50.0,49.7,50.3,0,0,20.23,19.85,57556,1,0,0,31.72
1012422,49.47,50.0,49.7,50.3,0,0,20.23,19.84,58056,1,0,0,31.72
1012928,49.48,50.0,49.7,50.3,0,0,20.66,19.84,58556,1,0,0,31.71
1013436,49.48,50.0,49.7,50.3,0,0,20.66,19.83,59056,1,0,0,31.71
1013943,49.49,50.0,49.7,50.3,0,0,20.6,19.86,59572,1,0,0,31.73
1014449,49.49,50.0,49.7,50.3,0,0,20.6,19.86,60072,1,0,0,31.73
1014955,49.49,50.0,49.7,50.3,0,0,20.43,19.86,60572,1,0,0,31.72
1015461,49.49,50.0,49.7,50.3,0,0,20.43,19.85,61072,1,0,0,31.72
1015967,49.54,50.0,49.7,50.3,0,0,20.62,19.85,61572,1,0,0,31.72
1016473,49.54,50.0,49.7,50.3,0,0,20.62,19.86,62072,1,0,0,31.72
1016979,49.55,50.0,49.7,50.3,0,0,20.81,19.86,62572,1,0,0,31.72
1017485,49.55,50.0,49.7,50.3,0,0,20.81,19.87,63072,1,0,0,31.72
1017991,49.55,50.0,49.7,50.3,0,0,20.81,19.87,63572,1,0,0,31.72
1018497,49.58,50.0,49.7,50.3,0,0,20.81,19.87,64072,1,0,0,31.73
1019003,49.58,50.0,49.7,50.3,0,0,20.81,19.89,64572,1,0,0,31.73
1019509,49.51,50.0,49.7,50.3,0,0,20.92,19.89,65072,1,0,0,31.71
1020015,49.51,50.0,49.7,50.3,0,0,20.92,19.84,65572,1,0,0,31.71
1020521,49.62,50.0,49.7,50.3,0,0,21.14,19.84,66072,1,0,0,31.72
1021027,49.65,50.0,49.7,50.3,0,0,21.07,19.89,66572,1,0,0,31.73
1021533,49.65,50.0,49.7,50.3,0,0,21.07,19.91,67072,1,0,0,31.73
1022039,49.59,50.0,49.7,50.3,0,0,21.25,19.91,67572,1,0,0,31.69
1022545,49.62,50.0,49.7,50.3,0,0,21.4,19.86,68072,1,0,0,31.72
1023051,49.62,50.0,49.7,50.3,0,0,21.4,19.89,69077,1,0,0,31.72
1023557,49.65,50.0,49.7,50.3,0,0,21.29,19.93,69577,1,0,0,31.75
1024063,49.62,50.0,49.7,50.3,0,0,21.27,19.9,70077,1,0,0,31.73
1024569,49.62,50.0,49.7,50.3,0,0,21.27,19.9,70577,1,0,0,31.73
1025075,49.62,50.0,49.7,50.3,0,0,21.27,19.9,71077,1,0,0,31.73
1025581,49.61,50.0,49.7,50.3,0,0,21.46,19.9,71577,1,0,0,31.73
1026087,49.61,50.0,49.7,50.3,0,0,21.46,19.9,72077,1,0,0,31.73
1026593,49.63,50.0,49.7,50.3,0,0,21.64,19.89,72579,1,0,0,31.72
1027099,49.63,50.0,49.7,50.3,0,0,21.64,19.89,73079,1,0,0,31.72
1027605,49.63,50.0,49.7,50.3,0,0,21.64,19.89,73579,1,0,0,31.72
1028111,49.63,50.0,49.7,50.3,0,0,21.64,19.89,74079,1,0,0,31.72
1028617,49.63,50.0,49.7,50.3,0,0,21.64,19.89,74579,1,0,0,31.72
1029123,49.73,50.0,49.7,50.3,1,0,21.77,19.94,0,1,0,0,31.73
1029629,49.71,50.0,49.7,50.3,1,0,21.87,19.92,500,1,0,0,31.72
1030135,49.71,50.0,49.7,50.3,1,0,21.87,19.92,1000,1,0,0,31.72
1030641,49.71,50.0,49.7,50.3,1,0,21.87,19.92,1500,1,0,0,31.72
1031147,49.71,50.0,49.7,50.3,1,0,21.87,19.92,2000,1,0,0,31.72
1031653,49.72,50.0,49.7,50.3,1,0,22.07,19.94,2500,1,0,0,31.73
1032159,49.72,50.0,49.7,50.3,1,0,22.07,19.94,3000,1,0,0,31.73
1032665,49.76,50.0,49.7,50.3,1,0,21.94,19.96,3500,1,0,0,31.75
1033171,49.75,50.0,49.7,50.3,1,0,21.94,19.96,4000,1,0,0,31.75
1033677,49.75,50.0,49.7,50.3,1,0,21.94,19.96,4500,1,0,0,31.75
1034183,49.76,50.0,49.7,50.3,1,0,21.96,19.93,5000,1,0,0,31.72
1034689,49.76,50.0,49.7,50.3,1,0,22.0,19.97,5500,1,0,0,31.76
1035195,49.76,50.0,49.7,50.3,1,0,22.16,19.96,6000,1,0,0,31.75
1035701,49.76,50.0,49.7,50.3,1,0,22.16,19.96,6500,1,0,0,31.75
1036207,49.8,50.0,49.7,50.3,1,0,21.83,19.95,7000,1,0,0,31.72
1036713,49.8,50.0,49.7,50.3,1,0,21.83,19.95,7500,1,0,0,31.72
1037219,49.8,50.0,49.7,50.3,1,0,21.83,19.95,8000,1,0,0,31.72
1037725,49.76,50.0,49.7,50.3,1,0,21.85,19.96,8506,1,0,0,31.75
1038231,49.76,50.0,49.7,50.3,1,0,21.85,19.96,9006,1,0,0,31.75
1038737,49.8,50.0,49.7,50.3,1,0,21.61,19.96,9506,1,0,0,31.73
1039243,49.8,50.0,49.7,50.3,1,0,21.61,19.96,10006,1,0,0,31.73
1039749,49.8,50.0,49.7,50.3,1,0,21.61,19.96,10506,1,0,0,31.73
1040255,49.8,50.0,49.7,50.3,1,0,21.61,19.96,11006,1,0,0,31.73
1040761,49.85,50.0,49.7,50.3,1,0,21.38,19.99,11506,1,0,0,31.75
1041267,49.87,50.0,49.7,50.3,1,0,20.84,19.99,12006,1,0,0,31.72
1041773,49.87,50.0,49.7,50.3,1,0,20.84,19.97,12506,1,0,0,31.72
1042279,49.87,50.0,49.7,50.3,1,0,20.84,19.97,13006,1,0,0,31.72
1042785,49.89,50.0,49.7,50.3,1,0,21.25,19.99,13506,1,0,0,31.73
1043291,49.88,50.0,49.7,50.3,1,0,21.14,19.97,14006,1,0,0,31.72
1043797,49.88,50.0,49.7,50.3,1,0,21.14,19.97,14506,1,0,0,31.72
1044303,49.92,50.0,49.7,50.3,1,0,20.97,20.01,15007,1,0,0,31.75
1044809,49.92,50.0,49.7,50.3,1,0,20.97,20.01,15507,1,0,0,31.75
1045315,49.9,50.0,49.7,50.3,1,0,20.92,20.01,16007,1,0,0,31.75
1045821,49.98,50.0,49.7,50.3,1,0,20.73,20.01,16507,1,0,0,31.75
1046332,49.93,50.0,49.7,50.3,1,0,20.73,20.03,17007,1,0,0,31.75
1046839,49.93,50.0,49.7,50.3,1,0,20.73,20.02,17507,1,0,0,31.75
1047345,49.99,50.0,49.7,50.3,1,0,20.73,20.04,18007,1,0,0,31.75
1047851,49.99,50.0,49.7,50.3,1,0,20.73,20.04,18507,1,0,0,31.75
1048357,49.99,50.0,49.7,50.3,1,0,20.73,20.04,19007,1,0,0,31.75
1048863,49.99,50.0,49.7,50.3,1,0,20.36,20.02,19507,1,0,0,31.73
1049369,50.04,50.0,49.7,50.3,1,0,20.3,20.02,20007,1,0,0,31.75
1049875,50.02,50.0,49.7,50.3,1,0,19.95,20.05,20507,1,0,0,31.75
1050390,50.06,50.0,49.7,50.3,1,0,20.12,20.04,21007,1,0,0,31.73
1050897,50.06,50.0,49.7,50.3,1,0,20.12,20.04,21507,1,0,0,31.73
1051403,50.07,50.0,49.7,50.3,1,0,20.15,20.06,22007,1,0,0,31.75
1051909,50.14,50.0,49.7,50.3,1,0,20.19,20.06,22507,1,0,0,31.73
1052415,50.14,50.0,49.7,50.3,1,0,20.19,20.07,23007,1,0,0,31.73
1052921,50.12,50.0,49.7,50.3,1,0,19.78,20.08,23507,1,0,0,31.75
1053427,50.18,50.0,49.7,50.3,1,0,19.74,20.08,24010,1,0,0,31.75
1053933,50.17,50.0,49.7,50.3,1,0,19.76,20.1,24511,1,0,0,31.75
1054439,50.17,50.0,49.7,50.3,1,0,19.76,20.09,25013,1,0,0,31.75
1054945,50.2,50.0,49.7,50.3,1,0,19.59,20.09,25513,1,0,0,31.73
1055451,50.2,50.0,49.7,50.3,1,0,19.59,20.09,26013,1,0,0,31.73
1055957,50.2,50.0,49.7,50.3,1,0,19.59,20.09,26513,1,0,0,31.73
1056463,50.31,50.0,49.7,50.3,1,0,19.46,20.13,27013,1,0,0,31.73
1056969,50.31,50.0,49.7,50.3,1,0,19.46,20.13,27513,1,0,0,31.73
1057475,50.34,50.0,49.7,50.3,1,0,19.39,20.13,28013,1,0,0,31.73
1057981,50.34,50.0,49.7,50.3,1,0,19.31,20.14,28513,1,0,0,31.75
1058487,50.34,50.0,49.7,50.3,1,0,19.31,20.15,29013,1,0,0,31.75
1058994,50.34,50.0,49.7,50.3,1,0,19.31,20.15,29513,1,0,0,31.75
1059500,50.42,50.0,49.7,50.3,1,0,19.24,20.15,30014,1,0,0,31.73
1060006,50.52,50.0,49.7,50.3,1,0,19.07,20.16,30515,1,0,0,31.75
1060512,50.52,50.0,49.7,50.3,1,0,19.07,20.21,31016,1,0,0,31.75
1061018,50.48,50.0,49.7,50.3,1,0,18.96,20.19,31517,1,0,0,31.75
1061524,50.48,50.0,49.7,50.3,1,0,18.96,20.19,32017,1,0,0,31.75
1062030,50.49,50.0,49.7,50.3,1,0,18.72,20.18,32517,1,0,0,31.73
1062536,50.49,50.0,49.7,50.3,1,0,18.72,20.18,33017,1,0,0,31.73
1063042,50.61,50.0,49.7,50.3,1,0,18.79,20.18,33517,1,0,0,31.75
1063548,50.59,50.0,49.7,50.3,1,0,18.62,20.23,34017,1,0,0,31.76
1064054,50.59,50.0,49.7,50.3,1,0,18.62,20.24,34517,1,1,0,31.76
1064560,50.64,50.0,49.7,50.3,1,0,18.49,20.24,35017,1,1,0,31.76
1065066,50.64,50.0,49.7,50.3,1,0,18.49,20.26,35517,1,1,0,31.76
1065573,50.64,50.0,49.7,50.3,1,0,18.49,20.26,36520,1,1,0,31.76
1066080,50.75,50.0,49.7,50.3,1,0,18.25,20.29,37021,1,1,0,31.76
1066586,50.75,50.0,49.7,50.3,1,0,18.25,20.29,37521,1,1,0,31.76
1067092,50.75,50.0,49.7,50.3,1,0,18.01,20.29,38021,1,1,0,31.76
1067598,50.75,50.0,49.7,50.3,1,0,18.01,20.29,38521,1,1,0,31.76
1068104,50.79,50.0,49.7,50.3,1,0,18.04,20.3,39021,1,1,0,31.76
1068610,50.83,50.0,49.7,50.3,1,0,17.6,20.32,39521,1,1,0,31.76
1069116,50.83,50.0,49.7,50.3,1,0,17.6,20.32,40021,1,1,0,31.76
1069622,50.83,50.0,49.7,50.3,1,0,17.6,20.32,40521,1,1,0,31.76
1070128,50.89,50.0,49.7,50.3,1,0,17.82,20.31,41021,1,1,0,31.73
1070634,50.89,50.0,49.7,50.3,1,0,17.82,20.31,41521,1,1,0,31.73
1071140,50.89,50.0,49.7,50.3,1,0,17.82,20.31,42024,1,1,0,31.73
1071646,50.89,50.0,49.7,50.3,1,0,17.82,20.31,42524,1,1,0,31.73
1072152,51.02,50.0,49.7,50.3,1,0,17.65,20.38,43024,1,1,0,31.76
1072658,50.95,50.0,49.7,50.3,1,0,17.58,20.36,43524,1,1,0,31.76
1073164,50.95,50.0,49.7,50.3,1,0,17.58,20.36,44024,1,1,0,31.76
1073670,50.96,50.0,49.7,50.3,1,0,17.65,20.33,44524,1,1,0,31.73
1074176,51.0,50.0,49.7,50.3,1,0,17.5,20.33,45024,1,1,0,31.75
1074682,51.0,50.0,49.7,50.3,1,0,17.5,20.36,45524,1,1,0,31.75
1075188,51.03,50.0,49.7,50.3,1,0,17.43,20.38,46024,1,1,0,31.76
1075694,51.03,50.0,49.7,50.3,1,0,17.43,20.38,46524,1,1,0,31.76
1076200,51.03,50.0,49.7,50.3,1,0,17.43,20.38,47024,1,1,0,31.76
1076707,51.03,50.0,49.7,50.3,1,0,17.43,20.38,47524,1,1,0,31.76
1077213,51.11,50.0,49.7,50.3,1,0,17.17,20.39,48024,1,1,0,31.75
1077719,51.11,50.0,49.7,50.3,1,0,17.17,20.39,48524,1,1,0,31.75
1078225,51.09,50.0,49.7,50.3,1,0,17.15,20.4,49024,1,1,0,31.76
1078731,51.12,50.0,49.7,50.3,1,0,16.94,20.4,49524,1,1,0,31.75
1079237,51.14,50.0,49.7,50.3,1,0,16.96,20.4,50024,1,1,0,31.75
1079743,51.14,50.0,49.7,50.3,1,0,16.96,20.4,50524,1,1,0,31.75
1080249,51.15,50.0,49.7,50.3,1,0,16.79,20.4,51024,1,1,0,31.76
1080756,51.16,50.0,49.7,50.3,1,0,16.92,20.42,51524,1,1,0,31.75
1081263,51.16,50.0,49.7,50.3,1,0,16.92,20.41,52024,1,1,0,31.75
1081769,51.14,50.0,49.7,50.3,1,0,16.51,20.39,52524,1,1,0,31.73
1082275,51.13,50.0,49.7,50.3,1,0,16.59,20.39,53024,1,1,0,31.76
1082781,51.13,50.0,49.7,50.3,1,0,16.59,20.41,53524,1,1,0,31.76
1083287,51.2,50.0,49.7,50.3,1,0,16.63,20.43,54024,1,1,0,31.76
1083793,51.15,50.0,49.7,50.3,1,0,16.44,20.43,54524,1,1,0,31.73
1084299,51.15,50.0,49.7,50.3,1,0,16.44,20.39,55024,1,1,0,31.73
1084805,51.15,50.0,49.7,50.3,1,0,16.44,20.39,55524,1,1,0,31.73
1085311,51.2,50.0,49.7,50.3,1,0,16.31,20.43,56024,1,1,0,31.76
1085817,51.15,50.0,49.7,50.3,1,0,16.27,20.43,56524,1,1,0,31.75
1086323,51.15,50.0,49.7,50.3,1,0,16.27,20.41,57024,1,1,0,31.75
1086829,51.18,50.0,49.7,50.3,1,0,16.35,20.43,57524,1,1,0,31.76
1087335,51.12,50.0,49.7,50.3,1,0,16.16,20.4,58036,1,1,0,31.75
1087841,51.11,50.0,49.7,50.3,1,0,16.1,20.4,58536,1,1,0,31.76
1088347,51.11,50.0,49.7,50.3,1,0,16.1,20.41,59036,1,1,0,31.76
1088853,51.13,50.0,49.7,50.3,1,0,16.16,20.43,59536,1,1,0,31.77
1089359,51.13,50.0,49.7,50.3,1,0,16.16,20.43,60036,1,1,0,31.77
1089865,51.14,50.0,49.7,50.3,1,0,16.05,20.46,60536,1,1,0,31.8
1090371,51.11,50.0,49.7,50.3,1,0,16.05,20.41,61036,1,1,0,31.76
1090877,51.09,50.0,49.7,50.3,1,0,15.94,20.41,61536,1,1,0,31.76
1091383,51.09,50.0,49.7,50.3,1,0,15.94,20.4,62036,1,1,0,31.76
1091889,51.09,50.0,49.7,50.3,1,0,15.75,20.4,62536,1,1,0,31.76
1092395,51.09,50.0,49.7,50.3,1,0,15.75,20.4,63036,1,1,0,31.76
1092901,51.09,50.0,49.7,50.3,1,0,15.75,20.4,63536,1,1,0,31.76
1093408,51.09,50.0,49.7,50.3,1,0,15.75,20.4,64036,1,1,0,31.76
1093914,51.02,50.0,49.7,50.3,1,0,15.62,20.36,64538,1,1,0,31.75
1094420,51.02,50.0,49.7,50.3,1,0,15.62,20.36,65038,1,1,0,31.75
1094926,51.02,50.0,49.7,50.3,1,0,15.62,20.36,65538,1,1,0,31.75
1095432,51.02,50.0,49.7,50.3,1,0,15.58,20.38,66038,1,1,0,31.76
1095938,50.96,50.0,49.7,50.3,1,0,15.47,20.38,66538,1,1,0,31.75
1096447,51.01,50.0,49.7,50.3,1,0,15.4,20.35,67038,1,1,0,31.76
1096954,51.01,50.0,49.7,50.3,1,0,15.4,20.37,67538,1,1,0,31.76
1097460,51.0,50.0,49.7,50.3,1,0,15.36,20.37,68038,1,1,0,31.73
1097966,51.0,50.0,49.7,50.3,1,0,15.36,20.35,68538,1,1,0,31.73
1098472,50.92,50.0,49.7,50.3,1,0,15.1,20.35,69038,1,1,0,31.76
1098978,50.92,50.0,49.7,50.3,1,0,15.1,20.35,69538,1,1,0,31.76
1099484,50.88,50.0,49.7,50.3,1,0,15.21,20.35,70038,1,1,0,31.75
1099990,50.85,50.0,49.7,50.3,1,0,15.08,20.32,70538,1,1,0,31.76
1100496,50.85,50.0,49.7,50.3,1,0,15.08,20.33,71038,1,1,0,31.76
1101002,50.87,50.0,49.7,50.3,1,0,15.06,20.32,71547,1,1,0,31.75
1101508,50.87,50.0,49.7,50.3,1,0,15.06,20.32,72047,1,1,0,31.75
1102014,50.8,50.0,49.7,50.3,1,0,15.08,20.32,72547,1,1,0,31.76
1102520,50.8,50.0,49.7,50.3,1,0,15.08,20.31,73047,1,1,0,31.76
1103026,50.8,50.0,49.7,50.3,1,0,15.08,20.31,73547,1,1,0,31.76
1103532,50.75,50.0,49.7,50.3,1,0,14.9,20.31,74047,1,1,0,31.76
1104038,50.75,50.0,49.7,50.3,1,0,14.9,20.29,74547,1,1,0,31.76
1104544,50.72,50.0,49.7,50.3,1,0,14.88,20.29,75047,1,1,1,31.76
1105050,50.67,50.0,49.7,50.3,1,0,14.8,20.28,75547,1,1,1,31.79
1105556,50.67,50.0,49.7,50.3,1,0,14.8,20.29,76047,1,1,1,31.79
1106062,50.68,50.0,49.7,50.3,1,0,14.8,20.29,76547,1,1,1,31.76
1106568,50.59,50.0,49.7,50.3,1,0,14.69,20.27,77047,1,1,1,31.76
1107074,50.59,50.0,49.7,50.3,1,0,14.69,20.24,77547,1,1,1,31.76
1107580,50.59,50.0,49.7,50.3,1,0,14.69,20.24,78047,1,1,1,31.76
1108086,50.55,50.0,49.7,50.3,1,0,14.75,20.24,78547,1,1,1,31.77
1108592,50.55,50.0,49.7,50.3,1,0,14.75,20.24,79047,1,1,1,31.77
1109098,50.5,50.0,49.7,50.3,1,0,14.64,20.24,79547,1,1,1,31.76
1109604,50.48,50.0,49.7,50.3,1,0,14.45,20.23,80551,1,1,1,31.79
1110110,50.46,50.0,49.7,50.3,1,0,14.27,20.19,81051,1,1,1,31.75
1110616,50.46,50.0,49.7,50.3,1,0,14.27,20.19,81551,1,1,1,31.75
1111122,50.46,50.0,49.7,50.3,1,0,14.27,20.19,82051,1,1,1,31.75
1111628,50.37,50.0,49.7,50.3,1,0,14.32,20.18,82551,1,1,1,31.77
1112134,50.37,50.0,49.7,50.3,1,0,14.32,20.18,83051,1,1,1,31.77
1112640,50.38,50.0,49.7,50.3,1,0,14.54,20.17,83551,1,1,1,31.76
1113146,50.38,50.0,49.7,50.3,1,0,14.54,20.17,84053,1,1,1,31.76
1113652,50.38,50.0,49.7,50.3,1,0,14.54,20.17,84553,1,1,1,31.76
1114158,50.38,50.0,49.7,50.3,1,0,14.54,20.17,85053,1,1,1,31.76
1114664,50.38,50.0,49.7,50.3,1,0,14.54,20.17,85553,1,1,1,31.76
1115170,50.38,50.0,49.7,50.3,1,0,14.54,20.17,86053,1,1,1,31.76
1115676,50.38,50.0,49.7,50.3,1,0,14.54,20.17,86553,1,1,1,31.76
1116182,50.38,50.0,49.7,50.3,1,0,14.54,20.17,87053,1,1,1,31.76
1116688,50.38,50.0,49.7,50.3,1,0,14.54,20.17,87553,1,1,1,31.76
1117194,50.2,50.0,49.7,50.3,0,0,13.99,20.13,0,1,1,0,31.77
1117700,50.2,50.0,49.7,50.3,0,0,13.99,20.13,500,1,1,0,31.77
1118206,50.1,50.0,49.7,50.3,0,0,13.97,20.07,1000,1,1,0,31.75
1118712,50.1,50.0,49.7,50.3,0,0,13.8,20.08,1500,1,1,0,31.76
1119218,50.1,50.0,49.7,50.3,0,0,13.8,20.08,2000,1,1,0,31.76
1119724,50.03,50.0,49.7,50.3,0,0,13.8,20.05,2500,1,1,0,31.75
1120232,50.03,50.0,49.7,50.3,0,0,13.8,20.05,3000,1,1,0,31.75
1120739,50.03,50.0,49.7,50.3,0,0,13.8,20.05,3500,1,1,0,31.75
1121245,50.03,50.0,49.7,50.3,0,0,13.8,20.05,4000,1,1,0,31.75
1121751,49.96,50.0,49.7,50.3,0,0,13.9,20.04,4500,1,1,0,31.76
1122257,49.9,50.0,49.7,50.3,0,0,13.95,20.01,5000,1,1,0,31.75
1122763,49.9,50.0,49.7,50.3,0,0,13.95,20.01,5500,1,1,0,31.75
1123269,49.9,50.0,49.7,50.3,0,0,13.95,20.01,6000,1,1,0,31.75
1123775,49.83,50.0,49.7,50.3,0,0,14.03,20.01,6500,1,1,0,31.76
1124281,49.83,50.0,49.7,50.3,0,0,14.03,20.0,7000,1,1,0,31.76
1124787,49.83,50.0,49.7,50.3,0,0,14.03,20.0,7500,1,1,0,31.76
1125293,49.78,50.0,49.7,50.3,0,0,14.34,19.99,8000,1,1,0,31.77
1125799,49.78,50.0,49.7,50.3,0,0,14.34,19.99,8500,1,1,0,31.77
1126305,49.78,50.0,49.7,50.3,0,0,14.34,19.99,9000,1,1,0,31.77
1126811,49.68,50.0,49.7,50.3,0,0,14.34,19.99,9500,1,1,0,31.77
1127317,49.67,50.0,49.7,50.3,0,0,14.4,19.96,10000,1,1,0,31.75
1127823,49.67,50.0,49.7,50.3,0,0,14.4,19.93,10500,1,1,0,31.75
1128329,49.67,50.0,49.7,50.3,0,0,14.4,19.93,11000,1,1,0,31.75
1128835,49.59,50.0,49.7,50.3,0,0,14.49,19.93,11500,1,1,0,31.77
1129341,49.59,50.0,49.7,50.3,0,0,14.49,19.93,12000,1,1,0,31.77
1129847,49.59,50.0,49.7,50.3,0,0,14.49,19.93,12500,1,1,0,31.77
1130353,49.59,50.0,49.7,50.3,0,0,14.49,19.93,13000,1,1,0,31.77
1130859,49.44,50.0,49.7,50.3,0,0,14.84,19.88,13515,1,1,0,31.77
1131365,49.44,50.0,49.7,50.3,0,0,14.84,19.88,14015,1,1,0,31.77
1131871,49.44,50.0,49.7,50.3,0,0,15.1,19.87,14515,1,1,0,31.76
1132377,49.44,50.0,49.7,50.3,0,0,15.1,19.87,15015,1,1,0,31.76
1132883,49.36,50.0,49.7,50.3,0,0,15.32,19.87,15515,1,1,0,31.77
1133390,49.41,50.0,49.7,50.3,0,0,15.49,19.85,16015,1,1,0,31.76
1133897,49.41,50.0,49.7,50.3,0,0,15.49,19.86,16515,1,1,0,31.76
1134403,49.33,50.0,49.7,50.3,0,0,15.4,19.83,17015,1,1,0,31.76
1134909,49.33,50.0,49.7,50.3,0,0,15.4,19.83,17515,1,1,0,31.76
1135415,49.31,50.0,49.7,50.3,0,0,15.49,19.83,18015,1,1,0,31.76
1135921,49.31,50.0,49.7,50.3,0,0,15.49,19.83,18515,1,1,0,31.76
1136427,49.26,50.0,49.7,50.3,0,0,15.77,19.8,19015,1,1,0,31.75
1136933,49.24,50.0,49.7,50.3,0,0,15.81,19.8,19515,1,1,0,31.76
1137439,49.24,50.0,49.7,50.3,0,0,15.81,19.8,20015,1,1,0,31.76
1137945,49.24,50.0,49.7,50.3,0,0,15.81,19.8,20515,1,1,0,31.76
1138451,49.22,50.0,49.7,50.3,0,0,16.07,19.8,21015,1,1,0,31.76
1138957,49.22,50.0,49.7,50.3,0,0,16.07,19.8,21515,1,1,0,31.76
1139463,49.18,50.0,49.7,50.3,0,0,16.2,19.8,22015,1,1,0,31.76
1139969,49.18,50.0,49.7,50.3,0,0,16.2,19.78,22515,1,1,0,31.77
1140475,49.18,50.0,49.7,50.3,0,0,16.2,19.8,23015,1,1,0,31.77
1140981,49.18,50.0,49.7,50.3,0,0,16.2,19.8,23515,1,1,0,31.77
1141487,49.18,50.0,49.7,50.3,0,0,16.2,19.8,24015,1,1,0,31.77
1141993,49.18,50.0,49.7,50.3,0,0,16.2,19.8,24515,1,1,0,31.77
1142499,49.18,50.0,49.7,50.3,0,0,16.76,19.8,25015,1,1,0,31.76
1143005,49.09,50.0,49.7,50.3,0,0,17.35,19.78,25515,1,1,0,31.77
1143511,49.09,50.0,49.7,50.3,0,0,17.35,19.77,26015,1,1,0,31.77
1144017,49.1,50.0,49.7,50.3,0,0,16.72,19.77,26515,1,1,0,31.77
1144523,49.1,50.0,49.7,50.3,0,0,16.72,19.77,27018,1,1,0,31.77
1145029,49.1,50.0,49.7,50.3,0,0,16.72,19.77,27518,1,1,0,31.77
1145535,49.1,50.0,49.7,50.3,0,0,16.72,19.77,28018,1,1,0,31.77
1146041,49.1,50.0,49.7,50.3,0,0,16.72,19.77,28518,1,1,0,31.77
1146547,49.05,50.0,49.7,50.3,0,0,17.07,19.77,29018,1,1,0,31.76
1147053,49.05,50.0,49.7,50.3,0,0,17.07,19.74,29518,1,1,0,31.76
1147559,49.05,50.0,49.7,50.3,0,0,17.35,19.74,30018,1,1,0,31.77
1148065,49.08,50.0,49.7,50.3,0,0,17.3,19.75,30518,1,1,0,31.79
1148571,49.08,50.0,49.7,50.3,0,0,17.3,19.78,31018,1,1,0,31.79
1149077,49.08,50.0,49.7,50.3,0,0,17.3,19.78,31518,1,1,0,31.79
1149583,49.05,50.0,49.7,50.3,0,0,17.56,19.75,32018,1,1,0,31.77
1150090,49.05,50.0,49.7,50.3,0,0,17.56,19.75,32518,1,1,0,31.77
1150597,49.07,50.0,49.7,50.3,0,0,17.76,19.75,33018,1,1,0,31.77
1151103,49.08,50.0,49.7,50.3,0,0,17.71,19.76,33518,1,1,0,31.76
1151609,49.08,50.0,49.7,50.3,0,0,17.71,19.75,34018,1,1,0,31.76
1152115,49.08,50.0,49.7,50.3,0,0,17.71,19.75,34518,1,1,0,31.76
1152621,49.08,50.0,49.7,50.3,0,0,17.76,19.75,35018,1,1,0,31.76
1153127,49.04,50.0,49.7,50.3,0,0,17.97,19.75,35521,1,1,0,31.79
1153633,49.04,50.0,49.7,50.3,0,0,17.97,19.76,36527,1,1,0,31.79
1154139,49.05,50.0,49.7,50.3,0,0,18.06,19.75,37027,1,1,0,31.77
1154646,49.06,50.0,49.7,50.3,0,0,18.21,19.75,37540,1,1,0,31.76
1155153,49.06,50.0,49.7,50.3,0,0,18.21,19.75,38040,1,1,0,31.76
1155659,49.06,50.0,49.7,50.3,0,0,18.21,19.75,38540,1,1,0,31.76
1156165,49.06,50.0,49.7,50.3,0,0,18.21,19.75,39040,1,1,0,31.76
1156671,49.05,50.0,49.7,50.3,0,0,18.36,19.75,39540,1,0,0,31.77
1157177,49.05,50.0,49.7,50.3,0,0,18.36,19.75,40040,1,0,0,31.77
1157683,49.05,50.0,49.7,50.3,0,0,18.36,19.75,40540,1,0,0,31.77
1158189,49.05,50.0,49.7,50.3,0,0,18.36,19.75,41040,1,0,0,31.77
1158695,49.05,50.0,49.7,50.3,0,0,18.36,19.75,41540,1,0,0,31.77
1159201,49.12,50.0,49.7,50.3,0,0,18.7,19.76,42040,1,0,0,31.76
1159707,49.11,50.0,49.7,50.3,0,0,18.81,19.75,42540,1,0,0,31.75
1160213,49.12,50.0,49.7,50.3,0,0,18.94,19.79,43040,1,0,0,31.79
1160720,49.12,50.0,49.7,50.3,0,0,18.94,19.79,43540,1,0,0,31.79
1161227,49.12,50.0,49.7,50.3,0,0,18.94,19.79,44040,1,0,0,31.79
1161733,49.16,50.0,49.7,50.3,0,0,19.03,19.8,44540,1,0,0,31.79
1162239,49.16,50.0,49.7,50.3,0,0,19.03,19.8,45040,1,0,0,31.79
1162745,49.13,50.0,49.7,50.3,0,0,19.24,19.77,45540,1,0,0,31.76
1163251,49.13,50.0,49.7,50.3,0,0,19.24,19.77,46040,1,0,0,31.76
1163757,49.13,50.0,49.7,50.3,0,0,19.24,19.77,46540,1,0,0,31.76
1164263,49.13,50.0,49.7,50.3,0,0,19.24,19.77,47040,1,0,0,31.76
1164769,49.17,50.0,49.7,50.3,0,0,19.56,19.79,47540,1,0,0,31.77
1165275,49.17,50.0,49.7,50.3,0,0,19.41,19.79,48040,1,0,0,31.77
1165781,49.17,50.0,49.7,50.3,0,0,19.41,19.79,48540,1,0,0,31.77
1166287,49.19,50.0,49.7,50.3,0,0,19.46,19.79,49040,1,0,0,31.76
1166793,49.24,50.0,49.7,50.3,0,0,19.65,19.79,49540,1,0,0,31.77
1167303,49.24,50.0,49.7,50.3,0,0,19.65,19.81,50040,1,0,0,31.77
1167809,49.24,50.0,49.7,50.3,0,0,19.87,19.83,50540,1,0,0,31.79
1168315,49.23,50.0,49.7,50.3,0,0,19.89,19.83,51040,1,0,0,31.77
1168821,49.23,50.0,49.7,50.3,0,0,19.89,19.81,51540,1,0,0,31.77
1169327,49.23,50.0,49.7,50.3,0,0,19.89,19.81,52040,1,0,0,31.77
1169833,49.28,50.0,49.7,50.3,0,0,20.56,19.81,52540,1,0,0,31.79
1170339,49.28,50.0,49.7,50.3,0,0,20.56,19.84,53040,1,0,0,31.79
1170845,49.28,50.0,49.7,50.3,0,0,20.0,19.83,53540,1,0,0,31.77
1171351,49.28,50.0,49.7,50.3,0,0,20.0,19.83,54040,1,0,0,31.77
1171857,49.28,50.0,49.7,50.3,0,0,20.15,19.83,54540,1,0,0,31.77
1172363,49.27,50.0,49.7,50.3,0,0,20.23,19.83,55040,1,0,0,31.82
1172869,49.27,50.0,49.7,50.3,0,0,20.23,19.87,55540,1,0,0,31.82
1173375,49.32,50.0,49.7,50.3,0,0,20.32,19.84,56040,1,0,0,31.77
1173881,49.3,50.0,49.7,50.3,0,0,20.43,19.84,56540,1,0,0,31.77
1174387,49.28,50.0,49.7,50.3,0,0,20.53,19.84,57040,1,0,0,31.77
1174893,49.28,50.0,49.7,50.3,0,0,20.53,19.83,57540,1,0,0,31.77
1175399,49.26,50.0,49.7,50.3,0,0,20.4,19.82,58040,1,0,0,31.77
1175905,49.34,50.0,49.7,50.3,0,0,20.43,19.82,58540,1,0,0,31.79
1176411,49.38,50.0,49.7,50.3,0,0,20.81,19.86,59040,1,0,0,31.8
1176917,49.38,50.0,49.7,50.3,0,0,20.81,19.89,59540,1,0,0,31.8
1177423,49.37,50.0,49.7,50.3,0,0,20.9,19.87,60040,1,0,0,31.79
1177929,49.35,50.0,49.7,50.3,0,0,20.62,19.87,60540,1,0,0,31.8
1178435,49.43,50.0,49.7,50.3,0,0,20.79,19.88,61040,1,0,0,31.79
1178941,49.43,50.0,49.7,50.3,0,0,20.79,19.89,61540,1,0,0,31.79
1179447,49.46,50.0,49.7,50.3,0,0,20.79,19.89,62040,1,0,0,31.8
1179953,49.46,50.0,49.7,50.3,0,0,20.79,19.91,62540,1,0,0,31.8
1180459,49.4,50.0,49.7,50.3,0,0,21.01,19.88,63040,1,0,0,31.79
1180965,49.4,50.0,49.7,50.3,0,0,21.01,19.88,63540,1,0,0,31.79
1181471,49.46,50.0,49.7,50.3,0,0,21.1,19.88,64040,1,0,0,31.79
1181977,49.46,50.0,49.7,50.3,0,0,21.1,19.9,64540,1,0,0,31.79
1182483,49.43,50.0,49.7,50.3,0,0,21.29,19.9,65040,1,0,0,31.8
1182989,49.43,50.0,49.7,50.3,0,0,21.29,19.9,65540,1,0,0,31.8
1183495,49.43,50.0,49.7,50.3,0,0,21.29,19.9,66040,1,0,0,31.8
1184001,49.47,50.0,49.7,50.3,0,0,21.2,19.9,66540,1,0,0,31.79
1184507,49.52,50.0,49.7,50.3,0,0,21.31,19.91,67040,1,0,0,31.82
1185013,49.52,50.0,49.7,50.3,0,0,21.31,19.95,67540,1,0,0,31.82
1185519,49.51,50.0,49.7,50.3,0,0,21.4,19.95,68040,1,0,0,31.79
1186025,49.51,50.0,49.7,50.3,0,0,21.4,19.92,68540,1,0,0,31.79
1186531,49.51,50.0,49.7,50.3,0,0,21.44,19.92,69040,1,0,0,31.8
1187037,49.54,50.0,49.7,50.3,0,0,21.48,19.93,69540,1,0,0,31.8
1187543,49.57,50.0,49.7,50.3,0,0,21.55,19.94,70040,1,0,0,31.8
1188049,49.58,50.0,49.7,50.3,0,0,21.4,19.95,70540,1,0,0,31.79
1188555,49.58,50.0,49.7,50.3,0,0,21.4,19.94,71040,1,0,0,31.79
1189061,49.58,50.0,49.7,50.3,0,0,21.4,19.94,71540,1,0,0,31.79
1189567,49.59,50.0,49.7,50.3,0,0,21.59,19.95,72057,1,0,0,31.79
1190073,49.58,50.0,49.7,50.3,0,0,21.9,19.95,72557,1,0,0,31.79
1190579,49.58,50.0,49.7,50.3,0,0,21.53,19.94,73057,1,0,0,31.79
1191085,49.58,50.0,49.7,50.3,0,0,21.53,19.94,73557,1,0,0,31.79
1191591,49.63,50.0,49.7,50.3,0,0,21.94,19.94,74057,1,0,0,31.79
1192097,49.63,50.0,49.7,50.3,0,0,21.94,19.96,74557,1,0,0,31.79
1192605,49.63,50.0,49.7,50.3,0,0,21.94,19.96,75057,1,0,0,31.79
1193111,49.63,50.0,49.7,50.3,0,0,21.96,19.96,75557,1,0,0,31.8
1193617,49.63,50.0,49.7,50.3,0,0,21.96,19.97,76057,1,0,0,31.8
1194123,49.65,50.0,49.7,50.3,0,0,22.07,19.97,76557,1,0,0,31.8
1194629,49.65,50.0,49.7,50.3,0,0,22.07,19.98,77057,1,0,0,31.8
1195135,49.65,50.0,49.7,50.3,0,0,22.07,19.98,77557,1,0,0,31.8
1195641,49.68,50.0,49.7,50.3,0,0,21.92,19.98,78057,1,0,0,31.79
1196147,49.74,50.0,49.7,50.3,0,0,22.33,19.98,78557,1,0,0,31.8
1196653,49.74,50.0,49.7,50.3,1,0,22.33,20.01,0,1,0,0,31.8
1197159,49.68,50.0,49.7,50.3,1,0,22.35,20.01,500,1,0,0,31.79
1197665,49.7,50.0,49.7,50.3,1,0,22.39,19.99,1502,1,0,0,31.8
1198171,49.71,50.0,49.7,50.3,1,0,22.55,19.98,2002,1,0,0,31.79
1198677,49.74,50.0,49.7,50.3,1,0,22.52,20.01,2502,1,0,0,31.8
1199183,49.74,50.0,49.7,50.3,1,0,22.52,20.01,3002,1,0,0,31.8
1199689,49.77,50.0,49.7,50.3,1,0,22.44,20.0,3502,1,0,0,31.79
1200195,49.77,50.0,49.7,50.3,1,0,22.44,20.0,4002,1,0,0,31.79
1200701,49.78,50.0,49.7,50.3,1,0,22.52,20.02,4502,1,0,0,31.8
1201207,49.79,50.0,49.7,50.3,1,0,22.44,20.01,5002,1,0,0,31.79
1201713,49.77,50.0,49.7,50.3,1,0,22.39,20.02,5502,1,0,0,31.8
1202219,49.77,50.0,49.7,50.3,1,0,22.37,20.03,6002,1,0,0,31.82
1202725,49.77,50.0,49.7,50.3,1,0,22.37,20.03,6502,1,0,0,31.82
1203231,49.77,50.0,49.7,50.3,1,0,22.37,20.03,7002,1,0,0,31.82
1203737,49.77,50.0,49.7,50.3,1,0,22.37,20.03,7502,1,0,0,31.82
1204243,49.77,50.0,49.7,50.3,1,0,22.33,20.02,8002,1,0,0,31.8
1204749,49.77,50.0,49.7,50.3,1,0,22.33,20.02,8502,1,0,0,31.8
1205255,49.81,50.0,49.7,50.3,1,0,22.11,20.03,9002,1,0,0,31.8
1205761,49.85,50.0,49.7,50.3,1,0,22.03,20.03,9502,1,0,0,31.79
1206267,49.84,50.0,49.7,50.3,1,0,22.05,20.04,10002,1,0,0,31.8
1206773,49.84,50.0,49.7,50.3,1,0,21.9,20.05,10514,1,0,0,31.82
1207279,49.84,50.0,49.7,50.3,1,0,21.9,20.05,11014,1,0,0,31.82
1207785,49.86,50.0,49.7,50.3,1,0,22.07,20.05,11514,1,0,0,31.8
1208291,49.86,50.0,49.7,50.3,1,0,22.07,20.05,12014,1,0,0,31.8
1208797,49.88,50.0,49.7,50.3,1,0,21.59,20.05,12514,1,0,0,31.8
1209303,49.85,50.0,49.7,50.3,1,0,21.77,20.03,13014,1,0,0,31.79
1209809,49.93,50.0,49.7,50.3,1,0,21.38,20.08,13514,1,0,0,31.82
1210315,49.93,50.0,49.7,50.3,1,0,21.38,20.08,14014,1,0,0,31.82
1210821,49.88,50.0,49.7,50.3,1,0,21.48,20.05,14514,1,0,0,31.8
1211327,49.93,50.0,49.7,50.3,1,0,21.31,20.05,15014,1,0,0,31.82
1211833,49.93,50.0,49.7,50.3,1,0,21.31,20.08,15514,1,0,0,31.82
1212339,49.93,50.0,49.7,50.3,1,0,21.2,20.08,16014,1,0,0,31.82
1212845,49.98,50.0,49.7,50.3,1,0,21.12,20.08,16514,1,0,0,31.8
1213351,50.03,50.0,49.7,50.3,1,0,21.03,20.08,17014,1,0,0,31.82
1213857,50.03,50.0,49.7,50.3,1,0,21.03,20.11,17514,1,0,0,31.82
1214363,50.01,50.0,49.7,50.3,1,0,21.03,20.09,18014,1,0,0,31.8
1214869,50.03,50.0,49.7,50.3,1,0,20.97,20.09,18514,1,0,0,31.82
1215375,50.03,50.0,49.7,50.3,1,0,20.97,20.11,19014,1,0,0,31.82
1215881,50.04,50.0,49.7,50.3,1,0,20.86,20.12,19514,1,0,0,31.82
1216387,50.04,50.0,49.7,50.3,1,0,20.86,20.12,20014,1,0,0,31.82
1216893,50.11,50.0,49.7,50.3,1,0,20.81,20.14,20514,1,0,0,31.82
1217399,50.08,50.0,49.7,50.3,1,0,20.64,20.12,21014,1,0,0,31.8
1217905,50.11,50.0,49.7,50.3,1,0,20.4,20.14,21516,1,0,0,31.82
1218411,50.17,50.0,49.7,50.3,1,0,20.45,20.14,22016,1,0,0,31.8
1218917,50.17,50.0,49.7,50.3,1,0,20.45,20.15,22516,1,0,0,31.8
1219423,50.19,50.0,49.7,50.3,1,0,20.32,20.15,23016,1,0,0,31.8
1219929,50.19,50.0,49.7,50.3,1,0,20.32,20.15,23516,1,0,0,31.8
1220435,50.23,50.0,49.7,50.3,1,0,20.19,20.15,24016,1,0,0,31.82
1220941,50.23,50.0,49.7,50.3,1,0,20.19,20.18,24516,1,0,0,31.82
1221447,50.26,50.0,49.7,50.3,1,0,19.69,20.2,25016,1,0,0,31.83
1221953,50.26,50.0,49.7,50.3,1,0,19.69,20.2,25516,1,0,0,31.83
1222459,50.34,50.0,49.7,50.3,1,0,20.02,20.2,26016,1,0,0,31.82
1222965,50.34,50.0,49.7,50.3,1,0,20.02,20.21,26516,1,0,0,31.82
1223471,50.32,50.0,49.7,50.3,1,0,19.95,20.21,27016,1,0,0,31.82
1223977,50.34,50.0,49.7,50.3,1,0,19.5,20.21,27516,1,0,0,31.82
1224483,50.35,50.0,49.7,50.3,1,0,19.78,20.21,28016,1,0,0,31.8
1224989,50.35,50.0,49.7,50.3,1,0,19.78,20.2,28516,1,0,0,31.8
1225495,50.41,50.0,49.7,50.3,1,0,19.56,20.2,29016,1,0,0,31.79
1226001,50.41,50.0,49.7,50.3,1,0,19.56,20.21,29516,1,0,0,31.79
1226507,50.41,50.0,49.7,50.3,1,0,19.56,20.21,30016,1,0,0,31.79
1227013,50.51,50.0,49.7,50.3,1,0,19.46,20.28,30516,1,0,0,31.83
1227519,50.51,50.0,49.7,50.3,1,0,19.46,20.28,31016,1,0,0,31.83
1228025,50.55,50.0,49.7,50.3,1,0,19.31,20.28,31516,1,0,0,31.82
1228531,50.55,50.0,49.7,50.3,1,0,19.31,20.28,32016,1,0,0,31.82
1229037,50.6,50.0,49.7,50.3,1,0,19.05,20.28,32516,1,0,0,31.83
1229543,50.6,50.0,49.7,50.3,1,0,19.05,20.31,33016,1,0,0,31.83
1230049,50.63,50.0,49.7,50.3,1,0,18.96,20.31,33516,1,0,0,31.82
1230555,50.77,50.0,49.7,50.3,1,0,19.09,20.31,34016,1,0,0,31.8
1231061,50.77,50.0,49.7,50.3,1,0,19.09,20.34,34516,1,0,0,31.8
1231567,50.77,50.0,49.7,50.3,1,0,19.09,20.34,35018,1,0,0,31.8
1232074,50.77,50.0,49.7,50.3,1,0,18.44,20.34,35518,1,0,0,31.82
1232580,50.81,50.0,49.7,50.3,1,0,18.64,20.35,36018,1,1,0,31.83
1233086,50.81,50.0,49.7,50.3,1,0,18.64,20.38,36518,1,1,0,31.83
1233592,50.86,50.0,49.7,50.3,1,0,18.64,20.37,37018,1,1,0,31.8
1234098,50.86,50.0,49.7,50.3,1,0,18.55,20.37,37518,1,1,0,31.77
1234604,50.91,50.0,49.7,50.3,1,0,18.38,20.34,38018,1,1,0,31.83
1235110,50.91,50.0,49.7,50.3,1,0,18.38,20.41,38518,1,1,0,31.83
1235616,50.92,50.0,49.7,50.3,1,0,18.27,20.41,39018,1,1,0,31.83
1236122,51.0,50.0,49.7,50.3,1,0,18.25,20.41,39518,1,1,0,31.83
1236628,51.04,50.0,49.7,50.3,1,0,18.29,20.44,40018,1,1,0,31.82
1237134,51.04,50.0,49.7,50.3,1,0,18.29,20.44,40518,1,1,0,31.82
1237640,51.04,50.0,49.7,50.3,1,0,18.29,20.44,41018,1,1,0,31.82
1238146,51.08,50.0,49.7,50.3,1,0,18.08,20.44,41518,1,1,0,31.82
1238652,51.08,50.0,49.7,50.3,1,0,18.08,20.45,42018,1,1,0,31.82
1239158,51.13,50.0,49.7,50.3,1,0,18.55,20.45,42518,1,1,0,31.8
1239664,51.12,50.0,49.7,50.3,1,0,17.8,20.45,43018,1,1,0,31.82
1240172,51.12,50.0,49.7,50.3,1,0,17.8,20.46,43518,1,1,0,31.82
1240678,51.16,50.0,49.7,50.3,1,0,17.35,20.46,44018,1,1,0,31.82
1241184,51.16,50.0,49.7,50.3,1,0,17.35,20.47,45021,1,1,0,31.82
1241690,51.16,50.0,49.7,50.3,1,0,17.35,20.47,45521,1,1,0,31.82
1242196,51.22,50.0,49.7,50.3,1,0,17.5,20.49,46021,1,1,0,31.82
1242702,51.23,50.0,49.7,50.3,1,0,17.58,20.5,46521,1,1,0,31.82
1243208,51.23,50.0,49.7,50.3,1,0,17.58,20.5,47021,1,1,0,31.82
1243714,51.22,50.0,49.7,50.3,1,0,17.37,20.49,47521,1,1,0,31.82
1244220,51.22,50.0,49.7,50.3,1,0,17.37,20.49,48021,1,1,0,31.82
1244726,51.24,50.0,49.7,50.3,1,0,17.82,20.5,48521,1,1,0,31.82
1245232,51.25,50.0,49.7,50.3,1,0,17.2,20.5,49021,1,1,0,31.82
1245738,51.25,50.0,49.7,50.3,1,0,17.2,20.5,49521,1,1,0,31.82
1246244,51.3,50.0,49.7,50.3,1,0,17.17,20.52,50021,1,1,0,31.82
1246750,51.3,50.0,49.7,50.3,1,0,17.17,20.52,50521,1,1,0,31.82
1247257,51.3,50.0,49.7,50.3,1,0,17.17,20.52,51021,1,1,0,31.82
1247764,51.3,50.0,49.7,50.3,1,0,17.07,20.52,51521,1,1,0,31.82
1248270,51.3,50.0,49.7,50.3,1,0,17.07,20.52,52021,1,1,0,31.82
1248776,51.3,50.0,49.7,50.3,1,0,17.07,20.52,52521,1,1,0,31.82
1249282,51.29,50.0,49.7,50.3,1,0,16.87,20.52,53021,1,1,0,31.8
1249788,51.29,50.0,49.7,50.3,1,0,16.87,20.5,53521,1,1,0,31.8
1250294,51.27,50.0,49.7,50.3,1,0,16.76,20.5,54021,1,1,0,31.8
1250800,51.31,50.0,49.7,50.3,1,0,16.74,20.5,54521,1,1,0,31.83
1251306,51.31,50.0,49.7,50.3,1,0,16.74,20.53,55021,1,1,0,31.83
1251812,51.32,50.0,49.7,50.3,1,0,16.72,20.53,55521,1,1,0,31.82
1252318,51.32,50.0,49.7,50.3,1,0,16.72,20.53,56021,1,1,0,31.82
1252824,51.32,50.0,49.7,50.3,1,0,16.72,20.53,56521,1,1,0,31.82
1253330,51.32,50.0,49.7,50.3,1,0,16.7,20.53,57021,1,1,0,31.82
1253836,51.31,50.0,49.7,50.3,1,0,16.59,20.52,57521,1,1,0,31.82
1254342,51.3,50.0,49.7,50.3,1,0,16.46,20.52,58021,1,1,0,31.82
1254848,51.26,50.0,49.7,50.3,1,0,16.31,20.52,58521,1,1,0,31.83
1255354,51.26,50.0,49.7,50.3,1,0,16.31,20.52,59021,1,1,0,31.83
1255860,51.25,50.0,49.7,50.3,1,0,16.27,20.52,59521,1,1,0,31.85
1256366,51.25,50.0,49.7,50.3,1,0,16.27,20.53,60021,1,1,0,31.85
1256872,51.27,50.0,49.7,50.3,1,0,15.94,20.53,60521,1,1,0,31.8
1257378,51.27,50.0,49.7,50.3,1,0,15.94,20.5,61021,1,1,0,31.8
1257884,51.27,50.0,49.7,50.3,1,0,15.94,20.5,61521,1,1,0,31.8
1258390,51.27,50.0,49.7,50.3,1,0,15.94,20.5,62021,1,1,0,31.8
1258896,51.24,50.0,49.7,50.3,1,0,16.03,20.5,62522,1,1,0,31.83
1259402,51.24,50.0,49.7,50.3,1,0,16.03,20.51,63022,1,1,0,31.83
1259908,51.2,50.0,49.7,50.3,1,0,16.14,20.51,63522,1,1,0,31.83
1260414,51.18,50.0,49.7,50.3,1,0,15.77,20.5,64022,1,1,0,31.82
1260920,51.18,50.0,49.7,50.3,1,0,15.77,20.48,64522,1,1,0,31.82
1261426,51.16,50.0,49.7,50.3,1,0,16.07,20.49,65022,1,1,0,31.83
1261941,51.13,50.0,49.7,50.3,1,0,15.88,20.49,65522,1,1,0,31.82
1262448,51.13,50.0,49.7,50.3,1,0,15.88,20.47,66022,1,1,0,31.82
1262954,51.15,50.0,49.7,50.3,1,0,15.79,20.47,66522,1,1,0,31.82
1263460,51.15,50.0,49.7,50.3,1,0,15.79,20.47,67022,1,1,0,31.82
1263966,51.05,50.0,49.7,50.3,1,0,15.64,20.47,67522,1,1,0,31.8
1264472,51.05,50.0,49.7,50.3,1,0,15.64,20.43,68022,1,1,0,31.8
1264978,51.05,50.0,49.7,50.3,1,0,15.64,20.43,68522,1,1,0,31.8
1265484,51.04,50.0,49.7,50.3,1,0,15.68,20.43,69022,1,1,0,31.82
1265990,51.04,50.0,49.7,50.3,1,0,15.68,20.44,69525,1,1,0,31.82
1266496,51.03,50.0,49.7,50.3,1,0,15.47,20.43,70025,1,1,0,31.82
1267002,50.99,50.0,49.7,50.3,1,0,15.45,20.43,70525,1,1,0,31.82
1267508,50.99,50.0,49.7,50.3,1,0,15.45,20.42,71025,1,1,0,31.82
1268014,50.96,50.0,49.7,50.3,1,0,15.25,20.41,71525,1,1,0,31.82
1268520,50.92,50.0,49.7,50.3,1,0,15.45,20.41,72025,1,1,0,31.82
1269026,50.93,50.0,49.7,50.3,1,0,14.99,20.4,72525,1,1,0,31.82
1269532,50.93,50.0,49.7,50.3,1,0,14.99,20.4,73025,1,1,0,31.82
1270038,50.91,50.0,49.7,50.3,1,0,15.45,20.39,73525,1,1,0,31.82
1270544,50.86,50.0,49.7,50.3,1,0,15.03,20.39,74025,1,1,0,31.79
1271051,50.84,50.0,49.7,50.3,1,0,15.08,20.35,74525,1,1,0,31.82
1271558,50.84,50.0,49.7,50.3,1,0,15.08,20.37,75025,1,1,1,31.82
1272064,50.81,50.0,49.7,50.3,1,0,15.12,20.37,75525,1,1,1,31.85
1272570,50.74,50.0,49.7,50.3,1,0,14.99,20.39,76025,1,1,1,31.83
1273076,50.77,50.0,49.7,50.3,1,0,14.93,20.35,76525,1,1,1,31.82
1273582,50.77,50.0,49.7,50.3,1,0,14.93,20.35,77025,1,1,1,31.82
1274088,50.74,50.0,49.7,50.3,1,0,14.99,20.35,77525,1,1,1,31.82
1274594,50.74,50.0,49.7,50.3,1,0,14.99,20.34,78025,1,1,1,31.82
1275100,50.66,50.0,49.7,50.3,1,0,14.93,20.34,78525,1,1,1,31.83
1275606,50.65,50.0,49.7,50.3,1,0,14.77,20.33,79025,1,1,1,31.8
1276112,50.65,50.0,49.7,50.3,1,0,14.77,20.3,79525,1,1,1,31.8
1276618,50.6,50.0,49.7,50.3,1,0,14.75,20.3,80025,1,1,1,31.83
1277124,50.6,50.0,49.7,50.3,1,0,14.75,20.31,80525,1,1,1,31.83
1277630,50.6,50.0,49.7,50.3,1,0,14.75,20.31,81025,1,1,1,31.83
1278136,50.6,50.0,49.7,50.3,1,0,14.75,20.31,81525,1,1,1,31.83
1278642,50.52,50.0,49.7,50.3,1,0,14.69,20.31,82025,1,1,1,31.8
1279148,50.52,50.0,49.7,50.3,1,0,14.69,20.26,82525,1,1,1,31.8
1279654,50.52,50.0,49.7,50.3,1,0,14.69,20.26,83025,1,1,1,31.8
1280160,50.43,50.0,49.7,50.3,1,0,14.71,20.26,83525,1,1,1,31.8
1280666,50.43,50.0,49.7,50.3,1,0,14.71,20.23,84025,1,1,1,31.8
1281172,50.36,50.0,49.7,50.3,1,0,14.45,20.23,84525,1,1,1,31.8
1281678,50.36,50.0,49.7,50.3,1,0,14.45,20.21,85025,1,1,1,31.8
1282184,50.36,50.0,49.7,50.3,1,0,14.45,20.21,85525,1,1,1,31.8
1282690,50.35,50.0,49.7,50.3,1,0,14.36,20.23,86527,1,1,1,31.83
1283196,50.35,50.0,49.7,50.3,1,0,14.36,20.23,87027,1,1,1,31.83
1283702,50.35,50.0,49.7,50.3,1,0,14.36,20.23,87527,1,1,1,31.83
1284208,50.23,50.0,49.7,50.3,0,0,14.25,20.16,0,1,1,0,31.8
1284714,50.19,50.0,49.7,50.3,0,0,14.21,20.16,500,1,1,0,31.82
1285234,50.11,50.0,49.7,50.3,0,0,13.84,20.16,1000,1,1,0,31.83
1285741,50.11,50.0,49.7,50.3,0,0,13.84,20.15,1500,1,1,0,31.83
1286247,50.12,50.0,49.7,50.3,0,0,14.08,20.15,2000,1,1,0,31.83
1286753,50.12,50.0,49.7,50.3,0,0,14.08,20.15,2500,1,1,0,31.83
1287259,50.12,50.0,49.7,50.3,0,0,14.08,20.15,3000,1,1,0,31.83
1287765,50.06,50.0,49.7,50.3,0,0,14.1,20.13,3500,1,1,0,31.83
1288271,50.03,50.0,49.7,50.3,0,0,14.34,20.11,4000,1,1,0,31.82
1288777,50.03,50.0,49.7,50.3,0,0,14.34,20.11,4500,1,1,0,31.82
1289284,50.03,50.0,49.7,50.3,0,0,14.34,20.11,5000,1,1,0,31.82
1289790,49.93,50.0,49.7,50.3,0,0,14.38,20.08,5500,1,1,0,31.82
1290296,49.93,50.0,49.7,50.3,0,0,14.38,20.08,6000,1,1,0,31.82
1290802,49.9,50.0,49.7,50.3,0,0,14.38,20.07,6500,1,1,0,31.82
1291308,49.84,50.0,49.7,50.3,0,0,14.27,20.05,7000,1,1,0,31.82
1291814,49.84,50.0,49.7,50.3,0,0,14.45,20.05,7500,1,1,0,31.82
1292320,49.84,50.0,49.7,50.3,0,0,14.45,20.05,8000,1,1,0,31.82
1292826,49.81,50.0,49.7,50.3,0,0,14.54,20.04,8500,1,1,0,31.82
1293332,49.81,50.0,49.7,50.3,0,0,14.54,20.04,9000,1,1,0,31.82
1293838,49.73,50.0,49.7,50.3,0,0,14.69,20.04,9500,1,1,0,31.82
1294344,49.73,50.0,49.7,50.3,0,0,14.69,20.01,10000,1,1,0,31.82
1294850,49.68,50.0,49.7,50.3,0,0,14.86,20.01,10500,1,1,0,31.83
1295356,49.68,50.0,49.7,50.3,0,0,14.86,20.01,11001,1,1,0,31.83
1295862,49.63,50.0,49.7,50.3,0,0,14.73,20.0,11503,1,1,0,31.83
1296368,49.55,50.0,49.7,50.3,0,0,14.69,19.96,12004,1,1,0,31.82
1296874,49.54,50.0,49.7,50.3,0,0,15.08,19.96,12504,1,1,0,31.82
1297385,49.55,50.0,49.7,50.3,0,0,14.99,19.95,13004,1,1,0,31.82
1297892,49.55,50.0,49.7,50.3,0,0,14.99,19.96,13504,1,1,0,31.82
1298398,49.51,50.0,49.7,50.3,0,0,15.06,19.94,14004,1,1,0,31.82
1298904,49.5,50.0,49.7,50.3,0,0,15.34,19.94,14504,1,1,0,31.82
1299410,49.5,50.0,49.7,50.3,0,0,15.34,19.94,15004,1,1,0,31.82
1299916,49.43,50.0,49.7,50.3,0,0,15.27,19.9,15504,1,1,0,31.8
1300422,49.43,50.0,49.7,50.3,0,0,15.27,19.9,16004,1,1,0,31.8
1300928,49.38,50.0,49.7,50.3,0,0,15.08,19.91,16504,1,1,0,31.83
1301434,49.34,50.0,49.7,50.3,0,0,15.6,19.91,17004,1,1,0,31.8
1301940,49.34,50.0,49.7,50.3,0,0,15.6,19.87,17504,1,1,0,31.8
1302446,49.35,50.0,49.7,50.3,0,0,15.71,19.87,18004,1,1,0,31.82
1302952,49.35,50.0,49.7,50.3,0,0,15.71,19.89,18504,1,1,0,31.82
1303458,49.28,50.0,49.7,50.3,0,0,15.79,19.87,19004,1,1,0,31.82
1303964,49.28,50.0,49.7,50.3,0,0,15.79,19.87,19504,1,1,0,31.82
1304470,49.23,50.0,49.7,50.3,0,0,15.92,19.84,20004,1,1,0,31.8
1304976,49.22,50.0,49.7,50.3,0,0,15.97,19.84,20504,1,1,0,31.83
1305495,49.2,50.0,49.7,50.3,0,0,16.18,19.86,21004,1,1,0,31.8
1306002,49.2,50.0,49.7,50.3,0,0,16.18,19.83,21504,1,1,0,31.8
1306508,49.17,50.0,49.7,50.3,0,0,16.07,19.83,22004,1,1,0,31.82
1307014,49.17,50.0,49.7,50.3,0,0,16.07,19.83,22504,1,1,0,31.82
1307520,49.12,50.0,49.7,50.3,0,0,16.57,19.82,23004,1,1,0,31.82
1308026,49.16,50.0,49.7,50.3,0,0,16.63,19.84,23504,1,1,0,31.83
1308532,49.12,50.0,49.7,50.3,0,0,16.76,19.84,24004,1,1,0,31.83
1309038,49.15,50.0,49.7,50.3,0,0,16.68,19.83,24504,1,1,0,31.83
1309544,49.15,50.0,49.7,50.3,0,0,16.68,19.84,25004,1,1,0,31.83
1310050,49.15,50.0,49.7,50.3,0,0,16.68,19.84,25504,1,1,0,31.83
1310556,49.12,50.0,49.7,50.3,0,0,16.83,19.84,26004,1,1,0,31.82
1311062,49.12,50.0,49.7,50.3,0,0,16.83,19.82,26504,1,1,0,31.82
1311568,49.12,50.0,49.7,50.3,0,0,17.02,19.82,27004,1,1,0,31.82
1312074,49.05,50.0,49.7,50.3,0,0,17.09,19.82,27504,1,1,0,31.82
1312580,49.05,50.0,49.7,50.3,0,0,17.09,19.79,28004,1,1,0,31.82
1313086,49.08,50.0,49.7,50.3,0,0,17.22,19.79,28504,1,1,0,31.8
1313592,49.11,50.0,49.7,50.3,0,0,17.48,19.79,29004,1,1,0,31.8
1314098,49.05,50.0,49.7,50.3,0,0,17.3,19.8,29504,1,1,0,31.79
1314604,49.05,50.0,49.7,50.3,0,0,17.3,19.77,30004,1,1,0,31.79
1315110,49.07,50.0,49.7,50.3,0,0,17.45,19.8,30514,1,1,0,31.82
1315616,49.07,50.0,49.7,50.3,0,0,17.45,19.8,31014,1,1,0,31.82
1316122,49.07,50.0,49.7,50.3,0,0,17.45,19.8,31514,1,1,0,31.82
1316628,49.04,50.0,49.7,50.3,0,0,17.63,19.8,32014,1,1,0,31.82
1317134,49.04,50.0,49.7,50.3,0,0,17.63,19.79,32514,1,1,0,31.82
1317640,49.07,50.0,49.7,50.3,0,0,17.91,19.79,33014,1,1,0,31.83
1318146,49.04,50.0,49.7,50.3,0,0,18.4,19.81,33514,1,1,0,31.8
1318652,49.04,50.0,49.7,50.3,0,0,18.4,19.78,34014,1,0,0,31.8
1319158,49.04,50.0,49.7,50.3,0,0,18.4,19.78,34514,1,0,0,31.8
1319664,49.04,50.0,49.7,50.3,0,0,18.4,19.78,35014,1,0,0,31.8
1320170,49.05,50.0,49.7,50.3,0,0,18.38,19.78,35514,1,0,0,31.82
1320676,49.05,50.0,49.7,50.3,0,0,18.38,19.79,36014,1,0,0,31.82
1321182,49.03,50.0,49.7,50.3,0,0,18.29,19.79,36514,1,0,0,31.8
1321689,49.12,50.0,49.7,50.3,0,0,18.32,19.77,37014,1,0,0,31.82
1322196,49.12,50.0,49.7,50.3,0,0,18.32,19.82,37514,1,1,0,31.82
1322702,49.07,50.0,49.7,50.3,0,0,18.4,19.82,38014,1,1,0,31.83
1323208,49.08,50.0,49.7,50.3,0,0,18.42,19.8,39018,1,0,0,31.82
1323714,49.08,50.0,49.7,50.3,0,0,18.42,19.8,39518,1,0,0,31.82
1324220,49.08,50.0,49.7,50.3,0,0,18.42,19.8,40018,1,0,0,31.82
1324726,49.09,50.0,49.7,50.3,0,0,18.66,19.79,40518,1,0,0,31.8
1325232,49.06,50.0,49.7,50.3,0,0,18.7,19.81,41018,1,0,0,31.83
1325738,49.06,50.0,49.7,50.3,0,0,18.7,19.81,41518,1,0,0,31.83
1326244,49.09,50.0,49.7,50.3,0,0,18.98,19.81,42018,1,0,0,31.82
1326750,49.09,50.0,49.7,50.3,0,0,18.96,19.81,42518,1,0,0,31.82
1327256,49.09,50.0,49.7,50.3,0,0,18.96,19.81,43018,1,0,0,31.82
1327762,49.15,50.0,49.7,50.3,0,0,19.11,19.84,43518,1,0,0,31.83
1328268,49.16,50.0,49.7,50.3,0,0,19.16,19.84,44027,1,0,0,31.83
1328774,49.16,50.0,49.7,50.3,0,0,19.16,19.84,44527,1,0,0,31.83
1329280,49.15,50.0,49.7,50.3,0,0,19.18,19.82,45027,1,0,0,31.82
1329786,49.15,50.0,49.7,50.3,0,0,19.18,19.82,45527,1,0,0,31.82
1330293,49.16,50.0,49.7,50.3,0,0,19.37,19.82,46027,1,0,0,31.8
1330799,49.17,50.0,49.7,50.3,0,0,19.48,19.83,46527,1,0,0,31.82
1331305,49.18,50.0,49.7,50.3,0,0,19.52,19.87,47027,1,0,0,31.86
1331811,49.18,50.0,49.7,50.3,0,0,19.52,19.87,47527,1,0,0,31.86
1332317,49.18,50.0,49.7,50.3,0,0,19.48,19.85,48027,1,0,0,31.83
1332823,49.2,50.0,49.7,50.3,0,0,19.5,19.87,48527,1,0,0,31.85
1333329,49.2,50.0,49.7,50.3,0,0,19.5,19.87,49027,1,0,0,31.85
1333835,49.17,50.0,49.7,50.3,0,0,19.87,19.83,49527,1,0,0,31.82
1334353,49.23,50.0,49.7,50.3,0,0,19.87,19.83,50027,1,0,0,31.83
1334860,49.23,50.0,49.7,50.3,0,0,19.87,19.86,50527,1,0,0,31.83
1335366,49.25,50.0,49.7,50.3,0,0,20.08,19.87,51027,1,0,0,31.83
1335872,49.25,50.0,49.7,50.3,0,0,19.97,19.87,51527,1,0,0,31.83
1336378,49.25,50.0,49.7,50.3,0,0,19.97,19.87,52027,1,0,0,31.83
1336884,49.25,50.0,49.7,50.3,0,0,19.97,19.87,52529,1,0,0,31.83
1337390,49.25,50.0,49.7,50.3,0,0,19.97,19.87,53029,1,0,0,31.83
1337896,49.28,50.0,49.7,50.3,0,0,20.1,19.88,53529,1,0,0,31.83
1338402,49.27,50.0,49.7,50.3,0,0,20.28,19.88,54029,1,0,0,31.83
1338908,49.27,50.0,49.7,50.3,0,0,20.32,19.88,54529,1,0,0,31.83
1339414,49.27,50.0,49.7,50.3,0,0,20.32,19.88,55029,1,0,0,31.83
1339920,49.27,50.0,49.7,50.3,0,0,20.32,19.88,55529,1,0,0,31.83
1340426,49.28,50.0,49.7,50.3,0,0,20.38,19.88,56029,1,0,0,31.8
1340932,49.28,50.0,49.7,50.3,0,0,20.38,19.86,56529,1,0,0,31.8
1341438,49.34,50.0,49.7,50.3,0,0,20.69,19.92,57029,1,0,0,31.85
1341944,49.34,50.0,49.7,50.3,0,0,20.69,19.92,57529,1,0,0,31.85
1342451,49.36,50.0,49.7,50.3,0,0,20.69,19.92,58029,1,0,0,31.86
1342958,49.36,50.0,49.7,50.3,0,0,20.69,19.93,58529,1,0,0,31.86
1343464,49.31,50.0,49.7,50.3,0,0,20.64,19.93,59029,1,0,0,31.83
1343970,49.31,50.0,49.7,50.3,0,0,20.64,19.89,59529,1,0,0,31.83
1344476,49.39,50.0,49.7,50.3,0,0,20.75,19.92,60029,1,0,0,31.83
1344982,49.41,50.0,49.7,50.3,0,0,20.79,19.92,60529,1,0,0,31.83
1345488,49.41,50.0,49.7,50.3,0,0,21.03,19.92,61032,1,0,0,31.83
1345994,49.41,50.0,49.7,50.3,0,0,21.03,19.92,61533,1,0,0,31.83
1346500,49.4,50.0,49.7,50.3,0,0,20.69,19.91,62033,1,0,0,31.82
1347006,49.41,50.0,49.7,50.3,0,0,21.07,19.92,62535,1,0,0,31.83
1347512,49.41,50.0,49.7,50.3,0,0,21.07,19.92,63035,1,0,0,31.83
1348018,49.41,50.0,49.7,50.3,0,0,21.07,19.92,63535,1,0,0,31.83
1348524,49.45,50.0,49.7,50.3,0,0,21.12,19.92,64035,1,0,0,31.82
1349030,49.46,50.0,49.7,50.3,0,0,20.88,19.92,64535,1,0,0,31.85
1349536,49.46,50.0,49.7,50.3,0,0,20.88,19.96,65035,1,0,0,31.85
1350042,49.5,50.0,49.7,50.3,0,0,21.25,19.97,65535,1,0,0,31.85
1350549,49.5,50.0,49.7,50.3,0,0,21.25,19.97,66035,1,0,0,31.85
1351055,49.5,50.0,49.7,50.3,0,0,21.25,19.97,66535,1,0,0,31.85
1351561,49.51,50.0,49.7,50.3,0,0,21.35,19.97,67035,1,0,0,31.83
1352067,49.54,50.0,49.7,50.3,0,0,21.31,19.96,67536,1,0,0,31.83
1352573,49.53,50.0,49.7,50.3,0,0,21.44,19.97,68038,1,0,0,31.85
1353079,49.53,50.0,49.7,50.3,0,0,21.44,19.98,68539,1,0,0,31.85
1353585,49.53,50.0,49.7,50.3,0,0,21.44,19.98,69039,1,0,0,31.85
1354091,49.56,50.0,49.7,50.3,0,0,21.53,20.0,69539,1,0,0,31.86
1354597,49.58,50.0,49.7,50.3,0,0,21.87,20.0,70039,1,0,0,31.85
1355104,49.58,50.0,49.7,50.3,0,0,21.66,19.99,70539,1,0,0,31.82
1355611,49.58,50.0,49.7,50.3,0,0,21.66,19.97,71039,1,0,0,31.82
1356117,49.58,50.0,49.7,50.3,0,0,21.66,19.97,71539,1,0,0,31.82
1356623,49.58,50.0,49.7,50.3,0,0,21.66,19.97,72039,1,0,0,31.82
1357129,49.66,50.0,49.7,50.3,0,0,21.85,20.01,72539,1,0,0,31.83
1357635,49.66,50.0,49.7,50.3,0,0,21.85,20.01,73039,1,0,0,31.83
1358141,49.66,50.0,49.7,50.3,0,0,21.85,20.01,73539,1,0,0,31.83
1358647,49.66,50.0,49.7,50.3,0,0,21.85,20.01,74039,1,0,0,31.83
1359153,49.65,50.0,49.7,50.3,0,0,21.92,20.02,74539,1,0,0,31.85
1359659,49.69,50.0,49.7,50.3,0,0,22.0,20.02,75039,1,0,0,31.85
1360165,49.71,50.0,49.7,50.3,0,0,22.07,20.03,75539,1,0,0,31.86
1360671,49.71,50.0,49.7,50.3,1,0,22.07,20.05,0,1,0,0,31.86
1361180,49.71,50.0,49.7,50.3,1,0,22.07,20.05,500,1,0,0,31.86
1361687,49.72,50.0,49.7,50.3,1,0,22.33,20.05,1000,1,0,0,31.86
1362193,49.72,50.0,49.7,50.3,1,0,22.33,20.05,1500,1,0,0,31.86
1362699,49.75,50.0,49.7,50.3,1,0,22.29,20.05,2000,1,0,0,31.85
1363205,49.77,50.0,49.7,50.3,1,0,22.5,20.05,2500,1,0,0,31.85
1363711,49.77,50.0,49.7,50.3,1,0,22.5,20.06,3000,1,0,0,31.85
1364217,49.77,50.0,49.7,50.3,1,0,22.29,20.06,3500,1,0,0,31.83
1364723,49.74,50.0,49.7,50.3,1,0,22.42,20.04,4000,1,0,0,31.83
1365232,49.74,50.0,49.7,50.3,1,0,22.42,20.03,5003,1,0,0,31.83
1365739,49.76,50.0,49.7,50.3,1,0,22.2,20.06,5504,1,0,0,31.86
1366245,49.76,50.0,49.7,50.3,1,0,22.2,20.06,6004,1,0,0,31.86
1366751,49.84,50.0,49.7,50.3,1,0,22.29,20.1,6504,1,0,0,31.87
1367257,49.84,50.0,49.7,50.3,1,0,22.29,20.1,7004,1,0,0,31.87
1367763,49.85,50.0,49.7,50.3,1,0,22.16,20.08,7504,1,0,0,31.85
1368269,49.85,50.0,49.7,50.3,1,0,22.16,20.08,8004,1,0,0,31.85
1368775,49.9,50.0,49.7,50.3,1,0,22.07,20.1,8504,1,0,0,31.85
1369282,49.87,50.0,49.7,50.3,1,0,21.98,20.1,9004,1,0,0,31.85
1369789,49.87,50.0,49.7,50.3,1,0,21.98,20.09,9504,1,0,0,31.85
1370295,49.88,50.0,49.7,50.3,1,0,21.83,20.09,10004,1,0,0,31.85
1370801,49.88,50.0,49.7,50.3,1,0,21.83,20.09,10504,1,0,0,31.85
1371307,49.89,50.0,49.7,50.3,1,0,21.81,20.09,11004,1,0,0,31.87
1371813,49.89,50.0,49.7,50.3,1,0,21.81,20.12,11504,1,0,0,31.87
1372319,49.95,50.0,49.7,50.3,1,0,21.72,20.11,12012,1,0,0,31.85
1372839,49.96,50.0,49.7,50.3,1,0,21.64,20.11,12512,1,0,0,31.85
1373346,49.96,50.0,49.7,50.3,1,0,21.64,20.12,13012,1,0,0,31.85
1373852,49.96,50.0,49.7,50.3,1,0,21.51,20.12,13512,1,0,0,31.85
1374358,49.96,50.0,49.7,50.3,1,0,21.35,20.12,14012,1,0,0,31.85
1374864,50.0,50.0,49.7,50.3,1,0,21.27,20.12,14512,1,0,0,31.83
1375370,50.0,50.0,49.7,50.3,1,0,21.27,20.11,15012,1,0,0,31.83
1375876,50.02,50.0,49.7,50.3,1,0,21.18,20.15,15512,1,0,0,31.86
1376382,49.99,50.0,49.7,50.3,1,0,21.18,20.14,16012,1,0,0,31.86
1376888,50.0,50.0,49.7,50.3,1,0,21.03,20.14,16512,1,0,0,31.86
1377394,50.0,50.0,49.7,50.3,1,0,21.03,20.14,17012,1,0,0,31.86
1377900,50.07,50.0,49.7,50.3,1,0,20.99,20.14,17512,1,0,0,31.87
1378406,50.07,50.0,49.7,50.3,1,0,20.99,20.18,18012,1,0,0,31.87
1378912,50.09,50.0,49.7,50.3,1,0,20.81,20.17,18512,1,0,0,31.86
1379418,50.13,50.0,49.7,50.3,1,0,20.81,20.17,19012,1,0,0,31.86
1379924,50.13,50.0,49.7,50.3,1,0,20.81,20.18,19512,1,0,0,31.86
1380430,50.14,50.0,49.7,50.3,1,0,20.66,20.19,20012,1,0,0,31.86
1380936,50.14,50.0,49.7,50.3,1,0,20.66,20.19,20512,1,0,0,31.86
1381442,50.11,50.0,49.7,50.3,1,0,20.25,20.17,21012,1,0,0,31.85
1381956,50.21,50.0,49.7,50.3,1,0,20.36,20.17,21512,1,0,0,31.87
1382463,50.21,50.0,49.7,50.3,1,0,20.36,20.22,22012,1,0,0,31.87
1382969,50.23,50.0,49.7,50.3,1,0,19.89,20.22,22512,1,0,0,31.85
1383475,50.19,50.0,49.7,50.3,1,0,20.12,20.2,23012,1,0,0,31.86
1383981,50.19,50.0,49.7,50.3,1,0,20.12,20.2,23514,1,0,0,31.86
1384487,50.19,50.0,49.7,50.3,1,0,20.12,20.2,24014,1,0,0,31.86
1384993,50.3,50.0,49.7,50.3,1,0,19.97,20.23,24514,1,0,0,31.85
1385499,50.29,50.0,49.7,50.3,1,0,19.67,20.23,25014,1,0,0,31.85
1386005,50.29,50.0,49.7,50.3,1,0,19.67,20.22,25514,1,0,0,31.85
1386511,50.34,50.0,49.7,50.3,1,0,19.87,20.25,26014,1,0,0,31.86
1387017,50.34,50.0,49.7,50.3,1,0,19.87,20.25,26514,1,0,0,31.86
1387523,50.37,50.0,49.7,50.3,1,0,19.76,20.23,27014,1,0,0,31.83
1388029,50.41,50.0,49.7,50.3,1,0,19.46,20.23,27514,1,0,0,31.85
1388535,50.41,50.0,49.7,50.3,1,0,19.46,20.26,28014,1,0,0,31.85
1389041,50.41,50.0,49.7,50.3,1,0,19.46,20.26,28514,1,0,0,31.85
1389547,50.52,50.0,49.7,50.3,1,0,19.8,20.26,29016,1,0,0,31.85
1390054,50.53,50.0,49.7,50.3,1,0,19.31,20.3,29516,1,0,0,31.86
1390561,50.53,50.0,49.7,50.3,1,0,19.31,20.31,30016,1,0,0,31.86
1391067,50.51,50.0,49.7,50.3,1,0,19.22,20.28,30526,1,0,0,31.83
1391573,50.6,50.0,49.7,50.3,1,0,19.18,20.28,31026,1,0,0,31.85
1392079,50.6,50.0,49.7,50.3,1,0,19.18,20.32,31526,1,0,0,31.85
1392585,50.65,50.0,49.7,50.3,1,0,19.13,20.35,32026,1,0,0,31.86
1393091,50.65,50.0,49.7,50.3,1,0,19.13,20.35,32526,1,0,0,31.86
1393597,50.68,50.0,49.7,50.3,1,0,19.03,20.35,33026,1,0,0,31.85
1394103,50.72,50.0,49.7,50.3,1,0,18.92,20.35,33526,1,0,0,31.86
1394614,50.72,50.0,49.7,50.3,1,0,18.77,20.37,34026,1,0,0,31.86
1395121,50.72,50.0,49.7,50.3,1,0,18.77,20.37,34526,1,1,0,31.86
1395627,50.78,50.0,49.7,50.3,1,0,18.85,20.39,35026,1,1,0,31.86
1396133,50.8,50.0,49.7,50.3,1,0,18.47,20.39,35526,1,1,0,31.87
1396639,50.82,50.0,49.7,50.3,1,0,18.44,20.41,36026,1,1,0,31.86
1397145,50.82,50.0,49.7,50.3,1,0,18.44,20.4,36526,1,1,0,31.86
1397651,50.82,50.0,49.7,50.3,1,0,18.44,20.4,37026,1,1,0,31.86
1398157,50.88,50.0,49.7,50.3,1,0,18.44,20.4,37526,1,1,0,31.85
1398663,50.93,50.0,49.7,50.3,1,0,18.55,20.41,38026,1,1,0,31.83
1399169,50.93,50.0,49.7,50.3,1,0,18.55,20.41,38526,1,1,0,31.83
1399675,50.98,50.0,49.7,50.3,1,0,18.08,20.41,39027,1,1,0,31.87
1400181,50.98,50.0,49.7,50.3,1,0,18.08,20.47,39528,1,1,0,31.87
1400687,50.98,50.0,49.7,50.3,1,0,18.08,20.47,40028,1,1,0,31.87
1401193,51.01,50.0,49.7,50.3,1,0,18.1,20.47,40528,1,1,0,31.86
1401699,51.01,50.0,49.7,50.3,1,0,18.1,20.46,41028,1,1,0,31.87
1402209,51.01,50.0,49.7,50.3,1,0,18.1,20.48,41528,1,1,0,31.87
1402716,51.07,50.0,49.7,50.3,1,0,17.86,20.48,42028,1,1,0,31.86
1403222,51.07,50.0,49.7,50.3,1,0,17.86,20.49,42528,1,1,0,31.86
1403728,51.09,50.0,49.7,50.3,1,0,17.78,20.49,43028,1,1,0,31.87
1404234,51.09,50.0,49.7,50.3,1,0,17.78,20.5,43528,1,1,0,31.87
1404740,51.11,50.0,49.7,50.3,1,0,17.69,20.5,44028,1,1,0,31.85
1405246,51.11,50.0,49.7,50.3,1,0,17.69,20.49,44528,1,1,0,31.85
1405752,51.1,50.0,49.7,50.3,1,0,17.65,20.49,45028,1,1,0,31.87
1406258,51.1,50.0,49.7,50.3,1,0,17.65,20.51,45533,1,1,0,31.87
1406764,51.1,50.0,49.7,50.3,1,0,17.65,20.51,46035,1,1,0,31.87
1407270,51.1,50.0,49.7,50.3,1,0,17.43,20.49,47041,1,1,0,31.86
1407776,51.1,50.0,49.7,50.3,1,0,17.43,20.49,47541,1,1,0,31.86
1408282,51.08,50.0,49.7,50.3,1,0,17.91,20.48,48041,1,1,0,31.85
1408788,51.08,50.0,49.7,50.3,1,0,17.91,20.48,48541,1,1,0,31.85
1409294,51.17,50.0,49.7,50.3,1,0,17.15,20.5,49041,1,1,0,31.85
1409800,51.16,50.0,49.7,50.3,1,0,17.11,20.49,49541,1,1,0,31.83
1410306,51.16,50.0,49.7,50.3,1,0,17.11,20.49,50041,1,1,0,31.83
1410812,51.18,50.0,49.7,50.3,1,0,17.17,20.49,50541,1,1,0,31.83
1411318,51.18,50.0,49.7,50.3,1,0,17.17,20.49,51041,1,1,0,31.83
1411824,51.19,50.0,49.7,50.3,1,0,16.92,20.51,51541,1,1,0,31.85
1412330,51.19,50.0,49.7,50.3,1,0,16.92,20.51,52041,1,1,0,31.85
1412836,51.17,50.0,49.7,50.3,1,0,16.85,20.5,52541,1,1,0,31.85
1413342,51.18,50.0,49.7,50.3,1,0,16.76,20.52,53041,1,1,0,31.86
1413848,51.18,50.0,49.7,50.3,1,0,16.76,20.52,53541,1,1,0,31.86
1414354,51.18,50.0,49.7,50.3,1,0,16.76,20.52,54041,1,1,0,31.86
1414860,51.17,50.0,49.7,50.3,1,0,16.74,20.5,54541,1,1,0,31.85
1415366,51.13,50.0,49.7,50.3,1,0,16.59,20.5,55041,1,1,0,31.87
1415872,51.13,50.0,49.7,50.3,1,0,16.59,20.52,55541,1,1,0,31.87
1416378,51.13,50.0,49.7,50.3,1,0,16.59,20.52,56041,1,1,0,31.87
1416884,51.12,50.0,49.7,50.3,1,0,16.46,20.49,56541,1,1,0,31.85
1417390,51.11,50.0,49.7,50.3,1,0,16.44,20.49,57041,1,1,0,31.85
1417896,51.11,50.0,49.7,50.3,1,0,16.44,20.49,57541,1,1,0,31.85
1418402,51.11,50.0,49.7,50.3,1,0,16.35,20.49,58054,1,1,0,31.85
1418908,51.11,50.0,49.7,50.3,1,0,16.35,20.49,58554,1,1,0,31.85
1419414,51.11,50.0,49.7,50.3,1,0,16.35,20.49,59054,1,1,0,31.85
1419920,51.08,50.0,49.7,50.3,1,0,16.29,20.48,59554,1,1,0,31.85
1420426,51.07,50.0,49.7,50.3,1,0,16.14,20.47,60054,1,1,0,31.85
1420933,51.07,50.0,49.7,50.3,1,0,16.14,20.47,60554,1,1,0,31.85
1421440,51.04,50.0,49.7,50.3,1,0,15.75,20.48,61054,1,1,0,31.86
1421946,51.07,50.0,49.7,50.3,1,0,15.99,20.48,61554,1,1,0,31.87
1422452,51.07,50.0,49.7,50.3,1,0,15.99,20.5,62054,1,1,0,31.87
1422958,50.98,50.0,49.7,50.3,1,0,16.07,20.46,62554,1,1,0,31.86
1423464,50.98,50.0,49.7,50.3,1,0,16.07,20.46,63054,1,1,0,31.86
1423970,50.99,50.0,49.7,50.3,1,0,15.9,20.46,63554,1,1,0,31.86
1424476,50.92,50.0,49.7,50.3,1,0,15.84,20.46,64054,1,1,0,31.83
1424984,50.92,50.0,49.7,50.3,1,0,15.84,20.41,64554,1,1,0,31.83
1425490,50.96,50.0,49.7,50.3,1,0,15.73,20.44,65058,1,1,0,31.85
1425996,50.92,50.0,49.7,50.3,1,0,15.58,20.44,65558,1,1,0,31.86
1426502,50.92,50.0,49.7,50.3,1,0,15.58,20.44,66058,1,1,0,31.86
1427008,50.92,50.0,49.7,50.3,1,0,15.58,20.44,66558,1,1,0,31.86
1427514,50.87,50.0,49.7,50.3,1,0,15.62,20.41,67058,1,1,0,31.85
1428020,50.85,50.0,49.7,50.3,1,0,15.51,20.4,67558,1,1,0,31.85
1428526,50.81,50.0,49.7,50.3,1,0,15.45,20.4,68058,1,1,0,31.85
1429035,50.81,50.0,49.7,50.3,1,0,15.45,20.39,68558,1,1,0,31.85
1429541,50.82,50.0,49.7,50.3,1,0,15.4,20.4,69058,1,1,0,31.86
1430047,50.73,50.0,49.7,50.3,1,0,15.64,20.4,69558,1,1,0,31.86
1430553,50.73,50.0,49.7,50.3,1,0,15.64,20.38,70058,1,1,0,31.86
1431059,50.71,50.0,49.7,50.3,1,0,15.16,20.36,70558,1,1,0,31.85
1431565,50.72,50.0,49.7,50.3,1,0,15.36,20.36,71058,1,1,0,31.86
1432071,50.67,50.0,49.7,50.3,1,0,15.29,20.37,71558,1,1,0,31.85
1432577,50.67,50.0,49.7,50.3,1,0,15.29,20.34,72058,1,1,0,31.85
1433083,50.64,50.0,49.7,50.3,1,0,15.25,20.34,72558,1,1,0,31.86
1433601,50.61,50.0,49.7,50.3,1,0,15.1,20.35,73058,1,1,0,31.85
1434108,50.61,50.0,49.7,50.3,1,0,15.1,20.33,73558,1,1,0,31.85
1434614,50.62,50.0,49.7,50.3,1,0,15.08,20.33,74073,1,1,0,31.85
1435120,50.56,50.0,49.7,50.3,1,0,15.08,20.33,74573,1,1,0,31.86
1435626,50.56,50.0,49.7,50.3,1,0,15.08,20.32,75073,1,1,1,31.86
1436132,50.56,50.0,49.7,50.3,1,0,15.08,20.32,75573,1,1,1,31.86
1436638,50.45,50.0,49.7,50.3,1,0,14.9,20.32,76073,1,1,1,31.85
1437145,50.45,50.0,49.7,50.3,1,0,14.9,20.27,76573,1,1,1,31.85
1437652,50.45,50.0,49.7,50.3,1,0,14.9,20.27,77073,1,1,1,31.85
1438158,50.45,50.0,49.7,50.3,1,0,14.9,20.27,77573,1,1,1,31.85
1438664,50.38,50.0,49.7,50.3,1,0,14.82,20.27,78076,1,1,1,31.83
1439170,50.36,50.0,49.7,50.3,1,0,14.82,20.24,78576,1,1,1,31.86
1439676,50.36,50.0,49.7,50.3,1,0,14.82,20.26,79078,1,1,1,31.86
1440189,50.31,50.0,49.7,50.3,1,0,14.12,20.26,79578,1,1,1,31.85
1440696,50.31,50.0,49.7,50.3,1,0,14.12,20.23,80078,1,1,1,31.85
1441202,50.31,50.0,49.7,50.3,1,0,14.12,20.23,80578,1,1,1,31.85
1441708,50.31,50.0,49.7,50.3,1,0,14.12,20.23,81078,1,1,1,31.85
1442214,50.23,50.0,49.7,50.3,0,0,14.62,20.19,0,1,1,0,31.83
1442720,50.22,50.0,49.7,50.3,0,0,15.1,20.19,500,1,1,0,31.86
1443226,50.18,50.0,49.7,50.3,0,0,14.23,20.21,1000,1,1,0,31.85
1443732,50.18,50.0,49.7,50.3,0,0,14.23,20.19,1500,1,1,0,31.85
1444239,50.07,50.0,49.7,50.3,0,0,14.54,20.19,2000,1,1,0,31.85
1444745,50.06,50.0,49.7,50.3,0,0,14.58,20.15,2500,1,1,0,31.85
1445251,50.06,50.0,49.7,50.3,0,0,14.58,20.15,3000,1,1,0,31.85
1445757,50.06,50.0,49.7,50.3,0,0,14.58,20.15,3500,1,1,0,31.85
1446263,50.03,50.0,49.7,50.3,0,0,14.58,20.15,4000,1,1,0,31.85
1446769,50.03,50.0,49.7,50.3,0,0,14.58,20.14,4500,1,1,0,31.85
1447275,49.96,50.0,49.7,50.3,0,0,14.6,20.14,5000,1,1,0,31.86
1447781,49.96,50.0,49.7,50.3,0,0,14.6,20.13,5500,1,1,0,31.86
1448287,49.96,50.0,49.7,50.3,0,0,14.6,20.13,6000,1,1,0,31.86
1448793,49.86,50.0,49.7,50.3,0,0,14.54,20.13,6500,1,1,0,31.86
1449299,49.79,50.0,49.7,50.3,0,0,14.71,20.1,7000,1,1,0,31.86
1449805,49.79,50.0,49.7,50.3,0,0,14.71,20.07,7500,1,1,0,31.86
1450311,49.82,50.0,49.7,50.3,0,0,14.77,20.08,8504,1,1,0,31.86
1450817,49.73,50.0,49.7,50.3,0,0,14.71,20.03,9004,1,1,0,31.83
1451323,49.73,50.0,49.7,50.3,0,0,14.73,20.04,9504,1,1,0,31.85
1451829,49.65,50.0,49.7,50.3,0,0,15.03,20.03,10004,1,1,0,31.86
1452336,49.65,50.0,49.7,50.3,0,0,14.93,20.03,10504,1,1,0,31.86
1452843,49.65,50.0,49.7,50.3,0,0,14.93,20.03,11004,1,1,0,31.86
1453349,49.62,50.0,49.7,50.3,0,0,15.03,20.01,11504,1,1,0,31.85
1453855,49.62,50.0,49.7,50.3,0,0,15.03,20.01,12008,1,1,0,31.85
1454361,49.58,50.0,49.7,50.3,0,0,15.21,19.99,12509,1,1,0,31.85
1454867,49.52,50.0,49.7,50.3,0,0,15.4,19.99,13010,1,1,0,31.86
1455373,49.52,50.0,49.7,50.3,0,0,15.53,19.99,13511,1,1,0,31.86
1455879,49.52,50.0,49.7,50.3,0,0,15.53,19.99,14011,1,1,0,31.86
1456385,49.45,50.0,49.7,50.3,0,0,15.53,19.93,14511,1,1,0,31.83
1456891,49.45,50.0,49.7,50.3,0,0,15.53,19.93,15011,1,1,0,31.83
1457397,49.45,50.0,49.7,50.3,0,0,15.53,19.93,15511,1,1,0,31.83
1457903,49.45,50.0,49.7,50.3,0,0,15.53,19.93,16011,1,1,0,31.83
1458409,49.45,50.0,49.7,50.3,0,0,15.53,19.93,16511,1,1,0,31.83
1458915,49.34,50.0,49.7,50.3,0,0,15.79,19.9,17021,1,1,0,31.83
1459421,49.34,50.0,49.7,50.3,0,0,15.79,19.9,17521,1,1,0,31.83
1459927,49.32,50.0,49.7,50.3,0,0,16.14,19.89,18021,1,1,0,31.83
1460433,49.3,50.0,49.7,50.3,0,0,16.12,19.91,18521,1,1,0,31.86
1460939,49.3,50.0,49.7,50.3,0,0,16.12,19.91,19021,1,1,0,31.86
1461445,49.25,50.0,49.7,50.3,0,0,16.25,19.9,19521,1,1,0,31.86
1461951,49.26,50.0,49.7,50.3,0,0,16.03,19.89,20021,1,1,0,31.85
1462457,49.25,50.0,49.7,50.3,0,0,16.66,19.89,20521,1,1,0,31.85
1462963,49.25,50.0,49.7,50.3,0,0,16.66,19.88,21021,1,1,0,31.85
1463469,49.22,50.0,49.7,50.3,0,0,16.57,19.87,21521,1,1,0,31.85
1463975,49.17,50.0,49.7,50.3,0,0,16.68,19.86,22021,1,1,0,31.85
1464482,49.18,50.0,49.7,50.3,0,0,16.57,19.86,22521,1,1,0,31.83
1464989,49.18,50.0,49.7,50.3,0,0,16.57,19.85,23021,1,1,0,31.83
1465495,49.21,50.0,49.7,50.3,0,0,16.74,19.85,23521,1,1,0,31.86
1466001,49.21,50.0,49.7,50.3,0,0,16.74,19.88,24021,1,1,0,31.86
1466507,49.12,50.0,49.7,50.3,0,0,16.89,19.85,24521,1,1,0,31.86
1467013,49.08,50.0,49.7,50.3,0,0,17.0,19.82,25021,1,1,0,31.83
1467519,49.08,50.0,49.7,50.3,0,0,17.0,19.82,25521,1,1,0,31.83
1468025,49.1,50.0,49.7,50.3,0,0,16.79,19.84,26021,1,1,0,31.85
1468531,49.07,50.0,49.7,50.3,0,0,17.07,19.83,26521,1,1,0,31.85
1469037,49.07,50.0,49.7,50.3,0,0,17.07,19.83,27021,1,1,0,31.85
1469543,49.08,50.0,49.7,50.3,0,0,17.24,19.83,27521,1,1,0,31.85
1470049,49.08,50.0,49.7,50.3,0,0,17.24,19.83,28021,1,1,0,31.85
1470555,49.08,50.0,49.7,50.3,0,0,17.24,19.83,28521,1,1,0,31.85
1471061,49.07,50.0,49.7,50.3,0,0,17.56,19.84,29021,1,1,0,31.86
1471567,49.01,50.0,49.7,50.3,0,0,17.54,19.81,29521,1,1,0,31.85
1472073,49.07,50.0,49.7,50.3,0,0,18.21,19.81,30021,1,1,0,31.83
1472579,49.07,50.0,49.7,50.3,0,0,18.21,19.81,30521,1,1,0,31.83
1473085,49.05,50.0,49.7,50.3,0,0,17.67,19.81,31021,1,1,0,31.87
1473591,49.05,50.0,49.7,50.3,0,0,17.67,19.84,31521,1,1,0,31.87
1474097,49.01,50.0,49.7,50.3,0,0,17.78,19.81,32021,1,1,0,31.85
1474603,49.01,50.0,49.7,50.3,0,0,17.78,19.81,32521,1,1,0,31.85
1475109,49.05,50.0,49.7,50.3,0,0,18.12,19.83,33021,1,1,0,31.86
1475615,49.05,50.0,49.7,50.3,0,0,18.12,19.83,33521,1,1,0,31.86
1476121,49.03,50.0,49.7,50.3,0,0,18.06,19.8,34021,1,1,0,31.83
1476627,49.03,50.0,49.7,50.3,0,0,18.06,19.8,34521,1,1,0,31.83
1477133,49.06,50.0,49.7,50.3,0,0,18.21,19.8,35021,1,1,0,31.83
1477639,49.06,50.0,49.7,50.3,0,0,18.21,19.81,35521,1,1,0,31.83
1478145,49.06,50.0,49.7,50.3,0,0,18.34,19.84,36021,1,0,0,31.86
1478651,49.04,50.0,49.7,50.3,0,0,18.4,19.84,36521,1,0,0,31.85
1479157,49.04,50.0,49.7,50.3,0,0,18.4,19.82,37021,1,0,0,31.85
1479663,49.05,50.0,49.7,50.3,0,0,18.53,19.82,37521,1,0,0,31.86
1480178,49.07,50.0,49.7,50.3,0,0,18.68,19.83,38021,1,0,0,31.83
1480685,49.07,50.0,49.7,50.3,0,0,18.68,19.81,38521,1,0,0,31.83
1481191,49.07,50.0,49.7,50.3,0,0,18.7,19.81,39021,1,0,0,31.86
1481697,49.07,50.0,49.7,50.3,0,0,18.7,19.84,39521,1,0,0,31.86
1482203,49.04,50.0,49.7,50.3,0,0,18.85,19.84,40021,1,0,0,31.83
1482709,49.05,50.0,49.7,50.3,0,0,18.9,19.8,40521,1,0,0,31.86
1483215,49.05,50.0,49.7,50.3,0,0,18.9,19.83,41021,1,0,0,31.86
1483721,49.07,50.0,49.7,50.3,0,0,19.09,19.83,41521,1,0,0,31.85
1484227,49.12,50.0,49.7,50.3,0,0,19.18,19.83,42021,1,0,0,31.86
1484737,49.1,50.0,49.7,50.3,0,0,19.41,19.85,42521,1,0,0,31.85
1485244,49.1,50.0,49.7,50.3,0,0,19.41,19.84,43021,1,0,0,31.85
1485750,49.09,50.0,49.7,50.3,0,0,19.22,19.84,43521,1,0,0,31.83
1486256,49.1,50.0,49.7,50.3,0,0,19.35,19.82,44022,1,0,0,31.86
1486762,49.1,50.0,49.7,50.3,0,0,19.35,19.85,44522,1,0,0,31.86
1487268,49.13,50.0,49.7,50.3,0,0,19.39,19.85,45022,1,0,0,31.85
1487774,49.16,50.0,49.7,50.3,0,0,19.31,19.84,45522,1,0,0,31.83
1488280,49.16,50.0,49.7,50.3,0,0,19.31,19.84,46022,1,0,0,31.83
1488786,49.15,50.0,49.7,50.3,0,0,19.56,19.85,46522,1,0,0,31.85
1489292,49.19,50.0,49.7,50.3,0,0,19.67,19.85,47022,1,0,0,31.85
1489798,49.18,50.0,49.7,50.3,0,0,19.76,19.87,47522,1,0,0,31.87
1490304,49.18,50.0,49.7,50.3,0,0,19.76,19.89,48022,1,0,0,31.87
1490810,49.22,50.0,49.7,50.3,0,0,20.99,19.89,48522,1,0,0,31.85
1491316,49.18,50.0,49.7,50.3,0,0,19.74,19.87,49022,1,0,0,31.85
1491822,49.18,50.0,49.7,50.3,0,0,19.74,19.86,49522,1,0,0,31.85
1492328,49.22,50.0,49.7,50.3,0,0,19.93,19.86,50022,1,0,0,31.87
1492834,49.23,50.0,49.7,50.3,0,0,19.24,19.88,51027,1,0,0,31.85
1493340,49.23,50.0,49.7,50.3,0,0,19.24,19.88,51527,1,0,0,31.85
1493846,49.23,50.0,49.7,50.3,0,0,19.24,19.88,52027,1,0,0,31.85
1494352,49.3,50.0,49.7,50.3,0,0,20.12,19.89,52527,1,0,0,31.83
1494858,49.3,50.0,49.7,50.3,0,0,20.12,19.89,53027,1,0,0,31.83
1495364,49.26,50.0,49.7,50.3,0,0,20.94,19.9,53527,1,0,0,31.86
1495870,49.26,50.0,49.7,50.3,0,0,20.94,19.9,54027,1,0,0,31.86
1496376,49.26,50.0,49.7,50.3,0,0,20.94,19.9,54527,1,0,0,31.86
1496882,49.31,50.0,49.7,50.3,0,0,20.4,19.92,55027,1,0,0,31.86
1497388,49.31,50.0,49.7,50.3,0,0,20.4,19.92,55527,1,0,0,31.86
1497894,49.29,50.0,49.7,50.3,0,0,20.53,19.92,56027,1,0,0,31.87
1498400,49.3,50.0,49.7,50.3,0,0,20.62,19.9,56527,1,0,0,31.85
1498906,49.3,50.0,49.7,50.3,0,0,20.62,19.9,57027,1,0,0,31.85
1499412,49.3,50.0,49.7,50.3,0,0,20.62,19.9,57527,1,0,0,31.85
1499918,49.3,50.0,49.7,50.3,0,0,20.62,19.9,58027,1,0,0,31.85
1500424,49.38,50.0,49.7,50.3,0,0,20.84,19.94,58527,1,0,0,31.86
1500930,49.38,50.0,49.7,50.3,0,0,20.84,19.94,59027,1,0,0,31.86
1501436,49.37,50.0,49.7,50.3,0,0,21.18,19.95,59527,1,0,0,31.87
1501942,49.45,50.0,49.7,50.3,0,0,20.86,19.96,60027,1,0,0,31.86
1502448,49.45,50.0,49.7,50.3,0,0,20.86,19.96,60527,1,0,0,31.86
1502954,49.38,50.0,49.7,50.3,0,0,21.14,19.96,61027,1,0,0,31.86
1503460,49.38,50.0,49.7,50.3,0,0,21.14,19.94,61527,1,0,0,31.86
1503966,49.49,50.0,49.7,50.3,0,0,21.14,19.98,62027,1,0,0,31.86
1504472,49.49,50.0,49.7,50.3,0,0,21.14,19.98,62527,1,0,0,31.86
1504978,49.49,50.0,49.7,50.3,0,0,21.27,19.98,63027,1,0,0,31.86
1505484,49.49,50.0,49.7,50.3,0,0,21.27,19.98,63527,1,0,0,31.86
1505990,49.44,50.0,49.7,50.3,0,0,21.4,19.98,64027,1,0,0,31.86
1506496,49.44,50.0,49.7,50.3,0,0,21.4,19.96,64527,1,0,0,31.86
1507002,49.51,50.0,49.7,50.3,0,0,21.33,20.01,65027,1,0,0,31.89
1507508,49.51,50.0,49.7,50.3,0,0,21.33,20.01,65527,1,0,0,31.89
1508014,49.55,50.0,49.7,50.3,0,0,21.38,19.99,66027,1,0,0,31.86
1508520,49.56,50.0,49.7,50.3,0,0,21.74,19.99,66527,1,0,0,31.86
1509027,49.57,50.0,49.7,50.3,0,0,21.53,20.0,67027,1,0,0,31.86
1509534,49.57,50.0,49.7,50.3,0,0,21.53,20.0,67527,1,0,0,31.86
1510040,49.63,50.0,49.7,50.3,0,0,21.64,20.03,68027,1,0,0,31.87
1510546,49.63,50.0,49.7,50.3,0,0,21.64,20.03,68527,1,0,0,31.87
1511052,49.57,50.0,49.7,50.3,0,0,21.57,20.02,69027,1,0,0,31.87
1511558,49.57,50.0,49.7,50.3,0,0,21.57,20.02,69527,1,0,0,31.87
1512064,49.61,50.0,49.7,50.3,0,0,21.87,20.03,70027,1,0,0,31.87
1512570,49.66,50.0,49.7,50.3,0,0,22.05,20.06,70527,1,0,0,31.89
1513076,49.64,50.0,49.7,50.3,0,0,21.72,20.02,71027,1,0,0,31.86
1513582,49.64,50.0,49.7,50.3,0,0,21.72,20.02,71527,1,0,0,31.86
1514088,49.64,50.0,49.7,50.3,0,0,21.72,20.02,72027,1,0,0,31.86
1514594,49.69,50.0,49.7,50.3,0,0,22.11,20.02,72527,1,0,0,31.86
1515100,49.69,50.0,49.7,50.3,0,0,22.11,20.04,73027,1,0,0,31.86
1515606,49.69,50.0,49.7,50.3,0,0,22.11,20.04,73527,1,0,0,31.86
1516112,49.68,50.0,49.7,50.3,0,0,22.03,20.04,74027,1,0,0,31.86
1516618,49.68,50.0,49.7,50.3,0,0,22.03,20.04,74527,1,0,0,31.86
1517124,49.71,50.0,49.7,50.3,0,0,22.22,20.04,75027,1,0,0,31.87
1517630,49.71,50.0,49.7,50.3,1,0,22.22,20.06,0,1,0,0,31.87
1518136,49.71,50.0,49.7,50.3,1,0,22.22,20.06,500,1,0,0,31.87
1518642,49.75,50.0,49.7,50.3,1,0,22.26,20.05,1000,1,0,0,31.85
1519148,49.75,50.0,49.7,50.3,1,0,22.26,20.05,1500,1,0,0,31.85
1519654,49.75,50.0,49.7,50.3,1,0,22.33,20.09,2000,1,0,0,31.89
1520160,49.82,50.0,49.7,50.3,1,0,22.37,20.09,2500,1,0,0,31.87
1520666,49.84,50.0,49.7,50.3,1,0,22.44,20.09,3000,1,0,0,31.86
1521172,49.84,50.0,49.7,50.3,1,0,22.44,20.09,3500,1,0,0,31.86
1521678,49.84,50.0,49.7,50.3,1,0,22.44,20.09,4000,1,0,0,31.86
1522184,49.82,50.0,49.7,50.3,1,0,22.48,20.11,4515,1,0,0,31.89
1522690,49.82,50.0,49.7,50.3,1,0,22.48,20.11,5015,1,0,0,31.89
1523196,49.83,50.0,49.7,50.3,1,0,22.42,20.11,5515,1,0,0,31.85
1523702,49.83,50.0,49.7,50.3,1,0,22.42,20.07,6015,1,0,0,31.85
1524208,49.89,50.0,49.7,50.3,1,0,22.24,20.13,6515,1,0,0,31.89
1524714,49.89,50.0,49.7,50.3,1,0,22.24,20.13,7015,1,0,0,31.89
1525220,49.9,50.0,49.7,50.3,1,0,22.16,20.13,7515,1,0,0,31.87
1525726,49.9,50.0,49.7,50.3,1,0,22.16,20.12,8015,1,0,0,31.87
1526232,49.93,50.0,49.7,50.3,1,0,22.16,20.12,8515,1,0,0,31.86
1526738,49.89,50.0,49.7,50.3,1,0,21.96,20.12,9015,1,0,0,31.87
1527244,49.89,50.0,49.7,50.3,1,0,21.96,20.12,9515,1,0,0,31.87
1527750,49.94,50.0,49.7,50.3,1,0,22.0,20.12,10015,1,0,0,31.87
1528256,49.94,50.0,49.7,50.3,1,0,22.0,20.13,10515,1,0,0,31.87
1528762,49.98,50.0,49.7,50.3,1,0,21.83,20.13,11015,1,0,0,31.86
1529268,49.97,50.0,49.7,50.3,1,0,21.79,20.13,11516,1,0,0,31.87
1529774,49.97,50.0,49.7,50.3,1,0,21.79,20.14,12017,1,0,0,31.87
1530280,49.97,50.0,49.7,50.3,1,0,21.79,20.14,12517,1,0,0,31.87
1530786,49.97,50.0,49.7,50.3,1,0,21.79,20.14,13017,1,0,0,31.87
1531292,49.97,50.0,49.7,50.3,1,0,21.79,20.14,13517,1,0,0,31.87
1531798,50.04,50.0,49.7,50.3,1,0,21.48,20.14,14017,1,0,0,31.83
1532304,50.04,50.0,49.7,50.3,1,0,21.48,20.13,14517,1,0,0,31.83
1532810,50.05,50.0,49.7,50.3,1,0,21.44,20.13,15017,1,0,0,31.86
1533316,50.05,50.0,49.7,50.3,1,0,21.42,20.16,15517,1,0,0,31.89
1533822,50.08,50.0,49.7,50.3,1,0,21.14,20.18,16017,1,0,0,31.89
1534328,50.1,50.0,49.7,50.3,1,0,21.25,20.19,16517,1,0,0,31.89
1534834,50.1,50.0,49.7,50.3,1,0,21.25,20.2,17017,1,0,0,31.89
1535340,50.1,50.0,49.7,50.3,1,0,21.25,20.2,17517,1,0,0,31.89
1535846,50.13,50.0,49.7,50.3,1,0,21.03,20.2,18017,1,0,0,31.87
1536352,50.13,50.0,49.7,50.3,1,0,21.03,20.2,19018,1,0,0,31.87
1536858,50.13,50.0,49.7,50.3,1,0,21.03,20.2,19518,1,0,0,31.87
1537364,50.18,50.0,49.7,50.3,1,0,20.69,20.2,20018,1,0,0,31.86
1537870,50.18,50.0,49.7,50.3,1,0,20.69,20.2,20518,1,0,0,31.86
1538376,50.17,50.0,49.7,50.3,1,0,20.53,20.24,21018,1,0,0,31.9
1538882,50.17,50.0,49.7,50.3,1,0,20.53,20.24,21518,1,0,0,31.9
1539388,50.26,50.0,49.7,50.3,1,0,20.4,20.23,22018,1,0,0,31.86
1539894,50.26,50.0,49.7,50.3,1,0,20.4,20.23,22519,1,0,0,31.86
1540400,50.38,50.0,49.7,50.3,1,0,20.34,20.25,23020,1,0,0,31.85
1540906,50.38,50.0,49.7,50.3,1,0,20.34,20.25,23520,1,0,0,31.85
1541412,50.38,50.0,49.7,50.3,1,0,20.34,20.25,24020,1,0,0,31.85
1541918,50.34,50.0,49.7,50.3,1,0,20.06,20.25,24520,1,0,0,31.86
1542425,50.37,50.0,49.7,50.3,1,0,20.1,20.25,25020,1,0,0,31.87
1542932,50.37,50.0,49.7,50.3,1,0,20.1,20.27,25520,1,0,0,31.87
1543438,50.4,50.0,49.7,50.3,1,0,19.35,20.28,26020,1,0,0,31.87
1543944,50.4,50.0,49.7,50.3,1,0,19.35,20.28,26520,1,0,0,31.87
1544450,50.48,50.0,49.7,50.3,1,0,19.72,20.3,27020,1,0,0,31.86
1544956,50.48,50.0,49.7,50.3,1,0,19.72,20.3,27520,1,0,0,31.86
1545462,50.49,50.0,49.7,50.3,1,0,19.48,20.31,28020,1,0,0,31.87
1545968,50.49,50.0,49.7,50.3,1,0,19.48,20.31,28520,1,0,0,31.87
1546475,50.49,50.0,49.7,50.3,1,0,19.48,20.31,29021,1,0,0,31.87
1546981,50.57,50.0,49.7,50.3,1,0,18.81,20.33,29521,1,1,0,31.86
1547487,50.63,50.0,49.7,50.3,1,0,19.44,20.33,30021,1,1,0,31.87
1547993,50.63,50.0,49.7,50.3,1,0,19.44,20.36,30521,1,0,0,31.87
1548499,50.67,50.0,49.7,50.3,1,0,19.24,20.38,31021,1,0,0,31.89
1549005,50.73,50.0,49.7,50.3,1,0,19.18,20.38,31521,1,0,0,31.86
1549511,50.73,50.0,49.7,50.3,1,0,19.18,20.38,32021,1,0,0,31.86
1550017,50.72,50.0,49.7,50.3,1,0,19.16,20.39,32521,1,0,0,31.87
1550523,50.72,50.0,49.7,50.3,1,0,19.16,20.39,33021,1,0,0,31.87
1551029,50.78,50.0,49.7,50.3,1,0,19.11,20.4,33521,1,0,0,31.87
1551535,50.78,50.0,49.7,50.3,1,0,19.11,20.4,34021,1,0,0,31.87
1552041,50.78,50.0,49.7,50.3,1,0,19.11,20.4,34521,1,0,0,31.87
1552547,50.78,50.0,49.7,50.3,1,0,19.11,20.4,35021,1,0,0,31.87
1553053,50.9,50.0,49.7,50.3,1,0,18.64,20.42,35521,1,1,0,31.85
1553559,50.87,50.0,49.7,50.3,1,0,18.6,20.42,36032,1,1,0,31.86
1554066,50.9,50.0,49.7,50.3,1,0,18.57,20.42,36532,1,1,0,31.87
1554573,50.9,50.0,49.7,50.3,1,0,18.57,20.44,37033,1,1,0,31.87
1555079,50.9,50.0,49.7,50.3,1,0,18.57,20.44,37533,1,1,0,31.87
1555585,50.99,50.0,49.7,50.3,1,0,18.55,20.47,38033,1,1,0,31.87
1556091,50.99,50.0,49.7,50.3,1,0,18.55,20.47,38533,1,1,0,31.87
1556597,51.03,50.0,49.7,50.3,1,0,18.25,20.49,39033,1,1,0,31.87
1557103,51.03,50.0,49.7,50.3,1,0,18.25,20.49,39533,1,1,0,31.87
1557609,51.07,50.0,49.7,50.3,1,0,18.16,20.49,40033,1,1,0,31.86
1558115,51.05,50.0,49.7,50.3,1,0,18.25,20.49,40533,1,1,0,31.87
1558621,51.05,50.0,49.7,50.3,1,0,18.25,20.49,41033,1,1,0,31.87
1559127,51.12,50.0,49.7,50.3,1,0,17.99,20.51,41533,1,1,0,31.87
1559633,51.12,50.0,49.7,50.3,1,0,17.99,20.51,42033,1,1,0,31.87
1560139,51.14,50.0,49.7,50.3,1,0,17.65,20.51,42533,1,1,0,31.86
1560645,51.14,50.0,49.7,50.3,1,0,17.65,20.51,43033,1,1,0,31.86
1561151,51.17,50.0,49.7,50.3,1,0,17.73,20.54,43546,1,1,0,31.89
1561657,51.17,50.0,49.7,50.3,1,0,17.69,20.54,44046,1,1,0,31.89
1562172,51.18,50.0,49.7,50.3,1,0,17.63,20.54,44546,1,1,0,31.85
1562679,51.18,50.0,49.7,50.3,1,0,17.63,20.51,45046,1,1,0,31.85
1563185,51.18,50.0,49.7,50.3,1,0,17.5,20.51,45546,1,1,0,31.86
1563691,51.18,50.0,49.7,50.3,1,0,17.5,20.52,46046,1,1,0,31.86
1564197,51.21,50.0,49.7,50.3,1,0,17.52,20.52,46546,1,1,0,31.87
1564703,51.21,50.0,49.7,50.3,1,0,17.52,20.54,47046,1,1,0,31.87
1565209,51.23,50.0,49.7,50.3,1,0,17.37,20.56,47546,1,1,0,31.89
1565715,51.22,50.0,49.7,50.3,1,0,17.32,20.56,48046,1,1,0,31.86
1566221,51.22,50.0,49.7,50.3,1,0,17.32,20.53,48546,1,1,0,31.86
1566727,51.21,50.0,49.7,50.3,1,0,17.2,20.53,49046,1,1,0,31.86
1567233,51.21,50.0,49.7,50.3,1,0,17.2,20.53,49546,1,1,0,31.86
1567739,51.25,50.0,49.7,50.3,1,0,17.13,20.53,50046,1,1,0,31.87
1568245,51.25,50.0,49.7,50.3,1,0,17.13,20.55,50546,1,1,0,31.87
1568751,51.24,50.0,49.7,50.3,1,0,17.0,20.55,51046,1,1,0,31.87
1569257,51.24,50.0,49.7,50.3,1,0,17.0,20.55,51546,1,1,0,31.87
1569763,51.25,50.0,49.7,50.3,1,0,16.89,20.55,52046,1,1,0,31.87
1570269,51.25,50.0,49.7,50.3,1,0,16.89,20.55,52546,1,1,0,31.87
1570775,51.25,50.0,49.7,50.3,1,0,16.89,20.55,53046,1,1,0,31.87
1571281,51.21,50.0,49.7,50.3,1,0,16.72,20.55,53546,1,1,0,31.89
1571787,51.21,50.0,49.7,50.3,1,0,16.57,20.56,54046,1,1,0,31.87
1572293,51.21,50.0,49.7,50.3,1,0,16.57,20.54,54546,1,1,0,31.87
1572799,51.21,50.0,49.7,50.3,1,0,16.57,20.54,55046,1,1,0,31.87
1573305,51.22,50.0,49.7,50.3,1,0,16.57,20.54,55546,1,1,0,31.86
1573812,51.2,50.0,49.7,50.3,1,0,16.57,20.53,56046,1,1,0,31.87
1574319,51.2,50.0,49.7,50.3,1,0,16.57,20.54,56546,1,1,0,31.87
1574825,51.18,50.0,49.7,50.3,1,0,16.51,20.54,57046,1,1,0,31.86
1575331,51.18,50.0,49.7,50.3,1,0,16.51,20.52,57546,1,1,0,31.86
1575837,51.13,50.0,49.7,50.3,1,0,16.38,20.52,58046,1,1,0,31.87
1576343,51.13,50.0,49.7,50.3,1,0,16.38,20.52,58546,1,1,0,31.87
1576849,51.1,50.0,49.7,50.3,1,0,16.27,20.52,59046,1,1,0,31.87
1577355,51.1,50.0,49.7,50.3,1,0,16.27,20.51,59546,1,1,0,31.87
1577862,51.12,50.0,49.7,50.3,1,0,16.42,20.51,60046,1,1,0,31.89
1578368,51.12,50.0,49.7,50.3,1,0,16.42,20.53,60546,1,1,0,31.89
1578874,51.08,50.0,49.7,50.3,1,0,16.1,20.53,61046,1,1,0,31.89
1579380,51.06,50.0,49.7,50.3,1,0,16.07,20.48,62046,1,1,0,31.86
1579886,51.06,50.0,49.7,50.3,1,0,16.07,20.48,62546,1,1,0,31.86
1580392,51.03,50.0,49.7,50.3,1,0,16.12,20.47,63046,1,1,0,31.86
1580898,50.95,50.0,49.7,50.3,1,0,15.92,20.45,63546,1,1,0,31.86
1581404,50.98,50.0,49.7,50.3,1,0,15.9,20.48,64046,1,1,0,31.89
1581910,50.96,50.0,49.7,50.3,1,0,16.22,20.44,64546,1,1,0,31.85
1582416,50.96,50.0,49.7,50.3,1,0,16.22,20.44,65046,1,1,0,31.85
1582922,50.94,50.0,49.7,50.3,1,0,15.86,20.44,65546,1,1,0,31.86
1583428,50.94,50.0,49.7,50.3,1,0,15.86,20.44,66046,1,1,0,31.86
1583934,50.95,50.0,49.7,50.3,1,0,15.66,20.45,66546,1,1,0,31.86
1584440,50.95,50.0,49.7,50.3,1,0,15.66,20.45,67046,1,1,0,31.86
1584946,50.95,50.0,49.7,50.3,1,0,15.66,20.45,67546,1,1,0,31.86
1585452,50.84,50.0,49.7,50.3,1,0,15.53,20.41,68046,1,1,0,31.86
1585958,50.83,50.0,49.7,50.3,1,0,15.62,20.41,68546,1,1,0,31.86
1586464,50.83,50.0,49.7,50.3,1,0,15.62,20.41,69046,1,1,0,31.86
1586970,50.71,50.0,49.7,50.3,1,0,15.42,20.37,69546,1,1,0,31.86
1587476,50.71,50.0,49.7,50.3,1,0,15.42,20.37,70046,1,1,0,31.86
1587982,50.71,50.0,49.7,50.3,1,0,15.42,20.37,70546,1,1,0,31.86
1588488,50.72,50.0,49.7,50.3,1,0,15.45,20.37,71046,1,1,0,31.85
1588994,50.72,50.0,49.7,50.3,1,0,15.45,20.36,71546,1,1,0,31.85
1589500,50.65,50.0,49.7,50.3,1,0,15.36,20.34,72046,1,1,0,31.85
1590006,50.65,50.0,49.7,50.3,1,0,15.36,20.34,72546,1,1,0,31.85
1590512,50.61,50.0,49.7,50.3,1,0,15.32,20.34,73046,1,1,0,31.86
1591018,50.61,50.0,49.7,50.3,1,0,15.32,20.34,73547,1,1,0,31.86
1591524,50.59,50.0,49.7,50.3,1,0,15.23,20.36,74048,1,1,0,31.89
1592030,50.53,50.0,49.7,50.3,1,0,15.03,20.31,74549,1,1,0,31.86
1592536,50.53,50.0,49.7,50.3,1,0,15.03,20.31,75049,1,1,1,31.86
1593042,50.53,50.0,49.7,50.3,1,0,15.03,20.31,75549,1,1,1,31.86
1593549,50.5,50.0,49.7,50.3,1,0,14.97,20.3,76049,1,1,1,31.86
1594055,50.5,50.0,49.7,50.3,1,0,14.97,20.3,76549,1,1,1,31.86
1594561,50.45,50.0,49.7,50.3,1,0,14.93,20.3,77049,1,1,1,31.87
1595067,50.45,50.0,49.7,50.3,1,0,14.93,20.3,77549,1,1,1,31.87
1595573,50.35,50.0,49.7,50.3,1,0,14.9,20.23,78049,1,1,1,31.83
1596079,50.37,50.0,49.7,50.3,1,0,14.82,20.26,78549,1,1,1,31.86
1596585,50.37,50.0,49.7,50.3,1,0,14.82,20.26,79049,1,1,1,31.86
1597091,50.37,50.0,49.7,50.3,1,0,14.82,20.26,79551,1,1,1,31.86
1597597,50.28,50.0,49.7,50.3,0,0,14.86,20.24,0,1,1,0,31.87
1598103,50.25,50.0,49.7,50.3,0,0,14.77,20.24,500,1,1,0,31.85
1598609,50.25,50.0,49.7,50.3,0,0,14.77,20.21,1000,1,1,0,31.85
1599115,50.18,50.0,49.7,50.3,0,0,14.62,20.21,1500,1,1,0,31.86
1599621,50.18,50.0,49.7,50.3,0,0,14.62,20.2,2000,1,1,0,31.86
1600127,50.15,50.0,49.7,50.3,0,0,14.64,20.19,2500,1,1,0,31.86
1600633,50.15,50.0,49.7,50.3,0,0,14.64,20.19,3000,1,1,0,31.86
1601139,50.11,50.0,49.7,50.3,0,0,14.58,20.19,3500,1,1,0,31.86
1601645,50.11,50.0,49.7,50.3,0,0,14.58,20.18,4000,1,1,0,31.86
1602151,50.02,50.0,49.7,50.3,0,0,14.6,20.14,4500,1,1,0,31.85
1602657,49.96,50.0,49.7,50.3,0,0,14.71,20.14,5000,1,1,0,31.83
1603163,49.96,50.0,49.7,50.3,0,0,14.71,20.1,5500,1,1,0,31.83
1603669,49.93,50.0,49.7,50.3,0,0,14.75,20.1,6002,1,1,0,31.86
1604175,49.93,50.0,49.7,50.3,0,0,14.75,20.12,6503,1,1,0,31.86
1604681,49.91,50.0,49.7,50.3,0,0,14.73,20.12,7003,1,1,0,31.87
1605187,49.91,50.0,49.7,50.3,0,0,14.73,20.13,7503,1,1,0,31.87
1605693,49.91,50.0,49.7,50.3,0,0,14.73,20.13,8003,1,1,0,31.87
1606199,49.91,50.0,49.7,50.3,0,0,14.73,20.13,8503,1,1,0,31.87
1606705,49.91,50.0,49.7,50.3,0,0,14.73,20.13,9003,1,1,0,31.87
1607211,49.91,50.0,49.7,50.3,0,0,14.73,20.13,9503,1,1,0,31.87
1607717,49.71,50.0,49.7,50.3,0,0,14.95,20.13,10003,1,1,0,31.86
1608223,49.71,50.0,49.7,50.3,0,0,14.95,20.05,10503,1,1,0,31.86
1608729,49.75,50.0,49.7,50.3,0,0,15.23,20.05,11003,1,1,0,31.85
1609235,49.75,50.0,49.7,50.3,0,0,15.23,20.05,11503,1,1,0,31.85
1609741,49.75,50.0,49.7,50.3,0,0,15.23,20.05,12003,1,1,0,31.85
1610247,49.61,50.0,49.7,50.3,0,0,15.25,20.0,12503,1,1,0,31.85
1610753,49.61,50.0,49.7,50.3,0,0,15.25,20.0,13003,1,1,0,31.85
1611259,49.55,50.0,49.7,50.3,0,0,15.55,20.0,13503,1,1,0,31.86
1611765,49.55,50.0,49.7,50.3,0,0,15.55,19.99,14003,1,1,0,31.86
1612271,49.55,50.0,49.7,50.3,0,0,15.55,19.99,14503,1,1,0,31.86
1612777,49.55,50.0,49.7,50.3,0,0,15.55,19.99,15003,1,1,0,31.86
1613283,49.48,50.0,49.7,50.3,0,0,15.71,19.99,15503,1,1,0,31.87
1613789,49.44,50.0,49.7,50.3,0,0,16.22,19.99,16004,1,1,0,31.85
1614295,49.44,50.0,49.7,50.3,0,0,16.22,19.95,16504,1,1,0,31.85
1614801,49.41,50.0,49.7,50.3,0,0,15.92,19.95,17004,1,1,0,31.86
1615307,49.41,50.0,49.7,50.3,0,0,15.92,19.95,17504,1,1,0,31.86
1615813,49.41,50.0,49.7,50.3,0,0,15.92,19.95,18004,1,1,0,31.86
1616319,49.41,50.0,49.7,50.3,0,0,15.92,19.95,18504,1,1,0,31.86
1616825,49.3,50.0,49.7,50.3,0,0,16.16,19.9,19004,1,1,0,31.85
1617331,49.3,50.0,49.7,50.3,0,0,16.25,19.9,19504,1,1,0,31.86
1617837,49.3,50.0,49.7,50.3,0,0,16.25,19.91,20004,1,1,0,31.86
1618343,49.23,50.0,49.7,50.3,0,0,16.38,19.91,20504,1,1,0,31.85
1618849,49.23,50.0,49.7,50.3,0,0,16.38,19.88,21004,1,1,0,31.85
1619355,49.25,50.0,49.7,50.3,0,0,16.61,19.88,21504,1,1,0,31.86
1619861,49.25,50.0,49.7,50.3,0,0,16.61,19.9,22004,1,1,0,31.86
1620367,49.18,50.0,49.7,50.3,0,0,16.63,19.87,22517,1,1,0,31.86
1620874,49.18,50.0,49.7,50.3,0,0,16.63,19.87,23017,1,1,0,31.86
1621381,49.15,50.0,49.7,50.3,0,0,16.81,19.87,23517,1,1,0,31.85
1621887,49.14,50.0,49.7,50.3,0,0,16.98,19.85,24017,1,1,0,31.87
1622393,49.14,50.0,49.7,50.3,0,0,16.98,19.87,24517,1,1,0,31.87
1622899,49.12,50.0,49.7,50.3,0,0,16.85,19.87,25017,1,1,0,31.89
1623405,49.1,50.0,49.7,50.3,0,0,17.07,19.88,25519,1,1,0,31.87
1623911,49.07,50.0,49.7,50.3,0,0,17.28,19.85,26525,1,1,0,31.87
1624417,49.07,50.0,49.7,50.3,0,0,17.28,19.85,27025,1,1,0,31.87
1624923,49.12,50.0,49.7,50.3,0,0,17.41,19.85,27525,1,1,0,31.86
1625441,49.08,50.0,49.7,50.3,0,0,17.48,19.85,28025,1,1,0,31.85
1625948,49.08,50.0,49.7,50.3,0,0,17.48,19.83,28525,1,1,0,31.85
1626454,49.1,50.0,49.7,50.3,0,0,17.6,19.86,29025,1,1,0,31.87
1626960,49.1,50.0,49.7,50.3,0,0,17.6,19.86,29525,1,1,0,31.87
1627466,49.1,50.0,49.7,50.3,0,0,17.6,19.86,30025,1,1,0,31.87
1627972,49.05,50.0,49.7,50.3,0,0,17.93,19.83,30525,1,1,0,31.86
1628478,49.05,50.0,49.7,50.3,0,0,17.93,19.83,31025,1,1,0,31.86
1628984,49.02,50.0,49.7,50.3,0,0,17.91,19.81,31525,1,1,0,31.85
1629490,49.02,50.0,49.7,50.3,0,0,18.04,19.82,32025,1,1,0,31.86
1629996,49.02,50.0,49.7,50.3,0,0,18.04,19.82,32525,1,1,0,31.86
1630502,49.04,50.0,49.7,50.3,0,0,18.12,19.82,33025,1,1,0,31.85
1631008,49.04,50.0,49.7,50.3,0,0,18.12,19.82,33525,1,1,0,31.85
1631514,49.06,50.0,49.7,50.3,0,0,18.12,19.84,34025,1,1,0,31.86
1632020,49.06,50.0,49.7,50.3,0,0,18.12,19.84,34525,1,1,0,31.86
1632526,49.06,50.0,49.7,50.3,0,0,18.12,19.84,35025,1,1,0,31.86
1633032,49.02,50.0,49.7,50.3,0,0,18.38,19.82,35525,1,0,0,31.86
1633538,49.02,50.0,49.7,50.3,0,0,18.38,19.82,36025,1,0,0,31.86
1634044,49.02,50.0,49.7,50.3,0,0,18.44,19.82,36525,1,0,0,31.86
1634550,49.02,50.0,49.7,50.3,0,0,18.44,19.82,37027,1,0,0,31.86
1635056,49.06,50.0,49.7,50.3,0,0,18.7,19.82,37528,1,0,0,31.85
1635562,49.06,50.0,49.7,50.3,0,0,18.7,19.82,38028,1,0,0,31.85
1636068,49.03,50.0,49.7,50.3,0,0,18.75,19.83,38528,1,0,0,31.86
1636575,49.03,50.0,49.7,50.3,0,0,18.75,19.83,39028,1,0,0,31.86
1637082,49.03,50.0,49.7,50.3,0,0,18.75,19.83,39528,1,0,0,31.86
1637588,49.05,50.0,49.7,50.3,0,0,18.96,19.83,40028,1,0,0,31.86
1638094,49.05,50.0,49.7,50.3,0,0,18.96,19.83,40528,1,0,0,31.89
1638600,49.05,50.0,49.7,50.3,0,0,18.96,19.86,41028,1,0,0,31.89
1639106,49.08,50.0,49.7,50.3,0,0,19.16,19.84,41528,1,0,0,31.86
1639612,49.08,50.0,49.7,50.3,0,0,19.16,19.84,42028,1,0,0,31.86
1640118,49.04,50.0,49.7,50.3,0,0,19.24,19.82,42540,1,0,0,31.85
1640624,49.04,50.0,49.7,50.3,0,0,19.24,19.82,43040,1,0,0,31.85
1641130,49.1,50.0,49.7,50.3,0,0,19.28,19.85,43540,1,0,0,31.86
1641636,49.08,50.0,49.7,50.3,0,0,19.54,19.84,44040,1,0,0,31.86
1642142,49.08,50.0,49.7,50.3,0,0,19.54,19.84,44540,1,0,0,31.86
1642648,49.12,50.0,49.7,50.3,0,0,19.2,19.88,45040,1,0,0,31.89
1643154,49.12,50.0,49.7,50.3,0,0,19.5,19.87,45540,1,0,0,31.87
1643660,49.12,50.0,49.7,50.3,0,0,19.52,19.87,46040,1,0,0,31.87
1644166,49.12,50.0,49.7,50.3,0,0,19.52,19.87,46540,1,0,0,31.87
1644672,49.14,50.0,49.7,50.3,0,0,19.74,19.87,47040,1,0,0,31.87
1645178,49.14,50.0,49.7,50.3,0,0,19.74,19.87,47540,1,0,0,31.87
1645684,49.15,50.0,49.7,50.3,0,0,19.8,19.87,48040,1,0,0,31.86
1646190,49.18,50.0,49.7,50.3,0,0,19.78,19.87,48540,1,0,0,31.87
1646696,49.22,50.0,49.7,50.3,0,0,19.97,19.89,49040,1,0,0,31.87
1647202,49.22,50.0,49.7,50.3,0,0,19.97,19.9,49540,1,0,0,31.87
1647708,49.18,50.0,49.7,50.3,0,0,19.97,19.9,50040,1,0,0,31.87
1648214,49.18,50.0,49.7,50.3,0,0,19.97,19.89,50540,1,0,0,31.87
1648720,49.24,50.0,49.7,50.3,0,0,20.51,19.89,51041,1,0,0,31.87
1649226,49.2,50.0,49.7,50.3,0,0,20.15,19.91,51542,1,0,0,31.89
1649732,49.2,50.0,49.7,50.3,0,0,20.15,19.91,52044,1,0,0,31.89
1650238,49.24,50.0,49.7,50.3,0,0,20.38,19.92,52545,1,0,0,31.89
1650744,49.25,50.0,49.7,50.3,0,0,20.45,19.92,53045,1,0,0,31.86
1651250,49.25,50.0,49.7,50.3,0,0,20.45,19.9,53545,1,0,0,31.86
1651756,49.25,50.0,49.7,50.3,0,0,20.45,19.9,54045,1,0,0,31.86
1652262,49.26,50.0,49.7,50.3,0,0,20.6,19.91,54545,1,0,0,31.87
1652768,49.31,50.0,49.7,50.3,0,0,20.47,19.91,55045,1,0,0,31.85
1653283,49.29,50.0,49.7,50.3,0,0,20.4,19.91,55545,1,0,0,31.86
1653790,49.29,50.0,49.7,50.3,0,0,20.4,19.91,56045,1,0,0,31.86
1654296,49.29,50.0,49.7,50.3,0,0,20.4,19.91,56545,1,0,0,31.86
1654802,49.35,50.0,49.7,50.3,0,0,20.77,19.92,57045,1,0,0,31.85
1655308,49.37,50.0,49.7,50.3,0,0,20.9,19.92,57545,1,0,0,31.89
1655814,49.39,50.0,49.7,50.3,0,0,21.03,19.96,58045,1,0,0,31.89
1656320,49.39,50.0,49.7,50.3,0,0,21.03,19.97,58545,1,0,0,31.89
1656826,49.35,50.0,49.7,50.3,0,0,20.86,19.97,59045,1,0,0,31.87
1657332,49.37,50.0,49.7,50.3,0,0,21.1,19.94,59545,1,0,0,31.89
1657838,49.37,50.0,49.7,50.3,0,0,21.1,19.96,60045,1,0,0,31.89
1658344,49.39,50.0,49.7,50.3,0,0,21.16,19.95,60552,1,0,0,31.87
1658850,49.44,50.0,49.7,50.3,0,0,21.18,19.95,61052,1,0,0,31.89
1659356,49.44,50.0,49.7,50.3,0,0,21.18,19.99,61552,1,0,0,31.89
1659862,49.45,50.0,49.7,50.3,0,0,21.2,19.99,62052,1,0,0,31.87
1660368,49.45,50.0,49.7,50.3,0,0,21.2,19.98,62552,1,0,0,31.87
1660874,49.41,50.0,49.7,50.3,0,0,21.22,19.98,63052,1,0,0,31.86
1661380,49.48,50.0,49.7,50.3,0,0,21.4,19.95,63552,1,0,0,31.89
1661886,49.48,50.0,49.7,50.3,0,0,21.4,20.0,64052,1,0,0,31.89
1662392,49.5,50.0,49.7,50.3,0,0,21.61,20.0,64552,1,0,0,31.86
1662898,49.53,50.0,49.7,50.3,0,0,21.64,19.98,65052,1,0,0,31.87
1663404,49.53,50.0,49.7,50.3,0,0,21.64,20.0,65552,1,0,0,31.87
1663910,49.49,50.0,49.7,50.3,0,0,21.46,20.0,66052,1,0,0,31.87
1664416,49.54,50.0,49.7,50.3,0,0,21.57,19.99,66552,1,0,0,31.89
1664922,49.54,50.0,49.7,50.3,0,0,21.57,20.02,67052,1,0,0,31.89
1665428,49.59,50.0,49.7,50.3,0,0,21.7,20.02,67552,1,0,0,31.87
1665934,49.56,50.0,49.7,50.3,0,0,21.68,20.02,68052,1,0,0,31.87
1666440,49.61,50.0,49.7,50.3,0,0,21.85,20.04,69054,1,0,0,31.89
1666946,49.61,50.0,49.7,50.3,0,0,21.85,20.04,69554,1,0,0,31.89
1667452,49.59,50.0,49.7,50.3,0,0,21.94,20.01,70054,1,0,0,31.86
1667958,49.59,50.0,49.7,50.3,0,0,21.94,20.01,70554,1,0,0,31.86
1668464,49.59,50.0,49.7,50.3,0,0,21.94,20.01,71054,1,0,0,31.86
1668970,49.64,50.0,49.7,50.3,0,0,22.05,20.04,71554,1,0,0,31.87
1669476,49.67,50.0,49.7,50.3,0,0,21.96,20.07,72054,1,0,0,31.9
1669984,49.67,50.0,49.7,50.3,0,0,21.96,20.07,72554,1,0,0,31.9
1670490,49.67,50.0,49.7,50.3,0,0,21.96,20.07,73054,1,0,0,31.9
1670996,49.68,50.0,49.7,50.3,0,0,22.07,20.05,73554,1,0,0,31.87
1671502,49.68,50.0,49.7,50.3,0,0,22.07,20.05,74054,1,0,0,31.87
1672008,49.68,50.0,49.7,50.3,0,0,22.07,20.05,74554,1,0,0,31.87
1672514,49.72,50.0,49.7,50.3,1,0,22.22,20.06,0,1,0,0,31.87
1673020,49.72,50.0,49.7,50.3,1,0,22.22,20.06,500,1,0,0,31.87
1673526,49.72,50.0,49.7,50.3,1,0,22.22,20.06,1000,1,0,0,31.87
1674032,49.72,50.0,49.7,50.3,1,0,22.22,20.06,1500,1,0,0,31.87
1674538,49.79,50.0,49.7,50.3,1,0,22.44,20.06,2000,1,0,0,31.89
1675044,49.79,50.0,49.7,50.3,1,0,22.44,20.1,2500,1,0,0,31.89
1675550,49.8,50.0,49.7,50.3,1,0,22.57,20.08,3000,1,0,0,31.86
1676056,49.8,50.0,49.7,50.3,1,0,22.57,20.08,3500,1,0,0,31.86
1676562,49.81,50.0,49.7,50.3,1,0,22.44,20.11,4000,1,0,0,31.89
1677068,49.81,50.0,49.7,50.3,1,0,22.44,20.11,4500,1,0,0,31.89
1677574,49.81,50.0,49.7,50.3,1,0,22.44,20.11,5000,1,0,0,31.89
1678080,49.86,50.0,49.7,50.3,1,0,22.05,20.11,5500,1,0,0,31.87
1678586,49.86,50.0,49.7,50.3,1,0,22.05,20.11,6000,1,0,0,31.87
1679092,49.89,50.0,49.7,50.3,1,0,22.24,20.13,6500,1,0,0,31.89
1679598,49.9,50.0,49.7,50.3,1,0,22.42,20.13,7000,1,0,0,31.89
1680105,49.9,50.0,49.7,50.3,1,0,22.2,20.14,7500,1,0,0,31.87
1680612,49.9,50.0,49.7,50.3,1,0,22.2,20.12,8000,1,0,0,31.87
1681118,49.94,50.0,49.7,50.3,1,0,22.11,20.12,8500,1,0,0,31.87
1681624,49.94,50.0,49.7,50.3,1,0,22.11,20.13,9000,1,0,0,31.87
1682130,49.98,50.0,49.7,50.3,1,0,22.18,20.16,9500,1,0,0,31.89
1682636,49.98,50.0,49.7,50.3,1,0,22.18,20.16,10000,1,0,0,31.89
1683142,49.98,50.0,49.7,50.3,1,0,22.18,20.16,10500,1,0,0,31.89
1683648,49.98,50.0,49.7,50.3,1,0,21.83,20.16,11000,1,0,0,31.89
1684154,50.01,50.0,49.7,50.3,1,0,21.79,20.16,11500,1,0,0,31.87
1684660,50.01,50.0,49.7,50.3,1,0,21.79,20.16,12000,1,0,0,31.89
1685166,50.01,50.0,49.7,50.3,1,0,21.79,20.17,12500,1,0,0,31.89
1685672,49.99,50.0,49.7,50.3,1,0,21.72,20.17,13000,1,0,0,31.89
1686178,50.11,50.0,49.7,50.3,1,0,21.64,20.17,13500,1,0,0,31.87
1686684,50.11,50.0,49.7,50.3,1,0,21.64,20.19,14000,1,0,0,31.87
1687190,50.06,50.0,49.7,50.3,1,0,21.48,20.16,14500,1,0,0,31.86
1687696,50.1,50.0,49.7,50.3,1,0,21.29,20.16,15000,1,0,0,31.87
1688202,50.1,50.0,49.7,50.3,1,0,21.29,20.19,15500,1,0,0,31.87
1688708,50.1,50.0,49.7,50.3,1,0,21.25,20.21,16000,1,0,0,31.9
1689214,50.1,50.0,49.7,50.3,1,0,21.25,20.21,16500,1,0,0,31.9
1689720,50.16,50.0,49.7,50.3,1,0,21.05,20.22,17000,1,0,0,31.89
1690226,50.15,50.0,49.7,50.3,1,0,20.99,20.22,17500,1,0,0,31.89
1690732,50.15,50.0,49.7,50.3,1,0,20.99,20.22,18000,1,0,0,31.89
1691238,50.17,50.0,49.7,50.3,1,0,21.03,20.21,18500,1,0,0,31.87
1691744,50.17,50.0,49.7,50.3,1,0,21.03,20.21,19000,1,0,0,31.87
1692250,50.24,50.0,49.7,50.3,1,0,20.6,20.21,19500,1,0,0,31.87
1692756,50.24,50.0,49.7,50.3,1,0,20.6,20.23,20000,1,0,0,31.87
1693262,50.24,50.0,49.7,50.3,1,0,20.6,20.23,20500,1,0,0,31.87
1693768,50.24,50.0,49.7,50.3,1,0,20.6,20.23,21000,1,0,0,31.87
1694274,50.35,50.0,49.7,50.3,1,0,20.64,20.23,21500,1,0,0,31.87
1694780,50.35,50.0,49.7,50.3,1,0,20.64,20.27,22000,1,0,0,31.87
1695286,50.35,50.0,49.7,50.3,1,0,20.62,20.28,22500,1,0,0,31.89
1695792,50.39,50.0,49.7,50.3,1,0,20.17,20.28,23000,1,0,0,31.9
1696298,50.39,50.0,49.7,50.3,1,0,20.17,20.31,23500,1,0,0,31.9
1696804,50.4,50.0,49.7,50.3,1,0,20.21,20.31,24000,1,0,0,31.89
1697310,50.4,50.0,49.7,50.3,1,0,20.21,20.3,24500,1,0,0,31.89
1697816,50.47,50.0,49.7,50.3,1,0,19.76,20.3,25000,1,0,0,31.89
1698322,50.47,50.0,49.7,50.3,1,0,19.76,20.32,25500,1,0,0,31.89
1698828,50.51,50.0,49.7,50.3,1,0,19.95,20.32,26000,1,0,0,31.89
1699337,50.51,50.0,49.7,50.3,1,0,19.95,20.33,26500,1,0,0,31.89
1699844,50.55,50.0,49.7,50.3,1,0,20.17,20.33,27000,1,0,0,31.89
1700350,50.55,50.0,49.7,50.3,1,0,20.17,20.35,27500,1,0,0,31.89
1700856,50.59,50.0,49.7,50.3,1,0,19.8,20.35,28000,1,0,0,31.86
1701362,50.59,50.0,49.7,50.3,1,0,19.8,20.33,28500,1,0,0,31.86
1701868,50.63,50.0,49.7,50.3,1,0,19.5,20.33,29000,1,0,0,31.9
1702374,50.63,50.0,49.7,50.3,1,0,19.5,20.38,29500,1,0,0,31.9
1702880,50.68,50.0,49.7,50.3,1,0,19.46,20.38,30000,1,0,0,31.87
1703386,50.68,50.0,49.7,50.3,1,0,19.46,20.37,30500,1,0,0,31.87
1703892,50.68,50.0,49.7,50.3,1,0,19.46,20.37,31000,1,0,0,31.87
1704398,50.79,50.0,49.7,50.3,1,0,19.35,20.37,31500,1,0,0,31.87
1704904,50.82,50.0,49.7,50.3,1,0,19.28,20.41,32000,1,0,0,31.89
1705410,50.83,50.0,49.7,50.3,1,0,19.16,20.43,32500,1,0,0,31.89
1705916,50.83,50.0,49.7,50.3,1,0,19.16,20.44,33000,1,0,0,31.89
1706423,50.83,50.0,49.7,50.3,1,0,19.16,20.44,33500,1,0,0,31.89
1706930,50.83,50.0,49.7,50.3,1,0,19.16,20.44,34000,1,0,0,31.89
1707436,50.9,50.0,49.7,50.3,1,0,18.83,20.44,34500,1,0,0,31.89
1707942,50.98,50.0,49.7,50.3,1,0,18.83,20.46,35002,1,1,0,31.9
1708448,50.98,50.0,49.7,50.3,1,0,18.83,20.5,35508,1,1,0,31.9
1708954,50.99,50.0,49.7,50.3,1,0,18.55,20.47,36514,1,1,0,31.87
1709460,51.0,50.0,49.7,50.3,1,0,18.66,20.5,37014,1,1,0,31.9
1709966,51.0,50.0,49.7,50.3,1,0,18.66,20.5,37514,1,1,0,31.9
1710472,51.04,50.0,49.7,50.3,1,0,18.55,20.48,38014,1,1,0,31.86
1710978,51.04,50.0,49.7,50.3,1,0,18.55,20.48,38514,1,1,0,31.86
1711484,51.08,50.0,49.7,50.3,1,0,18.49,20.51,39014,1,1,0,31.89
1711990,51.09,50.0,49.7,50.3,1,0,18.47,20.52,39523,1,1,0,31.89
1712496,51.09,50.0,49.7,50.3,1,0,18.47,20.52,40023,1,1,0,31.89
1713002,51.09,50.0,49.7,50.3,1,0,18.47,20.52,40523,1,1,0,31.89
1713508,51.1,50.0,49.7,50.3,1,0,18.06,20.52,41023,1,1,0,31.89
1714015,51.1,50.0,49.7,50.3,1,0,18.06,20.52,41523,1,1,0,31.89
1714522,51.17,50.0,49.7,50.3,1,0,17.99,20.54,42023,1,1,0,31.89
1715028,51.17,50.0,49.7,50.3,1,0,17.99,20.54,42523,1,1,0,31.89
1715534,51.2,50.0,49.7,50.3,1,0,17.88,20.56,43023,1,1,0,31.9
1716040,51.2,50.0,49.7,50.3,1,0,17.88,20.56,43523,1,1,0,31.9
1716546,51.24,50.0,49.7,50.3,1,0,17.67,20.55,44023,1,1,0,31.87
1717052,51.24,50.0,49.7,50.3,1,0,17.67,20.55,44523,1,1,0,31.87
1717558,51.24,50.0,49.7,50.3,1,0,17.97,20.57,45023,1,1,0,31.89
1718064,51.25,50.0,49.7,50.3,1,0,17.65,20.55,45523,1,1,0,31.87
1718570,51.24,50.0,49.7,50.3,1,0,17.67,20.55,46023,1,1,0,31.87
1719077,51.23,50.0,49.7,50.3,1,0,17.45,20.55,46523,1,1,0,31.86
1719584,51.23,50.0,49.7,50.3,1,0,17.45,20.54,47023,1,1,0,31.86
1720090,51.27,50.0,49.7,50.3,1,0,17.54,20.57,47523,1,1,0,31.89
1720596,51.25,50.0,49.7,50.3,1,0,17.39,20.57,48023,1,1,0,31.89
1721102,51.24,50.0,49.7,50.3,1,0,17.43,20.57,48533,1,1,0,31.89
1721608,51.24,50.0,49.7,50.3,1,0,17.43,20.57,49033,1,1,0,31.89
1722114,51.24,50.0,49.7,50.3,1,0,17.43,20.57,49533,1,1,0,31.89
1722620,51.24,50.0,49.7,50.3,1,0,17.26,20.57,50033,1,1,0,31.89
1723126,51.25,50.0,49.7,50.3,1,0,17.15,20.58,50533,1,1,0,31.9
1723632,51.24,50.0,49.7,50.3,1,0,17.09,20.58,51033,1,1,0,31.89
1724138,51.24,50.0,49.7,50.3,1,0,17.09,20.57,51533,1,1,0,31.89
1724644,51.23,50.0,49.7,50.3,1,0,16.79,20.56,52033,1,1,0,31.89
1725150,51.23,50.0,49.7,50.3,1,0,16.79,20.56,52533,1,1,0,31.89
1725656,51.23,50.0,49.7,50.3,1,0,16.79,20.56,53033,1,1,0,31.89
1726162,51.21,50.0,49.7,50.3,1,0,16.92,20.56,53533,1,1,0,31.86
1726668,51.21,50.0,49.7,50.3,1,0,16.92,20.53,54033,1,1,0,31.86
1727174,51.24,50.0,49.7,50.3,1,0,16.61,20.57,54533,1,1,0,31.89
1727680,51.21,50.0,49.7,50.3,1,0,16.81,20.57,55034,1,1,0,31.86
1728186,51.21,50.0,49.7,50.3,1,0,16.81,20.53,55534,1,1,0,31.86
1728692,51.21,50.0,49.7,50.3,1,0,16.81,20.53,56034,1,1,0,31.86
1729198,51.16,50.0,49.7,50.3,1,0,16.18,20.54,56534,1,1,0,31.89
1729704,51.16,50.0,49.7,50.3,1,0,16.18,20.54,57034,1,1,0,31.89
1730210,51.14,50.0,49.7,50.3,1,0,16.46,20.54,57534,1,1,0,31.89
1730716,51.13,50.0,49.7,50.3,1,0,16.53,20.5,58034,1,1,0,31.86
1731223,51.13,50.0,49.7,50.3,1,0,16.53,20.5,58534,1,1,0,31.86
1731730,51.11,50.0,49.7,50.3,1,0,16.2,20.5,59034,1,1,0,31.86
1732236,51.11,50.0,49.7,50.3,1,0,16.2,20.5,59534,1,1,0,31.86
1732742,51.08,50.0,49.7,50.3,1,0,16.2,20.5,60034,1,1,0,31.89
1733248,51.08,50.0,49.7,50.3,1,0,16.2,20.51,60534,1,1,0,31.89
1733754,51.08,50.0,49.7,50.3,1,0,16.16,20.51,61034,1,1,0,31.89
1734260,51.08,50.0,49.7,50.3,1,0,16.16,20.51,61534,1,1,0,31.89
1734766,51.04,50.0,49.7,50.3,1,0,15.99,20.46,62034,1,1,0,31.85
1735272,51.01,50.0,49.7,50.3,1,0,15.73,20.51,62534,1,1,0,31.9
1735778,50.99,50.0,49.7,50.3,1,0,15.99,20.47,63049,1,1,0,31.87
1736284,50.97,50.0,49.7,50.3,1,0,15.9,20.47,63549,1,1,0,31.87
1736790,50.93,50.0,49.7,50.3,1,0,16.01,20.46,64049,1,1,0,31.89
1737296,50.93,50.0,49.7,50.3,1,0,16.01,20.47,64549,1,1,0,31.89
1737802,50.93,50.0,49.7,50.3,1,0,16.01,20.47,65049,1,1,0,31.89
1738308,50.93,50.0,49.7,50.3,1,0,16.01,20.47,65549,1,1,0,31.89
1738814,50.93,50.0,49.7,50.3,1,0,16.01,20.47,66049,1,1,0,31.89
1739320,50.93,50.0,49.7,50.3,1,0,16.01,20.47,66549,1,1,0,31.89
1739826,50.85,50.0,49.7,50.3,1,0,15.34,20.47,67049,1,1,0,31.87
1740332,50.85,50.0,49.7,50.3,1,0,15.34,20.43,67549,1,1,0,31.87
1740838,50.75,50.0,49.7,50.3,1,0,15.75,20.41,68049,1,1,0,31.89
1741344,50.75,50.0,49.7,50.3,1,0,15.75,20.41,68552,1,1,0,31.89
1741850,50.74,50.0,49.7,50.3,1,0,15.47,20.42,69053,1,1,0,31.9
1742356,50.74,50.0,49.7,50.3,1,0,15.47,20.42,69553,1,1,0,31.9
1742862,50.7,50.0,49.7,50.3,1,0,15.4,20.42,70053,1,1,0,31.89
1743368,50.7,50.0,49.7,50.3,1,0,15.4,20.39,70553,1,1,0,31.89
1743874,50.66,50.0,49.7,50.3,1,0,15.51,20.39,71053,1,1,0,31.87
1744380,50.66,50.0,49.7,50.3,1,0,15.51,20.37,71553,1,1,0,31.87
1744886,50.58,50.0,49.7,50.3,1,0,15.25,20.37,72053,1,1,0,31.87
1745392,50.56,50.0,49.7,50.3,1,0,15.23,20.34,72553,1,1,0,31.89
1745898,50.53,50.0,49.7,50.3,1,0,15.29,20.35,73053,1,1,0,31.87
1746404,50.53,50.0,49.7,50.3,1,0,15.29,20.33,73553,1,1,0,31.87
1746910,50.53,50.0,49.7,50.3,1,0,15.29,20.33,74053,1,1,0,31.87
1747416,50.47,50.0,49.7,50.3,1,0,15.16,20.33,74553,1,1,0,31.87
1747922,50.47,50.0,49.7,50.3,1,0,15.16,20.3,75053,1,1,1,31.87
1748428,50.4,50.0,49.7,50.3,1,0,15.01,20.3,75553,1,1,1,31.86
1748934,50.4,50.0,49.7,50.3,1,0,15.01,20.27,76053,1,1,1,31.86
1749440,50.41,50.0,49.7,50.3,1,0,14.8,20.27,76553,1,1,1,31.85
1749946,50.35,50.0,49.7,50.3,1,0,14.9,20.26,77053,1,1,1,31.87
1750452,50.29,50.0,49.7,50.3,1,0,14.71,20.27,77553,1,1,1,31.86
1750958,50.29,50.0,49.7,50.3,0,0,14.71,20.23,0,1,1,0,31.86
1751465,50.26,50.0,49.7,50.3,0,0,14.9,20.23,500,1,1,0,31.87
1751971,50.26,50.0,49.7,50.3,0,0,14.9,20.24,1000,1,1,0,31.87
1752477,50.22,50.0,49.7,50.3,0,0,14.88,20.24,1500,1,1,0,31.86
1752983,50.22,50.0,49.7,50.3,0,0,14.88,20.21,2000,1,1,0,31.86
1753489,50.14,50.0,49.7,50.3,0,0,14.75,20.21,2500,1,1,0,31.87
1753995,50.15,50.0,49.7,50.3,0,0,14.71,20.22,3502,1,1,0,31.89
1754501,50.15,50.0,49.7,50.3,0,0,14.71,20.22,4002,1,1,0,31.89
1755007,50.09,50.0,49.7,50.3,0,0,14.73,20.17,4502,1,1,0,31.86
1755513,50.0,50.0,49.7,50.3,0,0,14.77,20.13,5002,1,1,0,31.85
1756019,50.04,50.0,49.7,50.3,0,0,14.82,20.13,5502,1,1,0,31.85
1756526,50.04,50.0,49.7,50.3,0,0,14.82,20.14,6002,1,1,0,31.85
1757032,49.92,50.0,49.7,50.3,0,0,14.97,20.1,6502,1,1,0,31.85
1757538,49.92,50.0,49.7,50.3,0,0,14.97,20.1,7005,1,1,0,31.85
1758044,49.9,50.0,49.7,50.3,0,0,14.86,20.11,7506,1,1,0,31.86
1758550,49.83,50.0,49.7,50.3,0,0,15.1,20.09,8007,1,1,0,31.86
1759056,49.83,50.0,49.7,50.3,0,0,15.1,20.1,8509,1,1,0,31.87
1759562,49.83,50.0,49.7,50.3,0,0,15.1,20.1,9009,1,1,0,31.87
1760068,49.83,50.0,49.7,50.3,0,0,15.1,20.1,9509,1,1,0,31.87
1760574,49.79,50.0,49.7,50.3,0,0,15.14,20.1,10009,1,1,0,31.86
1761080,49.79,50.0,49.7,50.3,0,0,15.14,20.07,10509,1,1,0,31.86
1761586,49.79,50.0,49.7,50.3,0,0,15.14,20.07,11009,1,1,0,31.86
1762092,49.79,50.0,49.7,50.3,0,0,15.14,20.07,11509,1,1,0,31.86
1762598,49.65,50.0,49.7,50.3,0,0,15.36,20.03,12009,1,1,0,31.86
1763104,49.61,50.0,49.7,50.3,0,0,15.51,20.02,12509,1,1,0,31.86
1763611,49.56,50.0,49.7,50.3,0,0,15.62,20.02,13009,1,1,0,31.86
1764118,49.56,50.0,49.7,50.3,0,0,15.62,20.0,13509,1,1,0,31.86
1764624,49.52,50.0,49.7,50.3,0,0,15.49,19.99,14009,1,1,0,31.86
1765130,49.52,50.0,49.7,50.3,0,0,15.49,19.99,14509,1,1,0,31.86
1765636,49.49,50.0,49.7,50.3,0,0,16.07,19.98,15009,1,1,0,31.86
1766142,49.49,50.0,49.7,50.3,0,0,16.07,19.98,15509,1,1,0,31.86
1766648,49.42,50.0,49.7,50.3,0,0,15.77,19.95,16009,1,1,0,31.86
1767155,49.42,50.0,49.7,50.3,0,0,15.77,19.95,16509,1,1,0,31.86
1767661,49.37,50.0,49.7,50.3,0,0,16.01,19.95,17009,1,1,0,31.87
1768167,49.37,50.0,49.7,50.3,0,0,16.01,19.95,17509,1,1,0,31.87
1768673,49.31,50.0,49.7,50.3,0,0,16.33,19.92,18009,1,1,0,31.86
1769179,49.31,50.0,49.7,50.3,0,0,16.33,19.92,18509,1,1,0,31.86
1769685,49.25,50.0,49.7,50.3,0,0,16.38,19.9,19009,1,1,0,31.86
1770191,49.25,50.0,49.7,50.3,0,0,16.38,19.9,19509,1,1,0,31.86
1770697,49.25,50.0,49.7,50.3,0,0,16.57,19.9,20009,1,1,0,31.86
1771204,49.24,50.0,49.7,50.3,0,0,16.51,19.9,20509,1,1,0,31.87
1771711,49.24,50.0,49.7,50.3,0,0,16.51,19.91,21012,1,1,0,31.87
1772217,49.18,50.0,49.7,50.3,0,0,16.61,19.87,21513,1,1,0,31.86
1772723,49.17,50.0,49.7,50.3,0,0,16.92,19.87,22015,1,1,0,31.86
1773229,49.17,50.0,49.7,50.3,0,0,16.89,19.87,22515,1,1,0,31.86
1773735,49.17,50.0,49.7,50.3,0,0,16.89,19.87,23015,1,1,0,31.86
1774241,49.23,50.0,49.7,50.3,0,0,16.89,19.92,23515,1,1,0,31.89
1774747,49.23,50.0,49.7,50.3,0,0,16.89,19.92,24015,1,1,0,31.89
1775263,49.12,50.0,49.7,50.3,0,0,17.0,19.92,24515,1,1,0,31.86
1775770,49.12,50.0,49.7,50.3,0,0,17.0,19.85,25015,1,1,0,31.86
1776276,49.07,50.0,49.7,50.3,0,0,17.11,19.83,25515,1,1,0,31.85
1776782,49.07,50.0,49.7,50.3,0,0,17.11,19.83,26015,1,1,0,31.85
1777288,48.99,50.0,49.7,50.3,0,0,17.54,19.83,26515,1,1,0,31.86
1777794,48.99,50.0,49.7,50.3,0,0,17.54,19.81,27015,1,1,0,31.86
1778300,49.03,50.0,49.7,50.3,0,0,17.5,19.81,27515,1,1,0,31.87
1778806,49.02,50.0,49.7,50.3,0,0,17.8,19.84,28015,1,1,0,31.86
1779312,49.02,50.0,49.7,50.3,0,0,17.8,19.82,28515,1,1,0,31.86
1779818,49.02,50.0,49.7,50.3,0,0,17.54,19.82,29015,1,1,0,31.86
1780324,49.02,50.0,49.7,50.3,0,0,17.54,19.82,29515,1,1,0,31.86
1780830,49.05,50.0,49.7,50.3,0,0,17.73,19.83,30015,1,1,0,31.86
1781336,49.02,50.0,49.7,50.3,0,0,17.84,19.83,30515,1,1,0,31.86
1781842,49.02,50.0,49.7,50.3,0,0,17.84,19.82,31015,1,1,0,31.86
1782348,48.99,50.0,49.7,50.3,0,0,17.67,19.82,31515,1,1,0,31.85
1782854,48.98,50.0,49.7,50.3,0,0,18.23,19.8,32015,1,1,0,31.89
1783360,48.99,50.0,49.7,50.3,0,0,18.21,19.84,32515,1,1,0,31.86
1783873,48.99,50.0,49.7,50.3,0,0,17.93,19.81,33015,1,1,0,31.86
1784380,48.99,50.0,49.7,50.3,0,0,17.93,19.81,33515,1,1,0,31.86
1784886,48.97,50.0,49.7,50.3,0,0,18.53,19.81,34015,1,1,0,31.85
1785392,48.97,50.0,49.7,50.3,0,0,18.53,19.79,34515,1,0,0,31.85
1785898,49.02,50.0,49.7,50.3,0,0,18.49,19.79,35015,1,0,0,31.86
1786404,49.02,50.0,49.7,50.3,0,0,18.49,19.82,35515,1,0,0,31.86
1786910,48.96,50.0,49.7,50.3,0,0,18.75,19.82,36015,1,0,0,31.86
1787416,49.01,50.0,49.7,50.3,0,0,18.57,19.8,36515,1,0,0,31.85
1787922,49.01,50.0,49.7,50.3,0,0,18.57,19.81,37015,1,0,0,31.85
1788428,49.01,50.0,49.7,50.3,0,0,18.57,19.81,37515,1,0,0,31.85
1788934,48.99,50.0,49.7,50.3,0,0,18.94,19.81,38015,1,0,0,31.87
1789440,49.03,50.0,49.7,50.3,0,0,19.0,19.82,38515,1,0,0,31.86
1789946,49.03,50.0,49.7,50.3,0,0,19.0,19.83,39015,1,0,0,31.86
1790452,49.01,50.0,49.7,50.3,0,0,18.79,19.82,39515,1,0,0,31.86
1790958,49.04,50.0,49.7,50.3,0,0,19.13,19.82,40015,1,0,0,31.85
1791468,49.04,50.0,49.7,50.3,0,0,19.13,19.82,40515,1,0,0,31.85
1791975,49.02,50.0,49.7,50.3,0,0,19.13,19.82,41015,1,0,0,31.87
1792481,49.01,50.0,49.7,50.3,0,0,19.31,19.83,41515,1,0,0,31.86
1792987,49.06,50.0,49.7,50.3,0,0,19.26,19.82,42015,1,0,0,31.83
1793493,49.06,50.0,49.7,50.3,0,0,19.26,19.81,42515,1,0,0,31.83
1793999,49.06,50.0,49.7,50.3,0,0,19.37,19.81,43015,1,0,0,31.86
1794505,49.06,50.0,49.7,50.3,0,0,19.37,19.84,43515,1,0,0,31.86
1795011,49.05,50.0,49.7,50.3,0,0,19.44,19.83,44518,1,0,0,31.86
1795520,49.05,50.0,49.7,50.3,0,0,19.44,19.83,45018,1,0,0,31.86
1796026,49.1,50.0,49.7,50.3,0,0,19.52,19.88,45518,1,0,0,31.89
1796532,49.03,50.0,49.7,50.3,0,0,19.46,19.83,46018,1,0,0,31.86
1797038,49.1,50.0,49.7,50.3,0,0,19.82,19.85,46518,1,0,0,31.86
1797544,49.1,50.0,49.7,50.3,0,0,19.82,19.85,47018,1,0,0,31.86
1798050,49.1,50.0,49.7,50.3,0,0,19.82,19.85,47518,1,0,0,31.86
1798556,49.13,50.0,49.7,50.3,0,0,19.8,19.87,48018,1,0,0,31.87
1799062,49.14,50.0,49.7,50.3,0,0,20.84,19.86,48518,1,0,0,31.86
1799572,49.14,50.0,49.7,50.3,0,0,20.84,19.86,49018,1,0,0,31.86
1800078,49.14,50.0,49.7,50.3,0,0,20.08,19.87,49518,1,0,0,31.87
1800584,49.15,50.0,49.7,50.3,0,0,20.0,19.87,50018,1,0,0,31.86
1801090,49.15,50.0,49.7,50.3,0,0,20.0,19.87,50518,1,0,0,31.86
1801596,49.1,50.0,49.7,50.3,0,0,20.25,19.88,51018,1,0,0,31.89
1802102,49.1,50.0,49.7,50.3,0,0,20.25,19.88,51518,1,0,0,31.89
1802608,49.18,50.0,49.7,50.3,0,0,20.3,19.87,52018,1,0,0,31.86
1803114,49.19,50.0,49.7,50.3,0,0,20.36,19.87,52518,1,0,0,31.87
1803637,49.24,50.0,49.7,50.3,0,0,20.38,19.89,53018,1,0,0,31.86
1804144,49.24,50.0,49.7,50.3,0,0,20.38,19.89,53518,1,0,0,31.86
1804650,49.27,50.0,49.7,50.3,0,0,20.45,19.93,54018,1,0,0,31.89
1805156,49.24,50.0,49.7,50.3,0,0,20.53,19.91,54518,1,0,0,31.87
1805662,49.24,50.0,49.7,50.3,0,0,20.53,19.91,55018,1,0,0,31.87
1806168,49.25,50.0,49.7,50.3,0,0,20.56,19.91,55523,1,0,0,31.87
1806674,49.28,50.0,49.7,50.3,0,0,20.04,19.91,56023,1,0,0,31.89
1807180,49.28,50.0,49.7,50.3,0,0,20.04,19.93,56523,1,0,0,31.89
1807686,49.28,50.0,49.7,50.3,0,0,20.71,19.93,57023,1,0,0,31.89
1808192,49.28,50.0,49.7,50.3,0,0,20.71,19.93,57523,1,0,0,31.89
1808698,49.29,50.0,49.7,50.3,0,0,20.84,19.95,58023,1,0,0,31.9
1809204,49.36,50.0,49.7,50.3,0,0,20.88,19.95,58523,1,0,0,31.87
1809710,49.36,50.0,49.7,50.3,0,0,20.88,19.95,59023,1,0,0,31.87
1810216,49.36,50.0,49.7,50.3,0,0,20.88,19.95,59523,1,0,0,31.87
1810722,49.31,50.0,49.7,50.3,0,0,21.27,19.96,60023,1,0,0,31.9
1811228,49.39,50.0,49.7,50.3,0,0,21.07,19.96,60523,1,0,0,31.9
1811734,49.39,50.0,49.7,50.3,0,0,21.07,19.98,61023,1,0,0,31.9
1812240,49.45,50.0,49.7,50.3,0,0,21.22,19.98,61523,1,0,0,31.87
1812746,49.42,50.0,49.7,50.3,0,0,21.18,19.98,62023,1,0,0,31.87
1813252,49.42,50.0,49.7,50.3,0,0,21.18,19.97,62523,1,0,0,31.87
1813758,49.48,50.0,49.7,50.3,0,0,21.29,19.97,63023,1,0,0,31.87
1814264,49.48,50.0,49.7,50.3,0,0,21.29,19.99,63523,1,0,0,31.87
1814770,49.48,50.0,49.7,50.3,0,0,21.38,19.97,64023,1,0,0,31.86
1815276,49.46,50.0,49.7,50.3,0,0,21.51,19.97,64523,1,0,0,31.86
1815786,49.46,50.0,49.7,50.3,0,0,21.51,19.97,65023,1,0,0,31.86
1816292,49.46,50.0,49.7,50.3,0,0,21.61,19.97,65523,1,0,0,31.86
1816798,49.46,50.0,49.7,50.3,0,0,21.61,19.97,66023,1,0,0,31.86
1817304,49.46,50.0,49.7,50.3,0,0,21.61,19.97,66523,1,0,0,31.86
1817810,49.58,50.0,49.7,50.3,0,0,21.77,19.97,67023,1,0,0,31.89
1818316,49.55,50.0,49.7,50.3,0,0,21.66,20.03,67523,1,0,0,31.89
1818822,49.55,50.0,49.7,50.3,0,0,21.66,20.02,68023,1,0,0,31.89
1819328,49.62,50.0,49.7,50.3,0,0,21.72,20.02,68523,1,0,0,31.89
1819834,49.61,50.0,49.7,50.3,0,0,21.83,20.04,69023,1,0,0,31.87
1820340,49.61,50.0,49.7,50.3,0,0,21.83,20.03,69523,1,0,0,31.87
1820846,49.61,50.0,49.7,50.3,0,0,21.94,20.03,70023,1,0,0,31.89
1821352,49.61,50.0,49.7,50.3,0,0,21.94,20.04,70523,1,0,0,31.89
1821858,49.61,50.0,49.7,50.3,0,0,21.94,20.04,71023,1,0,0,31.89
1822364,49.61,50.0,49.7,50.3,0,0,21.94,20.04,71523,1,0,0,31.89
1822870,49.67,50.0,49.7,50.3,0,0,22.0,20.05,72023,1,0,0,31.87
1823376,49.66,50.0,49.7,50.3,0,0,22.22,20.05,72523,1,0,0,31.89
1823882,49.7,50.0,49.7,50.3,0,0,22.24,20.06,73023,1,0,0,31.87
1824388,49.7,50.0,49.7,50.3,1,0,22.24,20.06,0,1,0,0,31.87
1824894,49.77,50.0,49.7,50.3,1,0,22.37,20.06,500,1,0,0,31.89
1825400,49.77,50.0,49.7,50.3,1,0,22.37,20.09,1000,1,0,0,31.89
1825906,49.75,50.0,49.7,50.3,1,0,22.37,20.09,1500,1,0,0,31.89
1826412,49.78,50.0,49.7,50.3,1,0,22.33,20.09,2000,1,0,0,31.89
1826918,49.78,50.0,49.7,50.3,1,0,22.31,20.1,2500,1,0,0,31.87
1827424,49.86,50.0,49.7,50.3,1,0,22.46,20.08,3000,1,0,0,31.89
1827930,49.86,50.0,49.7,50.3,1,0,22.46,20.12,3500,1,0,0,31.89
1828436,49.82,50.0,49.7,50.3,1,0,22.31,20.12,4000,1,0,0,31.9
1828942,49.82,50.0,49.7,50.3,1,0,22.31,20.12,4500,1,0,0,31.9
1829448,49.87,50.0,49.7,50.3,1,0,22.33,20.12,5000,1,0,0,31.87
1829954,49.88,50.0,49.7,50.3,1,0,22.29,20.11,5500,1,0,0,31.9
1830460,49.88,50.0,49.7,50.3,1,0,22.29,20.14,6000,1,0,0,31.9
1830966,49.87,50.0,49.7,50.3,1,0,22.16,20.14,6500,1,0,0,31.89
1831472,49.87,50.0,49.7,50.3,1,0,22.16,20.13,7000,1,0,0,31.89
1831978,49.9,50.0,49.7,50.3,1,0,21.81,20.14,7500,1,0,0,31.89
1832484,49.94,50.0,49.7,50.3,1,0,21.96,20.14,8000,1,0,0,31.87
1832990,49.94,50.0,49.7,50.3,1,0,21.96,20.13,8500,1,0,0,31.87
1833496,49.94,50.0,49.7,50.3,1,0,21.96,20.13,9000,1,0,0,31.87
1834002,50.01,50.0,49.7,50.3,1,0,21.98,20.13,9500,1,0,0,31.9
1834508,50.01,50.0,49.7,50.3,1,0,21.98,20.18,10000,1,0,0,31.9
1835014,49.96,50.0,49.7,50.3,1,0,21.87,20.18,10500,1,0,0,31.86
1835520,49.98,50.0,49.7,50.3,1,0,21.9,20.16,11504,1,0,0,31.89
1836026,50.01,50.0,49.7,50.3,1,0,21.57,20.17,12004,1,0,0,31.89
1836544,50.02,50.0,49.7,50.3,1,0,21.55,20.17,12504,1,0,0,31.89
1837051,50.02,50.0,49.7,50.3,1,0,21.55,20.18,13004,1,0,0,31.89
1837557,50.09,50.0,49.7,50.3,1,0,21.4,20.2,13519,1,0,0,31.89
1838063,50.09,50.0,49.7,50.3,1,0,21.4,20.2,14019,1,0,0,31.89
1838569,50.09,50.0,49.7,50.3,1,0,21.4,20.2,14519,1,0,0,31.89
1839075,50.09,50.0,49.7,50.3,1,0,21.4,20.2,15019,1,0,0,31.89
1839581,50.16,50.0,49.7,50.3,1,0,21.18,20.2,15519,1,0,0,31.87
1840087,50.16,50.0,49.7,50.3,1,0,21.18,20.2,16019,1,0,0,31.87
1840594,50.16,50.0,49.7,50.3,1,0,21.1,20.2,16519,1,0,0,31.87
1841100,50.21,50.0,49.7,50.3,1,0,20.84,20.22,17019,1,0,0,31.87
1841606,50.21,50.0,49.7,50.3,1,0,20.84,20.22,17519,1,0,0,31.87
1842112,50.15,50.0,49.7,50.3,1,0,20.23,20.23,18019,1,0,0,31.9
1842618,50.15,50.0,49.7,50.3,1,0,20.23,20.23,18519,1,0,0,31.9
1843124,50.24,50.0,49.7,50.3,1,0,20.69,20.23,19019,1,0,0,31.89
1843630,50.24,50.0,49.7,50.3,1,0,20.69,20.25,19519,1,0,0,31.89
1844136,50.29,50.0,49.7,50.3,1,0,20.64,20.28,20019,1,0,0,31.9
1844642,50.33,50.0,49.7,50.3,1,0,20.62,20.25,20519,1,0,0,31.86
1845148,50.33,50.0,49.7,50.3,1,0,20.62,20.25,21019,1,0,0,31.86
1845654,50.36,50.0,49.7,50.3,1,0,20.36,20.27,21519,1,0,0,31.87
1846160,50.36,50.0,49.7,50.3,1,0,20.36,20.27,22019,1,0,0,31.87
1846666,50.42,50.0,49.7,50.3,1,0,20.21,20.3,22519,1,0,0,31.89
1847172,50.42,50.0,49.7,50.3,1,0,20.21,20.3,23019,1,0,0,31.89
1847678,50.47,50.0,49.7,50.3,1,0,20.1,20.3,23519,1,0,0,31.87
1848185,50.47,50.0,49.7,50.3,1,0,20.1,20.3,24019,1,0,0,31.87
1848691,50.47,50.0,49.7,50.3,1,0,20.1,20.3,24519,1,0,0,31.87
1849197,50.54,50.0,49.7,50.3,1,0,20.02,20.3,25019,1,0,0,31.89
1849703,50.54,50.0,49.7,50.3,1,0,20.02,20.34,25519,1,0,0,31.89
1850209,50.54,50.0,49.7,50.3,1,0,20.02,20.34,26022,1,0,0,31.89
1850715,50.6,50.0,49.7,50.3,1,0,19.84,20.35,26524,1,0,0,31.87
1851221,50.63,50.0,49.7,50.3,1,0,19.72,20.37,27025,1,0,0,31.89
1851727,50.61,50.0,49.7,50.3,1,0,19.65,20.37,27525,1,0,0,31.87
1852233,50.61,50.0,49.7,50.3,1,0,19.65,20.35,28025,1,0,0,31.87
1852739,50.7,50.0,49.7,50.3,1,0,19.48,20.39,28525,1,0,0,31.89
1853245,50.7,50.0,49.7,50.3,1,0,19.48,20.39,29025,1,0,0,31.89
1853751,50.74,50.0,49.7,50.3,1,0,19.54,20.41,29525,1,0,0,31.89
1854257,50.74,50.0,49.7,50.3,1,0,19.54,20.41,30025,1,0,0,31.89
1854763,50.81,50.0,49.7,50.3,1,0,18.94,20.43,30525,1,0,0,31.89
1855269,50.83,50.0,49.7,50.3,1,0,19.18,20.42,31025,1,0,0,31.87
1855775,50.83,50.0,49.7,50.3,1,0,19.18,20.42,31525,1,0,0,31.87
1856281,50.89,50.0,49.7,50.3,1,0,19.03,20.44,32025,1,0,0,31.87
1856787,50.93,50.0,49.7,50.3,1,0,19.05,20.44,32525,1,0,0,31.87
1857293,50.9,50.0,49.7,50.3,1,0,18.92,20.45,33025,1,0,0,31.89
1857799,50.9,50.0,49.7,50.3,1,0,18.92,20.46,33525,1,1,0,31.89
1858305,50.93,50.0,49.7,50.3,1,0,18.83,20.45,34025,1,1,0,31.87
1858811,50.93,50.0,49.7,50.3,1,0,18.83,20.45,34525,1,1,0,31.87
1859317,51.01,50.0,49.7,50.3,1,0,18.85,20.48,35025,1,1,0,31.87
1859823,51.01,50.0,49.7,50.3,1,0,18.44,20.51,35525,1,1,0,31.9
1860336,51.07,50.0,49.7,50.3,1,0,18.53,20.51,36025,1,1,0,31.87
1860843,51.07,50.0,49.7,50.3,1,0,18.53,20.5,36525,1,1,0,31.87
1861349,51.03,50.0,49.7,50.3,1,0,18.53,20.5,37025,1,1,0,31.9
1861855,51.03,50.0,49.7,50.3,1,0,18.53,20.51,37525,1,1,0,31.9
1862361,51.13,50.0,49.7,50.3,1,0,18.51,20.53,38025,1,1,0,31.89
1862867,51.12,50.0,49.7,50.3,1,0,17.99,20.53,38525,1,1,0,31.89
1863373,51.12,50.0,49.7,50.3,1,0,17.99,20.53,39025,1,1,0,31.89
1863879,51.12,50.0,49.7,50.3,1,0,18.08,20.53,39525,1,1,0,31.89
1864385,51.12,50.0,49.7,50.3,1,0,18.06,20.53,40025,1,1,0,31.87
1864891,51.23,50.0,49.7,50.3,1,0,18.01,20.51,40525,1,1,0,31.86
1865397,51.23,50.0,49.7,50.3,1,0,18.01,20.54,41025,1,1,0,31.86
1865903,51.17,50.0,49.7,50.3,1,0,17.93,20.54,41525,1,1,0,31.86
1866409,51.17,50.0,49.7,50.3,1,0,17.93,20.52,42025,1,1,0,31.86
1866915,51.19,50.0,49.7,50.3,1,0,17.91,20.52,42525,1,1,0,31.86
1867421,51.21,50.0,49.7,50.3,1,0,17.88,20.52,43025,1,1,0,31.89
1867927,51.21,50.0,49.7,50.3,1,0,17.88,20.56,43525,1,1,0,31.89
1868433,51.25,50.0,49.7,50.3,1,0,17.69,20.53,44025,1,1,0,31.85
1868939,51.25,50.0,49.7,50.3,1,0,17.69,20.53,44525,1,1,0,31.85
1869445,51.25,50.0,49.7,50.3,1,0,17.69,20.53,45025,1,1,0,31.85
1869951,51.26,50.0,49.7,50.3,1,0,17.48,20.53,45525,1,1,0,31.86
1870457,51.26,50.0,49.7,50.3,1,0,17.48,20.55,46025,1,1,0,31.86
1870963,51.25,50.0,49.7,50.3,1,0,17.58,20.55,46525,1,1,0,31.87
1871469,51.25,50.0,49.7,50.3,1,0,17.3,20.55,47025,1,1,0,31.86
1871975,51.25,50.0,49.7,50.3,1,0,17.3,20.54,47525,1,1,0,31.86
1872481,51.25,50.0,49.7,50.3,1,0,17.3,20.54,48025,1,1,0,31.86
1872987,51.25,50.0,49.7,50.3,1,0,17.3,20.54,48525,1,1,0,31.86
1873493,51.21,50.0,49.7,50.3,1,0,17.28,20.54,49025,1,1,0,31.86
1873999,51.17,50.0,49.7,50.3,1,0,17.11,20.53,49525,1,1,0,31.87
1874505,51.17,50.0,49.7,50.3,1,0,17.11,20.53,50025,1,1,0,31.87
1875011,51.18,50.0,49.7,50.3,1,0,16.98,20.53,50525,1,1,0,31.87
1875518,51.18,50.0,49.7,50.3,1,0,16.98,20.53,51025,1,1,0,31.87
1876025,51.18,50.0,49.7,50.3,1,0,16.98,20.53,51525,1,1,0,31.87
1876531,51.18,50.0,49.7,50.3,1,0,16.98,20.53,52025,1,1,0,31.87
1877037,51.18,50.0,49.7,50.3,1,0,16.98,20.53,52525,1,1,0,31.87
1877543,51.14,50.0,49.7,50.3,1,0,17.22,20.51,53527,1,1,0,31.86
1878050,51.14,50.0,49.7,50.3,1,0,17.22,20.51,54027,1,1,0,31.86
1878556,51.12,50.0,49.7,50.3,1,0,16.61,20.53,54527,1,1,0,31.89
1879062,51.1,50.0,49.7,50.3,1,0,16.55,20.51,55029,1,1,0,31.87
1879568,51.1,50.0,49.7,50.3,1,0,16.55,20.51,55529,1,1,0,31.87
1880074,51.1,50.0,49.7,50.3,1,0,16.59,20.49,56029,1,1,0,31.86
1880580,51.1,50.0,49.7,50.3,1,0,16.59,20.49,56529,1,1,0,31.86
1881086,51.06,50.0,49.7,50.3,1,0,16.53,20.49,57029,1,1,0,31.87
1881592,51.06,50.0,49.7,50.3,1,0,16.53,20.49,57529,1,1,0,31.87
1882098,51.02,50.0,49.7,50.3,1,0,16.4,20.46,58029,1,1,0,31.85
1882604,51.02,50.0,49.7,50.3,1,0,16.4,20.46,58529,1,1,0,31.85
1883110,51.05,50.0,49.7,50.3,1,0,16.22,20.49,59029,1,1,0,31.87
1883616,50.98,50.0,49.7,50.3,1,0,16.44,20.47,59529,1,1,0,31.87
1884122,50.98,50.0,49.7,50.3,1,0,16.44,20.47,60029,1,1,0,31.87
1884628,50.98,50.0,49.7,50.3,1,0,16.44,20.47,60529,1,1,0,31.87
1885134,50.91,50.0,49.7,50.3,1,0,16.05,20.45,61029,1,1,0,31.87
1885640,50.9,50.0,49.7,50.3,1,0,16.33,20.46,61542,1,1,0,31.89
1886156,50.9,50.0,49.7,50.3,1,0,15.64,20.46,62042,1,1,0,31.87
1886663,50.9,50.0,49.7,50.3,1,0,15.64,20.44,62542,1,1,0,31.87
1887169,50.82,50.0,49.7,50.3,1,0,15.97,20.4,63042,1,1,0,31.86
1887675,50.79,50.0,49.7,50.3,1,0,15.86,20.4,63542,1,1,0,31.86
1888181,50.83,50.0,49.7,50.3,1,0,15.73,20.41,64042,1,1,0,31.86
1888687,50.8,50.0,49.7,50.3,1,0,15.84,20.41,64542,1,1,0,31.87
1889193,50.8,50.0,49.7,50.3,1,0,15.84,20.41,65042,1,1,0,31.87
1889699,50.8,50.0,49.7,50.3,1,0,15.84,20.41,65542,1,1,0,31.87
1890205,50.71,50.0,49.7,50.3,1,0,15.88,20.38,66042,1,1,0,31.87
1890711,50.71,50.0,49.7,50.3,1,0,15.88,20.38,66542,1,1,0,31.87
1891217,50.65,50.0,49.7,50.3,1,0,15.73,20.34,67042,1,1,0,31.85
1891723,50.59,50.0,49.7,50.3,1,0,15.34,20.37,67542,1,1,0,31.9
1892229,50.59,50.0,49.7,50.3,1,0,15.34,20.37,68042,1,1,0,31.9
1892735,50.53,50.0,49.7,50.3,1,0,16.16,20.33,68542,1,1,0,31.87
1893241,50.53,50.0,49.7,50.3,1,0,16.16,20.33,69042,1,1,0,31.87
1893747,50.59,50.0,49.7,50.3,1,0,15.38,20.33,69555,1,1,0,31.86
1894265,50.54,50.0,49.7,50.3,1,0,15.27,20.33,70055,1,1,0,31.89
1894772,50.54,50.0,49.7,50.3,1,0,15.27,20.34,70555,1,1,0,31.89
1895278,50.44,50.0,49.7,50.3,1,0,15.4,20.28,71055,1,1,0,31.86
1895784,50.42,50.0,49.7,50.3,1,0,15.21,20.28,71555,1,1,0,31.89
1896290,50.42,50.0,49.7,50.3,1,0,15.21,20.3,72055,1,1,0,31.89
1896796,50.35,50.0,49.7,50.3,1,0,15.14,20.3,72555,1,1,0,31.87
1897302,50.35,50.0,49.7,50.3,1,0,15.14,20.27,73055,1,1,0,31.87
1897808,50.33,50.0,49.7,50.3,1,0,15.08,20.28,73555,1,1,0,31.89
1898314,50.33,50.0,49.7,50.3,1,0,15.08,20.28,74055,1,1,0,31.89
1898820,50.25,50.0,49.7,50.3,1,0,15.12,20.28,74555,1,1,0,31.85
1899326,50.25,50.0,49.7,50.3,0,0,15.12,20.21,0,1,1,0,31.85
1899832,50.22,50.0,49.7,50.3,0,0,15.19,20.23,500,1,1,0,31.87
1900338,50.21,50.0,49.7,50.3,0,0,15.21,20.23,1000,1,1,0,31.87
1900844,50.21,50.0,49.7,50.3,0,0,15.21,20.22,1500,1,1,0,31.87
1901350,50.21,50.0,49.7,50.3,0,0,15.21,20.22,2000,1,1,0,31.87
1901856,50.1,50.0,49.7,50.3,0,0,14.82,20.16,2501,1,1,0,31.85
1902362,50.1,50.0,49.7,50.3,0,0,14.82,20.16,3001,1,1,0,31.85
1902868,50.07,50.0,49.7,50.3,0,0,14.82,20.16,3501,1,1,0,31.86
1903374,50.07,50.0,49.7,50.3,0,0,14.82,20.17,4001,1,1,0,31.86
1903880,50.04,50.0,49.7,50.3,0,0,15.06,20.17,4501,1,1,0,31.87
1904386,50.02,50.0,49.7,50.3,0,0,14.86,20.15,5001,1,1,0,31.86
1904892,50.02,50.0,49.7,50.3,0,0,14.86,20.15,5501,1,1,0,31.86
1905398,49.94,50.0,49.7,50.3,0,0,14.8,20.12,6001,1,1,0,31.86
1905904,49.83,50.0,49.7,50.3,0,0,14.49,20.12,6501,1,1,0,31.86
1906410,49.83,50.0,49.7,50.3,0,0,14.49,20.09,7001,1,1,0,31.86
1906916,49.83,50.0,49.7,50.3,0,0,14.49,20.09,7501,1,1,0,31.86
1907422,49.82,50.0,49.7,50.3,0,0,15.21,20.09,8001,1,1,0,31.86
1907928,49.82,50.0,49.7,50.3,0,0,15.21,20.08,8501,1,1,0,31.86
1908434,49.8,50.0,49.7,50.3,0,0,15.27,20.08,9001,1,1,0,31.86
1908940,49.71,50.0,49.7,50.3,0,0,15.34,20.05,9504,1,1,0,31.86
1909446,49.65,50.0,49.7,50.3,0,0,15.49,20.05,10004,1,1,0,31.86
1909952,49.65,50.0,49.7,50.3,0,0,15.49,20.03,10504,1,1,0,31.86
1910458,49.59,50.0,49.7,50.3,0,0,15.38,20.03,11004,1,1,0,31.86
1910964,49.59,50.0,49.7,50.3,0,0,15.38,20.01,11504,1,1,0,31.86
1911470,49.52,50.0,49.7,50.3,0,0,15.75,20.01,12004,1,1,0,31.87
1911976,49.52,50.0,49.7,50.3,0,0,15.75,20.0,12504,1,1,0,31.87
1912482,49.52,50.0,49.7,50.3,0,0,15.6,20.0,13004,1,1,0,31.86
1912988,49.53,50.0,49.7,50.3,0,0,15.64,19.99,13504,1,1,0,31.86
1913494,49.53,50.0,49.7,50.3,0,0,15.64,19.99,14004,1,1,0,31.86
1914000,49.41,50.0,49.7,50.3,0,0,16.14,19.99,14504,1,1,0,31.86
1914506,49.42,50.0,49.7,50.3,0,0,15.86,19.95,15004,1,1,0,31.85
1915013,49.37,50.0,49.7,50.3,0,0,15.94,19.94,15504,1,1,0,31.86
1915520,49.37,50.0,49.7,50.3,0,0,15.94,19.94,16004,1,1,0,31.86
1916026,49.39,50.0,49.7,50.3,0,0,16.03,19.94,16504,1,1,0,31.85
1916532,49.26,50.0,49.7,50.3,0,0,16.07,19.93,17004,1,1,0,31.86
1917038,49.26,50.0,49.7,50.3,0,0,16.07,19.9,17504,1,1,0,31.86
1917544,49.26,50.0,49.7,50.3,0,0,16.29,19.9,18004,1,1,0,31.87
1918050,49.24,50.0,49.7,50.3,0,0,16.55,19.91,18504,1,1,0,31.86
1918556,49.24,50.0,49.7,50.3,0,0,16.55,19.89,19004,1,1,0,31.86
1919062,49.21,50.0,49.7,50.3,0,0,16.51,19.89,19504,1,1,0,31.86
1919568,49.21,50.0,49.7,50.3,0,0,16.51,19.88,20005,1,1,0,31.86
1920074,49.18,50.0,49.7,50.3,0,0,16.76,19.88,20505,1,1,0,31.87
1920580,49.16,50.0,49.7,50.3,0,0,16.83,19.88,21509,1,1,0,31.87
1921086,49.08,50.0,49.7,50.3,0,0,16.79,19.84,22009,1,1,0,31.86
1921592,49.08,50.0,49.7,50.3,0,0,16.79,19.84,22509,1,1,0,31.86
1922098,49.08,50.0,49.7,50.3,0,0,16.79,19.84,23009,1,1,0,31.86
1922604,49.08,50.0,49.7,50.3,0,0,16.94,19.84,23509,1,1,0,31.86
1923110,49.08,50.0,49.7,50.3,0,0,16.96,19.83,24009,1,1,0,31.85
1923616,49.1,50.0,49.7,50.3,0,0,17.17,19.86,24509,1,1,0,31.87
1924126,49.06,50.0,49.7,50.3,0,0,17.2,19.86,25009,1,1,0,31.87
1924633,49.06,50.0,49.7,50.3,0,0,17.2,19.85,25509,1,1,0,31.87
1925139,48.99,50.0,49.7,50.3,0,0,17.35,19.85,26009,1,1,0,31.85
1925645,48.99,50.0,49.7,50.3,0,0,17.35,19.8,26509,1,1,0,31.85
1926151,49.07,50.0,49.7,50.3,0,0,17.43,19.84,27009,1,1,0,31.86
1926657,49.07,50.0,49.7,50.3,0,0,17.43,19.84,27509,1,1,0,31.86
1927163,48.94,50.0,49.7,50.3,0,0,17.65,19.8,28009,1,1,0,31.86
1927670,48.94,50.0,49.7,50.3,0,0,17.65,19.8,28509,1,1,0,31.86
1928177,48.94,50.0,49.7,50.3,0,0,17.65,19.8,29009,1,1,0,31.86
1928683,48.94,50.0,49.7,50.3,0,0,17.65,19.8,29509,1,1,0,31.86
1929189,48.98,50.0,49.7,50.3,0,0,17.84,19.8,30009,1,1,0,31.86
1929695,48.98,50.0,49.7,50.3,0,0,17.84,19.81,30509,1,1,0,31.86
1930201,48.94,50.0,49.7,50.3,0,0,18.01,19.8,31009,1,1,0,31.86
1930707,48.94,50.0,49.7,50.3,0,0,18.01,19.8,31509,1,1,0,31.86
1931213,48.92,50.0,49.7,50.3,0,0,18.44,19.8,32009,1,1,0,31.86
1931719,48.92,50.0,49.7,50.3,0,0,18.44,19.79,32509,1,0,0,31.86
1932225,48.91,50.0,49.7,50.3,0,0,18.25,19.79,33009,1,1,0,31.86
1932731,48.91,50.0,49.7,50.3,0,0,18.25,19.79,33509,1,1,0,31.86
1933237,48.91,50.0,49.7,50.3,0,0,18.25,19.79,34009,1,1,0,31.86
1933743,48.96,50.0,49.7,50.3,0,0,18.6,19.8,34509,1,0,0,31.86
1934249,48.96,50.0,49.7,50.3,0,0,18.6,19.8,35009,1,0,0,31.86
1934755,48.96,50.0,49.7,50.3,0,0,18.6,19.8,35509,1,0,0,31.86
1935261,48.96,50.0,49.7,50.3,0,0,18.6,19.8,36009,1,0,0,31.86
1935767,48.95,50.0,49.7,50.3,0,0,18.81,19.8,36509,1,0,0,31.86
1936273,48.95,50.0,49.7,50.3,0,0,18.7,19.8,37009,1,0,0,31.86
1936779,48.95,50.0,49.7,50.3,0,0,18.7,19.8,37509,1,0,0,31.86
1937285,48.95,50.0,49.7,50.3,0,0,18.7,19.8,38009,1,0,0,31.86
1937791,48.94,50.0,49.7,50.3,0,0,18.85,19.82,38509,1,0,0,31.89
1938297,48.98,50.0,49.7,50.3,0,0,19.16,19.81,39010,1,0,0,31.86
1938803,48.95,50.0,49.7,50.3,0,0,19.24,19.8,39512,1,0,0,31.86
1939309,48.95,50.0,49.7,50.3,0,0,19.24,19.8,40012,1,0,0,31.86
1939815,48.95,50.0,49.7,50.3,0,0,19.24,19.8,40512,1,0,0,31.86
1940321,48.96,50.0,49.7,50.3,0,0,19.11,19.79,41012,1,0,0,31.85
1940827,48.96,50.0,49.7,50.3,0,0,19.11,19.79,41512,1,0,0,31.85
1941333,49.02,50.0,49.7,50.3,0,0,19.35,19.82,42012,1,0,0,31.86
1941839,49.02,50.0,49.7,50.3,0,0,19.35,19.82,42512,1,0,0,31.86
1942345,48.97,50.0,49.7,50.3,0,0,19.41,19.82,43012,1,0,0,31.85
1942851,48.99,50.0,49.7,50.3,0,0,19.35,19.79,43512,1,0,0,31.89
1943357,49.06,50.0,49.7,50.3,0,0,19.56,19.84,44012,1,0,0,31.87
1943863,49.06,50.0,49.7,50.3,0,0,19.56,19.85,44512,1,0,0,31.87
1944369,49.06,50.0,49.7,50.3,0,0,19.56,19.85,45014,1,0,0,31.87
1944875,49.05,50.0,49.7,50.3,0,0,19.65,19.84,45515,1,0,0,31.87
1945382,49.01,50.0,49.7,50.3,0,0,19.74,19.84,46015,1,0,0,31.87
1945889,49.01,50.0,49.7,50.3,0,0,19.74,19.83,46515,1,0,0,31.87
1946395,49.06,50.0,49.7,50.3,0,0,20.02,19.84,47017,1,0,0,31.86
1946901,49.06,50.0,49.7,50.3,0,0,20.02,19.84,47517,1,0,0,31.86
1947407,49.03,50.0,49.7,50.3,0,0,19.89,19.84,48017,1,0,0,31.87
1947913,49.03,50.0,49.7,50.3,0,0,19.89,19.84,48517,1,0,0,31.87
1948419,49.03,50.0,49.7,50.3,0,0,19.89,19.84,49017,1,0,0,31.87
1948925,49.03,50.0,49.7,50.3,0,0,19.89,19.84,49517,1,0,0,31.87
1949431,49.1,50.0,49.7,50.3,0,0,19.8,19.84,50017,1,0,0,31.87
1949937,49.1,50.0,49.7,50.3,0,0,19.8,19.86,50517,1,0,0,31.87
1950443,49.14,50.0,49.7,50.3,0,0,20.23,19.86,51032,1,0,0,31.86
1950949,49.14,50.0,49.7,50.3,0,0,20.23,19.86,51532,1,0,0,31.86
1951455,49.17,50.0,49.7,50.3,0,0,20.17,19.86,52032,1,0,0,31.86
1951961,49.18,50.0,49.7,50.3,0,0,20.38,19.87,52532,1,0,0,31.85
1952467,49.18,50.0,49.7,50.3,0,0,20.38,19.86,53032,1,0,0,31.85
1952973,49.17,50.0,49.7,50.3,0,0,20.56,19.9,53532,1,0,0,31.89
1953479,49.22,50.0,49.7,50.3,0,0,20.62,19.9,54032,1,0,0,31.86
1953985,49.22,50.0,49.7,50.3,0,0,20.69,19.89,54532,1,0,0,31.87
1954491,49.22,50.0,49.7,50.3,0,0,20.69,19.9,55032,1,0,0,31.87
1954997,49.26,50.0,49.7,50.3,0,0,20.88,19.9,55532,1,0,0,31.87
1955503,49.26,50.0,49.7,50.3,0,0,20.88,19.91,56032,1,0,0,31.87
1956009,49.28,50.0,49.7,50.3,0,0,20.73,19.91,56532,1,0,0,31.86
1956528,49.29,50.0,49.7,50.3,0,0,21.51,19.91,57032,1,0,0,31.86
1957035,49.29,50.0,49.7,50.3,0,0,21.51,19.91,57532,1,0,0,31.86
1957541,49.3,50.0,49.7,50.3,0,0,21.05,19.91,58032,1,0,0,31.86
1958047,49.3,50.0,49.7,50.3,0,0,21.05,19.91,58532,1,0,0,31.86
1958553,49.33,50.0,49.7,50.3,0,0,21.2,19.91,59032,1,0,0,31.87
1959059,49.33,50.0,49.7,50.3,0,0,21.2,19.94,59533,1,0,0,31.87
1959565,49.36,50.0,49.7,50.3,0,0,21.29,19.96,60034,1,0,0,31.89
1960084,49.37,50.0,49.7,50.3,0,0,21.18,19.96,60534,1,0,0,31.87
1960591,49.37,50.0,49.7,50.3,0,0,21.18,19.95,61034,1,0,0,31.87
1961097,49.39,50.0,49.7,50.3,0,0,21.42,19.95,61534,1,0,0,31.87
1961603,49.42,50.0,49.7,50.3,0,0,21.44,19.95,62034,1,0,0,31.85
1962109,49.42,50.0,49.7,50.3,0,0,21.44,19.94,63038,1,0,0,31.85
1962615,49.47,50.0,49.7,50.3,0,0,21.33,19.98,63538,1,0,0,31.87
1963121,49.47,50.0,49.7,50.3,0,0,21.33,19.98,64038,1,0,0,31.87
1963628,49.47,50.0,49.7,50.3,0,0,21.33,19.98,64538,1,0,0,31.87
1964135,49.47,50.0,49.7,50.3,0,0,21.48,19.98,65038,1,0,0,31.87
1964641,49.47,50.0,49.7,50.3,0,0,21.48,19.98,65541,1,0,0,31.87
1965147,49.47,50.0,49.7,50.3,0,0,21.48,19.98,66041,1,0,0,31.87
1965653,49.51,50.0,49.7,50.3,0,0,21.66,19.99,66541,1,0,0,31.87
1966159,49.54,50.0,49.7,50.3,0,0,21.68,19.98,67041,1,0,0,31.85
1966665,49.52,50.0,49.7,50.3,0,0,21.55,19.99,67541,1,0,0,31.86
1967171,49.52,50.0,49.7,50.3,0,0,21.55,19.99,68041,1,0,0,31.86
1967677,49.6,50.0,49.7,50.3,0,0,22.03,20.01,68541,1,0,0,31.86
1968183,49.6,50.0,49.7,50.3,0,0,22.03,20.01,69041,1,0,0,31.86
1968689,49.62,50.0,49.7,50.3,0,0,22.07,20.04,69541,1,0,0,31.89
1969195,49.67,50.0,49.7,50.3,0,0,21.98,20.04,70041,1,0,0,31.86
1969701,49.67,50.0,49.7,50.3,0,0,21.98,20.03,70541,1,0,0,31.86
1970207,49.67,50.0,49.7,50.3,0,0,21.94,20.03,71041,1,0,0,31.86
1970713,49.66,50.0,49.7,50.3,0,0,21.81,20.04,71541,1,0,0,31.87
1971219,49.66,50.0,49.7,50.3,0,0,21.81,20.04,72041,1,0,0,31.87
1971725,49.72,50.0,49.7,50.3,1,0,22.13,20.06,0,1,0,0,31.87
1972231,49.71,50.0,49.7,50.3,1,0,22.31,20.06,500,1,0,0,31.87
1972737,49.71,50.0,49.7,50.3,1,0,22.31,20.06,1000,1,0,0,31.87
1973243,49.71,50.0,49.7,50.3,1,0,22.22,20.06,1500,1,0,0,31.87
1973749,49.74,50.0,49.7,50.3,1,0,22.26,20.08,2000,1,0,0,31.89
1974255,49.74,50.0,49.7,50.3,1,0,22.26,20.08,2501,1,0,0,31.89
1974761,49.79,50.0,49.7,50.3,1,0,22.48,20.09,3002,1,0,0,31.87
1975267,49.79,50.0,49.7,50.3,1,0,22.48,20.09,3502,1,0,0,31.87
1975773,49.8,50.0,49.7,50.3,1,0,22.29,20.09,4002,1,0,0,31.87
1976279,49.85,50.0,49.7,50.3,1,0,22.26,20.09,4502,1,0,0,31.89
1976785,49.85,50.0,49.7,50.3,1,0,22.26,20.12,5002,1,0,0,31.89
1977291,49.85,50.0,49.7,50.3,1,0,22.26,20.12,5502,1,0,0,31.89
1977797,49.85,50.0,49.7,50.3,1,0,22.26,20.12,6002,1,0,0,31.89
1978303,49.88,50.0,49.7,50.3,1,0,22.22,20.1,6502,1,0,0,31.86
1978809,49.84,50.0,49.7,50.3,1,0,22.22,20.1,7002,1,0,0,31.87
1979315,49.84,50.0,49.7,50.3,1,0,22.22,20.1,7502,1,0,0,31.87
1979821,49.95,50.0,49.7,50.3,1,0,22.03,20.1,8004,1,0,0,31.89
1980327,49.95,50.0,49.7,50.3,1,0,22.03,20.15,8504,1,0,0,31.89
1980833,49.97,50.0,49.7,50.3,1,0,22.03,20.14,9004,1,0,0,31.87
1981339,49.97,50.0,49.7,50.3,1,0,22.03,20.14,9504,1,0,0,31.87
1981845,50.01,50.0,49.7,50.3,1,0,21.81,20.18,10004,1,0,0,31.9
1982351,50.01,50.0,49.7,50.3,1,0,21.81,20.18,10504,1,0,0,31.9
1982857,50.01,50.0,49.7,50.3,1,0,21.81,20.18,11004,1,0,0,31.9
1983363,50.03,50.0,49.7,50.3,1,0,21.7,20.15,11504,1,0,0,31.86
1983870,50.06,50.0,49.7,50.3,1,0,21.98,20.15,12004,1,0,0,31.87
1984377,50.06,50.0,49.7,50.3,1,0,21.98,20.17,12504,1,0,0,31.87
1984883,50.1,50.0,49.7,50.3,1,0,21.51,20.17,13004,1,0,0,31.89
1985389,50.1,50.0,49.7,50.3,1,0,21.51,20.2,13504,1,0,0,31.89
1985895,50.1,50.0,49.7,50.3,1,0,21.51,20.2,14004,1,0,0,31.89
1986401,50.1,50.0,49.7,50.3,1,0,21.51,20.2,14504,1,0,0,31.89
1986907,50.15,50.0,49.7,50.3,1,0,21.79,20.2,15004,1,0,0,31.89
1987413,50.1,50.0,49.7,50.3,1,0,21.38,20.22,15504,1,0,0,31.89
1987920,50.13,50.0,49.7,50.3,1,0,20.77,20.2,16005,1,0,0,31.86
1988427,50.13,50.0,49.7,50.3,1,0,20.77,20.18,16505,1,0,0,31.86
1988933,50.21,50.0,49.7,50.3,1,0,20.79,20.21,17005,1,0,0,31.86
1989439,50.22,50.0,49.7,50.3,1,0,20.75,20.23,17510,1,0,0,31.87
1989945,50.22,50.0,49.7,50.3,1,0,20.75,20.23,18010,1,0,0,31.87
1990451,50.22,50.0,49.7,50.3,1,0,20.75,20.23,18510,1,0,0,31.87
1990957,50.26,50.0,49.7,50.3,1,0,20.66,20.23,19010,1,0,0,31.86
1991463,50.29,50.0,49.7,50.3,1,0,20.71,20.23,19510,1,0,0,31.85
1991969,50.32,50.0,49.7,50.3,1,0,20.64,20.22,20010,1,0,0,31.89
1992475,50.32,50.0,49.7,50.3,1,0,20.64,20.27,20510,1,0,0,31.89
1992981,50.33,50.0,49.7,50.3,1,0,20.97,20.28,21010,1,0,0,31.89
1993487,50.33,50.0,49.7,50.3,1,0,20.97,20.28,21510,1,0,0,31.89
1993993,50.44,50.0,49.7,50.3,1,0,20.45,20.28,22010,1,0,0,31.87
1994499,50.44,50.0,49.7,50.3,1,0,20.45,20.3,22510,1,0,0,31.87
1995005,50.42,50.0,49.7,50.3,1,0,20.28,20.3,23010,1,0,0,31.87
1995511,50.42,50.0,49.7,50.3,1,0,20.28,20.29,23510,1,0,0,31.87
1996017,50.42,50.0,49.7,50.3,1,0,20.28,20.29,24010,1,0,0,31.87
1996523,50.54,50.0,49.7,50.3,1,0,19.93,20.34,24510,1,0,0,31.89
1997029,50.54,50.0,49.7,50.3,1,0,19.93,20.34,25010,1,0,0,31.89
1997535,50.54,50.0,49.7,50.3,1,0,19.93,20.34,25510,1,0,0,31.89
1998041,50.61,50.0,49.7,50.3,1,0,19.74,20.34,26010,1,0,0,31.87
1998547,50.63,50.0,49.7,50.3,1,0,19.65,20.35,26510,1,0,0,31.86
1999067,50.65,50.0,49.7,50.3,1,0,19.59,20.34,27010,1,0,0,31.86
1999574,50.65,50.0,49.7,50.3,1,0,19.59,20.35,27510,1,0,0,31.86
2000080,50.65,50.0,49.7,50.3,1,0,19.59,20.35,28010,1,0,0,31.86
2000586,50.65,50.0,49.7,50.3,1,0,19.59,20.35,28510,1,0,0,31.86
2001092,50.65,50.0,49.7,50.3,1,0,19.59,20.35,29010,1,0,0,31.86
2001598,50.79,50.0,49.7,50.3,1,0,19.39,20.38,29527,1,0,0,31.85
2002104,50.81,50.0,49.7,50.3,1,0,19.13,20.38,30027,1,0,0,31.85
2002625,50.83,50.0,49.7,50.3,1,0,19.2,20.39,30527,1,0,0,31.87
2003132,50.83,50.0,49.7,50.3,1,0,19.2,20.42,31027,1,0,0,31.87
2003638,50.87,50.0,49.7,50.3,1,0,18.77,20.42,31527,1,0,0,31.87
2004144,50.87,50.0,49.7,50.3,1,0,18.77,20.43,32532,1,1,0,31.87
2004650,50.93,50.0,49.7,50.3,1,0,19.11,20.45,33032,1,0,0,31.87
2005156,50.91,50.0,49.7,50.3,1,0,18.94,20.45,33532,1,1,0,31.87
2005662,50.91,50.0,49.7,50.3,1,0,18.94,20.45,34032,1,1,0,31.87
2006168,50.99,50.0,49.7,50.3,1,0,18.75,20.47,34532,1,1,0,31.87
2006674,50.99,50.0,49.7,50.3,1,0,18.75,20.47,35032,1,1,0,31.87
2007180,50.98,50.0,49.7,50.3,1,0,18.75,20.47,35532,1,1,0,31.87
2007686,50.98,50.0,49.7,50.3,1,0,18.75,20.47,36032,1,1,0,31.87
2008192,51.04,50.0,49.7,50.3,1,0,17.76,20.48,36532,1,1,0,31.86
2008698,51.05,50.0,49.7,50.3,1,0,18.57,20.49,37032,1,1,0,31.87
2009204,51.1,50.0,49.7,50.3,1,0,18.36,20.52,37532,1,1,0,31.89
2009710,51.1,50.0,49.7,50.3,1,0,18.36,20.52,38032,1,1,0,31.89
2010216,51.07,50.0,49.7,50.3,1,0,18.55,20.5,38532,1,1,0,31.87
2010733,51.13,50.0,49.7,50.3,1,0,18.21,20.5,39032,1,1,0,31.86
2011240,51.13,50.0,49.7,50.3,1,0,18.21,20.5,39532,1,1,0,31.86
2011746,51.1,50.0,49.7,50.3,1,0,18.04,20.49,40032,1,1,0,31.86
2012252,51.16,50.0,49.7,50.3,1,0,18.01,20.54,40532,1,1,0,31.89
2012758,51.18,50.0,49.7,50.3,1,0,18.04,20.53,41032,1,1,0,31.87
2013264,51.2,50.0,49.7,50.3,1,0,18.04,20.53,41532,1,1,0,31.89
2013770,51.2,50.0,49.7,50.3,1,0,18.04,20.55,42032,1,1,0,31.89
2014276,51.21,50.0,49.7,50.3,1,0,17.93,20.56,42532,1,1,0,31.89
2014782,51.21,50.0,49.7,50.3,1,0,17.93,20.56,43032,1,1,0,31.89
2015288,51.18,50.0,49.7,50.3,1,0,17.35,20.55,43532,1,1,0,31.89
2015794,51.18,50.0,49.7,50.3,1,0,17.6,20.53,44032,1,1,0,31.87
2016300,51.2,50.0,49.7,50.3,1,0,17.71,20.54,44532,1,1,0,31.87
2016807,51.22,50.0,49.7,50.3,1,0,17.41,20.54,45032,1,1,0,31.87
2017314,51.22,50.0,49.7,50.3,1,0,17.41,20.55,45532,1,1,0,31.87
2017820,51.17,50.0,49.7,50.3,1,0,17.71,20.53,46032,1,1,0,31.87
2018326,51.18,50.0,49.7,50.3,1,0,17.39,20.53,46532,1,1,0,31.87
2018832,51.18,50.0,49.7,50.3,1,0,17.39,20.53,47032,1,1,0,31.87
2019338,51.18,50.0,49.7,50.3,1,0,17.3,20.53,47532,1,1,0,31.83
2019844,51.18,50.0,49.7,50.3,1,0,17.3,20.49,48032,1,1,0,31.83
2020350,51.2,50.0,49.7,50.3,1,0,16.89,20.55,48532,1,1,0,31.89
2020856,51.17,50.0,49.7,50.3,1,0,17.35,20.53,49032,1,1,0,31.87
2021362,51.17,50.0,49.7,50.3,1,0,17.35,20.53,49532,1,1,0,31.87
2021868,51.17,50.0,49.7,50.3,1,0,17.0,20.53,50032,1,1,0,31.87
2022374,51.19,50.0,49.7,50.3,1,0,16.98,20.53,50532,1,1,0,31.86
2022880,51.19,50.0,49.7,50.3,1,0,16.98,20.52,51033,1,1,0,31.86
2023386,51.19,50.0,49.7,50.3,1,0,16.98,20.52,51533,1,1,0,31.86
2023892,51.13,50.0,49.7,50.3,1,0,16.89,20.53,52033,1,1,0,31.89
2024398,51.16,50.0,49.7,50.3,1,0,16.89,20.52,52533,1,1,0,31.87
2024904,51.16,50.0,49.7,50.3,1,0,16.89,20.52,53033,1,1,0,31.87
2025410,51.1,50.0,49.7,50.3,1,0,17.02,20.51,53533,1,1,0,31.87
2025916,51.1,50.0,49.7,50.3,1,0,16.7,20.48,54033,1,1,0,31.85
2026422,51.05,50.0,49.7,50.3,1,0,16.87,20.48,54533,1,1,0,31.87
2026928,51.1,50.0,49.7,50.3,1,0,16.66,20.49,55033,1,1,0,31.87
2027434,51.03,50.0,49.7,50.3,1,0,16.55,20.51,55533,1,1,0,31.85
2027940,51.03,50.0,49.7,50.3,1,0,16.55,20.46,56033,1,1,0,31.85
2028446,51.03,50.0,49.7,50.3,1,0,16.55,20.46,56533,1,1,0,31.85
2028952,50.98,50.0,49.7,50.3,1,0,16.46,20.46,57033,1,1,0,31.86
2029458,50.98,50.0,49.7,50.3,1,0,16.22,20.46,57533,1,1,0,31.86
2029964,50.98,50.0,49.7,50.3,1,0,16.46,20.46,58033,1,1,0,31.86
2030471,50.93,50.0,49.7,50.3,1,0,16.22,20.46,58533,1,1,0,31.85
2030978,50.93,50.0,49.7,50.3,1,0,16.22,20.43,59033,1,1,0,31.85
2031484,50.94,50.0,49.7,50.3,1,0,16.16,20.43,59533,1,1,0,31.86
2031990,50.94,50.0,49.7,50.3,1,0,16.16,20.44,60033,1,1,0,31.86
2032496,50.9,50.0,49.7,50.3,1,0,16.14,20.44,60533,1,1,0,31.86
2033002,50.9,50.0,49.7,50.3,1,0,16.14,20.43,61033,1,1,0,31.86
2033508,50.86,50.0,49.7,50.3,1,0,16.03,20.43,61533,1,1,0,31.86
2034029,50.81,50.0,49.7,50.3,1,0,16.05,20.42,62033,1,1,0,31.85
2034536,50.81,50.0,49.7,50.3,1,0,16.05,20.39,62533,1,1,0,31.85
2035042,50.81,50.0,49.7,50.3,1,0,16.05,20.39,63033,1,1,0,31.85
2035548,50.8,50.0,49.7,50.3,1,0,16.01,20.39,63533,1,1,0,31.86
2036054,50.8,50.0,49.7,50.3,1,0,16.01,20.4,64033,1,1,0,31.86
2036560,50.71,50.0,49.7,50.3,1,0,15.9,20.4,64533,1,1,0,31.86
2037066,50.71,50.0,49.7,50.3,1,0,15.9,20.37,65033,1,1,0,31.86
2037572,50.68,50.0,49.7,50.3,1,0,15.62,20.37,65533,1,1,0,31.83
2038078,50.67,50.0,49.7,50.3,1,0,16.1,20.33,66033,1,1,0,31.86
2038584,50.67,50.0,49.7,50.3,1,0,16.1,20.36,66533,1,1,0,31.86
2039090,50.67,50.0,49.7,50.3,1,0,16.1,20.36,67033,1,1,0,31.86
2039596,50.55,50.0,49.7,50.3,1,0,15.58,20.36,67533,1,1,0,31.85
2040102,50.55,50.0,49.7,50.3,1,0,15.58,20.3,68033,1,1,0,31.85
2040608,50.55,50.0,49.7,50.3,1,0,15.81,20.3,68537,1,1,0,31.85
2041114,50.52,50.0,49.7,50.3,1,0,15.6,20.3,69037,1,1,0,31.86
2041621,50.52,50.0,49.7,50.3,1,0,15.6,20.31,69537,1,1,0,31.86
2042128,50.44,50.0,49.7,50.3,1,0,15.38,20.31,70037,1,1,0,31.85
2042634,50.44,50.0,49.7,50.3,1,0,15.38,20.27,70537,1,1,0,31.85
2043140,50.44,50.0,49.7,50.3,1,0,15.38,20.27,71037,1,1,0,31.85
2043646,50.38,50.0,49.7,50.3,1,0,15.68,20.27,71537,1,1,0,31.86
2044152,50.38,50.0,49.7,50.3,1,0,15.68,20.27,72540,1,1,0,31.86
2044658,50.34,50.0,49.7,50.3,1,0,15.19,20.25,73040,1,1,0,31.86
2045164,50.29,50.0,49.7,50.3,0,0,15.16,20.23,0,1,1,0,31.86
2045670,50.23,50.0,49.7,50.3,0,0,15.21,20.2,500,1,1,0,31.85
2046176,50.23,50.0,49.7,50.3,0,0,15.21,20.2,1000,1,1,0,31.85
2046682,50.23,50.0,49.7,50.3,0,0,15.21,20.2,1500,1,1,0,31.85
2047188,50.23,50.0,49.7,50.3,0,0,15.21,20.2,2000,1,1,0,31.85
2047694,50.15,50.0,49.7,50.3,0,0,14.71,20.18,2500,1,1,0,31.85
2048200,50.15,50.0,49.7,50.3,0,0,14.71,20.18,3000,1,1,0,31.85
2048706,50.09,50.0,49.7,50.3,0,0,14.84,20.17,3500,1,1,0,31.86
2049212,50.06,50.0,49.7,50.3,0,0,15.06,20.15,4000,1,1,0,31.85
2049718,50.06,50.0,49.7,50.3,0,0,15.06,20.15,4500,1,1,0,31.85
2050224,50.01,50.0,49.7,50.3,0,0,14.95,20.16,5000,1,1,0,31.87
2050730,49.99,50.0,49.7,50.3,0,0,14.97,20.13,5500,1,1,0,31.85
2051236,49.94,50.0,49.7,50.3,0,0,15.12,20.11,6000,1,1,0,31.85
2051742,49.94,50.0,49.7,50.3,0,0,15.12,20.11,6500,1,1,0,31.85
2052248,49.9,50.0,49.7,50.3,0,0,15.03,20.1,7000,1,1,0,31.85
2052754,49.9,50.0,49.7,50.3,0,0,15.03,20.1,7500,1,1,0,31.85
2053260,49.83,50.0,49.7,50.3,0,0,15.23,20.07,8000,1,1,0,31.85
2053766,49.77,50.0,49.7,50.3,0,0,15.14,20.04,8500,1,1,0,31.83
2054272,49.77,50.0,49.7,50.3,0,0,15.14,20.04,9000,1,1,0,31.83
2054778,49.76,50.0,49.7,50.3,0,0,15.4,20.04,9500,1,1,0,31.85
2055284,49.76,50.0,49.7,50.3,0,0,15.4,20.05,10000,1,1,0,31.85
2055790,49.69,50.0,49.7,50.3,0,0,15.55,20.04,10500,1,1,0,31.86
2056296,49.65,50.0,49.7,50.3,0,0,16.2,20.02,11000,1,1,0,31.85
2056802,49.64,50.0,49.7,50.3,0,0,15.53,20.02,11500,1,1,0,31.86
2057308,49.64,50.0,49.7,50.3,0,0,15.53,20.02,12000,1,1,0,31.86
2057814,49.61,50.0,49.7,50.3,0,0,15.62,20.02,12500,1,1,0,31.86
2058320,49.59,50.0,49.7,50.3,0,0,15.68,20.02,13000,1,1,0,31.87
2058826,49.51,50.0,49.7,50.3,0,0,15.88,20.02,13500,1,1,0,31.82
2059332,49.51,50.0,49.7,50.3,0,0,15.88,19.94,14000,1,1,0,31.82
2059838,49.51,50.0,49.7,50.3,0,0,15.88,19.94,14500,1,1,0,31.82
2060344,49.46,50.0,49.7,50.3,0,0,15.9,19.97,15000,1,1,0,31.86
2060850,49.42,50.0,49.7,50.3,0,0,15.86,19.97,15500,1,1,0,31.87
2061356,49.4,50.0,49.7,50.3,0,0,16.27,19.97,16000,1,1,0,31.87
2061862,49.4,50.0,49.7,50.3,0,0,16.27,19.96,16500,1,1,0,31.87
2062368,49.34,50.0,49.7,50.3,0,0,16.35,19.93,17000,1,1,0,31.86
2062874,49.33,50.0,49.7,50.3,0,0,16.29,19.93,17500,1,1,0,31.86
2063380,49.33,50.0,49.7,50.3,0,0,16.29,19.92,18000,1,1,0,31.86
2063886,49.33,50.0,49.7,50.3,0,0,16.42,19.91,18500,1,1,0,31.85
2064392,49.33,50.0,49.7,50.3,0,0,16.42,19.91,19000,1,1,0,31.85
2064898,49.26,50.0,49.7,50.3,0,0,16.74,19.9,19500,1,1,0,31.86
2065404,49.26,50.0,49.7,50.3,0,0,16.74,19.9,20000,1,1,0,31.86
2065910,49.24,50.0,49.7,50.3,0,0,16.79,19.89,20500,1,1,0,31.86
2066416,49.19,50.0,49.7,50.3,0,0,16.68,19.89,21000,1,1,0,31.86
2066922,49.19,50.0,49.7,50.3,0,0,16.68,19.88,21500,1,1,0,31.86
2067429,49.13,50.0,49.7,50.3,0,0,17.0,19.88,22000,1,1,0,31.86
2067935,49.14,50.0,49.7,50.3,0,0,17.07,19.86,22500,1,1,0,31.85
2068441,49.14,50.0,49.7,50.3,0,0,17.07,19.85,23000,1,1,0,31.85
2068947,49.15,50.0,49.7,50.3,0,0,17.28,19.87,23500,1,1,0,31.86
2069453,49.09,50.0,49.7,50.3,0,0,17.3,19.87,24000,1,1,0,31.87
2069959,49.09,50.0,49.7,50.3,0,0,17.3,19.86,24500,1,1,0,31.87
2070465,49.06,50.0,49.7,50.3,0,0,17.43,19.82,25000,1,1,0,31.85
2070971,49.08,50.0,49.7,50.3,0,0,17.97,19.82,25500,1,1,0,31.85
2071477,49.05,50.0,49.7,50.3,0,0,17.84,19.83,26000,1,1,0,31.87
2071983,49.05,50.0,49.7,50.3,0,0,17.84,19.84,26500,1,1,0,31.87
2072489,49.02,50.0,49.7,50.3,0,0,17.09,19.82,27000,1,1,0,31.86
2072995,49.04,50.0,49.7,50.3,0,0,17.65,19.82,27500,1,1,0,31.85
2073501,49.04,50.0,49.7,50.3,0,0,17.65,19.82,28000,1,1,0,31.85
2074007,49.0,50.0,49.7,50.3,0,0,17.73,19.79,28500,1,1,0,31.83
2074513,49.0,50.0,49.7,50.3,0,0,17.73,19.79,29004,1,1,0,31.83
2075019,48.95,50.0,49.7,50.3,0,0,17.48,19.79,29504,1,1,0,31.85
2075526,48.95,50.0,49.7,50.3,0,0,17.48,19.79,30004,1,1,0,31.85
2076033,48.95,50.0,49.7,50.3,0,0,17.48,19.79,30504,1,1,0,31.85
2076539,48.99,50.0,49.7,50.3,0,0,18.19,19.79,31004,1,1,0,31.86
2077045,48.99,50.0,49.7,50.3,0,0,18.19,19.81,31504,1,1,0,31.86
2077551,49.01,50.0,49.7,50.3,0,0,18.4,19.81,32004,1,1,0,31.86
2078057,49.01,50.0,49.7,50.3,0,0,18.4,19.82,32504,1,0,0,31.86
2078563,48.93,50.0,49.7,50.3,0,0,18.62,19.82,33004,1,0,0,31.83
2079069,48.93,50.0,49.7,50.3,0,0,18.62,19.77,33504,1,0,0,31.83
2079575,48.99,50.0,49.7,50.3,0,0,18.38,19.77,34004,1,0,0,31.86
2080081,48.99,50.0,49.7,50.3,0,0,18.38,19.81,34505,1,0,0,31.86
2080587,48.99,50.0,49.7,50.3,0,0,18.38,19.81,35005,1,0,0,31.86
2081093,48.99,50.0,49.7,50.3,0,0,18.38,19.81,35505,1,0,0,31.86
2081599,48.99,50.0,49.7,50.3,0,0,18.38,19.81,36005,1,0,0,31.86
2082105,48.96,50.0,49.7,50.3,0,0,18.29,19.81,36505,1,0,0,31.85
2082611,48.99,50.0,49.7,50.3,0,0,18.83,19.79,37005,1,0,0,31.86
2083117,48.99,50.0,49.7,50.3,0,0,18.83,19.81,37505,1,0,0,31.86
2083623,48.99,50.0,49.7,50.3,0,0,18.83,19.81,38005,1,0,0,31.86
2084129,48.97,50.0,49.7,50.3,0,0,18.7,19.81,38505,1,0,0,31.85
2084635,48.97,50.0,49.7,50.3,0,0,18.7,19.79,39005,1,0,0,31.85
2085141,49.02,50.0,49.7,50.3,0,0,19.24,19.79,39505,1,0,0,31.86
2085647,49.02,50.0,49.7,50.3,0,0,19.24,19.82,40005,1,0,0,31.86
2086153,49.02,50.0,49.7,50.3,0,0,19.31,19.82,40505,1,0,0,31.86
2086659,49.02,50.0,49.7,50.3,0,0,19.31,19.82,41507,1,0,0,31.86
2087165,49.04,50.0,49.7,50.3,0,0,19.35,19.82,42007,1,0,0,31.85
2087671,49.04,50.0,49.7,50.3,0,0,19.35,19.82,42507,1,0,0,31.85
2088177,49.01,50.0,49.7,50.3,0,0,19.56,19.82,43007,1,0,0,31.86
2088683,49.04,50.0,49.7,50.3,0,0,19.59,19.82,43507,1,0,0,31.85
2089189,49.04,50.0,49.7,50.3,0,0,19.59,19.82,44007,1,0,0,31.85
2089695,49.06,50.0,49.7,50.3,0,0,19.67,19.81,44507,1,0,0,31.83
2090201,49.06,50.0,49.7,50.3,0,0,19.67,19.81,45007,1,0,0,31.83
2090707,49.06,50.0,49.7,50.3,0,0,19.67,19.81,45507,1,0,0,31.83
2091213,49.06,50.0,49.7,50.3,0,0,19.67,19.81,46007,1,0,0,31.83
2091719,49.12,50.0,49.7,50.3,0,0,19.74,19.85,46507,1,0,0,31.86
2092225,49.12,50.0,49.7,50.3,0,0,19.74,19.85,47007,1,0,0,31.86
2092731,49.07,50.0,49.7,50.3,0,0,20.06,19.81,47507,1,0,0,31.83
2093237,49.07,50.0,49.7,50.3,0,0,20.06,19.81,48007,1,0,0,31.83
2093743,49.12,50.0,49.7,50.3,0,0,20.15,19.88,48507,1,0,0,31.89
2094249,49.12,50.0,49.7,50.3,0,0,20.15,19.88,49007,1,0,0,31.89
2094755,49.13,50.0,49.7,50.3,0,0,20.06,19.84,49507,1,0,0,31.85
2095261,49.13,50.0,49.7,50.3,0,0,20.06,19.84,50007,1,0,0,31.85
2095767,49.17,50.0,49.7,50.3,0,0,20.23,19.88,50519,1,0,0,31.87
2096273,49.17,50.0,49.7,50.3,0,0,20.23,19.88,51019,1,0,0,31.87
2096779,49.23,50.0,49.7,50.3,0,0,20.45,19.88,51519,1,0,0,31.85
2097285,49.19,50.0,49.7,50.3,0,0,20.4,19.88,52019,1,0,0,31.85
2097791,49.19,50.0,49.7,50.3,0,0,20.4,19.87,52519,1,0,0,31.85
2098297,49.18,50.0,49.7,50.3,0,0,20.51,19.87,53019,1,0,0,31.86
2098803,49.28,50.0,49.7,50.3,0,0,20.81,19.91,53519,1,0,0,31.86
2099309,49.28,50.0,49.7,50.3,0,0,20.81,19.91,54019,1,0,0,31.86
2099815,49.28,50.0,49.7,50.3,0,0,20.81,19.91,54519,1,0,0,31.86
2100321,49.28,50.0,49.7,50.3,0,0,20.81,19.91,55019,1,0,0,31.86
2100827,49.28,50.0,49.7,50.3,0,0,20.81,19.91,55519,1,0,0,31.86
2101333,49.27,50.0,49.7,50.3,0,0,20.97,19.89,56019,1,0,0,31.85
2101839,49.27,50.0,49.7,50.3,0,0,20.97,19.89,56519,1,0,0,31.85
2102345,49.35,50.0,49.7,50.3,0,0,20.64,19.92,57019,1,0,0,31.85
2102851,49.31,50.0,49.7,50.3,0,0,21.07,19.92,57519,1,0,0,31.86
2103357,49.31,50.0,49.7,50.3,0,0,21.07,19.92,58019,1,0,0,31.86
2103863,49.31,50.0,49.7,50.3,0,0,21.07,19.92,58519,1,0,0,31.86
2104369,49.33,50.0,49.7,50.3,0,0,21.12,19.92,59019,1,0,0,31.86
2104875,49.42,50.0,49.7,50.3,0,0,21.16,19.93,59519,1,0,0,31.83
2105381,49.42,50.0,49.7,50.3,0,0,21.16,19.93,60019,1,0,0,31.83
2105887,49.41,50.0,49.7,50.3,0,0,21.18,19.94,60519,1,0,0,31.85
2106393,49.41,50.0,49.7,50.3,0,0,21.44,19.94,61019,1,0,0,31.87
2106909,49.47,50.0,49.7,50.3,0,0,21.38,19.96,61519,1,0,0,31.87
2107416,49.47,50.0,49.7,50.3,0,0,21.38,19.98,62019,1,0,0,31.87
2107922,49.48,50.0,49.7,50.3,0,0,21.48,19.97,62519,1,0,0,31.86
2108428,49.47,50.0,49.7,50.3,0,0,21.61,19.97,63019,1,0,0,31.87
2108934,49.47,50.0,49.7,50.3,0,0,21.61,19.98,63519,1,0,0,31.87
2109440,49.48,50.0,49.7,50.3,0,0,21.55,19.99,64019,1,0,0,31.87
2109946,49.48,50.0,49.7,50.3,0,0,21.55,19.99,64519,1,0,0,31.87
2110452,49.52,50.0,49.7,50.3,0,0,21.64,19.99,65019,1,0,0,31.86
2110958,49.52,50.0,49.7,50.3,0,0,21.64,19.99,65519,1,0,0,31.86
2111464,49.52,50.0,49.7,50.3,0,0,21.64,19.99,66019,1,0,0,31.86
2111970,49.5,50.0,49.7,50.3,0,0,21.79,19.97,66519,1,0,0,31.85
2112476,49.5,50.0,49.7,50.3,0,0,21.79,19.97,67019,1,0,0,31.85
2112982,49.61,50.0,49.7,50.3,0,0,21.7,20.0,67519,1,0,0,31.85
2113488,49.6,50.0,49.7,50.3,0,0,21.83,20.01,68019,1,0,0,31.86
2113994,49.6,50.0,49.7,50.3,0,0,21.94,20.01,68519,1,0,0,31.85
2114500,49.62,50.0,49.7,50.3,0,0,22.05,20.0,69019,1,0,0,31.86
2115006,49.68,50.0,49.7,50.3,0,0,21.94,20.02,69519,1,0,0,31.86
2115521,49.71,50.0,49.7,50.3,0,0,21.96,20.04,70019,1,0,0,31.86
2116028,49.71,50.0,49.7,50.3,1,0,21.96,20.05,0,1,0,0,31.86
2116534,49.65,50.0,49.7,50.3,1,0,22.07,20.03,500,1,0,0,31.86
2117040,49.71,50.0,49.7,50.3,1,0,22.13,20.03,1000,1,0,0,31.85
2117546,49.71,50.0,49.7,50.3,1,0,22.13,20.03,1500,1,0,0,31.85
2118052,49.77,50.0,49.7,50.3,1,0,22.13,20.03,2000,1,0,0,31.85
2118558,49.76,50.0,49.7,50.3,1,0,22.42,20.06,2500,1,0,0,31.86
2119064,49.76,50.0,49.7,50.3,1,0,22.42,20.06,3000,1,0,0,31.86
2119570,49.73,50.0,49.7,50.3,1,0,22.2,20.07,3500,1,0,0,31.87
2120076,49.73,50.0,49.7,50.3,1,0,22.2,20.07,4000,1,0,0,31.87
2120582,49.81,50.0,49.7,50.3,1,0,22.2,20.07,4500,1,0,0,31.89
2121088,49.83,50.0,49.7,50.3,1,0,22.2,20.11,5000,1,0,0,31.87
2121594,49.83,50.0,49.7,50.3,1,0,22.2,20.1,5500,1,0,0,31.87
2122100,49.88,50.0,49.7,50.3,1,0,22.18,20.1,6000,1,0,0,31.85
2122606,49.88,50.0,49.7,50.3,1,0,22.18,20.09,6500,1,0,0,31.85
2123112,49.88,50.0,49.7,50.3,1,0,22.18,20.09,7000,1,0,0,31.85
2123618,49.9,50.0,49.7,50.3,1,0,22.05,20.09,7500,1,0,0,31.86
2124124,49.9,50.0,49.7,50.3,1,0,22.05,20.11,8000,1,0,0,31.86
2124630,49.9,50.0,49.7,50.3,1,0,21.94,20.11,8500,1,0,0,31.86
2125136,49.92,50.0,49.7,50.3,1,0,21.81,20.11,9000,1,0,0,31.85
2125642,49.92,50.0,49.7,50.3,1,0,21.81,20.1,9500,1,0,0,31.85
2126148,49.93,50.0,49.7,50.3,1,0,21.68,20.1,10000,1,0,0,31.89
2126654,49.99,50.0,49.7,50.3,1,0,21.77,20.14,10500,1,0,0,31.87
2127160,49.98,50.0,49.7,50.3,1,0,21.66,20.15,11000,1,0,0,31.86
2127666,49.98,50.0,49.7,50.3,1,0,21.66,20.13,11500,1,0,0,31.86
2128172,50.02,50.0,49.7,50.3,1,0,21.64,20.16,12501,1,0,0,31.87
2128678,50.02,50.0,49.7,50.3,1,0,21.46,20.14,13001,1,0,0,31.85
2129184,50.02,50.0,49.7,50.3,1,0,21.46,20.14,13501,1,0,0,31.85
2129690,50.1,50.0,49.7,50.3,1,0,21.38,20.17,14001,1,0,0,31.86
2130196,50.06,50.0,49.7,50.3,1,0,21.12,20.17,14502,1,0,0,31.87
2130702,50.06,50.0,49.7,50.3,1,0,21.12,20.17,15002,1,0,0,31.87
2131208,50.09,50.0,49.7,50.3,1,0,21.29,20.17,15502,1,0,0,31.86
2131714,50.09,50.0,49.7,50.3,1,0,21.29,20.17,16002,1,0,0,31.86
2132220,50.15,50.0,49.7,50.3,1,0,21.03,20.19,16502,1,0,0,31.86
2132726,50.18,50.0,49.7,50.3,1,0,21.07,20.2,17002,1,0,0,31.86
2133232,50.18,50.0,49.7,50.3,1,0,21.07,20.2,17502,1,0,0,31.86
2133738,50.25,50.0,49.7,50.3,1,0,20.81,20.23,18002,1,0,0,31.87
2134244,50.24,50.0,49.7,50.3,1,0,20.88,20.22,18502,1,0,0,31.86
2134750,50.24,50.0,49.7,50.3,1,0,20.88,20.22,19002,1,0,0,31.86
2135256,50.24,50.0,49.7,50.3,1,0,20.88,20.22,19502,1,0,0,31.86
2135762,50.24,50.0,49.7,50.3,1,0,20.88,20.22,20003,1,0,0,31.86
2136269,50.3,50.0,49.7,50.3,1,0,20.17,20.22,20503,1,0,0,31.86
2136776,50.3,50.0,49.7,50.3,1,0,20.17,20.24,21003,1,0,0,31.86
2137282,50.35,50.0,49.7,50.3,1,0,20.4,20.27,21503,1,0,0,31.87
2137788,50.4,50.0,49.7,50.3,1,0,20.23,20.27,22003,1,0,0,31.86
2138294,50.4,50.0,49.7,50.3,1,0,20.23,20.27,22503,1,0,0,31.86
2138800,50.39,50.0,49.7,50.3,1,0,20.12,20.29,23003,1,0,0,31.89
2139306,50.44,50.0,49.7,50.3,1,0,20.19,20.28,23503,1,0,0,31.86
2139812,50.44,50.0,49.7,50.3,1,0,20.19,20.28,24003,1,0,0,31.86
2140318,50.5,50.0,49.7,50.3,1,0,19.97,20.29,24503,1,0,0,31.85
2140824,50.49,50.0,49.7,50.3,1,0,19.93,20.29,25003,1,0,0,31.85
2141330,50.49,50.0,49.7,50.3,1,0,19.93,20.29,25503,1,0,0,31.85
2141836,50.49,50.0,49.7,50.3,1,0,19.93,20.29,26003,1,0,0,31.85
2142342,50.58,50.0,49.7,50.3,1,0,19.78,20.32,26503,1,0,0,31.85
2142848,50.58,50.0,49.7,50.3,1,0,19.61,20.32,27003,1,0,0,31.85
2143354,50.58,50.0,49.7,50.3,1,0,19.61,20.32,27503,1,0,0,31.85
2143860,50.6,50.0,49.7,50.3,1,0,19.67,20.35,28003,1,0,0,31.87
2144366,50.62,50.0,49.7,50.3,1,0,19.35,20.31,28503,1,0,0,31.83
2144872,50.62,50.0,49.7,50.3,1,0,19.35,20.31,29004,1,0,0,31.83
2145378,50.62,50.0,49.7,50.3,1,0,19.35,20.31,29504,1,0,0,31.83
2145884,50.72,50.0,49.7,50.3,1,0,19.46,20.37,30004,1,0,0,31.86
2146390,50.72,50.0,49.7,50.3,1,0,19.46,20.37,30504,1,0,0,31.86
2146896,50.79,50.0,49.7,50.3,1,0,19.07,20.37,31004,1,0,0,31.85
2147402,50.79,50.0,49.7,50.3,1,0,19.07,20.38,31504,1,0,0,31.85
2147908,50.85,50.0,49.7,50.3,1,0,19.05,20.4,32004,1,0,0,31.85
2148414,50.85,50.0,49.7,50.3,1,0,19.0,20.4,32504,1,0,0,31.85
2148920,50.85,50.0,49.7,50.3,1,0,18.79,20.4,33004,1,0,0,31.85
2149426,50.85,50.0,49.7,50.3,1,0,18.79,20.4,33504,1,1,0,31.85
2149932,50.85,50.0,49.7,50.3,1,0,18.79,20.4,34004,1,1,0,31.85
2150438,50.92,50.0,49.7,50.3,1,0,18.66,20.4,34504,1,1,0,31.85
2150944,50.98,50.0,49.7,50.3,1,0,18.57,20.43,35004,1,1,0,31.85
2151450,50.98,50.0,49.7,50.3,1,0,18.57,20.44,35504,1,1,0,31.85
2151956,50.95,50.0,49.7,50.3,1,0,18.64,20.45,36004,1,1,0,31.86
2152463,50.95,50.0,49.7,50.3,1,0,18.64,20.45,36504,1,1,0,31.86
2152970,51.03,50.0,49.7,50.3,1,0,18.49,20.47,37004,1,1,0,31.86
2153476,51.03,50.0,49.7,50.3,1,0,18.49,20.47,37504,1,1,0,31.86
2153982,51.03,50.0,49.7,50.3,1,0,18.27,20.47,38004,1,1,0,31.85
2154488,51.06,50.0,49.7,50.3,1,0,18.36,20.46,38504,1,1,0,31.86
2154994,51.06,50.0,49.7,50.3,1,0,18.36,20.48,39004,1,1,0,31.86
2155500,51.06,50.0,49.7,50.3,1,0,18.36,20.48,39504,1,1,0,31.86
2156006,51.07,50.0,49.7,50.3,1,0,18.04,20.48,40004,1,1,0,31.85
2156512,51.07,50.0,49.7,50.3,1,0,18.04,20.47,40504,1,1,0,31.85
2157018,51.07,50.0,49.7,50.3,1,0,18.04,20.47,41004,1,1,0,31.85
2157524,51.13,50.0,49.7,50.3,1,0,18.12,20.47,41505,1,1,0,31.86
2158030,51.13,50.0,49.7,50.3,1,0,18.12,20.5,42006,1,1,0,31.86
2158536,51.17,50.0,49.7,50.3,1,0,17.91,20.52,42507,1,1,0,31.86
2159042,51.13,50.0,49.7,50.3,1,0,17.73,20.52,43007,1,1,0,31.86
2159549,51.13,50.0,49.7,50.3,1,0,17.73,20.5,43507,1,1,0,31.86
2160056,51.17,50.0,49.7,50.3,1,0,17.6,20.5,44007,1,1,0,31.85
2160562,51.12,50.0,49.7,50.3,1,0,17.63,20.5,44507,1,1,0,31.85
2161068,51.12,50.0,49.7,50.3,1,0,17.63,20.49,45007,1,1,0,31.85
2161574,51.12,50.0,49.7,50.3,1,0,17.48,20.49,45507,1,1,0,31.85
2162080,51.12,50.0,49.7,50.3,1,0,17.48,20.49,46007,1,1,0,31.85
2162586,51.11,50.0,49.7,50.3,1,0,17.37,20.49,46507,1,1,0,31.83
2163092,51.11,50.0,49.7,50.3,1,0,17.37,20.47,47007,1,1,0,31.83
2163598,51.11,50.0,49.7,50.3,1,0,17.26,20.47,47507,1,1,0,31.85
2164104,51.11,50.0,49.7,50.3,1,0,17.26,20.49,48007,1,1,0,31.85
2164610,51.11,50.0,49.7,50.3,1,0,17.13,20.49,48507,1,1,0,31.86
2165116,51.11,50.0,49.7,50.3,1,0,17.13,20.5,49007,1,1,0,31.86
2165622,51.06,50.0,49.7,50.3,1,0,17.15,20.47,49515,1,1,0,31.85
2166128,51.1,50.0,49.7,50.3,1,0,16.87,20.47,50015,1,1,0,31.86
2166634,51.1,50.0,49.7,50.3,1,0,16.87,20.49,50515,1,1,0,31.86
2167154,51.08,50.0,49.7,50.3,1,0,16.98,20.49,51015,1,1,0,31.85
2167661,51.08,50.0,49.7,50.3,1,0,16.98,20.48,51515,1,1,0,31.85
2168167,51.08,50.0,49.7,50.3,1,0,16.25,20.48,52015,1,1,0,31.85
2168673,51.04,50.0,49.7,50.3,1,0,16.74,20.48,52515,1,1,0,31.85
2169179,51.04,50.0,49.7,50.3,1,0,16.74,20.46,53015,1,1,0,31.85
2169685,51.07,50.0,49.7,50.3,1,0,16.55,20.46,53515,1,1,0,31.85
2170191,51.07,50.0,49.7,50.3,1,0,16.55,20.47,54520,1,1,0,31.85
2170709,51.01,50.0,49.7,50.3,1,0,16.94,20.47,55020,1,1,0,31.86
2171216,51.01,50.0,49.7,50.3,1,0,16.94,20.46,55520,1,1,0,31.86
2171722,51.01,50.0,49.7,50.3,1,0,16.94,20.46,56020,1,1,0,31.86
2172228,50.94,50.0,49.7,50.3,1,0,16.51,20.47,56520,1,1,0,31.89
2172734,50.91,50.0,49.7,50.3,1,0,16.38,20.43,57020,1,1,0,31.86
2173240,50.91,50.0,49.7,50.3,1,0,16.38,20.43,57520,1,1,0,31.86
2173746,50.91,50.0,49.7,50.3,1,0,16.38,20.43,58020,1,1,0,31.86
2174252,50.91,50.0,49.7,50.3,1,0,16.27,20.41,58520,1,1,0,31.83
2174759,50.87,50.0,49.7,50.3,1,0,16.25,20.41,59020,1,1,0,31.86
2175266,50.87,50.0,49.7,50.3,1,0,16.25,20.42,59520,1,1,0,31.86
2175772,50.81,50.0,49.7,50.3,1,0,16.1,20.38,60020,1,1,0,31.83
2176278,50.81,50.0,49.7,50.3,1,0,16.1,20.38,60520,1,1,0,31.83
2176784,50.81,50.0,49.7,50.3,1,0,16.1,20.38,61020,1,1,0,31.83
2177290,50.81,50.0,49.7,50.3,1,0,16.1,20.38,61520,1,1,0,31.83
2177797,50.76,50.0,49.7,50.3,1,0,15.92,20.38,62020,1,1,0,31.87
2178304,50.76,50.0,49.7,50.3,1,0,15.92,20.4,62524,1,1,0,31.87
2178810,50.75,50.0,49.7,50.3,1,0,15.9,20.38,63025,1,1,0,31.86
2179316,50.75,50.0,49.7,50.3,1,0,15.9,20.38,63525,1,1,0,31.86
2179822,50.75,50.0,49.7,50.3,1,0,15.9,20.38,64025,1,1,0,31.86
2180328,50.65,50.0,49.7,50.3,1,0,15.53,20.35,64525,1,1,0,31.86
2180834,50.65,50.0,49.7,50.3,1,0,15.53,20.35,65025,1,1,0,31.86
2181340,50.6,50.0,49.7,50.3,1,0,15.51,20.32,65525,1,1,0,31.85
2181847,50.58,50.0,49.7,50.3,1,0,15.62,20.32,66025,1,1,0,31.85
2182354,50.58,50.0,49.7,50.3,1,0,15.62,20.32,66525,1,1,0,31.85
2182860,50.56,50.0,49.7,50.3,1,0,15.64,20.31,67025,1,1,0,31.85
2183366,50.56,50.0,49.7,50.3,1,0,15.64,20.31,67525,1,1,0,31.85
2183872,50.47,50.0,49.7,50.3,1,0,15.51,20.31,68025,1,1,0,31.83
2184378,50.47,50.0,49.7,50.3,1,0,15.51,20.27,68525,1,1,0,31.83
2184884,50.44,50.0,49.7,50.3,1,0,15.47,20.28,69038,1,1,0,31.86
2185390,50.44,50.0,49.7,50.3,1,0,15.47,20.28,69538,1,1,0,31.86
2185897,50.39,50.0,49.7,50.3,1,0,15.27,20.24,70038,1,1,0,31.83
2186403,50.39,50.0,49.7,50.3,1,0,15.27,20.24,70538,1,1,0,31.83
2186909,50.39,50.0,49.7,50.3,1,0,15.27,20.24,71038,1,1,0,31.83
2187415,50.36,50.0,49.7,50.3,1,0,15.53,20.24,71538,1,1,0,31.85
2187921,50.36,50.0,49.7,50.3,1,0,15.53,20.24,72038,1,1,0,31.85
2188427,50.31,50.0,49.7,50.3,1,0,15.23,20.24,72538,1,1,0,31.86
2188933,50.31,50.0,49.7,50.3,1,0,15.23,20.24,73038,1,1,0,31.86
2189439,50.31,50.0,49.7,50.3,1,0,15.23,20.24,73541,1,1,0,31.86
2189945,50.19,50.0,49.7,50.3,0,0,15.06,20.19,0,1,1,0,31.85
2190451,50.15,50.0,49.7,50.3,0,0,15.1,20.19,500,1,1,0,31.85
2190957,50.1,50.0,49.7,50.3,0,0,15.64,20.18,1000,1,1,0,31.85
2191463,50.1,50.0,49.7,50.3,0,0,15.64,20.16,1500,1,1,0,31.85
2191969,50.11,50.0,49.7,50.3,0,0,14.86,20.16,2000,1,1,0,31.86
2192486,50.02,50.0,49.7,50.3,0,0,14.73,20.18,2500,1,1,0,31.85
2192993,50.02,50.0,49.7,50.3,0,0,14.73,20.14,3000,1,1,0,31.85
2193499,50.0,50.0,49.7,50.3,0,0,14.4,20.13,3500,1,1,0,31.85
2194005,50.06,50.0,49.7,50.3,0,0,15.08,20.13,4000,1,1,0,31.83
2194511,49.91,50.0,49.7,50.3,0,0,14.97,20.13,4500,1,1,0,31.83
2195017,49.91,50.0,49.7,50.3,0,0,14.97,20.08,5000,1,1,0,31.83
2195523,49.87,50.0,49.7,50.3,0,0,15.01,20.08,5500,1,1,0,31.85
2196029,49.87,50.0,49.7,50.3,0,0,15.01,20.09,6000,1,1,0,31.85
2196535,49.79,50.0,49.7,50.3,0,0,14.99,20.09,6500,1,1,0,31.86
2197043,49.76,50.0,49.7,50.3,0,0,15.06,20.07,7000,1,1,0,31.85
2197550,49.76,50.0,49.7,50.3,0,0,15.06,20.05,7500,1,1,0,31.85
2198056,49.73,50.0,49.7,50.3,0,0,15.14,20.05,8000,1,1,0,31.85
2198562,49.73,50.0,49.7,50.3,0,0,15.14,20.04,8500,1,1,0,31.85
2199068,49.73,50.0,49.7,50.3,0,0,15.14,20.04,9002,1,1,0,31.85
2199574,49.6,50.0,49.7,50.3,0,0,15.25,20.04,9502,1,1,0,31.85
2200080,49.57,50.0,49.7,50.3,0,0,14.97,20.0,10002,1,1,0,31.85
2200588,49.57,50.0,49.7,50.3,0,0,14.97,19.99,10502,1,1,0,31.85
2201094,49.53,50.0,49.7,50.3,0,0,15.55,19.99,11002,1,1,0,31.83
2201600,49.53,50.0,49.7,50.3,0,0,15.55,19.96,11502,1,1,0,31.83
2202106,49.48,50.0,49.7,50.3,0,0,15.53,19.96,12002,1,1,0,31.85
2202612,49.48,50.0,49.7,50.3,0,0,15.53,19.96,12502,1,1,0,31.85
2203118,49.45,50.0,49.7,50.3,0,0,15.75,19.96,13002,1,1,0,31.83
2203624,49.41,50.0,49.7,50.3,0,0,15.27,19.93,13502,1,1,0,31.83
2204130,49.41,50.0,49.7,50.3,0,0,15.27,19.92,14002,1,1,0,31.83
2204636,49.38,50.0,49.7,50.3,0,0,15.99,19.92,14502,1,1,0,31.83
2205142,49.38,50.0,49.7,50.3,0,0,15.99,19.91,15002,1,1,0,31.83
2205648,49.38,50.0,49.7,50.3,0,0,15.99,19.91,15502,1,1,0,31.83
2206154,49.31,50.0,49.7,50.3,0,0,16.05,19.91,16002,1,1,0,31.85
2206660,49.31,50.0,49.7,50.3,0,0,16.05,19.91,16502,1,1,0,31.85
2207166,49.31,50.0,49.7,50.3,0,0,16.05,19.91,17002,1,1,0,31.85
2207672,49.31,50.0,49.7,50.3,0,0,16.05,19.91,17502,1,1,0,31.85
2208178,49.2,50.0,49.7,50.3,0,0,16.44,19.91,18002,1,1,0,31.85
2208684,49.2,50.0,49.7,50.3,0,0,16.44,19.87,18502,1,1,0,31.85
2209190,49.2,50.0,49.7,50.3,0,0,16.44,19.87,19002,1,1,0,31.85
2209696,49.14,50.0,49.7,50.3,0,0,16.59,19.87,19502,1,1,0,31.85
2210202,49.11,50.0,49.7,50.3,0,0,16.55,19.85,20002,1,1,0,31.82
2210723,49.07,50.0,49.7,50.3,0,0,16.85,19.83,21010,1,1,0,31.85
2211230,49.07,50.0,49.7,50.3,0,0,16.85,19.83,21510,1,1,0,31.85
2211736,49.07,50.0,49.7,50.3,0,0,16.79,19.84,22010,1,1,0,31.86
2212242,49.07,50.0,49.7,50.3,0,0,16.79,19.84,22510,1,1,0,31.86
2212748,49.12,50.0,49.7,50.3,0,0,16.94,19.83,23010,1,1,0,31.83
2213254,49.12,50.0,49.7,50.3,0,0,16.94,19.83,23510,1,1,0,31.83
2213760,49.12,50.0,49.7,50.3,0,0,16.94,19.83,24010,1,1,0,31.83
2214266,48.99,50.0,49.7,50.3,0,0,17.2,19.81,24510,1,1,0,31.86
2214772,48.99,50.0,49.7,50.3,0,0,17.2,19.81,25010,1,1,0,31.86
2215278,48.99,50.0,49.7,50.3,0,0,17.63,19.78,25510,1,1,0,31.83
2215784,48.95,50.0,49.7,50.3,0,0,17.65,19.76,26010,1,1,0,31.82
2216290,48.92,50.0,49.7,50.3,0,0,17.04,19.76,26510,1,1,0,31.83
2216796,48.92,50.0,49.7,50.3,0,0,17.04,19.76,27010,1,1,0,31.83
2217302,48.88,50.0,49.7,50.3,0,0,17.58,19.76,27510,1,1,0,31.85
2217808,48.95,50.0,49.7,50.3,0,0,17.6,19.79,28010,1,1,0,31.85
2218314,48.88,50.0,49.7,50.3,0,0,17.8,19.79,28510,1,1,0,31.83
2218820,48.88,50.0,49.7,50.3,0,0,17.8,19.75,29010,1,1,0,31.83
2219326,48.92,50.0,49.7,50.3,0,0,17.8,19.78,29510,1,1,0,31.85
2219832,48.85,50.0,49.7,50.3,0,0,18.04,19.76,30023,1,1,0,31.85
2220338,48.85,50.0,49.7,50.3,0,0,18.04,19.76,30523,1,1,0,31.85
2220844,48.87,50.0,49.7,50.3,0,0,17.97,19.76,31023,1,1,0,31.85
2221350,48.87,50.0,49.7,50.3,0,0,17.97,19.76,31523,1,1,0,31.85
2221856,48.88,50.0,49.7,50.3,0,0,18.42,19.76,32023,1,0,0,31.85
2222362,48.87,50.0,49.7,50.3,0,0,18.25,19.77,32523,1,1,0,31.86
2222868,48.85,50.0,49.7,50.3,0,0,18.34,19.77,33023,1,1,0,31.85
2223374,48.85,50.0,49.7,50.3,0,0,18.34,19.76,33523,1,0,0,31.85
2223880,48.87,50.0,49.7,50.3,0,0,18.4,19.74,34023,1,0,0,31.83
2224386,48.87,50.0,49.7,50.3,0,0,18.4,19.74,34523,1,0,0,31.83
2224892,48.87,50.0,49.7,50.3,0,0,18.4,19.74,35023,1,0,0,31.83
2225398,48.91,50.0,49.7,50.3,0,0,18.23,19.74,35523,1,0,0,31.85
2225904,48.91,50.0,49.7,50.3,0,0,18.23,19.77,36023,1,1,0,31.85
2226410,48.91,50.0,49.7,50.3,0,0,18.23,19.77,36523,1,1,0,31.85
2226916,48.91,50.0,49.7,50.3,0,0,18.83,19.77,37023,1,0,0,31.85
2227422,48.86,50.0,49.7,50.3,0,0,18.75,19.77,37523,1,0,0,31.86
2227928,48.88,50.0,49.7,50.3,0,0,18.88,19.75,38027,1,0,0,31.83
2228434,48.88,50.0,49.7,50.3,0,0,18.88,19.75,38527,1,0,0,31.83
2228940,48.93,50.0,49.7,50.3,0,0,19.59,19.77,39027,1,0,0,31.83
2229446,48.9,50.0,49.7,50.3,0,0,19.05,19.77,39527,1,0,0,31.85
2229952,48.91,50.0,49.7,50.3,0,0,19.03,19.77,40027,1,0,0,31.85
2230458,48.89,50.0,49.7,50.3,0,0,19.28,19.77,40527,1,0,0,31.83
2230964,48.95,50.0,49.7,50.3,0,0,19.18,19.75,41027,1,0,0,31.85
2231470,48.95,50.0,49.7,50.3,0,0,19.18,19.79,41527,1,0,0,31.85
2231976,48.9,50.0,49.7,50.3,0,0,19.35,19.75,42027,1,0,0,31.82
2232482,48.9,50.0,49.7,50.3,0,0,19.35,19.75,42527,1,0,0,31.82
2232988,48.9,50.0,49.7,50.3,0,0,19.35,19.75,43027,1,0,0,31.82
2233494,48.95,50.0,49.7,50.3,0,0,19.44,19.76,43527,1,0,0,31.82
2234000,48.95,50.0,49.7,50.3,0,0,19.44,19.76,44027,1,0,0,31.82
2234506,48.9,50.0,49.7,50.3,0,0,19.59,19.77,44527,1,0,0,31.85
2235012,48.9,50.0,49.7,50.3,0,0,19.59,19.77,45027,1,0,0,31.85
2235518,48.99,50.0,49.7,50.3,0,0,19.8,19.8,45527,1,0,0,31.85
2236024,48.95,50.0,49.7,50.3,0,0,19.65,19.81,46036,1,0,0,31.87
2236530,48.95,50.0,49.7,50.3,0,0,19.65,19.81,46536,1,0,0,31.87
2237036,49.01,50.0,49.7,50.3,0,0,19.87,19.81,47036,1,0,0,31.85
2237542,49.01,50.0,49.7,50.3,0,0,20.15,19.81,47536,1,0,0,31.83
2238048,49.01,50.0,49.7,50.3,0,0,20.15,19.79,48036,1,0,0,31.83
2238554,49.06,50.0,49.7,50.3,0,0,20.15,19.79,48536,1,0,0,31.83
2239060,49.0,50.0,49.7,50.3,0,0,20.02,19.81,49036,1,0,0,31.83
2239566,49.0,50.0,49.7,50.3,0,0,20.02,19.79,49536,1,0,0,31.83
2240072,49.0,50.0,49.7,50.3,0,0,20.02,19.79,50036,1,0,0,31.83
2240578,49.07,50.0,49.7,50.3,0,0,20.32,19.79,50536,1,0,0,31.83
2241084,49.07,50.0,49.7,50.3,0,0,20.32,19.81,51036,1,0,0,31.83
2241590,49.07,50.0,49.7,50.3,0,0,20.43,19.81,51536,1,0,0,31.86
2242096,49.07,50.0,49.7,50.3,0,0,20.43,19.84,52036,1,0,0,31.86
2242602,49.08,50.0,49.7,50.3,0,0,20.43,19.84,52536,1,0,0,31.85
2243108,49.08,50.0,49.7,50.3,0,0,20.43,19.83,53037,1,0,0,31.85
2243614,49.08,50.0,49.7,50.3,0,0,20.43,19.83,53537,1,0,0,31.85
2244121,49.15,50.0,49.7,50.3,0,0,20.79,19.83,54037,1,0,0,31.85
2244628,49.15,50.0,49.7,50.3,0,0,20.79,19.85,54537,1,0,0,31.85
2245134,49.15,50.0,49.7,50.3,0,0,20.73,19.85,55037,1,0,0,31.85
2245640,49.15,50.0,49.7,50.3,0,0,20.73,19.85,55537,1,0,0,31.85
2246146,49.15,50.0,49.7,50.3,0,0,20.73,19.85,56037,1,0,0,31.85
2246652,49.16,50.0,49.7,50.3,0,0,20.84,19.85,56537,1,0,0,31.82
2247158,49.16,50.0,49.7,50.3,0,0,20.84,19.83,57037,1,0,0,31.82
2247664,49.16,50.0,49.7,50.3,0,0,20.84,19.83,57537,1,0,0,31.82
2248171,49.27,50.0,49.7,50.3,0,0,20.9,19.83,58037,1,0,0,31.83
2248677,49.23,50.0,49.7,50.3,0,0,21.01,19.88,58537,1,0,0,31.85
2249183,49.23,50.0,49.7,50.3,0,0,21.01,19.88,59037,1,0,0,31.85
2249689,49.31,50.0,49.7,50.3,0,0,21.1,19.88,59537,1,0,0,31.83
2250195,49.31,50.0,49.7,50.3,0,0,21.1,19.89,60037,1,0,0,31.83
2250701,49.3,50.0,49.7,50.3,0,0,21.22,19.89,60537,1,0,0,31.85
2251207,49.3,50.0,49.7,50.3,0,0,21.22,19.9,61037,1,0,0,31.85
2251713,49.3,50.0,49.7,50.3,0,0,21.22,19.9,61537,1,0,0,31.85
2252219,49.3,50.0,49.7,50.3,0,0,21.16,19.9,62037,1,0,0,31.86
2252725,49.34,50.0,49.7,50.3,0,0,21.38,19.91,62537,1,0,0,31.85
2253231,49.34,50.0,49.7,50.3,0,0,21.38,19.92,63037,1,0,0,31.85
2253737,49.34,50.0,49.7,50.3,0,0,21.38,19.92,63537,1,0,0,31.85
2254243,49.38,50.0,49.7,50.3,0,0,21.59,19.92,64037,1,0,0,31.85
2254749,49.37,50.0,49.7,50.3,0,0,21.55,19.93,64537,1,0,0,31.86
2255255,49.45,50.0,49.7,50.3,0,0,21.57,19.93,65542,1,0,0,31.83
2255761,49.41,50.0,49.7,50.3,0,0,21.59,19.92,66042,1,0,0,31.83
2256267,49.41,50.0,49.7,50.3,0,0,21.59,19.92,66542,1,0,0,31.83
2256773,49.49,50.0,49.7,50.3,0,0,21.68,19.96,67043,1,0,0,31.85
2257279,49.48,50.0,49.7,50.3,0,0,21.7,19.96,67543,1,0,0,31.85
2257785,49.48,50.0,49.7,50.3,0,0,21.7,19.96,68043,1,0,0,31.85
2258291,49.51,50.0,49.7,50.3,0,0,21.66,19.96,68543,1,0,0,31.83
2258797,49.51,50.0,49.7,50.3,0,0,21.66,19.96,69043,1,0,0,31.83
2259303,49.52,50.0,49.7,50.3,0,0,21.94,19.97,69543,1,0,0,31.85
2259809,49.52,50.0,49.7,50.3,0,0,21.94,19.97,70043,1,0,0,31.85
2260315,49.57,50.0,49.7,50.3,0,0,22.11,19.99,70543,1,0,0,31.85
2260821,49.57,50.0,49.7,50.3,0,0,22.11,19.99,71043,1,0,0,31.85
2261327,49.57,50.0,49.7,50.3,0,0,22.68,20.02,71543,1,0,0,31.87
2261833,49.57,50.0,49.7,50.3,0,0,22.68,20.02,72043,1,0,0,31.87
2262339,49.57,50.0,49.7,50.3,0,0,22.68,20.02,72543,1,0,0,31.87
2262845,49.56,50.0,49.7,50.3,0,0,22.05,20.0,73045,1,0,0,31.86
2263351,49.62,50.0,49.7,50.3,0,0,22.29,20.01,73547,1,0,0,31.85
2263857,49.62,50.0,49.7,50.3,0,0,22.29,20.01,74047,1,0,0,31.85
2264363,49.62,50.0,49.7,50.3,0,0,22.29,20.01,74547,1,0,0,31.85
2264869,49.62,50.0,49.7,50.3,0,0,22.29,20.01,75047,1,0,0,31.85
2265375,49.62,50.0,49.7,50.3,0,0,22.29,20.01,75547,1,0,0,31.85
2265881,49.72,50.0,49.7,50.3,1,0,22.42,20.02,0,1,0,0,31.83
2266387,49.71,50.0,49.7,50.3,1,0,22.48,20.03,500,1,0,0,31.85
2266893,49.75,50.0,49.7,50.3,1,0,22.7,20.03,1000,1,0,0,31.86
2267400,49.77,50.0,49.7,50.3,1,0,22.29,20.06,1500,1,0,0,31.85
2267907,49.77,50.0,49.7,50.3,1,0,22.29,20.06,2000,1,0,0,31.85
2268413,49.75,50.0,49.7,50.3,1,0,22.55,20.05,2500,1,0,0,31.85
2268919,49.75,50.0,49.7,50.3,1,0,22.55,20.05,3000,1,0,0,31.85
2269425,49.75,50.0,49.7,50.3,1,0,22.55,20.05,3500,1,0,0,31.85
2269931,49.75,50.0,49.7,50.3,1,0,22.55,20.05,4000,1,0,0,31.85
2270437,49.84,50.0,49.7,50.3,1,0,22.63,20.1,4500,1,0,0,31.87
2270943,49.84,50.0,49.7,50.3,1,0,22.63,20.1,5000,1,0,0,31.87
2271449,49.84,50.0,49.7,50.3,1,0,22.63,20.1,5500,1,0,0,31.87
2271955,49.88,50.0,49.7,50.3,1,0,22.61,20.09,6000,1,0,0,31.85
2272461,49.88,50.0,49.7,50.3,1,0,22.48,20.09,6500,1,0,0,31.85
2272967,49.88,50.0,49.7,50.3,1,0,22.48,20.09,7000,1,0,0,31.85
2273473,49.94,50.0,49.7,50.3,1,0,22.96,20.12,7500,1,0,0,31.86
2273979,49.96,50.0,49.7,50.3,1,0,22.18,20.12,8000,1,0,0,31.85
2274485,49.96,50.0,49.7,50.3,1,0,22.18,20.12,8500,1,0,0,31.85
2274991,49.98,50.0,49.7,50.3,1,0,22.31,20.12,9000,1,0,0,31.86
2275497,49.98,50.0,49.7,50.3,1,0,22.31,20.13,9500,1,0,0,31.86
2276003,49.98,50.0,49.7,50.3,1,0,22.18,20.13,10000,1,0,0,31.86
2276509,49.98,50.0,49.7,50.3,1,0,22.18,20.13,10500,1,0,0,31.86
2277015,49.98,50.0,49.7,50.3,1,0,21.66,20.13,11000,1,0,0,31.85
2277521,49.98,50.0,49.7,50.3,1,0,21.66,20.12,11500,1,0,0,31.85
2278027,50.02,50.0,49.7,50.3,1,0,21.68,20.16,12000,1,0,0,31.87
2278533,50.04,50.0,49.7,50.3,1,0,21.9,20.13,12500,1,0,0,31.83
2279039,50.04,50.0,49.7,50.3,1,0,21.9,20.13,13000,1,0,0,31.83
2279545,50.04,50.0,49.7,50.3,1,0,21.9,20.13,13500,1,0,0,31.83
2280051,50.07,50.0,49.7,50.3,1,0,21.57,20.13,14000,1,0,0,31.85
2280557,50.07,50.0,49.7,50.3,1,0,21.57,20.15,14500,1,0,0,31.85
2281063,50.07,50.0,49.7,50.3,1,0,21.57,20.15,15000,1,0,0,31.85
2281569,50.13,50.0,49.7,50.3,1,0,21.42,20.15,15500,1,0,0,31.85
2282075,50.13,50.0,49.7,50.3,1,0,21.42,20.17,16000,1,0,0,31.85
2282581,50.19,50.0,49.7,50.3,1,0,21.44,20.2,16509,1,0,0,31.86
2283087,50.18,50.0,49.7,50.3,1,0,21.18,20.2,17009,1,0,0,31.83
2283593,50.18,50.0,49.7,50.3,1,0,21.18,20.17,17509,1,0,0,31.83
2284099,50.18,50.0,49.7,50.3,1,0,21.18,20.17,18009,1,0,0,31.83
2284605,50.29,50.0,49.7,50.3,1,0,21.01,20.23,18509,1,0,0,31.86
2285111,50.23,50.0,49.7,50.3,1,0,21.07,20.23,19009,1,0,0,31.85
2285617,50.23,50.0,49.7,50.3,1,0,21.07,20.2,19509,1,0,0,31.85
2286123,50.3,50.0,49.7,50.3,1,0,20.81,20.2,20009,1,0,0,31.86
2286629,50.3,50.0,49.7,50.3,1,0,20.81,20.24,20509,1,0,0,31.86
2287135,50.38,50.0,49.7,50.3,1,0,20.66,20.27,21009,1,0,0,31.86
2287641,50.31,50.0,49.7,50.3,1,0,20.56,20.27,21509,1,0,0,31.85
2288147,50.31,50.0,49.7,50.3,1,0,20.56,20.23,22009,1,0,0,31.85
2288653,50.44,50.0,49.7,50.3,1,0,20.49,20.23,22509,1,0,0,31.85
2289159,50.44,50.0,49.7,50.3,1,0,20.49,20.27,23009,1,0,0,31.85
2289665,50.47,50.0,49.7,50.3,1,0,20.47,20.27,23509,1,0,0,31.86
2290171,50.47,50.0,49.7,50.3,1,0,20.47,20.29,24012,1,0,0,31.86
2290677,50.47,50.0,49.7,50.3,1,0,20.47,20.29,24512,1,0,0,31.86
2291183,50.52,50.0,49.7,50.3,1,0,20.02,20.3,25012,1,0,0,31.85
2291689,50.58,50.0,49.7,50.3,1,0,19.41,20.3,25512,1,0,0,31.85
2292195,50.58,50.0,49.7,50.3,1,0,19.41,20.32,26012,1,0,0,31.85
2292701,50.58,50.0,49.7,50.3,1,0,19.41,20.32,26512,1,0,0,31.85
2293207,50.65,50.0,49.7,50.3,1,0,19.67,20.32,27012,1,0,0,31.86
2293713,50.65,50.0,49.7,50.3,1,0,19.67,20.35,27512,1,0,0,31.86
2294219,50.68,50.0,49.7,50.3,1,0,19.67,20.35,28012,1,0,0,31.86
2294725,50.68,50.0,49.7,50.3,1,0,19.67,20.36,28512,1,0,0,31.86
2295231,50.68,50.0,49.7,50.3,1,0,19.67,20.36,29012,1,0,0,31.86
2295737,50.77,50.0,49.7,50.3,1,0,19.56,20.36,29512,1,0,0,31.85
2296243,50.8,50.0,49.7,50.3,1,0,19.44,20.38,30012,1,0,0,31.86
2296750,50.8,50.0,49.7,50.3,1,0,19.44,20.4,30512,1,0,0,31.86
2297256,50.87,50.0,49.7,50.3,1,0,19.63,20.4,31012,1,0,0,31.85
2297762,50.84,50.0,49.7,50.3,1,0,19.33,20.41,31512,1,0,0,31.86
2298268,50.93,50.0,49.7,50.3,1,0,19.16,20.41,32012,1,0,0,31.83
2298774,50.93,50.0,49.7,50.3,1,0,19.16,20.41,33014,1,0,0,31.83
2299280,50.98,50.0,49.7,50.3,1,0,19.09,20.44,33514,1,0,0,31.85
2299786,51.02,50.0,49.7,50.3,1,0,19.05,20.46,34014,1,0,0,31.85
2300292,51.02,50.0,49.7,50.3,1,0,19.05,20.46,34514,1,0,0,31.85
2300798,51.04,50.0,49.7,50.3,1,0,18.92,20.48,35014,1,1,0,31.86
2301304,51.04,50.0,49.7,50.3,1,0,18.92,20.48,35514,1,1,0,31.86
2301810,51.08,50.0,49.7,50.3,1,0,18.85,20.46,36014,1,1,0,31.83
2302316,51.1,50.0,49.7,50.3,1,0,18.96,20.48,36514,1,1,0,31.85
2302822,51.1,50.0,49.7,50.3,1,0,18.96,20.48,37014,1,1,0,31.85
2303328,51.16,50.0,49.7,50.3,1,0,18.79,20.54,37514,1,1,0,31.89
2303834,51.16,50.0,49.7,50.3,1,0,18.79,20.54,38014,1,1,0,31.89
2304340,51.17,50.0,49.7,50.3,1,0,18.64,20.52,38514,1,1,0,31.86
2304846,51.17,50.0,49.7,50.3,1,0,18.64,20.52,39014,1,1,0,31.86
2305352,51.15,50.0,49.7,50.3,1,0,18.44,20.51,39514,1,1,0,31.86
2305858,51.18,50.0,49.7,50.3,1,0,18.29,20.51,40014,1,1,0,31.85
2306364,51.18,50.0,49.7,50.3,1,0,18.29,20.51,40514,1,1,0,31.85
2306870,51.27,50.0,49.7,50.3,1,0,18.16,20.54,41014,1,1,0,31.85
2307376,51.28,50.0,49.7,50.3,1,0,17.67,20.55,41514,1,1,0,31.86
2307882,51.25,50.0,49.7,50.3,1,0,18.16,20.54,42014,1,1,0,31.86
2308388,51.26,50.0,49.7,50.3,1,0,18.12,20.54,42514,1,1,0,31.86
2308894,51.26,50.0,49.7,50.3,1,0,18.12,20.55,43014,1,1,0,31.86
2309400,51.29,50.0,49.7,50.3,1,0,17.8,20.55,43514,1,1,0,31.86
2309906,51.28,50.0,49.7,50.3,1,0,17.88,20.55,44014,1,1,0,31.86
2310412,51.28,50.0,49.7,50.3,1,0,17.88,20.55,44514,1,1,0,31.86
2310919,51.33,50.0,49.7,50.3,1,0,17.78,20.55,45014,1,1,0,31.86
2311426,51.33,50.0,49.7,50.3,1,0,17.78,20.57,45514,1,1,0,31.86
2311932,51.33,50.0,49.7,50.3,1,0,17.78,20.57,46014,1,1,0,31.86
2312438,51.33,50.0,49.7,50.3,1,0,17.78,20.57,46514,1,1,0,31.86
2312944,51.33,50.0,49.7,50.3,1,0,17.78,20.57,47014,1,1,0,31.86
2313450,51.31,50.0,49.7,50.3,1,0,17.41,20.55,47514,1,1,0,31.85
2313956,51.31,50.0,49.7,50.3,1,0,17.41,20.55,48014,1,1,0,31.85
2314462,51.32,50.0,49.7,50.3,1,0,17.41,20.56,48514,1,1,0,31.86
2314968,51.32,50.0,49.7,50.3,1,0,17.41,20.56,49014,1,1,0,31.86
2315474,51.32,50.0,49.7,50.3,1,0,17.41,20.56,49514,1,1,0,31.86
2315980,51.34,50.0,49.7,50.3,1,0,17.26,20.56,50014,1,1,0,31.85
2316486,51.34,50.0,49.7,50.3,1,0,17.26,20.56,50514,1,1,0,31.85
2316992,51.27,50.0,49.7,50.3,1,0,17.15,20.52,51014,1,1,0,31.83
2317498,51.31,50.0,49.7,50.3,1,0,17.17,20.52,51514,1,1,0,31.85
2318004,51.31,50.0,49.7,50.3,1,0,17.17,20.55,52014,1,1,0,31.85
2318510,51.28,50.0,49.7,50.3,1,0,17.71,20.56,52514,1,1,0,31.87
2319016,51.24,50.0,49.7,50.3,1,0,16.87,20.56,53014,1,1,0,31.87
2319522,51.24,50.0,49.7,50.3,1,0,16.87,20.55,53514,1,1,0,31.87
2320028,51.26,50.0,49.7,50.3,1,0,16.87,20.53,54014,1,1,0,31.85
2320534,51.25,50.0,49.7,50.3,1,0,16.92,20.53,54514,1,1,0,31.85
2321040,51.25,50.0,49.7,50.3,1,0,16.92,20.53,55014,1,1,0,31.85
2321546,51.23,50.0,49.7,50.3,1,0,16.74,20.52,55514,1,1,0,31.85
2322052,51.17,50.0,49.7,50.3,1,0,16.81,20.52,56014,1,1,0,31.85
2322558,51.17,50.0,49.7,50.3,1,0,16.81,20.5,56514,1,1,0,31.85
2323064,51.2,50.0,49.7,50.3,1,0,16.72,20.5,57014,1,1,0,31.87
2323570,51.17,50.0,49.7,50.3,1,0,16.57,20.54,57514,1,1,0,31.86
2324076,51.17,50.0,49.7,50.3,1,0,16.57,20.52,58014,1,1,0,31.86
2324582,51.13,50.0,49.7,50.3,1,0,16.48,20.47,58514,1,1,0,31.82
2325088,51.16,50.0,49.7,50.3,1,0,16.51,20.49,59014,1,1,0,31.83
2325594,51.16,50.0,49.7,50.3,1,0,16.51,20.49,59514,1,1,0,31.83
2326100,51.16,50.0,49.7,50.3,1,0,16.51,20.49,60014,1,1,0,31.83
2326606,51.16,50.0,49.7,50.3,1,0,16.51,20.49,60514,1,1,0,31.83
2327112,51.08,50.0,49.7,50.3,1,0,16.25,20.49,61014,1,1,0,31.83
2327618,51.08,50.0,49.7,50.3,1,0,16.25,20.46,61514,1,1,0,31.83
2328124,51.04,50.0,49.7,50.3,1,0,16.29,20.48,62015,1,1,0,31.86
2328630,51.0,50.0,49.7,50.3,1,0,16.31,20.48,62515,1,1,0,31.85
2329136,51.0,50.0,49.7,50.3,1,0,16.31,20.45,63015,1,1,0,31.85
2329642,51.0,50.0,49.7,50.3,1,0,16.31,20.45,63515,1,1,0,31.85
2330148,50.92,50.0,49.7,50.3,1,0,16.1,20.45,64015,1,1,0,31.82
2330654,50.9,50.0,49.7,50.3,1,0,15.92,20.4,64515,1,1,0,31.85
2331160,50.9,50.0,49.7,50.3,1,0,15.92,20.42,65015,1,1,0,31.85
2331666,50.87,50.0,49.7,50.3,1,0,15.97,20.42,65515,1,1,0,31.85
2332172,50.81,50.0,49.7,50.3,1,0,15.97,20.41,66015,1,1,0,31.82
2332678,50.81,50.0,49.7,50.3,1,0,15.97,20.36,66515,1,1,0,31.82
2333184,50.83,50.0,49.7,50.3,1,0,15.86,20.36,67015,1,1,0,31.86
2333690,50.83,50.0,49.7,50.3,1,0,15.86,20.41,67515,1,1,0,31.86
2334196,50.72,50.0,49.7,50.3,1,0,15.73,20.41,68017,1,1,0,31.83
2334702,50.72,50.0,49.7,50.3,1,0,15.73,20.35,68518,1,1,0,31.83
2335208,50.69,50.0,49.7,50.3,1,0,15.51,20.35,69018,1,1,0,31.85
2335714,50.68,50.0,49.7,50.3,1,0,15.64,20.35,69518,1,1,0,31.83
2336220,50.68,50.0,49.7,50.3,1,0,15.64,20.33,70018,1,1,0,31.83
2336726,50.62,50.0,49.7,50.3,1,0,15.6,20.33,70518,1,1,0,31.85
2337232,50.64,50.0,49.7,50.3,1,0,15.42,20.33,71018,1,1,0,31.85
2337738,50.53,50.0,49.7,50.3,1,0,15.38,20.33,71518,1,1,0,31.86
2338244,50.53,50.0,49.7,50.3,1,0,15.38,20.31,72018,1,1,0,31.86
2338750,50.49,50.0,49.7,50.3,1,0,15.36,20.31,72518,1,1,0,31.83
2339256,50.49,50.0,49.7,50.3,1,0,15.36,20.27,73018,1,1,0,31.83
2339762,50.41,50.0,49.7,50.3,1,0,15.36,20.27,73518,1,1,0,31.85
2340268,50.41,50.0,49.7,50.3,1,0,15.36,20.26,74018,1,1,0,31.85
2340774,50.41,50.0,49.7,50.3,1,0,15.36,20.26,74518,1,1,0,31.85
2341281,50.33,50.0,49.7,50.3,1,0,15.16,20.26,75024,1,1,1,31.83
2341788,50.33,50.0,49.7,50.3,1,0,15.16,20.22,75532,1,1,1,31.83
2342294,50.33,50.0,49.7,50.3,1,0,15.16,20.22,76034,1,1,1,31.83
2342800,50.33,50.0,49.7,50.3,1,0,15.16,20.22,76540,1,1,1,31.83
2343306,50.34,50.0,49.7,50.3,1,0,15.12,20.21,77546,1,1,1,31.82
2343812,50.26,50.0,49.7,50.3,0,0,15.01,20.21,0,1,1,0,31.85
2344318,50.2,50.0,49.7,50.3,0,0,14.95,20.18,500,1,1,0,31.83
2344824,50.19,50.0,49.7,50.3,0,0,15.01,20.16,1000,1,1,0,31.82
2345330,50.19,50.0,49.7,50.3,0,0,15.01,20.16,1500,1,1,0,31.82
2345836,50.15,50.0,49.7,50.3,0,0,14.86,20.16,2000,1,1,0,31.83
2346342,50.15,50.0,49.7,50.3,0,0,14.86,20.16,2500,1,1,0,31.83
2346848,50.15,50.0,49.7,50.3,0,0,14.86,20.16,3000,1,1,0,31.83
2347354,50.15,50.0,49.7,50.3,0,0,14.86,20.16,3500,1,1,0,31.83
2347860,50.03,50.0,49.7,50.3,0,0,14.93,20.12,4000,1,1,0,31.83
2348366,50.03,50.0,49.7,50.3,0,0,14.93,20.12,4500,1,1,0,31.83
2348872,49.97,50.0,49.7,50.3,0,0,15.06,20.11,5000,1,1,0,31.83
2349378,49.88,50.0,49.7,50.3,0,0,15.08,20.11,5500,1,1,0,31.83
2349884,49.88,50.0,49.7,50.3,0,0,15.08,20.08,6000,1,1,0,31.83
2350390,49.88,50.0,49.7,50.3,0,0,15.08,20.08,6500,1,1,0,31.83
2350896,49.88,50.0,49.7,50.3,0,0,15.08,20.08,7003,1,1,0,31.83
2351402,49.84,50.0,49.7,50.3,0,0,14.97,20.05,7505,1,1,0,31.82
2351908,49.84,50.0,49.7,50.3,0,0,14.97,20.05,8005,1,1,0,31.82
2352414,49.79,50.0,49.7,50.3,0,0,15.03,20.06,8505,1,1,0,31.85
2352920,49.74,50.0,49.7,50.3,0,0,15.14,20.02,9005,1,1,0,31.82
2353426,49.74,50.0,49.7,50.3,0,0,15.14,20.02,9505,1,1,0,31.82
2353932,49.66,50.0,49.7,50.3,0,0,15.42,19.98,10005,1,1,0,31.8
2354438,49.65,50.0,49.7,50.3,0,0,15.53,19.98,10505,1,1,0,31.83
2354944,49.65,50.0,49.7,50.3,0,0,15.53,20.0,11005,1,1,0,31.83
2355450,49.57,50.0,49.7,50.3,0,0,16.27,19.96,11505,1,1,0,31.82
2355956,49.57,50.0,49.7,50.3,0,0,16.27,19.96,12005,1,1,0,31.82
2356462,49.52,50.0,49.7,50.3,0,0,15.84,19.95,12505,1,1,0,31.82
2356968,49.52,50.0,49.7,50.3,0,0,15.84,19.95,13005,1,1,0,31.82
2357474,49.52,50.0,49.7,50.3,0,0,15.84,19.95,13505,1,1,0,31.82
2357980,49.52,50.0,49.7,50.3,0,0,15.84,19.95,14005,1,1,0,31.82
2358486,49.42,50.0,49.7,50.3,0,0,16.1,19.91,14505,1,1,0,31.82
2358993,49.39,50.0,49.7,50.3,0,0,16.03,19.91,15005,1,1,0,31.85
2359500,49.39,50.0,49.7,50.3,0,0,16.03,19.93,15505,1,1,0,31.85
2360006,49.35,50.0,49.7,50.3,0,0,16.07,19.89,16005,1,1,0,31.82
2360512,49.28,50.0,49.7,50.3,0,0,16.03,19.89,16505,1,1,0,31.83
2361018,49.28,50.0,49.7,50.3,0,0,16.03,19.88,17005,1,1,0,31.83
2361524,49.3,50.0,49.7,50.3,0,0,16.46,19.88,17505,1,1,0,31.85
2362030,49.3,50.0,49.7,50.3,0,0,16.46,19.9,18005,1,1,0,31.85
2362536,49.22,50.0,49.7,50.3,0,0,16.25,19.86,18505,1,1,0,31.83
2363042,49.22,50.0,49.7,50.3,0,0,16.25,19.86,19005,1,1,0,31.83
2363548,49.19,50.0,49.7,50.3,0,0,16.46,19.86,19505,1,1,0,31.83
2364054,49.16,50.0,49.7,50.3,0,0,16.4,19.85,20005,1,1,0,31.82
2364560,49.16,50.0,49.7,50.3,0,0,16.4,19.83,20505,1,1,0,31.82
2365066,49.11,50.0,49.7,50.3,0,0,16.66,19.81,21005,1,1,0,31.82
2365572,49.11,50.0,49.7,50.3,0,0,16.66,19.81,21507,1,1,0,31.82
2366078,49.07,50.0,49.7,50.3,0,0,16.87,19.81,22007,1,1,0,31.83
2366587,49.07,50.0,49.7,50.3,0,0,16.87,19.81,22507,1,1,0,31.83
2367093,49.01,50.0,49.7,50.3,0,0,17.02,19.78,23007,1,1,0,31.82
2367599,49.04,50.0,49.7,50.3,0,0,16.89,19.78,23507,1,1,0,31.82
2368105,49.04,50.0,49.7,50.3,0,0,16.89,19.79,24007,1,1,0,31.82
2368611,49.04,50.0,49.7,50.3,0,0,16.89,19.79,24507,1,1,0,31.82
2369117,48.99,50.0,49.7,50.3,0,0,17.3,19.78,25007,1,1,0,31.83
2369623,48.99,50.0,49.7,50.3,0,0,17.3,19.78,25507,1,1,0,31.83
2370129,48.96,50.0,49.7,50.3,0,0,17.58,19.78,26007,1,1,0,31.83
2370635,48.96,50.0,49.7,50.3,0,0,17.58,19.78,26507,1,1,0,31.83
2371141,48.96,50.0,49.7,50.3,0,0,17.6,19.78,27010,1,1,0,31.83
2371647,48.93,50.0,49.7,50.3,0,0,18.08,19.78,27511,1,1,0,31.82
2372153,48.93,50.0,49.7,50.3,0,0,18.08,19.75,28012,1,1,0,31.82
2372659,48.93,50.0,49.7,50.3,0,0,18.08,19.75,28512,1,1,0,31.82
2373165,48.96,50.0,49.7,50.3,0,0,17.71,19.75,29012,1,1,0,31.82
2373685,48.93,50.0,49.7,50.3,0,0,17.78,19.76,29512,1,1,0,31.83
2374192,48.93,50.0,49.7,50.3,0,0,17.78,19.77,30012,1,1,0,31.83
2374698,48.91,50.0,49.7,50.3,0,0,17.56,19.77,30512,1,1,0,31.83
2375204,48.88,50.0,49.7,50.3,0,0,18.12,19.76,31012,1,1,0,31.85
2375710,48.88,50.0,49.7,50.3,0,0,18.12,19.76,31512,1,1,0,31.85
2376216,48.93,50.0,49.7,50.3,0,0,18.23,19.77,32012,1,1,0,31.83
2376722,48.93,50.0,49.7,50.3,0,0,18.23,19.77,32512,1,1,0,31.83
2377228,48.93,50.0,49.7,50.3,0,0,18.44,19.77,33012,1,1,0,31.83
2377744,48.93,50.0,49.7,50.3,0,0,18.34,19.77,33512,1,0,0,31.82
2378251,48.93,50.0,49.7,50.3,0,0,18.34,19.75,34012,1,0,0,31.82
2378757,48.91,50.0,49.7,50.3,0,0,18.75,19.75,34512,1,0,0,31.83
2379263,48.91,50.0,49.7,50.3,0,0,18.75,19.76,35012,1,0,0,31.83
2379769,48.91,50.0,49.7,50.3,0,0,18.75,19.76,35514,1,0,0,31.83
2380275,48.91,50.0,49.7,50.3,0,0,18.75,19.76,36014,1,0,0,31.83
2380781,48.86,50.0,49.7,50.3,0,0,18.6,19.76,36514,1,0,0,31.82
2381287,48.86,50.0,49.7,50.3,0,0,18.6,19.73,37014,1,0,0,31.82
2381793,48.84,50.0,49.7,50.3,0,0,18.83,19.73,37514,1,0,0,31.85
2382299,48.9,50.0,49.7,50.3,0,0,18.85,19.75,38014,1,0,0,31.85
2382805,48.9,50.0,49.7,50.3,0,0,18.85,19.77,38514,1,0,0,31.85
2383311,48.9,50.0,49.7,50.3,0,0,18.85,19.77,39014,1,0,0,31.85
2383817,48.9,50.0,49.7,50.3,0,0,18.85,19.77,39514,1,0,0,31.85
2384323,48.92,50.0,49.7,50.3,0,0,19.07,19.77,40021,1,0,0,31.83
2384829,48.9,50.0,49.7,50.3,0,0,19.24,19.76,40527,1,0,0,31.82
2385335,48.9,50.0,49.7,50.3,0,0,19.24,19.75,41033,1,0,0,31.82
2385841,48.96,50.0,49.7,50.3,0,0,19.16,19.78,42035,1,0,0,31.83
2386347,48.96,50.0,49.7,50.3,0,0,19.16,19.78,42535,1,0,0,31.83
2386853,48.92,50.0,49.7,50.3,0,0,19.46,19.75,43035,1,0,0,31.82
2387359,48.92,50.0,49.7,50.3,0,0,19.46,19.75,43535,1,0,0,31.82
2387865,48.92,50.0,49.7,50.3,0,0,19.44,19.76,44035,1,0,0,31.83
2388371,48.95,50.0,49.7,50.3,0,0,19.76,19.79,44535,1,0,0,31.85
2388877,48.95,50.0,49.7,50.3,0,0,19.76,19.79,45035,1,0,0,31.85
2389383,48.92,50.0,49.7,50.3,0,0,19.74,19.76,45535,1,0,0,31.83
2389889,49.03,50.0,49.7,50.3,0,0,19.56,19.8,46035,1,0,0,31.83
2390395,49.03,50.0,49.7,50.3,0,0,19.56,19.8,46535,1,0,0,31.83
2390901,49.02,50.0,49.7,50.3,0,0,19.74,19.81,47035,1,0,0,31.85
2391407,49.02,50.0,49.7,50.3,0,0,19.74,19.81,47538,1,0,0,31.85
2391913,49.0,50.0,49.7,50.3,0,0,19.93,19.78,48039,1,0,0,31.82
2392419,49.0,50.0,49.7,50.3,0,0,19.93,19.78,48539,1,0,0,31.82
2392925,49.01,50.0,49.7,50.3,0,0,20.0,19.79,49039,1,0,0,31.83
2393431,49.03,50.0,49.7,50.3,0,0,20.08,19.8,49539,1,0,0,31.83
2393937,49.03,50.0,49.7,50.3,0,0,20.08,19.8,50039,1,0,0,31.83
2394443,49.04,50.0,49.7,50.3,0,0,20.19,19.8,50539,1,0,0,31.83
2394949,49.07,50.0,49.7,50.3,0,0,20.25,19.83,51039,1,0,0,31.85
2395455,49.07,50.0,49.7,50.3,0,0,20.25,19.83,51539,1,0,0,31.85
2395961,49.07,50.0,49.7,50.3,0,0,20.25,19.83,52039,1,0,0,31.85
2396467,49.07,50.0,49.7,50.3,0,0,20.25,19.83,52539,1,0,0,31.85
2396973,49.11,50.0,49.7,50.3,0,0,21.01,19.83,53039,1,0,0,31.83
2397479,49.11,50.0,49.7,50.3,0,0,21.01,19.83,53539,1,0,0,31.83
2397985,49.16,50.0,49.7,50.3,0,0,20.6,19.84,54039,1,0,0,31.83
2398491,49.16,50.0,49.7,50.3,0,0,20.6,19.84,54539,1,0,0,31.83
2398997,49.16,50.0,49.7,50.3,0,0,20.6,19.84,55039,1,0,0,31.83
2399503,49.16,50.0,49.7,50.3,0,0,20.49,19.84,55539,1,0,0,31.83
2400009,49.18,50.0,49.7,50.3,0,0,20.81,19.86,56039,1,0,0,31.85
2400529,49.19,50.0,49.7,50.3,0,0,20.92,19.86,56539,1,0,0,31.83
2401036,49.19,50.0,49.7,50.3,0,0,20.92,19.85,57039,1,0,0,31.83
2401542,49.19,50.0,49.7,50.3,0,0,20.92,19.85,57539,1,0,0,31.83
2402048,49.19,50.0,49.7,50.3,0,0,20.92,19.85,58039,1,0,0,31.83
2402554,49.25,50.0,49.7,50.3,0,0,20.9,19.88,58539,1,0,0,31.85
2403060,49.25,50.0,49.7,50.3,0,0,20.9,19.88,59039,1,0,0,31.85
2403566,49.27,50.0,49.7,50.3,0,0,21.03,19.88,59539,1,0,0,31.83
2404072,49.29,50.0,49.7,50.3,0,0,21.03,19.9,60039,1,0,0,31.85
2404578,49.28,50.0,49.7,50.3,0,0,21.29,19.9,60539,1,0,0,31.83
2405085,49.31,50.0,49.7,50.3,0,0,21.16,19.88,61039,1,0,0,31.85
2405592,49.31,50.0,49.7,50.3,0,0,21.16,19.91,61539,1,0,0,31.85
2406098,49.31,50.0,49.7,50.3,0,0,21.16,19.91,62039,1,0,0,31.85
2406604,49.32,50.0,49.7,50.3,0,0,21.27,19.91,62539,1,0,0,31.82
2407110,49.32,50.0,49.7,50.3,0,0,21.27,19.88,63039,1,0,0,31.82
2407616,49.35,50.0,49.7,50.3,0,0,21.46,19.92,63544,1,0,0,31.85
2408122,49.35,50.0,49.7,50.3,0,0,21.46,19.92,64044,1,0,0,31.85
2408628,49.4,50.0,49.7,50.3,0,0,21.59,19.91,64544,1,0,0,31.82
2409134,49.44,50.0,49.7,50.3,0,0,21.51,19.91,65044,1,0,0,31.85
2409640,49.44,50.0,49.7,50.3,0,0,21.51,19.95,65544,1,0,0,31.85
2410146,49.45,50.0,49.7,50.3,0,0,21.53,19.95,66044,1,0,0,31.83
2410652,49.45,50.0,49.7,50.3,0,0,21.53,19.93,66544,1,0,0,31.83
2411158,49.49,50.0,49.7,50.3,0,0,21.74,19.93,67044,1,0,0,31.83
2411664,49.49,50.0,49.7,50.3,0,0,21.74,19.95,67544,1,0,0,31.83
2412170,49.49,50.0,49.7,50.3,0,0,21.74,19.95,68044,1,0,0,31.83
2412676,49.5,50.0,49.7,50.3,0,0,21.79,19.95,68544,1,0,0,31.85
2413182,49.5,50.0,49.7,50.3,0,0,21.79,19.97,69044,1,0,0,31.85
2413688,49.47,50.0,49.7,50.3,0,0,22.03,19.97,69544,1,0,0,31.83
2414194,49.58,50.0,49.7,50.3,0,0,21.96,19.94,70044,1,0,0,31.85
2414700,49.58,50.0,49.7,50.3,0,0,21.96,19.99,70544,1,0,0,31.85
2415206,49.6,50.0,49.7,50.3,0,0,22.22,19.99,71044,1,0,0,31.83
2415712,49.6,50.0,49.7,50.3,0,0,22.22,19.98,71544,1,0,0,31.83
2416218,49.55,50.0,49.7,50.3,0,0,22.18,19.99,72044,1,0,0,31.86
2416724,49.59,50.0,49.7,50.3,0,0,22.11,20.01,72546,1,0,0,31.86
2417230,49.65,50.0,49.7,50.3,0,0,22.18,20.01,73046,1,0,0,31.83
2417736,49.72,50.0,49.7,50.3,0,0,22.85,20.0,73546,1,0,0,31.85
2418242,49.72,50.0,49.7,50.3,1,0,22.85,20.04,0,1,0,0,31.85
2418748,49.65,50.0,49.7,50.3,1,0,22.39,20.04,500,1,0,0,31.83
2419254,49.69,50.0,49.7,50.3,1,0,22.37,20.0,1000,1,0,0,31.85
2419760,49.69,50.0,49.7,50.3,1,0,22.33,20.03,1500,1,0,0,31.85
2420266,49.69,50.0,49.7,50.3,1,0,22.33,20.03,2000,1,0,0,31.85
2420772,49.68,50.0,49.7,50.3,1,0,22.5,20.01,2500,1,0,0,31.83
2421278,49.68,50.0,49.7,50.3,1,0,22.5,20.01,3000,1,0,0,31.83
2421784,49.8,50.0,49.7,50.3,1,0,22.37,20.01,3500,1,0,0,31.83
2422290,49.8,50.0,49.7,50.3,1,0,22.37,20.05,4000,1,0,0,31.83
2422796,49.8,50.0,49.7,50.3,1,0,22.37,20.05,4500,1,0,0,31.83
2423302,49.77,50.0,49.7,50.3,1,0,22.33,20.05,5000,1,0,0,31.85
2423808,49.79,50.0,49.7,50.3,1,0,22.44,20.06,5500,1,0,0,31.85
2424314,49.8,50.0,49.7,50.3,1,0,22.37,20.06,6000,1,0,0,31.83
2424820,49.84,50.0,49.7,50.3,1,0,22.46,20.05,6500,1,0,0,31.85
2425326,49.84,50.0,49.7,50.3,1,0,22.46,20.08,7000,1,0,0,31.85
2425835,49.84,50.0,49.7,50.3,1,0,22.46,20.08,7500,1,0,0,31.85
2426342,49.89,50.0,49.7,50.3,1,0,22.09,20.08,8000,1,0,0,31.82
2426848,49.89,50.0,49.7,50.3,1,0,22.09,20.07,8500,1,0,0,31.82
2427354,49.92,50.0,49.7,50.3,1,0,22.03,20.09,9502,1,0,0,31.83
2427860,49.95,50.0,49.7,50.3,1,0,21.92,20.11,10002,1,0,0,31.85
2428366,49.95,50.0,49.7,50.3,1,0,21.92,20.11,10502,1,0,0,31.85
2428872,49.95,50.0,49.7,50.3,1,0,21.92,20.11,11002,1,0,0,31.85
2429378,49.95,50.0,49.7,50.3,1,0,21.96,20.1,11502,1,0,0,31.83
2429884,49.95,50.0,49.7,50.3,1,0,21.96,20.1,12002,1,0,0,31.83
2430390,49.95,50.0,49.7,50.3,1,0,21.96,20.1,12503,1,0,0,31.83
2430896,49.95,50.0,49.7,50.3,1,0,21.96,20.1,13003,1,0,0,31.83
2431402,49.95,50.0,49.7,50.3,1,0,21.96,20.1,13503,1,0,0,31.83
2431908,50.04,50.0,49.7,50.3,1,0,21.53,20.14,14003,1,0,0,31.85
2432414,50.04,50.0,49.7,50.3,1,0,21.53,20.14,14503,1,0,0,31.85
2432920,50.07,50.0,49.7,50.3,1,0,21.4,20.15,15003,1,0,0,31.85
2433426,50.07,50.0,49.7,50.3,1,0,21.4,20.15,15503,1,0,0,31.85
2433932,50.07,50.0,49.7,50.3,1,0,21.4,20.15,16003,1,0,0,31.85
2434438,50.07,50.0,49.7,50.3,1,0,21.4,20.15,16503,1,0,0,31.85
2434944,50.08,50.0,49.7,50.3,1,0,21.18,20.14,17003,1,0,0,31.83
2435450,50.08,50.0,49.7,50.3,1,0,21.18,20.14,17503,1,0,0,31.83
2435956,50.18,50.0,49.7,50.3,1,0,20.97,20.17,18003,1,0,0,31.83
2436462,50.18,50.0,49.7,50.3,1,0,21.03,20.17,18503,1,0,0,31.85
2436968,50.18,50.0,49.7,50.3,1,0,21.03,20.19,19003,1,0,0,31.85
2437474,50.18,50.0,49.7,50.3,1,0,20.79,20.17,19503,1,0,0,31.83
2437980,50.18,50.0,49.7,50.3,1,0,20.79,20.17,20003,1,0,0,31.83
2438486,50.23,50.0,49.7,50.3,1,0,20.77,20.2,20503,1,0,0,31.85
2438992,50.27,50.0,49.7,50.3,1,0,20.66,20.2,21003,1,0,0,31.83
2439498,50.27,50.0,49.7,50.3,1,0,20.66,20.2,21503,1,0,0,31.83
2440004,50.26,50.0,49.7,50.3,1,0,20.58,20.2,22003,1,0,0,31.83
2440510,50.35,50.0,49.7,50.3,1,0,20.53,20.2,22503,1,0,0,31.82
2441016,50.35,50.0,49.7,50.3,1,0,20.53,20.22,23003,1,0,0,31.82
2441522,50.35,50.0,49.7,50.3,1,0,20.23,20.23,23503,1,0,0,31.83
2442028,50.35,50.0,49.7,50.3,1,0,20.23,20.23,24003,1,0,0,31.83
2442534,50.4,50.0,49.7,50.3,1,0,20.36,20.27,24503,1,0,0,31.86
2443040,50.46,50.0,49.7,50.3,1,0,20.3,20.24,25003,1,0,0,31.8
2443546,50.46,50.0,49.7,50.3,1,0,20.3,20.24,25503,1,0,0,31.8
2444052,50.52,50.0,49.7,50.3,1,0,19.87,20.24,26003,1,0,0,31.85
2444558,50.52,50.0,49.7,50.3,1,0,19.87,20.3,26503,1,0,0,31.85
2445064,50.57,50.0,49.7,50.3,1,0,19.78,20.31,27003,1,0,0,31.85
2445570,50.56,50.0,49.7,50.3,1,0,19.8,20.31,27503,1,0,0,31.83
2446076,50.56,50.0,49.7,50.3,1,0,19.8,20.29,28003,1,0,0,31.83
2446582,50.61,50.0,49.7,50.3,1,0,19.59,20.33,28503,1,0,0,31.85
2447088,50.69,50.0,49.7,50.3,1,0,19.52,20.35,29003,1,0,0,31.85
2447594,50.69,50.0,49.7,50.3,1,0,19.52,20.35,29503,1,0,0,31.85
2448100,50.71,50.0,49.7,50.3,1,0,19.26,20.35,30003,1,0,0,31.86
2448606,50.71,50.0,49.7,50.3,1,0,19.26,20.37,30503,1,0,0,31.86
2449112,50.78,50.0,49.7,50.3,1,0,19.37,20.37,31003,1,0,0,31.86
2449618,50.78,50.0,49.7,50.3,1,0,19.37,20.39,31503,1,0,0,31.86
2450124,50.78,50.0,49.7,50.3,1,0,19.37,20.39,32003,1,0,0,31.86
2450633,50.81,50.0,49.7,50.3,1,0,19.69,20.39,32503,1,0,0,31.83
2451140,50.81,50.0,49.7,50.3,1,0,19.69,20.38,33003,1,0,0,31.83
2451646,50.82,50.0,49.7,50.3,1,0,18.96,20.38,33503,1,0,0,31.83
2452152,50.82,50.0,49.7,50.3,1,0,18.96,20.38,34003,1,0,0,31.83
2452658,50.92,50.0,49.7,50.3,1,0,18.81,20.38,34503,1,0,0,31.83
2453164,50.92,50.0,49.7,50.3,1,0,18.81,20.41,35003,1,1,0,31.83
2453670,50.92,50.0,49.7,50.3,1,0,18.25,20.41,35503,1,1,0,31.83
2454176,50.92,50.0,49.7,50.3,1,0,18.77,20.41,36003,1,1,0,31.83
2454682,50.92,50.0,49.7,50.3,1,0,18.77,20.41,36503,1,1,0,31.83
2455188,51.0,50.0,49.7,50.3,1,0,18.62,20.41,37003,1,1,0,31.85
2455694,51.0,50.0,49.7,50.3,1,0,18.62,20.45,37503,1,1,0,31.85
2456200,51.03,50.0,49.7,50.3,1,0,17.67,20.45,38003,1,1,0,31.85
2456706,51.03,50.0,49.7,50.3,1,0,17.67,20.46,38504,1,1,0,31.85
2457212,51.03,50.0,49.7,50.3,1,0,17.67,20.46,39004,1,1,0,31.85
2457718,51.08,50.0,49.7,50.3,1,0,18.38,20.46,39504,1,1,0,31.83
2458224,51.08,50.0,49.7,50.3,1,0,18.38,20.46,40004,1,1,0,31.83
2458730,51.08,50.0,49.7,50.3,1,0,18.23,20.46,40504,1,1,0,31.85
2459236,51.11,50.0,49.7,50.3,1,0,18.06,20.48,41004,1,1,0,31.85
2459742,51.11,50.0,49.7,50.3,1,0,18.06,20.49,41504,1,1,0,31.85
2460248,51.09,50.0,49.7,50.3,1,0,17.99,20.49,42004,1,1,0,31.86
2460754,51.09,50.0,49.7,50.3,1,0,17.99,20.49,42504,1,1,0,31.86
2461260,51.11,50.0,49.7,50.3,1,0,17.6,20.49,43004,1,1,0,31.83
2461766,51.11,50.0,49.7,50.3,1,0,17.6,20.47,43504,1,1,0,31.83
2462272,51.11,50.0,49.7,50.3,1,0,17.6,20.47,44007,1,1,0,31.83
2462778,51.15,50.0,49.7,50.3,1,0,17.76,20.48,44508,1,1,0,31.83
2463284,51.15,50.0,49.7,50.3,1,0,17.76,20.48,45008,1,1,0,31.83
2463790,51.15,50.0,49.7,50.3,1,0,17.76,20.48,45508,1,1,0,31.83
2464296,51.2,50.0,49.7,50.3,1,0,17.58,20.48,46008,1,1,0,31.83
2464802,51.18,50.0,49.7,50.3,1,0,17.63,20.5,46508,1,1,0,31.85
2465309,51.17,50.0,49.7,50.3,1,0,17.5,20.51,47008,1,1,0,31.85
2465816,51.17,50.0,49.7,50.3,1,0,17.5,20.5,47508,1,1,0,31.85
2466322,51.17,50.0,49.7,50.3,1,0,17.5,20.5,48008,1,1,0,31.85
2466828,51.18,50.0,49.7,50.3,1,0,17.43,20.5,48508,1,1,0,31.83
2467334,51.18,50.0,49.7,50.3,1,0,17.43,20.49,49008,1,1,0,31.83
2467840,51.17,50.0,49.7,50.3,1,0,17.58,20.49,49508,1,1,0,31.85
2468346,51.17,50.0,49.7,50.3,1,0,17.58,20.5,50008,1,1,0,31.85
2468852,51.17,50.0,49.7,50.3,1,0,17.58,20.5,50508,1,1,0,31.85
2469358,51.14,50.0,49.7,50.3,1,0,17.07,20.5,51008,1,1,0,31.83
2469864,51.14,50.0,49.7,50.3,1,0,16.89,20.48,52012,1,1,0,31.83
2470370,51.14,50.0,49.7,50.3,1,0,16.89,20.48,52512,1,1,0,31.83
2470876,51.12,50.0,49.7,50.3,1,0,17.09,20.47,53012,1,1,0,31.83
2471382,51.1,50.0,49.7,50.3,1,0,16.98,20.47,53512,1,1,0,31.83
2471888,51.1,50.0,49.7,50.3,1,0,16.85,20.47,54012,1,1,0,31.83
2472394,51.1,50.0,49.7,50.3,1,0,16.85,20.47,54512,1,1,0,31.83
2472900,51.05,50.0,49.7,50.3,1,0,16.31,20.45,55012,1,1,0,31.83
2473407,51.1,50.0,49.7,50.3,1,0,16.66,20.45,55512,1,1,0,31.85
2473914,51.1,50.0,49.7,50.3,1,0,16.66,20.48,56012,1,1,0,31.85
2474420,51.03,50.0,49.7,50.3,1,0,16.53,20.48,56512,1,1,0,31.82
2474926,51.03,50.0,49.7,50.3,1,0,16.53,20.43,57012,1,1,0,31.82
2475432,51.0,50.0,49.7,50.3,1,0,16.68,20.42,57512,1,1,0,31.82
2475938,50.92,50.0,49.7,50.3,1,0,16.55,20.42,58012,1,1,0,31.83
2476444,50.92,50.0,49.7,50.3,1,0,16.55,20.41,58512,1,1,0,31.83
2476950,50.97,50.0,49.7,50.3,1,0,16.55,20.41,59012,1,1,0,31.82
2477456,50.97,50.0,49.7,50.3,1,0,16.55,20.41,59512,1,1,0,31.82
2477962,50.95,50.0,49.7,50.3,1,0,16.27,20.42,60012,1,1,0,31.83
2478468,50.95,50.0,49.7,50.3,1,0,16.27,20.42,60512,1,1,0,31.83
2478974,50.85,50.0,49.7,50.3,1,0,16.38,20.39,61012,1,1,0,31.83
2479480,50.9,50.0,49.7,50.3,1,0,16.27,20.42,61512,1,1,0,31.85
2479986,50.9,50.0,49.7,50.3,1,0,16.27,20.42,62012,1,1,0,31.85
2480492,50.89,50.0,49.7,50.3,1,0,16.1,20.4,62512,1,1,0,31.83
2480998,50.87,50.0,49.7,50.3,1,0,16.16,20.39,63012,1,1,0,31.83
2481516,50.76,50.0,49.7,50.3,1,0,16.68,20.39,63512,1,1,0,31.83
2482023,50.76,50.0,49.7,50.3,1,0,16.68,20.36,64012,1,1,0,31.83
2482529,50.73,50.0,49.7,50.3,1,0,16.1,20.36,64512,1,1,0,31.85
2483035,50.73,50.0,49.7,50.3,1,0,16.1,20.36,65012,1,1,0,31.85
2483541,50.71,50.0,49.7,50.3,1,0,15.88,20.36,65512,1,1,0,31.86
2484047,50.71,50.0,49.7,50.3,1,0,15.88,20.37,66012,1,1,0,31.86
2484553,50.71,50.0,49.7,50.3,1,0,15.88,20.37,66514,1,1,0,31.86
2485059,50.71,50.0,49.7,50.3,1,0,15.88,20.37,67014,1,1,0,31.86
2485565,50.6,50.0,49.7,50.3,1,0,15.73,20.31,67514,1,1,0,31.83
2486071,50.54,50.0,49.7,50.3,1,0,15.62,20.31,68014,1,1,0,31.82
2486577,50.54,50.0,49.7,50.3,1,0,15.62,20.28,68514,1,1,0,31.82
2487083,50.55,50.0,49.7,50.3,1,0,15.42,20.28,69014,1,1,0,31.82
2487589,50.5,50.0,49.7,50.3,1,0,15.77,20.28,69514,1,1,0,31.83
2488095,50.5,50.0,49.7,50.3,1,0,15.77,20.28,70014,1,1,0,31.83
2488601,50.5,50.0,49.7,50.3,1,0,15.77,20.28,70514,1,1,0,31.83
2489107,50.47,50.0,49.7,50.3,1,0,15.32,20.28,71014,1,1,0,31.83
2489613,50.37,50.0,49.7,50.3,1,0,15.32,20.27,71514,1,1,0,31.85
2490119,50.37,50.0,49.7,50.3,1,0,15.32,20.25,72014,1,1,0,31.85
2490625,50.37,50.0,49.7,50.3,1,0,15.32,20.25,72514,1,1,0,31.85
2491131,50.38,50.0,49.7,50.3,1,0,15.38,20.22,73014,1,1,0,31.82
2491637,50.32,50.0,49.7,50.3,1,0,15.51,20.21,73517,1,1,0,31.82
2492143,50.32,50.0,49.7,50.3,1,0,15.51,20.21,74017,1,1,0,31.82
2492649,50.25,50.0,49.7,50.3,0,0,15.21,20.19,0,1,1,0,31.83
2493155,50.18,50.0,49.7,50.3,0,0,15.08,20.19,500,1,1,0,31.85
2493661,50.18,50.0,49.7,50.3,0,0,15.08,20.19,1000,1,1,0,31.85
2494167,50.18,50.0,49.7,50.3,0,0,14.99,20.17,1500,1,1,0,31.83
2494673,50.13,50.0,49.7,50.3,0,0,14.99,20.17,2000,1,1,0,31.8
2495179,50.11,50.0,49.7,50.3,0,0,15.19,20.13,2500,1,1,0,31.82
2495685,50.11,50.0,49.7,50.3,0,0,15.19,20.14,3000,1,1,0,31.82
2496191,50.04,50.0,49.7,50.3,0,0,15.1,20.12,3500,1,1,0,31.82
2496697,50.04,50.0,49.7,50.3,0,0,15.03,20.12,4000,1,1,0,31.83
2497203,49.97,50.0,49.7,50.3,0,0,15.14,20.13,4500,1,1,0,31.82
2497709,49.97,50.0,49.7,50.3,0,0,15.14,20.09,5000,1,1,0,31.82
2498215,49.97,50.0,49.7,50.3,0,0,15.14,20.09,5500,1,1,0,31.82
2498721,49.97,50.0,49.7,50.3,0,0,15.14,20.09,6000,1,1,0,31.82
2499227,49.97,50.0,49.7,50.3,0,0,15.14,20.09,6500,1,1,0,31.82
2499733,49.97,50.0,49.7,50.3,0,0,15.14,20.09,7000,1,1,0,31.82
2500239,49.81,50.0,49.7,50.3,0,0,15.12,20.09,7500,1,1,0,31.8
2500745,49.77,50.0,49.7,50.3,0,0,15.23,20.03,8000,1,1,0,31.83
2501252,49.77,50.0,49.7,50.3,0,0,15.23,20.04,8500,1,1,0,31.83
2501759,49.77,50.0,49.7,50.3,0,0,15.23,20.04,9000,1,1,0,31.83
2502265,49.79,50.0,49.7,50.3,0,0,15.4,20.04,9500,1,1,0,31.83
2502771,49.72,50.0,49.7,50.3,0,0,15.53,20.05,10000,1,1,0,31.85
2503277,49.62,50.0,49.7,50.3,0,0,15.6,20.04,10500,1,1,0,31.83
2503783,49.62,50.0,49.7,50.3,0,0,15.6,19.99,11000,1,1,0,31.83
2504289,49.63,50.0,49.7,50.3,0,0,15.66,19.99,11500,1,1,0,31.83
2504795,49.57,50.0,49.7,50.3,0,0,15.53,20.0,12000,1,1,0,31.83
2505301,49.57,50.0,49.7,50.3,0,0,15.45,19.98,12500,1,1,0,31.82
2505819,49.47,50.0,49.7,50.3,0,0,15.88,19.96,13000,1,1,0,31.83
2506326,49.47,50.0,49.7,50.3,0,0,15.88,19.94,13500,1,1,0,31.83
2506832,49.43,50.0,49.7,50.3,0,0,16.01,19.94,14000,1,1,0,31.83
2507338,49.42,50.0,49.7,50.3,0,0,15.45,19.93,14500,1,1,0,31.82
2507844,49.36,50.0,49.7,50.3,0,0,15.97,19.91,15000,1,1,0,31.8
2508350,49.36,50.0,49.7,50.3,0,0,15.97,19.88,15500,1,1,0,31.8
2508856,49.35,50.0,49.7,50.3,0,0,16.29,19.88,16000,1,1,0,31.8
2509362,49.35,50.0,49.7,50.3,0,0,16.29,19.88,16500,1,1,0,31.8
2509868,49.35,50.0,49.7,50.3,0,0,16.29,19.88,17000,1,1,0,31.8
2510374,49.32,50.0,49.7,50.3,0,0,16.51,19.89,18005,1,1,0,31.83
2510880,49.24,50.0,49.7,50.3,0,0,16.44,19.86,18505,1,1,0,31.82
2511386,49.24,50.0,49.7,50.3,0,0,16.44,19.86,19005,1,1,0,31.82
2511892,49.24,50.0,49.7,50.3,0,0,16.44,19.86,19505,1,1,0,31.82
2512398,49.17,50.0,49.7,50.3,0,0,16.61,19.83,20005,1,1,0,31.82
2512904,49.14,50.0,49.7,50.3,0,0,16.42,19.82,20505,1,1,0,31.82
2513410,49.14,50.0,49.7,50.3,0,0,16.42,19.82,21005,1,1,0,31.82
2513917,49.08,50.0,49.7,50.3,0,0,16.83,19.82,21505,1,1,0,31.8
2514424,49.08,50.0,49.7,50.3,0,0,16.83,19.79,22005,1,1,0,31.8
2514930,49.08,50.0,49.7,50.3,0,0,16.83,19.79,22505,1,1,0,31.8
2515436,49.14,50.0,49.7,50.3,0,0,17.02,19.83,23005,1,1,0,31.83
2515942,49.03,50.0,49.7,50.3,0,0,16.98,19.83,23505,1,1,0,31.8
2516448,49.03,50.0,49.7,50.3,0,0,16.98,19.77,24005,1,1,0,31.8
2516954,49.04,50.0,49.7,50.3,0,0,17.15,19.8,24505,1,1,0,31.83
2517460,49.04,50.0,49.7,50.3,0,0,17.15,19.8,25005,1,1,0,31.83
2517967,49.04,50.0,49.7,50.3,0,0,17.15,19.8,25505,1,1,0,31.83
2518473,49.01,50.0,49.7,50.3,0,0,17.52,19.79,26005,1,1,0,31.83
2518979,49.01,50.0,49.7,50.3,0,0,17.52,19.79,26505,1,1,0,31.83
2519485,48.98,50.0,49.7,50.3,0,0,17.48,19.77,27005,1,1,0,31.82
2519991,48.95,50.0,49.7,50.3,0,0,17.71,19.76,27505,1,1,0,31.82
2520497,48.95,50.0,49.7,50.3,0,0,17.71,19.76,28005,1,1,0,31.82
2521003,48.95,50.0,49.7,50.3,0,0,17.71,19.76,28505,1,1,0,31.82
2521509,48.93,50.0,49.7,50.3,0,0,17.91,19.74,29005,1,1,0,31.8
2522015,48.95,50.0,49.7,50.3,0,0,18.01,19.74,29505,1,1,0,31.82
2522521,48.95,50.0,49.7,50.3,0,0,18.01,19.76,30005,1,1,0,31.82
2523027,48.95,50.0,49.7,50.3,0,0,18.16,19.77,30505,1,1,0,31.83
2523533,48.93,50.0,49.7,50.3,0,0,17.95,19.77,31010,1,1,0,31.83
2524039,48.93,50.0,49.7,50.3,0,0,18.21,19.77,31510,1,1,0,31.83
2524545,48.93,50.0,49.7,50.3,0,0,18.21,19.77,32010,1,1,0,31.83
2525051,48.93,50.0,49.7,50.3,0,0,18.27,19.75,32510,1,0,0,31.82
2525557,48.92,50.0,49.7,50.3,0,0,18.4,19.75,33010,1,0,0,31.83
2526063,48.92,50.0,49.7,50.3,0,0,18.4,19.76,33510,1,0,0,31.83
2526569,48.92,50.0,49.7,50.3,0,0,18.4,19.76,34010,1,0,0,31.83
2527075,48.88,50.0,49.7,50.3,0,0,18.38,19.76,34510,1,0,0,31.83
2527581,48.88,50.0,49.7,50.3,0,0,18.38,19.75,35010,1,0,0,31.83
2528087,48.88,50.0,49.7,50.3,0,0,18.79,19.74,35510,1,0,0,31.82
2528593,48.88,50.0,49.7,50.3,0,0,18.79,19.74,36010,1,0,0,31.82
2529099,48.88,50.0,49.7,50.3,0,0,18.79,19.74,36510,1,0,0,31.82
2529605,48.89,50.0,49.7,50.3,0,0,19.24,19.74,37021,1,0,0,31.82
2530111,48.89,50.0,49.7,50.3,0,0,19.24,19.74,37521,1,0,0,31.82
2530617,48.89,50.0,49.7,50.3,0,0,19.24,19.74,38021,1,0,0,31.82
2531123,48.9,50.0,49.7,50.3,0,0,18.96,19.73,38521,1,0,0,31.8
2531629,48.93,50.0,49.7,50.3,0,0,19.24,19.73,39021,1,0,0,31.83
2532149,48.92,50.0,49.7,50.3,0,0,19.22,19.77,39521,1,0,0,31.82
2532656,48.92,50.0,49.7,50.3,0,0,19.22,19.75,40021,1,0,0,31.82
2533162,48.92,50.0,49.7,50.3,0,0,19.22,19.75,40521,1,0,0,31.82
2533668,48.92,50.0,49.7,50.3,0,0,19.22,19.75,41021,1,0,0,31.82
2534174,48.93,50.0,49.7,50.3,0,0,19.37,19.75,41521,1,0,0,31.83
2534680,48.93,50.0,49.7,50.3,0,0,19.37,19.77,42021,1,0,0,31.83
2535186,48.93,50.0,49.7,50.3,0,0,19.37,19.77,42521,1,0,0,31.83
2535692,48.93,50.0,49.7,50.3,0,0,19.37,19.77,43021,1,0,0,31.83
2536198,48.95,50.0,49.7,50.3,0,0,19.63,19.77,43521,1,0,0,31.83
2536704,48.95,50.0,49.7,50.3,0,0,19.84,19.77,44021,1,0,0,31.83
2537210,48.95,50.0,49.7,50.3,0,0,19.84,19.77,44521,1,0,0,31.83
2537716,48.95,50.0,49.7,50.3,0,0,19.84,19.77,45021,1,0,0,31.83
2538222,49.01,50.0,49.7,50.3,0,0,19.87,19.81,45521,1,0,0,31.85
2538728,49.01,50.0,49.7,50.3,0,0,19.87,19.81,46021,1,0,0,31.85
2539234,49.0,50.0,49.7,50.3,0,0,19.91,19.81,46521,1,0,0,31.82
2539740,49.0,50.0,49.7,50.3,0,0,19.91,19.78,47021,1,0,0,31.82
2540246,49.03,50.0,49.7,50.3,0,0,20.04,19.78,47524,1,0,0,31.82
2540752,49.03,50.0,49.7,50.3,0,0,20.04,19.79,48025,1,0,0,31.82
2541258,49.03,50.0,49.7,50.3,0,0,20.04,19.79,48525,1,0,0,31.82
2541764,49.05,50.0,49.7,50.3,0,0,20.08,19.79,49025,1,0,0,31.82
2542270,49.09,50.0,49.7,50.3,0,0,20.12,19.79,49525,1,0,0,31.82
2542776,49.09,50.0,49.7,50.3,0,0,20.12,19.81,50025,1,0,0,31.82
2543282,49.08,50.0,49.7,50.3,0,0,20.4,19.81,50525,1,0,0,31.83
2543788,49.08,50.0,49.7,50.3,0,0,20.4,19.82,51025,1,0,0,31.83
2544294,49.09,50.0,49.7,50.3,0,0,20.38,19.82,51525,1,0,0,31.83
2544800,49.12,50.0,49.7,50.3,0,0,20.21,19.82,52025,1,0,0,31.82
2545306,49.12,50.0,49.7,50.3,0,0,20.21,19.82,52525,1,0,0,31.82
2545812,49.11,50.0,49.7,50.3,0,0,21.12,19.82,53025,1,0,0,31.83
2546327,49.18,50.0,49.7,50.3,0,0,20.56,19.83,53525,1,0,0,31.83
2546834,49.18,50.0,49.7,50.3,0,0,20.56,19.85,54025,1,0,0,31.83
2547340,49.15,50.0,49.7,50.3,0,0,20.88,19.85,54525,1,0,0,31.82
2547846,49.17,50.0,49.7,50.3,0,0,20.79,19.82,55025,1,0,0,31.8
2548352,49.17,50.0,49.7,50.3,0,0,20.79,19.82,55525,1,0,0,31.8
2548858,49.17,50.0,49.7,50.3,0,0,20.79,19.82,56025,1,0,0,31.8
2549364,49.17,50.0,49.7,50.3,0,0,20.79,19.82,56525,1,0,0,31.8
2549870,49.17,50.0,49.7,50.3,0,0,20.79,19.82,57025,1,0,0,31.8
2550376,49.26,50.0,49.7,50.3,0,0,20.92,19.82,57525,1,0,0,31.83
2550882,49.23,50.0,49.7,50.3,0,0,21.4,19.87,58025,1,0,0,31.83
2551388,49.23,50.0,49.7,50.3,0,0,21.4,19.86,58525,1,0,0,31.83
2551894,49.24,50.0,49.7,50.3,0,0,21.03,19.86,59025,1,0,0,31.82
2552400,49.28,50.0,49.7,50.3,0,0,21.22,19.86,59531,1,0,0,31.83
2552906,49.28,50.0,49.7,50.3,0,0,21.22,19.88,60537,1,0,0,31.83
2553412,49.32,50.0,49.7,50.3,0,0,21.25,19.89,61037,1,0,0,31.83
2553918,49.28,50.0,49.7,50.3,0,0,21.42,19.88,61537,1,0,0,31.83
2554424,49.35,50.0,49.7,50.3,0,0,21.27,19.9,62037,1,0,0,31.83
2554930,49.35,50.0,49.7,50.3,0,0,21.27,19.9,62537,1,0,0,31.83
2555436,49.35,50.0,49.7,50.3,0,0,21.27,19.9,63037,1,0,0,31.83
2555942,49.35,50.0,49.7,50.3,0,0,21.27,19.9,63537,1,0,0,31.83
2556448,49.39,50.0,49.7,50.3,0,0,22.13,19.92,64037,1,0,0,31.83
2556954,49.39,50.0,49.7,50.3,0,0,22.13,19.92,64537,1,0,0,31.83
2557460,49.41,50.0,49.7,50.3,0,0,21.57,19.92,65037,1,0,0,31.83
2557966,49.44,50.0,49.7,50.3,0,0,21.68,19.95,65537,1,0,0,31.85
2558472,49.44,50.0,49.7,50.3,0,0,21.68,19.95,66037,1,0,0,31.85
2558978,49.46,50.0,49.7,50.3,0,0,21.77,19.94,66537,1,0,0,31.83
2559484,49.46,50.0,49.7,50.3,0,0,21.77,19.94,67037,1,0,0,31.83
2559990,49.48,50.0,49.7,50.3,0,0,21.85,19.96,67537,1,0,0,31.85
2560496,49.51,50.0,49.7,50.3,0,0,21.87,19.96,68037,1,0,0,31.83
2561002,49.54,50.0,49.7,50.3,0,0,21.81,19.97,68537,1,0,0,31.83
2561508,49.54,50.0,49.7,50.3,0,0,21.81,19.97,69037,1,0,0,31.83
2562014,49.5,50.0,49.7,50.3,0,0,21.92,19.95,69537,1,0,0,31.83
2562520,49.5,50.0,49.7,50.3,0,0,21.92,19.95,70037,1,0,0,31.83
2563026,49.54,50.0,49.7,50.3,0,0,21.98,19.97,70537,1,0,0,31.83
2563532,49.58,50.0,49.7,50.3,0,0,22.2,19.99,71037,1,0,0,31.85
2564038,49.58,50.0,49.7,50.3,0,0,22.2,19.99,71537,1,0,0,31.85
2564544,49.65,50.0,49.7,50.3,0,0,22.2,19.99,72037,1,0,0,31.82
2565050,49.65,50.0,49.7,50.3,0,0,22.2,19.99,72537,1,0,0,31.83
2565556,49.65,50.0,49.7,50.3,0,0,22.2,20.0,73037,1,0,0,31.83
2566062,49.68,50.0,49.7,50.3,0,0,22.29,20.0,73537,1,0,0,31.82
2566568,49.62,50.0,49.7,50.3,0,0,22.39,20.0,74037,1,0,0,31.82
2567079,49.65,50.0,49.7,50.3,0,0,22.87,19.98,74537,1,0,0,31.85
2567586,49.65,50.0,49.7,50.3,0,0,22.87,20.02,75037,1,0,0,31.85
2568092,49.71,50.0,49.7,50.3,1,0,22.39,20.03,0,1,0,0,31.85
2568598,49.7,50.0,49.7,50.3,1,0,22.46,20.03,500,1,0,0,31.83
2569104,49.7,50.0,49.7,50.3,1,0,22.46,20.02,1000,1,0,0,31.83
2569610,49.75,50.0,49.7,50.3,1,0,22.76,20.06,1500,1,0,0,31.86
2570116,49.75,50.0,49.7,50.3,1,0,22.76,20.06,2000,1,0,0,31.86
2570622,49.76,50.0,49.7,50.3,1,0,22.68,20.06,2500,1,0,0,31.83
2571128,49.76,50.0,49.7,50.3,1,0,22.68,20.04,3000,1,0,0,31.83
2571634,49.76,50.0,49.7,50.3,1,0,22.68,20.04,3500,1,0,0,31.83
2572140,49.83,50.0,49.7,50.3,1,0,22.55,20.07,4000,1,0,0,31.85
2572646,49.83,50.0,49.7,50.3,1,0,22.55,20.07,4500,1,0,0,31.85
2573152,49.85,50.0,49.7,50.3,1,0,22.83,20.07,5000,1,0,0,31.85
2573658,49.88,50.0,49.7,50.3,1,0,22.44,20.08,5500,1,0,0,31.83
2574164,49.88,50.0,49.7,50.3,1,0,22.44,20.08,6000,1,0,0,31.83
2574670,49.88,50.0,49.7,50.3,1,0,22.44,20.08,6500,1,0,0,31.83
2575176,49.88,50.0,49.7,50.3,1,0,22.48,20.08,7000,1,0,0,31.83
2575682,49.88,50.0,49.7,50.3,1,0,22.48,20.08,7500,1,0,0,31.83
2576188,49.92,50.0,49.7,50.3,1,0,22.29,20.08,8000,1,0,0,31.83
2576694,49.92,50.0,49.7,50.3,1,0,22.29,20.09,8500,1,0,0,31.83
2577200,49.93,50.0,49.7,50.3,1,0,22.46,20.09,9000,1,0,0,31.83
2577707,49.93,50.0,49.7,50.3,1,0,22.46,20.09,9500,1,0,0,31.83
2578214,50.0,50.0,49.7,50.3,1,0,21.96,20.09,10000,1,0,0,31.83
2578720,50.0,50.0,49.7,50.3,1,0,22.09,20.11,10500,1,0,0,31.83
2579226,50.0,50.0,49.7,50.3,1,0,22.09,20.11,11000,1,0,0,31.83
2579732,50.05,50.0,49.7,50.3,1,0,22.42,20.16,11500,1,0,0,31.86
2580238,50.06,50.0,49.7,50.3,1,0,21.87,20.15,12000,1,0,0,31.85
2580744,50.04,50.0,49.7,50.3,1,0,21.87,20.15,12500,1,0,0,31.85
2581250,50.04,50.0,49.7,50.3,1,0,21.87,20.14,13000,1,0,0,31.85
2581756,50.06,50.0,49.7,50.3,1,0,21.64,20.13,13500,1,0,0,31.83
2582262,50.15,50.0,49.7,50.3,1,0,21.55,20.15,14000,1,0,0,31.82
2582768,50.09,50.0,49.7,50.3,1,0,21.55,20.15,14500,1,0,0,31.83
2583274,50.09,50.0,49.7,50.3,1,0,21.55,20.15,15000,1,0,0,31.83
2583780,50.12,50.0,49.7,50.3,1,0,21.38,20.15,15500,1,0,0,31.83
2584286,50.12,50.0,49.7,50.3,1,0,21.38,20.15,16000,1,0,0,31.83
2584792,50.12,50.0,49.7,50.3,1,0,21.38,20.15,16500,1,0,0,31.83
2585298,50.22,50.0,49.7,50.3,1,0,21.35,20.15,17000,1,0,0,31.85
2585804,50.22,50.0,49.7,50.3,1,0,21.35,20.2,17500,1,0,0,31.85
2586310,50.27,50.0,49.7,50.3,1,0,21.1,20.2,18000,1,0,0,31.85
2586816,50.3,50.0,49.7,50.3,1,0,20.97,20.22,18500,1,0,0,31.85
2587322,50.25,50.0,49.7,50.3,1,0,20.88,20.23,19000,1,0,0,31.85
2587828,50.25,50.0,49.7,50.3,1,0,20.88,20.21,19500,1,0,0,31.85
2588334,50.28,50.0,49.7,50.3,1,0,20.81,20.21,20000,1,0,0,31.83
2588840,50.28,50.0,49.7,50.3,1,0,20.81,20.21,20500,1,0,0,31.83
2589346,50.28,50.0,49.7,50.3,1,0,20.81,20.21,21000,1,0,0,31.83
2589852,50.28,50.0,49.7,50.3,1,0,20.81,20.21,21500,1,0,0,31.83
2590358,50.42,50.0,49.7,50.3,1,0,20.49,20.21,22000,1,0,0,31.85
2590864,50.47,50.0,49.7,50.3,1,0,20.45,20.27,22500,1,0,0,31.86
2591370,50.47,50.0,49.7,50.3,1,0,20.45,20.29,23000,1,0,0,31.86
2591876,50.45,50.0,49.7,50.3,1,0,20.4,20.29,23500,1,0,0,31.85
2592382,50.45,50.0,49.7,50.3,1,0,20.4,20.27,24000,1,0,0,31.85
2592888,50.5,50.0,49.7,50.3,1,0,20.3,20.27,24500,1,0,0,31.83
2593394,50.5,50.0,49.7,50.3,1,0,20.3,20.28,25000,1,0,0,31.83
2593900,50.58,50.0,49.7,50.3,1,0,20.32,20.28,25500,1,0,0,31.85
2594406,50.58,50.0,49.7,50.3,1,0,20.32,20.32,26500,1,0,0,31.85
2594913,50.58,50.0,49.7,50.3,1,0,20.32,20.32,27000,1,0,0,31.85
2595419,50.65,50.0,49.7,50.3,1,0,19.89,20.32,27500,1,0,0,31.83
2595925,50.65,50.0,49.7,50.3,1,0,19.89,20.32,28000,1,0,0,31.83
2596431,50.72,50.0,49.7,50.3,1,0,19.65,20.35,28500,1,0,0,31.83
2596937,50.75,50.0,49.7,50.3,1,0,19.54,20.34,29000,1,0,0,31.82
2597443,50.75,50.0,49.7,50.3,1,0,19.54,20.34,29500,1,0,0,31.82
2597949,50.76,50.0,49.7,50.3,1,0,19.26,20.37,30000,1,0,0,31.85
2598455,50.81,50.0,49.7,50.3,1,0,19.35,20.39,30500,1,0,0,31.85
2598962,50.88,50.0,49.7,50.3,1,0,19.22,20.39,31000,1,0,0,31.86
2599469,50.88,50.0,49.7,50.3,1,0,19.22,20.43,31500,1,0,0,31.86
2599975,50.89,50.0,49.7,50.3,1,0,19.09,20.4,32000,1,0,0,31.83
2600481,50.89,50.0,49.7,50.3,1,0,19.09,20.4,32500,1,0,0,31.83
2600987,50.93,50.0,49.7,50.3,1,0,19.13,20.43,33000,1,0,0,31.85
2601493,51.0,50.0,49.7,50.3,1,0,19.22,20.43,33500,1,0,0,31.85
2601999,51.0,50.0,49.7,50.3,1,0,19.22,20.45,34000,1,0,0,31.85
2602505,51.0,50.0,49.7,50.3,1,0,18.92,20.44,34500,1,1,0,31.83
2603011,51.03,50.0,49.7,50.3,1,0,18.83,20.46,35000,1,1,0,31.85
2603517,51.03,50.0,49.7,50.3,1,0,18.83,20.46,35500,1,1,0,31.85
2604023,51.04,50.0,49.7,50.3,1,0,18.75,20.46,36001,1,1,0,31.85
2604529,51.14,50.0,49.7,50.3,1,0,18.62,20.46,36501,1,1,0,31.85
2605035,51.14,50.0,49.7,50.3,1,0,18.62,20.49,37001,1,1,0,31.85
2605541,51.11,50.0,49.7,50.3,1,0,18.6,20.47,37501,1,1,0,31.83
2606047,51.11,50.0,49.7,50.3,1,0,18.6,20.47,38001,1,1,0,31.83
2606553,51.16,50.0,49.7,50.3,1,0,18.42,20.49,38501,1,1,0,31.83
2607059,51.16,50.0,49.7,50.3,1,0,18.42,20.49,39001,1,1,0,31.83
2607565,51.23,50.0,49.7,50.3,1,0,18.16,20.49,39501,1,1,0,31.85
2608071,51.23,50.0,49.7,50.3,1,0,18.16,20.52,40001,1,1,0,31.85
2608577,51.23,50.0,49.7,50.3,1,0,18.32,20.52,40501,1,1,0,31.83
2609083,51.23,50.0,49.7,50.3,1,0,18.32,20.51,41001,1,1,0,31.83
2609589,51.23,50.0,49.7,50.3,1,0,18.32,20.51,41501,1,1,0,31.83
2610095,51.27,50.0,49.7,50.3,1,0,17.97,20.54,42001,1,1,0,31.85
2610601,51.26,50.0,49.7,50.3,1,0,17.97,20.54,42501,1,1,0,31.83
2611107,51.26,50.0,49.7,50.3,1,0,17.97,20.52,43001,1,1,0,31.83
2611613,51.27,50.0,49.7,50.3,1,0,17.82,20.52,43501,1,1,0,31.85
2612119,51.26,50.0,49.7,50.3,1,0,17.76,20.54,44001,1,1,0,31.85
2612625,51.26,50.0,49.7,50.3,1,0,17.76,20.53,44501,1,1,0,31.85
2613131,51.26,50.0,49.7,50.3,1,0,17.76,20.53,45001,1,1,0,31.85
2613637,51.27,50.0,49.7,50.3,1,0,17.86,20.53,45501,1,1,0,31.82
2614157,51.3,50.0,49.7,50.3,1,0,17.52,20.51,46001,1,1,0,31.83
2614664,51.3,50.0,49.7,50.3,1,0,17.52,20.53,46501,1,1,0,31.83
2615170,51.3,50.0,49.7,50.3,1,0,17.67,20.52,47001,1,1,0,31.82
2615676,51.3,50.0,49.7,50.3,1,0,17.67,20.52,47501,1,1,0,31.82
2616182,51.26,50.0,49.7,50.3,1,0,17.35,20.52,48001,1,1,0,31.83
2616688,51.32,50.0,49.7,50.3,1,0,17.28,20.52,48501,1,1,0,31.82
2617194,51.32,50.0,49.7,50.3,1,0,17.28,20.53,49001,1,1,0,31.82
2617700,51.23,50.0,49.7,50.3,1,0,16.85,20.52,49501,1,1,0,31.85
2618206,51.23,50.0,49.7,50.3,1,0,16.85,20.52,50001,1,1,0,31.85
2618712,51.23,50.0,49.7,50.3,1,0,17.09,20.52,50501,1,1,0,31.83
2619218,51.23,50.0,49.7,50.3,1,0,17.09,20.51,51001,1,1,0,31.83
2619724,51.24,50.0,49.7,50.3,1,0,16.98,20.51,51501,1,1,0,31.82
2620230,51.24,50.0,49.7,50.3,1,0,16.98,20.5,52001,1,1,0,31.82
2620736,51.24,50.0,49.7,50.3,1,0,16.98,20.5,52501,1,1,0,31.82
2621242,51.25,50.0,49.7,50.3,1,0,17.32,20.5,53001,1,1,0,31.85
2621748,51.25,50.0,49.7,50.3,1,0,17.32,20.53,53501,1,1,0,31.85
2622254,51.18,50.0,49.7,50.3,1,0,16.74,20.53,54001,1,1,0,31.85
2622760,51.18,50.0,49.7,50.3,1,0,16.74,20.51,54501,1,1,0,31.85
2623266,51.17,50.0,49.7,50.3,1,0,16.76,20.51,55001,1,1,0,31.85
2623772,51.18,50.0,49.7,50.3,1,0,16.59,20.5,55501,1,1,0,31.82
2624278,51.18,50.0,49.7,50.3,1,0,16.59,20.48,56001,1,1,0,31.82
2624798,51.11,50.0,49.7,50.3,1,0,16.48,20.48,56501,1,1,0,31.83
2625305,51.11,50.0,49.7,50.3,1,0,16.48,20.47,57001,1,1,0,31.83
2625811,51.11,50.0,49.7,50.3,1,0,16.48,20.47,57501,1,1,0,31.83
2626317,51.07,50.0,49.7,50.3,1,0,16.61,20.47,58001,1,1,0,31.82
2626823,51.05,50.0,49.7,50.3,1,0,16.22,20.44,58501,1,1,0,31.82
2627329,51.05,50.0,49.7,50.3,1,0,16.22,20.44,59001,1,1,0,31.82
2627835,51.0,50.0,49.7,50.3,1,0,16.25,20.45,59501,1,1,0,31.85
2628354,50.98,50.0,49.7,50.3,1,0,16.18,20.45,60001,1,1,0,31.85
2628861,50.98,50.0,49.7,50.3,1,0,16.18,20.44,60501,1,1,0,31.85
2629367,50.98,50.0,49.7,50.3,1,0,16.18,20.44,61001,1,1,0,31.85
2629873,50.93,50.0,49.7,50.3,1,0,16.01,20.44,61501,1,1,0,31.82
2630379,50.89,50.0,49.7,50.3,1,0,16.03,20.4,62001,1,1,0,31.83
2630885,50.89,50.0,49.7,50.3,1,0,16.03,20.4,62501,1,1,0,31.83
2631391,50.89,50.0,49.7,50.3,1,0,16.03,20.4,63001,1,1,0,31.83
2631897,50.9,50.0,49.7,50.3,1,0,15.88,20.4,63501,1,1,0,31.85
2632403,50.9,50.0,49.7,50.3,1,0,15.88,20.42,64001,1,1,0,31.85
2632909,50.81,50.0,49.7,50.3,1,0,15.88,20.39,65003,1,1,0,31.85
2633415,50.78,50.0,49.7,50.3,1,0,15.81,20.35,65503,1,1,0,31.82
2633921,50.78,50.0,49.7,50.3,1,0,15.81,20.35,66003,1,1,0,31.82
2634427,50.71,50.0,49.7,50.3,1,0,15.71,20.33,66503,1,1,0,31.82
2634933,50.71,50.0,49.7,50.3,1,0,15.71,20.33,67003,1,1,0,31.82
2635453,50.68,50.0,49.7,50.3,1,0,15.64,20.33,67503,1,1,0,31.83
2635960,50.68,50.0,49.7,50.3,1,0,15.64,20.33,68003,1,1,0,31.83
2636466,50.6,50.0,49.7,50.3,1,0,15.55,20.32,68503,1,1,0,31.85
2636972,50.6,50.0,49.7,50.3,1,0,15.55,20.32,69003,1,1,0,31.85
2637478,50.62,50.0,49.7,50.3,1,0,15.47,20.3,69503,1,1,0,31.82
2637984,50.62,50.0,49.7,50.3,1,0,15.47,20.3,70003,1,1,0,31.82
2638490,50.62,50.0,49.7,50.3,1,0,15.47,20.3,70503,1,1,0,31.82
2638996,50.46,50.0,49.7,50.3,1,0,15.34,20.25,71003,1,1,0,31.82
2639503,50.5,50.0,49.7,50.3,1,0,15.23,20.25,71503,1,1,0,31.85
2640010,50.5,50.0,49.7,50.3,1,0,15.23,20.29,72003,1,1,0,31.85
2640516,50.5,50.0,49.7,50.3,1,0,15.23,20.29,72503,1,1,0,31.85
2641022,50.39,50.0,49.7,50.3,1,0,15.27,20.23,73003,1,1,0,31.82
2641528,50.39,50.0,49.7,50.3,1,0,15.27,20.23,73503,1,1,0,31.82
2642034,50.31,50.0,49.7,50.3,1,0,15.19,20.21,74003,1,1,0,31.83
2642540,50.3,50.0,49.7,50.3,1,0,15.08,20.21,74503,1,1,0,31.85
2643060,50.23,50.0,49.7,50.3,1,0,14.86,20.23,75003,1,1,1,31.83
2643567,50.23,50.0,49.7,50.3,0,0,14.86,20.19,0,1,1,0,31.83
2644073,50.2,50.0,49.7,50.3,0,0,14.95,20.18,500,1,1,0,31.83
2644579,50.2,50.0,49.7,50.3,0,0,14.95,20.18,1000,1,1,0,31.83
2645085,50.17,50.0,49.7,50.3,0,0,14.95,20.15,1500,1,1,0,31.8
2645591,50.17,50.0,49.7,50.3,0,0,14.95,20.15,2000,1,1,0,31.8
2646097,50.07,50.0,49.7,50.3,0,0,15.01,20.14,2500,1,1,0,31.83
2646603,50.04,50.0,49.7,50.3,0,0,14.77,20.12,3014,1,1,0,31.82
2647109,50.04,50.0,49.7,50.3,0,0,14.77,20.12,3514,1,1,0,31.82
2647615,49.97,50.0,49.7,50.3,0,0,14.75,20.08,4014,1,1,0,31.8
2648121,49.97,50.0,49.7,50.3,0,0,14.75,20.08,4514,1,1,0,31.8
2648627,49.96,50.0,49.7,50.3,0,0,14.56,20.08,5014,1,1,0,31.8
2649133,49.96,50.0,49.7,50.3,0,0,14.56,20.08,5514,1,1,0,31.8
2649639,49.85,50.0,49.7,50.3,0,0,15.06,20.04,6014,1,1,0,31.8
2650145,49.85,50.0,49.7,50.3,0,0,15.06,20.04,6514,1,1,0,31.8
2650651,49.85,50.0,49.7,50.3,0,0,15.06,20.04,7014,1,1,0,31.8
2651157,49.84,50.0,49.7,50.3,0,0,15.08,20.04,7514,1,1,0,31.8
2651663,49.84,50.0,49.7,50.3,0,0,15.08,20.04,8014,1,1,0,31.8
2652169,49.84,50.0,49.7,50.3,0,0,15.08,20.04,8514,1,1,0,31.8
2652675,49.84,50.0,49.7,50.3,0,0,15.08,20.04,9014,1,1,0,31.8
2653181,49.61,50.0,49.7,50.3,0,0,15.14,19.99,9514,1,1,0,31.83
2653687,49.61,50.0,49.7,50.3,0,0,15.14,19.99,10014,1,1,0,31.83
2654193,49.61,50.0,49.7,50.3,0,0,15.14,19.99,10514,1,1,0,31.83
2654699,49.57,50.0,49.7,50.3,0,0,15.4,19.99,11014,1,1,0,31.8
2655205,49.57,50.0,49.7,50.3,0,0,15.4,19.95,11514,1,1,0,31.8
2655711,49.57,50.0,49.7,50.3,0,0,15.4,19.95,12014,1,1,0,31.8
2656217,49.57,50.0,49.7,50.3,0,0,15.4,19.95,12514,1,1,0,31.8
2656723,49.43,50.0,49.7,50.3,0,0,15.51,19.9,13014,1,1,0,31.8
2657229,49.42,50.0,49.7,50.3,0,0,15.62,19.9,13514,1,1,0,31.83
2657735,49.42,50.0,49.7,50.3,0,0,15.62,19.93,14014,1,1,0,31.83
2658241,49.35,50.0,49.7,50.3,0,0,15.94,19.93,14514,1,1,0,31.82
2658747,49.35,50.0,49.7,50.3,0,0,15.94,19.89,15014,1,1,0,31.82
2659255,49.35,50.0,49.7,50.3,0,0,15.94,19.89,15514,1,1,0,31.82
2659762,49.35,50.0,49.7,50.3,0,0,15.94,19.89,16014,1,1,0,31.82
2660268,49.28,50.0,49.7,50.3,0,0,16.2,19.89,16514,1,1,0,31.83
2660774,49.28,50.0,49.7,50.3,0,0,16.2,19.88,17014,1,1,0,31.83
2661280,49.23,50.0,49.7,50.3,0,0,16.35,19.85,17514,1,1,0,31.82
2661786,49.23,50.0,49.7,50.3,0,0,16.35,19.85,18014,1,1,0,31.82
2662292,49.19,50.0,49.7,50.3,0,0,16.57,19.85,18514,1,1,0,31.82
2662798,49.16,50.0,49.7,50.3,0,0,16.42,19.84,19014,1,1,0,31.83
2663304,49.16,50.0,49.7,50.3,0,0,16.42,19.84,19514,1,1,0,31.83
2663810,49.16,50.0,49.7,50.3,0,0,16.42,19.84,20014,1,1,0,31.83
2664316,49.07,50.0,49.7,50.3,0,0,16.4,19.84,20514,1,1,0,31.83
2664822,49.03,50.0,49.7,50.3,0,0,16.7,19.81,21014,1,1,0,31.8
2665328,49.03,50.0,49.7,50.3,0,0,16.7,19.77,21514,1,1,0,31.8
2665834,49.03,50.0,49.7,50.3,0,0,16.7,19.77,22014,1,1,0,31.8
2666340,49.03,50.0,49.7,50.3,0,0,16.7,19.77,22514,1,1,0,31.8
2666846,48.97,50.0,49.7,50.3,0,0,16.98,19.77,23015,1,1,0,31.82
2667352,48.97,50.0,49.7,50.3,0,0,16.98,19.77,23516,1,1,0,31.82
2667858,48.93,50.0,49.7,50.3,0,0,17.3,19.77,24016,1,1,0,31.8
2668364,48.93,50.0,49.7,50.3,0,0,17.3,19.74,24516,1,1,0,31.8
2668870,48.9,50.0,49.7,50.3,0,0,17.2,19.74,25016,1,1,0,31.8
2669377,48.9,50.0,49.7,50.3,0,0,17.2,19.73,25516,1,1,0,31.8
2669884,48.9,50.0,49.7,50.3,0,0,17.2,19.73,26016,1,1,0,31.8
2670390,48.85,50.0,49.7,50.3,0,0,18.01,19.73,26516,1,1,0,31.82
2670896,48.85,50.0,49.7,50.3,0,0,18.01,19.73,27016,1,1,0,31.82
2671402,48.86,50.0,49.7,50.3,0,0,17.58,19.73,27516,1,1,0,31.77
2671908,48.85,50.0,49.7,50.3,0,0,17.6,19.69,28016,1,1,0,31.8
2672414,48.85,50.0,49.7,50.3,0,0,17.6,19.71,28516,1,1,0,31.8
2672920,48.85,50.0,49.7,50.3,0,0,17.82,19.71,29031,1,1,0,31.8
2673426,48.85,50.0,49.7,50.3,0,0,17.82,19.71,29531,1,1,0,31.8
2673932,48.85,50.0,49.7,50.3,0,0,17.97,19.71,30031,1,1,0,31.85
2674438,48.85,50.0,49.7,50.3,0,0,17.97,19.76,30531,1,1,0,31.85
2674944,48.81,50.0,49.7,50.3,0,0,17.99,19.76,31035,1,1,0,31.8
2675450,48.81,50.0,49.7,50.3,0,0,17.99,19.7,32041,1,1,0,31.8
2675956,48.77,50.0,49.7,50.3,0,0,18.1,19.7,32541,1,1,0,31.82
2676462,48.81,50.0,49.7,50.3,0,0,18.19,19.71,33041,1,1,0,31.82
2676968,48.81,50.0,49.7,50.3,0,0,18.19,19.71,33541,1,1,0,31.82
2677474,48.77,50.0,49.7,50.3,0,0,18.29,19.69,34041,1,0,0,31.8
2677980,48.78,50.0,49.7,50.3,0,0,18.55,19.7,34541,1,0,0,31.82
2678486,48.78,50.0,49.7,50.3,0,0,18.57,19.7,35054,1,0,0,31.82
2678992,48.78,50.0,49.7,50.3,0,0,18.57,19.7,35554,1,0,0,31.82
2679498,48.78,50.0,49.7,50.3,0,0,18.57,19.7,36054,1,0,0,31.82
2680004,48.78,50.0,49.7,50.3,0,0,18.57,19.7,36554,1,0,0,31.82
2680510,48.78,50.0,49.7,50.3,0,0,18.57,19.7,37054,1,0,0,31.82
2681016,48.8,50.0,49.7,50.3,0,0,19.07,19.71,37554,1,0,0,31.82
2681522,48.8,50.0,49.7,50.3,0,0,19.07,19.71,38054,1,0,0,31.82
2682028,48.79,50.0,49.7,50.3,0,0,18.92,19.73,38570,1,0,0,31.85
2682534,48.79,50.0,49.7,50.3,0,0,18.92,19.73,39070,1,0,0,31.85
2683040,48.81,50.0,49.7,50.3,0,0,19.07,19.73,39570,1,0,0,31.83
2683546,48.81,50.0,49.7,50.3,0,0,18.32,19.7,40070,1,0,0,31.8
2684052,48.81,50.0,49.7,50.3,0,0,19.09,19.71,40570,1,0,0,31.82
2684558,48.81,50.0,49.7,50.3,0,0,19.09,19.71,41070,1,0,0,31.82
2685064,48.82,50.0,49.7,50.3,0,0,19.44,19.72,41570,1,0,0,31.82
2685570,48.84,50.0,49.7,50.3,0,0,19.37,19.72,42070,1,0,0,31.85
2686076,48.84,50.0,49.7,50.3,0,0,19.37,19.75,42570,1,0,0,31.85
2686582,48.84,50.0,49.7,50.3,0,0,19.37,19.75,43070,1,0,0,31.85
2687088,48.84,50.0,49.7,50.3,0,0,19.37,19.75,43570,1,0,0,31.85
2687594,48.86,50.0,49.7,50.3,0,0,19.69,19.73,44070,1,0,0,31.82
2688100,48.86,50.0,49.7,50.3,0,0,19.69,19.73,44570,1,0,0,31.82
2688606,48.86,50.0,49.7,50.3,0,0,19.56,19.73,45070,1,0,0,31.82
2689112,48.88,50.0,49.7,50.3,0,0,19.72,19.73,45570,1,0,0,31.82
2689618,48.88,50.0,49.7,50.3,0,0,19.72,19.74,46070,1,0,0,31.82
2690124,48.89,50.0,49.7,50.3,0,0,19.67,19.74,46570,1,0,0,31.82
2690630,48.91,50.0,49.7,50.3,0,0,19.87,19.76,47070,1,0,0,31.83
2691136,48.84,50.0,49.7,50.3,0,0,19.95,19.76,47570,1,0,0,31.8
2691642,48.84,50.0,49.7,50.3,0,0,19.95,19.71,48070,1,0,0,31.8
2692148,48.84,50.0,49.7,50.3,0,0,19.95,19.71,48570,1,0,0,31.8
2692654,48.93,50.0,49.7,50.3,0,0,20.04,19.71,49070,1,0,0,31.82
2693160,48.93,50.0,49.7,50.3,0,0,20.04,19.75,49570,1,0,0,31.82
2693666,48.95,50.0,49.7,50.3,0,0,20.04,19.76,50070,1,0,0,31.82
2694172,48.92,50.0,49.7,50.3,0,0,20.23,19.75,50570,1,0,0,31.82
2694678,48.92,50.0,49.7,50.3,0,0,20.23,19.75,51070,1,0,0,31.82
2695184,48.99,50.0,49.7,50.3,0,0,20.34,19.78,51570,1,0,0,31.83
2695690,48.95,50.0,49.7,50.3,0,0,20.34,19.76,52070,1,0,0,31.82
2696196,48.95,50.0,49.7,50.3,0,0,20.34,19.76,52570,1,0,0,31.82
2696702,49.03,50.0,49.7,50.3,0,0,20.32,19.76,53070,1,0,0,31.83
2697208,49.03,50.0,49.7,50.3,0,0,20.32,19.8,53570,1,0,0,31.83
2697714,49.03,50.0,49.7,50.3,0,0,20.32,19.8,54070,1,0,0,31.83
2698220,49.08,50.0,49.7,50.3,0,0,20.81,19.8,54570,1,0,0,31.82
2698726,49.08,50.0,49.7,50.3,0,0,20.81,19.8,55070,1,0,0,31.82
2699232,49.09,50.0,49.7,50.3,0,0,20.75,19.8,55570,1,0,0,31.82
2699739,49.14,50.0,49.7,50.3,0,0,21.1,19.81,56070,1,0,0,31.82
2700246,49.14,50.0,49.7,50.3,0,0,21.1,19.82,56570,1,0,0,31.82
2700752,49.11,50.0,49.7,50.3,0,0,20.84,19.82,57070,1,0,0,31.83
2701258,49.11,50.0,49.7,50.3,0,0,20.84,19.83,57570,1,0,0,31.83
2701764,49.11,50.0,49.7,50.3,0,0,20.84,19.83,58070,1,0,0,31.83
2702270,49.11,50.0,49.7,50.3,0,0,20.84,19.83,58570,1,0,0,31.83
2702776,49.11,50.0,49.7,50.3,0,0,20.97,19.83,59070,1,0,0,31.83
2703282,49.2,50.0,49.7,50.3,0,0,21.14,19.83,59571,1,0,0,31.82
2703788,49.16,50.0,49.7,50.3,0,0,21.1,19.84,60071,1,0,0,31.82
2704294,49.16,50.0,49.7,50.3,0,0,21.1,19.83,60571,1,0,0,31.82
2704800,49.16,50.0,49.7,50.3,0,0,21.1,19.83,61071,1,0,0,31.82
2705306,49.17,50.0,49.7,50.3,0,0,21.18,19.83,61571,1,0,0,31.8
2705812,49.17,50.0,49.7,50.3,0,0,21.18,19.82,62071,1,0,0,31.8
2706318,49.25,50.0,49.7,50.3,0,0,21.79,19.82,62571,1,0,0,31.83
2706824,49.25,50.0,49.7,50.3,0,0,21.79,19.87,63071,1,0,0,31.83
2707330,49.25,50.0,49.7,50.3,0,0,21.79,19.87,63571,1,0,0,31.83
2707836,49.25,50.0,49.7,50.3,0,0,21.79,19.87,64071,1,0,0,31.83
2708342,49.32,50.0,49.7,50.3,0,0,21.53,19.88,64571,1,0,0,31.82
2708848,49.34,50.0,49.7,50.3,0,0,21.57,19.88,65071,1,0,0,31.82
2709354,49.34,50.0,49.7,50.3,0,0,21.57,19.89,65571,1,0,0,31.82
2709860,49.35,50.0,49.7,50.3,0,0,21.55,19.89,66071,1,0,0,31.82
2710367,49.35,50.0,49.7,50.3,0,0,21.55,19.89,66572,1,0,0,31.82
2710874,49.36,50.0,49.7,50.3,0,0,21.59,19.88,67073,1,0,0,31.8
2711380,49.36,50.0,49.7,50.3,0,0,21.59,19.88,67573,1,0,0,31.8
2711886,49.36,50.0,49.7,50.3,0,0,21.59,19.88,68073,1,0,0,31.8
2712392,49.46,50.0,49.7,50.3,0,0,21.98,19.88,68573,1,0,0,31.82
2712898,49.46,50.0,49.7,50.3,0,0,21.98,19.93,69073,1,0,0,31.82
2713404,49.47,50.0,49.7,50.3,0,0,21.81,19.92,69573,1,0,0,31.8
2713910,49.49,50.0,49.7,50.3,0,0,21.51,19.92,70073,1,0,0,31.82
2714416,49.49,50.0,49.7,50.3,0,0,21.51,19.94,70573,1,0,0,31.82
2714922,49.52,50.0,49.7,50.3,0,0,22.07,19.94,71073,1,0,0,31.82
2715428,49.54,50.0,49.7,50.3,0,0,22.22,19.95,71573,1,0,0,31.83
2715934,49.54,50.0,49.7,50.3,0,0,22.22,19.97,72073,1,0,0,31.83
2716440,49.52,50.0,49.7,50.3,0,0,22.05,19.94,72590,1,0,0,31.8
2716946,49.51,50.0,49.7,50.3,0,0,21.59,19.94,73090,1,0,0,31.82
2717452,49.53,50.0,49.7,50.3,0,0,22.2,19.94,73590,1,0,0,31.83
2717958,49.57,50.0,49.7,50.3,0,0,22.42,19.96,74090,1,0,0,31.83
2718464,49.57,50.0,49.7,50.3,0,0,22.42,19.98,74590,1,0,0,31.83
2718970,49.65,50.0,49.7,50.3,0,0,22.39,19.98,75090,1,0,0,31.83
2719476,49.65,50.0,49.7,50.3,0,0,22.39,20.0,75590,1,0,0,31.83
2719982,49.63,50.0,49.7,50.3,0,0,22.35,20.0,76090,1,0,0,31.83
2720488,49.63,50.0,49.7,50.3,0,0,22.35,20.0,76590,1,0,0,31.83
2720994,49.69,50.0,49.7,50.3,0,0,22.37,20.0,77090,1,0,0,31.82
2721500,49.69,50.0,49.7,50.3,0,0,22.37,20.0,78091,1,0,0,31.82
2722006,49.66,50.0,49.7,50.3,0,0,22.5,20.01,78591,1,0,0,31.83
2722512,49.71,50.0,49.7,50.3,1,0,22.78,20.01,0,1,0,0,31.82
2723018,49.73,50.0,49.7,50.3,1,0,22.7,20.01,500,1,0,0,31.82
2723524,49.75,50.0,49.7,50.3,1,0,22.59,20.01,1000,1,0,0,31.8
2724031,49.76,50.0,49.7,50.3,1,0,22.33,20.01,1500,1,0,0,31.83
2724538,49.76,50.0,49.7,50.3,1,0,22.33,20.04,2000,1,0,0,31.83
2725044,49.77,50.0,49.7,50.3,1,0,22.55,20.04,2500,1,0,0,31.83
2725550,49.77,50.0,49.7,50.3,1,0,22.55,20.04,3000,1,0,0,31.83
2726056,49.77,50.0,49.7,50.3,1,0,22.55,20.04,3500,1,0,0,31.83
2726562,49.77,50.0,49.7,50.3,1,0,22.55,20.04,4000,1,0,0,31.83
2727068,49.77,50.0,49.7,50.3,1,0,22.55,20.04,4500,1,0,0,31.83
2727574,49.85,50.0,49.7,50.3,1,0,22.74,20.04,5000,1,0,0,31.82
2728080,49.85,50.0,49.7,50.3,1,0,22.74,20.05,5500,1,0,0,31.82
2728586,49.85,50.0,49.7,50.3,1,0,22.74,20.05,6000,1,0,0,31.82
2729092,49.92,50.0,49.7,50.3,1,0,22.68,20.09,6500,1,0,0,31.83
2729598,49.92,50.0,49.7,50.3,1,0,22.52,20.09,7000,1,0,0,31.83
2730107,49.92,50.0,49.7,50.3,1,0,22.52,20.09,7500,1,0,0,31.83
2730613,49.92,50.0,49.7,50.3,1,0,22.42,20.09,8000,1,0,0,31.83
2731119,49.92,50.0,49.7,50.3,1,0,22.42,20.09,8500,1,0,0,31.83
2731625,49.95,50.0,49.7,50.3,1,0,22.33,20.1,9000,1,0,0,31.83
2732131,50.0,50.0,49.7,50.3,1,0,22.31,20.13,9500,1,0,0,31.85
2732637,50.04,50.0,49.7,50.3,1,0,22.24,20.13,10000,1,0,0,31.83
2733143,50.04,50.0,49.7,50.3,1,0,22.24,20.13,10500,1,0,0,31.83
2733649,50.04,50.0,49.7,50.3,1,0,22.11,20.13,11000,1,0,0,31.83
2734155,50.04,50.0,49.7,50.3,1,0,21.98,20.13,11500,1,0,0,31.82
2734661,50.04,50.0,49.7,50.3,1,0,21.98,20.12,12000,1,0,0,31.82
2735167,50.04,50.0,49.7,50.3,1,0,21.98,20.12,12500,1,0,0,31.82
2735673,50.11,50.0,49.7,50.3,1,0,21.79,20.17,13000,1,0,0,31.85
2736179,50.11,50.0,49.7,50.3,1,0,21.79,20.17,13500,1,0,0,31.85
2736685,50.09,50.0,49.7,50.3,1,0,21.68,20.17,14000,1,0,0,31.83
2737191,50.13,50.0,49.7,50.3,1,0,21.72,20.15,14500,1,0,0,31.85
2737697,50.13,50.0,49.7,50.3,1,0,21.72,20.17,15000,1,0,0,31.85
2738203,50.18,50.0,49.7,50.3,1,0,21.57,20.17,15500,1,0,0,31.83
2738709,50.18,50.0,49.7,50.3,1,0,21.57,20.17,16003,1,0,0,31.83
2739215,50.25,50.0,49.7,50.3,1,0,20.86,20.21,16505,1,0,0,31.85
2739721,50.25,50.0,49.7,50.3,1,0,20.86,20.21,17005,1,0,0,31.85
2740227,50.25,50.0,49.7,50.3,1,0,21.29,20.19,17505,1,0,0,31.83
2740733,50.25,50.0,49.7,50.3,1,0,21.29,20.19,18005,1,0,0,31.83
2741239,50.24,50.0,49.7,50.3,1,0,21.07,20.18,18505,1,0,0,31.82
2741746,50.24,50.0,49.7,50.3,1,0,21.07,20.18,19005,1,0,0,31.82
2742253,50.34,50.0,49.7,50.3,1,0,21.05,20.24,19505,1,0,0,31.85
2742759,50.34,50.0,49.7,50.3,1,0,21.05,20.24,20005,1,0,0,31.85
2743265,50.39,50.0,49.7,50.3,1,0,20.81,20.23,20505,1,0,0,31.82
2743771,50.39,50.0,49.7,50.3,1,0,20.81,20.23,21005,1,0,0,31.82
2744277,50.43,50.0,49.7,50.3,1,0,20.69,20.23,21505,1,0,0,31.83
2744783,50.43,50.0,49.7,50.3,1,0,20.69,20.25,22005,1,0,0,31.83
2745289,50.46,50.0,49.7,50.3,1,0,20.75,20.25,22505,1,0,0,31.83
2745796,50.57,50.0,49.7,50.3,1,0,20.49,20.26,23005,1,0,0,31.83
2746303,50.57,50.0,49.7,50.3,1,0,20.49,20.3,23505,1,0,0,31.83
2746809,50.57,50.0,49.7,50.3,1,0,20.49,20.3,24005,1,0,0,31.83
2747315,50.62,50.0,49.7,50.3,1,0,20.3,20.3,24505,1,0,0,31.82
2747821,50.64,50.0,49.7,50.3,1,0,20.0,20.3,25005,1,0,0,31.85
2748327,50.67,50.0,49.7,50.3,1,0,20.15,20.33,25505,1,0,0,31.85
2748833,50.67,50.0,49.7,50.3,1,0,20.15,20.34,26005,1,0,0,31.85
2749339,50.74,50.0,49.7,50.3,1,0,19.95,20.34,26505,1,0,0,31.82
2749854,50.73,50.0,49.7,50.3,1,0,20.08,20.34,27005,1,0,0,31.85
2750361,50.73,50.0,49.7,50.3,1,0,20.08,20.36,27505,1,0,0,31.85
2750867,50.8,50.0,49.7,50.3,1,0,19.69,20.36,28005,1,0,0,31.82
2751373,50.8,50.0,49.7,50.3,1,0,19.46,20.36,28505,1,0,0,31.83
2751879,50.8,50.0,49.7,50.3,1,0,19.46,20.37,29005,1,0,0,31.83
2752385,50.84,50.0,49.7,50.3,1,0,19.65,20.37,29505,1,0,0,31.82
2752891,50.84,50.0,49.7,50.3,1,0,19.65,20.37,30005,1,0,0,31.82
2753397,50.93,50.0,49.7,50.3,1,0,19.48,20.41,30505,1,0,0,31.83
2753903,51.0,50.0,49.7,50.3,1,0,19.13,20.41,31005,1,0,0,31.85
2754413,51.02,50.0,49.7,50.3,1,0,19.37,20.45,31505,1,0,0,31.83
2754920,51.02,50.0,49.7,50.3,1,0,19.37,20.44,32005,1,0,0,31.83
2755426,51.02,50.0,49.7,50.3,1,0,19.37,20.44,32505,1,0,0,31.83
2755932,51.02,50.0,49.7,50.3,1,0,19.37,20.44,33005,1,0,0,31.83
2756438,51.08,50.0,49.7,50.3,1,0,19.07,20.46,33505,1,0,0,31.83
2756944,51.08,50.0,49.7,50.3,1,0,19.07,20.46,34005,1,0,0,31.83
2757450,51.12,50.0,49.7,50.3,1,0,18.81,20.46,34505,1,0,0,31.82
2757956,51.12,50.0,49.7,50.3,1,0,18.81,20.46,35005,1,1,0,31.82
2758462,51.12,50.0,49.7,50.3,1,0,18.81,20.46,35505,1,1,0,31.82
2758968,51.12,50.0,49.7,50.3,1,0,18.81,20.46,36005,1,1,0,31.82
2759474,51.12,50.0,49.7,50.3,1,0,18.81,20.46,36507,1,1,0,31.82
2759980,51.27,50.0,49.7,50.3,1,0,18.85,20.46,37007,1,1,0,31.85
2760486,51.27,50.0,49.7,50.3,1,0,18.85,20.54,37507,1,1,0,31.85
2760992,51.33,50.0,49.7,50.3,1,0,18.55,20.54,38007,1,1,0,31.83
2761498,51.33,50.0,49.7,50.3,1,0,18.55,20.54,38507,1,1,0,31.83
2762004,51.27,50.0,49.7,50.3,1,0,18.38,20.54,39007,1,1,0,31.85
2762510,51.27,50.0,49.7,50.3,1,0,18.38,20.54,39510,1,1,0,31.85
2763016,51.27,50.0,49.7,50.3,1,0,18.38,20.54,40016,1,1,0,31.85
2763522,51.27,50.0,49.7,50.3,1,0,18.38,20.54,40526,1,1,0,31.85
2764028,51.27,50.0,49.7,50.3,1,0,18.38,20.54,41028,1,1,0,31.85
2764534,51.27,50.0,49.7,50.3,1,0,18.38,20.54,42034,1,1,0,31.85
2765040,51.38,50.0,49.7,50.3,1,0,18.19,20.56,42534,1,1,0,31.83
2765546,51.36,50.0,49.7,50.3,1,0,18.01,20.55,43034,1,1,0,31.83
2766052,51.41,50.0,49.7,50.3,1,0,17.65,20.58,43534,1,1,0,31.85
2766559,51.41,50.0,49.7,50.3,1,0,17.65,20.58,44034,1,1,0,31.85
2767065,51.4,50.0,49.7,50.3,1,0,17.82,20.58,44534,1,1,0,31.85
2767571,51.4,50.0,49.7,50.3,1,0,17.82,20.58,45034,1,1,0,31.85
2768077,51.4,50.0,49.7,50.3,1,0,17.82,20.58,45534,1,1,0,31.85
2768583,51.4,50.0,49.7,50.3,1,0,17.82,20.58,46034,1,1,0,31.85
2769089,51.44,50.0,49.7,50.3,1,0,17.71,20.59,46534,1,1,0,31.85
2769595,51.44,50.0,49.7,50.3,1,0,17.71,20.59,47034,1,1,0,31.85
2770101,51.42,50.0,49.7,50.3,1,0,17.67,20.56,47534,1,1,0,31.82
2770607,51.42,50.0,49.7,50.3,1,0,17.67,20.56,48034,1,1,0,31.82
2771113,51.42,50.0,49.7,50.3,1,0,17.67,20.56,48534,1,1,0,31.82
2771619,51.4,50.0,49.7,50.3,1,0,17.43,20.55,49034,1,1,0,31.82
2772125,51.41,50.0,49.7,50.3,1,0,17.45,20.58,49534,1,1,0,31.85
2772631,51.38,50.0,49.7,50.3,1,0,17.3,20.58,50034,1,1,0,31.83
2773141,51.38,50.0,49.7,50.3,1,0,17.3,20.56,50534,1,1,0,31.83
2773647,51.38,50.0,49.7,50.3,1,0,17.3,20.56,51034,1,1,0,31.83
2774153,51.36,50.0,49.7,50.3,1,0,17.2,20.56,51534,1,1,0,31.85
2774659,51.31,50.0,49.7,50.3,1,0,17.13,20.53,52034,1,1,0,31.83
2775165,51.31,50.0,49.7,50.3,1,0,17.13,20.53,52534,1,1,0,31.83
2775671,51.31,50.0,49.7,50.3,1,0,17.13,20.53,53034,1,1,0,31.83
2776186,51.31,50.0,49.7,50.3,1,0,16.89,20.53,53534,1,1,0,31.83
2776693,51.31,50.0,49.7,50.3,1,0,16.89,20.53,54034,1,1,0,31.83
2777199,51.3,50.0,49.7,50.3,1,0,16.74,20.53,54534,1,1,0,31.83
2777705,51.28,50.0,49.7,50.3,1,0,16.7,20.53,55034,1,1,0,31.82
2778211,51.28,50.0,49.7,50.3,1,0,16.7,20.51,55534,1,1,0,31.82
2778717,51.21,50.0,49.7,50.3,1,0,16.74,20.52,56034,1,1,0,31.85
2779223,51.21,50.0,49.7,50.3,1,0,16.74,20.52,56534,1,1,0,31.85
2779743,51.15,50.0,49.7,50.3,1,0,16.66,20.52,57036,1,1,0,31.82
2780250,51.15,50.0,49.7,50.3,1,0,16.66,20.47,57536,1,1,0,31.82
2780756,51.15,50.0,49.7,50.3,1,0,16.66,20.47,58036,1,1,0,31.82
2781262,51.16,50.0,49.7,50.3,1,0,16.83,20.47,58536,1,1,0,31.8
2781768,51.16,50.0,49.7,50.3,1,0,16.83,20.46,59036,1,1,0,31.8
2782274,51.13,50.0,49.7,50.3,1,0,16.4,20.45,59536,1,1,0,31.8
2782780,51.13,50.0,49.7,50.3,1,0,16.4,20.45,60036,1,1,0,31.8
2783286,51.13,50.0,49.7,50.3,1,0,16.4,20.45,60536,1,1,0,31.8
2783792,51.04,50.0,49.7,50.3,1,0,16.18,20.45,61036,1,1,0,31.82
2784298,51.04,50.0,49.7,50.3,1,0,16.18,20.44,61536,1,1,0,31.82
2784804,51.03,50.0,49.7,50.3,1,0,16.22,20.44,62036,1,1,0,31.85
2785310,50.93,50.0,49.7,50.3,1,0,16.01,20.46,62536,1,1,0,31.83
2785816,50.93,50.0,49.7,50.3,1,0,16.01,20.41,63036,1,1,0,31.83
2786322,50.93,50.0,49.7,50.3,1,0,16.03,20.43,63546,1,1,0,31.85
2786828,50.93,50.0,49.7,50.3,1,0,16.03,20.43,64046,1,1,0,31.85
2787334,50.92,50.0,49.7,50.3,1,0,15.75,20.4,64546,1,1,0,31.82
2787840,50.92,50.0,49.7,50.3,1,0,15.75,20.4,65046,1,1,0,31.82
2788346,50.92,50.0,49.7,50.3,1,0,15.75,20.4,65546,1,1,0,31.82
2788852,50.92,50.0,49.7,50.3,1,0,15.75,20.4,66046,1,1,0,31.82
2789358,50.85,50.0,49.7,50.3,1,0,15.84,20.39,66546,1,1,0,31.83
2789864,50.78,50.0,49.7,50.3,1,0,15.75,20.39,67046,1,1,0,31.82
2790370,50.78,50.0,49.7,50.3,1,0,15.73,20.35,67546,1,1,0,31.82
2790876,50.78,50.0,49.7,50.3,1,0,15.73,20.35,68046,1,1,0,31.82
2791382,50.69,50.0,49.7,50.3,1,0,15.64,20.35,68546,1,1,0,31.85
2791888,50.69,50.0,49.7,50.3,1,0,15.64,20.35,69046,1,1,0,31.85
2792394,50.69,50.0,49.7,50.3,1,0,15.58,20.35,69554,1,1,0,31.85
2792900,50.58,50.0,49.7,50.3,1,0,15.45,20.35,70054,1,1,0,31.8
2793406,50.58,50.0,49.7,50.3,1,0,15.45,20.28,70554,1,1,0,31.8
2793913,50.58,50.0,49.7,50.3,1,0,15.45,20.28,71054,1,1,0,31.8
2794420,50.54,50.0,49.7,50.3,1,0,15.29,20.28,71554,1,1,0,31.8
2794926,50.54,50.0,49.7,50.3,1,0,15.29,20.26,72054,1,1,0,31.8
2795432,50.5,50.0,49.7,50.3,1,0,15.32,20.26,72554,1,1,0,31.82
2795938,50.5,50.0,49.7,50.3,1,0,15.32,20.26,73054,1,1,0,31.82
2796444,50.43,50.0,49.7,50.3,1,0,15.32,20.24,73554,1,1,0,31.82
2796950,50.39,50.0,49.7,50.3,1,0,15.1,20.24,74054,1,1,0,31.82
2797456,50.39,50.0,49.7,50.3,1,0,15.1,20.23,74554,1,1,0,31.82
2797963,50.33,50.0,49.7,50.3,1,0,15.12,20.23,75054,1,1,1,31.83
2798470,50.33,50.0,49.7,50.3,1,0,15.12,20.22,75554,1,1,1,31.83
2798976,50.29,50.0,49.7,50.3,1,0,14.97,20.22,76054,1,1,1,31.8
2799482,50.29,50.0,49.7,50.3,0,0,14.97,20.19,0,1,1,0,31.8
2799988,50.25,50.0,49.7,50.3,0,0,14.95,20.19,501,1,1,0,31.83
2800494,50.22,50.0,49.7,50.3,0,0,14.6,20.19,1001,1,1,0,31.82
2801000,50.22,50.0,49.7,50.3,0,0,14.6,20.17,1501,1,1,0,31.82
2801506,50.22,50.0,49.7,50.3,0,0,14.6,20.17,2001,1,1,0,31.82
2802013,50.12,50.0,49.7,50.3,0,0,14.93,20.17,2501,1,1,0,31.82
2802519,50.07,50.0,49.7,50.3,0,0,14.95,20.14,3001,1,1,0,31.82
2803025,50.04,50.0,49.7,50.3,0,0,15.12,20.12,3501,1,1,0,31.85
2803531,50.04,50.0,49.7,50.3,0,0,15.12,20.14,4001,1,1,0,31.85
2804037,49.98,50.0,49.7,50.3,0,0,15.06,20.14,4501,1,1,0,31.8
2804543,50.0,50.0,49.7,50.3,0,0,14.82,20.08,5001,1,1,0,31.79
2805049,50.0,50.0,49.7,50.3,0,0,14.82,20.08,5501,1,1,0,31.79
2805555,49.86,50.0,49.7,50.3,0,0,14.97,20.08,6001,1,1,0,31.8
2806061,49.83,50.0,49.7,50.3,0,0,14.93,20.02,7006,1,1,0,31.79
2806567,49.83,50.0,49.7,50.3,0,0,14.93,20.02,7506,1,1,0,31.79
2807073,49.83,50.0,49.7,50.3,0,0,14.93,20.02,8006,1,1,0,31.79
2807579,49.83,50.0,49.7,50.3,0,0,14.93,20.02,8506,1,1,0,31.79
2808085,49.83,50.0,49.7,50.3,0,0,14.93,20.02,9006,1,1,0,31.79
2808591,49.83,50.0,49.7,50.3,0,0,14.93,20.02,9506,1,1,0,31.79
2809097,49.69,50.0,49.7,50.3,0,0,15.1,20.02,10006,1,1,0,31.83
2809603,49.63,50.0,49.7,50.3,0,0,15.38,20.0,10506,1,1,0,31.83
2810109,49.63,50.0,49.7,50.3,0,0,15.38,20.0,11006,1,1,0,31.83
2810615,49.63,50.0,49.7,50.3,0,0,15.38,20.0,11506,1,1,0,31.83
2811121,49.51,50.0,49.7,50.3,0,0,15.55,19.93,12006,1,1,0,31.8
2811627,49.51,50.0,49.7,50.3,0,0,15.55,19.93,12506,1,1,0,31.8
2812133,49.51,50.0,49.7,50.3,0,0,15.55,19.93,13006,1,1,0,31.8
2812639,49.47,50.0,49.7,50.3,0,0,15.99,19.93,13506,1,1,0,31.82
2813145,49.47,50.0,49.7,50.3,0,0,15.99,19.93,14006,1,1,0,31.82
2813651,49.47,50.0,49.7,50.3,0,0,15.99,19.93,14506,1,1,0,31.82
2814157,49.47,50.0,49.7,50.3,0,0,15.99,19.93,15006,1,1,0,31.82
2814663,49.47,50.0,49.7,50.3,0,0,15.99,19.93,15506,1,1,0,31.82
2815169,49.31,50.0,49.7,50.3,0,0,15.86,19.87,16006,1,1,0,31.8
2815675,49.28,50.0,49.7,50.3,0,0,16.4,19.87,16506,1,1,0,31.8
2816181,49.28,50.0,49.7,50.3,0,0,16.4,19.86,17006,1,1,0,31.8
2816687,49.23,50.0,49.7,50.3,0,0,16.12,19.84,17506,1,1,0,31.8
2817193,49.23,50.0,49.7,50.3,0,0,16.12,19.84,18006,1,1,0,31.8
2817699,49.2,50.0,49.7,50.3,0,0,16.33,19.86,18506,1,1,0,31.83
2818205,49.17,50.0,49.7,50.3,0,0,16.18,19.83,19006,1,1,0,31.82
2818717,49.09,50.0,49.7,50.3,0,0,16.63,19.83,19506,1,1,0,31.8
2819224,49.09,50.0,49.7,50.3,0,0,16.63,19.79,20006,1,1,0,31.8
2819730,49.06,50.0,49.7,50.3,0,0,16.7,19.79,20506,1,1,0,31.8
2820236,49.04,50.0,49.7,50.3,0,0,16.61,19.79,21006,1,1,0,31.8
2820742,49.04,50.0,49.7,50.3,0,0,16.61,19.78,21506,1,1,0,31.8
2821248,49.04,50.0,49.7,50.3,0,0,16.94,19.78,22006,1,1,0,31.8
2821754,49.0,50.0,49.7,50.3,0,0,16.98,19.78,22506,1,1,0,31.82
2822260,49.0,50.0,49.7,50.3,0,0,16.98,19.78,23006,1,1,0,31.82
2822766,49.0,50.0,49.7,50.3,0,0,17.11,19.78,23506,1,1,0,31.8
2823272,49.0,50.0,49.7,50.3,0,0,17.11,19.76,24006,1,1,0,31.8
2823778,49.0,50.0,49.7,50.3,0,0,17.11,19.76,24506,1,1,0,31.8
2824284,48.95,50.0,49.7,50.3,0,0,17.07,19.77,25006,1,1,0,31.83
2824790,48.95,50.0,49.7,50.3,0,0,17.07,19.77,25506,1,1,0,31.83
2825296,48.89,50.0,49.7,50.3,0,0,17.52,19.72,26006,1,1,0,31.79
2825802,48.89,50.0,49.7,50.3,0,0,17.58,19.72,26506,1,1,0,31.82
2826308,48.84,50.0,49.7,50.3,0,0,17.45,19.74,27006,1,1,0,31.8
2826829,48.84,50.0,49.7,50.3,0,0,17.45,19.71,27506,1,1,0,31.82
2827336,48.84,50.0,49.7,50.3,0,0,17.45,19.72,28006,1,1,0,31.82
2827842,48.84,50.0,49.7,50.3,0,0,17.45,19.72,28506,1,1,0,31.82
2828348,48.82,50.0,49.7,50.3,0,0,17.78,19.72,29006,1,1,0,31.82
2828854,48.81,50.0,49.7,50.3,0,0,17.95,19.72,29506,1,1,0,31.83
2829360,48.86,50.0,49.7,50.3,0,0,17.93,19.73,30006,1,1,0,31.8
2829866,48.86,50.0,49.7,50.3,0,0,17.93,19.72,30506,1,1,0,31.8
2830372,48.83,50.0,49.7,50.3,0,0,18.04,19.73,31006,1,1,0,31.83
2830878,48.78,50.0,49.7,50.3,0,0,18.06,19.73,31506,1,1,0,31.82
2831384,48.81,50.0,49.7,50.3,0,0,18.01,19.7,32006,1,1,0,31.82
2831890,48.81,50.0,49.7,50.3,0,0,18.01,19.71,32506,1,1,0,31.82
2832396,48.79,50.0,49.7,50.3,0,0,18.27,19.71,33006,1,1,0,31.77
2832902,48.79,50.0,49.7,50.3,0,0,18.27,19.67,33506,1,0,0,31.77
2833408,48.79,50.0,49.7,50.3,0,0,18.27,19.67,34006,1,0,0,31.77
2833914,48.81,50.0,49.7,50.3,0,0,18.53,19.67,34506,1,0,0,31.8
2834420,48.78,50.0,49.7,50.3,0,0,18.6,19.7,35006,1,0,0,31.8
2834927,48.78,50.0,49.7,50.3,0,0,18.6,19.69,35506,1,0,0,31.8
2835433,48.8,50.0,49.7,50.3,0,0,18.51,19.69,36006,1,0,0,31.82
2835939,48.8,50.0,49.7,50.3,0,0,18.51,19.71,36506,1,0,0,31.82
2836445,48.82,50.0,49.7,50.3,0,0,18.96,19.71,37006,1,0,0,31.8
2836951,48.79,50.0,49.7,50.3,0,0,18.75,19.71,37506,1,0,0,31.83
2837457,48.79,50.0,49.7,50.3,0,0,18.75,19.72,38006,1,0,0,31.83
2837963,48.79,50.0,49.7,50.3,0,0,18.75,19.72,38506,1,0,0,31.83
2838469,48.79,50.0,49.7,50.3,0,0,18.75,19.72,39006,1,0,0,31.83
2838975,48.79,50.0,49.7,50.3,0,0,18.75,19.72,39506,1,0,0,31.83
2839481,48.81,50.0,49.7,50.3,0,0,19.09,19.72,40006,1,0,0,31.82
2839987,48.81,50.0,49.7,50.3,0,0,19.09,19.71,40506,1,0,0,31.82
2840493,48.84,50.0,49.7,50.3,0,0,19.33,19.71,41006,1,0,0,31.83
2840999,48.84,50.0,49.7,50.3,0,0,19.33,19.74,41506,1,0,0,31.83
2841505,48.84,50.0,49.7,50.3,0,0,19.33,19.74,42006,1,0,0,31.83
2842011,48.84,50.0,49.7,50.3,0,0,19.46,19.74,42506,1,0,0,31.83
2842517,48.84,50.0,49.7,50.3,0,0,19.46,19.74,43006,1,0,0,31.83
2843023,48.85,50.0,49.7,50.3,0,0,19.69,19.74,43506,1,0,0,31.82
2843529,48.85,50.0,49.7,50.3,0,0,19.69,19.73,44006,1,0,0,31.82
2844035,48.82,50.0,49.7,50.3,0,0,19.65,19.73,44506,1,0,0,31.8
2844543,48.82,50.0,49.7,50.3,0,0,19.65,19.71,45006,1,0,0,31.8
2845050,48.92,50.0,49.7,50.3,0,0,19.44,19.71,45506,1,0,0,31.79
2845556,48.9,50.0,49.7,50.3,0,0,19.8,19.72,46006,1,0,0,31.82
2846062,48.9,50.0,49.7,50.3,0,0,19.8,19.75,47007,1,0,0,31.82
2846568,48.89,50.0,49.7,50.3,0,0,19.91,19.73,47507,1,0,0,31.8
2847074,48.87,50.0,49.7,50.3,0,0,19.63,19.74,48007,1,0,0,31.83
2847580,48.87,50.0,49.7,50.3,0,0,19.63,19.74,48507,1,0,0,31.83
2848086,48.87,50.0,49.7,50.3,0,0,19.63,19.74,49007,1,0,0,31.83
2848592,48.87,50.0,49.7,50.3,0,0,19.63,19.74,49507,1,0,0,31.83
2849098,48.87,50.0,49.7,50.3,0,0,19.63,19.74,50008,1,0,0,31.83
2849604,48.87,50.0,49.7,50.3,0,0,19.63,19.74,50508,1,0,0,31.83
2850110,48.87,50.0,49.7,50.3,0,0,19.63,19.74,51008,1,0,0,31.83
2850616,48.98,50.0,49.7,50.3,0,0,20.3,19.76,51508,1,0,0,31.8
2851122,48.98,50.0,49.7,50.3,0,0,20.3,19.76,52008,1,0,0,31.8
2851628,48.99,50.0,49.7,50.3,0,0,20.38,19.78,52508,1,0,0,31.83
2852134,49.0,50.0,49.7,50.3,0,0,20.34,19.76,53008,1,0,0,31.8
2852640,49.0,50.0,49.7,50.3,0,0,20.34,19.76,53508,1,0,0,31.8
2853146,49.0,50.0,49.7,50.3,0,0,20.69,19.79,54008,1,0,0,31.83
2853652,49.0,50.0,49.7,50.3,0,0,20.69,19.79,54508,1,0,0,31.83
2854158,49.06,50.0,49.7,50.3,0,0,20.62,19.81,55008,1,0,0,31.83
2854664,49.08,50.0,49.7,50.3,0,0,20.73,19.8,55508,1,0,0,31.82
2855170,49.08,50.0,49.7,50.3,0,0,20.77,19.79,56008,1,0,0,31.8
2855676,49.08,50.0,49.7,50.3,0,0,20.77,19.79,56508,1,0,0,31.8
2856182,49.08,50.0,49.7,50.3,0,0,20.75,19.79,57008,1,0,0,31.82
2856688,49.08,50.0,49.7,50.3,0,0,20.75,19.8,57508,1,0,0,31.82
2857194,49.14,50.0,49.7,50.3,0,0,20.92,19.83,58008,1,0,0,31.83
2857700,49.14,50.0,49.7,50.3,0,0,20.92,19.83,58508,1,0,0,31.83
2858206,49.14,50.0,49.7,50.3,0,0,20.92,19.83,59008,1,0,0,31.83
2858712,49.14,50.0,49.7,50.3,0,0,20.92,19.83,59508,1,0,0,31.83
2859218,49.14,50.0,49.7,50.3,0,0,20.92,19.83,60008,1,0,0,31.83
2859724,49.18,50.0,49.7,50.3,0,0,21.03,19.85,60508,1,0,0,31.83
2860230,49.17,50.0,49.7,50.3,0,0,21.42,19.82,61008,1,0,0,31.8
2860736,49.17,50.0,49.7,50.3,0,0,21.42,19.82,61508,1,0,0,31.8
2861242,49.22,50.0,49.7,50.3,0,0,21.16,19.86,62008,1,0,0,31.83
2861748,49.26,50.0,49.7,50.3,0,0,21.38,19.87,62514,1,0,0,31.83
2862254,49.26,50.0,49.7,50.3,0,0,21.38,19.87,63014,1,0,0,31.83
2862760,49.3,50.0,49.7,50.3,0,0,21.25,19.87,63514,1,0,0,31.82
2863266,49.28,50.0,49.7,50.3,0,0,21.35,19.87,64014,1,0,0,31.82
2863772,49.28,50.0,49.7,50.3,0,0,21.35,19.87,64514,1,0,0,31.82
2864278,49.3,50.0,49.7,50.3,0,0,21.51,19.87,65014,1,0,0,31.83
2864784,49.3,50.0,49.7,50.3,0,0,21.51,19.89,65514,1,0,0,31.83
2865290,49.34,50.0,49.7,50.3,0,0,21.64,19.9,66014,1,0,0,31.83
2865796,49.38,50.0,49.7,50.3,0,0,21.79,19.9,66514,1,0,0,31.83
2866303,49.38,50.0,49.7,50.3,0,0,21.79,19.91,67014,1,0,0,31.83
2866809,49.36,50.0,49.7,50.3,0,0,21.77,19.91,67514,1,0,0,31.8
2867315,49.36,50.0,49.7,50.3,0,0,21.77,19.88,68014,1,0,0,31.8
2867821,49.36,50.0,49.7,50.3,0,0,21.77,19.88,68514,1,0,0,31.8
2868327,49.36,50.0,49.7,50.3,0,0,21.77,19.88,69014,1,0,0,31.8
2868833,49.46,50.0,49.7,50.3,0,0,21.68,19.94,69514,1,0,0,31.83
2869339,49.46,50.0,49.7,50.3,0,0,21.68,19.94,70014,1,0,0,31.83
2869845,49.46,50.0,49.7,50.3,0,0,21.68,19.94,70514,1,0,0,31.83
2870351,49.46,50.0,49.7,50.3,0,0,21.68,19.94,71014,1,0,0,31.83
2870857,49.49,50.0,49.7,50.3,0,0,22.0,19.94,71514,1,0,0,31.82
2871363,49.54,50.0,49.7,50.3,0,0,22.07,19.94,72014,1,0,0,31.82
2871869,49.54,50.0,49.7,50.3,0,0,22.07,19.95,72514,1,0,0,31.82
2872375,49.54,50.0,49.7,50.3,0,0,22.07,19.95,73014,1,0,0,31.82
2872881,49.54,50.0,49.7,50.3,0,0,22.07,19.95,73514,1,0,0,31.82
2873387,49.54,50.0,49.7,50.3,0,0,22.07,19.95,74014,1,0,0,31.82
2873893,49.57,50.0,49.7,50.3,0,0,22.22,19.95,74514,1,0,0,31.8
2874399,49.58,50.0,49.7,50.3,0,0,22.37,19.95,75014,1,0,0,31.8
2874905,49.63,50.0,49.7,50.3,0,0,22.18,19.95,75514,1,0,0,31.83
2875411,49.59,50.0,49.7,50.3,0,0,22.61,20.0,76014,1,0,0,31.82
2875931,49.66,50.0,49.7,50.3,0,0,22.37,19.97,76514,1,0,0,31.83
2876438,49.66,50.0,49.7,50.3,0,0,22.37,20.01,77014,1,0,0,31.83
2876944,49.66,50.0,49.7,50.3,0,0,22.37,20.01,77514,1,0,0,31.83
2877450,49.66,50.0,49.7,50.3,0,0,22.37,20.01,78014,1,0,0,31.83
2877956,49.68,50.0,49.7,50.3,0,0,22.57,20.0,78514,1,0,0,31.82
2878462,49.68,50.0,49.7,50.3,0,0,22.57,20.0,79014,1,0,0,31.82
2878968,49.68,50.0,49.7,50.3,0,0,22.57,20.0,79515,1,0,0,31.82
2879474,49.77,50.0,49.7,50.3,1,0,22.65,20.04,0,1,0,0,31.83
2879980,49.74,50.0,49.7,50.3,1,0,22.78,20.04,500,1,0,0,31.82
2880486,49.8,50.0,49.7,50.3,1,0,22.76,20.02,1000,1,0,0,31.82
2880992,49.8,50.0,49.7,50.3,1,0,22.76,20.04,1500,1,0,0,31.82
2881498,49.8,50.0,49.7,50.3,1,0,22.76,20.04,2000,1,0,0,31.82
2882006,49.8,50.0,49.7,50.3,1,0,22.76,20.04,2500,1,0,0,31.82
2882513,49.8,50.0,49.7,50.3,1,0,22.76,20.04,3000,1,0,0,31.82
2883019,49.88,50.0,49.7,50.3,1,0,22.81,20.04,3500,1,0,0,31.83
2883525,49.88,50.0,49.7,50.3,1,0,22.7,20.08,4000,1,0,0,31.8
2884031,49.88,50.0,49.7,50.3,1,0,22.7,20.05,4500,1,0,0,31.8
2884537,49.89,50.0,49.7,50.3,1,0,22.81,20.08,5014,1,0,0,31.83
2885043,49.92,50.0,49.7,50.3,1,0,22.74,20.08,5514,1,0,0,31.83
2885549,49.92,50.0,49.7,50.3,1,0,22.74,20.09,6014,1,0,0,31.83
2886055,49.92,50.0,49.7,50.3,1,0,22.74,20.09,6514,1,0,0,31.83
2886561,49.97,50.0,49.7,50.3,1,0,22.52,20.09,7014,1,0,0,31.82
2887067,49.97,50.0,49.7,50.3,1,0,22.52,20.09,7514,1,0,0,31.82
2887573,49.97,50.0,49.7,50.3,1,0,22.52,20.09,8014,1,0,0,31.82
2888079,49.99,50.0,49.7,50.3,1,0,22.96,20.09,8514,1,0,0,31.85
2888585,50.01,50.0,49.7,50.3,1,0,22.33,20.12,9514,1,0,0,31.83
2889093,50.01,50.0,49.7,50.3,1,0,22.33,20.12,10014,1,0,0,31.83
2889600,50.05,50.0,49.7,50.3,1,0,22.24,20.12,10514,1,0,0,31.82
2890106,50.05,50.0,49.7,50.3,1,0,22.42,20.12,11014,1,0,0,31.82
2890612,50.09,50.0,49.7,50.3,1,0,22.16,20.12,11514,1,0,0,31.8
2891118,50.09,50.0,49.7,50.3,1,0,22.16,20.12,12014,1,0,0,31.8
2891624,50.08,50.0,49.7,50.3,1,0,21.96,20.16,12514,1,0,0,31.85
2892130,50.08,50.0,49.7,50.3,1,0,21.96,20.16,13014,1,0,0,31.85
2892636,50.12,50.0,49.7,50.3,1,0,21.92,20.12,13514,1,0,0,31.79
2893142,50.12,50.0,49.7,50.3,1,0,21.92,20.12,14014,1,0,0,31.79
2893649,50.19,50.0,49.7,50.3,1,0,21.68,20.18,14514,1,0,0,31.83
2894155,50.19,50.0,49.7,50.3,1,0,21.68,20.18,15014,1,0,0,31.83
2894661,50.19,50.0,49.7,50.3,1,0,21.68,20.18,15514,1,0,0,31.83
2895167,50.22,50.0,49.7,50.3,1,0,21.55,20.2,16014,1,0,0,31.85
2895673,50.26,50.0,49.7,50.3,1,0,21.46,20.2,16514,1,0,0,31.82
2896179,50.26,50.0,49.7,50.3,1,0,21.46,20.19,17014,1,0,0,31.82
2896685,50.3,50.0,49.7,50.3,1,0,21.31,20.2,17514,1,0,0,31.82
2897191,50.34,50.0,49.7,50.3,1,0,21.29,20.21,18014,1,0,0,31.82
2897697,50.34,50.0,49.7,50.3,1,0,21.29,20.21,18517,1,0,0,31.82
2898203,50.34,50.0,49.7,50.3,1,0,21.29,20.21,19017,1,0,0,31.82
2898709,50.37,50.0,49.7,50.3,1,0,21.16,20.23,19517,1,0,0,31.83
2899215,50.39,50.0,49.7,50.3,1,0,20.58,20.24,20017,1,0,0,31.83
2899721,50.47,50.0,49.7,50.3,1,0,20.84,20.24,20517,1,0,0,31.82
2900227,50.47,50.0,49.7,50.3,1,0,20.84,20.25,21017,1,0,0,31.82
2900733,50.47,50.0,49.7,50.3,1,0,20.84,20.25,21517,1,0,0,31.82
2901240,50.47,50.0,49.7,50.3,1,0,20.84,20.25,22017,1,0,0,31.82
2901746,50.47,50.0,49.7,50.3,1,0,20.84,20.25,22517,1,0,0,31.82
2902252,50.57,50.0,49.7,50.3,1,0,20.49,20.3,23017,1,0,0,31.83
2902758,50.55,50.0,49.7,50.3,1,0,20.66,20.28,23517,1,0,0,31.82
2903264,50.55,50.0,49.7,50.3,1,0,20.66,20.28,24017,1,0,0,31.82
2903770,50.55,50.0,49.7,50.3,1,0,20.66,20.28,24517,1,0,0,31.82
2904276,50.55,50.0,49.7,50.3,1,0,20.66,20.28,25017,1,0,0,31.82
2904782,50.71,50.0,49.7,50.3,1,0,20.23,20.28,25517,1,0,0,31.85
2905288,50.71,50.0,49.7,50.3,1,0,20.23,20.36,26017,1,0,0,31.85
2905794,50.73,50.0,49.7,50.3,1,0,20.15,20.36,26517,1,0,0,31.82
2906300,50.73,50.0,49.7,50.3,1,0,20.15,20.34,27017,1,0,0,31.82
2906806,50.73,50.0,49.7,50.3,1,0,20.15,20.34,27517,1,0,0,31.82
2907312,50.85,50.0,49.7,50.3,1,0,19.82,20.36,28017,1,0,0,31.8
2907818,50.93,50.0,49.7,50.3,1,0,20.0,20.36,28517,1,0,0,31.83
2908324,50.93,50.0,49.7,50.3,1,0,19.65,20.41,29017,1,0,0,31.85
2908830,50.93,50.0,49.7,50.3,1,0,19.65,20.43,29519,1,0,0,31.85
2909336,50.93,50.0,49.7,50.3,1,0,19.65,20.43,30019,1,0,0,31.85
2909842,51.03,50.0,49.7,50.3,1,0,19.59,20.43,30519,1,0,0,31.82
2910348,51.02,50.0,49.7,50.3,1,0,19.35,20.43,31019,1,0,0,31.83
2910854,51.02,50.0,49.7,50.3,1,0,19.35,20.44,31519,1,0,0,31.83
2911360,51.08,50.0,49.7,50.3,1,0,19.46,20.44,32019,1,0,0,31.8
2911866,51.08,50.0,49.7,50.3,1,0,19.46,20.44,32519,1,0,0,31.8
2912372,51.14,50.0,49.7,50.3,1,0,19.22,20.48,33019,1,0,0,31.83
2912878,51.16,50.0,49.7,50.3,1,0,19.2,20.47,33519,1,0,0,31.82
2913384,51.16,50.0,49.7,50.3,1,0,19.2,20.47,34019,1,0,0,31.82
2913890,51.23,50.0,49.7,50.3,1,0,19.11,20.47,34519,1,0,0,31.82
2914397,51.23,50.0,49.7,50.3,1,0,19.11,20.5,35019,1,0,0,31.82
2914904,51.23,50.0,49.7,50.3,1,0,19.11,20.5,35519,1,0,0,31.82
2915410,51.27,50.0,49.7,50.3,1,0,18.79,20.5,36019,1,0,0,31.8
2915916,51.27,50.0,49.7,50.3,1,0,18.79,20.5,36519,1,1,0,31.8
2916422,51.29,50.0,49.7,50.3,1,0,18.83,20.5,37019,1,1,0,31.85
2916928,51.29,50.0,49.7,50.3,1,0,18.83,20.54,37519,1,1,0,31.85
2917434,51.36,50.0,49.7,50.3,1,0,18.64,20.54,38019,1,1,0,31.82
2917940,51.35,50.0,49.7,50.3,1,0,18.53,20.54,38519,1,1,0,31.82
2918447,51.38,50.0,49.7,50.3,1,0,18.38,20.53,39019,1,1,0,31.82
2918954,51.38,50.0,49.7,50.3,1,0,18.38,20.54,39519,1,1,0,31.82
2919460,51.36,50.0,49.7,50.3,1,0,18.47,20.54,40019,1,1,0,31.82
2919966,51.36,50.0,49.7,50.3,1,0,18.47,20.54,40519,1,1,0,31.82
2920472,51.42,50.0,49.7,50.3,1,0,18.36,20.54,41019,1,1,0,31.83
2920978,51.42,50.0,49.7,50.3,1,0,18.36,20.57,41519,1,1,0,31.83
2921484,51.38,50.0,49.7,50.3,1,0,18.38,20.57,42019,1,1,0,31.83
2921991,51.38,50.0,49.7,50.3,1,0,18.38,20.56,42519,1,1,0,31.83
2922498,51.46,50.0,49.7,50.3,1,0,18.1,20.58,43030,1,1,0,31.83
2923004,51.46,50.0,49.7,50.3,1,0,18.1,20.58,43530,1,1,0,31.83
2923510,51.46,50.0,49.7,50.3,1,0,17.93,20.58,44030,1,1,0,31.83
2924016,51.43,50.0,49.7,50.3,1,0,17.82,20.58,44530,1,1,0,31.82
2924522,51.43,50.0,49.7,50.3,1,0,17.82,20.56,45030,1,1,0,31.82
2925028,51.43,50.0,49.7,50.3,1,0,17.82,20.56,45530,1,1,0,31.82
2925534,51.43,50.0,49.7,50.3,1,0,17.82,20.56,46030,1,1,0,31.82
2926040,51.43,50.0,49.7,50.3,1,0,17.82,20.56,46530,1,1,0,31.82
2926546,51.43,50.0,49.7,50.3,1,0,17.71,20.56,47033,1,1,0,31.82
2927052,51.43,50.0,49.7,50.3,1,0,17.71,20.56,47535,1,1,0,31.82
2927558,51.43,50.0,49.7,50.3,1,0,17.71,20.56,48035,1,1,0,31.82
2928064,51.45,50.0,49.7,50.3,1,0,17.39,20.56,48535,1,1,0,31.83
2928570,51.45,50.0,49.7,50.3,1,0,17.39,20.58,49035,1,1,0,31.83
2929076,51.42,50.0,49.7,50.3,1,0,17.37,20.58,49535,1,1,0,31.85
2929582,51.42,50.0,49.7,50.3,1,0,17.37,20.58,50035,1,1,0,31.85
2930088,51.42,50.0,49.7,50.3,1,0,17.26,20.58,50535,1,1,0,31.82
2930594,51.42,50.0,49.7,50.3,1,0,17.26,20.56,51035,1,1,0,31.82
2931100,51.43,50.0,49.7,50.3,1,0,17.2,20.56,51535,1,1,0,31.83
2931607,51.43,50.0,49.7,50.3,1,0,17.2,20.57,52536,1,1,0,31.83
2932114,51.39,50.0,49.7,50.3,1,0,16.98,20.56,53037,1,1,0,31.83
2932620,51.39,50.0,49.7,50.3,1,0,16.98,20.56,53537,1,1,0,31.83
2933126,51.35,50.0,49.7,50.3,1,0,16.55,20.53,54037,1,1,0,31.82
2933632,51.35,50.0,49.7,50.3,1,0,16.55,20.53,54537,1,1,0,31.82
2934138,51.32,50.0,49.7,50.3,1,0,16.76,20.53,55037,1,1,0,31.82
2934644,51.32,50.0,49.7,50.3,1,0,16.76,20.53,55537,1,1,0,31.82
2935150,51.28,50.0,49.7,50.3,1,0,17.17,20.51,56037,1,1,0,31.82
2935656,51.28,50.0,49.7,50.3,1,0,17.17,20.51,56537,1,1,0,31.82
2936162,51.28,50.0,49.7,50.3,1,0,17.17,20.51,57037,1,1,0,31.82
2936668,51.28,50.0,49.7,50.3,1,0,17.17,20.51,57539,1,1,0,31.82
2937174,51.23,50.0,49.7,50.3,1,0,16.55,20.5,58040,1,1,0,31.82
2937680,51.18,50.0,49.7,50.3,1,0,16.29,20.48,58540,1,1,0,31.82
2938186,51.22,50.0,49.7,50.3,1,0,16.44,20.49,59042,1,1,0,31.82
2938693,51.22,50.0,49.7,50.3,1,0,16.44,20.49,59542,1,1,0,31.82
2939199,51.18,50.0,49.7,50.3,1,0,16.12,20.49,60042,1,1,0,31.83
2939705,51.16,50.0,49.7,50.3,1,0,16.2,20.49,60542,1,1,0,31.83
2940211,51.16,50.0,49.7,50.3,1,0,16.2,20.49,61042,1,1,0,31.83
2940717,51.09,50.0,49.7,50.3,1,0,16.2,20.45,61542,1,1,0,31.82
2941223,51.09,50.0,49.7,50.3,1,0,16.2,20.45,62042,1,1,0,31.82
2941729,51.04,50.0,49.7,50.3,1,0,16.12,20.44,62542,1,1,0,31.82
2942235,51.04,50.0,49.7,50.3,1,0,16.12,20.44,63042,1,1,0,31.82
2942741,51.0,50.0,49.7,50.3,1,0,16.18,20.42,63542,1,1,0,31.82
2943247,51.01,50.0,49.7,50.3,1,0,16.07,20.43,64042,1,1,0,31.82
2943753,51.01,50.0,49.7,50.3,1,0,16.07,20.43,64542,1,1,0,31.82
2944259,50.92,50.0,49.7,50.3,1,0,15.99,20.38,65042,1,1,0,31.8
2944765,50.92,50.0,49.7,50.3,1,0,15.99,20.38,65542,1,1,0,31.8
2945271,50.91,50.0,49.7,50.3,1,0,15.94,20.39,66042,1,1,0,31.82
2945777,50.82,50.0,49.7,50.3,1,0,15.75,20.39,66542,1,1,0,31.8
2946283,50.82,50.0,49.7,50.3,1,0,15.75,20.35,67042,1,1,0,31.8
2946789,50.81,50.0,49.7,50.3,1,0,15.71,20.35,67543,1,1,0,31.8
2947295,50.81,50.0,49.7,50.3,1,0,15.84,20.36,68044,1,1,0,31.82
2947801,50.76,50.0,49.7,50.3,1,0,16.27,20.36,68544,1,1,0,31.83
2948307,50.76,50.0,49.7,50.3,1,0,16.27,20.36,69044,1,1,0,31.83
2948813,50.69,50.0,49.7,50.3,1,0,15.84,20.35,69544,1,1,0,31.85
2949319,50.7,50.0,49.7,50.3,1,0,15.58,20.3,70044,1,1,0,31.79
2949825,50.7,50.0,49.7,50.3,1,0,15.58,20.3,70544,1,1,0,31.79
2950331,50.62,50.0,49.7,50.3,1,0,15.6,20.3,71044,1,1,0,31.82
2950837,50.57,50.0,49.7,50.3,1,0,15.55,20.3,71544,1,1,0,31.82
2951343,50.57,50.0,49.7,50.3,1,0,15.55,20.28,72044,1,1,0,31.82
2951849,50.5,50.0,49.7,50.3,1,0,15.4,20.28,72544,1,1,0,31.8
2952355,50.5,50.0,49.7,50.3,1,0,15.4,20.25,73044,1,1,0,31.8
2952861,50.47,50.0,49.7,50.3,1,0,15.12,20.25,73544,1,1,0,31.8
2953367,50.47,50.0,49.7,50.3,1,0,15.12,20.24,74044,1,1,0,31.8
2953873,50.43,50.0,49.7,50.3,1,0,15.27,20.23,74544,1,1,0,31.8
2954379,50.43,50.0,49.7,50.3,1,0,15.27,20.23,75044,1,1,1,31.8
2954885,50.33,50.0,49.7,50.3,1,0,15.1,20.23,75544,1,1,1,31.79
2955394,50.33,50.0,49.7,50.3,1,0,15.1,20.19,76044,1,1,1,31.79
2955901,50.31,50.0,49.7,50.3,1,0,14.67,20.19,76544,1,1,1,31.8
2956407,50.31,50.0,49.7,50.3,1,0,14.67,20.19,77044,1,1,1,31.8
2956913,50.23,50.0,49.7,50.3,1,0,14.43,20.19,77544,1,1,1,31.82
2957419,50.23,50.0,49.7,50.3,0,0,14.43,20.18,0,1,1,0,31.82
2957925,50.23,50.0,49.7,50.3,0,0,14.43,20.18,500,1,1,0,31.82
2958431,50.14,50.0,49.7,50.3,0,0,14.88,20.18,1000,1,1,0,31.82
2958939,50.12,50.0,49.7,50.3,0,0,14.77,20.15,1500,1,1,0,31.82
2959446,50.12,50.0,49.7,50.3,0,0,14.77,20.14,2000,1,1,0,31.82
2959952,50.04,50.0,49.7,50.3,0,0,14.73,20.12,2500,1,1,0,31.82
2960458,50.01,50.0,49.7,50.3,0,0,14.88,20.12,3000,1,1,0,31.82
2960964,50.0,50.0,49.7,50.3,0,0,14.77,20.11,3500,1,1,0,31.82
2961470,50.0,50.0,49.7,50.3,0,0,14.77,20.1,4000,1,1,0,31.82
2961976,49.92,50.0,49.7,50.3,0,0,14.75,20.08,4500,1,1,0,31.82
2962482,49.88,50.0,49.7,50.3,0,0,14.88,20.08,5000,1,1,0,31.8
2962988,49.84,50.0,49.7,50.3,0,0,14.95,20.05,5500,1,1,0,31.82
2963494,49.84,50.0,49.7,50.3,0,0,14.95,20.05,6000,1,1,0,31.82
2964000,49.81,50.0,49.7,50.3,0,0,14.88,20.02,6504,1,1,0,31.79
2964506,49.81,50.0,49.7,50.3,0,0,14.88,20.02,7004,1,1,0,31.79
2965012,49.74,50.0,49.7,50.3,0,0,14.93,20.02,7504,1,1,0,31.82
2965518,49.69,50.0,49.7,50.3,0,0,14.93,20.02,8004,1,1,0,31.8
2966024,49.69,50.0,49.7,50.3,0,0,15.14,19.99,8504,1,1,0,31.82
2966530,49.66,50.0,49.7,50.3,0,0,15.08,20.0,9004,1,1,0,31.8
2967036,49.58,50.0,49.7,50.3,0,0,15.21,19.98,9504,1,1,0,31.82
2967542,49.58,50.0,49.7,50.3,0,0,15.21,19.97,10004,1,1,0,31.82
2968048,49.52,50.0,49.7,50.3,0,0,14.99,19.97,10504,1,1,0,31.79
2968554,49.52,50.0,49.7,50.3,0,0,14.99,19.92,11004,1,1,0,31.79
2969060,49.47,50.0,49.7,50.3,0,0,15.36,19.92,11504,1,1,0,31.8
2969566,49.47,50.0,49.7,50.3,0,0,15.36,19.92,12004,1,1,0,31.8
2970072,49.35,50.0,49.7,50.3,0,0,15.58,19.92,12504,1,1,0,31.8
2970578,49.38,50.0,49.7,50.3,0,0,15.77,19.88,13004,1,1,0,31.82
2971084,49.38,50.0,49.7,50.3,0,0,15.77,19.9,13504,1,1,0,31.82
2971590,49.38,50.0,49.7,50.3,0,0,15.77,19.9,14004,1,1,0,31.82
2972096,49.23,50.0,49.7,50.3,0,0,15.77,19.9,14504,1,1,0,31.82
2972602,49.24,50.0,49.7,50.3,0,0,15.84,19.85,15005,1,1,0,31.82
2973108,49.24,50.0,49.7,50.3,0,0,15.84,19.86,15506,1,1,0,31.82
2973614,49.21,50.0,49.7,50.3,0,0,16.1,19.86,16006,1,1,0,31.79
2974120,49.17,50.0,49.7,50.3,0,0,16.1,19.82,16506,1,1,0,31.8
2974626,49.16,50.0,49.7,50.3,0,0,16.07,19.82,17011,1,1,0,31.82
2975132,49.16,50.0,49.7,50.3,0,0,16.07,19.83,18017,1,1,0,31.82
2975638,49.16,50.0,49.7,50.3,0,0,16.07,19.83,18517,1,1,0,31.82
2976144,49.07,50.0,49.7,50.3,0,0,16.29,19.76,19017,1,1,0,31.77
2976650,49.05,50.0,49.7,50.3,0,0,16.63,19.78,19517,1,1,0,31.8
2977170,49.01,50.0,49.7,50.3,0,0,16.63,19.78,20017,1,1,0,31.79
2977677,49.01,50.0,49.7,50.3,0,0,16.63,19.76,20517,1,1,0,31.79
2978183,48.96,50.0,49.7,50.3,0,0,16.44,19.75,21017,1,1,0,31.8
2978689,48.96,50.0,49.7,50.3,0,0,16.85,19.75,21517,1,1,0,31.8
2979195,48.96,50.0,49.7,50.3,0,0,16.85,19.75,22017,1,1,0,31.8
2979701,48.92,50.0,49.7,50.3,0,0,16.76,19.74,22517,1,1,0,31.8
2980207,48.92,50.0,49.7,50.3,0,0,16.76,19.74,23020,1,1,0,31.8
2980713,48.87,50.0,49.7,50.3,0,0,16.98,19.72,23521,1,1,0,31.8
2981219,48.89,50.0,49.7,50.3,0,0,16.89,19.74,24022,1,1,0,31.82
2981725,48.89,50.0,49.7,50.3,0,0,16.89,19.74,24522,1,1,0,31.82
2982231,48.89,50.0,49.7,50.3,0,0,16.89,19.74,25022,1,1,0,31.82
2982737,48.82,50.0,49.7,50.3,0,0,17.41,19.72,25522,1,1,0,31.82
2983243,48.81,50.0,49.7,50.3,0,0,17.28,19.72,26022,1,1,0,31.8
2983749,48.81,50.0,49.7,50.3,0,0,17.28,19.7,26522,1,1,0,31.8
2984255,48.81,50.0,49.7,50.3,0,0,17.28,19.7,27022,1,1,0,31.8
2984761,48.81,50.0,49.7,50.3,0,0,17.3,19.7,27522,1,1,0,31.82
2985268,48.73,50.0,49.7,50.3,0,0,17.69,19.71,28022,1,1,0,31.82
2985775,48.73,50.0,49.7,50.3,0,0,17.69,19.69,28522,1,1,0,31.82
2986281,48.74,50.0,49.7,50.3,0,0,17.8,19.67,29022,1,1,0,31.79
2986787,48.76,50.0,49.7,50.3,0,0,17.84,19.67,29522,1,1,0,31.82
2987293,48.76,50.0,49.7,50.3,0,0,17.84,19.7,30022,1,1,0,31.82
2987799,48.7,50.0,49.7,50.3,0,0,17.95,19.65,30522,1,1,0,31.79
2988305,48.7,50.0,49.7,50.3,0,0,17.95,19.65,31022,1,1,0,31.79
2988811,48.73,50.0,49.7,50.3,0,0,18.01,19.69,31522,1,1,0,31.82
2989317,48.69,50.0,49.7,50.3,0,0,17.93,19.66,32022,1,1,0,31.8
2989823,48.71,50.0,49.7,50.3,0,0,18.1,19.67,32523,1,1,0,31.8
2990329,48.73,50.0,49.7,50.3,0,0,18.14,19.69,33027,1,1,0,31.82
2990835,48.73,50.0,49.7,50.3,0,0,18.14,19.69,33527,1,1,0,31.82
2991341,48.71,50.0,49.7,50.3,0,0,18.36,19.66,34027,1,0,0,31.79
2991847,48.69,50.0,49.7,50.3,0,0,18.36,19.66,34527,1,0,0,31.8
2992353,48.69,50.0,49.7,50.3,0,0,18.36,19.66,35027,1,0,0,31.8
2992859,48.67,50.0,49.7,50.3,0,0,17.88,19.66,35527,1,0,0,31.8
2993365,48.67,50.0,49.7,50.3,0,0,17.88,19.66,36027,1,1,0,31.8
2993871,48.76,50.0,49.7,50.3,0,0,18.62,19.7,36527,1,0,0,31.82
2994377,48.76,50.0,49.7,50.3,0,0,18.62,19.7,37027,1,0,0,31.82
2994883,48.66,50.0,49.7,50.3,0,0,18.66,19.7,37527,1,0,0,31.8
2995389,48.73,50.0,49.7,50.3,0,0,18.79,19.65,38027,1,0,0,31.8
2995895,48.74,50.0,49.7,50.3,0,0,18.92,19.67,38527,1,0,0,31.8
2996401,48.74,50.0,49.7,50.3,0,0,18.92,19.68,39027,1,0,0,31.8
2996907,48.7,50.0,49.7,50.3,0,0,18.62,19.68,39527,1,0,0,31.82
2997413,48.7,50.0,49.7,50.3,0,0,19.48,19.68,40027,1,0,0,31.79
2997919,48.7,50.0,49.7,50.3,0,0,19.48,19.65,40527,1,0,0,31.79
2998425,48.72,50.0,49.7,50.3,0,0,18.81,19.68,41027,1,0,0,31.82
2998931,48.7,50.0,49.7,50.3,0,0,19.13,19.68,41527,1,0,0,31.82
2999437,48.7,50.0,49.7,50.3,0,0,19.13,19.68,42027,1,0,0,31.82
2999943,48.7,50.0,49.7,50.3,0,0,19.13,19.68,42527,1,0,0,31.82
3000449,48.73,50.0,49.7,50.3,0,0,19.28,19.69,43027,1,0,0,31.82
3000955,48.74,50.0,49.7,50.3,0,0,19.41,19.68,43527,1,0,0,31.8
3001461,48.76,50.0,49.7,50.3,0,0,19.44,19.68,44027,1,0,0,31.82
3001967,48.74,50.0,49.7,50.3,0,0,19.67,19.7,44527,1,0,0,31.8
3002473,48.79,50.0,49.7,50.3,0,0,19.78,19.68,45027,1,0,0,31.8
3002979,48.79,50.0,49.7,50.3,0,0,19.78,19.7,45527,1,0,0,31.8
3003485,48.8,50.0,49.7,50.3,0,0,19.69,19.71,46027,1,0,0,31.82
3003991,48.79,50.0,49.7,50.3,0,0,19.69,19.71,46527,1,0,0,31.8
3004497,48.76,50.0,49.7,50.3,0,0,20.02,19.7,47027,1,0,0,31.82
3005004,48.82,50.0,49.7,50.3,0,0,19.82,19.7,47527,1,0,0,31.8
3005511,48.82,50.0,49.7,50.3,0,0,19.82,19.71,48027,1,0,0,31.8
3006017,48.82,50.0,49.7,50.3,0,0,19.82,19.71,48527,1,0,0,31.8
3006523,48.84,50.0,49.7,50.3,0,0,19.91,19.71,49027,1,0,0,31.8
3007029,48.84,50.0,49.7,50.3,0,0,19.91,19.71,49527,1,0,0,31.8
3007535,48.84,50.0,49.7,50.3,0,0,19.91,19.71,50027,1,0,0,31.8
3008041,48.88,50.0,49.7,50.3,0,0,20.21,19.75,50540,1,0,0,31.83
3008547,48.89,50.0,49.7,50.3,0,0,19.95,19.75,51040,1,0,0,31.8
3009053,48.89,50.0,49.7,50.3,0,0,19.95,19.73,51540,1,0,0,31.8
3009559,48.9,50.0,49.7,50.3,0,0,20.28,19.73,52040,1,0,0,31.8
3010065,48.9,50.0,49.7,50.3,0,0,20.28,19.73,52540,1,0,0,31.8
3010571,48.93,50.0,49.7,50.3,0,0,20.06,19.73,53040,1,0,0,31.8
3011077,48.92,50.0,49.7,50.3,0,0,20.43,19.74,53540,1,0,0,31.83
3011583,48.92,50.0,49.7,50.3,0,0,20.43,19.76,54040,1,0,0,31.83
3012089,48.96,50.0,49.7,50.3,0,0,20.84,19.76,54540,1,0,0,31.8
3012595,48.96,50.0,49.7,50.3,0,0,20.6,19.75,55040,1,0,0,31.82
3013101,48.96,50.0,49.7,50.3,0,0,20.81,19.76,55540,1,0,0,31.82
3013607,48.96,50.0,49.7,50.3,0,0,20.81,19.76,56040,1,0,0,31.82
3014113,49.0,50.0,49.7,50.3,0,0,20.66,19.76,56540,1,0,0,31.83
3014619,49.0,50.0,49.7,50.3,0,0,20.66,19.79,57040,1,0,0,31.83
3015125,49.0,50.0,49.7,50.3,0,0,20.66,19.79,57540,1,0,0,31.83
3015631,49.06,50.0,49.7,50.3,0,0,20.86,19.79,58040,1,0,0,31.8
3016137,49.06,50.0,49.7,50.3,0,0,20.86,19.79,58540,1,0,0,31.8
3016643,49.06,50.0,49.7,50.3,0,0,20.86,19.79,59040,1,0,0,31.8
3017149,49.05,50.0,49.7,50.3,0,0,20.97,19.79,59540,1,0,0,31.82
3017655,49.07,50.0,49.7,50.3,0,0,21.05,19.8,60540,1,0,0,31.82
3018161,49.07,50.0,49.7,50.3,0,0,21.05,19.8,61040,1,0,0,31.82
3018667,49.12,50.0,49.7,50.3,0,0,21.14,19.79,61540,1,0,0,31.79
3019173,49.08,50.0,49.7,50.3,0,0,21.18,19.79,62040,1,0,0,31.8
3019679,49.11,50.0,49.7,50.3,0,0,21.29,19.81,62540,1,0,0,31.82
3020185,49.11,50.0,49.7,50.3,0,0,21.29,19.81,63040,1,0,0,31.82
3020691,49.17,50.0,49.7,50.3,0,0,21.42,19.83,63540,1,0,0,31.82
3021197,49.16,50.0,49.7,50.3,0,0,21.31,19.83,64040,1,0,0,31.82
3021704,49.19,50.0,49.7,50.3,0,0,21.57,19.83,64540,1,0,0,31.82
3022211,49.19,50.0,49.7,50.3,0,0,21.57,19.84,65040,1,0,0,31.82
3022717,49.25,50.0,49.7,50.3,0,0,21.46,19.88,65540,1,0,0,31.85
3023223,49.27,50.0,49.7,50.3,0,0,21.51,19.85,66040,1,0,0,31.8
3023729,49.27,50.0,49.7,50.3,0,0,21.51,19.85,66540,1,0,0,31.8
3024235,49.26,50.0,49.7,50.3,0,0,21.64,19.86,67040,1,0,0,31.82
3024741,49.25,50.0,49.7,50.3,0,0,21.83,19.85,67540,1,0,0,31.8
3025247,49.31,50.0,49.7,50.3,0,0,21.74,19.85,68040,1,0,0,31.85
3025753,49.31,50.0,49.7,50.3,0,0,21.74,19.91,68540,1,0,0,31.85
3026259,49.35,50.0,49.7,50.3,0,0,21.83,19.89,69040,1,0,0,31.82
3026766,49.39,50.0,49.7,50.3,0,0,21.83,19.89,69541,1,0,0,31.8
3027273,49.39,50.0,49.7,50.3,0,0,21.83,19.89,70041,1,0,0,31.8
3027779,49.4,50.0,49.7,50.3,0,0,21.9,19.9,70541,1,0,0,31.8
3028285,49.35,50.0,49.7,50.3,0,0,21.85,19.88,71046,1,0,0,31.8
3028791,49.35,50.0,49.7,50.3,0,0,21.85,19.88,71546,1,0,0,31.8
3029297,49.43,50.0,49.7,50.3,0,0,22.07,19.92,72046,1,0,0,31.82
3029803,49.45,50.0,49.7,50.3,0,0,22.07,19.92,72546,1,0,0,31.82
3030309,49.45,50.0,49.7,50.3,0,0,22.07,19.92,73046,1,0,0,31.82
3030815,49.45,50.0,49.7,50.3,0,0,22.09,19.92,73546,1,0,0,31.82
3031321,49.42,50.0,49.7,50.3,0,0,22.2,19.92,74046,1,0,0,31.83
3031827,49.42,50.0,49.7,50.3,0,0,22.2,19.93,74546,1,0,0,31.83
3032333,49.52,50.0,49.7,50.3,0,0,22.33,19.95,75046,1,0,0,31.82
3032839,49.54,50.0,49.7,50.3,0,0,22.89,19.95,75546,1,0,0,31.82
3033345,49.54,50.0,49.7,50.3,0,0,22.89,19.95,76046,1,0,0,31.82
3033851,49.58,50.0,49.7,50.3,0,0,22.31,19.95,76546,1,0,0,31.83
3034357,49.58,50.0,49.7,50.3,0,0,22.31,19.98,77046,1,0,0,31.83
3034865,49.58,50.0,49.7,50.3,0,0,22.31,19.98,77546,1,0,0,31.83
3035371,49.62,50.0,49.7,50.3,0,0,22.61,19.98,78046,1,0,0,31.82
3035877,49.62,50.0,49.7,50.3,0,0,22.61,19.98,78546,1,0,0,31.82
3036383,49.59,50.0,49.7,50.3,0,0,22.59,19.97,79046,1,0,0,31.82
3036889,49.59,50.0,49.7,50.3,0,0,22.59,19.97,79546,1,0,0,31.82
3037395,49.68,50.0,49.7,50.3,0,0,22.85,19.97,80046,1,0,0,31.82
3037901,49.68,50.0,49.7,50.3,0,0,22.85,20.0,80546,1,0,0,31.82
3038407,49.68,50.0,49.7,50.3,0,0,22.85,20.0,81046,1,0,0,31.82
3038913,49.7,50.0,49.7,50.3,1,0,22.76,19.99,0,1,0,0,31.8
3039419,49.74,50.0,49.7,50.3,1,0,22.78,19.99,500,1,0,0,31.82
3039925,49.75,50.0,49.7,50.3,1,0,22.57,20.02,1000,1,0,0,31.8
3040431,49.75,50.0,49.7,50.3,1,0,22.57,20.01,1500,1,0,0,31.8
3040937,49.75,50.0,49.7,50.3,1,0,22.57,20.01,2000,1,0,0,31.8
3041443,49.79,50.0,49.7,50.3,1,0,22.78,20.01,2500,1,0,0,31.8
3041949,49.81,50.0,49.7,50.3,1,0,22.83,20.02,3000,1,0,0,31.8
3042463,49.82,50.0,49.7,50.3,1,0,22.85,20.03,3500,1,0,0,31.79
3042970,49.82,50.0,49.7,50.3,1,0,22.85,20.02,4000,1,0,0,31.79
3043476,49.85,50.0,49.7,50.3,1,0,22.74,20.05,4500,1,0,0,31.82
3043982,49.85,50.0,49.7,50.3,1,0,22.74,20.05,5000,1,0,0,31.82
3044488,49.87,50.0,49.7,50.3,1,0,22.85,20.05,5500,1,0,0,31.83
3044994,49.87,50.0,49.7,50.3,1,0,22.85,20.07,6000,1,0,0,31.83
3045500,49.85,50.0,49.7,50.3,1,0,22.68,20.07,6500,1,0,0,31.83
3046006,49.97,50.0,49.7,50.3,1,0,22.65,20.09,7000,1,0,0,31.82
3046522,49.94,50.0,49.7,50.3,1,0,22.55,20.09,7500,1,0,0,31.8
3047029,49.94,50.0,49.7,50.3,1,0,22.55,20.07,8000,1,0,0,31.8
3047535,49.97,50.0,49.7,50.3,1,0,22.61,20.07,8500,1,0,0,31.82
3048041,49.97,50.0,49.7,50.3,1,0,22.61,20.09,9000,1,0,0,31.82
3048547,50.04,50.0,49.7,50.3,1,0,22.11,20.09,9500,1,0,0,31.83
3049053,50.04,50.0,49.7,50.3,1,0,22.11,20.13,10000,1,0,0,31.83
3049559,50.0,50.0,49.7,50.3,1,0,22.35,20.13,10500,1,0,0,31.82
3050065,50.07,50.0,49.7,50.3,1,0,22.39,20.1,11000,1,0,0,31.83
3050579,50.07,50.0,49.7,50.3,1,0,21.94,20.14,11500,1,0,0,31.82
3051086,50.07,50.0,49.7,50.3,1,0,21.94,20.12,12000,1,0,0,31.82
3051592,50.11,50.0,49.7,50.3,1,0,21.87,20.12,12500,1,0,0,31.82
3052098,50.11,50.0,49.7,50.3,1,0,21.87,20.14,13000,1,0,0,31.82
3052604,50.16,50.0,49.7,50.3,1,0,21.87,20.14,13500,1,0,0,31.82
3053110,50.16,50.0,49.7,50.3,1,0,21.87,20.15,14000,1,0,0,31.82
3053616,50.16,50.0,49.7,50.3,1,0,21.77,20.15,14500,1,0,0,31.8
3054122,50.16,50.0,49.7,50.3,1,0,21.77,20.14,15000,1,0,0,31.8
3054628,50.16,50.0,49.7,50.3,1,0,21.64,20.14,15500,1,0,0,31.82
3055134,50.19,50.0,49.7,50.3,1,0,20.86,20.15,16000,1,0,0,31.8
3055640,50.19,50.0,49.7,50.3,1,0,20.86,20.15,16500,1,0,0,31.8
3056146,50.29,50.0,49.7,50.3,1,0,21.42,20.15,17000,1,0,0,31.85
3056652,50.29,50.0,49.7,50.3,1,0,21.42,20.22,17500,1,0,0,31.85
3057158,50.35,50.0,49.7,50.3,1,0,21.35,20.22,18000,1,0,0,31.83
3057664,50.35,50.0,49.7,50.3,1,0,21.35,20.23,19003,1,0,0,31.83
3058170,50.38,50.0,49.7,50.3,1,0,21.1,20.24,19503,1,0,0,31.83
3058676,50.38,50.0,49.7,50.3,1,0,21.1,20.24,20003,1,0,0,31.83
3059182,50.43,50.0,49.7,50.3,1,0,20.92,20.24,20503,1,0,0,31.82
3059688,50.43,50.0,49.7,50.3,1,0,20.92,20.24,21003,1,0,0,31.82
3060194,50.45,50.0,49.7,50.3,1,0,20.81,20.26,21503,1,0,0,31.83
3060700,50.45,50.0,49.7,50.3,1,0,20.81,20.26,22003,1,0,0,31.83
3061206,50.54,50.0,49.7,50.3,1,0,20.12,20.26,22503,1,0,0,31.8
3061712,50.54,50.0,49.7,50.3,1,0,20.12,20.26,23003,1,0,0,31.8
3062219,50.54,50.0,49.7,50.3,1,0,20.12,20.26,23503,1,0,0,31.8
3062725,50.62,50.0,49.7,50.3,1,0,20.43,20.31,24003,1,0,0,31.83
3063231,50.62,50.0,49.7,50.3,1,0,20.43,20.31,24503,1,0,0,31.83
3063737,50.66,50.0,49.7,50.3,1,0,20.3,20.32,25003,1,0,0,31.82
3064243,50.76,50.0,49.7,50.3,1,0,20.28,20.36,25516,1,0,0,31.83
3064749,50.76,50.0,49.7,50.3,1,0,20.28,20.36,26016,1,0,0,31.83
3065255,50.75,50.0,49.7,50.3,1,0,20.1,20.34,26516,1,0,0,31.82
3065761,50.75,50.0,49.7,50.3,1,0,20.1,20.34,27016,1,0,0,31.82
3066267,50.81,50.0,49.7,50.3,1,0,20.69,20.36,27516,1,0,0,31.82
3066773,50.81,50.0,49.7,50.3,1,0,19.95,20.39,28016,1,0,0,31.85
