timestamp,raw_hum,filtered_hum,current_tick,prev_tick,v,turn_on_thres,turn_off_thres,peltier,cold_fan,ntc_temp,dew_point
15163,69.55,69.55,15014,15014,0.0,49.99,49.98,1,0,24.75,25.61
15669,69.55,69.55,15014,15014,0.0,49.99,49.98,1,0,24.75,25.61
16175,69.58,69.55,16014,16014,0.0,49.99,49.99,1,0,24.62,25.61
16681,69.58,69.55,16014,16014,0.0,49.99,49.99,1,0,24.62,25.61
17187,69.58,69.57,17014,17014,0.02,49.87,49.83,1,0,24.62,25.63
17693,69.5,69.57,17014,17014,0.02,49.87,49.83,1,0,24.57,25.63
18199,69.5,69.52,18014,18014,0.0,50.25,50.32,1,0,24.57,25.62
18705,69.5,69.52,18014,18014,0.0,50.25,50.32,1,0,24.57,25.62
19211,69.56,69.55,19014,19014,0.02,49.85,49.81,1,0,24.14,25.64
19717,69.56,69.55,19014,19014,0.02,49.85,49.81,1,0,24.14,25.64
20223,69.56,69.56,20014,20014,0.0,49.95,49.93,1,0,24.14,25.64
20729,69.54,69.56,20014,20014,0.0,49.95,49.93,1,0,23.72,25.64
21235,69.54,69.55,21014,21014,0.0,50.06,50.07,1,0,23.72,25.62
21741,69.57,69.55,21014,21014,0.0,50.06,50.07,1,0,23.72,25.62
22247,69.57,69.57,22014,22014,0.01,49.9,49.88,1,0,23.72,25.64
22753,69.57,69.57,22014,22014,0.01,49.9,49.88,1,0,23.72,25.64
23259,69.58,69.58,23014,23014,0.01,49.93,49.92,1,0,23.65,25.63
23765,69.58,69.58,23014,23014,0.01,49.93,49.92,1,0,23.65,25.63
24271,69.58,69.58,24014,24014,0.0,49.97,49.97,1,0,23.65,25.63
24777,69.56,69.58,24014,24014,0.0,49.97,49.97,1,0,23.18,25.63
25283,69.56,69.57,25014,25014,0.0,50.05,50.07,1,0,23.18,25.64
25789,69.56,69.57,25014,25014,0.0,50.05,50.07,1,0,23.18,25.64
26295,69.61,69.6,26014,26014,0.02,49.85,49.8,1,0,22.85,25.67
26801,69.61,69.6,26014,26014,0.02,49.85,49.8,1,0,22.85,25.67
27307,69.61,69.61,27014,27014,0.0,49.95,49.93,1,0,22.85,25.67
27813,69.57,69.61,27014,27014,0.0,49.95,49.93,1,0,22.74,25.67
28319,69.57,69.59,28016,28016,0.0,50.12,50.15,1,0,22.74,25.63
28825,69.57,69.59,28016,28016,0.0,50.12,50.15,1,0,22.57,25.63
29331,69.57,69.58,29017,29017,0.0,50.04,50.05,1,0,22.57,25.63
29837,69.57,69.58,29017,29017,0.0,50.04,50.05,1,0,22.57,25.63
30343,69.59,69.57,30017,30017,0.0,50.01,50.01,1,0,22.33,25.63
30849,69.59,69.57,30017,30017,0.0,50.01,50.01,1,0,22.33,25.63
31355,69.56,69.58,31017,31017,0.0,49.95,49.93,1,0,22.48,25.66
31861,69.56,69.58,31017,31017,0.0,49.95,49.93,1,0,22.48,25.66
32367,69.56,69.57,32017,32017,0.0,50.08,50.1,1,0,22.48,25.67
32873,69.53,69.57,32017,32017,0.0,50.08,50.1,1,0,21.9,25.67
33379,69.53,69.54,33017,33017,0.0,50.11,50.15,1,0,21.9,25.63
33885,69.51,69.54,33017,33017,0.0,50.11,50.15,1,0,22.29,25.63
34391,69.51,69.52,34017,34017,0.0,50.1,50.13,1,0,22.29,25.64
34897,69.51,69.52,34017,34017,0.0,50.1,50.13,1,0,22.29,25.64
35403,69.47,69.52,35017,35017,0.0,50.03,50.04,1,0,21.61,25.64
35909,69.47,69.52,35017,35017,0.0,50.03,50.04,1,0,21.61,25.64
36415,69.47,69.48,36017,36017,0.0,50.16,50.21,1,0,21.61,25.63
36921,69.43,69.48,36017,36017,0.0,50.16,50.21,1,0,21.31,25.63
37427,69.43,69.45,37017,37017,0.0,50.18,50.24,1,0,21.31,25.6
37933,69.34,69.45,37017,37017,0.0,50.18,50.24,1,0,21.12,25.6
38439,69.34,69.37,38017,38017,0.0,50.37,50.48,1,0,21.12,25.6
38945,69.34,69.37,38017,38017,0.0,50.37,50.48,1,0,21.12,25.6
39451,69.27,69.31,39019,39019,0.0,50.33,50.43,1,0,20.97,25.57
39957,69.27,69.31,39019,39019,0.0,50.33,50.43,1,0,20.97,25.57
40463,69.27,69.28,40020,40020,0.0,50.1,50.14,1,0,20.97,25.57
40969,69.19,69.28,40020,40020,0.0,50.1,50.14,1,0,21.07,25.57
41475,69.19,69.22,41020,41020,0.0,50.3,50.39,1,0,21.07,25.57
41981,69.07,69.22,41020,41020,0.0,50.3,50.39,1,0,20.56,25.57
42487,69.07,69.12,42020,42020,0.0,50.5,50.66,1,0,20.56,25.52
42993,68.99,69.12,42020,42020,0.0,50.5,50.66,1,0,20.47,25.52
43499,68.99,69.03,43020,43020,0.0,50.44,50.57,1,1,20.47,25.5
44005,68.99,69.03,43020,43020,0.0,50.44,50.57,1,1,20.47,25.5
44511,68.92,69.0,44020,44020,0.0,50.14,50.19,1,1,20.49,25.5
45017,68.92,69.0,44020,44020,0.0,50.14,50.19,1,1,20.49,25.5
45523,68.84,68.95,45023,45023,0.0,50.26,50.34,1,1,21.16,25.51
46029,68.84,68.88,46023,46023,0.0,50.36,50.47,1,1,21.16,25.48
46535,68.84,68.88,46023,46023,0.0,50.36,50.47,1,1,21.16,25.48
47041,67.82,68.17,47023,47023,0.0,53.53,54.59,1,1,21.55,25.19
47547,67.82,68.17,47023,47023,0.0,53.53,54.59,1,1,21.55,25.19
48053,66.94,67.94,48023,48023,0.0,51.16,51.51,1,1,21.64,25.19
48559,66.94,67.94,48023,48023,0.0,51.16,51.51,1,1,21.64,25.19
49065,66.94,67.27,49023,49023,0.0,53.32,54.32,1,1,21.64,24.97
49571,66.94,67.27,49023,49023,0.0,53.32,54.32,1,1,21.64,24.97
50077,65.3,65.95,50023,50023,0.0,56.6,58.59,1,1,21.59,24.48
50583,65.3,65.95,50023,50023,0.0,56.6,58.59,1,1,21.59,24.48
51089,65.3,65.51,51023,51023,0.0,52.18,52.83,1,1,21.59,24.48
51595,64.14,65.51,51023,51023,0.0,52.18,52.83,1,1,21.55,24.48
52101,64.14,64.59,52023,52023,0.0,54.59,55.97,1,1,21.55,24.16
52607,63.3,64.59,52023,52023,0.0,54.59,55.97,1,1,21.53,24.16
53113,63.3,63.72,53023,53023,0.0,54.34,55.64,1,1,21.53,23.94
53619,63.3,63.72,53023,53023,0.0,54.34,55.64,1,1,21.53,23.94
54125,63.3,63.44,54023,54023,0.0,51.43,51.86,1,1,21.53,23.94
54631,62.0,63.44,54023,54023,0.0,51.43,51.86,1,1,21.7,23.94
55137,62.0,62.48,55023,55023,0.0,54.8,56.25,1,0,21.7,23.53
55643,61.25,62.48,55023,55023,0.0,54.8,56.25,1,0,21.53,23.53
56149,61.25,61.66,56023,56023,0.0,54.1,55.33,1,0,21.53,23.33
56655,61.25,61.66,56023,56023,0.0,54.1,55.33,1,0,21.53,23.33
57161,61.25,61.39,57023,57023,0.0,51.35,51.75,1,0,21.53,23.33
57667,60.38,61.39,57023,57023,0.0,51.35,51.75,1,0,21.27,23.33
58173,60.38,60.71,58023,58023,0.0,53.37,54.38,1,0,21.27,23.05
58679,60.02,60.71,58023,58023,0.0,53.37,54.38,1,0,20.79,23.05
59185,60.02,60.25,59023,59023,0.0,52.29,52.98,1,0,20.79,22.93
59691,60.02,60.25,59023,59023,0.0,52.29,52.98,1,0,20.79,22.93
60196,60.02,60.1,60023,60023,0.0,50.75,50.98,1,0,20.79,22.93
60702,60.02,60.1,60023,60023,0.0,50.75,50.98,1,0,20.79,22.93
61208,60.02,60.05,61023,61023,0.0,50.25,50.32,1,0,20.79,22.93
61714,59.83,60.05,61023,61023,0.0,50.25,50.32,1,0,20.02,22.93
62220,59.83,59.9,62023,62023,0.0,50.73,50.95,1,0,20.02,22.9
62726,59.83,59.9,62023,62023,0.0,50.73,50.95,1,0,20.02,22.9
63232,59.81,59.84,63023,63023,0.0,50.31,50.41,1,0,19.74,22.91
63738,59.81,59.84,63023,63023,0.0,50.31,50.41,1,0,19.74,22.91
64244,59.81,59.82,64023,64023,0.0,50.1,50.13,1,0,19.74,22.91
64750,59.75,59.82,64023,64023,0.0,50.1,50.13,1,0,19.61,22.91
65256,59.75,59.77,65023,65023,0.0,50.2,50.27,1,0,19.61,22.88
65762,59.75,59.77,65023,65023,0.0,50.2,50.27,1,0,19.61,22.88
66268,59.69,59.72,66023,66023,0.0,50.28,50.36,1,0,19.44,22.86
66774,59.69,59.72,66023,66023,0.0,50.28,50.36,1,0,19.44,22.86
67280,59.69,59.7,67024,67024,0.0,50.09,50.12,1,0,19.44,22.86
67786,59.65,59.7,67024,67024,0.0,50.09,50.12,1,0,19.2,22.86
68292,59.65,59.67,68024,68024,0.0,50.15,50.19,1,0,19.2,22.85
68798,59.65,59.67,68024,68024,0.0,50.15,50.19,1,0,19.09,22.85
69304,59.65,59.65,69024,69024,0.0,50.07,50.09,1,0,19.09,22.87
69810,59.62,59.65,69024,69024,0.0,50.07,50.09,1,0,19.05,22.87
70316,59.62,59.63,70024,70024,0.0,50.12,50.15,1,0,19.05,22.84
70822,59.62,59.63,70024,70024,0.0,50.12,50.15,1,0,19.05,22.84
71328,59.62,59.62,71024,71024,0.0,50.04,50.05,1,0,19.05,22.84
71834,59.62,59.62,71024,71024,0.0,50.04,50.05,1,0,19.05,22.84
72340,59.62,59.62,72024,72024,0.0,50.01,50.01,1,0,19.16,22.84
72846,59.62,59.62,72024,72024,0.0,50.01,50.01,1,0,19.16,22.84
73352,59.62,59.62,73024,73024,0.0,49.98,49.98,1,0,19.16,22.87
73858,59.65,59.62,73024,73024,0.0,49.98,49.98,1,0,18.47,22.87
74364,59.65,59.64,74024,74024,0.02,49.88,49.84,1,0,18.47,22.86
74870,59.65,59.64,74024,74024,0.02,49.88,49.84,1,0,18.47,22.86
75376,59.65,59.65,75024,75024,0.0,49.96,49.95,1,0,18.19,22.86
75882,59.65,59.65,75024,75024,0.0,49.96,49.95,1,0,18.19,22.86
76388,59.69,59.65,76024,76024,0.0,49.98,49.98,1,0,17.97,22.86
76894,59.69,59.65,76024,76024,0.0,49.98,49.98,1,0,17.97,22.86
77400,59.69,59.68,77024,77024,0.02,49.87,49.83,1,0,17.97,22.87
77906,59.71,59.68,77024,77024,0.02,49.87,49.83,1,0,17.63,22.87
78412,59.71,59.7,78024,78024,0.01,49.9,49.87,1,1,17.63,22.89
78918,59.73,59.7,78024,78024,0.01,49.9,49.87,1,1,17.97,22.89
79424,59.73,59.72,79024,79024,0.01,49.9,49.87,1,1,17.97,22.92
79930,59.73,59.72,79024,79024,0.01,49.9,49.87,1,1,17.97,22.92
80436,59.71,59.72,80024,80024,0.0,49.96,49.95,1,1,18.62,22.92
80942,59.71,59.72,80024,80024,0.0,49.96,49.95,1,1,18.62,22.92
81448,59.14,59.71,81024,81024,0.0,50.06,50.07,1,1,18.96,22.88
81954,59.14,59.71,81024,81024,0.0,50.06,50.07,1,1,18.96,22.88
82460,58.4,59.33,82024,82024,0.0,51.91,52.48,1,1,19.2,22.72
82966,58.4,59.33,82024,82024,0.0,51.91,52.48,1,1,19.2,22.72
83472,58.4,58.71,83024,83024,0.0,53.11,54.04,1,1,19.2,22.49
83978,57.56,58.71,83024,83024,0.0,53.11,54.04,1,1,19.44,22.49
84484,57.56,57.94,84024,84024,0.0,53.84,55.0,1,1,19.44,22.23
84990,57.56,57.94,84024,84024,0.0,53.84,55.0,1,1,19.44,22.23
85496,56.5,57.68,85024,85024,0.0,51.27,51.65,1,1,19.52,22.23
86002,56.5,57.68,85024,85024,0.0,51.27,51.65,1,1,19.52,22.23
86508,55.82,56.89,86024,86024,0.0,53.97,55.16,1,1,19.91,21.89
87014,55.82,56.89,86024,86024,0.0,53.97,55.16,1,1,19.91,21.89
87520,55.2,56.17,87024,87024,0.0,53.58,54.66,1,0,19.93,21.68
88027,55.2,55.52,88027,88027,0.0,53.25,54.23,1,0,19.93,21.46
88533,55.2,55.52,88027,88027,0.0,53.25,54.23,1,0,19.93,21.46
89039,54.58,54.89,89027,89027,0.0,53.13,54.07,1,0,19.52,21.26
89545,54.58,54.89,89027,89027,0.0,53.13,54.07,1,0,19.52,21.26
90051,54.58,54.68,90027,90027,0.0,51.03,51.34,1,0,19.52,21.26
90557,54.19,54.68,90027,90027,0.0,51.03,51.34,1,0,19.09,21.26
91063,54.19,54.35,91027,91027,0.0,51.64,52.13,1,0,19.09,21.13
91569,53.95,54.35,91027,91027,0.0,51.64,52.13,1,0,18.83,21.13
92075,53.95,54.09,92027,92027,0.0,51.34,51.74,1,0,18.83,21.06
92581,53.87,54.09,92027,92027,0.0,51.34,51.74,1,0,18.38,21.06
93087,53.87,53.94,93027,93027,0.0,50.73,50.95,1,0,18.38,21.04
93593,53.87,53.94,93027,93027,0.0,50.73,50.95,1,0,18.38,21.04
94099,53.79,53.84,94027,94027,0.0,50.5,50.65,1,0,18.16,21.01
94605,53.79,53.84,94027,94027,0.0,50.5,50.65,1,0,18.16,21.01
95111,53.79,53.81,95027,95027,0.0,50.16,50.21,1,0,18.16,21.01
95617,53.76,53.81,95027,95027,0.0,50.16,50.21,1,0,17.86,21.01
96123,53.76,53.78,96027,96027,0.0,50.14,50.18,1,0,17.86,20.99
96629,53.76,53.78,96027,96027,0.0,50.14,50.18,1,0,17.86,20.99
97135,53.69,53.72,97027,97027,0.0,50.29,50.37,1,0,17.76,20.99
97641,53.69,53.72,97027,97027,0.0,50.29,50.37,1,0,17.76,20.99
98147,53.73,53.7,98027,98027,0.0,50.09,50.12,1,0,17.5,20.99
98653,53.73,53.7,98027,98027,0.0,50.09,50.12,1,0,17.5,20.99
99159,53.73,53.72,99027,99027,0.01,49.9,49.88,1,0,17.5,20.99
99665,53.73,53.72,99027,99027,0.01,49.9,49.88,1,0,17.5,20.99
100171,53.81,53.72,100027,100027,0.0,49.97,49.96,1,0,17.2,20.99
100678,53.81,53.72,100027,100027,0.0,49.97,49.96,1,0,17.2,20.99
101184,53.81,53.78,101027,101027,0.06,49.69,49.6,1,0,17.2,21.02
101690,53.81,53.78,101027,101027,0.06,49.69,49.6,1,0,17.2,21.02
102196,53.81,53.8,102027,102027,0.01,49.9,49.87,1,0,17.2,21.02
102702,53.81,53.8,102027,102027,0.01,49.9,49.87,1,0,17.2,21.02
103208,53.81,53.81,103027,103027,0.0,49.96,49.95,1,0,17.2,21.02
103714,53.88,53.81,103027,103027,0.0,49.96,49.95,1,0,17.0,21.02
104220,53.88,53.86,104027,104027,0.04,49.77,49.7,1,0,17.0,21.04
104726,53.94,53.86,104027,104027,0.04,49.77,49.7,1,0,16.85,21.04
105232,53.94,53.91,105027,105027,0.05,49.71,49.63,1,0,16.85,21.07
105738,53.94,53.91,105027,105027,0.05,49.71,49.63,1,0,16.85,21.07
106244,54.0,53.97,106027,106027,0.05,49.72,49.63,1,0,16.66,21.1
106750,54.0,53.97,106027,106027,0.05,49.72,49.63,1,0,16.66,21.1
107256,54.0,53.99,107027,107027,0.01,49.9,49.88,1,0,16.92,21.1
107762,54.0,53.99,107027,107027,0.01,49.9,49.88,1,0,16.92,21.1
108268,54.0,53.99,108027,108027,0.0,49.96,49.96,1,0,16.92,21.1
108774,54.16,53.99,108027,108027,0.0,49.96,49.96,1,0,16.42,21.1
109281,54.16,54.1,109027,109027,0.11,49.44,49.28,1,0,16.42,21.16
109787,54.16,54.1,109027,109027,0.11,49.44,49.28,1,0,16.42,21.16
110293,54.13,54.12,110027,110027,0.02,49.89,49.86,1,0,16.38,21.14
110799,54.13,54.12,110027,110027,0.02,49.89,49.86,1,0,16.38,21.14
111305,54.13,54.13,111027,111027,0.0,49.96,49.95,1,0,16.38,21.14
111811,54.23,54.13,111027,111027,0.0,49.96,49.95,1,0,16.16,21.14
112317,54.23,54.2,112027,112027,0.06,49.65,49.54,1,1,16.16,21.18
112823,54.23,54.2,112027,112027,0.06,49.65,49.54,1,1,16.16,21.18
113329,54.29,54.22,113027,113027,0.02,49.88,49.85,1,1,16.14,21.18
113835,54.29,54.22,113027,113027,0.02,49.88,49.85,1,1,16.14,21.18
114341,54.31,54.27,114027,114027,0.04,49.77,49.71,1,1,16.87,21.21
114847,54.31,54.27,114027,114027,0.04,49.77,49.71,1,1,16.87,21.21
115353,54.31,54.3,115027,115027,0.02,49.85,49.8,1,1,16.87,21.21
115859,53.71,54.3,115027,115027,0.02,49.85,49.8,1,1,17.52,21.21
116365,53.71,53.9,116027,116027,0.0,51.97,52.56,1,1,17.52,21.01
116871,52.9,53.9,116027,116027,0.0,51.97,52.56,1,1,17.65,21.01
117377,52.9,53.23,117027,117027,0.0,53.36,54.37,0,0,17.65,20.7
117883,52.9,53.23,117027,117027,0.0,53.36,54.37,0,0,17.65,20.7
118389,52.09,52.47,118027,118027,0.0,53.8,54.95,0,0,17.8,20.46
118895,52.09,52.47,118027,118027,0.0,53.8,54.95,0,0,17.8,20.46
119401,51.52,52.21,119027,119027,0.0,51.25,51.63,0,0,17.41,20.46
119907,51.52,52.21,119027,119027,0.0,51.25,51.63,0,0,17.41,20.46
120413,51.06,51.75,120027,120027,0.0,52.33,53.03,0,0,17.24,20.24
120919,51.06,51.75,120027,120027,0.0,52.33,53.03,0,0,17.24,20.24
121425,51.06,51.28,121027,121027,0.0,52.31,53.01,0,0,17.24,20.09
121931,50.76,51.28,121027,121027,0.0,52.31,53.01,0,0,16.98,20.09
122437,50.76,50.93,122027,122027,0.0,51.75,52.28,0,0,16.98,20.0
122943,50.76,50.93,122027,122027,0.0,51.75,52.28,0,0,16.98,20.0
123449,50.68,50.82,123027,123027,0.0,50.57,50.75,1,0,16.92,20.0
123955,50.68,50.82,123027,123027,0.0,50.57,50.75,1,0,16.92,20.0
124461,50.74,50.72,124027,124027,0.0,50.46,50.6,1,0,16.87,19.97
124967,50.74,50.72,124027,124027,0.0,50.46,50.6,1,0,16.87,19.97
125473,50.7,50.73,125027,125027,0.0,49.95,49.94,1,0,16.74,20.0
125980,50.7,50.73,125027,125027,0.0,49.95,49.94,1,0,16.74,20.0
126486,50.7,50.71,126027,126027,0.0,50.09,50.12,1,0,16.74,19.97
126992,50.73,50.71,126027,126027,0.0,50.09,50.12,1,0,16.92,19.97
127498,50.73,50.73,127027,127027,0.01,49.93,49.92,1,0,16.92,19.97
128004,50.67,50.73,127027,127027,0.01,49.93,49.92,1,0,16.83,19.97
128510,50.67,50.69,128027,128027,0.0,50.18,50.24,1,0,16.83,19.99
129016,50.68,50.69,128027,128027,0.0,50.18,50.24,1,0,16.74,19.99
129522,50.68,50.68,129027,129027,0.0,50.03,50.04,1,0,16.74,19.97
130028,50.68,50.68,130027,130027,0.0,50.01,50.01,1,0,16.74,19.97
130534,50.68,50.68,130027,130027,0.0,50.01,50.01,1,0,16.79,19.97
131040,50.68,50.68,131027,131027,0.0,49.98,49.98,1,0,16.79,20.0
131546,50.71,50.68,131027,131027,0.0,49.98,49.98,1,0,16.61,20.0
132052,50.71,50.7,132027,132027,0.01,49.9,49.88,1,0,16.61,20.0
132558,50.76,50.7,132027,132027,0.01,49.9,49.88,1,0,16.74,20.0
133064,50.76,50.74,133027,133027,0.04,49.78,49.72,1,0,16.74,20.02
133570,50.76,50.74,133027,133027,0.04,49.78,49.72,1,0,16.74,20.02
134076,50.76,50.76,134027,134027,0.01,49.92,49.9,1,0,16.74,20.02
134582,50.82,50.76,134027,134027,0.01,49.92,49.9,1,0,16.57,20.02
135088,50.82,50.8,135027,135027,0.04,49.79,49.73,1,0,16.57,20.05
135594,50.92,50.8,135027,135027,0.04,49.79,49.73,1,0,16.2,20.05
136100,50.92,50.88,136027,136027,0.08,49.58,49.46,1,0,16.2,20.06
136606,50.92,50.88,136027,136027,0.08,49.58,49.46,1,0,16.2,20.06
137112,50.92,50.91,137027,137027,0.02,49.86,49.82,1,0,16.2,20.06
137618,50.95,50.91,137027,137027,0.02,49.86,49.82,1,0,16.22,20.06
138124,50.95,50.94,138027,138027,0.02,49.85,49.8,1,0,16.22,20.07
138630,50.95,50.94,138027,138027,0.02,49.85,49.8,1,0,16.22,20.07
139136,51.07,51.03,139027,139027,0.09,49.53,49.39,1,0,16.12,20.12
139642,51.07,51.03,139027,139027,0.09,49.53,49.39,1,0,16.12,20.12
140148,51.18,51.13,140027,140027,0.1,49.47,49.32,1,0,16.03,20.16
140654,51.18,51.13,140027,140027,0.1,49.47,49.32,1,0,16.03,20.16
141160,51.18,51.17,141027,141027,0.03,49.82,49.77,1,0,16.03,20.16
141666,51.18,51.17,141027,141027,0.03,49.82,49.77,1,0,16.03,20.16
142172,51.18,51.18,142027,142027,0.01,49.94,49.92,1,0,16.03,20.16
142678,51.18,51.18,142027,142027,0.01,49.94,49.92,1,0,16.03,20.16
143184,51.28,51.24,143027,143027,0.06,49.66,49.57,1,0,16.29,20.19
143690,51.28,51.24,143027,143027,0.06,49.66,49.57,1,0,16.29,20.19
144196,51.28,51.27,144027,144027,0.02,49.89,49.85,1,0,16.29,20.19
144702,51.28,51.27,144027,144027,0.02,49.89,49.85,1,0,16.29,20.19
145208,51.28,51.27,145027,145027,0.0,49.96,49.95,1,0,16.29,20.19
145714,51.25,51.27,145027,145027,0.0,49.96,49.95,1,0,15.68,20.19
146220,51.25,51.26,146027,146027,0.0,50.06,50.08,1,0,15.68,20.21
146726,51.25,51.26,146027,146027,0.0,50.06,50.08,1,0,15.68,20.21
147232,51.25,51.26,147027,147027,0.0,50.02,50.02,1,0,15.73,20.21
147738,51.25,51.26,147027,147027,0.0,50.02,50.02,1,0,15.73,20.21
148244,51.25,51.26,148027,148027,0.0,50.0,50.0,1,0,15.53,20.23
148750,51.25,51.26,148027,148027,0.0,50.0,50.0,1,0,15.53,20.23
149256,51.25,51.25,149027,149027,0.0,50.0,50.0,1,0,15.53,20.23
149762,51.23,51.25,149027,149027,0.0,50.0,50.0,1,0,15.16,20.23
150268,51.23,51.24,150027,150027,0.0,50.08,50.1,1,1,15.16,20.22
150774,51.23,51.24,150027,150027,0.0,50.08,50.1,1,1,15.16,20.22
151280,51.23,51.23,151028,151028,0.0,50.02,50.03,1,1,15.16,20.22
151786,51.27,51.23,151028,151028,0.0,50.02,50.03,1,1,15.55,20.22
152292,51.27,51.26,152029,152029,0.02,49.88,49.84,1,1,15.55,20.22
152798,51.16,51.26,152029,152029,0.02,49.88,49.84,1,1,16.31,20.22
153304,51.16,51.19,153029,153029,0.0,50.33,50.43,1,1,16.31,20.16
153810,51.16,51.19,153029,153029,0.0,50.33,50.43,1,1,16.31,20.16
154316,50.22,51.17,154029,154029,0.0,50.11,50.14,1,1,16.76,20.16
154822,50.22,51.17,154029,154029,0.0,50.11,50.14,1,1,16.76,20.16
155328,50.22,50.53,155029,155029,0.0,53.16,54.11,0,0,16.76,19.85
155834,50.22,50.53,155029,155029,0.0,53.16,54.11,0,0,16.76,19.85
156340,50.22,50.33,156029,156029,0.0,51.04,51.35,0,0,16.76,19.85
156846,49.0,50.33,156029,156029,0.0,51.04,51.35,0,0,16.96,19.85
157352,49.0,49.44,157029,157029,0.0,54.43,55.76,0,0,16.96,19.41
157858,48.56,49.44,157029,157029,0.0,54.43,55.76,0,0,16.72,19.41
158364,48.56,48.85,158029,158029,0.0,52.95,53.84,0,0,16.72,19.26
158870,48.56,48.85,158029,158029,0.0,52.95,53.84,0,0,16.72,19.26
159376,48.3,48.48,159029,159029,0.0,51.84,52.4,0,0,16.51,19.14
159882,48.3,48.48,159029,159029,0.0,51.84,52.4,0,0,16.51,19.14
160388,48.3,48.36,160029,160029,0.0,50.61,50.79,0,0,16.51,19.14
160894,48.09,48.36,160029,160029,0.0,50.61,50.79,0,0,16.31,19.14
161400,48.09,48.18,161029,161029,0.0,50.87,51.13,0,0,16.31,19.09
161906,48.09,48.18,161029,161029,0.0,50.87,51.13,0,0,16.31,19.09
162412,48.16,48.12,162029,162029,0.0,50.28,50.37,0,0,16.12,19.09
162918,48.16,48.12,162029,162029,0.0,50.28,50.37,0,0,16.12,19.09
163424,48.16,48.15,163029,163029,0.02,49.87,49.83,0,0,16.12,19.11
163930,48.19,48.15,163029,163029,0.02,49.87,49.83,0,0,16.12,19.11
164436,48.19,48.18,164029,164029,0.02,49.85,49.81,0,0,16.12,19.12
164942,48.25,48.18,164029,164029,0.02,49.85,49.81,0,0,16.12,19.12
165449,48.25,48.22,165029,165029,0.04,49.76,49.69,0,0,16.12,19.15
165955,48.25,48.22,165029,165029,0.04,49.76,49.69,0,0,16.12,19.15
166461,48.19,48.24,166029,166029,0.01,49.92,49.9,0,0,16.33,19.15
166967,48.19,48.24,166029,166029,0.01,49.92,49.9,0,0,16.33,19.15
167473,48.19,48.21,167029,167029,0.0,50.15,50.2,0,0,16.33,19.12
167979,48.19,48.21,167029,167029,0.0,50.15,50.2,0,0,16.33,19.12
168485,48.15,48.2,168029,168029,0.0,50.05,50.06,0,0,16.57,19.12
168991,48.15,48.2,168029,168029,0.0,50.05,50.06,0,0,16.57,19.12
169497,48.15,48.16,169029,169029,0.0,50.15,50.2,0,0,16.57,19.1
170003,48.24,48.16,169029,169029,0.0,50.15,50.2,0,0,16.63,19.1
170509,48.24,48.22,170032,170032,0.05,49.74,49.66,0,0,16.63,19.13
171015,48.36,48.22,170032,170032,0.05,49.74,49.66,0,0,16.87,19.13
171522,48.36,48.31,171032,171032,0.09,49.53,49.39,0,0,16.87,19.2
172028,48.36,48.31,171032,171032,0.09,49.53,49.39,0,0,16.87,19.2
172534,48.43,48.34,172034,172034,0.03,49.84,49.8,0,0,17.07,19.2
173040,48.43,48.4,173034,173034,0.06,49.68,49.58,0,0,17.07,19.21
173546,48.43,48.4,173034,173034,0.06,49.68,49.58,0,0,17.07,19.21
174052,48.46,48.44,174034,174034,0.03,49.81,49.76,0,0,17.11,19.21
174558,48.46,48.44,174034,174034,0.03,49.81,49.76,0,0,17.11,19.21
175064,48.46,48.45,175034,175034,0.01,49.94,49.92,0,0,17.11,19.21
175570,48.53,48.45,175034,175034,0.01,49.94,49.92,0,0,17.13,19.21
176076,48.53,48.5,176034,176034,0.05,49.74,49.66,0,0,17.13,19.24
176582,48.53,48.5,176034,176034,0.05,49.74,49.66,0,0,17.13,19.24
177088,48.62,48.58,177034,177034,0.07,49.6,49.48,0,0,17.86,19.26
177594,48.62,48.58,177034,177034,0.07,49.6,49.48,0,0,17.86,19.26
178100,48.66,48.64,178034,178034,0.05,49.73,49.64,0,0,17.8,19.3
178606,48.66,48.64,178034,178034,0.05,49.73,49.64,0,0,17.8,19.3
179112,48.66,48.65,179034,179034,0.01,49.91,49.88,0,0,17.8,19.3
179618,48.66,48.65,179034,179034,0.01,49.91,49.88,0,0,17.8,19.3
180124,48.76,48.73,180034,180034,0.07,49.63,49.52,0,0,17.97,19.35
180630,48.76,48.73,180034,180034,0.07,49.63,49.52,0,0,17.97,19.35
181136,48.84,48.8,181034,181034,0.07,49.61,49.49,0,0,18.19,19.36
181642,48.84,48.8,181034,181034,0.07,49.61,49.49,0,0,18.19,19.36
182148,48.87,48.85,182034,182034,0.04,49.78,49.71,0,0,18.21,19.38
182654,48.87,48.85,182034,182034,0.04,49.78,49.71,0,0,18.21,19.38
183160,48.87,48.86,183034,183034,0.01,49.92,49.9,0,0,18.21,19.38
183666,48.89,48.86,183034,183034,0.01,49.92,49.9,0,0,18.49,19.38
184172,48.89,48.88,184034,184034,0.01,49.91,49.89,0,0,18.49,19.4
184678,48.92,48.88,184034,184034,0.01,49.91,49.89,0,0,18.68,19.4
185184,48.92,48.91,185034,185034,0.02,49.85,49.8,0,0,18.68,19.4
185690,48.92,48.91,185034,185034,0.02,49.85,49.8,0,0,18.68,19.4
186196,48.96,48.95,186034,186034,0.03,49.81,49.75,0,0,18.7,19.41
186702,48.96,48.95,186034,186034,0.03,49.81,49.75,0,0,18.7,19.41
187208,48.98,48.97,187034,187034,0.02,49.88,49.85,0,0,19.0,19.43
187714,48.98,48.97,187034,187034,0.02,49.88,49.85,0,0,19.0,19.43
188220,48.98,48.98,188034,188034,0.0,49.96,49.95,0,0,18.9,19.43
188726,48.98,48.98,188034,188034,0.0,49.96,49.95,0,0,18.9,19.43
189232,48.99,48.98,189034,189034,0.0,49.99,49.99,0,0,19.11,19.42
189738,48.99,48.98,189034,189034,0.0,49.99,49.99,0,0,19.11,19.42
190244,48.99,48.99,190034,190034,0.01,49.94,49.93,0,0,19.11,19.43
190750,48.99,48.99,190034,190034,0.01,49.94,49.93,0,0,19.11,19.43
191256,49.09,49.06,191034,191034,0.06,49.66,49.55,0,0,19.24,19.48
191762,49.09,49.06,191034,191034,0.06,49.66,49.55,0,0,19.24,19.48
192268,49.08,49.07,192034,192034,0.01,49.93,49.91,0,0,19.52,19.47
192774,49.08,49.07,192034,192034,0.01,49.93,49.91,0,0,19.52,19.47
193280,49.08,49.07,193034,193034,0.0,49.97,49.97,0,0,19.52,19.47
193786,49.13,49.07,193034,193034,0.0,49.97,49.97,0,0,19.65,19.47
194292,49.13,49.11,194034,194034,0.03,49.8,49.75,0,0,19.65,19.5
194798,49.13,49.11,194034,194034,0.03,49.8,49.75,0,0,19.65,19.5
195304,49.14,49.12,195034,195034,0.01,49.93,49.91,0,0,19.69,19.5
195810,49.14,49.12,195034,195034,0.01,49.93,49.91,0,0,19.69,19.5
196316,49.14,49.14,196037,196037,0.01,49.93,49.92,0,0,19.69,19.49
196822,49.21,49.14,196037,196037,0.01,49.93,49.92,0,0,20.0,19.49
197328,49.21,49.19,197037,197037,0.05,49.74,49.67,0,0,20.0,19.52
197834,49.21,49.19,197037,197037,0.05,49.74,49.67,0,0,20.0,19.52
198340,49.24,49.22,198037,198037,0.03,49.82,49.77,0,0,20.17,19.54
198846,49.24,49.22,198037,198037,0.03,49.82,49.77,0,0,20.17,19.54
199352,49.28,49.26,199037,199037,0.03,49.8,49.74,0,0,20.28,19.55
199858,49.28,49.26,199037,199037,0.03,49.8,49.74,0,0,20.28,19.55
200364,49.34,49.27,200037,200037,0.01,49.93,49.91,0,0,20.28,19.55
200870,49.34,49.27,200037,200037,0.01,49.93,49.91,0,0,20.28,19.55
201376,49.41,49.31,201037,201037,0.04,49.79,49.73,0,0,20.49,19.57
201882,49.41,49.31,201037,201037,0.04,49.79,49.73,0,0,20.49,19.57
202388,49.41,49.38,202037,202037,0.06,49.67,49.57,0,0,20.49,19.57
202894,49.43,49.38,202037,202037,0.06,49.67,49.57,0,0,20.49,19.57
203400,49.43,49.41,203037,203037,0.03,49.84,49.79,0,0,20.49,19.6
203906,49.43,49.41,203037,203037,0.03,49.84,49.79,0,0,20.49,19.6
204412,49.5,49.42,204037,204037,0.01,49.94,49.93,0,0,20.69,19.6
204918,49.5,49.42,204037,204037,0.01,49.94,49.93,0,0,20.69,19.6
205424,49.51,49.47,205037,205037,0.04,49.75,49.68,0,0,20.77,19.62
205930,49.51,49.47,205037,205037,0.04,49.75,49.68,0,0,20.77,19.62
206436,49.51,49.5,206037,206037,0.02,49.86,49.82,0,0,20.77,19.63
206942,49.58,49.5,206037,206037,0.02,49.86,49.82,0,0,20.79,19.63
207448,49.58,49.55,207037,207037,0.05,49.72,49.64,0,0,20.79,19.68
207954,49.65,49.55,207037,207037,0.05,49.72,49.64,0,0,21.55,19.68
208460,49.65,49.62,208037,208037,0.06,49.67,49.58,0,0,21.55,19.7
208966,49.65,49.62,208037,208037,0.06,49.67,49.58,0,0,21.55,19.7
209472,49.7,49.67,209037,209037,0.05,49.71,49.63,0,0,21.27,19.7
209978,49.7,49.67,209037,209037,0.05,49.71,49.63,0,0,21.27,19.7
210484,49.78,49.69,210037,210037,0.01,49.9,49.87,0,0,21.35,19.7
210990,49.78,49.69,210037,210037,0.01,49.9,49.87,0,0,21.35,19.7
211496,49.78,49.75,211037,211037,0.05,49.7,49.61,1,0,21.33,19.73
212002,49.78,49.75,211037,211037,0.05,49.7,49.61,1,0,21.33,19.73
212508,49.78,49.77,212037,212037,0.01,49.9,49.87,1,0,21.33,19.73
213014,49.78,49.77,212037,212037,0.01,49.9,49.87,1,0,21.33,19.73
213520,49.78,49.78,213037,213037,0.0,49.96,49.95,1,0,21.33,19.73
214026,49.92,49.78,213037,213037,0.0,49.96,49.95,1,0,21.59,19.73
214532,49.92,49.87,214037,214037,0.09,49.53,49.39,1,0,21.59,19.77
215038,49.92,49.9,215037,215037,0.03,49.84,49.8,1,0,21.59,19.77
215544,49.97,49.9,215037,215037,0.03,49.84,49.8,1,0,21.64,19.77
216050,49.97,49.95,216037,216037,0.04,49.76,49.69,1,0,21.64,19.79
216556,50.06,49.95,216037,216037,0.04,49.76,49.69,1,0,21.61,19.79
217062,50.06,50.03,217037,217037,0.07,49.61,49.49,1,0,21.61,19.82
217568,50.06,50.03,217037,217037,0.07,49.61,49.49,1,0,21.61,19.82
218074,50.13,50.1,218037,218037,0.07,49.64,49.53,1,0,21.4,19.86
218580,50.13,50.1,218037,218037,0.07,49.64,49.53,1,0,21.4,19.86
219086,50.13,50.12,219037,219037,0.02,49.88,49.84,1,0,21.4,19.86
219592,50.13,50.12,219037,219037,0.02,49.88,49.84,1,0,21.4,19.86
220098,50.23,50.19,220037,220037,0.07,49.63,49.53,1,0,21.31,19.89
220604,50.23,50.19,220037,220037,0.07,49.63,49.53,1,0,21.31,19.89
221110,50.23,50.22,221037,221037,0.02,49.88,49.84,1,0,21.31,19.89
221616,50.23,50.22,221037,221037,0.02,49.88,49.84,1,0,21.31,19.89
222122,50.23,50.23,222037,222037,0.0,49.96,49.94,1,0,21.31,19.89
222628,50.39,50.23,222037,222037,0.0,49.96,49.94,1,0,21.05,19.89
223134,50.39,50.34,223037,223037,0.11,49.44,49.27,1,0,21.05,19.94
223640,50.41,50.34,223037,223037,0.11,49.44,49.27,1,0,20.92,19.94
224146,50.41,50.38,224037,224037,0.04,49.76,49.69,1,0,20.92,19.97
224652,50.41,50.38,224037,224037,0.04,49.76,49.69,1,0,20.92,19.97
225158,50.5,50.46,225037,225037,0.07,49.6,49.48,1,0,20.75,19.99
225664,50.5,50.46,225037,225037,0.07,49.6,49.48,1,0,20.75,19.99
226170,50.5,50.49,226038,226038,0.02,49.86,49.83,1,0,20.75,19.99
226676,50.54,50.49,226038,226038,0.02,49.86,49.83,1,0,20.47,19.99
227182,50.54,50.52,227038,227038,0.03,49.82,49.77,1,0,20.47,20.0
227688,50.69,50.52,227038,227038,0.03,49.82,49.77,1,0,20.36,20.0
228194,50.69,50.64,228038,228038,0.11,49.44,49.27,1,0,20.36,20.05
228700,50.69,50.64,228038,228038,0.11,49.44,49.27,1,0,20.36,20.05
229206,50.78,50.73,229038,229038,0.09,49.5,49.35,1,0,20.25,20.08
229712,50.78,50.73,229038,229038,0.09,49.5,49.35,1,0,20.25,20.08
230218,50.78,50.77,230038,230038,0.03,49.83,49.78,1,0,20.25,20.08
230724,50.84,50.77,230038,230038,0.03,49.83,49.78,1,0,20.06,20.08
231230,50.84,50.82,231038,231038,0.04,49.75,49.67,1,0,20.06,20.11
231736,50.93,50.82,231038,231038,0.04,49.75,49.67,1,0,20.0,20.11
232243,50.93,50.89,232038,232038,0.07,49.62,49.5,1,0,20.0,20.11
232749,50.93,50.89,232038,232038,0.07,49.62,49.5,1,0,20.0,20.11
233255,50.98,50.95,233038,233038,0.06,49.69,49.59,1,0,19.89,20.13
233761,50.98,50.95,233038,233038,0.06,49.69,49.59,1,0,19.89,20.13
234267,51.14,50.97,234038,234038,0.02,49.89,49.86,1,0,19.54,20.13
234773,51.14,50.97,234038,234038,0.02,49.89,49.86,1,0,19.54,20.13
235279,51.14,51.08,235038,235038,0.1,49.45,49.28,1,0,19.54,20.22
235785,51.2,51.08,235038,235038,0.1,49.45,49.28,1,0,19.39,20.22
236291,51.2,51.16,236038,236038,0.08,49.59,49.47,1,0,19.39,20.22
236797,51.29,51.16,236038,236038,0.08,49.59,49.47,1,0,19.24,20.22
237303,51.29,51.25,237041,237041,0.08,49.58,49.45,1,0,19.24,20.27
237809,51.35,51.25,237041,237041,0.08,49.58,49.45,1,0,19.13,20.27
238316,51.35,51.32,238042,238042,0.07,49.64,49.54,1,0,19.13,20.27
238822,51.47,51.32,238042,238042,0.07,49.64,49.54,1,0,18.77,20.27
239328,51.47,51.42,239042,239042,0.1,49.47,49.32,1,0,18.77,20.31
239834,51.47,51.42,239042,239042,0.1,49.47,49.32,1,0,18.77,20.31
240340,51.47,51.46,240042,240042,0.03,49.82,49.77,1,0,18.83,20.31
240846,51.47,51.46,240042,240042,0.03,49.82,49.77,1,0,18.83,20.31
241352,51.47,51.47,241042,241042,0.01,49.94,49.92,1,0,18.83,20.31
241858,51.47,51.47,241042,241042,0.01,49.94,49.92,1,0,18.83,20.31
242364,51.47,51.47,242042,242042,0.0,49.98,49.97,1,0,18.83,20.31
242870,51.65,51.47,242042,242042,0.0,49.98,49.97,1,0,18.72,20.31
243376,51.65,51.59,243042,243042,0.11,49.4,49.22,1,0,18.72,20.36
243882,51.69,51.59,243042,243042,0.11,49.4,49.22,1,0,18.36,20.36
244388,51.69,51.66,244042,244042,0.06,49.67,49.58,1,0,18.36,20.36
244894,51.74,51.66,244042,244042,0.06,49.67,49.58,1,0,18.27,20.36
245400,51.74,51.72,245042,245042,0.05,49.7,49.61,1,0,18.27,20.39
245906,51.74,51.72,245042,245042,0.05,49.7,49.61,1,0,18.27,20.39
246412,51.74,51.73,246042,246042,0.01,49.9,49.87,1,0,18.27,20.39
246918,51.74,51.73,246042,246042,0.01,49.9,49.87,1,0,18.27,20.39
247424,51.83,51.74,247042,247042,0.0,49.96,49.95,1,0,17.88,20.39
247930,51.83,51.74,247042,247042,0.0,49.96,49.95,1,0,17.88,20.39
248436,51.83,51.8,248042,248042,0.05,49.7,49.61,1,0,17.88,20.44
248942,51.87,51.8,248042,248042,0.05,49.7,49.61,1,0,17.52,20.44
249448,51.87,51.85,249042,249042,0.04,49.76,49.69,1,0,17.52,20.46
249954,51.87,51.85,249042,249042,0.04,49.76,49.69,1,0,17.52,20.46
250460,51.9,51.86,250042,250042,0.01,49.92,49.89,1,0,17.58,20.46
250966,51.9,51.86,250042,250042,0.01,49.92,49.89,1,0,17.58,20.46
251472,51.9,51.89,251042,251042,0.02,49.86,49.82,1,0,17.58,20.43
251978,51.95,51.89,251042,251042,0.02,49.86,49.82,1,0,17.54,20.43
252484,51.95,51.93,252042,252042,0.04,49.79,49.72,1,0,17.54,20.49
252990,51.95,51.93,252042,252042,0.04,49.79,49.72,1,0,17.54,20.49
253496,51.94,51.95,253042,253042,0.01,49.93,49.91,1,0,17.17,20.49
254002,51.94,51.95,253042,253042,0.01,49.93,49.91,1,0,17.17,20.49
254508,51.94,51.94,254042,254042,0.0,50.03,50.04,1,0,17.17,20.47
255014,51.91,51.94,254042,254042,0.0,50.03,50.04,1,0,17.0,20.47
255520,51.91,51.92,255042,255042,0.0,50.1,50.14,1,0,17.0,20.46
256026,51.91,51.92,255042,255042,0.0,50.1,50.14,1,0,17.0,20.46
256532,51.96,51.91,256043,256043,0.0,50.03,50.04,1,0,16.74,20.46
257038,51.96,51.91,256043,256043,0.0,50.03,50.04,1,0,16.74,20.46
257544,51.96,51.95,257044,257044,0.03,49.82,49.76,1,0,16.74,20.49
258050,51.95,51.95,258044,258044,0.0,49.97,49.97,1,0,16.87,20.49
258556,51.95,51.95,258044,258044,0.0,49.97,49.97,1,0,16.87,20.49
259062,51.95,51.95,259044,259044,0.0,49.99,49.99,1,0,16.87,20.49
259568,51.95,51.95,259044,259044,0.0,49.99,49.99,1,0,16.87,20.49
260074,51.96,51.96,260044,260044,0.0,49.96,49.95,1,0,16.61,20.49
260580,51.96,51.96,260044,260044,0.0,49.96,49.95,1,0,16.61,20.49
261086,51.96,51.96,261044,261044,0.0,49.98,49.98,1,0,16.61,20.49
261592,51.96,51.96,261044,261044,0.0,49.98,49.98,1,0,16.61,20.49
262098,51.94,51.95,262044,262044,0.0,50.07,50.1,1,0,16.27,20.48
262604,51.94,51.95,262044,262044,0.0,50.07,50.1,1,0,16.27,20.48
263110,51.94,51.94,263047,263047,0.0,50.02,50.03,1,0,16.27,20.48
263616,51.87,51.94,263047,263047,0.0,50.02,50.03,1,0,16.12,20.48
264122,51.87,51.89,264047,264047,0.0,50.23,50.31,1,0,16.12,20.46
264628,51.87,51.89,264047,264047,0.0,50.23,50.31,1,0,16.12,20.46
265134,51.85,51.88,265047,265047,0.0,50.07,50.1,1,0,16.1,20.46
265640,51.85,51.88,265047,265047,0.0,50.07,50.1,1,0,16.1,20.46
266146,51.85,51.86,266047,266047,0.0,50.08,50.1,1,0,16.1,20.44
266652,51.85,51.86,266047,266047,0.0,50.08,50.1,1,0,16.1,20.44
267158,51.87,51.87,267047,267047,0.0,49.98,49.97,1,0,16.03,20.45
267664,51.87,51.87,267047,267047,0.0,49.98,49.97,1,0,16.03,20.45
268170,51.87,51.87,268047,268047,0.0,49.99,49.99,1,0,16.03,20.45
268676,51.8,51.87,268047,268047,0.0,49.99,49.99,1,0,15.94,20.45
269182,51.8,51.82,269047,269047,0.0,50.21,50.27,1,0,15.94,20.45
269688,51.73,51.82,269047,269047,0.0,50.21,50.27,1,0,15.51,20.45
270194,51.73,51.76,270047,270047,0.0,50.3,50.39,1,0,15.51,20.41
270700,51.72,51.76,270047,270047,0.0,50.3,50.39,1,0,15.6,20.41
271207,51.72,51.74,271047,271047,0.0,50.14,50.18,1,0,15.6,20.41
271713,51.72,51.74,271047,271047,0.0,50.14,50.18,1,0,15.6,20.41
272219,51.67,51.69,272047,272047,0.0,50.23,50.3,1,0,15.55,20.4
272725,51.67,51.69,272047,272047,0.0,50.23,50.3,1,0,15.55,20.4
273231,51.63,51.65,273061,273061,0.0,50.18,50.24,1,0,15.49,20.41
273737,51.63,51.65,273061,273061,0.0,50.18,50.24,1,0,15.49,20.41
274243,51.63,51.64,274062,274062,0.0,50.06,50.08,1,0,15.49,20.41
274749,51.58,51.64,274062,274062,0.0,50.06,50.08,1,0,15.16,20.41
275255,51.58,51.6,275062,275062,0.0,50.21,50.27,1,1,15.16,20.38
275761,51.59,51.6,275062,275062,0.0,50.21,50.27,1,1,15.23,20.38
276267,51.59,51.59,276062,276062,0.0,50.02,50.03,1,1,15.23,20.4
276773,51.59,51.59,276062,276062,0.0,50.02,50.03,1,1,15.23,20.4
277279,51.59,51.59,277062,277062,0.0,50.0,50.01,1,1,15.23,20.4
277785,51.52,51.59,277062,277062,0.0,50.0,50.01,1,1,15.97,20.4
278291,51.52,51.54,278062,278062,0.0,50.23,50.3,1,1,15.97,20.35
278797,51.52,51.54,278062,278062,0.0,50.23,50.3,1,1,15.97,20.35
279303,51.52,51.53,279062,279062,0.0,50.07,50.09,1,1,15.97,20.35
279809,50.42,51.53,279062,279062,0.0,50.07,50.09,1,1,16.83,20.35
280315,50.42,50.79,280062,280062,0.0,53.7,54.81,0,0,16.83,19.97
280821,50.42,50.79,280062,280062,0.0,53.7,54.81,0,0,16.83,19.97
281327,49.52,50.54,281062,281062,0.0,51.22,51.58,0,0,17.2,19.97
281833,49.52,50.54,281062,281062,0.0,51.22,51.58,0,0,17.2,19.97
282339,49.52,49.86,282062,282062,0.0,53.4,54.43,0,0,17.2,19.63
282845,48.86,49.86,282062,282062,0.0,53.4,54.43,0,0,16.85,19.63
283351,48.86,49.19,283062,283062,0.0,53.34,54.35,0,0,16.85,19.4
283857,48.86,49.19,283062,283062,0.0,53.34,54.35,0,0,16.85,19.4
284363,48.36,48.97,284062,284062,0.0,51.1,51.43,0,0,16.27,19.4
284869,48.36,48.97,284062,284062,0.0,51.1,51.43,0,0,16.27,19.4
285375,48.24,48.56,285062,285062,0.0,52.04,52.65,0,0,16.2,19.24
285881,48.24,48.56,285062,285062,0.0,52.04,52.65,0,0,16.2,19.24
286387,48.24,48.34,286062,286062,0.0,51.08,51.4,0,0,16.2,19.2
286893,48.24,48.34,286062,286062,0.0,51.08,51.4,0,0,16.2,19.2
287399,48.13,48.2,287064,287064,0.0,50.72,50.94,0,0,15.99,19.15
287905,48.13,48.2,287064,287064,0.0,50.72,50.94,0,0,15.99,19.15
288411,48.13,48.15,288065,288065,0.0,50.23,50.31,0,0,15.99,19.15
288917,48.11,48.15,288065,288065,0.0,50.23,50.31,0,0,16.1,19.15
289423,48.11,48.13,289065,289065,0.0,50.13,50.16,0,0,16.1,19.12
289929,47.99,48.13,289065,289065,0.0,50.13,50.16,0,0,16.01,19.12
290435,47.99,48.04,290065,290065,0.0,50.44,50.57,0,0,16.01,19.09
290941,48.05,48.04,290065,290065,0.0,50.44,50.57,0,0,15.79,19.09
291447,48.05,48.04,291065,291065,0.0,49.96,49.95,0,0,15.79,19.12
291953,48.05,48.04,291065,291065,0.0,49.96,49.95,0,0,15.79,19.12
292459,48.05,48.05,292065,292065,0.0,49.98,49.98,0,0,15.77,19.12
292965,48.05,48.05,292065,292065,0.0,49.98,49.98,0,0,15.77,19.12
293471,48.05,48.05,293065,293065,0.0,50.0,50.0,0,0,15.77,19.11
293977,48.11,48.05,293065,293065,0.0,50.0,50.0,0,0,16.35,19.11
294483,48.11,48.09,294065,294065,0.04,49.77,49.71,0,0,16.35,19.12
294989,48.11,48.09,294065,294065,0.04,49.77,49.71,0,0,16.51,19.12
295495,48.11,48.11,295065,295065,0.01,49.92,49.9,0,0,16.51,19.12
296001,48.11,48.11,295065,295065,0.01,49.92,49.9,0,0,16.51,19.12
296507,48.11,48.11,296065,296065,0.0,49.97,49.96,0,0,16.51,19.12
297013,48.11,48.11,296065,296065,0.0,49.97,49.96,0,0,16.51,19.12
297519,48.11,48.11,297065,297065,0.0,49.99,49.98,0,0,16.51,19.12
298025,48.17,48.11,297065,297065,0.0,49.99,49.98,0,0,17.13,19.12
298531,48.17,48.15,298065,298065,0.03,49.8,49.75,0,0,17.13,19.16
299037,48.16,48.15,298065,298065,0.03,49.8,49.75,0,0,17.02,19.16
299543,48.16,48.15,299065,299065,0.0,49.98,49.97,0,0,17.02,19.16
300049,48.22,48.15,299065,299065,0.0,49.98,49.97,0,0,17.2,19.16
300555,48.22,48.2,300065,300065,0.04,49.76,49.7,0,0,17.2,19.17
301061,48.22,48.2,300065,300065,0.04,49.76,49.7,0,0,17.2,19.17
301567,48.31,48.22,301071,301071,0.01,49.92,49.9,0,0,17.37,19.17
302074,48.31,48.28,302071,302071,0.06,49.69,49.6,0,0,17.37,19.21
302580,48.31,48.28,302071,302071,0.06,49.69,49.6,0,0,17.37,19.21
303086,48.39,48.35,303071,303071,0.07,49.62,49.51,0,0,17.58,19.25
303592,48.39,48.35,303071,303071,0.07,49.62,49.51,0,0,17.58,19.25
304098,48.4,48.38,304071,304071,0.03,49.84,49.79,0,0,17.56,19.24
304604,48.4,48.38,304071,304071,0.03,49.84,49.79,0,0,17.56,19.24
305110,48.46,48.43,305071,305071,0.04,49.75,49.67,0,0,18.01,19.27
305616,48.46,48.43,305071,305071,0.04,49.75,49.67,0,0,18.01,19.27
306122,48.46,48.45,306071,306071,0.01,49.91,49.89,0,0,18.01,19.27
306628,48.46,48.45,306071,306071,0.01,49.91,49.89,0,0,18.01,19.27
307134,48.47,48.46,307071,307071,0.01,49.93,49.91,0,0,18.27,19.27
307640,48.47,48.46,307071,307071,0.01,49.93,49.91,0,0,18.27,19.27
308146,48.56,48.53,308071,308071,0.06,49.66,49.56,0,0,18.53,19.29
308652,48.56,48.53,308071,308071,0.06,49.66,49.56,0,0,18.53,19.29
309158,48.56,48.55,309071,309071,0.02,49.88,49.85,0,0,18.53,19.29
309664,48.57,48.55,309071,309071,0.02,49.88,49.85,0,0,18.4,19.29
310170,48.57,48.56,310071,310071,0.01,49.94,49.93,0,0,18.4,19.32
310676,48.58,48.56,310071,310071,0.01,49.94,49.93,0,0,18.25,19.32
311182,48.58,48.57,311071,311071,0.01,49.93,49.91,0,0,18.25,19.34
311688,48.58,48.57,311071,311071,0.01,49.93,49.91,0,0,18.25,19.34
312194,48.55,48.56,312071,312071,0.0,50.06,50.08,0,0,18.55,19.33
312700,48.55,48.56,312071,312071,0.0,50.06,50.08,0,0,18.55,19.33
313206,48.55,48.56,313071,313071,0.0,50.02,50.02,0,0,18.55,19.33
313712,48.62,48.56,313071,313071,0.0,50.02,50.02,0,0,18.98,19.33
314218,48.62,48.6,314071,314071,0.04,49.78,49.71,0,0,18.98,19.35
314724,48.62,48.6,314071,314071,0.04,49.78,49.71,0,0,18.98,19.35
315230,48.65,48.63,315071,315071,0.03,49.83,49.78,0,0,19.11,19.36
315736,48.65,48.63,315071,315071,0.03,49.83,49.78,0,0,19.11,19.36
316242,48.66,48.64,316071,316071,0.01,49.94,49.92,0,0,19.2,19.36
316748,48.66,48.64,316071,316071,0.01,49.94,49.92,0,0,19.2,19.36
317254,48.66,48.66,317071,317071,0.01,49.93,49.91,0,0,19.2,19.36
317760,48.61,48.66,317071,317071,0.01,49.93,49.91,0,0,19.37,19.36
318266,48.61,48.62,318071,318071,0.0,50.16,50.21,0,0,19.37,19.35
318772,48.73,48.62,318071,318071,0.0,50.16,50.21,0,0,19.61,19.35
319278,48.73,48.7,319071,319071,0.07,49.63,49.53,0,0,19.61,19.41
319784,48.73,48.7,319071,319071,0.07,49.63,49.53,0,0,19.61,19.41
320290,48.73,48.72,320071,320071,0.02,49.88,49.84,0,0,19.61,19.41
320796,48.69,48.72,320071,320071,0.02,49.88,49.84,0,0,19.61,19.41
321302,48.69,48.7,321071,321071,0.0,50.09,50.12,0,0,19.61,19.38
321808,48.76,48.7,321071,321071,0.0,50.09,50.12,0,0,19.8,19.38
322314,48.76,48.74,322071,322071,0.03,49.8,49.74,0,0,19.8,19.41
322820,48.76,48.74,322071,322071,0.03,49.8,49.74,0,0,19.8,19.41
323326,48.76,48.75,323071,323071,0.01,49.93,49.91,0,0,19.8,19.41
323832,48.75,48.75,323071,323071,0.01,49.93,49.91,0,0,20.0,19.41
324338,48.75,48.75,324071,324071,0.0,50.01,50.02,0,0,20.0,19.42
324844,48.82,48.75,324071,324071,0.0,50.01,50.02,0,0,20.08,19.42
325350,48.82,48.8,325071,325071,0.05,49.74,49.66,0,0,20.08,19.43
325856,48.82,48.8,325071,325071,0.05,49.74,49.66,0,0,20.32,19.43
326362,48.82,48.82,326071,326071,0.01,49.91,49.89,0,0,20.32,19.43
326868,48.82,48.82,326071,326071,0.01,49.91,49.89,0,0,20.32,19.43
327374,48.82,48.82,327071,327071,0.0,49.97,49.96,0,0,20.32,19.43
327880,48.82,48.82,327071,327071,0.0,49.97,49.96,0,0,20.32,19.43
328386,48.93,48.9,328072,328072,0.07,49.62,49.51,0,0,20.69,19.46
328892,48.93,48.9,328072,328072,0.07,49.62,49.51,0,0,20.69,19.46
329398,48.93,48.92,329072,329072,0.02,49.87,49.84,0,0,20.6,19.46
329904,48.93,48.92,329072,329072,0.02,49.87,49.84,0,0,20.6,19.46
330410,48.99,48.93,330072,330072,0.0,49.95,49.94,0,0,20.58,19.46
330916,48.99,48.93,330072,330072,0.0,49.95,49.94,0,0,20.58,19.46
331422,49.06,48.97,331072,331072,0.04,49.79,49.73,0,0,20.92,19.5
331928,49.06,48.97,331072,331072,0.04,49.79,49.73,0,0,20.92,19.5
332434,49.06,49.03,332072,332072,0.05,49.7,49.62,0,0,20.92,19.52
332940,49.08,49.03,332072,332072,0.05,49.7,49.62,0,0,20.81,19.52
333446,49.08,49.06,333072,333072,0.03,49.81,49.75,0,0,20.81,19.53
333952,49.08,49.06,333072,333072,0.03,49.81,49.75,0,0,20.81,19.53
334458,49.16,49.13,334072,334072,0.06,49.67,49.57,0,0,20.53,19.55
334964,49.16,49.13,334072,334072,0.06,49.67,49.57,0,0,20.53,19.55
335470,49.16,49.15,335072,335072,0.02,49.89,49.85,0,0,20.53,19.55
335976,49.27,49.15,335072,335072,0.02,49.89,49.85,0,0,21.05,19.55
336482,49.27,49.23,336072,336072,0.08,49.59,49.47,0,0,21.05,19.6
336988,49.26,49.23,336072,336072,0.08,49.59,49.47,0,0,21.35,19.6
337494,49.26,49.25,337072,337072,0.01,49.91,49.89,0,0,21.35,19.57
338000,49.34,49.25,337072,337072,0.01,49.91,49.89,0,0,21.2,19.57
338506,49.34,49.31,338072,338072,0.06,49.68,49.58,0,0,21.2,19.64
339012,49.34,49.31,338072,338072,0.06,49.68,49.58,0,0,21.2,19.64
339518,49.34,49.33,339072,339072,0.02,49.89,49.86,0,0,21.2,19.64
340024,49.41,49.33,339072,339072,0.02,49.89,49.86,0,0,21.72,19.64
340530,49.41,49.38,340072,340072,0.04,49.75,49.67,0,0,21.72,19.63
341036,49.48,49.38,340072,340072,0.04,49.75,49.67,0,0,21.79,19.63
341542,49.48,49.45,341072,341072,0.06,49.68,49.59,0,0,21.79,19.67
342048,49.53,49.45,341072,341072,0.06,49.68,49.59,0,0,21.66,19.67
342554,49.53,49.5,342072,342072,0.05,49.71,49.62,0,0,21.66,19.69
343060,49.53,49.5,342072,342072,0.05,49.71,49.62,0,0,21.66,19.69
343566,49.53,49.52,343072,343072,0.01,49.9,49.87,0,0,21.66,19.69
344072,49.62,49.59,344072,344072,0.06,49.65,49.55,0,0,21.74,19.7
344578,49.62,49.59,344072,344072,0.06,49.65,49.55,0,0,21.74,19.7
345084,49.62,49.61,345072,345072,0.02,49.88,49.85,0,0,21.74,19.7
345590,49.69,49.61,345072,345072,0.02,49.88,49.85,0,0,22.03,19.7
346096,49.69,49.67,346072,346072,0.05,49.73,49.65,0,0,22.03,19.74
346602,49.69,49.67,346072,346072,0.05,49.73,49.65,0,0,22.03,19.74
347108,49.77,49.74,347072,347072,0.07,49.63,49.52,1,0,22.11,19.76
347614,49.77,49.74,347072,347072,0.07,49.63,49.52,1,0,22.11,19.76
348120,49.77,49.76,348072,348072,0.02,49.88,49.84,1,0,22.11,19.76
348626,49.82,49.76,348072,348072,0.02,49.88,49.84,1,0,22.24,19.76
349132,49.82,49.8,349072,349072,0.03,49.8,49.74,1,0,22.24,19.82
349638,49.82,49.8,349072,349072,0.03,49.8,49.74,1,0,22.24,19.82
350144,49.85,49.83,350072,350072,0.03,49.84,49.79,1,0,21.87,19.83
350650,49.85,49.83,350072,350072,0.03,49.84,49.79,1,0,21.87,19.83
351156,49.85,49.84,351072,351072,0.01,49.94,49.93,1,0,21.87,19.83
351662,49.85,49.84,351072,351072,0.01,49.94,49.93,1,0,21.87,19.83
352168,49.85,49.85,352072,352072,0.0,49.98,49.97,1,0,21.87,19.83
352674,49.99,49.85,352072,352072,0.0,49.98,49.97,1,0,22.26,19.83
353180,49.99,49.95,353072,353072,0.09,49.5,49.35,1,0,22.26,19.86
353686,49.99,49.95,353072,353072,0.09,49.5,49.35,1,0,22.26,19.86
354192,50.1,50.05,354072,354072,0.1,49.48,49.32,1,0,22.03,19.89
354698,50.1,50.05,354072,354072,0.1,49.48,49.32,1,0,22.03,19.89
355205,50.17,50.08,355072,355072,0.03,49.82,49.77,1,0,21.83,19.89
355712,50.17,50.08,355072,355072,0.03,49.82,49.77,1,0,21.83,19.89
356218,50.17,50.14,356072,356072,0.05,49.71,49.62,1,0,21.83,19.92
356724,50.22,50.14,356072,356072,0.05,49.71,49.62,1,0,21.44,19.92
357230,50.22,50.2,357072,357072,0.05,49.71,49.63,1,0,21.44,19.95
357736,50.28,50.2,357072,357072,0.05,49.71,49.63,1,0,21.72,19.95
358242,50.28,50.25,358072,358072,0.05,49.73,49.65,1,0,21.72,19.94
358748,50.28,50.25,358072,358072,0.05,49.73,49.65,1,0,21.72,19.94
359254,50.32,50.29,359072,359072,0.04,49.77,49.7,1,0,21.33,19.96
359760,50.32,50.29,359072,359072,0.04,49.77,49.7,1,0,21.33,19.96
360266,50.32,50.31,360072,360072,0.01,49.92,49.9,1,0,21.33,19.96
360772,50.32,50.31,360072,360072,0.01,49.92,49.9,1,0,21.33,19.96
361278,50.46,50.41,361086,361086,0.09,49.51,49.36,1,0,21.42,20.04
361784,50.46,50.41,361086,361086,0.09,49.51,49.36,1,0,21.42,20.04
362290,50.46,50.44,362087,362087,0.03,49.83,49.78,1,0,21.42,20.04
362796,50.55,50.44,362087,362087,0.03,49.83,49.78,1,0,21.2,20.04
363302,50.55,50.51,363087,363087,0.07,49.63,49.53,1,0,21.2,20.04
363808,50.62,50.51,363087,363087,0.07,49.63,49.53,1,0,21.01,20.04
364314,50.62,50.58,364087,364087,0.06,49.65,49.54,1,0,21.01,20.08
364820,50.67,50.58,364087,364087,0.06,49.65,49.54,1,0,20.75,20.08
365326,50.67,50.64,365087,365087,0.05,49.71,49.62,1,0,20.75,20.08
365832,50.67,50.64,365087,365087,0.05,49.71,49.62,1,0,20.75,20.08
366338,50.77,50.66,366087,366087,0.01,49.9,49.87,1,0,20.58,20.08
366844,50.77,50.66,366087,366087,0.01,49.9,49.87,1,0,20.58,20.08
367350,50.77,50.73,367087,367087,0.07,49.63,49.52,1,0,20.58,20.14
367856,50.89,50.73,367087,367087,0.07,49.63,49.52,1,0,20.43,20.14
368362,50.89,50.84,368087,368087,0.1,49.48,49.32,1,0,20.43,20.16
368868,50.96,50.84,368087,368087,0.1,49.48,49.32,1,0,20.21,20.16
369374,50.96,50.92,369087,369087,0.08,49.59,49.47,1,0,20.21,20.18
369880,50.96,50.92,369087,369087,0.08,49.59,49.47,1,0,20.21,20.18
370386,51.06,51.01,370087,370087,0.09,49.5,49.36,1,0,20.04,20.22
370892,51.06,51.01,370087,370087,0.09,49.5,49.36,1,0,20.04,20.22
371398,51.12,51.05,371087,371087,0.03,49.83,49.78,1,0,20.02,20.22
371904,51.12,51.05,371087,371087,0.03,49.83,49.78,1,0,20.02,20.22
372410,51.12,51.09,372087,372087,0.04,49.76,49.69,1,0,20.02,20.25
372916,51.25,51.09,372087,372087,0.04,49.76,49.69,1,0,19.8,20.25
373422,51.25,51.2,373087,373087,0.1,49.46,49.3,1,0,19.8,20.31
373928,51.31,51.2,373087,373087,0.1,49.46,49.3,1,0,19.52,20.31
374434,51.31,51.27,374087,374087,0.07,49.64,49.53,1,0,19.52,20.31
374940,51.34,51.27,374087,374087,0.07,49.64,49.53,1,0,19.46,20.31
375446,51.34,51.31,375087,375087,0.04,49.79,49.72,1,0,19.46,20.32
375952,51.45,51.31,375087,375087,0.04,49.79,49.72,1,0,19.39,20.32
376458,51.45,51.41,376087,376087,0.09,49.53,49.39,1,0,19.39,20.35
376964,51.45,51.41,376087,376087,0.09,49.53,49.39,1,0,19.39,20.35
377470,51.45,51.44,377087,377087,0.03,49.84,49.79,1,0,19.39,20.35
377976,51.45,51.44,377087,377087,0.03,49.84,49.79,1,0,19.39,20.35
378482,51.55,51.51,378087,378087,0.07,49.62,49.5,1,0,19.03,20.4
378988,51.55,51.51,378087,378087,0.07,49.62,49.5,1,0,19.03,20.4
379494,51.55,51.54,379087,379087,0.02,49.87,49.83,1,0,19.03,20.4
380000,51.61,51.54,379087,379087,0.02,49.87,49.83,1,0,18.81,20.4
380506,51.61,51.58,380087,380087,0.04,49.77,49.7,1,0,18.81,20.43
381012,51.73,51.58,380087,380087,0.04,49.77,49.7,1,0,18.7,20.43
381519,51.73,51.68,381087,381087,0.09,49.51,49.37,1,0,18.7,20.46
382025,51.73,51.68,381087,381087,0.09,49.51,49.37,1,0,18.7,20.46
382531,51.73,51.71,382087,382087,0.03,49.84,49.79,1,0,18.7,20.46
383037,51.81,51.71,382087,382087,0.03,49.84,49.79,1,0,18.38,20.46
383543,51.81,51.78,383087,383087,0.06,49.68,49.59,1,0,18.38,20.46
384049,51.78,51.78,383087,383087,0.06,49.68,49.59,1,0,18.25,20.46
384555,51.78,51.78,384087,384087,0.0,49.98,49.97,1,0,18.25,20.47
385061,51.78,51.78,384087,384087,0.0,49.98,49.97,1,0,18.25,20.47
385567,51.78,51.78,385087,385087,0.0,49.99,49.99,1,0,18.25,20.47
386073,51.78,51.78,385087,385087,0.0,49.99,49.99,1,0,18.25,20.47
386579,51.88,51.78,386089,386089,0.0,49.99,49.99,1,0,18.01,20.47
387085,51.88,51.78,386089,386089,0.0,49.99,49.99,1,0,18.01,20.47
387591,51.92,51.85,387091,387091,0.06,49.66,49.56,1,0,17.67,20.53
388097,51.92,51.89,388091,388091,0.04,49.76,49.69,1,0,17.67,20.51
388603,51.92,51.89,388091,388091,0.04,49.76,49.69,1,0,17.67,20.51
389109,51.92,51.91,389091,389091,0.01,49.92,49.9,1,0,17.67,20.51
389615,51.9,51.91,389091,389091,0.01,49.92,49.9,1,0,17.6,20.51
390121,51.9,51.91,390091,390091,0.0,50.02,50.02,1,0,17.6,20.51
390627,51.91,51.91,390091,390091,0.0,50.02,50.02,1,0,17.56,20.51
391133,51.91,51.91,391093,391093,0.0,49.97,49.96,1,0,17.56,20.49
391639,51.95,51.91,391093,391093,0.0,49.97,49.96,1,0,17.43,20.49
392145,51.95,51.93,392093,392093,0.02,49.87,49.84,1,0,17.43,20.54
392651,51.93,51.93,392093,392093,0.02,49.87,49.84,1,0,17.24,20.54
393158,51.93,51.93,393093,393093,0.0,50.02,50.02,1,0,17.24,20.5
393664,51.93,51.93,393093,393093,0.0,50.02,50.02,1,0,17.24,20.5
394170,51.95,51.94,394093,394093,0.01,49.94,49.92,1,0,17.15,20.54
394676,51.95,51.94,394093,394093,0.01,49.94,49.92,1,0,17.15,20.54
395182,51.93,51.93,395093,395093,0.0,50.03,50.04,1,0,17.02,20.52
395688,51.93,51.93,395093,395093,0.0,50.03,50.04,1,0,17.02,20.52
396194,51.94,51.93,396106,396106,0.0,49.99,49.99,1,0,16.94,20.56
396700,51.94,51.93,396106,396106,0.0,49.99,49.99,1,0,16.94,20.56
397206,51.94,51.94,397107,397107,0.0,49.99,49.99,1,0,16.94,20.56
397712,51.93,51.94,397107,397107,0.0,49.99,49.99,1,0,16.72,20.56
398218,51.93,51.93,398107,398107,0.0,50.02,50.03,1,0,16.72,20.5
398724,51.94,51.93,398107,398107,0.0,50.02,50.03,1,0,16.59,20.5
399230,51.94,51.94,399107,399107,0.0,49.95,49.93,1,0,16.59,20.52
399736,51.94,51.94,399107,399107,0.0,49.95,49.93,1,0,16.59,20.52
400242,51.89,51.91,400107,400107,0.0,50.16,50.21,1,0,16.7,20.51
400748,51.89,51.91,400107,400107,0.0,50.16,50.21,1,0,16.7,20.51
401254,51.81,51.84,401107,401107,0.0,50.33,50.43,1,0,16.35,20.46
401760,51.81,51.84,401107,401107,0.0,50.33,50.43,1,0,16.35,20.46
402266,51.81,51.82,402107,402107,0.0,50.1,50.14,1,0,16.16,20.46
402774,51.81,51.82,402107,402107,0.0,50.1,50.14,1,0,16.16,20.46
403280,51.81,51.81,403107,403107,0.0,50.03,50.04,1,0,16.16,20.48
403786,51.81,51.81,403107,403107,0.0,50.03,50.04,1,0,16.16,20.48
404292,51.77,51.78,404107,404107,0.0,50.13,50.17,1,0,16.16,20.48
404798,51.77,51.78,404107,404107,0.0,50.13,50.17,1,0,16.16,20.48
405304,51.76,51.77,405107,405107,0.0,50.04,50.05,1,0,16.1,20.48
405810,51.76,51.77,405107,405107,0.0,50.04,50.05,1,0,16.1,20.48
406316,51.76,51.76,406107,406107,0.0,50.06,50.07,1,0,16.1,20.46
406822,51.68,51.76,406107,406107,0.0,50.06,50.07,1,0,15.9,20.46
407328,51.68,51.71,407107,407107,0.0,50.28,50.36,1,0,15.9,20.46
407834,51.68,51.71,407107,407107,0.0,50.28,50.36,1,0,15.9,20.46
408340,51.64,51.66,408107,408107,0.0,50.23,50.29,1,0,15.84,20.45
408846,51.64,51.66,408107,408107,0.0,50.23,50.29,1,0,15.84,20.45
409352,51.58,51.65,409107,409107,0.0,50.07,50.09,1,0,15.66,20.45
409858,51.58,51.65,409107,409107,0.0,50.07,50.09,1,0,15.66,20.45
410364,51.56,51.6,410110,410110,0.0,50.23,50.3,1,0,15.49,20.39
410870,51.56,51.6,410110,410110,0.0,50.23,50.3,1,0,15.49,20.39
411376,51.56,51.57,411111,411111,0.0,50.14,50.18,1,0,15.49,20.41
411882,51.56,51.57,411111,411111,0.0,50.14,50.18,1,0,15.49,20.41
412388,51.56,51.56,412111,412111,0.0,50.04,50.06,1,0,15.49,20.41
412894,51.46,51.56,412111,412111,0.0,50.04,50.06,1,0,15.34,20.41
413400,51.46,51.49,413111,413111,0.0,50.33,50.43,1,1,15.34,20.37
413906,51.46,51.49,413111,413111,0.0,50.33,50.43,1,1,15.34,20.37
414412,51.41,51.43,414123,414123,0.0,50.28,50.37,1,1,15.29,20.37
414918,51.41,51.43,414123,414123,0.0,50.28,50.37,1,1,15.29,20.37
415424,51.37,51.42,415124,415124,0.0,50.09,50.12,1,1,16.07,20.37
415930,51.37,51.42,415124,415124,0.0,50.09,50.12,1,1,16.07,20.37
416436,51.37,51.38,416124,416124,0.0,50.15,50.2,1,1,16.07,20.37
416942,51.37,51.38,416124,416124,0.0,50.15,50.2,1,1,16.07,20.37
417448,51.37,51.37,417124,417124,0.0,50.05,50.06,1,1,16.07,20.37
417954,50.3,51.37,417124,417124,0.0,50.05,50.06,1,1,16.94,20.37
418460,50.3,50.66,418124,418124,0.0,53.58,54.66,0,0,16.94,19.95
418966,49.53,50.66,418124,418124,0.0,53.58,54.66,0,0,17.07,19.95
419472,49.53,49.9,419124,419124,0.0,53.76,54.89,0,0,17.07,19.69
419978,49.53,49.9,419124,419124,0.0,53.76,54.89,0,0,17.07,19.69
420484,49.53,49.65,420124,420124,0.0,51.24,51.61,0,0,17.07,19.69
420990,48.59,49.65,420124,420124,0.0,51.24,51.61,0,0,16.66,19.69
421496,48.59,48.94,421124,421124,0.0,53.54,54.61,0,0,16.66,19.35
422002,48.59,48.94,421124,421124,0.0,53.54,54.61,0,0,16.66,19.35
422508,48.25,48.71,422124,422124,0.0,51.17,51.52,0,0,16.35,19.35
423014,48.25,48.71,422124,422124,0.0,51.17,51.52,0,0,16.35,19.35
423520,48.09,48.4,423124,423124,0.0,51.55,52.02,0,0,16.29,19.24
424026,48.09,48.4,423124,423124,0.0,51.55,52.02,0,0,16.29,19.24
424532,48.09,48.19,424124,424124,0.0,51.05,51.36,0,0,16.29,19.2
425038,48.11,48.19,424124,424124,0.0,51.05,51.36,0,0,16.07,19.2
425544,48.11,48.13,425124,425124,0.0,50.27,50.35,0,0,16.07,19.18
426050,48.11,48.13,425124,425124,0.0,50.27,50.35,0,0,16.07,19.18
426557,48.0,48.12,426124,426124,0.0,50.08,50.11,0,0,16.03,19.18
427064,48.0,48.12,426124,426124,0.0,50.08,50.11,0,0,16.03,19.18
427570,48.0,48.04,427124,427124,0.0,50.39,50.51,0,0,16.03,19.13
428076,48.0,48.04,427124,427124,0.0,50.39,50.51,0,0,16.03,19.13
428582,48.0,48.01,428124,428124,0.0,50.13,50.17,0,0,16.03,19.13
429088,48.0,48.01,428124,428124,0.0,50.13,50.17,0,0,16.03,19.13
429594,48.0,48.0,429124,429124,0.0,50.04,50.05,0,0,16.03,19.13
430100,48.0,48.0,429124,429124,0.0,50.04,50.05,0,0,16.03,19.13
430606,47.92,48.0,430124,430124,0.0,50.01,50.01,0,0,16.4,19.13
431112,47.92,48.0,430124,430124,0.0,50.01,50.01,0,0,16.4,19.13
431618,47.92,47.94,431128,431128,0.0,50.27,50.35,0,0,16.4,19.12
432124,47.92,47.94,431128,431128,0.0,50.27,50.35,0,0,16.4,19.12
432630,47.99,47.93,432130,432130,0.0,50.09,50.11,0,0,16.61,19.12
433136,47.99,47.97,433130,433130,0.04,49.79,49.73,0,0,16.61,19.14
433642,47.97,47.97,433130,433130,0.04,49.79,49.73,0,0,16.74,19.14
434148,47.97,47.97,434130,434130,0.0,49.97,49.97,0,0,16.74,19.13
434654,48.01,47.97,434130,434130,0.0,49.97,49.97,0,0,16.94,19.13
435160,48.01,48.0,435130,435130,0.02,49.85,49.81,0,0,16.94,19.15
435666,48.01,48.0,435130,435130,0.02,49.85,49.81,0,0,16.94,19.15
436172,48.05,48.04,436132,436132,0.03,49.81,49.75,0,0,17.09,19.17
436678,48.05,48.04,436132,436132,0.03,49.81,49.75,0,0,17.09,19.17
437184,48.05,48.05,437132,437132,0.01,49.93,49.92,0,0,17.09,19.17
437690,48.11,48.05,437132,437132,0.01,49.93,49.92,0,0,17.2,19.17
438196,48.11,48.09,438132,438132,0.03,49.8,49.74,0,0,17.2,19.18
438702,48.12,48.09,438132,438132,0.03,49.8,49.74,0,0,16.96,19.18
439208,48.12,48.11,439132,439132,0.02,49.88,49.85,0,0,16.96,19.18
439714,48.12,48.11,439132,439132,0.02,49.88,49.85,0,0,16.96,19.18
440220,48.19,48.16,440147,440147,0.05,49.73,49.65,0,0,17.82,19.21
440726,48.19,48.16,440147,440147,0.05,49.73,49.65,0,0,17.82,19.21
441232,48.19,48.18,441148,441148,0.01,49.91,49.88,0,0,17.82,19.21
441738,48.23,48.18,441148,441148,0.01,49.91,49.88,0,0,17.63,19.21
442244,48.23,48.21,442148,442148,0.03,49.84,49.79,0,0,17.63,19.22
442750,48.23,48.21,442148,442148,0.03,49.84,49.79,0,0,17.63,19.22
443256,48.27,48.25,443148,443148,0.03,49.8,49.74,0,0,17.76,19.26
443762,48.27,48.25,443148,443148,0.03,49.8,49.74,0,0,17.76,19.26
444268,48.27,48.27,444148,444148,0.01,49.93,49.91,0,0,17.76,19.26
444774,48.29,48.27,444148,444148,0.01,49.93,49.91,0,0,18.01,19.26
445280,48.29,48.28,445148,445148,0.01,49.93,49.91,0,0,18.01,19.26
445786,48.29,48.28,445148,445148,0.01,49.93,49.91,0,0,18.01,19.26
446292,48.33,48.31,446148,446148,0.03,49.83,49.78,0,0,17.99,19.29
446798,48.33,48.31,446148,446148,0.03,49.83,49.78,0,0,17.99,19.29
447304,48.34,48.32,447148,447148,0.01,49.94,49.92,0,0,18.34,19.29
447811,48.34,48.32,447148,447148,0.01,49.94,49.92,0,0,18.34,19.29
448317,48.34,48.34,448148,448148,0.01,49.94,49.92,0,0,18.34,19.28
448823,48.39,48.34,448148,448148,0.01,49.94,49.92,0,0,18.64,19.28
449329,48.39,48.37,449148,449148,0.03,49.8,49.74,0,0,18.64,19.3
449835,48.39,48.37,449148,449148,0.03,49.8,49.74,0,0,18.64,19.3
450341,48.39,48.39,450148,450148,0.01,49.93,49.91,0,0,18.64,19.3
450847,48.4,48.39,450148,450148,0.01,49.93,49.91,0,0,18.85,19.3
451353,48.4,48.39,451148,451148,0.0,49.96,49.95,0,0,18.85,19.31
451859,48.4,48.39,451148,451148,0.0,49.96,49.95,0,0,18.77,19.31
452365,48.4,48.4,452148,452148,0.0,49.98,49.97,0,0,18.77,19.33
452871,48.4,48.4,452148,452148,0.0,49.98,49.97,0,0,18.77,19.33
453377,48.41,48.41,453148,453148,0.0,49.95,49.94,0,0,19.05,19.32
453883,48.41,48.41,453148,453148,0.0,49.95,49.94,0,0,19.05,19.32
454389,48.41,48.41,454148,454148,0.0,49.98,49.98,0,0,19.05,19.32
454895,48.44,48.41,454148,454148,0.0,49.98,49.98,0,0,19.28,19.32
455401,48.44,48.43,455148,455148,0.01,49.9,49.87,0,0,19.28,19.33
455907,48.44,48.43,455148,455148,0.01,49.9,49.87,0,0,19.28,19.33
456413,48.47,48.45,456148,456148,0.02,49.87,49.83,0,0,18.96,19.35
456919,48.47,48.45,456148,456148,0.02,49.87,49.83,0,0,18.96,19.35
457425,48.49,48.46,457148,457148,0.0,49.95,49.94,0,0,19.59,19.35
457931,48.49,48.46,457148,457148,0.0,49.95,49.94,0,0,19.59,19.35
458437,48.51,48.48,458148,458148,0.02,49.89,49.86,0,0,19.59,19.36
458943,48.51,48.48,458148,458148,0.02,49.89,49.86,0,0,19.59,19.36
459449,48.51,48.5,459148,459148,0.01,49.91,49.89,0,0,19.59,19.38
459955,48.5,48.5,459148,459148,0.01,49.91,49.89,0,0,19.33,19.38
460461,48.5,48.5,460148,460148,0.0,49.98,49.98,0,0,19.33,19.35
460967,48.53,48.5,460148,460148,0.0,49.98,49.98,0,0,20.04,19.35
461473,48.53,48.52,461148,461148,0.02,49.89,49.86,0,0,20.04,19.37
461979,48.53,48.52,461148,461148,0.02,49.89,49.86,0,0,20.04,19.37
462485,48.6,48.53,462148,462148,0.0,49.96,49.95,0,0,20.06,19.37
462991,48.6,48.53,462148,462148,0.0,49.96,49.95,0,0,20.06,19.37
463497,48.6,48.58,463148,463148,0.04,49.76,49.69,0,0,20.06,19.4
464003,48.66,48.58,463148,463148,0.04,49.76,49.69,0,0,20.25,19.4
464509,48.66,48.63,464148,464148,0.05,49.72,49.64,0,0,20.25,19.44
465015,48.66,48.63,464148,464148,0.05,49.72,49.64,0,0,20.25,19.44
465521,48.66,48.65,465159,465159,0.01,49.91,49.88,0,0,20.3,19.43
466027,48.66,48.65,465159,465159,0.01,49.91,49.88,0,0,20.3,19.43
466533,48.7,48.65,466160,466160,0.0,49.97,49.96,0,0,20.25,19.43
467039,48.7,48.65,466160,466160,0.0,49.97,49.96,0,0,20.25,19.43
467545,48.7,48.68,467160,467160,0.02,49.86,49.82,0,0,20.25,19.43
468051,48.74,48.68,467160,467160,0.02,49.86,49.82,0,0,20.49,19.43
468557,48.74,48.72,468160,468160,0.03,49.81,49.76,0,0,20.49,19.45
469063,48.77,48.72,468160,468160,0.03,49.81,49.76,0,0,20.88,19.45
469569,48.77,48.75,469160,469160,0.03,49.83,49.78,0,0,20.88,19.49
470075,48.77,48.75,469160,469160,0.03,49.83,49.78,0,0,20.88,19.49
470581,48.79,48.78,470172,470172,0.02,49.85,49.81,0,0,20.77,19.49
471087,48.79,48.78,470172,470172,0.02,49.85,49.81,0,0,20.77,19.49
471593,48.83,48.79,471173,471173,0.0,49.95,49.93,0,0,20.99,19.49
472099,48.83,48.79,471173,471173,0.0,49.95,49.93,0,0,20.99,19.49
472605,48.85,48.82,472173,472173,0.02,49.86,49.82,0,0,20.97,19.49
473113,48.85,48.82,472173,472173,0.02,49.86,49.82,0,0,20.97,19.49
473619,48.85,48.84,473173,473173,0.02,49.89,49.86,0,0,20.97,19.52
474125,49.0,48.84,473173,473173,0.02,49.89,49.86,0,0,21.27,19.52
474631,49.0,48.95,474173,474173,0.1,49.45,49.29,0,0,21.27,19.58
475137,49.0,48.95,474173,474173,0.1,49.45,49.29,0,0,21.27,19.58
475643,49.0,48.98,475173,475173,0.03,49.82,49.76,0,0,21.27,19.58
476150,49.03,48.98,475173,475173,0.03,49.82,49.76,0,0,21.25,19.58
476656,49.03,49.02,476173,476173,0.03,49.82,49.77,0,0,21.25,19.55
477162,49.03,49.02,476173,476173,0.03,49.82,49.77,0,0,21.59,19.55
477668,49.03,49.02,477173,477173,0.0,49.97,49.96,0,0,21.59,19.57
478174,49.03,49.02,478173,478173,0.0,49.99,49.98,0,0,21.59,19.57
478680,49.15,49.02,478173,478173,0.0,49.99,49.98,0,0,21.68,19.57
479186,49.15,49.11,479176,479176,0.08,49.58,49.46,0,0,21.68,19.61
479692,49.14,49.11,479176,479176,0.08,49.58,49.46,0,0,21.72,19.61
480198,49.14,49.13,480176,480176,0.01,49.9,49.87,0,0,21.72,19.62
480704,49.17,49.13,480176,480176,0.01,49.9,49.87,0,0,21.81,19.62
481210,49.17,49.16,481176,481176,0.02,49.85,49.8,0,0,21.81,19.61
481716,49.23,49.16,481176,481176,0.02,49.85,49.8,0,0,21.92,19.61
482222,49.23,49.2,482176,482176,0.04,49.76,49.69,0,0,21.92,19.64
482728,49.35,49.2,482176,482176,0.04,49.76,49.69,0,0,21.85,19.64
483234,49.35,49.3,483176,483176,0.09,49.51,49.36,0,0,21.85,19.67
483740,49.35,49.3,483176,483176,0.09,49.51,49.36,0,0,21.85,19.67
484246,49.35,49.33,484176,484176,0.03,49.83,49.79,0,0,21.85,19.67
484752,49.35,49.33,484176,484176,0.03,49.83,49.79,0,0,21.85,19.67
485258,49.44,49.41,485176,485176,0.07,49.62,49.51,0,0,22.33,19.71
485764,49.44,49.41,485176,485176,0.07,49.62,49.51,0,0,22.33,19.71
486270,49.46,49.44,486176,486176,0.03,49.83,49.77,0,0,22.18,19.72
486776,49.46,49.44,486176,486176,0.03,49.83,49.77,0,0,22.18,19.72
487282,49.46,49.45,487176,487176,0.01,49.94,49.92,0,0,22.18,19.72
487788,49.46,49.45,487176,487176,0.01,49.94,49.92,0,0,22.18,19.72
488294,49.46,49.46,488176,488176,0.0,49.98,49.97,0,0,22.18,19.72
488800,49.55,49.46,488176,488176,0.0,49.98,49.97,0,0,22.29,19.72
489306,49.55,49.52,489176,489176,0.06,49.67,49.57,0,0,22.29,19.76
489812,49.7,49.52,489176,489176,0.06,49.67,49.57,0,0,22.42,19.76
490318,49.7,49.64,490176,490176,0.11,49.4,49.22,1,0,22.42,19.79
490824,49.7,49.64,490176,490176,0.11,49.4,49.22,1,0,22.42,19.79
491330,49.7,49.68,491176,491176,0.03,49.8,49.74,1,0,22.63,19.81
491836,49.7,49.68,491176,491176,0.03,49.8,49.74,1,0,22.63,19.81
492342,49.7,49.69,492176,492176,0.01,49.93,49.91,1,0,22.63,19.81
492848,49.76,49.69,492176,492176,0.01,49.93,49.91,1,0,22.55,19.81
493354,49.76,49.74,493176,493176,0.04,49.78,49.72,1,0,22.55,19.84
493860,49.76,49.74,493176,493176,0.04,49.78,49.72,1,0,22.55,19.84
494367,49.84,49.75,494176,494176,0.01,49.93,49.9,1,0,22.59,19.84
494874,49.84,49.75,494176,494176,0.01,49.93,49.9,1,0,22.59,19.84
495380,49.84,49.81,495176,495176,0.05,49.71,49.63,1,0,22.59,19.85
495886,49.95,49.81,495176,495176,0.05,49.71,49.63,1,0,22.52,19.85
496392,49.95,49.9,496176,496176,0.09,49.53,49.39,1,0,22.52,19.9
496898,49.99,49.9,496176,496176,0.09,49.53,49.39,1,0,22.37,19.9
497404,49.99,49.96,497176,497176,0.05,49.71,49.62,1,0,22.37,19.89
497910,49.99,49.96,497176,497176,0.05,49.71,49.62,1,0,22.37,19.89
498416,50.03,49.98,498176,498176,0.01,49.9,49.87,1,0,22.31,19.89
498922,50.03,49.98,498176,498176,0.01,49.9,49.87,1,0,22.31,19.89
499428,50.03,50.01,499176,499176,0.03,49.82,49.77,1,0,22.31,19.93
499934,50.03,50.01,499176,499176,0.03,49.82,49.77,1,0,22.31,19.93
500440,50.03,50.02,500176,500176,0.01,49.94,49.92,1,0,22.31,19.93
500946,50.03,50.02,500176,500176,0.01,49.94,49.92,1,0,22.31,19.93
501452,50.19,50.13,501176,501176,0.11,49.44,49.27,1,0,21.59,19.97
501958,50.19,50.13,501176,501176,0.11,49.44,49.27,1,0,21.59,19.97
502464,50.19,50.17,502176,502176,0.03,49.81,49.76,1,0,21.59,19.97
502970,50.19,50.17,502176,502176,0.03,49.81,49.76,1,0,21.59,19.97
503476,50.3,50.18,503176,503176,0.01,49.93,49.92,1,0,21.66,19.97
503982,50.3,50.18,503176,503176,0.01,49.93,49.92,1,0,21.66,19.97
504488,50.3,50.26,504176,504176,0.07,49.61,49.49,1,0,21.66,20.01
504994,50.3,50.26,504176,504176,0.07,49.61,49.49,1,0,21.66,20.01
505500,50.3,50.29,505176,505176,0.02,49.87,49.83,1,0,21.66,20.01
506006,50.42,50.29,505176,505176,0.02,49.87,49.83,1,0,21.38,20.01
506512,50.42,50.38,506176,506176,0.09,49.54,49.41,1,0,21.38,20.05
507018,50.42,50.38,506176,506176,0.09,49.54,49.41,1,0,21.38,20.05
507524,50.5,50.46,507176,507176,0.08,49.58,49.46,1,0,21.29,20.08
508030,50.5,50.46,507176,507176,0.08,49.58,49.46,1,0,21.29,20.08
508536,50.64,50.49,508176,508176,0.02,49.86,49.82,1,0,20.97,20.08
509042,50.64,50.49,508176,508176,0.02,49.86,49.82,1,0,20.97,20.08
509548,50.64,50.59,509176,509176,0.1,49.47,49.32,1,0,20.97,20.15
510054,50.64,50.59,509176,509176,0.1,49.47,49.32,1,0,20.97,20.15
510560,50.64,50.62,510176,510176,0.03,49.82,49.77,1,0,20.97,20.15
511066,50.75,50.62,510176,510176,0.03,49.82,49.77,1,0,20.81,20.15
511572,50.75,50.71,511176,511176,0.08,49.59,49.46,1,0,20.81,20.17
512078,50.75,50.71,511176,511176,0.08,49.59,49.46,1,0,20.81,20.17
512584,50.85,50.73,512176,512176,0.02,49.86,49.82,1,0,20.58,20.17
513090,50.85,50.73,512176,512176,0.02,49.86,49.82,1,0,20.58,20.17
513596,50.91,50.81,513176,513176,0.08,49.59,49.47,1,0,20.43,20.2
514102,50.91,50.81,513176,513176,0.08,49.59,49.47,1,0,20.43,20.2
514608,50.91,50.88,514176,514176,0.06,49.67,49.57,1,0,20.43,20.25
515114,51.06,50.88,514176,514176,0.06,49.67,49.57,1,0,20.02,20.25
515620,51.06,51.0,515176,515176,0.11,49.4,49.22,1,0,20.02,20.28
516126,51.06,51.0,515176,515176,0.11,49.4,49.22,1,0,20.02,20.28
516632,51.1,51.04,516176,516176,0.03,49.8,49.74,1,0,19.93,20.28
517138,51.1,51.04,516176,516176,0.03,49.8,49.74,1,0,19.93,20.28
517644,51.1,51.08,517176,517176,0.04,49.79,49.73,1,0,19.93,20.29
518150,51.1,51.08,517176,517176,0.04,49.79,49.73,1,0,19.93,20.29
518656,51.1,51.09,518176,518176,0.01,49.93,49.91,1,0,19.93,20.29
519162,51.31,51.09,518176,518176,0.01,49.93,49.91,1,0,19.52,20.29
519668,51.31,51.24,519176,519176,0.14,49.25,49.03,1,0,19.52,20.36
520174,51.31,51.24,519176,519176,0.14,49.25,49.03,1,0,19.52,20.36
520680,51.46,51.29,520180,520180,0.04,49.75,49.68,1,0,19.39,20.36
521186,51.46,51.4,521181,521181,0.11,49.42,49.25,1,0,19.39,20.4
521692,51.46,51.4,521181,521181,0.11,49.42,49.25,1,0,19.39,20.4
522198,51.45,51.43,522181,522181,0.03,49.84,49.8,1,0,19.33,20.4
522704,51.45,51.43,522181,522181,0.03,49.84,49.8,1,0,19.33,20.4
523210,51.53,51.5,523181,523181,0.06,49.67,49.57,1,0,19.0,20.43
523716,51.53,51.5,523181,523181,0.06,49.67,49.57,1,0,19.0,20.43
524222,51.53,51.52,524181,524181,0.02,49.89,49.85,1,0,19.0,20.43
524728,51.56,51.52,524181,524181,0.02,49.89,49.85,1,0,18.94,20.43
525234,51.56,51.55,525181,525181,0.02,49.87,49.83,1,0,18.94,20.45
525740,51.63,51.55,525181,525181,0.02,49.87,49.83,1,0,18.66,20.45
526246,51.63,51.6,526181,526181,0.05,49.72,49.64,1,0,18.66,20.48
526752,51.7,51.6,526181,526181,0.05,49.72,49.64,1,0,18.62,20.48
527259,51.7,51.67,527181,527181,0.06,49.65,49.55,1,0,18.62,20.47
527765,51.7,51.67,527181,527181,0.06,49.65,49.55,1,0,18.62,20.47
528271,51.72,51.7,528181,528181,0.03,49.83,49.78,1,0,18.21,20.49
528777,51.72,51.7,528181,528181,0.03,49.83,49.78,1,0,18.21,20.49
529283,51.75,51.73,529181,529181,0.03,49.84,49.8,1,0,18.19,20.51
529789,51.75,51.73,529181,529181,0.03,49.84,49.8,1,0,18.19,20.51
530295,51.77,51.74,530181,530181,0.01,49.94,49.93,1,0,18.04,20.51
530801,51.77,51.74,530181,530181,0.01,49.94,49.93,1,0,18.04,20.51
531307,51.82,51.76,531181,531181,0.01,49.92,49.9,1,0,17.91,20.53
531813,51.82,51.76,531181,531181,0.01,49.92,49.9,1,0,17.91,20.53
532319,51.82,51.8,532181,532181,0.03,49.8,49.74,1,0,17.91,20.53
532825,51.82,51.8,532181,532181,0.03,49.8,49.74,1,0,17.91,20.53
533331,51.8,51.8,533181,533181,0.0,49.98,49.97,1,0,17.8,20.53
533837,51.8,51.8,533181,533181,0.0,49.98,49.97,1,0,17.8,20.53
534343,51.83,51.82,534181,534181,0.01,49.91,49.88,1,0,18.23,20.52
534849,51.83,51.82,534181,534181,0.01,49.91,49.88,1,0,18.23,20.52
535355,51.85,51.82,535181,535181,0.0,49.97,49.96,1,0,17.11,20.52
535861,51.85,51.82,535181,535181,0.0,49.97,49.96,1,0,17.11,20.52
536367,51.85,51.84,536181,536181,0.02,49.89,49.86,1,0,17.11,20.52
536873,51.85,51.84,536181,536181,0.02,49.89,49.86,1,0,17.11,20.52
537379,51.8,51.82,537181,537181,0.0,50.13,50.17,1,0,17.45,20.54
537885,51.8,51.82,537181,537181,0.0,50.13,50.17,1,0,17.45,20.54
538391,51.83,51.81,538181,538181,0.0,50.04,50.05,1,0,17.28,20.54
538897,51.83,51.81,538181,538181,0.0,50.04,50.05,1,0,17.28,20.54
539403,51.83,51.82,539181,539181,0.01,49.92,49.89,1,0,17.13,20.55
539910,51.83,51.82,539181,539181,0.01,49.92,49.89,1,0,17.13,20.55
540416,51.83,51.83,540181,540181,0.0,49.98,49.98,1,0,16.85,20.52
540922,51.83,51.83,540181,540181,0.0,49.98,49.98,1,0,16.85,20.52
541428,51.83,51.83,541184,541184,0.0,49.98,49.98,1,0,16.85,20.54
541934,51.79,51.83,541184,541184,0.0,49.98,49.98,1,0,16.87,20.54
542440,51.79,51.8,542184,542184,0.0,50.13,50.17,1,0,16.87,20.51
542946,51.79,51.8,542184,542184,0.0,50.13,50.17,1,0,16.87,20.51
543452,51.75,51.79,543184,543184,0.0,50.04,50.05,1,0,16.53,20.51
543958,51.75,51.79,543184,543184,0.0,50.04,50.05,1,0,16.53,20.51
544464,51.75,51.76,544184,544184,0.0,50.14,50.19,1,0,16.53,20.51
544970,51.76,51.76,544184,544184,0.0,50.14,50.19,1,0,16.55,20.51
545476,51.76,51.76,545184,545184,0.0,50.0,50.01,1,0,16.55,20.5
545982,51.7,51.76,545184,545184,0.0,50.0,50.01,1,0,16.89,20.5
546488,51.7,51.72,546186,546186,0.0,50.21,50.28,1,0,16.89,20.51
546994,51.7,51.72,546186,546186,0.0,50.21,50.28,1,0,16.89,20.51
547500,51.6,51.7,547186,547186,0.0,50.07,50.09,1,0,16.31,20.51
548006,51.6,51.7,547186,547186,0.0,50.07,50.09,1,0,16.31,20.51
548512,51.56,51.63,548186,548186,0.0,50.35,50.46,1,0,16.25,20.45
549018,51.56,51.63,548186,548186,0.0,50.35,50.46,1,0,16.25,20.45
549524,51.56,51.58,549186,549186,0.0,50.24,50.31,1,0,16.25,20.47
550030,51.55,51.58,549186,549186,0.0,50.24,50.31,1,0,15.99,20.47
550536,51.55,51.56,550186,550186,0.0,50.12,50.16,1,0,15.99,20.45
551042,51.5,51.56,550186,550186,0.0,50.12,50.16,1,0,15.86,20.45
551548,51.5,51.52,551190,551190,0.0,50.18,50.23,1,0,15.86,20.44
552054,51.5,51.52,551190,551190,0.0,50.18,50.23,1,0,15.86,20.44
552560,51.47,51.51,552190,552190,0.0,50.06,50.07,1,0,16.07,20.44
553067,51.47,51.51,552190,552190,0.0,50.06,50.07,1,0,16.07,20.44
553573,51.47,51.48,553190,553190,0.0,50.15,50.19,1,0,16.07,20.42
554079,51.4,51.48,553190,553190,0.0,50.15,50.19,1,0,15.27,20.42
554585,51.4,51.42,554190,554190,0.0,50.28,50.36,1,1,15.27,20.4
555091,51.34,51.42,554190,554190,0.0,50.28,50.36,1,1,15.68,20.4
555597,51.34,51.37,555190,555190,0.0,50.27,50.35,1,1,15.68,20.37
556103,51.34,51.37,555190,555190,0.0,50.27,50.35,1,1,15.68,20.37
556609,51.33,51.35,556190,556190,0.0,50.09,50.11,1,1,16.31,20.37
557115,51.33,51.35,556190,556190,0.0,50.09,50.11,1,1,16.31,20.37
557621,50.87,51.34,557190,557190,0.0,50.07,50.09,1,1,16.79,20.37
558127,50.87,51.34,557190,557190,0.0,50.07,50.09,1,1,16.79,20.37
558633,50.87,51.02,558190,558190,0.0,51.56,52.03,0,0,16.79,20.21
559139,50.27,51.02,558190,558190,0.0,51.56,52.03,0,0,17.07,20.21
559645,50.27,50.52,559190,559190,0.0,52.52,53.28,0,0,17.07,19.99
560151,49.67,50.52,559190,559190,0.0,52.52,53.28,0,0,16.87,19.99
560657,49.67,49.95,560190,560190,0.0,52.82,53.67,0,0,16.87,19.79
561163,49.67,49.95,560190,560190,0.0,52.82,53.67,0,0,16.87,19.79
561669,49.05,49.77,561190,561190,0.0,50.93,51.21,0,0,16.46,19.79
562175,49.05,49.77,561190,561190,0.0,50.93,51.21,0,0,16.46,19.79
562681,49.05,49.29,562190,562190,0.0,52.39,53.11,0,0,16.46,19.58
563187,49.05,49.29,562190,562190,0.0,52.39,53.11,0,0,16.46,19.58
563693,48.69,49.13,563193,563193,0.0,50.78,51.02,0,0,16.33,19.58
564199,48.69,48.83,564193,564193,0.0,51.48,51.93,0,0,16.33,19.44
564705,48.69,48.83,564193,564193,0.0,51.48,51.93,0,0,16.33,19.44
565211,48.56,48.65,565193,565193,0.0,50.89,51.16,0,0,16.14,19.41
565717,48.56,48.65,565193,565193,0.0,50.89,51.16,0,0,16.14,19.41
566223,48.55,48.59,566193,566193,0.0,50.33,50.43,0,0,16.12,19.42
566729,48.55,48.59,566193,566193,0.0,50.33,50.43,0,0,16.12,19.42
567235,48.55,48.56,567193,567193,0.0,50.1,50.14,0,0,16.12,19.42
567741,48.48,48.56,567193,567193,0.0,50.1,50.14,0,0,16.2,19.42
568247,48.48,48.5,568193,568193,0.0,50.29,50.37,0,0,16.2,19.34
568753,48.48,48.5,568193,568193,0.0,50.29,50.37,0,0,16.2,19.34
569259,48.4,48.43,569193,569193,0.0,50.36,50.47,0,0,16.4,19.31
569765,48.4,48.43,569193,569193,0.0,50.36,50.47,0,0,16.4,19.31
570271,48.4,48.41,570193,570193,0.0,50.11,50.15,0,0,17.13,19.31
570777,48.4,48.41,570193,570193,0.0,50.11,50.15,0,0,17.13,19.31
571283,48.4,48.4,571193,571193,0.0,50.03,50.04,0,0,17.13,19.34
571789,48.44,48.4,571193,571193,0.0,50.03,50.04,0,0,16.33,19.34
572295,48.44,48.43,572193,572193,0.02,49.87,49.83,0,0,16.33,19.34
572801,48.41,48.43,572193,572193,0.02,49.87,49.83,0,0,16.61,19.34
573307,48.41,48.42,573193,573193,0.0,50.05,50.07,0,0,16.61,19.33
573813,48.41,48.42,573193,573193,0.0,50.05,50.07,0,0,16.61,19.33
574319,48.41,48.41,574193,574193,0.0,50.01,50.02,0,0,16.61,19.33
574825,48.48,48.41,574193,574193,0.0,50.01,50.02,0,0,16.94,19.33
575331,48.48,48.46,575193,575193,0.04,49.77,49.7,0,0,16.94,19.36
575837,48.48,48.46,575193,575193,0.04,49.77,49.7,0,0,16.94,19.36
576343,48.48,48.47,576193,576193,0.01,49.92,49.9,0,0,16.94,19.36
576849,48.51,48.47,576193,576193,0.01,49.92,49.9,0,0,17.11,19.36
577355,48.51,48.5,577193,577193,0.02,49.87,49.84,0,0,17.11,19.38
577861,48.59,48.5,577193,577193,0.02,49.87,49.84,0,0,17.39,19.38
578367,48.59,48.56,578193,578193,0.06,49.68,49.59,0,0,17.39,19.39
578873,48.59,48.56,578193,578193,0.06,49.68,49.59,0,0,17.39,19.39
579379,48.59,48.58,579193,579193,0.02,49.89,49.86,0,0,17.39,19.39
579885,48.67,48.58,579193,579193,0.02,49.89,49.86,0,0,17.5,19.39
580391,48.67,48.64,580193,580193,0.06,49.68,49.59,0,0,17.5,19.45
580897,48.67,48.64,580193,580193,0.06,49.68,49.59,0,0,17.69,19.45
581403,48.67,48.66,581193,581193,0.02,49.89,49.86,0,0,17.69,19.45
581909,48.67,48.66,581193,581193,0.02,49.89,49.86,0,0,17.69,19.45
582415,48.71,48.69,582193,582193,0.03,49.84,49.79,0,0,17.65,19.43
582921,48.71,48.69,582193,582193,0.03,49.84,49.79,0,0,17.65,19.43
583427,48.71,48.7,583193,583193,0.01,49.94,49.93,0,0,17.65,19.43
583933,48.71,48.7,583193,583193,0.01,49.94,49.93,0,0,17.97,19.43
584439,48.71,48.71,584193,584193,0.0,49.98,49.97,0,0,17.97,19.44
584945,48.71,48.71,584193,584193,0.0,49.98,49.97,0,0,17.97,19.44
585451,48.75,48.74,585193,585193,0.03,49.84,49.79,0,0,18.08,19.46
585957,48.75,48.74,585193,585193,0.03,49.84,49.79,0,0,18.08,19.46
586463,48.75,48.75,586193,586193,0.01,49.94,49.93,0,0,18.08,19.46
586969,48.79,48.75,586193,586193,0.01,49.94,49.93,0,0,18.47,19.46
587475,48.79,48.78,587193,587193,0.02,49.86,49.81,0,0,18.47,19.46
587981,48.79,48.78,587193,587193,0.02,49.86,49.81,0,0,18.47,19.46
588487,48.78,48.79,588193,588193,0.0,49.95,49.94,0,0,18.57,19.46
588993,48.78,48.79,588193,588193,0.0,49.95,49.94,0,0,18.57,19.46
589499,48.78,48.78,589193,589193,0.0,50.01,50.02,0,0,18.57,19.48
590005,48.75,48.78,589193,589193,0.0,50.01,50.02,0,0,18.68,19.48
590511,48.75,48.76,590193,590193,0.0,50.09,50.12,0,0,18.68,19.46
591017,48.79,48.76,590193,590193,0.0,50.09,50.12,0,0,18.9,19.46
591523,48.79,48.78,591193,591193,0.02,49.89,49.86,0,0,18.9,19.49
592029,48.79,48.78,591193,591193,0.02,49.89,49.86,0,0,18.9,19.49
592535,48.78,48.78,592193,592193,0.0,50.0,50.0,0,0,18.98,19.49
593041,48.78,48.78,592193,592193,0.0,50.0,50.0,0,0,18.98,19.49
593547,48.81,48.78,593193,593193,0.0,50.0,50.0,0,0,19.11,19.49
594053,48.81,48.78,593193,593193,0.0,50.0,50.0,0,0,19.11,19.49
594559,48.78,48.8,594193,594193,0.01,49.91,49.88,0,0,19.28,19.49
595065,48.78,48.8,594193,594193,0.01,49.91,49.88,0,0,19.28,19.49
595571,48.78,48.79,595193,595193,0.0,50.06,50.08,0,0,19.28,19.48
596077,48.84,48.79,595193,595193,0.0,50.06,50.08,0,0,19.39,19.48
596583,48.84,48.82,596193,596193,0.03,49.83,49.78,0,0,19.39,19.51
597090,48.79,48.82,596193,596193,0.03,49.83,49.78,0,0,19.54,19.51
597597,48.79,48.8,597193,597193,0.0,50.08,50.1,0,0,19.54,19.5
598103,48.79,48.8,597193,597193,0.0,50.08,50.1,0,0,19.54,19.5
598609,48.8,48.8,598193,598193,0.0,50.02,50.03,0,0,19.74,19.5
599115,48.8,48.8,598193,598193,0.0,50.02,50.03,0,0,19.74,19.5
599621,48.8,48.8,599193,599193,0.0,50.0,50.0,0,0,19.74,19.51
600127,48.88,48.8,599193,599193,0.0,50.0,50.0,0,0,19.8,19.51
600633,48.88,48.85,600193,600193,0.05,49.72,49.64,0,0,19.8,19.54
601139,48.9,48.85,600193,600193,0.05,49.72,49.64,0,0,19.89,19.54
601645,48.9,48.88,601193,601193,0.02,49.85,49.8,0,0,19.89,19.57
602151,48.93,48.88,601193,601193,0.02,49.85,49.8,0,0,20.04,19.57
602657,48.93,48.92,602193,602193,0.03,49.82,49.77,0,0,20.04,19.56
603163,48.93,48.92,602193,602193,0.03,49.82,49.77,0,0,20.04,19.56
603669,48.93,48.93,603193,603193,0.01,49.94,49.92,0,0,20.04,19.56
604175,48.93,48.93,603193,603193,0.01,49.94,49.92,0,0,20.25,19.56
604681,48.93,48.93,604193,604193,0.0,49.97,49.96,0,0,20.25,19.57
605187,48.93,48.93,604193,604193,0.0,49.97,49.96,0,0,20.25,19.57
605693,48.99,48.93,605193,605193,0.0,49.99,49.98,0,0,20.28,19.57
606199,48.99,48.97,606193,606193,0.03,49.81,49.76,0,0,20.28,19.58
606706,48.98,48.97,606193,606193,0.03,49.81,49.76,0,0,20.36,19.58
607213,48.98,48.98,607193,607193,0.0,49.96,49.95,0,0,20.36,19.61
607719,48.98,48.98,607193,607193,0.0,49.96,49.95,0,0,20.36,19.61
608225,49.03,49.01,608193,608193,0.03,49.82,49.77,0,0,20.77,19.6
608731,49.03,49.01,608193,608193,0.03,49.82,49.77,0,0,20.77,19.6
609237,49.03,49.02,609193,609193,0.01,49.94,49.92,0,0,20.79,19.6
609743,49.03,49.02,609193,609193,0.01,49.94,49.92,0,0,20.79,19.6
610249,49.03,49.03,610193,610193,0.0,49.98,49.97,0,0,20.79,19.6
610755,49.03,49.03,610193,610193,0.0,49.98,49.97,0,0,20.79,19.6
611261,49.12,49.09,611193,611193,0.06,49.67,49.57,0,0,20.73,19.63
611767,49.12,49.09,611193,611193,0.06,49.67,49.57,0,0,20.73,19.63
612273,49.15,49.13,612193,612193,0.04,49.79,49.73,0,0,20.99,19.65
612779,49.15,49.13,612193,612193,0.04,49.79,49.73,0,0,20.99,19.65
613285,49.15,49.15,613193,613193,0.01,49.93,49.91,0,0,20.99,19.65
613791,49.19,49.15,613193,613193,0.01,49.93,49.91,0,0,21.14,19.65
614297,49.19,49.18,614193,614193,0.03,49.84,49.79,0,0,21.14,19.67
614803,49.25,49.18,614193,614193,0.03,49.84,49.79,0,0,21.29,19.67
615309,49.25,49.23,615193,615193,0.04,49.75,49.68,0,0,21.29,19.71
615815,49.24,49.23,615193,615193,0.04,49.75,49.68,0,0,21.33,19.71
616322,49.24,49.24,616193,616193,0.01,49.94,49.92,0,0,21.33,19.66
616828,49.27,49.24,616193,616193,0.01,49.94,49.92,0,0,21.42,19.66
617334,49.27,49.26,617193,617193,0.02,49.88,49.85,0,0,21.42,19.68
617840,49.34,49.26,617193,617193,0.02,49.88,49.85,0,0,21.61,19.68
618346,49.34,49.32,618194,618194,0.05,49.71,49.63,0,0,21.61,19.73
618852,49.34,49.32,618194,618194,0.05,49.71,49.63,0,0,21.61,19.73
619358,49.39,49.37,619194,619194,0.05,49.74,49.67,0,0,21.57,19.72
619864,49.39,49.37,619194,619194,0.05,49.74,49.67,0,0,21.57,19.72
620370,49.42,49.4,620194,620194,0.03,49.8,49.75,0,0,21.74,19.74
620876,49.42,49.4,620194,620194,0.03,49.8,49.75,0,0,21.74,19.74
621382,49.45,49.42,621194,621194,0.01,49.93,49.91,0,0,21.92,19.74
621888,49.45,49.42,621194,621194,0.01,49.93,49.91,0,0,21.92,19.74
622394,49.45,49.44,622194,622194,0.02,49.88,49.85,0,0,21.92,19.76
622900,49.45,49.44,622194,622194,0.02,49.88,49.85,0,0,21.92,19.76
623406,49.6,49.55,623195,623195,0.1,49.46,49.3,1,0,21.92,19.81
623912,49.6,49.55,623195,623195,0.1,49.46,49.3,1,0,21.92,19.81
624418,49.63,49.58,624196,624196,0.03,49.82,49.76,1,0,22.11,19.81
624924,49.63,49.58,624196,624196,0.03,49.82,49.76,1,0,22.11,19.81
625430,49.63,49.61,625196,625196,0.03,49.84,49.8,1,0,22.11,19.84
625936,49.64,49.61,625196,625196,0.03,49.84,49.8,1,0,22.24,19.84
626442,49.64,49.63,626196,626196,0.01,49.91,49.88,1,0,22.24,19.81
626948,49.64,49.63,626196,626196,0.01,49.91,49.88,1,0,22.24,19.81
627454,49.76,49.64,627196,627196,0.0,49.97,49.96,1,0,22.11,19.81
627960,49.76,49.64,627196,627196,0.0,49.97,49.96,1,0,22.11,19.81
628466,49.76,49.72,628196,628196,0.08,49.58,49.45,1,0,22.11,19.85
628972,49.82,49.72,628196,628196,0.08,49.58,49.45,1,0,22.2,19.85
629478,49.82,49.78,629196,629196,0.06,49.67,49.58,1,0,22.2,19.88
629984,49.83,49.78,629196,629196,0.06,49.67,49.58,1,0,22.07,19.88
630490,49.83,49.81,630196,630196,0.02,49.85,49.81,1,0,22.07,19.87
630996,49.9,49.81,630196,630196,0.02,49.85,49.81,1,0,21.98,19.87
631502,49.9,49.87,631196,631196,0.05,49.7,49.62,1,0,21.98,19.92
632008,49.9,49.87,631196,631196,0.05,49.7,49.62,1,0,21.98,19.92
632514,49.95,49.89,632196,632196,0.01,49.9,49.87,1,0,22.61,19.92
633020,49.95,49.89,632196,632196,0.01,49.9,49.87,1,0,22.61,19.92
633526,50.06,49.93,633196,633196,0.04,49.79,49.73,1,0,21.68,19.93
634032,50.06,49.93,633196,633196,0.04,49.79,49.73,1,0,21.68,19.93
634538,50.06,50.02,634196,634196,0.08,49.56,49.43,1,0,21.68,19.98
635044,50.06,50.02,634196,634196,0.08,49.56,49.43,1,0,21.68,19.98
635550,50.1,50.05,635196,635196,0.02,49.85,49.81,1,0,21.57,19.98
636056,50.1,50.05,635196,635196,0.02,49.85,49.81,1,0,21.57,19.98
636562,50.11,50.08,636196,636196,0.03,49.81,49.75,1,0,21.27,19.99
637068,50.11,50.08,636196,636196,0.03,49.81,49.75,1,0,21.27,19.99
637574,50.11,50.1,637196,637196,0.02,49.89,49.86,1,0,21.27,19.99
638080,50.21,50.1,637196,637196,0.02,49.89,49.86,1,0,21.1,19.99
638586,50.21,50.18,638196,638196,0.07,49.64,49.53,1,0,21.1,20.04
639092,50.25,50.18,638196,638196,0.07,49.64,49.53,1,0,20.92,20.04
639599,50.25,50.23,639200,639200,0.04,49.75,49.67,1,0,20.92,20.04
640105,50.25,50.23,639200,639200,0.04,49.75,49.67,1,0,20.92,20.04
640611,50.37,50.24,640200,640200,0.01,49.91,49.89,1,0,20.79,20.04
641117,50.37,50.24,640200,640200,0.01,49.91,49.89,1,0,20.79,20.04
641623,50.37,50.33,641200,641200,0.08,49.57,49.44,1,0,20.69,20.06
642129,50.37,50.33,641200,641200,0.08,49.57,49.44,1,0,20.69,20.06
642635,50.37,50.36,642200,642200,0.02,49.85,49.81,1,0,20.69,20.06
643141,50.37,50.36,642200,642200,0.02,49.85,49.81,1,0,20.69,20.06
643647,50.37,50.37,643202,643202,0.0,49.95,49.93,1,0,20.69,20.06
644153,50.37,50.37,643202,643202,0.0,49.95,49.93,1,0,20.69,20.06
644659,50.59,50.37,644203,644203,0.0,49.98,49.98,1,0,20.23,20.06
645165,50.59,50.37,644203,644203,0.0,49.98,49.98,1,0,20.23,20.06
645671,50.59,50.51,645203,645203,0.14,49.26,49.04,1,0,20.23,20.14
646177,50.7,50.51,645203,645203,0.14,49.26,49.04,1,0,19.93,20.14
646683,50.7,50.64,646203,646203,0.12,49.39,49.2,1,0,19.93,20.18
647189,50.78,50.64,646203,646203,0.12,49.39,49.2,1,0,19.82,20.18
647695,50.78,50.73,647203,647203,0.09,49.52,49.38,1,0,19.82,20.21
648201,50.82,50.73,647203,647203,0.09,49.52,49.38,1,0,19.67,20.21
648707,50.82,50.79,648211,648211,0.05,49.7,49.62,1,0,19.67,20.23
649213,50.82,50.81,649211,649211,0.01,49.9,49.87,1,0,19.67,20.23
649719,50.89,50.81,649211,649211,0.01,49.9,49.87,1,0,19.52,20.23
650225,50.89,50.86,650211,650211,0.05,49.73,49.65,1,0,19.52,20.25
650731,50.89,50.86,650211,650211,0.05,49.73,49.65,1,0,19.52,20.25
651237,51.03,50.98,651211,651211,0.11,49.41,49.24,1,0,19.28,20.3
651743,51.03,50.98,651211,651211,0.11,49.41,49.24,1,0,19.28,20.3
652249,51.09,51.06,652211,652211,0.07,49.6,49.49,1,0,19.33,20.34
652755,51.09,51.06,652211,652211,0.07,49.6,49.49,1,0,19.33,20.34
653261,51.1,51.09,653211,653211,0.03,49.84,49.79,1,0,19.18,20.31
653767,51.1,51.09,653211,653211,0.03,49.84,49.79,1,0,19.18,20.31
654273,51.1,51.1,654211,654211,0.01,49.94,49.93,1,0,19.18,20.31
654779,51.17,51.1,654211,654211,0.01,49.94,49.93,1,0,18.77,20.31
655285,51.17,51.15,655211,655211,0.04,49.75,49.67,1,0,18.77,20.34
655791,51.21,51.15,655211,655211,0.04,49.75,49.67,1,0,18.79,20.34
656297,51.21,51.19,656211,656211,0.04,49.77,49.7,1,0,18.79,20.37
656803,51.21,51.19,656211,656211,0.04,49.77,49.7,1,0,18.79,20.37
657309,51.21,51.21,657211,657211,0.01,49.92,49.9,1,0,18.79,20.37
657815,51.28,51.21,657211,657211,0.01,49.92,49.9,1,0,18.44,20.37
658321,51.28,51.25,658212,658212,0.04,49.76,49.68,1,0,18.44,20.38
658827,51.3,51.25,658212,658212,0.04,49.76,49.68,1,0,18.29,20.38
659333,51.3,51.29,659212,659212,0.03,49.82,49.77,1,0,18.29,20.37
659839,51.37,51.29,659212,659212,0.03,49.82,49.77,1,0,18.38,20.37
660345,51.37,51.35,660212,660212,0.05,49.71,49.62,1,0,18.38,20.42
660851,51.37,51.35,660212,660212,0.05,49.71,49.62,1,0,18.38,20.42
661357,51.4,51.36,661212,661212,0.01,49.9,49.87,1,0,18.01,20.42
661863,51.4,51.36,661212,661212,0.01,49.9,49.87,1,0,18.01,20.42
662369,51.4,51.39,662212,662212,0.02,49.88,49.84,1,0,18.01,20.42
662875,51.4,51.39,662212,662212,0.02,49.88,49.84,1,0,18.01,20.42
663381,51.4,51.4,663212,663212,0.0,49.95,49.94,1,0,17.76,20.43
663887,51.4,51.4,663212,663212,0.0,49.95,49.94,1,0,17.76,20.43
664393,51.4,51.4,664212,664212,0.0,49.98,49.98,1,0,17.76,20.43
664899,51.38,51.4,664212,664212,0.0,49.98,49.98,1,0,17.28,20.43
665405,51.38,51.39,665212,665212,0.0,50.05,50.07,1,0,17.28,20.4
665911,51.45,51.39,665212,665212,0.0,50.05,50.07,1,0,17.37,20.4
666417,51.45,51.43,666212,666212,0.04,49.78,49.72,1,0,17.37,20.42
666923,51.45,51.43,666212,666212,0.04,49.78,49.72,1,0,17.37,20.42
667429,51.45,51.44,667212,667212,0.01,49.93,49.9,1,0,17.37,20.42
667935,51.45,51.44,667212,667212,0.01,49.93,49.9,1,0,17.37,20.42
668441,51.43,51.45,668212,668212,0.0,49.97,49.97,1,0,17.32,20.42
668947,51.43,51.45,668212,668212,0.0,49.97,49.97,1,0,17.32,20.42
669453,51.43,51.43,669212,669212,0.0,50.07,50.09,1,0,17.0,20.41
669959,51.43,51.43,669212,669212,0.0,50.07,50.09,1,0,17.0,20.41
670465,51.43,51.43,670212,670212,0.0,50.02,50.03,1,0,17.0,20.42
670971,51.43,51.43,670212,670212,0.0,50.02,50.03,1,0,16.96,20.42
671477,51.43,51.43,671212,671212,0.0,50.0,50.0,1,0,16.96,20.44
671983,51.43,51.43,671212,671212,0.0,50.0,50.0,1,0,16.96,20.44
672489,51.43,51.43,672212,672212,0.0,50.0,50.0,1,0,16.96,20.44
672995,51.36,51.43,672212,672212,0.0,50.0,50.0,1,0,16.72,20.44
673501,51.36,51.38,673212,673212,0.0,50.23,50.29,1,0,16.72,20.4
674007,51.36,51.38,673212,673212,0.0,50.23,50.29,1,0,16.72,20.4
674513,51.33,51.35,674212,674212,0.0,50.17,50.22,1,0,17.26,20.38
675019,51.33,51.35,674212,674212,0.0,50.17,50.22,1,0,17.26,20.38
675525,51.33,51.34,675212,675212,0.0,50.05,50.07,1,0,17.26,20.38
676031,51.26,51.34,675212,675212,0.0,50.05,50.07,1,0,16.29,20.38
676537,51.26,51.29,676212,676212,0.0,50.24,50.31,1,0,16.29,20.37
677043,51.26,51.29,676212,676212,0.0,50.24,50.31,1,0,16.29,20.37
677549,51.26,51.27,677212,677212,0.0,50.08,50.1,1,0,16.29,20.37
678055,51.25,51.27,677212,677212,0.0,50.08,50.1,1,0,16.35,20.37
678561,51.25,51.26,678212,678212,0.0,50.06,50.08,1,0,16.35,20.38
679067,51.19,51.26,678212,678212,0.0,50.06,50.08,1,0,16.12,20.38
679573,51.19,51.21,679212,679212,0.0,50.24,50.31,1,0,16.12,20.36
680079,51.18,51.21,679212,679212,0.0,50.24,50.31,1,0,16.16,20.36
680585,51.18,51.19,680212,680212,0.0,50.08,50.11,1,0,16.16,20.34
681091,51.08,51.19,680212,680212,0.0,50.08,50.11,1,0,15.97,20.34
681597,51.08,51.12,681212,681212,0.0,50.38,50.49,1,0,15.97,20.33
682103,51.08,51.12,681212,681212,0.0,50.38,50.49,1,0,15.97,20.33
682609,51.08,51.09,682212,682212,0.0,50.12,50.16,1,0,15.97,20.33
683115,51.08,51.09,682212,682212,0.0,50.12,50.16,1,0,15.97,20.33
683621,51.0,51.08,683212,683212,0.0,50.04,50.05,1,0,16.44,20.33
684127,51.0,51.08,683212,683212,0.0,50.04,50.05,1,0,16.44,20.33
684633,51.0,51.03,684212,684212,0.0,50.28,50.37,1,0,16.44,20.31
685139,50.89,51.03,684212,684212,0.0,50.28,50.37,1,0,15.58,20.31
685645,50.89,50.94,685212,685212,0.0,50.45,50.58,1,0,15.58,20.28
686151,50.84,50.94,685212,685212,0.0,50.45,50.58,1,0,15.55,20.28
686657,50.84,50.87,686212,686212,0.0,50.33,50.43,1,0,15.55,20.26
687163,50.86,50.87,686212,686212,0.0,50.33,50.43,1,0,15.36,20.26
687669,50.86,50.86,687214,687214,0.0,50.02,50.03,1,0,15.36,20.24
688175,50.86,50.86,687214,687214,0.0,50.02,50.03,1,0,15.36,20.24
688681,50.75,50.86,688215,688215,0.0,50.0,50.01,1,0,15.27,20.24
689187,50.75,50.86,688215,688215,0.0,50.0,50.01,1,0,15.27,20.24
689693,50.71,50.79,689215,689215,0.0,50.36,50.46,1,0,15.42,20.22
690199,50.71,50.79,689215,689215,0.0,50.36,50.46,1,0,15.42,20.22
690705,50.71,50.74,690215,690215,0.0,50.25,50.32,1,0,15.42,20.22
691211,50.6,50.74,690215,690215,0.0,50.25,50.32,1,0,15.14,20.22
691717,50.6,50.65,691217,691217,0.0,50.45,50.58,1,1,15.14,20.18
692224,50.59,50.61,692223,692223,0.0,50.19,50.25,1,1,15.06,20.17
692730,50.59,50.61,692223,692223,0.0,50.19,50.25,1,1,15.06,20.17
693236,50.59,50.6,693224,693224,0.0,50.06,50.08,1,1,15.06,20.17
693742,50.59,50.6,693224,693224,0.0,50.06,50.08,1,1,15.06,20.17
694248,50.51,50.54,694224,694224,0.0,50.29,50.38,1,1,15.68,20.13
694754,50.51,50.54,694224,694224,0.0,50.29,50.38,1,1,15.68,20.13
695260,50.51,50.52,695224,695224,0.0,50.09,50.12,1,1,15.68,20.13
695766,49.76,50.52,695224,695224,0.0,50.09,50.12,1,1,16.57,20.13
696272,49.76,50.01,696224,696224,0.0,52.54,53.31,0,0,16.57,19.84
696778,49.02,50.01,696224,696224,0.0,52.54,53.31,0,0,16.76,19.84
697284,49.02,49.34,697224,697224,0.0,53.32,54.32,0,0,16.76,19.6
697790,48.35,49.34,697224,697224,0.0,53.32,54.32,0,0,16.83,19.6
698297,48.35,48.68,698224,698224,0.0,53.32,54.32,0,0,16.83,19.35
698803,48.35,48.68,698224,698224,0.0,53.32,54.32,0,0,16.83,19.35
699309,48.35,48.46,699224,699224,0.0,51.09,51.42,0,0,16.83,19.35
699815,47.64,48.46,699224,699224,0.0,51.09,51.42,0,0,16.16,19.35
700321,47.64,47.91,700224,700224,0.0,52.75,53.58,0,0,16.16,19.13
700827,47.64,47.91,700224,700224,0.0,52.75,53.58,0,0,16.16,19.13
701334,47.39,47.73,701224,701224,0.0,50.9,51.18,0,0,15.99,19.13
701840,47.39,47.73,701224,701224,0.0,50.9,51.18,0,0,15.99,19.13
702346,47.39,47.5,702224,702224,0.0,51.13,51.47,0,0,15.99,19.0
702852,47.26,47.5,702224,702224,0.0,51.13,51.47,0,0,16.03,19.0
703358,47.26,47.34,703224,703224,0.0,50.81,51.05,0,0,16.03,18.98
703871,47.25,47.34,703224,703224,0.0,50.81,51.05,0,0,15.77,18.98
704378,47.25,47.28,704224,704224,0.0,50.28,50.36,0,0,15.77,18.96
704884,47.25,47.28,704224,704224,0.0,50.28,50.36,0,0,15.77,18.96
705390,47.22,47.24,705224,705224,0.0,50.18,50.24,0,0,15.81,18.94
705896,47.22,47.24,705224,705224,0.0,50.18,50.24,0,0,15.81,18.94
706402,47.14,47.18,706232,706232,0.0,50.32,50.42,0,0,16.16,18.92
706908,47.14,47.18,706232,706232,0.0,50.32,50.42,0,0,16.16,18.92
707414,47.14,47.15,707233,707233,0.0,50.1,50.14,0,0,16.16,18.92
707920,47.14,47.15,707233,707233,0.0,50.1,50.14,0,0,15.99,18.92
708426,47.14,47.15,708233,708233,0.0,50.04,50.05,0,0,15.99,18.89
708932,47.14,47.15,708233,708233,0.0,50.04,50.05,0,0,15.99,18.89
709438,47.17,47.16,709233,709233,0.01,49.92,49.89,0,0,16.1,18.92
709944,47.17,47.16,709233,709233,0.01,49.92,49.89,0,0,16.1,18.92
710450,47.13,47.14,710233,710233,0.0,50.1,50.13,0,0,16.25,18.92
710956,47.13,47.14,710233,710233,0.0,50.1,50.13,0,0,16.25,18.92
711462,47.17,47.16,711246,711246,0.01,49.9,49.87,0,0,16.48,18.92
711968,47.17,47.16,711246,711246,0.01,49.9,49.87,0,0,16.48,18.92
712474,47.21,47.17,712247,712247,0.0,49.96,49.95,0,0,16.57,18.92
712980,47.21,47.17,712247,712247,0.0,49.96,49.95,0,0,16.57,18.92
713486,47.18,47.2,713247,713247,0.02,49.85,49.8,0,0,16.66,18.93
713993,47.18,47.2,713247,713247,0.02,49.85,49.8,0,0,16.66,18.93
714499,47.25,47.19,714247,714247,0.0,50.04,50.05,0,0,16.72,18.92
715005,47.25,47.19,714247,714247,0.0,50.04,50.05,0,0,16.72,18.92
715511,47.25,47.23,715247,715247,0.04,49.77,49.71,0,0,16.72,18.97
716017,47.29,47.23,715247,715247,0.04,49.77,49.71,0,0,17.09,18.97
716523,47.29,47.27,716247,716247,0.03,49.8,49.74,0,0,17.09,18.96
717029,47.29,47.27,716247,716247,0.03,49.8,49.74,0,0,17.09,18.96
717535,47.29,47.28,717247,717247,0.01,49.93,49.91,0,0,17.09,18.96
718041,47.36,47.28,717247,717247,0.01,49.93,49.91,0,0,17.3,18.96
718547,47.36,47.33,718247,718247,0.05,49.74,49.67,0,0,17.3,18.98
719053,47.36,47.33,718247,718247,0.05,49.74,49.67,0,0,17.3,18.98
719559,47.39,47.37,719247,719247,0.03,49.82,49.77,0,0,17.02,19.0
720065,47.39,47.37,719247,719247,0.03,49.82,49.77,0,0,17.02,19.0
720571,47.39,47.38,720249,720249,0.01,49.94,49.92,0,0,17.02,19.0
721077,47.43,47.38,720249,720249,0.01,49.94,49.92,0,0,17.69,19.0
721583,47.43,47.41,721250,721250,0.03,49.84,49.79,0,0,17.69,19.02
722089,47.43,47.41,721250,721250,0.03,49.84,49.79,0,0,17.69,19.02
722595,47.44,47.43,722250,722250,0.01,49.9,49.87,0,0,17.82,19.02
723101,47.44,47.43,722250,722250,0.01,49.9,49.87,0,0,17.82,19.02
723607,47.44,47.44,723250,723250,0.0,49.96,49.95,0,0,17.82,19.02
724113,47.4,47.44,723250,723250,0.0,49.96,49.95,0,0,18.06,19.02
724619,47.4,47.41,724250,724250,0.0,50.11,50.15,0,0,18.06,19.02
725125,47.4,47.41,724250,724250,0.0,50.11,50.15,0,0,18.06,19.02
725631,47.42,47.42,725250,725250,0.0,49.99,49.99,0,0,18.14,19.03
726137,47.42,47.42,725250,725250,0.0,49.99,49.99,0,0,18.14,19.03
726643,47.46,47.42,726251,726251,0.0,49.99,49.99,0,0,18.23,19.03
727149,47.46,47.42,726251,726251,0.0,49.99,49.99,0,0,18.23,19.03
727655,47.46,47.45,727251,727251,0.02,49.85,49.81,0,0,18.23,19.05
728161,47.43,47.45,727251,727251,0.02,49.85,49.81,0,0,18.29,19.05
728667,47.43,47.44,728251,728251,0.0,50.04,50.05,0,0,18.29,19.04
729173,47.42,47.44,728251,728251,0.0,50.04,50.05,0,0,18.64,19.04
729679,47.42,47.42,729251,729251,0.0,50.06,50.07,0,0,18.64,19.05
730185,47.42,47.42,729251,729251,0.0,50.06,50.07,0,0,18.64,19.05
730691,47.42,47.42,730251,730251,0.0,50.02,50.02,0,0,18.64,19.05
731197,47.49,47.42,730251,730251,0.0,50.02,50.02,0,0,18.9,19.05
731703,47.49,47.47,731251,731251,0.04,49.77,49.7,0,0,18.9,19.08
732209,47.49,47.47,731251,731251,0.04,49.77,49.7,0,0,18.9,19.08
732715,47.49,47.48,732251,732251,0.01,49.92,49.9,0,0,18.36,19.08
733221,47.49,47.48,732251,732251,0.01,49.92,49.9,0,0,18.36,19.08
733727,47.49,47.48,733251,733251,0.0,49.97,49.96,0,0,18.36,19.08
734233,47.55,47.48,733251,733251,0.0,49.97,49.96,0,0,19.11,19.08
734739,47.55,47.53,734251,734251,0.04,49.79,49.73,0,0,19.11,19.11
735245,47.51,47.53,734251,734251,0.04,49.79,49.73,0,0,19.33,19.11
735751,47.51,47.52,735255,735255,0.0,50.04,50.05,0,0,19.33,19.07
736257,47.57,47.55,736255,736255,0.03,49.82,49.77,0,0,19.5,19.09
736763,47.57,47.55,736255,736255,0.03,49.82,49.77,0,0,19.5,19.09
737269,47.57,47.56,737255,737255,0.01,49.94,49.92,0,0,19.5,19.09
737775,47.57,47.56,737255,737255,0.01,49.94,49.92,0,0,19.5,19.09
738281,47.58,47.58,738255,738255,0.01,49.93,49.91,0,0,19.67,19.11
738787,47.58,47.58,738255,738255,0.01,49.93,49.91,0,0,19.67,19.11
739293,47.61,47.6,739255,739255,0.02,49.89,49.86,0,0,19.74,19.1
739799,47.61,47.6,739255,739255,0.02,49.89,49.86,0,0,19.74,19.1
740305,47.6,47.6,740255,740255,0.0,49.99,49.99,0,0,19.93,19.12
740811,47.6,47.6,740255,740255,0.0,49.99,49.99,0,0,19.93,19.12
741317,47.6,47.6,741256,741256,0.0,49.99,49.99,0,0,19.93,19.12
741823,47.64,47.6,741256,741256,0.0,49.99,49.99,0,0,19.95,19.12
742329,47.64,47.62,742256,742256,0.02,49.86,49.82,0,0,19.95,19.13
742835,47.64,47.62,742256,742256,0.02,49.86,49.82,0,0,19.95,19.13
743341,47.69,47.67,743256,743256,0.04,49.77,49.7,0,0,20.17,19.14
743847,47.69,47.67,743256,743256,0.04,49.77,49.7,0,0,20.17,19.14
744353,47.73,47.71,744256,744256,0.04,49.79,49.73,0,0,20.28,19.16
744859,47.73,47.71,744256,744256,0.04,49.79,49.73,0,0,20.28,19.16
745365,47.73,47.72,745256,745256,0.01,49.93,49.91,0,0,20.28,19.16
745871,47.82,47.72,745256,745256,0.01,49.93,49.91,0,0,20.36,19.16
746377,47.82,47.78,746256,746256,0.06,49.69,49.59,0,0,20.36,19.21
746883,47.82,47.78,746256,746256,0.06,49.69,49.59,0,0,20.36,19.21
747389,47.8,47.8,747256,747256,0.01,49.94,49.92,0,0,20.45,19.21
747895,47.8,47.8,747256,747256,0.01,49.94,49.92,0,0,20.45,19.21
748401,47.87,47.84,748256,748256,0.04,49.76,49.69,0,0,20.75,19.22
748907,47.87,47.84,748256,748256,0.04,49.76,49.69,0,0,20.75,19.22
749413,47.87,47.86,749256,749256,0.01,49.92,49.89,0,0,20.75,19.22
749919,47.87,47.86,749256,749256,0.01,49.92,49.89,0,0,20.75,19.22
750425,47.87,47.86,750256,750256,0.0,49.97,49.96,0,0,20.75,19.22
750931,47.93,47.86,750256,750256,0.0,49.97,49.96,0,0,20.99,19.22
751437,47.93,47.91,751256,751256,0.04,49.76,49.69,0,0,20.99,19.24
751943,47.93,47.91,751256,751256,0.04,49.76,49.69,0,0,20.99,19.24
752449,48.0,47.97,752256,752256,0.06,49.68,49.59,0,0,21.01,19.27
752955,48.0,47.97,752256,752256,0.06,49.68,49.59,0,0,21.01,19.27
753461,48.04,47.99,753256,753256,0.02,49.89,49.86,0,0,21.16,19.27
753967,48.04,47.99,753256,753256,0.02,49.89,49.86,0,0,21.16,19.27
754473,48.04,48.03,754256,754256,0.03,49.83,49.78,0,0,21.16,19.27
754979,48.14,48.03,754256,754256,0.03,49.83,49.78,0,0,21.38,19.27
755485,48.14,48.1,755256,755256,0.07,49.62,49.5,0,0,21.38,19.32
755991,48.14,48.1,755256,755256,0.07,49.62,49.5,0,0,21.38,19.32
756497,48.14,48.13,756256,756256,0.02,49.87,49.83,0,0,21.38,19.32
757003,48.14,48.13,756256,756256,0.02,49.87,49.83,0,0,21.38,19.32
757509,48.2,48.17,757256,757256,0.04,49.77,49.7,0,0,21.61,19.35
758015,48.2,48.17,757256,757256,0.04,49.77,49.7,0,0,21.61,19.35
758521,48.19,48.19,758256,758256,0.01,49.92,49.9,0,0,21.38,19.35
759027,48.19,48.19,758256,758256,0.01,49.92,49.9,0,0,21.38,19.35
759533,48.27,48.19,759256,759256,0.0,49.98,49.98,0,0,21.57,19.34
760041,48.27,48.19,759256,759256,0.0,49.98,49.98,0,0,21.57,19.34
760547,48.27,48.25,760256,760256,0.05,49.71,49.63,0,0,21.57,19.38
761053,48.36,48.25,760256,760256,0.05,49.71,49.63,0,0,21.92,19.38
761559,48.36,48.32,761256,761256,0.07,49.63,49.52,0,0,21.92,19.4
762065,48.36,48.32,761256,761256,0.07,49.63,49.52,0,0,21.92,19.4
762571,48.44,48.34,762256,762256,0.02,49.87,49.84,0,0,21.9,19.4
763077,48.44,48.34,762256,762256,0.02,49.87,49.84,0,0,21.9,19.4
763583,48.45,48.41,763256,763256,0.06,49.67,49.57,0,0,21.98,19.45
764089,48.45,48.41,763256,763256,0.06,49.67,49.57,0,0,21.98,19.45
764595,48.45,48.44,764256,764256,0.02,49.85,49.81,0,0,21.98,19.45
765101,48.55,48.44,764256,764256,0.02,49.85,49.81,0,0,22.0,19.45
765607,48.55,48.51,765256,765256,0.07,49.63,49.51,0,0,22.0,19.48
766113,48.56,48.51,765256,765256,0.07,49.63,49.51,0,0,22.63,19.48
766619,48.56,48.55,766256,766256,0.03,49.83,49.78,0,0,22.63,19.47
767125,48.61,48.55,766256,766256,0.03,49.83,49.78,0,0,22.26,19.47
767631,48.61,48.59,767256,767256,0.04,49.78,49.72,0,0,22.26,19.46
768137,48.61,48.59,767256,767256,0.04,49.78,49.72,0,0,22.26,19.46
768643,48.61,48.6,768256,768256,0.01,49.92,49.9,0,0,22.26,19.46
769149,48.61,48.6,768256,768256,0.01,49.92,49.9,0,0,22.26,19.46
769655,48.72,48.61,769256,769256,0.0,49.97,49.96,0,0,22.26,19.46
770161,48.72,48.61,769256,769256,0.0,49.97,49.96,0,0,22.26,19.46
770667,48.72,48.68,770256,770256,0.07,49.61,49.49,0,0,22.26,19.52
771173,48.81,48.68,770256,770256,0.07,49.61,49.49,0,0,22.44,19.52
771679,48.81,48.77,771256,771256,0.08,49.59,49.46,0,0,22.44,19.57
772185,48.81,48.77,771256,771256,0.08,49.59,49.46,0,0,22.44,19.57
772691,48.85,48.79,772256,772256,0.02,49.86,49.82,0,0,22.61,19.57
773197,48.85,48.79,772256,772256,0.02,49.86,49.82,0,0,22.61,19.57
773703,48.85,48.83,773256,773256,0.04,49.79,49.72,0,0,22.61,19.56
774209,48.89,48.83,773256,773256,0.04,49.79,49.72,0,0,22.87,19.56
774715,48.89,48.87,774256,774256,0.03,49.82,49.77,0,0,22.87,19.59
775221,48.89,48.87,774256,774256,0.03,49.82,49.77,0,0,22.87,19.59
775727,49.0,48.88,775256,775256,0.01,49.94,49.92,0,0,22.76,19.59
776233,49.0,48.88,775256,775256,0.01,49.94,49.92,0,0,22.76,19.59
776739,49.0,48.96,776256,776256,0.07,49.61,49.49,0,0,22.76,19.63
777245,49.07,48.96,776256,776256,0.07,49.61,49.49,0,0,22.7,19.63
777751,49.07,49.04,777256,777256,0.07,49.61,49.49,0,0,22.7,19.66
778257,49.17,49.13,778256,778256,0.09,49.54,49.4,0,0,22.98,19.71
778763,49.17,49.13,778256,778256,0.09,49.54,49.4,0,0,22.98,19.71
779269,49.17,49.16,779256,779256,0.03,49.84,49.8,0,0,22.98,19.71
779775,49.14,49.16,779256,779256,0.03,49.84,49.8,0,0,22.98,19.71
780281,49.14,49.15,780256,780256,0.0,50.04,50.06,0,0,22.98,19.68
780787,49.14,49.15,780256,780256,0.0,50.04,50.06,0,0,22.98,19.68
781293,49.24,49.21,781256,781256,0.06,49.69,49.6,0,0,22.7,19.71
781799,49.24,49.21,781256,781256,0.06,49.69,49.6,0,0,22.7,19.71
782305,49.32,49.28,782256,782256,0.07,49.63,49.52,0,0,23.52,19.74
782811,49.32,49.28,782256,782256,0.07,49.63,49.52,0,0,23.52,19.74
783317,49.32,49.31,783256,783256,0.02,49.87,49.84,0,0,23.52,19.74
783823,49.32,49.31,783256,783256,0.02,49.87,49.84,0,0,23.52,19.74
784329,49.44,49.4,784256,784256,0.09,49.54,49.4,0,0,23.11,19.79
784835,49.44,49.4,784256,784256,0.09,49.54,49.4,0,0,23.11,19.79
785341,49.51,49.43,785256,785256,0.02,49.85,49.8,0,0,23.68,19.79
785847,49.51,49.43,785256,785256,0.02,49.85,49.8,0,0,23.68,19.79
786353,49.51,49.48,786256,786256,0.05,49.72,49.63,0,0,23.68,19.82
786859,49.61,49.48,786256,786256,0.05,49.72,49.63,0,0,23.55,19.82
787365,49.61,49.57,787256,787256,0.08,49.58,49.46,0,0,23.55,19.87
787871,49.66,49.57,787256,787256,0.08,49.58,49.46,0,0,23.81,19.87
788377,49.66,49.63,788256,788256,0.06,49.68,49.58,0,0,23.81,19.86
788883,49.66,49.63,788256,788256,0.06,49.68,49.58,0,0,23.81,19.86
789389,49.66,49.65,789256,789256,0.02,49.89,49.86,0,0,23.81,19.86
789895,49.66,49.65,789256,789256,0.02,49.89,49.86,0,0,23.81,19.86
790401,49.73,49.7,790256,790256,0.05,49.74,49.66,0,0,23.72,19.89
790907,49.73,49.7,790256,790256,0.05,49.74,49.66,0,0,23.72,19.89
791413,49.77,49.75,791256,791256,0.04,49.76,49.69,0,0,23.81,19.91
791919,49.77,49.75,791256,791256,0.04,49.76,49.69,0,0,23.81,19.91
792425,49.77,49.76,792256,792256,0.01,49.92,49.9,0,0,23.81,19.91
792931,49.83,49.76,792256,792256,0.01,49.92,49.9,0,0,23.87,19.91
793437,49.83,49.81,793256,793256,0.04,49.76,49.68,1,0,23.87,19.92
793943,49.9,49.81,793256,793256,0.04,49.76,49.68,1,0,24.6,19.92
794449,49.9,49.87,794256,794256,0.06,49.69,49.59,1,0,24.6,19.95
794955,49.94,49.87,794256,794256,0.06,49.69,49.59,1,0,24.16,19.95
795461,49.94,49.92,795256,795256,0.04,49.77,49.7,1,0,24.16,19.95
795967,50.01,49.92,795256,795256,0.04,49.77,49.7,1,0,24.07,19.95
796473,50.01,49.98,796256,796256,0.06,49.68,49.58,1,0,24.07,19.99
796979,50.01,49.98,796256,796256,0.06,49.68,49.58,1,0,24.07,19.99
797485,50.08,50.0,797256,797256,0.02,49.89,49.86,1,0,24.09,19.99
797991,50.08,50.0,797256,797256,0.02,49.89,49.86,1,0,24.09,19.99
798497,50.08,50.05,798256,798256,0.04,49.75,49.67,1,0,24.09,19.99
799003,50.08,50.05,798256,798256,0.04,49.75,49.67,1,0,24.09,19.99
799509,50.17,50.13,799256,799256,0.08,49.59,49.47,1,0,23.74,20.04
800015,50.17,50.13,799256,799256,0.08,49.59,49.47,1,0,23.74,20.04
800521,50.23,50.16,800256,800256,0.02,49.86,49.82,1,0,24.33,20.04
801027,50.23,50.16,800256,800256,0.02,49.86,49.82,1,0,24.33,20.04
801533,50.31,50.21,801256,801256,0.04,49.75,49.67,1,0,23.57,20.1
802039,50.31,50.21,801256,801256,0.04,49.75,49.67,1,0,23.57,20.1
802545,50.31,50.28,802256,802256,0.06,49.66,49.56,1,0,23.57,20.09
803051,50.31,50.28,802256,802256,0.06,49.66,49.56,1,0,23.57,20.09
803557,50.33,50.3,803256,803256,0.02,49.88,49.85,1,0,23.5,20.09
804063,50.33,50.3,803256,803256,0.02,49.88,49.85,1,0,23.5,20.09
804569,50.43,50.32,804256,804256,0.02,49.88,49.84,1,0,23.35,20.09
805075,50.43,50.32,804256,804256,0.02,49.88,49.84,1,0,23.35,20.09
805581,50.43,50.4,805256,805256,0.07,49.63,49.53,1,0,23.35,20.13
806087,50.47,50.4,805256,805256,0.07,49.63,49.53,1,0,23.26,20.13
806593,50.47,50.45,806256,806256,0.05,49.74,49.67,1,0,23.26,20.13
807099,50.55,50.45,806256,806256,0.05,49.74,49.67,1,0,22.7,20.13
807605,50.55,50.52,807256,807256,0.07,49.63,49.52,1,0,22.7,20.19
808111,50.55,50.52,807256,807256,0.07,49.63,49.52,1,0,22.7,20.19
808617,50.58,50.54,808256,808256,0.02,49.87,49.84,1,0,22.57,20.19
809123,50.58,50.54,808256,808256,0.02,49.87,49.84,1,0,22.57,20.19
809629,50.66,50.57,809256,809256,0.02,49.88,49.84,1,0,22.52,20.17
810135,50.66,50.57,809256,809256,0.02,49.88,49.84,1,0,22.52,20.17
810641,50.66,50.63,810256,810256,0.06,49.67,49.57,1,0,22.52,20.21
811147,50.77,50.63,810256,810256,0.06,49.67,49.57,1,0,22.31,20.21
811653,50.77,50.72,811256,811256,0.09,49.53,49.39,1,0,22.31,20.24
812159,50.77,50.72,811256,811256,0.09,49.53,49.39,1,0,22.31,20.24
812665,50.77,50.75,812256,812256,0.03,49.84,49.8,1,0,22.31,20.24
813171,50.91,50.75,812256,812256,0.03,49.84,49.8,1,0,22.18,20.24
813677,50.91,50.86,813256,813256,0.1,49.48,49.33,1,0,22.18,20.3
814183,50.93,50.86,813256,813256,0.1,49.48,49.33,1,0,21.79,20.3
814689,50.93,50.91,814256,814256,0.04,49.75,49.68,1,0,21.79,20.28
815195,50.93,50.91,814256,814256,0.04,49.75,49.68,1,0,21.79,20.28
815701,50.93,50.92,815256,815256,0.01,49.91,49.89,1,0,21.79,20.28
816207,51.09,50.92,815256,815256,0.01,49.91,49.89,1,0,21.48,20.28
816713,51.09,51.04,816256,816256,0.11,49.42,49.24,1,0,21.48,20.34
817219,51.15,51.04,816256,816256,0.11,49.42,49.24,1,0,21.42,20.34
817725,51.15,51.11,817256,817256,0.07,49.63,49.51,1,0,21.42,20.36
818231,51.15,51.11,817256,817256,0.07,49.63,49.51,1,0,21.42,20.36
818737,51.31,51.14,818256,818256,0.02,49.87,49.84,1,0,21.14,20.36
819243,51.31,51.14,818256,818256,0.02,49.87,49.84,1,0,21.14,20.36
819749,51.39,51.25,819256,819256,0.11,49.41,49.24,1,0,20.99,20.41
820255,51.39,51.25,819256,819256,0.11,49.41,49.24,1,0,20.99,20.41
820761,51.39,51.34,820261,820261,0.09,49.53,49.4,1,0,20.99,20.44
821267,51.47,51.43,821262,821262,0.08,49.58,49.45,1,0,20.86,20.45
821773,51.47,51.43,821262,821262,0.08,49.58,49.45,1,0,20.86,20.45
822279,51.47,51.46,822262,822262,0.02,49.86,49.82,1,0,20.86,20.45
822785,51.65,51.46,822262,822262,0.02,49.86,49.82,1,0,20.51,20.45
823291,51.65,51.58,823262,823262,0.12,49.35,49.16,1,0,20.51,20.52
823797,51.65,51.58,823262,823262,0.12,49.35,49.16,1,0,20.51,20.52
824303,51.76,51.7,824262,824262,0.11,49.4,49.23,1,0,20.3,20.58
824809,51.76,51.7,824262,824262,0.11,49.4,49.23,1,0,20.3,20.58
825315,51.84,51.79,825263,825263,0.09,49.54,49.4,1,0,20.17,20.6
825821,51.84,51.79,825263,825263,0.09,49.54,49.4,1,0,20.17,20.6
826327,51.89,51.86,826263,826263,0.06,49.66,49.56,1,0,20.0,20.61
826833,51.89,51.86,826263,826263,0.06,49.66,49.56,1,0,20.0,20.61
827339,51.97,51.88,827263,827263,0.02,49.88,49.85,1,0,19.8,20.61
827845,51.97,51.88,827263,827263,0.02,49.88,49.85,1,0,19.8,20.61
828351,51.97,51.94,828263,828263,0.05,49.7,49.61,1,0,19.8,20.62
828857,52.1,51.94,828263,828263,0.05,49.7,49.61,1,0,19.76,20.62
829363,52.1,52.04,829263,829263,0.1,49.48,49.33,1,0,19.76,20.67
829869,52.1,52.04,829263,829263,0.1,49.48,49.33,1,0,19.76,20.67
830375,52.17,52.13,830263,830263,0.08,49.56,49.43,1,0,19.72,20.7
830881,52.17,52.13,830263,830263,0.08,49.56,49.43,1,0,19.72,20.7
831387,52.23,52.2,831263,831263,0.06,49.67,49.57,1,0,19.37,20.71
831893,52.23,52.2,831263,831263,0.06,49.67,49.57,1,0,19.37,20.71
832399,52.24,52.23,832263,832263,0.03,49.84,49.79,1,0,19.37,20.72
832906,52.24,52.23,832263,832263,0.03,49.84,49.79,1,0,19.37,20.72
833412,52.33,52.29,833263,833263,0.06,49.67,49.57,1,0,19.24,20.76
833918,52.33,52.29,833263,833263,0.06,49.67,49.57,1,0,19.24,20.76
834424,52.34,52.32,834263,834263,0.02,49.89,49.85,1,0,18.92,20.76
834930,52.34,52.32,834263,834263,0.02,49.89,49.85,1,0,18.92,20.76
835436,52.34,52.33,835263,835263,0.01,49.92,49.9,1,0,18.92,20.75
835951,52.41,52.33,835263,835263,0.01,49.92,49.9,1,0,18.7,20.75
836458,52.41,52.38,836263,836263,0.05,49.73,49.66,1,0,18.7,20.78
836964,52.41,52.38,836263,836263,0.05,49.73,49.66,1,0,18.7,20.78
837470,52.47,52.44,837263,837263,0.06,49.69,49.6,1,0,18.62,20.79
837976,52.47,52.44,837263,837263,0.06,49.69,49.6,1,0,18.62,20.79
838482,52.47,52.46,838263,838263,0.01,49.9,49.87,1,0,18.62,20.79
838988,52.46,52.46,838263,838263,0.01,49.9,49.87,1,0,18.4,20.79
839494,52.46,52.46,839263,839263,0.0,50.0,50.0,1,0,18.4,20.8
840000,52.53,52.46,839263,839263,0.0,50.0,50.0,1,0,18.27,20.8
840506,52.53,52.51,840263,840263,0.04,49.76,49.69,1,0,18.27,20.83
841012,52.5,52.51,840263,840263,0.04,49.76,49.69,1,0,18.16,20.83
841518,52.5,52.5,841263,841263,0.0,50.01,50.02,1,0,18.16,20.81
842024,52.5,52.5,841263,841263,0.0,50.01,50.02,1,0,18.16,20.81
842530,52.51,52.5,842263,842263,0.0,50.0,50.0,1,0,18.12,20.81
843037,52.51,52.5,842263,842263,0.0,50.0,50.0,1,0,18.12,20.81
843543,52.51,52.51,843263,843263,0.0,49.96,49.95,1,0,18.12,20.8
844049,52.55,52.51,843263,843263,0.0,49.96,49.95,1,0,17.73,20.8
844555,52.55,52.54,844263,844263,0.02,49.85,49.81,1,0,17.73,20.8
845061,52.55,52.54,844263,844263,0.02,49.85,49.81,1,0,17.73,20.8
845567,52.55,52.55,845265,845265,0.0,49.95,49.93,1,0,17.73,20.8
846073,52.55,52.55,845265,845265,0.0,49.95,49.93,1,0,17.58,20.8
846579,52.55,52.55,846265,846265,0.0,49.97,49.97,1,0,17.58,20.82
847085,52.49,52.55,846265,846265,0.0,49.97,49.97,1,0,17.43,20.82
847591,52.49,52.51,847265,847265,0.0,50.22,50.29,1,0,17.43,20.79
848097,52.49,52.51,847265,847265,0.0,50.22,50.29,1,0,17.43,20.79
848603,52.49,52.49,848265,848265,0.0,50.07,50.09,1,0,17.43,20.79
849109,52.49,52.49,848265,848265,0.0,50.07,50.09,1,0,17.43,20.79
849615,52.5,52.49,849267,849267,0.0,50.02,50.03,1,0,16.51,20.79
850121,52.5,52.49,849267,849267,0.0,50.02,50.03,1,0,16.51,20.79
850627,52.5,52.5,850267,850267,0.0,49.96,49.95,1,0,16.51,20.8
851133,52.46,52.5,850267,850267,0.0,49.96,49.95,1,0,17.2,20.8
851639,52.46,52.47,851267,851267,0.0,50.11,50.14,1,0,17.2,20.8
852145,52.46,52.47,851267,851267,0.0,50.11,50.14,1,0,17.2,20.8
852651,52.46,52.47,852267,852267,0.0,50.03,50.04,1,0,17.2,20.8
853157,52.47,52.47,852267,852267,0.0,50.03,50.04,1,0,17.02,20.8
853663,52.47,52.47,853267,853267,0.0,49.98,49.97,1,0,17.02,20.77
854169,52.47,52.47,853267,853267,0.0,49.98,49.97,1,0,17.02,20.77
854675,52.47,52.47,854267,854267,0.0,49.99,49.99,1,0,17.02,20.77
855181,52.34,52.47,854267,854267,0.0,49.99,49.99,1,0,16.7,20.77
855687,52.34,52.38,855267,855267,0.0,50.43,50.56,1,0,16.7,20.76
856193,52.34,52.38,855267,855267,0.0,50.43,50.56,1,0,16.7,20.76
856699,52.35,52.36,856267,856267,0.0,50.09,50.12,1,0,16.48,20.77
857205,52.35,52.36,856267,856267,0.0,50.09,50.12,1,0,16.48,20.77
857711,52.35,52.36,857267,857267,0.0,50.03,50.04,1,0,16.48,20.77
858217,52.28,52.36,857267,857267,0.0,50.03,50.04,1,0,16.42,20.77
858723,52.28,52.31,858267,858267,0.0,50.24,50.31,1,0,16.42,20.74
859229,52.28,52.31,858267,858267,0.0,50.24,50.31,1,0,16.42,20.74
859735,52.25,52.29,859267,859267,0.0,50.07,50.1,1,0,16.2,20.74
860241,52.25,52.29,859267,859267,0.0,50.07,50.1,1,0,16.2,20.74
860747,52.12,52.26,860267,860267,0.0,50.14,50.19,1,0,16.22,20.74
861253,52.12,52.26,860267,860267,0.0,50.14,50.19,1,0,16.22,20.74
861759,52.12,52.17,861267,861267,0.0,50.46,50.6,1,0,16.22,20.69
862265,52.06,52.17,861267,861267,0.0,50.46,50.6,1,0,15.97,20.69
862771,52.06,52.09,862271,862271,0.0,50.38,50.49,1,0,15.97,20.67
863277,51.99,52.03,863271,863271,0.0,50.34,50.44,1,0,15.94,20.66
863783,51.99,52.03,863271,863271,0.0,50.34,50.44,1,0,15.94,20.66
864289,52.0,52.01,864271,864271,0.0,50.08,50.1,1,0,15.86,20.64
864795,52.0,52.01,864271,864271,0.0,50.08,50.1,1,0,15.86,20.64
865301,52.0,52.0,865272,865272,0.0,50.02,50.03,1,0,15.86,20.64
865807,52.0,52.0,865272,865272,0.0,50.02,50.03,1,0,15.86,20.64
866314,51.88,52.0,866272,866272,0.0,50.0,50.01,1,0,15.45,20.64
866821,51.88,52.0,866272,866272,0.0,50.0,50.01,1,0,15.45,20.64
867327,51.88,51.92,867272,867272,0.0,50.39,50.5,1,1,15.45,20.64
867833,51.88,51.92,867272,867272,0.0,50.39,50.5,1,1,15.45,20.64
868339,51.75,51.81,868275,868275,0.0,50.57,50.74,1,1,15.53,20.6
868845,51.75,51.81,868275,868275,0.0,50.57,50.74,1,1,15.53,20.6
869351,51.75,51.77,869275,869275,0.0,50.18,50.24,1,1,15.53,20.6
869857,51.71,51.77,869275,869275,0.0,50.18,50.24,1,1,16.42,20.6
870363,51.71,51.73,870275,870275,0.0,50.21,50.28,1,1,16.42,20.56
870869,51.71,51.73,870275,870275,0.0,50.21,50.28,1,1,16.42,20.56
871375,50.95,51.71,871275,871275,0.0,50.07,50.09,1,1,17.0,20.56
871881,50.95,51.71,871275,871275,0.0,50.07,50.09,1,1,17.0,20.56
872387,50.95,51.2,872278,872278,0.0,52.54,53.3,0,0,17.0,20.27
872893,50.95,51.2,872278,872278,0.0,52.54,53.3,0,0,17.0,20.27
873399,49.68,50.18,873278,873278,0.0,55.1,56.63,0,0,17.32,19.84
873905,49.68,50.18,873278,873278,0.0,55.1,56.63,0,0,17.32,19.84
874411,49.68,49.85,874278,874278,0.0,51.68,52.18,0,0,17.32,19.84
874917,49.02,49.85,874278,874278,0.0,51.68,52.18,0,0,16.51,19.84
875423,49.02,49.29,875278,875278,0.0,52.77,53.61,0,0,16.51,19.6
875929,49.02,49.29,875278,875278,0.0,52.77,53.61,0,0,16.51,19.6
876435,48.54,48.79,876278,876278,0.0,52.5,53.25,0,0,16.44,19.44
876941,48.54,48.79,876278,876278,0.0,52.5,53.25,0,0,16.44,19.44
877447,48.54,48.62,877278,877278,0.0,50.82,51.07,0,0,16.44,19.44
877953,48.54,48.62,877278,877278,0.0,50.82,51.07,0,0,16.44,19.44
878459,48.54,48.57,878278,878278,0.0,50.27,50.35,0,0,16.44,19.44
878965,48.54,48.57,878278,878278,0.0,50.27,50.35,0,0,16.44,19.44
879471,48.2,48.33,879278,879278,0.0,51.22,51.59,0,0,16.29,19.32
879977,48.2,48.33,879278,879278,0.0,51.22,51.59,0,0,16.29,19.32
880483,48.2,48.24,880279,880279,0.0,50.4,50.52,0,0,16.29,19.32
880989,48.24,48.24,880279,880279,0.0,50.4,50.52,0,0,16.22,19.32
881495,48.24,48.24,881279,881279,0.0,50.0,50.0,0,0,16.22,19.31
882001,48.24,48.24,881279,881279,0.0,50.0,50.0,0,0,16.22,19.31
882507,48.17,48.2,882279,882279,0.0,50.23,50.3,0,0,16.29,19.29
883013,48.17,48.2,882279,882279,0.0,50.23,50.3,0,0,16.29,19.29
883519,48.14,48.18,883279,883279,0.0,50.07,50.09,0,0,16.44,19.29
884026,48.14,48.18,883279,883279,0.0,50.07,50.09,0,0,16.44,19.29
884532,48.14,48.15,884279,884279,0.0,50.15,50.19,0,0,16.44,19.29
885038,48.19,48.15,884279,884279,0.0,50.15,50.19,0,0,16.57,19.29
885544,48.19,48.18,885279,885279,0.02,49.87,49.83,0,0,16.57,19.31
886050,48.19,48.18,885279,885279,0.02,49.87,49.83,0,0,16.57,19.31
886556,48.19,48.18,886279,886279,0.0,49.95,49.94,0,0,16.57,19.31
887062,48.22,48.18,886279,886279,0.0,49.95,49.94,0,0,16.76,19.31
887568,48.22,48.21,887279,887279,0.02,49.88,49.84,0,0,16.76,19.32
888074,48.22,48.21,887279,887279,0.02,49.88,49.84,0,0,16.76,19.32
888580,48.18,48.19,888279,888279,0.0,50.09,50.12,0,0,16.83,19.31
889086,48.18,48.19,888279,888279,0.0,50.09,50.12,0,0,16.83,19.31
889592,48.23,48.18,889279,889279,0.0,50.03,50.04,0,0,17.13,19.31
890098,48.23,48.18,889279,889279,0.0,50.03,50.04,0,0,17.13,19.31
890604,48.23,48.21,890279,890279,0.03,49.82,49.77,0,0,17.13,19.33
891110,48.23,48.21,890279,890279,0.03,49.82,49.77,0,0,17.13,19.33
891616,48.23,48.23,891279,891279,0.01,49.94,49.92,0,0,17.13,19.33
892122,48.31,48.23,891279,891279,0.01,49.94,49.92,0,0,17.39,19.33
892628,48.31,48.28,892279,892279,0.05,49.71,49.62,0,0,17.39,19.36
893134,48.3,48.28,892279,892279,0.05,49.71,49.62,0,0,17.32,19.36
893640,48.3,48.29,893279,893279,0.0,49.95,49.93,0,0,17.32,19.36
894146,48.3,48.29,893279,893279,0.0,49.95,49.93,0,0,17.32,19.36
894652,48.34,48.32,894290,894290,0.03,49.84,49.8,0,0,17.63,19.36
895158,48.34,48.32,894290,894290,0.03,49.84,49.8,0,0,17.63,19.36
895664,48.38,48.33,895291,895291,0.01,49.94,49.93,0,0,17.93,19.36
896170,48.38,48.33,895291,895291,0.01,49.94,49.93,0,0,17.93,19.36
896676,48.37,48.37,896291,896291,0.03,49.83,49.78,0,0,17.91,19.4
897182,48.37,48.37,896291,896291,0.03,49.83,49.78,0,0,17.91,19.4
897688,48.37,48.37,897291,897291,0.0,49.99,49.98,0,0,17.91,19.4
898194,48.37,48.37,897291,897291,0.0,49.99,49.98,0,0,17.91,19.4
898700,48.42,48.37,898291,898291,0.0,49.99,49.99,0,0,18.25,19.4
899206,48.42,48.37,898291,898291,0.0,49.99,49.99,0,0,18.25,19.4
899712,48.42,48.4,899291,899291,0.03,49.83,49.77,0,0,18.38,19.4
900218,48.42,48.4,899291,899291,0.03,49.83,49.77,0,0,18.38,19.4
900724,48.42,48.42,900291,900291,0.01,49.93,49.92,0,0,18.38,19.41
901230,48.41,48.42,900291,900291,0.01,49.93,49.92,0,0,18.47,19.41
901736,48.41,48.41,901291,901291,0.0,50.01,50.02,0,0,18.47,19.42
902242,48.4,48.41,901291,901291,0.0,50.01,50.02,0,0,18.81,19.42
902748,48.4,48.4,902291,902291,0.0,50.05,50.06,0,0,18.81,19.4
903254,48.41,48.4,902291,902291,0.0,50.05,50.06,0,0,18.7,19.4
903760,48.41,48.41,903291,903291,0.0,49.98,49.97,0,0,18.7,19.41
904266,48.41,48.41,903291,903291,0.0,49.98,49.97,0,0,18.7,19.41
904772,48.44,48.41,904291,904291,0.0,49.99,49.99,0,0,18.94,19.41
905278,48.44,48.41,904291,904291,0.0,49.99,49.99,0,0,18.94,19.41
905784,48.47,48.43,905291,905291,0.02,49.88,49.84,0,0,19.03,19.45
906291,48.47,48.45,906291,906291,0.02,49.88,49.84,0,0,19.03,19.44
906797,48.47,48.45,906291,906291,0.02,49.88,49.84,0,0,19.03,19.44
907303,48.47,48.46,907291,907291,0.0,49.96,49.95,0,0,19.03,19.44
907809,48.45,48.46,907291,907291,0.0,49.96,49.95,0,0,19.13,19.44
908315,48.45,48.45,908291,908291,0.0,50.03,50.04,0,0,19.13,19.42
908821,48.47,48.45,908291,908291,0.0,50.03,50.04,0,0,19.22,19.42
909327,48.47,48.46,909291,909291,0.0,49.95,49.94,0,0,19.22,19.45
909833,48.42,48.46,909291,909291,0.0,49.95,49.94,0,0,19.52,19.45
910339,48.42,48.43,910291,910291,0.0,50.14,50.18,0,0,19.52,19.41
910845,48.42,48.43,910291,910291,0.0,50.14,50.18,0,0,19.52,19.41
911351,48.49,48.47,911291,911291,0.03,49.8,49.74,0,0,19.59,19.45
911857,48.49,48.47,911291,911291,0.03,49.8,49.74,0,0,19.59,19.45
912363,48.49,48.49,912291,912291,0.01,49.93,49.91,0,0,19.59,19.45
912869,48.49,48.49,912291,912291,0.01,49.93,49.91,0,0,19.59,19.45
913375,48.47,48.49,913291,913291,0.0,49.97,49.97,0,0,20.02,19.45
913881,48.47,48.49,913291,913291,0.0,49.97,49.97,0,0,20.02,19.45
914387,48.47,48.47,914291,914291,0.0,50.07,50.1,0,0,20.02,19.45
914893,48.47,48.47,914291,914291,0.0,50.07,50.1,0,0,20.02,19.45
915399,48.47,48.47,915291,915291,0.0,50.02,50.03,0,0,20.02,19.45
915905,48.49,48.47,915291,915291,0.0,50.02,50.03,0,0,20.1,19.45
916411,48.49,48.49,916291,916291,0.01,49.91,49.89,0,0,20.1,19.46
916917,48.52,48.49,916291,916291,0.01,49.91,49.89,0,0,20.45,19.46
917423,48.52,48.51,917291,917291,0.02,49.89,49.86,0,0,20.45,19.46
917929,48.55,48.51,917291,917291,0.02,49.89,49.86,0,0,20.19,19.46
918435,48.55,48.54,918291,918291,0.03,49.84,49.8,0,0,20.19,19.5
918941,48.55,48.54,918291,918291,0.03,49.84,49.8,0,0,20.19,19.5
919447,48.55,48.55,919292,919292,0.01,49.94,49.93,0,0,20.19,19.5
919953,48.61,48.55,919292,919292,0.01,49.94,49.93,0,0,20.53,19.5
920459,48.61,48.59,920293,920293,0.04,49.77,49.71,0,0,20.53,19.49
920965,48.6,48.59,920293,920293,0.04,49.77,49.71,0,0,20.69,19.49
921471,48.6,48.6,921293,921293,0.0,49.95,49.94,0,0,20.69,19.51
921977,48.6,48.6,921293,921293,0.0,49.95,49.94,0,0,20.69,19.51
922483,48.66,48.64,922293,922293,0.03,49.8,49.74,0,0,21.27,19.52
922989,48.66,48.64,922293,922293,0.03,49.8,49.74,0,0,21.27,19.52
923495,48.66,48.65,923293,923293,0.01,49.93,49.91,0,0,21.27,19.52
924001,48.74,48.65,923293,923293,0.01,49.93,49.91,0,0,20.88,19.52
924507,48.74,48.71,924293,924293,0.05,49.7,49.61,0,0,20.88,19.56
925013,48.77,48.71,924293,924293,0.05,49.7,49.61,0,0,21.16,19.56
925519,48.77,48.75,925293,925293,0.03,49.8,49.75,0,0,21.16,19.57
926025,48.77,48.75,925293,925293,0.03,49.8,49.75,0,0,21.16,19.57
926531,48.78,48.77,926293,926293,0.02,49.89,49.85,0,0,21.01,19.57
927037,48.78,48.77,926293,926293,0.02,49.89,49.85,0,0,21.01,19.57
927543,48.81,48.79,927293,927293,0.02,49.88,49.84,0,0,21.2,19.58
928049,48.81,48.79,927293,927293,0.02,49.88,49.84,0,0,21.2,19.58
928555,48.79,48.8,928293,928293,0.0,49.96,49.94,0,0,21.44,19.58
929061,48.79,48.8,928293,928293,0.0,49.96,49.94,0,0,21.44,19.58
929567,48.79,48.8,929293,929293,0.0,50.02,50.02,0,0,21.44,19.58
930073,48.9,48.8,929293,929293,0.0,50.02,50.02,0,0,21.46,19.58
930579,48.9,48.87,930295,930295,0.07,49.64,49.53,0,0,21.46,19.62
931085,48.9,48.87,930295,930295,0.07,49.64,49.53,0,0,21.46,19.62
931591,48.9,48.89,931295,931295,0.02,49.88,49.84,0,0,21.46,19.62
932097,48.9,48.89,931295,931295,0.02,49.88,49.84,0,0,21.46,19.62
932603,48.97,48.9,932295,932295,0.0,49.96,49.94,0,0,21.44,19.62
933109,48.97,48.9,932295,932295,0.0,49.96,49.94,0,0,21.44,19.62
933615,49.03,48.95,933295,933295,0.04,49.76,49.69,0,0,21.66,19.65
934121,49.03,48.95,933295,933295,0.04,49.76,49.69,0,0,21.66,19.65
934627,49.05,49.0,934295,934295,0.05,49.72,49.64,0,0,21.87,19.68
935133,49.05,49.0,934295,934295,0.05,49.72,49.64,0,0,21.87,19.68
935639,49.05,49.04,935295,935295,0.03,49.82,49.77,0,0,21.87,19.68
936145,49.05,49.04,935295,935295,0.03,49.82,49.77,0,0,21.94,19.68
936651,49.05,49.05,936295,936295,0.01,49.94,49.93,0,0,21.94,19.67
937157,49.05,49.05,936295,936295,0.01,49.94,49.93,0,0,21.94,19.67
937663,49.17,49.05,937295,937295,0.0,49.98,49.97,0,0,22.13,19.67
938169,49.17,49.05,937295,937295,0.0,49.98,49.97,0,0,22.13,19.67
938675,49.17,49.13,938295,938295,0.08,49.58,49.45,0,0,22.13,19.72
939181,49.17,49.13,938295,938295,0.08,49.58,49.45,0,0,22.13,19.72
939687,49.17,49.16,939295,939295,0.02,49.87,49.83,0,0,22.13,19.7
940193,49.17,49.16,939295,939295,0.02,49.87,49.83,0,0,22.13,19.7
940699,49.17,49.17,940295,940295,0.0,49.95,49.94,0,0,22.13,19.7
941205,49.17,49.17,940295,940295,0.0,49.95,49.94,0,0,22.13,19.7
941711,49.17,49.17,941295,941295,0.0,49.98,49.98,0,0,22.13,19.7
942217,49.33,49.17,941295,941295,0.0,49.98,49.98,0,0,22.48,19.7
942723,49.33,49.28,942295,942295,0.1,49.45,49.28,0,0,22.48,19.74
943229,49.42,49.28,942295,942295,0.1,49.45,49.28,0,0,22.5,19.74
943735,49.42,49.37,943295,943295,0.09,49.53,49.39,0,0,22.5,19.8
944241,49.42,49.37,943295,943295,0.09,49.53,49.39,0,0,22.5,19.8
944747,49.42,49.4,944295,944295,0.03,49.84,49.79,0,0,22.5,19.8
945253,49.46,49.4,944295,944295,0.03,49.84,49.79,0,0,22.72,19.8
945759,49.46,49.44,945295,945295,0.03,49.81,49.75,0,0,22.72,19.81
946265,49.55,49.44,945295,945295,0.03,49.81,49.75,0,0,22.74,19.81
946771,49.55,49.52,946295,946295,0.07,49.61,49.5,0,0,22.74,19.85
947277,49.55,49.52,946295,946295,0.07,49.61,49.5,0,0,22.74,19.85
947783,49.58,49.54,947295,947295,0.02,49.87,49.83,0,0,22.85,19.85
948289,49.58,49.54,947295,947295,0.02,49.87,49.83,0,0,22.85,19.85
948795,49.69,49.57,948299,948299,0.02,49.87,49.83,0,0,22.85,19.84
949301,49.69,49.65,949300,949300,0.08,49.58,49.45,1,0,22.85,19.91
949807,49.69,49.65,949300,949300,0.08,49.58,49.45,1,0,22.85,19.91
950313,49.71,49.69,950300,950300,0.04,49.78,49.72,1,0,22.98,19.9
950819,49.71,49.69,950300,950300,0.04,49.78,49.72,1,0,22.98,19.9
951325,49.8,49.76,951300,951300,0.06,49.65,49.54,1,0,23.05,19.93
951831,49.8,49.76,951300,951300,0.06,49.65,49.54,1,0,23.05,19.93
952337,49.8,49.79,952300,952300,0.02,49.88,49.85,1,0,23.05,19.93
952843,49.81,49.79,952300,952300,0.02,49.88,49.85,1,0,23.2,19.93
953349,49.81,49.8,953300,953300,0.01,49.92,49.9,1,0,23.2,19.92
953855,49.81,49.8,953300,953300,0.01,49.92,49.9,1,0,23.2,19.92
954361,49.81,49.81,954300,954300,0.0,49.97,49.96,1,0,23.2,19.92
954867,49.89,49.81,954300,954300,0.0,49.97,49.96,1,0,23.2,19.92
955373,49.89,49.86,955300,955300,0.05,49.71,49.63,1,0,23.2,19.96
955879,49.89,49.86,955300,955300,0.05,49.71,49.63,1,0,23.2,19.96
956385,49.89,49.88,956300,956300,0.01,49.9,49.87,1,0,23.2,19.96
956891,49.89,49.88,956300,956300,0.01,49.9,49.87,1,0,23.2,19.96
957397,50.01,49.97,957300,957300,0.08,49.55,49.42,1,0,23.02,20.01
957903,50.01,49.97,957300,957300,0.08,49.55,49.42,1,0,23.02,20.01
958409,50.01,50.0,958300,958300,0.02,49.85,49.8,1,0,23.02,20.01
958915,50.04,50.0,958300,958300,0.02,49.85,49.8,1,0,22.63,20.01
959421,50.04,50.03,959300,959300,0.02,49.86,49.82,1,0,22.63,20.01
959927,50.04,50.03,959300,959300,0.02,49.86,49.82,1,0,22.63,20.01
960433,50.08,50.06,960300,960300,0.03,49.81,49.76,1,0,22.46,20.03
960939,50.08,50.06,960300,960300,0.03,49.81,49.76,1,0,22.46,20.03
961445,50.08,50.08,961300,961300,0.01,49.93,49.92,1,0,22.46,20.03
961951,50.08,50.08,961300,961300,0.01,49.93,49.92,1,0,22.46,20.03
962457,50.08,50.08,962300,962300,0.0,49.98,49.97,1,0,22.46,20.03
962963,50.22,50.08,962300,962300,0.0,49.98,49.97,1,0,22.31,20.03
963469,50.22,50.17,963300,963300,0.09,49.53,49.39,1,0,22.31,20.08
963975,50.34,50.17,963300,963300,0.09,49.53,49.39,1,0,22.03,20.08
964481,50.34,50.29,964300,964300,0.11,49.43,49.26,1,0,22.03,20.13
964987,50.34,50.29,964300,964300,0.11,49.43,49.26,1,0,22.03,20.13
965493,50.39,50.32,965300,965300,0.03,49.81,49.75,1,0,21.83,20.13
965999,50.39,50.32,965300,965300,0.03,49.81,49.75,1,0,21.83,20.13
966505,50.39,50.37,966300,966300,0.04,49.76,49.69,1,0,21.83,20.15
967011,50.46,50.37,966300,966300,0.04,49.76,49.69,1,0,21.68,20.15
967517,50.46,50.43,967300,967300,0.05,49.7,49.61,1,0,21.68,20.14
968023,50.53,50.43,967300,967300,0.05,49.7,49.61,1,0,21.35,20.14
968529,50.53,50.49,968300,968300,0.06,49.67,49.58,1,0,21.35,20.15
969035,50.64,50.49,968300,968300,0.06,49.67,49.58,1,0,21.46,20.15
969541,50.64,50.59,969300,969300,0.09,49.52,49.37,1,0,21.46,20.21
970048,50.64,50.59,969300,969300,0.09,49.52,49.37,1,0,21.46,20.21
970554,50.64,50.62,970300,970300,0.03,49.84,49.79,1,0,20.99,20.21
971060,50.64,50.62,970300,970300,0.03,49.84,49.79,1,0,20.99,20.21
971566,50.64,50.63,971300,971300,0.01,49.94,49.93,1,0,20.99,20.21
972072,50.82,50.63,971300,971300,0.01,49.94,49.93,1,0,20.77,20.21
972578,50.82,50.75,972300,972300,0.12,49.38,49.2,1,0,20.77,20.29
973084,50.82,50.75,972300,972300,0.12,49.38,49.2,1,0,20.77,20.29
973590,50.82,50.8,973300,973300,0.04,49.79,49.73,1,0,20.77,20.29
974096,50.95,50.8,973300,973300,0.04,49.79,49.73,1,0,20.77,20.29
974602,50.95,50.9,974300,974300,0.1,49.48,49.33,1,0,20.77,20.32
975108,51.03,50.9,974300,974300,0.1,49.48,49.33,1,0,20.36,20.32
975614,51.03,50.99,975300,975300,0.08,49.56,49.42,1,0,20.36,20.34
976120,51.07,50.99,975300,975300,0.08,49.56,49.42,1,0,20.17,20.34
976626,51.07,51.04,976300,976300,0.05,49.71,49.63,1,0,20.17,20.36
977132,51.15,51.04,976300,976300,0.05,49.71,49.63,1,0,20.12,20.36
977638,51.15,51.11,977300,977300,0.07,49.64,49.53,1,0,20.12,20.38
978144,51.26,51.11,977300,977300,0.07,49.64,49.53,1,0,20.0,20.38
978650,51.26,51.21,978300,978300,0.09,49.51,49.36,1,0,20.0,20.42
979156,51.3,51.21,978300,978300,0.09,49.51,49.36,1,0,19.39,20.42
979663,51.3,51.27,979300,979300,0.05,49.7,49.61,1,0,19.39,20.42
980169,51.3,51.27,979300,979300,0.05,49.7,49.61,1,0,19.39,20.42
980675,51.4,51.29,980300,980300,0.01,49.9,49.87,1,0,19.63,20.42
981181,51.4,51.29,980300,980300,0.01,49.9,49.87,1,0,19.63,20.42
981687,51.42,51.36,981300,981300,0.07,49.64,49.53,1,0,19.56,20.47
982193,51.42,51.36,981300,981300,0.07,49.64,49.53,1,0,19.56,20.47
982699,51.49,51.4,982300,982300,0.04,49.79,49.72,1,0,19.44,20.47
983205,51.49,51.4,982300,982300,0.04,49.79,49.72,1,0,19.44,20.47
983711,51.49,51.46,983300,983300,0.05,49.71,49.62,1,0,19.16,20.49
984217,51.49,51.46,983300,983300,0.05,49.71,49.62,1,0,19.16,20.49
984723,51.49,51.48,984300,984300,0.01,49.9,49.87,1,0,19.16,20.49
985229,51.6,51.48,984300,984300,0.01,49.9,49.87,1,0,19.22,20.49
985735,51.6,51.56,985300,985300,0.07,49.6,49.48,1,0,19.22,20.53
986241,51.6,51.56,985300,985300,0.07,49.6,49.48,1,0,19.22,20.53
986747,51.65,51.58,986300,986300,0.02,49.86,49.83,1,0,18.81,20.53
987253,51.65,51.58,986300,986300,0.02,49.86,49.83,1,0,18.81,20.53
987759,51.65,51.63,987300,987300,0.04,49.77,49.7,1,0,18.81,20.55
988265,51.65,51.63,987300,987300,0.04,49.77,49.7,1,0,18.64,20.55
988771,51.65,51.64,988300,988300,0.01,49.92,49.9,1,0,18.64,20.55
989277,51.72,51.64,988300,988300,0.01,49.92,49.9,1,0,18.62,20.55
989783,51.72,51.69,989300,989300,0.04,49.75,49.68,1,0,18.62,20.57
990289,51.72,51.69,989300,989300,0.04,49.75,49.68,1,0,18.62,20.57
990795,51.72,51.71,990300,990300,0.01,49.91,49.89,1,0,18.42,20.57
991301,51.72,51.71,991300,991300,0.0,49.97,49.96,1,0,18.42,20.57
991807,51.72,51.71,991300,991300,0.0,49.97,49.96,1,0,18.42,20.57
992313,51.77,51.75,992300,992300,0.03,49.8,49.74,1,0,18.34,20.58
992819,51.77,51.75,992300,992300,0.03,49.8,49.74,1,0,18.34,20.58
993325,51.73,51.74,993300,993300,0.0,50.06,50.08,1,0,17.99,20.58
993831,51.73,51.74,993300,993300,0.0,50.06,50.08,1,0,17.99,20.58
994337,51.73,51.74,994300,994300,0.0,50.02,50.02,1,0,17.99,20.58
994843,51.76,51.74,994300,994300,0.0,50.02,50.02,1,0,17.84,20.58
995349,51.76,51.75,995300,995300,0.01,49.9,49.88,1,0,17.84,20.61
995855,51.73,51.75,995300,995300,0.01,49.9,49.88,1,0,17.71,20.61
996362,51.73,51.74,996300,996300,0.0,50.06,50.08,1,0,17.71,20.58
996868,51.73,51.74,996300,996300,0.0,50.06,50.08,1,0,17.71,20.58
997374,51.73,51.74,997300,997300,0.0,50.02,50.02,1,0,17.71,20.58
997880,51.76,51.74,997300,997300,0.0,50.02,50.02,1,0,17.5,20.58
998386,51.76,51.75,998300,998300,0.01,49.91,49.88,1,0,17.5,20.58
998892,51.76,51.75,998300,998300,0.01,49.91,49.88,1,0,17.5,20.58
999398,51.73,51.74,999300,999300,0.0,50.07,50.1,1,0,17.35,20.56
999904,51.73,51.74,999300,999300,0.0,50.07,50.1,1,0,17.35,20.56
1000410,51.76,51.75,1000300,1000300,0.01,49.91,49.88,1,0,17.2,20.59
1000916,51.76,51.75,1000300,1000300,0.01,49.91,49.88,1,0,17.2,20.59
1001422,51.72,51.73,1001300,1001300,0.0,50.11,50.14,1,0,17.11,20.58
1001929,51.72,51.73,1001300,1001300,0.0,50.11,50.14,1,0,17.11,20.58
1002436,51.69,51.72,1002300,1002300,0.0,50.03,50.04,1,0,17.0,20.58
1002942,51.69,51.72,1002300,1002300,0.0,50.03,50.04,1,0,17.0,20.58
1003448,51.69,51.7,1003300,1003300,0.0,50.09,50.12,1,0,17.0,20.57
1003954,51.67,51.7,1003300,1003300,0.0,50.09,50.12,1,0,16.94,20.57
1004460,51.67,51.68,1004300,1004300,0.0,50.11,50.14,1,0,16.94,20.58
1004973,51.62,51.68,1004300,1004300,0.0,50.11,50.14,1,0,16.87,20.58
1005480,51.62,51.64,1005300,1005300,0.0,50.19,50.24,1,0,16.87,20.54
1005986,51.62,51.64,1005300,1005300,0.0,50.19,50.24,1,0,16.87,20.54
1006492,51.6,51.63,1006300,1006300,0.0,50.06,50.08,1,0,16.59,20.54
1006998,51.6,51.63,1006300,1006300,0.0,50.06,50.08,1,0,16.59,20.54
1007505,51.6,51.61,1007300,1007300,0.0,50.1,50.14,1,0,16.59,20.54
1008011,51.59,51.61,1007300,1007300,0.0,50.1,50.14,1,0,16.42,20.54
1008517,51.59,51.59,1008300,1008300,0.0,50.07,50.09,1,0,16.42,20.55
1009023,51.52,51.59,1008300,1008300,0.0,50.07,50.09,1,0,16.1,20.55
1009529,51.52,51.54,1009300,1009300,0.0,50.24,50.32,1,0,16.1,20.54
1010035,51.52,51.54,1009300,1009300,0.0,50.24,50.32,1,0,16.1,20.54
1010542,51.5,51.52,1010300,1010300,0.0,50.13,50.17,1,0,16.07,20.51
1011048,51.5,51.52,1010300,1010300,0.0,50.13,50.17,1,0,16.07,20.51
1011554,51.5,51.51,1011300,1011300,0.0,50.04,50.05,1,0,16.07,20.51
1012060,51.44,51.51,1011300,1011300,0.0,50.04,50.05,1,0,16.29,20.51
1012566,51.44,51.46,1012300,1012300,0.0,50.24,50.31,1,0,16.29,20.48
1013072,51.44,51.46,1012300,1012300,0.0,50.24,50.31,1,0,16.29,20.48
1013578,51.31,51.44,1013300,1013300,0.0,50.08,50.1,1,0,15.77,20.48
1014084,51.31,51.44,1013300,1013300,0.0,50.08,50.1,1,0,15.77,20.48
1014590,51.31,51.36,1014300,1014300,0.0,50.43,50.56,1,0,15.77,20.44
1015096,51.27,51.36,1014300,1014300,0.0,50.43,50.56,1,0,15.81,20.44
1015602,51.27,51.3,1015300,1015300,0.0,50.28,50.36,1,0,15.81,20.44
1016108,51.27,51.3,1015300,1015300,0.0,50.28,50.36,1,0,15.81,20.44
1016614,51.21,51.28,1016300,1016300,0.0,50.09,50.12,1,0,15.75,20.44
1017121,51.21,51.28,1016300,1016300,0.0,50.09,50.12,1,0,15.75,20.44
1017627,51.2,51.23,1017300,1017300,0.0,50.25,50.32,1,0,15.68,20.41
1018133,51.2,51.23,1017300,1017300,0.0,50.25,50.32,1,0,15.68,20.41
1018639,51.2,51.21,1018300,1018300,0.0,50.12,50.16,1,0,15.68,20.41
1019145,51.07,51.21,1018300,1018300,0.0,50.12,50.16,1,0,15.79,20.41
1019651,51.07,51.12,1019300,1019300,0.0,50.45,50.59,1,0,15.79,20.36
1020157,51.07,51.12,1019300,1019300,0.0,50.45,50.59,1,0,15.79,20.36
1020663,51.01,51.08,1020300,1020300,0.0,50.15,50.19,1,0,15.29,20.36
1021169,51.01,51.08,1020300,1020300,0.0,50.15,50.19,1,0,15.29,20.36
1021675,50.93,51.03,1021300,1021300,0.0,50.25,50.33,1,1,15.25,20.37
1022181,50.93,51.03,1021300,1021300,0.0,50.25,50.33,1,1,15.25,20.37
1022687,50.93,50.97,1022300,1022300,0.0,50.33,50.43,1,1,15.25,20.32
1023193,50.93,50.97,1022300,1022300,0.0,50.33,50.43,1,1,15.68,20.32
1023699,50.93,50.94,1023300,1023300,0.0,50.1,50.14,1,1,15.68,20.32
1024205,50.79,50.94,1023300,1023300,0.0,50.1,50.14,1,1,16.48,20.32
1024711,50.79,50.84,1024300,1024300,0.0,50.53,50.69,1,1,16.48,20.26
1025218,50.79,50.84,1024300,1024300,0.0,50.53,50.69,1,1,16.48,20.26
1025724,50.79,50.8,1025300,1025300,0.0,50.17,50.22,1,1,16.48,20.26
1026230,49.76,50.8,1025300,1025300,0.0,50.17,50.22,1,1,16.92,20.26
1026736,49.76,50.1,1026300,1026300,0.0,53.5,54.56,0,0,16.92,19.9
1027243,49.0,50.1,1026300,1026300,0.0,53.5,54.56,0,0,17.09,19.9
1027750,49.0,49.36,1027300,1027300,0.0,53.7,54.81,0,0,17.09,19.63
1028256,49.0,49.36,1027300,1027300,0.0,53.7,54.81,0,0,17.09,19.63
1028762,48.36,49.12,1028300,1028300,0.0,51.22,51.58,0,0,16.85,19.63
1029268,48.36,49.12,1028300,1028300,0.0,51.22,51.58,0,0,16.85,19.63
1029774,48.36,48.61,1029302,1029302,0.0,52.54,53.3,0,0,16.85,19.38
1030280,47.88,48.61,1029302,1029302,0.0,52.54,53.3,0,0,16.33,19.38
1030786,47.88,48.12,1030302,1030302,0.0,52.42,53.14,0,0,16.33,19.23
1031292,47.66,48.12,1030302,1030302,0.0,52.42,53.14,0,0,16.05,19.23
1031798,47.66,47.82,1031302,1031302,0.0,51.53,51.99,0,0,16.05,19.14
1032304,47.66,47.71,1032302,1032302,0.0,50.5,50.65,0,0,16.05,19.14
1032810,47.5,47.71,1032302,1032302,0.0,50.5,50.65,0,0,16.18,19.14
1033316,47.5,47.57,1033302,1033302,0.0,50.72,50.94,0,0,16.18,19.05
1033823,47.53,47.57,1033302,1033302,0.0,50.72,50.94,0,0,16.05,19.05
1034330,47.53,47.54,1034302,1034302,0.0,50.13,50.18,0,0,16.05,19.09
1034836,47.53,47.54,1034302,1034302,0.0,50.13,50.18,0,0,16.05,19.09
1035342,47.5,47.51,1035302,1035302,0.0,50.13,50.17,0,0,16.14,19.07
1035848,47.5,47.51,1035302,1035302,0.0,50.13,50.17,0,0,16.14,19.07
1036354,47.51,47.51,1036302,1036302,0.0,49.99,49.99,0,0,16.18,19.08
1036860,47.51,47.51,1036302,1036302,0.0,49.99,49.99,0,0,16.18,19.08
1037366,47.49,47.5,1037302,1037302,0.0,50.09,50.12,0,0,16.22,19.06
1037872,47.49,47.5,1037302,1037302,0.0,50.09,50.12,0,0,16.22,19.06
1038378,47.49,47.49,1038302,1038302,0.0,50.03,50.04,0,0,16.22,19.06
1038884,47.47,47.49,1038302,1038302,0.0,50.03,50.04,0,0,16.38,19.06
1039390,47.47,47.48,1039302,1039302,0.0,50.05,50.07,0,0,16.38,19.06
1039896,47.47,47.48,1039302,1039302,0.0,50.05,50.07,0,0,16.42,19.06
1040402,47.47,47.47,1040302,1040302,0.0,50.01,50.02,0,0,16.42,19.06
1040909,47.43,47.47,1040302,1040302,0.0,50.01,50.02,0,0,16.48,19.06
1041416,47.43,47.44,1041302,1041302,0.0,50.14,50.18,0,0,16.48,19.03
1041922,47.43,47.44,1041302,1041302,0.0,50.14,50.18,0,0,16.48,19.03
1042428,47.38,47.4,1042302,1042302,0.0,50.23,50.3,0,0,16.55,19.01
1042934,47.38,47.4,1042302,1042302,0.0,50.23,50.3,0,0,16.55,19.01
1043440,47.44,47.43,1043302,1043302,0.03,49.84,49.8,0,0,17.02,19.03
1043946,47.44,47.43,1043302,1043302,0.03,49.84,49.8,0,0,17.02,19.03
1044452,47.44,47.44,1044302,1044302,0.01,49.94,49.93,0,0,17.02,19.03
1044958,47.49,47.44,1044302,1044302,0.01,49.94,49.93,0,0,17.07,19.03
1045464,47.49,47.47,1045302,1045302,0.03,49.84,49.79,0,0,17.07,19.08
1045970,47.49,47.47,1045302,1045302,0.03,49.84,49.79,0,0,17.07,19.08
1046476,47.53,47.51,1046302,1046302,0.03,49.8,49.75,0,0,17.22,19.1
1046982,47.53,47.51,1046302,1046302,0.03,49.8,49.75,0,0,17.22,19.1
1047488,47.57,47.55,1047302,1047302,0.04,49.79,49.73,0,0,17.43,19.12
1047994,47.57,47.55,1047302,1047302,0.04,49.79,49.73,0,0,17.43,19.12
1048500,47.62,47.56,1048302,1048302,0.01,49.93,49.91,0,0,17.04,19.12
1049006,47.62,47.56,1048302,1048302,0.01,49.93,49.91,0,0,17.04,19.12
1049512,47.62,47.6,1049302,1049302,0.04,49.79,49.73,0,0,17.04,19.15
1050018,47.62,47.6,1049302,1049302,0.04,49.79,49.73,0,0,17.65,19.15
1050524,47.62,47.61,1050302,1050302,0.01,49.94,49.93,0,0,17.65,19.11
1051030,47.72,47.61,1050302,1050302,0.01,49.94,49.93,0,0,18.34,19.11
1051536,47.72,47.68,1051302,1051302,0.06,49.66,49.55,0,0,18.34,19.15
1052042,47.72,47.68,1051302,1051302,0.06,49.66,49.55,0,0,18.34,19.15
1052548,47.72,47.71,1052302,1052302,0.02,49.88,49.85,0,0,18.34,19.15
1053055,47.71,47.71,1052302,1052302,0.02,49.88,49.85,0,0,18.14,19.15
1053561,47.71,47.71,1053302,1053302,0.0,49.99,49.99,0,0,18.14,19.17
1054067,47.72,47.71,1053302,1053302,0.0,49.99,49.99,0,0,18.08,19.17
1054573,47.72,47.71,1054302,1054302,0.0,49.95,49.94,0,0,18.08,19.17
1055079,47.72,47.71,1054302,1054302,0.0,49.95,49.94,0,0,18.08,19.17
1055585,47.72,47.72,1055302,1055302,0.0,49.98,49.98,0,0,18.08,19.17
1056091,47.72,47.72,1055302,1055302,0.0,49.98,49.98,0,0,18.75,19.17
1056598,47.72,47.72,1056302,1056302,0.0,49.99,49.99,0,0,18.75,19.17
1057104,47.72,47.72,1056302,1056302,0.0,49.99,49.99,0,0,18.75,19.17
1057610,47.75,47.74,1057303,1057303,0.01,49.9,49.87,0,0,18.66,19.2
1058116,47.75,47.74,1057303,1057303,0.01,49.9,49.87,0,0,18.66,19.2
1058622,47.68,47.74,1058304,1058304,0.0,49.96,49.95,0,0,18.66,19.2
1059128,47.68,47.74,1058304,1058304,0.0,49.96,49.95,0,0,18.66,19.2
1059634,47.68,47.7,1059304,1059304,0.0,50.21,50.28,0,0,18.66,19.16
1060140,47.75,47.7,1059304,1059304,0.0,50.21,50.28,0,0,18.96,19.16
1060646,47.75,47.73,1060304,1060304,0.03,49.84,49.79,0,0,18.96,19.2
1061152,47.73,47.73,1060304,1060304,0.03,49.84,49.79,0,0,18.96,19.2
1061658,47.73,47.73,1061304,1061304,0.0,49.99,49.99,0,0,18.96,19.2
1062164,47.73,47.73,1061304,1061304,0.0,49.99,49.99,0,0,18.96,19.2
1062670,47.75,47.74,1062308,1062308,0.0,49.95,49.93,0,0,18.92,19.2
1063176,47.75,47.74,1062308,1062308,0.0,49.95,49.93,0,0,18.92,19.2
1063682,47.74,47.75,1063309,1063309,0.0,49.98,49.97,0,0,19.41,19.2
1064188,47.74,47.75,1063309,1063309,0.0,49.98,49.97,0,0,19.41,19.2
1064694,47.78,47.74,1064309,1064309,0.0,50.03,50.03,0,0,19.5,19.21
1065200,47.78,47.74,1064309,1064309,0.0,50.03,50.03,0,0,19.5,19.21
1065706,47.78,47.76,1065309,1065309,0.02,49.88,49.84,0,0,19.5,19.2
1066212,47.78,47.76,1065309,1065309,0.02,49.88,49.84,0,0,19.5,19.2
1066718,47.82,47.77,1066309,1066309,0.0,49.96,49.94,0,0,19.61,19.2
1067224,47.82,47.77,1066309,1066309,0.0,49.96,49.94,0,0,19.61,19.2
1067730,47.82,47.8,1067309,1067309,0.03,49.83,49.79,0,0,19.61,19.24
1068236,47.83,47.8,1067309,1067309,0.03,49.83,49.79,0,0,19.74,19.24
1068742,47.83,47.82,1068309,1068309,0.01,49.91,49.88,0,0,19.74,19.23
1069248,47.83,47.82,1068309,1068309,0.01,49.91,49.88,0,0,19.74,19.23
1069754,47.86,47.83,1069309,1069309,0.0,49.97,49.96,0,0,19.65,19.23
1070260,47.86,47.83,1069309,1069309,0.0,49.97,49.96,0,0,19.65,19.23
1070766,47.87,47.85,1070309,1070309,0.02,49.88,49.85,0,0,19.97,19.26
1071272,47.87,47.85,1070309,1070309,0.02,49.88,49.85,0,0,19.97,19.26
1071778,47.87,47.86,1071309,1071309,0.01,49.94,49.92,0,0,19.97,19.23
1072284,47.89,47.86,1071309,1071309,0.01,49.94,49.92,0,0,20.28,19.23
1072790,47.89,47.88,1072309,1072309,0.01,49.9,49.88,0,0,20.28,19.26
1073297,47.9,47.88,1072309,1072309,0.01,49.9,49.88,0,0,20.45,19.26
1073804,47.9,47.89,1073309,1073309,0.01,49.93,49.92,0,0,20.45,19.24
1074310,47.9,47.9,1074309,1074309,0.0,49.98,49.97,0,0,20.45,19.24
1074816,47.9,47.9,1074309,1074309,0.0,49.98,49.97,0,0,20.45,19.24
1075322,47.92,47.91,1075309,1075309,0.01,49.93,49.91,0,0,20.45,19.28
1075829,47.92,47.91,1075309,1075309,0.01,49.93,49.91,0,0,20.45,19.28
1076335,48.01,47.98,1076309,1076309,0.06,49.66,49.56,0,0,20.77,19.3
1076841,48.01,47.98,1076309,1076309,0.06,49.66,49.56,0,0,20.77,19.3
1077347,48.01,48.0,1077312,1077312,0.02,49.89,49.85,0,0,20.77,19.3
1077853,48.01,48.0,1077312,1077312,0.02,49.89,49.85,0,0,20.79,19.3
1078359,48.01,48.01,1078312,1078312,0.0,49.96,49.95,0,0,20.79,19.3
1078865,48.01,48.01,1078312,1078312,0.0,49.96,49.95,0,0,20.79,19.3
1079371,48.06,48.04,1079312,1079312,0.03,49.8,49.74,0,0,21.01,19.33
1079877,48.06,48.04,1079312,1079312,0.03,49.8,49.74,0,0,21.01,19.33
1080383,48.13,48.06,1080312,1080312,0.01,49.93,49.91,0,0,20.94,19.33
1080889,48.13,48.06,1080312,1080312,0.01,49.93,49.91,0,0,20.94,19.33
1081395,48.13,48.11,1081312,1081312,0.04,49.75,49.67,0,0,20.94,19.34
1081901,48.16,48.11,1081312,1081312,0.04,49.75,49.67,0,0,21.2,19.34
1082407,48.16,48.14,1082312,1082312,0.03,49.83,49.78,0,0,21.2,19.35
1082913,48.16,48.14,1082312,1082312,0.03,49.83,49.78,0,0,21.2,19.35
1083419,48.18,48.17,1083312,1083312,0.02,49.85,49.81,0,0,21.29,19.36
1083925,48.18,48.17,1083312,1083312,0.02,49.85,49.81,0,0,21.29,19.36
1084431,48.18,48.18,1084312,1084312,0.0,49.95,49.93,0,0,21.29,19.36
1084937,48.22,48.18,1084312,1084312,0.0,49.95,49.93,0,0,21.25,19.36
1085443,48.22,48.21,1085312,1085312,0.03,49.84,49.79,0,0,21.25,19.37
1085949,48.32,48.21,1085312,1085312,0.03,49.84,49.79,0,0,21.46,19.37
1086455,48.32,48.28,1086312,1086312,0.07,49.63,49.52,0,0,21.46,19.41
1086961,48.32,48.28,1086312,1086312,0.07,49.63,49.52,0,0,21.53,19.41
1087467,48.32,48.31,1087312,1087312,0.02,49.87,49.84,0,0,21.53,19.42
1087973,48.42,48.31,1087312,1087312,0.02,49.87,49.84,0,0,21.72,19.42
1088479,48.42,48.38,1088314,1088314,0.07,49.63,49.52,0,0,21.72,19.46
1088985,48.42,48.38,1088314,1088314,0.07,49.63,49.52,0,0,21.72,19.46
1089491,48.41,48.4,1089315,1089315,0.02,49.88,49.84,0,0,21.81,19.45
1089997,48.41,48.4,1089315,1089315,0.02,49.88,49.84,0,0,21.81,19.45
1090503,48.41,48.41,1090315,1090315,0.0,49.96,49.95,0,0,21.81,19.45
1091009,48.46,48.41,1090315,1090315,0.0,49.96,49.95,0,0,21.83,19.45
1091515,48.46,48.44,1091315,1091315,0.03,49.83,49.78,0,0,21.83,19.49
1092021,48.54,48.44,1091315,1091315,0.03,49.83,49.78,0,0,21.98,19.49
1092527,48.54,48.51,1092315,1092315,0.06,49.68,49.58,0,0,21.98,19.51
1093033,48.54,48.51,1092315,1092315,0.06,49.68,49.58,0,0,21.98,19.51
1093539,48.63,48.53,1093315,1093315,0.02,49.89,49.86,0,0,22.09,19.51
1094045,48.63,48.53,1093315,1093315,0.02,49.89,49.86,0,0,22.09,19.51
1094551,48.63,48.6,1094315,1094315,0.07,49.64,49.53,0,0,22.09,19.55
1095057,48.69,48.6,1094315,1094315,0.07,49.64,49.53,0,0,22.11,19.55
1095564,48.69,48.66,1095315,1095315,0.06,49.69,49.6,0,0,22.11,19.58
1096070,48.69,48.66,1095315,1095315,0.06,49.69,49.6,0,0,22.44,19.58
1096576,48.69,48.68,1096315,1096315,0.01,49.9,49.87,0,0,22.44,19.56
1097082,48.76,48.68,1096315,1096315,0.01,49.9,49.87,0,0,22.35,19.56
1097588,48.76,48.73,1097315,1097315,0.05,49.73,49.65,0,0,22.35,19.6
1098094,48.76,48.73,1097315,1097315,0.05,49.73,49.65,0,0,22.35,19.6
1098600,48.76,48.75,1098315,1098315,0.01,49.91,49.88,0,0,22.35,19.6
1099106,48.84,48.75,1098315,1098315,0.01,49.91,49.88,0,0,22.46,19.6
1099612,48.84,48.81,1099315,1099315,0.05,49.7,49.61,0,0,22.46,19.61
1100118,48.84,48.81,1099315,1099315,0.05,49.7,49.61,0,0,22.46,19.61
1100624,48.84,48.83,1100315,1100315,0.01,49.9,49.87,0,0,22.46,19.61
1101130,48.88,48.83,1100315,1100315,0.01,49.9,49.87,0,0,22.57,19.61
1101636,48.88,48.86,1101315,1101315,0.03,49.82,49.77,0,0,22.57,19.63
1102142,48.88,48.86,1101315,1101315,0.03,49.82,49.77,0,0,22.57,19.63
1102648,48.88,48.87,1102315,1102315,0.01,49.94,49.92,0,0,22.57,19.63
1103154,49.01,48.87,1102315,1102315,0.01,49.94,49.92,0,0,23.02,19.63
1103661,49.01,48.97,1103315,1103315,0.09,49.52,49.38,0,0,23.02,19.67
1104168,49.01,48.97,1103315,1103315,0.09,49.52,49.38,0,0,23.02,19.67
1104674,49.05,49.02,1104315,1104315,0.05,49.72,49.63,0,0,23.09,19.67
1105180,49.05,49.02,1104315,1104315,0.05,49.72,49.63,0,0,23.09,19.67
1105686,49.05,49.04,1105315,1105315,0.01,49.9,49.88,0,0,23.09,19.67
1106192,49.05,49.04,1105315,1105315,0.01,49.9,49.88,0,0,23.09,19.67
1106698,49.13,49.1,1106315,1106315,0.06,49.69,49.6,0,0,23.0,19.7
1107204,49.13,49.1,1106315,1106315,0.06,49.69,49.6,0,0,23.0,19.7
1107710,49.23,49.19,1107325,1107325,0.08,49.58,49.45,0,0,23.09,19.74
1108216,49.23,49.19,1107325,1107325,0.08,49.58,49.45,0,0,23.09,19.74
1108722,49.24,49.22,1108326,1108326,0.02,49.86,49.81,0,0,23.24,19.74
1109228,49.24,49.22,1108326,1108326,0.02,49.86,49.81,0,0,23.24,19.74
1109734,49.24,49.23,1109326,1109326,0.01,49.91,49.89,0,0,23.24,19.73
1110240,49.34,49.23,1109326,1109326,0.01,49.91,49.89,0,0,23.28,19.73
1110746,49.34,49.3,1110326,1110326,0.06,49.65,49.54,0,0,23.28,19.78
1111252,49.34,49.3,1110326,1110326,0.06,49.65,49.54,0,0,23.28,19.78
1111758,49.34,49.33,1111326,1111326,0.02,49.88,49.85,0,0,23.28,19.78
1112264,49.34,49.33,1111326,1111326,0.02,49.88,49.85,0,0,23.28,19.78
1112770,49.42,49.39,1112326,1112326,0.06,49.68,49.59,0,0,23.35,19.82
1113276,49.42,49.39,1112326,1112326,0.06,49.68,49.59,0,0,23.35,19.82
1113782,49.47,49.41,1113326,1113326,0.02,49.89,49.86,0,0,23.59,19.82
1114288,49.47,49.41,1113326,1113326,0.02,49.89,49.86,0,0,23.59,19.82
1114794,49.53,49.45,1114326,1114326,0.04,49.78,49.71,0,0,23.55,19.84
1115300,49.53,49.45,1114326,1114326,0.04,49.78,49.71,0,0,23.55,19.84
1115806,49.62,49.5,1115326,1115326,0.05,49.74,49.67,0,0,23.74,19.85
1116312,49.62,49.5,1115326,1115326,0.05,49.74,49.67,0,0,23.74,19.85
1116818,49.62,49.58,1116326,1116326,0.07,49.6,49.48,0,0,23.74,19.87
1117324,49.62,49.58,1116326,1116326,0.07,49.6,49.48,0,0,23.74,19.87
1117830,49.62,49.61,1117330,1117330,0.02,49.87,49.83,0,0,23.74,19.87
1118336,49.68,49.66,1118331,1118331,0.04,49.75,49.68,0,0,23.85,19.92
1118842,49.68,49.66,1118331,1118331,0.04,49.75,49.68,0,0,23.85,19.92
1119348,49.68,49.67,1119331,1119331,0.01,49.92,49.89,0,0,23.85,19.92
1119854,49.73,49.67,1119331,1119331,0.01,49.92,49.89,0,0,24.16,19.92
1120360,49.73,49.71,1120331,1120331,0.04,49.79,49.73,0,0,24.16,19.93
1120866,49.85,49.71,1120331,1120331,0.04,49.79,49.73,0,0,24.22,19.93
1121372,49.85,49.81,1121332,1121332,0.09,49.52,49.38,1,0,24.22,19.97
1121878,49.85,49.81,1121332,1121332,0.09,49.52,49.38,1,0,24.22,19.97
1122384,49.85,49.84,1122332,1122332,0.03,49.84,49.79,1,0,24.22,19.97
1122890,49.9,49.84,1122332,1122332,0.03,49.84,49.79,1,0,24.07,19.97
1123396,49.9,49.88,1123332,1123332,0.03,49.81,49.75,1,0,24.07,19.99
1123903,49.95,49.88,1123332,1123332,0.03,49.81,49.75,1,0,23.98,19.99
1124409,49.95,49.92,1124332,1124332,0.04,49.76,49.69,1,0,23.98,19.99
1124915,49.95,49.92,1124332,1124332,0.04,49.76,49.69,1,0,23.98,19.99
1125421,49.99,49.97,1125332,1125332,0.04,49.77,49.7,1,0,24.16,20.02
1125927,49.99,49.97,1125332,1125332,0.04,49.77,49.7,1,0,24.16,20.02
1126433,49.99,49.98,1126332,1126332,0.01,49.92,49.9,1,0,24.16,20.02
1126939,49.99,49.98,1126332,1126332,0.01,49.92,49.9,1,0,24.16,20.02
1127445,49.99,49.99,1127332,1127332,0.0,49.97,49.96,1,0,24.16,20.02
1127951,50.11,49.99,1127332,1127332,0.0,49.97,49.96,1,0,23.98,20.02
1128457,50.11,50.07,1128332,1128332,0.08,49.58,49.45,1,0,23.98,20.06
1128963,50.11,50.07,1128332,1128332,0.08,49.58,49.45,1,0,23.98,20.06
1129469,50.18,50.14,1129332,1129332,0.07,49.64,49.54,1,0,23.81,20.07
1129975,50.18,50.14,1129332,1129332,0.07,49.64,49.54,1,0,23.81,20.07
1130481,50.25,50.17,1130332,1130332,0.02,49.88,49.84,1,0,23.68,20.07
1130987,50.25,50.17,1130332,1130332,0.02,49.88,49.84,1,0,23.68,20.07
1131493,50.25,50.22,1131332,1131332,0.05,49.72,49.64,1,0,23.68,20.11
1131999,50.29,50.22,1131332,1131332,0.05,49.72,49.64,1,0,23.0,20.11
1132505,50.29,50.27,1132332,1132332,0.04,49.77,49.7,1,0,23.0,20.13
1133011,50.29,50.27,1132332,1132332,0.04,49.77,49.7,1,0,23.0,20.13
1133518,50.29,50.28,1133332,1133332,0.01,49.92,49.9,1,0,23.0,20.13
1134024,50.29,50.28,1133332,1133332,0.01,49.92,49.9,1,0,23.0,20.13
1134530,50.38,50.35,1134332,1134332,0.06,49.66,49.56,1,0,23.05,20.14
1135036,50.38,50.35,1134332,1134332,0.06,49.66,49.56,1,0,23.05,20.14
1135542,50.45,50.42,1135332,1135332,0.06,49.66,49.55,1,0,22.81,20.16
1136048,50.45,50.42,1135332,1135332,0.06,49.66,49.55,1,0,22.81,20.16
1136554,50.45,50.44,1136332,1136332,0.02,49.88,49.85,1,0,22.81,20.16
1137060,50.45,50.44,1136332,1136332,0.02,49.88,49.85,1,0,22.7,20.16
1137566,50.45,50.45,1137332,1137332,0.0,49.95,49.93,1,0,22.7,20.18
1138072,50.45,50.45,1137332,1137332,0.0,49.95,49.93,1,0,22.7,20.18
1138578,50.64,50.45,1138332,1138332,0.0,49.98,49.97,1,0,22.46,20.18
1139084,50.64,50.45,1138332,1138332,0.0,49.98,49.97,1,0,22.46,20.18
1139590,50.64,50.58,1139334,1139334,0.12,49.36,49.17,1,0,22.46,20.23
1140097,50.68,50.58,1139334,1139334,0.12,49.36,49.17,1,0,22.24,20.23
1140604,50.68,50.65,1140334,1140334,0.07,49.64,49.54,1,0,22.24,20.26
1141110,50.74,50.65,1140334,1140334,0.07,49.64,49.54,1,0,22.16,20.26
1141616,50.74,50.71,1141334,1141334,0.06,49.68,49.58,1,0,22.16,20.25
1142122,50.74,50.71,1141334,1141334,0.06,49.68,49.58,1,0,22.16,20.25
1142628,50.84,50.73,1142334,1142334,0.02,49.89,49.86,1,0,21.79,20.25
1143134,50.84,50.73,1142334,1142334,0.02,49.89,49.86,1,0,21.79,20.25
1143640,50.84,50.81,1143334,1143334,0.07,49.63,49.52,1,0,21.79,20.29
1144146,50.9,50.81,1143334,1143334,0.07,49.63,49.52,1,0,21.35,20.29
1144652,50.9,50.87,1144334,1144334,0.06,49.68,49.59,1,0,21.35,20.32
1145158,51.06,50.87,1144334,1144334,0.06,49.68,49.59,1,0,21.38,20.32
1145664,51.06,51.0,1145334,1145334,0.12,49.35,49.15,1,0,21.38,20.38
1146171,51.06,51.0,1145334,1145334,0.12,49.35,49.15,1,0,21.38,20.38
1146678,51.12,51.04,1146334,1146334,0.04,49.78,49.72,1,0,21.42,20.38
1147187,51.12,51.04,1146334,1146334,0.04,49.78,49.72,1,0,21.42,20.38
1147694,51.12,51.09,1147334,1147334,0.05,49.74,49.66,1,0,21.42,20.4
1148200,51.12,51.09,1147334,1147334,0.05,49.74,49.66,1,0,21.42,20.4
1148706,51.3,51.23,1148334,1148334,0.14,49.28,49.06,1,0,21.05,20.46
1149213,51.3,51.23,1148334,1148334,0.14,49.28,49.06,1,0,21.05,20.46
1149720,51.35,51.31,1149344,1149344,0.07,49.6,49.48,1,0,20.86,20.45
1150226,51.35,51.31,1149344,1149344,0.07,49.6,49.48,1,0,20.86,20.45
1150732,51.49,51.34,1150345,1150345,0.02,49.86,49.82,1,0,20.6,20.45
1151238,51.49,51.34,1150345,1150345,0.02,49.86,49.82,1,0,20.6,20.45
1151744,51.52,51.44,1151345,1151345,0.1,49.49,49.34,1,0,20.43,20.51
1152251,51.52,51.44,1151345,1151345,0.1,49.49,49.34,1,0,20.43,20.51
1152758,51.61,51.49,1152345,1152345,0.05,49.74,49.66,1,0,20.25,20.53
1153268,51.61,51.49,1152345,1152345,0.05,49.74,49.66,1,0,20.25,20.53
1153775,51.74,51.57,1153345,1153345,0.07,49.6,49.48,1,0,20.21,20.55
1154281,51.74,51.57,1153345,1153345,0.07,49.6,49.48,1,0,20.21,20.55
1154788,51.74,51.68,1154349,1154349,0.1,49.45,49.29,1,0,20.21,20.6
1155295,51.74,51.68,1154349,1154349,0.1,49.45,49.29,1,0,20.21,20.6
1155802,51.82,51.72,1155349,1155349,0.03,49.82,49.76,1,0,19.93,20.6
1156308,51.82,51.72,1155349,1155349,0.03,49.82,49.76,1,0,19.93,20.6
1156814,51.9,51.78,1156349,1156349,0.06,49.66,49.57,1,0,19.76,20.62
1157320,51.9,51.78,1156349,1156349,0.06,49.66,49.57,1,0,19.76,20.62
1157826,52.0,51.86,1157349,1157349,0.07,49.62,49.51,1,0,19.65,20.63
1158332,52.0,51.86,1157349,1157349,0.07,49.62,49.51,1,0,19.65,20.63
1158838,52.0,51.96,1158349,1158349,0.09,49.51,49.36,1,0,19.65,20.66
1159344,52.02,51.96,1158349,1158349,0.09,49.51,49.36,1,0,19.44,20.66
1159850,52.02,52.0,1159354,1159354,0.04,49.79,49.73,1,0,19.44,20.67
1160356,52.1,52.07,1160355,1160355,0.06,49.65,49.54,1,0,19.22,20.71
1160862,52.1,52.07,1160355,1160355,0.06,49.65,49.54,1,0,19.22,20.71
1161368,52.15,52.13,1161355,1161355,0.05,49.7,49.61,1,0,18.75,20.73
1161874,52.15,52.13,1161355,1161355,0.05,49.7,49.61,1,0,18.75,20.73
1162380,52.15,52.15,1162355,1162355,0.01,49.9,49.87,1,0,18.75,20.73
1162886,52.19,52.15,1162355,1162355,0.01,49.9,49.87,1,0,19.09,20.73
1163392,52.19,52.18,1163355,1163355,0.03,49.84,49.79,1,0,19.09,20.72
1163898,52.19,52.18,1163355,1163355,0.03,49.84,49.79,1,0,19.09,20.72
1164404,52.26,52.23,1164355,1164355,0.05,49.72,49.63,1,0,18.85,20.75
1164910,52.26,52.23,1164355,1164355,0.05,49.72,49.63,1,0,18.85,20.75
1165417,52.31,52.28,1165355,1165355,0.04,49.75,49.68,1,0,18.72,20.78
1165923,52.31,52.28,1165355,1165355,0.04,49.75,49.68,1,0,18.72,20.78
1166429,52.31,52.3,1166355,1166355,0.01,49.91,49.89,1,0,18.72,20.78
1166935,52.31,52.3,1166355,1166355,0.01,49.91,49.89,1,0,18.72,20.78
1167441,52.32,52.31,1167355,1167355,0.01,49.94,49.92,1,0,18.51,20.77
1167947,52.32,52.31,1167355,1167355,0.01,49.94,49.92,1,0,18.51,20.77
1168453,52.32,52.31,1168355,1168355,0.0,49.98,49.97,1,0,18.51,20.77
1168959,52.32,52.31,1168355,1168355,0.0,49.98,49.97,1,0,18.77,20.77
1169465,52.32,52.32,1169356,1169356,0.0,49.97,49.97,1,0,18.77,20.79
1169971,52.32,52.32,1169356,1169356,0.0,49.97,49.97,1,0,18.77,20.79
1170477,52.36,52.34,1170356,1170356,0.02,49.86,49.82,1,0,18.14,20.79
1170983,52.36,52.34,1170356,1170356,0.02,49.86,49.82,1,0,18.14,20.79
1171489,52.37,52.36,1171356,1171356,0.01,49.91,49.88,1,0,17.93,20.79
1171995,52.37,52.36,1171356,1171356,0.01,49.91,49.88,1,0,17.93,20.79
1172502,52.37,52.37,1172356,1172356,0.0,49.97,49.96,1,0,17.69,20.79
1173009,52.37,52.37,1172356,1172356,0.0,49.97,49.96,1,0,17.69,20.79
1173515,52.37,52.37,1173356,1173356,0.0,49.97,49.96,1,0,17.69,20.81
1174021,52.33,52.37,1173356,1173356,0.0,49.97,49.96,1,0,17.65,20.81
1174527,52.33,52.34,1174356,1174356,0.0,50.14,50.18,1,0,17.65,20.78
1175033,52.36,52.34,1174356,1174356,0.0,50.14,50.18,1,0,17.48,20.78
1175539,52.36,52.35,1175356,1175356,0.0,49.95,49.94,1,0,17.48,20.79
1176045,52.36,52.35,1175356,1175356,0.0,49.95,49.94,1,0,17.48,20.79
1176551,52.34,52.35,1176356,1176356,0.0,50.03,50.04,1,0,17.35,20.77
1177057,52.34,52.35,1176356,1176356,0.0,50.03,50.04,1,0,17.35,20.77
1177563,52.31,52.34,1177356,1177356,0.0,50.01,50.01,1,0,17.28,20.77
1178069,52.31,52.34,1177356,1177356,0.0,50.01,50.01,1,0,17.28,20.77
1178575,52.31,52.32,1178356,1178356,0.0,50.12,50.16,1,0,17.28,20.78
1179081,52.32,52.32,1178356,1178356,0.0,50.12,50.16,1,0,17.28,20.78
1179587,52.32,52.32,1179356,1179356,0.0,49.99,49.99,1,0,17.28,20.79
1180093,52.24,52.32,1179356,1179356,0.0,49.99,49.99,1,0,16.94,20.79
1180599,52.24,52.27,1180356,1180356,0.0,50.26,50.35,1,0,16.94,20.77
1181105,52.24,52.27,1180356,1180356,0.0,50.26,50.35,1,0,16.94,20.77
1181611,52.25,52.25,1181356,1181356,0.0,50.08,50.11,1,0,16.85,20.77
1182117,52.25,52.25,1181356,1181356,0.0,50.08,50.11,1,0,16.85,20.77
1182623,52.25,52.25,1182356,1182356,0.0,49.99,49.99,1,0,16.85,20.76
1183129,52.15,52.25,1182356,1182356,0.0,49.99,49.99,1,0,16.61,20.76
1183635,52.15,52.19,1183356,1183356,0.0,50.31,50.4,1,0,16.61,20.73
1184142,52.15,52.19,1183356,1183356,0.0,50.31,50.4,1,0,16.61,20.73
1184648,52.12,52.14,1184356,1184356,0.0,50.2,50.26,1,0,16.66,20.69
1185154,52.12,52.14,1184356,1184356,0.0,50.2,50.26,1,0,16.66,20.69
1185660,52.02,52.13,1185358,1185358,0.0,50.06,50.08,1,0,16.53,20.69
1186166,52.02,52.13,1185358,1185358,0.0,50.06,50.08,1,0,16.53,20.69
1186672,52.02,52.06,1186358,1186358,0.0,50.37,50.48,1,0,16.53,20.69
1187178,52.0,52.06,1186358,1186358,0.0,50.37,50.48,1,0,16.33,20.69
1187684,52.0,52.02,1187358,1187358,0.0,50.2,50.26,1,0,16.33,20.71
1188190,52.0,52.02,1187358,1187358,0.0,50.2,50.26,1,0,16.33,20.71
1188696,51.94,51.96,1188358,1188358,0.0,50.25,50.33,1,0,16.2,20.66
1189202,51.94,51.96,1188358,1188358,0.0,50.25,50.33,1,0,16.2,20.66
1189708,51.94,51.95,1189358,1189358,0.0,50.08,50.1,1,0,16.2,20.66
1190214,51.9,51.95,1189358,1189358,0.0,50.08,50.1,1,0,16.05,20.66
1190720,51.9,51.92,1190358,1190358,0.0,50.16,50.2,1,0,16.05,20.66
1191226,51.9,51.92,1190358,1190358,0.0,50.16,50.2,1,0,16.05,20.66
1191732,51.82,51.91,1191358,1191358,0.0,50.05,50.06,1,0,15.88,20.66
1192238,51.82,51.91,1191358,1191358,0.0,50.05,50.06,1,0,15.88,20.66
1192744,51.82,51.85,1192358,1192358,0.0,50.29,50.38,1,0,15.88,20.64
1193251,51.75,51.85,1192358,1192358,0.0,50.29,50.38,1,0,15.9,20.64
1193757,51.75,51.78,1193358,1193358,0.0,50.31,50.41,1,0,15.9,20.6
1194263,51.75,51.78,1193358,1193358,0.0,50.31,50.41,1,0,15.9,20.6
1194769,51.66,51.76,1194358,1194358,0.0,50.1,50.13,1,0,15.71,20.6
1195275,51.66,51.76,1194358,1194358,0.0,50.1,50.13,1,0,15.71,20.6
1195781,51.59,51.69,1195359,1195359,0.0,50.34,50.44,1,0,15.71,20.6
1196287,51.59,51.69,1195359,1195359,0.0,50.34,50.44,1,0,15.71,20.6
1196793,51.59,51.62,1196360,1196360,0.0,50.35,50.46,1,0,15.71,20.55
1197299,51.55,51.62,1196360,1196360,0.0,50.35,50.46,1,0,15.4,20.55
1197805,51.55,51.57,1197360,1197360,0.0,50.24,50.31,1,1,15.4,20.55
1198311,51.55,51.57,1197360,1197360,0.0,50.24,50.31,1,1,15.4,20.55
1198817,51.47,51.56,1198360,1198360,0.0,50.07,50.1,1,1,15.49,20.55
1199323,51.47,51.56,1198360,1198360,0.0,50.07,50.1,1,1,15.49,20.55
1199829,51.47,51.5,1199360,1199360,0.0,50.31,50.4,1,1,15.49,20.51
1200336,51.21,51.5,1199360,1199360,0.0,50.31,50.4,1,1,16.72,20.51
1200842,51.21,51.3,1200363,1200363,0.0,50.95,51.24,1,1,16.72,20.43
1201348,51.21,51.3,1200363,1200363,0.0,50.95,51.24,1,1,16.72,20.43
1201854,50.57,51.24,1201364,1201364,0.0,50.31,50.41,1,1,16.83,20.43
1202360,50.57,51.24,1201364,1201364,0.0,50.31,50.41,1,1,16.83,20.43
1202866,49.88,50.79,1202367,1202367,0.0,52.25,52.92,0,0,16.87,20.18
1203372,49.88,50.18,1203367,1203367,0.0,53.06,53.97,0,0,16.87,19.93
1203878,49.88,50.18,1203367,1203367,0.0,53.06,53.97,0,0,16.87,19.93
1204384,48.95,49.36,1204367,1204367,0.0,54.1,55.33,0,0,16.94,19.61
1204890,48.95,49.36,1204367,1204367,0.0,54.1,55.33,0,0,16.94,19.61
1205396,48.49,48.78,1205367,1205367,0.0,52.88,53.75,0,0,16.79,19.46
1205902,48.49,48.78,1205367,1205367,0.0,52.88,53.75,0,0,16.79,19.46
1206408,48.49,48.59,1206367,1206367,0.0,50.95,51.23,0,0,16.79,19.46
1206914,48.25,48.59,1206367,1206367,0.0,50.95,51.23,0,0,16.66,19.46
1207420,48.25,48.36,1207367,1207367,0.0,51.12,51.46,0,0,16.66,19.38
1207926,48.11,48.36,1207367,1207367,0.0,51.12,51.46,0,0,16.38,19.38
1208432,48.11,48.2,1208367,1208367,0.0,50.83,51.08,0,0,16.38,19.31
1208938,47.99,48.2,1208367,1208367,0.0,50.83,51.08,0,0,16.81,19.31
1209444,47.99,48.06,1209367,1209367,0.0,50.67,50.87,0,0,16.81,19.28
1209950,47.99,48.06,1209367,1209367,0.0,50.67,50.87,0,0,16.81,19.28
1210456,47.93,47.97,1210367,1210367,0.0,50.45,50.58,0,0,16.14,19.26
1210962,47.93,47.97,1210367,1210367,0.0,50.45,50.58,0,0,16.14,19.26
1211468,47.93,47.94,1211367,1211367,0.0,50.14,50.19,0,0,16.14,19.26
1211974,47.83,47.94,1211367,1211367,0.0,50.14,50.19,0,0,16.14,19.26
1212480,47.83,47.87,1212367,1212367,0.0,50.37,50.48,0,0,16.14,19.22
1212986,47.79,47.87,1212367,1212367,0.0,50.37,50.48,0,0,16.27,19.22
1213492,47.79,47.81,1213367,1213367,0.0,50.25,50.33,0,0,16.27,19.21
1213998,47.79,47.81,1213367,1213367,0.0,50.25,50.33,0,0,16.27,19.21
1214505,47.75,47.8,1214367,1214367,0.0,50.08,50.1,0,0,16.4,19.21
1215012,47.75,47.8,1214367,1214367,0.0,50.08,50.1,0,0,16.4,19.21
1215518,47.75,47.76,1215367,1215367,0.0,50.17,50.22,0,0,16.4,19.19
1216024,47.72,47.76,1215367,1215367,0.0,50.17,50.22,0,0,16.4,19.19
1216530,47.72,47.73,1216370,1216370,0.0,50.14,50.18,0,0,16.4,19.18
1217036,47.72,47.73,1216370,1216370,0.0,50.14,50.18,0,0,16.4,19.18
1217542,47.79,47.77,1217370,1217370,0.03,49.81,49.76,0,0,16.76,19.2
1218048,47.79,47.77,1217370,1217370,0.03,49.81,49.76,0,0,16.76,19.2
1218554,47.79,47.78,1218370,1218370,0.01,49.93,49.92,0,0,16.76,19.2
1219060,47.82,47.78,1218370,1218370,0.01,49.93,49.92,0,0,16.94,19.2
1219566,47.82,47.8,1219370,1219370,0.02,49.89,49.86,0,0,16.94,19.21
1220072,47.82,47.8,1219370,1219370,0.02,49.89,49.86,0,0,16.94,19.21
1220579,47.83,47.81,1220373,1220373,0.0,49.96,49.95,0,0,17.07,19.21
1221086,47.83,47.81,1220373,1220373,0.0,49.96,49.95,0,0,17.07,19.21
1221592,47.83,47.82,1221373,1221373,0.01,49.93,49.91,0,0,17.07,19.23
1222098,47.91,47.82,1221373,1221373,0.01,49.93,49.91,0,0,17.0,19.23
1222604,47.91,47.88,1222373,1222373,0.05,49.7,49.62,0,0,17.0,19.25
1223110,47.91,47.88,1222373,1222373,0.05,49.7,49.62,0,0,17.0,19.25
1223616,47.91,47.9,1223373,1223373,0.01,49.9,49.87,0,0,17.0,19.25
1224122,47.91,47.9,1223373,1223373,0.01,49.9,49.87,0,0,17.0,19.25
1224628,47.96,47.94,1224373,1224373,0.04,49.79,49.73,0,0,17.63,19.26
1225134,47.96,47.94,1224373,1224373,0.04,49.79,49.73,0,0,17.63,19.26
1225640,47.95,47.95,1225373,1225373,0.0,49.97,49.97,0,0,17.67,19.26
1226146,47.95,47.95,1225373,1225373,0.0,49.97,49.97,0,0,17.67,19.26
1226652,47.95,47.95,1226373,1226373,0.0,49.99,49.99,0,0,17.67,19.26
1227158,47.94,47.95,1226373,1226373,0.0,49.99,49.99,0,0,17.93,19.26
1227664,47.94,47.94,1227373,1227373,0.0,50.03,50.04,0,0,17.93,19.26
1228170,47.94,47.94,1227373,1227373,0.0,50.03,50.04,0,0,17.93,19.26
1228676,47.99,47.98,1228373,1228373,0.03,49.82,49.77,0,0,18.04,19.28
1229182,47.99,47.98,1228373,1228373,0.03,49.82,49.77,0,0,18.04,19.28
1229688,47.99,47.99,1229373,1229373,0.01,49.94,49.92,0,0,18.04,19.28
1230194,47.99,47.99,1229373,1229373,0.01,49.94,49.92,0,0,18.04,19.28
1230700,47.98,47.99,1230373,1230373,0.0,49.98,49.97,0,0,18.14,19.28
1231206,47.98,47.99,1230373,1230373,0.0,49.98,49.97,0,0,18.14,19.28
1231712,47.98,47.98,1231373,1231373,0.0,50.05,50.06,0,0,18.14,19.28
1232218,47.98,47.98,1231373,1231373,0.0,50.05,50.06,0,0,18.14,19.28
1232724,47.98,47.98,1232373,1232373,0.0,50.01,50.02,0,0,18.14,19.28
1233230,47.99,47.98,1232373,1232373,0.0,50.01,50.02,0,0,18.83,19.28
1233736,47.99,47.99,1233373,1233373,0.01,49.94,49.93,0,0,18.83,19.28
1234242,47.99,47.99,1233373,1233373,0.01,49.94,49.93,0,0,18.83,19.28
1234748,47.99,47.99,1234373,1234373,0.0,49.98,49.97,0,0,18.94,19.28
1235254,47.99,47.99,1234373,1234373,0.0,49.98,49.97,0,0,18.94,19.28
1235760,48.0,47.99,1235373,1235373,0.0,49.99,49.99,0,0,18.88,19.28
1236266,48.0,47.99,1235373,1235373,0.0,49.99,49.99,0,0,18.88,19.28
1236772,48.0,47.99,1236373,1236373,0.0,49.99,49.99,0,0,18.88,19.3
1237278,48.0,47.99,1236373,1236373,0.0,49.99,49.99,0,0,18.88,19.3
1237784,48.0,48.0,1237373,1237373,0.0,49.99,49.99,0,0,18.88,19.3
1238290,47.98,48.0,1237373,1237373,0.0,49.99,49.99,0,0,19.33,19.3
1238796,47.98,47.99,1238373,1238373,0.0,50.05,50.06,0,0,19.33,19.29
1239302,47.98,47.99,1238373,1238373,0.0,50.05,50.06,0,0,19.33,19.29
1239809,48.06,47.98,1239373,1239373,0.0,50.01,50.02,0,0,19.48,19.29
1240315,48.06,47.98,1239373,1239373,0.0,50.01,50.02,0,0,19.48,19.29
1240821,48.08,48.04,1240373,1240373,0.05,49.72,49.64,0,0,19.56,19.34
1241327,48.08,48.04,1240373,1240373,0.05,49.72,49.64,0,0,19.56,19.34
1241834,48.08,48.06,1241373,1241373,0.02,49.86,49.82,0,0,19.56,19.32
1242340,48.08,48.06,1241373,1241373,0.02,49.86,49.82,0,0,19.56,19.32
1242846,48.02,48.07,1242373,1242373,0.0,49.95,49.94,0,0,19.78,19.32
1243352,48.02,48.07,1242373,1242373,0.0,49.95,49.94,0,0,19.78,19.32
1243858,48.06,48.04,1243373,1243373,0.0,50.16,50.21,0,0,20.0,19.32
1244364,48.06,48.04,1243373,1243373,0.0,50.16,50.21,0,0,20.0,19.32
1244870,48.06,48.06,1244373,1244373,0.01,49.91,49.89,0,0,20.0,19.33
1245376,48.08,48.07,1245373,1245373,0.01,49.93,49.91,0,0,20.0,19.34
1245882,48.08,48.07,1245373,1245373,0.01,49.93,49.91,0,0,20.0,19.34
1246388,48.08,48.07,1246373,1246373,0.0,49.97,49.97,0,0,20.0,19.34
1246894,48.15,48.07,1246373,1246373,0.0,49.97,49.97,0,0,20.19,19.34
1247400,48.15,48.12,1247373,1247373,0.04,49.75,49.68,0,0,20.19,19.37
1247906,48.15,48.12,1247373,1247373,0.04,49.75,49.68,0,0,20.19,19.37
1248412,48.17,48.15,1248373,1248373,0.03,49.84,49.79,0,0,20.47,19.36
1248918,48.17,48.15,1248373,1248373,0.03,49.84,49.79,0,0,20.47,19.36
1249424,48.17,48.16,1249373,1249373,0.01,49.94,49.93,0,0,20.47,19.36
1249930,48.17,48.16,1249373,1249373,0.01,49.94,49.93,0,0,20.47,19.36
1250436,48.17,48.17,1250373,1250373,0.0,49.98,49.97,0,0,20.47,19.36
1250943,48.17,48.17,1250373,1250373,0.0,49.98,49.97,0,0,20.43,19.36
1251449,48.17,48.17,1251373,1251373,0.0,49.98,49.97,0,0,20.43,19.37
1251955,48.24,48.17,1251373,1251373,0.0,49.98,49.97,0,0,20.66,19.37
1252461,48.24,48.22,1252373,1252373,0.04,49.75,49.68,0,0,20.66,19.42
1252967,48.24,48.22,1252373,1252373,0.04,49.75,49.68,0,0,20.66,19.42
1253473,48.24,48.23,1253373,1253373,0.01,49.92,49.89,0,0,20.66,19.42
1253979,48.28,48.23,1253373,1253373,0.01,49.92,49.89,0,0,20.84,19.42
1254485,48.28,48.27,1254373,1254373,0.03,49.84,49.79,0,0,20.84,19.42
1254991,48.36,48.27,1254373,1254373,0.03,49.84,49.79,0,0,20.9,19.42
1255497,48.36,48.33,1255373,1255373,0.06,49.67,49.57,0,0,20.9,19.44
1256003,48.36,48.33,1255373,1255373,0.06,49.67,49.57,0,0,20.9,19.44
1256510,48.39,48.37,1256373,1256373,0.03,49.8,49.75,0,0,21.03,19.45
1257016,48.39,48.37,1256373,1256373,0.03,49.8,49.75,0,0,21.03,19.45
1257522,48.39,48.38,1257373,1257373,0.01,49.93,49.91,0,0,21.03,19.45
1258029,48.46,48.38,1257373,1257373,0.01,49.93,49.91,0,0,21.44,19.45
1258535,48.46,48.43,1258373,1258373,0.05,49.74,49.67,0,0,21.44,19.48
1259041,48.44,48.43,1258373,1258373,0.05,49.74,49.67,0,0,21.31,19.48
1259547,48.44,48.44,1259373,1259373,0.0,49.96,49.95,0,0,21.31,19.47
1260053,48.44,48.44,1259373,1259373,0.0,49.96,49.95,0,0,21.31,19.47
1260560,48.49,48.47,1260373,1260373,0.03,49.84,49.8,0,0,21.61,19.5
1261066,48.49,48.47,1260373,1260373,0.03,49.84,49.8,0,0,21.61,19.5
1261572,48.54,48.48,1261373,1261373,0.0,49.95,49.93,0,0,21.68,19.5
1262078,48.54,48.48,1261373,1261373,0.0,49.95,49.93,0,0,21.68,19.5
1262584,48.54,48.52,1262373,1262373,0.04,49.79,49.73,0,0,21.68,19.53
1263090,48.59,48.52,1262373,1262373,0.04,49.79,49.73,0,0,21.7,19.53
1263596,48.59,48.57,1263373,1263373,0.05,49.74,49.67,0,0,21.7,19.55
1264102,48.59,48.57,1263373,1263373,0.05,49.74,49.67,0,0,21.7,19.55
1264608,48.59,48.59,1264373,1264373,0.01,49.91,49.89,0,0,21.7,19.55
1265114,48.59,48.59,1264373,1264373,0.01,49.91,49.89,0,0,21.7,19.55
1265620,48.66,48.64,1265373,1265373,0.05,49.74,49.66,0,0,21.85,19.57
1266126,48.66,48.64,1265373,1265373,0.05,49.74,49.66,0,0,21.85,19.57
1266632,48.76,48.66,1266377,1266377,0.01,49.91,49.89,0,0,22.18,19.57
1267138,48.76,48.66,1266377,1266377,0.01,49.91,49.89,0,0,22.18,19.57
1267644,48.76,48.72,1267377,1267377,0.06,49.66,49.56,0,0,22.18,19.59
1268150,48.78,48.72,1267377,1267377,0.06,49.66,49.56,0,0,22.26,19.59
1268656,48.78,48.76,1268377,1268377,0.04,49.79,49.73,0,0,22.26,19.58
1269162,48.85,48.76,1268377,1268377,0.04,49.79,49.73,0,0,22.16,19.58
1269668,48.85,48.82,1269377,1269377,0.05,49.7,49.61,0,0,22.16,19.63
1270174,48.85,48.82,1269377,1269377,0.05,49.7,49.61,0,0,22.16,19.63
1270680,48.88,48.84,1270377,1270377,0.01,49.9,49.87,0,0,22.31,19.63
1271186,48.88,48.84,1270377,1270377,0.01,49.9,49.87,0,0,22.31,19.63
1271692,48.88,48.87,1271377,1271377,0.02,49.86,49.82,0,0,22.31,19.64
1272198,48.97,48.87,1271377,1271377,0.02,49.86,49.82,0,0,22.52,19.64
1272704,48.97,48.94,1272377,1272377,0.07,49.64,49.54,0,0,22.52,19.67
1273210,49.0,48.94,1272377,1272377,0.07,49.64,49.54,0,0,22.61,19.67
1273716,49.0,48.98,1273377,1273377,0.04,49.79,49.72,0,0,22.61,19.67
1274222,49.0,48.98,1273377,1273377,0.04,49.79,49.72,0,0,22.61,19.67
1274728,49.0,48.99,1274377,1274377,0.01,49.93,49.91,0,0,22.61,19.67
1275234,49.04,48.99,1274377,1274377,0.01,49.93,49.91,0,0,22.52,19.67
1275740,49.04,49.03,1275377,1275377,0.03,49.83,49.79,0,0,22.52,19.7
1276246,49.12,49.03,1275377,1275377,0.03,49.83,49.79,0,0,22.76,19.7
1276752,49.12,49.09,1276377,1276377,0.06,49.67,49.57,0,0,22.76,19.72
1277258,49.12,49.09,1276377,1276377,0.06,49.67,49.57,0,0,22.76,19.72
1277764,49.15,49.13,1277378,1277378,0.03,49.8,49.75,0,0,22.52,19.73
1278270,49.15,49.13,1277378,1277378,0.03,49.8,49.75,0,0,22.52,19.73
1278776,49.23,49.14,1278379,1278379,0.01,49.93,49.91,0,0,22.55,19.73
1279282,49.23,49.14,1278379,1278379,0.01,49.93,49.91,0,0,22.55,19.73
1279788,49.23,49.2,1279379,1279379,0.05,49.7,49.62,0,0,22.55,19.74
1280294,49.23,49.2,1279379,1279379,0.05,49.7,49.62,0,0,22.55,19.74
1280800,49.23,49.22,1280379,1280379,0.01,49.9,49.87,0,0,22.55,19.74
1281307,49.26,49.22,1280379,1280379,0.01,49.9,49.87,0,0,23.18,19.74
1281813,49.26,49.25,1281379,1281379,0.02,49.87,49.83,0,0,23.18,19.78
1282319,49.34,49.25,1281379,1281379,0.02,49.87,49.83,0,0,23.79,19.78
1282825,49.34,49.31,1282379,1282379,0.06,49.68,49.59,0,0,23.79,19.79
1283331,49.34,49.31,1282379,1282379,0.06,49.68,49.59,0,0,23.79,19.79
1283837,49.34,49.33,1283379,1283379,0.02,49.89,49.86,0,0,23.79,19.79
1284343,49.46,49.33,1283379,1283379,0.02,49.89,49.86,0,0,23.26,19.79
1284849,49.46,49.42,1284379,1284379,0.08,49.56,49.43,0,0,23.26,19.83
1285355,49.48,49.42,1284379,1284379,0.08,49.56,49.43,0,0,23.35,19.83
1285861,49.48,49.46,1285379,1285379,0.04,49.79,49.73,0,0,23.35,19.85
1286368,49.48,49.46,1285379,1285379,0.04,49.79,49.73,0,0,23.35,19.85
1286874,49.55,49.47,1286379,1286379,0.01,49.93,49.91,0,0,23.42,19.85
1287380,49.55,49.52,1287379,1287379,0.05,49.74,49.67,0,0,23.42,19.87
1287886,49.55,49.52,1287379,1287379,0.05,49.74,49.67,0,0,23.42,19.87
1288392,49.58,49.56,1288379,1288379,0.04,49.78,49.72,0,0,23.63,19.89
1288898,49.58,49.56,1288379,1288379,0.04,49.78,49.72,0,0,23.63,19.89
1289404,49.68,49.64,1289379,1289379,0.07,49.6,49.49,1,0,24.09,19.93
1289910,49.68,49.64,1289379,1289379,0.07,49.6,49.49,1,0,24.09,19.93
1290416,49.68,49.67,1290379,1290379,0.02,49.87,49.83,1,0,24.09,19.93
1290923,49.68,49.67,1290379,1290379,0.02,49.87,49.83,1,0,24.09,19.93
1291429,49.74,49.72,1291379,1291379,0.05,49.74,49.66,1,0,23.61,19.92
1291935,49.74,49.72,1291379,1291379,0.05,49.74,49.66,1,0,23.61,19.92
1292441,49.81,49.78,1292379,1292379,0.06,49.68,49.59,1,0,23.72,19.96
1292947,49.81,49.78,1292379,1292379,0.06,49.68,49.59,1,0,23.72,19.96
1293454,49.83,49.8,1293379,1293379,0.02,49.89,49.86,1,0,23.48,19.96
1293961,49.83,49.8,1293379,1293379,0.02,49.89,49.86,1,0,23.48,19.96
1294467,49.83,49.82,1294379,1294379,0.01,49.91,49.89,1,0,23.48,19.96
1294973,49.88,49.82,1294379,1294379,0.01,49.91,49.89,1,0,23.72,19.96
1295479,49.88,49.86,1295379,1295379,0.04,49.78,49.72,1,0,23.72,19.98
1295986,49.88,49.86,1295379,1295379,0.04,49.78,49.72,1,0,23.72,19.98
1296492,49.99,49.95,1296379,1296379,0.08,49.56,49.43,1,0,23.57,20.02
1296998,49.99,49.95,1296379,1296379,0.08,49.56,49.43,1,0,23.57,20.02
1297504,50.04,50.01,1297379,1297379,0.06,49.67,49.57,1,0,23.37,20.03
1298010,50.04,50.01,1297379,1297379,0.06,49.67,49.57,1,0,23.37,20.03
1298516,50.04,50.03,1298379,1298379,0.02,49.89,49.86,1,0,23.37,20.03
1299022,50.09,50.03,1298379,1298379,0.02,49.89,49.86,1,0,23.22,20.03
1299528,50.09,50.07,1299379,1299379,0.03,49.82,49.77,1,0,23.22,20.06
1300035,50.13,50.07,1299379,1299379,0.03,49.82,49.77,1,0,23.18,20.06
1300542,50.13,50.11,1300379,1300379,0.03,49.8,49.74,1,0,23.18,20.07
1301048,50.13,50.11,1300379,1300379,0.03,49.8,49.74,1,0,23.18,20.07
1301554,50.17,50.15,1301379,1301379,0.04,49.79,49.73,1,0,23.0,20.1
1302060,50.17,50.15,1301379,1301379,0.04,49.79,49.73,1,0,23.0,20.1
1302566,50.25,50.16,1302379,1302379,0.01,49.93,49.91,1,0,22.68,20.1
1303072,50.25,50.16,1302379,1302379,0.01,49.93,49.91,1,0,22.68,20.1
1303578,50.25,50.22,1303379,1303379,0.05,49.7,49.61,1,0,22.68,20.13
1304084,50.25,50.22,1303379,1303379,0.05,49.7,49.61,1,0,22.68,20.13
1304591,50.32,50.29,1304379,1304379,0.06,49.66,49.56,1,0,22.42,20.16
1305097,50.32,50.29,1304379,1304379,0.06,49.66,49.56,1,0,22.42,20.16
1305603,50.4,50.31,1305379,1305379,0.02,49.88,49.85,1,0,22.26,20.16
1306109,50.4,50.31,1305379,1305379,0.02,49.88,49.85,1,0,22.26,20.16
1306615,50.4,50.37,1306379,1306379,0.06,49.69,49.6,1,0,22.26,20.19
1307121,50.4,50.37,1306379,1306379,0.06,49.69,49.6,1,0,22.26,20.19
1307627,50.48,50.44,1307389,1307389,0.06,49.65,49.54,1,0,21.72,20.19
1308133,50.48,50.44,1307389,1307389,0.06,49.65,49.54,1,0,21.72,20.19
1308639,50.57,50.46,1308390,1308390,0.02,49.88,49.84,1,0,21.81,20.19
1309145,50.57,50.46,1308390,1308390,0.02,49.88,49.84,1,0,21.81,20.19
1309652,50.63,50.54,1309390,1309390,0.07,49.63,49.53,1,0,21.64,20.22
1310159,50.63,50.54,1309390,1309390,0.07,49.63,49.53,1,0,21.64,20.22
1310665,50.63,50.6,1310390,1310390,0.05,49.7,49.61,1,0,21.64,20.23
1311171,50.63,50.6,1310390,1310390,0.05,49.7,49.61,1,0,21.64,20.23
1311677,50.72,50.62,1311390,1311390,0.01,49.9,49.87,1,0,21.31,20.23
1312183,50.72,50.62,1311390,1311390,0.01,49.9,49.87,1,0,21.31,20.23
1312690,50.83,50.69,1312390,1312390,0.07,49.64,49.53,1,0,21.18,20.28
1313196,50.83,50.69,1312390,1312390,0.07,49.64,49.53,1,0,21.18,20.28
1313702,50.83,50.78,1313390,1313390,0.09,49.52,49.38,1,0,21.18,20.3
1314208,50.9,50.78,1313390,1313390,0.09,49.52,49.38,1,0,20.75,20.3
1314714,50.9,50.86,1314390,1314390,0.07,49.61,49.49,1,0,20.75,20.33
1315220,51.01,50.86,1314390,1314390,0.07,49.61,49.49,1,0,20.79,20.33
1315726,51.01,50.96,1315390,1315390,0.09,49.5,49.35,1,0,20.79,20.37
1316232,51.01,50.96,1315390,1315390,0.09,49.5,49.35,1,0,20.79,20.37
1316738,51.11,50.99,1316390,1316390,0.03,49.83,49.78,1,0,20.58,20.37
1317244,51.11,50.99,1316390,1316390,0.03,49.83,49.78,1,0,20.58,20.37
1317750,51.11,51.07,1317390,1317390,0.08,49.59,49.47,1,0,20.58,20.39
1318256,51.21,51.07,1317390,1317390,0.08,49.59,49.47,1,0,20.25,20.39
1318763,51.21,51.17,1318390,1318390,0.09,49.53,49.39,1,0,20.25,20.45
1319269,51.29,51.17,1318390,1318390,0.09,49.53,49.39,1,0,20.25,20.45
1319775,51.29,51.25,1319390,1319390,0.08,49.58,49.46,1,0,20.25,20.46
1320281,51.37,51.25,1319390,1319390,0.08,49.58,49.46,1,0,20.15,20.46
1320787,51.37,51.33,1320390,1320390,0.08,49.59,49.47,1,0,20.15,20.47
1321293,51.43,51.33,1320390,1320390,0.08,49.59,49.47,1,0,20.15,20.47
1321799,51.43,51.39,1321390,1321390,0.06,49.67,49.57,1,0,20.15,20.5
1322306,51.52,51.39,1321390,1321390,0.06,49.67,49.57,1,0,19.91,20.5
1322813,51.52,51.48,1322390,1322390,0.08,49.58,49.46,1,0,19.91,20.53
1323319,51.52,51.48,1322390,1322390,0.08,49.58,49.46,1,0,19.91,20.53
1323825,51.58,51.51,1323392,1323392,0.02,49.86,49.82,1,0,19.72,20.53
1324331,51.58,51.51,1323392,1323392,0.02,49.86,49.82,1,0,19.72,20.53
1324838,51.58,51.55,1324393,1324393,0.04,49.76,49.69,1,0,19.72,20.56
1325344,51.6,51.55,1324393,1324393,0.04,49.76,49.69,1,0,19.52,20.56
1325850,51.6,51.59,1325393,1325393,0.03,49.83,49.77,1,0,19.52,20.57
1326356,51.6,51.59,1325393,1325393,0.03,49.83,49.77,1,0,19.52,20.57
1326862,51.71,51.6,1326393,1326393,0.01,49.94,49.92,1,0,19.03,20.57
1327368,51.71,51.6,1326393,1326393,0.01,49.94,49.92,1,0,19.03,20.57
1327874,51.71,51.67,1327393,1327393,0.07,49.62,49.51,1,0,19.03,20.59
1328380,51.79,51.67,1327393,1327393,0.07,49.62,49.51,1,0,19.2,20.59
1328886,51.79,51.75,1328393,1328393,0.08,49.59,49.46,1,0,19.2,20.63
1329392,51.82,51.75,1328393,1328393,0.08,49.59,49.46,1,0,18.94,20.63
1329898,51.82,51.8,1329398,1329398,0.04,49.78,49.72,1,0,18.94,20.62
1330404,51.82,51.81,1330399,1330399,0.01,49.93,49.9,1,0,18.94,20.62
1330910,51.83,51.81,1330399,1330399,0.01,49.93,49.9,1,0,18.68,20.62
1331416,51.83,51.82,1331399,1331399,0.01,49.92,49.9,1,0,18.68,20.64
1331922,51.88,51.82,1331399,1331399,0.01,49.92,49.9,1,0,18.7,20.64
1332428,51.88,51.86,1332399,1332399,0.04,49.79,49.73,1,0,18.7,20.64
1332934,51.88,51.86,1332399,1332399,0.04,49.79,49.73,1,0,18.7,20.64
1333440,51.91,51.9,1333400,1333400,0.03,49.84,49.79,1,0,18.47,20.65
1333946,51.91,51.9,1333400,1333400,0.03,49.84,49.79,1,0,18.47,20.65
1334452,51.94,51.92,1334400,1334400,0.02,49.86,49.82,1,0,17.99,20.65
1334958,51.94,51.92,1334400,1334400,0.02,49.86,49.82,1,0,17.99,20.65
1335464,51.94,51.93,1335400,1335400,0.0,49.95,49.94,1,0,17.99,20.65
1335970,51.95,51.93,1335400,1335400,0.0,49.95,49.94,1,0,18.08,20.65
1336476,51.95,51.94,1336400,1336400,0.01,49.93,49.92,1,0,18.08,20.66
1336982,51.95,51.94,1336400,1336400,0.01,49.93,49.92,1,0,18.08,20.66
1337489,51.98,51.97,1337400,1337400,0.02,49.87,49.84,1,0,17.93,20.67
1337995,51.98,51.97,1337400,1337400,0.02,49.87,49.84,1,0,17.93,20.67
1338501,51.99,51.98,1338400,1338400,0.01,49.94,49.92,1,0,17.86,20.7
1339007,51.99,51.98,1338400,1338400,0.01,49.94,49.92,1,0,17.86,20.7
1339513,51.99,51.98,1339400,1339400,0.0,49.98,49.97,1,0,17.86,20.7
1340020,51.99,51.98,1339400,1339400,0.0,49.98,49.97,1,0,17.86,20.7
1340526,51.97,51.97,1340400,1340400,0.0,50.05,50.06,1,0,17.32,20.68
1341032,51.97,51.97,1340400,1340400,0.0,50.05,50.06,1,0,17.32,20.68
1341538,51.94,51.95,1341400,1341400,0.0,50.1,50.14,1,0,17.63,20.68
1342044,51.94,51.95,1341400,1341400,0.0,50.1,50.14,1,0,17.63,20.68
1342550,51.94,51.94,1342400,1342400,0.0,50.03,50.04,1,0,17.63,20.68
1343056,51.97,51.94,1342400,1342400,0.0,50.03,50.04,1,0,17.28,20.68
1343562,51.97,51.96,1343403,1343403,0.01,49.92,49.89,1,0,17.28,20.68
1344068,51.94,51.96,1343403,1343403,0.01,49.92,49.89,1,0,17.43,20.68
1344574,51.94,51.95,1344403,1344403,0.0,50.07,50.09,1,0,17.43,20.66
1345080,51.93,51.95,1344403,1344403,0.0,50.07,50.09,1,0,17.13,20.66
1345586,51.93,51.93,1345403,1345403,0.0,50.06,50.08,1,0,17.13,20.67
1346092,51.9,51.93,1345403,1345403,0.0,50.06,50.08,1,0,17.2,20.67
1346598,51.9,51.91,1346403,1346403,0.0,50.11,50.15,1,0,17.2,20.65
1347104,51.9,51.91,1346403,1346403,0.0,50.11,50.15,1,0,17.2,20.65
1347610,51.88,51.89,1347403,1347403,0.0,50.11,50.14,1,0,16.83,20.68
1348116,51.88,51.89,1347403,1347403,0.0,50.11,50.14,1,0,16.83,20.68
1348622,51.88,51.88,1348403,1348403,0.0,50.03,50.04,1,0,16.83,20.68
1349128,51.88,51.88,1348403,1348403,0.0,50.03,50.04,1,0,16.83,20.68
1349634,51.79,51.88,1349403,1349403,0.0,50.01,50.01,1,0,16.59,20.68
1350140,51.79,51.88,1349403,1349403,0.0,50.01,50.01,1,0,16.59,20.68
1350646,51.79,51.82,1350403,1350403,0.0,50.29,50.38,1,0,16.59,20.61
1351152,51.69,51.82,1350403,1350403,0.0,50.29,50.38,1,0,16.63,20.61
