timestamp,raw_hum,filtered_hum,current_tick,prev_tick,v,turn_on_thres,turn_off_thres,peltier,cold_fan,ntc_temp,dew_point,cycle_extreme_hum
12128,87.04,87.05,12001,12001,0.0,50.04,50.06,1,0,28.87,28.94,87.09
12634,87.04,87.05,12001,12001,0.0,50.04,50.06,1,0,28.87,28.94,87.09
13141,87.04,87.04,13001,13001,0.0,50.01,50.02,1,0,28.92,28.94,87.09
13648,87.04,87.04,13001,13001,0.0,50.01,50.02,1,0,28.92,28.94,87.09
14154,87.04,87.04,14001,14001,0.0,50.03,50.04,1,0,28.92,28.95,87.09
14660,87.01,87.04,14001,14001,0.0,50.03,50.04,1,0,28.58,28.95,87.09
15166,87.01,87.02,15001,15001,0.0,50.09,50.11,1,0,28.58,28.93,87.09
15672,87.01,87.02,15001,15001,0.0,50.09,50.11,1,0,28.58,28.93,87.09
16178,87.01,87.01,16001,16001,0.0,50.03,50.03,1,0,28.58,28.93,87.09
16684,87.01,87.01,16001,16001,0.0,50.03,50.03,1,0,28.37,28.93,87.09
17190,87.01,87.01,17001,17001,0.0,50.02,50.03,1,0,28.37,28.95,87.09
17696,87.01,87.01,17001,17001,0.0,50.02,50.03,1,0,28.37,28.95,87.09
18202,86.98,87.01,18001,18001,0.0,50.0,50.01,1,0,27.97,28.95,87.09
18708,86.98,87.01,18001,18001,0.0,50.0,50.01,1,0,27.97,28.95,87.09
19214,86.98,86.99,19001,19001,0.0,50.09,50.12,1,0,27.97,28.93,87.09
19720,87.0,86.99,19001,19001,0.0,50.09,50.12,1,0,27.7,28.93,87.09
20226,87.0,87.0,20001,20001,0.0,49.96,49.95,1,0,27.7,28.96,87.09
20732,87.0,87.0,20001,20001,0.0,49.96,49.95,1,0,27.7,28.96,87.09
21238,86.98,87.0,21001,21001,0.0,49.98,49.98,1,0,27.47,28.96,87.09
21744,86.98,87.0,21001,21001,0.0,49.98,49.98,1,0,27.47,28.96,87.09
22250,86.98,86.99,22001,22001,0.0,50.04,50.06,1,0,27.47,28.94,87.09
22756,86.96,86.99,22001,22001,0.0,50.04,50.06,1,0,27.18,28.94,87.09
23262,86.96,86.97,23001,23001,0.0,50.09,50.11,1,0,27.18,28.94,87.09
23768,86.96,86.97,23001,23001,0.0,50.09,50.11,1,0,27.18,28.94,87.09
24274,86.97,86.97,24009,24009,0.0,49.99,49.99,1,0,26.83,28.92,87.09
24780,86.97,86.97,24009,24009,0.0,49.99,49.99,1,0,26.83,28.92,87.09
25286,86.97,86.97,25010,25010,0.0,49.99,49.99,1,0,26.83,28.92,87.09
25792,86.97,86.97,25010,25010,0.0,49.99,49.99,1,0,26.83,28.92,87.09
26298,86.97,86.97,26010,26010,0.0,49.99,49.99,1,0,26.83,28.92,87.09
26804,86.93,86.97,26010,26010,0.0,49.99,49.99,1,0,26.65,28.92,87.09
27310,86.93,86.95,27010,27010,0.0,50.12,50.15,1,0,26.65,28.95,87.09
27818,86.91,86.95,27010,27010,0.0,50.12,50.15,1,0,26.12,28.95,87.09
28325,86.91,86.93,28010,28010,0.0,50.1,50.13,1,0,26.12,28.91,87.09
28831,86.91,86.93,28010,28010,0.0,50.1,50.13,1,0,26.12,28.91,87.09
29337,86.88,86.92,29010,29010,0.0,50.03,50.04,1,0,25.74,28.91,87.09
29843,86.88,86.92,29010,29010,0.0,50.03,50.04,1,0,25.74,28.91,87.09
30349,86.88,86.89,30010,30010,0.0,50.12,50.16,1,0,25.74,28.93,87.09
30856,86.85,86.89,30010,30010,0.0,50.12,50.16,1,0,25.01,28.93,87.09
31363,86.85,86.87,31010,31010,0.0,50.13,50.17,1,0,25.01,28.92,87.09
31869,86.85,86.87,31010,31010,0.0,50.13,50.17,1,0,25.01,28.92,87.09
32375,86.82,86.84,32010,32010,0.0,50.15,50.19,1,0,25.25,28.91,87.09
32881,86.82,86.84,32010,32010,0.0,50.15,50.19,1,0,25.25,28.91,87.09
33387,86.85,86.83,33011,33011,0.0,50.05,50.06,1,0,25.08,28.91,87.09
33893,86.85,86.83,33011,33011,0.0,50.05,50.06,1,0,25.08,28.91,87.09
34399,86.79,86.84,34011,34011,0.01,49.92,49.9,1,0,24.9,28.93,87.09
34905,86.79,86.84,34011,34011,0.01,49.92,49.9,1,0,24.9,28.93,87.09
35411,86.79,86.81,35011,35011,0.0,50.17,50.22,1,0,24.9,28.9,87.09
35917,86.71,86.81,35011,35011,0.0,50.17,50.22,1,0,24.33,28.9,87.09
36423,86.71,86.74,36011,36011,0.0,50.33,50.43,1,0,24.33,28.9,87.09
36929,86.68,86.74,36011,36011,0.0,50.33,50.43,1,0,24.38,28.9,87.09
37435,86.68,86.7,37011,37011,0.0,50.2,50.26,1,0,24.38,28.88,87.09
37941,86.68,86.7,37011,37011,0.0,50.2,50.26,1,0,24.38,28.88,87.09
38447,86.62,86.69,38011,38011,0.0,50.06,50.08,1,0,24.16,28.88,87.09
38953,86.62,86.69,38011,38011,0.0,50.06,50.08,1,0,24.16,28.88,87.09
39459,86.62,86.64,39011,39011,0.0,50.22,50.28,1,0,24.16,28.88,87.09
39965,86.54,86.64,39011,39011,0.0,50.22,50.28,1,0,23.98,28.88,87.09
40471,86.54,86.57,40011,40011,0.0,50.33,50.44,1,0,23.98,28.85,87.09
40977,86.54,86.57,40011,40011,0.0,50.33,50.44,1,0,23.98,28.85,87.09
41483,86.48,86.55,41011,41011,0.0,50.11,50.14,1,0,23.72,28.85,87.09
41989,86.48,86.55,41011,41011,0.0,50.11,50.14,1,0,23.72,28.85,87.09
42495,86.48,86.51,42011,42011,0.0,50.22,50.28,1,1,23.72,28.84,87.09
43001,86.35,86.51,42011,42011,0.0,50.22,50.28,1,1,23.5,28.84,87.09
43507,86.35,86.4,43011,43011,0.0,50.52,50.68,1,1,23.5,28.8,87.09
44013,86.29,86.33,44011,44011,0.0,50.35,50.46,1,1,23.81,28.79,87.09
44519,86.29,86.33,44011,44011,0.0,50.35,50.46,1,1,23.81,28.79,87.09
45025,86.06,86.15,45011,45011,0.0,50.89,51.15,1,1,24.29,28.73,87.09
45531,86.06,86.15,45011,45011,0.0,50.89,51.15,1,1,24.29,28.73,87.09
46037,85.22,85.53,46011,46011,0.0,53.13,54.07,1,1,24.64,28.52,87.09
46543,85.22,85.53,46011,46011,0.0,53.13,54.07,1,1,24.64,28.52,87.09
47049,85.22,85.32,47011,47011,0.0,51.03,51.34,1,1,24.64,28.52,87.09
47555,83.83,85.32,47011,47011,0.0,51.03,51.34,1,1,24.66,28.52,87.09
48061,83.83,84.32,48011,48011,0.0,54.99,56.49,1,1,24.66,28.19,87.09
48567,83.83,84.32,48011,48011,0.0,54.99,56.49,1,1,24.66,28.19,87.09
49073,82.38,83.02,49011,49011,0.0,56.48,58.43,1,1,24.64,27.84,87.09
49579,82.38,83.02,49011,49011,0.0,56.48,58.43,1,1,24.64,27.84,87.09
50085,81.4,81.94,50011,50011,0.0,55.41,57.04,1,1,24.62,27.62,87.09
50591,81.4,81.94,50011,50011,0.0,55.41,57.04,1,1,24.62,27.62,87.09
51097,80.23,80.79,51011,51011,0.0,55.72,57.44,1,1,24.6,27.33,87.09
51603,80.23,80.79,51011,51011,0.0,55.72,57.44,1,1,24.6,27.33,87.09
52109,80.23,80.41,52011,52011,0.0,51.89,52.45,1,1,24.6,27.33,87.09
52615,80.23,80.41,52011,52011,0.0,51.89,52.45,1,1,24.6,27.33,87.09
53121,78.48,79.12,53011,53011,0.0,56.47,58.41,1,1,24.51,26.92,87.09
53627,78.48,79.12,53011,53011,0.0,56.47,58.41,1,1,24.51,26.92,87.09
54133,78.48,78.69,54011,54011,0.0,52.13,52.77,1,1,24.51,26.92,87.09
54639,77.07,78.69,54011,54011,0.0,52.13,52.77,1,1,24.46,26.92,87.09
55145,77.07,77.61,55011,55011,0.0,55.42,57.05,1,1,24.46,26.55,87.09
55651,76.2,77.61,55011,55011,0.0,55.42,57.05,1,1,24.18,26.55,87.09
56157,76.2,76.66,56011,56011,0.0,54.73,56.14,1,1,24.18,26.33,87.09
56663,75.38,76.66,56011,56011,0.0,54.73,56.14,1,1,24.33,26.33,87.09
57170,75.38,75.8,57011,57011,0.0,54.29,55.57,1,0,24.33,26.13,87.09
57677,75.38,75.8,57011,57011,0.0,54.29,55.57,1,0,24.33,26.13,87.09
58183,74.3,75.52,58011,58011,0.0,51.41,51.84,1,0,23.35,26.13,87.09
58689,74.3,75.52,58011,58011,0.0,51.41,51.84,1,0,23.35,26.13,87.09
59195,74.3,74.7,59011,59011,0.0,54.09,55.31,1,0,23.35,25.86,87.09
59701,73.4,74.7,59011,59011,0.0,54.09,55.31,1,0,23.57,25.86,87.09
60207,73.4,73.83,60011,60011,0.0,54.37,55.68,1,0,23.57,25.66,87.09
60713,73.4,73.83,60011,60011,0.0,54.37,55.68,1,0,23.57,25.66,87.09
61219,72.99,73.54,61011,61011,0.0,51.44,51.87,1,0,23.42,25.66,87.09
61725,72.99,73.54,61011,61011,0.0,51.44,51.87,1,0,23.42,25.66,87.09
62231,72.99,73.17,62011,62011,0.0,51.84,52.39,1,0,23.42,25.52,87.09
62737,72.99,73.17,62011,62011,0.0,51.84,52.39,1,0,23.42,25.52,87.09
63243,72.99,73.05,63011,63011,0.0,50.6,50.79,1,0,23.42,25.52,87.09
63749,72.91,73.05,63011,63011,0.0,50.6,50.79,1,0,22.7,25.52,87.09
64255,72.91,72.96,64011,64011,0.0,50.44,50.58,1,0,22.7,25.53,87.09
64761,73.04,72.96,64011,64011,0.0,50.44,50.58,1,0,22.52,25.53,87.09
65267,73.04,73.02,65011,65011,0.05,49.71,49.63,1,0,22.52,25.53,87.09
65773,73.04,73.02,65011,65011,0.05,49.71,49.63,1,0,22.52,25.53,87.09
66279,73.04,73.03,66011,66011,0.01,49.9,49.87,1,0,22.52,25.53,87.09
66785,73.04,73.03,66011,66011,0.01,49.9,49.87,1,0,22.52,25.53,87.09
67291,73.04,73.04,67011,67011,0.0,49.96,49.96,1,0,22.52,25.53,87.09
67797,72.78,73.04,67011,67011,0.0,49.96,49.96,1,0,22.18,25.53,87.09
68303,72.78,72.87,68011,68011,0.0,50.86,51.12,1,0,22.18,25.5,87.09
68809,72.78,72.87,68011,68011,0.0,50.86,51.12,1,0,22.18,25.5,87.09
69315,72.53,72.64,69011,69011,0.0,51.11,51.44,1,0,21.83,25.43,87.09
69821,72.53,72.64,69011,69011,0.0,51.11,51.44,1,0,21.83,25.43,87.09
70327,72.53,72.57,70011,70011,0.0,50.36,50.47,1,0,21.83,25.43,87.09
70833,72.46,72.57,70011,70011,0.0,50.36,50.47,1,0,21.46,25.43,87.09
71339,72.46,72.5,71011,71011,0.0,50.36,50.46,1,0,21.46,25.4,87.09
71845,72.46,72.5,71011,71011,0.0,50.36,50.46,1,0,21.38,25.4,87.09
72351,72.46,72.47,72011,72011,0.0,50.13,50.17,1,0,21.38,25.42,87.09
72857,72.46,72.47,72011,72011,0.0,50.13,50.17,1,0,21.38,25.42,87.09
73363,72.46,72.47,73011,73011,0.0,50.02,50.03,1,0,21.38,25.44,87.09
73869,72.46,72.47,73011,73011,0.0,50.02,50.03,1,0,21.38,25.44,87.09
74375,72.46,72.46,74011,74011,0.0,50.0,50.01,1,0,21.38,25.44,87.09
74881,72.53,72.46,74011,74011,0.0,50.0,50.01,1,0,22.61,25.44,87.09
75387,72.53,72.51,75011,75011,0.04,49.79,49.73,1,0,22.61,25.44,87.09
75893,72.54,72.51,75011,75011,0.04,49.79,49.73,1,0,20.94,25.44,87.09
76399,72.54,72.53,76011,76011,0.02,49.89,49.86,1,0,20.94,25.44,87.09
76905,72.54,72.53,76011,76011,0.02,49.89,49.86,1,0,20.94,25.44,87.09
77411,72.59,72.57,77025,77025,0.03,49.8,49.74,1,0,20.69,25.47,87.09
77917,72.59,72.57,77025,77025,0.03,49.8,49.74,1,0,20.69,25.47,87.09
78423,72.62,72.58,78026,78026,0.01,49.93,49.91,1,0,20.49,25.47,87.09
78929,72.62,72.58,78026,78026,0.01,49.93,49.91,1,0,20.49,25.47,87.09
79435,72.62,72.61,79026,79026,0.02,49.85,49.81,1,0,20.49,25.49,87.09
79941,72.62,72.61,79026,79026,0.02,49.85,49.81,1,0,20.49,25.49,87.09
80447,72.71,72.62,80026,80026,0.0,49.95,49.93,1,0,20.25,25.49,87.09
80953,72.71,72.62,80026,80026,0.0,49.95,49.93,1,0,20.25,25.49,87.09
81459,72.71,72.68,81026,81026,0.05,49.7,49.61,1,1,20.25,25.54,87.09
81965,72.75,72.68,81026,81026,0.05,49.7,49.61,1,1,20.19,25.54,87.09
82471,72.75,72.72,82026,82026,0.04,49.76,49.69,1,1,20.19,25.53,87.09
82977,72.8,72.72,82026,82026,0.04,49.76,49.69,1,1,20.56,25.53,87.09
83483,72.8,72.78,83026,83026,0.05,49.74,49.66,1,1,20.56,25.53,87.09
83989,72.8,72.78,83026,83026,0.05,49.74,49.66,1,1,20.56,25.53,87.09
84495,72.37,72.79,84026,84026,0.01,49.91,49.88,1,1,21.2,25.53,87.09
85001,72.37,72.79,84026,84026,0.01,49.91,49.88,1,1,21.2,25.53,87.09
85507,72.37,72.51,85026,85026,0.0,51.39,51.81,1,1,21.2,25.42,87.09
86013,72.37,72.51,85026,85026,0.0,51.39,51.81,1,1,21.2,25.42,87.09
86519,72.37,72.42,86026,86026,0.0,50.46,50.59,1,1,21.2,25.42,87.09
87025,70.16,72.42,86026,86026,0.0,50.46,50.59,1,1,21.57,25.42,87.09
87531,70.16,70.91,87031,87031,0.0,57.52,59.77,1,1,21.57,24.86,87.09
88037,70.16,70.41,88032,88032,0.0,52.49,53.23,1,1,21.57,24.86,87.09
88543,68.75,70.41,88032,88032,0.0,52.49,53.23,1,1,21.61,24.86,87.09
89049,68.75,69.29,89032,89032,0.0,55.57,57.24,1,1,21.61,24.48,87.09
89555,68.75,69.29,89032,89032,0.0,55.57,57.24,1,1,21.61,24.48,87.09
90061,67.17,67.87,90032,90032,0.0,57.11,59.25,1,1,21.68,24.1,87.09
90567,67.17,67.87,90032,90032,0.0,57.11,59.25,1,1,21.68,24.1,87.09
91073,67.17,67.4,91032,91032,0.0,52.34,53.05,1,1,21.68,24.1,87.09
91579,66.14,67.4,91032,91032,0.0,52.34,53.05,1,1,21.59,24.1,87.09
92085,66.14,66.56,92032,92032,0.0,54.21,55.47,1,1,21.59,23.81,87.09
92591,65.23,66.56,92032,92032,0.0,54.21,55.47,1,1,21.64,23.81,87.09
93097,65.23,65.67,93032,93032,0.0,54.45,55.79,1,0,21.64,23.56,87.09
93603,64.45,65.67,93032,93032,0.0,54.45,55.79,1,0,21.68,23.56,87.09
94109,64.45,64.85,94032,94032,0.0,54.07,55.3,1,0,21.68,23.32,87.09
94615,63.81,64.85,94032,94032,0.0,54.07,55.3,1,0,21.44,23.32,87.09
95121,63.81,64.16,95032,95032,0.0,53.47,54.52,1,0,21.44,23.14,87.09
95627,63.81,64.16,95032,95032,0.0,53.47,54.52,1,0,21.44,23.14,87.09
96133,63.18,63.5,96032,96032,0.0,53.26,54.24,1,0,21.03,22.97,87.09
96639,63.18,63.5,96032,96032,0.0,53.26,54.24,1,0,21.03,22.97,87.09
97145,62.96,63.29,97032,97032,0.0,51.07,51.4,1,0,20.9,22.97,87.09
97651,62.96,63.29,97032,97032,0.0,51.07,51.4,1,0,20.9,22.97,87.09
98157,62.96,63.07,98032,98032,0.0,51.1,51.43,1,0,20.9,22.91,87.09
98663,62.71,63.07,98032,98032,0.0,51.1,51.43,1,0,20.38,22.91,87.09
99169,62.71,62.83,99032,99032,0.0,51.18,51.54,1,0,20.38,22.84,87.09
99676,62.67,62.83,99032,99032,0.0,51.18,51.54,1,0,19.52,22.84,87.09
100183,62.67,62.72,100032,100032,0.0,50.55,50.71,1,0,19.52,22.82,87.09
100690,62.67,62.72,100032,100032,0.0,50.55,50.71,1,0,19.52,22.82,87.09
101197,62.61,62.65,101032,101032,0.0,50.36,50.47,1,0,20.12,22.82,87.09
101704,62.61,62.65,101032,101032,0.0,50.36,50.47,1,0,20.12,22.82,87.09
102211,62.61,62.62,102032,102032,0.0,50.12,50.15,1,0,20.12,22.82,87.09
102718,62.75,62.62,102032,102032,0.0,50.12,50.15,1,0,19.69,22.82,87.09
103224,62.75,62.71,103032,103032,0.08,49.57,49.45,1,0,19.69,22.85,87.09
103731,62.75,62.71,103032,103032,0.08,49.57,49.45,1,0,19.69,22.85,87.09
104238,62.84,62.8,104032,104032,0.09,49.53,49.4,1,0,19.48,22.89,87.09
104745,62.84,62.8,104032,104032,0.09,49.53,49.4,1,0,19.48,22.89,87.09
105252,62.91,62.83,105032,105032,0.03,49.84,49.8,1,0,19.37,22.89,87.09
105760,62.91,62.83,105032,105032,0.03,49.84,49.8,1,0,19.37,22.89,87.09
106267,62.88,62.89,106032,106032,0.05,49.71,49.62,1,0,19.35,22.91,87.09
106774,62.88,62.89,106032,106032,0.05,49.71,49.62,1,0,19.35,22.91,87.09
107281,62.88,62.88,107035,107035,0.0,50.01,50.01,1,0,19.35,22.92,87.09
107788,62.77,62.88,107035,107035,0.0,50.01,50.01,1,0,19.16,22.92,87.09
108295,62.77,62.81,108035,108035,0.0,50.38,50.5,1,0,19.16,22.85,87.09
108802,62.77,62.81,108035,108035,0.0,50.38,50.5,1,0,19.16,22.85,87.09
109309,62.79,62.78,109035,109035,0.0,50.12,50.16,1,0,18.81,22.85,87.09
109816,62.79,62.78,109035,109035,0.0,50.12,50.16,1,0,18.81,22.85,87.09
110323,62.79,62.78,110035,110035,0.0,49.98,49.97,1,0,18.81,22.88,87.09
110830,62.79,62.78,110035,110035,0.0,49.98,49.97,1,0,18.81,22.88,87.09
111337,62.79,62.79,111035,111035,0.0,49.99,49.99,1,0,18.81,22.88,87.09
111843,62.85,62.79,111035,111035,0.0,49.99,49.99,1,0,18.81,22.88,87.09
112349,62.85,62.83,112035,112035,0.04,49.78,49.71,1,0,18.81,22.92,87.09
112856,62.85,62.83,112035,112035,0.04,49.78,49.71,1,0,18.81,22.92,87.09
113363,62.85,62.84,113035,113035,0.01,49.92,49.9,1,0,18.81,22.92,87.09
113870,62.92,62.84,113035,113035,0.01,49.92,49.9,1,0,18.27,22.92,87.09
114377,62.92,62.9,114035,114035,0.05,49.73,49.65,1,0,18.27,22.94,87.09
114884,62.92,62.9,114035,114035,0.05,49.73,49.65,1,0,18.27,22.94,87.09
115391,63.09,62.91,115035,115035,0.01,49.91,49.88,1,0,18.4,22.94,87.09
115898,63.09,62.91,115035,115035,0.01,49.91,49.88,1,0,18.4,22.94,87.09
116405,63.09,63.03,116035,116035,0.12,49.39,49.21,1,0,18.4,22.97,87.09
116912,63.09,63.03,116035,116035,0.12,49.39,49.21,1,0,18.4,22.97,87.09
117419,63.26,63.07,117035,117035,0.03,49.8,49.74,1,0,18.1,22.97,87.09
117925,63.26,63.07,117035,117035,0.03,49.8,49.74,1,0,18.1,22.97,87.09
118432,63.26,63.2,118035,118035,0.12,49.37,49.18,1,0,18.1,23.04,87.09
118939,63.34,63.2,118035,118035,0.12,49.37,49.18,1,0,17.97,23.04,87.09
119446,63.34,63.29,119035,119035,0.09,49.52,49.38,1,1,17.97,23.05,87.09
119953,63.34,63.29,119035,119035,0.09,49.52,49.38,1,1,17.97,23.05,87.09
120460,63.48,63.32,120035,120035,0.03,49.84,49.79,1,1,17.88,23.05,87.09
120966,63.48,63.32,120035,120035,0.03,49.84,49.79,1,1,17.88,23.05,87.09
121473,63.48,63.43,121035,121035,0.1,49.47,49.31,1,1,17.88,23.09,87.09
121980,63.33,63.43,121035,121035,0.1,49.47,49.31,1,1,18.79,23.09,87.09
122487,63.33,63.36,122035,122035,0.0,50.33,50.43,1,1,18.79,23.06,87.09
122994,63.33,63.36,122035,122035,0.0,50.33,50.43,1,1,18.79,23.06,87.09
123500,62.55,63.34,123035,123035,0.0,50.1,50.14,1,1,19.26,23.06,87.09
124006,62.55,63.34,123035,123035,0.0,50.1,50.14,1,1,19.26,23.06,87.09
124513,61.6,62.81,124035,124035,0.0,52.66,53.46,1,1,19.37,22.84,87.09
125020,61.6,62.81,124035,124035,0.0,52.66,53.46,1,1,19.37,22.84,87.09
125527,61.6,62.0,125035,125035,0.0,54.06,55.28,1,1,19.37,22.57,87.09
126034,60.52,62.0,125035,125035,0.0,54.06,55.28,1,1,19.65,22.57,87.09
126542,60.52,61.01,126041,126041,0.0,54.9,56.37,1,1,19.65,22.25,87.09
127049,59.67,60.11,127043,127043,0.0,54.47,55.81,1,1,19.8,22.0,87.09
127556,59.67,60.11,127043,127043,0.0,54.47,55.81,1,1,19.8,22.0,87.09
128063,58.78,59.22,128044,128044,0.0,54.45,55.79,1,0,19.87,21.74,87.09
128570,58.78,59.22,128044,128044,0.0,54.45,55.79,1,0,19.87,21.74,87.09
129077,58.04,58.43,129044,129044,0.0,53.95,55.14,1,0,19.78,21.49,87.09
129584,58.04,58.43,129044,129044,0.0,53.95,55.14,1,0,19.78,21.49,87.09
130091,58.04,58.17,130044,130044,0.0,51.3,51.69,1,0,19.78,21.49,87.09
130598,57.47,58.17,130044,130044,0.0,51.3,51.69,1,0,19.65,21.49,87.09
131105,57.47,57.7,131044,131044,0.0,52.32,53.01,1,0,19.65,21.32,87.09
131612,56.99,57.7,131044,131044,0.0,52.32,53.01,1,0,19.03,21.32,87.09
132119,56.99,57.22,132047,132047,0.0,52.39,53.11,1,0,19.03,21.17,87.09
132626,56.71,57.22,132047,132047,0.0,52.39,53.11,1,0,18.77,21.17,87.09
133133,56.71,56.88,133047,133047,0.0,51.71,52.23,1,0,18.77,21.09,87.09
133640,56.67,56.88,133047,133047,0.0,51.71,52.23,1,0,18.47,21.09,87.09
134147,56.67,56.74,134047,134047,0.0,50.68,50.88,1,0,18.47,21.09,87.09
134654,56.67,56.74,134047,134047,0.0,50.68,50.88,1,0,18.47,21.09,87.09
135161,56.67,56.7,135047,135047,0.0,50.22,50.29,1,0,18.34,21.09,87.09
135668,56.67,56.7,135047,135047,0.0,50.22,50.29,1,0,18.34,21.09,87.09
136175,56.7,56.7,136047,136047,0.0,49.98,49.98,1,0,18.06,21.1,87.09
136681,56.7,56.7,136047,136047,0.0,49.98,49.98,1,0,18.06,21.1,87.09
137188,56.7,56.7,137047,137047,0.0,49.99,49.99,1,0,18.06,21.1,87.09
137695,56.66,56.7,137047,137047,0.0,49.99,49.99,1,0,17.2,21.1,87.09
138202,56.66,56.67,138047,138047,0.0,50.14,50.19,1,0,17.2,21.06,87.09
138709,56.66,56.67,138047,138047,0.0,50.14,50.19,1,0,17.2,21.06,87.09
139216,56.66,56.66,139047,139047,0.0,50.04,50.06,1,0,17.2,21.06,87.09
139723,56.66,56.66,139047,139047,0.0,50.04,50.06,1,0,16.94,21.06,87.09
140230,56.66,56.66,140047,140047,0.0,49.99,49.98,1,0,16.94,21.1,87.09
140737,56.66,56.66,140047,140047,0.0,49.99,49.98,1,0,16.94,21.1,87.09
141244,56.66,56.66,141047,141047,0.0,49.99,49.99,1,0,16.94,21.1,87.09
141750,56.73,56.66,141047,141047,0.0,49.99,49.99,1,0,17.6,21.1,87.09
142256,56.73,56.71,142051,142051,0.04,49.78,49.72,1,0,17.6,21.12,87.09
142763,56.83,56.71,142051,142051,0.04,49.78,49.72,1,0,17.24,21.12,87.09
143270,56.83,56.79,143051,143051,0.07,49.6,49.48,1,0,17.24,21.15,87.09
143777,56.83,56.79,143051,143051,0.07,49.6,49.48,1,0,17.24,21.15,87.09
144284,56.94,56.89,144051,144051,0.1,49.49,49.33,1,0,17.3,21.18,87.09
144792,56.94,56.89,144051,144051,0.1,49.49,49.33,1,0,17.3,21.18,87.09
145299,56.94,56.92,145051,145051,0.03,49.83,49.78,1,0,17.3,21.18,87.09
145806,57.06,56.92,145051,145051,0.03,49.83,49.78,1,0,16.94,21.18,87.09
146313,57.06,57.02,146051,146051,0.09,49.52,49.38,1,0,16.94,21.21,87.09
146820,57.06,57.02,146051,146051,0.09,49.52,49.38,1,0,16.94,21.21,87.09
147327,57.13,57.09,147051,147051,0.07,49.63,49.52,1,0,16.89,21.23,87.09
147834,57.13,57.09,147051,147051,0.07,49.63,49.52,1,0,16.89,21.23,87.09
148341,57.25,57.11,148051,148051,0.02,49.87,49.84,1,0,16.7,21.23,87.09
148848,57.25,57.11,148051,148051,0.02,49.87,49.84,1,0,16.7,21.23,87.09
149355,57.25,57.21,149051,149051,0.09,49.53,49.38,1,0,16.7,21.28,87.09
149862,57.25,57.21,149051,149051,0.09,49.53,49.38,1,0,16.7,21.28,87.09
150369,57.41,57.24,150051,150051,0.03,49.84,49.79,1,0,16.22,21.28,87.09
150875,57.41,57.24,150051,150051,0.03,49.84,49.79,1,0,16.22,21.28,87.09
151382,57.41,57.35,151051,151051,0.11,49.42,49.24,1,1,16.22,21.3,87.09
151889,57.53,57.35,151051,151051,0.11,49.42,49.24,1,1,16.29,21.3,87.09
152396,57.53,57.47,152051,152051,0.11,49.41,49.24,1,1,16.29,21.36,87.09
152903,57.67,57.47,152051,152051,0.11,49.41,49.24,1,1,16.92,21.36,87.09
153412,57.67,57.6,153051,153051,0.13,49.34,49.14,1,1,16.92,21.41,87.09
153919,57.67,57.6,153051,153051,0.13,49.34,49.14,1,1,16.92,21.41,87.09
154426,57.65,57.63,154051,154051,0.03,49.84,49.79,1,1,17.58,21.38,87.09
154933,57.65,57.63,154051,154051,0.03,49.84,49.79,1,1,17.58,21.38,87.09
155440,57.65,57.64,155051,155051,0.01,49.94,49.93,1,1,17.58,21.38,87.09
155947,56.34,57.64,155051,155051,0.01,49.94,49.93,1,1,17.88,21.38,87.09
156454,56.34,56.77,156051,156051,0.0,54.37,55.68,1,1,17.88,21.01,87.09
156961,55.53,56.77,156051,156051,0.0,54.37,55.68,1,1,18.21,21.01,87.09
157468,55.53,55.94,157051,157051,0.0,54.15,55.39,1,1,18.21,20.72,87.09
157975,55.53,55.94,157051,157051,0.0,54.15,55.39,1,1,18.21,20.72,87.09
158482,54.78,55.67,158051,158051,0.0,51.37,51.78,1,1,18.08,20.72,87.09
158992,54.78,55.67,158051,158051,0.0,51.37,51.78,1,1,18.08,20.72,87.09
159499,54.08,55.07,159051,159051,0.0,52.95,53.84,1,1,18.51,20.5,87.09
160006,54.08,55.07,159051,159051,0.0,52.95,53.84,1,1,18.51,20.5,87.09
160513,54.08,54.41,160051,160051,0.0,53.33,54.33,1,0,18.51,20.25,87.09
161020,54.08,54.41,160051,160051,0.0,53.33,54.33,1,0,18.51,20.25,87.09
161527,53.14,54.19,161051,161051,0.0,51.1,51.43,1,0,18.51,20.25,87.09
162034,53.14,54.19,161051,161051,0.0,51.1,51.43,1,0,18.51,20.25,87.09
162541,53.14,53.48,162051,162051,0.0,53.51,54.57,0,0,18.51,19.94,87.09
163048,52.51,53.48,162051,162051,0.0,53.51,54.57,0,0,17.95,19.94,87.09
163555,52.51,52.83,163055,163055,0.0,53.24,54.22,0,0,17.95,19.75,52.83
164062,52.51,52.61,164055,164055,0.0,51.07,51.39,0,0,17.95,19.75,52.61
164569,52.51,52.61,164055,164055,0.0,51.07,51.39,0,0,17.95,19.75,52.61
165076,52.17,52.32,165057,165057,0.0,51.48,51.93,0,0,17.52,19.62,52.32
165583,52.17,52.32,165057,165057,0.0,51.48,51.93,0,0,17.52,19.62,52.32
166090,52.18,52.23,166058,166058,0.0,50.45,50.58,0,0,17.65,19.62,52.23
166597,52.18,52.23,166058,166058,0.0,50.45,50.58,0,0,17.65,19.62,52.23
167118,52.16,52.2,167058,167058,0.0,50.14,50.19,1,0,17.35,19.62,52.2
167625,52.16,52.2,167058,167058,0.0,50.14,50.19,1,0,17.35,19.62,52.2
168132,52.16,52.17,168058,168058,0.0,50.12,50.16,1,0,17.35,19.63,52.2
168639,52.2,52.17,168058,168058,0.0,50.12,50.16,1,0,17.09,19.63,52.2
169146,52.2,52.19,169058,169058,0.01,49.91,49.88,1,0,17.09,19.64,52.2
169653,52.2,52.19,169058,169058,0.01,49.91,49.88,1,0,17.09,19.64,52.2
170159,52.24,52.22,170063,170063,0.03,49.83,49.78,1,0,17.11,19.65,52.22
170665,52.24,52.22,170063,170063,0.03,49.83,49.78,1,0,17.11,19.65,52.22
171172,52.24,52.23,171064,171064,0.01,49.94,49.92,1,0,17.11,19.65,52.23
171679,52.32,52.23,171064,171064,0.01,49.94,49.92,1,0,17.0,19.65,52.23
172186,52.32,52.29,172064,172064,0.05,49.71,49.62,1,0,17.0,19.68,52.29
172693,52.32,52.29,172064,172064,0.05,49.71,49.62,1,0,17.0,19.68,52.29
173200,52.32,52.31,173064,173064,0.01,49.9,49.87,1,0,17.0,19.68,52.31
173707,52.41,52.31,173064,173064,0.01,49.9,49.87,1,0,17.09,19.68,52.31
174214,52.41,52.38,174064,174064,0.06,49.65,49.55,1,0,17.09,19.71,52.38
174721,52.56,52.38,174064,174064,0.06,49.65,49.55,1,0,17.09,19.71,52.38
175228,52.56,52.5,175064,175064,0.12,49.38,49.2,1,0,17.09,19.75,52.5
175749,52.69,52.5,175064,175064,0.12,49.38,49.2,1,0,16.94,19.75,52.5
176256,52.69,52.63,176064,176064,0.12,49.38,49.19,1,0,16.94,19.8,52.63
176763,52.69,52.63,176064,176064,0.12,49.38,49.19,1,0,16.94,19.8,52.63
177270,52.84,52.67,177064,177064,0.04,49.79,49.73,1,0,16.89,19.8,52.67
177777,52.84,52.67,177064,177064,0.04,49.79,49.73,1,0,16.89,19.8,52.67
178284,52.84,52.78,178064,178064,0.11,49.42,49.25,1,0,16.89,19.88,52.78
178791,52.99,52.78,178064,178064,0.11,49.42,49.25,1,0,16.57,19.88,52.78
179297,52.99,52.92,179064,179064,0.14,49.29,49.08,1,0,16.57,19.92,52.92
179804,53.05,52.92,179064,179064,0.14,49.29,49.08,1,0,16.83,19.92,52.92
180311,53.05,53.01,180064,180064,0.08,49.57,49.44,1,0,16.83,19.9,53.01
180818,53.05,53.01,180064,180064,0.08,49.57,49.44,1,0,16.83,19.9,53.01
181325,53.14,53.1,181064,181064,0.08,49.55,49.41,1,0,16.66,19.95,53.1
181833,53.14,53.1,181064,181064,0.08,49.55,49.41,1,0,16.66,19.95,53.1
182341,53.2,53.17,182064,182064,0.07,49.63,49.52,1,0,16.46,19.99,53.17
182848,53.2,53.17,182064,182064,0.07,49.63,49.52,1,0,16.46,19.99,53.17
183355,53.31,53.19,183064,183064,0.02,49.87,49.84,1,0,16.44,19.99,53.19
183862,53.31,53.19,183064,183064,0.02,49.87,49.84,1,0,16.44,19.99,53.19
184369,53.31,53.27,184064,184064,0.08,49.59,49.46,1,0,16.44,20.01,53.27
184876,53.31,53.27,184064,184064,0.08,49.59,49.46,1,0,16.44,20.01,53.27
185383,53.44,53.3,185064,185064,0.02,49.86,49.82,1,0,16.22,20.01,53.3
185890,53.44,53.3,185064,185064,0.02,49.86,49.82,1,0,16.22,20.01,53.3
186397,53.55,53.39,186064,186064,0.09,49.54,49.4,1,0,16.25,20.05,53.39
186904,53.55,53.39,186064,186064,0.09,49.54,49.4,1,0,16.25,20.05,53.39
187414,53.55,53.5,187064,187064,0.1,49.46,49.3,1,0,16.25,20.09,53.5
187921,53.63,53.5,187064,187064,0.1,49.46,49.3,1,0,16.16,20.09,53.5
188428,53.63,53.59,188064,188064,0.08,49.56,49.43,1,0,16.16,20.13,53.59
188935,53.63,53.59,188064,188064,0.08,49.56,49.43,1,0,16.16,20.13,53.59
189442,53.8,53.73,189064,189064,0.14,49.27,49.06,1,0,15.66,20.17,53.73
189949,53.8,53.73,189064,189064,0.14,49.27,49.06,1,0,15.66,20.17,53.73
190456,53.87,53.78,190064,190064,0.04,49.76,49.69,1,0,15.99,20.17,53.78
190962,53.87,53.78,190064,190064,0.04,49.76,49.69,1,0,15.99,20.17,53.78
191469,53.87,53.84,191064,191064,0.05,49.7,49.61,1,0,15.99,20.2,53.84
191976,53.98,53.84,191064,191064,0.05,49.7,49.61,1,0,15.73,20.2,53.84
192483,53.98,53.93,192064,192064,0.09,49.53,49.38,1,0,15.73,20.23,53.93
192990,53.98,53.93,192064,192064,0.09,49.53,49.38,1,0,15.73,20.23,53.93
193496,53.95,53.96,193064,193064,0.03,49.84,49.79,1,0,15.86,20.23,53.96
194002,53.95,53.96,193064,193064,0.03,49.84,49.79,1,0,15.86,20.23,53.96
194509,53.95,53.96,194064,194064,0.0,50.03,50.03,1,0,15.86,20.23,53.96
195016,54.0,53.96,194064,194064,0.0,50.03,50.03,1,0,15.47,20.23,53.96
195523,54.0,53.99,195064,195064,0.03,49.84,49.79,1,0,15.47,20.24,53.99
196030,54.02,53.99,195064,195064,0.03,49.84,49.79,1,0,15.42,20.24,53.99
196538,54.02,54.01,196064,196064,0.01,49.9,49.87,1,0,15.42,20.26,54.01
197045,54.03,54.01,196064,196064,0.01,49.9,49.87,1,0,15.21,20.26,54.01
197552,54.03,54.02,197064,197064,0.01,49.92,49.89,1,1,15.21,20.26,54.02
198059,54.03,54.02,197064,197064,0.01,49.92,49.89,1,1,15.21,20.26,54.02
198566,54.01,54.03,198066,198066,0.0,49.97,49.96,1,1,15.53,20.26,54.03
199073,54.01,54.01,199066,199066,0.0,50.07,50.1,1,1,15.53,20.26,54.03
199582,54.29,54.01,199066,199066,0.0,50.07,50.1,1,1,16.22,20.26,54.03
200089,54.29,54.2,200066,200066,0.18,49.06,48.78,1,1,16.22,20.34,54.2
200596,54.29,54.2,200066,200066,0.18,49.06,48.78,1,1,16.22,20.34,54.2
201103,53.68,53.85,201066,201066,0.0,51.75,52.28,1,1,16.87,20.13,54.2
201610,53.68,53.85,201066,201066,0.0,51.75,52.28,1,1,16.87,20.13,54.2
202117,53.68,53.73,202066,202066,0.0,50.57,50.75,1,1,16.87,20.13,54.2
202624,53.68,53.73,202066,202066,0.0,50.57,50.75,1,1,16.87,20.13,54.2
203131,52.24,52.73,203066,203066,0.0,55.0,56.5,0,0,17.26,19.65,54.2
203638,52.24,52.73,203066,203066,0.0,55.0,56.5,0,0,17.26,19.65,54.2
204145,52.24,52.4,204066,204066,0.0,51.65,52.14,0,0,17.26,19.65,52.4
204652,51.23,52.4,204066,204066,0.0,51.65,52.14,0,0,17.35,19.65,52.4
205159,51.23,51.61,205066,205066,0.0,53.93,55.12,0,0,17.35,19.31,51.61
205666,50.56,51.61,205066,205066,0.0,53.93,55.12,0,0,17.28,19.31,51.61
206173,50.56,50.91,206066,206066,0.0,53.51,54.57,0,0,17.28,19.09,50.91
206680,50.56,50.91,206066,206066,0.0,53.51,54.57,0,0,17.28,19.09,50.91
207187,50.1,50.37,207066,207066,0.0,52.7,53.52,0,0,16.83,18.92,50.37
207694,50.1,50.37,207066,207066,0.0,52.7,53.52,0,0,16.83,18.92,50.37
208201,49.97,50.1,208066,208066,0.0,51.32,51.72,0,0,16.59,18.89,50.1
208708,49.97,50.1,208066,208066,0.0,51.32,51.72,0,0,16.59,18.89,50.1
209215,49.97,50.01,209066,209066,0.0,50.43,50.57,0,0,16.59,18.89,50.01
209722,49.97,50.01,209066,209066,0.0,50.43,50.57,0,0,16.59,18.89,50.01
210229,49.87,49.92,210066,210066,0.0,50.47,50.62,0,0,16.35,18.83,49.92
210736,49.87,49.92,210066,210066,0.0,50.47,50.62,0,0,16.35,18.83,49.92
211243,49.79,49.89,211067,211067,0.0,50.15,50.2,0,0,16.27,18.83,49.89
211750,49.79,49.89,211067,211067,0.0,50.15,50.2,0,0,16.27,18.83,49.89
212257,49.79,49.82,212067,212067,0.0,50.32,50.42,0,0,16.27,18.8,49.82
212764,49.77,49.82,212067,212067,0.0,50.32,50.42,0,0,16.35,18.8,49.82
213271,49.77,49.79,213067,213067,0.0,50.18,50.24,0,0,16.35,18.81,49.79
213778,49.77,49.79,213067,213067,0.0,50.18,50.24,0,0,16.35,18.81,49.79
214285,49.82,49.77,214067,214067,0.0,50.06,50.07,0,0,16.51,18.81,49.77
214792,49.82,49.77,214067,214067,0.0,50.06,50.07,0,0,16.51,18.81,49.77
215299,49.82,49.8,215070,215070,0.03,49.84,49.79,0,0,16.51,18.81,49.77
215806,49.93,49.8,215070,215070,0.03,49.84,49.79,0,0,16.68,18.81,49.77
216313,49.93,49.89,216070,216070,0.08,49.57,49.45,1,0,16.68,18.86,49.77
216820,49.93,49.89,216070,216070,0.08,49.57,49.45,1,0,16.68,18.86,49.77
217327,50.04,49.92,217070,217070,0.02,49.86,49.81,1,0,16.72,18.86,49.92
217833,50.04,49.92,217070,217070,0.02,49.86,49.81,1,0,16.72,18.86,49.92
218340,50.04,50.0,218070,218070,0.08,49.59,49.47,1,0,16.72,18.9,50.0
218847,50.06,50.0,218070,218070,0.08,49.59,49.47,1,0,16.96,18.9,50.0
219354,50.06,50.04,219070,219070,0.04,49.79,49.72,1,0,16.96,18.89,50.04
219861,50.06,50.04,219070,219070,0.04,49.79,49.72,1,0,16.96,18.89,50.04
220368,50.18,50.13,220070,220070,0.09,49.52,49.37,1,0,16.94,18.93,50.13
220874,50.18,50.13,220070,220070,0.09,49.52,49.37,1,0,16.94,18.93,50.13
221381,50.25,50.17,221070,221070,0.03,49.84,49.79,1,0,16.92,18.93,50.17
221888,50.25,50.17,221070,221070,0.03,49.84,49.79,1,0,16.92,18.93,50.17
222395,50.25,50.22,222070,222070,0.05,49.71,49.63,1,0,16.92,18.95,50.22
222902,50.32,50.22,222070,222070,0.05,49.71,49.63,1,0,16.94,18.95,50.22
223409,50.32,50.29,223070,223070,0.06,49.68,49.59,1,0,16.94,18.99,50.29
223916,50.42,50.29,223070,223070,0.06,49.68,49.59,1,0,16.79,18.99,50.29
224423,50.42,50.38,224070,224070,0.09,49.53,49.39,1,0,16.79,19.01,50.38
224930,50.42,50.38,224070,224070,0.09,49.53,49.39,1,0,16.79,19.01,50.38
225437,50.48,50.41,225070,225070,0.03,49.84,49.8,1,0,16.92,19.01,50.41
225944,50.48,50.41,225070,225070,0.03,49.84,49.8,1,0,16.92,19.01,50.41
226451,50.64,50.46,226070,226070,0.04,49.76,49.69,1,0,16.85,19.02,50.46
226958,50.64,50.46,226070,226070,0.04,49.76,49.69,1,0,16.85,19.02,50.46
227465,50.64,50.58,227070,227070,0.12,49.38,49.19,1,0,16.85,19.09,50.58
227972,50.79,50.58,227070,227070,0.12,49.38,49.19,1,0,16.76,19.09,50.58
228479,50.79,50.72,228070,228070,0.14,49.29,49.08,1,0,16.76,19.15,50.72
228986,50.95,50.72,228070,228070,0.14,49.29,49.08,1,0,16.87,19.15,50.72
229493,50.95,50.88,229070,229070,0.15,49.22,48.99,1,0,16.87,19.2,50.88
230000,51.09,50.88,229070,229070,0.15,49.22,48.99,1,0,16.46,19.2,50.88
230507,51.09,51.02,230070,230070,0.14,49.29,49.08,1,0,16.46,19.23,51.02
231014,51.09,51.02,230070,230070,0.14,49.29,49.08,1,0,16.46,19.23,51.02
231521,51.25,51.06,231070,231070,0.04,49.76,49.69,1,0,16.66,19.23,51.06
232028,51.25,51.06,231070,231070,0.04,49.76,49.69,1,0,16.66,19.23,51.06
232535,51.33,51.19,232070,232070,0.12,49.37,49.18,1,0,16.38,19.29,51.19
233042,51.33,51.19,232070,232070,0.12,49.37,49.18,1,0,16.38,19.29,51.19
233549,51.33,51.28,233070,233070,0.09,49.52,49.38,1,0,16.38,19.32,51.28
234056,51.41,51.28,233070,233070,0.09,49.52,49.38,1,0,16.18,19.32,51.28
234563,51.41,51.37,234070,234070,0.08,49.55,49.42,1,0,16.18,19.37,51.37
235070,51.52,51.47,235070,235070,0.09,49.5,49.35,1,0,16.25,19.39,51.47
235577,51.52,51.47,235070,235070,0.09,49.5,49.35,1,0,16.25,19.39,51.47
236084,51.59,51.55,236073,236073,0.07,49.6,49.48,1,0,16.03,19.43,51.55
236591,51.59,51.55,236073,236073,0.07,49.6,49.48,1,0,16.03,19.43,51.55
237098,51.59,51.58,237074,237074,0.02,49.86,49.82,1,0,16.03,19.43,51.58
237605,51.66,51.58,237074,237074,0.02,49.86,49.82,1,0,16.01,19.43,51.58
238112,51.66,51.63,238074,238074,0.05,49.73,49.65,1,0,16.01,19.45,51.63
238621,51.73,51.63,238074,238074,0.05,49.73,49.65,1,0,15.81,19.45,51.63
239128,51.73,51.7,239074,239074,0.06,49.65,49.54,1,0,15.81,19.46,51.7
239635,51.73,51.7,239074,239074,0.06,49.65,49.54,1,0,15.81,19.46,51.7
240142,51.79,51.76,240074,240074,0.06,49.69,49.6,1,0,15.73,19.49,51.76
240649,51.79,51.76,240074,240074,0.06,49.69,49.6,1,0,15.73,19.49,51.76
241156,51.82,51.8,241074,241074,0.03,49.8,49.74,1,0,15.66,19.5,51.8
241664,51.82,51.8,241074,241074,0.03,49.8,49.74,1,0,15.66,19.5,51.8
242172,51.9,51.87,242074,242074,0.06,49.66,49.56,1,0,15.62,19.54,51.87
242679,51.9,51.87,242074,242074,0.06,49.66,49.56,1,0,15.62,19.54,51.87
243186,51.9,51.89,243074,243074,0.02,49.88,49.85,1,0,15.62,19.54,51.89
243693,51.98,51.89,243074,243074,0.02,49.88,49.85,1,0,15.42,19.54,51.89
244200,51.98,51.95,244074,244074,0.06,49.69,49.6,1,0,15.42,19.55,51.95
244707,51.99,51.95,244074,244074,0.06,49.69,49.6,1,0,15.42,19.55,51.95
245213,51.99,51.98,245074,245074,0.03,49.84,49.79,1,0,15.42,19.57,51.98
245720,51.99,51.98,245074,245074,0.03,49.84,49.79,1,0,15.42,19.57,51.98
246227,52.01,52.0,246074,246074,0.01,49.91,49.88,1,0,15.25,19.57,52.0
246734,52.01,52.0,246074,246074,0.01,49.91,49.88,1,0,15.25,19.57,52.0
247241,52.06,52.04,247074,247074,0.04,49.78,49.72,1,0,15.08,19.59,52.04
247749,52.06,52.04,247074,247074,0.04,49.78,49.72,1,0,15.08,19.59,52.04
248256,52.11,52.05,248074,248074,0.01,49.92,49.9,1,0,15.08,19.59,52.05
248763,52.11,52.05,248074,248074,0.01,49.92,49.9,1,0,15.08,19.59,52.05
249270,52.11,52.09,249074,249074,0.03,49.8,49.75,1,0,15.08,19.59,52.09
249777,52.11,52.09,249074,249074,0.03,49.8,49.75,1,0,15.08,19.59,52.09
250284,52.11,52.11,250074,250074,0.01,49.92,49.9,1,0,14.93,19.6,52.11
250791,52.11,52.11,250074,250074,0.01,49.92,49.9,1,0,14.93,19.6,52.11
251298,52.11,52.11,251074,251074,0.0,49.97,49.96,1,0,14.93,19.6,52.11
251805,52.1,52.11,251074,251074,0.0,49.97,49.96,1,0,14.93,19.6,52.11
252312,52.1,52.11,252074,252074,0.0,50.02,50.02,1,0,14.93,19.61,52.11
252819,52.1,52.11,252074,252074,0.0,50.02,50.02,1,0,14.93,19.61,52.11
253326,52.1,52.11,253074,253074,0.0,50.0,50.0,1,0,14.93,19.61,52.11
253833,52.14,52.11,253074,253074,0.0,50.0,50.0,1,0,14.49,19.61,52.11
254340,52.14,52.13,254074,254074,0.02,49.87,49.83,1,1,14.49,19.61,52.13
254847,52.14,52.13,254074,254074,0.02,49.87,49.83,1,1,14.49,19.61,52.13
255354,52.11,52.12,255074,255074,0.0,50.05,50.07,1,1,14.45,19.6,52.13
255861,52.11,52.12,255074,255074,0.0,50.05,50.07,1,1,14.45,19.6,52.13
256368,52.21,52.18,256074,256074,0.06,49.69,49.6,1,1,15.32,19.63,52.18
256875,52.21,52.18,256074,256074,0.06,49.69,49.6,1,1,15.32,19.63,52.18
257382,51.75,52.2,257074,257074,0.02,49.89,49.86,1,1,15.97,19.63,52.2
257889,51.75,52.2,257074,257074,0.02,49.89,49.86,1,1,15.97,19.63,52.2
258396,51.75,51.9,258074,258074,0.0,51.51,51.97,0,0,15.97,19.46,52.2
258903,51.03,51.9,258074,258074,0.0,51.51,51.97,0,0,16.81,19.46,52.2
259409,51.03,51.32,259074,259074,0.0,52.9,53.77,0,0,16.81,19.21,51.32
259916,50.3,51.32,259074,259074,0.0,52.9,53.77,0,0,16.1,19.21,51.32
260423,50.3,50.63,260074,260074,0.0,53.41,54.44,0,0,16.1,19.01,50.63
260930,49.71,50.63,260074,260074,0.0,53.41,54.44,0,0,15.84,19.01,50.63
261437,49.71,50.02,261076,261076,0.0,53.07,54.0,0,0,15.84,18.79,50.02
261946,49.71,50.02,261076,261076,0.0,53.07,54.0,0,0,15.84,18.79,50.02
262453,49.71,49.81,262076,262076,0.0,51.01,51.32,0,0,15.84,18.79,49.81
262960,49.71,49.81,262076,262076,0.0,51.01,51.32,0,0,15.84,18.79,49.81
263467,48.91,49.75,263076,263076,0.0,50.33,50.43,0,0,15.51,18.79,49.75
263974,48.91,49.75,263076,263076,0.0,50.33,50.43,0,0,15.51,18.79,49.75
264489,48.87,49.19,264076,264076,0.0,52.79,53.63,0,0,15.25,18.48,49.19
264996,48.87,49.19,264076,264076,0.0,52.79,53.63,0,0,15.25,18.48,49.19
265503,48.87,48.97,265076,265076,0.0,51.06,51.37,0,0,15.25,18.47,48.97
266010,48.8,48.97,265076,265076,0.0,51.06,51.37,0,0,15.1,18.47,48.97
266517,48.8,48.86,266076,266076,0.0,50.56,50.74,0,0,15.1,18.46,48.86
267024,48.83,48.86,266076,266076,0.0,50.56,50.74,0,0,15.27,18.46,48.86
267532,48.83,48.84,267076,267076,0.0,50.09,50.11,0,0,15.27,18.47,48.84
268039,48.78,48.84,267076,267076,0.0,50.09,50.11,0,0,15.36,18.47,48.84
268546,48.78,48.8,268076,268076,0.0,50.2,50.26,0,0,15.36,18.46,48.8
269053,48.78,48.8,268076,268076,0.0,50.2,50.26,0,0,15.36,18.46,48.8
269560,48.78,48.79,269076,269076,0.0,50.06,50.08,0,0,15.36,18.46,48.79
270067,48.91,48.79,269076,269076,0.0,50.06,50.08,0,0,15.68,18.46,48.79
270574,48.91,48.87,270076,270076,0.08,49.58,49.46,0,0,15.68,18.49,48.79
271081,48.9,48.89,271076,271076,0.02,49.89,49.86,0,0,15.53,18.49,48.79
271588,48.9,48.89,271076,271076,0.02,49.89,49.86,0,0,15.53,18.49,48.79
272095,48.9,48.9,272076,272076,0.0,49.96,49.95,0,0,15.53,18.49,48.79
272602,49.03,48.9,272076,272076,0.0,49.96,49.95,0,0,15.51,18.49,48.79
273112,49.03,48.99,273076,273076,0.09,49.54,49.4,0,0,15.51,18.53,48.79
273619,49.09,48.99,273076,273076,0.09,49.54,49.4,0,0,15.84,18.53,48.79
274126,49.09,49.06,274076,274076,0.06,49.66,49.55,0,0,15.84,18.56,48.79
274633,49.09,49.06,274076,274076,0.06,49.66,49.55,0,0,15.84,18.56,48.79
275140,49.19,49.15,275076,275076,0.09,49.53,49.39,0,0,16.05,18.59,48.79
275647,49.19,49.15,275076,275076,0.09,49.53,49.39,0,0,16.05,18.59,48.79
276154,49.29,49.24,276076,276076,0.09,49.52,49.38,0,0,16.14,18.6,48.79
276660,49.29,49.24,276076,276076,0.09,49.52,49.38,0,0,16.14,18.6,48.79
277167,49.46,49.39,277076,277076,0.14,49.26,49.04,1,0,16.33,18.67,48.79
277674,49.46,49.39,277076,277076,0.14,49.26,49.04,1,0,16.33,18.67,48.79
278181,49.46,49.44,278076,278076,0.04,49.75,49.68,1,0,16.33,18.67,49.44
278688,49.46,49.44,278076,278076,0.04,49.75,49.68,1,0,16.33,18.67,49.44
279195,49.64,49.57,279076,279076,0.13,49.32,49.11,1,0,16.4,18.74,49.57
279701,49.64,49.57,279076,279076,0.13,49.32,49.11,1,0,16.4,18.74,49.57
280208,49.64,49.62,280076,280076,0.04,49.77,49.7,1,0,16.4,18.74,49.62
280715,49.77,49.62,280076,280076,0.04,49.77,49.7,1,0,16.66,18.74,49.62
281222,49.77,49.72,281076,281076,0.09,49.51,49.36,1,0,16.66,18.79,49.72
281729,49.88,49.72,281076,281076,0.09,49.51,49.36,1,0,16.79,18.79,49.72
282238,49.88,49.83,282076,282076,0.11,49.44,49.27,1,0,16.79,18.82,49.83
282746,49.88,49.83,282076,282076,0.11,49.44,49.27,1,0,16.79,18.82,49.83
283253,49.94,49.9,283076,283076,0.07,49.64,49.53,1,0,16.98,18.83,49.9
283760,49.94,49.9,283076,283076,0.07,49.64,49.53,1,0,16.98,18.83,49.9
284267,49.94,49.92,284076,284076,0.02,49.88,49.84,1,0,16.98,18.83,49.92
284774,50.05,49.92,284076,284076,0.02,49.88,49.84,1,0,16.98,18.83,49.92
285281,50.05,50.01,285077,285077,0.08,49.59,49.47,1,0,16.98,18.88,50.01
285788,50.15,50.01,285077,285077,0.08,49.59,49.47,1,0,16.85,18.88,50.01
286295,50.15,50.1,286077,286077,0.09,49.53,49.39,1,0,16.85,18.93,50.1
286802,50.15,50.1,286077,286077,0.09,49.53,49.39,1,0,16.85,18.93,50.1
287309,50.17,50.15,287077,287077,0.04,49.76,49.7,1,0,16.7,18.92,50.15
287818,50.17,50.15,287077,287077,0.04,49.76,49.7,1,0,16.7,18.92,50.15
288325,50.22,50.16,288077,288077,0.01,49.92,49.9,1,0,16.42,18.92,50.16
288832,50.22,50.16,288077,288077,0.01,49.92,49.9,1,0,16.42,18.92,50.16
289339,50.25,50.2,289077,289077,0.03,49.8,49.74,1,0,16.66,18.94,50.2
289846,50.25,50.2,289077,289077,0.03,49.8,49.74,1,0,16.66,18.94,50.2
290353,50.25,50.24,290077,290077,0.03,49.82,49.77,1,0,16.66,18.98,50.24
290860,50.31,50.24,290077,290077,0.03,49.82,49.77,1,0,16.61,18.98,50.24
291367,50.31,50.28,291077,291077,0.04,49.76,49.69,1,0,16.61,18.98,50.28
291874,50.37,50.28,291077,291077,0.04,49.76,49.69,1,0,16.38,18.98,50.28
292381,50.37,50.34,292077,292077,0.05,49.7,49.61,1,0,16.38,19.01,50.34
292888,50.37,50.34,292077,292077,0.05,49.7,49.61,1,0,16.38,19.01,50.34
293395,50.4,50.38,293077,293077,0.03,49.81,49.75,1,0,16.31,19.0,50.38
293902,50.4,50.38,293077,293077,0.03,49.81,49.75,1,0,16.31,19.0,50.38
294410,50.44,50.39,294077,294077,0.01,49.93,49.92,1,0,16.29,19.0,50.39
294917,50.44,50.39,294077,294077,0.01,49.93,49.92,1,0,16.29,19.0,50.39
295424,50.55,50.42,295080,295080,0.02,49.85,49.8,1,0,16.16,19.01,50.42
295931,50.55,50.42,295080,295080,0.02,49.85,49.8,1,0,16.16,19.01,50.42
296438,50.55,50.5,296080,296080,0.08,49.58,49.45,1,0,16.16,19.06,50.5
296945,50.57,50.5,296080,296080,0.08,49.58,49.45,1,0,16.16,19.06,50.5
297451,50.57,50.55,297080,297080,0.04,49.77,49.7,1,0,16.16,19.07,50.55
297958,50.61,50.55,297080,297080,0.04,49.77,49.7,1,0,15.86,19.07,50.55
298465,50.61,50.59,298080,298080,0.04,49.78,49.72,1,0,15.86,19.08,50.59
298972,50.61,50.59,298080,298080,0.04,49.78,49.72,1,0,15.86,19.08,50.59
299479,50.67,50.61,299080,299080,0.01,49.92,49.9,1,0,15.75,19.08,50.61
299987,50.67,50.61,299080,299080,0.01,49.92,49.9,1,0,15.75,19.08,50.61
300494,50.71,50.65,300084,300084,0.04,49.79,49.73,1,0,15.88,19.1,50.65
301001,50.71,50.65,300084,300084,0.04,49.79,49.73,1,0,15.88,19.1,50.65
301508,50.71,50.69,301084,301084,0.04,49.79,49.73,1,0,15.88,19.11,50.69
302015,50.75,50.69,301084,301084,0.04,49.79,49.73,1,0,15.58,19.11,50.69
302522,50.75,50.73,302084,302084,0.04,49.79,49.73,1,0,15.58,19.14,50.73
303029,50.8,50.73,302084,302084,0.04,49.79,49.73,1,0,15.38,19.14,50.73
303536,50.8,50.78,303084,303084,0.05,49.74,49.67,1,0,15.38,19.16,50.78
304043,50.8,50.78,303084,303084,0.05,49.74,49.67,1,0,15.38,19.16,50.78
304550,50.86,50.8,304084,304084,0.01,49.91,49.89,1,0,15.45,19.16,50.8
305057,50.86,50.8,304084,304084,0.01,49.91,49.89,1,0,15.45,19.16,50.8
305564,50.86,50.84,305087,305087,0.04,49.78,49.72,1,0,15.45,19.18,50.84
306070,50.86,50.84,305087,305087,0.04,49.78,49.72,1,0,15.45,19.18,50.84
306577,50.9,50.85,306087,306087,0.01,49.93,49.9,1,0,15.45,19.18,50.85
307084,50.9,50.85,306087,306087,0.01,49.93,49.9,1,0,15.45,19.18,50.85
307591,50.91,50.88,307091,307091,0.03,49.83,49.79,1,0,15.12,19.2,50.88
308098,50.91,50.9,308091,308091,0.01,49.9,49.87,1,0,15.12,19.2,50.9
308607,50.91,50.9,308091,308091,0.01,49.9,49.87,1,0,15.12,19.2,50.9
309114,50.88,50.89,309091,309091,0.0,50.07,50.09,1,0,14.99,19.17,50.9
309621,50.88,50.89,309091,309091,0.0,50.07,50.09,1,0,14.99,19.17,50.9
310128,50.93,50.91,310091,310091,0.02,49.88,49.84,1,0,14.95,19.19,50.91
310635,50.93,50.91,310091,310091,0.02,49.88,49.84,1,0,14.95,19.19,50.91
311142,50.95,50.94,311091,311091,0.02,49.87,49.83,1,0,14.8,19.19,50.94
311649,50.95,50.94,311091,311091,0.02,49.87,49.83,1,0,14.8,19.19,50.94
312155,50.95,50.95,312091,312091,0.0,49.95,49.94,1,0,14.8,19.19,50.95
312662,50.95,50.95,312091,312091,0.0,49.95,49.94,1,0,14.8,19.19,50.95
313169,50.9,50.92,313091,313091,0.0,50.15,50.2,1,0,14.58,19.2,50.95
313676,50.9,50.92,313091,313091,0.0,50.15,50.2,1,0,14.58,19.2,50.95
314183,50.9,50.91,314093,314093,0.0,50.05,50.06,1,0,14.58,19.2,50.95
314689,50.91,50.91,314093,314093,0.0,50.05,50.06,1,0,14.6,19.2,50.95
315195,50.91,50.91,315094,315094,0.0,49.97,49.96,1,0,14.6,19.19,50.95
315702,50.89,50.91,315094,315094,0.0,49.97,49.96,1,0,14.32,19.19,50.95
316209,50.89,50.9,316094,316094,0.0,50.08,50.1,1,0,14.32,19.19,50.95
316716,50.89,50.9,316094,316094,0.0,50.08,50.1,1,0,14.32,19.19,50.95
317223,50.86,50.87,317094,317094,0.0,50.11,50.15,1,0,14.4,19.17,50.95
317730,50.86,50.87,317094,317094,0.0,50.11,50.15,1,0,14.4,19.17,50.95
318238,50.85,50.85,318094,318094,0.0,50.08,50.11,1,0,14.43,19.17,50.95
318745,50.85,50.85,318094,318094,0.0,50.08,50.11,1,0,14.43,19.17,50.95
319252,50.85,50.85,319094,319094,0.0,50.02,50.03,1,0,14.43,19.17,50.95
319759,50.85,50.85,319094,319094,0.0,50.02,50.03,1,0,14.43,19.17,50.95
320266,50.86,50.85,320094,320094,0.0,50.0,50.01,1,0,14.14,19.17,50.95
320773,50.86,50.85,320094,320094,0.0,50.0,50.01,1,0,14.14,19.17,50.95
321280,50.86,50.86,321094,321094,0.0,49.95,49.93,1,1,14.14,19.2,50.95
321787,50.82,50.86,321094,321094,0.0,49.95,49.93,1,1,14.03,19.2,50.95
322294,50.82,50.83,322094,322094,0.0,50.12,50.16,1,1,14.03,19.16,50.95
322801,50.78,50.83,322094,322094,0.0,50.12,50.16,1,1,14.25,19.16,50.95
323310,50.78,50.8,323094,323094,0.0,50.16,50.21,1,1,14.25,19.17,50.95
323818,50.86,50.8,323094,323094,0.0,50.16,50.21,1,1,15.1,19.17,50.95
324325,50.86,50.84,324094,324094,0.03,49.8,49.74,1,1,15.1,19.16,50.95
324832,50.86,50.84,324094,324094,0.03,49.8,49.74,1,1,15.1,19.16,50.95
325339,50.11,50.35,325094,325094,0.0,52.42,53.15,0,0,15.58,18.91,50.95
325846,50.11,50.35,325094,325094,0.0,52.42,53.15,0,0,15.58,18.91,50.95
326353,49.39,50.19,326094,326094,0.0,50.8,51.04,0,0,15.66,18.91,50.19
326859,49.39,50.19,326094,326094,0.0,50.8,51.04,0,0,15.66,18.91,50.19
327366,48.71,49.65,327094,327094,0.0,52.69,53.5,0,0,15.36,18.66,49.65
327873,48.71,49.65,327094,327094,0.0,52.69,53.5,0,0,15.36,18.66,49.65
328380,48.23,49.02,328094,328094,0.0,53.14,54.08,0,0,15.12,18.44,49.02
328887,48.23,49.02,328094,328094,0.0,53.14,54.08,0,0,15.12,18.44,49.02
329409,47.93,48.49,329094,329094,0.0,52.66,53.46,0,0,15.12,18.27,48.49
329916,47.93,48.49,329094,329094,0.0,52.66,53.46,0,0,15.12,18.27,48.49
330423,47.93,48.11,330097,330097,0.0,51.88,52.45,0,0,15.12,18.13,48.11
330930,47.93,48.11,330097,330097,0.0,51.88,52.45,0,0,15.12,18.13,48.11
331437,47.68,47.83,331097,331097,0.0,51.43,51.86,0,0,14.8,18.06,47.83
331944,47.68,47.83,331097,331097,0.0,51.43,51.86,0,0,14.8,18.06,47.83
332451,47.68,47.73,332097,332097,0.0,50.47,50.61,0,0,14.8,18.06,47.73
332958,47.62,47.73,332097,332097,0.0,50.47,50.61,0,0,14.82,18.06,47.73
333465,47.62,47.66,333097,333097,0.0,50.37,50.48,0,0,14.82,18.04,47.66
333972,47.65,47.66,333097,333097,0.0,50.37,50.48,0,0,14.8,18.04,47.66
334479,47.65,47.65,334097,334097,0.0,50.03,50.04,0,0,14.8,18.05,47.65
334986,47.65,47.65,334097,334097,0.0,50.03,50.04,0,0,14.8,18.05,47.65
335493,47.78,47.65,335097,335097,0.0,50.01,50.01,0,0,14.8,18.05,47.65
336000,47.78,47.65,335097,335097,0.0,50.01,50.01,0,0,14.8,18.05,47.65
336507,47.78,47.74,336097,336097,0.09,49.54,49.4,0,0,14.8,18.12,47.65
337014,47.81,47.74,336097,336097,0.09,49.54,49.4,0,0,15.14,18.12,47.65
337521,47.81,47.78,337097,337097,0.04,49.77,49.7,0,0,15.14,18.1,47.65
338030,47.77,47.78,337097,337097,0.04,49.77,49.7,0,0,15.1,18.1,47.65
338537,47.77,47.77,338097,338097,0.0,50.04,50.06,0,0,15.1,18.1,47.65
339044,47.77,47.77,338097,338097,0.0,50.04,50.06,0,0,15.1,18.1,47.65
339551,47.73,47.77,339097,339097,0.0,50.01,50.02,0,0,15.38,18.1,47.65
340058,47.73,47.77,339097,339097,0.0,50.01,50.02,0,0,15.38,18.1,47.65
340565,47.73,47.74,340097,340097,0.0,50.15,50.19,0,0,15.38,18.06,47.65
341071,47.73,47.74,340097,340097,0.0,50.15,50.19,0,0,15.38,18.06,47.65
341578,47.82,47.73,341097,341097,0.0,50.05,50.06,0,0,15.68,18.06,47.65
342085,47.82,47.73,341097,341097,0.0,50.05,50.06,0,0,15.68,18.06,47.65
342592,47.82,47.79,342097,342097,0.06,49.69,49.6,0,0,15.68,18.11,47.65
343099,47.95,47.9,343097,343097,0.1,49.45,49.29,0,0,15.16,18.14,47.65
343608,47.95,47.9,343097,343097,0.1,49.45,49.29,0,0,15.16,18.14,47.65
344116,48.05,48.0,344105,344105,0.1,49.49,49.34,0,0,15.86,18.2,47.65
344623,48.05,48.0,344105,344105,0.1,49.49,49.34,0,0,15.86,18.2,47.65
345130,48.05,48.03,345106,345106,0.03,49.83,49.78,0,0,15.86,18.2,47.65
345637,48.05,48.03,345106,345106,0.03,49.83,49.78,0,0,15.86,18.2,47.65
346144,48.16,48.12,346106,346106,0.08,49.59,49.46,0,0,16.12,18.23,47.65
346651,48.16,48.12,346106,346106,0.08,49.59,49.46,0,0,16.12,18.23,47.65
347158,48.24,48.2,347106,347106,0.08,49.58,49.46,0,0,16.33,18.26,47.65
347665,48.24,48.2,347106,347106,0.08,49.58,49.46,0,0,16.33,18.26,47.65
348172,48.24,48.22,348107,348107,0.02,49.86,49.82,0,0,16.33,18.26,47.65
348679,48.36,48.22,348107,348107,0.02,49.86,49.82,0,0,16.48,18.26,47.65
349188,48.36,48.32,349108,349108,0.09,49.54,49.41,0,0,16.48,18.3,47.65
349695,48.44,48.32,349108,349108,0.09,49.54,49.41,0,0,16.66,18.3,47.65
350202,48.44,48.4,350108,350108,0.08,49.58,49.45,0,0,16.66,18.33,47.65
350709,48.44,48.4,350108,350108,0.08,49.58,49.45,0,0,16.66,18.33,47.65
351216,48.44,48.43,351108,351108,0.02,49.86,49.82,0,0,16.66,18.33,47.65
351723,48.44,48.43,351108,351108,0.02,49.86,49.82,0,0,16.66,18.33,47.65
352230,48.64,48.57,352108,352108,0.14,49.26,49.05,0,0,16.96,18.39,47.65
352737,48.64,48.57,352108,352108,0.14,49.26,49.05,0,0,16.96,18.39,47.65
353244,48.7,48.65,353108,353108,0.08,49.58,49.46,0,0,17.07,18.41,47.65
353751,48.7,48.65,353108,353108,0.08,49.58,49.46,0,0,17.07,18.41,47.65
354258,48.78,48.74,354108,354108,0.08,49.58,49.46,0,0,17.24,18.45,47.65
354768,48.78,48.74,354108,354108,0.08,49.58,49.46,0,0,17.24,18.45,47.65
355275,48.81,48.76,355108,355108,0.02,49.86,49.82,0,0,17.37,18.45,47.65
355782,48.81,48.76,355108,355108,0.02,49.86,49.82,0,0,17.37,18.45,47.65
356289,48.82,48.79,356108,356108,0.02,49.86,49.82,0,0,17.32,18.47,47.65
356796,48.82,48.79,356108,356108,0.02,49.86,49.82,0,0,17.32,18.47,47.65
357303,48.82,48.81,357108,357108,0.01,49.9,49.88,0,0,17.32,18.46,47.65
357810,48.89,48.81,357108,357108,0.01,49.9,49.88,0,0,17.52,18.46,47.65
358317,48.89,48.86,358111,358111,0.05,49.74,49.66,0,0,17.52,18.49,47.65
358824,48.9,48.86,358111,358111,0.05,49.74,49.66,0,0,17.91,18.49,47.65
359331,48.9,48.89,359111,359111,0.02,49.86,49.83,0,0,17.91,18.49,47.65
359838,48.9,48.89,359111,359111,0.02,49.86,49.83,0,0,17.91,18.49,47.65
360345,48.97,48.9,360111,360111,0.0,49.95,49.94,0,0,17.91,18.49,47.65
360852,48.97,48.9,360111,360111,0.0,49.95,49.94,0,0,17.91,18.49,47.65
361359,48.97,48.94,361111,361111,0.04,49.75,49.68,0,0,17.91,18.52,47.65
361866,49.02,48.94,361111,361111,0.04,49.75,49.68,0,0,18.27,18.52,47.65
362373,49.02,48.99,362111,362111,0.04,49.75,49.67,0,0,18.27,18.53,47.65
362880,49.02,48.99,362111,362111,0.04,49.75,49.67,0,0,18.27,18.53,47.65
363387,49.08,49.05,363111,363111,0.05,49.72,49.64,0,0,18.16,18.56,47.65
363894,49.08,49.05,363111,363111,0.05,49.72,49.64,0,0,18.16,18.56,47.65
364401,49.14,49.11,364111,364111,0.06,49.68,49.59,0,0,18.4,18.58,47.65
364908,49.14,49.11,364111,364111,0.06,49.68,49.59,0,0,18.4,18.58,47.65
365415,49.16,49.13,365111,365111,0.02,49.89,49.86,0,0,18.42,18.58,47.65
365922,49.16,49.13,365111,365111,0.02,49.89,49.86,0,0,18.42,18.58,47.65
366444,49.27,49.15,366111,366111,0.01,49.91,49.88,0,0,18.53,18.59,47.65
366951,49.27,49.15,366111,366111,0.01,49.91,49.88,0,0,18.53,18.59,47.65
367458,49.27,49.23,367111,367111,0.07,49.6,49.49,0,0,18.53,18.62,47.65
367965,49.3,49.23,367111,367111,0.07,49.6,49.49,0,0,18.81,18.62,47.65
368472,49.3,49.28,368111,368111,0.05,49.74,49.67,0,0,18.81,18.62,47.65
368979,49.32,49.28,368111,368111,0.05,49.74,49.67,0,0,18.75,18.62,47.65
369486,49.32,49.31,369111,369111,0.02,49.86,49.82,0,0,18.75,18.64,47.65
369993,49.42,49.31,369111,369111,0.02,49.86,49.82,0,0,18.81,18.64,47.65
370500,49.42,49.38,370111,370111,0.07,49.62,49.51,0,0,18.81,18.7,47.65
371007,49.42,49.38,370111,370111,0.07,49.62,49.51,0,0,18.81,18.7,47.65
371514,49.48,49.45,371111,371111,0.06,49.65,49.55,0,0,19.13,18.7,47.65
372021,49.48,49.45,371111,371111,0.06,49.65,49.55,0,0,19.13,18.7,47.65
372528,49.55,49.47,372111,372111,0.02,49.88,49.85,0,0,19.28,18.7,47.65
373035,49.55,49.47,372111,372111,0.02,49.88,49.85,0,0,19.28,18.7,47.65
373542,49.55,49.52,373111,373111,0.04,49.75,49.67,0,0,19.28,18.7,47.65
374049,49.62,49.52,373111,373111,0.04,49.75,49.67,0,0,19.56,18.7,47.65
374556,49.62,49.58,374111,374111,0.06,49.68,49.58,0,0,19.56,18.75,47.65
375063,49.67,49.58,374111,374111,0.06,49.68,49.58,0,0,19.61,18.75,47.65
375571,49.67,49.64,375111,375111,0.05,49.7,49.61,0,0,19.61,18.79,47.65
376078,49.7,49.64,375111,375111,0.05,49.7,49.61,0,0,19.52,18.79,47.65
376585,49.7,49.68,376111,376111,0.03,49.82,49.77,0,0,19.52,18.76,47.65
377092,49.7,49.68,376111,376111,0.03,49.82,49.77,0,0,19.52,18.76,47.65
377599,49.8,49.69,377111,377111,0.01,49.94,49.92,0,0,19.65,18.76,47.65
378106,49.8,49.69,377111,377111,0.01,49.94,49.92,0,0,19.65,18.76,47.65
378613,49.87,49.77,378113,378113,0.07,49.62,49.51,1,0,19.95,18.81,47.65
379120,49.87,49.83,379113,379113,0.06,49.66,49.55,1,0,19.95,18.8,49.83
379627,49.87,49.83,379113,379113,0.06,49.66,49.55,1,0,19.95,18.8,49.83
380134,49.87,49.86,380113,380113,0.02,49.88,49.85,1,0,19.95,18.8,49.86
380641,50.04,49.86,380113,380113,0.02,49.88,49.85,1,0,20.06,18.8,49.86
381148,50.04,49.98,381113,381113,0.12,49.39,49.21,1,0,20.06,18.9,49.98
381655,50.11,49.98,381113,381113,0.12,49.39,49.21,1,0,20.1,18.9,49.98
382162,50.11,50.07,382113,382113,0.09,49.54,49.4,1,0,20.1,18.91,50.07
382669,50.11,50.07,382113,382113,0.09,49.54,49.4,1,0,20.1,18.91,50.07
383176,50.16,50.13,383113,383113,0.05,49.7,49.61,1,0,20.08,18.94,50.13
383683,50.16,50.13,383113,383113,0.05,49.7,49.61,1,0,20.08,18.94,50.13
384190,50.25,50.21,384113,384113,0.08,49.58,49.45,1,0,20.04,18.97,50.21
384698,50.25,50.21,384113,384113,0.08,49.58,49.45,1,0,20.04,18.97,50.21
385205,50.25,50.24,385113,385113,0.02,49.86,49.82,1,0,20.04,18.97,50.24
385712,50.29,50.24,385113,385113,0.02,49.86,49.82,1,0,19.89,18.97,50.24
386219,50.29,50.27,386113,386113,0.03,49.83,49.78,1,0,19.89,18.96,50.27
386726,50.29,50.27,386113,386113,0.03,49.83,49.78,1,0,19.89,18.96,50.27
387233,50.43,50.38,387113,387113,0.1,49.48,49.32,1,0,19.74,19.02,50.38
387740,50.43,50.38,387113,387113,0.1,49.48,49.32,1,0,19.74,19.02,50.38
388247,50.43,50.41,388116,388116,0.03,49.83,49.77,1,0,19.74,19.02,50.41
388754,50.48,50.41,388116,388116,0.03,49.83,49.77,1,0,19.74,19.02,50.41
389261,50.48,50.46,389117,389117,0.05,49.74,49.67,1,0,19.74,19.07,50.46
389768,50.48,50.46,389117,389117,0.05,49.74,49.67,1,0,19.74,19.07,50.46
390275,50.6,50.55,390117,390117,0.09,49.53,49.39,1,0,19.63,19.06,50.55
390781,50.6,50.55,390117,390117,0.09,49.53,49.39,1,0,19.63,19.06,50.55
391288,50.6,50.58,391117,391117,0.03,49.84,49.8,1,0,19.63,19.06,50.58
391795,50.71,50.58,391117,391117,0.03,49.84,49.8,1,0,19.33,19.06,50.58
392302,50.71,50.67,392117,392117,0.08,49.57,49.44,1,0,19.33,19.13,50.67
392809,50.75,50.67,392117,392117,0.08,49.57,49.44,1,0,19.16,19.13,50.67
393317,50.75,50.72,393117,393117,0.05,49.72,49.64,1,0,19.16,19.14,50.72
393824,50.9,50.72,393117,393117,0.05,49.72,49.64,1,0,19.05,19.14,50.72
394331,50.9,50.84,394117,394117,0.11,49.41,49.24,1,0,19.05,19.17,50.84
394838,50.9,50.84,394117,394117,0.11,49.41,49.24,1,0,19.05,19.17,50.84
395345,50.9,50.88,395117,395117,0.03,49.8,49.75,1,0,19.05,19.17,50.88
395852,51.02,50.88,395117,395117,0.03,49.8,49.75,1,0,18.83,19.17,50.88
396359,51.02,50.97,396117,396117,0.09,49.51,49.37,1,0,18.83,19.24,50.97
396866,51.16,50.97,396117,396117,0.09,49.51,49.37,1,0,19.16,19.24,50.97
397373,51.16,51.1,397117,397117,0.12,49.38,49.2,1,0,19.16,19.28,51.1
397880,51.18,51.1,397117,397117,0.12,49.38,49.2,1,0,18.55,19.28,51.1
398387,51.18,51.15,398117,398117,0.05,49.71,49.63,1,0,18.55,19.27,51.15
398896,51.18,51.15,398117,398117,0.05,49.71,49.63,1,0,18.55,19.27,51.15
399403,51.3,51.17,399117,399117,0.01,49.9,49.87,1,0,18.51,19.27,51.17
399910,51.3,51.17,399117,399117,0.01,49.9,49.87,1,0,18.51,19.27,51.17
400417,51.3,51.26,400117,400117,0.08,49.57,49.44,1,0,18.51,19.31,51.26
400924,51.3,51.26,400117,400117,0.08,49.57,49.44,1,0,18.51,19.31,51.26
401431,51.48,51.29,401117,401117,0.02,49.85,49.81,1,0,18.23,19.31,51.29
401938,51.48,51.29,401117,401117,0.02,49.85,49.81,1,0,18.23,19.31,51.29
402445,51.48,51.41,402120,402120,0.12,49.36,49.17,1,0,18.23,19.37,51.41
402952,51.57,51.41,402120,402120,0.12,49.36,49.17,1,0,18.4,19.37,51.41
403459,51.57,51.52,403121,403121,0.1,49.46,49.3,1,0,18.4,19.4,51.52
403966,51.64,51.52,403121,403121,0.1,49.46,49.3,1,0,17.95,19.4,51.52
404475,51.64,51.6,404121,404121,0.07,49.6,49.48,1,0,17.95,19.43,51.6
404983,51.75,51.6,404121,404121,0.07,49.6,49.48,1,0,18.16,19.43,51.6
405490,51.75,51.7,405121,405121,0.09,49.5,49.35,1,0,18.16,19.46,51.7
405997,51.75,51.7,405121,405121,0.09,49.5,49.35,1,0,18.16,19.46,51.7
406504,51.75,51.73,406121,406121,0.03,49.83,49.78,1,0,18.16,19.46,51.73
407011,51.84,51.73,406121,406121,0.03,49.83,49.78,1,0,17.56,19.46,51.73
407518,51.84,51.81,407121,407121,0.07,49.62,49.51,1,0,17.56,19.49,51.81
408025,51.94,51.81,407121,407121,0.07,49.62,49.51,1,0,17.32,19.49,51.81
408532,51.94,51.89,408121,408121,0.08,49.56,49.44,1,0,17.32,19.51,51.89
409039,51.99,51.89,408121,408121,0.08,49.56,49.44,1,0,17.26,19.51,51.89
409546,51.99,51.96,409121,409121,0.06,49.67,49.57,1,0,17.26,19.54,51.96
410068,52.01,51.96,409121,409121,0.06,49.67,49.57,1,0,17.52,19.54,51.96
410575,52.01,52.0,410121,410121,0.03,49.81,49.75,1,0,17.52,19.53,52.0
411082,52.01,52.0,410121,410121,0.03,49.81,49.75,1,0,17.52,19.53,52.0
411589,52.08,52.01,411121,411121,0.01,49.93,49.91,1,0,17.09,19.53,52.01
412096,52.08,52.01,411121,411121,0.01,49.93,49.91,1,0,17.09,19.53,52.01
412603,52.11,52.06,412121,412121,0.04,49.75,49.68,1,0,17.02,19.55,52.06
413110,52.11,52.06,412121,412121,0.04,49.75,49.68,1,0,17.02,19.55,52.06
413618,52.15,52.09,413121,413121,0.03,49.82,49.76,1,0,16.72,19.58,52.09
414125,52.15,52.13,414121,414121,0.03,49.8,49.74,1,0,16.72,19.59,52.13
414632,52.15,52.13,414121,414121,0.03,49.8,49.74,1,0,16.72,19.59,52.13
415139,52.21,52.18,415121,415121,0.04,49.75,49.68,1,0,16.76,19.6,52.18
415646,52.21,52.18,415121,415121,0.04,49.75,49.68,1,0,16.76,19.6,52.18
416153,52.21,52.2,416121,416121,0.01,49.91,49.89,1,0,16.76,19.6,52.2
416660,52.22,52.2,416121,416121,0.01,49.91,49.89,1,0,16.2,19.6,52.2
417167,52.22,52.21,417121,417121,0.01,49.93,49.91,1,0,16.2,19.6,52.21
417674,52.26,52.21,417121,417121,0.01,49.93,49.91,1,0,16.31,19.6,52.21
418181,52.26,52.24,418121,418121,0.03,49.83,49.78,1,0,16.31,19.62,52.24
418688,52.22,52.24,418121,418121,0.03,49.83,49.78,1,0,16.22,19.62,52.24
419195,52.22,52.23,419121,419121,0.0,50.08,50.1,1,0,16.22,19.61,52.24
419702,52.25,52.23,419121,419121,0.0,50.08,50.1,1,0,16.12,19.61,52.24
420209,52.25,52.24,420121,420121,0.01,49.93,49.9,1,0,16.12,19.63,52.24
420716,52.25,52.24,420121,420121,0.01,49.93,49.9,1,0,16.12,19.63,52.24
421223,52.25,52.25,421121,421121,0.0,49.97,49.96,1,0,16.12,19.63,52.25
421730,52.23,52.25,421121,421121,0.0,49.97,49.96,1,0,16.03,19.63,52.25
422237,52.23,52.24,422121,422121,0.0,50.03,50.04,1,0,16.03,19.63,52.25
422744,52.23,52.24,422121,422121,0.0,50.03,50.04,1,0,16.03,19.63,52.25
423251,52.23,52.24,423121,423121,0.0,50.01,50.01,1,0,16.03,19.63,52.25
423758,52.21,52.24,423121,423121,0.0,50.01,50.01,1,0,15.79,19.63,52.25
424265,52.21,52.22,424121,424121,0.0,50.1,50.13,1,0,15.79,19.6,52.25
424771,52.21,52.22,424121,424121,0.0,50.1,50.13,1,0,15.79,19.6,52.25
425278,52.19,52.2,425121,425121,0.0,50.07,50.1,1,0,15.25,19.6,52.25
425785,52.19,52.2,425121,425121,0.0,50.07,50.1,1,0,15.25,19.6,52.25
426292,52.17,52.19,426121,426121,0.0,50.02,50.03,1,0,15.47,19.6,52.25
426799,52.17,52.19,426121,426121,0.0,50.02,50.03,1,0,15.47,19.6,52.25
427321,52.12,52.18,427121,427121,0.0,50.09,50.12,1,0,15.36,19.59,52.25
427828,52.12,52.18,427121,427121,0.0,50.09,50.12,1,0,15.36,19.59,52.25
428335,52.12,52.14,428121,428121,0.0,50.16,50.22,1,0,15.36,19.58,52.25
428842,52.12,52.14,428121,428121,0.0,50.16,50.22,1,0,15.36,19.58,52.25
429349,52.1,52.13,429121,429121,0.0,50.05,50.07,1,0,15.29,19.58,52.25
429856,52.1,52.13,429121,429121,0.0,50.05,50.07,1,0,15.29,19.58,52.25
430362,52.1,52.11,430121,430121,0.0,50.1,50.13,1,0,15.29,19.58,52.25
430869,52.1,52.11,430121,430121,0.0,50.1,50.13,1,0,15.29,19.58,52.25
431376,52.02,52.1,431123,431123,0.0,50.03,50.04,1,0,15.1,19.58,52.25
431883,52.02,52.1,431123,431123,0.0,50.03,50.04,1,0,15.1,19.58,52.25
432390,52.02,52.05,432123,432123,0.0,50.28,50.37,1,0,15.1,19.55,52.25
432896,51.99,52.05,432123,432123,0.0,50.28,50.37,1,0,14.88,19.55,52.25
433402,51.99,52.01,433123,433123,0.0,50.18,50.24,1,0,14.88,19.54,52.25
433909,51.95,52.01,433123,433123,0.0,50.18,50.24,1,0,14.73,19.54,52.25
434416,51.95,51.97,434123,434123,0.0,50.19,50.25,1,0,14.73,19.53,52.25
434923,51.95,51.97,434123,434123,0.0,50.19,50.25,1,0,14.73,19.53,52.25
435430,51.88,51.91,435123,435123,0.0,50.28,50.36,1,0,15.4,19.52,52.25
435938,51.88,51.91,435123,435123,0.0,50.28,50.36,1,0,15.4,19.52,52.25
436445,51.86,51.89,436123,436123,0.0,50.09,50.12,1,0,14.6,19.52,52.25
436952,51.86,51.89,436123,436123,0.0,50.09,50.12,1,0,14.6,19.52,52.25
437459,51.86,51.87,437123,437123,0.0,50.12,50.15,1,0,14.6,19.51,52.25
437966,51.82,51.87,437123,437123,0.0,50.12,50.15,1,0,14.8,19.51,52.25
438473,51.82,51.83,438123,438123,0.0,50.17,50.22,1,0,14.8,19.5,52.25
438980,51.73,51.83,438123,438123,0.0,50.17,50.22,1,0,14.54,19.5,52.25
439486,51.73,51.76,439123,439123,0.0,50.36,50.47,1,0,14.54,19.48,52.25
439993,51.73,51.76,439123,439123,0.0,50.36,50.47,1,0,14.54,19.48,52.25
440500,51.66,51.74,440123,440123,0.0,50.12,50.15,1,0,14.47,19.48,52.25
441007,51.66,51.74,440123,440123,0.0,50.12,50.15,1,0,14.47,19.48,52.25
441514,51.66,51.68,441123,441123,0.0,50.27,50.35,1,0,14.47,19.45,52.25
442021,51.66,51.68,441123,441123,0.0,50.27,50.35,1,0,14.47,19.45,52.25
442528,51.66,51.66,442123,442123,0.0,50.09,50.11,1,0,14.47,19.45,52.25
443035,51.66,51.66,442123,442123,0.0,50.09,50.11,1,0,14.47,19.45,52.25
443542,51.5,51.66,443123,443123,0.0,50.02,50.03,1,0,14.1,19.45,52.25
444049,51.5,51.66,443123,443123,0.0,50.02,50.03,1,0,14.1,19.45,52.25
444555,51.5,51.55,444123,444123,0.0,50.54,50.71,1,1,14.1,19.4,52.25
445062,51.5,51.55,444123,444123,0.0,50.54,50.71,1,1,14.1,19.4,52.25
445569,51.43,51.51,445123,445123,0.0,50.18,50.23,1,1,14.19,19.4,52.25
446076,51.43,51.51,445123,445123,0.0,50.18,50.23,1,1,14.19,19.4,52.25
446583,51.56,51.46,446123,446123,0.0,50.27,50.35,1,1,14.95,19.4,52.25
447090,51.56,51.46,446123,446123,0.0,50.27,50.35,1,1,14.95,19.4,52.25
447598,51.56,51.52,447123,447123,0.06,49.67,49.57,1,1,14.95,19.39,52.25
448105,51.56,51.52,447123,447123,0.06,49.67,49.57,1,1,14.95,19.39,52.25
448612,51.56,51.55,448123,448123,0.02,49.89,49.85,1,1,14.95,19.39,52.25
449119,50.21,51.55,448123,448123,0.02,49.89,49.85,1,1,15.99,19.39,52.25
449626,50.21,50.65,449126,449126,0.0,54.47,55.81,0,0,15.99,18.92,52.25
450133,50.21,50.35,450126,450126,0.0,51.48,51.92,0,0,15.99,18.92,50.35
450640,49.33,50.35,450126,450126,0.0,51.48,51.92,0,0,16.03,18.92,50.35
451147,49.33,49.67,451126,451126,0.0,53.42,54.44,0,0,16.03,18.63,49.67
451654,48.69,49.67,451126,451126,0.0,53.42,54.44,0,0,15.73,18.63,49.67
452161,48.69,49.01,452126,452126,0.0,53.29,54.27,0,0,15.73,18.42,49.01
452668,48.69,49.01,452126,452126,0.0,53.29,54.27,0,0,15.73,18.42,49.01
453175,48.2,48.46,453126,453126,0.0,52.72,53.53,0,0,15.32,18.23,48.46
453682,48.2,48.46,453126,453126,0.0,52.72,53.53,0,0,15.32,18.23,48.46
454189,48.2,48.29,454126,454126,0.0,50.89,51.16,0,0,15.32,18.23,48.29
454696,47.89,48.29,454126,454126,0.0,50.89,51.16,0,0,15.1,18.23,48.29
455203,47.89,48.02,455126,455126,0.0,51.32,51.72,0,0,15.1,18.14,48.02
455710,47.77,48.02,455126,455126,0.0,51.32,51.72,0,0,15.01,18.14,48.02
456217,47.77,47.85,456126,456126,0.0,50.84,51.1,0,0,15.01,18.09,47.85
456724,47.66,47.85,456126,456126,0.0,50.84,51.1,0,0,14.86,18.09,47.85
457231,47.66,47.72,457126,457126,0.0,50.64,50.84,0,0,14.86,18.04,47.72
457738,47.62,47.72,457126,457126,0.0,50.64,50.84,0,0,14.9,18.04,47.72
458245,47.62,47.65,458126,458126,0.0,50.35,50.45,0,0,14.9,18.03,47.65
458752,47.62,47.65,458126,458126,0.0,50.35,50.45,0,0,14.9,18.03,47.65
459259,47.67,47.66,459126,459126,0.01,49.93,49.91,0,0,14.97,18.06,47.65
459766,47.67,47.66,459126,459126,0.01,49.93,49.91,0,0,14.97,18.06,47.65
460273,47.63,47.67,460126,460126,0.0,49.97,49.97,0,0,15.08,18.06,47.65
460780,47.63,47.67,460126,460126,0.0,49.97,49.97,0,0,15.08,18.06,47.65
461287,47.63,47.64,461126,461126,0.0,50.13,50.16,0,0,15.08,18.03,47.64
461794,47.63,47.64,461126,461126,0.0,50.13,50.16,0,0,15.08,18.03,47.64
462301,47.75,47.72,462126,462126,0.07,49.63,49.52,0,0,15.38,18.07,47.64
462808,47.75,47.72,462126,462126,0.07,49.63,49.52,0,0,15.38,18.07,47.64
463315,47.75,47.74,463126,463126,0.02,49.87,49.84,0,0,15.38,18.07,47.64
463822,47.8,47.74,463126,463126,0.02,49.87,49.84,0,0,15.64,18.07,47.64
464329,47.8,47.78,464126,464126,0.04,49.78,49.72,0,0,15.64,18.09,47.64
464836,47.92,47.78,464126,464126,0.04,49.78,49.72,0,0,15.66,18.09,47.64
465343,47.92,47.87,465126,465126,0.08,49.55,49.41,0,0,15.66,18.15,47.64
465850,47.97,47.87,465126,465126,0.08,49.55,49.41,0,0,15.62,18.15,47.64
466357,47.97,47.94,466126,466126,0.06,49.68,49.58,0,0,15.62,18.14,47.64
466868,47.97,47.94,466126,466126,0.06,49.68,49.58,0,0,15.62,18.14,47.64
467375,47.97,47.96,467126,467126,0.02,49.89,49.86,0,0,15.62,18.14,47.64
467882,48.06,47.96,467126,467126,0.02,49.89,49.86,0,0,15.88,18.14,47.64
468389,48.06,48.03,468126,468126,0.07,49.63,49.52,0,0,15.88,18.2,47.64
468896,48.05,48.03,468126,468126,0.07,49.63,49.52,0,0,16.25,18.2,47.64
469403,48.05,48.04,469126,469126,0.01,49.93,49.91,0,0,16.25,18.17,47.64
469910,48.05,48.04,469126,469126,0.01,49.93,49.91,0,0,16.25,18.17,47.64
470417,48.05,48.05,470127,470127,0.0,49.97,49.97,0,0,16.25,18.17,47.64
470924,48.13,48.05,470127,470127,0.0,49.97,49.97,0,0,16.27,18.17,47.64
471431,48.13,48.1,471127,471127,0.05,49.72,49.64,0,0,16.27,18.21,47.64
471938,48.21,48.1,471127,471127,0.05,49.72,49.64,0,0,16.7,18.21,47.64
472447,48.21,48.17,472127,472127,0.07,49.63,49.52,0,0,16.7,18.25,47.64
472954,48.21,48.17,472127,472127,0.07,49.63,49.52,0,0,16.7,18.25,47.64
473461,48.21,48.2,473127,473127,0.02,49.87,49.84,0,0,16.7,18.25,47.64
473968,48.32,48.2,473127,473127,0.02,49.87,49.84,0,0,16.92,18.25,47.64
474475,48.32,48.28,474127,474127,0.08,49.59,49.46,0,0,16.92,18.3,47.64
474982,48.32,48.28,474127,474127,0.08,49.59,49.46,0,0,16.92,18.3,47.64
475489,48.38,48.31,475127,475127,0.02,49.86,49.82,0,0,16.98,18.3,47.64
475996,48.38,48.31,475127,475127,0.02,49.86,49.82,0,0,16.98,18.3,47.64
476503,48.38,48.36,476127,476127,0.05,49.74,49.66,0,0,16.98,18.29,47.64
477010,48.46,48.36,476127,476127,0.05,49.74,49.66,0,0,17.3,18.29,47.64
477517,48.46,48.42,477127,477127,0.06,49.67,49.57,0,0,17.3,18.34,47.64
478024,48.46,48.42,477127,477127,0.06,49.67,49.57,0,0,17.3,18.34,47.64
478531,48.51,48.45,478127,478127,0.02,49.89,49.86,0,0,17.04,18.34,47.64
479038,48.51,48.45,478127,478127,0.02,49.89,49.86,0,0,17.04,18.34,47.64
479545,48.51,48.49,479127,479127,0.04,49.79,49.72,0,0,17.04,18.35,47.64
480052,48.54,48.49,479127,479127,0.04,49.79,49.72,0,0,16.89,18.35,47.64
480559,48.54,48.52,480127,480127,0.03,49.83,49.79,0,0,16.89,18.37,47.64
481066,48.64,48.52,480127,480127,0.03,49.83,49.79,0,0,17.63,18.37,47.64
481573,48.64,48.6,481127,481127,0.08,49.58,49.45,0,0,17.63,18.41,47.64
482080,48.64,48.6,481127,481127,0.08,49.58,49.45,0,0,17.63,18.41,47.64
482587,48.64,48.63,482127,482127,0.02,49.86,49.82,0,0,17.63,18.41,47.64
483094,48.63,48.63,482127,482127,0.02,49.86,49.82,0,0,17.82,18.41,47.64
483601,48.63,48.63,483127,483127,0.0,49.99,49.99,0,0,17.82,18.4,47.64
484108,48.63,48.63,483127,483127,0.0,49.99,49.99,0,0,17.71,18.4,47.64
484615,48.63,48.63,484127,484127,0.0,49.99,49.99,0,0,17.71,18.4,47.64
485122,48.69,48.63,484127,484127,0.0,49.99,49.99,0,0,18.23,18.4,47.64
485629,48.69,48.67,485129,485129,0.03,49.82,49.76,0,0,18.23,18.42,47.64
486140,48.69,48.68,486129,486129,0.01,49.94,49.92,0,0,18.23,18.42,47.64
486647,48.69,48.68,486129,486129,0.01,49.94,49.92,0,0,18.23,18.42,47.64
487154,48.79,48.75,487129,487129,0.07,49.62,49.5,0,0,18.12,18.45,47.64
487661,48.79,48.75,487129,487129,0.07,49.62,49.5,0,0,18.12,18.45,47.64
488168,48.79,48.78,488129,488129,0.02,49.87,49.83,0,0,18.12,18.45,47.64
488675,48.85,48.78,488129,488129,0.02,49.87,49.83,0,0,18.55,18.45,47.64
489182,48.85,48.82,489129,489129,0.04,49.77,49.7,0,0,18.55,18.48,47.64
489689,48.87,48.82,489129,489129,0.04,49.77,49.7,0,0,18.49,18.48,47.64
490196,48.87,48.86,490129,490129,0.03,49.83,49.78,0,0,18.49,18.49,47.64
490703,48.96,48.86,490129,490129,0.03,49.83,49.78,0,0,18.85,18.49,47.64
491210,48.96,48.92,491129,491129,0.06,49.66,49.56,0,0,18.85,18.53,47.64
491733,48.97,48.92,491129,491129,0.06,49.66,49.56,0,0,18.77,18.53,47.64
492240,48.97,48.95,492131,492131,0.02,49.85,49.8,0,0,18.77,18.52,47.64
492747,48.97,48.95,492131,492131,0.02,49.85,49.8,0,0,18.77,18.52,47.64
493254,48.97,48.96,493131,493131,0.0,49.95,49.93,0,0,18.77,18.52,47.64
493761,48.97,48.96,493131,493131,0.0,49.95,49.93,0,0,18.77,18.52,47.64
494268,48.97,48.97,494131,494131,0.0,49.98,49.97,0,0,18.77,18.52,47.64
494775,49.05,48.97,494131,494131,0.0,49.98,49.97,0,0,19.03,18.52,47.64
495282,49.05,49.02,495131,495131,0.05,49.71,49.63,0,0,19.03,18.55,47.64
495789,49.16,49.02,495131,495131,0.05,49.71,49.63,0,0,19.24,18.55,47.64
496296,49.16,49.11,496131,496131,0.09,49.54,49.41,0,0,19.24,18.59,47.64
496806,49.16,49.11,496131,496131,0.09,49.54,49.41,0,0,19.24,18.59,47.64
497313,49.17,49.15,497131,497131,0.03,49.8,49.74,0,0,19.37,18.6,47.64
497820,49.17,49.15,497131,497131,0.03,49.8,49.74,0,0,19.37,18.6,47.64
498327,49.17,49.17,498131,498131,0.01,49.93,49.91,0,0,19.37,18.6,47.64
498834,49.21,49.17,498131,498131,0.01,49.93,49.91,0,0,19.65,18.6,47.64
499341,49.21,49.2,499131,499131,0.03,49.84,49.79,0,0,19.65,18.6,47.64
499848,49.32,49.2,499131,499131,0.03,49.84,49.79,0,0,19.46,18.6,47.64
500354,49.32,49.28,500131,500131,0.08,49.58,49.45,0,0,19.46,18.65,47.64
500861,49.41,49.28,500131,500131,0.08,49.58,49.45,0,0,19.56,18.65,47.64
501368,49.41,49.37,501133,501133,0.08,49.55,49.41,0,0,19.56,18.68,47.64
501875,49.41,49.37,501133,501133,0.08,49.55,49.41,0,0,19.56,18.68,47.64
502382,49.41,49.4,502133,502133,0.02,49.85,49.8,0,0,19.56,18.68,47.64
502888,49.41,49.4,502133,502133,0.02,49.85,49.8,0,0,19.56,18.68,47.64
503395,49.41,49.41,503133,503133,0.0,49.95,49.93,0,0,19.56,18.68,47.64
503902,49.41,49.41,503133,503133,0.0,49.95,49.93,0,0,19.56,18.68,47.64
504409,49.41,49.41,504133,504133,0.0,49.98,49.97,0,0,19.56,18.68,47.64
504916,49.54,49.41,504133,504133,0.0,49.98,49.97,0,0,20.25,18.68,47.64
505422,49.54,49.5,505133,505133,0.08,49.58,49.46,0,0,20.25,18.72,47.64
505929,49.54,49.5,505133,505133,0.08,49.58,49.46,0,0,20.25,18.72,47.64
506436,49.7,49.52,506133,506133,0.02,49.86,49.82,0,0,20.21,18.72,47.64
506943,49.7,49.52,506133,506133,0.02,49.86,49.82,0,0,20.21,18.72,47.64
507450,49.7,49.64,507133,507133,0.11,49.4,49.22,1,0,20.21,18.79,47.64
507957,49.79,49.64,507133,507133,0.11,49.4,49.22,1,0,20.4,18.79,47.64
508464,49.79,49.74,508133,508133,0.1,49.49,49.34,1,0,20.4,18.82,49.74
508971,49.86,49.74,508133,508133,0.1,49.49,49.34,1,0,20.49,18.82,49.74
509478,49.86,49.82,509133,509133,0.07,49.61,49.49,1,0,20.49,18.82,49.82
509985,49.86,49.82,509133,509133,0.07,49.61,49.49,1,0,20.49,18.82,49.82
510492,49.89,49.85,510133,510133,0.02,49.87,49.83,1,0,20.47,18.82,49.85
510999,49.89,49.85,510133,510133,0.02,49.87,49.83,1,0,20.47,18.82,49.85
511506,49.98,49.87,511133,511133,0.02,49.86,49.82,1,0,20.75,18.85,49.87
512013,49.98,49.87,511133,511133,0.02,49.86,49.82,1,0,20.75,18.85,49.87
512520,49.98,49.95,512133,512133,0.07,49.63,49.52,1,0,20.75,18.89,49.95
513027,50.12,49.95,512133,512133,0.07,49.63,49.52,1,0,20.36,18.89,49.95
513534,50.12,50.06,513133,513133,0.11,49.42,49.25,1,0,20.36,18.94,50.06
514041,50.12,50.06,513133,513133,0.11,49.42,49.25,1,0,20.36,18.94,50.06
514548,50.18,50.1,514133,514133,0.03,49.8,49.75,1,0,20.36,18.94,50.1
515055,50.18,50.1,514133,514133,0.03,49.8,49.75,1,0,20.36,18.94,50.1
515562,50.23,50.16,515133,515133,0.05,49.71,49.63,1,0,20.17,18.95,50.16
516069,50.23,50.16,515133,515133,0.05,49.71,49.63,1,0,20.17,18.95,50.16
516580,50.23,50.21,516133,516133,0.05,49.73,49.65,1,0,20.17,18.94,50.21
517087,50.33,50.21,516133,516133,0.05,49.73,49.65,1,0,19.91,18.94,50.21
517594,50.33,50.29,517133,517133,0.08,49.57,49.44,1,0,19.91,19.02,50.29
518101,50.42,50.29,517133,517133,0.08,49.57,49.44,1,0,20.15,19.02,50.29
518608,50.42,50.37,518133,518133,0.08,49.58,49.46,1,0,20.15,19.03,50.37
519115,50.49,50.37,518133,518133,0.08,49.58,49.46,1,0,19.91,19.03,50.37
519622,50.49,50.46,519133,519133,0.08,49.59,49.47,1,0,19.91,19.06,50.46
520128,50.49,50.46,519133,519133,0.08,49.59,49.47,1,0,19.91,19.06,50.46
520635,50.49,50.48,520135,520135,0.02,49.86,49.82,1,0,19.91,19.06,50.48
521142,50.62,50.57,521135,521135,0.09,49.54,49.41,1,0,19.95,19.1,50.57
521649,50.62,50.57,521135,521135,0.09,49.54,49.41,1,0,19.95,19.1,50.57
522156,50.62,50.6,522135,522135,0.02,49.85,49.8,1,0,19.95,19.1,50.6
522662,50.71,50.6,522135,522135,0.02,49.85,49.8,1,0,19.61,19.1,50.6
523168,50.71,50.67,523135,523135,0.07,49.64,49.53,1,0,19.61,19.11,50.67
523675,50.76,50.67,523135,523135,0.07,49.64,49.53,1,0,19.41,19.11,50.67
524182,50.76,50.73,524135,524135,0.06,49.69,49.6,1,0,19.41,19.14,50.73
524689,50.76,50.73,524135,524135,0.06,49.69,49.6,1,0,19.41,19.14,50.73
525196,50.89,50.84,525135,525135,0.1,49.48,49.33,1,0,19.37,19.19,50.84
525703,50.89,50.84,525135,525135,0.1,49.48,49.33,1,0,19.37,19.19,50.84
526211,50.98,50.93,526135,526135,0.09,49.51,49.37,1,0,19.24,19.22,50.93
526718,50.98,50.93,526135,526135,0.09,49.51,49.37,1,0,19.24,19.22,50.93
527225,51.06,50.96,527135,527135,0.03,49.84,49.79,1,0,18.83,19.22,50.96
527732,51.06,50.96,527135,527135,0.03,49.84,49.79,1,0,18.83,19.22,50.96
528239,51.06,51.03,528135,528135,0.06,49.67,49.57,1,0,18.83,19.25,51.03
528746,51.16,51.03,528135,528135,0.06,49.67,49.57,1,0,18.79,19.25,51.03
529252,51.16,51.12,529135,529135,0.08,49.57,49.44,1,0,18.79,19.28,51.12
529759,51.29,51.12,529135,529135,0.08,49.57,49.44,1,0,18.77,19.28,51.12
530266,51.29,51.23,530135,530135,0.11,49.41,49.23,1,0,18.77,19.31,51.23
530773,51.29,51.23,530135,530135,0.11,49.41,49.23,1,0,18.77,19.31,51.23
531280,51.37,51.33,531135,531135,0.09,49.52,49.38,1,0,18.55,19.36,51.33
531788,51.37,51.33,531135,531135,0.09,49.52,49.38,1,0,18.55,19.36,51.33
532295,51.49,51.36,532135,532135,0.03,49.84,49.79,1,0,18.4,19.36,51.36
532802,51.49,51.36,532135,532135,0.03,49.84,49.79,1,0,18.4,19.36,51.36
533309,51.49,51.45,533135,533135,0.09,49.54,49.41,1,0,18.4,19.38,51.45
533816,51.58,51.45,533135,533135,0.09,49.54,49.41,1,0,18.23,19.38,51.45
534323,51.58,51.54,534135,534135,0.09,49.54,49.4,1,0,18.23,19.4,51.54
534830,51.58,51.54,534135,534135,0.09,49.54,49.4,1,0,18.23,19.4,51.54
535337,51.58,51.57,535135,535135,0.03,49.84,49.8,1,0,18.23,19.4,51.57
535844,51.73,51.57,535135,535135,0.03,49.84,49.8,1,0,18.19,19.4,51.57
536351,51.73,51.68,536135,536135,0.1,49.45,49.29,1,0,18.19,19.43,51.68
536858,51.8,51.68,536135,536135,0.1,49.45,49.29,1,0,17.67,19.43,51.68
537367,51.8,51.76,537135,537135,0.08,49.58,49.45,1,0,17.67,19.48,51.76
537874,51.8,51.76,537135,537135,0.08,49.58,49.45,1,0,17.67,19.48,51.76
538381,51.87,51.83,538135,538135,0.07,49.64,49.53,1,0,17.6,19.5,51.83
538888,51.87,51.83,538135,538135,0.07,49.64,49.53,1,0,17.6,19.5,51.83
539395,51.87,51.86,539135,539135,0.02,49.88,49.84,1,0,17.6,19.5,51.86
539902,51.91,51.86,539135,539135,0.02,49.88,49.84,1,0,17.67,19.5,51.86
540409,51.91,51.89,540135,540135,0.03,49.82,49.76,1,0,17.67,19.51,51.89
540916,52.0,51.89,540135,540135,0.03,49.82,49.76,1,0,17.3,19.51,51.89
541423,52.0,51.97,541135,541135,0.07,49.62,49.51,1,0,17.3,19.55,51.97
541930,52.0,51.97,541135,541135,0.07,49.62,49.51,1,0,17.3,19.55,51.97
542437,52.0,51.99,542135,542135,0.02,49.87,49.83,1,0,17.3,19.55,51.99
542944,52.0,51.99,542135,542135,0.02,49.87,49.83,1,0,17.3,19.55,51.99
543451,52.14,52.09,543135,543135,0.1,49.49,49.34,1,0,17.07,19.6,52.09
543958,52.14,52.09,543135,543135,0.1,49.49,49.34,1,0,17.07,19.6,52.09
544465,52.16,52.12,544135,544135,0.03,49.83,49.78,1,0,16.57,19.6,52.12
544972,52.16,52.12,544135,544135,0.03,49.83,49.78,1,0,16.57,19.6,52.12
545479,52.16,52.15,545135,545135,0.02,49.89,49.86,1,0,16.57,19.62,52.15
545986,52.12,52.15,545135,545135,0.02,49.89,49.86,1,0,16.76,19.62,52.15
546493,52.12,52.13,546135,546135,0.0,50.07,50.09,1,0,16.76,19.58,52.15
547000,52.12,52.13,546135,546135,0.0,50.07,50.09,1,0,16.76,19.58,52.15
547507,52.12,52.13,547135,547135,0.0,50.02,50.03,1,0,16.76,19.58,52.15
548023,52.15,52.13,547135,547135,0.0,50.02,50.03,1,0,16.55,19.58,52.15
548530,52.15,52.15,548135,548135,0.01,49.9,49.87,1,0,16.55,19.6,52.15
549037,52.15,52.15,548135,548135,0.01,49.9,49.87,1,0,16.55,19.6,52.15
549544,52.15,52.15,549135,549135,0.0,49.96,49.95,1,0,16.55,19.6,52.15
550051,52.15,52.15,549135,549135,0.0,49.96,49.95,1,0,16.55,19.6,52.15
550558,52.18,52.17,550135,550135,0.02,49.89,49.86,1,0,16.29,19.62,52.17
551064,52.18,52.17,550135,550135,0.02,49.89,49.86,1,0,16.29,19.62,52.17
551571,52.17,52.18,551135,551135,0.0,49.96,49.95,1,0,16.16,19.62,52.18
552078,52.17,52.18,551135,551135,0.0,49.96,49.95,1,0,16.16,19.62,52.18
552585,52.17,52.17,552135,552135,0.0,50.03,50.04,1,0,16.16,19.61,52.18
553092,52.1,52.17,552135,552135,0.0,50.03,50.04,1,0,16.46,19.61,52.18
553600,52.1,52.12,553135,553135,0.0,50.23,50.3,1,0,16.46,19.6,52.18
554107,52.16,52.12,553135,553135,0.0,50.23,50.3,1,0,15.99,19.6,52.18
554614,52.16,52.15,554135,554135,0.02,49.89,49.86,1,0,15.99,19.62,52.18
555121,52.16,52.15,554135,554135,0.02,49.89,49.86,1,0,15.99,19.62,52.18
555628,52.1,52.15,555135,555135,0.0,49.96,49.95,1,0,15.84,19.62,52.18
556135,52.1,52.12,556135,556135,0.0,50.18,50.24,1,0,15.84,19.57,52.18
556642,52.1,52.12,556135,556135,0.0,50.18,50.24,1,0,15.84,19.57,52.18
557149,52.09,52.1,557135,557135,0.0,50.09,50.12,1,0,15.9,19.58,52.18
557656,52.09,52.1,557135,557135,0.0,50.09,50.12,1,0,15.9,19.58,52.18
558163,52.04,52.06,558135,558135,0.0,50.2,50.26,1,0,15.55,19.58,52.18
558670,52.04,52.06,558135,558135,0.0,50.2,50.26,1,0,15.55,19.58,52.18
559180,52.04,52.04,559135,559135,0.0,50.06,50.08,1,0,15.55,19.58,52.18
559687,52.04,52.04,559135,559135,0.0,50.06,50.08,1,0,15.55,19.58,52.18
560194,51.93,51.96,560135,560135,0.0,50.38,50.5,1,0,15.27,19.53,52.18
560701,51.93,51.96,560135,560135,0.0,50.38,50.5,1,0,15.27,19.53,52.18
561208,51.96,51.96,561144,561144,0.0,50.0,50.0,1,0,15.27,19.54,52.18
561715,51.96,51.96,561144,561144,0.0,50.0,50.0,1,0,15.27,19.54,52.18
562222,51.96,51.96,562145,562145,0.0,50.0,50.0,1,0,15.27,19.54,52.18
562729,51.96,51.96,562145,562145,0.0,50.0,50.0,1,0,15.27,19.54,52.18
563236,51.96,51.96,563145,563145,0.0,50.0,50.0,1,0,15.27,19.54,52.18
563743,51.78,51.96,563145,563145,0.0,50.0,50.0,1,0,15.16,19.54,52.18
564250,51.78,51.84,564145,564145,0.0,50.62,50.81,1,0,15.16,19.48,52.18
564757,51.78,51.84,564145,564145,0.0,50.62,50.81,1,0,15.16,19.48,52.18
565264,51.77,51.8,565149,565149,0.0,50.21,50.27,1,0,15.16,19.47,52.18
565771,51.77,51.8,565149,565149,0.0,50.21,50.27,1,0,15.16,19.47,52.18
566278,51.75,51.76,566149,566149,0.0,50.15,50.2,1,0,14.9,19.48,52.18
566785,51.75,51.76,566149,566149,0.0,50.15,50.2,1,0,14.9,19.48,52.18
567292,51.67,51.7,567149,567149,0.0,50.32,50.42,1,0,14.73,19.44,52.18
567799,51.67,51.7,567149,567149,0.0,50.32,50.42,1,0,14.73,19.44,52.18
568306,51.67,51.68,568149,568149,0.0,50.1,50.14,1,0,14.73,19.44,52.18
568813,51.62,51.68,568149,568149,0.0,50.1,50.14,1,0,14.73,19.44,52.18
569320,51.62,51.64,569149,569149,0.0,50.19,50.25,1,0,14.73,19.45,52.18
569827,51.62,51.64,569149,569149,0.0,50.19,50.25,1,0,14.73,19.45,52.18
570337,51.52,51.63,570149,570149,0.0,50.06,50.08,1,0,14.49,19.45,52.18
570844,51.52,51.63,570149,570149,0.0,50.06,50.08,1,0,14.49,19.45,52.18
571351,51.52,51.55,571149,571149,0.0,50.35,50.45,1,0,14.49,19.4,52.18
571858,51.44,51.55,571149,571149,0.0,50.35,50.45,1,0,14.54,19.4,52.18
572365,51.44,51.48,572149,572149,0.0,50.38,50.49,1,0,14.54,19.38,52.18
572872,51.41,51.48,572149,572149,0.0,50.38,50.49,1,0,14.12,19.38,52.18
573379,51.41,51.44,573149,573149,0.0,50.21,50.27,1,1,14.12,19.39,52.18
573887,51.41,51.44,573149,573149,0.0,50.21,50.27,1,1,14.12,19.39,52.18
574394,51.38,51.4,574149,574149,0.0,50.19,50.25,1,1,14.32,19.37,52.18
574901,51.38,51.4,574149,574149,0.0,50.19,50.25,1,1,14.32,19.37,52.18
575408,51.41,51.41,575149,575149,0.01,49.94,49.92,1,1,14.88,19.37,52.18
575915,51.41,51.41,575149,575149,0.01,49.94,49.92,1,1,14.88,19.37,52.18
576422,51.26,51.41,576150,576150,0.0,49.98,49.97,1,1,15.42,19.37,52.18
576928,51.26,51.41,576150,576150,0.0,49.98,49.97,1,1,15.42,19.37,52.18
577435,50.56,51.31,577150,577150,0.0,50.49,50.64,1,1,15.92,19.3,52.18
577942,50.56,51.31,577150,577150,0.0,50.49,50.64,1,1,15.92,19.3,52.18
578449,50.56,50.81,578150,578150,0.0,52.52,53.27,0,0,15.92,19.07,52.18
578956,50.56,50.81,578150,578150,0.0,52.52,53.27,0,0,15.92,19.07,52.18
579462,49.33,50.64,579150,579150,0.0,50.83,51.08,0,0,16.4,19.07,50.64
579968,49.33,50.64,579150,579150,0.0,50.83,51.08,0,0,16.4,19.07,50.64
580475,49.33,49.76,580150,580150,0.0,54.38,55.69,0,0,16.4,18.64,49.76
580982,49.33,49.76,580150,580150,0.0,54.38,55.69,0,0,16.4,18.64,49.76
581489,48.35,49.47,581150,581150,0.0,51.44,51.88,0,0,15.73,18.64,49.47
581996,48.35,49.47,581150,581150,0.0,51.44,51.88,0,0,15.73,18.64,49.47
582503,48.0,48.72,582150,582150,0.0,53.77,54.9,0,0,15.45,18.31,48.72
583010,48.0,48.72,582150,582150,0.0,53.77,54.9,0,0,15.45,18.31,48.72
583517,48.0,48.23,583150,583150,0.0,52.42,53.15,0,0,15.45,18.18,48.23
584024,47.89,48.23,583150,583150,0.0,52.42,53.15,0,0,15.27,18.18,48.23
584531,47.89,48.0,584150,584150,0.0,51.15,51.5,0,0,15.27,18.14,48.0
585038,47.89,48.0,584150,584150,0.0,51.15,51.5,0,0,15.27,18.14,48.0
585544,47.89,47.93,585150,585150,0.0,50.38,50.49,0,0,15.27,18.14,47.93
586051,47.84,47.93,585150,585150,0.0,50.38,50.49,0,0,15.16,18.14,47.93
586558,47.84,47.87,586150,586150,0.0,50.29,50.38,0,0,15.16,18.14,47.87
587065,47.79,47.87,586150,586150,0.0,50.29,50.38,0,0,15.08,18.14,47.87
587572,47.79,47.82,587150,587150,0.0,50.25,50.32,0,0,15.08,18.1,47.82
588093,47.71,47.82,587150,587150,0.0,50.25,50.32,0,0,15.16,18.1,47.82
588600,47.71,47.75,588150,588150,0.0,50.35,50.45,0,0,15.16,18.07,47.75
589107,47.71,47.75,588150,588150,0.0,50.35,50.45,0,0,15.16,18.07,47.75
589614,47.64,47.72,589150,589150,0.0,50.11,50.15,0,0,15.97,18.07,47.72
590121,47.64,47.72,589150,589150,0.0,50.11,50.15,0,0,15.97,18.07,47.72
590628,47.64,47.67,590152,590152,0.0,50.26,50.34,0,0,15.97,18.04,47.67
591135,47.64,47.67,590152,590152,0.0,50.26,50.34,0,0,15.97,18.04,47.67
591642,47.6,47.65,591153,591153,0.0,50.08,50.11,0,0,15.45,18.04,47.65
592149,47.6,47.65,591153,591153,0.0,50.08,50.11,0,0,15.45,18.04,47.65
592656,47.6,47.62,592156,592156,0.0,50.15,50.2,0,0,15.45,18.04,47.62
593163,47.6,47.61,593156,593156,0.0,50.05,50.06,0,0,15.45,18.04,47.61
593669,47.6,47.61,593156,593156,0.0,50.05,50.06,0,0,15.45,18.04,47.61
594176,47.6,47.61,594156,594156,0.0,50.01,50.02,0,0,15.45,18.04,47.61
594683,47.6,47.61,594156,594156,0.0,50.01,50.02,0,0,15.45,18.04,47.61
595190,47.73,47.69,595156,595156,0.08,49.59,49.46,0,0,15.79,18.09,47.61
595697,47.73,47.69,595156,595156,0.08,49.59,49.46,0,0,15.79,18.09,47.61
596204,47.79,47.76,596156,596156,0.06,49.65,49.54,0,0,16.03,18.1,47.61
596710,47.79,47.76,596156,596156,0.06,49.65,49.54,0,0,16.03,18.1,47.61
597217,47.86,47.78,597156,597156,0.02,49.88,49.85,0,0,16.14,18.1,47.61
597724,47.86,47.78,597156,597156,0.02,49.88,49.85,0,0,16.14,18.1,47.61
598231,47.86,47.84,598156,598156,0.05,49.72,49.64,0,0,16.14,18.14,47.61
598738,47.86,47.84,598156,598156,0.05,49.72,49.64,0,0,16.14,18.14,47.61
599244,47.96,47.92,599156,599156,0.08,49.59,49.47,0,0,16.53,18.17,47.61
599750,47.96,47.92,599156,599156,0.08,49.59,49.47,0,0,16.53,18.17,47.61
600257,48.05,47.94,600156,600156,0.02,49.86,49.82,0,0,16.66,18.17,47.61
600764,48.05,47.94,600156,600156,0.02,49.86,49.82,0,0,16.66,18.17,47.61
601271,48.05,48.02,601156,601156,0.07,49.64,49.53,0,0,16.66,18.2,47.61
601778,48.05,48.02,601156,601156,0.07,49.64,49.53,0,0,16.66,18.2,47.61
602285,48.11,48.04,602156,602156,0.02,49.88,49.84,0,0,17.17,18.2,47.61
602792,48.11,48.04,602156,602156,0.02,49.88,49.84,0,0,17.17,18.2,47.61
603299,48.11,48.09,603156,603156,0.05,49.74,49.67,0,0,17.17,18.2,47.61
603806,48.17,48.09,603156,603156,0.05,49.74,49.67,0,0,16.92,18.2,47.61
604313,48.17,48.14,604156,604156,0.05,49.72,49.63,0,0,16.92,18.24,47.61
604820,48.24,48.14,604156,604156,0.05,49.72,49.63,0,0,17.26,18.24,47.61
605328,48.24,48.21,605156,605156,0.06,49.67,49.58,0,0,17.26,18.27,47.61
605835,48.24,48.21,605156,605156,0.06,49.67,49.58,0,0,17.26,18.27,47.61
606342,48.28,48.26,606156,606156,0.04,49.75,49.67,0,0,17.24,18.3,47.61
606849,48.28,48.26,606156,606156,0.04,49.75,49.67,0,0,17.24,18.3,47.61
607356,48.28,48.28,607156,607156,0.01,49.91,49.89,0,0,17.24,18.3,47.61
607863,48.28,48.28,607156,607156,0.01,49.91,49.89,0,0,17.24,18.3,47.61
608370,48.31,48.28,608156,608156,0.0,49.97,49.96,0,0,17.5,18.3,47.61
608877,48.31,48.28,608156,608156,0.0,49.97,49.96,0,0,17.5,18.3,47.61
609384,48.31,48.3,609156,609156,0.01,49.9,49.87,0,0,17.5,18.31,47.61
609891,48.31,48.3,609156,609156,0.01,49.9,49.87,0,0,17.5,18.31,47.61
610398,48.31,48.31,610156,610156,0.0,49.96,49.95,0,0,17.5,18.31,47.61
610905,48.31,48.31,610156,610156,0.0,49.96,49.95,0,0,17.5,18.31,47.61
611412,48.43,48.39,611156,611156,0.08,49.59,49.46,0,0,17.82,18.34,47.61
611919,48.43,48.39,611156,611156,0.08,49.59,49.46,0,0,17.82,18.34,47.61
612426,48.43,48.42,612156,612156,0.02,49.86,49.82,0,0,17.82,18.34,47.61
612933,48.43,48.42,612156,612156,0.02,49.86,49.82,0,0,17.95,18.34,47.61
613439,48.43,48.43,613156,613156,0.0,49.95,49.93,0,0,17.95,18.35,47.61
613946,48.48,48.43,613156,613156,0.0,49.95,49.93,0,0,18.36,18.35,47.61
614453,48.48,48.46,614156,614156,0.03,49.81,49.75,0,0,18.36,18.35,47.61
614960,48.48,48.46,614156,614156,0.03,49.81,49.75,0,0,18.36,18.35,47.61
615467,48.51,48.5,615156,615156,0.03,49.83,49.78,0,0,18.42,18.39,47.61
615976,48.51,48.5,615156,615156,0.03,49.83,49.78,0,0,18.42,18.39,47.61
616483,48.58,48.51,616156,616156,0.01,49.94,49.92,0,0,18.55,18.39,47.61
616990,48.58,48.51,616156,616156,0.01,49.94,49.92,0,0,18.55,18.39,47.61
617497,48.55,48.55,617156,617156,0.04,49.76,49.69,0,0,18.49,18.4,47.61
618004,48.55,48.55,617156,617156,0.04,49.76,49.69,0,0,18.49,18.4,47.61
618511,48.62,48.55,618156,618156,0.0,49.99,49.99,0,0,18.49,18.4,47.61
619018,48.62,48.55,618156,618156,0.0,49.99,49.99,0,0,18.49,18.4,47.61
619524,48.62,48.6,619156,619156,0.04,49.78,49.72,0,0,18.49,18.4,47.61
620031,48.62,48.6,619156,619156,0.04,49.78,49.72,0,0,18.49,18.4,47.61
620538,48.65,48.61,620156,620156,0.01,49.92,49.9,0,0,18.92,18.4,47.61
621045,48.65,48.61,620156,620156,0.01,49.92,49.9,0,0,18.92,18.4,47.61
621552,48.65,48.63,621156,621156,0.02,49.88,49.84,0,0,18.92,18.42,47.61
622059,48.74,48.63,621156,621156,0.02,49.88,49.84,0,0,19.16,18.42,47.61
622565,48.74,48.71,622156,622156,0.07,49.62,49.51,0,0,19.16,18.48,47.61
623072,48.74,48.71,622156,622156,0.07,49.62,49.51,0,0,19.16,18.48,47.61
623579,48.84,48.73,623156,623156,0.02,49.87,49.84,0,0,19.35,18.48,47.61
624086,48.84,48.73,623156,623156,0.02,49.87,49.84,0,0,19.35,18.48,47.61
624593,48.84,48.8,624156,624156,0.06,49.65,49.54,0,0,19.35,18.48,47.61
625100,48.84,48.8,624156,624156,0.06,49.65,49.54,0,0,19.35,18.48,47.61
625607,48.93,48.82,625156,625156,0.02,49.88,49.85,0,0,19.44,18.48,47.61
626114,48.93,48.82,625156,625156,0.02,49.88,49.85,0,0,19.44,18.48,47.61
626621,48.93,48.9,626156,626156,0.07,49.63,49.52,0,0,19.44,18.54,47.61
627128,48.99,48.9,626156,626156,0.07,49.63,49.52,0,0,19.65,18.54,47.61
627635,48.99,48.96,627156,627156,0.05,49.7,49.61,0,0,19.65,18.56,47.61
628142,48.99,48.96,627156,627156,0.05,49.7,49.61,0,0,19.65,18.56,47.61
628649,49.07,48.98,628156,628156,0.01,49.9,49.87,0,0,19.72,18.56,47.61
629156,49.07,48.98,628156,628156,0.01,49.9,49.87,0,0,19.72,18.56,47.61
629663,49.07,49.04,629163,629163,0.05,49.7,49.61,0,0,19.72,18.59,47.61
630170,49.16,49.12,630163,630163,0.08,49.58,49.45,0,0,19.97,18.62,47.61
630677,49.16,49.12,630163,630163,0.08,49.58,49.45,0,0,19.97,18.62,47.61
631184,49.16,49.15,631163,631163,0.02,49.86,49.82,0,0,20.02,18.62,47.61
631691,49.16,49.15,631163,631163,0.02,49.86,49.82,0,0,20.02,18.62,47.61
632198,49.16,49.16,632164,632164,0.0,49.95,49.94,0,0,20.02,18.62,47.61
632705,49.16,49.16,632164,632164,0.0,49.95,49.94,0,0,20.02,18.62,47.61
633212,49.27,49.16,633164,633164,0.0,49.98,49.98,0,0,20.34,18.62,47.61
633719,49.27,49.16,633164,633164,0.0,49.98,49.98,0,0,20.34,18.62,47.61
634226,49.27,49.23,634164,634164,0.07,49.62,49.51,0,0,20.34,18.66,47.61
634733,49.36,49.23,634164,634164,0.07,49.62,49.51,0,0,20.4,18.66,47.61
635240,49.36,49.32,635164,635164,0.08,49.58,49.45,0,0,20.4,18.66,47.61
635747,49.36,49.32,635164,635164,0.08,49.58,49.45,0,0,20.4,18.66,47.61
636253,49.36,49.35,636164,636164,0.02,49.86,49.82,0,0,20.4,18.66,47.61
636760,49.47,49.35,636164,636164,0.02,49.86,49.82,0,0,20.36,18.66,47.61
637267,49.47,49.43,637164,637164,0.08,49.57,49.44,0,0,20.36,18.74,47.61
637774,49.47,49.43,637164,637164,0.08,49.57,49.44,0,0,20.36,18.74,47.61
638281,49.47,49.46,638164,638164,0.02,49.86,49.81,0,0,20.36,18.74,47.61
638788,49.58,49.46,638164,638164,0.02,49.86,49.81,0,0,20.56,18.74,47.61
639294,49.58,49.54,639164,639164,0.08,49.59,49.47,0,0,20.56,18.78,47.61
639801,49.58,49.54,639164,639164,0.08,49.59,49.47,0,0,20.56,18.78,47.61
640308,49.59,49.58,640164,640164,0.03,49.82,49.76,0,0,20.73,18.77,47.61
640815,49.59,49.58,640164,640164,0.03,49.82,49.76,0,0,20.73,18.77,47.61
641322,49.69,49.65,641164,641164,0.07,49.62,49.51,1,0,21.03,18.8,47.61
641831,49.69,49.65,641164,641164,0.07,49.62,49.51,1,0,21.03,18.8,47.61
642338,49.69,49.68,642164,642164,0.02,49.87,49.83,1,0,21.03,18.8,49.68
642845,49.76,49.68,642164,642164,0.02,49.87,49.83,1,0,20.99,18.8,49.68
643352,49.76,49.73,643164,643164,0.05,49.72,49.64,1,0,20.99,18.82,49.73
643859,49.76,49.73,643164,643164,0.05,49.72,49.64,1,0,20.99,18.82,49.73
644366,49.76,49.75,644164,644164,0.01,49.91,49.88,1,0,20.99,18.82,49.75
644873,49.96,49.75,644164,644164,0.01,49.91,49.88,1,0,21.25,18.82,49.75
645380,49.96,49.89,645164,645164,0.14,49.29,49.07,1,0,21.25,18.9,49.89
645887,49.99,49.89,645164,645164,0.14,49.29,49.07,1,0,21.1,18.9,49.89
646394,49.99,49.95,646164,646164,0.06,49.67,49.57,1,0,21.1,18.92,49.95
646901,49.99,49.95,646164,646164,0.06,49.67,49.57,1,0,21.1,18.92,49.95
647408,50.07,49.98,647164,647164,0.02,49.89,49.86,1,0,20.94,18.92,49.98
647914,50.07,49.98,647164,647164,0.02,49.89,49.86,1,0,20.94,18.92,49.98
648421,50.17,50.04,648164,648164,0.06,49.69,49.6,1,0,20.84,18.93,50.04
648928,50.17,50.04,648164,648164,0.06,49.69,49.6,1,0,20.84,18.93,50.04
649435,50.23,50.13,649164,649164,0.09,49.54,49.41,1,0,20.92,18.95,50.13
649942,50.23,50.13,649164,649164,0.09,49.54,49.41,1,0,20.92,18.95,50.13
650450,50.23,50.19,650164,650164,0.06,49.66,49.56,1,0,20.92,18.98,50.19
650957,50.33,50.19,650164,650164,0.06,49.66,49.56,1,0,20.43,18.98,50.19
651464,50.33,50.29,651164,651164,0.09,49.53,49.39,1,0,20.43,19.01,50.29
651971,50.37,50.29,651164,651164,0.09,49.53,49.39,1,0,20.77,19.01,50.29
652478,50.37,50.35,652164,652164,0.05,49.7,49.62,1,0,20.77,19.02,50.35
652985,50.37,50.35,652164,652164,0.05,49.7,49.62,1,0,20.77,19.02,50.35
653492,50.51,50.36,653164,653164,0.01,49.9,49.87,1,0,20.36,19.02,50.36
653998,50.51,50.36,653164,653164,0.01,49.9,49.87,1,0,20.36,19.02,50.36
654505,50.54,50.46,654164,654164,0.09,49.5,49.36,1,0,20.32,19.07,50.46
655012,50.54,50.46,654164,654164,0.09,49.5,49.36,1,0,20.32,19.07,50.46
655519,50.54,50.51,655164,655164,0.05,49.74,49.66,1,0,20.32,19.1,50.51
656026,50.54,50.51,655164,655164,0.05,49.74,49.66,1,0,20.32,19.1,50.51
656532,50.54,50.53,656164,656164,0.01,49.91,49.89,1,0,20.32,19.1,50.53
657039,50.76,50.53,656164,656164,0.01,49.91,49.89,1,0,19.97,19.1,50.53
657546,50.76,50.69,657164,657164,0.15,49.21,48.98,1,0,19.97,19.15,50.69
658053,50.76,50.69,657164,657164,0.15,49.21,48.98,1,0,19.97,19.15,50.69
658560,50.85,50.74,658164,658164,0.05,49.74,49.66,1,0,19.76,19.15,50.74
659067,50.85,50.74,658164,658164,0.05,49.74,49.66,1,0,19.76,19.15,50.74
659575,50.85,50.81,659164,659164,0.07,49.63,49.53,1,0,19.76,19.19,50.81
660082,50.95,50.81,659164,659164,0.07,49.63,49.53,1,0,19.69,19.19,50.81
660589,50.95,50.91,660164,660164,0.09,49.52,49.38,1,0,19.69,19.2,50.91
661096,51.07,50.91,660164,660164,0.09,49.52,49.38,1,0,19.37,19.2,50.91
661603,51.07,51.01,661164,661164,0.1,49.46,49.3,1,0,19.37,19.26,51.01
662111,51.15,51.01,661164,661164,0.1,49.46,49.3,1,0,19.22,19.26,51.01
662618,51.15,51.1,662164,662164,0.09,49.54,49.41,1,0,19.22,19.3,51.1
663125,51.15,51.1,662164,662164,0.09,49.54,49.41,1,0,19.22,19.3,51.1
663632,51.25,51.13,663164,663164,0.02,49.85,49.8,1,0,19.26,19.3,51.13
664139,51.25,51.13,663164,663164,0.02,49.85,49.8,1,0,19.26,19.3,51.13
664646,51.36,51.21,664164,664164,0.07,49.6,49.49,1,0,18.75,19.31,51.21
665153,51.36,51.21,664164,664164,0.07,49.6,49.49,1,0,18.75,19.31,51.21
665661,51.41,51.31,665164,665164,0.09,49.5,49.35,1,0,18.92,19.35,51.31
666168,51.41,51.38,666164,666164,0.06,49.66,49.56,1,0,18.92,19.36,51.38
666675,51.41,51.38,666164,666164,0.06,49.66,49.56,1,0,18.92,19.36,51.38
667182,51.53,51.48,667164,667164,0.1,49.47,49.31,1,0,18.68,19.41,51.48
667689,51.53,51.48,667164,667164,0.1,49.47,49.31,1,0,18.68,19.41,51.48
668196,51.66,51.6,668164,668164,0.11,49.41,49.23,1,0,18.92,19.46,51.6
668703,51.66,51.6,668164,668164,0.11,49.41,49.23,1,0,18.92,19.46,51.6
669210,51.66,51.64,669164,669164,0.03,49.8,49.74,1,0,18.92,19.46,51.64
669717,51.66,51.64,669164,669164,0.03,49.8,49.74,1,0,18.92,19.46,51.64
670224,51.78,51.73,670164,670164,0.09,49.52,49.37,1,0,18.12,19.52,51.73
670731,51.78,51.73,670164,670164,0.09,49.52,49.37,1,0,18.12,19.52,51.73
671237,51.86,51.82,671164,671164,0.08,49.58,49.45,1,0,18.16,19.52,51.82
671743,51.86,51.82,671164,671164,0.08,49.58,49.45,1,0,18.16,19.52,51.82
672250,51.94,51.85,672164,672164,0.02,49.86,49.82,1,0,18.1,19.52,51.85
672757,51.94,51.85,672164,672164,0.02,49.86,49.82,1,0,18.1,19.52,51.85
673264,51.94,51.91,673164,673164,0.06,49.69,49.6,1,0,18.1,19.52,51.91
673771,52.01,51.91,673164,673164,0.06,49.69,49.6,1,0,17.8,19.52,51.91
674279,52.01,51.97,674164,674164,0.06,49.65,49.55,1,0,17.8,19.58,51.97
674786,52.09,51.97,674164,674164,0.06,49.65,49.55,1,0,17.82,19.58,51.97
675293,52.09,52.05,675167,675167,0.07,49.62,49.51,1,0,17.82,19.58,52.05
675800,52.14,52.05,675167,675167,0.07,49.62,49.51,1,0,17.67,19.58,52.05
676307,52.14,52.11,676167,676167,0.06,49.68,49.59,1,0,17.67,19.61,52.11
676814,52.14,52.11,676167,676167,0.06,49.68,49.59,1,0,17.67,19.61,52.11
677321,52.15,52.14,677167,677167,0.02,49.85,49.81,1,0,17.56,19.6,52.14
677828,52.15,52.14,677167,677167,0.02,49.85,49.81,1,0,17.56,19.6,52.14
678335,52.15,52.15,678167,678167,0.0,49.95,49.93,1,0,17.56,19.6,52.15
678842,52.22,52.15,678167,678167,0.0,49.95,49.93,1,0,17.2,19.6,52.15
679349,52.22,52.2,679167,679167,0.04,49.75,49.68,1,0,17.2,19.64,52.2
679856,52.25,52.2,679167,679167,0.04,49.75,49.68,1,0,17.26,19.64,52.2
680363,52.25,52.23,680170,680170,0.03,49.83,49.78,1,0,17.26,19.63,52.23
680870,52.25,52.23,680170,680170,0.03,49.83,49.78,1,0,17.26,19.63,52.23
681377,52.25,52.24,681170,681170,0.01,49.94,49.93,1,0,16.98,19.63,52.24
681884,52.25,52.24,681170,681170,0.01,49.94,49.93,1,0,16.98,19.63,52.24
682391,52.25,52.25,682170,682170,0.0,49.97,49.96,1,0,16.98,19.65,52.25
682898,52.24,52.25,682170,682170,0.0,49.97,49.96,1,0,16.83,19.65,52.25
683405,52.24,52.24,683170,683170,0.0,50.03,50.04,1,0,16.83,19.64,52.25
683912,52.24,52.24,683170,683170,0.0,50.03,50.04,1,0,16.83,19.64,52.25
684419,52.32,52.29,684170,684170,0.05,49.73,49.65,1,0,16.76,19.68,52.29
684926,52.32,52.29,684170,684170,0.05,49.73,49.65,1,0,16.76,19.68,52.29
685433,52.32,52.31,685170,685170,0.01,49.91,49.88,1,0,16.76,19.68,52.31
685940,52.32,52.31,685170,685170,0.01,49.91,49.88,1,0,16.76,19.68,52.31
686447,52.28,52.32,686170,686170,0.0,49.97,49.96,1,0,16.51,19.68,52.32
686954,52.28,52.32,686170,686170,0.0,49.97,49.96,1,0,16.51,19.68,52.32
687461,52.28,52.29,687170,687170,0.0,50.12,50.16,1,0,16.51,19.67,52.32
687968,52.22,52.29,687170,687170,0.0,50.12,50.16,1,0,16.31,19.67,52.32
688475,52.22,52.25,688170,688170,0.0,50.22,50.29,1,0,16.31,19.65,52.32
688982,52.22,52.25,688170,688170,0.0,50.22,50.29,1,0,16.31,19.65,52.32
689489,52.2,52.23,689170,689170,0.0,50.07,50.09,1,0,16.2,19.65,52.32
689996,52.2,52.23,689170,689170,0.0,50.07,50.09,1,0,16.2,19.65,52.32
690503,52.2,52.21,690170,690170,0.0,50.11,50.14,1,0,16.2,19.64,52.32
691010,52.2,52.21,690170,690170,0.0,50.11,50.14,1,0,16.2,19.64,52.32
691517,52.17,52.2,691170,691170,0.0,50.03,50.04,1,0,15.94,19.64,52.32
692024,52.17,52.2,691170,691170,0.0,50.03,50.04,1,0,15.94,19.64,52.32
692531,52.17,52.18,692170,692170,0.0,50.1,50.13,1,0,15.94,19.63,52.32
693038,52.13,52.18,692170,692170,0.0,50.1,50.13,1,0,15.58,19.63,52.32
693545,52.13,52.15,693170,693170,0.0,50.16,50.21,1,0,15.58,19.62,52.32
694052,52.13,52.15,693170,693170,0.0,50.16,50.21,1,0,15.79,19.62,52.32
694558,52.13,52.14,694170,694170,0.0,50.06,50.08,1,0,15.79,19.61,52.32
695065,52.08,52.14,694170,694170,0.0,50.06,50.08,1,0,15.53,19.61,52.32
695572,52.08,52.1,695170,695170,0.0,50.19,50.25,1,0,15.53,19.6,52.32
696079,52.08,52.1,695170,695170,0.0,50.19,50.25,1,0,15.53,19.6,52.32
696586,51.98,52.08,696170,696170,0.0,50.06,50.08,1,0,15.45,19.6,52.32
697094,51.98,52.08,696170,696170,0.0,50.06,50.08,1,0,15.45,19.6,52.32
697601,51.98,52.01,697170,697170,0.0,50.34,50.44,1,0,15.45,19.56,52.32
698108,51.93,52.01,697170,697170,0.0,50.34,50.44,1,0,15.4,19.56,52.32
698615,51.93,51.96,698170,698170,0.0,50.29,50.37,1,0,15.4,19.55,52.32
699122,51.9,51.96,698170,698170,0.0,50.29,50.37,1,0,15.21,19.55,52.32
699629,51.9,51.92,699170,699170,0.0,50.18,50.24,1,0,15.21,19.55,52.32
700136,51.9,51.92,699170,699170,0.0,50.18,50.24,1,0,15.21,19.55,52.32
700643,51.84,51.91,700170,700170,0.0,50.06,50.08,1,0,14.97,19.55,52.32
701150,51.84,51.91,700170,700170,0.0,50.06,50.08,1,0,14.97,19.55,52.32
701657,51.78,51.86,701170,701170,0.0,50.2,50.27,1,0,14.75,19.51,52.32
702164,51.78,51.86,701170,701170,0.0,50.2,50.27,1,0,14.75,19.51,52.32
702673,51.78,51.81,702171,702171,0.0,50.28,50.36,1,0,14.75,19.51,52.32
703180,51.73,51.75,703174,703174,0.0,50.27,50.35,1,0,14.97,19.5,52.32
703687,51.73,51.75,703174,703174,0.0,50.27,50.35,1,0,14.97,19.5,52.32
704194,51.63,51.67,704175,704175,0.0,50.41,50.53,1,1,14.4,19.45,52.32
704701,51.63,51.67,704175,704175,0.0,50.41,50.53,1,1,14.4,19.45,52.32
705208,51.61,51.63,705175,705175,0.0,50.21,50.28,1,1,14.77,19.45,52.32
705715,51.61,51.63,705175,705175,0.0,50.21,50.28,1,1,14.77,19.45,52.32
706221,51.61,51.61,706175,706175,0.0,50.07,50.09,1,1,14.77,19.45,52.32
706728,51.61,51.61,706175,706175,0.0,50.07,50.09,1,1,14.77,19.45,52.32
707235,51.45,51.5,707189,707189,0.0,50.53,50.69,1,1,15.81,19.38,52.32
707742,51.45,51.5,707189,707189,0.0,50.53,50.69,1,1,15.81,19.38,52.32
708249,51.45,51.47,708190,708190,0.0,50.17,50.23,1,1,15.81,19.38,52.32
708756,50.51,51.47,708190,708190,0.0,50.17,50.23,1,1,16.76,19.38,52.32
709263,50.51,50.83,709190,709190,0.0,53.2,54.16,0,0,16.76,19.07,52.32
709770,50.51,50.83,709190,709190,0.0,53.2,54.16,0,0,16.76,19.07,52.32
710277,49.84,50.17,710190,710190,0.0,53.29,54.28,0,0,16.76,18.82,50.17
710784,49.84,50.17,710190,710190,0.0,53.29,54.28,0,0,16.76,18.82,50.17
711291,49.84,49.95,711190,711190,0.0,51.08,51.41,0,0,16.76,18.82,49.95
711798,48.88,49.95,711190,711190,0.0,51.08,51.41,0,0,16.16,18.82,49.95
712304,48.88,49.23,712190,712190,0.0,53.59,54.67,0,0,16.16,18.52,49.23
712811,48.88,49.23,712190,712190,0.0,53.59,54.67,0,0,16.16,18.52,49.23
713318,48.43,48.7,713190,713190,0.0,52.68,53.49,0,0,15.75,18.35,48.7
713825,48.43,48.7,713190,713190,0.0,52.68,53.49,0,0,15.75,18.35,48.7
714332,48.28,48.42,714190,714190,0.0,51.37,51.79,0,0,15.62,18.3,48.42
714840,48.28,48.42,714190,714190,0.0,51.37,51.79,0,0,15.62,18.3,48.42
715348,48.13,48.22,715190,715190,0.0,50.97,51.26,0,0,15.47,18.21,48.22
715855,48.13,48.22,715190,715190,0.0,50.97,51.26,0,0,15.47,18.21,48.22
716362,48.13,48.16,716190,716190,0.0,50.32,50.41,0,0,15.47,18.21,48.16
716869,48.03,48.16,716190,716190,0.0,50.32,50.41,0,0,15.58,18.21,48.16
717376,48.03,48.07,717190,717190,0.0,50.44,50.58,0,0,15.58,18.2,48.07
717883,48.0,48.07,717190,717190,0.0,50.44,50.58,0,0,15.64,18.2,48.07
718389,48.0,48.02,718190,718190,0.0,50.24,50.31,0,0,15.64,18.19,48.02
718896,48.0,48.02,718190,718190,0.0,50.24,50.31,0,0,15.64,18.19,48.02
719403,48.02,48.02,719190,719190,0.0,49.99,49.99,0,0,15.62,18.19,48.02
719910,48.02,48.02,719190,719190,0.0,49.99,49.99,0,0,15.62,18.19,48.02
720417,48.02,48.02,720190,720190,0.0,49.99,49.99,0,0,15.62,18.19,48.02
720924,48.04,48.02,720190,720190,0.0,49.99,49.99,0,0,15.62,18.19,48.02
721430,48.04,48.03,721190,721190,0.0,49.95,49.93,0,0,15.62,18.21,48.02
721937,48.04,48.03,721190,721190,0.0,49.95,49.93,0,0,15.62,18.21,48.02
722444,48.03,48.03,722190,722190,0.0,49.98,49.98,0,0,15.88,18.18,48.02
722951,48.03,48.03,722190,722190,0.0,49.98,49.98,0,0,15.88,18.18,48.02
723458,48.0,48.03,723190,723190,0.0,49.99,49.99,0,0,15.84,18.18,48.02
723965,48.0,48.03,723190,723190,0.0,49.99,49.99,0,0,15.84,18.18,48.02
724472,48.0,48.01,724190,724190,0.0,50.13,50.17,0,0,15.84,18.18,48.01
724979,48.01,48.01,724190,724190,0.0,50.13,50.17,0,0,16.01,18.18,48.01
725486,48.01,48.01,725190,725190,0.0,49.99,49.99,0,0,16.01,18.18,48.01
725993,48.06,48.01,725190,725190,0.0,49.99,49.99,0,0,16.12,18.18,48.01
726500,48.06,48.05,726190,726190,0.03,49.81,49.75,0,0,16.12,18.2,48.01
727010,48.05,48.05,726190,726190,0.03,49.81,49.75,0,0,16.31,18.2,48.01
727517,48.05,48.05,727190,727190,0.0,49.97,49.96,0,0,16.31,18.21,48.01
728024,48.05,48.05,727190,727190,0.0,49.97,49.96,0,0,16.31,18.21,48.01
728531,48.1,48.09,728190,728190,0.03,49.82,49.76,0,0,16.38,18.22,48.01
729038,48.1,48.09,728190,728190,0.03,49.82,49.76,0,0,16.38,18.22,48.01
729545,48.1,48.1,729190,729190,0.01,49.94,49.92,0,0,16.38,18.22,48.01
730051,48.14,48.1,729190,729190,0.01,49.94,49.92,0,0,16.7,18.22,48.01
730557,48.14,48.13,730190,730190,0.03,49.84,49.79,0,0,16.7,18.24,48.01
731064,48.2,48.13,730190,730190,0.03,49.84,49.79,0,0,16.83,18.24,48.01
731571,48.2,48.18,731190,731190,0.04,49.76,49.69,0,0,16.83,18.26,48.01
732078,48.28,48.18,731190,731190,0.04,49.76,49.69,0,0,17.02,18.26,48.01
732585,48.28,48.25,732190,732190,0.07,49.64,49.53,0,0,17.02,18.29,48.01
733094,48.28,48.25,732190,732190,0.07,49.64,49.53,0,0,17.02,18.29,48.01
733601,48.28,48.27,733190,733190,0.02,49.88,49.84,0,0,17.02,18.29,48.01
734108,48.28,48.27,733190,733190,0.02,49.88,49.84,0,0,17.02,18.29,48.01
734615,48.35,48.32,734191,734191,0.05,49.73,49.65,0,0,17.41,18.33,48.01
735122,48.35,48.32,734191,734191,0.05,49.73,49.65,0,0,17.41,18.33,48.01
735629,48.43,48.34,735191,735191,0.01,49.91,49.88,0,0,17.26,18.33,48.01
736136,48.43,48.34,735191,735191,0.01,49.91,49.88,0,0,17.26,18.33,48.01
736643,48.43,48.4,736191,736191,0.05,49.7,49.61,0,0,17.26,18.35,48.01
737150,48.5,48.4,736191,736191,0.05,49.7,49.61,0,0,17.22,18.35,48.01
737657,48.5,48.47,737191,737191,0.06,49.67,49.58,0,0,17.22,18.36,48.01
738164,48.51,48.47,737191,737191,0.06,49.67,49.58,0,0,16.87,18.36,48.01
738674,48.51,48.5,738191,738191,0.03,49.84,49.79,0,0,16.87,18.38,48.01
739181,48.57,48.5,738191,738191,0.03,49.84,49.79,0,0,17.76,18.38,48.01
739688,48.57,48.54,739191,739191,0.04,49.76,49.69,0,0,17.76,18.4,48.01
740195,48.58,48.57,740191,740191,0.02,49.88,49.85,0,0,17.82,18.38,48.01
740702,48.58,48.57,740191,740191,0.02,49.88,49.85,0,0,17.82,18.38,48.01
741209,48.58,48.57,741191,741191,0.0,49.96,49.95,0,0,17.82,18.38,48.01
741716,48.62,48.57,741191,741191,0.0,49.96,49.95,0,0,18.04,18.38,48.01
742222,48.62,48.61,742191,742191,0.03,49.83,49.79,0,0,18.04,18.42,48.01
742729,48.62,48.61,742191,742191,0.03,49.83,49.79,0,0,18.04,18.42,48.01
743236,48.62,48.62,743191,743191,0.01,49.94,49.93,0,0,18.04,18.42,48.01
743743,48.68,48.62,743191,743191,0.01,49.94,49.93,0,0,18.25,18.42,48.01
744250,48.68,48.66,744191,744191,0.04,49.79,49.73,0,0,18.25,18.46,48.01
744756,48.7,48.66,744191,744191,0.04,49.79,49.73,0,0,18.42,18.46,48.01
745262,48.7,48.68,745191,745191,0.02,49.85,49.81,0,0,18.42,18.44,48.01
745769,48.69,48.68,745191,745191,0.02,49.85,49.81,0,0,18.29,18.44,48.01
746276,48.69,48.69,746191,746191,0.0,49.98,49.97,0,0,18.29,18.46,48.01
746783,48.69,48.69,746191,746191,0.0,49.98,49.97,0,0,18.29,18.46,48.01
747290,48.69,48.69,747191,747191,0.0,49.99,49.99,0,0,18.29,18.46,48.01
747797,48.77,48.69,747191,747191,0.0,49.99,49.99,0,0,18.79,18.46,48.01
748303,48.77,48.74,748194,748194,0.05,49.72,49.63,0,0,18.79,18.49,48.01
748810,48.81,48.74,748194,748194,0.05,49.72,49.63,0,0,18.88,18.49,48.01
749317,48.81,48.79,749195,749195,0.04,49.78,49.72,0,0,18.88,18.48,48.01
749824,48.79,48.79,749195,749195,0.04,49.78,49.72,0,0,19.11,18.48,48.01
750331,48.79,48.79,750195,750195,0.0,50.0,50.0,0,0,19.11,18.51,48.01
750839,48.79,48.79,750195,750195,0.0,50.0,50.0,0,0,19.11,18.51,48.01
751346,48.89,48.86,751195,751195,0.07,49.64,49.53,0,0,19.11,18.54,48.01
751853,48.89,48.86,751195,751195,0.07,49.64,49.53,0,0,19.11,18.54,48.01
752360,48.89,48.88,752195,752195,0.02,49.88,49.84,0,0,19.11,18.54,48.01
752867,48.9,48.88,752195,752195,0.02,49.88,49.84,0,0,19.11,18.54,48.01
753374,48.9,48.9,753195,753195,0.01,49.92,49.89,0,0,19.11,18.53,48.01
753884,48.96,48.9,753195,753195,0.01,49.92,49.89,0,0,19.69,18.53,48.01
754391,48.96,48.94,754195,754195,0.04,49.79,49.73,0,0,19.69,18.53,48.01
754898,48.96,48.94,754195,754195,0.04,49.79,49.73,0,0,19.69,18.53,48.01
755405,48.96,48.95,755195,755195,0.01,49.93,49.91,0,0,19.69,18.53,48.01
755912,49.04,48.95,755195,755195,0.01,49.93,49.91,0,0,19.78,18.53,48.01
756419,49.04,49.01,756195,756195,0.06,49.69,49.59,0,0,19.78,18.59,48.01
756925,49.07,49.01,756195,756195,0.06,49.69,49.59,0,0,19.63,18.59,48.01
757431,49.07,49.05,757195,757195,0.03,49.81,49.76,0,0,19.63,18.59,48.01
757938,49.07,49.05,757195,757195,0.03,49.81,49.76,0,0,19.63,18.59,48.01
758445,49.12,49.1,758195,758195,0.04,49.75,49.68,0,0,19.87,18.62,48.01
758952,49.12,49.1,758195,758195,0.04,49.75,49.68,0,0,19.87,18.62,48.01
759459,49.12,49.11,759195,759195,0.01,49.91,49.89,0,0,19.87,18.62,48.01
759965,49.12,49.11,759195,759195,0.01,49.91,49.89,0,0,19.87,18.62,48.01
760472,49.22,49.12,760195,760195,0.0,49.97,49.96,0,0,20.1,18.62,48.01
760979,49.22,49.12,760195,760195,0.0,49.97,49.96,0,0,20.1,18.62,48.01
761486,49.22,49.18,761195,761195,0.06,49.67,49.57,0,0,20.1,18.63,48.01
761993,49.31,49.18,761195,761195,0.06,49.67,49.57,0,0,20.12,18.63,48.01
762501,49.31,49.27,762195,762195,0.08,49.57,49.44,0,0,20.12,18.68,48.01
763008,49.31,49.27,762195,762195,0.08,49.57,49.44,0,0,20.12,18.68,48.01
763515,49.35,49.3,763195,763195,0.02,49.85,49.81,0,0,20.34,18.68,48.01
764022,49.35,49.3,763195,763195,0.02,49.85,49.81,0,0,20.34,18.68,48.01
764529,49.38,49.33,764195,764195,0.03,49.83,49.77,0,0,20.43,18.68,48.01
765036,49.38,49.33,764195,764195,0.03,49.83,49.77,0,0,20.43,18.68,48.01
765543,49.52,49.36,765195,765195,0.03,49.84,49.8,0,0,20.53,18.7,48.01
766050,49.52,49.36,765195,765195,0.03,49.84,49.8,0,0,20.53,18.7,48.01
766557,49.52,49.46,766195,766195,0.1,49.48,49.33,0,0,20.53,18.76,48.01
767064,49.52,49.46,766195,766195,0.1,49.48,49.33,0,0,20.53,18.76,48.01
767571,49.52,49.5,767197,767197,0.03,49.83,49.78,0,0,20.53,18.76,48.01
768078,49.58,49.5,767197,767197,0.03,49.83,49.78,0,0,20.77,18.76,48.01
768584,49.58,49.55,768197,768197,0.05,49.72,49.64,0,0,20.77,18.78,48.01
769091,49.67,49.55,768197,768197,0.05,49.72,49.64,0,0,20.53,18.78,48.01
769598,49.67,49.63,769197,769197,0.08,49.59,49.47,1,0,20.53,18.79,48.01
770105,49.74,49.63,769197,769197,0.08,49.59,49.47,1,0,20.77,18.79,48.01
770612,49.74,49.71,770197,770197,0.07,49.63,49.52,1,0,20.77,18.82,49.71
771134,49.81,49.71,770197,770197,0.07,49.63,49.52,1,0,20.94,18.82,49.71
771641,49.81,49.77,771197,771197,0.06,49.66,49.55,1,0,20.94,18.85,49.77
772148,49.81,49.77,771197,771197,0.06,49.66,49.55,1,0,20.94,18.85,49.77
772655,49.85,49.8,772197,772197,0.02,49.88,49.85,1,0,21.12,18.85,49.8
773162,49.85,49.8,772197,772197,0.02,49.88,49.85,1,0,21.12,18.85,49.8
773669,49.85,49.83,773197,773197,0.03,49.81,49.75,1,0,21.12,18.86,49.83
774176,49.92,49.83,773197,773197,0.03,49.81,49.75,1,0,20.99,18.86,49.83
774682,49.92,49.89,774197,774197,0.05,49.72,49.64,1,0,20.99,18.87,49.89
775189,49.96,49.89,774197,774197,0.05,49.72,49.64,1,0,20.92,18.87,49.89
775696,49.96,49.94,775197,775197,0.04,49.76,49.69,1,0,20.92,18.91,49.94
776203,49.96,49.95,776197,776197,0.01,49.92,49.89,1,0,20.92,18.91,49.95
776710,49.96,49.95,776197,776197,0.01,49.92,49.89,1,0,20.92,18.91,49.95
777216,50.13,50.07,777197,777197,0.12,49.39,49.2,1,0,20.3,18.95,50.07
777723,50.13,50.07,777197,777197,0.12,49.39,49.2,1,0,20.3,18.95,50.07
778230,50.13,50.11,778197,778197,0.04,49.79,49.73,1,0,20.3,18.95,50.11
778737,50.23,50.11,778197,778197,0.04,49.79,49.73,1,0,20.77,18.95,50.11
779244,50.23,50.19,779197,779197,0.07,49.61,49.49,1,0,20.77,19.0,50.19
779751,50.23,50.19,779197,779197,0.07,49.61,49.49,1,0,20.77,19.0,50.19
780257,50.28,50.25,780197,780197,0.06,49.69,49.6,1,0,20.58,19.0,50.25
780763,50.28,50.25,780197,780197,0.06,49.69,49.6,1,0,20.58,19.0,50.25
781270,50.38,50.34,781197,781197,0.08,49.57,49.44,1,0,20.36,19.04,50.34
781777,50.38,50.34,781197,781197,0.08,49.57,49.44,1,0,20.36,19.04,50.34
782284,50.38,50.37,782197,782197,0.02,49.86,49.81,1,0,20.36,19.04,50.37
782791,50.44,50.37,782197,782197,0.02,49.86,49.81,1,0,20.73,19.04,50.37
783298,50.44,50.42,783197,783197,0.05,49.73,49.65,1,0,20.73,19.07,50.42
783805,50.54,50.42,783197,783197,0.05,49.73,49.65,1,0,20.06,19.07,50.42
784312,50.54,50.5,784197,784197,0.07,49.6,49.48,1,0,20.06,19.08,50.5
784819,50.63,50.5,784197,784197,0.07,49.6,49.48,1,0,20.47,19.08,50.5
785326,50.63,50.59,785197,785197,0.09,49.54,49.41,1,0,20.47,19.13,50.59
785833,50.63,50.59,785197,785197,0.09,49.54,49.41,1,0,20.47,19.13,50.59
786340,50.69,50.65,786197,786197,0.06,49.66,49.56,1,0,19.78,19.16,50.65
786846,50.69,50.65,786197,786197,0.06,49.66,49.56,1,0,19.78,19.16,50.65
787353,50.69,50.68,787197,787197,0.02,49.89,49.85,1,0,19.78,19.16,50.68
787860,50.81,50.68,787197,787197,0.02,49.89,49.85,1,0,19.67,19.16,50.68
788367,50.81,50.77,788197,788197,0.09,49.54,49.41,1,0,19.67,19.2,50.77
788874,50.92,50.77,788197,788197,0.09,49.54,49.41,1,0,19.5,19.2,50.77
789382,50.92,50.87,789197,789197,0.1,49.48,49.33,1,0,19.5,19.23,50.87
789889,50.97,50.87,789197,789197,0.1,49.48,49.33,1,0,19.39,19.23,50.87
790396,50.97,50.94,790197,790197,0.06,49.65,49.55,1,0,19.39,19.25,50.94
790903,50.97,50.94,790197,790197,0.06,49.65,49.55,1,0,19.39,19.25,50.94
791410,51.12,51.06,791197,791197,0.12,49.38,49.2,1,0,19.11,19.29,51.06
791917,51.12,51.06,791197,791197,0.12,49.38,49.2,1,0,19.11,19.29,51.06
792424,51.18,51.1,792197,792197,0.04,49.79,49.73,1,0,18.9,19.29,51.1
792930,51.18,51.1,792197,792197,0.04,49.79,49.73,1,0,18.9,19.29,51.1
793437,51.18,51.15,793197,793197,0.05,49.74,49.67,1,0,18.9,19.31,51.15
793944,51.18,51.15,793197,793197,0.05,49.74,49.67,1,0,18.9,19.31,51.15
794451,51.39,51.17,794197,794197,0.01,49.91,49.89,1,0,18.79,19.31,51.17
794958,51.39,51.17,794197,794197,0.01,49.91,49.89,1,0,18.79,19.31,51.17
795465,51.48,51.31,795197,795197,0.14,49.26,49.04,1,0,18.6,19.36,51.31
795972,51.48,51.31,795197,795197,0.14,49.26,49.04,1,0,18.6,19.36,51.31
796479,51.48,51.43,796197,796197,0.11,49.43,49.26,1,0,18.6,19.41,51.43
796986,51.49,51.43,796197,796197,0.11,49.43,49.26,1,0,18.55,19.41,51.43
797493,51.49,51.47,797197,797197,0.03,49.8,49.74,1,0,18.55,19.42,51.47
798000,51.49,51.47,797197,797197,0.03,49.8,49.74,1,0,18.55,19.42,51.47
798506,51.66,51.59,798197,798197,0.12,49.36,49.17,1,0,18.23,19.46,51.59
799013,51.66,51.59,798197,798197,0.12,49.36,49.17,1,0,18.23,19.46,51.59
799520,51.66,51.64,799197,799197,0.04,49.78,49.72,1,0,18.23,19.46,51.64
800027,51.73,51.64,799197,799197,0.04,49.78,49.72,1,0,18.1,19.46,51.64
800534,51.73,51.7,800197,800197,0.05,49.7,49.61,1,0,18.1,19.48,51.7
801041,51.78,51.7,800197,800197,0.05,49.7,49.61,1,0,17.69,19.48,51.7
801549,51.78,51.75,801197,801197,0.05,49.73,49.65,1,0,17.69,19.48,51.75
802056,51.85,51.75,801197,801197,0.05,49.73,49.65,1,0,17.82,19.48,51.75
802563,51.85,51.81,802197,802197,0.06,49.68,49.58,1,0,17.82,19.52,51.81
803070,51.85,51.81,802197,802197,0.06,49.68,49.58,1,0,17.82,19.52,51.81
803577,51.9,51.83,803197,803197,0.02,49.89,49.86,1,0,17.65,19.52,51.83
804084,51.9,51.83,803197,803197,0.02,49.89,49.86,1,0,17.65,19.52,51.83
804591,51.95,51.88,804197,804197,0.04,49.77,49.7,1,0,17.56,19.56,51.88
805098,51.95,51.88,804197,804197,0.04,49.77,49.7,1,0,17.56,19.56,51.88
805605,52.01,51.93,805197,805197,0.04,49.75,49.68,1,0,17.45,19.55,51.93
806112,52.01,51.93,805197,805197,0.04,49.75,49.68,1,0,17.45,19.55,51.93
806619,52.01,51.98,806197,806197,0.05,49.74,49.66,1,0,17.45,19.57,51.98
807126,52.05,51.98,806197,806197,0.05,49.74,49.66,1,0,17.3,19.57,51.98
807633,52.05,52.03,807197,807197,0.04,49.76,49.69,1,0,17.3,19.6,52.03
808140,52.1,52.03,807197,807197,0.04,49.76,49.69,1,0,17.17,19.6,52.03
808647,52.1,52.07,808197,808197,0.04,49.77,49.7,1,0,17.17,19.63,52.07
809154,52.1,52.07,808197,808197,0.04,49.77,49.7,1,0,17.17,19.63,52.07
809661,52.05,52.09,809197,809197,0.01,49.92,49.9,1,0,16.92,19.63,52.09
810168,52.05,52.09,809197,809197,0.01,49.92,49.9,1,0,16.92,19.63,52.09
810675,52.05,52.06,810197,810197,0.0,50.12,50.16,1,0,16.92,19.6,52.09
811182,52.05,52.06,810197,810197,0.0,50.12,50.16,1,0,16.85,19.6,52.09
811689,52.05,52.05,811197,811197,0.0,50.05,50.07,1,0,16.85,19.57,52.09
812196,52.09,52.05,811197,811197,0.0,50.05,50.07,1,0,16.53,19.57,52.09
812703,52.09,52.08,812203,812203,0.02,49.87,49.83,1,0,16.53,19.61,52.09
813211,52.09,52.09,813203,813203,0.0,49.95,49.94,1,0,16.53,19.61,52.09
813718,52.07,52.09,813203,813203,0.0,49.95,49.94,1,0,16.44,19.61,52.09
814225,52.07,52.08,814203,814203,0.0,50.04,50.05,1,0,16.44,19.59,52.09
814732,52.07,52.08,814203,814203,0.0,50.04,50.05,1,0,16.44,19.59,52.09
815239,52.05,52.06,815203,815203,0.0,50.09,50.11,1,0,16.4,19.6,52.09
815746,52.05,52.06,815203,815203,0.0,50.09,50.11,1,0,16.4,19.6,52.09
816253,52.01,52.03,816203,816203,0.0,50.16,50.21,1,0,16.2,19.6,52.09
816759,52.01,52.03,816203,816203,0.0,50.16,50.21,1,0,16.2,19.6,52.09
817266,52.01,52.02,817203,817203,0.0,50.05,50.07,1,0,16.2,19.6,52.09
817773,52.01,52.02,817203,817203,0.0,50.05,50.07,1,0,16.2,19.6,52.09
818280,52.0,52.0,818203,818203,0.0,50.06,50.08,1,0,16.05,19.58,52.09
818787,52.0,52.0,818203,818203,0.0,50.06,50.08,1,0,16.05,19.58,52.09
819294,52.0,52.0,819203,819203,0.0,50.02,50.02,1,0,16.05,19.58,52.09
819801,52.0,52.0,819203,819203,0.0,50.02,50.02,1,0,16.05,19.58,52.09
820308,51.92,51.94,820203,820203,0.0,50.27,50.35,1,0,15.84,19.55,52.09
820815,51.92,51.94,820203,820203,0.0,50.27,50.35,1,0,15.84,19.55,52.09
821322,51.92,51.93,821203,821203,0.0,50.09,50.11,1,0,15.84,19.55,52.09
821828,51.9,51.93,821203,821203,0.0,50.09,50.11,1,0,15.51,19.55,52.09
822334,51.9,51.91,822203,822203,0.0,50.09,50.11,1,0,15.51,19.54,52.09
822841,51.9,51.91,822203,822203,0.0,50.09,50.11,1,0,15.51,19.54,52.09
823348,51.9,51.9,823203,823203,0.0,50.03,50.03,1,0,15.51,19.54,52.09
823855,51.9,51.9,823203,823203,0.0,50.03,50.03,1,0,15.51,19.54,52.09
824362,51.82,51.85,824203,824203,0.0,50.26,50.34,1,0,15.38,19.53,52.09
824869,51.82,51.85,824203,824203,0.0,50.26,50.34,1,0,15.38,19.53,52.09
825376,51.78,51.81,825203,825203,0.0,50.21,50.28,1,0,15.36,19.54,52.09
825883,51.78,51.81,825203,825203,0.0,50.21,50.28,1,0,15.36,19.54,52.09
826390,51.78,51.79,826203,826203,0.0,50.07,50.09,1,0,15.36,19.54,52.09
826897,51.71,51.79,826203,826203,0.0,50.07,50.09,1,0,15.03,19.54,52.09
827404,51.71,51.74,827203,827203,0.0,50.26,50.34,1,0,15.03,19.48,52.09
827911,51.71,51.74,827203,827203,0.0,50.26,50.34,1,0,15.03,19.48,52.09
828418,51.63,51.67,828203,828203,0.0,50.34,50.45,1,0,15.08,19.48,52.09
828925,51.63,51.67,828203,828203,0.0,50.34,50.45,1,0,15.08,19.48,52.09
829432,51.56,51.65,829203,829203,0.0,50.11,50.14,1,0,14.88,19.48,52.09
829939,51.56,51.65,829203,829203,0.0,50.11,50.14,1,0,14.88,19.48,52.09
830446,51.56,51.59,830203,830203,0.0,50.27,50.35,1,0,14.88,19.45,52.09
830953,51.52,51.59,830203,830203,0.0,50.27,50.35,1,0,14.75,19.45,52.09
831460,51.52,51.55,831203,831203,0.0,50.22,50.28,1,0,14.75,19.43,52.09
831967,51.45,51.55,831203,831203,0.0,50.22,50.28,1,0,14.51,19.43,52.09
832474,51.45,51.48,832203,832203,0.0,50.3,50.4,1,0,14.51,19.4,52.09
832983,51.45,51.48,832203,832203,0.0,50.3,50.4,1,0,14.51,19.4,52.09
833490,51.38,51.42,833203,833203,0.0,50.34,50.45,1,0,14.93,19.4,52.09
833997,51.38,51.42,833203,833203,0.0,50.34,50.45,1,0,14.93,19.4,52.09
834504,51.31,51.34,834203,834203,0.0,50.35,50.46,1,0,14.75,19.37,52.09
835011,51.31,51.34,834203,834203,0.0,50.35,50.46,1,0,14.75,19.37,52.09
835518,51.31,51.32,835203,835203,0.0,50.11,50.15,1,0,14.75,19.37,52.09
836025,51.21,51.32,835203,835203,0.0,50.11,50.15,1,0,14.51,19.37,52.09
836532,51.21,51.25,836203,836203,0.0,50.36,50.46,1,0,14.51,19.32,52.09
837039,51.21,51.25,836203,836203,0.0,50.36,50.46,1,0,14.51,19.32,52.09
837546,51.18,51.2,837203,837203,0.0,50.23,50.3,1,0,14.36,19.35,52.09
838053,51.18,51.2,837203,837203,0.0,50.23,50.3,1,0,14.36,19.35,52.09
838560,51.18,51.19,838203,838203,0.0,50.07,50.09,1,0,14.36,19.35,52.09
839066,51.18,51.19,838203,838203,0.0,50.07,50.09,1,0,14.36,19.35,52.09
839573,51.18,51.18,839203,839203,0.0,50.02,50.03,1,0,14.36,19.35,52.09
840080,50.97,51.18,839203,839203,0.0,50.02,50.03,1,0,14.12,19.35,52.09
840587,50.97,51.04,840203,840203,0.0,50.7,50.92,1,1,14.12,19.25,52.09
841094,50.97,51.04,840203,840203,0.0,50.7,50.92,1,1,14.12,19.25,52.09
841600,50.93,50.99,841203,841203,0.0,50.23,50.3,1,1,14.14,19.25,52.09
842106,50.93,50.99,841203,841203,0.0,50.23,50.3,1,1,14.14,19.25,52.09
842613,50.96,50.95,842203,842203,0.0,50.21,50.27,1,1,14.88,19.22,52.09
843120,50.96,50.95,842203,842203,0.0,50.21,50.27,1,1,14.88,19.22,52.09
843627,50.73,50.96,843203,843203,0.0,49.96,49.95,1,1,15.49,19.26,52.09
844134,50.73,50.96,843203,843203,0.0,49.96,49.95,1,1,15.49,19.26,52.09
844642,50.73,50.8,844203,844203,0.0,50.76,50.99,0,0,15.49,19.16,52.09
845150,49.88,50.8,844203,844203,0.0,50.76,50.99,0,0,15.53,19.16,52.09
845657,49.88,50.18,845203,845203,0.0,53.1,54.03,0,0,15.53,18.87,50.18
846164,49.08,50.18,845203,845203,0.0,53.1,54.03,0,0,15.68,18.87,50.18
846671,49.08,49.44,846203,846203,0.0,53.69,54.8,0,0,15.68,18.59,49.44
847178,49.08,49.44,846203,846203,0.0,53.69,54.8,0,0,15.68,18.59,49.44
847685,48.62,48.89,847204,847204,0.0,52.75,53.58,0,0,15.36,18.42,48.89
848192,48.62,48.89,847204,847204,0.0,52.75,53.58,0,0,15.36,18.42,48.89
848699,48.23,48.71,848205,848205,0.0,50.9,51.18,0,0,15.01,18.42,48.71
849206,48.23,48.39,849205,849205,0.0,51.61,52.09,0,0,15.01,18.29,48.39
849713,48.23,48.39,849205,849205,0.0,51.61,52.09,0,0,15.01,18.29,48.39
850220,47.96,48.1,850205,850205,0.0,51.42,51.85,0,0,15.12,18.19,48.1
850727,47.96,48.1,850205,850205,0.0,51.42,51.85,0,0,15.12,18.19,48.1
851234,47.96,48.01,851205,851205,0.0,50.47,50.61,0,0,15.12,18.19,48.01
851741,47.78,48.01,851205,851205,0.0,50.47,50.61,0,0,14.64,18.19,48.01
852248,47.78,47.86,852205,852205,0.0,50.75,50.97,0,0,14.64,18.12,47.86
852755,47.78,47.86,852205,852205,0.0,50.75,50.97,0,0,14.64,18.12,47.86
853262,47.68,47.74,853205,853205,0.0,50.6,50.78,0,0,14.9,18.11,47.74
853769,47.68,47.74,853205,853205,0.0,50.6,50.78,0,0,14.9,18.11,47.74
854276,47.57,47.62,854205,854205,0.0,50.56,50.72,0,0,15.1,18.06,47.62
854783,47.57,47.62,854205,854205,0.0,50.56,50.72,0,0,15.1,18.06,47.62
855290,47.57,47.59,855205,855205,0.0,50.18,50.24,0,0,15.1,18.06,47.59
855797,47.56,47.59,855205,855205,0.0,50.18,50.24,0,0,15.21,18.06,47.59
856304,47.56,47.57,856205,856205,0.0,50.1,50.13,0,0,15.21,18.06,47.57
856811,47.6,47.57,856205,856205,0.0,50.1,50.13,0,0,15.45,18.06,47.57
857318,47.6,47.59,857205,857205,0.01,49.9,49.87,0,0,15.45,18.07,47.57
857825,47.6,47.59,857205,857205,0.01,49.9,49.87,0,0,15.45,18.07,47.57
858332,47.6,47.59,858205,858205,0.0,49.96,49.95,0,0,15.45,18.07,47.57
858839,47.66,47.59,858205,858205,0.0,49.96,49.95,0,0,15.53,18.07,47.57
859346,47.66,47.64,859205,859205,0.04,49.75,49.68,0,0,15.53,18.09,47.57
859852,47.75,47.64,859205,859205,0.04,49.75,49.68,0,0,15.6,18.09,47.57
860358,47.75,47.71,860205,860205,0.07,49.64,49.53,0,0,15.6,18.12,47.57
860865,47.75,47.71,860205,860205,0.07,49.64,49.53,0,0,15.6,18.12,47.57
861372,47.78,47.76,861205,861205,0.04,49.76,49.68,0,0,15.64,18.12,47.57
861879,47.78,47.76,861205,861205,0.04,49.76,49.68,0,0,15.64,18.12,47.57
862386,47.85,47.82,862213,862213,0.06,49.68,49.59,0,0,15.66,18.16,47.57
862894,47.85,47.82,862213,862213,0.06,49.68,49.59,0,0,15.66,18.16,47.57
863402,47.88,47.84,863214,863214,0.02,49.89,49.86,0,0,16.16,18.16,47.57
863909,47.88,47.84,863214,863214,0.02,49.89,49.86,0,0,16.16,18.16,47.57
864416,47.95,47.87,864214,864214,0.02,49.87,49.83,0,0,16.27,18.18,47.57
864923,47.95,47.87,864214,864214,0.02,49.87,49.83,0,0,16.27,18.18,47.57
865430,47.95,47.92,865214,865214,0.05,49.72,49.64,0,0,16.27,18.2,47.57
865937,47.95,47.92,865214,865214,0.05,49.72,49.64,0,0,16.27,18.2,47.57
866444,47.95,47.94,866216,866216,0.01,49.91,49.88,0,0,16.46,18.2,47.57
866951,47.95,47.94,866216,866216,0.01,49.91,49.88,0,0,16.46,18.2,47.57
867458,47.95,47.95,867216,867216,0.0,49.97,49.96,0,0,16.46,18.19,47.57
867965,47.97,47.95,867216,867216,0.0,49.97,49.96,0,0,16.4,18.19,47.57
868474,47.97,47.96,868216,868216,0.01,49.91,49.88,0,0,16.4,18.2,47.57
868981,47.96,47.96,868216,868216,0.01,49.91,49.88,0,0,16.89,18.2,47.57
869488,47.96,47.96,869216,869216,0.0,50.0,50.0,0,0,16.89,18.19,47.57
869995,48.05,47.96,869216,869216,0.0,50.0,50.0,0,0,16.89,18.19,47.57
870502,48.05,48.02,870216,870216,0.06,49.69,49.59,0,0,16.89,18.22,47.57
871009,48.05,48.02,870216,870216,0.06,49.69,49.59,0,0,16.89,18.22,47.57
871516,48.0,48.04,871216,871216,0.02,49.89,49.86,0,0,17.17,18.22,47.57
872023,48.0,48.04,871216,871216,0.02,49.89,49.86,0,0,17.17,18.22,47.57
872530,48.04,48.02,872217,872217,0.0,50.13,50.18,0,0,17.17,18.22,47.57
873037,48.04,48.02,872217,872217,0.0,50.13,50.18,0,0,17.17,18.22,47.57
873544,48.07,48.04,873217,873217,0.01,49.9,49.88,0,0,17.15,18.25,47.57
874051,48.07,48.04,873217,873217,0.01,49.9,49.88,0,0,17.15,18.25,47.57
874559,48.07,48.06,874217,874217,0.02,49.87,49.84,0,0,17.15,18.26,47.57
875066,48.07,48.06,874217,874217,0.02,49.87,49.84,0,0,17.63,18.26,47.57
875573,48.07,48.07,875217,875217,0.0,49.96,49.96,0,0,17.63,18.24,47.57
876080,48.07,48.07,875217,875217,0.0,49.96,49.96,0,0,17.63,18.24,47.57
876587,48.07,48.07,876219,876219,0.0,49.99,49.98,0,0,17.63,18.24,47.57
877094,48.11,48.07,876219,876219,0.0,49.99,49.98,0,0,17.73,18.24,47.57
877601,48.11,48.1,877220,877220,0.03,49.84,49.8,0,0,17.73,18.27,47.57
878108,48.11,48.1,877220,877220,0.03,49.84,49.8,0,0,17.73,18.27,47.57
878615,48.18,48.11,878220,878220,0.01,49.94,49.93,0,0,17.84,18.27,47.57
879122,48.18,48.11,878220,878220,0.01,49.94,49.93,0,0,17.84,18.27,47.57
879629,48.18,48.16,879220,879220,0.04,49.75,49.67,0,0,17.84,18.31,47.57
880136,48.18,48.16,879220,879220,0.04,49.75,49.67,0,0,17.84,18.31,47.57
880643,48.22,48.17,880220,880220,0.01,49.91,49.89,0,0,17.99,18.31,47.57
881150,48.22,48.17,880220,880220,0.01,49.91,49.89,0,0,17.99,18.31,47.57
881657,48.22,48.2,881220,881220,0.03,49.84,49.79,0,0,17.99,18.32,47.57
882164,48.22,48.2,881220,881220,0.03,49.84,49.79,0,0,17.99,18.32,47.57
882671,48.26,48.21,882220,882220,0.01,49.94,49.93,0,0,18.32,18.32,47.57
883177,48.26,48.21,882220,882220,0.01,49.94,49.93,0,0,18.32,18.32,47.57
883684,48.25,48.24,883220,883220,0.02,49.85,49.8,0,0,18.38,18.32,47.57
884191,48.25,48.24,883220,883220,0.02,49.85,49.8,0,0,18.38,18.32,47.57
884698,48.3,48.25,884220,884220,0.0,49.99,49.98,0,0,18.51,18.33,47.57
885205,48.3,48.25,884220,884220,0.0,49.99,49.98,0,0,18.51,18.33,47.57
885713,48.3,48.28,885220,885220,0.03,49.81,49.76,0,0,18.51,18.33,47.57
886221,48.3,48.29,886220,886220,0.01,49.94,49.92,0,0,18.51,18.33,47.57
886728,48.4,48.29,886220,886220,0.01,49.94,49.92,0,0,18.81,18.33,47.57
887235,48.4,48.36,887220,887220,0.06,49.65,49.55,0,0,18.81,18.38,47.57
887742,48.4,48.36,887220,887220,0.06,49.65,49.55,0,0,18.81,18.38,47.57
888249,48.4,48.39,888220,888220,0.02,49.88,49.85,0,0,18.88,18.38,47.57
888756,48.4,48.39,888220,888220,0.02,49.88,49.85,0,0,18.88,18.38,47.57
889263,48.47,48.39,889220,889220,0.0,49.96,49.95,0,0,19.16,18.38,47.57
889770,48.47,48.39,889220,889220,0.0,49.96,49.95,0,0,19.16,18.38,47.57
890277,48.47,48.44,890220,890220,0.04,49.75,49.68,0,0,19.16,18.41,47.57
890784,48.47,48.44,890220,890220,0.04,49.75,49.68,0,0,19.16,18.41,47.57
891291,48.53,48.5,891220,891220,0.06,49.69,49.59,0,0,19.37,18.44,47.57
891797,48.53,48.5,891220,891220,0.06,49.69,49.59,0,0,19.37,18.44,47.57
892304,48.53,48.52,892220,892220,0.02,49.89,49.86,0,0,19.37,18.44,47.57
892811,48.56,48.52,892220,892220,0.02,49.89,49.86,0,0,19.07,18.44,47.57
893318,48.56,48.55,893220,893220,0.02,49.88,49.85,0,0,19.07,18.43,47.57
893825,48.57,48.55,893220,893220,0.02,49.88,49.85,0,0,19.52,18.43,47.57
894334,48.57,48.56,894220,894220,0.01,49.91,49.88,0,0,19.52,18.45,47.57
894841,48.64,48.56,894220,894220,0.01,49.91,49.88,0,0,19.46,18.45,47.57
895348,48.64,48.62,895221,895221,0.05,49.74,49.66,0,0,19.46,18.48,47.57
895855,48.64,48.62,895221,895221,0.05,49.74,49.66,0,0,19.46,18.48,47.57
896362,48.69,48.67,896222,896222,0.05,49.73,49.65,0,0,19.74,18.49,47.57
896869,48.69,48.67,896222,896222,0.05,49.73,49.65,0,0,19.74,18.49,47.57
897376,48.76,48.69,897222,897222,0.01,49.91,49.88,0,0,19.93,18.49,47.57
897882,48.76,48.69,897222,897222,0.01,49.91,49.88,0,0,19.93,18.49,47.57
898389,48.76,48.74,898222,898222,0.05,49.74,49.66,0,0,19.93,18.52,47.57
898896,48.76,48.74,898222,898222,0.05,49.74,49.66,0,0,19.93,18.52,47.57
899403,48.79,48.77,899222,899222,0.03,49.83,49.78,0,0,20.04,18.52,47.57
899910,48.79,48.77,899222,899222,0.03,49.83,49.78,0,0,20.04,18.52,47.57
900416,48.79,48.78,900222,900222,0.01,49.94,49.92,0,0,20.04,18.52,47.57
900923,48.79,48.78,900222,900222,0.01,49.94,49.92,0,0,20.04,18.52,47.57
901430,48.79,48.79,901222,901222,0.0,49.98,49.97,0,0,20.04,18.52,47.57
901937,48.95,48.79,901222,901222,0.0,49.98,49.97,0,0,20.23,18.52,47.57
902444,48.95,48.9,902222,902222,0.11,49.44,49.28,0,0,20.23,18.57,47.57
902951,48.99,48.9,902222,902222,0.11,49.44,49.28,0,0,20.88,18.57,47.57
903457,48.99,48.96,903222,903222,0.06,49.67,49.58,0,0,20.88,18.6,47.57
903964,48.99,48.96,903222,903222,0.06,49.67,49.58,0,0,20.88,18.6,47.57
904471,48.99,48.98,904222,904222,0.02,49.89,49.86,0,0,20.88,18.6,47.57
904978,49.06,48.98,904222,904222,0.02,49.89,49.86,0,0,20.34,18.6,47.57
905485,49.06,49.03,905222,905222,0.05,49.73,49.65,0,0,20.34,18.62,47.57
905992,49.14,49.03,905222,905222,0.05,49.73,49.65,0,0,20.81,18.62,47.57
906498,49.14,49.1,906222,906222,0.06,49.65,49.54,0,0,20.81,18.65,47.57
907005,49.22,49.1,906222,906222,0.06,49.65,49.54,0,0,20.64,18.65,47.57
907512,49.22,49.18,907222,907222,0.07,49.6,49.49,0,0,20.64,18.67,47.57
908019,49.22,49.18,907222,907222,0.07,49.6,49.49,0,0,20.64,18.67,47.57
908526,49.23,49.21,908222,908222,0.02,49.87,49.83,0,0,20.81,18.67,47.57
909034,49.23,49.21,908222,908222,0.02,49.87,49.83,0,0,20.81,18.67,47.57
909541,49.33,49.23,909222,909222,0.01,49.91,49.88,0,0,21.05,18.68,47.57
910048,49.33,49.23,909222,909222,0.01,49.91,49.88,0,0,21.05,18.68,47.57
910555,49.41,49.29,910222,910222,0.06,49.65,49.55,0,0,21.31,18.71,47.57
911062,49.41,49.29,910222,910222,0.06,49.65,49.55,0,0,21.31,18.71,47.57
911569,49.5,49.37,911222,911222,0.07,49.61,49.49,0,0,21.18,18.75,47.57
912076,49.5,49.37,911222,911222,0.07,49.61,49.49,0,0,21.18,18.75,47.57
912582,49.5,49.45,912222,912222,0.08,49.58,49.46,0,0,21.18,18.79,47.57
913089,49.53,49.45,912222,912222,0.08,49.58,49.46,0,0,20.86,18.79,47.57
913596,49.53,49.51,913222,913222,0.05,49.73,49.65,0,0,20.86,18.8,47.57
914103,49.53,49.51,913222,913222,0.05,49.73,49.65,0,0,20.86,18.8,47.57
914610,49.65,49.52,914222,914222,0.01,49.91,49.88,0,0,21.31,18.8,47.57
915118,49.65,49.52,914222,914222,0.01,49.91,49.88,0,0,21.31,18.8,47.57
915626,49.73,49.61,915222,915222,0.08,49.58,49.46,1,0,21.48,18.8,47.57
916133,49.73,49.61,915222,915222,0.08,49.58,49.46,1,0,21.48,18.8,47.57
916640,49.73,49.69,916222,916222,0.08,49.57,49.44,1,0,21.48,18.85,49.69
917147,49.73,49.69,916222,916222,0.08,49.57,49.44,1,0,21.48,18.85,49.69
917662,49.81,49.72,917222,917222,0.02,49.85,49.81,1,0,21.77,18.85,49.72
918169,49.81,49.72,917222,917222,0.02,49.85,49.81,1,0,21.77,18.85,49.72
918676,49.81,49.78,918222,918222,0.06,49.69,49.6,1,0,21.77,18.88,49.78
919183,49.91,49.78,918222,918222,0.06,49.69,49.6,1,0,21.53,18.88,49.78
919690,49.91,49.87,919222,919222,0.08,49.57,49.44,1,0,21.53,18.92,49.87
920197,50.02,49.87,919222,919222,0.08,49.57,49.44,1,0,21.48,18.92,49.87
920704,50.02,49.97,920222,920222,0.1,49.49,49.34,1,0,21.48,18.96,49.97
921212,50.02,49.97,920222,920222,0.1,49.49,49.34,1,0,21.48,18.96,49.97
921719,50.02,50.0,921222,921222,0.03,49.83,49.78,1,0,21.48,18.96,50.0
922226,50.02,50.01,922222,922222,0.01,49.94,49.92,1,0,21.48,18.96,50.01
922733,50.15,50.01,922222,922222,0.01,49.94,49.92,1,0,21.55,18.96,50.01
923240,50.15,50.1,923222,923222,0.09,49.53,49.39,1,0,21.55,18.97,50.1
923747,50.15,50.1,923222,923222,0.09,49.53,49.39,1,0,21.55,18.97,50.1
924254,50.18,50.15,924222,924222,0.04,49.75,49.67,1,0,21.18,19.0,50.15
924761,50.18,50.15,924222,924222,0.04,49.75,49.67,1,0,21.18,19.0,50.15
925268,50.18,50.17,925222,925222,0.01,49.91,49.89,1,0,21.18,19.0,50.17
925775,50.3,50.17,925222,925222,0.01,49.91,49.89,1,0,21.14,19.0,50.17
926282,50.3,50.26,926222,926222,0.08,49.57,49.44,1,0,21.14,19.03,50.26
926789,50.37,50.26,926222,926222,0.08,49.57,49.44,1,0,20.92,19.03,50.26
927296,50.37,50.33,927222,927222,0.07,49.61,49.5,1,0,20.92,19.07,50.33
927803,50.48,50.33,927222,927222,0.07,49.61,49.5,1,0,20.79,19.07,50.33
928310,50.48,50.43,928222,928222,0.09,49.51,49.37,1,0,20.79,19.1,50.43
928817,50.48,50.43,928222,928222,0.09,49.51,49.37,1,0,20.79,19.1,50.43
929324,50.48,50.46,929222,929222,0.03,49.84,49.79,1,0,20.79,19.1,50.46
929831,50.48,50.46,929222,929222,0.03,49.84,49.79,1,0,20.79,19.1,50.46
930338,50.62,50.57,930222,930222,0.1,49.46,49.3,1,0,20.69,19.14,50.57
930845,50.62,50.57,930222,930222,0.1,49.46,49.3,1,0,20.69,19.14,50.57
931352,50.68,50.64,931222,931222,0.07,49.63,49.52,1,0,20.4,19.17,50.64
931859,50.68,50.64,931222,931222,0.07,49.63,49.52,1,0,20.4,19.17,50.64
932366,50.72,50.66,932222,932222,0.02,49.88,49.84,1,0,20.23,19.17,50.66
932873,50.72,50.66,932222,932222,0.02,49.88,49.84,1,0,20.23,19.17,50.66
933380,50.91,50.7,933222,933222,0.03,49.8,49.74,1,0,20.02,19.21,50.7
933887,50.91,50.7,933222,933222,0.03,49.8,49.74,1,0,20.02,19.21,50.7
934397,50.91,50.84,934222,934222,0.13,49.31,49.11,1,0,20.02,19.25,50.84
934904,50.97,50.84,934222,934222,0.13,49.31,49.11,1,0,19.91,19.25,50.84
935411,50.97,50.93,935222,935222,0.09,49.54,49.41,1,0,19.91,19.26,50.93
935918,50.97,50.93,935222,935222,0.09,49.54,49.41,1,0,19.91,19.26,50.93
936425,51.1,51.05,936222,936222,0.11,49.41,49.24,1,0,19.74,19.27,51.05
936932,51.1,51.05,936222,936222,0.11,49.41,49.24,1,0,19.74,19.27,51.05
937439,51.16,51.12,937222,937222,0.07,49.6,49.49,1,0,19.5,19.33,51.12
937945,51.16,51.12,937222,937222,0.07,49.6,49.49,1,0,19.5,19.33,51.12
938452,51.31,51.15,938223,938223,0.02,49.87,49.83,1,0,19.33,19.33,51.15
938959,51.31,51.15,938223,938223,0.02,49.87,49.83,1,0,19.33,19.33,51.15
939466,51.31,51.26,939223,939223,0.1,49.47,49.31,1,0,19.33,19.35,51.26
939973,51.31,51.26,939223,939223,0.1,49.47,49.31,1,0,19.33,19.35,51.26
940480,51.47,51.29,940223,940223,0.03,49.82,49.77,1,0,19.35,19.35,51.29
940986,51.47,51.29,940223,940223,0.03,49.82,49.77,1,0,19.35,19.35,51.29
941493,51.47,51.41,941223,941223,0.12,49.39,49.2,1,0,19.35,19.42,51.41
942000,51.6,51.41,941223,941223,0.12,49.39,49.2,1,0,19.0,19.42,51.41
942507,51.6,51.54,942223,942223,0.12,49.38,49.2,1,0,19.0,19.47,51.54
943014,51.66,51.54,942223,942223,0.12,49.38,49.2,1,0,18.75,19.47,51.54
943521,51.66,51.62,943223,943223,0.08,49.58,49.45,1,0,18.75,19.49,51.62
944028,51.74,51.62,943223,943223,0.08,49.58,49.45,1,0,18.6,19.49,51.62
944535,51.74,51.7,944223,944223,0.08,49.58,49.46,1,0,18.6,19.51,51.7
945042,51.74,51.7,944223,944223,0.08,49.58,49.46,1,0,18.6,19.51,51.7
945549,51.86,51.73,945223,945223,0.02,49.86,49.82,1,0,18.04,19.51,51.73
946056,51.86,51.73,945223,945223,0.02,49.86,49.82,1,0,18.04,19.51,51.73
946563,51.94,51.82,946223,946223,0.08,49.55,49.42,1,0,18.38,19.54,51.82
947070,51.94,51.82,946223,946223,0.08,49.55,49.42,1,0,18.38,19.54,51.82
947577,51.94,51.9,947223,947223,0.08,49.57,49.45,1,0,17.71,19.56,51.9
948084,51.94,51.9,947223,947223,0.08,49.57,49.45,1,0,17.71,19.56,51.9
948591,51.94,51.93,948223,948223,0.02,49.86,49.81,1,0,17.71,19.58,51.93
949098,52.05,51.93,948223,948223,0.02,49.86,49.81,1,0,18.08,19.58,51.93
949605,52.05,52.01,949223,949223,0.07,49.61,49.5,1,0,18.08,19.63,52.01
950112,52.1,52.01,949223,949223,0.07,49.61,49.5,1,0,17.84,19.63,52.01
950619,52.1,52.07,950223,950223,0.06,49.67,49.57,1,0,17.84,19.61,52.07
951126,52.1,52.07,950223,950223,0.06,49.67,49.57,1,0,17.84,19.61,52.07
951633,52.1,52.09,951223,951223,0.02,49.89,49.86,1,0,17.84,19.61,52.09
952140,52.1,52.09,951223,951223,0.02,49.89,49.86,1,0,17.84,19.61,52.09
952647,52.2,52.1,952223,952223,0.0,49.96,49.95,1,0,17.71,19.61,52.1
953154,52.2,52.1,952223,952223,0.0,49.96,49.95,1,0,17.71,19.61,52.1
953661,52.2,52.17,953223,953223,0.06,49.67,49.57,1,0,17.71,19.64,52.17
954168,52.24,52.17,953223,953223,0.06,49.67,49.57,1,0,17.39,19.64,52.17
954675,52.24,52.22,954223,954223,0.05,49.74,49.66,1,0,17.39,19.67,52.22
955182,52.22,52.22,954223,954223,0.05,49.74,49.66,1,0,17.39,19.67,52.22
955688,52.22,52.22,955223,955223,0.0,49.97,49.97,1,0,17.39,19.65,52.22
956195,52.22,52.22,955223,955223,0.0,49.97,49.97,1,0,17.39,19.65,52.22
956702,52.28,52.22,956223,956223,0.0,49.99,49.99,1,0,17.11,19.65,52.22
957209,52.28,52.22,956223,956223,0.0,49.99,49.99,1,0,17.11,19.65,52.22
957716,52.33,52.26,957223,957223,0.04,49.79,49.73,1,0,16.83,19.71,52.26
958224,52.33,52.31,958224,958224,0.04,49.76,49.69,1,0,16.83,19.7,52.31
958731,52.33,52.31,958224,958224,0.04,49.76,49.69,1,0,16.83,19.7,52.31
959238,52.31,52.31,959224,959224,0.0,50.01,50.01,1,0,16.85,19.69,52.31
959745,52.31,52.31,959224,959224,0.0,50.01,50.01,1,0,16.85,19.69,52.31
960252,52.31,52.31,960224,960224,0.0,50.0,50.0,1,0,16.85,19.69,52.31
960759,52.27,52.31,960224,960224,0.0,50.0,50.0,1,0,16.66,19.69,52.31
961266,52.27,52.28,961224,961224,0.0,50.13,50.18,1,0,16.66,19.66,52.31
961773,52.28,52.28,961224,961224,0.0,50.13,50.18,1,0,16.48,19.66,52.31
962280,52.28,52.28,962224,962224,0.0,49.99,49.99,1,0,16.48,19.68,52.31
962787,52.28,52.28,962224,962224,0.0,49.99,49.99,1,0,16.48,19.68,52.31
963294,52.23,52.25,963224,963224,0.0,50.17,50.22,1,0,16.44,19.68,52.31
963803,52.23,52.25,963224,963224,0.0,50.17,50.22,1,0,16.44,19.68,52.31
964311,52.23,52.23,964224,964224,0.0,50.05,50.07,1,0,16.44,19.68,52.31
964818,52.23,52.23,964224,964224,0.0,50.05,50.07,1,0,16.35,19.68,52.31
965325,52.23,52.23,965224,965224,0.0,50.02,50.03,1,0,16.35,19.66,52.31
965832,52.23,52.23,965224,965224,0.0,50.02,50.03,1,0,16.35,19.66,52.31
966339,52.15,52.17,966224,966224,0.0,50.27,50.35,1,0,16.14,19.64,52.31
966846,52.15,52.17,966224,966224,0.0,50.27,50.35,1,0,16.14,19.64,52.31
967353,52.15,52.16,967224,967224,0.0,50.08,50.11,1,0,16.14,19.64,52.31
967860,52.12,52.16,967224,967224,0.0,50.08,50.11,1,0,16.07,19.64,52.31
968367,52.12,52.13,968224,968224,0.0,50.12,50.16,1,0,16.07,19.63,52.31
968874,52.12,52.13,968224,968224,0.0,50.12,50.16,1,0,16.07,19.63,52.31
969381,52.12,52.12,969224,969224,0.0,50.04,50.05,1,0,16.07,19.63,52.31
969888,52.05,52.12,969224,969224,0.0,50.04,50.05,1,0,15.77,19.63,52.31
970395,52.05,52.08,970224,970224,0.0,50.22,50.29,1,0,15.77,19.62,52.31
970902,52.05,52.08,970224,970224,0.0,50.22,50.29,1,0,15.77,19.62,52.31
971409,52.01,52.03,971224,971224,0.0,50.21,50.27,1,0,15.36,19.61,52.31
971916,52.01,52.03,971224,971224,0.0,50.21,50.27,1,0,15.36,19.61,52.31
972423,51.96,52.02,972224,972224,0.0,50.07,50.09,1,0,15.75,19.61,52.31
972930,51.96,52.02,972224,972224,0.0,50.07,50.09,1,0,15.75,19.61,52.31
973437,51.96,51.98,973224,973224,0.0,50.2,50.26,1,0,15.75,19.58,52.31
973944,51.96,51.98,973224,973224,0.0,50.2,50.26,1,0,15.75,19.58,52.31
974451,51.96,51.96,974224,974224,0.0,50.06,50.08,1,0,15.75,19.58,52.31
974958,51.84,51.96,974224,974224,0.0,50.06,50.08,1,0,14.67,19.58,52.31
975465,51.84,51.88,975224,975224,0.0,50.41,50.54,1,0,14.67,19.57,52.31
975972,51.84,51.88,975224,975224,0.0,50.41,50.54,1,0,14.67,19.57,52.31
976479,51.73,51.85,976224,976224,0.0,50.13,50.17,1,0,15.12,19.57,52.31
976986,51.73,51.85,976224,976224,0.0,50.13,50.17,1,0,15.12,19.57,52.31
977493,51.73,51.77,977224,977224,0.0,50.4,50.52,1,0,15.12,19.54,52.31
978000,51.65,51.77,977224,977224,0.0,50.4,50.52,1,0,14.99,19.54,52.31
978507,51.65,51.69,978224,978224,0.0,50.4,50.53,1,0,14.99,19.5,52.31
979014,51.65,51.69,978224,978224,0.0,50.4,50.53,1,0,14.99,19.5,52.31
979521,51.58,51.66,979224,979224,0.0,50.13,50.17,1,0,15.1,19.5,52.31
980028,51.58,51.66,979224,979224,0.0,50.13,50.17,1,0,15.1,19.5,52.31
980535,51.52,51.61,980224,980224,0.0,50.27,50.35,1,0,14.75,19.46,52.31
981042,51.52,51.61,980224,980224,0.0,50.27,50.35,1,0,14.75,19.46,52.31
981549,51.52,51.55,981224,981224,0.0,50.31,50.41,1,0,14.75,19.45,52.31
982056,51.43,51.55,981224,981224,0.0,50.31,50.41,1,0,14.82,19.45,52.31
982563,51.43,51.47,982224,982224,0.0,50.38,50.49,1,0,14.82,19.43,52.31
983070,51.43,51.47,982224,982224,0.0,50.38,50.49,1,0,14.82,19.43,52.31
983577,51.33,51.45,983224,983224,0.0,50.12,50.16,1,0,14.56,19.43,52.31
984084,51.33,51.45,983224,983224,0.0,50.12,50.16,1,0,14.56,19.43,52.31
984591,51.33,51.37,984224,984224,0.0,50.39,50.51,1,0,14.56,19.4,52.31
985098,51.19,51.37,984224,984224,0.0,50.39,50.51,1,0,14.43,19.4,52.31
985607,51.19,51.25,985224,985224,0.0,50.58,50.76,1,0,14.43,19.34,52.31
986114,51.21,51.25,985224,985224,0.0,50.58,50.76,1,0,14.34,19.34,52.31
986621,51.21,51.22,986224,986224,0.0,50.13,50.17,1,1,14.34,19.37,52.31
987128,51.21,51.22,986224,986224,0.0,50.13,50.17,1,1,14.34,19.37,52.31
987635,51.21,51.21,987224,987224,0.0,50.04,50.05,1,1,14.34,19.37,52.31
988142,51.1,51.21,987224,987224,0.0,50.04,50.05,1,1,14.58,19.37,52.31
988649,51.1,51.14,988224,988224,0.0,50.38,50.49,1,1,14.58,19.32,52.31
989156,51.1,51.14,988224,988224,0.0,50.38,50.49,1,1,14.58,19.32,52.31
989663,51.1,51.11,989224,989224,0.0,50.12,50.16,1,1,14.58,19.32,52.31
990170,50.78,51.11,989224,989224,0.0,50.12,50.16,1,1,15.94,19.32,52.31
990677,50.78,50.89,990224,990224,0.0,51.09,51.42,0,0,15.94,19.19,52.31
991184,50.78,50.89,990224,990224,0.0,51.09,51.42,0,0,15.94,19.19,52.31
991691,49.71,50.82,991224,991224,0.0,50.36,50.47,0,0,16.01,19.19,50.82
992198,49.71,50.82,991224,991224,0.0,50.36,50.47,0,0,16.01,19.19,50.82
992705,49.71,50.07,992224,992224,0.0,53.72,54.84,0,0,16.01,18.83,50.07
993212,48.74,50.07,992224,992224,0.0,53.72,54.84,0,0,15.49,18.83,50.07
993720,48.74,49.18,993224,993224,0.0,54.45,55.78,0,0,15.49,18.48,49.18
994227,48.38,48.64,994224,994224,0.0,52.69,53.49,0,0,15.19,18.37,48.64
994734,48.38,48.64,994224,994224,0.0,52.69,53.49,0,0,15.19,18.37,48.64
995241,48.38,48.47,995224,995224,0.0,50.88,51.15,0,0,15.19,18.37,48.47
995748,48.11,48.47,995224,995224,0.0,50.88,51.15,0,0,15.12,18.37,48.47
996255,48.11,48.23,996224,996224,0.0,51.19,51.55,0,0,15.12,18.25,48.23
996762,48.11,48.23,996224,996224,0.0,51.19,51.55,0,0,15.12,18.25,48.23
997269,48.11,48.15,997224,997224,0.0,50.39,50.51,0,0,15.12,18.25,48.15
997776,47.93,48.15,997224,997224,0.0,50.39,50.51,0,0,14.8,18.25,48.15
998283,47.93,48.0,998224,998224,0.0,50.72,50.94,0,0,14.8,18.18,48.0
998790,47.93,48.0,998224,998224,0.0,50.72,50.94,0,0,14.8,18.18,48.0
999297,47.78,47.86,999224,999224,0.0,50.73,50.95,0,0,15.12,18.12,47.86
999803,47.78,47.86,999224,999224,0.0,50.73,50.95,0,0,15.12,18.12,47.86
1000310,47.76,47.79,1000224,1000224,0.0,50.31,50.41,0,0,15.19,18.14,47.79
1000817,47.76,47.79,1000224,1000224,0.0,50.31,50.41,0,0,15.19,18.14,47.79
1001324,47.73,47.77,1001224,1001224,0.0,50.1,50.13,0,0,15.92,18.14,47.77
1001831,47.73,47.77,1001224,1001224,0.0,50.1,50.13,0,0,15.92,18.14,47.77
1002339,47.73,47.75,1002224,1002224,0.0,50.12,50.16,0,0,15.92,18.12,47.75
1002846,47.76,47.75,1002224,1002224,0.0,50.12,50.16,0,0,15.36,18.12,47.75
1003353,47.76,47.75,1003226,1003226,0.0,49.96,49.95,0,0,15.36,18.11,47.75
1003860,47.78,47.75,1003226,1003226,0.0,49.96,49.95,0,0,15.49,18.11,47.75
1004367,47.78,47.77,1004227,1004227,0.02,49.89,49.86,0,0,15.49,18.12,47.75
1004874,47.78,47.77,1004227,1004227,0.02,49.89,49.86,0,0,15.49,18.12,47.75
1005381,47.8,47.79,1005227,1005227,0.01,49.91,49.88,0,0,15.47,18.14,47.75
1005888,47.8,47.79,1005227,1005227,0.01,49.91,49.88,0,0,15.47,18.14,47.75
1006395,47.9,47.8,1006227,1006227,0.0,49.97,49.96,0,0,15.79,18.14,47.75
1006902,47.9,47.8,1006227,1006227,0.0,49.97,49.96,0,0,15.79,18.14,47.75
1007409,47.9,47.87,1007227,1007227,0.07,49.63,49.52,0,0,15.79,18.16,47.75
1007916,47.93,47.87,1007227,1007227,0.07,49.63,49.52,0,0,16.1,18.16,47.75
1008425,47.93,47.91,1008227,1008227,0.04,49.77,49.71,0,0,16.1,18.2,47.75
1008932,47.94,47.91,1008227,1008227,0.04,49.77,49.71,0,0,15.97,18.2,47.75
1009439,47.94,47.93,1009227,1009227,0.01,49.92,49.89,0,0,15.97,18.21,47.75
1009946,48.0,47.93,1009227,1009227,0.01,49.92,49.89,0,0,16.07,18.21,47.75
1010453,48.0,47.98,1010227,1010227,0.05,49.74,49.67,0,0,16.07,18.22,47.75
1010960,48.0,47.98,1010227,1010227,0.05,49.74,49.67,0,0,16.07,18.22,47.75
1011467,48.08,48.05,1011227,1011227,0.06,49.65,49.54,0,0,15.86,18.25,47.75
1011974,48.08,48.05,1011227,1011227,0.06,49.65,49.54,0,0,15.86,18.25,47.75
1012481,48.08,48.07,1012227,1012227,0.02,49.88,49.85,0,0,15.86,18.25,47.75
1012988,48.15,48.07,1012227,1012227,0.02,49.88,49.85,0,0,16.57,18.25,47.75
1013495,48.15,48.13,1013227,1013227,0.05,49.72,49.63,0,0,16.57,18.3,47.75
1014002,48.15,48.13,1013227,1013227,0.05,49.72,49.63,0,0,16.57,18.3,47.75
1014509,48.22,48.14,1014227,1014227,0.01,49.9,49.88,0,0,16.7,18.3,47.75
1015016,48.22,48.14,1014227,1014227,0.01,49.9,49.88,0,0,16.7,18.3,47.75
1015523,48.22,48.19,1015227,1015227,0.04,49.75,49.68,0,0,16.7,18.29,47.75
1016030,48.22,48.19,1015227,1015227,0.04,49.75,49.68,0,0,17.0,18.29,47.75
1016537,48.22,48.21,1016227,1016227,0.01,49.91,49.88,0,0,17.0,18.32,47.75
1017044,48.23,48.21,1016227,1016227,0.01,49.91,49.88,0,0,16.89,18.32,47.75
1017551,48.23,48.22,1017227,1017227,0.01,49.94,49.92,0,0,16.89,18.29,47.75
1018059,48.23,48.22,1017227,1017227,0.01,49.94,49.92,0,0,16.89,18.29,47.75
1018566,48.23,48.23,1018228,1018228,0.0,49.98,49.97,0,0,16.89,18.29,47.75
1019073,48.22,48.23,1018228,1018228,0.0,49.98,49.97,0,0,16.57,18.29,47.75
1019580,48.22,48.22,1019228,1019228,0.0,50.02,50.03,0,0,16.57,18.32,47.75
1020087,48.23,48.22,1019228,1019228,0.0,50.02,50.03,0,0,17.35,18.32,47.75
1020594,48.23,48.23,1020228,1020228,0.0,49.96,49.95,0,0,17.35,18.31,47.75
1021101,48.23,48.23,1020228,1020228,0.0,49.96,49.95,0,0,17.35,18.31,47.75
1021608,48.23,48.23,1021228,1021228,0.0,49.98,49.98,0,0,17.35,18.31,47.75
1022115,48.29,48.23,1021228,1021228,0.0,49.98,49.98,0,0,17.88,18.31,47.75
1022622,48.29,48.27,1022228,1022228,0.04,49.79,49.73,0,0,17.88,18.36,47.75
1023129,48.29,48.27,1022228,1022228,0.04,49.79,49.73,0,0,17.88,18.36,47.75
1023636,48.29,48.28,1023228,1023228,0.01,49.93,49.91,0,0,17.88,18.36,47.75
1024143,48.33,48.28,1023228,1023228,0.01,49.93,49.91,0,0,17.43,18.36,47.75
1024650,48.33,48.31,1024228,1024228,0.02,49.85,49.81,0,0,17.43,18.36,47.75
1025157,48.33,48.31,1024228,1024228,0.02,49.85,49.81,0,0,17.43,18.36,47.75
1025664,48.37,48.32,1025228,1025228,0.0,49.95,49.93,0,0,18.14,18.36,47.75
1026171,48.37,48.32,1025228,1025228,0.0,49.95,49.93,0,0,18.14,18.36,47.75
1026678,48.37,48.35,1026228,1026228,0.03,49.84,49.8,0,0,18.14,18.38,47.75
1027185,48.37,48.35,1026228,1026228,0.03,49.84,49.8,0,0,18.14,18.38,47.75
1027692,48.37,48.37,1027234,1027234,0.01,49.94,49.92,0,0,18.36,18.39,47.75
1028199,48.37,48.37,1027234,1027234,0.01,49.94,49.92,0,0,18.36,18.39,47.75
1028706,48.41,48.37,1028235,1028235,0.0,49.98,49.97,0,0,18.51,18.39,47.75
1029213,48.41,48.37,1028235,1028235,0.0,49.98,49.97,0,0,18.51,18.39,47.75
1029720,48.46,48.4,1029235,1029235,0.02,49.85,49.81,0,0,18.4,18.4,47.75
1030227,48.46,48.4,1029235,1029235,0.02,49.85,49.81,0,0,18.4,18.4,47.75
1030734,48.46,48.44,1030235,1030235,0.04,49.78,49.71,0,0,18.4,18.4,47.75
1031241,48.45,48.45,1031235,1031235,0.0,49.97,49.96,0,0,18.92,18.4,47.75
1031749,48.45,48.45,1031235,1031235,0.0,49.97,49.96,0,0,18.92,18.4,47.75
1032257,48.49,48.48,1032235,1032235,0.02,49.85,49.8,0,0,18.9,18.42,47.75
1032764,48.49,48.48,1032235,1032235,0.02,49.85,49.8,0,0,18.9,18.42,47.75
1033271,48.49,48.48,1033235,1033235,0.0,49.95,49.93,0,0,18.9,18.42,47.75
1033778,48.51,48.48,1033235,1033235,0.0,49.95,49.93,0,0,18.98,18.42,47.75
1034285,48.51,48.5,1034235,1034235,0.01,49.92,49.89,0,0,18.98,18.44,47.75
1034793,48.59,48.5,1034235,1034235,0.01,49.92,49.89,0,0,19.18,18.44,47.75
1035300,48.59,48.56,1035235,1035235,0.05,49.71,49.62,0,0,19.18,18.45,47.75
1035807,48.59,48.56,1035235,1035235,0.05,49.71,49.62,0,0,19.18,18.45,47.75
1036314,48.54,48.55,1036235,1036235,0.0,50.04,50.05,0,0,19.52,18.44,47.75
1036821,48.54,48.55,1036235,1036235,0.0,50.04,50.05,0,0,19.52,18.44,47.75
1037328,48.54,48.55,1037238,1037238,0.0,50.01,50.01,0,0,19.52,18.44,47.75
1037835,48.54,48.55,1037238,1037238,0.0,50.01,50.01,0,0,19.52,18.44,47.75
1038342,48.67,48.63,1038239,1038239,0.08,49.59,49.47,0,0,19.46,18.48,47.75
1038849,48.67,48.63,1038239,1038239,0.08,49.59,49.47,0,0,19.46,18.48,47.75
1039356,48.67,48.65,1039239,1039239,0.02,49.86,49.82,0,0,19.46,18.48,47.75
1039863,48.64,48.65,1039239,1039239,0.02,49.86,49.82,0,0,19.52,18.48,47.75
1040370,48.64,48.64,1040239,1040239,0.0,50.04,50.05,0,0,19.52,18.48,47.75
1040878,48.71,48.64,1040239,1040239,0.0,50.04,50.05,0,0,19.8,18.48,47.75
1041385,48.71,48.69,1041239,1041239,0.04,49.78,49.72,0,0,19.8,18.51,47.75
1041892,48.71,48.69,1041239,1041239,0.04,49.78,49.72,0,0,19.8,18.51,47.75
1042399,48.71,48.7,1042239,1042239,0.01,49.93,49.9,0,0,19.8,18.51,47.75
1042906,48.85,48.7,1042239,1042239,0.01,49.93,49.9,0,0,19.91,18.51,47.75
1043413,48.85,48.8,1043239,1043239,0.09,49.51,49.36,0,0,19.91,18.57,47.75
1043920,48.86,48.8,1043239,1043239,0.09,49.51,49.36,0,0,20.04,18.57,47.75
1044427,48.86,48.84,1044239,1044239,0.03,49.8,49.75,0,0,20.04,18.55,47.75
1044934,48.87,48.84,1044239,1044239,0.03,49.8,49.75,0,0,20.19,18.55,47.75
1045441,48.87,48.86,1045239,1045239,0.02,49.89,49.85,0,0,20.19,18.56,47.75
1045964,48.94,48.86,1045239,1045239,0.02,49.89,49.85,0,0,19.78,18.56,47.75
1046471,48.94,48.91,1046239,1046239,0.05,49.72,49.64,0,0,19.78,18.6,47.75
1046978,48.94,48.91,1046239,1046239,0.05,49.72,49.64,0,0,19.78,18.6,47.75
1047485,48.94,48.93,1047239,1047239,0.01,49.9,49.88,0,0,19.78,18.6,47.75
1047992,48.94,48.93,1047239,1047239,0.01,49.9,49.88,0,0,19.78,18.6,47.75
1048499,49.03,49.0,1048239,1048239,0.06,49.67,49.57,0,0,20.38,18.61,47.75
1049006,49.03,49.0,1048239,1048239,0.06,49.67,49.57,0,0,20.38,18.61,47.75
1049513,49.13,49.02,1049239,1049239,0.02,49.89,49.85,0,0,20.66,18.61,47.75
1050020,49.13,49.02,1049239,1049239,0.02,49.89,49.85,0,0,20.66,18.61,47.75
1050527,49.13,49.09,1050239,1050239,0.07,49.63,49.52,0,0,20.51,18.67,47.75
1051034,49.13,49.09,1050239,1050239,0.07,49.63,49.52,0,0,20.51,18.67,47.75
1051541,49.19,49.12,1051239,1051239,0.02,49.88,49.85,0,0,20.86,18.64,47.75
1052048,49.19,49.12,1051239,1051239,0.02,49.88,49.85,0,0,20.86,18.64,47.75
1052555,49.19,49.17,1052239,1052239,0.05,49.73,49.65,0,0,20.86,18.68,47.75
1053062,49.26,49.17,1052239,1052239,0.05,49.73,49.65,0,0,20.99,18.68,47.75
