timestamp,raw_hum,target_hum,turn_on_thres,turn_off_thres,peltier,cold_fan,ntc_temp,dew_point,state_elapsed_ms,profile,condensing_started,fan_boost_allowed,sht30_temp
24285,69.73,43.0,42.7,43.3,0,0,28.51,25.21,24000,1,0,1,31.42
24791,69.73,43.0,42.7,43.3,0,0,28.51,25.22,24500,1,0,1,31.42
25297,69.71,43.0,42.7,43.3,0,0,28.37,25.19,25000,1,0,1,31.4
25803,69.67,43.0,42.7,43.3,0,0,28.53,25.19,25500,1,0,1,31.38
26309,69.67,43.0,42.7,43.3,0,0,28.53,25.16,26000,1,0,1,31.38
26815,69.63,43.0,42.7,43.3,0,0,28.67,25.16,26500,1,0,1,31.41
27321,69.63,43.0,42.7,43.3,0,0,28.67,25.18,27000,1,0,1,31.41
27828,69.63,43.0,42.7,43.3,0,0,28.67,25.18,27500,1,0,1,31.41
28335,69.65,43.0,42.7,43.3,0,0,28.53,25.18,28000,1,0,1,31.41
28841,69.65,43.0,42.7,43.3,0,0,28.53,25.18,28500,1,0,1,31.41
29347,69.62,43.0,42.7,43.3,0,0,28.65,25.17,29000,1,0,1,31.4
29853,69.62,43.0,42.7,43.3,0,0,28.65,25.17,29517,1,0,1,31.4
30359,69.56,43.0,42.7,43.3,1,0,28.69,25.17,0,1,0,1,31.41
30865,69.56,43.0,42.7,43.3,1,0,28.69,25.16,500,1,0,1,31.41
31371,69.56,43.0,42.7,43.3,1,0,28.71,25.16,1000,1,0,1,31.41
31877,69.56,43.0,42.7,43.3,1,0,28.69,25.16,1500,1,0,1,31.44
32383,69.56,43.0,42.7,43.3,1,0,28.69,25.19,2000,1,0,1,31.44
32889,69.57,43.0,42.7,43.3,1,0,28.58,25.19,2500,1,0,1,31.41
33395,69.57,43.0,42.7,43.3,1,0,28.58,25.17,3000,1,0,1,31.41
33901,69.57,43.0,42.7,43.3,1,0,28.58,25.17,3500,1,0,1,31.41
34407,69.57,43.0,42.7,43.3,1,0,28.58,25.17,4000,1,0,1,31.41
34913,69.51,43.0,42.7,43.3,1,0,28.42,25.17,4500,1,0,1,31.41
35419,69.5,43.0,42.7,43.3,1,0,28.4,25.15,5000,1,0,1,31.42
35925,69.5,43.0,42.7,43.3,1,0,28.4,25.16,5500,1,0,1,31.42
36431,69.48,43.0,42.7,43.3,1,0,28.31,25.16,6000,1,0,1,31.41
36937,69.48,43.0,42.7,43.3,1,0,28.31,25.14,6500,1,0,1,31.41
37443,69.44,43.0,42.7,43.3,1,0,27.95,25.14,7000,1,0,1,31.41
37949,69.44,43.0,42.7,43.3,1,0,27.95,25.14,7500,1,0,1,31.41
38455,69.45,43.0,42.7,43.3,1,0,28.08,25.15,8000,1,0,1,31.42
38961,69.43,43.0,42.7,43.3,1,0,27.97,25.15,8500,1,0,1,31.42
39467,69.41,43.0,42.7,43.3,1,0,27.79,25.14,9000,1,0,1,31.42
39973,69.41,43.0,42.7,43.3,1,0,27.79,25.14,9500,1,0,1,31.42
40479,69.41,43.0,42.7,43.3,1,0,27.63,25.14,10000,1,0,1,31.42
40985,69.41,43.0,42.7,43.3,1,0,27.63,25.14,10500,1,0,1,31.42
41491,69.42,43.0,42.7,43.3,1,0,27.65,25.14,11000,1,0,1,31.44
41997,69.42,43.0,42.7,43.3,1,0,27.65,25.15,11500,1,0,1,31.44
42503,69.38,43.0,42.7,43.3,1,0,27.47,25.15,12000,1,0,1,31.41
43009,69.38,43.0,42.7,43.3,1,0,27.47,25.12,12500,1,0,1,31.41
43515,69.37,43.0,42.7,43.3,1,0,27.21,25.12,13000,1,0,1,31.42
44021,69.37,43.0,42.7,43.3,1,0,27.21,25.13,13505,1,0,1,31.42
44527,69.32,43.0,42.7,43.3,1,0,26.96,25.11,14507,1,0,1,31.41
45033,69.37,43.0,42.7,43.3,1,0,26.87,25.13,15007,1,0,1,31.42
45539,69.37,43.0,42.7,43.3,1,0,26.87,25.13,15507,1,0,1,31.42
46045,69.37,43.0,42.7,43.3,1,0,26.87,25.13,16007,1,0,1,31.42
46551,69.37,43.0,42.7,43.3,1,0,26.87,25.13,16507,1,0,1,31.42
47057,69.33,43.0,42.7,43.3,1,0,26.65,25.12,17007,1,0,1,31.42
47563,69.34,43.0,42.7,43.3,1,0,26.45,25.12,17507,1,0,1,31.42
48069,69.34,43.0,42.7,43.3,1,0,26.45,25.12,18007,1,0,1,31.42
48575,69.31,43.0,42.7,43.3,1,0,26.18,25.14,18507,1,0,1,31.45
49081,69.31,43.0,42.7,43.3,1,0,26.18,25.14,19007,1,0,1,31.45
49587,69.3,43.0,42.7,43.3,1,0,26.16,25.14,19517,1,0,1,31.45
50093,69.3,43.0,42.7,43.3,1,0,26.16,25.14,20017,1,0,1,31.45
50599,69.28,43.0,42.7,43.3,1,0,25.89,25.11,20517,1,0,1,31.42
51105,69.33,43.0,42.7,43.3,1,0,25.76,25.13,21017,1,0,1,31.44
51611,69.26,43.0,42.7,43.3,1,0,27.05,25.12,21517,1,0,1,31.44
52117,69.26,43.0,42.7,43.3,1,0,27.05,25.12,22017,1,0,1,31.44
52623,69.27,43.0,42.7,43.3,1,0,25.56,25.09,22517,1,0,1,31.41
53129,69.27,43.0,42.7,43.3,1,0,25.39,25.09,23017,1,0,1,31.45
53635,69.27,43.0,42.7,43.3,1,0,25.39,25.13,23517,1,0,1,31.45
54141,69.26,43.0,42.7,43.3,1,0,25.59,25.12,24017,1,0,1,31.44
54647,69.26,43.0,42.7,43.3,1,0,25.59,25.12,24517,1,0,1,31.44
55153,69.24,43.0,42.7,43.3,1,0,24.95,25.11,25017,1,0,1,31.44
55659,69.22,43.0,42.7,43.3,1,0,24.9,25.12,25517,1,0,1,31.45
56165,69.22,43.0,42.7,43.3,1,0,24.9,25.12,26017,1,0,1,31.45
56671,69.18,43.0,42.7,43.3,1,0,24.73,25.11,26517,1,0,1,31.45
57177,69.21,43.0,42.7,43.3,1,0,24.64,25.11,27017,1,0,1,31.42
57683,69.21,43.0,42.7,43.3,1,0,24.64,25.09,27517,1,0,1,31.42
58189,69.21,43.0,42.7,43.3,1,0,24.64,25.09,28017,1,0,1,31.42
58695,69.17,43.0,42.7,43.3,1,0,24.46,25.09,28517,1,0,1,31.44
59201,69.17,43.0,42.7,43.3,1,0,24.46,25.09,29017,1,0,1,31.44
59707,69.16,43.0,42.7,43.3,1,0,24.24,25.09,29517,1,0,1,31.44
60213,69.16,43.0,42.7,43.3,1,0,24.24,25.09,30017,1,0,1,31.44
60719,69.16,43.0,42.7,43.3,1,0,24.07,25.08,30517,1,0,1,31.42
61225,69.13,43.0,42.7,43.3,1,0,24.07,25.13,31017,1,0,1,31.48
61731,69.1,43.0,42.7,43.3,1,0,23.89,25.13,31517,1,0,1,31.44
62237,69.1,43.0,42.7,43.3,1,0,23.89,25.08,32017,1,0,1,31.44
62743,69.13,43.0,42.7,43.3,1,0,24.27,25.08,32517,1,0,1,31.45
63249,69.13,43.0,42.7,43.3,1,0,24.27,25.1,33017,1,0,1,31.45
63755,69.04,43.0,42.7,43.3,1,0,23.65,25.05,33517,1,0,1,31.42
64265,69.1,43.0,42.7,43.3,1,0,23.46,25.05,34017,1,0,1,31.44
64772,69.1,43.0,42.7,43.3,1,0,23.46,25.08,34517,1,1,1,31.44
65278,69.08,43.0,42.7,43.3,1,0,23.55,25.07,35017,1,1,1,31.44
65784,69.04,43.0,42.7,43.3,1,0,23.31,25.07,35517,1,1,1,31.44
66290,69.04,43.0,42.7,43.3,1,0,23.33,25.06,36017,1,1,1,31.45
66796,69.04,43.0,42.7,43.3,1,0,23.33,25.08,36517,1,1,1,31.45
67302,69.06,43.0,42.7,43.3,1,0,23.09,25.07,37017,1,1,1,31.44
67808,69.04,43.0,42.7,43.3,1,0,23.0,25.07,37517,1,1,1,31.45
68314,69.01,43.0,42.7,43.3,1,0,22.91,25.08,38018,1,1,1,31.45
68820,69.01,43.0,42.7,43.3,1,0,22.91,25.07,38520,1,1,1,31.45
69326,69.01,43.0,42.7,43.3,1,0,22.91,25.07,39020,1,1,1,31.45
69832,69.01,43.0,42.7,43.3,1,0,22.42,25.07,39520,1,1,1,31.45
70338,68.99,43.0,42.7,43.3,1,0,22.59,25.08,40020,1,1,1,31.47
70844,68.99,43.0,42.7,43.3,1,0,22.94,25.08,40520,1,1,1,31.42
71350,68.99,43.0,42.7,43.3,1,0,22.94,25.04,41020,1,1,1,31.42
71856,68.91,43.0,42.7,43.3,1,0,22.03,25.04,41520,1,1,1,31.45
72362,68.91,43.0,42.7,43.3,1,0,22.03,25.05,42020,1,1,1,31.45
72868,68.97,43.0,42.7,43.3,1,0,22.22,25.06,42520,1,1,1,31.45
73374,68.94,43.0,42.7,43.3,1,0,22.29,25.06,43020,1,1,1,31.45
73880,68.94,43.0,42.7,43.3,1,0,22.29,25.05,43520,1,1,1,31.45
74386,68.92,43.0,42.7,43.3,1,0,22.22,25.05,44020,1,1,1,31.45
74892,68.92,43.0,42.7,43.3,1,0,22.22,25.05,44520,1,1,1,31.45
75398,68.92,43.0,42.7,43.3,1,0,21.72,25.05,45020,1,1,1,31.44
75904,68.92,43.0,42.7,43.3,1,0,21.72,25.03,45520,1,1,1,31.44
76410,68.88,43.0,42.7,43.3,1,0,21.79,25.03,46020,1,1,1,31.47
76918,68.88,43.0,42.7,43.3,1,0,21.79,25.05,46520,1,1,1,31.47
77425,68.88,43.0,42.7,43.3,1,0,21.53,25.05,47020,1,1,1,31.45
77931,68.88,43.0,42.7,43.3,1,0,21.53,25.04,47520,1,1,1,31.45
78437,68.88,43.0,42.7,43.3,1,0,21.48,25.04,48020,1,1,1,31.47
78943,68.87,43.0,42.7,43.3,1,0,21.35,25.05,48520,1,1,1,31.48
79449,68.84,43.0,42.7,43.3,1,0,21.25,25.06,49020,1,1,1,31.48
79955,68.85,43.0,42.7,43.3,1,0,21.18,25.05,49520,1,1,1,31.48
80461,68.85,43.0,42.7,43.3,1,0,21.18,25.06,50020,1,1,1,31.48
80967,68.8,43.0,42.7,43.3,1,0,21.12,25.06,50520,1,1,1,31.47
81473,68.8,43.0,42.7,43.3,1,0,21.12,25.03,51020,1,1,1,31.47
81979,68.76,43.0,42.7,43.3,1,0,20.99,25.03,51520,1,1,1,31.44
82485,68.76,43.0,42.7,43.3,1,1,20.99,24.99,52020,1,1,1,31.44
82991,68.73,43.0,42.7,43.3,1,1,20.88,24.99,52520,1,1,1,31.45
83497,68.73,43.0,42.7,43.3,1,1,20.88,25.0,53020,1,1,1,31.45
84003,68.73,43.0,42.7,43.3,1,1,20.88,25.0,53520,1,1,1,31.45
84509,68.7,43.0,42.7,43.3,1,1,21.14,25.01,54020,1,1,1,31.47
85015,68.7,43.0,42.7,43.3,1,1,21.14,25.01,54520,1,1,1,31.47
85521,68.7,43.0,42.7,43.3,1,1,21.14,25.01,55020,1,1,1,31.44
86027,68.59,43.0,42.7,43.3,1,1,21.46,24.98,55520,1,1,1,31.44
86533,68.59,43.0,42.7,43.3,1,1,21.46,24.95,56020,1,1,1,31.44
87039,68.59,43.0,42.7,43.3,1,1,21.46,24.95,56520,1,1,1,31.44
87545,68.2,43.0,42.7,43.3,1,1,21.55,24.84,57525,1,1,1,31.42
88051,68.2,43.0,42.7,43.3,1,1,21.55,24.84,58025,1,1,1,31.42
88557,67.46,43.0,42.7,43.3,1,1,21.59,24.66,58525,1,1,1,31.42
89063,67.46,43.0,42.7,43.3,1,1,21.59,24.66,59025,1,1,1,31.42
89569,67.46,43.0,42.7,43.3,1,1,21.59,24.66,59525,1,1,1,31.42
90075,67.46,43.0,42.7,43.3,1,1,21.59,24.66,60025,1,1,1,31.42
90581,66.35,43.0,42.7,43.3,1,1,21.53,24.36,60525,1,1,1,31.4
91087,65.75,43.0,42.7,43.3,1,1,21.59,24.19,61025,1,1,1,31.38
91593,65.75,43.0,42.7,43.3,1,1,21.59,24.19,61525,1,1,1,31.38
92099,65.33,43.0,42.7,43.3,1,1,21.64,24.08,62025,1,1,1,31.38
92605,65.33,43.0,42.7,43.3,1,1,21.64,24.08,62525,1,1,1,31.38
93111,64.67,43.0,42.7,43.3,1,1,21.48,23.89,63025,1,1,1,31.35
93617,64.67,43.0,42.7,43.3,1,1,21.48,23.89,63525,1,1,1,31.35
94123,64.21,43.0,42.7,43.3,1,1,21.35,23.78,64025,1,1,1,31.37
94629,64.21,43.0,42.7,43.3,1,1,21.35,23.78,64525,1,1,1,31.37
95135,63.55,43.0,42.7,43.3,1,1,21.42,23.59,65037,1,1,1,31.34
95642,63.55,43.0,42.7,43.3,1,1,21.42,23.59,65537,1,1,1,31.34
96148,63.12,43.0,42.7,43.3,1,1,21.31,23.43,66037,1,1,1,31.3
96654,62.86,43.0,42.7,43.3,1,0,21.42,23.38,66537,1,1,1,31.31
97160,62.86,43.0,42.7,43.3,1,0,21.42,23.38,67037,1,1,1,31.31
97666,62.86,43.0,42.7,43.3,1,0,21.42,23.38,67537,1,1,1,31.31
98172,62.86,43.0,42.7,43.3,1,0,21.42,23.38,68037,1,1,1,31.31
98678,61.98,43.0,42.7,43.3,1,0,20.69,23.13,68537,1,1,1,31.3
99188,61.63,43.0,42.7,43.3,1,0,20.88,23.13,69037,1,1,1,31.28
99695,61.63,43.0,42.7,43.3,1,0,20.88,23.03,69537,1,1,1,31.28
100201,61.45,43.0,42.7,43.3,1,0,20.69,22.98,70037,1,1,1,31.28
100707,61.45,43.0,42.7,43.3,1,0,20.69,22.98,70537,1,1,1,31.28
101213,61.3,43.0,42.7,43.3,1,0,20.34,22.94,71037,1,1,1,31.28
101719,61.3,43.0,42.7,43.3,1,0,20.34,22.94,71537,1,1,1,31.28
102225,61.11,43.0,42.7,43.3,1,0,20.62,22.94,72037,1,1,1,31.3
102731,61.11,43.0,42.7,43.3,1,0,20.62,22.9,72537,1,1,1,31.3
103237,61.11,43.0,42.7,43.3,1,0,20.62,22.9,73037,1,1,1,31.3
103743,61.11,43.0,42.7,43.3,1,0,20.62,22.9,73537,1,1,1,31.3
104249,60.83,43.0,42.7,43.3,1,0,19.8,22.8,74037,1,1,1,31.27
104755,60.83,43.0,42.7,43.3,1,0,19.8,22.8,74537,1,1,1,31.27
105261,60.72,43.0,42.7,43.3,1,0,19.63,22.8,75037,1,1,1,31.25
105774,60.69,43.0,42.7,43.3,1,0,19.54,22.75,75537,1,1,1,31.27
106281,60.69,43.0,42.7,43.3,1,0,19.54,22.76,76037,1,1,1,31.27
106787,60.64,43.0,42.7,43.3,1,0,19.5,22.73,76537,1,1,1,31.25
107293,60.64,43.0,42.7,43.3,1,0,19.5,22.73,77040,1,1,1,31.25
107799,60.64,43.0,42.7,43.3,1,0,19.11,22.73,77541,1,1,1,31.25
108305,60.64,43.0,42.7,43.3,1,0,19.22,22.75,78042,1,1,1,31.27
108811,60.64,43.0,42.7,43.3,1,0,19.22,22.75,78542,1,1,1,31.27
109317,60.64,43.0,42.7,43.3,1,0,19.28,22.75,79042,1,1,1,31.27
109823,60.64,43.0,42.7,43.3,1,0,19.28,22.75,79542,1,1,1,31.27
110329,60.64,43.0,42.7,43.3,1,0,19.28,22.75,80042,1,1,1,31.27
110835,60.62,43.0,42.7,43.3,1,0,19.0,22.77,80542,1,1,1,31.3
111341,60.62,43.0,42.7,43.3,1,0,19.0,22.77,81042,1,1,1,31.3
111847,60.61,43.0,42.7,43.3,1,0,18.98,22.74,81542,1,1,1,31.27
112353,60.62,43.0,42.7,43.3,1,0,18.72,22.74,82042,1,1,1,31.28
112859,60.62,43.0,42.7,43.3,1,1,18.72,22.75,82542,1,1,1,31.28
113365,60.62,43.0,42.7,43.3,1,1,18.72,22.75,83043,1,1,1,31.28
113871,60.61,43.0,42.7,43.3,1,1,18.88,22.75,83543,1,1,1,31.28
114377,60.61,43.0,42.7,43.3,1,1,18.88,22.75,84043,1,1,1,31.28
114883,60.61,43.0,42.7,43.3,1,1,18.88,22.75,84543,1,1,1,31.28
115389,60.67,43.0,42.7,43.3,1,1,18.9,22.77,85043,1,1,1,31.28
115895,60.66,43.0,42.7,43.3,1,1,19.09,22.77,85543,1,1,1,31.27
116402,60.66,43.0,42.7,43.3,1,1,19.09,22.75,86043,1,1,1,31.27
116909,60.36,43.0,42.7,43.3,1,1,19.46,22.75,86543,1,1,1,31.28
117415,60.36,43.0,42.7,43.3,1,1,19.46,22.68,87043,1,1,1,31.28
117921,60.07,43.0,42.7,43.3,1,1,19.82,22.59,87543,1,1,1,31.27
118427,60.07,43.0,42.7,43.3,1,1,19.82,22.59,88043,1,1,1,31.27
118933,60.07,43.0,42.7,43.3,1,1,19.82,22.59,88543,1,1,1,31.27
119439,59.22,43.0,42.7,43.3,1,1,19.61,22.59,89043,1,1,1,31.23
119945,58.88,43.0,42.7,43.3,1,1,19.61,22.32,89543,1,1,1,31.2
120451,58.88,43.0,42.7,43.3,1,1,19.61,22.19,90043,1,1,1,31.2
120957,58.88,43.0,42.7,43.3,1,1,19.61,22.19,90543,1,1,1,31.2
121463,58.08,43.0,42.7,43.3,1,1,19.63,22.19,91043,1,1,1,31.2
121969,57.72,43.0,42.7,43.3,1,1,19.72,21.97,91543,1,1,1,31.2
122475,57.72,43.0,42.7,43.3,1,1,19.72,21.87,92043,1,1,1,31.2
122981,57.34,43.0,42.7,43.3,1,1,19.67,21.87,92543,1,1,1,31.2
123489,57.34,43.0,42.7,43.3,1,1,19.67,21.76,93043,1,1,1,31.2
123996,57.0,43.0,42.7,43.3,1,1,19.56,21.76,93543,1,1,1,31.17
124502,56.68,43.0,42.7,43.3,1,1,19.52,21.64,94043,1,1,1,31.16
125008,56.68,43.0,42.7,43.3,1,1,19.52,21.53,94543,1,1,1,31.16
125514,56.68,43.0,42.7,43.3,1,1,19.52,21.53,95043,1,1,1,31.16
126020,56.68,43.0,42.7,43.3,1,1,19.52,21.53,95543,1,1,1,31.16
126526,55.88,43.0,42.7,43.3,1,1,19.52,21.53,96043,1,1,1,31.13
127032,55.88,43.0,42.7,43.3,1,0,19.52,21.27,96543,1,1,1,31.13
127538,55.57,43.0,42.7,43.3,1,0,19.67,21.27,97043,1,1,1,31.14
128044,55.35,43.0,42.7,43.3,1,0,19.48,21.2,97543,1,1,1,31.13
128550,55.35,43.0,42.7,43.3,1,0,19.48,21.12,98043,1,1,1,31.13
129056,55.12,43.0,42.7,43.3,1,0,19.28,21.12,98543,1,1,1,31.12
129562,54.95,43.0,42.7,43.3,1,0,18.96,21.04,99043,1,1,1,31.12
130068,54.95,43.0,42.7,43.3,1,0,18.96,20.99,100048,1,1,1,31.12
130574,54.95,43.0,42.7,43.3,1,0,18.96,20.99,100548,1,1,1,31.12
131080,54.71,43.0,42.7,43.3,1,0,18.64,20.9,101048,1,1,1,31.1
131586,54.71,43.0,42.7,43.3,1,0,18.64,20.9,101548,1,1,1,31.1
132092,54.71,43.0,42.7,43.3,1,0,18.64,20.9,102048,1,1,1,31.1
132598,54.71,43.0,42.7,43.3,1,0,18.64,20.9,102548,1,1,1,31.1
133116,54.55,43.0,42.7,43.3,1,0,18.32,20.9,103048,1,1,1,31.1
133623,54.55,43.0,42.7,43.3,1,0,18.32,20.85,103548,1,1,1,31.1
134129,54.55,43.0,42.7,43.3,1,0,18.68,20.88,104048,1,1,1,31.13
134635,54.55,43.0,42.7,43.3,1,0,18.68,20.88,104548,1,1,1,31.13
135141,54.55,43.0,42.7,43.3,1,0,18.68,20.88,105048,1,1,1,31.13
135647,54.53,43.0,42.7,43.3,1,0,18.06,20.86,105548,1,1,1,31.12
136153,54.53,43.0,42.7,43.3,1,0,18.06,20.86,106048,1,1,1,31.12
136659,54.54,43.0,42.7,43.3,1,0,17.91,20.87,106548,1,1,1,31.12
137165,54.54,43.0,42.7,43.3,1,0,17.91,20.87,107048,1,1,1,31.12
137671,54.54,43.0,42.7,43.3,1,0,17.8,20.87,107548,1,1,1,31.12
138177,54.54,43.0,42.7,43.3,1,0,17.8,20.87,108048,1,1,1,31.12
138683,54.51,43.0,42.7,43.3,1,0,17.65,20.87,108548,1,1,1,31.12
139189,54.51,43.0,42.7,43.3,1,0,17.65,20.86,109048,1,1,1,31.12
139695,54.51,43.0,42.7,43.3,1,0,17.65,20.86,109548,1,1,1,31.12
140201,54.49,43.0,42.7,43.3,1,0,17.58,20.83,110048,1,1,1,31.1
140707,54.49,43.0,42.7,43.3,1,0,17.58,20.83,110548,1,1,1,31.1
141213,54.45,43.0,42.7,43.3,1,0,17.24,20.85,111048,1,1,1,31.13
141719,54.49,43.0,42.7,43.3,1,0,17.39,20.83,111548,1,1,1,31.1
142225,54.49,43.0,42.7,43.3,1,0,17.39,20.83,112048,1,1,1,31.1
142731,54.51,43.0,42.7,43.3,1,0,17.3,20.88,112548,1,1,1,31.14
143237,54.51,43.0,42.7,43.3,1,0,17.3,20.88,113048,1,1,1,31.14
143744,54.51,43.0,42.7,43.3,1,0,17.3,20.88,113548,1,1,1,31.14
144251,54.52,43.0,42.7,43.3,1,0,16.92,20.87,114048,1,1,1,31.13
144757,54.52,43.0,42.7,43.3,1,0,16.92,20.87,114548,1,1,1,31.13
145263,54.55,43.0,42.7,43.3,1,0,17.11,20.87,115048,1,1,1,31.12
145769,54.61,43.0,42.7,43.3,1,0,17.07,20.87,115548,1,1,1,31.13
146275,54.61,43.0,42.7,43.3,1,0,17.07,20.9,116048,1,1,1,31.13
146781,54.58,43.0,42.7,43.3,1,1,16.79,20.89,116548,1,1,1,31.13
147287,54.58,43.0,42.7,43.3,1,1,16.79,20.89,117048,1,1,1,31.13
147793,54.66,43.0,42.7,43.3,1,1,16.57,20.92,117548,1,1,1,31.14
148300,54.7,43.0,42.7,43.3,1,1,17.02,20.92,118048,1,1,1,31.16
148807,54.7,43.0,42.7,43.3,1,1,17.02,20.95,118548,1,1,1,31.16
149313,54.72,43.0,42.7,43.3,1,1,17.17,20.96,119048,1,1,1,31.16
149819,54.72,43.0,42.7,43.3,1,1,17.17,20.96,119548,1,1,1,31.16
150325,54.78,43.0,42.7,43.3,1,1,17.5,20.95,120048,1,1,1,31.13
150831,54.44,43.0,42.7,43.3,1,1,17.67,20.95,120550,1,1,1,31.13
151337,54.44,43.0,42.7,43.3,1,1,17.67,20.85,121050,1,1,1,31.13
151843,54.44,43.0,42.7,43.3,1,1,17.67,20.85,121550,1,1,1,31.13
152350,53.87,43.0,42.7,43.3,1,1,17.97,20.69,122050,1,1,1,31.14
152856,53.53,43.0,42.7,43.3,1,1,18.1,20.69,122550,1,1,1,31.12
153362,53.53,43.0,42.7,43.3,1,1,18.1,20.56,123050,1,1,1,31.12
153868,53.26,43.0,42.7,43.3,1,1,18.1,20.48,123550,1,1,1,31.12
154374,53.26,43.0,42.7,43.3,1,1,18.1,20.48,124050,1,1,1,31.12
154880,52.77,43.0,42.7,43.3,1,1,18.14,20.3,124550,1,1,1,31.09
155386,52.49,43.0,42.7,43.3,1,1,18.08,20.3,125050,1,1,1,31.09
155892,52.3,43.0,42.7,43.3,1,1,18.1,20.22,125550,1,1,1,31.07
156408,52.03,43.0,42.7,43.3,1,1,18.19,20.15,126050,1,1,1,31.07
156915,52.03,43.0,42.7,43.3,1,0,18.19,20.06,126550,1,1,1,31.07
157421,51.73,43.0,42.7,43.3,1,0,18.25,20.06,127050,1,1,1,31.09
157927,51.73,43.0,42.7,43.3,1,0,18.25,19.98,127550,1,1,1,31.09
158433,51.42,43.0,42.7,43.3,1,0,18.08,19.98,128050,1,1,1,31.06
158939,51.23,43.0,42.7,43.3,1,0,18.01,19.86,128550,1,1,1,31.04
159445,51.23,43.0,42.7,43.3,1,0,18.01,19.78,129050,1,1,1,31.04
159951,51.23,43.0,42.7,43.3,1,0,18.01,19.78,129550,1,1,1,31.04
160457,50.9,43.0,42.7,43.3,1,0,17.43,19.78,130050,1,1,1,31.03
160963,50.9,43.0,42.7,43.3,1,0,17.43,19.67,130550,1,1,1,31.03
161469,50.81,43.0,42.7,43.3,1,0,17.22,19.67,131050,1,1,1,31.03
161975,50.81,43.0,42.7,43.3,1,0,17.22,19.64,131550,1,1,1,31.03
162481,50.77,43.0,42.7,43.3,1,0,17.13,19.64,132050,1,1,1,31.04
162987,50.77,43.0,42.7,43.3,1,0,17.13,19.64,132550,1,1,1,31.04
163493,50.77,43.0,42.7,43.3,1,0,16.94,19.64,133050,1,1,1,31.06
163999,50.77,43.0,42.7,43.3,1,0,16.94,19.66,133550,1,1,1,31.06
164505,50.77,43.0,42.7,43.3,1,0,16.94,19.66,134050,1,1,1,31.06
165011,50.73,43.0,42.7,43.3,1,0,16.63,19.66,134550,1,1,1,31.06
165517,50.69,43.0,42.7,43.3,1,0,17.15,19.64,135050,1,1,1,31.07
166023,50.71,43.0,42.7,43.3,1,0,16.55,19.64,135550,1,1,1,31.03
166529,50.71,43.0,42.7,43.3,1,0,16.55,19.61,136050,1,1,1,31.03
167035,50.71,43.0,42.7,43.3,1,0,16.55,19.61,136550,1,1,1,31.03
167542,50.71,43.0,42.7,43.3,1,0,16.55,19.61,137050,1,1,1,31.03
168048,50.71,43.0,42.7,43.3,1,0,16.55,19.61,137550,1,1,1,31.03
168554,50.71,43.0,42.7,43.3,1,0,16.59,19.61,138050,1,1,1,31.07
169060,50.71,43.0,42.7,43.3,1,0,16.59,19.65,138550,1,1,1,31.07
169566,50.67,43.0,42.7,43.3,1,0,16.38,19.65,139050,1,1,1,31.07
170072,50.69,43.0,42.7,43.3,1,0,16.22,19.63,140052,1,1,1,31.06
170579,50.66,43.0,42.7,43.3,1,0,16.2,19.6,140552,1,1,1,31.04
171085,50.66,43.0,42.7,43.3,1,0,16.2,19.6,141053,1,1,1,31.04
171591,50.66,43.0,42.7,43.3,1,0,16.2,19.6,141553,1,1,1,31.04
172097,50.72,43.0,42.7,43.3,1,0,16.05,19.64,142053,1,1,1,31.06
172603,50.75,43.0,42.7,43.3,1,0,16.03,19.63,142553,1,1,1,31.04
173109,50.74,43.0,42.7,43.3,1,0,15.92,19.65,143053,1,1,1,31.06
173615,50.74,43.0,42.7,43.3,1,0,15.92,19.65,143553,1,1,1,31.06
174121,50.74,43.0,42.7,43.3,1,0,15.92,19.65,144053,1,1,1,31.06
174627,50.8,43.0,42.7,43.3,1,0,15.9,19.66,144553,1,1,1,31.06
175133,50.8,43.0,42.7,43.3,1,0,15.9,19.66,145053,1,1,1,31.06
175639,50.81,43.0,42.7,43.3,1,0,15.79,19.67,145553,1,1,1,31.06
176145,50.88,43.0,42.7,43.3,1,0,15.86,19.7,146053,1,1,1,31.07
176651,50.88,43.0,42.7,43.3,1,0,15.86,19.7,146553,1,1,1,31.07
177157,50.99,43.0,42.7,43.3,1,1,15.68,19.72,147053,1,1,1,31.06
177663,50.99,43.0,42.7,43.3,1,1,15.68,19.72,147553,1,1,1,31.06
178169,50.98,43.0,42.7,43.3,1,1,15.53,19.74,148057,1,1,1,31.09
178676,51.03,43.0,42.7,43.3,1,1,15.68,19.74,148557,1,1,1,31.12
179183,51.03,43.0,42.7,43.3,1,1,15.68,19.79,149057,1,1,1,31.12
179689,51.1,43.0,42.7,43.3,1,1,15.97,19.76,149557,1,1,1,31.06
180195,51.1,43.0,42.7,43.3,1,1,15.97,19.76,150057,1,1,1,31.06
180701,51.1,43.0,42.7,43.3,1,1,16.2,19.77,150557,1,1,1,31.07
181207,50.8,43.0,42.7,43.3,1,1,16.53,19.66,151057,1,1,1,31.06
181713,50.8,43.0,42.7,43.3,1,1,16.53,19.66,151557,1,1,1,31.06
182219,50.8,43.0,42.7,43.3,1,1,16.53,19.66,152057,1,1,1,31.06
182726,50.17,43.0,42.7,43.3,1,1,16.72,19.45,152557,1,1,1,31.04
183232,49.95,43.0,42.7,43.3,1,1,16.61,19.37,153057,1,1,1,31.04
183738,49.66,43.0,42.7,43.3,1,1,17.54,19.37,153557,1,1,1,31.04
184244,49.42,43.0,42.7,43.3,1,0,17.11,19.28,154057,1,1,1,31.04
184750,49.42,43.0,42.7,43.3,1,0,17.11,19.2,154557,1,1,1,31.04
185256,49.16,43.0,42.7,43.3,1,0,16.94,19.1,155057,1,1,1,31.01
185762,48.86,43.0,42.7,43.3,1,0,16.81,19.1,155557,1,1,1,31.0
186268,48.86,43.0,42.7,43.3,1,0,16.81,18.99,156057,1,1,1,31.0
186774,48.49,43.0,42.7,43.3,1,0,16.53,18.99,156558,1,1,1,31.0
187280,48.49,43.0,42.7,43.3,1,0,16.53,18.86,157058,1,1,1,31.0
187786,48.36,43.0,42.7,43.3,1,0,15.99,18.86,157558,1,1,1,31.01
188292,48.36,43.0,42.7,43.3,1,0,15.99,18.83,158058,1,1,1,31.01
188798,48.31,43.0,42.7,43.3,1,0,16.01,18.78,158558,1,1,1,30.97
189304,48.13,43.0,42.7,43.3,1,0,15.88,18.78,159058,1,1,1,30.97
189810,48.13,43.0,42.7,43.3,1,0,15.88,18.72,159558,1,1,1,30.97
190316,48.07,43.0,42.7,43.3,1,0,15.77,18.72,160058,1,1,1,31.01
190822,48.0,43.0,42.7,43.3,1,0,15.68,18.74,160558,1,1,1,30.97
191328,48.0,43.0,42.7,43.3,1,0,15.68,18.67,161058,1,1,1,30.97
191834,48.01,43.0,42.7,43.3,1,0,15.53,18.67,161558,1,1,1,30.97
192340,48.01,43.0,42.7,43.3,1,0,15.53,18.68,162058,1,1,1,30.97
192846,47.97,43.0,42.7,43.3,1,0,15.53,18.68,162558,1,1,1,30.97
193352,47.97,43.0,42.7,43.3,1,0,15.53,18.66,163058,1,1,1,30.97
193858,48.04,43.0,42.7,43.3,1,0,15.62,18.7,163558,1,1,1,30.98
194364,48.04,43.0,42.7,43.3,1,0,15.62,18.7,164058,1,1,1,30.98
194870,48.07,43.0,42.7,43.3,1,0,15.29,18.72,164558,1,1,1,31.0
195376,48.07,43.0,42.7,43.3,1,0,15.29,18.72,165058,1,1,1,31.0
195882,48.11,43.0,42.7,43.3,1,0,15.19,18.72,165558,1,1,1,30.98
196388,48.11,43.0,42.7,43.3,1,0,15.19,18.72,166058,1,1,1,30.98
196894,48.11,43.0,42.7,43.3,1,0,15.19,18.72,166558,1,1,1,30.98
197400,48.19,43.0,42.7,43.3,1,0,15.12,18.72,167058,1,1,1,30.98
197906,48.19,43.0,42.7,43.3,1,0,15.12,18.75,167558,1,1,1,30.98
198412,48.18,43.0,42.7,43.3,1,0,14.95,18.75,168058,1,1,1,31.0
198918,48.18,43.0,42.7,43.3,1,0,14.95,18.76,168558,1,1,1,31.0
199424,48.18,43.0,42.7,43.3,1,0,14.95,18.76,169058,1,1,1,31.0
199930,48.18,43.0,42.7,43.3,1,0,14.95,18.76,169558,1,1,1,31.0
200436,48.18,43.0,42.7,43.3,1,0,14.95,18.76,170058,1,1,1,31.0
200942,48.26,43.0,42.7,43.3,1,0,14.88,18.76,170558,1,1,1,31.0
201448,48.26,43.0,42.7,43.3,1,0,14.88,18.79,171058,1,1,1,31.0
201954,48.26,43.0,42.7,43.3,1,0,14.88,18.79,171558,1,1,1,31.0
202460,48.32,43.0,42.7,43.3,1,1,14.34,18.82,172058,1,1,1,31.01
202966,48.32,43.0,42.7,43.3,1,1,14.71,18.82,172558,1,1,1,31.0
203472,48.32,43.0,42.7,43.3,1,1,14.71,18.81,173058,1,1,1,31.0
203978,48.43,43.0,42.7,43.3,1,1,14.71,18.81,173558,1,1,1,31.01
204498,48.53,43.0,42.7,43.3,1,1,14.67,18.86,174058,1,1,1,31.0
205005,48.53,43.0,42.7,43.3,1,1,14.67,18.88,174558,1,1,1,31.0
205511,48.57,43.0,42.7,43.3,1,1,15.34,18.88,175058,1,1,1,31.03
206017,48.49,43.0,42.7,43.3,1,1,15.47,18.91,175558,1,1,1,31.01
206523,48.21,43.0,42.7,43.3,1,1,15.71,18.87,176058,1,1,1,30.98
207029,48.21,43.0,42.7,43.3,1,1,15.71,18.76,176558,1,1,1,30.98
207535,47.89,43.0,42.7,43.3,1,1,16.05,18.76,177058,1,1,1,30.98
208041,47.89,43.0,42.7,43.3,1,1,16.05,18.65,177558,1,1,1,30.98
208547,47.48,43.0,42.7,43.3,1,1,16.12,18.65,178058,1,1,1,31.01
209053,47.23,43.0,42.7,43.3,1,1,16.12,18.54,178558,1,1,1,30.96
209559,46.97,43.0,42.7,43.3,1,1,16.1,18.4,179058,1,1,1,30.94
210065,46.97,43.0,42.7,43.3,1,1,16.1,18.3,179558,1,1,1,30.94
210571,46.7,43.0,42.7,43.3,1,1,16.33,18.3,180058,1,1,1,30.96
211077,46.7,43.0,42.7,43.3,1,0,16.33,18.22,180558,1,1,1,30.96
211583,46.7,43.0,42.7,43.3,1,0,16.33,18.22,181563,1,1,1,30.96
212089,46.7,43.0,42.7,43.3,1,0,16.33,18.22,182063,1,1,1,30.96
212595,46.12,43.0,42.7,43.3,1,0,16.18,18.0,182563,1,1,1,30.93
213101,45.93,43.0,42.7,43.3,1,0,16.22,17.92,183063,1,1,1,30.92
213607,45.93,43.0,42.7,43.3,1,0,16.22,17.92,183563,1,1,1,30.92
214113,45.7,43.0,42.7,43.3,1,0,15.68,17.84,184063,1,1,1,30.92
214619,45.7,43.0,42.7,43.3,1,0,15.68,17.84,184563,1,1,1,30.92
215125,45.56,43.0,42.7,43.3,1,0,15.9,17.79,185063,1,1,1,30.92
215631,45.56,43.0,42.7,43.3,1,0,15.9,17.79,185563,1,1,1,30.92
216137,45.56,43.0,42.7,43.3,1,0,15.9,17.79,186063,1,1,1,30.92
216643,45.56,43.0,42.7,43.3,1,0,15.21,17.78,186563,1,1,1,30.9
217149,45.56,43.0,42.7,43.3,1,0,15.21,17.78,187063,1,1,1,30.9
217655,45.58,43.0,42.7,43.3,1,0,15.08,17.8,187563,1,1,1,30.92
218161,45.58,43.0,42.7,43.3,1,0,15.08,17.8,188063,1,1,1,30.92
218667,45.55,43.0,42.7,43.3,1,0,14.86,17.8,188563,1,1,1,30.93
219173,45.55,43.0,42.7,43.3,1,0,14.86,17.8,189063,1,1,1,30.93
219679,45.54,43.0,42.7,43.3,1,0,14.75,17.77,189563,1,1,1,30.9
220185,45.54,43.0,42.7,43.3,1,0,14.8,17.78,190063,1,1,1,30.92
220691,45.63,43.0,42.7,43.3,1,0,14.86,17.78,190563,1,1,1,30.93
221203,45.61,43.0,42.7,43.3,1,0,14.77,17.83,191063,1,1,1,30.92
221710,45.61,43.0,42.7,43.3,1,0,14.77,17.81,191563,1,1,1,30.92
222216,45.61,43.0,42.7,43.3,1,0,14.77,17.81,192064,1,1,1,30.92
222722,45.61,43.0,42.7,43.3,1,0,14.77,17.81,192564,1,1,1,30.92
223228,45.67,43.0,42.7,43.3,1,0,14.64,17.82,193064,1,1,1,30.9
223734,45.67,43.0,42.7,43.3,1,0,14.51,17.82,193564,1,1,1,30.9
224240,45.67,43.0,42.7,43.3,1,0,14.51,17.82,194064,1,1,1,30.9
224746,45.73,43.0,42.7,43.3,1,0,14.34,17.85,194564,1,1,1,30.92
225252,45.73,43.0,42.7,43.3,1,0,14.34,17.85,195064,1,1,1,30.92
225758,45.76,43.0,42.7,43.3,1,0,14.23,17.87,195564,1,1,1,30.93
226264,45.76,43.0,42.7,43.3,1,0,14.23,17.87,196064,1,1,1,30.93
226770,45.74,43.0,42.7,43.3,1,0,14.27,17.87,196564,1,1,1,30.92
227276,45.74,43.0,42.7,43.3,1,0,14.27,17.85,197064,1,1,1,30.92
227782,45.74,43.0,42.7,43.3,1,0,14.27,17.85,197564,1,1,1,30.92
228289,45.79,43.0,42.7,43.3,1,0,14.1,17.85,198064,1,1,1,30.92
228796,45.79,43.0,42.7,43.3,1,0,14.1,17.87,198564,1,1,1,30.92
229302,45.85,43.0,42.7,43.3,1,0,14.06,17.9,199066,1,1,1,30.93
229808,45.89,43.0,42.7,43.3,1,0,14.01,17.9,199566,1,1,1,30.93
230314,45.89,43.0,42.7,43.3,1,0,14.01,17.92,200066,1,1,1,30.93
230820,45.85,43.0,42.7,43.3,1,0,14.62,17.92,200566,1,1,1,30.93
231326,45.85,43.0,42.7,43.3,1,0,14.62,17.9,201066,1,1,1,30.93
231833,45.85,43.0,42.7,43.3,1,0,14.62,17.9,201566,1,1,1,30.93
232340,45.85,43.0,42.7,43.3,1,0,14.62,17.9,202066,1,1,1,30.93
232846,45.99,43.0,42.7,43.3,1,0,13.86,17.9,202566,1,1,1,30.9
233352,45.99,43.0,42.7,43.3,1,1,13.86,17.93,203066,1,1,1,30.9
233858,46.03,43.0,42.7,43.3,1,1,13.99,17.97,203566,1,1,1,30.93
234364,46.03,43.0,42.7,43.3,1,1,13.99,17.97,204066,1,1,1,30.93
234870,46.09,43.0,42.7,43.3,1,1,13.8,18.0,204568,1,1,1,30.94
235379,46.19,43.0,42.7,43.3,1,1,13.86,18.0,205068,1,1,1,30.94
235886,46.19,43.0,42.7,43.3,1,1,13.86,18.04,205568,1,1,1,30.94
236392,46.19,43.0,42.7,43.3,1,1,14.38,18.05,206068,1,1,1,30.96
236898,46.19,43.0,42.7,43.3,1,1,14.38,18.05,206568,1,1,1,30.96
237404,46.08,43.0,42.7,43.3,1,1,14.69,18.0,207068,1,1,1,30.94
237910,45.78,43.0,42.7,43.3,1,1,15.01,18.0,207568,1,1,1,30.93
238416,45.78,43.0,42.7,43.3,1,1,15.01,17.88,208068,1,1,1,30.93
238922,45.51,43.0,42.7,43.3,1,1,15.19,17.77,208568,1,1,1,30.92
239428,45.17,43.0,42.7,43.3,1,1,15.34,17.77,209068,1,1,1,30.92
239934,45.17,43.0,42.7,43.3,1,1,15.34,17.66,209568,1,1,1,30.92
240440,45.17,43.0,42.7,43.3,1,1,15.34,17.66,210068,1,1,1,30.92
240946,44.62,43.0,42.7,43.3,1,1,15.49,17.66,210568,1,1,1,30.89
241452,44.62,43.0,42.7,43.3,1,0,15.49,17.44,211068,1,1,1,30.89
241958,44.62,43.0,42.7,43.3,1,0,15.49,17.44,211568,1,1,1,30.89
242464,44.27,43.0,42.7,43.3,1,0,15.42,17.31,212068,1,1,1,30.89
242970,44.27,43.0,42.7,43.3,1,0,15.42,17.31,212568,1,1,1,30.89
243476,43.96,43.0,42.7,43.3,1,0,15.51,17.17,213068,1,1,1,30.86
243982,43.96,43.0,42.7,43.3,1,0,15.51,17.17,213568,1,1,1,30.86
244488,43.74,43.0,42.7,43.3,1,0,14.82,17.17,214068,1,1,1,30.86
244994,43.74,43.0,42.7,43.3,1,0,14.82,17.09,214568,1,1,1,30.86
245500,43.66,43.0,42.7,43.3,1,0,14.75,17.06,215068,1,1,1,30.85
246006,43.61,43.0,42.7,43.3,1,0,14.58,17.06,215568,1,1,1,30.87
246512,43.61,43.0,42.7,43.3,1,0,14.58,17.06,216068,1,1,1,30.87
247018,43.61,43.0,42.7,43.3,1,0,14.58,17.06,216568,1,1,1,30.87
247524,43.56,43.0,42.7,43.3,1,0,14.43,17.01,217080,1,1,1,30.83
248030,43.54,43.0,42.7,43.3,1,0,14.14,17.01,217580,1,1,1,30.87
248536,43.54,43.0,42.7,43.3,1,0,14.14,17.03,218080,1,1,1,30.87
249042,43.48,43.0,42.7,43.3,1,0,14.1,17.03,218580,1,1,1,30.85
249548,43.46,43.0,42.7,43.3,1,0,13.88,16.99,219080,1,1,1,30.85
250054,43.43,43.0,42.7,43.3,1,0,13.97,16.98,219580,1,1,1,30.83
250572,43.45,43.0,42.7,43.3,1,0,14.01,16.96,220080,1,1,1,30.86
251079,43.45,43.0,42.7,43.3,1,0,14.01,16.99,220580,1,1,1,30.86
251585,43.37,43.0,42.7,43.3,1,0,13.84,16.99,221080,1,1,1,30.83
252091,43.37,43.0,42.7,43.3,1,0,13.84,16.94,221580,1,1,1,30.83
252597,43.42,43.0,42.7,43.3,1,0,13.93,16.94,222080,1,1,1,30.85
253103,43.43,43.0,42.7,43.3,1,0,13.53,16.98,223083,1,1,1,30.86
253609,43.43,43.0,42.7,43.3,1,0,13.66,16.97,223583,1,1,1,30.85
254115,43.43,43.0,42.7,43.3,1,0,13.66,16.97,224083,1,1,1,30.85
254621,43.49,43.0,42.7,43.3,1,0,13.53,17.01,224583,1,1,1,30.86
255127,43.5,43.0,42.7,43.3,1,0,13.6,17.0,225083,1,1,1,30.85
255633,43.5,43.0,42.7,43.3,1,0,13.6,17.0,225583,1,1,1,30.85
256139,43.54,43.0,42.7,43.3,1,0,13.53,17.02,226083,1,1,1,30.86
256645,43.58,43.0,42.7,43.3,1,0,13.34,17.04,226598,1,1,1,30.86
257151,43.58,43.0,42.7,43.3,1,0,13.34,17.04,227098,1,1,1,30.86
257657,43.61,43.0,42.7,43.3,1,0,13.6,17.06,227598,1,1,1,30.87
258163,43.61,43.0,42.7,43.3,1,0,13.6,17.06,228098,1,1,1,30.87
258683,43.73,43.0,42.7,43.3,1,0,12.9,17.06,228598,1,1,1,30.87
259190,43.73,43.0,42.7,43.3,1,0,12.9,17.1,229098,1,1,1,30.87
259696,43.73,43.0,42.7,43.3,1,0,12.9,17.1,229598,1,1,1,30.87
260202,43.78,43.0,42.7,43.3,1,0,13.4,17.12,230098,1,1,1,30.87
260708,43.93,43.0,42.7,43.3,1,0,13.27,17.16,230598,1,1,1,30.86
261214,43.93,43.0,42.7,43.3,1,0,13.27,17.16,231098,1,1,1,30.86
261720,43.9,43.0,42.7,43.3,1,0,13.29,17.15,231598,1,1,1,30.86
262226,43.97,43.0,42.7,43.3,1,0,13.49,17.19,232098,1,1,1,30.87
262732,43.97,43.0,42.7,43.3,1,0,13.49,17.19,232598,1,1,1,30.87
263238,43.99,43.0,42.7,43.3,1,0,13.27,17.19,233098,1,1,1,30.86
263744,43.99,43.0,42.7,43.3,1,0,13.27,17.19,233598,1,1,1,30.86
264250,44.04,43.0,42.7,43.3,1,0,13.34,17.23,234098,1,1,1,30.89
264756,44.04,43.0,42.7,43.3,1,0,13.34,17.23,234598,1,1,1,30.89
265262,44.18,43.0,42.7,43.3,1,1,13.05,17.28,235098,1,1,1,30.89
265768,44.18,43.0,42.7,43.3,1,1,13.05,17.28,235598,1,1,1,30.89
266274,44.21,43.0,42.7,43.3,1,1,12.9,17.29,236098,1,1,1,30.89
266780,44.24,43.0,42.7,43.3,1,1,12.99,17.3,236598,1,1,1,30.89
267286,44.24,43.0,42.7,43.3,1,1,12.99,17.3,237098,1,1,1,30.89
267792,44.28,43.0,42.7,43.3,1,1,13.34,17.33,237598,1,1,1,30.9
268298,44.33,43.0,42.7,43.3,1,1,14.12,17.33,238098,1,1,1,30.87
268804,44.33,43.0,42.7,43.3,1,1,14.12,17.32,238598,1,1,1,30.87
269310,44.07,43.0,42.7,43.3,1,1,14.03,17.32,239098,1,1,1,30.87
269816,44.07,43.0,42.7,43.3,1,1,14.03,17.23,239598,1,1,1,30.87
270322,43.68,43.0,42.7,43.3,1,1,14.21,17.06,240098,1,1,1,30.85
270828,43.68,43.0,42.7,43.3,1,1,14.21,17.06,240598,1,1,1,30.85
271334,43.36,43.0,42.7,43.3,1,1,14.62,16.96,241098,1,1,1,30.86
271840,43.05,43.0,42.7,43.3,0,0,14.43,16.85,0,1,1,0,30.86
272346,42.86,43.0,42.7,43.3,0,0,14.38,16.85,500,1,1,0,30.82
272852,42.86,43.0,42.7,43.3,0,0,14.38,16.74,1000,1,1,0,30.82
273358,42.57,43.0,42.7,43.3,0,0,14.49,16.74,1500,1,1,0,30.83
273864,42.57,43.0,42.7,43.3,0,0,14.49,16.64,2000,1,1,0,30.83
274370,42.26,43.0,42.7,43.3,0,0,14.4,16.64,2500,1,1,0,30.8
274888,42.15,43.0,42.7,43.3,0,0,13.93,16.5,3000,1,1,0,30.82
275395,42.15,43.0,42.7,43.3,0,0,13.93,16.47,3500,1,1,0,30.82
275901,42.06,43.0,42.7,43.3,0,0,14.14,16.44,4000,1,1,0,30.82
276407,42.07,43.0,42.7,43.3,0,0,13.95,16.45,4500,1,1,0,30.82
276913,42.02,43.0,42.7,43.3,0,0,14.08,16.45,5000,1,1,0,30.82
277419,42.02,43.0,42.7,43.3,0,0,14.08,16.42,5500,1,1,0,30.82
277925,42.02,43.0,42.7,43.3,0,0,14.08,16.42,6000,1,1,0,30.82
278431,42.02,43.0,42.7,43.3,0,0,14.08,16.42,6500,1,1,0,30.82
278937,42.03,43.0,42.7,43.3,0,0,13.73,16.42,7000,1,1,0,30.8
279443,42.01,43.0,42.7,43.3,0,0,13.64,16.42,7500,1,1,0,30.8
279949,42.01,43.0,42.7,43.3,0,0,13.64,16.41,8000,1,1,0,30.8
280455,41.99,43.0,42.7,43.3,0,0,13.84,16.43,8500,1,1,0,30.83
280961,41.99,43.0,42.7,43.3,0,0,13.84,16.43,9000,1,1,0,30.83
281467,41.99,43.0,42.7,43.3,0,0,14.06,16.43,9500,1,1,0,30.83
281973,41.99,43.0,42.7,43.3,0,0,14.06,16.43,10000,1,1,0,30.83
282479,41.94,43.0,42.7,43.3,0,0,14.03,16.43,10500,1,1,0,30.8
282985,41.94,43.0,42.7,43.3,0,0,14.03,16.38,11000,1,1,0,30.8
283491,41.97,43.0,42.7,43.3,0,0,14.1,16.38,11500,1,1,0,30.8
283997,41.97,43.0,42.7,43.3,0,0,14.1,16.39,12000,1,1,0,30.8
284503,42.02,43.0,42.7,43.3,0,0,14.03,16.42,12500,1,1,0,30.82
285009,41.98,43.0,42.7,43.3,0,0,14.23,16.42,13000,1,1,0,30.82
285515,42.03,43.0,42.7,43.3,0,0,14.27,16.41,13500,1,1,0,30.83
286021,42.03,43.0,42.7,43.3,0,0,14.27,16.44,14000,1,1,0,30.83
286527,42.03,43.0,42.7,43.3,0,0,14.27,16.44,14500,1,1,0,30.83
287033,42.04,43.0,42.7,43.3,0,0,14.62,16.44,15000,1,1,0,30.82
287539,42.04,43.0,42.7,43.3,0,0,14.62,16.43,15500,1,1,0,30.82
288045,42.1,43.0,42.7,43.3,0,0,14.99,16.43,16000,1,1,0,30.82
288551,42.1,43.0,42.7,43.3,0,0,14.99,16.46,16500,1,0,0,30.82
289057,42.18,43.0,42.7,43.3,0,0,14.93,16.46,17000,1,0,0,30.83
289563,42.13,43.0,42.7,43.3,0,0,15.1,16.5,17500,1,1,0,30.82
290072,42.13,43.0,42.7,43.3,0,0,15.1,16.47,18000,1,0,0,30.82
290579,42.22,43.0,42.7,43.3,0,0,15.06,16.47,18500,1,0,0,30.82
291085,42.28,43.0,42.7,43.3,0,0,15.21,16.5,19000,1,0,0,30.83
291591,42.28,43.0,42.7,43.3,0,0,15.21,16.54,19500,1,0,0,30.83
292097,42.28,43.0,42.7,43.3,0,0,15.21,16.54,20000,1,0,0,30.83
292603,42.41,43.0,42.7,43.3,0,0,15.38,16.54,20500,1,0,0,30.82
293109,42.41,43.0,42.7,43.3,0,0,15.38,16.57,21000,1,0,0,30.82
293615,42.4,43.0,42.7,43.3,0,0,15.53,16.57,21500,1,0,0,30.82
294121,42.5,43.0,42.7,43.3,0,0,15.6,16.57,22000,1,0,0,30.83
294627,42.5,43.0,42.7,43.3,0,0,15.6,16.62,22503,1,0,0,30.83
295133,42.59,43.0,42.7,43.3,0,0,15.75,16.66,23505,1,0,0,30.85
295639,42.59,43.0,42.7,43.3,0,0,15.75,16.66,24005,1,0,0,30.85
296145,42.59,43.0,42.7,43.3,0,0,15.75,16.66,24505,1,0,0,30.85
296651,42.67,43.0,42.7,43.3,0,0,15.88,16.69,25005,1,0,0,30.85
297157,42.69,43.0,42.7,43.3,0,0,16.03,16.7,25505,1,0,0,30.85
297663,42.78,43.0,42.7,43.3,0,0,16.07,16.73,26005,1,0,0,30.85
298169,42.78,43.0,42.7,43.3,0,0,16.07,16.73,26505,1,0,0,30.85
298675,42.75,43.0,42.7,43.3,0,0,16.25,16.73,27005,1,0,0,30.86
299181,42.75,43.0,42.7,43.3,0,0,16.25,16.73,27505,1,0,0,30.86
299687,42.85,43.0,42.7,43.3,0,0,16.29,16.77,28005,1,0,0,30.86
300193,42.92,43.0,42.7,43.3,0,0,16.51,16.79,28505,1,0,0,30.85
300699,42.92,43.0,42.7,43.3,0,0,16.51,16.79,29007,1,0,0,30.85
301205,42.95,43.0,42.7,43.3,0,0,16.7,16.82,29508,1,0,0,30.87
301711,42.99,43.0,42.7,43.3,1,0,16.27,16.81,0,1,0,0,30.85
302217,42.99,43.0,42.7,43.3,1,0,16.27,16.81,500,1,0,0,30.85
302724,42.99,43.0,42.7,43.3,1,0,16.27,16.81,1000,1,0,0,30.85
303230,43.03,43.0,42.7,43.3,1,0,16.79,16.84,1500,1,0,0,30.86
303736,43.03,43.0,42.7,43.3,1,0,16.79,16.84,2000,1,0,0,30.86
304242,43.03,43.0,42.7,43.3,1,0,16.79,16.84,2500,1,0,0,30.86
304748,43.18,43.0,42.7,43.3,1,0,17.02,16.89,3000,1,0,0,30.86
305262,43.16,43.0,42.7,43.3,1,0,17.07,16.89,3500,1,0,0,30.89
305769,43.16,43.0,42.7,43.3,1,0,17.07,16.91,4000,1,0,0,30.89
306275,43.25,43.0,42.7,43.3,1,0,17.15,16.94,4500,1,0,0,30.89
306781,43.25,43.0,42.7,43.3,1,0,17.15,16.94,5000,1,0,0,30.89
307287,43.28,43.0,42.7,43.3,1,0,17.0,16.92,5500,1,0,0,30.85
307793,43.28,43.0,42.7,43.3,1,0,17.0,16.92,6000,1,0,0,30.85
308299,43.28,43.0,42.7,43.3,1,0,17.0,16.92,6500,1,0,0,30.85
308805,43.3,43.0,42.7,43.3,1,0,17.45,16.92,7000,1,0,0,30.87
309312,43.3,43.0,42.7,43.3,1,0,17.45,16.95,7500,1,0,0,30.87
309818,43.37,43.0,42.7,43.3,1,0,17.17,16.99,8000,1,0,0,30.89
310324,43.41,43.0,42.7,43.3,1,0,17.07,17.01,8500,1,0,0,30.9
310830,43.43,43.0,42.7,43.3,1,0,17.22,17.01,9000,1,0,0,30.86
311336,43.43,43.0,42.7,43.3,1,0,17.22,16.98,9500,1,0,0,30.86
311842,43.43,43.0,42.7,43.3,1,0,17.22,16.98,10000,1,0,0,30.86
312348,43.5,43.0,42.7,43.3,1,0,16.96,17.05,10500,1,0,0,30.9
312854,43.55,43.0,42.7,43.3,1,0,16.87,17.05,11000,1,0,0,30.89
313360,43.55,43.0,42.7,43.3,1,0,16.87,17.05,11500,1,0,0,30.89
313866,43.57,43.0,42.7,43.3,1,0,16.92,17.06,12000,1,0,0,30.89
314372,43.64,43.0,42.7,43.3,1,0,16.98,17.06,12503,1,0,0,30.87
314878,43.64,43.0,42.7,43.3,1,0,16.98,17.07,13005,1,0,0,30.87
315384,43.64,43.0,42.7,43.3,1,0,16.98,17.07,13505,1,0,0,30.87
315890,43.64,43.0,42.7,43.3,1,0,16.98,17.07,14005,1,0,0,30.87
316396,43.67,43.0,42.7,43.3,1,0,16.74,17.08,14505,1,0,0,30.87
316903,43.7,43.0,42.7,43.3,1,0,16.68,17.08,15005,1,0,0,30.92
317410,43.7,43.0,42.7,43.3,1,0,16.68,17.13,15505,1,0,0,30.92
317916,43.7,43.0,42.7,43.3,1,0,16.68,17.13,16005,1,0,0,30.92
318422,43.75,43.0,42.7,43.3,1,0,16.51,17.13,16505,1,0,0,30.9
318928,43.75,43.0,42.7,43.3,1,0,16.51,17.14,17005,1,0,0,30.9
319434,43.73,43.0,42.7,43.3,1,0,16.46,17.12,17505,1,0,0,30.89
319940,43.83,43.0,42.7,43.3,1,0,16.07,17.12,18005,1,0,0,30.89
320446,43.83,43.0,42.7,43.3,1,0,16.07,17.15,18505,1,0,0,30.89
320953,43.88,43.0,42.7,43.3,1,0,16.27,17.2,19016,1,0,0,30.92
321459,43.88,43.0,42.7,43.3,1,0,16.27,17.2,19516,1,0,0,30.92
321965,43.82,43.0,42.7,43.3,1,0,16.2,17.16,20016,1,0,0,30.9
322471,43.89,43.0,42.7,43.3,1,0,16.16,17.2,20516,1,0,0,30.92
322977,43.92,43.0,42.7,43.3,1,0,16.07,17.2,21016,1,0,0,30.87
323483,43.92,43.0,42.7,43.3,1,0,16.07,17.17,21516,1,0,0,30.87
323989,43.95,43.0,42.7,43.3,1,0,16.76,17.17,22016,1,0,0,30.9
324498,43.95,43.0,42.7,43.3,1,0,16.76,17.21,22516,1,0,0,30.9
325005,43.95,43.0,42.7,43.3,1,0,16.76,17.21,23016,1,0,0,30.9
325511,43.97,43.0,42.7,43.3,1,0,15.92,17.22,23516,1,0,0,30.9
326017,43.97,43.0,42.7,43.3,1,0,15.92,17.22,24016,1,0,0,30.9
326523,44.05,43.0,42.7,43.3,1,0,15.84,17.25,24516,1,0,0,30.9
327029,44.05,43.0,42.7,43.3,1,0,15.84,17.25,25016,1,0,0,30.9
327535,44.05,43.0,42.7,43.3,1,0,15.84,17.25,25516,1,0,0,30.9
328041,44.12,43.0,42.7,43.3,1,0,15.66,17.25,26016,1,0,0,30.9
328547,44.12,43.0,42.7,43.3,1,0,15.66,17.27,26516,1,1,0,30.9
329053,44.15,43.0,42.7,43.3,1,0,15.6,17.27,27016,1,1,0,30.92
329559,44.16,43.0,42.7,43.3,1,0,15.53,17.29,27516,1,1,0,30.92
330065,44.16,43.0,42.7,43.3,1,0,15.53,17.3,28016,1,1,0,30.92
330571,44.22,43.0,42.7,43.3,1,0,15.47,17.3,28516,1,1,0,30.9
331080,44.22,43.0,42.7,43.3,1,0,15.47,17.31,29016,1,1,0,30.9
331586,44.26,43.0,42.7,43.3,1,0,15.4,17.31,29516,1,1,0,30.92
332092,44.26,43.0,42.7,43.3,1,0,15.4,17.33,30016,1,1,0,30.92
332598,44.26,43.0,42.7,43.3,1,0,15.4,17.33,30516,1,1,0,30.92
333104,44.34,43.0,42.7,43.3,1,0,15.27,17.33,31016,1,1,0,30.92
333610,44.3,43.0,42.7,43.3,1,0,15.23,17.36,31516,1,1,0,30.93
334116,44.34,43.0,42.7,43.3,1,0,15.25,17.36,32016,1,1,0,30.93
334622,44.34,43.0,42.7,43.3,1,0,15.25,17.37,32516,1,1,0,30.93
335128,44.37,43.0,42.7,43.3,1,0,15.12,17.37,33016,1,1,0,30.93
335634,44.37,43.0,42.7,43.3,1,0,15.12,17.38,33516,1,1,0,30.93
336140,44.41,43.0,42.7,43.3,1,0,15.16,17.38,34016,1,1,0,30.92
336646,44.45,43.0,42.7,43.3,1,0,15.21,17.39,34516,1,1,0,30.93
337152,44.45,43.0,42.7,43.3,1,0,14.95,17.41,35016,1,1,0,30.92
337658,44.45,43.0,42.7,43.3,1,0,14.95,17.4,36021,1,1,0,30.92
338164,44.51,43.0,42.7,43.3,1,0,15.16,17.42,36521,1,1,0,30.92
338670,44.51,43.0,42.7,43.3,1,0,15.16,17.42,37021,1,1,0,30.92
339176,44.47,43.0,42.7,43.3,1,0,14.75,17.42,37521,1,1,0,30.93
339682,44.54,43.0,42.7,43.3,1,0,15.29,17.42,38021,1,1,0,30.9
340188,44.54,43.0,42.7,43.3,1,0,15.29,17.42,38521,1,1,0,30.9
340694,44.5,43.0,42.7,43.3,1,0,14.71,17.42,39021,1,1,0,30.92
341200,44.55,43.0,42.7,43.3,1,0,14.75,17.44,39536,1,1,0,30.92
341706,44.55,43.0,42.7,43.3,1,0,14.75,17.44,40036,1,1,0,30.92
342212,44.55,43.0,42.7,43.3,1,0,14.75,17.44,40536,1,1,0,30.92
342718,44.55,43.0,42.7,43.3,1,0,14.75,17.44,41036,1,1,0,30.92
343224,44.58,43.0,42.7,43.3,1,0,14.58,17.43,41536,1,1,0,30.9
343730,44.58,43.0,42.7,43.3,1,0,14.58,17.43,42036,1,1,0,30.9
344236,44.62,43.0,42.7,43.3,1,0,14.43,17.45,42536,1,1,0,30.9
344742,44.62,43.0,42.7,43.3,1,0,14.43,17.45,43036,1,1,0,30.9
345248,44.62,43.0,42.7,43.3,1,0,14.43,17.45,43536,1,1,0,30.9
345754,44.64,43.0,42.7,43.3,1,0,14.21,17.48,44036,1,1,0,30.93
346260,44.64,43.0,42.7,43.3,1,0,14.21,17.48,44536,1,1,0,30.93
346766,44.66,43.0,42.7,43.3,1,0,14.23,17.48,45037,1,1,0,30.92
347272,44.66,43.0,42.7,43.3,1,0,14.23,17.48,45537,1,1,0,30.92
347778,44.66,43.0,42.7,43.3,1,0,14.23,17.48,46037,1,1,0,30.92
348284,44.66,43.0,42.7,43.3,1,0,14.14,17.49,46537,1,1,0,30.93
348790,44.66,43.0,42.7,43.3,1,0,14.14,17.49,47037,1,1,0,30.93
349296,44.63,43.0,42.7,43.3,1,0,14.17,17.49,47537,1,1,0,30.97
349802,44.63,43.0,42.7,43.3,1,0,14.17,17.52,48037,1,1,0,30.97
350308,44.63,43.0,42.7,43.3,1,0,14.17,17.52,48537,1,1,0,30.97
350814,44.68,43.0,42.7,43.3,1,0,13.84,17.52,49037,1,1,0,30.94
351320,44.68,43.0,42.7,43.3,1,0,13.84,17.51,49537,1,1,0,30.94
351826,44.68,43.0,42.7,43.3,1,0,13.84,17.51,50037,1,1,0,30.94
352332,44.7,43.0,42.7,43.3,1,0,13.97,17.5,50537,1,1,0,30.93
352838,44.7,43.0,42.7,43.3,1,0,13.97,17.5,51037,1,1,0,30.93
353344,44.7,43.0,42.7,43.3,1,0,13.97,17.5,51537,1,1,0,30.93
353850,44.7,43.0,42.7,43.3,1,0,13.95,17.49,52037,1,1,0,30.92
354356,44.7,43.0,42.7,43.3,1,0,13.95,17.49,52537,1,1,0,30.92
354862,44.7,43.0,42.7,43.3,1,0,13.95,17.49,53037,1,1,0,30.92
355368,44.7,43.0,42.7,43.3,1,0,13.95,17.49,53537,1,1,0,30.92
355874,44.69,43.0,42.7,43.3,1,0,13.95,17.5,54037,1,1,0,30.93
356381,44.66,43.0,42.7,43.3,1,0,13.69,17.5,54537,1,1,0,30.93
356888,44.66,43.0,42.7,43.3,1,0,13.69,17.49,55037,1,1,0,30.93
357394,44.66,43.0,42.7,43.3,1,0,13.69,17.49,55537,1,1,0,30.93
357900,44.66,43.0,42.7,43.3,1,0,13.69,17.49,56037,1,1,0,30.93
358406,44.68,43.0,42.7,43.3,1,0,13.6,17.51,56537,1,1,0,30.94
358912,44.68,43.0,42.7,43.3,1,0,13.6,17.51,57037,1,1,0,30.94
359418,44.66,43.0,42.7,43.3,1,0,13.53,17.51,57537,1,1,0,30.93
359925,44.69,43.0,42.7,43.3,1,0,13.4,17.49,58037,1,1,0,30.94
360432,44.69,43.0,42.7,43.3,1,0,13.4,17.51,58537,1,1,0,30.94
360938,44.64,43.0,42.7,43.3,1,0,13.18,17.48,59037,1,1,0,30.93
361444,44.64,43.0,42.7,43.3,1,0,13.18,17.48,59537,1,1,0,30.93
361950,44.65,43.0,42.7,43.3,1,0,13.27,17.48,60037,1,1,0,30.94
362456,44.65,43.0,42.7,43.3,1,0,13.27,17.5,60537,1,1,0,30.94
362962,44.65,43.0,42.7,43.3,1,0,13.27,17.5,61037,1,1,0,30.94
363468,44.64,43.0,42.7,43.3,1,0,13.31,17.49,61542,1,1,0,30.94
363974,44.64,43.0,42.7,43.3,1,0,13.31,17.49,62042,1,1,0,30.94
364480,44.58,43.0,42.7,43.3,1,0,13.86,17.49,62542,1,1,0,30.94
364986,44.58,43.0,42.7,43.3,1,0,13.86,17.47,63042,1,1,0,30.94
365492,44.61,43.0,42.7,43.3,1,0,13.12,17.46,63542,1,1,0,30.92
365998,44.61,43.0,42.7,43.3,1,0,13.36,17.46,64042,1,1,0,30.94
366504,44.61,43.0,42.7,43.3,1,0,13.36,17.48,64542,1,1,0,30.94
367010,44.56,43.0,42.7,43.3,1,0,13.12,17.48,65042,1,1,0,30.94
367516,44.56,43.0,42.7,43.3,1,0,13.12,17.47,65542,1,1,0,30.94
368022,44.56,43.0,42.7,43.3,1,0,13.12,17.47,66042,1,1,0,30.94
368528,44.54,43.0,42.7,43.3,1,0,13.1,17.46,66542,1,1,0,30.94
369034,44.53,43.0,42.7,43.3,1,0,13.07,17.46,67042,1,1,0,30.94
369540,44.52,43.0,42.7,43.3,1,0,12.9,17.46,67542,1,1,0,30.96
370046,44.52,43.0,42.7,43.3,1,0,12.9,17.46,68042,1,1,0,30.96
370552,44.52,43.0,42.7,43.3,1,0,12.9,17.46,68552,1,1,0,30.96
371058,44.52,43.0,42.7,43.3,1,0,12.83,17.46,69052,1,1,0,30.96
371564,44.52,43.0,42.7,43.3,1,0,12.83,17.46,69552,1,1,0,30.96
372071,44.49,43.0,42.7,43.3,1,0,12.99,17.46,70052,1,1,0,30.94
372577,44.48,43.0,42.7,43.3,1,0,12.85,17.44,70552,1,1,0,30.96
373083,44.52,43.0,42.7,43.3,1,0,12.72,17.45,71052,1,1,0,30.94
373589,44.52,43.0,42.7,43.3,1,0,12.72,17.45,71552,1,1,0,30.94
374095,44.52,43.0,42.7,43.3,1,0,12.72,17.45,72052,1,1,0,30.94
374601,44.52,43.0,42.7,43.3,1,0,12.72,17.45,72552,1,1,0,30.94
375107,44.4,43.0,42.7,43.3,1,0,12.02,17.45,73052,1,1,0,30.96
375613,44.4,43.0,42.7,43.3,1,0,12.02,17.42,73552,1,1,0,30.96
376119,44.4,43.0,42.7,43.3,1,0,12.02,17.42,74052,1,1,0,30.96
376625,44.4,43.0,42.7,43.3,1,0,12.02,17.42,74552,1,1,0,30.96
377131,44.37,43.0,42.7,43.3,1,1,12.64,17.4,75052,1,1,1,30.94
377637,44.37,43.0,42.7,43.3,1,1,12.64,17.4,75552,1,1,1,30.94
378143,44.32,43.0,42.7,43.3,1,1,12.57,17.4,76052,1,1,1,30.97
378649,44.36,43.0,42.7,43.3,1,1,12.77,17.4,76552,1,1,1,30.97
379155,44.36,43.0,42.7,43.3,1,1,12.77,17.42,77052,1,1,1,30.97
379661,44.36,43.0,42.7,43.3,1,1,12.77,17.42,77552,1,1,1,30.97
380167,44.49,43.0,42.7,43.3,1,1,13.25,17.42,78052,1,1,1,30.94
380673,44.49,43.0,42.7,43.3,1,1,13.25,17.44,78552,1,1,1,30.94
381179,44.42,43.0,42.7,43.3,1,1,13.47,17.44,79052,1,1,1,30.93
381685,44.11,43.0,42.7,43.3,1,1,13.84,17.4,79552,1,1,1,30.92
382192,44.11,43.0,42.7,43.3,1,1,13.84,17.28,80555,1,1,1,30.92
382698,43.43,43.0,42.7,43.3,1,1,14.14,17.03,81056,1,1,1,30.92
383204,43.43,43.0,42.7,43.3,1,1,14.14,17.03,81556,1,1,1,30.92
383710,42.8,43.0,42.7,43.3,0,0,14.32,16.78,0,1,1,0,30.89
384216,42.53,43.0,42.7,43.3,0,0,14.03,16.69,500,1,1,0,30.9
384722,42.53,43.0,42.7,43.3,0,0,14.03,16.69,1000,1,1,0,30.9
385228,42.53,43.0,42.7,43.3,0,0,14.03,16.69,1500,1,1,0,30.9
385734,41.98,43.0,42.7,43.3,0,0,14.12,16.45,2000,1,1,0,30.86
386240,41.83,43.0,42.7,43.3,0,0,13.86,16.41,2500,1,1,0,30.87
386746,41.83,43.0,42.7,43.3,0,0,13.86,16.41,3000,1,1,0,30.87
387252,41.59,43.0,42.7,43.3,0,0,13.66,16.28,3500,1,1,0,30.83
387758,41.47,43.0,42.7,43.3,0,0,13.62,16.24,4000,1,1,0,30.85
388264,41.35,43.0,42.7,43.3,0,0,13.18,16.24,4500,1,1,0,30.83
388770,41.35,43.0,42.7,43.3,0,0,13.18,16.19,5000,1,1,0,30.83
389276,41.35,43.0,42.7,43.3,0,0,13.18,16.19,5500,1,1,0,30.83
389783,41.35,43.0,42.7,43.3,0,0,13.18,16.19,6000,1,1,0,30.83
390290,41.35,43.0,42.7,43.3,0,0,13.18,16.19,6500,1,1,0,30.83
390796,41.17,43.0,42.7,43.3,0,0,13.42,16.09,7000,1,1,0,30.8
391302,41.17,43.0,42.7,43.3,0,0,13.42,16.09,7500,1,1,0,30.8
391808,41.17,43.0,42.7,43.3,0,0,13.47,16.1,8000,1,1,0,30.82
392314,41.17,43.0,42.7,43.3,0,0,13.34,16.1,8500,1,1,0,30.79
392820,41.17,43.0,42.7,43.3,0,0,13.34,16.08,9000,1,1,0,30.79
393326,41.15,43.0,42.7,43.3,0,0,14.08,16.1,9500,1,1,0,30.82
393832,41.2,43.0,42.7,43.3,0,0,13.45,16.1,10000,1,1,0,30.8
394338,41.18,43.0,42.7,43.3,0,0,13.62,16.11,10500,1,1,0,30.82
394844,41.18,43.0,42.7,43.3,0,0,13.62,16.11,11000,1,1,0,30.82
395350,41.18,43.0,42.7,43.3,0,0,13.62,16.11,11500,1,1,0,30.82
395856,41.18,43.0,42.7,43.3,0,0,13.62,16.11,12000,1,1,0,30.82
396362,41.2,43.0,42.7,43.3,0,0,13.69,16.13,12500,1,1,0,30.83
396868,41.2,43.0,42.7,43.3,0,0,13.69,16.13,13000,1,1,0,30.83
397374,41.27,43.0,42.7,43.3,0,0,13.84,16.14,13500,1,1,0,30.82
397881,41.26,43.0,42.7,43.3,0,0,14.01,16.14,14000,1,1,0,30.82
398388,41.26,43.0,42.7,43.3,0,0,14.01,16.14,14500,1,1,0,30.82
398894,41.3,43.0,42.7,43.3,0,0,13.73,16.14,15000,1,1,0,30.85
399400,41.3,43.0,42.7,43.3,0,0,13.73,16.18,15500,1,1,0,30.85
399906,41.3,43.0,42.7,43.3,0,0,13.73,16.18,16000,1,1,0,30.85
400412,41.43,43.0,42.7,43.3,0,0,14.36,16.21,16500,1,1,0,30.82
400918,41.44,43.0,42.7,43.3,0,0,14.43,16.21,17000,1,1,0,30.85
401424,41.44,43.0,42.7,43.3,0,0,14.43,16.23,17500,1,1,0,30.85
401930,41.46,43.0,42.7,43.3,0,0,14.58,16.22,18000,1,1,0,30.82
402436,41.48,43.0,42.7,43.3,0,0,14.58,16.22,18500,1,1,0,30.85
402942,41.48,43.0,42.7,43.3,0,0,14.58,16.25,19000,1,1,0,30.85
403448,41.48,43.0,42.7,43.3,0,0,14.58,16.25,19500,1,1,0,30.85
403954,41.48,43.0,42.7,43.3,0,0,14.58,16.25,20000,1,1,0,30.85
404460,41.62,43.0,42.7,43.3,0,0,14.86,16.25,20500,1,1,0,30.85
404968,41.68,43.0,42.7,43.3,0,0,15.51,16.3,21000,1,0,0,30.83
405475,41.68,43.0,42.7,43.3,0,0,15.51,16.31,21500,1,0,0,30.83
405981,41.68,43.0,42.7,43.3,0,0,15.51,16.31,22000,1,0,0,30.83
406487,41.71,43.0,42.7,43.3,0,0,15.19,16.34,22500,1,0,0,30.85
406993,41.77,43.0,42.7,43.3,0,0,14.97,16.34,23000,1,0,0,30.85
407499,41.77,43.0,42.7,43.3,0,0,14.97,16.36,23500,1,0,0,30.85
408005,41.82,43.0,42.7,43.3,0,0,15.4,16.36,24000,1,0,0,30.85
408511,41.86,43.0,42.7,43.3,0,0,15.42,16.38,24500,1,0,0,30.87
409017,41.86,43.0,42.7,43.3,0,0,15.42,16.42,25000,1,0,0,30.87
409523,41.86,43.0,42.7,43.3,0,0,16.18,16.39,25500,1,0,0,30.85
410029,41.87,43.0,42.7,43.3,0,0,15.71,16.39,26000,1,0,0,30.85
410535,41.92,43.0,42.7,43.3,0,0,15.84,16.4,26500,1,0,0,30.86
411041,41.92,43.0,42.7,43.3,0,0,15.84,16.43,27000,1,0,0,30.86
411547,41.92,43.0,42.7,43.3,0,0,15.84,16.43,27500,1,0,0,30.86
412053,42.02,43.0,42.7,43.3,0,0,16.01,16.43,28000,1,0,0,30.86
412561,42.02,43.0,42.7,43.3,0,0,16.01,16.46,28500,1,0,0,30.86
413068,42.02,43.0,42.7,43.3,0,0,15.97,16.48,29000,1,0,0,30.87
413574,42.09,43.0,42.7,43.3,0,0,16.05,16.48,29500,1,0,0,30.87
414080,42.08,43.0,42.7,43.3,0,0,16.83,16.5,30000,1,0,0,30.85
414586,42.08,43.0,42.7,43.3,0,0,16.83,16.47,30500,1,0,0,30.85
415092,42.09,43.0,42.7,43.3,0,0,16.46,16.5,31000,1,0,0,30.87
415598,42.09,43.0,42.7,43.3,0,0,16.46,16.5,31500,1,0,0,30.87
416104,42.15,43.0,42.7,43.3,0,0,16.22,16.5,32000,1,0,0,30.87
416610,42.14,43.0,42.7,43.3,0,0,16.46,16.53,32500,1,0,0,30.86
417116,42.14,43.0,42.7,43.3,0,0,16.46,16.51,33000,1,0,0,30.86
417622,42.14,43.0,42.7,43.3,0,0,16.46,16.51,33500,1,0,0,30.86
418128,42.23,43.0,42.7,43.3,0,0,16.63,16.55,34013,1,0,0,30.87
418634,42.23,43.0,42.7,43.3,0,0,16.63,16.55,34513,1,0,0,30.87
419140,42.29,43.0,42.7,43.3,0,0,16.87,16.57,35013,1,0,0,30.87
419646,42.29,43.0,42.7,43.3,0,0,17.11,16.57,35513,1,0,0,30.92
420152,42.31,43.0,42.7,43.3,0,0,17.2,16.61,36013,1,0,0,30.86
420658,42.31,43.0,42.7,43.3,0,0,17.2,16.57,36513,1,0,0,30.86
421164,42.31,43.0,42.7,43.3,0,0,17.2,16.57,37013,1,0,0,30.86
421670,42.4,43.0,42.7,43.3,0,0,17.11,16.57,37513,1,0,0,30.89
422176,42.4,43.0,42.7,43.3,0,0,17.11,16.63,38013,1,0,0,30.89
422682,42.4,43.0,42.7,43.3,0,0,17.11,16.63,38513,1,0,0,30.89
423188,42.43,43.0,42.7,43.3,0,0,17.24,16.63,39013,1,0,0,30.87
423694,42.43,43.0,42.7,43.3,0,0,17.24,16.63,39513,1,0,0,30.87
424200,42.45,43.0,42.7,43.3,0,0,17.54,16.63,40013,1,0,0,30.89
424706,42.45,43.0,42.7,43.3,0,0,17.54,16.65,40517,1,0,0,30.89
425212,42.47,43.0,42.7,43.3,0,0,17.48,16.66,41519,1,0,0,30.89
425718,42.52,43.0,42.7,43.3,0,0,17.58,16.69,42019,1,0,0,30.9
426224,42.52,43.0,42.7,43.3,0,0,17.58,16.69,42519,1,0,0,30.9
426730,42.52,43.0,42.7,43.3,0,0,17.58,16.69,43019,1,0,0,30.9
427236,42.53,43.0,42.7,43.3,0,0,17.63,16.68,43519,1,0,0,30.89
427756,42.61,43.0,42.7,43.3,0,0,18.04,16.68,44019,1,0,0,30.9
428263,42.61,43.0,42.7,43.3,0,0,18.04,16.72,44519,1,0,0,30.9
428769,42.62,43.0,42.7,43.3,0,0,18.04,16.72,45019,1,0,0,30.89
429275,42.62,43.0,42.7,43.3,0,0,18.04,16.71,45519,1,0,0,30.89
429781,42.64,43.0,42.7,43.3,0,0,18.08,16.73,46019,1,0,0,30.9
430287,42.64,43.0,42.7,43.3,0,0,18.08,16.73,46519,1,0,0,30.9
430793,42.71,43.0,42.7,43.3,1,0,18.36,16.75,0,1,0,0,30.89
431299,42.71,43.0,42.7,43.3,1,0,18.34,16.77,500,1,0,0,30.92
431805,42.71,43.0,42.7,43.3,1,0,18.34,16.77,1000,1,0,0,30.92
432311,42.72,43.0,42.7,43.3,1,0,18.6,16.76,1500,1,0,0,30.9
432817,42.72,43.0,42.7,43.3,1,0,18.6,16.75,2000,1,0,0,30.89
433323,42.75,43.0,42.7,43.3,1,0,18.38,16.75,2500,1,0,0,30.9
433829,42.75,43.0,42.7,43.3,1,0,18.38,16.77,3000,1,0,0,30.9
434335,42.78,43.0,42.7,43.3,1,0,18.53,16.79,3500,1,0,0,30.9
434841,42.78,43.0,42.7,43.3,1,0,18.53,16.79,4000,1,0,0,30.9
435347,42.77,43.0,42.7,43.3,1,0,18.49,16.79,4500,1,0,0,30.92
435855,42.77,43.0,42.7,43.3,1,0,18.49,16.79,5000,1,0,0,30.92
436361,42.83,43.0,42.7,43.3,1,0,18.66,16.81,5500,1,0,0,30.92
436867,42.83,43.0,42.7,43.3,1,0,18.66,16.81,6000,1,0,0,30.92
437373,42.83,43.0,42.7,43.3,1,0,18.66,16.81,6500,1,0,0,30.92
437879,42.91,43.0,42.7,43.3,1,0,18.47,16.81,7000,1,0,0,30.9
438385,42.91,43.0,42.7,43.3,1,0,18.47,16.83,7500,1,0,0,30.9
438891,42.93,43.0,42.7,43.3,1,0,18.55,16.86,8000,1,0,0,30.93
439400,42.91,43.0,42.7,43.3,1,0,18.49,16.86,8500,1,0,0,30.9
439907,42.91,43.0,42.7,43.3,1,0,18.49,16.83,9000,1,0,0,30.9
440413,42.93,43.0,42.7,43.3,1,0,18.27,16.86,9500,1,0,0,30.93
440919,42.94,43.0,42.7,43.3,1,0,18.27,16.86,10000,1,0,0,30.92
441425,42.94,43.0,42.7,43.3,1,0,18.27,16.86,10500,1,0,0,30.92
441931,43.0,43.0,42.7,43.3,1,0,18.19,16.88,11000,1,0,0,30.92
442437,43.0,43.0,42.7,43.3,1,0,17.82,16.87,11500,1,0,0,30.9
442943,43.05,43.0,42.7,43.3,1,0,18.25,16.87,12000,1,0,0,30.92
443449,43.05,43.0,42.7,43.3,1,0,18.25,16.89,12500,1,0,0,30.92
443955,43.07,43.0,42.7,43.3,1,0,18.12,16.9,13000,1,0,0,30.92
444461,43.08,43.0,42.7,43.3,1,0,17.95,16.9,13500,1,0,0,30.93
444967,43.09,43.0,42.7,43.3,1,0,18.01,16.92,14000,1,0,0,30.93
445473,43.09,43.0,42.7,43.3,1,0,18.01,16.92,14500,1,0,0,30.93
445979,43.12,43.0,42.7,43.3,1,0,17.82,16.92,15000,1,0,0,30.92
446485,43.12,43.0,42.7,43.3,1,0,17.82,16.92,15500,1,0,0,30.92
446991,43.16,43.0,42.7,43.3,1,0,17.78,16.94,16000,1,0,0,30.92
447497,43.16,43.0,42.7,43.3,1,0,17.78,16.94,16500,1,0,0,30.92
448003,43.15,43.0,42.7,43.3,1,0,17.67,16.96,17000,1,0,0,30.94
448509,43.21,43.0,42.7,43.3,1,0,17.58,16.96,17500,1,0,0,30.92
449015,43.21,43.0,42.7,43.3,1,0,17.58,16.95,18000,1,0,0,30.92
449521,43.25,43.0,42.7,43.3,1,0,17.58,16.97,18505,1,0,0,30.92
450027,43.28,43.0,42.7,43.3,1,0,17.56,16.97,19005,1,0,0,30.92
450533,43.28,43.0,42.7,43.3,1,0,17.56,16.98,19505,1,0,0,30.92
451039,43.28,43.0,42.7,43.3,1,0,17.56,16.98,20005,1,0,0,30.92
451545,43.28,43.0,42.7,43.3,1,0,17.56,16.98,20505,1,0,0,30.92
452051,43.41,43.0,42.7,43.3,1,0,17.26,16.98,21005,1,0,0,30.93
452558,43.45,43.0,42.7,43.3,1,0,17.15,17.04,21505,1,0,0,30.93
453065,43.45,43.0,42.7,43.3,1,0,17.15,17.05,22005,1,0,0,30.93
453571,43.45,43.0,42.7,43.3,1,0,17.15,17.05,22505,1,0,0,30.93
454077,43.49,43.0,42.7,43.3,1,0,17.2,17.07,23005,1,0,0,30.93
454583,43.49,43.0,42.7,43.3,1,0,17.24,17.07,23505,1,0,0,30.94
455089,43.59,43.0,42.7,43.3,1,0,17.0,17.08,24005,1,0,0,30.93
455595,43.59,43.0,42.7,43.3,1,0,17.0,17.1,24505,1,0,0,30.93
456101,43.59,43.0,42.7,43.3,1,0,16.94,17.1,25005,1,0,0,30.93
456607,43.63,43.0,42.7,43.3,1,0,16.81,17.1,25505,1,0,0,30.94
457116,43.62,43.0,42.7,43.3,1,0,16.7,17.13,26005,1,0,0,30.94
457623,43.62,43.0,42.7,43.3,1,0,16.7,17.13,26505,1,0,0,30.94
458129,43.62,43.0,42.7,43.3,1,0,16.7,17.13,27005,1,0,0,30.94
458635,43.62,43.0,42.7,43.3,1,0,16.7,17.13,27505,1,0,0,30.94
459141,43.74,43.0,42.7,43.3,1,0,16.72,17.17,28005,1,0,0,30.94
459647,43.74,43.0,42.7,43.3,1,0,16.72,17.17,28505,1,0,0,30.94
460153,43.81,43.0,42.7,43.3,1,0,15.68,17.17,29005,1,0,0,30.94
460659,43.81,43.0,42.7,43.3,1,0,15.68,17.2,29505,1,1,0,30.94
461165,43.86,43.0,42.7,43.3,1,0,15.94,17.2,30005,1,1,0,30.93
461671,43.86,43.0,42.7,43.3,1,0,15.94,17.2,30505,1,0,0,30.93
462177,43.88,43.0,42.7,43.3,1,0,16.25,17.2,31005,1,0,0,30.94
462683,43.88,43.0,42.7,43.3,1,0,16.25,17.22,31505,1,0,0,30.94
463189,43.98,43.0,42.7,43.3,1,0,16.14,17.24,32013,1,0,0,30.93
463695,43.99,43.0,42.7,43.3,1,0,16.18,17.24,32513,1,0,0,30.94
464201,43.98,43.0,42.7,43.3,1,0,16.14,17.26,33013,1,0,0,30.93
464707,43.98,43.0,42.7,43.3,1,0,16.14,17.24,33513,1,0,0,30.93
465213,44.04,43.0,42.7,43.3,1,0,15.9,17.24,34013,1,0,0,30.94
465719,44.04,43.0,42.7,43.3,1,0,15.9,17.28,34513,1,0,0,30.94
466225,44.09,43.0,42.7,43.3,1,0,15.73,17.31,35513,1,1,0,30.96
466731,44.1,43.0,42.7,43.3,1,0,15.9,17.29,36013,1,0,0,30.93
467237,44.1,43.0,42.7,43.3,1,0,15.9,17.29,36513,1,0,0,30.93
467743,44.1,43.0,42.7,43.3,1,0,15.9,17.29,37013,1,0,0,30.93
468249,44.1,43.0,42.7,43.3,1,0,15.9,17.29,37513,1,0,0,30.93
468755,44.22,43.0,42.7,43.3,1,0,15.64,17.35,38013,1,1,0,30.94
469261,44.19,43.0,42.7,43.3,1,0,16.29,17.34,38513,1,0,0,30.94
469767,44.19,43.0,42.7,43.3,1,0,16.29,17.34,39013,1,0,0,30.94
470273,44.25,43.0,42.7,43.3,1,0,15.53,17.35,39513,1,1,0,30.94
470779,44.24,43.0,42.7,43.3,1,0,15.45,17.36,40013,1,1,0,30.96
471285,44.24,43.0,42.7,43.3,1,0,15.45,17.36,40513,1,1,0,30.96
471791,44.27,43.0,42.7,43.3,1,0,16.01,17.35,41013,1,0,0,30.93
472301,44.35,43.0,42.7,43.3,1,0,15.32,17.35,41513,1,0,0,30.93
472808,44.35,43.0,42.7,43.3,1,0,15.32,17.38,42013,1,1,0,30.93
473314,44.3,43.0,42.7,43.3,1,0,15.19,17.36,42513,1,1,0,30.93
473820,44.3,43.0,42.7,43.3,1,0,15.19,17.36,43013,1,1,0,30.93
474326,44.3,43.0,42.7,43.3,1,0,15.19,17.36,43513,1,1,0,30.93
474832,44.4,43.0,42.7,43.3,1,0,15.08,17.42,44013,1,1,0,30.96
475338,44.4,43.0,42.7,43.3,1,0,15.08,17.42,44513,1,1,0,30.96
475844,44.4,43.0,42.7,43.3,1,0,15.08,17.42,45013,1,1,0,30.96
476350,44.37,43.0,42.7,43.3,1,0,14.88,17.38,45513,1,1,0,30.93
476856,44.38,43.0,42.7,43.3,1,0,15.27,17.4,46013,1,1,0,30.94
477362,44.38,43.0,42.7,43.3,1,0,15.27,17.4,46513,1,1,0,30.94
477868,44.41,43.0,42.7,43.3,1,0,15.06,17.44,47013,1,1,0,30.97
478374,44.4,43.0,42.7,43.3,1,0,14.99,17.42,47513,1,1,0,30.96
478880,44.4,43.0,42.7,43.3,1,0,14.99,17.42,48013,1,1,0,30.96
479386,44.49,43.0,42.7,43.3,1,0,14.75,17.42,48513,1,1,0,30.94
479892,44.49,43.0,42.7,43.3,1,0,14.75,17.44,49013,1,1,0,30.94
480398,44.45,43.0,42.7,43.3,1,0,14.69,17.45,49513,1,1,0,30.97
480904,44.45,43.0,42.7,43.3,1,0,14.6,17.41,50013,1,1,0,30.93
481410,44.45,43.0,42.7,43.3,1,0,14.6,17.41,50513,1,1,0,30.93
481916,44.45,43.0,42.7,43.3,1,0,14.6,17.41,51013,1,1,0,30.93
482422,44.45,43.0,42.7,43.3,1,0,14.6,17.41,51513,1,1,0,30.93
482928,44.45,43.0,42.7,43.3,1,0,14.6,17.41,52013,1,1,0,30.93
483434,44.47,43.0,42.7,43.3,1,0,14.14,17.46,52513,1,1,0,30.97
483940,44.42,43.0,42.7,43.3,1,0,14.6,17.46,53013,1,1,0,30.96
484446,44.42,43.0,42.7,43.3,1,0,14.6,17.43,53513,1,1,0,30.96
484952,44.49,43.0,42.7,43.3,1,0,14.32,17.43,54013,1,1,0,30.96
485458,44.49,43.0,42.7,43.3,1,0,14.32,17.45,54513,1,1,0,30.96
485964,44.51,43.0,42.7,43.3,1,0,14.64,17.45,55013,1,1,0,30.94
486470,44.48,43.0,42.7,43.3,1,0,14.3,17.45,55513,1,1,0,30.97
486981,44.53,43.0,42.7,43.3,1,0,14.17,17.46,56013,1,1,0,30.97
487488,44.53,43.0,42.7,43.3,1,0,14.17,17.48,56513,1,1,0,30.97
487994,44.51,43.0,42.7,43.3,1,0,14.19,17.48,57013,1,1,0,30.94
488500,44.51,43.0,42.7,43.3,1,0,14.19,17.45,57513,1,1,0,30.94
489006,44.52,43.0,42.7,43.3,1,0,14.01,17.48,58013,1,1,0,30.97
489512,44.52,43.0,42.7,43.3,1,0,14.01,17.48,58513,1,1,0,30.97
490018,44.46,43.0,42.7,43.3,1,0,14.01,17.44,59013,1,1,0,30.96
490524,44.53,43.0,42.7,43.3,1,0,13.93,17.44,59513,1,1,0,30.94
491030,44.53,43.0,42.7,43.3,1,0,13.93,17.46,60013,1,1,0,30.94
491536,44.46,43.0,42.7,43.3,1,0,13.93,17.44,60513,1,1,0,30.96
492042,44.46,43.0,42.7,43.3,1,0,13.93,17.44,61013,1,1,0,30.96
492548,44.46,43.0,42.7,43.3,1,0,13.93,17.44,61513,1,1,0,30.96
493054,44.49,43.0,42.7,43.3,1,0,13.77,17.45,62013,1,1,0,30.96
493560,44.46,43.0,42.7,43.3,1,0,14.47,17.45,62513,1,1,0,30.94
494066,44.46,43.0,42.7,43.3,1,0,14.47,17.43,63013,1,1,0,30.94
494572,44.46,43.0,42.7,43.3,1,0,14.47,17.43,63513,1,1,0,30.94
495078,44.49,43.0,42.7,43.3,1,0,13.71,17.43,64013,1,1,0,30.96
495584,44.4,43.0,42.7,43.3,1,0,13.6,17.45,64513,1,1,0,30.97
496090,44.37,43.0,42.7,43.3,1,0,13.66,17.43,65013,1,1,0,30.97
496596,44.37,43.0,42.7,43.3,1,0,13.66,17.42,65513,1,1,0,30.97
497102,44.37,43.0,42.7,43.3,1,0,13.66,17.42,66013,1,1,0,30.97
497608,44.44,43.0,42.7,43.3,1,0,13.4,17.42,66525,1,1,0,30.94
498125,44.38,43.0,42.7,43.3,1,0,13.42,17.42,67025,1,1,0,30.94
498632,44.38,43.0,42.7,43.3,1,0,13.42,17.4,67525,1,1,0,30.94
499138,44.37,43.0,42.7,43.3,1,0,13.47,17.4,68025,1,1,0,30.97
499644,44.37,43.0,42.7,43.3,1,0,13.47,17.42,68525,1,1,0,30.97
500150,44.37,43.0,42.7,43.3,1,0,13.47,17.42,69025,1,1,0,30.97
500656,44.37,43.0,42.7,43.3,1,0,13.53,17.42,69525,1,1,0,30.97
501162,44.37,43.0,42.7,43.3,1,0,13.53,17.42,70025,1,1,0,30.97
501668,44.31,43.0,42.7,43.3,1,0,13.49,17.42,70525,1,1,0,30.97
502174,44.37,43.0,42.7,43.3,1,0,13.34,17.4,71025,1,1,0,30.97
502680,44.29,43.0,42.7,43.3,1,0,13.36,17.42,71525,1,1,0,30.98
503187,44.32,43.0,42.7,43.3,1,0,13.27,17.41,72025,1,1,0,30.97
503694,44.32,43.0,42.7,43.3,1,0,13.27,17.4,72525,1,1,0,30.97
504200,44.33,43.0,42.7,43.3,1,0,13.12,17.4,73025,1,1,0,30.97
504706,44.33,43.0,42.7,43.3,1,0,13.12,17.41,73525,1,1,0,30.97
505212,44.29,43.0,42.7,43.3,1,0,13.23,17.41,74025,1,1,0,30.96
505718,44.28,43.0,42.7,43.3,1,0,12.94,17.38,74525,1,1,0,30.97
506224,44.28,43.0,42.7,43.3,1,1,12.94,17.39,75025,1,1,1,30.97
506730,44.24,43.0,42.7,43.3,1,1,13.25,17.39,75525,1,1,1,30.96
507236,44.22,43.0,42.7,43.3,1,1,12.96,17.36,76025,1,1,1,30.97
507742,44.22,43.0,42.7,43.3,1,1,12.96,17.37,77030,1,1,1,30.97
508248,44.22,43.0,42.7,43.3,1,1,12.96,17.37,77530,1,1,1,30.97
508754,44.34,43.0,42.7,43.3,1,1,13.51,17.4,78030,1,1,1,30.96
509260,44.34,43.0,42.7,43.3,1,1,13.51,17.4,78530,1,1,1,30.96
509766,44.11,43.0,42.7,43.3,1,1,13.86,17.29,79030,1,1,1,30.93
510272,44.11,43.0,42.7,43.3,1,1,13.86,17.29,79530,1,1,1,30.93
510778,44.11,43.0,42.7,43.3,1,1,13.86,17.29,80030,1,1,1,30.93
511284,43.44,43.0,42.7,43.3,1,1,14.4,17.07,80530,1,1,1,30.94
511790,43.44,43.0,42.7,43.3,1,1,14.4,17.07,81030,1,1,1,30.94
512296,43.44,43.0,42.7,43.3,1,1,14.4,17.07,81530,1,1,1,30.94
512802,42.85,43.0,42.7,43.3,0,0,14.54,16.8,0,1,1,0,30.89
513308,42.65,43.0,42.7,43.3,0,0,14.54,16.74,500,1,1,0,30.9
513815,42.65,43.0,42.7,43.3,0,0,14.54,16.74,1000,1,1,0,30.9
514322,42.28,43.0,42.7,43.3,0,0,14.8,16.56,1500,1,1,0,30.86
514828,42.28,43.0,42.7,43.3,0,0,14.8,16.56,2000,1,1,0,30.86
515334,42.28,43.0,42.7,43.3,0,0,14.8,16.56,2500,1,1,0,30.86
515840,41.82,43.0,42.7,43.3,0,0,14.45,16.42,3000,1,1,0,30.89
516346,41.82,43.0,42.7,43.3,0,0,14.45,16.42,3500,1,1,0,30.89
516852,41.71,43.0,42.7,43.3,0,0,13.75,16.34,4000,1,1,0,30.85
517360,41.67,43.0,42.7,43.3,0,0,13.49,16.34,4500,1,1,0,30.86
517867,41.67,43.0,42.7,43.3,0,0,13.49,16.33,5000,1,1,0,30.86
518373,41.67,43.0,42.7,43.3,0,0,13.49,16.33,5500,1,1,0,30.86
518879,41.64,43.0,42.7,43.3,0,0,13.6,16.33,6000,1,1,0,30.85
519385,41.64,43.0,42.7,43.3,0,0,13.6,16.31,6500,1,1,0,30.85
519891,41.64,43.0,42.7,43.3,0,0,13.6,16.31,7000,1,1,0,30.85
520397,41.55,43.0,42.7,43.3,0,0,13.77,16.28,7500,1,1,0,30.85
520903,41.58,43.0,42.7,43.3,0,0,13.77,16.27,8000,1,1,0,30.83
521409,41.54,43.0,42.7,43.3,0,0,13.56,16.27,8500,1,1,0,30.85
521916,41.54,43.0,42.7,43.3,0,0,13.56,16.27,9000,1,1,0,30.85
522422,41.51,43.0,42.7,43.3,0,0,13.77,16.25,9500,1,1,0,30.83
522928,41.51,43.0,42.7,43.3,0,0,13.77,16.25,10000,1,1,0,30.83
523434,41.52,43.0,42.7,43.3,0,0,13.99,16.25,10500,1,1,0,30.83
523940,41.48,43.0,42.7,43.3,0,0,14.06,16.25,11000,1,1,0,30.86
524446,41.48,43.0,42.7,43.3,0,0,14.06,16.26,11500,1,1,0,30.86
524952,41.45,43.0,42.7,43.3,0,0,14.08,16.24,12000,1,1,0,30.85
525458,41.45,43.0,42.7,43.3,0,0,14.08,16.24,12500,1,1,0,30.85
525964,41.46,43.0,42.7,43.3,0,0,14.19,16.24,13002,1,1,0,30.83
526470,41.46,43.0,42.7,43.3,0,0,14.19,16.23,13503,1,1,0,30.83
526976,41.52,43.0,42.7,43.3,0,0,14.14,16.26,14003,1,1,0,30.85
527482,41.52,43.0,42.7,43.3,0,0,14.14,16.26,14503,1,1,0,30.85
527988,41.49,43.0,42.7,43.3,0,0,14.38,16.26,15003,1,1,0,30.85
528494,41.49,43.0,42.7,43.3,0,0,14.38,16.25,15503,1,1,0,30.85
529000,41.49,43.0,42.7,43.3,0,0,14.38,16.25,16003,1,1,0,30.85
529506,41.61,43.0,42.7,43.3,0,0,14.67,16.31,16503,1,1,0,30.86
530012,41.6,43.0,42.7,43.3,0,0,14.69,16.31,17003,1,1,0,30.86
530518,41.6,43.0,42.7,43.3,0,0,14.69,16.31,17503,1,1,0,30.86
531024,41.64,43.0,42.7,43.3,0,0,15.16,16.31,18003,1,0,0,30.85
531530,41.64,43.0,42.7,43.3,0,0,14.82,16.31,18503,1,0,0,30.83
532036,41.64,43.0,42.7,43.3,0,0,14.82,16.3,19003,1,0,0,30.83
532542,41.64,43.0,42.7,43.3,0,0,14.82,16.3,19506,1,0,0,30.83
533048,41.77,43.0,42.7,43.3,0,0,15.01,16.3,20006,1,0,0,30.85
533554,41.78,43.0,42.7,43.3,0,0,14.97,16.36,20506,1,0,0,30.83
534060,41.78,43.0,42.7,43.3,0,0,14.97,16.35,21006,1,0,0,30.83
534566,41.78,43.0,42.7,43.3,0,0,14.97,16.35,21506,1,0,0,30.83
535072,41.86,43.0,42.7,43.3,0,0,15.06,16.39,22006,1,0,0,30.85
535578,41.86,43.0,42.7,43.3,0,0,15.06,16.39,22506,1,0,0,30.85
536084,41.86,43.0,42.7,43.3,0,0,15.06,16.39,23006,1,0,0,30.85
536590,41.97,43.0,42.7,43.3,0,0,15.55,16.39,23506,1,0,0,30.85
537096,42.05,43.0,42.7,43.3,0,0,15.23,16.43,24006,1,0,0,30.87
537602,42.05,43.0,42.7,43.3,0,0,15.23,16.49,24506,1,0,0,30.87
538108,42.05,43.0,42.7,43.3,0,0,15.88,16.49,25008,1,0,0,30.85
538614,42.05,43.0,42.7,43.3,0,0,15.88,16.46,25510,1,0,0,30.85
539121,42.05,43.0,42.7,43.3,0,0,15.88,16.46,26010,1,0,0,30.85
539628,42.14,43.0,42.7,43.3,0,0,16.16,16.46,26510,1,0,0,30.86
540134,42.14,43.0,42.7,43.3,0,0,16.16,16.51,27010,1,0,0,30.86
540640,42.14,43.0,42.7,43.3,0,0,15.99,16.51,27510,1,0,0,30.89
541146,42.14,43.0,42.7,43.3,0,0,15.99,16.53,28010,1,0,0,30.89
541652,42.14,43.0,42.7,43.3,0,0,15.99,16.53,28510,1,0,0,30.89
542158,42.14,43.0,42.7,43.3,0,0,15.99,16.53,29010,1,0,0,30.89
542664,42.14,43.0,42.7,43.3,0,0,15.99,16.53,29510,1,0,0,30.89
543170,42.14,43.0,42.7,43.3,0,0,15.99,16.53,30010,1,0,0,30.89
543676,42.24,43.0,42.7,43.3,0,0,16.59,16.57,30510,1,0,0,30.89
544182,42.24,43.0,42.7,43.3,0,0,16.59,16.57,31010,1,0,0,30.89
544688,42.24,43.0,42.7,43.3,0,0,16.59,16.57,31510,1,0,0,30.89
545194,42.3,43.0,42.7,43.3,0,0,16.68,16.57,32010,1,0,0,30.89
545700,42.3,43.0,42.7,43.3,0,0,16.68,16.59,32510,1,0,0,30.89
546206,42.3,43.0,42.7,43.3,0,0,16.68,16.59,33010,1,0,0,30.89
546712,42.3,43.0,42.7,43.3,0,0,16.68,16.59,33510,1,0,0,30.89
547218,42.3,43.0,42.7,43.3,0,0,16.68,16.59,34010,1,0,0,30.89
547724,42.3,43.0,42.7,43.3,0,0,16.68,16.59,34510,1,0,0,30.89
548230,42.41,43.0,42.7,43.3,0,0,17.02,16.59,35010,1,0,0,30.92
548736,42.41,43.0,42.7,43.3,0,0,17.02,16.66,35510,1,0,0,30.92
549242,42.39,43.0,42.7,43.3,0,0,17.32,16.66,36010,1,0,0,30.92
549748,42.39,43.0,42.7,43.3,0,0,17.32,16.65,36510,1,0,0,30.92
550254,42.43,43.0,42.7,43.3,0,0,17.35,16.65,37012,1,0,0,30.9
550760,42.43,43.0,42.7,43.3,0,0,17.35,16.66,37522,1,0,0,30.9
551266,42.47,43.0,42.7,43.3,0,0,17.48,16.67,38524,1,0,0,30.9
551772,42.47,43.0,42.7,43.3,0,0,17.48,16.67,39024,1,0,0,30.9
552278,42.5,43.0,42.7,43.3,0,0,16.96,16.67,39524,1,0,0,30.89
552784,42.5,43.0,42.7,43.3,0,0,16.96,16.67,40024,1,0,0,30.89
553290,42.53,43.0,42.7,43.3,0,0,17.78,16.68,40524,1,0,0,30.89
553796,42.55,43.0,42.7,43.3,0,0,17.63,16.7,41024,1,0,0,30.9
554302,42.55,43.0,42.7,43.3,0,0,17.63,16.7,41524,1,0,0,30.9
554808,42.62,43.0,42.7,43.3,0,0,17.99,16.74,42024,1,0,0,30.92
555314,42.64,43.0,42.7,43.3,0,0,17.97,16.74,42524,1,0,0,30.92
555820,42.64,43.0,42.7,43.3,0,0,17.97,16.74,43024,1,0,0,30.92
556326,42.64,43.0,42.7,43.3,0,0,17.97,16.74,43525,1,0,0,30.92
556832,42.64,43.0,42.7,43.3,0,0,17.97,16.74,44025,1,0,0,30.92
557338,42.65,43.0,42.7,43.3,0,0,18.1,16.75,44525,1,0,0,30.92
557844,42.65,43.0,42.7,43.3,0,0,18.1,16.75,45025,1,0,0,30.92
558350,42.7,43.0,42.7,43.3,1,0,18.32,16.78,0,1,0,0,30.93
558856,42.7,43.0,42.7,43.3,1,0,18.38,16.78,500,1,0,0,30.93
559362,42.7,43.0,42.7,43.3,1,0,18.38,16.78,1000,1,0,0,30.93
559868,42.79,43.0,42.7,43.3,1,0,18.44,16.81,1500,1,0,0,30.93
560374,42.71,43.0,42.7,43.3,1,0,18.42,16.81,2000,1,0,0,30.93
560880,42.71,43.0,42.7,43.3,1,0,18.42,16.78,2500,1,0,0,30.93
561386,42.78,43.0,42.7,43.3,1,0,18.7,16.78,3000,1,0,0,30.92
561892,42.78,43.0,42.7,43.3,1,0,18.7,16.8,3500,1,0,0,30.92
562398,42.8,43.0,42.7,43.3,1,0,18.55,16.83,4000,1,0,0,30.94
562904,42.87,43.0,42.7,43.3,1,0,18.68,16.83,4500,1,0,0,30.92
563410,42.85,43.0,42.7,43.3,1,0,18.49,16.83,5000,1,0,0,30.9
563916,42.85,43.0,42.7,43.3,1,0,18.49,16.81,5500,1,0,0,30.9
564422,42.85,43.0,42.7,43.3,1,0,18.6,16.81,6000,1,0,0,30.94
564928,42.85,43.0,42.7,43.3,1,0,18.6,16.85,6500,1,0,0,30.94
565434,42.89,43.0,42.7,43.3,1,0,18.49,16.84,7000,1,0,0,30.92
565940,42.92,43.0,42.7,43.3,1,0,18.47,16.86,7500,1,0,0,30.93
566446,42.92,43.0,42.7,43.3,1,0,18.42,16.87,8000,1,0,0,30.94
566953,42.96,43.0,42.7,43.3,1,0,18.08,16.87,8500,1,0,0,30.92
567460,42.96,43.0,42.7,43.3,1,0,18.08,16.86,9000,1,0,0,30.92
567966,42.96,43.0,42.7,43.3,1,0,18.08,16.86,9500,1,0,0,30.92
568472,43.01,43.0,42.7,43.3,1,0,18.49,16.91,10000,1,0,0,30.94
568978,43.01,43.0,42.7,43.3,1,0,18.49,16.91,10500,1,0,0,30.94
569484,42.99,43.0,42.7,43.3,1,0,18.36,16.89,11000,1,0,0,30.93
569990,43.06,43.0,42.7,43.3,1,0,18.27,16.89,11500,1,0,0,30.92
570496,43.06,43.0,42.7,43.3,1,0,18.27,16.9,12000,1,0,0,30.92
571003,43.06,43.0,42.7,43.3,1,0,18.27,16.9,12500,1,0,0,30.92
571509,43.08,43.0,42.7,43.3,1,0,18.16,16.92,13000,1,0,0,30.93
572015,43.08,43.0,42.7,43.3,1,0,18.16,16.92,13503,1,0,0,30.93
572521,43.08,43.0,42.7,43.3,1,0,18.16,16.92,14004,1,0,0,30.93
573027,43.15,43.0,42.7,43.3,1,0,17.88,16.92,14504,1,0,0,30.96
573533,43.15,43.0,42.7,43.3,1,0,17.88,16.97,15004,1,0,0,30.96
574039,43.18,43.0,42.7,43.3,1,0,17.86,16.98,15504,1,0,0,30.96
574545,43.18,43.0,42.7,43.3,1,0,17.86,16.98,16004,1,0,0,30.96
575051,43.24,43.0,42.7,43.3,1,0,17.69,16.98,16504,1,0,0,30.93
575557,43.21,43.0,42.7,43.3,1,0,17.65,16.98,17004,1,0,0,30.94
576063,43.21,43.0,42.7,43.3,1,0,17.65,16.98,17504,1,0,0,30.94
576569,43.27,43.0,42.7,43.3,1,0,17.67,16.98,18004,1,0,0,30.93
577075,43.27,43.0,42.7,43.3,1,0,17.67,16.99,18504,1,0,0,30.93
577582,43.26,43.0,42.7,43.3,1,0,17.37,16.99,19004,1,0,0,30.97
578089,43.26,43.0,42.7,43.3,1,0,17.37,17.02,19504,1,0,0,30.97
578595,43.39,43.0,42.7,43.3,1,0,17.39,17.02,20004,1,0,0,30.96
579101,43.39,43.0,42.7,43.3,1,0,17.39,17.06,20504,1,0,0,30.96
579607,43.37,43.0,42.7,43.3,1,0,17.37,17.05,21005,1,0,0,30.96
580113,43.36,43.0,42.7,43.3,1,0,17.28,17.05,21505,1,0,0,30.94
580619,43.46,43.0,42.7,43.3,1,0,17.2,17.03,22005,1,0,0,30.94
581125,43.46,43.0,42.7,43.3,1,0,17.2,17.07,22505,1,0,0,30.94
581631,43.46,43.0,42.7,43.3,1,0,17.24,17.08,23005,1,0,0,30.96
582137,43.46,43.0,42.7,43.3,1,0,17.24,17.08,23505,1,0,0,30.96
582643,43.5,43.0,42.7,43.3,1,0,16.92,17.08,24005,1,0,0,30.94
583149,43.5,43.0,42.7,43.3,1,0,16.92,17.09,24505,1,0,0,30.94
583655,43.58,43.0,42.7,43.3,1,0,16.81,17.09,25005,1,0,0,30.97
584161,43.58,43.0,42.7,43.3,1,0,16.81,17.14,25505,1,0,0,30.97
584667,43.61,43.0,42.7,43.3,1,0,16.79,17.14,26005,1,0,0,30.96
585173,43.61,43.0,42.7,43.3,1,0,16.79,17.14,26505,1,0,0,30.96
585679,43.67,43.0,42.7,43.3,1,0,16.83,17.14,27005,1,0,0,30.93
586186,43.74,43.0,42.7,43.3,1,0,16.7,17.13,27505,1,0,0,30.94
586693,43.74,43.0,42.7,43.3,1,0,16.7,17.17,28005,1,0,0,30.94
587199,43.76,43.0,42.7,43.3,1,0,16.53,17.17,28505,1,0,0,30.94
587705,43.78,43.0,42.7,43.3,1,0,16.59,17.18,29005,1,0,0,30.96
588211,43.78,43.0,42.7,43.3,1,0,16.59,17.2,29505,1,0,0,30.96
588717,43.81,43.0,42.7,43.3,1,0,16.33,17.2,30005,1,0,0,30.96
589223,43.84,43.0,42.7,43.3,1,0,15.81,17.21,30505,1,0,0,30.94
589729,43.84,43.0,42.7,43.3,1,0,16.22,17.21,31005,1,0,0,30.96
590235,43.84,43.0,42.7,43.3,1,0,16.22,17.22,31505,1,0,0,30.96
590741,43.86,43.0,42.7,43.3,1,0,16.18,17.24,32005,1,0,0,30.97
591247,43.94,43.0,42.7,43.3,1,0,16.25,17.24,32505,1,0,0,30.97
591754,43.94,43.0,42.7,43.3,1,0,16.05,17.27,33005,1,0,0,30.98
592261,43.94,43.0,42.7,43.3,1,0,16.05,17.28,33505,1,0,0,30.98
592767,43.99,43.0,42.7,43.3,1,0,15.99,17.28,34005,1,0,0,30.96
593273,43.99,43.0,42.7,43.3,1,0,15.99,17.28,35006,1,0,0,30.96
593779,43.99,43.0,42.7,43.3,1,0,15.99,17.28,35506,1,0,0,30.96
594285,44.01,43.0,42.7,43.3,1,0,15.84,17.29,36006,1,0,0,30.97
594791,44.01,43.0,42.7,43.3,1,0,15.84,17.29,36506,1,0,0,30.97
595297,44.05,43.0,42.7,43.3,1,0,15.92,17.3,37006,1,0,0,30.96
595803,44.08,43.0,42.7,43.3,1,0,15.81,17.3,37506,1,0,0,30.96
596310,44.08,43.0,42.7,43.3,1,0,15.81,17.31,38006,1,0,0,30.96
596816,44.12,43.0,42.7,43.3,1,0,15.6,17.33,38506,1,1,0,30.97
597322,44.12,43.0,42.7,43.3,1,0,15.6,17.33,39006,1,1,0,30.97
597828,44.12,43.0,42.7,43.3,1,0,15.6,17.33,39506,1,1,0,30.97
598334,44.11,43.0,42.7,43.3,1,0,15.68,17.29,40006,1,1,0,30.93
598840,44.18,43.0,42.7,43.3,1,0,15.4,17.34,40506,1,1,0,30.96
599346,44.18,43.0,42.7,43.3,1,0,15.4,17.34,41006,1,1,0,30.96
599853,44.2,43.0,42.7,43.3,1,0,15.4,17.36,41506,1,1,0,30.97
600359,44.2,43.0,42.7,43.3,1,0,15.4,17.36,42006,1,1,0,30.97
600865,44.24,43.0,42.7,43.3,1,0,15.42,17.35,42506,1,1,0,30.94
601371,44.24,43.0,42.7,43.3,1,0,15.25,17.38,43006,1,1,0,30.97
601877,44.24,43.0,42.7,43.3,1,0,15.25,17.38,43506,1,1,0,30.97
602383,44.22,43.0,42.7,43.3,1,0,15.12,17.35,44006,1,1,0,30.94
602889,44.22,43.0,42.7,43.3,1,0,15.14,17.35,44506,1,1,0,30.96
603398,44.22,43.0,42.7,43.3,1,0,15.14,17.36,45006,1,1,0,30.96
603904,44.28,43.0,42.7,43.3,1,0,15.12,17.39,45506,1,1,0,30.97
604410,44.28,43.0,42.7,43.3,1,0,14.97,17.39,46006,1,1,0,30.97
604916,44.28,43.0,42.7,43.3,1,0,14.97,17.39,46506,1,1,0,30.97
605422,44.28,43.0,42.7,43.3,1,0,14.77,17.38,47015,1,1,0,30.96
605928,44.28,43.0,42.7,43.3,1,0,14.77,17.38,47515,1,1,0,30.96
606434,44.29,43.0,42.7,43.3,1,0,14.84,17.39,48015,1,1,0,30.97
606940,44.29,43.0,42.7,43.3,1,0,14.84,17.39,48515,1,1,0,30.97
607446,44.31,43.0,42.7,43.3,1,0,14.8,17.41,49015,1,1,0,30.98
607952,44.35,43.0,42.7,43.3,1,0,14.67,17.41,49515,1,1,0,30.98
608458,44.35,43.0,42.7,43.3,1,0,14.67,17.43,50015,1,1,0,30.98
608964,44.29,43.0,42.7,43.3,1,0,14.69,17.43,50515,1,1,0,30.97
609470,44.29,43.0,42.7,43.3,1,0,14.69,17.39,51015,1,1,0,30.97
609976,44.35,43.0,42.7,43.3,1,0,14.93,17.41,51515,1,1,0,30.97
610482,44.35,43.0,42.7,43.3,1,0,14.93,17.41,52015,1,1,0,30.97
610988,44.32,43.0,42.7,43.3,1,0,14.45,17.39,52515,1,1,0,30.96
611508,44.34,43.0,42.7,43.3,1,0,14.38,17.39,53015,1,1,0,30.96
612015,44.34,43.0,42.7,43.3,1,0,14.38,17.4,53515,1,1,0,30.96
612521,44.3,43.0,42.7,43.3,1,0,14.38,17.4,54015,1,1,0,30.96
613027,44.3,43.0,42.7,43.3,1,0,14.38,17.39,54515,1,1,0,30.96
613533,44.35,43.0,42.7,43.3,1,0,14.45,17.43,55015,1,1,0,30.98
614039,44.35,43.0,42.7,43.3,1,0,14.45,17.43,55515,1,1,0,30.98
614545,44.26,43.0,42.7,43.3,1,0,14.19,17.38,56015,1,1,0,30.97
615051,44.29,43.0,42.7,43.3,1,0,14.23,17.38,56515,1,1,0,30.96
615565,44.32,43.0,42.7,43.3,1,0,14.17,17.38,57015,1,1,0,30.97
616072,44.32,43.0,42.7,43.3,1,0,14.17,17.4,57515,1,1,0,30.97
616578,44.33,43.0,42.7,43.3,1,0,14.25,17.4,58015,1,1,0,30.97
617084,44.29,43.0,42.7,43.3,1,0,13.77,17.41,58515,1,1,0,30.97
617590,44.29,43.0,42.7,43.3,1,0,13.77,17.39,59015,1,1,0,30.97
618096,44.29,43.0,42.7,43.3,1,0,13.77,17.39,59515,1,1,0,30.97
618602,44.25,43.0,42.7,43.3,1,0,14.03,17.38,60015,1,1,0,30.97
619108,44.25,43.0,42.7,43.3,1,0,14.03,17.38,60515,1,1,0,30.97
619615,44.21,43.0,42.7,43.3,1,0,13.9,17.35,61015,1,1,0,30.96
620121,44.28,43.0,42.7,43.3,1,0,13.99,17.35,61515,1,1,0,30.97
620627,44.28,43.0,42.7,43.3,1,0,13.84,17.39,62015,1,1,0,30.98
621133,44.28,43.0,42.7,43.3,1,0,13.84,17.4,62515,1,1,0,30.98
621639,44.28,43.0,42.7,43.3,1,0,13.69,17.39,63015,1,1,0,30.97
622145,44.22,43.0,42.7,43.3,1,0,13.69,17.39,63515,1,1,0,30.97
622651,44.22,43.0,42.7,43.3,1,0,13.64,17.37,64015,1,1,0,30.96
623157,44.23,43.0,42.7,43.3,1,0,13.71,17.36,64515,1,1,0,30.98
623663,44.23,43.0,42.7,43.3,1,0,13.71,17.38,65015,1,1,0,30.98
624169,44.2,43.0,42.7,43.3,1,0,13.6,17.37,65515,1,1,0,30.98
624675,44.2,43.0,42.7,43.3,1,0,13.6,17.37,66015,1,1,0,30.98
625181,44.2,43.0,42.7,43.3,1,0,13.6,17.37,66515,1,1,0,30.98
625687,44.17,43.0,42.7,43.3,1,0,13.66,17.37,67015,1,1,0,30.98
626193,44.17,43.0,42.7,43.3,1,0,13.66,17.36,67515,1,1,0,30.98
626699,44.17,43.0,42.7,43.3,1,0,13.36,17.36,68015,1,1,0,30.97
627205,44.19,43.0,42.7,43.3,1,0,13.62,17.35,68515,1,1,0,31.0
627714,44.19,43.0,42.7,43.3,1,0,13.62,17.38,69015,1,1,0,31.0
628221,44.14,43.0,42.7,43.3,1,0,13.4,17.38,69515,1,1,0,30.98
628727,44.12,43.0,42.7,43.3,1,0,13.23,17.35,70015,1,1,0,30.98
629233,44.09,43.0,42.7,43.3,1,0,13.31,17.34,70515,1,1,0,30.98
629739,44.08,43.0,42.7,43.3,1,0,13.29,17.33,71015,1,1,0,30.98
630245,44.08,43.0,42.7,43.3,1,0,13.29,17.33,71515,1,1,0,30.98
630751,44.05,43.0,42.7,43.3,1,0,13.25,17.33,72015,1,1,0,30.98
631257,44.05,43.0,42.7,43.3,1,0,13.25,17.32,72515,1,1,0,30.98
631763,44.09,43.0,42.7,43.3,1,0,13.53,17.32,73029,1,1,0,30.97
632269,44.0,43.0,42.7,43.3,1,0,13.12,17.32,73529,1,1,0,30.98
632775,44.01,43.0,42.7,43.3,1,0,13.1,17.3,74029,1,1,0,31.0
633281,44.01,43.0,42.7,43.3,1,0,13.1,17.32,74529,1,1,0,31.0
633787,43.94,43.0,42.7,43.3,1,1,13.21,17.32,75029,1,1,1,31.0
634293,43.94,43.0,42.7,43.3,1,1,13.21,17.3,75529,1,1,1,31.0
634799,43.94,43.0,42.7,43.3,1,1,13.21,17.3,76532,1,1,1,31.0
635305,43.97,43.0,42.7,43.3,1,1,13.16,17.28,77032,1,1,1,30.97
635811,43.97,43.0,42.7,43.3,1,1,13.16,17.28,77532,1,1,1,30.97
636317,44.02,43.0,42.7,43.3,1,1,13.58,17.33,78032,1,1,1,31.0
636823,44.02,43.0,42.7,43.3,1,1,13.58,17.33,78532,1,1,1,31.0
637329,43.96,43.0,42.7,43.3,1,1,13.95,17.27,79040,1,1,1,30.97
637835,43.96,43.0,42.7,43.3,1,1,13.95,17.27,79540,1,1,1,30.97
638341,43.68,43.0,42.7,43.3,1,1,13.69,17.16,80040,1,1,1,30.96
638847,43.68,43.0,42.7,43.3,1,1,13.69,17.16,80540,1,1,1,30.96
639353,43.17,43.0,42.7,43.3,0,0,14.14,16.96,0,1,1,0,30.94
639860,43.17,43.0,42.7,43.3,0,0,14.14,16.96,500,1,1,0,30.94
640366,42.83,43.0,42.7,43.3,0,0,14.45,16.84,1000,1,1,0,30.94
640872,42.83,43.0,42.7,43.3,0,0,14.45,16.84,1500,1,1,0,30.94
641378,42.46,43.0,42.7,43.3,0,0,14.23,16.69,2000,1,1,0,30.93
641884,42.46,43.0,42.7,43.3,0,0,14.23,16.69,2500,1,1,0,30.93
642390,42.46,43.0,42.7,43.3,0,0,14.23,16.69,3000,1,1,0,30.93
642896,41.95,43.0,42.7,43.3,0,0,13.86,16.48,3500,1,1,0,30.9
643402,41.88,43.0,42.7,43.3,0,0,13.95,16.46,4000,1,1,0,30.92
643908,41.72,43.0,42.7,43.3,0,0,13.6,16.38,4505,1,1,0,30.89
644414,41.75,43.0,42.7,43.3,0,0,13.53,16.38,5005,1,1,0,30.9
644921,41.75,43.0,42.7,43.3,0,0,13.53,16.4,5505,1,1,0,30.9
645427,41.69,43.0,42.7,43.3,0,0,13.56,16.38,6005,1,1,0,30.9
645933,41.66,43.0,42.7,43.3,0,0,13.53,16.38,6505,1,1,0,30.9
646439,41.66,43.0,42.7,43.3,0,0,13.53,16.37,7005,1,1,0,30.9
646945,41.66,43.0,42.7,43.3,0,0,13.69,16.37,7505,1,1,0,30.9
647451,41.64,43.0,42.7,43.3,0,0,13.6,16.36,8005,1,1,0,30.9
647957,41.63,43.0,42.7,43.3,0,0,13.42,16.36,8505,1,1,0,30.9
648463,41.63,43.0,42.7,43.3,0,0,13.42,16.36,9005,1,1,0,30.9
648969,41.61,43.0,42.7,43.3,0,0,13.71,16.34,9505,1,1,0,30.89
649475,41.57,43.0,42.7,43.3,0,0,13.25,16.32,10005,1,1,0,30.89
649981,41.57,43.0,42.7,43.3,0,0,13.25,16.32,10505,1,1,0,30.89
650487,41.59,43.0,42.7,43.3,0,0,13.95,16.33,11005,1,1,0,30.89
650993,41.56,43.0,42.7,43.3,0,0,13.88,16.33,11505,1,1,0,30.87
651499,41.56,43.0,42.7,43.3,0,0,13.88,16.3,12005,1,1,0,30.87
652005,41.56,43.0,42.7,43.3,0,0,14.1,16.3,12505,1,1,0,30.9
652511,41.56,43.0,42.7,43.3,0,0,14.1,16.33,13005,1,1,0,30.9
653017,41.62,43.0,42.7,43.3,0,0,14.23,16.35,13505,1,1,0,30.9
653523,41.61,43.0,42.7,43.3,0,0,14.23,16.34,14005,1,1,0,30.89
654029,41.64,43.0,42.7,43.3,0,0,14.38,16.34,14505,1,1,0,30.89
654535,41.64,43.0,42.7,43.3,0,0,14.38,16.35,15005,1,1,0,30.89
655041,41.57,43.0,42.7,43.3,0,0,13.73,16.32,15505,1,1,0,30.89
655547,41.56,43.0,42.7,43.3,0,0,14.49,16.33,16005,1,1,0,30.9
656053,41.56,43.0,42.7,43.3,0,0,14.49,16.33,16508,1,1,0,30.9
656559,41.56,43.0,42.7,43.3,0,0,14.49,16.33,17008,1,1,0,30.9
657065,41.66,43.0,42.7,43.3,0,0,14.75,16.35,17508,1,1,0,30.89
657572,41.66,43.0,42.7,43.3,0,0,14.75,16.35,18008,1,1,0,30.89
658079,41.67,43.0,42.7,43.3,0,0,14.99,16.35,18508,1,1,0,30.9
658585,41.67,43.0,42.7,43.3,0,0,14.99,16.37,19008,1,0,0,30.9
659091,41.79,43.0,42.7,43.3,0,0,15.03,16.37,19508,1,0,0,30.9
659597,41.79,43.0,42.7,43.3,0,0,15.03,16.42,20008,1,0,0,30.9
660103,41.79,43.0,42.7,43.3,0,0,15.1,16.42,20508,1,0,0,30.92
660609,41.84,43.0,42.7,43.3,0,0,15.25,16.43,21008,1,0,0,30.9
661115,41.84,43.0,42.7,43.3,0,0,15.25,16.43,21508,1,0,0,30.9
661621,41.85,43.0,42.7,43.3,0,0,15.36,16.44,22008,1,0,0,30.9
662127,41.89,43.0,42.7,43.3,0,0,15.36,16.44,22508,1,0,0,30.9
662633,41.92,43.0,42.7,43.3,0,0,15.36,16.45,23008,1,0,0,30.9
663139,41.92,43.0,42.7,43.3,0,0,15.36,16.47,23508,1,0,0,30.9
663645,41.92,43.0,42.7,43.3,0,0,15.36,16.47,24008,1,0,0,30.9
664151,41.92,43.0,42.7,43.3,0,0,15.36,16.47,24508,1,0,0,30.9
664657,41.99,43.0,42.7,43.3,0,0,15.73,16.47,25008,1,0,0,30.9
665163,41.99,43.0,42.7,43.3,0,0,15.73,16.49,25508,1,0,0,30.9
665669,42.02,43.0,42.7,43.3,0,0,15.71,16.52,26008,1,0,0,30.92
666175,42.08,43.0,42.7,43.3,0,0,16.01,16.54,26508,1,0,0,30.92
666681,42.08,43.0,42.7,43.3,0,0,16.01,16.54,27008,1,0,0,30.92
667187,42.06,43.0,42.7,43.3,0,0,16.01,16.54,27508,1,0,0,30.92
667693,42.06,43.0,42.7,43.3,0,0,16.01,16.53,28008,1,0,0,30.92
668199,42.1,43.0,42.7,43.3,0,0,16.29,16.53,28508,1,0,0,30.93
668705,42.1,43.0,42.7,43.3,0,0,16.29,16.56,29008,1,0,0,30.93
669211,42.1,43.0,42.7,43.3,0,0,16.29,16.56,29508,1,0,0,30.93
669717,42.13,43.0,42.7,43.3,0,0,16.4,16.56,30011,1,0,0,30.92
670223,42.13,43.0,42.7,43.3,0,0,16.4,16.55,30511,1,0,0,30.92
670729,42.13,43.0,42.7,43.3,0,0,16.4,16.55,31011,1,0,0,30.92
671235,42.13,43.0,42.7,43.3,0,0,16.4,16.55,31511,1,0,0,30.92
671741,42.22,43.0,42.7,43.3,0,0,16.76,16.55,32011,1,0,0,30.93
672247,42.25,43.0,42.7,43.3,0,0,16.66,16.6,32511,1,0,0,30.93
672753,42.25,43.0,42.7,43.3,0,0,16.66,16.61,33011,1,0,0,30.93
673259,42.25,43.0,42.7,43.3,0,0,16.66,16.61,33511,1,0,0,30.93
673765,42.28,43.0,42.7,43.3,0,0,16.85,16.61,34011,1,0,0,30.92
674271,42.28,43.0,42.7,43.3,0,0,16.85,16.61,34511,1,0,0,30.92
674777,42.25,43.0,42.7,43.3,0,0,16.98,16.61,35011,1,0,0,30.93
675283,42.28,43.0,42.7,43.3,0,0,17.02,16.61,35511,1,0,0,30.93
675789,42.28,43.0,42.7,43.3,0,0,17.02,16.62,36011,1,0,0,30.93
676295,42.29,43.0,42.7,43.3,0,0,17.35,16.62,36511,1,0,0,30.92
676801,42.32,43.0,42.7,43.3,0,0,17.37,16.61,37011,1,0,0,30.93
677312,42.35,43.0,42.7,43.3,0,0,17.39,16.64,37511,1,0,0,30.94
677819,42.35,43.0,42.7,43.3,0,0,17.39,16.66,38016,1,0,0,30.94
678325,42.32,43.0,42.7,43.3,0,0,17.5,16.65,39018,1,0,0,30.94
678831,42.35,43.0,42.7,43.3,0,0,17.56,16.65,39518,1,0,0,30.93
679337,42.35,43.0,42.7,43.3,0,0,17.56,16.65,40018,1,0,0,30.93
679843,42.42,43.0,42.7,43.3,0,0,17.6,16.7,40518,1,0,0,30.96
680349,42.42,43.0,42.7,43.3,0,0,17.6,16.7,41018,1,0,0,30.96
680856,42.42,43.0,42.7,43.3,0,0,17.6,16.7,41518,1,0,0,30.96
681362,42.47,43.0,42.7,43.3,0,0,18.44,16.72,42018,1,0,0,30.96
681868,42.42,43.0,42.7,43.3,0,0,17.99,16.7,42518,1,0,0,30.96
682374,42.42,43.0,42.7,43.3,0,0,17.99,16.7,43018,1,0,0,30.96
682880,42.47,43.0,42.7,43.3,0,0,17.99,16.72,43518,1,0,0,30.96
683386,42.47,43.0,42.7,43.3,0,0,17.99,16.72,44018,1,0,0,30.96
683892,42.48,43.0,42.7,43.3,0,0,18.12,16.71,44518,1,0,0,30.94
684398,42.5,43.0,42.7,43.3,0,0,18.32,16.72,45019,1,0,0,30.94
684919,42.52,43.0,42.7,43.3,0,0,18.83,16.72,45519,1,0,0,30.93
685426,42.52,43.0,42.7,43.3,0,0,18.83,16.71,46019,1,0,0,30.93
685932,42.52,43.0,42.7,43.3,0,0,18.83,16.71,46519,1,0,0,30.93
686438,42.52,43.0,42.7,43.3,0,0,18.83,16.71,47019,1,0,0,30.93
686944,42.64,43.0,42.7,43.3,0,0,18.4,16.71,47519,1,0,0,30.96
687450,42.64,43.0,42.7,43.3,0,0,18.4,16.78,48019,1,0,0,30.96
687956,42.63,43.0,42.7,43.3,0,0,18.57,16.78,48519,1,0,0,30.96
688463,42.61,43.0,42.7,43.3,0,0,18.57,16.78,49019,1,0,0,30.96
688970,42.61,43.0,42.7,43.3,0,0,18.57,16.77,49519,1,0,0,30.96
689476,42.67,43.0,42.7,43.3,0,0,18.68,16.77,50019,1,0,0,30.94
689982,42.67,43.0,42.7,43.3,0,0,18.68,16.78,50519,1,0,0,30.94
690488,42.73,43.0,42.7,43.3,1,0,18.7,16.83,0,1,0,0,30.97
690994,42.73,43.0,42.7,43.3,1,0,18.9,16.83,500,1,0,0,30.97
691500,42.73,43.0,42.7,43.3,1,0,18.9,16.83,1000,1,0,0,30.97
692006,42.76,43.0,42.7,43.3,1,0,18.96,16.8,1500,1,0,0,30.93
692512,42.78,43.0,42.7,43.3,1,0,18.85,16.85,2000,1,0,0,30.97
693018,42.82,43.0,42.7,43.3,1,0,19.52,16.84,2500,1,0,0,30.94
693524,42.8,43.0,42.7,43.3,1,0,19.0,16.83,3005,1,0,0,30.94
694030,42.8,43.0,42.7,43.3,1,0,19.0,16.83,3505,1,0,0,30.94
694536,42.85,43.0,42.7,43.3,1,0,19.13,16.87,4005,1,0,0,30.97
695042,42.83,43.0,42.7,43.3,1,0,19.2,16.87,4505,1,0,0,30.96
695548,42.83,43.0,42.7,43.3,1,0,19.2,16.85,5005,1,0,0,30.96
696054,42.89,43.0,42.7,43.3,1,0,19.13,16.85,5505,1,0,0,30.97
696560,42.89,43.0,42.7,43.3,1,0,19.13,16.89,6005,1,0,0,30.97
697066,42.94,43.0,42.7,43.3,1,0,19.33,16.89,6505,1,0,0,30.96
697572,42.92,43.0,42.7,43.3,1,0,19.07,16.89,7005,1,0,0,30.96
698078,42.92,43.0,42.7,43.3,1,0,19.07,16.89,7505,1,0,0,30.96
698584,42.95,43.0,42.7,43.3,1,0,18.92,16.89,8005,1,0,0,30.96
699090,42.95,43.0,42.7,43.3,1,0,18.92,16.9,8505,1,0,0,30.96
699596,42.95,43.0,42.7,43.3,1,0,18.92,16.9,9005,1,0,0,30.96
700102,43.01,43.0,42.7,43.3,1,0,18.64,16.9,9505,1,0,0,30.97
700608,43.01,43.0,42.7,43.3,1,0,18.64,16.93,10005,1,0,0,30.97
701114,43.07,43.0,42.7,43.3,1,0,18.75,16.95,10505,1,0,0,30.97
701620,43.07,43.0,42.7,43.3,1,0,18.75,16.95,11005,1,0,0,30.97
702126,43.05,43.0,42.7,43.3,1,0,18.77,16.95,11505,1,0,0,30.97
702632,43.05,43.0,42.7,43.3,1,0,18.77,16.95,12005,1,0,0,30.97
703138,43.05,43.0,42.7,43.3,1,0,18.7,16.95,12505,1,0,0,30.97
703644,43.05,43.0,42.7,43.3,1,0,18.7,16.95,13005,1,0,0,30.97
704150,43.17,43.0,42.7,43.3,1,0,18.49,16.95,13505,1,0,0,30.98
704656,43.17,43.0,42.7,43.3,1,0,18.49,17.0,14005,1,0,0,30.98
705163,43.18,43.0,42.7,43.3,1,0,18.34,17.0,14505,1,0,0,30.96
705669,43.18,43.0,42.7,43.3,1,0,18.34,16.98,15005,1,0,0,30.96
706175,43.18,43.0,42.7,43.3,1,0,18.34,16.98,15508,1,0,0,30.96
706681,43.24,43.0,42.7,43.3,1,0,18.27,17.02,16009,1,0,0,30.97
707187,43.24,43.0,42.7,43.3,1,0,18.27,17.02,16509,1,0,0,30.97
707693,43.3,43.0,42.7,43.3,1,0,18.1,17.02,17009,1,0,0,30.96
708199,43.3,43.0,42.7,43.3,1,0,18.04,17.02,17509,1,0,0,30.97
708706,43.34,43.0,42.7,43.3,1,0,17.93,17.04,18009,1,0,0,30.96
709213,43.34,43.0,42.7,43.3,1,0,17.93,17.04,18509,1,0,0,30.96
709719,43.36,43.0,42.7,43.3,1,0,17.86,17.04,19009,1,0,0,30.97
710225,43.36,43.0,42.7,43.3,1,0,17.86,17.06,19509,1,0,0,30.97
710731,43.43,43.0,42.7,43.3,1,0,17.86,17.06,20009,1,0,0,30.97
711237,43.44,43.0,42.7,43.3,1,0,17.73,17.08,20509,1,0,0,30.96
711743,43.44,43.0,42.7,43.3,1,0,17.73,17.08,21009,1,0,0,30.96
712249,43.48,43.0,42.7,43.3,1,0,17.63,17.08,21509,1,0,0,30.97
712755,43.48,43.0,42.7,43.3,1,0,17.63,17.1,22009,1,0,0,30.97
713261,43.54,43.0,42.7,43.3,1,0,17.48,17.1,22509,1,0,0,30.97
713767,43.54,43.0,42.7,43.3,1,0,17.48,17.12,23009,1,0,0,30.97
714273,43.6,43.0,42.7,43.3,1,0,17.43,17.12,23509,1,0,0,31.0
714779,43.6,43.0,42.7,43.3,1,0,17.43,17.17,24009,1,0,0,31.0
715285,43.61,43.0,42.7,43.3,1,0,17.3,17.15,24510,1,0,0,30.97
715791,43.61,43.0,42.7,43.3,1,0,17.3,17.15,25010,1,0,0,30.97
716297,43.71,43.0,42.7,43.3,1,0,17.28,17.15,25510,1,0,0,30.98
716803,43.68,43.0,42.7,43.3,1,0,16.98,17.2,26010,1,0,0,30.97
717309,43.68,43.0,42.7,43.3,1,0,16.98,17.17,26510,1,0,0,30.97
717815,43.68,43.0,42.7,43.3,1,0,16.98,17.17,27010,1,0,0,30.97
718321,43.74,43.0,42.7,43.3,1,0,16.81,17.17,27510,1,0,0,30.97
718827,43.8,43.0,42.7,43.3,1,0,16.94,17.2,28010,1,0,0,30.97
719333,43.8,43.0,42.7,43.3,1,0,16.94,17.22,28510,1,0,0,30.97
719839,43.87,43.0,42.7,43.3,1,0,16.83,17.24,29513,1,0,0,30.97
720359,43.9,43.0,42.7,43.3,1,0,16.76,17.24,30013,1,0,0,30.97
720866,43.9,43.0,42.7,43.3,1,0,16.76,17.25,30513,1,0,0,30.97
721372,43.93,43.0,42.7,43.3,1,0,16.4,17.28,31013,1,0,0,30.98
721878,43.93,43.0,42.7,43.3,1,0,16.4,17.28,31513,1,0,0,30.98
722384,43.93,43.0,42.7,43.3,1,0,16.4,17.28,32013,1,0,0,30.98
722890,43.93,43.0,42.7,43.3,1,0,16.4,17.28,32513,1,0,0,30.98
723396,44.01,43.0,42.7,43.3,1,0,16.7,17.29,33013,1,0,0,30.97
723902,44.0,43.0,42.7,43.3,1,0,16.57,17.3,33513,1,0,0,30.98
724408,44.0,43.0,42.7,43.3,1,0,16.57,17.3,34013,1,0,0,30.98
724914,44.12,43.0,42.7,43.3,1,0,16.35,17.3,34513,1,0,0,30.98
725420,44.12,43.0,42.7,43.3,1,0,16.35,17.34,35013,1,0,0,30.98
725926,44.09,43.0,42.7,43.3,1,0,16.44,17.35,35513,1,0,0,31.0
726432,44.13,43.0,42.7,43.3,1,0,16.12,17.36,36013,1,0,0,31.0
726938,44.17,43.0,42.7,43.3,1,0,16.22,17.36,36513,1,0,0,30.98
727444,44.17,43.0,42.7,43.3,1,0,16.22,17.36,37013,1,0,0,30.98
727950,44.18,43.0,42.7,43.3,1,0,16.25,17.38,37513,1,0,0,31.0
728456,44.19,43.0,42.7,43.3,1,0,16.1,17.38,38013,1,0,0,30.98
728962,44.19,43.0,42.7,43.3,1,0,16.1,17.37,38513,1,0,0,30.98
729468,44.19,43.0,42.7,43.3,1,0,16.1,17.37,39013,1,0,0,30.98
729974,44.19,43.0,42.7,43.3,1,0,16.1,17.37,39513,1,0,0,30.98
730480,44.25,43.0,42.7,43.3,1,0,15.23,17.38,40013,1,1,0,30.97
730986,44.25,43.0,42.7,43.3,1,0,15.23,17.38,40513,1,1,0,30.97
731492,44.25,43.0,42.7,43.3,1,0,15.23,17.38,41013,1,1,0,30.97
731998,44.26,43.0,42.7,43.3,1,0,15.64,17.4,41513,1,1,0,30.98
732504,44.26,43.0,42.7,43.3,1,0,15.64,17.4,42013,1,1,0,30.98
733010,44.32,43.0,42.7,43.3,1,0,15.6,17.42,42513,1,1,0,30.98
733516,44.32,43.0,42.7,43.3,1,0,15.6,17.42,43013,1,1,0,30.98
734022,44.36,43.0,42.7,43.3,1,0,15.99,17.43,43513,1,0,0,30.98
734543,44.37,43.0,42.7,43.3,1,0,15.51,17.43,44013,1,0,0,30.98
735050,44.37,43.0,42.7,43.3,1,0,15.51,17.44,44513,1,1,0,30.98
735556,44.37,43.0,42.7,43.3,1,0,15.51,17.44,45013,1,1,0,30.98
736062,44.39,43.0,42.7,43.3,1,0,15.75,17.46,45513,1,1,0,31.0
736568,44.39,43.0,42.7,43.3,1,0,15.38,17.46,46013,1,1,0,31.0
737074,44.42,43.0,42.7,43.3,1,0,15.34,17.46,46513,1,1,0,30.98
737580,44.42,43.0,42.7,43.3,1,0,15.34,17.45,47013,1,1,0,30.98
738086,44.42,43.0,42.7,43.3,1,0,15.34,17.45,47513,1,1,0,30.98
738592,44.39,43.0,42.7,43.3,1,0,15.25,17.45,48013,1,1,0,30.98
739098,44.39,43.0,42.7,43.3,1,0,15.25,17.44,48513,1,1,0,30.98
739604,44.42,43.0,42.7,43.3,1,0,15.12,17.44,49013,1,1,0,31.0
740110,44.42,43.0,42.7,43.3,1,0,15.12,17.47,49513,1,1,0,31.0
740616,44.48,43.0,42.7,43.3,1,0,14.99,17.47,50013,1,1,0,31.0
741122,44.48,43.0,42.7,43.3,1,0,14.99,17.49,50513,1,1,0,31.0
741628,44.42,43.0,42.7,43.3,1,0,14.82,17.45,51013,1,1,0,30.98
742134,44.42,43.0,42.7,43.3,1,0,14.82,17.45,51513,1,1,0,30.98
742640,44.5,43.0,42.7,43.3,1,0,15.01,17.51,52013,1,1,0,31.01
743146,44.43,43.0,42.7,43.3,1,0,14.75,17.51,52513,1,1,0,31.0
743652,44.43,43.0,42.7,43.3,1,0,14.75,17.47,53013,1,1,0,31.0
744158,44.48,43.0,42.7,43.3,1,0,14.62,17.47,53513,1,1,0,30.98
744664,44.48,43.0,42.7,43.3,1,0,14.62,17.47,54013,1,1,0,30.98
745170,44.47,43.0,42.7,43.3,1,0,14.56,17.47,54513,1,1,0,30.98
745685,44.46,43.0,42.7,43.3,1,0,14.54,17.47,55013,1,1,0,31.0
746192,44.46,43.0,42.7,43.3,1,0,14.54,17.48,55513,1,1,0,31.0
746698,44.46,43.0,42.7,43.3,1,0,14.54,17.48,56013,1,1,0,31.0
747204,44.44,43.0,42.7,43.3,1,0,14.49,17.48,56513,1,1,0,31.0
747710,44.44,43.0,42.7,43.3,1,0,14.49,17.48,57013,1,1,0,31.0
748216,44.44,43.0,42.7,43.3,1,0,14.49,17.48,57514,1,1,0,31.0
748722,44.46,43.0,42.7,43.3,1,0,14.38,17.48,58014,1,1,0,31.0
749228,44.46,43.0,42.7,43.3,1,0,14.38,17.48,58514,1,1,0,31.0
749734,44.42,43.0,42.7,43.3,1,0,14.12,17.47,59014,1,1,0,31.0
750240,44.42,43.0,42.7,43.3,1,0,14.12,17.47,59514,1,1,0,31.0
750746,44.42,43.0,42.7,43.3,1,0,14.25,17.47,60014,1,1,0,30.98
751252,44.42,43.0,42.7,43.3,1,0,14.25,17.45,60514,1,1,0,30.98
751758,44.38,43.0,42.7,43.3,1,0,14.19,17.45,61014,1,1,0,31.01
752264,44.38,43.0,42.7,43.3,1,0,14.19,17.46,61514,1,1,0,31.01
752771,44.36,43.0,42.7,43.3,1,0,14.1,17.46,62014,1,1,0,31.0
753277,44.36,43.0,42.7,43.3,1,0,14.1,17.45,62514,1,1,0,31.0
753783,44.36,43.0,42.7,43.3,1,0,14.01,17.45,63014,1,1,0,31.0
754289,44.36,43.0,42.7,43.3,1,0,14.01,17.45,63514,1,1,0,31.0
754795,44.34,43.0,42.7,43.3,1,0,13.97,17.45,64014,1,1,0,31.0
755301,44.34,43.0,42.7,43.3,1,0,13.97,17.44,64514,1,1,0,31.0
755810,44.36,43.0,42.7,43.3,1,0,14.03,17.44,65014,1,1,0,31.0
756317,44.36,43.0,42.7,43.3,1,0,14.03,17.45,65514,1,1,0,31.0
756823,44.36,43.0,42.7,43.3,1,0,14.03,17.45,66014,1,1,0,31.0
757329,44.31,43.0,42.7,43.3,1,0,13.42,17.45,66514,1,1,0,31.0
757835,44.28,43.0,42.7,43.3,1,0,13.69,17.43,67014,1,1,0,30.98
758341,44.26,43.0,42.7,43.3,1,0,13.66,17.4,68015,1,1,0,30.98
758847,44.26,43.0,42.7,43.3,1,0,13.66,17.4,68515,1,1,0,30.98
759366,44.25,43.0,42.7,43.3,1,0,13.69,17.4,69015,1,1,0,31.0
759873,44.25,43.0,42.7,43.3,1,0,13.69,17.41,69515,1,1,0,31.0
760379,44.27,43.0,42.7,43.3,1,0,13.49,17.44,70015,1,1,0,31.03
760885,44.26,43.0,42.7,43.3,1,0,13.49,17.42,70515,1,1,0,31.01
761391,44.26,43.0,42.7,43.3,1,0,13.49,17.42,71015,1,1,0,31.01
761897,44.19,43.0,42.7,43.3,1,0,13.4,17.38,71515,1,1,0,31.0
762403,44.19,43.0,42.7,43.3,1,0,13.4,17.38,72015,1,1,0,31.0
762909,44.18,43.0,42.7,43.3,1,0,13.34,17.39,72515,1,1,0,31.01
763415,44.22,43.0,42.7,43.3,1,0,13.8,17.41,73015,1,1,0,31.01
763923,44.16,43.0,42.7,43.3,1,0,13.29,17.41,73515,1,1,0,31.0
764430,44.16,43.0,42.7,43.3,1,0,13.29,17.37,74015,1,1,0,31.0
764936,44.12,43.0,42.7,43.3,1,0,13.29,17.34,74515,1,1,0,30.98
765442,44.12,43.0,42.7,43.3,1,1,13.29,17.34,75015,1,1,1,30.98
765948,44.09,43.0,42.7,43.3,1,1,13.21,17.35,75515,1,1,1,31.0
766454,44.09,43.0,42.7,43.3,1,1,13.21,17.35,76015,1,1,1,31.0
766960,44.09,43.0,42.7,43.3,1,1,13.21,17.35,76515,1,1,1,31.0
767466,44.1,43.0,42.7,43.3,1,1,13.4,17.34,77015,1,1,1,30.98
767972,44.12,43.0,42.7,43.3,1,1,13.71,17.36,77515,1,1,1,31.0
768478,44.13,43.0,42.7,43.3,1,1,13.77,17.35,78015,1,1,1,30.98
768984,44.09,43.0,42.7,43.3,1,1,13.99,17.35,78515,1,1,1,31.0
769490,44.09,43.0,42.7,43.3,1,1,13.99,17.35,79015,1,1,1,31.0
769996,43.87,43.0,42.7,43.3,1,1,14.32,17.35,79515,1,1,1,30.98
770502,43.87,43.0,42.7,43.3,1,1,14.32,17.26,80015,1,1,1,30.98
771008,43.87,43.0,42.7,43.3,1,1,14.32,17.26,80515,1,1,1,30.98
771514,43.24,43.0,42.7,43.3,1,1,14.67,17.26,81015,1,1,1,30.97
772020,43.24,43.0,42.7,43.3,0,0,14.67,17.02,0,1,1,0,30.97
772526,42.76,43.0,42.7,43.3,0,0,14.75,17.02,500,1,1,0,30.93
773033,42.76,43.0,42.7,43.3,0,0,14.75,16.8,1000,1,1,0,30.93
773539,42.51,43.0,42.7,43.3,0,0,14.58,16.68,1500,1,1,0,30.9
774045,42.51,43.0,42.7,43.3,0,0,14.58,16.68,2000,1,1,0,30.9
774551,42.2,43.0,42.7,43.3,0,0,14.54,16.58,2500,1,1,0,30.92
775057,42.2,43.0,42.7,43.3,0,0,14.54,16.58,3000,1,1,0,30.92
775563,42.2,43.0,42.7,43.3,0,0,14.54,16.58,3500,1,1,0,30.92
776069,42.2,43.0,42.7,43.3,0,0,14.54,16.58,4000,1,1,0,30.92
776575,41.89,43.0,42.7,43.3,0,0,13.8,16.45,4500,1,1,0,30.9
777081,41.89,43.0,42.7,43.3,0,0,13.8,16.45,5000,1,1,0,30.9
777587,41.75,43.0,42.7,43.3,0,0,13.97,16.42,5503,1,1,0,30.93
778093,41.73,43.0,42.7,43.3,0,0,13.97,16.42,6003,1,1,0,30.9
778599,41.73,43.0,42.7,43.3,0,0,13.97,16.39,6503,1,1,0,30.9
779106,41.73,43.0,42.7,43.3,0,0,13.97,16.39,7003,1,1,0,30.9
779613,41.7,43.0,42.7,43.3,0,0,14.08,16.37,7503,1,1,0,30.89
780119,41.67,43.0,42.7,43.3,0,0,14.12,16.37,8003,1,1,0,30.9
780625,41.61,43.0,42.7,43.3,0,0,14.03,16.37,8503,1,1,0,30.87
781131,41.61,43.0,42.7,43.3,0,0,14.03,16.32,9003,1,1,0,30.87
781637,41.61,43.0,42.7,43.3,0,0,14.03,16.32,9503,1,1,0,30.87
782143,41.63,43.0,42.7,43.3,0,0,14.03,16.33,10003,1,1,0,30.87
782649,41.64,43.0,42.7,43.3,0,0,14.03,16.35,10503,1,1,0,30.89
783155,41.63,43.0,42.7,43.3,0,0,14.17,16.35,11003,1,1,0,30.87
783661,41.61,43.0,42.7,43.3,0,0,14.4,16.33,11503,1,1,0,30.86
784167,41.61,43.0,42.7,43.3,0,0,14.4,16.31,12003,1,1,0,30.86
784673,41.61,43.0,42.7,43.3,0,0,14.21,16.34,12503,1,1,0,30.89
785179,41.61,43.0,42.7,43.3,0,0,14.21,16.34,13003,1,1,0,30.89
785685,41.66,43.0,42.7,43.3,0,0,13.9,16.34,13503,1,1,0,30.87
786191,41.66,43.0,42.7,43.3,0,0,13.9,16.34,14003,1,1,0,30.87
786697,41.66,43.0,42.7,43.3,0,0,13.9,16.34,14503,1,1,0,30.87
787203,41.67,43.0,42.7,43.3,0,0,14.08,16.34,15003,1,1,0,30.87
787709,41.67,43.0,42.7,43.3,0,0,14.58,16.37,15503,1,1,0,30.9
788215,41.67,43.0,42.7,43.3,0,0,14.58,16.37,16003,1,1,0,30.9
788721,41.7,43.0,42.7,43.3,0,0,14.67,16.37,16503,1,1,0,30.89
789227,41.7,43.0,42.7,43.3,0,0,14.67,16.37,17003,1,1,0,30.89
789733,41.77,43.0,42.7,43.3,0,0,14.3,16.37,17503,1,1,0,30.89
790239,41.77,43.0,42.7,43.3,0,0,14.3,16.4,18003,1,1,0,30.89
790745,41.77,43.0,42.7,43.3,0,0,14.3,16.4,18503,1,1,0,30.89
791251,41.88,43.0,42.7,43.3,0,0,15.08,16.4,19003,1,1,0,30.89
791758,41.89,43.0,42.7,43.3,0,0,15.14,16.44,19503,1,0,0,30.89
792265,41.89,43.0,42.7,43.3,0,0,15.14,16.44,20003,1,0,0,30.89
792771,41.89,43.0,42.7,43.3,0,0,15.14,16.44,20503,1,0,0,30.89
793277,41.88,43.0,42.7,43.3,0,0,15.45,16.44,21003,1,0,0,30.89
793783,41.92,43.0,42.7,43.3,0,0,15.53,16.44,21503,1,0,0,30.9
794289,41.92,43.0,42.7,43.3,0,0,15.53,16.47,22003,1,0,0,30.9
794795,41.99,43.0,42.7,43.3,0,0,15.51,16.47,22503,1,0,0,30.87
795303,41.99,43.0,42.7,43.3,0,0,15.51,16.47,23003,1,0,0,30.87
795810,42.04,43.0,42.7,43.3,0,0,16.35,16.47,23503,1,0,0,30.92
796316,42.08,43.0,42.7,43.3,0,0,15.64,16.52,24003,1,0,0,30.89
796822,42.08,43.0,42.7,43.3,0,0,15.64,16.51,24503,1,0,0,30.89
797328,42.08,43.0,42.7,43.3,0,0,15.64,16.51,25003,1,0,0,30.89
797834,42.08,43.0,42.7,43.3,0,0,15.64,16.51,25503,1,0,0,30.89
798340,42.11,43.0,42.7,43.3,0,0,16.1,16.51,26003,1,0,0,30.9
798846,42.07,43.0,42.7,43.3,0,0,15.88,16.53,27005,1,0,0,30.92
799352,42.07,43.0,42.7,43.3,0,0,15.88,16.53,27505,1,0,0,30.92
799858,42.11,43.0,42.7,43.3,0,0,16.53,16.54,28005,1,0,0,30.9
800364,42.11,43.0,42.7,43.3,0,0,16.53,16.54,28505,1,0,0,30.9
800870,42.11,43.0,42.7,43.3,0,0,16.53,16.54,29005,1,0,0,30.9
801376,42.11,43.0,42.7,43.3,0,0,16.53,16.54,29505,1,0,0,30.9
801882,42.18,43.0,42.7,43.3,0,0,16.46,16.58,30005,1,0,0,30.93
802388,42.18,43.0,42.7,43.3,0,0,16.53,16.56,30505,1,0,0,30.9
802894,42.19,43.0,42.7,43.3,0,0,16.85,16.59,31005,1,0,0,30.93
803400,42.19,43.0,42.7,43.3,0,0,16.85,16.59,31505,1,0,0,30.93
803906,42.2,43.0,42.7,43.3,0,0,17.32,16.58,32005,1,0,0,30.92
804412,42.2,43.0,42.7,43.3,0,0,17.32,16.58,32505,1,0,0,30.92
804918,42.2,43.0,42.7,43.3,0,0,17.32,16.58,33005,1,0,0,30.92
805424,42.25,43.0,42.7,43.3,0,0,17.0,16.61,33510,1,0,0,30.93
805930,42.25,43.0,42.7,43.3,0,0,17.0,16.61,34010,1,0,0,30.93
806436,42.29,43.0,42.7,43.3,0,0,17.11,16.63,34510,1,0,0,30.93
806942,42.29,43.0,42.7,43.3,0,0,17.28,16.61,35010,1,0,0,30.92
807448,42.29,43.0,42.7,43.3,0,0,17.28,16.61,35510,1,0,0,30.92
807954,42.29,43.0,42.7,43.3,0,0,17.28,16.61,36010,1,0,0,30.92
808460,42.28,43.0,42.7,43.3,0,0,17.28,16.62,36510,1,0,0,30.93
808966,42.33,43.0,42.7,43.3,0,0,17.58,16.62,37010,1,0,0,30.92
809472,42.33,43.0,42.7,43.3,0,0,17.58,16.63,37510,1,0,0,30.92
809978,42.38,43.0,42.7,43.3,0,0,17.56,16.67,38010,1,0,0,30.94
810484,42.34,43.0,42.7,43.3,0,0,17.43,16.67,38510,1,0,0,30.94
810990,42.34,43.0,42.7,43.3,0,0,17.43,16.66,39010,1,0,0,30.94
811496,42.38,43.0,42.7,43.3,0,0,17.65,16.66,39510,1,0,0,30.93
812002,42.42,43.0,42.7,43.3,0,0,17.5,16.66,40010,1,0,0,30.94
812508,42.42,43.0,42.7,43.3,0,0,17.5,16.69,40510,1,0,0,30.94
813014,42.46,43.0,42.7,43.3,0,0,17.22,16.69,41010,1,0,0,30.93
813520,42.45,43.0,42.7,43.3,0,0,17.76,16.7,41510,1,0,0,30.94
814026,42.45,43.0,42.7,43.3,0,0,17.76,16.7,42010,1,0,0,30.94
814532,42.48,43.0,42.7,43.3,0,0,18.12,16.72,42510,1,0,0,30.96
815038,42.48,43.0,42.7,43.3,0,0,18.12,16.72,43010,1,0,0,30.96
815545,42.51,43.0,42.7,43.3,0,0,18.19,16.74,43510,1,0,0,30.96
816051,42.51,43.0,42.7,43.3,0,0,18.19,16.74,44010,1,0,0,30.96
816557,42.57,43.0,42.7,43.3,0,0,18.21,16.76,44510,1,0,0,30.96
817063,42.52,43.0,42.7,43.3,0,0,18.4,16.71,45010,1,0,0,30.93
817569,42.54,43.0,42.7,43.3,0,0,18.32,16.73,45510,1,0,0,30.94
818075,42.56,43.0,42.7,43.3,0,0,18.38,16.73,46010,1,0,0,30.94
818581,42.61,43.0,42.7,43.3,0,0,18.36,16.74,46510,1,0,0,30.94
819087,42.61,43.0,42.7,43.3,0,0,18.36,16.76,47010,1,0,0,30.94
819593,42.64,43.0,42.7,43.3,0,0,17.78,16.78,47510,1,0,0,30.96
820099,42.64,43.0,42.7,43.3,0,0,17.78,16.78,48010,1,0,0,30.96
820605,42.64,43.0,42.7,43.3,0,0,17.78,16.78,48510,1,0,0,30.96
821111,42.66,43.0,42.7,43.3,0,0,18.83,16.79,49010,1,0,0,30.96
821617,42.66,43.0,42.7,43.3,0,0,18.83,16.79,49510,1,0,0,30.96
822123,42.69,43.0,42.7,43.3,0,0,18.96,16.8,50010,1,0,0,30.96
822629,42.72,43.0,42.7,43.3,1,0,18.75,16.82,0,1,0,0,30.97
823135,42.72,43.0,42.7,43.3,1,0,18.75,16.82,500,1,0,0,30.97
823641,42.71,43.0,42.7,43.3,1,0,19.03,16.82,1000,1,0,0,30.93
824147,42.8,43.0,42.7,43.3,1,0,19.16,16.78,1500,1,0,0,30.97
824653,42.76,43.0,42.7,43.3,1,0,18.92,16.86,2000,1,0,0,30.96
825160,42.76,43.0,42.7,43.3,1,0,18.92,16.83,2500,1,0,0,30.96
825666,42.76,43.0,42.7,43.3,1,0,18.92,16.83,3000,1,0,0,30.96
826172,42.82,43.0,42.7,43.3,1,0,19.13,16.85,3500,1,0,0,30.96
826678,42.82,43.0,42.7,43.3,1,0,19.13,16.85,4000,1,0,0,30.96
827184,42.83,43.0,42.7,43.3,1,0,19.13,16.85,4500,1,0,0,30.97
827690,42.83,43.0,42.7,43.3,1,0,19.13,16.87,5000,1,0,0,30.97
828196,42.88,43.0,42.7,43.3,1,0,19.11,16.87,5500,1,0,0,30.94
828702,42.88,43.0,42.7,43.3,1,0,19.11,16.86,6000,1,0,0,30.94
829208,42.88,43.0,42.7,43.3,1,0,19.11,16.86,6500,1,0,0,30.94
829714,42.92,43.0,42.7,43.3,1,0,19.16,16.86,7001,1,0,0,30.97
830220,42.92,43.0,42.7,43.3,1,0,19.16,16.9,7502,1,0,0,30.97
830726,42.96,43.0,42.7,43.3,1,0,18.92,16.9,8003,1,0,0,30.96
831232,42.96,43.0,42.7,43.3,1,0,18.92,16.9,8503,1,0,0,30.96
831739,42.99,43.0,42.7,43.3,1,0,19.07,16.9,9003,1,0,0,30.97
832246,42.99,43.0,42.7,43.3,1,0,19.07,16.93,9503,1,0,0,30.97
832752,43.01,43.0,42.7,43.3,1,0,18.94,16.93,10003,1,0,0,30.97
833258,43.01,43.0,42.7,43.3,1,0,18.94,16.93,10503,1,0,0,30.97
833764,43.07,43.0,42.7,43.3,1,0,18.85,16.93,11003,1,0,0,30.97
834270,43.07,43.0,42.7,43.3,1,0,18.85,16.95,11503,1,0,0,30.97
834776,43.11,43.0,42.7,43.3,1,0,18.44,16.95,12003,1,0,0,30.97
835282,43.11,43.0,42.7,43.3,1,0,18.44,16.97,12503,1,0,0,30.97
835788,43.13,43.0,42.7,43.3,1,0,18.57,16.97,13003,1,0,0,30.98
836294,43.14,43.0,42.7,43.3,1,0,18.44,16.99,13503,1,0,0,30.97
836800,43.14,43.0,42.7,43.3,1,0,18.44,16.98,14003,1,0,0,30.97
837306,43.14,43.0,42.7,43.3,1,0,18.44,16.98,14503,1,0,0,30.97
837812,43.23,43.0,42.7,43.3,1,0,18.34,16.98,15003,1,0,0,30.97
838318,43.23,43.0,42.7,43.3,1,0,18.34,17.01,15503,1,0,0,30.97
838824,43.23,43.0,42.7,43.3,1,0,18.34,17.01,16003,1,0,0,30.97
839330,43.23,43.0,42.7,43.3,1,0,18.34,17.01,16503,1,0,0,30.97
839836,43.29,43.0,42.7,43.3,1,0,18.23,17.01,17003,1,0,0,30.98
840342,43.29,43.0,42.7,43.3,1,0,18.23,17.04,17503,1,0,0,30.98
840848,43.33,43.0,42.7,43.3,1,0,18.19,17.04,18003,1,0,0,30.98
841354,43.33,43.0,42.7,43.3,1,0,18.19,17.06,18503,1,0,0,30.98
841860,43.37,43.0,42.7,43.3,1,0,18.08,17.06,19003,1,0,0,30.97
842366,43.39,43.0,42.7,43.3,1,0,17.84,17.06,19505,1,0,0,30.98
842872,43.39,43.0,42.7,43.3,1,0,17.84,17.08,20011,1,0,0,30.98
843378,43.43,43.0,42.7,43.3,1,0,18.04,17.1,21013,1,0,0,30.98
843884,43.45,43.0,42.7,43.3,1,0,18.34,17.1,21513,1,0,0,30.98
844390,43.45,43.0,42.7,43.3,1,0,18.34,17.1,22013,1,0,0,30.98
844896,43.56,43.0,42.7,43.3,1,0,17.52,17.14,22513,1,0,0,30.98
845402,43.54,43.0,42.7,43.3,1,0,17.56,17.13,23013,1,0,0,30.98
845908,43.54,43.0,42.7,43.3,1,0,17.56,17.13,23513,1,0,0,30.98
846414,43.5,43.0,42.7,43.3,1,0,17.69,17.1,24013,1,0,0,30.96
846920,43.61,43.0,42.7,43.3,1,0,17.5,17.15,24513,1,0,0,30.97
847426,43.61,43.0,42.7,43.3,1,0,17.5,17.15,25013,1,0,0,30.97
847932,43.61,43.0,42.7,43.3,1,0,17.5,17.15,25513,1,0,0,30.97
848438,43.61,43.0,42.7,43.3,1,0,17.5,17.15,26015,1,0,0,30.97
848944,43.61,43.0,42.7,43.3,1,0,17.5,17.15,26515,1,0,0,30.97
849450,43.77,43.0,42.7,43.3,1,0,17.15,17.22,27015,1,0,0,30.98
849956,43.81,43.0,42.7,43.3,1,0,17.09,17.2,27515,1,0,0,30.94
850462,43.81,43.0,42.7,43.3,1,0,17.09,17.2,28015,1,0,0,30.94
850968,43.81,43.0,42.7,43.3,1,0,17.09,17.2,28515,1,0,0,30.94
851474,43.81,43.0,42.7,43.3,1,0,17.09,17.2,29015,1,0,0,30.94
851980,43.9,43.0,42.7,43.3,1,0,16.89,17.27,29515,1,0,0,30.98
852486,43.9,43.0,42.7,43.3,1,0,16.89,17.27,30015,1,0,0,30.98
852994,43.93,43.0,42.7,43.3,1,0,16.83,17.27,30515,1,0,0,31.0
853501,43.93,43.0,42.7,43.3,1,0,16.83,17.29,31015,1,0,0,31.0
854007,44.01,43.0,42.7,43.3,1,0,16.63,17.29,31515,1,0,0,30.97
854513,44.01,43.0,42.7,43.3,1,0,16.63,17.29,32015,1,0,0,30.97
855019,44.01,43.0,42.7,43.3,1,0,16.63,17.29,32515,1,0,0,30.97
855525,44.02,43.0,42.7,43.3,1,0,16.55,17.31,33015,1,0,0,30.98
856031,44.07,43.0,42.7,43.3,1,0,16.35,17.33,33515,1,0,0,30.98
856537,44.07,43.0,42.7,43.3,1,0,16.35,17.33,34015,1,0,0,30.98
857044,44.1,43.0,42.7,43.3,1,0,16.35,17.33,34515,1,0,0,30.97
857550,44.12,43.0,42.7,43.3,1,0,16.46,17.33,35015,1,0,0,30.98
858056,44.12,43.0,42.7,43.3,1,0,16.46,17.34,35515,1,0,0,30.98
858562,44.16,43.0,42.7,43.3,1,0,16.44,17.34,36015,1,0,0,30.98
859068,44.16,43.0,42.7,43.3,1,0,16.44,17.36,36515,1,0,0,30.98
859574,44.15,43.0,42.7,43.3,1,0,16.29,17.35,37015,1,0,0,30.97
860080,44.15,43.0,42.7,43.3,1,0,16.29,17.35,37515,1,0,0,30.97
860586,44.2,43.0,42.7,43.3,1,0,16.27,17.36,38015,1,0,0,30.97
861092,44.2,43.0,42.7,43.3,1,0,16.27,17.36,38515,1,0,0,30.97
861598,44.2,43.0,42.7,43.3,1,0,16.03,17.37,39015,1,0,0,30.98
862104,44.25,43.0,42.7,43.3,1,0,15.84,17.39,39515,1,1,0,30.98
862610,44.25,43.0,42.7,43.3,1,0,15.84,17.39,40015,1,1,0,30.98
863116,44.29,43.0,42.7,43.3,1,0,15.9,17.39,40515,1,1,0,30.98
863622,44.29,43.0,42.7,43.3,1,0,15.9,17.41,41015,1,1,0,30.98
864143,44.29,43.0,42.7,43.3,1,0,16.03,17.41,41515,1,1,0,30.98
864650,44.29,43.0,42.7,43.3,1,0,16.03,17.41,42015,1,0,0,30.98
865156,44.32,43.0,42.7,43.3,1,0,15.75,17.43,42515,1,1,0,31.0
865662,44.35,43.0,42.7,43.3,1,0,15.64,17.43,43015,1,1,0,30.98
866168,44.33,43.0,42.7,43.3,1,0,15.51,17.43,43515,1,1,0,30.98
866674,44.32,43.0,42.7,43.3,1,0,15.53,17.42,44015,1,1,0,31.0
867180,44.32,43.0,42.7,43.3,1,0,15.53,17.43,44515,1,1,0,31.0
867686,44.38,43.0,42.7,43.3,1,0,15.19,17.43,45015,1,1,0,31.01
868192,44.38,43.0,42.7,43.3,1,0,15.19,17.46,45515,1,1,0,31.01
868698,44.4,43.0,42.7,43.3,1,0,15.42,17.46,46015,1,1,0,30.98
869204,44.4,43.0,42.7,43.3,1,0,15.42,17.45,46515,1,1,0,30.98
869710,44.4,43.0,42.7,43.3,1,0,15.42,17.45,47015,1,1,0,30.98
870216,44.43,43.0,42.7,43.3,1,0,15.49,17.45,47515,1,1,0,31.0
870722,44.43,43.0,42.7,43.3,1,0,15.49,17.47,48015,1,1,0,31.0
871228,44.43,43.0,42.7,43.3,1,0,14.84,17.47,48515,1,1,0,31.0
871734,44.43,43.0,42.7,43.3,1,0,15.01,17.47,49015,1,1,0,31.0
872240,44.39,43.0,42.7,43.3,1,0,14.82,17.47,49515,1,1,0,31.0
872746,44.39,43.0,42.7,43.3,1,0,14.82,17.46,50015,1,1,0,31.0
873252,44.42,43.0,42.7,43.3,1,0,14.51,17.46,50515,1,1,0,31.0
873758,44.4,43.0,42.7,43.3,1,0,14.84,17.47,51015,1,1,0,31.0
874264,44.4,43.0,42.7,43.3,1,0,14.84,17.46,51515,1,1,0,31.0
874770,44.4,43.0,42.7,43.3,1,0,14.88,17.46,52015,1,1,0,31.0
875276,44.4,43.0,42.7,43.3,1,0,14.64,17.46,52515,1,1,0,30.97
875782,44.44,43.0,42.7,43.3,1,0,14.67,17.43,53015,1,1,0,30.97
876288,44.44,43.0,42.7,43.3,1,0,14.67,17.45,53515,1,1,0,30.97
876794,44.45,43.0,42.7,43.3,1,0,14.73,17.45,54015,1,1,0,30.97
877306,44.38,43.0,42.7,43.3,1,0,14.56,17.45,54515,1,1,0,31.01
877813,44.38,43.0,42.7,43.3,1,0,14.56,17.46,55015,1,1,0,31.01
878319,44.38,43.0,42.7,43.3,1,0,14.56,17.46,55515,1,1,0,31.01
878825,44.46,43.0,42.7,43.3,1,0,14.34,17.47,56028,1,1,0,30.98
879331,44.46,43.0,42.7,43.3,1,0,14.34,17.47,56528,1,1,0,30.98
879837,44.46,43.0,42.7,43.3,1,0,14.34,17.47,57028,1,1,0,30.98
880343,44.43,43.0,42.7,43.3,1,0,14.32,17.47,57528,1,1,0,31.0
880849,44.38,43.0,42.7,43.3,1,0,13.99,17.47,58028,1,1,0,31.01
881355,44.4,43.0,42.7,43.3,1,0,14.4,17.46,58528,1,1,0,30.98
881862,44.37,43.0,42.7,43.3,1,0,14.32,17.45,59028,1,1,0,31.0
882369,44.37,43.0,42.7,43.3,1,0,14.32,17.45,59528,1,1,0,31.0
882875,44.37,43.0,42.7,43.3,1,0,14.32,17.45,60028,1,1,0,31.0
883381,44.41,43.0,42.7,43.3,1,0,14.23,17.45,60528,1,1,0,30.97
883887,44.41,43.0,42.7,43.3,1,0,14.23,17.44,61028,1,1,0,30.97
884393,44.34,43.0,42.7,43.3,1,0,14.25,17.45,62028,1,1,0,31.01
884899,44.34,43.0,42.7,43.3,1,0,14.25,17.45,62528,1,1,0,31.01
885405,44.32,43.0,42.7,43.3,1,0,14.12,17.46,63028,1,1,0,31.03
885911,44.35,43.0,42.7,43.3,1,0,14.08,17.44,63528,1,1,0,31.0
886417,44.35,43.0,42.7,43.3,1,0,14.08,17.44,64028,1,1,0,31.0
886923,44.27,43.0,42.7,43.3,1,0,13.86,17.43,64528,1,1,0,31.01
887429,44.3,43.0,42.7,43.3,1,0,13.95,17.44,65036,1,1,0,31.01
887935,44.3,43.0,42.7,43.3,1,0,13.95,17.44,65536,1,1,0,31.01
888441,44.28,43.0,42.7,43.3,1,0,13.84,17.39,66036,1,1,0,30.97
888947,44.28,43.0,42.7,43.3,1,0,13.84,17.39,66536,1,1,0,30.97
889453,44.28,43.0,42.7,43.3,1,0,13.73,17.43,67036,1,1,0,31.01
889959,44.21,43.0,42.7,43.3,1,0,13.71,17.39,67536,1,1,0,31.0
890465,44.21,43.0,42.7,43.3,1,0,13.71,17.39,68036,1,1,0,31.0
890971,44.21,43.0,42.7,43.3,1,0,13.71,17.39,68536,1,1,0,31.0
891477,44.22,43.0,42.7,43.3,1,0,13.69,17.39,69036,1,1,0,31.01
891983,44.22,43.0,42.7,43.3,1,0,13.69,17.41,69536,1,1,0,31.01
892489,44.22,43.0,42.7,43.3,1,0,13.69,17.41,70036,1,1,0,31.01
892995,44.18,43.0,42.7,43.3,1,0,13.53,17.39,70536,1,1,0,31.01
893501,44.15,43.0,42.7,43.3,1,0,13.6,17.38,71036,1,1,0,31.01
894007,44.13,43.0,42.7,43.3,1,0,13.42,17.38,71536,1,1,0,31.01
894516,44.13,43.0,42.7,43.3,1,0,13.58,17.38,72036,1,1,0,31.0
895023,44.13,43.0,42.7,43.3,1,0,13.58,17.36,72536,1,1,0,31.0
895529,44.13,43.0,42.7,43.3,1,0,13.58,17.36,73036,1,1,0,31.0
896035,44.13,43.0,42.7,43.3,1,0,13.58,17.36,73536,1,1,0,31.0
896541,44.11,43.0,42.7,43.3,1,0,13.38,17.37,74036,1,1,0,31.01
897047,44.07,43.0,42.7,43.3,1,0,13.25,17.35,74536,1,1,0,31.01
897553,44.07,43.0,42.7,43.3,1,1,13.25,17.35,75036,1,1,1,31.01
898059,44.04,43.0,42.7,43.3,1,1,13.23,17.35,75536,1,1,1,31.0
898566,44.04,43.0,42.7,43.3,1,1,13.23,17.33,76036,1,1,1,31.0
899072,44.05,43.0,42.7,43.3,1,1,13.95,17.33,76536,1,1,1,30.98
899578,44.05,43.0,42.7,43.3,1,1,13.95,17.32,77036,1,1,1,30.98
900084,44.04,43.0,42.7,43.3,1,1,13.66,17.32,77536,1,1,1,30.98
900590,44.04,43.0,42.7,43.3,1,1,13.66,17.32,78036,1,1,1,30.98
901096,44.05,43.0,42.7,43.3,1,1,13.9,17.35,78536,1,1,1,31.01
901602,43.87,43.0,42.7,43.3,1,1,14.3,17.35,79036,1,1,1,30.98
902108,43.87,43.0,42.7,43.3,1,1,14.3,17.26,79536,1,1,1,30.98
902614,43.65,43.0,42.7,43.3,1,1,14.21,17.16,80036,1,1,1,30.97
903120,43.65,43.0,42.7,43.3,1,1,14.21,17.16,80536,1,1,1,30.97
903626,43.15,43.0,42.7,43.3,0,0,14.95,16.96,0,1,1,0,30.94
904132,43.15,43.0,42.7,43.3,0,0,14.95,16.96,500,1,1,0,30.94
904638,42.66,43.0,42.7,43.3,0,0,14.71,16.96,1000,1,1,0,30.94
905144,42.66,43.0,42.7,43.3,0,0,14.71,16.78,1500,1,1,0,30.94
905650,42.36,43.0,42.7,43.3,0,0,14.62,16.78,2000,1,1,0,30.92
906156,42.22,43.0,42.7,43.3,0,0,14.3,16.64,2500,1,1,0,30.92
906663,42.22,43.0,42.7,43.3,0,0,14.3,16.59,3000,1,1,0,30.92
907169,42.11,43.0,42.7,43.3,0,0,14.1,16.54,3500,1,1,0,30.9
907675,42.06,43.0,42.7,43.3,0,0,14.19,16.54,4000,1,1,0,30.93
908181,42.06,43.0,42.7,43.3,0,0,14.19,16.54,4500,1,1,0,30.93
908687,41.92,43.0,42.7,43.3,0,0,14.03,16.54,5000,1,1,0,30.89
909193,41.86,43.0,42.7,43.3,0,0,14.01,16.45,5500,1,1,0,30.89
909699,41.86,43.0,42.7,43.3,0,0,14.01,16.43,6000,1,1,0,30.89
910205,41.89,43.0,42.7,43.3,0,0,14.01,16.44,6500,1,1,0,30.89
910711,41.86,43.0,42.7,43.3,0,0,13.84,16.44,7000,1,1,0,30.89
911217,41.84,43.0,42.7,43.3,0,0,14.03,16.43,7500,1,1,0,30.92
911723,41.79,43.0,42.7,43.3,0,0,14.17,16.45,8000,1,1,0,30.89
912229,41.79,43.0,42.7,43.3,0,0,14.17,16.4,8500,1,1,0,30.89
912735,41.82,43.0,42.7,43.3,0,0,13.86,16.42,9000,1,1,0,30.89
913241,41.82,43.0,42.7,43.3,0,0,13.86,16.42,9500,1,1,0,30.89
913747,41.85,43.0,42.7,43.3,0,0,13.99,16.42,10000,1,1,0,30.87
914253,41.85,43.0,42.7,43.3,0,0,13.99,16.41,10500,1,1,0,30.87
914759,41.85,43.0,42.7,43.3,0,0,14.54,16.41,11000,1,1,0,30.87
915265,41.86,43.0,42.7,43.3,0,0,14.03,16.41,11500,1,1,0,30.89
915771,41.86,43.0,42.7,43.3,0,0,14.03,16.43,12000,1,1,0,30.89
916281,41.91,43.0,42.7,43.3,0,0,14.21,16.43,12500,1,1,0,30.89
916788,41.91,43.0,42.7,43.3,0,0,14.21,16.45,13000,1,1,0,30.89
917294,41.89,43.0,42.7,43.3,0,0,14.34,16.45,13500,1,1,0,30.89
917800,41.89,43.0,42.7,43.3,0,0,14.34,16.44,14000,1,1,0,30.89
918306,41.92,43.0,42.7,43.3,0,0,14.4,16.44,14500,1,1,0,30.89
918812,41.92,43.0,42.7,43.3,0,0,14.54,16.45,15000,1,1,0,30.9
919318,41.92,43.0,42.7,43.3,0,0,14.54,16.47,15500,1,1,0,30.9
919824,41.95,43.0,42.7,43.3,0,0,14.62,16.47,16000,1,1,0,30.87
920330,41.95,43.0,42.7,43.3,0,0,14.62,16.45,16500,1,1,0,30.87
920836,41.97,43.0,42.7,43.3,0,0,14.8,16.45,17000,1,1,0,30.9
921342,41.94,43.0,42.7,43.3,0,0,14.8,16.48,17500,1,1,0,30.9
921848,41.97,43.0,42.7,43.3,0,0,15.01,16.47,18000,1,1,0,30.9
922354,41.97,43.0,42.7,43.3,0,0,15.01,16.48,18500,1,0,0,30.9
922860,41.97,43.0,42.7,43.3,0,0,15.01,16.48,19000,1,0,0,30.9
923366,41.98,43.0,42.7,43.3,0,0,15.36,16.48,19500,1,0,0,30.9
923872,41.98,43.0,42.7,43.3,0,0,15.36,16.49,20000,1,0,0,30.9
924378,42.02,43.0,42.7,43.3,0,0,15.51,16.49,20500,1,0,0,30.92
924884,42.02,43.0,42.7,43.3,0,0,15.51,16.52,21000,1,0,0,30.92
925390,42.05,43.0,42.7,43.3,0,0,14.99,16.52,21500,1,0,0,30.9
925896,42.06,43.0,42.7,43.3,0,0,15.47,16.51,22000,1,1,0,30.92
926402,42.06,43.0,42.7,43.3,0,0,15.47,16.53,23001,1,0,0,30.92
926908,42.11,43.0,42.7,43.3,0,0,15.6,16.55,23501,1,0,0,30.92
927414,42.11,43.0,42.7,43.3,0,0,15.6,16.55,24001,1,0,0,30.92
927920,42.13,43.0,42.7,43.3,0,0,15.84,16.55,24501,1,0,0,30.92
928426,42.13,43.0,42.7,43.3,0,0,15.84,16.55,25001,1,0,0,30.92
928932,42.13,43.0,42.7,43.3,0,0,15.84,16.55,25504,1,0,0,30.92
929438,42.14,43.0,42.7,43.3,0,0,16.05,16.55,26005,1,0,0,30.9
929944,42.14,43.0,42.7,43.3,0,0,16.05,16.55,26505,1,0,0,30.9
930450,42.2,43.0,42.7,43.3,0,0,16.07,16.62,27005,1,0,0,30.96
930956,42.2,43.0,42.7,43.3,0,0,16.07,16.62,27505,1,0,0,30.96
931462,42.26,43.0,42.7,43.3,0,0,16.46,16.6,28005,1,0,0,30.92
931969,42.24,43.0,42.7,43.3,0,0,16.44,16.6,28505,1,0,0,30.92
932476,42.24,43.0,42.7,43.3,0,0,16.44,16.6,29005,1,0,0,30.92
932982,42.28,43.0,42.7,43.3,0,0,16.2,16.62,29505,1,0,0,30.93
933488,42.26,43.0,42.7,43.3,0,0,16.61,16.62,30005,1,0,0,30.93
933994,42.26,43.0,42.7,43.3,0,0,16.61,16.62,30505,1,0,0,30.93
934500,42.26,43.0,42.7,43.3,0,0,16.61,16.62,31005,1,0,0,30.93
935006,42.26,43.0,42.7,43.3,0,0,16.61,16.62,31505,1,0,0,30.93
935512,42.34,43.0,42.7,43.3,0,0,16.7,16.66,32005,1,0,0,30.94
936018,42.34,43.0,42.7,43.3,0,0,16.7,16.66,32508,1,0,0,30.94
936524,42.34,43.0,42.7,43.3,0,0,16.7,16.66,33008,1,0,0,30.94
937030,42.32,43.0,42.7,43.3,0,0,16.87,16.64,33508,1,0,0,30.93
937536,42.38,43.0,42.7,43.3,0,0,17.02,16.64,34008,1,0,0,30.93
938042,42.38,43.0,42.7,43.3,0,0,17.02,16.66,34508,1,0,0,30.93
938548,42.38,43.0,42.7,43.3,0,0,17.02,16.66,35008,1,0,0,30.93
939054,42.36,43.0,42.7,43.3,0,0,17.32,16.64,35508,1,0,0,30.92
939561,42.42,43.0,42.7,43.3,0,0,17.24,16.64,36008,1,0,0,30.94
940068,42.42,43.0,42.7,43.3,0,0,17.24,16.69,36508,1,0,0,30.94
940574,42.42,43.0,42.7,43.3,0,0,17.24,16.69,37008,1,0,0,30.94
941080,42.44,43.0,42.7,43.3,0,0,17.48,16.69,37508,1,0,0,30.94
941586,42.44,43.0,42.7,43.3,0,0,17.48,16.7,38008,1,0,0,30.94
942092,42.44,43.0,42.7,43.3,0,0,17.54,16.68,38508,1,0,0,30.93
942598,42.45,43.0,42.7,43.3,0,0,17.63,16.67,39022,1,0,0,30.92
943104,42.45,43.0,42.7,43.3,0,0,17.63,16.67,39522,1,0,0,30.92
943611,42.5,43.0,42.7,43.3,0,0,17.76,16.67,40022,1,0,0,30.94
944117,42.5,43.0,42.7,43.3,0,0,17.76,16.72,40522,1,0,0,30.94
944623,42.5,43.0,42.7,43.3,0,0,17.76,16.72,41022,1,0,0,30.94
945129,42.52,43.0,42.7,43.3,0,0,17.84,16.72,41522,1,0,0,30.94
945635,42.52,43.0,42.7,43.3,0,0,17.84,16.73,42022,1,0,0,30.94
946141,42.56,43.0,42.7,43.3,0,0,17.99,16.73,42522,1,0,0,30.97
946650,42.57,43.0,42.7,43.3,0,0,18.14,16.76,43022,1,0,0,30.96
947157,42.57,43.0,42.7,43.3,0,0,18.14,16.76,43522,1,0,0,30.96
947663,42.6,43.0,42.7,43.3,0,0,18.27,16.76,44022,1,0,0,30.97
948169,42.63,43.0,42.7,43.3,0,0,18.36,16.78,44522,1,0,0,30.96
948675,42.63,43.0,42.7,43.3,0,0,18.36,16.78,45022,1,0,0,30.96
949181,42.63,43.0,42.7,43.3,0,0,18.36,16.78,45522,1,0,0,30.96
949687,42.66,43.0,42.7,43.3,0,0,18.49,16.79,46022,1,0,0,30.96
950193,42.66,43.0,42.7,43.3,0,0,18.53,16.79,46522,1,0,0,30.96
950699,42.64,43.0,42.7,43.3,0,0,18.47,16.79,47022,1,0,0,30.96
951205,42.69,43.0,42.7,43.3,0,0,18.44,16.78,47522,1,0,0,30.94
951711,42.69,43.0,42.7,43.3,0,0,18.44,16.79,48022,1,0,0,30.94
952217,42.69,43.0,42.7,43.3,0,0,18.44,16.79,48522,1,0,0,30.94
952723,42.74,43.0,42.7,43.3,1,0,18.85,16.83,0,1,0,0,30.97
953229,42.74,43.0,42.7,43.3,1,0,18.85,16.83,500,1,0,0,30.96
953735,42.74,43.0,42.7,43.3,1,0,18.85,16.82,1000,1,0,0,30.96
954241,42.76,43.0,42.7,43.3,1,0,18.9,16.83,1500,1,0,0,30.96
954749,42.76,43.0,42.7,43.3,1,0,18.9,16.83,2000,1,0,0,30.96
955255,42.76,43.0,42.7,43.3,1,0,18.68,16.83,2500,1,0,0,30.94
955761,42.76,43.0,42.7,43.3,1,0,18.68,16.81,3000,1,0,0,30.94
956267,42.76,43.0,42.7,43.3,1,0,18.68,16.81,3503,1,0,0,30.94
956773,42.8,43.0,42.7,43.3,1,0,18.96,16.84,4004,1,0,0,30.96
957279,42.83,43.0,42.7,43.3,1,0,18.94,16.84,4504,1,0,0,30.97
957785,42.83,43.0,42.7,43.3,1,0,18.94,16.87,5004,1,0,0,30.97
958291,42.83,43.0,42.7,43.3,1,0,18.94,16.87,5504,1,0,0,30.97
958797,42.89,43.0,42.7,43.3,1,0,19.31,16.87,6004,1,0,0,30.97
959303,42.88,43.0,42.7,43.3,1,0,18.98,16.89,6504,1,0,0,30.96
959809,42.88,43.0,42.7,43.3,1,0,18.98,16.87,7004,1,0,0,30.96
960315,42.94,43.0,42.7,43.3,1,0,19.0,16.87,7504,1,0,0,30.97
960821,42.94,43.0,42.7,43.3,1,0,19.0,16.9,8004,1,0,0,30.97
961327,42.95,43.0,42.7,43.3,1,0,18.79,16.92,8504,1,0,0,30.98
961833,42.94,43.0,42.7,43.3,1,0,18.92,16.92,9004,1,0,0,30.96
962339,42.94,43.0,42.7,43.3,1,0,18.92,16.89,9504,1,0,0,30.96
962845,43.02,43.0,42.7,43.3,1,0,18.85,16.94,10020,1,0,0,30.97
963351,43.01,43.0,42.7,43.3,1,0,18.6,16.94,10520,1,0,0,30.97
963857,43.01,43.0,42.7,43.3,1,0,18.6,16.93,11020,1,0,0,30.97
964363,43.08,43.0,42.7,43.3,1,0,18.57,16.96,11520,1,0,0,30.97
964869,43.08,43.0,42.7,43.3,1,0,18.57,16.96,12020,1,0,0,30.97
965375,43.11,43.0,42.7,43.3,1,0,18.49,16.98,12520,1,0,0,30.98
965881,43.14,43.0,42.7,43.3,1,0,18.57,16.98,13020,1,0,0,30.97
966387,43.14,43.0,42.7,43.3,1,0,18.57,16.98,13520,1,0,0,30.97
966893,43.17,43.0,42.7,43.3,1,0,18.32,16.98,14020,1,0,0,30.96
967399,43.21,43.0,42.7,43.3,1,0,18.25,16.98,14520,1,0,0,30.97
967905,43.21,43.0,42.7,43.3,1,0,18.27,17.0,15020,1,0,0,30.97
968411,43.21,43.0,42.7,43.3,1,0,18.27,17.0,15520,1,0,0,30.97
968917,43.23,43.0,42.7,43.3,1,0,18.29,17.0,16020,1,0,0,30.96
969423,43.27,43.0,42.7,43.3,1,0,18.32,17.0,16520,1,0,0,30.96
969929,43.27,43.0,42.7,43.3,1,0,18.32,17.01,17020,1,0,0,30.96
970448,43.36,43.0,42.7,43.3,1,0,18.1,17.06,18025,1,0,0,30.97
970955,43.36,43.0,42.7,43.3,1,0,18.1,17.06,18525,1,0,0,30.97
971461,43.36,43.0,42.7,43.3,1,0,18.1,17.06,19025,1,0,0,30.97
971967,43.33,43.0,42.7,43.3,1,0,17.84,17.05,19525,1,0,0,30.97
972473,43.38,43.0,42.7,43.3,1,0,17.78,17.08,20025,1,0,0,30.98
972979,43.43,43.0,42.7,43.3,1,0,17.8,17.08,20525,1,0,0,30.97
973485,43.43,43.0,42.7,43.3,1,0,17.8,17.08,21025,1,0,0,30.97
973991,43.48,43.0,42.7,43.3,1,0,17.88,17.11,21525,1,0,0,30.98
974507,43.51,43.0,42.7,43.3,1,0,17.54,17.11,22025,1,0,0,30.98
975014,43.51,43.0,42.7,43.3,1,0,17.54,17.12,22525,1,0,0,30.98
975520,43.58,43.0,42.7,43.3,1,0,17.45,17.15,23025,1,0,0,30.98
976026,43.58,43.0,42.7,43.3,1,0,17.45,17.15,23525,1,0,0,30.98
976532,43.58,43.0,42.7,43.3,1,0,17.45,17.15,24025,1,0,0,30.98
977038,43.58,43.0,42.7,43.3,1,0,17.45,17.15,24525,1,0,0,30.98
977544,43.58,43.0,42.7,43.3,1,0,17.45,17.15,25025,1,0,0,30.98
978050,43.71,43.0,42.7,43.3,1,0,17.11,17.15,25525,1,0,0,30.97
978556,43.71,43.0,42.7,43.3,1,0,17.11,17.19,26025,1,0,0,30.97
979062,43.72,43.0,42.7,43.3,1,0,17.04,17.19,26525,1,0,0,30.97
979568,43.75,43.0,42.7,43.3,1,0,16.98,17.19,27025,1,0,0,30.97
980074,43.75,43.0,42.7,43.3,1,0,16.98,17.2,27525,1,0,0,30.97
980580,43.78,43.0,42.7,43.3,1,0,16.94,17.21,28025,1,0,0,30.97
981097,43.77,43.0,42.7,43.3,1,0,16.81,17.21,28525,1,0,0,30.97
981604,43.77,43.0,42.7,43.3,1,0,16.81,17.21,29025,1,0,0,30.97
982110,43.87,43.0,42.7,43.3,1,0,16.7,17.21,29525,1,0,0,30.98
982616,43.9,43.0,42.7,43.3,1,0,16.68,17.26,30025,1,0,0,30.98
983122,43.9,43.0,42.7,43.3,1,0,16.68,17.27,30525,1,0,0,30.98
983628,43.91,43.0,42.7,43.3,1,0,16.59,17.26,31025,1,0,0,30.97
984134,43.96,43.0,42.7,43.3,1,0,16.57,17.29,31525,1,0,0,30.98
984640,43.96,43.0,42.7,43.3,1,0,16.57,17.29,32025,1,0,0,30.98
985146,43.93,43.0,42.7,43.3,1,0,16.51,17.26,32525,1,0,0,30.97
985652,43.93,43.0,42.7,43.3,1,0,16.51,17.26,33028,1,0,0,30.97
986158,43.99,43.0,42.7,43.3,1,0,16.29,17.29,33529,1,0,0,30.97
986664,43.99,43.0,42.7,43.3,1,0,16.29,17.29,34029,1,0,0,30.97
987170,43.99,43.0,42.7,43.3,1,0,16.29,17.29,34529,1,0,0,30.97
987676,44.08,43.0,42.7,43.3,1,0,16.18,17.32,35029,1,0,0,30.97
988182,44.08,43.0,42.7,43.3,1,0,16.18,17.32,35529,1,0,0,30.97
988688,44.09,43.0,42.7,43.3,1,0,16.16,17.32,36029,1,0,0,30.97
989194,44.09,43.0,42.7,43.3,1,0,16.16,17.32,36529,1,0,0,30.97
989700,44.12,43.0,42.7,43.3,1,0,16.05,17.32,37029,1,0,0,30.98
990206,44.13,43.0,42.7,43.3,1,0,16.01,17.34,37529,1,0,0,30.98
990712,44.13,43.0,42.7,43.3,1,0,16.01,17.35,38029,1,0,0,30.98
991218,44.19,43.0,42.7,43.3,1,0,16.14,17.38,38529,1,0,0,31.0
991724,44.16,43.0,42.7,43.3,1,0,15.84,17.38,39029,1,0,0,31.0
992230,44.13,43.0,42.7,43.3,1,0,16.27,17.37,39529,1,1,0,31.0
992736,44.13,43.0,42.7,43.3,1,0,16.27,17.36,40029,1,0,0,31.0
993242,44.13,43.0,42.7,43.3,1,0,15.64,17.36,40529,1,0,0,31.0
993749,44.2,43.0,42.7,43.3,1,0,15.53,17.36,41029,1,1,0,30.98
994256,44.2,43.0,42.7,43.3,1,0,15.53,17.37,41530,1,1,0,30.98
994762,44.21,43.0,42.7,43.3,1,0,15.66,17.37,42030,1,1,0,31.0
995268,44.21,43.0,42.7,43.3,1,0,15.66,17.39,42530,1,1,0,31.0
995774,44.24,43.0,42.7,43.3,1,0,15.45,17.39,43030,1,1,0,30.98
996280,44.25,43.0,42.7,43.3,1,0,15.32,17.39,43530,1,1,0,30.98
996786,44.25,43.0,42.7,43.3,1,0,15.32,17.39,44030,1,1,0,30.98
997292,44.28,43.0,42.7,43.3,1,0,15.38,17.39,44530,1,1,0,30.98
997807,44.28,43.0,42.7,43.3,1,0,15.21,17.4,45030,1,1,0,31.0
998314,44.28,43.0,42.7,43.3,1,0,15.21,17.42,45530,1,1,0,31.0
998820,44.33,43.0,42.7,43.3,1,0,15.16,17.42,46030,1,1,0,30.94
999326,44.33,43.0,42.7,43.3,1,0,15.16,17.38,46530,1,1,0,30.94
999832,44.33,43.0,42.7,43.3,1,0,15.16,17.38,47030,1,1,0,30.94
1000338,44.31,43.0,42.7,43.3,1,0,15.23,17.38,47530,1,1,0,30.98
1000844,44.31,43.0,42.7,43.3,1,0,14.82,17.41,48030,1,1,0,30.97
1001350,44.31,43.0,42.7,43.3,1,0,14.82,17.4,48530,1,1,0,30.97
1001856,44.31,43.0,42.7,43.3,1,0,15.01,17.4,49030,1,1,0,30.98
1002362,44.31,43.0,42.7,43.3,1,0,15.01,17.41,49530,1,1,0,30.98
1002868,44.29,43.0,42.7,43.3,1,0,15.03,17.42,50030,1,1,0,31.0
1003374,44.28,43.0,42.7,43.3,1,0,14.64,17.42,50530,1,1,0,30.97
1003880,44.31,43.0,42.7,43.3,1,0,14.9,17.39,51030,1,1,0,30.98
1004386,44.31,43.0,42.7,43.3,1,0,14.9,17.41,51530,1,1,0,30.98
1004892,44.26,43.0,42.7,43.3,1,0,14.84,17.41,52030,1,1,0,30.98
1005401,44.26,43.0,42.7,43.3,1,0,14.84,17.4,52530,1,1,0,30.98
1005908,44.32,43.0,42.7,43.3,1,0,15.25,17.4,53030,1,1,0,30.98
1006414,44.32,43.0,42.7,43.3,1,0,15.25,17.42,53530,1,1,0,30.98
1006920,44.28,43.0,42.7,43.3,1,0,14.51,17.42,54030,1,1,0,31.0
1007426,44.28,43.0,42.7,43.3,1,0,14.51,17.42,54530,1,1,0,31.0
1007932,44.29,43.0,42.7,43.3,1,0,14.4,17.42,55030,1,1,0,30.97
1008438,44.31,43.0,42.7,43.3,1,0,14.51,17.39,55530,1,1,0,31.0
1008944,44.32,43.0,42.7,43.3,1,0,14.34,17.43,56030,1,1,0,31.0
1009450,44.32,43.0,42.7,43.3,1,0,14.34,17.43,56530,1,1,0,31.0
1009957,44.31,43.0,42.7,43.3,1,0,13.66,17.43,57034,1,1,0,30.98
1010463,44.31,43.0,42.7,43.3,1,0,13.66,17.41,58040,1,1,0,30.98
1010969,44.27,43.0,42.7,43.3,1,0,14.3,17.41,58540,1,1,0,31.0
1011475,44.27,43.0,42.7,43.3,1,0,14.3,17.41,59040,1,1,0,31.0
1011981,44.24,43.0,42.7,43.3,1,0,14.51,17.39,59540,1,1,0,30.98
1012487,44.24,43.0,42.7,43.3,1,0,14.51,17.39,60040,1,1,0,30.98
1012993,44.24,43.0,42.7,43.3,1,0,14.51,17.39,60540,1,1,0,30.98
1013499,44.27,43.0,42.7,43.3,1,0,14.17,17.43,61040,1,1,0,31.01
1014005,44.2,43.0,42.7,43.3,1,0,14.06,17.39,61555,1,1,0,31.0
1014511,44.2,43.0,42.7,43.3,1,0,14.06,17.39,62055,1,1,0,31.0
1015017,44.17,43.0,42.7,43.3,1,0,14.03,17.36,62555,1,1,0,30.98
1015523,44.17,43.0,42.7,43.3,1,0,14.03,17.36,63055,1,1,0,30.98
1016029,44.15,43.0,42.7,43.3,1,0,14.03,17.35,63555,1,1,0,30.97
1016535,44.18,43.0,42.7,43.3,1,0,13.84,17.39,64055,1,1,0,31.01
1017041,44.18,43.0,42.7,43.3,1,0,13.84,17.39,64555,1,1,0,31.01
1017547,44.14,43.0,42.7,43.3,1,0,13.97,17.35,65055,1,1,0,30.98
1018053,44.14,43.0,42.7,43.3,1,0,13.97,17.35,65555,1,1,0,30.98
1018559,44.18,43.0,42.7,43.3,1,0,13.77,17.39,66055,1,1,0,31.01
1019065,44.11,43.0,42.7,43.3,1,0,13.8,17.36,66555,1,1,0,31.0
1019571,44.11,43.0,42.7,43.3,1,0,13.8,17.36,67055,1,1,0,31.0
1020077,44.08,43.0,42.7,43.3,1,0,13.75,17.33,67555,1,1,0,30.98
1020583,44.08,43.0,42.7,43.3,1,0,13.71,17.33,68055,1,1,0,30.98
1021089,44.08,43.0,42.7,43.3,1,0,13.71,17.33,68555,1,1,0,30.98
1021595,44.08,43.0,42.7,43.3,1,0,13.71,17.33,69055,1,1,0,30.98
1022101,44.04,43.0,42.7,43.3,1,0,13.51,17.33,69555,1,1,0,31.0
1022607,44.03,43.0,42.7,43.3,1,0,13.49,17.34,70055,1,1,0,31.01
1023113,44.03,43.0,42.7,43.3,1,0,13.49,17.34,70555,1,1,0,31.01
1023619,44.03,43.0,42.7,43.3,1,0,13.49,17.34,71055,1,1,0,31.01
1024127,43.96,43.0,42.7,43.3,1,0,13.42,17.34,71555,1,1,0,30.98
1024634,43.96,43.0,42.7,43.3,1,0,13.42,17.29,72055,1,1,0,30.98
1025140,43.96,43.0,42.7,43.3,1,0,13.42,17.29,72555,1,1,0,30.98
1025646,43.96,43.0,42.7,43.3,1,0,13.42,17.29,73055,1,1,0,30.98
1026152,43.96,43.0,42.7,43.3,1,0,13.36,17.3,73555,1,1,0,31.0
1026658,43.9,43.0,42.7,43.3,1,0,13.36,17.3,74055,1,1,0,30.98
1027164,43.9,43.0,42.7,43.3,1,0,13.36,17.27,74555,1,1,0,30.98
1027671,43.86,43.0,42.7,43.3,1,0,13.12,17.27,75055,1,1,1,30.98
1028178,43.86,43.0,42.7,43.3,1,0,13.12,17.25,75555,1,1,1,30.98
1028684,43.86,43.0,42.7,43.3,1,0,13.12,17.27,76055,1,1,1,31.0
1029190,43.83,43.0,42.7,43.3,1,0,13.07,17.27,76555,1,1,1,31.01
1029696,43.83,43.0,42.7,43.3,1,0,13.07,17.27,77055,1,1,1,31.01
1030202,43.8,43.0,42.7,43.3,1,0,13.05,17.24,77555,1,1,1,31.0
1030708,43.8,43.0,42.7,43.3,1,0,13.05,17.24,78055,1,1,1,31.0
1031214,43.78,43.0,42.7,43.3,1,0,13.1,17.24,78555,1,1,1,31.0
1031720,43.78,43.0,42.7,43.3,1,0,13.1,17.24,79055,1,1,1,31.0
1032226,43.7,43.0,42.7,43.3,1,0,13.12,17.19,79555,1,1,1,30.98
1032732,43.66,43.0,42.7,43.3,1,0,12.39,17.19,80055,1,1,1,30.98
1033238,43.66,43.0,42.7,43.3,1,0,12.39,17.18,80555,1,1,1,30.98
1033744,43.66,43.0,42.7,43.3,1,0,12.39,17.18,81055,1,1,1,30.98
1034250,43.66,43.0,42.7,43.3,1,0,12.39,17.18,81555,1,1,1,30.98
1034756,43.64,43.0,42.7,43.3,1,0,12.77,17.17,82055,1,1,1,30.98
1035262,43.64,43.0,42.7,43.3,1,0,12.77,17.17,82555,1,1,1,30.98
1035768,43.64,43.0,42.7,43.3,1,0,12.77,17.17,83055,1,1,1,30.98
1036274,43.6,43.0,42.7,43.3,1,0,12.72,17.2,83555,1,1,1,31.03
1036780,43.6,43.0,42.7,43.3,1,0,12.66,17.18,84055,1,1,1,31.01
1037286,43.54,43.0,42.7,43.3,1,0,12.88,17.18,84555,1,1,1,31.0
1037792,43.54,43.0,42.7,43.3,1,0,12.88,17.15,85055,1,1,1,31.0
1038312,43.51,43.0,42.7,43.3,1,0,12.59,17.15,85555,1,1,1,31.0
1038819,43.51,43.0,42.7,43.3,1,0,12.59,17.14,86055,1,1,1,31.0
1039325,43.51,43.0,42.7,43.3,1,0,12.59,17.14,86555,1,1,1,31.0
1039831,43.43,43.0,42.7,43.3,1,0,12.72,17.1,87055,1,1,1,30.98
1040337,43.43,43.0,42.7,43.3,1,0,12.72,17.1,87555,1,1,1,30.98
1040843,43.42,43.0,42.7,43.3,1,0,12.44,17.1,88055,1,1,1,31.0
1041349,43.36,43.0,42.7,43.3,1,0,12.64,17.11,88555,1,1,1,31.0
1041855,43.36,43.0,42.7,43.3,1,0,12.64,17.09,89055,1,1,1,31.0
1042361,43.38,43.0,42.7,43.3,1,0,12.5,17.09,89555,1,1,1,30.98
1042867,43.38,43.0,42.7,43.3,1,0,12.5,17.08,90055,1,1,1,30.98
1043373,43.38,43.0,42.7,43.3,1,0,12.5,17.08,90555,1,1,1,30.98
1043879,43.38,43.0,42.7,43.3,1,0,12.5,17.08,91055,1,1,1,30.98
1044385,43.27,43.0,42.7,43.3,1,0,12.57,17.08,91555,1,1,1,30.98
1044891,43.27,43.0,42.7,43.3,0,0,12.57,17.04,0,1,1,0,30.98
1045397,43.22,43.0,42.7,43.3,0,0,12.35,17.04,500,1,1,0,31.0
1045903,43.22,43.0,42.7,43.3,0,0,12.35,17.03,1000,1,1,0,31.0
1046409,43.16,43.0,42.7,43.3,0,0,11.84,17.01,1502,1,1,0,31.0
1046915,43.15,43.0,42.7,43.3,0,0,12.28,17.01,2002,1,1,0,31.01
1047421,43.15,43.0,42.7,43.3,0,0,12.28,17.02,2502,1,1,0,31.01
1047927,43.07,43.0,42.7,43.3,0,0,12.28,17.02,3002,1,1,0,31.0
1048436,43.07,43.0,42.7,43.3,0,0,12.28,16.98,3502,1,1,0,31.0
1048942,43.1,43.0,42.7,43.3,0,0,12.24,16.98,4002,1,1,0,31.0
1049448,43.05,43.0,42.7,43.3,0,0,12.24,16.99,4502,1,1,0,30.98
1049954,43.01,43.0,42.7,43.3,0,0,12.46,16.96,5002,1,1,0,31.03
1050460,43.01,43.0,42.7,43.3,0,0,12.46,16.98,5502,1,1,0,31.03
1050966,43.01,43.0,42.7,43.3,0,0,12.46,16.98,6002,1,1,0,31.01
1051472,43.01,43.0,42.7,43.3,0,0,12.46,16.97,6502,1,1,0,31.01
1051978,42.88,43.0,42.7,43.3,0,0,12.55,16.97,7002,1,1,0,31.0
1052484,42.91,43.0,42.7,43.3,0,0,12.35,16.91,7506,1,1,0,31.01
1052990,42.89,43.0,42.7,43.3,0,0,12.53,16.92,8512,1,1,0,31.01
1053496,42.89,43.0,42.7,43.3,0,0,12.53,16.92,9012,1,1,0,31.01
1054002,42.85,43.0,42.7,43.3,0,0,12.7,16.91,9512,1,1,0,31.01
1054508,42.82,43.0,42.7,43.3,0,0,12.7,16.89,10012,1,1,0,31.0
1055014,42.82,43.0,42.7,43.3,0,0,12.7,16.89,10512,1,1,0,31.0
1055520,42.81,43.0,42.7,43.3,0,0,13.01,16.9,11012,1,1,0,31.01
1056026,42.78,43.0,42.7,43.3,0,0,12.72,16.89,11512,1,1,0,31.01
1056532,42.78,43.0,42.7,43.3,0,0,12.72,16.89,12012,1,1,0,31.01
1057038,42.78,43.0,42.7,43.3,0,0,12.92,16.9,12512,1,1,0,31.03
1057544,42.72,43.0,42.7,43.3,0,0,13.36,16.84,13012,1,1,0,30.98
1058050,42.72,43.0,42.7,43.3,0,0,13.36,16.84,13512,1,1,0,30.98
1058556,42.65,43.0,42.7,43.3,0,0,13.36,16.82,14012,1,1,0,31.0
1059062,42.65,43.0,42.7,43.3,0,0,13.34,16.84,14512,1,1,0,31.01
1059568,42.65,43.0,42.7,43.3,0,0,13.34,16.84,15012,1,1,0,31.01
1060074,42.65,43.0,42.7,43.3,0,0,13.34,16.84,15512,1,1,0,31.01
1060580,42.61,43.0,42.7,43.3,0,0,12.85,16.83,16012,1,1,0,31.03
1061088,42.61,43.0,42.7,43.3,0,0,12.85,16.83,16514,1,1,0,31.03
1061595,42.55,43.0,42.7,43.3,0,0,13.84,16.8,17015,1,1,0,31.01
1062101,42.55,43.0,42.7,43.3,0,0,13.84,16.8,17515,1,1,0,31.01
1062607,42.55,43.0,42.7,43.3,0,0,13.84,16.8,18015,1,1,0,31.01
1063113,42.58,43.0,42.7,43.3,0,0,14.03,16.82,18515,1,1,0,31.03
1063619,42.48,43.0,42.7,43.3,0,0,14.06,16.75,19015,1,1,0,30.98
1064125,42.49,43.0,42.7,43.3,0,0,14.06,16.78,19515,1,1,0,31.01
1064631,42.49,43.0,42.7,43.3,0,0,14.06,16.78,20015,1,1,0,31.01
1065137,42.46,43.0,42.7,43.3,0,0,14.36,16.78,20515,1,1,0,31.01
1065643,42.46,43.0,42.7,43.3,0,0,14.36,16.77,21015,1,1,0,31.01
1066149,42.37,43.0,42.7,43.3,0,0,14.49,16.77,21515,1,1,0,31.0
1066655,42.43,43.0,42.7,43.3,0,0,14.49,16.72,22015,1,1,0,31.01
1067161,42.43,43.0,42.7,43.3,0,0,14.49,16.76,22515,1,1,0,31.01
1067667,42.39,43.0,42.7,43.3,0,0,14.56,16.74,23015,1,1,0,31.01
1068173,42.39,43.0,42.7,43.3,0,0,14.93,16.74,23515,1,1,0,31.03
1068679,42.36,43.0,42.7,43.3,0,0,14.17,16.75,24015,1,1,0,31.04
1069185,42.36,43.0,42.7,43.3,0,0,14.17,16.75,24515,1,1,0,31.04
1069691,42.38,43.0,42.7,43.3,0,0,14.93,16.75,25015,1,1,0,31.0
1070197,42.38,43.0,42.7,43.3,0,0,14.93,16.73,25515,1,1,0,31.0
1070703,42.37,43.0,42.7,43.3,0,0,15.32,16.73,26015,1,1,0,31.01
1071209,42.37,43.0,42.7,43.3,0,0,15.32,16.73,26515,1,0,0,31.01
1071715,42.31,43.0,42.7,43.3,0,0,14.82,16.73,27015,1,0,0,31.01
1072221,42.31,43.0,42.7,43.3,0,0,14.82,16.71,27515,1,1,0,31.01
1072727,42.31,43.0,42.7,43.3,0,0,14.82,16.71,28015,1,1,0,31.01
1073233,42.31,43.0,42.7,43.3,0,0,14.82,16.71,28515,1,1,0,31.01
1073739,42.36,43.0,42.7,43.3,0,0,15.58,16.73,29015,1,0,0,31.01
1074245,42.37,43.0,42.7,43.3,0,0,15.58,16.73,29515,1,0,0,31.0
1074751,42.37,43.0,42.7,43.3,0,0,15.58,16.72,30015,1,0,0,31.0
1075257,42.32,43.0,42.7,43.3,0,0,15.51,16.73,30515,1,0,0,31.03
1075763,42.36,43.0,42.7,43.3,0,0,15.86,16.73,31018,1,0,0,31.01
1076269,42.36,43.0,42.7,43.3,0,0,15.86,16.73,31519,1,0,0,31.01
1076775,42.33,43.0,42.7,43.3,0,0,15.77,16.73,32019,1,0,0,31.03
1077281,42.37,43.0,42.7,43.3,0,0,16.05,16.73,32519,1,0,0,31.03
1077787,42.37,43.0,42.7,43.3,0,0,16.05,16.75,33019,1,0,0,31.03
1078293,42.37,43.0,42.7,43.3,0,0,16.22,16.75,33519,1,0,0,31.03
1078799,42.37,43.0,42.7,43.3,0,0,16.22,16.75,34019,1,0,0,31.03
1079305,42.37,43.0,42.7,43.3,0,0,16.22,16.75,34519,1,0,0,31.03
1079811,42.36,43.0,42.7,43.3,0,0,16.33,16.73,35019,1,0,0,31.01
1080317,42.39,43.0,42.7,43.3,0,0,16.44,16.73,35519,1,0,0,31.01
1080823,42.39,43.0,42.7,43.3,0,0,16.44,16.74,36019,1,0,0,31.01
1081330,42.39,43.0,42.7,43.3,0,0,16.7,16.74,36519,1,0,0,31.01
1081836,42.39,43.0,42.7,43.3,0,0,16.7,16.74,37019,1,0,0,31.01
1082342,42.39,43.0,42.7,43.3,0,0,16.7,16.74,37522,1,0,0,31.01
1082848,42.39,43.0,42.7,43.3,0,0,16.7,16.74,38022,1,0,0,31.01
1083354,42.45,43.0,42.7,43.3,0,0,16.63,16.74,38522,1,0,0,31.01
1083860,42.45,43.0,42.7,43.3,0,0,16.63,16.76,39022,1,0,0,31.01
1084366,42.45,43.0,42.7,43.3,0,0,16.96,16.76,39522,1,0,0,31.01
1084872,42.45,43.0,42.7,43.3,0,0,16.96,16.76,40022,1,0,0,31.01
1085378,42.45,43.0,42.7,43.3,0,0,16.96,16.76,40522,1,0,0,31.01
1085884,42.51,43.0,42.7,43.3,0,0,16.94,16.76,41022,1,0,0,31.03
1086390,42.51,43.0,42.7,43.3,0,0,16.94,16.8,41522,1,0,0,31.03
1086896,42.51,43.0,42.7,43.3,0,0,16.94,16.8,42022,1,0,0,31.03
1087402,42.45,43.0,42.7,43.3,0,0,17.32,16.8,42522,1,0,0,31.01
1087908,42.45,43.0,42.7,43.3,0,0,17.32,16.76,43022,1,0,0,31.01
1088414,42.56,43.0,42.7,43.3,0,0,17.45,16.76,43522,1,0,0,31.03
1088920,42.56,43.0,42.7,43.3,0,0,17.45,16.82,44022,1,0,0,31.03
1089426,42.52,43.0,42.7,43.3,0,0,17.58,16.81,44522,1,0,0,31.04
1089932,42.55,43.0,42.7,43.3,0,0,17.63,16.81,45022,1,0,0,31.03
1090438,42.55,43.0,42.7,43.3,0,0,17.63,16.81,45522,1,0,0,31.03
1090944,42.58,43.0,42.7,43.3,0,0,17.95,16.81,46022,1,0,0,31.01
1091450,42.58,43.0,42.7,43.3,0,0,17.95,16.81,46522,1,0,0,31.01
1091956,42.58,43.0,42.7,43.3,0,0,17.95,16.81,47022,1,0,0,31.01
1092462,42.59,43.0,42.7,43.3,0,0,17.91,16.83,47533,1,0,0,31.03
1092968,42.59,43.0,42.7,43.3,0,0,17.91,16.83,48033,1,0,0,31.03
1093474,42.59,43.0,42.7,43.3,0,0,17.91,16.83,48533,1,0,0,31.03
1093980,42.59,43.0,42.7,43.3,0,0,17.91,16.83,49033,1,0,0,31.03
1094486,42.69,43.0,42.7,43.3,0,0,18.01,16.83,49533,1,0,0,31.03
1094992,42.63,43.0,42.7,43.3,0,0,18.34,16.87,50033,1,0,0,31.01
1095498,42.71,43.0,42.7,43.3,0,0,18.32,16.83,50533,1,0,0,31.03
1096004,42.72,43.0,42.7,43.3,1,0,18.27,16.87,0,1,0,0,31.03
1096510,42.72,43.0,42.7,43.3,1,0,18.27,16.88,500,1,0,0,31.03
1097016,42.68,43.0,42.7,43.3,1,0,18.38,16.87,1505,1,0,0,31.04
1097522,42.77,43.0,42.7,43.3,1,0,18.42,16.89,2005,1,0,0,31.03
1098028,42.75,43.0,42.7,43.3,1,0,18.51,16.89,2505,1,0,0,31.03
1098534,42.78,43.0,42.7,43.3,1,0,18.42,16.91,3005,1,0,0,31.04
1099040,42.78,43.0,42.7,43.3,1,0,18.42,16.91,3505,1,0,0,31.04
1099546,42.77,43.0,42.7,43.3,1,0,18.51,16.89,4005,1,0,0,31.03
1100052,42.78,43.0,42.7,43.3,1,0,18.51,16.89,4505,1,0,0,31.01
1100558,42.87,43.0,42.7,43.3,1,0,18.49,16.94,5014,1,0,0,31.04
1101064,42.87,43.0,42.7,43.3,1,0,18.49,16.94,5514,1,0,0,31.04
1101570,42.85,43.0,42.7,43.3,1,0,18.57,16.92,6014,1,0,0,31.03
1102076,42.85,43.0,42.7,43.3,1,0,18.57,16.92,6514,1,0,0,31.03
1102582,42.85,43.0,42.7,43.3,1,0,18.34,16.94,7014,1,0,0,31.04
1103088,42.91,43.0,42.7,43.3,1,0,17.84,16.96,7514,1,0,0,31.04
1103594,42.97,43.0,42.7,43.3,1,0,18.42,16.97,8014,1,0,0,31.03
1104100,42.97,43.0,42.7,43.3,1,0,18.42,16.97,8514,1,0,0,31.03
1104606,42.97,43.0,42.7,43.3,1,0,18.42,16.97,9014,1,0,0,31.03
1105112,42.93,43.0,42.7,43.3,1,0,18.27,16.95,9514,1,0,0,31.03
1105618,42.93,43.0,42.7,43.3,1,0,18.27,16.95,10014,1,0,0,31.03
1106124,42.96,43.0,42.7,43.3,1,0,18.25,16.96,10514,1,0,0,31.03
1106630,42.96,43.0,42.7,43.3,1,0,18.25,16.96,11014,1,0,0,31.03
1107136,43.03,43.0,42.7,43.3,1,0,18.32,17.02,11514,1,0,0,31.06
1107642,43.03,43.0,42.7,43.3,1,0,18.32,17.02,12014,1,0,0,31.06
1108148,43.03,43.0,42.7,43.3,1,0,18.32,17.02,12514,1,0,0,31.06
1108654,43.1,43.0,42.7,43.3,1,0,18.23,17.03,13014,1,0,0,31.04
1109160,43.12,43.0,42.7,43.3,1,0,17.93,17.03,13514,1,0,0,31.03
1109666,43.12,43.0,42.7,43.3,1,0,17.93,17.02,14014,1,0,0,31.03
1110172,43.19,43.0,42.7,43.3,1,0,17.82,17.05,14514,1,0,0,31.03
1110678,43.19,43.0,42.7,43.3,1,0,17.82,17.05,15014,1,0,0,31.03
1111185,43.22,43.0,42.7,43.3,1,0,17.67,17.05,15514,1,0,0,31.04
1111691,43.22,43.0,42.7,43.3,1,0,17.67,17.07,16014,1,0,0,31.04
1112197,43.19,43.0,42.7,43.3,1,0,18.27,17.05,16514,1,0,0,31.03
1112703,43.28,43.0,42.7,43.3,1,0,17.02,17.05,17014,1,0,0,31.03
1113209,43.27,43.0,42.7,43.3,1,0,17.5,17.08,17514,1,0,0,31.04
1113715,43.27,43.0,42.7,43.3,1,0,17.5,17.09,18014,1,0,0,31.04
1114221,43.27,43.0,42.7,43.3,1,0,17.5,17.09,18514,1,0,0,31.04
1114727,43.27,43.0,42.7,43.3,1,0,17.5,17.09,19014,1,0,0,31.04
1115233,43.38,43.0,42.7,43.3,1,0,17.76,17.09,19514,1,0,0,31.04
1115739,43.41,43.0,42.7,43.3,1,0,17.3,17.13,20014,1,0,0,31.04
1116245,43.41,43.0,42.7,43.3,1,0,17.3,17.14,20514,1,0,0,31.04
1116751,43.44,43.0,42.7,43.3,1,0,17.28,17.15,21014,1,0,0,31.04
1117257,43.44,43.0,42.7,43.3,1,0,17.28,17.15,21514,1,0,0,31.04
1117763,43.44,43.0,42.7,43.3,1,0,17.28,17.15,22014,1,0,0,31.04
1118269,43.44,43.0,42.7,43.3,1,0,17.28,17.15,22514,1,0,0,31.04
1118775,43.5,43.0,42.7,43.3,1,0,16.98,17.15,23014,1,0,0,31.04
1119281,43.53,43.0,42.7,43.3,1,0,16.79,17.17,23514,1,0,0,31.06
1119787,43.53,43.0,42.7,43.3,1,0,16.79,17.2,24014,1,0,0,31.06
1120293,43.6,43.0,42.7,43.3,1,0,16.83,17.23,24514,1,0,0,31.06
1120799,43.63,43.0,42.7,43.3,1,0,16.76,17.21,25023,1,0,0,31.03
1121305,43.63,43.0,42.7,43.3,1,0,16.76,17.21,25523,1,0,0,31.03
1121811,43.66,43.0,42.7,43.3,1,0,16.87,17.23,26023,1,0,0,31.04
1122318,43.72,43.0,42.7,43.3,1,0,16.7,17.23,26523,1,0,0,31.06
1122825,43.72,43.0,42.7,43.3,1,0,16.7,17.27,27023,1,0,0,31.06
1123331,43.73,43.0,42.7,43.3,1,0,16.55,17.26,27523,1,0,0,31.04
1123837,43.75,43.0,42.7,43.3,1,0,16.7,17.28,28023,1,0,0,31.06
1124343,43.74,43.0,42.7,43.3,1,0,16.48,17.28,28523,1,0,0,31.01
1124849,43.74,43.0,42.7,43.3,1,0,16.48,17.24,29023,1,0,0,31.01
1125355,43.78,43.0,42.7,43.3,1,0,16.29,17.24,29523,1,0,0,31.06
1125861,43.78,43.0,42.7,43.3,1,0,16.29,17.29,30023,1,0,0,31.06
1126367,43.81,43.0,42.7,43.3,1,0,16.18,17.29,30523,1,0,0,31.07
1126873,43.81,43.0,42.7,43.3,1,0,16.18,17.31,31023,1,0,0,31.07
1127379,43.82,43.0,42.7,43.3,1,0,16.35,17.31,31523,1,0,0,31.03
1127885,43.82,43.0,42.7,43.3,1,0,16.35,17.27,32023,1,0,0,31.03
1128391,43.91,43.0,42.7,43.3,1,0,15.99,17.27,32523,1,0,0,31.04
1128897,43.91,43.0,42.7,43.3,1,0,15.53,17.32,33023,1,0,0,31.07
1129403,43.91,43.0,42.7,43.3,1,0,15.53,17.35,33523,1,1,0,31.07
1129911,43.91,43.0,42.7,43.3,1,0,15.53,17.35,34023,1,1,0,31.07
1130418,43.91,43.0,42.7,43.3,1,0,15.53,17.35,34523,1,1,0,31.07
1130924,43.91,43.0,42.7,43.3,1,0,15.53,17.35,35023,1,1,0,31.07
1131430,43.92,43.0,42.7,43.3,1,0,15.73,17.35,35523,1,1,0,31.04
1131936,43.92,43.0,42.7,43.3,1,0,15.73,17.32,36023,1,1,0,31.04
1132442,44.05,43.0,42.7,43.3,1,0,15.84,17.32,36523,1,1,0,31.07
1132948,44.05,43.0,42.7,43.3,1,0,15.84,17.4,37023,1,1,0,31.07
1133454,44.0,43.0,42.7,43.3,1,0,15.75,17.4,37523,1,1,0,31.04
1133960,44.0,43.0,42.7,43.3,1,0,15.75,17.35,38023,1,1,0,31.04
1134466,44.03,43.0,42.7,43.3,1,0,15.42,17.35,38523,1,1,0,31.04
1134972,44.08,43.0,42.7,43.3,1,0,15.29,17.36,39023,1,1,0,31.04
1135478,44.08,43.0,42.7,43.3,1,0,15.29,17.38,39523,1,1,0,31.04
1135984,44.02,43.0,42.7,43.3,1,0,15.45,17.38,40023,1,1,0,31.04
1136492,44.02,43.0,42.7,43.3,1,0,15.45,17.36,40523,1,1,0,31.04
1136999,44.04,43.0,42.7,43.3,1,0,15.25,17.36,41023,1,1,0,31.06
1137505,44.04,43.0,42.7,43.3,1,0,15.25,17.39,41523,1,1,0,31.06
1138011,44.04,43.0,42.7,43.3,1,0,15.25,17.39,42023,1,1,0,31.06
1138517,44.06,43.0,42.7,43.3,1,0,15.03,17.39,42523,1,1,0,31.07
1139023,44.06,43.0,42.7,43.3,1,0,15.03,17.4,43023,1,1,0,31.07
1139529,44.1,43.0,42.7,43.3,1,0,14.84,17.4,43523,1,1,0,31.04
1140035,44.14,43.0,42.7,43.3,1,0,14.97,17.42,44524,1,1,0,31.06
1140542,44.11,43.0,42.7,43.3,1,0,14.9,17.41,45031,1,1,0,31.06
1141049,44.11,43.0,42.7,43.3,1,0,14.9,17.41,45531,1,1,0,31.06
1141555,44.13,43.0,42.7,43.3,1,0,14.84,17.4,46031,1,1,0,31.04
1142061,44.13,43.0,42.7,43.3,1,0,14.84,17.4,46531,1,1,0,31.04
1142567,44.1,43.0,42.7,43.3,1,0,14.9,17.39,47031,1,1,0,31.04
1143073,44.11,43.0,42.7,43.3,1,0,14.73,17.39,47531,1,1,0,31.04
1143579,44.11,43.0,42.7,43.3,1,0,14.73,17.39,48031,1,1,0,31.04
1144085,44.06,43.0,42.7,43.3,1,0,14.62,17.39,48531,1,1,0,31.06
1144591,44.06,43.0,42.7,43.3,1,0,14.62,17.39,49031,1,1,0,31.06
1145097,44.06,43.0,42.7,43.3,1,0,14.62,17.39,49531,1,1,0,31.06
1145603,44.04,43.0,42.7,43.3,1,0,14.64,17.36,50031,1,1,0,31.03
1146109,44.04,43.0,42.7,43.3,1,0,14.64,17.36,50531,1,1,0,31.03
1146615,44.04,43.0,42.7,43.3,1,0,14.45,17.37,51031,1,1,0,31.04
1147121,44.04,43.0,42.7,43.3,1,0,14.45,17.37,51531,1,1,0,31.04
1147627,44.05,43.0,42.7,43.3,1,0,14.45,17.4,52031,1,1,0,31.07
1148133,44.05,43.0,42.7,43.3,1,0,14.45,17.4,52531,1,1,0,31.07
1148639,44.05,43.0,42.7,43.3,1,0,14.45,17.4,53031,1,1,0,31.07
1149145,44.0,43.0,42.7,43.3,1,0,14.23,17.35,53531,1,1,0,31.04
1149651,43.99,43.0,42.7,43.3,1,0,14.23,17.35,54031,1,1,0,31.06
1150157,43.99,43.0,42.7,43.3,1,0,14.23,17.37,54531,1,1,0,31.06
1150663,43.99,43.0,42.7,43.3,1,0,14.25,17.37,55031,1,1,0,31.06
1151169,44.0,43.0,42.7,43.3,1,0,14.1,17.33,55531,1,1,0,31.01
1151675,44.0,43.0,42.7,43.3,1,0,14.1,17.33,56031,1,1,0,31.01
1152181,43.95,43.0,42.7,43.3,1,0,13.99,17.33,56531,1,1,0,31.03
1152687,43.95,43.0,42.7,43.3,1,0,13.99,17.32,57031,1,1,0,31.03
1153193,43.95,43.0,42.7,43.3,1,0,13.99,17.32,57531,1,1,0,31.03
1153699,43.92,43.0,42.7,43.3,1,0,14.1,17.34,58031,1,1,0,31.06
1154205,43.92,43.0,42.7,43.3,1,0,13.8,17.34,58531,1,1,0,31.06
1154711,43.92,43.0,42.7,43.3,1,0,13.8,17.34,59031,1,1,0,31.06
1155217,43.9,43.0,42.7,43.3,1,0,13.9,17.34,59531,1,1,0,31.07
1155723,43.91,43.0,42.7,43.3,1,0,13.62,17.34,60031,1,1,0,31.04
1156230,43.88,43.0,42.7,43.3,1,0,13.82,17.32,60531,1,1,0,31.04
1156737,43.88,43.0,42.7,43.3,1,0,13.82,17.31,61031,1,1,0,31.04
1157243,43.88,43.0,42.7,43.3,1,0,13.82,17.31,61531,1,1,0,31.04
1157749,43.82,43.0,42.7,43.3,1,0,13.86,17.31,62031,1,1,0,31.06
1158255,43.79,43.0,42.7,43.3,1,0,13.75,17.3,62531,1,1,0,31.06
1158761,43.79,43.0,42.7,43.3,1,0,13.75,17.29,63031,1,1,0,31.06
1159267,43.81,43.0,42.7,43.3,1,0,13.58,17.3,63531,1,1,0,31.06
1159774,43.81,43.0,42.7,43.3,1,0,13.58,17.3,64031,1,1,0,31.06
1160281,43.81,43.0,42.7,43.3,1,0,13.23,17.3,64531,1,1,0,31.06
1160787,43.75,43.0,42.7,43.3,1,0,13.47,17.26,65031,1,1,0,31.04
1161293,43.72,43.0,42.7,43.3,1,0,13.42,17.26,65531,1,1,0,31.06
1161799,43.72,43.0,42.7,43.3,1,0,13.42,17.27,66031,1,1,0,31.06
1162305,43.72,43.0,42.7,43.3,1,0,13.42,17.27,66531,1,1,0,31.06
1162811,43.69,43.0,42.7,43.3,1,0,13.66,17.24,67031,1,1,0,31.04
1163317,43.69,43.0,42.7,43.3,1,0,13.66,17.24,67531,1,1,0,31.04
1163824,43.62,43.0,42.7,43.3,1,0,13.53,17.24,68031,1,1,0,31.06
1164331,43.62,43.0,42.7,43.3,1,0,13.53,17.23,68531,1,1,0,31.06
1164837,43.6,43.0,42.7,43.3,1,0,13.29,17.23,69031,1,1,0,31.04
1165343,43.6,43.0,42.7,43.3,1,0,13.29,17.21,69531,1,1,0,31.04
1165849,43.6,43.0,42.7,43.3,1,0,13.16,17.23,70031,1,1,0,31.06
1166355,43.59,43.0,42.7,43.3,1,0,12.81,17.23,70531,1,1,0,31.04
1166861,43.59,43.0,42.7,43.3,1,0,12.81,17.2,71031,1,1,0,31.04
1167367,43.59,43.0,42.7,43.3,1,0,12.81,17.2,71531,1,1,0,31.04
1167873,43.5,43.0,42.7,43.3,1,0,13.05,17.2,72031,1,1,0,31.04
1168379,43.5,43.0,42.7,43.3,1,0,13.05,17.17,72531,1,1,0,31.04
1168885,43.5,43.0,42.7,43.3,1,0,13.49,17.16,73031,1,1,0,31.03
1169391,43.47,43.0,42.7,43.3,1,0,13.27,17.16,73534,1,1,0,31.07
1169897,43.47,43.0,42.7,43.3,1,0,13.27,17.19,74035,1,1,0,31.07
1170403,43.47,43.0,42.7,43.3,1,0,13.27,17.19,74535,1,1,0,31.07
1170909,43.41,43.0,42.7,43.3,1,0,12.99,17.14,75035,1,1,1,31.04
1171415,43.41,43.0,42.7,43.3,1,0,12.83,17.14,75535,1,1,1,31.07
1171922,43.37,43.0,42.7,43.3,1,0,12.81,17.17,76035,1,1,1,31.04
1172429,43.37,43.0,42.7,43.3,1,0,12.81,17.12,76535,1,1,1,31.04
1172935,43.35,43.0,42.7,43.3,1,0,13.47,17.14,77035,1,1,1,31.06
1173441,43.32,43.0,42.7,43.3,1,0,12.83,17.14,77535,1,1,1,31.04
1173947,43.22,43.0,42.7,43.3,1,0,12.7,17.11,78035,1,1,1,31.07
1174453,43.22,43.0,42.7,43.3,0,0,12.7,17.1,0,1,1,0,31.07
1174959,43.24,43.0,42.7,43.3,0,0,12.64,17.11,500,1,1,0,31.07
1175465,43.21,43.0,42.7,43.3,0,0,12.66,17.11,1000,1,1,0,31.07
1175971,43.19,43.0,42.7,43.3,0,0,12.66,17.1,1500,1,1,0,31.03
1176477,43.19,43.0,42.7,43.3,0,0,12.66,17.05,2000,1,1,0,31.06
1176983,43.19,43.0,42.7,43.3,0,0,12.66,17.08,2500,1,1,0,31.06
1177490,43.19,43.0,42.7,43.3,0,0,12.66,17.08,3000,1,1,0,31.06
1177996,43.19,43.0,42.7,43.3,0,0,12.66,17.08,3500,1,1,0,31.06
1178502,43.1,43.0,42.7,43.3,0,0,12.59,17.08,4000,1,1,0,31.06
1179008,43.15,43.0,42.7,43.3,0,0,12.81,17.04,4501,1,1,0,31.06
1179514,43.15,43.0,42.7,43.3,0,0,12.81,17.06,5002,1,1,0,31.06
1180027,43.08,43.0,42.7,43.3,0,0,12.72,17.06,5502,1,1,0,31.06
1180534,43.08,43.0,42.7,43.3,0,0,12.72,17.03,6002,1,1,0,31.06
1181040,43.03,43.0,42.7,43.3,0,0,12.88,17.03,6502,1,1,0,31.06
1181546,43.03,43.0,42.7,43.3,0,0,12.88,17.02,7002,1,1,0,31.06
1182052,42.99,43.0,42.7,43.3,0,0,12.81,17.0,8006,1,1,0,31.06
1182558,42.99,43.0,42.7,43.3,0,0,12.81,17.0,8506,1,1,0,31.06
1183064,42.99,43.0,42.7,43.3,0,0,12.81,17.0,9006,1,1,0,31.06
1183570,42.94,43.0,42.7,43.3,0,0,13.14,16.97,9506,1,1,0,31.04
1184076,42.89,43.0,42.7,43.3,0,0,12.83,16.97,10006,1,1,0,31.06
1184582,42.89,43.0,42.7,43.3,0,0,12.83,16.97,10506,1,1,0,31.06
1185088,42.81,43.0,42.7,43.3,0,0,13.18,16.92,11006,1,1,0,31.04
1185594,42.81,43.0,42.7,43.3,0,0,13.18,16.92,11508,1,1,0,31.04
1186100,42.83,43.0,42.7,43.3,0,0,13.34,16.96,12008,1,1,0,31.07
1186606,42.83,43.0,42.7,43.3,0,0,13.34,16.96,12508,1,1,0,31.07
1187112,42.79,43.0,42.7,43.3,0,0,13.6,16.93,13008,1,1,0,31.06
1187618,42.68,43.0,42.7,43.3,0,0,13.53,16.87,13508,1,1,0,31.04
1188124,42.68,43.0,42.7,43.3,0,0,13.53,16.87,14008,1,1,0,31.04
1188630,42.66,43.0,42.7,43.3,0,0,13.75,16.87,14508,1,1,0,31.06
1189136,42.66,43.0,42.7,43.3,0,0,13.75,16.88,15008,1,1,0,31.06
1189642,42.66,43.0,42.7,43.3,0,0,13.75,16.88,15508,1,1,0,31.06
1190148,42.69,43.0,42.7,43.3,0,0,14.58,16.9,16008,1,1,0,31.07
1190654,42.69,43.0,42.7,43.3,0,0,14.58,16.9,16508,1,1,0,31.07
1191160,42.64,43.0,42.7,43.3,0,0,14.06,16.9,17008,1,1,0,31.09
1191667,42.56,43.0,42.7,43.3,0,0,13.97,16.9,17511,1,1,0,31.04
1192174,42.56,43.0,42.7,43.3,0,0,13.97,16.83,18011,1,1,0,31.04
1192680,42.56,43.0,42.7,43.3,0,0,13.97,16.83,18511,1,1,0,31.04
1193186,42.56,43.0,42.7,43.3,0,0,14.17,16.82,19011,1,1,0,31.03
1193692,42.56,43.0,42.7,43.3,0,0,14.17,16.82,19511,1,1,0,31.03
1194198,42.48,43.0,42.7,43.3,0,0,14.45,16.82,20011,1,1,0,31.04
1194704,42.48,43.0,42.7,43.3,0,0,14.45,16.8,20511,1,1,0,31.04
1195210,42.57,43.0,42.7,43.3,0,0,14.32,16.85,21011,1,1,0,31.06
1195716,42.57,43.0,42.7,43.3,0,0,14.32,16.85,21511,1,1,0,31.06
1196222,42.5,43.0,42.7,43.3,0,0,14.54,16.83,22011,1,1,0,31.07
1196728,42.48,43.0,42.7,43.3,0,0,14.69,16.81,22511,1,1,0,31.06
1197234,42.54,43.0,42.7,43.3,0,0,14.93,16.81,23011,1,1,0,31.06
1197740,42.54,43.0,42.7,43.3,0,0,14.93,16.84,23511,1,1,0,31.06
1198246,42.54,43.0,42.7,43.3,0,0,14.93,16.84,24011,1,1,0,31.06
1198752,42.45,43.0,42.7,43.3,0,0,15.1,16.83,24511,1,1,0,31.09
1199258,42.42,43.0,42.7,43.3,0,0,15.21,16.83,25013,1,1,0,31.06
1199764,42.42,43.0,42.7,43.3,0,0,15.21,16.79,25513,1,1,0,31.06
1200270,42.4,43.0,42.7,43.3,0,0,15.34,16.76,26014,1,0,0,31.03
1200776,42.4,43.0,42.7,43.3,0,0,15.34,16.76,26514,1,0,0,31.03
1201282,42.41,43.0,42.7,43.3,0,0,15.49,16.76,27014,1,0,0,31.07
1201788,42.41,43.0,42.7,43.3,0,0,15.49,16.8,27514,1,0,0,31.07
1202294,42.37,43.0,42.7,43.3,0,0,15.68,16.76,28014,1,0,0,31.04
1202800,42.42,43.0,42.7,43.3,0,0,15.64,16.81,28514,1,0,0,31.07
1203306,42.42,43.0,42.7,43.3,0,0,15.68,16.81,29014,1,0,0,31.07
1203812,42.39,43.0,42.7,43.3,0,0,15.88,16.81,29514,1,0,0,31.06
1204318,42.39,43.0,42.7,43.3,0,0,15.88,16.78,30014,1,0,0,31.06
1204824,42.39,43.0,42.7,43.3,0,0,15.88,16.78,30514,1,0,0,31.06
1205330,42.42,43.0,42.7,43.3,0,0,15.71,16.79,31014,1,0,0,31.06
1205836,42.45,43.0,42.7,43.3,0,0,16.25,16.79,31514,1,0,0,31.04
1206342,42.45,43.0,42.7,43.3,0,0,16.25,16.79,32014,1,0,0,31.04
1206848,42.39,43.0,42.7,43.3,0,0,16.27,16.76,32514,1,0,0,31.04
1207354,42.42,43.0,42.7,43.3,0,0,16.22,16.79,33030,1,0,0,31.06
1207860,42.42,43.0,42.7,43.3,0,0,16.22,16.79,33530,1,0,0,31.06
1208366,42.44,43.0,42.7,43.3,0,0,16.46,16.81,34030,1,0,0,31.07
1208872,42.41,43.0,42.7,43.3,0,0,16.48,16.81,34530,1,0,0,31.04
1209378,42.41,43.0,42.7,43.3,0,0,16.48,16.77,35030,1,0,0,31.04
1209884,42.48,43.0,42.7,43.3,0,0,16.57,16.81,35530,1,0,0,31.06
1210390,42.42,43.0,42.7,43.3,0,0,16.63,16.81,36030,1,0,0,31.07
1210896,42.45,43.0,42.7,43.3,0,0,16.72,16.81,36530,1,0,0,31.07
1211402,42.45,43.0,42.7,43.3,0,0,16.72,16.82,37030,1,0,0,31.07
1211908,42.45,43.0,42.7,43.3,0,0,16.72,16.82,37530,1,0,0,31.07
1212414,42.47,43.0,42.7,43.3,0,0,17.0,16.82,38030,1,0,0,31.06
1212920,42.47,43.0,42.7,43.3,0,0,17.0,16.81,38530,1,0,0,31.06
1213426,42.47,43.0,42.7,43.3,0,0,17.0,16.81,39030,1,0,0,31.06
1213932,42.51,43.0,42.7,43.3,0,0,17.09,16.82,39530,1,0,0,31.06
1214438,42.55,43.0,42.7,43.3,0,0,17.24,16.82,40030,1,0,0,31.06
1214944,42.55,43.0,42.7,43.3,0,0,17.24,16.84,40530,1,0,0,31.06
1215450,42.56,43.0,42.7,43.3,0,0,17.43,16.83,41030,1,0,0,31.04
1215956,42.54,43.0,42.7,43.3,0,0,17.41,16.83,41530,1,0,0,31.06
1216462,42.54,43.0,42.7,43.3,0,0,17.41,16.84,42030,1,0,0,31.06
1216968,42.55,43.0,42.7,43.3,0,0,17.41,16.84,42530,1,0,0,31.06
1217474,42.55,43.0,42.7,43.3,0,0,17.41,16.84,43030,1,0,0,31.06
1217980,42.6,43.0,42.7,43.3,0,0,17.52,16.84,43530,1,0,0,31.07
1218486,42.6,43.0,42.7,43.3,0,0,17.69,16.87,44030,1,0,0,31.06
1218992,42.6,43.0,42.7,43.3,0,0,17.69,16.86,44530,1,0,0,31.06
1219498,42.66,43.0,42.7,43.3,0,0,17.84,16.86,45030,1,0,0,31.07
1220004,42.66,43.0,42.7,43.3,0,0,17.82,16.89,45530,1,0,0,31.06
1220510,42.66,43.0,42.7,43.3,0,0,17.82,16.88,46030,1,0,0,31.06
1221016,42.66,43.0,42.7,43.3,0,0,18.12,16.88,46530,1,0,0,31.07
1221522,42.67,43.0,42.7,43.3,0,0,18.06,16.89,47030,1,0,0,31.06
1222028,42.67,43.0,42.7,43.3,0,0,18.06,16.88,47530,1,0,0,31.06
1222534,42.67,43.0,42.7,43.3,0,0,18.04,16.88,48033,1,0,0,31.09
1223040,42.67,43.0,42.7,43.3,0,0,18.04,16.91,48534,1,0,0,31.09
1223546,42.7,43.0,42.7,43.3,1,0,18.21,16.9,0,1,0,0,31.06
1224052,42.7,43.0,42.7,43.3,1,0,18.44,16.9,500,1,0,0,31.06
1224558,42.7,43.0,42.7,43.3,1,0,18.44,16.9,1000,1,0,0,31.06
1225064,42.7,43.0,42.7,43.3,1,0,18.44,16.9,1500,1,0,0,31.06
1225570,42.74,43.0,42.7,43.3,1,0,18.6,16.9,2000,1,0,0,31.06
1226076,42.74,43.0,42.7,43.3,1,0,18.6,16.91,2500,1,0,0,31.06
1226582,42.74,43.0,42.7,43.3,1,0,18.6,16.91,3501,1,0,0,31.06
1227088,42.74,43.0,42.7,43.3,1,0,18.6,16.91,4001,1,0,0,31.06
1227594,42.9,43.0,42.7,43.3,1,0,18.57,16.97,4501,1,0,0,31.06
1228100,42.9,43.0,42.7,43.3,1,0,18.57,16.97,5001,1,0,0,31.06
1228606,42.86,43.0,42.7,43.3,1,0,18.21,16.95,5501,1,0,0,31.06
1229112,42.86,43.0,42.7,43.3,1,0,18.53,16.97,6001,1,0,0,31.07
1229618,42.86,43.0,42.7,43.3,1,0,18.53,16.97,6501,1,0,0,31.07
1230124,42.93,43.0,42.7,43.3,1,0,18.47,16.98,7001,1,0,0,31.06
1230641,42.95,43.0,42.7,43.3,1,0,18.36,16.98,7501,1,0,0,31.07
1231148,42.95,43.0,42.7,43.3,1,0,18.36,17.0,8001,1,0,0,31.07
1231654,43.01,43.0,42.7,43.3,1,0,18.42,17.0,8501,1,0,0,31.07
1232160,43.01,43.0,42.7,43.3,1,0,18.42,17.02,9001,1,0,0,31.07
1232666,43.02,43.0,42.7,43.3,1,0,18.25,17.02,9501,1,0,0,31.09
1233172,43.02,43.0,42.7,43.3,1,0,18.25,17.04,10001,1,0,0,31.09
1233678,43.02,43.0,42.7,43.3,1,0,18.29,17.03,10501,1,0,0,31.07
1234184,43.02,43.0,42.7,43.3,1,0,18.29,17.03,11001,1,0,0,31.07
1234690,43.02,43.0,42.7,43.3,1,0,18.29,17.03,11501,1,0,0,31.07
1235196,43.09,43.0,42.7,43.3,1,0,17.91,17.05,12001,1,0,0,31.07
1235702,43.09,43.0,42.7,43.3,1,0,17.91,17.05,12501,1,0,0,31.07
1236208,43.09,43.0,42.7,43.3,1,0,17.91,17.05,13001,1,0,0,31.07
1236714,43.09,43.0,42.7,43.3,1,0,17.91,17.05,13501,1,0,0,31.07
1237220,43.18,43.0,42.7,43.3,1,0,17.97,17.08,14001,1,0,0,31.07
1237726,43.18,43.0,42.7,43.3,1,0,17.97,17.08,14501,1,0,0,31.07
1238232,43.18,43.0,42.7,43.3,1,0,17.97,17.08,15003,1,0,0,31.07
1238738,43.22,43.0,42.7,43.3,1,0,17.5,17.1,15504,1,0,0,31.07
1239244,43.22,43.0,42.7,43.3,1,0,17.5,17.1,16004,1,0,0,31.07
1239750,43.26,43.0,42.7,43.3,1,0,17.69,17.11,16504,1,0,0,31.07
1240256,43.26,43.0,42.7,43.3,1,0,17.69,17.11,17004,1,0,0,31.07
1240762,43.34,43.0,42.7,43.3,1,0,17.48,17.11,17504,1,0,0,31.07
1241268,43.34,43.0,42.7,43.3,1,0,17.48,17.14,18004,1,0,0,31.07
1241774,43.34,43.0,42.7,43.3,1,0,17.45,17.14,18504,1,0,0,31.07
1242280,43.34,43.0,42.7,43.3,1,0,17.45,17.14,19004,1,0,0,31.07
1242786,43.41,43.0,42.7,43.3,1,0,17.39,17.17,19504,1,0,0,31.07
1243294,43.41,43.0,42.7,43.3,1,0,17.39,17.17,20004,1,0,0,31.07
1243801,43.47,43.0,42.7,43.3,1,0,17.28,17.17,20504,1,0,0,31.06
1244307,43.47,43.0,42.7,43.3,1,0,17.28,17.18,21004,1,0,0,31.06
1244813,43.47,43.0,42.7,43.3,1,0,17.09,17.19,21504,1,0,0,31.07
1245319,43.57,43.0,42.7,43.3,1,0,16.85,17.19,22004,1,0,0,31.07
1245825,43.57,43.0,42.7,43.3,1,0,16.85,17.23,22504,1,0,0,31.07
1246331,43.56,43.0,42.7,43.3,1,0,16.81,17.22,23004,1,0,0,31.07
1246837,43.56,43.0,42.7,43.3,1,0,16.81,17.22,23504,1,0,0,31.07
1247343,43.62,43.0,42.7,43.3,1,0,16.94,17.26,24004,1,0,0,31.09
1247849,43.62,43.0,42.7,43.3,1,0,16.94,17.26,24504,1,0,0,31.09
1248355,43.65,43.0,42.7,43.3,1,0,16.61,17.27,25004,1,0,0,31.09
1248861,43.7,43.0,42.7,43.3,1,0,16.63,17.27,25504,1,0,0,31.07
1249367,43.7,43.0,42.7,43.3,1,0,16.63,17.28,26004,1,0,0,31.07
1249873,43.76,43.0,42.7,43.3,1,0,16.72,17.3,26504,1,0,0,31.07
1250379,43.79,43.0,42.7,43.3,1,0,16.7,17.3,27004,1,0,0,31.09
1250885,43.79,43.0,42.7,43.3,1,0,16.44,17.32,27504,1,0,0,31.07
1251391,43.79,43.0,42.7,43.3,1,0,16.44,17.31,28004,1,0,0,31.07
1251897,43.84,43.0,42.7,43.3,1,0,16.61,17.31,28504,1,0,0,31.1
1252403,43.84,43.0,42.7,43.3,1,0,16.61,17.35,29004,1,0,0,31.1
1252909,43.87,43.0,42.7,43.3,1,0,16.42,17.33,29516,1,0,0,31.07
1253415,43.85,43.0,42.7,43.3,1,0,16.22,17.33,30016,1,0,0,31.07
1253921,43.91,43.0,42.7,43.3,1,0,16.29,17.33,30516,1,0,0,31.07
1254427,43.91,43.0,42.7,43.3,1,0,16.29,17.35,31016,1,0,0,31.07
1254933,43.93,43.0,42.7,43.3,1,0,16.07,17.35,31516,1,0,0,31.09
1255439,43.94,43.0,42.7,43.3,1,0,16.2,17.37,32016,1,0,0,31.07
1255945,43.98,43.0,42.7,43.3,1,0,16.12,17.36,32516,1,0,0,31.07
1256451,43.98,43.0,42.7,43.3,1,0,16.12,17.37,33016,1,0,0,31.07
1256957,43.97,43.0,42.7,43.3,1,0,15.88,17.38,33516,1,1,0,31.09
1257463,43.97,43.0,42.7,43.3,1,0,15.88,17.38,34016,1,1,0,31.09
1257969,43.98,43.0,42.7,43.3,1,0,16.03,17.38,34516,1,1,0,31.07
1258475,43.98,43.0,42.7,43.3,1,0,16.03,17.37,35016,1,0,0,31.07
1258981,43.98,43.0,42.7,43.3,1,0,15.94,17.37,35516,1,0,0,31.07
1259487,43.98,43.0,42.7,43.3,1,0,15.94,17.37,36016,1,0,0,31.07
1259993,43.98,43.0,42.7,43.3,1,0,15.94,17.37,36516,1,0,0,31.07
1260499,43.98,43.0,42.7,43.3,1,0,15.94,17.37,37019,1,0,0,31.07
1261005,44.08,43.0,42.7,43.3,1,0,15.55,17.41,37520,1,1,0,31.07
1261511,44.03,43.0,42.7,43.3,1,0,15.42,17.41,38020,1,1,0,31.07
1262017,44.03,43.0,42.7,43.3,1,0,15.42,17.39,38520,1,1,0,31.07
1262523,44.03,43.0,42.7,43.3,1,0,15.42,17.39,39020,1,1,0,31.07
1263029,44.08,43.0,42.7,43.3,1,0,15.51,17.42,39520,1,1,0,31.09
1263535,44.02,43.0,42.7,43.3,1,0,15.4,17.42,40020,1,1,0,31.07
1264041,44.08,43.0,42.7,43.3,1,0,15.32,17.39,40520,1,1,0,31.1
1264547,44.08,43.0,42.7,43.3,1,0,15.32,17.43,41020,1,1,0,31.1
1265053,44.09,43.0,42.7,43.3,1,0,15.14,17.43,41520,1,1,0,31.07
1265559,44.09,43.0,42.7,43.3,1,0,15.14,17.41,42020,1,1,0,31.07
1266065,44.1,43.0,42.7,43.3,1,0,15.16,17.41,42520,1,1,0,31.07
1266571,44.09,43.0,42.7,43.3,1,0,15.01,17.42,43020,1,1,0,31.1
1267077,44.09,43.0,42.7,43.3,1,0,15.01,17.44,43520,1,1,0,31.1
1267597,44.11,43.0,42.7,43.3,1,0,14.4,17.44,44020,1,1,0,31.06
1268104,44.11,43.0,42.7,43.3,1,0,14.4,17.41,44527,1,1,0,31.06
1268610,44.03,43.0,42.7,43.3,1,0,14.75,17.38,45529,1,1,0,31.06
1269116,44.03,43.0,42.7,43.3,1,0,14.75,17.38,46029,1,1,0,31.06
1269622,44.08,43.0,42.7,43.3,1,0,14.86,17.42,46529,1,1,0,31.09
1270128,44.05,43.0,42.7,43.3,1,0,14.97,17.41,47029,1,1,0,31.09
1270634,44.05,43.0,42.7,43.3,1,0,14.97,17.41,47529,1,1,0,31.09
1271140,44.08,43.0,42.7,43.3,1,0,14.69,17.42,48029,1,1,0,31.09
1271646,44.08,43.0,42.7,43.3,1,0,14.69,17.42,48529,1,1,0,31.09
1272152,44.05,43.0,42.7,43.3,1,0,14.71,17.42,49029,1,1,0,31.1
1272658,44.05,43.0,42.7,43.3,1,0,14.4,17.42,49529,1,1,0,31.09
1273164,44.05,43.0,42.7,43.3,1,0,14.4,17.41,50029,1,1,0,31.09
1273670,44.05,43.0,42.7,43.3,1,0,14.4,17.41,50529,1,1,0,31.09
1274176,44.08,43.0,42.7,43.3,1,0,14.58,17.42,51029,1,1,0,31.09
1274682,44.08,43.0,42.7,43.3,1,0,14.58,17.42,51529,1,1,0,31.09
1275189,44.02,43.0,42.7,43.3,1,0,14.38,17.42,52029,1,1,0,31.07
1275696,44.02,43.0,42.7,43.3,1,0,14.38,17.39,52529,1,1,0,31.07
1276202,44.02,43.0,42.7,43.3,1,0,14.38,17.39,53029,1,1,0,31.07
1276708,43.98,43.0,42.7,43.3,1,0,14.34,17.39,53529,1,1,0,31.09
1277214,43.95,43.0,42.7,43.3,1,0,14.54,17.38,54029,1,1,0,31.09
1277720,43.95,43.0,42.7,43.3,1,0,14.54,17.38,54529,1,1,0,31.09
1278226,43.95,43.0,42.7,43.3,1,0,14.54,17.38,55029,1,1,0,31.09
1278732,43.95,43.0,42.7,43.3,1,0,14.54,17.38,55529,1,1,0,31.09
1279238,43.98,43.0,42.7,43.3,1,0,14.34,17.39,56029,1,1,0,31.09
1279744,43.97,43.0,42.7,43.3,1,0,14.03,17.39,56529,1,1,0,31.1
1280250,43.92,43.0,42.7,43.3,1,0,14.06,17.35,57040,1,1,0,31.07
1280756,43.92,43.0,42.7,43.3,1,0,14.06,17.35,57540,1,1,0,31.07
1281262,43.93,43.0,42.7,43.3,1,0,14.06,17.37,58040,1,1,0,31.09
1281768,43.93,43.0,42.7,43.3,1,0,14.06,17.37,58540,1,1,0,31.09
1282274,43.88,43.0,42.7,43.3,1,0,13.95,17.35,59040,1,1,0,31.09
1282780,43.88,43.0,42.7,43.3,1,0,13.93,17.33,59540,1,1,0,31.06
1283286,43.88,43.0,42.7,43.3,1,0,13.93,17.33,60040,1,1,0,31.06
1283792,43.84,43.0,42.7,43.3,1,0,13.75,17.31,60540,1,1,0,31.06
1284298,43.84,43.0,42.7,43.3,1,0,13.75,17.31,61040,1,1,0,31.06
1284804,43.85,43.0,42.7,43.3,1,0,13.84,17.34,61540,1,1,0,31.09
1285310,43.81,43.0,42.7,43.3,1,0,13.84,17.34,62040,1,1,0,31.1
1285816,43.81,43.0,42.7,43.3,1,0,13.84,17.34,62540,1,1,0,31.1
1286322,43.75,43.0,42.7,43.3,1,0,13.69,17.34,63040,1,1,0,31.12
1286828,43.75,43.0,42.7,43.3,1,0,13.69,17.33,63540,1,1,0,31.12
1287334,43.72,43.0,42.7,43.3,1,0,13.4,17.33,64040,1,1,0,31.07
1287840,43.72,43.0,42.7,43.3,1,0,13.62,17.28,64540,1,1,0,31.09
1288346,43.72,43.0,42.7,43.3,1,0,13.62,17.29,65040,1,1,0,31.09
1288852,43.72,43.0,42.7,43.3,1,0,13.64,17.29,65540,1,1,0,31.07
1289358,43.72,43.0,42.7,43.3,1,0,13.64,17.28,66040,1,1,0,31.07
1289864,43.65,43.0,42.7,43.3,1,0,13.38,17.25,66540,1,1,0,31.07
1290373,43.65,43.0,42.7,43.3,1,0,13.38,17.25,67040,1,1,0,31.07
1290880,43.65,43.0,42.7,43.3,1,0,13.38,17.25,67540,1,1,0,31.07
1291386,43.59,43.0,42.7,43.3,1,0,13.38,17.25,68040,1,1,0,31.1
1291892,43.6,43.0,42.7,43.3,1,0,13.18,17.26,68540,1,1,0,31.06
1292398,43.6,43.0,42.7,43.3,1,0,13.18,17.23,69040,1,1,0,31.06
1292904,43.52,43.0,42.7,43.3,1,0,13.1,17.22,69540,1,1,0,31.09
1293410,43.56,43.0,42.7,43.3,1,0,13.16,17.22,70040,1,1,0,31.1
1293916,43.56,43.0,42.7,43.3,1,0,13.16,17.25,70540,1,1,0,31.1
1294422,43.47,43.0,42.7,43.3,1,0,13.23,17.18,71040,1,1,0,31.06
1294928,43.46,43.0,42.7,43.3,1,0,13.05,17.18,71540,1,1,0,31.12
1295434,43.46,43.0,42.7,43.3,1,0,13.05,17.23,72040,1,1,0,31.12
1295940,43.47,43.0,42.7,43.3,1,0,12.99,17.23,72540,1,1,0,31.09
1296446,43.47,43.0,42.7,43.3,1,0,12.99,17.2,73040,1,1,0,31.09
1296952,43.43,43.0,42.7,43.3,1,0,13.16,17.2,73540,1,1,0,31.1
1297458,43.34,43.0,42.7,43.3,1,0,12.9,17.2,74040,1,1,0,31.07
1297964,43.35,43.0,42.7,43.3,1,0,12.96,17.14,74540,1,1,0,31.07
1298470,43.35,43.0,42.7,43.3,1,0,12.96,17.15,75040,1,1,1,31.07
1298976,43.33,43.0,42.7,43.3,1,0,13.07,17.15,75540,1,1,1,31.07
1299482,43.33,43.0,42.7,43.3,1,0,13.07,17.14,76040,1,1,1,31.07
1299988,43.33,43.0,42.7,43.3,1,0,13.07,17.14,76540,1,1,1,31.07
1300494,43.3,43.0,42.7,43.3,1,0,12.79,17.14,77040,1,1,1,31.07
1301000,43.23,43.0,42.7,43.3,1,0,12.99,17.13,77540,1,1,1,31.09
1301506,43.28,43.0,42.7,43.3,0,0,12.79,17.11,0,1,1,0,31.06
1302012,43.21,43.0,42.7,43.3,0,0,12.96,17.11,500,1,1,0,31.04
1302518,43.21,43.0,42.7,43.3,0,0,12.96,17.06,1000,1,1,0,31.04
1303024,43.14,43.0,42.7,43.3,0,0,12.59,17.06,1500,1,1,0,31.09
1303530,43.14,43.0,42.7,43.3,0,0,12.59,17.08,2000,1,1,0,31.09
1304036,43.11,43.0,42.7,43.3,0,0,12.75,17.07,2509,1,1,0,31.09
1304542,43.11,43.0,42.7,43.3,0,0,12.75,17.07,3009,1,1,0,31.09
1305048,43.08,43.0,42.7,43.3,0,0,12.9,17.07,3509,1,1,0,31.06
1305554,43.05,43.0,42.7,43.3,0,0,12.7,17.03,4009,1,1,0,31.09
1306060,43.05,43.0,42.7,43.3,0,0,12.7,17.05,4509,1,1,0,31.09
1306566,42.96,43.0,42.7,43.3,0,0,12.35,17.05,5009,1,1,0,31.09
1307072,42.96,43.0,42.7,43.3,0,0,12.35,17.02,5509,1,1,0,31.09
1307578,42.94,43.0,42.7,43.3,0,0,12.83,17.02,6009,1,1,0,31.09
1308084,42.94,43.0,42.7,43.3,0,0,12.83,17.01,6509,1,1,0,31.09
1308590,42.95,43.0,42.7,43.3,0,0,12.99,17.01,7009,1,1,0,31.09
1309096,42.95,43.0,42.7,43.3,0,0,12.99,17.01,7509,1,1,0,31.09
1309602,42.9,43.0,42.7,43.3,0,0,13.03,17.01,8009,1,1,0,31.09
1310108,42.9,43.0,42.7,43.3,0,0,13.03,17.0,8509,1,1,0,31.09
1310614,42.85,43.0,42.7,43.3,0,0,13.18,16.97,9011,1,1,0,31.09
1311120,42.85,43.0,42.7,43.3,0,0,13.18,16.97,9511,1,1,0,31.09
1311626,42.78,43.0,42.7,43.3,0,0,13.42,16.97,10011,1,1,0,31.09
1312132,42.78,43.0,42.7,43.3,0,0,13.42,16.95,11011,1,1,0,31.09
1312638,42.73,43.0,42.7,43.3,0,0,13.45,16.94,11511,1,1,0,31.1
1313144,42.76,43.0,42.7,43.3,0,0,13.34,16.93,12011,1,1,0,31.07
1313650,42.76,43.0,42.7,43.3,0,0,13.34,16.93,12511,1,1,0,31.07
1314156,42.7,43.0,42.7,43.3,0,0,13.51,16.92,13011,1,1,0,31.09
1314662,42.7,43.0,42.7,43.3,0,0,13.51,16.92,13511,1,1,0,31.09
1315168,42.7,43.0,42.7,43.3,0,0,13.51,16.92,14011,1,1,0,31.09
1315674,42.64,43.0,42.7,43.3,0,0,13.64,16.89,14511,1,1,0,31.07
1316180,42.6,43.0,42.7,43.3,0,0,13.84,16.88,15011,1,1,0,31.09
1316686,42.6,43.0,42.7,43.3,0,0,13.84,16.88,15511,1,1,0,31.09
1317192,42.55,43.0,42.7,43.3,0,0,13.86,16.84,16011,1,1,0,31.06
1317698,42.56,43.0,42.7,43.3,0,0,13.93,16.85,16511,1,1,0,31.07
1318205,42.56,43.0,42.7,43.3,0,0,13.93,16.85,17011,1,1,0,31.07
1318712,42.56,43.0,42.7,43.3,0,0,13.93,16.85,17511,1,1,0,31.07
1319218,42.52,43.0,42.7,43.3,0,0,14.27,16.86,18011,1,1,0,31.09
1319724,42.52,43.0,42.7,43.3,0,0,14.27,16.86,18511,1,1,0,31.09
1320230,42.52,43.0,42.7,43.3,0,0,14.27,16.86,19011,1,1,0,31.09
1320736,42.47,43.0,42.7,43.3,0,0,14.51,16.83,19511,1,1,0,31.09
1321242,42.51,43.0,42.7,43.3,0,0,14.54,16.85,20011,1,1,0,31.09
1321748,42.41,43.0,42.7,43.3,0,0,14.69,16.85,20511,1,1,0,31.09
1322254,42.41,43.0,42.7,43.3,0,0,14.69,16.81,21011,1,1,0,31.09
1322760,42.41,43.0,42.7,43.3,0,0,14.69,16.81,21511,1,1,0,31.09
1323266,42.39,43.0,42.7,43.3,0,0,14.9,16.79,22011,1,1,0,31.07
1323772,42.4,43.0,42.7,43.3,0,0,14.82,16.81,22511,1,1,0,31.09
1324278,42.41,43.0,42.7,43.3,0,0,14.99,16.81,23011,1,1,0,31.09
1324784,42.41,43.0,42.7,43.3,0,0,14.99,16.81,23511,1,1,0,31.09
1325290,42.35,43.0,42.7,43.3,0,0,15.75,16.81,24011,1,1,0,31.09
1325803,42.35,43.0,42.7,43.3,0,0,15.27,16.79,24511,1,0,0,31.1
1326310,42.35,43.0,42.7,43.3,0,0,15.27,16.8,25011,1,1,0,31.1
1326816,42.35,43.0,42.7,43.3,0,0,14.93,16.78,25511,1,1,0,31.07
1327322,42.35,43.0,42.7,43.3,0,0,14.93,16.78,26011,1,1,0,31.07
1327828,42.34,43.0,42.7,43.3,0,0,15.4,16.78,26511,1,1,0,31.09
1328334,42.34,43.0,42.7,43.3,0,0,15.4,16.79,27011,1,0,0,31.09
1328840,42.34,43.0,42.7,43.3,0,0,15.12,16.79,27511,1,0,0,31.09
1329346,42.34,43.0,42.7,43.3,0,0,15.12,16.79,28011,1,1,0,31.09
1329852,42.34,43.0,42.7,43.3,0,0,15.12,16.79,28514,1,1,0,31.09
1330358,42.34,43.0,42.7,43.3,0,0,15.77,16.79,29014,1,1,0,31.09
1330864,42.34,43.0,42.7,43.3,0,0,15.77,16.79,29514,1,0,0,31.09
1331370,42.34,43.0,42.7,43.3,0,0,15.77,16.79,30014,1,0,0,31.09
1331876,42.34,43.0,42.7,43.3,0,0,15.77,16.79,30514,1,0,0,31.09
1332382,42.32,43.0,42.7,43.3,0,0,16.18,16.79,31014,1,0,0,31.1
1332888,42.35,43.0,42.7,43.3,0,0,16.03,16.79,31514,1,0,0,31.07
1333394,42.35,43.0,42.7,43.3,0,0,16.03,16.78,32014,1,0,0,31.07
1333900,42.38,43.0,42.7,43.3,0,0,15.9,16.78,32514,1,0,0,31.07
1334406,42.34,43.0,42.7,43.3,0,0,16.38,16.79,33014,1,0,0,31.09
1334912,42.34,43.0,42.7,43.3,0,0,17.04,16.79,33514,1,0,0,31.1
1335418,42.34,43.0,42.7,43.3,0,0,17.04,16.8,34014,1,0,0,31.1
1335938,42.35,43.0,42.7,43.3,0,0,16.46,16.8,34514,1,0,0,31.07
1336445,42.35,43.0,42.7,43.3,0,0,16.46,16.78,35014,1,0,0,31.07
1336951,42.35,43.0,42.7,43.3,0,0,16.46,16.78,35514,1,0,0,31.07
1337457,42.34,43.0,42.7,43.3,0,0,16.68,16.79,36014,1,0,0,31.09
1337963,42.35,43.0,42.7,43.3,0,0,16.74,16.79,36514,1,0,0,31.09
1338469,42.42,43.0,42.7,43.3,0,0,16.92,16.79,37014,1,0,0,31.07
1338975,42.42,43.0,42.7,43.3,0,0,16.92,16.81,37514,1,0,0,31.07
1339481,42.39,43.0,42.7,43.3,0,0,17.02,16.79,38014,1,0,0,31.07
1339987,42.41,43.0,42.7,43.3,0,0,16.22,16.79,38514,1,0,0,31.09
1340493,42.47,43.0,42.7,43.3,0,0,17.17,16.81,39014,1,0,0,31.07
1341000,42.44,43.0,42.7,43.3,0,0,17.07,16.82,39514,1,0,0,31.09
1341507,42.44,43.0,42.7,43.3,0,0,17.07,16.82,40014,1,0,0,31.09
1342013,42.44,43.0,42.7,43.3,0,0,17.2,16.82,40514,1,0,0,31.09
1342519,42.45,43.0,42.7,43.3,0,0,17.41,16.82,41014,1,0,0,31.09
1343025,42.45,43.0,42.7,43.3,0,0,17.41,16.83,41514,1,0,0,31.09
1343531,42.45,43.0,42.7,43.3,0,0,17.41,16.83,42014,1,0,0,31.09
1344037,42.47,43.0,42.7,43.3,0,0,17.39,16.85,42514,1,0,0,31.1
1344543,42.47,43.0,42.7,43.3,0,0,17.48,16.85,43014,1,0,0,31.1
1345049,42.5,43.0,42.7,43.3,0,0,18.16,16.85,43514,1,0,0,31.09
1345555,42.48,43.0,42.7,43.3,0,0,17.8,16.84,44014,1,0,0,31.1
1346062,42.52,43.0,42.7,43.3,0,0,17.84,16.85,44514,1,0,0,31.09
1346569,42.52,43.0,42.7,43.3,0,0,17.84,16.86,45014,1,0,0,31.09
1347075,42.56,43.0,42.7,43.3,0,0,18.08,16.86,45514,1,0,0,31.07
1347581,42.58,43.0,42.7,43.3,0,0,17.97,16.85,46014,1,0,0,31.09
1348087,42.58,43.0,42.7,43.3,0,0,17.97,16.88,46514,1,0,0,31.09
1348593,42.58,43.0,42.7,43.3,0,0,17.99,16.88,47016,1,0,0,31.07
1349099,42.58,43.0,42.7,43.3,0,0,17.99,16.86,47517,1,0,0,31.07
1349605,42.58,43.0,42.7,43.3,0,0,17.99,16.86,48017,1,0,0,31.07
1350111,42.64,43.0,42.7,43.3,0,0,18.1,16.86,48517,1,0,0,31.1
1350617,42.64,43.0,42.7,43.3,0,0,18.1,16.91,49017,1,0,0,31.1
1351123,42.64,43.0,42.7,43.3,0,0,18.16,16.91,49517,1,0,0,31.07
1351629,42.69,43.0,42.7,43.3,0,0,18.27,16.89,50017,1,0,0,31.09
1352135,42.69,43.0,42.7,43.3,0,0,18.34,16.92,50517,1,0,0,31.09
1352641,42.69,43.0,42.7,43.3,0,0,18.34,16.92,51520,1,0,0,31.09
1353147,42.72,43.0,42.7,43.3,1,0,18.55,16.94,0,1,0,0,31.1
1353667,42.7,43.0,42.7,43.3,1,0,18.77,16.94,500,1,0,0,31.09
1354174,42.7,43.0,42.7,43.3,1,0,18.77,16.92,1000,1,0,0,31.09
1354680,42.82,43.0,42.7,43.3,1,0,18.64,16.98,1500,1,0,0,31.1
1355186,42.82,43.0,42.7,43.3,1,0,18.64,16.98,2000,1,0,0,31.1
1355692,42.78,43.0,42.7,43.3,1,0,18.72,16.96,2500,1,0,0,31.1
1356198,42.86,43.0,42.7,43.3,1,0,18.72,16.98,3002,1,0,0,31.09
1356704,42.86,43.0,42.7,43.3,1,0,18.72,16.98,3502,1,0,0,31.09
1357210,42.83,43.0,42.7,43.3,1,0,18.29,16.97,4002,1,0,0,31.09
1357716,42.87,43.0,42.7,43.3,1,0,18.81,16.97,4502,1,0,0,31.07
1358222,42.89,43.0,42.7,43.3,1,0,18.72,17.0,5002,1,0,0,31.1
1358728,42.89,43.0,42.7,43.3,1,0,18.72,17.0,5502,1,0,0,31.1
1359234,42.89,43.0,42.7,43.3,1,0,18.34,16.99,6002,1,0,0,31.09
1359740,42.89,43.0,42.7,43.3,1,0,18.34,16.99,6502,1,0,0,31.09
1360246,43.03,43.0,42.7,43.3,1,0,18.92,17.07,7002,1,0,0,31.12
1360752,42.97,43.0,42.7,43.3,1,0,18.64,17.04,7502,1,0,0,31.12
1361258,43.01,43.0,42.7,43.3,1,0,18.57,17.04,8002,1,0,0,31.1
1361764,43.01,43.0,42.7,43.3,1,0,18.57,17.05,8502,1,0,0,31.1
1362270,43.05,43.0,42.7,43.3,1,0,18.57,17.05,9002,1,0,0,31.09
1362776,43.05,43.0,42.7,43.3,1,0,18.57,17.05,9502,1,0,0,31.09
1363282,43.08,43.0,42.7,43.3,1,0,18.49,17.09,10002,1,0,0,31.12
1363788,43.08,43.0,42.7,43.3,1,0,18.49,17.09,10502,1,0,0,31.12
1364294,43.09,43.0,42.7,43.3,1,0,18.36,17.06,11002,1,0,0,31.09
1364800,43.16,43.0,42.7,43.3,1,0,18.27,17.1,11511,1,0,0,31.1
1365306,43.16,43.0,42.7,43.3,1,0,18.29,17.1,12011,1,0,0,31.09
1365812,43.16,43.0,42.7,43.3,1,0,18.29,17.09,12511,1,0,0,31.09
1366318,43.16,43.0,42.7,43.3,1,0,18.25,17.09,13011,1,0,0,31.09
1366824,43.2,43.0,42.7,43.3,1,0,18.16,17.13,13511,1,0,0,31.12
1367330,43.2,43.0,42.7,43.3,1,0,18.16,17.13,14011,1,0,0,31.12
1367836,43.27,43.0,42.7,43.3,1,0,18.08,17.13,14511,1,0,0,31.09
1368342,43.31,43.0,42.7,43.3,1,0,17.48,17.13,15011,1,0,0,31.09
1368848,43.31,43.0,42.7,43.3,1,0,17.48,17.14,15511,1,0,0,31.09
1369354,43.31,43.0,42.7,43.3,1,0,17.48,17.14,16011,1,0,0,31.09
1369860,43.36,43.0,42.7,43.3,1,0,17.88,17.17,16511,1,0,0,31.1
1370366,43.42,43.0,42.7,43.3,1,0,17.84,17.17,17011,1,0,0,31.13
1370872,43.42,43.0,42.7,43.3,1,0,17.84,17.22,17511,1,0,0,31.13
1371378,43.42,43.0,42.7,43.3,1,0,17.8,17.19,18011,1,0,0,31.1
1371884,43.42,43.0,42.7,43.3,1,0,17.8,17.19,18511,1,0,0,31.1
1372390,43.49,43.0,42.7,43.3,1,0,17.0,17.22,19011,1,0,0,31.1
1372896,43.49,43.0,42.7,43.3,1,0,17.0,17.22,19511,1,0,0,31.1
1373402,43.49,43.0,42.7,43.3,1,0,17.0,17.22,20011,1,0,0,31.1
1373908,43.56,43.0,42.7,43.3,1,0,17.41,17.22,20511,1,0,0,31.1
1374414,43.56,43.0,42.7,43.3,1,0,17.41,17.25,21011,1,0,0,31.1
1374920,43.64,43.0,42.7,43.3,1,0,17.28,17.25,21511,1,0,0,31.1
1375426,43.64,43.0,42.7,43.3,1,0,17.28,17.27,22011,1,0,0,31.1
1375932,43.65,43.0,42.7,43.3,1,0,17.93,17.28,22511,1,0,0,31.1
1376438,43.65,43.0,42.7,43.3,1,0,17.93,17.28,23011,1,0,0,31.1
1376944,43.65,43.0,42.7,43.3,1,0,17.93,17.28,23511,1,0,0,31.1
1377450,43.72,43.0,42.7,43.3,1,0,17.09,17.28,24011,1,0,0,31.1
1377957,43.75,43.0,42.7,43.3,1,0,17.22,17.31,24513,1,0,0,31.1
1378464,43.75,43.0,42.7,43.3,1,0,17.22,17.32,25013,1,0,0,31.1
1378970,43.8,43.0,42.7,43.3,1,0,16.68,17.32,25513,1,0,0,31.12
1379476,43.8,43.0,42.7,43.3,1,0,16.68,17.35,26013,1,0,0,31.12
1379982,43.84,43.0,42.7,43.3,1,0,16.96,17.34,26513,1,0,0,31.09
1380488,43.88,43.0,42.7,43.3,1,0,16.76,17.35,27013,1,0,0,31.09
1380994,43.9,43.0,42.7,43.3,1,0,16.83,17.35,27513,1,0,0,31.09
1381500,43.9,43.0,42.7,43.3,1,0,16.83,17.36,28013,1,0,0,31.09
1382006,43.98,43.0,42.7,43.3,1,0,16.55,17.36,28513,1,0,0,31.1
1382512,43.98,43.0,42.7,43.3,1,0,16.55,17.4,29013,1,0,0,31.1
1383018,43.94,43.0,42.7,43.3,1,0,16.48,17.4,29513,1,0,0,31.09
1383524,44.02,43.0,42.7,43.3,1,0,16.44,17.37,30013,1,0,0,31.09
1384030,44.02,43.0,42.7,43.3,1,0,16.44,17.4,30513,1,0,0,31.09
1384536,44.02,43.0,42.7,43.3,1,0,16.31,17.4,31013,1,0,0,31.1
1385042,44.08,43.0,42.7,43.3,1,0,16.31,17.41,31513,1,0,0,31.1
1385548,44.06,43.0,42.7,43.3,1,0,15.86,17.43,32013,1,0,0,31.1
1386054,44.06,43.0,42.7,43.3,1,0,15.86,17.43,32513,1,1,0,31.1
1386560,44.06,43.0,42.7,43.3,1,0,16.14,17.43,33013,1,1,0,31.1
1387066,44.06,43.0,42.7,43.3,1,0,16.14,17.43,33513,1,0,0,31.1
1387572,44.11,43.0,42.7,43.3,1,0,16.22,17.43,34013,1,0,0,31.12
1388078,44.11,43.0,42.7,43.3,1,0,16.22,17.46,34513,1,0,0,31.12
1388584,44.13,43.0,42.7,43.3,1,0,16.03,17.46,35013,1,0,0,31.07
1389090,44.13,43.0,42.7,43.3,1,0,16.03,17.43,35513,1,0,0,31.07
1389596,44.15,43.0,42.7,43.3,1,0,15.84,17.43,36013,1,0,0,31.09
1390104,44.15,43.0,42.7,43.3,1,0,15.84,17.45,36513,1,1,0,31.09
1390611,44.2,43.0,42.7,43.3,1,0,15.86,17.45,37013,1,1,0,31.1
1391117,44.17,43.0,42.7,43.3,1,0,15.9,17.48,37513,1,1,0,31.1
1391623,44.17,43.0,42.7,43.3,1,0,15.9,17.47,38013,1,1,0,31.1
1392129,44.21,43.0,42.7,43.3,1,0,15.81,17.47,38513,1,1,0,31.1
1392635,44.21,43.0,42.7,43.3,1,0,15.81,17.48,39013,1,1,0,31.1
1393141,44.2,43.0,42.7,43.3,1,0,15.25,17.48,39513,1,1,0,31.1
1393647,44.24,43.0,42.7,43.3,1,0,15.62,17.48,40013,1,1,0,31.1
1394156,44.24,43.0,42.7,43.3,1,0,15.62,17.49,41015,1,1,0,31.1
1394663,44.27,43.0,42.7,43.3,1,0,15.36,17.52,41515,1,1,0,31.12
1395169,44.27,43.0,42.7,43.3,1,0,15.36,17.52,42015,1,1,0,31.12
1395675,44.22,43.0,42.7,43.3,1,0,15.49,17.47,42515,1,1,0,31.09
1396181,44.23,43.0,42.7,43.3,1,0,15.36,17.49,43015,1,1,0,31.1
1396687,44.23,43.0,42.7,43.3,1,0,15.36,17.49,43515,1,1,0,31.1
1397193,44.21,43.0,42.7,43.3,1,0,15.19,17.47,44015,1,1,0,31.09
1397699,44.23,43.0,42.7,43.3,1,0,15.1,17.49,44515,1,1,0,31.1
1398217,44.21,43.0,42.7,43.3,1,0,15.06,17.49,45015,1,1,0,31.1
1398724,44.21,43.0,42.7,43.3,1,0,15.06,17.48,45515,1,1,0,31.1
1399230,44.2,43.0,42.7,43.3,1,0,15.14,17.48,46015,1,1,0,31.1
1399736,44.2,43.0,42.7,43.3,1,0,15.14,17.48,46515,1,1,0,31.1
1400242,44.2,43.0,42.7,43.3,1,0,15.14,17.48,47015,1,1,0,31.1
1400748,44.23,43.0,42.7,43.3,1,0,14.95,17.49,47515,1,1,0,31.1
1401254,44.2,43.0,42.7,43.3,1,0,15.1,17.49,48015,1,1,0,31.12
1401761,44.2,43.0,42.7,43.3,1,0,15.1,17.49,48515,1,1,0,31.12
1402268,44.21,43.0,42.7,43.3,1,0,14.93,17.5,49020,1,1,0,31.12
1402774,44.19,43.0,42.7,43.3,1,0,14.8,17.5,49520,1,1,0,31.09
1403280,44.19,43.0,42.7,43.3,1,0,14.8,17.46,50020,1,1,0,31.09
1403786,44.21,43.0,42.7,43.3,1,0,15.36,17.5,50520,1,1,0,31.12
1404292,44.21,43.0,42.7,43.3,1,0,15.36,17.5,51020,1,1,0,31.12
1404798,44.15,43.0,42.7,43.3,1,0,14.56,17.45,51520,1,1,0,31.09
1405304,44.19,43.0,42.7,43.3,1,0,14.58,17.45,52020,1,1,0,31.12
1405812,44.19,43.0,42.7,43.3,1,0,14.58,17.49,52520,1,1,0,31.12
1406319,44.12,43.0,42.7,43.3,1,0,14.47,17.48,53020,1,1,0,31.13
1406825,44.12,43.0,42.7,43.3,1,0,14.34,17.48,53520,1,1,0,31.13
1407331,44.12,43.0,42.7,43.3,1,0,14.34,17.48,54020,1,1,0,31.13
1407837,44.13,43.0,42.7,43.3,1,0,14.38,17.47,54520,1,1,0,31.12
1408343,44.13,43.0,42.7,43.3,1,0,14.38,17.47,55020,1,1,0,31.12
1408849,44.13,43.0,42.7,43.3,1,0,14.38,17.47,55520,1,1,0,31.12
1409355,44.06,43.0,42.7,43.3,1,0,14.23,17.42,56020,1,1,0,31.09
1409861,44.06,43.0,42.7,43.3,1,0,14.23,17.42,56520,1,1,0,31.09
1410367,44.09,43.0,42.7,43.3,1,0,14.27,17.44,57020,1,1,0,31.1
1410873,44.09,43.0,42.7,43.3,1,0,14.27,17.44,57520,1,1,0,31.1
1411379,44.05,43.0,42.7,43.3,1,0,14.1,17.41,58020,1,1,0,31.09
1411885,44.05,43.0,42.7,43.3,1,0,14.1,17.41,58520,1,1,0,31.09
1412391,44.05,43.0,42.7,43.3,1,0,14.1,17.41,59020,1,1,0,31.09
1412897,44.02,43.0,42.7,43.3,1,0,14.14,17.4,59520,1,1,0,31.09
1413403,44.0,43.0,42.7,43.3,1,0,13.99,17.4,60020,1,1,0,31.12
1413910,44.01,43.0,42.7,43.3,1,0,13.88,17.42,60520,1,1,0,31.1
1414417,44.01,43.0,42.7,43.3,1,0,13.88,17.41,61020,1,1,0,31.1
1414923,44.01,43.0,42.7,43.3,1,0,13.88,17.41,61520,1,1,0,31.1
1415429,43.97,43.0,42.7,43.3,1,0,13.95,17.41,62020,1,1,0,31.12
1415935,43.91,43.0,42.7,43.3,1,0,13.75,17.41,62520,1,1,0,31.1
1416441,43.91,43.0,42.7,43.3,1,0,13.75,17.37,63020,1,1,0,31.1
1416947,43.92,43.0,42.7,43.3,1,0,13.71,17.37,63521,1,1,0,31.12
1417453,43.92,43.0,42.7,43.3,1,0,13.71,17.39,64022,1,1,0,31.12
1417960,43.84,43.0,42.7,43.3,1,0,13.75,17.39,64522,1,1,0,31.12
1418466,43.84,43.0,42.7,43.3,1,0,13.75,17.36,65022,1,1,0,31.12
1418972,43.84,43.0,42.7,43.3,1,0,13.75,17.36,65522,1,1,0,31.12
1419478,43.84,43.0,42.7,43.3,1,0,13.71,17.32,66022,1,1,0,31.07
1419984,43.84,43.0,42.7,43.3,1,0,13.71,17.32,66522,1,1,0,31.07
1420490,43.8,43.0,42.7,43.3,1,0,13.49,17.33,67022,1,1,0,31.1
1420996,43.8,43.0,42.7,43.3,1,0,13.49,17.33,67522,1,1,0,31.1
1421502,43.72,43.0,42.7,43.3,1,0,13.42,17.33,68022,1,1,0,31.1
1422008,43.72,43.0,42.7,43.3,1,0,13.42,17.31,68522,1,1,0,31.1
1422514,43.7,43.0,42.7,43.3,1,0,13.6,17.31,69022,1,1,0,31.12
1423020,43.7,43.0,42.7,43.3,1,0,13.6,17.31,69523,1,1,0,31.12
1423526,43.68,43.0,42.7,43.3,1,0,13.34,17.29,70023,1,1,0,31.1
1424032,43.62,43.0,42.7,43.3,1,0,13.82,17.29,70523,1,1,0,31.12
1424538,43.65,43.0,42.7,43.3,1,0,13.21,17.28,71023,1,1,0,31.1
1425044,43.65,43.0,42.7,43.3,1,0,13.21,17.28,71523,1,1,0,31.1
1425550,43.59,43.0,42.7,43.3,1,0,13.18,17.27,72023,1,1,0,31.12
1426056,43.58,43.0,42.7,43.3,1,0,13.1,17.27,72523,1,1,0,31.12
1426562,43.58,43.0,42.7,43.3,1,0,13.1,17.27,73023,1,1,0,31.12
1427068,43.58,43.0,42.7,43.3,1,0,13.1,17.27,73523,1,1,0,31.12
1427574,43.58,43.0,42.7,43.3,1,0,13.1,17.27,74023,1,1,0,31.12
1428080,43.49,43.0,42.7,43.3,1,0,13.03,17.27,74523,1,1,0,31.09
1428586,43.46,43.0,42.7,43.3,1,0,13.07,17.21,75023,1,1,1,31.1
1429092,43.46,43.0,42.7,43.3,1,0,13.07,17.21,75523,1,1,1,31.1
1429598,43.43,43.0,42.7,43.3,1,0,12.99,17.21,76023,1,1,1,31.13
1430104,43.43,43.0,42.7,43.3,1,0,12.99,17.23,76523,1,1,1,31.13
1430610,43.43,43.0,42.7,43.3,1,0,12.99,17.23,77023,1,1,1,31.13
1431116,43.43,43.0,42.7,43.3,1,0,12.99,17.23,77523,1,1,1,31.13
1431622,43.43,43.0,42.7,43.3,1,0,12.99,17.23,78023,1,1,1,31.13
1432128,43.32,43.0,42.7,43.3,1,0,12.77,17.23,78523,1,1,1,31.1
1432634,43.32,43.0,42.7,43.3,1,0,12.77,17.16,79023,1,1,1,31.1
1433140,43.3,43.0,42.7,43.3,1,0,12.64,17.16,79523,1,1,1,31.1
1433646,43.26,43.0,42.7,43.3,1,0,12.72,17.15,80023,1,1,1,31.1
1434152,43.26,43.0,42.7,43.3,0,0,12.72,17.14,0,1,1,0,31.1
1434671,43.21,43.0,42.7,43.3,0,0,12.64,17.11,1007,1,1,0,31.09
1435178,43.21,43.0,42.7,43.3,0,0,12.64,17.11,1507,1,1,0,31.09
1435684,43.21,43.0,42.7,43.3,0,0,12.64,17.11,2007,1,1,0,31.09
1436190,43.18,43.0,42.7,43.3,0,0,12.7,17.11,2507,1,1,0,31.1
1436696,43.11,43.0,42.7,43.3,0,0,12.17,17.07,3007,1,1,0,31.09
1437202,43.11,43.0,42.7,43.3,0,0,12.17,17.07,3507,1,1,0,31.09
1437708,43.07,43.0,42.7,43.3,0,0,12.61,17.05,4007,1,1,0,31.09
1438227,43.05,43.0,42.7,43.3,0,0,12.94,17.05,4507,1,1,0,31.1
1438734,43.05,43.0,42.7,43.3,0,0,12.94,17.06,5007,1,1,0,31.1
1439240,43.02,43.0,42.7,43.3,0,0,12.72,17.05,5507,1,1,0,31.1
1439746,43.02,43.0,42.7,43.3,0,0,12.77,17.05,6007,1,1,0,31.1
1440252,43.02,43.0,42.7,43.3,0,0,12.77,17.05,6507,1,1,0,31.1
1440758,42.96,43.0,42.7,43.3,0,0,12.81,17.02,7007,1,1,0,31.09
1441264,42.94,43.0,42.7,43.3,0,0,13.03,17.01,7507,1,1,0,31.09
1441770,42.94,43.0,42.7,43.3,0,0,13.03,17.01,8007,1,1,0,31.09
1442276,42.9,43.0,42.7,43.3,0,0,12.24,17.0,8507,1,1,0,31.09
1442782,42.86,43.0,42.7,43.3,0,0,12.83,16.98,9007,1,1,0,31.09
1443288,42.86,43.0,42.7,43.3,0,0,12.83,16.98,9507,1,1,0,31.09
1443794,42.86,43.0,42.7,43.3,0,0,12.83,16.98,10007,1,1,0,31.09
1444300,42.8,43.0,42.7,43.3,0,0,13.16,16.97,10507,1,1,0,31.1
1444806,42.8,43.0,42.7,43.3,0,0,13.16,16.97,11007,1,1,0,31.1
1445312,42.8,43.0,42.7,43.3,0,0,13.16,16.97,11507,1,1,0,31.1
1445818,42.74,43.0,42.7,43.3,0,0,13.23,16.94,12007,1,1,0,31.09
1446324,42.75,43.0,42.7,43.3,0,0,13.95,16.94,12507,1,1,0,31.06
1446830,42.75,43.0,42.7,43.3,0,0,13.95,16.92,13007,1,1,0,31.06
1447336,42.69,43.0,42.7,43.3,0,0,13.56,16.92,13507,1,1,0,31.09
1447842,42.69,43.0,42.7,43.3,0,0,13.56,16.92,14007,1,1,0,31.09
1448348,42.64,43.0,42.7,43.3,0,0,13.8,16.92,14507,1,1,0,31.12
1448854,42.64,43.0,42.7,43.3,0,0,13.8,16.93,15007,1,1,0,31.12
1449360,42.6,43.0,42.7,43.3,0,0,13.93,16.88,15507,1,1,0,31.09
1449866,42.6,43.0,42.7,43.3,0,0,13.93,16.88,16009,1,1,0,31.09
1450373,42.6,43.0,42.7,43.3,0,0,13.93,16.88,16509,1,1,0,31.09
1450879,42.56,43.0,42.7,43.3,0,0,14.06,16.87,17009,1,1,0,31.09
1451385,42.5,43.0,42.7,43.3,0,0,14.1,16.87,17509,1,1,0,31.12
1451891,42.5,43.0,42.7,43.3,0,0,14.1,16.87,18009,1,1,0,31.12
1452397,42.5,43.0,42.7,43.3,0,0,14.1,16.87,18509,1,1,0,31.12
1452903,42.47,43.0,42.7,43.3,0,0,14.45,16.83,19009,1,1,0,31.09
1453409,42.48,43.0,42.7,43.3,0,0,14.45,16.85,19509,1,1,0,31.1
1453915,42.48,43.0,42.7,43.3,0,0,14.45,16.85,20009,1,1,0,31.1
1454421,42.47,43.0,42.7,43.3,0,0,14.56,16.85,20509,1,1,0,31.1
1454927,42.47,43.0,42.7,43.3,0,0,14.75,16.85,21009,1,1,0,31.1
1455433,42.47,43.0,42.7,43.3,0,0,14.75,16.85,21509,1,1,0,31.1
1455939,42.47,43.0,42.7,43.3,0,0,14.75,16.85,22009,1,1,0,31.1
1456445,42.43,43.0,42.7,43.3,0,0,14.84,16.83,22509,1,1,0,31.1
1456964,42.41,43.0,42.7,43.3,0,0,15.21,16.83,23009,1,1,0,31.1
1457471,42.41,43.0,42.7,43.3,0,0,15.21,16.83,23509,1,1,0,31.1
1457977,42.37,43.0,42.7,43.3,0,0,15.21,16.82,24009,1,1,0,31.12
1458483,42.37,43.0,42.7,43.3,0,0,15.21,16.82,24509,1,1,0,31.12
1458989,42.4,43.0,42.7,43.3,0,0,15.29,16.82,25009,1,1,0,31.12
1459495,42.35,43.0,42.7,43.3,0,0,15.4,16.83,25509,1,1,0,31.09
1460001,42.35,43.0,42.7,43.3,0,0,15.4,16.79,26009,1,0,0,31.09
1460507,42.35,43.0,42.7,43.3,0,0,15.55,16.79,26509,1,0,0,31.1
1461013,42.35,43.0,42.7,43.3,0,0,15.55,16.8,27009,1,0,0,31.1
1461519,42.35,43.0,42.7,43.3,0,0,15.55,16.8,27509,1,0,0,31.1
1462025,42.32,43.0,42.7,43.3,0,0,15.66,16.8,28009,1,0,0,31.1
1462531,42.32,43.0,42.7,43.3,0,0,15.66,16.79,28509,1,0,0,31.1
1463037,42.34,43.0,42.7,43.3,0,0,15.88,16.8,29017,1,0,0,31.1
1463543,42.34,43.0,42.7,43.3,0,0,15.88,16.8,29517,1,0,0,31.1
1464049,42.31,43.0,42.7,43.3,0,0,15.99,16.77,30017,1,0,0,31.09
1464555,42.37,43.0,42.7,43.3,0,0,15.97,16.77,30517,1,0,0,31.12
1465061,42.37,43.0,42.7,43.3,0,0,15.97,16.82,31017,1,0,0,31.12
1465567,42.34,43.0,42.7,43.3,0,0,16.07,16.82,31517,1,0,0,31.1
1466073,42.34,43.0,42.7,43.3,0,0,16.07,16.8,32017,1,0,0,31.1
1466579,42.31,43.0,42.7,43.3,0,0,16.27,16.8,32517,1,0,0,31.1
1467085,42.35,43.0,42.7,43.3,0,0,16.4,16.79,33017,1,0,0,31.1
1467591,42.37,43.0,42.7,43.3,0,0,16.48,16.8,33517,1,0,0,31.1
1468097,42.34,43.0,42.7,43.3,0,0,16.55,16.81,34017,1,0,0,31.1
1468603,42.34,43.0,42.7,43.3,0,0,16.55,16.8,34517,1,0,0,31.1
1469109,42.38,43.0,42.7,43.3,0,0,16.55,16.8,35017,1,0,0,31.09
1469615,42.35,43.0,42.7,43.3,0,0,16.72,16.8,35517,1,0,0,31.1
1470121,42.35,43.0,42.7,43.3,0,0,16.72,16.8,36017,1,0,0,31.1
1470627,42.35,43.0,42.7,43.3,0,0,16.72,16.8,36517,1,0,0,31.1
1471133,42.37,43.0,42.7,43.3,0,0,16.87,16.8,37017,1,0,0,31.12
1471639,42.37,43.0,42.7,43.3,0,0,16.87,16.82,37517,1,0,0,31.12
1472145,42.37,43.0,42.7,43.3,0,0,16.87,16.82,38017,1,0,0,31.12
1472651,42.37,43.0,42.7,43.3,0,0,16.87,16.82,38517,1,0,0,31.12
1473157,42.35,43.0,42.7,43.3,0,0,16.96,16.82,39017,1,0,0,31.1
1473663,42.44,43.0,42.7,43.3,0,0,17.2,16.8,39517,1,0,0,31.1
1474169,42.42,43.0,42.7,43.3,0,0,17.35,16.84,40017,1,0,0,31.09
1474675,42.42,43.0,42.7,43.3,0,0,17.35,16.82,40517,1,0,0,31.09
1475181,42.47,43.0,42.7,43.3,0,0,17.13,16.86,41517,1,0,0,31.12
1475687,42.47,43.0,42.7,43.3,0,0,17.13,16.86,42017,1,0,0,31.12
1476193,42.5,43.0,42.7,43.3,0,0,17.39,16.87,42517,1,0,0,31.12
1476699,42.5,43.0,42.7,43.3,0,0,17.48,16.84,43017,1,0,0,31.09
1477205,42.5,43.0,42.7,43.3,0,0,17.48,16.84,43517,1,0,0,31.09
1477711,42.48,43.0,42.7,43.3,0,0,17.6,16.85,44025,1,0,0,31.1
1478217,42.48,43.0,42.7,43.3,0,0,17.6,16.85,44525,1,0,0,31.1
1478723,42.53,43.0,42.7,43.3,0,0,17.69,16.9,45025,1,0,0,31.13
1479229,42.56,43.0,42.7,43.3,0,0,17.91,16.88,45525,1,0,0,31.1
1479735,42.56,43.0,42.7,43.3,0,0,17.91,16.88,46025,1,0,0,31.1
1480241,42.57,43.0,42.7,43.3,0,0,17.82,16.9,46525,1,0,0,31.12
1480747,42.57,43.0,42.7,43.3,0,0,17.82,16.9,47025,1,0,0,31.12
1481253,42.62,43.0,42.7,43.3,0,0,17.71,16.92,47525,1,0,0,31.12
1481759,42.61,43.0,42.7,43.3,0,0,18.08,16.9,48025,1,0,0,31.1
1482265,42.65,43.0,42.7,43.3,0,0,18.25,16.9,48525,1,0,0,31.13
1482771,42.65,43.0,42.7,43.3,0,0,18.25,16.94,49025,1,0,0,31.13
1483277,42.63,43.0,42.7,43.3,0,0,18.21,16.94,49525,1,0,0,31.1
1483783,42.63,43.0,42.7,43.3,0,0,18.21,16.91,50025,1,0,0,31.1
1484289,42.63,43.0,42.7,43.3,0,0,18.21,16.91,50525,1,0,0,31.1
1484795,42.7,43.0,42.7,43.3,1,0,18.38,16.95,0,1,0,0,31.12
1485301,42.7,43.0,42.7,43.3,1,0,18.38,16.95,502,1,0,0,31.12
1485807,42.7,43.0,42.7,43.3,1,0,18.38,16.95,1003,1,0,0,31.12
1486313,42.78,43.0,42.7,43.3,1,0,18.68,16.95,1503,1,0,0,31.1
1486819,42.78,43.0,42.7,43.3,1,0,18.68,16.96,2003,1,0,0,31.1
1487325,42.76,43.0,42.7,43.3,1,0,18.57,16.97,2503,1,0,0,31.12
1487831,42.78,43.0,42.7,43.3,1,0,18.62,16.98,3003,1,0,0,31.12
1488351,42.8,43.0,42.7,43.3,1,0,18.62,16.98,3503,1,0,0,31.1
1488858,42.8,43.0,42.7,43.3,1,0,18.62,16.97,4003,1,0,0,31.1
1489364,42.8,43.0,42.7,43.3,1,0,18.62,16.97,4503,1,0,0,31.1
1489870,42.85,43.0,42.7,43.3,1,0,18.7,17.0,5003,1,0,0,31.12
1490376,42.85,43.0,42.7,43.3,1,0,18.7,17.0,5503,1,0,0,31.12
1490882,42.85,43.0,42.7,43.3,1,0,18.7,17.0,6003,1,0,0,31.12
1491388,42.85,43.0,42.7,43.3,1,0,18.7,17.0,6503,1,0,0,31.12
1491894,42.85,43.0,42.7,43.3,1,0,18.7,17.0,7003,1,0,0,31.12
1492400,42.94,43.0,42.7,43.3,1,0,18.6,17.01,7503,1,0,0,31.09
1492906,42.94,43.0,42.7,43.3,1,0,18.6,17.01,8003,1,0,0,31.09
1493412,43.03,43.0,42.7,43.3,1,0,18.6,17.07,8503,1,0,0,31.12
1493918,43.03,43.0,42.7,43.3,1,0,18.6,17.07,9003,1,0,0,31.12
1494424,43.04,43.0,42.7,43.3,1,0,18.29,17.06,9503,1,0,0,31.1
1494930,43.04,43.0,42.7,43.3,1,0,17.65,17.06,10003,1,0,0,31.12
1495437,43.1,43.0,42.7,43.3,1,0,18.21,17.07,10503,1,0,0,31.12
1495944,43.1,43.0,42.7,43.3,1,0,18.21,17.09,11003,1,0,0,31.12
1496450,43.1,43.0,42.7,43.3,1,0,18.27,17.09,11503,1,0,0,31.12
1496956,43.13,43.0,42.7,43.3,1,0,18.12,17.09,12003,1,0,0,31.1
1497462,43.23,43.0,42.7,43.3,1,0,18.21,17.09,12503,1,0,0,31.12
1497968,43.23,43.0,42.7,43.3,1,0,18.21,17.14,13003,1,0,0,31.12
1498474,43.23,43.0,42.7,43.3,1,0,18.23,17.14,13503,1,0,0,31.13
1498980,43.23,43.0,42.7,43.3,1,0,18.23,17.15,14003,1,0,0,31.13
1499486,43.27,43.0,42.7,43.3,1,0,18.08,17.14,14503,1,0,0,31.1
1499992,43.26,43.0,42.7,43.3,1,0,17.93,17.14,15003,1,0,0,31.12
1500498,43.26,43.0,42.7,43.3,1,0,17.93,17.15,15507,1,0,0,31.12
1501004,43.36,43.0,42.7,43.3,1,0,17.65,17.19,16007,1,0,0,31.12
1501510,43.34,43.0,42.7,43.3,1,0,17.8,17.19,16507,1,0,0,31.12
1502016,43.34,43.0,42.7,43.3,1,0,17.8,17.18,17007,1,0,0,31.12
1502522,43.4,43.0,42.7,43.3,1,0,17.78,17.18,17507,1,0,0,31.1
1503028,43.4,43.0,42.7,43.3,1,0,17.78,17.19,18007,1,0,0,31.1
1503534,43.4,43.0,42.7,43.3,1,0,17.78,17.19,18507,1,0,0,31.1
1504040,43.45,43.0,42.7,43.3,1,0,17.6,17.19,19007,1,0,0,31.1
1504546,43.52,43.0,42.7,43.3,1,0,17.86,17.2,19507,1,0,0,31.12
1505052,43.52,43.0,42.7,43.3,1,0,17.86,17.25,20007,1,0,0,31.12
1505558,43.52,43.0,42.7,43.3,1,0,17.86,17.25,20507,1,0,0,31.12
1506064,43.55,43.0,42.7,43.3,1,0,17.6,17.26,21019,1,0,0,31.12
1506570,43.58,43.0,42.7,43.3,1,0,17.17,17.26,21519,1,0,0,31.13
1507076,43.58,43.0,42.7,43.3,1,0,17.17,17.28,22019,1,0,0,31.13
1507582,43.58,43.0,42.7,43.3,1,0,17.17,17.28,22519,1,0,0,31.13
1508088,43.7,43.0,42.7,43.3,1,0,17.07,17.28,23019,1,0,0,31.12
1508594,43.7,43.0,42.7,43.3,1,0,17.07,17.31,23519,1,0,0,31.12
1509100,43.69,43.0,42.7,43.3,1,0,17.04,17.31,24019,1,0,0,31.1
1509606,43.69,43.0,42.7,43.3,1,0,17.04,17.29,24519,1,0,0,31.1
1510112,43.84,43.0,42.7,43.3,1,0,17.17,17.29,25019,1,0,0,31.1
1510633,43.8,43.0,42.7,43.3,1,0,16.89,17.35,25519,1,0,0,31.1
1511140,43.8,43.0,42.7,43.3,1,0,16.89,17.33,26019,1,0,0,31.1
1511646,43.84,43.0,42.7,43.3,1,0,16.79,17.33,26519,1,0,0,31.13
1512152,43.81,43.0,42.7,43.3,1,0,16.55,17.38,27019,1,0,0,31.1
1512658,43.81,43.0,42.7,43.3,1,0,16.55,17.34,27519,1,0,0,31.1
1513164,43.81,43.0,42.7,43.3,1,0,16.55,17.34,28019,1,0,0,31.1
1513670,43.93,43.0,42.7,43.3,1,0,16.66,17.34,28520,1,0,0,31.12
1514176,43.93,43.0,42.7,43.3,1,0,16.66,17.39,29020,1,0,0,31.12
1514683,43.93,43.0,42.7,43.3,1,0,16.66,17.39,29520,1,0,0,31.12
1515189,43.93,43.0,42.7,43.3,1,0,16.66,17.39,30020,1,0,0,31.12
1515695,44.01,43.0,42.7,43.3,1,0,16.33,17.39,30520,1,0,0,31.12
1516201,44.0,43.0,42.7,43.3,1,0,16.25,17.42,31020,1,0,0,31.13
1516707,44.04,43.0,42.7,43.3,1,0,16.33,17.43,31520,1,0,0,31.12
1517213,44.04,43.0,42.7,43.3,1,0,16.33,17.43,32524,1,0,0,31.12
1517719,44.04,43.0,42.7,43.3,1,0,16.07,17.43,33024,1,0,0,31.12
1518225,44.04,43.0,42.7,43.3,1,0,16.07,17.43,33524,1,0,0,31.12
1518731,44.02,43.0,42.7,43.3,1,0,15.99,17.41,34024,1,0,0,31.1
1519237,44.05,43.0,42.7,43.3,1,0,15.94,17.41,34525,1,0,0,31.09
1519743,44.05,43.0,42.7,43.3,1,0,15.94,17.41,35025,1,0,0,31.09
1520249,44.1,43.0,42.7,43.3,1,0,15.97,17.44,35525,1,0,0,31.1
1520755,44.1,43.0,42.7,43.3,1,0,15.97,17.44,36025,1,0,0,31.1
1521261,44.17,43.0,42.7,43.3,1,0,15.81,17.48,36525,1,1,0,31.12
1521767,44.13,43.0,42.7,43.3,1,0,15.79,17.45,37025,1,1,0,31.1
1522273,44.13,43.0,42.7,43.3,1,0,15.79,17.45,37525,1,1,0,31.1
1522779,44.11,43.0,42.7,43.3,1,0,15.66,17.47,38025,1,1,0,31.13
1523285,44.11,43.0,42.7,43.3,1,0,15.66,17.47,38525,1,1,0,31.13
1523791,44.16,43.0,42.7,43.3,1,0,15.64,17.46,39025,1,1,0,31.1
1524297,44.16,43.0,42.7,43.3,1,0,15.51,17.46,39525,1,1,0,31.13
1524803,44.16,43.0,42.7,43.3,1,0,15.51,17.49,40025,1,1,0,31.13
1525309,44.17,43.0,42.7,43.3,1,0,15.47,17.44,40525,1,1,0,31.07
1525815,44.17,43.0,42.7,43.3,1,0,15.47,17.44,41026,1,1,0,31.07
1526321,44.22,43.0,42.7,43.3,1,0,15.36,17.51,41527,1,1,0,31.13
1526827,44.19,43.0,42.7,43.3,1,0,15.38,17.5,42027,1,1,0,31.13
1527333,44.19,43.0,42.7,43.3,1,0,15.38,17.5,42527,1,1,0,31.13
1527839,44.19,43.0,42.7,43.3,1,0,15.38,17.5,43027,1,1,0,31.13
1528345,44.19,43.0,42.7,43.3,1,0,15.06,17.51,43527,1,1,0,31.14
1528851,44.2,43.0,42.7,43.3,1,0,15.14,17.48,44027,1,1,0,31.1
1529357,44.2,43.0,42.7,43.3,1,0,15.14,17.48,44527,1,1,0,31.1
1529863,44.2,43.0,42.7,43.3,1,0,15.14,17.48,45027,1,1,0,31.1
1530369,44.17,43.0,42.7,43.3,1,0,14.97,17.48,45527,1,1,0,31.13
1530875,44.17,43.0,42.7,43.3,1,0,14.97,17.49,46027,1,1,0,31.13
1531381,44.13,43.0,42.7,43.3,1,0,14.93,17.48,46527,1,1,0,31.13
1531887,44.13,43.0,42.7,43.3,1,0,14.93,17.48,47027,1,1,0,31.13
1532393,44.09,43.0,42.7,43.3,1,0,14.93,17.45,47527,1,1,0,31.12
1532899,44.16,43.0,42.7,43.3,1,0,14.9,17.46,48030,1,1,0,31.1
1533413,44.11,43.0,42.7,43.3,1,0,14.84,17.46,48530,1,1,0,31.12
1533920,44.11,43.0,42.7,43.3,1,0,14.84,17.46,49030,1,1,0,31.12
1534426,44.16,43.0,42.7,43.3,1,0,14.71,17.46,49530,1,1,0,31.1
1534932,44.13,43.0,42.7,43.3,1,0,14.8,17.48,50030,1,1,0,31.13
1535438,44.13,43.0,42.7,43.3,1,0,14.8,17.48,50530,1,1,0,31.13
1535944,44.13,43.0,42.7,43.3,1,0,14.8,17.48,51030,1,1,0,31.13
1536450,44.08,43.0,42.7,43.3,1,0,14.6,17.43,51530,1,1,0,31.1
1536956,44.13,43.0,42.7,43.3,1,0,14.58,17.43,52030,1,1,0,31.12
1537462,44.13,43.0,42.7,43.3,1,0,14.58,17.47,52530,1,1,0,31.12
1537968,44.06,43.0,42.7,43.3,1,0,14.38,17.47,53030,1,1,0,31.1
1538474,44.06,43.0,42.7,43.3,1,0,14.38,17.43,53530,1,1,0,31.1
1538980,44.01,43.0,42.7,43.3,1,0,14.17,17.4,54030,1,1,0,31.09
1539486,44.05,43.0,42.7,43.3,1,0,14.32,17.4,54530,1,1,0,31.13
1539992,44.11,43.0,42.7,43.3,1,0,14.23,17.45,55030,1,1,0,31.12
1540498,44.07,43.0,42.7,43.3,1,0,14.23,17.46,55530,1,1,0,31.13
1541004,44.07,43.0,42.7,43.3,1,0,14.23,17.46,56030,1,1,0,31.13
1541510,44.07,43.0,42.7,43.3,1,0,14.23,17.46,56530,1,1,0,31.13
1542016,44.07,43.0,42.7,43.3,1,0,14.23,17.46,57030,1,1,0,31.13
1542522,44.07,43.0,42.7,43.3,1,0,14.23,17.46,57530,1,1,0,31.13
1543028,43.94,43.0,42.7,43.3,1,0,14.08,17.39,58030,1,1,0,31.1
1543534,43.96,43.0,42.7,43.3,1,0,13.97,17.39,58530,1,1,0,31.1
1544040,43.96,43.0,42.7,43.3,1,0,13.97,17.39,59030,1,1,0,31.1
1544546,43.94,43.0,42.7,43.3,1,0,14.19,17.37,59530,1,1,0,31.09
1545053,43.9,43.0,42.7,43.3,1,0,13.86,17.37,60030,1,1,0,31.12
1545560,43.9,43.0,42.7,43.3,1,0,13.86,17.38,60530,1,1,0,31.12
1546066,43.88,43.0,42.7,43.3,1,0,14.51,17.38,61030,1,1,0,31.12
1546572,43.88,43.0,42.7,43.3,1,0,14.51,17.38,61530,1,1,0,31.12
1547078,43.88,43.0,42.7,43.3,1,0,14.51,17.38,62030,1,1,0,31.12
1547584,43.87,43.0,42.7,43.3,1,0,13.93,17.38,62530,1,1,0,31.1
1548090,43.87,43.0,42.7,43.3,1,0,13.93,17.36,63030,1,1,0,31.1
1548596,43.83,43.0,42.7,43.3,1,0,13.1,17.36,63530,1,1,0,31.12
1549102,43.83,43.0,42.7,43.3,1,0,13.1,17.36,64030,1,1,0,31.12
1549608,43.78,43.0,42.7,43.3,1,0,13.6,17.33,64530,1,1,0,31.1
1550114,43.78,43.0,42.7,43.3,1,0,13.6,17.33,65030,1,1,0,31.1
1550620,43.78,43.0,42.7,43.3,1,0,13.6,17.33,65530,1,1,0,31.1
1551126,43.74,43.0,42.7,43.3,1,0,13.47,17.33,66030,1,1,0,31.09
1551632,43.74,43.0,42.7,43.3,1,0,13.47,17.3,66530,1,1,0,31.09
1552138,43.74,43.0,42.7,43.3,1,0,13.47,17.3,67030,1,1,0,31.09
1552644,43.67,43.0,42.7,43.3,1,0,13.42,17.3,67533,1,1,0,31.12
1553150,43.65,43.0,42.7,43.3,1,0,13.42,17.3,68035,1,1,0,31.13
1553656,43.65,43.0,42.7,43.3,1,0,13.42,17.31,68535,1,1,0,31.13
1554162,43.65,43.0,42.7,43.3,1,0,13.42,17.31,69035,1,1,0,31.13
1554668,43.59,43.0,42.7,43.3,1,0,13.25,17.25,69535,1,1,0,31.09
1555175,43.59,43.0,42.7,43.3,1,0,13.25,17.25,70035,1,1,0,31.09
1555682,43.59,43.0,42.7,43.3,1,0,13.27,17.25,70535,1,1,0,31.1
1556188,43.59,43.0,42.7,43.3,1,0,13.27,17.26,71035,1,1,0,31.1
1556694,43.59,43.0,42.7,43.3,1,0,13.27,17.26,71535,1,1,0,31.1
1557200,43.49,43.0,42.7,43.3,1,0,13.14,17.26,72035,1,1,0,31.1
1557706,43.46,43.0,42.7,43.3,1,0,13.14,17.22,72535,1,1,0,31.09
1558212,43.43,43.0,42.7,43.3,1,0,12.94,17.2,73035,1,1,0,31.12
1558718,43.43,43.0,42.7,43.3,1,0,12.94,17.22,73535,1,1,0,31.12
1559224,43.42,43.0,42.7,43.3,1,0,13.05,17.22,74039,1,1,0,31.1
1559730,43.42,43.0,42.7,43.3,1,0,13.05,17.19,74545,1,1,0,31.1
1560236,43.34,43.0,42.7,43.3,1,0,13.01,17.18,75547,1,1,1,31.12
1560742,43.37,43.0,42.7,43.3,1,0,12.59,17.18,76047,1,1,1,31.1
1561248,43.37,43.0,42.7,43.3,1,0,12.59,17.18,76547,1,1,1,31.1
1561754,43.32,43.0,42.7,43.3,1,0,13.07,17.16,77047,1,1,1,31.1
1562260,43.32,43.0,42.7,43.3,1,0,12.55,17.17,77547,1,1,1,31.12
1562766,43.32,43.0,42.7,43.3,1,0,12.55,17.17,78047,1,1,1,31.12
1563272,43.24,43.0,42.7,43.3,0,0,12.77,17.15,0,1,1,0,31.12
1563778,43.24,43.0,42.7,43.3,0,0,12.77,17.15,500,1,1,0,31.12
1564284,43.23,43.0,42.7,43.3,0,0,12.83,17.12,1000,1,1,0,31.1
1564790,43.17,43.0,42.7,43.3,0,0,12.68,17.12,1500,1,1,0,31.12
1565296,43.17,43.0,42.7,43.3,0,0,12.68,17.12,2000,1,1,0,31.12
1565802,43.17,43.0,42.7,43.3,0,0,12.68,17.12,2501,1,1,0,31.12
1566308,43.17,43.0,42.7,43.3,0,0,12.68,17.12,3001,1,1,0,31.12
1566814,43.11,43.0,42.7,43.3,0,0,12.77,17.07,3501,1,1,0,31.09
1567320,43.08,43.0,42.7,43.3,0,0,12.77,17.1,4001,1,1,0,31.13
1567826,43.08,43.0,42.7,43.3,0,0,12.77,17.1,4501,1,1,0,31.13
1568332,43.08,43.0,42.7,43.3,0,0,12.77,17.1,5001,1,1,0,31.13
1568838,43.08,43.0,42.7,43.3,0,0,12.77,17.1,5501,1,1,0,31.13
1569344,42.98,43.0,42.7,43.3,0,0,12.83,17.1,6001,1,1,0,31.13
1569850,42.98,43.0,42.7,43.3,0,0,12.83,17.06,6501,1,1,0,31.13
1570357,42.9,43.0,42.7,43.3,0,0,12.83,17.06,7001,1,1,0,31.09
1570864,42.9,43.0,42.7,43.3,0,0,12.83,17.0,7501,1,1,0,31.09
1571370,42.88,43.0,42.7,43.3,0,0,12.96,17.01,8001,1,1,0,31.12
1571876,42.88,43.0,42.7,43.3,0,0,12.96,17.01,8503,1,1,0,31.12
1572382,42.88,43.0,42.7,43.3,0,0,12.96,17.01,9003,1,1,0,31.12
1572888,42.88,43.0,42.7,43.3,0,0,12.96,17.01,9503,1,1,0,31.12
1573394,42.8,43.0,42.7,43.3,0,0,13.36,16.97,10003,1,1,0,31.1
1573900,42.8,43.0,42.7,43.3,0,0,13.36,16.97,10503,1,1,0,31.1
1574406,42.8,43.0,42.7,43.3,0,0,13.36,16.97,11003,1,1,0,31.1
1574912,42.8,43.0,42.7,43.3,0,0,13.36,16.97,11503,1,1,0,31.1
1575418,42.69,43.0,42.7,43.3,0,0,13.53,16.93,12003,1,1,0,31.1
1575924,42.72,43.0,42.7,43.3,0,0,13.62,16.95,12518,1,1,0,31.12
1576430,42.72,43.0,42.7,43.3,0,0,13.62,16.95,13018,1,1,0,31.12
1576936,42.63,43.0,42.7,43.3,0,0,13.56,16.91,13518,1,1,0,31.1
1577442,42.63,43.0,42.7,43.3,0,0,13.56,16.91,14018,1,1,0,31.1
1577948,42.6,43.0,42.7,43.3,0,0,13.71,16.9,14518,1,1,0,31.1
1578454,42.6,43.0,42.7,43.3,0,0,13.82,16.9,15018,1,1,0,31.1
1578960,42.62,43.0,42.7,43.3,0,0,13.77,16.9,15518,1,1,0,31.12
1579466,42.62,43.0,42.7,43.3,0,0,13.77,16.92,16018,1,1,0,31.12
1579972,42.62,43.0,42.7,43.3,0,0,13.77,16.92,16518,1,1,0,31.12
1580478,42.48,43.0,42.7,43.3,0,0,13.88,16.85,17018,1,1,0,31.1
1580984,42.54,43.0,42.7,43.3,0,0,14.21,16.87,17518,1,1,0,31.1
1581490,42.54,43.0,42.7,43.3,0,0,14.21,16.87,18018,1,1,0,31.1
1581996,42.54,43.0,42.7,43.3,0,0,14.21,16.87,18518,1,1,0,31.1
1582502,42.54,43.0,42.7,43.3,0,0,14.21,16.87,19019,1,1,0,31.1
1583008,42.54,43.0,42.7,43.3,0,0,14.21,16.87,19519,1,1,0,31.1
1583514,42.41,43.0,42.7,43.3,0,0,14.51,16.84,20019,1,1,0,31.12
1584024,42.41,43.0,42.7,43.3,0,0,14.49,16.84,20519,1,1,0,31.09
1584531,42.41,43.0,42.7,43.3,0,0,14.49,16.81,21019,1,1,0,31.09
1585037,42.4,43.0,42.7,43.3,0,0,15.47,16.81,21519,1,1,0,31.1
1585543,42.4,43.0,42.7,43.3,0,0,15.47,16.82,22019,1,0,0,31.1
1586049,42.4,43.0,42.7,43.3,0,0,15.47,16.82,22519,1,0,0,31.1
1586555,42.4,43.0,42.7,43.3,0,0,15.47,16.82,23019,1,0,0,31.1
1587061,42.32,43.0,42.7,43.3,0,0,15.19,16.82,23519,1,0,0,31.09
1587567,42.3,43.0,42.7,43.3,0,0,15.16,16.78,24019,1,1,0,31.1
1588073,42.3,43.0,42.7,43.3,0,0,15.16,16.78,24519,1,1,0,31.1
1588579,42.34,43.0,42.7,43.3,0,0,14.93,16.78,25019,1,1,0,31.12
1589085,42.31,43.0,42.7,43.3,0,0,15.29,16.81,25519,1,1,0,31.1
1589591,42.31,43.0,42.7,43.3,0,0,15.29,16.79,26019,1,0,0,31.1
1590097,42.31,43.0,42.7,43.3,0,0,15.49,16.79,26519,1,0,0,31.12
1590603,42.31,43.0,42.7,43.3,0,0,15.49,16.8,27019,1,0,0,31.12
1591109,42.31,43.0,42.7,43.3,0,0,15.58,16.79,27519,1,0,0,31.1
1591615,42.31,43.0,42.7,43.3,0,0,15.58,16.79,28019,1,0,0,31.1
1592121,42.26,43.0,42.7,43.3,0,0,15.86,16.79,28519,1,0,0,31.1
1592627,42.25,43.0,42.7,43.3,0,0,15.9,16.77,29019,1,0,0,31.09
1593133,42.25,43.0,42.7,43.3,0,0,15.9,16.75,29519,1,0,0,31.09
1593639,42.28,43.0,42.7,43.3,0,0,16.18,16.75,30019,1,0,0,31.12
1594145,42.25,43.0,42.7,43.3,0,0,16.03,16.79,30519,1,0,0,31.12
1594651,42.28,43.0,42.7,43.3,0,0,16.18,16.78,31019,1,0,0,31.09
1595157,42.28,43.0,42.7,43.3,0,0,16.18,16.76,31519,1,0,0,31.09
1595663,42.3,43.0,42.7,43.3,0,0,16.31,16.76,32019,1,0,0,31.12
1596169,42.3,43.0,42.7,43.3,0,0,16.31,16.8,32519,1,0,0,31.12
1596675,42.3,43.0,42.7,43.3,0,0,16.31,16.8,33021,1,0,0,31.12
1597181,42.35,43.0,42.7,43.3,0,0,16.46,16.8,33521,1,0,0,31.1
1597687,42.31,43.0,42.7,43.3,0,0,16.66,16.8,34021,1,0,0,31.1
1598193,42.31,43.0,42.7,43.3,0,0,16.66,16.79,34521,1,0,0,31.1
1598699,42.31,43.0,42.7,43.3,0,0,16.66,16.79,35021,1,0,0,31.1
1599205,42.31,43.0,42.7,43.3,0,0,16.66,16.79,35521,1,0,0,31.1
1599711,42.32,43.0,42.7,43.3,0,0,16.27,16.79,36021,1,0,0,31.09
1600217,42.32,43.0,42.7,43.3,0,0,16.27,16.78,36521,1,0,0,31.09
1600723,42.35,43.0,42.7,43.3,0,0,16.81,16.78,37021,1,0,0,31.1
1601229,42.35,43.0,42.7,43.3,0,0,16.81,16.8,37521,1,0,0,31.1
1601735,42.35,43.0,42.7,43.3,0,0,17.04,16.8,38021,1,0,0,31.09
1602255,42.34,43.0,42.7,43.3,0,0,17.02,16.79,38523,1,0,0,31.09
1602762,42.34,43.0,42.7,43.3,0,0,17.02,16.79,39030,1,0,0,31.09
1603268,42.37,43.0,42.7,43.3,0,0,17.86,16.82,40032,1,0,0,31.12
1603774,42.37,43.0,42.7,43.3,0,0,17.3,16.82,40532,1,0,0,31.12
1604280,42.37,43.0,42.7,43.3,0,0,17.3,16.82,41032,1,0,0,31.12
1604786,42.44,43.0,42.7,43.3,0,0,17.3,16.85,41532,1,0,0,31.12
1605292,42.44,43.0,42.7,43.3,0,0,17.54,16.84,42032,1,0,0,31.1
1605798,42.44,43.0,42.7,43.3,0,0,17.54,16.84,42532,1,0,0,31.1
1606313,42.47,43.0,42.7,43.3,0,0,17.52,16.84,43032,1,0,0,31.1
1606820,42.47,43.0,42.7,43.3,0,0,17.52,16.85,43532,1,0,0,31.1
1607326,42.5,43.0,42.7,43.3,0,0,17.52,16.86,44032,1,0,0,31.1
1607832,42.49,43.0,42.7,43.3,0,0,17.99,16.87,44532,1,0,0,31.12
1608338,42.51,43.0,42.7,43.3,0,0,17.76,16.86,45032,1,0,0,31.1
1608844,42.53,43.0,42.7,43.3,0,0,17.78,16.86,45532,1,0,0,31.12
1609350,42.53,43.0,42.7,43.3,0,0,17.78,16.88,46032,1,0,0,31.12
1609856,42.55,43.0,42.7,43.3,0,0,17.95,16.88,46532,1,0,0,31.13
1610362,42.55,43.0,42.7,43.3,0,0,17.95,16.9,47032,1,0,0,31.13
1610868,42.55,43.0,42.7,43.3,0,0,17.95,16.9,47532,1,0,0,31.13
1611374,42.56,43.0,42.7,43.3,0,0,18.06,16.89,48032,1,0,0,31.12
1611880,42.56,43.0,42.7,43.3,0,0,18.06,16.89,48532,1,0,0,31.12
1612386,42.56,43.0,42.7,43.3,0,0,18.06,16.89,49032,1,0,0,31.12
1612892,42.56,43.0,42.7,43.3,0,0,18.06,16.89,49532,1,0,0,31.12
1613398,42.68,43.0,42.7,43.3,0,0,18.44,16.95,50032,1,0,0,31.13
1613904,42.68,43.0,42.7,43.3,0,0,18.44,16.95,50532,1,0,0,31.13
1614410,42.69,43.0,42.7,43.3,0,0,18.38,16.94,51032,1,0,0,31.12
1614916,42.69,43.0,42.7,43.3,0,0,18.38,16.94,51532,1,0,0,31.12
1615422,42.71,43.0,42.7,43.3,1,0,19.31,16.96,0,1,0,0,31.13
1615928,42.74,43.0,42.7,43.3,1,0,18.62,16.95,500,1,0,0,31.1
1616434,42.76,43.0,42.7,43.3,1,0,18.64,16.97,1010,1,0,0,31.12
1616940,42.75,43.0,42.7,43.3,1,0,18.68,16.97,1510,1,0,0,31.12
1617446,42.75,43.0,42.7,43.3,1,0,18.68,16.96,2010,1,0,0,31.12
1617952,42.75,43.0,42.7,43.3,1,0,18.68,16.96,2510,1,0,0,31.12
1618458,42.79,43.0,42.7,43.3,1,0,18.98,16.97,3010,1,0,0,31.1
1618964,42.78,43.0,42.7,43.3,1,0,18.94,16.98,3510,1,0,0,31.12
1619470,42.88,43.0,42.7,43.3,1,0,18.94,16.98,4010,1,0,0,31.12
1619976,42.88,43.0,42.7,43.3,1,0,18.94,17.01,4510,1,0,0,31.12
1620482,42.88,43.0,42.7,43.3,1,0,18.94,17.01,5010,1,0,0,31.12
1620988,42.92,43.0,42.7,43.3,1,0,19.0,17.01,5510,1,0,0,31.1
1621494,42.92,43.0,42.7,43.3,1,0,19.0,17.01,6010,1,0,0,31.1
1622000,42.92,43.0,42.7,43.3,1,0,19.0,17.01,6510,1,0,0,31.1
1622506,42.9,43.0,42.7,43.3,1,0,18.47,17.03,7010,1,0,0,31.13
1623012,42.9,43.0,42.7,43.3,1,0,18.47,17.03,7510,1,0,0,31.13
1623518,42.98,43.0,42.7,43.3,1,0,18.75,17.05,8010,1,0,0,31.12
1624024,42.98,43.0,42.7,43.3,1,0,18.75,17.05,8510,1,0,0,31.12
1624530,42.98,43.0,42.7,43.3,1,0,18.75,17.05,9010,1,0,0,31.12
1625036,42.98,43.0,42.7,43.3,1,0,18.75,17.05,9510,1,0,0,31.12
1625542,43.1,43.0,42.7,43.3,1,0,18.44,17.09,10010,1,0,0,31.12
1626048,43.13,43.0,42.7,43.3,1,0,18.47,17.09,10510,1,0,0,31.12
1626554,43.13,43.0,42.7,43.3,1,0,18.47,17.1,11010,1,0,0,31.12
1627060,43.17,43.0,42.7,43.3,1,0,18.36,17.1,11510,1,0,0,31.12
1627566,43.19,43.0,42.7,43.3,1,0,18.36,17.12,12010,1,0,0,31.12
1628087,43.19,43.0,42.7,43.3,1,0,18.19,17.13,12510,1,0,0,31.12
1628594,43.19,43.0,42.7,43.3,1,0,18.19,17.13,13010,1,0,0,31.12
1629100,43.19,43.0,42.7,43.3,1,0,18.19,17.13,13510,1,0,0,31.12
1629606,43.26,43.0,42.7,43.3,1,0,18.4,17.13,14010,1,0,0,31.1
1630112,43.27,43.0,42.7,43.3,1,0,18.4,17.14,14510,1,0,0,31.1
1630618,43.27,43.0,42.7,43.3,1,0,18.4,17.14,15010,1,0,0,31.1
1631124,43.32,43.0,42.7,43.3,1,0,17.67,17.14,15510,1,0,0,31.1
1631630,43.32,43.0,42.7,43.3,1,0,17.67,17.16,16010,1,0,0,31.1
1632136,43.35,43.0,42.7,43.3,1,0,18.27,17.22,16510,1,0,0,31.16
1632642,43.35,43.0,42.7,43.3,1,0,18.27,17.22,17010,1,0,0,31.16
1633148,43.42,43.0,42.7,43.3,1,0,17.73,17.22,17510,1,0,0,31.13
1633654,43.42,43.0,42.7,43.3,1,0,17.73,17.22,18010,1,0,0,31.13
1634160,43.46,43.0,42.7,43.3,1,0,17.84,17.24,18510,1,0,0,31.13
1634666,43.51,43.0,42.7,43.3,1,0,17.65,17.24,19010,1,0,0,31.14
1635172,43.51,43.0,42.7,43.3,1,0,17.65,17.27,19510,1,0,0,31.14
1635679,43.54,43.0,42.7,43.3,1,0,18.04,17.27,20011,1,0,0,31.12
1636186,43.54,43.0,42.7,43.3,1,0,18.04,17.25,20511,1,0,0,31.12
1636692,43.54,43.0,42.7,43.3,1,0,18.04,17.25,21011,1,0,0,31.12
1637198,43.64,43.0,42.7,43.3,1,0,17.39,17.25,21511,1,0,0,31.13
1637704,43.64,43.0,42.7,43.3,1,0,17.39,17.3,22011,1,0,0,31.13
1638210,43.65,43.0,42.7,43.3,1,0,17.32,17.3,22511,1,0,0,31.12
1638716,43.65,43.0,42.7,43.3,1,0,17.32,17.3,23011,1,0,0,31.12
1639222,43.74,43.0,42.7,43.3,1,0,17.2,17.3,23511,1,0,0,31.1
1639729,43.78,43.0,42.7,43.3,1,0,17.13,17.31,24011,1,0,0,31.13
1640236,43.78,43.0,42.7,43.3,1,0,17.13,17.35,24511,1,0,0,31.13
1640742,43.81,43.0,42.7,43.3,1,0,16.79,17.35,25011,1,0,0,31.12
1641248,43.81,43.0,42.7,43.3,1,0,16.79,17.35,25511,1,0,0,31.12
1641754,43.87,43.0,42.7,43.3,1,0,17.0,17.35,26011,1,0,0,31.13
1642260,43.87,43.0,42.7,43.3,1,0,17.0,17.39,26511,1,0,0,31.13
1642766,43.87,43.0,42.7,43.3,1,0,17.0,17.39,27011,1,0,0,31.13
1643272,43.9,43.0,42.7,43.3,1,0,16.79,17.39,27511,1,0,0,31.12
1643778,43.93,43.0,42.7,43.3,1,0,16.66,17.38,28014,1,0,0,31.1
1644285,43.96,43.0,42.7,43.3,1,0,16.61,17.38,28520,1,0,0,31.13
1644792,43.96,43.0,42.7,43.3,1,0,16.61,17.42,29028,1,0,0,31.13
1645298,44.04,43.0,42.7,43.3,1,0,16.66,17.42,29530,1,0,0,31.1
1645804,44.04,43.0,42.7,43.3,1,0,16.66,17.42,30536,1,0,0,31.1
1646310,44.03,43.0,42.7,43.3,1,0,16.44,17.44,31036,1,0,0,31.13
1646816,43.97,43.0,42.7,43.3,1,0,16.48,17.42,31536,1,0,0,31.13
1647322,43.97,43.0,42.7,43.3,1,0,16.48,17.42,32036,1,0,0,31.13
1647828,44.11,43.0,42.7,43.3,1,0,16.33,17.46,32536,1,0,0,31.12
1648334,44.09,43.0,42.7,43.3,1,0,16.25,17.45,33036,1,0,0,31.12
1648841,44.14,43.0,42.7,43.3,1,0,16.29,17.45,33536,1,0,0,31.1
1649348,44.14,43.0,42.7,43.3,1,0,16.29,17.46,34036,1,0,0,31.1
1649854,44.11,43.0,42.7,43.3,1,0,16.07,17.47,34536,1,0,0,31.13
1650360,44.19,43.0,42.7,43.3,1,0,16.01,17.5,35036,1,0,0,31.13
1650866,44.19,43.0,42.7,43.3,1,0,16.01,17.5,35536,1,0,0,31.13
1651372,44.19,43.0,42.7,43.3,1,0,16.07,17.5,36036,1,0,0,31.13
1651878,44.17,43.0,42.7,43.3,1,0,16.03,17.48,36549,1,0,0,31.12
1652384,44.17,43.0,42.7,43.3,1,0,16.03,17.48,37049,1,0,0,31.12
1652890,44.17,43.0,42.7,43.3,1,0,15.92,17.48,37549,1,1,0,31.12
1653396,44.19,43.0,42.7,43.3,1,0,15.79,17.49,38049,1,1,0,31.12
1653902,44.19,43.0,42.7,43.3,1,0,15.79,17.49,38549,1,1,0,31.12
1654408,44.26,43.0,42.7,43.3,1,0,15.92,17.52,39049,1,1,0,31.13
1654914,44.21,43.0,42.7,43.3,1,0,15.68,17.5,39549,1,1,0,31.12
1655420,44.21,43.0,42.7,43.3,1,0,15.68,17.5,40049,1,1,0,31.12
1655926,44.23,43.0,42.7,43.3,1,0,15.42,17.51,40549,1,1,0,31.13
1656432,44.23,43.0,42.7,43.3,1,0,15.42,17.51,41049,1,1,0,31.13
1656938,44.23,43.0,42.7,43.3,1,0,15.42,17.51,41549,1,1,0,31.13
1657445,44.17,43.0,42.7,43.3,1,0,14.64,17.47,42049,1,1,0,31.1
1657951,44.17,43.0,42.7,43.3,1,0,14.64,17.47,42549,1,1,0,31.1
1658457,44.27,43.0,42.7,43.3,1,0,15.29,17.52,43049,1,1,0,31.12
1658963,44.27,43.0,42.7,43.3,1,0,15.29,17.52,43549,1,1,0,31.12
1659469,44.2,43.0,42.7,43.3,1,0,15.32,17.51,44049,1,1,0,31.13
1659975,44.2,43.0,42.7,43.3,1,0,15.32,17.51,44549,1,1,0,31.13
1660481,44.23,43.0,42.7,43.3,1,0,15.23,17.5,45049,1,1,0,31.12
1660988,44.23,43.0,42.7,43.3,1,0,15.06,17.5,45549,1,1,0,31.13
1661495,44.23,43.0,42.7,43.3,1,0,15.06,17.51,46049,1,1,0,31.13
1662001,44.23,43.0,42.7,43.3,1,0,14.97,17.49,46549,1,1,0,31.1
1662507,44.2,43.0,42.7,43.3,1,0,14.99,17.49,47049,1,1,0,31.1
1663013,44.2,43.0,42.7,43.3,1,0,14.99,17.48,47549,1,1,0,31.1
1663519,44.19,43.0,42.7,43.3,1,0,14.86,17.49,48049,1,1,0,31.12
1664025,44.16,43.0,42.7,43.3,1,0,14.77,17.49,48549,1,1,0,31.12
1664531,44.16,43.0,42.7,43.3,1,0,14.77,17.48,49049,1,1,0,31.12
1665037,44.19,43.0,42.7,43.3,1,0,14.8,17.48,49549,1,1,0,31.1
1665543,44.19,43.0,42.7,43.3,1,0,14.8,17.47,50049,1,1,0,31.1
1666049,44.15,43.0,42.7,43.3,1,0,14.69,17.47,50549,1,1,0,31.12
1666555,44.16,43.0,42.7,43.3,1,0,14.71,17.47,51049,1,1,0,31.13
1667061,44.21,43.0,42.7,43.3,1,0,14.36,17.49,51549,1,1,0,31.12
1667567,44.21,43.0,42.7,43.3,1,0,14.36,17.5,52049,1,1,0,31.12
1668073,44.13,43.0,42.7,43.3,1,0,14.49,17.47,52549,1,1,0,31.12
1668579,44.13,43.0,42.7,43.3,1,0,14.49,17.47,53049,1,1,0,31.12
1669085,44.12,43.0,42.7,43.3,1,0,14.58,17.46,53549,1,1,0,31.12
1669596,44.1,43.0,42.7,43.3,1,0,14.47,17.46,54049,1,1,0,31.09
1670103,44.1,43.0,42.7,43.3,1,0,14.47,17.43,54549,1,1,0,31.09
1670609,44.06,43.0,42.7,43.3,1,0,14.32,17.44,55049,1,1,0,31.12
1671115,44.11,43.0,42.7,43.3,1,0,14.82,17.44,55549,1,1,0,31.13
1671621,44.11,43.0,42.7,43.3,1,0,14.82,17.47,56049,1,1,0,31.13
1672127,44.04,43.0,42.7,43.3,1,0,14.34,17.47,56549,1,1,0,31.1
1672633,44.04,43.0,42.7,43.3,1,0,14.34,17.42,57049,1,1,0,31.1
1673139,44.05,43.0,42.7,43.3,1,0,14.12,17.44,57549,1,1,0,31.12
1673645,44.04,43.0,42.7,43.3,1,0,13.95,17.44,58049,1,1,0,31.1
1674154,44.0,43.0,42.7,43.3,1,0,14.08,17.42,58549,1,1,0,31.13
1674661,44.0,43.0,42.7,43.3,1,0,14.08,17.43,59049,1,1,0,31.13
1675167,44.0,43.0,42.7,43.3,1,0,14.08,17.43,59549,1,1,0,31.13
1675673,44.0,43.0,42.7,43.3,1,0,13.95,17.43,60049,1,1,0,31.12
1676179,44.0,43.0,42.7,43.3,1,0,13.95,17.42,60549,1,1,0,31.12
1676685,43.97,43.0,42.7,43.3,1,0,13.95,17.41,61049,1,1,0,31.12
1677191,43.93,43.0,42.7,43.3,1,0,13.86,17.41,61549,1,1,0,31.12
1677710,43.86,43.0,42.7,43.3,1,0,13.75,17.39,62049,1,1,0,31.13
1678217,43.86,43.0,42.7,43.3,1,0,13.75,17.38,62550,1,1,0,31.13
1678723,43.85,43.0,42.7,43.3,1,0,13.86,17.38,63050,1,1,0,31.09
1679229,43.88,43.0,42.7,43.3,1,0,13.69,17.34,63550,1,1,0,31.1
1679735,43.83,43.0,42.7,43.3,1,0,13.62,17.36,64050,1,1,0,31.1
1680241,43.83,43.0,42.7,43.3,1,0,13.62,17.34,64550,1,1,0,31.1
1680747,43.87,43.0,42.7,43.3,1,0,13.75,17.36,65050,1,1,0,31.1
1681253,43.8,43.0,42.7,43.3,1,0,13.53,17.36,65550,1,1,0,31.12
1681759,43.8,43.0,42.7,43.3,1,0,13.53,17.35,66050,1,1,0,31.12
1682265,43.75,43.0,42.7,43.3,1,0,13.86,17.35,66550,1,1,0,31.1
1682771,43.75,43.0,42.7,43.3,1,0,13.86,17.32,67050,1,1,0,31.1
1683277,43.71,43.0,42.7,43.3,1,0,13.69,17.32,67550,1,1,0,31.12
1683783,43.71,43.0,42.7,43.3,1,0,13.69,17.32,68050,1,1,0,31.12
1684289,43.66,43.0,42.7,43.3,1,0,13.31,17.32,68550,1,1,0,31.14
1684795,43.66,43.0,42.7,43.3,1,0,13.31,17.32,69050,1,1,0,31.14
1685301,43.64,43.0,42.7,43.3,1,0,13.49,17.32,69550,1,1,0,31.1
1685807,43.65,43.0,42.7,43.3,1,0,13.16,17.27,70050,1,1,0,31.13
1686313,43.65,43.0,42.7,43.3,1,0,13.16,17.31,70550,1,1,0,31.13
1686819,43.65,43.0,42.7,43.3,1,0,13.16,17.31,71551,1,1,0,31.13
1687325,43.59,43.0,42.7,43.3,1,0,13.29,17.27,72051,1,1,0,31.12
1687831,43.59,43.0,42.7,43.3,1,0,13.29,17.27,72551,1,1,0,31.12
1688337,43.52,43.0,42.7,43.3,1,0,13.71,17.25,73051,1,1,0,31.12
1688843,43.52,43.0,42.7,43.3,1,0,13.71,17.25,73551,1,1,0,31.12
1689349,43.52,43.0,42.7,43.3,1,0,13.71,17.25,74051,1,1,0,31.12
1689855,43.52,43.0,42.7,43.3,1,0,13.71,17.25,74551,1,1,0,31.12
1690361,43.46,43.0,42.7,43.3,1,0,13.12,17.24,75051,1,1,1,31.13
1690867,43.45,43.0,42.7,43.3,1,0,12.99,17.22,75551,1,1,1,31.12
1691373,43.45,43.0,42.7,43.3,1,0,12.99,17.22,76051,1,1,1,31.12
1691879,43.42,43.0,42.7,43.3,1,0,12.9,17.19,76551,1,1,1,31.1
1692385,43.42,43.0,42.7,43.3,1,0,12.9,17.19,77051,1,1,1,31.1
1692891,43.42,43.0,42.7,43.3,1,0,12.9,17.19,77551,1,1,1,31.1
1693397,43.39,43.0,42.7,43.3,1,0,12.79,17.2,78051,1,1,1,31.12
1693903,43.39,43.0,42.7,43.3,1,0,12.79,17.2,78551,1,1,1,31.12
1694409,43.28,43.0,42.7,43.3,0,0,12.85,17.15,0,1,1,0,31.1
1694915,43.28,43.0,42.7,43.3,0,0,12.85,17.15,500,1,1,0,31.1
1695421,43.22,43.0,42.7,43.3,0,0,12.7,17.15,1000,1,1,0,31.13
1695927,43.24,43.0,42.7,43.3,0,0,12.44,17.13,1500,1,1,0,31.1
1696441,43.18,43.0,42.7,43.3,0,0,12.72,17.13,2000,1,1,0,31.1
1696948,43.18,43.0,42.7,43.3,0,0,12.72,17.11,2500,1,1,0,31.1
1697454,43.17,43.0,42.7,43.3,0,0,12.77,17.12,3000,1,1,0,31.12
1697960,43.13,43.0,42.7,43.3,0,0,12.68,17.09,3516,1,1,0,31.1
1698466,43.13,43.0,42.7,43.3,0,0,12.68,17.09,4016,1,1,0,31.1
1698972,43.13,43.0,42.7,43.3,0,0,12.68,17.09,4516,1,1,0,31.1
1699478,43.08,43.0,42.7,43.3,0,0,12.81,17.09,5016,1,1,0,31.12
1699984,43.08,43.0,42.7,43.3,0,0,12.81,17.09,5516,1,1,0,31.12
1700490,43.08,43.0,42.7,43.3,0,0,12.81,17.09,6016,1,1,0,31.12
1700996,42.95,43.0,42.7,43.3,0,0,12.81,17.02,6516,1,1,0,31.1
1701502,42.95,43.0,42.7,43.3,0,0,13.03,17.02,7016,1,1,0,31.13
1702008,42.95,43.0,42.7,43.3,0,0,13.03,17.05,7516,1,1,0,31.13
1702514,42.89,43.0,42.7,43.3,0,0,12.96,17.0,8016,1,1,0,31.1
1703020,42.89,43.0,42.7,43.3,0,0,12.96,17.0,8519,1,1,0,31.1
1703526,42.88,43.0,42.7,43.3,0,0,12.99,17.0,9020,1,1,0,31.1
1704032,42.86,43.0,42.7,43.3,0,0,13.07,16.98,9520,1,1,0,31.09
1704538,42.86,43.0,42.7,43.3,0,0,13.07,16.98,10020,1,1,0,31.09
1705044,42.82,43.0,42.7,43.3,0,0,13.31,16.98,10520,1,1,0,31.1
1705550,42.82,43.0,42.7,43.3,0,0,13.31,16.98,11020,1,1,0,31.1
1706056,42.79,43.0,42.7,43.3,0,0,13.49,16.97,11520,1,1,0,31.1
1706562,42.72,43.0,42.7,43.3,0,0,13.84,16.94,12020,1,1,0,31.1
1707068,42.72,43.0,42.7,43.3,0,0,13.84,16.94,12520,1,1,0,31.1
1707588,42.73,43.0,42.7,43.3,0,0,13.38,16.94,13020,1,1,0,31.1
1708095,42.73,43.0,42.7,43.3,0,0,13.38,16.94,13520,1,1,0,31.1
1708601,42.73,43.0,42.7,43.3,0,0,13.38,16.94,14020,1,1,0,31.1
1709107,42.63,43.0,42.7,43.3,0,0,13.86,16.93,14520,1,1,0,31.13
1709613,42.6,43.0,42.7,43.3,0,0,13.97,16.93,15020,1,1,0,31.1
1710119,42.6,43.0,42.7,43.3,0,0,13.97,16.9,15520,1,1,0,31.1
1710625,42.6,43.0,42.7,43.3,0,0,13.97,16.9,16021,1,1,0,31.1
1711131,42.6,43.0,42.7,43.3,0,0,13.97,16.9,16521,1,1,0,31.1
1711637,42.56,43.0,42.7,43.3,0,0,14.12,16.9,17021,1,1,0,31.1
1712143,42.54,43.0,42.7,43.3,0,0,14.4,16.88,17521,1,1,0,31.09
1712649,42.54,43.0,42.7,43.3,0,0,14.4,16.86,18021,1,1,0,31.09
1713155,42.51,43.0,42.7,43.3,0,0,14.47,16.86,18521,1,1,0,31.1
1713661,42.48,43.0,42.7,43.3,0,0,14.43,16.86,19021,1,1,0,31.1
1714167,42.43,43.0,42.7,43.3,0,0,14.49,16.85,19521,1,1,0,31.1
1714673,42.43,43.0,42.7,43.3,0,0,14.49,16.83,20021,1,1,0,31.1
1715179,42.44,43.0,42.7,43.3,0,0,14.58,16.85,20521,1,1,0,31.12
1715685,42.44,43.0,42.7,43.3,0,0,14.58,16.85,21021,1,1,0,31.12
1716191,42.4,43.0,42.7,43.3,0,0,14.75,16.85,21521,1,1,0,31.12
1716697,42.38,43.0,42.7,43.3,0,0,14.64,16.83,22021,1,1,0,31.12
1717203,42.38,43.0,42.7,43.3,0,0,14.64,16.83,22521,1,1,0,31.12
1717709,42.38,43.0,42.7,43.3,0,0,14.99,16.83,23021,1,1,0,31.12
1718215,42.38,43.0,42.7,43.3,0,0,14.99,16.83,23521,1,1,0,31.12
1718721,42.35,43.0,42.7,43.3,0,0,15.1,16.8,24021,1,1,0,31.1
1719227,42.35,43.0,42.7,43.3,0,0,15.1,16.8,24521,1,1,0,31.1
1719733,42.31,43.0,42.7,43.3,0,0,14.99,16.8,25021,1,1,0,31.12
1720239,42.38,43.0,42.7,43.3,0,0,15.49,16.8,25521,1,1,0,31.1
1720745,42.32,43.0,42.7,43.3,0,0,15.34,16.81,26021,1,0,0,31.1
1721251,42.32,43.0,42.7,43.3,0,0,15.34,16.79,26521,1,0,0,31.1
1721757,42.26,43.0,42.7,43.3,0,0,15.62,16.76,27021,1,0,0,31.09
1722263,42.26,43.0,42.7,43.3,0,0,15.58,16.76,27521,1,0,0,31.1
1722769,42.28,43.0,42.7,43.3,0,0,15.71,16.77,28021,1,0,0,31.12
1723275,42.28,43.0,42.7,43.3,0,0,15.71,16.79,28521,1,0,0,31.12
1723781,42.34,43.0,42.7,43.3,0,0,15.79,16.79,29021,1,0,0,31.12
1724287,42.28,43.0,42.7,43.3,0,0,16.05,16.81,29521,1,0,0,31.1
1724793,42.26,43.0,42.7,43.3,0,0,15.86,16.78,30021,1,0,0,31.1
1725300,42.29,43.0,42.7,43.3,0,0,16.03,16.77,30521,1,0,0,31.07
1725807,42.29,43.0,42.7,43.3,0,0,16.03,16.76,31021,1,0,0,31.07
1726313,42.31,43.0,42.7,43.3,0,0,16.14,16.76,31521,1,0,0,31.13
1726819,42.32,43.0,42.7,43.3,0,0,16.27,16.81,32021,1,0,0,31.1
1727325,42.32,43.0,42.7,43.3,0,0,16.27,16.79,32521,1,0,0,31.1
1727831,42.28,43.0,42.7,43.3,0,0,16.42,16.79,33021,1,0,0,31.1
1728337,42.28,43.0,42.7,43.3,0,0,16.42,16.78,33521,1,0,0,31.1
1728843,42.28,43.0,42.7,43.3,0,0,16.55,16.76,34524,1,0,0,31.09
1729357,42.3,43.0,42.7,43.3,0,0,16.79,16.78,35038,1,0,0,31.1
1729864,42.3,43.0,42.7,43.3,0,0,16.79,16.78,35538,1,0,0,31.1
1730370,42.37,43.0,42.7,43.3,0,0,16.44,16.84,36038,1,0,0,31.13
1730876,42.38,43.0,42.7,43.3,0,0,16.83,16.8,36538,1,0,0,31.09
1731382,42.38,43.0,42.7,43.3,0,0,16.83,16.8,37038,1,0,0,31.09
1731888,42.38,43.0,42.7,43.3,0,0,17.54,16.79,37538,1,0,0,31.07
1732394,42.37,43.0,42.7,43.3,0,0,17.0,16.82,38038,1,0,0,31.12
1732900,42.35,43.0,42.7,43.3,0,0,17.26,16.8,38538,1,0,0,31.1
1733406,42.35,43.0,42.7,43.3,0,0,17.26,16.8,39038,1,0,0,31.1
1733912,42.41,43.0,42.7,43.3,0,0,17.2,16.84,39538,1,0,0,31.12
1734418,42.41,43.0,42.7,43.3,0,0,17.69,16.84,40038,1,0,0,31.12
1734924,42.41,43.0,42.7,43.3,0,0,17.69,16.84,40538,1,0,0,31.12
1735430,42.44,43.0,42.7,43.3,0,0,17.73,16.84,41038,1,0,0,31.1
1735936,42.44,43.0,42.7,43.3,0,0,17.45,16.85,41538,1,0,0,31.12
1736442,42.44,43.0,42.7,43.3,0,0,17.45,16.85,42038,1,0,0,31.12
1736948,42.47,43.0,42.7,43.3,0,0,17.56,16.85,42538,1,0,0,31.1
1737454,42.47,43.0,42.7,43.3,0,0,17.56,16.85,43038,1,0,0,31.1
1737960,42.51,43.0,42.7,43.3,0,0,17.56,16.88,43538,1,0,0,31.12
1738466,42.46,43.0,42.7,43.3,0,0,17.37,16.86,44038,1,0,0,31.12
1738972,42.46,43.0,42.7,43.3,0,0,17.37,16.86,44538,1,0,0,31.12
1739478,42.51,43.0,42.7,43.3,0,0,17.76,16.88,45042,1,0,0,31.12
1739984,42.51,43.0,42.7,43.3,0,0,17.76,16.88,45542,1,0,0,31.12
1740490,42.54,43.0,42.7,43.3,0,0,17.84,16.87,46042,1,0,0,31.1
1740996,42.52,43.0,42.7,43.3,0,0,18.08,16.87,46542,1,0,0,31.09
1741502,42.52,43.0,42.7,43.3,0,0,18.08,16.86,47042,1,0,0,31.09
1742008,42.59,43.0,42.7,43.3,0,0,18.08,16.9,47542,1,0,0,31.12
1742514,42.59,43.0,42.7,43.3,0,0,18.08,16.9,48042,1,0,0,31.12
1743020,42.59,43.0,42.7,43.3,0,0,18.16,16.9,48542,1,0,0,31.12
1743526,42.59,43.0,42.7,43.3,0,0,18.16,16.9,49042,1,0,0,31.12
1744032,42.66,43.0,42.7,43.3,0,0,18.44,16.92,49542,1,0,0,31.1
1744538,42.66,43.0,42.7,43.3,0,0,18.44,16.92,50042,1,0,0,31.1
1745044,42.69,43.0,42.7,43.3,0,0,18.49,16.96,50542,1,0,0,31.13
1745550,42.66,43.0,42.7,43.3,0,0,18.38,16.96,51042,1,0,0,31.13
1746056,42.7,43.0,42.7,43.3,0,0,18.57,16.94,51542,1,0,0,31.09
1746562,42.7,43.0,42.7,43.3,1,0,18.57,16.92,0,1,0,0,31.09
1747069,42.7,43.0,42.7,43.3,1,0,18.57,16.92,500,1,0,0,31.09
1747575,42.75,43.0,42.7,43.3,1,0,18.68,16.96,1000,1,0,0,31.12
1748081,42.79,43.0,42.7,43.3,1,0,18.92,16.96,1500,1,0,0,31.12
1748587,42.79,43.0,42.7,43.3,1,0,18.92,16.98,2000,1,0,0,31.12
1749093,42.82,43.0,42.7,43.3,1,0,18.77,17.0,2500,1,0,0,31.13
1749599,42.82,43.0,42.7,43.3,1,0,18.77,17.0,3000,1,0,0,31.13
1750105,42.82,43.0,42.7,43.3,1,0,18.83,16.98,3500,1,0,0,31.1
1750611,42.86,43.0,42.7,43.3,1,0,18.81,16.98,4000,1,0,0,31.1
1751117,42.86,43.0,42.7,43.3,1,0,18.81,16.99,4500,1,0,0,31.1
1751623,42.92,43.0,42.7,43.3,1,0,18.85,16.99,5000,1,0,0,31.12
1752129,42.92,43.0,42.7,43.3,1,0,18.85,17.03,5500,1,0,0,31.12
1752635,42.92,43.0,42.7,43.3,1,0,18.85,17.03,6000,1,0,0,31.12
1753141,42.95,43.0,42.7,43.3,1,0,18.85,17.03,6501,1,0,0,31.12
1753647,42.95,43.0,42.7,43.3,1,0,18.85,17.04,7002,1,0,0,31.12
1754153,42.95,43.0,42.7,43.3,1,0,18.85,17.04,7502,1,0,0,31.12
1754659,43.01,43.0,42.7,43.3,1,0,18.66,17.06,8002,1,0,0,31.12
1755165,43.04,43.0,42.7,43.3,1,0,18.66,17.06,8502,1,0,0,31.1
1755671,43.04,43.0,42.7,43.3,1,0,18.66,17.06,9002,1,0,0,31.1
1756177,43.05,43.0,42.7,43.3,1,0,18.55,17.06,9502,1,0,0,31.12
1756683,43.05,43.0,42.7,43.3,1,0,18.55,17.08,10002,1,0,0,31.12
1757190,43.05,43.0,42.7,43.3,1,0,18.55,17.08,10502,1,0,0,31.12
1757697,43.05,43.0,42.7,43.3,1,0,18.55,17.08,11002,1,0,0,31.12
1758203,43.17,43.0,42.7,43.3,1,0,18.34,17.08,11505,1,0,0,31.12
1758709,43.17,43.0,42.7,43.3,1,0,18.34,17.12,12007,1,0,0,31.12
1759215,43.2,43.0,42.7,43.3,1,0,18.49,17.11,12508,1,0,0,31.1
1759721,43.27,43.0,42.7,43.3,1,0,18.27,17.11,13008,1,0,0,31.12
1760227,43.27,43.0,42.7,43.3,1,0,18.27,17.16,13508,1,0,0,31.12
1760733,43.29,43.0,42.7,43.3,1,0,18.19,17.16,14008,1,0,0,31.13
1761240,43.28,43.0,42.7,43.3,1,0,18.12,17.17,14508,1,0,0,31.1
1761747,43.28,43.0,42.7,43.3,1,0,18.12,17.15,15008,1,0,0,31.1
1762253,43.28,43.0,42.7,43.3,1,0,18.12,17.15,15508,1,0,0,31.1
1762759,43.34,43.0,42.7,43.3,1,0,17.93,17.17,16008,1,0,0,31.1
1763265,43.39,43.0,42.7,43.3,1,0,18.06,17.17,16508,1,0,0,31.12
1763771,43.39,43.0,42.7,43.3,1,0,18.06,17.2,17008,1,0,0,31.12
1764277,43.39,43.0,42.7,43.3,1,0,18.06,17.2,17508,1,0,0,31.12
1764783,43.39,43.0,42.7,43.3,1,0,18.06,17.2,18008,1,0,0,31.12
1765289,43.39,43.0,42.7,43.3,1,0,18.06,17.2,18508,1,0,0,31.12
1765795,43.39,43.0,42.7,43.3,1,0,18.06,17.2,19008,1,0,0,31.12
1766301,43.49,43.0,42.7,43.3,1,0,17.63,17.22,19508,1,0,0,31.1
1766807,43.49,43.0,42.7,43.3,1,0,17.63,17.22,20008,1,0,0,31.1
1767313,43.62,43.0,42.7,43.3,1,0,17.5,17.22,20508,1,0,0,31.12
1767819,43.62,43.0,42.7,43.3,1,0,17.5,17.28,21008,1,0,0,31.12
1768325,43.62,43.0,42.7,43.3,1,0,17.5,17.28,21508,1,0,0,31.12
1768831,43.67,43.0,42.7,43.3,1,0,17.32,17.28,22008,1,0,0,31.12
1769337,43.67,43.0,42.7,43.3,1,0,17.32,17.3,22508,1,0,0,31.12
1769843,43.7,43.0,42.7,43.3,1,0,17.24,17.31,23022,1,0,0,31.12
1770349,43.81,43.0,42.7,43.3,1,0,17.13,17.31,23522,1,0,0,31.12
1770856,43.81,43.0,42.7,43.3,1,0,17.13,17.35,24022,1,0,0,31.12
1771362,43.81,43.0,42.7,43.3,1,0,17.13,17.35,24522,1,0,0,31.12
1771868,43.81,43.0,42.7,43.3,1,0,17.07,17.35,25022,1,0,0,31.13
1772374,43.81,43.0,42.7,43.3,1,0,17.07,17.37,25522,1,0,0,31.13
1772880,43.85,43.0,42.7,43.3,1,0,16.85,17.37,26022,1,0,0,31.09
1773386,43.85,43.0,42.7,43.3,1,0,16.85,17.34,27025,1,0,0,31.09
1773892,43.85,43.0,42.7,43.3,1,0,16.85,17.34,27526,1,0,0,31.09
1774398,43.94,43.0,42.7,43.3,1,0,16.72,17.4,28026,1,0,0,31.12
1774904,43.94,43.0,42.7,43.3,1,0,16.72,17.4,28526,1,0,0,31.12
1775410,43.94,43.0,42.7,43.3,1,0,16.72,17.4,29026,1,0,0,31.12
1775916,44.04,43.0,42.7,43.3,1,0,16.92,17.43,29526,1,0,0,31.12
1776422,44.04,43.0,42.7,43.3,1,0,16.92,17.43,30026,1,0,0,31.12
1776928,44.03,43.0,42.7,43.3,1,0,16.57,17.44,30526,1,0,0,31.13
1777434,44.04,43.0,42.7,43.3,1,0,16.42,17.45,31026,1,0,0,31.13
1777941,44.1,43.0,42.7,43.3,1,0,16.48,17.45,31526,1,0,0,31.13
1778448,44.1,43.0,42.7,43.3,1,0,16.48,17.47,32026,1,0,0,31.13
1778954,44.11,43.0,42.7,43.3,1,0,16.35,17.47,32526,1,0,0,31.13
1779460,44.11,43.0,42.7,43.3,1,0,16.35,17.47,33026,1,0,0,31.13
1779966,44.11,43.0,42.7,43.3,1,0,16.35,17.46,33526,1,0,0,31.12
1780472,44.11,43.0,42.7,43.3,1,0,16.14,17.46,34026,1,0,0,31.12
1780978,44.11,43.0,42.7,43.3,1,0,16.14,17.46,34526,1,0,0,31.12
1781484,44.11,43.0,42.7,43.3,1,0,16.14,17.46,35026,1,0,0,31.12
1781990,44.17,43.0,42.7,43.3,1,0,15.73,17.46,35526,1,0,0,31.12
1782496,44.17,43.0,42.7,43.3,1,0,15.73,17.48,36026,1,1,0,31.12
1783002,44.19,43.0,42.7,43.3,1,0,15.9,17.5,36526,1,1,0,31.13
1783508,44.2,43.0,42.7,43.3,1,0,15.9,17.48,37026,1,1,0,31.1
1784014,44.23,43.0,42.7,43.3,1,0,15.6,17.48,37526,1,1,0,31.12
1784520,44.23,43.0,42.7,43.3,1,0,15.6,17.5,38026,1,1,0,31.12
1785026,44.23,43.0,42.7,43.3,1,0,15.6,17.5,38526,1,1,0,31.12
1785532,44.25,43.0,42.7,43.3,1,0,15.66,17.5,39026,1,1,0,31.1
1786038,44.25,43.0,42.7,43.3,1,0,15.66,17.5,39526,1,1,0,31.1
1786544,44.25,43.0,42.7,43.3,1,0,15.66,17.5,40026,1,1,0,31.1
1787050,44.29,43.0,42.7,43.3,1,0,15.51,17.51,40526,1,1,0,31.1
1787556,44.23,43.0,42.7,43.3,1,0,15.45,17.51,41026,1,1,0,31.14
1788062,44.23,43.0,42.7,43.3,1,0,15.45,17.53,41526,1,1,0,31.14
1788568,44.23,43.0,42.7,43.3,1,0,15.45,17.53,42026,1,1,0,31.14
1789074,44.27,43.0,42.7,43.3,1,0,15.45,17.53,42526,1,1,0,31.12
1789580,44.27,43.0,42.7,43.3,1,0,15.45,17.52,43026,1,1,0,31.12
1790086,44.19,43.0,42.7,43.3,1,0,15.29,17.47,43526,1,1,0,31.1
1790592,44.23,43.0,42.7,43.3,1,0,15.32,17.51,44026,1,1,0,31.13
1791098,44.24,43.0,42.7,43.3,1,0,15.27,17.51,44526,1,1,0,31.1
1791604,44.24,43.0,42.7,43.3,1,0,15.27,17.49,45026,1,1,0,31.1
1792110,44.27,43.0,42.7,43.3,1,0,15.36,17.49,45526,1,1,0,31.12
1792616,44.27,43.0,42.7,43.3,1,0,15.36,17.52,46026,1,1,0,31.12
1793122,44.27,43.0,42.7,43.3,1,0,15.36,17.52,46526,1,1,0,31.12
1793628,44.27,43.0,42.7,43.3,1,0,15.36,17.52,47026,1,1,0,31.12
1794134,44.27,43.0,42.7,43.3,1,0,15.36,17.52,47526,1,1,0,31.12
1794640,44.21,43.0,42.7,43.3,1,0,14.9,17.5,48026,1,1,0,31.12
1795146,44.19,43.0,42.7,43.3,1,0,14.71,17.49,48528,1,1,0,31.12
1795652,44.19,43.0,42.7,43.3,1,0,14.71,17.49,49028,1,1,0,31.12
1796158,44.2,43.0,42.7,43.3,1,0,14.88,17.49,49528,1,1,0,31.13
1796664,44.2,43.0,42.7,43.3,1,0,14.88,17.51,50028,1,1,0,31.13
1797170,44.2,43.0,42.7,43.3,1,0,14.88,17.51,50528,1,1,0,31.13
1797676,44.13,43.0,42.7,43.3,1,0,14.58,17.44,51028,1,1,0,31.09
1798182,44.17,43.0,42.7,43.3,1,0,14.67,17.44,51528,1,1,0,31.12
1798688,44.17,43.0,42.7,43.3,1,0,14.67,17.48,52028,1,1,0,31.12
1799194,44.17,43.0,42.7,43.3,1,0,14.49,17.48,52528,1,1,0,31.12
1799700,44.17,43.0,42.7,43.3,1,0,14.49,17.48,53028,1,1,0,31.12
1800207,44.17,43.0,42.7,43.3,1,0,14.49,17.48,53528,1,1,0,31.12
1800713,44.21,43.0,42.7,43.3,1,0,14.19,17.48,54029,1,1,0,31.1
1801219,44.21,43.0,42.7,43.3,1,0,14.19,17.48,54529,1,1,0,31.1
1801725,44.21,43.0,42.7,43.3,1,0,14.19,17.48,55029,1,1,0,31.1
1802231,44.11,43.0,42.7,43.3,1,0,13.95,17.47,55529,1,1,0,31.13
1802737,44.11,43.0,42.7,43.3,1,0,13.95,17.47,56029,1,1,0,31.13
1803243,44.11,43.0,42.7,43.3,1,0,13.95,17.47,56529,1,1,0,31.13
1803749,44.05,43.0,42.7,43.3,1,0,14.38,17.47,57029,1,1,0,31.1
1804255,44.05,43.0,42.7,43.3,1,0,14.38,17.42,57529,1,1,0,31.1
1804761,44.05,43.0,42.7,43.3,1,0,14.25,17.44,58044,1,1,0,31.12
1805267,44.05,43.0,42.7,43.3,1,0,14.25,17.44,58544,1,1,0,31.12
1805773,44.01,43.0,42.7,43.3,1,0,14.01,17.44,59044,1,1,0,31.1
1806279,43.98,43.0,42.7,43.3,1,0,13.69,17.41,59544,1,1,0,31.1
1806785,43.98,43.0,42.7,43.3,1,0,13.69,17.4,60044,1,1,0,31.1
1807291,43.98,43.0,42.7,43.3,1,0,13.69,17.4,60544,1,1,0,31.1
1807797,44.0,43.0,42.7,43.3,1,0,13.97,17.4,61044,1,1,0,31.12
1808303,44.0,43.0,42.7,43.3,1,0,13.97,17.42,61544,1,1,0,31.12
1808809,43.9,43.0,42.7,43.3,1,0,13.99,17.38,62044,1,1,0,31.12
1809315,43.87,43.0,42.7,43.3,1,0,13.82,17.38,62544,1,1,0,31.13
1809835,43.9,43.0,42.7,43.3,1,0,13.73,17.39,63044,1,1,0,31.1
1810342,43.9,43.0,42.7,43.3,1,0,13.73,17.37,63544,1,1,0,31.1
1810848,43.81,43.0,42.7,43.3,1,0,13.64,17.37,64044,1,1,0,31.12
1811354,43.81,43.0,42.7,43.3,1,0,13.64,17.35,64544,1,1,0,31.12
1811860,43.8,43.0,42.7,43.3,1,0,13.64,17.35,65044,1,1,0,31.12
1812366,43.77,43.0,42.7,43.3,1,0,13.77,17.35,65544,1,1,0,31.12
1812872,43.77,43.0,42.7,43.3,1,0,13.77,17.34,66044,1,1,0,31.12
1813379,43.77,43.0,42.7,43.3,1,0,13.77,17.34,66544,1,1,0,31.12
1813886,43.77,43.0,42.7,43.3,1,0,13.77,17.34,67044,1,1,0,31.12
1814392,43.77,43.0,42.7,43.3,1,0,13.77,17.34,67544,1,1,0,31.12
1814898,43.72,43.0,42.7,43.3,1,0,13.36,17.34,68044,1,1,0,31.09
1815404,43.72,43.0,42.7,43.3,1,0,13.36,17.29,68544,1,1,0,31.09
1815910,43.66,43.0,42.7,43.3,1,0,13.34,17.28,69549,1,1,0,31.1
1816416,43.64,43.0,42.7,43.3,1,0,13.38,17.26,70049,1,1,0,31.09
1816923,43.59,43.0,42.7,43.3,1,0,12.9,17.26,70562,1,1,0,31.1
1817430,43.59,43.0,42.7,43.3,1,0,12.9,17.26,71062,1,1,0,31.1
1817936,43.58,43.0,42.7,43.3,1,0,13.27,17.27,71562,1,1,0,31.12
1818442,43.58,43.0,42.7,43.3,1,0,13.27,17.27,72062,1,1,0,31.12
1818948,43.54,43.0,42.7,43.3,1,0,13.16,17.25,72562,1,1,0,31.12
1819454,43.55,43.0,42.7,43.3,1,0,13.16,17.26,73062,1,1,0,31.12
1819960,43.55,43.0,42.7,43.3,1,0,13.16,17.26,73562,1,1,0,31.12
1820466,43.48,43.0,42.7,43.3,1,0,12.75,17.23,74062,1,1,0,31.12
1820972,43.49,43.0,42.7,43.3,1,0,13.05,17.21,74562,1,1,0,31.09
1821481,43.46,43.0,42.7,43.3,1,0,12.64,17.21,75062,1,1,1,31.1
1821988,43.46,43.0,42.7,43.3,1,0,12.64,17.21,75562,1,1,1,31.1
1822494,43.36,43.0,42.7,43.3,1,0,13.03,17.19,76062,1,1,1,31.12
1823000,43.36,43.0,42.7,43.3,1,0,13.03,17.19,76562,1,1,1,31.12
1823506,43.36,43.0,42.7,43.3,1,0,13.03,17.19,77062,1,1,1,31.12
1824012,43.36,43.0,42.7,43.3,1,0,12.99,17.19,77562,1,1,1,31.12
1824518,43.36,43.0,42.7,43.3,1,0,12.99,17.19,78065,1,1,1,31.12
1825024,43.3,43.0,42.7,43.3,1,0,12.83,17.17,78566,1,1,1,31.12
1825530,43.32,43.0,42.7,43.3,1,0,12.9,17.16,79066,1,1,1,31.1
1826036,43.32,43.0,42.7,43.3,1,0,12.9,17.16,79566,1,1,1,31.1
1826542,43.27,43.0,42.7,43.3,0,0,12.99,17.14,0,1,1,0,31.1
1827048,43.16,43.0,42.7,43.3,0,0,13.01,17.1,501,1,1,0,31.1
1827554,43.16,43.0,42.7,43.3,0,0,13.01,17.1,1001,1,1,0,31.1
1828060,43.16,43.0,42.7,43.3,0,0,12.9,17.1,1501,1,1,0,31.1
1828566,43.14,43.0,42.7,43.3,0,0,12.64,17.09,2001,1,1,0,31.1
1829072,43.14,43.0,42.7,43.3,0,0,12.64,17.09,2501,1,1,0,31.1
1829578,43.14,43.0,42.7,43.3,0,0,12.64,17.09,3001,1,1,0,31.1
1830084,43.05,43.0,42.7,43.3,0,0,12.7,17.06,3501,1,1,0,31.1
1830590,43.06,43.0,42.7,43.3,0,0,12.64,17.09,4001,1,1,0,31.13
1831096,42.99,43.0,42.7,43.3,0,0,12.83,17.04,4501,1,1,0,31.1
1831602,42.98,43.0,42.7,43.3,0,0,12.77,17.04,5001,1,1,0,31.12
1832108,42.98,43.0,42.7,43.3,0,0,12.77,17.05,5501,1,1,0,31.12
1832614,42.98,43.0,42.7,43.3,0,0,12.77,17.05,6001,1,1,0,31.12
1833120,42.94,43.0,42.7,43.3,0,0,12.77,17.03,6501,1,1,0,31.12
1833626,42.94,43.0,42.7,43.3,0,0,12.77,17.03,7001,1,1,0,31.12
1834132,42.94,43.0,42.7,43.3,0,0,12.77,17.03,7501,1,1,0,31.12
1834638,42.94,43.0,42.7,43.3,0,0,12.77,17.03,8001,1,1,0,31.12
1835144,42.85,43.0,42.7,43.3,0,0,12.75,17.03,8501,1,1,0,31.1
1835650,42.85,43.0,42.7,43.3,0,0,12.75,16.99,9001,1,1,0,31.1
1836156,42.79,43.0,42.7,43.3,0,0,13.16,16.98,9501,1,1,0,31.12
1836662,42.76,43.0,42.7,43.3,0,0,13.1,16.98,10001,1,1,0,31.09
1837168,42.76,43.0,42.7,43.3,0,0,13.1,16.94,10501,1,1,0,31.09
1837674,42.74,43.0,42.7,43.3,0,0,13.16,16.94,11001,1,1,0,31.09
1838180,42.68,43.0,42.7,43.3,0,0,13.42,16.94,11501,1,1,0,31.12
1838686,42.68,43.0,42.7,43.3,0,0,13.42,16.94,12001,1,1,0,31.12
1839192,42.66,43.0,42.7,43.3,0,0,13.58,16.92,12501,1,1,0,31.1
1839698,42.67,43.0,42.7,43.3,0,0,13.66,16.92,13001,1,1,0,31.1
1840204,42.61,43.0,42.7,43.3,0,0,13.62,16.92,13501,1,1,0,31.1
1840710,42.61,43.0,42.7,43.3,0,0,13.62,16.9,14001,1,1,0,31.1
1841216,42.56,43.0,42.7,43.3,0,0,13.73,16.87,14501,1,1,0,31.09
1841722,42.56,43.0,42.7,43.3,0,0,13.73,16.87,15001,1,1,0,31.09
1842228,42.56,43.0,42.7,43.3,0,0,13.86,16.89,15501,1,1,0,31.12
1842734,42.56,43.0,42.7,43.3,0,0,13.86,16.89,16001,1,1,0,31.12
1843240,42.55,43.0,42.7,43.3,0,0,14.06,16.89,16501,1,1,0,31.12
1843746,42.47,43.0,42.7,43.3,0,0,14.3,16.89,17001,1,1,0,31.1
1844252,42.47,43.0,42.7,43.3,0,0,14.3,16.85,17501,1,1,0,31.1
1844758,42.47,43.0,42.7,43.3,0,0,14.3,16.85,18001,1,1,0,31.1
1845265,42.47,43.0,42.7,43.3,0,0,14.3,16.85,18501,1,1,0,31.1
1845771,42.42,43.0,42.7,43.3,0,0,14.47,16.85,19001,1,1,0,31.09
1846277,42.43,43.0,42.7,43.3,0,0,14.56,16.82,19501,1,1,0,31.1
1846783,42.43,43.0,42.7,43.3,0,0,14.56,16.83,20001,1,1,0,31.1
1847289,42.4,43.0,42.7,43.3,0,0,14.58,16.83,20501,1,1,0,31.1
1847795,42.36,43.0,42.7,43.3,0,0,14.58,16.82,21001,1,1,0,31.09
1848301,42.34,43.0,42.7,43.3,0,0,14.77,16.8,21501,1,1,0,31.1
1848821,42.37,43.0,42.7,43.3,0,0,14.9,16.8,22001,1,1,0,31.12
1849328,42.37,43.0,42.7,43.3,0,0,14.9,16.82,22501,1,1,0,31.12
1849834,42.35,43.0,42.7,43.3,0,0,14.82,16.79,23002,1,1,0,31.09
1850340,42.26,43.0,42.7,43.3,0,0,15.03,16.79,23502,1,1,0,31.1
1850846,42.26,43.0,42.7,43.3,0,0,15.03,16.77,24002,1,1,0,31.1
1851352,42.25,43.0,42.7,43.3,0,0,15.14,16.78,24502,1,1,0,31.12
1851858,42.28,43.0,42.7,43.3,0,0,15.34,16.78,25002,1,1,0,31.12
1852364,42.31,43.0,42.7,43.3,0,0,15.47,16.79,25502,1,0,0,31.1
1852870,42.31,43.0,42.7,43.3,0,0,15.47,16.79,26002,1,0,0,31.1
1853376,42.27,43.0,42.7,43.3,0,0,15.49,16.79,26502,1,0,0,31.12
1853882,42.27,43.0,42.7,43.3,0,0,15.49,16.79,27002,1,0,0,31.12
1854388,42.24,43.0,42.7,43.3,0,0,15.6,16.79,27502,1,0,0,31.1
1854894,42.25,43.0,42.7,43.3,0,0,15.68,16.76,28002,1,0,0,31.09
1855400,42.28,43.0,42.7,43.3,0,0,15.73,16.75,28502,1,0,0,31.12
1855906,42.28,43.0,42.7,43.3,0,0,15.73,16.79,29002,1,0,0,31.12
1856412,42.24,43.0,42.7,43.3,0,0,15.77,16.79,29502,1,0,0,31.09
1856918,42.24,43.0,42.7,43.3,0,0,16.01,16.75,30002,1,0,0,31.13
1857424,42.3,43.0,42.7,43.3,0,0,16.01,16.79,30502,1,0,0,31.1
1857930,42.3,43.0,42.7,43.3,0,0,16.01,16.78,31002,1,0,0,31.1
1858436,42.3,43.0,42.7,43.3,0,0,16.01,16.78,31512,1,0,0,31.1
1858942,42.28,43.0,42.7,43.3,0,0,16.35,16.78,32514,1,0,0,31.1
1859448,42.25,43.0,42.7,43.3,0,0,15.99,16.77,33014,1,0,0,31.1
1859954,42.25,43.0,42.7,43.3,0,0,15.99,16.77,33514,1,0,0,31.1
1860460,42.25,43.0,42.7,43.3,0,0,16.33,16.78,34014,1,0,0,31.12
1860966,42.25,43.0,42.7,43.3,0,0,16.33,16.78,34514,1,0,0,31.12
1861472,42.31,43.0,42.7,43.3,0,0,16.74,16.79,35014,1,0,0,31.1
1861978,42.31,43.0,42.7,43.3,0,0,16.74,16.79,35514,1,0,0,31.1
1862484,42.34,43.0,42.7,43.3,0,0,16.61,16.8,36014,1,0,0,31.1
1862990,42.28,43.0,42.7,43.3,0,0,16.85,16.79,36514,1,0,0,31.12
1863496,42.31,43.0,42.7,43.3,0,0,17.02,16.79,37014,1,0,0,31.12
1864002,42.31,43.0,42.7,43.3,0,0,17.02,16.8,37514,1,0,0,31.12
1864508,42.31,43.0,42.7,43.3,0,0,17.02,16.8,38014,1,0,0,31.12
1865014,42.34,43.0,42.7,43.3,0,0,17.09,16.8,38515,1,0,0,31.1
1865520,42.34,43.0,42.7,43.3,0,0,17.11,16.84,39015,1,0,0,31.14
1866026,42.33,43.0,42.7,43.3,0,0,17.09,16.82,39516,1,0,0,31.13
1866532,42.33,43.0,42.7,43.3,0,0,17.09,16.82,40016,1,0,0,31.13
1867038,42.38,43.0,42.7,43.3,0,0,17.26,16.82,40516,1,0,0,31.12
1867544,42.38,43.0,42.7,43.3,0,0,17.26,16.83,41016,1,0,0,31.12
1868050,42.37,43.0,42.7,43.3,0,0,17.26,16.81,41516,1,0,0,31.1
1868556,42.4,43.0,42.7,43.3,0,0,17.5,16.81,42016,1,0,0,31.1
1869062,42.4,43.0,42.7,43.3,0,0,17.5,16.82,42516,1,0,0,31.1
1869568,42.45,43.0,42.7,43.3,0,0,17.5,16.88,43016,1,0,0,31.14
1870074,42.45,43.0,42.7,43.3,0,0,17.5,16.88,43516,1,0,0,31.14
1870580,42.45,43.0,42.7,43.3,0,0,17.5,16.88,44016,1,0,0,31.14
1871086,42.47,43.0,42.7,43.3,0,0,17.91,16.88,44516,1,0,0,31.1
1871592,42.47,43.0,42.7,43.3,0,0,17.91,16.85,45016,1,0,0,31.1
1872098,42.45,43.0,42.7,43.3,0,0,17.91,16.84,45516,1,0,0,31.1
1872604,42.46,43.0,42.7,43.3,0,0,17.82,16.86,46016,1,0,0,31.12
1873110,42.5,43.0,42.7,43.3,0,0,17.88,16.86,46516,1,0,0,31.09
1873616,42.5,43.0,42.7,43.3,0,0,17.88,16.84,47016,1,0,0,31.09
1874122,42.56,43.0,42.7,43.3,0,0,18.04,16.84,47516,1,0,0,31.12
1874628,42.56,43.0,42.7,43.3,0,0,18.04,16.89,48016,1,0,0,31.12
1875134,42.56,43.0,42.7,43.3,0,0,18.04,16.89,48516,1,0,0,31.12
1875640,42.57,43.0,42.7,43.3,0,0,18.36,16.88,49016,1,0,0,31.1
1876146,42.61,43.0,42.7,43.3,0,0,18.36,16.89,49516,1,0,0,31.09
1876652,42.63,43.0,42.7,43.3,0,0,18.27,16.89,50016,1,0,0,31.12
1877158,42.63,43.0,42.7,43.3,0,0,18.27,16.92,50516,1,0,0,31.12
1877664,42.67,43.0,42.7,43.3,0,0,18.49,16.92,51016,1,0,0,31.1
1878170,42.65,43.0,42.7,43.3,0,0,18.51,16.92,51516,1,0,0,31.13
1878676,42.65,43.0,42.7,43.3,0,0,18.51,16.94,52016,1,0,0,31.13
1879182,42.67,43.0,42.7,43.3,0,0,18.44,16.92,52516,1,0,0,31.1
1879688,42.67,43.0,42.7,43.3,0,0,18.44,16.92,53016,1,0,0,31.1
1880194,42.73,43.0,42.7,43.3,1,0,18.6,16.94,0,1,0,0,31.1
1880700,42.73,43.0,42.7,43.3,1,0,18.6,16.94,500,1,0,0,31.1
1881206,42.76,43.0,42.7,43.3,1,0,18.83,16.94,1000,1,0,0,31.1
1881727,42.82,43.0,42.7,43.3,1,0,18.85,16.95,1500,1,0,0,31.1
1882234,42.82,43.0,42.7,43.3,1,0,18.85,16.98,2000,1,0,0,31.1
1882740,42.8,43.0,42.7,43.3,1,0,18.81,16.97,2500,1,0,0,31.1
1883246,42.81,43.0,42.7,43.3,1,0,19.09,16.97,3000,1,0,0,31.13
1883752,42.81,43.0,42.7,43.3,1,0,19.09,17.0,3500,1,0,0,31.13
1884258,42.85,43.0,42.7,43.3,1,0,19.16,17.0,4000,1,0,0,31.13
1884764,42.85,43.0,42.7,43.3,1,0,19.16,17.01,4500,1,0,0,31.13
1885270,42.86,43.0,42.7,43.3,1,0,19.03,16.99,5000,1,0,0,31.1
1885776,42.86,43.0,42.7,43.3,1,0,19.03,16.99,5500,1,0,0,31.1
1886282,42.86,43.0,42.7,43.3,1,0,19.03,16.99,6000,1,0,0,31.1
1886788,42.92,43.0,42.7,43.3,1,0,18.92,17.03,6500,1,0,0,31.12
1887294,43.01,43.0,42.7,43.3,1,0,18.96,17.03,7000,1,0,0,31.12
1887800,42.99,43.0,42.7,43.3,1,0,18.92,17.06,7500,1,0,0,31.1
1888306,42.99,43.0,42.7,43.3,1,0,18.92,17.04,8000,1,0,0,31.1
1888812,43.08,43.0,42.7,43.3,1,0,18.75,17.09,8502,1,0,0,31.12
1889320,43.08,43.0,42.7,43.3,1,0,18.75,17.09,9002,1,0,0,31.12
1889827,43.1,43.0,42.7,43.3,1,0,18.77,17.09,9502,1,0,0,31.13
1890333,43.07,43.0,42.7,43.3,1,0,18.57,17.11,10002,1,0,0,31.13
1890839,43.07,43.0,42.7,43.3,1,0,18.57,17.09,10502,1,0,0,31.13
1891345,43.07,43.0,42.7,43.3,1,0,18.57,17.09,11002,1,0,0,31.13
1891851,43.18,43.0,42.7,43.3,1,0,18.6,17.09,11502,1,0,0,31.1
1892357,43.18,43.0,42.7,43.3,1,0,18.6,17.11,12002,1,0,0,31.1
1892863,43.16,43.0,42.7,43.3,1,0,18.47,17.13,12502,1,0,0,31.13
1893369,43.21,43.0,42.7,43.3,1,0,18.36,17.13,13002,1,0,0,31.1
1893875,43.23,43.0,42.7,43.3,1,0,18.32,17.12,13502,1,0,0,31.1
1894381,43.23,43.0,42.7,43.3,1,0,18.32,17.12,14002,1,0,0,31.1
1894887,43.23,43.0,42.7,43.3,1,0,18.32,17.12,14502,1,0,0,31.1
1895393,43.32,43.0,42.7,43.3,1,0,17.93,17.12,15004,1,0,0,31.1
1895899,43.32,43.0,42.7,43.3,1,0,17.93,17.16,15505,1,0,0,31.1
1896405,43.39,43.0,42.7,43.3,1,0,18.06,17.2,16007,1,0,0,31.12
1896911,43.39,43.0,42.7,43.3,1,0,18.06,17.2,16507,1,0,0,31.12
1897417,43.42,43.0,42.7,43.3,1,0,18.06,17.2,17007,1,0,0,31.13
1897924,43.42,43.0,42.7,43.3,1,0,17.93,17.22,17507,1,0,0,31.12
1898431,43.42,43.0,42.7,43.3,1,0,17.93,17.21,18007,1,0,0,31.12
1898937,43.42,43.0,42.7,43.3,1,0,17.93,17.21,18507,1,0,0,31.12
1899443,43.5,43.0,42.7,43.3,1,0,17.76,17.21,19007,1,0,0,31.1
1899949,43.5,43.0,42.7,43.3,1,0,17.76,17.23,19507,1,0,0,31.1
1900455,43.59,43.0,42.7,43.3,1,0,17.65,17.27,20511,1,0,0,31.12
1900961,43.59,43.0,42.7,43.3,1,0,17.65,17.27,21011,1,0,0,31.12
1901468,43.62,43.0,42.7,43.3,1,0,17.73,17.27,21524,1,0,0,31.1
1901975,43.62,43.0,42.7,43.3,1,0,17.73,17.27,22024,1,0,0,31.1
1902481,43.71,43.0,42.7,43.3,1,0,17.69,17.3,22524,1,0,0,31.1
1902987,43.71,43.0,42.7,43.3,1,0,17.69,17.3,23024,1,0,0,31.1
1903493,43.75,43.0,42.7,43.3,1,0,17.41,17.33,23524,1,0,0,31.12
1903999,43.75,43.0,42.7,43.3,1,0,17.41,17.33,24024,1,0,0,31.12
1904505,43.83,43.0,42.7,43.3,1,0,17.2,17.36,24524,1,0,0,31.12
1905011,43.78,43.0,42.7,43.3,1,0,17.11,17.31,25024,1,0,0,31.09
1905517,43.83,43.0,42.7,43.3,1,0,17.02,17.34,25524,1,0,0,31.1
1906023,43.83,43.0,42.7,43.3,1,0,17.02,17.34,26024,1,0,0,31.1
1906529,43.83,43.0,42.7,43.3,1,0,17.02,17.34,26524,1,0,0,31.1
1907035,43.88,43.0,42.7,43.3,1,0,16.96,17.38,27024,1,0,0,31.12
1907541,43.88,43.0,42.7,43.3,1,0,16.96,17.38,27524,1,0,0,31.12
1908047,43.88,43.0,42.7,43.3,1,0,16.96,17.38,28024,1,0,0,31.12
1908553,43.88,43.0,42.7,43.3,1,0,16.96,17.38,28524,1,0,0,31.12
1909059,43.96,43.0,42.7,43.3,1,0,16.66,17.42,29024,1,0,0,31.13
1909565,43.96,43.0,42.7,43.3,1,0,16.66,17.42,29524,1,0,0,31.13
1910071,44.04,43.0,42.7,43.3,1,0,16.59,17.43,30024,1,0,0,31.12
1910577,44.07,43.0,42.7,43.3,1,0,16.61,17.46,30524,1,0,0,31.13
1911083,44.08,43.0,42.7,43.3,1,0,16.57,17.46,31024,1,0,0,31.13
1911589,44.08,43.0,42.7,43.3,1,0,16.57,17.46,31524,1,0,0,31.13
1912095,44.08,43.0,42.7,43.3,1,0,16.57,17.46,32024,1,0,0,31.13
1912601,44.13,43.0,42.7,43.3,1,0,16.35,17.47,32524,1,0,0,31.12
1913107,44.11,43.0,42.7,43.3,1,0,16.51,17.47,33024,1,0,0,31.13
1913613,44.11,43.0,42.7,43.3,1,0,16.51,17.47,33524,1,0,0,31.13
1914119,44.15,43.0,42.7,43.3,1,0,15.51,17.47,34032,1,1,0,31.12
1914625,44.15,43.0,42.7,43.3,1,0,16.12,17.47,34532,1,1,0,31.13
1915131,44.15,43.0,42.7,43.3,1,0,16.12,17.49,35032,1,0,0,31.13
1915637,44.15,43.0,42.7,43.3,1,0,16.12,17.49,35532,1,0,0,31.13
1916143,44.23,43.0,42.7,43.3,1,0,15.92,17.5,36032,1,1,0,31.12
1916649,44.23,43.0,42.7,43.3,1,0,15.92,17.5,36532,1,1,0,31.12
1917155,44.23,43.0,42.7,43.3,1,0,15.92,17.5,37032,1,1,0,31.12
1917661,44.21,43.0,42.7,43.3,1,0,15.81,17.5,37532,1,1,0,31.12
1918167,44.24,43.0,42.7,43.3,1,0,15.88,17.49,38032,1,1,0,31.1
1918673,44.27,43.0,42.7,43.3,1,0,15.84,17.49,38532,1,1,0,31.12
1919179,44.27,43.0,42.7,43.3,1,0,15.84,17.52,39032,1,1,0,31.12
1919685,44.29,43.0,42.7,43.3,1,0,15.71,17.51,39532,1,1,0,31.1
1920199,44.26,43.0,42.7,43.3,1,0,15.62,17.51,40032,1,1,0,31.1
1920706,44.26,43.0,42.7,43.3,1,0,15.62,17.5,40532,1,1,0,31.1
1921212,44.26,43.0,42.7,43.3,1,0,15.62,17.5,41032,1,1,0,31.1
1921718,44.26,43.0,42.7,43.3,1,0,15.6,17.5,41535,1,1,0,31.1
1922224,44.28,43.0,42.7,43.3,1,0,15.99,17.5,42035,1,1,0,31.1
1922730,44.28,43.0,42.7,43.3,1,0,15.99,17.51,42535,1,1,0,31.1
1923236,44.28,43.0,42.7,43.3,1,0,15.27,17.51,43035,1,1,0,31.1
1923742,44.28,43.0,42.7,43.3,1,0,15.27,17.51,43535,1,1,0,31.1
1924249,44.31,43.0,42.7,43.3,1,0,15.25,17.53,44035,1,1,0,31.12
1924755,44.28,43.0,42.7,43.3,1,0,15.34,17.52,44535,1,1,0,31.12
1925261,44.28,43.0,42.7,43.3,1,0,15.14,17.52,45035,1,1,0,31.13
1925767,44.28,43.0,42.7,43.3,1,0,15.14,17.53,45535,1,1,0,31.13
1926273,44.25,43.0,42.7,43.3,1,0,15.4,17.53,46035,1,1,0,31.1
1926779,44.25,43.0,42.7,43.3,1,0,15.4,17.5,46535,1,1,0,31.1
1927285,44.25,43.0,42.7,43.3,1,0,15.4,17.5,47035,1,1,0,31.1
1927792,44.21,43.0,42.7,43.3,1,0,15.03,17.5,47535,1,1,0,31.1
1928299,44.21,43.0,42.7,43.3,1,0,15.03,17.48,48035,1,1,0,31.1
1928805,44.26,43.0,42.7,43.3,1,0,14.9,17.52,48535,1,1,0,31.13
1929311,44.23,43.0,42.7,43.3,1,0,14.58,17.49,49050,1,1,0,31.1
1929817,44.24,43.0,42.7,43.3,1,0,14.88,17.49,49550,1,1,0,31.12
1930323,44.24,43.0,42.7,43.3,1,0,14.88,17.51,50050,1,1,0,31.12
1930829,44.22,43.0,42.7,43.3,1,0,14.73,17.51,50550,1,1,0,31.13
1931335,44.22,43.0,42.7,43.3,1,0,14.73,17.51,51050,1,1,0,31.13
1931850,44.19,43.0,42.7,43.3,1,0,14.71,17.51,51550,1,1,0,31.1
1932357,44.19,43.0,42.7,43.3,1,0,14.71,17.47,52050,1,1,0,31.1
1932863,44.19,43.0,42.7,43.3,1,0,14.71,17.47,52550,1,1,0,31.1
1933369,44.19,43.0,42.7,43.3,1,0,14.77,17.47,53050,1,1,0,31.1
1933875,44.19,43.0,42.7,43.3,1,0,14.77,17.47,53550,1,1,0,31.1
1934381,44.17,43.0,42.7,43.3,1,0,14.49,17.47,54050,1,1,0,31.12
1934887,44.13,43.0,42.7,43.3,1,0,14.38,17.48,54550,1,1,0,31.1
1935406,44.12,43.0,42.7,43.3,1,0,14.36,17.45,55050,1,1,0,31.1
1935913,44.12,43.0,42.7,43.3,1,0,14.36,17.45,55550,1,1,0,31.1
1936419,44.12,43.0,42.7,43.3,1,0,14.21,17.45,56053,1,1,0,31.09
1936925,44.12,43.0,42.7,43.3,1,0,14.21,17.44,56554,1,1,0,31.09
1937431,44.12,43.0,42.7,43.3,1,0,14.21,17.44,57054,1,1,0,31.09
1937937,44.1,43.0,42.7,43.3,1,0,14.19,17.44,57554,1,1,0,31.1
1938443,44.12,43.0,42.7,43.3,1,0,14.17,17.44,58054,1,1,0,31.1
1938949,44.02,43.0,42.7,43.3,1,0,14.14,17.45,58554,1,1,0,31.1
1939455,44.02,43.0,42.7,43.3,1,0,14.14,17.41,59054,1,1,0,31.1
1939961,44.04,43.0,42.7,43.3,1,0,13.56,17.41,59554,1,1,0,31.1
1940467,44.01,43.0,42.7,43.3,1,0,13.95,17.42,60054,1,1,0,31.12
1940973,44.02,43.0,42.7,43.3,1,0,14.01,17.42,60554,1,1,0,31.1
1941479,44.02,43.0,42.7,43.3,1,0,14.01,17.41,61054,1,1,0,31.1
1941985,43.98,43.0,42.7,43.3,1,0,13.84,17.41,61554,1,1,0,31.09
1942491,43.98,43.0,42.7,43.3,1,0,13.84,17.39,62054,1,1,0,31.09
1942997,43.96,43.0,42.7,43.3,1,0,13.8,17.39,62554,1,1,0,31.12
1943503,43.9,43.0,42.7,43.3,1,0,13.77,17.37,63559,1,1,0,31.1
1944009,43.92,43.0,42.7,43.3,1,0,13.88,17.39,64059,1,1,0,31.12
1944515,43.92,43.0,42.7,43.3,1,0,13.88,17.39,64559,1,1,0,31.12
1945021,43.88,43.0,42.7,43.3,1,0,13.73,17.36,65060,1,1,0,31.1
1945527,43.84,43.0,42.7,43.3,1,0,13.69,17.35,65562,1,1,0,31.1
1946033,43.84,43.0,42.7,43.3,1,0,13.69,17.35,66062,1,1,0,31.1
1946539,43.84,43.0,42.7,43.3,1,0,13.58,17.36,66562,1,1,0,31.12
1947045,43.84,43.0,42.7,43.3,1,0,13.58,17.36,67062,1,1,0,31.12
1947551,43.84,43.0,42.7,43.3,1,0,13.51,17.34,67562,1,1,0,31.09
1948057,43.77,43.0,42.7,43.3,1,0,13.6,17.32,68062,1,1,0,31.1
1948563,43.77,43.0,42.7,43.3,1,0,13.6,17.32,68562,1,1,0,31.1
1949069,43.77,43.0,42.7,43.3,1,0,13.6,17.32,69062,1,1,0,31.1
1949575,43.71,43.0,42.7,43.3,1,0,13.51,17.3,69562,1,1,0,31.1
1950081,43.71,43.0,42.7,43.3,1,0,13.51,17.3,70062,1,1,0,31.1
1950587,43.71,43.0,42.7,43.3,1,0,13.27,17.33,70562,1,1,0,31.13
1951093,43.69,43.0,42.7,43.3,1,0,13.29,17.27,71062,1,1,0,31.07
1951599,43.69,43.0,42.7,43.3,1,0,13.29,17.27,71563,1,1,0,31.07
1952105,43.69,43.0,42.7,43.3,1,0,13.29,17.27,72063,1,1,0,31.07
1952611,43.65,43.0,42.7,43.3,1,0,13.07,17.28,72563,1,1,0,31.1
1953117,43.65,43.0,42.7,43.3,1,0,13.07,17.28,73063,1,1,0,31.1
1953623,43.58,43.0,42.7,43.3,1,0,13.16,17.27,73563,1,1,0,31.12
1954129,43.54,43.0,42.7,43.3,1,0,13.1,17.25,74063,1,1,0,31.12
1954635,43.54,43.0,42.7,43.3,1,0,13.1,17.25,74563,1,1,0,31.12
1955141,43.54,43.0,42.7,43.3,1,0,13.1,17.25,75063,1,1,1,31.12
1955648,43.54,43.0,42.7,43.3,1,0,13.1,17.25,75563,1,1,1,31.12
1956154,43.52,43.0,42.7,43.3,1,0,12.99,17.25,76063,1,1,1,31.09
1956660,43.52,43.0,42.7,43.3,1,0,12.99,17.22,76563,1,1,1,31.09
1957166,43.52,43.0,42.7,43.3,1,0,12.99,17.22,77063,1,1,1,31.09
1957672,43.4,43.0,42.7,43.3,1,0,12.92,17.18,77563,1,1,1,31.09
1958178,43.39,43.0,42.7,43.3,1,0,12.9,17.17,78063,1,1,1,31.09
1958684,43.36,43.0,42.7,43.3,1,0,12.92,17.19,78563,1,1,1,31.12
1959191,43.34,43.0,42.7,43.3,1,0,12.96,17.19,79063,1,1,1,31.1
1959698,43.34,43.0,42.7,43.3,1,0,12.96,17.17,79563,1,1,1,31.1
1960204,43.26,43.0,42.7,43.3,0,0,12.79,17.12,0,1,1,0,31.09
1960710,43.26,43.0,42.7,43.3,0,0,12.79,17.12,500,1,1,0,31.09
1961216,43.23,43.0,42.7,43.3,0,0,12.85,17.11,1000,1,1,0,31.09
1961722,43.24,43.0,42.7,43.3,0,0,12.64,17.12,1500,1,1,0,31.09
1962228,43.24,43.0,42.7,43.3,0,0,12.64,17.12,2000,1,1,0,31.09
1962747,43.18,43.0,42.7,43.3,0,0,12.83,17.12,2500,1,1,0,31.1
1963254,43.18,43.0,42.7,43.3,0,0,12.83,17.11,3000,1,1,0,31.1
1963760,43.08,43.0,42.7,43.3,0,0,12.66,17.11,3500,1,1,0,31.1
1964266,43.08,43.0,42.7,43.3,0,0,12.66,17.07,4000,1,1,0,31.1
1964772,43.08,43.0,42.7,43.3,0,0,12.66,17.07,4500,1,1,0,31.1
1965278,43.08,43.0,42.7,43.3,0,0,12.66,17.07,5000,1,1,0,31.1
1965785,43.05,43.0,42.7,43.3,0,0,12.85,17.07,5500,1,1,0,31.09
1966292,43.05,43.0,42.7,43.3,0,0,12.85,17.05,6000,1,1,0,31.09
1966798,43.05,43.0,42.7,43.3,0,0,12.85,17.05,6500,1,1,0,31.09
1967304,42.98,43.0,42.7,43.3,0,0,12.94,17.03,7000,1,1,0,31.1
1967810,42.98,43.0,42.7,43.3,0,0,12.94,17.03,7500,1,1,0,31.1
1968316,42.96,43.0,42.7,43.3,0,0,12.9,17.03,8000,1,1,0,31.1
1968822,42.96,43.0,42.7,43.3,0,0,12.9,17.03,8500,1,1,0,31.1
1969328,42.89,43.0,42.7,43.3,0,0,13.03,17.0,9000,1,1,0,31.1
1969834,42.86,43.0,42.7,43.3,0,0,13.29,17.0,9500,1,1,0,31.1
1970341,42.81,43.0,42.7,43.3,0,0,13.18,16.99,10000,1,1,0,31.12
1970848,42.81,43.0,42.7,43.3,0,0,13.18,16.99,10500,1,1,0,31.12
1971354,42.78,43.0,42.7,43.3,0,0,13.29,16.99,11000,1,1,0,31.1
1971860,42.78,43.0,42.7,43.3,0,0,13.29,16.96,11500,1,1,0,31.1
1972366,42.76,43.0,42.7,43.3,0,0,13.42,16.96,12000,1,1,0,31.1
1972872,42.72,43.0,42.7,43.3,0,0,13.38,16.95,12500,1,1,0,31.09
1973378,42.72,43.0,42.7,43.3,0,0,13.38,16.93,13000,1,1,0,31.09
1973884,42.69,43.0,42.7,43.3,0,0,14.34,16.93,13500,1,1,0,31.1
1974390,42.66,43.0,42.7,43.3,0,0,13.77,16.92,14004,1,1,0,31.1
1974896,42.67,43.0,42.7,43.3,0,0,13.75,16.92,14504,1,1,0,31.1
1975402,42.61,43.0,42.7,43.3,0,0,14.01,16.92,15004,1,1,0,31.1
1975908,42.61,43.0,42.7,43.3,0,0,14.01,16.9,15504,1,1,0,31.1
1976414,42.6,43.0,42.7,43.3,0,0,13.93,16.9,16004,1,1,0,31.1
1976920,42.6,43.0,42.7,43.3,0,0,13.93,16.9,16504,1,1,0,31.1
1977426,42.53,43.0,42.7,43.3,0,0,14.17,16.88,17004,1,1,0,31.12
1977932,42.55,43.0,42.7,43.3,0,0,14.12,16.88,17504,1,1,0,31.12
1978438,42.55,43.0,42.7,43.3,0,0,14.12,16.89,18004,1,1,0,31.12
1978944,42.5,43.0,42.7,43.3,0,0,14.23,16.86,18504,1,1,0,31.1
1979450,42.51,43.0,42.7,43.3,0,0,14.47,16.86,19004,1,1,0,31.1
1979960,42.5,43.0,42.7,43.3,0,0,14.51,16.86,19504,1,1,0,31.12
1980467,42.5,43.0,42.7,43.3,0,0,14.51,16.87,20004,1,1,0,31.12
1980973,42.41,43.0,42.7,43.3,0,0,14.56,16.87,20504,1,1,0,31.09
1981479,42.41,43.0,42.7,43.3,0,0,14.56,16.81,21004,1,1,0,31.09
1981985,42.41,43.0,42.7,43.3,0,0,14.56,16.81,21504,1,1,0,31.09
1982491,42.37,43.0,42.7,43.3,0,0,14.99,16.81,22004,1,1,0,31.1
1982997,42.37,43.0,42.7,43.3,0,0,14.99,16.81,22504,1,1,0,31.1
1983503,42.41,43.0,42.7,43.3,0,0,15.14,16.81,23004,1,1,0,31.1
1984009,42.43,43.0,42.7,43.3,0,0,15.08,16.83,23506,1,1,0,31.1
1984516,42.4,43.0,42.7,43.3,0,0,15.16,16.83,24012,1,1,0,31.1
1985023,42.4,43.0,42.7,43.3,0,0,15.16,16.82,24520,1,1,0,31.1
1985529,42.35,43.0,42.7,43.3,0,0,15.21,16.8,25522,1,1,0,31.1
1986035,42.35,43.0,42.7,43.3,0,0,15.21,16.8,26022,1,1,0,31.1
1986541,42.32,43.0,42.7,43.3,0,0,15.4,16.78,26522,1,0,0,31.09
1987047,42.32,43.0,42.7,43.3,0,0,15.4,16.78,27022,1,0,0,31.09
1987553,42.33,43.0,42.7,43.3,0,0,15.55,16.81,27522,1,0,0,31.12
1988073,42.31,43.0,42.7,43.3,0,0,15.66,16.81,28022,1,0,0,31.1
1988580,42.31,43.0,42.7,43.3,0,0,15.66,16.79,28522,1,0,0,31.1
1989086,42.31,43.0,42.7,43.3,0,0,15.66,16.79,29022,1,0,0,31.1
1989592,42.34,43.0,42.7,43.3,0,0,15.84,16.79,29522,1,0,0,31.1
1990098,42.34,43.0,42.7,43.3,0,0,15.84,16.8,30022,1,0,0,31.1
1990604,42.36,43.0,42.7,43.3,0,0,15.94,16.8,30522,1,0,0,31.09
1991110,42.32,43.0,42.7,43.3,0,0,16.01,16.79,31022,1,0,0,31.1
1991616,42.35,43.0,42.7,43.3,0,0,15.45,16.8,31522,1,0,0,31.1
1992122,42.34,43.0,42.7,43.3,0,0,16.59,16.8,32027,1,0,0,31.1
1992632,42.35,43.0,42.7,43.3,0,0,16.42,16.8,32527,1,0,0,31.12
1993139,42.35,43.0,42.7,43.3,0,0,16.42,16.82,33027,1,0,0,31.12
1993645,42.3,43.0,42.7,43.3,0,0,16.35,16.78,33527,1,0,0,31.1
1994151,42.31,43.0,42.7,43.3,0,0,16.55,16.78,34027,1,0,0,31.09
1994657,42.31,43.0,42.7,43.3,0,0,16.55,16.77,34527,1,0,0,31.09
1995163,42.38,43.0,42.7,43.3,0,0,16.92,16.8,35027,1,0,0,31.09
1995669,42.31,43.0,42.7,43.3,0,0,16.7,16.8,35527,1,0,0,31.12
1996175,42.31,43.0,42.7,43.3,0,0,16.7,16.8,36027,1,0,0,31.12
1996681,42.38,43.0,42.7,43.3,0,0,16.85,16.8,36527,1,0,0,31.09
1997187,42.38,43.0,42.7,43.3,0,0,16.85,16.8,37027,1,0,0,31.09
1997693,42.38,43.0,42.7,43.3,0,0,16.85,16.8,37527,1,0,0,31.09
1998199,42.38,43.0,42.7,43.3,0,0,16.85,16.8,38027,1,0,0,31.09
1998705,42.41,43.0,42.7,43.3,0,0,17.07,16.81,38527,1,0,0,31.09
1999211,42.41,43.0,42.7,43.3,0,0,17.07,16.81,39027,1,0,0,31.09
1999717,42.41,43.0,42.7,43.3,0,0,17.07,16.81,39527,1,0,0,31.09
2000223,42.43,43.0,42.7,43.3,0,0,17.24,16.85,40028,1,0,0,31.12
2000729,42.43,43.0,42.7,43.3,0,0,17.24,16.85,40528,1,0,0,31.12
2001235,42.46,43.0,42.7,43.3,0,0,17.69,16.86,41028,1,0,0,31.12
2001741,42.46,43.0,42.7,43.3,0,0,17.69,16.86,41528,1,0,0,31.12
2002247,42.45,43.0,42.7,43.3,0,0,17.41,16.84,42028,1,0,0,31.1
2002753,42.45,43.0,42.7,43.3,0,0,17.41,16.84,42528,1,0,0,31.1
2003259,42.5,43.0,42.7,43.3,0,0,17.65,16.84,43028,1,0,0,31.09
2003765,42.5,43.0,42.7,43.3,0,0,17.65,16.84,43528,1,0,0,31.09
2004272,42.5,43.0,42.7,43.3,0,0,17.65,16.84,44028,1,0,0,31.09
2004778,42.51,43.0,42.7,43.3,0,0,17.8,16.86,44528,1,0,0,31.1
2005284,42.58,43.0,42.7,43.3,0,0,17.84,16.86,45028,1,0,0,31.13
2005790,42.58,43.0,42.7,43.3,0,0,17.84,16.91,45528,1,0,0,31.13
2006296,42.57,43.0,42.7,43.3,0,0,17.95,16.91,46028,1,0,0,31.09
2006802,42.57,43.0,42.7,43.3,0,0,17.95,16.87,46528,1,0,0,31.09
2007308,42.6,43.0,42.7,43.3,0,0,18.08,16.9,47028,1,0,0,31.1
2007814,42.6,43.0,42.7,43.3,0,0,18.08,16.9,47528,1,0,0,31.1
2008320,42.6,43.0,42.7,43.3,0,0,18.19,16.9,48028,1,0,0,31.1
2008826,42.6,43.0,42.7,43.3,0,0,18.19,16.9,48528,1,0,0,31.1
2009332,42.6,43.0,42.7,43.3,0,0,18.19,16.9,49028,1,0,0,31.1
2009838,42.63,43.0,42.7,43.3,0,0,18.34,16.92,49528,1,0,0,31.12
2010344,42.69,43.0,42.7,43.3,0,0,18.32,16.92,50028,1,0,0,31.12
2010850,42.64,43.0,42.7,43.3,0,0,18.32,16.94,50528,1,0,0,31.12
2011356,42.64,43.0,42.7,43.3,0,0,18.32,16.93,51028,1,0,0,31.12
2011862,42.75,43.0,42.7,43.3,0,0,18.44,16.93,51528,1,0,0,31.12
2012368,42.76,43.0,42.7,43.3,1,0,18.6,16.96,0,1,0,0,31.12
2012874,42.76,43.0,42.7,43.3,1,0,18.6,16.97,500,1,0,0,31.12
2013380,42.76,43.0,42.7,43.3,1,0,18.77,16.97,1000,1,0,0,31.12
2013886,42.8,43.0,42.7,43.3,1,0,18.68,16.97,1500,1,0,0,31.1
2014392,42.8,43.0,42.7,43.3,1,0,18.68,16.97,2000,1,0,0,31.1
2014898,42.8,43.0,42.7,43.3,1,0,18.94,16.97,2500,1,0,0,31.09
2015404,42.8,43.0,42.7,43.3,1,0,18.94,16.96,3000,1,0,0,31.09
2015910,42.8,43.0,42.7,43.3,1,0,18.94,16.96,3500,1,0,0,31.09
2016416,42.9,43.0,42.7,43.3,1,0,18.92,16.96,4000,1,0,0,31.07
2016922,42.9,43.0,42.7,43.3,1,0,18.92,16.98,4500,1,0,0,31.07
2017428,42.9,43.0,42.7,43.3,1,0,18.92,16.98,5000,1,0,0,31.07
2017934,42.9,43.0,42.7,43.3,1,0,18.92,16.98,5500,1,0,0,31.07
2018440,42.9,43.0,42.7,43.3,1,0,18.92,16.98,6000,1,0,0,31.07
2018946,42.95,43.0,42.7,43.3,1,0,18.77,16.98,6500,1,0,0,31.12
2019452,43.0,43.0,42.7,43.3,1,0,18.81,17.04,7000,1,0,0,31.14
2019958,43.0,43.0,42.7,43.3,1,0,18.81,17.08,7500,1,0,0,31.14
2020464,43.03,43.0,42.7,43.3,1,0,18.77,17.08,8000,1,0,0,31.12
2020970,43.08,43.0,42.7,43.3,1,0,18.49,17.07,8500,1,0,0,31.1
2021476,43.08,43.0,42.7,43.3,1,0,18.49,17.07,9000,1,0,0,31.1
2021982,43.03,43.0,42.7,43.3,1,0,18.51,17.07,9500,1,0,0,31.13
2022488,43.13,43.0,42.7,43.3,1,0,18.55,17.08,10000,1,0,0,31.1
2022994,43.13,43.0,42.7,43.3,1,0,18.55,17.09,10500,1,0,0,31.1
2023500,43.16,43.0,42.7,43.3,1,0,18.44,17.09,11000,1,0,0,31.1
2024006,43.16,43.0,42.7,43.3,1,0,18.44,17.1,11500,1,0,0,31.1
2024512,43.16,43.0,42.7,43.3,1,0,18.36,17.1,12000,1,0,0,31.1
2025018,43.23,43.0,42.7,43.3,1,0,18.38,17.1,12500,1,0,0,31.1
2025524,43.24,43.0,42.7,43.3,1,0,18.36,17.12,13000,1,0,0,31.12
2026030,43.24,43.0,42.7,43.3,1,0,18.36,17.15,13500,1,0,0,31.12
2026536,43.27,43.0,42.7,43.3,1,0,18.34,17.15,14001,1,0,0,31.1
2027042,43.28,43.0,42.7,43.3,1,0,18.14,17.15,15007,1,0,0,31.1
2027549,43.31,43.0,42.7,43.3,1,0,17.99,17.14,15514,1,0,0,31.09
2028056,43.31,43.0,42.7,43.3,1,0,17.99,17.14,16014,1,0,0,31.09
2028562,43.39,43.0,42.7,43.3,1,0,17.82,17.16,16514,1,0,0,31.07
2029068,43.39,43.0,42.7,43.3,1,0,17.82,17.16,17014,1,0,0,31.07
2029574,43.45,43.0,42.7,43.3,1,0,17.26,17.23,17514,1,0,0,31.13
2030080,43.4,43.0,42.7,43.3,1,0,17.73,17.2,18014,1,0,0,31.12
2030586,43.4,43.0,42.7,43.3,1,0,17.73,17.2,18514,1,0,0,31.12
2031092,43.48,43.0,42.7,43.3,1,0,17.63,17.22,19014,1,0,0,31.1
2031598,43.48,43.0,42.7,43.3,1,0,17.63,17.22,19514,1,0,0,31.1
2032104,43.56,43.0,42.7,43.3,1,0,17.11,17.26,20014,1,0,0,31.12
2032610,43.56,43.0,42.7,43.3,1,0,17.67,17.25,20514,1,0,0,31.1
2033116,43.56,43.0,42.7,43.3,1,0,17.67,17.25,21014,1,0,0,31.1
2033622,43.65,43.0,42.7,43.3,1,0,17.41,17.28,21514,1,0,0,31.1
2034128,43.71,43.0,42.7,43.3,1,0,17.43,17.3,22014,1,0,0,31.1
2034634,43.72,43.0,42.7,43.3,1,0,17.39,17.3,22514,1,0,0,31.1
2035140,43.72,43.0,42.7,43.3,1,0,17.39,17.31,23014,1,0,0,31.1
2035646,43.72,43.0,42.7,43.3,1,0,17.39,17.31,23514,1,0,0,31.1
2036152,43.7,43.0,42.7,43.3,1,0,17.2,17.32,24014,1,0,0,31.13
2036658,43.7,43.0,42.7,43.3,1,0,17.2,17.32,24514,1,0,0,31.13
2037164,43.77,43.0,42.7,43.3,1,0,17.02,17.34,25014,1,0,0,31.12
2037670,43.77,43.0,42.7,43.3,1,0,17.02,17.34,25514,1,0,0,31.12
2038176,43.77,43.0,42.7,43.3,1,0,17.02,17.34,26014,1,0,0,31.12
2038682,43.82,43.0,42.7,43.3,1,0,16.87,17.33,26514,1,0,0,31.09
2039189,43.88,43.0,42.7,43.3,1,0,16.68,17.33,27014,1,0,0,31.1
2039696,43.88,43.0,42.7,43.3,1,0,16.68,17.36,27514,1,0,0,31.1
2040202,43.88,43.0,42.7,43.3,1,0,16.68,17.36,28014,1,0,0,31.1
2040708,43.96,43.0,42.7,43.3,1,0,16.7,17.39,28514,1,0,0,31.1
2041214,43.96,43.0,42.7,43.3,1,0,16.7,17.39,29014,1,0,0,31.1
2041720,44.0,43.0,42.7,43.3,1,0,16.05,17.42,29514,1,0,0,31.12
2042226,44.02,43.0,42.7,43.3,1,0,16.61,17.41,30016,1,0,0,31.1
2042732,44.02,43.0,42.7,43.3,1,0,16.61,17.41,30516,1,0,0,31.1
2043239,44.01,43.0,42.7,43.3,1,0,16.4,17.41,31016,1,0,0,31.1
2043745,44.12,43.0,42.7,43.3,1,0,16.51,17.45,31516,1,0,0,31.1
2044251,44.06,43.0,42.7,43.3,1,0,16.42,17.45,32016,1,0,0,31.1
2044757,44.08,43.0,42.7,43.3,1,0,16.61,17.43,32516,1,0,0,31.12
2045263,44.08,43.0,42.7,43.3,1,0,16.61,17.45,33016,1,0,0,31.12
2045769,44.12,43.0,42.7,43.3,1,0,16.38,17.48,33516,1,0,0,31.13
2046275,44.12,43.0,42.7,43.3,1,0,16.59,17.48,34016,1,0,0,31.12
2046781,44.12,43.0,42.7,43.3,1,0,16.59,17.46,34516,1,0,0,31.12
2047296,44.13,43.0,42.7,43.3,1,0,15.94,17.46,35016,1,0,0,31.1
2047803,44.13,43.0,42.7,43.3,1,0,15.94,17.45,35516,1,1,0,31.1
2048309,44.23,43.0,42.7,43.3,1,0,15.71,17.45,36016,1,1,0,31.1
2048815,44.23,43.0,42.7,43.3,1,0,15.71,17.49,36516,1,1,0,31.1
2049321,44.21,43.0,42.7,43.3,1,0,15.9,17.49,37016,1,1,0,31.1
2049827,44.16,43.0,42.7,43.3,1,0,15.9,17.48,37516,1,1,0,31.1
2050333,44.16,43.0,42.7,43.3,1,0,15.9,17.46,38016,1,1,0,31.1
2050839,44.23,43.0,42.7,43.3,1,0,15.81,17.46,38516,1,1,0,31.1
2051345,44.23,43.0,42.7,43.3,1,0,15.81,17.49,39017,1,1,0,31.1
2051851,44.23,43.0,42.7,43.3,1,0,15.81,17.49,39517,1,1,0,31.1
2052357,44.19,43.0,42.7,43.3,1,0,15.55,17.46,40017,1,1,0,31.09
2052863,44.19,43.0,42.7,43.3,1,0,15.55,17.46,40517,1,1,0,31.09
2053369,44.21,43.0,42.7,43.3,1,0,15.45,17.46,41017,1,1,0,31.1
2053875,44.21,43.0,42.7,43.3,1,0,15.45,17.48,41517,1,1,0,31.1
2054381,44.21,43.0,42.7,43.3,1,0,15.45,17.48,42017,1,1,0,31.1
2054887,44.25,43.0,42.7,43.3,1,0,15.42,17.48,42517,1,1,0,31.12
2055393,44.23,43.0,42.7,43.3,1,0,15.25,17.51,43017,1,1,0,31.1
2055899,44.23,43.0,42.7,43.3,1,0,15.25,17.49,43517,1,1,0,31.1
2056405,44.27,43.0,42.7,43.3,1,0,15.14,17.49,44017,1,1,0,31.12
2056911,44.27,43.0,42.7,43.3,1,0,15.14,17.52,44517,1,1,0,31.12
2057417,44.27,43.0,42.7,43.3,1,0,15.14,17.52,45017,1,1,0,31.12
2057923,44.27,43.0,42.7,43.3,1,0,15.14,17.52,45517,1,1,0,31.12
2058429,44.24,43.0,42.7,43.3,1,0,15.19,17.52,46017,1,1,0,31.1
2058935,44.26,43.0,42.7,43.3,1,0,14.95,17.49,46517,1,1,0,31.07
2059441,44.26,43.0,42.7,43.3,1,0,14.95,17.48,47017,1,1,0,31.07
2059947,44.21,43.0,42.7,43.3,1,0,14.93,17.48,47517,1,1,0,31.1
2060453,44.21,43.0,42.7,43.3,1,0,14.93,17.48,48017,1,1,0,31.1
2060959,44.24,43.0,42.7,43.3,1,0,14.95,17.48,48517,1,1,0,31.12
2061465,44.24,43.0,42.7,43.3,1,0,14.95,17.51,49017,1,1,0,31.12
2061971,44.17,43.0,42.7,43.3,1,0,14.82,17.51,49517,1,1,0,31.1
2062477,44.19,43.0,42.7,43.3,1,0,14.75,17.47,50017,1,1,0,31.1
2062983,44.19,43.0,42.7,43.3,1,0,14.75,17.47,50517,1,1,0,31.1
2063489,44.2,43.0,42.7,43.3,1,0,14.86,17.48,51020,1,1,0,31.1
2063995,44.2,43.0,42.7,43.3,1,0,14.86,17.48,51520,1,1,0,31.1
2064501,44.15,43.0,42.7,43.3,1,0,14.54,17.48,52020,1,1,0,31.12
2065007,44.17,43.0,42.7,43.3,1,0,14.47,17.47,52520,1,1,0,31.12
2065513,44.14,43.0,42.7,43.3,1,0,14.4,17.48,53020,1,1,0,31.07
2066019,44.13,43.0,42.7,43.3,1,0,14.51,17.43,53520,1,1,0,31.1
2066525,44.13,43.0,42.7,43.3,1,0,14.51,17.45,54020,1,1,0,31.1
2067031,44.1,43.0,42.7,43.3,1,0,14.49,17.45,54520,1,1,0,31.1
2067537,44.09,43.0,42.7,43.3,1,0,14.43,17.44,55020,1,1,0,31.1
2068043,44.09,43.0,42.7,43.3,1,0,14.19,17.44,55520,1,1,0,31.12
2068549,44.09,43.0,42.7,43.3,1,0,14.19,17.45,56020,1,1,0,31.12
2069055,44.05,43.0,42.7,43.3,1,0,14.21,17.41,57020,1,1,0,31.09
2069561,44.05,43.0,42.7,43.3,1,0,13.95,17.42,57520,1,1,0,31.1
2070067,44.02,43.0,42.7,43.3,1,0,14.12,17.4,58020,1,1,0,31.09
2070573,44.02,43.0,42.7,43.3,1,0,14.12,17.4,58520,1,1,0,31.09
2071079,44.04,43.0,42.7,43.3,1,0,14.14,17.42,59020,1,1,0,31.1
2071585,44.04,43.0,42.7,43.3,1,0,14.14,17.42,59520,1,1,0,31.1
2072091,44.04,43.0,42.7,43.3,1,0,14.14,17.42,60021,1,1,0,31.1
2072597,43.96,43.0,42.7,43.3,1,0,13.95,17.42,60521,1,1,0,31.13
2073103,43.96,43.0,42.7,43.3,1,0,13.95,17.42,61021,1,1,0,31.13
2073609,43.94,43.0,42.7,43.3,1,0,13.99,17.39,61521,1,1,0,31.1
2074115,43.94,43.0,42.7,43.3,1,0,13.99,17.39,62021,1,1,0,31.1
2074621,43.94,43.0,42.7,43.3,1,0,13.99,17.39,62521,1,1,0,31.1
2075127,43.92,43.0,42.7,43.3,1,0,13.71,17.39,63021,1,1,0,31.12
2075633,43.9,43.0,42.7,43.3,1,0,13.71,17.38,63521,1,1,0,31.12
2076139,43.9,43.0,42.7,43.3,1,0,13.71,17.38,64021,1,1,0,31.12
2076645,43.9,43.0,42.7,43.3,1,0,13.71,17.38,64521,1,1,0,31.12
2077151,43.87,43.0,42.7,43.3,1,0,13.97,17.37,65021,1,1,0,31.12
2077657,43.81,43.0,42.7,43.3,1,0,12.94,17.34,65521,1,1,0,31.1
2078163,43.81,43.0,42.7,43.3,1,0,12.94,17.34,66021,1,1,0,31.1
2078669,43.75,43.0,42.7,43.3,1,0,13.01,17.32,66521,1,1,0,31.1
2079175,43.75,43.0,42.7,43.3,1,0,13.01,17.32,67021,1,1,0,31.1
2079681,43.74,43.0,42.7,43.3,1,0,13.45,17.33,67521,1,1,0,31.12
2080187,43.75,43.0,42.7,43.3,1,0,13.27,17.33,68021,1,1,0,31.12
2080693,43.75,43.0,42.7,43.3,1,0,13.27,17.33,68521,1,1,0,31.12
2081199,43.69,43.0,42.7,43.3,1,0,13.42,17.33,69021,1,1,0,31.1
2081705,43.69,43.0,42.7,43.3,1,0,13.42,17.29,69521,1,1,0,31.1
2082211,43.68,43.0,42.7,43.3,1,0,13.51,17.29,70021,1,1,0,31.1
2082717,43.68,43.0,42.7,43.3,1,0,13.51,17.29,70521,1,1,0,31.1
2083223,43.62,43.0,42.7,43.3,1,0,13.38,17.26,71021,1,1,0,31.09
2083729,43.62,43.0,42.7,43.3,1,0,13.38,17.26,71521,1,1,0,31.09
2084235,43.62,43.0,42.7,43.3,1,0,13.38,17.26,72021,1,1,0,31.09
2084741,43.58,43.0,42.7,43.3,1,0,13.25,17.26,72523,1,1,0,31.09
2085247,43.58,43.0,42.7,43.3,1,0,13.25,17.24,73024,1,1,0,31.09
2085753,43.52,43.0,42.7,43.3,1,0,13.07,17.23,73524,1,1,0,31.1
2086259,43.46,43.0,42.7,43.3,1,0,13.07,17.21,74031,1,1,0,31.1
2086765,43.46,43.0,42.7,43.3,1,0,13.07,17.21,74531,1,1,0,31.1
2087271,43.46,43.0,42.7,43.3,1,0,13.07,17.21,75031,1,1,1,31.1
2087777,43.43,43.0,42.7,43.3,1,0,12.99,17.18,75531,1,1,1,31.07
2088283,43.43,43.0,42.7,43.3,1,0,12.94,17.22,76031,1,1,1,31.12
2088789,43.43,43.0,42.7,43.3,1,0,12.94,17.22,76531,1,1,1,31.12
2089295,43.37,43.0,42.7,43.3,1,0,12.92,17.17,77031,1,1,1,31.09
2089801,43.37,43.0,42.7,43.3,1,0,12.92,17.17,77531,1,1,1,31.09
2090307,43.31,43.0,42.7,43.3,1,0,12.94,17.13,78031,1,1,1,31.07
2090813,43.31,43.0,42.7,43.3,1,0,12.94,17.13,78531,1,1,1,31.07
2091319,43.27,43.0,42.7,43.3,1,0,12.9,17.13,79031,1,1,1,31.12
2091825,43.27,43.0,42.7,43.3,0,0,12.9,17.16,0,1,1,0,31.12
2092331,43.23,43.0,42.7,43.3,0,0,12.72,17.14,506,1,1,0,31.12
2092837,43.23,43.0,42.7,43.3,0,0,12.83,17.14,1006,1,1,0,31.12
2093343,43.23,43.0,42.7,43.3,0,0,12.83,17.14,1506,1,1,0,31.12
2093849,43.23,43.0,42.7,43.3,0,0,12.75,17.12,2006,1,1,0,31.1
2094355,43.16,43.0,42.7,43.3,0,0,12.79,17.12,2506,1,1,0,31.1
2094861,43.16,43.0,42.7,43.3,0,0,12.79,17.1,3006,1,1,0,31.1
2095367,43.11,43.0,42.7,43.3,0,0,12.88,17.07,3506,1,1,0,31.09
2095873,43.05,43.0,42.7,43.3,0,0,12.64,17.07,4006,1,1,0,31.09
2096379,43.05,43.0,42.7,43.3,0,0,12.64,17.05,4506,1,1,0,31.09
2096885,43.05,43.0,42.7,43.3,0,0,12.64,17.05,5006,1,1,0,31.09
2097391,43.04,43.0,42.7,43.3,0,0,12.83,17.06,5506,1,1,0,31.1
2097897,43.04,43.0,42.7,43.3,0,0,12.83,17.06,6006,1,1,0,31.1
2098404,43.01,43.0,42.7,43.3,0,0,12.94,17.05,6506,1,1,0,31.1
2098910,42.93,43.0,42.7,43.3,0,0,12.85,17.05,7006,1,1,0,31.07
2099416,42.88,43.0,42.7,43.3,0,0,12.94,16.99,7506,1,1,0,31.1
2099922,42.88,43.0,42.7,43.3,0,0,12.94,17.0,8006,1,1,0,31.1
2100428,42.88,43.0,42.7,43.3,0,0,12.94,17.0,8506,1,1,0,31.1
2100934,42.85,43.0,42.7,43.3,0,0,13.14,16.96,9007,1,1,0,31.07
2101440,42.85,43.0,42.7,43.3,0,0,13.14,16.96,9507,1,1,0,31.07
2101947,42.82,43.0,42.7,43.3,0,0,13.34,16.96,10007,1,1,0,31.1
2102454,42.82,43.0,42.7,43.3,0,0,13.34,16.98,10507,1,1,0,31.1
2102960,42.82,43.0,42.7,43.3,0,0,13.34,16.98,11007,1,1,0,31.1
2103466,42.74,43.0,42.7,43.3,0,0,13.49,16.98,11507,1,1,0,31.09
2103972,42.73,43.0,42.7,43.3,0,0,13.42,16.94,12007,1,1,0,31.09
2104478,42.73,43.0,42.7,43.3,0,0,13.42,16.93,12507,1,1,0,31.09
2104984,42.72,43.0,42.7,43.3,0,0,13.51,16.93,13007,1,1,0,31.09
2105490,42.67,43.0,42.7,43.3,0,0,13.51,16.93,13507,1,1,0,31.1
2105996,42.58,43.0,42.7,43.3,0,0,13.77,16.92,14007,1,1,0,31.07
2106502,42.58,43.0,42.7,43.3,0,0,13.77,16.86,14507,1,1,0,31.07
2107008,42.64,43.0,42.7,43.3,0,0,13.93,16.86,15007,1,1,0,31.1
2107514,42.56,43.0,42.7,43.3,0,0,14.45,16.91,15507,1,1,0,31.09
2108020,42.56,43.0,42.7,43.3,0,0,14.45,16.87,16007,1,1,0,31.09
2108526,42.57,43.0,42.7,43.3,0,0,14.14,16.87,16508,1,1,0,31.09
2109032,42.57,43.0,42.7,43.3,0,0,14.14,16.87,17009,1,1,0,31.09
2109538,42.57,43.0,42.7,43.3,0,0,14.23,16.86,17510,1,1,0,31.07
2110044,42.48,43.0,42.7,43.3,0,0,14.38,16.86,18010,1,1,0,31.07
2110556,42.48,43.0,42.7,43.3,0,0,14.62,16.83,18510,1,1,0,31.07
2111063,42.48,43.0,42.7,43.3,0,0,14.62,16.83,19010,1,1,0,31.07
2111569,42.45,43.0,42.7,43.3,0,0,14.45,16.83,19510,1,1,0,31.09
2112075,42.44,43.0,42.7,43.3,0,0,15.12,16.83,20010,1,1,0,31.1
2112581,42.43,43.0,42.7,43.3,0,0,14.64,16.83,21015,1,1,0,31.1
2113087,42.43,43.0,42.7,43.3,0,0,14.64,16.83,21515,1,1,0,31.1
2113593,42.41,43.0,42.7,43.3,0,0,14.8,16.83,22015,1,1,0,31.1
2114099,42.37,43.0,42.7,43.3,0,0,14.97,16.81,22515,1,1,0,31.1
2114605,42.37,43.0,42.7,43.3,0,0,14.97,16.81,23015,1,1,0,31.1
2115111,42.35,43.0,42.7,43.3,0,0,15.01,16.78,23515,1,1,0,31.07
2115617,42.35,43.0,42.7,43.3,0,0,15.01,16.78,24015,1,1,0,31.07
2116123,42.34,43.0,42.7,43.3,0,0,15.16,16.79,24515,1,1,0,31.09
2116629,42.38,43.0,42.7,43.3,0,0,15.36,16.79,25015,1,1,0,31.07
2117135,42.38,43.0,42.7,43.3,0,0,15.36,16.79,25515,1,0,0,31.07
2117641,42.38,43.0,42.7,43.3,0,0,15.36,16.79,26015,1,0,0,31.07
2118147,42.33,43.0,42.7,43.3,0,0,15.45,16.81,26515,1,0,0,31.12
2118653,42.28,43.0,42.7,43.3,0,0,15.81,16.78,27015,1,0,0,31.1
2119159,42.29,43.0,42.7,43.3,0,0,15.58,16.77,27515,1,0,0,31.09
2119667,42.34,43.0,42.7,43.3,0,0,15.73,16.77,28015,1,0,0,31.09
2120174,42.34,43.0,42.7,43.3,0,0,15.73,16.79,28515,1,0,0,31.09
2120680,42.34,43.0,42.7,43.3,0,0,15.73,16.79,29015,1,0,0,31.09
2121186,42.34,43.0,42.7,43.3,0,0,15.73,16.79,29515,1,0,0,31.09
2121692,42.33,43.0,42.7,43.3,0,0,15.92,16.82,30015,1,0,0,31.13
2122198,42.33,43.0,42.7,43.3,0,0,15.92,16.82,30515,1,0,0,31.13
2122704,42.32,43.0,42.7,43.3,0,0,16.2,16.77,31015,1,0,0,31.07
2123211,42.29,43.0,42.7,43.3,0,0,16.31,16.77,31515,1,0,0,31.09
2123718,42.29,43.0,42.7,43.3,0,0,16.31,16.77,32015,1,0,0,31.09
2124224,42.29,43.0,42.7,43.3,0,0,16.31,16.77,32515,1,0,0,31.09
2124730,42.31,43.0,42.7,43.3,0,0,16.51,16.76,33015,1,0,0,31.07
2125236,42.31,43.0,42.7,43.3,0,0,16.51,16.76,33515,1,0,0,31.07
2125742,42.34,43.0,42.7,43.3,0,0,16.46,16.77,34015,1,0,0,31.07
2126248,42.34,43.0,42.7,43.3,0,0,16.46,16.77,34515,1,0,0,31.07
2126754,42.32,43.0,42.7,43.3,0,0,16.57,16.77,35015,1,0,0,31.1
2127260,42.32,43.0,42.7,43.3,0,0,16.57,16.79,35515,1,0,0,31.1
2127766,42.34,43.0,42.7,43.3,0,0,16.76,16.8,36015,1,0,0,31.1
2128272,42.35,43.0,42.7,43.3,0,0,16.85,16.8,36515,1,0,0,31.09
2128778,42.35,43.0,42.7,43.3,0,0,16.85,16.79,37015,1,0,0,31.09
2129284,42.34,43.0,42.7,43.3,0,0,16.72,16.79,37515,1,0,0,31.09
2129790,42.34,43.0,42.7,43.3,0,0,16.72,16.79,38015,1,0,0,31.09
2130296,42.34,43.0,42.7,43.3,0,0,16.72,16.79,38515,1,0,0,31.09
2130802,42.34,43.0,42.7,43.3,0,0,17.26,16.79,39015,1,0,0,31.09
2131308,42.37,43.0,42.7,43.3,0,0,17.28,16.79,39515,1,0,0,31.1
2131814,42.34,43.0,42.7,43.3,0,0,17.32,16.81,40015,1,0,0,31.1
2132320,42.34,43.0,42.7,43.3,0,0,17.32,16.8,40515,1,0,0,31.1
2132826,42.34,43.0,42.7,43.3,0,0,17.32,16.8,41015,1,0,0,31.1
2133332,42.38,43.0,42.7,43.3,0,0,17.39,16.8,41515,1,0,0,31.1
2133838,42.38,43.0,42.7,43.3,0,0,17.39,16.81,42015,1,0,0,31.1
2134344,42.38,43.0,42.7,43.3,0,0,17.39,16.81,42515,1,0,0,31.1
2134850,42.44,43.0,42.7,43.3,0,0,17.63,16.82,43015,1,0,0,31.09
2135356,42.43,43.0,42.7,43.3,0,0,17.67,16.85,43515,1,0,0,31.12
2135862,42.48,43.0,42.7,43.3,0,0,17.8,16.85,44015,1,0,0,31.09
2136368,42.48,43.0,42.7,43.3,0,0,17.8,16.84,44515,1,0,0,31.09
2136874,42.54,43.0,42.7,43.3,0,0,17.28,16.85,45015,1,0,0,31.07
2137380,42.54,43.0,42.7,43.3,0,0,17.28,16.85,45515,1,0,0,31.07
2137886,42.52,43.0,42.7,43.3,0,0,17.88,16.85,46015,1,0,0,31.1
2138392,42.52,43.0,42.7,43.3,0,0,17.88,16.87,46515,1,0,0,31.1
2138898,42.59,43.0,42.7,43.3,0,0,17.78,16.89,47015,1,0,0,31.1
2139404,42.59,43.0,42.7,43.3,0,0,17.78,16.89,47515,1,0,0,31.1
2139910,42.56,43.0,42.7,43.3,0,0,17.99,16.87,48015,1,0,0,31.09
2140416,42.66,43.0,42.7,43.3,0,0,18.23,16.87,48515,1,0,0,31.12
2140922,42.63,43.0,42.7,43.3,0,0,18.25,16.93,49015,1,0,0,31.1
2141428,42.63,43.0,42.7,43.3,0,0,18.25,16.91,49515,1,0,0,31.1
2141934,42.7,43.0,42.7,43.3,1,0,18.47,16.93,0,1,0,0,31.1
2142440,42.7,43.0,42.7,43.3,1,0,18.47,16.93,500,1,0,0,31.1
2142946,42.64,43.0,42.7,43.3,1,0,18.4,16.93,1000,1,0,0,31.1
2143452,42.64,43.0,42.7,43.3,1,0,18.4,16.91,1500,1,0,0,31.1
2143958,42.7,43.0,42.7,43.3,1,0,18.51,16.91,2000,1,0,0,31.09
2144464,42.7,43.0,42.7,43.3,1,0,18.6,16.92,2500,1,0,0,31.1
2144970,42.7,43.0,42.7,43.3,1,0,18.68,16.93,3000,1,0,0,31.1
2145476,42.7,43.0,42.7,43.3,1,0,18.68,16.93,3500,1,0,0,31.1
2145982,42.78,43.0,42.7,43.3,1,0,18.6,16.93,4000,1,0,0,31.09
2146488,42.78,43.0,42.7,43.3,1,0,18.6,16.95,4500,1,0,0,31.09
2146994,42.78,43.0,42.7,43.3,1,0,18.6,16.95,5000,1,0,0,31.09
2147500,42.81,43.0,42.7,43.3,1,0,18.68,16.95,5500,1,0,0,31.12
2148006,42.82,43.0,42.7,43.3,1,0,18.64,16.99,6000,1,0,0,31.1
2148512,42.82,43.0,42.7,43.3,1,0,18.64,16.98,6500,1,0,0,31.1
2149018,42.82,43.0,42.7,43.3,1,0,18.64,16.98,7000,1,0,0,31.1
2149524,42.89,43.0,42.7,43.3,1,0,18.47,16.98,7500,1,0,0,31.1
2150030,42.89,43.0,42.7,43.3,1,0,18.47,17.0,8000,1,0,0,31.1
2150536,42.94,43.0,42.7,43.3,1,0,18.4,17.0,8500,1,0,0,31.1
2151042,42.95,43.0,42.7,43.3,1,0,18.25,17.02,9000,1,0,0,31.1
2151548,42.95,43.0,42.7,43.3,1,0,18.4,17.02,9500,1,0,0,31.09
2152054,42.95,43.0,42.7,43.3,1,0,18.4,17.01,10000,1,0,0,31.09
2152560,42.95,43.0,42.7,43.3,1,0,18.4,17.01,10500,1,0,0,31.09
2153066,42.99,43.0,42.7,43.3,1,0,18.29,17.01,11004,1,0,0,31.1
2153572,43.05,43.0,42.7,43.3,1,0,18.44,17.04,11505,1,0,0,31.1
2154078,43.05,43.0,42.7,43.3,1,0,18.44,17.06,12006,1,0,0,31.1
2154584,43.05,43.0,42.7,43.3,1,0,18.44,17.06,12506,1,0,0,31.1
2155090,43.14,43.0,42.7,43.3,1,0,18.01,17.09,13509,1,0,0,31.1
2155596,43.13,43.0,42.7,43.3,1,0,17.95,17.12,14009,1,0,0,31.13
2156102,43.13,43.0,42.7,43.3,1,0,17.95,17.12,14509,1,0,0,31.13
2156608,43.2,43.0,42.7,43.3,1,0,17.88,17.11,15009,1,0,0,31.1
2157114,43.23,43.0,42.7,43.3,1,0,17.8,17.12,15509,1,0,0,31.1
2157620,43.19,43.0,42.7,43.3,1,0,17.95,17.13,16009,1,0,0,31.12
2158126,43.19,43.0,42.7,43.3,1,0,17.95,17.13,16509,1,0,0,31.12
2158632,43.28,43.0,42.7,43.3,1,0,17.6,17.15,17009,1,0,0,31.1
2159138,43.3,43.0,42.7,43.3,1,0,17.73,17.17,17509,1,0,0,31.12
2159644,43.36,43.0,42.7,43.3,1,0,17.39,17.17,18009,1,0,0,31.12
2160150,43.36,43.0,42.7,43.3,1,0,17.39,17.19,18509,1,0,0,31.12
2160656,43.36,43.0,42.7,43.3,1,0,17.39,17.19,19009,1,0,0,31.12
2161162,43.36,43.0,42.7,43.3,1,0,17.48,17.17,19509,1,0,0,31.1
2161668,43.45,43.0,42.7,43.3,1,0,17.39,17.22,20010,1,0,0,31.12
2162174,43.45,43.0,42.7,43.3,1,0,17.39,17.22,20510,1,0,0,31.12
2162680,43.46,43.0,42.7,43.3,1,0,17.26,17.21,21010,1,0,0,31.1
2163186,43.54,43.0,42.7,43.3,1,0,17.3,17.24,21510,1,0,0,31.1
2163692,43.54,43.0,42.7,43.3,1,0,17.3,17.24,22010,1,0,0,31.1
2164198,43.54,43.0,42.7,43.3,1,0,17.3,17.24,22510,1,0,0,31.1
2164704,43.55,43.0,42.7,43.3,1,0,17.07,17.24,23010,1,0,0,31.1
2165210,43.58,43.0,42.7,43.3,1,0,17.0,17.25,23510,1,0,0,31.1
2165716,43.64,43.0,42.7,43.3,1,0,17.02,17.25,24010,1,0,0,31.12
2166222,43.64,43.0,42.7,43.3,1,0,17.02,17.29,24510,1,0,0,31.12
2166728,43.64,43.0,42.7,43.3,1,0,17.02,17.29,25010,1,0,0,31.12
2167234,43.7,43.0,42.7,43.3,1,0,16.79,17.31,25523,1,0,0,31.12
2167740,43.74,43.0,42.7,43.3,1,0,16.68,17.31,26023,1,0,0,31.1
2168246,43.74,43.0,42.7,43.3,1,0,16.68,17.31,26523,1,0,0,31.1
2168752,43.74,43.0,42.7,43.3,1,0,16.66,17.33,27023,1,0,0,31.12
2169258,43.77,43.0,42.7,43.3,1,0,16.57,17.33,27523,1,0,0,31.12
2169764,43.77,43.0,42.7,43.3,1,0,16.57,17.34,28023,1,0,0,31.12
2170270,43.87,43.0,42.7,43.3,1,0,16.48,17.39,28523,1,0,0,31.13
2170776,43.87,43.0,42.7,43.3,1,0,16.48,17.39,29023,1,0,0,31.13
2171282,43.88,43.0,42.7,43.3,1,0,16.4,17.38,29523,1,0,0,31.12
2171788,43.88,43.0,42.7,43.3,1,0,16.4,17.38,30023,1,0,0,31.12
2172294,43.88,43.0,42.7,43.3,1,0,16.29,17.36,30523,1,0,0,31.1
2172800,43.88,43.0,42.7,43.3,1,0,16.29,17.36,31023,1,0,0,31.1
2173306,43.97,43.0,42.7,43.3,1,0,16.25,17.42,31523,1,0,0,31.13
2173812,43.91,43.0,42.7,43.3,1,0,16.12,17.37,32023,1,0,0,31.1
2174318,43.91,43.0,42.7,43.3,1,0,16.12,17.37,32523,1,0,0,31.1
2174824,43.96,43.0,42.7,43.3,1,0,16.12,17.4,33023,1,0,0,31.12
2175330,44.0,43.0,42.7,43.3,1,0,16.05,17.4,33524,1,0,0,31.12
2175836,44.0,43.0,42.7,43.3,1,0,16.05,17.42,34025,1,0,0,31.12
2176342,44.04,43.0,42.7,43.3,1,0,16.61,17.42,34525,1,0,0,31.1
2176848,44.04,43.0,42.7,43.3,1,0,16.61,17.42,35025,1,0,0,31.1
2177354,44.04,43.0,42.7,43.3,1,0,16.61,17.42,35525,1,0,0,31.1
2177860,44.01,43.0,42.7,43.3,1,0,15.79,17.41,36025,1,1,0,31.1
2178366,44.08,43.0,42.7,43.3,1,0,15.42,17.43,36525,1,1,0,31.1
2178872,44.08,43.0,42.7,43.3,1,0,15.42,17.43,37025,1,1,0,31.1
2179378,44.05,43.0,42.7,43.3,1,0,15.62,17.43,37525,1,1,0,31.09
2179884,44.05,43.0,42.7,43.3,1,0,15.62,17.41,38025,1,1,0,31.09
2180390,44.05,43.0,42.7,43.3,1,0,15.62,17.41,38525,1,1,0,31.09
2180896,44.08,43.0,42.7,43.3,1,0,16.07,17.41,39025,1,1,0,31.1
2181402,44.09,43.0,42.7,43.3,1,0,15.36,17.43,39525,1,0,0,31.1
2181908,44.09,43.0,42.7,43.3,1,0,15.45,17.44,40025,1,1,0,31.1
2182414,44.09,43.0,42.7,43.3,1,0,15.45,17.44,40525,1,1,0,31.1
2182920,44.11,43.0,42.7,43.3,1,0,15.29,17.46,41025,1,1,0,31.12
2183426,44.06,43.0,42.7,43.3,1,0,14.56,17.46,41525,1,1,0,31.1
2183933,44.08,43.0,42.7,43.3,1,0,15.4,17.43,42025,1,1,0,31.1
2184440,44.08,43.0,42.7,43.3,1,0,15.4,17.43,42525,1,1,0,31.1
2184946,44.06,43.0,42.7,43.3,1,0,15.25,17.43,43025,1,1,0,31.09
2185452,44.08,43.0,42.7,43.3,1,0,15.03,17.42,43525,1,1,0,31.07
2185958,44.08,43.0,42.7,43.3,1,0,15.03,17.41,44025,1,1,0,31.07
2186464,44.08,43.0,42.7,43.3,1,0,15.03,17.41,44525,1,1,0,31.07
2186970,44.08,43.0,42.7,43.3,1,0,15.01,17.41,45025,1,1,0,31.1
2187476,44.1,43.0,42.7,43.3,1,0,14.95,17.43,45525,1,1,0,31.09
2187982,44.08,43.0,42.7,43.3,1,0,14.88,17.43,46025,1,1,0,31.12
2188488,44.08,43.0,42.7,43.3,1,0,14.88,17.45,46525,1,1,0,31.12
2188994,44.04,43.0,42.7,43.3,1,0,14.8,17.43,47025,1,1,0,31.12
2189500,44.06,43.0,42.7,43.3,1,0,14.75,17.43,47525,1,1,0,31.1
2190006,44.04,43.0,42.7,43.3,1,0,14.49,17.43,48025,1,1,0,31.13
2190512,44.01,43.0,42.7,43.3,1,0,14.93,17.45,48525,1,1,0,31.13
2191018,44.01,43.0,42.7,43.3,1,0,14.93,17.44,49025,1,1,0,31.13
2191524,44.01,43.0,42.7,43.3,1,0,14.93,17.44,49525,1,1,0,31.13
2192030,44.01,43.0,42.7,43.3,1,0,14.93,17.44,50025,1,1,0,31.13
2192536,44.03,43.0,42.7,43.3,1,0,14.6,17.44,50525,1,1,0,31.09
2193042,44.03,43.0,42.7,43.3,1,0,14.6,17.41,51025,1,1,0,31.09
2193548,44.01,43.0,42.7,43.3,1,0,14.4,17.41,51525,1,1,0,31.12
2194054,43.97,43.0,42.7,43.3,1,0,14.45,17.42,52026,1,1,0,31.09
2194560,43.97,43.0,42.7,43.3,1,0,14.45,17.38,52526,1,1,0,31.09
2195066,43.94,43.0,42.7,43.3,1,0,14.34,17.38,53026,1,1,0,31.09
2195574,43.94,43.0,42.7,43.3,1,0,14.34,17.37,53526,1,1,0,31.09
2196081,43.91,43.0,42.7,43.3,1,0,14.23,17.37,54026,1,1,0,31.07
2196587,43.91,43.0,42.7,43.3,1,0,14.23,17.35,54526,1,1,0,31.07
2197093,43.94,43.0,42.7,43.3,1,0,14.12,17.35,55026,1,1,0,31.12
2197599,43.9,43.0,42.7,43.3,1,0,14.17,17.4,55526,1,1,0,31.09
2198105,43.9,43.0,42.7,43.3,1,0,14.17,17.36,56026,1,1,0,31.09
2198611,43.9,43.0,42.7,43.3,1,0,14.03,17.36,57030,1,1,0,31.09
2199117,43.9,43.0,42.7,43.3,1,0,14.03,17.36,57530,1,1,0,31.09
2199623,43.85,43.0,42.7,43.3,1,0,13.77,17.34,58030,1,1,0,31.09
2200129,43.84,43.0,42.7,43.3,1,0,14.1,17.34,58530,1,1,0,31.09
2200635,43.84,43.0,42.7,43.3,1,0,14.1,17.34,59030,1,1,0,31.09
2201141,43.84,43.0,42.7,43.3,1,0,14.1,17.34,59530,1,1,0,31.09
2201647,43.78,43.0,42.7,43.3,1,0,13.82,17.33,60030,1,1,0,31.1
2202153,43.78,43.0,42.7,43.3,1,0,13.82,17.33,60530,1,1,0,31.1
2202659,43.78,43.0,42.7,43.3,1,0,13.82,17.33,61030,1,1,0,31.1
2203165,43.77,43.0,42.7,43.3,1,0,13.75,17.31,61530,1,1,0,31.09
2203671,43.77,43.0,42.7,43.3,1,0,13.75,17.31,62030,1,1,0,31.09
2204177,43.69,43.0,42.7,43.3,1,0,13.77,17.28,62530,1,1,0,31.09
2204683,43.69,43.0,42.7,43.3,1,0,13.77,17.28,63030,1,1,0,31.09
2205189,43.68,43.0,42.7,43.3,1,0,13.58,17.29,63530,1,1,0,31.1
2205695,43.68,43.0,42.7,43.3,1,0,13.58,17.29,64030,1,1,0,31.1
2206201,43.62,43.0,42.7,43.3,1,0,13.27,17.26,64530,1,1,0,31.09
2206720,43.62,43.0,42.7,43.3,1,0,14.14,17.26,65030,1,1,0,31.07
2207227,43.62,43.0,42.7,43.3,1,0,14.14,17.24,65530,1,1,0,31.07
2207733,43.58,43.0,42.7,43.3,1,0,13.45,17.24,66030,1,1,0,31.1
2208239,43.58,43.0,42.7,43.3,1,0,13.45,17.25,66530,1,1,0,31.1
2208745,43.56,43.0,42.7,43.3,1,0,13.42,17.26,67030,1,1,0,31.12
2209251,43.59,43.0,42.7,43.3,1,0,13.47,17.25,67530,1,1,0,31.09
2209757,43.49,43.0,42.7,43.3,1,0,13.42,17.25,68030,1,1,0,31.09
2210263,43.49,43.0,42.7,43.3,1,0,13.42,17.21,68530,1,1,0,31.09
2210769,43.46,43.0,42.7,43.3,1,0,13.36,17.21,69030,1,1,0,31.07
2211278,43.45,43.0,42.7,43.3,1,0,13.21,17.19,69530,1,1,0,31.1
2211785,43.45,43.0,42.7,43.3,1,0,13.21,17.2,70030,1,1,0,31.1
2212291,43.44,43.0,42.7,43.3,1,0,13.27,17.19,70530,1,1,0,31.09
2212797,43.44,43.0,42.7,43.3,1,0,13.27,17.19,71030,1,1,0,31.09
2213303,43.4,43.0,42.7,43.3,1,0,13.18,17.19,71530,1,1,0,31.1
2213809,43.4,43.0,42.7,43.3,1,0,13.18,17.19,72030,1,1,0,31.1
2214315,43.39,43.0,42.7,43.3,1,0,13.07,17.18,72530,1,1,0,31.1
2214821,43.28,43.0,42.7,43.3,1,0,13.07,17.18,73030,1,1,0,31.1
2215327,43.28,43.0,42.7,43.3,0,0,13.07,17.15,0,1,1,0,31.1
2215833,43.26,43.0,42.7,43.3,0,0,13.01,17.15,500,1,1,0,31.1
2216339,43.26,43.0,42.7,43.3,0,0,13.01,17.14,1001,1,1,0,31.1
2216845,43.24,43.0,42.7,43.3,0,0,12.96,17.12,1502,1,1,0,31.09
2217351,43.24,43.0,42.7,43.3,0,0,12.99,17.12,2002,1,1,0,31.09
2217857,43.24,43.0,42.7,43.3,0,0,12.99,17.12,2502,1,1,0,31.09
2218363,43.24,43.0,42.7,43.3,0,0,12.99,17.12,3002,1,1,0,31.09
2218869,43.24,43.0,42.7,43.3,0,0,12.99,17.12,3502,1,1,0,31.09
2219375,43.14,43.0,42.7,43.3,0,0,12.88,17.08,4002,1,1,0,31.09
2219881,43.14,43.0,42.7,43.3,0,0,12.88,17.08,4502,1,1,0,31.09
2220387,43.14,43.0,42.7,43.3,0,0,12.88,17.08,5002,1,1,0,31.09
2220893,43.14,43.0,42.7,43.3,0,0,12.88,17.08,5502,1,1,0,31.09
2221399,43.05,43.0,42.7,43.3,0,0,12.37,17.05,6004,1,1,0,31.09
2221905,43.04,43.0,42.7,43.3,0,0,12.99,17.05,6504,1,1,0,31.1
2222411,43.04,43.0,42.7,43.3,0,0,12.99,17.06,7004,1,1,0,31.1
2222917,42.92,43.0,42.7,43.3,0,0,13.01,17.03,7504,1,1,0,31.12
2223423,42.94,43.0,42.7,43.3,0,0,13.45,17.01,8004,1,1,0,31.09
2223929,42.94,43.0,42.7,43.3,0,0,13.45,17.01,8504,1,1,0,31.09
2224435,42.89,43.0,42.7,43.3,0,0,13.38,17.01,9004,1,1,0,31.1
2224941,42.89,43.0,42.7,43.3,0,0,13.38,17.0,9504,1,1,0,31.1
2225447,42.88,43.0,42.7,43.3,0,0,13.53,17.0,10004,1,1,0,31.1
2225953,42.85,43.0,42.7,43.3,0,0,13.64,17.0,10504,1,1,0,31.07
2226459,42.85,43.0,42.7,43.3,0,0,13.64,16.96,11004,1,1,0,31.07
2226965,42.8,43.0,42.7,43.3,0,0,13.58,16.96,11504,1,1,0,31.09
2227471,42.8,43.0,42.7,43.3,0,0,13.58,16.96,12004,1,1,0,31.09
2227977,42.73,43.0,42.7,43.3,0,0,13.82,16.96,12504,1,1,0,31.1
2228483,42.73,43.0,42.7,43.3,0,0,13.82,16.94,13004,1,1,0,31.1
2228989,42.73,43.0,42.7,43.3,0,0,13.82,16.94,13504,1,1,0,31.1
2229495,42.73,43.0,42.7,43.3,0,0,13.82,16.94,14004,1,1,0,31.1
2230001,42.7,43.0,42.7,43.3,0,0,13.95,16.94,14504,1,1,0,31.12
2230507,42.7,43.0,42.7,43.3,0,0,13.95,16.95,15004,1,1,0,31.12
2231013,42.66,43.0,42.7,43.3,0,0,14.12,16.95,15504,1,1,0,31.09
2231519,42.66,43.0,42.7,43.3,0,0,14.12,16.9,16004,1,1,0,31.09
2232025,42.64,43.0,42.7,43.3,0,0,14.27,16.89,16504,1,1,0,31.07
2232532,42.64,43.0,42.7,43.3,0,0,14.27,16.89,17004,1,1,0,31.07
2233039,42.54,43.0,42.7,43.3,0,0,14.23,16.89,17504,1,1,0,31.09
2233545,42.54,43.0,42.7,43.3,0,0,14.23,16.86,18004,1,1,0,31.09
2234051,42.58,43.0,42.7,43.3,0,0,15.16,16.88,18514,1,1,0,31.09
2234557,42.51,43.0,42.7,43.3,0,0,14.62,16.88,19014,1,1,0,31.07
2235063,42.51,43.0,42.7,43.3,0,0,14.62,16.84,19514,1,1,0,31.07
2235569,42.47,43.0,42.7,43.3,0,0,14.82,16.84,20014,1,1,0,31.09
2236075,42.47,43.0,42.7,43.3,0,0,14.82,16.83,20514,1,1,0,31.09
2236581,42.47,43.0,42.7,43.3,0,0,14.82,16.83,21014,1,1,0,31.09
2237087,42.44,43.0,42.7,43.3,0,0,14.93,16.83,21514,1,1,0,31.09
2237593,42.44,43.0,42.7,43.3,0,0,14.93,16.82,22014,1,1,0,31.09
2238099,42.45,43.0,42.7,43.3,0,0,15.16,16.82,22514,1,1,0,31.09
2238605,42.35,43.0,42.7,43.3,0,0,14.43,16.83,23014,1,1,0,31.09
2239111,42.35,43.0,42.7,43.3,0,0,14.43,16.79,23514,1,1,0,31.09
2239617,42.44,43.0,42.7,43.3,0,0,15.47,16.79,24014,1,1,0,31.09
2240123,42.44,43.0,42.7,43.3,0,0,15.47,16.82,24514,1,0,0,31.09
2240629,42.39,43.0,42.7,43.3,0,0,15.36,16.79,25518,1,0,0,31.07
2241135,42.39,43.0,42.7,43.3,0,0,15.36,16.79,26018,1,0,0,31.07
2241641,42.35,43.0,42.7,43.3,0,0,15.62,16.8,26518,1,0,0,31.1
2242147,42.4,43.0,42.7,43.3,0,0,15.62,16.81,27018,1,0,0,31.09
2242653,42.4,43.0,42.7,43.3,0,0,15.62,16.81,27518,1,0,0,31.09
2243159,42.32,43.0,42.7,43.3,0,0,15.75,16.77,28018,1,0,0,31.07
2243666,42.32,43.0,42.7,43.3,0,0,15.75,16.77,28518,1,0,0,31.07
2244173,42.32,43.0,42.7,43.3,0,0,16.18,16.78,29018,1,0,0,31.09
2244679,42.32,43.0,42.7,43.3,0,0,16.18,16.78,29518,1,0,0,31.09
2245185,42.32,43.0,42.7,43.3,0,0,15.97,16.78,30018,1,0,0,31.09
2245691,42.35,43.0,42.7,43.3,0,0,16.1,16.8,30518,1,0,0,31.1
2246197,42.35,43.0,42.7,43.3,0,0,16.1,16.8,31018,1,0,0,31.1
2246703,42.31,43.0,42.7,43.3,0,0,16.46,16.76,31518,1,0,0,31.07
2247209,42.31,43.0,42.7,43.3,0,0,16.46,16.76,32018,1,0,0,31.07
2247715,42.34,43.0,42.7,43.3,0,0,16.57,16.79,32518,1,0,0,31.09
2248222,42.38,43.0,42.7,43.3,0,0,16.46,16.79,33018,1,0,0,31.12
2248729,42.38,43.0,42.7,43.3,0,0,16.46,16.83,33518,1,0,0,31.12
2249235,42.31,43.0,42.7,43.3,0,0,16.76,16.77,34018,1,0,0,31.09
2249741,42.31,43.0,42.7,43.3,0,0,16.76,16.77,34518,1,0,0,31.09
2250247,42.37,43.0,42.7,43.3,0,0,16.46,16.82,35018,1,0,0,31.12
2250753,42.38,43.0,42.7,43.3,0,0,16.66,16.8,35518,1,0,0,31.09
2251259,42.38,43.0,42.7,43.3,0,0,16.66,16.8,36018,1,0,0,31.09
2251765,42.38,43.0,42.7,43.3,0,0,16.66,16.8,36518,1,0,0,31.09
2252272,42.38,43.0,42.7,43.3,0,0,16.66,16.8,37018,1,0,0,31.09
2252778,42.38,43.0,42.7,43.3,0,0,16.66,16.8,37518,1,0,0,31.09
2253284,42.41,43.0,42.7,43.3,0,0,16.96,16.8,38018,1,0,0,31.07
2253790,42.44,43.0,42.7,43.3,0,0,17.88,16.84,38518,1,0,0,31.1
2254296,42.44,43.0,42.7,43.3,0,0,17.88,16.84,39018,1,0,0,31.1
2254802,42.45,43.0,42.7,43.3,0,0,17.32,16.83,39518,1,0,0,31.09
2255308,42.44,43.0,42.7,43.3,0,0,17.41,16.83,40018,1,0,0,31.1
2255815,42.48,43.0,42.7,43.3,0,0,17.95,16.84,40518,1,0,0,31.1
2256322,42.48,43.0,42.7,43.3,0,0,17.95,16.85,41018,1,0,0,31.1
2256828,42.49,43.0,42.7,43.3,0,0,17.43,16.87,41518,1,0,0,31.12
2257334,42.5,43.0,42.7,43.3,0,0,17.58,16.87,42018,1,0,0,31.09
2257840,42.5,43.0,42.7,43.3,0,0,17.58,16.84,42518,1,0,0,31.09
2258346,42.5,43.0,42.7,43.3,0,0,17.58,16.84,43018,1,0,0,31.09
2258852,42.5,43.0,42.7,43.3,0,0,17.58,16.84,43518,1,0,0,31.09
2259358,42.56,43.0,42.7,43.3,0,0,18.04,16.84,44018,1,0,0,31.12
2259864,42.56,43.0,42.7,43.3,0,0,18.04,16.89,44518,1,0,0,31.12
2260370,42.56,43.0,42.7,43.3,0,0,17.86,16.89,45018,1,0,0,31.12
2260876,42.56,43.0,42.7,43.3,0,0,17.86,16.89,45518,1,0,0,31.12
2261382,42.6,43.0,42.7,43.3,0,0,18.14,16.87,46018,1,0,0,31.07
2261888,42.6,43.0,42.7,43.3,0,0,18.14,16.87,46518,1,0,0,31.07
2262394,42.6,43.0,42.7,43.3,0,0,18.08,16.87,47018,1,0,0,31.1
2262914,42.69,43.0,42.7,43.3,0,0,18.38,16.9,47518,1,0,0,31.12
2263421,42.69,43.0,42.7,43.3,0,0,18.38,16.94,48018,1,0,0,31.12
2263927,42.69,43.0,42.7,43.3,0,0,18.53,16.94,48518,1,0,0,31.13
2264433,42.69,43.0,42.7,43.3,0,0,18.53,16.96,49018,1,0,0,31.13
2264939,42.69,43.0,42.7,43.3,0,0,18.53,16.96,49518,1,0,0,31.13
2265445,42.69,43.0,42.7,43.3,0,0,18.6,16.94,50018,1,0,0,31.12
2265951,42.74,43.0,42.7,43.3,0,0,18.6,16.94,50518,1,0,0,31.09
2266458,42.74,43.0,42.7,43.3,1,0,18.6,16.94,0,1,0,0,31.09
2266964,42.74,43.0,42.7,43.3,1,0,18.6,16.94,500,1,0,0,31.09
2267470,42.76,43.0,42.7,43.3,1,0,18.98,16.94,1000,1,0,0,31.09
2267976,42.76,43.0,42.7,43.3,1,0,18.98,16.94,1500,1,0,0,31.09
2268482,42.8,43.0,42.7,43.3,1,0,19.0,16.95,2002,1,0,0,31.07
2268988,42.85,43.0,42.7,43.3,1,0,18.72,16.95,2502,1,0,0,31.07
2269494,42.85,43.0,42.7,43.3,1,0,18.72,16.96,3002,1,0,0,31.07
2270000,42.89,43.0,42.7,43.3,1,0,18.77,16.99,3502,1,0,0,31.09
2270507,42.83,43.0,42.7,43.3,1,0,18.81,16.99,4002,1,0,0,31.09
2271014,42.83,43.0,42.7,43.3,1,0,18.81,16.97,4502,1,0,0,31.09
2271520,42.83,43.0,42.7,43.3,1,0,18.81,16.97,5002,1,0,0,31.09
2272026,42.94,43.0,42.7,43.3,1,0,18.75,17.02,5502,1,0,0,31.1
2272532,42.94,43.0,42.7,43.3,1,0,18.75,17.02,6002,1,0,0,31.1
2273038,42.98,43.0,42.7,43.3,1,0,18.77,17.02,6502,1,0,0,31.09
2273544,42.98,43.0,42.7,43.3,1,0,18.77,17.02,7002,1,0,0,31.09
2274050,43.03,43.0,42.7,43.3,1,0,18.47,17.02,7502,1,0,0,31.12
2274556,43.03,43.0,42.7,43.3,1,0,18.47,17.07,8002,1,0,0,31.12
2275062,43.03,43.0,42.7,43.3,1,0,18.47,17.07,8502,1,0,0,31.12
2275568,43.09,43.0,42.7,43.3,1,0,18.53,17.07,9002,1,0,0,31.09
2276074,43.09,43.0,42.7,43.3,1,0,18.66,17.06,9502,1,0,0,31.09
2276580,43.09,43.0,42.7,43.3,1,0,18.66,17.06,10002,1,0,0,31.09
2277086,43.17,43.0,42.7,43.3,1,0,18.12,17.06,10502,1,0,0,31.09
2277592,43.09,43.0,42.7,43.3,1,0,18.53,17.09,11002,1,0,0,31.09
2278098,43.12,43.0,42.7,43.3,1,0,18.57,17.06,11502,1,0,0,31.07
2278604,43.18,43.0,42.7,43.3,1,0,18.29,17.06,12002,1,0,0,31.1
2279111,43.24,43.0,42.7,43.3,1,0,18.25,17.11,12502,1,0,0,31.09
2279618,43.24,43.0,42.7,43.3,1,0,18.25,17.12,13002,1,0,0,31.09
2280124,43.26,43.0,42.7,43.3,1,0,18.06,17.12,13502,1,0,0,31.07
2280630,43.3,43.0,42.7,43.3,1,0,18.25,17.11,14002,1,0,0,31.12
2281136,43.3,43.0,42.7,43.3,1,0,18.25,17.17,14507,1,0,0,31.12
2281642,43.36,43.0,42.7,43.3,1,0,17.99,17.17,15013,1,0,0,31.1
2282148,43.36,43.0,42.7,43.3,1,0,17.99,17.17,15519,1,0,0,31.1
2282654,43.36,43.0,42.7,43.3,1,0,17.84,17.17,16525,1,0,0,31.1
2283160,43.36,43.0,42.7,43.3,1,0,18.01,17.19,17025,1,0,0,31.12
2283666,43.36,43.0,42.7,43.3,1,0,18.01,17.19,17527,1,0,0,31.12
2284172,43.36,43.0,42.7,43.3,1,0,18.01,17.19,18027,1,0,0,31.12
2284678,43.5,43.0,42.7,43.3,1,0,17.8,17.23,18527,1,0,0,31.1
2285184,43.5,43.0,42.7,43.3,1,0,17.8,17.23,19027,1,0,0,31.1
2285690,43.5,43.0,42.7,43.3,1,0,17.8,17.23,19527,1,0,0,31.1
2286196,43.52,43.0,42.7,43.3,1,0,17.71,17.23,20027,1,0,0,31.1
2286702,43.56,43.0,42.7,43.3,1,0,17.15,17.25,20527,1,0,0,31.1
2287208,43.61,43.0,42.7,43.3,1,0,17.3,17.25,21027,1,0,0,31.09
2287714,43.61,43.0,42.7,43.3,1,0,17.3,17.25,21527,1,0,0,31.09
2288220,43.61,43.0,42.7,43.3,1,0,17.3,17.25,22027,1,0,0,31.09
2288726,43.61,43.0,42.7,43.3,1,0,17.3,17.25,22527,1,0,0,31.09
2289232,43.71,43.0,42.7,43.3,1,0,17.15,17.29,23027,1,0,0,31.09
2289738,43.71,43.0,42.7,43.3,1,0,17.15,17.29,23527,1,0,0,31.09
2290244,43.75,43.0,42.7,43.3,1,0,17.32,17.33,24027,1,0,0,31.12
2290750,43.79,43.0,42.7,43.3,1,0,16.66,17.32,24530,1,0,0,31.09
2291256,43.79,43.0,42.7,43.3,1,0,16.66,17.32,25030,1,0,0,31.09
2291762,43.79,43.0,42.7,43.3,1,0,16.66,17.32,25530,1,0,0,31.09
2292268,43.92,43.0,42.7,43.3,1,0,17.13,17.39,26030,1,0,0,31.12
2292774,43.92,43.0,42.7,43.3,1,0,17.13,17.39,26530,1,0,0,31.12
2293280,43.92,43.0,42.7,43.3,1,0,17.13,17.39,27030,1,0,0,31.12
2293787,43.93,43.0,42.7,43.3,1,0,16.42,17.39,27530,1,0,0,31.12
2294294,43.93,43.0,42.7,43.3,1,0,16.42,17.39,28030,1,0,0,31.12
2294800,43.97,43.0,42.7,43.3,1,0,16.61,17.39,28530,1,0,0,31.1
2295306,43.97,43.0,42.7,43.3,1,0,16.61,17.39,29030,1,0,0,31.1
2295812,43.98,43.0,42.7,43.3,1,0,16.55,17.39,29530,1,0,0,31.09
2296318,43.98,43.0,42.7,43.3,1,0,16.51,17.4,30030,1,0,0,31.1
2296824,43.98,43.0,42.7,43.3,1,0,16.51,17.4,30530,1,0,0,31.1
2297330,44.02,43.0,42.7,43.3,1,0,16.4,17.41,31030,1,0,0,31.1
2297836,44.08,43.0,42.7,43.3,1,0,16.53,17.43,31530,1,0,0,31.1
2298342,44.09,43.0,42.7,43.3,1,0,16.29,17.43,32030,1,0,0,31.09
2298848,44.09,43.0,42.7,43.3,1,0,16.29,17.43,32530,1,0,0,31.09
2299354,44.1,43.0,42.7,43.3,1,0,15.71,17.43,33030,1,1,0,31.09
2299860,44.1,43.0,42.7,43.3,1,0,15.71,17.43,33530,1,1,0,31.09
2300366,44.12,43.0,42.7,43.3,1,0,16.22,17.44,34030,1,0,0,31.09
2300872,44.12,43.0,42.7,43.3,1,0,16.22,17.44,34530,1,0,0,31.09
2301378,44.13,43.0,42.7,43.3,1,0,15.92,17.47,35030,1,1,0,31.12
2301884,44.13,43.0,42.7,43.3,1,0,15.92,17.47,35530,1,1,0,31.12
2302390,44.16,43.0,42.7,43.3,1,0,15.9,17.48,36030,1,1,0,31.12
2302896,44.14,43.0,42.7,43.3,1,0,15.92,17.48,36530,1,1,0,31.1
2303402,44.21,43.0,42.7,43.3,1,0,16.14,17.46,37030,1,1,0,31.12
2303908,44.21,43.0,42.7,43.3,1,0,16.14,17.5,37530,1,0,0,31.12
2304414,44.19,43.0,42.7,43.3,1,0,15.73,17.5,38031,1,0,0,31.1
2304920,44.19,43.0,42.7,43.3,1,0,15.73,17.47,38531,1,1,0,31.1
2305426,44.19,43.0,42.7,43.3,1,0,15.68,17.49,39032,1,1,0,31.12
2305947,44.23,43.0,42.7,43.3,1,0,15.58,17.49,39532,1,1,0,31.1
2306454,44.23,43.0,42.7,43.3,1,0,15.58,17.49,40032,1,1,0,31.1
2306960,44.2,43.0,42.7,43.3,1,0,15.49,17.49,40532,1,1,0,31.1
2307466,44.2,43.0,42.7,43.3,1,0,15.49,17.48,41032,1,1,0,31.1
2307972,44.27,43.0,42.7,43.3,1,0,15.55,17.52,41532,1,1,0,31.12
2308478,44.24,43.0,42.7,43.3,1,0,15.36,17.52,42032,1,1,0,31.1
2308984,44.23,43.0,42.7,43.3,1,0,15.36,17.49,42532,1,1,0,31.1
2309490,44.23,43.0,42.7,43.3,1,0,15.36,17.49,43032,1,1,0,31.1
2309996,44.24,43.0,42.7,43.3,1,0,15.25,17.49,43532,1,1,0,31.1
2310502,44.23,43.0,42.7,43.3,1,0,15.21,17.49,44032,1,1,0,31.1
2311009,44.25,43.0,42.7,43.3,1,0,15.06,17.49,44532,1,1,0,31.09
2311516,44.25,43.0,42.7,43.3,1,0,15.06,17.48,45032,1,1,0,31.09
2312022,44.25,43.0,42.7,43.3,1,0,15.06,17.48,45532,1,1,0,31.09
2312528,44.26,43.0,42.7,43.3,1,0,15.12,17.48,46032,1,1,0,31.09
2313034,44.23,43.0,42.7,43.3,1,0,15.03,17.49,46532,1,1,0,31.1
2313540,44.23,43.0,42.7,43.3,1,0,15.03,17.49,47032,1,1,0,31.1
2314046,44.23,43.0,42.7,43.3,1,0,15.03,17.49,47535,1,1,0,31.1
2314553,44.19,43.0,42.7,43.3,1,0,14.99,17.49,48035,1,1,0,31.1
2315060,44.19,43.0,42.7,43.3,1,0,14.99,17.47,48535,1,1,0,31.1
2315566,44.2,43.0,42.7,43.3,1,0,14.71,17.47,49035,1,1,0,31.1
2316072,44.21,43.0,42.7,43.3,1,0,15.01,17.48,49535,1,1,0,31.1
2316578,44.21,43.0,42.7,43.3,1,0,15.01,17.48,50035,1,1,0,31.1
2317084,44.21,43.0,42.7,43.3,1,0,15.01,17.48,50535,1,1,0,31.1
2317590,44.19,43.0,42.7,43.3,1,0,14.73,17.48,51035,1,1,0,31.09
2318110,44.15,43.0,42.7,43.3,1,0,14.56,17.46,51535,1,1,0,31.09
2318617,44.15,43.0,42.7,43.3,1,0,14.56,17.45,52035,1,1,0,31.09
2319123,44.16,43.0,42.7,43.3,1,0,14.58,17.45,52535,1,1,0,31.1
2319629,44.16,43.0,42.7,43.3,1,0,14.58,17.46,53035,1,1,0,31.1
2320135,44.09,43.0,42.7,43.3,1,0,14.99,17.46,53535,1,1,0,31.1
2320641,44.09,43.0,42.7,43.3,1,0,14.99,17.44,54035,1,1,0,31.1
2321147,44.12,43.0,42.7,43.3,1,0,14.32,17.44,54535,1,1,0,31.12
2321666,44.09,43.0,42.7,43.3,1,0,14.43,17.45,55537,1,1,0,31.12
2322173,44.09,43.0,42.7,43.3,1,0,14.43,17.45,56037,1,1,0,31.12
2322679,44.12,43.0,42.7,43.3,1,0,14.45,17.45,56537,1,1,0,31.1
2323185,44.12,43.0,42.7,43.3,1,0,14.45,17.45,57037,1,1,0,31.1
2323691,44.02,43.0,42.7,43.3,1,0,14.21,17.41,57537,1,1,0,31.1
2324197,44.05,43.0,42.7,43.3,1,0,14.1,17.41,58037,1,1,0,31.09
2324703,44.0,43.0,42.7,43.3,1,0,14.17,17.4,58537,1,1,0,31.1
2325209,44.0,43.0,42.7,43.3,1,0,14.17,17.4,59037,1,1,0,31.1
2325715,43.98,43.0,42.7,43.3,1,0,13.95,17.39,59537,1,1,0,31.09
2326221,43.98,43.0,42.7,43.3,1,0,13.95,17.39,60037,1,1,0,31.09
2326727,43.98,43.0,42.7,43.3,1,0,13.95,17.39,60537,1,1,0,31.09
2327233,43.98,43.0,42.7,43.3,1,0,13.95,17.39,61037,1,1,0,31.09
2327739,43.97,43.0,42.7,43.3,1,0,14.08,17.39,61537,1,1,0,31.1
2328245,43.97,43.0,42.7,43.3,1,0,14.08,17.39,62037,1,1,0,31.1
2328751,43.91,43.0,42.7,43.3,1,0,13.71,17.37,62537,1,1,0,31.1
2329257,43.9,43.0,42.7,43.3,1,0,14.43,17.37,63037,1,1,0,31.1
2329763,43.88,43.0,42.7,43.3,1,0,13.77,17.36,63538,1,1,0,31.1
2330269,43.88,43.0,42.7,43.3,1,0,13.77,17.36,64038,1,1,0,31.1
2330775,43.76,43.0,42.7,43.3,1,0,13.71,17.3,64538,1,1,0,31.07
2331281,43.75,43.0,42.7,43.3,1,0,13.69,17.3,65038,1,1,0,31.09
2331787,43.75,43.0,42.7,43.3,1,0,13.69,17.3,65538,1,1,0,31.09
2332293,43.75,43.0,42.7,43.3,1,0,13.62,17.29,66038,1,1,0,31.07
2332799,43.75,43.0,42.7,43.3,1,0,13.62,17.29,66538,1,1,0,31.07
2333318,43.7,43.0,42.7,43.3,1,0,13.56,17.29,67038,1,1,0,31.07
2333825,43.7,43.0,42.7,43.3,1,0,13.56,17.28,67538,1,1,0,31.07
2334331,43.71,43.0,42.7,43.3,1,0,13.51,17.3,68038,1,1,0,31.1
2334837,43.68,43.0,42.7,43.3,1,0,13.38,17.3,68538,1,1,0,31.09
2335343,43.68,43.0,42.7,43.3,1,0,13.38,17.28,69038,1,1,0,31.09
2335849,43.61,43.0,42.7,43.3,1,0,13.34,17.26,69538,1,1,0,31.1
2336355,43.59,43.0,42.7,43.3,1,0,13.36,17.26,70038,1,1,0,31.09
2336861,43.59,43.0,42.7,43.3,1,0,13.36,17.25,70538,1,1,0,31.09
2337367,43.59,43.0,42.7,43.3,1,0,13.36,17.25,71039,1,1,0,31.09
2337873,43.55,43.0,42.7,43.3,1,0,13.71,17.23,71540,1,1,0,31.09
2338379,43.58,43.0,42.7,43.3,1,0,13.16,17.24,72041,1,1,0,31.09
2338885,43.55,43.0,42.7,43.3,1,0,12.37,17.24,72541,1,1,0,31.09
2339391,43.55,43.0,42.7,43.3,1,0,12.37,17.23,73041,1,1,0,31.09
2339897,43.48,43.0,42.7,43.3,1,0,13.18,17.22,73541,1,1,0,31.1
2340403,43.48,43.0,42.7,43.3,1,0,13.18,17.22,74041,1,1,0,31.1
2340909,43.44,43.0,42.7,43.3,1,0,13.03,17.19,74541,1,1,0,31.09
2341415,43.42,43.0,42.7,43.3,1,0,13.03,17.19,75041,1,1,1,31.12
2341925,43.41,43.0,42.7,43.3,1,0,12.81,17.21,75541,1,1,1,31.07
2342432,43.41,43.0,42.7,43.3,1,0,12.81,17.17,76041,1,1,1,31.07
2342938,43.33,43.0,42.7,43.3,1,0,12.99,17.17,76541,1,1,1,31.09
2343444,43.31,43.0,42.7,43.3,1,0,12.9,17.15,77041,1,1,1,31.09
2343950,43.31,43.0,42.7,43.3,1,0,12.9,17.14,77541,1,1,1,31.09
2344456,43.32,43.0,42.7,43.3,1,0,12.57,17.16,78041,1,1,1,31.1
2344962,43.27,43.0,42.7,43.3,0,0,12.79,17.12,0,1,1,0,31.07
2345468,43.27,43.0,42.7,43.3,0,0,12.79,17.12,500,1,1,0,31.07
2345974,43.27,43.0,42.7,43.3,0,0,12.79,17.12,1000,1,1,0,31.07
2346480,43.2,43.0,42.7,43.3,0,0,12.7,17.12,1500,1,1,0,31.12
2346986,43.2,43.0,42.7,43.3,0,0,12.7,17.13,2000,1,1,0,31.12
2347492,43.2,43.0,42.7,43.3,0,0,12.7,17.13,2500,1,1,0,31.12
2347998,43.17,43.0,42.7,43.3,0,0,12.83,17.13,3000,1,1,0,31.09
2348504,43.17,43.0,42.7,43.3,0,0,12.83,17.09,3500,1,1,0,31.09
2349010,43.11,43.0,42.7,43.3,0,0,12.83,17.08,4000,1,1,0,31.1
2349517,43.08,43.0,42.7,43.3,0,0,12.72,17.08,4500,1,1,0,31.1
2350024,43.08,43.0,42.7,43.3,0,0,12.72,17.07,5000,1,1,0,31.1
2350530,43.05,43.0,42.7,43.3,0,0,13.14,17.07,5500,1,1,0,31.12
2351036,42.98,43.0,42.7,43.3,0,0,12.85,17.08,6000,1,1,0,31.09
2351542,42.98,43.0,42.7,43.3,0,0,12.85,17.02,6500,1,1,0,31.09
2352048,42.9,43.0,42.7,43.3,0,0,12.88,17.02,7000,1,1,0,31.09
2352554,42.9,43.0,42.7,43.3,0,0,12.88,17.0,7500,1,1,0,31.09
2353060,42.92,43.0,42.7,43.3,0,0,13.07,16.99,8000,1,1,0,31.07
2353566,42.92,43.0,42.7,43.3,0,0,13.07,16.99,8500,1,1,0,31.1
2354072,42.92,43.0,42.7,43.3,0,0,13.07,17.01,9000,1,1,0,31.1
2354578,42.83,43.0,42.7,43.3,0,0,13.21,17.01,9500,1,1,0,31.1
2355084,42.83,43.0,42.7,43.3,0,0,13.21,16.98,10000,1,1,0,31.1
2355590,42.76,43.0,42.7,43.3,0,0,13.18,16.98,10500,1,1,0,31.07
2356096,42.8,43.0,42.7,43.3,0,0,13.31,16.93,11000,1,1,0,31.1
2356602,42.8,43.0,42.7,43.3,0,0,13.31,16.97,11500,1,1,0,31.1
2357108,42.74,43.0,42.7,43.3,0,0,13.56,16.94,12000,1,1,0,31.09
2357614,42.73,43.0,42.7,43.3,0,0,13.53,16.94,12500,1,1,0,31.1
2358127,42.67,43.0,42.7,43.3,0,0,13.84,16.94,13000,1,1,0,31.09
2358634,42.67,43.0,42.7,43.3,0,0,13.84,16.91,13500,1,1,0,31.09
2359140,42.67,43.0,42.7,43.3,0,0,13.84,16.91,14000,1,1,0,31.09
2359646,42.67,43.0,42.7,43.3,0,0,13.84,16.91,14500,1,1,0,31.09
2360152,42.61,43.0,42.7,43.3,0,0,13.86,16.91,15000,1,1,0,31.1
2360658,42.61,43.0,42.7,43.3,0,0,13.86,16.9,15500,1,1,0,31.1
2361164,42.61,43.0,42.7,43.3,0,0,13.86,16.9,16000,1,1,0,31.1
2361670,42.61,43.0,42.7,43.3,0,0,13.86,16.9,17000,1,1,0,31.1
2362176,42.61,43.0,42.7,43.3,0,0,13.86,16.9,17500,1,1,0,31.1
2362682,42.52,43.0,42.7,43.3,0,0,14.25,16.86,18000,1,1,0,31.09
2363188,42.52,43.0,42.7,43.3,0,0,14.25,16.86,18500,1,1,0,31.09
2363694,42.48,43.0,42.7,43.3,0,0,14.32,16.83,19000,1,1,0,31.07
2364200,42.5,43.0,42.7,43.3,0,0,14.64,16.83,19500,1,1,0,31.07
2364706,42.47,43.0,42.7,43.3,0,0,14.64,16.82,20000,1,1,0,31.07
2365213,42.44,43.0,42.7,43.3,0,0,14.58,16.82,20500,1,1,0,31.1
2365720,42.44,43.0,42.7,43.3,0,0,14.58,16.84,21000,1,1,0,31.1
2366226,42.4,43.0,42.7,43.3,0,0,14.95,16.81,21500,1,1,0,31.09
2366732,42.4,43.0,42.7,43.3,0,0,14.95,16.81,22000,1,1,0,31.09
2367238,42.41,43.0,42.7,43.3,0,0,14.97,16.81,22500,1,1,0,31.09
2367744,42.41,43.0,42.7,43.3,0,0,14.97,16.81,23000,1,1,0,31.09
2368250,42.41,43.0,42.7,43.3,0,0,14.99,16.79,23500,1,1,0,31.06
2368756,42.34,43.0,42.7,43.3,0,0,15.08,16.79,24000,1,1,0,31.09
2369262,42.34,43.0,42.7,43.3,0,0,15.08,16.79,24500,1,1,0,31.09
2369768,42.36,43.0,42.7,43.3,0,0,15.34,16.8,25000,1,0,0,31.09
2370274,42.35,43.0,42.7,43.3,0,0,15.38,16.78,25500,1,0,0,31.07
2370780,42.32,43.0,42.7,43.3,0,0,15.45,16.79,26000,1,0,0,31.1
2371286,42.32,43.0,42.7,43.3,0,0,15.45,16.79,26500,1,0,0,31.1
2371792,42.3,43.0,42.7,43.3,0,0,15.47,16.78,27000,1,0,0,31.1
2372298,42.31,43.0,42.7,43.3,0,0,15.66,16.77,27500,1,0,0,31.09
2372804,42.31,43.0,42.7,43.3,0,0,15.66,16.77,28000,1,0,0,31.09
2373310,42.32,43.0,42.7,43.3,0,0,15.71,16.78,28500,1,0,0,31.09
2373816,42.32,43.0,42.7,43.3,0,0,15.68,16.79,29000,1,0,0,31.1
2374323,42.28,43.0,42.7,43.3,0,0,15.88,16.79,29500,1,0,0,31.1
2374830,42.28,43.0,42.7,43.3,0,0,15.88,16.78,30000,1,0,0,31.1
2375336,42.28,43.0,42.7,43.3,0,0,15.88,16.78,30500,1,0,0,31.1
2375842,42.28,43.0,42.7,43.3,0,0,15.88,16.78,31000,1,0,0,31.1
2376348,42.29,43.0,42.7,43.3,0,0,16.27,16.76,31500,1,0,0,31.07
2376854,42.31,43.0,42.7,43.3,0,0,16.1,16.79,32000,1,0,0,31.1
2377360,42.31,43.0,42.7,43.3,0,0,16.25,16.79,32501,1,0,0,31.09
2377866,42.31,43.0,42.7,43.3,0,0,16.25,16.77,33002,1,0,0,31.09
2378372,42.31,43.0,42.7,43.3,0,0,16.7,16.77,33503,1,0,0,31.09
2378878,42.31,43.0,42.7,43.3,0,0,16.7,16.77,34003,1,0,0,31.09
2379384,42.26,43.0,42.7,43.3,0,0,16.48,16.77,34503,1,0,0,31.07
2379890,42.26,43.0,42.7,43.3,0,0,16.48,16.75,35003,1,0,0,31.07
2380396,42.26,43.0,42.7,43.3,0,0,16.48,16.75,35503,1,0,0,31.07
2380902,42.26,43.0,42.7,43.3,0,0,16.48,16.75,36003,1,0,0,31.07
2381408,42.35,43.0,42.7,43.3,0,0,17.13,16.77,36503,1,0,0,31.06
2381914,42.31,43.0,42.7,43.3,0,0,16.96,16.77,37003,1,0,0,31.09
2382420,42.36,43.0,42.7,43.3,0,0,17.04,16.77,37503,1,0,0,31.09
2382926,42.36,43.0,42.7,43.3,0,0,17.04,16.8,38003,1,0,0,31.09
2383432,42.36,43.0,42.7,43.3,0,0,17.11,16.8,38503,1,0,0,31.09
2383938,42.36,43.0,42.7,43.3,0,0,17.11,16.8,39003,1,0,0,31.09
2384444,42.36,43.0,42.7,43.3,0,0,17.26,16.8,39503,1,0,0,31.09
2384958,42.32,43.0,42.7,43.3,0,0,17.24,16.8,40003,1,0,0,31.1
2385465,42.32,43.0,42.7,43.3,0,0,17.24,16.79,40503,1,0,0,31.1
2385971,42.45,43.0,42.7,43.3,0,0,17.3,16.79,41003,1,0,0,31.09
2386477,42.45,43.0,42.7,43.3,0,0,17.3,16.83,41503,1,0,0,31.09
2386983,42.44,43.0,42.7,43.3,0,0,17.41,16.83,42003,1,0,0,31.09
2387489,42.44,43.0,42.7,43.3,0,0,17.41,16.82,42503,1,0,0,31.09
2387995,42.47,43.0,42.7,43.3,0,0,17.5,16.82,43003,1,0,0,31.09
2388501,42.47,43.0,42.7,43.3,0,0,17.5,16.83,43503,1,0,0,31.09
2389008,42.49,43.0,42.7,43.3,0,0,18.34,16.83,44003,1,0,0,31.12
2389514,42.5,43.0,42.7,43.3,0,0,17.73,16.87,44503,1,0,0,31.1
2390020,42.5,43.0,42.7,43.3,0,0,17.73,16.86,45003,1,0,0,31.1
2390526,42.54,43.0,42.7,43.3,0,0,17.82,16.84,45503,1,0,0,31.06
2391032,42.54,43.0,42.7,43.3,0,0,17.82,16.84,46003,1,0,0,31.06
2391538,42.54,43.0,42.7,43.3,0,0,17.32,16.87,46506,1,0,0,31.1
2392044,42.57,43.0,42.7,43.3,0,0,18.06,16.87,47006,1,0,0,31.07
2392550,42.56,43.0,42.7,43.3,0,0,18.16,16.86,47506,1,0,0,31.1
2393056,42.56,43.0,42.7,43.3,0,0,18.16,16.88,48006,1,0,0,31.1
2393562,42.56,43.0,42.7,43.3,0,0,18.16,16.88,48506,1,0,0,31.1
2394068,42.56,43.0,42.7,43.3,0,0,18.16,16.88,49006,1,0,0,31.1
2394574,42.61,43.0,42.7,43.3,0,0,17.97,16.88,49506,1,0,0,31.09
2395080,42.61,43.0,42.7,43.3,0,0,17.97,16.89,50006,1,0,0,31.09
2395586,42.66,43.0,42.7,43.3,0,0,18.55,16.89,50506,1,0,0,31.1
2396092,42.66,43.0,42.7,43.3,0,0,18.55,16.92,51006,1,0,0,31.1
2396598,42.72,43.0,42.7,43.3,0,0,18.49,16.92,51509,1,0,0,31.09
2397104,42.72,43.0,42.7,43.3,1,0,18.49,16.93,0,1,0,0,31.09
2397610,42.75,43.0,42.7,43.3,1,0,18.68,16.96,501,1,0,0,31.12
2398116,42.78,43.0,42.7,43.3,1,0,18.57,16.96,1001,1,0,0,31.12
2398622,42.78,43.0,42.7,43.3,1,0,18.57,16.98,1501,1,0,0,31.12
2399128,42.78,43.0,42.7,43.3,1,0,18.53,16.98,2001,1,0,0,31.1
2399634,42.78,43.0,42.7,43.3,1,0,18.53,16.96,2501,1,0,0,31.1
2400140,42.8,43.0,42.7,43.3,1,0,18.75,16.96,3001,1,0,0,31.07
2400646,42.82,43.0,42.7,43.3,1,0,18.85,16.95,3501,1,0,0,31.1
2401152,42.82,43.0,42.7,43.3,1,0,18.85,16.98,4001,1,0,0,31.1
2401658,42.88,43.0,42.7,43.3,1,0,18.85,16.98,4501,1,0,0,31.09
2402164,42.88,43.0,42.7,43.3,1,0,18.85,16.98,5001,1,0,0,31.09
2402670,42.88,43.0,42.7,43.3,1,0,18.85,16.98,5501,1,0,0,31.09
2403176,42.88,43.0,42.7,43.3,1,0,18.85,16.98,6001,1,0,0,31.09
2403682,42.95,43.0,42.7,43.3,1,0,18.12,17.04,7002,1,0,0,31.12
2404188,42.95,43.0,42.7,43.3,1,0,18.12,17.04,7502,1,0,0,31.12
2404694,42.95,43.0,42.7,43.3,1,0,18.12,17.04,8002,1,0,0,31.12
2405200,42.98,43.0,42.7,43.3,1,0,18.64,17.02,8502,1,0,0,31.09
2405706,42.98,43.0,42.7,43.3,1,0,18.64,17.02,9002,1,0,0,31.09
2406212,43.05,43.0,42.7,43.3,1,0,18.83,17.05,9502,1,0,0,31.09
2406718,43.07,43.0,42.7,43.3,1,0,18.6,17.05,10002,1,0,0,31.09
2407224,43.07,43.0,42.7,43.3,1,0,18.6,17.05,10502,1,0,0,31.09
2407730,43.07,43.0,42.7,43.3,1,0,18.6,17.05,11002,1,0,0,31.09
2408236,43.14,43.0,42.7,43.3,1,0,18.38,17.08,11502,1,0,0,31.09
2408742,43.16,43.0,42.7,43.3,1,0,18.42,17.09,12002,1,0,0,31.09
2409248,43.18,43.0,42.7,43.3,1,0,18.51,17.1,12512,1,0,0,31.09
2409754,43.18,43.0,42.7,43.3,1,0,18.51,17.1,13012,1,0,0,31.09
2410260,43.18,43.0,42.7,43.3,1,0,18.51,17.1,13512,1,0,0,31.09
2410766,43.2,43.0,42.7,43.3,1,0,18.19,17.1,14012,1,0,0,31.09
2411272,43.2,43.0,42.7,43.3,1,0,18.19,17.1,14512,1,0,0,31.09
2411778,43.27,43.0,42.7,43.3,1,0,18.01,17.13,15012,1,0,0,31.09
2412284,43.32,43.0,42.7,43.3,1,0,17.99,17.16,15512,1,0,0,31.1
2412790,43.32,43.0,42.7,43.3,1,0,17.99,17.16,16012,1,0,0,31.1
2413296,43.32,43.0,42.7,43.3,1,0,17.99,17.16,16512,1,0,0,31.1
2413805,43.39,43.0,42.7,43.3,1,0,17.86,17.16,17015,1,0,0,31.09
2414312,43.39,43.0,42.7,43.3,1,0,17.86,17.17,17515,1,0,0,31.09
2414818,43.39,43.0,42.7,43.3,1,0,17.86,17.17,18015,1,0,0,31.09
2415324,43.39,43.0,42.7,43.3,1,0,17.86,17.17,18515,1,0,0,31.09
2415830,43.49,43.0,42.7,43.3,1,0,17.8,17.24,19015,1,0,0,31.12
2416336,43.52,43.0,42.7,43.3,1,0,17.73,17.22,19515,1,0,0,31.09
2416842,43.52,43.0,42.7,43.3,1,0,17.73,17.22,20015,1,0,0,31.09
2417348,43.61,43.0,42.7,43.3,1,0,17.48,17.22,20515,1,0,0,31.1
2417854,43.61,43.0,42.7,43.3,1,0,17.48,17.26,21015,1,0,0,31.1
2418360,43.59,43.0,42.7,43.3,1,0,17.48,17.26,21515,1,0,0,31.1
2418866,43.59,43.0,42.7,43.3,1,0,17.48,17.26,22015,1,0,0,31.1
2419372,43.66,43.0,42.7,43.3,1,0,17.28,17.28,22515,1,0,0,31.1
2419878,43.66,43.0,42.7,43.3,1,0,17.28,17.28,23015,1,0,0,31.1
2420384,43.71,43.0,42.7,43.3,1,0,17.82,17.3,23529,1,0,0,31.1
2420890,43.71,43.0,42.7,43.3,1,0,17.82,17.3,24029,1,0,0,31.1
2421397,43.75,43.0,42.7,43.3,1,0,17.15,17.32,24529,1,0,0,31.1
2421903,43.75,43.0,42.7,43.3,1,0,17.15,17.32,25029,1,0,0,31.1
2422409,43.75,43.0,42.7,43.3,1,0,17.15,17.32,25529,1,0,0,31.1
2422915,43.81,43.0,42.7,43.3,1,0,17.07,17.35,26029,1,0,0,31.12
2423421,43.87,43.0,42.7,43.3,1,0,16.87,17.36,26529,1,0,0,31.1
2423927,43.87,43.0,42.7,43.3,1,0,16.87,17.36,27029,1,0,0,31.1
2424433,43.87,43.0,42.7,43.3,1,0,16.87,17.36,27529,1,0,0,31.1
2424939,43.91,43.0,42.7,43.3,1,0,16.74,17.36,28029,1,0,0,31.09
2425445,43.97,43.0,42.7,43.3,1,0,16.57,17.36,28529,1,0,0,31.1
2425951,43.97,43.0,42.7,43.3,1,0,16.57,17.39,29029,1,0,0,31.1
2426457,43.97,43.0,42.7,43.3,1,0,16.57,17.39,29529,1,0,0,31.1
2426963,43.97,43.0,42.7,43.3,1,0,16.57,17.39,30029,1,0,0,31.1
2427469,43.97,43.0,42.7,43.3,1,0,16.57,17.39,30529,1,0,0,31.1
2427975,44.01,43.0,42.7,43.3,1,0,16.66,17.4,31029,1,0,0,31.09
2428481,44.06,43.0,42.7,43.3,1,0,16.22,17.42,31529,1,0,0,31.09
2428987,44.14,43.0,42.7,43.3,1,0,16.05,17.42,32029,1,0,0,31.1
2429493,44.14,43.0,42.7,43.3,1,0,16.05,17.46,32529,1,0,0,31.1
2429999,44.12,43.0,42.7,43.3,1,0,16.29,17.44,33029,1,0,0,31.09
2430505,44.08,43.0,42.7,43.3,1,0,16.18,17.44,33529,1,0,0,31.09
2431011,44.08,43.0,42.7,43.3,1,0,16.18,17.42,34029,1,0,0,31.09
2431517,44.08,43.0,42.7,43.3,1,0,16.18,17.42,34529,1,0,0,31.09
2432023,44.08,43.0,42.7,43.3,1,0,16.18,17.42,35029,1,0,0,31.09
2432529,44.16,43.0,42.7,43.3,1,0,16.01,17.46,35529,1,0,0,31.1
2433035,44.16,43.0,42.7,43.3,1,0,16.01,17.46,36029,1,0,0,31.1
2433541,44.19,43.0,42.7,43.3,1,0,16.29,17.46,36529,1,0,0,31.09
2434047,44.19,43.0,42.7,43.3,1,0,16.29,17.46,37029,1,0,0,31.09
2434553,44.23,43.0,42.7,43.3,1,0,15.62,17.49,37529,1,1,0,31.1
2435059,44.23,43.0,42.7,43.3,1,0,15.62,17.49,38029,1,1,0,31.1
2435565,44.23,43.0,42.7,43.3,1,0,15.62,17.49,38529,1,1,0,31.1
2436071,44.2,43.0,42.7,43.3,1,0,15.34,17.49,39029,1,1,0,31.07
2436577,44.22,43.0,42.7,43.3,1,0,16.2,17.45,39529,1,1,0,31.07
2437083,44.22,43.0,42.7,43.3,1,0,16.2,17.46,40029,1,0,0,31.07
2437589,44.21,43.0,42.7,43.3,1,0,15.49,17.47,40541,1,1,0,31.09
2438095,44.21,43.0,42.7,43.3,1,0,15.49,17.47,41041,1,1,0,31.09
2438602,44.25,43.0,42.7,43.3,1,0,15.51,17.47,41541,1,1,0,31.1
2439108,44.23,43.0,42.7,43.3,1,0,15.32,17.5,42041,1,1,0,31.12
2439614,44.25,43.0,42.7,43.3,1,0,15.4,17.5,42541,1,1,0,31.1
2440120,44.25,43.0,42.7,43.3,1,0,15.4,17.5,43041,1,1,0,31.1
2440626,44.25,43.0,42.7,43.3,1,0,15.4,17.5,43541,1,1,0,31.1
2441132,44.25,43.0,42.7,43.3,1,0,15.4,17.5,44041,1,1,0,31.1
2441638,44.25,43.0,42.7,43.3,1,0,15.4,17.5,44541,1,1,0,31.1
2442144,44.24,43.0,42.7,43.3,1,0,15.16,17.5,45045,1,1,0,31.1
2442650,44.24,43.0,42.7,43.3,1,0,15.01,17.49,45545,1,1,0,31.09
2443156,44.21,43.0,42.7,43.3,1,0,15.1,17.48,46047,1,1,0,31.1
2443662,44.21,43.0,42.7,43.3,1,0,15.29,17.48,46547,1,1,0,31.12
2444168,44.21,43.0,42.7,43.3,1,0,15.29,17.5,47048,1,1,0,31.12
2444674,44.23,43.0,42.7,43.3,1,0,14.99,17.5,47548,1,1,0,31.1
2445180,44.23,43.0,42.7,43.3,1,0,14.99,17.49,48048,1,1,0,31.1
2445686,44.21,43.0,42.7,43.3,1,0,14.6,17.49,48548,1,1,0,31.1
2446192,44.21,43.0,42.7,43.3,1,0,14.6,17.48,49048,1,1,0,31.1
2446698,44.21,43.0,42.7,43.3,1,0,14.6,17.48,49548,1,1,0,31.1
2447204,44.19,43.0,42.7,43.3,1,0,14.19,17.48,50048,1,1,0,31.1
2447710,44.19,43.0,42.7,43.3,1,0,14.19,17.47,50548,1,1,0,31.1
2448216,44.19,43.0,42.7,43.3,1,0,14.58,17.47,51048,1,1,0,31.09
2448722,44.19,43.0,42.7,43.3,1,0,14.58,17.46,51548,1,1,0,31.09
2449228,44.12,43.0,42.7,43.3,1,0,14.64,17.46,52052,1,1,0,31.09
2449734,44.12,43.0,42.7,43.3,1,0,14.64,17.44,52558,1,1,0,31.09
2450240,44.12,43.0,42.7,43.3,1,0,14.64,17.44,53560,1,1,0,31.09
2450746,44.12,43.0,42.7,43.3,1,0,14.64,17.44,54060,1,1,0,31.09
2451252,44.09,43.0,42.7,43.3,1,0,14.38,17.44,54560,1,1,0,31.1
2451758,44.09,43.0,42.7,43.3,1,0,14.38,17.44,55060,1,1,0,31.1
2452265,44.09,43.0,42.7,43.3,1,0,14.27,17.44,55560,1,1,0,31.1
2452772,44.09,43.0,42.7,43.3,1,0,14.27,17.44,56060,1,1,0,31.1
2453278,44.05,43.0,42.7,43.3,1,0,14.21,17.41,56560,1,1,0,31.09
2453784,44.05,43.0,42.7,43.3,1,0,14.21,17.41,57063,1,1,0,31.09
2454290,44.03,43.0,42.7,43.3,1,0,14.34,17.41,57564,1,1,0,31.09
2454796,44.03,43.0,42.7,43.3,1,0,14.34,17.41,58064,1,1,0,31.09
2455302,44.03,43.0,42.7,43.3,1,0,14.34,17.41,58564,1,1,0,31.09
2455809,43.95,43.0,42.7,43.3,1,0,14.01,17.41,59064,1,1,0,31.07
2456316,43.95,43.0,42.7,43.3,1,0,14.01,17.36,59564,1,1,0,31.07
2456822,43.95,43.0,42.7,43.3,1,0,14.01,17.36,60064,1,1,0,31.07
2457328,43.95,43.0,42.7,43.3,1,0,14.01,17.36,60564,1,1,0,31.07
2457834,43.95,43.0,42.7,43.3,1,0,14.01,17.36,61064,1,1,0,31.07
2458340,43.92,43.0,42.7,43.3,1,0,13.84,17.35,61564,1,1,0,31.07
2458846,43.95,43.0,42.7,43.3,1,0,13.66,17.38,62064,1,1,0,31.09
2459352,43.95,43.0,42.7,43.3,1,0,13.66,17.38,62564,1,1,0,31.09
2459858,43.95,43.0,42.7,43.3,1,0,13.66,17.38,63064,1,1,0,31.09
2460364,43.85,43.0,42.7,43.3,1,0,13.84,17.34,63564,1,1,0,31.09
2460870,43.84,43.0,42.7,43.3,1,0,13.75,17.34,64064,1,1,0,31.09
2461376,43.84,43.0,42.7,43.3,1,0,13.75,17.34,64564,1,1,0,31.09
2461882,43.81,43.0,42.7,43.3,1,0,13.84,17.3,65064,1,1,0,31.06
2462388,43.78,43.0,42.7,43.3,1,0,13.6,17.31,65564,1,1,0,31.09
2462903,43.71,43.0,42.7,43.3,1,0,13.8,17.31,66064,1,1,0,31.09
2463410,43.71,43.0,42.7,43.3,1,0,13.8,17.29,66564,1,1,0,31.09
2463916,43.71,43.0,42.7,43.3,1,0,13.8,17.29,67064,1,1,0,31.09
2464422,43.7,43.0,42.7,43.3,1,0,13.6,17.26,67564,1,1,0,31.06
2464928,43.7,43.0,42.7,43.3,1,0,13.6,17.26,68064,1,1,0,31.06
2465434,43.7,43.0,42.7,43.3,1,0,13.6,17.26,68564,1,1,0,31.06
2465940,43.66,43.0,42.7,43.3,1,0,13.38,17.27,69068,1,1,0,31.09
2466446,43.66,43.0,42.7,43.3,1,0,13.38,17.27,69568,1,1,0,31.09
2466952,43.65,43.0,42.7,43.3,1,0,13.34,17.27,70068,1,1,0,31.09
2467458,43.65,43.0,42.7,43.3,1,0,13.34,17.27,70568,1,1,0,31.09
2467964,43.65,43.0,42.7,43.3,1,0,13.34,17.27,71068,1,1,0,31.09
2468470,43.53,43.0,42.7,43.3,1,0,13.49,17.22,71568,1,1,0,31.09
2468976,43.52,43.0,42.7,43.3,1,0,13.21,17.21,72068,1,1,0,31.07
2469482,43.56,43.0,42.7,43.3,1,0,13.14,17.21,72568,1,1,0,31.07
2469988,43.56,43.0,42.7,43.3,1,0,13.14,17.22,73068,1,1,0,31.07
2470494,43.53,43.0,42.7,43.3,1,0,13.12,17.21,73568,1,1,0,31.07
2471000,43.53,43.0,42.7,43.3,1,0,13.12,17.21,74068,1,1,0,31.07
2471506,43.53,43.0,42.7,43.3,1,0,13.12,17.21,74568,1,1,0,31.07
2472012,43.53,43.0,42.7,43.3,1,0,13.12,17.21,75068,1,1,1,31.07
2472518,43.53,43.0,42.7,43.3,1,0,13.12,17.21,75568,1,1,1,31.07
2473024,43.37,43.0,42.7,43.3,1,0,13.05,17.21,76068,1,1,1,31.09
2473530,43.34,43.0,42.7,43.3,1,0,13.18,17.17,76568,1,1,1,31.09
2474036,43.34,43.0,42.7,43.3,1,0,13.18,17.16,77068,1,1,1,31.09
2474542,43.32,43.0,42.7,43.3,1,0,13.18,17.17,77568,1,1,1,31.12
2475048,43.33,43.0,42.7,43.3,1,0,12.85,17.17,78068,1,1,1,31.09
2475554,43.33,43.0,42.7,43.3,1,0,12.85,17.15,78568,1,1,1,31.09
2476060,43.23,43.0,42.7,43.3,0,0,12.79,17.11,0,1,1,0,31.09
2476566,43.22,43.0,42.7,43.3,0,0,13.01,17.11,500,1,1,0,31.07
2477076,43.2,43.0,42.7,43.3,0,0,12.83,17.1,1000,1,1,0,31.12
2477583,43.2,43.0,42.7,43.3,0,0,12.83,17.13,1500,1,1,0,31.12
2478089,43.16,43.0,42.7,43.3,0,0,12.75,17.13,2000,1,1,0,31.1
2478595,43.16,43.0,42.7,43.3,0,0,12.75,17.1,2500,1,1,0,31.1
2479101,43.09,43.0,42.7,43.3,0,0,12.64,17.1,3000,1,1,0,31.09
2479607,43.08,43.0,42.7,43.3,0,0,12.37,17.06,3500,1,1,0,31.07
2480113,43.08,43.0,42.7,43.3,0,0,12.37,17.05,4000,1,1,0,31.07
2480631,42.99,43.0,42.7,43.3,0,0,12.83,17.05,4500,1,1,0,31.06
2481138,42.99,43.0,42.7,43.3,0,0,12.83,17.0,5000,1,1,0,31.06
2481644,42.99,43.0,42.7,43.3,0,0,12.83,17.0,5500,1,1,0,31.06
2482150,42.99,43.0,42.7,43.3,0,0,13.25,17.0,6000,1,1,0,31.06
2482656,42.96,43.0,42.7,43.3,0,0,12.81,17.0,6500,1,1,0,31.07
2483162,42.92,43.0,42.7,43.3,0,0,12.99,17.0,7000,1,1,0,31.07
2483668,42.88,43.0,42.7,43.3,0,0,12.9,16.99,7500,1,1,0,31.09
2484174,42.85,43.0,42.7,43.3,0,0,12.96,16.98,8000,1,1,0,31.09
2484680,42.85,43.0,42.7,43.3,0,0,12.96,16.97,8500,1,1,0,31.09
2485186,42.83,43.0,42.7,43.3,0,0,12.77,16.97,9000,1,1,0,31.07
2485692,42.83,43.0,42.7,43.3,0,0,12.77,16.96,9500,1,1,0,31.07
2486198,42.71,43.0,42.7,43.3,0,0,13.27,16.96,10000,1,1,0,31.07
2486704,42.76,43.0,42.7,43.3,0,0,13.42,16.91,10500,1,1,0,31.09
2487210,42.76,43.0,42.7,43.3,0,0,13.42,16.94,11000,1,1,0,31.09
2487716,42.72,43.0,42.7,43.3,0,0,13.31,16.94,11500,1,1,0,31.09
2488222,42.7,43.0,42.7,43.3,0,0,13.51,16.93,12000,1,1,0,31.07
2488728,42.7,43.0,42.7,43.3,0,0,13.51,16.91,12500,1,1,0,31.07
2489234,42.64,43.0,42.7,43.3,0,0,13.47,16.9,13012,1,1,0,31.09
2489744,42.66,43.0,42.7,43.3,0,0,13.58,16.9,13512,1,1,0,31.09
2490251,42.66,43.0,42.7,43.3,0,0,13.58,16.9,14012,1,1,0,31.09
2490757,42.66,43.0,42.7,43.3,0,0,13.58,16.9,14512,1,1,0,31.09
2491263,42.52,43.0,42.7,43.3,0,0,13.9,16.86,15515,1,1,0,31.09
2491770,42.52,43.0,42.7,43.3,0,0,13.9,16.86,16015,1,1,0,31.09
2492276,42.57,43.0,42.7,43.3,0,0,13.84,16.86,16515,1,1,0,31.07
2492782,42.57,43.0,42.7,43.3,0,0,13.84,16.86,17015,1,1,0,31.07
2493288,42.57,43.0,42.7,43.3,0,0,13.84,16.86,17515,1,1,0,31.07
2493794,42.57,43.0,42.7,43.3,0,0,13.84,16.86,18015,1,1,0,31.07
2494300,42.57,43.0,42.7,43.3,0,0,13.84,16.86,18515,1,1,0,31.07
2494806,42.48,43.0,42.7,43.3,0,0,14.56,16.83,19015,1,1,0,31.07
2495312,42.48,43.0,42.7,43.3,0,0,14.56,16.83,19515,1,1,0,31.07
2495818,42.48,43.0,42.7,43.3,0,0,14.56,16.83,20015,1,1,0,31.07
2496324,42.41,43.0,42.7,43.3,0,0,14.82,16.83,20515,1,1,0,31.1
2496830,42.41,43.0,42.7,43.3,0,0,14.82,16.83,21015,1,1,0,31.1
2497336,42.38,43.0,42.7,43.3,0,0,14.77,16.83,21515,1,1,0,31.09
2497842,42.38,43.0,42.7,43.3,0,0,14.77,16.8,22015,1,1,0,31.09
2498348,42.35,43.0,42.7,43.3,0,0,14.99,16.79,22515,1,1,0,31.09
2498854,42.31,43.0,42.7,43.3,0,0,14.95,16.77,23023,1,1,0,31.09
2499360,42.31,43.0,42.7,43.3,0,0,14.95,16.77,23523,1,1,0,31.09
2499866,42.31,43.0,42.7,43.3,0,0,15.14,16.77,24023,1,1,0,31.09
2500372,42.31,43.0,42.7,43.3,0,0,15.14,16.77,24523,1,1,0,31.09
2500878,42.34,43.0,42.7,43.3,0,0,15.21,16.77,25023,1,1,0,31.07
2501384,42.31,43.0,42.7,43.3,0,0,15.45,16.76,25523,1,0,0,31.07
2501890,42.31,43.0,42.7,43.3,0,0,15.45,16.76,26023,1,0,0,31.07
2502396,42.29,43.0,42.7,43.3,0,0,15.34,16.76,26523,1,0,0,31.07
2502905,42.29,43.0,42.7,43.3,0,0,15.34,16.76,27023,1,0,0,31.07
2503411,42.26,43.0,42.7,43.3,0,0,15.77,16.76,27523,1,0,0,31.09
2503917,42.25,43.0,42.7,43.3,0,0,15.75,16.76,28023,1,0,0,31.07
2504423,42.25,43.0,42.7,43.3,0,0,15.75,16.74,28523,1,0,0,31.07
2504929,42.26,43.0,42.7,43.3,0,0,15.88,16.74,29023,1,0,0,31.06
2505435,42.28,43.0,42.7,43.3,0,0,15.86,16.73,29523,1,0,0,31.09
2505941,42.28,43.0,42.7,43.3,0,0,15.86,16.76,30023,1,0,0,31.09
2506447,42.25,43.0,42.7,43.3,0,0,16.01,16.76,30523,1,0,0,31.1
2506954,42.25,43.0,42.7,43.3,0,0,16.01,16.77,31023,1,0,0,31.1
2507461,42.29,43.0,42.7,43.3,0,0,16.87,16.76,31523,1,0,0,31.07
2507967,42.25,43.0,42.7,43.3,0,0,15.99,16.76,32023,1,0,0,31.07
2508473,42.25,43.0,42.7,43.3,0,0,15.99,16.74,32523,1,0,0,31.07
2508979,42.28,43.0,42.7,43.3,0,0,16.38,16.76,33023,1,0,0,31.09
2509485,42.28,43.0,42.7,43.3,0,0,16.38,16.76,33523,1,0,0,31.09
2509991,42.25,43.0,42.7,43.3,0,0,16.57,16.74,34023,1,0,0,31.07
2510497,42.25,43.0,42.7,43.3,0,0,16.57,16.74,34523,1,0,0,31.07
2511003,42.25,43.0,42.7,43.3,0,0,16.57,16.74,35023,1,0,0,31.07
2511509,42.25,43.0,42.7,43.3,0,0,16.57,16.74,35523,1,0,0,31.07
2512015,42.28,43.0,42.7,43.3,0,0,16.96,16.74,36023,1,0,0,31.09
2512521,42.28,43.0,42.7,43.3,0,0,16.96,16.76,36523,1,0,0,31.09
2513027,42.29,43.0,42.7,43.3,0,0,16.98,16.77,37023,1,0,0,31.09
2513533,42.32,43.0,42.7,43.3,0,0,17.0,16.77,37523,1,0,0,31.07
2514039,42.32,43.0,42.7,43.3,0,0,17.0,16.77,38023,1,0,0,31.07
2514545,42.34,43.0,42.7,43.3,0,0,16.92,16.79,38523,1,0,0,31.09
2515051,42.36,43.0,42.7,43.3,0,0,17.15,16.79,39023,1,0,0,31.09
2515557,42.36,43.0,42.7,43.3,0,0,17.15,16.8,39523,1,0,0,31.09
2516063,42.31,43.0,42.7,43.3,0,0,17.17,16.76,40023,1,0,0,31.07
2516569,42.31,43.0,42.7,43.3,0,0,17.17,16.76,40523,1,0,0,31.07
2517075,42.31,43.0,42.7,43.3,0,0,17.17,16.76,41023,1,0,0,31.07
2517581,42.31,43.0,42.7,43.3,0,0,17.17,16.76,41523,1,0,0,31.07
2518087,42.43,43.0,42.7,43.3,0,0,17.41,16.76,42023,1,0,0,31.1
2518593,42.43,43.0,42.7,43.3,0,0,17.41,16.83,42523,1,0,0,31.1
2519099,42.43,43.0,42.7,43.3,0,0,17.41,16.83,43023,1,0,0,31.1
2519605,42.47,43.0,42.7,43.3,0,0,18.01,16.82,43523,1,0,0,31.07
2520111,42.47,43.0,42.7,43.3,0,0,18.01,16.82,44023,1,0,0,31.07
2520617,42.44,43.0,42.7,43.3,0,0,17.65,16.82,44523,1,0,0,31.07
2521123,42.44,43.0,42.7,43.3,0,0,17.65,16.81,45023,1,0,0,31.07
2521629,42.51,43.0,42.7,43.3,0,0,17.48,16.81,45523,1,0,0,31.07
2522135,42.51,43.0,42.7,43.3,0,0,17.48,16.84,46023,1,0,0,31.07
2522641,42.5,43.0,42.7,43.3,0,0,17.97,16.84,46523,1,0,0,31.1
2523147,42.5,43.0,42.7,43.3,0,0,17.97,16.86,47023,1,0,0,31.1
2523653,42.54,43.0,42.7,43.3,0,0,18.01,16.86,47523,1,0,0,31.09
2524159,42.54,43.0,42.7,43.3,0,0,18.08,16.86,48025,1,0,0,31.09
2524665,42.54,43.0,42.7,43.3,0,0,18.08,16.86,48526,1,0,0,31.09
2525171,42.61,43.0,42.7,43.3,0,0,18.16,16.89,49027,1,0,0,31.09
2525677,42.61,43.0,42.7,43.3,0,0,18.16,16.89,49527,1,0,0,31.09
2526183,42.63,43.0,42.7,43.3,0,0,18.36,16.89,50027,1,0,0,31.1
2526689,42.63,43.0,42.7,43.3,0,0,18.36,16.91,50527,1,0,0,31.1
2527195,42.63,43.0,42.7,43.3,0,0,18.4,16.91,51027,1,0,0,31.1
2527701,42.63,43.0,42.7,43.3,0,0,18.4,16.91,51527,1,0,0,31.1
2528208,42.64,43.0,42.7,43.3,0,0,18.64,16.91,52027,1,0,0,31.1
2528715,42.64,43.0,42.7,43.3,0,0,18.64,16.91,52527,1,0,0,31.1
2529221,42.64,43.0,42.7,43.3,0,0,18.64,16.91,53027,1,0,0,31.1
2529727,42.72,43.0,42.7,43.3,0,0,18.29,16.91,53527,1,0,0,31.09
2530233,42.72,43.0,42.7,43.3,1,0,18.29,16.93,0,1,0,0,31.09
2530739,42.72,43.0,42.7,43.3,1,0,18.29,16.93,500,1,0,0,31.09
2531245,42.76,43.0,42.7,43.3,1,0,19.11,16.93,1000,1,0,0,31.07
2531751,42.78,43.0,42.7,43.3,1,0,18.85,16.93,1500,1,0,0,31.09
2532257,42.78,43.0,42.7,43.3,1,0,18.85,16.95,2000,1,0,0,31.09
2532763,42.82,43.0,42.7,43.3,1,0,18.92,16.95,2500,1,0,0,31.09
2533269,42.82,43.0,42.7,43.3,1,0,18.92,16.96,3000,1,0,0,31.09
2533775,42.82,43.0,42.7,43.3,1,0,18.92,16.96,4000,1,0,0,31.09
2534281,42.91,43.0,42.7,43.3,1,0,19.07,17.01,4500,1,0,0,31.1
2534787,42.91,43.0,42.7,43.3,1,0,19.07,17.01,5000,1,0,0,31.1
2535294,42.95,43.0,42.7,43.3,1,0,19.28,17.01,5500,1,0,0,31.09
2535801,42.95,43.0,42.7,43.3,1,0,19.28,17.01,6000,1,0,0,31.09
2536307,42.98,43.0,42.7,43.3,1,0,19.07,17.02,6500,1,0,0,31.09
2536813,42.98,43.0,42.7,43.3,1,0,19.07,17.02,7000,1,0,0,31.09
2537319,42.98,43.0,42.7,43.3,1,0,19.09,17.03,7500,1,0,0,31.1
2537825,43.02,43.0,42.7,43.3,1,0,18.83,17.05,8000,1,0,0,31.1
2538331,43.02,43.0,42.7,43.3,1,0,18.83,17.05,8500,1,0,0,31.1
2538837,43.08,43.0,42.7,43.3,1,0,20.62,17.06,9000,1,0,0,31.09
2539343,43.04,43.0,42.7,43.3,1,0,19.28,17.06,9500,1,0,0,31.1
2539849,43.04,43.0,42.7,43.3,1,0,19.28,17.06,10000,1,0,0,31.1
2540355,43.14,43.0,42.7,43.3,1,0,18.66,17.11,10500,1,0,0,31.12
2540861,43.14,43.0,42.7,43.3,1,0,18.66,17.11,11000,1,0,0,31.12
2541367,43.14,43.0,42.7,43.3,1,0,18.66,17.11,11500,1,0,0,31.12
2541873,43.14,43.0,42.7,43.3,1,0,18.66,17.11,12000,1,0,0,31.12
2542379,43.17,43.0,42.7,43.3,1,0,18.49,17.08,12500,1,0,0,31.07
2542885,43.17,43.0,42.7,43.3,1,0,18.49,17.08,13001,1,0,0,31.07
2543391,43.24,43.0,42.7,43.3,1,0,18.36,17.13,13502,1,0,0,31.1
2543897,43.24,43.0,42.7,43.3,1,0,18.36,17.13,14002,1,0,0,31.1
2544403,43.3,43.0,42.7,43.3,1,0,18.25,17.15,14502,1,0,0,31.1
2544909,43.33,43.0,42.7,43.3,1,0,18.19,17.15,15002,1,0,0,31.1
2545415,43.33,43.0,42.7,43.3,1,0,18.19,17.16,15502,1,0,0,31.1
2545921,43.39,43.0,42.7,43.3,1,0,18.1,17.2,16002,1,0,0,31.12
2546427,43.39,43.0,42.7,43.3,1,0,18.1,17.2,16502,1,0,0,31.12
2546933,43.4,43.0,42.7,43.3,1,0,17.97,17.2,17002,1,0,0,31.09
2547439,43.4,43.0,42.7,43.3,1,0,17.97,17.18,17502,1,0,0,31.09
2547945,43.4,43.0,42.7,43.3,1,0,17.97,17.18,18002,1,0,0,31.09
2548451,43.4,43.0,42.7,43.3,1,0,17.97,17.18,18502,1,0,0,31.09
2548957,43.5,43.0,42.7,43.3,1,0,17.91,17.21,19003,1,0,0,31.09
2549463,43.59,43.0,42.7,43.3,1,0,17.86,17.21,19503,1,0,0,31.1
2549969,43.59,43.0,42.7,43.3,1,0,17.86,17.26,20003,1,0,0,31.1
2550475,43.59,43.0,42.7,43.3,1,0,17.86,17.26,20503,1,0,0,31.1
2550981,43.62,43.0,42.7,43.3,1,0,17.63,17.27,21003,1,0,0,31.1
2551487,43.62,43.0,42.7,43.3,1,0,17.63,17.27,21503,1,0,0,31.1
2551993,43.69,43.0,42.7,43.3,1,0,18.19,17.28,22003,1,0,0,31.09
2552499,43.72,43.0,42.7,43.3,1,0,17.41,17.31,22503,1,0,0,31.1
2553019,43.77,43.0,42.7,43.3,1,0,17.17,17.31,23003,1,0,0,31.12
2553526,43.77,43.0,42.7,43.3,1,0,17.17,17.34,23503,1,0,0,31.12
2554032,43.79,43.0,42.7,43.3,1,0,17.3,17.34,24003,1,0,0,31.09
2554538,43.79,43.0,42.7,43.3,1,0,17.3,17.32,24503,1,0,0,31.09
2555044,43.79,43.0,42.7,43.3,1,0,17.3,17.32,25003,1,0,0,31.09
2555550,43.86,43.0,42.7,43.3,1,0,17.22,17.35,25509,1,0,0,31.1
2556056,43.86,43.0,42.7,43.3,1,0,17.22,17.35,26009,1,0,0,31.1
2556562,43.9,43.0,42.7,43.3,1,0,17.13,17.35,26509,1,0,0,31.09
2557069,43.95,43.0,42.7,43.3,1,0,16.92,17.36,27009,1,0,0,31.09
2557576,43.95,43.0,42.7,43.3,1,0,16.92,17.38,27509,1,0,0,31.09
2558082,43.9,43.0,42.7,43.3,1,0,16.85,17.37,28009,1,0,0,31.1
2558588,43.9,43.0,42.7,43.3,1,0,16.85,17.37,28509,1,0,0,31.1
2559094,43.9,43.0,42.7,43.3,1,0,16.85,17.37,29009,1,0,0,31.1
2559600,44.06,43.0,42.7,43.3,1,0,16.7,17.42,29509,1,0,0,31.09
2560106,44.08,43.0,42.7,43.3,1,0,16.7,17.42,30009,1,0,0,31.1
2560612,44.09,43.0,42.7,43.3,1,0,16.4,17.43,30509,1,0,0,31.09
2561118,44.09,43.0,42.7,43.3,1,0,16.4,17.43,31009,1,0,0,31.09
2561624,44.12,43.0,42.7,43.3,1,0,16.57,17.43,31509,1,0,0,31.09
2562130,44.12,43.0,42.7,43.3,1,0,16.57,17.44,32009,1,0,0,31.09
2562636,44.13,43.0,42.7,43.3,1,0,16.35,17.44,32509,1,0,0,31.09
2563142,44.13,43.0,42.7,43.3,1,0,15.86,17.44,33009,1,0,0,31.09
2563648,44.13,43.0,42.7,43.3,1,0,15.86,17.44,33509,1,1,0,31.09
2564154,44.2,43.0,42.7,43.3,1,0,16.29,17.49,34009,1,0,0,31.12
2564660,44.2,43.0,42.7,43.3,1,0,16.22,17.48,34514,1,0,0,31.1
2565166,44.19,43.0,42.7,43.3,1,0,15.92,17.48,35014,1,0,0,31.1
2565672,44.19,43.0,42.7,43.3,1,0,15.92,17.47,35514,1,1,0,31.1
2566178,44.26,43.0,42.7,43.3,1,0,16.16,17.47,36014,1,1,0,31.07
2566684,44.26,43.0,42.7,43.3,1,0,16.16,17.48,36514,1,0,0,31.07
2567190,44.26,43.0,42.7,43.3,1,0,16.16,17.48,37014,1,0,0,31.07
2567696,44.28,43.0,42.7,43.3,1,0,16.18,17.48,37514,1,0,0,31.1
2568202,44.28,43.0,42.7,43.3,1,0,16.18,17.51,38014,1,0,0,31.1
2568708,44.28,43.0,42.7,43.3,1,0,15.84,17.51,38514,1,0,0,31.1
2569214,44.28,43.0,42.7,43.3,1,0,15.84,17.51,39014,1,1,0,31.1
2569720,44.28,43.0,42.7,43.3,1,0,15.84,17.51,39514,1,1,0,31.1
2570226,44.25,43.0,42.7,43.3,1,0,15.73,17.51,40014,1,1,0,31.1
2570732,44.32,43.0,42.7,43.3,1,0,15.4,17.5,40514,1,1,0,31.09
2571238,44.32,43.0,42.7,43.3,1,0,15.4,17.51,41014,1,1,0,31.09
2571744,44.28,43.0,42.7,43.3,1,0,15.58,17.51,41514,1,1,0,31.12
2572250,44.32,43.0,42.7,43.3,1,0,15.55,17.52,42014,1,1,0,31.09
2572756,44.32,43.0,42.7,43.3,1,0,15.55,17.51,42514,1,1,0,31.09
2573262,44.32,43.0,42.7,43.3,1,0,15.38,17.51,43014,1,1,0,31.09
2573768,44.28,43.0,42.7,43.3,1,0,15.42,17.51,43514,1,1,0,31.07
2574274,44.28,43.0,42.7,43.3,1,0,15.42,17.48,44014,1,1,0,31.07
2574780,44.28,43.0,42.7,43.3,1,0,15.42,17.48,44514,1,1,0,31.07
2575286,44.31,43.0,42.7,43.3,1,0,15.92,17.48,45014,1,1,0,31.09
2575792,44.33,43.0,42.7,43.3,1,0,15.25,17.5,45517,1,1,0,31.1
2576298,44.28,43.0,42.7,43.3,1,0,15.36,17.49,46523,1,1,0,31.09
2576804,44.31,43.0,42.7,43.3,1,0,15.12,17.5,47023,1,1,0,31.09
2577310,44.31,43.0,42.7,43.3,1,0,15.12,17.5,47526,1,1,0,31.09
2577816,44.26,43.0,42.7,43.3,1,0,15.19,17.48,48027,1,1,0,31.07
2578322,44.25,43.0,42.7,43.3,1,0,14.88,17.48,48528,1,1,0,31.09
2578828,44.25,43.0,42.7,43.3,1,0,14.88,17.48,49028,1,1,0,31.09
2579334,44.25,43.0,42.7,43.3,1,0,15.19,17.47,49528,1,1,0,31.07
2579840,44.26,43.0,42.7,43.3,1,0,14.95,17.48,50028,1,1,0,31.07
2580346,44.28,43.0,42.7,43.3,1,0,14.82,17.51,50528,1,1,0,31.1
2580852,44.28,43.0,42.7,43.3,1,0,14.82,17.51,51028,1,1,0,31.1
2581358,44.28,43.0,42.7,43.3,1,0,14.82,17.51,51528,1,1,0,31.1
2581864,44.21,43.0,42.7,43.3,1,0,14.6,17.46,52028,1,1,0,31.07
2582370,44.21,43.0,42.7,43.3,1,0,14.62,17.46,52528,1,1,0,31.07
2582876,44.19,43.0,42.7,43.3,1,0,14.86,17.46,53028,1,1,0,31.09
2583382,44.19,43.0,42.7,43.3,1,0,14.86,17.46,53528,1,1,0,31.09
2583888,44.19,43.0,42.7,43.3,1,0,14.86,17.46,54028,1,1,0,31.09
2584398,44.19,43.0,42.7,43.3,1,0,14.86,17.46,54528,1,1,0,31.09
2584905,44.15,43.0,42.7,43.3,1,0,14.43,17.44,55028,1,1,0,31.07
2585411,44.21,43.0,42.7,43.3,1,0,14.6,17.44,55528,1,1,0,31.09
2585917,44.21,43.0,42.7,43.3,1,0,14.6,17.47,56028,1,1,0,31.09
2586423,44.21,43.0,42.7,43.3,1,0,14.6,17.47,56528,1,1,0,31.09
2586929,44.17,43.0,42.7,43.3,1,0,14.23,17.47,57028,1,1,0,31.09
2587435,44.17,43.0,42.7,43.3,1,0,14.23,17.45,57528,1,1,0,31.09
2587941,44.17,43.0,42.7,43.3,1,0,14.23,17.45,58028,1,1,0,31.09
2588447,44.17,43.0,42.7,43.3,1,0,14.23,17.45,58528,1,1,0,31.09
2588953,44.17,43.0,42.7,43.3,1,0,14.23,17.45,59028,1,1,0,31.09
2589459,44.09,43.0,42.7,43.3,1,0,14.1,17.41,59528,1,1,0,31.07
2589965,44.05,43.0,42.7,43.3,1,0,14.77,17.4,60028,1,1,0,31.07
2590471,44.05,43.0,42.7,43.3,1,0,14.77,17.4,60528,1,1,0,31.07
2590977,44.01,43.0,42.7,43.3,1,0,14.01,17.38,61028,1,1,0,31.07
2591483,44.01,43.0,42.7,43.3,1,0,14.01,17.38,61528,1,1,0,31.07
2591989,44.01,43.0,42.7,43.3,1,0,14.01,17.38,62028,1,1,0,31.07
2592495,44.01,43.0,42.7,43.3,1,0,14.58,17.4,62528,1,1,0,31.09
2593001,44.01,43.0,42.7,43.3,1,0,14.58,17.4,63028,1,1,0,31.09
2593507,43.95,43.0,42.7,43.3,1,0,13.99,17.36,63528,1,1,0,31.07
2594013,43.99,43.0,42.7,43.3,1,0,13.86,17.41,64028,1,1,0,31.12
2594519,43.93,43.0,42.7,43.3,1,0,13.71,17.41,64528,1,1,0,31.09
2595025,43.93,43.0,42.7,43.3,1,0,13.71,17.37,65028,1,1,0,31.09
2595531,43.88,43.0,42.7,43.3,1,0,13.82,17.34,65528,1,1,0,31.07
2596037,43.87,43.0,42.7,43.3,1,0,13.64,17.34,66028,1,1,0,31.07
2596543,43.82,43.0,42.7,43.3,1,0,13.62,17.33,66528,1,1,0,31.09
2597049,43.82,43.0,42.7,43.3,1,0,13.62,17.33,67028,1,1,0,31.09
2597555,43.84,43.0,42.7,43.3,1,0,13.58,17.31,67528,1,1,0,31.06
2598061,43.84,43.0,42.7,43.3,1,0,13.58,17.31,68028,1,1,0,31.06
2598569,43.84,43.0,42.7,43.3,1,0,13.58,17.31,68528,1,1,0,31.06
2599076,43.74,43.0,42.7,43.3,1,0,13.47,17.31,69028,1,1,0,31.1
2599582,43.74,43.0,42.7,43.3,1,0,13.47,17.31,69528,1,1,0,31.1
2600088,43.75,43.0,42.7,43.3,1,0,13.27,17.31,70028,1,1,0,31.07
2600594,43.75,43.0,42.7,43.3,1,0,13.27,17.29,70528,1,1,0,31.07
2601100,43.7,43.0,42.7,43.3,1,0,12.94,17.29,71028,1,1,0,31.07
2601606,43.7,43.0,42.7,43.3,1,0,12.94,17.28,71528,1,1,0,31.07
2602112,43.64,43.0,42.7,43.3,1,0,13.42,17.28,72028,1,1,0,31.09
2602618,43.64,43.0,42.7,43.3,1,0,13.42,17.26,72528,1,1,0,31.09
2603124,43.64,43.0,42.7,43.3,1,0,13.42,17.26,73028,1,1,0,31.09
2603630,43.65,43.0,42.7,43.3,1,0,13.25,17.28,73528,1,1,0,31.1
2604136,43.65,43.0,42.7,43.3,1,0,13.25,17.28,74028,1,1,0,31.1
2604642,43.52,43.0,42.7,43.3,1,0,13.12,17.22,74528,1,1,0,31.09
2605148,43.5,43.0,42.7,43.3,1,0,12.61,17.22,75028,1,1,1,31.07
2605655,43.5,43.0,42.7,43.3,1,0,12.61,17.2,75528,1,1,1,31.07
2606162,43.49,43.0,42.7,43.3,1,0,13.16,17.2,76028,1,1,1,31.09
2606668,43.46,43.0,42.7,43.3,1,0,12.96,17.21,76528,1,1,1,31.07
2607174,43.46,43.0,42.7,43.3,1,0,12.96,17.19,77028,1,1,1,31.07
2607680,43.4,43.0,42.7,43.3,1,0,12.79,17.19,77528,1,1,1,31.09
2608186,43.4,43.0,42.7,43.3,1,0,12.79,17.18,78028,1,1,1,31.09
2608692,43.4,43.0,42.7,43.3,1,0,12.79,17.18,78528,1,1,1,31.09
2609198,43.35,43.0,42.7,43.3,1,0,13.62,17.18,79028,1,1,1,31.07
2609704,43.35,43.0,42.7,43.3,1,0,13.62,17.15,79530,1,1,1,31.07
2610210,43.34,43.0,42.7,43.3,1,0,12.79,17.15,80030,1,1,1,31.06
2610716,43.34,43.0,42.7,43.3,1,0,12.79,17.13,80530,1,1,1,31.06
2611222,43.28,43.0,42.7,43.3,1,0,12.79,17.13,81030,1,1,1,31.06
2611728,43.28,43.0,42.7,43.3,0,0,12.79,17.11,0,1,1,0,31.06
2612234,43.23,43.0,42.7,43.3,0,0,12.85,17.11,500,1,1,0,31.09
2612740,43.2,43.0,42.7,43.3,0,0,12.77,17.11,1000,1,1,0,31.09
2613246,43.2,43.0,42.7,43.3,0,0,12.77,17.1,1500,1,1,0,31.09
2613752,43.2,43.0,42.7,43.3,0,0,12.77,17.1,2000,1,1,0,31.09
2614258,43.14,43.0,42.7,43.3,0,0,12.79,17.1,2500,1,1,0,31.06
2614764,43.09,43.0,42.7,43.3,0,0,12.64,17.06,3000,1,1,0,31.04
2615270,43.09,43.0,42.7,43.3,0,0,12.64,17.02,3500,1,1,0,31.04
2615776,43.08,43.0,42.7,43.3,0,0,12.68,17.02,4001,1,1,0,31.07
2616282,43.02,43.0,42.7,43.3,0,0,12.66,17.05,4502,1,1,0,31.07
2616791,43.02,43.0,42.7,43.3,0,0,12.66,17.03,5002,1,1,0,31.07
2617297,42.99,43.0,42.7,43.3,0,0,12.92,17.03,5503,1,1,0,31.09
2617803,42.99,43.0,42.7,43.3,0,0,12.92,17.03,6003,1,1,0,31.09
2618309,42.99,43.0,42.7,43.3,0,0,12.92,17.03,7004,1,1,0,31.09
2618815,42.94,43.0,42.7,43.3,0,0,12.92,17.01,7504,1,1,0,31.09
2619321,42.9,43.0,42.7,43.3,0,0,12.9,16.97,8004,1,1,0,31.06
2619827,42.9,43.0,42.7,43.3,0,0,12.9,16.97,8504,1,1,0,31.06
2620333,42.8,43.0,42.7,43.3,0,0,12.57,16.93,9004,1,1,0,31.06
2620839,42.8,43.0,42.7,43.3,0,0,12.57,16.93,9504,1,1,0,31.06
2621345,42.82,43.0,42.7,43.3,0,0,13.14,16.95,10018,1,1,0,31.07
2621851,42.82,43.0,42.7,43.3,0,0,13.14,16.95,10518,1,1,0,31.07
2622357,42.82,43.0,42.7,43.3,0,0,13.14,16.95,11018,1,1,0,31.07
2622863,42.73,43.0,42.7,43.3,0,0,13.42,16.92,11518,1,1,0,31.07
2623369,42.73,43.0,42.7,43.3,0,0,13.42,16.92,12018,1,1,0,31.07
2623875,42.71,43.0,42.7,43.3,0,0,13.51,16.9,12518,1,1,0,31.06
2624381,42.71,43.0,42.7,43.3,0,0,13.51,16.9,13018,1,1,0,31.06
2624887,42.67,43.0,42.7,43.3,0,0,13.69,16.9,13518,1,1,0,31.07
2625393,42.6,43.0,42.7,43.3,0,0,13.64,16.9,14018,1,1,0,31.07
2625899,42.6,43.0,42.7,43.3,0,0,13.64,16.87,14518,1,1,0,31.07
2626405,42.6,43.0,42.7,43.3,0,0,13.95,16.88,15018,1,1,0,31.09
2626911,42.6,43.0,42.7,43.3,0,0,13.95,16.88,15518,1,1,0,31.09
2627417,42.57,43.0,42.7,43.3,0,0,13.97,16.86,16018,1,1,0,31.07
2627923,42.6,43.0,42.7,43.3,0,0,14.27,16.86,16518,1,1,0,31.06
2628429,42.49,43.0,42.7,43.3,0,0,14.23,16.82,17030,1,1,0,31.06
2628935,42.49,43.0,42.7,43.3,0,0,14.23,16.82,17530,1,1,0,31.06
2629441,42.47,43.0,42.7,43.3,0,0,14.36,16.83,18030,1,1,0,31.09
2629947,42.44,43.0,42.7,43.3,0,0,14.36,16.8,18530,1,1,0,31.06
2630453,42.44,43.0,42.7,43.3,0,0,14.38,16.81,19030,1,1,0,31.07
2630959,42.41,43.0,42.7,43.3,0,0,14.54,16.81,19530,1,1,0,31.07
2631465,42.41,43.0,42.7,43.3,0,0,14.54,16.8,20030,1,1,0,31.07
2631971,42.42,43.0,42.7,43.3,0,0,14.54,16.82,20530,1,1,0,31.09
2632477,42.36,43.0,42.7,43.3,0,0,14.73,16.77,21030,1,1,0,31.06
2632983,42.36,43.0,42.7,43.3,0,0,14.73,16.77,21530,1,1,0,31.06
2633489,42.36,43.0,42.7,43.3,0,0,14.84,16.77,22030,1,1,0,31.06
2633995,42.36,43.0,42.7,43.3,0,0,14.84,16.77,22530,1,1,0,31.06
2634501,42.39,43.0,42.7,43.3,0,0,15.21,16.77,23030,1,1,0,31.07
2635007,42.39,43.0,42.7,43.3,0,0,15.21,16.79,23530,1,1,0,31.07
2635513,42.32,43.0,42.7,43.3,0,0,15.06,16.79,24030,1,1,0,31.1
2636019,42.32,43.0,42.7,43.3,0,0,15.06,16.79,24530,1,1,0,31.1
2636525,42.34,43.0,42.7,43.3,0,0,15.19,16.79,25030,1,1,0,31.09
2637031,42.31,43.0,42.7,43.3,0,0,15.47,16.76,25530,1,0,0,31.07
2637537,42.28,43.0,42.7,43.3,0,0,15.51,16.76,26033,1,0,0,31.07
2638043,42.28,43.0,42.7,43.3,0,0,15.51,16.75,26534,1,0,0,31.07
2638549,42.32,43.0,42.7,43.3,0,0,15.6,16.75,27034,1,0,0,31.09
2639055,42.31,43.0,42.7,43.3,0,0,15.42,16.78,27534,1,0,0,31.07
2639561,42.31,43.0,42.7,43.3,0,0,15.42,16.76,28034,1,0,0,31.07
2640067,42.25,43.0,42.7,43.3,0,0,15.81,16.75,28534,1,0,0,31.09
2640573,42.25,43.0,42.7,43.3,0,0,15.81,16.75,29034,1,0,0,31.09
2641080,42.25,43.0,42.7,43.3,0,0,15.81,16.75,29534,1,0,0,31.09
2641587,42.22,43.0,42.7,43.3,0,0,15.84,16.74,30034,1,0,0,31.09
2642093,42.26,43.0,42.7,43.3,0,0,16.59,16.74,30534,1,0,0,31.04
2642599,42.26,43.0,42.7,43.3,0,0,16.59,16.72,31034,1,0,0,31.04
2643105,42.26,43.0,42.7,43.3,0,0,16.14,16.75,31534,1,0,0,31.07
2643611,42.26,43.0,42.7,43.3,0,0,16.14,16.75,32034,1,0,0,31.07
2644117,42.26,43.0,42.7,43.3,0,0,16.14,16.75,32535,1,0,0,31.07
2644623,42.29,43.0,42.7,43.3,0,0,16.42,16.74,33035,1,0,0,31.06
2645129,42.25,43.0,42.7,43.3,0,0,16.33,16.77,33535,1,0,0,31.1
2645636,42.3,43.0,42.7,43.3,0,0,16.55,16.77,34035,1,0,0,31.04
2646143,42.3,43.0,42.7,43.3,0,0,16.55,16.73,34535,1,0,0,31.04
2646649,42.27,43.0,42.7,43.3,0,0,16.35,16.74,35037,1,0,0,31.06
2647155,42.3,43.0,42.7,43.3,0,0,16.74,16.74,35537,1,0,0,31.12
2647661,42.3,43.0,42.7,43.3,0,0,16.74,16.8,36037,1,0,0,31.12
2648167,42.27,43.0,42.7,43.3,0,0,16.83,16.72,36537,1,0,0,31.04
2648673,42.31,43.0,42.7,43.3,0,0,16.85,16.72,37037,1,0,0,31.06
2649179,42.32,43.0,42.7,43.3,0,0,16.89,16.75,37537,1,0,0,31.09
2649685,42.32,43.0,42.7,43.3,0,0,16.89,16.78,38037,1,0,0,31.09
2650191,42.32,43.0,42.7,43.3,0,0,16.89,16.78,38537,1,0,0,31.09
2650697,42.34,43.0,42.7,43.3,0,0,17.09,16.78,39037,1,0,0,31.07
2651203,42.34,43.0,42.7,43.3,0,0,17.09,16.77,39537,1,0,0,31.07
2651709,42.34,43.0,42.7,43.3,0,0,17.09,16.77,40037,1,0,0,31.07
2652215,42.36,43.0,42.7,43.3,0,0,16.96,16.77,40537,1,0,0,31.09
2652721,42.36,43.0,42.7,43.3,0,0,16.96,16.8,41038,1,0,0,31.09
2653227,42.39,43.0,42.7,43.3,0,0,17.37,16.79,41541,1,0,0,31.07
2653733,42.4,43.0,42.7,43.3,0,0,17.37,16.79,42041,1,0,0,31.09
2654239,42.4,43.0,42.7,43.3,0,0,17.37,16.81,42541,1,0,0,31.09
2654745,42.42,43.0,42.7,43.3,0,0,17.48,16.81,43041,1,0,0,31.07
2655251,42.42,43.0,42.7,43.3,0,0,17.78,16.81,43541,1,0,0,31.06
2655757,42.45,43.0,42.7,43.3,0,0,17.65,16.79,44041,1,0,0,31.09
2656263,42.49,43.0,42.7,43.3,0,0,17.39,16.83,44541,1,0,0,31.12
2656769,42.49,43.0,42.7,43.3,0,0,17.39,16.87,45041,1,0,0,31.12
2657275,42.42,43.0,42.7,43.3,0,0,17.82,16.87,45541,1,0,0,31.06
2657781,42.49,43.0,42.7,43.3,0,0,17.93,16.79,46041,1,0,0,31.06
2658287,42.49,43.0,42.7,43.3,0,0,17.93,16.82,46541,1,0,0,31.06
2658793,42.51,43.0,42.7,43.3,0,0,18.06,16.82,47041,1,0,0,31.07
2659299,42.51,43.0,42.7,43.3,0,0,18.81,16.84,47541,1,0,0,31.09
2659805,42.51,43.0,42.7,43.3,0,0,18.81,16.85,48041,1,0,0,31.09
2660311,42.56,43.0,42.7,43.3,0,0,18.14,16.85,48541,1,0,0,31.09
2660817,42.56,43.0,42.7,43.3,0,0,18.14,16.87,49041,1,0,0,31.09
2661323,42.6,43.0,42.7,43.3,0,0,18.16,16.87,49541,1,0,0,31.06
2661829,42.61,43.0,42.7,43.3,0,0,18.38,16.86,50041,1,0,0,31.09
2662335,42.61,43.0,42.7,43.3,0,0,18.38,16.89,50541,1,0,0,31.09
2662841,42.66,43.0,42.7,43.3,0,0,18.42,16.89,51041,1,0,0,31.09
2663347,42.66,43.0,42.7,43.3,0,0,18.42,16.9,51542,1,0,0,31.09
2663853,42.66,43.0,42.7,43.3,0,0,18.42,16.9,52548,1,0,0,31.09
2664359,42.71,43.0,42.7,43.3,1,0,18.75,16.91,0,1,0,0,31.07
2664865,42.71,43.0,42.7,43.3,1,0,18.75,16.91,500,1,0,0,31.07
2665371,42.71,43.0,42.7,43.3,1,0,18.75,16.91,1000,1,0,0,31.07
2665877,42.71,43.0,42.7,43.3,1,0,18.75,16.91,1500,1,0,0,31.07
2666383,42.71,43.0,42.7,43.3,1,0,18.75,16.91,2001,1,0,0,31.07
2666889,42.71,43.0,42.7,43.3,1,0,18.75,16.91,2501,1,0,0,31.07
2667395,42.71,43.0,42.7,43.3,1,0,18.75,16.91,3001,1,0,0,31.07
2667901,42.79,43.0,42.7,43.3,1,0,18.85,16.95,3501,1,0,0,31.09
2668407,42.79,43.0,42.7,43.3,1,0,18.85,16.95,4001,1,0,0,31.09
2668913,42.88,43.0,42.7,43.3,1,0,18.9,17.0,4501,1,0,0,31.1
2669419,42.88,43.0,42.7,43.3,1,0,18.9,17.0,5001,1,0,0,31.1
2669925,42.88,43.0,42.7,43.3,1,0,18.94,16.98,5501,1,0,0,31.09
2670431,42.87,43.0,42.7,43.3,1,0,18.88,16.98,6001,1,0,0,31.07
2670937,42.87,43.0,42.7,43.3,1,0,18.88,16.97,6501,1,0,0,31.07
2671443,42.94,43.0,42.7,43.3,1,0,18.85,17.01,7001,1,0,0,31.09
2671950,42.94,43.0,42.7,43.3,1,0,18.85,17.01,7501,1,0,0,31.09
2672457,42.94,43.0,42.7,43.3,1,0,18.85,17.01,8001,1,0,0,31.09
2672963,42.94,43.0,42.7,43.3,1,0,18.85,17.01,8501,1,0,0,31.09
2673469,42.94,43.0,42.7,43.3,1,0,18.85,17.01,9001,1,0,0,31.09
2673975,43.02,43.0,42.7,43.3,1,0,18.81,17.04,9501,1,0,0,31.09
2674493,43.11,43.0,42.7,43.3,1,0,18.64,17.04,10001,1,0,0,31.1
2675000,43.11,43.0,42.7,43.3,1,0,18.64,17.08,10501,1,0,0,31.1
2675506,43.08,43.0,42.7,43.3,1,0,18.57,17.07,11001,1,0,0,31.1
2676012,43.08,43.0,42.7,43.3,1,0,18.57,17.07,11501,1,0,0,31.1
2676518,43.08,43.0,42.7,43.3,1,0,18.57,17.07,12005,1,0,0,31.1
2677024,43.16,43.0,42.7,43.3,1,0,18.51,17.09,12506,1,0,0,31.09
2677530,43.2,43.0,42.7,43.3,1,0,18.27,17.1,13007,1,0,0,31.09
2678036,43.2,43.0,42.7,43.3,1,0,18.27,17.1,13507,1,0,0,31.09
2678543,43.24,43.0,42.7,43.3,1,0,18.34,17.12,14007,1,0,0,31.09
2679049,43.26,43.0,42.7,43.3,1,0,18.25,17.12,14507,1,0,0,31.09
2679555,43.26,43.0,42.7,43.3,1,0,18.25,17.12,15007,1,0,0,31.09
2680061,43.24,43.0,42.7,43.3,1,0,18.1,17.12,15507,1,0,0,31.09
2680567,43.35,43.0,42.7,43.3,1,0,18.08,17.12,16007,1,0,0,31.06
2681073,43.35,43.0,42.7,43.3,1,0,18.08,17.14,16507,1,0,0,31.06
2681579,43.36,43.0,42.7,43.3,1,0,18.1,17.16,17007,1,0,0,31.09
2682085,43.4,43.0,42.7,43.3,1,0,17.82,17.16,17507,1,0,0,31.07
2682600,43.46,43.0,42.7,43.3,1,0,17.8,17.16,18007,1,0,0,31.1
2683107,43.46,43.0,42.7,43.3,1,0,17.8,17.21,18507,1,0,0,31.1
2683613,43.46,43.0,42.7,43.3,1,0,17.8,17.21,19007,1,0,0,31.1
2684119,43.46,43.0,42.7,43.3,1,0,17.8,17.21,19507,1,0,0,31.1
2684625,43.53,43.0,42.7,43.3,1,0,17.22,17.21,20007,1,0,0,31.09
2685131,43.53,43.0,42.7,43.3,1,0,17.22,17.22,20507,1,0,0,31.09
2685637,43.61,43.0,42.7,43.3,1,0,17.48,17.22,21007,1,0,0,31.09
2686143,43.62,43.0,42.7,43.3,1,0,17.39,17.25,21507,1,0,0,31.09
2686649,43.62,43.0,42.7,43.3,1,0,17.39,17.26,22007,1,0,0,31.09
2687155,43.63,43.0,42.7,43.3,1,0,17.3,17.25,22507,1,0,0,31.07
2687661,43.63,43.0,42.7,43.3,1,0,17.3,17.25,23007,1,0,0,31.07
2688167,43.63,43.0,42.7,43.3,1,0,17.3,17.25,23507,1,0,0,31.07
2688673,43.71,43.0,42.7,43.3,1,0,17.52,17.29,24007,1,0,0,31.09
2689179,43.79,43.0,42.7,43.3,1,0,16.98,17.29,24507,1,0,0,31.09
2689686,43.79,43.0,42.7,43.3,1,0,16.98,17.32,25007,1,0,0,31.09
2690193,43.84,43.0,42.7,43.3,1,0,17.04,17.32,25507,1,0,0,31.09
2690699,43.84,43.0,42.7,43.3,1,0,17.04,17.34,26007,1,0,0,31.09
2691205,43.84,43.0,42.7,43.3,1,0,16.89,17.34,26510,1,0,0,31.06
2691711,43.84,43.0,42.7,43.3,1,0,16.89,17.31,27011,1,0,0,31.06
2692217,43.88,43.0,42.7,43.3,1,0,16.85,17.31,27511,1,0,0,31.1
2692723,43.88,43.0,42.7,43.3,1,0,16.85,17.36,28011,1,0,0,31.1
2693229,43.98,43.0,42.7,43.3,1,0,16.79,17.36,28511,1,0,0,31.09
2693735,43.95,43.0,42.7,43.3,1,0,16.72,17.39,29011,1,0,0,31.09
2694242,43.98,43.0,42.7,43.3,1,0,17.15,17.38,29511,1,0,0,31.1
2694749,43.98,43.0,42.7,43.3,1,0,17.15,17.4,30011,1,0,0,31.1
2695255,44.01,43.0,42.7,43.3,1,0,16.57,17.4,30511,1,0,0,31.1
2695761,44.01,43.0,42.7,43.3,1,0,16.57,17.41,31011,1,0,0,31.1
2696267,44.08,43.0,42.7,43.3,1,0,16.35,17.41,31511,1,0,0,31.07
2696773,44.05,43.0,42.7,43.3,1,0,16.29,17.41,32011,1,0,0,31.09
2697279,44.05,43.0,42.7,43.3,1,0,16.29,17.41,32511,1,0,0,31.09
2697785,44.12,43.0,42.7,43.3,1,0,16.33,17.41,33011,1,0,0,31.09
2698291,44.13,43.0,42.7,43.3,1,0,16.03,17.44,33511,1,0,0,31.1
2698800,44.09,43.0,42.7,43.3,1,0,16.44,17.45,34011,1,0,0,31.09
2699307,44.09,43.0,42.7,43.3,1,0,16.44,17.43,34511,1,0,0,31.09
2699813,44.12,43.0,42.7,43.3,1,0,16.16,17.43,35011,1,0,0,31.09
2700319,44.16,43.0,42.7,43.3,1,0,16.27,17.44,35511,1,0,0,31.1
2700825,44.16,43.0,42.7,43.3,1,0,16.27,17.46,36011,1,0,0,31.1
2701331,44.15,43.0,42.7,43.3,1,0,15.88,17.46,36511,1,0,0,31.09
2701837,44.21,43.0,42.7,43.3,1,0,15.79,17.45,37011,1,1,0,31.09
2702343,44.21,43.0,42.7,43.3,1,0,15.79,17.47,37511,1,1,0,31.09
2702849,44.19,43.0,42.7,43.3,1,0,15.86,17.47,38011,1,1,0,31.06
2703355,44.2,43.0,42.7,43.3,1,0,15.75,17.44,38511,1,1,0,31.09
2703861,44.2,43.0,42.7,43.3,1,0,15.75,17.47,39012,1,1,0,31.09
2704367,44.21,43.0,42.7,43.3,1,0,15.68,17.48,40014,1,1,0,31.1
2704873,44.21,43.0,42.7,43.3,1,0,15.68,17.48,40514,1,1,0,31.1
2705379,44.24,43.0,42.7,43.3,1,0,15.58,17.49,41014,1,1,0,31.1
2705885,44.24,43.0,42.7,43.3,1,0,15.58,17.49,41514,1,1,0,31.1
2706391,44.25,43.0,42.7,43.3,1,0,15.45,17.47,42014,1,1,0,31.07
2706897,44.25,43.0,42.7,43.3,1,0,15.45,17.47,42514,1,1,0,31.07
2707404,44.17,43.0,42.7,43.3,1,0,15.06,17.47,43014,1,1,0,31.09
2707910,44.17,43.0,42.7,43.3,1,0,15.06,17.45,43514,1,1,0,31.09
2708416,44.17,43.0,42.7,43.3,1,0,15.06,17.45,44014,1,1,0,31.09
2708922,44.25,43.0,42.7,43.3,1,0,14.97,17.46,44514,1,1,0,31.06
2709428,44.25,43.0,42.7,43.3,1,0,14.97,17.46,45014,1,1,0,31.06
2709934,44.25,43.0,42.7,43.3,1,0,14.97,17.46,45514,1,1,0,31.06
2710440,44.22,43.0,42.7,43.3,1,0,15.12,17.47,46014,1,1,0,31.09
2710946,44.22,43.0,42.7,43.3,1,0,15.12,17.47,46514,1,1,0,31.09
2711452,44.22,43.0,42.7,43.3,1,0,14.99,17.46,47014,1,1,0,31.07
2711958,44.21,43.0,42.7,43.3,1,0,14.97,17.47,47514,1,1,0,31.09
2712464,44.21,43.0,42.7,43.3,1,0,14.97,17.47,48014,1,1,0,31.09
2712970,44.21,43.0,42.7,43.3,1,0,14.86,17.46,48514,1,1,0,31.07
2713491,44.17,43.0,42.7,43.3,1,0,14.9,17.46,49014,1,1,0,31.09
2713998,44.17,43.0,42.7,43.3,1,0,14.9,17.45,49514,1,1,0,31.09
2714504,44.17,43.0,42.7,43.3,1,0,14.95,17.44,50014,1,1,0,31.07
2715010,44.17,43.0,42.7,43.3,1,0,14.95,17.44,50514,1,1,0,31.07
2715516,44.17,43.0,42.7,43.3,1,0,14.95,17.44,51014,1,1,0,31.07
2716022,44.17,43.0,42.7,43.3,1,0,14.54,17.43,51514,1,1,0,31.06
2716528,44.17,43.0,42.7,43.3,1,0,14.54,17.43,52014,1,1,0,31.06
2717035,44.09,43.0,42.7,43.3,1,0,14.84,17.43,52514,1,1,0,31.07
2717542,44.09,43.0,42.7,43.3,1,0,14.84,17.41,53014,1,1,0,31.07
2718048,44.09,43.0,42.7,43.3,1,0,14.84,17.41,53514,1,1,0,31.07
2718554,44.12,43.0,42.7,43.3,1,0,14.45,17.41,54014,1,1,0,31.09
2719060,44.12,43.0,42.7,43.3,1,0,14.45,17.44,54514,1,1,0,31.09
2719566,44.08,43.0,42.7,43.3,1,0,14.32,17.44,55014,1,1,0,31.09
2720072,44.08,43.0,42.7,43.3,1,0,14.32,17.42,55514,1,1,0,31.09
2720579,44.08,43.0,42.7,43.3,1,0,14.21,17.42,56014,1,1,0,31.09
2721086,44.08,43.0,42.7,43.3,1,0,14.21,17.42,56514,1,1,0,31.09
2721592,44.1,43.0,42.7,43.3,1,0,14.21,17.42,57014,1,1,0,31.07
2722098,44.03,43.0,42.7,43.3,1,0,14.14,17.36,57514,1,1,0,31.04
2722604,44.02,43.0,42.7,43.3,1,0,14.03,17.36,58014,1,1,0,31.07
2723110,44.03,43.0,42.7,43.3,1,0,14.03,17.39,58514,1,1,0,31.09
2723616,44.03,43.0,42.7,43.3,1,0,14.03,17.41,59014,1,1,0,31.09
2724122,43.95,43.0,42.7,43.3,1,0,14.01,17.36,59514,1,1,0,31.07
2724628,43.95,43.0,42.7,43.3,1,0,14.01,17.36,60014,1,1,0,31.07
2725136,43.97,43.0,42.7,43.3,1,0,14.27,17.36,60514,1,1,0,31.09
2725643,43.97,43.0,42.7,43.3,1,0,14.27,17.38,61014,1,1,0,31.09
2726149,43.91,43.0,42.7,43.3,1,0,13.82,17.38,61514,1,1,0,31.06
2726655,43.91,43.0,42.7,43.3,1,0,13.82,17.34,62014,1,1,0,31.06
2727161,43.88,43.0,42.7,43.3,1,0,13.82,17.34,62514,1,1,0,31.07
2727667,43.88,43.0,42.7,43.3,1,0,13.6,17.35,63014,1,1,0,31.09
2728173,43.88,43.0,42.7,43.3,1,0,13.6,17.35,63514,1,1,0,31.09
2728679,43.87,43.0,42.7,43.3,1,0,14.12,17.35,64014,1,1,0,31.09
2729185,43.87,43.0,42.7,43.3,1,0,14.12,17.35,64514,1,1,0,31.09
2729691,43.87,43.0,42.7,43.3,1,0,14.12,17.35,65014,1,1,0,31.09
2730197,43.87,43.0,42.7,43.3,1,0,14.12,17.35,65514,1,1,0,31.09
2730703,43.78,43.0,42.7,43.3,1,0,13.51,17.3,66014,1,1,0,31.07
2731209,43.73,43.0,42.7,43.3,1,0,13.49,17.27,66514,1,1,0,31.06
2731715,43.72,43.0,42.7,43.3,1,0,13.58,17.27,67014,1,1,0,31.09
2732221,43.72,43.0,42.7,43.3,1,0,13.58,17.29,67514,1,1,0,31.09
2732727,43.72,43.0,42.7,43.3,1,0,13.58,17.29,68014,1,1,0,31.09
2733233,43.65,43.0,42.7,43.3,1,0,13.36,17.29,68514,1,1,0,31.07
2733739,43.59,43.0,42.7,43.3,1,0,13.47,17.25,69014,1,1,0,31.07
2734245,43.59,43.0,42.7,43.3,1,0,13.47,17.23,69514,1,1,0,31.07
2734751,43.62,43.0,42.7,43.3,1,0,12.94,17.23,70014,1,1,0,31.1
2735257,43.65,43.0,42.7,43.3,1,0,13.51,17.27,70514,1,1,0,31.09
2735763,43.65,43.0,42.7,43.3,1,0,13.51,17.27,71014,1,1,0,31.09
2736277,43.5,43.0,42.7,43.3,1,0,13.31,17.27,71514,1,1,0,31.09
2736784,43.5,43.0,42.7,43.3,1,0,13.31,17.21,72014,1,1,0,31.09
2737290,43.5,43.0,42.7,43.3,1,0,13.16,17.21,72515,1,1,0,31.07
2737796,43.52,43.0,42.7,43.3,1,0,13.07,17.2,73016,1,1,0,31.09
2738302,43.5,43.0,42.7,43.3,1,0,13.14,17.22,73516,1,1,0,31.07
2738808,43.5,43.0,42.7,43.3,1,0,13.14,17.2,74017,1,1,0,31.07
2739314,43.47,43.0,42.7,43.3,1,0,13.18,17.2,74517,1,1,0,31.06
2739820,43.47,43.0,42.7,43.3,1,0,13.18,17.18,75017,1,1,1,31.06
2740326,43.39,43.0,42.7,43.3,1,0,13.27,17.18,75517,1,1,1,31.07
2740834,43.35,43.0,42.7,43.3,1,0,13.05,17.16,76017,1,1,1,31.06
2741341,43.35,43.0,42.7,43.3,1,0,13.05,17.14,76517,1,1,1,31.06
2741847,43.33,43.0,42.7,43.3,1,0,13.6,17.14,77017,1,1,1,31.07
2742353,43.31,43.0,42.7,43.3,1,0,12.75,17.14,77517,1,1,1,31.06
2742859,43.31,43.0,42.7,43.3,1,0,12.75,17.12,78017,1,1,1,31.06
2743365,43.25,43.0,42.7,43.3,1,0,12.85,17.12,78517,1,1,1,31.06
2743871,43.26,43.0,42.7,43.3,0,0,12.9,17.11,500,1,1,0,31.07
2744377,43.26,43.0,42.7,43.3,0,0,12.9,17.11,1000,1,1,0,31.07
2744883,43.22,43.0,42.7,43.3,0,0,12.7,17.09,1500,1,1,0,31.06
2745389,43.22,43.0,42.7,43.3,0,0,12.7,17.09,2000,1,1,0,31.06
2745895,43.22,43.0,42.7,43.3,0,0,12.7,17.09,2500,1,1,0,31.06
2746401,43.12,43.0,42.7,43.3,0,0,13.29,17.08,3000,1,1,0,31.09
2746907,43.12,43.0,42.7,43.3,0,0,13.29,17.08,3500,1,1,0,31.09
2747413,43.05,43.0,42.7,43.3,0,0,12.59,17.04,4000,1,1,0,31.07
2747919,43.01,43.0,42.7,43.3,0,0,12.77,17.03,4500,1,1,0,31.09
2748425,43.05,43.0,42.7,43.3,0,0,12.61,17.04,5000,1,1,0,31.07
2748931,43.05,43.0,42.7,43.3,0,0,12.61,17.04,5500,1,1,0,31.07
2749437,43.05,43.0,42.7,43.3,0,0,12.61,17.04,6000,1,1,0,31.07
2749943,43.05,43.0,42.7,43.3,0,0,12.61,17.04,6500,1,1,0,31.07
2750449,42.93,43.0,42.7,43.3,0,0,12.85,16.99,7000,1,1,0,31.07
2750955,42.94,43.0,42.7,43.3,0,0,12.75,16.97,7500,1,1,0,31.04
2751461,42.89,43.0,42.7,43.3,0,0,13.1,16.97,8000,1,1,0,31.07
2751967,42.89,43.0,42.7,43.3,0,0,13.1,16.98,8500,1,1,0,31.07
2752473,42.85,43.0,42.7,43.3,0,0,13.16,16.96,9006,1,1,0,31.07
2752979,42.85,43.0,42.7,43.3,0,0,13.16,16.96,9506,1,1,0,31.07
2753485,42.8,43.0,42.7,43.3,0,0,13.18,16.93,10006,1,1,0,31.06
2753991,42.8,43.0,42.7,43.3,0,0,13.18,16.93,10506,1,1,0,31.06
2754497,42.8,43.0,42.7,43.3,0,0,13.18,16.93,11006,1,1,0,31.06
2755003,42.74,43.0,42.7,43.3,0,0,13.6,16.92,11506,1,1,0,31.07
2755509,42.73,43.0,42.7,43.3,0,0,13.38,16.93,12006,1,1,0,31.09
2756015,42.73,43.0,42.7,43.3,0,0,13.38,16.93,12506,1,1,0,31.09
2756522,42.69,43.0,42.7,43.3,0,0,13.45,16.93,13006,1,1,0,31.07
2757028,42.66,43.0,42.7,43.3,0,0,13.8,16.9,13506,1,1,0,31.07
2757534,42.66,43.0,42.7,43.3,0,0,13.8,16.89,14006,1,1,0,31.07
2758040,42.64,43.0,42.7,43.3,0,0,13.82,16.89,14506,1,1,0,31.07
2758546,42.64,43.0,42.7,43.3,0,0,13.82,16.89,15006,1,1,0,31.07
2759052,42.56,43.0,42.7,43.3,0,0,13.93,16.83,15506,1,1,0,31.04
2759558,42.54,43.0,42.7,43.3,0,0,13.97,16.84,16014,1,1,0,31.06
2760066,42.54,43.0,42.7,43.3,0,0,13.97,16.84,16514,1,1,0,31.06
2760573,42.54,43.0,42.7,43.3,0,0,13.97,16.84,17014,1,1,0,31.06
2761079,42.54,43.0,42.7,43.3,0,0,13.97,16.84,17514,1,1,0,31.06
2761585,42.49,43.0,42.7,43.3,0,0,14.34,16.84,18014,1,1,0,31.06
2762091,42.49,43.0,42.7,43.3,0,0,14.34,16.82,18514,1,1,0,31.06
2762597,42.49,43.0,42.7,43.3,0,0,14.34,16.82,19014,1,1,0,31.06
2763103,42.49,43.0,42.7,43.3,0,0,14.34,16.82,19515,1,1,0,31.06
2763609,42.39,43.0,42.7,43.3,0,0,14.45,16.82,20015,1,1,0,31.07
2764115,42.39,43.0,42.7,43.3,0,0,14.45,16.79,20515,1,1,0,31.07
2764621,42.36,43.0,42.7,43.3,0,0,14.58,16.79,21015,1,1,0,31.07
2765127,42.36,43.0,42.7,43.3,0,0,14.58,16.78,21515,1,1,0,31.07
2765633,42.36,43.0,42.7,43.3,0,0,14.58,16.78,22015,1,1,0,31.07
2766139,42.39,43.0,42.7,43.3,0,0,15.03,16.78,22515,1,1,0,31.06
2766645,42.36,43.0,42.7,43.3,0,0,14.97,16.78,23015,1,1,0,31.06
2767151,42.36,43.0,42.7,43.3,0,0,14.97,16.77,23515,1,1,0,31.06
2767657,42.36,43.0,42.7,43.3,0,0,14.97,16.77,24015,1,1,0,31.06
2768163,42.36,43.0,42.7,43.3,0,0,14.97,16.77,24515,1,1,0,31.06
2768669,42.31,43.0,42.7,43.3,0,0,15.14,16.76,25015,1,1,0,31.07
2769175,42.31,43.0,42.7,43.3,0,0,15.14,16.76,25515,1,1,0,31.07
2769681,42.31,43.0,42.7,43.3,0,0,15.47,16.75,26015,1,0,0,31.06
2770187,42.31,43.0,42.7,43.3,0,0,15.47,16.75,26515,1,0,0,31.06
2770693,42.31,43.0,42.7,43.3,0,0,15.47,16.75,27015,1,0,0,31.06
2771199,42.26,43.0,42.7,43.3,0,0,15.79,16.73,27515,1,0,0,31.06
2771705,42.26,43.0,42.7,43.3,0,0,15.79,16.73,28015,1,0,0,31.06
2772212,42.28,43.0,42.7,43.3,0,0,15.84,16.73,28515,1,0,0,31.07
2772719,42.28,43.0,42.7,43.3,0,0,15.84,16.75,29015,1,0,0,31.07
2773225,42.25,43.0,42.7,43.3,0,0,15.97,16.75,29515,1,0,0,31.07
2773731,42.25,43.0,42.7,43.3,0,0,15.97,16.74,30015,1,0,0,31.07
2774237,42.26,43.0,42.7,43.3,0,0,16.61,16.72,30515,1,0,0,31.04
2774743,42.26,43.0,42.7,43.3,0,0,16.61,16.72,31015,1,0,0,31.04
2775249,42.23,43.0,42.7,43.3,0,0,16.38,16.73,31515,1,0,0,31.07
2775755,42.31,43.0,42.7,43.3,0,0,16.4,16.75,32015,1,0,0,31.06
2776267,42.29,43.0,42.7,43.3,0,0,16.29,16.75,32515,1,0,0,31.06
2776774,42.29,43.0,42.7,43.3,0,0,16.29,16.74,33015,1,0,0,31.06
2777280,42.29,43.0,42.7,43.3,0,0,16.29,16.74,33515,1,0,0,31.06
2777786,42.26,43.0,42.7,43.3,0,0,16.7,16.73,34015,1,0,0,31.06
2778292,42.34,43.0,42.7,43.3,0,0,16.55,16.73,34515,1,0,0,31.09
2778798,42.34,43.0,42.7,43.3,0,0,16.55,16.79,35015,1,0,0,31.09
2779304,42.32,43.0,42.7,43.3,0,0,16.96,16.79,35515,1,0,0,31.09
2779810,42.32,43.0,42.7,43.3,0,0,16.96,16.78,36015,1,0,0,31.09
2780317,42.34,43.0,42.7,43.3,0,0,16.81,16.78,36515,1,0,0,31.09
2780823,42.34,43.0,42.7,43.3,0,0,16.81,16.79,37015,1,0,0,31.09
2781329,42.31,43.0,42.7,43.3,0,0,17.0,16.79,37515,1,0,0,31.06
2781835,42.31,43.0,42.7,43.3,0,0,17.0,16.75,38015,1,0,0,31.06
2782341,42.35,43.0,42.7,43.3,0,0,16.98,16.75,38515,1,0,0,31.07
2782847,42.35,43.0,42.7,43.3,0,0,16.98,16.78,39015,1,0,0,31.07
2783353,42.33,43.0,42.7,43.3,0,0,17.26,16.78,39515,1,0,0,31.04
2783859,42.34,43.0,42.7,43.3,0,0,17.32,16.74,40015,1,0,0,31.1
2784365,42.35,43.0,42.7,43.3,0,0,17.5,16.8,40515,1,0,0,31.06
2784871,42.35,43.0,42.7,43.3,0,0,17.5,16.77,41015,1,0,0,31.06
2785377,42.41,43.0,42.7,43.3,0,0,17.39,16.77,41515,1,0,0,31.07
2785883,42.41,43.0,42.7,43.3,0,0,17.39,16.8,42015,1,0,0,31.07
2786389,42.4,43.0,42.7,43.3,0,0,17.48,16.82,43018,1,0,0,31.1
2786895,42.4,43.0,42.7,43.3,0,0,17.48,16.81,43518,1,0,0,31.09
2787401,42.4,43.0,42.7,43.3,0,0,17.48,16.81,44018,1,0,0,31.09
2787907,42.42,43.0,42.7,43.3,0,0,17.69,16.82,44518,1,0,0,31.09
2788413,42.43,43.0,42.7,43.3,0,0,17.67,16.83,45018,1,0,0,31.1
2788919,42.49,43.0,42.7,43.3,0,0,17.91,16.82,45518,1,0,0,31.06
2789425,42.49,43.0,42.7,43.3,0,0,17.91,16.82,46018,1,0,0,31.06
2789931,42.51,43.0,42.7,43.3,0,0,17.41,16.85,46518,1,0,0,31.09
2790437,42.51,43.0,42.7,43.3,0,0,17.41,16.85,47018,1,0,0,31.09
2790943,42.51,43.0,42.7,43.3,0,0,17.41,16.85,47518,1,0,0,31.09
2791449,42.51,43.0,42.7,43.3,0,0,17.41,16.85,48018,1,0,0,31.09
2791955,42.54,43.0,42.7,43.3,0,0,18.1,16.85,48518,1,0,0,31.07
2792461,42.57,43.0,42.7,43.3,0,0,17.93,16.87,49018,1,0,0,31.09
2792967,42.58,43.0,42.7,43.3,0,0,18.32,16.86,49518,1,0,0,31.07
2793474,42.61,43.0,42.7,43.3,0,0,18.38,16.86,50018,1,0,0,31.07
2793981,42.61,43.0,42.7,43.3,0,0,18.38,16.88,50518,1,0,0,31.07
2794487,42.61,43.0,42.7,43.3,0,0,18.01,16.88,51018,1,0,0,31.07
2794993,42.64,43.0,42.7,43.3,0,0,18.44,16.89,51518,1,0,0,31.07
2795499,42.64,43.0,42.7,43.3,0,0,18.44,16.89,52018,1,0,0,31.07
2796005,42.72,43.0,42.7,43.3,0,0,18.68,16.89,52518,1,0,0,31.09
2796511,42.72,43.0,42.7,43.3,1,0,18.68,16.93,0,1,0,0,31.09
2797017,42.69,43.0,42.7,43.3,1,0,18.92,16.92,500,1,0,0,31.09
2797523,42.77,43.0,42.7,43.3,1,0,18.75,16.92,1000,1,0,0,31.06
2798029,42.77,43.0,42.7,43.3,1,0,18.75,16.92,1500,1,0,0,31.06
2798535,42.74,43.0,42.7,43.3,1,0,18.83,16.94,2000,1,0,0,31.09
2799041,42.76,43.0,42.7,43.3,1,0,18.88,16.94,2500,1,0,0,31.07
2799547,42.76,43.0,42.7,43.3,1,0,18.88,16.93,3000,1,0,0,31.07
2800053,42.76,43.0,42.7,43.3,1,0,18.88,16.93,3501,1,0,0,31.07
2800559,42.83,43.0,42.7,43.3,1,0,18.88,16.94,4002,1,0,0,31.06
2801065,42.83,43.0,42.7,43.3,1,0,18.88,16.94,4502,1,0,0,31.07
2801581,42.87,43.0,42.7,43.3,1,0,19.39,16.96,5002,1,0,0,31.07
2802088,42.87,43.0,42.7,43.3,1,0,19.39,16.97,5502,1,0,0,31.07
2802594,42.9,43.0,42.7,43.3,1,0,18.96,16.98,6002,1,0,0,31.07
2803100,42.93,43.0,42.7,43.3,1,0,18.94,16.98,6502,1,0,0,31.07
2803606,42.93,43.0,42.7,43.3,1,0,18.94,16.99,7002,1,0,0,31.07
2804112,42.97,43.0,42.7,43.3,1,0,19.0,17.0,7502,1,0,0,31.06
2804618,42.99,43.0,42.7,43.3,1,0,18.85,17.03,8002,1,0,0,31.09
2805124,42.99,43.0,42.7,43.3,1,0,18.85,17.03,8502,1,0,0,31.09
2805630,42.99,43.0,42.7,43.3,1,0,18.72,17.03,9002,1,0,0,31.09
2806136,43.03,43.0,42.7,43.3,1,0,18.75,17.03,9502,1,0,0,31.06
2806642,43.03,43.0,42.7,43.3,1,0,18.75,17.02,10002,1,0,0,31.06
2807148,43.06,43.0,42.7,43.3,1,0,18.53,17.02,10502,1,0,0,31.07
2807654,43.06,43.0,42.7,43.3,1,0,18.53,17.04,11002,1,0,0,31.07
2808160,43.11,43.0,42.7,43.3,1,0,18.62,17.04,11502,1,0,0,31.1
2808666,43.12,43.0,42.7,43.3,1,0,18.4,17.08,12002,1,0,0,31.06
2809172,43.12,43.0,42.7,43.3,1,0,18.4,17.05,12502,1,0,0,31.06
2809678,43.15,43.0,42.7,43.3,1,0,18.16,17.07,13012,1,0,0,31.07
2810192,43.27,43.0,42.7,43.3,1,0,18.42,17.07,13512,1,0,0,31.09
2810699,43.27,43.0,42.7,43.3,1,0,18.42,17.13,14012,1,0,0,31.09
2811205,43.22,43.0,42.7,43.3,1,0,18.1,17.1,14512,1,0,0,31.07
2811711,43.22,43.0,42.7,43.3,1,0,18.1,17.1,15012,1,0,0,31.07
2812217,43.22,43.0,42.7,43.3,1,0,18.1,17.1,15512,1,0,0,31.07
2812723,43.22,43.0,42.7,43.3,1,0,18.1,17.1,16012,1,0,0,31.07
2813229,43.34,43.0,42.7,43.3,1,0,18.04,17.1,16512,1,0,0,31.1
2813735,43.34,43.0,42.7,43.3,1,0,18.04,17.17,17012,1,0,0,31.1
2814241,43.39,43.0,42.7,43.3,1,0,17.84,17.17,17512,1,0,0,31.09
2814747,43.39,43.0,42.7,43.3,1,0,17.84,17.17,18012,1,0,0,31.09
2815253,43.4,43.0,42.7,43.3,1,0,17.76,17.15,18512,1,0,0,31.06
2815759,43.47,43.0,42.7,43.3,1,0,17.69,17.2,19024,1,0,0,31.09
2816265,43.47,43.0,42.7,43.3,1,0,17.69,17.2,19524,1,0,0,31.09
2816771,43.47,43.0,42.7,43.3,1,0,17.69,17.2,20024,1,0,0,31.09
2817277,43.47,43.0,42.7,43.3,1,0,17.69,17.2,20524,1,0,0,31.09
2817783,43.58,43.0,42.7,43.3,1,0,17.45,17.2,21024,1,0,0,31.09
2818289,43.63,43.0,42.7,43.3,1,0,17.39,17.24,21524,1,0,0,31.06
2818795,43.63,43.0,42.7,43.3,1,0,17.39,17.24,22024,1,0,0,31.06
2819301,43.63,43.0,42.7,43.3,1,0,17.32,17.25,22524,1,0,0,31.07
2819807,43.62,43.0,42.7,43.3,1,0,17.26,17.25,23024,1,0,0,31.1
2820313,43.62,43.0,42.7,43.3,1,0,17.26,17.27,23524,1,0,0,31.1
2820819,43.75,43.0,42.7,43.3,1,0,17.11,17.27,24024,1,0,0,31.07
2821326,43.78,43.0,42.7,43.3,1,0,17.04,17.29,24524,1,0,0,31.09
2821833,43.78,43.0,42.7,43.3,1,0,17.04,17.31,25024,1,0,0,31.09
2822339,43.81,43.0,42.7,43.3,1,0,16.98,17.31,25524,1,0,0,31.09
2822845,43.81,43.0,42.7,43.3,1,0,16.98,17.33,26024,1,0,0,31.09
2823351,43.81,43.0,42.7,43.3,1,0,16.98,17.33,26524,1,0,0,31.09
2823857,43.81,43.0,42.7,43.3,1,0,16.98,17.33,27024,1,0,0,31.09
2824363,43.9,43.0,42.7,43.3,1,0,16.76,17.33,27524,1,0,0,31.09
2824869,43.9,43.0,42.7,43.3,1,0,16.76,17.36,28024,1,0,0,31.09
2825375,43.94,43.0,42.7,43.3,1,0,16.96,17.36,28524,1,0,0,31.07
2825881,43.95,43.0,42.7,43.3,1,0,16.59,17.36,29024,1,0,0,31.06
2826387,43.95,43.0,42.7,43.3,1,0,16.59,17.35,29524,1,0,0,31.06
2826893,43.99,43.0,42.7,43.3,1,0,16.81,17.35,30024,1,0,0,31.09
2827399,44.01,43.0,42.7,43.3,1,0,16.59,17.39,30524,1,0,0,31.09
2827905,44.01,43.0,42.7,43.3,1,0,16.59,17.4,31024,1,0,0,31.09
2828411,44.03,43.0,42.7,43.3,1,0,16.38,17.4,31524,1,0,0,31.09
2828917,44.05,43.0,42.7,43.3,1,0,16.42,17.41,32528,1,0,0,31.09
2829423,44.05,43.0,42.7,43.3,1,0,16.42,17.41,33028,1,0,0,31.09
2829929,44.09,43.0,42.7,43.3,1,0,16.31,17.41,33528,1,0,0,31.07
2830435,44.09,43.0,42.7,43.3,1,0,16.18,17.44,34028,1,0,0,31.1
2830941,44.09,43.0,42.7,43.3,1,0,16.18,17.44,34528,1,0,0,31.1
2831447,44.09,43.0,42.7,43.3,1,0,16.18,17.44,35028,1,0,0,31.1
2831953,44.11,43.0,42.7,43.3,1,0,15.86,17.42,35528,1,1,0,31.07
2832459,44.13,43.0,42.7,43.3,1,0,15.92,17.43,36028,1,1,0,31.07
2832965,44.15,43.0,42.7,43.3,1,0,15.99,17.44,36528,1,0,0,31.07
2833471,44.15,43.0,42.7,43.3,1,0,15.99,17.44,37028,1,0,0,31.07
2833977,44.15,43.0,42.7,43.3,1,0,15.99,17.44,37528,1,0,0,31.07
2834483,44.21,43.0,42.7,43.3,1,0,15.81,17.46,38028,1,1,0,31.07
2834989,44.21,43.0,42.7,43.3,1,0,15.81,17.46,38528,1,1,0,31.07
2835495,44.18,43.0,42.7,43.3,1,0,15.75,17.45,39028,1,1,0,31.07
2836001,44.2,43.0,42.7,43.3,1,0,15.79,17.47,39528,1,1,0,31.09
2836511,44.2,43.0,42.7,43.3,1,0,15.79,17.47,40028,1,1,0,31.09
2837018,44.23,43.0,42.7,43.3,1,0,16.14,17.49,40528,1,0,0,31.1
2837524,44.23,43.0,42.7,43.3,1,0,16.14,17.49,41028,1,0,0,31.1
2838030,44.2,43.0,42.7,43.3,1,0,15.42,17.47,41528,1,1,0,31.09
2838536,44.24,43.0,42.7,43.3,1,0,15.42,17.47,42028,1,1,0,31.07
2839042,44.24,43.0,42.7,43.3,1,0,15.42,17.47,42528,1,1,0,31.07
2839548,44.21,43.0,42.7,43.3,1,0,15.49,17.46,43028,1,1,0,31.07
2840054,44.24,43.0,42.7,43.3,1,0,15.42,17.45,43528,1,1,0,31.06
2840561,44.24,43.0,42.7,43.3,1,0,15.42,17.45,44028,1,1,0,31.06
2841068,44.25,43.0,42.7,43.3,1,0,15.23,17.47,44528,1,1,0,31.07
2841574,44.25,43.0,42.7,43.3,1,0,15.23,17.47,45028,1,1,0,31.07
2842080,44.25,43.0,42.7,43.3,1,0,15.23,17.47,45528,1,1,0,31.07
2842586,44.24,43.0,42.7,43.3,1,0,15.21,17.47,46038,1,1,0,31.07
2843092,44.25,43.0,42.7,43.3,1,0,15.01,17.47,46538,1,1,0,31.07
2843598,44.25,43.0,42.7,43.3,1,0,15.01,17.47,47038,1,1,0,31.07
2844106,44.21,43.0,42.7,43.3,1,0,14.95,17.47,47538,1,1,0,31.1
2844613,44.21,43.0,42.7,43.3,1,0,14.95,17.48,48038,1,1,0,31.1
2845119,44.18,43.0,42.7,43.3,1,0,15.19,17.43,48538,1,1,0,31.06
2845625,44.18,43.0,42.7,43.3,1,0,15.19,17.43,49038,1,1,0,31.06
2846131,44.18,43.0,42.7,43.3,1,0,14.8,17.45,49538,1,1,0,31.07
2846637,44.18,43.0,42.7,43.3,1,0,14.8,17.45,50038,1,1,0,31.07
2847143,44.2,43.0,42.7,43.3,1,0,14.77,17.45,50538,1,1,0,31.07
2847649,44.14,43.0,42.7,43.3,1,0,14.71,17.45,51038,1,1,0,31.1
2848155,44.14,43.0,42.7,43.3,1,0,14.71,17.46,51538,1,1,0,31.1
2848661,44.17,43.0,42.7,43.3,1,0,14.58,17.44,52038,1,1,0,31.07
2849167,44.17,43.0,42.7,43.3,1,0,14.58,17.44,52538,1,1,0,31.07
2849673,44.14,43.0,42.7,43.3,1,0,14.62,17.44,53038,1,1,0,31.06
2850179,44.13,43.0,42.7,43.3,1,0,14.71,17.42,53538,1,1,0,31.06
2850685,44.13,43.0,42.7,43.3,1,0,14.71,17.41,54038,1,1,0,31.06
2851191,44.1,43.0,42.7,43.3,1,0,14.67,17.41,54538,1,1,0,31.06
2851699,44.1,43.0,42.7,43.3,1,0,14.67,17.41,55038,1,1,0,31.06
2852205,44.1,43.0,42.7,43.3,1,0,14.32,17.44,55538,1,1,0,31.1
2852711,44.1,43.0,42.7,43.3,1,0,13.69,17.41,56038,1,1,0,31.06
2853217,44.06,43.0,42.7,43.3,1,0,14.1,17.41,56538,1,1,0,31.07
2853723,44.06,43.0,42.7,43.3,1,0,14.1,17.4,57038,1,1,0,31.07
2854229,44.05,43.0,42.7,43.3,1,0,14.19,17.4,57538,1,1,0,31.07
2854735,44.05,43.0,42.7,43.3,1,0,14.19,17.4,58038,1,1,0,31.07
2855241,44.03,43.0,42.7,43.3,1,0,14.1,17.39,58538,1,1,0,31.07
2855749,44.03,43.0,42.7,43.3,1,0,14.1,17.39,59038,1,1,0,31.07
2856256,43.97,43.0,42.7,43.3,1,0,14.01,17.39,59538,1,1,0,31.07
2856762,43.97,43.0,42.7,43.3,1,0,13.99,17.37,60038,1,1,0,31.07
2857268,43.97,43.0,42.7,43.3,1,0,13.99,17.37,60538,1,1,0,31.07
2857774,43.97,43.0,42.7,43.3,1,0,13.99,17.37,61039,1,1,0,31.07
2858280,43.94,43.0,42.7,43.3,1,0,13.93,17.37,61539,1,1,0,31.07
2858786,43.94,43.0,42.7,43.3,1,0,13.93,17.36,62039,1,1,0,31.07
2859292,43.88,43.0,42.7,43.3,1,0,13.84,17.35,62539,1,1,0,31.09
2859798,43.88,43.0,42.7,43.3,1,0,13.84,17.35,63039,1,1,0,31.09
2860304,43.88,43.0,42.7,43.3,1,0,13.84,17.35,63539,1,1,0,31.09
2860810,43.82,43.0,42.7,43.3,1,0,13.69,17.3,64039,1,1,0,31.06
2861316,43.82,43.0,42.7,43.3,1,0,13.69,17.3,64539,1,1,0,31.06
2861822,43.79,43.0,42.7,43.3,1,0,13.62,17.3,65039,1,1,0,31.07
2862328,43.79,43.0,42.7,43.3,1,0,13.62,17.31,65539,1,1,0,31.07
2862834,43.79,43.0,42.7,43.3,1,0,13.62,17.31,66039,1,1,0,31.07
2863340,43.79,43.0,42.7,43.3,1,0,13.62,17.31,66539,1,1,0,31.07
2863846,43.79,43.0,42.7,43.3,1,0,13.62,17.31,67039,1,1,0,31.07
2864352,43.69,43.0,42.7,43.3,1,0,13.6,17.31,67539,1,1,0,31.07
2864858,43.66,43.0,42.7,43.3,1,0,13.6,17.27,68039,1,1,0,31.06
2865364,43.66,43.0,42.7,43.3,1,0,13.6,17.25,68539,1,1,0,31.06
2865870,43.68,43.0,42.7,43.3,1,0,13.53,17.25,69039,1,1,0,31.09
2866376,43.68,43.0,42.7,43.3,1,0,13.53,17.28,69539,1,1,0,31.09
2866882,43.68,43.0,42.7,43.3,1,0,13.53,17.28,70039,1,1,0,31.09
2867388,43.62,43.0,42.7,43.3,1,0,13.34,17.28,70539,1,1,0,31.07
2867894,43.62,43.0,42.7,43.3,1,0,13.36,17.24,71039,1,1,0,31.1
2868400,43.62,43.0,42.7,43.3,1,0,13.36,17.27,71539,1,1,0,31.1
2868906,43.56,43.0,42.7,43.3,1,0,13.21,17.27,72040,1,1,0,31.07
2869412,43.53,43.0,42.7,43.3,1,0,13.21,17.22,72541,1,1,0,31.07
2869918,43.53,43.0,42.7,43.3,1,0,13.21,17.21,73041,1,1,0,31.07
2870424,43.53,43.0,42.7,43.3,1,0,13.21,17.21,73541,1,1,0,31.07
2870930,43.49,43.0,42.7,43.3,1,0,13.14,17.2,74541,1,1,0,31.07
2871436,43.49,43.0,42.7,43.3,1,0,13.14,17.2,75041,1,1,1,31.07
2871942,43.37,43.0,42.7,43.3,1,0,13.03,17.15,75541,1,1,1,31.07
2872448,43.39,43.0,42.7,43.3,1,0,13.21,17.16,76041,1,1,1,31.07
2872954,43.35,43.0,42.7,43.3,1,0,12.83,17.14,76541,1,1,1,31.06
2873462,43.35,43.0,42.7,43.3,1,0,12.83,17.14,77041,1,1,1,31.06
2873969,43.35,43.0,42.7,43.3,1,0,12.83,17.14,77541,1,1,1,31.06
2874475,43.28,43.0,42.7,43.3,0,0,13.51,17.11,0,1,1,0,31.06
2874981,43.28,43.0,42.7,43.3,0,0,13.51,17.11,500,1,1,0,31.06
2875487,43.3,43.0,42.7,43.3,0,0,12.68,17.12,1001,1,1,0,31.06
2875993,43.27,43.0,42.7,43.3,0,0,12.79,17.1,1502,1,1,0,31.06
2876499,43.27,43.0,42.7,43.3,0,0,12.79,17.1,2002,1,1,0,31.06
2877005,43.21,43.0,42.7,43.3,0,0,12.72,17.1,2502,1,1,0,31.07
2877511,43.15,43.0,42.7,43.3,0,0,12.88,17.04,3002,1,1,0,31.04
2878017,43.15,43.0,42.7,43.3,0,0,12.11,17.04,3502,1,1,0,31.07
2878524,43.15,43.0,42.7,43.3,0,0,12.11,17.07,4002,1,1,0,31.07
2879030,43.15,43.0,42.7,43.3,0,0,12.11,17.07,4502,1,1,0,31.07
2879536,43.15,43.0,42.7,43.3,0,0,12.11,17.07,5002,1,1,0,31.07
2880042,43.15,43.0,42.7,43.3,0,0,13.25,17.07,5502,1,1,0,31.07
2880548,43.06,43.0,42.7,43.3,0,0,12.92,17.03,6002,1,1,0,31.06
2881054,43.03,43.0,42.7,43.3,0,0,13.01,17.02,6502,1,1,0,31.06
2881560,43.03,43.0,42.7,43.3,0,0,13.01,17.02,7002,1,1,0,31.06
2882066,42.96,43.0,42.7,43.3,0,0,13.07,17.02,7502,1,1,0,31.03
2882572,42.96,43.0,42.7,43.3,0,0,13.07,16.96,8002,1,1,0,31.03
2883078,42.95,43.0,42.7,43.3,0,0,13.05,16.96,8502,1,1,0,31.07
2883584,42.95,43.0,42.7,43.3,0,0,13.05,17.0,9002,1,1,0,31.07
2884090,42.95,43.0,42.7,43.3,0,0,13.05,17.0,9502,1,1,0,31.07
2884596,42.95,43.0,42.7,43.3,0,0,13.05,17.0,10002,1,1,0,31.07
2885102,42.95,43.0,42.7,43.3,0,0,13.05,17.0,10502,1,1,0,31.07
2885608,42.95,43.0,42.7,43.3,0,0,13.05,17.0,11002,1,1,0,31.07
2886114,42.95,43.0,42.7,43.3,0,0,13.05,17.0,11502,1,1,0,31.07
2886620,42.8,43.0,42.7,43.3,0,0,13.36,16.92,12002,1,1,0,31.04
2887126,42.76,43.0,42.7,43.3,0,0,13.58,16.92,12502,1,1,0,31.09
2887634,42.78,43.0,42.7,43.3,0,0,13.62,16.94,13002,1,1,0,31.04
2888141,42.78,43.0,42.7,43.3,0,0,13.62,16.91,13505,1,1,0,31.04
2888647,42.78,43.0,42.7,43.3,0,0,13.62,16.91,14005,1,1,0,31.04
2889153,42.68,43.0,42.7,43.3,0,0,13.82,16.87,14505,1,1,0,31.04
2889659,42.68,43.0,42.7,43.3,0,0,13.82,16.87,15005,1,1,0,31.04
2890165,42.67,43.0,42.7,43.3,0,0,13.95,16.87,15505,1,1,0,31.06
2890671,42.67,43.0,42.7,43.3,0,0,13.95,16.88,16005,1,1,0,31.06
2891177,42.6,43.0,42.7,43.3,0,0,14.12,16.88,16505,1,1,0,31.09
2891684,42.61,43.0,42.7,43.3,0,0,14.27,16.88,17005,1,1,0,31.06
2892191,42.61,43.0,42.7,43.3,0,0,14.27,16.86,17505,1,1,0,31.06
2892697,42.61,43.0,42.7,43.3,0,0,14.27,16.86,18005,1,1,0,31.06
2893203,42.5,43.0,42.7,43.3,0,0,14.43,16.83,18505,1,1,0,31.07
2893709,42.52,43.0,42.7,43.3,0,0,14.58,16.83,19005,1,1,0,31.09
2894215,42.52,43.0,42.7,43.3,0,0,14.58,16.86,19505,1,1,0,31.09
2894721,42.49,43.0,42.7,43.3,0,0,14.93,16.82,20005,1,1,0,31.06
2895227,42.44,43.0,42.7,43.3,0,0,14.69,16.82,20506,1,1,0,31.07
2895733,42.44,43.0,42.7,43.3,0,0,14.69,16.81,21008,1,1,0,31.07
2896239,42.44,43.0,42.7,43.3,0,0,15.06,16.81,21508,1,1,0,31.07
2896745,42.44,43.0,42.7,43.3,0,0,15.06,16.81,22008,1,1,0,31.07
2897251,42.42,43.0,42.7,43.3,0,0,14.88,16.81,22508,1,1,0,31.06
2897757,42.42,43.0,42.7,43.3,0,0,15.14,16.79,23008,1,1,0,31.06
2898263,42.42,43.0,42.7,43.3,0,0,15.14,16.79,23508,1,1,0,31.06
2898769,42.41,43.0,42.7,43.3,0,0,15.64,16.79,24008,1,0,0,31.06
2899276,42.41,43.0,42.7,43.3,0,0,15.64,16.79,24508,1,0,0,31.06
2899783,42.34,43.0,42.7,43.3,0,0,15.55,16.79,25008,1,0,0,31.07
2900289,42.34,43.0,42.7,43.3,0,0,15.55,16.77,25508,1,0,0,31.07
2900795,42.34,43.0,42.7,43.3,0,0,15.55,16.77,26008,1,0,0,31.07
2901301,42.39,43.0,42.7,43.3,0,0,15.47,16.77,26508,1,0,0,31.06
2901807,42.39,43.0,42.7,43.3,0,0,15.47,16.78,27008,1,0,0,31.06
2902313,42.35,43.0,42.7,43.3,0,0,15.94,16.78,27508,1,0,0,31.07
2902821,42.34,43.0,42.7,43.3,0,0,15.86,16.78,28008,1,0,0,31.07
2903328,42.34,43.0,42.7,43.3,0,0,15.86,16.77,28508,1,0,0,31.07
2903834,42.33,43.0,42.7,43.3,0,0,16.01,16.77,29008,1,0,0,31.04
2904340,42.33,43.0,42.7,43.3,0,0,16.2,16.74,29508,1,0,0,31.04
2904846,42.33,43.0,42.7,43.3,0,0,16.2,16.74,30008,1,0,0,31.04
2905352,42.35,43.0,42.7,43.3,0,0,16.03,16.78,30508,1,0,0,31.07
2905858,42.31,43.0,42.7,43.3,0,0,15.88,16.78,31008,1,0,0,31.07
2906364,42.31,43.0,42.7,43.3,0,0,15.88,16.76,31508,1,0,0,31.07
2906870,42.35,43.0,42.7,43.3,0,0,16.38,16.76,32008,1,0,0,31.04
2907376,42.35,43.0,42.7,43.3,0,0,16.38,16.75,32508,1,0,0,31.04
2907882,42.29,43.0,42.7,43.3,0,0,16.87,16.75,33008,1,0,0,31.09
2908388,42.36,43.0,42.7,43.3,0,0,16.44,16.77,33508,1,0,0,31.06
2908894,42.36,43.0,42.7,43.3,0,0,16.44,16.77,34008,1,0,0,31.06
2909400,42.35,43.0,42.7,43.3,0,0,16.74,16.77,34508,1,0,0,31.07
2909906,42.35,43.0,42.7,43.3,0,0,16.74,16.78,35008,1,0,0,31.07
2910412,42.39,43.0,42.7,43.3,0,0,16.96,16.78,35513,1,0,0,31.06
2910918,42.33,43.0,42.7,43.3,0,0,16.94,16.78,36013,1,0,0,31.06
2911424,42.39,43.0,42.7,43.3,0,0,16.87,16.76,36513,1,0,0,31.07
2911930,42.39,43.0,42.7,43.3,0,0,16.87,16.79,37013,1,0,0,31.07
2912436,42.39,43.0,42.7,43.3,0,0,16.87,16.79,37513,1,0,0,31.07
2912942,42.35,43.0,42.7,43.3,0,0,16.96,16.79,38013,1,0,0,31.07
2913448,42.42,43.0,42.7,43.3,0,0,16.92,16.82,39018,1,0,0,31.09
2913954,42.42,43.0,42.7,43.3,0,0,16.92,16.82,39518,1,0,0,31.09
2914460,42.42,43.0,42.7,43.3,0,0,16.92,16.82,40018,1,0,0,31.09
2914966,42.42,43.0,42.7,43.3,0,0,16.92,16.82,40518,1,0,0,31.09
2915472,42.41,43.0,42.7,43.3,0,0,17.5,16.81,41018,1,0,0,31.09
2915978,42.47,43.0,42.7,43.3,0,0,17.5,16.81,41518,1,0,0,31.06
2916484,42.42,43.0,42.7,43.3,0,0,17.54,16.79,42018,1,0,0,31.06
2916990,42.47,43.0,42.7,43.3,0,0,17.48,16.82,42518,1,0,0,31.07
2917496,42.48,43.0,42.7,43.3,0,0,17.73,16.83,43021,1,0,0,31.07
2918002,42.48,43.0,42.7,43.3,0,0,17.73,16.83,43521,1,0,0,31.07
2918508,42.48,43.0,42.7,43.3,0,0,17.73,16.83,44021,1,0,0,31.07
2919014,42.49,43.0,42.7,43.3,0,0,17.71,16.82,44521,1,0,0,31.06
2919520,42.52,43.0,42.7,43.3,0,0,17.86,16.83,45021,1,0,0,31.06
2920027,42.54,43.0,42.7,43.3,0,0,17.8,16.83,45521,1,0,0,31.09
2920534,42.54,43.0,42.7,43.3,0,0,17.8,16.86,46021,1,0,0,31.09
2921040,42.54,43.0,42.7,43.3,0,0,17.8,16.86,46521,1,0,0,31.09
2921546,42.54,43.0,42.7,43.3,0,0,18.1,16.85,47021,1,0,0,31.07
2922052,42.55,43.0,42.7,43.3,0,0,18.04,16.82,47521,1,0,0,31.04
2922558,42.55,43.0,42.7,43.3,0,0,18.04,16.82,48021,1,0,0,31.04
2923064,42.55,43.0,42.7,43.3,0,0,18.04,16.82,48521,1,0,0,31.04
2923570,42.64,43.0,42.7,43.3,0,0,18.47,16.82,49021,1,0,0,31.07
2924076,42.64,43.0,42.7,43.3,0,0,18.47,16.89,49521,1,0,0,31.07
2924582,42.63,43.0,42.7,43.3,0,0,18.49,16.88,50021,1,0,0,31.07
2925088,42.63,43.0,42.7,43.3,0,0,18.49,16.88,50521,1,0,0,31.07
2925594,42.63,43.0,42.7,43.3,0,0,18.49,16.88,51021,1,0,0,31.07
2926100,42.64,43.0,42.7,43.3,0,0,18.29,16.89,51521,1,0,0,31.07
2926606,42.64,43.0,42.7,43.3,0,0,18.29,16.89,52021,1,0,0,31.07
2927112,42.64,43.0,42.7,43.3,0,0,18.29,16.89,52521,1,0,0,31.07
2927618,42.74,43.0,42.7,43.3,1,0,19.16,16.92,0,1,0,0,31.07
2928124,42.74,43.0,42.7,43.3,1,0,19.16,16.92,500,1,0,0,31.07
2928630,42.74,43.0,42.7,43.3,1,0,19.16,16.92,1000,1,0,0,31.07
