timestamp,raw_hum,target_hum,turn_on_thres,turn_off_thres,peltier,cold_fan,ntc_temp,dew_point,state_elapsed_ms,profile,condensing_started,fan_boost_allowed,sht30_temp
17722,70.7,35.0,34.9,35.3,1,0,30.87,25.81,2000,0,0,1,31.8
18228,70.68,35.0,34.9,35.3,1,0,30.57,25.81,2500,0,0,1,31.8
18734,70.68,35.0,34.9,35.3,1,0,30.57,25.81,3000,0,0,1,31.8
19240,70.72,35.0,34.9,35.3,1,0,30.66,25.83,3500,0,0,1,31.82
19746,70.71,35.0,34.9,35.3,1,0,30.52,25.83,4000,0,0,1,31.8
20252,70.74,35.0,34.9,35.3,1,0,30.48,25.82,4500,0,0,1,31.79
20758,70.74,35.0,34.9,35.3,1,0,30.48,25.81,5000,0,0,1,31.79
21264,70.74,35.0,34.9,35.3,1,0,30.48,25.81,5500,0,0,1,31.79
21770,70.78,35.0,34.9,35.3,1,0,30.41,25.85,6000,0,0,1,31.82
22276,70.74,35.0,34.9,35.3,1,0,30.24,25.82,6500,0,0,1,31.8
22782,70.83,35.0,34.9,35.3,1,0,30.11,25.82,7000,0,0,1,31.83
23288,70.83,35.0,34.9,35.3,1,0,30.11,25.87,7500,0,0,1,31.83
23794,70.83,35.0,34.9,35.3,1,0,30.11,25.87,8000,0,0,1,31.83
24300,70.85,35.0,34.9,35.3,1,0,30.08,25.88,8509,0,0,1,31.83
24806,70.85,35.0,34.9,35.3,1,0,30.08,25.88,9009,0,0,1,31.83
25312,70.87,35.0,34.9,35.3,1,0,30.24,25.88,9509,0,0,1,31.82
25818,70.87,35.0,34.9,35.3,1,0,30.24,25.87,10009,0,0,1,31.82
26324,70.87,35.0,34.9,35.3,1,0,30.24,25.87,10509,0,0,1,31.82
26830,70.87,35.0,34.9,35.3,1,0,30.24,25.87,11009,0,0,1,31.82
27336,70.87,35.0,34.9,35.3,1,0,30.24,25.87,11509,0,0,1,31.82
27842,70.87,35.0,34.9,35.3,1,0,30.24,25.87,12009,0,0,1,31.82
28348,70.87,35.0,34.9,35.3,1,0,30.24,25.87,12509,0,0,1,31.82
28854,70.92,35.0,34.9,35.3,1,0,29.19,25.87,13009,0,0,1,31.83
29360,70.92,35.0,34.9,35.3,1,0,29.19,25.89,13509,0,0,1,31.83
29866,70.96,35.0,34.9,35.3,1,0,28.53,25.89,14009,0,0,1,31.86
30372,70.96,35.0,34.9,35.3,1,0,28.53,25.93,14509,0,0,1,31.86
30878,70.98,35.0,34.9,35.3,1,0,28.78,25.93,15009,0,0,1,31.83
31384,70.99,35.0,34.9,35.3,1,0,28.78,25.91,15509,0,0,1,31.83
31890,70.99,35.0,34.9,35.3,1,0,28.78,25.91,16009,0,0,1,31.83
32396,71.02,35.0,34.9,35.3,1,0,29.05,25.92,16509,0,0,1,31.83
32902,71.05,35.0,34.9,35.3,1,0,28.35,25.92,17009,0,0,1,31.86
33408,71.05,35.0,34.9,35.3,1,0,28.35,25.95,17509,0,0,1,31.86
33914,71.05,35.0,34.9,35.3,1,0,28.35,25.95,18009,0,0,1,31.86
34420,71.05,35.0,34.9,35.3,1,0,28.35,25.95,18509,0,0,1,31.86
34926,71.04,35.0,34.9,35.3,1,0,28.51,25.95,19009,0,0,1,31.82
35432,71.04,35.0,34.9,35.3,1,0,28.51,25.91,19509,0,0,1,31.82
35938,71.04,35.0,34.9,35.3,1,0,27.83,25.91,20009,0,0,1,31.85
36444,71.04,35.0,34.9,35.3,1,0,27.83,25.94,20509,0,0,1,31.85
36950,71.05,35.0,34.9,35.3,1,0,27.63,25.94,21009,0,0,1,31.85
37456,71.05,35.0,34.9,35.3,1,0,27.63,25.94,21509,0,0,1,31.85
37962,71.12,35.0,34.9,35.3,1,0,27.34,25.94,22009,0,0,1,31.86
38468,71.12,35.0,34.9,35.3,1,0,27.34,25.97,22509,0,0,1,31.86
38974,71.1,35.0,34.9,35.3,1,0,27.18,25.97,23009,0,0,1,31.87
39480,71.1,35.0,34.9,35.3,1,0,27.18,25.98,23509,0,0,1,31.87
39986,71.12,35.0,34.9,35.3,1,0,27.05,25.98,24009,0,0,1,31.87
40492,71.12,35.0,34.9,35.3,1,0,27.05,25.98,24509,0,0,1,31.87
40999,71.12,35.0,34.9,35.3,1,0,27.05,25.98,25009,0,0,1,31.87
41505,71.14,35.0,34.9,35.3,1,0,26.85,25.98,25509,0,0,1,31.87
42011,71.12,35.0,34.9,35.3,1,0,26.54,25.96,26510,0,0,1,31.85
42517,71.12,35.0,34.9,35.3,1,0,26.54,25.96,27010,0,0,1,31.85
43023,71.12,35.0,34.9,35.3,1,0,26.54,25.96,27510,0,0,1,31.85
43537,71.13,35.0,34.9,35.3,1,0,26.29,25.96,28010,0,0,1,31.85
44044,71.13,35.0,34.9,35.3,1,0,26.29,25.96,28510,0,0,1,31.85
44550,71.1,35.0,34.9,35.3,1,0,26.14,25.98,29010,0,0,1,31.87
45056,71.14,35.0,34.9,35.3,1,0,25.7,26.0,29510,0,0,1,31.89
45562,71.14,35.0,34.9,35.3,1,0,25.7,26.0,30010,0,0,1,31.89
46068,71.12,35.0,34.9,35.3,1,0,26.01,25.97,30510,0,0,1,31.86
46574,71.1,35.0,34.9,35.3,1,0,25.72,25.95,31013,0,0,1,31.85
47080,71.1,35.0,34.9,35.3,1,0,25.72,25.95,31513,0,0,1,31.85
47586,71.11,35.0,34.9,35.3,1,0,25.54,25.97,32013,0,0,1,31.86
48092,71.11,35.0,34.9,35.3,1,0,25.54,25.97,32513,0,0,1,31.86
48598,71.1,35.0,34.9,35.3,1,0,25.47,25.96,33013,0,0,1,31.86
49104,71.08,35.0,34.9,35.3,1,0,25.34,25.97,33518,0,0,1,31.87
49610,71.09,35.0,34.9,35.3,1,0,25.17,25.97,34018,0,0,1,31.87
50116,71.09,35.0,34.9,35.3,1,0,25.1,25.97,34518,0,0,1,31.86
50622,71.08,35.0,34.9,35.3,1,0,25.19,25.96,35018,0,0,1,31.85
51128,71.08,35.0,34.9,35.3,1,0,25.19,25.95,35518,0,0,1,31.85
51634,71.06,35.0,34.9,35.3,1,0,25.01,25.98,36020,0,0,1,31.89
52140,71.06,35.0,34.9,35.3,1,0,24.81,25.95,36520,0,0,1,31.86
52646,71.08,35.0,34.9,35.3,1,0,24.77,25.96,37020,0,0,1,31.86
53152,71.07,35.0,34.9,35.3,1,0,25.14,25.97,37520,0,0,1,31.87
53658,71.03,35.0,34.9,35.3,1,0,24.68,25.96,38020,0,0,1,31.87
54164,71.03,35.0,34.9,35.3,1,0,24.51,25.96,38520,0,0,1,31.87
54670,71.02,35.0,34.9,35.3,1,0,24.33,25.96,39020,0,1,1,31.87
55176,71.03,35.0,34.9,35.3,1,0,24.33,25.96,39520,0,1,1,31.87
55694,71.0,35.0,34.9,35.3,1,0,24.4,25.96,40020,0,1,1,31.89
56201,71.0,35.0,34.9,35.3,1,0,24.4,25.97,40520,0,1,1,31.89
56707,71.0,35.0,34.9,35.3,1,0,24.14,25.95,41020,0,1,1,31.87
57213,70.99,35.0,34.9,35.3,1,0,24.07,25.95,41520,0,1,1,31.87
57719,71.01,35.0,34.9,35.3,1,0,24.03,25.97,42020,0,1,1,31.89
58225,70.97,35.0,34.9,35.3,1,0,23.89,25.95,42520,0,1,1,31.87
58731,70.95,35.0,34.9,35.3,1,0,23.63,25.93,43020,0,1,1,31.86
59237,70.91,35.0,34.9,35.3,1,0,23.61,25.93,43520,0,1,1,31.87
59743,70.91,35.0,34.9,35.3,1,0,23.72,25.93,44020,0,1,1,31.87
60256,70.94,35.0,34.9,35.3,1,0,23.87,25.93,44520,0,1,1,31.87
60773,70.9,35.0,34.9,35.3,1,0,23.57,25.94,45020,0,1,1,31.89
61280,70.9,35.0,34.9,35.3,1,0,23.57,25.94,45520,0,1,1,31.89
61786,70.9,35.0,34.9,35.3,1,0,23.74,25.93,46020,0,1,1,31.87
62292,70.86,35.0,34.9,35.3,1,0,23.26,25.91,46520,0,1,1,31.86
62800,70.87,35.0,34.9,35.3,1,0,23.02,25.92,47020,0,1,1,31.87
63307,70.86,35.0,34.9,35.3,1,0,23.11,25.92,47520,0,1,1,31.87
63813,70.83,35.0,34.9,35.3,1,0,22.81,25.92,48020,0,1,1,31.86
64319,70.85,35.0,34.9,35.3,1,0,22.83,25.9,48520,0,1,1,31.9
64825,70.82,35.0,34.9,35.3,1,0,22.87,25.95,49020,0,1,1,31.87
65345,70.81,35.0,34.9,35.3,1,0,22.96,25.91,49520,0,1,1,31.89
65852,70.81,35.0,34.9,35.3,1,0,22.96,25.92,50020,0,1,1,31.89
66358,70.76,35.0,34.9,35.3,1,0,22.83,25.9,50520,0,1,1,31.87
66864,70.76,35.0,34.9,35.3,1,0,22.81,25.9,51020,0,1,1,31.87
67370,70.77,35.0,34.9,35.3,1,0,22.44,25.91,51520,0,1,1,31.89
67876,70.75,35.0,34.9,35.3,1,0,22.85,25.91,52033,0,1,1,31.89
68382,70.72,35.0,34.9,35.3,1,0,22.39,25.87,52550,0,1,1,31.86
68888,70.72,35.0,34.9,35.3,1,0,21.94,25.87,53050,0,1,1,31.86
69394,70.66,35.0,34.9,35.3,1,0,22.18,25.87,53550,0,1,1,31.86
69900,70.68,35.0,34.9,35.3,1,0,22.16,25.86,54050,0,1,1,31.87
70406,70.64,35.0,34.9,35.3,1,0,22.05,25.88,54550,0,1,1,31.87
70912,70.65,35.0,34.9,35.3,1,0,21.98,25.87,55052,0,1,1,31.86
71418,70.58,35.0,34.9,35.3,1,0,21.96,25.86,55552,0,1,1,31.87
71924,70.58,35.0,34.9,35.3,1,0,21.96,25.85,56052,0,1,1,31.87
72430,70.61,35.0,34.9,35.3,1,1,21.77,25.89,56552,0,1,1,31.9
72937,70.56,35.0,34.9,35.3,1,1,21.79,25.86,57056,0,1,1,31.89
73443,70.54,35.0,34.9,35.3,1,1,21.64,25.83,57569,0,1,1,31.86
73949,70.54,35.0,34.9,35.3,1,1,21.68,25.83,58069,0,1,1,31.89
74455,70.56,35.0,34.9,35.3,1,1,21.64,25.86,58569,0,1,1,31.87
74961,70.58,35.0,34.9,35.3,1,1,22.0,25.85,59069,0,1,1,31.9
75467,70.6,35.0,34.9,35.3,1,1,22.18,25.88,59569,0,1,1,31.89
75973,70.5,35.0,34.9,35.3,1,1,22.57,25.87,60069,0,1,1,31.87
76479,70.32,35.0,34.9,35.3,1,1,22.74,25.83,60569,0,1,1,31.87
76985,70.04,35.0,34.9,35.3,1,1,22.48,25.79,61069,0,1,1,31.85
77491,69.79,35.0,34.9,35.3,1,1,22.2,25.7,61569,0,1,1,31.86
77997,69.49,35.0,34.9,35.3,1,1,22.5,25.65,62069,0,1,1,31.83
78503,69.17,35.0,34.9,35.3,1,1,22.31,25.55,62569,0,1,1,31.8
79009,69.17,35.0,34.9,35.3,1,1,22.31,25.45,63069,0,1,1,31.8
79515,68.77,35.0,34.9,35.3,1,1,22.39,25.37,63569,0,1,1,31.83
80021,68.37,35.0,34.9,35.3,1,1,22.03,25.37,64069,0,1,1,31.82
80527,67.98,35.0,34.9,35.3,1,1,22.35,25.26,64569,0,1,1,31.8
81033,67.67,35.0,34.9,35.3,1,1,22.16,25.15,65069,0,1,1,31.79
81539,67.29,35.0,34.9,35.3,1,1,22.26,25.06,65569,0,1,1,31.77
82045,66.94,35.0,34.9,35.3,1,1,22.39,24.96,66069,0,1,1,31.79
82551,66.64,35.0,34.9,35.3,1,1,22.33,24.88,66569,0,1,1,31.79
83057,66.28,35.0,34.9,35.3,1,1,22.18,24.81,67069,0,1,1,31.77
83563,65.92,35.0,34.9,35.3,1,1,22.24,24.7,67572,0,1,1,31.77
84069,65.63,35.0,34.9,35.3,1,1,21.96,24.61,68072,0,1,1,31.76
84575,65.32,35.0,34.9,35.3,1,1,22.22,24.42,69074,0,1,1,31.73
85081,65.05,35.0,34.9,35.3,1,1,22.09,24.36,69574,0,1,1,31.75
85587,64.75,35.0,34.9,35.3,1,1,22.0,24.27,70077,0,1,1,31.73
86093,64.75,35.0,34.9,35.3,1,1,22.0,24.27,70577,0,1,1,31.73
86599,64.42,35.0,34.9,35.3,1,0,22.26,24.17,71077,0,1,1,31.72
87105,64.17,35.0,34.9,35.3,1,0,21.72,24.11,71577,0,1,1,31.72
87611,63.94,35.0,34.9,35.3,1,0,21.98,24.06,72077,0,1,1,31.73
88117,63.63,35.0,34.9,35.3,1,0,21.87,23.95,72577,0,1,1,31.71
88623,63.42,35.0,34.9,35.3,1,0,21.87,23.91,73078,0,1,1,31.72
89129,63.23,35.0,34.9,35.3,1,0,21.85,23.84,73578,0,1,1,31.69
89635,62.99,35.0,34.9,35.3,1,0,21.48,23.77,74078,0,1,1,31.69
90141,62.88,35.0,34.9,35.3,1,0,21.44,23.74,74578,0,1,1,31.69
90647,62.74,35.0,34.9,35.3,1,0,21.03,23.7,75078,0,1,1,31.68
91153,62.59,35.0,34.9,35.3,1,0,21.1,23.66,75578,0,1,1,31.68
91659,62.55,35.0,34.9,35.3,1,0,20.75,23.67,76078,0,1,1,31.71
92165,62.49,35.0,34.9,35.3,1,0,20.99,23.67,76578,0,1,1,31.68
92671,62.4,35.0,34.9,35.3,1,0,20.92,23.63,77078,0,1,1,31.68
93178,62.4,35.0,34.9,35.3,1,0,20.92,23.61,77578,0,1,1,31.68
93684,62.32,35.0,34.9,35.3,1,0,20.75,23.6,78078,0,1,1,31.69
94190,62.28,35.0,34.9,35.3,1,0,20.43,23.58,78578,0,1,1,31.69
94696,62.29,35.0,34.9,35.3,1,0,20.17,23.6,79078,0,1,1,31.71
95202,62.29,35.0,34.9,35.3,1,0,20.51,23.57,79580,0,1,1,31.68
95708,62.29,35.0,34.9,35.3,1,0,20.49,23.59,80080,0,1,1,31.69
96214,62.23,35.0,34.9,35.3,1,0,20.34,23.57,80580,0,1,1,31.69
96720,62.26,35.0,34.9,35.3,1,0,20.79,23.58,81080,0,1,1,31.69
97226,62.26,35.0,34.9,35.3,1,0,20.73,23.55,81580,0,1,1,31.66
97732,62.23,35.0,34.9,35.3,1,0,20.25,23.57,82080,0,1,1,31.69
98238,62.26,35.0,34.9,35.3,1,0,20.0,23.57,82580,0,1,1,31.72
98744,62.23,35.0,34.9,35.3,1,0,19.78,23.6,83080,0,1,1,31.68
99250,62.2,35.0,34.9,35.3,1,0,19.8,23.56,83580,0,1,1,31.69
99761,62.16,35.0,34.9,35.3,1,0,20.02,23.56,84080,0,1,1,31.68
100268,62.16,35.0,34.9,35.3,1,0,20.02,23.54,84580,0,1,1,31.68
100774,62.14,35.0,34.9,35.3,1,0,19.78,23.52,85080,0,1,1,31.66
101280,62.11,35.0,34.9,35.3,1,0,19.89,23.54,85580,0,1,1,31.69
101786,62.12,35.0,34.9,35.3,1,0,19.76,23.55,86082,0,1,1,31.71
102292,62.1,35.0,34.9,35.3,1,0,19.67,23.54,86582,0,1,1,31.69
102798,62.08,35.0,34.9,35.3,1,1,19.48,23.54,87082,0,1,1,31.71
103304,62.07,35.0,34.9,35.3,1,1,19.13,23.52,87582,0,1,1,31.68
103810,62.07,35.0,34.9,35.3,1,1,19.46,23.52,88082,0,1,1,31.68
104316,62.06,35.0,34.9,35.3,1,1,19.37,23.52,88582,0,1,1,31.71
104822,62.1,35.0,34.9,35.3,1,1,19.24,23.54,89084,0,1,1,31.71
105328,62.15,35.0,34.9,35.3,1,1,19.87,23.55,89584,0,1,1,31.69
105834,62.16,35.0,34.9,35.3,1,1,19.91,23.55,90084,0,1,1,31.69
106340,62.03,35.0,34.9,35.3,1,1,19.52,23.55,90584,0,1,1,31.68
106846,62.03,35.0,34.9,35.3,1,1,19.52,23.51,91084,0,1,1,31.68
107352,61.87,35.0,34.9,35.3,1,1,20.08,23.47,91584,0,1,1,31.69
107858,61.64,35.0,34.9,35.3,1,1,20.08,23.41,92084,0,1,1,31.69
108364,61.33,35.0,34.9,35.3,1,1,20.36,23.32,92584,0,1,1,31.68
108870,61.01,35.0,34.9,35.3,1,1,20.28,23.24,93084,0,1,1,31.69
109377,60.7,35.0,34.9,35.3,1,1,20.02,23.13,93584,0,1,1,31.66
109884,60.33,35.0,34.9,35.3,1,1,20.17,23.01,94093,0,1,1,31.64
110390,60.05,35.0,34.9,35.3,1,1,20.32,23.01,94593,0,1,1,31.66
110896,59.8,35.0,34.9,35.3,1,1,20.4,22.95,95093,0,1,1,31.65
111402,59.45,35.0,34.9,35.3,1,1,20.66,22.87,95593,0,1,1,31.64
111909,59.18,35.0,34.9,35.3,1,1,20.4,22.76,96093,0,1,1,31.62
112415,58.93,35.0,34.9,35.3,1,1,20.79,22.67,96594,0,1,1,31.64
112921,58.7,35.0,34.9,35.3,1,0,20.66,22.62,97094,0,1,1,31.62
113427,58.46,35.0,34.9,35.3,1,0,20.43,22.54,97594,0,1,1,31.62
113936,58.2,35.0,34.9,35.3,1,0,20.17,22.47,98094,0,1,1,31.64
114443,58.2,35.0,34.9,35.3,1,0,20.17,22.41,98594,0,1,1,31.64
114949,57.97,35.0,34.9,35.3,1,0,20.15,22.32,99094,0,1,1,31.61
115455,57.77,35.0,34.9,35.3,1,0,20.34,22.24,99594,0,1,1,31.58
115961,57.58,35.0,34.9,35.3,1,0,19.46,22.21,100098,0,1,1,31.61
116467,57.51,35.0,34.9,35.3,1,0,19.95,22.2,100615,0,1,1,31.62
116973,57.36,35.0,34.9,35.3,1,0,19.65,22.2,101115,0,1,1,31.59
117479,57.27,35.0,34.9,35.3,1,0,19.54,22.13,101615,0,1,1,31.59
117985,57.16,35.0,34.9,35.3,1,0,19.65,22.11,102115,0,1,1,31.62
118491,57.08,35.0,34.9,35.3,1,0,19.16,22.1,102615,0,1,1,31.59
118997,56.99,35.0,34.9,35.3,1,0,19.39,22.05,103115,0,1,1,31.59
119503,57.05,35.0,34.9,35.3,1,0,19.09,22.03,103615,0,1,1,31.61
120009,56.98,35.0,34.9,35.3,1,0,18.96,22.06,104115,0,1,1,31.59
120515,56.98,35.0,34.9,35.3,1,0,18.96,22.02,104618,0,1,1,31.59
121021,56.98,35.0,34.9,35.3,1,0,18.92,22.04,105118,0,1,1,31.61
121527,56.97,35.0,34.9,35.3,1,0,18.57,22.02,105618,0,1,1,31.59
122033,56.94,35.0,34.9,35.3,1,0,18.64,22.02,106118,0,1,1,31.59
122539,56.96,35.0,34.9,35.3,1,0,18.79,22.01,106618,0,1,1,31.61
123045,56.92,35.0,34.9,35.3,1,0,18.66,22.03,107118,0,1,1,31.58
123551,56.89,35.0,34.9,35.3,1,0,18.85,21.99,107618,0,1,1,31.59
124057,56.88,35.0,34.9,35.3,1,0,18.62,22.0,108118,0,1,1,31.61
124563,56.86,35.0,34.9,35.3,1,0,18.6,22.01,108618,0,1,1,31.59
125069,56.81,35.0,34.9,35.3,1,0,19.03,21.99,109118,0,1,1,31.61
125576,56.87,35.0,34.9,35.3,1,0,18.19,21.99,109618,0,1,1,31.61
126082,56.83,35.0,34.9,35.3,1,0,18.38,22.0,110118,0,1,1,31.59
126588,56.82,35.0,34.9,35.3,1,0,18.14,21.98,110618,0,1,1,31.59
127111,56.88,35.0,34.9,35.3,1,0,17.91,21.98,111118,0,1,1,31.61
127618,56.88,35.0,34.9,35.3,1,1,17.91,22.01,111621,0,1,1,31.61
128124,56.89,35.0,34.9,35.3,1,1,18.16,22.0,112623,0,1,1,31.59
128630,56.89,35.0,34.9,35.3,1,1,18.1,22.01,113123,0,1,1,31.61
129139,56.9,35.0,34.9,35.3,1,1,18.06,22.0,113623,0,1,1,31.59
129646,56.92,35.0,34.9,35.3,1,1,18.44,22.01,114123,0,1,1,31.59
130152,57.0,35.0,34.9,35.3,1,1,18.27,22.03,114624,0,1,1,31.59
130658,57.05,35.0,34.9,35.3,1,1,18.4,22.03,115124,0,1,1,31.58
131164,56.93,35.0,34.9,35.3,1,1,18.75,22.01,115624,0,1,1,31.59
131670,56.74,35.0,34.9,35.3,1,1,18.75,21.96,116124,0,1,1,31.59
132176,56.45,35.0,34.9,35.3,1,1,18.79,21.87,116627,0,1,1,31.59
132684,56.24,35.0,34.9,35.3,1,1,18.92,21.87,117127,0,1,1,31.58
133191,56.24,35.0,34.9,35.3,1,1,18.92,21.8,117627,0,1,1,31.58
133697,56.05,35.0,34.9,35.3,1,1,18.88,21.73,118128,0,1,1,31.57
134203,55.78,35.0,34.9,35.3,1,1,19.05,21.66,118630,0,1,1,31.58
134709,55.48,35.0,34.9,35.3,1,1,19.37,21.55,119130,0,1,1,31.55
135215,55.29,35.0,34.9,35.3,1,1,18.79,21.51,119630,0,1,1,31.57
135721,55.03,35.0,34.9,35.3,1,1,19.16,21.4,120130,0,1,1,31.53
136227,54.8,35.0,34.9,35.3,1,1,19.16,21.36,120630,0,1,1,31.57
136733,54.63,35.0,34.9,35.3,1,1,19.0,21.28,121130,0,1,1,31.53
137239,54.44,35.0,34.9,35.3,1,0,19.37,21.21,121631,0,1,1,31.52
137745,54.21,35.0,34.9,35.3,1,0,19.61,21.13,122132,0,1,1,31.51
138251,54.02,35.0,34.9,35.3,1,0,18.88,21.09,122632,0,1,1,31.52
138757,53.83,35.0,34.9,35.3,1,0,19.05,21.02,123132,0,1,1,31.51
139263,53.66,35.0,34.9,35.3,1,0,18.96,20.95,123632,0,1,1,31.49
139769,53.47,35.0,34.9,35.3,1,0,18.79,20.95,124132,0,1,1,31.47
140275,53.38,35.0,34.9,35.3,1,0,18.77,20.87,124632,0,1,1,31.49
140781,53.26,35.0,34.9,35.3,1,0,18.4,20.86,125132,0,1,1,31.48
141287,53.17,35.0,34.9,35.3,1,0,18.29,20.81,125632,0,1,1,31.49
141804,53.11,35.0,34.9,35.3,1,0,18.27,20.8,126135,0,1,1,31.49
142311,53.11,35.0,34.9,35.3,1,0,18.27,20.78,126639,0,1,1,31.49
142817,53.11,35.0,34.9,35.3,1,0,18.36,20.78,127139,0,1,1,31.49
143323,52.99,35.0,34.9,35.3,1,0,18.01,20.75,127641,0,1,1,31.49
143829,52.97,35.0,34.9,35.3,1,0,17.73,20.75,128141,0,1,1,31.51
144335,52.91,35.0,34.9,35.3,1,0,17.93,20.71,128641,0,1,1,31.48
144841,52.93,35.0,34.9,35.3,1,0,17.58,20.72,129141,0,1,1,31.49
145347,52.89,35.0,34.9,35.3,1,0,17.65,20.69,129641,0,1,1,31.47
145853,52.96,35.0,34.9,35.3,1,0,17.65,20.72,130157,0,1,1,31.48
146359,52.95,35.0,34.9,35.3,1,0,17.58,20.72,130657,0,1,1,31.48
146866,52.97,35.0,34.9,35.3,1,0,17.63,20.72,131157,0,1,1,31.49
147372,52.98,35.0,34.9,35.3,1,0,17.54,20.74,131657,0,1,1,31.49
147880,53.04,35.0,34.9,35.3,1,0,17.5,20.74,132157,0,1,1,31.48
148387,53.04,35.0,34.9,35.3,1,0,17.5,20.75,132657,0,1,1,31.48
148893,53.02,35.0,34.9,35.3,1,0,17.41,20.75,133157,0,1,1,31.49
149399,53.03,35.0,34.9,35.3,1,0,17.32,20.76,133657,0,1,1,31.49
149905,53.07,35.0,34.9,35.3,1,0,17.78,20.74,134157,0,1,1,31.47
150411,53.11,35.0,34.9,35.3,1,0,17.43,20.78,134657,0,1,1,31.49
150917,53.13,35.0,34.9,35.3,1,0,17.13,20.8,135157,0,1,1,31.51
151423,53.12,35.0,34.9,35.3,1,0,17.15,20.8,135657,0,1,1,31.48
151929,53.17,35.0,34.9,35.3,1,0,17.15,20.77,136157,0,1,1,31.51
152435,53.22,35.0,34.9,35.3,1,0,16.94,20.82,136657,0,1,1,31.52
152941,53.21,35.0,34.9,35.3,1,0,16.89,20.84,137157,0,1,1,31.51
153447,53.22,35.0,34.9,35.3,1,0,16.66,20.83,137657,0,1,1,31.49
153953,53.26,35.0,34.9,35.3,1,1,17.07,20.81,138157,0,1,1,31.48
154459,53.25,35.0,34.9,35.3,1,1,16.92,20.81,138657,0,1,1,31.49
154969,53.32,35.0,34.9,35.3,1,1,16.68,20.82,139157,0,1,1,31.51
155490,53.37,35.0,34.9,35.3,1,1,17.41,20.86,139657,0,1,1,31.51
156007,53.38,35.0,34.9,35.3,1,1,17.15,20.88,140157,0,1,1,31.51
156524,53.4,35.0,34.9,35.3,1,1,17.3,20.88,140657,0,1,1,31.49
157041,53.46,35.0,34.9,35.3,1,1,17.32,20.87,141157,0,1,1,31.49
157548,53.46,35.0,34.9,35.3,1,1,17.32,20.89,141657,0,1,1,31.49
158054,53.29,35.0,34.9,35.3,1,1,17.32,20.86,142157,0,1,1,31.52
158560,53.04,35.0,34.9,35.3,1,1,17.67,20.76,142660,0,1,1,31.49
159066,52.79,35.0,34.9,35.3,1,1,18.34,20.67,143172,0,1,1,31.48
159572,52.57,35.0,34.9,35.3,1,1,18.19,20.67,143672,0,1,1,31.48
160078,52.31,35.0,34.9,35.3,1,1,18.06,20.6,144172,0,1,1,31.51
160584,51.99,35.0,34.9,35.3,1,1,18.29,20.55,144672,0,1,1,31.45
161090,51.73,35.0,34.9,35.3,1,1,18.1,20.4,145172,0,1,1,31.47
161596,51.5,35.0,34.9,35.3,1,1,18.04,20.33,145672,0,1,1,31.45
162102,51.27,35.0,34.9,35.3,1,1,18.44,20.25,146172,0,1,1,31.45
162608,51.1,35.0,34.9,35.3,1,0,18.12,20.17,146672,0,1,1,31.45
163114,50.88,35.0,34.9,35.3,1,0,18.06,20.12,147172,0,1,1,31.42
163620,50.7,35.0,34.9,35.3,1,0,17.82,20.02,147672,0,1,1,31.41
164143,50.53,35.0,34.9,35.3,1,0,17.99,19.95,148172,0,1,1,31.44
164650,50.53,35.0,34.9,35.3,1,0,17.99,19.92,148672,0,1,1,31.44
165156,50.38,35.0,34.9,35.3,1,0,17.99,19.92,149172,0,1,1,31.44
165662,50.24,35.0,34.9,35.3,1,0,17.58,19.88,149672,0,1,1,31.41
166168,50.16,35.0,34.9,35.3,1,0,17.41,19.81,150172,0,1,1,31.41
166674,50.09,35.0,34.9,35.3,1,0,17.37,19.76,151173,0,1,1,31.41
167180,50.03,35.0,34.9,35.3,1,0,17.17,19.75,151673,0,1,1,31.42
167686,50.04,35.0,34.9,35.3,1,0,17.0,19.74,152173,0,1,1,31.41
168197,50.06,35.0,34.9,35.3,1,0,17.43,19.74,152673,0,1,1,31.45
168714,50.08,35.0,34.9,35.3,1,0,17.07,19.79,153173,0,1,1,31.4
169231,50.09,35.0,34.9,35.3,1,0,17.48,19.74,153674,0,1,1,31.42
169738,50.09,35.0,34.9,35.3,1,0,17.48,19.77,154174,0,1,1,31.42
170244,50.14,35.0,34.9,35.3,1,0,16.74,19.8,154674,0,1,1,31.44
170750,50.17,35.0,34.9,35.3,1,0,16.76,19.8,155174,0,1,1,31.42
171256,50.19,35.0,34.9,35.3,1,0,16.61,19.79,155674,0,1,1,31.41
171762,50.19,35.0,34.9,35.3,1,0,16.72,19.8,156174,0,1,1,31.42
172268,50.2,35.0,34.9,35.3,1,0,16.4,19.81,156674,0,1,1,31.42
172774,50.19,35.0,34.9,35.3,1,0,16.72,19.81,157174,0,1,1,31.44
173280,50.19,35.0,34.9,35.3,1,0,16.03,19.81,157674,0,1,1,31.44
173786,50.16,35.0,34.9,35.3,1,0,16.7,19.81,158174,0,1,1,31.42
174293,50.17,35.0,34.9,35.3,1,0,15.81,19.79,158674,0,1,1,31.47
174800,50.17,35.0,34.9,35.3,1,1,15.81,19.83,159174,0,1,1,31.47
175306,50.12,35.0,34.9,35.3,1,1,16.14,19.78,159674,0,1,1,31.42
175812,50.14,35.0,34.9,35.3,1,1,16.14,19.8,160174,0,1,1,31.44
176321,50.04,35.0,34.9,35.3,1,1,15.97,19.77,160674,0,1,1,31.44
176828,50.09,35.0,34.9,35.3,1,1,16.31,19.78,161174,0,1,1,31.44
177334,50.12,35.0,34.9,35.3,1,1,16.53,19.78,161676,0,1,1,31.42
177840,50.14,35.0,34.9,35.3,1,1,16.18,19.8,162176,0,1,1,31.44
178346,50.2,35.0,34.9,35.3,1,1,16.59,19.81,162676,0,1,1,31.42
178852,50.01,35.0,34.9,35.3,1,1,16.98,19.81,163176,0,1,1,31.4
179358,49.82,35.0,34.9,35.3,1,1,17.09,19.72,163676,0,1,1,31.42
179864,49.62,35.0,34.9,35.3,1,1,17.43,19.68,164177,0,1,1,31.42
180370,49.62,35.0,34.9,35.3,1,1,17.43,19.62,164681,0,1,1,31.42
180876,49.42,35.0,34.9,35.3,1,1,17.26,19.54,165181,0,1,1,31.41
181382,49.2,35.0,34.9,35.3,1,1,17.17,19.46,165681,0,1,1,31.4
181888,49.0,35.0,34.9,35.3,1,0,17.45,19.38,166181,0,1,1,31.38
182394,48.85,35.0,34.9,35.3,1,0,17.43,19.31,166681,0,1,1,31.37
182900,48.68,35.0,34.9,35.3,1,0,17.32,19.31,167181,0,1,1,31.37
183406,48.49,35.0,34.9,35.3,1,0,17.3,19.26,167681,0,1,1,31.37
183912,48.36,35.0,34.9,35.3,1,0,17.22,19.2,168181,0,1,1,31.38
184418,48.21,35.0,34.9,35.3,1,0,17.0,19.17,168681,0,1,1,31.37
184924,48.21,35.0,34.9,35.3,1,0,17.0,19.1,169181,0,1,1,31.37
185430,48.14,35.0,34.9,35.3,1,0,16.83,19.08,169681,0,1,1,31.37
185936,48.09,35.0,34.9,35.3,1,0,16.35,19.06,170181,0,1,1,31.37
186442,48.01,35.0,34.9,35.3,1,0,16.46,19.05,170681,0,1,1,31.38
186948,47.95,35.0,34.9,35.3,1,0,16.35,19.05,171181,0,1,1,31.35
187454,47.93,35.0,34.9,35.3,1,0,15.79,19.01,171681,0,1,1,31.35
187960,47.85,35.0,34.9,35.3,1,0,16.4,19.0,172181,0,1,1,31.38
188466,47.85,35.0,34.9,35.3,1,0,16.4,19.0,172681,0,1,1,31.38
188972,47.84,35.0,34.9,35.3,1,0,18.01,18.97,173181,0,0,1,31.35
189478,47.9,35.0,34.9,35.3,1,0,16.33,18.98,173681,0,1,1,31.34
189984,47.89,35.0,34.9,35.3,1,0,16.48,19.0,174181,0,1,1,31.37
190490,47.96,35.0,34.9,35.3,1,0,15.94,19.03,174681,0,1,1,31.38
190996,47.94,35.0,34.9,35.3,1,0,16.01,19.03,175181,0,1,1,31.37
191502,48.03,35.0,34.9,35.3,1,0,15.97,19.01,175681,0,1,1,31.37
192008,48.0,35.0,34.9,35.3,1,0,15.9,19.05,176181,0,1,1,31.38
192514,48.03,35.0,34.9,35.3,1,0,15.79,19.04,176681,0,1,1,31.35
193020,48.03,35.0,34.9,35.3,1,0,15.79,19.03,177181,0,1,1,31.35
193526,48.08,35.0,34.9,35.3,1,0,15.79,19.06,177681,0,1,1,31.37
194032,48.04,35.0,34.9,35.3,1,0,15.73,19.06,178181,0,1,1,31.38
194538,48.05,35.0,34.9,35.3,1,0,15.68,19.05,178681,0,1,1,31.37
195044,48.14,35.0,34.9,35.3,1,0,15.6,19.05,179181,0,1,1,31.35
195550,48.08,35.0,34.9,35.3,1,0,15.66,19.07,179681,0,1,1,31.37
196056,48.13,35.0,34.9,35.3,1,0,15.55,19.06,180181,0,1,1,31.38
196562,48.13,35.0,34.9,35.3,1,0,15.51,19.09,180681,0,1,1,31.4
197071,48.17,35.0,34.9,35.3,1,0,15.73,19.1,181181,0,1,1,31.4
197578,48.17,35.0,34.9,35.3,1,0,15.73,19.12,181681,0,1,1,31.4
198084,48.2,35.0,34.9,35.3,1,0,15.36,19.11,182181,0,1,1,31.38
198590,48.33,35.0,34.9,35.3,1,0,15.4,19.11,182681,0,1,1,31.38
199096,48.33,35.0,34.9,35.3,1,0,15.45,19.16,183182,0,1,1,31.38
199602,48.38,35.0,34.9,35.3,1,0,15.32,19.16,183683,0,1,1,31.4
200108,48.37,35.0,34.9,35.3,1,0,15.64,19.19,184183,0,1,1,31.38
200614,48.44,35.0,34.9,35.3,1,0,15.19,19.17,184683,0,1,1,31.38
201120,48.49,35.0,34.9,35.3,1,1,15.14,19.19,185183,0,1,1,31.41
201627,48.49,35.0,34.9,35.3,1,1,15.14,19.23,185683,0,1,1,31.41
202133,48.48,35.0,34.9,35.3,1,1,15.32,19.23,186183,0,1,1,31.4
202639,48.64,35.0,34.9,35.3,1,1,15.19,19.22,186683,0,1,1,31.42
203145,48.6,35.0,34.9,35.3,1,1,15.4,19.3,187183,0,1,1,31.4
203651,48.7,35.0,34.9,35.3,1,1,15.58,19.26,187683,0,1,1,31.42
204157,48.63,35.0,34.9,35.3,1,1,15.66,19.32,188183,0,1,1,31.41
204663,48.65,35.0,34.9,35.3,1,1,15.9,19.28,188683,0,1,1,31.41
205169,48.54,35.0,34.9,35.3,1,1,16.1,19.29,189183,0,1,1,31.41
205675,48.54,35.0,34.9,35.3,1,1,16.1,19.25,189683,0,1,1,31.41
206181,48.25,35.0,34.9,35.3,1,1,16.16,19.25,190183,0,1,1,31.4
206687,47.83,35.0,34.9,35.3,1,1,16.48,18.98,191186,0,1,1,31.37
207193,47.83,35.0,34.9,35.3,1,1,16.48,18.98,191686,0,1,1,31.37
207699,47.56,35.0,34.9,35.3,1,1,16.51,18.89,192186,0,1,1,31.37
208205,47.32,35.0,34.9,35.3,1,1,16.57,18.81,192686,0,1,1,31.37
208711,47.06,35.0,34.9,35.3,1,1,16.68,18.72,193186,0,1,1,31.37
209217,46.86,35.0,34.9,35.3,1,1,16.57,18.64,193686,0,1,1,31.35
209740,46.55,35.0,34.9,35.3,1,1,16.72,18.64,194186,0,1,1,31.37
210247,46.55,35.0,34.9,35.3,1,0,16.72,18.54,194686,0,1,1,31.37
210753,46.35,35.0,34.9,35.3,1,0,17.02,18.45,195186,0,0,1,31.34
211259,46.14,35.0,34.9,35.3,1,0,16.74,18.45,195686,0,0,1,31.32
211765,46.14,35.0,34.9,35.3,1,0,16.74,18.36,196186,0,1,1,31.32
212278,45.79,35.0,34.9,35.3,1,0,16.51,18.36,196686,0,1,1,31.3
212785,45.79,35.0,34.9,35.3,1,0,16.51,18.22,197186,0,1,1,31.3
213291,45.62,35.0,34.9,35.3,1,0,16.31,18.15,197686,0,1,1,31.28
213797,45.56,35.0,34.9,35.3,1,0,15.99,18.15,198186,0,1,1,31.31
214303,45.56,35.0,34.9,35.3,1,0,15.99,18.15,198688,0,1,1,31.31
214809,45.46,35.0,34.9,35.3,1,0,15.73,18.09,199189,0,1,1,31.28
215315,45.46,35.0,34.9,35.3,1,0,15.73,18.09,199689,0,1,1,31.28
215821,45.33,35.0,34.9,35.3,1,0,15.66,18.06,200189,0,1,1,31.3
216327,45.33,35.0,34.9,35.3,1,0,15.66,18.06,200689,0,1,1,31.3
216846,45.37,35.0,34.9,35.3,1,0,15.53,18.06,201189,0,1,1,31.28
217353,45.37,35.0,34.9,35.3,1,0,15.53,18.06,201689,0,1,1,31.28
217859,45.37,35.0,34.9,35.3,1,0,15.53,18.06,202189,0,1,1,31.28
218365,45.44,35.0,34.9,35.3,1,0,15.42,18.09,202689,0,1,1,31.3
218871,45.5,35.0,34.9,35.3,1,0,15.34,18.09,203189,0,1,1,31.3
219377,45.5,35.0,34.9,35.3,1,0,15.34,18.12,203689,0,1,1,31.3
219883,45.54,35.0,34.9,35.3,1,0,15.36,18.12,204189,0,1,1,31.3
220390,45.54,35.0,34.9,35.3,1,0,15.36,18.13,204689,0,1,1,31.3
220897,45.54,35.0,34.9,35.3,1,0,15.36,18.13,205189,0,1,1,31.3
221403,45.54,35.0,34.9,35.3,1,0,15.36,18.13,205689,0,1,1,31.3
221909,45.67,35.0,34.9,35.3,1,0,15.12,18.19,206189,0,1,1,31.31
222415,45.69,35.0,34.9,35.3,1,0,15.08,18.19,206689,0,1,1,31.31
222921,45.69,35.0,34.9,35.3,1,0,15.08,18.2,207189,0,1,1,31.31
223427,45.71,35.0,34.9,35.3,1,0,15.08,18.2,207689,0,1,1,31.31
223933,45.71,35.0,34.9,35.3,1,0,14.88,18.21,208189,0,1,1,31.32
224439,45.71,35.0,34.9,35.3,1,0,14.88,18.21,208689,0,1,1,31.32
224945,45.71,35.0,34.9,35.3,1,0,14.88,18.21,209189,0,1,1,31.32
225451,45.71,35.0,34.9,35.3,1,0,14.88,18.21,209689,0,1,1,31.32
225957,45.77,35.0,34.9,35.3,1,0,15.01,18.21,210189,0,1,1,31.3
226463,45.78,35.0,34.9,35.3,1,0,14.6,18.21,210689,0,1,1,31.31
226969,45.78,35.0,34.9,35.3,1,0,14.6,18.22,211189,0,1,1,31.31
227475,45.83,35.0,34.9,35.3,1,0,14.54,18.26,211690,0,1,1,31.32
227981,45.83,35.0,34.9,35.3,1,0,14.54,18.26,212190,0,1,1,31.32
228487,45.89,35.0,34.9,35.3,1,0,14.36,18.29,212690,0,1,1,31.34
228993,45.87,35.0,34.9,35.3,1,0,15.08,18.29,213190,0,1,1,31.32
229499,45.87,35.0,34.9,35.3,1,0,15.08,18.27,213690,0,1,1,31.32
230005,45.94,35.0,34.9,35.3,1,1,14.25,18.32,214190,0,1,1,31.35
230511,46.02,35.0,34.9,35.3,1,1,14.45,18.32,214690,0,1,1,31.32
231017,46.05,35.0,34.9,35.3,1,1,14.62,18.32,215190,0,1,1,31.32
231523,46.05,35.0,34.9,35.3,1,1,14.62,18.33,215690,0,1,1,31.32
232029,46.16,35.0,34.9,35.3,1,1,14.75,18.33,216190,0,1,1,31.34
232535,46.16,35.0,34.9,35.3,1,1,14.75,18.38,216690,0,1,1,31.34
233041,46.16,35.0,34.9,35.3,1,1,14.75,18.38,217190,0,1,1,31.34
233547,46.16,35.0,34.9,35.3,1,1,15.08,18.38,217690,0,1,1,31.34
234053,46.16,35.0,34.9,35.3,1,1,15.08,18.38,218190,0,1,1,31.34
234559,45.8,35.0,34.9,35.3,1,1,15.58,18.38,218690,0,1,1,31.31
235065,45.8,35.0,34.9,35.3,1,1,15.58,18.23,219190,0,1,1,31.31
235571,45.8,35.0,34.9,35.3,1,1,15.58,18.23,219690,0,1,1,31.31
236077,45.16,35.0,34.9,35.3,1,1,15.68,18.23,220190,0,1,1,31.32
236583,45.16,35.0,34.9,35.3,1,1,15.68,18.02,220690,0,1,1,31.32
237089,45.16,35.0,34.9,35.3,1,1,15.68,18.02,221190,0,1,1,31.32
237595,45.16,35.0,34.9,35.3,1,1,15.68,18.02,221690,0,1,1,31.32
238101,45.16,35.0,34.9,35.3,1,1,15.68,18.02,222190,0,1,1,31.32
238607,44.45,35.0,34.9,35.3,1,1,16.2,18.02,222690,0,1,1,31.28
239113,44.45,35.0,34.9,35.3,1,0,16.2,17.73,223190,0,1,1,31.28
239619,44.19,35.0,34.9,35.3,1,0,16.22,17.73,223690,0,1,1,31.28
240125,44.19,35.0,34.9,35.3,1,0,16.22,17.64,224190,0,0,1,31.28
240631,43.99,35.0,34.9,35.3,1,0,15.84,17.55,224690,0,1,1,31.27
241138,43.99,35.0,34.9,35.3,1,0,15.84,17.55,225190,0,1,1,31.27
241645,43.75,35.0,34.9,35.3,1,0,15.81,17.55,225690,0,1,1,31.27
242151,43.75,35.0,34.9,35.3,1,0,15.81,17.47,226190,0,1,1,31.27
242657,43.65,35.0,34.9,35.3,1,0,15.51,17.47,226690,0,1,1,31.24
243163,43.65,35.0,34.9,35.3,1,0,15.51,17.41,227190,0,1,1,31.24
243669,43.65,35.0,34.9,35.3,1,0,15.51,17.41,227690,0,1,1,31.24
244183,43.56,35.0,34.9,35.3,1,0,14.97,17.41,228190,0,1,1,31.21
244690,43.56,35.0,34.9,35.3,1,0,14.97,17.35,228693,0,1,1,31.21
245196,43.55,35.0,34.9,35.3,1,0,14.9,17.34,229695,0,1,1,31.21
245702,43.55,35.0,34.9,35.3,1,0,14.9,17.34,230195,0,1,1,31.21
246208,43.59,35.0,34.9,35.3,1,0,15.08,17.37,230695,0,1,1,31.23
246714,43.59,35.0,34.9,35.3,1,0,15.08,17.37,231195,0,1,1,31.23
247220,43.59,35.0,34.9,35.3,1,0,14.58,17.4,231695,0,1,1,31.25
247739,43.64,35.0,34.9,35.3,1,0,14.6,17.4,232195,0,1,1,31.24
248246,43.64,35.0,34.9,35.3,1,0,14.6,17.4,232695,0,1,1,31.24
248752,43.64,35.0,34.9,35.3,1,0,14.6,17.4,233195,0,1,1,31.24
249258,43.65,35.0,34.9,35.3,1,0,14.32,17.41,233695,0,1,1,31.24
249764,43.65,35.0,34.9,35.3,1,0,14.32,17.41,234195,0,1,1,31.24
250270,43.65,35.0,34.9,35.3,1,0,14.32,17.41,234695,0,1,1,31.24
250776,43.65,35.0,34.9,35.3,1,0,14.32,17.41,235195,0,1,1,31.24
251282,43.65,35.0,34.9,35.3,1,0,14.32,17.41,235695,0,1,1,31.24
251788,43.73,35.0,34.9,35.3,1,0,14.27,17.45,236195,0,1,1,31.25
252294,43.73,35.0,34.9,35.3,1,0,14.27,17.45,236695,0,1,1,31.25
252800,43.73,35.0,34.9,35.3,1,0,14.27,17.45,237195,0,1,1,31.25
253306,43.79,35.0,34.9,35.3,1,0,14.43,17.48,237695,0,1,1,31.27
253812,43.84,35.0,34.9,35.3,1,0,14.19,17.49,238195,0,1,1,31.25
254318,43.84,35.0,34.9,35.3,1,0,14.19,17.49,238695,0,1,1,31.25
254824,43.84,35.0,34.9,35.3,1,0,14.19,17.49,239195,0,1,1,31.25
255330,43.92,35.0,34.9,35.3,1,0,14.21,17.53,239695,0,1,1,31.27
255836,43.92,35.0,34.9,35.3,1,0,14.21,17.53,240195,0,1,1,31.27
256342,44.0,35.0,34.9,35.3,1,0,14.1,17.57,240695,0,1,1,31.28
256848,44.0,35.0,34.9,35.3,1,0,13.8,17.57,241195,0,1,1,31.28
257354,44.11,35.0,34.9,35.3,1,0,14.03,17.6,241695,0,1,1,31.27
257860,44.11,35.0,34.9,35.3,1,0,14.03,17.6,242195,0,1,1,31.27
258366,44.11,35.0,34.9,35.3,1,0,14.03,17.6,242695,0,1,1,31.27
258872,44.11,35.0,34.9,35.3,1,0,14.03,17.6,243195,0,1,1,31.27
259378,44.25,35.0,34.9,35.3,1,1,13.42,17.66,243695,0,1,1,31.28
259884,44.29,35.0,34.9,35.3,1,1,13.86,17.66,244195,0,1,1,31.28
260390,44.29,35.0,34.9,35.3,1,1,13.86,17.67,244695,0,1,1,31.28
260896,44.37,35.0,34.9,35.3,1,1,13.82,17.69,245195,0,1,1,31.27
261402,44.37,35.0,34.9,35.3,1,1,13.82,17.69,245695,0,1,1,31.27
261908,44.44,35.0,34.9,35.3,1,1,14.17,17.74,246196,0,1,1,31.3
262414,44.44,35.0,34.9,35.3,1,1,14.17,17.74,246696,0,1,1,31.3
262920,44.45,35.0,34.9,35.3,1,1,14.67,17.74,247196,0,1,1,31.27
263426,44.45,35.0,34.9,35.3,1,1,14.67,17.72,247696,0,1,1,31.27
263932,44.45,35.0,34.9,35.3,1,1,14.67,17.72,248196,0,1,1,31.27
264438,44.45,35.0,34.9,35.3,1,1,14.67,17.72,248696,0,1,1,31.27
264944,43.64,35.0,34.9,35.3,1,1,15.08,17.72,249196,0,1,1,31.25
265450,43.64,35.0,34.9,35.3,1,1,15.08,17.42,249696,0,1,1,31.25
265956,43.64,35.0,34.9,35.3,1,1,15.08,17.42,250198,0,1,1,31.25
266462,43.17,35.0,34.9,35.3,1,1,15.36,17.42,250699,0,1,1,31.24
266968,43.17,35.0,34.9,35.3,1,0,15.36,17.23,251199,0,1,1,31.24
267475,42.8,35.0,34.9,35.3,1,0,15.19,17.23,251699,0,1,1,31.21
267982,42.8,35.0,34.9,35.3,1,0,15.19,17.07,252199,0,1,1,31.21
268488,42.64,35.0,34.9,35.3,1,0,15.32,16.99,252699,0,1,1,31.18
268994,42.64,35.0,34.9,35.3,1,0,15.32,16.99,253199,0,1,1,31.18
269500,42.64,35.0,34.9,35.3,1,0,15.32,16.99,253699,0,1,1,31.18
270006,42.41,35.0,34.9,35.3,1,0,14.93,16.91,254199,0,1,1,31.2
270512,42.41,35.0,34.9,35.3,1,0,14.93,16.91,254699,0,1,1,31.2
271018,42.31,35.0,34.9,35.3,1,0,14.12,16.91,255199,0,1,1,31.21
271524,42.34,35.0,34.9,35.3,1,0,14.73,16.89,255699,0,1,1,31.21
272030,42.34,35.0,34.9,35.3,1,0,14.73,16.9,256199,0,1,1,31.21
272536,42.28,35.0,34.9,35.3,1,0,14.1,16.9,256699,0,1,1,31.21
273042,42.28,35.0,34.9,35.3,1,0,14.1,16.88,257199,0,1,1,31.21
273548,42.28,35.0,34.9,35.3,1,0,14.25,16.86,257707,0,1,1,31.2
274054,42.29,35.0,34.9,35.3,1,0,14.14,16.86,258207,0,1,1,31.2
274560,42.29,35.0,34.9,35.3,1,0,14.14,16.87,258707,0,1,1,31.2
275066,42.29,35.0,34.9,35.3,1,0,14.14,16.88,259207,0,1,1,31.21
275572,42.26,35.0,34.9,35.3,1,0,14.27,16.86,259707,0,1,1,31.2
276078,42.29,35.0,34.9,35.3,1,0,14.01,16.86,260207,0,1,1,31.2
276584,42.29,35.0,34.9,35.3,1,0,14.01,16.87,260707,0,1,1,31.2
277090,42.31,35.0,34.9,35.3,1,0,13.42,16.87,261207,0,1,1,31.23
277596,42.31,35.0,34.9,35.3,1,0,13.42,16.9,261707,0,1,1,31.23
278102,42.28,35.0,34.9,35.3,1,0,13.84,16.88,262207,0,1,1,31.21
278608,42.28,35.0,34.9,35.3,1,0,13.84,16.88,262707,0,1,1,31.21
279114,42.32,35.0,34.9,35.3,1,0,14.01,16.88,263207,0,1,1,31.21
279621,42.32,35.0,34.9,35.3,1,0,14.01,16.89,263707,0,1,1,31.21
280128,42.35,35.0,34.9,35.3,1,0,13.9,16.89,264207,0,1,1,31.18
280634,42.35,35.0,34.9,35.3,1,0,13.9,16.88,264707,0,1,1,31.18
281140,42.39,35.0,34.9,35.3,1,0,13.31,16.91,265214,0,1,1,31.2
281646,42.43,35.0,34.9,35.3,1,0,13.66,16.91,265714,0,1,1,31.23
282152,42.43,35.0,34.9,35.3,1,0,13.66,16.95,266214,0,1,1,31.23
282658,42.5,35.0,34.9,35.3,1,0,13.97,16.95,266714,0,1,1,31.23
283164,42.56,35.0,34.9,35.3,1,0,13.9,16.97,267214,0,1,1,31.23
283673,42.56,35.0,34.9,35.3,1,0,13.9,16.99,267714,0,1,1,31.23
284179,42.56,35.0,34.9,35.3,1,0,13.9,16.99,268214,0,1,1,31.23
284685,42.6,35.0,34.9,35.3,1,0,13.9,16.99,268714,0,1,1,31.24
285191,42.72,35.0,34.9,35.3,1,0,13.1,17.02,269214,0,1,1,31.21
285697,42.73,35.0,34.9,35.3,1,0,13.25,17.04,269714,0,1,1,31.23
286203,42.81,35.0,34.9,35.3,1,0,13.31,17.06,270214,0,1,1,31.24
286709,42.81,35.0,34.9,35.3,1,0,13.31,17.1,270714,0,1,1,31.24
287215,42.85,35.0,34.9,35.3,1,0,13.31,17.11,271714,0,1,1,31.24
287724,42.85,35.0,34.9,35.3,1,0,13.31,17.11,272214,0,1,1,31.24
288231,42.92,35.0,34.9,35.3,1,0,13.6,17.14,272714,0,1,1,31.24
288737,42.98,35.0,34.9,35.3,1,0,13.42,17.16,273214,0,1,1,31.24
289243,43.05,35.0,34.9,35.3,1,0,13.31,17.18,273714,0,1,1,31.23
289749,43.05,35.0,34.9,35.3,1,0,13.31,17.18,274214,0,1,1,31.23
290255,43.11,35.0,34.9,35.3,1,1,13.16,17.21,274714,0,1,1,31.24
290761,43.11,35.0,34.9,35.3,1,1,13.16,17.21,275214,0,1,1,31.24
291267,43.17,35.0,34.9,35.3,1,1,13.34,17.26,275714,0,1,1,31.27
291775,43.17,35.0,34.9,35.3,1,1,13.34,17.26,276214,0,1,1,31.27
292282,43.26,35.0,34.9,35.3,1,1,13.29,17.26,276714,0,1,1,31.24
292788,43.26,35.0,34.9,35.3,1,1,13.29,17.26,277214,0,1,1,31.24
293294,43.33,35.0,34.9,35.3,1,1,13.62,17.3,277714,0,1,1,31.25
293800,43.33,35.0,34.9,35.3,1,1,13.62,17.3,278214,0,1,1,31.25
294306,43.23,35.0,34.9,35.3,1,1,13.99,17.25,278714,0,1,1,31.24
294812,43.23,35.0,34.9,35.3,1,1,13.99,17.25,279214,0,1,1,31.24
295318,42.68,35.0,34.9,35.3,1,1,14.23,17.05,279714,0,1,1,31.24
295824,42.68,35.0,34.9,35.3,1,1,14.23,17.05,280214,0,1,1,31.24
296330,42.26,35.0,34.9,35.3,1,1,14.4,16.87,280715,0,1,1,31.21
296836,42.26,35.0,34.9,35.3,1,1,14.4,16.87,281215,0,1,1,31.21
297342,41.98,35.0,34.9,35.3,1,1,14.38,16.75,281715,0,1,1,31.2
297848,41.68,35.0,34.9,35.3,1,1,14.82,16.75,282215,0,1,1,31.18
298354,41.68,35.0,34.9,35.3,1,0,14.82,16.63,282715,0,1,1,31.18
298860,41.44,35.0,34.9,35.3,1,0,15.08,16.54,283215,0,0,1,31.18
299366,41.44,35.0,34.9,35.3,1,0,15.08,16.54,283715,0,0,1,31.18
299872,41.22,35.0,34.9,35.3,1,0,14.9,16.45,284215,0,1,1,31.18
300378,41.11,35.0,34.9,35.3,1,0,14.82,16.4,284715,0,1,1,31.17
300884,41.02,35.0,34.9,35.3,1,0,14.43,16.4,285215,0,1,1,31.18
301390,41.02,35.0,34.9,35.3,1,0,14.43,16.38,285715,0,1,1,31.18
301896,40.91,35.0,34.9,35.3,1,0,14.56,16.3,286215,0,1,1,31.14
302402,40.85,35.0,34.9,35.3,1,0,14.14,16.27,286715,0,1,1,31.14
302908,40.88,35.0,34.9,35.3,1,0,14.06,16.27,287215,0,1,1,31.14
303414,40.88,35.0,34.9,35.3,1,0,14.06,16.29,287715,0,1,1,31.14
303926,40.84,35.0,34.9,35.3,1,0,14.06,16.29,288218,0,1,1,31.14
304433,40.84,35.0,34.9,35.3,1,0,14.06,16.27,288719,0,1,1,31.14
304939,40.87,35.0,34.9,35.3,1,0,13.99,16.28,289219,0,1,1,31.14
305445,40.86,35.0,34.9,35.3,1,0,13.47,16.31,289719,0,1,1,31.18
305951,40.86,35.0,34.9,35.3,1,0,13.47,16.31,290219,0,1,1,31.18
306457,40.92,35.0,34.9,35.3,1,0,13.49,16.31,290719,0,1,1,31.16
306963,40.92,35.0,34.9,35.3,1,0,13.49,16.31,291219,0,1,1,31.16
307469,40.9,35.0,34.9,35.3,1,0,13.51,16.31,291719,0,1,1,31.17
307975,40.9,35.0,34.9,35.3,1,0,13.51,16.32,292219,0,1,1,31.17
308481,40.9,35.0,34.9,35.3,1,0,13.51,16.32,292719,0,1,1,31.17
308987,40.9,35.0,34.9,35.3,1,0,13.51,16.32,293219,0,1,1,31.17
309493,40.95,35.0,34.9,35.3,1,0,13.38,16.34,293719,0,1,1,31.17
309999,40.97,35.0,34.9,35.3,1,0,13.53,16.33,294219,0,1,1,31.16
310505,40.98,35.0,34.9,35.3,1,0,13.31,16.36,294719,0,1,1,31.18
311011,41.03,35.0,34.9,35.3,1,0,13.45,16.36,295219,0,1,1,31.16
311517,41.06,35.0,34.9,35.3,1,0,13.9,16.37,295719,0,1,1,31.16
312023,41.03,35.0,34.9,35.3,1,0,13.12,16.36,296219,0,1,1,31.16
312529,40.99,35.0,34.9,35.3,1,0,13.49,16.34,296719,0,1,1,31.16
313038,41.05,35.0,34.9,35.3,1,0,13.21,16.36,297219,0,1,1,31.16
313545,41.07,35.0,34.9,35.3,1,0,13.05,16.37,297719,0,1,1,31.16
314052,41.1,35.0,34.9,35.3,1,0,13.05,16.38,298219,0,1,1,31.16
314558,41.07,35.0,34.9,35.3,1,0,13.1,16.35,298722,0,1,1,31.13
315064,41.11,35.0,34.9,35.3,1,0,13.03,16.4,299234,0,1,1,31.17
315570,41.15,35.0,34.9,35.3,1,0,13.01,16.4,299736,0,1,1,31.16
316076,41.22,35.0,34.9,35.3,1,0,12.83,16.4,300236,0,1,1,31.16
316582,41.19,35.0,34.9,35.3,1,0,12.92,16.43,300736,0,1,1,31.14
317088,41.29,35.0,34.9,35.3,1,0,12.28,16.4,301236,0,1,1,31.14
317594,41.25,35.0,34.9,35.3,1,1,12.44,16.44,301736,0,1,1,31.16
318100,41.37,35.0,34.9,35.3,1,1,12.59,16.44,302236,0,1,1,31.17
318606,41.4,35.0,34.9,35.3,1,1,12.79,16.5,302736,0,1,1,31.17
319112,41.4,35.0,34.9,35.3,1,1,13.14,16.51,303236,0,1,1,31.17
319618,41.4,35.0,34.9,35.3,1,1,13.14,16.51,303736,0,1,1,31.17
320124,41.5,35.0,34.9,35.3,1,1,13.53,16.53,304239,0,1,1,31.16
320630,41.56,35.0,34.9,35.3,1,1,13.23,16.57,304739,0,1,1,31.17
321136,41.54,35.0,34.9,35.3,1,1,13.69,16.57,305239,0,1,1,31.16
321642,41.42,35.0,34.9,35.3,1,1,13.84,16.55,305739,0,1,1,31.13
322148,41.19,35.0,34.9,35.3,1,1,13.8,16.48,306239,0,1,1,31.16
322654,41.03,35.0,34.9,35.3,1,1,13.62,16.42,306739,0,1,1,31.13
323160,40.9,35.0,34.9,35.3,1,1,14.01,16.33,307239,0,1,1,31.14
323666,40.71,35.0,34.9,35.3,1,1,14.19,16.29,307739,0,1,1,31.16
324172,40.55,35.0,34.9,35.3,1,1,14.14,16.23,308239,0,1,1,31.13
324681,40.43,35.0,34.9,35.3,1,1,14.23,16.14,308739,0,1,1,31.12
325188,40.3,35.0,34.9,35.3,1,0,14.58,16.09,309239,0,1,1,31.1
325696,40.15,35.0,34.9,35.3,1,0,14.9,16.02,309739,0,0,1,31.09
326208,40.09,35.0,34.9,35.3,1,0,14.4,15.95,310239,0,0,1,31.09
326715,40.09,35.0,34.9,35.3,1,0,14.4,15.93,310739,0,1,1,31.09
327221,39.92,35.0,34.9,35.3,1,0,14.34,15.93,311239,0,1,1,31.09
327727,39.87,35.0,34.9,35.3,1,0,14.17,15.86,311739,0,1,1,31.07
328233,39.78,35.0,34.9,35.3,1,0,13.99,15.83,312239,0,1,1,31.06
328739,39.81,35.0,34.9,35.3,1,0,13.77,15.78,312739,0,1,1,31.06
329245,39.74,35.0,34.9,35.3,1,0,13.51,15.77,313744,0,1,1,31.06
329751,39.75,35.0,34.9,35.3,1,0,13.58,15.77,314244,0,1,1,31.06
330257,39.8,35.0,34.9,35.3,1,0,13.66,15.8,314744,0,1,1,31.07
330763,39.78,35.0,34.9,35.3,1,0,13.49,15.78,315254,0,1,1,31.06
331277,39.8,35.0,34.9,35.3,1,0,13.49,15.78,315754,0,1,1,31.07
331784,39.8,35.0,34.9,35.3,1,0,13.49,15.8,316254,0,1,1,31.07
332290,39.86,35.0,34.9,35.3,1,0,13.16,15.84,316754,0,1,1,31.09
332796,39.9,35.0,34.9,35.3,1,0,13.27,15.83,317254,0,1,1,31.06
333302,39.87,35.0,34.9,35.3,1,0,13.18,15.83,317754,0,1,1,31.07
333808,39.92,35.0,34.9,35.3,1,0,13.18,15.85,318254,0,1,1,31.07
334314,39.9,35.0,34.9,35.3,1,0,12.75,15.83,318754,0,1,1,31.06
334820,39.9,35.0,34.9,35.3,1,0,12.99,15.84,319254,0,1,1,31.07
335326,39.9,35.0,34.9,35.3,1,0,12.99,15.84,319754,0,1,1,31.07
335832,39.95,35.0,34.9,35.3,1,0,13.07,15.89,320254,0,1,1,31.1
336338,39.97,35.0,34.9,35.3,1,0,12.99,15.87,320754,0,1,1,31.07
336844,39.96,35.0,34.9,35.3,1,0,12.88,15.85,321254,0,1,1,31.06
337350,40.0,35.0,34.9,35.3,1,0,12.9,15.88,321754,0,1,1,31.07
337856,40.0,35.0,34.9,35.3,1,0,12.92,15.88,322254,0,1,1,31.09
338362,40.0,35.0,34.9,35.3,1,0,12.92,15.9,322754,0,1,1,31.09
338868,40.07,35.0,34.9,35.3,1,0,12.85,15.93,323254,0,1,1,31.1
339374,40.0,35.0,34.9,35.3,1,0,12.9,15.9,323754,0,1,1,31.09
339880,40.11,35.0,34.9,35.3,1,0,12.79,15.95,324254,0,1,1,31.1
340386,40.15,35.0,34.9,35.3,1,0,12.77,15.96,324754,0,1,1,31.1
340892,40.15,35.0,34.9,35.3,1,0,12.77,15.96,325254,0,1,1,31.1
341398,40.19,35.0,34.9,35.3,1,0,12.66,15.94,325754,0,1,1,31.06
341904,40.21,35.0,34.9,35.3,1,0,12.28,15.97,326254,0,1,1,31.09
342410,40.28,35.0,34.9,35.3,1,0,12.44,15.99,326754,0,1,1,31.07
342916,40.31,35.0,34.9,35.3,1,0,12.66,16.04,327254,0,1,1,31.12
343422,40.32,35.0,34.9,35.3,1,0,12.68,16.02,327754,0,1,1,31.09
343928,40.35,35.0,34.9,35.3,1,0,12.48,16.03,328254,0,1,1,31.09
344434,40.38,35.0,34.9,35.3,1,0,12.55,16.05,328754,0,1,1,31.1
344940,40.44,35.0,34.9,35.3,1,0,12.37,16.07,329268,0,1,1,31.09
345446,40.44,35.0,34.9,35.3,1,0,12.53,16.07,329768,0,1,1,31.1
345952,40.44,35.0,34.9,35.3,1,0,12.53,16.08,330268,0,1,1,31.1
346458,40.5,35.0,34.9,35.3,1,0,13.07,16.1,330768,0,1,1,31.1
346966,40.55,35.0,34.9,35.3,1,1,12.06,16.12,331268,0,1,1,31.1
347473,40.6,35.0,34.9,35.3,1,1,12.75,16.14,331768,0,1,1,31.1
347979,40.69,35.0,34.9,35.3,1,1,12.46,16.19,332268,0,1,1,31.12
348485,40.68,35.0,34.9,35.3,1,1,12.22,16.18,332783,0,1,1,31.12
348991,40.77,35.0,34.9,35.3,1,1,12.79,16.18,333283,0,1,1,31.12
349497,40.85,35.0,34.9,35.3,1,1,12.9,16.22,333783,0,1,1,31.13
350003,40.85,35.0,34.9,35.3,1,1,12.9,16.26,334283,0,1,1,31.13
350509,40.78,35.0,34.9,35.3,1,1,13.12,16.23,334783,0,1,1,31.13
351015,40.66,35.0,34.9,35.3,1,1,13.36,16.23,335283,0,1,1,31.1
351521,40.47,35.0,34.9,35.3,1,1,14.1,16.16,335783,0,1,1,31.09
352027,40.27,35.0,34.9,35.3,1,0,13.42,16.08,336283,0,1,1,31.12
352534,40.0,35.0,34.9,35.3,1,0,13.51,16.02,336783,0,1,1,31.07
353041,40.0,35.0,34.9,35.3,1,0,13.51,15.88,337283,0,1,1,31.07
353547,39.8,35.0,34.9,35.3,1,0,13.4,15.8,337783,0,1,1,31.07
354053,39.63,35.0,34.9,35.3,1,0,13.8,15.73,338286,0,1,1,31.06
354559,39.48,35.0,34.9,35.3,1,0,13.56,15.73,338786,0,1,1,31.06
355065,39.48,35.0,34.9,35.3,1,0,13.56,15.66,339286,0,1,1,31.06
355571,39.4,35.0,34.9,35.3,1,0,13.23,15.61,339786,0,1,1,31.03
356077,39.29,35.0,34.9,35.3,1,0,13.12,15.59,340286,0,1,1,31.06
356583,39.26,35.0,34.9,35.3,1,0,12.92,15.59,340786,0,1,1,31.06
357089,39.24,35.0,34.9,35.3,1,0,12.28,15.58,341286,0,1,1,31.03
357595,39.24,35.0,34.9,35.3,1,0,12.28,15.54,341786,0,1,1,31.03
358101,39.21,35.0,34.9,35.3,1,0,12.77,15.54,342286,0,1,1,31.04
358607,39.2,35.0,34.9,35.3,1,0,12.88,15.54,342786,0,1,1,31.03
359113,39.16,35.0,34.9,35.3,1,0,12.66,15.53,343286,0,1,1,31.01
359620,39.2,35.0,34.9,35.3,1,0,12.66,15.5,343786,0,1,1,31.04
360127,39.2,35.0,34.9,35.3,1,0,12.66,15.54,344286,0,1,1,31.04
360633,39.2,35.0,34.9,35.3,1,0,12.79,15.54,344786,0,1,1,31.06
361139,39.23,35.0,34.9,35.3,1,0,12.68,15.55,345286,0,1,1,31.04
361645,39.23,35.0,34.9,35.3,1,0,12.68,15.55,345786,0,1,1,31.04
362151,39.3,35.0,34.9,35.3,1,0,12.83,15.55,346286,0,1,1,31.04
362657,39.31,35.0,34.9,35.3,1,0,12.48,15.58,346786,0,1,1,31.06
363163,39.31,35.0,34.9,35.3,1,0,12.48,15.6,347286,0,1,1,31.06
363669,39.36,35.0,34.9,35.3,1,0,12.44,15.6,347786,0,1,1,31.06
364175,39.36,35.0,34.9,35.3,1,0,12.46,15.62,348286,0,1,1,31.07
364681,39.43,35.0,34.9,35.3,1,0,12.55,15.63,348786,0,1,1,31.06
365187,39.39,35.0,34.9,35.3,1,0,12.22,15.65,349286,0,1,1,31.04
365693,39.39,35.0,34.9,35.3,1,0,12.22,15.61,349786,0,1,1,31.04
366199,39.43,35.0,34.9,35.3,1,1,11.62,15.63,350286,0,1,1,31.04
366705,39.46,35.0,34.9,35.3,1,1,12.42,15.63,350786,0,1,1,31.06
367211,39.49,35.0,34.9,35.3,1,1,12.35,15.66,351286,0,1,1,31.07
367717,39.48,35.0,34.9,35.3,1,1,12.2,15.68,351786,0,1,1,31.09
368223,39.48,35.0,34.9,35.3,1,1,12.2,15.69,352286,0,1,1,31.09
368738,39.62,35.0,34.9,35.3,1,1,12.33,15.69,352786,0,1,1,31.07
369245,39.62,35.0,34.9,35.3,1,1,12.33,15.73,353286,0,1,1,31.07
369751,39.62,35.0,34.9,35.3,1,1,12.94,15.73,353786,0,1,1,31.07
370257,39.48,35.0,34.9,35.3,1,1,13.36,15.73,354286,0,1,1,31.06
370763,39.33,35.0,34.9,35.3,1,1,13.62,15.66,354786,0,1,1,31.06
371283,39.2,35.0,34.9,35.3,1,0,13.29,15.61,355286,0,1,1,31.06
371790,39.2,35.0,34.9,35.3,1,0,13.29,15.55,355793,0,1,1,31.06
372296,39.13,35.0,34.9,35.3,1,0,13.53,15.54,356795,0,1,1,31.07
372802,38.93,35.0,34.9,35.3,1,0,12.85,15.41,357295,0,1,1,31.01
373308,38.93,35.0,34.9,35.3,1,0,12.85,15.41,357795,0,1,1,31.01
373814,38.93,35.0,34.9,35.3,1,0,12.85,15.41,358295,0,1,1,31.01
374320,38.79,35.0,34.9,35.3,1,0,13.36,15.36,358795,0,1,1,31.03
374826,38.75,35.0,34.9,35.3,1,0,13.07,15.36,359295,0,1,1,31.04
375332,38.66,35.0,34.9,35.3,1,0,12.94,15.31,359795,0,1,1,31.03
375838,38.63,35.0,34.9,35.3,1,0,12.35,15.29,360295,0,1,1,31.01
376344,38.63,35.0,34.9,35.3,1,0,12.35,15.29,360795,0,1,1,31.01
376850,38.63,35.0,34.9,35.3,1,0,12.66,15.29,361295,0,1,1,31.01
377356,38.61,35.0,34.9,35.3,1,0,12.57,15.3,361795,0,1,1,31.04
377862,38.61,35.0,34.9,35.3,1,0,12.26,15.29,362295,0,1,1,31.03
378368,38.61,35.0,34.9,35.3,1,0,12.26,15.29,362795,0,1,1,31.03
378874,38.61,35.0,34.9,35.3,1,0,12.26,15.29,363295,0,1,1,31.03
379380,38.64,35.0,34.9,35.3,1,0,12.39,15.3,363795,0,1,1,31.03
379886,38.63,35.0,34.9,35.3,1,0,12.31,15.3,364295,0,1,1,31.03
380392,38.63,35.0,34.9,35.3,1,0,12.31,15.3,364795,0,1,1,31.03
380898,38.69,35.0,34.9,35.3,1,0,11.93,15.33,365295,0,1,1,31.04
381404,38.69,35.0,34.9,35.3,1,0,11.93,15.33,365795,0,1,1,31.04
381910,38.63,35.0,34.9,35.3,1,0,12.31,15.31,366295,0,1,1,31.04
382419,38.63,35.0,34.9,35.3,1,0,12.31,15.31,366795,0,1,1,31.04
382926,38.7,35.0,34.9,35.3,1,0,12.44,15.33,367295,0,1,1,31.03
383432,38.7,35.0,34.9,35.3,1,0,12.44,15.33,367795,0,1,1,31.03
383938,38.79,35.0,34.9,35.3,1,0,11.86,15.39,368295,0,1,1,31.06
384444,38.79,35.0,34.9,35.3,1,0,11.86,15.39,368795,0,1,1,31.06
384950,38.88,35.0,34.9,35.3,1,0,12.17,15.43,369295,0,1,1,31.06
385456,38.86,35.0,34.9,35.3,1,0,12.0,15.4,369798,0,1,1,31.04
385962,38.95,35.0,34.9,35.3,1,0,12.09,15.4,370298,0,1,1,31.04
386468,38.95,35.0,34.9,35.3,1,0,12.09,15.44,370798,0,1,1,31.04
386974,38.97,35.0,34.9,35.3,1,0,11.62,15.46,371298,0,1,1,31.06
387480,39.03,35.0,34.9,35.3,1,0,12.2,15.46,371798,0,1,1,31.07
387986,39.03,35.0,34.9,35.3,1,0,12.2,15.5,372298,0,1,1,31.07
388492,39.11,35.0,34.9,35.3,1,0,11.97,15.5,372798,0,1,1,31.06
388998,39.11,35.0,34.9,35.3,1,0,11.97,15.52,373298,0,1,1,31.06
389504,39.17,35.0,34.9,35.3,1,0,11.93,15.54,373798,0,1,1,31.06
390010,39.18,35.0,34.9,35.3,1,0,11.8,15.56,374298,0,1,1,31.07
390516,39.18,35.0,34.9,35.3,1,0,11.8,15.56,374798,0,1,1,31.07
391022,39.29,35.0,34.9,35.3,1,0,11.8,15.56,375298,0,1,1,31.09
391528,39.29,35.0,34.9,35.3,1,0,11.8,15.61,375798,0,1,1,31.09
392034,39.36,35.0,34.9,35.3,1,0,11.73,15.61,376298,0,1,1,31.07
392540,39.36,35.0,34.9,35.3,1,0,11.73,15.63,376798,0,1,1,31.07
393046,39.4,35.0,34.9,35.3,1,0,11.86,15.64,377298,0,1,1,31.06
393552,39.4,35.0,34.9,35.3,1,0,11.86,15.64,377798,0,1,1,31.06
394058,39.48,35.0,34.9,35.3,1,0,11.73,15.69,378298,0,1,1,31.09
394564,39.51,35.0,34.9,35.3,1,0,11.78,15.69,378800,0,1,1,31.07
395070,39.51,35.0,34.9,35.3,1,0,11.78,15.69,379300,0,1,1,31.07
395576,39.51,35.0,34.9,35.3,1,0,11.78,15.69,379800,0,1,1,31.07
396082,39.61,35.0,34.9,35.3,1,0,11.33,15.69,380300,0,1,1,31.09
396588,39.63,35.0,34.9,35.3,1,1,11.6,15.74,380800,0,1,1,31.1
397094,39.63,35.0,34.9,35.3,1,1,11.6,15.76,381300,0,1,1,31.1
397600,39.63,35.0,34.9,35.3,1,1,11.6,15.76,381800,0,1,1,31.1
398106,39.73,35.0,34.9,35.3,1,1,11.75,15.76,382300,0,1,1,31.09
398614,39.73,35.0,34.9,35.3,1,1,11.75,15.79,382800,0,1,1,31.09
399121,39.73,35.0,34.9,35.3,1,1,11.75,15.79,383300,0,1,1,31.09
399627,39.83,35.0,34.9,35.3,1,1,12.33,15.85,383800,0,1,1,31.12
400133,39.83,35.0,34.9,35.3,1,1,12.33,15.85,384300,0,1,1,31.12
400639,39.7,35.0,34.9,35.3,1,1,12.79,15.85,384800,0,1,1,31.09
401145,39.43,35.0,34.9,35.3,1,1,12.72,15.78,385300,0,1,1,31.1
401651,39.43,35.0,34.9,35.3,1,1,12.72,15.68,385800,0,1,1,31.1
402157,39.14,35.0,34.9,35.3,1,1,13.12,15.53,386300,0,1,1,31.06
402663,38.88,35.0,34.9,35.3,1,1,13.64,15.53,386800,0,1,1,31.07
403169,38.88,35.0,34.9,35.3,1,0,13.64,15.44,387300,0,1,1,31.07
403675,38.54,35.0,34.9,35.3,1,0,12.72,15.27,387800,0,1,1,31.04
404181,38.35,35.0,34.9,35.3,1,0,13.4,15.27,388300,0,1,1,31.04
404687,38.35,35.0,34.9,35.3,1,0,13.4,15.2,388800,0,1,1,31.04
405193,38.13,35.0,34.9,35.3,1,0,13.34,15.2,389300,0,1,1,31.01
405699,38.13,35.0,34.9,35.3,1,0,13.34,15.08,389800,0,1,1,31.01
406205,37.91,35.0,34.9,35.3,1,0,12.85,15.08,390300,0,1,1,31.0
406719,37.85,35.0,34.9,35.3,1,0,13.21,14.98,390800,0,1,1,31.03
407226,37.85,35.0,34.9,35.3,1,0,13.21,14.98,391300,0,1,1,31.03
407732,37.81,35.0,34.9,35.3,1,0,11.95,14.98,391800,0,1,1,31.01
408238,37.81,35.0,34.9,35.3,1,0,11.95,14.95,392300,0,1,1,31.01
408744,37.82,35.0,34.9,35.3,1,0,12.2,14.96,392806,0,1,1,31.01
409250,37.84,35.0,34.9,35.3,1,0,11.58,14.96,393306,0,1,1,31.03
409756,37.84,35.0,34.9,35.3,1,0,11.58,14.98,393806,0,1,1,31.03
410262,37.88,35.0,34.9,35.3,1,0,12.68,14.98,394306,0,1,1,31.0
410768,37.88,35.0,34.9,35.3,1,0,12.68,14.97,394806,0,1,1,31.0
411274,37.84,35.0,34.9,35.3,1,0,12.85,14.97,395306,0,1,1,31.03
411780,37.85,35.0,34.9,35.3,1,0,12.04,14.98,395806,0,1,1,31.01
412286,37.85,35.0,34.9,35.3,1,0,12.04,14.97,396306,0,1,1,31.01
412792,37.87,35.0,34.9,35.3,1,0,11.97,14.97,396806,0,1,1,31.03
413298,37.91,35.0,34.9,35.3,1,0,11.56,14.99,397306,0,1,1,31.01
413804,37.91,35.0,34.9,35.3,1,0,11.47,14.99,397806,0,1,1,31.01
414310,37.91,35.0,34.9,35.3,1,0,11.47,14.99,398809,0,1,1,31.01
414816,37.97,35.0,34.9,35.3,1,0,11.91,15.02,399309,0,1,1,31.01
415322,37.97,35.0,34.9,35.3,1,0,11.91,15.02,399809,0,1,1,31.01
415828,37.94,35.0,34.9,35.3,1,0,11.49,15.02,400309,0,1,1,31.03
416334,37.94,35.0,34.9,35.3,1,0,11.49,15.02,400809,0,1,1,31.03
416840,38.0,35.0,34.9,35.3,1,0,12.24,15.03,401309,0,1,1,31.01
417346,38.0,35.0,34.9,35.3,1,0,12.24,15.03,401809,0,1,1,31.01
417852,38.03,35.0,34.9,35.3,1,0,11.97,15.04,402309,0,1,1,31.01
418358,38.07,35.0,34.9,35.3,1,0,11.33,15.07,402809,0,1,1,31.03
418864,38.07,35.0,34.9,35.3,1,0,11.62,15.07,403309,0,1,1,31.03
419380,38.15,35.0,34.9,35.3,1,0,11.95,15.07,403809,0,1,1,31.03
419887,38.15,35.0,34.9,35.3,1,0,11.95,15.1,404309,0,1,1,31.03
420393,38.15,35.0,34.9,35.3,1,0,11.95,15.1,404809,0,1,1,31.03
420899,38.15,35.0,34.9,35.3,1,0,11.95,15.1,405309,0,1,1,31.03
421405,38.23,35.0,34.9,35.3,1,1,10.96,15.15,405809,0,1,1,31.04
421911,38.3,35.0,34.9,35.3,1,1,11.97,15.19,406309,0,1,1,31.06
422417,38.32,35.0,34.9,35.3,1,1,11.73,15.17,406809,0,1,1,31.03
422923,38.32,35.0,34.9,35.3,1,1,11.73,15.17,407309,0,1,1,31.03
423430,38.44,35.0,34.9,35.3,1,1,11.75,15.23,407809,0,1,1,31.04
423936,38.44,35.0,34.9,35.3,1,1,11.75,15.23,408309,0,1,1,31.04
424442,38.5,35.0,34.9,35.3,1,1,11.97,15.29,408810,0,1,1,31.07
424948,38.53,35.0,34.9,35.3,1,1,12.48,15.3,409311,0,1,1,31.07
425454,38.53,35.0,34.9,35.3,1,1,12.48,15.3,409811,0,1,1,31.07
425960,38.22,35.0,34.9,35.3,1,0,13.18,15.13,410311,0,1,1,31.03
426466,38.22,35.0,34.9,35.3,1,0,13.18,15.13,410811,0,1,1,31.03
426972,38.22,35.0,34.9,35.3,1,0,13.18,15.13,411311,0,1,1,31.03
427478,37.78,35.0,34.9,35.3,1,0,12.59,15.13,411811,0,1,1,31.0
427984,37.78,35.0,34.9,35.3,1,0,12.59,14.93,412311,0,1,1,31.0
428490,37.78,35.0,34.9,35.3,1,0,12.59,14.93,412811,0,1,1,31.0
428996,37.6,35.0,34.9,35.3,1,0,12.83,14.87,413311,0,1,1,31.01
429502,37.6,35.0,34.9,35.3,1,0,12.83,14.87,413813,0,1,1,31.01
430008,37.6,35.0,34.9,35.3,1,0,12.83,14.87,414313,0,1,1,31.01
430514,37.46,35.0,34.9,35.3,1,0,12.02,14.8,414813,0,1,1,31.0
431020,37.46,35.0,34.9,35.3,1,0,12.02,14.8,415313,0,1,1,31.0
431526,37.39,35.0,34.9,35.3,1,0,11.42,14.77,415813,0,1,1,31.0
432032,37.4,35.0,34.9,35.3,1,0,12.46,14.76,416313,0,1,1,30.98
432538,37.34,35.0,34.9,35.3,1,0,11.95,14.76,416813,0,1,1,31.0
433044,37.34,35.0,34.9,35.3,1,0,11.95,14.75,417313,0,1,1,31.0
433550,37.4,35.0,34.9,35.3,1,0,11.91,14.77,417813,0,1,1,31.0
434056,37.41,35.0,34.9,35.3,1,0,11.8,14.77,418313,0,1,1,31.0
434562,37.41,35.0,34.9,35.3,1,0,11.8,14.78,418813,0,1,1,31.0
435068,37.46,35.0,34.9,35.3,1,0,12.15,14.8,419313,0,1,1,31.0
435574,37.5,35.0,34.9,35.3,1,0,11.75,14.8,419813,0,1,1,30.97
436080,37.5,35.0,34.9,35.3,1,0,11.75,14.79,420313,0,1,1,30.97
436586,37.5,35.0,34.9,35.3,1,0,11.75,14.79,420813,0,1,1,30.97
437092,37.5,35.0,34.9,35.3,1,0,11.84,14.81,421313,0,1,1,31.0
437598,37.45,35.0,34.9,35.3,1,0,11.29,14.79,421821,0,1,1,31.0
438104,37.43,35.0,34.9,35.3,1,0,11.64,14.79,422321,0,1,1,30.98
438610,37.43,35.0,34.9,35.3,1,0,11.64,14.77,422821,0,1,1,30.98
439116,37.43,35.0,34.9,35.3,1,0,11.64,14.77,423321,0,1,1,30.98
439622,37.55,35.0,34.9,35.3,1,0,11.73,14.84,423821,0,1,1,31.01
440128,37.55,35.0,34.9,35.3,1,0,11.73,14.84,424321,0,1,1,31.01
440634,37.52,35.0,34.9,35.3,1,0,12.02,14.83,424821,0,1,1,31.01
441140,37.59,35.0,34.9,35.3,1,0,11.47,14.86,425321,0,1,1,31.01
441646,37.59,35.0,34.9,35.3,1,0,11.47,14.86,425821,0,1,1,31.01
442152,37.63,35.0,34.9,35.3,1,0,11.6,14.84,426321,0,1,1,30.97
442658,37.68,35.0,34.9,35.3,1,0,11.49,14.84,426821,0,1,1,31.0
443164,37.68,35.0,34.9,35.3,1,0,11.49,14.89,427321,0,1,1,31.0
443670,37.81,35.0,34.9,35.3,1,0,11.29,14.89,427821,0,1,1,31.03
444176,37.85,35.0,34.9,35.3,1,0,11.53,14.96,428321,0,1,1,31.01
444682,37.85,35.0,34.9,35.3,1,0,11.53,14.97,428821,0,1,1,31.01
445188,37.84,35.0,34.9,35.3,1,0,11.33,14.97,429321,0,1,1,31.03
445694,37.91,35.0,34.9,35.3,1,0,11.62,14.98,429821,0,1,1,31.01
446200,38.02,35.0,34.9,35.3,1,0,11.69,14.99,430321,0,1,1,31.04
446706,38.02,35.0,34.9,35.3,1,0,11.69,15.06,430821,0,1,1,31.04
447212,38.02,35.0,34.9,35.3,1,0,11.69,15.06,431321,0,1,1,31.04
447718,38.04,35.0,34.9,35.3,1,0,11.36,15.05,431821,0,1,1,31.01
448224,38.04,35.0,34.9,35.3,1,0,11.36,15.05,432321,0,1,1,31.01
448730,38.12,35.0,34.9,35.3,1,1,10.8,15.08,432821,0,1,1,31.01
449236,38.12,35.0,34.9,35.3,1,1,10.8,15.08,433321,0,1,1,31.01
449742,38.19,35.0,34.9,35.3,1,1,11.16,15.12,433821,0,1,1,31.03
450248,38.25,35.0,34.9,35.3,1,1,11.27,15.12,434321,0,1,1,31.03
450766,38.32,35.0,34.9,35.3,1,1,11.67,15.14,434821,0,1,1,31.06
451273,38.32,35.0,34.9,35.3,1,1,11.67,15.2,435321,0,1,1,31.06
451779,38.35,35.0,34.9,35.3,1,1,11.84,15.2,435821,0,1,1,31.03
452285,38.22,35.0,34.9,35.3,1,1,12.13,15.18,436321,0,1,1,31.03
452791,37.97,35.0,34.9,35.3,1,1,12.44,15.13,436821,0,1,1,31.01
453297,37.97,35.0,34.9,35.3,1,1,12.44,15.02,437321,0,1,1,31.01
453803,37.66,35.0,34.9,35.3,1,1,12.75,15.02,437821,0,1,1,31.01
454309,37.66,35.0,34.9,35.3,1,1,12.75,14.89,438321,0,1,1,31.01
454815,37.49,35.0,34.9,35.3,1,1,13.21,14.89,438821,0,1,1,31.0
455321,37.49,35.0,34.9,35.3,1,0,13.21,14.81,439321,0,1,1,31.0
455827,37.21,35.0,34.9,35.3,1,0,12.79,14.67,440326,0,1,1,30.97
456333,37.21,35.0,34.9,35.3,1,0,12.79,14.67,440826,0,1,1,30.97
456839,36.98,35.0,34.9,35.3,1,0,12.99,14.58,441326,0,1,1,30.98
457345,36.98,35.0,34.9,35.3,1,0,12.99,14.58,441826,0,1,1,30.98
457851,36.98,35.0,34.9,35.3,1,0,12.99,14.58,442326,0,1,1,30.98
458357,36.85,35.0,34.9,35.3,1,0,12.64,14.53,442826,0,1,1,30.98
458863,36.85,35.0,34.9,35.3,1,0,12.64,14.53,443326,0,1,1,30.98
459369,36.82,35.0,34.9,35.3,1,0,12.42,14.5,443826,0,1,1,30.97
459875,36.73,35.0,34.9,35.3,1,0,11.69,14.49,444326,0,1,1,31.0
460381,36.74,35.0,34.9,35.3,1,0,11.71,14.49,444826,0,1,1,30.97
460887,36.74,35.0,34.9,35.3,1,0,11.71,14.47,445326,0,1,1,30.97
461393,36.73,35.0,34.9,35.3,1,0,12.06,14.48,445826,0,1,1,30.98
461899,36.77,35.0,34.9,35.3,1,0,11.97,14.5,446334,0,1,1,30.98
462405,36.77,35.0,34.9,35.3,1,0,11.97,14.5,446834,0,1,1,30.98
462911,36.79,35.0,34.9,35.3,1,0,11.36,14.5,447334,0,1,1,30.98
463417,36.79,35.0,34.9,35.3,1,0,11.36,14.5,447834,0,1,1,30.98
463923,36.8,35.0,34.9,35.3,1,0,11.73,14.52,448334,0,1,1,31.0
464429,36.8,35.0,34.9,35.3,1,0,11.73,14.52,448834,0,1,1,31.0
464935,36.8,35.0,34.9,35.3,1,0,11.73,14.52,449334,0,1,1,31.0
465441,36.83,35.0,34.9,35.3,1,0,11.86,14.54,449834,0,1,1,31.0
465947,36.86,35.0,34.9,35.3,1,0,11.78,14.52,450334,0,1,1,30.97
466454,36.86,35.0,34.9,35.3,1,0,11.78,14.52,450834,0,1,1,30.97
466961,36.86,35.0,34.9,35.3,1,0,11.78,14.52,451334,0,1,1,30.97
467467,36.86,35.0,34.9,35.3,1,0,11.78,14.52,451834,0,1,1,30.97
467973,36.87,35.0,34.9,35.3,1,0,11.51,14.54,452334,0,1,1,30.98
468479,36.85,35.0,34.9,35.3,1,0,11.22,14.51,452834,0,1,1,30.97
468985,36.85,35.0,34.9,35.3,1,0,11.22,14.51,453334,0,1,1,30.97
469491,36.91,35.0,34.9,35.3,1,0,11.47,14.53,453834,0,1,1,30.96
469997,36.91,35.0,34.9,35.3,1,0,11.47,14.53,454334,0,1,1,30.96
470503,36.91,35.0,34.9,35.3,1,0,11.47,14.53,454834,0,1,1,30.96
471009,37.02,35.0,34.9,35.3,1,0,11.51,14.53,455334,0,1,1,31.0
471515,37.02,35.0,34.9,35.3,1,0,11.51,14.61,455834,0,1,1,31.0
472021,37.05,35.0,34.9,35.3,1,0,11.11,14.61,456334,0,1,1,30.98
472527,37.05,35.0,34.9,35.3,1,0,11.11,14.61,456834,0,1,1,30.98
473033,37.19,35.0,34.9,35.3,1,0,11.2,14.67,457334,0,1,1,30.98
473539,37.2,35.0,34.9,35.3,1,1,10.53,14.7,457845,0,1,1,31.01
474045,37.2,35.0,34.9,35.3,1,1,10.53,14.7,458345,0,1,1,31.01
474551,37.24,35.0,34.9,35.3,1,1,11.4,14.7,458845,0,1,1,30.98
475057,37.24,35.0,34.9,35.3,1,1,11.4,14.69,459345,0,1,1,30.98
475563,37.3,35.0,34.9,35.3,1,1,11.4,14.72,459845,0,1,1,30.98
476069,37.37,35.0,34.9,35.3,1,1,11.67,14.77,460345,0,1,1,31.01
476575,37.37,35.0,34.9,35.3,1,1,11.67,14.77,460845,0,1,1,31.01
477081,37.43,35.0,34.9,35.3,1,1,11.93,14.77,461345,0,1,1,30.98
477587,37.43,35.0,34.9,35.3,1,1,11.93,14.77,461845,0,1,1,30.98
478093,37.43,35.0,34.9,35.3,1,1,11.93,14.77,462345,0,1,1,30.98
478599,37.43,35.0,34.9,35.3,1,1,11.93,14.77,462845,0,1,1,30.98
479105,36.87,35.0,34.9,35.3,1,1,12.26,14.55,463345,0,1,1,31.0
479611,36.67,35.0,34.9,35.3,1,1,12.83,14.55,463845,0,1,1,30.96
480117,36.67,35.0,34.9,35.3,1,0,12.83,14.43,464345,0,1,1,30.96
480623,36.67,35.0,34.9,35.3,1,0,12.83,14.43,464845,0,1,1,30.96
481129,36.55,35.0,34.9,35.3,1,0,12.96,14.43,465345,0,1,1,30.96
481635,36.36,35.0,34.9,35.3,1,0,12.75,14.38,465845,0,0,1,30.94
482141,36.36,35.0,34.9,35.3,1,0,12.75,14.29,466345,0,1,1,30.94
482647,36.33,35.0,34.9,35.3,1,0,12.79,14.28,466845,0,0,1,30.96
483153,36.33,35.0,34.9,35.3,1,0,12.79,14.28,467345,0,0,1,30.96
483659,36.33,35.0,34.9,35.3,1,0,12.42,14.28,467845,0,0,1,30.94
484165,36.26,35.0,34.9,35.3,1,0,12.26,14.27,468345,0,1,1,30.93
484671,36.26,35.0,34.9,35.3,1,0,12.26,14.23,468845,0,1,1,30.93
485177,36.21,35.0,34.9,35.3,1,0,12.0,14.23,469345,0,1,1,30.94
485683,36.21,35.0,34.9,35.3,1,0,12.0,14.22,469845,0,1,1,30.94
486189,36.27,35.0,34.9,35.3,1,0,11.62,14.22,470345,0,1,1,30.92
486695,36.24,35.0,34.9,35.3,1,0,11.27,14.22,470858,0,1,1,30.93
487201,36.23,35.0,34.9,35.3,1,0,12.04,14.22,471358,0,1,1,30.94
487707,36.23,35.0,34.9,35.3,1,0,12.04,14.23,471858,0,1,1,30.94
488213,36.24,35.0,34.9,35.3,1,0,11.69,14.22,472358,0,1,1,30.93
488719,36.24,35.0,34.9,35.3,1,0,11.69,14.22,472858,0,1,1,30.93
489225,36.33,35.0,34.9,35.3,1,0,11.2,14.22,473358,0,1,1,30.92
489731,36.32,35.0,34.9,35.3,1,0,11.69,14.25,473858,0,1,1,30.94
490237,36.29,35.0,34.9,35.3,1,0,11.0,14.27,474358,0,1,1,30.94
490743,36.29,35.0,34.9,35.3,1,0,11.0,14.25,474858,0,1,1,30.94
491249,36.33,35.0,34.9,35.3,1,0,11.09,14.26,475358,0,1,1,30.93
491755,36.34,35.0,34.9,35.3,1,0,11.47,14.26,475858,0,1,1,30.93
492261,36.34,35.0,34.9,35.3,1,0,11.47,14.26,476358,0,1,1,30.93
492767,36.4,35.0,34.9,35.3,1,0,11.51,14.26,476858,0,1,1,30.94
493285,36.48,35.0,34.9,35.3,1,0,11.42,14.3,477358,0,1,1,30.97
493792,36.48,35.0,34.9,35.3,1,0,11.42,14.36,477858,0,1,1,30.97
494298,36.48,35.0,34.9,35.3,1,0,11.42,14.36,478358,0,1,1,30.97
494804,36.48,35.0,34.9,35.3,1,0,11.4,14.36,478871,0,1,1,30.97
495310,36.55,35.0,34.9,35.3,1,0,10.98,14.36,479371,0,1,1,30.97
495816,36.55,35.0,34.9,35.3,1,0,10.98,14.39,479871,0,1,1,30.97
496322,36.55,35.0,34.9,35.3,1,0,11.29,14.4,480371,0,1,1,30.98
496828,36.6,35.0,34.9,35.3,1,0,10.87,14.4,480871,0,1,1,30.96
497334,36.61,35.0,34.9,35.3,1,0,11.24,14.4,481371,0,1,1,30.98
497840,36.6,35.0,34.9,35.3,1,0,10.71,14.43,481871,0,1,1,30.97
498346,36.6,35.0,34.9,35.3,1,0,10.71,14.41,482371,0,1,1,30.97
498852,36.68,35.0,34.9,35.3,1,0,10.67,14.41,482871,0,1,1,30.97
499358,36.68,35.0,34.9,35.3,1,0,10.67,14.45,483371,0,1,1,30.97
499864,36.74,35.0,34.9,35.3,1,0,10.89,14.45,483871,0,1,1,30.96
500370,36.74,35.0,34.9,35.3,1,0,10.89,14.46,484371,0,1,1,30.96
500876,36.87,35.0,34.9,35.3,1,0,11.22,14.53,485375,0,1,1,30.97
501384,36.87,35.0,34.9,35.3,1,0,11.22,14.53,485875,0,1,1,30.97
501890,36.86,35.0,34.9,35.3,1,0,10.76,14.52,486375,0,1,1,30.97
502396,36.95,35.0,34.9,35.3,1,0,11.31,14.57,486880,0,1,1,30.98
502902,36.95,35.0,34.9,35.3,1,0,11.31,14.57,487380,0,1,1,30.98
503408,36.99,35.0,34.9,35.3,1,0,11.2,14.59,487880,0,1,1,30.98
503914,36.99,35.0,34.9,35.3,1,0,11.2,14.59,488380,0,1,1,30.98
504420,37.03,35.0,34.9,35.3,1,0,11.33,14.59,488880,0,1,1,30.97
504926,37.03,35.0,34.9,35.3,1,0,11.33,14.59,489380,0,1,1,30.97
505432,37.03,35.0,34.9,35.3,1,0,11.33,14.59,489880,0,1,1,30.97
505938,37.15,35.0,34.9,35.3,1,0,10.98,14.65,490380,0,1,1,30.98
506444,37.15,35.0,34.9,35.3,1,0,10.98,14.65,490880,0,1,1,30.98
506950,37.15,35.0,34.9,35.3,1,0,10.98,14.65,491380,0,1,1,30.98
507456,37.23,35.0,34.9,35.3,1,0,10.8,14.7,491880,0,1,1,31.0
507962,37.24,35.0,34.9,35.3,1,1,10.49,14.72,492383,0,1,1,31.01
508469,37.24,35.0,34.9,35.3,1,1,10.49,14.72,492883,0,1,1,31.01
508975,37.28,35.0,34.9,35.3,1,1,10.87,14.74,493383,0,1,1,31.01
509481,37.33,35.0,34.9,35.3,1,1,10.55,14.74,493883,0,1,1,31.0
509987,37.37,35.0,34.9,35.3,1,1,11.07,14.78,494383,0,1,1,31.03
510493,37.4,35.0,34.9,35.3,1,1,11.24,14.78,494883,0,1,1,31.0
510999,37.4,35.0,34.9,35.3,1,1,11.24,14.77,495383,0,1,1,31.0
511505,37.43,35.0,34.9,35.3,1,1,11.58,14.78,495883,0,1,1,31.0
512011,37.19,35.0,34.9,35.3,1,1,12.09,14.67,496383,0,1,1,30.98
512517,36.99,35.0,34.9,35.3,1,1,12.31,14.67,496883,0,1,1,30.96
513023,36.99,35.0,34.9,35.3,1,1,12.31,14.56,497383,0,1,1,30.96
513529,36.99,35.0,34.9,35.3,1,1,12.31,14.56,497883,0,1,1,30.96
514035,36.58,35.0,34.9,35.3,1,0,12.55,14.42,498383,0,1,1,30.98
514541,36.41,35.0,34.9,35.3,1,0,12.55,14.34,498883,0,1,1,30.98
515047,36.23,35.0,34.9,35.3,1,0,12.02,14.34,499383,0,1,1,30.96
515553,36.23,35.0,34.9,35.3,1,0,12.02,14.24,499883,0,1,1,30.96
516059,36.07,35.0,34.9,35.3,1,0,12.7,14.24,500383,0,1,1,30.96
516565,36.07,35.0,34.9,35.3,1,0,12.7,14.17,500883,0,0,1,30.96
517071,36.0,35.0,34.9,35.3,1,0,12.15,14.13,501383,0,1,1,30.94
517577,36.0,35.0,34.9,35.3,1,0,12.15,14.13,501883,0,1,1,30.94
518083,35.86,35.0,34.9,35.3,1,0,12.22,14.13,502383,0,1,1,30.93
518589,35.86,35.0,34.9,35.3,1,0,12.22,14.06,502883,0,1,1,30.93
519095,35.86,35.0,34.9,35.3,1,0,12.22,14.06,503383,0,1,1,30.93
519601,35.86,35.0,34.9,35.3,1,0,12.22,14.06,503883,0,1,1,30.93
520107,35.86,35.0,34.9,35.3,1,0,12.22,14.06,504383,0,1,1,30.93
520613,35.86,35.0,34.9,35.3,1,0,12.02,14.06,504883,0,1,1,30.92
521119,35.86,35.0,34.9,35.3,1,0,11.33,14.05,505383,0,1,1,30.92
521625,35.86,35.0,34.9,35.3,1,0,11.33,14.05,505883,0,1,1,30.92
522131,35.89,35.0,34.9,35.3,1,0,11.67,14.09,506383,0,1,1,30.94
522637,35.88,35.0,34.9,35.3,1,0,11.33,14.08,506883,0,1,1,30.94
523143,35.88,35.0,34.9,35.3,1,0,11.33,14.08,507383,0,1,1,30.94
523649,35.88,35.0,34.9,35.3,1,0,11.33,14.08,507883,0,1,1,30.94
524155,35.92,35.0,34.9,35.3,1,0,11.47,14.08,508383,0,1,1,30.92
524661,35.89,35.0,34.9,35.3,1,0,10.67,14.07,508883,0,1,1,30.93
525167,35.89,35.0,34.9,35.3,1,0,10.67,14.07,509383,0,1,1,30.93
525673,35.95,35.0,34.9,35.3,1,0,11.22,14.1,509883,0,1,1,30.93
526179,35.95,35.0,34.9,35.3,1,0,11.22,14.1,510383,0,1,1,30.93
526685,36.05,35.0,34.9,35.3,1,0,11.82,14.14,510883,0,1,1,30.93
527191,36.03,35.0,34.9,35.3,1,0,11.11,14.14,511383,0,1,1,30.94
527697,36.03,35.0,34.9,35.3,1,0,11.11,14.14,511883,0,1,1,30.94
528204,36.03,35.0,34.9,35.3,1,0,11.11,14.14,512383,0,1,1,30.94
528711,36.08,35.0,34.9,35.3,1,0,11.07,14.15,512883,0,1,1,30.93
529217,36.08,35.0,34.9,35.3,1,0,11.07,14.15,513383,0,1,1,30.93
529723,36.15,35.0,34.9,35.3,1,0,11.02,14.15,513883,0,1,1,30.93
530229,36.15,35.0,34.9,35.3,1,0,11.02,14.18,514383,0,1,1,30.93
530735,36.17,35.0,34.9,35.3,1,0,10.98,14.22,514883,0,1,1,30.96
531241,36.17,35.0,34.9,35.3,1,0,10.98,14.22,515383,0,1,1,30.96
531747,36.31,35.0,34.9,35.3,1,0,11.42,14.22,515883,0,1,1,30.93
532253,36.31,35.0,34.9,35.3,1,0,11.42,14.25,516383,0,1,1,30.93
532759,36.31,35.0,34.9,35.3,1,0,11.42,14.25,516883,0,1,1,30.93
533265,36.36,35.0,34.9,35.3,1,0,10.47,14.25,517383,0,1,1,30.96
533771,36.36,35.0,34.9,35.3,1,0,10.47,14.3,517883,0,1,1,30.96
534277,36.36,35.0,34.9,35.3,1,0,10.47,14.3,518383,0,1,1,30.96
534783,36.52,35.0,34.9,35.3,1,0,11.33,14.37,518883,0,1,1,30.96
535289,36.56,35.0,34.9,35.3,1,0,10.91,14.37,519383,0,1,1,30.94
535796,36.58,35.0,34.9,35.3,1,0,10.67,14.37,519883,0,1,1,30.96
536303,36.58,35.0,34.9,35.3,1,0,10.67,14.39,520383,0,1,1,30.96
536809,36.58,35.0,34.9,35.3,1,0,10.67,14.39,520886,0,1,1,30.96
537315,36.64,35.0,34.9,35.3,1,0,10.82,14.44,521387,0,1,1,30.98
537821,36.64,35.0,34.9,35.3,1,0,10.62,14.44,521887,0,1,1,30.97
538327,36.64,35.0,34.9,35.3,1,0,10.91,14.43,522387,0,1,1,30.98
538833,36.64,35.0,34.9,35.3,1,0,10.91,14.44,522887,0,1,1,30.98
539340,36.64,35.0,34.9,35.3,1,0,10.91,14.44,523387,0,1,1,30.98
539847,36.74,35.0,34.9,35.3,1,0,10.98,14.44,523887,0,1,1,30.96
540353,36.74,35.0,34.9,35.3,1,0,10.98,14.46,524387,0,1,1,30.96
540859,36.8,35.0,34.9,35.3,1,0,10.76,14.46,524887,0,1,1,30.98
541365,36.89,35.0,34.9,35.3,1,0,10.87,14.51,525387,0,1,1,30.98
541871,36.89,35.0,34.9,35.3,1,0,10.87,14.54,525887,0,1,1,30.98
542377,36.89,35.0,34.9,35.3,1,0,10.87,14.54,526387,0,1,1,30.98
542883,36.87,35.0,34.9,35.3,1,0,10.82,14.53,526902,0,1,1,30.97
543389,36.87,35.0,34.9,35.3,1,0,10.82,14.53,527402,0,1,1,30.97
543895,36.95,35.0,34.9,35.3,1,0,10.58,14.53,527902,0,1,1,30.98
544401,37.01,35.0,34.9,35.3,1,0,10.67,14.57,528402,0,1,1,30.98
544907,37.01,35.0,34.9,35.3,1,0,10.67,14.59,529406,0,1,1,30.98
545413,36.99,35.0,34.9,35.3,1,0,10.6,14.57,529906,0,1,1,30.97
545919,37.03,35.0,34.9,35.3,1,1,10.53,14.62,530406,0,1,1,31.0
546425,37.07,35.0,34.9,35.3,1,1,10.58,14.64,530906,0,1,1,31.01
546931,37.05,35.0,34.9,35.3,1,1,10.53,14.63,531406,0,1,1,31.0
547437,37.05,35.0,34.9,35.3,1,1,10.53,14.63,531906,0,1,1,31.0
547944,37.12,35.0,34.9,35.3,1,1,10.8,14.63,532406,0,1,1,30.98
548451,37.12,35.0,34.9,35.3,1,1,10.8,14.64,532906,0,1,1,30.98
548957,37.15,35.0,34.9,35.3,1,1,11.2,14.67,533406,0,1,1,31.0
549463,37.07,35.0,34.9,35.3,1,1,11.49,14.67,533906,0,1,1,30.98
549969,37.07,35.0,34.9,35.3,1,1,11.49,14.62,534406,0,1,1,30.98
550475,36.74,35.0,34.9,35.3,1,1,11.31,14.47,534906,0,1,1,30.97
550981,36.51,35.0,34.9,35.3,1,1,11.91,14.36,535406,0,1,1,30.96
551487,36.36,35.0,34.9,35.3,1,1,12.28,14.29,535922,0,1,1,30.94
551993,36.36,35.0,34.9,35.3,1,1,12.28,14.29,536422,0,1,1,30.94
552499,36.14,35.0,34.9,35.3,1,0,12.72,14.2,536922,0,0,1,30.96
553005,35.98,35.0,34.9,35.3,1,0,12.5,14.12,537422,0,1,1,30.94
553511,35.8,35.0,34.9,35.3,1,0,12.42,14.02,537922,0,1,1,30.92
554017,35.8,35.0,34.9,35.3,1,0,12.42,14.02,538422,0,1,1,30.92
554523,35.8,35.0,34.9,35.3,1,0,12.42,14.02,538922,0,1,1,30.92
555029,35.58,35.0,34.9,35.3,1,0,12.26,13.92,539422,0,1,1,30.9
555535,35.54,35.0,34.9,35.3,1,0,12.15,13.91,539922,0,1,1,30.92
556041,35.54,35.0,34.9,35.3,1,0,12.15,13.91,540422,0,1,1,30.92
556547,35.45,35.0,34.9,35.3,1,0,11.93,13.85,540922,0,1,1,30.89
557055,35.45,35.0,34.9,35.3,1,0,11.93,13.85,541422,0,1,1,30.89
557561,35.39,35.0,34.9,35.3,1,0,11.22,13.83,541922,0,1,1,30.9
558067,35.39,35.0,34.9,35.3,1,0,11.31,13.83,542422,0,1,1,30.9
558573,35.41,35.0,34.9,35.3,1,0,11.44,13.83,542922,0,1,1,30.9
559079,35.41,35.0,34.9,35.3,1,0,11.44,13.84,543422,0,1,1,30.9
559585,35.45,35.0,34.9,35.3,1,0,11.49,13.87,543922,0,1,1,30.92
560091,35.5,35.0,34.9,35.3,1,0,10.98,13.88,544422,0,1,1,30.9
560597,35.5,35.0,34.9,35.3,1,0,10.98,13.88,544922,0,1,1,30.9
561106,35.5,35.0,34.9,35.3,1,0,10.98,13.88,545422,0,1,1,30.9
561613,35.51,35.0,34.9,35.3,1,0,10.87,13.88,545922,0,1,1,30.9
562119,35.5,35.0,34.9,35.3,1,0,11.13,13.88,546422,0,1,1,30.92
562625,35.5,35.0,34.9,35.3,1,0,11.13,13.89,546922,0,1,1,30.92
563131,35.54,35.0,34.9,35.3,1,0,10.93,13.89,547422,0,1,1,30.92
563637,35.54,35.0,34.9,35.3,1,0,10.93,13.91,547922,0,1,1,30.92
564143,35.55,35.0,34.9,35.3,1,0,11.51,13.9,548422,0,1,1,30.9
564649,35.55,35.0,34.9,35.3,1,0,11.51,13.9,548922,0,1,1,30.9
565155,35.55,35.0,34.9,35.3,1,0,11.51,13.9,549422,0,1,1,30.9
565661,35.54,35.0,34.9,35.3,1,0,11.4,13.9,549922,0,1,1,30.92
566167,35.54,35.0,34.9,35.3,1,0,11.4,13.91,550422,0,1,1,30.92
566673,35.54,35.0,34.9,35.3,1,0,11.4,13.91,550922,0,1,1,30.92
567179,35.54,35.0,34.9,35.3,1,0,11.4,13.91,551422,0,1,1,30.92
567685,35.65,35.0,34.9,35.3,1,0,10.84,13.97,551922,0,1,1,30.93
568191,35.61,35.0,34.9,35.3,1,0,10.53,13.94,552422,0,1,1,30.92
568697,35.64,35.0,34.9,35.3,1,0,11.22,13.94,552922,0,1,1,30.92
569203,35.7,35.0,34.9,35.3,1,0,10.8,13.95,553422,0,1,1,30.92
569709,35.7,35.0,34.9,35.3,1,0,10.8,13.98,553922,0,1,1,30.92
570215,35.73,35.0,34.9,35.3,1,0,10.35,13.99,554422,0,1,1,30.92
570721,35.8,35.0,34.9,35.3,1,0,10.62,14.03,554922,0,1,1,30.93
571227,35.8,35.0,34.9,35.3,1,0,10.62,14.03,555422,0,1,1,30.93
571733,35.8,35.0,34.9,35.3,1,0,10.62,14.03,555922,0,1,1,30.93
572239,35.89,35.0,34.9,35.3,1,0,10.6,14.03,556422,0,1,1,30.93
572745,35.95,35.0,34.9,35.3,1,0,10.58,14.07,556922,0,1,1,30.92
573251,35.95,35.0,34.9,35.3,1,0,10.58,14.08,557422,0,1,1,30.92
573757,35.95,35.0,34.9,35.3,1,0,10.58,14.08,557922,0,1,1,30.92
574263,36.01,35.0,34.9,35.3,1,0,10.33,14.14,558436,0,1,1,30.94
574769,36.01,35.0,34.9,35.3,1,0,10.33,14.14,558936,0,1,1,30.94
575275,36.04,35.0,34.9,35.3,1,0,10.53,14.14,559436,0,1,1,30.96
575781,36.1,35.0,34.9,35.3,1,0,10.6,14.16,559936,0,1,1,30.96
576287,36.1,35.0,34.9,35.3,1,0,10.6,14.19,560436,0,1,1,30.96
576793,36.17,35.0,34.9,35.3,1,1,9.91,14.2,560936,0,1,1,30.94
577299,36.17,35.0,34.9,35.3,1,1,9.91,14.2,561436,0,1,1,30.94
577805,36.24,35.0,34.9,35.3,1,1,10.13,14.2,561936,0,1,1,30.94
578311,36.26,35.0,34.9,35.3,1,1,11.22,14.24,562436,0,1,1,30.97
578817,36.26,35.0,34.9,35.3,1,1,10.44,14.27,562936,0,1,1,30.94
579323,36.26,35.0,34.9,35.3,1,1,10.44,14.24,563436,0,1,1,30.94
579829,36.26,35.0,34.9,35.3,1,1,10.44,14.24,563936,0,1,1,30.94
580335,36.27,35.0,34.9,35.3,1,1,11.51,14.23,564436,0,1,1,30.93
580841,36.01,35.0,34.9,35.3,1,1,11.86,14.23,564936,0,1,1,30.93
581347,36.01,35.0,34.9,35.3,1,1,11.86,14.12,565436,0,1,1,30.93
581853,35.68,35.0,34.9,35.3,1,1,12.37,14.12,565936,0,1,1,30.96
582359,35.68,35.0,34.9,35.3,1,0,12.37,14.0,566436,0,1,1,30.96
582865,35.47,35.0,34.9,35.3,1,0,12.44,14.0,566936,0,1,1,30.93
583371,35.4,35.0,34.9,35.3,1,0,12.5,13.89,567436,0,0,1,30.92
583877,35.4,35.0,34.9,35.3,1,0,12.5,13.85,567936,0,0,1,30.92
584383,35.27,35.0,34.9,35.3,1,0,11.89,13.85,568436,0,0,1,30.92
584889,35.19,35.0,34.9,35.3,0,0,11.49,13.79,0,0,1,0,30.87
585395,35.19,35.0,34.9,35.3,0,0,11.49,13.72,500,0,1,0,30.87
585901,35.12,35.0,34.9,35.3,0,0,11.49,13.72,1000,0,1,0,30.9
586407,35.12,35.0,34.9,35.3,0,0,11.49,13.71,1500,0,1,0,30.9
586913,35.07,35.0,34.9,35.3,0,0,12.26,13.71,2000,0,1,0,30.9
587419,35.1,35.0,34.9,35.3,0,0,11.31,13.69,2500,0,0,0,30.89
587925,35.1,35.0,34.9,35.3,0,0,11.31,13.69,3000,0,1,0,30.89
588431,35.04,35.0,34.9,35.3,0,0,11.29,13.69,3500,0,1,0,30.9
588937,35.01,35.0,34.9,35.3,0,0,11.2,13.64,4500,0,1,0,30.87
589453,35.03,35.0,34.9,35.3,0,0,11.8,13.67,5016,0,1,0,30.9
589960,35.03,35.0,34.9,35.3,0,0,11.8,13.67,5516,0,1,0,30.9
590466,35.03,35.0,34.9,35.3,0,0,11.8,13.67,6016,0,1,0,30.9
590972,35.03,35.0,34.9,35.3,0,0,11.8,13.67,6516,0,1,0,30.9
591478,35.07,35.0,34.9,35.3,0,0,11.51,13.69,7016,0,1,0,30.9
591984,35.07,35.0,34.9,35.3,0,0,11.51,13.69,7516,0,1,0,30.9
592490,35.13,35.0,34.9,35.3,0,0,10.82,13.71,8016,0,1,0,30.89
592996,35.13,35.0,34.9,35.3,0,0,10.82,13.71,8516,0,1,0,30.89
593502,35.2,35.0,34.9,35.3,0,0,11.58,13.74,9016,0,1,0,30.89
594008,35.16,35.0,34.9,35.3,0,0,11.64,13.74,9516,0,1,0,30.9
594514,35.16,35.0,34.9,35.3,0,0,11.64,13.73,10016,0,1,0,30.9
595020,35.23,35.0,34.9,35.3,0,0,11.38,13.76,10516,0,1,0,30.9
595526,35.22,35.0,34.9,35.3,0,0,11.62,13.76,11029,0,1,0,30.9
596032,35.22,35.0,34.9,35.3,0,0,11.62,13.76,11529,0,1,0,30.9
596538,35.22,35.0,34.9,35.3,0,0,11.62,13.76,12029,0,1,0,30.9
597044,35.31,35.0,34.9,35.3,0,0,11.91,13.8,12529,0,1,0,30.9
597550,35.31,35.0,34.9,35.3,0,0,11.91,13.8,13029,0,1,0,30.9
598056,35.38,35.0,34.9,35.3,0,0,12.42,13.83,13529,0,0,0,30.9
598562,35.38,35.0,34.9,35.3,0,0,12.42,13.83,14029,0,0,0,30.9
599068,35.38,35.0,34.9,35.3,0,0,12.42,13.83,14529,0,0,0,30.9
599574,35.47,35.0,34.9,35.3,1,0,12.11,13.87,0,0,1,0,30.9
600080,35.45,35.0,34.9,35.3,1,0,12.46,13.87,500,0,1,0,30.9
600586,35.45,35.0,34.9,35.3,1,0,12.46,13.86,1000,0,0,0,30.9
601092,35.53,35.0,34.9,35.3,1,0,12.75,13.89,1500,0,0,0,30.9
601598,35.51,35.0,34.9,35.3,1,0,12.35,13.91,2008,0,1,0,30.93
602104,35.51,35.0,34.9,35.3,1,0,12.35,13.91,2508,0,1,0,30.93
602610,35.51,35.0,34.9,35.3,1,0,12.35,13.91,3008,0,1,0,30.93
603116,35.51,35.0,34.9,35.3,1,0,12.35,13.91,3508,0,1,0,30.93
603622,35.66,35.0,34.9,35.3,1,0,13.21,13.96,4008,0,0,0,30.92
604128,35.71,35.0,34.9,35.3,1,0,12.37,13.98,4508,0,1,0,30.92
604634,35.71,35.0,34.9,35.3,1,0,12.72,13.98,5008,0,1,0,30.9
605141,35.71,35.0,34.9,35.3,1,0,12.72,13.97,5508,0,0,0,30.9
605647,35.8,35.0,34.9,35.3,1,0,12.72,14.02,6008,0,0,0,30.92
606153,35.8,35.0,34.9,35.3,1,0,13.6,14.03,6508,0,0,0,30.93
606659,35.8,35.0,34.9,35.3,1,0,13.6,14.03,7008,0,0,0,30.93
607165,35.8,35.0,34.9,35.3,1,0,13.6,14.03,7508,0,0,0,30.93
607671,35.8,35.0,34.9,35.3,1,0,13.6,14.03,8008,0,0,0,30.93
608177,35.94,35.0,34.9,35.3,1,0,13.29,14.1,8508,0,0,0,30.94
608683,35.94,35.0,34.9,35.3,1,0,13.29,14.1,9011,0,0,0,30.94
609189,35.97,35.0,34.9,35.3,1,0,12.64,14.12,9512,0,0,0,30.94
609695,35.95,35.0,34.9,35.3,1,0,13.07,14.14,10014,0,0,0,30.97
610201,35.95,35.0,34.9,35.3,1,0,13.07,14.14,10514,0,0,0,30.97
610707,36.03,35.0,34.9,35.3,1,0,13.05,14.14,11014,0,0,0,30.94
611213,36.03,35.0,34.9,35.3,1,0,13.05,14.14,11514,0,0,0,30.94
611734,36.1,35.0,34.9,35.3,1,0,13.16,14.14,12014,0,0,0,30.96
612241,36.1,35.0,34.9,35.3,1,0,13.16,14.19,12514,0,0,0,30.96
612747,36.1,35.0,34.9,35.3,1,0,13.16,14.19,13014,0,0,0,30.96
613253,36.14,35.0,34.9,35.3,1,0,13.07,14.19,13514,0,0,0,30.94
613759,36.19,35.0,34.9,35.3,1,0,12.9,14.19,14014,0,0,0,30.97
614265,36.22,35.0,34.9,35.3,1,0,12.66,14.24,14514,0,0,0,30.98
614771,36.22,35.0,34.9,35.3,1,0,12.66,14.26,15014,0,1,0,30.98
615277,36.26,35.0,34.9,35.3,1,0,12.83,14.27,15514,0,0,0,30.97
615783,36.26,35.0,34.9,35.3,1,0,12.83,14.27,16014,0,0,0,30.97
616289,36.26,35.0,34.9,35.3,1,0,12.92,14.27,16514,0,0,0,30.97
616795,36.26,35.0,34.9,35.3,1,0,12.92,14.27,17014,0,0,0,30.97
617301,36.39,35.0,34.9,35.3,1,0,13.05,14.27,17514,0,0,0,30.97
617807,36.38,35.0,34.9,35.3,1,0,12.99,14.32,18014,0,0,0,30.98
618313,36.38,35.0,34.9,35.3,1,0,12.99,14.33,18514,0,0,0,30.98
618819,36.43,35.0,34.9,35.3,1,0,12.85,14.33,19014,0,0,0,30.96
619325,36.45,35.0,34.9,35.3,1,0,12.64,14.33,19514,0,0,0,30.97
619844,36.45,35.0,34.9,35.3,1,0,12.57,14.35,20014,0,1,0,30.98
620351,36.45,35.0,34.9,35.3,1,0,12.57,14.36,20514,0,1,0,30.98
620857,36.48,35.0,34.9,35.3,1,0,12.61,14.36,21014,0,1,0,30.98
621363,36.48,35.0,34.9,35.3,1,0,12.61,14.37,21514,0,1,0,30.98
621869,36.53,35.0,34.9,35.3,1,0,12.5,14.39,22014,0,1,0,30.98
622375,36.61,35.0,34.9,35.3,1,0,12.22,14.39,22514,0,1,0,30.97
622881,36.6,35.0,34.9,35.3,1,0,12.44,14.42,23014,0,1,0,30.97
623387,36.6,35.0,34.9,35.3,1,0,12.44,14.41,23514,0,1,0,30.97
623893,36.6,35.0,34.9,35.3,1,0,12.44,14.41,24014,0,1,0,30.97
624399,36.65,35.0,34.9,35.3,1,0,12.72,14.41,24514,0,1,0,30.98
624905,36.66,35.0,34.9,35.3,1,0,12.33,14.45,25014,0,1,0,31.01
625411,36.66,35.0,34.9,35.3,1,0,12.33,14.47,25514,0,1,0,31.01
625917,36.66,35.0,34.9,35.3,1,0,12.33,14.47,26014,0,1,0,31.01
626423,36.66,35.0,34.9,35.3,1,0,12.33,14.47,26514,0,1,0,31.01
626929,36.73,35.0,34.9,35.3,1,0,12.9,14.47,27014,0,1,0,31.01
627435,36.73,35.0,34.9,35.3,1,0,12.9,14.5,27514,0,1,0,31.01
627941,36.77,35.0,34.9,35.3,1,0,12.24,14.5,28014,0,1,0,30.97
628447,36.77,35.0,34.9,35.3,1,0,12.7,14.48,28514,0,1,0,31.0
628953,36.77,35.0,34.9,35.3,1,0,12.06,14.51,29014,0,1,0,31.0
629459,36.82,35.0,34.9,35.3,1,0,12.33,14.51,29514,0,1,0,31.01
629965,36.82,35.0,34.9,35.3,1,0,12.33,14.54,30014,0,1,0,31.01
630471,36.82,35.0,34.9,35.3,1,0,12.33,14.54,30514,0,1,0,31.01
630977,36.82,35.0,34.9,35.3,1,0,12.33,14.54,31014,0,1,0,31.01
631483,36.86,35.0,34.9,35.3,1,0,12.5,14.56,32017,0,1,0,31.01
631989,36.86,35.0,34.9,35.3,1,0,12.5,14.56,32517,0,1,0,31.01
632495,36.86,35.0,34.9,35.3,1,0,12.5,14.56,33017,0,1,0,31.01
633001,36.92,35.0,34.9,35.3,1,0,11.93,14.58,33517,0,1,0,31.01
633507,36.92,35.0,34.9,35.3,1,0,11.56,14.6,34017,0,1,0,31.03
634013,36.93,35.0,34.9,35.3,1,0,12.04,14.59,34517,0,1,0,31.01
634522,36.93,35.0,34.9,35.3,1,0,12.04,14.59,35017,0,1,0,31.01
635029,36.93,35.0,34.9,35.3,1,0,12.04,14.59,35517,0,1,0,31.01
635535,37.01,35.0,34.9,35.3,1,0,12.02,14.62,36017,0,1,0,31.01
636041,36.98,35.0,34.9,35.3,1,0,12.26,14.62,36517,0,1,0,31.03
636547,36.98,35.0,34.9,35.3,1,0,12.26,14.62,37017,0,1,0,31.03
637053,37.02,35.0,34.9,35.3,1,0,11.86,14.63,37517,0,1,0,31.01
637559,37.02,35.0,34.9,35.3,1,0,11.86,14.63,38017,0,1,0,31.01
638065,37.02,35.0,34.9,35.3,1,0,11.86,14.63,38517,0,1,0,31.01
638571,37.02,35.0,34.9,35.3,1,0,11.86,14.63,39017,0,1,0,31.01
639077,37.02,35.0,34.9,35.3,1,0,11.86,14.63,39517,0,1,0,31.01
639583,37.07,35.0,34.9,35.3,1,0,11.64,14.64,40017,0,1,0,31.01
640089,37.08,35.0,34.9,35.3,1,0,11.86,14.66,40517,0,1,0,31.03
640595,37.14,35.0,34.9,35.3,1,0,11.69,14.72,41017,0,1,0,31.06
641101,37.17,35.0,34.9,35.3,1,0,11.6,14.69,41517,0,1,0,31.01
641607,37.14,35.0,34.9,35.3,1,0,11.73,14.69,42017,0,1,0,31.03
642113,37.14,35.0,34.9,35.3,1,0,11.73,14.69,42517,0,1,0,31.03
642619,37.14,35.0,34.9,35.3,1,0,11.8,14.7,43017,0,1,0,31.04
643125,37.17,35.0,34.9,35.3,1,0,11.71,14.7,43517,0,1,0,31.04
643631,37.17,35.0,34.9,35.3,1,0,11.71,14.71,44017,0,1,0,31.04
644137,37.2,35.0,34.9,35.3,1,0,11.56,14.72,44517,0,1,0,31.04
644643,37.17,35.0,34.9,35.3,1,0,11.91,14.73,45017,0,1,0,31.06
645149,37.23,35.0,34.9,35.3,1,0,11.51,14.73,45517,0,1,0,31.03
645655,37.23,35.0,34.9,35.3,1,0,11.51,14.72,46017,0,1,0,31.03
646161,37.22,35.0,34.9,35.3,1,0,11.53,14.72,46517,0,1,0,31.04
646667,37.22,35.0,34.9,35.3,1,0,11.53,14.73,47017,0,1,0,31.04
647173,37.22,35.0,34.9,35.3,1,0,11.44,14.75,47517,0,1,0,31.06
647679,37.24,35.0,34.9,35.3,1,0,11.4,14.74,48017,0,1,0,31.04
648185,37.24,35.0,34.9,35.3,1,0,11.4,14.74,48517,0,1,0,31.04
648691,37.24,35.0,34.9,35.3,1,0,11.53,14.74,49017,0,1,0,31.04
649197,37.24,35.0,34.9,35.3,1,0,11.53,14.74,49517,0,1,0,31.04
649703,37.3,35.0,34.9,35.3,1,0,11.44,14.78,50017,0,1,0,31.06
650209,37.3,35.0,34.9,35.3,1,0,10.93,14.78,50517,0,1,0,31.06
650715,37.3,35.0,34.9,35.3,1,0,10.8,14.78,51017,0,1,0,31.04
651222,37.33,35.0,34.9,35.3,1,0,11.07,14.77,51517,0,1,0,31.06
651729,37.33,35.0,34.9,35.3,1,0,11.07,14.8,52017,0,1,0,31.06
652235,37.32,35.0,34.9,35.3,1,0,11.22,14.77,52517,0,1,0,31.04
652741,37.3,35.0,34.9,35.3,1,0,11.36,14.8,53017,0,1,0,31.07
653247,37.3,35.0,34.9,35.3,1,0,11.36,14.8,53517,0,1,0,31.07
653753,37.32,35.0,34.9,35.3,1,0,10.96,14.8,54017,0,1,0,31.07
654259,37.32,35.0,34.9,35.3,1,0,10.96,14.8,54517,0,1,0,31.07
654765,37.32,35.0,34.9,35.3,1,0,11.86,14.8,55017,0,1,0,31.07
655271,37.36,35.0,34.9,35.3,1,0,11.18,14.8,55517,0,1,0,31.06
655780,37.35,35.0,34.9,35.3,1,0,11.31,14.81,56017,0,1,0,31.06
656287,37.35,35.0,34.9,35.3,1,0,11.31,14.8,56518,0,1,0,31.06
656793,37.32,35.0,34.9,35.3,1,0,11.29,14.8,57019,0,1,0,31.07
657299,37.38,35.0,34.9,35.3,1,0,11.18,14.8,57519,0,1,0,31.06
657805,37.38,35.0,34.9,35.3,1,0,11.18,14.81,58019,0,1,0,31.06
658311,37.38,35.0,34.9,35.3,1,0,11.18,14.81,58519,0,1,0,31.06
658817,37.39,35.0,34.9,35.3,1,0,11.09,14.82,59019,0,1,0,31.06
659323,37.39,35.0,34.9,35.3,1,0,11.09,14.82,59519,0,1,0,31.06
659830,37.42,35.0,34.9,35.3,1,0,10.98,14.82,60019,0,1,0,31.07
660336,37.42,35.0,34.9,35.3,1,0,10.98,14.84,60519,0,1,0,31.07
660842,37.41,35.0,34.9,35.3,1,0,10.47,14.84,61019,0,1,0,31.07
661348,37.41,35.0,34.9,35.3,1,0,10.47,14.84,61519,0,1,0,31.07
661854,37.42,35.0,34.9,35.3,1,0,10.87,14.86,62032,0,1,0,31.09
662360,37.41,35.0,34.9,35.3,1,0,10.96,14.86,62532,0,1,0,31.06
662866,37.41,35.0,34.9,35.3,1,0,10.96,14.83,63032,0,1,0,31.06
663372,37.42,35.0,34.9,35.3,1,0,10.44,14.83,63532,0,1,0,31.07
663878,37.37,35.0,34.9,35.3,1,0,10.42,14.84,64032,0,1,0,31.1
664384,37.37,35.0,34.9,35.3,1,0,10.42,14.85,64532,0,1,0,31.1
664890,37.42,35.0,34.9,35.3,1,0,10.93,14.86,65032,0,1,0,31.09
665396,37.42,35.0,34.9,35.3,1,0,10.93,14.86,65532,0,1,0,31.09
665902,37.39,35.0,34.9,35.3,1,0,11.0,14.84,66032,0,1,0,31.09
666408,37.39,35.0,34.9,35.3,1,0,11.0,14.84,66532,0,1,0,31.09
666914,37.39,35.0,34.9,35.3,1,0,11.0,14.84,67032,0,1,0,31.09
667420,37.42,35.0,34.9,35.3,1,0,10.64,14.84,67532,0,1,0,31.07
667926,37.42,35.0,34.9,35.3,1,0,10.64,14.84,68032,0,1,0,31.07
668432,37.42,35.0,34.9,35.3,1,0,10.64,14.84,68532,0,1,0,31.07
668938,37.42,35.0,34.9,35.3,1,0,10.64,14.84,69032,0,1,0,31.07
669444,37.44,35.0,34.9,35.3,1,0,10.82,14.84,69532,0,1,0,31.09
669950,37.44,35.0,34.9,35.3,1,0,10.82,14.86,70032,0,1,0,31.09
670456,37.44,35.0,34.9,35.3,1,0,10.62,14.86,70532,0,1,0,31.07
670962,37.42,35.0,34.9,35.3,1,0,10.6,14.85,71032,0,1,0,31.07
671468,37.42,35.0,34.9,35.3,1,0,10.6,14.84,71532,0,1,0,31.07
671974,37.42,35.0,34.9,35.3,1,0,10.6,14.84,72032,0,1,0,31.07
672480,37.44,35.0,34.9,35.3,1,0,10.13,14.84,72532,0,1,0,31.09
672986,37.44,35.0,34.9,35.3,1,0,10.13,14.86,73032,0,1,0,31.09
673492,37.4,35.0,34.9,35.3,1,0,10.73,14.86,73532,0,1,0,31.12
673998,37.4,35.0,34.9,35.3,1,0,10.73,14.87,74532,0,1,0,31.12
674504,37.4,35.0,34.9,35.3,1,1,10.73,14.87,75032,0,1,1,31.12
675010,37.41,35.0,34.9,35.3,1,1,10.58,14.88,75532,0,1,1,31.12
675516,37.38,35.0,34.9,35.3,1,1,10.67,14.84,76032,0,1,1,31.09
676022,37.38,35.0,34.9,35.3,1,1,10.67,14.84,76532,0,1,1,31.09
676528,37.48,35.0,34.9,35.3,1,1,10.08,14.87,77032,0,1,1,31.07
677034,37.48,35.0,34.9,35.3,1,1,10.08,14.87,77532,0,1,1,31.07
677540,37.47,35.0,34.9,35.3,1,1,10.69,14.85,78032,0,1,1,31.06
678046,37.47,35.0,34.9,35.3,1,1,11.31,14.89,78532,0,1,1,31.1
678552,37.47,35.0,34.9,35.3,1,1,11.31,14.89,79032,0,1,1,31.1
679058,37.0,35.0,34.9,35.3,1,1,12.0,14.89,79532,0,1,1,31.07
679564,37.0,35.0,34.9,35.3,1,1,12.0,14.67,80032,0,1,1,31.07
680070,37.0,35.0,34.9,35.3,1,1,12.0,14.67,80532,0,1,1,31.07
680576,36.47,35.0,34.9,35.3,1,1,12.11,14.44,81032,0,1,1,31.06
681082,36.21,35.0,34.9,35.3,1,1,12.15,14.34,81532,0,1,1,31.07
681588,36.12,35.0,34.9,35.3,1,0,12.33,14.27,82040,0,1,1,31.04
682094,36.12,35.0,34.9,35.3,1,0,12.33,14.27,82540,0,1,1,31.04
682600,35.93,35.0,34.9,35.3,1,0,12.59,14.18,83040,0,1,1,31.03
683106,35.93,35.0,34.9,35.3,1,0,12.59,14.18,83540,0,1,1,31.03
683612,35.64,35.0,34.9,35.3,1,0,12.31,14.18,84040,0,1,1,31.0
684118,35.64,35.0,34.9,35.3,1,0,12.31,14.03,84540,0,1,1,31.0
684624,35.64,35.0,34.9,35.3,1,0,12.31,14.03,85040,0,1,1,31.0
685130,35.5,35.0,34.9,35.3,1,0,11.89,13.95,85540,0,1,1,30.98
685636,35.5,35.0,34.9,35.3,1,0,11.89,13.95,86040,0,1,1,30.98
686142,35.5,35.0,34.9,35.3,1,0,11.89,13.95,86540,0,1,1,30.98
686648,35.4,35.0,34.9,35.3,1,0,11.38,13.95,87040,0,1,1,30.97
687154,35.4,35.0,34.9,35.3,1,0,11.38,13.9,87540,0,1,1,30.97
687660,35.4,35.0,34.9,35.3,1,0,11.33,13.9,88040,0,1,1,30.97
688166,35.4,35.0,34.9,35.3,1,0,11.33,13.9,88540,0,1,1,30.97
688672,35.37,35.0,34.9,35.3,1,0,11.71,13.9,89040,0,1,1,30.98
689178,35.37,35.0,34.9,35.3,1,0,11.71,13.9,89540,0,1,1,30.98
689684,35.4,35.0,34.9,35.3,1,0,10.96,13.9,90040,0,1,1,30.97
690190,35.44,35.0,34.9,35.3,1,0,11.24,13.9,90540,0,1,1,30.97
690696,35.44,35.0,34.9,35.3,1,0,11.24,13.92,91040,0,1,1,30.97
691202,35.44,35.0,34.9,35.3,1,0,10.53,13.9,91540,0,1,1,30.96
691708,35.44,35.0,34.9,35.3,1,0,10.53,13.9,92040,0,1,1,30.96
692214,35.41,35.0,34.9,35.3,1,0,10.62,13.9,92540,0,1,1,30.97
692720,35.41,35.0,34.9,35.3,1,0,10.62,13.9,93040,0,1,1,30.97
693226,35.4,35.0,34.9,35.3,1,0,10.89,13.9,93541,0,1,1,30.98
693732,35.4,35.0,34.9,35.3,1,0,10.89,13.91,94042,0,1,1,30.98
694238,35.4,35.0,34.9,35.3,1,0,10.89,13.91,94542,0,1,1,30.98
694744,35.5,35.0,34.9,35.3,1,0,10.91,13.91,95042,0,1,1,30.97
695250,35.5,35.0,34.9,35.3,1,0,10.91,13.94,95542,0,1,1,30.97
695756,35.6,35.0,34.9,35.3,1,0,10.96,13.94,96042,0,1,1,30.98
696262,35.6,35.0,34.9,35.3,1,0,10.96,14.0,96542,0,1,1,30.98
696768,35.59,35.0,34.9,35.3,1,0,10.76,13.98,97042,0,1,1,30.97
697274,35.59,35.0,34.9,35.3,1,0,10.78,13.98,97542,0,1,1,30.97
697780,35.59,35.0,34.9,35.3,1,0,10.78,13.98,98042,0,1,1,30.97
698286,35.59,35.0,34.9,35.3,1,0,10.78,13.98,98542,0,1,1,30.97
698792,35.71,35.0,34.9,35.3,1,0,10.49,14.03,99042,0,1,1,30.97
699298,35.77,35.0,34.9,35.3,1,0,10.49,14.07,99542,0,1,1,30.98
699804,35.81,35.0,34.9,35.3,1,0,10.71,14.07,100059,0,1,1,30.97
700310,35.84,35.0,34.9,35.3,1,0,11.22,14.07,100559,0,1,1,31.0
700817,35.87,35.0,34.9,35.3,1,0,10.02,14.11,101059,0,1,1,30.98
701324,35.87,35.0,34.9,35.3,1,0,10.02,14.11,101559,0,1,1,30.98
701830,35.93,35.0,34.9,35.3,1,0,10.93,14.11,102059,0,1,1,31.0
702336,35.93,35.0,34.9,35.3,1,0,10.93,14.15,102559,0,1,1,31.0
702842,35.93,35.0,34.9,35.3,1,0,10.93,14.15,103059,0,1,1,31.0
703348,35.93,35.0,34.9,35.3,1,0,10.93,14.15,103559,0,1,1,31.0
703854,36.04,35.0,34.9,35.3,1,0,10.62,14.17,104059,0,1,1,30.97
704361,36.03,35.0,34.9,35.3,1,0,10.69,14.17,104559,0,1,1,31.01
704868,36.03,35.0,34.9,35.3,1,0,10.69,14.21,105059,0,1,1,31.01
705374,36.03,35.0,34.9,35.3,1,0,10.69,14.21,105559,0,1,1,31.01
705880,36.09,35.0,34.9,35.3,1,0,10.76,14.21,106059,0,1,1,31.01
706386,36.09,35.0,34.9,35.3,1,0,10.76,14.23,106559,0,1,1,31.01
706892,36.19,35.0,34.9,35.3,1,0,10.29,14.23,107059,0,1,1,31.01
707398,36.19,35.0,34.9,35.3,1,0,10.29,14.28,107559,0,1,1,31.01
707904,36.15,35.0,34.9,35.3,1,0,10.51,14.28,108059,0,1,1,31.01
708410,36.15,35.0,34.9,35.3,1,0,10.51,14.26,108559,0,1,1,31.01
708916,36.24,35.0,34.9,35.3,1,0,10.38,14.31,109059,0,1,1,31.03
709422,36.25,35.0,34.9,35.3,1,0,10.47,14.31,109559,0,1,1,31.01
709928,36.25,35.0,34.9,35.3,1,0,10.47,14.3,110059,0,1,1,31.01
710434,36.26,35.0,34.9,35.3,1,0,10.51,14.3,110559,0,1,1,31.01
710940,36.3,35.0,34.9,35.3,1,0,10.31,14.31,111059,0,1,1,31.03
711446,36.3,35.0,34.9,35.3,1,1,10.31,14.33,111559,0,1,1,31.03
711952,36.3,35.0,34.9,35.3,1,1,10.31,14.33,112059,0,1,1,31.03
712458,36.36,35.0,34.9,35.3,1,1,10.44,14.33,112559,0,1,1,31.03
712964,36.36,35.0,34.9,35.3,1,1,10.0,14.36,113059,0,1,1,31.04
713470,36.36,35.0,34.9,35.3,1,1,10.0,14.37,113559,0,1,1,31.04
713976,36.36,35.0,34.9,35.3,1,1,10.0,14.37,114062,0,1,1,31.04
714482,36.36,35.0,34.9,35.3,1,1,10.0,14.37,114563,0,1,1,31.04
714988,36.36,35.0,34.9,35.3,1,1,10.0,14.37,115063,0,1,1,31.04
715494,36.18,35.0,34.9,35.3,1,1,11.31,14.37,115563,0,1,1,31.03
716000,35.97,35.0,34.9,35.3,1,1,11.82,14.28,116063,0,1,1,31.0
716506,35.97,35.0,34.9,35.3,1,1,11.82,14.17,116563,0,1,1,31.0
717012,35.97,35.0,34.9,35.3,1,1,11.82,14.17,117063,0,1,1,31.0
717518,35.52,35.0,34.9,35.3,1,1,12.06,14.17,117563,0,1,1,31.0
718024,35.37,35.0,34.9,35.3,1,0,12.61,13.97,118063,0,1,1,30.98
718530,35.25,35.0,34.9,35.3,1,0,12.35,13.83,119064,0,0,1,30.97
719036,35.14,35.0,34.9,35.3,1,0,12.31,13.76,119564,0,0,1,30.94
719542,35.14,35.0,34.9,35.3,1,0,12.31,13.76,120064,0,0,1,30.94
720048,34.99,35.0,34.9,35.3,1,0,12.2,13.69,120566,0,0,1,30.94
720554,34.96,35.0,34.9,35.3,0,0,11.49,13.67,0,0,1,0,30.93
721060,34.9,35.0,34.9,35.3,0,0,11.53,13.67,501,0,1,0,30.96
721566,34.9,35.0,34.9,35.3,0,0,11.53,13.67,1001,0,1,0,30.96
722072,34.9,35.0,34.9,35.3,0,0,11.53,13.67,1501,0,1,0,30.96
722578,34.87,35.0,34.9,35.3,0,0,11.38,13.65,2001,0,1,0,30.96
723084,34.87,35.0,34.9,35.3,0,0,11.38,13.65,2501,0,1,0,30.96
723590,34.87,35.0,34.9,35.3,0,0,11.38,13.65,3001,0,1,0,30.96
724096,34.83,35.0,34.9,35.3,0,0,11.13,13.64,3501,0,1,0,30.96
724602,34.83,35.0,34.9,35.3,0,0,11.11,13.61,4001,0,1,0,30.93
725108,34.83,35.0,34.9,35.3,0,0,10.51,13.61,4501,0,1,0,30.94
725614,34.83,35.0,34.9,35.3,0,0,10.51,13.62,5001,0,1,0,30.94
726120,34.83,35.0,34.9,35.3,0,0,10.51,13.62,5502,0,1,0,30.94
726628,34.81,35.0,34.9,35.3,0,0,11.38,13.62,6002,0,1,0,30.93
727135,34.81,35.0,34.9,35.3,0,0,11.38,13.6,6502,0,1,0,30.93
727641,34.81,35.0,34.9,35.3,0,0,11.16,13.6,7002,0,1,0,30.93
728147,34.87,35.0,34.9,35.3,0,0,11.2,13.64,7502,0,1,0,30.94
728653,34.85,35.0,34.9,35.3,0,0,11.27,13.64,8002,0,1,0,30.96
729159,34.85,35.0,34.9,35.3,0,0,11.27,13.64,8502,0,1,0,30.96
729665,34.85,35.0,34.9,35.3,0,0,11.27,13.64,9002,0,1,0,30.96
730171,34.83,35.0,34.9,35.3,0,0,11.07,13.62,9502,0,1,0,30.94
730677,34.83,35.0,34.9,35.3,0,0,11.07,13.62,10002,0,1,0,30.94
731183,34.92,35.0,34.9,35.3,0,0,11.89,13.69,10502,0,1,0,30.97
731689,34.95,35.0,34.9,35.3,0,0,12.0,13.69,11002,0,1,0,30.94
732195,34.96,35.0,34.9,35.3,0,0,11.33,13.67,11502,0,1,0,30.93
732701,34.96,35.0,34.9,35.3,0,0,11.33,13.67,12002,0,1,0,30.93
733207,34.96,35.0,34.9,35.3,0,0,11.33,13.67,12502,0,1,0,30.93
733713,34.96,35.0,34.9,35.3,0,0,11.33,13.67,13002,0,1,0,30.93
734219,34.96,35.0,34.9,35.3,0,0,11.33,13.67,13502,0,1,0,30.93
734725,35.08,35.0,34.9,35.3,0,0,11.97,13.76,14002,0,1,0,30.97
735231,35.07,35.0,34.9,35.3,0,0,12.06,13.75,14502,0,1,0,30.97
735737,35.15,35.0,34.9,35.3,1,0,12.44,13.75,0,0,1,0,30.97
736243,35.15,35.0,34.9,35.3,1,0,12.44,13.79,500,0,0,0,30.97
736749,35.15,35.0,34.9,35.3,1,0,12.44,13.79,1000,0,0,0,30.97
737268,35.27,35.0,34.9,35.3,1,0,12.53,13.79,1500,0,0,0,30.97
737775,35.27,35.0,34.9,35.3,1,0,12.53,13.84,2000,0,0,0,30.97
738281,35.27,35.0,34.9,35.3,1,0,12.53,13.84,2500,0,0,0,30.97
738787,35.34,35.0,34.9,35.3,1,0,12.57,13.87,3013,0,0,0,30.97
739293,35.34,35.0,34.9,35.3,1,0,12.57,13.87,3513,0,0,0,30.97
739799,35.34,35.0,34.9,35.3,1,0,12.57,13.87,4013,0,0,0,30.97
740306,35.47,35.0,34.9,35.3,1,0,12.79,13.87,4513,0,0,0,30.97
740813,35.47,35.0,34.9,35.3,1,0,12.79,13.93,5013,0,0,0,30.97
741319,35.47,35.0,34.9,35.3,1,0,12.79,13.93,5513,0,0,0,30.97
741825,35.47,35.0,34.9,35.3,1,0,12.79,13.93,6013,0,0,0,30.97
742331,35.44,35.0,34.9,35.3,1,0,12.81,13.9,6513,0,0,0,30.96
742837,35.44,35.0,34.9,35.3,1,0,12.81,13.9,7013,0,0,0,30.96
743343,35.52,35.0,34.9,35.3,1,0,12.81,13.9,7513,0,0,0,30.98
743849,35.52,35.0,34.9,35.3,1,0,12.81,13.96,8013,0,0,0,30.98
744355,35.52,35.0,34.9,35.3,1,0,12.81,13.96,8513,0,0,0,30.98
744861,35.62,35.0,34.9,35.3,1,0,12.75,14.0,9013,0,0,0,30.98
745367,35.56,35.0,34.9,35.3,1,0,12.46,13.99,9513,0,1,0,31.0
745873,35.56,35.0,34.9,35.3,1,0,12.46,13.99,10013,0,1,0,31.0
746379,35.56,35.0,34.9,35.3,1,0,12.46,13.99,10513,0,1,0,31.0
746885,35.56,35.0,34.9,35.3,1,0,12.46,13.99,11013,0,1,0,31.0
747391,35.72,35.0,34.9,35.3,1,0,12.79,14.07,11513,0,0,0,31.01
747897,35.71,35.0,34.9,35.3,1,0,13.25,14.07,12013,0,0,0,31.01
748403,35.74,35.0,34.9,35.3,1,0,12.88,14.07,12513,0,0,0,31.01
748909,35.74,35.0,34.9,35.3,1,0,12.88,14.08,13013,0,0,0,31.01
749415,35.77,35.0,34.9,35.3,1,0,12.66,14.08,13517,0,0,0,31.0
749921,35.86,35.0,34.9,35.3,1,0,12.68,14.08,14017,0,0,0,31.03
750427,35.86,35.0,34.9,35.3,1,0,12.68,14.14,14518,0,0,0,31.03
750933,35.9,35.0,34.9,35.3,1,0,12.83,14.14,15018,0,0,0,31.0
751439,35.9,35.0,34.9,35.3,1,0,12.83,14.14,15518,0,0,0,31.0
751945,35.9,35.0,34.9,35.3,1,0,12.83,14.14,16018,0,0,0,31.0
752451,35.94,35.0,34.9,35.3,1,0,12.5,14.14,16518,0,0,0,31.01
752957,35.94,35.0,34.9,35.3,1,0,12.5,14.17,17018,0,1,0,31.01
753463,35.94,35.0,34.9,35.3,1,0,12.5,14.17,17518,0,1,0,31.01
753969,36.02,35.0,34.9,35.3,1,0,12.59,14.17,18018,0,1,0,31.01
754475,36.03,35.0,34.9,35.3,1,0,12.42,14.2,18518,0,1,0,31.03
754981,36.03,35.0,34.9,35.3,1,0,12.42,14.22,19018,0,1,0,31.03
755487,36.08,35.0,34.9,35.3,1,0,12.59,14.22,19518,0,1,0,31.03
755993,36.04,35.0,34.9,35.3,1,0,12.17,14.24,20018,0,1,0,31.0
756499,36.11,35.0,34.9,35.3,1,0,12.66,14.2,20518,0,1,0,31.03
757005,36.11,35.0,34.9,35.3,1,0,12.66,14.25,21018,0,1,0,31.03
757511,36.13,35.0,34.9,35.3,1,0,12.5,14.25,21518,0,1,0,31.01
758017,36.13,35.0,34.9,35.3,1,0,12.5,14.25,22018,0,1,0,31.01
758523,36.13,35.0,34.9,35.3,1,0,12.5,14.25,22518,0,1,0,31.01
759029,36.14,35.0,34.9,35.3,1,0,11.93,14.25,23018,0,1,0,31.06
759535,36.14,35.0,34.9,35.3,1,0,11.93,14.29,23518,0,1,0,31.06
760041,36.14,35.0,34.9,35.3,1,0,11.93,14.29,24018,0,1,0,31.06
760547,36.14,35.0,34.9,35.3,1,0,11.93,14.29,24518,0,1,0,31.06
761053,36.25,35.0,34.9,35.3,1,0,12.46,14.32,25518,0,1,0,31.04
761559,36.19,35.0,34.9,35.3,1,0,11.71,14.3,26018,0,1,0,31.04
762065,36.27,35.0,34.9,35.3,1,0,12.13,14.33,26518,0,1,0,31.04
762571,36.31,35.0,34.9,35.3,1,0,12.2,14.34,27018,0,1,0,31.03
763077,36.31,35.0,34.9,35.3,1,0,12.06,14.34,27518,0,1,0,31.04
763584,36.31,35.0,34.9,35.3,1,0,12.06,14.35,28018,0,1,0,31.04
764090,36.37,35.0,34.9,35.3,1,0,12.72,14.39,28518,0,1,0,31.06
764596,36.34,35.0,34.9,35.3,1,0,11.86,14.36,29018,0,1,0,31.04
765102,36.34,35.0,34.9,35.3,1,0,11.86,14.36,29521,0,1,0,31.04
765608,36.34,35.0,34.9,35.3,1,0,11.86,14.36,30021,0,1,0,31.04
766114,36.38,35.0,34.9,35.3,1,0,12.13,14.4,30521,0,1,0,31.06
766620,36.38,35.0,34.9,35.3,1,0,12.13,14.4,31021,0,1,0,31.06
767127,36.38,35.0,34.9,35.3,1,0,12.13,14.4,31521,0,1,0,31.06
767633,36.38,35.0,34.9,35.3,1,0,12.13,14.4,32021,0,1,0,31.06
768139,36.38,35.0,34.9,35.3,1,0,12.13,14.4,32521,0,1,0,31.06
768645,36.42,35.0,34.9,35.3,1,0,12.28,14.41,33021,0,1,0,31.06
769151,36.42,35.0,34.9,35.3,1,0,12.28,14.41,33521,0,1,0,31.06
769658,36.46,35.0,34.9,35.3,1,0,12.02,14.41,34021,0,1,0,31.04
770164,36.46,35.0,34.9,35.3,1,0,12.02,14.41,34521,0,1,0,31.04
770670,36.47,35.0,34.9,35.3,1,0,11.86,14.44,35021,0,1,0,31.06
771176,36.47,35.0,34.9,35.3,1,0,11.86,14.44,35521,0,1,0,31.06
771682,36.52,35.0,34.9,35.3,1,0,11.8,14.47,36021,0,1,0,31.07
772188,36.52,35.0,34.9,35.3,1,0,11.8,14.47,36521,0,1,0,31.07
772694,36.52,35.0,34.9,35.3,1,0,11.8,14.47,37021,0,1,0,31.07
773200,36.56,35.0,34.9,35.3,1,0,12.02,14.47,37521,0,1,0,31.06
773706,36.56,35.0,34.9,35.3,1,0,12.02,14.47,38021,0,1,0,31.06
774212,36.56,35.0,34.9,35.3,1,0,11.86,14.5,38521,0,1,0,31.09
774718,36.52,35.0,34.9,35.3,1,0,11.75,14.48,39033,0,1,0,31.09
775224,36.52,35.0,34.9,35.3,1,0,11.75,14.48,39533,0,1,0,31.09
775745,36.59,35.0,34.9,35.3,1,0,11.78,14.48,40033,0,1,0,31.06
776252,36.59,35.0,34.9,35.3,1,0,11.78,14.48,40533,0,1,0,31.06
776758,36.59,35.0,34.9,35.3,1,0,11.78,14.48,41033,0,1,0,31.06
777264,36.6,35.0,34.9,35.3,1,0,11.4,14.47,41533,0,1,0,31.04
777770,36.6,35.0,34.9,35.3,1,0,11.4,14.47,42033,0,1,0,31.04
778276,36.64,35.0,34.9,35.3,1,0,11.51,14.53,42533,0,1,0,31.09
778782,36.61,35.0,34.9,35.3,1,0,11.42,14.5,43033,0,1,0,31.07
779289,36.61,35.0,34.9,35.3,1,0,11.42,14.5,43533,0,1,0,31.07
779796,36.68,35.0,34.9,35.3,1,0,12.02,14.56,44033,0,1,0,31.1
780302,36.65,35.0,34.9,35.3,1,0,11.58,14.56,44533,0,1,0,31.09
780808,36.65,35.0,34.9,35.3,1,0,11.58,14.53,45033,0,1,0,31.09
781314,36.65,35.0,34.9,35.3,1,0,11.58,14.53,45533,0,1,0,31.09
781820,36.66,35.0,34.9,35.3,1,0,11.62,14.54,46033,0,1,0,31.09
782326,36.69,35.0,34.9,35.3,1,0,11.53,14.56,46533,0,1,0,31.1
782832,36.65,35.0,34.9,35.3,1,0,11.51,14.56,47033,0,1,0,31.1
783339,36.65,35.0,34.9,35.3,1,0,11.51,14.55,47533,0,1,0,31.1
783846,36.74,35.0,34.9,35.3,1,0,11.42,14.55,48033,0,1,0,31.09
784352,36.74,35.0,34.9,35.3,1,0,11.42,14.57,48533,0,1,0,31.09
784858,36.74,35.0,34.9,35.3,1,0,11.42,14.57,49033,0,1,0,31.09
785364,36.74,35.0,34.9,35.3,1,0,11.27,14.58,49533,0,1,0,31.1
785870,36.72,35.0,34.9,35.3,1,0,11.27,14.58,50033,0,1,0,31.09
786376,36.73,35.0,34.9,35.3,1,0,11.07,14.56,50533,0,1,0,31.1
786882,36.73,35.0,34.9,35.3,1,0,11.07,14.58,51033,0,1,0,31.1
787388,36.71,35.0,34.9,35.3,1,0,10.6,14.58,51533,0,1,0,31.07
787894,36.71,35.0,34.9,35.3,1,0,10.6,14.55,52033,0,1,0,31.07
788400,36.71,35.0,34.9,35.3,1,0,10.6,14.55,52533,0,1,0,31.07
788906,36.71,35.0,34.9,35.3,1,0,10.6,14.55,53033,0,1,0,31.07
789412,36.71,35.0,34.9,35.3,1,0,10.6,14.55,53533,0,1,0,31.07
789918,36.71,35.0,34.9,35.3,1,0,11.53,14.56,54033,0,1,0,31.09
790424,36.75,35.0,34.9,35.3,1,0,11.42,14.59,54533,0,1,0,31.1
790930,36.75,35.0,34.9,35.3,1,0,11.42,14.59,55033,0,1,0,31.1
791436,36.74,35.0,34.9,35.3,1,0,11.11,14.59,55533,0,1,0,31.12
791942,36.78,35.0,34.9,35.3,1,0,10.58,14.6,56033,0,1,0,31.12
792448,36.78,35.0,34.9,35.3,1,0,10.58,14.62,56533,0,1,0,31.12
792954,36.78,35.0,34.9,35.3,1,0,10.58,14.62,57033,0,1,0,31.12
793460,36.77,35.0,34.9,35.3,1,0,11.07,14.62,57533,0,1,0,31.13
793966,36.75,35.0,34.9,35.3,1,0,10.96,14.62,58033,0,1,0,31.1
794481,36.79,35.0,34.9,35.3,1,0,11.02,14.59,58533,0,1,0,31.13
794988,36.79,35.0,34.9,35.3,1,0,11.02,14.63,59033,0,1,0,31.13
795494,36.79,35.0,34.9,35.3,1,0,11.02,14.63,59533,0,1,0,31.13
796000,36.79,35.0,34.9,35.3,1,0,11.02,14.63,60033,0,1,0,31.13
796506,36.79,35.0,34.9,35.3,1,0,11.02,14.63,60533,0,1,0,31.13
797012,36.76,35.0,34.9,35.3,1,0,11.27,14.63,61033,0,1,0,31.13
797518,36.76,35.0,34.9,35.3,1,0,10.53,14.62,61533,0,1,0,31.13
798024,36.76,35.0,34.9,35.3,1,0,10.53,14.62,62033,0,1,0,31.13
798530,36.76,35.0,34.9,35.3,1,0,10.53,14.62,62533,0,1,0,31.13
799036,36.76,35.0,34.9,35.3,1,0,10.96,14.62,63033,0,1,0,31.12
799542,36.76,35.0,34.9,35.3,1,0,10.96,14.6,63533,0,1,0,31.12
800048,36.76,35.0,34.9,35.3,1,0,10.6,14.6,64033,0,1,0,31.14
800554,36.77,35.0,34.9,35.3,1,0,11.07,14.63,64533,0,1,0,31.13
801075,36.75,35.0,34.9,35.3,1,0,10.89,14.59,65540,0,1,0,31.1
801582,36.75,35.0,34.9,35.3,1,0,10.89,14.59,66040,0,1,0,31.1
802088,36.77,35.0,34.9,35.3,1,0,11.07,14.62,66540,0,1,0,31.13
802594,36.81,35.0,34.9,35.3,1,0,10.91,14.63,67040,0,1,0,31.12
803100,36.81,35.0,34.9,35.3,1,0,10.91,14.63,67540,0,1,0,31.12
803606,36.77,35.0,34.9,35.3,1,0,10.76,14.61,68040,0,1,0,31.12
804112,36.77,35.0,34.9,35.3,1,0,10.76,14.61,68540,0,1,0,31.12
804618,36.77,35.0,34.9,35.3,1,0,10.73,14.59,69040,0,1,0,31.1
805134,36.8,35.0,34.9,35.3,1,0,10.35,14.59,69540,0,1,0,31.14
805641,36.8,35.0,34.9,35.3,1,0,10.35,14.65,70040,0,1,0,31.14
806147,36.8,35.0,34.9,35.3,1,0,10.35,14.65,70540,0,1,0,31.14
806653,36.8,35.0,34.9,35.3,1,0,10.35,14.65,71040,0,1,0,31.14
807159,36.73,35.0,34.9,35.3,1,0,10.49,14.59,71540,0,1,0,31.12
807665,36.73,35.0,34.9,35.3,1,0,10.49,14.59,72040,0,1,0,31.12
808171,36.76,35.0,34.9,35.3,1,0,10.55,14.62,72540,0,1,0,31.13
808678,36.74,35.0,34.9,35.3,1,0,10.51,14.62,73040,0,1,0,31.13
809185,36.74,35.0,34.9,35.3,1,0,10.51,14.61,73541,0,1,0,31.13
809691,36.74,35.0,34.9,35.3,1,0,10.51,14.61,74041,0,1,0,31.13
810197,36.71,35.0,34.9,35.3,1,0,9.93,14.61,74541,0,1,0,31.14
810703,36.73,35.0,34.9,35.3,1,1,10.42,14.61,75041,0,1,1,31.16
811209,36.73,35.0,34.9,35.3,1,1,10.42,14.63,75541,0,1,1,31.16
811715,36.73,35.0,34.9,35.3,1,1,10.42,14.63,76041,0,1,1,31.16
812222,36.76,35.0,34.9,35.3,1,1,10.69,14.63,76541,0,1,1,31.13
812729,36.76,35.0,34.9,35.3,1,1,10.69,14.62,77041,0,1,1,31.13
813235,36.76,35.0,34.9,35.3,1,1,10.71,14.62,77541,0,1,1,31.16
813741,36.76,35.0,34.9,35.3,1,1,10.71,14.64,78041,0,1,1,31.16
814247,36.77,35.0,34.9,35.3,1,1,11.42,14.62,78541,0,1,1,31.13
814753,36.77,35.0,34.9,35.3,1,1,11.42,14.62,79041,0,1,1,31.13
815259,36.64,35.0,34.9,35.3,1,1,11.89,14.54,79541,0,1,1,31.1
815765,36.34,35.0,34.9,35.3,1,1,11.89,14.42,80041,0,1,1,31.1
816271,36.08,35.0,34.9,35.3,1,1,12.02,14.42,80541,0,1,1,31.09
816777,36.08,35.0,34.9,35.3,1,1,12.02,14.29,81041,0,1,1,31.09
817283,36.08,35.0,34.9,35.3,1,1,12.02,14.29,81541,0,1,1,31.09
817789,36.08,35.0,34.9,35.3,1,1,12.02,14.29,82041,0,1,1,31.09
818295,35.63,35.0,34.9,35.3,1,0,12.22,14.1,82541,0,1,1,31.09
818801,35.39,35.0,34.9,35.3,1,0,12.5,14.1,83041,0,1,1,31.04
819307,35.32,35.0,34.9,35.3,1,0,12.17,13.96,83541,0,0,1,31.06
819815,35.32,35.0,34.9,35.3,1,0,12.17,13.94,84041,0,1,1,31.06
820322,35.12,35.0,34.9,35.3,1,0,12.15,13.94,84541,0,1,1,31.04
820828,35.12,35.0,34.9,35.3,0,0,12.15,13.83,0,0,1,0,31.04
821334,35.04,35.0,34.9,35.3,0,0,11.84,13.78,500,0,1,0,31.01
821840,35.02,35.0,34.9,35.3,0,0,11.91,13.78,1000,0,1,0,31.01
822346,35.02,35.0,34.9,35.3,0,0,11.91,13.77,1500,0,1,0,31.01
822852,34.95,35.0,34.9,35.3,0,0,11.82,13.77,2000,0,1,0,31.01
823358,34.95,35.0,34.9,35.3,0,0,11.82,13.74,2500,0,1,0,31.01
823865,34.92,35.0,34.9,35.3,0,0,11.6,13.74,3000,0,1,0,31.01
824372,34.92,35.0,34.9,35.3,0,0,11.6,13.73,3500,0,1,0,31.01
824878,34.89,35.0,34.9,35.3,0,0,11.56,13.7,4000,0,1,0,31.0
825384,34.91,35.0,34.9,35.3,0,0,10.84,13.7,4500,0,1,0,31.04
825890,34.91,35.0,34.9,35.3,0,0,10.84,13.74,5000,0,1,0,31.04
826396,34.94,35.0,34.9,35.3,0,0,11.22,13.72,5500,0,1,0,31.0
826902,34.94,35.0,34.9,35.3,0,0,11.22,13.72,6000,0,1,0,31.0
827408,34.94,35.0,34.9,35.3,0,0,11.22,13.72,6500,0,1,0,31.0
827915,34.98,35.0,34.9,35.3,0,0,11.53,13.72,7000,0,1,0,31.0
828421,34.98,35.0,34.9,35.3,0,0,11.53,13.74,7500,0,1,0,31.0
828927,34.95,35.0,34.9,35.3,0,0,11.38,13.73,8000,0,1,0,31.0
829433,34.98,35.0,34.9,35.3,0,0,11.13,13.73,8500,0,1,0,31.0
829939,34.98,35.0,34.9,35.3,0,0,11.13,13.74,9000,0,1,0,31.0
830445,35.0,35.0,34.9,35.3,0,0,11.56,13.74,9500,0,1,0,31.01
830951,35.0,35.0,34.9,35.3,0,0,11.56,13.76,10000,0,1,0,31.01
831457,35.0,35.0,34.9,35.3,0,0,11.56,13.76,10500,0,1,0,31.01
831963,35.01,35.0,34.9,35.3,0,0,11.86,13.76,11000,0,1,0,30.98
832469,35.01,35.0,34.9,35.3,0,0,11.86,13.74,11500,0,1,0,30.98
832975,35.01,35.0,34.9,35.3,0,0,11.86,13.74,12000,0,1,0,30.98
833481,35.11,35.0,34.9,35.3,0,0,12.57,13.8,12500,0,0,0,31.0
833987,35.13,35.0,34.9,35.3,0,0,11.91,13.8,13000,0,0,0,31.01
834506,35.16,35.0,34.9,35.3,0,0,12.61,13.81,13500,0,1,0,31.0
835013,35.16,35.0,34.9,35.3,0,0,12.61,13.82,14000,0,0,0,31.0
835519,35.17,35.0,34.9,35.3,0,0,12.68,13.82,14500,0,0,0,31.01
836025,35.17,35.0,34.9,35.3,1,0,12.39,13.83,0,0,0,0,31.01
836531,35.17,35.0,34.9,35.3,1,0,12.39,13.83,500,0,0,0,31.01
837037,35.22,35.0,34.9,35.3,1,0,12.96,13.83,1000,0,0,0,31.01
837543,35.22,35.0,34.9,35.3,1,0,12.96,13.85,1500,0,0,0,31.01
838061,35.29,35.0,34.9,35.3,1,0,12.79,13.85,2000,0,0,0,31.04
838568,35.29,35.0,34.9,35.3,1,0,12.79,13.91,2500,0,0,0,31.04
839074,35.37,35.0,34.9,35.3,1,0,12.88,13.91,3000,0,0,0,31.01
839580,35.37,35.0,34.9,35.3,1,0,12.88,13.92,4004,0,0,0,31.01
840086,35.47,35.0,34.9,35.3,1,0,12.9,14.0,4504,0,0,0,31.06
840592,35.44,35.0,34.9,35.3,1,0,13.47,13.99,5004,0,0,0,31.06
841098,35.52,35.0,34.9,35.3,1,0,13.25,14.01,5504,0,0,0,31.04
841604,35.52,35.0,34.9,35.3,1,0,13.25,14.01,6004,0,0,0,31.04
842110,35.52,35.0,34.9,35.3,1,0,13.25,14.01,6504,0,0,0,31.04
842616,35.57,35.0,34.9,35.3,1,0,13.21,14.03,7004,0,0,0,31.04
843122,35.57,35.0,34.9,35.3,1,0,13.21,14.03,7504,0,0,0,31.04
843628,35.62,35.0,34.9,35.3,1,0,12.83,14.07,8004,0,0,0,31.06
844134,35.62,35.0,34.9,35.3,1,0,12.83,14.07,8504,0,0,0,31.06
844640,35.62,35.0,34.9,35.3,1,0,12.83,14.07,9004,0,0,0,31.06
845146,35.61,35.0,34.9,35.3,1,0,13.58,14.05,9504,0,0,0,31.04
845652,35.68,35.0,34.9,35.3,1,0,12.72,14.08,10004,0,0,0,31.04
846158,35.68,35.0,34.9,35.3,1,0,12.72,14.08,10504,0,0,0,31.04
846664,35.73,35.0,34.9,35.3,1,0,12.72,14.12,11004,0,0,0,31.06
847170,35.73,35.0,34.9,35.3,1,0,13.03,14.1,11504,0,0,0,31.04
847676,35.73,35.0,34.9,35.3,1,0,13.03,14.1,12004,0,0,0,31.04
848182,35.79,35.0,34.9,35.3,1,0,13.07,14.14,12504,0,0,0,31.06
848688,35.79,35.0,34.9,35.3,1,0,12.83,14.15,13004,0,0,0,31.07
849194,35.79,35.0,34.9,35.3,1,0,12.83,14.15,13504,0,0,0,31.07
849700,35.81,35.0,34.9,35.3,1,0,12.72,14.19,14004,0,0,0,31.1
850206,35.81,35.0,34.9,35.3,1,0,12.72,14.19,14504,0,0,0,31.1
850712,35.81,35.0,34.9,35.3,1,0,12.72,14.19,15007,0,0,0,31.1
851218,35.88,35.0,34.9,35.3,1,0,12.88,14.19,15507,0,0,0,31.07
851724,35.88,35.0,34.9,35.3,1,0,12.88,14.19,16007,0,0,0,31.07
852230,35.91,35.0,34.9,35.3,1,0,12.88,14.21,16507,0,0,0,31.07
852736,35.91,35.0,34.9,35.3,1,0,12.88,14.21,17007,0,0,0,31.07
853242,35.91,35.0,34.9,35.3,1,0,12.88,14.21,17507,0,0,0,31.07
853748,36.0,35.0,34.9,35.3,1,0,12.24,14.25,18007,0,1,0,31.09
854254,36.0,35.0,34.9,35.3,1,0,12.24,14.25,18507,0,1,0,31.09
854760,36.06,35.0,34.9,35.3,1,0,12.53,14.27,19007,0,1,0,31.07
855266,36.06,35.0,34.9,35.3,1,0,12.53,14.27,19507,0,1,0,31.07
855772,36.06,35.0,34.9,35.3,1,0,12.66,14.27,20007,0,1,0,31.07
856278,36.06,35.0,34.9,35.3,1,0,12.66,14.27,20509,0,1,0,31.07
856785,36.06,35.0,34.9,35.3,1,0,12.66,14.27,21009,0,1,0,31.07
857291,36.11,35.0,34.9,35.3,1,0,12.66,14.32,21509,0,1,0,31.1
857797,36.11,35.0,34.9,35.3,1,0,12.66,14.32,22009,0,1,0,31.1
858303,36.11,35.0,34.9,35.3,1,0,12.66,14.32,22509,0,1,0,31.1
858809,36.18,35.0,34.9,35.3,1,0,12.48,14.32,23009,0,1,0,31.1
859315,36.14,35.0,34.9,35.3,1,0,12.24,14.35,23509,0,1,0,31.09
859821,36.14,35.0,34.9,35.3,1,0,12.24,14.32,24009,0,1,0,31.09
860327,36.18,35.0,34.9,35.3,1,0,12.33,14.32,24509,0,1,0,31.09
860833,36.18,35.0,34.9,35.3,1,0,12.33,14.34,25009,0,1,0,31.09
861339,36.2,35.0,34.9,35.3,1,0,12.37,14.35,25509,0,1,0,31.1
861845,36.24,35.0,34.9,35.3,1,0,12.28,14.37,26024,0,1,0,31.1
862351,36.24,35.0,34.9,35.3,1,0,12.28,14.37,26524,0,1,0,31.1
862857,36.24,35.0,34.9,35.3,1,0,12.28,14.37,27024,0,1,0,31.1
863363,36.29,35.0,34.9,35.3,1,0,12.42,14.37,27524,0,1,0,31.09
863870,36.29,35.0,34.9,35.3,1,0,12.42,14.38,28024,0,1,0,31.09
864376,36.33,35.0,34.9,35.3,1,0,11.86,14.41,28524,0,1,0,31.1
864882,36.32,35.0,34.9,35.3,1,0,12.35,14.41,29024,0,1,0,31.12
865388,36.34,35.0,34.9,35.3,1,0,11.8,14.42,29524,0,1,0,31.09
865894,36.34,35.0,34.9,35.3,1,0,11.8,14.4,30024,0,1,0,31.09
866400,36.39,35.0,34.9,35.3,1,0,11.91,14.42,30524,0,1,0,31.09
866906,36.38,35.0,34.9,35.3,1,0,12.48,14.42,31024,0,1,0,31.12
867412,36.38,35.0,34.9,35.3,1,0,12.48,14.44,31524,0,1,0,31.12
867918,36.4,35.0,34.9,35.3,1,0,12.09,14.44,32024,0,1,0,31.1
868424,36.4,35.0,34.9,35.3,1,0,12.09,14.44,32524,0,1,0,31.1
868930,36.38,35.0,34.9,35.3,1,0,12.02,14.43,33024,0,1,0,31.1
869436,36.38,35.0,34.9,35.3,1,0,12.02,14.43,33524,0,1,0,31.1
869942,36.45,35.0,34.9,35.3,1,0,12.09,14.47,34024,0,1,0,31.12
870448,36.41,35.0,34.9,35.3,1,0,11.49,14.47,34524,0,1,0,31.13
870954,36.48,35.0,34.9,35.3,1,0,11.97,14.47,35024,0,1,0,31.1
871460,36.48,35.0,34.9,35.3,1,0,11.97,14.47,35524,0,1,0,31.1
871966,36.54,35.0,34.9,35.3,1,0,11.8,14.51,36024,0,1,0,31.12
872472,36.49,35.0,34.9,35.3,1,0,11.91,14.51,36524,0,1,0,31.14
872978,36.49,35.0,34.9,35.3,1,0,11.91,14.52,37024,0,1,0,31.14
873484,36.48,35.0,34.9,35.3,1,0,12.17,14.52,37524,0,1,0,31.14
873990,36.48,35.0,34.9,35.3,1,0,12.17,14.51,38024,0,1,0,31.14
874496,36.51,35.0,34.9,35.3,1,0,11.6,14.51,38524,0,1,0,31.12
875002,36.51,35.0,34.9,35.3,1,0,11.6,14.5,39024,0,1,0,31.12
875508,36.51,35.0,34.9,35.3,1,0,11.6,14.5,39524,0,1,0,31.12
876014,36.52,35.0,34.9,35.3,1,0,11.09,14.5,40024,0,1,0,31.13
876521,36.52,35.0,34.9,35.3,1,0,11.31,14.52,40524,0,1,0,31.13
877028,36.52,35.0,34.9,35.3,1,0,11.31,14.52,41024,0,1,0,31.13
877534,36.57,35.0,34.9,35.3,1,0,11.38,14.52,41524,0,1,0,31.13
878040,36.57,35.0,34.9,35.3,1,0,11.38,14.54,42024,0,1,0,31.13
878546,36.57,35.0,34.9,35.3,1,0,11.38,14.54,42524,0,1,0,31.13
879052,36.57,35.0,34.9,35.3,1,0,11.38,14.54,43024,0,1,0,31.13
879558,36.58,35.0,34.9,35.3,1,0,11.62,14.54,43524,0,1,0,31.12
880064,36.58,35.0,34.9,35.3,1,0,11.62,14.53,44024,0,1,0,31.12
880570,36.64,35.0,34.9,35.3,1,0,11.62,14.53,44524,0,1,0,31.14
881076,36.64,35.0,34.9,35.3,1,0,11.62,14.58,45024,0,1,0,31.14
881582,36.61,35.0,34.9,35.3,1,0,11.4,14.58,45524,0,1,0,31.13
882088,36.61,35.0,34.9,35.3,1,0,10.93,14.55,46024,0,1,0,31.14
882594,36.61,35.0,34.9,35.3,1,0,10.93,14.57,46524,0,1,0,31.14
883100,36.63,35.0,34.9,35.3,1,0,11.69,14.57,47524,0,1,0,31.14
883606,36.64,35.0,34.9,35.3,1,0,11.07,14.58,48024,0,1,0,31.14
884112,36.64,35.0,34.9,35.3,1,0,11.07,14.58,48527,0,1,0,31.14
884618,36.64,35.0,34.9,35.3,1,0,11.33,14.58,49028,0,1,0,31.14
885124,36.64,35.0,34.9,35.3,1,0,11.33,14.58,49528,0,1,0,31.14
885630,36.65,35.0,34.9,35.3,1,0,11.4,14.58,50028,0,1,0,31.14
886136,36.65,35.0,34.9,35.3,1,0,11.4,14.58,50528,0,1,0,31.14
886642,36.65,35.0,34.9,35.3,1,0,10.89,14.57,51028,0,1,0,31.13
887148,36.67,35.0,34.9,35.3,1,0,11.6,14.59,51528,0,1,0,31.14
887654,36.67,35.0,34.9,35.3,1,0,11.6,14.59,52028,0,1,0,31.14
888160,36.67,35.0,34.9,35.3,1,0,11.6,14.59,52528,0,1,0,31.14
888666,36.72,35.0,34.9,35.3,1,0,11.33,14.62,53028,0,1,0,31.16
889172,36.72,35.0,34.9,35.3,1,0,11.33,14.62,53528,0,1,0,31.16
889678,36.72,35.0,34.9,35.3,1,0,11.33,14.62,54028,0,1,0,31.16
890184,36.7,35.0,34.9,35.3,1,0,10.76,14.6,54528,0,1,0,31.14
890690,36.7,35.0,34.9,35.3,1,0,10.76,14.6,55028,0,1,0,31.14
891196,36.65,35.0,34.9,35.3,1,0,11.2,14.57,55528,0,1,0,31.13
891702,36.65,35.0,34.9,35.3,1,0,11.2,14.57,56028,0,1,0,31.13
892208,36.69,35.0,34.9,35.3,1,0,11.02,14.61,56528,0,1,0,31.16
892714,36.65,35.0,34.9,35.3,1,0,11.2,14.58,57028,0,1,0,31.14
893220,36.65,35.0,34.9,35.3,1,0,11.2,14.58,57528,0,1,0,31.14
893726,36.67,35.0,34.9,35.3,1,0,11.11,14.59,58028,0,1,0,31.14
894232,36.73,35.0,34.9,35.3,1,0,11.31,14.59,58528,0,1,0,31.14
894738,36.73,35.0,34.9,35.3,1,0,11.31,14.62,59028,0,1,0,31.14
895244,36.72,35.0,34.9,35.3,1,0,10.93,14.64,59528,0,1,0,31.17
895750,36.72,35.0,34.9,35.3,1,0,10.93,14.64,60028,0,1,0,31.17
896256,36.72,35.0,34.9,35.3,1,0,10.93,14.64,60529,0,1,0,31.17
896762,36.7,35.0,34.9,35.3,1,0,10.42,14.62,61030,0,1,0,31.16
897268,36.69,35.0,34.9,35.3,1,0,10.78,14.62,61530,0,1,0,31.16
897774,36.69,35.0,34.9,35.3,1,0,10.78,14.61,62030,0,1,0,31.16
898280,36.69,35.0,34.9,35.3,1,0,11.2,14.61,62530,0,1,0,31.16
898786,36.69,35.0,34.9,35.3,1,0,11.2,14.61,63030,0,1,0,31.16
899292,36.69,35.0,34.9,35.3,1,0,11.2,14.61,63530,0,1,0,31.16
899798,36.69,35.0,34.9,35.3,1,0,11.2,14.61,64030,0,1,0,31.16
900304,36.69,35.0,34.9,35.3,1,0,11.2,14.61,64530,0,1,0,31.16
900810,36.64,35.0,34.9,35.3,1,0,10.89,14.59,65030,0,1,0,31.16
901316,36.66,35.0,34.9,35.3,1,0,10.87,14.61,65530,0,1,0,31.17
901822,36.72,35.0,34.9,35.3,1,0,10.73,14.61,66030,0,1,0,31.17
902328,36.72,35.0,34.9,35.3,1,0,10.73,14.64,66530,0,1,0,31.17
902834,36.67,35.0,34.9,35.3,1,0,10.8,14.6,67030,0,1,0,31.16
903340,36.67,35.0,34.9,35.3,1,0,10.8,14.6,67530,0,1,0,31.16
903846,36.7,35.0,34.9,35.3,1,0,10.06,14.63,68031,0,1,0,31.17
904352,36.62,35.0,34.9,35.3,1,0,10.31,14.63,68531,0,1,0,31.17
904858,36.62,35.0,34.9,35.3,1,0,10.31,14.59,69031,0,1,0,31.17
905364,36.62,35.0,34.9,35.3,1,0,10.31,14.59,69531,0,1,0,31.17
905871,36.62,35.0,34.9,35.3,1,0,10.31,14.59,70031,0,1,0,31.17
906377,36.63,35.0,34.9,35.3,1,0,10.76,14.61,70531,0,1,0,31.18
906883,36.63,35.0,34.9,35.3,1,0,10.76,14.61,71031,0,1,0,31.18
907389,36.65,35.0,34.9,35.3,1,0,10.53,14.61,71531,0,1,0,31.18
907895,36.65,35.0,34.9,35.3,1,0,10.53,14.62,72031,0,1,0,31.18
908408,36.63,35.0,34.9,35.3,1,0,10.55,14.62,72531,0,1,0,31.17
908915,36.63,35.0,34.9,35.3,1,0,10.55,14.6,73031,0,1,0,31.17
909421,36.59,35.0,34.9,35.3,1,0,10.98,14.61,73533,0,1,0,31.2
909927,36.59,35.0,34.9,35.3,1,0,10.98,14.61,74033,0,1,0,31.2
910433,36.59,35.0,34.9,35.3,1,0,10.98,14.61,74533,0,1,0,31.2
910939,36.65,35.0,34.9,35.3,1,0,10.51,14.61,75033,0,1,1,31.2
911445,36.65,35.0,34.9,35.3,1,1,10.51,14.63,75533,0,1,1,31.18
911965,36.66,35.0,34.9,35.3,1,1,10.71,14.62,76033,0,1,1,31.17
912472,36.66,35.0,34.9,35.3,1,1,10.71,14.61,76533,0,1,1,31.17
912978,36.66,35.0,34.9,35.3,1,1,10.71,14.61,77033,0,1,1,31.17
913484,36.63,35.0,34.9,35.3,1,1,11.11,14.61,77533,0,1,1,31.2
913990,36.7,35.0,34.9,35.3,1,1,10.84,14.62,78033,0,1,1,31.18
914496,36.7,35.0,34.9,35.3,1,1,10.84,14.64,78533,0,1,1,31.18
915002,36.67,35.0,34.9,35.3,1,1,11.51,14.62,79033,0,1,1,31.17
915508,36.48,35.0,34.9,35.3,1,1,11.22,14.62,79533,0,1,1,31.16
916014,36.25,35.0,34.9,35.3,1,1,11.86,14.52,80033,0,1,1,31.17
916520,36.25,35.0,34.9,35.3,1,1,11.86,14.44,80533,0,1,1,31.17
917026,35.81,35.0,34.9,35.3,1,1,11.86,14.44,81033,0,1,1,31.16
917532,35.81,35.0,34.9,35.3,1,1,11.86,14.24,81533,0,1,1,31.16
918038,35.56,35.0,34.9,35.3,1,1,12.46,14.24,82033,0,1,1,31.14
918544,35.56,35.0,34.9,35.3,1,0,12.46,14.12,82533,0,1,1,31.14
919050,35.35,35.0,34.9,35.3,1,0,12.46,14.12,83033,0,1,1,31.1
919556,35.35,35.0,34.9,35.3,1,0,12.46,13.99,83533,0,1,1,31.1
920062,35.18,35.0,34.9,35.3,1,0,12.26,13.99,84033,0,1,1,31.1
920568,35.09,35.0,34.9,35.3,0,0,11.95,13.91,0,0,1,0,31.07
921074,35.09,35.0,34.9,35.3,0,0,11.95,13.85,500,0,1,0,31.07
921580,34.99,35.0,34.9,35.3,0,0,11.47,13.85,1000,0,1,0,31.09
922086,34.94,35.0,34.9,35.3,0,0,11.84,13.82,1500,0,1,0,31.07
922592,34.94,35.0,34.9,35.3,0,0,11.84,13.79,2000,0,1,0,31.07
923098,34.95,35.0,34.9,35.3,0,0,11.67,13.79,2500,0,1,0,31.1
923604,34.93,35.0,34.9,35.3,0,0,11.58,13.81,3000,0,1,0,31.09
924110,34.93,35.0,34.9,35.3,0,0,11.58,13.79,4001,0,1,0,31.09
924616,34.9,35.0,34.9,35.3,0,0,11.44,13.77,4501,0,1,0,31.07
925122,34.9,35.0,34.9,35.3,0,0,11.44,13.77,5004,0,1,0,31.07
925628,34.9,35.0,34.9,35.3,0,0,11.44,13.77,5504,0,1,0,31.07
926134,34.83,35.0,34.9,35.3,0,0,11.36,13.73,6004,0,1,0,31.07
926640,34.83,35.0,34.9,35.3,0,0,11.36,13.73,6504,0,1,0,31.07
927146,34.83,35.0,34.9,35.3,0,0,11.36,13.73,7004,0,1,0,31.07
927657,34.84,35.0,34.9,35.3,0,0,11.58,13.73,7504,0,1,0,31.06
928164,34.84,35.0,34.9,35.3,0,0,11.58,13.73,8004,0,1,0,31.06
928670,34.9,35.0,34.9,35.3,0,0,11.6,13.73,8504,0,1,0,31.07
929176,34.9,35.0,34.9,35.3,0,0,11.6,13.77,9004,0,1,0,31.07
929682,34.88,35.0,34.9,35.3,0,0,11.67,13.76,9504,0,1,0,31.07
930188,34.93,35.0,34.9,35.3,0,0,11.42,13.76,10004,0,1,0,31.06
930694,34.93,35.0,34.9,35.3,0,0,11.42,13.77,10504,0,1,0,31.06
931200,34.93,35.0,34.9,35.3,0,0,11.42,13.77,11004,0,1,0,31.06
931706,34.93,35.0,34.9,35.3,0,0,11.42,13.77,11504,0,1,0,31.06
932212,34.93,35.0,34.9,35.3,0,0,11.42,13.77,12004,0,1,0,31.06
932718,35.01,35.0,34.9,35.3,0,0,12.04,13.82,12504,0,1,0,31.07
933224,35.01,35.0,34.9,35.3,0,0,12.04,13.82,13004,0,1,0,31.07
933730,35.01,35.0,34.9,35.3,0,0,12.04,13.82,13504,0,1,0,31.07
934237,35.13,35.0,34.9,35.3,0,0,12.15,13.82,14004,0,1,0,31.09
934743,35.13,35.0,34.9,35.3,0,0,12.15,13.88,14504,0,1,0,31.09
935249,35.16,35.0,34.9,35.3,1,0,12.44,13.89,0,0,0,0,31.09
935755,35.14,35.0,34.9,35.3,1,0,12.2,13.86,500,0,1,0,31.06
936261,35.22,35.0,34.9,35.3,1,0,12.68,13.86,1000,0,1,0,31.09
936767,35.22,35.0,34.9,35.3,1,0,12.68,13.92,1500,0,0,0,31.09
937273,35.24,35.0,34.9,35.3,1,0,12.57,13.94,2000,0,0,0,31.1
937779,35.31,35.0,34.9,35.3,1,0,12.31,13.96,2500,0,1,0,31.09
938285,35.31,35.0,34.9,35.3,1,0,12.31,13.96,3000,0,1,0,31.09
938791,35.3,35.0,34.9,35.3,1,0,12.61,13.96,3500,0,0,0,31.1
939297,35.38,35.0,34.9,35.3,1,0,13.1,13.96,4000,0,0,0,31.09
939803,35.38,35.0,34.9,35.3,1,0,13.1,13.99,4500,0,0,0,31.09
940309,35.43,35.0,34.9,35.3,1,0,13.36,14.01,5000,0,0,0,31.09
940815,35.47,35.0,34.9,35.3,1,0,12.94,14.01,5500,0,0,0,31.09
941321,35.47,35.0,34.9,35.3,1,0,12.94,14.03,6000,0,0,0,31.09
941827,35.46,35.0,34.9,35.3,1,0,12.99,14.03,6500,0,0,0,31.1
942333,35.46,35.0,34.9,35.3,1,0,12.99,14.03,7000,0,0,0,31.1
942839,35.46,35.0,34.9,35.3,1,0,12.99,14.03,7500,0,0,0,31.1
943345,35.54,35.0,34.9,35.3,1,0,13.05,14.05,8000,0,0,0,31.07
943851,35.54,35.0,34.9,35.3,1,0,13.05,14.05,8500,0,0,0,31.07
944357,35.54,35.0,34.9,35.3,1,0,13.05,14.05,9000,0,0,0,31.07
944863,35.63,35.0,34.9,35.3,1,0,12.94,14.11,9500,0,0,0,31.1
945369,35.66,35.0,34.9,35.3,1,0,13.05,14.11,10000,0,0,0,31.12
945875,35.66,35.0,34.9,35.3,1,0,13.05,14.14,10500,0,0,0,31.12
946381,35.65,35.0,34.9,35.3,1,0,12.99,14.14,11000,0,0,0,31.12
946887,35.65,35.0,34.9,35.3,1,0,12.99,14.13,11500,0,0,0,31.12
947393,35.65,35.0,34.9,35.3,1,0,12.99,14.13,12000,0,0,0,31.12
947899,35.66,35.0,34.9,35.3,1,0,12.99,14.13,12500,0,0,0,31.12
948405,35.66,35.0,34.9,35.3,1,0,12.99,14.14,13000,0,0,0,31.12
948911,35.73,35.0,34.9,35.3,1,0,13.21,14.14,13500,0,0,0,31.1
949417,35.73,35.0,34.9,35.3,1,0,13.21,14.15,14002,0,0,0,31.1
949923,35.77,35.0,34.9,35.3,1,0,12.75,14.19,14502,0,0,0,31.13
950429,35.77,35.0,34.9,35.3,1,0,12.75,14.19,15002,0,0,0,31.13
950935,35.79,35.0,34.9,35.3,1,0,13.29,14.19,15502,0,0,0,31.13
951441,35.87,35.0,34.9,35.3,1,0,12.72,14.21,16002,0,0,0,31.12
951947,35.87,35.0,34.9,35.3,1,0,12.72,14.22,16502,0,1,0,31.12
952453,35.84,35.0,34.9,35.3,1,0,13.49,14.22,17002,0,1,0,31.13
952959,35.9,35.0,34.9,35.3,1,0,12.15,14.22,17502,0,0,0,31.13
953468,35.88,35.0,34.9,35.3,1,0,12.77,14.25,18002,0,1,0,31.12
953975,35.88,35.0,34.9,35.3,1,0,12.77,14.23,18502,0,0,0,31.12
954481,35.88,35.0,34.9,35.3,1,0,12.77,14.23,19002,0,0,0,31.12
954987,35.93,35.0,34.9,35.3,1,0,12.39,14.23,19502,0,0,0,31.14
955493,35.93,35.0,34.9,35.3,1,0,12.39,14.27,20002,0,1,0,31.14
955999,36.0,35.0,34.9,35.3,1,0,12.7,14.27,20502,0,1,0,31.14
956505,36.0,35.0,34.9,35.3,1,0,12.7,14.31,21002,0,1,0,31.14
957011,36.03,35.0,34.9,35.3,1,0,12.57,14.31,21502,0,1,0,31.13
957517,36.03,35.0,34.9,35.3,1,0,12.57,14.31,22005,0,1,0,31.13
958023,36.06,35.0,34.9,35.3,1,0,12.15,14.34,22506,0,1,0,31.16
958529,36.04,35.0,34.9,35.3,1,0,12.57,14.34,23006,0,1,0,31.16
959035,36.12,35.0,34.9,35.3,1,0,12.46,14.34,23506,0,1,0,31.14
959541,36.12,35.0,34.9,35.3,1,0,12.46,14.36,24006,0,1,0,31.14
960047,36.12,35.0,34.9,35.3,1,0,12.46,14.36,24506,0,1,0,31.14
960553,36.12,35.0,34.9,35.3,1,0,12.46,14.36,25006,0,1,0,31.14
961059,36.13,35.0,34.9,35.3,1,0,11.89,14.36,25506,0,1,0,31.16
961565,36.13,35.0,34.9,35.3,1,0,11.89,14.37,26006,0,1,0,31.16
962071,36.17,35.0,34.9,35.3,1,0,12.15,14.37,26506,0,1,0,31.14
962577,36.17,35.0,34.9,35.3,1,0,12.15,14.38,27006,0,1,0,31.14
963083,36.17,35.0,34.9,35.3,1,0,12.15,14.38,27506,0,1,0,31.14
963589,36.22,35.0,34.9,35.3,1,0,12.15,14.41,28006,0,1,0,31.16
964095,36.22,35.0,34.9,35.3,1,0,12.15,14.41,28506,0,1,0,31.16
964601,36.23,35.0,34.9,35.3,1,0,12.24,14.41,29006,0,1,0,31.16
965107,36.25,35.0,34.9,35.3,1,0,11.91,14.42,29506,0,1,0,31.13
965613,36.25,35.0,34.9,35.3,1,0,11.91,14.4,30006,0,1,0,31.13
966119,36.26,35.0,34.9,35.3,1,0,12.33,14.43,31006,0,1,0,31.16
966625,36.26,35.0,34.9,35.3,1,0,12.33,14.43,31506,0,1,0,31.16
967131,36.33,35.0,34.9,35.3,1,0,11.78,14.46,32006,0,1,0,31.16
967637,36.23,35.0,34.9,35.3,1,0,12.33,14.39,32506,0,1,0,31.13
968143,36.23,35.0,34.9,35.3,1,0,12.33,14.39,33006,0,1,0,31.13
968649,36.29,35.0,34.9,35.3,1,0,11.93,14.46,33506,0,1,0,31.17
969155,36.29,35.0,34.9,35.3,1,0,11.93,14.46,34006,0,1,0,31.17
969661,36.29,35.0,34.9,35.3,1,0,12.2,14.44,34506,0,1,0,31.16
970167,36.29,35.0,34.9,35.3,1,0,12.2,14.44,35006,0,1,0,31.16
970673,36.32,35.0,34.9,35.3,1,0,12.22,14.48,35506,0,1,0,31.18
971179,36.37,35.0,34.9,35.3,1,0,11.67,14.5,36006,0,1,0,31.18
971685,36.35,35.0,34.9,35.3,1,0,11.84,14.47,36506,0,1,0,31.16
972191,36.37,35.0,34.9,35.3,1,0,12.26,14.49,37006,0,1,0,31.17
972697,36.37,35.0,34.9,35.3,1,0,12.26,14.49,37506,0,1,0,31.17
973203,36.39,35.0,34.9,35.3,1,0,11.78,14.49,38006,0,1,0,31.16
973709,36.39,35.0,34.9,35.3,1,0,11.73,14.49,38506,0,1,0,31.16
974215,36.38,35.0,34.9,35.3,1,0,12.09,14.5,39006,0,1,0,31.17
974721,36.38,35.0,34.9,35.3,1,0,11.62,14.5,39506,0,1,0,31.17
975227,36.38,35.0,34.9,35.3,1,0,11.62,14.5,40006,0,1,0,31.17
975733,36.38,35.0,34.9,35.3,1,0,11.62,14.5,40506,0,1,0,31.17
976239,36.41,35.0,34.9,35.3,1,0,11.95,14.52,41006,0,1,0,31.18
976745,36.42,35.0,34.9,35.3,1,0,11.62,14.51,41506,0,1,0,31.17
977251,36.42,35.0,34.9,35.3,1,0,11.64,14.51,42006,0,1,0,31.17
977757,36.42,35.0,34.9,35.3,1,0,11.64,14.51,42506,0,1,0,31.17
978263,36.42,35.0,34.9,35.3,1,0,11.64,14.51,43006,0,1,0,31.17
978769,36.42,35.0,34.9,35.3,1,0,11.64,14.51,43506,0,1,0,31.17
979275,36.42,35.0,34.9,35.3,1,0,11.91,14.51,44006,0,1,0,31.17
979781,36.43,35.0,34.9,35.3,1,0,11.62,14.53,44506,0,1,0,31.18
980287,36.45,35.0,34.9,35.3,1,0,11.56,14.53,45006,0,1,0,31.17
980794,36.45,35.0,34.9,35.3,1,0,11.56,14.53,45506,0,1,0,31.17
981301,36.45,35.0,34.9,35.3,1,0,11.56,14.53,46006,0,1,0,31.17
981807,36.45,35.0,34.9,35.3,1,0,11.31,14.53,46506,0,1,0,31.17
982313,36.45,35.0,34.9,35.3,1,0,11.31,14.53,47006,0,1,0,31.17
982819,36.45,35.0,34.9,35.3,1,0,11.31,14.53,47506,0,1,0,31.17
983325,36.48,35.0,34.9,35.3,1,0,11.31,14.54,48006,0,1,0,31.17
983831,36.48,35.0,34.9,35.3,1,0,11.31,14.54,48506,0,1,0,31.17
984337,36.48,35.0,34.9,35.3,1,0,11.31,14.54,49006,0,1,0,31.17
984843,36.42,35.0,34.9,35.3,1,0,11.33,14.54,49506,0,1,0,31.17
985349,36.42,35.0,34.9,35.3,1,0,11.33,14.51,50006,0,1,0,31.17
985855,36.44,35.0,34.9,35.3,1,0,11.24,14.53,50506,0,1,0,31.18
986361,36.44,35.0,34.9,35.3,1,0,11.24,14.53,51006,0,1,0,31.18
986867,36.44,35.0,34.9,35.3,1,0,11.24,14.53,51506,0,1,0,31.18
987373,36.44,35.0,34.9,35.3,1,0,11.24,14.53,52006,0,1,0,31.18
987879,36.44,35.0,34.9,35.3,1,0,11.24,14.53,52506,0,1,0,31.18
988385,36.49,35.0,34.9,35.3,1,0,11.27,14.56,53006,0,1,0,31.2
988891,36.49,35.0,34.9,35.3,1,0,10.96,14.56,53506,0,1,0,31.18
989397,36.49,35.0,34.9,35.3,1,0,10.96,14.55,54006,0,1,0,31.18
989903,36.49,35.0,34.9,35.3,1,0,11.07,14.55,54506,0,1,0,31.18
990422,36.53,35.0,34.9,35.3,1,0,10.82,14.55,55006,0,1,0,31.18
990929,36.53,35.0,34.9,35.3,1,0,10.82,14.57,55506,0,1,0,31.18
991435,36.53,35.0,34.9,35.3,1,0,10.82,14.57,56006,0,1,0,31.18
991941,36.49,35.0,34.9,35.3,1,0,11.49,14.56,56506,0,1,0,31.2
992447,36.51,35.0,34.9,35.3,1,0,11.2,14.56,57006,0,1,0,31.18
992953,36.53,35.0,34.9,35.3,1,0,10.69,14.56,57506,0,1,0,31.2
993459,36.53,35.0,34.9,35.3,1,0,10.69,14.58,58006,0,1,0,31.2
993965,36.53,35.0,34.9,35.3,1,0,10.69,14.58,58506,0,1,0,31.2
994472,36.49,35.0,34.9,35.3,1,0,10.6,14.58,59006,0,1,0,31.2
994978,36.5,35.0,34.9,35.3,1,0,11.0,14.56,59506,0,1,0,31.21
995484,36.5,35.0,34.9,35.3,1,0,11.0,14.58,60006,0,1,0,31.21
995990,36.54,35.0,34.9,35.3,1,0,10.84,14.59,60506,0,1,0,31.2
996496,36.5,35.0,34.9,35.3,1,0,10.76,14.59,61006,0,1,0,31.18
997002,36.5,35.0,34.9,35.3,1,0,10.76,14.56,61506,0,1,0,31.18
997508,36.52,35.0,34.9,35.3,1,0,10.93,14.59,62006,0,1,0,31.21
998014,36.5,35.0,34.9,35.3,1,0,11.49,14.59,62506,0,1,0,31.2
998520,36.49,35.0,34.9,35.3,1,0,10.8,14.57,63006,0,1,0,31.21
999026,36.45,35.0,34.9,35.3,1,0,10.8,14.58,63506,0,1,0,31.18
999532,36.45,35.0,34.9,35.3,1,0,10.8,14.54,64006,0,1,0,31.18
1000038,36.45,35.0,34.9,35.3,1,0,10.8,14.54,64506,0,1,0,31.18
1000544,36.5,35.0,34.9,35.3,1,0,10.26,14.54,65006,0,1,0,31.21
1001050,36.5,35.0,34.9,35.3,1,0,10.26,14.58,65506,0,1,0,31.21
1001556,36.51,35.0,34.9,35.3,1,0,10.87,14.58,66006,0,1,0,31.18
1002062,36.51,35.0,34.9,35.3,1,0,10.87,14.56,66506,0,1,0,31.18
1002569,36.47,35.0,34.9,35.3,1,0,10.24,14.56,67006,0,1,0,31.21
1003076,36.47,35.0,34.9,35.3,1,0,10.24,14.57,67506,0,1,0,31.21
1003582,36.43,35.0,34.9,35.3,1,0,10.6,14.57,68006,0,1,0,31.2
1004088,36.43,35.0,34.9,35.3,1,0,10.6,14.54,68506,0,1,0,31.2
1004594,36.41,35.0,34.9,35.3,1,0,10.6,14.54,69006,0,1,0,31.2
1005100,36.41,35.0,34.9,35.3,1,0,10.6,14.53,69506,0,1,0,31.2
1005606,36.44,35.0,34.9,35.3,1,0,10.2,14.53,70006,0,1,0,31.2
1006112,36.4,35.0,34.9,35.3,1,0,10.47,14.54,70506,0,1,0,31.23
1006618,36.4,35.0,34.9,35.3,1,0,10.47,14.55,71006,0,1,0,31.23
1007124,36.4,35.0,34.9,35.3,1,0,10.47,14.55,72011,0,1,0,31.23
1007630,36.46,35.0,34.9,35.3,1,0,10.6,14.58,72511,0,1,0,31.23
1008136,36.46,35.0,34.9,35.3,1,0,10.6,14.58,73011,0,1,0,31.23
1008642,36.41,35.0,34.9,35.3,1,0,10.49,14.53,73511,0,1,0,31.2
1009148,36.43,35.0,34.9,35.3,1,0,10.13,14.56,74011,0,1,0,31.23
1009654,36.43,35.0,34.9,35.3,1,0,10.13,14.56,74511,0,1,0,31.23
1010160,36.46,35.0,34.9,35.3,1,1,10.17,14.56,75011,0,1,1,31.21
1010666,36.4,35.0,34.9,35.3,1,1,10.49,14.54,75511,0,1,1,31.21
1011173,36.4,35.0,34.9,35.3,1,1,10.8,14.54,76011,0,1,1,31.21
1011680,36.4,35.0,34.9,35.3,1,1,10.8,14.54,76511,0,1,1,31.21
1012186,36.45,35.0,34.9,35.3,1,1,10.2,14.58,77011,0,1,1,31.24
1012692,36.43,35.0,34.9,35.3,1,1,10.84,14.58,77511,0,1,1,31.21
1013198,36.43,35.0,34.9,35.3,1,1,10.84,14.55,78011,0,1,1,31.21
1013704,36.4,35.0,34.9,35.3,1,1,11.2,14.51,78511,0,1,1,31.18
1014210,36.4,35.0,34.9,35.3,1,1,11.2,14.51,79011,0,1,1,31.18
1014717,36.4,35.0,34.9,35.3,1,1,11.2,14.51,79511,0,1,1,31.18
1015224,35.86,35.0,34.9,35.3,1,1,11.71,14.28,80011,0,1,1,31.18
1015730,35.86,35.0,34.9,35.3,1,1,11.71,14.28,80511,0,1,1,31.18
1016236,35.56,35.0,34.9,35.3,1,1,12.11,14.13,81011,0,1,1,31.16
1016742,35.56,35.0,34.9,35.3,1,1,12.11,14.13,81511,0,1,1,31.16
1017248,35.25,35.0,34.9,35.3,1,1,12.39,14.13,82011,0,1,1,31.13
1017754,35.25,35.0,34.9,35.3,0,0,12.39,13.97,0,0,1,0,31.13
1018260,35.08,35.0,34.9,35.3,0,0,11.91,13.91,500,0,1,0,31.14
1018766,35.02,35.0,34.9,35.3,0,0,12.55,13.86,1000,0,0,0,31.12
1019272,35.02,35.0,34.9,35.3,0,0,12.55,13.86,1500,0,0,0,31.12
1019778,35.02,35.0,34.9,35.3,0,0,12.55,13.86,2000,0,0,0,31.12
1020284,35.02,35.0,34.9,35.3,0,0,12.55,13.86,2500,0,0,0,31.12
1020790,34.78,35.0,34.9,35.3,0,0,12.22,13.73,3001,0,1,0,31.09
1021296,34.74,35.0,34.9,35.3,0,0,12.04,13.73,3501,0,1,0,31.09
1021802,34.74,35.0,34.9,35.3,0,0,12.04,13.71,4001,0,1,0,31.09
1022308,34.66,35.0,34.9,35.3,0,0,11.73,13.65,4501,0,1,0,31.06
1022814,34.66,35.0,34.9,35.3,0,0,11.73,13.65,5001,0,1,0,31.06
1023320,34.66,35.0,34.9,35.3,0,0,11.73,13.65,5501,0,1,0,31.06
1023826,34.7,35.0,34.9,35.3,0,0,11.18,13.69,6001,0,1,0,31.09
1024332,34.7,35.0,34.9,35.3,0,0,11.18,13.69,6501,0,1,0,31.09
1024838,34.68,35.0,34.9,35.3,0,0,11.22,13.68,7001,0,1,0,31.09
1025344,34.68,35.0,34.9,35.3,0,0,11.4,13.68,7501,0,1,0,31.06
1025864,34.68,35.0,34.9,35.3,0,0,11.75,13.66,8001,0,1,0,31.07
1026371,34.68,35.0,34.9,35.3,0,0,11.75,13.67,8501,0,1,0,31.07
1026877,34.7,35.0,34.9,35.3,0,0,11.73,13.68,9001,0,1,0,31.07
1027383,34.7,35.0,34.9,35.3,0,0,11.73,13.68,9501,0,1,0,31.07
1027889,34.67,35.0,34.9,35.3,0,0,11.82,13.66,10001,0,1,0,31.07
1028395,34.7,35.0,34.9,35.3,0,0,11.75,13.66,10501,0,1,0,31.07
1028901,34.7,35.0,34.9,35.3,0,0,11.75,13.68,11001,0,1,0,31.07
1029421,34.68,35.0,34.9,35.3,0,0,12.81,13.68,11501,0,1,0,31.07
1029928,34.68,35.0,34.9,35.3,0,0,12.81,13.67,12001,0,0,0,31.07
1030434,34.74,35.0,34.9,35.3,0,0,12.44,13.68,12503,0,0,0,31.06
1030940,34.75,35.0,34.9,35.3,0,0,12.13,13.68,13003,0,0,0,31.07
1031446,34.75,35.0,34.9,35.3,0,0,12.13,13.7,13503,0,1,0,31.07
1031952,34.8,35.0,34.9,35.3,0,0,12.17,13.7,14003,0,1,0,31.1
1032458,34.8,35.0,34.9,35.3,0,0,12.17,13.75,14503,0,1,0,31.1
1032964,34.83,35.0,34.9,35.3,0,0,12.61,13.75,15003,0,0,0,31.09
1033470,34.86,35.0,34.9,35.3,0,0,12.72,13.75,15503,0,0,0,31.07
1033976,34.86,35.0,34.9,35.3,0,0,12.72,13.75,16003,0,0,0,31.07
1034482,34.86,35.0,34.9,35.3,0,0,12.7,13.75,16503,0,0,0,31.1
1034988,34.86,35.0,34.9,35.3,0,0,12.7,13.77,17003,0,0,0,31.1
1035494,34.95,35.0,34.9,35.3,0,0,12.96,13.77,17503,0,0,0,31.09
1036000,34.95,35.0,34.9,35.3,1,0,12.96,13.8,0,0,0,0,31.09
1036506,34.96,35.0,34.9,35.3,1,0,12.81,13.79,500,0,0,0,31.07
1037012,35.0,35.0,34.9,35.3,1,0,12.77,13.79,1003,0,0,0,31.09
1037518,35.0,35.0,34.9,35.3,1,0,12.77,13.82,1503,0,0,0,31.09
1038024,34.99,35.0,34.9,35.3,1,0,13.23,13.82,2004,0,0,0,31.09
1038530,34.99,35.0,34.9,35.3,1,0,13.23,13.82,2504,0,0,0,31.09
1039036,34.99,35.0,34.9,35.3,1,0,13.23,13.82,3004,0,0,0,31.09
1039542,35.15,35.0,34.9,35.3,1,0,13.31,13.82,3504,0,0,0,31.1
1040048,35.15,35.0,34.9,35.3,1,0,13.31,13.9,4004,0,0,0,31.1
1040554,35.15,35.0,34.9,35.3,1,0,13.31,13.9,4504,0,0,0,31.1
1041060,35.21,35.0,34.9,35.3,1,0,13.84,13.9,5004,0,0,0,31.09
1041566,35.23,35.0,34.9,35.3,1,0,13.38,13.91,5504,0,0,0,31.12
1042072,35.23,35.0,34.9,35.3,1,0,13.38,13.95,6004,0,0,0,31.12
1042578,35.23,35.0,34.9,35.3,1,0,13.38,13.95,6504,0,0,0,31.12
1043084,35.23,35.0,34.9,35.3,1,0,13.38,13.95,7004,0,0,0,31.12
1043590,35.34,35.0,34.9,35.3,1,0,13.69,13.95,7504,0,0,0,31.12
1044096,35.33,35.0,34.9,35.3,1,0,13.51,14.0,8004,0,0,0,31.14
1044603,35.37,35.0,34.9,35.3,1,0,13.03,14.02,8504,0,0,0,31.13
1045110,35.37,35.0,34.9,35.3,1,0,13.03,14.02,9004,0,0,0,31.13
1045616,35.37,35.0,34.9,35.3,1,0,13.03,14.02,9504,0,0,0,31.13
1046122,35.46,35.0,34.9,35.3,1,0,13.42,14.02,10004,0,0,0,31.12
1046628,35.46,35.0,34.9,35.3,1,0,13.42,14.05,10504,0,0,0,31.12
1047134,35.49,35.0,34.9,35.3,1,0,13.53,14.07,11507,0,0,0,31.13
1047640,35.56,35.0,34.9,35.3,1,0,13.45,14.1,12007,0,0,0,31.13
1048146,35.56,35.0,34.9,35.3,1,0,13.45,14.1,12507,0,0,0,31.13
1048652,35.56,35.0,34.9,35.3,1,0,13.45,14.1,13007,0,0,0,31.13
1049158,35.56,35.0,34.9,35.3,1,0,13.45,14.1,13507,0,0,0,31.13
1049664,35.56,35.0,34.9,35.3,1,0,13.45,14.1,14007,0,0,0,31.13
1050170,35.6,35.0,34.9,35.3,1,0,14.06,14.11,14507,0,0,0,31.12
1050676,35.57,35.0,34.9,35.3,1,0,13.51,14.11,15007,0,0,0,31.13
1051182,35.57,35.0,34.9,35.3,1,0,13.51,14.11,15507,0,0,0,31.13
1051688,35.65,35.0,34.9,35.3,1,0,13.31,14.14,16007,0,0,0,31.13
1052194,35.71,35.0,34.9,35.3,1,0,13.07,14.19,16507,0,0,0,31.16
1052700,35.69,35.0,34.9,35.3,1,0,13.18,14.17,17007,0,0,0,31.14
1053206,35.69,35.0,34.9,35.3,1,0,13.18,14.17,17507,0,0,0,31.14
1053712,35.72,35.0,34.9,35.3,1,0,13.21,14.19,18007,0,0,0,31.14
1054218,35.72,35.0,34.9,35.3,1,0,13.21,14.19,18507,0,0,0,31.14
1054724,35.72,35.0,34.9,35.3,1,0,13.21,14.19,19007,0,0,0,31.14
1055230,35.75,35.0,34.9,35.3,1,0,13.01,14.2,19507,0,0,0,31.14
1055736,35.75,35.0,34.9,35.3,1,0,13.01,14.2,20007,0,0,0,31.14
1056242,35.81,35.0,34.9,35.3,1,0,12.88,14.25,20507,0,0,0,31.17
1056748,35.83,35.0,34.9,35.3,1,0,13.18,14.24,21007,0,0,0,31.16
1057254,35.83,35.0,34.9,35.3,1,0,13.18,14.24,21507,0,0,0,31.16
1057760,35.89,35.0,34.9,35.3,1,0,12.94,14.27,22007,0,0,0,31.16
1058266,35.89,35.0,34.9,35.3,1,0,12.94,14.27,22507,0,0,0,31.16
1058772,35.88,35.0,34.9,35.3,1,0,12.79,14.27,23007,0,0,0,31.14
1059278,35.88,35.0,34.9,35.3,1,0,12.79,14.26,23507,0,0,0,31.14
1059784,35.88,35.0,34.9,35.3,1,0,12.79,14.26,24007,0,0,0,31.14
1060290,35.88,35.0,34.9,35.3,1,0,12.79,14.26,24507,0,0,0,31.14
1060796,36.02,35.0,34.9,35.3,1,0,13.07,14.32,25007,0,0,0,31.16
1061302,36.02,35.0,34.9,35.3,1,0,13.07,14.32,25507,0,0,0,31.16
1061808,36.0,35.0,34.9,35.3,1,0,12.79,14.32,26007,0,1,0,31.16
1062314,36.0,35.0,34.9,35.3,1,0,12.79,14.32,26507,0,1,0,31.16
1062820,36.0,35.0,34.9,35.3,1,0,12.79,14.32,27007,0,1,0,31.16
1063326,36.07,35.0,34.9,35.3,1,0,12.79,14.35,27507,0,1,0,31.16
1063832,36.04,35.0,34.9,35.3,1,0,12.46,14.35,28007,0,1,0,31.16
1064338,36.04,35.0,34.9,35.3,1,0,12.46,14.34,28507,0,1,0,31.16
1064844,36.07,35.0,34.9,35.3,1,0,12.55,14.35,29007,0,1,0,31.16
1065350,36.07,35.0,34.9,35.3,1,0,12.55,14.35,29507,0,1,0,31.16
1065856,36.16,35.0,34.9,35.3,1,0,12.55,14.39,30007,0,1,0,31.16
1066362,36.16,35.0,34.9,35.3,1,0,12.55,14.39,30507,0,1,0,31.16
1066868,36.15,35.0,34.9,35.3,1,0,12.39,14.41,31007,0,1,0,31.18
1067374,36.15,35.0,34.9,35.3,1,0,12.39,14.41,31507,0,1,0,31.18
1067880,36.19,35.0,34.9,35.3,1,0,12.64,14.43,32007,0,1,0,31.18
1068386,36.19,35.0,34.9,35.3,1,0,12.64,14.43,32507,0,1,0,31.18
1068892,36.19,35.0,34.9,35.3,1,0,12.64,14.43,33007,0,1,0,31.18
1069398,36.19,35.0,34.9,35.3,1,0,12.61,14.44,33507,0,1,0,31.2
1069904,36.19,35.0,34.9,35.3,1,0,12.61,14.44,34007,0,1,0,31.2
1070410,36.19,35.0,34.9,35.3,1,0,12.61,14.44,34507,0,1,0,31.2
1070916,36.28,35.0,34.9,35.3,1,0,12.28,14.46,35007,0,1,0,31.18
1071422,36.23,35.0,34.9,35.3,1,0,12.55,14.43,35507,0,1,0,31.17
1071928,36.23,35.0,34.9,35.3,1,0,12.55,14.43,36007,0,1,0,31.17
1072434,36.28,35.0,34.9,35.3,1,0,12.79,14.43,36507,0,1,0,31.18
1072940,36.28,35.0,34.9,35.3,1,0,12.24,14.46,37007,0,1,0,31.2
1073446,36.28,35.0,34.9,35.3,1,0,12.24,14.48,37507,0,1,0,31.2
1073952,36.31,35.0,34.9,35.3,1,0,11.91,14.48,38009,0,1,0,31.18
1074458,36.31,35.0,34.9,35.3,1,0,11.91,14.48,38510,0,1,0,31.18
1074964,36.31,35.0,34.9,35.3,1,0,11.91,14.48,39010,0,1,0,31.18
1075470,36.34,35.0,34.9,35.3,1,0,12.04,14.48,39510,0,1,0,31.18
1075976,36.27,35.0,34.9,35.3,1,0,11.91,14.49,40010,0,1,0,31.2
1076482,36.27,35.0,34.9,35.3,1,0,11.91,14.47,40510,0,1,0,31.2
1076988,36.27,35.0,34.9,35.3,1,0,11.91,14.47,41010,0,1,0,31.2
1077494,36.27,35.0,34.9,35.3,1,0,11.91,14.47,41510,0,1,0,31.2
1078000,36.27,35.0,34.9,35.3,1,0,11.91,14.47,42010,0,1,0,31.2
1078506,36.4,35.0,34.9,35.3,1,0,12.02,14.47,42510,0,1,0,31.17
1079012,36.4,35.0,34.9,35.3,1,0,12.02,14.5,43010,0,1,0,31.17
1079518,36.35,35.0,34.9,35.3,1,0,11.2,14.51,43511,0,1,0,31.2
1080024,36.4,35.0,34.9,35.3,1,0,11.8,14.51,44011,0,1,0,31.18
1080530,36.4,35.0,34.9,35.3,1,0,11.8,14.51,44511,0,1,0,31.18
1081036,36.4,35.0,34.9,35.3,1,0,12.15,14.51,45011,0,1,0,31.18
1081542,36.4,35.0,34.9,35.3,1,0,12.15,14.51,45511,0,1,0,31.18
1082048,36.4,35.0,34.9,35.3,1,0,11.2,14.51,46011,0,1,0,31.18
1082554,36.4,35.0,34.9,35.3,1,0,11.6,14.51,46511,0,1,0,31.2
1083060,36.4,35.0,34.9,35.3,1,0,11.6,14.53,47011,0,1,0,31.2
1083566,36.38,35.0,34.9,35.3,1,0,11.8,14.53,47511,0,1,0,31.18
1084072,36.43,35.0,34.9,35.3,1,0,11.71,14.51,48011,0,1,0,31.21
1084578,36.43,35.0,34.9,35.3,1,0,11.71,14.55,48511,0,1,0,31.21
1085084,36.43,35.0,34.9,35.3,1,0,12.06,14.55,49011,0,1,0,31.2
1085590,36.43,35.0,34.9,35.3,1,0,11.16,14.54,49511,0,1,0,31.2
1086096,36.4,35.0,34.9,35.3,1,0,12.22,14.54,50011,0,1,0,31.23
1086602,36.4,35.0,34.9,35.3,1,0,12.22,14.55,50511,0,1,0,31.23
1087108,36.4,35.0,34.9,35.3,1,0,12.22,14.55,51011,0,1,0,31.23
1087614,36.46,35.0,34.9,35.3,1,0,11.51,14.55,51511,0,1,0,31.2
1088120,36.46,35.0,34.9,35.3,1,0,11.51,14.55,52011,0,1,0,31.2
1088626,36.46,35.0,34.9,35.3,1,0,11.51,14.55,52511,0,1,0,31.2
1089132,36.44,35.0,34.9,35.3,1,0,11.2,14.55,53011,0,1,0,31.18
1089638,36.46,35.0,34.9,35.3,1,0,12.11,14.53,53511,0,1,0,31.21
1090144,36.46,35.0,34.9,35.3,1,0,12.11,14.56,54017,0,1,0,31.21
1090650,36.46,35.0,34.9,35.3,1,0,12.11,14.56,55023,0,1,0,31.21
1091156,36.44,35.0,34.9,35.3,1,0,11.4,14.54,55523,0,1,0,31.2
1091662,36.44,35.0,34.9,35.3,1,0,11.4,14.54,56023,0,1,0,31.2
1092168,36.47,35.0,34.9,35.3,1,0,11.4,14.57,56525,0,1,0,31.21
1092674,36.47,35.0,34.9,35.3,1,0,11.4,14.57,57025,0,1,0,31.21
1093180,36.46,35.0,34.9,35.3,1,0,11.0,14.56,57525,0,1,0,31.21
1093686,36.45,35.0,34.9,35.3,1,0,11.33,14.58,58025,0,1,0,31.24
1094192,36.45,35.0,34.9,35.3,1,0,11.33,14.58,58525,0,1,0,31.24
1094699,36.45,35.0,34.9,35.3,1,0,11.33,14.58,59025,0,1,0,31.24
1095206,36.47,35.0,34.9,35.3,1,0,11.07,14.57,59525,0,1,0,31.21
1095712,36.46,35.0,34.9,35.3,1,0,11.18,14.56,60025,0,1,0,31.21
1096218,36.46,35.0,34.9,35.3,1,0,11.18,14.56,60525,0,1,0,31.21
1096724,36.44,35.0,34.9,35.3,1,0,11.33,14.57,61025,0,1,0,31.23
1097230,36.46,35.0,34.9,35.3,1,0,11.04,14.57,61525,0,1,0,31.23
1097736,36.46,35.0,34.9,35.3,1,0,11.04,14.58,62025,0,1,0,31.23
1098242,36.46,35.0,34.9,35.3,1,0,11.04,14.58,62526,0,1,0,31.23
1098748,36.46,35.0,34.9,35.3,1,0,11.4,14.56,63030,0,1,0,31.21
1099254,36.46,35.0,34.9,35.3,1,0,11.4,14.56,63530,0,1,0,31.21
1099760,36.47,35.0,34.9,35.3,1,0,11.07,14.57,64030,0,1,0,31.21
1100266,36.47,35.0,34.9,35.3,1,0,11.07,14.57,64530,0,1,0,31.21
1100772,36.48,35.0,34.9,35.3,1,0,11.31,14.61,65030,0,1,0,31.25
1101278,36.48,35.0,34.9,35.3,1,0,11.31,14.61,65530,0,1,0,31.25
1101784,36.47,35.0,34.9,35.3,1,0,11.02,14.58,66030,0,1,0,31.23
1102291,36.47,35.0,34.9,35.3,1,0,11.02,14.58,66530,0,1,0,31.23
1102798,36.47,35.0,34.9,35.3,1,0,10.51,14.6,67030,0,1,0,31.24
1103304,36.47,35.0,34.9,35.3,1,0,10.51,14.6,67530,0,1,0,31.24
1103810,36.44,35.0,34.9,35.3,1,0,10.53,14.57,68030,0,1,0,31.23
1104316,36.46,35.0,34.9,35.3,1,0,10.91,14.57,68530,0,1,0,31.24
1104822,36.46,35.0,34.9,35.3,1,0,10.91,14.59,69030,0,1,0,31.24
1105328,36.52,35.0,34.9,35.3,1,0,10.91,14.6,69533,0,1,0,31.23
1105834,36.52,35.0,34.9,35.3,1,0,10.91,14.6,70033,0,1,0,31.23
1106340,36.52,35.0,34.9,35.3,1,0,10.91,14.6,70533,0,1,0,31.23
1106846,36.52,35.0,34.9,35.3,1,0,10.91,14.6,71033,0,1,0,31.23
1107352,36.52,35.0,34.9,35.3,1,0,10.91,14.6,71533,0,1,0,31.23
1107858,36.42,35.0,34.9,35.3,1,0,10.73,14.56,72033,0,1,0,31.23
1108364,36.43,35.0,34.9,35.3,1,0,10.73,14.58,72533,0,1,0,31.24
1108870,36.4,35.0,34.9,35.3,1,0,10.13,14.58,73033,0,1,0,31.24
1109378,36.4,35.0,34.9,35.3,1,0,10.13,14.56,73533,0,1,0,31.24
1109884,36.4,35.0,34.9,35.3,1,0,10.87,14.56,74033,0,1,0,31.25
1110390,36.4,35.0,34.9,35.3,1,0,10.87,14.58,74533,0,1,0,31.25
1110896,36.4,35.0,34.9,35.3,1,0,10.87,14.58,75033,0,1,1,31.25
1111402,36.4,35.0,34.9,35.3,1,0,10.87,14.58,75533,0,1,1,31.25
1111908,36.43,35.0,34.9,35.3,1,0,10.87,14.59,76033,0,1,1,31.25
1112414,36.42,35.0,34.9,35.3,1,1,10.02,14.56,76533,0,1,1,31.23
1112920,36.42,35.0,34.9,35.3,1,1,10.02,14.56,77033,0,1,1,31.23
1113426,36.33,35.0,34.9,35.3,1,1,10.71,14.56,77533,0,1,1,31.23
1113932,36.33,35.0,34.9,35.3,1,1,10.71,14.52,78033,0,1,1,31.23
1114438,36.42,35.0,34.9,35.3,1,1,11.53,14.52,78533,0,1,1,31.24
1114944,36.42,35.0,34.9,35.3,1,1,11.53,14.57,79033,0,1,1,31.24
1115450,36.47,35.0,34.9,35.3,1,1,11.44,14.6,79533,0,1,1,31.24
1115959,36.47,35.0,34.9,35.3,1,1,11.44,14.6,80033,0,1,1,31.24
1116466,36.47,35.0,34.9,35.3,1,1,11.38,14.6,80533,0,1,1,31.24
1116972,36.47,35.0,34.9,35.3,1,1,11.38,14.6,81033,0,1,1,31.24
1117478,35.99,35.0,34.9,35.3,1,1,12.06,14.35,81533,0,1,1,31.2
1117984,35.79,35.0,34.9,35.3,1,1,11.8,14.35,82033,0,1,1,31.2
1118490,35.58,35.0,34.9,35.3,1,1,12.61,14.26,82533,0,1,1,31.16
1118996,35.58,35.0,34.9,35.3,1,0,12.61,14.14,83033,0,1,1,31.16
1119502,35.42,35.0,34.9,35.3,1,0,11.93,14.14,83533,0,1,1,31.18
1120024,35.24,35.0,34.9,35.3,1,0,12.26,14.09,84033,0,1,1,31.17
1120531,35.24,35.0,34.9,35.3,0,0,12.26,14.0,0,0,1,0,31.17
1121037,35.12,35.0,34.9,35.3,0,0,12.35,14.0,500,0,1,0,31.14
1121543,35.05,35.0,34.9,35.3,0,0,11.82,13.93,1000,0,1,0,31.13
1122049,35.05,35.0,34.9,35.3,0,0,11.82,13.88,1500,0,1,0,31.13
1122555,34.98,35.0,34.9,35.3,0,0,12.09,13.86,2000,0,1,0,31.14
1123061,34.89,35.0,34.9,35.3,0,0,11.56,13.86,2500,0,1,0,31.12
1123567,34.89,35.0,34.9,35.3,0,0,11.56,13.8,3000,0,1,0,31.12
1124073,34.89,35.0,34.9,35.3,0,0,11.56,13.8,3500,0,1,0,31.12
1124579,34.92,35.0,34.9,35.3,0,0,11.97,13.8,4000,0,1,0,31.12
1125085,34.92,35.0,34.9,35.3,0,0,11.97,13.81,4500,0,1,0,31.12
1125591,34.87,35.0,34.9,35.3,0,0,11.78,13.79,5003,0,1,0,31.12
1126097,34.85,35.0,34.9,35.3,0,0,11.86,13.79,5503,0,1,0,31.13
1126603,34.85,35.0,34.9,35.3,0,0,11.86,13.79,6003,0,1,0,31.13
1127109,34.82,35.0,34.9,35.3,0,0,11.73,13.77,6503,0,1,0,31.12
1127615,34.83,35.0,34.9,35.3,0,0,11.38,13.77,7003,0,1,0,31.14
1128121,34.8,35.0,34.9,35.3,0,0,11.69,13.8,7503,0,1,0,31.13
1128627,34.8,35.0,34.9,35.3,0,0,11.69,13.77,8003,0,1,0,31.13
1129133,34.8,35.0,34.9,35.3,0,0,11.69,13.77,8503,0,1,0,31.13
1129639,34.82,35.0,34.9,35.3,0,0,11.67,13.77,9003,0,1,0,31.12
1130145,34.82,35.0,34.9,35.3,0,0,11.67,13.77,9503,0,1,0,31.12
1130651,34.85,35.0,34.9,35.3,0,0,11.86,13.77,10003,0,1,0,31.1
1131157,34.85,35.0,34.9,35.3,0,0,11.86,13.77,10503,0,1,0,31.1
1131663,34.9,35.0,34.9,35.3,0,0,11.42,13.79,11503,0,1,0,31.1
1132169,34.87,35.0,34.9,35.3,0,0,12.2,13.8,12003,0,1,0,31.13
1132675,34.87,35.0,34.9,35.3,0,0,12.2,13.8,12503,0,1,0,31.13
1133181,34.92,35.0,34.9,35.3,0,0,12.59,13.82,13004,0,0,0,31.13
1133687,34.92,35.0,34.9,35.3,0,0,12.59,13.82,13504,0,0,0,31.13
1134193,34.92,35.0,34.9,35.3,0,0,12.59,13.82,14004,0,0,0,31.13
1134699,34.92,35.0,34.9,35.3,0,0,12.59,13.82,14504,0,0,0,31.13
1135205,35.02,35.0,34.9,35.3,1,0,11.73,13.88,0,0,1,0,31.14
1135711,35.02,35.0,34.9,35.3,1,0,11.73,13.88,500,0,1,0,31.14
1136217,35.05,35.0,34.9,35.3,1,0,12.09,13.87,1000,0,1,0,31.12
1136723,35.09,35.0,34.9,35.3,1,0,12.13,13.9,1500,0,1,0,31.13
1137229,35.09,35.0,34.9,35.3,1,0,12.72,13.9,2000,0,1,0,31.12
1137735,35.09,35.0,34.9,35.3,1,0,12.72,13.89,2500,0,0,0,31.12
1138241,35.14,35.0,34.9,35.3,1,0,12.61,13.92,3000,0,0,0,31.13
1138747,35.14,35.0,34.9,35.3,1,0,12.61,13.92,3502,0,0,0,31.13
1139253,35.18,35.0,34.9,35.3,1,0,13.07,13.94,4004,0,0,0,31.13
1139759,35.18,35.0,34.9,35.3,1,0,13.07,13.94,4504,0,0,0,31.13
1140265,35.23,35.0,34.9,35.3,1,0,13.03,13.97,5004,0,0,0,31.14
1140771,35.33,35.0,34.9,35.3,1,0,12.66,13.97,5504,0,0,0,31.14
1141277,35.33,35.0,34.9,35.3,1,0,12.66,14.02,6004,0,0,0,31.14
1141783,35.31,35.0,34.9,35.3,1,0,13.64,14.0,6504,0,0,0,31.13
1142289,35.33,35.0,34.9,35.3,1,0,12.64,14.0,7004,0,0,0,31.14
1142795,35.33,35.0,34.9,35.3,1,0,12.64,14.02,7504,0,0,0,31.14
1143301,35.37,35.0,34.9,35.3,1,0,12.57,14.03,8004,0,0,0,31.14
1143807,35.36,35.0,34.9,35.3,1,0,13.03,14.03,8504,0,0,0,31.14
1144313,35.36,35.0,34.9,35.3,1,0,13.03,14.03,9004,0,0,0,31.14
1144819,35.42,35.0,34.9,35.3,1,0,12.88,14.05,9504,0,0,0,31.14
1145325,35.42,35.0,34.9,35.3,1,0,12.88,14.05,10004,0,0,0,31.14
1145831,35.5,35.0,34.9,35.3,1,0,13.07,14.05,10507,0,0,0,31.16
1146337,35.5,35.0,34.9,35.3,1,0,13.07,14.1,11008,0,0,0,31.16
1146843,35.5,35.0,34.9,35.3,1,0,13.16,14.1,11510,0,0,0,31.16
1147350,35.5,35.0,34.9,35.3,1,0,13.16,14.1,12010,0,0,0,31.16
1147857,35.5,35.0,34.9,35.3,1,0,13.16,14.1,12510,0,0,0,31.16
1148363,35.55,35.0,34.9,35.3,1,0,12.96,14.1,13010,0,0,0,31.16
1148869,35.55,35.0,34.9,35.3,1,0,12.96,14.12,13510,0,0,0,31.16
1149375,35.59,35.0,34.9,35.3,1,0,12.9,14.13,14010,0,0,0,31.14
1149881,35.59,35.0,34.9,35.3,1,0,12.9,14.13,14510,0,0,0,31.14
1150387,35.59,35.0,34.9,35.3,1,0,13.27,14.14,15010,0,0,0,31.16
1150893,35.59,35.0,34.9,35.3,1,0,13.27,14.14,15510,0,0,0,31.16
1151399,35.66,35.0,34.9,35.3,1,0,12.9,14.19,16010,0,0,0,31.18
1151905,35.68,35.0,34.9,35.3,1,0,12.35,14.19,16510,0,0,0,31.16
1152411,35.68,35.0,34.9,35.3,1,0,12.35,14.18,17010,0,1,0,31.16
1152917,35.71,35.0,34.9,35.3,1,0,12.83,14.22,17510,0,0,0,31.18
1153423,35.71,35.0,34.9,35.3,1,0,12.83,14.22,18010,0,0,0,31.18
1153929,35.75,35.0,34.9,35.3,1,0,12.7,14.24,18510,0,1,0,31.18
1154435,35.76,35.0,34.9,35.3,1,0,12.64,14.24,19010,0,1,0,31.2
1154941,35.76,35.0,34.9,35.3,1,0,12.64,14.25,19510,0,1,0,31.2
1155447,35.81,35.0,34.9,35.3,1,0,12.26,14.26,20010,0,1,0,31.18
1155953,35.81,35.0,34.9,35.3,1,0,12.26,14.26,20510,0,1,0,31.18
1156459,35.81,35.0,34.9,35.3,1,0,12.26,14.26,21010,0,1,0,31.18
1156965,35.84,35.0,34.9,35.3,1,0,12.5,14.26,21510,0,1,0,31.17
1157471,35.84,35.0,34.9,35.3,1,0,12.59,14.26,22010,0,1,0,31.2
1157977,35.89,35.0,34.9,35.3,1,0,12.83,14.29,22510,0,1,0,31.2
1158484,35.89,35.0,34.9,35.3,1,0,12.83,14.31,23010,0,0,0,31.2
1158990,35.89,35.0,34.9,35.3,1,0,12.83,14.31,23513,0,0,0,31.2
1159496,35.93,35.0,34.9,35.3,1,0,12.53,14.31,24013,0,0,0,31.17
1160002,35.96,35.0,34.9,35.3,1,0,12.59,14.3,24513,0,1,0,31.2
1160508,35.96,35.0,34.9,35.3,1,0,12.59,14.34,25013,0,1,0,31.2
1161014,35.93,35.0,34.9,35.3,1,0,12.35,14.34,25513,0,1,0,31.18
1161520,35.93,35.0,34.9,35.3,1,0,12.35,14.31,26013,0,1,0,31.18
1162026,36.0,35.0,34.9,35.3,1,0,12.33,14.31,26513,0,1,0,31.2
1162532,36.0,35.0,34.9,35.3,1,0,12.33,14.36,27013,0,1,0,31.2
1163038,36.0,35.0,34.9,35.3,1,0,12.13,14.36,27513,0,1,0,31.18
1163544,36.01,35.0,34.9,35.3,1,0,12.35,14.35,28013,0,1,0,31.21
1164050,36.01,35.0,34.9,35.3,1,0,12.35,14.37,28513,0,1,0,31.21
1164556,36.05,35.0,34.9,35.3,1,0,12.11,14.38,29013,0,1,0,31.2
1165062,36.02,35.0,34.9,35.3,1,0,12.37,14.38,29513,0,1,0,31.2
1165568,36.04,35.0,34.9,35.3,1,0,11.95,14.36,30013,0,1,0,31.2
1166074,36.04,35.0,34.9,35.3,1,0,11.95,14.37,30513,0,1,0,31.2
1166580,36.06,35.0,34.9,35.3,1,0,12.24,14.37,31013,0,1,0,31.21
1167087,36.08,35.0,34.9,35.3,1,0,12.64,14.39,31513,0,1,0,31.2
1167594,36.08,35.0,34.9,35.3,1,0,12.64,14.39,32013,0,1,0,31.2
1168100,36.05,35.0,34.9,35.3,1,0,12.2,14.39,32514,0,1,0,31.21
1168606,36.12,35.0,34.9,35.3,1,0,12.15,14.39,33015,0,1,0,31.23
1169112,36.16,35.0,34.9,35.3,1,0,12.11,14.43,33516,0,1,0,31.2
1169618,36.16,35.0,34.9,35.3,1,0,12.11,14.43,34016,0,1,0,31.2
1170124,36.17,35.0,34.9,35.3,1,0,11.58,14.43,34516,0,1,0,31.21
1170630,36.17,35.0,34.9,35.3,1,0,11.58,14.44,35016,0,1,0,31.21
1171136,36.17,35.0,34.9,35.3,1,0,11.58,14.44,35516,0,1,0,31.21
1171642,36.17,35.0,34.9,35.3,1,0,11.58,14.44,36016,0,1,0,31.21
1172148,36.14,35.0,34.9,35.3,1,0,12.28,14.44,36516,0,1,0,31.23
1172654,36.14,35.0,34.9,35.3,1,0,12.28,14.44,37016,0,1,0,31.23
1173160,36.18,35.0,34.9,35.3,1,0,11.89,14.44,37516,0,1,0,31.21
1173666,36.17,35.0,34.9,35.3,1,0,11.91,14.44,38016,0,1,0,31.24
1174172,36.17,35.0,34.9,35.3,1,0,11.91,14.47,38516,0,1,0,31.24
1174678,36.17,35.0,34.9,35.3,1,0,11.91,14.47,39018,0,1,0,31.24
1175184,36.17,35.0,34.9,35.3,1,0,11.91,14.47,40020,0,1,0,31.24
1175690,36.17,35.0,34.9,35.3,1,0,11.91,14.47,40520,0,1,0,31.24
1176196,36.22,35.0,34.9,35.3,1,0,11.0,14.48,41020,0,1,0,31.23
1176702,36.2,35.0,34.9,35.3,1,0,12.06,14.45,41520,0,1,0,31.21
1177208,36.2,35.0,34.9,35.3,1,0,12.06,14.45,42020,0,1,0,31.21
1177714,36.2,35.0,34.9,35.3,1,0,12.06,14.45,42520,0,1,0,31.21
1178220,36.2,35.0,34.9,35.3,1,0,12.06,14.45,43021,0,1,0,31.21
1178726,36.21,35.0,34.9,35.3,1,0,11.73,14.44,43522,0,1,0,31.2
1179232,36.22,35.0,34.9,35.3,1,0,11.67,14.48,44023,0,1,0,31.23
1179738,36.22,35.0,34.9,35.3,1,0,11.67,14.48,44523,0,1,0,31.23
1180244,36.19,35.0,34.9,35.3,1,0,11.58,14.44,45023,0,1,0,31.2
1180750,36.26,35.0,34.9,35.3,1,0,11.58,14.48,45523,0,1,0,31.21
1181256,36.26,35.0,34.9,35.3,1,0,11.58,14.48,46023,0,1,0,31.21
1181762,36.2,35.0,34.9,35.3,1,0,11.44,14.47,46523,0,1,0,31.23
1182268,36.2,35.0,34.9,35.3,1,0,11.44,14.47,47023,0,1,0,31.23
1182774,36.2,35.0,34.9,35.3,1,0,11.44,14.47,47523,0,1,0,31.23
1183280,36.23,35.0,34.9,35.3,1,0,11.42,14.49,48023,0,1,0,31.24
1183786,36.21,35.0,34.9,35.3,1,0,11.16,14.47,48523,0,1,0,31.23
1184292,36.21,35.0,34.9,35.3,1,0,11.16,14.47,49023,0,1,0,31.23
1184798,36.21,35.0,34.9,35.3,1,0,11.33,14.5,49523,0,1,0,31.25
1185304,36.21,35.0,34.9,35.3,1,0,11.33,14.5,50023,0,1,0,31.25
1185810,36.27,35.0,34.9,35.3,1,0,11.38,14.5,50523,0,1,0,31.23
1186316,36.3,35.0,34.9,35.3,1,0,11.38,14.5,51023,0,1,0,31.23
1186822,36.3,35.0,34.9,35.3,1,0,11.38,14.51,51523,0,1,0,31.23
1187328,36.24,35.0,34.9,35.3,1,0,11.29,14.47,52023,0,1,0,31.21
1187834,36.27,35.0,34.9,35.3,1,0,11.07,14.5,52523,0,1,0,31.23
1188340,36.28,35.0,34.9,35.3,1,0,11.11,14.5,53023,0,1,0,31.23
1188846,36.28,35.0,34.9,35.3,1,0,11.11,14.5,53523,0,1,0,31.23
1189352,36.28,35.0,34.9,35.3,1,0,11.11,14.5,54023,0,1,0,31.23
1189858,36.28,35.0,34.9,35.3,1,0,11.11,14.5,54523,0,1,0,31.23
1190364,36.28,35.0,34.9,35.3,1,0,11.11,14.5,55023,0,1,0,31.23
1190870,36.27,35.0,34.9,35.3,1,0,11.07,14.5,55523,0,1,0,31.24
1191376,36.27,35.0,34.9,35.3,1,0,11.07,14.51,56023,0,1,0,31.24
1191882,36.29,35.0,34.9,35.3,1,0,11.33,14.52,56523,0,1,0,31.24
1192389,36.26,35.0,34.9,35.3,1,0,10.89,14.52,57023,0,1,0,31.24
1192896,36.26,35.0,34.9,35.3,1,0,10.89,14.5,57526,0,1,0,31.24
1193402,36.26,35.0,34.9,35.3,1,0,10.89,14.5,58026,0,1,0,31.24
1193908,36.24,35.0,34.9,35.3,1,0,11.31,14.5,58526,0,1,0,31.24
1194414,36.24,35.0,34.9,35.3,1,0,11.31,14.5,59026,0,1,0,31.24
1194920,36.29,35.0,34.9,35.3,1,0,11.16,14.52,59526,0,1,0,31.24
1195426,36.29,35.0,34.9,35.3,1,0,11.16,14.52,60026,0,1,0,31.24
1195932,36.29,35.0,34.9,35.3,1,0,11.16,14.52,60526,0,1,0,31.24
1196438,36.3,35.0,34.9,35.3,1,0,11.24,14.53,61026,0,1,0,31.25
1196944,36.21,35.0,34.9,35.3,1,0,10.98,14.48,61526,0,1,0,31.24
1197450,36.26,35.0,34.9,35.3,1,0,10.93,14.48,62026,0,1,0,31.27
1197956,36.26,35.0,34.9,35.3,1,0,10.93,14.53,62526,0,1,0,31.27
1198462,36.24,35.0,34.9,35.3,1,0,11.13,14.53,63026,0,1,0,31.25
1198968,36.26,35.0,34.9,35.3,1,0,10.71,14.51,63526,0,1,0,31.25
1199474,36.26,35.0,34.9,35.3,1,0,10.71,14.52,64026,0,1,0,31.25
1199980,36.26,35.0,34.9,35.3,1,0,10.93,14.53,64526,0,1,0,31.27
1200486,36.22,35.0,34.9,35.3,1,0,10.67,14.53,65026,0,1,0,31.23
1200992,36.22,35.0,34.9,35.3,1,0,10.67,14.48,65526,0,1,0,31.23
1201498,36.24,35.0,34.9,35.3,1,0,11.11,14.51,66026,0,1,0,31.25
1202004,36.23,35.0,34.9,35.3,1,0,11.07,14.51,66526,0,1,0,31.27
1202510,36.23,35.0,34.9,35.3,1,0,11.07,14.51,67026,0,1,0,31.27
1203016,36.2,35.0,34.9,35.3,1,0,10.67,14.51,67526,0,1,0,31.27
1203522,36.2,35.0,34.9,35.3,1,0,10.67,14.5,68026,0,1,0,31.27
1204028,36.2,35.0,34.9,35.3,1,0,10.67,14.5,68526,0,1,0,31.27
1204535,36.23,35.0,34.9,35.3,1,0,10.98,14.5,69026,0,1,0,31.25
1205041,36.23,35.0,34.9,35.3,1,0,10.98,14.5,69526,0,1,0,31.25
1205547,36.23,35.0,34.9,35.3,1,0,10.98,14.5,70026,0,1,0,31.25
1206053,36.2,35.0,34.9,35.3,1,0,10.29,14.49,70526,0,1,0,31.25
1206559,36.2,35.0,34.9,35.3,1,0,10.98,14.49,71026,0,1,0,31.25
1207065,36.2,35.0,34.9,35.3,1,0,10.98,14.49,71526,0,1,0,31.25
1207571,36.11,35.0,34.9,35.3,1,0,10.06,14.45,72026,0,1,0,31.25
1208077,36.17,35.0,34.9,35.3,1,0,10.62,14.45,72526,0,1,0,31.25
1208583,36.17,35.0,34.9,35.3,1,0,10.62,14.48,73026,0,1,0,31.25
1209089,36.17,35.0,34.9,35.3,1,0,10.62,14.48,73526,0,1,0,31.25
1209595,36.16,35.0,34.9,35.3,1,0,10.49,14.47,74026,0,1,0,31.25
1210101,36.16,35.0,34.9,35.3,1,0,10.49,14.47,74526,0,1,0,31.25
1210607,36.14,35.0,34.9,35.3,1,0,10.67,14.47,75026,0,1,1,31.25
1211113,36.14,35.0,34.9,35.3,1,0,10.67,14.47,75526,0,1,1,31.25
1211619,36.17,35.0,34.9,35.3,1,0,10.44,14.47,76026,0,1,1,31.25
1212125,36.11,35.0,34.9,35.3,1,1,10.64,14.48,76526,0,1,1,31.25
1212631,36.11,35.0,34.9,35.3,1,1,10.64,14.45,77026,0,1,1,31.25
1213137,36.13,35.0,34.9,35.3,1,1,11.16,14.45,77526,0,1,1,31.25
1213643,36.13,35.0,34.9,35.3,1,1,11.16,14.46,78026,0,1,1,31.25
1214149,36.13,35.0,34.9,35.3,1,1,10.8,14.46,78526,0,1,1,31.25
1214655,36.13,35.0,34.9,35.3,1,1,10.8,14.46,79026,0,1,1,31.25
1215161,36.2,35.0,34.9,35.3,1,1,11.24,14.49,79532,0,1,1,31.25
1215680,36.25,35.0,34.9,35.3,1,1,11.18,14.49,80032,0,1,1,31.28
1216187,36.25,35.0,34.9,35.3,1,1,11.18,14.54,80532,0,1,1,31.28
1216693,36.05,35.0,34.9,35.3,1,1,12.09,14.54,81032,0,1,1,31.25
1217199,36.05,35.0,34.9,35.3,1,1,12.09,14.43,81535,0,1,1,31.25
1217705,35.6,35.0,34.9,35.3,1,1,12.13,14.43,82041,0,1,1,31.23
1218211,35.6,35.0,34.9,35.3,1,1,12.13,14.21,83047,0,1,1,31.23
1218717,35.42,35.0,34.9,35.3,1,0,12.39,14.13,83547,0,1,1,31.23
1219223,35.42,35.0,34.9,35.3,1,0,12.39,14.13,84047,0,1,1,31.23
1219730,35.09,35.0,34.9,35.3,1,0,12.68,13.97,84547,0,0,1,31.21
1220236,35.09,35.0,34.9,35.3,1,0,12.68,13.97,85047,0,0,1,31.21
1220742,34.88,35.0,34.9,35.3,1,0,12.68,13.86,85547,0,0,1,31.18
1221248,34.88,35.0,34.9,35.3,1,0,12.68,13.86,86047,0,0,1,31.18
1221754,34.88,35.0,34.9,35.3,1,0,12.68,13.86,86547,0,0,1,31.18
1222260,34.67,35.0,34.9,35.3,1,0,12.24,13.74,87047,0,0,1,31.16
1222766,34.59,35.0,34.9,35.3,1,0,12.28,13.7,87547,0,0,1,31.16
1223272,34.59,35.0,34.9,35.3,1,0,12.28,13.7,88047,0,0,1,31.16
1223778,34.61,35.0,34.9,35.3,0,0,11.31,13.7,0,0,1,0,31.14
1224284,34.61,35.0,34.9,35.3,0,0,11.31,13.7,500,0,1,0,31.14
1224790,34.61,35.0,34.9,35.3,0,0,11.31,13.7,1000,0,1,0,31.14
1225296,34.57,35.0,34.9,35.3,0,0,11.4,13.68,1500,0,1,0,31.14
1225802,34.6,35.0,34.9,35.3,0,0,11.2,13.69,2000,0,1,0,31.14
1226308,34.6,35.0,34.9,35.3,0,0,11.2,13.69,2501,0,1,0,31.14
1226815,34.54,35.0,34.9,35.3,0,0,11.53,13.66,3002,0,1,0,31.13
1227321,34.54,35.0,34.9,35.3,0,0,11.53,13.66,3502,0,1,0,31.13
1227827,34.55,35.0,34.9,35.3,0,0,11.24,13.67,4002,0,1,0,31.14
1228333,34.55,35.0,34.9,35.3,0,0,11.24,13.67,4502,0,1,0,31.14
1228839,34.63,35.0,34.9,35.3,0,0,11.58,13.71,5002,0,1,0,31.14
1229345,34.63,35.0,34.9,35.3,0,0,11.58,13.71,5502,0,1,0,31.14
1229851,34.62,35.0,34.9,35.3,0,0,11.29,13.73,6002,0,1,0,31.17
1230357,34.6,35.0,34.9,35.3,0,0,11.4,13.71,6502,0,1,0,31.16
1230864,34.67,35.0,34.9,35.3,0,0,11.18,13.71,7002,0,1,0,31.13
1231371,34.67,35.0,34.9,35.3,0,0,11.18,13.71,7502,0,1,0,31.13
1231877,34.69,35.0,34.9,35.3,0,0,12.11,13.73,8002,0,1,0,31.14
1232383,34.69,35.0,34.9,35.3,0,0,11.07,13.74,8502,0,1,0,31.16
1232889,34.69,35.0,34.9,35.3,0,0,11.07,13.74,9002,0,1,0,31.16
1233395,34.69,35.0,34.9,35.3,0,0,11.07,13.74,9502,0,1,0,31.16
1233901,34.69,35.0,34.9,35.3,0,0,11.07,13.74,10003,0,1,0,31.16
1234407,34.77,35.0,34.9,35.3,0,0,11.6,13.75,10503,0,1,0,31.12
1234913,34.77,35.0,34.9,35.3,0,0,11.6,13.75,11003,0,1,0,31.12
1235419,34.79,35.0,34.9,35.3,0,0,11.89,13.75,11503,0,1,0,31.18
1235925,34.79,35.0,34.9,35.3,0,0,11.89,13.82,12003,0,1,0,31.18
1236431,34.79,35.0,34.9,35.3,0,0,11.89,13.82,12503,0,1,0,31.18
1236937,34.85,35.0,34.9,35.3,0,0,11.95,13.82,13003,0,1,0,31.16
1237443,34.85,35.0,34.9,35.3,0,0,11.95,13.82,13503,0,1,0,31.16
1237949,34.89,35.0,34.9,35.3,0,0,12.11,13.84,14003,0,1,0,31.16
1238455,34.89,35.0,34.9,35.3,0,0,12.11,13.84,14503,0,1,0,31.16
1238961,34.97,35.0,34.9,35.3,0,0,12.37,13.84,15003,0,1,0,31.16
1239467,34.97,35.0,34.9,35.3,1,0,12.37,13.87,0,0,0,0,31.16
1239973,34.94,35.0,34.9,35.3,1,0,12.39,13.87,502,0,0,0,31.17
1240479,35.02,35.0,34.9,35.3,1,0,12.46,13.87,1003,0,0,0,31.17
1240985,35.02,35.0,34.9,35.3,1,0,12.46,13.91,1505,0,0,0,31.17
1241492,35.02,35.0,34.9,35.3,1,0,12.46,13.91,2005,0,0,0,31.17
1241998,35.01,35.0,34.9,35.3,1,0,12.72,13.91,2505,0,0,0,31.2
1242504,35.1,35.0,34.9,35.3,1,0,12.42,13.93,3005,0,0,0,31.16
1243010,35.1,35.0,34.9,35.3,1,0,12.42,13.93,3505,0,1,0,31.16
1243516,35.06,35.0,34.9,35.3,1,0,12.88,13.93,4005,0,1,0,31.18
1244022,35.14,35.0,34.9,35.3,1,0,13.27,13.93,4505,0,0,0,31.18
1244528,35.14,35.0,34.9,35.3,1,0,13.27,13.97,5005,0,0,0,31.18
1245034,35.14,35.0,34.9,35.3,1,0,13.27,13.97,5505,0,0,0,31.18
1245540,35.19,35.0,34.9,35.3,1,0,12.96,13.97,6005,0,0,0,31.18
1246046,35.19,35.0,34.9,35.3,1,0,13.18,13.99,6505,0,0,0,31.2
1246552,35.19,35.0,34.9,35.3,1,0,13.18,14.0,7005,0,0,0,31.2
1247058,35.2,35.0,34.9,35.3,1,0,12.94,14.0,7505,0,0,0,31.18
1247564,35.2,35.0,34.9,35.3,1,0,12.94,14.0,8005,0,0,0,31.18
1248070,35.23,35.0,34.9,35.3,1,0,13.23,14.0,8505,0,0,0,31.2
1248576,35.23,35.0,34.9,35.3,1,0,13.23,14.02,9005,0,0,0,31.2
1249082,35.22,35.0,34.9,35.3,1,0,12.96,13.99,9505,0,0,0,31.17
1249588,35.22,35.0,34.9,35.3,1,0,12.96,13.99,10005,0,0,0,31.17
1250095,35.28,35.0,34.9,35.3,1,0,12.57,14.05,10505,0,0,0,31.21
1250601,35.28,35.0,34.9,35.3,1,0,12.57,14.05,11005,0,0,0,31.21
1251107,35.35,35.0,34.9,35.3,1,0,12.42,14.05,11505,0,0,0,31.2
1251613,35.39,35.0,34.9,35.3,1,0,13.01,14.07,12005,0,1,0,31.21
1252119,35.39,35.0,34.9,35.3,1,0,13.01,14.1,12505,0,0,0,31.21
1252625,35.33,35.0,34.9,35.3,1,0,12.72,14.1,13005,0,0,0,31.2
1253131,35.35,35.0,34.9,35.3,1,0,12.9,14.07,13505,0,0,0,31.18
1253652,35.33,35.0,34.9,35.3,1,0,12.35,14.06,14005,0,0,0,31.2
1254159,35.33,35.0,34.9,35.3,1,0,12.35,14.07,14505,0,1,0,31.2
1254665,35.33,35.0,34.9,35.3,1,0,12.35,14.07,15005,0,1,0,31.2
1255171,35.33,35.0,34.9,35.3,1,0,12.35,14.07,15505,0,1,0,31.2
1255677,35.33,35.0,34.9,35.3,1,0,12.35,14.07,16005,0,1,0,31.2
1256183,35.44,35.0,34.9,35.3,1,0,12.88,14.07,16505,0,1,0,31.2
1256689,35.48,35.0,34.9,35.3,1,0,12.77,14.11,17005,0,0,0,31.2
1257195,35.48,35.0,34.9,35.3,1,0,12.77,14.13,17505,0,0,0,31.2
1257701,35.46,35.0,34.9,35.3,1,0,12.88,14.13,18005,0,0,0,31.2
1258207,35.46,35.0,34.9,35.3,1,0,12.88,14.12,18505,0,0,0,31.2
1258713,35.46,35.0,34.9,35.3,1,0,12.88,14.12,19005,0,0,0,31.2
1259219,35.46,35.0,34.9,35.3,1,0,12.88,14.12,20005,0,0,0,31.2
1259725,35.55,35.0,34.9,35.3,1,0,12.64,14.17,20505,0,1,0,31.21
1260231,35.55,35.0,34.9,35.3,1,0,12.59,14.17,21005,0,1,0,31.21
1260738,35.58,35.0,34.9,35.3,1,0,12.66,14.17,21505,0,1,0,31.23
1261245,35.58,35.0,34.9,35.3,1,0,12.66,14.2,22005,0,1,0,31.23
1261751,35.58,35.0,34.9,35.3,1,0,12.66,14.2,22505,0,1,0,31.23
1262257,35.62,35.0,34.9,35.3,1,0,12.46,14.21,23005,0,1,0,31.21
1262763,35.64,35.0,34.9,35.3,1,0,12.28,14.2,23505,0,1,0,31.2
1263269,35.64,35.0,34.9,35.3,1,0,12.42,14.21,24005,0,1,0,31.21
1263775,35.64,35.0,34.9,35.3,1,0,12.42,14.21,24505,0,1,0,31.21
1264281,35.67,35.0,34.9,35.3,1,0,12.46,14.23,25005,0,1,0,31.21
1264787,35.69,35.0,34.9,35.3,1,0,12.55,14.25,25505,0,1,0,31.23
1265296,35.66,35.0,34.9,35.3,1,0,12.37,14.25,26005,0,1,0,31.23
1265803,35.66,35.0,34.9,35.3,1,0,12.37,14.23,26505,0,1,0,31.23
1266309,35.73,35.0,34.9,35.3,1,0,12.26,14.26,27005,0,1,0,31.23
1266815,35.73,35.0,34.9,35.3,1,0,12.26,14.26,27505,0,1,0,31.23
1267321,35.71,35.0,34.9,35.3,1,0,12.9,14.26,28005,0,0,0,31.23
1267827,35.71,35.0,34.9,35.3,1,0,12.9,14.26,28505,0,0,0,31.23
1268333,35.78,35.0,34.9,35.3,1,0,11.67,14.31,29005,0,1,0,31.25
1268839,35.75,35.0,34.9,35.3,1,0,12.42,14.3,29505,0,1,0,31.25
1269345,35.75,35.0,34.9,35.3,1,0,12.42,14.3,30005,0,1,0,31.25
1269851,35.75,35.0,34.9,35.3,1,0,12.42,14.3,30505,0,1,0,31.25
1270357,35.79,35.0,34.9,35.3,1,0,12.15,14.3,31005,0,1,0,31.24
1270863,35.85,35.0,34.9,35.3,1,0,12.09,14.3,31505,0,1,0,31.25
1271369,35.85,35.0,34.9,35.3,1,0,12.09,14.34,32005,0,1,0,31.25
1271875,35.82,35.0,34.9,35.3,1,0,11.89,14.32,32505,0,1,0,31.24
1272381,35.82,35.0,34.9,35.3,1,0,11.89,14.32,33005,0,1,0,31.24
1272887,35.83,35.0,34.9,35.3,1,0,12.09,14.32,33505,0,1,0,31.24
1273393,35.83,35.0,34.9,35.3,1,0,12.09,14.32,34005,0,1,0,31.24
1273899,35.79,35.0,34.9,35.3,1,0,11.95,14.32,34505,0,1,0,31.25
1274405,35.88,35.0,34.9,35.3,1,0,11.97,14.35,35005,0,1,0,31.25
1274911,35.84,35.0,34.9,35.3,1,0,12.11,14.35,35505,0,1,0,31.27
1275417,35.84,35.0,34.9,35.3,1,0,12.11,14.35,36005,0,1,0,31.27
1275923,35.91,35.0,34.9,35.3,1,0,11.4,14.35,36505,0,1,0,31.25
1276429,35.91,35.0,34.9,35.3,1,0,11.4,14.37,37005,0,1,0,31.25
1276935,35.91,35.0,34.9,35.3,1,0,11.4,14.37,37505,0,1,0,31.25
1277441,35.92,35.0,34.9,35.3,1,0,11.73,14.37,38005,0,1,0,31.25
1277947,35.88,35.0,34.9,35.3,1,0,11.49,14.34,38521,0,1,0,31.24
1278453,35.88,35.0,34.9,35.3,1,0,11.49,14.34,39021,0,1,0,31.24
1278959,35.92,35.0,34.9,35.3,1,0,12.06,14.36,39521,0,1,0,31.24
1279465,35.95,35.0,34.9,35.3,1,0,11.75,14.36,40021,0,1,0,31.23
1279971,35.95,35.0,34.9,35.3,1,0,11.75,14.36,40521,0,1,0,31.23
1280477,35.92,35.0,34.9,35.3,1,0,11.22,14.37,41021,0,1,0,31.25
1280983,35.92,35.0,34.9,35.3,1,0,11.8,14.37,41521,0,1,0,31.24
1281496,35.92,35.0,34.9,35.3,1,0,11.42,14.36,42021,0,1,0,31.23
1282003,35.92,35.0,34.9,35.3,1,0,11.42,14.35,42521,0,1,0,31.23
1282509,35.92,35.0,34.9,35.3,1,0,11.42,14.35,43021,0,1,0,31.23
1283015,35.97,35.0,34.9,35.3,1,0,11.04,14.35,43521,0,1,0,31.27
1283521,35.94,35.0,34.9,35.3,1,0,11.6,14.4,44021,0,1,0,31.25
1284027,35.94,35.0,34.9,35.3,1,0,11.6,14.38,44521,0,1,0,31.25
1284533,35.94,35.0,34.9,35.3,1,0,11.6,14.38,45021,0,1,0,31.25
1285039,35.98,35.0,34.9,35.3,1,0,11.47,14.38,45523,0,1,0,31.25
1285545,35.98,35.0,34.9,35.3,1,0,11.47,14.4,46023,0,1,0,31.25
1286051,35.94,35.0,34.9,35.3,1,0,11.4,14.4,46523,0,1,0,31.27
1286557,35.97,35.0,34.9,35.3,1,0,11.49,14.39,47023,0,1,0,31.25
1287063,35.97,35.0,34.9,35.3,1,0,11.49,14.39,47523,0,1,0,31.25
1287569,35.97,35.0,34.9,35.3,1,0,11.49,14.39,48023,0,1,0,31.25
1288075,35.97,35.0,34.9,35.3,1,0,11.49,14.39,48523,0,1,0,31.25
1288581,35.98,35.0,34.9,35.3,1,0,11.24,14.39,49023,0,1,0,31.27
1289087,35.98,35.0,34.9,35.3,1,0,11.24,14.41,49523,0,1,0,31.27
1289593,35.98,35.0,34.9,35.3,1,0,11.6,14.41,50023,0,1,0,31.24
1290099,35.98,35.0,34.9,35.3,1,0,11.6,14.38,50523,0,1,0,31.24
1290605,35.97,35.0,34.9,35.3,1,0,11.58,14.39,51023,0,1,0,31.25
1291111,36.01,35.0,34.9,35.3,1,0,11.31,14.39,51523,0,1,0,31.25
1291617,36.01,35.0,34.9,35.3,1,0,11.31,14.41,52023,0,1,0,31.25
1292123,35.98,35.0,34.9,35.3,1,0,11.29,14.41,52536,0,1,0,31.27
1292629,35.98,35.0,34.9,35.3,1,0,11.29,14.41,53036,0,1,0,31.27
1293135,35.99,35.0,34.9,35.3,1,0,11.11,14.41,53536,0,1,0,31.25
1293641,35.99,35.0,34.9,35.3,1,0,11.11,14.4,54036,0,1,0,31.25
1294147,35.98,35.0,34.9,35.3,1,0,11.33,14.4,54536,0,1,0,31.25
1294653,35.95,35.0,34.9,35.3,1,0,11.09,14.4,55036,0,1,0,31.27
1295159,35.95,35.0,34.9,35.3,1,0,11.09,14.4,55536,0,1,0,31.27
1295665,36.03,35.0,34.9,35.3,1,0,10.89,14.4,56036,0,1,0,31.25
1296171,35.98,35.0,34.9,35.3,1,0,11.0,14.42,56536,0,1,0,31.27
1296677,35.98,35.0,34.9,35.3,1,0,11.2,14.41,57036,0,1,0,31.25
1297183,35.98,35.0,34.9,35.3,1,0,11.2,14.4,57536,0,1,0,31.25
1297689,35.95,35.0,34.9,35.3,1,0,10.87,14.4,58036,0,1,0,31.24
1298195,35.98,35.0,34.9,35.3,1,0,11.02,14.37,58536,0,1,0,31.28
1298701,35.98,35.0,34.9,35.3,1,0,11.02,14.42,59036,0,1,0,31.28
1299207,35.97,35.0,34.9,35.3,1,0,11.09,14.42,59536,0,1,0,31.27
1299713,35.95,35.0,34.9,35.3,1,0,11.02,14.4,60036,0,1,0,31.3
1300219,35.95,35.0,34.9,35.3,1,0,11.02,14.42,60536,0,1,0,31.3
1300725,35.95,35.0,34.9,35.3,1,0,11.02,14.42,61036,0,1,0,31.3
1301231,35.95,35.0,34.9,35.3,1,0,11.02,14.42,61536,0,1,0,31.3
1301737,35.99,35.0,34.9,35.3,1,0,10.73,14.42,62036,0,1,0,31.24
1302243,35.94,35.0,34.9,35.3,1,0,10.8,14.39,62536,0,1,0,31.27
1302749,35.93,35.0,34.9,35.3,1,0,10.82,14.39,63036,0,1,0,31.27
1303255,35.93,35.0,34.9,35.3,1,0,10.82,14.38,64041,0,1,0,31.27
1303761,35.98,35.0,34.9,35.3,1,0,10.6,14.42,64541,0,1,0,31.28
1304267,35.95,35.0,34.9,35.3,1,0,10.84,14.4,65041,0,1,0,31.27
1304773,35.95,35.0,34.9,35.3,1,0,10.84,14.4,65541,0,1,0,31.27
1305279,35.91,35.0,34.9,35.3,1,0,10.8,14.35,66041,0,1,0,31.24
1305785,35.94,35.0,34.9,35.3,1,0,10.84,14.39,66541,0,1,0,31.27
1306291,35.91,35.0,34.9,35.3,1,0,10.24,14.38,67041,0,1,0,31.27
1306797,35.91,35.0,34.9,35.3,1,0,10.24,14.38,67541,0,1,0,31.27
1307303,35.95,35.0,34.9,35.3,1,0,10.87,14.4,68041,0,1,0,31.27
1307809,35.93,35.0,34.9,35.3,1,0,10.73,14.4,68541,0,1,0,31.28
1308315,35.93,35.0,34.9,35.3,1,0,10.73,14.4,69041,0,1,0,31.28
1308821,35.93,35.0,34.9,35.3,1,0,10.73,14.4,69541,0,1,0,31.28
1309327,35.93,35.0,34.9,35.3,1,0,10.67,14.38,70041,0,1,0,31.27
1309834,35.93,35.0,34.9,35.3,1,0,10.67,14.38,70541,0,1,0,31.27
1310341,35.9,35.0,34.9,35.3,1,0,10.29,14.39,71041,0,1,0,31.28
1310847,35.91,35.0,34.9,35.3,1,0,10.73,14.37,71541,0,1,0,31.25
1311353,35.91,35.0,34.9,35.3,1,0,10.73,14.37,72041,0,1,0,31.25
1311859,35.9,35.0,34.9,35.3,1,0,10.47,14.4,72541,0,1,0,31.3
1312365,35.91,35.0,34.9,35.3,1,0,10.6,14.39,73041,0,1,0,31.28
1312871,35.91,35.0,34.9,35.3,1,0,10.6,14.39,73541,0,1,0,31.28
1313377,35.89,35.0,34.9,35.3,1,0,10.42,14.37,74041,0,1,0,31.27
1313883,35.88,35.0,34.9,35.3,1,0,10.82,14.37,74541,0,1,0,31.28
1314389,35.88,35.0,34.9,35.3,1,0,10.82,14.38,75041,0,1,1,31.28
1314895,35.91,35.0,34.9,35.3,1,0,10.78,14.38,75541,0,1,1,31.3
1315401,35.91,35.0,34.9,35.3,1,0,10.78,14.4,76041,0,1,1,31.3
1315907,35.91,35.0,34.9,35.3,1,0,10.78,14.4,76544,0,1,1,31.3
1316413,35.85,35.0,34.9,35.3,1,0,10.71,14.37,77045,0,1,1,31.28
1316919,35.87,35.0,34.9,35.3,1,0,10.82,14.39,77546,0,1,1,31.3
1317425,35.87,35.0,34.9,35.3,1,0,10.82,14.39,78046,0,1,1,31.3
1317931,35.88,35.0,34.9,35.3,1,0,10.76,14.36,78546,0,1,1,31.27
1318437,35.87,35.0,34.9,35.3,1,0,10.84,14.39,79046,0,1,1,31.3
1318943,35.87,35.0,34.9,35.3,1,0,10.84,14.39,79546,0,1,1,31.3
1319449,35.87,35.0,34.9,35.3,1,0,10.84,14.39,80046,0,1,1,31.3
1319955,35.85,35.0,34.9,35.3,1,0,10.67,14.39,80546,0,1,1,31.3
1320461,35.85,35.0,34.9,35.3,1,0,10.67,14.38,81046,0,1,1,31.3
1320967,35.81,35.0,34.9,35.3,1,0,10.44,14.35,81546,0,1,1,31.28
1321473,35.79,35.0,34.9,35.3,1,0,10.13,14.35,82046,0,1,1,31.28
1321980,35.79,35.0,34.9,35.3,1,0,10.13,14.34,82546,0,1,1,31.28
1322486,35.79,35.0,34.9,35.3,1,0,10.13,14.34,83046,0,1,1,31.28
1322992,35.79,35.0,34.9,35.3,1,0,10.13,14.34,83546,0,1,1,31.28
1323498,35.79,35.0,34.9,35.3,1,0,10.13,14.34,84046,0,1,1,31.28
1324004,35.72,35.0,34.9,35.3,1,0,10.69,14.32,84546,0,1,1,31.3
1324511,35.72,35.0,34.9,35.3,1,0,10.69,14.32,85046,0,1,1,31.3
1325017,35.72,35.0,34.9,35.3,1,0,10.69,14.32,85546,0,1,1,31.3
1325523,35.75,35.0,34.9,35.3,1,0,10.35,14.35,86046,0,1,1,31.31
1326029,35.76,35.0,34.9,35.3,1,0,10.35,14.35,86546,0,1,1,31.28
1326535,35.76,35.0,34.9,35.3,1,0,10.35,14.33,87046,0,1,1,31.28
1327041,35.73,35.0,34.9,35.3,1,0,10.24,14.33,87546,0,1,1,31.28
1327547,35.73,35.0,34.9,35.3,1,0,10.24,14.32,88046,0,1,1,31.28
1328053,35.73,35.0,34.9,35.3,1,0,10.24,14.32,88546,0,1,1,31.28
1328559,35.71,35.0,34.9,35.3,1,0,10.49,14.32,89046,0,1,1,31.3
1329065,35.71,35.0,34.9,35.3,1,0,10.49,14.32,89546,0,1,1,31.3
1329571,35.71,35.0,34.9,35.3,1,0,10.49,14.32,90046,0,1,1,31.3
1330077,35.73,35.0,34.9,35.3,1,0,10.0,14.32,90546,0,1,1,31.28
1330583,35.75,35.0,34.9,35.3,1,0,10.0,14.32,91046,0,1,1,31.3
1331089,35.75,35.0,34.9,35.3,1,0,10.0,14.33,91546,0,1,1,31.3
1331595,35.74,35.0,34.9,35.3,1,0,10.31,14.33,92046,0,1,1,31.3
1332101,35.74,35.0,34.9,35.3,1,0,10.31,14.33,92546,0,1,1,31.3
1332607,35.74,35.0,34.9,35.3,1,0,10.31,14.33,93046,0,1,1,31.3
1333113,35.74,35.0,34.9,35.3,1,0,10.31,14.33,93546,0,1,1,31.3
1333619,35.68,35.0,34.9,35.3,1,0,9.39,14.33,94046,0,1,1,31.3
1334125,35.68,35.0,34.9,35.3,1,0,9.39,14.3,94546,0,1,1,31.3
1334631,35.65,35.0,34.9,35.3,1,0,10.11,14.3,95046,0,1,1,31.31
1335138,35.66,35.0,34.9,35.3,1,0,10.0,14.3,95546,0,1,1,31.3
1335645,35.66,35.0,34.9,35.3,1,0,10.0,14.3,96046,0,1,1,31.3
1336151,35.6,35.0,34.9,35.3,1,0,9.95,14.3,96546,0,1,1,31.27
1336657,35.63,35.0,34.9,35.3,1,0,10.02,14.24,97046,0,1,1,31.3
1337163,35.63,35.0,34.9,35.3,1,0,10.02,14.28,97546,0,1,1,31.3
1337669,35.59,35.0,34.9,35.3,1,0,9.88,14.29,98046,0,1,1,31.32
1338175,35.6,35.0,34.9,35.3,1,0,10.04,14.29,98546,0,1,1,31.3
1338681,35.6,35.0,34.9,35.3,1,0,10.04,14.27,99046,0,1,1,31.3
1339196,35.6,35.0,34.9,35.3,1,0,9.97,14.27,99546,0,1,1,31.28
1339703,35.6,35.0,34.9,35.3,1,0,9.97,14.26,100046,0,1,1,31.28
1340209,35.62,35.0,34.9,35.3,1,0,10.0,14.26,100546,0,1,1,31.32
1340715,35.62,35.0,34.9,35.3,1,0,10.0,14.3,101046,0,1,1,31.32
1341222,35.56,35.0,34.9,35.3,1,0,9.95,14.3,101546,0,1,1,31.3
1341728,35.61,35.0,34.9,35.3,1,0,9.95,14.25,102046,0,1,1,31.31
1342234,35.61,35.0,34.9,35.3,1,0,9.95,14.28,102546,0,1,1,31.31
1342740,35.53,35.0,34.9,35.3,1,0,9.91,14.26,103055,0,1,1,31.32
1343246,35.55,35.0,34.9,35.3,1,0,10.58,14.26,103555,0,1,1,31.31
1343752,35.55,35.0,34.9,35.3,1,0,10.58,14.26,104055,0,1,1,31.31
1344258,35.52,35.0,34.9,35.3,1,0,9.64,14.26,104555,0,1,1,31.3
1344764,35.52,35.0,34.9,35.3,1,0,9.64,14.23,105055,0,1,1,31.3
1345270,35.53,35.0,34.9,35.3,1,0,9.79,14.24,106056,0,1,1,31.3
1345776,35.53,35.0,34.9,35.3,1,0,9.79,14.24,106556,0,1,1,31.3
1346282,35.48,35.0,34.9,35.3,1,0,9.91,14.23,107056,0,1,1,31.31
1346803,35.43,35.0,34.9,35.3,1,0,9.66,14.23,107556,0,1,1,31.32
1347310,35.43,35.0,34.9,35.3,1,0,9.66,14.22,108056,0,1,1,31.32
1347816,35.49,35.0,34.9,35.3,1,0,9.5,14.22,108556,0,1,1,31.3
1348322,35.46,35.0,34.9,35.3,1,0,9.77,14.22,109056,0,1,1,31.31
1348828,35.49,35.0,34.9,35.3,1,0,9.82,14.22,109556,0,1,1,31.31
1349334,35.49,35.0,34.9,35.3,1,0,9.82,14.23,110056,0,1,1,31.31
1349840,35.48,35.0,34.9,35.3,1,0,9.59,14.23,110556,0,1,1,31.31
1350346,35.42,35.0,34.9,35.3,1,0,9.77,14.19,111067,0,1,1,31.3
1350852,35.42,35.0,34.9,35.3,1,0,9.77,14.19,111567,0,1,1,31.3
1351358,35.42,35.0,34.9,35.3,1,0,9.97,14.2,112067,0,1,1,31.31
1351865,35.4,35.0,34.9,35.3,1,0,9.43,14.2,112567,0,1,1,31.32
1352372,35.4,35.0,34.9,35.3,1,0,9.43,14.21,113067,0,1,1,31.32
1352878,35.4,35.0,34.9,35.3,1,0,9.61,14.19,113567,0,1,1,31.31
1353384,35.4,35.0,34.9,35.3,1,0,9.61,14.19,114067,0,1,1,31.31
1353890,35.39,35.0,34.9,35.3,1,0,9.55,14.22,114567,0,1,1,31.34
1354396,35.39,35.0,34.9,35.3,1,0,9.55,14.22,115067,0,1,1,31.34
1354902,35.36,35.0,34.9,35.3,1,0,8.8,14.19,115567,0,1,1,31.32
1355408,35.35,35.0,34.9,35.3,1,0,9.66,14.19,116067,0,1,1,31.32
1355914,35.35,35.0,34.9,35.3,1,0,9.66,14.18,116567,0,1,1,31.32
1356420,35.32,35.0,34.9,35.3,1,0,10.26,14.2,117067,0,1,1,31.35
1356926,35.33,35.0,34.9,35.3,1,0,9.66,14.2,117567,0,1,1,31.31
1357432,35.33,35.0,34.9,35.3,1,0,9.66,14.16,118067,0,1,1,31.31
1357938,35.33,35.0,34.9,35.3,1,0,9.7,14.18,118567,0,1,1,31.32
1358444,35.3,35.0,34.9,35.3,1,0,9.79,14.16,119067,0,1,1,31.32
1358950,35.36,35.0,34.9,35.3,1,0,9.55,14.18,119582,0,1,1,31.31
1359456,35.32,35.0,34.9,35.3,1,0,9.73,14.18,120082,0,1,1,31.31
1359962,35.32,35.0,34.9,35.3,1,0,9.73,14.16,120582,0,1,1,31.31
1360468,35.27,35.0,34.9,35.3,0,0,9.79,14.15,0,0,1,0,31.32
1360974,35.3,35.0,34.9,35.3,0,0,9.52,14.15,500,0,1,0,31.32
1361480,35.3,35.0,34.9,35.3,0,0,9.52,14.16,1000,0,1,0,31.32
1361986,35.3,35.0,34.9,35.3,0,0,9.52,14.16,1500,0,1,0,31.32
1362492,35.3,35.0,34.9,35.3,0,0,9.52,14.16,2000,0,1,0,31.32
1362998,35.2,35.0,34.9,35.3,0,0,9.59,14.12,2500,0,1,0,31.32
1363504,35.2,35.0,34.9,35.3,0,0,9.59,14.12,3000,0,1,0,31.32
1364010,35.27,35.0,34.9,35.3,0,0,9.3,14.14,3500,0,1,0,31.31
1364516,35.27,35.0,34.9,35.3,0,0,9.3,14.14,4000,0,1,0,31.31
1365022,35.22,35.0,34.9,35.3,0,0,9.36,14.15,4510,0,1,0,31.35
1365528,35.22,35.0,34.9,35.3,0,0,9.36,14.15,5010,0,1,0,31.35
1366034,35.22,35.0,34.9,35.3,0,0,9.66,14.15,5510,0,1,0,31.32
1366540,35.22,35.0,34.9,35.3,0,0,9.66,14.13,6010,0,1,0,31.32
1367046,35.2,35.0,34.9,35.3,0,0,9.61,14.13,6510,0,1,0,31.34
1367552,35.17,35.0,34.9,35.3,0,0,9.84,14.13,7010,0,1,0,31.35
1368058,35.17,35.0,34.9,35.3,0,0,10.33,14.13,7510,0,1,0,31.34
1368564,35.17,35.0,34.9,35.3,0,0,10.33,14.12,8010,0,1,0,31.34
1369070,35.17,35.0,34.9,35.3,0,0,10.22,14.12,8510,0,1,0,31.35
1369576,35.17,35.0,34.9,35.3,0,0,10.22,14.13,9010,0,1,0,31.35
1370082,35.14,35.0,34.9,35.3,0,0,9.91,14.13,9510,0,1,0,31.32
1370588,35.14,35.0,34.9,35.3,0,0,9.91,14.09,10010,0,1,0,31.32
1371094,35.14,35.0,34.9,35.3,0,0,9.91,14.09,10510,0,1,0,31.32
1371600,35.13,35.0,34.9,35.3,0,0,10.64,14.09,11010,0,1,0,31.32
1372106,35.13,35.0,34.9,35.3,0,0,10.64,14.09,11510,0,1,0,31.32
1372612,35.14,35.0,34.9,35.3,0,0,10.47,14.09,12010,0,1,0,31.32
1373118,35.14,35.0,34.9,35.3,0,0,10.47,14.09,12510,0,1,0,31.32
1373624,35.05,35.0,34.9,35.3,0,0,10.62,14.05,13010,0,1,0,31.32
1374130,35.1,35.0,34.9,35.3,0,0,11.13,14.05,13510,0,1,0,31.32
1374636,35.1,35.0,34.9,35.3,0,0,11.13,14.07,14010,0,1,0,31.32
1375142,35.07,35.0,34.9,35.3,0,0,10.55,14.07,14510,0,1,0,31.32
1375656,35.02,35.0,34.9,35.3,1,0,11.11,14.06,0,0,1,0,31.32
1376162,35.02,35.0,34.9,35.3,1,0,11.11,14.04,500,0,1,0,31.32
1376668,35.05,35.0,34.9,35.3,1,0,11.31,14.04,1000,0,1,0,31.34
1377174,35.05,35.0,34.9,35.3,1,0,11.31,14.07,1500,0,1,0,31.34
1377680,35.07,35.0,34.9,35.3,1,0,11.47,14.07,2000,0,1,0,31.34
1378186,35.07,35.0,34.9,35.3,1,0,11.47,14.08,2500,0,1,0,31.34
1378692,35.01,35.0,34.9,35.3,1,0,11.69,14.06,3000,0,1,0,31.35
1379198,35.04,35.0,34.9,35.3,1,0,11.42,14.06,3500,0,1,0,31.32
1379704,35.01,35.0,34.9,35.3,1,0,11.53,14.05,4000,0,1,0,31.32
1380210,35.0,35.0,34.9,35.3,1,0,11.73,14.03,4500,0,1,0,31.34
1380716,35.0,35.0,34.9,35.3,1,0,11.73,14.04,5000,0,1,0,31.34
1381222,35.03,35.0,34.9,35.3,1,0,11.78,14.08,5507,0,1,0,31.37
1381728,34.98,35.0,34.9,35.3,1,0,12.13,14.08,6007,0,1,0,31.35
1382234,35.04,35.0,34.9,35.3,1,0,11.91,14.05,6507,0,1,0,31.34
1382740,35.04,35.0,34.9,35.3,1,0,11.91,14.06,7007,0,1,0,31.34
1383246,35.01,35.0,34.9,35.3,1,0,11.78,14.06,7507,0,1,0,31.37
1383752,35.01,35.0,34.9,35.3,1,0,11.78,14.07,8007,0,1,0,31.37
1384258,35.06,35.0,34.9,35.3,1,0,12.0,14.08,8507,0,1,0,31.35
1384764,35.06,35.0,34.9,35.3,1,0,12.0,14.08,9007,0,1,0,31.35
1385270,35.04,35.0,34.9,35.3,1,0,11.91,14.08,9507,0,1,0,31.35
1385776,35.04,35.0,34.9,35.3,1,0,11.91,14.07,10007,0,1,0,31.35
1386282,35.07,35.0,34.9,35.3,1,0,11.93,14.07,10507,0,1,0,31.34
1386788,35.07,35.0,34.9,35.3,1,0,11.93,14.08,11007,0,1,0,31.34
1387294,35.05,35.0,34.9,35.3,1,0,11.42,14.08,11507,0,1,0,31.34
1387800,35.03,35.0,34.9,35.3,1,0,11.84,14.07,12007,0,1,0,31.37
1388314,35.09,35.0,34.9,35.3,1,0,11.82,14.11,13008,0,1,0,31.37
1388821,35.09,35.0,34.9,35.3,1,0,11.82,14.11,13508,0,1,0,31.37
1389327,34.98,35.0,34.9,35.3,1,0,12.0,14.05,14008,0,1,0,31.35
1389833,34.98,35.0,34.9,35.3,1,0,12.0,14.05,14508,0,1,0,31.35
1390339,35.08,35.0,34.9,35.3,1,0,11.82,14.09,15008,0,1,0,31.35
1390845,35.08,35.0,34.9,35.3,1,0,11.82,14.09,15508,0,1,0,31.35
1391351,35.07,35.0,34.9,35.3,1,0,12.04,14.08,16008,0,1,0,31.34
1391857,35.07,35.0,34.9,35.3,1,0,12.04,14.08,16508,0,1,0,31.34
1392364,35.07,35.0,34.9,35.3,1,0,11.53,14.09,17008,0,1,0,31.35
1392870,35.07,35.0,34.9,35.3,1,0,11.53,14.09,17508,0,1,0,31.35
1393376,35.08,35.0,34.9,35.3,1,0,11.75,14.09,18008,0,1,0,31.35
1393882,35.14,35.0,34.9,35.3,1,0,11.49,14.13,18508,0,1,0,31.37
1394388,35.1,35.0,34.9,35.3,1,0,11.47,14.13,19008,0,1,0,31.35
1394894,35.1,35.0,34.9,35.3,1,0,11.47,14.1,19508,0,1,0,31.35
1395400,35.13,35.0,34.9,35.3,1,0,11.86,14.13,20008,0,1,0,31.37
1395906,35.13,35.0,34.9,35.3,1,0,11.73,14.13,20508,0,1,0,31.37
1396412,35.13,35.0,34.9,35.3,1,0,11.73,14.13,21008,0,1,0,31.37
1396918,35.15,35.0,34.9,35.3,1,0,11.62,14.16,21508,0,1,0,31.4
1397424,35.13,35.0,34.9,35.3,1,0,11.16,14.16,22008,0,1,0,31.35
1397930,35.13,35.0,34.9,35.3,1,0,11.16,14.11,22508,0,1,0,31.35
1398436,35.14,35.0,34.9,35.3,1,0,11.62,14.12,23008,0,1,0,31.35
1398942,35.14,35.0,34.9,35.3,1,0,11.62,14.12,23508,0,1,0,31.35
1399448,35.19,35.0,34.9,35.3,1,0,11.56,14.14,24008,0,1,0,31.35
1399954,35.19,35.0,34.9,35.3,1,0,11.22,14.14,24508,0,1,0,31.37
1400460,35.19,35.0,34.9,35.3,1,0,11.22,14.15,25008,0,1,0,31.37
1400966,35.19,35.0,34.9,35.3,1,0,11.51,14.15,25508,0,1,0,31.37
1401472,35.17,35.0,34.9,35.3,1,0,11.33,14.13,26008,0,1,0,31.35
1401978,35.17,35.0,34.9,35.3,1,0,11.33,14.13,26508,0,1,0,31.35
1402484,35.17,35.0,34.9,35.3,1,0,11.33,14.13,27008,0,1,0,31.35
1402990,35.28,35.0,34.9,35.3,1,0,11.42,14.2,27508,0,1,0,31.38
1403496,35.23,35.0,34.9,35.3,1,0,11.38,14.17,28008,0,1,0,31.37
1404002,35.23,35.0,34.9,35.3,1,0,11.38,14.17,28510,0,1,0,31.37
1404508,35.23,35.0,34.9,35.3,1,0,11.38,14.17,29010,0,1,0,31.37
1405014,35.23,35.0,34.9,35.3,1,0,11.38,14.17,29510,0,1,0,31.37
1405520,35.2,35.0,34.9,35.3,1,0,11.44,14.16,30010,0,1,0,31.37
1406026,35.22,35.0,34.9,35.3,1,0,11.31,14.16,30510,0,1,0,31.37
1406532,35.22,35.0,34.9,35.3,1,0,11.31,14.16,31010,0,1,0,31.37
1407038,35.26,35.0,34.9,35.3,1,0,10.82,14.16,31510,0,1,0,31.35
1407558,35.28,35.0,34.9,35.3,1,0,11.29,14.17,32010,0,1,0,31.37
1408065,35.28,35.0,34.9,35.3,1,0,11.29,14.19,32510,0,1,0,31.37
1408571,35.26,35.0,34.9,35.3,1,0,11.27,14.17,33010,0,1,0,31.35
1409077,35.26,35.0,34.9,35.3,1,0,11.27,14.17,33510,0,1,0,31.35
1409583,35.29,35.0,34.9,35.3,1,0,11.09,14.17,34010,0,1,0,31.37
1410089,35.29,35.0,34.9,35.3,1,0,11.09,14.19,34510,0,1,0,31.37
1410595,35.22,35.0,34.9,35.3,1,0,10.6,14.19,35010,0,1,0,31.35
1411102,35.22,35.0,34.9,35.3,1,0,10.6,14.15,35510,0,1,0,31.35
1411609,35.25,35.0,34.9,35.3,1,0,11.49,14.18,36010,0,1,0,31.37
1412115,35.25,35.0,34.9,35.3,1,0,11.49,14.18,36510,0,1,0,31.37
1412621,35.26,35.0,34.9,35.3,1,0,11.04,14.18,37010,0,1,0,31.37
1413127,35.32,35.0,34.9,35.3,1,0,11.09,14.18,37510,0,1,0,31.38
1413633,35.32,35.0,34.9,35.3,1,0,11.09,14.22,38010,0,1,0,31.38
1414139,35.28,35.0,34.9,35.3,1,0,10.93,14.19,38510,0,1,0,31.37
1414645,35.28,35.0,34.9,35.3,1,0,10.93,14.19,39010,0,1,0,31.37
1415151,35.28,35.0,34.9,35.3,1,0,10.93,14.19,39510,0,1,0,31.37
1415657,35.22,35.0,34.9,35.3,0,0,11.0,14.16,0,0,1,0,31.37
1416163,35.28,35.0,34.9,35.3,0,0,10.8,14.16,500,0,1,0,31.35
1416669,35.31,35.0,34.9,35.3,0,0,10.91,14.18,1000,0,1,0,31.38
1417175,35.31,35.0,34.9,35.3,0,0,10.91,14.21,1500,0,1,0,31.38
1417681,35.26,35.0,34.9,35.3,0,0,10.8,14.21,2002,0,1,0,31.38
1418187,35.26,35.0,34.9,35.3,0,0,10.8,14.19,2503,0,1,0,31.38
1418693,35.29,35.0,34.9,35.3,0,0,10.96,14.21,3004,0,1,0,31.38
1419199,35.29,35.0,34.9,35.3,0,0,10.96,14.21,3504,0,1,0,31.38
1419705,35.26,35.0,34.9,35.3,0,0,10.96,14.18,4004,0,1,0,31.37
1420211,35.26,35.0,34.9,35.3,0,0,10.96,14.18,4504,0,1,0,31.37
1420717,35.25,35.0,34.9,35.3,0,0,11.31,14.18,5004,0,1,0,31.38
1421223,35.25,35.0,34.9,35.3,0,0,11.31,14.19,5504,0,1,0,31.38
1421729,35.23,35.0,34.9,35.3,0,0,11.0,14.17,6004,0,1,0,31.37
1422235,35.23,35.0,34.9,35.3,0,0,11.0,14.17,6504,0,1,0,31.37
1422741,35.23,35.0,34.9,35.3,0,0,11.31,14.17,7004,0,1,0,31.37
1423247,35.25,35.0,34.9,35.3,0,0,11.24,14.17,7504,0,1,0,31.38
1423753,35.28,35.0,34.9,35.3,0,0,11.2,14.19,8004,0,1,0,31.38
1424259,35.28,35.0,34.9,35.3,0,0,11.2,14.2,8504,0,1,0,31.38
1424765,35.28,35.0,34.9,35.3,0,0,11.2,14.2,9004,0,1,0,31.38
1425271,35.28,35.0,34.9,35.3,0,0,11.2,14.2,9504,0,1,0,31.38
1425777,35.28,35.0,34.9,35.3,0,0,11.69,14.2,10004,0,1,0,31.4
1426283,35.28,35.0,34.9,35.3,0,0,11.69,14.22,10504,0,1,0,31.4
1426789,35.22,35.0,34.9,35.3,0,0,11.73,14.22,11004,0,1,0,31.38
1427295,35.22,35.0,34.9,35.3,0,0,11.73,14.18,11504,0,1,0,31.38
1427801,35.21,35.0,34.9,35.3,0,0,12.0,14.18,12004,0,1,0,31.4
1428307,35.21,35.0,34.9,35.3,0,0,12.0,14.18,12504,0,1,0,31.4
1428813,35.21,35.0,34.9,35.3,0,0,12.0,14.18,13004,0,1,0,31.4
1429319,35.22,35.0,34.9,35.3,0,0,11.91,14.18,13504,0,1,0,31.4
1429825,35.22,35.0,34.9,35.3,0,0,12.13,14.16,14509,0,1,0,31.37
1430331,35.22,35.0,34.9,35.3,1,0,12.13,14.16,0,0,1,0,31.37
1430838,35.22,35.0,34.9,35.3,1,0,12.13,14.16,500,0,1,0,31.37
1431344,35.22,35.0,34.9,35.3,1,0,12.13,14.16,1000,0,1,0,31.37
1431850,35.22,35.0,34.9,35.3,1,0,12.13,14.16,1500,0,1,0,31.37
1432356,35.22,35.0,34.9,35.3,1,0,12.5,14.18,2000,0,1,0,31.38
1432862,35.22,35.0,34.9,35.3,1,0,12.5,14.18,2500,0,1,0,31.38
1433368,35.23,35.0,34.9,35.3,1,0,12.42,14.18,3000,0,1,0,31.38
1433874,35.23,35.0,34.9,35.3,1,0,12.42,14.18,3500,0,1,0,31.38
1434380,35.25,35.0,34.9,35.3,1,0,12.59,14.2,4000,0,1,0,31.4
1434886,35.25,35.0,34.9,35.3,1,0,12.59,14.2,4500,0,1,0,31.4
1435392,35.22,35.0,34.9,35.3,1,0,12.75,14.19,5000,0,0,0,31.4
1435898,35.22,35.0,34.9,35.3,1,0,12.75,14.19,5500,0,0,0,31.4
1436404,35.25,35.0,34.9,35.3,1,0,12.72,14.2,6000,0,0,0,31.4
1436910,35.25,35.0,34.9,35.3,1,0,12.72,14.2,6500,0,0,0,31.4
1437416,35.27,35.0,34.9,35.3,1,0,12.79,14.22,7000,0,0,0,31.41
1437922,35.26,35.0,34.9,35.3,1,0,12.94,14.22,7500,0,0,0,31.4
1438428,35.26,35.0,34.9,35.3,1,0,12.94,14.21,8000,0,0,0,31.4
1438934,35.26,35.0,34.9,35.3,1,0,12.94,14.21,8500,0,0,0,31.4
1439440,35.25,35.0,34.9,35.3,1,0,12.9,14.19,9000,0,0,0,31.38
1439947,35.25,35.0,34.9,35.3,1,0,12.9,14.19,9500,0,0,0,31.38
1440454,35.25,35.0,34.9,35.3,1,0,12.9,14.19,10000,0,0,0,31.38
1440960,35.25,35.0,34.9,35.3,1,0,12.9,14.19,10500,0,0,0,31.38
1441466,35.28,35.0,34.9,35.3,1,0,12.85,14.22,11000,0,0,0,31.4
1441972,35.31,35.0,34.9,35.3,1,0,12.75,14.22,11500,0,0,0,31.41
1442478,35.31,35.0,34.9,35.3,1,0,12.75,14.24,12000,0,0,0,31.41
1442984,35.31,35.0,34.9,35.3,1,0,12.72,14.23,12500,0,1,0,31.4
1443490,35.31,35.0,34.9,35.3,1,0,12.72,14.23,13000,0,1,0,31.4
1443996,35.31,35.0,34.9,35.3,1,0,12.72,14.23,13500,0,1,0,31.4
1444502,35.31,35.0,34.9,35.3,1,0,12.55,14.27,14000,0,1,0,31.44
1445008,35.32,35.0,34.9,35.3,1,0,12.53,14.27,14500,0,1,0,31.38
1445514,35.32,35.0,34.9,35.3,1,0,12.53,14.22,15000,0,1,0,31.38
1446020,35.31,35.0,34.9,35.3,1,0,12.83,14.22,15500,0,1,0,31.4
1446526,35.31,35.0,34.9,35.3,1,0,12.83,14.23,16000,0,0,0,31.4
1447032,35.38,35.0,34.9,35.3,1,0,12.22,14.27,16500,0,1,0,31.41
1447538,35.38,35.0,34.9,35.3,1,0,12.83,14.27,17000,0,1,0,31.41
1448044,35.38,35.0,34.9,35.3,1,0,12.83,14.27,17500,0,0,0,31.41
1448550,35.38,35.0,34.9,35.3,1,0,12.83,14.27,18000,0,0,0,31.41
1449056,35.39,35.0,34.9,35.3,1,0,12.66,14.25,18500,0,1,0,31.38
1449562,35.39,35.0,34.9,35.3,1,0,12.66,14.25,19000,0,1,0,31.38
1450068,35.45,35.0,34.9,35.3,1,0,12.24,14.29,19500,0,1,0,31.4
1450574,35.45,35.0,34.9,35.3,1,0,12.24,14.29,20000,0,1,0,31.4
1451080,35.43,35.0,34.9,35.3,1,0,12.68,14.29,20500,0,1,0,31.42
1451587,35.41,35.0,34.9,35.3,1,0,12.28,14.3,21000,0,1,0,31.41
1452094,35.41,35.0,34.9,35.3,1,0,12.28,14.28,21500,0,1,0,31.41
1452600,35.48,35.0,34.9,35.3,1,0,12.35,14.28,22000,0,1,0,31.38
1453106,35.48,35.0,34.9,35.3,1,0,12.35,14.29,22500,0,1,0,31.38
1453612,35.47,35.0,34.9,35.3,1,0,11.73,14.29,23000,0,1,0,31.41
1454118,35.47,35.0,34.9,35.3,1,0,11.73,14.31,23500,0,1,0,31.41
1454624,35.51,35.0,34.9,35.3,1,0,12.09,14.32,24000,0,1,0,31.4
1455130,35.47,35.0,34.9,35.3,1,0,12.2,14.32,24500,0,1,0,31.4
1455636,35.47,35.0,34.9,35.3,1,0,12.2,14.3,25000,0,1,0,31.4
1456142,35.56,35.0,34.9,35.3,1,0,12.28,14.3,25500,0,1,0,31.42
1456648,35.56,35.0,34.9,35.3,1,0,12.28,14.36,26001,0,1,0,31.42
1457154,35.56,35.0,34.9,35.3,1,0,12.5,14.36,26501,0,1,0,31.4
1457660,35.56,35.0,34.9,35.3,1,0,12.5,14.34,27001,0,1,0,31.4
1458166,35.54,35.0,34.9,35.3,1,0,12.22,14.34,27501,0,1,0,31.4
1458672,35.54,35.0,34.9,35.3,1,0,12.22,14.33,28001,0,1,0,31.4
1459178,35.6,35.0,34.9,35.3,1,0,12.2,14.33,28501,0,1,0,31.44
1459684,35.6,35.0,34.9,35.3,1,0,12.2,14.39,29001,0,1,0,31.44
1460190,35.53,35.0,34.9,35.3,1,0,12.04,14.39,29501,0,1,0,31.41
1460696,35.53,35.0,34.9,35.3,1,0,12.04,14.34,30001,0,1,0,31.41
1461202,35.53,35.0,34.9,35.3,1,0,12.04,14.34,30501,0,1,0,31.41
1461708,35.62,35.0,34.9,35.3,1,0,11.73,14.34,31001,0,1,0,31.44
1462214,35.57,35.0,34.9,35.3,1,0,11.6,14.4,31501,0,1,0,31.41
1462734,35.65,35.0,34.9,35.3,1,0,11.8,14.36,32001,0,1,0,31.42
1463241,35.65,35.0,34.9,35.3,1,0,11.8,14.4,32501,0,1,0,31.42
1463747,35.63,35.0,34.9,35.3,1,0,11.8,14.39,33013,0,1,0,31.42
1464253,35.63,35.0,34.9,35.3,1,0,11.8,14.39,33513,0,1,0,31.42
1464759,35.62,35.0,34.9,35.3,1,0,12.02,14.39,34013,0,1,0,31.41
1465265,35.64,35.0,34.9,35.3,1,0,12.0,14.37,34513,0,1,0,31.41
1465771,35.63,35.0,34.9,35.3,1,0,11.82,14.39,35013,0,1,0,31.42
1466277,35.63,35.0,34.9,35.3,1,0,11.82,14.39,35513,0,1,0,31.42
1466783,35.65,35.0,34.9,35.3,1,0,11.69,14.4,36013,0,1,0,31.42
1467289,35.69,35.0,34.9,35.3,1,0,12.0,14.4,36513,0,1,0,31.41
1467795,35.65,35.0,34.9,35.3,1,0,11.58,14.41,37013,0,1,0,31.42
1468301,35.65,35.0,34.9,35.3,1,0,11.09,14.4,37513,0,1,0,31.44
1468807,35.68,35.0,34.9,35.3,1,0,11.6,14.41,38013,0,1,0,31.42
1469313,35.68,35.0,34.9,35.3,1,0,11.6,14.41,38513,0,1,0,31.42
1469819,35.67,35.0,34.9,35.3,1,0,11.67,14.41,39013,0,1,0,31.4
1470325,35.67,35.0,34.9,35.3,1,0,11.67,14.39,39513,0,1,0,31.4
1470831,35.71,35.0,34.9,35.3,1,0,11.47,14.39,40013,0,1,0,31.42
1471337,35.71,35.0,34.9,35.3,1,0,11.47,14.43,40513,0,1,0,31.42
1471843,35.72,35.0,34.9,35.3,1,0,11.82,14.42,41518,0,1,0,31.41
1472350,35.72,35.0,34.9,35.3,1,0,11.82,14.42,42018,0,1,0,31.41
1472857,35.69,35.0,34.9,35.3,1,0,11.62,14.42,42518,0,1,0,31.42
1473363,35.69,35.0,34.9,35.3,1,0,11.62,14.42,43018,0,1,0,31.42
1473869,35.69,35.0,34.9,35.3,1,0,11.53,14.39,43518,0,1,0,31.4
1474375,35.69,35.0,34.9,35.3,1,0,11.73,14.42,44018,0,1,0,31.42
1474881,35.72,35.0,34.9,35.3,1,0,11.89,14.44,44518,0,1,0,31.44
1475387,35.72,35.0,34.9,35.3,1,0,11.89,14.44,45018,0,1,0,31.44
1475893,35.73,35.0,34.9,35.3,1,0,11.31,14.44,45518,0,1,0,31.42
1476415,35.68,35.0,34.9,35.3,1,0,11.53,14.44,46018,0,1,0,31.42
1476922,35.68,35.0,34.9,35.3,1,0,11.53,14.41,46518,0,1,0,31.42
1477428,35.71,35.0,34.9,35.3,1,0,11.58,14.44,47018,0,1,0,31.44
1477934,35.71,35.0,34.9,35.3,1,0,11.58,14.44,47518,0,1,0,31.44
1478440,35.71,35.0,34.9,35.3,1,0,11.58,14.44,48018,0,1,0,31.44
1478946,35.71,35.0,34.9,35.3,1,0,11.58,14.44,48518,0,1,0,31.44
1479452,35.71,35.0,34.9,35.3,1,0,11.58,14.44,49019,0,1,0,31.44
1479958,35.71,35.0,34.9,35.3,1,0,10.89,14.43,49520,0,1,0,31.42
1480464,35.65,35.0,34.9,35.3,1,0,11.24,14.43,50020,0,1,0,31.42
1480970,35.65,35.0,34.9,35.3,1,0,11.24,14.4,50520,0,1,0,31.42
1481476,35.66,35.0,34.9,35.3,1,0,11.16,14.4,51020,0,1,0,31.44
1481982,35.66,35.0,34.9,35.3,1,0,11.16,14.42,51520,0,1,0,31.44
1482488,35.68,35.0,34.9,35.3,1,0,11.09,14.41,52020,0,1,0,31.42
1482994,35.71,35.0,34.9,35.3,1,0,11.18,14.43,52520,0,1,0,31.42
1483500,35.69,35.0,34.9,35.3,1,0,11.13,14.43,53020,0,1,0,31.44
1484006,35.69,35.0,34.9,35.3,1,0,11.13,14.43,53520,0,1,0,31.44
1484512,35.73,35.0,34.9,35.3,1,0,11.16,14.45,54020,0,1,0,31.44
1485018,35.64,35.0,34.9,35.3,1,0,10.76,14.45,54520,0,1,0,31.41
1485524,35.64,35.0,34.9,35.3,1,0,10.76,14.39,55020,0,1,0,31.41
1486030,35.65,35.0,34.9,35.3,1,0,11.64,14.39,55520,0,1,0,31.42
1486536,35.65,35.0,34.9,35.3,1,0,11.64,14.4,56020,0,1,0,31.42
1487042,35.64,35.0,34.9,35.3,1,0,11.16,14.37,56520,0,1,0,31.4
1487548,35.64,35.0,34.9,35.3,1,0,11.16,14.37,57020,0,1,0,31.4
1488054,35.69,35.0,34.9,35.3,1,0,11.09,14.42,57520,0,1,0,31.42
1488560,35.65,35.0,34.9,35.3,1,0,11.27,14.42,58020,0,1,0,31.44
1489066,35.65,35.0,34.9,35.3,1,0,11.27,14.41,58520,0,1,0,31.44
1489572,35.6,35.0,34.9,35.3,1,0,11.22,14.41,59020,0,1,0,31.44
1490078,35.6,35.0,34.9,35.3,1,0,11.22,14.39,59520,0,1,0,31.44
1490584,35.62,35.0,34.9,35.3,1,0,10.91,14.39,60020,0,1,0,31.42
1491090,35.62,35.0,34.9,35.3,1,0,10.73,14.39,60520,0,1,0,31.44
1491598,35.62,35.0,34.9,35.3,1,0,10.73,14.4,61020,0,1,0,31.44
1492105,35.66,35.0,34.9,35.3,1,0,10.69,14.43,61520,0,1,0,31.45
1492611,35.66,35.0,34.9,35.3,1,0,10.42,14.43,62020,0,1,0,31.44
1493117,35.66,35.0,34.9,35.3,1,0,10.42,14.42,62520,0,1,0,31.44
1493623,35.54,35.0,34.9,35.3,1,0,11.04,14.42,63020,0,1,0,31.42
1494129,35.6,35.0,34.9,35.3,1,0,10.87,14.35,63520,0,1,0,31.44
1494635,35.6,35.0,34.9,35.3,1,0,10.87,14.39,64020,0,1,0,31.44
1495141,35.59,35.0,34.9,35.3,1,0,10.8,14.39,64520,0,1,0,31.41
1495663,35.6,35.0,34.9,35.3,1,0,10.84,14.36,65020,0,1,0,31.44
1496170,35.6,35.0,34.9,35.3,1,0,10.84,14.39,65520,0,1,0,31.44
1496676,35.56,35.0,34.9,35.3,1,0,11.0,14.39,66020,0,1,0,31.45
1497182,35.57,35.0,34.9,35.3,1,0,10.78,14.39,66520,0,1,0,31.44
1497688,35.57,35.0,34.9,35.3,1,0,10.78,14.38,67020,0,1,0,31.44
1498194,35.54,35.0,34.9,35.3,1,0,10.69,14.38,67520,0,1,0,31.42
1498700,35.54,35.0,34.9,35.3,1,0,10.69,14.35,68020,0,1,0,31.42
1499206,35.55,35.0,34.9,35.3,1,0,10.47,14.35,68520,0,1,0,31.45
1499712,35.55,35.0,34.9,35.3,1,0,10.47,14.38,69020,0,1,0,31.45
1500218,35.58,35.0,34.9,35.3,1,0,10.6,14.4,69520,0,1,0,31.45
1500724,35.58,35.0,34.9,35.3,1,0,10.6,14.4,70020,0,1,0,31.45
1501230,35.52,35.0,34.9,35.3,1,0,9.73,14.4,70520,0,1,0,31.45
1501736,35.52,35.0,34.9,35.3,1,0,9.73,14.37,71020,0,1,0,31.45
1502242,35.52,35.0,34.9,35.3,1,0,9.73,14.37,71520,0,1,0,31.45
1502748,35.49,35.0,34.9,35.3,1,0,10.49,14.37,72020,0,1,0,31.44
1503255,35.52,35.0,34.9,35.3,1,0,9.43,14.34,72520,0,1,0,31.45
1503762,35.52,35.0,34.9,35.3,1,0,9.43,14.37,73020,0,1,0,31.45
1504268,35.5,35.0,34.9,35.3,1,0,11.2,14.37,73521,0,1,0,31.45
1504774,35.46,35.0,34.9,35.3,1,0,10.15,14.36,74022,0,1,0,31.44
1505280,35.46,35.0,34.9,35.3,1,0,10.15,14.33,74523,0,1,0,31.44
1505786,35.46,35.0,34.9,35.3,1,0,10.15,14.33,75023,0,1,1,31.44
1506292,35.49,35.0,34.9,35.3,1,0,10.51,14.33,75523,0,1,1,31.44
1506798,35.46,35.0,34.9,35.3,1,0,10.08,14.34,76023,0,1,1,31.45
1507304,35.46,35.0,34.9,35.3,1,0,10.08,14.34,76523,0,1,1,31.45
1507810,35.44,35.0,34.9,35.3,1,0,10.06,14.34,77023,0,1,1,31.42
1508316,35.44,35.0,34.9,35.3,1,0,10.06,14.31,77523,0,1,1,31.42
1508822,35.44,35.0,34.9,35.3,1,0,10.38,14.31,78023,0,1,1,31.42
1509328,35.44,35.0,34.9,35.3,1,0,10.31,14.31,78523,0,1,1,31.44
1509834,35.44,35.0,34.9,35.3,1,0,10.31,14.32,79023,0,1,1,31.44
1510340,35.43,35.0,34.9,35.3,1,0,9.91,14.32,79523,0,1,1,31.45
1510850,35.43,35.0,34.9,35.3,1,0,9.91,14.33,80525,0,1,1,31.45
1511356,35.43,35.0,34.9,35.3,1,0,9.91,14.33,81025,0,1,1,31.45
1511862,35.43,35.0,34.9,35.3,1,0,10.08,14.32,81525,0,1,1,31.44
1512368,35.43,35.0,34.9,35.3,1,0,10.08,14.32,82025,0,1,1,31.44
1512874,35.36,35.0,34.9,35.3,1,0,10.35,14.31,82525,0,1,1,31.47
1513380,35.38,35.0,34.9,35.3,1,0,10.17,14.28,83025,0,1,1,31.42
1513886,35.38,35.0,34.9,35.3,1,0,10.17,14.28,83525,0,1,1,31.42
1514392,35.38,35.0,34.9,35.3,1,0,10.17,14.28,84025,0,1,1,31.42
1514898,35.41,35.0,34.9,35.3,1,0,10.2,14.32,84525,0,1,1,31.45
1515404,35.37,35.0,34.9,35.3,1,0,9.95,14.32,85025,0,1,1,31.47
1515910,35.37,35.0,34.9,35.3,1,0,9.95,14.32,85525,0,1,1,31.47
1516416,35.32,35.0,34.9,35.3,1,0,10.15,14.29,86025,0,1,1,31.47
1516922,35.32,35.0,34.9,35.3,1,0,10.15,14.29,86525,0,1,1,31.47
1517430,35.32,35.0,34.9,35.3,1,0,10.15,14.29,87025,0,1,1,31.47
1517937,35.32,35.0,34.9,35.3,1,0,10.15,14.29,87525,0,1,1,31.47
1518443,35.32,35.0,34.9,35.3,1,0,10.15,14.29,88025,0,1,1,31.47
1518949,35.39,35.0,34.9,35.3,1,0,9.84,14.31,88525,0,1,1,31.45
1519455,35.33,35.0,34.9,35.3,1,0,10.64,14.3,89025,0,1,1,31.47
1519961,35.33,35.0,34.9,35.3,1,0,10.64,14.3,89525,0,1,1,31.47
1520467,35.28,35.0,34.9,35.3,0,0,10.0,14.28,0,0,1,0,31.47
1520973,35.27,35.0,34.9,35.3,0,0,9.95,14.28,500,0,1,0,31.45
1521479,35.28,35.0,34.9,35.3,0,0,9.18,14.26,1000,0,1,0,31.45
1521986,35.28,35.0,34.9,35.3,0,0,9.18,14.27,1500,0,1,0,31.45
1522492,35.27,35.0,34.9,35.3,0,0,10.02,14.26,2000,0,1,0,31.45
1522998,35.27,35.0,34.9,35.3,0,0,10.02,14.26,2500,0,1,0,31.45
1523504,35.27,35.0,34.9,35.3,0,0,10.02,14.26,3000,0,1,0,31.45
1524010,35.23,35.0,34.9,35.3,0,0,10.42,14.24,3500,0,1,0,31.45
1524516,35.2,35.0,34.9,35.3,0,0,10.13,14.24,4000,0,1,0,31.45
1525022,35.2,35.0,34.9,35.3,0,0,10.13,14.23,4500,0,1,0,31.45
1525529,35.23,35.0,34.9,35.3,0,0,10.17,14.25,5000,0,1,0,31.47
1526035,35.24,35.0,34.9,35.3,0,0,10.82,14.23,5500,0,1,0,31.44
1526541,35.24,35.0,34.9,35.3,0,0,10.82,14.23,6000,0,1,0,31.44
1527047,35.24,35.0,34.9,35.3,0,0,9.95,14.22,6500,0,1,0,31.42
1527553,35.17,35.0,34.9,35.3,0,0,10.87,14.24,7000,0,1,0,31.48
1528059,35.17,35.0,34.9,35.3,0,0,10.87,14.24,7500,0,1,0,31.48
1528565,35.2,35.0,34.9,35.3,0,0,10.06,14.24,8000,0,1,0,31.48
1529073,35.2,35.0,34.9,35.3,0,0,10.06,14.25,8500,0,1,0,31.48
1529580,35.14,35.0,34.9,35.3,0,0,10.73,14.22,9000,0,1,0,31.47
1530086,35.14,35.0,34.9,35.3,0,0,10.73,14.22,9500,0,1,0,31.47
1530592,35.17,35.0,34.9,35.3,0,0,11.13,14.22,10000,0,1,0,31.45
1531098,35.17,35.0,34.9,35.3,0,0,11.13,14.22,10500,0,1,0,31.45
1531604,35.14,35.0,34.9,35.3,0,0,10.8,14.22,11000,0,1,0,31.47
1532110,35.14,35.0,34.9,35.3,0,0,10.8,14.22,11500,0,1,0,31.47
1532616,35.1,35.0,34.9,35.3,0,0,11.09,14.2,12000,0,1,0,31.47
1533123,35.12,35.0,34.9,35.3,0,0,11.07,14.2,12500,0,1,0,31.44
1533630,35.12,35.0,34.9,35.3,0,0,11.07,14.18,13000,0,1,0,31.44
1534136,35.11,35.0,34.9,35.3,0,0,10.78,14.18,13500,0,1,0,31.47
1534642,35.06,35.0,34.9,35.3,0,0,11.4,14.2,14000,0,1,0,31.45
1535148,35.05,35.0,34.9,35.3,0,0,11.62,14.17,14500,0,1,0,31.45
1535654,35.05,35.0,34.9,35.3,1,0,11.62,14.17,0,0,1,0,31.45
1536160,35.06,35.0,34.9,35.3,1,0,11.58,14.17,500,0,1,0,31.45
1536666,35.04,35.0,34.9,35.3,1,0,11.62,14.17,1000,0,1,0,31.47
1537172,35.04,35.0,34.9,35.3,1,0,11.62,14.17,1500,0,1,0,31.47
1537678,35.04,35.0,34.9,35.3,1,0,11.62,14.17,2000,0,1,0,31.47
1538184,35.08,35.0,34.9,35.3,1,0,12.17,14.17,2500,0,1,0,31.47
1538690,35.05,35.0,34.9,35.3,1,0,12.31,14.19,3000,0,1,0,31.44
1539196,35.05,35.0,34.9,35.3,1,0,12.31,14.15,3500,0,1,0,31.44
1539702,35.04,35.0,34.9,35.3,1,0,11.89,14.15,4000,0,1,0,31.47
1540208,35.04,35.0,34.9,35.3,1,0,11.89,14.17,4500,0,1,0,31.47
1540714,35.04,35.0,34.9,35.3,1,0,11.89,14.17,5000,0,1,0,31.47
1541221,35.05,35.0,34.9,35.3,1,0,12.37,14.17,5500,0,1,0,31.47
1541728,35.05,35.0,34.9,35.3,1,0,12.37,14.18,6000,0,1,0,31.47
1542234,35.05,35.0,34.9,35.3,1,0,12.37,14.18,6500,0,1,0,31.47
1542740,35.04,35.0,34.9,35.3,1,0,12.26,14.18,7000,0,1,0,31.48
1543246,35.04,35.0,34.9,35.3,1,0,12.26,14.18,7500,0,1,0,31.48
1543752,35.05,35.0,34.9,35.3,1,0,12.24,14.18,8000,0,1,0,31.47
1544258,35.05,35.0,34.9,35.3,1,0,12.24,14.18,8500,0,1,0,31.47
1544764,35.05,35.0,34.9,35.3,1,0,11.97,14.18,9000,0,1,0,31.45
1545270,35.05,35.0,34.9,35.3,1,0,11.97,14.17,9500,0,1,0,31.45
1545776,35.04,35.0,34.9,35.3,1,0,11.67,14.17,10000,0,1,0,31.48
1546282,35.04,35.0,34.9,35.3,1,0,11.67,14.18,10500,0,1,0,31.48
1546788,35.06,35.0,34.9,35.3,1,0,11.64,14.18,11000,0,1,0,31.47
1547294,35.05,35.0,34.9,35.3,1,0,12.17,14.18,11500,0,1,0,31.48
1547800,35.05,35.0,34.9,35.3,1,0,12.17,14.19,12000,0,1,0,31.48
1548306,35.06,35.0,34.9,35.3,1,0,11.67,14.18,12500,0,1,0,31.47
1548812,35.05,35.0,34.9,35.3,1,0,12.35,14.18,13000,0,1,0,31.47
1549320,35.09,35.0,34.9,35.3,1,0,12.15,14.18,13500,0,1,0,31.44
1549827,35.09,35.0,34.9,35.3,1,0,12.15,14.17,14000,0,1,0,31.44
1550333,35.08,35.0,34.9,35.3,1,0,12.66,14.17,14500,0,1,0,31.45
1550839,35.08,35.0,34.9,35.3,1,0,12.66,14.18,15000,0,1,0,31.45
1551345,35.13,35.0,34.9,35.3,1,0,12.22,14.18,15500,0,1,0,31.48
1551851,35.13,35.0,34.9,35.3,1,0,12.22,14.22,16501,0,1,0,31.48
1552357,35.11,35.0,34.9,35.3,1,0,12.15,14.22,17001,0,1,0,31.48
1552863,35.13,35.0,34.9,35.3,1,0,12.13,14.23,17501,0,1,0,31.49
1553369,35.13,35.0,34.9,35.3,1,0,12.13,14.23,18001,0,1,0,31.49
1553875,35.14,35.0,34.9,35.3,1,0,11.42,14.23,18511,0,1,0,31.48
1554381,35.14,35.0,34.9,35.3,1,0,11.42,14.23,19011,0,1,0,31.48
1554887,35.17,35.0,34.9,35.3,1,0,11.91,14.24,19511,0,1,0,31.48
1555393,35.17,35.0,34.9,35.3,1,0,11.86,14.25,20011,0,1,0,31.49
1555899,35.14,35.0,34.9,35.3,1,0,11.69,14.23,20511,0,1,0,31.48
1556405,35.14,35.0,34.9,35.3,1,0,11.69,14.23,21011,0,1,0,31.48
1556911,35.14,35.0,34.9,35.3,1,0,11.69,14.23,21511,0,1,0,31.48
1557417,35.14,35.0,34.9,35.3,1,0,11.69,14.23,22011,0,1,0,31.48
1557923,35.14,35.0,34.9,35.3,1,0,11.69,14.23,22511,0,1,0,31.48
1558429,35.14,35.0,34.9,35.3,1,0,11.69,14.23,23011,0,1,0,31.48
1558935,35.17,35.0,34.9,35.3,1,0,11.8,14.23,23511,0,1,0,31.47
1559441,35.24,35.0,34.9,35.3,1,0,11.82,14.29,24011,0,1,0,31.49
1559947,35.22,35.0,34.9,35.3,1,0,12.26,14.27,24520,0,1,0,31.49
1560455,35.22,35.0,34.9,35.3,1,0,12.26,14.27,25020,0,1,0,31.49
1560961,35.17,35.0,34.9,35.3,1,0,12.02,14.25,25520,0,1,0,31.49
1561467,35.26,35.0,34.9,35.3,1,0,11.8,14.28,26020,0,1,0,31.48
1561973,35.24,35.0,34.9,35.3,1,0,11.49,14.26,26520,0,1,0,31.47
1562479,35.24,35.0,34.9,35.3,1,0,11.49,14.26,27020,0,1,0,31.47
1562985,35.24,35.0,34.9,35.3,1,0,11.49,14.26,27520,0,1,0,31.47
1563491,35.24,35.0,34.9,35.3,1,0,11.49,14.26,28020,0,1,0,31.47
1563997,35.3,35.0,34.9,35.3,1,0,11.49,14.3,28520,0,1,0,31.48
1564503,35.29,35.0,34.9,35.3,1,0,11.84,14.3,29020,0,1,0,31.49
1565009,35.29,35.0,34.9,35.3,1,0,11.84,14.3,29520,0,1,0,31.49
1565515,35.29,35.0,34.9,35.3,1,0,10.91,14.29,30020,0,1,0,31.48
1566021,35.29,35.0,34.9,35.3,1,0,10.91,14.29,30520,0,1,0,31.48
1566527,35.27,35.0,34.9,35.3,1,0,11.2,14.29,31020,0,1,0,31.48
1567033,35.27,35.0,34.9,35.3,1,0,11.2,14.29,31520,0,1,0,31.48
1567539,35.33,35.0,34.9,35.3,1,0,11.33,14.32,32020,0,1,0,31.49
1568046,35.33,35.0,34.9,35.3,1,0,11.33,14.32,32520,0,1,0,31.49
1568553,35.24,35.0,34.9,35.3,1,0,11.29,14.27,33020,0,1,0,31.48
1569059,35.24,35.0,34.9,35.3,1,0,11.29,14.27,33520,0,1,0,31.48
1569565,35.33,35.0,34.9,35.3,1,0,11.31,14.27,34020,0,1,0,31.48
1570071,35.33,35.0,34.9,35.3,1,0,11.31,14.31,34520,0,1,0,31.48
1570577,35.35,35.0,34.9,35.3,1,0,11.6,14.33,35020,0,1,0,31.49
1571083,35.29,35.0,34.9,35.3,1,0,10.8,14.3,35520,0,1,0,31.49
1571589,35.29,35.0,34.9,35.3,1,0,10.8,14.3,36020,0,1,0,31.49
1572095,35.35,35.0,34.9,35.3,1,0,11.4,14.32,36520,0,1,0,31.48
1572601,35.35,35.0,34.9,35.3,1,0,11.4,14.32,37020,0,1,0,31.48
1573107,35.35,35.0,34.9,35.3,1,0,11.4,14.32,37520,0,1,0,31.48
1573613,35.33,35.0,34.9,35.3,1,0,11.27,14.31,38020,0,1,0,31.48
1574119,35.33,35.0,34.9,35.3,1,0,11.27,14.31,38520,0,1,0,31.48
1574625,35.32,35.0,34.9,35.3,1,0,11.31,14.31,39032,0,1,0,31.48
1575131,35.32,35.0,34.9,35.3,1,0,11.31,14.31,39532,0,1,0,31.48
1575637,35.3,35.0,34.9,35.3,1,0,11.84,14.29,40032,0,1,0,31.47
1576144,35.3,35.0,34.9,35.3,1,0,11.84,14.29,40532,0,1,0,31.47
1576651,35.3,35.0,34.9,35.3,1,0,11.84,14.29,41032,0,1,0,31.47
1577157,35.32,35.0,34.9,35.3,1,0,10.55,14.32,41532,0,1,0,31.49
1577663,35.33,35.0,34.9,35.3,1,0,11.11,14.32,42032,0,1,0,31.49
1578169,35.33,35.0,34.9,35.3,1,0,11.11,14.32,42532,0,1,0,31.49
1578675,35.33,35.0,34.9,35.3,1,0,11.11,14.32,43032,0,1,0,31.49
1579181,35.33,35.0,34.9,35.3,1,0,11.33,14.31,43532,0,1,0,31.48
1579690,35.32,35.0,34.9,35.3,1,0,10.24,14.31,44032,0,1,0,31.49
1580197,35.32,35.0,34.9,35.3,1,0,10.24,14.32,44532,0,1,0,31.49
1580703,35.29,35.0,34.9,35.3,1,0,11.04,14.32,45032,0,1,0,31.49
1581209,35.27,35.0,34.9,35.3,0,0,11.22,14.3,0,0,1,0,31.49
1581715,35.27,35.0,34.9,35.3,0,0,11.22,14.3,500,0,1,0,31.49
1582221,35.3,35.0,34.9,35.3,0,0,10.98,14.31,1000,0,1,0,31.49
1582727,35.36,35.0,34.9,35.3,0,0,11.02,14.31,1500,0,1,0,31.49
1583233,35.36,35.0,34.9,35.3,0,0,11.02,14.34,2000,0,1,0,31.49
1583739,35.32,35.0,34.9,35.3,0,0,11.0,14.32,2500,0,1,0,31.49
1584245,35.33,35.0,34.9,35.3,0,0,11.04,14.32,3000,0,1,0,31.48
1584751,35.33,35.0,34.9,35.3,0,0,11.04,14.31,3500,0,1,0,31.48
1585257,35.33,35.0,34.9,35.3,0,0,11.04,14.31,4000,0,1,0,31.48
1585763,35.33,35.0,34.9,35.3,0,0,11.04,14.31,4500,0,1,0,31.48
1586269,35.32,35.0,34.9,35.3,0,0,10.51,14.31,5000,0,1,0,31.48
1586775,35.32,35.0,34.9,35.3,0,0,10.51,14.31,5500,0,1,0,31.48
1587281,35.27,35.0,34.9,35.3,0,0,11.22,14.31,6001,0,1,0,31.48
1587788,35.26,35.0,34.9,35.3,0,0,11.53,14.29,6501,0,1,0,31.48
1588295,35.26,35.0,34.9,35.3,0,0,11.53,14.28,7001,0,1,0,31.48
1588801,35.26,35.0,34.9,35.3,0,0,11.2,14.28,7501,0,1,0,31.49
1589307,35.26,35.0,34.9,35.3,0,0,11.2,14.29,8001,0,1,0,31.49
1589813,35.27,35.0,34.9,35.3,0,0,11.4,14.3,8501,0,1,0,31.49
1590319,35.26,35.0,34.9,35.3,0,0,11.24,14.3,9001,0,1,0,31.51
1590825,35.26,35.0,34.9,35.3,0,0,11.24,14.31,9501,0,1,0,31.51
1591331,35.29,35.0,34.9,35.3,0,0,11.6,14.31,10001,0,1,0,31.49
1591837,35.29,35.0,34.9,35.3,0,0,11.6,14.3,10501,0,1,0,31.49
1592343,35.29,35.0,34.9,35.3,0,0,11.6,14.3,11001,0,1,0,31.49
1592849,35.27,35.0,34.9,35.3,0,0,11.73,14.3,11501,0,1,0,31.48
1593355,35.23,35.0,34.9,35.3,0,0,11.84,14.29,12001,0,1,0,31.48
1593861,35.29,35.0,34.9,35.3,0,0,12.0,14.27,12501,0,1,0,31.49
1594367,35.29,35.0,34.9,35.3,0,0,12.0,14.3,13001,0,1,0,31.49
1594873,35.29,35.0,34.9,35.3,0,0,12.0,14.3,13501,0,1,0,31.49
1595379,35.22,35.0,34.9,35.3,0,0,12.28,14.3,14001,0,1,0,31.48
1595885,35.22,35.0,34.9,35.3,0,0,12.28,14.26,14507,0,1,0,31.48
1596391,35.22,35.0,34.9,35.3,1,0,12.28,14.26,0,0,1,0,31.48
1596897,35.22,35.0,34.9,35.3,1,0,12.28,14.26,1006,0,1,0,31.48
1597403,35.23,35.0,34.9,35.3,1,0,12.57,14.29,1506,0,1,0,31.51
1597909,35.19,35.0,34.9,35.3,1,0,12.55,14.26,2006,0,1,0,31.49
1598415,35.19,35.0,34.9,35.3,1,0,12.55,14.26,2506,0,1,0,31.49
1598921,35.2,35.0,34.9,35.3,1,0,12.72,14.27,3006,0,1,0,31.49
1599427,35.2,35.0,34.9,35.3,1,0,12.72,14.27,3506,0,1,0,31.49
1599933,35.2,35.0,34.9,35.3,1,0,12.48,14.28,4006,0,1,0,31.51
1600439,35.17,35.0,34.9,35.3,1,0,13.47,14.27,4506,0,0,0,31.51
1600945,35.24,35.0,34.9,35.3,1,0,13.03,14.29,5006,0,0,0,31.49
1601451,35.2,35.0,34.9,35.3,1,0,12.88,14.27,5523,0,0,0,31.49
1601957,35.2,35.0,34.9,35.3,1,0,12.88,14.27,6023,0,0,0,31.49
1602463,35.2,35.0,34.9,35.3,1,0,12.88,14.27,6523,0,0,0,31.49
1602978,35.24,35.0,34.9,35.3,1,0,13.42,14.27,7023,0,0,0,31.49
1603485,35.24,35.0,34.9,35.3,1,0,13.42,14.29,7523,0,0,0,31.49
1603991,35.2,35.0,34.9,35.3,1,0,12.94,14.27,8023,0,0,0,31.49
1604497,35.2,35.0,34.9,35.3,1,0,12.94,14.27,8523,0,0,0,31.49
1605003,35.25,35.0,34.9,35.3,1,0,13.01,14.27,9023,0,0,0,31.52
1605509,35.25,35.0,34.9,35.3,1,0,13.01,14.31,9523,0,0,0,31.52
1606015,35.22,35.0,34.9,35.3,1,0,13.1,14.27,10023,0,0,0,31.49
1606521,35.22,35.0,34.9,35.3,1,0,13.1,14.27,10523,0,0,0,31.49
1607028,35.23,35.0,34.9,35.3,1,0,12.83,14.28,11030,0,0,0,31.49
1607534,35.23,35.0,34.9,35.3,1,0,12.83,14.28,11530,0,0,0,31.49
1608040,35.27,35.0,34.9,35.3,1,0,12.83,14.29,12030,0,0,0,31.48
1608546,35.27,35.0,34.9,35.3,1,0,12.83,14.29,12530,0,0,0,31.48
1609052,35.27,35.0,34.9,35.3,1,0,13.1,14.3,13030,0,0,0,31.49
1609558,35.29,35.0,34.9,35.3,1,0,12.33,14.29,13530,0,1,0,31.48
1610064,35.29,35.0,34.9,35.3,1,0,12.33,14.29,14030,0,1,0,31.48
1610570,35.28,35.0,34.9,35.3,1,0,12.72,14.31,14530,0,1,0,31.51
1611076,35.28,35.0,34.9,35.3,1,0,12.72,14.31,15030,0,1,0,31.51
1611582,35.3,35.0,34.9,35.3,1,0,12.2,14.32,15530,0,1,0,31.51
1612088,35.35,35.0,34.9,35.3,1,0,12.83,14.32,16030,0,1,0,31.52
1612594,35.35,35.0,34.9,35.3,1,0,12.83,14.36,16530,0,1,0,31.52
1613100,35.29,35.0,34.9,35.3,1,0,12.42,14.32,17030,0,1,0,31.51
1613606,35.36,35.0,34.9,35.3,1,0,12.64,14.36,17530,0,1,0,31.52
1614112,35.33,35.0,34.9,35.3,1,0,12.31,14.36,18030,0,1,0,31.51
1614618,35.33,35.0,34.9,35.3,1,0,12.31,14.34,18530,0,1,0,31.51
1615124,35.38,35.0,34.9,35.3,1,0,12.48,14.34,19030,0,1,0,31.51
1615631,35.38,35.0,34.9,35.3,1,0,12.55,14.36,19533,0,1,0,31.52
1616138,35.38,35.0,34.9,35.3,1,0,12.55,14.37,20034,0,1,0,31.52
1616644,35.38,35.0,34.9,35.3,1,0,12.64,14.34,20534,0,1,0,31.49
1617150,35.42,35.0,34.9,35.3,1,0,12.33,14.36,21038,0,1,0,31.49
1617656,35.42,35.0,34.9,35.3,1,0,12.33,14.36,21538,0,1,0,31.49
1618162,35.44,35.0,34.9,35.3,1,0,12.39,14.38,22038,0,1,0,31.51
1618668,35.44,35.0,34.9,35.3,1,0,12.39,14.38,22538,0,1,0,31.51
1619174,35.46,35.0,34.9,35.3,1,0,12.39,14.38,23038,0,1,0,31.51
1619680,35.46,35.0,34.9,35.3,1,0,12.39,14.4,23538,0,1,0,31.51
1620186,35.5,35.0,34.9,35.3,1,0,12.37,14.4,24038,0,1,0,31.51
1620692,35.5,35.0,34.9,35.3,1,0,12.37,14.41,24538,0,1,0,31.51
1621198,35.48,35.0,34.9,35.3,1,0,12.68,14.4,25038,0,1,0,31.51
1621704,35.5,35.0,34.9,35.3,1,0,12.2,14.41,25538,0,1,0,31.51
1622210,35.5,35.0,34.9,35.3,1,0,12.22,14.41,26038,0,1,0,31.51
1622716,35.5,35.0,34.9,35.3,1,0,12.22,14.41,26538,0,1,0,31.51
1623222,35.48,35.0,34.9,35.3,1,0,12.42,14.41,27038,0,1,0,31.49
1623728,35.48,35.0,34.9,35.3,1,0,12.42,14.39,27538,0,1,0,31.49
1624234,35.47,35.0,34.9,35.3,1,0,12.39,14.41,28041,0,1,0,31.52
1624740,35.52,35.0,34.9,35.3,1,0,12.11,14.41,28541,0,1,0,31.52
1625246,35.52,35.0,34.9,35.3,1,0,12.11,14.43,29041,0,1,0,31.52
1625752,35.52,35.0,34.9,35.3,1,0,11.97,14.43,29541,0,1,0,31.52
1626258,35.52,35.0,34.9,35.3,1,0,11.97,14.43,30041,0,1,0,31.52
1626764,35.52,35.0,34.9,35.3,1,0,11.97,14.43,30541,0,1,0,31.52
1627270,35.52,35.0,34.9,35.3,1,0,11.97,14.43,31041,0,1,0,31.52
1627776,35.58,35.0,34.9,35.3,1,0,12.28,14.43,31541,0,1,0,31.51
1628282,35.58,35.0,34.9,35.3,1,0,12.28,14.45,32041,0,1,0,31.51
1628788,35.54,35.0,34.9,35.3,1,0,12.37,14.45,32544,0,1,0,31.51
1629294,35.54,35.0,34.9,35.3,1,0,12.37,14.43,33045,0,1,0,31.51
1629800,35.55,35.0,34.9,35.3,1,0,12.06,14.43,33545,0,1,0,31.51
1630306,35.58,35.0,34.9,35.3,1,0,11.47,14.43,34045,0,1,0,31.52
1630812,35.58,35.0,34.9,35.3,1,0,11.47,14.46,34545,0,1,0,31.52
1631318,35.58,35.0,34.9,35.3,1,0,11.47,14.46,35045,0,1,0,31.52
1631824,35.55,35.0,34.9,35.3,1,0,12.24,14.43,35545,0,1,0,31.51
1632330,35.58,35.0,34.9,35.3,1,0,11.31,14.43,36045,0,1,0,31.51
1632836,35.6,35.0,34.9,35.3,1,0,11.97,14.45,36545,0,1,0,31.52
1633342,35.6,35.0,34.9,35.3,1,0,11.97,14.46,37045,0,1,0,31.52
1633848,35.58,35.0,34.9,35.3,1,0,12.02,14.46,37545,0,1,0,31.51
1634354,35.58,35.0,34.9,35.3,1,0,12.02,14.45,38045,0,1,0,31.51
1634860,35.58,35.0,34.9,35.3,1,0,12.02,14.45,38545,0,1,0,31.51
1635366,35.6,35.0,34.9,35.3,1,0,11.42,14.45,39045,0,1,0,31.51
1635872,35.62,35.0,34.9,35.3,1,0,11.71,14.45,39545,0,1,0,31.52
1636378,35.62,35.0,34.9,35.3,1,0,11.71,14.48,40045,0,1,0,31.52
1636884,35.58,35.0,34.9,35.3,1,0,11.58,14.48,40545,0,1,0,31.52
1637390,35.58,35.0,34.9,35.3,1,0,11.58,14.46,41045,0,1,0,31.52
1637910,35.58,35.0,34.9,35.3,1,0,11.64,14.46,41545,0,1,0,31.51
1638417,35.58,35.0,34.9,35.3,1,0,11.64,14.45,42045,0,1,0,31.51
1638923,35.58,35.0,34.9,35.3,1,0,11.64,14.45,42545,0,1,0,31.51
1639429,35.58,35.0,34.9,35.3,1,0,11.64,14.45,43045,0,1,0,31.51
1639935,35.62,35.0,34.9,35.3,1,0,11.97,14.45,43545,0,1,0,31.51
1640441,35.61,35.0,34.9,35.3,1,0,11.29,14.47,44550,0,1,0,31.52
1640947,35.61,35.0,34.9,35.3,1,0,11.29,14.47,45050,0,1,0,31.52
1641453,35.61,35.0,34.9,35.3,1,0,11.29,14.47,45550,0,1,0,31.52
1641959,35.58,35.0,34.9,35.3,1,0,11.71,14.46,46050,0,1,0,31.52
1642465,35.58,35.0,34.9,35.3,1,0,11.71,14.46,46550,0,1,0,31.52
1642971,35.61,35.0,34.9,35.3,1,0,11.02,14.47,47050,0,1,0,31.52
1643477,35.61,35.0,34.9,35.3,1,0,11.02,14.47,47550,0,1,0,31.52
1643983,35.55,35.0,34.9,35.3,1,0,11.33,14.43,48050,0,1,0,31.51
1644489,35.57,35.0,34.9,35.3,1,0,11.11,14.45,48550,0,1,0,31.52
1644995,35.57,35.0,34.9,35.3,1,0,11.11,14.45,49050,0,1,0,31.52
1645501,35.6,35.0,34.9,35.3,1,0,11.09,14.46,49550,0,1,0,31.52
1646007,35.55,35.0,34.9,35.3,1,0,11.2,14.46,50050,0,1,0,31.52
1646513,35.55,35.0,34.9,35.3,1,0,11.2,14.45,50550,0,1,0,31.52
1647019,35.58,35.0,34.9,35.3,1,0,11.58,14.46,51050,0,1,0,31.52
1647525,35.58,35.0,34.9,35.3,1,0,11.58,14.46,51550,0,1,0,31.52
1648031,35.6,35.0,34.9,35.3,1,0,11.13,14.48,52050,0,1,0,31.53
1648537,35.6,35.0,34.9,35.3,1,0,11.13,14.48,52553,0,1,0,31.53
1649043,35.6,35.0,34.9,35.3,1,0,11.13,14.48,53053,0,1,0,31.53
1649549,35.6,35.0,34.9,35.3,1,0,11.13,14.48,53553,0,1,0,31.53
1650055,35.58,35.0,34.9,35.3,1,0,10.89,14.46,54053,0,1,0,31.52
1650561,35.58,35.0,34.9,35.3,1,0,11.04,14.46,54553,0,1,0,31.52
1651067,35.52,35.0,34.9,35.3,1,0,11.38,14.46,55053,0,1,0,31.53
1651573,35.52,35.0,34.9,35.3,1,0,11.38,14.44,55553,0,1,0,31.53
1652079,35.54,35.0,34.9,35.3,1,0,11.0,14.43,56053,0,1,0,31.51
1652585,35.54,35.0,34.9,35.3,1,0,11.0,14.43,56553,0,1,0,31.51
1653091,35.54,35.0,34.9,35.3,1,0,11.0,14.43,57053,0,1,0,31.51
1653597,35.54,35.0,34.9,35.3,1,0,10.2,14.45,57553,0,1,0,31.53
1654103,35.54,35.0,34.9,35.3,1,0,10.2,14.45,58053,0,1,0,31.53
1654609,35.53,35.0,34.9,35.3,1,0,10.58,14.46,58553,0,1,0,31.55
1655115,35.53,35.0,34.9,35.3,1,0,10.58,14.46,59053,0,1,0,31.55
1655626,35.54,35.0,34.9,35.3,1,0,10.78,14.46,59553,0,1,0,31.55
1656133,35.54,35.0,34.9,35.3,1,0,10.78,14.46,60053,0,1,0,31.55
1656639,35.48,35.0,34.9,35.3,1,0,11.18,14.43,60553,0,1,0,31.53
1657145,35.5,35.0,34.9,35.3,1,0,10.87,14.43,61053,0,1,0,31.52
1657651,35.5,35.0,34.9,35.3,1,0,10.87,14.42,61553,0,1,0,31.52
1658157,35.5,35.0,34.9,35.3,1,0,10.67,14.42,62053,0,1,0,31.53
1658663,35.47,35.0,34.9,35.3,1,0,10.84,14.43,62553,0,1,0,31.52
1659169,35.47,35.0,34.9,35.3,1,0,10.84,14.41,63053,0,1,0,31.52
1659675,35.5,35.0,34.9,35.3,1,0,10.73,14.42,63553,0,1,0,31.52
1660185,35.5,35.0,34.9,35.3,1,0,10.76,14.42,64053,0,1,0,31.51
1660692,35.5,35.0,34.9,35.3,1,0,10.76,14.41,64553,0,1,0,31.51
1661198,35.45,35.0,34.9,35.3,1,0,10.76,14.41,65053,0,1,0,31.52
1661704,35.45,35.0,34.9,35.3,1,0,10.76,14.4,65553,0,1,0,31.52
1662210,35.45,35.0,34.9,35.3,1,0,10.6,14.4,66053,0,1,0,31.55
1662716,35.45,35.0,34.9,35.3,1,0,10.6,14.43,66553,0,1,0,31.55
1663222,35.45,35.0,34.9,35.3,1,0,10.6,14.43,67053,0,1,0,31.55
1663728,35.45,35.0,34.9,35.3,1,0,10.6,14.43,67553,0,1,0,31.55
1664234,35.41,35.0,34.9,35.3,1,0,10.64,14.43,68053,0,1,0,31.53
1664740,35.41,35.0,34.9,35.3,1,0,10.64,14.39,68553,0,1,0,31.53
1665246,35.41,35.0,34.9,35.3,1,0,10.64,14.39,69053,0,1,0,31.53
1665752,35.41,35.0,34.9,35.3,1,0,10.8,14.39,69553,0,1,0,31.53
1666258,35.41,35.0,34.9,35.3,1,0,10.8,14.39,70053,0,1,0,31.53
1666764,35.38,35.0,34.9,35.3,1,0,10.62,14.39,70553,0,1,0,31.51
1667271,35.36,35.0,34.9,35.3,1,0,10.06,14.36,71053,0,1,0,31.52
1667778,35.36,35.0,34.9,35.3,1,0,10.06,14.36,71553,0,1,0,31.52
1668284,35.41,35.0,34.9,35.3,1,0,10.38,14.39,72053,0,1,0,31.53
1668790,35.33,35.0,34.9,35.3,1,0,10.47,14.39,72553,0,1,0,31.52
1669296,35.33,35.0,34.9,35.3,1,0,10.47,14.35,73053,0,1,0,31.52
1669802,35.33,35.0,34.9,35.3,1,0,10.49,14.35,73566,0,1,0,31.52
1670308,35.36,35.0,34.9,35.3,1,0,10.4,14.35,74066,0,1,0,31.52
1670814,35.33,35.0,34.9,35.3,1,0,9.7,14.36,74566,0,1,0,31.52
1671320,35.33,35.0,34.9,35.3,1,0,9.7,14.35,75066,0,1,1,31.52
1671826,35.3,35.0,34.9,35.3,1,0,10.49,14.35,75566,0,1,1,31.53
1672332,35.29,35.0,34.9,35.3,0,0,9.79,14.34,0,0,1,0,31.53
1672838,35.29,35.0,34.9,35.3,0,0,9.79,14.34,500,0,1,0,31.53
1673344,35.29,35.0,34.9,35.3,0,0,10.91,14.34,1000,0,1,0,31.53
1673850,35.28,35.0,34.9,35.3,0,0,10.47,14.34,1500,0,1,0,31.53
1674356,35.28,35.0,34.9,35.3,0,0,10.47,14.34,2000,0,1,0,31.53
1674862,35.29,35.0,34.9,35.3,0,0,10.24,14.33,2500,0,1,0,31.52
1675368,35.29,35.0,34.9,35.3,0,0,10.24,14.33,3000,0,1,0,31.52
1675874,35.29,35.0,34.9,35.3,0,0,10.93,14.33,3500,0,1,0,31.52
1676380,35.29,35.0,34.9,35.3,0,0,10.93,14.33,4000,0,1,0,31.52
1676886,35.23,35.0,34.9,35.3,0,0,10.51,14.33,4500,0,1,0,31.52
1677392,35.28,35.0,34.9,35.3,0,0,10.17,14.31,5000,0,1,0,31.53
1677898,35.28,35.0,34.9,35.3,0,0,10.17,14.34,5500,0,1,0,31.53
1678404,35.28,35.0,34.9,35.3,0,0,10.17,14.34,6002,0,1,0,31.53
1678910,35.2,35.0,34.9,35.3,0,0,10.15,14.34,6502,0,1,0,31.53
1679416,35.2,35.0,34.9,35.3,0,0,10.15,14.3,7002,0,1,0,31.53
1679922,35.23,35.0,34.9,35.3,0,0,10.6,14.3,7502,0,1,0,31.53
1680429,35.19,35.0,34.9,35.3,0,0,10.55,14.32,8002,0,1,0,31.53
1680936,35.19,35.0,34.9,35.3,0,0,10.55,14.3,8502,0,1,0,31.53
1681442,35.19,35.0,34.9,35.3,0,0,10.55,14.3,9002,0,1,0,31.53
1681948,35.19,35.0,34.9,35.3,0,0,10.84,14.3,9502,0,1,0,31.55
1682454,35.17,35.0,34.9,35.3,0,0,11.18,14.31,10002,0,1,0,31.52
1682960,35.17,35.0,34.9,35.3,0,0,11.18,14.28,11003,0,1,0,31.52
1683466,35.13,35.0,34.9,35.3,0,0,11.22,14.29,11503,0,1,0,31.55
1683972,35.12,35.0,34.9,35.3,0,0,11.33,14.27,12003,0,1,0,31.53
1684486,35.14,35.0,34.9,35.3,0,0,11.6,14.27,12503,0,1,0,31.53
1684993,35.14,35.0,34.9,35.3,0,0,11.6,14.28,13003,0,1,0,31.53
1685499,35.1,35.0,34.9,35.3,0,0,12.02,14.27,13520,0,1,0,31.55
1686005,35.1,35.0,34.9,35.3,0,0,12.02,14.27,14020,0,1,0,31.55
1686511,35.12,35.0,34.9,35.3,0,0,11.64,14.28,14520,0,1,0,31.55
1687017,35.12,35.0,34.9,35.3,1,0,11.64,14.28,0,0,1,0,31.55
1687523,35.12,35.0,34.9,35.3,1,0,11.97,14.25,500,0,1,0,31.52
1688029,35.12,35.0,34.9,35.3,1,0,11.42,14.27,1000,0,1,0,31.53
1688535,35.12,35.0,34.9,35.3,1,0,11.42,14.27,1500,0,1,0,31.53
1689041,35.12,35.0,34.9,35.3,1,0,11.42,14.27,2000,0,1,0,31.53
1689547,35.12,35.0,34.9,35.3,1,0,11.8,14.27,2500,0,1,0,31.53
1690053,35.12,35.0,34.9,35.3,1,0,11.8,14.27,3000,0,1,0,31.53
1690559,35.1,35.0,34.9,35.3,1,0,12.28,14.27,3500,0,1,0,31.53
1691065,35.1,35.0,34.9,35.3,1,0,12.28,14.26,4000,0,1,0,31.53
1691571,35.04,35.0,34.9,35.3,1,0,12.44,14.25,4500,0,1,0,31.55
1692077,35.04,35.0,34.9,35.3,1,0,12.44,14.25,5000,0,1,0,31.55
1692583,35.04,35.0,34.9,35.3,1,0,12.53,14.25,5500,0,1,0,31.55
1693089,35.04,35.0,34.9,35.3,1,0,12.53,14.25,6000,0,1,0,31.55
1693595,35.04,35.0,34.9,35.3,1,0,12.66,14.25,6500,0,1,0,31.55
1694101,35.06,35.0,34.9,35.3,1,0,12.55,14.25,7000,0,1,0,31.55
1694607,35.06,35.0,34.9,35.3,1,0,12.55,14.25,7500,0,1,0,31.55
1695113,35.09,35.0,34.9,35.3,1,0,12.59,14.25,8000,0,1,0,31.53
1695619,35.09,35.0,34.9,35.3,1,0,12.59,14.25,8500,0,1,0,31.53
1696125,35.09,35.0,34.9,35.3,1,0,12.68,14.3,9000,0,1,0,31.58
1696631,35.06,35.0,34.9,35.3,1,0,12.09,14.3,9500,0,1,0,31.55
1697137,35.06,35.0,34.9,35.3,1,0,12.48,14.25,10000,0,1,0,31.55
1697643,35.06,35.0,34.9,35.3,1,0,12.48,14.25,10500,0,1,0,31.55
1698149,35.06,35.0,34.9,35.3,1,0,12.48,14.25,11000,0,1,0,31.55
1698655,35.09,35.0,34.9,35.3,1,0,12.53,14.25,11500,0,1,0,31.53
1699161,35.04,35.0,34.9,35.3,1,0,12.39,14.25,12000,0,1,0,31.55
1699667,35.0,35.0,34.9,35.3,1,0,12.44,14.25,12500,0,1,0,31.55
1700173,35.0,35.0,34.9,35.3,1,0,12.44,14.23,13000,0,1,0,31.55
1700679,35.0,35.0,34.9,35.3,1,0,12.44,14.23,13500,0,1,0,31.55
1701185,35.18,35.0,34.9,35.3,1,0,12.28,14.23,14000,0,1,0,31.57
1701691,35.18,35.0,34.9,35.3,1,0,12.28,14.32,14500,0,1,0,31.57
1702197,35.18,35.0,34.9,35.3,1,0,12.28,14.32,15000,0,1,0,31.57
1702703,35.12,35.0,34.9,35.3,1,0,12.48,14.28,15500,0,1,0,31.55
1703211,35.14,35.0,34.9,35.3,1,0,12.33,14.28,16000,0,1,0,31.53
1703718,35.14,35.0,34.9,35.3,1,0,12.33,14.28,16500,0,1,0,31.53
1704224,35.16,35.0,34.9,35.3,1,0,12.35,14.28,17000,0,1,0,31.55
1704730,35.16,35.0,34.9,35.3,1,0,12.35,14.3,17500,0,1,0,31.55
1705236,35.19,35.0,34.9,35.3,1,0,12.92,14.3,18003,0,1,0,31.55
1705742,35.19,35.0,34.9,35.3,1,0,12.92,14.31,18503,0,0,0,31.55
1706248,35.21,35.0,34.9,35.3,1,0,12.24,14.33,19005,0,1,0,31.57
1706755,35.21,35.0,34.9,35.3,1,0,12.24,14.33,19505,0,1,0,31.57
1707262,35.19,35.0,34.9,35.3,1,0,12.09,14.33,20005,0,1,0,31.55
1707768,35.24,35.0,34.9,35.3,1,0,12.2,14.31,20505,0,1,0,31.57
1708274,35.24,35.0,34.9,35.3,1,0,12.2,14.35,21005,0,1,0,31.57
1708780,35.25,35.0,34.9,35.3,1,0,11.71,14.35,21505,0,1,0,31.55
1709286,35.25,35.0,34.9,35.3,1,0,11.71,14.34,22005,0,1,0,31.55
1709792,35.26,35.0,34.9,35.3,1,0,12.2,14.34,22505,0,1,0,31.55
1710298,35.26,35.0,34.9,35.3,1,0,12.2,14.34,23005,0,1,0,31.55
1710805,35.28,35.0,34.9,35.3,1,0,11.58,14.34,23505,0,1,0,31.57
1711312,35.28,35.0,34.9,35.3,1,0,11.58,14.37,24005,0,1,0,31.57
1711818,35.28,35.0,34.9,35.3,1,0,12.04,14.35,24505,0,1,0,31.55
1712324,35.31,35.0,34.9,35.3,1,0,12.0,14.35,25005,0,1,0,31.55
1712830,35.31,35.0,34.9,35.3,1,0,12.06,14.36,25505,0,1,0,31.55
1713336,35.31,35.0,34.9,35.3,1,0,12.06,14.36,26005,0,1,0,31.55
1713842,35.32,35.0,34.9,35.3,1,0,11.97,14.36,26505,0,1,0,31.55
1714348,35.32,35.0,34.9,35.3,1,0,11.97,14.37,27005,0,1,0,31.55
1714862,35.32,35.0,34.9,35.3,1,0,11.33,14.37,27505,0,1,0,31.55
1715369,35.32,35.0,34.9,35.3,1,0,11.33,14.37,28005,0,1,0,31.55
1715875,35.27,35.0,34.9,35.3,1,0,11.4,14.36,28505,0,1,0,31.57
1716381,35.32,35.0,34.9,35.3,1,0,11.84,14.36,29005,0,1,0,31.55
1716887,35.32,35.0,34.9,35.3,1,0,11.84,14.37,29505,0,1,0,31.55
1717393,35.33,35.0,34.9,35.3,1,0,11.24,14.39,30005,0,1,0,31.57
1717899,35.33,35.0,34.9,35.3,1,0,11.24,14.39,30505,0,1,0,31.57
1718405,35.34,35.0,34.9,35.3,1,0,11.49,14.39,31005,0,1,0,31.57
1718911,35.32,35.0,34.9,35.3,1,0,11.69,14.39,31505,0,1,0,31.55
1719417,35.35,35.0,34.9,35.3,1,0,11.84,14.37,32005,0,1,0,31.58
1719923,35.35,35.0,34.9,35.3,1,0,11.84,14.41,32505,0,1,0,31.58
1720429,35.35,35.0,34.9,35.3,1,0,10.78,14.41,33005,0,1,0,31.53
1720935,35.35,35.0,34.9,35.3,1,0,10.78,14.37,33505,0,1,0,31.53
1721441,35.35,35.0,34.9,35.3,1,0,10.78,14.37,34005,0,1,0,31.53
1721947,35.39,35.0,34.9,35.3,1,0,11.49,14.37,34505,0,1,0,31.53
1722453,35.34,35.0,34.9,35.3,1,0,11.67,14.39,35005,0,1,0,31.55
1722960,35.34,35.0,34.9,35.3,1,0,11.67,14.37,35505,0,1,0,31.55
1723467,35.38,35.0,34.9,35.3,1,0,11.24,14.37,36005,0,1,0,31.57
1723973,35.38,35.0,34.9,35.3,1,0,11.24,14.41,36505,0,1,0,31.57
1724479,35.4,35.0,34.9,35.3,1,0,11.53,14.41,37005,0,1,0,31.57
1724985,35.35,35.0,34.9,35.3,1,0,10.98,14.41,38008,0,1,0,31.58
1725491,35.37,35.0,34.9,35.3,1,0,10.96,14.41,38508,0,1,0,31.57
1725997,35.41,35.0,34.9,35.3,1,0,11.38,14.39,39008,0,1,0,31.53
1726503,35.35,35.0,34.9,35.3,1,0,10.91,14.4,39508,0,1,0,31.57
1727009,35.35,35.0,34.9,35.3,1,0,10.91,14.4,40008,0,1,0,31.57
1727515,35.37,35.0,34.9,35.3,1,0,11.4,14.41,40508,0,1,0,31.57
1728021,35.37,35.0,34.9,35.3,1,0,11.4,14.41,41008,0,1,0,31.57
1728527,35.37,35.0,34.9,35.3,1,0,11.4,14.41,41508,0,1,0,31.57
1729033,35.38,35.0,34.9,35.3,1,0,11.4,14.38,42008,0,1,0,31.53
1729539,35.38,35.0,34.9,35.3,1,0,11.4,14.38,42508,0,1,0,31.53
1730045,35.34,35.0,34.9,35.3,1,0,11.02,14.4,43008,0,1,0,31.58
1730551,35.34,35.0,34.9,35.3,1,0,11.02,14.4,43508,0,1,0,31.58
1731057,35.37,35.0,34.9,35.3,1,0,10.96,14.41,44008,0,1,0,31.57
1731563,35.37,35.0,34.9,35.3,1,0,10.96,14.41,44508,0,1,0,31.57
1732069,35.37,35.0,34.9,35.3,1,0,10.96,14.41,45008,0,1,0,31.57
1732575,35.35,35.0,34.9,35.3,1,0,10.91,14.38,45508,0,1,0,31.55
1733081,35.37,35.0,34.9,35.3,1,0,11.27,14.39,46008,0,1,0,31.55
1733587,35.37,35.0,34.9,35.3,1,0,11.27,14.39,46508,0,1,0,31.55
1734093,35.37,35.0,34.9,35.3,1,0,11.27,14.39,47008,0,1,0,31.55
1734599,35.35,35.0,34.9,35.3,1,0,11.6,14.4,47508,0,1,0,31.57
1735105,35.33,35.0,34.9,35.3,1,0,11.04,14.39,48008,0,1,0,31.57
1735611,35.34,35.0,34.9,35.3,1,0,11.42,14.39,48508,0,1,0,31.57
1736117,35.34,35.0,34.9,35.3,1,0,11.42,14.39,49008,0,1,0,31.57
1736623,35.38,35.0,34.9,35.3,1,0,10.51,14.39,49508,0,1,0,31.57
1737129,35.38,35.0,34.9,35.3,1,0,10.51,14.41,50008,0,1,0,31.57
1737635,35.35,35.0,34.9,35.3,1,0,10.91,14.41,50508,0,1,0,31.58
1738141,35.33,35.0,34.9,35.3,1,0,10.93,14.4,51012,0,1,0,31.58
1738647,35.33,35.0,34.9,35.3,1,0,10.93,14.4,51512,0,1,0,31.58
1739153,35.33,35.0,34.9,35.3,1,0,11.02,14.39,52012,0,1,0,31.57
1739659,35.29,35.0,34.9,35.3,0,0,11.36,14.36,0,0,1,0,31.55
1740165,35.28,35.0,34.9,35.3,0,0,10.53,14.36,500,0,1,0,31.57
1740671,35.28,35.0,34.9,35.3,0,0,10.53,14.37,1000,0,1,0,31.57
1741177,35.28,35.0,34.9,35.3,0,0,10.91,14.37,1500,0,1,0,31.57
1741683,35.28,35.0,34.9,35.3,0,0,10.91,14.37,2000,0,1,0,31.57
1742189,35.32,35.0,34.9,35.3,0,0,10.76,14.37,2500,0,1,0,31.55
1742695,35.32,35.0,34.9,35.3,0,0,10.76,14.37,3000,0,1,0,31.55
1743201,35.31,35.0,34.9,35.3,0,0,11.11,14.36,3500,0,1,0,31.55
1743707,35.28,35.0,34.9,35.3,0,0,10.76,14.37,4000,0,1,0,31.57
1744213,35.27,35.0,34.9,35.3,0,0,11.16,14.37,4500,0,1,0,31.58
1744719,35.27,35.0,34.9,35.3,0,0,11.16,14.37,5000,0,1,0,31.58
1745225,35.27,35.0,34.9,35.3,0,0,11.16,14.37,5500,0,1,0,31.58
1745731,35.24,35.0,34.9,35.3,0,0,10.08,14.35,6000,0,1,0,31.57
1746237,35.24,35.0,34.9,35.3,0,0,10.08,14.35,6500,0,1,0,31.57
1746743,35.25,35.0,34.9,35.3,0,0,11.2,14.34,7000,0,1,0,31.55
1747249,35.24,35.0,34.9,35.3,0,0,11.42,14.34,7500,0,1,0,31.57
1747755,35.24,35.0,34.9,35.3,0,0,11.42,14.35,8000,0,1,0,31.57
1748261,35.29,35.0,34.9,35.3,0,0,11.31,14.37,8500,0,1,0,31.57
1748767,35.29,35.0,34.9,35.3,0,0,11.31,14.37,9000,0,1,0,31.57
1749273,35.24,35.0,34.9,35.3,0,0,11.4,14.35,9500,0,1,0,31.57
1749779,35.24,35.0,34.9,35.3,0,0,11.4,14.35,10000,0,1,0,31.57
1750285,35.27,35.0,34.9,35.3,0,0,11.8,14.36,10500,0,1,0,31.57
1750791,35.27,35.0,34.9,35.3,0,0,11.8,14.36,11000,0,1,0,31.57
1751297,35.23,35.0,34.9,35.3,0,0,11.69,14.37,11500,0,1,0,31.59
1751803,35.23,35.0,34.9,35.3,0,0,11.69,14.37,12000,0,1,0,31.59
1752310,35.16,35.0,34.9,35.3,0,0,11.29,14.37,12500,0,1,0,31.57
1752816,35.16,35.0,34.9,35.3,0,0,11.29,14.31,13000,0,1,0,31.57
1753322,35.17,35.0,34.9,35.3,0,0,11.84,14.34,13500,0,1,0,31.59
1753828,35.17,35.0,34.9,35.3,0,0,11.84,14.34,14000,0,1,0,31.59
1754334,35.15,35.0,34.9,35.3,0,0,12.0,14.33,14500,0,1,0,31.59
1754840,35.19,35.0,34.9,35.3,1,0,12.22,14.33,0,0,1,0,31.53
1755346,35.19,35.0,34.9,35.3,1,0,12.22,14.3,500,0,1,0,31.53
1755852,35.19,35.0,34.9,35.3,1,0,12.22,14.3,1000,0,1,0,31.53
1756358,35.19,35.0,34.9,35.3,1,0,12.22,14.3,1500,0,1,0,31.53
1756864,35.15,35.0,34.9,35.3,1,0,12.44,14.3,2000,0,1,0,31.55
1757370,35.15,35.0,34.9,35.3,1,0,12.44,14.29,2500,0,1,0,31.55
1757876,35.12,35.0,34.9,35.3,1,0,12.59,14.29,3000,0,1,0,31.55
1758382,35.12,35.0,34.9,35.3,1,0,12.59,14.28,3500,0,1,0,31.55
1758888,35.12,35.0,34.9,35.3,1,0,12.59,14.28,4000,0,1,0,31.55
1759394,35.12,35.0,34.9,35.3,1,0,12.59,14.28,4500,0,1,0,31.55
1759900,35.12,35.0,34.9,35.3,1,0,12.59,14.28,5000,0,1,0,31.55
1760406,35.16,35.0,34.9,35.3,1,0,12.09,14.28,5500,0,1,0,31.55
1760912,35.1,35.0,34.9,35.3,1,0,12.06,14.3,6000,0,1,0,31.55
1761418,35.1,35.0,34.9,35.3,1,0,12.06,14.27,6500,0,1,0,31.55
1761924,35.13,35.0,34.9,35.3,1,0,12.53,14.27,7000,0,1,0,31.55
1762431,35.18,35.0,34.9,35.3,1,0,12.94,14.29,7500,0,1,0,31.59
1762938,35.18,35.0,34.9,35.3,1,0,12.94,14.35,8000,0,0,0,31.59
1763444,35.17,35.0,34.9,35.3,1,0,12.83,14.35,8500,0,0,0,31.61
1763950,35.13,35.0,34.9,35.3,1,0,12.72,14.35,9000,0,1,0,31.57
1764456,35.13,35.0,34.9,35.3,1,0,12.72,14.3,9500,0,1,0,31.57
1764962,35.13,35.0,34.9,35.3,1,0,12.72,14.3,10000,0,1,0,31.57
1765468,35.19,35.0,34.9,35.3,1,0,12.88,14.34,10514,0,0,0,31.58
1765974,35.15,35.0,34.9,35.3,1,0,12.92,14.34,11014,0,0,0,31.57
1766480,35.15,35.0,34.9,35.3,1,0,12.92,14.31,11514,0,0,0,31.57
1766986,35.15,35.0,34.9,35.3,1,0,12.92,14.31,12014,0,0,0,31.57
1767492,35.18,35.0,34.9,35.3,1,0,12.9,14.31,12514,0,0,0,31.57
1767998,35.24,35.0,34.9,35.3,1,0,12.85,14.32,13014,0,0,0,31.58
1768504,35.21,35.0,34.9,35.3,1,0,12.99,14.35,14015,0,0,0,31.58
1769010,35.21,35.0,34.9,35.3,1,0,12.99,14.35,14515,0,0,0,31.58
1769516,35.22,35.0,34.9,35.3,1,0,12.68,14.34,15015,0,1,0,31.57
1770022,35.19,35.0,34.9,35.3,1,0,12.81,14.34,15515,0,1,0,31.58
1770528,35.19,35.0,34.9,35.3,1,0,12.81,14.34,16015,0,1,0,31.58
1771034,35.19,35.0,34.9,35.3,1,0,12.81,14.34,16515,0,1,0,31.58
1771540,35.23,35.0,34.9,35.3,1,0,13.07,14.37,17015,0,0,0,31.59
1772046,35.23,35.0,34.9,35.3,1,0,13.07,14.37,17515,0,0,0,31.59
1772552,35.23,35.0,34.9,35.3,1,0,13.07,14.37,18015,0,0,0,31.59
1773058,35.25,35.0,34.9,35.3,1,0,12.64,14.37,18515,0,1,0,31.58
1773572,35.28,35.0,34.9,35.3,1,0,12.57,14.37,19015,0,1,0,31.59
1774079,35.28,35.0,34.9,35.3,1,0,12.57,14.39,19515,0,1,0,31.59
1774585,35.25,35.0,34.9,35.3,1,0,12.5,14.35,20015,0,1,0,31.57
1775091,35.25,35.0,34.9,35.3,1,0,12.5,14.35,20515,0,1,0,31.57
1775597,35.25,35.0,34.9,35.3,1,0,12.5,14.35,21015,0,1,0,31.57
1776103,35.31,35.0,34.9,35.3,1,0,12.04,14.39,21515,0,1,0,31.58
1776609,35.31,35.0,34.9,35.3,1,0,12.04,14.39,22015,0,1,0,31.58
1777115,35.31,35.0,34.9,35.3,1,0,12.04,14.39,22517,0,1,0,31.58
1777621,35.3,35.0,34.9,35.3,1,0,12.42,14.38,23018,0,1,0,31.58
1778127,35.3,35.0,34.9,35.3,1,0,12.42,14.38,23518,0,1,0,31.58
1778633,35.3,35.0,34.9,35.3,1,0,12.42,14.38,24018,0,1,0,31.58
1779139,35.41,35.0,34.9,35.3,1,0,12.42,14.42,24518,0,1,0,31.57
1779645,35.41,35.0,34.9,35.3,1,0,12.42,14.42,25018,0,1,0,31.57
1780151,35.37,35.0,34.9,35.3,1,0,12.92,14.41,25518,0,0,0,31.57
1780658,35.38,35.0,34.9,35.3,1,0,12.55,14.41,26018,0,0,0,31.58
1781165,35.38,35.0,34.9,35.3,1,0,12.55,14.42,26518,0,1,0,31.58
1781671,35.41,35.0,34.9,35.3,1,0,12.02,14.41,27018,0,1,0,31.55
1782177,35.44,35.0,34.9,35.3,1,0,12.24,14.41,27518,0,1,0,31.61
1782683,35.44,35.0,34.9,35.3,1,0,12.24,14.47,28018,0,1,0,31.61
1783189,35.44,35.0,34.9,35.3,1,0,12.46,14.47,28518,0,1,0,31.57
1783695,35.44,35.0,34.9,35.3,1,0,12.46,14.44,29018,0,1,0,31.57
1784201,35.47,35.0,34.9,35.3,1,0,12.11,14.44,29520,0,1,0,31.58
1784707,35.47,35.0,34.9,35.3,1,0,12.11,14.46,30021,0,1,0,31.58
1785213,35.49,35.0,34.9,35.3,1,0,12.26,14.47,30523,0,1,0,31.58
1785719,35.51,35.0,34.9,35.3,1,0,11.89,14.47,31023,0,1,0,31.58
1786225,35.46,35.0,34.9,35.3,1,0,11.84,14.48,31523,0,1,0,31.58
1786731,35.46,35.0,34.9,35.3,1,0,11.84,14.46,32023,0,1,0,31.58
1787237,35.46,35.0,34.9,35.3,1,0,11.89,14.46,32523,0,1,0,31.58
1787743,35.46,35.0,34.9,35.3,1,0,11.89,14.46,33023,0,1,0,31.58
1788249,35.49,35.0,34.9,35.3,1,0,11.49,14.47,33523,0,1,0,31.58
1788756,35.49,35.0,34.9,35.3,1,0,11.49,14.47,34023,0,1,0,31.58
1789263,35.49,35.0,34.9,35.3,1,0,11.49,14.47,34523,0,1,0,31.58
1789769,35.49,35.0,34.9,35.3,1,0,11.78,14.47,35023,0,1,0,31.58
1790275,35.5,35.0,34.9,35.3,1,0,11.78,14.47,35523,0,1,0,31.59
1790781,35.5,35.0,34.9,35.3,1,0,11.78,14.49,36023,0,1,0,31.59
1791287,35.47,35.0,34.9,35.3,1,0,12.28,14.49,36526,0,1,0,31.58
1791793,35.47,35.0,34.9,35.3,1,0,12.28,14.46,37027,0,1,0,31.58
1792299,35.5,35.0,34.9,35.3,1,0,11.6,14.47,37529,0,1,0,31.58
1792805,35.5,35.0,34.9,35.3,1,0,11.6,14.47,38029,0,1,0,31.58
1793311,35.51,35.0,34.9,35.3,1,0,12.31,14.48,38529,0,1,0,31.58
1793817,35.52,35.0,34.9,35.3,1,0,11.58,14.48,39029,0,1,0,31.61
1794323,35.52,35.0,34.9,35.3,1,0,11.58,14.51,39529,0,1,0,31.61
1794829,35.51,35.0,34.9,35.3,1,0,11.49,14.48,40029,0,1,0,31.58
1795335,35.53,35.0,34.9,35.3,1,0,11.89,14.48,40529,0,1,0,31.58
1795841,35.53,35.0,34.9,35.3,1,0,11.31,14.49,41029,0,1,0,31.59
1796347,35.55,35.0,34.9,35.3,1,0,11.82,14.5,41529,0,1,0,31.61
1796853,35.55,35.0,34.9,35.3,1,0,11.82,14.52,42029,0,1,0,31.61
1797360,35.53,35.0,34.9,35.3,1,0,12.24,14.52,42529,0,1,0,31.58
1797867,35.53,35.0,34.9,35.3,1,0,12.24,14.49,43029,0,1,0,31.58
1798373,35.53,35.0,34.9,35.3,1,0,11.27,14.47,43529,0,1,0,31.57
1798879,35.5,35.0,34.9,35.3,1,0,11.62,14.47,44029,0,1,0,31.58
1799385,35.55,35.0,34.9,35.3,1,0,11.51,14.47,44529,0,1,0,31.59
1799891,35.55,35.0,34.9,35.3,1,0,11.51,14.51,45029,0,1,0,31.59
1800397,35.53,35.0,34.9,35.3,1,0,11.75,14.51,45529,0,1,0,31.59
1800903,35.51,35.0,34.9,35.3,1,0,11.42,14.5,46029,0,1,0,31.58
1801409,35.51,35.0,34.9,35.3,1,0,11.42,14.48,46529,0,1,0,31.58
1801915,35.51,35.0,34.9,35.3,1,0,11.33,14.48,47029,0,1,0,31.58
1802421,35.51,35.0,34.9,35.3,1,0,11.33,14.48,47529,0,1,0,31.58
1802927,35.5,35.0,34.9,35.3,1,0,11.2,14.48,48029,0,1,0,31.58
1803433,35.44,35.0,34.9,35.3,1,0,11.47,14.47,48529,0,1,0,31.59
1803939,35.44,35.0,34.9,35.3,1,0,11.47,14.46,49029,0,1,0,31.59
1804445,35.47,35.0,34.9,35.3,1,0,11.29,14.46,49529,0,1,0,31.58
1804951,35.47,35.0,34.9,35.3,1,0,11.29,14.46,50029,0,1,0,31.58
1805457,35.46,35.0,34.9,35.3,1,0,11.4,14.46,50529,0,1,0,31.59
1805963,35.46,35.0,34.9,35.3,1,0,11.4,14.47,51029,0,1,0,31.59
1806469,35.49,35.0,34.9,35.3,1,0,10.49,14.47,51529,0,1,0,31.59
1806975,35.5,35.0,34.9,35.3,1,0,11.44,14.48,52029,0,1,0,31.59
1807481,35.46,35.0,34.9,35.3,1,0,11.04,14.49,52529,0,1,0,31.59
1807987,35.46,35.0,34.9,35.3,1,0,11.04,14.47,53029,0,1,0,31.59
1808493,35.46,35.0,34.9,35.3,1,0,11.78,14.47,53529,0,1,0,31.62
1808999,35.43,35.0,34.9,35.3,1,0,10.89,14.49,54029,0,1,0,31.59
1809505,35.43,35.0,34.9,35.3,1,0,10.89,14.45,54529,0,1,0,31.59
1810011,35.46,35.0,34.9,35.3,1,0,11.33,14.45,55029,0,1,0,31.61
1810517,35.4,35.0,34.9,35.3,1,0,11.31,14.48,55529,0,1,0,31.59
1811023,35.4,35.0,34.9,35.3,1,0,11.31,14.44,56534,0,1,0,31.59
1811529,35.46,35.0,34.9,35.3,1,0,11.38,14.47,57034,0,1,0,31.59
1812035,35.4,35.0,34.9,35.3,1,0,10.89,14.42,57534,0,1,0,31.57
1812541,35.4,35.0,34.9,35.3,1,0,10.89,14.42,58034,0,1,0,31.57
1813047,35.41,35.0,34.9,35.3,1,0,10.96,14.45,58534,0,1,0,31.59
1813553,35.41,35.0,34.9,35.3,1,0,10.96,14.45,59034,0,1,0,31.59
1814059,35.4,35.0,34.9,35.3,1,0,10.89,14.44,59534,0,1,0,31.59
1814565,35.4,35.0,34.9,35.3,1,0,10.89,14.44,60034,0,1,0,31.59
1815071,35.4,35.0,34.9,35.3,1,0,10.89,14.44,60534,0,1,0,31.59
1815577,35.34,35.0,34.9,35.3,1,0,10.78,14.42,61034,0,1,0,31.59
1816083,35.34,35.0,34.9,35.3,1,0,10.78,14.42,61534,0,1,0,31.59
1816589,35.35,35.0,34.9,35.3,1,0,10.33,14.42,62034,0,1,0,31.59
1817095,35.34,35.0,34.9,35.3,1,0,11.09,14.43,62534,0,1,0,31.61
1817601,35.4,35.0,34.9,35.3,1,0,10.29,14.44,63034,0,1,0,31.59
1818107,35.33,35.0,34.9,35.3,1,0,10.67,14.41,63541,0,1,0,31.59
1818615,35.33,35.0,34.9,35.3,1,0,10.67,14.41,64041,0,1,0,31.59
1819121,35.3,35.0,34.9,35.3,1,0,10.69,14.38,64541,0,1,0,31.58
1819627,35.3,35.0,34.9,35.3,1,0,10.69,14.38,65041,0,1,0,31.58
1820133,35.3,35.0,34.9,35.3,1,0,10.69,14.38,65541,0,1,0,31.58
1820639,35.31,35.0,34.9,35.3,1,0,10.6,14.4,66041,0,1,0,31.59
1821145,35.31,35.0,34.9,35.3,1,0,10.6,14.4,66541,0,1,0,31.59
1821651,35.31,35.0,34.9,35.3,1,0,10.76,14.38,67041,0,1,0,31.57
1822157,35.28,35.0,34.9,35.3,1,0,9.93,14.38,67541,0,1,0,31.58
1822663,35.28,35.0,34.9,35.3,0,0,9.93,14.38,0,0,1,0,31.58
1823169,35.28,35.0,34.9,35.3,0,0,9.93,14.38,500,0,1,0,31.58
1823675,35.28,35.0,34.9,35.3,0,0,9.93,14.38,1000,0,1,0,31.58
1824181,35.27,35.0,34.9,35.3,0,0,10.62,14.38,1500,0,1,0,31.59
1824687,35.28,35.0,34.9,35.3,0,0,10.26,14.38,2000,0,1,0,31.58
1825193,35.28,35.0,34.9,35.3,0,0,10.26,14.38,2500,0,1,0,31.58
1825699,35.28,35.0,34.9,35.3,0,0,10.26,14.38,3000,0,1,0,31.58
1826205,35.28,35.0,34.9,35.3,0,0,10.26,14.38,3500,0,1,0,31.58
1826711,35.25,35.0,34.9,35.3,0,0,11.24,14.38,4000,0,1,0,31.59
1827217,35.25,35.0,34.9,35.3,0,0,11.24,14.38,4500,0,1,0,31.59
1827723,35.25,35.0,34.9,35.3,0,0,11.24,14.38,5000,0,1,0,31.59
1828229,35.19,35.0,34.9,35.3,0,0,10.87,14.35,5506,0,1,0,31.59
1828735,35.19,35.0,34.9,35.3,0,0,10.87,14.35,6006,0,1,0,31.59
1829241,35.19,35.0,34.9,35.3,0,0,10.89,14.35,6506,0,1,0,31.61
1829747,35.19,35.0,34.9,35.3,0,0,10.89,14.36,7006,0,1,0,31.61
1830253,35.12,35.0,34.9,35.3,0,0,11.04,14.32,7506,0,1,0,31.59
1830759,35.16,35.0,34.9,35.3,0,0,10.6,14.33,8006,0,1,0,31.58
1831265,35.18,35.0,34.9,35.3,0,0,10.76,14.33,8506,0,1,0,31.59
1831771,35.18,35.0,34.9,35.3,0,0,10.76,14.35,9006,0,1,0,31.59
1832277,35.15,35.0,34.9,35.3,0,0,11.44,14.35,9506,0,1,0,31.59
1832783,35.15,35.0,34.9,35.3,0,0,11.44,14.33,10006,0,1,0,31.59
1833289,35.19,35.0,34.9,35.3,0,0,11.27,14.36,10506,0,1,0,31.61
1833795,35.19,35.0,34.9,35.3,0,0,11.27,14.36,11006,0,1,0,31.61
1834301,35.12,35.0,34.9,35.3,0,0,11.27,14.33,11506,0,1,0,31.61
1834807,35.12,35.0,34.9,35.3,0,0,11.27,14.33,12006,0,1,0,31.61
1835313,35.12,35.0,34.9,35.3,0,0,11.27,14.33,12506,0,1,0,31.61
1835819,35.12,35.0,34.9,35.3,0,0,11.27,14.33,13006,0,1,0,31.61
1836325,35.06,35.0,34.9,35.3,0,0,11.62,14.33,13506,0,1,0,31.61
1836831,35.06,35.0,34.9,35.3,0,0,11.62,14.31,14006,0,1,0,31.61
1837337,35.11,35.0,34.9,35.3,0,0,12.02,14.31,14506,0,1,0,31.58
1837843,35.11,35.0,34.9,35.3,1,0,12.02,14.3,0,0,1,0,31.58
1838349,35.06,35.0,34.9,35.3,1,0,12.09,14.29,500,0,1,0,31.59
1838856,35.06,35.0,34.9,35.3,1,0,12.09,14.29,1000,0,1,0,31.59
1839363,35.09,35.0,34.9,35.3,1,0,12.44,14.31,1500,0,1,0,31.59
1839869,35.06,35.0,34.9,35.3,1,0,12.66,14.31,2000,0,1,0,31.58
1840375,35.06,35.0,34.9,35.3,1,0,12.66,14.28,2500,0,1,0,31.58
1840881,35.03,35.0,34.9,35.3,1,0,12.39,14.28,3012,0,1,0,31.59
1841387,35.03,35.0,34.9,35.3,1,0,12.39,14.28,3512,0,1,0,31.59
1841893,35.06,35.0,34.9,35.3,1,0,12.64,14.29,4012,0,1,0,31.59
1842399,34.99,35.0,34.9,35.3,1,0,11.91,14.29,4512,0,1,0,31.59
1842908,34.99,35.0,34.9,35.3,1,0,11.91,14.26,5012,0,1,0,31.59
1843415,34.99,35.0,34.9,35.3,1,0,11.91,14.26,5512,0,1,0,31.59
1843921,35.06,35.0,34.9,35.3,1,0,12.46,14.26,6012,0,1,0,31.61
1844427,35.06,35.0,34.9,35.3,1,0,12.46,14.31,6512,0,1,0,31.61
1844933,34.99,35.0,34.9,35.3,1,0,12.64,14.31,7012,0,1,0,31.59
1845439,34.99,35.0,34.9,35.3,1,0,12.64,14.26,7512,0,1,0,31.59
1845945,35.02,35.0,34.9,35.3,1,0,12.31,14.26,8012,0,1,0,31.61
1846451,35.04,35.0,34.9,35.3,1,0,12.39,14.29,8512,0,1,0,31.62
1846957,35.02,35.0,34.9,35.3,1,0,12.7,14.31,9012,0,1,0,31.58
1847463,35.02,35.0,34.9,35.3,1,0,12.7,14.26,9512,0,1,0,31.58
1847969,35.02,35.0,34.9,35.3,1,0,12.61,14.26,10012,0,1,0,31.61
1848475,35.02,35.0,34.9,35.3,1,0,12.61,14.29,10512,0,1,0,31.61
1848981,35.02,35.0,34.9,35.3,1,0,12.61,14.29,11012,0,1,0,31.61
1849487,35.03,35.0,34.9,35.3,1,0,12.68,14.29,11512,0,1,0,31.59
1849993,35.03,35.0,34.9,35.3,1,0,12.68,14.28,12012,0,1,0,31.61
1850499,35.03,35.0,34.9,35.3,1,0,12.68,14.29,12512,0,1,0,31.61
1851006,35.03,35.0,34.9,35.3,1,0,12.64,14.29,13012,0,1,0,31.59
1851512,35.05,35.0,34.9,35.3,1,0,12.79,14.28,13512,0,1,0,31.59
1852018,35.05,35.0,34.9,35.3,1,0,12.79,14.29,14012,0,0,0,31.59
1852524,35.05,35.0,34.9,35.3,1,0,12.79,14.29,14512,0,0,0,31.59
1853030,35.05,35.0,34.9,35.3,1,0,12.79,14.29,15012,0,0,0,31.59
1853536,35.09,35.0,34.9,35.3,1,0,12.5,14.29,15512,0,0,0,31.61
1854042,35.1,35.0,34.9,35.3,1,0,12.28,14.32,16012,0,1,0,31.62
1854549,35.17,35.0,34.9,35.3,1,0,12.5,14.34,16516,0,1,0,31.59
1855056,35.17,35.0,34.9,35.3,1,0,12.5,14.34,17024,0,1,0,31.59
1855562,35.14,35.0,34.9,35.3,1,0,11.86,14.34,18026,0,1,0,31.61
1856068,35.17,35.0,34.9,35.3,1,0,12.55,14.35,18526,0,1,0,31.61
1856574,35.17,35.0,34.9,35.3,1,0,12.55,14.35,19026,0,1,0,31.61
1857080,35.14,35.0,34.9,35.3,1,0,12.37,14.34,19526,0,1,0,31.61
1857586,35.14,35.0,34.9,35.3,1,0,12.37,14.34,20026,0,1,0,31.61
1858092,35.19,35.0,34.9,35.3,1,0,12.33,14.34,20526,0,1,0,31.58
1858598,35.19,35.0,34.9,35.3,1,0,12.44,14.36,21026,0,1,0,31.61
1859104,35.21,35.0,34.9,35.3,1,0,12.37,14.36,21526,0,1,0,31.59
1859610,35.21,35.0,34.9,35.3,1,0,12.28,14.36,22026,0,1,0,31.59
1860116,35.21,35.0,34.9,35.3,1,0,12.28,14.36,22526,0,1,0,31.59
1860622,35.24,35.0,34.9,35.3,1,0,12.06,14.36,23026,0,1,0,31.61
1861128,35.24,35.0,34.9,35.3,1,0,12.06,14.38,23526,0,1,0,31.61
1861634,35.25,35.0,34.9,35.3,1,0,12.13,14.39,24026,0,1,0,31.61
1862140,35.27,35.0,34.9,35.3,1,0,12.02,14.39,24526,0,1,0,31.59
1862646,35.27,35.0,34.9,35.3,1,0,12.02,14.38,25026,0,1,0,31.59
1863154,35.27,35.0,34.9,35.3,1,0,12.02,14.38,25526,0,1,0,31.59
1863661,35.27,35.0,34.9,35.3,1,0,12.02,14.38,26026,0,1,0,31.59
1864167,35.25,35.0,34.9,35.3,1,0,12.28,14.39,26526,0,1,0,31.61
1864673,35.3,35.0,34.9,35.3,1,0,12.02,14.41,27026,0,1,0,31.61
1865179,35.33,35.0,34.9,35.3,1,0,11.8,14.41,27526,0,1,0,31.59
1865685,35.33,35.0,34.9,35.3,1,0,11.8,14.41,28026,0,1,0,31.59
1866191,35.31,35.0,34.9,35.3,1,0,12.33,14.42,28526,0,1,0,31.61
1866697,35.34,35.0,34.9,35.3,1,0,11.93,14.44,29026,0,1,0,31.62
1867206,35.34,35.0,34.9,35.3,1,0,11.93,14.44,29526,0,1,0,31.62
1867713,35.31,35.0,34.9,35.3,1,0,11.93,14.43,30026,0,1,0,31.62
1868219,35.31,35.0,34.9,35.3,1,0,11.93,14.43,30526,0,1,0,31.62
1868725,35.35,35.0,34.9,35.3,1,0,11.95,14.43,31026,0,1,0,31.58
1869231,35.35,35.0,34.9,35.3,1,0,11.95,14.41,31526,0,1,0,31.58
1869737,35.33,35.0,34.9,35.3,1,0,11.75,14.42,32026,0,1,0,31.61
1870243,35.33,35.0,34.9,35.3,1,0,11.75,14.42,32526,0,1,0,31.61
1870749,35.33,35.0,34.9,35.3,1,0,11.75,14.42,33026,0,1,0,31.61
1871255,35.36,35.0,34.9,35.3,1,0,12.39,14.46,33526,0,1,0,31.64
1871761,35.39,35.0,34.9,35.3,1,0,12.13,14.45,34026,0,1,0,31.61
1872267,35.35,35.0,34.9,35.3,1,0,11.6,14.46,34526,0,1,0,31.64
1872773,35.37,35.0,34.9,35.3,1,0,11.84,14.46,35026,0,1,0,31.61
1873279,35.37,35.0,34.9,35.3,1,0,11.84,14.44,35526,0,1,0,31.61
1873785,35.37,35.0,34.9,35.3,1,0,11.84,14.44,36026,0,1,0,31.61
1874291,35.34,35.0,34.9,35.3,1,0,11.6,14.43,36526,0,1,0,31.61
1874797,35.34,35.0,34.9,35.3,1,0,11.6,14.43,37026,0,1,0,31.61
1875303,35.37,35.0,34.9,35.3,1,0,11.8,14.46,37526,0,1,0,31.62
1875809,35.37,35.0,34.9,35.3,1,0,11.8,14.46,38026,0,1,0,31.62
1876315,35.36,35.0,34.9,35.3,1,0,11.58,14.46,38529,0,1,0,31.62
1876821,35.36,35.0,34.9,35.3,1,0,11.58,14.45,39030,0,1,0,31.62
1877327,35.36,35.0,34.9,35.3,1,0,11.38,14.45,39530,0,1,0,31.61
1877833,35.36,35.0,34.9,35.3,1,0,11.38,14.44,40030,0,1,0,31.61
1878339,35.4,35.0,34.9,35.3,1,0,11.47,14.44,40530,0,1,0,31.61
1878845,35.4,35.0,34.9,35.3,1,0,11.47,14.45,41030,0,1,0,31.61
1879351,35.4,35.0,34.9,35.3,1,0,11.47,14.45,41530,0,1,0,31.61
1879857,35.4,35.0,34.9,35.3,1,0,11.47,14.45,42030,0,1,0,31.61
1880363,35.4,35.0,34.9,35.3,1,0,11.47,14.45,42530,0,1,0,31.61
1880869,35.34,35.0,34.9,35.3,1,0,11.44,14.45,43030,0,1,0,31.61
1881375,35.34,35.0,34.9,35.3,1,0,11.44,14.43,43530,0,1,0,31.61
1881881,35.34,35.0,34.9,35.3,1,0,11.44,14.43,44030,0,1,0,31.61
1882387,35.33,35.0,34.9,35.3,1,0,11.04,14.44,44530,0,1,0,31.62
1882893,35.33,35.0,34.9,35.3,1,0,11.04,14.44,45030,0,1,0,31.62
1883399,35.39,35.0,34.9,35.3,1,0,11.56,14.45,45530,0,1,0,31.61
1883905,35.36,35.0,34.9,35.3,1,0,11.31,14.45,46030,0,1,0,31.62
1884412,35.36,35.0,34.9,35.3,1,0,11.31,14.45,46530,0,1,0,31.62
1884919,35.31,35.0,34.9,35.3,1,0,11.09,14.45,47030,0,1,0,31.59
1885425,35.31,35.0,34.9,35.3,1,0,11.09,14.4,47530,0,1,0,31.59
1885931,35.31,35.0,34.9,35.3,1,0,11.09,14.4,48030,0,1,0,31.59
1886437,35.31,35.0,34.9,35.3,1,0,11.11,14.4,48530,0,1,0,31.62
1886943,35.31,35.0,34.9,35.3,1,0,11.11,14.43,49030,0,1,0,31.62
1887449,35.28,35.0,34.9,35.3,1,0,11.4,14.43,49530,0,1,0,31.59
1887955,35.28,35.0,34.9,35.3,0,0,11.4,14.39,0,0,1,0,31.59
1888461,35.27,35.0,34.9,35.3,0,0,10.98,14.4,500,0,1,0,31.61
1888967,35.31,35.0,34.9,35.3,0,0,10.89,14.4,1000,0,1,0,31.61
1889473,35.31,35.0,34.9,35.3,0,0,10.89,14.42,1500,0,1,0,31.61
1889979,35.27,35.0,34.9,35.3,0,0,11.49,14.42,2000,0,1,0,31.64
1890485,35.27,35.0,34.9,35.3,0,0,11.49,14.42,2500,0,1,0,31.64
1890994,35.27,35.0,34.9,35.3,0,0,11.49,14.42,3000,0,1,0,31.64
1891501,35.26,35.0,34.9,35.3,0,0,11.2,14.42,3500,0,1,0,31.62
1892007,35.28,35.0,34.9,35.3,0,0,10.98,14.41,4000,0,1,0,31.62
1892513,35.28,35.0,34.9,35.3,0,0,10.98,14.42,4500,0,1,0,31.62
1893019,35.26,35.0,34.9,35.3,0,0,10.76,14.42,5000,0,1,0,31.62
1893525,35.26,35.0,34.9,35.3,0,0,10.76,14.41,5500,0,1,0,31.62
1894031,35.27,35.0,34.9,35.3,0,0,11.38,14.41,6000,0,1,0,31.61
1894537,35.26,35.0,34.9,35.3,0,0,11.33,14.4,6500,0,1,0,31.64
1895046,35.26,35.0,34.9,35.3,0,0,11.33,14.42,7000,0,1,0,31.64
1895553,35.24,35.0,34.9,35.3,0,0,11.31,14.42,7500,0,1,0,31.61
1896059,35.25,35.0,34.9,35.3,0,0,11.31,14.38,8000,0,1,0,31.61
1896565,35.19,35.0,34.9,35.3,0,0,10.84,14.39,8500,0,1,0,31.59
1897071,35.19,35.0,34.9,35.3,0,0,10.84,14.35,9505,0,1,0,31.59
1897577,35.24,35.0,34.9,35.3,0,0,12.11,14.4,10005,0,1,0,31.62
1898083,35.21,35.0,34.9,35.3,0,0,11.67,14.37,10505,0,1,0,31.61
1898589,35.21,35.0,34.9,35.3,0,0,11.67,14.37,11005,0,1,0,31.61
1899097,35.21,35.0,34.9,35.3,0,0,11.67,14.37,11505,0,1,0,31.61
1899604,35.21,35.0,34.9,35.3,0,0,11.91,14.36,12005,0,1,0,31.59
1900110,35.19,35.0,34.9,35.3,0,0,11.97,14.36,12505,0,1,0,31.61
1900616,35.19,35.0,34.9,35.3,0,0,11.97,14.36,13005,0,1,0,31.61
1901122,35.17,35.0,34.9,35.3,0,0,11.29,14.38,13505,0,1,0,31.64
1901628,35.17,35.0,34.9,35.3,0,0,11.29,14.38,14005,0,1,0,31.64
1902134,35.17,35.0,34.9,35.3,0,0,11.29,14.38,14505,0,1,0,31.64
1902640,35.15,35.0,34.9,35.3,1,0,12.39,14.36,0,0,1,0,31.62
1903146,35.17,35.0,34.9,35.3,1,0,12.53,14.35,500,0,1,0,31.61
1903652,35.15,35.0,34.9,35.3,1,0,12.02,14.36,1000,0,1,0,31.62
1904159,35.15,35.0,34.9,35.3,1,0,12.68,14.36,1500,0,1,0,31.62
1904666,35.15,35.0,34.9,35.3,1,0,12.68,14.36,2000,0,1,0,31.62
1905172,35.14,35.0,34.9,35.3,1,0,12.77,14.34,2500,0,1,0,31.61
1905678,35.18,35.0,34.9,35.3,1,0,13.1,14.35,3000,0,0,0,31.59
1906184,35.18,35.0,34.9,35.3,1,0,13.1,14.35,3500,0,0,0,31.59
1906690,35.2,35.0,34.9,35.3,1,0,13.21,14.39,4000,0,0,0,31.64
1907196,35.12,35.0,34.9,35.3,1,0,12.81,14.35,4500,0,1,0,31.62
1907702,35.14,35.0,34.9,35.3,1,0,12.9,14.35,5000,0,1,0,31.62
1908208,35.14,35.0,34.9,35.3,1,0,12.9,14.35,5500,0,0,0,31.62
1908714,35.14,35.0,34.9,35.3,1,0,13.03,14.34,6000,0,0,0,31.61
1909220,35.14,35.0,34.9,35.3,1,0,13.03,14.34,6500,0,0,0,31.61
1909726,35.14,35.0,34.9,35.3,1,0,13.07,14.34,7000,0,0,0,31.61
1910232,35.14,35.0,34.9,35.3,1,0,13.07,14.34,7500,0,0,0,31.61
1910738,35.14,35.0,34.9,35.3,1,0,13.07,14.34,8000,0,0,0,31.61
1911244,35.14,35.0,34.9,35.3,1,0,13.07,14.34,8500,0,0,0,31.61
1911751,35.15,35.0,34.9,35.3,1,0,12.99,14.34,9000,0,0,0,31.64
1912258,35.15,35.0,34.9,35.3,1,0,12.99,14.37,9500,0,0,0,31.64
1912764,35.15,35.0,34.9,35.3,1,0,12.92,14.37,10000,0,0,0,31.64
1913270,35.17,35.0,34.9,35.3,1,0,12.99,14.38,10500,0,0,0,31.64
1913776,35.17,35.0,34.9,35.3,1,0,12.99,14.38,11000,0,0,0,31.64
1914282,35.14,35.0,34.9,35.3,1,0,13.05,14.38,11500,0,0,0,31.61
1914788,35.14,35.0,34.9,35.3,1,0,13.05,14.34,12000,0,0,0,31.61
1915294,35.2,35.0,34.9,35.3,1,0,12.81,14.34,12500,0,0,0,31.64
1915809,35.19,35.0,34.9,35.3,1,0,12.96,14.39,13000,0,1,0,31.61
1916316,35.19,35.0,34.9,35.3,1,0,12.96,14.36,13500,0,0,0,31.61
1916822,35.18,35.0,34.9,35.3,1,0,12.81,14.37,14000,0,1,0,31.62
1917328,35.18,35.0,34.9,35.3,1,0,12.92,14.37,14500,0,1,0,31.61
1917834,35.18,35.0,34.9,35.3,1,0,12.92,14.36,15000,0,0,0,31.61
1918340,35.23,35.0,34.9,35.3,1,0,13.16,14.36,15500,0,0,0,31.62
1918846,35.23,35.0,34.9,35.3,1,0,13.16,14.39,16000,0,0,0,31.62
1919352,35.21,35.0,34.9,35.3,1,0,12.42,14.4,16500,0,1,0,31.64
1919867,35.26,35.0,34.9,35.3,1,0,12.75,14.4,17000,0,1,0,31.64
1920374,35.26,35.0,34.9,35.3,1,0,12.75,14.42,17500,0,1,0,31.64
1920880,35.28,35.0,34.9,35.3,1,0,12.64,14.4,18001,0,1,0,31.61
1921386,35.28,35.0,34.9,35.3,1,0,12.64,14.4,18501,0,1,0,31.61
1921892,35.3,35.0,34.9,35.3,1,0,12.99,14.4,19001,0,1,0,31.61
1922398,35.3,35.0,34.9,35.3,1,0,12.99,14.41,19501,0,0,0,31.61
1922904,35.3,35.0,34.9,35.3,1,0,12.99,14.41,20001,0,0,0,31.61
1923410,35.3,35.0,34.9,35.3,1,0,12.99,14.41,20501,0,0,0,31.61
1923916,35.29,35.0,34.9,35.3,1,0,12.09,14.44,21001,0,1,0,31.65
1924422,35.29,35.0,34.9,35.3,1,0,12.09,14.44,21501,0,1,0,31.65
1924928,35.33,35.0,34.9,35.3,1,0,12.02,14.45,22001,0,1,0,31.64
1925434,35.33,35.0,34.9,35.3,1,0,12.02,14.45,22505,0,1,0,31.64
1925940,35.33,35.0,34.9,35.3,1,0,12.02,14.45,23005,0,1,0,31.64
1926446,35.33,35.0,34.9,35.3,1,0,12.02,14.45,23505,0,1,0,31.64
1926952,35.37,35.0,34.9,35.3,1,0,12.17,14.45,24005,0,1,0,31.62
1927458,35.37,35.0,34.9,35.3,1,0,12.17,14.46,24505,0,1,0,31.62
1927964,35.37,35.0,34.9,35.3,1,0,12.55,14.46,25005,0,1,0,31.64
1928470,35.37,35.0,34.9,35.3,1,0,12.55,14.47,25505,0,1,0,31.64
1928976,35.4,35.0,34.9,35.3,1,0,12.37,14.47,26005,0,1,0,31.64
1929483,35.4,35.0,34.9,35.3,1,0,12.37,14.48,26505,0,1,0,31.64
1929989,35.41,35.0,34.9,35.3,1,0,12.39,14.47,27021,0,1,0,31.62
1930495,35.45,35.0,34.9,35.3,1,0,11.67,14.47,27521,0,1,0,31.64
1931001,35.45,35.0,34.9,35.3,1,0,11.67,14.5,28021,0,1,0,31.64
1931507,35.45,35.0,34.9,35.3,1,0,11.67,14.5,28521,0,1,0,31.64
1932013,35.46,35.0,34.9,35.3,1,0,12.92,14.49,29021,0,1,0,31.62
1932519,35.46,35.0,34.9,35.3,1,0,12.92,14.49,29521,0,1,0,31.62
1933025,35.43,35.0,34.9,35.3,1,0,11.53,14.49,30021,0,1,0,31.65
1933531,35.43,35.0,34.9,35.3,1,0,11.53,14.51,30521,0,1,0,31.65
1934037,35.51,35.0,34.9,35.3,1,0,12.04,14.51,31021,0,1,0,31.65
1934543,35.48,35.0,34.9,35.3,1,0,12.02,14.54,31521,0,1,0,31.62
1935049,35.48,35.0,34.9,35.3,1,0,12.02,14.5,32021,0,1,0,31.62
1935555,35.48,35.0,34.9,35.3,1,0,12.02,14.5,32521,0,1,0,31.62
1936061,35.5,35.0,34.9,35.3,1,0,12.09,14.5,33021,0,1,0,31.62
1936567,35.55,35.0,34.9,35.3,1,0,11.93,14.51,33521,0,1,0,31.64
1937073,35.55,35.0,34.9,35.3,1,0,11.93,14.54,34021,0,1,0,31.64
1937579,35.48,35.0,34.9,35.3,1,0,11.86,14.54,34521,0,1,0,31.64
1938085,35.5,35.0,34.9,35.3,1,0,11.33,14.51,35021,0,1,0,31.62
1938591,35.5,35.0,34.9,35.3,1,0,11.33,14.51,35521,0,1,0,31.62
1939097,35.49,35.0,34.9,35.3,1,0,11.69,14.51,36526,0,1,0,31.62
1939603,35.49,35.0,34.9,35.3,1,0,11.75,14.51,37026,0,1,0,31.62
1940109,35.52,35.0,34.9,35.3,1,0,11.89,14.54,37526,0,1,0,31.65
1940615,35.49,35.0,34.9,35.3,1,0,11.82,14.49,38026,0,1,0,31.61
1941121,35.49,35.0,34.9,35.3,1,0,11.82,14.49,38526,0,1,0,31.61
1941627,35.51,35.0,34.9,35.3,1,0,11.75,14.53,39026,0,1,0,31.64
1942133,35.48,35.0,34.9,35.3,1,0,11.67,14.5,39526,0,1,0,31.62
1942639,35.48,35.0,34.9,35.3,1,0,11.67,14.5,40026,0,1,0,31.62
1943145,35.51,35.0,34.9,35.3,1,0,11.84,14.53,40526,0,1,0,31.64
1943651,35.49,35.0,34.9,35.3,1,0,11.24,14.52,41026,0,1,0,31.64
1944157,35.52,35.0,34.9,35.3,1,0,11.71,14.52,41526,0,1,0,31.64
1944663,35.52,35.0,34.9,35.3,1,0,11.71,14.53,42026,0,1,0,31.64
1945169,35.52,35.0,34.9,35.3,1,0,11.71,14.53,42526,0,1,0,31.64
1945675,35.52,35.0,34.9,35.3,1,0,11.71,14.53,43026,0,1,0,31.64
1946182,35.53,35.0,34.9,35.3,1,0,11.56,14.53,43526,0,1,0,31.62
1946688,35.52,35.0,34.9,35.3,1,0,11.4,14.53,44026,0,1,0,31.64
1947194,35.52,35.0,34.9,35.3,1,0,11.4,14.53,44526,0,1,0,31.64
1947700,35.45,35.0,34.9,35.3,1,0,11.58,14.51,45026,0,1,0,31.65
1948206,35.52,35.0,34.9,35.3,1,0,11.27,14.53,45526,0,1,0,31.64
1948712,35.46,35.0,34.9,35.3,1,0,11.51,14.53,46026,0,1,0,31.62
1949218,35.46,35.0,34.9,35.3,1,0,11.51,14.49,46526,0,1,0,31.62
1949724,35.45,35.0,34.9,35.3,1,0,10.73,14.5,47026,0,1,0,31.64
1950230,35.48,35.0,34.9,35.3,1,0,11.31,14.53,47526,0,1,0,31.65
1950736,35.54,35.0,34.9,35.3,1,0,11.6,14.53,48026,0,1,0,31.65
1951242,35.54,35.0,34.9,35.3,1,0,11.6,14.55,48526,0,1,0,31.65
1951748,35.5,35.0,34.9,35.3,1,0,11.4,14.51,49026,0,1,0,31.62
1952254,35.5,35.0,34.9,35.3,1,0,11.4,14.51,49526,0,1,0,31.62
1952760,35.5,35.0,34.9,35.3,1,0,11.4,14.51,50026,0,1,0,31.62
1953266,35.45,35.0,34.9,35.3,1,0,11.31,14.5,50526,0,1,0,31.64
1953772,35.52,35.0,34.9,35.3,1,0,11.27,14.53,51026,0,1,0,31.64
1954278,35.43,35.0,34.9,35.3,1,0,11.09,14.48,51528,0,1,0,31.62
1954784,35.45,35.0,34.9,35.3,1,0,11.13,14.48,52028,0,1,0,31.65
1955295,35.48,35.0,34.9,35.3,1,0,11.09,14.51,52528,0,1,0,31.64
1955802,35.48,35.0,34.9,35.3,1,0,11.09,14.51,53028,0,1,0,31.64
1956308,35.43,35.0,34.9,35.3,1,0,11.07,14.49,53528,0,1,0,31.64
1956814,35.41,35.0,34.9,35.3,1,0,11.36,14.49,54028,0,1,0,31.62
1957320,35.41,35.0,34.9,35.3,1,0,11.36,14.47,54528,0,1,0,31.62
1957826,35.43,35.0,34.9,35.3,1,0,10.78,14.48,55028,0,1,0,31.62
1958332,35.42,35.0,34.9,35.3,1,0,11.04,14.48,55528,0,1,0,31.65
1958838,35.42,35.0,34.9,35.3,1,0,11.04,14.5,56028,0,1,0,31.65
1959344,35.38,35.0,34.9,35.3,1,0,11.38,14.48,56528,0,1,0,31.65
1959850,35.38,35.0,34.9,35.3,1,0,11.38,14.48,57028,0,1,0,31.65
1960356,35.4,35.0,34.9,35.3,1,0,10.87,14.48,57528,0,1,0,31.64
1960862,35.39,35.0,34.9,35.3,1,0,11.13,14.48,58028,0,1,0,31.64
1961368,35.39,35.0,34.9,35.3,1,0,11.13,14.48,58528,0,1,0,31.64
1961874,35.39,35.0,34.9,35.3,1,0,11.13,14.48,59028,0,1,0,31.64
1962380,35.37,35.0,34.9,35.3,1,0,11.31,14.47,59528,0,1,0,31.64
1962886,35.37,35.0,34.9,35.3,1,0,11.31,14.47,60030,0,1,0,31.64
1963392,35.37,35.0,34.9,35.3,1,0,11.31,14.47,60530,0,1,0,31.64
1963898,35.33,35.0,34.9,35.3,1,0,10.71,14.47,61030,0,1,0,31.64
1964404,35.33,35.0,34.9,35.3,1,0,10.71,14.45,61530,0,1,0,31.64
1964910,35.36,35.0,34.9,35.3,1,0,10.67,14.45,62030,0,1,0,31.61
1965416,35.36,35.0,34.9,35.3,1,0,10.67,14.44,62530,0,1,0,31.61
1965922,35.33,35.0,34.9,35.3,1,0,10.82,14.44,63030,0,1,0,31.62
1966443,35.3,35.0,34.9,35.3,1,0,10.84,14.44,63530,0,1,0,31.65
1966950,35.3,35.0,34.9,35.3,1,0,10.84,14.45,64030,0,1,0,31.65
1967456,35.27,35.0,34.9,35.3,1,0,10.76,14.45,64530,0,1,0,31.62
1967962,35.27,35.0,34.9,35.3,0,0,10.76,14.41,0,0,1,0,31.62
1968468,35.3,35.0,34.9,35.3,0,0,10.8,14.41,500,0,1,0,31.64
1968974,35.3,35.0,34.9,35.3,0,0,10.8,14.44,1000,0,1,0,31.64
1969480,35.27,35.0,34.9,35.3,0,0,10.51,14.42,1512,0,1,0,31.64
1969986,35.24,35.0,34.9,35.3,0,0,10.64,14.42,2012,0,1,0,31.61
1970492,35.26,35.0,34.9,35.3,0,0,10.98,14.38,2512,0,1,0,31.64
1970998,35.26,35.0,34.9,35.3,0,0,10.98,14.42,3012,0,1,0,31.64
1971504,35.27,35.0,34.9,35.3,0,0,10.44,14.42,3512,0,1,0,31.62
1972010,35.27,35.0,34.9,35.3,0,0,10.44,14.41,4012,0,1,0,31.62
1972516,35.3,35.0,34.9,35.3,0,0,10.22,14.41,4512,0,1,0,31.65
1973022,35.3,35.0,34.9,35.3,0,0,10.22,14.45,5012,0,1,0,31.65
1973528,35.23,35.0,34.9,35.3,0,0,11.02,14.45,5512,0,1,0,31.64
1974034,35.23,35.0,34.9,35.3,0,0,11.02,14.41,6012,0,1,0,31.64
1974540,35.23,35.0,34.9,35.3,0,0,11.02,14.41,6512,0,1,0,31.64
1975046,35.23,35.0,34.9,35.3,0,0,11.02,14.41,7012,0,1,0,31.64
1975552,35.24,35.0,34.9,35.3,0,0,10.76,14.41,7512,0,1,0,31.66
1976058,35.24,35.0,34.9,35.3,0,0,10.76,14.44,8012,0,1,0,31.66
1976564,35.17,35.0,34.9,35.3,0,0,10.8,14.44,8512,0,1,0,31.64
1977070,35.17,35.0,34.9,35.3,0,0,10.8,14.38,9012,0,1,0,31.64
1977576,35.17,35.0,34.9,35.3,0,0,11.16,14.38,9512,0,1,0,31.62
1978082,35.17,35.0,34.9,35.3,0,0,11.16,14.37,10012,0,1,0,31.62
1978588,35.17,35.0,34.9,35.3,0,0,11.16,14.37,10512,0,1,0,31.62
1979094,35.14,35.0,34.9,35.3,0,0,11.6,14.37,11012,0,1,0,31.64
1979600,35.14,35.0,34.9,35.3,0,0,11.6,14.37,11512,0,1,0,31.64
1980106,35.14,35.0,34.9,35.3,0,0,11.6,14.37,12012,0,1,0,31.64
1980612,35.11,35.0,34.9,35.3,0,0,12.13,14.37,12512,0,1,0,31.64
1981118,35.11,35.0,34.9,35.3,0,0,12.13,14.35,13021,0,1,0,31.64
1981624,35.14,35.0,34.9,35.3,0,0,11.93,14.37,14023,0,1,0,31.64
1982130,35.11,35.0,34.9,35.3,0,0,12.2,14.35,14523,0,1,0,31.64
1982636,35.11,35.0,34.9,35.3,1,0,12.2,14.35,0,0,1,0,31.64
1983142,35.09,35.0,34.9,35.3,1,0,12.22,14.31,500,0,1,0,31.59
1983648,35.09,35.0,34.9,35.3,1,0,12.22,14.31,1000,0,1,0,31.59
1984154,35.08,35.0,34.9,35.3,1,0,12.37,14.35,1500,0,1,0,31.65
1984660,35.08,35.0,34.9,35.3,1,0,12.37,14.35,2000,0,1,0,31.65
1985166,35.08,35.0,34.9,35.3,1,0,12.37,14.35,2500,0,1,0,31.65
1985672,35.08,35.0,34.9,35.3,1,0,12.37,14.35,3000,0,1,0,31.65
1986178,35.07,35.0,34.9,35.3,1,0,12.64,14.33,3500,0,1,0,31.64
1986684,35.07,35.0,34.9,35.3,1,0,12.64,14.33,4000,0,1,0,31.64
1987190,35.05,35.0,34.9,35.3,1,0,12.68,14.3,4500,0,1,0,31.61
1987696,35.05,35.0,34.9,35.3,1,0,12.68,14.3,5000,0,1,0,31.61
1988202,35.05,35.0,34.9,35.3,1,0,12.68,14.3,5500,0,1,0,31.61
1988708,35.06,35.0,34.9,35.3,1,0,12.46,14.32,6000,0,1,0,31.62
1989214,35.06,35.0,34.9,35.3,1,0,12.46,14.32,6500,0,1,0,31.62
1989720,35.06,35.0,34.9,35.3,1,0,12.46,14.32,7000,0,1,0,31.62
1990232,35.07,35.0,34.9,35.3,1,0,12.68,14.32,7500,0,1,0,31.64
1990739,35.07,35.0,34.9,35.3,1,0,12.68,14.33,8000,0,1,0,31.64
1991245,35.05,35.0,34.9,35.3,1,0,13.01,14.34,8500,0,0,0,31.65
1991751,35.05,35.0,34.9,35.3,1,0,13.01,14.34,9000,0,0,0,31.65
1992257,35.05,35.0,34.9,35.3,1,0,13.01,14.34,9500,0,0,0,31.65
1992763,35.1,35.0,34.9,35.3,1,0,12.39,14.34,10000,0,0,0,31.65
1993269,35.1,35.0,34.9,35.3,1,0,12.39,14.36,10500,0,1,0,31.65
1993775,35.07,35.0,34.9,35.3,1,0,12.81,14.33,11000,0,1,0,31.64
1994281,35.08,35.0,34.9,35.3,1,0,12.61,14.34,11500,0,1,0,31.64
1994787,35.08,35.0,34.9,35.3,1,0,12.61,14.34,12000,0,1,0,31.64
1995293,35.08,35.0,34.9,35.3,1,0,12.61,14.34,12500,0,1,0,31.64
1995799,35.08,35.0,34.9,35.3,1,0,13.07,14.34,13000,0,1,0,31.66
1996305,35.08,35.0,34.9,35.3,1,0,13.07,14.36,13500,0,0,0,31.66
1996811,35.08,35.0,34.9,35.3,1,0,13.07,14.36,14000,0,0,0,31.66
1997317,35.08,35.0,34.9,35.3,1,0,13.07,14.36,14500,0,0,0,31.66
1997823,35.08,35.0,34.9,35.3,1,0,13.07,14.36,15000,0,0,0,31.66
1998329,35.12,35.0,34.9,35.3,1,0,12.66,14.35,15500,0,1,0,31.62
1998835,35.16,35.0,34.9,35.3,1,0,12.88,14.38,16000,0,1,0,31.65
1999341,35.12,35.0,34.9,35.3,1,0,12.77,14.38,16500,0,1,0,31.62
1999847,35.12,35.0,34.9,35.3,1,0,12.77,14.35,17000,0,1,0,31.62
2000353,35.18,35.0,34.9,35.3,1,0,12.48,14.35,17500,0,1,0,31.64
2000859,35.18,35.0,34.9,35.3,1,0,12.48,14.38,18000,0,1,0,31.64
2001365,35.17,35.0,34.9,35.3,1,0,12.39,14.38,18500,0,1,0,31.62
2001871,35.17,35.0,34.9,35.3,1,0,12.39,14.37,19000,0,1,0,31.62
2002377,35.17,35.0,34.9,35.3,1,0,12.39,14.37,19500,0,1,0,31.62
2002883,35.17,35.0,34.9,35.3,1,0,12.5,14.39,20000,0,1,0,31.65
2003389,35.17,35.0,34.9,35.3,1,0,12.5,14.39,20500,0,1,0,31.65
2003895,35.21,35.0,34.9,35.3,1,0,12.44,14.39,21000,0,1,0,31.64
2004401,35.21,35.0,34.9,35.3,1,0,12.44,14.4,21500,0,1,0,31.64
2004907,35.3,35.0,34.9,35.3,1,0,12.75,14.4,22000,0,1,0,31.64
2005413,35.3,35.0,34.9,35.3,1,0,12.75,14.44,22500,0,1,0,31.64
2005919,35.3,35.0,34.9,35.3,1,0,12.75,14.44,23000,0,1,0,31.64
2006425,35.24,35.0,34.9,35.3,1,0,12.24,14.44,23500,0,1,0,31.62
2006931,35.24,35.0,34.9,35.3,1,0,12.24,14.4,24000,0,1,0,31.62
2007437,35.3,35.0,34.9,35.3,1,0,12.72,14.4,24500,0,1,0,31.65
2007943,35.3,35.0,34.9,35.3,1,0,12.11,14.45,25000,0,1,0,31.64
2008449,35.3,35.0,34.9,35.3,1,0,12.11,14.44,25500,0,1,0,31.64
2008955,35.3,35.0,34.9,35.3,1,0,12.11,14.44,26000,0,1,0,31.64
2009461,35.3,35.0,34.9,35.3,1,0,12.11,14.44,26500,0,1,0,31.64
2009967,35.3,35.0,34.9,35.3,1,0,12.28,14.44,27000,0,1,0,31.65
2010473,35.3,35.0,34.9,35.3,1,0,12.28,14.45,27500,0,1,0,31.65
2010979,35.3,35.0,34.9,35.3,1,0,12.28,14.45,28000,0,1,0,31.65
2011485,35.39,35.0,34.9,35.3,1,0,12.06,14.45,28500,0,1,0,31.65
2011991,35.39,35.0,34.9,35.3,1,0,12.06,14.49,29000,0,1,0,31.65
2012497,35.33,35.0,34.9,35.3,1,0,11.82,14.49,29500,0,1,0,31.65
2013003,35.33,35.0,34.9,35.3,1,0,11.82,14.46,30000,0,1,0,31.65
2013509,35.31,35.0,34.9,35.3,1,0,12.0,14.46,30500,0,1,0,31.64
2014016,35.31,35.0,34.9,35.3,1,0,12.0,14.44,31000,0,1,0,31.64
2014523,35.32,35.0,34.9,35.3,1,0,11.58,14.44,31500,0,1,0,31.65
2015029,35.36,35.0,34.9,35.3,1,0,11.8,14.45,32000,0,1,0,31.65
2015535,35.36,35.0,34.9,35.3,1,0,11.8,14.47,32500,0,1,0,31.65
2016041,35.37,35.0,34.9,35.3,1,0,11.4,14.47,33000,0,1,0,31.64
2016547,35.37,35.0,34.9,35.3,1,0,11.4,14.47,33500,0,1,0,31.64
2017053,35.42,35.0,34.9,35.3,1,0,11.82,14.47,34000,0,1,0,31.65
2017559,35.42,35.0,34.9,35.3,1,0,11.82,14.5,34500,0,1,0,31.65
2018065,35.42,35.0,34.9,35.3,1,0,11.82,14.5,35000,0,1,0,31.65
2018571,35.4,35.0,34.9,35.3,1,0,11.4,14.5,35500,0,1,0,31.64
2019077,35.43,35.0,34.9,35.3,1,0,11.58,14.48,36000,0,1,0,31.64
2019583,35.43,35.0,34.9,35.3,1,0,11.58,14.49,36500,0,1,0,31.64
2020089,35.36,35.0,34.9,35.3,1,0,11.75,14.49,37000,0,1,0,31.65
2020595,35.36,35.0,34.9,35.3,1,0,11.75,14.47,37500,0,1,0,31.65
2021101,35.4,35.0,34.9,35.3,1,0,11.24,14.47,38000,0,1,0,31.64
2021607,35.4,35.0,34.9,35.3,1,0,11.24,14.48,38500,0,1,0,31.64
2022113,35.39,35.0,34.9,35.3,1,0,11.78,14.48,39000,0,1,0,31.65
2022619,35.42,35.0,34.9,35.3,1,0,11.6,14.49,39500,0,1,0,31.65
2023125,35.36,35.0,34.9,35.3,1,0,11.67,14.49,40501,0,1,0,31.66
2023631,35.36,35.0,34.9,35.3,1,0,11.67,14.49,41001,0,1,0,31.66
2024137,35.38,35.0,34.9,35.3,1,0,11.49,14.48,41501,0,1,0,31.65
2024643,35.38,35.0,34.9,35.3,1,0,11.49,14.48,42001,0,1,0,31.65
2025149,35.36,35.0,34.9,35.3,1,0,10.93,14.46,42501,0,1,0,31.64
2025656,35.36,35.0,34.9,35.3,1,0,10.93,14.46,43001,0,1,0,31.64
2026162,35.4,35.0,34.9,35.3,1,0,10.84,14.47,43501,0,1,0,31.62
2026668,35.4,35.0,34.9,35.3,1,0,10.84,14.47,44001,0,1,0,31.62
2027174,35.34,35.0,34.9,35.3,1,0,11.31,14.44,44501,0,1,0,31.62
2027680,35.4,35.0,34.9,35.3,1,0,10.67,14.49,45001,0,1,0,31.65
2028186,35.37,35.0,34.9,35.3,1,0,11.24,14.47,45501,0,1,0,31.64
2028692,35.37,35.0,34.9,35.3,1,0,11.24,14.47,46002,0,1,0,31.64
2029198,35.35,35.0,34.9,35.3,1,0,11.75,14.48,46503,0,1,0,31.66
2029720,35.33,35.0,34.9,35.3,1,0,11.31,14.48,47003,0,1,0,31.65
2030227,35.33,35.0,34.9,35.3,1,0,11.31,14.46,47503,0,1,0,31.65
2030733,35.36,35.0,34.9,35.3,1,0,10.58,14.49,48003,0,1,0,31.66
2031239,35.36,35.0,34.9,35.3,1,0,10.58,14.49,48503,0,1,0,31.66
2031745,35.32,35.0,34.9,35.3,1,0,11.27,14.45,49003,0,1,0,31.65
2032251,35.32,35.0,34.9,35.3,1,0,11.24,14.45,49503,0,1,0,31.65
2032757,35.32,35.0,34.9,35.3,1,0,11.24,14.45,50003,0,1,0,31.65
2033263,35.31,35.0,34.9,35.3,1,0,11.18,14.45,50503,0,1,0,31.62
2033778,35.32,35.0,34.9,35.3,1,0,11.09,14.43,51003,0,1,0,31.66
2034285,35.32,35.0,34.9,35.3,1,0,11.09,14.47,51503,0,1,0,31.66
2034791,35.32,35.0,34.9,35.3,1,0,11.11,14.47,52003,0,1,0,31.65
2035297,35.32,35.0,34.9,35.3,1,0,11.11,14.45,52503,0,1,0,31.65
2035803,35.29,35.0,34.9,35.3,1,0,11.09,14.45,53003,0,1,0,31.66
2036309,35.29,35.0,34.9,35.3,0,0,11.09,14.45,0,0,1,0,31.66
2036815,35.29,35.0,34.9,35.3,0,0,11.09,14.45,501,0,1,0,31.66
2037321,35.27,35.0,34.9,35.3,0,0,10.96,14.45,1001,0,1,0,31.64
2037827,35.27,35.0,34.9,35.3,0,0,10.96,14.42,1501,0,1,0,31.64
2038333,35.3,35.0,34.9,35.3,0,0,11.16,14.45,2001,0,1,0,31.65
2038839,35.3,35.0,34.9,35.3,0,0,11.16,14.45,2501,0,1,0,31.65
2039345,35.26,35.0,34.9,35.3,0,0,10.73,14.45,3001,0,1,0,31.65
2039851,35.26,35.0,34.9,35.3,0,0,10.73,14.43,3501,0,1,0,31.65
2040357,35.27,35.0,34.9,35.3,0,0,11.31,14.44,4001,0,1,0,31.65
2040864,35.27,35.0,34.9,35.3,0,0,11.31,14.44,4501,0,1,0,31.65
2041371,35.24,35.0,34.9,35.3,0,0,10.98,14.42,5001,0,1,0,31.65
2041877,35.2,35.0,34.9,35.3,0,0,11.09,14.42,5501,0,1,0,31.65
2042383,35.2,35.0,34.9,35.3,0,0,11.09,14.4,6001,0,1,0,31.65
2042889,35.24,35.0,34.9,35.3,0,0,10.33,14.42,6501,0,1,0,31.65
2043395,35.24,35.0,34.9,35.3,0,0,10.33,14.42,7001,0,1,0,31.65
2043901,35.3,35.0,34.9,35.3,0,0,10.89,14.42,7501,0,1,0,31.66
2044407,35.3,35.0,34.9,35.3,0,0,10.89,14.46,8001,0,1,0,31.66
2044913,35.23,35.0,34.9,35.3,0,0,11.82,14.43,8502,0,1,0,31.66
2045419,35.23,35.0,34.9,35.3,0,0,11.82,14.43,9002,0,1,0,31.66
2045925,35.2,35.0,34.9,35.3,0,0,10.67,14.43,9502,0,1,0,31.64
2046431,35.2,35.0,34.9,35.3,0,0,10.67,14.39,10002,0,1,0,31.64
2046937,35.22,35.0,34.9,35.3,0,0,11.51,14.39,10502,0,1,0,31.65
2047443,35.22,35.0,34.9,35.3,0,0,11.51,14.41,11002,0,1,0,31.65
2047949,35.17,35.0,34.9,35.3,0,0,11.86,14.39,11502,0,1,0,31.65
2048455,35.17,35.0,34.9,35.3,0,0,11.8,14.39,12002,0,1,0,31.66
2048961,35.17,35.0,34.9,35.3,0,0,12.09,14.4,12502,0,1,0,31.62
2049467,35.17,35.0,34.9,35.3,0,0,12.09,14.37,13002,0,1,0,31.62
2049973,35.16,35.0,34.9,35.3,0,0,12.04,14.37,13502,0,1,0,31.65
2050479,35.17,35.0,34.9,35.3,0,0,11.51,14.38,14002,0,1,0,31.62
2050985,35.17,35.0,34.9,35.3,0,0,11.51,14.37,14502,0,1,0,31.62
2051491,35.1,35.0,34.9,35.3,1,0,12.33,14.37,0,0,1,0,31.65
2051997,35.1,35.0,34.9,35.3,1,0,12.33,14.36,500,0,1,0,31.65
2052503,35.14,35.0,34.9,35.3,1,0,12.79,14.38,1000,0,1,0,31.65
2053009,35.11,35.0,34.9,35.3,1,0,12.46,14.35,1505,0,1,0,31.64
2053522,35.1,35.0,34.9,35.3,1,0,12.72,14.35,2005,0,1,0,31.65
2054029,35.1,35.0,34.9,35.3,1,0,12.72,14.36,2505,0,1,0,31.65
2054535,35.12,35.0,34.9,35.3,1,0,12.55,14.38,3005,0,1,0,31.66
2055041,35.12,35.0,34.9,35.3,1,0,12.55,14.38,3505,0,1,0,31.66
2055547,35.12,35.0,34.9,35.3,1,0,12.55,14.38,4005,0,1,0,31.66
2056053,35.07,35.0,34.9,35.3,1,0,12.72,14.36,4505,0,1,0,31.66
2056559,35.1,35.0,34.9,35.3,1,0,13.18,14.36,5005,0,1,0,31.64
2057065,35.04,35.0,34.9,35.3,1,0,12.81,14.35,5505,0,0,0,31.65
2057580,35.08,35.0,34.9,35.3,1,0,12.88,14.33,6005,0,1,0,31.65
2058087,35.08,35.0,34.9,35.3,1,0,12.88,14.35,6505,0,0,0,31.65
2058593,35.08,35.0,34.9,35.3,1,0,12.88,14.35,7005,0,0,0,31.65
2059099,35.07,35.0,34.9,35.3,1,0,12.94,14.35,7505,0,0,0,31.65
2059605,35.07,35.0,34.9,35.3,1,0,12.94,14.34,8005,0,0,0,31.65
2060111,35.11,35.0,34.9,35.3,1,0,12.96,14.34,8505,0,0,0,31.65
2060617,35.11,35.0,34.9,35.3,1,0,12.96,14.37,9005,0,0,0,31.65
2061123,35.08,35.0,34.9,35.3,1,0,12.99,14.37,9505,0,0,0,31.65
2061629,35.08,35.0,34.9,35.3,1,0,12.99,14.35,10005,0,0,0,31.65
2062135,35.1,35.0,34.9,35.3,1,0,12.55,14.36,11006,0,1,0,31.65
2062641,35.1,35.0,34.9,35.3,1,0,12.99,14.36,11506,0,0,0,31.65
2063147,35.1,35.0,34.9,35.3,1,0,12.99,14.36,12006,0,0,0,31.65
2063653,35.1,35.0,34.9,35.3,1,0,12.99,14.36,12506,0,0,0,31.65
2064159,35.08,35.0,34.9,35.3,1,0,12.92,14.35,13006,0,0,0,31.65
2064666,35.08,35.0,34.9,35.3,1,0,12.92,14.35,13506,0,0,0,31.65
2065173,35.16,35.0,34.9,35.3,1,0,12.37,14.38,14006,0,1,0,31.65
2065679,35.13,35.0,34.9,35.3,1,0,12.04,14.38,14506,0,1,0,31.65
2066185,35.13,35.0,34.9,35.3,1,0,12.04,14.37,15006,0,1,0,31.65
2066691,35.17,35.0,34.9,35.3,1,0,12.72,14.42,15506,0,1,0,31.68
2067197,35.17,35.0,34.9,35.3,1,0,12.72,14.42,16007,0,1,0,31.68
2067703,35.16,35.0,34.9,35.3,1,0,12.81,14.38,16508,0,1,0,31.65
2068209,35.16,35.0,34.9,35.3,1,0,12.88,14.38,17009,0,1,0,31.65
2068718,35.16,35.0,34.9,35.3,1,0,12.88,14.38,17509,0,1,0,31.65
2069224,35.16,35.0,34.9,35.3,1,0,12.88,14.38,18009,0,1,0,31.65
2069730,35.23,35.0,34.9,35.3,1,0,13.01,14.42,18509,0,0,0,31.65
2070236,35.23,35.0,34.9,35.3,1,0,13.01,14.42,19009,0,0,0,31.65
2070742,35.23,35.0,34.9,35.3,1,0,13.01,14.42,19509,0,0,0,31.65
2071248,35.24,35.0,34.9,35.3,1,0,12.55,14.42,20009,0,0,0,31.66
2071762,35.26,35.0,34.9,35.3,1,0,12.61,14.44,20509,0,1,0,31.66
2072269,35.26,35.0,34.9,35.3,1,0,12.61,14.44,21009,0,1,0,31.66
2072775,35.33,35.0,34.9,35.3,1,0,12.15,14.49,21509,0,1,0,31.68
2073281,35.33,35.0,34.9,35.3,1,0,12.15,14.49,22009,0,1,0,31.68
2073787,35.27,35.0,34.9,35.3,1,0,12.72,14.44,22509,0,1,0,31.65
2074293,35.3,35.0,34.9,35.3,1,0,12.7,14.44,23009,0,1,0,31.65
2074799,35.3,35.0,34.9,35.3,1,0,12.7,14.45,23509,0,1,0,31.65
2075305,35.31,35.0,34.9,35.3,1,0,12.44,14.44,24009,0,1,0,31.64
2075811,35.35,35.0,34.9,35.3,1,0,12.26,14.47,24509,0,1,0,31.65
2076319,35.37,35.0,34.9,35.3,1,0,12.55,14.47,25009,0,1,0,31.64
2076826,35.37,35.0,34.9,35.3,1,0,12.55,14.47,25509,0,1,0,31.64
2077332,35.36,35.0,34.9,35.3,1,0,12.57,14.47,26009,0,1,0,31.65
2077838,35.36,35.0,34.9,35.3,1,0,12.57,14.47,26509,0,1,0,31.65
2078344,35.39,35.0,34.9,35.3,1,0,11.86,14.49,27009,0,1,0,31.65
2078850,35.39,35.0,34.9,35.3,1,0,12.26,14.49,27509,0,1,0,31.65
2079356,35.39,35.0,34.9,35.3,1,0,12.26,14.49,28009,0,1,0,31.65
2079862,35.38,35.0,34.9,35.3,1,0,11.6,14.48,28509,0,1,0,31.65
2080368,35.39,35.0,34.9,35.3,1,0,12.2,14.48,29009,0,1,0,31.66
2080874,35.36,35.0,34.9,35.3,1,0,11.58,14.5,29509,0,1,0,31.64
2081381,35.42,35.0,34.9,35.3,1,0,11.78,14.46,30009,0,1,0,31.65
2081888,35.42,35.0,34.9,35.3,1,0,11.78,14.5,30509,0,1,0,31.65
2082394,35.4,35.0,34.9,35.3,1,0,12.2,14.49,31009,0,1,0,31.65
2082900,35.41,35.0,34.9,35.3,1,0,12.0,14.49,31509,0,1,0,31.68
2083406,35.42,35.0,34.9,35.3,1,0,12.17,14.52,32009,0,1,0,31.64
2083912,35.42,35.0,34.9,35.3,1,0,12.17,14.49,32509,0,1,0,31.64
2084418,35.42,35.0,34.9,35.3,1,0,12.17,14.49,33009,0,1,0,31.64
2084924,35.42,35.0,34.9,35.3,1,0,12.11,14.49,33509,0,1,0,31.64
2085430,35.43,35.0,34.9,35.3,1,0,11.51,14.49,34009,0,1,0,31.66
2085941,35.45,35.0,34.9,35.3,1,0,11.82,14.52,34509,0,1,0,31.69
2086448,35.45,35.0,34.9,35.3,1,0,11.82,14.55,35009,0,1,0,31.69
2086954,35.48,35.0,34.9,35.3,1,0,12.28,14.51,35509,0,1,0,31.64
2087460,35.48,35.0,34.9,35.3,1,0,12.28,14.51,36009,0,1,0,31.64
2087966,35.43,35.0,34.9,35.3,1,0,12.02,14.51,36509,0,1,0,31.66
2088472,35.46,35.0,34.9,35.3,1,0,11.51,14.52,37009,0,1,0,31.66
2088978,35.46,35.0,34.9,35.3,1,0,11.51,14.53,37509,0,1,0,31.66
2089484,35.43,35.0,34.9,35.3,1,0,11.71,14.51,38009,0,1,0,31.65
2089990,35.49,35.0,34.9,35.3,1,0,11.8,14.51,38509,0,1,0,31.65
2090501,35.42,35.0,34.9,35.3,1,0,11.67,14.53,39009,0,1,0,31.64
2091008,35.42,35.0,34.9,35.3,1,0,11.67,14.49,39509,0,1,0,31.64
2091514,35.48,35.0,34.9,35.3,1,0,11.31,14.49,40009,0,1,0,31.66
2092020,35.48,35.0,34.9,35.3,1,0,11.31,14.54,40509,0,1,0,31.66
2092526,35.48,35.0,34.9,35.3,1,0,11.31,14.54,41009,0,1,0,31.66
2093032,35.45,35.0,34.9,35.3,1,0,11.49,14.54,41509,0,1,0,31.65
2093538,35.51,35.0,34.9,35.3,1,0,11.49,14.51,42009,0,1,0,31.65
2094044,35.51,35.0,34.9,35.3,1,0,11.49,14.54,42509,0,1,0,31.65
2094551,35.44,35.0,34.9,35.3,1,0,11.42,14.54,43012,0,1,0,31.68
2095057,35.48,35.0,34.9,35.3,1,0,11.62,14.53,43513,0,1,0,31.65
2095563,35.46,35.0,34.9,35.3,1,0,11.42,14.53,44014,0,1,0,31.66
2096069,35.46,35.0,34.9,35.3,1,0,11.42,14.53,44515,0,1,0,31.66
2096575,35.4,35.0,34.9,35.3,1,0,11.09,14.53,45015,0,1,0,31.64
2097081,35.4,35.0,34.9,35.3,1,0,11.09,14.48,45515,0,1,0,31.64
2097587,35.43,35.0,34.9,35.3,1,0,11.33,14.52,46015,0,1,0,31.66
2098093,35.39,35.0,34.9,35.3,1,0,11.42,14.52,46515,0,1,0,31.65
2098611,35.42,35.0,34.9,35.3,1,0,11.58,14.49,47015,0,1,0,31.66
2099118,35.42,35.0,34.9,35.3,1,0,11.58,14.51,47515,0,1,0,31.66
2099624,35.39,35.0,34.9,35.3,1,0,11.47,14.51,48015,0,1,0,31.65
2100130,35.38,35.0,34.9,35.3,1,0,11.29,14.49,48515,0,1,0,31.65
2100636,35.4,35.0,34.9,35.3,1,0,11.02,14.48,49015,0,1,0,31.65
2101142,35.4,35.0,34.9,35.3,1,0,11.02,14.49,49515,0,1,0,31.65
2101648,35.4,35.0,34.9,35.3,1,0,11.02,14.49,50519,0,1,0,31.65
2102154,35.38,35.0,34.9,35.3,1,0,11.13,14.48,51019,0,1,0,31.65
2102660,35.39,35.0,34.9,35.3,1,0,11.16,14.48,51519,0,1,0,31.64
2103166,35.36,35.0,34.9,35.3,1,0,10.82,14.47,52019,0,1,0,31.65
2103672,35.36,35.0,34.9,35.3,1,0,10.82,14.47,52519,0,1,0,31.65
2104178,35.36,35.0,34.9,35.3,1,0,10.82,14.47,53019,0,1,0,31.65
2104684,35.35,35.0,34.9,35.3,1,0,10.98,14.47,53519,0,1,0,31.65
2105190,35.35,35.0,34.9,35.3,1,0,10.98,14.47,54019,0,1,0,31.65
2105696,35.35,35.0,34.9,35.3,1,0,11.24,14.48,54519,0,1,0,31.66
2106202,35.35,35.0,34.9,35.3,1,0,11.24,14.48,55019,0,1,0,31.66
2106708,35.39,35.0,34.9,35.3,1,0,11.29,14.49,55519,0,1,0,31.65
2107214,35.33,35.0,34.9,35.3,1,0,11.31,14.46,56019,0,1,0,31.65
2107720,35.33,35.0,34.9,35.3,1,0,11.31,14.46,56519,0,1,0,31.65
2108226,35.36,35.0,34.9,35.3,1,0,11.13,14.46,57019,0,1,0,31.66
2108732,35.36,35.0,34.9,35.3,1,0,11.13,14.49,57519,0,1,0,31.66
2109238,35.32,35.0,34.9,35.3,1,0,11.29,14.45,58019,0,1,0,31.65
2109744,35.32,35.0,34.9,35.3,1,0,11.29,14.45,58519,0,1,0,31.65
2110250,35.32,35.0,34.9,35.3,1,0,11.29,14.45,59019,0,1,0,31.65
2110756,35.32,35.0,34.9,35.3,1,0,11.29,14.45,59519,0,1,0,31.65
2111262,35.32,35.0,34.9,35.3,1,0,11.29,14.45,60019,0,1,0,31.65
2111768,35.32,35.0,34.9,35.3,1,0,11.29,14.45,60519,0,1,0,31.65
2112274,35.29,35.0,34.9,35.3,0,0,11.16,14.45,0,0,1,0,31.66
2112780,35.29,35.0,34.9,35.3,0,0,11.16,14.45,500,0,1,0,31.66
2113286,35.3,35.0,34.9,35.3,0,0,11.02,14.45,1000,0,1,0,31.65
2113793,35.24,35.0,34.9,35.3,0,0,10.89,14.45,1500,0,1,0,31.65
2114300,35.24,35.0,34.9,35.3,0,0,10.89,14.42,2000,0,1,0,31.65
2114806,35.24,35.0,34.9,35.3,0,0,10.51,14.44,2500,0,1,0,31.66
2115312,35.24,35.0,34.9,35.3,0,0,11.0,14.44,3000,0,1,0,31.66
2115818,35.24,35.0,34.9,35.3,0,0,11.0,14.44,3500,0,1,0,31.66
2116324,35.28,35.0,34.9,35.3,0,0,11.04,14.44,4000,0,1,0,31.66
2116830,35.28,35.0,34.9,35.3,0,0,11.04,14.45,4500,0,1,0,31.66
2117336,35.23,35.0,34.9,35.3,0,0,10.64,14.41,5000,0,1,0,31.64
2117842,35.21,35.0,34.9,35.3,0,0,10.96,14.4,5509,0,1,0,31.64
2118348,35.23,35.0,34.9,35.3,0,0,9.79,14.4,6009,0,1,0,31.66
2118854,35.23,35.0,34.9,35.3,0,0,9.79,14.43,6509,0,1,0,31.66
2119360,35.22,35.0,34.9,35.3,0,0,10.96,14.42,7009,0,1,0,31.66
2119866,35.22,35.0,34.9,35.3,0,0,10.96,14.42,7509,0,1,0,31.66
2120372,35.16,35.0,34.9,35.3,0,0,10.78,14.38,8009,0,1,0,31.65
2120878,35.14,35.0,34.9,35.3,0,0,11.44,14.38,8509,0,1,0,31.66
2121384,35.14,35.0,34.9,35.3,0,0,11.44,14.39,9009,0,1,0,31.66
2121890,35.11,35.0,34.9,35.3,0,0,11.4,14.37,9509,0,1,0,31.65
2122396,35.12,35.0,34.9,35.3,0,0,11.51,14.37,10009,0,1,0,31.66
2122907,35.14,35.0,34.9,35.3,0,0,11.2,14.38,10509,0,1,0,31.65
2123414,35.14,35.0,34.9,35.3,0,0,11.2,14.38,11009,0,1,0,31.65
2123920,35.14,35.0,34.9,35.3,0,0,11.2,14.38,11509,0,1,0,31.65
2124426,35.06,35.0,34.9,35.3,0,0,11.69,14.38,12009,0,1,0,31.66
2124932,35.06,35.0,34.9,35.3,0,0,11.69,14.35,12509,0,1,0,31.66
2125438,35.15,35.0,34.9,35.3,0,0,11.84,14.37,13009,0,1,0,31.64
2125944,35.15,35.0,34.9,35.3,0,0,11.84,14.37,13512,0,1,0,31.64
2126450,35.15,35.0,34.9,35.3,0,0,11.84,14.37,14012,0,1,0,31.64
2126956,35.06,35.0,34.9,35.3,0,0,12.44,14.35,14512,0,1,0,31.66
2127462,35.06,35.0,34.9,35.3,1,0,12.44,14.35,0,0,1,0,31.66
2127968,35.08,35.0,34.9,35.3,1,0,11.78,14.35,500,0,1,0,31.66
2128474,35.08,35.0,34.9,35.3,1,0,11.78,14.36,1000,0,1,0,31.66
2128980,35.08,35.0,34.9,35.3,1,0,11.78,14.36,1500,0,1,0,31.66
2129486,35.05,35.0,34.9,35.3,1,0,12.15,14.34,2000,0,1,0,31.65
2129992,35.07,35.0,34.9,35.3,1,0,12.48,14.34,2500,0,1,0,31.66
2130498,35.07,35.0,34.9,35.3,1,0,12.48,14.36,3000,0,1,0,31.66
2131004,35.07,35.0,34.9,35.3,1,0,12.48,14.36,3500,0,1,0,31.66
2131510,35.1,35.0,34.9,35.3,1,0,12.79,14.36,4000,0,1,0,31.65
2132016,35.01,35.0,34.9,35.3,1,0,12.7,14.33,4516,0,1,0,31.66
2132522,35.01,35.0,34.9,35.3,1,0,12.7,14.33,5016,0,1,0,31.66
2133028,35.04,35.0,34.9,35.3,1,0,12.77,14.34,5516,0,1,0,31.66
2133534,35.04,35.0,34.9,35.3,1,0,13.16,14.34,6016,0,1,0,31.66
2134040,35.04,35.0,34.9,35.3,1,0,13.16,14.34,6516,0,0,0,31.66
2134546,34.97,35.0,34.9,35.3,1,0,12.75,14.31,7016,0,1,0,31.66
2135052,35.03,35.0,34.9,35.3,1,0,13.1,14.31,7516,0,1,0,31.68
2135558,35.03,35.0,34.9,35.3,1,0,13.1,14.35,8016,0,0,0,31.68
2136064,35.07,35.0,34.9,35.3,1,0,13.07,14.35,8516,0,0,0,31.66
2136570,35.07,35.0,34.9,35.3,1,0,13.07,14.36,9016,0,0,0,31.66
2137076,35.01,35.0,34.9,35.3,1,0,13.23,14.36,9516,0,0,0,31.66
2137585,35.01,35.0,34.9,35.3,1,0,13.23,14.33,10016,0,0,0,31.66
2138092,35.01,35.0,34.9,35.3,1,0,13.4,14.33,10516,0,0,0,31.66
2138598,35.01,35.0,34.9,35.3,1,0,13.4,14.33,11016,0,0,0,31.66
2139104,35.07,35.0,34.9,35.3,1,0,12.88,14.33,11516,0,0,0,31.66
2139610,35.07,35.0,34.9,35.3,1,0,12.88,14.36,12016,0,0,0,31.66
2140116,35.05,35.0,34.9,35.3,1,0,12.75,14.34,12516,0,1,0,31.65
2140622,35.05,35.0,34.9,35.3,1,0,12.75,14.34,13016,0,1,0,31.65
2141128,35.07,35.0,34.9,35.3,1,0,12.7,14.34,13516,0,1,0,31.66
2141634,35.1,35.0,34.9,35.3,1,0,12.5,14.36,14016,0,1,0,31.68
2142140,35.1,35.0,34.9,35.3,1,0,12.75,14.39,14516,0,1,0,31.65
2142646,35.1,35.0,34.9,35.3,1,0,12.75,14.36,15016,0,1,0,31.65
2143152,35.11,35.0,34.9,35.3,1,0,12.53,14.36,15516,0,1,0,31.65
2143658,35.11,35.0,34.9,35.3,1,0,12.53,14.37,16016,0,1,0,31.65
2144164,35.11,35.0,34.9,35.3,1,0,12.53,14.37,16516,0,1,0,31.65
2144670,35.13,35.0,34.9,35.3,1,0,12.5,14.37,17016,0,1,0,31.65
2145176,35.13,35.0,34.9,35.3,1,0,13.1,14.4,18016,0,0,0,31.68
2145682,35.13,35.0,34.9,35.3,1,0,13.1,14.4,18516,0,0,0,31.68
2146189,35.13,35.0,34.9,35.3,1,0,13.1,14.4,19016,0,0,0,31.68
2146695,35.16,35.0,34.9,35.3,1,0,12.46,14.38,19516,0,1,0,31.65
2147201,35.16,35.0,34.9,35.3,1,0,12.46,14.38,20016,0,1,0,31.65
2147707,35.16,35.0,34.9,35.3,1,0,12.46,14.38,20516,0,1,0,31.65
2148213,35.17,35.0,34.9,35.3,1,0,12.37,14.42,21016,0,1,0,31.68
2148719,35.23,35.0,34.9,35.3,1,0,12.37,14.44,21516,0,1,0,31.68
2149225,35.23,35.0,34.9,35.3,1,0,12.37,14.44,22016,0,1,0,31.68
2149731,35.23,35.0,34.9,35.3,1,0,12.37,14.44,22516,0,1,0,31.68
2150237,35.26,35.0,34.9,35.3,1,0,12.33,14.43,23016,0,1,0,31.65
2150743,35.26,35.0,34.9,35.3,1,0,12.33,14.43,23516,0,1,0,31.65
2151249,35.24,35.0,34.9,35.3,1,0,12.31,14.42,24016,0,1,0,31.65
2151755,35.23,35.0,34.9,35.3,1,0,12.31,14.44,24519,0,1,0,31.68
2152277,35.27,35.0,34.9,35.3,1,0,12.28,14.44,25019,0,1,0,31.65
2152784,35.27,35.0,34.9,35.3,1,0,12.28,14.44,25519,0,1,0,31.65
2153290,35.27,35.0,34.9,35.3,1,0,12.2,14.42,26019,0,1,0,31.64
2153796,35.29,35.0,34.9,35.3,1,0,12.5,14.42,26519,0,1,0,31.66
2154302,35.29,35.0,34.9,35.3,1,0,12.5,14.45,27019,0,1,0,31.66
2154808,35.33,35.0,34.9,35.3,1,0,12.24,14.46,27519,0,1,0,31.65
2155314,35.33,35.0,34.9,35.3,1,0,12.24,14.46,28019,0,1,0,31.65
2155820,35.28,35.0,34.9,35.3,1,0,12.04,14.46,28519,0,1,0,31.68
2156326,35.36,35.0,34.9,35.3,1,0,11.69,14.46,29019,0,1,0,31.65
2156832,35.36,35.0,34.9,35.3,1,0,11.69,14.47,29519,0,1,0,31.65
2157338,35.36,35.0,34.9,35.3,1,0,11.69,14.47,30019,0,1,0,31.65
2157844,35.35,35.0,34.9,35.3,1,0,11.91,14.48,30519,0,1,0,31.66
2158350,35.33,35.0,34.9,35.3,1,0,12.15,14.46,31019,0,1,0,31.65
2158856,35.33,35.0,34.9,35.3,1,0,12.15,14.46,31519,0,1,0,31.65
2159362,35.33,35.0,34.9,35.3,1,0,12.15,14.46,32019,0,1,0,31.65
2159868,35.39,35.0,34.9,35.3,1,0,11.89,14.49,32521,0,1,0,31.65
2160374,35.39,35.0,34.9,35.3,1,0,11.89,14.49,33021,0,1,0,31.65
2160880,35.33,35.0,34.9,35.3,1,0,11.53,14.49,33521,0,1,0,31.66
2161386,35.33,35.0,34.9,35.3,1,0,11.53,14.47,34021,0,1,0,31.66
2161892,35.35,35.0,34.9,35.3,1,0,12.31,14.5,34521,0,1,0,31.68
2162398,35.35,35.0,34.9,35.3,1,0,12.31,14.5,35021,0,1,0,31.68
2162904,35.39,35.0,34.9,35.3,1,0,11.82,14.5,35521,0,1,0,31.64
2163411,35.39,35.0,34.9,35.3,1,0,11.82,14.48,36021,0,1,0,31.64
2163917,35.38,35.0,34.9,35.3,1,0,11.84,14.48,36521,0,1,0,31.68
2164423,35.36,35.0,34.9,35.3,1,0,11.36,14.51,37021,0,1,0,31.64
2164929,35.42,35.0,34.9,35.3,1,0,11.73,14.46,37521,0,1,0,31.66
2165435,35.42,35.0,34.9,35.3,1,0,11.73,14.51,38021,0,1,0,31.66
2165941,35.42,35.0,34.9,35.3,1,0,11.73,14.51,38521,0,1,0,31.66
2166447,35.35,35.0,34.9,35.3,1,0,11.91,14.47,39021,0,1,0,31.65
2166953,35.36,35.0,34.9,35.3,1,0,12.24,14.5,39525,0,1,0,31.68
2167459,35.39,35.0,34.9,35.3,1,0,11.62,14.5,40025,0,1,0,31.68
2167965,35.39,35.0,34.9,35.3,1,0,11.62,14.51,40525,0,1,0,31.68
2168471,35.38,35.0,34.9,35.3,1,0,11.69,14.49,41025,0,1,0,31.66
2168977,35.38,35.0,34.9,35.3,1,0,11.69,14.49,41525,0,1,0,31.66
2169483,35.38,35.0,34.9,35.3,1,0,11.69,14.49,42025,0,1,0,31.66
2169989,35.38,35.0,34.9,35.3,1,0,11.44,14.49,42525,0,1,0,31.66
2170495,35.38,35.0,34.9,35.3,1,0,11.44,14.49,43025,0,1,0,31.66
2171001,35.39,35.0,34.9,35.3,1,0,11.58,14.49,43525,0,1,0,31.65
2171507,35.39,35.0,34.9,35.3,1,0,11.58,14.49,44025,0,1,0,31.65
2172013,35.41,35.0,34.9,35.3,1,0,11.11,14.51,44525,0,1,0,31.66
2172519,35.41,35.0,34.9,35.3,1,0,11.11,14.51,45025,0,1,0,31.66
2173025,35.41,35.0,34.9,35.3,1,0,11.11,14.51,45525,0,1,0,31.66
2173531,35.39,35.0,34.9,35.3,1,0,11.91,14.49,46025,0,1,0,31.65
2174037,35.39,35.0,34.9,35.3,1,0,11.91,14.49,46525,0,1,0,31.65
2174543,35.35,35.0,34.9,35.3,1,0,11.27,14.48,47025,0,1,0,31.66
2175049,35.36,35.0,34.9,35.3,1,0,11.6,14.48,47525,0,1,0,31.65
2175555,35.36,35.0,34.9,35.3,1,0,11.6,14.47,48025,0,1,0,31.65
2176061,35.36,35.0,34.9,35.3,1,0,11.6,14.47,48525,0,1,0,31.65
2176567,35.36,35.0,34.9,35.3,1,0,11.6,14.47,49025,0,1,0,31.65
2177073,35.32,35.0,34.9,35.3,1,0,11.51,14.47,49525,0,1,0,31.69
2177579,35.32,35.0,34.9,35.3,1,0,11.51,14.49,50025,0,1,0,31.69
2178085,35.29,35.0,34.9,35.3,0,0,11.36,14.45,0,0,1,0,31.66
2178591,35.33,35.0,34.9,35.3,0,0,11.02,14.45,500,0,1,0,31.65
2179097,35.33,35.0,34.9,35.3,0,0,11.02,14.46,1000,0,1,0,31.65
2179603,35.29,35.0,34.9,35.3,0,0,11.02,14.46,1500,0,1,0,31.65
2180109,35.26,35.0,34.9,35.3,0,0,10.4,14.44,2000,0,1,0,31.66
2180615,35.26,35.0,34.9,35.3,0,0,10.4,14.44,2500,0,1,0,31.66
2181121,35.26,35.0,34.9,35.3,0,0,10.4,14.44,3000,0,1,0,31.66
2181627,35.26,35.0,34.9,35.3,0,0,10.4,14.44,3500,0,1,0,31.66
2182133,35.26,35.0,34.9,35.3,0,0,10.4,14.44,4000,0,1,0,31.66
2182639,35.22,35.0,34.9,35.3,0,0,11.24,14.44,4500,0,1,0,31.66
2183145,35.22,35.0,34.9,35.3,0,0,11.24,14.42,5000,0,1,0,31.66
2183651,35.23,35.0,34.9,35.3,0,0,12.04,14.42,5500,0,1,0,31.65
2184157,35.23,35.0,34.9,35.3,0,0,12.04,14.42,6000,0,1,0,31.65
2184663,35.2,35.0,34.9,35.3,0,0,11.38,14.42,6500,0,1,0,31.66
2185169,35.2,35.0,34.9,35.3,0,0,11.38,14.42,7000,0,1,0,31.66
2185675,35.2,35.0,34.9,35.3,0,0,11.38,14.42,7500,0,1,0,31.66
2186181,35.2,35.0,34.9,35.3,0,0,11.38,14.42,8000,0,1,0,31.66
2186687,35.23,35.0,34.9,35.3,0,0,11.36,14.42,9002,0,1,0,31.65
2187193,35.2,35.0,34.9,35.3,0,0,11.42,14.42,9502,0,1,0,31.66
2187699,35.2,35.0,34.9,35.3,0,0,11.42,14.42,10002,0,1,0,31.66
2188205,35.21,35.0,34.9,35.3,0,0,11.82,14.4,10502,0,1,0,31.64
2188711,35.21,35.0,34.9,35.3,0,0,11.82,14.4,11002,0,1,0,31.64
2189217,35.2,35.0,34.9,35.3,0,0,12.28,14.4,11502,0,1,0,31.65
2189723,35.2,35.0,34.9,35.3,0,0,12.28,14.4,12002,0,1,0,31.65
2190229,35.2,35.0,34.9,35.3,0,0,12.28,14.4,12502,0,1,0,31.65
2190735,35.16,35.0,34.9,35.3,0,0,11.97,14.4,13002,0,1,0,31.66
2191241,35.16,35.0,34.9,35.3,0,0,11.97,14.4,13502,0,1,0,31.66
2191747,35.17,35.0,34.9,35.3,0,0,11.89,14.4,14002,0,1,0,31.66
2192253,35.17,35.0,34.9,35.3,0,0,11.89,14.4,14502,0,1,0,31.66
2192759,35.17,35.0,34.9,35.3,1,0,12.57,14.4,0,0,1,0,31.66
2193265,35.17,35.0,34.9,35.3,1,0,12.57,14.4,500,0,1,0,31.66
2193771,35.17,35.0,34.9,35.3,1,0,12.68,14.4,1000,0,1,0,31.66
2194277,35.17,35.0,34.9,35.3,1,0,12.68,14.4,1500,0,1,0,31.66
2194783,35.12,35.0,34.9,35.3,1,0,12.55,14.38,2000,0,1,0,31.66
2195289,35.13,35.0,34.9,35.3,1,0,12.66,14.37,2500,0,1,0,31.65
2195803,35.1,35.0,34.9,35.3,1,0,12.88,14.37,3000,0,1,0,31.66
2196310,35.1,35.0,34.9,35.3,1,0,12.88,14.37,3500,0,0,0,31.66
2196816,35.12,35.0,34.9,35.3,1,0,13.07,14.39,4000,0,0,0,31.68
2197322,35.12,35.0,34.9,35.3,1,0,13.07,14.39,4500,0,0,0,31.68
2197828,35.12,35.0,34.9,35.3,1,0,13.07,14.39,5000,0,0,0,31.68
2198334,35.12,35.0,34.9,35.3,1,0,12.55,14.38,5500,0,1,0,31.66
2198840,35.13,35.0,34.9,35.3,1,0,12.96,14.38,6000,0,1,0,31.66
2199348,35.13,35.0,34.9,35.3,1,0,12.96,14.38,6500,0,0,0,31.66
2199854,35.08,35.0,34.9,35.3,1,0,13.05,14.36,7000,0,0,0,31.66
2200360,35.08,35.0,34.9,35.3,1,0,13.05,14.36,7500,0,0,0,31.66
2200866,35.07,35.0,34.9,35.3,1,0,13.34,14.37,8000,0,0,0,31.68
2201372,35.07,35.0,34.9,35.3,1,0,13.34,14.37,8500,0,0,0,31.68
2201878,35.11,35.0,34.9,35.3,1,0,13.53,14.37,9000,0,0,0,31.65
2202384,35.11,35.0,34.9,35.3,1,0,13.53,14.37,9500,0,0,0,31.65
2202890,35.11,35.0,34.9,35.3,1,0,13.53,14.37,10000,0,0,0,31.65
2203396,35.12,35.0,34.9,35.3,1,0,13.1,14.4,10501,0,0,0,31.69
2203902,35.12,35.0,34.9,35.3,1,0,13.1,14.4,11001,0,0,0,31.69
2204408,35.14,35.0,34.9,35.3,1,0,12.37,14.4,11501,0,0,0,31.66
2204914,35.14,35.0,34.9,35.3,1,0,12.37,14.39,12001,0,1,0,31.66
2205420,35.14,35.0,34.9,35.3,1,0,12.37,14.39,12501,0,1,0,31.66
2205926,35.13,35.0,34.9,35.3,1,0,13.36,14.39,13001,0,1,0,31.66
2206433,35.11,35.0,34.9,35.3,1,0,13.03,14.38,13501,0,0,0,31.65
2206940,35.11,35.0,34.9,35.3,1,0,13.03,14.37,14001,0,0,0,31.65
2207446,35.11,35.0,34.9,35.3,1,0,13.03,14.37,14501,0,0,0,31.65
2207952,35.11,35.0,34.9,35.3,1,0,13.03,14.37,15001,0,0,0,31.65
2208458,35.16,35.0,34.9,35.3,1,0,12.81,14.41,15501,0,1,0,31.68
2208964,35.17,35.0,34.9,35.3,1,0,12.9,14.41,16001,0,1,0,31.65
2209470,35.17,35.0,34.9,35.3,1,0,12.9,14.39,16501,0,0,0,31.65
2209976,35.17,35.0,34.9,35.3,1,0,12.9,14.39,17001,0,0,0,31.65
2210482,35.2,35.0,34.9,35.3,1,0,12.96,14.42,17501,0,0,0,31.66
2210988,35.22,35.0,34.9,35.3,1,0,12.7,14.42,18001,0,0,0,31.66
2211494,35.22,35.0,34.9,35.3,1,0,12.7,14.42,18501,0,1,0,31.66
2212000,35.25,35.0,34.9,35.3,1,0,13.1,14.45,19001,0,0,0,31.68
2212506,35.25,35.0,34.9,35.3,1,0,13.1,14.45,19501,0,0,0,31.68
2213025,35.29,35.0,34.9,35.3,1,0,12.42,14.45,20001,0,0,0,31.68
2213532,35.29,35.0,34.9,35.3,1,0,12.42,14.47,20501,0,1,0,31.68
2214038,35.23,35.0,34.9,35.3,1,0,12.79,14.47,21001,0,1,0,31.66
2214544,35.23,35.0,34.9,35.3,1,0,12.79,14.43,21501,0,1,0,31.66
2215050,35.23,35.0,34.9,35.3,1,0,12.79,14.43,22001,0,1,0,31.66
2215556,35.32,35.0,34.9,35.3,1,0,12.55,14.43,22501,0,1,0,31.65
2216062,35.38,35.0,34.9,35.3,1,0,13.16,14.45,23001,0,1,0,31.65
2216569,35.38,35.0,34.9,35.3,1,0,13.16,14.48,23501,0,0,0,31.65
2217076,35.32,35.0,34.9,35.3,1,0,12.46,14.48,24001,0,0,0,31.66
2217582,35.32,35.0,34.9,35.3,1,0,12.46,14.47,24501,0,1,0,31.66
2218088,35.33,35.0,34.9,35.3,1,0,12.64,14.49,25001,0,1,0,31.68
2218594,35.36,35.0,34.9,35.3,1,0,12.09,14.49,25501,0,1,0,31.66
2219100,35.36,35.0,34.9,35.3,1,0,12.09,14.49,26001,0,1,0,31.66
2219606,35.36,35.0,34.9,35.3,1,0,12.42,14.49,26501,0,1,0,31.66
2220112,35.39,35.0,34.9,35.3,1,0,12.46,14.49,27001,0,1,0,31.68
2220621,35.39,35.0,34.9,35.3,1,0,12.46,14.51,27501,0,1,0,31.68
2221127,35.39,35.0,34.9,35.3,1,0,12.46,14.51,28001,0,1,0,31.68
2221633,35.41,35.0,34.9,35.3,1,0,11.73,14.51,28501,0,1,0,31.66
2222139,35.42,35.0,34.9,35.3,1,0,12.17,14.51,29001,0,1,0,31.66
2222645,35.43,35.0,34.9,35.3,1,0,12.24,14.51,29501,0,1,0,31.66
2223151,35.43,35.0,34.9,35.3,1,0,12.24,14.52,30001,0,1,0,31.66
2223657,35.45,35.0,34.9,35.3,1,0,11.53,14.52,30501,0,1,0,31.68
2224163,35.45,35.0,34.9,35.3,1,0,11.53,14.54,31002,0,1,0,31.68
2224669,35.45,35.0,34.9,35.3,1,0,11.53,14.54,31502,0,1,0,31.68
2225175,35.45,35.0,34.9,35.3,1,0,12.17,14.54,32002,0,1,0,31.66
2225681,35.45,35.0,34.9,35.3,1,0,12.17,14.53,32502,0,1,0,31.66
2226187,35.45,35.0,34.9,35.3,1,0,12.17,14.53,33002,0,1,0,31.66
2226693,35.43,35.0,34.9,35.3,1,0,12.04,14.52,34006,0,1,0,31.66
2227199,35.46,35.0,34.9,35.3,1,0,12.37,14.53,34506,0,1,0,31.66
2227720,35.45,35.0,34.9,35.3,1,0,12.04,14.53,35006,0,1,0,31.68
2228227,35.45,35.0,34.9,35.3,1,0,12.04,14.54,35506,0,1,0,31.68
2228733,35.45,35.0,34.9,35.3,1,0,11.95,14.54,36006,0,1,0,31.68
2229239,35.5,35.0,34.9,35.3,1,0,12.5,14.54,36506,0,1,0,31.69
2229745,35.5,35.0,34.9,35.3,1,0,12.5,14.57,37006,0,1,0,31.69
2230251,35.48,35.0,34.9,35.3,1,0,12.44,14.53,37506,0,1,0,31.65
2230757,35.46,35.0,34.9,35.3,1,0,11.82,14.53,38006,0,1,0,31.66
2231263,35.45,35.0,34.9,35.3,1,0,11.51,14.54,38512,0,1,0,31.68
2231769,35.45,35.0,34.9,35.3,1,0,11.51,14.54,39012,0,1,0,31.68
2232275,35.48,35.0,34.9,35.3,1,0,11.8,14.54,39512,0,1,0,31.66
2232781,35.44,35.0,34.9,35.3,1,0,11.64,14.55,40012,0,1,0,31.69
2233287,35.47,35.0,34.9,35.3,1,0,11.75,14.55,40512,0,1,0,31.68
2233794,35.49,35.0,34.9,35.3,1,0,11.69,14.55,41012,0,1,0,31.66
2234301,35.49,35.0,34.9,35.3,1,0,11.69,14.54,41512,0,1,0,31.66
2234807,35.52,35.0,34.9,35.3,1,0,11.67,14.56,42012,0,1,0,31.66
2235313,35.52,35.0,34.9,35.3,1,0,11.67,14.56,42512,0,1,0,31.66
2235819,35.48,35.0,34.9,35.3,1,0,11.33,14.53,43012,0,1,0,31.65
2236325,35.48,35.0,34.9,35.3,1,0,11.33,14.53,43512,0,1,0,31.65
2236831,35.42,35.0,34.9,35.3,1,0,11.49,14.53,44012,0,1,0,31.68
2237338,35.42,35.0,34.9,35.3,1,0,11.49,14.53,44512,0,1,0,31.68
2237845,35.44,35.0,34.9,35.3,1,0,11.69,14.53,45012,0,1,0,31.68
2238351,35.48,35.0,34.9,35.3,1,0,11.49,14.53,45512,0,1,0,31.65
2238857,35.48,35.0,34.9,35.3,1,0,11.49,14.53,46012,0,1,0,31.65
2239363,35.47,35.0,34.9,35.3,1,0,11.4,14.55,46512,0,1,0,31.68
2239869,35.43,35.0,34.9,35.3,1,0,11.62,14.51,47012,0,1,0,31.65
2240375,35.43,35.0,34.9,35.3,1,0,11.62,14.51,47512,0,1,0,31.65
2240881,35.43,35.0,34.9,35.3,1,0,11.62,14.51,48012,0,1,0,31.65
2241387,35.43,35.0,34.9,35.3,1,0,11.62,14.51,48512,0,1,0,31.65
2241893,35.46,35.0,34.9,35.3,1,0,11.31,14.53,49012,0,1,0,31.66
2242399,35.46,35.0,34.9,35.3,1,0,11.31,14.53,49512,0,1,0,31.66
2242905,35.39,35.0,34.9,35.3,1,0,11.36,14.53,50012,0,1,0,31.69
2243411,35.39,35.0,34.9,35.3,1,0,11.36,14.53,50512,0,1,0,31.69
2243917,35.44,35.0,34.9,35.3,1,0,10.82,14.55,51012,0,1,0,31.69
2244424,35.44,35.0,34.9,35.3,1,0,10.82,14.55,51512,0,1,0,31.69
2244930,35.43,35.0,34.9,35.3,1,0,11.47,14.51,52012,0,1,0,31.65
2245436,35.41,35.0,34.9,35.3,1,0,11.13,14.51,52512,0,1,0,31.66
2245942,35.41,35.0,34.9,35.3,1,0,11.13,14.51,53012,0,1,0,31.66
2246448,35.41,35.0,34.9,35.3,1,0,11.13,14.51,53512,0,1,0,31.66
2246954,35.38,35.0,34.9,35.3,1,0,11.11,14.51,54012,0,1,0,31.66
2247460,35.38,35.0,34.9,35.3,1,0,11.11,14.49,54512,0,1,0,31.66
2247966,35.38,35.0,34.9,35.3,1,0,10.93,14.48,55012,0,1,0,31.65
2248472,35.35,35.0,34.9,35.3,1,0,10.62,14.48,55512,0,1,0,31.66
2248978,35.38,35.0,34.9,35.3,1,0,11.04,14.48,56012,0,1,0,31.69
2249484,35.29,35.0,34.9,35.3,1,0,11.07,14.52,56512,0,1,0,31.66
2249990,35.29,35.0,34.9,35.3,0,0,11.07,14.45,0,0,1,0,31.66
2250496,35.35,35.0,34.9,35.3,0,0,11.2,14.45,500,0,1,0,31.66
2251002,35.35,35.0,34.9,35.3,0,0,11.2,14.48,1000,0,1,0,31.66
2251508,35.35,35.0,34.9,35.3,0,0,11.44,14.5,1500,0,1,0,31.68
2252014,35.35,35.0,34.9,35.3,0,0,11.44,14.5,2000,0,1,0,31.68
2252520,35.33,35.0,34.9,35.3,0,0,11.2,14.5,2500,0,1,0,31.66
2253026,35.3,35.0,34.9,35.3,0,0,11.16,14.47,3000,0,1,0,31.68
2253532,35.3,35.0,34.9,35.3,0,0,11.16,14.48,3500,0,1,0,31.68
2254038,35.32,35.0,34.9,35.3,0,0,11.0,14.47,4000,0,1,0,31.66
2254544,35.32,35.0,34.9,35.3,0,0,10.87,14.47,4500,0,1,0,31.68
2255050,35.32,35.0,34.9,35.3,0,0,10.87,14.48,5000,0,1,0,31.68
2255556,35.3,35.0,34.9,35.3,0,0,12.46,14.48,5500,0,1,0,31.65
2256062,35.24,35.0,34.9,35.3,0,0,11.27,14.45,6000,0,1,0,31.66
2256568,35.24,35.0,34.9,35.3,0,0,11.27,14.44,6500,0,1,0,31.66
2257074,35.25,35.0,34.9,35.3,0,0,11.18,14.44,7000,0,1,0,31.68
2257592,35.25,35.0,34.9,35.3,0,0,11.02,14.45,7500,0,1,0,31.69
2258099,35.25,35.0,34.9,35.3,0,0,11.02,14.46,8001,0,1,0,31.69
2258605,35.25,35.0,34.9,35.3,0,0,11.02,14.46,8501,0,1,0,31.69
2259111,35.22,35.0,34.9,35.3,0,0,11.44,14.46,9001,0,1,0,31.68
2259617,35.22,35.0,34.9,35.3,0,0,11.36,14.44,9501,0,1,0,31.68
2260123,35.22,35.0,34.9,35.3,0,0,11.36,14.44,10001,0,1,0,31.68
2260629,35.2,35.0,34.9,35.3,0,0,11.67,14.43,10501,0,1,0,31.68
2261136,35.2,35.0,34.9,35.3,0,0,11.67,14.43,11001,0,1,0,31.68
2261643,35.2,35.0,34.9,35.3,0,0,11.89,14.43,11501,0,1,0,31.66
2262149,35.2,35.0,34.9,35.3,0,0,11.89,14.42,12001,0,1,0,31.66
2262655,35.19,35.0,34.9,35.3,0,0,11.97,14.42,12501,0,1,0,31.66
2263161,35.19,35.0,34.9,35.3,0,0,11.97,14.41,13001,0,1,0,31.66
2263667,35.19,35.0,34.9,35.3,0,0,11.97,14.41,13502,0,1,0,31.66
2264173,35.14,35.0,34.9,35.3,0,0,12.72,14.4,14003,0,1,0,31.68
2264679,35.14,35.0,34.9,35.3,0,0,12.72,14.4,14503,0,1,0,31.68
2265185,35.14,35.0,34.9,35.3,1,0,12.37,14.4,0,0,1,0,31.65
2265691,35.14,35.0,34.9,35.3,1,0,12.37,14.38,500,0,1,0,31.65
2266197,35.14,35.0,34.9,35.3,1,0,12.37,14.38,1000,0,1,0,31.65
2266703,35.12,35.0,34.9,35.3,1,0,12.48,14.38,2001,0,1,0,31.66
2267209,35.1,35.0,34.9,35.3,1,0,12.59,14.37,2501,0,1,0,31.66
2267718,35.1,35.0,34.9,35.3,1,0,12.59,14.37,3001,0,1,0,31.66
2268224,35.08,35.0,34.9,35.3,1,0,12.7,14.36,3501,0,1,0,31.66
2268730,35.08,35.0,34.9,35.3,1,0,12.7,14.36,4001,0,1,0,31.66
2269236,35.12,35.0,34.9,35.3,1,0,12.48,14.4,4501,0,1,0,31.69
2269742,35.13,35.0,34.9,35.3,1,0,13.23,14.37,5002,0,0,0,31.65
2270248,35.13,35.0,34.9,35.3,1,0,13.23,14.37,5502,0,0,0,31.65
2270754,35.14,35.0,34.9,35.3,1,0,12.72,14.39,6002,0,1,0,31.66
2271260,35.08,35.0,34.9,35.3,1,0,13.03,14.35,6502,0,0,0,31.65
2271766,35.1,35.0,34.9,35.3,1,0,12.68,14.37,7002,0,1,0,31.66
2272272,35.1,35.0,34.9,35.3,1,0,12.68,14.37,7502,0,1,0,31.66
2272778,35.1,35.0,34.9,35.3,1,0,12.68,14.37,8002,0,1,0,31.66
2273284,35.08,35.0,34.9,35.3,1,0,12.83,14.36,8502,0,1,0,31.66
2273790,35.06,35.0,34.9,35.3,1,0,13.38,14.36,9002,0,1,0,31.66
2274296,35.06,35.0,34.9,35.3,1,0,13.38,14.35,9502,0,0,0,31.66
2274802,35.12,35.0,34.9,35.3,1,0,13.31,14.35,10002,0,0,0,31.68
2275308,35.12,35.0,34.9,35.3,1,0,13.31,14.39,10502,0,0,0,31.68
2275814,35.08,35.0,34.9,35.3,1,0,13.07,14.35,11002,0,0,0,31.65
2276320,35.08,35.0,34.9,35.3,1,0,13.07,14.35,11502,0,0,0,31.65
2276826,35.13,35.0,34.9,35.3,1,0,12.88,14.35,12002,0,0,0,31.65
2277332,35.13,35.0,34.9,35.3,1,0,12.88,14.37,12502,0,0,0,31.65
2277838,35.13,35.0,34.9,35.3,1,0,12.92,14.37,13002,0,0,0,31.66
2278344,35.13,35.0,34.9,35.3,1,0,12.92,14.38,13502,0,0,0,31.66
2278850,35.14,35.0,34.9,35.3,1,0,12.37,14.4,14002,0,1,0,31.68
2279370,35.17,35.0,34.9,35.3,1,0,13.16,14.4,14502,0,1,0,31.68
2279877,35.17,35.0,34.9,35.3,1,0,13.16,14.42,15002,0,0,0,31.68
2280383,35.17,35.0,34.9,35.3,1,0,13.16,14.4,15502,0,0,0,31.66
2280889,35.16,35.0,34.9,35.3,1,0,13.01,14.4,16002,0,0,0,31.66
2281395,35.16,35.0,34.9,35.3,1,0,13.01,14.4,16502,0,0,0,31.66
2281901,35.22,35.0,34.9,35.3,1,0,12.75,14.42,17002,0,1,0,31.66
2282407,35.19,35.0,34.9,35.3,1,0,12.79,14.42,17502,0,1,0,31.68
2282913,35.19,35.0,34.9,35.3,1,0,12.79,14.42,18002,0,1,0,31.68
2283419,35.19,35.0,34.9,35.3,1,0,12.79,14.42,18502,0,1,0,31.68
2283925,35.28,35.0,34.9,35.3,1,0,12.57,14.42,19003,0,1,0,31.66
2284431,35.28,35.0,34.9,35.3,1,0,12.57,14.45,19503,0,1,0,31.66
2284937,35.26,35.0,34.9,35.3,1,0,12.48,14.46,20004,0,1,0,31.68
2285443,35.3,35.0,34.9,35.3,1,0,12.75,14.46,20504,0,1,0,31.66
2285949,35.3,35.0,34.9,35.3,1,0,12.75,14.46,21004,0,1,0,31.66
2286455,35.3,35.0,34.9,35.3,1,0,12.75,14.46,21504,0,1,0,31.66
2286961,35.32,35.0,34.9,35.3,1,0,12.61,14.48,22004,0,1,0,31.68
2287467,35.26,35.0,34.9,35.3,1,0,12.2,14.48,22504,0,1,0,31.68
2287974,35.32,35.0,34.9,35.3,1,0,12.64,14.46,23004,0,1,0,31.69
2288481,35.32,35.0,34.9,35.3,1,0,12.64,14.49,23504,0,1,0,31.69
2288987,35.3,35.0,34.9,35.3,1,0,12.59,14.48,24004,0,1,0,31.68
2289493,35.36,35.0,34.9,35.3,1,0,12.06,14.49,24504,0,1,0,31.66
2289999,35.36,35.0,34.9,35.3,1,0,11.84,14.49,25004,0,1,0,31.66
2290505,35.36,35.0,34.9,35.3,1,0,11.84,14.49,25504,0,1,0,31.66
2291011,35.41,35.0,34.9,35.3,1,0,12.55,14.49,26004,0,1,0,31.69
2291517,35.41,35.0,34.9,35.3,1,0,12.55,14.53,26504,0,1,0,31.69
2292023,35.35,35.0,34.9,35.3,1,0,12.64,14.48,27004,0,1,0,31.66
2292529,35.35,35.0,34.9,35.3,1,0,12.2,14.48,27504,0,1,0,31.66
2293036,35.39,35.0,34.9,35.3,1,0,12.46,14.48,28004,0,1,0,31.68
2293543,35.39,35.0,34.9,35.3,1,0,12.46,14.51,28504,0,1,0,31.68
2294049,35.39,35.0,34.9,35.3,1,0,12.46,14.51,29004,0,1,0,31.68
2294555,35.41,35.0,34.9,35.3,1,0,12.33,14.51,29505,0,1,0,31.66
2295061,35.41,35.0,34.9,35.3,1,0,12.33,14.51,30006,0,1,0,31.66
2295567,35.46,35.0,34.9,35.3,1,0,12.02,14.53,30507,0,1,0,31.66
2296073,35.46,35.0,34.9,35.3,1,0,12.02,14.53,31007,0,1,0,31.66
2296579,35.41,35.0,34.9,35.3,1,0,12.24,14.53,31507,0,1,0,31.68
2297085,35.41,35.0,34.9,35.3,1,0,12.24,14.52,32007,0,1,0,31.68
2297591,35.43,35.0,34.9,35.3,1,0,11.95,14.52,32507,0,1,0,31.66
2298097,35.44,35.0,34.9,35.3,1,0,12.02,14.52,33007,0,1,0,31.69
2298603,35.44,35.0,34.9,35.3,1,0,11.4,14.55,33507,0,1,0,31.69
2299109,35.44,35.0,34.9,35.3,1,0,11.4,14.55,34007,0,1,0,31.69
2299615,35.42,35.0,34.9,35.3,1,0,11.95,14.55,34507,0,1,0,31.66
2300121,35.42,35.0,34.9,35.3,1,0,11.95,14.51,35007,0,1,0,31.66
2300627,35.43,35.0,34.9,35.3,1,0,11.93,14.52,35507,0,1,0,31.66
2301133,35.43,35.0,34.9,35.3,1,0,11.91,14.52,36007,0,1,0,31.66
2301639,35.42,35.0,34.9,35.3,1,0,11.89,14.52,36507,0,1,0,31.68
2302145,35.42,35.0,34.9,35.3,1,0,11.89,14.53,37007,0,1,0,31.68
2302651,35.42,35.0,34.9,35.3,1,0,11.89,14.53,37507,0,1,0,31.68
2303157,35.48,35.0,34.9,35.3,1,0,11.71,14.53,38011,0,1,0,31.68
2303663,35.48,35.0,34.9,35.3,1,0,11.71,14.55,38511,0,1,0,31.68
2304169,35.48,35.0,34.9,35.3,1,0,11.71,14.55,39011,0,1,0,31.68
2304675,35.43,35.0,34.9,35.3,1,0,11.95,14.55,39511,0,1,0,31.66
2305181,35.43,35.0,34.9,35.3,1,0,11.95,14.52,40011,0,1,0,31.66
2305687,35.41,35.0,34.9,35.3,1,0,11.6,14.52,40511,0,1,0,31.68
2306193,35.41,35.0,34.9,35.3,1,0,11.6,14.52,41011,0,1,0,31.68
2306699,35.42,35.0,34.9,35.3,1,0,11.91,14.52,41511,0,1,0,31.69
2307205,35.42,35.0,34.9,35.3,1,0,11.91,14.54,42011,0,1,0,31.69
2307711,35.44,35.0,34.9,35.3,1,0,11.97,14.54,42511,0,1,0,31.68
2308218,35.44,35.0,34.9,35.3,1,0,11.97,14.53,43516,0,1,0,31.68
2308725,35.44,35.0,34.9,35.3,1,0,11.97,14.53,44016,0,1,0,31.68
2309231,35.39,35.0,34.9,35.3,1,0,11.6,14.53,44516,0,1,0,31.69
2309737,35.39,35.0,34.9,35.3,1,0,11.6,14.53,45016,0,1,0,31.69
2310243,35.38,35.0,34.9,35.3,1,0,11.84,14.49,45516,0,1,0,31.66
2310749,35.41,35.0,34.9,35.3,1,0,11.49,14.52,46016,0,1,0,31.68
2311255,35.41,35.0,34.9,35.3,1,0,11.49,14.52,46516,0,1,0,31.68
2311764,35.41,35.0,34.9,35.3,1,0,11.44,14.52,47016,0,1,0,31.66
2312271,35.41,35.0,34.9,35.3,1,0,11.44,14.51,47516,0,1,0,31.66
2312777,35.39,35.0,34.9,35.3,1,0,11.2,14.51,48016,0,1,0,31.68
2313283,35.39,35.0,34.9,35.3,1,0,11.2,14.51,48516,0,1,0,31.68
2313789,35.42,35.0,34.9,35.3,1,0,11.2,14.51,49016,0,1,0,31.66
2314295,35.42,35.0,34.9,35.3,1,0,11.2,14.51,49516,0,1,0,31.66
2314801,35.41,35.0,34.9,35.3,1,0,11.36,14.53,50016,0,1,0,31.69
2315308,35.41,35.0,34.9,35.3,1,0,11.36,14.53,50516,0,1,0,31.69
2315814,35.39,35.0,34.9,35.3,1,0,11.27,14.53,51016,0,1,0,31.68
2316320,35.39,35.0,34.9,35.3,1,0,11.27,14.51,51516,0,1,0,31.68
2316826,35.36,35.0,34.9,35.3,1,0,11.58,14.51,52016,0,1,0,31.68
2317332,35.36,35.0,34.9,35.3,1,0,11.58,14.5,52516,0,1,0,31.68
2317838,35.38,35.0,34.9,35.3,1,0,10.96,14.51,53016,0,1,0,31.68
2318344,35.39,35.0,34.9,35.3,1,0,11.04,14.51,53516,0,1,0,31.68
2318850,35.39,35.0,34.9,35.3,1,0,11.04,14.51,54016,0,1,0,31.68
2319357,35.38,35.0,34.9,35.3,1,0,10.98,14.51,54516,0,1,0,31.66
2319864,35.38,35.0,34.9,35.3,1,0,10.98,14.49,55016,0,1,0,31.66
2320370,35.32,35.0,34.9,35.3,1,0,11.11,14.47,55516,0,1,0,31.66
2320876,35.35,35.0,34.9,35.3,1,0,11.13,14.47,56016,0,1,0,31.66
2321382,35.35,35.0,34.9,35.3,1,0,11.13,14.48,56516,0,1,0,31.66
2321888,35.3,35.0,34.9,35.3,1,0,10.98,14.45,57016,0,1,0,31.65
2322394,35.34,35.0,34.9,35.3,1,0,11.04,14.45,57516,0,1,0,31.69
2322900,35.34,35.0,34.9,35.3,1,0,11.04,14.5,58016,0,1,0,31.69
2323406,35.3,35.0,34.9,35.3,1,0,11.07,14.45,58516,0,1,0,31.65
2323912,35.29,35.0,34.9,35.3,1,0,11.29,14.45,59016,0,1,0,31.66
2324418,35.29,35.0,34.9,35.3,0,0,11.29,14.45,0,0,1,0,31.66
2324924,35.29,35.0,34.9,35.3,0,0,11.0,14.44,500,0,1,0,31.65
2325430,35.28,35.0,34.9,35.3,0,0,11.09,14.44,1000,0,1,0,31.68
2325936,35.28,35.0,34.9,35.3,0,0,11.09,14.46,1500,0,1,0,31.68
2326442,35.24,35.0,34.9,35.3,0,0,10.8,14.44,2000,0,1,0,31.66
2326948,35.24,35.0,34.9,35.3,0,0,10.8,14.44,2500,0,1,0,31.66
2327454,35.24,35.0,34.9,35.3,0,0,10.42,14.44,3000,0,1,0,31.66
2327960,35.24,35.0,34.9,35.3,0,0,10.42,14.44,3500,0,1,0,31.66
2328466,35.24,35.0,34.9,35.3,0,0,11.07,14.44,4000,0,1,0,31.66
2328972,35.2,35.0,34.9,35.3,0,0,11.36,14.44,4500,0,1,0,31.66
2329478,35.2,35.0,34.9,35.3,0,0,11.36,14.42,5000,0,1,0,31.66
2329984,35.2,35.0,34.9,35.3,0,0,11.11,14.42,5500,0,1,0,31.68
2330490,35.2,35.0,34.9,35.3,0,0,11.11,14.43,6000,0,1,0,31.68
2330996,35.19,35.0,34.9,35.3,0,0,11.62,14.41,6500,0,1,0,31.66
2331502,35.2,35.0,34.9,35.3,0,0,11.73,14.41,7000,0,1,0,31.69
2332008,35.2,35.0,34.9,35.3,0,0,11.73,14.44,7500,0,1,0,31.69
2332514,35.2,35.0,34.9,35.3,0,0,11.73,14.44,8000,0,1,0,31.69
2333020,35.19,35.0,34.9,35.3,0,0,11.29,14.41,8500,0,1,0,31.66
2333526,35.19,35.0,34.9,35.3,0,0,11.29,14.41,9000,0,1,0,31.66
2334032,35.14,35.0,34.9,35.3,0,0,11.36,14.39,9500,0,1,0,31.66
2334538,35.14,35.0,34.9,35.3,0,0,11.36,14.39,10000,0,1,0,31.66
2335044,35.17,35.0,34.9,35.3,0,0,11.71,14.4,10500,0,1,0,31.66
2335550,35.16,35.0,34.9,35.3,0,0,11.64,14.4,11000,0,1,0,31.68
2336056,35.08,35.0,34.9,35.3,0,0,11.51,14.41,11500,0,1,0,31.66
2336562,35.08,35.0,34.9,35.3,0,0,11.51,14.36,12000,0,1,0,31.66
2337068,35.11,35.0,34.9,35.3,0,0,11.82,14.36,12500,0,1,0,31.65
2337574,35.08,35.0,34.9,35.3,0,0,12.06,14.37,13000,0,1,0,31.65
2338080,35.08,35.0,34.9,35.3,0,0,12.06,14.35,13500,0,1,0,31.65
2338586,35.07,35.0,34.9,35.3,0,0,12.39,14.35,14000,0,1,0,31.66
2339092,35.06,35.0,34.9,35.3,0,0,12.11,14.36,14500,0,1,0,31.68
2339598,35.06,35.0,34.9,35.3,1,0,12.11,14.37,0,0,1,0,31.68
2340104,35.07,35.0,34.9,35.3,1,0,12.37,14.37,500,0,1,0,31.68
2340610,35.07,35.0,34.9,35.3,1,0,12.37,14.37,1000,0,1,0,31.68
2341116,35.07,35.0,34.9,35.3,1,0,12.37,14.37,1500,0,1,0,31.68
2341622,35.06,35.0,34.9,35.3,1,0,12.46,14.37,2000,0,1,0,31.68
2342128,35.04,35.0,34.9,35.3,1,0,12.79,14.37,2500,0,1,0,31.69
2342634,35.03,35.0,34.9,35.3,1,0,12.13,14.37,3000,0,1,0,31.68
2343140,35.03,35.0,34.9,35.3,1,0,12.13,14.35,3500,0,1,0,31.68
2343663,35.04,35.0,34.9,35.3,1,0,12.5,14.35,4000,0,1,0,31.65
2344170,35.04,35.0,34.9,35.3,1,0,12.5,14.33,4500,0,1,0,31.65
2344676,35.04,35.0,34.9,35.3,1,0,12.5,14.33,5000,0,1,0,31.65
2345182,35.04,35.0,34.9,35.3,1,0,12.5,14.33,5500,0,1,0,31.65
2345688,35.01,35.0,34.9,35.3,1,0,12.37,14.33,6002,0,1,0,31.66
2346194,35.01,35.0,34.9,35.3,1,0,12.37,14.33,6503,0,1,0,31.66
2346700,35.04,35.0,34.9,35.3,1,0,12.79,14.33,7003,0,1,0,31.68
2347207,35.03,35.0,34.9,35.3,1,0,12.83,14.36,7503,0,1,0,31.68
2347714,35.03,35.0,34.9,35.3,1,0,12.83,14.35,8003,0,1,0,31.68
2348220,35.03,35.0,34.9,35.3,1,0,12.83,14.35,8503,0,1,0,31.68
2348726,35.0,35.0,34.9,35.3,1,0,13.18,14.31,9508,0,0,0,31.65
2349232,35.0,35.0,34.9,35.3,1,0,13.18,14.31,10008,0,0,0,31.65
2349738,34.99,35.0,34.9,35.3,1,0,12.75,14.35,10508,0,1,0,31.69
2350244,34.99,35.0,34.9,35.3,1,0,12.75,14.35,11008,0,1,0,31.69
2350751,34.98,35.0,34.9,35.3,1,0,12.35,14.35,11508,0,1,0,31.66
2351258,34.98,35.0,34.9,35.3,1,0,12.35,14.32,12008,0,1,0,31.66
2351764,34.98,35.0,34.9,35.3,1,0,12.35,14.32,12511,0,1,0,31.66
2352270,34.98,35.0,34.9,35.3,1,0,12.35,14.32,13011,0,1,0,31.66
2352776,35.1,35.0,34.9,35.3,1,0,12.33,14.36,13511,0,1,0,31.65
2353282,35.1,35.0,34.9,35.3,1,0,12.33,14.36,14011,0,1,0,31.65
2353789,35.13,35.0,34.9,35.3,1,0,12.72,14.36,14511,0,1,0,31.68
2354296,35.13,35.0,34.9,35.3,1,0,12.72,14.4,15011,0,1,0,31.68
2354802,35.08,35.0,34.9,35.3,1,0,12.46,14.4,15511,0,1,0,31.68
2355308,35.08,35.0,34.9,35.3,1,0,12.46,14.38,16011,0,1,0,31.68
2355814,35.14,35.0,34.9,35.3,1,0,12.66,14.4,16511,0,1,0,31.68
2356320,35.14,35.0,34.9,35.3,1,0,12.66,14.4,17011,0,1,0,31.68
2356826,35.14,35.0,34.9,35.3,1,0,12.66,14.4,17511,0,1,0,31.68
2357332,35.14,35.0,34.9,35.3,1,0,12.66,14.4,18011,0,1,0,31.68
2357838,35.14,35.0,34.9,35.3,1,0,12.83,14.4,18511,0,1,0,31.68
2358344,35.14,35.0,34.9,35.3,1,0,13.1,14.38,19011,0,0,0,31.65
2358850,35.14,35.0,34.9,35.3,1,0,13.1,14.38,19511,0,0,0,31.65
2359356,35.17,35.0,34.9,35.3,1,0,12.22,14.42,20011,0,1,0,31.68
2359862,35.17,35.0,34.9,35.3,1,0,12.22,14.42,20511,0,1,0,31.68
2360368,35.22,35.0,34.9,35.3,1,0,12.28,14.44,21011,0,1,0,31.68
2360874,35.2,35.0,34.9,35.3,1,0,12.42,14.44,21511,0,1,0,31.69
2361380,35.2,35.0,34.9,35.3,1,0,12.42,14.44,22011,0,1,0,31.69
2361886,35.23,35.0,34.9,35.3,1,0,12.17,14.44,22511,0,1,0,31.68
2362392,35.23,35.0,34.9,35.3,1,0,12.17,14.44,23011,0,1,0,31.68
2362898,35.25,35.0,34.9,35.3,1,0,12.44,14.46,23511,0,1,0,31.69
2363404,35.25,35.0,34.9,35.3,1,0,12.44,14.46,24011,0,1,0,31.69
2363910,35.29,35.0,34.9,35.3,1,0,13.07,14.47,24511,0,0,0,31.68
2364416,35.2,35.0,34.9,35.3,1,0,12.28,14.43,25021,0,1,0,31.68
2364922,35.2,35.0,34.9,35.3,1,0,12.28,14.43,25521,0,1,0,31.68
2365428,35.29,35.0,34.9,35.3,1,0,12.37,14.43,26021,0,1,0,31.65
2365934,35.29,35.0,34.9,35.3,1,0,12.37,14.44,26521,0,1,0,31.65
2366440,35.32,35.0,34.9,35.3,1,0,11.47,14.44,27021,0,1,0,31.69
2366946,35.32,35.0,34.9,35.3,1,0,11.47,14.49,27521,0,1,0,31.69
2367452,35.32,35.0,34.9,35.3,1,0,12.13,14.49,28021,0,1,0,31.69
2367958,35.32,35.0,34.9,35.3,1,0,12.13,14.49,28521,0,1,0,31.69
2368464,35.35,35.0,34.9,35.3,1,0,12.15,14.49,29021,0,1,0,31.68
2368970,35.35,35.0,34.9,35.3,1,0,12.15,14.5,29521,0,1,0,31.68
2369476,35.32,35.0,34.9,35.3,1,0,12.39,14.5,30021,0,1,0,31.65
2369982,35.32,35.0,34.9,35.3,1,0,12.39,14.45,30521,0,1,0,31.65
2370488,35.36,35.0,34.9,35.3,1,0,12.0,14.5,31021,0,1,0,31.68
2370994,35.36,35.0,34.9,35.3,1,0,12.0,14.5,31521,0,1,0,31.68
2371500,35.38,35.0,34.9,35.3,1,0,12.22,14.51,32021,0,1,0,31.68
2372006,35.35,35.0,34.9,35.3,1,0,11.91,14.51,32521,0,1,0,31.69
2372512,35.35,35.0,34.9,35.3,1,0,11.91,14.51,33021,0,1,0,31.69
2373018,35.35,35.0,34.9,35.3,1,0,11.89,14.5,33521,0,1,0,31.68
2373524,35.36,35.0,34.9,35.3,1,0,11.86,14.49,34021,0,1,0,31.66
2374030,35.35,35.0,34.9,35.3,1,0,12.13,14.49,34521,0,1,0,31.66
2374536,35.35,35.0,34.9,35.3,1,0,12.13,14.48,35021,0,1,0,31.66
2375042,35.36,35.0,34.9,35.3,1,0,11.84,14.5,35521,0,1,0,31.68
2375548,35.39,35.0,34.9,35.3,1,0,11.56,14.5,36021,0,1,0,31.68
2376054,35.39,35.0,34.9,35.3,1,0,11.56,14.51,36521,0,1,0,31.68
2376560,35.36,35.0,34.9,35.3,1,0,11.89,14.51,37021,0,1,0,31.68
2377066,35.36,35.0,34.9,35.3,1,0,11.89,14.5,37521,0,1,0,31.68
2377572,35.35,35.0,34.9,35.3,1,0,11.67,14.5,38021,0,1,0,31.66
2378078,35.35,35.0,34.9,35.3,1,0,11.67,14.48,38521,0,1,0,31.66
2378584,35.41,35.0,34.9,35.3,1,0,11.58,14.48,39021,0,1,0,31.69
2379090,35.41,35.0,34.9,35.3,1,0,11.58,14.53,39522,0,1,0,31.69
2379596,35.33,35.0,34.9,35.3,1,0,12.35,14.49,40023,0,1,0,31.68
2380102,35.38,35.0,34.9,35.3,1,0,11.73,14.51,40525,0,1,0,31.68
2380608,35.32,35.0,34.9,35.3,1,0,11.31,14.51,41025,0,1,0,31.66
2381126,35.39,35.0,34.9,35.3,1,0,11.22,14.47,41525,0,1,0,31.68
2381633,35.39,35.0,34.9,35.3,1,0,11.22,14.51,42025,0,1,0,31.68
2382139,35.32,35.0,34.9,35.3,1,0,11.58,14.48,42525,0,1,0,31.68
2382645,35.32,35.0,34.9,35.3,1,0,11.58,14.48,43025,0,1,0,31.68
2383151,35.35,35.0,34.9,35.3,1,0,11.44,14.48,43525,0,1,0,31.66
2383657,35.35,35.0,34.9,35.3,1,0,11.44,14.48,44025,0,1,0,31.66
2384163,35.35,35.0,34.9,35.3,1,0,11.44,14.48,44525,0,1,0,31.66
2384669,35.36,35.0,34.9,35.3,1,0,10.91,14.48,45025,0,1,0,31.68
2385175,35.32,35.0,34.9,35.3,1,0,11.29,14.5,45525,0,1,0,31.68
2385681,35.32,35.0,34.9,35.3,1,0,11.29,14.48,46025,0,1,0,31.68
2386187,35.33,35.0,34.9,35.3,1,0,11.4,14.48,46525,0,1,0,31.68
2386693,35.33,35.0,34.9,35.3,1,0,11.4,14.49,47025,0,1,0,31.68
2387199,35.35,35.0,34.9,35.3,1,0,11.18,14.49,47525,0,1,0,31.66
2387705,35.35,35.0,34.9,35.3,1,0,11.18,14.48,48025,0,1,0,31.66
2388211,35.33,35.0,34.9,35.3,1,0,11.22,14.48,48525,0,1,0,31.68
2388717,35.33,35.0,34.9,35.3,1,0,11.22,14.49,49025,0,1,0,31.68
2389224,35.32,35.0,34.9,35.3,1,0,11.67,14.49,49525,0,1,0,31.69
2389730,35.32,35.0,34.9,35.3,1,0,11.67,14.49,50025,0,1,0,31.69
2390236,35.29,35.0,34.9,35.3,1,0,10.76,14.49,50525,0,1,0,31.69
2390742,35.28,35.0,34.9,35.3,0,0,11.2,14.48,0,0,1,0,31.68
2391248,35.28,35.0,34.9,35.3,0,0,11.2,14.46,1005,0,1,0,31.68
2391754,35.28,35.0,34.9,35.3,0,0,11.2,14.46,1505,0,1,0,31.68
2392260,35.26,35.0,34.9,35.3,0,0,11.07,14.46,2005,0,1,0,31.68
2392767,35.23,35.0,34.9,35.3,0,0,11.33,14.46,2505,0,1,0,31.68
2393274,35.23,35.0,34.9,35.3,0,0,11.33,14.44,3005,0,1,0,31.68
2393780,35.25,35.0,34.9,35.3,0,0,11.09,14.45,3505,0,1,0,31.68
2394286,35.25,35.0,34.9,35.3,0,0,11.09,14.45,4005,0,1,0,31.68
2394792,35.28,35.0,34.9,35.3,0,0,10.96,14.46,4505,0,1,0,31.68
2395298,35.28,35.0,34.9,35.3,0,0,10.96,14.46,5005,0,1,0,31.68
2395804,35.28,35.0,34.9,35.3,0,0,11.22,14.46,5505,0,1,0,31.68
2396310,35.23,35.0,34.9,35.3,0,0,11.13,14.43,6005,0,1,0,31.66
2396816,35.19,35.0,34.9,35.3,0,0,10.91,14.44,6505,0,1,0,31.69
2397322,35.19,35.0,34.9,35.3,0,0,10.91,14.44,7005,0,1,0,31.69
2397828,35.2,35.0,34.9,35.3,0,0,11.31,14.44,7505,0,1,0,31.68
2398334,35.2,35.0,34.9,35.3,0,0,11.31,14.43,8005,0,1,0,31.68
2398840,35.22,35.0,34.9,35.3,0,0,11.27,14.44,8505,0,1,0,31.68
2399346,35.22,35.0,34.9,35.3,0,0,11.27,14.44,9005,0,1,0,31.68
2399852,35.17,35.0,34.9,35.3,0,0,11.53,14.4,9505,0,1,0,31.66
2400358,35.22,35.0,34.9,35.3,0,0,11.69,14.46,10005,0,1,0,31.71
2400864,35.22,35.0,34.9,35.3,0,0,11.89,14.46,10505,0,1,0,31.68
2401370,35.22,35.0,34.9,35.3,0,0,11.89,14.44,11005,0,1,0,31.68
2401876,35.19,35.0,34.9,35.3,0,0,11.91,14.44,11520,0,1,0,31.69
2402382,35.19,35.0,34.9,35.3,0,0,11.91,14.44,12020,0,1,0,31.69
2402888,35.17,35.0,34.9,35.3,0,0,12.11,14.4,12520,0,1,0,31.66
2403394,35.16,35.0,34.9,35.3,0,0,12.64,14.41,13020,0,1,0,31.68
2403900,35.16,35.0,34.9,35.3,0,0,12.64,14.41,13520,0,1,0,31.68
2404406,35.12,35.0,34.9,35.3,0,0,12.28,14.38,14020,0,1,0,31.66
2404914,35.12,35.0,34.9,35.3,0,0,12.28,14.38,14520,0,1,0,31.66
2405421,35.13,35.0,34.9,35.3,1,0,12.39,14.38,0,0,1,0,31.68
2405927,35.13,35.0,34.9,35.3,1,0,12.39,14.4,500,0,1,0,31.68
2406433,35.12,35.0,34.9,35.3,1,0,12.53,14.4,1000,0,1,0,31.66
2406939,35.12,35.0,34.9,35.3,1,0,12.53,14.38,1500,0,1,0,31.66
2407445,35.1,35.0,34.9,35.3,1,0,12.94,14.4,2000,0,0,0,31.69
2407951,35.07,35.0,34.9,35.3,1,0,12.48,14.4,2500,0,0,0,31.66
2408457,35.07,35.0,34.9,35.3,1,0,12.48,14.36,3000,0,1,0,31.66
2408963,35.07,35.0,34.9,35.3,1,0,12.48,14.36,3500,0,1,0,31.66
2409469,35.08,35.0,34.9,35.3,1,0,12.57,14.36,4000,0,1,0,31.66
2409975,35.08,35.0,34.9,35.3,1,0,12.57,14.36,4500,0,1,0,31.66
2410481,35.04,35.0,34.9,35.3,1,0,12.83,14.37,5000,0,1,0,31.69
2410987,35.08,35.0,34.9,35.3,1,0,13.03,14.37,5500,0,1,0,31.66
2411493,35.08,35.0,34.9,35.3,1,0,13.03,14.36,6000,0,0,0,31.66
2412000,35.08,35.0,34.9,35.3,1,0,13.03,14.36,6500,0,0,0,31.66
2412506,35.08,35.0,34.9,35.3,1,0,13.03,14.36,7000,0,0,0,31.66
2413012,35.14,35.0,34.9,35.3,1,0,13.1,14.42,7500,0,0,0,31.69
2413518,35.12,35.0,34.9,35.3,1,0,13.45,14.42,8000,0,0,0,31.68
2414024,35.12,35.0,34.9,35.3,1,0,13.45,14.39,8500,0,0,0,31.68
2414530,35.06,35.0,34.9,35.3,1,0,13.51,14.39,9000,0,0,0,31.69
2415036,35.1,35.0,34.9,35.3,1,0,13.38,14.38,9500,0,0,0,31.65
2415542,35.1,35.0,34.9,35.3,1,0,13.38,14.36,10000,0,0,0,31.65
2416048,35.1,35.0,34.9,35.3,1,0,13.38,14.36,10500,0,0,0,31.65
2416554,35.07,35.0,34.9,35.3,1,0,13.07,14.34,11000,0,0,0,31.65
2417060,35.07,35.0,34.9,35.3,1,0,13.07,14.34,11500,0,0,0,31.65
2417566,35.14,35.0,34.9,35.3,1,0,12.42,14.34,12000,0,0,0,31.68
2418072,35.14,35.0,34.9,35.3,1,0,12.42,14.4,12500,0,1,0,31.68
2418578,35.14,35.0,34.9,35.3,1,0,12.42,14.4,13000,0,1,0,31.68
2419085,35.08,35.0,34.9,35.3,1,0,12.75,14.4,13500,0,1,0,31.65
2419592,35.08,35.0,34.9,35.3,1,0,12.75,14.35,14000,0,1,0,31.65
2420098,35.14,35.0,34.9,35.3,1,0,12.9,14.35,14500,0,1,0,31.68
2420604,35.14,35.0,34.9,35.3,1,0,12.9,14.4,15000,0,1,0,31.68
2421110,35.19,35.0,34.9,35.3,1,0,13.27,14.44,15500,0,0,0,31.69
2421616,35.19,35.0,34.9,35.3,1,0,13.27,14.44,16000,0,0,0,31.69
2422122,35.14,35.0,34.9,35.3,1,0,12.77,14.4,16500,0,1,0,31.68
2422628,35.22,35.0,34.9,35.3,1,0,12.88,14.4,17000,0,1,0,31.68
2423134,35.22,35.0,34.9,35.3,1,0,12.88,14.44,17500,0,1,0,31.68
2423640,35.2,35.0,34.9,35.3,1,0,12.37,14.43,18000,0,1,0,31.68
2424146,35.25,35.0,34.9,35.3,1,0,12.64,14.43,18500,0,1,0,31.68
2424652,35.25,35.0,34.9,35.3,1,0,12.64,14.45,19000,0,1,0,31.68
2425158,35.25,35.0,34.9,35.3,1,0,12.64,14.45,19500,0,1,0,31.68
2425664,35.28,35.0,34.9,35.3,1,0,12.57,14.45,20000,0,1,0,31.68
2426170,35.28,35.0,34.9,35.3,1,0,12.31,14.46,20500,0,1,0,31.68
2426680,35.28,35.0,34.9,35.3,1,0,12.31,14.46,21000,0,1,0,31.68
2427186,35.28,35.0,34.9,35.3,1,0,12.31,14.46,21500,0,1,0,31.68
2427692,35.28,35.0,34.9,35.3,1,0,12.31,14.46,22000,0,1,0,31.68
2428198,35.33,35.0,34.9,35.3,1,0,12.37,14.46,22500,0,1,0,31.66
2428704,35.3,35.0,34.9,35.3,1,0,12.75,14.47,23000,0,1,0,31.69
2429210,35.3,35.0,34.9,35.3,1,0,12.75,14.49,23500,0,1,0,31.69
2429716,35.32,35.0,34.9,35.3,1,0,12.28,14.48,24000,0,1,0,31.68
2430224,35.36,35.0,34.9,35.3,1,0,11.75,14.48,24500,0,1,0,31.68
2430731,35.36,35.0,34.9,35.3,1,0,11.75,14.5,25000,0,1,0,31.68
2431237,35.33,35.0,34.9,35.3,1,0,12.2,14.5,25500,0,1,0,31.68
2431743,35.33,35.0,34.9,35.3,1,0,12.2,14.49,26000,0,1,0,31.68
2432249,35.38,35.0,34.9,35.3,1,0,12.26,14.49,26500,0,1,0,31.69
2432755,35.38,35.0,34.9,35.3,1,0,12.26,14.52,27000,0,1,0,31.69
2433261,35.36,35.0,34.9,35.3,1,0,11.82,14.52,27500,0,1,0,31.66
2433780,35.39,35.0,34.9,35.3,1,0,12.17,14.51,28517,0,1,0,31.68
2434287,35.39,35.0,34.9,35.3,1,0,12.17,14.51,29017,0,1,0,31.68
2434793,35.41,35.0,34.9,35.3,1,0,12.31,14.52,29517,0,1,0,31.68
2435299,35.44,35.0,34.9,35.3,1,0,12.53,14.55,30017,0,1,0,31.69
2435805,35.42,35.0,34.9,35.3,1,0,12.57,14.53,30517,0,1,0,31.68
2436311,35.42,35.0,34.9,35.3,1,0,12.57,14.53,31017,0,1,0,31.68
2436817,35.45,35.0,34.9,35.3,1,0,11.84,14.54,31517,0,1,0,31.68
2437323,35.45,35.0,34.9,35.3,1,0,11.84,14.54,32017,0,1,0,31.68
2437829,35.39,35.0,34.9,35.3,1,0,11.95,14.5,32517,0,1,0,31.66
2438335,35.38,35.0,34.9,35.3,1,0,12.02,14.51,33017,0,1,0,31.68
2438841,35.38,35.0,34.9,35.3,1,0,12.02,14.51,33517,0,1,0,31.68
2439347,35.42,35.0,34.9,35.3,1,0,11.86,14.51,34017,0,1,0,31.66
2439853,35.42,35.0,34.9,35.3,1,0,11.86,14.51,34517,0,1,0,31.66
2440359,35.44,35.0,34.9,35.3,1,0,12.13,14.53,35017,0,1,0,31.68
2440865,35.51,35.0,34.9,35.3,1,0,11.67,14.55,35517,0,1,0,31.66
2441371,35.51,35.0,34.9,35.3,1,0,11.67,14.55,36017,0,1,0,31.66
2441878,35.51,35.0,34.9,35.3,1,0,11.67,14.55,36519,0,1,0,31.66
2442385,35.51,35.0,34.9,35.3,1,0,11.67,14.55,37019,0,1,0,31.66
2442891,35.48,35.0,34.9,35.3,1,0,11.73,14.51,37519,0,1,0,31.64
2443397,35.48,35.0,34.9,35.3,1,0,11.73,14.51,38019,0,1,0,31.64
2443903,35.48,35.0,34.9,35.3,1,0,11.73,14.51,38519,0,1,0,31.64
2444409,35.45,35.0,34.9,35.3,1,0,11.8,14.54,39019,0,1,0,31.68
2444915,35.45,35.0,34.9,35.3,1,0,11.8,14.54,39519,0,1,0,31.68
2445421,35.45,35.0,34.9,35.3,1,0,11.8,14.54,40019,0,1,0,31.68
2445927,35.47,35.0,34.9,35.3,1,0,11.78,14.55,40519,0,1,0,31.68
2446433,35.47,35.0,34.9,35.3,1,0,11.78,14.55,41019,0,1,0,31.68
2446939,35.47,35.0,34.9,35.3,1,0,11.78,14.55,41519,0,1,0,31.68
2447445,35.47,35.0,34.9,35.3,1,0,11.78,14.55,42019,0,1,0,31.68
2447951,35.45,35.0,34.9,35.3,1,0,11.64,14.55,42519,0,1,0,31.66
2448457,35.45,35.0,34.9,35.3,1,0,11.64,14.53,43019,0,1,0,31.66
2448963,35.41,35.0,34.9,35.3,1,0,11.49,14.53,43519,0,1,0,31.66
2449469,35.41,35.0,34.9,35.3,1,0,11.49,14.51,44019,0,1,0,31.66
2449975,35.47,35.0,34.9,35.3,1,0,11.56,14.57,44519,0,1,0,31.71
2450481,35.47,35.0,34.9,35.3,1,0,11.56,14.57,45019,0,1,0,31.71
2450987,35.44,35.0,34.9,35.3,1,0,11.86,14.55,45519,0,1,0,31.69
2451493,35.42,35.0,34.9,35.3,1,0,11.44,14.55,46019,0,1,0,31.68
2451999,35.42,35.0,34.9,35.3,1,0,11.44,14.53,46519,0,1,0,31.68
2452505,35.42,35.0,34.9,35.3,1,0,11.44,14.53,47019,0,1,0,31.68
2453011,35.42,35.0,34.9,35.3,1,0,11.38,14.53,47519,0,1,0,31.68
2453517,35.42,35.0,34.9,35.3,1,0,11.38,14.53,48019,0,1,0,31.68
2454023,35.38,35.0,34.9,35.3,1,0,11.6,14.51,48519,0,1,0,31.68
2454529,35.41,35.0,34.9,35.3,1,0,11.51,14.52,49019,0,1,0,31.68
2455035,35.42,35.0,34.9,35.3,1,0,11.38,14.52,49519,0,1,0,31.68
2455541,35.39,35.0,34.9,35.3,1,0,11.18,14.53,50019,0,1,0,31.69
2456052,35.39,35.0,34.9,35.3,1,0,11.42,14.53,50519,0,1,0,31.68
2456559,35.39,35.0,34.9,35.3,1,0,11.42,14.51,51019,0,1,0,31.68
2457065,35.38,35.0,34.9,35.3,1,0,11.07,14.51,51519,0,1,0,31.68
2457571,35.38,35.0,34.9,35.3,1,0,11.07,14.51,52019,0,1,0,31.68
2458077,35.38,35.0,34.9,35.3,1,0,11.07,14.51,52519,0,1,0,31.68
2458583,35.36,35.0,34.9,35.3,1,0,11.09,14.5,53019,0,1,0,31.68
2459089,35.41,35.0,34.9,35.3,1,0,10.64,14.5,53519,0,1,0,31.66
2459595,35.36,35.0,34.9,35.3,1,0,11.07,14.51,54019,0,1,0,31.66
2460101,35.36,35.0,34.9,35.3,1,0,11.07,14.49,54519,0,1,0,31.66
2460607,35.36,35.0,34.9,35.3,1,0,11.13,14.51,55019,0,1,0,31.69
2461113,35.33,35.0,34.9,35.3,1,0,11.2,14.51,55519,0,1,0,31.68
2461619,35.35,35.0,34.9,35.3,1,0,10.55,14.49,56019,0,1,0,31.68
2462125,35.35,35.0,34.9,35.3,1,0,10.55,14.5,56519,0,1,0,31.68
2462631,35.35,35.0,34.9,35.3,1,0,10.98,14.5,57019,0,1,0,31.66
2463137,35.35,35.0,34.9,35.3,1,0,10.98,14.48,57519,0,1,0,31.66
2463643,35.29,35.0,34.9,35.3,1,0,11.33,14.48,58019,0,1,0,31.66
2464149,35.29,35.0,34.9,35.3,0,0,11.33,14.45,0,0,1,0,31.66
2464655,35.29,35.0,34.9,35.3,0,0,11.33,14.45,500,0,1,0,31.66
2465161,35.26,35.0,34.9,35.3,0,0,11.51,14.44,1000,0,1,0,31.66
2465667,35.26,35.0,34.9,35.3,0,0,11.51,14.44,1500,0,1,0,31.66
2466173,35.28,35.0,34.9,35.3,0,0,11.2,14.46,2000,0,1,0,31.68
2466679,35.28,35.0,34.9,35.3,0,0,11.2,14.46,2500,0,1,0,31.68
2467185,35.26,35.0,34.9,35.3,0,0,10.78,14.44,3000,0,1,0,31.66
2467691,35.26,35.0,34.9,35.3,0,0,11.67,14.44,3500,0,1,0,31.68
2468197,35.26,35.0,34.9,35.3,0,0,11.67,14.46,4000,0,1,0,31.68
2468703,35.26,35.0,34.9,35.3,0,0,11.67,14.46,4500,0,1,0,31.68
2469209,35.26,35.0,34.9,35.3,0,0,11.42,14.46,5000,0,1,0,31.68
2469715,35.26,35.0,34.9,35.3,0,0,11.42,14.46,5500,0,1,0,31.68
2470221,35.23,35.0,34.9,35.3,0,0,11.33,14.46,6000,0,1,0,31.69
2470727,35.23,35.0,34.9,35.3,0,0,11.33,14.46,6500,0,1,0,31.69
2471233,35.2,35.0,34.9,35.3,0,0,10.89,14.46,7000,0,1,0,31.68
2471739,35.2,35.0,34.9,35.3,0,0,10.89,14.43,7500,0,1,0,31.68
2472245,35.2,35.0,34.9,35.3,0,0,11.38,14.43,8000,0,1,0,31.68
2472751,35.14,35.0,34.9,35.3,0,0,11.31,14.43,8500,0,1,0,31.68
2473257,35.14,35.0,34.9,35.3,0,0,11.31,14.4,9000,0,1,0,31.68
2473763,35.12,35.0,34.9,35.3,0,0,11.78,14.4,9500,0,1,0,31.68
2474269,35.12,35.0,34.9,35.3,0,0,11.78,14.39,10000,0,1,0,31.68
2474775,35.12,35.0,34.9,35.3,0,0,11.56,14.39,10500,0,1,0,31.66
2475281,35.14,35.0,34.9,35.3,0,0,11.8,14.38,11000,0,1,0,31.69
2475787,35.14,35.0,34.9,35.3,0,0,11.8,14.42,12005,0,1,0,31.69
2476293,35.14,35.0,34.9,35.3,0,0,11.8,14.42,12505,0,1,0,31.69
2476799,35.1,35.0,34.9,35.3,0,0,12.02,14.39,13005,0,1,0,31.68
2477305,35.1,35.0,34.9,35.3,0,0,12.02,14.39,13505,0,1,0,31.68
2477811,35.1,35.0,34.9,35.3,0,0,11.67,14.39,14005,0,1,0,31.68
2478317,35.1,35.0,34.9,35.3,0,0,11.67,14.39,14505,0,1,0,31.68
2478823,35.1,35.0,34.9,35.3,1,0,11.67,14.39,0,0,1,0,31.68
2479329,35.07,35.0,34.9,35.3,1,0,12.39,14.36,500,0,1,0,31.66
2479835,35.07,35.0,34.9,35.3,1,0,12.39,14.36,1000,0,1,0,31.66
2480341,35.08,35.0,34.9,35.3,1,0,11.97,14.36,1500,0,1,0,31.66
2480847,35.08,35.0,34.9,35.3,1,0,11.97,14.36,2000,0,1,0,31.66
2481353,35.08,35.0,34.9,35.3,1,0,12.5,14.38,2500,0,1,0,31.68
2481860,35.08,35.0,34.9,35.3,1,0,12.5,14.38,3000,0,1,0,31.68
2482367,35.08,35.0,34.9,35.3,1,0,12.5,14.38,3500,0,1,0,31.68
2482873,35.04,35.0,34.9,35.3,1,0,12.81,14.37,4000,0,1,0,31.69
2483379,35.03,35.0,34.9,35.3,1,0,12.83,14.37,4500,0,1,0,31.68
2483885,35.03,35.0,34.9,35.3,1,0,12.83,14.35,5000,0,1,0,31.68
2484391,35.03,35.0,34.9,35.3,1,0,12.83,14.35,5500,0,1,0,31.68
2484897,35.04,35.0,34.9,35.3,1,0,12.96,14.37,6000,0,0,0,31.69
2485403,35.04,35.0,34.9,35.3,1,0,12.94,14.36,6500,0,0,0,31.68
2485909,35.06,35.0,34.9,35.3,1,0,12.99,14.35,7000,0,0,0,31.66
2486415,35.06,35.0,34.9,35.3,1,0,12.99,14.35,7500,0,0,0,31.66
2486921,35.07,35.0,34.9,35.3,1,0,12.99,14.38,8000,0,0,0,31.69
2487427,35.07,35.0,34.9,35.3,1,0,12.99,14.38,8503,0,0,0,31.69
2487933,35.04,35.0,34.9,35.3,1,0,12.39,14.36,9003,0,1,0,31.68
2488439,35.04,35.0,34.9,35.3,1,0,13.45,14.36,9503,0,1,0,31.68
2488945,35.04,35.0,34.9,35.3,1,0,13.45,14.36,10003,0,0,0,31.68
2489451,35.04,35.0,34.9,35.3,1,0,13.45,14.36,10503,0,0,0,31.68
2489958,35.04,35.0,34.9,35.3,1,0,12.75,14.34,11003,0,1,0,31.66
2490464,35.04,35.0,34.9,35.3,1,0,12.75,14.34,11503,0,1,0,31.66
2490970,35.04,35.0,34.9,35.3,1,0,12.75,14.34,12003,0,1,0,31.66
2491476,35.04,35.0,34.9,35.3,1,0,12.79,14.36,12503,0,1,0,31.68
2491982,35.04,35.0,34.9,35.3,1,0,12.79,14.36,13003,0,1,0,31.68
2492488,35.08,35.0,34.9,35.3,1,0,13.16,14.38,13503,0,0,0,31.68
2492995,35.08,35.0,34.9,35.3,1,0,13.03,14.38,14003,0,0,0,31.68
2493502,35.08,35.0,34.9,35.3,1,0,13.03,14.38,14503,0,0,0,31.68
2494008,35.1,35.0,34.9,35.3,1,0,12.35,14.37,15003,0,1,0,31.66
2494514,35.13,35.0,34.9,35.3,1,0,12.72,14.37,15503,0,1,0,31.68
2495020,35.13,35.0,34.9,35.3,1,0,12.72,14.4,16003,0,1,0,31.68
2495526,35.17,35.0,34.9,35.3,1,0,12.72,14.43,16503,0,1,0,31.69
2496032,35.17,35.0,34.9,35.3,1,0,12.72,14.43,17003,0,1,0,31.69
2496538,35.13,35.0,34.9,35.3,1,0,13.27,14.41,17503,0,0,0,31.69
2497044,35.16,35.0,34.9,35.3,1,0,12.61,14.4,18003,0,1,0,31.66
2497550,35.16,35.0,34.9,35.3,1,0,12.61,14.4,18503,0,1,0,31.66
2498056,35.17,35.0,34.9,35.3,1,0,12.13,14.4,19003,0,1,0,31.68
2498562,35.17,35.0,34.9,35.3,1,0,12.13,14.42,19503,0,1,0,31.68
2499068,35.16,35.0,34.9,35.3,1,0,12.55,14.42,20003,0,1,0,31.68
2499574,35.16,35.0,34.9,35.3,1,0,12.55,14.41,20503,0,1,0,31.68
2500080,35.22,35.0,34.9,35.3,1,0,12.37,14.44,21003,0,1,0,31.68
2500586,35.25,35.0,34.9,35.3,1,0,12.31,14.44,21503,0,1,0,31.69
2501092,35.25,35.0,34.9,35.3,1,0,12.31,14.46,22003,0,1,0,31.69
2501598,35.28,35.0,34.9,35.3,1,0,12.15,14.46,22503,0,1,0,31.68
2502104,35.26,35.0,34.9,35.3,1,0,12.59,14.46,23003,0,1,0,31.68
2502610,35.26,35.0,34.9,35.3,1,0,12.59,14.46,23503,0,1,0,31.68
2503116,35.26,35.0,34.9,35.3,1,0,12.88,14.47,24003,0,1,0,31.69
2503622,35.29,35.0,34.9,35.3,1,0,12.33,14.47,24503,0,1,0,31.69
2504128,35.29,35.0,34.9,35.3,1,0,12.33,14.48,25003,0,1,0,31.69
2504634,35.29,35.0,34.9,35.3,1,0,12.33,14.48,25503,0,1,0,31.69
2505140,35.32,35.0,34.9,35.3,1,0,12.39,14.51,26003,0,1,0,31.71
2505646,35.32,35.0,34.9,35.3,1,0,12.39,14.51,26503,0,1,0,31.71
2506152,35.31,35.0,34.9,35.3,1,0,12.02,14.5,27003,0,1,0,31.71
2506658,35.33,35.0,34.9,35.3,1,0,12.24,14.5,27503,0,1,0,31.68
2507164,35.35,35.0,34.9,35.3,1,0,12.02,14.49,28003,0,1,0,31.69
2507670,35.35,35.0,34.9,35.3,1,0,12.02,14.51,28503,0,1,0,31.69
2508176,35.3,35.0,34.9,35.3,1,0,11.8,14.51,29003,0,1,0,31.69
2508682,35.3,35.0,34.9,35.3,1,0,11.8,14.49,29503,0,1,0,31.69
2509188,35.36,35.0,34.9,35.3,1,0,12.11,14.49,30003,0,1,0,31.68
2509694,35.36,35.0,34.9,35.3,1,0,12.11,14.5,30503,0,1,0,31.68
2510200,35.36,35.0,34.9,35.3,1,0,12.11,14.5,31003,0,1,0,31.68
2510706,35.3,35.0,34.9,35.3,1,0,12.09,14.5,31503,0,1,0,31.68
2511212,35.3,35.0,34.9,35.3,1,0,12.09,14.48,32003,0,1,0,31.68
2511718,35.39,35.0,34.9,35.3,1,0,12.02,14.48,32503,0,1,0,31.68
2512224,35.39,35.0,34.9,35.3,1,0,12.02,14.51,33003,0,1,0,31.68
2512730,35.39,35.0,34.9,35.3,1,0,12.02,14.51,33503,0,1,0,31.68
2513236,35.39,35.0,34.9,35.3,1,0,11.67,14.51,34003,0,1,0,31.69
2513742,35.39,35.0,34.9,35.3,1,0,11.67,14.53,34503,0,1,0,31.69
2514248,35.36,35.0,34.9,35.3,1,0,11.8,14.53,35003,0,1,0,31.66
2514754,35.35,35.0,34.9,35.3,1,0,11.89,14.49,35503,0,1,0,31.69
2515260,35.35,35.0,34.9,35.3,1,0,11.89,14.51,36003,0,1,0,31.69
2515766,35.35,35.0,34.9,35.3,1,0,11.75,14.48,36510,0,1,0,31.66
2516272,35.35,35.0,34.9,35.3,1,0,11.75,14.48,37010,0,1,0,31.66
2516778,35.39,35.0,34.9,35.3,1,0,11.58,14.48,37510,0,1,0,31.71
2517284,35.38,35.0,34.9,35.3,1,0,12.2,14.54,38010,0,1,0,31.68
2517790,35.38,35.0,34.9,35.3,1,0,12.2,14.51,38510,0,1,0,31.68
2518296,35.35,35.0,34.9,35.3,1,0,11.78,14.51,39010,0,1,0,31.69
2518802,35.35,35.0,34.9,35.3,1,0,11.75,14.51,40015,0,1,0,31.69
2519308,35.35,35.0,34.9,35.3,1,0,11.75,14.51,40515,0,1,0,31.69
2519814,35.36,35.0,34.9,35.3,1,0,11.33,14.49,41015,0,1,0,31.66
2520320,35.36,35.0,34.9,35.3,1,0,11.33,14.49,41515,0,1,0,31.66
2520826,35.41,35.0,34.9,35.3,1,0,12.2,14.52,42015,0,1,0,31.68
2521332,35.36,35.0,34.9,35.3,1,0,11.95,14.51,42530,0,1,0,31.69
2521838,35.36,35.0,34.9,35.3,1,0,11.95,14.51,43030,0,1,0,31.69
2522344,35.38,35.0,34.9,35.3,1,0,11.58,14.51,43530,0,1,0,31.68
2522850,35.38,35.0,34.9,35.3,1,0,11.58,14.51,44030,0,1,0,31.68
2523356,35.38,35.0,34.9,35.3,1,0,11.58,14.51,44530,0,1,0,31.68
2523862,35.36,35.0,34.9,35.3,1,0,11.42,14.51,45030,0,1,0,31.69
2524368,35.33,35.0,34.9,35.3,1,0,11.44,14.49,45530,0,1,0,31.68
2524874,35.33,35.0,34.9,35.3,1,0,11.44,14.49,46030,0,1,0,31.68
2525380,35.38,35.0,34.9,35.3,1,0,11.27,14.53,46530,0,1,0,31.71
2525886,35.33,35.0,34.9,35.3,1,0,11.09,14.47,47030,0,1,0,31.66
2526392,35.33,35.0,34.9,35.3,1,0,11.09,14.47,47530,0,1,0,31.66
2526898,35.35,35.0,34.9,35.3,1,0,11.33,14.5,48030,0,1,0,31.68
2527404,35.32,35.0,34.9,35.3,1,0,11.38,14.48,48530,0,1,0,31.68
2527910,35.32,35.0,34.9,35.3,1,0,11.38,14.48,49030,0,1,0,31.68
2528416,35.32,35.0,34.9,35.3,1,0,11.38,14.48,49530,0,1,0,31.68
2528922,35.28,35.0,34.9,35.3,0,0,11.44,14.47,0,0,1,0,31.69
2529428,35.28,35.0,34.9,35.3,0,0,11.44,14.47,500,0,1,0,31.69
2529934,35.28,35.0,34.9,35.3,0,0,11.44,14.47,1000,0,1,0,31.69
2530440,35.28,35.0,34.9,35.3,0,0,11.44,14.47,1500,0,1,0,31.69
2530946,35.28,35.0,34.9,35.3,0,0,11.49,14.47,2000,0,1,0,31.68
2531452,35.28,35.0,34.9,35.3,0,0,11.49,14.46,2500,0,1,0,31.68
2531958,35.3,35.0,34.9,35.3,0,0,10.78,14.48,3000,0,1,0,31.68
2532464,35.29,35.0,34.9,35.3,0,0,10.98,14.48,3500,0,1,0,31.69
2532970,35.29,35.0,34.9,35.3,0,0,10.98,14.48,4000,0,1,0,31.69
2533476,35.23,35.0,34.9,35.3,0,0,10.53,14.44,4500,0,1,0,31.68
2533982,35.29,35.0,34.9,35.3,0,0,11.73,14.49,5000,0,1,0,31.71
2534488,35.29,35.0,34.9,35.3,0,0,11.73,14.49,5501,0,1,0,31.71
2534994,35.25,35.0,34.9,35.3,0,0,11.31,14.46,6002,0,1,0,31.69
2535500,35.25,35.0,34.9,35.3,0,0,11.27,14.46,6502,0,1,0,31.68
2536006,35.25,35.0,34.9,35.3,0,0,11.27,14.45,7002,0,1,0,31.68
2536512,35.25,35.0,34.9,35.3,0,0,11.27,14.45,7502,0,1,0,31.68
2537018,35.23,35.0,34.9,35.3,0,0,11.93,14.47,8002,0,1,0,31.71
2537524,35.23,35.0,34.9,35.3,0,0,11.93,14.47,8502,0,1,0,31.71
2538030,35.23,35.0,34.9,35.3,0,0,11.93,14.47,9002,0,1,0,31.71
2538536,35.19,35.0,34.9,35.3,0,0,11.75,14.42,9502,0,1,0,31.68
2539043,35.19,35.0,34.9,35.3,0,0,11.2,14.42,10002,0,1,0,31.68
2539550,35.19,35.0,34.9,35.3,0,0,11.2,14.42,10502,0,1,0,31.68
2540056,35.17,35.0,34.9,35.3,0,0,12.31,14.42,11002,0,1,0,31.68
2540562,35.17,35.0,34.9,35.3,0,0,12.31,14.42,11502,0,1,0,31.68
2541068,35.16,35.0,34.9,35.3,0,0,12.13,14.42,12002,0,1,0,31.69
2541574,35.16,35.0,34.9,35.3,0,0,12.13,14.42,12502,0,1,0,31.69
2542080,35.16,35.0,34.9,35.3,0,0,12.22,14.42,13002,0,1,0,31.69
2542586,35.16,35.0,34.9,35.3,0,0,12.22,14.42,13502,0,1,0,31.69
2543093,35.1,35.0,34.9,35.3,0,0,12.5,14.4,14002,0,1,0,31.69
2543599,35.1,35.0,34.9,35.3,0,0,12.5,14.4,14502,0,1,0,31.69
2544105,35.1,35.0,34.9,35.3,1,0,12.5,14.4,0,0,1,0,31.69
2544611,35.12,35.0,34.9,35.3,1,0,12.72,14.4,500,0,1,0,31.69
2545117,35.12,35.0,34.9,35.3,1,0,12.72,14.4,1000,0,1,0,31.69
2545623,35.1,35.0,34.9,35.3,1,0,12.72,14.37,1500,0,1,0,31.66
2546129,35.13,35.0,34.9,35.3,1,0,12.53,14.37,2000,0,1,0,31.66
2546635,35.1,35.0,34.9,35.3,1,0,13.07,14.38,2500,0,1,0,31.69
2547141,35.1,35.0,34.9,35.3,1,0,13.07,14.4,3000,0,0,0,31.69
2547647,35.07,35.0,34.9,35.3,1,0,13.12,14.4,3503,0,0,0,31.68
2548153,35.07,35.0,34.9,35.3,1,0,13.12,14.37,4004,0,0,0,31.68
2548659,35.08,35.0,34.9,35.3,1,0,13.18,14.37,4504,0,0,0,31.69
2549165,35.08,35.0,34.9,35.3,1,0,13.18,14.39,5004,0,0,0,31.69
2549671,35.12,35.0,34.9,35.3,1,0,12.92,14.39,5504,0,0,0,31.69
2550178,35.12,35.0,34.9,35.3,1,0,12.92,14.4,6004,0,0,0,31.69
2550685,35.12,35.0,34.9,35.3,1,0,12.92,14.4,6504,0,0,0,31.69
2551191,35.07,35.0,34.9,35.3,1,0,13.18,14.36,7004,0,0,0,31.66
2551697,35.07,35.0,34.9,35.3,1,0,13.18,14.36,7504,0,0,0,31.66
2552203,35.06,35.0,34.9,35.3,1,0,13.12,14.36,8004,0,0,0,31.69
2552709,35.06,35.0,34.9,35.3,1,0,13.12,14.38,8504,0,0,0,31.69
2553215,35.06,35.0,34.9,35.3,1,0,13.12,14.38,9004,0,0,0,31.69
2553721,35.06,35.0,34.9,35.3,1,0,13.45,14.38,9504,0,0,0,31.69
2554227,35.06,35.0,34.9,35.3,1,0,13.45,14.38,10004,0,0,0,31.69
2554733,35.08,35.0,34.9,35.3,1,0,12.81,14.39,10504,0,1,0,31.69
2555239,35.12,35.0,34.9,35.3,1,0,13.27,14.39,11004,0,1,0,31.68
2555745,35.12,35.0,34.9,35.3,1,0,13.27,14.39,11504,0,0,0,31.68
2556251,35.14,35.0,34.9,35.3,1,0,13.01,14.39,12004,0,0,0,31.69
2556759,35.14,35.0,34.9,35.3,1,0,13.01,14.42,12504,0,0,0,31.69
2557266,35.17,35.0,34.9,35.3,1,0,13.23,14.42,13004,0,0,0,31.69
2557772,35.13,35.0,34.9,35.3,1,0,13.25,14.43,13504,0,0,0,31.68
2558278,35.13,35.0,34.9,35.3,1,0,13.25,14.4,14004,0,0,0,31.68
2558784,35.13,35.0,34.9,35.3,1,0,13.56,14.4,14504,0,0,0,31.69
2559290,35.13,35.0,34.9,35.3,1,0,13.56,14.41,15004,0,0,0,31.69
2559796,35.13,35.0,34.9,35.3,1,0,13.56,14.41,15506,0,0,0,31.69
2560302,35.17,35.0,34.9,35.3,1,0,12.9,14.41,16006,0,0,0,31.68
2560808,35.17,35.0,34.9,35.3,1,0,12.9,14.42,16506,0,1,0,31.68
2561314,35.17,35.0,34.9,35.3,1,0,12.9,14.42,17006,0,1,0,31.68
2561820,35.19,35.0,34.9,35.3,1,0,12.81,14.42,17506,0,1,0,31.69
2562326,35.19,35.0,34.9,35.3,1,0,12.81,14.44,18507,0,1,0,31.69
2562832,35.22,35.0,34.9,35.3,1,0,12.55,14.44,19007,0,1,0,31.68
2563338,35.25,35.0,34.9,35.3,1,0,13.16,14.46,19507,0,0,0,31.69
2563859,35.2,35.0,34.9,35.3,1,0,12.96,14.46,20007,0,0,0,31.66
2564366,35.2,35.0,34.9,35.3,1,0,12.96,14.42,20507,0,0,0,31.66
2564872,35.29,35.0,34.9,35.3,1,0,12.75,14.49,21007,0,1,0,31.71
2565378,35.29,35.0,34.9,35.3,1,0,12.75,14.49,21507,0,1,0,31.71
2565884,35.28,35.0,34.9,35.3,1,0,12.9,14.49,22007,0,1,0,31.71
2566390,35.28,35.0,34.9,35.3,1,0,12.9,14.49,22507,0,1,0,31.71
2566896,35.28,35.0,34.9,35.3,1,0,12.9,14.49,23007,0,1,0,31.71
2567402,35.29,35.0,34.9,35.3,1,0,12.61,14.48,23507,0,1,0,31.69
2567908,35.29,35.0,34.9,35.3,1,0,12.61,14.48,24007,0,1,0,31.69
2568414,35.33,35.0,34.9,35.3,1,0,12.09,14.49,24507,0,1,0,31.68
2568920,35.38,35.0,34.9,35.3,1,0,12.85,14.51,25007,0,1,0,31.68
2569426,35.38,35.0,34.9,35.3,1,0,12.85,14.51,25507,0,1,0,31.68
2569932,35.33,35.0,34.9,35.3,1,0,12.55,14.49,26007,0,1,0,31.68
2570438,35.36,35.0,34.9,35.3,1,0,12.68,14.49,26507,0,1,0,31.69
2570944,35.36,35.0,34.9,35.3,1,0,12.68,14.51,27007,0,1,0,31.69
2571459,35.42,35.0,34.9,35.3,1,0,12.7,14.51,27507,0,1,0,31.72
2571966,35.42,35.0,34.9,35.3,1,0,12.7,14.56,28007,0,1,0,31.72
2572472,35.39,35.0,34.9,35.3,1,0,12.26,14.53,28507,0,1,0,31.69
2572978,35.38,35.0,34.9,35.3,1,0,11.97,14.53,29007,0,1,0,31.68
2573484,35.38,35.0,34.9,35.3,1,0,11.97,14.51,29507,0,1,0,31.68
2573990,35.42,35.0,34.9,35.3,1,0,12.17,14.53,30007,0,1,0,31.68
2574496,35.42,35.0,34.9,35.3,1,0,11.69,14.53,30520,0,1,0,31.68
2575002,35.42,35.0,34.9,35.3,1,0,11.69,14.53,31020,0,1,0,31.68
2575508,35.41,35.0,34.9,35.3,1,0,12.48,14.53,31520,0,1,0,31.69
2576014,35.39,35.0,34.9,35.3,1,0,12.09,14.53,32020,0,1,0,31.68
2576521,35.39,35.0,34.9,35.3,1,0,12.11,14.51,32520,0,1,0,31.71
2577028,35.39,35.0,34.9,35.3,1,0,12.11,14.54,33020,0,1,0,31.71
2577534,35.39,35.0,34.9,35.3,1,0,12.11,14.54,33520,0,1,0,31.71
2578040,35.39,35.0,34.9,35.3,1,0,12.11,14.54,34020,0,1,0,31.71
2578546,35.42,35.0,34.9,35.3,1,0,12.0,14.55,34520,0,1,0,31.71
2579052,35.42,35.0,34.9,35.3,1,0,12.44,14.55,35020,0,1,0,31.69
2579558,35.45,35.0,34.9,35.3,1,0,11.93,14.54,35520,0,1,0,31.68
2580079,35.42,35.0,34.9,35.3,1,0,12.04,14.54,36020,0,1,0,31.68
2580586,35.42,35.0,34.9,35.3,1,0,12.04,14.53,36520,0,1,0,31.68
2581092,35.42,35.0,34.9,35.3,1,0,10.96,14.53,37020,0,1,0,31.71
2581598,35.47,35.0,34.9,35.3,1,0,11.91,14.55,37520,0,1,0,31.69
2582104,35.47,35.0,34.9,35.3,1,0,11.91,14.56,38020,0,1,0,31.69
2582610,35.48,35.0,34.9,35.3,1,0,11.6,14.56,38520,0,1,0,31.69
2583116,35.47,35.0,34.9,35.3,1,0,11.2,14.56,39020,0,1,0,31.68
2583622,35.47,35.0,34.9,35.3,1,0,11.2,14.55,39520,0,1,0,31.68
2584137,35.48,35.0,34.9,35.3,1,0,12.33,14.55,40020,0,1,0,31.68
2584644,35.48,35.0,34.9,35.3,1,0,12.33,14.55,40522,0,1,0,31.68
2585150,35.42,35.0,34.9,35.3,1,0,11.42,14.55,41023,0,1,0,31.68
2585656,35.42,35.0,34.9,35.3,1,0,11.42,14.53,41523,0,1,0,31.68
2586162,35.47,35.0,34.9,35.3,1,0,11.56,14.56,42023,0,1,0,31.69
2586668,35.45,35.0,34.9,35.3,1,0,11.6,14.56,42523,0,1,0,31.68
2587174,35.45,35.0,34.9,35.3,1,0,11.6,14.54,43023,0,1,0,31.68
2587680,35.45,35.0,34.9,35.3,1,0,11.6,14.55,43523,0,1,0,31.69
2588186,35.45,35.0,34.9,35.3,1,0,11.6,14.55,44023,0,1,0,31.69
2588692,35.45,35.0,34.9,35.3,1,0,11.6,14.55,44523,0,1,0,31.69
2589198,35.42,35.0,34.9,35.3,1,0,11.93,14.54,45023,0,1,0,31.69
2589704,35.42,35.0,34.9,35.3,1,0,11.93,14.54,45523,0,1,0,31.69
2590210,35.42,35.0,34.9,35.3,1,0,11.6,14.54,46036,0,1,0,31.69
2590716,35.39,35.0,34.9,35.3,1,0,11.51,14.54,46536,0,1,0,31.69
2591222,35.39,35.0,34.9,35.3,1,0,11.51,14.53,47036,0,1,0,31.69
2591728,35.39,35.0,34.9,35.3,1,0,11.51,14.53,47536,0,1,0,31.69
2592234,35.39,35.0,34.9,35.3,1,0,11.51,14.53,48036,0,1,0,31.69
2592740,35.41,35.0,34.9,35.3,1,0,11.04,14.53,48536,0,1,0,31.69
2593246,35.41,35.0,34.9,35.3,1,0,11.56,14.53,49036,0,1,0,31.71
2593752,35.41,35.0,34.9,35.3,1,0,11.56,14.54,49536,0,1,0,31.71
2594258,35.41,35.0,34.9,35.3,1,0,11.27,14.53,50036,0,1,0,31.69
2594764,35.41,35.0,34.9,35.3,1,0,11.47,14.53,50536,0,1,0,31.69
2595270,35.35,35.0,34.9,35.3,1,0,11.18,14.53,51036,0,1,0,31.71
2595776,35.35,35.0,34.9,35.3,1,0,11.18,14.52,51536,0,1,0,31.71
2596282,35.35,35.0,34.9,35.3,1,0,11.51,14.52,52036,0,1,0,31.68
2596788,35.35,35.0,34.9,35.3,1,0,11.58,14.5,52536,0,1,0,31.69
2597294,35.35,35.0,34.9,35.3,1,0,11.58,14.51,53036,0,1,0,31.69
2597800,35.38,35.0,34.9,35.3,1,0,11.04,14.51,53536,0,1,0,31.72
2598306,35.38,35.0,34.9,35.3,1,0,11.04,14.54,54036,0,1,0,31.72
2598812,35.39,35.0,34.9,35.3,1,0,10.82,14.54,54536,0,1,0,31.71
2599318,35.39,35.0,34.9,35.3,1,0,10.82,14.54,55036,0,1,0,31.71
2599825,35.35,35.0,34.9,35.3,1,0,10.96,14.54,55536,0,1,0,31.66
2600331,35.35,35.0,34.9,35.3,1,0,10.96,14.48,56036,0,1,0,31.66
2600837,35.35,35.0,34.9,35.3,1,0,10.96,14.48,56536,0,1,0,31.66
2601343,35.32,35.0,34.9,35.3,1,0,11.07,14.48,57036,0,1,0,31.68
2601849,35.32,35.0,34.9,35.3,1,0,11.07,14.48,57536,0,1,0,31.68
2602355,35.3,35.0,34.9,35.3,1,0,11.67,14.48,58036,0,1,0,31.69
2602861,35.3,35.0,34.9,35.3,1,0,11.67,14.49,59042,0,1,0,31.69
2603367,35.29,35.0,34.9,35.3,0,0,11.07,14.48,0,0,1,0,31.69
2603873,35.29,35.0,34.9,35.3,0,0,11.07,14.48,500,0,1,0,31.69
2604379,35.25,35.0,34.9,35.3,0,0,10.82,14.46,1000,0,1,0,31.69
2604885,35.25,35.0,34.9,35.3,0,0,10.82,14.46,1500,0,1,0,31.69
2605391,35.25,35.0,34.9,35.3,0,0,11.07,14.45,2000,0,1,0,31.68
2605901,35.25,35.0,34.9,35.3,0,0,11.07,14.45,2500,0,1,0,31.68
2606407,35.26,35.0,34.9,35.3,0,0,10.89,14.46,3000,0,1,0,31.68
2606913,35.23,35.0,34.9,35.3,0,0,11.24,14.46,3500,0,1,0,31.69
2607419,35.23,35.0,34.9,35.3,0,0,11.24,14.46,4000,0,1,0,31.69
2607925,35.22,35.0,34.9,35.3,0,0,10.02,14.44,4500,0,1,0,31.68
2608431,35.22,35.0,34.9,35.3,0,0,11.04,14.42,5000,0,1,0,31.66
2608937,35.22,35.0,34.9,35.3,0,0,11.04,14.42,5500,0,1,0,31.66
2609443,35.2,35.0,34.9,35.3,0,0,10.62,14.45,6000,0,1,0,31.71
2609952,35.2,35.0,34.9,35.3,0,0,10.62,14.45,6500,0,1,0,31.71
2610459,35.17,35.0,34.9,35.3,0,0,10.51,14.43,7000,0,1,0,31.69
2610965,35.13,35.0,34.9,35.3,0,0,11.2,14.44,7500,0,1,0,31.72
2611471,35.17,35.0,34.9,35.3,0,0,11.36,14.44,8000,0,1,0,31.68
2611977,35.17,35.0,34.9,35.3,0,0,11.36,14.42,8500,0,1,0,31.68
2612483,35.2,35.0,34.9,35.3,0,0,10.98,14.44,9000,0,1,0,31.69
2612989,35.2,35.0,34.9,35.3,0,0,10.98,14.44,9500,0,1,0,31.69
2613495,35.2,35.0,34.9,35.3,0,0,10.98,14.44,10000,0,1,0,31.69
