timestamp,raw_hum,target_hum,turn_on_thres,turn_off_thres,peltier,cold_fan,ntc_temp,dew_point,state_elapsed_ms,profile,condensing_started,fan_boost_allowed,sht30_temp
21260,70.1,55.0,54.1,56.0,1,0,29.62,25.75,500,2,0,1,31.89
21766,70.05,55.0,54.1,56.0,1,0,29.69,25.75,1000,2,0,1,31.89
22274,70.05,55.0,54.1,56.0,1,0,29.69,25.74,1500,2,0,1,31.89
22780,69.99,55.0,54.1,56.0,1,0,29.53,25.74,2000,2,0,1,31.9
23286,70.03,55.0,54.1,56.0,1,0,29.85,25.76,2500,2,0,1,31.92
23792,69.99,55.0,54.1,56.0,1,0,29.53,25.76,3000,2,0,1,31.9
24298,69.99,55.0,54.1,56.0,1,0,29.53,25.74,3500,2,0,1,31.9
24804,69.96,55.0,54.1,56.0,1,0,29.6,25.72,4000,2,0,1,31.89
25310,69.95,55.0,54.1,56.0,1,0,29.17,25.72,4500,2,0,1,31.92
25816,69.95,55.0,54.1,56.0,1,0,29.17,25.74,5000,2,0,1,31.92
26325,69.95,55.0,54.1,56.0,1,0,29.17,25.74,5500,2,0,1,31.92
26831,69.93,55.0,54.1,56.0,1,0,29.33,25.74,6000,2,0,1,31.9
27337,69.93,55.0,54.1,56.0,1,0,29.33,25.72,6500,2,0,1,31.9
27843,69.9,55.0,54.1,56.0,1,0,28.8,25.72,7000,2,0,1,31.9
28349,69.92,55.0,54.1,56.0,1,0,29.15,25.75,7517,2,0,1,31.93
28855,69.87,55.0,54.1,56.0,1,0,29.03,25.75,8017,2,0,1,31.9
29361,69.87,55.0,54.1,56.0,1,0,29.03,25.71,8517,2,0,1,31.9
29867,69.85,55.0,54.1,56.0,1,0,28.87,25.71,9017,2,0,1,31.93
30373,69.85,55.0,54.1,56.0,1,0,28.87,25.73,9517,2,0,1,31.93
30879,69.85,55.0,54.1,56.0,1,0,28.87,25.73,10017,2,0,1,31.93
31385,69.81,55.0,54.1,56.0,1,0,28.6,25.69,10517,2,0,1,31.9
31891,69.79,55.0,54.1,56.0,1,0,28.31,25.69,11017,2,0,1,31.9
32397,69.79,55.0,54.1,56.0,1,0,28.31,25.69,11517,2,0,1,31.9
32903,69.78,55.0,54.1,56.0,1,0,28.4,25.69,12017,2,0,1,31.93
33409,69.77,55.0,54.1,56.0,1,0,28.22,25.71,12517,2,0,1,31.92
33915,69.77,55.0,54.1,56.0,1,0,28.22,25.7,13017,2,0,1,31.92
34421,69.76,55.0,54.1,56.0,1,0,28.08,25.72,13517,2,0,1,31.95
34927,69.76,55.0,54.1,56.0,1,0,28.08,25.72,14017,2,0,1,31.95
35433,69.68,55.0,54.1,56.0,1,0,28.15,25.69,14527,2,0,1,31.93
35939,69.66,55.0,54.1,56.0,1,0,27.72,25.69,15027,2,0,1,31.93
36445,69.66,55.0,54.1,56.0,1,0,27.72,25.69,15527,2,0,1,31.93
36951,69.66,55.0,54.1,56.0,1,0,27.72,25.69,16027,2,0,1,31.93
37457,69.64,55.0,54.1,56.0,1,0,27.45,25.68,16527,2,0,1,31.93
37963,69.61,55.0,54.1,56.0,1,0,27.36,25.68,17027,2,0,1,31.93
38469,69.63,55.0,54.1,56.0,1,0,27.18,25.67,17527,2,0,1,31.92
38982,69.62,55.0,54.1,56.0,1,0,27.05,25.66,18027,2,0,1,31.93
39489,69.62,55.0,54.1,56.0,1,0,27.05,25.67,18527,2,0,1,31.93
39995,69.57,55.0,54.1,56.0,1,0,27.05,25.67,19027,2,0,1,31.95
40501,69.6,55.0,54.1,56.0,1,0,26.63,25.68,19527,2,0,1,31.93
41007,69.55,55.0,54.1,56.0,1,0,26.63,25.67,20027,2,0,1,31.95
41513,69.55,55.0,54.1,56.0,1,0,26.63,25.67,20527,2,0,1,31.95
42019,69.55,55.0,54.1,56.0,1,0,26.63,25.67,21027,2,0,1,31.95
42525,69.52,55.0,54.1,56.0,1,0,26.49,25.67,21527,2,0,1,31.93
43031,69.52,55.0,54.1,56.0,1,0,26.49,25.65,22531,2,0,1,31.93
43537,69.46,55.0,54.1,56.0,1,0,26.36,25.65,23031,2,0,1,31.95
44043,69.46,55.0,54.1,56.0,1,0,26.36,25.65,23531,2,0,1,31.95
44549,69.45,55.0,54.1,56.0,1,0,25.98,25.62,24031,2,0,1,31.92
45055,69.45,55.0,54.1,56.0,1,0,25.98,25.62,24531,2,0,1,31.92
45561,69.43,55.0,54.1,56.0,1,0,26.09,25.63,25031,2,0,1,31.93
46067,69.43,55.0,54.1,56.0,1,0,26.09,25.63,25531,2,0,1,31.93
46573,69.43,55.0,54.1,56.0,1,0,26.09,25.63,26031,2,0,1,31.93
47079,69.41,55.0,54.1,56.0,1,0,25.76,25.62,26531,2,0,1,31.93
47585,69.41,55.0,54.1,56.0,1,0,25.76,25.62,27031,2,0,1,31.93
48091,69.41,55.0,54.1,56.0,1,0,25.76,25.62,27531,2,0,1,31.93
48597,69.35,55.0,54.1,56.0,1,0,25.5,25.62,28031,2,0,1,31.95
49103,69.35,55.0,54.1,56.0,1,0,25.5,25.62,28531,2,0,1,31.95
49609,69.35,55.0,54.1,56.0,1,0,25.5,25.62,29031,2,0,1,31.95
50115,69.35,55.0,54.1,56.0,1,0,25.5,25.62,29531,2,0,1,31.95
50621,69.35,55.0,54.1,56.0,1,0,25.5,25.62,30031,2,0,1,31.95
51127,69.25,55.0,54.1,56.0,1,0,25.1,25.6,30531,2,0,1,31.95
51633,69.23,55.0,54.1,56.0,1,0,24.84,25.6,31031,2,0,1,31.93
52139,69.23,55.0,54.1,56.0,1,0,24.84,25.58,31531,2,0,1,31.93
52645,69.23,55.0,54.1,56.0,1,0,24.84,25.58,32031,2,0,1,31.93
53151,69.14,55.0,54.1,56.0,1,0,24.73,25.56,32532,2,0,1,31.93
53657,69.14,55.0,54.1,56.0,1,0,24.73,25.56,33032,2,0,1,31.93
54163,69.15,55.0,54.1,56.0,1,0,24.55,25.58,33532,2,0,1,31.95
54669,69.07,55.0,54.1,56.0,1,0,24.33,25.54,34032,2,0,1,31.93
55175,69.04,55.0,54.1,56.0,1,0,24.24,25.54,34532,2,0,1,31.95
55681,69.04,55.0,54.1,56.0,1,0,24.24,25.55,35032,2,0,1,31.95
56187,69.03,55.0,54.1,56.0,1,0,24.18,25.56,35532,2,0,1,31.96
56693,69.06,55.0,54.1,56.0,1,0,24.07,25.56,36032,2,0,1,31.95
57200,68.99,55.0,54.1,56.0,1,0,23.94,25.56,36532,2,0,1,31.95
57707,68.99,55.0,54.1,56.0,1,0,23.94,25.54,37032,2,1,1,31.95
58213,68.99,55.0,54.1,56.0,1,0,24.0,25.54,37532,2,1,1,31.95
58719,68.98,55.0,54.1,56.0,1,0,24.22,25.54,38032,2,1,1,31.95
59225,68.98,55.0,54.1,56.0,1,0,24.22,25.53,38532,2,0,1,31.95
59731,68.93,55.0,54.1,56.0,1,0,23.65,25.52,39032,2,1,1,31.95
60237,68.93,55.0,54.1,56.0,1,0,23.65,25.52,39532,2,1,1,31.95
60743,68.88,55.0,54.1,56.0,1,0,23.55,25.51,40032,2,1,1,31.95
61249,68.88,55.0,54.1,56.0,1,0,23.37,25.51,40532,2,1,1,31.95
61755,68.88,55.0,54.1,56.0,1,0,23.37,25.51,41032,2,1,1,31.95
62261,68.84,55.0,54.1,56.0,1,0,23.15,25.5,41548,2,1,1,31.95
62767,68.84,55.0,54.1,56.0,1,0,23.15,25.5,42048,2,1,1,31.95
63273,68.84,55.0,54.1,56.0,1,0,23.15,25.5,42548,2,1,1,31.95
63779,68.81,55.0,54.1,56.0,1,0,23.2,25.49,43048,2,1,1,31.95
64285,68.82,55.0,54.1,56.0,1,0,22.94,25.49,43548,2,1,1,31.95
64791,68.82,55.0,54.1,56.0,1,0,22.94,25.49,44048,2,1,1,31.95
65297,68.82,55.0,54.1,56.0,1,0,22.94,25.49,44548,2,1,1,31.95
65803,68.82,55.0,54.1,56.0,1,0,22.94,25.49,45048,2,1,1,31.95
66309,68.82,55.0,54.1,56.0,1,0,22.94,25.49,45548,2,1,1,31.95
66815,68.82,55.0,54.1,56.0,1,0,22.94,25.49,46048,2,1,1,31.95
67321,68.68,55.0,54.1,56.0,1,0,22.42,25.49,46548,2,1,1,31.95
67829,68.66,55.0,54.1,56.0,1,0,22.11,25.46,47048,2,1,1,31.96
68336,68.66,55.0,54.1,56.0,1,0,22.11,25.47,47548,2,1,1,31.96
68842,68.67,55.0,54.1,56.0,1,0,22.42,25.47,48048,2,1,1,31.95
69348,68.62,55.0,54.1,56.0,1,0,22.24,25.46,48548,2,1,1,31.96
69854,68.62,55.0,54.1,56.0,1,0,22.24,25.46,49048,2,1,1,31.96
70360,68.59,55.0,54.1,56.0,1,0,22.05,25.44,49548,2,1,1,31.95
70866,68.59,55.0,54.1,56.0,1,0,22.05,25.44,50048,2,1,1,31.95
71386,68.52,55.0,54.1,56.0,1,0,21.94,25.44,50548,2,1,1,31.96
71893,68.52,55.0,54.1,56.0,1,0,21.94,25.43,51048,2,1,1,31.96
72399,68.54,55.0,54.1,56.0,1,0,21.57,25.43,51548,2,1,1,31.95
72905,68.48,55.0,54.1,56.0,1,0,21.81,25.43,52048,2,1,1,31.95
73411,68.49,55.0,54.1,56.0,1,0,21.72,25.41,52548,2,1,1,31.95
73917,68.49,55.0,54.1,56.0,1,0,21.72,25.41,53048,2,1,1,31.95
74423,68.44,55.0,54.1,56.0,1,0,21.85,25.41,53548,2,1,1,31.95
74929,68.4,55.0,54.1,56.0,1,0,21.44,25.4,54048,2,1,1,31.96
75435,68.4,55.0,54.1,56.0,1,0,21.44,25.4,54548,2,1,1,31.96
75941,68.37,55.0,54.1,56.0,1,0,21.33,25.4,55048,2,1,1,31.96
76447,68.37,55.0,54.1,56.0,1,1,21.33,25.4,55548,2,1,1,31.96
76953,68.34,55.0,54.1,56.0,1,1,21.25,25.4,56048,2,1,1,31.96
77459,68.28,55.0,54.1,56.0,1,1,21.27,25.39,56548,2,1,1,31.96
77965,68.28,55.0,54.1,56.0,1,1,21.27,25.38,57048,2,1,1,31.96
78471,68.28,55.0,54.1,56.0,1,1,21.27,25.38,57548,2,1,1,31.96
78977,68.28,55.0,54.1,56.0,1,1,21.4,25.38,58048,2,1,1,31.96
79483,68.29,55.0,54.1,56.0,1,1,21.53,25.38,58548,2,1,1,31.95
79989,68.26,55.0,54.1,56.0,1,1,21.72,25.36,59048,2,1,1,31.93
80495,68.26,55.0,54.1,56.0,1,1,21.72,25.34,59548,2,1,1,31.93
81001,67.84,55.0,54.1,56.0,1,1,22.0,25.34,60048,2,1,1,31.93
81507,67.84,55.0,54.1,56.0,1,1,22.0,25.24,60548,2,1,1,31.93
82013,67.49,55.0,54.1,56.0,1,1,21.94,25.24,61048,2,1,1,31.96
82519,67.12,55.0,54.1,56.0,1,1,21.87,25.18,61548,2,1,1,31.92
83025,66.8,55.0,54.1,56.0,1,1,21.96,25.05,62048,2,1,1,31.92
83531,66.8,55.0,54.1,56.0,1,1,21.96,24.97,62548,2,1,1,31.92
84037,66.28,55.0,54.1,56.0,1,1,22.03,24.97,63048,2,1,1,31.89
84543,65.85,55.0,54.1,56.0,1,1,22.0,24.81,63548,2,1,1,31.89
85049,65.55,55.0,54.1,56.0,1,1,21.87,24.63,64549,2,1,1,31.89
85555,65.55,55.0,54.1,56.0,1,1,21.87,24.63,65049,2,1,1,31.89
86061,65.55,55.0,54.1,56.0,1,1,21.87,24.63,65549,2,1,1,31.89
86567,65.55,55.0,54.1,56.0,1,1,21.87,24.63,66049,2,1,1,31.89
87073,65.55,55.0,54.1,56.0,1,1,21.87,24.63,66549,2,1,1,31.89
87586,64.09,55.0,54.1,56.0,1,1,21.77,24.63,67049,2,1,1,31.85
88093,64.09,55.0,54.1,56.0,1,1,21.77,24.21,67549,2,1,1,31.85
88599,63.72,55.0,54.1,56.0,1,1,21.7,24.1,68049,2,1,1,31.83
89105,63.72,55.0,54.1,56.0,1,1,21.7,24.1,68549,2,1,1,31.83
89611,63.22,55.0,54.1,56.0,1,1,21.68,23.95,69049,2,1,1,31.82
90117,62.93,55.0,54.1,56.0,1,1,21.77,23.85,69549,2,1,1,31.79
90623,62.48,55.0,54.1,56.0,1,1,21.51,23.74,70063,2,1,1,31.8
91129,62.48,55.0,54.1,56.0,1,1,21.51,23.74,70563,2,1,1,31.8
91635,62.48,55.0,54.1,56.0,1,1,21.51,23.74,71063,2,1,1,31.8
92141,62.48,55.0,54.1,56.0,1,1,21.51,23.74,71563,2,1,1,31.8
92647,61.6,55.0,54.1,56.0,1,0,22.07,23.5,72063,2,0,1,31.79
93153,61.6,55.0,54.1,56.0,1,0,22.07,23.5,72563,2,0,1,31.79
93659,61.15,55.0,54.1,56.0,1,0,21.53,23.36,73063,2,1,1,31.77
94165,60.83,55.0,54.1,56.0,1,0,21.1,23.36,73563,2,1,1,31.76
94671,60.83,55.0,54.1,56.0,1,0,21.1,23.26,74063,2,1,1,31.76
95177,60.43,55.0,54.1,56.0,1,0,21.05,23.14,74563,2,1,1,31.75
95683,60.25,55.0,54.1,56.0,1,0,21.01,23.14,75063,2,1,1,31.75
96189,60.25,55.0,54.1,56.0,1,0,21.01,23.09,75563,2,1,1,31.75
96695,60.25,55.0,54.1,56.0,1,0,21.01,23.09,76063,2,1,1,31.75
97201,60.04,55.0,54.1,56.0,1,0,20.64,23.02,76564,2,1,1,31.73
97707,60.04,55.0,54.1,56.0,1,0,20.64,23.02,77064,2,1,1,31.73
98213,60.04,55.0,54.1,56.0,1,0,20.64,23.02,77564,2,1,1,31.73
98719,59.85,55.0,54.1,56.0,1,0,20.51,22.98,78064,2,1,1,31.75
99225,59.82,55.0,54.1,56.0,1,0,20.23,22.94,78564,2,1,1,31.72
99731,59.82,55.0,54.1,56.0,1,0,20.23,22.94,79064,2,1,1,31.72
100237,59.82,55.0,54.1,56.0,1,0,20.23,22.94,79564,2,1,1,31.72
100743,59.76,55.0,54.1,56.0,1,0,20.15,22.94,80064,2,1,1,31.73
101249,59.76,55.0,54.1,56.0,1,0,20.15,22.94,80564,2,1,1,31.73
101755,59.76,55.0,54.1,56.0,1,0,20.15,22.94,81064,2,1,1,31.73
102261,59.66,55.0,54.1,56.0,1,0,19.93,22.91,81564,2,1,1,31.73
102767,59.66,55.0,54.1,56.0,1,0,19.93,22.91,82064,2,1,1,31.73
103273,59.66,55.0,54.1,56.0,1,0,19.93,22.91,82564,2,1,1,31.73
103779,59.55,55.0,54.1,56.0,1,0,19.8,22.91,83064,2,1,1,31.76
104285,59.55,55.0,54.1,56.0,1,0,19.8,22.91,83564,2,1,1,31.76
104791,59.55,55.0,54.1,56.0,1,0,19.8,22.91,84064,2,1,1,31.76
105297,59.44,55.0,54.1,56.0,1,0,19.67,22.86,84564,2,1,1,31.75
105803,59.41,55.0,54.1,56.0,1,0,19.41,22.83,85064,2,1,1,31.72
106309,59.37,55.0,54.1,56.0,1,0,19.37,22.83,85564,2,1,1,31.73
106815,59.37,55.0,54.1,56.0,1,0,19.37,22.83,86064,2,1,1,31.73
107321,59.4,55.0,54.1,56.0,1,0,19.26,22.85,86564,2,1,1,31.75
107827,59.38,55.0,54.1,56.0,1,0,19.05,22.85,87064,2,1,1,31.75
108333,59.38,55.0,54.1,56.0,1,0,19.05,22.85,87564,2,1,1,31.75
108839,59.38,55.0,54.1,56.0,1,0,19.05,22.85,88064,2,1,1,31.75
109345,59.38,55.0,54.1,56.0,1,0,19.05,22.85,88564,2,1,1,31.75
109851,59.35,55.0,54.1,56.0,1,0,19.11,22.84,89066,2,1,1,31.75
110357,59.38,55.0,54.1,56.0,1,0,18.9,22.86,89568,2,1,1,31.76
110863,59.41,55.0,54.1,56.0,1,0,19.03,22.86,90068,2,1,1,31.73
111369,59.41,55.0,54.1,56.0,1,0,19.03,22.84,90568,2,1,1,31.73
111875,59.42,55.0,54.1,56.0,1,1,18.72,22.86,91068,2,1,1,31.75
112381,59.42,55.0,54.1,56.0,1,1,18.72,22.86,91568,2,1,1,31.75
112887,59.44,55.0,54.1,56.0,1,1,18.66,22.86,92068,2,1,1,31.75
113393,59.44,55.0,54.1,56.0,1,1,18.66,22.86,92568,2,1,1,31.75
113899,59.42,55.0,54.1,56.0,1,1,19.33,22.85,93068,2,1,1,31.73
114406,59.42,55.0,54.1,56.0,1,1,19.33,22.85,93568,2,1,1,31.73
114913,59.45,55.0,54.1,56.0,1,1,19.31,22.87,94068,2,1,1,31.75
115419,59.45,55.0,54.1,56.0,1,1,19.31,22.87,94568,2,1,1,31.75
115925,59.28,55.0,54.1,56.0,1,1,19.39,22.81,95068,2,1,1,31.73
116431,59.28,55.0,54.1,56.0,1,1,19.39,22.81,95568,2,1,1,31.73
116937,58.81,55.0,54.1,56.0,1,1,19.5,22.68,96068,2,1,1,31.73
117443,58.29,55.0,54.1,56.0,1,1,19.59,22.68,96569,2,1,1,31.72
117949,58.29,55.0,54.1,56.0,1,1,19.59,22.51,97070,2,1,1,31.72
118455,57.84,55.0,54.1,56.0,1,1,19.72,22.51,97570,2,1,1,31.73
118961,57.84,55.0,54.1,56.0,1,1,19.72,22.4,98070,2,1,1,31.73
119467,57.4,55.0,54.1,56.0,1,1,19.63,22.24,98570,2,1,1,31.69
119973,57.09,55.0,54.1,56.0,1,1,19.63,22.24,99070,2,1,1,31.69
120479,57.09,55.0,54.1,56.0,1,1,19.63,22.15,99570,2,1,1,31.69
120985,57.09,55.0,54.1,56.0,1,1,19.63,22.15,100070,2,1,1,31.69
121491,57.09,55.0,54.1,56.0,1,1,19.63,22.15,100570,2,1,1,31.69
121997,56.16,55.0,54.1,56.0,1,1,19.72,22.15,101070,2,1,1,31.68
122504,55.8,55.0,54.1,56.0,1,1,19.78,21.86,101570,2,1,1,31.66
123011,55.8,55.0,54.1,56.0,0,0,19.78,21.75,0,2,1,0,31.66
123517,55.8,55.0,54.1,56.0,0,0,19.78,21.75,500,2,1,0,31.66
124023,55.8,55.0,54.1,56.0,0,0,19.78,21.75,1000,2,1,0,31.66
124529,55.8,55.0,54.1,56.0,0,0,19.78,21.75,1500,2,1,0,31.66
125035,54.95,55.0,54.1,56.0,0,0,20.06,21.75,2000,2,1,0,31.65
125541,54.76,55.0,54.1,56.0,0,0,19.24,21.48,2500,2,0,0,31.62
126047,54.76,55.0,54.1,56.0,0,0,19.24,21.4,3000,2,1,0,31.62
126553,54.47,55.0,54.1,56.0,0,0,19.07,21.4,3500,2,1,0,31.64
127059,54.47,55.0,54.1,56.0,0,0,19.07,21.33,4000,2,1,0,31.64
127565,54.4,55.0,54.1,56.0,0,0,19.41,21.33,4500,2,1,0,31.66
128071,54.4,55.0,54.1,56.0,0,0,19.41,21.33,5501,2,1,0,31.66
128577,54.4,55.0,54.1,56.0,0,0,19.41,21.33,6001,2,1,0,31.66
129083,54.4,55.0,54.1,56.0,0,0,19.41,21.33,6501,2,1,0,31.66
129589,54.28,55.0,54.1,56.0,0,0,18.85,21.28,7001,2,1,0,31.65
130095,54.28,55.0,54.1,56.0,0,0,18.85,21.28,7501,2,1,0,31.65
130601,54.2,55.0,54.1,56.0,0,0,19.03,21.23,8001,2,1,0,31.62
131107,54.2,55.0,54.1,56.0,0,0,19.03,21.23,8501,2,1,0,31.62
131613,54.13,55.0,54.1,56.0,0,0,18.88,21.22,9001,2,1,0,31.64
132119,54.11,55.0,54.1,56.0,0,0,18.96,21.22,9501,2,1,0,31.64
132634,54.05,55.0,54.1,56.0,0,0,19.07,21.22,10001,2,1,0,31.64
133141,54.05,55.0,54.1,56.0,0,0,19.07,21.2,10501,2,1,0,31.64
133647,54.07,55.0,54.1,56.0,0,0,19.05,21.21,11001,2,1,0,31.64
134153,54.07,55.0,54.1,56.0,0,0,19.05,21.21,11501,2,1,0,31.64
134659,54.08,55.0,54.1,56.0,0,0,19.05,21.22,12001,2,1,0,31.65
135165,54.08,55.0,54.1,56.0,0,0,19.05,21.22,12501,2,1,0,31.65
135671,54.03,55.0,54.1,56.0,0,0,19.48,21.21,13001,2,1,0,31.65
136177,54.06,55.0,54.1,56.0,0,0,19.39,21.23,13501,2,1,0,31.66
136683,54.06,55.0,54.1,56.0,0,0,19.39,21.23,14001,2,1,0,31.66
137189,54.07,55.0,54.1,56.0,0,0,19.87,21.21,14507,2,0,0,31.64
137695,54.1,55.0,54.1,56.0,0,0,19.39,21.21,15007,2,0,0,31.65
138201,54.1,55.0,54.1,56.0,0,0,19.39,21.23,15507,2,1,0,31.65
138707,54.13,55.0,54.1,56.0,0,0,19.07,21.24,16007,2,1,0,31.65
139213,54.12,55.0,54.1,56.0,0,0,19.65,21.25,16507,2,1,0,31.66
139719,54.12,55.0,54.1,56.0,0,0,19.65,21.25,17007,2,1,0,31.66
140225,54.16,55.0,54.1,56.0,0,0,19.65,21.24,17507,2,1,0,31.65
140731,54.16,55.0,54.1,56.0,0,0,19.65,21.24,18007,2,1,0,31.65
141237,54.16,55.0,54.1,56.0,0,0,19.65,21.24,18507,2,1,0,31.65
141743,54.19,55.0,54.1,56.0,0,0,20.02,21.24,19007,2,1,0,31.68
142249,54.19,55.0,54.1,56.0,0,0,20.02,21.28,19507,2,0,0,31.68
142755,54.25,55.0,54.1,56.0,1,0,20.06,21.3,0,2,0,0,31.68
143261,54.25,55.0,54.1,56.0,1,0,20.12,21.3,500,2,0,0,31.66
143767,54.25,55.0,54.1,56.0,1,0,20.12,21.28,1000,2,0,0,31.66
144273,54.27,55.0,54.1,56.0,1,0,20.21,21.29,1500,2,0,0,31.66
144779,54.27,55.0,54.1,56.0,1,0,20.21,21.29,2000,2,0,0,31.66
145285,54.28,55.0,54.1,56.0,1,0,19.95,21.28,2500,2,0,0,31.65
145791,54.28,55.0,54.1,56.0,1,0,19.95,21.28,3000,2,0,0,31.65
146297,54.28,55.0,54.1,56.0,1,0,19.95,21.28,3500,2,0,0,31.65
146803,54.32,55.0,54.1,56.0,1,0,20.19,21.28,4000,2,0,0,31.68
147309,54.32,55.0,54.1,56.0,1,0,20.19,21.32,4500,2,0,0,31.68
147815,54.31,55.0,54.1,56.0,1,0,20.0,21.32,5000,2,0,0,31.68
148321,54.31,55.0,54.1,56.0,1,0,20.0,21.32,5500,2,0,0,31.68
148827,54.31,55.0,54.1,56.0,1,0,20.0,21.32,6000,2,0,0,31.68
149333,54.38,55.0,54.1,56.0,1,0,20.17,21.32,6500,2,0,0,31.68
149839,54.4,55.0,54.1,56.0,1,0,20.23,21.34,7000,2,0,0,31.66
150345,54.4,55.0,54.1,56.0,1,0,20.23,21.33,7500,2,0,0,31.66
150851,54.45,55.0,54.1,56.0,1,0,20.12,21.33,8000,2,0,0,31.68
151371,54.43,55.0,54.1,56.0,1,0,20.08,21.36,8500,2,0,0,31.68
151878,54.43,55.0,54.1,56.0,1,0,20.08,21.35,9000,2,0,0,31.68
152384,54.44,55.0,54.1,56.0,1,0,20.06,21.36,9500,2,0,0,31.68
152890,54.44,55.0,54.1,56.0,1,0,20.06,21.36,10000,2,0,0,31.68
153396,54.45,55.0,54.1,56.0,1,0,20.06,21.39,10500,2,0,0,31.71
153902,54.46,55.0,54.1,56.0,1,0,19.65,21.36,11000,2,1,0,31.68
154408,54.46,55.0,54.1,56.0,1,0,19.65,21.36,11500,2,1,0,31.68
154915,54.46,55.0,54.1,56.0,1,0,19.65,21.36,12000,2,1,0,31.68
155422,54.53,55.0,54.1,56.0,1,0,19.89,21.36,12500,2,1,0,31.68
155928,54.53,55.0,54.1,56.0,1,0,19.89,21.38,13000,2,0,0,31.68
156434,54.55,55.0,54.1,56.0,1,0,19.8,21.38,13500,2,0,0,31.68
156940,54.5,55.0,54.1,56.0,1,0,19.78,21.39,14000,2,1,0,31.71
157446,54.5,55.0,54.1,56.0,1,0,19.78,21.4,14500,2,1,0,31.71
157952,54.55,55.0,54.1,56.0,1,0,19.52,21.4,15000,2,1,0,31.71
158458,54.57,55.0,54.1,56.0,1,0,19.52,21.42,15501,2,1,0,31.68
158966,54.57,55.0,54.1,56.0,1,0,19.52,21.4,16003,2,1,0,31.68
159473,54.59,55.0,54.1,56.0,1,0,19.44,21.4,16503,2,1,0,31.72
159979,54.59,55.0,54.1,56.0,1,0,19.26,21.44,17003,2,1,0,31.69
160485,54.59,55.0,54.1,56.0,1,0,19.26,21.41,17503,2,1,0,31.69
160991,54.58,55.0,54.1,56.0,1,0,19.09,21.41,18003,2,1,0,31.71
161497,54.63,55.0,54.1,56.0,1,0,19.26,21.42,18503,2,1,0,31.69
162003,54.63,55.0,54.1,56.0,1,0,19.26,21.43,19003,2,1,0,31.69
162509,54.63,55.0,54.1,56.0,1,0,19.26,21.43,19503,2,1,0,31.69
163015,54.65,55.0,54.1,56.0,1,0,19.18,21.43,20003,2,1,0,31.72
163521,54.65,55.0,54.1,56.0,1,0,19.18,21.46,20503,2,1,0,31.72
164027,54.65,55.0,54.1,56.0,1,0,18.96,21.46,21003,2,1,0,31.71
164533,54.66,55.0,54.1,56.0,1,0,18.9,21.45,21503,2,1,0,31.72
165039,54.66,55.0,54.1,56.0,1,0,18.9,21.46,22003,2,1,0,31.72
165545,54.7,55.0,54.1,56.0,1,0,19.03,21.46,22503,2,1,0,31.71
166051,54.66,55.0,54.1,56.0,1,0,18.9,21.46,23003,2,1,0,31.72
166557,54.65,55.0,54.1,56.0,1,0,18.38,21.46,23503,2,1,0,31.72
167063,54.65,55.0,54.1,56.0,1,0,18.38,21.46,24003,2,1,0,31.72
167569,54.69,55.0,54.1,56.0,1,0,18.12,21.46,24503,2,1,0,31.71
168075,54.69,55.0,54.1,56.0,1,0,18.12,21.46,25003,2,1,0,31.71
168581,54.68,55.0,54.1,56.0,1,0,18.55,21.47,26004,2,1,0,31.72
169087,54.68,55.0,54.1,56.0,1,0,18.55,21.47,26504,2,1,0,31.72
169593,54.68,55.0,54.1,56.0,1,0,18.55,21.47,27004,2,1,0,31.72
170099,54.69,55.0,54.1,56.0,1,0,18.27,21.46,27504,2,1,0,31.71
170605,54.68,55.0,54.1,56.0,1,0,18.25,21.47,28004,2,1,0,31.72
171111,54.7,55.0,54.1,56.0,1,0,18.38,21.47,28504,2,1,0,31.72
171617,54.7,55.0,54.1,56.0,1,0,18.38,21.47,29004,2,1,0,31.72
172123,54.69,55.0,54.1,56.0,1,0,18.27,21.46,29504,2,1,0,31.71
172629,54.68,55.0,54.1,56.0,1,0,18.16,21.48,30004,2,1,0,31.73
173135,54.68,55.0,54.1,56.0,1,0,17.93,21.47,30504,2,1,0,31.72
173641,54.68,55.0,54.1,56.0,1,0,17.93,21.47,31004,2,1,0,31.72
174147,54.68,55.0,54.1,56.0,1,0,17.93,21.47,31507,2,1,0,31.72
174653,54.68,55.0,54.1,56.0,1,0,17.93,21.47,32007,2,1,0,31.72
175159,54.68,55.0,54.1,56.0,1,0,17.93,21.47,32507,2,1,0,31.72
175665,54.68,55.0,54.1,56.0,1,0,17.93,21.47,33007,2,1,0,31.72
176171,54.68,55.0,54.1,56.0,1,0,17.93,21.47,33507,2,1,0,31.72
176677,54.68,55.0,54.1,56.0,1,0,17.93,21.47,34007,2,1,0,31.72
177183,54.67,55.0,54.1,56.0,1,0,17.82,21.46,34507,2,1,0,31.72
177689,54.64,55.0,54.1,56.0,1,0,17.65,21.44,35018,2,1,0,31.71
178195,54.64,55.0,54.1,56.0,1,0,17.65,21.44,35518,2,1,0,31.71
178701,54.62,55.0,54.1,56.0,1,0,17.41,21.46,36018,2,1,0,31.73
179207,54.6,55.0,54.1,56.0,1,0,17.58,21.46,36518,2,1,0,31.73
179713,54.61,55.0,54.1,56.0,1,0,17.82,21.44,37018,2,1,0,31.72
180219,54.58,55.0,54.1,56.0,1,0,17.39,21.44,37518,2,1,0,31.73
180725,54.58,55.0,54.1,56.0,1,0,17.39,21.45,38018,2,1,0,31.73
181231,54.58,55.0,54.1,56.0,1,0,17.54,21.45,38518,2,1,0,31.73
181737,54.58,55.0,54.1,56.0,1,0,17.54,21.45,39018,2,1,0,31.73
182243,54.57,55.0,54.1,56.0,1,0,17.24,21.43,39518,2,1,0,31.72
182749,54.53,55.0,54.1,56.0,0,0,17.24,21.43,0,2,1,0,31.73
183255,54.54,55.0,54.1,56.0,0,0,17.26,21.44,500,2,1,0,31.72
183761,54.54,55.0,54.1,56.0,0,0,17.26,21.43,1000,2,1,0,31.72
184267,54.54,55.0,54.1,56.0,0,0,17.26,21.43,1500,2,1,0,31.72
184773,54.46,55.0,54.1,56.0,0,0,17.0,21.43,2000,2,1,0,31.73
185279,54.46,55.0,54.1,56.0,0,0,17.0,21.41,2500,2,1,0,31.73
185785,54.45,55.0,54.1,56.0,0,0,17.04,21.41,3000,2,1,0,31.73
186291,54.45,55.0,54.1,56.0,0,0,17.04,21.41,3500,2,1,0,31.73
186797,54.44,55.0,54.1,56.0,0,0,16.92,21.42,4000,2,1,0,31.75
187303,54.4,55.0,54.1,56.0,0,0,17.09,21.41,4515,2,1,0,31.75
187809,54.38,55.0,54.1,56.0,0,0,17.15,21.41,5015,2,1,0,31.73
188315,54.38,55.0,54.1,56.0,0,0,17.15,21.39,5515,2,1,0,31.73
188821,54.32,55.0,54.1,56.0,0,0,17.17,21.39,6015,2,1,0,31.71
189327,54.32,55.0,54.1,56.0,0,0,17.17,21.34,6515,2,1,0,31.71
189833,54.3,55.0,54.1,56.0,0,0,17.09,21.34,7015,2,1,0,31.71
190339,54.3,55.0,54.1,56.0,0,0,17.09,21.34,7515,2,1,0,31.71
190845,54.27,55.0,54.1,56.0,0,0,17.26,21.34,8015,2,1,0,31.72
191364,54.26,55.0,54.1,56.0,0,0,16.48,21.34,8515,2,1,0,31.73
191871,54.26,55.0,54.1,56.0,0,0,16.48,21.35,9015,2,1,0,31.73
192377,54.2,55.0,54.1,56.0,0,0,17.15,21.34,9515,2,1,0,31.73
192883,54.2,55.0,54.1,56.0,0,0,17.15,21.34,10015,2,1,0,31.73
193389,54.16,55.0,54.1,56.0,0,0,17.52,21.32,10515,2,1,0,31.73
193895,54.17,55.0,54.1,56.0,0,0,17.54,21.32,11015,2,1,0,31.73
194401,54.17,55.0,54.1,56.0,0,0,17.54,21.33,11515,2,1,0,31.73
194921,54.09,55.0,54.1,56.0,0,0,17.54,21.33,12015,2,1,0,31.75
195428,54.09,55.0,54.1,56.0,0,0,17.54,21.31,12515,2,1,0,31.75
195934,54.05,55.0,54.1,56.0,0,0,17.65,21.31,13015,2,1,0,31.73
196440,54.01,55.0,54.1,56.0,0,0,17.84,21.29,13515,2,1,0,31.76
196946,54.01,55.0,54.1,56.0,0,0,17.84,21.3,14015,2,1,0,31.76
197452,54.01,55.0,54.1,56.0,0,0,17.84,21.3,14515,2,1,0,31.76
197958,54.01,55.0,54.1,56.0,0,0,17.84,21.3,15015,2,1,0,31.76
198464,54.01,55.0,54.1,56.0,0,0,17.84,21.3,15515,2,1,0,31.76
198970,53.92,55.0,54.1,56.0,0,0,18.1,21.3,16015,2,1,0,31.73
199476,53.85,55.0,54.1,56.0,0,0,17.93,21.25,16515,2,1,0,31.72
199982,53.85,55.0,54.1,56.0,0,0,17.93,21.22,17015,2,1,0,31.72
200488,53.85,55.0,54.1,56.0,0,0,17.93,21.22,17515,2,1,0,31.72
200994,53.85,55.0,54.1,56.0,0,0,17.93,21.22,18018,2,1,0,31.72
201500,53.8,55.0,54.1,56.0,0,0,18.53,21.23,18519,2,1,0,31.75
202006,53.74,55.0,54.1,56.0,0,0,18.4,21.23,19019,2,1,0,31.75
202512,53.77,55.0,54.1,56.0,0,0,18.4,21.21,19519,2,1,0,31.75
203018,53.77,55.0,54.1,56.0,0,0,18.4,21.22,20019,2,1,0,31.75
203524,53.72,55.0,54.1,56.0,0,0,18.53,21.2,20520,2,1,0,31.75
204030,53.74,55.0,54.1,56.0,0,0,18.81,21.2,21020,2,1,0,31.73
204536,53.69,55.0,54.1,56.0,0,0,18.64,21.2,21520,2,1,0,31.73
205042,53.69,55.0,54.1,56.0,0,0,18.64,21.18,22020,2,1,0,31.73
205548,53.69,55.0,54.1,56.0,0,0,18.64,21.18,22520,2,1,0,31.73
206056,53.69,55.0,54.1,56.0,0,0,18.64,21.18,23020,2,1,0,31.73
206562,53.62,55.0,54.1,56.0,0,0,19.03,21.18,23520,2,1,0,31.75
207068,53.62,55.0,54.1,56.0,0,0,19.03,21.17,24020,2,1,0,31.75
207574,53.62,55.0,54.1,56.0,0,0,19.03,21.17,24520,2,1,0,31.75
208080,53.56,55.0,54.1,56.0,0,0,19.28,21.17,25020,2,1,0,31.73
208586,53.53,55.0,54.1,56.0,0,0,19.16,21.14,25520,2,1,0,31.75
209092,53.53,55.0,54.1,56.0,0,0,19.16,21.15,26020,2,1,0,31.75
209598,53.52,55.0,54.1,56.0,0,0,19.24,21.15,26520,2,1,0,31.72
210104,53.52,55.0,54.1,56.0,0,0,19.24,21.11,27020,2,1,0,31.72
210610,53.49,55.0,54.1,56.0,0,0,19.31,21.11,27520,2,1,0,31.73
211116,53.53,55.0,54.1,56.0,0,0,18.72,21.15,28521,2,1,0,31.75
211622,53.47,55.0,54.1,56.0,0,0,19.65,21.12,29021,2,0,0,31.73
212128,53.47,55.0,54.1,56.0,0,0,19.65,21.12,29521,2,0,0,31.73
212634,53.48,55.0,54.1,56.0,0,0,19.59,21.13,30021,2,1,0,31.75
213140,53.48,55.0,54.1,56.0,0,0,19.59,21.13,30521,2,1,0,31.75
213646,53.44,55.0,54.1,56.0,0,0,19.78,21.11,31021,2,0,0,31.73
214152,53.41,55.0,54.1,56.0,0,0,19.8,21.11,31521,2,0,0,31.75
214658,53.41,55.0,54.1,56.0,0,0,19.8,21.11,32021,2,0,0,31.75
215164,53.42,55.0,54.1,56.0,0,0,20.43,21.11,32521,2,0,0,31.75
215670,53.42,55.0,54.1,56.0,0,0,20.43,21.11,33021,2,0,0,31.75
216176,53.37,55.0,54.1,56.0,0,0,20.15,21.1,33521,2,0,0,31.75
216682,53.43,55.0,54.1,56.0,0,0,20.0,21.12,34033,2,0,0,31.75
217188,53.43,55.0,54.1,56.0,0,0,20.0,21.12,34533,2,0,0,31.75
217696,53.43,55.0,54.1,56.0,0,0,20.0,21.12,35033,2,0,0,31.75
218203,53.43,55.0,54.1,56.0,0,0,20.0,21.12,35533,2,0,0,31.75
218709,53.37,55.0,54.1,56.0,0,0,20.4,21.08,36033,2,0,0,31.73
219215,53.38,55.0,54.1,56.0,0,0,20.53,21.1,36533,2,0,0,31.75
219721,53.34,55.0,54.1,56.0,0,0,20.64,21.1,37033,2,0,0,31.73
220227,53.34,55.0,54.1,56.0,0,0,20.64,21.08,37533,2,0,0,31.73
220733,53.39,55.0,54.1,56.0,0,0,20.64,21.09,38033,2,0,0,31.73
221239,53.39,55.0,54.1,56.0,0,0,20.64,21.09,38533,2,0,0,31.73
221745,53.36,55.0,54.1,56.0,0,0,20.84,21.09,39033,2,0,0,31.75
222251,53.36,55.0,54.1,56.0,0,0,20.84,21.09,39533,2,0,0,31.75
222757,53.35,55.0,54.1,56.0,0,0,20.62,21.08,40033,2,0,0,31.73
223263,53.33,55.0,54.1,56.0,0,0,20.69,21.07,40545,2,0,0,31.73
223769,53.35,55.0,54.1,56.0,0,0,20.77,21.07,41045,2,0,0,31.76
224275,53.35,55.0,54.1,56.0,0,0,20.77,21.1,41545,2,0,0,31.76
224781,53.37,55.0,54.1,56.0,0,0,20.38,21.08,42045,2,0,0,31.73
225287,53.34,55.0,54.1,56.0,0,0,20.9,21.08,42545,2,0,0,31.73
225793,53.34,55.0,54.1,56.0,0,0,20.9,21.08,43045,2,0,0,31.73
226299,53.36,55.0,54.1,56.0,0,0,20.99,21.09,43545,2,0,0,31.75
226805,53.35,55.0,54.1,56.0,0,0,21.2,21.09,44045,2,0,0,31.75
227311,53.35,55.0,54.1,56.0,0,0,21.2,21.09,44545,2,0,0,31.75
227817,53.36,55.0,54.1,56.0,0,0,21.27,21.09,45045,2,0,0,31.77
228323,53.36,55.0,54.1,56.0,0,0,21.27,21.12,45545,2,0,0,31.77
228829,53.36,55.0,54.1,56.0,0,0,21.27,21.12,46045,2,0,0,31.77
229335,53.42,55.0,54.1,56.0,0,0,21.31,21.13,46545,2,0,0,31.76
229841,53.33,55.0,54.1,56.0,0,0,21.31,21.13,47045,2,0,0,31.75
230348,53.33,55.0,54.1,56.0,0,0,21.31,21.09,47545,2,0,0,31.75
230855,53.35,55.0,54.1,56.0,0,0,21.68,21.08,48045,2,0,0,31.73
231361,53.35,55.0,54.1,56.0,0,0,21.68,21.08,48545,2,0,0,31.73
231867,53.35,55.0,54.1,56.0,0,0,21.68,21.08,49045,2,0,0,31.73
232373,53.35,55.0,54.1,56.0,0,0,21.68,21.08,49545,2,0,0,31.73
232879,53.37,55.0,54.1,56.0,0,0,21.81,21.08,50045,2,0,0,31.75
233385,53.4,55.0,54.1,56.0,0,0,21.83,21.1,50545,2,0,0,31.76
233891,53.4,55.0,54.1,56.0,0,0,21.83,21.12,51045,2,0,0,31.76
234397,53.4,55.0,54.1,56.0,0,0,21.83,21.12,51545,2,0,0,31.76
234903,53.4,55.0,54.1,56.0,0,0,21.85,21.12,52045,2,0,0,31.75
235409,53.4,55.0,54.1,56.0,0,0,21.85,21.11,52545,2,0,0,31.75
235915,53.41,55.0,54.1,56.0,0,0,22.03,21.12,53045,2,0,0,31.76
236421,53.43,55.0,54.1,56.0,0,0,21.87,21.12,53545,2,0,0,31.75
236927,53.43,55.0,54.1,56.0,0,0,21.87,21.12,54047,2,0,0,31.75
237433,53.41,55.0,54.1,56.0,0,0,21.92,21.1,54547,2,0,0,31.73
237940,53.5,55.0,54.1,56.0,0,0,21.9,21.1,55047,2,0,0,31.75
238447,53.5,55.0,54.1,56.0,0,0,21.9,21.14,55549,2,0,0,31.75
238953,53.45,55.0,54.1,56.0,0,0,21.85,21.13,56051,2,0,0,31.76
239459,53.45,55.0,54.1,56.0,0,0,21.85,21.13,56551,2,0,0,31.76
239965,53.46,55.0,54.1,56.0,0,0,22.78,21.13,57051,2,0,0,31.76
240471,53.46,55.0,54.1,56.0,0,0,22.78,21.14,57551,2,0,0,31.76
240977,53.48,55.0,54.1,56.0,0,0,22.31,21.14,58051,2,0,0,31.75
241484,53.48,55.0,54.1,56.0,0,0,22.31,21.13,58551,2,0,0,31.75
241991,53.48,55.0,54.1,56.0,0,0,22.39,21.13,59051,2,0,0,31.75
242497,53.48,55.0,54.1,56.0,0,0,22.39,21.13,59551,2,0,0,31.75
243003,53.47,55.0,54.1,56.0,0,0,22.65,21.13,60051,2,0,0,31.75
243509,53.47,55.0,54.1,56.0,0,0,22.65,21.13,60551,2,0,0,31.75
244015,53.47,55.0,54.1,56.0,0,0,22.65,21.13,61051,2,0,0,31.75
244521,53.5,55.0,54.1,56.0,0,0,22.59,21.15,61551,2,0,0,31.76
245027,53.47,55.0,54.1,56.0,0,0,22.63,21.13,62053,2,0,0,31.75
245533,53.47,55.0,54.1,56.0,0,0,22.63,21.13,62553,2,0,0,31.75
246039,53.47,55.0,54.1,56.0,0,0,22.63,21.13,63053,2,0,0,31.75
246545,53.47,55.0,54.1,56.0,0,0,22.76,21.13,63553,2,0,0,31.76
247051,53.47,55.0,54.1,56.0,0,0,22.76,21.14,64053,2,0,0,31.76
247557,53.56,55.0,54.1,56.0,0,0,22.98,21.14,64553,2,0,0,31.73
248063,53.56,55.0,54.1,56.0,0,0,22.98,21.14,65053,2,0,0,31.73
248569,53.51,55.0,54.1,56.0,0,0,22.91,21.14,65553,2,0,0,31.76
249075,53.51,55.0,54.1,56.0,0,0,22.91,21.15,66053,2,0,0,31.76
249581,53.56,55.0,54.1,56.0,0,0,23.15,21.15,66553,2,0,0,31.75
250087,53.56,55.0,54.1,56.0,0,0,23.15,21.15,67053,2,0,0,31.75
250593,53.54,55.0,54.1,56.0,0,0,23.02,21.15,67553,2,0,0,31.75
251099,53.54,55.0,54.1,56.0,0,0,23.02,21.15,68053,2,0,0,31.75
251605,53.54,55.0,54.1,56.0,0,0,23.02,21.15,68553,2,0,0,31.75
252111,53.54,55.0,54.1,56.0,0,0,23.02,21.15,69053,2,0,0,31.75
252617,53.54,55.0,54.1,56.0,0,0,23.02,21.15,69553,2,0,0,31.75
253123,53.54,55.0,54.1,56.0,0,0,23.02,21.15,70053,2,0,0,31.75
253629,53.56,55.0,54.1,56.0,0,0,23.44,21.15,70553,2,0,0,31.76
254135,53.58,55.0,54.1,56.0,0,0,23.42,21.17,71053,2,0,0,31.75
254641,53.58,55.0,54.1,56.0,0,0,23.42,21.16,71553,2,0,0,31.75
255147,53.6,55.0,54.1,56.0,0,0,23.48,21.16,72056,2,0,0,31.77
255653,53.62,55.0,54.1,56.0,0,0,23.44,21.19,72562,2,0,0,31.77
256159,53.62,55.0,54.1,56.0,0,0,23.44,21.2,73068,2,0,0,31.77
256665,53.62,55.0,54.1,56.0,0,0,23.44,21.2,74070,2,0,0,31.77
257171,53.62,55.0,54.1,56.0,0,0,23.44,21.2,74570,2,0,0,31.77
257677,53.61,55.0,54.1,56.0,0,0,23.7,21.2,75070,2,0,0,31.77
258183,53.61,55.0,54.1,56.0,0,0,23.7,21.2,75570,2,0,0,31.77
258689,53.62,55.0,54.1,56.0,0,0,23.52,21.17,76070,2,0,0,31.75
259195,53.61,55.0,54.1,56.0,0,0,23.63,21.17,76570,2,0,0,31.75
259701,53.61,55.0,54.1,56.0,0,0,23.63,21.17,77070,2,0,0,31.75
260207,53.66,55.0,54.1,56.0,0,0,23.72,21.2,77570,2,0,0,31.76
260713,53.66,55.0,54.1,56.0,0,0,23.72,21.2,78070,2,0,0,31.76
261219,53.66,55.0,54.1,56.0,0,0,23.94,21.19,78570,2,0,0,31.75
261725,53.63,55.0,54.1,56.0,0,0,23.81,21.18,79070,2,0,0,31.75
262231,53.63,55.0,54.1,56.0,0,0,23.81,21.18,79570,2,0,0,31.75
262737,53.67,55.0,54.1,56.0,0,0,23.81,21.2,80070,2,0,0,31.76
263243,53.67,55.0,54.1,56.0,0,0,23.81,21.2,80570,2,0,0,31.76
263749,53.67,55.0,54.1,56.0,0,0,23.81,21.2,81070,2,0,0,31.76
264255,53.7,55.0,54.1,56.0,0,0,23.96,21.2,81570,2,0,0,31.75
264761,53.71,55.0,54.1,56.0,0,0,23.96,21.2,82070,2,0,0,31.75
265267,53.71,55.0,54.1,56.0,0,0,23.96,21.2,82570,2,0,0,31.75
265773,53.72,55.0,54.1,56.0,0,0,23.98,21.22,83070,2,0,0,31.76
266279,53.74,55.0,54.1,56.0,0,0,24.07,21.22,83570,2,0,0,31.76
266785,53.74,55.0,54.1,56.0,0,0,24.07,21.22,84070,2,0,0,31.76
267291,53.74,55.0,54.1,56.0,0,0,24.07,21.22,84570,2,0,0,31.76
267797,53.72,55.0,54.1,56.0,0,0,24.42,21.22,85083,2,0,0,31.76
268303,53.72,55.0,54.1,56.0,0,0,24.42,21.22,85583,2,0,0,31.76
268809,53.7,55.0,54.1,56.0,0,0,24.16,21.2,86083,2,0,0,31.75
269315,53.7,55.0,54.1,56.0,0,0,24.16,21.2,86583,2,0,0,31.75
269821,53.79,55.0,54.1,56.0,0,0,24.42,21.25,87083,2,0,0,31.77
270328,53.79,55.0,54.1,56.0,0,0,24.42,21.25,87583,2,0,0,31.77
270835,53.74,55.0,54.1,56.0,0,0,24.51,21.21,88083,2,0,0,31.75
271341,53.74,55.0,54.1,56.0,0,0,24.51,21.21,88583,2,0,0,31.75
271847,53.74,55.0,54.1,56.0,0,0,24.51,21.21,89083,2,0,0,31.75
272353,53.74,55.0,54.1,56.0,0,0,24.51,21.21,89583,2,0,0,31.75
272859,53.8,55.0,54.1,56.0,0,0,24.44,21.24,90083,2,0,0,31.76
273365,53.76,55.0,54.1,56.0,0,0,24.49,21.24,90583,2,0,0,31.77
273871,53.76,55.0,54.1,56.0,0,0,24.49,21.24,91083,2,0,0,31.77
274377,53.79,55.0,54.1,56.0,0,0,24.51,21.24,91583,2,0,0,31.76
274883,53.79,55.0,54.1,56.0,0,0,24.51,21.24,92083,2,0,0,31.76
275389,53.79,55.0,54.1,56.0,0,0,24.51,21.24,92583,2,0,0,31.76
275895,53.81,55.0,54.1,56.0,0,0,24.81,21.24,93083,2,0,0,31.76
276401,53.81,55.0,54.1,56.0,0,0,24.81,21.24,93583,2,0,0,31.76
276907,53.81,55.0,54.1,56.0,0,0,24.81,21.24,94083,2,0,0,31.76
277413,53.81,55.0,54.1,56.0,0,0,24.81,21.24,94583,2,0,0,31.76
277919,53.81,55.0,54.1,56.0,0,0,24.86,21.24,95083,2,0,0,31.76
278425,53.81,55.0,54.1,56.0,0,0,24.86,21.24,95583,2,0,0,31.76
278931,53.81,55.0,54.1,56.0,0,0,24.86,21.24,96083,2,0,0,31.76
279437,53.81,55.0,54.1,56.0,0,0,24.62,21.26,96583,2,0,0,31.77
279943,53.84,55.0,54.1,56.0,0,0,24.7,21.26,97083,2,0,0,31.77
280449,53.87,55.0,54.1,56.0,0,0,24.88,21.26,97583,2,0,0,31.77
280955,53.87,55.0,54.1,56.0,0,0,24.88,21.27,98083,2,0,0,31.77
281461,53.87,55.0,54.1,56.0,0,0,24.88,21.27,98583,2,0,0,31.77
281967,53.87,55.0,54.1,56.0,0,0,25.43,21.27,99083,2,0,0,31.77
282473,53.87,55.0,54.1,56.0,0,0,25.43,21.27,99583,2,0,0,31.77
282979,53.89,55.0,54.1,56.0,0,0,25.08,21.27,100083,2,0,0,31.77
283485,53.88,55.0,54.1,56.0,0,0,25.61,21.28,100583,2,0,0,31.79
283991,53.9,55.0,54.1,56.0,0,0,25.01,21.29,101083,2,0,0,31.76
284497,53.9,55.0,54.1,56.0,0,0,25.01,21.27,101583,2,0,0,31.76
285003,53.89,55.0,54.1,56.0,0,0,25.19,21.28,102083,2,0,0,31.77
285509,53.92,55.0,54.1,56.0,0,0,25.32,21.28,102583,2,0,0,31.75
286015,53.92,55.0,54.1,56.0,0,0,25.32,21.27,103083,2,0,0,31.75
286521,53.89,55.0,54.1,56.0,0,0,25.1,21.27,103583,2,0,0,31.76
287027,53.89,55.0,54.1,56.0,0,0,25.1,21.27,104083,2,0,0,31.76
287533,53.89,55.0,54.1,56.0,0,0,25.1,21.27,104583,2,0,0,31.76
288039,53.97,55.0,54.1,56.0,0,0,25.3,21.27,105083,2,0,0,31.76
288545,53.94,55.0,54.1,56.0,0,0,25.25,21.29,105583,2,0,0,31.77
289051,53.94,55.0,54.1,56.0,0,0,25.25,21.29,106083,2,0,0,31.77
289557,53.97,55.0,54.1,56.0,0,0,25.3,21.29,106583,2,0,0,31.75
290063,54.0,55.0,54.1,56.0,0,0,25.41,21.28,107083,2,0,0,31.76
290569,54.0,55.0,54.1,56.0,0,0,25.41,21.3,107583,2,0,0,31.76
291075,54.0,55.0,54.1,56.0,0,0,25.52,21.3,108083,2,0,0,31.77
291581,54.0,55.0,54.1,56.0,0,0,25.52,21.31,108583,2,0,0,31.77
292088,54.0,55.0,54.1,56.0,0,0,25.52,21.31,109083,2,0,0,31.77
292595,53.99,55.0,54.1,56.0,0,0,25.28,21.31,109583,2,0,0,31.77
293101,54.01,55.0,54.1,56.0,0,0,25.5,21.31,110083,2,0,0,31.77
293607,54.01,55.0,54.1,56.0,0,0,25.5,21.32,110583,2,0,0,31.77
294113,54.01,55.0,54.1,56.0,0,0,25.52,21.29,111088,2,0,0,31.75
294619,54.03,55.0,54.1,56.0,0,0,25.56,21.29,111588,2,0,0,31.77
295125,54.07,55.0,54.1,56.0,0,0,25.47,21.32,112088,2,0,0,31.76
295631,54.07,55.0,54.1,56.0,0,0,25.47,21.32,112588,2,0,0,31.76
296152,54.05,55.0,54.1,56.0,0,0,25.32,21.32,113088,2,0,0,31.79
296659,54.05,55.0,54.1,56.0,0,0,25.32,21.34,113588,2,0,0,31.79
297165,54.05,55.0,54.1,56.0,0,0,25.32,21.34,114088,2,0,0,31.79
297671,54.05,55.0,54.1,56.0,0,0,25.5,21.34,114588,2,0,0,31.77
298177,54.1,55.0,54.1,56.0,0,0,25.92,21.33,115088,2,0,0,31.77
298683,54.1,55.0,54.1,56.0,1,0,25.92,21.34,500,2,0,0,31.77
299189,54.1,55.0,54.1,56.0,1,0,25.7,21.34,1000,2,0,0,31.77
299695,54.14,55.0,54.1,56.0,1,0,25.74,21.34,1500,2,0,0,31.76
300201,54.14,55.0,54.1,56.0,1,0,25.74,21.34,2000,2,0,0,31.76
300707,54.09,55.0,54.1,56.0,1,0,25.72,21.36,2500,2,0,0,31.79
301213,54.09,55.0,54.1,56.0,1,0,25.72,21.36,3000,2,0,0,31.79
301719,54.17,55.0,54.1,56.0,1,0,25.76,21.38,3500,2,0,0,31.79
302225,54.17,55.0,54.1,56.0,1,0,25.76,21.38,4000,2,0,0,31.79
302731,54.17,55.0,54.1,56.0,1,0,25.76,21.38,4500,2,0,0,31.79
303237,54.23,55.0,54.1,56.0,1,0,25.67,21.4,5000,2,0,0,31.79
303743,54.17,55.0,54.1,56.0,1,0,25.65,21.35,5500,2,0,0,31.76
304249,54.17,55.0,54.1,56.0,1,0,25.65,21.35,6000,2,0,0,31.76
304755,54.17,55.0,54.1,56.0,1,0,25.65,21.35,6500,2,0,0,31.76
305261,54.21,55.0,54.1,56.0,1,0,25.43,21.36,7000,2,0,0,31.76
305767,54.29,55.0,54.1,56.0,1,0,25.23,21.39,7500,2,0,0,31.76
306273,54.22,55.0,54.1,56.0,1,0,25.39,21.41,8000,2,0,0,31.8
306779,54.22,55.0,54.1,56.0,1,0,25.39,21.41,8500,2,0,0,31.8
307285,54.28,55.0,54.1,56.0,1,0,25.17,21.41,9000,2,0,0,31.79
307801,54.29,55.0,54.1,56.0,1,0,25.1,21.41,9500,2,0,0,31.77
308308,54.29,55.0,54.1,56.0,1,0,25.1,21.4,10000,2,0,0,31.77
308814,54.3,55.0,54.1,56.0,1,0,24.97,21.4,10500,2,0,0,31.77
309320,54.3,55.0,54.1,56.0,1,0,24.97,21.4,11000,2,0,0,31.77
309826,54.33,55.0,54.1,56.0,1,0,24.79,21.41,11501,2,0,0,31.77
310332,54.33,55.0,54.1,56.0,1,0,24.79,21.41,12001,2,0,0,31.77
310838,54.33,55.0,54.1,56.0,1,0,24.79,21.41,12501,2,0,0,31.77
311345,54.38,55.0,54.1,56.0,1,0,24.62,21.41,13001,2,0,0,31.77
311852,54.38,55.0,54.1,56.0,1,0,24.62,21.43,13501,2,0,0,31.77
312358,54.38,55.0,54.1,56.0,1,0,24.62,21.43,14001,2,0,0,31.77
312864,54.42,55.0,54.1,56.0,1,0,24.29,21.44,14501,2,0,0,31.77
313370,54.38,55.0,54.1,56.0,1,0,24.27,21.44,15001,2,0,0,31.77
313876,54.38,55.0,54.1,56.0,1,0,24.27,21.43,15501,2,0,0,31.77
314382,54.44,55.0,54.1,56.0,1,0,24.18,21.47,16001,2,0,0,31.8
314888,54.45,55.0,54.1,56.0,1,0,24.16,21.45,16501,2,0,0,31.77
315394,54.45,55.0,54.1,56.0,1,0,24.16,21.45,17001,2,0,0,31.77
315900,54.45,55.0,54.1,56.0,1,0,24.16,21.45,17501,2,0,0,31.77
316406,54.46,55.0,54.1,56.0,1,0,24.0,21.45,18001,2,0,0,31.77
316912,54.46,55.0,54.1,56.0,1,0,24.0,21.45,18501,2,0,0,31.77
317418,54.5,55.0,54.1,56.0,1,0,23.48,21.48,19001,2,0,0,31.79
317924,54.5,55.0,54.1,56.0,1,0,23.48,21.48,19501,2,0,0,31.79
318435,54.54,55.0,54.1,56.0,1,0,23.55,21.48,20001,2,0,0,31.79
318942,54.54,55.0,54.1,56.0,1,0,23.55,21.49,20501,2,0,0,31.79
319448,54.54,55.0,54.1,56.0,1,0,23.55,21.49,21001,2,0,0,31.79
319954,54.57,55.0,54.1,56.0,1,0,23.24,21.49,21501,2,0,0,31.76
320460,54.57,55.0,54.1,56.0,1,0,23.24,21.47,22001,2,0,0,31.76
320966,54.57,55.0,54.1,56.0,1,0,23.24,21.47,22504,2,0,0,31.76
321472,54.63,55.0,54.1,56.0,1,0,23.09,21.52,23005,2,0,0,31.79
321978,54.65,55.0,54.1,56.0,1,0,22.96,21.52,23505,2,0,0,31.77
322484,54.65,55.0,54.1,56.0,1,0,22.96,21.51,24005,2,0,0,31.77
322990,54.65,55.0,54.1,56.0,1,0,22.96,21.51,24505,2,0,0,31.77
323496,54.7,55.0,54.1,56.0,1,0,22.7,21.53,25005,2,0,0,31.77
324002,54.73,55.0,54.1,56.0,1,0,22.65,21.53,25505,2,0,0,31.79
324508,54.75,55.0,54.1,56.0,1,0,22.44,21.55,26005,2,0,0,31.8
325014,54.75,55.0,54.1,56.0,1,0,22.44,21.56,26505,2,0,0,31.8
325520,54.77,55.0,54.1,56.0,1,0,22.31,21.56,27005,2,0,0,31.79
326026,54.77,55.0,54.1,56.0,1,0,22.31,21.56,27505,2,0,0,31.79
326532,54.77,55.0,54.1,56.0,1,0,22.31,21.56,28005,2,0,0,31.79
327038,54.77,55.0,54.1,56.0,1,0,22.31,21.56,28505,2,0,0,31.77
327544,54.77,55.0,54.1,56.0,1,0,22.31,21.54,29005,2,0,0,31.77
328050,54.86,55.0,54.1,56.0,1,0,21.9,21.57,29505,2,0,0,31.77
328556,54.84,55.0,54.1,56.0,1,0,21.96,21.57,30016,2,0,0,31.77
329062,54.89,55.0,54.1,56.0,1,0,21.79,21.57,30516,2,0,0,31.77
329568,54.89,55.0,54.1,56.0,1,0,21.79,21.58,31016,2,0,0,31.77
330075,54.94,55.0,54.1,56.0,1,0,21.68,21.58,31516,2,0,0,31.79
330582,54.94,55.0,54.1,56.0,1,0,21.68,21.61,32016,2,0,0,31.79
331088,54.98,55.0,54.1,56.0,1,0,21.74,21.61,32516,2,0,0,31.79
331594,54.98,55.0,54.1,56.0,1,0,21.74,21.62,33016,2,0,0,31.79
332100,55.03,55.0,54.1,56.0,1,0,21.61,21.62,33516,2,0,0,31.79
332606,55.03,55.0,54.1,56.0,1,0,21.61,21.64,34016,2,0,0,31.79
333112,55.03,55.0,54.1,56.0,1,0,21.61,21.64,34516,2,0,0,31.79
333618,55.12,55.0,54.1,56.0,1,0,20.99,21.64,35016,2,0,0,31.77
334124,55.12,55.0,54.1,56.0,1,0,20.99,21.65,35516,2,0,0,31.77
334630,55.12,55.0,54.1,56.0,1,0,20.99,21.65,36016,2,0,0,31.77
335136,55.19,55.0,54.1,56.0,1,0,21.48,21.65,36516,2,0,0,31.77
335642,55.19,55.0,54.1,56.0,1,0,21.48,21.67,37016,2,0,0,31.77
336148,55.19,55.0,54.1,56.0,1,0,21.48,21.67,37516,2,0,0,31.77
336654,55.19,55.0,54.1,56.0,1,0,21.48,21.67,38016,2,0,0,31.77
337160,55.33,55.0,54.1,56.0,1,0,20.56,21.67,38516,2,0,0,31.8
337666,55.33,55.0,54.1,56.0,1,0,20.56,21.74,39016,2,0,0,31.8
338172,55.33,55.0,54.1,56.0,1,0,20.56,21.74,39516,2,0,0,31.8
338678,55.41,55.0,54.1,56.0,1,0,20.56,21.74,40016,2,0,0,31.79
339184,55.46,55.0,54.1,56.0,1,0,21.1,21.75,40516,2,0,0,31.77
339690,55.47,55.0,54.1,56.0,1,0,19.72,21.75,41016,2,0,0,31.77
340207,55.51,55.0,54.1,56.0,0,0,20.23,21.79,508,2,1,0,31.8
340714,55.51,55.0,54.1,56.0,0,0,20.23,21.79,1008,2,1,0,31.8
341220,55.57,55.0,54.1,56.0,0,0,20.06,21.8,1508,2,1,0,31.79
341726,55.57,55.0,54.1,56.0,0,0,20.21,21.77,2008,2,1,0,31.76
342232,55.57,55.0,54.1,56.0,0,0,20.21,21.77,2508,2,1,0,31.76
342738,55.59,55.0,54.1,56.0,0,0,20.02,21.83,3008,2,1,0,31.82
343244,55.63,55.0,54.1,56.0,0,0,20.0,21.8,3508,2,1,0,31.77
343750,55.67,55.0,54.1,56.0,0,0,20.02,21.83,4008,2,1,0,31.79
344256,55.67,55.0,54.1,56.0,0,0,19.84,21.83,4508,2,1,0,31.79
344762,55.67,55.0,54.1,56.0,0,0,19.84,21.83,5008,2,1,0,31.79
345268,55.72,55.0,54.1,56.0,0,0,20.1,21.84,5508,2,1,0,31.79
345774,55.72,55.0,54.1,56.0,0,0,19.93,21.84,6008,2,1,0,31.79
346280,55.77,55.0,54.1,56.0,0,0,20.04,21.86,6508,2,1,0,31.79
346786,55.77,55.0,54.1,56.0,0,0,20.04,21.86,7008,2,1,0,31.79
347292,55.77,55.0,54.1,56.0,0,0,20.04,21.86,7508,2,1,0,31.79
347798,55.81,55.0,54.1,56.0,0,0,19.91,21.87,8008,2,1,0,31.79
348304,55.81,55.0,54.1,56.0,0,0,19.91,21.87,8508,2,1,0,31.79
348810,55.86,55.0,54.1,56.0,0,0,19.82,21.87,9008,2,1,0,31.77
349316,55.86,55.0,54.1,56.0,0,0,19.82,21.87,9508,2,1,0,31.77
349822,55.87,55.0,54.1,56.0,0,0,20.02,21.87,10008,2,1,0,31.77
350328,55.87,55.0,54.1,56.0,0,0,20.02,21.87,10508,2,1,0,31.77
350834,55.87,55.0,54.1,56.0,0,0,20.25,21.87,11008,2,1,0,31.77
351340,55.87,55.0,54.1,56.0,0,0,20.25,21.87,11508,2,1,0,31.77
351846,55.92,55.0,54.1,56.0,0,0,20.04,21.9,12008,2,1,0,31.79
352352,55.92,55.0,54.1,56.0,0,0,20.15,21.9,12508,2,1,0,31.77
352858,55.92,55.0,54.1,56.0,0,0,20.15,21.88,13008,2,1,0,31.77
353364,55.95,55.0,54.1,56.0,0,0,20.23,21.91,13508,2,1,0,31.79
353870,55.95,55.0,54.1,56.0,0,0,20.23,21.91,14008,2,1,0,31.79
354376,55.91,55.0,54.1,56.0,0,0,20.23,21.9,14508,2,1,0,31.79
354882,55.95,55.0,54.1,56.0,0,0,20.36,21.9,15008,2,1,0,31.79
355388,55.95,55.0,54.1,56.0,0,0,20.36,21.91,15508,2,1,0,31.79
355894,55.93,55.0,54.1,56.0,0,0,20.69,21.89,16008,2,0,0,31.77
356400,55.92,55.0,54.1,56.0,0,0,20.64,21.9,16508,2,0,0,31.79
356906,55.95,55.0,54.1,56.0,0,0,20.47,21.9,17008,2,0,0,31.77
357412,55.95,55.0,54.1,56.0,0,0,20.47,21.89,17508,2,0,0,31.77
357918,55.95,55.0,54.1,56.0,0,0,20.69,21.91,18008,2,0,0,31.79
358431,55.92,55.0,54.1,56.0,0,0,20.66,21.91,18508,2,0,0,31.77
358938,55.92,55.0,54.1,56.0,0,0,20.66,21.88,19008,2,0,0,31.77
359444,55.92,55.0,54.1,56.0,0,0,20.66,21.88,19508,2,0,0,31.77
359950,55.92,55.0,54.1,56.0,1,0,20.66,21.88,0,2,0,0,31.77
360456,55.92,55.0,54.1,56.0,1,0,20.3,21.88,500,2,0,0,31.77
360962,55.92,55.0,54.1,56.0,1,0,20.3,21.88,1000,2,1,0,31.77
361468,55.88,55.0,54.1,56.0,1,0,20.92,21.88,1500,2,1,0,31.77
361974,55.88,55.0,54.1,56.0,1,0,21.2,21.87,2000,2,0,0,31.77
362480,55.87,55.0,54.1,56.0,1,0,21.01,21.87,2500,2,0,0,31.79
362987,55.87,55.0,54.1,56.0,1,0,21.01,21.89,3000,2,0,0,31.79
363493,55.89,55.0,54.1,56.0,1,0,20.79,21.88,3500,2,0,0,31.77
363999,55.89,55.0,54.1,56.0,1,0,20.79,21.88,4000,2,0,0,31.77
364505,55.84,55.0,54.1,56.0,1,0,21.01,21.88,4500,2,0,0,31.77
365011,55.84,55.0,54.1,56.0,1,0,21.01,21.86,5000,2,0,0,31.77
365517,55.83,55.0,54.1,56.0,1,0,21.07,21.85,5500,2,0,0,31.76
366024,55.83,55.0,54.1,56.0,1,0,21.07,21.85,6000,2,0,0,31.76
366531,55.83,55.0,54.1,56.0,1,0,21.03,21.85,6500,2,0,0,31.77
367037,55.85,55.0,54.1,56.0,1,0,20.94,21.86,7000,2,0,0,31.8
367543,55.85,55.0,54.1,56.0,1,0,20.94,21.89,7500,2,0,0,31.8
368049,55.8,55.0,54.1,56.0,1,0,20.92,21.84,8009,2,0,0,31.76
368555,55.82,55.0,54.1,56.0,1,0,20.19,21.84,8509,2,0,0,31.79
369061,55.82,55.0,54.1,56.0,1,0,20.19,21.87,9009,2,1,0,31.79
369567,55.82,55.0,54.1,56.0,1,0,20.19,21.87,9509,2,1,0,31.79
370073,55.79,55.0,54.1,56.0,1,0,20.73,21.85,10009,2,0,0,31.77
370579,55.77,55.0,54.1,56.0,1,0,20.75,21.85,10509,2,0,0,31.77
371085,55.77,55.0,54.1,56.0,1,0,20.75,21.84,11009,2,0,0,31.77
371591,55.77,55.0,54.1,56.0,1,0,20.62,21.84,11509,2,0,0,31.79
372097,55.77,55.0,54.1,56.0,1,0,20.51,21.86,12009,2,0,0,31.77
372603,55.77,55.0,54.1,56.0,1,0,20.51,21.84,12509,2,0,0,31.77
373109,55.77,55.0,54.1,56.0,1,0,20.49,21.84,13009,2,0,0,31.77
373615,55.81,55.0,54.1,56.0,1,0,20.36,21.84,13509,2,0,0,31.79
374121,55.75,55.0,54.1,56.0,1,0,20.32,21.87,14009,2,1,0,31.79
374627,55.75,55.0,54.1,56.0,1,0,20.32,21.85,14509,2,1,0,31.79
375133,55.75,55.0,54.1,56.0,1,0,20.32,21.85,15009,2,1,0,31.79
375639,55.74,55.0,54.1,56.0,1,0,20.15,21.85,15509,2,1,0,31.77
376145,55.74,55.0,54.1,56.0,1,0,20.15,21.83,16009,2,1,0,31.77
376651,55.74,55.0,54.1,56.0,1,0,20.15,21.83,16509,2,1,0,31.77
377157,55.75,55.0,54.1,56.0,1,0,20.0,21.85,17019,2,1,0,31.79
377663,55.77,55.0,54.1,56.0,1,0,19.89,21.85,17519,2,1,0,31.77
378169,55.77,55.0,54.1,56.0,1,0,19.89,21.84,18019,2,1,0,31.77
378675,55.74,55.0,54.1,56.0,1,0,19.84,21.84,18519,2,1,0,31.75
379183,55.74,55.0,54.1,56.0,1,0,19.84,21.81,19019,2,1,0,31.75
379689,55.74,55.0,54.1,56.0,1,0,19.84,21.81,19519,2,1,0,31.75
380195,55.74,55.0,54.1,56.0,1,0,19.84,21.81,20019,2,1,0,31.75
380701,55.74,55.0,54.1,56.0,1,0,19.84,21.81,20519,2,1,0,31.75
381207,55.74,55.0,54.1,56.0,1,0,19.84,21.81,21022,2,1,0,31.75
381713,55.77,55.0,54.1,56.0,1,0,19.46,21.81,21522,2,1,0,31.77
382219,55.77,55.0,54.1,56.0,1,0,19.46,21.84,22022,2,1,0,31.77
382725,55.77,55.0,54.1,56.0,1,0,19.46,21.84,22522,2,1,0,31.77
383231,55.77,55.0,54.1,56.0,1,0,19.46,21.84,23524,2,1,0,31.77
383737,55.77,55.0,54.1,56.0,1,0,19.46,21.84,24024,2,1,0,31.77
384243,55.77,55.0,54.1,56.0,1,0,19.46,21.84,24524,2,1,0,31.77
384749,55.77,55.0,54.1,56.0,1,0,19.46,21.84,25024,2,1,0,31.77
385255,55.77,55.0,54.1,56.0,1,0,19.46,21.84,25524,2,1,0,31.77
385761,55.77,55.0,54.1,56.0,1,0,19.22,21.84,26024,2,1,0,31.77
386267,55.74,55.0,54.1,56.0,1,0,19.05,21.83,26524,2,1,0,31.77
386773,55.74,55.0,54.1,56.0,1,0,19.05,21.83,27024,2,1,0,31.77
387279,55.76,55.0,54.1,56.0,1,0,18.88,21.84,27524,2,1,0,31.77
387785,55.76,55.0,54.1,56.0,1,0,18.85,21.85,28024,2,1,0,31.79
388291,55.76,55.0,54.1,56.0,1,0,18.85,21.85,28524,2,1,0,31.79
388797,55.72,55.0,54.1,56.0,1,0,18.72,21.84,29024,2,1,0,31.79
389303,55.68,55.0,54.1,56.0,1,0,18.27,21.84,29524,2,1,0,31.76
389809,55.68,55.0,54.1,56.0,1,0,18.27,21.8,30024,2,1,0,31.76
390315,55.72,55.0,54.1,56.0,1,0,18.6,21.84,30524,2,1,0,31.79
390821,55.67,55.0,54.1,56.0,1,0,18.38,21.84,31024,2,1,0,31.77
391327,55.67,55.0,54.1,56.0,1,0,18.38,21.81,31524,2,1,0,31.77
391833,55.67,55.0,54.1,56.0,1,0,18.38,21.81,32025,2,1,0,31.77
392339,55.66,55.0,54.1,56.0,1,0,18.12,21.82,32526,2,1,0,31.79
392845,55.68,55.0,54.1,56.0,1,0,18.49,21.83,33027,2,1,0,31.79
393351,55.63,55.0,54.1,56.0,1,0,18.25,21.8,33529,2,1,0,31.77
393857,55.63,55.0,54.1,56.0,1,0,18.25,21.8,34029,2,1,0,31.77
394363,55.64,55.0,54.1,56.0,1,0,18.08,21.82,34529,2,1,0,31.79
394869,55.63,55.0,54.1,56.0,1,0,17.99,21.8,35029,2,1,0,31.77
395375,55.6,55.0,54.1,56.0,1,0,17.99,21.8,35529,2,1,0,31.77
395881,55.6,55.0,54.1,56.0,1,0,17.99,21.79,36029,2,1,0,31.77
396387,55.58,55.0,54.1,56.0,1,0,17.73,21.79,36529,2,1,0,31.77
396893,55.53,55.0,54.1,56.0,1,0,18.06,21.79,37029,2,1,0,31.77
397399,55.53,55.0,54.1,56.0,1,0,18.06,21.77,37529,2,1,0,31.77
397905,55.52,55.0,54.1,56.0,1,0,17.8,21.78,38029,2,1,0,31.79
398411,55.49,55.0,54.1,56.0,1,0,17.56,21.78,38529,2,1,0,31.79
398917,55.48,55.0,54.1,56.0,1,0,17.65,21.77,39029,2,1,0,31.79
399423,55.48,55.0,54.1,56.0,1,0,17.65,21.77,39529,2,1,0,31.79
399929,55.48,55.0,54.1,56.0,0,0,17.65,21.77,0,2,1,0,31.79
400435,55.41,55.0,54.1,56.0,0,0,17.32,21.73,500,2,1,0,31.77
400941,55.39,55.0,54.1,56.0,0,0,17.26,21.7,1000,2,1,0,31.75
401447,55.39,55.0,54.1,56.0,0,0,17.26,21.7,1500,2,1,0,31.75
401953,55.38,55.0,54.1,56.0,0,0,17.35,21.73,2000,2,1,0,31.77
402459,55.35,55.0,54.1,56.0,0,0,17.32,21.72,2500,2,1,0,31.77
402965,55.34,55.0,54.1,56.0,0,0,17.37,21.7,3009,2,1,0,31.76
403471,55.34,55.0,54.1,56.0,0,0,17.37,21.7,3509,2,1,0,31.76
403977,55.34,55.0,54.1,56.0,0,0,17.37,21.7,4009,2,1,0,31.76
404483,55.24,55.0,54.1,56.0,0,0,17.3,21.7,4509,2,1,0,31.77
404990,55.24,55.0,54.1,56.0,0,0,17.3,21.68,5009,2,1,0,31.77
405497,55.23,55.0,54.1,56.0,0,0,17.41,21.68,5509,2,1,0,31.77
406003,55.23,55.0,54.1,56.0,0,0,17.41,21.68,6009,2,1,0,31.77
406509,55.14,55.0,54.1,56.0,0,0,17.35,21.66,6509,2,1,0,31.77
407015,55.14,55.0,54.1,56.0,0,0,17.35,21.66,7009,2,1,0,31.77
407521,55.09,55.0,54.1,56.0,0,0,17.5,21.64,7509,2,1,0,31.77
408027,55.09,55.0,54.1,56.0,0,0,17.5,21.64,8009,2,1,0,31.77
408533,54.98,55.0,54.1,56.0,0,0,17.67,21.61,8509,2,1,0,31.77
409039,54.98,55.0,54.1,56.0,0,0,17.67,21.61,9009,2,1,0,31.77
409545,54.98,55.0,54.1,56.0,0,0,17.67,21.61,9509,2,1,0,31.77
410051,54.92,55.0,54.1,56.0,0,0,17.54,21.61,10009,2,1,0,31.76
410557,54.91,55.0,54.1,56.0,0,0,17.58,21.58,10509,2,1,0,31.75
411063,54.91,55.0,54.1,56.0,0,0,17.58,21.56,11009,2,1,0,31.75
411569,54.86,55.0,54.1,56.0,0,0,17.67,21.56,11509,2,1,0,31.76
412075,54.83,55.0,54.1,56.0,0,0,17.86,21.56,12009,2,1,0,31.77
412581,54.84,55.0,54.1,56.0,0,0,17.91,21.56,12509,2,1,0,31.75
413093,54.76,55.0,54.1,56.0,0,0,18.08,21.54,13009,2,1,0,31.76
413600,54.76,55.0,54.1,56.0,0,0,18.08,21.53,13509,2,1,0,31.76
414106,54.76,55.0,54.1,56.0,0,0,18.08,21.53,14009,2,1,0,31.76
414612,54.72,55.0,54.1,56.0,0,0,17.93,21.53,14509,2,1,0,31.77
415118,54.59,55.0,54.1,56.0,0,0,18.08,21.53,15009,2,1,0,31.76
415624,54.59,55.0,54.1,56.0,0,0,18.08,21.48,15509,2,1,0,31.76
416130,54.59,55.0,54.1,56.0,0,0,18.01,21.48,16009,2,1,0,31.77
416636,54.56,55.0,54.1,56.0,0,0,18.34,21.49,16509,2,1,0,31.76
417142,54.56,55.0,54.1,56.0,0,0,18.34,21.47,17009,2,1,0,31.76
417648,54.5,55.0,54.1,56.0,0,0,18.49,21.46,17512,2,1,0,31.77
418154,54.44,55.0,54.1,56.0,0,0,18.44,21.46,18012,2,1,0,31.77
418660,54.43,55.0,54.1,56.0,0,0,17.78,21.45,18512,2,1,0,31.77
419166,54.43,55.0,54.1,56.0,0,0,17.78,21.44,19012,2,1,0,31.77
419672,54.43,55.0,54.1,56.0,0,0,17.78,21.44,19512,2,1,0,31.77
420178,54.43,55.0,54.1,56.0,1,0,17.78,21.44,0,2,1,0,31.77
420684,54.43,55.0,54.1,56.0,1,0,17.78,21.44,500,2,1,0,31.77
421190,54.3,55.0,54.1,56.0,1,0,18.75,21.44,1000,2,1,0,31.76
421696,54.3,55.0,54.1,56.0,1,0,18.75,21.39,1500,2,1,0,31.76
422202,54.29,55.0,54.1,56.0,1,0,19.07,21.39,2000,2,1,0,31.76
422708,54.29,55.0,54.1,56.0,1,0,19.07,21.39,2500,2,1,0,31.76
423214,54.29,55.0,54.1,56.0,1,0,19.07,21.39,3000,2,1,0,31.76
423721,54.18,55.0,54.1,56.0,1,0,18.94,21.39,3500,2,1,0,31.77
424228,54.18,55.0,54.1,56.0,1,0,18.94,21.37,4000,2,1,0,31.77
424734,54.12,55.0,54.1,56.0,1,0,18.88,21.37,4500,2,1,0,31.75
425240,54.12,55.0,54.1,56.0,1,0,18.88,21.33,5000,2,1,0,31.75
425746,54.07,55.0,54.1,56.0,1,0,19.0,21.33,5500,2,1,0,31.75
426252,54.09,55.0,54.1,56.0,1,0,19.03,21.34,6504,2,1,0,31.77
426758,54.09,55.0,54.1,56.0,1,0,19.03,21.34,7004,2,1,0,31.77
427264,54.03,55.0,54.1,56.0,1,0,18.79,21.32,7504,2,1,0,31.77
427770,54.03,55.0,54.1,56.0,1,0,18.79,21.32,8004,2,1,0,31.77
428276,53.96,55.0,54.1,56.0,1,0,18.92,21.29,8504,2,1,0,31.76
428782,53.97,55.0,54.1,56.0,1,0,18.62,21.28,9015,2,1,0,31.75
429288,53.97,55.0,54.1,56.0,1,0,18.62,21.28,9515,2,1,0,31.75
429794,53.97,55.0,54.1,56.0,1,0,18.94,21.31,10015,2,1,0,31.77
430300,53.93,55.0,54.1,56.0,1,0,18.72,21.29,10515,2,1,0,31.77
430806,53.89,55.0,54.1,56.0,1,0,18.83,21.28,11015,2,1,0,31.77
431312,53.87,55.0,54.1,56.0,1,0,18.77,21.27,11515,2,1,0,31.77
431818,53.87,55.0,54.1,56.0,1,0,18.77,21.27,12015,2,1,0,31.77
432324,53.87,55.0,54.1,56.0,1,0,19.0,21.27,12515,2,1,0,31.77
432830,53.87,55.0,54.1,56.0,1,0,19.0,21.27,13015,2,1,0,31.77
433336,53.8,55.0,54.1,56.0,1,0,18.72,21.25,13515,2,1,0,31.77
433842,53.86,55.0,54.1,56.0,1,0,18.62,21.26,14015,2,1,0,31.76
434348,53.82,55.0,54.1,56.0,1,0,18.57,21.25,14515,2,1,0,31.76
434854,53.82,55.0,54.1,56.0,1,0,18.25,21.25,15015,2,1,0,31.76
435360,53.82,55.0,54.1,56.0,1,0,18.25,21.25,15515,2,1,0,31.76
435866,53.78,55.0,54.1,56.0,1,0,18.27,21.25,16015,2,1,0,31.77
436372,53.79,55.0,54.1,56.0,1,0,18.81,21.24,16515,2,1,0,31.76
436878,53.79,55.0,54.1,56.0,1,0,18.81,21.24,17015,2,1,0,31.76
437384,53.79,55.0,54.1,56.0,1,0,18.19,21.24,17515,2,1,0,31.76
437890,53.79,55.0,54.1,56.0,1,0,18.19,21.24,18015,2,1,0,31.76
438396,53.79,55.0,54.1,56.0,1,0,18.19,21.24,18516,2,1,0,31.76
438902,53.75,55.0,54.1,56.0,1,0,18.57,21.24,19018,2,1,0,31.77
439408,53.65,55.0,54.1,56.0,1,0,18.06,21.21,19519,2,1,0,31.77
439914,53.71,55.0,54.1,56.0,1,0,18.14,21.23,20020,2,1,0,31.77
440420,53.72,55.0,54.1,56.0,1,0,17.84,21.23,20520,2,1,0,31.79
440926,53.72,55.0,54.1,56.0,1,0,17.84,21.24,21020,2,1,0,31.79
441442,53.67,55.0,54.1,56.0,1,0,17.71,21.24,21520,2,1,0,31.77
441949,53.67,55.0,54.1,56.0,1,0,17.71,21.21,22020,2,1,0,31.77
442455,53.7,55.0,54.1,56.0,1,0,17.67,21.22,22520,2,1,0,31.77
442961,53.66,55.0,54.1,56.0,1,0,17.56,21.21,23020,2,1,0,31.77
443467,53.65,55.0,54.1,56.0,1,0,17.65,21.21,23520,2,1,0,31.77
443973,53.65,55.0,54.1,56.0,1,0,17.65,21.21,24020,2,1,0,31.77
444479,53.65,55.0,54.1,56.0,1,0,17.65,21.21,24520,2,1,0,31.77
444985,53.61,55.0,54.1,56.0,1,0,17.11,21.18,25020,2,1,0,31.76
445491,53.6,55.0,54.1,56.0,1,0,17.73,21.21,25520,2,1,0,31.79
445997,53.53,55.0,54.1,56.0,1,0,17.15,21.21,26020,2,1,0,31.76
446503,53.53,55.0,54.1,56.0,1,0,17.15,21.16,26520,2,1,0,31.76
447009,53.53,55.0,54.1,56.0,1,0,17.15,21.16,27020,2,1,0,31.76
447515,53.61,55.0,54.1,56.0,1,0,17.28,21.2,27520,2,1,0,31.77
448021,53.56,55.0,54.1,56.0,1,0,17.22,21.2,28020,2,1,0,31.76
448527,53.56,55.0,54.1,56.0,1,0,17.22,21.17,28520,2,1,0,31.76
449033,53.55,55.0,54.1,56.0,1,0,17.09,21.18,29020,2,1,0,31.77
449539,53.52,55.0,54.1,56.0,1,0,17.15,21.16,29520,2,1,0,31.76
450045,53.51,55.0,54.1,56.0,1,0,17.07,21.15,30022,2,1,0,31.76
450551,53.46,55.0,54.1,56.0,1,0,16.92,21.15,30522,2,1,0,31.76
451057,53.46,55.0,54.1,56.0,1,0,16.92,21.14,31022,2,1,0,31.76
451563,53.46,55.0,54.1,56.0,1,0,16.92,21.14,31522,2,1,0,31.76
452069,53.42,55.0,54.1,56.0,1,0,16.94,21.14,32022,2,1,0,31.77
452575,53.42,55.0,54.1,56.0,1,0,16.94,21.14,32522,2,1,0,31.77
453081,53.4,55.0,54.1,56.0,1,0,16.81,21.14,33022,2,1,0,31.76
453587,53.4,55.0,54.1,56.0,1,0,16.81,21.12,33522,2,1,0,31.76
454093,53.39,55.0,54.1,56.0,1,0,16.68,21.13,34022,2,1,0,31.77
454599,53.39,55.0,54.1,56.0,1,0,16.68,21.13,34522,2,1,0,31.77
455105,53.39,55.0,54.1,56.0,1,0,16.68,21.13,35022,2,1,0,31.77
455611,53.3,55.0,54.1,56.0,1,0,16.51,21.1,35528,2,1,0,31.77
456117,53.3,55.0,54.1,56.0,1,0,16.51,21.1,36028,2,1,0,31.77
456623,53.25,55.0,54.1,56.0,1,0,16.61,21.09,36528,2,1,0,31.77
457129,53.23,55.0,54.1,56.0,1,0,16.46,21.09,37028,2,1,0,31.75
457635,53.2,55.0,54.1,56.0,1,0,16.42,21.06,37528,2,1,0,31.77
458151,53.14,55.0,54.1,56.0,1,0,16.2,21.07,38028,2,1,0,31.75
458658,53.14,55.0,54.1,56.0,1,0,16.2,21.03,38528,2,1,0,31.75
459164,53.15,55.0,54.1,56.0,1,0,16.48,21.03,39028,2,1,0,31.76
459670,53.08,55.0,54.1,56.0,1,0,16.2,21.04,39528,2,1,0,31.76
460176,53.08,55.0,54.1,56.0,0,0,16.2,21.02,0,2,1,0,31.76
460682,53.02,55.0,54.1,56.0,0,0,16.35,21.02,500,2,1,0,31.79
461188,52.97,55.0,54.1,56.0,0,0,16.07,21.03,1000,2,1,0,31.76
461694,52.97,55.0,54.1,56.0,0,0,16.07,20.99,1500,2,1,0,31.76
462200,52.95,55.0,54.1,56.0,0,0,16.01,20.98,2000,2,1,0,31.76
462706,52.95,55.0,54.1,56.0,0,0,16.01,20.98,2500,2,1,0,31.76
463212,52.95,55.0,54.1,56.0,0,0,16.01,20.98,3000,2,1,0,31.76
463718,52.9,55.0,54.1,56.0,0,0,15.99,20.98,3501,2,1,0,31.76
464224,52.86,55.0,54.1,56.0,0,0,15.94,20.96,4002,2,1,0,31.75
464730,52.82,55.0,54.1,56.0,0,0,15.47,20.94,4504,2,1,0,31.77
465236,52.76,55.0,54.1,56.0,0,0,15.97,20.95,5005,2,1,0,31.75
465742,52.76,55.0,54.1,56.0,0,0,15.97,20.91,5506,2,1,0,31.75
466248,52.72,55.0,54.1,56.0,0,0,15.99,20.91,6006,2,1,0,31.75
466754,52.67,55.0,54.1,56.0,0,0,15.53,20.9,6506,2,1,0,31.77
467264,52.61,55.0,54.1,56.0,0,0,16.14,20.91,7006,2,1,0,31.76
467771,52.61,55.0,54.1,56.0,0,0,16.14,20.88,7506,2,1,0,31.76
468277,52.52,55.0,54.1,56.0,0,0,16.12,20.88,8006,2,1,0,31.75
468783,52.52,55.0,54.1,56.0,0,0,16.12,20.84,9007,2,1,0,31.75
469289,52.53,55.0,54.1,56.0,0,0,16.14,20.84,9507,2,1,0,31.75
469795,52.53,55.0,54.1,56.0,0,0,16.14,20.84,10007,2,1,0,31.75
470301,52.41,55.0,54.1,56.0,0,0,16.51,20.81,10507,2,1,0,31.76
470807,52.34,55.0,54.1,56.0,0,0,16.35,20.81,11007,2,1,0,31.77
471322,52.33,55.0,54.1,56.0,0,0,16.42,20.81,11507,2,1,0,31.76
471829,52.33,55.0,54.1,56.0,0,0,16.42,20.79,12007,2,1,0,31.76
472335,52.32,55.0,54.1,56.0,0,0,16.42,20.81,12507,2,1,0,31.79
472841,52.25,55.0,54.1,56.0,0,0,16.74,20.78,13007,2,1,0,31.77
473347,52.21,55.0,54.1,56.0,0,0,16.85,20.75,13507,2,1,0,31.76
473853,52.21,55.0,54.1,56.0,0,0,16.85,20.75,14007,2,1,0,31.76
474359,52.14,55.0,54.1,56.0,0,0,16.89,20.74,14507,2,1,0,31.77
474865,52.14,55.0,54.1,56.0,0,0,16.89,20.74,15007,2,1,0,31.77
475371,52.05,55.0,54.1,56.0,0,0,16.83,20.7,15507,2,1,0,31.76
475877,52.08,55.0,54.1,56.0,0,0,17.07,20.7,16007,2,1,0,31.75
476383,52.08,55.0,54.1,56.0,0,0,17.07,20.7,16507,2,1,0,31.75
476889,52.0,55.0,54.1,56.0,0,0,17.04,20.68,17007,2,1,0,31.75
477395,51.92,55.0,54.1,56.0,0,0,17.22,20.68,17507,2,1,0,31.76
477901,51.92,55.0,54.1,56.0,0,0,17.22,20.66,18007,2,1,0,31.76
478407,51.93,55.0,54.1,56.0,0,0,17.26,20.68,18507,2,1,0,31.77
478913,51.87,55.0,54.1,56.0,0,0,17.17,20.65,19007,2,1,0,31.76
479419,51.87,55.0,54.1,56.0,0,0,17.17,20.65,19507,2,1,0,31.76
479925,51.84,55.0,54.1,56.0,0,0,17.54,20.62,20007,2,1,0,31.75
480431,51.84,55.0,54.1,56.0,0,0,17.54,20.62,20507,2,1,0,31.75
480937,51.73,55.0,54.1,56.0,0,0,17.76,20.62,21007,2,1,0,31.76
481443,51.73,55.0,54.1,56.0,0,0,17.76,20.6,21507,2,1,0,31.76
481949,51.69,55.0,54.1,56.0,0,0,17.82,20.59,22007,2,1,0,31.76
482455,51.69,55.0,54.1,56.0,0,0,17.82,20.59,22507,2,1,0,31.76
482961,51.67,55.0,54.1,56.0,0,0,17.84,20.58,23007,2,1,0,31.76
483467,51.67,55.0,54.1,56.0,0,0,17.84,20.58,23507,2,1,0,31.76
483973,51.6,55.0,54.1,56.0,0,0,18.1,20.57,24009,2,1,0,31.77
484479,51.58,55.0,54.1,56.0,0,0,17.91,20.56,24509,2,1,0,31.76
484986,51.56,55.0,54.1,56.0,0,0,18.04,20.56,25009,2,1,0,31.77
485493,51.56,55.0,54.1,56.0,0,0,18.04,20.56,25511,2,1,0,31.77
485999,51.52,55.0,54.1,56.0,0,0,18.27,20.56,26011,2,1,0,31.75
486505,51.52,55.0,54.1,56.0,0,0,18.27,20.52,26511,2,1,0,31.75
487011,51.48,55.0,54.1,56.0,0,0,18.47,20.52,27011,2,1,0,31.77
487517,51.48,55.0,54.1,56.0,0,0,18.47,20.54,27511,2,1,0,31.77
488023,51.48,55.0,54.1,56.0,0,0,18.4,20.52,28011,2,1,0,31.76
488529,51.46,55.0,54.1,56.0,0,0,18.42,20.51,28511,2,1,0,31.75
489035,51.46,55.0,54.1,56.0,0,0,18.42,20.51,29011,2,1,0,31.75
489541,51.38,55.0,54.1,56.0,0,0,18.85,20.51,29511,2,1,0,31.76
490047,51.41,55.0,54.1,56.0,0,0,18.77,20.49,30011,2,1,0,31.76
490553,51.41,55.0,54.1,56.0,0,0,18.77,20.5,30511,2,1,0,31.76
491059,51.41,55.0,54.1,56.0,0,0,18.77,20.5,31011,2,1,0,31.76
491565,51.41,55.0,54.1,56.0,0,0,18.77,20.5,31511,2,1,0,31.76
492071,51.37,55.0,54.1,56.0,0,0,18.88,20.49,32011,2,1,0,31.76
492577,51.37,55.0,54.1,56.0,0,0,18.88,20.49,32511,2,1,0,31.76
493083,51.37,55.0,54.1,56.0,0,0,19.0,20.5,33011,2,0,0,31.77
493589,51.37,55.0,54.1,56.0,0,0,19.0,20.5,33511,2,0,0,31.77
494095,51.37,55.0,54.1,56.0,0,0,19.0,20.5,34011,2,0,0,31.77
494601,51.37,55.0,54.1,56.0,0,0,19.0,20.5,34511,2,0,0,31.77
495107,51.29,55.0,54.1,56.0,0,0,19.41,20.46,35011,2,0,0,31.76
495613,51.33,55.0,54.1,56.0,0,0,19.28,20.48,35511,2,0,0,31.76
496119,51.33,55.0,54.1,56.0,0,0,19.39,20.48,36011,2,0,0,31.76
496625,51.33,55.0,54.1,56.0,0,0,19.39,20.48,36511,2,0,0,31.76
497131,51.29,55.0,54.1,56.0,0,0,19.48,20.48,37011,2,0,0,31.75
497637,51.31,55.0,54.1,56.0,0,0,19.59,20.45,37511,2,0,0,31.75
498143,51.31,55.0,54.1,56.0,0,0,19.59,20.46,38011,2,0,0,31.75
498649,51.3,55.0,54.1,56.0,0,0,19.67,20.47,38511,2,0,0,31.76
499155,51.27,55.0,54.1,56.0,0,0,19.67,20.47,39011,2,0,0,31.79
499661,51.27,55.0,54.1,56.0,0,0,19.67,20.48,39511,2,0,0,31.79
500167,51.3,55.0,54.1,56.0,0,0,19.76,20.47,40011,2,0,0,31.76
500673,51.3,55.0,54.1,56.0,0,0,19.76,20.47,40511,2,0,0,31.76
501179,51.3,55.0,54.1,56.0,0,0,19.76,20.47,41011,2,0,0,31.76
501685,51.3,55.0,54.1,56.0,0,0,19.76,20.47,41511,2,0,0,31.76
502191,51.32,55.0,54.1,56.0,0,0,19.61,20.47,42011,2,0,0,31.77
502697,51.32,55.0,54.1,56.0,0,0,20.36,20.48,42511,2,0,0,31.76
503203,51.32,55.0,54.1,56.0,0,0,20.36,20.47,43011,2,0,0,31.76
503709,51.32,55.0,54.1,56.0,0,0,20.36,20.47,43511,2,0,0,31.76
504215,51.27,55.0,54.1,56.0,0,0,20.34,20.47,44011,2,0,0,31.76
504721,51.27,55.0,54.1,56.0,0,0,20.34,20.46,44511,2,0,0,31.76
505227,51.34,55.0,54.1,56.0,0,0,20.25,20.46,45011,2,0,0,31.76
505733,51.34,55.0,54.1,56.0,0,0,20.25,20.48,45511,2,0,0,31.76
506239,51.34,55.0,54.1,56.0,0,0,20.25,20.48,46011,2,0,0,31.76
506745,51.3,55.0,54.1,56.0,0,0,20.69,20.48,46511,2,0,0,31.77
507251,51.3,55.0,54.1,56.0,0,0,20.69,20.48,47011,2,0,0,31.77
507757,51.3,55.0,54.1,56.0,0,0,20.69,20.48,47511,2,0,0,31.77
508263,51.33,55.0,54.1,56.0,0,0,21.01,20.48,48011,2,0,0,31.77
508769,51.38,55.0,54.1,56.0,0,0,20.58,20.49,48511,2,0,0,31.73
509275,51.38,55.0,54.1,56.0,0,0,20.58,20.47,49011,2,0,0,31.73
509781,51.33,55.0,54.1,56.0,0,0,20.84,20.47,49511,2,0,0,31.76
510287,51.38,55.0,54.1,56.0,0,0,20.77,20.49,50511,2,0,0,31.76
510793,51.38,55.0,54.1,56.0,0,0,20.77,20.49,51013,2,0,0,31.76
511299,51.38,55.0,54.1,56.0,0,0,20.77,20.49,51513,2,0,0,31.76
511805,51.38,55.0,54.1,56.0,0,0,20.9,20.49,52013,2,0,0,31.76
512311,51.38,55.0,54.1,56.0,0,0,20.9,20.49,52513,2,0,0,31.76
512817,51.44,55.0,54.1,56.0,0,0,21.7,20.51,53013,2,0,0,31.76
513323,51.41,55.0,54.1,56.0,0,0,21.03,20.51,53513,2,0,0,31.77
513829,51.41,55.0,54.1,56.0,0,0,21.03,20.51,54013,2,0,0,31.77
514335,51.41,55.0,54.1,56.0,0,0,21.03,20.51,54513,2,0,0,31.77
514841,51.41,55.0,54.1,56.0,0,0,21.03,20.51,55013,2,0,0,31.77
515347,51.49,55.0,54.1,56.0,0,0,21.33,20.51,55513,2,0,0,31.75
515853,51.49,55.0,54.1,56.0,0,0,21.33,20.51,56014,2,0,0,31.75
516359,51.48,55.0,54.1,56.0,0,0,21.42,20.52,56515,2,0,0,31.76
516865,51.48,55.0,54.1,56.0,0,0,21.42,20.52,57015,2,0,0,31.76
517371,51.5,55.0,54.1,56.0,0,0,21.44,20.53,57515,2,0,0,31.76
517877,51.5,55.0,54.1,56.0,0,0,21.44,20.53,58015,2,0,0,31.76
518383,51.56,55.0,54.1,56.0,0,0,21.53,20.56,58515,2,0,0,31.77
518889,51.55,55.0,54.1,56.0,0,0,21.72,20.56,59015,2,0,0,31.76
519395,51.55,55.0,54.1,56.0,0,0,21.72,20.54,59515,2,0,0,31.76
519901,51.55,55.0,54.1,56.0,0,0,21.72,20.54,60015,2,0,0,31.76
520407,51.55,55.0,54.1,56.0,0,0,21.57,20.54,60515,2,0,0,31.76
520927,51.6,55.0,54.1,56.0,0,0,21.68,20.54,61015,2,0,0,31.75
521434,51.6,55.0,54.1,56.0,0,0,21.68,20.55,61515,2,0,0,31.75
521940,51.6,55.0,54.1,56.0,0,0,21.92,20.55,62015,2,0,0,31.76
522446,51.6,55.0,54.1,56.0,0,0,21.92,20.56,62515,2,0,0,31.76
522952,51.63,55.0,54.1,56.0,0,0,22.07,20.6,63015,2,0,0,31.79
523458,51.63,55.0,54.1,56.0,0,0,22.07,20.6,63517,2,0,0,31.79
523964,51.63,55.0,54.1,56.0,0,0,21.92,20.58,64018,2,0,0,31.77
524471,51.63,55.0,54.1,56.0,0,0,21.92,20.58,64518,2,0,0,31.77
524977,51.65,55.0,54.1,56.0,0,0,22.13,20.58,65018,2,0,0,31.76
525483,51.65,55.0,54.1,56.0,0,0,22.13,20.58,65518,2,0,0,31.76
525989,51.65,55.0,54.1,56.0,0,0,22.13,20.58,66018,2,0,0,31.76
526495,51.7,55.0,54.1,56.0,0,0,23.31,20.62,66518,2,0,0,31.79
527001,51.7,55.0,54.1,56.0,0,0,23.31,20.62,67018,2,0,0,31.79
527507,51.75,55.0,54.1,56.0,0,0,22.33,20.61,67518,2,0,0,31.76
528013,51.75,55.0,54.1,56.0,0,0,22.33,20.61,68018,2,0,0,31.76
528519,51.76,55.0,54.1,56.0,0,0,22.42,20.61,68518,2,0,0,31.77
529026,51.79,55.0,54.1,56.0,0,0,22.2,20.62,69018,2,0,0,31.77
529533,51.79,55.0,54.1,56.0,0,0,22.2,20.63,69518,2,0,0,31.77
530039,51.79,55.0,54.1,56.0,0,0,22.33,20.63,70018,2,0,0,31.77
530545,51.79,55.0,54.1,56.0,0,0,22.33,20.63,70518,2,0,0,31.77
531051,51.79,55.0,54.1,56.0,0,0,22.33,20.63,71019,2,0,0,31.77
531557,51.84,55.0,54.1,56.0,0,0,22.61,20.64,71520,2,0,0,31.76
532063,51.84,55.0,54.1,56.0,0,0,22.61,20.64,72020,2,0,0,31.76
532569,51.84,55.0,54.1,56.0,0,0,22.63,20.64,72520,2,0,0,31.76
533075,51.84,55.0,54.1,56.0,0,0,22.63,20.64,73020,2,0,0,31.76
533581,51.9,55.0,54.1,56.0,0,0,22.85,20.64,73520,2,0,0,31.79
534087,51.9,55.0,54.1,56.0,0,0,22.85,20.68,74020,2,0,0,31.79
534593,51.91,55.0,54.1,56.0,0,0,23.07,20.66,74520,2,0,0,31.76
535099,51.95,55.0,54.1,56.0,0,0,22.76,20.66,75020,2,0,0,31.76
535605,51.94,55.0,54.1,56.0,0,0,22.85,20.67,75520,2,0,0,31.76
536111,51.94,55.0,54.1,56.0,0,0,22.85,20.67,76020,2,0,0,31.76
536626,51.99,55.0,54.1,56.0,0,0,22.85,20.67,76520,2,0,0,31.77
537133,51.99,55.0,54.1,56.0,0,0,22.85,20.7,77020,2,0,0,31.77
537639,51.99,55.0,54.1,56.0,0,0,23.09,20.7,77520,2,0,0,31.76
538145,51.99,55.0,54.1,56.0,0,0,23.09,20.68,78020,2,0,0,31.76
538651,52.06,55.0,54.1,56.0,0,0,23.02,20.72,78520,2,0,0,31.77
539157,52.06,55.0,54.1,56.0,0,0,23.02,20.72,79024,2,0,0,31.77
539663,52.06,55.0,54.1,56.0,0,0,23.02,20.72,79524,2,0,0,31.77
540169,52.06,55.0,54.1,56.0,0,0,23.02,20.72,80024,2,0,0,31.77
540675,52.1,55.0,54.1,56.0,0,0,23.28,20.7,80524,2,0,0,31.75
541181,52.09,55.0,54.1,56.0,0,0,23.18,20.7,81024,2,0,0,31.76
541687,52.13,55.0,54.1,56.0,0,0,23.2,20.71,81524,2,0,0,31.77
542193,52.13,55.0,54.1,56.0,0,0,23.2,20.74,82024,2,0,0,31.77
542699,52.13,55.0,54.1,56.0,0,0,23.2,20.74,82524,2,0,0,31.77
543205,52.13,55.0,54.1,56.0,0,0,23.2,20.74,83024,2,0,0,31.77
543712,52.13,55.0,54.1,56.0,0,0,23.2,20.74,83526,2,0,0,31.77
544218,52.13,55.0,54.1,56.0,0,0,23.2,20.74,84026,2,0,0,31.77
544724,52.26,55.0,54.1,56.0,0,0,23.48,20.74,84526,2,0,0,31.77
545230,52.26,55.0,54.1,56.0,0,0,23.48,20.78,85026,2,0,0,31.77
545736,52.26,55.0,54.1,56.0,0,0,23.46,20.78,85526,2,0,0,31.77
546242,52.3,55.0,54.1,56.0,0,0,23.59,20.78,86026,2,0,0,31.76
546748,52.3,55.0,54.1,56.0,0,0,23.59,20.78,86526,2,0,0,31.76
547254,52.29,55.0,54.1,56.0,0,0,23.5,20.78,87026,2,0,0,31.79
547760,52.33,55.0,54.1,56.0,0,0,23.74,20.8,87526,2,0,0,31.77
548266,52.33,55.0,54.1,56.0,0,0,23.74,20.8,88026,2,0,0,31.77
548772,52.37,55.0,54.1,56.0,0,0,23.79,20.8,88526,2,0,0,31.76
549278,52.37,55.0,54.1,56.0,0,0,23.79,20.8,89026,2,0,0,31.76
549784,52.39,55.0,54.1,56.0,0,0,23.63,20.8,89528,2,0,0,31.79
550290,52.43,55.0,54.1,56.0,0,0,23.81,20.83,90029,2,0,0,31.77
550796,52.43,55.0,54.1,56.0,0,0,23.81,20.83,90530,2,0,0,31.77
551302,52.45,55.0,54.1,56.0,0,0,24.51,20.83,91030,2,0,0,31.77
551808,52.45,55.0,54.1,56.0,0,0,23.96,20.84,92032,2,0,0,31.77
552314,52.45,55.0,54.1,56.0,0,0,23.96,20.84,92532,2,0,0,31.77
552820,52.44,55.0,54.1,56.0,0,0,23.81,20.84,93032,2,0,0,31.77
553326,52.49,55.0,54.1,56.0,0,0,24.03,20.84,93532,2,0,0,31.76
553832,52.48,55.0,54.1,56.0,0,0,23.83,20.85,94032,2,0,0,31.77
554338,52.48,55.0,54.1,56.0,0,0,23.83,20.85,94532,2,0,0,31.77
554844,52.55,55.0,54.1,56.0,0,0,24.11,20.88,95032,2,0,0,31.79
555350,52.55,55.0,54.1,56.0,0,0,24.11,20.88,95532,2,0,0,31.79
555856,52.56,55.0,54.1,56.0,0,0,24.05,20.88,96032,2,0,0,31.77
556362,52.56,55.0,54.1,56.0,0,0,24.05,20.87,96532,2,0,0,31.77
556868,52.56,55.0,54.1,56.0,0,0,24.05,20.87,97035,2,0,0,31.77
557374,52.56,55.0,54.1,56.0,0,0,24.05,20.87,97535,2,0,0,31.77
557880,52.56,55.0,54.1,56.0,0,0,24.05,20.87,98035,2,0,0,31.77
558386,52.61,55.0,54.1,56.0,0,0,24.2,20.88,98535,2,0,0,31.76
558892,52.67,55.0,54.1,56.0,0,0,24.35,20.88,99035,2,0,0,31.77
559398,52.67,55.0,54.1,56.0,0,0,24.35,20.91,99535,2,0,0,31.77
559904,52.67,55.0,54.1,56.0,0,0,24.4,20.92,100035,2,0,0,31.79
560410,52.67,55.0,54.1,56.0,0,0,24.4,20.92,100535,2,0,0,31.79
560916,52.7,55.0,54.1,56.0,0,0,24.46,20.93,101035,2,0,0,31.79
561425,52.7,55.0,54.1,56.0,0,0,24.46,20.93,101535,2,0,0,31.79
561932,52.7,55.0,54.1,56.0,0,0,24.46,20.93,102036,2,0,0,31.79
562438,52.72,55.0,54.1,56.0,0,0,24.03,20.92,102537,2,0,0,31.77
562944,52.72,55.0,54.1,56.0,0,0,24.03,20.92,103037,2,0,0,31.77
563450,52.72,55.0,54.1,56.0,0,0,24.03,20.92,103537,2,0,0,31.77
563956,52.76,55.0,54.1,56.0,0,0,24.49,20.94,104037,2,0,0,31.77
564462,52.76,55.0,54.1,56.0,0,0,24.77,20.94,104537,2,0,0,31.77
564968,52.76,55.0,54.1,56.0,0,0,24.77,20.94,105037,2,0,0,31.77
565474,52.76,55.0,54.1,56.0,0,0,24.68,20.94,105537,2,0,0,31.77
565980,52.8,55.0,54.1,56.0,0,0,24.66,20.94,106037,2,0,0,31.76
566486,52.8,55.0,54.1,56.0,0,0,24.66,20.94,106537,2,0,0,31.76
566992,52.83,55.0,54.1,56.0,0,0,24.66,20.94,107037,2,0,0,31.79
567498,52.83,55.0,54.1,56.0,0,0,24.66,20.97,107537,2,0,0,31.79
568008,52.83,55.0,54.1,56.0,0,0,24.66,20.97,108038,2,0,0,31.79
568515,52.83,55.0,54.1,56.0,0,0,24.66,20.97,108538,2,0,0,31.79
569021,52.86,55.0,54.1,56.0,0,0,24.79,20.97,109038,2,0,0,31.79
569527,52.91,55.0,54.1,56.0,0,0,24.84,20.98,109538,2,0,0,31.77
570033,52.91,55.0,54.1,56.0,0,0,24.84,20.98,110038,2,0,0,31.77
570539,52.92,55.0,54.1,56.0,0,0,24.73,20.99,110538,2,0,0,31.77
571045,52.91,55.0,54.1,56.0,0,0,24.86,21.0,111038,2,0,0,31.79
571551,52.98,55.0,54.1,56.0,0,0,25.54,20.99,111538,2,0,0,31.76
572057,52.98,55.0,54.1,56.0,0,0,25.54,20.99,112038,2,0,0,31.76
572563,52.97,55.0,54.1,56.0,0,0,24.95,20.99,112538,2,0,0,31.77
573069,52.97,55.0,54.1,56.0,0,0,24.95,21.0,113038,2,0,0,31.77
573575,52.97,55.0,54.1,56.0,0,0,24.95,21.0,113538,2,0,0,31.77
574081,52.97,55.0,54.1,56.0,0,0,24.95,21.0,114038,2,0,0,31.77
574587,52.97,55.0,54.1,56.0,0,0,24.95,21.0,114538,2,0,0,31.77
575093,52.97,55.0,54.1,56.0,0,0,24.95,21.0,115038,2,0,0,31.77
575599,52.97,55.0,54.1,56.0,0,0,24.95,21.0,115538,2,0,0,31.77
576105,53.02,55.0,54.1,56.0,0,0,25.19,21.01,116038,2,0,0,31.77
576611,53.03,55.0,54.1,56.0,0,0,25.3,21.01,116538,2,0,0,31.77
577117,53.03,55.0,54.1,56.0,0,0,25.3,21.02,117038,2,0,0,31.77
577623,53.09,55.0,54.1,56.0,0,0,25.3,21.02,117538,2,0,0,31.77
578129,53.09,55.0,54.1,56.0,0,0,25.3,21.04,118038,2,0,0,31.77
578635,53.05,55.0,54.1,56.0,0,0,25.34,21.04,118538,2,0,0,31.79
579141,53.05,55.0,54.1,56.0,0,0,25.34,21.04,119038,2,0,0,31.79
579647,53.1,55.0,54.1,56.0,0,0,24.53,21.04,119538,2,0,0,31.76
580153,53.1,55.0,54.1,56.0,0,0,24.53,21.03,120038,2,0,0,31.76
580659,53.11,55.0,54.1,56.0,0,0,25.41,21.06,120538,2,0,0,31.79
581165,53.16,55.0,54.1,56.0,0,0,25.39,21.07,121045,2,0,0,31.79
581671,53.16,55.0,54.1,56.0,0,0,25.39,21.07,121545,2,0,0,31.79
582177,53.12,55.0,54.1,56.0,0,0,25.23,21.05,122045,2,0,0,31.77
582683,53.12,55.0,54.1,56.0,0,0,25.54,21.05,122545,2,0,0,31.76
583189,53.17,55.0,54.1,56.0,0,0,25.41,21.03,123045,2,0,0,31.77
583695,53.17,55.0,54.1,56.0,0,0,25.41,21.06,123545,2,0,0,31.77
584201,53.2,55.0,54.1,56.0,0,0,25.56,21.06,124045,2,0,0,31.76
584707,53.24,55.0,54.1,56.0,0,0,25.56,21.06,124545,2,0,0,31.77
585213,53.24,55.0,54.1,56.0,0,0,25.56,21.08,125045,2,0,0,31.77
585719,53.22,55.0,54.1,56.0,0,0,25.56,21.11,125545,2,0,0,31.82
586225,53.22,55.0,54.1,56.0,0,0,25.56,21.11,126045,2,0,0,31.77
586731,53.22,55.0,54.1,56.0,0,0,25.56,21.08,126545,2,0,0,31.77
587237,53.21,55.0,54.1,56.0,0,0,25.7,21.08,127045,2,0,0,31.77
587746,53.26,55.0,54.1,56.0,0,0,25.74,21.07,127545,2,0,0,31.77
588253,53.26,55.0,54.1,56.0,0,0,25.74,21.09,128045,2,0,0,31.77
588759,53.28,55.0,54.1,56.0,0,0,25.63,21.09,128545,2,0,0,31.79
589265,53.28,55.0,54.1,56.0,0,0,25.63,21.11,129045,2,0,0,31.79
589771,53.31,55.0,54.1,56.0,0,0,25.59,21.11,129545,2,0,0,31.77
590277,53.3,55.0,54.1,56.0,0,0,25.72,21.1,130046,2,0,0,31.8
590783,53.3,55.0,54.1,56.0,0,0,25.72,21.13,130547,2,0,0,31.8
591289,53.33,55.0,54.1,56.0,0,0,25.74,21.12,131049,2,0,0,31.79
591795,53.35,55.0,54.1,56.0,0,0,25.59,21.12,131549,2,0,0,31.79
592301,53.35,55.0,54.1,56.0,0,0,25.59,21.13,132049,2,0,0,31.79
592807,53.35,55.0,54.1,56.0,0,0,25.89,21.13,132549,2,0,0,31.79
593313,53.35,55.0,54.1,56.0,0,0,25.89,21.13,133049,2,0,0,31.79
593819,53.35,55.0,54.1,56.0,0,0,26.05,21.13,133549,2,0,0,31.76
594325,53.41,55.0,54.1,56.0,0,0,25.96,21.13,134549,2,0,0,31.77
594831,53.41,55.0,54.1,56.0,0,0,25.96,21.13,135049,2,0,0,31.77
595337,53.37,55.0,54.1,56.0,0,0,25.85,21.12,135549,2,0,0,31.77
595843,53.37,55.0,54.1,56.0,0,0,25.85,21.12,136049,2,0,0,31.77
596349,53.37,55.0,54.1,56.0,0,0,25.85,21.12,136550,2,0,0,31.77
596855,53.45,55.0,54.1,56.0,0,0,26.2,21.15,137051,2,0,0,31.77
597361,53.45,55.0,54.1,56.0,0,0,26.2,21.15,137551,2,0,0,31.77
597867,53.45,55.0,54.1,56.0,0,0,26.23,21.16,138051,2,0,0,31.79
598373,53.5,55.0,54.1,56.0,0,0,26.18,21.18,138551,2,0,0,31.79
598879,53.47,55.0,54.1,56.0,0,0,26.14,21.15,139051,2,0,0,31.77
599385,53.47,55.0,54.1,56.0,0,0,26.14,21.15,139551,2,0,0,31.77
599891,53.52,55.0,54.1,56.0,0,0,26.12,21.17,140051,2,0,0,31.77
600397,53.52,55.0,54.1,56.0,0,0,26.12,21.17,140551,2,0,0,31.77
600903,53.56,55.0,54.1,56.0,0,0,26.12,21.17,141051,2,0,0,31.77
601409,53.56,55.0,54.1,56.0,0,0,26.12,21.18,141551,2,0,0,31.77
601915,53.51,55.0,54.1,56.0,0,0,26.25,21.19,142051,2,0,0,31.8
602421,53.56,55.0,54.1,56.0,0,0,26.78,21.17,142551,2,0,0,31.76
602927,53.56,55.0,54.1,56.0,0,0,26.78,21.17,143051,2,0,0,31.76
603434,53.56,55.0,54.1,56.0,0,0,26.78,21.17,143551,2,0,0,31.76
603941,53.62,55.0,54.1,56.0,0,0,26.2,21.2,144051,2,0,0,31.77
604447,53.64,55.0,54.1,56.0,0,0,26.16,21.2,144551,2,0,0,31.77
604953,53.64,55.0,54.1,56.0,0,0,26.16,21.2,145051,2,0,0,31.77
605459,53.6,55.0,54.1,56.0,0,0,26.52,21.19,145551,2,0,0,31.77
605965,53.68,55.0,54.1,56.0,0,0,25.94,21.24,146051,2,0,0,31.8
606471,53.69,55.0,54.1,56.0,0,0,26.34,21.24,146551,2,0,0,31.77
606977,53.69,55.0,54.1,56.0,0,0,26.34,21.22,147051,2,0,0,31.77
607483,53.7,55.0,54.1,56.0,0,0,26.32,21.24,147551,2,0,0,31.79
607989,53.7,55.0,54.1,56.0,0,0,26.32,21.24,148051,2,0,0,31.79
608495,53.7,55.0,54.1,56.0,0,0,26.32,21.24,148551,2,0,0,31.79
609001,53.72,55.0,54.1,56.0,0,0,25.85,21.24,149051,2,0,0,31.79
609507,53.74,55.0,54.1,56.0,0,0,26.4,21.24,149551,2,0,0,31.77
610013,53.74,55.0,54.1,56.0,0,0,26.4,21.23,150051,2,0,0,31.77
610519,53.75,55.0,54.1,56.0,0,0,26.45,21.24,150551,2,0,0,31.77
611025,53.79,55.0,54.1,56.0,0,0,26.45,21.25,151051,2,0,0,31.77
611531,53.8,55.0,54.1,56.0,0,0,26.76,21.25,151551,2,0,0,31.79
612037,53.8,55.0,54.1,56.0,0,0,26.76,21.27,152051,2,0,0,31.79
612544,53.82,55.0,54.1,56.0,0,0,26.72,21.27,152551,2,0,0,31.79
613050,53.82,55.0,54.1,56.0,0,0,26.72,21.27,153052,2,0,0,31.79
613556,53.81,55.0,54.1,56.0,0,0,26.85,21.26,153553,2,0,0,31.77
614062,53.84,55.0,54.1,56.0,0,0,26.65,21.28,154054,2,0,0,31.79
614568,53.87,55.0,54.1,56.0,0,0,26.69,21.27,154556,2,0,0,31.77
615074,53.89,55.0,54.1,56.0,0,0,26.72,21.27,155056,2,0,0,31.79
615580,53.9,55.0,54.1,56.0,0,0,26.83,21.3,155556,2,0,0,31.79
616086,53.9,55.0,54.1,56.0,0,0,26.83,21.3,156056,2,0,0,31.79
616604,53.95,55.0,54.1,56.0,0,0,26.47,21.3,156556,2,0,0,31.77
617111,53.95,55.0,54.1,56.0,0,0,26.47,21.3,157056,2,0,0,31.77
617617,53.95,55.0,54.1,56.0,0,0,26.47,21.3,157556,2,0,0,31.77
618123,53.95,55.0,54.1,56.0,0,0,26.67,21.3,158056,2,0,0,31.79
618629,53.97,55.0,54.1,56.0,0,0,26.69,21.31,158556,2,0,0,31.8
619135,53.97,55.0,54.1,56.0,0,0,26.69,21.33,159056,2,0,0,31.8
619641,54.01,55.0,54.1,56.0,0,0,26.87,21.33,159556,2,0,0,31.79
620147,54.05,55.0,54.1,56.0,0,0,26.94,21.33,160056,2,0,0,31.8
620653,54.05,55.0,54.1,56.0,0,0,26.94,21.36,160556,2,0,0,31.8
621159,54.08,55.0,54.1,56.0,0,0,26.94,21.36,161056,2,0,0,31.79
621665,54.08,55.0,54.1,56.0,0,0,26.94,21.35,161556,2,0,0,31.79
622171,54.06,55.0,54.1,56.0,0,0,26.92,21.33,162056,2,0,0,31.77
622677,54.08,55.0,54.1,56.0,0,0,26.8,21.33,162556,2,0,0,31.79
623183,54.08,55.0,54.1,56.0,0,0,26.8,21.35,163056,2,0,0,31.79
623689,54.08,55.0,54.1,56.0,0,0,26.8,21.35,163556,2,0,0,31.79
624195,54.18,55.0,54.1,56.0,0,0,26.94,21.35,164056,2,0,0,31.8
624701,54.18,55.0,54.1,56.0,1,0,26.94,21.39,0,2,0,0,31.8
625207,54.17,55.0,54.1,56.0,1,0,26.89,21.39,500,2,0,0,31.79
625713,54.18,55.0,54.1,56.0,1,0,26.96,21.38,1000,2,0,0,31.79
626219,54.19,55.0,54.1,56.0,1,0,27.01,21.38,1500,2,0,0,31.82
626725,54.19,55.0,54.1,56.0,1,0,27.01,21.41,2000,2,0,0,31.82
627231,54.22,55.0,54.1,56.0,1,0,26.89,21.41,2500,2,0,0,31.79
627737,54.28,55.0,54.1,56.0,1,0,26.96,21.39,3000,2,0,0,31.77
628243,54.28,55.0,54.1,56.0,1,0,26.96,21.4,3500,2,0,0,31.77
628749,54.32,55.0,54.1,56.0,1,0,27.01,21.42,4000,2,0,0,31.79
629255,54.28,55.0,54.1,56.0,1,0,26.78,21.42,4500,2,0,0,31.77
629761,54.33,55.0,54.1,56.0,1,0,26.78,21.4,5000,2,0,0,31.79
630267,54.33,55.0,54.1,56.0,1,0,26.78,21.43,5500,2,0,0,31.79
630773,54.33,55.0,54.1,56.0,1,0,26.78,21.43,6000,2,0,0,31.79
631279,54.39,55.0,54.1,56.0,1,0,26.76,21.43,6502,2,0,0,31.77
631785,54.39,55.0,54.1,56.0,1,0,26.76,21.43,7003,2,0,0,31.77
632291,54.39,55.0,54.1,56.0,1,0,26.76,21.43,7503,2,0,0,31.77
632797,54.38,55.0,54.1,56.0,1,0,26.52,21.43,8003,2,0,0,31.77
633303,54.44,55.0,54.1,56.0,1,0,26.45,21.43,8503,2,0,0,31.79
633809,54.46,55.0,54.1,56.0,1,0,26.29,21.46,9003,2,0,0,31.76
634315,54.49,55.0,54.1,56.0,1,0,26.12,21.44,9503,2,0,0,31.79
634821,54.49,55.0,54.1,56.0,1,0,26.12,21.48,10003,2,0,0,31.79
635327,54.49,55.0,54.1,56.0,1,0,26.12,21.48,10503,2,0,0,31.79
635833,54.52,55.0,54.1,56.0,1,0,26.12,21.48,11003,2,0,0,31.8
636339,54.52,55.0,54.1,56.0,1,0,26.12,21.5,12007,2,0,0,31.8
636845,54.54,55.0,54.1,56.0,1,0,25.87,21.49,12507,2,0,0,31.79
637351,54.59,55.0,54.1,56.0,1,0,25.56,21.52,13007,2,0,0,31.8
637871,54.61,55.0,54.1,56.0,1,0,25.59,21.52,13507,2,0,0,31.77
638378,54.61,55.0,54.1,56.0,1,0,25.59,21.5,14007,2,0,0,31.77
638884,54.62,55.0,54.1,56.0,1,0,25.47,21.51,14507,2,0,0,31.79
639390,54.68,55.0,54.1,56.0,1,0,25.39,21.52,15007,2,0,0,31.77
639896,54.68,55.0,54.1,56.0,1,0,25.39,21.52,15507,2,0,0,31.77
640402,54.7,55.0,54.1,56.0,1,0,25.28,21.51,16007,2,0,0,31.76
640908,54.72,55.0,54.1,56.0,1,0,25.01,21.54,16507,2,0,0,31.79
641414,54.72,55.0,54.1,56.0,1,0,24.9,21.57,17017,2,0,0,31.82
641920,54.72,55.0,54.1,56.0,1,0,24.9,21.57,17517,2,0,0,31.82
642426,54.74,55.0,54.1,56.0,1,0,24.84,21.55,18017,2,0,0,31.79
642932,54.78,55.0,54.1,56.0,1,0,24.57,21.58,18517,2,0,0,31.8
643438,54.78,55.0,54.1,56.0,1,0,24.57,21.58,19017,2,0,0,31.8
643944,54.83,55.0,54.1,56.0,1,0,24.79,21.56,19517,2,0,0,31.77
644450,54.82,55.0,54.1,56.0,1,0,24.44,21.6,20017,2,0,0,31.82
644956,54.82,55.0,54.1,56.0,1,0,24.44,21.6,20517,2,0,0,31.82
645462,54.88,55.0,54.1,56.0,1,0,24.46,21.61,21017,2,0,0,31.8
645968,54.88,55.0,54.1,56.0,1,0,24.46,21.61,21517,2,0,0,31.8
646474,54.91,55.0,54.1,56.0,1,0,24.2,21.61,22017,2,0,0,31.8
646980,54.92,55.0,54.1,56.0,1,0,24.0,21.62,22517,2,0,0,31.8
647486,54.92,55.0,54.1,56.0,1,0,24.0,21.62,23017,2,0,0,31.8
647992,54.98,55.0,54.1,56.0,1,0,23.85,21.62,23517,2,0,0,31.8
648498,54.98,55.0,54.1,56.0,1,0,23.85,21.64,24017,2,0,0,31.8
649004,54.98,55.0,54.1,56.0,1,0,23.68,21.61,24517,2,0,0,31.77
649510,54.98,55.0,54.1,56.0,1,0,23.68,21.61,25017,2,0,0,31.77
650016,55.0,55.0,54.1,56.0,1,0,23.5,21.61,25517,2,0,0,31.77
650522,55.06,55.0,54.1,56.0,1,0,23.55,21.65,26018,2,0,0,31.79
651039,55.06,55.0,54.1,56.0,1,0,23.37,21.65,26518,2,0,0,31.79
651546,55.06,55.0,54.1,56.0,1,0,23.37,21.65,27018,2,0,0,31.79
652052,55.09,55.0,54.1,56.0,1,0,23.22,21.65,27518,2,0,0,31.79
652558,55.09,55.0,54.1,56.0,1,0,23.22,21.66,28018,2,0,0,31.79
653064,55.09,55.0,54.1,56.0,1,0,23.22,21.66,28518,2,0,0,31.79
653570,55.15,55.0,54.1,56.0,1,0,23.18,21.7,29018,2,0,0,31.82
654076,55.15,55.0,54.1,56.0,1,0,23.18,21.7,29518,2,0,0,31.82
654582,55.18,55.0,54.1,56.0,1,0,22.91,21.69,30018,2,0,0,31.8
655088,55.18,55.0,54.1,56.0,1,0,22.91,21.69,30518,2,0,0,31.8
655594,55.23,55.0,54.1,56.0,1,0,22.42,21.69,31018,2,0,0,31.79
656100,55.23,55.0,54.1,56.0,1,0,22.42,21.7,31518,2,0,0,31.79
656606,55.23,55.0,54.1,56.0,1,0,22.42,21.7,32018,2,0,0,31.79
657112,55.28,55.0,54.1,56.0,1,0,22.46,21.72,32518,2,0,0,31.8
657618,55.28,55.0,54.1,56.0,1,0,22.46,21.72,33018,2,0,0,31.8
658124,55.28,55.0,54.1,56.0,1,0,22.46,21.72,33518,2,0,0,31.8
658630,55.36,55.0,54.1,56.0,1,0,22.2,21.72,34018,2,0,0,31.82
659136,55.36,55.0,54.1,56.0,1,0,22.2,21.76,34518,2,0,0,31.82
659642,55.38,55.0,54.1,56.0,1,0,21.92,21.74,35018,2,0,0,31.79
660148,55.42,55.0,54.1,56.0,1,0,21.94,21.74,35518,2,0,0,31.77
660654,55.42,55.0,54.1,56.0,1,0,21.94,21.74,36018,2,0,0,31.77
661162,55.42,55.0,54.1,56.0,1,0,21.94,21.74,36518,2,0,0,31.77
661669,55.5,55.0,54.1,56.0,1,0,21.94,21.8,37018,2,0,0,31.82
662175,55.56,55.0,54.1,56.0,1,0,21.48,21.8,37518,2,0,0,31.79
662681,55.56,55.0,54.1,56.0,1,0,21.48,21.79,38018,2,0,0,31.79
663187,55.61,55.0,54.1,56.0,1,0,21.55,21.81,38518,2,0,0,31.79
663693,55.69,55.0,54.1,56.0,1,0,21.27,21.81,39018,2,0,0,31.77
664199,55.69,55.0,54.1,56.0,1,0,21.27,21.82,39518,2,0,0,31.77
664705,55.72,55.0,54.1,56.0,1,0,21.2,21.82,40018,2,0,0,31.8
665211,55.78,55.0,54.1,56.0,1,0,21.03,21.85,40518,2,0,0,31.79
665717,55.78,55.0,54.1,56.0,1,0,21.03,21.86,41018,2,0,0,31.79
666223,55.78,55.0,54.1,56.0,1,0,21.03,21.86,41518,2,0,0,31.79
666729,55.9,55.0,54.1,56.0,1,0,20.94,21.86,42018,2,0,0,31.79
667235,55.9,55.0,54.1,56.0,1,0,20.94,21.89,42518,2,0,0,31.79
667741,55.92,55.0,54.1,56.0,1,0,20.99,21.9,43018,2,0,0,31.79
668247,56.05,55.0,54.1,56.0,1,0,20.69,21.9,43518,2,0,0,31.77
668753,56.05,55.0,54.1,56.0,1,0,20.69,21.92,44018,2,0,0,31.77
669259,56.05,55.0,54.1,56.0,1,0,20.69,21.92,44518,2,0,0,31.77
669765,56.12,55.0,54.1,56.0,1,0,20.58,21.92,45018,2,0,0,31.79
670271,56.12,55.0,54.1,56.0,1,0,20.58,21.96,45518,2,0,0,31.79
670777,56.12,55.0,54.1,56.0,1,0,20.58,21.96,46018,2,0,0,31.79
671283,56.21,55.0,54.1,56.0,1,0,20.32,21.96,46518,2,0,0,31.8
671789,56.21,55.0,54.1,56.0,1,0,20.32,22.0,47018,2,1,0,31.8
672295,56.21,55.0,54.1,56.0,1,0,20.32,22.0,47518,2,1,0,31.8
672801,56.33,55.0,54.1,56.0,1,0,20.1,22.0,48018,2,1,0,31.8
673307,56.33,55.0,54.1,56.0,1,0,20.1,22.03,48518,2,1,0,31.8
673813,56.38,55.0,54.1,56.0,1,0,20.08,22.03,49018,2,1,0,31.77
674319,56.36,55.0,54.1,56.0,1,0,19.78,22.02,49518,2,1,0,31.79
674825,56.44,55.0,54.1,56.0,1,0,20.0,22.03,50018,2,1,0,31.79
675331,56.48,55.0,54.1,56.0,1,0,19.91,22.05,50518,2,1,0,31.8
675837,56.48,55.0,54.1,56.0,1,0,19.91,22.07,51018,2,1,0,31.8
676343,56.48,55.0,54.1,56.0,1,0,19.91,22.07,51520,2,1,0,31.8
676849,56.48,55.0,54.1,56.0,1,0,19.91,22.07,52020,2,1,0,31.8
677355,56.48,55.0,54.1,56.0,1,0,19.91,22.07,53023,2,1,0,31.8
677861,56.48,55.0,54.1,56.0,1,0,19.91,22.07,53523,2,1,0,31.8
678367,56.48,55.0,54.1,56.0,1,0,19.91,22.07,54023,2,1,0,31.8
678873,56.61,55.0,54.1,56.0,1,0,19.65,22.11,54523,2,1,0,31.8
679379,56.61,55.0,54.1,56.0,1,0,19.65,22.11,55023,2,1,0,31.8
679885,56.62,55.0,54.1,56.0,1,0,19.11,22.1,55523,2,1,0,31.79
680391,56.62,55.0,54.1,56.0,1,0,19.11,22.1,56023,2,1,0,31.79
680897,56.59,55.0,54.1,56.0,1,0,19.16,22.11,56523,2,1,0,31.8
681403,56.61,55.0,54.1,56.0,1,0,18.88,22.1,57023,2,1,0,31.79
681909,56.61,55.0,54.1,56.0,1,0,18.88,22.1,57523,2,1,0,31.79
682415,56.68,55.0,54.1,56.0,1,0,18.9,22.11,58023,2,1,0,31.77
682922,56.67,55.0,54.1,56.0,1,0,18.98,22.11,58523,2,1,0,31.79
683429,56.67,55.0,54.1,56.0,1,0,18.98,22.12,59023,2,1,0,31.79
683935,56.67,55.0,54.1,56.0,1,0,18.98,22.12,59523,2,1,0,31.79
684441,56.68,55.0,54.1,56.0,1,0,18.79,22.11,60023,2,1,0,31.77
684947,56.66,55.0,54.1,56.0,1,0,18.72,22.13,60523,2,1,0,31.8
685453,56.67,55.0,54.1,56.0,1,0,18.64,22.12,61023,2,1,0,31.79
685959,56.68,55.0,54.1,56.0,1,0,18.55,22.12,61523,2,1,0,31.77
686465,56.68,55.0,54.1,56.0,1,0,18.55,22.11,62023,2,1,0,31.77
686971,56.71,55.0,54.1,56.0,1,0,18.47,22.13,62523,2,1,0,31.79
687477,56.71,55.0,54.1,56.0,1,0,18.47,22.13,63023,2,1,0,31.79
687983,56.71,55.0,54.1,56.0,1,0,18.47,22.13,63523,2,1,0,31.79
688489,56.65,55.0,54.1,56.0,1,0,18.32,22.14,64024,2,1,0,31.82
688995,56.66,55.0,54.1,56.0,1,0,18.29,22.09,64525,2,1,0,31.76
689501,56.61,55.0,54.1,56.0,1,0,18.21,22.1,65027,2,1,0,31.79
690007,56.61,55.0,54.1,56.0,1,0,18.21,22.1,65527,2,1,0,31.79
690513,56.61,55.0,54.1,56.0,1,0,18.21,22.1,66027,2,1,0,31.79
691019,56.61,55.0,54.1,56.0,1,0,18.21,22.1,66527,2,1,0,31.79
691525,56.57,55.0,54.1,56.0,1,0,18.08,22.1,67027,2,1,0,31.77
692031,56.57,55.0,54.1,56.0,1,0,18.08,22.08,67527,2,1,0,31.77
692537,56.57,55.0,54.1,56.0,1,0,18.08,22.08,68027,2,1,0,31.77
693043,56.57,55.0,54.1,56.0,1,0,18.08,22.08,68529,2,1,0,31.77
693549,56.49,55.0,54.1,56.0,1,0,17.93,22.06,69030,2,1,0,31.79
694055,56.49,55.0,54.1,56.0,1,0,17.93,22.06,69530,2,1,0,31.79
694561,56.51,55.0,54.1,56.0,1,0,17.65,22.06,70030,2,1,0,31.79
695067,56.51,55.0,54.1,56.0,1,0,17.65,22.07,70530,2,1,0,31.79
695573,56.48,55.0,54.1,56.0,1,0,17.71,22.05,71030,2,1,0,31.77
696079,56.48,55.0,54.1,56.0,1,0,17.71,22.05,71530,2,1,0,31.77
696585,56.41,55.0,54.1,56.0,1,0,17.76,22.03,72030,2,1,0,31.77
697091,56.35,55.0,54.1,56.0,1,0,17.26,22.03,72530,2,1,0,31.79
697597,56.32,55.0,54.1,56.0,1,0,17.58,22.02,73030,2,1,0,31.79
698103,56.32,55.0,54.1,56.0,1,0,17.58,22.02,73530,2,1,0,31.79
698609,56.32,55.0,54.1,56.0,1,0,17.58,22.02,74030,2,1,0,31.79
699115,56.32,55.0,54.1,56.0,1,0,17.58,22.02,74530,2,1,0,31.79
699621,56.32,55.0,54.1,56.0,1,1,17.58,22.02,75030,2,1,1,31.79
700137,56.23,55.0,54.1,56.0,1,1,16.74,22.02,75530,2,1,1,31.77
700644,56.23,55.0,54.1,56.0,1,1,16.74,21.98,76030,2,1,1,31.77
701150,56.23,55.0,54.1,56.0,1,1,16.74,21.98,76530,2,1,1,31.77
701656,56.14,55.0,54.1,56.0,1,1,17.26,21.98,77030,2,1,1,31.8
702162,56.14,55.0,54.1,56.0,1,1,17.26,21.98,77530,2,1,1,31.8
702668,56.14,55.0,54.1,56.0,1,1,17.26,21.98,78030,2,1,1,31.8
703174,56.09,55.0,54.1,56.0,1,1,17.82,21.98,78530,2,1,1,31.76
703680,56.09,55.0,54.1,56.0,1,1,17.82,21.92,79030,2,1,1,31.76
704186,55.79,55.0,54.1,56.0,0,0,18.08,21.83,0,2,1,0,31.76
704692,55.48,55.0,54.1,56.0,0,0,18.29,21.83,500,2,1,0,31.73
705198,55.48,55.0,54.1,56.0,0,0,18.29,21.72,1000,2,1,0,31.73
705704,55.23,55.0,54.1,56.0,0,0,18.12,21.66,1500,2,1,0,31.75
706210,54.77,55.0,54.1,56.0,0,0,17.91,21.66,2000,2,1,0,31.73
706716,54.77,55.0,54.1,56.0,0,0,17.91,21.51,2500,2,1,0,31.73
707222,54.57,55.0,54.1,56.0,0,0,18.14,21.43,3000,2,1,0,31.72
707728,54.35,55.0,54.1,56.0,0,0,17.84,21.36,3500,2,1,0,31.71
708234,54.11,55.0,54.1,56.0,0,0,17.48,21.36,4000,2,1,0,31.72
708740,54.11,55.0,54.1,56.0,0,0,17.48,21.29,4500,2,1,0,31.72
709246,53.89,55.0,54.1,56.0,0,0,17.43,21.29,5000,2,1,0,31.72
709752,53.89,55.0,54.1,56.0,0,0,17.43,21.23,5500,2,1,0,31.72
710258,53.8,55.0,54.1,56.0,0,0,17.5,21.23,6000,2,1,0,31.71
710764,53.66,55.0,54.1,56.0,0,0,17.28,21.19,6500,2,1,0,31.69
711270,53.66,55.0,54.1,56.0,0,0,17.28,21.13,7000,2,1,0,31.69
711776,53.6,55.0,54.1,56.0,0,0,17.32,21.13,7500,2,1,0,31.69
712282,53.6,55.0,54.1,56.0,0,0,17.32,21.12,8000,2,1,0,31.69
712788,53.6,55.0,54.1,56.0,0,0,17.32,21.12,8501,2,1,0,31.69
713294,53.6,55.0,54.1,56.0,0,0,17.32,21.12,9001,2,1,0,31.69
713800,53.55,55.0,54.1,56.0,0,0,17.48,21.11,9501,2,1,0,31.71
714306,53.55,55.0,54.1,56.0,0,0,17.48,21.11,10001,2,1,0,31.71
714812,53.55,55.0,54.1,56.0,0,0,17.48,21.11,10501,2,1,0,31.71
715318,53.58,55.0,54.1,56.0,0,0,17.48,21.11,11001,2,1,0,31.68
715824,53.58,55.0,54.1,56.0,0,0,17.48,21.1,11501,2,1,0,31.68
716330,53.55,55.0,54.1,56.0,0,0,17.73,21.1,12001,2,1,0,31.71
716836,53.55,55.0,54.1,56.0,0,0,17.73,21.11,12501,2,1,0,31.71
717342,53.55,55.0,54.1,56.0,0,0,17.71,21.11,13001,2,1,0,31.69
717848,53.6,55.0,54.1,56.0,0,0,17.73,21.1,13501,2,1,0,31.71
718354,53.6,55.0,54.1,56.0,0,0,17.73,21.13,14002,2,1,0,31.71
718860,53.6,55.0,54.1,56.0,0,0,17.86,21.13,14502,2,1,0,31.69
719366,53.61,55.0,54.1,56.0,0,0,18.04,21.12,15002,2,1,0,31.68
719872,53.61,55.0,54.1,56.0,0,0,17.95,21.11,15502,2,1,0,31.69
720378,53.61,55.0,54.1,56.0,0,0,17.95,21.12,16008,2,1,0,31.69
720884,53.63,55.0,54.1,56.0,0,0,18.1,21.14,17010,2,1,0,31.71
721390,53.63,55.0,54.1,56.0,0,0,18.1,21.14,17510,2,1,0,31.71
721896,53.63,55.0,54.1,56.0,0,0,18.1,21.14,18010,2,1,0,31.71
722402,53.66,55.0,54.1,56.0,0,0,18.42,21.12,18510,2,1,0,31.68
722908,53.66,55.0,54.1,56.0,0,0,18.42,21.12,19010,2,1,0,31.68
723414,53.68,55.0,54.1,56.0,0,0,18.42,21.15,19510,2,1,0,31.71
723920,53.68,55.0,54.1,56.0,0,0,18.42,21.15,20010,2,1,0,31.71
724426,53.64,55.0,54.1,56.0,0,0,18.66,21.13,20510,2,1,0,31.69
724932,53.64,55.0,54.1,56.0,0,0,18.66,21.13,21010,2,1,0,31.69
725438,53.65,55.0,54.1,56.0,0,0,18.62,21.14,21515,2,1,0,31.71
725944,53.65,55.0,54.1,56.0,0,0,18.62,21.14,22015,2,1,0,31.71
726450,53.65,55.0,54.1,56.0,0,0,18.7,21.14,22515,2,1,0,31.71
726958,53.65,55.0,54.1,56.0,0,0,18.7,21.14,23015,2,1,0,31.71
727465,53.58,55.0,54.1,56.0,0,0,18.47,21.14,23515,2,1,0,31.69
727971,53.58,55.0,54.1,56.0,0,0,18.47,21.11,24015,2,1,0,31.69
728477,53.62,55.0,54.1,56.0,0,0,19.2,21.13,24515,2,1,0,31.71
728983,53.62,55.0,54.1,56.0,0,0,18.88,21.12,25015,2,1,0,31.69
729489,53.62,55.0,54.1,56.0,0,0,18.88,21.12,25515,2,1,0,31.69
729995,53.59,55.0,54.1,56.0,0,0,19.41,21.12,26015,2,1,0,31.69
730501,53.59,55.0,54.1,56.0,0,0,19.41,21.11,26515,2,1,0,31.69
731007,53.58,55.0,54.1,56.0,0,0,19.28,21.12,27015,2,1,0,31.71
731513,53.55,55.0,54.1,56.0,0,0,19.35,21.12,27515,2,1,0,31.69
732019,53.55,55.0,54.1,56.0,0,0,19.35,21.1,28015,2,1,0,31.69
732525,53.54,55.0,54.1,56.0,0,0,19.61,21.11,28515,2,1,0,31.71
733031,53.54,55.0,54.1,56.0,0,0,19.61,21.11,29015,2,1,0,31.71
733537,53.49,55.0,54.1,56.0,0,0,19.65,21.08,29515,2,0,0,31.69
734043,53.5,55.0,54.1,56.0,0,0,19.65,21.11,30015,2,0,0,31.72
734549,53.5,55.0,54.1,56.0,0,0,19.65,21.11,30515,2,0,0,31.72
735055,53.49,55.0,54.1,56.0,0,0,19.65,21.08,31015,2,0,0,31.69
735561,53.47,55.0,54.1,56.0,0,0,19.76,21.1,31515,2,0,0,31.72
736067,53.47,55.0,54.1,56.0,0,0,19.76,21.1,32015,2,0,0,31.72
736573,53.47,55.0,54.1,56.0,0,0,19.76,21.1,32515,2,0,0,31.72
737079,53.47,55.0,54.1,56.0,0,0,19.76,21.1,33015,2,0,0,31.72
737585,53.43,55.0,54.1,56.0,0,0,19.95,21.08,33515,2,0,0,31.71
738091,53.43,55.0,54.1,56.0,0,0,19.95,21.08,34015,2,0,0,31.71
738597,53.41,55.0,54.1,56.0,0,0,20.06,21.07,34515,2,0,0,31.71
739103,53.4,55.0,54.1,56.0,0,0,20.1,21.07,35015,2,0,0,31.71
739609,53.4,55.0,54.1,56.0,0,0,20.1,21.07,35515,2,0,0,31.71
740115,53.4,55.0,54.1,56.0,0,0,20.1,21.07,36015,2,0,0,31.71
740621,53.4,55.0,54.1,56.0,0,0,20.94,21.08,36515,2,0,0,31.72
741127,53.43,55.0,54.1,56.0,0,0,20.34,21.1,37015,2,0,0,31.73
741633,53.4,55.0,54.1,56.0,0,0,20.49,21.1,37515,2,0,0,31.72
742139,53.4,55.0,54.1,56.0,0,0,20.49,21.08,38015,2,0,0,31.72
742645,53.42,55.0,54.1,56.0,0,0,20.43,21.1,38515,2,0,0,31.73
743151,53.44,55.0,54.1,56.0,0,0,20.69,21.11,39015,2,0,0,31.73
743657,53.39,55.0,54.1,56.0,0,0,20.58,21.11,39515,2,0,0,31.73
744163,53.39,55.0,54.1,56.0,0,0,20.58,21.09,40015,2,0,0,31.73
744669,53.39,55.0,54.1,56.0,0,0,20.58,21.09,40515,2,0,0,31.73
745175,53.37,55.0,54.1,56.0,0,0,20.81,21.08,41015,2,0,0,31.73
745681,53.37,55.0,54.1,56.0,0,0,20.81,21.08,41515,2,0,0,31.73
746187,53.38,55.0,54.1,56.0,0,0,21.22,21.08,42015,2,0,0,31.73
746693,53.38,55.0,54.1,56.0,0,0,21.66,21.09,42515,2,0,0,31.73
747201,53.38,55.0,54.1,56.0,0,0,21.66,21.09,43015,2,0,0,31.73
747707,53.37,55.0,54.1,56.0,0,0,20.97,21.08,43515,2,0,0,31.73
748213,53.37,55.0,54.1,56.0,0,0,20.97,21.08,44015,2,0,0,31.73
748719,53.37,55.0,54.1,56.0,0,0,20.97,21.08,44515,2,0,0,31.73
749225,53.38,55.0,54.1,56.0,0,0,21.29,21.09,45015,2,0,0,31.73
749731,53.3,55.0,54.1,56.0,0,0,20.97,21.09,45515,2,0,0,31.72
750237,53.33,55.0,54.1,56.0,0,0,21.38,21.05,46015,2,0,0,31.73
750743,53.33,55.0,54.1,56.0,0,0,21.38,21.07,46515,2,0,0,31.73
751250,53.34,55.0,54.1,56.0,0,0,21.51,21.07,47015,2,0,0,31.73
751757,53.34,55.0,54.1,56.0,0,0,21.51,21.08,47515,2,0,0,31.73
752263,53.35,55.0,54.1,56.0,0,0,21.87,21.08,48015,2,0,0,31.72
752769,53.35,55.0,54.1,56.0,0,0,21.87,21.06,48515,2,0,0,31.72
753275,53.37,55.0,54.1,56.0,0,0,21.64,21.06,49015,2,0,0,31.73
753781,53.38,55.0,54.1,56.0,0,0,21.7,21.08,49515,2,0,0,31.72
754287,53.38,55.0,54.1,56.0,0,0,21.7,21.07,50015,2,0,0,31.72
754793,53.34,55.0,54.1,56.0,0,0,21.79,21.07,50515,2,0,0,31.72
755299,53.34,55.0,54.1,56.0,0,0,21.79,21.06,51015,2,0,0,31.72
755805,53.35,55.0,54.1,56.0,0,0,22.05,21.06,51517,2,0,0,31.73
756311,53.35,55.0,54.1,56.0,0,0,22.05,21.08,52018,2,0,0,31.73
756817,53.35,55.0,54.1,56.0,0,0,22.05,21.08,52518,2,0,0,31.73
757323,53.35,55.0,54.1,56.0,0,0,22.0,21.08,53018,2,0,0,31.72
757829,53.35,55.0,54.1,56.0,0,0,22.0,21.06,53518,2,0,0,31.72
758339,53.35,55.0,54.1,56.0,0,0,22.13,21.06,54018,2,0,0,31.73
758846,53.35,55.0,54.1,56.0,0,0,22.13,21.08,54518,2,0,0,31.73
759352,53.39,55.0,54.1,56.0,0,0,22.0,21.08,55018,2,0,0,31.73
759858,53.39,55.0,54.1,56.0,0,0,22.0,21.09,55518,2,0,0,31.73
760364,53.39,55.0,54.1,56.0,0,0,22.11,21.09,56018,2,0,0,31.72
760870,53.41,55.0,54.1,56.0,0,0,22.42,21.08,56518,2,0,0,31.73
761376,53.41,55.0,54.1,56.0,0,0,22.42,21.1,57018,2,0,0,31.73
761883,53.41,55.0,54.1,56.0,0,0,22.42,21.1,57518,2,0,0,31.73
762389,53.41,55.0,54.1,56.0,0,0,22.42,21.1,58018,2,0,0,31.73
762895,53.43,55.0,54.1,56.0,0,0,22.24,21.1,59021,2,0,0,31.73
763401,53.43,55.0,54.1,56.0,0,0,22.24,21.1,59521,2,0,0,31.73
763907,53.42,55.0,54.1,56.0,0,0,22.42,21.1,60021,2,0,0,31.73
764413,53.42,55.0,54.1,56.0,0,0,22.42,21.1,60521,2,0,0,31.73
764919,53.44,55.0,54.1,56.0,0,0,22.59,21.11,61021,2,0,0,31.73
765425,53.44,55.0,54.1,56.0,0,0,22.59,21.11,61521,2,0,0,31.73
765931,53.43,55.0,54.1,56.0,0,0,22.55,21.08,62021,2,0,0,31.71
766437,53.48,55.0,54.1,56.0,0,0,22.83,21.12,62521,2,0,0,31.73
766943,53.48,55.0,54.1,56.0,0,0,22.83,21.12,63021,2,0,0,31.73
767449,53.48,55.0,54.1,56.0,0,0,22.83,21.12,63521,2,0,0,31.73
767955,53.46,55.0,54.1,56.0,0,0,22.85,21.12,64021,2,0,0,31.75
768461,53.46,55.0,54.1,56.0,0,0,22.85,21.12,64521,2,0,0,31.75
768967,53.52,55.0,54.1,56.0,0,0,23.07,21.14,65021,2,0,0,31.75
769473,53.52,55.0,54.1,56.0,0,0,23.07,21.14,65521,2,0,0,31.75
769979,53.52,55.0,54.1,56.0,0,0,23.07,21.14,66021,2,0,0,31.75
770485,53.52,55.0,54.1,56.0,0,0,23.07,21.14,66521,2,0,0,31.75
770991,53.52,55.0,54.1,56.0,0,0,23.13,21.13,67021,2,0,0,31.73
771497,53.56,55.0,54.1,56.0,0,0,23.11,21.14,67521,2,0,0,31.73
772003,53.56,55.0,54.1,56.0,0,0,23.11,21.14,68021,2,0,0,31.73
772510,53.57,55.0,54.1,56.0,0,0,23.02,21.14,68521,2,0,0,31.75
773017,53.57,55.0,54.1,56.0,0,0,23.02,21.16,69021,2,0,0,31.75
773523,53.53,55.0,54.1,56.0,0,0,23.24,21.13,69521,2,0,0,31.73
774029,53.58,55.0,54.1,56.0,0,0,23.2,21.13,70021,2,0,0,31.75
774535,53.58,55.0,54.1,56.0,0,0,23.2,21.16,70521,2,0,0,31.75
775041,53.62,55.0,54.1,56.0,0,0,23.13,21.16,71021,2,0,0,31.73
775547,53.62,55.0,54.1,56.0,0,0,23.13,21.16,71521,2,0,0,31.73
776053,53.62,55.0,54.1,56.0,0,0,23.37,21.15,72021,2,0,0,31.72
776559,53.62,55.0,54.1,56.0,0,0,23.63,21.16,72521,2,0,0,31.73
777065,53.62,55.0,54.1,56.0,0,0,23.63,21.16,73021,2,0,0,31.73
777571,53.67,55.0,54.1,56.0,0,0,23.59,21.18,73521,2,0,0,31.73
778077,53.67,55.0,54.1,56.0,0,0,23.59,21.18,74021,2,0,0,31.73
778583,53.67,55.0,54.1,56.0,0,0,23.5,21.18,74521,2,0,0,31.73
779089,53.69,55.0,54.1,56.0,0,0,23.55,21.18,75021,2,0,0,31.73
779595,53.69,55.0,54.1,56.0,0,0,23.55,21.18,75521,2,0,0,31.73
780101,53.71,55.0,54.1,56.0,0,0,23.63,21.19,76021,2,0,0,31.73
780607,53.71,55.0,54.1,56.0,0,0,23.63,21.19,76521,2,0,0,31.73
781113,53.73,55.0,54.1,56.0,0,0,23.63,21.19,77035,2,0,0,31.73
781619,53.73,55.0,54.1,56.0,0,0,23.63,21.19,77535,2,0,0,31.73
782125,53.71,55.0,54.1,56.0,0,0,23.18,21.19,78035,2,0,0,31.73
782631,53.71,55.0,54.1,56.0,0,0,23.18,21.19,78535,2,0,0,31.73
783137,53.74,55.0,54.1,56.0,0,0,24.05,21.2,79035,2,0,0,31.73
783643,53.8,55.0,54.1,56.0,0,0,23.68,21.24,79535,2,0,0,31.76
784149,53.76,55.0,54.1,56.0,0,0,23.92,21.24,80035,2,0,0,31.75
784658,53.76,55.0,54.1,56.0,0,0,23.92,21.22,80535,2,0,0,31.75
785165,53.8,55.0,54.1,56.0,0,0,23.74,21.24,81035,2,0,0,31.76
785671,53.8,55.0,54.1,56.0,0,0,23.74,21.24,81535,2,0,0,31.76
786177,53.8,55.0,54.1,56.0,0,0,23.74,21.24,82035,2,0,0,31.76
786683,53.8,55.0,54.1,56.0,0,0,24.16,21.24,82535,2,0,0,31.72
787189,53.81,55.0,54.1,56.0,0,0,23.96,21.2,83035,2,0,0,31.76
787695,53.83,55.0,54.1,56.0,0,0,23.7,21.24,83535,2,0,0,31.73
788201,53.83,55.0,54.1,56.0,0,0,23.7,21.23,84035,2,0,0,31.73
788707,53.81,55.0,54.1,56.0,0,0,24.09,21.23,84535,2,0,0,31.75
789213,53.84,55.0,54.1,56.0,0,0,24.16,21.23,85037,2,0,0,31.73
789719,53.84,55.0,54.1,56.0,0,0,24.16,21.23,85537,2,0,0,31.73
790225,53.91,55.0,54.1,56.0,0,0,24.29,21.25,86037,2,0,0,31.73
790731,53.89,55.0,54.1,56.0,0,0,24.09,21.24,86540,2,0,0,31.73
791237,53.89,55.0,54.1,56.0,0,0,24.09,21.24,87040,2,0,0,31.73
791743,53.93,55.0,54.1,56.0,0,0,24.31,21.27,87540,2,0,0,31.75
792249,53.93,55.0,54.1,56.0,0,0,24.31,21.27,88040,2,0,0,31.75
792755,53.92,55.0,54.1,56.0,0,0,24.33,21.27,88540,2,0,0,31.73
793261,53.96,55.0,54.1,56.0,0,0,24.31,21.25,89040,2,0,0,31.73
793767,53.96,55.0,54.1,56.0,0,0,24.51,21.26,89540,2,0,0,31.75
794274,54.0,55.0,54.1,56.0,0,0,24.42,21.28,90040,2,0,0,31.75
794781,54.0,55.0,54.1,56.0,0,0,24.42,21.29,90540,2,0,0,31.75
795287,53.95,55.0,54.1,56.0,0,0,24.66,21.27,91040,2,0,0,31.75
795793,53.97,55.0,54.1,56.0,0,0,24.55,21.27,91540,2,0,0,31.75
796299,53.97,55.0,54.1,56.0,0,0,24.68,21.28,92040,2,0,0,31.76
796805,53.97,55.0,54.1,56.0,0,0,24.68,21.29,92540,2,0,0,31.76
797311,54.0,55.0,54.1,56.0,0,0,24.55,21.29,93040,2,0,0,31.75
797817,54.0,55.0,54.1,56.0,0,0,24.55,21.29,93540,2,0,0,31.75
798323,54.02,55.0,54.1,56.0,0,0,24.92,21.29,94040,2,0,0,31.73
798829,54.02,55.0,54.1,56.0,0,0,24.92,21.28,94540,2,0,0,31.73
799335,54.04,55.0,54.1,56.0,0,0,24.77,21.28,95044,2,0,0,31.76
799841,54.02,55.0,54.1,56.0,0,0,24.99,21.31,95544,2,0,0,31.73
800347,54.02,55.0,54.1,56.0,0,0,24.99,21.28,96045,2,0,0,31.73
800853,54.02,55.0,54.1,56.0,0,0,24.99,21.28,96545,2,0,0,31.73
801359,54.06,55.0,54.1,56.0,0,0,24.92,21.28,97045,2,0,0,31.75
801865,54.06,55.0,54.1,56.0,0,0,24.92,21.31,97545,2,0,0,31.75
802371,54.1,55.0,54.1,56.0,0,0,25.21,21.31,98045,2,0,0,31.76
802877,54.07,55.0,54.1,56.0,1,0,24.95,21.33,0,2,0,0,31.77
803383,54.15,55.0,54.1,56.0,1,0,24.97,21.34,500,2,0,0,31.75
803889,54.12,55.0,54.1,56.0,1,0,25.03,21.33,1000,2,0,0,31.76
804396,54.12,55.0,54.1,56.0,1,0,25.03,21.34,1500,2,0,0,31.76
804902,54.12,55.0,54.1,56.0,1,0,25.03,21.34,2000,2,0,0,31.76
805408,54.12,55.0,54.1,56.0,1,0,25.03,21.34,2500,2,0,0,31.76
805914,54.13,55.0,54.1,56.0,1,0,24.9,21.34,3000,2,0,0,31.73
806420,54.13,55.0,54.1,56.0,1,0,24.9,21.32,3501,2,0,0,31.73
806926,54.16,55.0,54.1,56.0,1,0,24.9,21.32,4011,2,0,0,31.75
807432,54.16,55.0,54.1,56.0,1,0,24.9,21.34,4517,2,0,0,31.75
807938,54.16,55.0,54.1,56.0,1,0,24.9,21.34,5519,2,0,0,31.75
808444,54.16,55.0,54.1,56.0,1,0,24.81,21.34,6019,2,0,0,31.75
808950,54.18,55.0,54.1,56.0,1,0,24.79,21.36,6519,2,0,0,31.76
809456,54.22,55.0,54.1,56.0,1,0,24.77,21.34,7019,2,0,0,31.73
809962,54.22,55.0,54.1,56.0,1,0,24.77,21.34,7519,2,0,0,31.73
810468,54.21,55.0,54.1,56.0,1,0,24.46,21.34,8019,2,0,0,31.73
810974,54.2,55.0,54.1,56.0,1,0,24.55,21.36,8519,2,0,0,31.76
811484,54.21,55.0,54.1,56.0,1,0,24.99,21.36,9019,2,0,0,31.75
811991,54.21,55.0,54.1,56.0,1,0,24.99,21.35,9519,2,0,0,31.75
812497,54.22,55.0,54.1,56.0,1,0,24.33,21.37,10019,2,0,0,31.76
813003,54.24,55.0,54.1,56.0,1,0,24.16,21.35,10519,2,0,0,31.73
813509,54.24,55.0,54.1,56.0,1,0,24.16,21.35,11019,2,0,0,31.73
814015,54.26,55.0,54.1,56.0,1,0,24.2,21.38,11519,2,0,0,31.76
814521,54.31,55.0,54.1,56.0,1,0,24.16,21.4,12019,2,0,0,31.76
815027,54.32,55.0,54.1,56.0,1,0,23.92,21.4,12519,2,0,0,31.76
815533,54.32,55.0,54.1,56.0,1,0,23.92,21.4,13019,2,0,0,31.76
816043,54.32,55.0,54.1,56.0,1,0,24.18,21.4,13519,2,0,0,31.75
816550,54.32,55.0,54.1,56.0,1,0,24.18,21.39,14022,2,0,0,31.75
817056,54.32,55.0,54.1,56.0,1,0,24.18,21.39,14522,2,0,0,31.75
817562,54.32,55.0,54.1,56.0,1,0,23.7,21.39,15022,2,0,0,31.75
818068,54.35,55.0,54.1,56.0,1,0,24.11,21.39,15522,2,0,0,31.75
818574,54.35,55.0,54.1,56.0,1,0,24.11,21.39,16022,2,0,0,31.75
819080,54.36,55.0,54.1,56.0,1,0,23.35,21.41,16522,2,0,0,31.76
819587,54.36,55.0,54.1,56.0,1,0,23.35,21.41,17022,2,0,0,31.76
820093,54.4,55.0,54.1,56.0,1,0,23.2,21.41,17522,2,0,0,31.75
820599,54.4,55.0,54.1,56.0,1,0,23.2,21.41,18022,2,0,0,31.75
821105,54.37,55.0,54.1,56.0,1,0,23.65,21.4,18522,2,0,0,31.75
821611,54.37,55.0,54.1,56.0,1,0,23.65,21.4,19022,2,0,0,31.75
822117,54.37,55.0,54.1,56.0,1,0,23.65,21.4,19522,2,0,0,31.75
822623,54.45,55.0,54.1,56.0,1,0,22.83,21.42,20023,2,0,0,31.75
823129,54.45,55.0,54.1,56.0,1,0,22.83,21.42,20523,2,0,0,31.75
823635,54.45,55.0,54.1,56.0,1,0,22.83,21.42,21023,2,0,0,31.75
824141,54.49,55.0,54.1,56.0,1,0,22.42,21.45,21523,2,0,0,31.76
824647,54.54,55.0,54.1,56.0,1,0,22.52,21.45,22023,2,0,0,31.76
825153,54.54,55.0,54.1,56.0,1,0,22.52,21.46,22523,2,0,0,31.76
825659,54.59,55.0,54.1,56.0,1,0,22.42,21.48,23023,2,0,0,31.76
826165,54.57,55.0,54.1,56.0,1,0,22.31,21.45,23523,2,0,0,31.73
826671,54.64,55.0,54.1,56.0,1,0,22.22,21.49,24023,2,0,0,31.76
827177,54.64,55.0,54.1,56.0,1,0,22.22,21.49,24523,2,0,0,31.76
827683,54.64,55.0,54.1,56.0,1,0,22.22,21.49,25023,2,0,0,31.76
828189,54.65,55.0,54.1,56.0,1,0,22.0,21.48,25523,2,0,0,31.75
828695,54.65,55.0,54.1,56.0,1,0,22.0,21.48,26026,2,0,0,31.75
829201,54.7,55.0,54.1,56.0,1,0,21.81,21.49,26527,2,0,0,31.73
829707,54.7,55.0,54.1,56.0,1,0,21.81,21.49,27027,2,0,0,31.73
830213,54.77,55.0,54.1,56.0,1,0,21.98,21.52,27527,2,0,0,31.75
830719,54.77,55.0,54.1,56.0,1,0,21.98,21.52,28027,2,0,0,31.75
831225,54.83,55.0,54.1,56.0,1,0,21.68,21.53,28527,2,0,0,31.73
831731,54.86,55.0,54.1,56.0,1,0,21.53,21.53,29027,2,0,0,31.73
832237,54.86,55.0,54.1,56.0,1,0,21.53,21.53,29527,2,0,0,31.73
832743,54.86,55.0,54.1,56.0,1,0,21.53,21.53,30027,2,0,0,31.73
833249,54.94,55.0,54.1,56.0,1,0,21.16,21.53,30527,2,0,0,31.73
833757,54.94,55.0,54.1,56.0,1,0,21.16,21.56,31027,2,0,0,31.73
834264,54.98,55.0,54.1,56.0,1,0,21.38,21.61,31527,2,0,0,31.77
834770,55.04,55.0,54.1,56.0,1,0,20.99,21.61,32027,2,0,0,31.77
835276,55.06,55.0,54.1,56.0,1,0,20.88,21.63,32527,2,0,0,31.75
835782,55.06,55.0,54.1,56.0,1,0,20.88,21.61,33027,2,0,0,31.75
836288,55.06,55.0,54.1,56.0,1,0,20.88,21.61,33527,2,0,0,31.75
836794,55.14,55.0,54.1,56.0,1,0,20.71,21.61,34027,2,0,0,31.75
837300,55.14,55.0,54.1,56.0,1,0,20.71,21.63,34527,2,0,0,31.75
837807,55.21,55.0,54.1,56.0,1,0,20.53,21.63,35027,2,0,0,31.75
838314,55.21,55.0,54.1,56.0,1,0,20.53,21.65,35527,2,0,0,31.75
838820,55.23,55.0,54.1,56.0,1,0,20.19,21.65,36027,2,0,0,31.76
839326,55.23,55.0,54.1,56.0,1,0,20.62,21.67,36527,2,0,0,31.75
839832,55.23,55.0,54.1,56.0,1,0,20.62,21.66,37027,2,0,0,31.75
840338,55.23,55.0,54.1,56.0,1,0,20.62,21.66,37527,2,0,0,31.75
840844,55.29,55.0,54.1,56.0,1,0,20.3,21.67,38027,2,0,0,31.75
841350,55.36,55.0,54.1,56.0,1,0,20.21,21.67,38527,2,0,0,31.75
841856,55.35,55.0,54.1,56.0,1,0,20.04,21.7,39027,2,0,0,31.75
842362,55.35,55.0,54.1,56.0,1,0,20.04,21.69,39527,2,1,0,31.75
842868,55.37,55.0,54.1,56.0,0,0,19.97,21.69,0,2,1,0,31.73
843374,55.44,55.0,54.1,56.0,0,0,19.8,21.69,500,2,1,0,31.75
843880,55.44,55.0,54.1,56.0,0,0,19.8,21.72,1000,2,1,0,31.75
844386,55.42,55.0,54.1,56.0,0,0,20.4,21.72,1503,2,0,0,31.76
844892,55.46,55.0,54.1,56.0,0,0,19.65,21.72,2003,2,0,0,31.76
845398,55.46,55.0,54.1,56.0,0,0,19.35,21.74,2503,2,1,0,31.76
845904,55.46,55.0,54.1,56.0,0,0,19.35,21.74,3003,2,1,0,31.76
846410,55.5,55.0,54.1,56.0,0,0,19.54,21.75,3503,2,1,0,31.76
846916,55.53,55.0,54.1,56.0,0,0,19.61,21.75,4003,2,1,0,31.76
847422,55.53,55.0,54.1,56.0,0,0,19.61,21.76,4503,2,1,0,31.76
847928,55.5,55.0,54.1,56.0,0,0,19.37,21.76,5003,2,1,0,31.76
848434,55.55,55.0,54.1,56.0,0,0,19.61,21.75,5503,2,1,0,31.76
848940,55.55,55.0,54.1,56.0,0,0,19.61,21.76,6003,2,1,0,31.76
849446,55.57,55.0,54.1,56.0,0,0,19.74,21.76,6503,2,1,0,31.76
849952,55.57,55.0,54.1,56.0,0,0,19.74,21.77,7506,2,1,0,31.76
850459,55.57,55.0,54.1,56.0,0,0,19.74,21.77,8006,2,1,0,31.76
850966,55.55,55.0,54.1,56.0,0,0,19.13,21.75,8506,2,1,0,31.75
851472,55.55,55.0,54.1,56.0,0,0,19.13,21.75,9006,2,1,0,31.75
851978,55.55,55.0,54.1,56.0,0,0,19.13,21.75,9506,2,1,0,31.75
852484,55.57,55.0,54.1,56.0,0,0,19.76,21.78,10006,2,1,0,31.77
852990,55.59,55.0,54.1,56.0,0,0,19.61,21.78,10506,2,1,0,31.76
853496,55.55,55.0,54.1,56.0,0,0,19.78,21.74,11006,2,1,0,31.73
854002,55.55,55.0,54.1,56.0,0,0,19.78,21.74,11506,2,1,0,31.73
854508,55.55,55.0,54.1,56.0,0,0,19.74,21.76,12006,2,1,0,31.76
855014,55.55,55.0,54.1,56.0,0,0,19.74,21.76,12506,2,1,0,31.76
855520,55.55,55.0,54.1,56.0,0,0,19.82,21.75,13006,2,1,0,31.75
856026,55.53,55.0,54.1,56.0,0,0,20.04,21.76,13506,2,1,0,31.76
856532,55.53,55.0,54.1,56.0,0,0,20.04,21.76,14006,2,1,0,31.76
857038,55.59,55.0,54.1,56.0,0,0,20.08,21.76,14506,2,1,0,31.75
857544,55.48,55.0,54.1,56.0,0,0,20.75,21.76,15006,2,1,0,31.77
858050,55.48,55.0,54.1,56.0,0,0,20.75,21.76,15506,2,0,0,31.77
858556,55.51,55.0,54.1,56.0,0,0,20.23,21.74,16006,2,1,0,31.75
859062,55.51,55.0,54.1,56.0,0,0,20.23,21.74,16506,2,1,0,31.75
859568,55.51,55.0,54.1,56.0,0,0,20.23,21.74,17006,2,1,0,31.75
860074,55.46,55.0,54.1,56.0,0,0,20.34,21.7,17506,2,0,0,31.72
860580,55.46,55.0,54.1,56.0,0,0,20.43,21.7,18006,2,0,0,31.75
861086,55.46,55.0,54.1,56.0,0,0,20.43,21.73,18506,2,0,0,31.75
861592,55.48,55.0,54.1,56.0,0,0,20.45,21.74,19006,2,0,0,31.76
862098,55.42,55.0,54.1,56.0,0,0,20.56,21.74,19506,2,0,0,31.75
862619,55.41,55.0,54.1,56.0,1,0,20.64,21.71,0,2,0,0,31.75
863125,55.41,55.0,54.1,56.0,1,0,20.64,21.71,500,2,0,0,31.75
863631,55.4,55.0,54.1,56.0,1,0,20.6,21.71,1000,2,0,0,31.75
864137,55.4,55.0,54.1,56.0,1,0,20.6,21.71,1500,2,0,0,31.75
864643,55.36,55.0,54.1,56.0,1,0,20.79,21.7,2000,2,0,0,31.75
865149,55.36,55.0,54.1,56.0,1,0,20.71,21.7,2500,2,0,0,31.75
865655,55.37,55.0,54.1,56.0,1,0,20.53,21.7,3000,2,0,0,31.76
866161,55.37,55.0,54.1,56.0,1,0,20.53,21.71,3500,2,0,0,31.76
866667,55.34,55.0,54.1,56.0,1,0,20.64,21.71,4000,2,0,0,31.75
867173,55.34,55.0,54.1,56.0,1,0,20.64,21.69,4500,2,0,0,31.75
867679,55.34,55.0,54.1,56.0,1,0,20.64,21.69,5003,2,0,0,31.75
868185,55.34,55.0,54.1,56.0,1,0,20.64,21.69,5503,2,0,0,31.75
868691,55.34,55.0,54.1,56.0,1,0,20.64,21.69,6003,2,0,0,31.75
869197,55.26,55.0,54.1,56.0,1,0,20.71,21.67,6503,2,0,0,31.75
869703,55.26,55.0,54.1,56.0,1,0,20.71,21.67,7003,2,0,0,31.75
870209,55.27,55.0,54.1,56.0,1,0,20.79,21.67,7503,2,0,0,31.75
870715,55.27,55.0,54.1,56.0,1,0,20.66,21.67,8003,2,0,0,31.73
871221,55.27,55.0,54.1,56.0,1,0,20.66,21.66,8503,2,0,0,31.73
871727,55.27,55.0,54.1,56.0,1,0,20.66,21.66,9003,2,0,0,31.73
872233,55.24,55.0,54.1,56.0,1,0,20.66,21.66,9503,2,0,0,31.75
872739,55.24,55.0,54.1,56.0,1,0,20.66,21.66,10003,2,0,0,31.75
873245,55.21,55.0,54.1,56.0,1,0,20.02,21.66,10503,2,0,0,31.76
873751,55.21,55.0,54.1,56.0,1,0,20.02,21.66,11003,2,1,0,31.76
874257,55.2,55.0,54.1,56.0,1,0,20.3,21.66,11503,2,1,0,31.76
874763,55.2,55.0,54.1,56.0,1,0,20.3,21.66,12003,2,0,0,31.76
875269,55.2,55.0,54.1,56.0,1,0,20.3,21.66,12503,2,0,0,31.76
875775,55.21,55.0,54.1,56.0,1,0,20.15,21.64,13003,2,0,0,31.73
876281,55.17,55.0,54.1,56.0,1,0,19.67,21.64,13503,2,0,0,31.75
876788,55.17,55.0,54.1,56.0,1,0,19.67,21.64,14003,2,1,0,31.75
877295,55.16,55.0,54.1,56.0,1,0,20.0,21.64,14503,2,1,0,31.75
877801,55.12,55.0,54.1,56.0,1,0,19.89,21.64,15003,2,1,0,31.73
878307,55.15,55.0,54.1,56.0,1,0,19.91,21.61,15503,2,1,0,31.76
878813,55.15,55.0,54.1,56.0,1,0,19.91,21.65,16003,2,1,0,31.76
879319,55.15,55.0,54.1,56.0,1,0,19.78,21.65,16503,2,1,0,31.73
879825,55.15,55.0,54.1,56.0,1,0,19.78,21.62,17003,2,1,0,31.73
880331,55.15,55.0,54.1,56.0,1,0,19.78,21.62,17503,2,1,0,31.73
880837,55.15,55.0,54.1,56.0,1,0,19.78,21.62,18003,2,1,0,31.73
881343,55.15,55.0,54.1,56.0,1,0,19.65,21.66,18503,2,1,0,31.77
881849,55.16,55.0,54.1,56.0,1,0,19.63,21.66,19003,2,1,0,31.75
882355,55.14,55.0,54.1,56.0,1,0,19.78,21.64,19503,2,1,0,31.75
882861,55.14,55.0,54.1,56.0,1,0,19.78,21.63,20003,2,1,0,31.75
883367,55.1,55.0,54.1,56.0,1,0,19.46,21.63,20503,2,1,0,31.73
883873,55.14,55.0,54.1,56.0,1,0,19.31,21.6,21003,2,1,0,31.76
884379,55.14,55.0,54.1,56.0,1,0,19.31,21.64,21503,2,1,0,31.76
884885,55.1,55.0,54.1,56.0,1,0,19.11,21.63,22003,2,1,0,31.76
885391,55.14,55.0,54.1,56.0,1,0,19.09,21.63,22503,2,1,0,31.75
885897,55.14,55.0,54.1,56.0,1,0,19.09,21.63,23003,2,1,0,31.75
886403,55.14,55.0,54.1,56.0,1,0,18.92,21.63,23503,2,1,0,31.75
886909,55.14,55.0,54.1,56.0,1,0,18.92,21.63,24003,2,1,0,31.75
887415,55.1,55.0,54.1,56.0,1,0,18.94,21.63,24503,2,1,0,31.73
887921,55.11,55.0,54.1,56.0,1,0,18.81,21.6,25003,2,1,0,31.75
888427,55.09,55.0,54.1,56.0,1,0,18.72,21.62,25503,2,1,0,31.76
888933,55.09,55.0,54.1,56.0,1,0,18.72,21.63,26003,2,1,0,31.76
889439,55.09,55.0,54.1,56.0,1,0,18.62,21.63,26503,2,1,0,31.76
889948,55.11,55.0,54.1,56.0,1,0,18.68,21.63,27003,2,1,0,31.75
890455,55.11,55.0,54.1,56.0,1,0,18.68,21.62,27507,2,1,0,31.75
890961,55.1,55.0,54.1,56.0,1,0,18.57,21.63,28509,2,1,0,31.76
891467,55.1,55.0,54.1,56.0,1,0,18.57,21.63,29009,2,1,0,31.76
891973,55.09,55.0,54.1,56.0,1,0,18.51,21.61,29509,2,1,0,31.75
892479,55.05,55.0,54.1,56.0,1,0,18.4,21.62,30009,2,1,0,31.76
892985,55.05,55.0,54.1,56.0,1,0,18.4,21.62,30509,2,1,0,31.76
893491,55.05,55.0,54.1,56.0,1,0,18.36,21.6,31009,2,1,0,31.75
893997,55.05,55.0,54.1,56.0,1,0,18.36,21.6,31509,2,1,0,31.75
894503,55.02,55.0,54.1,56.0,1,0,18.4,21.61,32009,2,1,0,31.76
895009,55.0,55.0,54.1,56.0,1,0,18.12,21.59,32509,2,1,0,31.75
895515,55.0,55.0,54.1,56.0,1,0,18.16,21.59,33009,2,1,0,31.75
896021,55.0,55.0,54.1,56.0,1,0,18.16,21.59,33509,2,1,0,31.75
896527,55.01,55.0,54.1,56.0,1,0,18.06,21.59,34009,2,1,0,31.75
897033,55.01,55.0,54.1,56.0,1,0,18.06,21.59,34512,2,1,0,31.75
897539,54.92,55.0,54.1,56.0,1,0,17.8,21.58,35012,2,1,0,31.76
898045,54.92,55.0,54.1,56.0,1,0,17.8,21.58,35512,2,1,0,31.76
898551,54.94,55.0,54.1,56.0,1,0,17.86,21.56,36012,2,1,0,31.73
899057,54.94,55.0,54.1,56.0,1,0,17.86,21.56,36512,2,1,0,31.73
899563,54.94,55.0,54.1,56.0,1,0,17.86,21.56,37012,2,1,0,31.73
900069,54.88,55.0,54.1,56.0,1,0,17.54,21.55,37512,2,1,0,31.75
900575,54.88,55.0,54.1,56.0,1,0,17.54,21.55,38012,2,1,0,31.75
901081,54.83,55.0,54.1,56.0,1,0,17.5,21.54,38512,2,1,0,31.75
901587,54.75,55.0,54.1,56.0,1,0,17.35,21.51,39012,2,1,0,31.75
902093,54.77,55.0,54.1,56.0,1,0,17.45,21.51,39512,2,1,0,31.75
902599,54.77,55.0,54.1,56.0,0,0,17.45,21.52,0,2,1,0,31.75
903105,54.77,55.0,54.1,56.0,0,0,17.45,21.52,500,2,1,0,31.75
903611,54.75,55.0,54.1,56.0,0,0,17.35,21.51,1000,2,1,0,31.75
904117,54.71,55.0,54.1,56.0,0,0,17.3,21.49,1507,2,1,0,31.73
904623,54.71,55.0,54.1,56.0,0,0,17.3,21.49,2007,2,1,0,31.73
905129,54.67,55.0,54.1,56.0,0,0,17.07,21.5,2507,2,1,0,31.76
905635,54.65,55.0,54.1,56.0,0,0,17.04,21.5,3007,2,1,0,31.76
906141,54.65,55.0,54.1,56.0,0,0,17.04,21.5,3507,2,1,0,31.76
906647,54.57,55.0,54.1,56.0,0,0,17.13,21.5,4007,2,1,0,31.75
907153,54.57,55.0,54.1,56.0,0,0,17.13,21.46,4507,2,1,0,31.75
907659,54.55,55.0,54.1,56.0,0,0,17.15,21.44,5007,2,1,0,31.73
908165,54.47,55.0,54.1,56.0,0,0,17.0,21.44,5507,2,1,0,31.72
908671,54.44,55.0,54.1,56.0,0,0,17.22,21.4,6007,2,1,0,31.75
909177,54.44,55.0,54.1,56.0,0,0,17.22,21.42,6507,2,1,0,31.75
909683,54.44,55.0,54.1,56.0,0,0,17.22,21.42,7007,2,1,0,31.75
910189,54.44,55.0,54.1,56.0,0,0,17.22,21.42,7507,2,1,0,31.75
910695,54.32,55.0,54.1,56.0,0,0,17.3,21.39,8007,2,1,0,31.75
911201,54.32,55.0,54.1,56.0,0,0,17.3,21.39,8507,2,1,0,31.75
911707,54.32,55.0,54.1,56.0,0,0,17.3,21.39,9007,2,1,0,31.75
912213,54.28,55.0,54.1,56.0,0,0,17.54,21.37,9507,2,1,0,31.75
912719,54.24,55.0,54.1,56.0,0,0,17.45,21.37,10007,2,1,0,31.76
913226,54.24,55.0,54.1,56.0,0,0,17.45,21.37,10507,2,1,0,31.76
913733,54.2,55.0,54.1,56.0,0,0,17.43,21.35,11007,2,1,0,31.75
914239,54.2,55.0,54.1,56.0,0,0,17.43,21.35,11507,2,1,0,31.75
914745,54.13,55.0,54.1,56.0,0,0,18.1,21.32,12007,2,1,0,31.73
915251,54.08,55.0,54.1,56.0,0,0,17.69,21.32,12507,2,1,0,31.73
915757,54.08,55.0,54.1,56.0,0,0,17.69,21.3,13007,2,1,0,31.73
916263,54.05,55.0,54.1,56.0,0,0,17.67,21.3,13507,2,1,0,31.75
916769,54.02,55.0,54.1,56.0,0,0,17.73,21.3,14007,2,1,0,31.73
917277,54.02,55.0,54.1,56.0,0,0,17.73,21.28,14507,2,1,0,31.73
917784,53.92,55.0,54.1,56.0,0,0,18.01,21.24,15007,2,1,0,31.72
918290,53.91,55.0,54.1,56.0,0,0,18.62,21.27,15521,2,1,0,31.76
918796,53.91,55.0,54.1,56.0,0,0,18.62,21.27,16021,2,1,0,31.76
919302,53.91,55.0,54.1,56.0,0,0,18.62,21.27,16521,2,1,0,31.76
919808,53.82,55.0,54.1,56.0,0,0,18.19,21.23,17021,2,1,0,31.75
920314,53.8,55.0,54.1,56.0,0,0,18.27,21.23,17521,2,1,0,31.73
920820,53.8,55.0,54.1,56.0,0,0,18.27,21.21,18021,2,1,0,31.73
921326,53.8,55.0,54.1,56.0,0,0,18.27,21.21,18521,2,1,0,31.73
921832,53.8,55.0,54.1,56.0,0,0,18.27,21.21,19021,2,1,0,31.73
922338,53.65,55.0,54.1,56.0,0,0,18.36,21.21,19521,2,1,0,31.72
922844,53.58,55.0,54.1,56.0,0,0,18.44,21.16,20021,2,1,0,31.72
923350,53.58,55.0,54.1,56.0,0,0,18.44,21.13,20521,2,1,0,31.72
923856,53.6,55.0,54.1,56.0,0,0,18.6,21.13,21021,2,1,0,31.75
924362,53.58,55.0,54.1,56.0,0,0,18.64,21.17,21521,2,1,0,31.75
924868,53.58,55.0,54.1,56.0,0,0,18.64,21.16,22021,2,1,0,31.75
925374,53.49,55.0,54.1,56.0,0,0,18.72,21.11,22521,2,1,0,31.72
925880,53.48,55.0,54.1,56.0,0,0,18.83,21.11,23021,2,1,0,31.73
926386,53.48,55.0,54.1,56.0,0,0,18.83,21.12,23521,2,1,0,31.73
926892,53.44,55.0,54.1,56.0,0,0,18.85,21.11,24021,2,1,0,31.73
927398,53.44,55.0,54.1,56.0,0,0,18.85,21.11,24521,2,1,0,31.73
927904,53.38,55.0,54.1,56.0,0,0,18.42,21.11,25021,2,1,0,31.75
928410,53.39,55.0,54.1,56.0,0,0,18.92,21.1,25521,2,1,0,31.73
928928,53.33,55.0,54.1,56.0,0,0,19.18,21.09,26021,2,1,0,31.75
929435,53.33,55.0,54.1,56.0,0,0,19.18,21.09,26521,2,1,0,31.75
929941,53.33,55.0,54.1,56.0,0,0,19.18,21.09,27021,2,1,0,31.75
930447,53.31,55.0,54.1,56.0,0,0,19.26,21.09,27521,2,1,0,31.73
930953,53.28,55.0,54.1,56.0,0,0,19.67,21.07,28021,2,1,0,31.75
931459,53.28,55.0,54.1,56.0,0,0,19.67,21.07,28521,2,0,0,31.75
931965,53.29,55.0,54.1,56.0,0,0,19.44,21.05,29037,2,1,0,31.72
932471,53.25,55.0,54.1,56.0,0,0,19.65,21.05,29537,2,1,0,31.72
932977,53.23,55.0,54.1,56.0,0,0,19.69,21.03,30037,2,0,0,31.72
933483,53.23,55.0,54.1,56.0,0,0,19.69,21.03,30537,2,0,0,31.72
933989,53.2,55.0,54.1,56.0,0,0,20.56,21.03,31037,2,0,0,31.75
934495,53.22,55.0,54.1,56.0,0,0,19.76,21.04,31537,2,0,0,31.75
935001,53.19,55.0,54.1,56.0,0,0,19.8,21.03,32537,2,0,0,31.73
935507,53.19,55.0,54.1,56.0,0,0,19.8,21.03,33037,2,0,0,31.73
936013,53.15,55.0,54.1,56.0,0,0,19.91,21.02,33537,2,0,0,31.73
936519,53.15,55.0,54.1,56.0,0,0,19.91,21.02,34037,2,0,0,31.73
937025,53.13,55.0,54.1,56.0,0,0,20.02,21.01,34537,2,0,0,31.73
937531,53.13,55.0,54.1,56.0,0,0,20.02,21.01,35037,2,0,0,31.73
938037,53.14,55.0,54.1,56.0,0,0,20.38,21.01,35537,2,0,0,31.73
938543,53.12,55.0,54.1,56.0,0,0,20.43,21.01,36037,2,0,0,31.75
939049,53.12,55.0,54.1,56.0,0,0,20.43,21.02,36537,2,0,0,31.75
939555,53.11,55.0,54.1,56.0,0,0,20.21,21.02,37037,2,0,0,31.75
940061,53.09,55.0,54.1,56.0,0,0,20.49,21.0,37537,2,0,0,31.73
940567,53.09,55.0,54.1,56.0,0,0,20.49,21.0,38037,2,0,0,31.73
941073,53.13,55.0,54.1,56.0,0,0,20.36,21.01,38537,2,0,0,31.73
941579,53.13,55.0,54.1,56.0,0,0,20.49,21.0,39037,2,0,0,31.72
942085,53.09,55.0,54.1,56.0,0,0,20.6,21.0,39537,2,0,0,31.73
942591,53.09,55.0,54.1,56.0,0,0,20.6,21.0,40037,2,0,0,31.73
943097,53.1,55.0,54.1,56.0,0,0,20.6,21.0,40537,2,0,0,31.73
943603,53.08,55.0,54.1,56.0,0,0,20.81,21.01,41037,2,0,0,31.75
944109,53.08,55.0,54.1,56.0,0,0,20.81,21.01,41537,2,0,0,31.75
944615,53.08,55.0,54.1,56.0,0,0,20.81,21.01,42037,2,0,0,31.75
945121,53.08,55.0,54.1,56.0,0,0,20.81,21.01,42537,2,0,0,31.75
945627,53.12,55.0,54.1,56.0,0,0,20.92,20.99,43037,2,0,0,31.72
946133,53.08,55.0,54.1,56.0,0,0,20.86,20.98,43537,2,0,0,31.72
946639,53.09,55.0,54.1,56.0,0,0,20.92,20.98,44037,2,0,0,31.75
947145,53.09,55.0,54.1,56.0,0,0,20.92,21.01,44537,2,0,0,31.75
947651,53.09,55.0,54.1,56.0,0,0,21.05,21.01,45037,2,0,0,31.75
948157,53.09,55.0,54.1,56.0,0,0,21.05,21.01,45537,2,0,0,31.75
948663,53.08,55.0,54.1,56.0,0,0,21.27,21.01,46053,2,0,0,31.75
949169,53.08,55.0,54.1,56.0,0,0,21.27,21.01,46553,2,0,0,31.75
949675,53.08,55.0,54.1,56.0,0,0,21.27,21.01,47053,2,0,0,31.75
950181,53.14,55.0,54.1,56.0,0,0,21.38,21.03,47553,2,0,0,31.75
950687,53.14,55.0,54.1,56.0,0,0,21.38,21.03,48053,2,0,0,31.75
951193,53.13,55.0,54.1,56.0,0,0,21.38,21.01,48553,2,0,0,31.73
951699,53.13,55.0,54.1,56.0,0,0,21.38,21.01,49053,2,0,0,31.73
952205,53.13,55.0,54.1,56.0,0,0,21.66,21.01,49553,2,0,0,31.73
952711,53.13,55.0,54.1,56.0,0,0,21.66,21.01,50053,2,0,0,31.73
953217,53.13,55.0,54.1,56.0,0,0,21.66,21.01,50553,2,0,0,31.73
953723,53.14,55.0,54.1,56.0,0,0,21.7,21.01,51066,2,0,0,31.73
954229,53.14,55.0,54.1,56.0,0,0,21.7,21.01,51566,2,0,0,31.73
954735,53.2,55.0,54.1,56.0,0,0,21.83,21.01,52066,2,0,0,31.75
955241,53.2,55.0,54.1,56.0,0,0,21.83,21.04,52566,2,0,0,31.75
955747,53.2,55.0,54.1,56.0,0,0,21.83,21.04,53066,2,0,0,31.75
956253,53.21,55.0,54.1,56.0,0,0,21.74,21.04,53566,2,0,0,31.75
956759,53.21,55.0,54.1,56.0,0,0,21.74,21.05,54066,2,0,0,31.75
957265,53.19,55.0,54.1,56.0,0,0,21.85,21.02,54566,2,0,0,31.72
957771,53.19,55.0,54.1,56.0,0,0,21.85,21.02,55066,2,0,0,31.72
958277,53.2,55.0,54.1,56.0,0,0,21.98,21.02,55566,2,0,0,31.73
958783,53.2,55.0,54.1,56.0,0,0,21.98,21.03,56066,2,0,0,31.73
959289,53.23,55.0,54.1,56.0,0,0,21.98,21.01,56566,2,0,0,31.71
959795,53.23,55.0,54.1,56.0,0,0,21.98,21.01,57070,2,0,0,31.71
960301,53.24,55.0,54.1,56.0,0,0,22.31,21.01,57570,2,0,0,31.73
960807,53.23,55.0,54.1,56.0,0,0,22.33,21.05,58070,2,0,0,31.75
961323,53.23,55.0,54.1,56.0,0,0,22.35,21.06,58570,2,0,0,31.73
961830,53.23,55.0,54.1,56.0,0,0,22.35,21.04,59070,2,0,0,31.73
962336,53.25,55.0,54.1,56.0,0,0,22.2,21.07,59570,2,0,0,31.76
962842,53.29,55.0,54.1,56.0,0,0,22.44,21.07,60070,2,0,0,31.76
963348,53.29,55.0,54.1,56.0,0,0,22.44,21.08,60570,2,0,0,31.76
963854,53.29,55.0,54.1,56.0,0,0,22.46,21.07,61070,2,0,0,31.75
964360,53.32,55.0,54.1,56.0,0,0,22.33,21.07,61570,2,0,0,31.75
964866,53.32,55.0,54.1,56.0,0,0,22.33,21.08,62070,2,0,0,31.75
965372,53.32,55.0,54.1,56.0,0,0,22.59,21.08,62570,2,0,0,31.75
965878,53.35,55.0,54.1,56.0,0,0,22.57,21.08,63070,2,0,0,31.75
966384,53.35,55.0,54.1,56.0,0,0,22.57,21.09,63570,2,0,0,31.75
966890,53.37,55.0,54.1,56.0,0,0,22.59,21.09,64070,2,0,0,31.77
967396,53.37,55.0,54.1,56.0,0,0,22.96,21.12,64570,2,0,0,31.73
967902,53.37,55.0,54.1,56.0,0,0,22.96,21.08,65070,2,0,0,31.73
968408,53.38,55.0,54.1,56.0,0,0,22.98,21.08,65570,2,0,0,31.75
968914,53.42,55.0,54.1,56.0,0,0,22.94,21.1,66070,2,0,0,31.77
969420,53.42,55.0,54.1,56.0,0,0,22.94,21.14,66570,2,0,0,31.77
969926,53.42,55.0,54.1,56.0,0,0,22.94,21.14,67072,2,0,0,31.77
970432,53.43,55.0,54.1,56.0,0,0,23.0,21.14,67572,2,0,0,31.76
970938,53.42,55.0,54.1,56.0,0,0,23.05,21.13,68072,2,0,0,31.73
971444,53.42,55.0,54.1,56.0,0,0,23.05,21.1,68572,2,0,0,31.73
971950,53.47,55.0,54.1,56.0,0,0,22.96,21.1,69072,2,0,0,31.73
972456,53.47,55.0,54.1,56.0,0,0,22.96,21.12,69572,2,0,0,31.73
972962,53.46,55.0,54.1,56.0,0,0,23.18,21.12,70072,2,0,0,31.76
973468,53.48,55.0,54.1,56.0,0,0,23.11,21.14,70572,2,0,0,31.75
973987,53.52,55.0,54.1,56.0,0,0,23.24,21.13,71072,2,0,0,31.75
974494,53.52,55.0,54.1,56.0,0,0,23.24,21.14,71572,2,0,0,31.75
975000,53.52,55.0,54.1,56.0,0,0,23.24,21.14,72072,2,0,0,31.75
975506,53.56,55.0,54.1,56.0,0,0,23.5,21.14,72572,2,0,0,31.76
976012,53.56,55.0,54.1,56.0,0,0,23.39,21.17,73072,2,0,0,31.76
976518,53.56,55.0,54.1,56.0,0,0,23.39,21.17,73572,2,0,0,31.76
977024,53.57,55.0,54.1,56.0,0,0,23.46,21.17,74072,2,0,0,31.73
977531,53.57,55.0,54.1,56.0,0,0,23.46,21.14,74572,2,0,0,31.73
978038,53.57,55.0,54.1,56.0,0,0,23.46,21.14,75574,2,0,0,31.73
978544,53.63,55.0,54.1,56.0,0,0,23.81,21.18,76074,2,0,0,31.75
979050,53.58,55.0,54.1,56.0,0,0,23.46,21.18,76574,2,0,0,31.76
979556,53.64,55.0,54.1,56.0,0,0,23.5,21.19,77074,2,0,0,31.76
980062,53.64,55.0,54.1,56.0,0,0,23.5,21.19,77574,2,0,0,31.76
980568,53.6,55.0,54.1,56.0,0,0,23.74,21.17,78074,2,0,0,31.75
981074,53.6,55.0,54.1,56.0,0,0,23.74,21.17,78574,2,0,0,31.75
981580,53.67,55.0,54.1,56.0,0,0,23.92,21.19,79074,2,0,0,31.75
982086,53.67,55.0,54.1,56.0,0,0,23.92,21.19,79574,2,0,0,31.75
982592,53.67,55.0,54.1,56.0,0,0,23.92,21.19,80074,2,0,0,31.75
983098,53.67,55.0,54.1,56.0,0,0,23.92,21.19,80576,2,0,0,31.75
983604,53.73,55.0,54.1,56.0,0,0,23.87,21.21,81078,2,0,0,31.75
984110,53.7,55.0,54.1,56.0,0,0,23.89,21.21,81579,2,0,0,31.76
984616,53.74,55.0,54.1,56.0,0,0,23.87,21.21,82080,2,0,0,31.75
985124,53.74,55.0,54.1,56.0,0,0,23.87,21.21,82580,2,0,0,31.75
985631,53.74,55.0,54.1,56.0,0,0,23.87,21.21,83080,2,0,0,31.75
986137,53.81,55.0,54.1,56.0,0,0,24.07,21.23,83580,2,0,0,31.75
986643,53.8,55.0,54.1,56.0,0,0,23.96,21.21,84080,2,0,0,31.73
987149,53.81,55.0,54.1,56.0,0,0,24.03,21.24,84580,2,0,0,31.76
987655,53.82,55.0,54.1,56.0,0,0,23.96,21.25,85080,2,0,0,31.76
988161,53.83,55.0,54.1,56.0,0,0,24.09,21.25,85580,2,0,0,31.73
988667,53.83,55.0,54.1,56.0,0,0,24.09,21.23,86080,2,0,0,31.73
989173,53.89,55.0,54.1,56.0,0,0,24.11,21.23,86580,2,0,0,31.75
989691,53.87,55.0,54.1,56.0,0,0,24.22,21.25,87080,2,0,0,31.76
990198,53.87,55.0,54.1,56.0,0,0,24.22,21.26,87580,2,0,0,31.76
990704,53.91,55.0,54.1,56.0,0,0,24.27,21.26,88080,2,0,0,31.77
991210,53.91,55.0,54.1,56.0,0,0,24.27,21.29,88580,2,0,0,31.77
991716,53.9,55.0,54.1,56.0,0,0,24.33,21.29,89080,2,0,0,31.75
992222,53.9,55.0,54.1,56.0,0,0,24.33,21.26,89580,2,0,0,31.75
992728,53.9,55.0,54.1,56.0,0,0,24.33,21.26,90080,2,0,0,31.75
993234,53.95,55.0,54.1,56.0,0,0,24.38,21.29,90582,2,0,0,31.76
993740,53.95,55.0,54.1,56.0,0,0,24.38,21.29,91082,2,0,0,31.76
994246,53.93,55.0,54.1,56.0,0,0,24.33,21.27,91582,2,0,0,31.75
994752,53.99,55.0,54.1,56.0,0,0,23.52,21.28,92082,2,0,0,31.75
995258,54.0,55.0,54.1,56.0,0,0,24.51,21.27,92582,2,0,0,31.73
995764,54.0,55.0,54.1,56.0,0,0,24.51,21.27,93082,2,0,0,31.73
996270,54.0,55.0,54.1,56.0,0,0,24.18,21.29,93582,2,0,0,31.75
996776,54.0,55.0,54.1,56.0,0,0,24.18,21.29,94082,2,0,0,31.75
997282,54.02,55.0,54.1,56.0,0,0,24.68,21.28,94582,2,0,0,31.73
997793,54.05,55.0,54.1,56.0,0,0,24.55,21.28,95082,2,0,0,31.75
998300,54.05,55.0,54.1,56.0,0,0,24.55,21.3,95582,2,0,0,31.75
998806,54.07,55.0,54.1,56.0,0,0,24.77,21.3,96082,2,0,0,31.75
999312,54.07,55.0,54.1,56.0,0,0,24.77,21.31,96582,2,0,0,31.75
999818,54.09,55.0,54.1,56.0,0,0,24.73,21.31,97082,2,0,0,31.75
1000324,54.09,55.0,54.1,56.0,0,0,24.73,21.31,97582,2,0,0,31.75
1000830,54.09,55.0,54.1,56.0,0,0,24.73,21.31,98082,2,0,0,31.75
1001336,54.1,55.0,54.1,56.0,1,0,24.77,21.33,0,2,0,0,31.76
1001842,54.1,55.0,54.1,56.0,1,0,24.86,21.33,500,2,0,0,31.75
1002348,54.14,55.0,54.1,56.0,1,0,24.73,21.32,1000,2,0,0,31.76
1002855,54.14,55.0,54.1,56.0,1,0,24.73,21.34,1500,2,0,0,31.76
1003361,54.2,55.0,54.1,56.0,1,0,24.68,21.34,2000,2,0,0,31.76
1003867,54.13,55.0,54.1,56.0,1,0,24.92,21.36,2500,2,0,0,31.73
1004373,54.13,55.0,54.1,56.0,1,0,24.92,21.32,3000,2,0,0,31.73
1004879,54.21,55.0,54.1,56.0,1,0,25.03,21.32,3500,2,0,0,31.76
1005385,54.21,55.0,54.1,56.0,1,0,24.86,21.36,4000,2,0,0,31.77
1005891,54.21,55.0,54.1,56.0,1,0,24.86,21.38,4500,2,0,0,31.77
1006397,54.21,55.0,54.1,56.0,1,0,24.86,21.38,5000,2,0,0,31.77
1006903,54.18,55.0,54.1,56.0,1,0,24.73,21.38,5500,2,0,0,31.76
1007409,54.18,55.0,54.1,56.0,1,0,24.73,21.36,6000,2,0,0,31.76
1007915,54.22,55.0,54.1,56.0,1,0,24.6,21.36,6500,2,0,0,31.75
1008421,54.22,55.0,54.1,56.0,1,0,24.6,21.36,7000,2,0,0,31.75
1008927,54.3,55.0,54.1,56.0,1,0,24.38,21.36,7500,2,0,0,31.76
1009433,54.3,55.0,54.1,56.0,1,0,24.38,21.39,8000,2,0,0,31.76
1009939,54.28,55.0,54.1,56.0,1,0,24.44,21.39,8500,2,0,0,31.75
1010445,54.27,55.0,54.1,56.0,1,0,24.42,21.37,9000,2,0,0,31.75
1010951,54.27,55.0,54.1,56.0,1,0,24.42,21.37,9500,2,0,0,31.75
1011457,54.27,55.0,54.1,56.0,1,0,24.18,21.37,10000,2,0,0,31.75
1011963,54.27,55.0,54.1,56.0,1,0,24.18,21.37,10500,2,0,0,31.75
1012469,54.31,55.0,54.1,56.0,1,0,23.98,21.37,11000,2,0,0,31.75
1012975,54.31,55.0,54.1,56.0,1,0,23.98,21.38,11500,2,0,0,31.75
1013481,54.31,55.0,54.1,56.0,1,0,23.98,21.38,12000,2,0,0,31.75
1013987,54.31,55.0,54.1,56.0,1,0,23.98,21.38,12500,2,0,0,31.75
1014493,54.31,55.0,54.1,56.0,1,0,23.98,21.38,13000,2,0,0,31.75
1014999,54.31,55.0,54.1,56.0,1,0,23.98,21.38,13500,2,0,0,31.75
1015505,54.39,55.0,54.1,56.0,1,0,23.5,21.38,14000,2,0,0,31.76
1016011,54.39,55.0,54.1,56.0,1,0,23.5,21.42,14500,2,0,0,31.76
1016517,54.43,55.0,54.1,56.0,1,0,23.5,21.42,15000,2,0,0,31.76
1017023,54.43,55.0,54.1,56.0,1,0,23.5,21.43,15500,2,0,0,31.76
1017529,54.42,55.0,54.1,56.0,1,0,23.11,21.43,16000,2,0,0,31.73
1018035,54.42,55.0,54.1,56.0,1,0,23.26,21.4,16500,2,0,0,31.77
1018541,54.45,55.0,54.1,56.0,1,0,23.31,21.44,17000,2,0,0,31.75
1019047,54.45,55.0,54.1,56.0,1,0,23.31,21.42,18000,2,0,0,31.75
1019553,54.5,55.0,54.1,56.0,1,0,22.87,21.44,18500,2,0,0,31.75
1020059,54.5,55.0,54.1,56.0,1,0,22.87,21.44,19000,2,0,0,31.75
1020565,54.51,55.0,54.1,56.0,1,0,22.89,21.43,19500,2,0,0,31.73
1021071,54.51,55.0,54.1,56.0,1,0,22.89,21.43,20000,2,0,0,31.73
1021577,54.5,55.0,54.1,56.0,1,0,22.74,21.45,20500,2,0,0,31.76
1022083,54.5,55.0,54.1,56.0,1,0,22.74,21.45,21000,2,0,0,31.76
1022589,54.5,55.0,54.1,56.0,1,0,22.74,21.45,21500,2,0,0,31.76
1023095,54.5,55.0,54.1,56.0,1,0,22.74,21.45,22000,2,0,0,31.76
1023601,54.65,55.0,54.1,56.0,1,0,22.37,21.5,22500,2,0,0,31.76
1024107,54.65,55.0,54.1,56.0,1,0,22.37,21.5,23000,2,0,0,31.76
1024613,54.64,55.0,54.1,56.0,1,0,22.11,21.48,23500,2,0,0,31.75
1025119,54.7,55.0,54.1,56.0,1,0,21.61,21.5,24000,2,0,0,31.75
1025625,54.72,55.0,54.1,56.0,1,0,22.11,21.51,24500,2,0,0,31.75
1026131,54.72,55.0,54.1,56.0,1,0,22.11,21.51,25000,2,0,0,31.75
1026637,54.78,55.0,54.1,56.0,1,0,22.03,21.55,25500,2,0,0,31.77
1027143,54.83,55.0,54.1,56.0,1,0,21.72,21.55,26000,2,0,0,31.76
1027649,54.83,55.0,54.1,56.0,1,0,21.72,21.55,26500,2,0,0,31.76
1028155,54.83,55.0,54.1,56.0,1,0,21.72,21.55,27003,2,0,0,31.76
1028661,54.83,55.0,54.1,56.0,1,0,21.72,21.55,27503,2,0,0,31.76
1029167,54.88,55.0,54.1,56.0,1,0,21.59,21.55,28003,2,0,0,31.75
1029673,54.88,55.0,54.1,56.0,1,0,21.59,21.55,28503,2,0,0,31.75
1030179,54.88,55.0,54.1,56.0,1,0,21.59,21.55,29003,2,0,0,31.75
1030685,54.95,55.0,54.1,56.0,1,0,21.27,21.59,29503,2,0,0,31.76
1031191,55.06,55.0,54.1,56.0,1,0,21.1,21.59,30003,2,0,0,31.75
1031698,55.05,55.0,54.1,56.0,1,0,21.1,21.61,30503,2,0,0,31.76
1032205,55.05,55.0,54.1,56.0,1,0,21.1,21.62,31003,2,0,0,31.76
1032711,55.07,55.0,54.1,56.0,1,0,20.94,21.63,31503,2,0,0,31.77
1033217,55.07,55.0,54.1,56.0,1,0,20.94,21.63,32003,2,0,0,31.77
1033723,55.15,55.0,54.1,56.0,1,0,20.86,21.66,32503,2,0,0,31.77
1034229,55.15,55.0,54.1,56.0,1,0,20.79,21.65,33003,2,0,0,31.76
1034735,55.15,55.0,54.1,56.0,1,0,20.79,21.65,33503,2,0,0,31.76
1035241,55.25,55.0,54.1,56.0,1,0,20.58,21.66,34003,2,0,0,31.75
1035757,55.23,55.0,54.1,56.0,1,0,20.62,21.66,34503,2,0,0,31.75
1036264,55.23,55.0,54.1,56.0,1,0,20.62,21.66,35003,2,0,0,31.75
1036770,55.27,55.0,54.1,56.0,1,0,20.49,21.66,35503,2,0,0,31.75
1037276,55.27,55.0,54.1,56.0,1,0,20.49,21.67,36003,2,0,0,31.75
1037782,55.35,55.0,54.1,56.0,1,0,20.19,21.67,36503,2,0,0,31.76
1038288,55.35,55.0,54.1,56.0,1,0,20.19,21.71,37003,2,1,0,31.76
1038794,55.35,55.0,54.1,56.0,1,0,20.19,21.71,37503,2,1,0,31.76
1039300,55.41,55.0,54.1,56.0,1,0,20.06,21.71,38003,2,1,0,31.75
1039806,55.41,55.0,54.1,56.0,1,0,20.06,21.71,38503,2,1,0,31.75
1040312,55.44,55.0,54.1,56.0,1,0,19.91,21.71,39003,2,1,0,31.77
1040818,55.46,55.0,54.1,56.0,1,0,19.95,21.74,39503,2,1,0,31.76
1041324,55.46,55.0,54.1,56.0,0,0,19.95,21.74,0,2,1,0,31.76
1041830,55.49,55.0,54.1,56.0,0,0,19.65,21.74,500,2,1,0,31.75
1042336,55.49,55.0,54.1,56.0,0,0,19.65,21.73,1000,2,1,0,31.75
1042842,55.49,55.0,54.1,56.0,0,0,19.69,21.73,1500,2,1,0,31.75
1043348,55.51,55.0,54.1,56.0,0,0,19.61,21.73,2000,2,1,0,31.75
1043854,55.51,55.0,54.1,56.0,0,0,19.61,21.74,2500,2,1,0,31.75
1044360,55.51,55.0,54.1,56.0,0,0,19.61,21.74,3000,2,1,0,31.75
1044866,55.58,55.0,54.1,56.0,0,0,19.54,21.76,3500,2,1,0,31.75
1045372,55.58,55.0,54.1,56.0,0,0,19.54,21.76,4000,2,1,0,31.75
1045878,55.58,55.0,54.1,56.0,0,0,19.52,21.77,4500,2,1,0,31.76
1046384,55.58,55.0,54.1,56.0,0,0,19.52,21.77,5000,2,1,0,31.76
1046890,55.59,55.0,54.1,56.0,0,0,19.39,21.77,5500,2,1,0,31.76
1047396,55.59,55.0,54.1,56.0,0,0,19.39,21.78,6000,2,1,0,31.76
1047902,55.55,55.0,54.1,56.0,0,0,19.63,21.78,6500,2,1,0,31.76
1048408,55.55,55.0,54.1,56.0,0,0,19.63,21.76,7000,2,1,0,31.76
1048914,55.55,55.0,54.1,56.0,0,0,19.63,21.76,7500,2,1,0,31.76
1049420,55.55,55.0,54.1,56.0,0,0,19.63,21.76,8000,2,1,0,31.76
1049926,55.59,55.0,54.1,56.0,0,0,19.52,21.76,8500,2,1,0,31.73
1050432,55.59,55.0,54.1,56.0,0,0,19.52,21.75,9000,2,1,0,31.73
1050938,55.6,55.0,54.1,56.0,0,0,19.65,21.78,9500,2,1,0,31.76
1051444,55.57,55.0,54.1,56.0,0,0,19.69,21.78,10000,2,1,0,31.73
1051950,55.6,55.0,54.1,56.0,0,0,19.65,21.75,10500,2,1,0,31.75
1052456,55.58,55.0,54.1,56.0,0,0,19.76,21.77,11000,2,1,0,31.76
1052962,55.58,55.0,54.1,56.0,0,0,19.76,21.77,11500,2,1,0,31.76
1053468,55.56,55.0,54.1,56.0,0,0,19.78,21.75,12000,2,1,0,31.75
1053974,55.56,55.0,54.1,56.0,0,0,19.78,21.75,12500,2,1,0,31.75
1054480,55.56,55.0,54.1,56.0,0,0,19.78,21.75,13000,2,1,0,31.75
1054986,55.54,55.0,54.1,56.0,0,0,19.78,21.75,13500,2,1,0,31.75
1055492,55.5,55.0,54.1,56.0,0,0,19.89,21.75,14000,2,1,0,31.77
1055998,55.54,55.0,54.1,56.0,0,0,19.97,21.76,14500,2,1,0,31.76
1056504,55.49,55.0,54.1,56.0,0,0,19.76,21.76,15000,2,1,0,31.76
1057010,55.47,55.0,54.1,56.0,0,0,19.93,21.75,15500,2,1,0,31.73
1057516,55.47,55.0,54.1,56.0,0,0,19.93,21.72,16000,2,1,0,31.73
1058022,55.47,55.0,54.1,56.0,0,0,19.93,21.72,16500,2,1,0,31.73
1058528,55.48,55.0,54.1,56.0,0,0,20.34,21.72,17000,2,1,0,31.75
1059038,55.42,55.0,54.1,56.0,0,0,20.15,21.73,17500,2,0,0,31.75
1059545,55.42,55.0,54.1,56.0,0,0,20.15,21.71,18000,2,1,0,31.75
1060051,55.41,55.0,54.1,56.0,0,0,20.32,21.71,19001,2,0,0,31.75
1060557,55.41,55.0,54.1,56.0,0,0,20.32,21.71,19501,2,0,0,31.75
1061063,55.41,55.0,54.1,56.0,1,0,20.4,21.71,0,2,0,0,31.75
1061569,55.36,55.0,54.1,56.0,1,0,20.3,21.7,500,2,0,0,31.75
1062075,55.36,55.0,54.1,56.0,1,0,20.3,21.7,1000,2,0,0,31.75
1062581,55.36,55.0,54.1,56.0,1,0,20.64,21.68,1500,2,0,0,31.73
1063096,55.28,55.0,54.1,56.0,1,0,20.53,21.68,2000,2,0,0,31.72
1063603,55.28,55.0,54.1,56.0,1,0,20.53,21.65,2500,2,0,0,31.72
1064109,55.3,55.0,54.1,56.0,1,0,20.75,21.65,3000,2,0,0,31.77
1064615,55.3,55.0,54.1,56.0,1,0,20.75,21.7,3500,2,0,0,31.77
1065121,55.27,55.0,54.1,56.0,1,0,20.75,21.67,4000,2,0,0,31.75
1065627,55.25,55.0,54.1,56.0,1,0,20.34,21.66,4500,2,0,0,31.75
1066133,55.25,55.0,54.1,56.0,1,0,20.34,21.66,5000,2,0,0,31.75
1066639,55.24,55.0,54.1,56.0,1,0,20.4,21.65,5506,2,0,0,31.73
1067155,55.2,55.0,54.1,56.0,1,0,21.25,21.65,6006,2,0,0,31.73
1067662,55.2,55.0,54.1,56.0,1,0,21.25,21.63,6506,2,0,0,31.73
1068168,55.19,55.0,54.1,56.0,1,0,20.64,21.64,7006,2,0,0,31.75
1068674,55.18,55.0,54.1,56.0,1,0,20.53,21.65,7506,2,0,0,31.76
1069180,55.18,55.0,54.1,56.0,1,0,20.53,21.65,8006,2,0,0,31.76
1069686,55.15,55.0,54.1,56.0,1,0,20.43,21.62,8506,2,0,0,31.73
1070192,55.14,55.0,54.1,56.0,1,0,20.49,21.63,9006,2,0,0,31.75
1070698,55.15,55.0,54.1,56.0,1,0,20.34,21.62,9506,2,0,0,31.73
1071204,55.1,55.0,54.1,56.0,1,0,19.87,21.62,10006,2,0,0,31.76
1071710,55.1,55.0,54.1,56.0,1,0,19.87,21.63,10506,2,1,0,31.76
1072216,55.06,55.0,54.1,56.0,1,0,20.32,21.61,11006,2,0,0,31.75
1072722,55.12,55.0,54.1,56.0,1,0,20.19,21.65,11506,2,0,0,31.77
1073229,55.09,55.0,54.1,56.0,1,0,20.06,21.65,12006,2,0,0,31.75
1073736,55.09,55.0,54.1,56.0,1,0,20.06,21.61,12506,2,1,0,31.75
1074242,55.03,55.0,54.1,56.0,1,0,20.19,21.6,13006,2,0,0,31.75
1074748,55.05,55.0,54.1,56.0,1,0,20.12,21.6,13506,2,0,0,31.75
1075254,55.05,55.0,54.1,56.0,1,0,20.12,21.6,14006,2,0,0,31.75
1075760,55.05,55.0,54.1,56.0,1,0,20.12,21.6,14506,2,0,0,31.75
1076266,55.02,55.0,54.1,56.0,1,0,19.91,21.6,15006,2,0,0,31.73
1076773,55.02,55.0,54.1,56.0,1,0,19.91,21.58,15506,2,1,0,31.73
1077280,55.04,55.0,54.1,56.0,1,0,19.76,21.57,16006,2,1,0,31.72
1077786,55.05,55.0,54.1,56.0,1,0,19.78,21.57,16506,2,1,0,31.73
1078292,55.05,55.0,54.1,56.0,1,0,19.78,21.59,17006,2,1,0,31.73
1078798,55.0,55.0,54.1,56.0,1,0,19.46,21.59,17506,2,1,0,31.75
1079304,55.0,55.0,54.1,56.0,1,0,19.46,21.59,18006,2,1,0,31.75
1079810,55.0,55.0,54.1,56.0,1,0,19.5,21.59,18506,2,1,0,31.75
1080316,55.02,55.0,54.1,56.0,1,0,19.48,21.61,19006,2,1,0,31.76
1080822,54.97,55.0,54.1,56.0,1,0,19.35,21.61,19506,2,1,0,31.73
1081328,54.97,55.0,54.1,56.0,1,0,19.35,21.57,20006,2,1,0,31.73
1081834,54.97,55.0,54.1,56.0,1,0,19.35,21.57,20506,2,1,0,31.73
1082340,55.03,55.0,54.1,56.0,1,0,19.16,21.6,21006,2,1,0,31.75
1082846,55.01,55.0,54.1,56.0,1,0,19.09,21.6,21506,2,1,0,31.72
1083352,55.01,55.0,54.1,56.0,1,0,19.09,21.56,22006,2,1,0,31.72
1083858,55.0,55.0,54.1,56.0,1,0,19.0,21.56,22506,2,1,0,31.75
1084364,55.0,55.0,54.1,56.0,1,0,19.0,21.59,23006,2,1,0,31.75
1084870,54.93,55.0,54.1,56.0,1,0,19.03,21.59,23506,2,1,0,31.72
1085376,54.93,55.0,54.1,56.0,1,0,19.03,21.54,24006,2,1,0,31.72
1085882,54.97,55.0,54.1,56.0,1,0,18.7,21.58,24519,2,1,0,31.75
1086388,54.97,55.0,54.1,56.0,1,0,18.7,21.58,25019,2,1,0,31.75
1086894,54.97,55.0,54.1,56.0,1,0,18.94,21.58,25519,2,1,0,31.75
1087400,54.97,55.0,54.1,56.0,1,0,18.6,21.58,26019,2,1,0,31.73
1087906,54.97,55.0,54.1,56.0,1,0,18.6,21.57,26519,2,1,0,31.73
1088412,54.98,55.0,54.1,56.0,1,0,18.53,21.57,27019,2,1,0,31.76
1088918,54.98,55.0,54.1,56.0,1,0,18.53,21.59,27519,2,1,0,31.76
1089424,54.92,55.0,54.1,56.0,1,0,18.55,21.59,28019,2,1,0,31.76
1089930,54.94,55.0,54.1,56.0,1,0,18.85,21.58,28519,2,1,0,31.75
1090436,54.94,55.0,54.1,56.0,1,0,18.85,21.57,29019,2,1,0,31.75
1090942,54.92,55.0,54.1,56.0,1,0,18.25,21.57,29519,2,1,0,31.75
1091448,54.9,55.0,54.1,56.0,1,0,18.23,21.57,30019,2,1,0,31.77
1091954,54.9,55.0,54.1,56.0,1,0,18.23,21.58,30519,2,1,0,31.77
1092460,54.86,55.0,54.1,56.0,1,0,18.27,21.58,31019,2,1,0,31.76
1092981,54.84,55.0,54.1,56.0,1,0,17.97,21.56,31519,2,1,0,31.75
1093488,54.84,55.0,54.1,56.0,1,0,17.97,21.54,32019,2,1,0,31.75
1093994,54.83,55.0,54.1,56.0,1,0,17.78,21.54,32521,2,1,0,31.73
1094500,54.85,55.0,54.1,56.0,1,0,17.73,21.53,33022,2,1,0,31.73
1095006,54.79,55.0,54.1,56.0,1,0,17.93,21.53,33523,2,1,0,31.75
1095512,54.79,55.0,54.1,56.0,1,0,17.93,21.53,34024,2,1,0,31.75
1096018,54.77,55.0,54.1,56.0,1,0,17.76,21.53,34524,2,1,0,31.75
1096524,54.78,55.0,54.1,56.0,1,0,17.69,21.52,35024,2,1,0,31.73
1097030,54.75,55.0,54.1,56.0,1,0,17.67,21.51,35524,2,1,0,31.73
1097536,54.75,55.0,54.1,56.0,1,0,17.67,21.5,36024,2,1,0,31.73
1098042,54.67,55.0,54.1,56.0,1,0,17.5,21.5,36524,2,1,0,31.75
1098548,54.7,55.0,54.1,56.0,1,0,17.63,21.49,37024,2,1,0,31.73
1099054,54.7,55.0,54.1,56.0,1,0,17.63,21.49,37524,2,1,0,31.73
1099560,54.66,55.0,54.1,56.0,1,0,17.35,21.49,38024,2,1,0,31.72
1100066,54.59,55.0,54.1,56.0,1,0,17.43,21.46,38524,2,1,0,31.75
1100572,54.59,55.0,54.1,56.0,1,0,17.43,21.46,39024,2,1,0,31.75
1101078,54.58,55.0,54.1,56.0,1,0,17.24,21.46,39527,2,1,0,31.73
1101584,54.59,55.0,54.1,56.0,0,0,16.81,21.44,500,2,1,0,31.72
1102090,54.54,55.0,54.1,56.0,0,0,17.13,21.43,1000,2,1,0,31.72
1102596,54.5,55.0,54.1,56.0,0,0,17.17,21.44,1500,2,1,0,31.75
1103102,54.5,55.0,54.1,56.0,0,0,17.17,21.44,2000,2,1,0,31.75
1103608,54.5,55.0,54.1,56.0,0,0,17.17,21.44,2500,2,1,0,31.75
1104114,54.45,55.0,54.1,56.0,0,0,17.02,21.44,3000,2,1,0,31.76
1104620,54.45,55.0,54.1,56.0,0,0,17.02,21.44,3500,2,1,0,31.76
1105126,54.37,55.0,54.1,56.0,0,0,16.96,21.4,4000,2,1,0,31.75
1105632,54.37,55.0,54.1,56.0,0,0,16.96,21.4,4500,2,1,0,31.75
1106138,54.32,55.0,54.1,56.0,0,0,16.92,21.36,5000,2,1,0,31.72
1106659,54.25,55.0,54.1,56.0,0,0,16.96,21.36,5500,2,1,0,31.71
1107166,54.25,55.0,54.1,56.0,0,0,16.96,21.33,6000,2,1,0,31.71
1107672,54.27,55.0,54.1,56.0,0,0,17.04,21.36,6500,2,1,0,31.73
1108178,54.21,55.0,54.1,56.0,0,0,17.43,21.35,7000,2,1,0,31.75
1108684,54.21,55.0,54.1,56.0,0,0,16.89,21.34,7500,2,1,0,31.73
1109190,54.13,55.0,54.1,56.0,0,0,17.04,21.33,8000,2,1,0,31.75
1109696,54.13,55.0,54.1,56.0,0,0,17.04,21.33,8500,2,1,0,31.75
1110202,54.07,55.0,54.1,56.0,0,0,17.3,21.3,9000,2,1,0,31.73
1110708,54.03,55.0,54.1,56.0,0,0,17.17,21.3,9500,2,1,0,31.75
1111214,54.03,55.0,54.1,56.0,0,0,17.17,21.3,10000,2,1,0,31.75
1111720,54.03,55.0,54.1,56.0,0,0,17.17,21.3,10500,2,1,0,31.75
1112226,53.94,55.0,54.1,56.0,0,0,16.92,21.26,11000,2,1,0,31.73
1112732,53.94,55.0,54.1,56.0,0,0,16.92,21.26,11500,2,1,0,31.73
1113238,53.93,55.0,54.1,56.0,0,0,17.52,21.27,12000,2,1,0,31.75
1113744,53.84,55.0,54.1,56.0,0,0,18.19,21.23,12509,2,1,0,31.73
1114250,53.84,55.0,54.1,56.0,0,0,18.19,21.23,13009,2,1,0,31.73
1114758,53.84,55.0,54.1,56.0,0,0,18.19,21.23,13509,2,1,0,31.73
1115265,53.76,55.0,54.1,56.0,0,0,17.63,21.2,14009,2,1,0,31.73
1115771,53.76,55.0,54.1,56.0,0,0,17.63,21.2,14509,2,1,0,31.73
1116277,53.76,55.0,54.1,56.0,0,0,17.63,21.2,15009,2,1,0,31.73
1116783,53.69,55.0,54.1,56.0,0,0,17.73,21.17,15509,2,1,0,31.72
1117289,53.69,55.0,54.1,56.0,0,0,17.73,21.17,16009,2,1,0,31.72
1117795,53.64,55.0,54.1,56.0,0,0,17.88,21.17,16509,2,1,0,31.73
1118301,53.56,55.0,54.1,56.0,0,0,17.84,21.17,17013,2,1,0,31.72
1118807,53.56,55.0,54.1,56.0,0,0,17.84,21.13,17513,2,1,0,31.72
1119313,53.54,55.0,54.1,56.0,0,0,18.16,21.12,18014,2,1,0,31.72
1119819,53.49,55.0,54.1,56.0,0,0,18.44,21.12,18514,2,1,0,31.73
1120325,53.49,55.0,54.1,56.0,0,0,18.44,21.12,19014,2,1,0,31.73
1120831,53.43,55.0,54.1,56.0,0,0,18.27,21.1,19514,2,1,0,31.73
1121337,53.43,55.0,54.1,56.0,0,0,18.27,21.1,20014,2,1,0,31.73
1121858,53.33,55.0,54.1,56.0,0,0,18.55,21.1,20514,2,1,0,31.73
1122365,53.33,55.0,54.1,56.0,0,0,18.55,21.07,21014,2,1,0,31.73
1122871,53.33,55.0,54.1,56.0,0,0,18.64,21.07,21514,2,1,0,31.73
1123377,53.33,55.0,54.1,56.0,0,0,18.64,21.07,22014,2,1,0,31.73
1123883,53.29,55.0,54.1,56.0,0,0,18.79,21.06,22514,2,1,0,31.73
1124389,53.24,55.0,54.1,56.0,0,0,18.7,21.06,23014,2,1,0,31.73
1124895,53.2,55.0,54.1,56.0,0,0,18.96,21.05,23514,2,1,0,31.73
1125401,53.2,55.0,54.1,56.0,0,0,18.96,21.03,24014,2,1,0,31.73
1125907,53.19,55.0,54.1,56.0,0,0,18.98,21.03,24514,2,1,0,31.73
1126413,53.19,55.0,54.1,56.0,0,0,18.98,21.03,25014,2,1,0,31.73
1126919,53.22,55.0,54.1,56.0,0,0,19.18,21.03,25514,2,1,0,31.73
1127425,53.13,55.0,54.1,56.0,0,0,19.11,21.04,26014,2,1,0,31.73
1127931,53.13,55.0,54.1,56.0,0,0,19.11,21.01,26515,2,1,0,31.73
1128437,53.1,55.0,54.1,56.0,0,0,19.2,21.01,27015,2,1,0,31.73
1128943,53.1,55.0,54.1,56.0,0,0,19.2,21.0,27515,2,1,0,31.73
1129449,53.1,55.0,54.1,56.0,0,0,19.37,21.0,28015,2,1,0,31.72
1129955,53.03,55.0,54.1,56.0,0,0,19.37,20.99,28515,2,1,0,31.73
1130461,53.03,55.0,54.1,56.0,0,0,19.37,20.98,29015,2,1,0,31.73
1130967,53.0,55.0,54.1,56.0,0,0,19.59,20.98,29515,2,1,0,31.73
1131473,53.0,55.0,54.1,56.0,0,0,19.59,20.97,30015,2,0,0,31.73
1131979,53.0,55.0,54.1,56.0,0,0,19.59,20.97,30515,2,0,0,31.72
1132485,53.0,55.0,54.1,56.0,0,0,19.59,20.96,31015,2,0,0,31.72
1132991,52.97,55.0,54.1,56.0,0,0,19.67,20.96,31515,2,0,0,31.72
1133497,52.92,55.0,54.1,56.0,0,0,19.74,20.95,32015,2,0,0,31.75
1134003,52.93,55.0,54.1,56.0,0,0,19.78,20.96,32515,2,0,0,31.72
1134521,52.93,55.0,54.1,56.0,0,0,19.82,20.94,33015,2,0,0,31.73
1135028,52.93,55.0,54.1,56.0,0,0,19.82,20.95,33515,2,0,0,31.73
1135534,52.88,55.0,54.1,56.0,0,0,19.8,20.95,34015,2,0,0,31.73
1136040,52.92,55.0,54.1,56.0,0,0,19.84,20.93,34515,2,0,0,31.73
1136546,52.84,55.0,54.1,56.0,0,0,19.89,20.95,35015,2,0,0,31.73
1137052,52.84,55.0,54.1,56.0,0,0,19.89,20.92,35515,2,0,0,31.73
1137558,52.84,55.0,54.1,56.0,0,0,19.89,20.92,36015,2,0,0,31.73
1138064,52.88,55.0,54.1,56.0,0,0,20.4,20.92,36515,2,0,0,31.72
1138580,52.89,55.0,54.1,56.0,0,0,20.25,20.92,37015,2,0,0,31.73
1139087,52.89,55.0,54.1,56.0,0,0,20.25,20.94,37515,2,0,0,31.73
1139593,52.89,55.0,54.1,56.0,0,0,20.25,20.94,38015,2,0,0,31.73
1140099,52.89,55.0,54.1,56.0,0,0,20.25,20.94,39015,2,0,0,31.73
1140605,52.84,55.0,54.1,56.0,0,0,20.6,20.91,39515,2,0,0,31.72
1141111,52.84,55.0,54.1,56.0,0,0,20.6,20.91,40015,2,0,0,31.72
1141617,52.84,55.0,54.1,56.0,0,0,20.64,20.92,40515,2,0,0,31.73
1142123,52.84,55.0,54.1,56.0,0,0,20.64,20.92,41015,2,0,0,31.73
1142629,52.84,55.0,54.1,56.0,0,0,20.64,20.92,41515,2,0,0,31.73
1143135,52.82,55.0,54.1,56.0,0,0,20.84,20.92,42015,2,0,0,31.73
1143641,52.82,55.0,54.1,56.0,0,0,20.84,20.92,42515,2,0,0,31.73
1144147,52.87,55.0,54.1,56.0,0,0,21.44,20.94,43015,2,0,0,31.75
1144653,52.88,55.0,54.1,56.0,0,0,20.88,20.93,43515,2,0,0,31.73
1145161,52.88,55.0,54.1,56.0,0,0,20.88,20.93,44015,2,0,0,31.73
1145668,52.86,55.0,54.1,56.0,0,0,21.03,20.9,44515,2,0,0,31.71
1146174,52.86,55.0,54.1,56.0,0,0,21.03,20.9,45015,2,0,0,31.71
1146680,52.89,55.0,54.1,56.0,0,0,21.03,20.92,45515,2,0,0,31.72
1147186,52.89,55.0,54.1,56.0,0,0,21.03,20.92,46015,2,0,0,31.72
1147692,52.89,55.0,54.1,56.0,0,0,21.03,20.92,46515,2,0,0,31.72
1148206,52.89,55.0,54.1,56.0,0,0,21.2,20.92,47015,2,0,0,31.73
1148713,52.89,55.0,54.1,56.0,0,0,21.2,20.94,47515,2,0,0,31.73
1149219,52.89,55.0,54.1,56.0,0,0,21.2,20.94,48015,2,0,0,31.73
1149725,52.91,55.0,54.1,56.0,0,0,21.33,20.94,48515,2,0,0,31.73
1150231,52.9,55.0,54.1,56.0,0,0,21.29,20.94,49015,2,0,0,31.72
1150737,52.9,55.0,54.1,56.0,0,0,21.29,20.93,49515,2,0,0,31.72
1151243,52.9,55.0,54.1,56.0,0,0,21.29,20.93,50015,2,0,0,31.72
1151749,52.87,55.0,54.1,56.0,0,0,21.07,20.94,50515,2,0,0,31.75
1152255,52.87,55.0,54.1,56.0,0,0,21.07,20.94,51015,2,0,0,31.75
1152761,52.93,55.0,54.1,56.0,0,0,21.74,20.94,51515,2,0,0,31.72
1153267,52.92,55.0,54.1,56.0,0,0,21.77,20.94,52015,2,0,0,31.75
1153773,52.92,55.0,54.1,56.0,0,0,21.77,20.96,52515,2,0,0,31.75
1154279,52.95,55.0,54.1,56.0,0,0,21.68,20.97,53015,2,0,0,31.75
1154785,52.94,55.0,54.1,56.0,0,0,21.7,20.97,53515,2,0,0,31.73
1155291,52.94,55.0,54.1,56.0,0,0,21.7,20.95,54015,2,0,0,31.73
1155797,52.96,55.0,54.1,56.0,0,0,21.98,20.94,54515,2,0,0,31.72
1156303,52.96,55.0,54.1,56.0,0,0,21.98,20.94,55018,2,0,0,31.72
1156809,52.99,55.0,54.1,56.0,0,0,22.11,20.98,55519,2,0,0,31.75
1157315,53.01,55.0,54.1,56.0,0,0,21.74,20.98,56020,2,0,0,31.73
1157821,53.01,55.0,54.1,56.0,0,0,21.87,20.98,56522,2,0,0,31.73
1158327,53.01,55.0,54.1,56.0,0,0,21.87,20.98,57022,2,0,0,31.73
1158833,53.03,55.0,54.1,56.0,0,0,22.7,20.98,57522,2,0,0,31.75
1159339,53.03,55.0,54.1,56.0,0,0,22.7,20.99,58022,2,0,0,31.75
1159845,53.02,55.0,54.1,56.0,0,0,22.07,20.95,58522,2,0,0,31.71
1160351,53.05,55.0,54.1,56.0,0,0,22.16,20.97,59022,2,0,0,31.72
1160857,53.05,55.0,54.1,56.0,0,0,22.16,20.97,59522,2,0,0,31.72
1161363,53.05,55.0,54.1,56.0,0,0,22.16,20.97,60022,2,0,0,31.72
1161869,53.15,55.0,54.1,56.0,0,0,22.55,20.97,60522,2,0,0,31.72
1162375,53.15,55.0,54.1,56.0,0,0,22.55,21.0,61022,2,0,0,31.72
1162881,53.12,55.0,54.1,56.0,0,0,22.52,21.01,61535,2,0,0,31.73
1163387,53.12,55.0,54.1,56.0,0,0,22.52,21.01,62035,2,0,0,31.73
1163893,53.12,55.0,54.1,56.0,0,0,22.52,21.01,62535,2,0,0,31.73
1164399,53.18,55.0,54.1,56.0,0,0,22.59,21.01,63035,2,0,0,31.76
1164905,53.17,55.0,54.1,56.0,0,0,22.7,21.05,63535,2,0,0,31.72
1165411,53.17,55.0,54.1,56.0,0,0,22.7,21.01,64035,2,0,0,31.72
1165917,53.17,55.0,54.1,56.0,0,0,22.7,21.01,64535,2,0,0,31.72
1166423,53.15,55.0,54.1,56.0,0,0,22.7,20.99,65035,2,0,0,31.71
1166929,53.21,55.0,54.1,56.0,0,0,22.91,20.99,65535,2,0,0,31.75
1167435,53.23,55.0,54.1,56.0,0,0,22.44,21.05,66035,2,0,0,31.75
1167947,53.19,55.0,54.1,56.0,0,0,22.96,21.06,66535,2,0,0,31.73
1168454,53.19,55.0,54.1,56.0,0,0,22.96,21.03,67035,2,0,0,31.73
1168960,53.23,55.0,54.1,56.0,0,0,22.61,21.04,67535,2,0,0,31.73
1169466,53.29,55.0,54.1,56.0,0,0,22.94,21.04,68035,2,0,0,31.73
1169972,53.29,55.0,54.1,56.0,0,0,22.94,21.06,68535,2,0,0,31.73
1170478,53.32,55.0,54.1,56.0,0,0,22.94,21.06,69036,2,0,0,31.75
1170984,53.27,55.0,54.1,56.0,0,0,22.98,21.08,69537,2,0,0,31.73
1171490,53.27,55.0,54.1,56.0,0,0,22.98,21.05,70038,2,0,0,31.73
1171996,53.27,55.0,54.1,56.0,0,0,22.98,21.05,70538,2,0,0,31.73
1172502,53.33,55.0,54.1,56.0,0,0,23.0,21.05,71038,2,0,0,31.71
1173008,53.34,55.0,54.1,56.0,0,0,23.11,21.04,71538,2,0,0,31.72
1173514,53.34,55.0,54.1,56.0,0,0,23.11,21.06,72038,2,0,0,31.72
1174020,53.34,55.0,54.1,56.0,0,0,23.11,21.06,72538,2,0,0,31.72
1174526,53.41,55.0,54.1,56.0,0,0,23.39,21.06,73038,2,0,0,31.73
1175032,53.41,55.0,54.1,56.0,0,0,23.39,21.1,73538,2,0,0,31.73
1175538,53.41,55.0,54.1,56.0,0,0,23.37,21.1,74038,2,0,0,31.73
1176044,53.41,55.0,54.1,56.0,0,0,23.37,21.1,74538,2,0,0,31.73
1176550,53.41,55.0,54.1,56.0,0,0,23.37,21.1,75038,2,0,0,31.73
1177056,53.41,55.0,54.1,56.0,0,0,23.37,21.1,75538,2,0,0,31.73
1177562,53.43,55.0,54.1,56.0,0,0,23.46,21.13,76038,2,0,0,31.76
1178068,53.51,55.0,54.1,56.0,0,0,23.61,21.13,76538,2,0,0,31.75
1178574,53.51,55.0,54.1,56.0,0,0,23.61,21.14,77038,2,0,0,31.75
1179080,53.49,55.0,54.1,56.0,0,0,23.46,21.14,77538,2,0,0,31.73
1179586,53.49,55.0,54.1,56.0,0,0,23.46,21.12,78038,2,0,0,31.73
1180092,53.54,55.0,54.1,56.0,0,0,23.55,21.12,78538,2,0,0,31.75
1180598,53.54,55.0,54.1,56.0,0,0,23.55,21.15,79038,2,0,0,31.75
1181104,53.55,55.0,54.1,56.0,0,0,23.65,21.15,79538,2,0,0,31.71
1181610,53.55,55.0,54.1,56.0,0,0,23.65,21.11,80038,2,0,0,31.71
1182116,53.59,55.0,54.1,56.0,0,0,23.74,21.11,80538,2,0,0,31.73
1182636,53.61,55.0,54.1,56.0,0,0,23.72,21.16,81552,2,0,0,31.73
1183143,53.61,55.0,54.1,56.0,0,0,23.72,21.16,82052,2,0,0,31.73
1183649,53.61,55.0,54.1,56.0,0,0,23.72,21.16,82552,2,0,0,31.73
1184155,53.61,55.0,54.1,56.0,0,0,23.72,21.16,83052,2,0,0,31.73
1184661,53.64,55.0,54.1,56.0,0,0,23.79,21.17,83552,2,0,0,31.73
1185167,53.68,55.0,54.1,56.0,0,0,23.87,21.18,84052,2,0,0,31.73
1185673,53.68,55.0,54.1,56.0,0,0,23.87,21.18,84552,2,0,0,31.73
1186179,53.68,55.0,54.1,56.0,0,0,23.96,21.19,85052,2,0,0,31.75
1186686,53.73,55.0,54.1,56.0,0,0,24.09,21.19,85552,2,0,0,31.75
1187193,53.73,55.0,54.1,56.0,0,0,24.09,21.21,86052,2,0,0,31.75
1187699,53.73,55.0,54.1,56.0,0,0,24.09,21.21,86552,2,0,0,31.75
1188205,53.78,55.0,54.1,56.0,0,0,23.98,21.2,87052,2,0,0,31.72
1188711,53.78,55.0,54.1,56.0,0,0,23.98,21.2,87552,2,0,0,31.72
1189217,53.78,55.0,54.1,56.0,0,0,24.24,21.2,88052,2,0,0,31.72
1189723,53.78,55.0,54.1,56.0,0,0,24.22,21.18,88552,2,0,0,31.71
1190229,53.78,55.0,54.1,56.0,0,0,24.22,21.18,89052,2,0,0,31.71
1190744,53.81,55.0,54.1,56.0,0,0,24.18,21.18,89552,2,0,0,31.73
1191251,53.81,55.0,54.1,56.0,0,0,24.18,21.22,90052,2,0,0,31.73
1191757,53.81,55.0,54.1,56.0,0,0,24.18,21.22,90552,2,0,0,31.73
1192263,53.89,55.0,54.1,56.0,0,0,24.29,21.24,91052,2,0,0,31.73
1192769,53.85,55.0,54.1,56.0,0,0,24.35,21.24,91552,2,0,0,31.72
1193275,53.85,55.0,54.1,56.0,0,0,24.35,21.22,92052,2,0,0,31.72
1193781,53.9,55.0,54.1,56.0,0,0,24.38,21.26,92552,2,0,0,31.75
1194301,53.92,55.0,54.1,56.0,0,0,24.33,21.26,93052,2,0,0,31.73
1194808,53.92,55.0,54.1,56.0,0,0,24.33,21.25,93552,2,0,0,31.73
1195314,53.92,55.0,54.1,56.0,0,0,24.33,21.25,94052,2,0,0,31.73
1195820,53.92,55.0,54.1,56.0,0,0,24.33,21.25,94552,2,0,0,31.73
1196326,53.93,55.0,54.1,56.0,0,0,24.46,21.27,95052,2,0,0,31.75
1196832,53.93,55.0,54.1,56.0,0,0,24.46,21.27,95552,2,0,0,31.75
1197338,53.98,55.0,54.1,56.0,0,0,24.68,21.27,96062,2,0,0,31.73
1197844,53.98,55.0,54.1,56.0,0,0,24.68,21.27,96562,2,0,0,31.73
1198350,54.04,55.0,54.1,56.0,0,0,24.51,21.27,97062,2,0,0,31.76
1198856,54.04,55.0,54.1,56.0,0,0,24.51,21.31,97562,2,0,0,31.76
1199362,54.03,55.0,54.1,56.0,0,0,24.64,21.29,98062,2,0,0,31.73
1199868,54.03,55.0,54.1,56.0,0,0,24.73,21.29,98562,2,0,0,31.75
1200374,54.03,55.0,54.1,56.0,0,0,24.73,21.3,99062,2,0,0,31.75
1200880,54.1,55.0,54.1,56.0,1,0,24.81,21.33,0,2,0,0,31.76
1201386,54.09,55.0,54.1,56.0,1,0,24.86,21.31,500,2,0,0,31.75
1201892,54.11,55.0,54.1,56.0,1,0,24.81,21.31,1000,2,0,0,31.75
1202398,54.11,55.0,54.1,56.0,1,0,24.81,21.32,1500,2,0,0,31.75
1202904,54.11,55.0,54.1,56.0,1,0,24.81,21.32,2000,2,0,0,31.75
1203410,54.15,55.0,54.1,56.0,1,0,24.79,21.32,2500,2,0,0,31.73
1203916,54.15,55.0,54.1,56.0,1,0,24.79,21.32,3000,2,0,0,31.73
1204422,54.17,55.0,54.1,56.0,1,0,24.95,21.34,3510,2,0,0,31.75
1204928,54.17,55.0,54.1,56.0,1,0,24.95,21.34,4010,2,0,0,31.75
1205435,54.17,55.0,54.1,56.0,1,0,24.77,21.34,4510,2,0,0,31.73
1205942,54.17,55.0,54.1,56.0,1,0,24.77,21.33,5010,2,0,0,31.73
1206448,54.22,55.0,54.1,56.0,1,0,24.64,21.36,5510,2,0,0,31.75
1206954,54.22,55.0,54.1,56.0,1,0,24.64,21.36,6010,2,0,0,31.75
1207460,54.27,55.0,54.1,56.0,1,0,24.73,21.34,6510,2,0,0,31.72
1207966,54.27,55.0,54.1,56.0,1,0,24.73,21.34,7010,2,0,0,31.72
1208472,54.26,55.0,54.1,56.0,1,0,24.75,21.35,7510,2,0,0,31.73
1208978,54.24,55.0,54.1,56.0,1,0,24.22,21.35,8010,2,0,0,31.73
1209494,54.3,55.0,54.1,56.0,1,0,24.51,21.35,8510,2,0,0,31.76
1210001,54.3,55.0,54.1,56.0,1,0,24.51,21.39,9010,2,0,0,31.76
1210507,54.27,55.0,54.1,56.0,1,0,24.18,21.39,9510,2,0,0,31.73
1211013,54.32,55.0,54.1,56.0,1,0,24.09,21.36,10010,2,0,0,31.72
1211519,54.32,55.0,54.1,56.0,1,0,24.09,21.36,10510,2,0,0,31.72
1212025,54.32,55.0,54.1,56.0,1,0,23.65,21.36,11010,2,0,0,31.73
1212531,54.32,55.0,54.1,56.0,1,0,23.65,21.37,11510,2,0,0,31.73
1213037,54.37,55.0,54.1,56.0,1,0,23.85,21.4,12010,2,0,0,31.75
1213543,54.37,55.0,54.1,56.0,1,0,23.85,21.4,12510,2,0,0,31.75
1214049,54.4,55.0,54.1,56.0,1,0,23.74,21.4,13010,2,0,0,31.73
1214555,54.4,55.0,54.1,56.0,1,0,23.74,21.4,13510,2,0,0,31.73
1215061,54.4,55.0,54.1,56.0,1,0,23.74,21.4,14010,2,0,0,31.73
1215567,54.4,55.0,54.1,56.0,1,0,23.57,21.4,14510,2,0,0,31.73
1216073,54.4,55.0,54.1,56.0,1,0,23.57,21.4,15010,2,0,0,31.73
1216579,54.47,55.0,54.1,56.0,1,0,23.42,21.4,15510,2,0,0,31.72
1217085,54.46,55.0,54.1,56.0,1,0,23.2,21.4,16010,2,0,0,31.73
1217591,54.46,55.0,54.1,56.0,1,0,23.2,21.41,16510,2,0,0,31.73
1218097,54.46,55.0,54.1,56.0,1,0,23.2,21.41,17010,2,0,0,31.73
1218603,54.54,55.0,54.1,56.0,1,0,23.11,21.41,17513,2,0,0,31.71
1219109,54.53,55.0,54.1,56.0,1,0,23.15,21.41,18014,2,0,0,31.73
1219615,54.58,55.0,54.1,56.0,1,0,22.81,21.44,18515,2,0,0,31.72
1220121,54.58,55.0,54.1,56.0,1,0,22.81,21.44,19016,2,0,0,31.72
1220629,54.58,55.0,54.1,56.0,1,0,22.81,21.44,19516,2,0,0,31.72
1221136,54.58,55.0,54.1,56.0,1,0,22.81,21.44,20016,2,0,0,31.72
1221642,54.61,55.0,54.1,56.0,1,0,22.5,21.44,20516,2,0,0,31.73
1222148,54.64,55.0,54.1,56.0,1,0,22.46,21.46,21016,2,0,0,31.75
1222654,54.65,55.0,54.1,56.0,1,0,21.98,21.48,21516,2,0,0,31.73
1223160,54.65,55.0,54.1,56.0,1,0,22.42,21.47,22016,2,0,0,31.75
1223666,54.65,55.0,54.1,56.0,1,0,22.42,21.48,23020,2,0,0,31.75
1224172,54.71,55.0,54.1,56.0,1,0,22.2,21.49,23520,2,0,0,31.73
1224678,54.71,55.0,54.1,56.0,1,0,22.2,21.49,24020,2,0,0,31.73
1225184,54.81,55.0,54.1,56.0,1,0,21.92,21.52,24520,2,0,0,31.73
1225691,54.83,55.0,54.1,56.0,1,0,21.85,21.52,25020,2,0,0,31.73
1226198,54.83,55.0,54.1,56.0,1,0,21.85,21.53,25520,2,0,0,31.73
1226704,54.83,55.0,54.1,56.0,1,0,21.85,21.53,26023,2,0,0,31.73
1227210,54.86,55.0,54.1,56.0,1,0,21.68,21.53,26523,2,0,0,31.73
1227716,54.86,55.0,54.1,56.0,1,0,21.68,21.53,27023,2,0,0,31.73
1228222,54.86,55.0,54.1,56.0,1,0,21.68,21.53,27523,2,0,0,31.73
1228728,54.97,55.0,54.1,56.0,1,0,21.53,21.58,28023,2,0,0,31.75
1229234,54.97,55.0,54.1,56.0,1,0,21.53,21.58,28523,2,0,0,31.75
1229740,55.06,55.0,54.1,56.0,1,0,21.44,21.59,29023,2,0,0,31.73
1230246,55.06,55.0,54.1,56.0,1,0,21.44,21.59,29523,2,0,0,31.73
1230752,55.08,55.0,54.1,56.0,1,0,21.22,21.6,30023,2,0,0,31.73
1231258,55.15,55.0,54.1,56.0,1,0,21.18,21.6,30523,2,0,0,31.72
1231764,55.15,55.0,54.1,56.0,1,0,21.18,21.6,31023,2,0,0,31.72
1232270,55.18,55.0,54.1,56.0,1,0,21.12,21.62,31523,2,0,0,31.72
1232776,55.18,55.0,54.1,56.0,1,0,21.12,21.62,32023,2,0,0,31.72
1233282,55.19,55.0,54.1,56.0,1,0,21.01,21.63,32523,2,0,0,31.73
1233788,55.19,55.0,54.1,56.0,1,0,21.01,21.63,33023,2,0,0,31.73
1234294,55.19,55.0,54.1,56.0,1,0,21.01,21.63,33523,2,0,0,31.73
1234800,55.29,55.0,54.1,56.0,1,0,21.16,21.66,34023,2,0,0,31.73
1235306,55.31,55.0,54.1,56.0,1,0,20.62,21.68,34523,2,0,0,31.75
1235812,55.37,55.0,54.1,56.0,1,0,20.77,21.69,35023,2,0,0,31.73
1236318,55.37,55.0,54.1,56.0,1,0,20.77,21.69,35523,2,0,0,31.73
1236824,55.37,55.0,54.1,56.0,1,0,20.77,21.69,36023,2,0,0,31.73
1237330,55.37,55.0,54.1,56.0,1,0,20.77,21.69,36523,2,0,0,31.73
1237836,55.45,55.0,54.1,56.0,1,0,20.17,21.71,37023,2,1,0,31.73
1238342,55.45,55.0,54.1,56.0,1,0,20.06,21.71,37523,2,1,0,31.73
1238848,55.46,55.0,54.1,56.0,1,0,20.06,21.71,38023,2,1,0,31.73
1239354,55.46,55.0,54.1,56.0,1,0,20.06,21.71,38523,2,1,0,31.73
1239860,55.5,55.0,54.1,56.0,1,0,19.93,21.72,39023,2,1,0,31.73
1240366,55.51,55.0,54.1,56.0,1,0,19.61,21.73,39537,2,1,0,31.73
1240872,55.51,55.0,54.1,56.0,0,0,19.61,21.73,0,2,1,0,31.73
1241378,55.57,55.0,54.1,56.0,0,0,19.63,21.77,500,2,1,0,31.76
1241884,55.58,55.0,54.1,56.0,0,0,19.91,21.73,1000,2,1,0,31.72
1242390,55.61,55.0,54.1,56.0,0,0,19.54,21.73,1500,2,1,0,31.73
1242896,55.61,55.0,54.1,56.0,0,0,19.54,21.76,2000,2,1,0,31.73
1243402,55.61,55.0,54.1,56.0,0,0,19.61,21.74,2500,2,1,0,31.72
1243908,55.61,55.0,54.1,56.0,0,0,19.61,21.74,3000,2,1,0,31.72
1244414,55.62,55.0,54.1,56.0,0,0,19.44,21.75,3500,2,1,0,31.72
1244920,55.64,55.0,54.1,56.0,0,0,19.31,21.76,4000,2,1,0,31.73
1245426,55.64,55.0,54.1,56.0,0,0,19.31,21.76,4500,2,1,0,31.73
1245932,55.62,55.0,54.1,56.0,0,0,19.59,21.76,5000,2,1,0,31.73
1246438,55.62,55.0,54.1,56.0,0,0,19.59,21.76,5500,2,1,0,31.73
1246944,55.68,55.0,54.1,56.0,0,0,19.44,21.76,6000,2,1,0,31.73
1247450,55.68,55.0,54.1,56.0,0,0,19.44,21.78,6500,2,1,0,31.73
1247956,55.66,55.0,54.1,56.0,0,0,19.39,21.78,7000,2,1,0,31.75
1248462,55.63,55.0,54.1,56.0,0,0,19.37,21.78,7500,2,1,0,31.72
1248969,55.63,55.0,54.1,56.0,0,0,19.37,21.75,8000,2,1,0,31.72
1249476,55.62,55.0,54.1,56.0,0,0,19.28,21.75,8500,2,1,0,31.72
1249982,55.64,55.0,54.1,56.0,0,0,18.72,21.76,9000,2,1,0,31.73
1250488,55.64,55.0,54.1,56.0,0,0,19.54,21.76,9500,2,1,0,31.73
1250994,55.61,55.0,54.1,56.0,0,0,19.59,21.76,10000,2,1,0,31.72
1251500,55.62,55.0,54.1,56.0,0,0,19.59,21.74,10500,2,1,0,31.72
1252006,55.62,55.0,54.1,56.0,0,0,19.59,21.75,11000,2,1,0,31.72
1252512,55.62,55.0,54.1,56.0,0,0,19.59,21.75,11500,2,1,0,31.72
1253018,55.62,55.0,54.1,56.0,0,0,19.59,21.75,12000,2,1,0,31.72
1253524,55.57,55.0,54.1,56.0,0,0,19.28,21.73,12500,2,1,0,31.72
1254030,55.56,55.0,54.1,56.0,0,0,19.87,21.73,13000,2,1,0,31.72
1254537,55.52,55.0,54.1,56.0,0,0,19.74,21.73,13500,2,1,0,31.73
1255044,55.52,55.0,54.1,56.0,0,0,19.74,21.73,14000,2,1,0,31.73
1255550,55.5,55.0,54.1,56.0,0,0,19.82,21.73,14500,2,1,0,31.72
1256056,55.5,55.0,54.1,56.0,0,0,19.82,21.71,15000,2,1,0,31.72
1256562,55.42,55.0,54.1,56.0,0,0,19.95,21.71,15500,2,1,0,31.72
1257068,55.42,55.0,54.1,56.0,0,0,19.95,21.69,16000,2,1,0,31.72
1257574,55.45,55.0,54.1,56.0,0,0,20.21,21.69,16500,2,1,0,31.72
1258080,55.46,55.0,54.1,56.0,0,0,20.17,21.69,17000,2,0,0,31.73
1258586,55.41,55.0,54.1,56.0,0,0,20.25,21.71,17500,2,1,0,31.72
1259092,55.41,55.0,54.1,56.0,0,0,20.25,21.68,18000,2,0,0,31.72
1259598,55.36,55.0,54.1,56.0,0,0,20.32,21.68,18500,2,0,0,31.75
1260104,55.36,55.0,54.1,56.0,0,0,20.32,21.7,19000,2,0,0,31.75
1260610,55.34,55.0,54.1,56.0,0,0,20.25,21.65,19500,2,0,0,31.71
1261116,55.3,55.0,54.1,56.0,1,0,20.38,21.65,0,2,0,0,31.72
1261622,55.28,55.0,54.1,56.0,1,0,20.45,21.65,500,2,0,0,31.72
1262128,55.28,55.0,54.1,56.0,1,0,20.45,21.65,1000,2,0,0,31.72
1262634,55.25,55.0,54.1,56.0,1,0,20.43,21.65,1500,2,0,0,31.72
1263140,55.26,55.0,54.1,56.0,1,0,20.45,21.63,2000,2,0,0,31.71
1263646,55.26,55.0,54.1,56.0,1,0,20.45,21.62,2500,2,0,0,31.71
1264152,55.21,55.0,54.1,56.0,1,0,20.47,21.62,3000,2,0,0,31.73
1264658,55.21,55.0,54.1,56.0,1,0,20.69,21.64,3500,2,0,0,31.69
1265164,55.21,55.0,54.1,56.0,1,0,20.69,21.6,4000,2,0,0,31.69
1265670,55.2,55.0,54.1,56.0,1,0,20.97,21.6,4500,2,0,0,31.73
1266176,55.2,55.0,54.1,56.0,1,0,20.97,21.63,5000,2,0,0,31.73
1266682,55.17,55.0,54.1,56.0,1,0,20.6,21.63,5500,2,0,0,31.71
1267188,55.17,55.0,54.1,56.0,1,0,20.6,21.6,6505,2,0,0,31.71
1267695,55.12,55.0,54.1,56.0,1,0,20.62,21.6,7007,2,0,0,31.72
1268201,55.12,55.0,54.1,56.0,1,0,20.62,21.6,7507,2,0,0,31.72
1268707,55.09,55.0,54.1,56.0,1,0,20.45,21.59,8007,2,0,0,31.72
1269213,55.07,55.0,54.1,56.0,1,0,20.51,21.58,8507,2,0,0,31.72
1269719,55.06,55.0,54.1,56.0,1,0,20.6,21.59,9007,2,0,0,31.73
1270225,55.06,55.0,54.1,56.0,1,0,20.6,21.59,9507,2,0,0,31.73
1270731,55.04,55.0,54.1,56.0,1,0,20.38,21.59,10007,2,0,0,31.73
1271253,55.04,55.0,54.1,56.0,1,0,20.28,21.59,10507,2,0,0,31.75
1271760,55.04,55.0,54.1,56.0,1,0,20.28,21.6,11007,2,0,0,31.75
1272266,55.04,55.0,54.1,56.0,1,0,21.61,21.57,11507,2,0,0,31.72
1272772,55.05,55.0,54.1,56.0,1,0,20.1,21.59,12007,2,0,0,31.73
1273278,55.05,55.0,54.1,56.0,1,0,20.1,21.59,12507,2,0,0,31.73
1273784,55.05,55.0,54.1,56.0,1,0,20.1,21.59,13007,2,0,0,31.73
1274290,55.05,55.0,54.1,56.0,1,0,20.1,21.59,13507,2,0,0,31.73
1274796,55.0,55.0,54.1,56.0,1,0,20.04,21.58,14007,2,1,0,31.73
1275302,55.0,55.0,54.1,56.0,1,0,20.04,21.58,14510,2,1,0,31.73
1275808,55.0,55.0,54.1,56.0,1,0,20.04,21.58,15010,2,1,0,31.73
1276314,55.0,55.0,54.1,56.0,1,0,20.04,21.58,15510,2,1,0,31.73
1276820,55.0,55.0,54.1,56.0,1,0,20.04,21.58,16010,2,1,0,31.73
1277326,54.94,55.0,54.1,56.0,1,0,19.65,21.54,16510,2,1,0,31.72
1277832,54.94,55.0,54.1,56.0,1,0,19.65,21.54,17010,2,1,0,31.72
1278338,54.97,55.0,54.1,56.0,1,0,19.41,21.54,17510,2,1,0,31.73
1278844,54.97,55.0,54.1,56.0,1,0,19.41,21.57,18010,2,1,0,31.73
1279350,54.95,55.0,54.1,56.0,1,0,19.37,21.56,18510,2,1,0,31.73
1279856,54.92,55.0,54.1,56.0,1,0,19.44,21.54,19010,2,1,0,31.72
1280362,54.92,55.0,54.1,56.0,1,0,19.44,21.54,19510,2,1,0,31.72
1280870,54.92,55.0,54.1,56.0,1,0,19.44,21.54,20010,2,1,0,31.72
1281377,54.92,55.0,54.1,56.0,1,0,19.44,21.54,20510,2,1,0,31.72
1281883,54.92,55.0,54.1,56.0,1,0,19.44,21.54,21010,2,1,0,31.72
1282389,54.92,55.0,54.1,56.0,1,0,19.11,21.52,21510,2,1,0,31.71
1282895,54.91,55.0,54.1,56.0,1,0,19.16,21.52,22010,2,1,0,31.71
1283401,54.91,55.0,54.1,56.0,1,0,19.16,21.52,22510,2,1,0,31.71
1283907,54.89,55.0,54.1,56.0,1,0,19.05,21.52,23010,2,1,0,31.71
1284413,54.94,55.0,54.1,56.0,1,0,18.9,21.52,23510,2,1,0,31.71
1284919,54.94,55.0,54.1,56.0,1,0,18.9,21.53,24010,2,1,0,31.71
1285425,54.89,55.0,54.1,56.0,1,0,18.53,21.53,24510,2,1,0,31.71
1285931,54.89,55.0,54.1,56.0,1,0,18.53,21.52,25010,2,1,0,31.71
1286437,54.89,55.0,54.1,56.0,1,0,18.53,21.52,25510,2,1,0,31.71
1286943,54.88,55.0,54.1,56.0,1,0,18.55,21.52,26010,2,1,0,31.72
1287449,54.88,55.0,54.1,56.0,1,0,18.55,21.53,26510,2,1,0,31.72
1287956,54.86,55.0,54.1,56.0,1,0,18.4,21.53,27010,2,1,0,31.73
1288463,54.86,55.0,54.1,56.0,1,0,18.4,21.53,27510,2,1,0,31.73
1288969,54.86,55.0,54.1,56.0,1,0,18.4,21.53,28010,2,1,0,31.73
1289475,54.87,55.0,54.1,56.0,1,0,18.36,21.52,28510,2,1,0,31.72
1289981,54.83,55.0,54.1,56.0,1,0,18.27,21.5,29010,2,1,0,31.71
1290487,54.83,55.0,54.1,56.0,1,0,18.27,21.5,29510,2,1,0,31.71
1290993,54.86,55.0,54.1,56.0,1,0,18.23,21.51,30010,2,1,0,31.71
1291501,54.86,55.0,54.1,56.0,1,0,18.23,21.51,30510,2,1,0,31.71
1292007,54.82,55.0,54.1,56.0,1,0,18.19,21.5,31010,2,1,0,31.71
1292513,54.82,55.0,54.1,56.0,1,0,18.19,21.5,31512,2,1,0,31.71
1293019,54.79,55.0,54.1,56.0,1,0,18.1,21.47,32013,2,1,0,31.69
1293525,54.78,55.0,54.1,56.0,1,0,17.93,21.47,32513,2,1,0,31.73
1294031,54.76,55.0,54.1,56.0,1,0,17.97,21.51,33013,2,1,0,31.71
1294537,54.77,55.0,54.1,56.0,1,0,17.48,21.48,33513,2,1,0,31.72
1295043,54.77,55.0,54.1,56.0,1,0,17.48,21.49,34013,2,1,0,31.72
1295549,54.77,55.0,54.1,56.0,1,0,17.48,21.49,34513,2,1,0,31.72
1296055,54.73,55.0,54.1,56.0,1,0,17.76,21.49,35013,2,1,0,31.72
1296561,54.73,55.0,54.1,56.0,1,0,17.76,21.48,35513,2,1,0,31.72
1297067,54.71,55.0,54.1,56.0,1,0,17.69,21.47,36013,2,1,0,31.72
1297573,54.65,55.0,54.1,56.0,1,0,17.5,21.47,36513,2,1,0,31.71
1298079,54.65,55.0,54.1,56.0,1,0,17.5,21.45,37013,2,1,0,31.71
1298585,54.61,55.0,54.1,56.0,1,0,17.71,21.45,37513,2,1,0,31.69
1299091,54.61,55.0,54.1,56.0,1,0,17.39,21.42,38013,2,1,0,31.72
1299597,54.61,55.0,54.1,56.0,1,0,17.39,21.44,38513,2,1,0,31.72
1300103,54.54,55.0,54.1,56.0,1,0,17.26,21.41,39013,2,1,0,31.71
1300609,54.53,55.0,54.1,56.0,1,0,16.89,21.41,39513,2,1,0,31.69
1301115,54.53,55.0,54.1,56.0,0,0,16.89,21.4,0,2,1,0,31.69
1301621,54.52,55.0,54.1,56.0,0,0,17.3,21.4,504,2,1,0,31.72
1302127,54.43,55.0,54.1,56.0,0,0,17.04,21.42,1005,2,1,0,31.71
1302633,54.43,55.0,54.1,56.0,0,0,17.04,21.38,1506,2,1,0,31.71
1303139,54.43,55.0,54.1,56.0,0,0,17.04,21.38,2006,2,1,0,31.71
1303645,54.43,55.0,54.1,56.0,0,0,17.04,21.38,2506,2,1,0,31.71
1304151,54.33,55.0,54.1,56.0,0,0,17.09,21.38,3006,2,1,0,31.73
1304657,54.32,55.0,54.1,56.0,0,0,16.89,21.38,3506,2,1,0,31.72
1305163,54.32,55.0,54.1,56.0,0,0,16.89,21.36,4006,2,1,0,31.72
1305669,54.32,55.0,54.1,56.0,0,0,16.89,21.36,4506,2,1,0,31.72
1306175,54.22,55.0,54.1,56.0,0,0,17.07,21.36,5006,2,1,0,31.71
1306681,54.19,55.0,54.1,56.0,0,0,17.2,21.31,5506,2,1,0,31.71
1307187,54.19,55.0,54.1,56.0,0,0,17.2,21.31,6006,2,1,0,31.71
1307693,54.19,55.0,54.1,56.0,0,0,17.2,21.31,6506,2,1,0,31.71
1308199,54.12,55.0,54.1,56.0,0,0,17.11,21.31,7007,2,1,0,31.71
1308705,54.06,55.0,54.1,56.0,0,0,17.13,21.28,7513,2,1,0,31.69
1309212,54.03,55.0,54.1,56.0,0,0,17.35,21.26,8019,2,1,0,31.72
1309719,54.03,55.0,54.1,56.0,0,0,17.35,21.27,8527,2,1,0,31.72
1310225,54.01,55.0,54.1,56.0,0,0,17.2,21.27,9029,2,1,0,31.72
1310731,54.01,55.0,54.1,56.0,0,0,17.2,21.26,10035,2,1,0,31.72
1311238,53.94,55.0,54.1,56.0,0,0,17.35,21.23,10535,2,1,0,31.71
1311744,53.94,55.0,54.1,56.0,0,0,17.35,21.23,11035,2,1,0,31.71
1312250,53.84,55.0,54.1,56.0,0,0,17.43,21.19,11535,2,1,0,31.69
1312756,53.84,55.0,54.1,56.0,0,0,17.43,21.19,12035,2,1,0,31.69
1313262,53.84,55.0,54.1,56.0,0,0,17.43,21.19,12535,2,1,0,31.69
1313768,53.76,55.0,54.1,56.0,0,0,17.58,21.18,13035,2,1,0,31.71
1314274,53.73,55.0,54.1,56.0,0,0,17.58,21.15,13535,2,1,0,31.69
1314780,53.68,55.0,54.1,56.0,0,0,17.73,21.16,14041,2,1,0,31.72
1315286,53.68,55.0,54.1,56.0,0,0,17.73,21.16,14541,2,1,0,31.72
1315792,53.68,55.0,54.1,56.0,0,0,17.73,21.16,15041,2,1,0,31.72
1316298,53.58,55.0,54.1,56.0,0,0,17.76,21.12,15541,2,1,0,31.71
1316804,53.58,55.0,54.1,56.0,0,0,17.76,21.12,16041,2,1,0,31.71
1317310,53.55,55.0,54.1,56.0,0,0,17.95,21.11,16541,2,1,0,31.71
1317816,53.5,55.0,54.1,56.0,0,0,17.88,21.1,17041,2,1,0,31.71
1318322,53.5,55.0,54.1,56.0,0,0,17.88,21.1,17541,2,1,0,31.71
1318828,53.5,55.0,54.1,56.0,0,0,17.88,21.1,18041,2,1,0,31.71
1319334,53.5,55.0,54.1,56.0,0,0,17.88,21.1,18541,2,1,0,31.71
1319840,53.39,55.0,54.1,56.0,0,0,18.06,21.08,19041,2,1,0,31.72
1320346,53.35,55.0,54.1,56.0,0,0,18.23,21.04,19554,2,1,0,31.69
1320853,53.33,55.0,54.1,56.0,0,0,18.29,21.04,20054,2,1,0,31.71
1321360,53.33,55.0,54.1,56.0,0,0,18.29,21.04,20555,2,1,0,31.71
1321866,53.25,55.0,54.1,56.0,0,0,18.47,21.04,21055,2,1,0,31.69
1322372,53.25,55.0,54.1,56.0,0,0,18.47,21.01,21555,2,1,0,31.69
1322878,53.23,55.0,54.1,56.0,0,0,18.51,21.03,22055,2,1,0,31.72
1323384,53.22,55.0,54.1,56.0,0,0,18.88,21.03,22555,2,1,0,31.69
1323890,53.22,55.0,54.1,56.0,0,0,18.88,21.0,23055,2,1,0,31.69
1324396,53.16,55.0,54.1,56.0,0,0,18.72,20.98,23555,2,1,0,31.69
1324902,53.15,55.0,54.1,56.0,0,0,18.75,20.99,24055,2,1,0,31.71
1325408,53.09,55.0,54.1,56.0,0,0,18.62,20.97,24555,2,1,0,31.71
1325915,53.1,55.0,54.1,56.0,0,0,18.83,20.97,25055,2,1,0,31.69
1326422,53.1,55.0,54.1,56.0,0,0,18.83,20.96,25555,2,1,0,31.69
1326928,53.1,55.0,54.1,56.0,0,0,19.09,20.96,26055,2,1,0,31.69
1327434,53.04,55.0,54.1,56.0,0,0,19.18,20.96,26555,2,1,0,31.71
1327940,53.04,55.0,54.1,56.0,0,0,19.18,20.96,27055,2,1,0,31.71
1328446,52.99,55.0,54.1,56.0,0,0,19.11,20.93,27555,2,1,0,31.69
1328952,53.01,55.0,54.1,56.0,0,0,19.2,20.95,28055,2,1,0,31.71
1329458,52.96,55.0,54.1,56.0,0,0,19.26,20.95,28555,2,1,0,31.71
1329964,52.92,55.0,54.1,56.0,0,0,19.5,20.93,29055,2,1,0,31.72
1330470,52.92,55.0,54.1,56.0,0,0,19.5,20.93,29555,2,0,0,31.72
1330976,52.9,55.0,54.1,56.0,0,0,19.24,20.93,30055,2,0,0,31.71
1331482,52.9,55.0,54.1,56.0,0,0,19.24,20.91,30555,2,1,0,31.71
1331988,52.9,55.0,54.1,56.0,0,0,19.52,20.91,31055,2,0,0,31.71
1332494,52.86,55.0,54.1,56.0,0,0,19.56,20.89,31555,2,0,0,31.69
1333000,52.86,55.0,54.1,56.0,0,0,19.56,20.89,32055,2,0,0,31.69
1333506,52.86,55.0,54.1,56.0,0,0,19.56,20.89,32555,2,0,0,31.69
1334012,52.83,55.0,54.1,56.0,0,0,19.65,20.89,33055,2,0,0,31.71
1334519,52.83,55.0,54.1,56.0,0,0,19.65,20.89,33555,2,0,0,31.71
1335026,52.8,55.0,54.1,56.0,0,0,19.84,20.89,34055,2,0,0,31.69
1335532,52.8,55.0,54.1,56.0,0,0,19.84,20.87,34555,2,0,0,31.69
1336038,52.81,55.0,54.1,56.0,0,0,19.95,20.9,35055,2,0,0,31.72
1336544,52.79,55.0,54.1,56.0,0,0,20.02,20.87,35555,2,0,0,31.69
1337050,52.79,55.0,54.1,56.0,0,0,20.02,20.87,36055,2,0,0,31.69
1337556,52.79,55.0,54.1,56.0,0,0,20.23,20.87,36555,2,0,0,31.69
1338062,52.79,55.0,54.1,56.0,0,0,20.23,20.87,37055,2,0,0,31.69
1338568,52.8,55.0,54.1,56.0,0,0,20.38,20.87,37555,2,0,0,31.69
1339074,52.79,55.0,54.1,56.0,0,0,20.28,20.87,38055,2,0,0,31.68
1339580,52.79,55.0,54.1,56.0,0,0,20.28,20.85,38555,2,0,0,31.68
1340086,52.79,55.0,54.1,56.0,0,0,20.28,20.85,39055,2,0,0,31.68
1340592,52.79,55.0,54.1,56.0,0,0,20.28,20.85,39555,2,0,0,31.68
1341098,52.77,55.0,54.1,56.0,0,0,20.6,20.85,40055,2,0,0,31.68
1341604,52.79,55.0,54.1,56.0,0,0,20.53,20.85,40555,2,0,0,31.71
1342110,52.79,55.0,54.1,56.0,0,0,20.53,20.88,41055,2,0,0,31.71
1342616,52.8,55.0,54.1,56.0,0,0,20.66,20.87,41555,2,0,0,31.69
1343122,52.8,55.0,54.1,56.0,0,0,20.66,20.87,42055,2,0,0,31.69
1343628,52.78,55.0,54.1,56.0,0,0,20.69,20.87,42555,2,0,0,31.69
1344134,52.8,55.0,54.1,56.0,0,0,20.71,20.86,43055,2,0,0,31.68
1344640,52.8,55.0,54.1,56.0,0,0,20.71,20.86,43555,2,0,0,31.68
1345146,52.8,55.0,54.1,56.0,0,0,20.71,20.86,44055,2,0,0,31.68
1345652,52.78,55.0,54.1,56.0,0,0,20.94,20.86,44555,2,0,0,31.69
1346160,52.78,55.0,54.1,56.0,0,0,20.94,20.86,45055,2,0,0,31.69
1346667,52.78,55.0,54.1,56.0,0,0,20.94,20.86,45555,2,0,0,31.69
1347173,52.78,55.0,54.1,56.0,0,0,20.99,20.88,46057,2,0,0,31.71
1347679,52.78,55.0,54.1,56.0,0,0,20.99,20.88,46557,2,0,0,31.71
1348185,52.82,55.0,54.1,56.0,0,0,21.16,20.88,47057,2,0,0,31.72
1348691,52.82,55.0,54.1,56.0,0,0,21.16,20.9,47557,2,0,0,31.72
1349197,52.83,55.0,54.1,56.0,0,0,21.38,20.9,48057,2,0,0,31.71
1349703,52.83,55.0,54.1,56.0,0,0,21.38,20.89,48557,2,0,0,31.71
1350209,52.86,55.0,54.1,56.0,0,0,21.44,20.89,49057,2,0,0,31.71
1350715,52.86,55.0,54.1,56.0,0,0,21.44,20.9,49557,2,0,0,31.71
1351221,52.86,55.0,54.1,56.0,0,0,21.44,20.9,50057,2,0,0,31.71
1351727,52.83,55.0,54.1,56.0,0,0,21.4,20.9,50561,2,0,0,31.68
1352233,52.83,55.0,54.1,56.0,0,0,21.4,20.87,51061,2,0,0,31.68
1352739,52.94,55.0,54.1,56.0,0,0,21.42,20.87,51561,2,0,0,31.71
1353245,52.94,55.0,54.1,56.0,0,0,21.42,20.93,52061,2,0,0,31.71
1353751,52.94,55.0,54.1,56.0,0,0,21.42,20.93,52561,2,0,0,31.71
1354257,52.92,55.0,54.1,56.0,0,0,21.92,20.93,53561,2,0,0,31.72
1354763,52.92,55.0,54.1,56.0,0,0,21.92,20.93,54061,2,0,0,31.72
1355269,52.91,55.0,54.1,56.0,0,0,21.74,20.89,54561,2,0,0,31.68
1355775,52.91,55.0,54.1,56.0,0,0,21.74,20.89,55061,2,0,0,31.68
1356281,52.94,55.0,54.1,56.0,0,0,21.79,20.93,55561,2,0,0,31.71
1356787,52.97,55.0,54.1,56.0,0,0,21.83,20.92,56061,2,0,0,31.69
1357294,52.97,55.0,54.1,56.0,0,0,22.03,20.92,56561,2,0,0,31.71
1357801,52.97,55.0,54.1,56.0,0,0,22.03,20.94,57061,2,0,0,31.71
1358307,52.99,55.0,54.1,56.0,0,0,22.13,20.93,57561,2,0,0,31.69
1358813,53.01,55.0,54.1,56.0,0,0,22.22,20.93,58061,2,0,0,31.69
1359319,53.01,55.0,54.1,56.0,0,0,22.22,20.93,58561,2,0,0,31.69
1359825,53.03,55.0,54.1,56.0,0,0,21.9,20.93,59074,2,0,0,31.68
1360331,53.03,55.0,54.1,56.0,0,0,21.9,20.93,59574,2,0,0,31.68
1360837,53.05,55.0,54.1,56.0,0,0,22.42,20.95,60074,2,0,0,31.69
1361343,53.05,55.0,54.1,56.0,0,0,22.42,20.95,60574,2,0,0,31.69
1361849,53.05,55.0,54.1,56.0,0,0,22.52,20.95,61074,2,0,0,31.69
1362355,53.05,55.0,54.1,56.0,0,0,22.52,20.95,61574,2,0,0,31.69
1362861,53.04,55.0,54.1,56.0,0,0,22.2,20.96,62074,2,0,0,31.71
1363367,53.04,55.0,54.1,56.0,0,0,22.2,20.96,62574,2,0,0,31.71
1363873,53.11,55.0,54.1,56.0,0,0,22.5,20.98,63074,2,0,0,31.71
1364379,53.11,55.0,54.1,56.0,0,0,22.5,20.98,63574,2,0,0,31.71
1364885,53.09,55.0,54.1,56.0,0,0,22.46,20.96,64074,2,0,0,31.69
1365391,53.09,55.0,54.1,56.0,0,0,22.46,20.96,64574,2,0,0,31.69
1365897,53.12,55.0,54.1,56.0,0,0,22.5,20.97,65074,2,0,0,31.69
1366403,53.15,55.0,54.1,56.0,0,0,22.59,20.99,65574,2,0,0,31.71
1366909,53.19,55.0,54.1,56.0,0,0,22.65,21.0,66085,2,0,0,31.71
1367415,53.18,55.0,54.1,56.0,0,0,22.83,21.0,66585,2,0,0,31.71
1367921,53.18,55.0,54.1,56.0,0,0,22.83,21.0,67085,2,0,0,31.71
1368427,53.2,55.0,54.1,56.0,0,0,22.87,20.99,67585,2,0,0,31.69
1368933,53.23,55.0,54.1,56.0,0,0,23.13,20.99,68085,2,0,0,31.72
1369439,53.23,55.0,54.1,56.0,0,0,23.13,21.03,68585,2,0,0,31.72
1369945,53.25,55.0,54.1,56.0,0,0,22.89,21.03,69085,2,0,0,31.71
1370451,53.25,55.0,54.1,56.0,0,0,22.89,21.02,69585,2,0,0,31.71
1370957,53.25,55.0,54.1,56.0,0,0,22.89,21.02,70085,2,0,0,31.71
1371463,53.25,55.0,54.1,56.0,0,0,22.89,21.02,70585,2,0,0,31.71
1371969,53.3,55.0,54.1,56.0,0,0,23.15,21.04,71085,2,0,0,31.71
1372475,53.3,55.0,54.1,56.0,0,0,23.15,21.04,71585,2,0,0,31.71
1372981,53.3,55.0,54.1,56.0,0,0,23.15,21.04,72085,2,0,0,31.71
1373487,53.35,55.0,54.1,56.0,0,0,23.18,21.04,72585,2,0,0,31.71
1373993,53.35,55.0,54.1,56.0,0,0,23.18,21.05,73085,2,0,0,31.71
1374499,53.39,55.0,54.1,56.0,0,0,23.11,21.05,73585,2,0,0,31.69
1375005,53.39,55.0,54.1,56.0,0,0,23.11,21.05,74085,2,0,0,31.69
1375511,53.43,55.0,54.1,56.0,0,0,23.05,21.08,74585,2,0,0,31.71
1376017,53.39,55.0,54.1,56.0,0,0,23.26,21.08,75085,2,0,0,31.69
1376523,53.39,55.0,54.1,56.0,0,0,23.26,21.05,75585,2,0,0,31.69
1377029,53.48,55.0,54.1,56.0,0,0,23.33,21.05,76085,2,0,0,31.72
1377535,53.47,55.0,54.1,56.0,0,0,23.37,21.1,76585,2,0,0,31.71
1378041,53.47,55.0,54.1,56.0,0,0,23.37,21.09,77085,2,0,0,31.71
1378547,53.49,55.0,54.1,56.0,0,0,23.46,21.09,77585,2,0,0,31.71
1379053,53.49,55.0,54.1,56.0,0,0,23.46,21.09,78085,2,0,0,31.71
1379559,53.49,55.0,54.1,56.0,0,0,23.46,21.09,78585,2,0,0,31.71
1380065,53.5,55.0,54.1,56.0,0,0,23.89,21.09,79085,2,0,0,31.71
1380571,53.5,55.0,54.1,56.0,0,0,23.89,21.1,79585,2,0,0,31.71
1381077,53.56,55.0,54.1,56.0,0,0,24.11,21.1,80085,2,0,0,31.72
1381583,53.56,55.0,54.1,56.0,0,0,24.11,21.13,80585,2,0,0,31.72
1382089,53.51,55.0,54.1,56.0,0,0,23.65,21.09,81085,2,0,0,31.69
1382595,53.51,55.0,54.1,56.0,0,0,23.65,21.09,81585,2,0,0,31.69
1383101,53.51,55.0,54.1,56.0,0,0,23.65,21.09,82085,2,0,0,31.69
1383607,53.63,55.0,54.1,56.0,0,0,23.76,21.09,82585,2,0,0,31.71
1384113,53.63,55.0,54.1,56.0,0,0,23.85,21.14,83085,2,0,0,31.72
1384619,53.63,55.0,54.1,56.0,0,0,23.85,21.15,83585,2,0,0,31.72
1385125,53.64,55.0,54.1,56.0,0,0,23.74,21.15,84085,2,0,0,31.72
1385631,53.64,55.0,54.1,56.0,0,0,23.74,21.15,84585,2,0,0,31.72
1386137,53.7,55.0,54.1,56.0,0,0,23.94,21.17,85085,2,0,0,31.72
1386643,53.7,55.0,54.1,56.0,0,0,23.94,21.17,85589,2,0,0,31.72
1387149,53.73,55.0,54.1,56.0,0,0,24.0,21.17,86089,2,0,0,31.71
1387655,53.74,55.0,54.1,56.0,0,0,24.03,21.17,86589,2,0,0,31.71
1388161,53.74,55.0,54.1,56.0,0,0,24.03,21.17,87089,2,0,0,31.71
1388667,53.78,55.0,54.1,56.0,0,0,24.0,21.17,87589,2,0,0,31.69
1389173,53.77,55.0,54.1,56.0,0,0,24.03,21.17,88089,2,0,0,31.72
1389679,53.83,55.0,54.1,56.0,0,0,24.7,21.19,88589,2,0,0,31.72
1390185,53.83,55.0,54.1,56.0,0,0,24.7,21.21,89089,2,0,0,31.72
1390691,53.83,55.0,54.1,56.0,0,0,24.7,21.21,89589,2,0,0,31.72
1391197,53.78,55.0,54.1,56.0,0,0,24.11,21.21,90089,2,0,0,31.72
1391703,53.85,55.0,54.1,56.0,0,0,24.2,21.2,90589,2,0,0,31.71
1392209,53.9,55.0,54.1,56.0,0,0,24.11,21.2,91089,2,0,0,31.71
1392715,53.9,55.0,54.1,56.0,0,0,24.11,21.22,91589,2,0,0,31.71
1393221,53.88,55.0,54.1,56.0,0,0,24.33,21.22,92089,2,0,0,31.71
1393727,53.93,55.0,54.1,56.0,0,0,24.29,21.21,92589,2,0,0,31.71
1394233,53.93,55.0,54.1,56.0,0,0,24.29,21.23,93089,2,0,0,31.71
1394739,53.93,55.0,54.1,56.0,0,0,24.29,21.23,93589,2,0,0,31.71
1395245,53.93,55.0,54.1,56.0,0,0,24.29,21.23,94089,2,0,0,31.71
1395751,53.93,55.0,54.1,56.0,0,0,24.29,21.23,94589,2,0,0,31.71
1396257,53.93,55.0,54.1,56.0,0,0,24.29,21.23,95089,2,0,0,31.71
1396763,53.97,55.0,54.1,56.0,0,0,24.57,21.23,95589,2,0,0,31.72
1397269,54.03,55.0,54.1,56.0,0,0,24.29,21.25,96089,2,0,0,31.71
1397775,53.99,55.0,54.1,56.0,0,0,24.55,21.26,96589,2,0,0,31.69
1398281,53.99,55.0,54.1,56.0,0,0,24.55,21.23,97089,2,0,0,31.69
1398787,54.01,55.0,54.1,56.0,0,0,24.81,21.25,98091,2,0,0,31.71
1399294,54.01,55.0,54.1,56.0,0,0,24.81,21.25,98591,2,0,0,31.71
1399801,54.08,55.0,54.1,56.0,0,0,24.75,21.3,99091,2,0,0,31.73
1400307,54.08,55.0,54.1,56.0,0,0,24.64,21.27,99591,2,0,0,31.71
1400813,54.08,55.0,54.1,56.0,0,0,25.03,21.26,100097,2,0,0,31.69
1401319,54.08,55.0,54.1,56.0,0,0,25.03,21.26,100597,2,0,0,31.69
1401825,54.09,55.0,54.1,56.0,0,0,24.7,21.28,101097,2,0,0,31.71
1402331,54.12,55.0,54.1,56.0,1,0,25.08,21.28,0,2,0,0,31.71
1402837,54.12,55.0,54.1,56.0,1,0,25.08,21.28,500,2,0,0,31.71
1403343,54.14,55.0,54.1,56.0,1,0,25.34,21.3,1000,2,0,0,31.72
1403861,54.15,55.0,54.1,56.0,1,0,24.68,21.3,1500,2,0,0,31.71
1404368,54.15,55.0,54.1,56.0,1,0,24.68,21.3,2000,2,0,0,31.71
1404874,54.17,55.0,54.1,56.0,1,0,24.81,21.31,2500,2,0,0,31.72
1405380,54.2,55.0,54.1,56.0,1,0,24.79,21.34,3000,2,0,0,31.73
1405886,54.19,55.0,54.1,56.0,1,0,24.95,21.34,3500,2,0,0,31.72
1406392,54.19,55.0,54.1,56.0,1,0,24.95,21.32,4000,2,0,0,31.72
1406898,54.19,55.0,54.1,56.0,1,0,24.95,21.32,4500,2,0,0,31.72
1407404,54.22,55.0,54.1,56.0,1,0,24.64,21.31,5000,2,0,0,31.71
1407910,54.22,55.0,54.1,56.0,1,0,24.64,21.31,5500,2,0,0,31.71
1408416,54.22,55.0,54.1,56.0,1,0,24.64,21.31,6000,2,0,0,31.71
1408922,54.33,55.0,54.1,56.0,1,0,24.62,21.36,6501,2,0,0,31.72
1409428,54.32,55.0,54.1,56.0,1,0,24.62,21.36,7001,2,0,0,31.71
1409934,54.32,55.0,54.1,56.0,1,0,24.62,21.34,7501,2,0,0,31.71
1410440,54.32,55.0,54.1,56.0,1,0,24.73,21.34,8001,2,0,0,31.71
1410946,54.34,55.0,54.1,56.0,1,0,24.4,21.34,8501,2,0,0,31.69
1411452,54.34,55.0,54.1,56.0,1,0,24.4,21.34,9001,2,0,0,31.69
1411958,54.33,55.0,54.1,56.0,1,0,24.33,21.35,9501,2,0,0,31.71
1412465,54.38,55.0,54.1,56.0,1,0,24.2,21.35,10001,2,0,0,31.73
1412972,54.38,55.0,54.1,56.0,1,0,24.2,21.39,10501,2,0,0,31.73
1413478,54.41,55.0,54.1,56.0,1,0,24.07,21.4,11001,2,0,0,31.73
1413984,54.41,55.0,54.1,56.0,1,0,24.07,21.4,11501,2,0,0,31.73
1414490,54.41,55.0,54.1,56.0,1,0,24.07,21.4,12001,2,0,0,31.73
1414996,54.41,55.0,54.1,56.0,1,0,23.81,21.4,12501,2,0,0,31.69
1415502,54.41,55.0,54.1,56.0,1,0,23.81,21.36,13001,2,0,0,31.69
1416008,54.47,55.0,54.1,56.0,1,0,23.72,21.36,13501,2,0,0,31.71
1416515,54.48,55.0,54.1,56.0,1,0,23.52,21.39,14001,2,0,0,31.72
1417022,54.48,55.0,54.1,56.0,1,0,23.52,21.41,14501,2,0,0,31.72
1417528,54.48,55.0,54.1,56.0,1,0,23.52,21.41,15001,2,0,0,31.72
1418034,54.5,55.0,54.1,56.0,1,0,23.44,21.4,15501,2,0,0,31.71
1418540,54.53,55.0,54.1,56.0,1,0,23.24,21.4,16001,2,0,0,31.71
1419046,54.53,55.0,54.1,56.0,1,0,23.24,21.41,16501,2,0,0,31.71
1419552,54.55,55.0,54.1,56.0,1,0,23.11,21.41,17001,2,0,0,31.71
1420072,54.54,55.0,54.1,56.0,1,0,23.02,21.42,17501,2,0,0,31.72
1420579,54.54,55.0,54.1,56.0,1,0,23.02,21.43,18001,2,0,0,31.72
1421085,54.61,55.0,54.1,56.0,1,0,23.05,21.43,18501,2,0,0,31.71
1421591,54.61,55.0,54.1,56.0,1,0,23.05,21.43,19001,2,0,0,31.71
1422097,54.59,55.0,54.1,56.0,1,0,22.72,21.43,19501,2,0,0,31.71
1422603,54.59,55.0,54.1,56.0,1,0,22.72,21.43,20001,2,0,0,31.71
1423109,54.59,55.0,54.1,56.0,1,0,22.72,21.43,20501,2,0,0,31.71
1423616,54.74,55.0,54.1,56.0,1,0,22.48,21.43,21001,2,0,0,31.72
1424123,54.74,55.0,54.1,56.0,1,0,22.48,21.48,21501,2,0,0,31.72
1424629,54.74,55.0,54.1,56.0,1,0,22.29,21.48,22001,2,0,0,31.71
1425135,54.78,55.0,54.1,56.0,1,0,22.39,21.47,22501,2,0,0,31.69
1425641,54.81,55.0,54.1,56.0,1,0,22.31,21.47,23001,2,0,0,31.72
1426147,54.81,55.0,54.1,56.0,1,0,22.31,21.5,23501,2,0,0,31.72
1426653,54.84,55.0,54.1,56.0,1,0,21.92,21.5,24001,2,0,0,31.71
1427159,54.84,55.0,54.1,56.0,1,0,21.92,21.5,24501,2,0,0,31.71
1427665,54.84,55.0,54.1,56.0,1,0,21.92,21.5,25001,2,0,0,31.71
1428171,54.91,55.0,54.1,56.0,1,0,21.92,21.53,25501,2,0,0,31.72
1428677,54.91,55.0,54.1,56.0,1,0,21.92,21.53,26001,2,0,0,31.72
1429183,54.97,55.0,54.1,56.0,1,0,21.79,21.53,26501,2,0,0,31.72
1429689,54.97,55.0,54.1,56.0,1,0,21.79,21.55,27001,2,0,0,31.72
1430195,55.07,55.0,54.1,56.0,1,0,21.16,21.55,27501,2,0,0,31.71
1430701,55.07,55.0,54.1,56.0,1,0,21.16,21.57,28001,2,0,0,31.71
1431207,55.09,55.0,54.1,56.0,1,0,21.42,21.57,28501,2,0,0,31.71
1431713,55.11,55.0,54.1,56.0,1,0,20.99,21.58,29001,2,0,0,31.71
1432219,55.11,55.0,54.1,56.0,1,0,20.99,21.58,29501,2,0,0,31.71
1432725,55.18,55.0,54.1,56.0,1,0,21.03,21.58,30001,2,0,0,31.71
1433231,55.18,55.0,54.1,56.0,1,0,21.03,21.6,30501,2,0,0,31.71
1433737,55.21,55.0,54.1,56.0,1,0,20.94,21.6,31001,2,0,0,31.71
1434243,55.31,55.0,54.1,56.0,1,0,21.12,21.61,31501,2,0,0,31.71
1434749,55.29,55.0,54.1,56.0,1,0,21.12,21.64,32001,2,0,0,31.71
1435255,55.29,55.0,54.1,56.0,1,0,21.12,21.64,32501,2,0,0,31.71
1435761,55.32,55.0,54.1,56.0,1,0,20.86,21.64,33001,2,0,0,31.71
1436267,55.33,55.0,54.1,56.0,1,0,20.64,21.64,33501,2,0,0,31.69
1436773,55.33,55.0,54.1,56.0,1,0,20.64,21.63,34001,2,0,0,31.69
1437279,55.37,55.0,54.1,56.0,1,0,20.66,21.63,34501,2,0,0,31.72
1437785,55.46,55.0,54.1,56.0,1,0,20.34,21.67,35001,2,0,0,31.73
1438291,55.46,55.0,54.1,56.0,1,0,20.34,21.71,35501,2,0,0,31.73
1438797,55.44,55.0,54.1,56.0,1,0,20.51,21.68,36504,2,0,0,31.71
1439303,55.44,55.0,54.1,56.0,1,0,20.51,21.68,37004,2,0,0,31.71
1439809,55.52,55.0,54.1,56.0,1,0,20.17,21.69,37504,2,1,0,31.69
1440315,55.56,55.0,54.1,56.0,1,0,20.1,21.7,38004,2,1,0,31.69
1440821,55.58,55.0,54.1,56.0,1,0,20.0,21.72,38504,2,1,0,31.71
1441328,55.57,55.0,54.1,56.0,1,0,19.5,21.72,39004,2,1,0,31.71
1441835,55.57,55.0,54.1,56.0,1,0,19.5,21.72,39504,2,1,0,31.71
1442341,55.57,55.0,54.1,56.0,0,0,19.5,21.72,0,2,1,0,31.71
1442847,55.63,55.0,54.1,56.0,0,0,19.74,21.74,500,2,1,0,31.71
1443353,55.62,55.0,54.1,56.0,0,0,19.91,21.72,1000,2,1,0,31.69
1443859,55.62,55.0,54.1,56.0,0,0,20.0,21.73,1500,2,1,0,31.71
1444365,55.66,55.0,54.1,56.0,0,0,20.15,21.76,2008,2,1,0,31.72
1444871,55.66,55.0,54.1,56.0,0,0,20.15,21.76,2508,2,1,0,31.72
1445386,55.67,55.0,54.1,56.0,0,0,19.52,21.76,3008,2,1,0,31.71
1445893,55.67,55.0,54.1,56.0,0,0,19.52,21.75,3508,2,1,0,31.71
1446399,55.71,55.0,54.1,56.0,0,0,19.56,21.76,4008,2,1,0,31.71
1446905,55.71,55.0,54.1,56.0,0,0,19.56,21.76,4508,2,1,0,31.71
1447411,55.71,55.0,54.1,56.0,0,0,19.56,21.76,5008,2,1,0,31.71
1447917,55.75,55.0,54.1,56.0,0,0,19.54,21.76,5508,2,1,0,31.72
1448423,55.75,55.0,54.1,56.0,0,0,19.54,21.78,6008,2,1,0,31.72
1448929,55.73,55.0,54.1,56.0,0,0,19.37,21.77,6508,2,1,0,31.71
1449435,55.77,55.0,54.1,56.0,0,0,19.67,21.77,7008,2,1,0,31.68
1449942,55.73,55.0,54.1,56.0,0,0,19.46,21.75,7508,2,1,0,31.68
1450449,55.73,55.0,54.1,56.0,0,0,19.46,21.74,8008,2,1,0,31.68
1450955,55.7,55.0,54.1,56.0,0,0,20.15,21.74,8508,2,1,0,31.69
1451461,55.73,55.0,54.1,56.0,0,0,19.67,21.77,9008,2,1,0,31.71
1451967,55.73,55.0,54.1,56.0,0,0,19.67,21.77,9508,2,1,0,31.71
1452473,55.73,55.0,54.1,56.0,0,0,19.67,21.77,10011,2,1,0,31.71
1452979,55.72,55.0,54.1,56.0,0,0,19.54,21.77,10511,2,1,0,31.69
1453486,55.72,55.0,54.1,56.0,0,0,19.54,21.75,11011,2,1,0,31.69
1453992,55.66,55.0,54.1,56.0,0,0,19.63,21.74,11511,2,1,0,31.71
1454498,55.68,55.0,54.1,56.0,0,0,19.63,21.74,12011,2,1,0,31.69
1455004,55.68,55.0,54.1,56.0,0,0,19.74,21.75,12511,2,1,0,31.71
1455510,55.64,55.0,54.1,56.0,0,0,19.95,21.75,13011,2,1,0,31.69
1456016,55.64,55.0,54.1,56.0,0,0,19.78,21.73,13511,2,1,0,31.69
1456522,55.64,55.0,54.1,56.0,0,0,19.78,21.73,14011,2,1,0,31.69
1457028,55.64,55.0,54.1,56.0,0,0,19.78,21.73,14511,2,1,0,31.69
1457534,55.61,55.0,54.1,56.0,0,0,20.08,21.74,15011,2,1,0,31.72
1458040,55.61,55.0,54.1,56.0,0,0,20.08,21.74,15511,2,1,0,31.72
1458546,55.61,55.0,54.1,56.0,0,0,20.08,21.74,16011,2,1,0,31.72
1459052,55.53,55.0,54.1,56.0,0,0,20.04,21.69,16511,2,1,0,31.69
1459558,55.53,55.0,54.1,56.0,0,0,20.04,21.69,17011,2,1,0,31.69
1460064,55.53,55.0,54.1,56.0,0,0,20.04,21.69,17511,2,1,0,31.69
1460570,55.5,55.0,54.1,56.0,0,0,20.23,21.69,18011,2,0,0,31.69
1461076,55.5,55.0,54.1,56.0,0,0,20.23,21.69,18511,2,0,0,31.69
1461582,55.47,55.0,54.1,56.0,0,0,20.62,21.69,19011,2,0,0,31.69
1462088,55.47,55.0,54.1,56.0,0,0,20.62,21.67,19511,2,0,0,31.69
1462594,55.47,55.0,54.1,56.0,1,0,20.62,21.67,0,2,0,0,31.69
1463100,55.47,55.0,54.1,56.0,1,0,20.62,21.67,500,2,0,0,31.69
1463606,55.41,55.0,54.1,56.0,1,0,20.47,21.66,1000,2,0,0,31.69
1464112,55.37,55.0,54.1,56.0,1,0,20.49,21.66,1500,2,0,0,31.71
1464618,55.37,55.0,54.1,56.0,1,0,20.49,21.66,2000,2,0,0,31.71
1465124,55.33,55.0,54.1,56.0,1,0,20.21,21.63,2504,2,0,0,31.69
1465630,55.33,55.0,54.1,56.0,1,0,20.21,21.63,3004,2,0,0,31.69
1466136,55.3,55.0,54.1,56.0,1,0,20.28,21.63,3504,2,0,0,31.69
1466642,55.3,55.0,54.1,56.0,1,0,20.28,21.63,4004,2,0,0,31.69
1467148,55.32,55.0,54.1,56.0,1,0,20.69,21.63,4504,2,0,0,31.69
1467654,55.28,55.0,54.1,56.0,1,0,20.6,21.63,5004,2,0,0,31.71
1468169,55.26,55.0,54.1,56.0,1,0,20.56,21.63,5504,2,0,0,31.68
1468676,55.26,55.0,54.1,56.0,1,0,20.56,21.6,6004,2,0,0,31.68
1469182,55.28,55.0,54.1,56.0,1,0,20.6,21.62,6504,2,0,0,31.69
1469688,55.28,55.0,54.1,56.0,1,0,20.6,21.62,7004,2,0,0,31.69
1470194,55.23,55.0,54.1,56.0,1,0,20.71,21.62,7504,2,0,0,31.68
1470700,55.23,55.0,54.1,56.0,1,0,20.71,21.59,8004,2,0,0,31.68
1471206,55.18,55.0,54.1,56.0,1,0,20.49,21.59,8504,2,0,0,31.69
1471726,55.14,55.0,54.1,56.0,1,0,20.43,21.59,9004,2,0,0,31.68
1472233,55.14,55.0,54.1,56.0,1,0,20.43,21.57,9504,2,0,0,31.68
1472739,55.14,55.0,54.1,56.0,1,0,20.43,21.57,10004,2,0,0,31.68
1473245,55.14,55.0,54.1,56.0,1,0,20.43,21.57,10504,2,0,0,31.68
1473751,55.14,55.0,54.1,56.0,1,0,20.43,21.57,11004,2,0,0,31.68
1474257,55.14,55.0,54.1,56.0,1,0,20.43,21.57,11504,2,0,0,31.68
1474763,55.13,55.0,54.1,56.0,1,0,20.1,21.57,12004,2,0,0,31.68
1475269,55.08,55.0,54.1,56.0,1,0,20.02,21.56,12504,2,0,0,31.69
1475775,55.08,55.0,54.1,56.0,1,0,20.02,21.56,13004,2,1,0,31.69
1476281,55.11,55.0,54.1,56.0,1,0,20.08,21.56,13504,2,1,0,31.68
1476787,55.11,55.0,54.1,56.0,1,0,20.08,21.56,14004,2,0,0,31.68
1477293,55.05,55.0,54.1,56.0,1,0,19.93,21.56,14504,2,0,0,31.69
1477799,55.07,55.0,54.1,56.0,1,0,19.72,21.55,15004,2,1,0,31.71
1478305,55.07,55.0,54.1,56.0,1,0,19.72,21.57,15504,2,1,0,31.71
1478811,55.07,55.0,54.1,56.0,1,0,19.72,21.57,16004,2,1,0,31.71
1479317,55.07,55.0,54.1,56.0,1,0,19.61,21.57,16509,2,1,0,31.69
1479823,55.07,55.0,54.1,56.0,1,0,19.61,21.56,17515,2,1,0,31.69
1480329,55.09,55.0,54.1,56.0,1,0,19.5,21.53,18015,2,1,0,31.66
1480835,55.07,55.0,54.1,56.0,1,0,19.56,21.56,18515,2,1,0,31.69
1481341,55.07,55.0,54.1,56.0,1,0,19.56,21.56,19015,2,1,0,31.69
1481847,55.08,55.0,54.1,56.0,1,0,19.46,21.56,19515,2,1,0,31.69
1482353,55.06,55.0,54.1,56.0,1,0,19.31,21.54,20015,2,1,0,31.68
1482859,55.06,55.0,54.1,56.0,1,0,19.31,21.54,20515,2,1,0,31.68
1483365,55.08,55.0,54.1,56.0,1,0,18.81,21.55,21015,2,1,0,31.68
1483871,55.08,55.0,54.1,56.0,1,0,18.81,21.55,21515,2,1,0,31.68
1484377,55.08,55.0,54.1,56.0,1,0,18.81,21.55,22015,2,1,0,31.68
1484883,55.02,55.0,54.1,56.0,1,0,18.98,21.55,22515,2,1,0,31.71
1485389,55.04,55.0,54.1,56.0,1,0,19.05,21.54,23015,2,1,0,31.68
1485895,55.04,55.0,54.1,56.0,1,0,19.05,21.54,23515,2,1,0,31.68
1486402,55.05,55.0,54.1,56.0,1,0,19.09,21.54,24015,2,1,0,31.68
1486908,55.05,55.0,54.1,56.0,1,0,19.09,21.54,24515,2,1,0,31.68
1487414,55.02,55.0,54.1,56.0,1,0,19.22,21.54,25015,2,1,0,31.69
1487920,55.0,55.0,54.1,56.0,1,0,18.66,21.54,25515,2,1,0,31.68
1488426,55.0,55.0,54.1,56.0,1,0,18.66,21.52,26015,2,1,0,31.68
1488932,55.03,55.0,54.1,56.0,1,0,18.72,21.53,26515,2,1,0,31.68
1489438,55.0,55.0,54.1,56.0,1,0,18.51,21.54,27015,2,1,0,31.69
1489947,55.0,55.0,54.1,56.0,1,0,18.51,21.54,27515,2,1,0,31.69
1490454,55.01,55.0,54.1,56.0,1,0,18.38,21.51,28015,2,1,0,31.66
1490960,55.01,55.0,54.1,56.0,1,0,18.38,21.51,28515,2,1,0,31.66
1491466,55.01,55.0,54.1,56.0,1,0,18.38,21.51,29015,2,1,0,31.66
1491972,54.96,55.0,54.1,56.0,1,0,18.47,21.54,29515,2,1,0,31.71
1492478,54.96,55.0,54.1,56.0,1,0,18.47,21.54,30015,2,1,0,31.71
1492984,54.94,55.0,54.1,56.0,1,0,18.4,21.51,30515,2,1,0,31.68
1493490,54.94,55.0,54.1,56.0,1,0,17.86,21.51,31015,2,1,0,31.68
1493996,54.94,55.0,54.1,56.0,1,0,17.86,21.51,31515,2,1,0,31.68
1494502,54.9,55.0,54.1,56.0,1,0,17.99,21.49,32015,2,1,0,31.68
1495008,54.89,55.0,54.1,56.0,1,0,17.93,21.49,32515,2,1,0,31.68
1495514,54.89,55.0,54.1,56.0,1,0,17.93,21.49,33015,2,1,0,31.68
1496020,54.86,55.0,54.1,56.0,1,0,17.99,21.5,33515,2,1,0,31.69
1496526,54.86,55.0,54.1,56.0,1,0,17.82,21.48,34015,2,1,0,31.68
1497032,54.8,55.0,54.1,56.0,1,0,17.71,21.48,34515,2,1,0,31.69
1497538,54.8,55.0,54.1,56.0,1,0,17.71,21.48,35015,2,1,0,31.69
1498044,54.8,55.0,54.1,56.0,1,0,17.71,21.48,35515,2,1,0,31.69
1498550,54.77,55.0,54.1,56.0,1,0,17.67,21.44,36015,2,1,0,31.66
1499056,54.77,55.0,54.1,56.0,1,0,17.67,21.44,36515,2,1,0,31.66
1499562,54.78,55.0,54.1,56.0,1,0,17.32,21.47,37015,2,1,0,31.69
1500068,54.73,55.0,54.1,56.0,1,0,17.41,21.46,37515,2,1,0,31.69
1500574,54.69,55.0,54.1,56.0,1,0,17.35,21.46,38015,2,1,0,31.69
1501080,54.69,55.0,54.1,56.0,1,0,17.35,21.44,38515,2,1,0,31.69
1501586,54.65,55.0,54.1,56.0,1,0,17.28,21.44,39015,2,1,0,31.68
1502092,54.65,55.0,54.1,56.0,1,0,17.28,21.42,39515,2,1,0,31.68
1502598,54.6,55.0,54.1,56.0,0,0,17.24,21.41,0,2,1,0,31.68
1503104,54.6,55.0,54.1,56.0,0,0,17.24,21.41,500,2,1,0,31.68
1503610,54.56,55.0,54.1,56.0,0,0,17.0,21.39,1000,2,1,0,31.68
1504116,54.56,55.0,54.1,56.0,0,0,17.0,21.39,1500,2,1,0,31.68
1504622,54.51,55.0,54.1,56.0,0,0,17.0,21.39,2000,2,1,0,31.68
1505128,54.46,55.0,54.1,56.0,0,0,16.76,21.38,2500,2,1,0,31.69
1505634,54.46,55.0,54.1,56.0,0,0,16.76,21.38,3000,2,1,0,31.69
1506140,54.45,55.0,54.1,56.0,0,0,16.96,21.36,3500,2,1,0,31.68
1506646,54.4,55.0,54.1,56.0,0,0,17.17,21.36,4000,2,1,0,31.69
1507152,54.34,55.0,54.1,56.0,0,0,16.85,21.36,4500,2,1,0,31.69
1507658,54.34,55.0,54.1,56.0,0,0,16.85,21.34,5000,2,1,0,31.69
1508164,54.3,55.0,54.1,56.0,0,0,16.83,21.34,5500,2,1,0,31.68
1508670,54.29,55.0,54.1,56.0,0,0,17.07,21.31,6000,2,1,0,31.69
1509176,54.26,55.0,54.1,56.0,0,0,17.11,21.32,6500,2,1,0,31.68
1509682,54.26,55.0,54.1,56.0,0,0,17.11,21.3,7000,2,1,0,31.68
1510188,54.26,55.0,54.1,56.0,0,0,17.11,21.3,7503,2,1,0,31.68
1510694,54.17,55.0,54.1,56.0,0,0,17.02,21.3,8003,2,1,0,31.68
1511200,54.17,55.0,54.1,56.0,0,0,17.02,21.28,8503,2,1,0,31.68
1511706,54.17,55.0,54.1,56.0,0,0,17.02,21.28,9003,2,1,0,31.68
1512212,54.09,55.0,54.1,56.0,0,0,17.2,21.25,9503,2,1,0,31.68
1512718,54.09,55.0,54.1,56.0,0,0,17.2,21.25,10003,2,1,0,31.68
1513224,53.98,55.0,54.1,56.0,0,0,17.24,21.25,10503,2,1,0,31.65
1513730,53.98,55.0,54.1,56.0,0,0,17.24,21.19,11003,2,1,0,31.65
1514236,53.97,55.0,54.1,56.0,0,0,17.28,21.22,11503,2,1,0,31.68
1514742,53.97,55.0,54.1,56.0,0,0,17.28,21.22,12003,2,1,0,31.68
1515248,53.88,55.0,54.1,56.0,0,0,17.52,21.22,12504,2,1,0,31.69
1515754,53.86,55.0,54.1,56.0,0,0,17.54,21.2,13005,2,1,0,31.68
1516260,53.86,55.0,54.1,56.0,0,0,17.54,21.18,13507,2,1,0,31.68
1516766,53.86,55.0,54.1,56.0,0,0,17.54,21.18,14007,2,1,0,31.68
1517272,53.86,55.0,54.1,56.0,0,0,17.54,21.18,14507,2,1,0,31.68
1517778,53.86,55.0,54.1,56.0,0,0,17.54,21.18,15007,2,1,0,31.68
1518284,53.66,55.0,54.1,56.0,0,0,18.1,21.18,15507,2,1,0,31.68
1518790,53.61,55.0,54.1,56.0,0,0,17.84,21.12,16007,2,1,0,31.68
1519296,53.61,55.0,54.1,56.0,0,0,17.84,21.11,16507,2,1,0,31.68
1519802,53.61,55.0,54.1,56.0,0,0,17.84,21.11,17007,2,1,0,31.68
1520308,53.56,55.0,54.1,56.0,0,0,18.1,21.11,17508,2,1,0,31.66
1520814,53.51,55.0,54.1,56.0,0,0,18.34,21.08,18009,2,1,0,31.68
1521320,53.51,55.0,54.1,56.0,0,0,18.34,21.08,18510,2,1,0,31.68
1521826,53.45,55.0,54.1,56.0,0,0,18.29,21.08,19010,2,1,0,31.68
1522332,53.45,55.0,54.1,56.0,0,0,18.29,21.06,19510,2,1,0,31.68
1522838,53.45,55.0,54.1,56.0,0,0,18.29,21.06,20515,2,1,0,31.68
1523344,53.37,55.0,54.1,56.0,0,0,18.49,21.02,21015,2,1,0,31.66
1523850,53.37,55.0,54.1,56.0,0,0,18.49,21.02,21515,2,1,0,31.66
1524361,53.28,55.0,54.1,56.0,0,0,18.55,21.02,22015,2,1,0,31.66
1524868,53.28,55.0,54.1,56.0,0,0,18.55,20.99,22515,2,1,0,31.66
1525374,53.29,55.0,54.1,56.0,0,0,18.77,21.0,23015,2,1,0,31.66
1525880,53.29,55.0,54.1,56.0,0,0,18.77,21.0,23516,2,1,0,31.66
1526386,53.27,55.0,54.1,56.0,0,0,18.66,20.98,24018,2,1,0,31.65
1526892,53.27,55.0,54.1,56.0,0,0,18.66,20.98,24518,2,1,0,31.65
1527398,53.18,55.0,54.1,56.0,0,0,18.96,20.96,25018,2,1,0,31.66
1527904,53.16,55.0,54.1,56.0,0,0,18.9,20.97,25518,2,1,0,31.68
1528419,53.16,55.0,54.1,56.0,0,0,18.72,20.97,26018,2,1,0,31.68
1528926,53.16,55.0,54.1,56.0,0,0,18.72,20.97,26518,2,1,0,31.68
1529432,53.11,55.0,54.1,56.0,0,0,19.16,20.95,27018,2,1,0,31.68
1529938,53.09,55.0,54.1,56.0,0,0,19.18,20.93,27518,2,1,0,31.66
1530444,53.09,55.0,54.1,56.0,0,0,19.22,20.93,28018,2,1,0,31.66
1530950,53.09,55.0,54.1,56.0,0,0,19.22,20.93,28518,2,1,0,31.66
1531456,53.06,55.0,54.1,56.0,0,0,19.26,20.94,29018,2,1,0,31.68
1531962,53.01,55.0,54.1,56.0,0,0,19.41,20.94,29518,2,1,0,31.69
1532468,53.01,55.0,54.1,56.0,0,0,19.41,20.93,30018,2,1,0,31.69
1532974,53.02,55.0,54.1,56.0,0,0,19.67,20.91,30518,2,0,0,31.66
1533480,53.02,55.0,54.1,56.0,0,0,19.67,20.91,31018,2,0,0,31.66
1533986,52.97,55.0,54.1,56.0,0,0,19.74,20.89,31518,2,0,0,31.65
1534492,52.97,55.0,54.1,56.0,0,0,19.74,20.89,32018,2,0,0,31.65
1534998,52.97,55.0,54.1,56.0,0,0,19.74,20.89,32518,2,0,0,31.65
1535504,52.97,55.0,54.1,56.0,0,0,19.74,20.89,33018,2,0,0,31.65
1536010,52.91,55.0,54.1,56.0,0,0,20.25,20.89,33518,2,0,0,31.69
1536516,52.91,55.0,54.1,56.0,0,0,20.25,20.91,34018,2,0,0,31.69
1537022,52.92,55.0,54.1,56.0,0,0,19.95,20.9,34518,2,0,0,31.68
1537528,52.95,55.0,54.1,56.0,0,0,19.93,20.89,35018,2,0,0,31.66
1538034,52.95,55.0,54.1,56.0,0,0,19.97,20.89,35518,2,0,0,31.66
1538540,52.92,55.0,54.1,56.0,0,0,20.02,20.89,36018,2,0,0,31.68
1539046,52.92,55.0,54.1,56.0,0,0,20.02,20.9,36518,2,0,0,31.68
1539552,52.92,55.0,54.1,56.0,0,0,20.32,20.88,37018,2,0,0,31.66
1540058,52.92,55.0,54.1,56.0,0,0,20.32,20.88,37518,2,0,0,31.66
1540569,52.88,55.0,54.1,56.0,0,0,20.36,20.88,38018,2,0,0,31.66
1541076,52.88,55.0,54.1,56.0,0,0,20.36,20.87,38518,2,0,0,31.66
1541582,52.9,55.0,54.1,56.0,0,0,19.93,20.87,39018,2,0,0,31.66
1542088,52.9,55.0,54.1,56.0,0,0,19.93,20.87,39518,2,0,0,31.66
1542594,52.88,55.0,54.1,56.0,0,0,20.45,20.87,40018,2,0,0,31.64
1543100,52.88,55.0,54.1,56.0,0,0,20.45,20.84,40518,2,0,0,31.64
1543606,52.88,55.0,54.1,56.0,0,0,20.45,20.84,41018,2,0,0,31.64
1544112,52.92,55.0,54.1,56.0,0,0,20.64,20.88,41518,2,0,0,31.66
1544618,52.86,55.0,54.1,56.0,0,0,21.01,20.88,42018,2,0,0,31.66
1545124,52.86,55.0,54.1,56.0,0,0,21.01,20.86,42518,2,0,0,31.66
1545630,52.86,55.0,54.1,56.0,0,0,20.75,20.86,43018,2,0,0,31.66
1546136,52.9,55.0,54.1,56.0,0,0,20.64,20.86,43518,2,0,0,31.68
1546642,52.9,55.0,54.1,56.0,0,0,21.16,20.89,44018,2,0,0,31.68
1547148,52.9,55.0,54.1,56.0,0,0,21.16,20.89,44518,2,0,0,31.68
1547654,52.9,55.0,54.1,56.0,0,0,21.16,20.89,45018,2,0,0,31.68
1548160,52.91,55.0,54.1,56.0,0,0,21.03,20.89,45518,2,0,0,31.66
1548666,52.88,55.0,54.1,56.0,0,0,21.12,20.88,46018,2,0,0,31.66
1549172,52.88,55.0,54.1,56.0,0,0,21.12,20.87,46518,2,0,0,31.66
1549678,52.91,55.0,54.1,56.0,0,0,21.07,20.87,47018,2,0,0,31.66
1550184,52.94,55.0,54.1,56.0,0,0,21.25,20.88,47518,2,0,0,31.68
1550690,52.93,55.0,54.1,56.0,0,0,21.33,20.9,48018,2,0,0,31.66
1551196,52.91,55.0,54.1,56.0,0,0,21.79,20.89,48518,2,0,0,31.66
1551702,52.91,55.0,54.1,56.0,0,0,21.79,20.88,49018,2,0,0,31.66
1552208,52.91,55.0,54.1,56.0,0,0,21.79,20.88,49518,2,0,0,31.66
1552714,52.92,55.0,54.1,56.0,0,0,21.44,20.9,50020,2,0,0,31.68
1553231,52.98,55.0,54.1,56.0,0,0,21.59,20.9,50520,2,0,0,31.66
1553738,52.98,55.0,54.1,56.0,0,0,21.59,20.9,51020,2,0,0,31.66
1554244,52.98,55.0,54.1,56.0,0,0,21.53,20.9,51520,2,0,0,31.66
1554750,52.98,55.0,54.1,56.0,0,0,21.53,20.9,52020,2,0,0,31.66
1555256,52.98,55.0,54.1,56.0,0,0,21.53,20.9,52520,2,0,0,31.66
1555762,53.02,55.0,54.1,56.0,0,0,22.07,20.93,53020,2,0,0,31.68
1556268,53.02,55.0,54.1,56.0,0,0,22.07,20.93,53520,2,0,0,31.68
1556774,53.03,55.0,54.1,56.0,0,0,21.83,20.93,54020,2,0,0,31.66
1557280,53.03,55.0,54.1,56.0,0,0,21.83,20.91,54520,2,0,0,31.66
1557786,53.05,55.0,54.1,56.0,0,0,21.98,20.91,55020,2,0,0,31.69
1558292,53.05,55.0,54.1,56.0,0,0,21.98,20.95,55520,2,0,0,31.69
1558798,53.08,55.0,54.1,56.0,0,0,22.33,20.95,56020,2,0,0,31.69
1559304,53.08,55.0,54.1,56.0,0,0,22.33,20.96,56520,2,0,0,31.69
1559810,53.06,55.0,54.1,56.0,0,0,21.96,20.92,57022,2,0,0,31.66
1560316,53.1,55.0,54.1,56.0,0,0,22.31,20.92,57522,2,0,0,31.65
1560822,53.1,55.0,54.1,56.0,0,0,22.31,20.92,58022,2,0,0,31.65
1561328,53.08,55.0,54.1,56.0,0,0,22.2,20.92,58522,2,0,0,31.68
1561834,53.14,55.0,54.1,56.0,0,0,22.16,20.95,59022,2,0,0,31.69
1562340,53.14,55.0,54.1,56.0,0,0,22.16,20.97,59522,2,0,0,31.69
1562846,53.14,55.0,54.1,56.0,0,0,22.07,20.94,60523,2,0,0,31.65
1563352,53.14,55.0,54.1,56.0,0,0,22.07,20.94,61023,2,0,0,31.65
1563858,53.14,55.0,54.1,56.0,0,0,22.07,20.94,61523,2,0,0,31.65
1564364,53.19,55.0,54.1,56.0,0,0,22.57,20.96,62023,2,0,0,31.66
1564870,53.19,55.0,54.1,56.0,0,0,22.57,20.96,62523,2,0,0,31.66
1565376,53.19,55.0,54.1,56.0,0,0,22.33,20.96,63023,2,0,0,31.66
1565882,53.22,55.0,54.1,56.0,0,0,22.55,20.96,63532,2,0,0,31.65
1566388,53.22,55.0,54.1,56.0,0,0,22.55,20.96,64032,2,0,0,31.65
1566894,53.21,55.0,54.1,56.0,0,0,22.59,20.98,64532,2,0,0,31.68
1567400,53.24,55.0,54.1,56.0,0,0,22.61,20.95,65032,2,0,0,31.64
1567906,53.2,55.0,54.1,56.0,0,0,22.76,20.98,65532,2,0,0,31.68
1568412,53.27,55.0,54.1,56.0,0,0,23.35,20.99,66032,2,0,0,31.66
1568918,53.27,55.0,54.1,56.0,0,0,23.35,20.99,66532,2,0,0,31.66
1569424,53.27,55.0,54.1,56.0,0,0,23.35,20.99,67032,2,0,0,31.66
1569930,53.27,55.0,54.1,56.0,0,0,22.72,21.0,67532,2,0,0,31.68
1570436,53.33,55.0,54.1,56.0,0,0,22.59,21.02,68032,2,0,0,31.68
1570942,53.33,55.0,54.1,56.0,0,0,22.59,21.02,68532,2,0,0,31.68
1571448,53.32,55.0,54.1,56.0,0,0,22.96,21.0,69032,2,0,0,31.66
1571954,53.32,55.0,54.1,56.0,0,0,22.96,21.0,69532,2,0,0,31.66
1572460,53.34,55.0,54.1,56.0,0,0,22.98,21.0,70032,2,0,0,31.65
1572966,53.37,55.0,54.1,56.0,0,0,22.91,21.02,70532,2,0,0,31.66
1573477,53.42,55.0,54.1,56.0,0,0,23.07,21.02,71032,2,0,0,31.69
1573984,53.42,55.0,54.1,56.0,0,0,23.07,21.06,71532,2,0,0,31.69
1574490,53.45,55.0,54.1,56.0,0,0,22.94,21.06,72032,2,0,0,31.68
1574996,53.43,55.0,54.1,56.0,0,0,23.2,21.06,72532,2,0,0,31.66
1575502,53.43,55.0,54.1,56.0,0,0,23.2,21.04,73032,2,0,0,31.66
1576008,53.43,55.0,54.1,56.0,0,0,23.2,21.04,73532,2,0,0,31.66
1576514,53.48,55.0,54.1,56.0,0,0,23.2,21.04,74032,2,0,0,31.65
1577034,53.51,55.0,54.1,56.0,0,0,23.31,21.04,74532,2,0,0,31.66
1577541,53.51,55.0,54.1,56.0,0,0,23.31,21.06,75032,2,0,0,31.66
1578047,53.54,55.0,54.1,56.0,0,0,23.31,21.06,75532,2,0,0,31.66
1578553,53.54,55.0,54.1,56.0,0,0,23.31,21.07,76032,2,0,0,31.66
1579059,53.53,55.0,54.1,56.0,0,0,23.44,21.08,76532,2,0,0,31.68
1579565,53.53,55.0,54.1,56.0,0,0,23.44,21.08,77032,2,0,0,31.68
1580071,53.58,55.0,54.1,56.0,0,0,23.52,21.07,77532,2,0,0,31.65
1580577,53.6,55.0,54.1,56.0,0,0,23.42,21.07,78032,2,0,0,31.66
1581093,53.64,55.0,54.1,56.0,0,0,23.81,21.09,78532,2,0,0,31.66
1581600,53.64,55.0,54.1,56.0,0,0,23.81,21.1,79032,2,0,0,31.66
1582106,53.64,55.0,54.1,56.0,0,0,23.81,21.1,79532,2,0,0,31.66
1582612,53.63,55.0,54.1,56.0,0,0,23.68,21.1,80032,2,0,0,31.66
1583118,53.63,55.0,54.1,56.0,0,0,23.68,21.1,80532,2,0,0,31.66
1583624,53.63,55.0,54.1,56.0,0,0,23.68,21.1,81032,2,0,0,31.66
1584130,53.71,55.0,54.1,56.0,0,0,23.72,21.1,81532,2,0,0,31.66
1584637,53.71,55.0,54.1,56.0,0,0,23.81,21.12,82032,2,0,0,31.66
1585144,53.71,55.0,54.1,56.0,0,0,23.81,21.12,82532,2,0,0,31.66
1585650,53.72,55.0,54.1,56.0,0,0,23.94,21.13,83032,2,0,0,31.66
1586156,53.75,55.0,54.1,56.0,0,0,23.89,21.15,83532,2,0,0,31.68
1586662,53.81,55.0,54.1,56.0,0,0,23.89,21.15,84032,2,0,0,31.66
1587168,53.74,55.0,54.1,56.0,0,0,23.85,21.15,84532,2,0,0,31.68
1587674,53.74,55.0,54.1,56.0,0,0,23.85,21.14,85032,2,0,0,31.68
1588180,53.74,55.0,54.1,56.0,0,0,23.85,21.14,85532,2,0,0,31.68
1588686,53.74,55.0,54.1,56.0,0,0,23.85,21.14,86032,2,0,0,31.68
1589192,53.74,55.0,54.1,56.0,0,0,23.85,21.14,86532,2,0,0,31.68
1589698,53.85,55.0,54.1,56.0,0,0,23.98,21.19,87032,2,0,0,31.69
1590204,53.85,55.0,54.1,56.0,0,0,23.98,21.19,87532,2,0,0,31.69
1590710,53.89,55.0,54.1,56.0,0,0,23.89,21.19,88034,2,0,0,31.68
1591216,53.93,55.0,54.1,56.0,0,0,24.11,21.19,88534,2,0,0,31.66
1591722,53.93,55.0,54.1,56.0,0,0,24.11,21.19,89034,2,0,0,31.66
1592228,53.92,55.0,54.1,56.0,0,0,24.27,21.19,89534,2,0,0,31.66
1592734,53.92,55.0,54.1,56.0,0,0,24.29,21.19,90034,2,0,0,31.66
1593240,53.92,55.0,54.1,56.0,0,0,24.29,21.19,90534,2,0,0,31.66
1593746,53.92,55.0,54.1,56.0,0,0,24.11,21.19,91034,2,0,0,31.66
1594252,53.97,55.0,54.1,56.0,0,0,24.27,21.19,91534,2,0,0,31.68
1594758,53.97,55.0,54.1,56.0,0,0,24.27,21.22,92034,2,0,0,31.68
1595264,54.02,55.0,54.1,56.0,0,0,24.49,21.22,92534,2,0,0,31.68
1595770,54.02,55.0,54.1,56.0,0,0,24.49,21.23,93034,2,0,0,31.68
1596276,54.06,55.0,54.1,56.0,0,0,24.42,21.23,93534,2,0,0,31.68
1596782,54.06,55.0,54.1,56.0,0,0,24.42,21.24,94034,2,0,0,31.68
1597288,54.06,55.0,54.1,56.0,0,0,24.11,21.24,94534,2,0,0,31.68
1597794,54.07,55.0,54.1,56.0,0,0,24.35,21.24,95034,2,0,0,31.68
1598300,54.07,55.0,54.1,56.0,0,0,24.35,21.25,95534,2,0,0,31.68
1598806,54.1,55.0,54.1,56.0,0,0,24.57,21.25,96036,2,0,0,31.66
1599312,54.1,55.0,54.1,56.0,1,0,24.57,21.24,0,2,0,0,31.66
1599818,54.13,55.0,54.1,56.0,1,0,24.49,21.24,500,2,0,0,31.65
1600324,54.14,55.0,54.1,56.0,1,0,24.6,21.24,1000,2,0,0,31.65
1600830,54.14,55.0,54.1,56.0,1,0,24.6,21.24,1500,2,0,0,31.65
1601336,54.2,55.0,54.1,56.0,1,0,24.6,21.24,2000,2,0,0,31.69
1601842,54.2,55.0,54.1,56.0,1,0,24.6,21.3,2500,2,0,0,31.69
1602348,54.21,55.0,54.1,56.0,1,0,24.57,21.3,3000,2,0,0,31.65
1602854,54.21,55.0,54.1,56.0,1,0,24.57,21.26,3500,2,0,0,31.65
1603360,54.22,55.0,54.1,56.0,1,0,24.51,21.28,4500,2,0,0,31.66
1603866,54.25,55.0,54.1,56.0,1,0,24.64,21.3,5000,2,0,0,31.68
1604372,54.25,55.0,54.1,56.0,1,0,24.64,21.3,5500,2,0,0,31.68
1604878,54.25,55.0,54.1,56.0,1,0,24.64,21.3,6000,2,0,0,31.68
1605384,54.27,55.0,54.1,56.0,1,0,24.42,21.31,6500,2,0,0,31.68
1605890,54.27,55.0,54.1,56.0,1,0,24.42,21.31,7000,2,0,0,31.68
1606396,54.3,55.0,54.1,56.0,1,0,24.35,21.31,7500,2,0,0,31.68
1606902,54.33,55.0,54.1,56.0,1,0,24.22,21.31,8000,2,0,0,31.66
1607408,54.33,55.0,54.1,56.0,1,0,24.22,21.31,8500,2,0,0,31.66
1607914,54.32,55.0,54.1,56.0,1,0,24.31,21.31,9000,2,0,0,31.66
1608429,54.34,55.0,54.1,56.0,1,0,24.07,21.31,9500,2,0,0,31.69
1608936,54.34,55.0,54.1,56.0,1,0,24.07,21.34,10000,2,0,0,31.69
1609442,54.34,55.0,54.1,56.0,1,0,24.07,21.34,10500,2,0,0,31.69
1609948,54.44,55.0,54.1,56.0,1,0,24.07,21.36,11000,2,0,0,31.68
1610454,54.44,55.0,54.1,56.0,1,0,24.07,21.36,11500,2,0,0,31.68
1610960,54.37,55.0,54.1,56.0,1,0,23.57,21.36,12000,2,0,0,31.65
1611466,54.37,55.0,54.1,56.0,1,0,23.57,21.31,12500,2,0,0,31.65
1611972,54.44,55.0,54.1,56.0,1,0,23.52,21.36,13000,2,0,0,31.68
1612478,54.44,55.0,54.1,56.0,1,0,23.52,21.36,13500,2,0,0,31.68
1612984,54.49,55.0,54.1,56.0,1,0,23.35,21.38,14000,2,0,0,31.69
1613490,54.49,55.0,54.1,56.0,1,0,23.35,21.38,14500,2,0,0,31.69
1613996,54.53,55.0,54.1,56.0,1,0,23.31,21.38,15000,2,0,0,31.68
1614502,54.53,55.0,54.1,56.0,1,0,23.02,21.38,15500,2,0,0,31.68
1615008,54.53,55.0,54.1,56.0,1,0,23.02,21.38,16000,2,0,0,31.68
1615515,54.53,55.0,54.1,56.0,1,0,23.02,21.38,16500,2,0,0,31.68
1616022,54.6,55.0,54.1,56.0,1,0,23.09,21.38,17000,2,0,0,31.66
1616528,54.6,55.0,54.1,56.0,1,0,23.09,21.39,17500,2,0,0,31.66
1617034,54.6,55.0,54.1,56.0,1,0,22.83,21.41,18000,2,0,0,31.68
1617540,54.56,55.0,54.1,56.0,1,0,22.63,21.41,18500,2,0,0,31.69
1618046,54.56,55.0,54.1,56.0,1,0,22.63,21.41,19000,2,0,0,31.69
1618552,54.65,55.0,54.1,56.0,1,0,22.7,21.43,19500,2,0,0,31.69
1619058,54.65,55.0,54.1,56.0,1,0,22.39,21.43,20000,2,0,0,31.68
1619564,54.71,55.0,54.1,56.0,1,0,22.35,21.42,20500,2,0,0,31.65
1620070,54.71,55.0,54.1,56.0,1,0,22.35,21.41,21000,2,0,0,31.65
1620576,54.79,55.0,54.1,56.0,1,0,22.26,21.46,21500,2,0,0,31.68
1621082,54.79,55.0,54.1,56.0,1,0,22.26,21.46,22000,2,0,0,31.68
1621588,54.8,55.0,54.1,56.0,1,0,22.0,21.46,22500,2,0,0,31.68
1622094,54.8,55.0,54.1,56.0,1,0,22.0,21.46,23000,2,0,0,31.68
1622600,54.84,55.0,54.1,56.0,1,0,21.31,21.46,23500,2,0,0,31.66
1623106,54.84,55.0,54.1,56.0,1,0,21.87,21.48,24000,2,0,0,31.68
1623612,54.92,55.0,54.1,56.0,1,0,21.57,21.48,24500,2,0,0,31.68
1624118,54.94,55.0,54.1,56.0,1,0,21.66,21.5,25000,2,0,0,31.69
1624635,54.93,55.0,54.1,56.0,1,0,21.61,21.52,25500,2,0,0,31.68
1625142,54.93,55.0,54.1,56.0,1,0,21.61,21.5,26000,2,0,0,31.68
1625648,55.03,55.0,54.1,56.0,1,0,21.59,21.5,26500,2,0,0,31.66
1626154,55.03,55.0,54.1,56.0,1,0,21.59,21.52,27000,2,0,0,31.66
1626660,55.03,55.0,54.1,56.0,1,0,21.44,21.52,27500,2,0,0,31.68
1627166,55.03,55.0,54.1,56.0,1,0,21.44,21.53,28000,2,0,0,31.68
1627672,55.03,55.0,54.1,56.0,1,0,21.44,21.53,28500,2,0,0,31.68
1628179,55.14,55.0,54.1,56.0,1,0,21.12,21.53,29000,2,0,0,31.65
1628686,55.14,55.0,54.1,56.0,1,0,21.12,21.54,29500,2,0,0,31.65
1629192,55.15,55.0,54.1,56.0,1,0,21.03,21.54,30000,2,0,0,31.66
1629698,55.15,55.0,54.1,56.0,1,0,21.03,21.55,30500,2,0,0,31.66
1630204,55.24,55.0,54.1,56.0,1,0,21.01,21.58,31004,2,0,0,31.66
1630710,55.24,55.0,54.1,56.0,1,0,21.01,21.58,31504,2,0,0,31.66
1631216,55.31,55.0,54.1,56.0,1,0,20.86,21.58,32004,2,0,0,31.66
1631723,55.31,55.0,54.1,56.0,1,0,20.86,21.6,32504,2,0,0,31.66
1632229,55.31,55.0,54.1,56.0,1,0,20.86,21.6,33004,2,0,0,31.66
1632735,55.31,55.0,54.1,56.0,1,0,20.86,21.6,33504,2,0,0,31.66
1633241,55.37,55.0,54.1,56.0,1,0,20.43,21.6,34004,2,0,0,31.69
1633747,55.43,55.0,54.1,56.0,1,0,20.28,21.64,34504,2,0,0,31.68
1634253,55.43,55.0,54.1,56.0,1,0,20.28,21.65,35004,2,0,0,31.68
1634759,55.43,55.0,54.1,56.0,1,0,20.28,21.65,35507,2,0,0,31.68
1635265,55.45,55.0,54.1,56.0,1,0,20.12,21.64,36009,2,1,0,31.66
1635771,55.48,55.0,54.1,56.0,1,0,20.02,21.64,36509,2,1,0,31.66
1636277,55.48,55.0,54.1,56.0,1,0,20.02,21.65,37009,2,1,0,31.66
1636783,55.48,55.0,54.1,56.0,1,0,20.02,21.65,37509,2,1,0,31.66
1637289,55.48,55.0,54.1,56.0,1,0,20.02,21.65,38009,2,1,0,31.66
1637795,55.48,55.0,54.1,56.0,1,0,20.02,21.65,38509,2,1,0,31.66
1638301,55.48,55.0,54.1,56.0,1,0,20.02,21.65,39009,2,1,0,31.66
1638807,55.57,55.0,54.1,56.0,1,0,19.69,21.68,39519,2,1,0,31.66
1639313,55.57,55.0,54.1,56.0,0,0,19.69,21.68,0,2,1,0,31.66
1639819,55.56,55.0,54.1,56.0,0,0,19.87,21.68,500,2,1,0,31.66
1640325,55.63,55.0,54.1,56.0,0,0,20.15,21.68,1000,2,1,0,31.66
1640831,55.59,55.0,54.1,56.0,0,0,19.65,21.69,1500,2,1,0,31.68
1641337,55.59,55.0,54.1,56.0,0,0,19.65,21.7,2000,2,1,0,31.68
1641844,55.59,55.0,54.1,56.0,0,0,19.65,21.7,2500,2,1,0,31.68
1642350,55.59,55.0,54.1,56.0,0,0,19.65,21.7,3000,2,1,0,31.68
1642856,55.63,55.0,54.1,56.0,0,0,19.05,21.7,3500,2,1,0,31.68
1643362,55.62,55.0,54.1,56.0,0,0,19.22,21.71,4000,2,1,0,31.65
1643868,55.62,55.0,54.1,56.0,0,0,19.22,21.68,4500,2,1,0,31.65
1644374,55.65,55.0,54.1,56.0,0,0,19.13,21.68,5000,2,1,0,31.68
1644880,55.64,55.0,54.1,56.0,0,0,19.2,21.73,6001,2,1,0,31.69
1645387,55.6,55.0,54.1,56.0,0,0,19.18,21.69,6508,2,1,0,31.66
1645894,55.6,55.0,54.1,56.0,0,0,19.18,21.69,7008,2,1,0,31.66
1646400,55.67,55.0,54.1,56.0,0,0,19.95,21.72,7508,2,1,0,31.68
1646906,55.6,55.0,54.1,56.0,0,0,18.96,21.69,8008,2,1,0,31.66
1647412,55.6,55.0,54.1,56.0,0,0,18.96,21.69,8508,2,1,0,31.66
1647918,55.6,55.0,54.1,56.0,0,0,18.96,21.69,9008,2,1,0,31.66
1648424,55.6,55.0,54.1,56.0,0,0,18.96,21.69,9508,2,1,0,31.66
1648931,55.59,55.0,54.1,56.0,0,0,19.33,21.69,10008,2,1,0,31.66
1649438,55.59,55.0,54.1,56.0,0,0,19.33,21.68,10508,2,1,0,31.66
1649944,55.55,55.0,54.1,56.0,0,0,19.59,21.67,11008,2,1,0,31.66
1650450,55.56,55.0,54.1,56.0,0,0,19.52,21.66,11508,2,1,0,31.65
1650956,55.55,55.0,54.1,56.0,0,0,19.52,21.67,12008,2,1,0,31.66
1651462,55.55,55.0,54.1,56.0,0,0,19.52,21.67,12508,2,1,0,31.66
1651968,55.55,55.0,54.1,56.0,0,0,19.52,21.67,13008,2,1,0,31.66
1652474,55.56,55.0,54.1,56.0,0,0,19.69,21.68,13508,2,1,0,31.66
1652980,55.56,55.0,54.1,56.0,0,0,19.69,21.68,14008,2,1,0,31.66
1653486,55.56,55.0,54.1,56.0,0,0,19.69,21.68,14508,2,1,0,31.66
1653992,55.49,55.0,54.1,56.0,0,0,20.02,21.68,15008,2,1,0,31.66
1654498,55.49,55.0,54.1,56.0,0,0,20.02,21.65,15508,2,1,0,31.66
1655004,55.44,55.0,54.1,56.0,0,0,19.8,21.65,16008,2,1,0,31.68
1655510,55.39,55.0,54.1,56.0,0,0,19.89,21.64,16508,2,1,0,31.68
1656016,55.39,55.0,54.1,56.0,0,0,19.89,21.64,17008,2,1,0,31.68
1656523,55.36,55.0,54.1,56.0,0,0,20.04,21.64,17508,2,1,0,31.68
1657030,55.36,55.0,54.1,56.0,0,0,20.04,21.63,18008,2,1,0,31.68
1657536,55.35,55.0,54.1,56.0,0,0,20.17,21.61,18508,2,0,0,31.66
1658042,55.3,55.0,54.1,56.0,0,0,20.25,21.61,19008,2,0,0,31.68
1658548,55.3,55.0,54.1,56.0,0,0,20.25,21.61,19508,2,0,0,31.68
1659054,55.3,55.0,54.1,56.0,1,0,20.25,21.61,0,2,0,0,31.68
1659560,55.26,55.0,54.1,56.0,1,0,20.99,21.59,501,2,0,0,31.66
1660066,55.24,55.0,54.1,56.0,1,0,20.3,21.58,1002,2,0,0,31.66
1660580,55.24,55.0,54.1,56.0,1,0,20.32,21.58,1502,2,0,0,31.65
1661087,55.24,55.0,54.1,56.0,1,0,20.32,21.57,2002,2,0,0,31.65
1661593,55.17,55.0,54.1,56.0,1,0,20.4,21.56,2502,2,0,0,31.66
1662099,55.19,55.0,54.1,56.0,1,0,20.4,21.56,3002,2,0,0,31.66
1662605,55.14,55.0,54.1,56.0,1,0,20.62,21.56,3502,2,0,0,31.66
1663111,55.14,55.0,54.1,56.0,1,0,20.62,21.55,4002,2,0,0,31.66
1663617,55.14,55.0,54.1,56.0,1,0,20.62,21.55,4502,2,0,0,31.66
1664123,55.14,55.0,54.1,56.0,1,0,20.43,21.55,5002,2,0,0,31.66
1664629,55.11,55.0,54.1,56.0,1,0,20.62,21.53,5502,2,0,0,31.65
1665135,55.03,55.0,54.1,56.0,1,0,20.53,21.53,6002,2,0,0,31.66
1665641,55.03,55.0,54.1,56.0,1,0,20.53,21.52,6502,2,0,0,31.66
1666147,55.08,55.0,54.1,56.0,1,0,20.62,21.52,7002,2,0,0,31.65
1666653,55.06,55.0,54.1,56.0,1,0,20.6,21.53,7502,2,0,0,31.66
1667159,55.04,55.0,54.1,56.0,1,0,20.51,21.53,8002,2,0,0,31.66
1667665,55.04,55.0,54.1,56.0,1,0,20.51,21.52,8502,2,0,0,31.66
1668171,55.01,55.0,54.1,56.0,1,0,20.23,21.49,9002,2,0,0,31.64
1668677,54.99,55.0,54.1,56.0,1,0,20.3,21.49,9502,2,0,0,31.66
1669183,54.99,55.0,54.1,56.0,1,0,20.21,21.5,10002,2,0,0,31.66
1669689,54.99,55.0,54.1,56.0,1,0,20.21,21.5,10502,2,0,0,31.66
1670195,54.96,55.0,54.1,56.0,1,0,20.17,21.5,11004,2,0,0,31.66
1670701,54.96,55.0,54.1,56.0,1,0,20.17,21.5,11504,2,0,0,31.66
1671207,54.96,55.0,54.1,56.0,1,0,20.17,21.5,12004,2,0,0,31.66
1671713,54.96,55.0,54.1,56.0,1,0,20.17,21.5,12504,2,0,0,31.66
1672219,54.91,55.0,54.1,56.0,1,0,19.97,21.5,13004,2,0,0,31.64
1672725,54.91,55.0,54.1,56.0,1,0,19.97,21.46,13504,2,0,0,31.64
1673231,54.91,55.0,54.1,56.0,1,0,19.97,21.46,14004,2,0,0,31.64
1673737,54.91,55.0,54.1,56.0,1,0,19.97,21.46,14504,2,0,0,31.64
1674243,54.88,55.0,54.1,56.0,1,0,19.89,21.45,15004,2,1,0,31.64
1674749,54.91,55.0,54.1,56.0,1,0,19.67,21.45,15504,2,1,0,31.62
1675255,54.89,55.0,54.1,56.0,1,0,19.39,21.44,16004,2,1,0,31.68
1675761,54.82,55.0,54.1,56.0,1,0,19.46,21.49,16504,2,1,0,31.65
1676267,54.82,55.0,54.1,56.0,1,0,19.46,21.44,17004,2,1,0,31.65
1676773,54.87,55.0,54.1,56.0,1,0,19.37,21.47,17504,2,1,0,31.66
1677279,54.87,55.0,54.1,56.0,1,0,19.31,21.47,18010,2,1,0,31.66
1677785,54.86,55.0,54.1,56.0,1,0,19.26,21.47,18510,2,1,0,31.68
1678291,54.86,55.0,54.1,56.0,1,0,19.26,21.48,19010,2,1,0,31.68
1678797,54.87,55.0,54.1,56.0,1,0,19.18,21.47,19510,2,1,0,31.66
1679303,54.86,55.0,54.1,56.0,1,0,19.52,21.47,20010,2,1,0,31.64
1679809,54.85,55.0,54.1,56.0,1,0,19.05,21.44,20510,2,1,0,31.66
1680315,54.85,55.0,54.1,56.0,1,0,19.05,21.46,21010,2,1,0,31.66
1680821,54.83,55.0,54.1,56.0,1,0,19.05,21.47,21510,2,1,0,31.68
1681327,54.81,55.0,54.1,56.0,1,0,18.88,21.47,22010,2,1,0,31.66
1681833,54.81,55.0,54.1,56.0,1,0,18.88,21.45,22510,2,1,0,31.66
1682339,54.85,55.0,54.1,56.0,1,0,18.88,21.45,23010,2,1,0,31.65
1682845,54.85,55.0,54.1,56.0,1,0,18.88,21.45,23510,2,1,0,31.65
1683351,54.85,55.0,54.1,56.0,1,0,18.88,21.45,24010,2,1,0,31.65
1683857,54.85,55.0,54.1,56.0,1,0,18.68,21.45,24510,2,1,0,31.65
1684363,54.84,55.0,54.1,56.0,1,0,18.7,21.45,25010,2,1,0,31.66
1684869,54.81,55.0,54.1,56.0,1,0,18.57,21.46,25510,2,1,0,31.65
1685375,54.81,55.0,54.1,56.0,1,0,18.49,21.44,26010,2,1,0,31.64
1685881,54.81,55.0,54.1,56.0,1,0,18.49,21.43,26510,2,1,0,31.64
1686387,54.81,55.0,54.1,56.0,1,0,18.49,21.43,27013,2,1,0,31.64
1686893,54.8,55.0,54.1,56.0,1,0,18.36,21.43,27513,2,1,0,31.65
1687399,54.76,55.0,54.1,56.0,1,0,18.21,21.44,28013,2,1,0,31.65
1687905,54.76,55.0,54.1,56.0,1,0,18.21,21.42,29016,2,1,0,31.65
1688411,54.76,55.0,54.1,56.0,1,0,18.14,21.41,29516,2,1,0,31.64
1688917,54.76,55.0,54.1,56.0,1,0,18.14,21.41,30016,2,1,0,31.64
1689423,54.76,55.0,54.1,56.0,1,0,18.14,21.41,30516,2,1,0,31.64
1689929,54.76,55.0,54.1,56.0,1,0,18.14,21.41,31016,2,1,0,31.64
1690435,54.73,55.0,54.1,56.0,1,0,17.88,21.42,31516,2,1,0,31.65
1690941,54.71,55.0,54.1,56.0,1,0,17.95,21.41,32016,2,1,0,31.65
1691447,54.7,55.0,54.1,56.0,1,0,17.8,21.41,32516,2,1,0,31.65
1691953,54.7,55.0,54.1,56.0,1,0,17.8,21.41,33017,2,1,0,31.65
1692459,54.66,55.0,54.1,56.0,1,0,17.76,21.4,33518,2,1,0,31.65
1692965,54.63,55.0,54.1,56.0,1,0,17.76,21.37,34019,2,1,0,31.64
1693471,54.63,55.0,54.1,56.0,1,0,17.76,21.37,34519,2,1,0,31.64
1693977,54.63,55.0,54.1,56.0,1,0,17.76,21.37,35019,2,1,0,31.64
1694483,54.63,55.0,54.1,56.0,1,0,17.76,21.37,35519,2,1,0,31.64
1694989,54.59,55.0,54.1,56.0,1,0,17.58,21.37,36019,2,1,0,31.65
1695495,54.55,55.0,54.1,56.0,1,0,17.48,21.34,36519,2,1,0,31.62
1696001,54.55,55.0,54.1,56.0,1,0,17.48,21.34,37019,2,1,0,31.62
1696507,54.54,55.0,54.1,56.0,1,0,17.3,21.37,37519,2,1,0,31.66
1697013,54.52,55.0,54.1,56.0,1,0,17.26,21.34,38019,2,1,0,31.64
1697519,54.52,55.0,54.1,56.0,1,0,17.26,21.34,38519,2,1,0,31.64
1698025,54.47,55.0,54.1,56.0,1,0,17.2,21.34,39019,2,1,0,31.65
1698531,54.47,55.0,54.1,56.0,1,0,17.2,21.34,39519,2,1,0,31.65
1699037,54.41,55.0,54.1,56.0,0,0,17.07,21.32,0,2,1,0,31.65
1699543,54.39,55.0,54.1,56.0,0,0,17.09,21.32,500,2,1,0,31.65
1700049,54.39,55.0,54.1,56.0,0,0,17.09,21.32,1000,2,1,0,31.65
1700555,54.35,55.0,54.1,56.0,0,0,17.02,21.31,1500,2,1,0,31.66
1701061,54.35,55.0,54.1,56.0,0,0,17.02,21.31,2000,2,1,0,31.66
1701567,54.31,55.0,54.1,56.0,0,0,16.44,21.29,2500,2,1,0,31.65
1702073,54.26,55.0,54.1,56.0,0,0,16.94,21.26,3000,2,1,0,31.64
1702579,54.22,55.0,54.1,56.0,0,0,16.72,21.26,3500,2,1,0,31.64
1703086,54.21,55.0,54.1,56.0,0,0,16.83,21.25,4000,2,1,0,31.65
1703593,54.21,55.0,54.1,56.0,0,0,16.83,21.26,4500,2,1,0,31.65
1704099,54.17,55.0,54.1,56.0,0,0,17.3,21.25,5000,2,1,0,31.65
1704605,54.17,55.0,54.1,56.0,0,0,17.3,21.25,5500,2,1,0,31.65
1705111,54.07,55.0,54.1,56.0,0,0,16.81,21.22,6000,2,1,0,31.65
1705617,54.07,55.0,54.1,56.0,0,0,16.81,21.22,6500,2,1,0,31.65
1706123,54.07,55.0,54.1,56.0,0,0,16.81,21.22,7000,2,1,0,31.65
1706630,53.96,55.0,54.1,56.0,0,0,16.92,21.22,7500,2,1,0,31.65
1707137,53.96,55.0,54.1,56.0,0,0,16.92,21.18,8000,2,1,0,31.65
1707643,53.96,55.0,54.1,56.0,0,0,16.92,21.18,8500,2,1,0,31.65
1708149,53.92,55.0,54.1,56.0,0,0,17.13,21.17,9000,2,1,0,31.65
1708655,53.84,55.0,54.1,56.0,0,0,17.22,21.17,9500,2,1,0,31.64
1709161,53.84,55.0,54.1,56.0,0,0,17.22,21.14,10000,2,1,0,31.64
1709667,53.78,55.0,54.1,56.0,0,0,17.26,21.14,10500,2,1,0,31.65
1710187,53.75,55.0,54.1,56.0,0,0,17.35,21.13,11000,2,1,0,31.64
1710694,53.75,55.0,54.1,56.0,0,0,17.35,21.11,11500,2,1,0,31.64
1711200,53.71,55.0,54.1,56.0,0,0,17.3,21.11,12000,2,1,0,31.65
1711706,53.69,55.0,54.1,56.0,0,0,17.45,21.09,12500,2,1,0,31.64
1712212,53.69,55.0,54.1,56.0,0,0,17.45,21.09,13000,2,1,0,31.64
1712718,53.67,55.0,54.1,56.0,0,0,17.56,21.1,13500,2,1,0,31.65
1713224,53.59,55.0,54.1,56.0,0,0,17.65,21.1,14000,2,1,0,31.65
1713730,53.59,55.0,54.1,56.0,0,0,17.65,21.07,14500,2,1,0,31.65
1714236,53.54,55.0,54.1,56.0,0,0,17.52,21.07,15000,2,1,0,31.65
1714742,53.48,55.0,54.1,56.0,0,0,17.65,21.06,15500,2,1,0,31.64
1715249,53.42,55.0,54.1,56.0,0,0,17.76,21.03,16000,2,1,0,31.64
1715756,53.42,55.0,54.1,56.0,0,0,17.76,21.01,16500,2,1,0,31.64
1716262,53.42,55.0,54.1,56.0,0,0,17.84,21.02,17000,2,1,0,31.65
1716768,53.42,55.0,54.1,56.0,0,0,17.84,21.02,17500,2,1,0,31.65
1717274,53.32,55.0,54.1,56.0,0,0,18.14,21.02,18000,2,1,0,31.65
1717780,53.32,55.0,54.1,56.0,0,0,18.19,20.99,18500,2,1,0,31.66
1718286,53.28,55.0,54.1,56.0,0,0,18.29,21.0,19000,2,1,0,31.64
1718792,53.28,55.0,54.1,56.0,0,0,18.29,20.97,19500,2,1,0,31.64
1719298,53.23,55.0,54.1,56.0,0,0,18.23,20.97,20000,2,1,0,31.64
1719804,53.23,55.0,54.1,56.0,0,0,18.23,20.95,20501,2,1,0,31.64
1720310,53.19,55.0,54.1,56.0,0,0,18.47,20.95,21002,2,1,0,31.65
1720816,53.14,55.0,54.1,56.0,0,0,18.36,20.95,21502,2,1,0,31.64
1721322,53.13,55.0,54.1,56.0,0,0,18.29,20.92,22002,2,1,0,31.62
1721828,53.13,55.0,54.1,56.0,0,0,18.29,20.91,22502,2,1,0,31.62
1722334,53.13,55.0,54.1,56.0,0,0,18.29,20.91,23002,2,1,0,31.62
1722840,53.13,55.0,54.1,56.0,0,0,18.29,20.91,23502,2,1,0,31.62
1723346,53.05,55.0,54.1,56.0,0,0,18.04,20.91,24002,2,1,0,31.64
1723853,53.02,55.0,54.1,56.0,0,0,18.57,20.9,24502,2,1,0,31.62
1724360,53.02,55.0,54.1,56.0,0,0,18.57,20.88,25002,2,1,0,31.62
1724866,52.97,55.0,54.1,56.0,0,0,18.94,20.88,25502,2,1,0,31.64
1725372,52.96,55.0,54.1,56.0,0,0,18.83,20.87,26002,2,1,0,31.64
1725878,52.95,55.0,54.1,56.0,0,0,18.98,20.87,26502,2,1,0,31.64
1726384,52.95,55.0,54.1,56.0,0,0,18.98,20.86,27002,2,1,0,31.64
1726890,52.95,55.0,54.1,56.0,0,0,18.98,20.86,27502,2,1,0,31.64
1727396,52.86,55.0,54.1,56.0,0,0,18.49,20.86,28002,2,1,0,31.64
1727902,52.86,55.0,54.1,56.0,0,0,18.49,20.84,28502,2,1,0,31.64
1728408,52.84,55.0,54.1,56.0,0,0,19.35,20.84,29002,2,1,0,31.64
1728914,52.84,55.0,54.1,56.0,0,0,19.35,20.83,30006,2,0,0,31.64
1729420,52.84,55.0,54.1,56.0,0,0,19.35,20.83,30506,2,0,0,31.64
1729926,52.78,55.0,54.1,56.0,0,0,19.39,20.81,31006,2,0,0,31.64
1730432,52.78,55.0,54.1,56.0,0,0,19.39,20.81,31506,2,0,0,31.64
1730938,52.78,55.0,54.1,56.0,0,0,19.39,20.81,32006,2,0,0,31.64
1731444,52.78,55.0,54.1,56.0,0,0,19.39,20.81,32506,2,0,0,31.64
1731950,52.75,55.0,54.1,56.0,0,0,19.65,20.79,33006,2,0,0,31.62
1732456,52.75,55.0,54.1,56.0,0,0,19.65,20.79,33506,2,0,0,31.62
1732962,52.73,55.0,54.1,56.0,0,0,19.69,20.78,34006,2,0,0,31.62
1733468,52.73,55.0,54.1,56.0,0,0,19.69,20.78,34506,2,0,0,31.62
1733975,52.72,55.0,54.1,56.0,0,0,19.72,20.78,35006,2,0,0,31.64
1734482,52.72,55.0,54.1,56.0,0,0,19.72,20.79,35506,2,0,0,31.64
1734988,52.72,55.0,54.1,56.0,0,0,19.72,20.79,36006,2,0,0,31.64
1735494,52.66,55.0,54.1,56.0,0,0,20.12,20.78,36506,2,0,0,31.64
1736000,52.66,55.0,54.1,56.0,0,0,20.12,20.78,37006,2,0,0,31.64
1736506,52.69,55.0,54.1,56.0,0,0,20.17,20.77,37506,2,0,0,31.62
1737012,52.69,55.0,54.1,56.0,0,0,20.17,20.77,38006,2,0,0,31.62
1737518,52.7,55.0,54.1,56.0,0,0,20.1,20.8,38506,2,0,0,31.65
1738025,52.69,55.0,54.1,56.0,0,0,20.4,20.8,39007,2,0,0,31.64
1738532,52.69,55.0,54.1,56.0,0,0,20.4,20.78,39507,2,0,0,31.64
1739038,52.7,55.0,54.1,56.0,0,0,20.28,20.8,40007,2,0,0,31.65
1739544,52.7,55.0,54.1,56.0,0,0,20.28,20.8,40507,2,0,0,31.65
1740050,52.7,55.0,54.1,56.0,0,0,20.28,20.8,41007,2,0,0,31.65
1740556,52.7,55.0,54.1,56.0,0,0,20.28,20.8,41507,2,0,0,31.65
1741062,52.7,55.0,54.1,56.0,0,0,20.28,20.8,42007,2,0,0,31.65
1741568,52.63,55.0,54.1,56.0,0,0,20.69,20.76,42507,2,0,0,31.62
1742074,52.63,55.0,54.1,56.0,0,0,20.69,20.76,43007,2,0,0,31.62
1742580,52.67,55.0,54.1,56.0,0,0,21.05,20.76,43507,2,0,0,31.62
1743086,52.67,55.0,54.1,56.0,0,0,21.05,20.77,44007,2,0,0,31.62
1743592,52.66,55.0,54.1,56.0,0,0,20.84,20.79,44510,2,0,0,31.65
1744099,52.66,55.0,54.1,56.0,0,0,20.84,20.79,45010,2,0,0,31.65
1744606,52.66,55.0,54.1,56.0,0,0,20.84,20.79,45510,2,0,0,31.65
1745112,52.66,55.0,54.1,56.0,0,0,20.84,20.79,46010,2,0,0,31.65
1745618,52.77,55.0,54.1,56.0,0,0,21.14,20.82,46510,2,0,0,31.65
1746124,52.72,55.0,54.1,56.0,0,0,21.05,20.81,47010,2,0,0,31.65
1746630,52.72,55.0,54.1,56.0,0,0,21.05,20.81,47510,2,0,0,31.65
1747136,52.72,55.0,54.1,56.0,0,0,21.05,20.81,48010,2,0,0,31.65
1747642,52.76,55.0,54.1,56.0,0,0,21.9,20.81,48526,2,0,0,31.64
1748148,52.75,55.0,54.1,56.0,0,0,21.87,20.81,49026,2,0,0,31.65
1748654,52.75,55.0,54.1,56.0,0,0,21.87,20.81,49526,2,0,0,31.65
1749160,52.75,55.0,54.1,56.0,0,0,21.87,20.81,50026,2,0,0,31.65
1749666,52.75,55.0,54.1,56.0,0,0,21.59,20.79,50526,2,0,0,31.62
1750172,52.77,55.0,54.1,56.0,0,0,21.46,20.81,51026,2,0,0,31.64
1750678,52.77,55.0,54.1,56.0,0,0,21.46,20.81,51526,2,0,0,31.64
1751184,52.81,55.0,54.1,56.0,0,0,21.38,20.81,52026,2,0,0,31.64
1751690,52.81,55.0,54.1,56.0,0,0,21.38,20.82,52526,2,0,0,31.64
1752196,52.84,55.0,54.1,56.0,0,0,21.57,20.82,53026,2,0,0,31.65
1752702,52.85,55.0,54.1,56.0,0,0,21.61,20.84,53526,2,0,0,31.64
1753208,52.85,55.0,54.1,56.0,0,0,21.61,20.83,54026,2,0,0,31.64
1753714,52.88,55.0,54.1,56.0,0,0,21.83,20.84,54526,2,0,0,31.64
1754220,52.88,55.0,54.1,56.0,0,0,21.83,20.84,55026,2,0,0,31.64
1754741,52.88,55.0,54.1,56.0,0,0,21.81,20.84,55530,2,0,0,31.64
1755248,52.88,55.0,54.1,56.0,0,0,21.81,20.84,56030,2,0,0,31.64
1755754,52.89,55.0,54.1,56.0,0,0,21.83,20.84,56530,2,0,0,31.64
1756260,52.89,55.0,54.1,56.0,0,0,21.79,20.85,57030,2,0,0,31.61
1756766,52.89,55.0,54.1,56.0,0,0,21.79,20.82,57530,2,0,0,31.61
1757272,52.89,55.0,54.1,56.0,0,0,21.79,20.82,58030,2,0,0,31.61
1757778,52.9,55.0,54.1,56.0,0,0,22.26,20.82,58530,2,0,0,31.62
1758285,52.9,55.0,54.1,56.0,0,0,22.26,20.84,59030,2,0,0,31.62
1758791,52.97,55.0,54.1,56.0,0,0,22.05,20.84,59530,2,0,0,31.62
1759297,52.97,55.0,54.1,56.0,0,0,22.16,20.86,60030,2,0,0,31.65
1759803,52.97,55.0,54.1,56.0,0,0,22.16,20.89,60530,2,0,0,31.65
1760309,52.97,55.0,54.1,56.0,0,0,22.42,20.89,61030,2,0,0,31.64
1760815,52.97,55.0,54.1,56.0,0,0,22.42,20.87,61530,2,0,0,31.64
1761321,52.97,55.0,54.1,56.0,0,0,22.42,20.87,62030,2,0,0,31.64
1761827,52.97,55.0,54.1,56.0,0,0,22.42,20.87,62530,2,0,0,31.64
1762333,53.06,55.0,54.1,56.0,0,0,22.26,20.89,63030,2,0,0,31.62
1762839,53.04,55.0,54.1,56.0,0,0,22.59,20.89,63530,2,0,0,31.64
1763345,53.04,55.0,54.1,56.0,0,0,22.59,20.89,64030,2,0,0,31.64
1763851,53.09,55.0,54.1,56.0,0,0,22.26,20.89,64530,2,0,0,31.64
1764357,53.09,55.0,54.1,56.0,0,0,22.26,20.91,65030,2,0,0,31.64
1764863,53.15,55.0,54.1,56.0,0,0,22.55,20.91,65530,2,0,0,31.65
1765369,53.15,55.0,54.1,56.0,0,0,22.59,20.94,66030,2,0,0,31.64
1765883,53.13,55.0,54.1,56.0,0,0,22.55,20.93,66530,2,0,0,31.65
1766390,53.13,55.0,54.1,56.0,0,0,22.55,20.93,67030,2,0,0,31.65
1766896,53.15,55.0,54.1,56.0,0,0,23.35,20.93,67530,2,0,0,31.64
1767402,53.15,55.0,54.1,56.0,0,0,23.35,20.93,68030,2,0,0,31.64
1767908,53.18,55.0,54.1,56.0,0,0,22.87,20.93,68530,2,0,0,31.65
1768414,53.23,55.0,54.1,56.0,0,0,22.83,20.95,69030,2,0,0,31.65
1768920,53.2,55.0,54.1,56.0,0,0,22.94,20.96,69530,2,0,0,31.64
1769426,53.2,55.0,54.1,56.0,0,0,22.94,20.94,70030,2,0,0,31.64
1769932,53.25,55.0,54.1,56.0,0,0,22.78,20.94,70530,2,0,0,31.62
1770438,53.24,55.0,54.1,56.0,0,0,23.05,20.94,71530,2,0,0,31.62
1770944,53.24,55.0,54.1,56.0,0,0,23.05,20.94,72030,2,0,0,31.62
1771450,53.31,55.0,54.1,56.0,0,0,22.94,20.99,72530,2,0,0,31.65
1771956,53.31,55.0,54.1,56.0,0,0,22.94,20.99,73030,2,0,0,31.65
1772462,53.31,55.0,54.1,56.0,0,0,23.15,20.96,73530,2,0,0,31.62
1772968,53.3,55.0,54.1,56.0,0,0,23.76,20.96,74030,2,0,0,31.62
1773474,53.3,55.0,54.1,56.0,0,0,23.76,20.96,74530,2,0,0,31.62
1773982,53.3,55.0,54.1,56.0,0,0,23.76,20.96,75030,2,0,0,31.62
1774488,53.35,55.0,54.1,56.0,0,0,23.24,20.98,75530,2,0,0,31.62
1774994,53.4,55.0,54.1,56.0,0,0,23.33,21.0,76030,2,0,0,31.64
1775500,53.44,55.0,54.1,56.0,0,0,23.39,21.0,76530,2,0,0,31.65
1776006,53.44,55.0,54.1,56.0,0,0,23.39,21.03,77030,2,0,0,31.65
1776512,53.44,55.0,54.1,56.0,0,0,23.39,21.03,77530,2,0,0,31.65
1777018,53.47,55.0,54.1,56.0,0,0,23.33,21.04,78030,2,0,0,31.65
1777524,53.47,55.0,54.1,56.0,0,0,23.33,21.04,78530,2,0,0,31.65
1778030,53.48,55.0,54.1,56.0,0,0,23.35,21.03,79031,2,0,0,31.64
1778537,53.5,55.0,54.1,56.0,0,0,23.63,21.03,79531,2,0,0,31.62
1779044,53.5,55.0,54.1,56.0,0,0,23.63,21.02,80031,2,0,0,31.62
1779550,53.5,55.0,54.1,56.0,0,0,23.63,21.02,80531,2,0,0,31.62
1780056,53.48,55.0,54.1,56.0,0,0,23.52,21.01,81031,2,0,0,31.62
1780562,53.48,55.0,54.1,56.0,0,0,23.52,21.01,81531,2,0,0,31.62
1781068,53.55,55.0,54.1,56.0,0,0,23.72,21.05,82031,2,0,0,31.64
1781574,53.55,55.0,54.1,56.0,0,0,23.72,21.05,82531,2,0,0,31.64
1782080,53.57,55.0,54.1,56.0,0,0,23.65,21.05,83031,2,0,0,31.64
1782586,53.57,55.0,54.1,56.0,0,0,23.65,21.05,83531,2,0,0,31.64
1783092,53.61,55.0,54.1,56.0,0,0,23.72,21.08,84031,2,0,0,31.65
1783598,53.61,55.0,54.1,56.0,0,0,23.72,21.08,84531,2,0,0,31.65
1784104,53.68,55.0,54.1,56.0,0,0,23.89,21.08,85031,2,0,0,31.65
1784610,53.68,55.0,54.1,56.0,0,0,23.89,21.1,85531,2,0,0,31.65
1785116,53.71,55.0,54.1,56.0,0,0,23.89,21.11,86031,2,0,0,31.65
1785622,53.69,55.0,54.1,56.0,0,0,24.0,21.09,86535,2,0,0,31.64
1786128,53.69,55.0,54.1,56.0,0,0,24.0,21.09,87035,2,0,0,31.64
1786634,53.72,55.0,54.1,56.0,0,0,24.18,21.09,87535,2,0,0,31.62
1787140,53.75,55.0,54.1,56.0,0,0,23.85,21.11,88035,2,0,0,31.64
1787646,53.75,55.0,54.1,56.0,0,0,23.85,21.11,88535,2,0,0,31.64
1788152,53.75,55.0,54.1,56.0,0,0,23.98,21.11,89035,2,0,0,31.64
1788658,53.75,55.0,54.1,56.0,0,0,23.98,21.11,89535,2,0,0,31.64
1789164,53.75,55.0,54.1,56.0,0,0,23.98,21.11,90035,2,0,0,31.64
1789670,53.75,55.0,54.1,56.0,0,0,23.98,21.11,90535,2,0,0,31.64
1790176,53.84,55.0,54.1,56.0,0,0,24.14,21.11,91035,2,0,0,31.62
1790682,53.84,55.0,54.1,56.0,0,0,24.14,21.12,91535,2,0,0,31.62
1791188,53.84,55.0,54.1,56.0,0,0,24.14,21.12,92035,2,0,0,31.62
1791694,53.87,55.0,54.1,56.0,0,0,24.09,21.16,92535,2,0,0,31.65
1792200,53.88,55.0,54.1,56.0,0,0,24.24,21.16,93035,2,0,0,31.65
1792709,53.88,55.0,54.1,56.0,0,0,24.24,21.16,93535,2,0,0,31.65
1793215,53.88,55.0,54.1,56.0,0,0,24.24,21.16,94035,2,0,0,31.65
1793721,53.93,55.0,54.1,56.0,0,0,24.33,21.18,94535,2,0,0,31.65
1794227,53.93,55.0,54.1,56.0,0,0,24.33,21.18,95035,2,0,0,31.65
1794733,54.0,55.0,54.1,56.0,0,0,24.64,21.2,95535,2,0,0,31.65
1795239,54.0,55.0,54.1,56.0,0,0,24.64,21.2,96035,2,0,0,31.65
1795745,54.0,55.0,54.1,56.0,0,0,24.4,21.19,96535,2,0,0,31.64
1796251,54.0,55.0,54.1,56.0,0,0,24.4,21.19,97035,2,0,0,31.64
1796757,54.04,55.0,54.1,56.0,0,0,24.73,21.19,97535,2,0,0,31.64
1797263,54.04,55.0,54.1,56.0,0,0,24.73,21.2,98035,2,0,0,31.64
1797769,54.07,55.0,54.1,56.0,0,0,24.51,21.22,98535,2,0,0,31.65
1798275,54.06,55.0,54.1,56.0,0,0,24.73,21.22,99035,2,0,0,31.65
1798781,54.06,55.0,54.1,56.0,0,0,24.73,21.21,99535,2,0,0,31.65
1799304,54.1,55.0,54.1,56.0,0,0,24.73,21.21,100035,2,0,0,31.65
1799811,54.1,55.0,54.1,56.0,1,0,24.73,21.23,0,2,0,0,31.65
1800317,54.15,55.0,54.1,56.0,1,0,24.81,21.23,500,2,0,0,31.62
1800823,54.15,55.0,54.1,56.0,1,0,24.81,21.22,1000,2,0,0,31.62
1801329,54.17,55.0,54.1,56.0,1,0,24.6,21.22,1500,2,0,0,31.65
1801835,54.17,55.0,54.1,56.0,1,0,24.6,21.25,2000,2,0,0,31.65
1802341,54.19,55.0,54.1,56.0,1,0,24.66,21.25,2500,2,0,0,31.62
1802848,54.19,55.0,54.1,56.0,1,0,24.66,21.23,3000,2,0,0,31.62
1803354,54.2,55.0,54.1,56.0,1,0,24.68,21.23,3501,2,0,0,31.62
1803860,54.26,55.0,54.1,56.0,1,0,24.75,21.23,4002,2,0,0,31.61
1804366,54.26,55.0,54.1,56.0,1,0,24.75,21.24,4504,2,0,0,31.61
1804872,54.27,55.0,54.1,56.0,1,0,24.6,21.24,5004,2,0,0,31.66
1805378,54.26,55.0,54.1,56.0,1,0,24.33,21.29,5504,2,0,0,31.65
1805884,54.26,55.0,54.1,56.0,1,0,24.33,21.27,6004,2,0,0,31.65
1806390,54.26,55.0,54.1,56.0,1,0,24.33,21.27,6504,2,0,0,31.65
1806896,54.26,55.0,54.1,56.0,1,0,24.33,21.27,7004,2,0,0,31.65
1807402,54.26,55.0,54.1,56.0,1,0,24.33,21.27,7504,2,0,0,31.65
1807908,54.33,55.0,54.1,56.0,1,0,24.31,21.27,8004,2,0,0,31.66
1808414,54.37,55.0,54.1,56.0,1,0,24.2,21.31,8504,2,0,0,31.65
1808920,54.37,55.0,54.1,56.0,1,0,24.2,21.31,9004,2,0,0,31.65
1809426,54.37,55.0,54.1,56.0,1,0,24.2,21.31,9506,2,0,0,31.65
1809932,54.38,55.0,54.1,56.0,1,0,24.18,21.31,10006,2,0,0,31.64
1810438,54.39,55.0,54.1,56.0,1,0,23.94,21.3,10506,2,0,0,31.65
1810944,54.39,55.0,54.1,56.0,1,0,23.94,21.32,11006,2,0,0,31.65
1811450,54.42,55.0,54.1,56.0,1,0,23.83,21.32,12007,2,0,0,31.65
1811956,54.42,55.0,54.1,56.0,1,0,23.83,21.32,12507,2,0,0,31.65
1812462,54.45,55.0,54.1,56.0,1,0,23.63,21.33,13007,2,0,0,31.65
1812968,54.45,55.0,54.1,56.0,1,0,23.63,21.33,13507,2,0,0,31.65
1813474,54.49,55.0,54.1,56.0,1,0,23.46,21.36,14007,2,0,0,31.66
1813994,54.47,55.0,54.1,56.0,1,0,23.44,21.36,14507,2,0,0,31.66
1814501,54.47,55.0,54.1,56.0,1,0,23.44,21.35,15007,2,0,0,31.66
1815007,54.52,55.0,54.1,56.0,1,0,23.31,21.35,15507,2,0,0,31.65
1815513,54.54,55.0,54.1,56.0,1,0,23.09,21.35,16007,2,0,0,31.64
1816019,54.53,55.0,54.1,56.0,1,0,23.15,21.35,16507,2,0,0,31.65
1816525,54.53,55.0,54.1,56.0,1,0,23.15,21.36,17007,2,0,0,31.65
1817031,54.57,55.0,54.1,56.0,1,0,22.98,21.38,17507,2,0,0,31.66
1817537,54.57,55.0,54.1,56.0,1,0,22.98,21.38,18007,2,0,0,31.66
1818043,54.57,55.0,54.1,56.0,1,0,22.98,21.38,18507,2,0,0,31.66
1818549,54.61,55.0,54.1,56.0,1,0,22.65,21.37,19007,2,0,0,31.64
1819055,54.64,55.0,54.1,56.0,1,0,22.61,21.38,19507,2,0,0,31.64
1819561,54.64,55.0,54.1,56.0,1,0,22.61,21.38,20007,2,0,0,31.64
1820067,54.7,55.0,54.1,56.0,1,0,22.59,21.38,20507,2,0,0,31.62
1820573,54.72,55.0,54.1,56.0,1,0,22.61,21.41,21007,2,0,0,31.65
1821079,54.72,55.0,54.1,56.0,1,0,22.61,21.41,21507,2,0,0,31.65
1821585,54.74,55.0,54.1,56.0,1,0,22.24,21.41,22007,2,0,0,31.64
1822091,54.79,55.0,54.1,56.0,1,0,22.2,21.41,22507,2,0,0,31.62
1822597,54.79,55.0,54.1,56.0,1,0,22.2,21.41,23007,2,0,0,31.62
1823103,54.79,55.0,54.1,56.0,1,0,22.2,21.41,23507,2,0,0,31.62
1823609,54.79,55.0,54.1,56.0,1,0,22.2,21.41,24007,2,0,0,31.62
1824115,54.89,55.0,54.1,56.0,1,0,21.81,21.45,24507,2,0,0,31.64
1824621,54.91,55.0,54.1,56.0,1,0,21.81,21.46,25017,2,0,0,31.64
1825127,54.91,55.0,54.1,56.0,1,0,21.81,21.46,25517,2,0,0,31.64
1825633,54.98,55.0,54.1,56.0,1,0,21.72,21.48,26017,2,0,0,31.64
1826140,55.05,55.0,54.1,56.0,1,0,21.64,21.48,26517,2,0,0,31.62
1826647,55.05,55.0,54.1,56.0,1,0,21.64,21.49,27017,2,0,0,31.62
1827153,55.02,55.0,54.1,56.0,1,0,21.42,21.49,27517,2,0,0,31.64
1827659,55.02,55.0,54.1,56.0,1,0,21.42,21.49,28017,2,0,0,31.64
1828165,55.02,55.0,54.1,56.0,1,0,21.42,21.49,28517,2,0,0,31.64
1828671,55.12,55.0,54.1,56.0,1,0,21.27,21.49,29017,2,0,0,31.64
1829177,55.19,55.0,54.1,56.0,1,0,21.14,21.52,29517,2,0,0,31.62
1829684,55.19,55.0,54.1,56.0,1,0,21.14,21.53,30017,2,0,0,31.62
1830190,55.24,55.0,54.1,56.0,1,0,21.01,21.56,30517,2,0,0,31.64
1830696,55.24,55.0,54.1,56.0,1,0,20.86,21.56,31017,2,0,0,31.62
1831202,55.28,55.0,54.1,56.0,1,0,20.34,21.54,31517,2,0,0,31.64
1831708,55.28,55.0,54.1,56.0,1,0,20.34,21.57,32017,2,0,0,31.64
1832214,55.31,55.0,54.1,56.0,1,0,20.69,21.58,32530,2,0,0,31.64
1832720,55.31,55.0,54.1,56.0,1,0,20.69,21.58,33030,2,0,0,31.64
1833226,55.32,55.0,54.1,56.0,1,0,20.4,21.58,33530,2,0,0,31.64
1833732,55.38,55.0,54.1,56.0,1,0,20.77,21.58,34030,2,0,0,31.62
1834238,55.38,55.0,54.1,56.0,1,0,20.77,21.58,34530,2,0,0,31.62
1834744,55.43,55.0,54.1,56.0,1,0,20.36,21.61,35030,2,0,0,31.64
1835250,55.48,55.0,54.1,56.0,1,0,20.38,21.61,35530,2,0,0,31.65
1835756,55.48,55.0,54.1,56.0,1,0,20.38,21.64,36030,2,0,0,31.65
1836262,55.53,55.0,54.1,56.0,1,0,20.19,21.64,36530,2,0,0,31.61
1836768,55.53,55.0,54.1,56.0,1,0,20.19,21.61,37030,2,0,0,31.61
1837274,55.53,55.0,54.1,56.0,1,0,20.28,21.64,37530,2,0,0,31.64
1837780,55.57,55.0,54.1,56.0,1,0,19.89,21.64,38030,2,0,0,31.64
1838286,55.58,55.0,54.1,56.0,1,0,19.87,21.65,38530,2,1,0,31.64
1838792,55.58,55.0,54.1,56.0,1,0,19.87,21.66,39030,2,1,0,31.64
1839298,55.58,55.0,54.1,56.0,1,0,19.87,21.66,39530,2,1,0,31.64
1839804,55.62,55.0,54.1,56.0,0,0,19.67,21.66,0,2,1,0,31.65
1840310,55.62,55.0,54.1,56.0,0,0,19.67,21.68,500,2,1,0,31.65
1840816,55.62,55.0,54.1,56.0,0,0,19.67,21.68,1000,2,1,0,31.65
1841322,55.62,55.0,54.1,56.0,0,0,19.67,21.68,1500,2,1,0,31.65
1841828,55.7,55.0,54.1,56.0,0,0,19.39,21.68,2000,2,1,0,31.65
1842334,55.7,55.0,54.1,56.0,0,0,19.39,21.7,2500,2,1,0,31.65
1842840,55.68,55.0,54.1,56.0,0,0,19.35,21.69,3000,2,1,0,31.64
1843346,55.69,55.0,54.1,56.0,0,0,19.46,21.69,3500,2,1,0,31.66
1843852,55.69,55.0,54.1,56.0,0,0,19.46,21.71,4000,2,1,0,31.66
1844358,55.71,55.0,54.1,56.0,0,0,19.28,21.71,4500,2,1,0,31.64
1844864,55.72,55.0,54.1,56.0,0,0,19.46,21.69,5000,2,1,0,31.62
1845371,55.72,55.0,54.1,56.0,0,0,19.46,21.69,5500,2,1,0,31.62
1845877,55.71,55.0,54.1,56.0,0,0,19.18,21.68,6007,2,1,0,31.62
1846383,55.69,55.0,54.1,56.0,0,0,19.41,21.68,6507,2,1,0,31.62
1846889,55.69,55.0,54.1,56.0,0,0,19.41,21.68,7007,2,1,0,31.62
1847395,55.72,55.0,54.1,56.0,0,0,19.31,21.68,7507,2,1,0,31.64
1847901,55.72,55.0,54.1,56.0,0,0,19.31,21.7,8007,2,1,0,31.64
1848407,55.71,55.0,54.1,56.0,0,0,19.37,21.7,8507,2,1,0,31.62
1848913,55.71,55.0,54.1,56.0,0,0,19.37,21.68,9007,2,1,0,31.62
1849419,55.69,55.0,54.1,56.0,0,0,19.41,21.68,9507,2,1,0,31.62
1849925,55.69,55.0,54.1,56.0,0,0,19.41,21.68,10007,2,1,0,31.62
1850431,55.69,55.0,54.1,56.0,0,0,19.41,21.68,10507,2,1,0,31.62
1850937,55.66,55.0,54.1,56.0,0,0,19.65,21.68,11007,2,1,0,31.64
1851443,55.62,55.0,54.1,56.0,0,0,19.5,21.68,11507,2,1,0,31.61
1851949,55.62,55.0,54.1,56.0,0,0,19.5,21.64,12007,2,1,0,31.61
1852455,55.63,55.0,54.1,56.0,0,0,19.65,21.66,12518,2,1,0,31.62
1852961,55.62,55.0,54.1,56.0,0,0,19.78,21.66,13018,2,1,0,31.61
1853476,55.59,55.0,54.1,56.0,0,0,19.76,21.64,13518,2,1,0,31.61
1853983,55.59,55.0,54.1,56.0,0,0,19.76,21.63,14018,2,1,0,31.61
1854489,55.59,55.0,54.1,56.0,0,0,19.76,21.63,14518,2,1,0,31.61
1854995,55.52,55.0,54.1,56.0,0,0,19.95,21.63,15022,2,1,0,31.65
1855501,55.52,55.0,54.1,56.0,0,0,19.95,21.65,16028,2,1,0,31.65
1856007,55.51,55.0,54.1,56.0,0,0,19.93,21.62,16528,2,1,0,31.62
1856513,55.47,55.0,54.1,56.0,0,0,19.95,21.61,17028,2,1,0,31.62
1857020,55.47,55.0,54.1,56.0,0,0,19.95,21.61,17528,2,1,0,31.62
1857527,55.47,55.0,54.1,56.0,0,0,19.95,21.61,18031,2,1,0,31.62
1858033,55.44,55.0,54.1,56.0,0,0,20.1,21.6,18532,2,1,0,31.62
1858539,55.39,55.0,54.1,56.0,0,0,20.25,21.57,19033,2,0,0,31.61
1859045,55.39,55.0,54.1,56.0,0,0,20.25,21.57,19533,2,0,0,31.61
1859551,55.39,55.0,54.1,56.0,1,0,20.25,21.57,0,2,0,0,31.61
1860057,55.36,55.0,54.1,56.0,1,0,20.92,21.58,500,2,0,0,31.62
1860567,55.3,55.0,54.1,56.0,1,0,20.47,21.58,1000,2,0,0,31.62
1861074,55.3,55.0,54.1,56.0,1,0,20.47,21.56,1500,2,0,0,31.62
1861580,55.31,55.0,54.1,56.0,1,0,20.38,21.58,2000,2,0,0,31.64
1862086,55.31,55.0,54.1,56.0,1,0,20.4,21.56,2500,2,0,0,31.62
1862592,55.31,55.0,54.1,56.0,1,0,20.4,21.56,3000,2,0,0,31.62
1863098,55.27,55.0,54.1,56.0,1,0,20.36,21.56,3500,2,0,0,31.64
1863604,55.27,55.0,54.1,56.0,1,0,20.36,21.56,4000,2,0,0,31.64
1864110,55.22,55.0,54.1,56.0,1,0,20.53,21.52,4500,2,0,0,31.61
1864616,55.24,55.0,54.1,56.0,1,0,20.56,21.52,5000,2,0,0,31.59
1865122,55.24,55.0,54.1,56.0,1,0,20.56,21.52,5500,2,0,0,31.59
1865628,55.21,55.0,54.1,56.0,1,0,20.17,21.56,6000,2,0,0,31.65
1866134,55.2,55.0,54.1,56.0,1,0,20.43,21.52,6509,2,0,0,31.61
1866640,55.2,55.0,54.1,56.0,1,0,20.43,21.52,7009,2,0,0,31.61
1867146,55.14,55.0,54.1,56.0,1,0,20.36,21.5,7509,2,0,0,31.61
1867652,55.14,55.0,54.1,56.0,1,0,20.36,21.5,8009,2,0,0,31.61
1868158,55.1,55.0,54.1,56.0,1,0,20.43,21.5,8509,2,0,0,31.62
1868679,55.08,55.0,54.1,56.0,1,0,20.25,21.5,9009,2,0,0,31.61
1869186,55.08,55.0,54.1,56.0,1,0,20.25,21.48,9509,2,0,0,31.61
1869692,55.08,55.0,54.1,56.0,1,0,20.25,21.48,10009,2,0,0,31.61
1870198,55.08,55.0,54.1,56.0,1,0,20.17,21.48,10509,2,0,0,31.61
1870704,55.08,55.0,54.1,56.0,1,0,20.17,21.48,11009,2,0,0,31.61
1871210,55.08,55.0,54.1,56.0,1,0,20.17,21.48,11509,2,0,0,31.61
1871716,55.05,55.0,54.1,56.0,1,0,20.12,21.49,12009,2,0,0,31.62
1872235,55.07,55.0,54.1,56.0,1,0,20.04,21.49,12509,2,0,0,31.62
1872742,55.07,55.0,54.1,56.0,1,0,20.04,21.49,13009,2,0,0,31.62
1873248,55.03,55.0,54.1,56.0,1,0,19.97,21.45,13509,2,0,0,31.59
1873754,55.03,55.0,54.1,56.0,1,0,19.97,21.45,14009,2,0,0,31.59
1874260,55.01,55.0,54.1,56.0,1,0,19.95,21.47,14509,2,1,0,31.62
1874766,55.01,55.0,54.1,56.0,1,0,19.95,21.47,15009,2,1,0,31.62
1875272,54.98,55.0,54.1,56.0,1,0,19.72,21.48,15509,2,1,0,31.64
1875778,55.03,55.0,54.1,56.0,1,0,19.8,21.47,16009,2,1,0,31.61
1876284,55.03,55.0,54.1,56.0,1,0,19.8,21.47,16509,2,1,0,31.61
1876790,54.99,55.0,54.1,56.0,1,0,19.59,21.47,17009,2,1,0,31.62
1877296,55.02,55.0,54.1,56.0,1,0,19.31,21.47,17509,2,1,0,31.62
1877802,55.02,55.0,54.1,56.0,1,0,19.31,21.48,18009,2,1,0,31.62
1878308,55.02,55.0,54.1,56.0,1,0,19.31,21.48,18509,2,1,0,31.62
1878814,54.99,55.0,54.1,56.0,1,0,19.35,21.48,19009,2,1,0,31.59
1879320,55.01,55.0,54.1,56.0,1,0,18.9,21.44,19509,2,1,0,31.64
1879826,55.01,55.0,54.1,56.0,1,0,18.9,21.49,20009,2,1,0,31.64
1880332,55.02,55.0,54.1,56.0,1,0,19.33,21.49,20509,2,1,0,31.61
1880839,55.0,55.0,54.1,56.0,1,0,18.92,21.46,21009,2,1,0,31.59
1881346,55.0,55.0,54.1,56.0,1,0,18.92,21.45,21509,2,1,0,31.59
1881852,54.98,55.0,54.1,56.0,1,0,19.03,21.45,22009,2,1,0,31.62
1882358,54.98,55.0,54.1,56.0,1,0,19.03,21.47,22509,2,1,0,31.62
1882864,54.96,55.0,54.1,56.0,1,0,18.83,21.47,23009,2,1,0,31.59
1883370,54.91,55.0,54.1,56.0,1,0,18.72,21.43,23509,2,1,0,31.58
1883876,54.97,55.0,54.1,56.0,1,0,18.7,21.41,24009,2,1,0,31.62
1884382,54.97,55.0,54.1,56.0,1,0,18.7,21.46,24509,2,1,0,31.62
1884888,54.93,55.0,54.1,56.0,1,0,18.62,21.46,25009,2,1,0,31.61
1885394,54.97,55.0,54.1,56.0,1,0,18.7,21.44,25509,2,1,0,31.61
1885900,54.97,55.0,54.1,56.0,1,0,18.7,21.45,26009,2,1,0,31.61
1886406,54.94,55.0,54.1,56.0,1,0,18.55,21.44,26509,2,1,0,31.61
1886912,54.94,55.0,54.1,56.0,1,0,18.36,21.44,27009,2,1,0,31.61
1887418,54.94,55.0,54.1,56.0,1,0,18.36,21.44,27509,2,1,0,31.61
1887924,54.94,55.0,54.1,56.0,1,0,18.36,21.44,28009,2,1,0,31.61
1888430,54.89,55.0,54.1,56.0,1,0,18.42,21.44,28509,2,1,0,31.61
1888936,54.91,55.0,54.1,56.0,1,0,18.36,21.42,29009,2,1,0,31.62
1889442,54.88,55.0,54.1,56.0,1,0,18.06,21.44,29509,2,1,0,31.61
1889953,54.84,55.0,54.1,56.0,1,0,17.56,21.42,30009,2,1,0,31.62
1890460,54.84,55.0,54.1,56.0,1,0,17.56,21.43,30509,2,1,0,31.62
1890966,54.84,55.0,54.1,56.0,1,0,18.64,21.43,31009,2,1,0,31.59
1891472,54.83,55.0,54.1,56.0,1,0,18.4,21.4,31509,2,1,0,31.59
1891978,54.8,55.0,54.1,56.0,1,0,17.88,21.39,32009,2,1,0,31.61
1892484,54.8,55.0,54.1,56.0,1,0,17.88,21.4,32509,2,1,0,31.61
1892990,54.77,55.0,54.1,56.0,1,0,17.78,21.4,33009,2,1,0,31.62
1893496,54.76,55.0,54.1,56.0,1,0,17.73,21.4,33509,2,1,0,31.59
1894002,54.76,55.0,54.1,56.0,1,0,17.65,21.37,34009,2,1,0,31.61
1894508,54.76,55.0,54.1,56.0,1,0,17.65,21.39,34509,2,1,0,31.61
1895015,54.74,55.0,54.1,56.0,1,0,17.58,21.39,35013,2,1,0,31.62
1895522,54.74,55.0,54.1,56.0,1,0,17.58,21.4,35520,2,1,0,31.62
1896028,54.69,55.0,54.1,56.0,1,0,17.41,21.37,36522,2,1,0,31.61
1896534,54.69,55.0,54.1,56.0,1,0,17.41,21.37,37022,2,1,0,31.61
1897040,54.69,55.0,54.1,56.0,1,0,17.41,21.37,37522,2,1,0,31.61
1897546,54.64,55.0,54.1,56.0,1,0,17.3,21.35,38022,2,1,0,31.61
1898052,54.64,55.0,54.1,56.0,1,0,17.3,21.35,38522,2,1,0,31.61
1898558,54.6,55.0,54.1,56.0,1,0,17.22,21.34,39022,2,1,0,31.61
1899064,54.59,55.0,54.1,56.0,1,0,17.2,21.35,39522,2,1,0,31.62
1899570,54.59,55.0,54.1,56.0,0,0,17.2,21.35,0,2,1,0,31.62
1900076,54.55,55.0,54.1,56.0,0,0,17.32,21.34,500,2,1,0,31.62
1900582,54.55,55.0,54.1,56.0,0,0,17.32,21.34,1000,2,1,0,31.62
1901088,54.48,55.0,54.1,56.0,0,0,17.04,21.3,1500,2,1,0,31.61
1901594,54.43,55.0,54.1,56.0,0,0,17.04,21.29,2000,2,1,0,31.61
1902100,54.43,55.0,54.1,56.0,0,0,17.04,21.29,2500,2,1,0,31.61
1902606,54.42,55.0,54.1,56.0,0,0,16.53,21.3,3000,2,1,0,31.62
1903112,54.38,55.0,54.1,56.0,0,0,16.85,21.27,3502,2,1,0,31.61
1903618,54.38,55.0,54.1,56.0,0,0,16.85,21.27,4002,2,1,0,31.61
1904124,54.29,55.0,54.1,56.0,0,0,16.81,21.25,4502,2,1,0,31.61
1904630,54.3,55.0,54.1,56.0,0,0,16.87,21.25,5002,2,1,0,31.61
1905136,54.22,55.0,54.1,56.0,0,0,16.87,21.21,5502,2,1,0,31.59
1905642,54.22,55.0,54.1,56.0,0,0,16.87,21.21,6002,2,1,0,31.59
1906148,54.2,55.0,54.1,56.0,0,0,17.07,21.22,6502,2,1,0,31.61
1906654,54.2,55.0,54.1,56.0,0,0,17.07,21.22,7002,2,1,0,31.61
1907160,54.2,55.0,54.1,56.0,0,0,17.07,21.22,7502,2,1,0,31.61
1907667,54.11,55.0,54.1,56.0,0,0,16.94,21.19,8002,2,1,0,31.61
1908173,54.11,55.0,54.1,56.0,0,0,16.94,21.19,8502,2,1,0,31.61
1908679,54.01,55.0,54.1,56.0,0,0,17.0,21.15,9002,2,1,0,31.59
1909185,54.01,55.0,54.1,56.0,0,0,17.0,21.15,9504,2,1,0,31.59
1909691,53.96,55.0,54.1,56.0,0,0,16.89,21.16,10005,2,1,0,31.62
1910197,53.96,55.0,54.1,56.0,0,0,16.89,21.16,10505,2,1,0,31.62
1910703,53.94,55.0,54.1,56.0,0,0,17.63,21.14,11005,2,1,0,31.61
1911209,53.86,55.0,54.1,56.0,0,0,17.32,21.12,11505,2,1,0,31.61
1911715,53.86,55.0,54.1,56.0,0,0,17.32,21.12,12005,2,1,0,31.61
1912221,53.8,55.0,54.1,56.0,0,0,17.26,21.11,12505,2,1,0,31.62
1912727,53.8,55.0,54.1,56.0,0,0,17.26,21.11,13005,2,1,0,31.62
1913233,53.8,55.0,54.1,56.0,0,0,17.26,21.11,13505,2,1,0,31.62
1913739,53.76,55.0,54.1,56.0,0,0,17.5,21.07,14005,2,1,0,31.59
1914245,53.68,55.0,54.1,56.0,0,0,17.6,21.07,14505,2,1,0,31.58
1914752,53.68,55.0,54.1,56.0,0,0,17.6,21.04,15005,2,1,0,31.58
1915258,53.68,55.0,54.1,56.0,0,0,17.6,21.04,15505,2,1,0,31.58
1915764,53.68,55.0,54.1,56.0,0,0,17.6,21.04,16005,2,1,0,31.58
1916270,53.68,55.0,54.1,56.0,0,0,17.6,21.04,16505,2,1,0,31.58
1916776,53.68,55.0,54.1,56.0,0,0,17.6,21.04,17005,2,1,0,31.58
1917282,53.68,55.0,54.1,56.0,0,0,17.6,21.04,17505,2,1,0,31.58
1917788,53.68,55.0,54.1,56.0,0,0,17.6,21.04,18005,2,1,0,31.58
1918294,53.42,55.0,54.1,56.0,0,0,18.12,21.04,18505,2,1,0,31.61
1918800,53.42,55.0,54.1,56.0,0,0,18.12,20.98,19005,2,1,0,31.59
1919306,53.42,55.0,54.1,56.0,0,0,18.12,20.97,19505,2,1,0,31.59
1919812,53.4,55.0,54.1,56.0,0,0,18.29,20.96,20005,2,1,0,31.59
1920318,53.32,55.0,54.1,56.0,0,0,18.44,20.96,20505,2,1,0,31.61
1920832,53.27,55.0,54.1,56.0,0,0,18.44,20.95,21005,2,1,0,31.61
1921339,53.27,55.0,54.1,56.0,0,0,18.44,20.94,21508,2,1,0,31.61
1921845,53.25,55.0,54.1,56.0,0,0,18.53,20.9,22009,2,1,0,31.58
1922351,53.24,55.0,54.1,56.0,0,0,18.38,20.94,22511,2,1,0,31.62
1922857,53.19,55.0,54.1,56.0,0,0,18.55,20.94,23011,2,1,0,31.61
1923363,53.13,55.0,54.1,56.0,0,0,18.44,20.91,23511,2,1,0,31.61
1923869,53.13,55.0,54.1,56.0,0,0,18.44,20.89,24011,2,1,0,31.61
1924375,53.09,55.0,54.1,56.0,0,0,18.85,20.89,24511,2,1,0,31.59
1924881,53.09,55.0,54.1,56.0,0,0,18.85,20.87,25011,2,1,0,31.59
1925387,53.09,55.0,54.1,56.0,0,0,18.85,20.87,25511,2,1,0,31.59
1925893,53.07,55.0,54.1,56.0,0,0,18.85,20.87,26011,2,1,0,31.58
1926399,53.03,55.0,54.1,56.0,0,0,18.96,20.85,26511,2,1,0,31.58
1926905,53.01,55.0,54.1,56.0,0,0,19.26,20.84,27011,2,1,0,31.59
1927411,53.01,55.0,54.1,56.0,0,0,19.26,20.84,27511,2,1,0,31.59
1927917,53.02,55.0,54.1,56.0,0,0,19.18,20.85,28011,2,1,0,31.59
1928423,53.02,55.0,54.1,56.0,0,0,19.18,20.85,28511,2,1,0,31.59
1928929,52.99,55.0,54.1,56.0,0,0,19.31,20.85,29011,2,1,0,31.61
1929435,52.99,55.0,54.1,56.0,0,0,19.39,20.85,29511,2,1,0,31.59
1929941,52.95,55.0,54.1,56.0,0,0,19.56,20.84,30011,2,0,0,31.59
1930447,52.92,55.0,54.1,56.0,0,0,19.44,20.83,30511,2,0,0,31.59
1930954,52.9,55.0,54.1,56.0,0,0,19.5,20.82,31011,2,0,0,31.59
1931461,52.9,55.0,54.1,56.0,0,0,19.5,20.81,31511,2,0,0,31.59
1931967,52.91,55.0,54.1,56.0,0,0,19.61,20.81,32011,2,0,0,31.58
1932473,52.91,55.0,54.1,56.0,0,0,19.61,20.8,32511,2,0,0,31.58
1932979,52.87,55.0,54.1,56.0,0,0,19.63,20.8,33011,2,0,0,31.59
1933485,52.87,55.0,54.1,56.0,0,0,19.63,20.8,33511,2,0,0,31.59
1933991,52.87,55.0,54.1,56.0,0,0,19.63,20.8,34011,2,0,0,31.59
1934497,52.85,55.0,54.1,56.0,0,0,19.82,20.8,34511,2,0,0,31.59
1935003,52.85,55.0,54.1,56.0,0,0,20.0,20.79,35011,2,0,0,31.61
1935510,52.87,55.0,54.1,56.0,0,0,20.06,20.81,35511,2,0,0,31.59
1936017,52.87,55.0,54.1,56.0,0,0,20.06,20.8,36011,2,0,0,31.59
1936523,52.83,55.0,54.1,56.0,0,0,19.87,20.8,36511,2,0,0,31.59
1937029,52.85,55.0,54.1,56.0,0,0,20.38,20.79,37011,2,0,0,31.59
1937535,52.85,55.0,54.1,56.0,0,0,20.38,20.79,37511,2,0,0,31.59
1938041,52.85,55.0,54.1,56.0,0,0,20.38,20.79,38513,2,0,0,31.59
1938547,52.8,55.0,54.1,56.0,0,0,20.32,20.78,39013,2,0,0,31.59
1939053,52.85,55.0,54.1,56.0,0,0,20.47,20.81,39513,2,0,0,31.61
1939559,52.85,55.0,54.1,56.0,0,0,20.47,20.81,40013,2,0,0,31.61
1940065,52.85,55.0,54.1,56.0,0,0,20.47,20.81,40513,2,0,0,31.61
1940571,52.85,55.0,54.1,56.0,0,0,20.47,20.81,41013,2,0,0,31.61
1941077,52.87,55.0,54.1,56.0,0,0,20.49,20.8,41513,2,0,0,31.59
1941583,52.83,55.0,54.1,56.0,0,0,20.84,20.76,42013,2,0,0,31.57
1942089,52.83,55.0,54.1,56.0,0,0,20.84,20.76,42513,2,0,0,31.57
1942595,52.83,55.0,54.1,56.0,0,0,20.84,20.76,43013,2,0,0,31.57
1943101,52.82,55.0,54.1,56.0,0,0,20.75,20.8,43513,2,0,0,31.61
1943607,52.82,55.0,54.1,56.0,0,0,20.75,20.8,44013,2,0,0,31.61
1944113,52.82,55.0,54.1,56.0,0,0,20.75,20.8,44513,2,0,0,31.61
1944619,52.86,55.0,54.1,56.0,0,0,20.86,20.81,45013,2,0,0,31.61
1945125,52.86,55.0,54.1,56.0,0,0,21.01,20.8,45525,2,0,0,31.59
1945631,52.86,55.0,54.1,56.0,0,0,21.01,20.8,46025,2,0,0,31.59
1946137,52.89,55.0,54.1,56.0,0,0,20.97,20.82,46525,2,0,0,31.61
1946644,52.86,55.0,54.1,56.0,0,0,21.25,20.82,47025,2,0,0,31.61
1947151,52.86,55.0,54.1,56.0,0,0,21.25,20.81,47525,2,0,0,31.61
1947657,52.86,55.0,54.1,56.0,0,0,21.14,20.81,48025,2,0,0,31.61
1948163,52.86,55.0,54.1,56.0,0,0,21.14,20.81,48525,2,0,0,31.61
1948669,52.86,55.0,54.1,56.0,0,0,21.27,20.81,49025,2,0,0,31.61
1949175,52.86,55.0,54.1,56.0,0,0,21.27,20.81,49525,2,0,0,31.61
1949681,52.86,55.0,54.1,56.0,0,0,21.27,20.81,50025,2,0,0,31.61
1950187,52.92,55.0,54.1,56.0,0,0,21.27,20.82,50525,2,0,0,31.59
1950693,52.91,55.0,54.1,56.0,0,0,21.4,20.82,51025,2,0,0,31.58
1951199,52.91,55.0,54.1,56.0,0,0,21.4,20.8,51525,2,0,0,31.58
1951705,52.91,55.0,54.1,56.0,0,0,21.4,20.8,52025,2,0,0,31.58
1952211,52.95,55.0,54.1,56.0,0,0,21.38,20.81,52525,2,0,0,31.58
1952717,52.95,55.0,54.1,56.0,0,0,21.79,20.83,53025,2,0,0,31.59
1953223,52.95,55.0,54.1,56.0,0,0,21.79,20.83,53525,2,0,0,31.59
1953729,52.98,55.0,54.1,56.0,0,0,21.83,20.83,54025,2,0,0,31.59
1954237,52.98,55.0,54.1,56.0,0,0,21.83,20.83,54525,2,0,0,31.59
1954743,53.02,55.0,54.1,56.0,0,0,21.7,20.85,55025,2,0,0,31.59
1955249,52.99,55.0,54.1,56.0,0,0,21.83,20.85,55525,2,0,0,31.58
1955755,52.99,55.0,54.1,56.0,0,0,21.83,20.83,56025,2,0,0,31.58
1956261,53.02,55.0,54.1,56.0,0,0,21.92,20.85,56525,2,0,0,31.59
1956767,53.02,55.0,54.1,56.0,0,0,21.92,20.85,57025,2,0,0,31.59
1957273,53.03,55.0,54.1,56.0,0,0,22.31,20.84,57525,2,0,0,31.58
1957779,53.03,55.0,54.1,56.0,0,0,22.31,20.84,58025,2,0,0,31.58
1958285,53.03,55.0,54.1,56.0,0,0,22.31,20.84,58525,2,0,0,31.58
1958791,53.06,55.0,54.1,56.0,0,0,21.96,20.85,59025,2,0,0,31.58
1959297,53.06,55.0,54.1,56.0,0,0,21.96,20.85,59525,2,0,0,31.58
1959803,53.11,55.0,54.1,56.0,0,0,22.11,20.85,60025,2,0,0,31.61
1960309,53.11,55.0,54.1,56.0,0,0,22.11,20.89,60525,2,0,0,31.61
1960815,53.14,55.0,54.1,56.0,0,0,22.29,20.89,61025,2,0,0,31.62
1961321,53.14,55.0,54.1,56.0,0,0,22.29,20.91,61525,2,0,0,31.62
1961828,53.15,55.0,54.1,56.0,0,0,22.24,20.92,62025,2,0,0,31.62
1962334,53.12,55.0,54.1,56.0,0,0,22.29,20.92,62525,2,0,0,31.58
1962840,53.12,55.0,54.1,56.0,0,0,22.29,20.87,63025,2,0,0,31.58
1963346,53.22,55.0,54.1,56.0,0,0,22.89,20.87,63525,2,0,0,31.61
1963852,53.22,55.0,54.1,56.0,0,0,22.89,20.92,64025,2,0,0,31.61
1964358,53.19,55.0,54.1,56.0,0,0,22.52,20.92,64525,2,0,0,31.58
1964864,53.21,55.0,54.1,56.0,0,0,22.55,20.89,65025,2,0,0,31.61
1965373,53.21,55.0,54.1,56.0,0,0,22.55,20.92,65525,2,0,0,31.61
1965879,53.26,55.0,54.1,56.0,0,0,22.07,20.89,66025,2,0,0,31.57
1966385,53.26,55.0,54.1,56.0,0,0,22.07,20.89,66525,2,0,0,31.57
1966891,53.26,55.0,54.1,56.0,0,0,22.07,20.89,67025,2,0,0,31.57
1967397,53.3,55.0,54.1,56.0,0,0,22.83,20.93,67525,2,0,0,31.59
1967903,53.31,55.0,54.1,56.0,0,0,22.78,20.93,68025,2,0,0,31.59
1968409,53.3,55.0,54.1,56.0,0,0,22.87,20.94,68525,2,0,0,31.59
1968915,53.3,55.0,54.1,56.0,0,0,22.87,20.93,69025,2,0,0,31.59
1969421,53.35,55.0,54.1,56.0,0,0,22.81,20.93,69525,2,0,0,31.59
1969927,53.32,55.0,54.1,56.0,0,0,22.81,20.95,70025,2,0,0,31.59
1970433,53.32,55.0,54.1,56.0,0,0,22.81,20.94,70525,2,0,0,31.59
1970939,53.4,55.0,54.1,56.0,0,0,22.61,20.96,71025,2,0,0,31.59
1971445,53.37,55.0,54.1,56.0,0,0,22.94,20.96,71525,2,0,0,31.58
1971951,53.37,55.0,54.1,56.0,0,0,22.94,20.94,72025,2,0,0,31.58
1972457,53.46,55.0,54.1,56.0,0,0,23.11,20.98,72525,2,0,0,31.59
1972963,53.41,55.0,54.1,56.0,0,0,23.05,20.98,73025,2,0,0,31.59
1973469,53.43,55.0,54.1,56.0,0,0,23.09,20.97,73525,2,0,0,31.59
1973975,53.43,55.0,54.1,56.0,0,0,23.09,20.97,74025,2,0,0,31.59
1974481,53.49,55.0,54.1,56.0,0,0,23.2,21.02,74525,2,0,0,31.62
1974987,53.49,55.0,54.1,56.0,0,0,23.2,21.02,75025,2,0,0,31.62
1975493,53.49,55.0,54.1,56.0,0,0,23.2,21.02,75525,2,0,0,31.62
1975999,53.5,55.0,54.1,56.0,0,0,23.35,21.02,76027,2,0,0,31.61
1976505,53.5,55.0,54.1,56.0,0,0,23.35,21.01,76527,2,0,0,31.61
1977011,53.5,55.0,54.1,56.0,0,0,23.35,21.01,77027,2,0,0,31.61
1977518,53.57,55.0,54.1,56.0,0,0,23.33,21.01,77527,2,0,0,31.59
1978025,53.57,55.0,54.1,56.0,0,0,23.33,21.02,78027,2,0,0,31.59
1978531,53.58,55.0,54.1,56.0,0,0,23.42,21.02,78527,2,0,0,31.61
1979037,53.58,55.0,54.1,56.0,0,0,23.42,21.03,79027,2,0,0,31.61
1979543,53.58,55.0,54.1,56.0,0,0,23.42,21.03,79527,2,0,0,31.61
1980049,53.58,55.0,54.1,56.0,0,0,23.42,21.03,80027,2,0,0,31.61
1980555,53.58,55.0,54.1,56.0,0,0,23.42,21.03,80532,2,0,0,31.61
1981061,53.65,55.0,54.1,56.0,0,0,23.7,21.03,81033,2,0,0,31.61
1981567,53.65,55.0,54.1,56.0,0,0,23.7,21.05,82039,2,0,0,31.61
1982073,53.65,55.0,54.1,56.0,0,0,23.7,21.05,82539,2,0,0,31.61
1982579,53.69,55.0,54.1,56.0,0,0,23.72,21.06,83039,2,0,0,31.61
1983085,53.71,55.0,54.1,56.0,0,0,23.81,21.07,83539,2,0,0,31.61
1983592,53.71,55.0,54.1,56.0,0,0,23.81,21.07,84039,2,0,0,31.61
1984099,53.71,55.0,54.1,56.0,0,0,23.81,21.07,84539,2,0,0,31.61
1984605,53.79,55.0,54.1,56.0,0,0,23.81,21.08,85044,2,0,0,31.59
1985111,53.79,55.0,54.1,56.0,0,0,23.81,21.08,85544,2,0,0,31.59
1985617,53.81,55.0,54.1,56.0,0,0,23.96,21.1,86044,2,0,0,31.61
1986123,53.81,55.0,54.1,56.0,0,0,23.96,21.1,86544,2,0,0,31.61
1986637,53.87,55.0,54.1,56.0,0,0,24.0,21.1,87044,2,0,0,31.59
1987144,53.87,55.0,54.1,56.0,0,0,24.0,21.11,87544,2,0,0,31.59
1987650,53.85,55.0,54.1,56.0,0,0,23.94,21.11,88044,2,0,0,31.61
1988156,53.85,55.0,54.1,56.0,0,0,23.94,21.09,88544,2,0,0,31.58
1988662,53.94,55.0,54.1,56.0,0,0,24.11,21.14,89044,2,0,0,31.61
1989168,53.91,55.0,54.1,56.0,0,0,24.11,21.15,89544,2,0,0,31.62
1989674,53.92,55.0,54.1,56.0,0,0,24.29,21.15,90044,2,0,0,31.59
1990180,53.92,55.0,54.1,56.0,0,0,24.29,21.12,90544,2,0,0,31.59
1990686,53.92,55.0,54.1,56.0,0,0,24.29,21.12,91044,2,0,0,31.59
1991192,53.92,55.0,54.1,56.0,0,0,24.29,21.12,91544,2,0,0,31.59
1991698,53.98,55.0,54.1,56.0,0,0,24.35,21.15,92044,2,0,0,31.61
1992204,54.0,55.0,54.1,56.0,0,0,24.27,21.15,92557,2,0,0,31.59
1992710,54.0,55.0,54.1,56.0,0,0,24.27,21.15,93057,2,0,0,31.59
1993216,54.0,55.0,54.1,56.0,0,0,24.27,21.15,93557,2,0,0,31.59
1993722,54.0,55.0,54.1,56.0,0,0,24.27,21.15,94057,2,0,0,31.59
1994228,54.04,55.0,54.1,56.0,0,0,24.4,21.16,94557,2,0,0,31.59
1994734,54.04,55.0,54.1,56.0,0,0,24.4,21.16,95057,2,0,0,31.59
1995240,54.1,55.0,54.1,56.0,1,0,23.98,21.19,0,2,0,0,31.61
1995746,54.09,55.0,54.1,56.0,1,0,24.51,21.19,500,2,0,0,31.61
1996252,54.09,55.0,54.1,56.0,1,0,24.51,21.18,1000,2,0,0,31.61
1996758,54.11,55.0,54.1,56.0,1,0,24.44,21.18,1500,2,0,0,31.59
1997264,54.11,55.0,54.1,56.0,1,0,24.44,21.18,2000,2,0,0,31.59
1997770,54.15,55.0,54.1,56.0,1,0,24.51,21.2,2500,2,0,0,31.61
1998276,54.19,55.0,54.1,56.0,1,0,24.46,21.23,3006,2,0,0,31.62
1998782,54.19,55.0,54.1,56.0,1,0,24.46,21.23,3506,2,0,0,31.62
1999288,54.19,55.0,54.1,56.0,1,0,24.46,21.23,4006,2,0,0,31.62
1999794,54.19,55.0,54.1,56.0,1,0,24.46,21.23,4506,2,0,0,31.62
2000300,54.21,55.0,54.1,56.0,1,0,24.51,21.2,5006,2,0,0,31.58
2000806,54.21,55.0,54.1,56.0,1,0,24.51,21.2,5506,2,0,0,31.58
2001312,54.23,55.0,54.1,56.0,1,0,24.29,21.23,6006,2,0,0,31.61
2001818,54.23,55.0,54.1,56.0,1,0,24.29,21.23,6506,2,0,0,31.61
2002324,54.31,55.0,54.1,56.0,1,0,24.38,21.23,7006,2,0,0,31.61
2002830,54.29,55.0,54.1,56.0,1,0,24.22,21.25,7506,2,0,0,31.61
2003336,54.29,55.0,54.1,56.0,1,0,24.22,21.25,8006,2,0,0,31.61
2003842,54.29,55.0,54.1,56.0,1,0,24.22,21.25,8506,2,0,0,31.61
2004348,54.34,55.0,54.1,56.0,1,0,23.96,21.25,9006,2,0,0,31.59
2004854,54.39,55.0,54.1,56.0,1,0,23.79,21.25,9506,2,0,0,31.62
2005360,54.36,55.0,54.1,56.0,1,0,23.81,21.29,10006,2,0,0,31.61
2005866,54.36,55.0,54.1,56.0,1,0,23.81,21.27,10506,2,0,0,31.61
2006372,54.43,55.0,54.1,56.0,1,0,23.72,21.27,11006,2,0,0,31.61
2006878,54.41,55.0,54.1,56.0,1,0,23.52,21.29,11506,2,0,0,31.61
2007384,54.41,55.0,54.1,56.0,1,0,23.52,21.28,12006,2,0,0,31.61
2007890,54.41,55.0,54.1,56.0,1,0,23.7,21.28,12506,2,0,0,31.61
2008396,54.39,55.0,54.1,56.0,1,0,23.37,21.28,13006,2,0,0,31.59
2008902,54.39,55.0,54.1,56.0,1,0,23.37,21.26,13506,2,0,0,31.59
2009408,54.45,55.0,54.1,56.0,1,0,23.24,21.26,14006,2,0,0,31.59
2009914,54.45,55.0,54.1,56.0,1,0,23.24,21.28,14506,2,0,0,31.59
2010420,54.45,55.0,54.1,56.0,1,0,23.24,21.28,15006,2,0,0,31.59
2010926,54.45,55.0,54.1,56.0,1,0,23.24,21.28,15506,2,0,0,31.59
2011432,54.55,55.0,54.1,56.0,1,0,23.02,21.31,16006,2,0,0,31.59
2011938,54.55,55.0,54.1,56.0,1,0,23.02,21.31,16506,2,0,0,31.59
2012444,54.55,55.0,54.1,56.0,1,0,23.02,21.31,17006,2,0,0,31.59
2012950,54.58,55.0,54.1,56.0,1,0,22.72,21.35,17506,2,0,0,31.62
2013456,54.61,55.0,54.1,56.0,1,0,23.13,21.35,18006,2,0,0,31.61
2013962,54.61,55.0,54.1,56.0,1,0,23.13,21.34,18506,2,0,0,31.61
2014468,54.65,55.0,54.1,56.0,1,0,22.52,21.34,19006,2,0,0,31.61
2014974,54.65,55.0,54.1,56.0,1,0,22.52,21.35,19506,2,0,0,31.61
2015480,54.68,55.0,54.1,56.0,1,0,22.42,21.35,20006,2,0,0,31.59
2015986,54.68,55.0,54.1,56.0,1,0,22.42,21.35,20506,2,0,0,31.59
2016492,54.68,55.0,54.1,56.0,1,0,22.2,21.35,21021,2,0,0,31.59
2016998,54.77,55.0,54.1,56.0,1,0,21.64,21.35,21521,2,0,0,31.59
2017505,54.76,55.0,54.1,56.0,1,0,22.07,21.38,22021,2,0,0,31.58
2018012,54.76,55.0,54.1,56.0,1,0,22.07,21.36,22521,2,0,0,31.58
2018518,54.81,55.0,54.1,56.0,1,0,21.92,21.36,23021,2,0,0,31.59
2019024,54.81,55.0,54.1,56.0,1,0,21.92,21.39,23521,2,0,0,31.59
2019530,54.85,55.0,54.1,56.0,1,0,21.59,21.39,24021,2,0,0,31.61
2020036,54.85,55.0,54.1,56.0,1,0,21.59,21.41,24521,2,0,0,31.61
2020542,54.85,55.0,54.1,56.0,1,0,21.59,21.41,25021,2,0,0,31.61
2021048,54.95,55.0,54.1,56.0,1,0,21.61,21.41,25521,2,0,0,31.59
2021554,55.0,55.0,54.1,56.0,1,0,21.42,21.43,26021,2,0,0,31.59
2022060,55.0,55.0,54.1,56.0,1,0,21.42,21.45,26521,2,0,0,31.59
2022566,55.0,55.0,54.1,56.0,1,0,21.42,21.45,27021,2,0,0,31.59
2023072,55.0,55.0,54.1,56.0,1,0,21.42,21.45,27521,2,0,0,31.59
2023578,55.1,55.0,54.1,56.0,1,0,21.18,21.45,28021,2,0,0,31.61
2024084,55.1,55.0,54.1,56.0,1,0,21.18,21.49,28521,2,0,0,31.61
2024590,55.14,55.0,54.1,56.0,1,0,21.1,21.49,29021,2,0,0,31.58
2025096,55.16,55.0,54.1,56.0,1,0,20.86,21.47,29521,2,0,0,31.58
2025602,55.2,55.0,54.1,56.0,1,0,20.81,21.48,30021,2,0,0,31.61
2026108,55.2,55.0,54.1,56.0,1,0,20.81,21.52,30527,2,0,0,31.61
2026614,55.2,55.0,54.1,56.0,1,0,20.81,21.52,31529,2,0,0,31.61
2027120,55.3,55.0,54.1,56.0,1,0,20.34,21.53,32029,2,0,0,31.59
2027626,55.3,55.0,54.1,56.0,1,0,20.6,21.53,32529,2,0,0,31.59
2028132,55.3,55.0,54.1,56.0,1,0,20.6,21.53,33029,2,0,0,31.59
2028638,55.3,55.0,54.1,56.0,1,0,20.49,21.55,33529,2,0,0,31.61
2029144,55.37,55.0,54.1,56.0,1,0,20.32,21.56,34029,2,0,0,31.59
2029659,55.37,55.0,54.1,56.0,1,0,20.34,21.56,34529,2,0,0,31.59
2030166,55.37,55.0,54.1,56.0,1,0,20.34,21.56,35029,2,0,0,31.59
2030672,55.43,55.0,54.1,56.0,1,0,20.17,21.57,35529,2,0,0,31.59
2031178,55.43,55.0,54.1,56.0,1,0,20.17,21.57,36029,2,0,0,31.59
2031684,55.54,55.0,54.1,56.0,1,0,20.02,21.57,36529,2,0,0,31.61
2032190,55.54,55.0,54.1,56.0,1,0,20.02,21.62,37029,2,1,0,31.61
2032696,55.46,55.0,54.1,56.0,1,0,20.04,21.57,37529,2,1,0,31.58
2033216,55.5,55.0,54.1,56.0,1,0,19.82,21.57,38029,2,1,0,31.59
2033723,55.5,55.0,54.1,56.0,1,0,19.82,21.59,38529,2,1,0,31.59
2034229,55.54,55.0,54.1,56.0,1,0,19.78,21.62,39030,2,1,0,31.61
2034735,55.54,55.0,54.1,56.0,1,0,19.78,21.62,39530,2,1,0,31.61
2035241,55.53,55.0,54.1,56.0,0,0,19.67,21.61,0,2,1,0,31.61
2035747,55.59,55.0,54.1,56.0,0,0,19.48,21.62,500,2,1,0,31.59
2036253,55.61,55.0,54.1,56.0,0,0,19.52,21.65,1000,2,1,0,31.62
2036759,55.56,55.0,54.1,56.0,0,0,19.37,21.65,1500,2,1,0,31.62
2037265,55.56,55.0,54.1,56.0,0,0,19.37,21.64,2000,2,1,0,31.62
2037771,55.57,55.0,54.1,56.0,0,0,19.31,21.62,2500,2,1,0,31.61
2038277,55.55,55.0,54.1,56.0,0,0,19.2,21.62,3000,2,1,0,31.61
2038783,55.55,55.0,54.1,56.0,0,0,19.2,21.62,3500,2,1,0,31.61
2039289,55.64,55.0,54.1,56.0,0,0,19.37,21.63,4000,2,1,0,31.59
2039795,55.64,55.0,54.1,56.0,0,0,19.13,21.62,4500,2,1,0,31.58
2040301,55.58,55.0,54.1,56.0,0,0,18.4,21.62,5000,2,1,0,31.59
2040807,55.58,55.0,54.1,56.0,0,0,18.4,21.62,5500,2,1,0,31.59
2041313,55.6,55.0,54.1,56.0,0,0,19.13,21.64,6000,2,1,0,31.61
2041819,55.62,55.0,54.1,56.0,0,0,19.13,21.63,6500,2,1,0,31.59
2042325,55.62,55.0,54.1,56.0,0,0,19.13,21.63,7000,2,1,0,31.59
2042831,55.57,55.0,54.1,56.0,0,0,19.18,21.61,7500,2,1,0,31.59
2043337,55.55,55.0,54.1,56.0,0,0,19.18,21.61,8000,2,1,0,31.59
2043843,55.55,55.0,54.1,56.0,0,0,19.18,21.61,8500,2,1,0,31.59
2044349,55.55,55.0,54.1,56.0,0,0,19.18,21.61,9000,2,1,0,31.59
2044855,55.52,55.0,54.1,56.0,0,0,19.37,21.61,9500,2,1,0,31.61
2045361,55.52,55.0,54.1,56.0,0,0,19.37,21.61,10000,2,1,0,31.61
2045867,55.49,55.0,54.1,56.0,0,0,19.31,21.61,10500,2,1,0,31.61
2046373,55.49,55.0,54.1,56.0,0,0,19.31,21.6,11000,2,1,0,31.61
2046879,55.48,55.0,54.1,56.0,0,0,18.98,21.6,11500,2,1,0,31.61
2047385,55.48,55.0,54.1,56.0,0,0,18.98,21.6,12000,2,1,0,31.61
2047891,55.48,55.0,54.1,56.0,0,0,18.98,21.6,12500,2,1,0,31.61
2048397,55.46,55.0,54.1,56.0,0,0,19.65,21.57,13000,2,1,0,31.58
2048903,55.49,55.0,54.1,56.0,0,0,19.72,21.57,13500,2,1,0,31.59
2049409,55.49,55.0,54.1,56.0,0,0,19.72,21.59,14000,2,1,0,31.59
2049915,55.4,55.0,54.1,56.0,0,0,19.63,21.59,14500,2,1,0,31.59
2050421,55.4,55.0,54.1,56.0,0,0,19.63,21.56,15000,2,1,0,31.59
2050928,55.34,55.0,54.1,56.0,0,0,19.76,21.53,15500,2,1,0,31.58
2051434,55.34,55.0,54.1,56.0,0,0,19.76,21.53,16001,2,1,0,31.58
2051940,55.31,55.0,54.1,56.0,0,0,19.91,21.53,16501,2,1,0,31.58
2052446,55.32,55.0,54.1,56.0,0,0,20.08,21.52,17003,2,0,0,31.57
2052952,55.32,55.0,54.1,56.0,0,0,20.08,21.52,17503,2,0,0,31.57
2053458,55.3,55.0,54.1,56.0,0,0,19.61,21.52,18003,2,0,0,31.58
2053964,55.3,55.0,54.1,56.0,0,0,19.61,21.52,18503,2,1,0,31.58
2054470,55.3,55.0,54.1,56.0,0,0,19.61,21.52,19003,2,1,0,31.58
2054976,55.24,55.0,54.1,56.0,0,0,20.06,21.52,19503,2,0,0,31.59
2055482,55.19,55.0,54.1,56.0,1,0,20.15,21.52,0,2,0,0,31.58
2055988,55.16,55.0,54.1,56.0,1,0,20.19,21.49,500,2,0,0,31.59
2056494,55.16,55.0,54.1,56.0,1,0,20.19,21.49,1000,2,0,0,31.59
2057000,55.18,55.0,54.1,56.0,1,0,20.19,21.49,1500,2,0,0,31.59
2057506,55.11,55.0,54.1,56.0,1,0,20.32,21.5,2000,2,0,0,31.59
2058012,55.13,55.0,54.1,56.0,1,0,20.64,21.48,2500,2,0,0,31.59
2058518,55.13,55.0,54.1,56.0,1,0,20.64,21.48,3000,2,0,0,31.59
2059024,55.1,55.0,54.1,56.0,1,0,20.94,21.48,3500,2,0,0,31.61
2059531,55.06,55.0,54.1,56.0,1,0,20.36,21.49,4000,2,0,0,31.61
2060038,55.06,55.0,54.1,56.0,1,0,20.36,21.48,4500,2,0,0,31.61
2060544,55.03,55.0,54.1,56.0,1,0,20.32,21.48,5000,2,0,0,31.59
2061050,55.04,55.0,54.1,56.0,1,0,20.94,21.45,5500,2,0,0,31.58
2061556,55.01,55.0,54.1,56.0,1,0,20.4,21.44,6000,2,0,0,31.58
2062062,55.01,55.0,54.1,56.0,1,0,20.4,21.44,6500,2,0,0,31.58
2062568,54.97,55.0,54.1,56.0,1,0,20.04,21.44,7000,2,0,0,31.58
2063074,54.97,55.0,54.1,56.0,1,0,20.04,21.42,7500,2,0,0,31.58
2063580,54.97,55.0,54.1,56.0,1,0,20.04,21.42,8000,2,0,0,31.58
2064086,54.94,55.0,54.1,56.0,1,0,20.32,21.42,8500,2,0,0,31.59
2064592,54.9,55.0,54.1,56.0,1,0,20.25,21.43,9000,2,0,0,31.59
2065098,54.9,55.0,54.1,56.0,1,0,20.25,21.42,9500,2,0,0,31.59
2065604,54.87,55.0,54.1,56.0,1,0,20.08,21.42,10000,2,0,0,31.58
2066110,54.91,55.0,54.1,56.0,1,0,20.0,21.39,10500,2,0,0,31.58
2066616,54.91,55.0,54.1,56.0,1,0,20.0,21.41,11000,2,0,0,31.58
2067122,54.87,55.0,54.1,56.0,1,0,20.06,21.38,12004,2,0,0,31.57
2067628,54.9,55.0,54.1,56.0,1,0,20.34,21.42,12504,2,0,0,31.59
2068134,54.87,55.0,54.1,56.0,1,0,19.82,21.41,13004,2,1,0,31.59
2068640,54.85,55.0,54.1,56.0,1,0,19.84,21.37,13504,2,1,0,31.57
2069146,54.85,55.0,54.1,56.0,1,0,19.84,21.37,14004,2,1,0,31.57
2069652,54.83,55.0,54.1,56.0,1,0,19.69,21.38,14504,2,1,0,31.58
2070158,54.83,55.0,54.1,56.0,1,0,19.61,21.37,15004,2,1,0,31.57
2070664,54.83,55.0,54.1,56.0,1,0,19.61,21.37,15504,2,1,0,31.57
2071170,54.83,55.0,54.1,56.0,1,0,19.61,21.37,16004,2,1,0,31.57
2071676,54.83,55.0,54.1,56.0,1,0,19.61,21.37,16504,2,1,0,31.57
2072182,54.82,55.0,54.1,56.0,1,0,19.41,21.38,17004,2,1,0,31.58
2072688,54.79,55.0,54.1,56.0,1,0,19.33,21.37,17504,2,1,0,31.58
2073194,54.79,55.0,54.1,56.0,1,0,19.33,21.37,18004,2,1,0,31.58
2073700,54.8,55.0,54.1,56.0,1,0,19.37,21.36,18504,2,1,0,31.57
2074206,54.8,55.0,54.1,56.0,1,0,19.37,21.36,19004,2,1,0,31.57
2074712,54.85,55.0,54.1,56.0,1,0,18.83,21.37,19504,2,1,0,31.57
2075218,54.81,55.0,54.1,56.0,1,0,19.09,21.38,20004,2,1,0,31.58
2075724,54.79,55.0,54.1,56.0,1,0,18.88,21.38,20504,2,1,0,31.58
2076230,54.79,55.0,54.1,56.0,1,0,18.88,21.37,21004,2,1,0,31.58
2076736,54.79,55.0,54.1,56.0,1,0,18.88,21.37,21504,2,1,0,31.58
2077242,54.81,55.0,54.1,56.0,1,0,18.92,21.37,22004,2,1,0,31.57
2077748,54.81,55.0,54.1,56.0,1,0,18.92,21.36,22504,2,1,0,31.57
2078254,54.81,55.0,54.1,56.0,1,0,18.92,21.36,23004,2,1,0,31.57
2078760,54.81,55.0,54.1,56.0,1,0,18.92,21.36,23504,2,1,0,31.57
2079266,54.83,55.0,54.1,56.0,1,0,18.92,21.39,24004,2,1,0,31.59
2079772,54.79,55.0,54.1,56.0,1,0,18.64,21.37,24504,2,1,0,31.58
2080278,54.79,55.0,54.1,56.0,1,0,18.64,21.37,25004,2,1,0,31.58
2080784,54.79,55.0,54.1,56.0,1,0,18.1,21.38,25504,2,1,0,31.59
2081290,54.8,55.0,54.1,56.0,1,0,18.88,21.37,26004,2,1,0,31.58
2081796,54.8,55.0,54.1,56.0,1,0,18.88,21.37,26504,2,1,0,31.58
2082302,54.75,55.0,54.1,56.0,1,0,18.42,21.36,27004,2,1,0,31.58
2082808,54.72,55.0,54.1,56.0,1,0,18.57,21.36,27504,2,1,0,31.58
2083314,54.72,55.0,54.1,56.0,1,0,18.57,21.35,28004,2,1,0,31.58
2083820,54.72,55.0,54.1,56.0,1,0,18.57,21.35,28505,2,1,0,31.58
2084326,54.72,55.0,54.1,56.0,1,0,18.57,21.35,29005,2,1,0,31.58
2084832,54.73,55.0,54.1,56.0,1,0,18.06,21.35,29505,2,1,0,31.58
2085338,54.73,55.0,54.1,56.0,1,0,18.06,21.35,30005,2,1,0,31.58
2085844,54.69,55.0,54.1,56.0,1,0,18.25,21.31,30505,2,1,0,31.55
2086350,54.71,55.0,54.1,56.0,1,0,17.97,21.31,31005,2,1,0,31.59
2086856,54.69,55.0,54.1,56.0,1,0,17.82,21.36,31505,2,1,0,31.59
2087362,54.69,55.0,54.1,56.0,1,0,17.82,21.35,32005,2,1,0,31.59
2087868,54.63,55.0,54.1,56.0,1,0,17.88,21.35,32505,2,1,0,31.57
2088374,54.63,55.0,54.1,56.0,1,0,17.88,21.31,33005,2,1,0,31.57
2088880,54.64,55.0,54.1,56.0,1,0,17.65,21.32,33505,2,1,0,31.58
2089386,54.64,55.0,54.1,56.0,1,0,17.65,21.32,34005,2,1,0,31.58
2089892,54.56,55.0,54.1,56.0,1,0,17.52,21.32,34505,2,1,0,31.59
2090398,54.56,55.0,54.1,56.0,1,0,17.52,21.31,35005,2,1,0,31.59
2090904,54.56,55.0,54.1,56.0,1,0,17.41,21.29,35515,2,1,0,31.57
2091410,54.52,55.0,54.1,56.0,1,0,17.2,21.29,36015,2,1,0,31.57
2091925,54.48,55.0,54.1,56.0,1,0,17.56,21.28,36515,2,1,0,31.59
2092432,54.48,55.0,54.1,56.0,1,0,17.56,21.29,37015,2,1,0,31.59
2092938,54.45,55.0,54.1,56.0,1,0,17.28,21.29,37515,2,1,0,31.58
2093444,54.45,55.0,54.1,56.0,1,0,17.28,21.27,38015,2,1,0,31.58
2093950,54.43,55.0,54.1,56.0,1,0,17.22,21.23,38515,2,1,0,31.55
2094456,54.39,55.0,54.1,56.0,1,0,17.13,21.23,39015,2,1,0,31.57
2094962,54.39,55.0,54.1,56.0,1,0,17.13,21.24,39515,2,1,0,31.57
2095468,54.39,55.0,54.1,56.0,0,0,17.13,21.24,0,2,1,0,31.57
2095975,54.33,55.0,54.1,56.0,0,0,16.89,21.22,500,2,1,0,31.57
2096481,54.33,55.0,54.1,56.0,0,0,16.89,21.22,1000,2,1,0,31.57
2096987,54.33,55.0,54.1,56.0,0,0,16.89,21.22,1500,2,1,0,31.57
2097493,54.24,55.0,54.1,56.0,0,0,16.92,21.22,2000,2,1,0,31.55
2097999,54.24,55.0,54.1,56.0,0,0,16.92,21.18,2500,2,1,0,31.55
2098505,54.21,55.0,54.1,56.0,0,0,16.83,21.18,3000,2,1,0,31.57
2099011,54.14,55.0,54.1,56.0,0,0,16.83,21.18,3500,2,1,0,31.57
2099518,54.08,55.0,54.1,56.0,0,0,16.87,21.16,4000,2,1,0,31.57
2100025,54.08,55.0,54.1,56.0,0,0,16.87,21.15,4500,2,1,0,31.57
2100531,54.1,55.0,54.1,56.0,0,0,16.79,21.15,5000,2,1,0,31.57
2101037,54.1,55.0,54.1,56.0,0,0,16.79,21.15,5500,2,1,0,31.57
2101543,54.03,55.0,54.1,56.0,0,0,16.66,21.14,6000,2,1,0,31.58
2102049,54.03,55.0,54.1,56.0,0,0,16.66,21.14,6500,2,1,0,31.58
2102555,53.93,55.0,54.1,56.0,0,0,17.02,21.14,7000,2,1,0,31.53
2103063,53.93,55.0,54.1,56.0,0,0,17.02,21.07,7500,2,1,0,31.53
2103569,53.94,55.0,54.1,56.0,0,0,16.87,21.07,8000,2,1,0,31.57
2104075,53.89,55.0,54.1,56.0,0,0,16.87,21.1,8500,2,1,0,31.57
2104581,53.89,55.0,54.1,56.0,0,0,16.87,21.09,9000,2,1,0,31.57
2105087,53.89,55.0,54.1,56.0,0,0,16.87,21.09,9500,2,1,0,31.57
2105593,53.77,55.0,54.1,56.0,0,0,17.07,21.09,10000,2,1,0,31.58
2106099,53.74,55.0,54.1,56.0,0,0,17.28,21.06,10500,2,1,0,31.57
2106605,53.74,55.0,54.1,56.0,0,0,17.28,21.04,11000,2,1,0,31.57
2107111,53.69,55.0,54.1,56.0,0,0,17.24,21.04,11500,2,1,0,31.57
2107617,53.66,55.0,54.1,56.0,0,0,17.84,21.03,12000,2,1,0,31.57
2108123,53.66,55.0,54.1,56.0,0,0,17.84,21.02,12500,2,1,0,31.57
2108629,53.56,55.0,54.1,56.0,0,0,17.39,21.02,13000,2,1,0,31.57
2109135,53.57,55.0,54.1,56.0,0,0,17.5,21.0,14002,2,1,0,31.58
2109641,53.57,55.0,54.1,56.0,0,0,17.5,21.0,14502,2,1,0,31.58
2110147,53.48,55.0,54.1,56.0,0,0,17.5,20.95,15002,2,1,0,31.55
2110653,53.48,55.0,54.1,56.0,0,0,17.5,20.95,15502,2,1,0,31.55
2111161,53.48,55.0,54.1,56.0,0,0,17.5,20.95,16002,2,1,0,31.55
2111668,53.43,55.0,54.1,56.0,0,0,17.69,20.95,16502,2,1,0,31.57
2112174,53.38,55.0,54.1,56.0,0,0,17.88,20.95,17002,2,1,0,31.55
2112680,53.38,55.0,54.1,56.0,0,0,17.88,20.92,17502,2,1,0,31.55
2113186,53.36,55.0,54.1,56.0,0,0,17.97,20.93,18002,2,1,0,31.57
2113692,53.36,55.0,54.1,56.0,0,0,17.97,20.93,18502,2,1,0,31.57
2114198,53.27,55.0,54.1,56.0,0,0,17.99,20.9,19002,2,1,0,31.57
2114704,53.27,55.0,54.1,56.0,0,0,17.99,20.9,19502,2,1,0,31.57
2115210,53.2,55.0,54.1,56.0,0,0,18.08,20.86,20002,2,1,0,31.55
2115716,53.2,55.0,54.1,56.0,0,0,18.08,20.86,20502,2,1,0,31.55
2116222,53.18,55.0,54.1,56.0,0,0,18.29,20.84,21002,2,1,0,31.53
2116728,53.18,55.0,54.1,56.0,0,0,18.29,20.84,21502,2,1,0,31.53
2117234,53.1,55.0,54.1,56.0,0,0,18.34,20.85,22002,2,1,0,31.57
2117740,53.06,55.0,54.1,56.0,0,0,18.29,20.83,22502,2,1,0,31.57
2118246,53.06,55.0,54.1,56.0,0,0,18.29,20.83,23002,2,1,0,31.57
2118752,53.06,55.0,54.1,56.0,0,0,18.29,20.83,23502,2,1,0,31.57
2119259,53.01,55.0,54.1,56.0,0,0,18.6,20.79,24002,2,1,0,31.53
2119765,53.01,55.0,54.1,56.0,0,0,18.6,20.79,24502,2,1,0,31.53
2120271,52.94,55.0,54.1,56.0,0,0,18.85,20.77,25002,2,1,0,31.53
2120777,52.99,55.0,54.1,56.0,0,0,18.83,20.81,25502,2,1,0,31.57
2121283,52.91,55.0,54.1,56.0,0,0,18.81,20.8,26006,2,1,0,31.58
2121789,52.91,55.0,54.1,56.0,0,0,18.81,20.8,26506,2,1,0,31.58
2122295,52.89,55.0,54.1,56.0,0,0,18.66,20.78,27006,2,1,0,31.57
2122805,52.89,55.0,54.1,56.0,0,0,18.66,20.78,27506,2,1,0,31.57
2123311,52.89,55.0,54.1,56.0,0,0,18.66,20.78,28006,2,1,0,31.57
2123817,52.8,55.0,54.1,56.0,0,0,19.18,20.74,28506,2,1,0,31.55
2124323,52.83,55.0,54.1,56.0,0,0,19.2,20.76,29006,2,1,0,31.57
2124829,52.79,55.0,54.1,56.0,0,0,19.35,20.76,29506,2,1,0,31.57
2125335,52.79,55.0,54.1,56.0,0,0,19.35,20.75,30006,2,0,0,31.57
2125841,52.79,55.0,54.1,56.0,0,0,19.35,20.75,30506,2,0,0,31.57
2126347,52.79,55.0,54.1,56.0,0,0,19.35,20.75,31006,2,0,0,31.57
2126853,52.79,55.0,54.1,56.0,0,0,19.54,20.75,31506,2,0,0,31.57
2127359,52.79,55.0,54.1,56.0,0,0,19.54,20.75,32006,2,0,0,31.57
2127865,52.76,55.0,54.1,56.0,0,0,19.44,20.74,32506,2,0,0,31.57
2128371,52.76,55.0,54.1,56.0,0,0,19.44,20.74,33006,2,0,0,31.57
2128877,52.69,55.0,54.1,56.0,0,0,19.59,20.72,33506,2,0,0,31.57
2129383,52.68,55.0,54.1,56.0,0,0,19.72,20.72,34006,2,0,0,31.58
2129901,52.73,55.0,54.1,56.0,0,0,20.0,20.73,34506,2,0,0,31.57
2130408,52.73,55.0,54.1,56.0,0,0,20.0,20.73,35006,2,0,0,31.57
2130914,52.73,55.0,54.1,56.0,0,0,20.0,20.73,35506,2,0,0,31.57
2131420,52.69,55.0,54.1,56.0,0,0,20.06,20.73,36006,2,0,0,31.57
2131926,52.64,55.0,54.1,56.0,0,0,20.1,20.72,36506,2,0,0,31.57
2132432,52.64,55.0,54.1,56.0,0,0,20.1,20.71,37006,2,0,0,31.57
2132938,52.64,55.0,54.1,56.0,0,0,20.12,20.71,37506,2,0,0,31.57
2133444,52.68,55.0,54.1,56.0,0,0,20.15,20.71,38006,2,0,0,31.57
2133950,52.68,55.0,54.1,56.0,0,0,20.15,20.72,38506,2,0,0,31.57
2134456,52.69,55.0,54.1,56.0,0,0,20.32,20.72,39007,2,0,0,31.55
2134962,52.69,55.0,54.1,56.0,0,0,20.32,20.7,39508,2,0,0,31.55
2135468,52.65,55.0,54.1,56.0,0,0,20.49,20.7,40008,2,0,0,31.58
2135974,52.65,55.0,54.1,56.0,0,0,20.49,20.72,40508,2,0,0,31.58
2136480,52.68,55.0,54.1,56.0,0,0,20.56,20.7,41008,2,0,0,31.55
2136986,52.62,55.0,54.1,56.0,0,0,20.51,20.7,41508,2,0,0,31.55
2137492,52.62,55.0,54.1,56.0,0,0,20.51,20.68,42008,2,0,0,31.55
2137998,52.69,55.0,54.1,56.0,0,0,20.84,20.68,42508,2,0,0,31.55
2138504,52.69,55.0,54.1,56.0,0,0,20.84,20.7,43008,2,0,0,31.55
2139010,52.69,55.0,54.1,56.0,0,0,20.84,20.7,43508,2,0,0,31.55
2139516,52.69,55.0,54.1,56.0,0,0,20.84,20.7,44008,2,0,0,31.55
2140022,52.72,55.0,54.1,56.0,0,0,20.77,20.7,44508,2,0,0,31.55
2140528,52.72,55.0,54.1,56.0,0,0,20.77,20.71,45008,2,0,0,31.55
2141034,52.69,55.0,54.1,56.0,0,0,20.94,20.72,45508,2,0,0,31.57
2141540,52.72,55.0,54.1,56.0,0,0,21.03,20.72,46008,2,0,0,31.55
2142046,52.73,55.0,54.1,56.0,0,0,21.07,20.71,46508,2,0,0,31.53
2142552,52.73,55.0,54.1,56.0,0,0,21.07,20.7,47008,2,0,0,31.53
2143058,52.73,55.0,54.1,56.0,0,0,21.07,20.7,47508,2,0,0,31.53
2143564,52.69,55.0,54.1,56.0,0,0,21.14,20.72,48008,2,0,0,31.57
2144070,52.74,55.0,54.1,56.0,0,0,21.14,20.72,48508,2,0,0,31.58
2144576,52.74,55.0,54.1,56.0,0,0,21.14,20.75,49008,2,0,0,31.58
2145082,52.77,55.0,54.1,56.0,0,0,21.16,20.75,49508,2,0,0,31.53
2145603,52.75,55.0,54.1,56.0,0,0,21.38,20.72,50008,2,0,0,31.55
2146110,52.75,55.0,54.1,56.0,0,0,21.38,20.72,50508,2,0,0,31.55
2146616,52.76,55.0,54.1,56.0,0,0,20.86,20.72,51008,2,0,0,31.57
2147122,52.81,55.0,54.1,56.0,0,0,21.44,20.74,51508,2,0,0,31.53
2147628,52.8,55.0,54.1,56.0,0,0,21.57,20.73,52008,2,0,0,31.57
2148134,52.81,55.0,54.1,56.0,0,0,22.11,20.76,52508,2,0,0,31.57
2148640,52.81,55.0,54.1,56.0,0,0,22.11,20.76,53008,2,0,0,31.57
2149146,52.8,55.0,54.1,56.0,0,0,21.68,20.76,54013,2,0,0,31.57
2149652,52.82,55.0,54.1,56.0,0,0,21.57,20.79,54513,2,0,0,31.59
2150158,52.82,55.0,54.1,56.0,0,0,21.57,20.79,55013,2,0,0,31.59
2150664,52.82,55.0,54.1,56.0,0,0,21.57,20.79,55513,2,0,0,31.59
2151170,52.82,55.0,54.1,56.0,0,0,21.57,20.79,56013,2,0,0,31.59
2151676,52.82,55.0,54.1,56.0,0,0,21.57,20.79,56513,2,0,0,31.59
2152182,52.87,55.0,54.1,56.0,0,0,21.92,20.78,57013,2,0,0,31.57
2152688,52.89,55.0,54.1,56.0,0,0,21.96,20.78,57513,2,0,0,31.57
2153194,52.93,55.0,54.1,56.0,0,0,21.94,20.78,58013,2,0,0,31.55
2153702,52.93,55.0,54.1,56.0,0,0,21.94,20.78,58513,2,0,0,31.55
2154208,52.97,55.0,54.1,56.0,0,0,21.96,20.79,59013,2,0,0,31.55
2154714,52.97,55.0,54.1,56.0,0,0,21.96,20.79,59513,2,0,0,31.55
2155220,52.96,55.0,54.1,56.0,0,0,22.29,20.81,60013,2,0,0,31.57
2155726,52.96,55.0,54.1,56.0,0,0,22.29,20.81,60513,2,0,0,31.57
2156232,52.96,55.0,54.1,56.0,0,0,22.29,20.81,61013,2,0,0,31.57
2156738,52.98,55.0,54.1,56.0,0,0,22.29,20.81,61517,2,0,0,31.57
2157244,52.98,55.0,54.1,56.0,0,0,22.29,20.81,62017,2,0,0,31.57
2157750,53.02,55.0,54.1,56.0,0,0,22.42,20.81,62517,2,0,0,31.57
2158256,53.02,55.0,54.1,56.0,0,0,22.42,20.82,63017,2,0,0,31.57
2158762,53.04,55.0,54.1,56.0,0,0,22.42,20.84,63517,2,0,0,31.58
2159268,53.08,55.0,54.1,56.0,0,0,22.09,20.82,64017,2,0,0,31.55
2159774,53.04,55.0,54.1,56.0,0,0,22.5,20.82,64517,2,0,0,31.57
2160280,53.04,55.0,54.1,56.0,0,0,22.5,20.83,65017,2,0,0,31.57
2160786,53.08,55.0,54.1,56.0,0,0,22.68,20.83,65517,2,0,0,31.58
2161300,53.09,55.0,54.1,56.0,0,0,22.5,20.85,66017,2,0,0,31.55
2161807,53.09,55.0,54.1,56.0,0,0,22.5,20.83,66517,2,0,0,31.55
2162313,53.13,55.0,54.1,56.0,0,0,22.7,20.86,67017,2,0,0,31.57
2162819,53.13,55.0,54.1,56.0,0,0,22.7,20.86,67517,2,0,0,31.57
2163325,53.13,55.0,54.1,56.0,0,0,22.7,20.86,68017,2,0,0,31.57
2163831,53.15,55.0,54.1,56.0,0,0,22.59,20.86,68517,2,0,0,31.55
2164337,53.15,55.0,54.1,56.0,0,0,22.59,20.85,69017,2,0,0,31.55
2164843,53.18,55.0,54.1,56.0,0,0,22.11,20.87,69517,2,0,0,31.57
2165349,53.23,55.0,54.1,56.0,0,0,22.78,20.87,70017,2,0,0,31.55
2165855,53.23,55.0,54.1,56.0,0,0,22.78,20.87,70517,2,0,0,31.55
2166361,53.27,55.0,54.1,56.0,0,0,22.98,20.87,71017,2,0,0,31.55
2166867,53.27,55.0,54.1,56.0,0,0,22.98,20.88,71517,2,0,0,31.55
2167373,53.27,55.0,54.1,56.0,0,0,22.98,20.88,72017,2,0,0,31.55
2167879,53.29,55.0,54.1,56.0,0,0,23.11,20.88,72517,2,0,0,31.55
2168385,53.29,55.0,54.1,56.0,0,0,23.11,20.89,73017,2,0,0,31.55
2168891,53.28,55.0,54.1,56.0,0,0,23.02,20.89,73517,2,0,0,31.57
2169397,53.28,55.0,54.1,56.0,0,0,23.02,20.9,74017,2,0,0,31.57
2169903,53.31,55.0,54.1,56.0,0,0,23.15,20.9,74517,2,0,0,31.55
2170409,53.31,55.0,54.1,56.0,0,0,23.15,20.9,75017,2,0,0,31.55
2170915,53.4,55.0,54.1,56.0,0,0,23.35,20.9,75517,2,0,0,31.58
2171421,53.38,55.0,54.1,56.0,0,0,23.28,20.95,76017,2,0,0,31.57
2171927,53.38,55.0,54.1,56.0,0,0,23.28,20.93,76517,2,0,0,31.57
2172433,53.44,55.0,54.1,56.0,0,0,23.24,20.95,77023,2,0,0,31.57
2172939,53.42,55.0,54.1,56.0,0,0,23.44,20.95,77523,2,0,0,31.53
2173445,53.42,55.0,54.1,56.0,0,0,23.44,20.92,78023,2,0,0,31.53
2173951,53.45,55.0,54.1,56.0,0,0,23.44,20.94,78523,2,0,0,31.55
2174457,53.44,55.0,54.1,56.0,0,0,23.35,20.94,79023,2,0,0,31.57
2174963,53.44,55.0,54.1,56.0,0,0,23.35,20.95,79523,2,0,0,31.57
2175469,53.5,55.0,54.1,56.0,0,0,23.42,20.95,80023,2,0,0,31.55
2175975,53.54,55.0,54.1,56.0,0,0,23.44,20.95,80523,2,0,0,31.55
2176481,53.53,55.0,54.1,56.0,0,0,23.52,20.96,81023,2,0,0,31.57
2176987,53.58,55.0,54.1,56.0,0,0,23.85,20.98,81523,2,0,0,31.57
2177493,53.58,55.0,54.1,56.0,0,0,23.85,20.99,82023,2,0,0,31.57
2177999,53.58,55.0,54.1,56.0,0,0,23.68,20.99,82523,2,0,0,31.58
2178505,53.58,55.0,54.1,56.0,0,0,23.68,21.01,83023,2,0,0,31.58
2179011,53.63,55.0,54.1,56.0,0,0,23.76,21.01,83523,2,0,0,31.55
2179517,53.63,55.0,54.1,56.0,0,0,23.76,20.99,84023,2,0,0,31.55
2180023,53.63,55.0,54.1,56.0,0,0,23.76,20.99,84523,2,0,0,31.55
2180529,53.64,55.0,54.1,56.0,0,0,23.7,20.99,85023,2,0,0,31.57
2181035,53.64,55.0,54.1,56.0,0,0,23.7,21.01,85523,2,0,0,31.57
2181541,53.68,55.0,54.1,56.0,0,0,23.81,21.01,86023,2,0,0,31.57
2182047,53.68,55.0,54.1,56.0,0,0,23.81,21.02,86523,2,0,0,31.57
2182553,53.71,55.0,54.1,56.0,0,0,24.0,21.03,87023,2,0,0,31.57
2183059,53.71,55.0,54.1,56.0,0,0,24.0,21.03,87523,2,0,0,31.57
2183565,53.71,55.0,54.1,56.0,0,0,24.0,21.03,88023,2,0,0,31.57
2184071,53.74,55.0,54.1,56.0,0,0,23.89,21.03,88523,2,0,0,31.55
2184577,53.79,55.0,54.1,56.0,0,0,24.07,21.03,89023,2,0,0,31.57
2185097,53.82,55.0,54.1,56.0,0,0,24.2,21.06,89523,2,0,0,31.55
2185604,53.82,55.0,54.1,56.0,0,0,24.2,21.05,90023,2,0,0,31.55
2186110,53.81,55.0,54.1,56.0,0,0,24.14,21.05,90523,2,0,0,31.59
2186616,53.81,55.0,54.1,56.0,0,0,24.14,21.09,91023,2,0,0,31.59
2187122,53.81,55.0,54.1,56.0,0,0,24.14,21.09,91523,2,0,0,31.59
2187628,53.81,55.0,54.1,56.0,0,0,24.14,21.09,92023,2,0,0,31.59
2188134,53.89,55.0,54.1,56.0,0,0,24.53,21.09,92523,2,0,0,31.58
2188640,53.9,55.0,54.1,56.0,0,0,24.22,21.1,93023,2,0,0,31.58
2189147,53.88,55.0,54.1,56.0,0,0,24.33,21.1,93523,2,0,0,31.57
2189654,53.88,55.0,54.1,56.0,0,0,24.33,21.09,94025,2,0,0,31.57
2190160,53.91,55.0,54.1,56.0,0,0,24.44,21.11,95027,2,0,0,31.58
2190666,53.91,55.0,54.1,56.0,0,0,24.44,21.11,95527,2,0,0,31.58
2191172,53.94,55.0,54.1,56.0,0,0,24.44,21.1,96027,2,0,0,31.57
2191678,54.0,55.0,54.1,56.0,0,0,24.38,21.12,96527,2,0,0,31.57
2192184,54.0,55.0,54.1,56.0,0,0,24.38,21.12,97027,2,0,0,31.57
2192690,54.06,55.0,54.1,56.0,0,0,24.49,21.16,97527,2,0,0,31.59
2193196,54.06,55.0,54.1,56.0,0,0,24.49,21.16,98027,2,0,0,31.59
2193702,54.06,55.0,54.1,56.0,0,0,24.49,21.16,98527,2,0,0,31.59
2194208,54.07,55.0,54.1,56.0,0,0,24.42,21.12,99027,2,0,0,31.55
2194714,54.07,55.0,54.1,56.0,0,0,24.42,21.12,99527,2,0,0,31.55
2195220,54.07,55.0,54.1,56.0,0,0,24.42,21.12,100027,2,0,0,31.55
2195726,54.07,55.0,54.1,56.0,0,0,24.86,21.16,100527,2,0,0,31.58
2196236,54.11,55.0,54.1,56.0,0,0,24.7,21.16,101027,2,0,0,31.57
2196743,54.11,55.0,54.1,56.0,1,0,24.7,21.15,0,2,0,0,31.57
2197249,54.15,55.0,54.1,56.0,1,0,24.86,21.18,500,2,0,0,31.58
2197755,54.15,55.0,54.1,56.0,1,0,24.86,21.18,1000,2,0,0,31.58
2198261,54.17,55.0,54.1,56.0,1,0,24.79,21.17,1500,2,0,0,31.57
2198767,54.15,55.0,54.1,56.0,1,0,24.7,21.17,2000,2,0,0,31.58
2199273,54.15,55.0,54.1,56.0,1,0,24.7,21.18,2500,2,0,0,31.58
2199779,54.18,55.0,54.1,56.0,1,0,24.73,21.19,3000,2,0,0,31.58
2200285,54.23,55.0,54.1,56.0,1,0,24.7,21.19,3500,2,0,0,31.57
2200791,54.23,55.0,54.1,56.0,1,0,24.7,21.19,4000,2,0,0,31.57
2201297,54.26,55.0,54.1,56.0,1,0,24.64,21.2,4500,2,0,0,31.57
2201803,54.26,55.0,54.1,56.0,1,0,24.6,21.2,5000,2,0,0,31.59
2202309,54.26,55.0,54.1,56.0,1,0,24.6,21.22,5500,2,0,0,31.59
2202815,54.26,55.0,54.1,56.0,1,0,24.6,21.22,6000,2,0,0,31.59
2203321,54.28,55.0,54.1,56.0,1,0,24.4,21.21,6500,2,0,0,31.57
2203827,54.28,55.0,54.1,56.0,1,0,24.4,21.21,7000,2,0,0,31.57
2204333,54.28,55.0,54.1,56.0,1,0,24.4,21.21,7500,2,0,0,31.57
2204839,54.34,55.0,54.1,56.0,1,0,24.6,21.21,8000,2,0,0,31.57
2205345,54.34,55.0,54.1,56.0,1,0,24.6,21.22,8500,2,0,0,31.57
2205851,54.37,55.0,54.1,56.0,1,0,24.27,21.23,9000,2,0,0,31.57
2206357,54.37,55.0,54.1,56.0,1,0,24.27,21.23,9500,2,0,0,31.57
2206863,54.4,55.0,54.1,56.0,1,0,24.09,21.25,10000,2,0,0,31.58
2207369,54.38,55.0,54.1,56.0,1,0,24.0,21.25,10500,2,0,0,31.55
2207875,54.4,55.0,54.1,56.0,1,0,23.92,21.22,11000,2,0,0,31.58
2208385,54.45,55.0,54.1,56.0,1,0,23.87,21.25,11500,2,0,0,31.57
2208892,54.45,55.0,54.1,56.0,1,0,23.87,21.25,12000,2,0,0,31.57
2209398,54.41,55.0,54.1,56.0,1,0,23.76,21.26,12500,2,0,0,31.58
2209904,54.42,55.0,54.1,56.0,1,0,23.46,21.26,13000,2,0,0,31.55
2210410,54.46,55.0,54.1,56.0,1,0,23.5,21.23,13500,2,0,0,31.57
2210916,54.46,55.0,54.1,56.0,1,0,23.5,21.26,14000,2,0,0,31.57
2211422,54.5,55.0,54.1,56.0,1,0,23.28,21.27,14500,2,0,0,31.57
2211928,54.5,55.0,54.1,56.0,1,0,23.28,21.27,15000,2,0,0,31.57
2212434,54.55,55.0,54.1,56.0,1,0,23.28,21.27,15500,2,0,0,31.58
2212940,54.55,55.0,54.1,56.0,1,0,23.28,21.3,16000,2,0,0,31.58
2213446,54.55,55.0,54.1,56.0,1,0,23.28,21.3,16500,2,0,0,31.58
2213952,54.5,55.0,54.1,56.0,1,0,23.22,21.26,17000,2,0,0,31.55
2214458,54.57,55.0,54.1,56.0,1,0,23.44,21.26,17500,2,0,0,31.53
2214964,54.57,55.0,54.1,56.0,1,0,23.44,21.26,18000,2,0,0,31.53
2215470,54.58,55.0,54.1,56.0,1,0,22.5,21.28,18500,2,0,0,31.55
2215976,54.58,55.0,54.1,56.0,1,0,22.5,21.28,19000,2,0,0,31.55
2216482,54.65,55.0,54.1,56.0,1,0,22.65,21.31,19500,2,0,0,31.57
2216988,54.65,55.0,54.1,56.0,1,0,22.57,21.31,20000,2,0,0,31.58
2217494,54.65,55.0,54.1,56.0,1,0,22.57,21.33,20500,2,0,0,31.58
2218000,54.65,55.0,54.1,56.0,1,0,22.57,21.33,21000,2,0,0,31.58
2218506,54.65,55.0,54.1,56.0,1,0,22.57,21.33,21500,2,0,0,31.58
2219012,54.65,55.0,54.1,56.0,1,0,22.57,21.33,22000,2,0,0,31.58
2219518,54.76,55.0,54.1,56.0,1,0,22.46,21.33,22500,2,0,0,31.57
2220024,54.79,55.0,54.1,56.0,1,0,22.0,21.35,23000,2,0,0,31.59
2220530,54.79,55.0,54.1,56.0,1,0,22.0,21.38,23500,2,0,0,31.59
2221036,54.82,55.0,54.1,56.0,1,0,22.16,21.37,24000,2,0,0,31.57
2221542,54.82,55.0,54.1,56.0,1,0,22.16,21.37,24500,2,0,0,31.57
2222048,54.9,55.0,54.1,56.0,1,0,21.9,21.39,25000,2,0,0,31.57
2222554,54.9,55.0,54.1,56.0,1,0,21.9,21.39,25500,2,0,0,31.57
2223060,54.96,55.0,54.1,56.0,1,0,21.59,21.39,26000,2,0,0,31.55
2223566,54.96,55.0,54.1,56.0,1,0,21.59,21.39,26500,2,0,0,31.55
2224073,54.96,55.0,54.1,56.0,1,0,21.59,21.39,27003,2,0,0,31.55
2224579,55.02,55.0,54.1,56.0,1,0,21.51,21.43,27504,2,0,0,31.57
2225085,55.1,55.0,54.1,56.0,1,0,20.9,21.43,28004,2,0,0,31.57
2225591,55.1,55.0,54.1,56.0,1,0,20.9,21.45,28504,2,0,0,31.57
2226097,55.16,55.0,54.1,56.0,1,0,21.35,21.47,29004,2,0,0,31.57
2226603,55.16,55.0,54.1,56.0,1,0,21.35,21.47,29504,2,0,0,31.57
2227109,55.22,55.0,54.1,56.0,1,0,21.12,21.47,30004,2,0,0,31.57
2227615,55.22,55.0,54.1,56.0,1,0,21.12,21.49,30504,2,0,0,31.57
2228121,55.26,55.0,54.1,56.0,1,0,20.92,21.49,31004,2,0,0,31.57
2228627,55.26,55.0,54.1,56.0,1,0,20.92,21.5,31504,2,0,0,31.57
2229133,55.33,55.0,54.1,56.0,1,0,20.69,21.5,32004,2,0,0,31.57
2229639,55.32,55.0,54.1,56.0,1,0,20.62,21.52,32504,2,0,0,31.57
2230145,55.32,55.0,54.1,56.0,1,0,20.62,21.52,33004,2,0,0,31.57
2230651,55.35,55.0,54.1,56.0,1,0,20.64,21.52,33504,2,0,0,31.57
2231157,55.35,55.0,54.1,56.0,1,0,20.64,21.52,34004,2,0,0,31.57
2231663,55.43,55.0,54.1,56.0,1,0,20.43,21.52,34504,2,0,0,31.57
2232169,55.43,55.0,54.1,56.0,1,0,20.43,21.55,35509,2,0,0,31.57
2232675,55.43,55.0,54.1,56.0,1,0,20.43,21.55,36009,2,0,0,31.57
2233181,55.43,55.0,54.1,56.0,1,0,20.43,21.55,36509,2,0,0,31.57
2233687,55.43,55.0,54.1,56.0,1,0,20.43,21.55,37009,2,0,0,31.57
2234193,55.55,55.0,54.1,56.0,1,0,20.06,21.58,37509,2,1,0,31.57
2234699,55.57,55.0,54.1,56.0,1,0,19.91,21.6,38021,2,1,0,31.58
2235205,55.57,55.0,54.1,56.0,1,0,19.91,21.6,38521,2,1,0,31.58
2235711,55.57,55.0,54.1,56.0,1,0,19.91,21.59,39021,2,1,0,31.57
2236217,55.57,55.0,54.1,56.0,1,0,19.91,21.59,39521,2,1,0,31.57
2236723,55.64,55.0,54.1,56.0,0,0,19.76,21.61,0,2,1,0,31.57
2237229,55.62,55.0,54.1,56.0,0,0,19.76,21.59,500,2,1,0,31.55
2237735,55.58,55.0,54.1,56.0,0,0,19.8,21.57,1000,2,1,0,31.55
2238241,55.64,55.0,54.1,56.0,0,0,19.54,21.61,1500,2,1,0,31.57
2238747,55.64,55.0,54.1,56.0,0,0,19.54,21.61,2000,2,1,0,31.57
2239253,55.66,55.0,54.1,56.0,0,0,19.39,21.61,2500,2,1,0,31.55
2239759,55.66,55.0,54.1,56.0,0,0,19.39,21.6,3000,2,1,0,31.55
2240265,55.7,55.0,54.1,56.0,0,0,19.44,21.63,3500,2,1,0,31.57
2240771,55.68,55.0,54.1,56.0,0,0,19.37,21.62,4000,2,1,0,31.57
2241277,55.68,55.0,54.1,56.0,0,0,19.37,21.62,4500,2,1,0,31.57
2241783,55.68,55.0,54.1,56.0,0,0,19.37,21.62,5000,2,1,0,31.57
2242289,55.75,55.0,54.1,56.0,0,0,19.39,21.64,5500,2,1,0,31.57
2242795,55.75,55.0,54.1,56.0,0,0,19.39,21.64,6000,2,1,0,31.57
2243301,55.71,55.0,54.1,56.0,0,0,20.0,21.64,6501,2,1,0,31.58
2243807,55.71,55.0,54.1,56.0,0,0,19.28,21.64,7001,2,1,0,31.55
2244313,55.71,55.0,54.1,56.0,0,0,19.28,21.61,7501,2,1,0,31.55
2244819,55.71,55.0,54.1,56.0,0,0,19.56,21.61,8001,2,1,0,31.55
2245325,55.71,55.0,54.1,56.0,0,0,19.56,21.61,8501,2,1,0,31.55
2245831,55.75,55.0,54.1,56.0,0,0,19.09,21.62,9001,2,1,0,31.55
2246337,55.75,55.0,54.1,56.0,0,0,19.09,21.62,9501,2,1,0,31.55
2246843,55.75,55.0,54.1,56.0,0,0,19.09,21.62,10001,2,1,0,31.55
2247349,55.63,55.0,54.1,56.0,0,0,19.72,21.62,10501,2,1,0,31.55
2247855,55.63,55.0,54.1,56.0,0,0,19.72,21.59,11001,2,1,0,31.55
2248361,55.63,55.0,54.1,56.0,0,0,19.72,21.59,11501,2,1,0,31.55
2248867,55.67,55.0,54.1,56.0,0,0,19.63,21.6,12001,2,1,0,31.55
2249373,55.67,55.0,54.1,56.0,0,0,18.85,21.6,12501,2,1,0,31.55
2249879,55.67,55.0,54.1,56.0,0,0,18.85,21.6,13001,2,1,0,31.55
2250385,55.67,55.0,54.1,56.0,0,0,18.85,21.6,13501,2,1,0,31.55
2250891,55.63,55.0,54.1,56.0,0,0,19.61,21.59,14001,2,1,0,31.55
2251397,55.63,55.0,54.1,56.0,0,0,19.61,21.59,14501,2,1,0,31.55
2251903,55.63,55.0,54.1,56.0,0,0,19.61,21.59,15001,2,1,0,31.55
2252409,55.57,55.0,54.1,56.0,0,0,19.93,21.57,15501,2,1,0,31.55
2252915,55.53,55.0,54.1,56.0,0,0,19.97,21.56,16001,2,1,0,31.55
2253422,55.53,55.0,54.1,56.0,0,0,19.95,21.56,16501,2,1,0,31.53
2253929,55.53,55.0,54.1,56.0,0,0,19.95,21.55,17001,2,1,0,31.53
2254435,55.53,55.0,54.1,56.0,0,0,19.95,21.55,17501,2,1,0,31.53
2254941,55.48,55.0,54.1,56.0,0,0,20.06,21.56,18001,2,1,0,31.57
2255447,55.48,55.0,54.1,56.0,0,0,20.06,21.56,18501,2,1,0,31.57
2255953,55.43,55.0,54.1,56.0,0,0,20.0,21.55,19001,2,1,0,31.57
2256459,55.43,55.0,54.1,56.0,0,0,20.0,21.55,19501,2,1,0,31.57
2256965,55.43,55.0,54.1,56.0,1,0,20.0,21.55,0,2,1,0,31.57
2257471,55.38,55.0,54.1,56.0,1,0,20.3,21.55,500,2,1,0,31.53
2257977,55.38,55.0,54.1,56.0,1,0,20.3,21.5,1000,2,0,0,31.53
2258483,55.39,55.0,54.1,56.0,1,0,20.47,21.49,1500,2,0,0,31.52
2258989,55.31,55.0,54.1,56.0,1,0,20.51,21.49,2000,2,0,0,31.57
2259495,55.31,55.0,54.1,56.0,1,0,20.51,21.51,2500,2,0,0,31.57
2260003,55.31,55.0,54.1,56.0,1,0,20.51,21.51,3000,2,0,0,31.57
2260510,55.31,55.0,54.1,56.0,1,0,20.19,21.51,3500,2,0,0,31.55
2261016,55.31,55.0,54.1,56.0,1,0,20.47,21.49,4000,2,0,0,31.53
2261522,55.31,55.0,54.1,56.0,1,0,20.47,21.48,4500,2,0,0,31.53
2262028,55.26,55.0,54.1,56.0,1,0,20.56,21.48,5000,2,0,0,31.57
2262534,55.25,55.0,54.1,56.0,1,0,20.47,21.5,5500,2,0,0,31.58
2263040,55.25,55.0,54.1,56.0,1,0,20.47,21.51,6001,2,0,0,31.58
2263546,55.22,55.0,54.1,56.0,1,0,20.43,21.51,6501,2,0,0,31.55
2264054,55.22,55.0,54.1,56.0,1,0,20.43,21.47,7001,2,0,0,31.55
2264561,55.21,55.0,54.1,56.0,1,0,20.4,21.46,7501,2,0,0,31.55
2265067,55.18,55.0,54.1,56.0,1,0,20.43,21.46,8001,2,0,0,31.55
2265573,55.15,55.0,54.1,56.0,1,0,20.38,21.46,8501,2,0,0,31.55
2266079,55.15,55.0,54.1,56.0,1,0,20.38,21.45,9001,2,0,0,31.55
2266585,55.12,55.0,54.1,56.0,1,0,20.32,21.43,9501,2,0,0,31.53
2267091,55.12,55.0,54.1,56.0,1,0,20.32,21.43,10001,2,0,0,31.53
2267597,55.15,55.0,54.1,56.0,1,0,20.12,21.46,10501,2,0,0,31.57
2268105,55.15,55.0,54.1,56.0,1,0,20.12,21.46,11001,2,0,0,31.57
2268612,55.12,55.0,54.1,56.0,1,0,20.02,21.46,11501,2,0,0,31.57
2269118,55.05,55.0,54.1,56.0,1,0,20.06,21.46,12001,2,0,0,31.53
2269624,55.05,55.0,54.1,56.0,1,0,20.06,21.41,12501,2,0,0,31.53
2270130,55.07,55.0,54.1,56.0,1,0,19.89,21.44,13017,2,1,0,31.57
2270636,55.05,55.0,54.1,56.0,1,0,19.91,21.44,13517,2,1,0,31.52
2271142,55.05,55.0,54.1,56.0,1,0,19.91,21.39,14017,2,0,0,31.52
2271648,55.05,55.0,54.1,56.0,1,0,19.91,21.39,14517,2,0,0,31.52
2272154,55.05,55.0,54.1,56.0,1,0,19.72,21.39,15017,2,0,0,31.53
2272660,55.07,55.0,54.1,56.0,1,0,19.8,21.41,15517,2,1,0,31.53
2273166,55.07,55.0,54.1,56.0,1,0,19.8,21.41,16017,2,1,0,31.53
2273672,55.04,55.0,54.1,56.0,1,0,18.79,21.41,16517,2,1,0,31.52
2274178,55.07,55.0,54.1,56.0,1,0,19.44,21.39,17017,2,1,0,31.57
2274684,55.07,55.0,54.1,56.0,1,0,19.44,21.44,17517,2,1,0,31.57
2275190,55.04,55.0,54.1,56.0,1,0,19.5,21.44,18017,2,1,0,31.53
2275696,55.08,55.0,54.1,56.0,1,0,19.35,21.4,18517,2,1,0,31.53
2276202,55.08,55.0,54.1,56.0,1,0,19.35,21.41,19520,2,1,0,31.53
2276708,55.03,55.0,54.1,56.0,1,0,19.0,21.41,20020,2,1,0,31.55
2277214,55.03,55.0,54.1,56.0,1,0,19.0,21.41,20523,2,1,0,31.55
2277720,55.03,55.0,54.1,56.0,1,0,19.13,21.4,21024,2,1,0,31.53
2278226,55.03,55.0,54.1,56.0,1,0,19.13,21.4,21524,2,1,0,31.53
2278732,55.03,55.0,54.1,56.0,1,0,19.13,21.4,22024,2,1,0,31.53
2279238,55.05,55.0,54.1,56.0,1,0,18.81,21.41,22524,2,1,0,31.53
2279744,55.05,55.0,54.1,56.0,1,0,18.81,21.41,23024,2,1,0,31.53
2280250,55.03,55.0,54.1,56.0,1,0,18.75,21.4,23524,2,1,0,31.53
2280756,55.03,55.0,54.1,56.0,1,0,18.75,21.4,24024,2,1,0,31.53
2281262,55.0,55.0,54.1,56.0,1,0,18.68,21.4,24524,2,1,0,31.53
2281768,55.0,55.0,54.1,56.0,1,0,18.68,21.39,25024,2,1,0,31.53
2282274,54.99,55.0,54.1,56.0,1,0,18.53,21.39,25524,2,1,0,31.53
2282780,54.99,55.0,54.1,56.0,1,0,18.53,21.39,26024,2,1,0,31.53
2283286,55.0,55.0,54.1,56.0,1,0,18.62,21.39,26524,2,1,0,31.53
2283792,55.0,55.0,54.1,56.0,1,0,18.12,21.42,27024,2,1,0,31.57
2284298,55.0,55.0,54.1,56.0,1,0,18.12,21.42,27524,2,1,0,31.57
2284804,55.0,55.0,54.1,56.0,1,0,18.12,21.42,28024,2,1,0,31.57
2285310,55.0,55.0,54.1,56.0,1,0,18.12,21.42,28524,2,1,0,31.57
2285816,55.01,55.0,54.1,56.0,1,0,18.29,21.41,29024,2,1,0,31.55
2286322,55.01,55.0,54.1,56.0,1,0,18.29,21.41,29524,2,1,0,31.55
2286828,55.01,55.0,54.1,56.0,1,0,18.29,21.41,30024,2,1,0,31.55
2287334,54.94,55.0,54.1,56.0,1,0,18.06,21.41,30524,2,1,0,31.52
2287840,54.88,55.0,54.1,56.0,1,0,17.93,21.36,31024,2,1,0,31.53
2288346,54.88,55.0,54.1,56.0,1,0,17.93,21.36,31524,2,1,0,31.53
2288852,54.91,55.0,54.1,56.0,1,0,17.88,21.38,32024,2,1,0,31.55
2289358,54.88,55.0,54.1,56.0,1,0,17.76,21.39,32524,2,1,0,31.57
2289864,54.82,55.0,54.1,56.0,1,0,17.73,21.34,33030,2,1,0,31.53
2290370,54.82,55.0,54.1,56.0,1,0,17.73,21.34,33530,2,1,0,31.53
2290877,54.82,55.0,54.1,56.0,1,0,17.73,21.34,34030,2,1,0,31.53
2291383,54.82,55.0,54.1,56.0,1,0,17.73,21.34,34530,2,1,0,31.53
2291889,54.82,55.0,54.1,56.0,1,0,17.73,21.34,35030,2,1,0,31.53
2292395,54.79,55.0,54.1,56.0,1,0,17.6,21.34,35530,2,1,0,31.52
2292901,54.79,55.0,54.1,56.0,1,0,17.56,21.32,36030,2,1,0,31.55
2293407,54.79,55.0,54.1,56.0,1,0,17.56,21.34,36530,2,1,0,31.55
2293913,54.77,55.0,54.1,56.0,1,0,17.48,21.33,37030,2,1,0,31.55
2294419,54.77,55.0,54.1,56.0,1,0,17.48,21.33,37530,2,1,0,31.55
2294925,54.77,55.0,54.1,56.0,1,0,17.48,21.33,38030,2,1,0,31.55
2295431,54.77,55.0,54.1,56.0,1,0,17.48,21.33,38530,2,1,0,31.55
2295937,54.77,55.0,54.1,56.0,1,0,17.48,21.33,39030,2,1,0,31.55
2296443,54.61,55.0,54.1,56.0,1,0,17.17,21.33,39530,2,1,0,31.53
2296949,54.61,55.0,54.1,56.0,0,0,17.17,21.28,0,2,1,0,31.53
2297455,54.61,55.0,54.1,56.0,0,0,17.17,21.28,500,2,1,0,31.53
2297961,54.54,55.0,54.1,56.0,0,0,16.96,21.27,1000,2,1,0,31.55
2298467,54.54,55.0,54.1,56.0,0,0,16.96,21.27,1504,2,1,0,31.55
2298973,54.54,55.0,54.1,56.0,0,0,16.96,21.27,2004,2,1,0,31.55
2299479,54.47,55.0,54.1,56.0,0,0,16.85,21.23,2504,2,1,0,31.53
2299985,54.48,55.0,54.1,56.0,0,0,16.94,21.24,3004,2,1,0,31.53
2300491,54.48,55.0,54.1,56.0,0,0,16.94,21.24,3504,2,1,0,31.53
2300997,54.37,55.0,54.1,56.0,0,0,16.96,21.24,4004,2,1,0,31.53
2301503,54.37,55.0,54.1,56.0,0,0,16.96,21.2,4504,2,1,0,31.53
2302009,54.34,55.0,54.1,56.0,0,0,16.59,21.2,5004,2,1,0,31.53
2302515,54.34,55.0,54.1,56.0,0,0,16.59,21.19,5504,2,1,0,31.53
2303021,54.27,55.0,54.1,56.0,0,0,16.96,21.17,6004,2,1,0,31.53
2303527,54.25,55.0,54.1,56.0,0,0,17.0,21.17,6504,2,1,0,31.52
2304043,54.19,55.0,54.1,56.0,0,0,17.04,21.15,7004,2,1,0,31.55
2304550,54.19,55.0,54.1,56.0,0,0,17.04,21.16,7504,2,1,0,31.55
2305056,54.19,55.0,54.1,56.0,0,0,17.04,21.16,8004,2,1,0,31.55
2305562,54.09,55.0,54.1,56.0,0,0,17.09,21.16,8504,2,1,0,31.53
2306068,54.09,55.0,54.1,56.0,0,0,17.09,21.12,9004,2,1,0,31.53
2306574,54.06,55.0,54.1,56.0,0,0,17.13,21.09,9504,2,1,0,31.51
2307080,54.02,55.0,54.1,56.0,0,0,17.2,21.09,10004,2,1,0,31.52
2307586,54.02,55.0,54.1,56.0,0,0,17.2,21.09,10504,2,1,0,31.52
2308093,53.95,55.0,54.1,56.0,0,0,17.22,21.09,11004,2,1,0,31.53
2308599,53.95,55.0,54.1,56.0,0,0,17.22,21.08,11504,2,1,0,31.53
2309105,53.88,55.0,54.1,56.0,0,0,17.39,21.05,12004,2,1,0,31.53
2309611,53.88,55.0,54.1,56.0,0,0,17.39,21.05,12504,2,1,0,31.53
2310117,53.88,55.0,54.1,56.0,0,0,17.39,21.05,13004,2,1,0,31.53
2310623,53.86,55.0,54.1,56.0,0,0,17.28,21.05,13504,2,1,0,31.52
2311129,53.79,55.0,54.1,56.0,0,0,17.78,21.04,14004,2,1,0,31.53
2311635,53.79,55.0,54.1,56.0,0,0,17.78,21.03,14504,2,1,0,31.53
2312141,53.71,55.0,54.1,56.0,0,0,17.82,21.03,15007,2,1,0,31.52
2312647,53.71,55.0,54.1,56.0,0,0,17.82,20.99,15509,2,1,0,31.52
2313153,53.65,55.0,54.1,56.0,0,0,17.93,20.99,16009,2,1,0,31.52
2313659,53.65,55.0,54.1,56.0,0,0,17.93,20.97,16509,2,1,0,31.52
2314165,53.63,55.0,54.1,56.0,0,0,17.82,20.97,17009,2,1,0,31.55
2314671,53.58,55.0,54.1,56.0,0,0,18.64,20.99,17509,2,1,0,31.55
2315187,53.5,55.0,54.1,56.0,0,0,18.01,20.98,18009,2,1,0,31.52
2315694,53.5,55.0,54.1,56.0,0,0,18.01,20.93,18509,2,1,0,31.52
2316200,53.48,55.0,54.1,56.0,0,0,18.06,20.93,19009,2,1,0,31.53
2316706,53.48,55.0,54.1,56.0,0,0,18.06,20.93,19509,2,1,0,31.53
2317212,53.48,55.0,54.1,56.0,0,0,18.06,20.93,20009,2,1,0,31.53
2317718,53.48,55.0,54.1,56.0,0,0,18.06,20.93,20509,2,1,0,31.53
2318224,53.36,55.0,54.1,56.0,0,0,18.34,20.93,21017,2,1,0,31.53
2318730,53.36,55.0,54.1,56.0,0,0,18.34,20.9,21522,2,1,0,31.53
2319236,53.34,55.0,54.1,56.0,0,0,18.57,20.88,22524,2,1,0,31.52
2319742,53.34,55.0,54.1,56.0,0,0,18.57,20.88,23024,2,1,0,31.52
2320248,53.34,55.0,54.1,56.0,0,0,18.57,20.88,23524,2,1,0,31.52
2320754,53.23,55.0,54.1,56.0,0,0,18.62,20.87,24024,2,1,0,31.55
2321260,53.23,55.0,54.1,56.0,0,0,18.62,20.87,24524,2,1,0,31.55
2321766,53.19,55.0,54.1,56.0,0,0,19.03,20.83,25024,2,1,0,31.52
2322272,53.19,55.0,54.1,56.0,0,0,19.03,20.83,25524,2,1,0,31.52
2322778,53.14,55.0,54.1,56.0,0,0,18.88,20.83,26024,2,1,0,31.53
2323284,53.14,55.0,54.1,56.0,0,0,18.88,20.83,26524,2,1,0,31.53
2323790,53.14,55.0,54.1,56.0,0,0,18.92,20.82,27024,2,1,0,31.52
2324296,53.08,55.0,54.1,56.0,0,0,19.16,20.77,27524,2,1,0,31.49
2324802,53.13,55.0,54.1,56.0,0,0,19.05,20.83,28030,2,1,0,31.53
2325308,53.13,55.0,54.1,56.0,0,0,19.05,20.83,28530,2,1,0,31.53
2325814,53.08,55.0,54.1,56.0,0,0,19.2,20.8,29030,2,1,0,31.52
2326323,53.04,55.0,54.1,56.0,0,0,19.28,20.8,29530,2,1,0,31.52
2326830,53.04,55.0,54.1,56.0,0,0,19.28,20.79,30030,2,1,0,31.52
2327336,53.06,55.0,54.1,56.0,0,0,19.37,20.79,30530,2,0,0,31.52
2327842,53.05,55.0,54.1,56.0,0,0,19.5,20.79,31030,2,0,0,31.53
2328348,53.05,55.0,54.1,56.0,0,0,19.5,20.8,31530,2,0,0,31.53
2328854,53.05,55.0,54.1,56.0,0,0,19.5,20.8,32030,2,0,0,31.53
2329360,52.96,55.0,54.1,56.0,0,0,19.63,20.77,32530,2,0,0,31.53
2329867,52.96,55.0,54.1,56.0,0,0,19.63,20.77,33030,2,0,0,31.53
2330374,52.96,55.0,54.1,56.0,0,0,19.63,20.77,33530,2,0,0,31.53
2330880,52.95,55.0,54.1,56.0,0,0,19.89,20.75,34038,2,0,0,31.51
2331386,52.95,55.0,54.1,56.0,0,0,19.89,20.75,34538,2,0,0,31.51
2331892,52.95,55.0,54.1,56.0,0,0,19.89,20.75,35038,2,0,0,31.51
2332398,52.93,55.0,54.1,56.0,0,0,19.91,20.77,35538,2,0,0,31.53
2332904,52.89,55.0,54.1,56.0,0,0,20.1,20.75,36038,2,0,0,31.53
2333410,52.94,55.0,54.1,56.0,0,0,20.1,20.76,36538,2,0,0,31.52
2333916,52.94,55.0,54.1,56.0,0,0,20.1,20.76,37038,2,0,0,31.52
2334422,52.96,55.0,54.1,56.0,0,0,20.15,20.76,37538,2,0,0,31.52
2334928,52.9,55.0,54.1,56.0,0,0,20.21,20.73,38038,2,0,0,31.51
2335434,52.9,55.0,54.1,56.0,0,0,20.21,20.73,38538,2,0,0,31.51
2335940,52.9,55.0,54.1,56.0,0,0,20.21,20.73,39038,2,0,0,31.51
2336446,52.9,55.0,54.1,56.0,0,0,20.21,20.73,39538,2,0,0,31.51
2336952,52.94,55.0,54.1,56.0,0,0,20.45,20.76,40038,2,0,0,31.52
2337458,52.97,55.0,54.1,56.0,0,0,20.6,20.78,40553,2,0,0,31.53
2337964,52.97,55.0,54.1,56.0,0,0,20.6,20.78,41053,2,0,0,31.53
2338470,52.93,55.0,54.1,56.0,0,0,20.58,20.78,41553,2,0,0,31.55
2338976,52.92,55.0,54.1,56.0,0,0,20.56,20.77,42053,2,0,0,31.55
2339482,52.9,55.0,54.1,56.0,0,0,20.64,20.73,42553,2,0,0,31.51
2339988,52.98,55.0,54.1,56.0,0,0,20.64,20.73,43053,2,0,0,31.52
2340494,52.98,55.0,54.1,56.0,0,0,20.64,20.77,43553,2,0,0,31.52
2341000,52.91,55.0,54.1,56.0,0,0,20.64,20.75,44053,2,0,0,31.52
2341506,52.91,55.0,54.1,56.0,0,0,20.64,20.75,44553,2,0,0,31.52
2342012,52.91,55.0,54.1,56.0,0,0,20.64,20.75,45053,2,0,0,31.52
2342518,52.96,55.0,54.1,56.0,0,0,20.94,20.75,45553,2,0,0,31.52
2343024,52.96,55.0,54.1,56.0,0,0,20.94,20.76,46053,2,0,0,31.52
2343530,52.93,55.0,54.1,56.0,0,0,20.94,20.77,46553,2,0,0,31.53
2344036,52.96,55.0,54.1,56.0,0,0,21.27,20.77,47053,2,0,0,31.52
2344542,52.96,55.0,54.1,56.0,0,0,21.27,20.76,47553,2,0,0,31.52
2345048,52.96,55.0,54.1,56.0,0,0,21.27,20.76,48053,2,0,0,31.52
2345554,52.96,55.0,54.1,56.0,0,0,21.27,20.76,48553,2,0,0,31.52
2346060,52.97,55.0,54.1,56.0,0,0,21.16,20.75,49053,2,0,0,31.51
2346566,53.01,55.0,54.1,56.0,0,0,20.81,20.78,49553,2,0,0,31.52
2347072,52.98,55.0,54.1,56.0,0,0,21.27,20.78,50053,2,0,0,31.52
2347578,52.98,55.0,54.1,56.0,0,0,21.27,20.77,50553,2,0,0,31.52
2348084,52.98,55.0,54.1,56.0,0,0,21.27,20.77,51053,2,0,0,31.52
2348590,53.04,55.0,54.1,56.0,0,0,21.4,20.8,51553,2,0,0,31.53
2349096,53.05,55.0,54.1,56.0,0,0,21.31,20.79,52053,2,0,0,31.52
2349602,53.02,55.0,54.1,56.0,0,0,21.44,20.79,52553,2,0,0,31.52
2350108,53.02,55.0,54.1,56.0,0,0,21.44,20.78,53053,2,0,0,31.52
2350614,53.05,55.0,54.1,56.0,0,0,21.77,20.78,53553,2,0,0,31.51
2351120,53.08,55.0,54.1,56.0,0,0,21.66,20.78,54053,2,0,0,31.51
2351626,53.08,55.0,54.1,56.0,0,0,21.66,20.79,54553,2,0,0,31.51
2352132,53.13,55.0,54.1,56.0,0,0,21.83,20.79,55053,2,0,0,31.53
2352638,53.08,55.0,54.1,56.0,0,0,22.03,20.83,55553,2,0,0,31.53
2353144,53.08,55.0,54.1,56.0,0,0,22.03,20.81,56053,2,0,0,31.53
2353650,53.12,55.0,54.1,56.0,0,0,22.0,20.81,56553,2,0,0,31.52
2354156,53.12,55.0,54.1,56.0,0,0,22.0,20.81,57053,2,0,0,31.52
2354662,53.13,55.0,54.1,56.0,0,0,21.96,20.81,57553,2,0,0,31.55
2355168,53.14,55.0,54.1,56.0,0,0,21.92,20.84,58053,2,0,0,31.53
2355674,53.14,55.0,54.1,56.0,0,0,21.92,20.83,58553,2,0,0,31.53
2356180,53.14,55.0,54.1,56.0,0,0,22.03,20.83,59053,2,0,0,31.53
2356686,53.14,55.0,54.1,56.0,0,0,22.03,20.83,59553,2,0,0,31.53
2357192,53.16,55.0,54.1,56.0,0,0,22.09,20.83,60053,2,0,0,31.53
2357712,53.2,55.0,54.1,56.0,0,0,22.18,20.84,60553,2,0,0,31.52
2358219,53.2,55.0,54.1,56.0,0,0,22.18,20.84,61053,2,0,0,31.52
2358725,53.21,55.0,54.1,56.0,0,0,21.77,20.84,61553,2,0,0,31.52
2359231,53.21,55.0,54.1,56.0,0,0,21.77,20.84,62053,2,0,0,31.52
2359737,53.29,55.0,54.1,56.0,0,0,22.52,20.84,62553,2,0,0,31.53
2360243,53.29,55.0,54.1,56.0,0,0,22.52,20.88,63053,2,0,0,31.53
2360749,53.24,55.0,54.1,56.0,0,0,22.48,20.88,63553,2,0,0,31.53
2361255,53.25,55.0,54.1,56.0,0,0,22.37,20.86,64053,2,0,0,31.53
2361761,53.25,55.0,54.1,56.0,0,0,22.37,20.86,64553,2,0,0,31.53
2362267,53.3,55.0,54.1,56.0,0,0,22.65,20.87,65555,2,0,0,31.52
2362773,53.3,55.0,54.1,56.0,0,0,22.65,20.87,66055,2,0,0,31.52
2363279,53.31,55.0,54.1,56.0,0,0,22.78,20.87,66555,2,0,0,31.52
2363785,53.31,55.0,54.1,56.0,0,0,22.78,20.87,67055,2,0,0,31.52
2364291,53.38,55.0,54.1,56.0,0,0,22.74,20.9,67555,2,0,0,31.53
2364797,53.38,55.0,54.1,56.0,0,0,22.74,20.9,68055,2,0,0,31.53
2365303,53.4,55.0,54.1,56.0,0,0,22.87,20.9,68555,2,0,0,31.52
2365809,53.41,55.0,54.1,56.0,0,0,22.72,20.91,69055,2,0,0,31.53
2366316,53.42,55.0,54.1,56.0,0,0,22.91,20.91,69555,2,0,0,31.51
2366823,53.42,55.0,54.1,56.0,0,0,22.91,20.89,70055,2,0,0,31.51
2367329,53.41,55.0,54.1,56.0,0,0,22.65,20.91,70555,2,0,0,31.53
2367835,53.41,55.0,54.1,56.0,0,0,22.65,20.91,71055,2,0,0,31.53
2368341,53.46,55.0,54.1,56.0,0,0,22.74,20.92,71555,2,0,0,31.52
2368847,53.49,55.0,54.1,56.0,0,0,22.91,20.92,72055,2,0,0,31.52
2369353,53.49,55.0,54.1,56.0,0,0,23.09,20.92,72555,2,0,0,31.52
2369859,53.54,55.0,54.1,56.0,0,0,23.07,20.92,73055,2,0,0,31.52
2370365,53.54,55.0,54.1,56.0,0,0,23.07,20.94,73555,2,0,0,31.52
2370871,53.47,55.0,54.1,56.0,0,0,23.13,20.92,74055,2,0,0,31.52
2371377,53.47,55.0,54.1,56.0,0,0,23.13,20.92,74556,2,0,0,31.52
2371883,53.55,55.0,54.1,56.0,0,0,23.18,20.94,75057,2,0,0,31.52
2372389,53.55,55.0,54.1,56.0,0,0,23.18,20.94,75557,2,0,0,31.52
2372895,53.58,55.0,54.1,56.0,0,0,23.13,20.95,76057,2,0,0,31.52
2373401,53.6,55.0,54.1,56.0,0,0,23.22,20.95,76557,2,0,0,31.53
2373907,53.6,55.0,54.1,56.0,0,0,23.22,20.97,77057,2,0,0,31.53
2374413,53.62,55.0,54.1,56.0,0,0,23.35,20.97,77557,2,0,0,31.52
2374919,53.62,55.0,54.1,56.0,0,0,23.48,20.97,78057,2,0,0,31.53
2375425,53.62,55.0,54.1,56.0,0,0,23.48,20.97,78557,2,0,0,31.53
2375931,53.7,55.0,54.1,56.0,0,0,23.46,20.97,79057,2,0,0,31.55
2376437,53.7,55.0,54.1,56.0,0,0,23.46,21.01,79557,2,0,0,31.55
2376943,53.7,55.0,54.1,56.0,0,0,23.46,21.01,80057,2,0,0,31.55
2377449,53.7,55.0,54.1,56.0,0,0,23.46,21.01,80558,2,0,0,31.55
2377955,53.74,55.0,54.1,56.0,0,0,23.46,21.01,81059,2,0,0,31.53
2378461,53.74,55.0,54.1,56.0,0,0,23.46,21.01,81559,2,0,0,31.53
2378967,53.74,55.0,54.1,56.0,0,0,23.79,21.01,82059,2,0,0,31.53
2379473,53.8,55.0,54.1,56.0,0,0,23.7,21.01,82559,2,0,0,31.53
2379979,53.8,55.0,54.1,56.0,0,0,23.7,21.03,83059,2,0,0,31.53
2380485,53.8,55.0,54.1,56.0,0,0,23.7,21.03,83559,2,0,0,31.53
2380991,53.86,55.0,54.1,56.0,0,0,23.72,21.03,84059,2,0,0,31.52
2381512,53.88,55.0,54.1,56.0,0,0,23.57,21.04,84559,2,0,0,31.53
2382019,53.88,55.0,54.1,56.0,0,0,23.57,21.05,85059,2,0,0,31.53
2382525,53.88,55.0,54.1,56.0,0,0,23.57,21.05,85559,2,0,0,31.53
2383031,53.88,55.0,54.1,56.0,0,0,23.87,21.04,86059,2,0,0,31.52
2383537,53.89,55.0,54.1,56.0,0,0,23.83,21.06,86559,2,0,0,31.53
2384043,53.89,55.0,54.1,56.0,0,0,23.85,21.06,87059,2,0,0,31.52
2384549,53.89,55.0,54.1,56.0,0,0,23.85,21.04,87559,2,0,0,31.52
2385055,53.92,55.0,54.1,56.0,0,0,23.96,21.08,88059,2,0,0,31.55
2385561,53.92,55.0,54.1,56.0,0,0,23.96,21.08,88559,2,0,0,31.55
2386067,54.0,55.0,54.1,56.0,0,0,24.2,21.08,89059,2,0,0,31.51
2386573,54.0,55.0,54.1,56.0,0,0,24.2,21.07,89559,2,0,0,31.51
2387079,54.03,55.0,54.1,56.0,0,0,24.29,21.1,90059,2,0,0,31.53
2387585,54.03,55.0,54.1,56.0,0,0,24.29,21.1,90559,2,0,0,31.53
2388091,54.03,55.0,54.1,56.0,0,0,24.29,21.1,91059,2,0,0,31.53
2388597,54.05,55.0,54.1,56.0,0,0,24.14,21.1,91559,2,0,0,31.52
2389103,54.05,55.0,54.1,56.0,0,0,24.14,21.09,92059,2,0,0,31.52
2389609,54.1,55.0,54.1,56.0,0,0,24.27,21.09,92559,2,0,0,31.53
2390115,54.1,55.0,54.1,56.0,1,0,24.27,21.12,0,2,0,0,31.53
2390621,54.11,55.0,54.1,56.0,1,0,24.33,21.12,500,2,0,0,31.52
2391127,54.11,55.0,54.1,56.0,1,0,24.33,21.11,1000,2,0,0,31.52
2391633,54.14,55.0,54.1,56.0,1,0,24.27,21.11,1500,2,0,0,31.53
2392153,54.17,55.0,54.1,56.0,1,0,24.22,21.13,2000,2,0,0,31.53
2392660,54.17,55.0,54.1,56.0,1,0,24.22,21.14,2500,2,0,0,31.53
2393166,54.17,55.0,54.1,56.0,1,0,24.22,21.14,3000,2,0,0,31.53
2393672,54.23,55.0,54.1,56.0,1,0,24.31,21.14,3500,2,0,0,31.55
2394178,54.23,55.0,54.1,56.0,1,0,24.31,21.17,4000,2,0,0,31.55
2394684,54.21,55.0,54.1,56.0,1,0,24.27,21.17,4500,2,0,0,31.52
2395190,54.21,55.0,54.1,56.0,1,0,24.27,21.14,5000,2,0,0,31.52
2395696,54.25,55.0,54.1,56.0,1,0,24.16,21.14,5500,2,0,0,31.55
2396202,54.28,55.0,54.1,56.0,1,0,24.05,21.18,6000,2,0,0,31.55
2396708,54.28,55.0,54.1,56.0,1,0,24.05,21.19,6500,2,0,0,31.55
2397214,54.34,55.0,54.1,56.0,1,0,24.07,21.19,7000,2,0,0,31.51
2397720,54.29,55.0,54.1,56.0,1,0,24.03,21.17,7500,2,0,0,31.53
2398226,54.33,55.0,54.1,56.0,1,0,24.07,21.18,8000,2,0,0,31.52
2398732,54.33,55.0,54.1,56.0,1,0,24.07,21.18,8500,2,0,0,31.52
2399238,54.33,55.0,54.1,56.0,1,0,24.07,21.18,9000,2,0,0,31.52
2399744,54.38,55.0,54.1,56.0,1,0,23.63,21.18,9500,2,0,0,31.51
2400250,54.38,55.0,54.1,56.0,1,0,23.63,21.18,10000,2,0,0,31.51
2400756,54.4,55.0,54.1,56.0,1,0,23.57,21.18,10500,2,0,0,31.55
2401262,54.39,55.0,54.1,56.0,1,0,23.46,21.23,11000,2,0,0,31.55
2401768,54.39,55.0,54.1,56.0,1,0,23.63,21.22,11500,2,0,0,31.53
2402274,54.39,55.0,54.1,56.0,1,0,23.63,21.21,12503,2,0,0,31.53
2402780,54.45,55.0,54.1,56.0,1,0,23.24,21.23,13003,2,0,0,31.53
2403286,54.45,55.0,54.1,56.0,1,0,23.24,21.23,13503,2,0,0,31.53
2403792,54.45,55.0,54.1,56.0,1,0,23.24,21.23,14003,2,0,0,31.53
2404298,54.45,55.0,54.1,56.0,1,0,22.83,21.21,14503,2,0,0,31.52
2404804,54.45,55.0,54.1,56.0,1,0,22.83,21.21,15003,2,0,0,31.52
2405310,54.45,55.0,54.1,56.0,1,0,22.83,21.21,15504,2,0,0,31.52
2405816,54.51,55.0,54.1,56.0,1,0,22.83,21.23,16005,2,0,0,31.52
2406322,54.51,55.0,54.1,56.0,1,0,22.83,21.23,16505,2,0,0,31.52
2406828,54.62,55.0,54.1,56.0,1,0,22.76,21.29,17005,2,0,0,31.55
2407334,54.62,55.0,54.1,56.0,1,0,22.76,21.29,17505,2,0,0,31.55
2407840,54.61,55.0,54.1,56.0,1,0,22.55,21.28,18005,2,0,0,31.53
2408346,54.63,55.0,54.1,56.0,1,0,22.55,21.29,18505,2,0,0,31.55
2408852,54.64,55.0,54.1,56.0,1,0,22.31,21.28,19005,2,0,0,31.53
2409358,54.64,55.0,54.1,56.0,1,0,22.31,21.28,19505,2,0,0,31.53
2409864,54.68,55.0,54.1,56.0,1,0,21.83,21.3,20005,2,0,0,31.53
2410370,54.68,55.0,54.1,56.0,1,0,21.83,21.3,20505,2,0,0,31.53
2410876,54.68,55.0,54.1,56.0,1,0,21.83,21.3,21005,2,0,0,31.53
2411382,54.75,55.0,54.1,56.0,1,0,21.98,21.32,21505,2,0,0,31.53
2411888,54.75,55.0,54.1,56.0,1,0,21.98,21.32,22005,2,0,0,31.53
2412394,54.79,55.0,54.1,56.0,1,0,21.94,21.32,22505,2,0,0,31.52
2412901,54.84,55.0,54.1,56.0,1,0,21.85,21.32,23005,2,0,0,31.53
2413408,54.84,55.0,54.1,56.0,1,0,21.85,21.34,23505,2,0,0,31.53
2413914,54.84,55.0,54.1,56.0,1,0,21.85,21.34,24005,2,0,0,31.53
2414420,54.91,55.0,54.1,56.0,1,0,21.59,21.34,24507,2,0,0,31.51
2414926,54.95,55.0,54.1,56.0,1,0,21.46,21.34,25007,2,0,0,31.53
2415432,54.95,55.0,54.1,56.0,1,0,21.46,21.38,25507,2,0,0,31.53
2415938,54.95,55.0,54.1,56.0,1,0,21.46,21.38,26007,2,0,0,31.53
2416444,55.0,55.0,54.1,56.0,1,0,21.25,21.38,26507,2,0,0,31.52
2416950,55.0,55.0,54.1,56.0,1,0,21.25,21.38,27007,2,0,0,31.52
2417456,55.05,55.0,54.1,56.0,1,0,21.2,21.39,27507,2,0,0,31.52
2417962,55.05,55.0,54.1,56.0,1,0,21.2,21.39,28007,2,0,0,31.52
2418468,55.12,55.0,54.1,56.0,1,0,21.18,21.39,28507,2,0,0,31.53
2418974,55.12,55.0,54.1,56.0,1,0,21.18,21.43,29007,2,0,0,31.53
2419480,55.16,55.0,54.1,56.0,1,0,20.84,21.43,29507,2,0,0,31.52
2419986,55.16,55.0,54.1,56.0,1,0,20.84,21.43,30007,2,0,0,31.52
2420493,55.16,55.0,54.1,56.0,1,0,20.84,21.43,30507,2,0,0,31.52
2420999,55.24,55.0,54.1,56.0,1,0,20.73,21.46,31007,2,0,0,31.53
2421505,55.24,55.0,54.1,56.0,1,0,20.73,21.46,31507,2,0,0,31.53
2422011,55.26,55.0,54.1,56.0,1,0,20.49,21.48,32007,2,0,0,31.55
2422517,55.3,55.0,54.1,56.0,1,0,20.47,21.47,32507,2,0,0,31.52
2423023,55.33,55.0,54.1,56.0,1,0,20.38,21.47,33007,2,0,0,31.53
2423529,55.33,55.0,54.1,56.0,1,0,20.38,21.49,33507,2,0,0,31.53
2424035,55.34,55.0,54.1,56.0,1,0,20.81,21.48,34007,2,0,0,31.52
2424541,55.41,55.0,54.1,56.0,1,0,20.12,21.48,34507,2,0,0,31.55
2425047,55.41,55.0,54.1,56.0,1,0,20.12,21.52,35007,2,0,0,31.55
2425553,55.41,55.0,54.1,56.0,1,0,20.12,21.52,35507,2,0,0,31.55
2426059,55.47,55.0,54.1,56.0,1,0,19.91,21.52,36007,2,0,0,31.53
2426565,55.47,55.0,54.1,56.0,1,0,19.91,21.53,36507,2,1,0,31.53
2427071,55.47,55.0,54.1,56.0,1,0,19.91,21.53,37007,2,1,0,31.53
2427577,55.51,55.0,54.1,56.0,1,0,19.74,21.54,37518,2,1,0,31.53
2428083,55.51,55.0,54.1,56.0,1,0,19.74,21.54,38018,2,1,0,31.53
2428589,55.51,55.0,54.1,56.0,1,0,19.56,21.54,38518,2,1,0,31.53
2429095,55.51,55.0,54.1,56.0,1,0,19.56,21.54,39018,2,1,0,31.53
2429601,55.51,55.0,54.1,56.0,1,0,19.52,21.52,39518,2,1,0,31.51
2430107,55.53,55.0,54.1,56.0,0,0,19.59,21.52,0,2,1,0,31.52
2430613,55.53,55.0,54.1,56.0,0,0,19.59,21.53,500,2,1,0,31.52
2431133,55.54,55.0,54.1,56.0,0,0,19.07,21.53,1000,2,1,0,31.52
2431640,55.54,55.0,54.1,56.0,0,0,19.07,21.54,1500,2,1,0,31.52
2432146,55.55,55.0,54.1,56.0,0,0,19.22,21.54,2000,2,1,0,31.51
2432652,55.55,55.0,54.1,56.0,0,0,19.22,21.53,2500,2,1,0,31.51
2433158,55.57,55.0,54.1,56.0,0,0,19.22,21.53,3000,2,1,0,31.55
2433664,55.58,55.0,54.1,56.0,0,0,19.24,21.57,3500,2,1,0,31.53
2434170,55.58,55.0,54.1,56.0,0,0,19.24,21.56,4000,2,1,0,31.53
2434676,55.59,55.0,54.1,56.0,0,0,19.54,21.57,4500,2,1,0,31.53
2435182,55.58,55.0,54.1,56.0,0,0,19.03,21.54,5016,2,1,0,31.51
2435688,55.58,55.0,54.1,56.0,0,0,19.03,21.54,5516,2,1,0,31.51
2436194,55.57,55.0,54.1,56.0,0,0,19.24,21.55,6016,2,1,0,31.52
2436700,55.56,55.0,54.1,56.0,0,0,18.98,21.55,6516,2,1,0,31.53
2437206,55.56,55.0,54.1,56.0,0,0,18.98,21.56,7016,2,1,0,31.53
2437712,55.55,55.0,54.1,56.0,0,0,19.16,21.54,7516,2,1,0,31.52
2438218,55.55,55.0,54.1,56.0,0,0,19.16,21.54,8016,2,1,0,31.52
2438724,55.52,55.0,54.1,56.0,0,0,19.37,21.53,8516,2,1,0,31.52
2439230,55.52,55.0,54.1,56.0,0,0,19.37,21.53,9016,2,1,0,31.52
2439736,55.5,55.0,54.1,56.0,0,0,19.26,21.53,9516,2,1,0,31.51
2440242,55.5,55.0,54.1,56.0,0,0,19.26,21.51,10016,2,1,0,31.51
2440748,55.5,55.0,54.1,56.0,0,0,19.26,21.51,10516,2,1,0,31.51
2441254,55.48,55.0,54.1,56.0,0,0,19.26,21.51,11018,2,1,0,31.51
2441760,55.43,55.0,54.1,56.0,0,0,19.44,21.51,11518,2,1,0,31.52
2442266,55.43,55.0,54.1,56.0,0,0,19.44,21.5,12018,2,1,0,31.52
2442772,55.43,55.0,54.1,56.0,0,0,19.44,21.5,12518,2,1,0,31.52
2443278,55.43,55.0,54.1,56.0,0,0,19.46,21.5,13018,2,1,0,31.52
2443784,55.41,55.0,54.1,56.0,0,0,19.48,21.5,13518,2,1,0,31.52
2444290,55.41,55.0,54.1,56.0,0,0,19.48,21.5,14018,2,1,0,31.52
2444796,55.32,55.0,54.1,56.0,0,0,19.69,21.5,14518,2,1,0,31.52
2445302,55.32,55.0,54.1,56.0,0,0,19.69,21.47,15018,2,1,0,31.52
2445808,55.32,55.0,54.1,56.0,0,0,19.69,21.47,16019,2,1,0,31.52
2446314,55.29,55.0,54.1,56.0,0,0,19.67,21.45,16519,2,1,0,31.51
2446820,55.29,55.0,54.1,56.0,0,0,19.67,21.45,17019,2,1,0,31.51
2447326,55.29,55.0,54.1,56.0,0,0,19.67,21.45,17519,2,1,0,31.51
2447832,55.24,55.0,54.1,56.0,0,0,19.52,21.45,18019,2,1,0,31.52
2448338,55.23,55.0,54.1,56.0,0,0,19.84,21.45,18519,2,1,0,31.52
2448844,55.18,55.0,54.1,56.0,0,0,19.91,21.42,19019,2,1,0,31.51
2449350,55.18,55.0,54.1,56.0,0,0,19.91,21.42,19519,2,1,0,31.51
2449856,55.19,55.0,54.1,56.0,1,0,19.93,21.41,0,2,0,0,31.49
2450362,55.14,55.0,54.1,56.0,1,0,19.67,21.41,500,2,1,0,31.51
2450873,55.13,55.0,54.1,56.0,1,0,20.12,21.41,1000,2,1,0,31.52
2451380,55.13,55.0,54.1,56.0,1,0,20.12,21.42,1500,2,0,0,31.52
2451886,55.12,55.0,54.1,56.0,1,0,20.43,21.43,2000,2,0,0,31.53
2452392,55.06,55.0,54.1,56.0,1,0,20.36,21.43,2500,2,0,0,31.51
2452898,55.06,55.0,54.1,56.0,1,0,20.36,21.38,3000,2,0,0,31.51
2453404,55.05,55.0,54.1,56.0,1,0,20.17,21.38,3500,2,0,0,31.51
2453910,55.0,55.0,54.1,56.0,1,0,20.49,21.38,4000,2,0,0,31.52
2454416,55.0,55.0,54.1,56.0,1,0,20.49,21.38,4500,2,0,0,31.52
2454922,55.0,55.0,54.1,56.0,1,0,20.49,21.38,5000,2,0,0,31.52
2455428,55.0,55.0,54.1,56.0,1,0,20.49,21.38,5500,2,0,0,31.52
2455934,54.95,55.0,54.1,56.0,1,0,20.28,21.35,6000,2,0,0,31.51
2456440,54.95,55.0,54.1,56.0,1,0,20.28,21.35,6500,2,0,0,31.51
2456946,54.93,55.0,54.1,56.0,1,0,20.19,21.37,7000,2,0,0,31.53
2457452,54.94,55.0,54.1,56.0,1,0,20.17,21.37,7500,2,0,0,31.51
2457958,54.94,55.0,54.1,56.0,1,0,20.17,21.35,8000,2,0,0,31.51
2458464,54.88,55.0,54.1,56.0,1,0,20.25,21.33,8500,2,0,0,31.51
2458970,54.88,55.0,54.1,56.0,1,0,20.25,21.33,9000,2,0,0,31.51
2459476,54.82,55.0,54.1,56.0,1,0,20.1,21.3,9500,2,0,0,31.49
2459982,54.82,55.0,54.1,56.0,1,0,20.1,21.3,10000,2,0,0,31.49
2460488,54.82,55.0,54.1,56.0,1,0,20.1,21.3,10500,2,0,0,31.49
2460994,54.85,55.0,54.1,56.0,1,0,19.39,21.3,11000,2,0,0,31.49
2461500,54.81,55.0,54.1,56.0,1,0,19.74,21.31,11500,2,1,0,31.51
2462021,54.78,55.0,54.1,56.0,1,0,19.91,21.31,12000,2,1,0,31.49
2462528,54.78,55.0,54.1,56.0,1,0,19.91,21.29,12500,2,0,0,31.49
2463034,54.78,55.0,54.1,56.0,1,0,19.91,21.29,13000,2,0,0,31.49
2463540,54.81,55.0,54.1,56.0,1,0,19.54,21.32,13500,2,1,0,31.52
2464046,54.78,55.0,54.1,56.0,1,0,19.61,21.27,14000,2,1,0,31.48
2464552,54.78,55.0,54.1,56.0,1,0,19.61,21.27,14500,2,1,0,31.48
2465058,54.76,55.0,54.1,56.0,1,0,19.56,21.28,15000,2,1,0,31.49
2465564,54.79,55.0,54.1,56.0,1,0,19.59,21.28,15500,2,1,0,31.52
2466079,54.77,55.0,54.1,56.0,1,0,19.33,21.32,16000,2,1,0,31.51
2466586,54.77,55.0,54.1,56.0,1,0,19.33,21.3,16500,2,1,0,31.51
2467092,54.79,55.0,54.1,56.0,1,0,18.68,21.3,17000,2,1,0,31.51
2467598,54.79,55.0,54.1,56.0,1,0,18.68,21.3,17500,2,1,0,31.51
2468104,54.79,55.0,54.1,56.0,1,0,18.68,21.3,18000,2,1,0,31.51
2468610,54.77,55.0,54.1,56.0,1,0,19.22,21.3,18500,2,1,0,31.52
2469116,54.77,55.0,54.1,56.0,1,0,19.22,21.31,19000,2,1,0,31.52
2469622,54.77,55.0,54.1,56.0,1,0,19.22,21.31,19500,2,1,0,31.52
2470128,54.71,55.0,54.1,56.0,1,0,19.07,21.28,20008,2,1,0,31.51
2470634,54.71,55.0,54.1,56.0,1,0,18.94,21.28,20508,2,1,0,31.48
2471140,54.71,55.0,54.1,56.0,1,0,18.94,21.25,21008,2,1,0,31.48
2471646,54.72,55.0,54.1,56.0,1,0,18.7,21.25,21508,2,1,0,31.51
2472152,54.76,55.0,54.1,56.0,1,0,18.66,21.28,22008,2,1,0,31.51
2472658,54.76,55.0,54.1,56.0,1,0,18.66,21.3,22508,2,1,0,31.51
2473164,54.74,55.0,54.1,56.0,1,0,18.66,21.3,23008,2,1,0,31.52
2473670,54.74,55.0,54.1,56.0,1,0,18.66,21.3,23508,2,1,0,31.52
2474176,54.72,55.0,54.1,56.0,1,0,18.55,21.28,24008,2,1,0,31.51
2474682,54.74,55.0,54.1,56.0,1,0,18.62,21.28,24508,2,1,0,31.52
2475188,54.74,55.0,54.1,56.0,1,0,18.62,21.3,25008,2,1,0,31.52
2475694,54.71,55.0,54.1,56.0,1,0,18.42,21.3,25508,2,1,0,31.52
2476200,54.72,55.0,54.1,56.0,1,0,18.32,21.29,26008,2,1,0,31.49
2476706,54.72,55.0,54.1,56.0,1,0,18.32,21.27,26508,2,1,0,31.49
2477212,54.67,55.0,54.1,56.0,1,0,18.27,21.27,27008,2,1,0,31.51
2477718,54.65,55.0,54.1,56.0,1,0,18.19,21.27,27508,2,1,0,31.51
2478228,54.68,55.0,54.1,56.0,1,0,18.1,21.26,28008,2,1,0,31.52
2478735,54.68,55.0,54.1,56.0,1,0,18.1,21.28,28508,2,1,0,31.52
2479241,54.7,55.0,54.1,56.0,1,0,18.21,21.28,29011,2,1,0,31.51
2479747,54.7,55.0,54.1,56.0,1,0,18.21,21.28,29512,2,1,0,31.51
2480253,54.7,55.0,54.1,56.0,1,0,18.21,21.28,30012,2,1,0,31.51
2480759,54.61,55.0,54.1,56.0,1,0,17.99,21.28,30512,2,1,0,31.52
2481265,54.65,55.0,54.1,56.0,1,0,17.5,21.26,31012,2,1,0,31.48
2481772,54.65,55.0,54.1,56.0,1,0,17.5,21.23,31512,2,1,0,31.48
2482279,54.61,55.0,54.1,56.0,1,0,17.65,21.23,32012,2,1,0,31.51
2482785,54.61,55.0,54.1,56.0,1,0,17.65,21.25,32512,2,1,0,31.51
2483291,54.61,55.0,54.1,56.0,1,0,17.65,21.25,33012,2,1,0,31.51
2483797,54.54,55.0,54.1,56.0,1,0,17.71,21.25,33512,2,1,0,31.49
2484303,54.51,55.0,54.1,56.0,1,0,17.6,21.21,34012,2,1,0,31.51
2484809,54.51,55.0,54.1,56.0,1,0,17.6,21.22,34512,2,1,0,31.51
2485315,54.56,55.0,54.1,56.0,1,0,17.69,21.24,35028,2,1,0,31.51
2485821,54.5,55.0,54.1,56.0,1,0,17.39,21.24,35528,2,1,0,31.51
2486327,54.5,55.0,54.1,56.0,1,0,17.39,21.22,36028,2,1,0,31.51
2486833,54.45,55.0,54.1,56.0,1,0,17.48,21.22,36528,2,1,0,31.51
2487339,54.45,55.0,54.1,56.0,1,0,17.48,21.2,37531,2,1,0,31.51
2487845,54.4,55.0,54.1,56.0,1,0,16.98,21.2,38031,2,1,0,31.52
2488351,54.4,55.0,54.1,56.0,1,0,16.98,21.2,38531,2,1,0,31.52
2488857,54.4,55.0,54.1,56.0,1,0,16.98,21.2,39031,2,1,0,31.52
2489363,54.32,55.0,54.1,56.0,1,0,17.09,21.16,39531,2,1,0,31.51
2489869,54.32,55.0,54.1,56.0,0,0,17.09,21.16,0,2,1,0,31.51
2490375,54.27,55.0,54.1,56.0,0,0,16.81,21.13,500,2,1,0,31.49
2490881,54.27,55.0,54.1,56.0,0,0,16.81,21.13,1001,2,1,0,31.49
2491387,54.27,55.0,54.1,56.0,0,0,16.81,21.13,1502,2,1,0,31.49
2491893,54.19,55.0,54.1,56.0,0,0,16.85,21.12,2002,2,1,0,31.51
2492399,54.19,55.0,54.1,56.0,0,0,16.85,21.12,2502,2,1,0,31.51
2492905,54.13,55.0,54.1,56.0,0,0,16.79,21.09,3002,2,1,0,31.49
2493411,54.13,55.0,54.1,56.0,0,0,16.79,21.09,3502,2,1,0,31.49
2493917,54.13,55.0,54.1,56.0,0,0,16.79,21.09,4002,2,1,0,31.49
2494423,54.08,55.0,54.1,56.0,0,0,16.81,21.08,4502,2,1,0,31.49
2494929,54.08,55.0,54.1,56.0,0,0,16.81,21.08,5002,2,1,0,31.49
2495435,54.06,55.0,54.1,56.0,0,0,16.72,21.09,5502,2,1,0,31.51
2495941,54.01,55.0,54.1,56.0,0,0,16.63,21.09,6002,2,1,0,31.49
2496448,54.01,55.0,54.1,56.0,0,0,16.63,21.05,6502,2,1,0,31.49
2496954,54.01,55.0,54.1,56.0,0,0,16.63,21.05,7002,2,1,0,31.49
2497460,53.91,55.0,54.1,56.0,0,0,16.92,21.01,7502,2,1,0,31.48
2497966,53.85,55.0,54.1,56.0,0,0,16.85,21.01,8002,2,1,0,31.51
2498472,53.85,55.0,54.1,56.0,0,0,16.85,21.02,8502,2,1,0,31.51
2498978,53.85,55.0,54.1,56.0,0,0,16.46,21.02,9002,2,1,0,31.51
2499484,53.8,55.0,54.1,56.0,0,0,16.96,20.98,9502,2,1,0,31.48
2499990,53.76,55.0,54.1,56.0,0,0,17.13,21.01,10002,2,1,0,31.52
2500499,53.76,55.0,54.1,56.0,0,0,17.13,21.01,10502,2,1,0,31.52
2501006,53.66,55.0,54.1,56.0,0,0,17.09,21.01,11002,2,1,0,31.51
2501512,53.66,55.0,54.1,56.0,0,0,17.09,20.96,11502,2,1,0,31.51
2502018,53.66,55.0,54.1,56.0,0,0,17.09,20.96,12002,2,1,0,31.51
2502524,53.61,55.0,54.1,56.0,0,0,16.92,20.96,12502,2,1,0,31.51
2503030,53.61,55.0,54.1,56.0,0,0,16.92,20.95,13002,2,1,0,31.51
2503536,53.61,55.0,54.1,56.0,0,0,16.92,20.95,13502,2,1,0,31.51
2504042,53.55,55.0,54.1,56.0,0,0,17.39,20.93,14002,2,1,0,31.51
2504548,53.45,55.0,54.1,56.0,0,0,17.54,20.93,14502,2,1,0,31.51
2505054,53.45,55.0,54.1,56.0,0,0,17.54,20.9,15002,2,1,0,31.51
2505560,53.39,55.0,54.1,56.0,0,0,17.58,20.9,15502,2,1,0,31.48
2506066,53.39,55.0,54.1,56.0,0,0,17.58,20.86,16002,2,1,0,31.48
2506572,53.35,55.0,54.1,56.0,0,0,17.93,20.87,16502,2,1,0,31.51
2507078,53.33,55.0,54.1,56.0,0,0,17.88,20.84,17002,2,1,0,31.48
2507584,53.28,55.0,54.1,56.0,0,0,17.91,20.84,17502,2,1,0,31.49
2508090,53.28,55.0,54.1,56.0,0,0,17.91,20.83,18002,2,1,0,31.49
2508596,53.24,55.0,54.1,56.0,0,0,18.12,20.8,18502,2,1,0,31.47
2509102,53.24,55.0,54.1,56.0,0,0,18.12,20.8,19002,2,1,0,31.47
2509608,53.17,55.0,54.1,56.0,0,0,17.99,20.82,19502,2,1,0,31.51
2510114,53.16,55.0,54.1,56.0,0,0,18.25,20.82,20002,2,1,0,31.49
2510620,53.16,55.0,54.1,56.0,0,0,18.25,20.8,20502,2,1,0,31.49
2511126,53.16,55.0,54.1,56.0,0,0,18.25,20.8,21005,2,1,0,31.49
2511632,53.16,55.0,54.1,56.0,0,0,18.25,20.8,21505,2,1,0,31.49
2512138,53.02,55.0,54.1,56.0,0,0,18.32,20.8,22005,2,1,0,31.48
2512644,53.02,55.0,54.1,56.0,0,0,18.32,20.74,22505,2,1,0,31.48
2513150,53.02,55.0,54.1,56.0,0,0,18.32,20.74,23005,2,1,0,31.48
2513656,52.99,55.0,54.1,56.0,0,0,18.47,20.75,23505,2,1,0,31.49
2514162,52.94,55.0,54.1,56.0,0,0,18.66,20.72,24005,2,1,0,31.48
2514668,52.89,55.0,54.1,56.0,0,0,18.75,20.72,24505,2,1,0,31.48
2515174,52.89,55.0,54.1,56.0,0,0,18.75,20.7,25005,2,1,0,31.48
2515680,52.88,55.0,54.1,56.0,0,0,18.83,20.7,25505,2,1,0,31.49
2516186,52.88,55.0,54.1,56.0,0,0,18.83,20.71,26005,2,1,0,31.49
2516692,52.88,55.0,54.1,56.0,0,0,18.83,20.71,26509,2,1,0,31.49
2517198,52.82,55.0,54.1,56.0,0,0,18.88,20.64,27010,2,1,0,31.44
2517704,52.83,55.0,54.1,56.0,0,0,18.6,20.64,27510,2,1,0,31.49
2518210,52.83,55.0,54.1,56.0,0,0,18.6,20.7,28010,2,1,0,31.49
2518716,52.83,55.0,54.1,56.0,0,0,18.6,20.7,28510,2,1,0,31.49
2519222,52.83,55.0,54.1,56.0,0,0,18.6,20.7,29010,2,1,0,31.49
2519728,52.79,55.0,54.1,56.0,0,0,19.24,20.68,29510,2,0,0,31.49
2520234,52.74,55.0,54.1,56.0,0,0,19.24,20.68,30010,2,0,0,31.51
2520740,52.74,55.0,54.1,56.0,0,0,19.24,20.68,30510,2,0,0,31.51
2521246,52.68,55.0,54.1,56.0,0,0,19.44,20.68,31010,2,0,0,31.48
2521754,52.68,55.0,54.1,56.0,0,0,19.44,20.64,31510,2,0,0,31.48
2522261,52.68,55.0,54.1,56.0,0,0,19.76,20.65,32025,2,0,0,31.49
2522767,52.68,55.0,54.1,56.0,0,0,19.48,20.65,32525,2,0,0,31.49
2523273,52.72,55.0,54.1,56.0,0,0,19.5,20.65,33025,2,0,0,31.49
2523779,52.72,55.0,54.1,56.0,0,0,19.5,20.66,33525,2,0,0,31.49
2524285,52.63,55.0,54.1,56.0,0,0,19.65,20.66,34025,2,0,0,31.51
2524791,52.63,55.0,54.1,56.0,0,0,19.87,20.65,34525,2,0,0,31.48
2525297,52.63,55.0,54.1,56.0,0,0,19.87,20.62,35025,2,0,0,31.48
2525803,52.67,55.0,54.1,56.0,0,0,19.95,20.62,35525,2,0,0,31.51
2526309,52.67,55.0,54.1,56.0,0,0,19.95,20.66,36025,2,0,0,31.51
2526815,52.65,55.0,54.1,56.0,0,0,19.97,20.66,36525,2,0,0,31.48
2527321,52.68,55.0,54.1,56.0,0,0,20.1,20.63,37025,2,0,0,31.49
2527827,52.68,55.0,54.1,56.0,0,0,20.1,20.65,37525,2,0,0,31.49
2528333,52.68,55.0,54.1,56.0,0,0,20.1,20.65,38025,2,0,0,31.49
2528839,52.68,55.0,54.1,56.0,0,0,20.1,20.65,38525,2,0,0,31.49
2529345,52.68,55.0,54.1,56.0,0,0,19.48,20.65,39025,2,0,0,31.48
2529854,52.64,55.0,54.1,56.0,0,0,20.99,20.64,39525,2,0,0,31.48
2530361,52.64,55.0,54.1,56.0,0,0,20.99,20.62,40026,2,0,0,31.48
2530867,52.6,55.0,54.1,56.0,0,0,20.45,20.62,40528,2,0,0,31.48
2531373,52.63,55.0,54.1,56.0,0,0,20.49,20.61,41034,2,0,0,31.48
2531879,52.63,55.0,54.1,56.0,0,0,20.6,20.62,41540,2,0,0,31.48
2532385,52.63,55.0,54.1,56.0,0,0,20.6,20.62,42546,2,0,0,31.48
2532891,52.62,55.0,54.1,56.0,0,0,20.53,20.61,43046,2,0,0,31.47
2533397,52.67,55.0,54.1,56.0,0,0,20.58,20.65,43546,2,0,0,31.49
2533903,52.67,55.0,54.1,56.0,0,0,20.58,20.65,44046,2,0,0,31.49
2534409,52.66,55.0,54.1,56.0,0,0,20.75,20.67,44546,2,0,0,31.52
2534915,52.66,55.0,54.1,56.0,0,0,20.75,20.67,45046,2,0,0,31.52
2535421,52.65,55.0,54.1,56.0,0,0,20.86,20.63,45546,2,0,0,31.48
2535927,52.65,55.0,54.1,56.0,0,0,20.86,20.63,46048,2,0,0,31.48
2536433,52.65,55.0,54.1,56.0,0,0,20.97,20.63,46549,2,0,0,31.48
2536939,52.64,55.0,54.1,56.0,0,0,20.77,20.64,47051,2,0,0,31.49
2537445,52.64,55.0,54.1,56.0,0,0,20.77,20.64,47551,2,0,0,31.49
2537951,52.71,55.0,54.1,56.0,0,0,21.1,20.66,48051,2,0,0,31.49
2538457,52.71,55.0,54.1,56.0,0,0,21.1,20.66,48551,2,0,0,31.49
2538963,52.71,55.0,54.1,56.0,0,0,21.1,20.66,49051,2,0,0,31.49
2539469,52.67,55.0,54.1,56.0,0,0,21.16,20.65,49551,2,0,0,31.49
2539975,52.74,55.0,54.1,56.0,0,0,21.18,20.67,50051,2,0,0,31.49
2540481,52.74,55.0,54.1,56.0,0,0,21.18,20.67,50551,2,0,0,31.49
2540987,52.74,55.0,54.1,56.0,0,0,21.18,20.67,51051,2,0,0,31.49
2541493,52.68,55.0,54.1,56.0,0,0,21.44,20.65,51551,2,0,0,31.49
2541999,52.76,55.0,54.1,56.0,0,0,21.53,20.67,52051,2,0,0,31.49
2542505,52.76,55.0,54.1,56.0,0,0,21.53,20.67,52551,2,0,0,31.49
2543011,52.76,55.0,54.1,56.0,0,0,21.66,20.67,53051,2,0,0,31.49
2543517,52.79,55.0,54.1,56.0,0,0,21.59,20.7,53551,2,0,0,31.51
2544023,52.79,55.0,54.1,56.0,0,0,21.59,20.7,54051,2,0,0,31.51
2544529,52.79,55.0,54.1,56.0,0,0,21.59,20.7,54551,2,0,0,31.51
2545035,52.83,55.0,54.1,56.0,0,0,21.55,20.71,55051,2,0,0,31.51
2545542,52.83,55.0,54.1,56.0,0,0,21.55,20.71,55551,2,0,0,31.51
2546049,52.82,55.0,54.1,56.0,0,0,21.79,20.71,56051,2,0,0,31.51
2546555,52.82,55.0,54.1,56.0,0,0,21.79,20.71,56551,2,0,0,31.51
2547061,52.86,55.0,54.1,56.0,0,0,21.87,20.71,57051,2,0,0,31.48
2547567,52.86,55.0,54.1,56.0,0,0,21.87,20.69,57551,2,0,0,31.48
2548073,52.87,55.0,54.1,56.0,0,0,21.83,20.72,58051,2,0,0,31.51
2548579,52.87,55.0,54.1,56.0,0,0,21.83,20.72,58551,2,0,0,31.51
2549085,52.91,55.0,54.1,56.0,0,0,21.94,20.74,59051,2,0,0,31.51
2549591,52.91,55.0,54.1,56.0,0,0,21.94,20.74,59551,2,0,0,31.51
2550097,52.93,55.0,54.1,56.0,0,0,22.11,20.74,60051,2,0,0,31.52
2550603,52.97,55.0,54.1,56.0,0,0,22.18,20.75,60551,2,0,0,31.49
2551109,52.97,55.0,54.1,56.0,0,0,22.18,20.74,61051,2,0,0,31.49
2551615,52.98,55.0,54.1,56.0,0,0,22.13,20.74,61551,2,0,0,31.49
2552121,52.95,55.0,54.1,56.0,0,0,22.24,20.75,62051,2,0,0,31.51
2552627,52.95,55.0,54.1,56.0,0,0,22.24,20.75,62551,2,0,0,31.51
2553133,53.03,55.0,54.1,56.0,0,0,22.29,20.73,63051,2,0,0,31.47
2553639,53.03,55.0,54.1,56.0,0,0,22.29,20.73,63551,2,0,0,31.47
2554145,53.01,55.0,54.1,56.0,0,0,22.35,20.76,64051,2,0,0,31.51
2554651,53.01,55.0,54.1,56.0,0,0,22.35,20.76,64551,2,0,0,31.51
2555157,53.06,55.0,54.1,56.0,0,0,22.61,20.78,65051,2,0,0,31.51
2555663,53.06,55.0,54.1,56.0,0,0,22.61,20.78,65551,2,0,0,31.51
2556169,53.05,55.0,54.1,56.0,0,0,22.63,20.78,66063,2,0,0,31.51
2556675,53.06,55.0,54.1,56.0,0,0,22.63,20.78,66563,2,0,0,31.49
2557194,53.09,55.0,54.1,56.0,0,0,22.63,20.77,67063,2,0,0,31.48
2557701,53.09,55.0,54.1,56.0,0,0,22.63,20.76,67563,2,0,0,31.48
2558207,53.12,55.0,54.1,56.0,0,0,22.59,20.76,68063,2,0,0,31.51
2558713,53.12,55.0,54.1,56.0,0,0,22.59,20.8,68563,2,0,0,31.51
2559219,53.18,55.0,54.1,56.0,0,0,22.65,20.8,69063,2,0,0,31.49
2559725,53.19,55.0,54.1,56.0,0,0,22.83,20.8,69563,2,0,0,31.49
2560231,53.19,55.0,54.1,56.0,0,0,22.83,20.81,70063,2,0,0,31.49
2560739,53.19,55.0,54.1,56.0,0,0,22.83,20.81,70563,2,0,0,31.49
2561246,53.23,55.0,54.1,56.0,0,0,22.91,20.82,71063,2,0,0,31.49
2561752,53.23,55.0,54.1,56.0,0,0,22.91,20.82,71563,2,0,0,31.49
2562258,53.25,55.0,54.1,56.0,0,0,22.91,20.84,72063,2,0,0,31.51
2562764,53.29,55.0,54.1,56.0,0,0,22.85,20.84,72563,2,0,0,31.49
2563270,53.29,55.0,54.1,56.0,0,0,22.85,20.84,73063,2,0,0,31.49
2563776,53.3,55.0,54.1,56.0,0,0,23.0,20.84,73563,2,0,0,31.52
2564282,53.3,55.0,54.1,56.0,0,0,23.0,20.87,74065,2,0,0,31.52
2564788,53.29,55.0,54.1,56.0,0,0,23.26,20.82,74568,2,0,0,31.48
2565294,53.29,55.0,54.1,56.0,0,0,23.26,20.82,75068,2,0,0,31.48
2565800,53.33,55.0,54.1,56.0,0,0,23.13,20.82,75568,2,0,0,31.47
2566306,53.37,55.0,54.1,56.0,0,0,23.13,20.82,76068,2,0,0,31.51
2566812,53.37,55.0,54.1,56.0,0,0,23.13,20.88,76568,2,0,0,31.51
2567318,53.4,55.0,54.1,56.0,0,0,23.15,20.87,77068,2,0,0,31.49
2567824,53.42,55.0,54.1,56.0,0,0,23.33,20.87,77568,2,0,0,31.49
2568330,53.42,55.0,54.1,56.0,0,0,23.33,20.88,78068,2,0,0,31.49
2568836,53.42,55.0,54.1,56.0,0,0,23.33,20.88,78568,2,0,0,31.49
2569342,53.51,55.0,54.1,56.0,0,0,23.26,20.88,79068,2,0,0,31.49
2569848,53.47,55.0,54.1,56.0,0,0,23.5,20.9,79568,2,0,0,31.49
2570354,53.47,55.0,54.1,56.0,0,0,23.5,20.89,80068,2,0,0,31.49
2570860,53.47,55.0,54.1,56.0,0,0,23.5,20.89,80568,2,0,0,31.49
2571366,53.47,55.0,54.1,56.0,0,0,23.5,20.89,81068,2,0,0,31.49
2571872,53.52,55.0,54.1,56.0,0,0,23.42,20.89,81568,2,0,0,31.49
2572379,53.56,55.0,54.1,56.0,0,0,23.65,20.91,82068,2,0,0,31.51
2572886,53.56,55.0,54.1,56.0,0,0,23.65,20.93,82568,2,0,0,31.51
2573392,53.57,55.0,54.1,56.0,0,0,23.5,20.93,83068,2,0,0,31.49
2573898,53.61,55.0,54.1,56.0,0,0,23.57,20.92,83568,2,0,0,31.51
2574404,53.61,55.0,54.1,56.0,0,0,23.65,20.95,84068,2,0,0,31.51
2574910,53.61,55.0,54.1,56.0,0,0,23.65,20.95,85071,2,0,0,31.51
2575416,53.62,55.0,54.1,56.0,0,0,23.83,20.97,85571,2,0,0,31.52
2575922,53.67,55.0,54.1,56.0,0,0,23.81,20.95,86071,2,0,0,31.49
2576428,53.67,55.0,54.1,56.0,0,0,23.81,20.95,86571,2,0,0,31.49
2576934,53.68,55.0,54.1,56.0,0,0,23.92,20.96,87071,2,0,0,31.49
2577441,53.73,55.0,54.1,56.0,0,0,23.89,20.96,87571,2,0,0,31.49
2577948,53.73,55.0,54.1,56.0,0,0,23.89,20.97,88071,2,0,0,31.49
2578454,53.76,55.0,54.1,56.0,0,0,23.87,20.98,88571,2,0,0,31.49
2578960,53.78,55.0,54.1,56.0,0,0,23.89,20.97,89071,2,0,0,31.48
2579466,53.78,55.0,54.1,56.0,0,0,23.89,20.97,89571,2,0,0,31.48
2579972,53.82,55.0,54.1,56.0,0,0,24.0,21.0,90078,2,0,0,31.49
2580478,53.82,55.0,54.1,56.0,0,0,24.0,21.0,90578,2,0,0,31.49
2580984,53.81,55.0,54.1,56.0,0,0,23.87,20.99,91078,2,0,0,31.49
2581499,53.86,55.0,54.1,56.0,0,0,24.07,20.99,91578,2,0,0,31.49
2582006,53.86,55.0,54.1,56.0,0,0,24.07,21.01,92078,2,0,0,31.49
2582512,53.89,55.0,54.1,56.0,0,0,24.03,21.03,92578,2,0,0,31.51
2583018,53.9,55.0,54.1,56.0,0,0,23.81,21.04,93078,2,0,0,31.51
2583524,53.9,55.0,54.1,56.0,0,0,23.81,21.04,93578,2,0,0,31.51
2584030,53.95,55.0,54.1,56.0,0,0,24.44,21.05,94078,2,0,0,31.51
2584536,53.95,55.0,54.1,56.0,0,0,24.44,21.05,94578,2,0,0,31.51
2585044,53.95,55.0,54.1,56.0,0,0,24.44,21.05,95078,2,0,0,31.51
2585550,53.95,55.0,54.1,56.0,0,0,24.44,21.05,95578,2,0,0,31.51
2586056,53.95,55.0,54.1,56.0,0,0,24.44,21.05,96078,2,0,0,31.51
2586562,53.98,55.0,54.1,56.0,0,0,24.95,21.05,96578,2,0,0,31.49
2587068,53.99,55.0,54.1,56.0,0,0,24.44,21.06,97078,2,0,0,31.51
2587574,54.03,55.0,54.1,56.0,0,0,24.4,21.06,97578,2,0,0,31.49
2588080,54.03,55.0,54.1,56.0,0,0,24.4,21.06,98078,2,0,0,31.49
2588586,54.03,55.0,54.1,56.0,0,0,24.4,21.06,98578,2,0,0,31.49
2589092,54.02,55.0,54.1,56.0,0,0,24.44,21.05,99078,2,0,0,31.48
2589598,54.12,55.0,54.1,56.0,1,0,24.49,21.1,0,2,0,0,31.51
2590104,54.1,55.0,54.1,56.0,1,0,24.57,21.1,500,2,0,0,31.49
2590610,54.1,55.0,54.1,56.0,1,0,24.57,21.08,1000,2,0,0,31.49
2591116,54.1,55.0,54.1,56.0,1,0,24.66,21.08,1500,2,0,0,31.49
2591622,54.1,55.0,54.1,56.0,1,0,24.66,21.08,2000,2,0,0,31.49
2592128,54.14,55.0,54.1,56.0,1,0,24.75,21.08,2500,2,0,0,31.48
2592634,54.14,55.0,54.1,56.0,1,0,24.75,21.08,3000,2,0,0,31.48
2593140,54.17,55.0,54.1,56.0,1,0,24.7,21.1,3500,2,0,0,31.49
2593646,54.2,55.0,54.1,56.0,1,0,24.51,21.1,4001,2,0,0,31.49
2594152,54.2,55.0,54.1,56.0,1,0,24.51,21.11,4503,2,0,0,31.49
2594658,54.2,55.0,54.1,56.0,1,0,24.51,21.11,5003,2,0,0,31.49
2595164,54.23,55.0,54.1,56.0,1,0,24.51,21.11,5503,2,0,0,31.48
2595670,54.23,55.0,54.1,56.0,1,0,24.4,21.11,6003,2,0,0,31.51
2596178,54.23,55.0,54.1,56.0,1,0,24.4,21.14,6503,2,0,0,31.51
2596685,54.25,55.0,54.1,56.0,1,0,24.38,21.14,7003,2,0,0,31.51
2597191,54.25,55.0,54.1,56.0,1,0,24.38,21.14,7503,2,0,0,31.51
2597697,54.25,55.0,54.1,56.0,1,0,24.38,21.14,8003,2,0,0,31.51
2598203,54.34,55.0,54.1,56.0,1,0,24.09,21.14,8503,2,0,0,31.51
2598709,54.34,55.0,54.1,56.0,1,0,24.09,21.17,9003,2,0,0,31.51
2599215,54.32,55.0,54.1,56.0,1,0,24.09,21.16,9503,2,0,0,31.51
2599721,54.34,55.0,54.1,56.0,1,0,24.0,21.16,10005,2,0,0,31.52
2600227,54.34,55.0,54.1,56.0,1,0,24.0,21.18,10508,2,0,0,31.52
2600733,54.4,55.0,54.1,56.0,1,0,24.05,21.18,11008,2,0,0,31.49
2601239,54.4,55.0,54.1,56.0,1,0,24.05,21.17,11508,2,0,0,31.49
2601745,54.4,55.0,54.1,56.0,1,0,23.72,21.19,12008,2,0,0,31.51
2602251,54.46,55.0,54.1,56.0,1,0,23.81,21.19,12508,2,0,0,31.49
2602757,54.45,55.0,54.1,56.0,1,0,23.35,21.19,13008,2,0,0,31.51
2603263,54.45,55.0,54.1,56.0,1,0,23.33,21.2,13508,2,0,0,31.51
2603769,54.45,55.0,54.1,56.0,1,0,23.33,21.2,14008,2,0,0,31.51
2604275,54.45,55.0,54.1,56.0,1,0,23.33,21.2,14508,2,0,0,31.51
2604781,54.47,55.0,54.1,56.0,1,0,23.2,21.2,15008,2,0,0,31.48
2605287,54.51,55.0,54.1,56.0,1,0,23.26,21.18,15508,2,0,0,31.49
2605793,54.51,55.0,54.1,56.0,1,0,23.26,21.2,16008,2,0,0,31.49
2606299,54.51,55.0,54.1,56.0,1,0,23.26,21.2,16508,2,0,0,31.49
2606805,54.57,55.0,54.1,56.0,1,0,22.83,21.22,17008,2,0,0,31.49
2607311,54.59,55.0,54.1,56.0,1,0,22.83,21.22,17508,2,0,0,31.51
2607817,54.59,55.0,54.1,56.0,1,0,22.83,21.24,18008,2,0,0,31.51
2608324,54.63,55.0,54.1,56.0,1,0,22.7,21.24,18508,2,0,0,31.49
2608830,54.63,55.0,54.1,56.0,1,0,22.7,21.24,19008,2,0,0,31.49
2609336,54.63,55.0,54.1,56.0,1,0,22.48,21.24,19508,2,0,0,31.49
2609842,54.63,55.0,54.1,56.0,1,0,22.48,21.24,20008,2,0,0,31.49
2610348,54.67,55.0,54.1,56.0,1,0,22.29,21.24,20508,2,0,0,31.49
2610854,54.67,55.0,54.1,56.0,1,0,22.29,21.25,21008,2,0,0,31.49
2611360,54.72,55.0,54.1,56.0,1,0,22.11,21.25,21508,2,0,0,31.49
2611867,54.76,55.0,54.1,56.0,1,0,22.0,21.27,22008,2,0,0,31.51
2612374,54.76,55.0,54.1,56.0,1,0,22.0,21.3,22508,2,0,0,31.51
2612880,54.79,55.0,54.1,56.0,1,0,21.87,21.3,23008,2,0,0,31.51
2613386,54.79,55.0,54.1,56.0,1,0,21.87,21.3,23508,2,0,0,31.51
2613892,54.88,55.0,54.1,56.0,1,0,21.68,21.3,24008,2,0,0,31.48
2614398,54.88,55.0,54.1,56.0,1,0,21.68,21.3,24508,2,0,0,31.48
2614904,54.88,55.0,54.1,56.0,1,0,21.68,21.3,25010,2,0,0,31.48
2615410,54.88,55.0,54.1,56.0,1,0,21.68,21.3,25510,2,0,0,31.48
2615916,54.95,55.0,54.1,56.0,1,0,21.48,21.3,26010,2,0,0,31.49
2616422,54.95,55.0,54.1,56.0,1,0,21.48,21.34,26510,2,0,0,31.49
2616928,55.06,55.0,54.1,56.0,1,0,21.53,21.34,27011,2,0,0,31.49
2617434,55.07,55.0,54.1,56.0,1,0,21.2,21.37,27517,2,0,0,31.48
2617940,55.07,55.0,54.1,56.0,1,0,21.2,21.36,28523,2,0,0,31.48
2618446,55.1,55.0,54.1,56.0,1,0,21.16,21.4,29023,2,0,0,31.51
2618952,55.1,55.0,54.1,56.0,1,0,21.16,21.4,29523,2,0,0,31.51
2619458,55.19,55.0,54.1,56.0,1,0,20.97,21.42,30023,2,0,0,31.51
2619964,55.19,55.0,54.1,56.0,1,0,20.97,21.42,30523,2,0,0,31.51
2620470,55.25,55.0,54.1,56.0,1,0,20.88,21.41,31023,2,0,0,31.48
2620976,55.26,55.0,54.1,56.0,1,0,20.64,21.43,31523,2,0,0,31.49
2621482,55.27,55.0,54.1,56.0,1,0,20.69,21.43,32023,2,0,0,31.49
2621988,55.27,55.0,54.1,56.0,1,0,20.69,21.43,32523,2,0,0,31.49
2622494,55.29,55.0,54.1,56.0,1,0,20.58,21.45,33023,2,0,0,31.51
2623000,55.29,55.0,54.1,56.0,1,0,20.58,21.45,33523,2,0,0,31.51
2623507,55.35,55.0,54.1,56.0,1,0,20.43,21.45,34023,2,0,0,31.49
2624013,55.37,55.0,54.1,56.0,1,0,20.32,21.45,34523,2,0,0,31.48
2624519,55.37,55.0,54.1,56.0,1,0,20.32,21.45,35023,2,0,0,31.48
2625025,55.37,55.0,54.1,56.0,1,0,20.32,21.45,35523,2,0,0,31.48
2625531,55.37,55.0,54.1,56.0,1,0,20.32,21.45,36023,2,0,0,31.48
2626037,55.44,55.0,54.1,56.0,1,0,20.19,21.5,36523,2,0,0,31.51
2626543,55.46,55.0,54.1,56.0,1,0,20.04,21.5,37023,2,0,0,31.51
2627049,55.48,55.0,54.1,56.0,1,0,19.84,21.48,37523,2,1,0,31.48
2627556,55.54,55.0,54.1,56.0,1,0,20.15,21.48,38023,2,1,0,31.51
2628063,55.54,55.0,54.1,56.0,1,0,20.15,21.52,38523,2,0,0,31.51
2628569,55.59,55.0,54.1,56.0,1,0,19.76,21.54,39023,2,1,0,31.51
2629075,55.58,55.0,54.1,56.0,1,0,19.65,21.54,39523,2,1,0,31.51
2629581,55.62,55.0,54.1,56.0,0,0,19.69,21.55,0,2,1,0,31.51
2630087,55.62,55.0,54.1,56.0,0,0,19.69,21.55,500,2,1,0,31.51
2630593,55.62,55.0,54.1,56.0,0,0,19.69,21.55,1000,2,1,0,31.51
2631099,55.64,55.0,54.1,56.0,0,0,19.03,21.55,1500,2,1,0,31.51
2631605,55.62,55.0,54.1,56.0,0,0,19.13,21.54,2000,2,1,0,31.49
2632111,55.62,55.0,54.1,56.0,0,0,19.28,21.54,2500,2,1,0,31.49
2632617,55.62,55.0,54.1,56.0,0,0,19.28,21.54,3000,2,1,0,31.49
2633123,55.66,55.0,54.1,56.0,0,0,19.28,21.53,3500,2,1,0,31.48
2633629,55.66,55.0,54.1,56.0,0,0,19.28,21.53,4000,2,1,0,31.48
2634135,55.67,55.0,54.1,56.0,0,0,19.35,21.55,4500,2,1,0,31.49
2634641,55.67,55.0,54.1,56.0,0,0,19.35,21.55,5000,2,1,0,31.49
2635147,55.66,55.0,54.1,56.0,0,0,19.16,21.53,5500,2,1,0,31.48
2635655,55.66,55.0,54.1,56.0,0,0,19.16,21.53,6000,2,1,0,31.48
2636161,55.65,55.0,54.1,56.0,0,0,19.18,21.53,6500,2,1,0,31.49
2636667,55.65,55.0,54.1,56.0,0,0,19.18,21.54,7000,2,1,0,31.49
2637173,55.67,55.0,54.1,56.0,0,0,19.13,21.54,7500,2,1,0,31.48
2637679,55.63,55.0,54.1,56.0,0,0,19.2,21.54,8000,2,1,0,31.48
2638185,55.65,55.0,54.1,56.0,0,0,19.18,21.53,8500,2,1,0,31.49
2638691,55.65,55.0,54.1,56.0,0,0,19.18,21.54,9000,2,1,0,31.49
2639197,55.64,55.0,54.1,56.0,0,0,19.61,21.55,9500,2,1,0,31.51
2639703,55.64,55.0,54.1,56.0,0,0,19.61,21.55,10000,2,1,0,31.51
2640209,55.66,55.0,54.1,56.0,0,0,19.5,21.55,10500,2,1,0,31.49
2640715,55.64,55.0,54.1,56.0,0,0,19.39,21.55,11000,2,1,0,31.51
2641221,55.64,55.0,54.1,56.0,0,0,19.39,21.55,11500,2,1,0,31.51
2641727,55.63,55.0,54.1,56.0,0,0,19.39,21.55,12000,2,1,0,31.51
2642233,55.61,55.0,54.1,56.0,0,0,19.44,21.53,12500,2,1,0,31.49
2642739,55.61,55.0,54.1,56.0,0,0,19.44,21.53,13000,2,1,0,31.49
2643245,55.61,55.0,54.1,56.0,0,0,19.44,21.53,13500,2,1,0,31.49
2643751,55.53,55.0,54.1,56.0,0,0,19.56,21.51,14000,2,1,0,31.49
2644257,55.52,55.0,54.1,56.0,0,0,19.65,21.51,14500,2,1,0,31.48
2644763,55.52,55.0,54.1,56.0,0,0,19.65,21.49,15000,2,1,0,31.48
2645269,55.52,55.0,54.1,56.0,0,0,19.65,21.49,15501,2,1,0,31.48
2645775,55.52,55.0,54.1,56.0,0,0,19.65,21.49,16001,2,1,0,31.48
2646281,55.45,55.0,54.1,56.0,0,0,19.67,21.49,16501,2,1,0,31.49
2646787,55.45,55.0,54.1,56.0,0,0,19.67,21.48,17001,2,1,0,31.49
2647293,55.41,55.0,54.1,56.0,0,0,19.93,21.48,17501,2,1,0,31.48
2647805,55.41,55.0,54.1,56.0,0,0,20.02,21.46,18001,2,1,0,31.49
2648312,55.41,55.0,54.1,56.0,0,0,20.02,21.47,18501,2,0,0,31.49
2648818,55.33,55.0,54.1,56.0,0,0,19.48,21.44,19001,2,1,0,31.48
2649324,55.34,55.0,54.1,56.0,0,0,20.1,21.44,19501,2,1,0,31.47
2649830,55.34,55.0,54.1,56.0,1,0,20.1,21.43,0,2,0,0,31.47
2650336,55.31,55.0,54.1,56.0,1,0,20.53,21.43,500,2,0,0,31.47
2650842,55.31,55.0,54.1,56.0,1,0,20.53,21.42,1000,2,0,0,31.47
2651348,55.25,55.0,54.1,56.0,1,0,19.84,21.42,1500,2,0,0,31.48
2651863,55.25,55.0,54.1,56.0,1,0,20.3,21.41,2000,2,1,0,31.48
2652370,55.25,55.0,54.1,56.0,1,0,20.3,21.41,2500,2,0,0,31.48
2652876,55.2,55.0,54.1,56.0,1,0,20.21,21.41,3001,2,0,0,31.48
2653382,55.2,55.0,54.1,56.0,1,0,20.21,21.4,3502,2,0,0,31.48
2653888,55.21,55.0,54.1,56.0,1,0,20.45,21.4,4002,2,0,0,31.48
2654394,55.17,55.0,54.1,56.0,1,0,20.43,21.4,4502,2,0,0,31.48
2654900,55.17,55.0,54.1,56.0,1,0,20.43,21.39,5002,2,0,0,31.48
2655406,55.14,55.0,54.1,56.0,1,0,20.34,21.39,5502,2,0,0,31.49
2655912,55.14,55.0,54.1,56.0,1,0,20.34,21.39,6002,2,0,0,31.49
2656418,55.14,55.0,54.1,56.0,1,0,20.34,21.39,6502,2,0,0,31.49
2656924,55.11,55.0,54.1,56.0,1,0,20.3,21.39,7002,2,0,0,31.48
2657430,55.11,55.0,54.1,56.0,1,0,20.3,21.37,7502,2,0,0,31.48
2657936,55.1,55.0,54.1,56.0,1,0,20.34,21.37,8002,2,0,0,31.48
2658442,55.06,55.0,54.1,56.0,1,0,20.25,21.37,8502,2,0,0,31.49
2658948,55.06,55.0,54.1,56.0,1,0,20.25,21.37,9002,2,0,0,31.49
2659455,55.02,55.0,54.1,56.0,1,0,20.28,21.37,9505,2,0,0,31.48
2659962,55.02,55.0,54.1,56.0,1,0,20.28,21.34,10013,2,0,0,31.48
2660468,55.02,55.0,54.1,56.0,1,0,20.28,21.34,10515,2,0,0,31.48
2660974,55.06,55.0,54.1,56.0,1,0,20.06,21.36,11521,2,0,0,31.48
2661480,55.06,55.0,54.1,56.0,1,0,20.06,21.36,12021,2,0,0,31.48
2661986,54.99,55.0,54.1,56.0,1,0,19.95,21.35,12521,2,0,0,31.49
2662492,54.99,55.0,54.1,56.0,1,0,19.95,21.35,13021,2,0,0,31.49
2662998,54.99,55.0,54.1,56.0,1,0,19.91,21.35,13521,2,0,0,31.49
2663504,54.94,55.0,54.1,56.0,1,0,19.61,21.31,14021,2,1,0,31.47
2664011,54.96,55.0,54.1,56.0,1,0,19.63,21.31,14521,2,1,0,31.47
2664518,54.96,55.0,54.1,56.0,1,0,19.63,21.31,15021,2,1,0,31.47
2665024,54.98,55.0,54.1,56.0,1,0,19.56,21.33,15521,2,1,0,31.48
2665530,54.98,55.0,54.1,56.0,1,0,19.56,21.33,16021,2,1,0,31.48
2666036,54.93,55.0,54.1,56.0,1,0,19.24,21.32,16521,2,1,0,31.48
2666542,54.93,55.0,54.1,56.0,1,0,19.24,21.32,17021,2,1,0,31.48
2667048,54.93,55.0,54.1,56.0,1,0,19.24,21.32,17521,2,1,0,31.48
2667554,54.96,55.0,54.1,56.0,1,0,19.28,21.33,18021,2,1,0,31.48
2668060,54.96,55.0,54.1,56.0,1,0,19.28,21.33,18521,2,1,0,31.48
2668566,54.96,55.0,54.1,56.0,1,0,19.24,21.34,19021,2,1,0,31.49
2669072,54.94,55.0,54.1,56.0,1,0,19.35,21.32,19521,2,1,0,31.48
2669578,54.9,55.0,54.1,56.0,1,0,19.05,21.31,20021,2,1,0,31.48
2670084,54.94,55.0,54.1,56.0,1,0,18.98,21.32,20521,2,1,0,31.48
2670590,54.94,55.0,54.1,56.0,1,0,18.98,21.32,21021,2,1,0,31.48
2671096,54.88,55.0,54.1,56.0,1,0,18.88,21.3,21521,2,1,0,31.48
2671602,54.88,55.0,54.1,56.0,1,0,18.88,21.3,22021,2,1,0,31.48
2672108,54.91,55.0,54.1,56.0,1,0,18.88,21.31,22521,2,1,0,31.48
2672614,54.91,55.0,54.1,56.0,1,0,18.88,21.31,23021,2,1,0,31.48
2673120,54.88,55.0,54.1,56.0,1,0,18.66,21.31,23521,2,1,0,31.47
2673626,54.88,55.0,54.1,56.0,1,0,18.66,21.29,24021,2,1,0,31.47
2674132,54.88,55.0,54.1,56.0,1,0,18.49,21.3,24521,2,1,0,31.48
2674638,54.91,55.0,54.1,56.0,1,0,18.55,21.32,25021,2,1,0,31.49
2675144,54.91,55.0,54.1,56.0,1,0,18.6,21.3,25535,2,1,0,31.47
2675650,54.91,55.0,54.1,56.0,1,0,18.6,21.3,26035,2,1,0,31.47
2676156,54.88,55.0,54.1,56.0,1,0,18.34,21.32,26535,2,1,0,31.49
2676662,54.88,55.0,54.1,56.0,1,0,18.94,21.32,27035,2,1,0,31.49
2677168,54.88,55.0,54.1,56.0,1,0,18.94,21.32,27535,2,1,0,31.49
2677674,54.88,55.0,54.1,56.0,1,0,18.32,21.3,28035,2,1,0,31.48
2678180,54.88,55.0,54.1,56.0,1,0,18.32,21.3,28535,2,1,0,31.48
2678686,54.84,55.0,54.1,56.0,1,0,17.93,21.3,29035,2,1,0,31.48
2679192,54.84,55.0,54.1,56.0,1,0,17.93,21.29,29535,2,1,0,31.48
2679698,54.84,55.0,54.1,56.0,1,0,18.04,21.28,30035,2,1,0,31.47
2680204,54.88,55.0,54.1,56.0,1,0,17.93,21.32,30535,2,1,0,31.49
2680710,54.81,55.0,54.1,56.0,1,0,18.1,21.32,31035,2,1,0,31.48
2681216,54.81,55.0,54.1,56.0,1,0,18.1,21.28,31535,2,1,0,31.48
2681722,54.79,55.0,54.1,56.0,1,0,17.82,21.28,32035,2,1,0,31.47
2682228,54.79,55.0,54.1,56.0,1,0,17.82,21.26,32535,2,1,0,31.47
2682734,54.74,55.0,54.1,56.0,1,0,17.73,21.25,33035,2,1,0,31.47
2683240,54.77,55.0,54.1,56.0,1,0,17.52,21.27,33543,2,1,0,31.48
2683746,54.73,55.0,54.1,56.0,1,0,17.6,21.27,34043,2,1,0,31.45
2684252,54.73,55.0,54.1,56.0,1,0,17.6,21.23,34543,2,1,0,31.45
2684759,54.73,55.0,54.1,56.0,1,0,17.6,21.23,35043,2,1,0,31.45
2685265,54.66,55.0,54.1,56.0,1,0,17.41,21.25,35543,2,1,0,31.49
2685771,54.66,55.0,54.1,56.0,1,0,17.41,21.25,36043,2,1,0,31.49
2686277,54.66,55.0,54.1,56.0,1,0,17.41,21.25,36543,2,1,0,31.49
2686783,54.59,55.0,54.1,56.0,1,0,17.35,21.25,37043,2,1,0,31.47
2687289,54.62,55.0,54.1,56.0,1,0,17.41,21.2,37543,2,1,0,31.48
2687795,54.62,55.0,54.1,56.0,1,0,17.41,21.23,38043,2,1,0,31.48
2688301,54.51,55.0,54.1,56.0,1,0,17.09,21.23,38543,2,1,0,31.45
2688807,54.51,55.0,54.1,56.0,1,0,17.09,21.17,39043,2,1,0,31.45
2689313,54.46,55.0,54.1,56.0,1,0,16.92,21.19,39548,2,1,0,31.49
2689819,54.46,55.0,54.1,56.0,0,0,16.92,21.19,0,2,1,0,31.49
2690325,54.42,55.0,54.1,56.0,0,0,17.11,21.15,500,2,1,0,31.47
2690831,54.41,55.0,54.1,56.0,0,0,16.98,21.16,1000,2,1,0,31.48
2691337,54.41,55.0,54.1,56.0,0,0,16.98,21.16,1500,2,1,0,31.48
2691843,54.33,55.0,54.1,56.0,0,0,16.98,21.14,2000,2,1,0,31.48
2692349,54.34,55.0,54.1,56.0,0,0,17.24,21.14,2500,2,1,0,31.48
2692855,54.29,55.0,54.1,56.0,0,0,16.83,21.14,3000,2,1,0,31.48
2693361,54.33,55.0,54.1,56.0,0,0,16.81,21.13,3500,2,1,0,31.48
2693867,54.33,55.0,54.1,56.0,0,0,16.81,21.14,4000,2,1,0,31.48
2694373,54.28,55.0,54.1,56.0,0,0,16.57,21.08,4500,2,1,0,31.44
2694879,54.28,55.0,54.1,56.0,0,0,16.57,21.08,5000,2,1,0,31.44
2695385,54.17,55.0,54.1,56.0,0,0,16.89,21.06,5500,2,1,0,31.45
2695891,54.13,55.0,54.1,56.0,0,0,16.57,21.06,6000,2,1,0,31.48
2696397,54.12,55.0,54.1,56.0,0,0,17.11,21.08,6500,2,1,0,31.44
2696903,54.12,55.0,54.1,56.0,0,0,17.11,21.04,7000,2,1,0,31.44
2697409,54.03,55.0,54.1,56.0,0,0,16.79,21.04,7500,2,1,0,31.49
2697915,54.03,55.0,54.1,56.0,0,0,16.79,21.06,8000,2,1,0,31.49
2698421,54.03,55.0,54.1,56.0,0,0,16.79,21.06,8501,2,1,0,31.49
2698927,54.03,55.0,54.1,56.0,0,0,16.79,21.06,9001,2,1,0,31.49
2699433,53.96,55.0,54.1,56.0,0,0,17.56,21.0,9501,2,1,0,31.45
2699939,53.96,55.0,54.1,56.0,0,0,17.56,21.0,10001,2,1,0,31.45
2700445,53.96,55.0,54.1,56.0,0,0,17.56,21.0,10501,2,1,0,31.45
2700951,53.87,55.0,54.1,56.0,0,0,17.17,21.0,11001,2,1,0,31.48
2701457,53.87,55.0,54.1,56.0,0,0,17.17,21.0,11501,2,1,0,31.48
2701963,53.79,55.0,54.1,56.0,0,0,17.28,21.0,12001,2,1,0,31.47
2702469,53.79,55.0,54.1,56.0,0,0,17.28,20.96,12501,2,1,0,31.47
2702975,53.7,55.0,54.1,56.0,0,0,17.32,20.96,13001,2,1,0,31.45
2703481,53.62,55.0,54.1,56.0,0,0,17.45,20.92,13503,2,1,0,31.48
2704001,53.61,55.0,54.1,56.0,0,0,17.54,20.92,14003,2,1,0,31.45
2704508,53.61,55.0,54.1,56.0,0,0,17.54,20.9,14511,2,1,0,31.45
2705014,53.58,55.0,54.1,56.0,0,0,17.45,20.9,15013,2,1,0,31.47
2705520,53.58,55.0,54.1,56.0,0,0,17.45,20.9,15519,2,1,0,31.47
2706026,53.58,55.0,54.1,56.0,0,0,17.45,20.9,16525,2,1,0,31.47
2706532,53.58,55.0,54.1,56.0,0,0,17.45,20.9,17025,2,1,0,31.47
2707038,53.58,55.0,54.1,56.0,0,0,17.45,20.9,17525,2,1,0,31.47
2707544,53.58,55.0,54.1,56.0,0,0,17.45,20.9,18025,2,1,0,31.47
2708050,53.45,55.0,54.1,56.0,0,0,17.95,20.86,18525,2,1,0,31.47
2708556,53.36,55.0,54.1,56.0,0,0,17.73,20.86,19025,2,1,0,31.49
2709062,53.3,55.0,54.1,56.0,0,0,18.23,20.8,19525,2,1,0,31.45
2709568,53.3,55.0,54.1,56.0,0,0,18.23,20.8,20025,2,1,0,31.45
2710076,53.3,55.0,54.1,56.0,0,0,18.23,20.8,20525,2,1,0,31.45
2710583,53.28,55.0,54.1,56.0,0,0,18.25,20.8,21025,2,1,0,31.45
2711089,53.28,55.0,54.1,56.0,0,0,18.25,20.8,21525,2,1,0,31.45
2711595,53.18,55.0,54.1,56.0,0,0,18.27,20.76,22025,2,1,0,31.45
2712101,53.18,55.0,54.1,56.0,0,0,18.34,20.78,22525,2,1,0,31.47
2712607,53.18,55.0,54.1,56.0,0,0,18.34,20.78,23025,2,1,0,31.47
2713113,53.17,55.0,54.1,56.0,0,0,18.49,20.75,23525,2,1,0,31.44
2713619,53.17,55.0,54.1,56.0,0,0,18.49,20.75,24029,2,1,0,31.44
2714125,53.17,55.0,54.1,56.0,0,0,18.49,20.75,24529,2,1,0,31.44
2714631,53.17,55.0,54.1,56.0,0,0,18.49,20.75,25029,2,1,0,31.44
2715137,53.05,55.0,54.1,56.0,0,0,18.7,20.75,25529,2,1,0,31.48
2715643,53.03,55.0,54.1,56.0,0,0,18.88,20.74,26029,2,1,0,31.48
2716149,53.02,55.0,54.1,56.0,0,0,18.7,20.74,26529,2,1,0,31.48
2716655,53.0,55.0,54.1,56.0,0,0,19.05,20.74,27029,2,1,0,31.48
2717161,53.0,55.0,54.1,56.0,0,0,19.05,20.74,27529,2,1,0,31.48
2717667,53.0,55.0,54.1,56.0,0,0,19.05,20.74,28029,2,1,0,31.48
2718173,52.92,55.0,54.1,56.0,0,0,19.26,20.7,28529,2,0,0,31.47
2718679,52.92,55.0,54.1,56.0,0,0,19.26,20.7,29029,2,0,0,31.47
2719185,52.92,55.0,54.1,56.0,0,0,19.26,20.7,29529,2,0,0,31.47
2719691,52.89,55.0,54.1,56.0,0,0,19.18,20.69,30029,2,1,0,31.47
2720197,52.89,55.0,54.1,56.0,0,0,19.28,20.69,30529,2,1,0,31.48
2720703,52.89,55.0,54.1,56.0,0,0,19.28,20.7,31029,2,0,0,31.48
2721209,52.89,55.0,54.1,56.0,0,0,19.28,20.7,31529,2,0,0,31.48
2721715,52.88,55.0,54.1,56.0,0,0,19.54,20.69,32029,2,0,0,31.47
2722221,52.87,55.0,54.1,56.0,0,0,19.84,20.69,32529,2,0,0,31.47
2722727,52.87,55.0,54.1,56.0,0,0,19.84,20.68,33029,2,0,0,31.47
2723233,52.82,55.0,54.1,56.0,0,0,19.61,20.66,33529,2,0,0,31.45
2723739,52.84,55.0,54.1,56.0,0,0,19.84,20.67,34029,2,0,0,31.47
2724245,52.84,55.0,54.1,56.0,0,0,19.78,20.67,34529,2,0,0,31.48
2724751,52.84,55.0,54.1,56.0,0,0,19.78,20.69,35029,2,0,0,31.48
2725257,52.84,55.0,54.1,56.0,0,0,19.78,20.69,35529,2,0,0,31.48
2725763,52.78,55.0,54.1,56.0,0,0,20.1,20.63,36029,2,0,0,31.44
2726269,52.78,55.0,54.1,56.0,0,0,20.1,20.63,36529,2,0,0,31.44
2726775,52.78,55.0,54.1,56.0,0,0,20.1,20.63,37029,2,0,0,31.44
2727281,52.81,55.0,54.1,56.0,0,0,20.0,20.67,37529,2,0,0,31.47
2727787,52.81,55.0,54.1,56.0,0,0,20.0,20.67,38029,2,0,0,31.47
2728293,52.81,55.0,54.1,56.0,0,0,20.0,20.67,38529,2,0,0,31.47
2728799,52.76,55.0,54.1,56.0,0,0,20.17,20.67,39029,2,0,0,31.45
2729305,52.76,55.0,54.1,56.0,0,0,20.17,20.64,39529,2,0,0,31.45
2729811,52.78,55.0,54.1,56.0,0,0,20.25,20.64,40029,2,0,0,31.47
2730317,52.78,55.0,54.1,56.0,0,0,20.25,20.66,40529,2,0,0,31.47
2730823,52.78,55.0,54.1,56.0,0,0,20.25,20.66,41029,2,0,0,31.47
2731330,52.8,55.0,54.1,56.0,0,0,20.06,20.66,41529,2,0,0,31.48
2731837,52.8,55.0,54.1,56.0,0,0,20.06,20.67,42029,2,0,0,31.48
2732343,52.79,55.0,54.1,56.0,0,0,19.84,20.67,42529,2,0,0,31.48
2732849,52.8,55.0,54.1,56.0,0,0,20.58,20.67,43029,2,0,0,31.44
2733355,52.8,55.0,54.1,56.0,0,0,20.58,20.63,43529,2,0,0,31.44
2733861,52.8,55.0,54.1,56.0,0,0,20.58,20.63,44029,2,0,0,31.44
2734367,52.79,55.0,54.1,56.0,0,0,20.66,20.67,44529,2,0,0,31.48
2734886,52.78,55.0,54.1,56.0,0,0,20.9,20.67,45029,2,0,0,31.45
2735393,52.78,55.0,54.1,56.0,0,0,20.9,20.64,45529,2,0,0,31.45
2735899,52.76,55.0,54.1,56.0,0,0,20.84,20.64,46029,2,0,0,31.47
2736405,52.76,55.0,54.1,56.0,0,0,20.84,20.65,46529,2,0,0,31.47
2736911,52.76,55.0,54.1,56.0,0,0,20.84,20.65,47029,2,0,0,31.47
2737417,52.76,55.0,54.1,56.0,0,0,20.84,20.65,47529,2,0,0,31.47
2737923,52.83,55.0,54.1,56.0,0,0,21.18,20.65,48029,2,0,0,31.47
2738429,52.83,55.0,54.1,56.0,0,0,21.18,20.67,48529,2,0,0,31.47
2738935,52.85,55.0,54.1,56.0,0,0,21.12,20.67,49029,2,0,0,31.45
2739441,52.85,55.0,54.1,56.0,0,0,21.12,20.67,49529,2,0,0,31.45
2739947,52.83,55.0,54.1,56.0,0,0,21.2,20.67,50029,2,0,0,31.47
2740453,52.83,55.0,54.1,56.0,0,0,21.2,20.67,50529,2,0,0,31.47
2740959,52.83,55.0,54.1,56.0,0,0,21.2,20.67,51029,2,0,0,31.47
2741465,52.89,55.0,54.1,56.0,0,0,21.38,20.67,51529,2,0,0,31.47
2741971,52.89,55.0,54.1,56.0,0,0,21.38,20.69,52029,2,0,0,31.47
2742477,52.88,55.0,54.1,56.0,0,0,21.53,20.69,52529,2,0,0,31.45
2742983,52.88,55.0,54.1,56.0,0,0,21.53,20.67,53029,2,0,0,31.45
2743489,52.89,55.0,54.1,56.0,0,0,22.13,20.67,53529,2,0,0,31.45
2743995,52.89,55.0,54.1,56.0,0,0,22.13,20.68,54029,2,0,0,31.45
2744501,52.93,55.0,54.1,56.0,0,0,21.64,20.68,54529,2,0,0,31.44
2745021,52.98,55.0,54.1,56.0,0,0,21.61,20.67,55029,2,0,0,31.49
2745528,52.98,55.0,54.1,56.0,0,0,21.61,20.74,55531,2,0,0,31.49
2746034,53.0,55.0,54.1,56.0,0,0,21.77,20.71,56533,2,0,0,31.45
2746540,53.0,55.0,54.1,56.0,0,0,21.77,20.71,57033,2,0,0,31.45
2747046,53.03,55.0,54.1,56.0,0,0,21.92,20.73,57533,2,0,0,31.47
2747552,53.03,55.0,54.1,56.0,0,0,21.92,20.73,58033,2,0,0,31.47
2748058,53.03,55.0,54.1,56.0,0,0,21.87,20.72,58533,2,0,0,31.45
2748577,53.04,55.0,54.1,56.0,0,0,21.72,20.72,59033,2,0,0,31.47
2749084,53.04,55.0,54.1,56.0,0,0,21.72,20.74,59533,2,0,0,31.47
2749590,53.05,55.0,54.1,56.0,0,0,21.77,20.73,60033,2,0,0,31.45
2750096,53.07,55.0,54.1,56.0,0,0,21.98,20.74,60533,2,0,0,31.47
2750602,53.07,55.0,54.1,56.0,0,0,21.98,20.74,61033,2,0,0,31.47
2751108,53.08,55.0,54.1,56.0,0,0,22.16,20.76,61533,2,0,0,31.48
2751614,53.08,55.0,54.1,56.0,0,0,22.16,20.76,62033,2,0,0,31.48
2752121,53.08,55.0,54.1,56.0,0,0,22.16,20.76,62533,2,0,0,31.48
2752627,53.08,55.0,54.1,56.0,0,0,22.16,20.76,63033,2,0,0,31.48
2753133,53.13,55.0,54.1,56.0,0,0,22.33,20.76,63533,2,0,0,31.45
2753639,53.13,55.0,54.1,56.0,0,0,22.33,20.75,64033,2,0,0,31.45
2754145,53.16,55.0,54.1,56.0,0,0,22.42,20.76,64533,2,0,0,31.45
2754651,53.18,55.0,54.1,56.0,0,0,23.0,20.76,65033,2,0,0,31.47
2755157,53.18,55.0,54.1,56.0,0,0,23.0,20.78,65533,2,0,0,31.47
2755663,53.22,55.0,54.1,56.0,0,0,22.7,20.8,66033,2,0,0,31.48
2756169,53.22,55.0,54.1,56.0,0,0,22.7,20.8,66533,2,0,0,31.48
2756675,53.23,55.0,54.1,56.0,0,0,22.7,20.79,67033,2,0,0,31.47
2757181,53.23,55.0,54.1,56.0,0,0,22.7,20.79,67533,2,0,0,31.47
2757687,53.23,55.0,54.1,56.0,0,0,22.52,20.79,68033,2,0,0,31.47
2758193,53.29,55.0,54.1,56.0,0,0,22.61,20.81,68533,2,0,0,31.47
2758699,53.28,55.0,54.1,56.0,0,0,22.76,20.83,69033,2,0,0,31.49
2759205,53.28,55.0,54.1,56.0,0,0,22.76,20.83,69533,2,0,0,31.49
2759711,53.32,55.0,54.1,56.0,0,0,22.74,20.83,70033,2,0,0,31.44
2760217,53.32,55.0,54.1,56.0,0,0,22.74,20.8,70533,2,0,0,31.44
2760723,53.34,55.0,54.1,56.0,0,0,22.87,20.84,71033,2,0,0,31.48
2761229,53.38,55.0,54.1,56.0,0,0,23.02,20.84,71533,2,0,0,31.47
2761735,53.38,55.0,54.1,56.0,0,0,23.02,20.84,72033,2,0,0,31.47
2762241,53.38,55.0,54.1,56.0,0,0,22.87,20.84,72533,2,0,0,31.45
2762747,53.38,55.0,54.1,56.0,0,0,22.87,20.83,73033,2,0,0,31.45
2763253,53.39,55.0,54.1,56.0,0,0,22.94,20.84,73533,2,0,0,31.47
2763759,53.39,55.0,54.1,56.0,0,0,22.94,20.84,74033,2,0,0,31.47
2764265,53.43,55.0,54.1,56.0,0,0,23.11,20.84,74533,2,0,0,31.45
2764771,53.45,55.0,54.1,56.0,0,0,23.15,20.84,75033,2,0,0,31.45
2765277,53.45,55.0,54.1,56.0,0,0,23.15,20.85,75533,2,0,0,31.45
2765783,53.47,55.0,54.1,56.0,0,0,23.09,20.87,76033,2,0,0,31.47
2766289,53.47,55.0,54.1,56.0,0,0,23.09,20.87,76534,2,0,0,31.47
2766795,53.54,55.0,54.1,56.0,0,0,23.42,20.87,77034,2,0,0,31.45
2767301,53.54,55.0,54.1,56.0,0,0,23.42,20.88,77534,2,0,0,31.45
2767807,53.56,55.0,54.1,56.0,0,0,23.15,20.89,78034,2,0,0,31.47
2768313,53.54,55.0,54.1,56.0,0,0,23.11,20.89,78534,2,0,0,31.45
2768819,53.54,55.0,54.1,56.0,0,0,23.11,20.88,79034,2,0,0,31.45
2769325,53.54,55.0,54.1,56.0,0,0,23.11,20.88,79534,2,0,0,31.45
2769831,53.59,55.0,54.1,56.0,0,0,23.46,20.9,80034,2,0,0,31.47
2770337,53.62,55.0,54.1,56.0,0,0,23.39,20.9,80534,2,0,0,31.47
2770843,53.62,55.0,54.1,56.0,0,0,23.39,20.91,81034,2,0,0,31.47
2771349,53.63,55.0,54.1,56.0,0,0,23.46,20.9,81534,2,0,0,31.45
2771855,53.67,55.0,54.1,56.0,0,0,23.55,20.9,82034,2,0,0,31.45
2772361,53.67,55.0,54.1,56.0,0,0,23.55,20.91,82534,2,0,0,31.45
2772867,53.68,55.0,54.1,56.0,0,0,23.72,20.91,83034,2,0,0,31.48
2773373,53.73,55.0,54.1,56.0,0,0,23.7,20.94,83534,2,0,0,31.48
2773879,53.73,55.0,54.1,56.0,0,0,23.7,20.96,84034,2,0,0,31.48
2774385,53.74,55.0,54.1,56.0,0,0,23.79,20.96,84549,2,0,0,31.48
2774891,53.77,55.0,54.1,56.0,0,0,23.92,20.96,85049,2,0,0,31.45
2775397,53.77,55.0,54.1,56.0,0,0,23.92,20.94,85549,2,0,0,31.45
2775903,53.79,55.0,54.1,56.0,0,0,23.09,20.96,86049,2,0,0,31.47
2776409,53.79,55.0,54.1,56.0,0,0,23.09,20.96,86549,2,0,0,31.47
2776916,53.83,55.0,54.1,56.0,0,0,23.83,20.98,87049,2,0,0,31.47
2777422,53.83,55.0,54.1,56.0,0,0,23.83,20.98,87549,2,0,0,31.47
2777928,53.83,55.0,54.1,56.0,0,0,24.05,20.98,88049,2,0,0,31.47
2778434,53.83,55.0,54.1,56.0,0,0,24.05,20.98,88549,2,0,0,31.47
2778940,53.89,55.0,54.1,56.0,0,0,23.96,20.98,89049,2,0,0,31.47
2779446,53.89,55.0,54.1,56.0,0,0,23.96,20.99,89549,2,0,0,31.47
2779952,53.89,55.0,54.1,56.0,0,0,23.96,20.99,90049,2,0,0,31.47
2780458,53.89,55.0,54.1,56.0,0,0,23.96,20.99,90549,2,0,0,31.47
2780964,53.91,55.0,54.1,56.0,0,0,24.14,20.99,91049,2,0,0,31.44
2781470,53.98,55.0,54.1,56.0,0,0,24.22,20.97,91549,2,0,0,31.45
2781976,53.98,55.0,54.1,56.0,0,0,24.22,21.01,92049,2,0,0,31.45
2782482,53.98,55.0,54.1,56.0,0,0,24.27,21.01,92549,2,0,0,31.45
2782988,54.02,55.0,54.1,56.0,0,0,24.27,21.01,93049,2,0,0,31.48
2783494,54.02,55.0,54.1,56.0,0,0,24.27,21.05,93549,2,0,0,31.48
2784000,54.09,55.0,54.1,56.0,0,0,24.2,21.05,94049,2,0,0,31.48
2784506,54.03,55.0,54.1,56.0,0,0,24.31,21.07,94549,2,0,0,31.49
2785012,54.03,55.0,54.1,56.0,0,0,24.31,21.06,95049,2,0,0,31.49
2785518,54.11,55.0,54.1,56.0,0,0,24.4,21.06,95549,2,0,0,31.47
2786024,54.16,55.0,54.1,56.0,1,0,24.77,21.06,0,2,0,0,31.48
2786530,54.16,55.0,54.1,56.0,1,0,24.77,21.09,500,2,0,0,31.48
2787036,54.11,55.0,54.1,56.0,1,0,24.16,21.09,1000,2,0,0,31.47
2787542,54.14,55.0,54.1,56.0,1,0,24.49,21.06,1500,2,0,0,31.45
2788048,54.14,55.0,54.1,56.0,1,0,24.49,21.06,2000,2,0,0,31.45
2788554,54.17,55.0,54.1,56.0,1,0,24.46,21.08,3004,2,0,0,31.47
2789060,54.17,55.0,54.1,56.0,1,0,24.46,21.08,3504,2,0,0,31.47
2789566,54.17,55.0,54.1,56.0,1,0,24.46,21.08,4004,2,0,0,31.47
2790072,54.21,55.0,54.1,56.0,1,0,24.29,21.09,4504,2,0,0,31.47
2790578,54.21,55.0,54.1,56.0,1,0,24.29,21.09,5004,2,0,0,31.47
2791084,54.26,55.0,54.1,56.0,1,0,24.16,21.1,5504,2,0,0,31.47
2791590,54.27,55.0,54.1,56.0,1,0,24.18,21.11,6004,2,0,0,31.47
2792096,54.27,55.0,54.1,56.0,1,0,24.18,21.11,6504,2,0,0,31.47
2792602,54.27,55.0,54.1,56.0,1,0,24.18,21.11,7004,2,0,0,31.47
2793108,54.3,55.0,54.1,56.0,1,0,24.03,21.12,7504,2,0,0,31.47
2793614,54.31,55.0,54.1,56.0,1,0,24.03,21.13,8014,2,0,0,31.48
2794120,54.31,55.0,54.1,56.0,1,0,24.03,21.13,8514,2,0,0,31.48
2794626,54.36,55.0,54.1,56.0,1,0,23.81,21.15,9014,2,0,0,31.48
2795133,54.36,55.0,54.1,56.0,1,0,23.81,21.15,9514,2,0,0,31.48
2795639,54.33,55.0,54.1,56.0,1,0,23.87,21.13,10014,2,0,0,31.47
2796145,54.39,55.0,54.1,56.0,1,0,23.46,21.16,10514,2,0,0,31.48
2796651,54.38,55.0,54.1,56.0,1,0,23.81,21.14,11014,2,0,0,31.47
2797157,54.38,55.0,54.1,56.0,1,0,23.81,21.14,11514,2,0,0,31.47
2797663,54.42,55.0,54.1,56.0,1,0,23.42,21.14,12014,2,0,0,31.49
2798169,54.42,55.0,54.1,56.0,1,0,23.42,21.18,12514,2,0,0,31.49
2798675,54.49,55.0,54.1,56.0,1,0,23.44,21.18,13014,2,0,0,31.47
2799181,54.44,55.0,54.1,56.0,1,0,23.39,21.16,13514,2,0,0,31.47
2799687,54.51,55.0,54.1,56.0,1,0,23.22,21.16,14014,2,0,0,31.48
2800193,54.51,55.0,54.1,56.0,1,0,23.22,21.19,14514,2,0,0,31.48
2800699,54.5,55.0,54.1,56.0,1,0,23.09,21.18,15014,2,0,0,31.47
2801205,54.54,55.0,54.1,56.0,1,0,23.02,21.2,15514,2,0,0,31.48
2801711,54.54,55.0,54.1,56.0,1,0,23.02,21.2,16014,2,0,0,31.48
2802217,54.56,55.0,54.1,56.0,1,0,22.78,21.21,16520,2,0,0,31.48
2802723,54.56,55.0,54.1,56.0,1,0,22.78,21.21,17020,2,0,0,31.48
2803229,54.58,55.0,54.1,56.0,1,0,22.83,21.2,17520,2,0,0,31.47
2803735,54.6,55.0,54.1,56.0,1,0,22.59,21.2,18020,2,0,0,31.45
2804241,54.62,55.0,54.1,56.0,1,0,22.94,21.2,18520,2,0,0,31.47
2804747,54.62,55.0,54.1,56.0,1,0,22.94,21.21,19020,2,0,0,31.47
2805253,54.65,55.0,54.1,56.0,1,0,22.42,21.23,19520,2,0,0,31.48
2805759,54.69,55.0,54.1,56.0,1,0,22.26,21.23,20020,2,0,0,31.47
2806265,54.69,55.0,54.1,56.0,1,0,22.26,21.23,20520,2,0,0,31.47
2806771,54.71,55.0,54.1,56.0,1,0,22.07,21.23,21020,2,0,0,31.48
2807277,54.71,55.0,54.1,56.0,1,0,22.07,21.25,21520,2,0,0,31.48
2807783,54.71,55.0,54.1,56.0,1,0,22.07,21.25,22020,2,0,0,31.48
2808289,54.83,55.0,54.1,56.0,1,0,21.72,21.25,22520,2,0,0,31.48
2808795,54.83,55.0,54.1,56.0,1,0,21.72,21.29,23020,2,0,0,31.48
2809301,54.87,55.0,54.1,56.0,1,0,22.48,21.29,23520,2,0,0,31.47
2809807,54.9,55.0,54.1,56.0,1,0,21.7,21.29,24037,2,0,0,31.45
2810313,54.96,55.0,54.1,56.0,1,0,21.59,21.29,24537,2,0,0,31.48
2810819,54.96,55.0,54.1,56.0,1,0,21.59,21.33,25037,2,0,0,31.48
2811325,54.97,55.0,54.1,56.0,1,0,21.4,21.33,25537,2,0,0,31.48
2811831,54.97,55.0,54.1,56.0,1,0,21.4,21.33,26037,2,0,0,31.48
2812337,55.02,55.0,54.1,56.0,1,0,21.27,21.34,26537,2,0,0,31.48
2812843,55.02,55.0,54.1,56.0,1,0,21.27,21.34,27037,2,0,0,31.48
2813349,55.02,55.0,54.1,56.0,1,0,21.27,21.34,27537,2,0,0,31.48
2813855,55.02,55.0,54.1,56.0,1,0,21.27,21.34,28037,2,0,0,31.48
2814361,55.19,55.0,54.1,56.0,1,0,20.94,21.34,28540,2,0,0,31.47
2814867,55.19,55.0,54.1,56.0,1,0,20.94,21.38,29041,2,0,0,31.47
2815373,55.19,55.0,54.1,56.0,1,0,20.94,21.38,29541,2,0,0,31.47
2815879,55.21,55.0,54.1,56.0,1,0,20.86,21.38,30041,2,0,0,31.47
2816385,55.21,55.0,54.1,56.0,1,0,20.86,21.39,30541,2,0,0,31.47
2816891,55.32,55.0,54.1,56.0,1,0,20.66,21.39,31041,2,0,0,31.49
2817397,55.32,55.0,54.1,56.0,1,0,20.66,21.45,31541,2,0,0,31.49
2817903,55.32,55.0,54.1,56.0,1,0,20.49,21.45,32041,2,0,0,31.48
2818409,55.37,55.0,54.1,56.0,1,0,20.0,21.43,32541,2,0,0,31.47
2818916,55.37,55.0,54.1,56.0,1,0,20.0,21.44,33041,2,0,0,31.47
2819422,55.37,55.0,54.1,56.0,1,0,20.0,21.44,33541,2,0,0,31.47
2819928,55.42,55.0,54.1,56.0,1,0,20.28,21.44,34042,2,0,0,31.45
2820434,55.42,55.0,54.1,56.0,1,0,20.28,21.44,34543,2,0,0,31.45
2820940,55.48,55.0,54.1,56.0,1,0,19.76,21.44,35043,2,0,0,31.47
2821446,55.48,55.0,54.1,56.0,1,0,19.76,21.47,35543,2,1,0,31.47
2821952,55.45,55.0,54.1,56.0,1,0,20.12,21.47,36043,2,0,0,31.48
2822458,55.51,55.0,54.1,56.0,1,0,20.1,21.47,36543,2,0,0,31.48
2822965,55.51,55.0,54.1,56.0,1,0,19.82,21.49,37043,2,0,0,31.47
2823472,55.51,55.0,54.1,56.0,1,0,19.82,21.48,37543,2,1,0,31.47
2823978,55.56,55.0,54.1,56.0,1,0,19.63,21.48,38043,2,1,0,31.48
2824484,55.56,55.0,54.1,56.0,1,0,19.63,21.5,38543,2,1,0,31.48
2824990,55.57,55.0,54.1,56.0,1,0,19.72,21.5,39043,2,1,0,31.48
2825496,55.57,55.0,54.1,56.0,1,0,19.72,21.51,39543,2,1,0,31.48
2826002,55.57,55.0,54.1,56.0,0,0,19.28,21.51,0,2,1,0,31.45
2826510,55.57,55.0,54.1,56.0,0,0,19.28,21.48,500,2,1,0,31.45
2827016,55.62,55.0,54.1,56.0,0,0,19.37,21.48,1000,2,1,0,31.47
2827522,55.62,55.0,54.1,56.0,0,0,19.37,21.51,1500,2,1,0,31.47
2828028,55.6,55.0,54.1,56.0,0,0,19.39,21.51,2000,2,1,0,31.44
2828534,55.6,55.0,54.1,56.0,0,0,19.39,21.48,2500,2,1,0,31.44
2829040,55.59,55.0,54.1,56.0,0,0,19.18,21.48,3000,2,1,0,31.47
2829546,55.59,55.0,54.1,56.0,0,0,19.09,21.5,3500,2,1,0,31.45
2830052,55.59,55.0,54.1,56.0,0,0,19.09,21.49,4000,2,1,0,31.45
2830558,55.59,55.0,54.1,56.0,0,0,19.09,21.49,4500,2,1,0,31.45
2831064,55.59,55.0,54.1,56.0,0,0,19.05,21.49,5000,2,1,0,31.47
2831570,55.59,55.0,54.1,56.0,0,0,19.05,21.5,5500,2,1,0,31.47
2832076,55.62,55.0,54.1,56.0,0,0,18.96,21.5,6000,2,1,0,31.47
2832582,55.62,55.0,54.1,56.0,0,0,18.96,21.51,6500,2,1,0,31.47
2833088,55.59,55.0,54.1,56.0,0,0,19.26,21.51,7000,2,1,0,31.47
2833608,55.58,55.0,54.1,56.0,0,0,19.05,21.5,8015,2,1,0,31.47
2834115,55.58,55.0,54.1,56.0,0,0,19.05,21.5,8515,2,1,0,31.47
2834621,55.57,55.0,54.1,56.0,0,0,19.24,21.48,9015,2,1,0,31.45
2835127,55.57,55.0,54.1,56.0,0,0,19.24,21.48,9515,2,1,0,31.45
2835633,55.55,55.0,54.1,56.0,0,0,19.28,21.5,10015,2,1,0,31.48
2836139,55.55,55.0,54.1,56.0,0,0,19.28,21.5,10515,2,1,0,31.48
2836645,55.53,55.0,54.1,56.0,0,0,19.18,21.46,11015,2,1,0,31.44
2837152,55.53,55.0,54.1,56.0,0,0,19.18,21.46,11515,2,1,0,31.44
2837659,55.47,55.0,54.1,56.0,0,0,19.46,21.47,12015,2,1,0,31.47
2838165,55.47,55.0,54.1,56.0,0,0,19.46,21.47,12515,2,1,0,31.47
2838671,55.47,55.0,54.1,56.0,0,0,19.46,21.47,13015,2,1,0,31.47
2839177,55.47,55.0,54.1,56.0,0,0,19.52,21.45,13515,2,1,0,31.45
2839683,55.46,55.0,54.1,56.0,0,0,19.56,21.45,14015,2,1,0,31.45
2840189,55.41,55.0,54.1,56.0,0,0,19.76,21.45,14515,2,1,0,31.47
2840695,55.41,55.0,54.1,56.0,0,0,19.76,21.45,15015,2,1,0,31.47
2841201,55.41,55.0,54.1,56.0,0,0,19.95,21.42,15517,2,0,0,31.44
2841707,55.36,55.0,54.1,56.0,0,0,19.78,21.43,16018,2,1,0,31.47
2842214,55.31,55.0,54.1,56.0,0,0,19.82,21.43,16518,2,1,0,31.47
2842721,55.31,55.0,54.1,56.0,0,0,19.82,21.42,17019,2,1,0,31.47
2843227,55.32,55.0,54.1,56.0,0,0,20.02,21.42,17519,2,0,0,31.47
2843733,55.33,55.0,54.1,56.0,0,0,20.02,21.41,18021,2,0,0,31.45
2844239,55.33,55.0,54.1,56.0,0,0,20.02,21.41,18521,2,0,0,31.45
2844745,55.31,55.0,54.1,56.0,0,0,19.84,21.42,19021,2,1,0,31.47
2845251,55.31,55.0,54.1,56.0,0,0,19.84,21.42,19521,2,1,0,31.47
2845757,55.25,55.0,54.1,56.0,1,0,20.12,21.39,0,2,0,0,31.45
2846263,55.25,55.0,54.1,56.0,1,0,20.12,21.39,500,2,0,0,31.45
2846769,55.16,55.0,54.1,56.0,1,0,20.08,21.35,1000,2,0,0,31.44
2847275,55.19,55.0,54.1,56.0,1,0,20.12,21.35,1500,2,0,0,31.47
2847781,55.19,55.0,54.1,56.0,1,0,20.12,21.38,2000,2,0,0,31.47
2848287,55.11,55.0,54.1,56.0,1,0,20.23,21.36,2500,2,0,0,31.47
2848793,55.13,55.0,54.1,56.0,1,0,20.23,21.36,3000,2,0,0,31.47
2849299,55.13,55.0,54.1,56.0,1,0,20.23,21.37,3500,2,0,0,31.47
2849805,55.09,55.0,54.1,56.0,1,0,20.23,21.34,4000,2,0,0,31.45
2850311,55.05,55.0,54.1,56.0,1,0,20.21,21.34,4500,2,0,0,31.45
2850817,55.05,55.0,54.1,56.0,1,0,20.21,21.33,5000,2,0,0,31.45
2851323,55.05,55.0,54.1,56.0,1,0,20.21,21.33,5500,2,0,0,31.45
2851829,55.05,55.0,54.1,56.0,1,0,20.21,21.33,6000,2,0,0,31.45
2852335,55.05,55.0,54.1,56.0,1,0,20.21,21.33,6500,2,0,0,31.45
2852841,55.03,55.0,54.1,56.0,1,0,20.25,21.33,7000,2,0,0,31.47
2853347,55.03,55.0,54.1,56.0,1,0,20.25,21.34,7500,2,0,0,31.47
2853853,55.03,55.0,54.1,56.0,1,0,20.25,21.34,8000,2,0,0,31.47
2854359,54.92,55.0,54.1,56.0,1,0,20.1,21.3,8515,2,0,0,31.47
2854865,54.92,55.0,54.1,56.0,1,0,20.1,21.3,9015,2,0,0,31.47
2855371,54.92,55.0,54.1,56.0,1,0,20.1,21.3,9515,2,0,0,31.47
2855877,54.92,55.0,54.1,56.0,1,0,19.93,21.3,10015,2,0,0,31.45
2856383,54.88,55.0,54.1,56.0,1,0,19.89,21.29,10515,2,0,0,31.47
2856889,54.88,55.0,54.1,56.0,1,0,19.89,21.29,11015,2,0,0,31.47
2857395,54.88,55.0,54.1,56.0,1,0,19.89,21.29,11515,2,0,0,31.47
2857901,54.86,55.0,54.1,56.0,1,0,19.8,21.28,12015,2,0,0,31.47
2858407,54.87,55.0,54.1,56.0,1,0,19.67,21.28,12515,2,0,0,31.47
2858913,54.85,55.0,54.1,56.0,1,0,19.74,21.29,13015,2,1,0,31.44
2859419,54.85,55.0,54.1,56.0,1,0,19.74,21.25,13515,2,1,0,31.44
2859925,54.84,55.0,54.1,56.0,1,0,19.72,21.28,14015,2,1,0,31.47
2860431,54.86,55.0,54.1,56.0,1,0,19.59,21.28,14515,2,1,0,31.47
2860937,54.86,55.0,54.1,56.0,1,0,19.59,21.28,15015,2,1,0,31.47
2861443,54.86,55.0,54.1,56.0,1,0,19.59,21.28,15515,2,1,0,31.47
2861949,54.8,55.0,54.1,56.0,1,0,19.74,21.28,16015,2,1,0,31.44
2862455,54.8,55.0,54.1,56.0,1,0,19.74,21.24,16515,2,1,0,31.44
2862961,54.8,55.0,54.1,56.0,1,0,19.74,21.24,17015,2,1,0,31.44
2863467,54.8,55.0,54.1,56.0,1,0,19.74,21.24,17515,2,1,0,31.44
2863973,54.82,55.0,54.1,56.0,1,0,19.09,21.24,18015,2,1,0,31.45
2864479,54.83,55.0,54.1,56.0,1,0,19.13,21.26,18515,2,1,0,31.44
2864985,54.83,55.0,54.1,56.0,1,0,19.13,21.25,19015,2,1,0,31.44
2865491,54.82,55.0,54.1,56.0,1,0,19.0,21.27,19515,2,1,0,31.47
2865997,54.85,55.0,54.1,56.0,1,0,18.85,21.27,20015,2,1,0,31.45
2866503,54.85,55.0,54.1,56.0,1,0,18.85,21.27,20515,2,1,0,31.45
2867009,54.78,55.0,54.1,56.0,1,0,18.77,21.23,21015,2,1,0,31.44
2867525,54.79,55.0,54.1,56.0,1,0,18.66,21.23,21515,2,1,0,31.45
2868032,54.79,55.0,54.1,56.0,1,0,18.66,21.25,22019,2,1,0,31.45
2868538,54.78,55.0,54.1,56.0,1,0,18.75,21.25,22519,2,1,0,31.45
2869044,54.78,55.0,54.1,56.0,1,0,18.75,21.25,23019,2,1,0,31.45
2869550,54.78,55.0,54.1,56.0,1,0,18.49,21.25,23519,2,1,0,31.44
2870056,54.78,55.0,54.1,56.0,1,0,18.49,21.23,24019,2,1,0,31.44
2870562,54.76,55.0,54.1,56.0,1,0,18.12,21.23,24519,2,1,0,31.44
2871069,54.76,55.0,54.1,56.0,1,0,18.12,21.23,25019,2,1,0,31.44
2871575,54.76,55.0,54.1,56.0,1,0,18.12,21.23,25519,2,1,0,31.44
2872081,54.74,55.0,54.1,56.0,1,0,18.42,21.23,26019,2,1,0,31.45
2872587,54.75,55.0,54.1,56.0,1,0,18.04,21.24,26519,2,1,0,31.44
2873093,54.75,55.0,54.1,56.0,1,0,18.04,21.23,27019,2,1,0,31.44
2873599,54.75,55.0,54.1,56.0,1,0,18.04,21.23,27520,2,1,0,31.44
2874105,54.74,55.0,54.1,56.0,1,0,18.06,21.23,28020,2,1,0,31.45
2874611,54.74,55.0,54.1,56.0,1,0,18.06,21.24,28520,2,1,0,31.45
2875117,54.71,55.0,54.1,56.0,1,0,18.04,21.24,29020,2,1,0,31.44
2875623,54.71,55.0,54.1,56.0,1,0,18.04,21.21,29520,2,1,0,31.44
2876129,54.69,55.0,54.1,56.0,1,0,17.41,21.21,30020,2,1,0,31.45
2876635,54.69,55.0,54.1,56.0,1,0,17.41,21.22,30521,2,1,0,31.45
2877141,54.65,55.0,54.1,56.0,1,0,17.76,21.21,31527,2,1,0,31.45
2877647,54.65,55.0,54.1,56.0,1,0,17.76,21.21,32027,2,1,0,31.45
2878153,54.68,55.0,54.1,56.0,1,0,17.82,21.22,32527,2,1,0,31.45
2878659,54.65,55.0,54.1,56.0,1,0,17.6,21.21,33027,2,1,0,31.45
2879165,54.65,55.0,54.1,56.0,1,0,17.6,21.21,33527,2,1,0,31.45
2879671,54.61,55.0,54.1,56.0,1,0,17.73,21.17,34027,2,1,0,31.42
2880177,54.61,55.0,54.1,56.0,1,0,17.73,21.17,34527,2,1,0,31.42
2880683,54.61,55.0,54.1,56.0,1,0,17.73,21.17,35027,2,1,0,31.42
2881189,54.53,55.0,54.1,56.0,1,0,17.3,21.16,35527,2,1,0,31.44
2881695,54.51,55.0,54.1,56.0,1,0,17.28,21.17,36027,2,1,0,31.45
2882202,54.51,55.0,54.1,56.0,1,0,17.28,21.17,36527,2,1,0,31.45
2882708,54.47,55.0,54.1,56.0,1,0,17.24,21.16,37027,2,1,0,31.45
2883214,54.49,55.0,54.1,56.0,1,0,17.26,21.13,37527,2,1,0,31.42
2883720,54.49,55.0,54.1,56.0,1,0,17.26,21.13,38027,2,1,0,31.42
2884226,54.42,55.0,54.1,56.0,1,0,17.07,21.14,38527,2,1,0,31.45
2884732,54.42,55.0,54.1,56.0,1,0,17.07,21.14,39027,2,1,0,31.45
2885238,54.4,55.0,54.1,56.0,1,0,16.94,21.12,39527,2,1,0,31.44
2885744,54.36,55.0,54.1,56.0,0,0,16.61,21.11,0,2,1,0,31.44
2886250,54.36,55.0,54.1,56.0,0,0,16.61,21.11,500,2,1,0,31.44
2886756,54.3,55.0,54.1,56.0,0,0,16.81,21.11,1000,2,1,0,31.45
2887262,54.28,55.0,54.1,56.0,0,0,16.96,21.11,1500,2,1,0,31.45
2887768,54.28,55.0,54.1,56.0,0,0,16.96,21.1,2000,2,1,0,31.45
2888274,54.25,55.0,54.1,56.0,0,0,16.35,21.09,2500,2,1,0,31.45
2888780,54.25,55.0,54.1,56.0,0,0,16.35,21.09,3002,2,1,0,31.45
2889286,54.2,55.0,54.1,56.0,0,0,16.74,21.08,3503,2,1,0,31.45
2889792,54.11,55.0,54.1,56.0,0,0,16.61,21.03,4003,2,1,0,31.44
2890298,54.11,55.0,54.1,56.0,0,0,16.61,21.03,4503,2,1,0,31.44
2890804,54.13,55.0,54.1,56.0,0,0,16.81,21.05,5003,2,1,0,31.45
2891310,54.08,55.0,54.1,56.0,0,0,16.74,21.05,5503,2,1,0,31.47
2891816,54.08,55.0,54.1,56.0,0,0,16.74,21.05,6003,2,1,0,31.47
2892322,54.01,55.0,54.1,56.0,0,0,16.7,21.0,6503,2,1,0,31.44
2892828,54.0,55.0,54.1,56.0,0,0,16.63,21.02,7003,2,1,0,31.45
2893334,54.0,55.0,54.1,56.0,0,0,16.63,21.02,7503,2,1,0,31.45
2893840,53.95,55.0,54.1,56.0,0,0,16.7,20.97,8003,2,1,0,31.42
2894346,53.93,55.0,54.1,56.0,0,0,16.7,20.99,8503,2,1,0,31.45
2894852,53.93,55.0,54.1,56.0,0,0,16.7,20.99,9003,2,1,0,31.45
2895358,53.93,55.0,54.1,56.0,0,0,16.7,20.99,9503,2,1,0,31.45
2895864,53.93,55.0,54.1,56.0,0,0,16.7,20.99,10005,2,1,0,31.45
2896370,53.93,55.0,54.1,56.0,0,0,16.7,20.99,10505,2,1,0,31.45
2896876,53.72,55.0,54.1,56.0,0,0,17.09,20.9,11005,2,1,0,31.42
2897382,53.71,55.0,54.1,56.0,0,0,17.04,20.9,11505,2,1,0,31.44
2897888,53.71,55.0,54.1,56.0,0,0,17.04,20.91,12005,2,1,0,31.44
2898394,53.71,55.0,54.1,56.0,0,0,17.04,20.91,12505,2,1,0,31.44
2898900,53.71,55.0,54.1,56.0,0,0,17.04,20.91,13005,2,1,0,31.44
2899406,53.71,55.0,54.1,56.0,0,0,17.04,20.91,13505,2,1,0,31.44
2899912,53.55,55.0,54.1,56.0,0,0,17.43,20.84,14005,2,1,0,31.41
2900418,53.49,55.0,54.1,56.0,0,0,17.45,20.84,14505,2,1,0,31.44
2900924,53.49,55.0,54.1,56.0,0,0,17.45,20.84,15006,2,1,0,31.44
2901430,53.45,55.0,54.1,56.0,0,0,17.73,20.82,15507,2,1,0,31.42
2901936,53.44,55.0,54.1,56.0,0,0,17.56,20.82,16007,2,1,0,31.44
2902442,53.44,55.0,54.1,56.0,0,0,17.56,20.83,16507,2,1,0,31.44
2902948,53.35,55.0,54.1,56.0,0,0,17.71,20.79,17007,2,1,0,31.42
2903454,53.27,55.0,54.1,56.0,0,0,17.73,20.79,17507,2,1,0,31.44
2903960,53.29,55.0,54.1,56.0,0,0,17.09,20.78,18007,2,1,0,31.44
2904466,53.29,55.0,54.1,56.0,0,0,17.09,20.78,18507,2,1,0,31.44
2904972,53.24,55.0,54.1,56.0,0,0,18.01,20.78,19007,2,1,0,31.45
2905478,53.24,55.0,54.1,56.0,0,0,18.01,20.78,19507,2,1,0,31.45
2905984,53.15,55.0,54.1,56.0,0,0,17.99,20.76,20007,2,1,0,31.45
2906490,53.15,55.0,54.1,56.0,0,0,17.99,20.76,20507,2,1,0,31.45
2906996,53.12,55.0,54.1,56.0,0,0,18.23,20.76,21007,2,1,0,31.42
2907502,53.12,55.0,54.1,56.0,0,0,18.23,20.72,21507,2,1,0,31.42
2908008,53.08,55.0,54.1,56.0,0,0,18.4,20.73,22007,2,1,0,31.45
2908514,53.08,55.0,54.1,56.0,0,0,18.44,20.73,22507,2,1,0,31.42
2909020,53.08,55.0,54.1,56.0,0,0,18.44,20.71,23007,2,1,0,31.42
2909526,53.03,55.0,54.1,56.0,0,0,18.49,20.71,23507,2,1,0,31.42
2910032,53.03,55.0,54.1,56.0,0,0,18.49,20.69,24007,2,1,0,31.42
2910538,52.94,55.0,54.1,56.0,0,0,18.68,20.67,24507,2,1,0,31.42
2911044,52.92,55.0,54.1,56.0,0,0,18.64,20.67,25007,2,1,0,31.44
2911550,52.92,55.0,54.1,56.0,0,0,18.64,20.67,25507,2,1,0,31.44
2912056,52.94,55.0,54.1,56.0,0,0,18.85,20.67,26007,2,1,0,31.42
2912562,52.94,55.0,54.1,56.0,0,0,18.85,20.67,26507,2,1,0,31.42
2913068,52.94,55.0,54.1,56.0,0,0,18.85,20.67,27007,2,1,0,31.42
2913574,52.89,55.0,54.1,56.0,0,0,18.96,20.67,27507,2,1,0,31.42
2914080,52.89,55.0,54.1,56.0,0,0,18.96,20.65,28007,2,1,0,31.42
2914586,52.81,55.0,54.1,56.0,0,0,19.07,20.65,28507,2,1,0,31.42
2915092,52.79,55.0,54.1,56.0,0,0,19.05,20.62,29007,2,1,0,31.4
2915598,52.82,55.0,54.1,56.0,0,0,19.13,20.6,29507,2,1,0,31.42
2916104,52.82,55.0,54.1,56.0,0,0,19.13,20.63,30007,2,0,0,31.42
2916610,52.78,55.0,54.1,56.0,0,0,19.89,20.62,30522,2,0,0,31.42
2917116,52.74,55.0,54.1,56.0,0,0,19.33,20.62,31022,2,0,0,31.44
2917622,52.74,55.0,54.1,56.0,0,0,19.33,20.62,31522,2,0,0,31.44
2918128,52.75,55.0,54.1,56.0,0,0,19.67,20.62,32022,2,0,0,31.44
2918634,52.74,55.0,54.1,56.0,0,0,19.16,20.62,32522,2,0,0,31.42
2919140,52.74,55.0,54.1,56.0,0,0,19.16,20.6,33022,2,0,0,31.42
2919646,52.74,55.0,54.1,56.0,0,0,19.16,20.6,33522,2,0,0,31.42
2920152,52.69,55.0,54.1,56.0,0,0,19.56,20.6,34022,2,0,0,31.44
2920658,52.69,55.0,54.1,56.0,0,0,19.56,20.6,34522,2,0,0,31.44
2921164,52.69,55.0,54.1,56.0,0,0,19.67,20.59,35523,2,0,0,31.42
2921670,52.69,55.0,54.1,56.0,0,0,19.67,20.59,36023,2,0,0,31.42
2922176,52.69,55.0,54.1,56.0,0,0,19.93,20.6,36523,2,0,0,31.44
2922682,52.69,55.0,54.1,56.0,0,0,19.93,20.6,37023,2,0,0,31.44
2923188,52.67,55.0,54.1,56.0,0,0,19.89,20.6,37523,2,0,0,31.44
2923694,52.67,55.0,54.1,56.0,0,0,19.89,20.6,38023,2,0,0,31.44
2924200,52.67,55.0,54.1,56.0,0,0,19.91,20.58,38523,2,0,0,31.42
2924706,52.7,55.0,54.1,56.0,0,0,20.17,20.59,39023,2,0,0,31.42
2925212,52.7,55.0,54.1,56.0,0,0,20.17,20.59,39523,2,0,0,31.42
2925718,52.67,55.0,54.1,56.0,0,0,20.21,20.58,40023,2,0,0,31.42
2926224,52.67,55.0,54.1,56.0,0,0,20.23,20.58,40523,2,0,0,31.42
2926730,52.65,55.0,54.1,56.0,0,0,20.28,20.59,41023,2,0,0,31.44
2927236,52.65,55.0,54.1,56.0,0,0,20.28,20.59,41523,2,0,0,31.44
2927742,52.7,55.0,54.1,56.0,0,0,21.01,20.62,42023,2,0,0,31.45
2928248,52.7,55.0,54.1,56.0,0,0,21.01,20.62,42523,2,0,0,31.45
2928754,52.71,55.0,54.1,56.0,0,0,20.28,20.6,43023,2,0,0,31.42
2929260,52.7,55.0,54.1,56.0,0,0,20.51,20.59,43523,2,0,0,31.42
2929766,52.7,55.0,54.1,56.0,0,0,20.64,20.59,44023,2,0,0,31.42
2930272,52.7,55.0,54.1,56.0,0,0,20.64,20.59,44523,2,0,0,31.42
2930778,52.72,55.0,54.1,56.0,0,0,20.73,20.62,45023,2,0,0,31.45
2931284,52.74,55.0,54.1,56.0,0,0,20.84,20.6,45523,2,0,0,31.42
2931790,52.74,55.0,54.1,56.0,0,0,20.84,20.6,46023,2,0,0,31.42
2932296,52.74,55.0,54.1,56.0,0,0,20.84,20.6,46523,2,0,0,31.42
2932802,52.74,55.0,54.1,56.0,0,0,20.84,20.6,47024,2,0,0,31.42
2933308,52.72,55.0,54.1,56.0,0,0,20.97,20.6,47524,2,0,0,31.42
2933814,52.74,55.0,54.1,56.0,0,0,20.99,20.62,48024,2,0,0,31.44
2934320,52.72,55.0,54.1,56.0,0,0,21.05,20.62,48524,2,0,0,31.45
2934841,52.76,55.0,54.1,56.0,0,0,21.03,20.62,49024,2,0,0,31.41
2935348,52.76,55.0,54.1,56.0,0,0,21.03,20.6,49524,2,0,0,31.41
2935854,52.82,55.0,54.1,56.0,0,0,21.03,20.6,50024,2,0,0,31.45
2936360,52.82,55.0,54.1,56.0,0,0,21.03,20.66,50524,2,0,0,31.45
2936866,52.76,55.0,54.1,56.0,0,0,21.25,20.65,51024,2,0,0,31.47
2937372,52.76,55.0,54.1,56.0,0,0,21.25,20.65,51524,2,0,0,31.47
2937878,52.8,55.0,54.1,56.0,0,0,21.35,20.63,52024,2,0,0,31.44
2938385,52.8,55.0,54.1,56.0,0,0,21.35,20.63,52524,2,0,0,31.44
2938891,52.85,55.0,54.1,56.0,0,0,21.4,20.63,53024,2,0,0,31.44
2939397,52.85,55.0,54.1,56.0,0,0,21.42,20.65,53524,2,0,0,31.44
2939903,52.85,55.0,54.1,56.0,0,0,21.42,20.65,54024,2,0,0,31.44
2940409,52.85,55.0,54.1,56.0,0,0,21.44,20.64,54524,2,0,0,31.42
2940915,52.85,55.0,54.1,56.0,0,0,21.44,20.64,55024,2,0,0,31.42
2941421,52.86,55.0,54.1,56.0,0,0,21.64,20.64,55524,2,0,0,31.42
2941927,52.9,55.0,54.1,56.0,0,0,21.64,20.68,56024,2,0,0,31.45
2942449,52.86,55.0,54.1,56.0,0,0,21.81,20.68,56524,2,0,0,31.45
2942956,52.86,55.0,54.1,56.0,0,0,21.81,20.67,57024,2,0,0,31.45
2943462,52.86,55.0,54.1,56.0,0,0,21.81,20.67,57524,2,0,0,31.45
2943968,52.86,55.0,54.1,56.0,0,0,21.81,20.67,58024,2,0,0,31.45
2944474,52.86,55.0,54.1,56.0,0,0,21.81,20.67,58524,2,0,0,31.45
2944980,52.96,55.0,54.1,56.0,0,0,21.9,20.7,59024,2,0,0,31.45
2945486,52.94,55.0,54.1,56.0,0,0,21.9,20.65,59524,2,0,0,31.41
2945992,52.97,55.0,54.1,56.0,0,0,22.05,20.65,60024,2,0,0,31.42
2946498,52.97,55.0,54.1,56.0,0,0,22.05,20.67,60524,2,0,0,31.42
2947004,52.97,55.0,54.1,56.0,0,0,22.05,20.67,61024,2,0,0,31.42
2947510,53.03,55.0,54.1,56.0,0,0,22.05,20.72,61534,2,0,0,31.45
2948016,53.03,55.0,54.1,56.0,0,0,22.05,20.72,62034,2,0,0,31.45
2948522,53.03,55.0,54.1,56.0,0,0,22.05,20.72,62534,2,0,0,31.45
2949028,53.06,55.0,54.1,56.0,0,0,22.29,20.7,63034,2,0,0,31.42
2949534,53.06,55.0,54.1,56.0,0,0,22.29,20.7,63534,2,0,0,31.42
2950040,53.07,55.0,54.1,56.0,0,0,22.46,20.7,64034,2,0,0,31.42
2950546,53.07,55.0,54.1,56.0,0,0,22.46,20.71,64534,2,0,0,31.42
2951052,53.06,55.0,54.1,56.0,0,0,22.13,20.73,65034,2,0,0,31.45
2951558,53.09,55.0,54.1,56.0,0,0,22.42,20.73,65534,2,0,0,31.42
2952064,53.09,55.0,54.1,56.0,0,0,22.42,20.71,66034,2,0,0,31.42
2952570,53.15,55.0,54.1,56.0,0,0,22.03,20.73,66534,2,0,0,31.42
2953076,53.16,55.0,54.1,56.0,0,0,22.46,20.73,67034,2,0,0,31.45
2953582,53.16,55.0,54.1,56.0,0,0,22.46,20.76,67534,2,0,0,31.45
2954088,53.16,55.0,54.1,56.0,0,0,22.46,20.76,68034,2,0,0,31.45
2954594,53.17,55.0,54.1,56.0,0,0,22.76,20.76,68534,2,0,0,31.42
2955100,53.17,55.0,54.1,56.0,0,0,22.76,20.74,69034,2,0,0,31.42
2955606,53.17,55.0,54.1,56.0,0,0,22.76,20.74,69534,2,0,0,31.42
2956112,53.23,55.0,54.1,56.0,0,0,22.81,20.77,70034,2,0,0,31.44
2956618,53.23,55.0,54.1,56.0,0,0,22.81,20.77,70534,2,0,0,31.44
2957124,53.23,55.0,54.1,56.0,0,0,22.81,20.77,71034,2,0,0,31.44
2957630,53.23,55.0,54.1,56.0,0,0,22.81,20.77,71534,2,0,0,31.44
2958136,53.26,55.0,54.1,56.0,0,0,22.74,20.77,72034,2,0,0,31.44
2958642,53.3,55.0,54.1,56.0,0,0,22.48,20.78,72534,2,0,0,31.44
2959148,53.3,55.0,54.1,56.0,0,0,22.48,20.79,73034,2,0,0,31.44
2959654,53.34,55.0,54.1,56.0,0,0,22.89,20.79,73534,2,0,0,31.44
2960160,53.34,55.0,54.1,56.0,0,0,22.89,20.8,74034,2,0,0,31.44
2960666,53.35,55.0,54.1,56.0,0,0,22.94,20.8,74534,2,0,0,31.44
2961172,53.4,55.0,54.1,56.0,0,0,23.09,20.8,75034,2,0,0,31.42
2961678,53.4,55.0,54.1,56.0,0,0,23.09,20.81,76037,2,0,0,31.42
2962184,53.39,55.0,54.1,56.0,0,0,23.05,20.81,76537,2,0,0,31.44
2962690,53.43,55.0,54.1,56.0,0,0,23.07,20.84,77037,2,0,0,31.45
2963196,53.43,55.0,54.1,56.0,0,0,23.07,20.84,77537,2,0,0,31.45
2963702,53.48,55.0,54.1,56.0,0,0,23.26,20.83,78037,2,0,0,31.42
2964208,53.49,55.0,54.1,56.0,0,0,23.39,20.84,78537,2,0,0,31.44
2964714,53.49,55.0,54.1,56.0,0,0,23.5,20.86,79037,2,0,0,31.45
2965220,53.49,55.0,54.1,56.0,0,0,23.5,20.86,79537,2,0,0,31.45
2965726,53.54,55.0,54.1,56.0,0,0,23.07,20.86,80037,2,0,0,31.44
2966232,53.54,55.0,54.1,56.0,0,0,23.07,20.86,80537,2,0,0,31.44
2966738,53.54,55.0,54.1,56.0,0,0,23.48,20.86,81037,2,0,0,31.44
2967244,53.54,55.0,54.1,56.0,0,0,23.48,20.86,81537,2,0,0,31.44
2967750,53.54,55.0,54.1,56.0,0,0,23.83,20.86,82037,2,0,0,31.44
2968257,53.54,55.0,54.1,56.0,0,0,23.83,20.86,82537,2,0,0,31.44
2968764,53.54,55.0,54.1,56.0,0,0,23.83,20.86,83037,2,0,0,31.44
2969270,53.62,55.0,54.1,56.0,0,0,23.57,20.89,83537,2,0,0,31.44
2969776,53.61,55.0,54.1,56.0,0,0,23.68,20.9,84037,2,0,0,31.45
2970282,53.61,55.0,54.1,56.0,0,0,23.68,20.9,84537,2,0,0,31.45
2970788,53.61,55.0,54.1,56.0,0,0,23.68,20.9,85037,2,0,0,31.45
2971294,53.61,55.0,54.1,56.0,0,0,23.68,20.9,85537,2,0,0,31.45
2971800,53.66,55.0,54.1,56.0,0,0,23.61,20.9,86037,2,0,0,31.44
2972306,53.66,55.0,54.1,56.0,0,0,23.61,20.9,86537,2,0,0,31.44
2972812,53.66,55.0,54.1,56.0,0,0,23.61,20.9,87037,2,0,0,31.44
2973318,53.75,55.0,54.1,56.0,0,0,23.7,20.92,87537,2,0,0,31.44
2973824,53.75,55.0,54.1,56.0,0,0,23.7,20.92,88037,2,0,0,31.44
2974334,53.75,55.0,54.1,56.0,0,0,23.76,20.92,88537,2,0,0,31.44
2974841,53.75,55.0,54.1,56.0,0,0,23.76,20.92,89037,2,0,0,31.44
2975347,53.81,55.0,54.1,56.0,0,0,23.85,20.96,89537,2,0,0,31.45
2975853,53.81,55.0,54.1,56.0,0,0,23.85,20.96,90037,2,0,0,31.45
2976359,53.8,55.0,54.1,56.0,0,0,24.03,20.94,90537,2,0,0,31.44
2976865,53.8,55.0,54.1,56.0,0,0,24.03,20.94,91037,2,0,0,31.44
2977371,53.85,55.0,54.1,56.0,0,0,24.35,20.97,91537,2,0,0,31.45
2977877,53.89,55.0,54.1,56.0,0,0,23.37,20.97,92037,2,0,0,31.44
2978383,53.89,55.0,54.1,56.0,0,0,23.37,20.97,92537,2,0,0,31.44
2978889,53.89,55.0,54.1,56.0,0,0,23.37,20.97,93037,2,0,0,31.44
2979395,53.91,55.0,54.1,56.0,0,0,24.33,20.97,93537,2,0,0,31.44
2979901,53.91,55.0,54.1,56.0,0,0,24.33,20.97,94037,2,0,0,31.44
2980407,53.91,55.0,54.1,56.0,0,0,24.33,20.97,94537,2,0,0,31.44
2980913,53.99,55.0,54.1,56.0,0,0,24.14,20.97,95037,2,0,0,31.44
2981419,53.99,55.0,54.1,56.0,0,0,24.14,21.0,95537,2,0,0,31.44
2981925,54.04,55.0,54.1,56.0,0,0,24.11,21.01,96037,2,0,0,31.44
2982431,54.01,55.0,54.1,56.0,0,0,24.31,21.02,96537,2,0,0,31.45
2982937,54.03,55.0,54.1,56.0,0,0,24.29,21.02,97037,2,0,0,31.41
2983443,54.03,55.0,54.1,56.0,0,0,24.29,20.99,97537,2,0,0,31.41
2983949,54.03,55.0,54.1,56.0,0,0,24.29,20.99,98037,2,0,0,31.41
2984455,54.03,55.0,54.1,56.0,0,0,24.33,21.02,98537,2,0,0,31.45
2984961,54.09,55.0,54.1,56.0,0,0,24.49,21.02,99037,2,0,0,31.42
2985467,54.09,55.0,54.1,56.0,0,0,24.49,21.01,99537,2,0,0,31.42
2985973,54.09,55.0,54.1,56.0,0,0,24.49,21.01,100037,2,0,0,31.42
2986479,54.09,55.0,54.1,56.0,0,0,24.49,21.01,100537,2,0,0,31.42
2986985,54.09,55.0,54.1,56.0,0,0,24.49,21.01,101037,2,0,0,31.42
2987491,54.14,55.0,54.1,56.0,0,0,24.35,21.01,101537,2,0,0,31.44
2987997,54.14,55.0,54.1,56.0,1,0,24.35,21.04,0,2,0,0,31.44
2988503,54.18,55.0,54.1,56.0,1,0,24.79,21.05,500,2,0,0,31.44
2989009,54.18,55.0,54.1,56.0,1,0,24.66,21.05,1000,2,0,0,31.45
2989515,54.18,55.0,54.1,56.0,1,0,24.66,21.07,1500,2,0,0,31.45
2990021,54.19,55.0,54.1,56.0,1,0,24.6,21.07,2000,2,0,0,31.44
2990527,54.24,55.0,54.1,56.0,1,0,24.7,21.06,2500,2,0,0,31.45
2991033,54.26,55.0,54.1,56.0,1,0,24.79,21.09,3000,2,0,0,31.44
2991539,54.26,55.0,54.1,56.0,1,0,24.79,21.08,3500,2,0,0,31.44
2992045,54.25,55.0,54.1,56.0,1,0,24.6,21.08,4000,2,0,0,31.44
2992551,54.26,55.0,54.1,56.0,1,0,24.6,21.08,4500,2,0,0,31.44
2993057,54.3,55.0,54.1,56.0,1,0,24.62,21.08,5000,2,0,0,31.47
2993563,54.3,55.0,54.1,56.0,1,0,24.62,21.12,5500,2,0,0,31.47
2994069,54.3,55.0,54.1,56.0,1,0,24.62,21.12,6000,2,0,0,31.47
2994575,54.3,55.0,54.1,56.0,1,0,24.62,21.12,6500,2,0,0,31.47
2995081,54.33,55.0,54.1,56.0,1,0,24.31,21.12,7000,2,0,0,31.47
2995587,54.32,55.0,54.1,56.0,1,0,24.27,21.13,7500,2,0,0,31.44
2996093,54.32,55.0,54.1,56.0,1,0,24.27,21.1,8000,2,0,0,31.44
2996599,54.36,55.0,54.1,56.0,1,0,24.2,21.1,8500,2,0,0,31.42
2997105,54.36,55.0,54.1,56.0,1,0,24.2,21.1,9000,2,0,0,31.42
2997611,54.38,55.0,54.1,56.0,1,0,24.22,21.1,9500,2,0,0,31.44
2998117,54.4,55.0,54.1,56.0,1,0,23.94,21.11,10000,2,0,0,31.44
2998623,54.4,55.0,54.1,56.0,1,0,23.94,21.12,10500,2,0,0,31.44
2999129,54.44,55.0,54.1,56.0,1,0,24.03,21.12,11000,2,0,0,31.45
2999635,54.44,55.0,54.1,56.0,1,0,23.79,21.15,11500,2,0,0,31.44
3000141,54.44,55.0,54.1,56.0,1,0,23.79,21.13,12000,2,0,0,31.44
3000647,54.45,55.0,54.1,56.0,1,0,23.63,21.13,12500,2,0,0,31.45
3001153,54.49,55.0,54.1,56.0,1,0,23.44,21.15,13000,2,0,0,31.47
3001660,54.52,55.0,54.1,56.0,1,0,23.55,21.18,13500,2,0,0,31.42
3002167,54.52,55.0,54.1,56.0,1,0,23.55,21.14,14000,2,0,0,31.42
3002673,54.5,55.0,54.1,56.0,1,0,23.28,21.14,14500,2,0,0,31.44
3003179,54.5,55.0,54.1,56.0,1,0,23.28,21.15,15501,2,0,0,31.44
3003685,54.56,55.0,54.1,56.0,1,0,23.07,21.16,16001,2,0,0,31.42
3004191,54.56,55.0,54.1,56.0,1,0,23.07,21.16,16501,2,0,0,31.42
3004697,54.59,55.0,54.1,56.0,1,0,23.05,21.19,17001,2,0,0,31.45
3005203,54.55,55.0,54.1,56.0,1,0,22.94,21.18,17501,2,0,0,31.45
3005709,54.55,55.0,54.1,56.0,1,0,22.94,21.18,18001,2,0,0,31.45
3006215,54.64,55.0,54.1,56.0,1,0,22.5,21.19,18501,2,0,0,31.44
3006721,54.64,55.0,54.1,56.0,1,0,22.5,21.19,19001,2,0,0,31.44
3007227,54.64,55.0,54.1,56.0,1,0,22.5,21.19,19501,2,0,0,31.44
3007733,54.7,55.0,54.1,56.0,1,0,22.37,21.23,20001,2,0,0,31.45
3008239,54.71,55.0,54.1,56.0,1,0,21.98,21.21,20501,2,0,0,31.44
3008745,54.71,55.0,54.1,56.0,1,0,21.98,21.21,21001,2,0,0,31.44
3009251,54.76,55.0,54.1,56.0,1,0,22.31,21.23,21501,2,0,0,31.44
3009757,54.76,55.0,54.1,56.0,1,0,22.31,21.23,22001,2,0,0,31.44
3010263,54.76,55.0,54.1,56.0,1,0,22.16,21.23,22501,2,0,0,31.44
3010769,54.85,55.0,54.1,56.0,1,0,21.96,21.25,23001,2,0,0,31.44
3011275,54.85,55.0,54.1,56.0,1,0,22.03,21.25,23501,2,0,0,31.44
3011781,54.85,55.0,54.1,56.0,1,0,22.03,21.25,24001,2,0,0,31.44
3012287,54.85,55.0,54.1,56.0,1,0,22.03,21.25,24501,2,0,0,31.44
3012793,54.92,55.0,54.1,56.0,1,0,21.94,21.29,25001,2,0,0,31.45
3013299,54.98,55.0,54.1,56.0,1,0,21.48,21.29,25501,2,0,0,31.44
3013805,54.98,55.0,54.1,56.0,1,0,21.48,21.29,26001,2,0,0,31.44
3014311,55.03,55.0,54.1,56.0,1,0,21.31,21.32,26501,2,0,0,31.45
3014817,55.03,55.0,54.1,56.0,1,0,21.31,21.32,27001,2,0,0,31.45
3015323,55.04,55.0,54.1,56.0,1,0,21.64,21.34,27501,2,0,0,31.47
3015829,55.09,55.0,54.1,56.0,1,0,21.53,21.33,28001,2,0,0,31.44
3016335,55.09,55.0,54.1,56.0,1,0,21.53,21.33,28501,2,0,0,31.44
3016841,55.11,55.0,54.1,56.0,1,0,21.27,21.33,29001,2,0,0,31.44
3017347,55.11,55.0,54.1,56.0,1,0,21.27,21.33,29501,2,0,0,31.44
3017853,55.21,55.0,54.1,56.0,1,0,20.99,21.37,30001,2,0,0,31.45
3018359,55.24,55.0,54.1,56.0,1,0,20.36,21.37,30501,2,0,0,31.45
3018865,55.24,55.0,54.1,56.0,1,0,20.36,21.39,31001,2,0,0,31.45
3019371,55.29,55.0,54.1,56.0,1,0,20.86,21.39,31501,2,0,0,31.42
3019877,55.29,55.0,54.1,56.0,1,0,20.86,21.37,32001,2,0,0,31.42
3020383,55.3,55.0,54.1,56.0,1,0,20.71,21.37,32501,2,0,0,31.42
3020889,55.41,55.0,54.1,56.0,1,0,20.51,21.38,33001,2,0,0,31.47
3021411,55.41,55.0,54.1,56.0,1,0,20.49,21.45,33501,2,0,0,31.45
3021918,55.41,55.0,54.1,56.0,1,0,20.49,21.43,34001,2,0,0,31.45
3022424,55.47,55.0,54.1,56.0,1,0,20.3,21.43,34501,2,0,0,31.45
3022930,55.47,55.0,54.1,56.0,1,0,20.3,21.45,35001,2,0,0,31.45
3023436,55.51,55.0,54.1,56.0,1,0,20.4,21.46,35501,2,0,0,31.45
3023942,55.47,55.0,54.1,56.0,1,0,20.21,21.45,36001,2,0,0,31.45
3024448,55.53,55.0,54.1,56.0,1,0,20.08,21.45,36505,2,0,0,31.44
3024954,55.53,55.0,54.1,56.0,1,0,20.08,21.46,37006,2,0,0,31.44
3025460,55.54,55.0,54.1,56.0,1,0,19.91,21.45,37507,2,1,0,31.42
3025966,55.54,55.0,54.1,56.0,1,0,19.91,21.45,38007,2,1,0,31.42
3026472,55.62,55.0,54.1,56.0,1,0,20.08,21.48,38507,2,0,0,31.44
3026978,55.59,55.0,54.1,56.0,1,0,19.67,21.48,39007,2,0,0,31.44
3027484,55.59,55.0,54.1,56.0,1,0,19.67,21.47,39507,2,1,0,31.44
3027990,55.64,55.0,54.1,56.0,0,0,19.46,21.47,0,2,1,0,31.45
3028496,55.64,55.0,54.1,56.0,0,0,19.46,21.5,500,2,1,0,31.45
3029002,55.69,55.0,54.1,56.0,0,0,19.72,21.5,1000,2,1,0,31.45
3029508,55.69,55.0,54.1,56.0,0,0,19.72,21.52,1500,2,1,0,31.45
3030015,55.68,55.0,54.1,56.0,0,0,19.5,21.52,2000,2,1,0,31.42
3030521,55.68,55.0,54.1,56.0,0,0,19.5,21.49,2500,2,1,0,31.42
3031027,55.68,55.0,54.1,56.0,0,0,19.5,21.49,3001,2,1,0,31.42
3031533,55.73,55.0,54.1,56.0,0,0,19.37,21.49,3501,2,1,0,31.42
3032039,55.73,55.0,54.1,56.0,0,0,19.37,21.5,4001,2,1,0,31.42
3032545,55.73,55.0,54.1,56.0,0,0,19.33,21.5,4501,2,1,0,31.44
3033054,55.76,55.0,54.1,56.0,0,0,19.2,21.51,5001,2,1,0,31.47
3033561,55.76,55.0,54.1,56.0,0,0,19.2,21.55,5501,2,1,0,31.47
3034067,55.74,55.0,54.1,56.0,0,0,19.48,21.55,6001,2,1,0,31.45
3034573,55.74,55.0,54.1,56.0,0,0,19.48,21.53,6501,2,1,0,31.45
3035079,55.74,55.0,54.1,56.0,0,0,19.24,21.52,7001,2,1,0,31.44
3035585,55.76,55.0,54.1,56.0,0,0,19.26,21.52,7501,2,1,0,31.44
3036091,55.76,55.0,54.1,56.0,0,0,19.26,21.52,8001,2,1,0,31.44
3036598,55.76,55.0,54.1,56.0,0,0,19.26,21.52,8501,2,1,0,31.44
3037104,55.73,55.0,54.1,56.0,0,0,19.31,21.52,9001,2,1,0,31.45
3037610,55.73,55.0,54.1,56.0,0,0,19.31,21.53,9501,2,1,0,31.45
3038116,55.74,55.0,54.1,56.0,0,0,19.39,21.53,10001,2,1,0,31.44
3038622,55.74,55.0,54.1,56.0,0,0,19.39,21.52,10501,2,1,0,31.44
3039128,55.75,55.0,54.1,56.0,0,0,19.63,21.52,11001,2,1,0,31.45
3039634,55.68,55.0,54.1,56.0,0,0,20.02,21.54,11501,2,1,0,31.41
3040140,55.7,55.0,54.1,56.0,0,0,19.46,21.47,12001,2,0,0,31.42
3040650,55.7,55.0,54.1,56.0,0,0,19.46,21.49,12501,2,1,0,31.42
3041156,55.7,55.0,54.1,56.0,0,0,19.46,21.49,13001,2,1,0,31.42
3041662,55.61,55.0,54.1,56.0,0,0,19.56,21.49,13501,2,1,0,31.42
3042168,55.66,55.0,54.1,56.0,0,0,19.65,21.47,14001,2,1,0,31.44
3042674,55.66,55.0,54.1,56.0,0,0,19.65,21.49,14501,2,1,0,31.44
3043180,55.66,55.0,54.1,56.0,0,0,19.65,21.49,15001,2,1,0,31.44
3043686,55.6,55.0,54.1,56.0,0,0,19.74,21.48,16001,2,1,0,31.44
3044192,55.55,55.0,54.1,56.0,0,0,20.02,21.45,16501,2,0,0,31.42
3044698,55.55,55.0,54.1,56.0,0,0,20.02,21.45,17001,2,0,0,31.42
3045204,55.55,55.0,54.1,56.0,0,0,20.02,21.45,17501,2,0,0,31.42
3045710,55.55,55.0,54.1,56.0,0,0,20.02,21.45,18001,2,0,0,31.42
3046216,55.55,55.0,54.1,56.0,0,0,20.02,21.45,18501,2,0,0,31.42
3046722,55.51,55.0,54.1,56.0,0,0,19.82,21.44,19001,2,1,0,31.42
3047228,55.51,55.0,54.1,56.0,0,0,19.82,21.44,19501,2,1,0,31.42
3047734,55.49,55.0,54.1,56.0,1,0,20.23,21.43,0,2,0,0,31.42
3048240,55.42,55.0,54.1,56.0,1,0,20.21,21.43,500,2,0,0,31.42
3048746,55.42,55.0,54.1,56.0,1,0,20.21,21.41,1000,2,0,0,31.42
3049252,55.46,55.0,54.1,56.0,1,0,20.45,21.45,1500,2,0,0,31.45
3049758,55.46,55.0,54.1,56.0,1,0,20.45,21.45,2001,2,0,0,31.45
3050264,55.39,55.0,54.1,56.0,1,0,20.38,21.41,2501,2,0,0,31.44
3050770,55.39,55.0,54.1,56.0,1,0,20.38,21.41,3001,2,0,0,31.44
3051276,55.39,55.0,54.1,56.0,1,0,20.38,21.41,3501,2,0,0,31.44
3051782,55.36,55.0,54.1,56.0,1,0,20.34,21.39,4001,2,0,0,31.42
3052288,55.36,55.0,54.1,56.0,1,0,20.34,21.39,4501,2,0,0,31.42
3052794,55.31,55.0,54.1,56.0,1,0,20.4,21.37,5001,2,0,0,31.41
3053300,55.31,55.0,54.1,56.0,1,0,20.4,21.37,5501,2,0,0,31.41
3053806,55.29,55.0,54.1,56.0,1,0,19.69,21.39,6001,2,1,0,31.44
3054312,55.25,55.0,54.1,56.0,1,0,20.38,21.39,6501,2,1,0,31.45
3054818,55.25,55.0,54.1,56.0,1,0,20.38,21.39,7001,2,0,0,31.45
3055324,55.25,55.0,54.1,56.0,1,0,20.4,21.37,7501,2,0,0,31.44
3055830,55.25,55.0,54.1,56.0,1,0,20.4,21.37,8001,2,0,0,31.44
3056336,55.23,55.0,54.1,56.0,1,0,20.28,21.37,8501,2,0,0,31.44
3056842,55.23,55.0,54.1,56.0,1,0,20.1,21.38,9005,2,0,0,31.45
3057348,55.18,55.0,54.1,56.0,1,0,20.21,21.38,9505,2,0,0,31.44
3057854,55.18,55.0,54.1,56.0,1,0,20.21,21.35,10005,2,0,0,31.44
3058360,55.18,55.0,54.1,56.0,1,0,20.15,21.34,10505,2,0,0,31.42
3058871,55.16,55.0,54.1,56.0,1,0,20.0,21.34,11005,2,0,0,31.41
3059378,55.16,55.0,54.1,56.0,1,0,20.0,21.32,11505,2,0,0,31.41
3059884,55.16,55.0,54.1,56.0,1,0,19.93,21.34,12005,2,0,0,31.42
3060390,55.14,55.0,54.1,56.0,1,0,20.0,21.34,12505,2,0,0,31.44
3060896,55.14,55.0,54.1,56.0,1,0,20.0,21.34,13005,2,0,0,31.44
3061402,55.15,55.0,54.1,56.0,1,0,19.67,21.33,13505,2,1,0,31.42
3061908,55.1,55.0,54.1,56.0,1,0,19.69,21.33,14005,2,1,0,31.42
3062414,55.1,55.0,54.1,56.0,1,0,19.69,21.32,14505,2,1,0,31.42
3062920,55.1,55.0,54.1,56.0,1,0,19.69,21.32,15005,2,1,0,31.42
3063426,55.1,55.0,54.1,56.0,1,0,19.69,21.32,15505,2,1,0,31.42
3063932,55.14,55.0,54.1,56.0,1,0,19.44,21.34,16005,2,1,0,31.44
3064438,55.07,55.0,54.1,56.0,1,0,19.44,21.32,16517,2,1,0,31.44
3064944,55.07,55.0,54.1,56.0,1,0,19.44,21.32,17017,2,1,0,31.44
3065450,55.1,55.0,54.1,56.0,1,0,19.48,21.32,17517,2,1,0,31.42
3065956,55.1,55.0,54.1,56.0,1,0,19.44,21.32,18017,2,1,0,31.44
3066462,55.1,55.0,54.1,56.0,1,0,19.44,21.33,18517,2,1,0,31.44
3066968,55.09,55.0,54.1,56.0,1,0,19.37,21.3,19017,2,1,0,31.41
3067474,55.09,55.0,54.1,56.0,1,0,19.37,21.3,19517,2,1,0,31.41
3067980,55.06,55.0,54.1,56.0,1,0,19.13,21.3,20017,2,1,0,31.42
3068486,55.11,55.0,54.1,56.0,1,0,19.0,21.31,20517,2,1,0,31.42
3068992,55.11,55.0,54.1,56.0,1,0,19.0,21.32,21017,2,1,0,31.42
3069498,55.06,55.0,54.1,56.0,1,0,19.0,21.31,21517,2,1,0,31.42
3070004,55.14,55.0,54.1,56.0,1,0,18.94,21.31,22017,2,1,0,31.42
3070510,55.14,55.0,54.1,56.0,1,0,18.94,21.33,22517,2,1,0,31.42
3071016,55.04,55.0,54.1,56.0,1,0,18.77,21.31,23017,2,1,0,31.44
3071522,55.04,55.0,54.1,56.0,1,0,18.77,21.31,23517,2,1,0,31.44
3072028,55.09,55.0,54.1,56.0,1,0,18.62,21.31,24017,2,1,0,31.42
3072534,55.09,55.0,54.1,56.0,1,0,18.62,21.31,24517,2,1,0,31.42
3073040,55.1,55.0,54.1,56.0,1,0,18.57,21.31,25017,2,1,0,31.41
3073546,55.1,55.0,54.1,56.0,1,0,18.57,21.3,25517,2,1,0,31.41
3074052,55.03,55.0,54.1,56.0,1,0,18.29,21.31,26017,2,1,0,31.44
3074558,55.03,55.0,54.1,56.0,1,0,18.29,21.31,26517,2,1,0,31.44
3075064,55.07,55.0,54.1,56.0,1,0,18.94,21.31,27017,2,1,0,31.44
3075570,55.07,55.0,54.1,56.0,1,0,18.94,21.32,27517,2,1,0,31.44
3076076,55.04,55.0,54.1,56.0,1,0,18.42,21.3,28017,2,1,0,31.42
3076582,55.04,55.0,54.1,56.0,1,0,18.42,21.3,28517,2,1,0,31.42
3077088,55.0,55.0,54.1,56.0,1,0,18.08,21.29,29017,2,1,0,31.42
3077594,55.03,55.0,54.1,56.0,1,0,18.12,21.29,29517,2,1,0,31.41
3078100,54.97,55.0,54.1,56.0,1,0,18.68,21.28,30017,2,1,0,31.42
3078606,54.97,55.0,54.1,56.0,1,0,18.68,21.28,30517,2,1,0,31.42
3079112,54.97,55.0,54.1,56.0,1,0,17.86,21.28,31017,2,1,0,31.44
3079618,54.96,55.0,54.1,56.0,1,0,17.86,21.29,31517,2,1,0,31.42
3080124,54.9,55.0,54.1,56.0,1,0,17.8,21.28,32017,2,1,0,31.42
3080630,54.9,55.0,54.1,56.0,1,0,17.8,21.26,32517,2,1,0,31.42
3081136,54.92,55.0,54.1,56.0,1,0,18.23,21.26,33017,2,1,0,31.42
3081642,54.89,55.0,54.1,56.0,1,0,17.71,21.26,33517,2,1,0,31.42
3082148,54.89,55.0,54.1,56.0,1,0,17.71,21.25,34017,2,1,0,31.42
3082654,54.88,55.0,54.1,56.0,1,0,17.58,21.25,34517,2,1,0,31.42
3083160,54.88,55.0,54.1,56.0,1,0,17.58,21.25,35017,2,1,0,31.42
3083666,54.81,55.0,54.1,56.0,1,0,17.45,21.25,35517,2,1,0,31.42
3084172,54.81,55.0,54.1,56.0,1,0,17.41,21.23,36017,2,1,0,31.41
3084678,54.81,55.0,54.1,56.0,1,0,17.41,21.22,36517,2,1,0,31.41
3085184,54.76,55.0,54.1,56.0,1,0,17.41,21.22,37017,2,1,0,31.42
3085690,54.76,55.0,54.1,56.0,1,0,17.41,21.22,37517,2,1,0,31.42
3086196,54.74,55.0,54.1,56.0,1,0,17.2,21.22,38017,2,1,0,31.42
3086702,54.72,55.0,54.1,56.0,1,0,17.3,21.21,38517,2,1,0,31.42
3087208,54.72,55.0,54.1,56.0,1,0,17.3,21.2,39522,2,1,0,31.42
3087714,54.69,55.0,54.1,56.0,0,0,17.11,21.21,0,2,1,0,31.44
3088220,54.69,55.0,54.1,56.0,0,0,17.11,21.21,500,2,1,0,31.44
3088727,54.64,55.0,54.1,56.0,0,0,16.87,21.18,1000,2,1,0,31.42
3089233,54.64,55.0,54.1,56.0,0,0,16.87,21.18,1500,2,1,0,31.42
3089739,54.64,55.0,54.1,56.0,0,0,16.87,21.18,2000,2,1,0,31.42
3090245,54.64,55.0,54.1,56.0,0,0,16.87,21.18,2500,2,1,0,31.42
3090752,54.64,55.0,54.1,56.0,0,0,16.87,21.18,3000,2,1,0,31.42
3091258,54.49,55.0,54.1,56.0,0,0,16.85,21.13,3500,2,1,0,31.42
3091764,54.49,55.0,54.1,56.0,0,0,16.85,21.13,4000,2,1,0,31.42
3092270,54.45,55.0,54.1,56.0,0,0,16.74,21.12,4500,2,1,0,31.42
3092776,54.45,55.0,54.1,56.0,0,0,16.74,21.12,5000,2,1,0,31.42
3093282,54.45,55.0,54.1,56.0,0,0,16.74,21.12,5500,2,1,0,31.42
3093788,54.35,55.0,54.1,56.0,0,0,16.94,21.08,6000,2,1,0,31.41
3094294,54.35,55.0,54.1,56.0,0,0,16.94,21.08,6500,2,1,0,31.41
3094800,54.24,55.0,54.1,56.0,0,0,16.79,21.07,7000,2,1,0,31.44
3095306,54.27,55.0,54.1,56.0,0,0,16.83,21.04,7500,2,1,0,31.4
3095812,54.27,55.0,54.1,56.0,0,0,16.83,21.04,8000,2,1,0,31.4
3096318,54.27,55.0,54.1,56.0,0,0,16.83,21.04,8500,2,1,0,31.4
3096824,54.16,55.0,54.1,56.0,0,0,17.6,21.04,9000,2,1,0,31.42
3097330,54.16,55.0,54.1,56.0,0,0,16.96,21.01,9500,2,1,0,31.4
3097836,54.16,55.0,54.1,56.0,0,0,16.96,21.01,10000,2,1,0,31.4
3098342,54.06,55.0,54.1,56.0,0,0,16.89,21.01,10500,2,1,0,31.41
3098848,54.06,55.0,54.1,56.0,0,0,16.89,20.99,11000,2,1,0,31.41
3099354,54.06,55.0,54.1,56.0,0,0,16.89,20.99,11500,2,1,0,31.41
3099860,53.96,55.0,54.1,56.0,0,0,17.17,20.96,12000,2,1,0,31.41
3100366,53.96,55.0,54.1,56.0,0,0,17.17,20.96,12500,2,1,0,31.41
3100872,53.88,55.0,54.1,56.0,0,0,17.37,20.94,13000,2,1,0,31.41
3101378,53.88,55.0,54.1,56.0,0,0,17.37,20.94,13500,2,1,0,31.41
3101884,53.87,55.0,54.1,56.0,0,0,17.39,20.94,14000,2,1,0,31.41
3102390,53.8,55.0,54.1,56.0,0,0,17.43,20.94,14500,2,1,0,31.41
3102896,53.8,55.0,54.1,56.0,0,0,17.43,20.91,15000,2,1,0,31.41
3103402,53.74,55.0,54.1,56.0,0,0,17.65,20.9,15500,2,1,0,31.41
3103908,53.73,55.0,54.1,56.0,0,0,17.6,20.9,16000,2,1,0,31.41
3104414,53.73,55.0,54.1,56.0,0,0,17.6,20.9,16500,2,1,0,31.41
3104920,53.69,55.0,54.1,56.0,0,0,17.84,20.89,17000,2,1,0,31.42
3105426,53.63,55.0,54.1,56.0,0,0,17.86,20.89,17500,2,1,0,31.41
3105932,53.63,55.0,54.1,56.0,0,0,17.86,20.86,18000,2,1,0,31.41
3106438,53.57,55.0,54.1,56.0,0,0,17.97,20.86,18500,2,1,0,31.42
3106944,53.52,55.0,54.1,56.0,0,0,18.14,20.86,19000,2,1,0,31.42
3107450,53.52,55.0,54.1,56.0,0,0,18.14,20.84,19500,2,1,0,31.42
3107956,53.47,55.0,54.1,56.0,0,0,18.21,20.82,20002,2,1,0,31.41
3108462,53.48,55.0,54.1,56.0,0,0,18.27,20.82,20502,2,1,0,31.41
3108968,53.48,55.0,54.1,56.0,0,0,18.27,20.82,21002,2,1,0,31.41
3109474,53.46,55.0,54.1,56.0,0,0,18.34,20.81,21502,2,1,0,31.41
3109980,53.36,55.0,54.1,56.0,0,0,18.36,20.81,22002,2,1,0,31.41
3110488,53.35,55.0,54.1,56.0,0,0,18.38,20.78,22502,2,1,0,31.42
3110995,53.35,55.0,54.1,56.0,0,0,18.38,20.79,23002,2,1,0,31.42
3111501,53.32,55.0,54.1,56.0,0,0,18.64,20.78,23502,2,1,0,31.42
3112007,53.3,55.0,54.1,56.0,0,0,18.72,20.77,24002,2,1,0,31.42
3112513,53.23,55.0,54.1,56.0,0,0,18.72,20.77,24502,2,1,0,31.41
3113019,53.23,55.0,54.1,56.0,0,0,18.72,20.74,25002,2,1,0,31.41
3113525,53.22,55.0,54.1,56.0,0,0,18.75,20.74,25502,2,1,0,31.41
3114031,53.22,55.0,54.1,56.0,0,0,18.75,20.74,26002,2,1,0,31.41
3114537,53.21,55.0,54.1,56.0,0,0,19.11,20.74,26502,2,1,0,31.41
3115043,53.21,55.0,54.1,56.0,0,0,19.11,20.74,27002,2,1,0,31.41
3115549,53.19,55.0,54.1,56.0,0,0,18.77,20.73,27502,2,1,0,31.41
3116055,53.17,55.0,54.1,56.0,0,0,19.03,20.73,28002,2,1,0,31.42
3116561,53.17,55.0,54.1,56.0,0,0,19.03,20.74,28502,2,1,0,31.42
3117067,53.13,55.0,54.1,56.0,0,0,19.18,20.74,29002,2,1,0,31.4
3117573,53.13,55.0,54.1,56.0,0,0,19.18,20.7,29502,2,1,0,31.4
3118079,53.13,55.0,54.1,56.0,0,0,19.37,20.71,30003,2,0,0,31.41
3118585,53.08,55.0,54.1,56.0,0,0,19.41,20.71,30503,2,0,0,31.41
3119091,53.08,55.0,54.1,56.0,0,0,19.41,20.7,31003,2,0,0,31.41
3119597,53.07,55.0,54.1,56.0,0,0,19.59,20.7,31503,2,0,0,31.41
3120103,53.07,55.0,54.1,56.0,0,0,19.59,20.69,32003,2,0,0,31.41
3120609,53.07,55.0,54.1,56.0,0,0,19.59,20.69,32503,2,0,0,31.41
3121115,53.03,55.0,54.1,56.0,0,0,19.8,20.69,33003,2,0,0,31.41
3121621,53.03,55.0,54.1,56.0,0,0,19.8,20.68,33503,2,0,0,31.41
3122127,53.03,55.0,54.1,56.0,0,0,19.95,20.68,34003,2,0,0,31.41
3122633,53.02,55.0,54.1,56.0,0,0,19.72,20.68,34503,2,0,0,31.38
3123139,53.02,55.0,54.1,56.0,0,0,19.72,20.65,35003,2,0,0,31.38
3123645,53.02,55.0,54.1,56.0,0,0,19.72,20.65,35503,2,0,0,31.38
3124151,52.99,55.0,54.1,56.0,0,0,19.87,20.67,36011,2,0,0,31.41
3124657,52.97,55.0,54.1,56.0,0,0,19.93,20.67,36511,2,0,0,31.4
3125163,52.97,55.0,54.1,56.0,0,0,19.93,20.65,37011,2,0,0,31.4
3125669,53.01,55.0,54.1,56.0,0,0,20.02,20.69,37511,2,0,0,31.42
3126175,52.99,55.0,54.1,56.0,0,0,20.34,20.69,38011,2,0,0,31.41
3126681,52.99,55.0,54.1,56.0,0,0,20.34,20.67,38511,2,0,0,31.41
3127187,52.99,55.0,54.1,56.0,0,0,20.34,20.67,39011,2,0,0,31.41
3127693,52.99,55.0,54.1,56.0,0,0,20.34,20.67,39511,2,0,0,31.41
3128199,52.99,55.0,54.1,56.0,0,0,20.25,20.67,40011,2,0,0,31.4
3128705,52.99,55.0,54.1,56.0,0,0,20.25,20.66,40511,2,0,0,31.4
3129211,52.99,55.0,54.1,56.0,0,0,20.43,20.66,41011,2,0,0,31.41
3129717,52.99,55.0,54.1,56.0,0,0,20.43,20.67,41511,2,0,0,31.41
3130223,52.97,55.0,54.1,56.0,0,0,20.58,20.67,42015,2,0,0,31.41
3130729,52.97,55.0,54.1,56.0,0,0,20.58,20.66,43021,2,0,0,31.41
3131235,52.99,55.0,54.1,56.0,0,0,21.29,20.64,43521,2,0,0,31.38
3131741,52.99,55.0,54.1,56.0,0,0,21.29,20.64,44021,2,0,0,31.38
3132247,52.96,55.0,54.1,56.0,0,0,20.9,20.68,44521,2,0,0,31.44
3132753,52.96,55.0,54.1,56.0,0,0,20.9,20.68,45021,2,0,0,31.44
3133259,53.02,55.0,54.1,56.0,0,0,20.75,20.68,45521,2,0,0,31.41
3133765,52.99,55.0,54.1,56.0,0,0,20.99,20.67,46021,2,0,0,31.41
3134271,52.99,55.0,54.1,56.0,0,0,20.99,20.67,46521,2,0,0,31.41
3134777,53.03,55.0,54.1,56.0,0,0,21.01,20.67,47021,2,0,0,31.4
3135283,53.03,55.0,54.1,56.0,0,0,21.01,20.67,47521,2,0,0,31.4
3135789,53.01,55.0,54.1,56.0,0,0,20.9,20.67,48021,2,0,0,31.41
3136295,53.01,55.0,54.1,56.0,0,0,20.9,20.67,48521,2,0,0,31.41
3136801,53.02,55.0,54.1,56.0,0,0,21.03,20.69,49021,2,0,0,31.42
3137308,53.02,55.0,54.1,56.0,0,0,21.03,20.69,49521,2,0,0,31.42
3137815,53.03,55.0,54.1,56.0,0,0,21.29,20.65,50021,2,0,0,31.38
3138321,53.03,55.0,54.1,56.0,0,0,21.29,20.65,50521,2,0,0,31.38
3138827,53.11,55.0,54.1,56.0,0,0,21.16,20.65,51021,2,0,0,31.42
3139333,53.11,55.0,54.1,56.0,0,0,21.16,20.72,51521,2,0,0,31.42
3139839,53.07,55.0,54.1,56.0,0,0,21.27,20.71,52021,2,0,0,31.42
3140345,53.1,55.0,54.1,56.0,0,0,21.46,20.69,52521,2,0,0,31.4
3140851,53.11,55.0,54.1,56.0,0,0,21.46,20.69,53021,2,0,0,31.42
3141360,53.11,55.0,54.1,56.0,0,0,21.46,20.72,53521,2,0,0,31.42
3141866,53.11,55.0,54.1,56.0,0,0,21.46,20.72,54021,2,0,0,31.42
3142372,53.11,55.0,54.1,56.0,0,0,21.46,20.72,54521,2,0,0,31.42
3142878,53.12,55.0,54.1,56.0,0,0,21.1,20.71,55023,2,0,0,31.41
3143384,53.13,55.0,54.1,56.0,0,0,21.96,20.71,55524,2,0,0,31.41
3143890,53.13,55.0,54.1,56.0,0,0,21.96,20.71,56024,2,0,0,31.41
3144396,53.13,55.0,54.1,56.0,0,0,21.96,20.71,56524,2,0,0,31.41
3144902,53.18,55.0,54.1,56.0,0,0,21.92,20.71,57024,2,0,0,31.4
3145408,53.18,55.0,54.1,56.0,0,0,21.92,20.71,57524,2,0,0,31.4
3145914,53.18,55.0,54.1,56.0,0,0,21.83,20.73,58024,2,0,0,31.41
3146420,53.2,55.0,54.1,56.0,0,0,21.92,20.73,58524,2,0,0,31.4
3146926,53.2,55.0,54.1,56.0,0,0,21.92,20.72,59024,2,0,0,31.4
3147432,53.21,55.0,54.1,56.0,0,0,22.11,20.74,59524,2,0,0,31.41
3147938,53.23,55.0,54.1,56.0,0,0,21.9,20.77,60024,2,0,0,31.44
3148444,53.23,55.0,54.1,56.0,0,0,21.9,20.77,60524,2,0,0,31.44
3148950,53.26,55.0,54.1,56.0,0,0,21.98,20.74,61024,2,0,0,31.4
3149456,53.27,55.0,54.1,56.0,0,0,22.33,20.74,61526,2,0,0,31.41
3149962,53.27,55.0,54.1,56.0,0,0,22.33,20.75,62028,2,0,0,31.41
3150468,53.28,55.0,54.1,56.0,0,0,22.16,20.76,62529,2,0,0,31.41
3150974,53.28,55.0,54.1,56.0,0,0,22.16,20.76,63029,2,0,0,31.41
3151480,53.28,55.0,54.1,56.0,0,0,22.16,20.76,63529,2,0,0,31.41
3151986,53.32,55.0,54.1,56.0,0,0,22.68,20.76,64029,2,0,0,31.4
3152492,53.34,55.0,54.1,56.0,0,0,22.59,20.79,64529,2,0,0,31.42
3152999,53.33,55.0,54.1,56.0,0,0,22.46,20.79,65029,2,0,0,31.4
3153506,53.33,55.0,54.1,56.0,0,0,22.46,20.76,65529,2,0,0,31.4
3154012,53.36,55.0,54.1,56.0,0,0,22.44,20.78,66029,2,0,0,31.41
3154518,53.33,55.0,54.1,56.0,0,0,22.5,20.78,66529,2,0,0,31.41
3155024,53.33,55.0,54.1,56.0,0,0,22.5,20.77,67029,2,0,0,31.41
3155530,53.4,55.0,54.1,56.0,0,0,22.85,20.77,67529,2,0,0,31.42
3156036,53.45,55.0,54.1,56.0,0,0,22.5,20.81,68029,2,0,0,31.44
3156542,53.42,55.0,54.1,56.0,0,0,22.63,20.83,68529,2,0,0,31.42
3157048,53.42,55.0,54.1,56.0,0,0,22.63,20.81,69029,2,0,0,31.42
3157554,53.42,55.0,54.1,56.0,0,0,22.63,20.81,69529,2,0,0,31.42
3158060,53.42,55.0,54.1,56.0,0,0,22.63,20.81,70030,2,0,0,31.42
3158566,53.5,55.0,54.1,56.0,0,0,22.78,20.81,70530,2,0,0,31.41
3159072,53.51,55.0,54.1,56.0,0,0,22.78,20.82,71030,2,0,0,31.42
3159578,53.51,55.0,54.1,56.0,0,0,22.78,20.84,71530,2,0,0,31.42
3160084,53.51,55.0,54.1,56.0,0,0,22.78,20.84,72030,2,0,0,31.42
3160590,53.56,55.0,54.1,56.0,0,0,22.61,20.85,72530,2,0,0,31.42
3161096,53.56,55.0,54.1,56.0,0,0,22.61,20.85,73030,2,0,0,31.42
3161602,53.59,55.0,54.1,56.0,0,0,22.96,20.85,73530,2,0,0,31.44
3162108,53.59,55.0,54.1,56.0,0,0,22.96,20.88,74030,2,0,0,31.44
3162614,53.6,55.0,54.1,56.0,0,0,23.13,20.88,74530,2,0,0,31.42
3163120,53.64,55.0,54.1,56.0,0,0,23.26,20.87,75030,2,0,0,31.44
3163626,53.64,55.0,54.1,56.0,0,0,23.26,20.89,75530,2,0,0,31.44
3164146,53.63,55.0,54.1,56.0,0,0,23.13,20.89,76030,2,0,0,31.41
3164653,53.63,55.0,54.1,56.0,0,0,23.13,20.86,76530,2,0,0,31.41
3165159,53.67,55.0,54.1,56.0,0,0,23.2,20.88,77042,2,0,0,31.41
3165665,53.69,55.0,54.1,56.0,0,0,23.18,20.88,77542,2,0,0,31.42
3166171,53.69,55.0,54.1,56.0,0,0,23.18,20.89,78042,2,0,0,31.42
3166677,53.73,55.0,54.1,56.0,0,0,23.42,20.89,78542,2,0,0,31.44
3167183,53.73,55.0,54.1,56.0,0,0,23.42,20.92,79042,2,0,0,31.44
3167689,53.73,55.0,54.1,56.0,0,0,23.42,20.92,79542,2,0,0,31.41
3168195,53.73,55.0,54.1,56.0,0,0,23.42,20.9,80042,2,0,0,31.41
3168701,53.77,55.0,54.1,56.0,0,0,23.59,20.9,80542,2,0,0,31.42
3169207,53.77,55.0,54.1,56.0,0,0,23.05,20.92,81042,2,0,0,31.41
3169713,53.8,55.0,54.1,56.0,0,0,23.5,20.91,81542,2,0,0,31.44
3170219,53.8,55.0,54.1,56.0,0,0,23.5,20.94,82042,2,0,0,31.44
3170725,53.85,55.0,54.1,56.0,0,0,23.57,20.94,82542,2,0,0,31.42
3171231,53.87,55.0,54.1,56.0,0,0,23.72,20.94,83042,2,0,0,31.42
3171737,53.87,55.0,54.1,56.0,0,0,23.72,20.95,83542,2,0,0,31.42
3172244,53.87,55.0,54.1,56.0,0,0,23.72,20.95,84042,2,0,0,31.42
3172751,53.85,55.0,54.1,56.0,0,0,23.83,20.94,85043,2,0,0,31.42
3173257,53.85,55.0,54.1,56.0,0,0,23.83,20.94,85543,2,0,0,31.42
3173763,53.92,55.0,54.1,56.0,0,0,23.85,20.96,86043,2,0,0,31.42
3174269,53.92,55.0,54.1,56.0,0,0,23.85,20.96,86543,2,0,0,31.42
3174775,53.94,55.0,54.1,56.0,0,0,23.81,20.98,87043,2,0,0,31.44
3175281,53.95,55.0,54.1,56.0,0,0,23.94,20.97,87543,2,0,0,31.42
3175787,53.95,55.0,54.1,56.0,0,0,23.94,20.97,88043,2,0,0,31.42
3176293,53.95,55.0,54.1,56.0,0,0,23.94,20.97,88543,2,0,0,31.42
3176799,54.0,55.0,54.1,56.0,0,0,23.92,21.0,89043,2,0,0,31.44
3177305,54.0,55.0,54.1,56.0,0,0,23.92,21.0,89543,2,0,0,31.44
3177811,54.06,55.0,54.1,56.0,0,0,24.09,21.01,90043,2,0,0,31.42
3178317,54.06,55.0,54.1,56.0,0,0,24.09,21.01,90543,2,0,0,31.42
3178823,54.07,55.0,54.1,56.0,0,0,23.85,21.01,91043,2,0,0,31.42
3179329,54.07,55.0,54.1,56.0,0,0,24.05,21.01,91543,2,0,0,31.42
3179835,54.07,55.0,54.1,56.0,0,0,24.05,21.01,92043,2,0,0,31.42
3180341,54.07,55.0,54.1,56.0,0,0,24.05,21.01,92543,2,0,0,31.42
3180847,54.14,55.0,54.1,56.0,1,0,24.11,21.04,0,2,0,0,31.44
3181353,54.12,55.0,54.1,56.0,1,0,24.16,21.02,500,2,0,0,31.42
3181859,54.12,55.0,54.1,56.0,1,0,24.16,21.02,1000,2,0,0,31.42
3182365,54.15,55.0,54.1,56.0,1,0,24.31,21.03,1500,2,0,0,31.42
3182871,54.15,55.0,54.1,56.0,1,0,24.31,21.03,2000,2,0,0,31.42
3183377,54.21,55.0,54.1,56.0,1,0,24.22,21.03,2500,2,0,0,31.42
3183883,54.21,55.0,54.1,56.0,1,0,24.22,21.05,3000,2,0,0,31.42
3184389,54.21,55.0,54.1,56.0,1,0,24.22,21.05,3500,2,0,0,31.42
3184895,54.21,55.0,54.1,56.0,1,0,24.16,21.08,4000,2,0,0,31.45
3185401,54.22,55.0,54.1,56.0,1,0,24.07,21.06,4500,2,0,0,31.42
3185907,54.22,55.0,54.1,56.0,1,0,24.07,21.06,5000,2,0,0,31.42
3186413,54.22,55.0,54.1,56.0,1,0,24.07,21.06,5500,2,0,0,31.42
3186919,54.22,55.0,54.1,56.0,1,0,24.07,21.06,6000,2,0,0,31.42
3187425,54.22,55.0,54.1,56.0,1,0,24.07,21.06,6500,2,0,0,31.42
3187931,54.32,55.0,54.1,56.0,1,0,23.98,21.08,7000,2,0,0,31.42
3188437,54.32,55.0,54.1,56.0,1,0,23.61,21.08,7500,2,0,0,31.44
3188943,54.32,55.0,54.1,56.0,1,0,23.61,21.1,8000,2,0,0,31.44
3189449,54.36,55.0,54.1,56.0,1,0,23.89,21.1,8500,2,0,0,31.42
3189969,54.34,55.0,54.1,56.0,1,0,23.89,21.1,9000,2,0,0,31.44
3190476,54.34,55.0,54.1,56.0,1,0,23.89,21.1,9500,2,0,0,31.44
3190982,54.41,55.0,54.1,56.0,1,0,23.59,21.11,10015,2,0,0,31.42
3191488,54.41,55.0,54.1,56.0,1,0,23.59,21.11,10515,2,0,0,31.42
3191994,54.43,55.0,54.1,56.0,1,0,23.33,21.12,11015,2,0,0,31.42
3192500,54.43,55.0,54.1,56.0,1,0,23.33,21.12,11515,2,0,0,31.42
3193006,54.43,55.0,54.1,56.0,1,0,23.39,21.12,12015,2,0,0,31.42
3193512,54.43,55.0,54.1,56.0,1,0,23.39,21.12,12515,2,0,0,31.42
3194019,54.49,55.0,54.1,56.0,1,0,23.15,21.12,13015,2,0,0,31.42
3194525,54.49,55.0,54.1,56.0,1,0,23.15,21.13,13515,2,0,0,31.42
3195031,54.5,55.0,54.1,56.0,1,0,22.96,21.13,14015,2,0,0,31.44
3195537,54.5,55.0,54.1,56.0,1,0,22.96,21.15,14515,2,0,0,31.44
3196043,54.56,55.0,54.1,56.0,1,0,23.02,21.15,15015,2,0,0,31.41
3196549,54.56,55.0,54.1,56.0,1,0,23.02,21.14,15515,2,0,0,31.41
3197055,54.59,55.0,54.1,56.0,1,0,22.7,21.18,16018,2,0,0,31.44
3197561,54.56,55.0,54.1,56.0,1,0,22.61,21.18,16518,2,0,0,31.42
3198067,54.59,55.0,54.1,56.0,1,0,22.55,21.16,17018,2,0,0,31.42
3198573,54.59,55.0,54.1,56.0,1,0,22.55,21.16,17520,2,0,0,31.42
3199079,54.59,55.0,54.1,56.0,1,0,22.55,21.16,18020,2,0,0,31.42
3199585,54.63,55.0,54.1,56.0,1,0,22.31,21.16,18520,2,0,0,31.4
3200091,54.63,55.0,54.1,56.0,1,0,22.31,21.15,19020,2,0,0,31.4
3200597,54.7,55.0,54.1,56.0,1,0,22.39,21.21,19520,2,0,0,31.44
3201103,54.7,55.0,54.1,56.0,1,0,22.39,21.21,20020,2,0,0,31.44
3201609,54.7,55.0,54.1,56.0,1,0,22.39,21.21,20520,2,0,0,31.44
3202115,54.75,55.0,54.1,56.0,1,0,21.96,21.21,21020,2,0,0,31.41
3202621,54.75,55.0,54.1,56.0,1,0,21.96,21.2,21520,2,0,0,31.41
3203127,54.81,55.0,54.1,56.0,1,0,21.87,21.22,22020,2,0,0,31.41
3203633,54.81,55.0,54.1,56.0,1,0,21.85,21.22,22520,2,0,0,31.44
3204139,54.81,55.0,54.1,56.0,1,0,21.77,21.24,23020,2,0,0,31.42
3204645,54.85,55.0,54.1,56.0,1,0,21.55,21.23,23520,2,0,0,31.42
3205151,54.85,55.0,54.1,56.0,1,0,21.55,21.24,24020,2,0,0,31.42
3205657,54.85,55.0,54.1,56.0,1,0,21.55,21.24,24520,2,0,0,31.42
3206163,54.94,55.0,54.1,56.0,1,0,21.29,21.25,25020,2,0,0,31.4
3206669,54.99,55.0,54.1,56.0,1,0,21.27,21.25,25520,2,0,0,31.42
3207175,54.99,55.0,54.1,56.0,1,0,21.2,21.28,26020,2,0,0,31.41
3207681,55.03,55.0,54.1,56.0,1,0,21.01,21.27,26520,2,0,0,31.41
3208187,55.03,55.0,54.1,56.0,1,0,21.01,21.28,27020,2,0,0,31.41
3208693,55.03,55.0,54.1,56.0,1,0,21.16,21.27,27520,2,0,0,31.4
3209199,55.03,55.0,54.1,56.0,1,0,21.16,21.27,28020,2,0,0,31.4
3209705,55.03,55.0,54.1,56.0,1,0,21.16,21.27,28520,2,0,0,31.4
3210211,55.03,55.0,54.1,56.0,1,0,21.16,21.27,29020,2,0,0,31.4
3210717,55.19,55.0,54.1,56.0,1,0,20.81,21.27,29520,2,0,0,31.42
3211223,55.19,55.0,54.1,56.0,1,0,20.81,21.34,30020,2,0,0,31.42
3211729,55.21,55.0,54.1,56.0,1,0,19.89,21.35,30527,2,0,0,31.42
3212235,55.21,55.0,54.1,56.0,1,0,19.89,21.35,31027,2,0,0,31.42
3212741,55.24,55.0,54.1,56.0,1,0,20.36,21.35,31527,2,0,0,31.44
3213247,55.24,55.0,54.1,56.0,1,0,20.36,21.37,32027,2,0,0,31.44
3213753,55.34,55.0,54.1,56.0,1,0,20.34,21.37,32527,2,0,0,31.42
3214259,55.34,55.0,54.1,56.0,1,0,20.34,21.39,33027,2,0,0,31.42
3214765,55.32,55.0,54.1,56.0,1,0,20.3,21.39,33527,2,0,0,31.42
3215271,55.37,55.0,54.1,56.0,1,0,20.12,21.38,34027,2,0,0,31.41
3215777,55.37,55.0,54.1,56.0,1,0,20.12,21.39,34527,2,0,0,31.41
3216283,55.41,55.0,54.1,56.0,1,0,20.0,21.39,35032,2,0,0,31.41
3216789,55.41,55.0,54.1,56.0,1,0,19.65,21.4,35538,2,0,0,31.42
3217295,55.41,55.0,54.1,56.0,1,0,19.65,21.41,36044,2,1,0,31.42
3217801,55.45,55.0,54.1,56.0,1,0,19.67,21.42,37050,2,1,0,31.42
3218308,55.45,55.0,54.1,56.0,1,0,19.67,21.42,37550,2,1,0,31.42
3218814,55.48,55.0,54.1,56.0,1,0,19.03,21.44,38050,2,1,0,31.44
3219320,55.51,55.0,54.1,56.0,1,0,19.56,21.44,38550,2,1,0,31.42
3219826,55.51,55.0,54.1,56.0,1,0,19.56,21.44,39050,2,1,0,31.42
3220332,55.55,55.0,54.1,56.0,1,0,19.65,21.45,39550,2,1,0,31.42
3220838,55.53,55.0,54.1,56.0,0,0,18.88,21.44,0,2,1,0,31.42
3221351,55.53,55.0,54.1,56.0,0,0,19.35,21.44,500,2,1,0,31.41
3221858,55.53,55.0,54.1,56.0,0,0,19.35,21.43,1000,2,1,0,31.41
3222364,55.53,55.0,54.1,56.0,0,0,19.35,21.43,1500,2,1,0,31.41
3222870,55.61,55.0,54.1,56.0,0,0,19.16,21.45,2000,2,1,0,31.41
3223376,55.56,55.0,54.1,56.0,0,0,19.09,21.44,2500,2,1,0,31.41
3223882,55.56,55.0,54.1,56.0,0,0,19.09,21.44,3000,2,1,0,31.41
3224388,55.55,55.0,54.1,56.0,0,0,19.65,21.46,3500,2,1,0,31.44
3224894,55.59,55.0,54.1,56.0,0,0,19.09,21.46,4000,2,1,0,31.42
3225400,55.59,55.0,54.1,56.0,0,0,19.09,21.46,4500,2,1,0,31.42
3225906,55.53,55.0,54.1,56.0,0,0,19.07,21.43,5000,2,1,0,31.41
3226412,55.6,55.0,54.1,56.0,0,0,18.96,21.45,5500,2,1,0,31.41
3226918,55.6,55.0,54.1,56.0,0,0,18.96,21.45,6000,2,1,0,31.41
3227424,55.59,55.0,54.1,56.0,0,0,19.05,21.45,6500,2,1,0,31.44
3227930,55.59,55.0,54.1,56.0,0,0,19.05,21.47,7000,2,1,0,31.44
3228436,55.56,55.0,54.1,56.0,0,0,18.88,21.45,7500,2,1,0,31.42
3228942,55.55,55.0,54.1,56.0,0,0,19.26,21.46,8000,2,1,0,31.44
3229448,55.55,55.0,54.1,56.0,0,0,19.26,21.46,8500,2,1,0,31.44
3229954,55.54,55.0,54.1,56.0,0,0,19.09,21.46,9000,2,1,0,31.42
3230460,55.54,55.0,54.1,56.0,0,0,19.09,21.45,9500,2,1,0,31.42
3230966,55.53,55.0,54.1,56.0,0,0,19.2,21.42,10000,2,1,0,31.4
3231472,55.52,55.0,54.1,56.0,0,0,19.11,21.42,10500,2,1,0,31.41
3231978,55.48,55.0,54.1,56.0,0,0,19.13,21.43,11000,2,1,0,31.38
3232484,55.48,55.0,54.1,56.0,0,0,19.13,21.39,11500,2,1,0,31.38
3232990,55.5,55.0,54.1,56.0,0,0,19.26,21.41,12000,2,1,0,31.4
3233499,55.5,55.0,54.1,56.0,0,0,19.26,21.41,12500,2,1,0,31.4
3234006,55.48,55.0,54.1,56.0,0,0,20.21,21.43,13001,2,0,0,31.42
3234512,55.48,55.0,54.1,56.0,0,0,20.21,21.43,13501,2,0,0,31.42
3235018,55.37,55.0,54.1,56.0,0,0,19.33,21.4,14001,2,1,0,31.42
3235524,55.36,55.0,54.1,56.0,0,0,19.37,21.37,14501,2,1,0,31.4
3236030,55.36,55.0,54.1,56.0,0,0,19.37,21.37,15001,2,1,0,31.4
3236536,55.39,55.0,54.1,56.0,0,0,19.5,21.39,15501,2,1,0,31.41
3237042,55.36,55.0,54.1,56.0,0,0,20.17,21.39,16001,2,1,0,31.41
3237550,55.36,55.0,54.1,56.0,0,0,20.17,21.38,16501,2,0,0,31.41
3238057,55.3,55.0,54.1,56.0,0,0,19.72,21.38,17001,2,1,0,31.42
3238563,55.31,55.0,54.1,56.0,0,0,19.84,21.38,17501,2,1,0,31.41
3239069,55.31,55.0,54.1,56.0,0,0,19.84,21.37,18001,2,1,0,31.41
3239575,55.26,55.0,54.1,56.0,0,0,19.91,21.36,18501,2,0,0,31.42
3240081,55.22,55.0,54.1,56.0,0,0,19.84,21.36,19001,2,0,0,31.42
3240587,55.22,55.0,54.1,56.0,0,0,19.84,21.35,19501,2,1,0,31.42
3241093,55.18,55.0,54.1,56.0,1,0,19.91,21.32,0,2,0,0,31.4
3241599,55.18,55.0,54.1,56.0,1,0,20.17,21.32,500,2,0,0,31.38
3242105,55.15,55.0,54.1,56.0,1,0,20.02,21.3,1000,2,0,0,31.41
3242611,55.15,55.0,54.1,56.0,1,0,20.02,21.32,1500,2,0,0,31.41
3243117,55.15,55.0,54.1,56.0,1,0,20.21,21.32,2000,2,0,0,31.41
3243623,55.15,55.0,54.1,56.0,1,0,20.17,21.32,2500,2,0,0,31.41
3244129,55.15,55.0,54.1,56.0,1,0,20.17,21.32,3000,2,0,0,31.41
3244635,55.05,55.0,54.1,56.0,1,0,19.97,21.32,3500,2,0,0,31.41
3245141,55.05,55.0,54.1,56.0,1,0,19.97,21.29,4000,2,0,0,31.41
3245647,55.06,55.0,54.1,56.0,1,0,20.19,21.29,4500,2,0,0,31.41
3246167,55.08,55.0,54.1,56.0,1,0,20.17,21.29,5000,2,0,0,31.42
3246674,55.08,55.0,54.1,56.0,1,0,20.17,21.31,5500,2,0,0,31.42
3247180,55.02,55.0,54.1,56.0,1,0,20.08,21.31,6000,2,0,0,31.41
3247686,54.99,55.0,54.1,56.0,1,0,20.15,21.28,6500,2,0,0,31.41
3248192,54.99,55.0,54.1,56.0,1,0,20.15,21.27,7000,2,0,0,31.41
3248698,54.95,55.0,54.1,56.0,1,0,20.23,21.27,7500,2,0,0,31.44
3249204,54.92,55.0,54.1,56.0,1,0,19.91,21.28,8000,2,0,0,31.42
3249710,54.92,55.0,54.1,56.0,1,0,19.91,21.26,8500,2,0,0,31.42
3250216,54.92,55.0,54.1,56.0,1,0,19.91,21.26,9000,2,0,0,31.42
3250722,54.97,55.0,54.1,56.0,1,0,20.1,21.26,9500,2,0,0,31.41
3251228,54.93,55.0,54.1,56.0,1,0,19.97,21.27,10000,2,0,0,31.38
3251734,54.88,55.0,54.1,56.0,1,0,19.84,21.23,10500,2,0,0,31.4
3252240,54.88,55.0,54.1,56.0,1,0,19.84,21.23,11000,2,0,0,31.4
3252746,54.89,55.0,54.1,56.0,1,0,19.78,21.25,11507,2,0,0,31.42
3253252,54.89,55.0,54.1,56.0,1,0,19.78,21.25,12007,2,0,0,31.42
3253758,54.85,55.0,54.1,56.0,1,0,19.76,21.25,12507,2,0,0,31.44
3254264,54.85,55.0,54.1,56.0,1,0,19.74,21.25,13007,2,0,0,31.41
3254770,54.83,55.0,54.1,56.0,1,0,18.92,21.23,13507,2,0,0,31.41
3255276,54.83,55.0,54.1,56.0,1,0,18.92,21.23,14007,2,1,0,31.41
3255782,54.83,55.0,54.1,56.0,1,0,18.92,21.23,14507,2,1,0,31.41
3256288,54.86,55.0,54.1,56.0,1,0,19.18,21.23,15007,2,1,0,31.42
3256794,54.86,55.0,54.1,56.0,1,0,19.18,21.25,15507,2,1,0,31.42
3257300,54.86,55.0,54.1,56.0,1,0,19.59,21.25,16007,2,1,0,31.4
3257806,54.82,55.0,54.1,56.0,1,0,19.33,21.22,16507,2,1,0,31.41
3258312,54.82,55.0,54.1,56.0,1,0,19.33,21.22,17010,2,1,0,31.41
3258818,54.82,55.0,54.1,56.0,1,0,19.33,21.22,17520,2,1,0,31.41
3259324,54.81,55.0,54.1,56.0,1,0,19.72,21.2,18522,2,0,0,31.4
3259830,54.81,55.0,54.1,56.0,1,0,19.72,21.2,19022,2,0,0,31.4
3260336,54.81,55.0,54.1,56.0,1,0,19.72,21.2,19522,2,0,0,31.4
3260842,54.81,55.0,54.1,56.0,1,0,19.05,21.23,20022,2,1,0,31.42
3261348,54.81,55.0,54.1,56.0,1,0,19.05,21.23,20522,2,1,0,31.42
3261854,54.81,55.0,54.1,56.0,1,0,19.05,21.23,21022,2,1,0,31.42
3262360,54.81,55.0,54.1,56.0,1,0,18.9,21.2,21522,2,1,0,31.4
3262866,54.81,55.0,54.1,56.0,1,0,18.9,21.2,22024,2,1,0,31.4
3263372,54.79,55.0,54.1,56.0,1,0,18.79,21.22,22525,2,1,0,31.42
3263878,54.78,55.0,54.1,56.0,1,0,18.66,21.2,23026,2,1,0,31.4
3264384,54.78,55.0,54.1,56.0,1,0,18.66,21.2,23526,2,1,0,31.4
3264890,54.77,55.0,54.1,56.0,1,0,18.72,21.21,24026,2,1,0,31.41
3265396,54.8,55.0,54.1,56.0,1,0,18.53,21.23,24526,2,1,0,31.42
3265902,54.72,55.0,54.1,56.0,1,0,18.4,21.18,25026,2,1,0,31.4
3266408,54.72,55.0,54.1,56.0,1,0,18.4,21.18,25526,2,1,0,31.4
3266914,54.79,55.0,54.1,56.0,1,0,18.55,21.22,26026,2,1,0,31.42
3267420,54.79,55.0,54.1,56.0,1,0,18.55,21.22,26526,2,1,0,31.42
3267926,54.76,55.0,54.1,56.0,1,0,18.16,21.22,27026,2,1,0,31.42
3268432,54.76,55.0,54.1,56.0,1,0,18.16,21.22,27526,2,1,0,31.42
3268938,54.72,55.0,54.1,56.0,1,0,18.21,21.19,28026,2,1,0,31.41
3269444,54.76,55.0,54.1,56.0,1,0,17.99,21.19,28526,2,1,0,31.4
3269950,54.76,55.0,54.1,56.0,1,0,17.99,21.19,29026,2,1,0,31.4
3270456,54.71,55.0,54.1,56.0,1,0,17.86,21.19,29526,2,1,0,31.4
3270962,54.71,55.0,54.1,56.0,1,0,17.86,21.17,30026,2,1,0,31.4
3271468,54.7,55.0,54.1,56.0,1,0,17.8,21.18,30526,2,1,0,31.41
3271974,54.66,55.0,54.1,56.0,1,0,17.73,21.17,31030,2,1,0,31.41
3272480,54.66,55.0,54.1,56.0,1,0,17.73,21.17,31530,2,1,0,31.41
3272986,54.66,55.0,54.1,56.0,1,0,17.73,21.17,32030,2,1,0,31.41
3273492,54.66,55.0,54.1,56.0,1,0,17.73,21.17,32530,2,1,0,31.41
3273998,54.63,55.0,54.1,56.0,1,0,17.78,21.17,33030,2,1,0,31.41
3274504,54.62,55.0,54.1,56.0,1,0,17.15,21.17,33530,2,1,0,31.4
3275010,54.62,55.0,54.1,56.0,1,0,17.15,21.15,34030,2,1,0,31.4
3275516,54.56,55.0,54.1,56.0,1,0,17.45,21.14,34530,2,1,0,31.41
3276022,54.56,55.0,54.1,56.0,1,0,17.45,21.14,35030,2,1,0,31.41
3276528,54.56,55.0,54.1,56.0,1,0,17.39,21.16,35530,2,1,0,31.42
3277034,54.56,55.0,54.1,56.0,1,0,17.39,21.16,36030,2,1,0,31.42
3277540,54.48,55.0,54.1,56.0,1,0,17.39,21.12,36530,2,1,0,31.41
3278046,54.43,55.0,54.1,56.0,1,0,17.3,21.09,37030,2,1,0,31.4
3278552,54.46,55.0,54.1,56.0,1,0,17.17,21.1,37535,2,1,0,31.4
3279058,54.45,55.0,54.1,56.0,1,0,16.98,21.1,38035,2,1,0,31.42
3279564,54.45,55.0,54.1,56.0,1,0,16.98,21.12,38535,2,1,0,31.42
3280070,54.39,55.0,54.1,56.0,1,0,17.09,21.08,39035,2,1,0,31.4
3280576,54.38,55.0,54.1,56.0,1,0,16.76,21.09,39535,2,1,0,31.41
3281082,54.36,55.0,54.1,56.0,0,0,16.74,21.09,0,2,1,0,31.4
3281588,54.36,55.0,54.1,56.0,0,0,16.74,21.07,500,2,1,0,31.4
3282094,54.36,55.0,54.1,56.0,0,0,16.74,21.07,1000,2,1,0,31.4
3282600,54.29,55.0,54.1,56.0,0,0,16.74,21.07,1500,2,1,0,31.42
3283106,54.24,55.0,54.1,56.0,0,0,16.72,21.07,2000,2,1,0,31.4
3283612,54.24,55.0,54.1,56.0,0,0,16.72,21.04,2500,2,1,0,31.4
3284118,54.17,55.0,54.1,56.0,0,0,16.63,21.04,3000,2,1,0,31.4
3284624,54.17,55.0,54.1,56.0,0,0,16.63,21.01,3500,2,1,0,31.4
3285130,54.13,55.0,54.1,56.0,0,0,16.59,21.02,4000,2,1,0,31.41
3285636,54.14,55.0,54.1,56.0,0,0,17.15,21.02,4500,2,1,0,31.38
3286142,54.09,55.0,54.1,56.0,0,0,16.81,20.99,5000,2,1,0,31.4
3286650,54.05,55.0,54.1,56.0,0,0,16.66,20.99,5500,2,1,0,31.41
3287157,54.05,55.0,54.1,56.0,0,0,16.66,20.99,6000,2,1,0,31.41
3287663,54.02,55.0,54.1,56.0,0,0,16.38,20.98,6514,2,1,0,31.41
3288169,53.98,55.0,54.1,56.0,0,0,16.92,20.98,7014,2,1,0,31.41
3288675,53.94,55.0,54.1,56.0,0,0,17.6,20.97,7514,2,1,0,31.4
3289181,53.94,55.0,54.1,56.0,0,0,17.6,20.95,8014,2,1,0,31.4
3289687,53.88,55.0,54.1,56.0,0,0,16.81,20.95,8514,2,1,0,31.4
3290193,53.88,55.0,54.1,56.0,0,0,16.81,20.93,9014,2,1,0,31.4
3290699,53.88,55.0,54.1,56.0,0,0,16.85,20.94,9514,2,1,0,31.41
3291205,53.79,55.0,54.1,56.0,0,0,16.92,20.94,10014,2,1,0,31.4
3291711,53.79,55.0,54.1,56.0,0,0,16.92,20.9,10514,2,1,0,31.4
3292217,53.74,55.0,54.1,56.0,0,0,17.0,20.87,11014,2,1,0,31.38
3292723,53.74,55.0,54.1,56.0,0,0,17.0,20.87,11514,2,1,0,31.38
3293229,53.69,55.0,54.1,56.0,0,0,17.13,20.87,12014,2,1,0,31.4
3293735,53.69,55.0,54.1,56.0,0,0,17.13,20.87,12514,2,1,0,31.4
3294241,53.61,55.0,54.1,56.0,0,0,17.09,20.87,13014,2,1,0,31.4
3294747,53.59,55.0,54.1,56.0,0,0,17.3,20.84,13514,2,1,0,31.4
3295253,53.59,55.0,54.1,56.0,0,0,17.3,20.84,14014,2,1,0,31.4
3295759,53.59,55.0,54.1,56.0,0,0,17.3,20.84,14514,2,1,0,31.4
3296265,53.59,55.0,54.1,56.0,0,0,17.3,20.84,15014,2,1,0,31.4
3296771,53.44,55.0,54.1,56.0,0,0,17.6,20.84,15514,2,1,0,31.4
3297277,53.44,55.0,54.1,56.0,0,0,17.6,20.79,16014,2,1,0,31.4
3297783,53.43,55.0,54.1,56.0,0,0,17.73,20.79,16514,2,1,0,31.37
3298289,53.43,55.0,54.1,56.0,0,0,17.73,20.76,17014,2,1,0,31.37
3298795,53.43,55.0,54.1,56.0,0,0,17.73,20.76,17514,2,1,0,31.37
3299301,53.33,55.0,54.1,56.0,0,0,17.93,20.76,18014,2,1,0,31.4
3299807,53.33,55.0,54.1,56.0,0,0,17.93,20.76,18514,2,1,0,31.4
3300313,53.24,55.0,54.1,56.0,0,0,18.01,20.76,19014,2,1,0,31.38
3300819,53.19,55.0,54.1,56.0,0,0,18.1,20.72,19514,2,1,0,31.4
3301325,53.19,55.0,54.1,56.0,0,0,18.1,20.72,20014,2,1,0,31.4
3301831,53.18,55.0,54.1,56.0,0,0,18.14,20.72,20514,2,1,0,31.4
3302337,53.18,55.0,54.1,56.0,0,0,18.14,20.71,21014,2,1,0,31.4
3302843,53.18,55.0,54.1,56.0,0,0,18.19,20.71,21514,2,1,0,31.41
3303349,53.18,55.0,54.1,56.0,0,0,18.19,20.73,22014,2,1,0,31.41
3303855,53.07,55.0,54.1,56.0,0,0,18.29,20.68,23018,2,1,0,31.4
3304362,53.07,55.0,54.1,56.0,0,0,18.29,20.68,23518,2,1,0,31.4
3304868,53.04,55.0,54.1,56.0,0,0,18.44,20.69,24018,2,1,0,31.41
3305374,52.99,55.0,54.1,56.0,0,0,18.19,20.66,24518,2,1,0,31.4
3305880,52.99,55.0,54.1,56.0,0,0,18.19,20.66,25018,2,1,0,31.4
3306386,52.99,55.0,54.1,56.0,0,0,18.19,20.66,25521,2,1,0,31.4
3306892,52.96,55.0,54.1,56.0,0,0,18.49,20.63,26022,2,1,0,31.38
3307398,52.96,55.0,54.1,56.0,0,0,18.49,20.63,26522,2,1,0,31.38
3307904,52.96,55.0,54.1,56.0,0,0,18.49,20.63,27022,2,1,0,31.38
3308410,52.86,55.0,54.1,56.0,0,0,19.07,20.62,27522,2,1,0,31.4
3308916,52.9,55.0,54.1,56.0,0,0,19.0,20.64,28022,2,1,0,31.41
3309422,52.84,55.0,54.1,56.0,0,0,19.13,20.61,28522,2,0,0,31.4
3309929,52.82,55.0,54.1,56.0,0,0,18.92,20.61,29022,2,0,0,31.37
3310436,52.82,55.0,54.1,56.0,0,0,18.92,20.58,29522,2,1,0,31.37
3310942,52.8,55.0,54.1,56.0,0,0,18.94,20.6,30022,2,1,0,31.4
3311448,52.8,55.0,54.1,56.0,0,0,18.94,20.6,30522,2,1,0,31.4
3311954,52.78,55.0,54.1,56.0,0,0,19.2,20.6,31022,2,0,0,31.41
3312460,52.8,55.0,54.1,56.0,0,0,19.33,20.58,31522,2,0,0,31.38
3312966,52.8,55.0,54.1,56.0,0,0,19.63,20.58,32022,2,0,0,31.4
3313472,52.8,55.0,54.1,56.0,0,0,19.63,20.6,32522,2,0,0,31.4
3313978,52.76,55.0,54.1,56.0,0,0,19.54,20.57,33022,2,0,0,31.38
3314484,52.76,55.0,54.1,56.0,0,0,19.54,20.57,33522,2,0,0,31.38
3314990,52.79,55.0,54.1,56.0,0,0,19.54,20.6,34022,2,0,0,31.4
3315496,52.72,55.0,54.1,56.0,0,0,19.59,20.56,34538,2,0,0,31.38
3316002,52.72,55.0,54.1,56.0,0,0,19.59,20.56,35038,2,0,0,31.38
3316508,52.7,55.0,54.1,56.0,0,0,19.82,20.57,35538,2,0,0,31.4
3317014,52.7,55.0,54.1,56.0,0,0,19.76,20.57,36038,2,0,0,31.37
3317520,52.7,55.0,54.1,56.0,0,0,19.76,20.54,36538,2,0,0,31.37
3318026,52.7,55.0,54.1,56.0,0,0,19.76,20.54,37038,2,0,0,31.37
3318532,52.66,55.0,54.1,56.0,0,0,20.02,20.53,37538,2,0,0,31.37
3319038,52.71,55.0,54.1,56.0,0,0,20.08,20.53,38038,2,0,0,31.38
3319544,52.71,55.0,54.1,56.0,0,0,20.08,20.55,38538,2,0,0,31.38
3320050,52.71,55.0,54.1,56.0,0,0,20.08,20.55,39038,2,0,0,31.38
3320556,52.71,55.0,54.1,56.0,0,0,20.08,20.55,39538,2,0,0,31.38
3321062,52.71,55.0,54.1,56.0,0,0,20.08,20.55,40038,2,0,0,31.38
3321568,52.71,55.0,54.1,56.0,0,0,20.23,20.55,40538,2,0,0,31.4
3322074,52.71,55.0,54.1,56.0,0,0,20.23,20.57,41038,2,0,0,31.4
3322580,52.72,55.0,54.1,56.0,0,0,20.23,20.57,41538,2,0,0,31.4
3323086,52.72,55.0,54.1,56.0,0,0,20.23,20.57,42038,2,0,0,31.4
3323592,52.72,55.0,54.1,56.0,0,0,20.38,20.56,42538,2,0,0,31.38
3324098,52.74,55.0,54.1,56.0,0,0,20.56,20.56,43038,2,0,0,31.37
3324621,52.73,55.0,54.1,56.0,0,0,20.6,20.55,43538,2,0,0,31.38
3325128,52.73,55.0,54.1,56.0,0,0,20.6,20.56,44038,2,0,0,31.38
3325634,52.72,55.0,54.1,56.0,0,0,20.73,20.56,44538,2,0,0,31.38
3326140,52.72,55.0,54.1,56.0,0,0,20.81,20.56,45038,2,0,0,31.41
3326646,52.72,55.0,54.1,56.0,0,0,20.81,20.59,45538,2,0,0,31.41
3327152,52.72,55.0,54.1,56.0,0,0,20.79,20.59,46038,2,0,0,31.38
3327658,52.75,55.0,54.1,56.0,0,0,20.97,20.56,46538,2,0,0,31.38
3328164,52.75,55.0,54.1,56.0,0,0,20.97,20.57,47038,2,0,0,31.38
3328670,52.72,55.0,54.1,56.0,0,0,20.97,20.59,47538,2,0,0,31.41
3329176,52.72,55.0,54.1,56.0,0,0,21.03,20.59,48054,2,0,0,31.41
3329682,52.72,55.0,54.1,56.0,0,0,21.03,20.59,48554,2,0,0,31.41
3330188,52.75,55.0,54.1,56.0,0,0,21.16,20.59,49054,2,0,0,31.4
3330694,52.75,55.0,54.1,56.0,0,0,21.16,20.58,49554,2,0,0,31.4
3331200,52.77,55.0,54.1,56.0,0,0,21.07,20.59,50054,2,0,0,31.4
3331706,52.77,55.0,54.1,56.0,0,0,21.07,20.59,50554,2,0,0,31.4
3332212,52.77,55.0,54.1,56.0,0,0,21.35,20.57,51054,2,0,0,31.38
3332718,52.76,55.0,54.1,56.0,0,0,21.03,20.57,51554,2,0,0,31.4
3333224,52.76,55.0,54.1,56.0,0,0,21.03,20.59,52054,2,0,0,31.4
3333730,52.83,55.0,54.1,56.0,0,0,21.35,20.59,52554,2,0,0,31.38
3334236,52.83,55.0,54.1,56.0,0,0,21.35,20.59,53054,2,0,0,31.38
3334742,52.83,55.0,54.1,56.0,0,0,21.16,20.59,53554,2,0,0,31.41
3335248,52.83,55.0,54.1,56.0,0,0,21.16,20.62,54054,2,0,0,31.41
3335754,52.89,55.0,54.1,56.0,0,0,21.48,20.61,54554,2,0,0,31.38
3336260,52.88,55.0,54.1,56.0,0,0,21.33,20.62,55059,2,0,0,31.4
3336766,52.88,55.0,54.1,56.0,0,0,21.33,20.62,55559,2,0,0,31.4
3337272,52.88,55.0,54.1,56.0,0,0,21.33,20.62,56059,2,0,0,31.4
3337778,52.93,55.0,54.1,56.0,0,0,21.64,20.62,56559,2,0,0,31.41
3338284,52.93,55.0,54.1,56.0,0,0,21.64,20.65,57059,2,0,0,31.41
3338790,52.91,55.0,54.1,56.0,0,0,21.83,20.62,57559,2,0,0,31.38
3339296,52.93,55.0,54.1,56.0,0,0,21.79,20.62,58059,2,0,0,31.38
3339802,52.98,55.0,54.1,56.0,0,0,21.83,20.62,58559,2,0,0,31.4
3340308,52.98,55.0,54.1,56.0,0,0,21.83,20.65,59059,2,0,0,31.4
3340814,52.97,55.0,54.1,56.0,0,0,22.0,20.65,59559,2,0,0,31.41
3341320,52.97,55.0,54.1,56.0,0,0,22.03,20.66,60059,2,0,0,31.38
3341826,52.97,55.0,54.1,56.0,0,0,22.03,20.64,60559,2,0,0,31.38
3342332,52.97,55.0,54.1,56.0,0,0,22.03,20.64,61059,2,0,0,31.38
3342838,53.02,55.0,54.1,56.0,0,0,22.13,20.68,61570,2,0,0,31.41
3343344,53.04,55.0,54.1,56.0,0,0,22.26,20.68,62070,2,0,0,31.4
3343850,53.04,55.0,54.1,56.0,0,0,22.26,20.67,62570,2,0,0,31.4
3344356,53.07,55.0,54.1,56.0,0,0,22.26,20.69,63070,2,0,0,31.41
3344862,53.09,55.0,54.1,56.0,0,0,22.22,20.69,63570,2,0,0,31.4
3345368,53.06,55.0,54.1,56.0,0,0,22.24,20.69,64070,2,0,0,31.41
3345874,53.06,55.0,54.1,56.0,0,0,22.24,20.69,64570,2,0,0,31.41
3346380,53.06,55.0,54.1,56.0,0,0,22.24,20.69,65070,2,0,0,31.41
3346886,53.08,55.0,54.1,56.0,0,0,22.31,20.69,65570,2,0,0,31.4
3347392,53.08,55.0,54.1,56.0,0,0,22.31,20.68,66070,2,0,0,31.4
3347898,53.13,55.0,54.1,56.0,0,0,22.46,20.68,66570,2,0,0,31.38
3348404,53.17,55.0,54.1,56.0,0,0,22.46,20.68,67070,2,0,0,31.4
3348910,53.18,55.0,54.1,56.0,0,0,22.48,20.71,68073,2,0,0,31.4
3349428,53.18,55.0,54.1,56.0,0,0,22.59,20.71,68573,2,0,0,31.41
3349935,53.18,55.0,54.1,56.0,0,0,22.59,20.73,69073,2,0,0,31.41
3350441,53.18,55.0,54.1,56.0,0,0,22.59,20.73,69573,2,0,0,31.41
3350947,53.18,55.0,54.1,56.0,0,0,22.63,20.71,70073,2,0,0,31.4
3351453,53.24,55.0,54.1,56.0,0,0,22.68,20.73,70573,2,0,0,31.4
3351959,53.24,55.0,54.1,56.0,0,0,22.68,20.73,71073,2,0,0,31.4
3352465,53.28,55.0,54.1,56.0,0,0,22.7,20.75,71573,2,0,0,31.4
3352971,53.27,55.0,54.1,56.0,0,0,22.0,20.75,72073,2,0,0,31.41
3353477,53.27,55.0,54.1,56.0,0,0,22.0,20.75,72573,2,0,0,31.41
3353983,53.3,55.0,54.1,56.0,0,0,22.83,20.77,73073,2,0,0,31.42
3354489,53.33,55.0,54.1,56.0,0,0,23.11,20.77,73573,2,0,0,31.41
3354995,53.33,55.0,54.1,56.0,0,0,23.11,20.77,74073,2,0,0,31.41
3355501,53.33,55.0,54.1,56.0,0,0,23.11,20.77,74573,2,0,0,31.41
3356007,53.33,55.0,54.1,56.0,0,0,23.11,20.77,75073,2,0,0,31.41
3356513,53.35,55.0,54.1,56.0,0,0,23.07,20.75,75573,2,0,0,31.38
3357019,53.4,55.0,54.1,56.0,0,0,22.96,20.79,76073,2,0,0,31.41
3357525,53.4,55.0,54.1,56.0,0,0,22.96,20.79,76573,2,0,0,31.41
3358031,53.43,55.0,54.1,56.0,0,0,23.22,20.8,77073,2,0,0,31.41
3358537,53.43,55.0,54.1,56.0,0,0,23.22,20.8,77573,2,0,0,31.41
3359043,53.43,55.0,54.1,56.0,0,0,23.22,20.8,78073,2,0,0,31.41
3359549,53.47,55.0,54.1,56.0,0,0,23.37,20.78,78573,2,0,0,31.37
3360055,53.47,55.0,54.1,56.0,0,0,23.37,20.78,79073,2,0,0,31.37
3360561,53.47,55.0,54.1,56.0,0,0,23.37,20.78,79573,2,0,0,31.37
3361067,53.47,55.0,54.1,56.0,0,0,23.37,20.78,80073,2,0,0,31.37
3361573,53.53,55.0,54.1,56.0,0,0,23.31,20.82,80573,2,0,0,31.4
3362079,53.53,55.0,54.1,56.0,0,0,23.31,20.82,81073,2,0,0,31.4
3362585,53.57,55.0,54.1,56.0,0,0,23.48,20.82,81573,2,0,0,31.4
3363091,53.57,55.0,54.1,56.0,0,0,23.48,20.83,82073,2,0,0,31.4
3363597,53.58,55.0,54.1,56.0,0,0,23.37,20.83,82573,2,0,0,31.4
3364103,53.58,55.0,54.1,56.0,0,0,23.37,20.84,83073,2,0,0,31.4
3364609,53.58,55.0,54.1,56.0,0,0,23.37,20.84,83573,2,0,0,31.4
3365115,53.66,55.0,54.1,56.0,0,0,23.61,20.87,84073,2,0,0,31.41
3365621,53.67,55.0,54.1,56.0,0,0,23.83,20.87,84573,2,0,0,31.38
3366127,53.63,55.0,54.1,56.0,0,0,23.72,20.85,85073,2,0,0,31.4
3366633,53.63,55.0,54.1,56.0,0,0,23.72,20.85,85573,2,0,0,31.4
3367139,53.68,55.0,54.1,56.0,0,0,23.87,20.85,86073,2,0,0,31.41
3367655,53.71,55.0,54.1,56.0,0,0,24.27,20.88,86573,2,0,0,31.41
3368162,53.71,55.0,54.1,56.0,0,0,24.27,20.89,87073,2,0,0,31.41
3368668,53.73,55.0,54.1,56.0,0,0,23.74,20.88,87573,2,0,0,31.4
3369174,53.76,55.0,54.1,56.0,0,0,23.42,20.88,88073,2,0,0,31.41
3369680,53.76,55.0,54.1,56.0,0,0,23.42,20.9,88573,2,0,0,31.41
3370186,53.76,55.0,54.1,56.0,0,0,23.89,20.9,89073,2,0,0,31.4
3370692,53.76,55.0,54.1,56.0,0,0,23.89,20.89,89573,2,0,0,31.4
3371199,53.76,55.0,54.1,56.0,0,0,23.89,20.89,90073,2,0,0,31.4
3371706,53.85,55.0,54.1,56.0,0,0,23.92,20.94,90573,2,0,0,31.42
3372212,53.87,55.0,54.1,56.0,0,0,23.96,20.94,91073,2,0,0,31.4
3372718,53.87,55.0,54.1,56.0,0,0,23.96,20.92,91573,2,0,0,31.4
3373224,53.87,55.0,54.1,56.0,0,0,23.96,20.92,92073,2,0,0,31.4
3373730,53.86,55.0,54.1,56.0,0,0,24.0,20.92,92573,2,0,0,31.4
3374236,53.93,55.0,54.1,56.0,0,0,24.03,20.92,93073,2,0,0,31.4
3374742,53.93,55.0,54.1,56.0,0,0,24.03,20.94,93573,2,0,0,31.4
3375248,53.93,55.0,54.1,56.0,0,0,24.03,20.94,94073,2,0,0,31.4
3375754,53.93,55.0,54.1,56.0,0,0,24.03,20.94,94573,2,0,0,31.4
3376260,53.93,55.0,54.1,56.0,0,0,24.03,20.94,95075,2,0,0,31.4
3376766,53.96,55.0,54.1,56.0,0,0,24.22,20.94,95576,2,0,0,31.42
3377272,53.95,55.0,54.1,56.0,0,0,24.18,20.98,96076,2,0,0,31.42
3377778,54.0,55.0,54.1,56.0,0,0,24.38,20.97,96576,2,0,0,31.4
3378286,54.0,55.0,54.1,56.0,0,0,24.38,20.96,97076,2,0,0,31.4
3378792,54.0,55.0,54.1,56.0,0,0,24.38,20.96,97576,2,0,0,31.4
3379298,54.08,55.0,54.1,56.0,0,0,24.29,20.96,98076,2,0,0,31.38
3379804,54.08,55.0,54.1,56.0,0,0,24.29,20.97,98576,2,0,0,31.38
3380310,54.04,55.0,54.1,56.0,0,0,24.86,20.96,99076,2,0,0,31.38
3380816,54.04,55.0,54.1,56.0,0,0,24.86,20.96,99576,2,0,0,31.38
3381322,54.09,55.0,54.1,56.0,0,0,24.38,20.96,100076,2,0,0,31.4
3381828,54.09,55.0,54.1,56.0,0,0,24.38,20.99,100576,2,0,0,31.4
3382334,54.13,55.0,54.1,56.0,0,0,24.64,20.99,101077,2,0,0,31.4
3382840,54.13,55.0,54.1,56.0,1,0,24.64,21.0,0,2,0,0,31.4
3383346,54.15,55.0,54.1,56.0,1,0,24.55,21.0,500,2,0,0,31.4
3383852,54.15,55.0,54.1,56.0,1,0,24.55,21.01,1000,2,0,0,31.4
3384358,54.2,55.0,54.1,56.0,1,0,24.75,21.01,1500,2,0,0,31.41
3384864,54.16,55.0,54.1,56.0,1,0,24.6,21.03,2000,2,0,0,31.42
3385370,54.2,55.0,54.1,56.0,1,0,24.55,21.04,2500,2,0,0,31.41
3385876,54.2,55.0,54.1,56.0,1,0,24.55,21.03,3000,2,0,0,31.41
3386382,54.2,55.0,54.1,56.0,1,0,24.55,21.03,3500,2,0,0,31.41
3386888,54.28,55.0,54.1,56.0,1,0,24.46,21.03,4000,2,0,0,31.41
3387394,54.28,55.0,54.1,56.0,1,0,24.46,21.06,4500,2,0,0,31.41
3387900,54.28,55.0,54.1,56.0,1,0,24.44,21.06,5000,2,0,0,31.41
3388406,54.28,55.0,54.1,56.0,1,0,24.44,21.06,5500,2,0,0,31.41
3388912,54.29,55.0,54.1,56.0,1,0,24.29,21.06,6003,2,0,0,31.42
3389418,54.29,55.0,54.1,56.0,1,0,24.29,21.07,6507,2,0,0,31.42
3389924,54.29,55.0,54.1,56.0,1,0,24.29,21.07,7509,2,0,0,31.42
3390430,54.3,55.0,54.1,56.0,1,0,23.87,21.06,8009,2,0,0,31.41
3390936,54.34,55.0,54.1,56.0,1,0,24.14,21.07,8509,2,0,0,31.4
3391442,54.34,55.0,54.1,56.0,1,0,24.14,21.07,9009,2,0,0,31.4
3391948,54.37,55.0,54.1,56.0,1,0,23.39,21.09,9509,2,0,0,31.41
3392456,54.37,55.0,54.1,56.0,1,0,23.39,21.09,10009,2,0,0,31.41
3392962,54.37,55.0,54.1,56.0,1,0,23.39,21.09,10509,2,0,0,31.41
3393468,54.39,55.0,54.1,56.0,1,0,24.05,21.08,11009,2,0,0,31.4
3393974,54.39,55.0,54.1,56.0,1,0,23.81,21.07,11509,2,0,0,31.38
3394480,54.43,55.0,54.1,56.0,1,0,23.87,21.06,12023,2,0,0,31.37
3394986,54.43,55.0,54.1,56.0,1,0,23.87,21.06,12523,2,0,0,31.37
3395492,54.46,55.0,54.1,56.0,1,0,23.33,21.11,13023,2,0,0,31.41
3395998,54.46,55.0,54.1,56.0,1,0,23.33,21.11,13523,2,0,0,31.41
3396504,54.47,55.0,54.1,56.0,1,0,23.57,21.12,14023,2,0,0,31.41
3397010,54.47,55.0,54.1,56.0,1,0,23.57,21.12,14523,2,0,0,31.41
3397516,54.45,55.0,54.1,56.0,1,0,22.89,21.11,15023,2,0,0,31.41
3398022,54.51,55.0,54.1,56.0,1,0,23.05,21.13,15523,2,0,0,31.41
3398528,54.51,55.0,54.1,56.0,1,0,23.05,21.13,16023,2,0,0,31.41
3399034,54.51,55.0,54.1,56.0,1,0,23.05,21.13,16523,2,0,0,31.41
3399540,54.51,55.0,54.1,56.0,1,0,23.05,21.13,17023,2,0,0,31.41
3400046,54.51,55.0,54.1,56.0,1,0,23.05,21.13,17523,2,0,0,31.41
3400552,54.58,55.0,54.1,56.0,1,0,22.74,21.12,18023,2,0,0,31.38
3401058,54.58,55.0,54.1,56.0,1,0,22.74,21.12,18523,2,0,0,31.38
3401564,54.62,55.0,54.1,56.0,1,0,22.76,21.13,19023,2,0,0,31.38
3402070,54.6,55.0,54.1,56.0,1,0,22.57,21.17,19523,2,0,0,31.42
3402576,54.6,55.0,54.1,56.0,1,0,22.57,21.17,20023,2,0,0,31.42
3403082,54.63,55.0,54.1,56.0,1,0,22.52,21.17,20523,2,0,0,31.4
3403588,54.63,55.0,54.1,56.0,1,0,22.52,21.15,21023,2,0,0,31.4
3404094,54.71,55.0,54.1,56.0,1,0,22.26,21.17,21523,2,0,0,31.4
3404600,54.76,55.0,54.1,56.0,1,0,22.16,21.22,22023,2,0,0,31.42
3405106,54.77,55.0,54.1,56.0,1,0,22.18,21.22,22523,2,0,0,31.4
3405612,54.77,55.0,54.1,56.0,1,0,22.18,21.19,23023,2,0,0,31.4
3406118,54.81,55.0,54.1,56.0,1,0,22.37,21.22,23523,2,0,0,31.41
3406624,54.85,55.0,54.1,56.0,1,0,22.59,21.23,24023,2,0,0,31.41
3407130,54.85,55.0,54.1,56.0,1,0,22.59,21.23,24523,2,0,0,31.41
3407636,54.85,55.0,54.1,56.0,1,0,22.59,21.23,25026,2,0,0,31.41
3408142,54.95,55.0,54.1,56.0,1,0,21.61,21.23,25526,2,0,0,31.41
3408648,54.95,55.0,54.1,56.0,1,0,21.61,21.26,26026,2,0,0,31.41
3409154,54.95,55.0,54.1,56.0,1,0,21.61,21.26,26526,2,0,0,31.41
3409660,54.95,55.0,54.1,56.0,1,0,21.61,21.26,27026,2,0,0,31.41
3410166,55.03,55.0,54.1,56.0,1,0,21.16,21.27,27526,2,0,0,31.4
3410672,55.03,55.0,54.1,56.0,1,0,21.42,21.27,28026,2,0,0,31.4
3411178,55.03,55.0,54.1,56.0,1,0,21.42,21.27,28526,2,0,0,31.4
3411684,55.12,55.0,54.1,56.0,1,0,21.14,21.28,29026,2,0,0,31.38
3412190,55.18,55.0,54.1,56.0,1,0,20.97,21.28,29526,2,0,0,31.4
3412696,55.18,55.0,54.1,56.0,1,0,20.97,21.32,30026,2,0,0,31.4
3413202,55.18,55.0,54.1,56.0,1,0,20.97,21.32,30528,2,0,0,31.4
3413708,55.18,55.0,54.1,56.0,1,0,20.97,21.32,31028,2,0,0,31.4
3414214,55.28,55.0,54.1,56.0,1,0,21.01,21.32,31528,2,0,0,31.4
3414720,55.28,55.0,54.1,56.0,1,0,21.01,21.35,32028,2,0,0,31.4
3415226,55.35,55.0,54.1,56.0,1,0,20.71,21.35,32528,2,0,0,31.4
3415732,55.32,55.0,54.1,56.0,1,0,20.6,21.36,33028,2,0,0,31.4
3416238,55.32,55.0,54.1,56.0,1,0,20.6,21.36,33528,2,0,0,31.4
3416744,55.39,55.0,54.1,56.0,1,0,20.34,21.36,34028,2,0,0,31.41
3417250,55.39,55.0,54.1,56.0,1,0,20.34,21.39,34528,2,0,0,31.41
3417756,55.4,55.0,54.1,56.0,1,0,20.36,21.39,35028,2,0,0,31.41
3418262,55.45,55.0,54.1,56.0,1,0,20.15,21.39,35528,2,0,0,31.4
3418768,55.45,55.0,54.1,56.0,1,0,20.15,21.39,36028,2,0,0,31.4
3419274,55.45,55.0,54.1,56.0,1,0,20.15,21.39,36528,2,0,0,31.4
3419780,55.52,55.0,54.1,56.0,1,0,19.95,21.4,37028,2,0,0,31.38
3420286,55.55,55.0,54.1,56.0,1,0,19.8,21.4,37528,2,0,0,31.4
3420792,55.55,55.0,54.1,56.0,1,0,19.84,21.42,38028,2,1,0,31.41
3421298,55.55,55.0,54.1,56.0,1,0,19.84,21.44,38528,2,1,0,31.41
3421804,55.58,55.0,54.1,56.0,1,0,19.67,21.44,39028,2,1,0,31.38
3422311,55.58,55.0,54.1,56.0,1,0,19.67,21.42,39528,2,1,0,31.38
3422817,55.62,55.0,54.1,56.0,0,0,19.65,21.42,0,2,1,0,31.41
3423323,55.62,55.0,54.1,56.0,0,0,19.65,21.46,500,2,1,0,31.41
3423829,55.62,55.0,54.1,56.0,0,0,19.8,21.46,1000,2,1,0,31.41
3424335,55.66,55.0,54.1,56.0,0,0,19.16,21.46,1500,2,1,0,31.38
3424841,55.66,55.0,54.1,56.0,0,0,19.16,21.44,2000,2,1,0,31.38
3425347,55.67,55.0,54.1,56.0,0,0,19.31,21.44,2500,2,1,0,31.4
3425853,55.7,55.0,54.1,56.0,0,0,18.64,21.46,3000,2,1,0,31.4
3426359,55.7,55.0,54.1,56.0,0,0,19.2,21.47,3500,2,1,0,31.4
3426865,55.7,55.0,54.1,56.0,0,0,19.11,21.47,4000,2,1,0,31.4
3427371,55.7,55.0,54.1,56.0,0,0,19.11,21.47,4500,2,1,0,31.4
3427877,55.68,55.0,54.1,56.0,0,0,19.37,21.47,5000,2,1,0,31.4
3428383,55.68,55.0,54.1,56.0,0,0,19.37,21.46,5500,2,1,0,31.4
3428889,55.72,55.0,54.1,56.0,0,0,19.11,21.46,6003,2,1,0,31.4
3429395,55.72,55.0,54.1,56.0,0,0,19.11,21.47,6504,2,1,0,31.4
3429901,55.74,55.0,54.1,56.0,0,0,19.16,21.5,7006,2,1,0,31.42
3430407,55.72,55.0,54.1,56.0,0,0,19.33,21.5,7506,2,1,0,31.38
3430916,55.72,55.0,54.1,56.0,0,0,19.33,21.46,8006,2,1,0,31.38
3431423,55.76,55.0,54.1,56.0,0,0,18.77,21.46,8506,2,1,0,31.4
3431929,55.76,55.0,54.1,56.0,0,0,18.77,21.49,9006,2,1,0,31.4
3432435,55.7,55.0,54.1,56.0,0,0,19.28,21.49,9506,2,1,0,31.38
3432941,55.73,55.0,54.1,56.0,0,0,19.28,21.45,10006,2,1,0,31.37
3433447,55.73,55.0,54.1,56.0,0,0,19.28,21.45,10506,2,1,0,31.37
3433953,55.73,55.0,54.1,56.0,0,0,19.28,21.45,11510,2,1,0,31.37
3434459,55.67,55.0,54.1,56.0,0,0,19.5,21.45,12010,2,1,0,31.38
3434965,55.67,55.0,54.1,56.0,0,0,19.5,21.45,12510,2,1,0,31.38
3435471,55.65,55.0,54.1,56.0,0,0,19.61,21.47,13011,2,1,0,31.41
3435977,55.65,55.0,54.1,56.0,0,0,19.61,21.47,13511,2,1,0,31.41
3436483,55.65,55.0,54.1,56.0,0,0,19.54,21.48,14011,2,1,0,31.42
3436989,55.65,55.0,54.1,56.0,0,0,19.54,21.48,14511,2,1,0,31.42
3437495,55.61,55.0,54.1,56.0,0,0,19.61,21.45,15011,2,1,0,31.41
3438002,55.61,55.0,54.1,56.0,0,0,19.61,21.45,15511,2,1,0,31.41
3438509,55.61,55.0,54.1,56.0,0,0,19.82,21.44,16011,2,1,0,31.4
3439015,55.56,55.0,54.1,56.0,0,0,19.74,21.44,16511,2,1,0,31.41
3439521,55.56,55.0,54.1,56.0,0,0,19.74,21.44,17011,2,1,0,31.41
3440027,55.56,55.0,54.1,56.0,0,0,19.74,21.44,17511,2,1,0,31.41
3440533,55.52,55.0,54.1,56.0,0,0,20.04,21.42,18024,2,0,0,31.4
3441039,55.52,55.0,54.1,56.0,0,0,20.04,21.42,18524,2,0,0,31.4
3441545,55.49,55.0,54.1,56.0,0,0,20.04,21.39,19024,2,0,0,31.38
3442051,55.46,55.0,54.1,56.0,0,0,20.34,21.4,19524,2,0,0,31.4
3442557,55.46,55.0,54.1,56.0,1,0,20.34,21.4,0,2,0,0,31.4
3443063,55.46,55.0,54.1,56.0,1,0,20.34,21.4,500,2,0,0,31.4
3443569,55.37,55.0,54.1,56.0,1,0,20.12,21.37,1000,2,0,0,31.4
3444075,55.43,55.0,54.1,56.0,1,0,20.34,21.37,1500,2,0,0,31.38
3444581,55.43,55.0,54.1,56.0,1,0,20.34,21.37,2000,2,0,0,31.38
3445087,55.43,55.0,54.1,56.0,1,0,20.34,21.37,2500,2,0,0,31.38
3445593,55.43,55.0,54.1,56.0,1,0,20.34,21.37,3000,2,0,0,31.38
3446099,55.35,55.0,54.1,56.0,1,0,19.87,21.36,3500,2,0,0,31.4
3446605,55.31,55.0,54.1,56.0,1,0,20.23,21.36,4002,2,0,0,31.42
3447111,55.31,55.0,54.1,56.0,1,0,20.23,21.38,4502,2,0,0,31.42
3447617,55.28,55.0,54.1,56.0,1,0,20.36,21.35,5003,2,0,0,31.4
3448123,55.28,55.0,54.1,56.0,1,0,20.36,21.35,5503,2,0,0,31.4
3448629,55.29,55.0,54.1,56.0,1,0,20.32,21.35,6003,2,0,0,31.38
3449144,55.24,55.0,54.1,56.0,1,0,19.91,21.33,6503,2,0,0,31.38
3449651,55.24,55.0,54.1,56.0,1,0,19.91,21.32,7003,2,0,0,31.38
3450157,55.22,55.0,54.1,56.0,1,0,20.36,21.3,7503,2,0,0,31.37
3450663,55.22,55.0,54.1,56.0,1,0,20.36,21.3,8003,2,0,0,31.37
3451169,55.22,55.0,54.1,56.0,1,0,20.36,21.3,8503,2,0,0,31.37
3451675,55.19,55.0,54.1,56.0,1,0,20.23,21.3,9003,2,0,0,31.38
3452181,55.22,55.0,54.1,56.0,1,0,20.06,21.3,9503,2,0,0,31.37
3452688,55.22,55.0,54.1,56.0,1,0,20.06,21.3,10003,2,0,0,31.37
3453194,55.22,55.0,54.1,56.0,1,0,20.06,21.3,10503,2,0,0,31.37
3453700,55.22,55.0,54.1,56.0,1,0,20.06,21.3,11003,2,0,0,31.37
3454206,55.13,55.0,54.1,56.0,1,0,19.93,21.3,11503,2,0,0,31.37
3454712,55.13,55.0,54.1,56.0,1,0,19.93,21.27,12003,2,0,0,31.37
3455231,55.1,55.0,54.1,56.0,1,0,19.93,21.27,12503,2,0,0,31.38
3455738,55.1,55.0,54.1,56.0,1,0,19.93,21.28,13003,2,0,0,31.38
3456244,55.12,55.0,54.1,56.0,1,0,19.69,21.28,13503,2,0,0,31.4
3456750,55.12,55.0,54.1,56.0,1,0,19.69,21.3,14003,2,1,0,31.4
3457256,55.12,55.0,54.1,56.0,1,0,19.69,21.3,14503,2,1,0,31.4
3457762,55.1,55.0,54.1,56.0,1,0,19.54,21.28,15003,2,1,0,31.38
3458268,55.1,55.0,54.1,56.0,1,0,19.54,21.28,15503,2,1,0,31.38
3458774,55.1,55.0,54.1,56.0,1,0,19.54,21.28,16005,2,1,0,31.38
3459280,55.05,55.0,54.1,56.0,1,0,19.26,21.28,16505,2,1,0,31.42
3459786,55.05,55.0,54.1,56.0,1,0,19.26,21.3,17005,2,1,0,31.42
3460292,55.05,55.0,54.1,56.0,1,0,19.26,21.3,17505,2,1,0,31.42
3460798,55.05,55.0,54.1,56.0,1,0,19.26,21.3,18005,2,1,0,31.42
3461304,55.05,55.0,54.1,56.0,1,0,19.26,21.3,18505,2,1,0,31.42
3461810,55.07,55.0,54.1,56.0,1,0,19.26,21.27,19005,2,1,0,31.38
3462316,55.07,55.0,54.1,56.0,1,0,19.26,21.27,19505,2,1,0,31.38
3462822,55.06,55.0,54.1,56.0,1,0,19.05,21.27,20005,2,1,0,31.4
3463328,55.06,55.0,54.1,56.0,1,0,19.05,21.28,20505,2,1,0,31.4
3463834,55.06,55.0,54.1,56.0,1,0,19.05,21.28,21005,2,1,0,31.4
3464340,55.06,55.0,54.1,56.0,1,0,19.05,21.28,21505,2,1,0,31.4
3464846,55.04,55.0,54.1,56.0,1,0,18.88,21.28,22005,2,1,0,31.4
3465352,55.04,55.0,54.1,56.0,1,0,18.88,21.28,22505,2,1,0,31.4
3465858,55.03,55.0,54.1,56.0,1,0,18.75,21.28,23005,2,1,0,31.38
3466364,55.03,55.0,54.1,56.0,1,0,18.75,21.26,23505,2,1,0,31.38
3466870,55.05,55.0,54.1,56.0,1,0,18.62,21.26,24005,2,1,0,31.37
3467377,55.05,55.0,54.1,56.0,1,0,18.62,21.25,24505,2,1,0,31.37
3467884,55.06,55.0,54.1,56.0,1,0,18.47,21.25,25006,2,1,0,31.41
3468390,55.06,55.0,54.1,56.0,1,0,18.47,21.29,25507,2,1,0,31.41
3468896,55.06,55.0,54.1,56.0,1,0,18.47,21.29,26007,2,1,0,31.41
3469402,55.01,55.0,54.1,56.0,1,0,18.36,21.29,26507,2,1,0,31.41
3469908,55.01,55.0,54.1,56.0,1,0,18.36,21.28,27007,2,1,0,31.41
3470414,55.03,55.0,54.1,56.0,1,0,18.14,21.28,27507,2,1,0,31.38
3470920,55.03,55.0,54.1,56.0,1,0,18.14,21.26,28007,2,1,0,31.38
3471426,54.98,55.0,54.1,56.0,1,0,17.91,21.26,28507,2,1,0,31.4
3471932,55.0,55.0,54.1,56.0,1,0,18.08,21.26,29007,2,1,0,31.41
3472438,55.0,55.0,54.1,56.0,1,0,18.08,21.27,29507,2,1,0,31.41
3472944,55.0,55.0,54.1,56.0,1,0,18.08,21.27,30007,2,1,0,31.41
3473450,54.97,55.0,54.1,56.0,1,0,17.97,21.27,30507,2,1,0,31.38
3473958,54.97,55.0,54.1,56.0,1,0,17.97,21.24,31008,2,1,0,31.38
3474465,54.92,55.0,54.1,56.0,1,0,17.86,21.24,31508,2,1,0,31.38
3474971,54.92,55.0,54.1,56.0,1,0,17.86,21.22,32008,2,1,0,31.38
3475477,54.93,55.0,54.1,56.0,1,0,17.65,21.22,32510,2,1,0,31.37
3475983,54.93,55.0,54.1,56.0,1,0,17.65,21.21,33516,2,1,0,31.37
3476489,54.93,55.0,54.1,56.0,1,0,17.65,21.21,34016,2,1,0,31.37
3476995,54.88,55.0,54.1,56.0,1,0,17.56,21.2,34516,2,1,0,31.37
3477503,54.83,55.0,54.1,56.0,1,0,17.35,21.2,35016,2,1,0,31.38
3478010,54.83,55.0,54.1,56.0,1,0,17.35,21.2,35516,2,1,0,31.38
3478516,54.83,55.0,54.1,56.0,1,0,17.35,21.2,36016,2,1,0,31.38
3479022,54.77,55.0,54.1,56.0,1,0,17.37,21.18,36516,2,1,0,31.38
3479528,54.77,55.0,54.1,56.0,1,0,17.37,21.18,37016,2,1,0,31.38
3480034,54.73,55.0,54.1,56.0,1,0,17.17,21.17,37516,2,1,0,31.38
3480540,54.73,55.0,54.1,56.0,1,0,17.17,21.17,38016,2,1,0,31.38
3481046,54.73,55.0,54.1,56.0,1,0,17.22,21.18,38516,2,1,0,31.4
3481552,54.67,55.0,54.1,56.0,1,0,17.26,21.15,39016,2,1,0,31.38
3482058,54.67,55.0,54.1,56.0,1,0,17.26,21.15,39516,2,1,0,31.38
3482564,54.69,55.0,54.1,56.0,0,0,17.0,21.16,0,2,1,0,31.38
3483070,54.67,55.0,54.1,56.0,0,0,16.94,21.14,500,2,1,0,31.37
3483576,54.64,55.0,54.1,56.0,0,0,16.76,21.13,1000,2,1,0,31.37
3484082,54.53,55.0,54.1,56.0,0,0,16.81,21.13,1500,2,1,0,31.38
3484588,54.53,55.0,54.1,56.0,0,0,16.81,21.11,2000,2,1,0,31.38
3485094,54.56,55.0,54.1,56.0,0,0,16.74,21.14,2500,2,1,0,31.41
3485600,54.53,55.0,54.1,56.0,0,0,16.74,21.09,3000,2,1,0,31.37
3486106,54.53,55.0,54.1,56.0,0,0,16.74,21.09,3500,2,1,0,31.37
3486612,54.45,55.0,54.1,56.0,0,0,17.09,21.07,4000,2,1,0,31.37
3487118,54.43,55.0,54.1,56.0,0,0,16.76,21.09,4500,2,1,0,31.4
3487624,54.43,55.0,54.1,56.0,0,0,16.76,21.09,5000,2,1,0,31.4
3488130,54.33,55.0,54.1,56.0,0,0,16.81,21.05,5500,2,1,0,31.38
3488636,54.33,55.0,54.1,56.0,0,0,16.81,21.05,6000,2,1,0,31.38
3489142,54.33,55.0,54.1,56.0,0,0,16.66,21.05,6500,2,1,0,31.38
3489648,54.33,55.0,54.1,56.0,0,0,16.66,21.05,7001,2,1,0,31.38
3490154,54.29,55.0,54.1,56.0,0,0,17.0,21.04,7502,2,1,0,31.38
3490675,54.18,55.0,54.1,56.0,0,0,17.24,21.04,8002,2,1,0,31.4
3491182,54.18,55.0,54.1,56.0,0,0,17.24,21.02,8502,2,1,0,31.4
3491688,54.19,55.0,54.1,56.0,0,0,16.92,20.98,9002,2,1,0,31.35
3492194,54.11,55.0,54.1,56.0,0,0,16.98,20.98,9502,2,1,0,31.35
3492700,54.09,55.0,54.1,56.0,0,0,16.72,20.96,10002,2,1,0,31.38
3493206,54.09,55.0,54.1,56.0,0,0,16.72,20.98,10502,2,1,0,31.38
3493712,54.09,55.0,54.1,56.0,0,0,16.72,20.98,11002,2,1,0,31.38
3494218,53.99,55.0,54.1,56.0,0,0,17.24,20.93,11502,2,1,0,31.37
3494724,53.99,55.0,54.1,56.0,0,0,17.24,20.93,12002,2,1,0,31.37
3495230,53.99,55.0,54.1,56.0,0,0,17.24,20.93,12502,2,1,0,31.37
3495736,53.99,55.0,54.1,56.0,0,0,17.24,20.93,13002,2,1,0,31.37
3496242,53.99,55.0,54.1,56.0,0,0,17.24,20.93,13502,2,1,0,31.37
3496750,53.99,55.0,54.1,56.0,0,0,17.24,20.93,14002,2,1,0,31.37
3497257,53.84,55.0,54.1,56.0,0,0,17.6,20.93,14502,2,1,0,31.37
3497763,53.74,55.0,54.1,56.0,0,0,17.3,20.89,15002,2,1,0,31.37
3498269,53.74,55.0,54.1,56.0,0,0,17.3,20.86,15502,2,1,0,31.37
3498775,53.7,55.0,54.1,56.0,0,0,17.69,20.86,16002,2,1,0,31.37
3499281,53.7,55.0,54.1,56.0,0,0,17.69,20.85,16502,2,1,0,31.37
3499787,53.67,55.0,54.1,56.0,0,0,17.71,20.83,17002,2,1,0,31.35
3500293,53.6,55.0,54.1,56.0,0,0,17.93,20.82,17502,2,1,0,31.37
3500815,53.59,55.0,54.1,56.0,0,0,17.93,20.82,18002,2,1,0,31.37
3501322,53.59,55.0,54.1,56.0,0,0,17.93,20.81,18502,2,1,0,31.37
3501828,53.59,55.0,54.1,56.0,0,0,17.93,20.81,19002,2,1,0,31.37
3502334,53.5,55.0,54.1,56.0,0,0,17.78,20.78,19516,2,1,0,31.37
3502840,53.5,55.0,54.1,56.0,0,0,17.78,20.78,20016,2,1,0,31.37
3503346,53.5,55.0,54.1,56.0,0,0,17.78,20.78,20516,2,1,0,31.37
3503852,53.47,55.0,54.1,56.0,0,0,18.29,20.78,21016,2,1,0,31.37
3504358,53.47,55.0,54.1,56.0,0,0,18.29,20.78,21516,2,1,0,31.37
3504864,53.47,55.0,54.1,56.0,0,0,18.29,20.78,22016,2,1,0,31.37
3505370,53.39,55.0,54.1,56.0,0,0,18.47,20.78,22516,2,1,0,31.38
3505876,53.39,55.0,54.1,56.0,0,0,18.47,20.76,23016,2,1,0,31.38
3506382,53.32,55.0,54.1,56.0,0,0,18.64,20.72,23516,2,1,0,31.35
3506888,53.32,55.0,54.1,56.0,0,0,18.64,20.72,24016,2,1,0,31.35
3507394,53.25,55.0,54.1,56.0,0,0,18.55,20.72,24516,2,1,0,31.38
3507900,53.25,55.0,54.1,56.0,0,0,18.55,20.72,25018,2,1,0,31.38
3508406,53.2,55.0,54.1,56.0,0,0,18.32,20.68,25519,2,1,0,31.35
3508912,53.2,55.0,54.1,56.0,0,0,18.32,20.68,26019,2,1,0,31.35
3509418,53.19,55.0,54.1,56.0,0,0,18.88,20.7,26519,2,1,0,31.38
3509924,53.19,55.0,54.1,56.0,0,0,18.88,20.7,27019,2,1,0,31.38
3510430,53.18,55.0,54.1,56.0,0,0,18.88,20.69,27519,2,1,0,31.37
3510936,53.18,55.0,54.1,56.0,0,0,18.88,20.69,28019,2,1,0,31.37
3511443,53.15,55.0,54.1,56.0,0,0,19.16,20.69,28519,2,1,0,31.4
3511949,53.15,55.0,54.1,56.0,0,0,19.16,20.71,29019,2,1,0,31.4
3512455,53.11,55.0,54.1,56.0,0,0,18.7,20.71,29519,2,1,0,31.37
3512961,53.11,55.0,54.1,56.0,0,0,18.7,20.67,30019,2,1,0,31.37
3513467,53.11,55.0,54.1,56.0,0,0,18.7,20.67,30519,2,1,0,31.37
3513973,53.11,55.0,54.1,56.0,0,0,18.7,20.67,31019,2,1,0,31.37
3514479,53.06,55.0,54.1,56.0,0,0,19.46,20.67,31519,2,1,0,31.35
3514985,53.03,55.0,54.1,56.0,0,0,19.48,20.64,32019,2,0,0,31.37
3515491,53.03,55.0,54.1,56.0,0,0,19.48,20.64,32519,2,0,0,31.37
3515997,53.03,55.0,54.1,56.0,0,0,19.48,20.64,33019,2,0,0,31.37
3516503,53.04,55.0,54.1,56.0,0,0,19.56,20.64,34020,2,0,0,31.37
3517009,53.04,55.0,54.1,56.0,0,0,19.56,20.64,34520,2,0,0,31.37
3517515,53.0,55.0,54.1,56.0,0,0,19.8,20.63,35020,2,0,0,31.37
3518022,53.02,55.0,54.1,56.0,0,0,20.17,20.63,35520,2,0,0,31.38
3518529,53.02,55.0,54.1,56.0,0,0,20.17,20.65,36020,2,0,0,31.38
3519035,52.93,55.0,54.1,56.0,0,0,20.08,20.61,36520,2,0,0,31.37
3519541,53.0,55.0,54.1,56.0,0,0,20.0,20.62,37020,2,0,0,31.35
3520047,53.0,55.0,54.1,56.0,0,0,20.0,20.62,37520,2,0,0,31.35
3520553,52.97,55.0,54.1,56.0,0,0,19.78,20.64,38020,2,0,0,31.38
3521059,52.97,55.0,54.1,56.0,0,0,19.78,20.64,38520,2,0,0,31.38
3521565,52.97,55.0,54.1,56.0,0,0,19.78,20.64,39020,2,0,0,31.38
3522072,52.97,55.0,54.1,56.0,0,0,19.78,20.64,39520,2,0,0,31.38
3522578,52.99,55.0,54.1,56.0,0,0,20.3,20.63,40020,2,0,0,31.37
3523084,52.99,55.0,54.1,56.0,0,0,20.3,20.63,40520,2,0,0,31.37
3523590,52.99,55.0,54.1,56.0,0,0,20.3,20.63,41020,2,0,0,31.37
3524096,52.97,55.0,54.1,56.0,0,0,20.4,20.61,41520,2,0,0,31.35
3524602,52.97,55.0,54.1,56.0,0,0,20.49,20.64,42020,2,0,0,31.38
3525108,52.97,55.0,54.1,56.0,0,0,20.49,20.64,42520,2,0,0,31.38
3525614,52.99,55.0,54.1,56.0,0,0,20.56,20.63,43020,2,0,0,31.37
3526120,52.99,55.0,54.1,56.0,0,0,20.56,20.63,43520,2,0,0,31.37
3526626,52.99,55.0,54.1,56.0,0,0,20.56,20.63,44020,2,0,0,31.37
3527132,52.99,55.0,54.1,56.0,0,0,20.56,20.63,44520,2,0,0,31.37
3527638,53.02,55.0,54.1,56.0,0,0,20.79,20.65,45020,2,0,0,31.38
3528144,53.04,55.0,54.1,56.0,0,0,20.71,20.65,45520,2,0,0,31.37
3528650,53.04,55.0,54.1,56.0,0,0,20.71,20.64,46020,2,0,0,31.37
3529156,53.04,55.0,54.1,56.0,0,0,20.9,20.64,46520,2,0,0,31.37
3529662,53.02,55.0,54.1,56.0,0,0,21.05,20.64,47020,2,0,0,31.4
3530168,53.02,55.0,54.1,56.0,0,0,21.05,20.66,47520,2,0,0,31.4
3530674,53.04,55.0,54.1,56.0,0,0,20.97,20.67,48020,2,0,0,31.4
3531180,53.03,55.0,54.1,56.0,0,0,21.03,20.67,48520,2,0,0,31.38
3531686,53.03,55.0,54.1,56.0,0,0,21.03,20.65,49020,2,0,0,31.38
3532192,53.07,55.0,54.1,56.0,0,0,21.25,20.66,49525,2,0,0,31.38
3532698,53.08,55.0,54.1,56.0,0,0,21.2,20.66,50025,2,0,0,31.38
3533204,53.08,55.0,54.1,56.0,0,0,21.2,20.67,50525,2,0,0,31.38
3533710,53.07,55.0,54.1,56.0,0,0,21.35,20.67,51025,2,0,0,31.35
3534216,53.07,55.0,54.1,56.0,0,0,21.35,20.64,51525,2,0,0,31.35
3534722,53.07,55.0,54.1,56.0,0,0,21.35,20.64,52025,2,0,0,31.35
3535228,53.09,55.0,54.1,56.0,0,0,21.25,20.66,52525,2,0,0,31.37
3535734,53.09,55.0,54.1,56.0,0,0,21.25,20.66,53025,2,0,0,31.37
3536240,53.09,55.0,54.1,56.0,0,0,21.25,20.66,53525,2,0,0,31.37
3536746,53.16,55.0,54.1,56.0,0,0,21.51,20.67,54025,2,0,0,31.35
3537252,53.16,55.0,54.1,56.0,0,0,21.51,20.67,54525,2,0,0,31.35
3537758,53.13,55.0,54.1,56.0,0,0,21.64,20.67,55025,2,0,0,31.38
3538264,53.13,55.0,54.1,56.0,0,0,21.64,20.68,55525,2,0,0,31.38
3538770,53.15,55.0,54.1,56.0,0,0,21.59,20.69,56025,2,0,0,31.38
3539276,53.13,55.0,54.1,56.0,0,0,21.77,20.67,56525,2,0,0,31.37
3539791,53.18,55.0,54.1,56.0,0,0,22.0,20.67,57025,2,0,0,31.38
3540298,53.18,55.0,54.1,56.0,0,0,22.0,20.7,57525,2,0,0,31.38
3540804,53.2,55.0,54.1,56.0,0,0,22.09,20.69,58025,2,0,0,31.37
3541310,53.19,55.0,54.1,56.0,0,0,21.85,20.69,58525,2,0,0,31.4
3541816,53.19,55.0,54.1,56.0,0,0,21.85,20.72,59025,2,0,0,31.4
3542322,53.26,55.0,54.1,56.0,0,0,21.94,20.73,59525,2,0,0,31.38
3542828,53.26,55.0,54.1,56.0,0,0,21.94,20.73,60025,2,0,0,31.38
3543334,53.24,55.0,54.1,56.0,0,0,21.98,20.73,60525,2,0,0,31.37
3543840,53.24,55.0,54.1,56.0,0,0,21.98,20.71,61025,2,0,0,31.37
3544346,53.26,55.0,54.1,56.0,0,0,22.26,20.71,61525,2,0,0,31.38
3544852,53.26,55.0,54.1,56.0,0,0,22.26,20.73,62025,2,0,0,31.38
3545358,53.29,55.0,54.1,56.0,0,0,22.24,20.73,62525,2,0,0,31.37
3545864,53.29,55.0,54.1,56.0,0,0,22.24,20.72,63025,2,0,0,31.37
3546370,53.29,55.0,54.1,56.0,0,0,22.24,20.72,63525,2,0,0,31.37
3546876,53.29,55.0,54.1,56.0,0,0,22.39,20.72,64025,2,0,0,31.35
3547382,53.29,55.0,54.1,56.0,0,0,22.39,20.71,64525,2,0,0,31.35
3547888,53.29,55.0,54.1,56.0,0,0,22.39,20.71,65025,2,0,0,31.35
3548394,53.29,55.0,54.1,56.0,0,0,22.39,20.71,65525,2,0,0,31.35
3548900,53.4,55.0,54.1,56.0,0,0,22.5,20.71,66025,2,0,0,31.37
3549406,53.4,55.0,54.1,56.0,0,0,22.5,20.75,66525,2,0,0,31.37
3549912,53.4,55.0,54.1,56.0,0,0,22.5,20.75,67025,2,0,0,31.37
3550418,53.42,55.0,54.1,56.0,0,0,22.68,20.75,67525,2,0,0,31.38
3550924,53.42,55.0,54.1,56.0,0,0,22.68,20.77,68025,2,0,0,31.38
3551430,53.39,55.0,54.1,56.0,0,0,22.94,20.77,68525,2,0,0,31.4
3551936,53.39,55.0,54.1,56.0,0,0,22.94,20.78,69025,2,0,0,31.4
3552442,53.39,55.0,54.1,56.0,0,0,22.94,20.78,69525,2,0,0,31.4
3552948,53.44,55.0,54.1,56.0,0,0,22.46,20.78,70025,2,0,0,31.37
3553454,53.44,55.0,54.1,56.0,0,0,22.46,20.77,70525,2,0,0,31.37
3553960,53.48,55.0,54.1,56.0,0,0,22.85,20.77,71025,2,0,0,31.38
3554466,53.53,55.0,54.1,56.0,0,0,22.74,20.79,71525,2,0,0,31.38
3554972,53.53,55.0,54.1,56.0,0,0,22.74,20.81,72025,2,0,0,31.38
3555478,53.55,55.0,54.1,56.0,0,0,22.81,20.81,72525,2,0,0,31.38
3555984,53.55,55.0,54.1,56.0,0,0,22.81,20.81,73025,2,0,0,31.38
3556491,53.55,55.0,54.1,56.0,0,0,22.81,20.81,73525,2,0,0,31.38
3556998,53.55,55.0,54.1,56.0,0,0,22.81,20.81,74025,2,0,0,31.38
3557504,53.62,55.0,54.1,56.0,0,0,22.96,20.81,74525,2,0,0,31.38
3558010,53.62,55.0,54.1,56.0,0,0,22.96,20.83,75527,2,0,0,31.38
3558516,53.64,55.0,54.1,56.0,0,0,23.15,20.84,76027,2,0,0,31.38
3559022,53.64,55.0,54.1,56.0,0,0,23.28,20.83,76527,2,0,0,31.37
3559528,53.64,55.0,54.1,56.0,0,0,23.28,20.83,77027,2,0,0,31.37
3560034,53.63,55.0,54.1,56.0,0,0,23.2,20.84,77527,2,0,0,31.38
3560540,53.63,55.0,54.1,56.0,0,0,23.2,20.84,78027,2,0,0,31.38
3561046,53.63,55.0,54.1,56.0,0,0,23.2,20.84,78528,2,0,0,31.38
3561552,53.7,55.0,54.1,56.0,0,0,23.24,20.86,79029,2,0,0,31.38
3562058,53.72,55.0,54.1,56.0,0,0,23.11,20.86,79530,2,0,0,31.38
3562564,53.72,55.0,54.1,56.0,0,0,23.11,20.86,80030,2,0,0,31.38
3563070,53.74,55.0,54.1,56.0,0,0,23.31,20.87,80530,2,0,0,31.38
3563576,53.71,55.0,54.1,56.0,0,0,23.63,20.84,81030,2,0,0,31.35
3564082,53.77,55.0,54.1,56.0,0,0,23.52,20.89,81530,2,0,0,31.4
3564592,53.8,55.0,54.1,56.0,0,0,23.52,20.89,82030,2,0,0,31.38
3565099,53.8,55.0,54.1,56.0,0,0,23.52,20.89,82530,2,0,0,31.38
3565605,53.79,55.0,54.1,56.0,0,0,23.39,20.89,83030,2,0,0,31.37
3566111,53.79,55.0,54.1,56.0,0,0,23.39,20.87,83530,2,0,0,31.37
3566617,53.82,55.0,54.1,56.0,0,0,23.61,20.89,84030,2,0,0,31.38
3567123,53.86,55.0,54.1,56.0,0,0,23.68,20.89,84530,2,0,0,31.37
3567629,53.86,55.0,54.1,56.0,0,0,23.68,20.89,85030,2,0,0,31.37
3568137,53.86,55.0,54.1,56.0,0,0,23.68,20.89,85530,2,0,0,31.37
3568643,53.86,55.0,54.1,56.0,0,0,23.68,20.89,86030,2,0,0,31.37
3569149,53.86,55.0,54.1,56.0,0,0,23.68,20.89,86530,2,0,0,31.37
3569655,53.94,55.0,54.1,56.0,0,0,23.94,20.9,87030,2,0,0,31.35
3570161,53.94,55.0,54.1,56.0,0,0,23.94,20.9,87530,2,0,0,31.35
3570668,53.94,55.0,54.1,56.0,0,0,23.94,20.9,88030,2,0,0,31.35
3571174,53.99,55.0,54.1,56.0,0,0,23.92,20.9,88530,2,0,0,31.37
3571680,53.99,55.0,54.1,56.0,0,0,23.92,20.93,89030,2,0,0,31.37
3572186,54.03,55.0,54.1,56.0,0,0,24.05,20.94,89530,2,0,0,31.37
3572692,54.07,55.0,54.1,56.0,0,0,24.2,20.97,90030,2,0,0,31.38
3573198,54.07,55.0,54.1,56.0,0,0,24.2,20.97,90530,2,0,0,31.38
3573704,54.07,55.0,54.1,56.0,0,0,23.96,20.96,91030,2,0,0,31.37
3574210,54.07,55.0,54.1,56.0,0,0,23.96,20.96,91530,2,0,0,31.37
3574716,54.09,55.0,54.1,56.0,0,0,24.18,20.98,92041,2,0,0,31.38
3575222,54.09,55.0,54.1,56.0,0,0,24.18,20.98,92541,2,0,0,31.38
3575728,54.08,55.0,54.1,56.0,0,0,24.14,20.97,93041,2,0,0,31.38
3576234,54.11,55.0,54.1,56.0,1,0,24.24,21.0,0,2,0,0,31.4
3576740,54.16,55.0,54.1,56.0,1,0,24.22,21.0,500,2,0,0,31.38
3577246,54.16,55.0,54.1,56.0,1,0,24.22,21.0,1000,2,0,0,31.38
3577752,54.19,55.0,54.1,56.0,1,0,24.2,21.0,1500,2,0,0,31.37
3578258,54.19,55.0,54.1,56.0,1,0,24.2,20.99,2000,2,0,0,31.37
3578764,54.17,55.0,54.1,56.0,1,0,24.33,20.99,2500,2,0,0,31.38
3579270,54.17,55.0,54.1,56.0,1,0,24.33,21.0,3000,2,0,0,31.38
3579776,54.17,55.0,54.1,56.0,1,0,24.33,21.0,3500,2,0,0,31.38
3580282,54.21,55.0,54.1,56.0,1,0,24.16,21.02,4000,2,0,0,31.4
3580788,54.21,55.0,54.1,56.0,1,0,24.16,21.02,4500,2,0,0,31.4
3581294,54.21,55.0,54.1,56.0,1,0,24.16,21.02,5000,2,0,0,31.4
3581800,54.29,55.0,54.1,56.0,1,0,24.14,21.05,5500,2,0,0,31.4
3582306,54.3,55.0,54.1,56.0,1,0,24.14,21.04,6000,2,0,0,31.38
3582812,54.28,55.0,54.1,56.0,1,0,23.94,21.02,6504,2,0,0,31.37
3583318,54.28,55.0,54.1,56.0,1,0,23.94,21.02,7004,2,0,0,31.37
3583824,54.28,55.0,54.1,56.0,1,0,23.94,21.02,7504,2,0,0,31.37
3584330,54.35,55.0,54.1,56.0,1,0,23.83,21.04,8004,2,0,0,31.37
3584836,54.35,55.0,54.1,56.0,1,0,23.83,21.04,8504,2,0,0,31.37
3585342,54.37,55.0,54.1,56.0,1,0,23.92,21.06,9004,2,0,0,31.38
3585848,54.42,55.0,54.1,56.0,1,0,23.55,21.06,9504,2,0,0,31.4
3586356,54.42,55.0,54.1,56.0,1,0,23.55,21.09,10004,2,0,0,31.4
3586862,54.44,55.0,54.1,56.0,1,0,23.44,21.09,10504,2,0,0,31.37
3587368,54.44,55.0,54.1,56.0,1,0,23.44,21.07,11004,2,0,0,31.37
3587874,54.43,55.0,54.1,56.0,1,0,23.31,21.07,11504,2,0,0,31.38
3588380,54.43,55.0,54.1,56.0,1,0,23.31,21.08,12004,2,0,0,31.38
3588886,54.46,55.0,54.1,56.0,1,0,23.37,21.1,12506,2,0,0,31.4
3589392,54.46,55.0,54.1,56.0,1,0,23.37,21.1,13006,2,0,0,31.4
3589898,54.49,55.0,54.1,56.0,1,0,23.05,21.1,13506,2,0,0,31.38
3590404,54.48,55.0,54.1,56.0,1,0,23.09,21.1,14006,2,0,0,31.38
3590910,54.48,55.0,54.1,56.0,1,0,23.09,21.09,14506,2,0,0,31.38
3591416,54.53,55.0,54.1,56.0,1,0,22.72,21.09,15006,2,0,0,31.37
3591922,54.53,55.0,54.1,56.0,1,0,22.72,21.09,15506,2,0,0,31.37
3592428,54.57,55.0,54.1,56.0,1,0,22.65,21.09,16006,2,0,0,31.38
3592934,54.57,55.0,54.1,56.0,1,0,22.65,21.12,16506,2,0,0,31.38
3593440,54.58,55.0,54.1,56.0,1,0,22.48,21.12,17006,2,0,0,31.38
3593961,54.62,55.0,54.1,56.0,1,0,22.42,21.12,17506,2,0,0,31.4
3594468,54.62,55.0,54.1,56.0,1,0,22.42,21.15,18006,2,0,0,31.4
3594974,54.65,55.0,54.1,56.0,1,0,22.37,21.15,18506,2,0,0,31.4
3595480,54.65,55.0,54.1,56.0,1,0,22.37,21.16,19006,2,0,0,31.4
3595986,54.69,55.0,54.1,56.0,1,0,22.16,21.16,19506,2,0,0,31.38
3596492,54.69,55.0,54.1,56.0,1,0,22.16,21.16,20006,2,0,0,31.38
3596998,54.74,55.0,54.1,56.0,1,0,22.0,21.16,20506,2,0,0,31.37
3597505,54.74,55.0,54.1,56.0,1,0,22.0,21.16,21006,2,0,0,31.37
3598011,54.8,55.0,54.1,56.0,1,0,21.94,21.16,21506,2,0,0,31.4
3598517,54.81,55.0,54.1,56.0,1,0,21.83,21.2,22006,2,0,0,31.37
3599023,54.81,55.0,54.1,56.0,1,0,21.83,21.18,22506,2,0,0,31.37
3599529,54.84,55.0,54.1,56.0,1,0,21.72,21.18,23006,2,0,0,31.38
3600035,54.89,55.0,54.1,56.0,1,0,21.51,21.2,24011,2,0,0,31.37
3600541,54.89,55.0,54.1,56.0,1,0,21.51,21.2,24511,2,0,0,31.37
3601047,54.89,55.0,54.1,56.0,1,0,21.51,21.2,25011,2,0,0,31.37
3601554,54.99,55.0,54.1,56.0,1,0,21.27,21.2,25511,2,0,0,31.37
3602061,54.99,55.0,54.1,56.0,1,0,21.27,21.23,26011,2,0,0,31.37
3602567,54.99,55.0,54.1,56.0,1,0,21.27,21.23,26511,2,0,0,31.37
3603073,55.02,55.0,54.1,56.0,1,0,21.22,21.25,27011,2,0,0,31.38
3603579,55.05,55.0,54.1,56.0,1,0,21.05,21.25,27511,2,0,0,31.37
3604085,55.05,55.0,54.1,56.0,1,0,21.05,21.25,28011,2,0,0,31.37
3604591,55.1,55.0,54.1,56.0,1,0,20.9,21.27,28511,2,0,0,31.37
3605097,55.17,55.0,54.1,56.0,1,0,20.75,21.3,29011,2,0,0,31.38
3605603,55.17,55.0,54.1,56.0,1,0,20.75,21.3,29511,2,0,0,31.38
3606109,55.16,55.0,54.1,56.0,1,0,20.43,21.29,30011,2,0,0,31.38
3606615,55.19,55.0,54.1,56.0,1,0,20.66,21.29,30511,2,0,0,31.38
3607121,55.19,55.0,54.1,56.0,1,0,20.66,21.3,31011,2,0,0,31.38
3607627,55.19,55.0,54.1,56.0,1,0,20.66,21.3,31511,2,0,0,31.38
3608133,55.29,55.0,54.1,56.0,1,0,20.36,21.33,32011,2,0,0,31.38
3608639,55.29,55.0,54.1,56.0,1,0,20.36,21.33,32511,2,0,0,31.38
3609145,55.34,55.0,54.1,56.0,1,0,20.25,21.35,33025,2,0,0,31.38
3609651,55.34,55.0,54.1,56.0,1,0,20.25,21.35,33525,2,0,0,31.38
3610157,55.31,55.0,54.1,56.0,1,0,20.1,21.32,34025,2,0,0,31.35
3610663,55.34,55.0,54.1,56.0,1,0,20.04,21.35,34525,2,0,0,31.38
3611169,55.44,55.0,54.1,56.0,1,0,19.52,21.37,35025,2,1,0,31.37
3611675,55.44,55.0,54.1,56.0,1,0,19.52,21.37,35525,2,1,0,31.37
3612181,55.44,55.0,54.1,56.0,1,0,19.52,21.37,36025,2,1,0,31.37
3612687,55.44,55.0,54.1,56.0,1,0,19.84,21.38,36525,2,1,0,31.38
3613193,55.44,55.0,54.1,56.0,1,0,19.59,21.37,37025,2,1,0,31.37
3613699,55.44,55.0,54.1,56.0,1,0,19.59,21.37,37525,2,1,0,31.37
3614205,55.5,55.0,54.1,56.0,1,0,19.61,21.41,38025,2,1,0,31.4
3614711,55.5,55.0,54.1,56.0,1,0,19.61,21.41,38525,2,1,0,31.4
3615217,55.54,55.0,54.1,56.0,1,0,19.5,21.41,39025,2,1,0,31.37
3615723,55.54,55.0,54.1,56.0,1,0,19.5,21.4,39525,2,1,0,31.37
3616229,55.52,55.0,54.1,56.0,1,0,20.02,21.4,40025,2,0,0,31.38
3616735,55.59,55.0,54.1,56.0,0,0,19.39,21.42,0,2,1,0,31.38
3617241,55.57,55.0,54.1,56.0,0,0,19.2,21.42,512,2,1,0,31.38
3617747,55.57,55.0,54.1,56.0,0,0,19.2,21.42,1012,2,1,0,31.38
3618253,55.57,55.0,54.1,56.0,0,0,19.2,21.42,1512,2,1,0,31.38
3618759,55.61,55.0,54.1,56.0,0,0,19.2,21.44,2012,2,1,0,31.4
3619265,55.6,55.0,54.1,56.0,0,0,19.03,21.44,2512,2,1,0,31.37
3619771,55.6,55.0,54.1,56.0,0,0,19.03,21.41,3012,2,1,0,31.37
3620277,55.6,55.0,54.1,56.0,0,0,19.03,21.41,3512,2,1,0,31.37
3620783,55.6,55.0,54.1,56.0,0,0,18.98,21.41,4012,2,1,0,31.37
3621289,55.61,55.0,54.1,56.0,0,0,19.11,21.41,4512,2,1,0,31.38
3621795,55.61,55.0,54.1,56.0,0,0,19.11,21.43,5012,2,1,0,31.38
3622301,55.62,55.0,54.1,56.0,0,0,19.13,21.43,5512,2,1,0,31.38
3622807,55.62,55.0,54.1,56.0,0,0,19.13,21.43,6012,2,1,0,31.38
3623313,55.59,55.0,54.1,56.0,0,0,18.79,21.42,6512,2,1,0,31.38
3623819,55.61,55.0,54.1,56.0,0,0,18.9,21.42,7012,2,1,0,31.38
3624325,55.61,55.0,54.1,56.0,0,0,18.9,21.43,7512,2,1,0,31.38
3624831,55.59,55.0,54.1,56.0,0,0,19.03,21.42,8012,2,1,0,31.38
3625337,55.59,55.0,54.1,56.0,0,0,19.09,21.42,8512,2,1,0,31.37
3625847,55.56,55.0,54.1,56.0,0,0,19.07,21.41,9012,2,1,0,31.4
3626354,55.56,55.0,54.1,56.0,0,0,19.07,21.43,9512,2,1,0,31.4
3626860,55.52,55.0,54.1,56.0,0,0,19.11,21.39,10012,2,1,0,31.37
3627366,55.51,55.0,54.1,56.0,0,0,19.28,21.39,10512,2,1,0,31.38
3627872,55.51,55.0,54.1,56.0,0,0,19.28,21.4,11012,2,1,0,31.38
3628378,55.47,55.0,54.1,56.0,0,0,18.7,21.37,11512,2,1,0,31.37
3628884,55.5,55.0,54.1,56.0,0,0,19.41,21.37,12012,2,1,0,31.35
3629390,55.43,55.0,54.1,56.0,0,0,19.44,21.37,12512,2,1,0,31.37
3629896,55.43,55.0,54.1,56.0,0,0,19.44,21.36,13012,2,1,0,31.37
3630402,55.43,55.0,54.1,56.0,0,0,19.41,21.36,13512,2,1,0,31.37
3630908,55.43,55.0,54.1,56.0,0,0,19.41,21.36,14012,2,1,0,31.37
3631414,55.34,55.0,54.1,56.0,0,0,19.39,21.36,14512,2,1,0,31.37
3631920,55.34,55.0,54.1,56.0,0,0,19.39,21.34,15012,2,1,0,31.37
3632426,55.34,55.0,54.1,56.0,0,0,19.39,21.34,15512,2,1,0,31.37
3632932,55.34,55.0,54.1,56.0,0,0,19.54,21.34,16012,2,1,0,31.37
3633438,55.34,55.0,54.1,56.0,0,0,19.54,21.34,16512,2,1,0,31.37
3633944,55.31,55.0,54.1,56.0,0,0,19.61,21.34,17014,2,1,0,31.38
3634451,55.27,55.0,54.1,56.0,0,0,19.82,21.34,17514,2,1,0,31.37
3634958,55.27,55.0,54.1,56.0,0,0,19.82,21.31,18014,2,0,0,31.37
3635464,55.25,55.0,54.1,56.0,0,0,20.02,21.31,18514,2,0,0,31.37
3635970,55.25,55.0,54.1,56.0,0,0,19.91,21.31,19014,2,0,0,31.37
3636476,55.22,55.0,54.1,56.0,0,0,19.89,21.31,19514,2,0,0,31.38
3636982,55.22,55.0,54.1,56.0,1,0,19.89,21.31,0,2,0,0,31.38
3637488,55.22,55.0,54.1,56.0,1,0,19.89,21.31,500,2,0,0,31.38
3637994,55.15,55.0,54.1,56.0,1,0,20.06,21.31,1000,2,0,0,31.37
3638500,55.13,55.0,54.1,56.0,1,0,20.34,21.28,1500,2,0,0,31.35
3639006,55.13,55.0,54.1,56.0,1,0,20.34,21.26,2000,2,0,0,31.35
3639512,55.09,55.0,54.1,56.0,1,0,20.08,21.26,2500,2,0,0,31.37
3640018,55.09,55.0,54.1,56.0,1,0,20.28,21.26,3000,2,0,0,31.38
3640524,55.06,55.0,54.1,56.0,1,0,20.71,21.28,3500,2,0,0,31.35
3641030,55.06,55.0,54.1,56.0,1,0,20.71,21.24,4000,2,0,0,31.35
3641536,55.04,55.0,54.1,56.0,1,0,20.56,21.24,4500,2,0,0,31.38
3642042,55.04,55.0,54.1,56.0,1,0,20.56,21.26,5000,2,0,0,31.38
3642548,55.04,55.0,54.1,56.0,1,0,20.56,21.26,5501,2,0,0,31.38
3643054,54.99,55.0,54.1,56.0,1,0,20.19,21.26,6001,2,0,0,31.35
3643560,54.97,55.0,54.1,56.0,1,0,20.04,21.22,6501,2,0,0,31.35
3644066,54.97,55.0,54.1,56.0,1,0,20.53,21.21,7503,2,0,0,31.35
3644572,54.93,55.0,54.1,56.0,1,0,20.08,21.23,8003,2,0,0,31.38
3645078,54.93,55.0,54.1,56.0,1,0,20.08,21.23,8503,2,0,0,31.38
3645584,54.93,55.0,54.1,56.0,1,0,20.06,21.21,9003,2,0,0,31.37
3646090,54.91,55.0,54.1,56.0,1,0,20.06,21.2,9503,2,0,0,31.35
3646596,54.9,55.0,54.1,56.0,1,0,19.84,21.19,10003,2,0,0,31.35
3647102,54.9,55.0,54.1,56.0,1,0,19.84,21.19,10503,2,0,0,31.35
3647608,54.86,55.0,54.1,56.0,1,0,19.89,21.18,11003,2,0,0,31.35
3648114,54.83,55.0,54.1,56.0,1,0,19.31,21.18,11503,2,1,0,31.37
3648620,54.83,55.0,54.1,56.0,1,0,19.31,21.18,12003,2,1,0,31.37
3649126,54.86,55.0,54.1,56.0,1,0,19.76,21.18,12503,2,0,0,31.35
3649632,54.84,55.0,54.1,56.0,1,0,19.56,21.18,13003,2,0,0,31.38
3650138,54.84,55.0,54.1,56.0,1,0,19.56,21.2,13503,2,1,0,31.38
3650644,54.81,55.0,54.1,56.0,1,0,19.41,21.2,14003,2,1,0,31.35
3651150,54.81,55.0,54.1,56.0,1,0,19.41,21.17,14503,2,1,0,31.35
3651656,54.83,55.0,54.1,56.0,1,0,19.44,21.18,15010,2,1,0,31.37
3652162,54.83,55.0,54.1,56.0,1,0,19.44,21.18,15510,2,1,0,31.37
3652668,54.79,55.0,54.1,56.0,1,0,19.26,21.19,16010,2,1,0,31.38
3653174,54.79,55.0,54.1,56.0,1,0,19.26,21.19,16510,2,1,0,31.38
3653680,54.81,55.0,54.1,56.0,1,0,19.13,21.19,17010,2,1,0,31.35
3654186,54.81,55.0,54.1,56.0,1,0,19.13,21.17,17510,2,1,0,31.35
3654692,54.78,55.0,54.1,56.0,1,0,19.16,21.18,18010,2,1,0,31.38
3655198,54.81,55.0,54.1,56.0,1,0,19.0,21.18,18510,2,1,0,31.37
3655704,54.81,55.0,54.1,56.0,1,0,19.0,21.18,19010,2,1,0,31.37
3656210,54.81,55.0,54.1,56.0,1,0,19.16,21.19,19510,2,1,0,31.38
3656716,54.77,55.0,54.1,56.0,1,0,18.7,21.17,20010,2,1,0,31.37
3657222,54.77,55.0,54.1,56.0,1,0,18.7,21.17,20510,2,1,0,31.37
3657728,54.79,55.0,54.1,56.0,1,0,18.75,21.17,21010,2,1,0,31.37
3658234,54.76,55.0,54.1,56.0,1,0,18.94,21.16,21510,2,1,0,31.37
3658740,54.76,55.0,54.1,56.0,1,0,18.94,21.16,22010,2,1,0,31.37
3659246,54.78,55.0,54.1,56.0,1,0,18.34,21.17,22510,2,1,0,31.37
3659752,54.8,55.0,54.1,56.0,1,0,18.55,21.17,23010,2,1,0,31.37
3660258,54.8,55.0,54.1,56.0,1,0,18.55,21.18,23510,2,1,0,31.37
3660764,54.79,55.0,54.1,56.0,1,0,18.36,21.18,24010,2,1,0,31.38
3661270,54.79,55.0,54.1,56.0,1,0,18.36,21.19,24510,2,1,0,31.38
3661776,54.74,55.0,54.1,56.0,1,0,18.32,21.14,25010,2,1,0,31.35
3662282,54.74,55.0,54.1,56.0,1,0,18.32,21.14,25510,2,1,0,31.35
3662788,54.76,55.0,54.1,56.0,1,0,18.16,21.17,26010,2,1,0,31.38
3663294,54.74,55.0,54.1,56.0,1,0,18.16,21.17,26510,2,1,0,31.37
3663800,54.74,55.0,54.1,56.0,1,0,18.16,21.16,27010,2,1,0,31.37
3664306,54.74,55.0,54.1,56.0,1,0,18.16,21.16,27510,2,1,0,31.37
3664812,54.74,55.0,54.1,56.0,1,0,18.16,21.16,28010,2,1,0,31.37
3665318,54.73,55.0,54.1,56.0,1,0,18.14,21.17,28510,2,1,0,31.38
3665824,54.73,55.0,54.1,56.0,1,0,18.14,21.17,29010,2,1,0,31.38
3666330,54.68,55.0,54.1,56.0,1,0,17.93,21.13,29510,2,1,0,31.35
3666836,54.68,55.0,54.1,56.0,1,0,17.93,21.13,30012,2,1,0,31.35
3667342,54.65,55.0,54.1,56.0,1,0,17.73,21.13,30512,2,1,0,31.37
3667848,54.65,55.0,54.1,56.0,1,0,17.67,21.12,31014,2,1,0,31.35
3668354,54.65,55.0,54.1,56.0,1,0,17.67,21.12,31514,2,1,0,31.35
3668860,54.65,55.0,54.1,56.0,1,0,17.67,21.12,32014,2,1,0,31.35
3669366,54.61,55.0,54.1,56.0,1,0,17.58,21.12,32514,2,1,0,31.37
3669872,54.61,55.0,54.1,56.0,1,0,17.58,21.12,33014,2,1,0,31.37
3670378,54.61,55.0,54.1,56.0,1,0,17.58,21.12,33514,2,1,0,31.37
3670884,54.59,55.0,54.1,56.0,1,0,17.37,21.11,34014,2,1,0,31.37
3671390,54.55,55.0,54.1,56.0,1,0,17.35,21.11,34514,2,1,0,31.37
3671896,54.55,55.0,54.1,56.0,1,0,17.35,21.1,35014,2,1,0,31.37
3672402,54.53,55.0,54.1,56.0,1,0,17.11,21.1,35514,2,1,0,31.37
3672908,54.53,55.0,54.1,56.0,1,0,17.11,21.09,36016,2,1,0,31.37
3673414,54.48,55.0,54.1,56.0,1,0,17.22,21.09,36516,2,1,0,31.37
3673920,54.48,55.0,54.1,56.0,1,0,17.22,21.08,37016,2,1,0,31.37
3674426,54.47,55.0,54.1,56.0,1,0,17.13,21.09,37516,2,1,0,31.38
3674932,54.4,55.0,54.1,56.0,1,0,17.02,21.09,38016,2,1,0,31.37
3675438,54.4,55.0,54.1,56.0,1,0,17.02,21.06,38516,2,1,0,31.37
3675944,54.38,55.0,54.1,56.0,1,0,16.72,21.06,39016,2,1,0,31.35
3676450,54.34,55.0,54.1,56.0,1,0,16.92,21.04,39516,2,1,0,31.38
3676956,54.34,55.0,54.1,56.0,0,0,16.7,21.05,0,2,1,0,31.35
3677462,54.34,55.0,54.1,56.0,0,0,16.7,21.03,500,2,1,0,31.35
3677968,54.29,55.0,54.1,56.0,0,0,16.74,21.01,1000,2,1,0,31.35
3678474,54.29,55.0,54.1,56.0,0,0,16.74,21.01,1500,2,1,0,31.35
3678980,54.24,55.0,54.1,56.0,0,0,16.68,21.0,2000,2,1,0,31.35
3679486,54.19,55.0,54.1,56.0,0,0,16.7,21.0,2500,2,1,0,31.37
3679992,54.19,55.0,54.1,56.0,0,0,16.7,20.99,3000,2,1,0,31.37
3680498,54.14,55.0,54.1,56.0,0,0,16.51,20.99,3500,2,1,0,31.37
3681004,54.14,55.0,54.1,56.0,0,0,16.51,20.98,4000,2,1,0,31.37
3681510,54.09,55.0,54.1,56.0,0,0,16.61,20.95,4504,2,1,0,31.35
3682016,54.09,55.0,54.1,56.0,0,0,16.61,20.95,5004,2,1,0,31.35
3682522,54.07,55.0,54.1,56.0,0,0,16.46,20.95,5504,2,1,0,31.35
3683028,54.07,55.0,54.1,56.0,0,0,16.46,20.95,6004,2,1,0,31.35
3683534,53.99,55.0,54.1,56.0,0,0,16.68,20.95,6504,2,1,0,31.37
3684040,53.99,55.0,54.1,56.0,0,0,16.68,20.93,7004,2,1,0,31.37
3684546,53.99,55.0,54.1,56.0,0,0,16.68,20.93,7504,2,1,0,31.37
3685052,53.88,55.0,54.1,56.0,0,0,17.5,20.93,8004,2,1,0,31.35
3685558,53.88,55.0,54.1,56.0,0,0,17.5,20.89,8504,2,1,0,31.35
3686064,53.83,55.0,54.1,56.0,0,0,16.83,20.89,9004,2,1,0,31.35
3686570,53.8,55.0,54.1,56.0,0,0,16.81,20.87,9504,2,1,0,31.35
3687078,53.8,55.0,54.1,56.0,0,0,16.81,20.86,10004,2,1,0,31.35
3687585,53.7,55.0,54.1,56.0,0,0,16.92,20.83,11006,2,1,0,31.35
3688091,53.7,55.0,54.1,56.0,0,0,16.92,20.83,11506,2,1,0,31.35
3688597,53.66,55.0,54.1,56.0,0,0,17.09,20.82,12006,2,1,0,31.35
3689103,53.66,55.0,54.1,56.0,0,0,17.24,20.79,12506,2,1,0,31.32
