timestamp,raw_hum,filtered_hum,turn_on_thres,turn_off_thres,peltier,cold_fan,ntc_temp,dew_point,cycle_extreme_hum,overshoot_on_learned,overshoot_off_learned,last_cycle_duration_ms,phase_reversed,sht30_temp,target_hum,reversal_delta,cold_fan_used_this_phase,state_elapsed_ms
18801,88.54,88.53,59.7,60.3,0,0,31.54,29.34,44.29,0.3,0.3,0,1,31.49,60.0,44.24,0,18501
19310,88.54,88.54,59.7,60.3,0,0,31.61,29.34,44.29,0.3,0.3,0,1,31.52,60.0,44.24,0,19001
19819,88.54,88.54,59.7,60.3,0,0,31.61,29.37,44.29,0.3,0.3,0,1,31.52,60.0,44.24,0,19501
20327,88.54,88.54,59.7,60.3,1,0,31.61,29.37,44.29,0.3,0.3,20001,0,31.52,60.0,44.24,0,0
20836,88.5,88.54,59.7,60.3,1,0,31.61,29.37,88.54,0.3,0.3,20001,0,31.49,60.0,0.0,0,500
21344,88.51,88.52,59.7,60.3,1,0,31.71,29.34,88.54,0.3,0.3,20001,0,31.51,60.0,0.01,0,1000
21853,88.51,88.52,59.7,60.3,1,0,31.61,29.35,88.54,0.3,0.3,20001,0,31.51,60.0,0.02,0,1500
22361,88.51,88.51,59.7,60.3,1,0,31.61,29.35,88.54,0.3,0.3,20001,0,31.51,60.0,0.02,0,2000
22870,88.49,88.51,59.7,60.3,1,0,31.64,29.35,88.54,0.3,0.3,20001,0,31.52,60.0,0.02,0,2500
23379,88.49,88.5,59.7,60.3,1,0,31.31,29.36,88.54,0.3,0.3,20001,0,31.52,60.0,0.03,0,3000
23888,88.48,88.5,59.7,60.3,1,0,31.5,29.36,88.54,0.3,0.3,20001,0,31.51,60.0,0.03,0,3500
24396,88.48,88.49,59.7,60.3,1,0,31.5,29.35,88.54,0.3,0.3,20001,0,31.51,60.0,0.04,0,4000
24905,88.47,88.48,59.7,60.3,1,0,31.29,29.36,88.54,0.3,0.3,20001,0,31.52,60.0,0.05,0,4500
25416,88.47,88.48,59.7,60.3,1,0,31.29,29.36,88.54,0.3,0.3,20001,0,31.52,60.0,0.05,0,5000
25925,88.47,88.48,59.7,60.3,1,0,31.29,29.36,88.54,0.3,0.3,20001,0,31.52,60.0,0.06,0,5500
26434,88.48,88.47,59.7,60.3,1,0,31.19,29.36,88.54,0.3,0.3,20001,0,31.52,60.0,0.06,0,6000
26943,88.48,88.48,59.7,60.3,1,0,31.19,29.36,88.54,0.3,0.3,20001,0,31.52,60.0,0.05,0,6500
27452,88.48,88.48,59.7,60.3,1,0,31.01,29.36,88.54,0.3,0.3,20001,0,31.52,60.0,0.05,0,7000
27965,88.48,88.48,59.7,60.3,1,0,31.01,29.36,88.54,0.3,0.3,20001,0,31.52,60.0,0.05,0,7500
28474,88.48,88.48,59.7,60.3,1,0,30.87,29.36,88.54,0.3,0.3,20001,0,31.51,60.0,0.05,0,8000
28983,88.48,88.48,59.7,60.3,1,0,30.87,29.35,88.54,0.3,0.3,20001,0,31.51,60.0,0.05,0,8500
29492,88.46,88.48,59.7,60.3,1,0,30.2,29.35,88.54,0.3,0.3,20001,0,31.49,60.0,0.05,0,9000
30001,88.44,88.47,59.7,60.3,1,0,30.57,29.33,88.54,0.3,0.3,20001,0,31.53,60.0,0.06,0,9500
30510,88.46,88.46,59.7,60.3,1,0,30.45,29.37,88.54,0.3,0.3,20001,0,31.52,60.0,0.07,0,10006
31019,88.46,88.46,59.7,60.3,1,0,30.45,29.36,88.54,0.3,0.3,20001,0,31.52,60.0,0.07,0,11015
31528,88.46,88.46,59.7,60.3,1,0,30.29,29.36,88.54,0.3,0.3,20001,0,31.52,60.0,0.07,0,11515
32036,88.48,88.47,59.7,60.3,1,0,30.22,29.35,88.54,0.3,0.3,20001,0,31.51,60.0,0.06,0,12015
32544,88.48,88.48,59.7,60.3,1,0,30.22,29.35,88.54,0.3,0.3,20001,0,31.51,60.0,0.06,0,12515
33053,88.49,88.48,59.7,60.3,1,0,30.11,29.35,88.54,0.3,0.3,20001,0,31.51,60.0,0.05,0,13015
33562,88.49,88.49,59.7,60.3,1,0,30.11,29.35,88.54,0.3,0.3,20001,0,31.51,60.0,0.05,0,13515
34071,88.49,88.49,59.7,60.3,1,0,30.11,29.35,88.54,0.3,0.3,20001,0,31.51,60.0,0.04,0,14015
34580,88.49,88.49,59.7,60.3,1,0,30.11,29.35,88.54,0.3,0.3,20001,0,31.51,60.0,0.04,0,14515
35089,88.49,88.49,59.7,60.3,1,0,30.11,29.35,88.54,0.3,0.3,20001,0,31.51,60.0,0.04,0,15015
35598,88.43,88.46,59.7,60.3,1,0,29.58,29.37,88.54,0.3,0.3,20001,0,31.53,60.0,0.07,0,15515
36107,88.41,88.45,59.7,60.3,1,0,29.05,29.37,88.54,0.3,0.3,20001,0,31.52,60.0,0.08,0,16015
36616,88.41,88.43,59.7,60.3,1,0,29.05,29.35,88.54,0.3,0.3,20001,0,31.52,60.0,0.1,0,16515
37125,88.44,88.42,59.7,60.3,1,0,29.21,29.35,88.54,0.3,0.3,20001,0,31.55,60.0,0.11,0,17015
37634,88.44,88.43,59.7,60.3,1,0,29.21,29.38,88.54,0.3,0.3,20001,0,31.55,60.0,0.11,0,17515
38143,88.45,88.44,59.7,60.3,1,0,28.99,29.38,88.54,0.3,0.3,20001,0,31.55,60.0,0.09,0,18024
38652,88.45,88.44,59.7,60.3,1,0,28.99,29.38,88.54,0.3,0.3,20001,0,31.55,60.0,0.09,0,18524
39161,88.43,88.44,59.7,60.3,1,0,28.76,29.37,88.54,0.3,0.3,20001,0,31.53,60.0,0.09,0,19024
39670,88.43,88.44,59.7,60.3,1,0,28.76,29.37,88.54,0.3,0.3,20001,0,31.53,60.0,0.1,0,19524
40190,88.4,88.44,59.7,60.3,1,0,28.51,29.37,88.54,0.3,0.3,20001,0,31.55,60.0,0.1,0,20024
40699,88.4,88.42,59.7,60.3,1,0,28.51,29.37,88.54,0.3,0.3,20001,0,31.55,60.0,0.11,0,20524
41208,88.39,88.4,59.7,60.3,1,0,28.31,29.36,88.54,0.3,0.3,20001,0,31.53,60.0,0.13,0,21024
41717,88.38,88.39,59.7,60.3,1,0,28.13,29.35,88.54,0.3,0.3,20001,0,31.53,60.0,0.14,0,21524
42226,88.38,88.39,59.7,60.3,1,0,28.13,29.35,88.54,0.3,0.3,20001,1,31.53,60.0,0.15,0,22024
42735,88.38,88.38,59.7,60.3,1,0,28.13,29.35,88.54,0.3,0.3,20001,1,31.53,60.0,0.15,0,22524
43244,88.38,88.38,59.7,60.3,1,0,28.01,29.35,88.54,0.3,0.3,20001,1,31.53,60.0,0.15,0,23024
43752,88.38,88.38,59.7,60.3,1,0,28.01,29.35,88.54,0.3,0.3,20001,1,31.53,60.0,0.15,0,23524
44261,88.38,88.38,59.7,60.3,1,0,28.08,29.35,88.54,0.3,0.3,20001,1,31.53,60.0,0.15,0,24024
44770,88.38,88.38,59.7,60.3,1,0,28.08,29.35,88.54,0.3,0.3,20001,1,31.53,60.0,0.15,0,24527
45279,88.39,88.38,59.7,60.3,1,0,27.43,29.35,88.54,0.3,0.3,20001,1,31.55,60.0,0.15,0,25027
45788,88.39,88.39,59.7,60.3,1,0,27.43,29.37,88.54,0.3,0.3,20001,1,31.55,60.0,0.15,0,25527
46297,88.35,88.37,59.7,60.3,1,0,27.54,29.35,88.54,0.3,0.3,20001,1,31.53,60.0,0.16,0,26027
46806,88.32,88.36,59.7,60.3,1,0,27.18,29.35,88.54,0.3,0.3,20001,1,31.53,60.0,0.17,0,26527
47314,88.32,88.34,59.7,60.3,1,0,27.18,29.34,88.54,0.3,0.3,20001,1,31.53,60.0,0.19,0,27027
47823,88.35,88.34,59.7,60.3,1,0,27.01,29.35,88.54,0.3,0.3,20001,1,31.53,60.0,0.19,0,27527
48332,88.3,88.35,59.7,60.3,1,0,26.76,29.35,88.54,0.3,0.3,20001,1,31.53,60.0,0.19,0,28027
48841,88.3,88.32,59.7,60.3,1,0,26.76,29.34,88.54,0.3,0.3,20001,1,31.53,60.0,0.21,0,28527
49350,88.3,88.31,59.7,60.3,1,0,26.76,29.34,88.54,0.3,0.3,20001,1,31.53,60.0,0.22,0,29027
49859,88.32,88.32,59.7,60.3,1,0,26.72,29.33,88.54,0.3,0.3,20001,1,31.52,60.0,0.22,0,29527
50368,88.31,88.32,59.7,60.3,1,0,26.34,29.33,88.54,0.3,0.3,20001,1,31.55,60.0,0.21,0,30027
50876,88.31,88.31,59.7,60.3,1,0,26.34,29.35,88.54,0.3,0.3,20001,1,31.55,60.0,0.22,0,30527
51385,88.3,88.31,59.7,60.3,1,0,26.69,29.35,88.54,0.3,0.3,20001,1,31.55,60.0,0.23,0,31027
51894,88.28,88.3,59.7,60.3,1,0,26.16,29.35,88.54,0.3,0.3,20001,1,31.53,60.0,0.23,0,31527
52403,88.28,88.29,59.7,60.3,1,0,26.16,29.33,88.54,0.3,0.3,20001,1,31.53,60.0,0.24,0,32027
52912,88.26,88.29,59.7,60.3,1,0,25.87,29.33,88.54,0.3,0.3,20001,1,31.53,60.0,0.25,0,32527
53421,88.26,88.27,59.7,60.3,1,0,25.87,29.33,88.54,0.3,0.3,20001,1,31.53,60.0,0.26,0,33027
53930,88.19,88.27,59.7,60.3,1,0,25.72,29.33,88.54,0.3,0.3,20001,1,31.53,60.0,0.26,0,33527
54438,88.19,88.23,59.7,60.3,1,0,25.72,29.32,88.54,0.3,0.3,20001,1,31.53,60.0,0.3,0,34027
54947,88.21,88.21,59.7,60.3,1,0,25.63,29.32,88.54,0.3,0.3,20001,1,31.53,60.0,0.32,0,34527
55456,88.19,88.21,59.7,60.3,1,0,25.41,29.32,88.54,0.3,0.3,20001,1,31.53,60.0,0.32,0,35027
55965,88.19,88.2,59.7,60.3,1,0,25.41,29.32,88.54,0.3,0.3,20001,1,31.53,60.0,0.33,0,35527
56474,88.15,88.2,59.7,60.3,1,0,25.32,29.32,88.54,0.3,0.3,20001,1,31.53,60.0,0.33,0,36027
56983,88.15,88.17,59.7,60.3,1,0,25.32,29.31,88.54,0.3,0.3,20001,1,31.53,60.0,0.36,0,36527
57492,88.07,88.16,59.7,60.3,1,0,25.25,29.31,88.54,0.3,0.3,20001,1,31.53,60.0,0.37,0,37027
58000,88.07,88.12,59.7,60.3,1,1,25.25,29.29,88.54,0.3,0.3,20001,1,31.53,60.0,0.41,1,37527
58509,88.07,88.1,59.7,60.3,1,1,24.92,29.29,88.54,0.3,0.3,20001,1,31.57,60.0,0.44,1,38027
59018,88.01,88.09,59.7,60.3,1,1,24.81,29.33,88.54,0.3,0.3,20001,1,31.52,60.0,0.45,1,38527
59527,88.01,88.05,59.7,60.3,1,1,24.81,29.27,88.54,0.3,0.3,20001,1,31.52,60.0,0.49,1,39027
60036,88.01,88.02,59.7,60.3,1,1,24.81,29.27,88.54,0.3,0.3,20001,1,31.52,60.0,0.52,1,40032
60545,87.99,88.0,59.7,60.3,1,1,24.95,29.31,88.54,0.3,0.3,20001,1,31.57,60.0,0.53,1,40532
61054,87.99,87.99,59.7,60.3,1,1,24.95,29.31,88.54,0.3,0.3,20001,1,31.57,60.0,0.54,1,41032
61563,87.99,87.99,59.7,60.3,1,1,24.95,29.31,88.54,0.3,0.3,20001,1,31.57,60.0,0.54,1,41532
62072,87.99,87.99,59.7,60.3,1,1,24.95,29.31,88.54,0.3,0.3,20001,1,31.57,60.0,0.54,1,42032
62581,87.15,87.57,59.7,60.3,1,1,25.17,29.07,88.54,0.3,0.3,20001,1,31.49,60.0,0.96,1,42532
63102,86.89,87.36,59.7,60.3,1,1,25.17,29.07,88.54,0.3,0.3,20001,1,31.48,60.0,1.17,1,43032
63611,86.89,87.12,59.7,60.3,1,1,25.17,29.0,88.54,0.3,0.3,20001,1,31.48,60.0,1.41,1,43532
64120,86.89,87.01,59.7,60.3,1,1,25.17,29.0,88.54,0.3,0.3,20001,1,31.48,60.0,1.53,1,44032
64629,86.44,86.72,59.7,60.3,1,1,25.34,28.91,88.54,0.3,0.3,20001,1,31.48,60.0,1.81,1,44532
65138,86.14,86.58,59.7,60.3,1,1,25.21,28.91,88.54,0.3,0.3,20001,1,31.45,60.0,1.95,1,45032
65647,86.14,86.36,59.7,60.3,1,1,25.21,28.83,88.54,0.3,0.3,20001,1,31.45,60.0,2.17,1,45532
66156,85.77,86.06,59.7,60.3,1,1,25.32,28.72,88.54,0.3,0.3,20001,1,31.42,60.0,2.47,1,46032
66665,85.77,85.91,59.7,60.3,1,1,25.32,28.72,88.54,0.3,0.3,20001,1,31.42,60.0,2.62,1,46532
67174,85.04,85.48,59.7,60.3,1,1,25.34,28.55,88.54,0.3,0.3,20001,1,31.4,60.0,3.05,1,47032
67683,85.04,85.26,59.7,60.3,1,1,25.34,28.55,88.54,0.3,0.3,20001,1,31.4,60.0,3.27,1,47536
68192,84.5,84.88,59.7,60.3,1,1,25.21,28.46,88.54,0.3,0.3,20001,1,31.41,60.0,3.65,1,48036
68701,84.28,84.69,59.7,60.3,1,1,24.95,28.46,88.54,0.3,0.3,20001,1,31.4,60.0,3.84,1,48536
69210,84.28,84.49,59.7,60.3,1,1,24.95,28.4,88.54,0.3,0.3,20001,1,31.4,60.0,4.04,1,49036
69719,83.9,84.19,59.7,60.3,1,1,24.86,28.3,88.54,0.3,0.3,20001,1,31.38,60.0,4.34,1,49536
70227,83.5,84.05,59.7,60.3,1,1,24.68,28.3,88.54,0.3,0.3,20001,1,31.35,60.0,4.49,1,50036
70735,83.5,83.77,59.7,60.3,1,1,24.68,28.19,88.54,0.3,0.3,20001,1,31.35,60.0,4.76,1,50536
71244,83.02,83.39,59.7,60.3,1,1,24.64,28.05,88.54,0.3,0.3,20001,1,31.31,60.0,5.14,1,51036
71753,83.02,83.21,59.7,60.3,1,1,24.64,28.05,88.54,0.3,0.3,20001,1,31.31,60.0,5.33,1,51536
72262,82.4,82.8,59.7,60.3,1,1,24.68,27.93,88.54,0.3,0.3,20001,1,31.31,60.0,5.73,1,52036
72771,82.4,82.6,59.7,60.3,1,1,24.68,27.93,88.54,0.3,0.3,20001,1,31.31,60.0,5.93,1,52536
73280,81.6,82.5,59.7,60.3,1,1,24.55,27.93,88.54,0.3,0.3,20001,1,31.27,60.0,6.03,1,53036
73789,81.6,82.05,59.7,60.3,1,1,24.55,27.72,88.54,0.3,0.3,20001,1,31.27,60.0,6.48,1,53536
74298,81.16,81.82,59.7,60.3,1,1,24.49,27.72,88.54,0.3,0.3,20001,1,31.27,60.0,6.71,1,54036
74807,80.9,81.49,59.7,60.3,1,1,24.44,27.62,88.54,0.3,0.3,20001,1,31.25,60.0,7.04,1,54536
75316,80.9,81.19,59.7,60.3,1,1,24.44,27.56,88.54,0.3,0.3,20001,1,31.25,60.0,7.34,1,55036
75825,80.62,80.91,59.7,60.3,1,1,24.11,27.51,88.54,0.3,0.3,20001,1,31.27,60.0,7.62,1,55536
76334,80.4,80.76,59.7,60.3,1,1,24.03,27.51,88.54,0.3,0.3,20001,1,31.25,60.0,7.77,1,56036
76844,80.4,80.58,59.7,60.3,1,1,24.03,27.45,88.54,0.3,0.3,20001,1,31.25,60.0,7.95,1,56536
77353,79.87,80.49,59.7,60.3,1,1,24.07,27.45,88.54,0.3,0.3,20001,1,31.21,60.0,8.04,1,57036
77862,79.52,80.18,59.7,60.3,1,1,24.0,27.29,88.54,0.3,0.3,20001,1,31.21,60.0,8.35,1,57536
78371,79.52,79.85,59.7,60.3,1,1,24.0,27.22,88.54,0.3,0.3,20001,1,31.21,60.0,8.68,1,58036
78880,79.15,79.68,59.7,60.3,1,1,23.94,27.22,88.54,0.3,0.3,20001,1,31.21,60.0,8.85,1,58536
79389,79.15,79.42,59.7,60.3,1,1,23.94,27.14,88.54,0.3,0.3,20001,1,31.21,60.0,9.12,1,59036
79898,79.15,79.28,59.7,60.3,1,1,23.94,27.14,88.54,0.3,0.3,20001,1,31.21,60.0,9.25,1,59536
80407,79.15,79.21,59.7,60.3,1,1,23.94,27.14,88.54,0.3,0.3,20001,1,31.21,60.0,9.32,1,60036
80916,79.15,79.18,59.7,60.3,1,1,23.94,27.14,88.54,0.3,0.3,20001,1,31.21,60.0,9.35,1,60536
81425,77.92,79.16,59.7,60.3,1,1,23.68,27.14,88.54,0.3,0.3,20001,1,31.18,60.0,9.37,1,61036
81934,77.92,78.54,59.7,60.3,1,1,23.68,26.85,88.54,0.3,0.3,20001,1,31.18,60.0,9.99,1,61536
82443,77.36,78.23,59.7,60.3,1,1,23.63,26.85,88.54,0.3,0.3,20001,1,31.18,60.0,10.3,1,62040
82952,77.36,77.79,59.7,60.3,1,1,23.63,26.73,88.54,0.3,0.3,20001,1,31.18,60.0,10.74,1,62540
83461,76.85,77.58,59.7,60.3,1,1,23.55,26.73,88.54,0.3,0.3,20001,1,31.17,60.0,10.95,1,63040
83970,76.85,77.22,59.7,60.3,1,1,23.55,26.6,88.54,0.3,0.3,20001,1,31.17,60.0,11.32,1,63540
84479,76.85,77.04,59.7,60.3,1,1,23.55,26.6,88.54,0.3,0.3,20001,1,31.17,60.0,11.5,1,64040
84988,76.36,76.7,59.7,60.3,1,1,23.31,26.45,88.54,0.3,0.3,20001,1,31.13,60.0,11.83,1,64540
85497,76.01,76.53,59.7,60.3,1,1,23.46,26.45,88.54,0.3,0.3,20001,1,31.14,60.0,12.0,1,65040
86006,76.01,76.27,59.7,60.3,1,1,23.46,26.38,88.54,0.3,0.3,20001,1,31.14,60.0,12.26,1,65540
86515,75.59,76.14,59.7,60.3,1,1,23.44,26.38,88.54,0.3,0.3,20001,1,31.1,60.0,12.39,1,66040
87024,75.59,75.86,59.7,60.3,1,1,23.44,26.25,88.54,0.3,0.3,20001,1,31.1,60.0,12.67,1,66540
87533,75.59,75.72,59.7,60.3,1,1,23.44,26.25,88.54,0.3,0.3,20001,1,31.1,60.0,12.81,1,67040
88042,74.83,75.66,59.7,60.3,1,1,23.33,26.25,88.54,0.3,0.3,20001,1,31.13,60.0,12.88,1,67540
88551,74.83,75.04,59.7,60.3,1,1,23.33,26.11,88.54,0.3,0.3,20001,1,31.13,60.0,13.5,1,68547
89060,74.49,74.76,59.7,60.3,1,1,23.18,26.02,88.54,0.3,0.3,20001,1,31.12,60.0,13.77,1,69047
89569,74.49,74.63,59.7,60.3,1,1,23.18,26.02,88.54,0.3,0.3,20001,1,31.12,60.0,13.91,1,69547
90078,74.49,74.56,59.7,60.3,1,1,23.18,26.02,88.54,0.3,0.3,20001,1,31.12,60.0,13.97,1,70047
90587,73.88,74.22,59.7,60.3,1,1,23.22,25.89,88.54,0.3,0.3,20001,1,31.13,60.0,14.31,1,70547
91096,73.88,74.05,59.7,60.3,1,1,23.22,25.89,88.54,0.3,0.3,20001,1,31.13,60.0,14.48,1,71047
91605,73.37,73.71,59.7,60.3,1,1,23.05,25.72,88.54,0.3,0.3,20001,1,31.07,60.0,14.82,1,71547
92114,73.37,73.54,59.7,60.3,1,1,23.05,25.72,88.54,0.3,0.3,20001,1,31.07,60.0,14.99,1,72047
92623,73.37,73.45,59.7,60.3,1,1,23.05,25.72,88.54,0.3,0.3,20001,1,31.07,60.0,15.08,1,72547
93132,72.8,73.13,59.7,60.3,1,1,23.0,25.6,88.54,0.3,0.3,20001,1,31.09,60.0,15.4,1,73047
93641,72.55,72.84,59.7,60.3,1,1,22.96,25.54,88.54,0.3,0.3,20001,1,31.09,60.0,15.69,1,73550
94150,72.55,72.69,59.7,60.3,1,1,22.96,25.54,88.54,0.3,0.3,20001,1,31.09,60.0,15.84,1,74050
94659,72.27,72.48,59.7,60.3,1,1,22.72,25.46,88.54,0.3,0.3,20001,1,31.07,60.0,16.05,1,74550
95168,72.27,72.37,59.7,60.3,1,1,22.72,25.46,88.54,0.3,0.3,20001,1,31.07,60.0,16.16,1,75050
95677,72.03,72.2,59.7,60.3,1,1,22.81,25.41,88.54,0.3,0.3,20001,1,31.07,60.0,16.33,1,75550
96186,71.72,71.96,59.7,60.3,1,1,22.44,25.35,88.54,0.3,0.3,20001,1,31.09,60.0,16.57,1,76050
96695,71.72,71.84,59.7,60.3,1,1,22.44,25.35,88.54,0.3,0.3,20001,1,31.09,60.0,16.69,1,76550
97204,71.34,71.59,59.7,60.3,1,1,22.85,25.25,88.54,0.3,0.3,20001,1,31.07,60.0,16.94,1,77050
97713,71.16,71.38,59.7,60.3,1,1,22.87,25.19,88.54,0.3,0.3,20001,1,31.06,60.0,17.15,1,77550
98222,70.89,71.14,59.7,60.3,1,1,22.2,25.11,88.54,0.3,0.3,20001,1,31.04,60.0,17.4,1,78050
98731,70.89,71.01,59.7,60.3,1,1,22.2,25.11,88.54,0.3,0.3,20001,1,31.04,60.0,17.52,1,78550
99240,70.53,70.95,59.7,60.3,1,1,22.46,25.11,88.54,0.3,0.3,20001,1,31.06,60.0,17.58,1,79050
99749,70.53,70.74,59.7,60.3,1,1,22.46,25.04,88.54,0.3,0.3,20001,1,31.06,60.0,17.79,1,79550
100258,70.3,70.52,59.7,60.3,1,1,22.44,24.97,88.54,0.3,0.3,20001,1,31.04,60.0,18.01,1,80050
100767,70.07,70.3,59.7,60.3,1,1,22.42,24.91,88.54,0.3,0.3,20001,1,31.04,60.0,18.24,1,80550
101276,70.07,70.18,59.7,60.3,1,1,22.42,24.91,88.54,0.3,0.3,20001,1,31.04,60.0,18.35,1,81050
101785,69.79,69.99,59.7,60.3,1,1,22.33,24.87,88.54,0.3,0.3,20001,1,31.06,60.0,18.54,1,81550
102294,69.51,69.89,59.7,60.3,1,1,22.57,24.87,88.54,0.3,0.3,20001,1,31.03,60.0,18.64,1,82050
102803,69.51,69.7,59.7,60.3,1,1,22.57,24.77,88.54,0.3,0.3,20001,1,31.03,60.0,18.83,1,82550
103312,69.27,69.49,59.7,60.3,1,1,22.35,24.74,88.54,0.3,0.3,20001,1,31.06,60.0,19.05,1,83050
103821,68.97,69.38,59.7,60.3,1,1,22.33,24.74,88.54,0.3,0.3,20001,1,31.06,60.0,19.15,1,83550
104330,68.97,69.18,59.7,60.3,1,1,22.33,24.67,88.54,0.3,0.3,20001,1,31.06,60.0,19.35,1,84050
104839,68.72,68.95,59.7,60.3,1,1,22.31,24.61,88.54,0.3,0.3,20001,1,31.06,60.0,19.58,1,84550
105348,68.72,68.83,59.7,60.3,1,1,22.31,24.61,88.54,0.3,0.3,20001,1,31.06,60.0,19.7,1,85050
105857,68.72,68.77,59.7,60.3,1,1,22.31,24.61,88.54,0.3,0.3,20001,1,31.06,60.0,19.76,1,85550
106366,68.36,68.57,59.7,60.3,1,1,22.13,24.49,88.54,0.3,0.3,20001,1,31.03,60.0,19.96,1,86052
106875,68.36,68.46,59.7,60.3,1,1,22.13,24.49,88.54,0.3,0.3,20001,1,31.03,60.0,20.07,1,86552
107384,68.06,68.26,59.7,60.3,1,1,22.03,24.4,88.54,0.3,0.3,20001,1,31.01,60.0,20.27,1,87052
107893,67.94,68.1,59.7,60.3,1,1,22.11,24.39,88.54,0.3,0.3,20001,1,31.03,60.0,20.43,1,87552
108402,67.94,68.02,59.7,60.3,1,1,22.11,24.39,88.54,0.3,0.3,20001,1,31.03,60.0,20.51,1,88052
108911,67.6,67.81,59.7,60.3,1,1,22.07,24.29,88.54,0.3,0.3,20001,1,31.01,60.0,20.72,1,88552
109420,67.43,67.7,59.7,60.3,1,1,22.03,24.29,88.54,0.3,0.3,20001,1,31.0,60.0,20.83,1,89052
109929,67.43,67.57,59.7,60.3,1,1,22.03,24.23,88.54,0.3,0.3,20001,1,31.0,60.0,20.97,1,89552
110438,67.43,67.5,59.7,60.3,1,1,22.03,24.23,88.54,0.3,0.3,20001,1,31.0,60.0,21.03,1,90052
110947,67.43,67.46,59.7,60.3,1,1,22.03,24.23,88.54,0.3,0.3,20001,1,31.0,60.0,21.07,1,90552
111456,66.75,67.11,59.7,60.3,1,1,21.4,24.07,88.54,0.3,0.3,20001,1,31.0,60.0,21.42,1,91052
111965,66.48,66.93,59.7,60.3,1,1,21.7,24.07,88.54,0.3,0.3,20001,1,31.01,60.0,21.6,1,91552
112474,66.48,66.71,59.7,60.3,1,1,21.7,24.01,88.54,0.3,0.3,20001,1,31.01,60.0,21.82,1,92052
112983,66.48,66.6,59.7,60.3,1,1,21.7,24.01,88.54,0.3,0.3,20001,1,31.01,60.0,21.94,1,92552
113492,66.48,66.54,59.7,60.3,1,1,21.7,24.01,88.54,0.3,0.3,20001,1,31.01,60.0,21.99,1,93052
114001,66.02,66.28,59.7,60.3,1,1,21.7,23.89,88.54,0.3,0.3,20001,1,31.01,60.0,22.25,1,93552
114510,65.82,66.15,59.7,60.3,1,1,21.57,23.89,88.54,0.3,0.3,20001,1,30.97,60.0,22.38,1,94052
115019,65.66,65.98,59.7,60.3,1,1,21.57,23.8,88.54,0.3,0.3,20001,1,31.0,60.0,22.55,1,94552
115528,65.66,65.82,59.7,60.3,1,1,21.57,23.79,88.54,0.3,0.3,20001,1,31.0,60.0,22.71,1,95052
116037,65.66,65.74,59.7,60.3,1,1,21.57,23.79,88.54,0.3,0.3,20001,1,31.0,60.0,22.79,1,95552
116546,65.03,65.7,59.7,60.3,1,1,21.44,23.79,88.54,0.3,0.3,20001,1,30.97,60.0,22.83,1,96052
117055,65.03,65.37,59.7,60.3,1,1,21.44,23.6,88.54,0.3,0.3,20001,1,30.97,60.0,23.17,1,96552
117564,64.84,65.02,59.7,60.3,1,1,21.46,23.58,88.54,0.3,0.3,20001,1,31.0,60.0,23.51,1,97560
118077,64.64,64.83,59.7,60.3,1,1,21.42,23.52,88.54,0.3,0.3,20001,1,30.98,60.0,23.7,1,98073
118587,64.64,64.73,59.7,60.3,1,1,21.42,23.52,88.54,0.3,0.3,20001,1,30.98,60.0,23.8,1,98573
119096,64.4,64.57,59.7,60.3,1,0,21.7,23.44,88.54,0.3,0.3,20001,1,30.97,60.0,23.96,1,99073
119605,64.4,64.49,59.7,60.3,1,0,21.7,23.44,88.54,0.3,0.3,20001,1,30.97,60.0,24.04,1,99573
120114,64.2,64.35,59.7,60.3,1,0,21.4,23.38,88.54,0.3,0.3,20001,1,30.96,60.0,24.19,1,100073
120623,64.03,64.19,59.7,60.3,1,0,21.29,23.35,88.54,0.3,0.3,20001,1,30.97,60.0,24.34,1,100573
121132,64.03,64.11,59.7,60.3,1,0,21.29,23.35,88.54,0.3,0.3,20001,1,30.97,60.0,24.42,1,101073
121641,63.77,63.94,59.7,60.3,1,0,21.18,23.27,88.54,0.3,0.3,20001,1,30.96,60.0,24.59,1,101573
122150,63.68,63.81,59.7,60.3,1,0,20.79,23.27,88.54,0.3,0.3,20001,1,30.98,60.0,24.72,1,102073
122659,63.68,63.75,59.7,60.3,1,0,20.79,23.27,88.54,0.3,0.3,20001,1,30.98,60.0,24.79,1,102573
123168,63.68,63.71,59.7,60.3,1,0,20.79,23.27,88.54,0.3,0.3,20001,1,30.98,60.0,24.82,1,103073
123677,63.68,63.7,59.7,60.3,1,0,20.79,23.27,88.54,0.3,0.3,20001,1,30.98,60.0,24.83,1,103573
124186,63.6,63.65,59.7,60.3,1,0,20.45,23.25,88.54,0.3,0.3,20001,1,30.98,60.0,24.88,1,104073
124695,63.59,63.62,59.7,60.3,1,0,20.36,23.23,88.54,0.3,0.3,20001,1,30.97,60.0,24.91,1,104573
125204,63.59,63.6,59.7,60.3,1,0,20.36,23.23,88.54,0.3,0.3,20001,1,30.97,60.0,24.93,1,105073
125713,63.57,63.59,59.7,60.3,1,0,20.06,23.21,88.54,0.3,0.3,20001,1,30.96,60.0,24.95,1,105573
126222,63.57,63.58,59.7,60.3,1,0,20.06,23.21,88.54,0.3,0.3,20001,1,30.96,60.0,24.95,1,106073
126731,63.55,63.57,59.7,60.3,1,0,19.93,23.23,88.54,0.3,0.3,20001,1,30.98,60.0,24.97,1,106573
127240,63.55,63.56,59.7,60.3,1,0,19.93,23.23,88.54,0.3,0.3,20001,1,30.98,60.0,24.97,1,107073
127749,63.49,63.52,59.7,60.3,1,0,19.95,23.19,88.54,0.3,0.3,20001,1,30.96,60.0,25.01,1,107573
128258,63.51,63.52,59.7,60.3,1,0,19.87,23.22,88.54,0.3,0.3,20001,1,30.98,60.0,25.02,1,108073
128767,63.51,63.51,59.7,60.3,1,0,19.87,23.22,88.54,0.3,0.3,20001,1,30.98,60.0,25.02,1,108573
129276,63.49,63.5,59.7,60.3,1,0,19.35,23.21,88.54,0.3,0.3,20001,1,30.97,60.0,25.03,1,109073
129785,63.49,63.5,59.7,60.3,1,0,19.35,23.21,88.54,0.3,0.3,20001,1,30.97,60.0,25.04,1,109573
130294,63.54,63.52,59.7,60.3,1,0,19.41,23.23,88.54,0.3,0.3,20001,1,30.98,60.0,25.01,1,110073
130803,63.56,63.53,59.7,60.3,1,0,19.44,23.23,88.54,0.3,0.3,20001,1,30.97,60.0,25.0,1,110573
131312,63.56,63.55,59.7,60.3,1,0,19.44,23.22,88.54,0.3,0.3,20001,1,30.97,60.0,24.99,1,111073
131821,63.56,63.55,59.7,60.3,1,0,19.44,23.22,88.54,0.3,0.3,20001,1,30.97,60.0,24.98,1,111573
132330,63.63,63.56,59.7,60.3,1,0,19.31,23.22,88.54,0.3,0.3,20001,1,31.0,60.0,24.97,1,112073
132839,63.63,63.59,59.7,60.3,1,0,19.31,23.27,88.54,0.3,0.3,20001,1,31.0,60.0,24.94,1,112573
133348,63.7,63.64,59.7,60.3,1,1,19.18,23.27,88.54,0.3,0.3,20001,1,30.98,60.0,24.89,1,113073
133857,63.81,63.67,59.7,60.3,1,1,19.09,23.27,88.54,0.3,0.3,20001,1,31.03,60.0,24.86,1,113573
134366,63.81,63.74,59.7,60.3,1,1,19.09,23.34,88.54,0.3,0.3,20001,1,31.03,60.0,24.79,1,114073
134875,63.9,63.77,59.7,60.3,1,1,19.18,23.34,88.54,0.3,0.3,20001,1,31.0,60.0,24.76,1,114573
135384,63.9,63.84,59.7,60.3,1,1,19.18,23.34,88.54,0.3,0.3,20001,1,31.0,60.0,24.7,1,115073
135893,64.06,63.95,59.7,60.3,1,1,19.2,23.39,88.54,0.3,0.3,20001,1,31.01,60.0,24.58,1,115573
136402,64.18,64.06,59.7,60.3,1,1,19.28,23.43,88.54,0.3,0.3,20001,1,31.01,60.0,24.47,1,116074
136911,64.18,64.12,59.7,60.3,1,1,19.28,23.43,88.54,0.3,0.3,20001,1,31.01,60.0,24.41,1,116574
137420,64.07,64.1,59.7,60.3,1,1,19.59,23.37,88.54,0.3,0.3,20001,1,30.98,60.0,24.44,1,117074
137929,63.82,64.08,59.7,60.3,1,1,19.74,23.37,88.54,0.3,0.3,20001,1,31.01,60.0,24.45,1,117574
138438,63.5,63.95,59.7,60.3,1,1,19.95,23.33,88.54,0.3,0.3,20001,1,31.0,60.0,24.58,1,118074
138947,63.5,63.72,59.7,60.3,1,1,19.95,23.24,88.54,0.3,0.3,20001,1,31.0,60.0,24.81,1,118574
139456,63.5,63.61,59.7,60.3,1,1,19.95,23.24,88.54,0.3,0.3,20001,1,31.0,60.0,24.92,1,119074
139965,62.51,63.55,59.7,60.3,1,1,20.1,23.24,88.54,0.3,0.3,20001,1,30.97,60.0,24.98,1,119574
140474,62.51,63.03,59.7,60.3,1,1,20.1,22.95,88.54,0.3,0.3,20001,1,30.97,60.0,25.5,1,120074
140983,62.01,62.77,59.7,60.3,1,1,20.02,22.95,88.54,0.3,0.3,20001,1,30.96,60.0,25.76,1,120574
141492,61.74,62.39,59.7,60.3,1,1,20.1,22.8,88.54,0.3,0.3,20001,1,30.96,60.0,26.14,1,121074
142001,61.74,62.06,59.7,60.3,1,1,20.1,22.73,88.54,0.3,0.3,20001,1,30.96,60.0,26.47,1,121574
142510,61.28,61.9,59.7,60.3,1,1,20.12,22.73,88.54,0.3,0.3,20001,1,30.98,60.0,26.63,1,122074
143019,60.91,61.59,59.7,60.3,1,1,19.48,22.63,88.54,0.3,0.3,20001,1,30.94,60.0,26.94,1,122574
143528,60.91,61.25,59.7,60.3,1,1,19.48,22.5,88.54,0.3,0.3,20001,1,30.94,60.0,27.28,1,123074
144037,60.45,61.08,59.7,60.3,1,1,19.97,22.5,88.54,0.3,0.3,20001,1,30.94,60.0,27.45,1,123574
144546,60.45,60.77,59.7,60.3,1,1,19.97,22.37,88.54,0.3,0.3,20001,1,30.94,60.0,27.77,1,124074
145055,59.98,60.61,59.7,60.3,1,1,20.19,22.37,88.54,0.3,0.3,20001,1,30.93,60.0,27.92,1,124574
145564,59.98,60.3,59.7,60.3,1,1,20.19,22.23,88.54,0.3,0.3,20001,1,30.93,60.0,28.24,1,125074
146073,59.62,60.14,59.7,60.3,0,0,20.12,22.23,88.54,0.3,0.3,125574,0,30.93,60.0,28.39,1,0
146582,59.38,59.63,59.55,60.3,0,0,20.08,22.08,59.63,0.45,0.3,125574,0,30.94,60.0,0.0,1,1004
147091,59.38,59.5,59.55,60.3,0,0,20.08,22.08,59.5,0.45,0.3,125574,0,30.94,60.0,0.0,1,1504
147600,59.38,59.44,59.55,60.3,0,0,20.08,22.08,59.44,0.45,0.3,125574,0,30.94,60.0,0.0,1,2004
148109,58.7,59.07,59.55,60.3,0,0,19.59,21.82,59.07,0.45,0.3,125574,0,30.87,60.0,0.0,1,2504
148618,58.7,58.89,59.55,60.3,0,0,19.59,21.82,58.89,0.45,0.3,125574,0,30.87,60.0,0.0,1,3004
149127,58.7,58.79,59.55,60.3,0,0,19.59,21.82,58.79,0.45,0.3,125574,0,30.87,60.0,0.0,1,3504
149636,58.34,58.57,59.55,60.3,0,0,19.31,21.75,58.57,0.45,0.3,125574,0,30.9,60.0,0.0,1,4007
150145,58.34,58.46,59.55,60.3,0,0,19.31,21.75,58.46,0.45,0.3,125574,0,30.9,60.0,0.0,1,4507
150654,58.22,58.34,59.55,60.3,0,0,18.83,21.71,58.34,0.45,0.3,125574,0,30.9,60.0,0.0,1,5007
151167,58.24,58.28,59.55,60.3,0,0,19.22,21.71,58.28,0.45,0.3,125574,0,30.89,60.0,0.0,1,5507
151676,58.24,58.26,59.55,60.3,0,0,19.22,21.71,58.26,0.45,0.3,125574,0,30.89,60.0,0.0,1,6007
152185,58.24,58.25,59.55,60.3,0,0,19.22,21.71,58.25,0.45,0.3,125574,0,30.89,60.0,0.0,1,6507
152694,58.13,58.19,59.55,60.3,0,0,19.18,21.69,58.19,0.45,0.3,125574,0,30.9,60.0,0.0,1,7007
153203,58.13,58.16,59.55,60.3,0,0,19.18,21.69,58.16,0.45,0.3,125574,0,30.9,60.0,0.0,1,7507
153712,58.19,58.17,59.55,60.3,0,0,19.24,21.73,58.16,0.45,0.3,125574,0,30.93,60.0,0.01,1,8007
154221,58.19,58.18,59.55,60.3,0,0,19.24,21.73,58.16,0.45,0.3,125574,0,30.93,60.0,0.01,1,8507
154730,58.19,58.18,59.55,60.3,0,0,19.24,21.73,58.16,0.45,0.3,125574,0,30.93,60.0,0.02,1,9007
155239,58.26,58.22,59.55,60.3,0,0,19.44,21.72,58.16,0.45,0.3,125574,0,30.9,60.0,0.05,1,9507
155748,58.26,58.24,59.55,60.3,0,0,19.44,21.72,58.16,0.45,0.3,125574,0,30.9,60.0,0.07,1,10007
156273,58.36,58.25,59.55,60.3,0,0,19.41,21.72,58.16,0.45,0.3,125574,0,30.92,60.0,0.08,1,10507
156782,58.36,58.3,59.55,60.3,0,0,19.41,21.77,58.16,0.45,0.3,125574,0,30.92,60.0,0.14,1,11007
157291,58.46,58.38,59.55,60.3,0,0,19.41,21.79,58.16,0.45,0.3,125574,1,30.92,60.0,0.22,1,11507
157800,58.52,58.42,59.55,60.3,0,0,19.48,21.79,58.16,0.45,0.3,125574,1,30.92,60.0,0.25,1,12007
158309,58.52,58.47,59.55,60.3,0,0,19.48,21.81,58.16,0.45,0.3,125574,1,30.92,60.0,0.3,1,12507
158818,58.52,58.49,59.55,60.3,0,0,19.48,21.81,58.16,0.45,0.3,125574,1,30.92,60.0,0.33,1,13007
159331,58.73,58.51,59.55,60.3,0,0,19.48,21.81,58.16,0.45,0.3,125574,1,30.94,60.0,0.34,1,13507
159840,58.73,58.62,59.55,60.3,0,0,19.48,21.9,58.16,0.45,0.3,125574,1,30.94,60.0,0.45,1,14007
160349,58.73,58.67,59.55,60.3,0,0,19.48,21.9,58.16,0.45,0.3,125574,1,30.94,60.0,0.51,1,14507
160858,58.8,58.73,59.55,60.3,0,0,19.72,21.9,58.16,0.45,0.3,125574,1,30.93,60.0,0.57,1,15007
161367,58.8,58.77,59.55,60.3,0,0,19.72,21.9,58.16,0.45,0.3,125574,1,30.93,60.0,0.6,1,15507
161876,58.93,58.78,59.55,60.3,0,0,19.59,21.9,58.16,0.45,0.3,125574,1,30.93,60.0,0.62,1,16008
162385,59.04,58.86,59.55,60.3,0,0,19.93,21.94,58.16,0.45,0.3,125574,1,30.94,60.0,0.69,1,16508
162894,59.07,58.95,59.55,60.3,0,0,19.95,21.98,58.16,0.45,0.3,125574,1,30.96,60.0,0.78,1,17008
163403,59.07,59.01,59.55,60.3,0,0,19.95,22.0,58.16,0.45,0.3,125574,1,30.96,60.0,0.84,1,17508
163912,59.18,59.09,59.55,60.3,0,0,19.84,22.05,58.16,0.45,0.3,125574,1,30.97,60.0,0.93,1,18008
164421,59.27,59.18,59.55,60.3,0,0,20.06,22.06,58.16,0.45,0.3,125574,1,30.96,60.0,1.01,1,18521
164930,59.27,59.22,59.55,60.3,0,0,20.06,22.06,58.16,0.45,0.3,125574,1,30.96,60.0,1.06,1,19021
165439,59.4,59.31,59.55,60.3,0,0,20.19,22.07,58.16,0.45,0.3,125574,1,30.93,60.0,1.14,1,19521
165948,59.49,59.4,59.55,60.3,0,0,20.4,22.13,58.16,0.45,0.3,125574,1,30.97,60.0,1.24,1,20021
166460,59.49,59.45,59.55,60.3,0,0,20.4,22.13,58.16,0.45,0.3,125574,1,30.97,60.0,1.28,1,20521
166969,59.49,59.47,59.55,60.3,0,0,20.4,22.13,58.16,0.45,0.3,125574,1,30.97,60.0,1.3,1,21021
167478,59.49,59.48,59.55,60.3,0,0,20.4,22.13,58.16,0.45,0.3,125574,1,30.97,60.0,1.32,1,21521
167987,59.49,59.49,59.55,60.3,0,0,20.4,22.13,58.16,0.45,0.3,125574,1,30.97,60.0,1.32,1,22021
168496,59.73,59.61,59.55,60.3,1,0,20.3,22.2,58.16,0.45,0.3,22521,0,30.97,60.0,1.44,0,0
169004,59.82,59.67,59.55,60.45,1,0,20.6,22.2,59.67,0.45,0.45,22521,0,30.97,60.0,0.0,0,500
169512,59.87,59.74,59.55,60.45,1,0,20.62,22.22,59.74,0.45,0.45,22521,0,30.97,60.0,0.0,0,1000
170020,59.93,59.8,59.55,60.45,1,0,20.71,22.24,59.8,0.45,0.45,22521,0,30.97,60.0,0.0,0,1500
170528,59.93,59.87,59.55,60.45,1,0,20.71,22.25,59.87,0.45,0.45,22521,0,30.97,60.0,0.0,0,2000
171037,59.98,59.9,59.55,60.45,1,0,20.62,22.25,59.9,0.45,0.45,22521,0,30.96,60.0,0.0,0,2500
171546,59.98,59.94,59.55,60.45,1,0,20.62,22.25,59.94,0.45,0.45,22521,0,30.96,60.0,0.0,0,3000
172055,60.11,60.02,59.55,60.45,1,0,20.86,22.31,60.02,0.45,0.45,22521,0,30.98,60.0,0.0,0,3511
172564,60.14,60.07,59.55,60.45,1,0,20.32,22.31,60.07,0.45,0.45,22521,0,30.97,60.0,0.0,0,4011
173073,60.14,60.1,59.55,60.45,1,0,20.32,22.31,60.1,0.45,0.45,22521,0,30.97,60.0,0.0,0,4511
173581,60.14,60.12,59.55,60.45,1,0,20.32,22.31,60.12,0.45,0.45,22521,0,30.97,60.0,0.0,0,5011
174090,60.26,60.13,59.55,60.45,1,0,20.86,22.31,60.13,0.45,0.45,22521,0,30.98,60.0,0.0,0,5511
174599,60.27,60.2,59.55,60.45,1,0,20.21,22.36,60.2,0.45,0.45,22521,0,30.98,60.0,0.0,0,6011
175108,60.27,60.23,59.55,60.45,1,0,20.21,22.36,60.23,0.45,0.45,22521,0,30.98,60.0,0.0,0,6511
175617,60.32,60.29,59.55,60.45,1,0,20.86,22.39,60.29,0.45,0.45,22521,0,31.0,60.0,0.0,0,7518
176126,60.39,60.34,59.55,60.45,1,0,20.69,22.38,60.34,0.45,0.45,22521,0,30.97,60.0,0.0,0,8018
176649,60.47,60.37,59.55,60.45,1,0,20.49,22.38,60.37,0.45,0.45,22521,0,31.0,60.0,0.0,0,8518
177158,60.47,60.42,59.55,60.45,1,0,20.49,22.43,60.42,0.45,0.45,22521,0,31.0,60.0,0.0,0,9018
177667,60.47,60.45,59.55,60.45,1,0,20.49,22.43,60.45,0.45,0.45,22521,0,31.0,60.0,0.0,0,9518
178176,60.5,60.47,59.55,60.45,1,0,20.19,22.44,60.47,0.45,0.45,22521,0,31.0,60.0,0.0,0,10018
178685,60.5,60.49,59.55,60.45,1,0,20.19,22.44,60.49,0.45,0.45,22521,0,31.0,60.0,0.0,0,10518
179194,60.59,60.54,59.55,60.45,1,0,20.49,22.47,60.54,0.45,0.45,22521,0,31.01,60.0,0.0,0,11018
179703,60.59,60.56,59.55,60.45,1,0,20.49,22.47,60.56,0.45,0.45,22521,0,31.01,60.0,0.0,0,11518
180212,60.65,60.57,59.55,60.45,1,0,20.36,22.47,60.57,0.45,0.45,22521,0,31.01,60.0,0.0,0,12018
180721,60.65,60.61,59.55,60.45,1,0,20.36,22.49,60.61,0.45,0.45,22521,0,31.01,60.0,0.0,0,12518
181230,60.65,60.63,59.55,60.45,1,0,20.36,22.49,60.63,0.45,0.45,22521,0,31.01,60.0,0.0,0,13018
181739,60.73,60.68,59.55,60.45,1,0,20.3,22.52,60.68,0.45,0.45,22521,0,31.03,60.0,0.0,0,13518
182248,60.73,60.7,59.55,60.45,1,0,20.3,22.52,60.7,0.45,0.45,22521,0,31.03,60.0,0.0,0,14018
182757,60.73,60.72,59.55,60.45,1,0,20.3,22.52,60.72,0.45,0.45,22521,0,31.03,60.0,0.0,0,14518
183266,60.8,60.76,59.55,60.45,1,0,20.06,22.56,60.76,0.45,0.45,22521,0,31.04,60.0,0.0,0,15026
183775,60.8,60.78,59.55,60.45,1,0,20.06,22.56,60.78,0.45,0.45,22521,0,31.04,60.0,0.0,0,15526
184284,60.8,60.79,59.55,60.45,1,0,20.06,22.56,60.79,0.45,0.45,22521,0,31.04,60.0,0.0,0,16026
184792,60.87,60.83,59.55,60.45,1,0,19.91,22.54,60.83,0.45,0.45,22521,0,31.0,60.0,0.0,0,16526
185300,60.9,60.85,59.55,60.45,1,0,19.87,22.54,60.85,0.45,0.45,22521,0,31.0,60.0,0.0,0,17026
185808,60.9,60.87,59.55,60.45,1,0,19.87,22.54,60.87,0.45,0.45,22521,0,31.0,60.0,0.0,0,17526
186317,60.91,60.88,59.55,60.45,1,0,19.76,22.54,60.88,0.45,0.45,22521,0,31.01,60.0,0.0,0,18026
186826,60.91,60.9,59.55,60.45,1,0,19.76,22.56,60.9,0.45,0.45,22521,0,31.01,60.0,0.0,0,18526
187335,60.91,60.91,59.55,60.45,1,0,19.76,22.56,60.91,0.45,0.45,22521,0,31.01,60.0,0.0,0,19026
187844,60.91,60.91,59.55,60.45,1,0,19.76,22.56,60.91,0.45,0.45,22521,0,31.01,60.0,0.0,0,19526
188353,60.91,60.91,59.55,60.45,1,0,19.44,22.56,60.91,0.45,0.45,22521,0,31.01,60.0,0.0,0,20026
188862,60.91,60.91,59.55,60.45,1,0,19.44,22.56,60.91,0.45,0.45,22521,0,31.01,60.0,0.0,0,20526
189371,60.99,60.95,59.55,60.45,1,0,19.5,22.63,60.95,0.45,0.45,22521,0,31.06,60.0,0.0,0,21026
189880,60.99,60.97,59.55,60.45,1,0,19.5,22.63,60.97,0.45,0.45,22521,0,31.06,60.0,0.0,0,21526
190389,61.09,61.03,59.55,60.45,1,0,19.16,22.61,61.03,0.45,0.45,22521,0,31.01,60.0,0.0,0,22026
190898,61.09,61.06,59.55,60.45,1,0,19.16,22.61,61.06,0.45,0.45,22521,0,31.01,60.0,0.0,0,22526
191407,61.13,61.1,59.55,60.45,1,0,19.13,22.66,61.1,0.45,0.45,22521,0,31.06,60.0,0.0,0,23026
191916,61.14,61.11,59.55,60.45,1,0,19.18,22.66,61.11,0.45,0.45,22521,0,31.03,60.0,0.0,0,23526
192425,61.14,61.13,59.55,60.45,1,0,19.18,22.64,61.13,0.45,0.45,22521,0,31.03,60.0,0.0,0,24026
192934,61.14,61.13,59.55,60.45,1,0,19.18,22.64,61.13,0.45,0.45,22521,0,31.03,60.0,0.0,0,24526
193443,61.21,61.14,59.55,60.45,1,0,19.11,22.64,61.14,0.45,0.45,22521,0,31.04,60.0,0.0,0,25026
193952,61.21,61.17,59.55,60.45,1,0,19.11,22.67,61.17,0.45,0.45,22521,0,31.04,60.0,0.0,0,25526
194461,61.21,61.19,59.55,60.45,1,0,19.11,22.67,61.19,0.45,0.45,22521,0,31.04,60.0,0.0,0,26026
194970,61.3,61.2,59.55,60.45,1,0,18.98,22.67,61.2,0.45,0.45,22521,0,31.04,60.0,0.0,0,26526
195479,61.3,61.25,59.55,60.45,1,0,18.98,22.69,61.25,0.45,0.45,22521,0,31.04,60.0,0.0,0,27026
195988,61.3,61.28,59.55,60.45,1,0,18.98,22.69,61.28,0.45,0.45,22521,0,31.04,60.0,0.0,0,27526
196497,61.3,61.29,59.55,60.45,1,0,18.98,22.69,61.29,0.45,0.45,22521,0,31.04,60.0,0.0,0,28026
197006,61.3,61.3,59.55,60.45,1,0,18.98,22.69,61.3,0.45,0.45,22521,0,31.04,60.0,0.0,0,28526
197515,61.47,61.3,59.55,60.45,1,0,18.49,22.69,61.3,0.45,0.45,22521,0,31.01,60.0,0.0,0,29026
198024,61.47,61.38,59.55,60.45,1,1,18.49,22.71,61.38,0.45,0.45,22521,0,31.01,60.0,0.0,1,29526
198533,61.55,61.42,59.55,60.45,1,1,18.44,22.71,61.42,0.45,0.45,22521,0,31.06,60.0,0.0,1,30026
199041,61.53,61.49,59.55,60.45,1,1,18.14,22.78,61.49,0.45,0.45,22521,0,31.04,60.0,0.0,1,30526
199549,61.53,61.51,59.55,60.45,1,1,18.14,22.75,61.51,0.45,0.45,22521,0,31.04,60.0,0.0,1,31026
200058,61.53,61.52,59.55,60.45,1,1,18.14,22.75,61.52,0.45,0.45,22521,0,31.04,60.0,0.0,1,31526
200567,61.66,61.52,59.55,60.45,1,1,18.68,22.75,61.52,0.45,0.45,22521,0,31.04,60.0,0.0,1,32026
201076,61.59,61.59,59.55,60.45,1,1,18.79,22.79,61.59,0.45,0.45,22521,0,31.06,60.0,0.0,1,32526
201585,61.47,61.59,59.55,60.45,1,1,19.11,22.79,61.59,0.45,0.45,22521,0,31.01,60.0,0.0,1,33026
202094,61.47,61.53,59.55,60.45,1,1,19.11,22.71,61.59,0.45,0.45,22521,0,31.01,60.0,0.06,1,33526
202602,61.09,61.5,59.55,60.45,1,1,19.18,22.71,61.59,0.45,0.45,22521,0,31.01,60.0,0.09,1,34026
203110,60.51,61.29,59.55,60.45,1,1,19.63,22.61,61.59,0.45,0.45,22521,1,31.0,60.0,0.29,1,34526
203618,60.51,60.9,59.55,60.45,1,1,19.63,22.44,61.59,0.45,0.45,22521,1,31.0,60.0,0.69,1,35026
204127,59.87,60.29,59.55,60.45,0,0,19.39,22.3,61.59,0.45,0.45,36028,0,31.04,60.0,1.3,1,0
204636,59.87,60.08,59.4,60.45,0,0,19.39,22.3,60.08,0.6,0.45,36028,0,31.04,60.0,0.0,1,500
205144,59.11,59.59,59.4,60.45,0,0,19.18,22.04,59.59,0.6,0.45,36028,0,30.98,60.0,0.0,1,1000
205653,58.67,59.13,59.4,60.45,0,0,19.22,21.92,59.13,0.6,0.45,36028,0,30.98,60.0,0.0,1,1500
206162,58.67,58.9,59.4,60.45,0,0,19.22,21.92,58.9,0.6,0.45,36028,0,30.98,60.0,0.0,1,2000
206670,58.67,58.79,59.4,60.45,0,0,19.22,21.92,58.79,0.6,0.45,36028,0,30.98,60.0,0.0,1,2500
207179,58.07,58.43,59.4,60.45,0,0,18.98,21.75,58.43,0.6,0.45,36028,0,30.98,60.0,0.0,1,3000
207688,58.07,58.25,59.4,60.45,0,0,18.98,21.75,58.25,0.6,0.45,36028,0,30.98,60.0,0.0,1,3500
208197,58.07,58.16,59.4,60.45,0,0,18.98,21.75,58.16,0.6,0.45,36028,0,30.98,60.0,0.0,1,4000
208706,57.56,57.86,59.4,60.45,0,0,18.75,21.59,57.86,0.6,0.45,36028,0,30.97,60.0,0.0,1,4500
209215,57.43,57.64,59.4,60.45,0,0,18.64,21.55,57.64,0.6,0.45,36028,0,30.97,60.0,0.0,1,5001
209723,57.43,57.54,59.4,60.45,0,0,18.64,21.55,57.54,0.6,0.45,36028,0,30.97,60.0,0.0,1,5501
210232,57.43,57.48,59.4,60.45,0,0,18.64,21.55,57.48,0.6,0.45,36028,0,30.97,60.0,0.0,1,6001
210741,57.42,57.45,59.4,60.45,0,0,18.72,21.55,57.45,0.6,0.45,36028,0,30.97,60.0,0.0,1,6501
211250,57.42,57.43,59.4,60.45,0,0,18.62,21.55,57.43,0.6,0.45,36028,0,30.97,60.0,0.0,1,7001
211759,57.41,57.42,59.4,60.45,0,0,18.42,21.55,57.42,0.6,0.45,36028,0,31.0,60.0,0.0,1,7501
212268,57.41,57.42,59.4,60.45,0,0,18.42,21.58,57.42,0.6,0.45,36028,0,31.0,60.0,0.0,1,8001
212777,57.39,57.41,59.4,60.45,0,0,18.44,21.58,57.41,0.6,0.45,36028,0,30.96,60.0,0.0,1,8501
213286,57.39,57.4,59.4,60.45,0,0,18.44,21.53,57.4,0.6,0.45,36028,0,30.96,60.0,0.0,1,9001
213795,57.39,57.4,59.4,60.45,0,0,18.44,21.53,57.4,0.6,0.45,36028,0,30.96,60.0,0.0,1,9501
214304,57.33,57.36,59.4,60.45,0,0,18.7,21.51,57.36,0.6,0.45,36028,0,30.96,60.0,0.0,1,10001
214813,57.37,57.37,59.4,60.45,0,0,18.34,21.54,57.36,0.6,0.45,36028,0,30.97,60.0,0.0,1,10501
215322,57.37,57.37,59.4,60.45,0,0,18.34,21.54,57.36,0.6,0.45,36028,0,30.97,60.0,0.0,1,11001
215835,57.37,57.37,59.4,60.45,0,0,18.62,21.54,57.36,0.6,0.45,36028,0,30.98,60.0,0.0,1,11502
216344,57.37,57.37,59.4,60.45,0,0,18.62,21.55,57.36,0.6,0.45,36028,0,30.98,60.0,0.0,1,12002
216853,57.43,57.37,59.4,60.45,0,0,18.62,21.55,57.36,0.6,0.45,36028,0,30.97,60.0,0.0,1,12502
217362,57.43,57.4,59.4,60.45,0,0,18.62,21.55,57.36,0.6,0.45,36028,0,30.97,60.0,0.03,1,13002
217871,57.42,57.41,59.4,60.45,0,0,18.72,21.56,57.36,0.6,0.45,36028,0,30.98,60.0,0.04,1,13502
218380,57.42,57.41,59.4,60.45,0,0,18.72,21.56,57.36,0.6,0.45,36028,0,30.98,60.0,0.05,1,14002
218889,57.41,57.41,59.4,60.45,0,0,18.9,21.58,57.36,0.6,0.45,36028,0,31.0,60.0,0.05,1,14502
219398,57.41,57.41,59.4,60.45,0,0,18.9,21.58,57.36,0.6,0.45,36028,0,31.0,60.0,0.04,1,15002
219907,57.48,57.45,59.4,60.45,0,0,19.28,21.57,57.36,0.6,0.45,36028,0,30.97,60.0,0.08,1,15502
220416,57.51,57.46,59.4,60.45,0,0,18.6,21.57,57.36,0.6,0.45,36028,0,30.93,60.0,0.1,1,16002
220925,57.51,57.49,59.4,60.45,0,0,18.6,21.54,57.36,0.6,0.45,36028,0,30.93,60.0,0.12,1,16502
221434,57.54,57.52,59.4,60.45,0,0,19.09,21.6,57.36,0.6,0.45,36028,1,30.98,60.0,0.15,1,17002
221943,57.54,57.53,59.4,60.45,0,0,19.09,21.6,57.36,0.6,0.45,36028,1,30.98,60.0,0.16,1,17502
222452,57.54,57.54,59.4,60.45,0,0,19.09,21.6,57.36,0.6,0.45,36028,1,30.98,60.0,0.17,1,18002
222961,57.68,57.61,59.4,60.45,0,0,19.52,21.64,57.36,0.6,0.45,36028,1,30.98,60.0,0.24,1,18519
223470,57.68,57.65,59.4,60.45,0,0,19.52,21.64,57.36,0.6,0.45,36028,1,30.98,60.0,0.28,1,19019
223979,57.82,57.73,59.4,60.45,0,0,19.37,21.68,57.36,0.6,0.45,36028,1,30.98,60.0,0.37,1,19519
224488,57.88,57.78,59.4,60.45,0,0,19.44,21.68,57.36,0.6,0.45,36028,1,30.97,60.0,0.41,1,20019
224997,57.88,57.83,59.4,60.45,0,0,19.44,21.68,57.36,0.6,0.45,36028,1,30.97,60.0,0.46,1,20519
225506,57.88,57.86,59.4,60.45,0,0,19.44,21.68,57.36,0.6,0.45,36028,1,30.97,60.0,0.49,1,21019
226015,58.07,57.96,59.4,60.45,0,0,19.56,21.74,57.36,0.6,0.45,36028,1,30.97,60.0,0.6,1,21519
226524,58.14,58.02,59.4,60.45,0,0,19.8,21.74,57.36,0.6,0.45,36028,1,30.98,60.0,0.65,1,22019
227033,58.14,58.08,59.4,60.45,0,0,19.8,21.77,57.36,0.6,0.45,36028,1,30.98,60.0,0.71,1,22519
227542,58.16,58.12,59.4,60.45,0,0,19.74,21.77,57.36,0.6,0.45,36028,1,30.98,60.0,0.75,1,23019
228051,58.29,58.14,59.4,60.45,0,0,19.93,21.77,57.36,0.6,0.45,36028,1,31.01,60.0,0.77,1,23519
228560,58.31,58.21,59.4,60.45,0,0,19.76,21.84,57.36,0.6,0.45,36028,1,31.0,60.0,0.85,1,24019
229069,58.31,58.26,59.4,60.45,0,0,19.76,21.83,57.36,0.6,0.45,36028,1,31.0,60.0,0.89,1,24519
229578,58.44,58.28,59.4,60.45,0,0,20.0,21.83,57.36,0.6,0.45,36028,1,31.0,60.0,0.92,1,25019
230087,58.44,58.36,59.4,60.45,0,0,20.0,21.87,57.36,0.6,0.45,36028,1,31.0,60.0,0.99,1,25519
230596,58.53,58.4,59.4,60.45,0,0,20.1,21.87,57.36,0.6,0.45,36028,1,30.98,60.0,1.03,1,26019
231105,58.55,58.46,59.4,60.45,0,0,20.36,21.88,57.36,0.6,0.45,36028,1,30.98,60.0,1.1,1,26519
231614,58.55,58.51,59.4,60.45,0,0,20.36,21.88,57.36,0.6,0.45,36028,1,30.98,60.0,1.14,1,27019
232123,58.55,58.53,59.4,60.45,0,0,20.36,21.88,57.36,0.6,0.45,36028,1,30.98,60.0,1.16,1,27519
232632,58.61,58.54,59.4,60.45,0,0,20.58,21.88,57.36,0.6,0.45,36028,1,31.01,60.0,1.17,1,28019
233141,58.62,58.57,59.4,60.45,0,0,20.47,21.93,57.36,0.6,0.45,36028,1,30.98,60.0,1.21,1,28519
233650,58.68,58.64,59.4,60.45,0,0,20.58,21.94,57.36,0.6,0.45,36028,1,31.0,60.0,1.27,1,29523
234159,58.68,58.66,59.4,60.45,0,0,20.58,21.94,57.36,0.6,0.45,36028,1,31.0,60.0,1.3,1,30023
234668,58.68,58.67,59.4,60.45,0,0,20.58,21.94,57.36,0.6,0.45,36028,1,31.0,60.0,1.31,1,30523
235177,58.68,58.68,59.4,60.45,0,0,20.58,21.94,57.36,0.6,0.45,36028,1,31.0,60.0,1.31,1,31023
235686,58.68,58.68,59.4,60.45,0,0,20.58,21.94,57.36,0.6,0.45,36028,1,31.0,60.0,1.31,1,31523
236195,58.68,58.68,59.4,60.45,0,0,20.58,21.94,57.36,0.6,0.45,36028,1,31.0,60.0,1.32,1,32023
236704,58.68,58.68,59.4,60.45,0,0,20.58,21.94,57.36,0.6,0.45,36028,1,31.0,60.0,1.32,1,32523
237213,58.82,58.68,59.4,60.45,0,0,20.88,21.94,57.36,0.6,0.45,36028,1,31.0,60.0,1.32,1,33023
237722,58.82,58.75,59.4,60.45,0,0,20.88,21.97,57.36,0.6,0.45,36028,1,31.0,60.0,1.39,1,33523
238231,58.82,58.79,59.4,60.45,0,0,20.88,21.97,57.36,0.6,0.45,36028,1,31.0,60.0,1.42,1,34023
238740,58.9,58.84,59.4,60.45,0,0,20.84,22.01,57.36,0.6,0.45,36028,1,31.01,60.0,1.48,1,34523
239249,58.91,58.88,59.4,60.45,0,0,21.22,22.0,57.36,0.6,0.45,36028,1,31.0,60.0,1.51,1,35023
239758,58.91,58.89,59.4,60.45,0,0,21.14,22.01,57.36,0.6,0.45,36028,1,31.01,60.0,1.53,1,35523
240267,58.91,58.9,59.4,60.45,0,0,21.14,22.01,57.36,0.6,0.45,36028,1,31.01,60.0,1.54,1,36023
240776,58.98,58.94,59.4,60.45,0,0,21.35,22.04,57.36,0.6,0.45,36028,1,31.03,60.0,1.57,1,36523
241285,58.98,58.96,59.4,60.45,0,0,21.35,22.04,57.36,0.6,0.45,36028,1,31.03,60.0,1.59,1,37023
241794,59.0,58.97,59.4,60.45,0,0,21.33,22.04,57.36,0.6,0.45,36028,1,31.01,60.0,1.6,1,37523
242303,59.0,58.98,59.4,60.45,0,0,21.33,22.04,57.36,0.6,0.45,36028,1,31.01,60.0,1.62,1,38023
242812,59.01,59.0,59.4,60.45,0,0,21.4,22.04,57.36,0.6,0.45,36028,1,31.01,60.0,1.63,1,38529
243321,59.01,59.01,59.4,60.45,0,0,21.4,22.04,57.36,0.6,0.45,36028,1,31.01,60.0,1.64,1,39029
243830,59.01,59.01,59.4,60.45,0,0,21.4,22.04,57.36,0.6,0.45,36028,1,31.01,60.0,1.64,1,39529
244339,59.06,59.01,59.4,60.45,0,0,21.51,22.04,57.36,0.6,0.45,36028,1,31.01,60.0,1.64,1,40029
244848,59.05,59.04,59.4,60.45,0,0,21.57,22.05,57.36,0.6,0.45,36028,1,31.01,60.0,1.67,1,40529
245357,59.05,59.04,59.4,60.45,0,0,21.57,22.05,57.36,0.6,0.45,36028,1,31.01,60.0,1.68,1,41029
245866,59.05,59.05,59.4,60.45,0,0,21.57,22.05,57.36,0.6,0.45,36028,1,31.01,60.0,1.68,1,41529
246375,59.1,59.07,59.4,60.45,0,0,21.68,22.08,57.36,0.6,0.45,36028,1,31.03,60.0,1.71,1,42029
246884,59.1,59.09,59.4,60.45,0,0,21.68,22.08,57.36,0.6,0.45,36028,1,31.03,60.0,1.72,1,42529
247393,59.09,59.09,59.4,60.45,0,0,21.98,22.07,57.36,0.6,0.45,36028,1,31.03,60.0,1.72,1,43029
247902,59.09,59.09,59.4,60.45,0,0,21.98,22.07,57.36,0.6,0.45,36028,1,31.03,60.0,1.72,1,43529
248411,59.14,59.12,59.4,60.45,0,0,21.92,22.09,57.36,0.6,0.45,36028,1,31.03,60.0,1.75,1,44029
248920,59.14,59.13,59.4,60.45,0,0,21.98,22.09,57.36,0.6,0.45,36028,1,31.03,60.0,1.76,1,44529
249429,59.14,59.13,59.4,60.45,0,0,21.98,22.09,57.36,0.6,0.45,36028,1,31.03,60.0,1.77,1,45029
249938,59.19,59.16,59.4,60.45,0,0,22.07,22.11,57.36,0.6,0.45,36028,1,31.04,60.0,1.8,1,45529
250447,59.22,59.18,59.4,60.45,0,0,22.22,22.11,57.36,0.6,0.45,36028,1,31.04,60.0,1.81,1,46029
250956,59.22,59.2,59.4,60.45,0,0,22.22,22.12,57.36,0.6,0.45,36028,1,31.04,60.0,1.83,1,46529
251465,59.21,59.21,59.4,60.45,0,0,22.24,22.1,57.36,0.6,0.45,36028,1,31.01,60.0,1.84,1,47029
251974,59.28,59.21,59.4,60.45,0,0,22.26,22.1,57.36,0.6,0.45,36028,1,31.04,60.0,1.84,1,47529
252483,59.28,59.24,59.4,60.45,0,0,22.5,22.14,57.36,0.6,0.45,36028,1,31.04,60.0,1.88,1,48029
252992,59.28,59.26,59.4,60.45,0,0,22.5,22.14,57.36,0.6,0.45,36028,1,31.04,60.0,1.89,1,48529
253501,59.3,59.28,59.4,60.45,0,0,21.72,22.12,57.36,0.6,0.45,36028,1,31.01,60.0,1.91,1,49029
254010,59.3,59.29,59.4,60.45,0,0,22.39,22.12,57.36,0.6,0.45,36028,1,31.03,60.0,1.92,1,49529
254519,59.3,59.3,59.4,60.45,0,0,22.39,22.13,57.36,0.6,0.45,36028,1,31.03,60.0,1.93,1,50029
255028,59.31,59.3,59.4,60.45,0,0,22.39,22.13,57.36,0.6,0.45,36028,1,31.03,60.0,1.93,1,50529
255537,59.31,59.31,59.4,60.45,0,0,22.39,22.14,57.36,0.6,0.45,36028,1,31.03,60.0,1.94,1,51029
256046,59.39,59.31,59.4,60.45,0,0,22.52,22.14,57.36,0.6,0.45,36028,1,31.04,60.0,1.94,1,51529
256555,59.39,59.35,59.4,60.45,0,0,22.52,22.17,57.36,0.6,0.45,36028,1,31.04,60.0,1.98,1,52029
257064,59.41,59.37,59.4,60.45,0,0,22.74,22.17,57.36,0.6,0.45,36028,1,31.04,60.0,2.0,1,52529
257573,59.41,59.39,59.4,60.45,0,0,22.74,22.17,57.36,0.6,0.45,36028,1,31.04,60.0,2.02,1,53029
258082,59.43,59.4,59.4,60.45,1,0,22.85,22.17,57.36,0.6,0.45,53530,0,31.04,60.0,2.03,0,0
258591,59.43,59.41,59.4,60.6,1,0,22.85,22.18,59.41,0.6,0.6,53530,0,31.04,60.0,0.0,0,501
259099,59.45,59.43,59.4,60.6,1,0,22.85,22.16,59.43,0.6,0.6,53530,0,31.01,60.0,0.0,0,1002
259608,59.45,59.44,59.4,60.6,1,0,22.85,22.16,59.44,0.6,0.6,53530,0,31.01,60.0,0.0,0,1502
260117,59.49,59.44,59.4,60.6,1,0,22.52,22.16,59.44,0.6,0.6,53530,0,31.04,60.0,0.0,0,2002
260625,59.54,59.47,59.4,60.6,1,0,22.85,22.2,59.47,0.6,0.6,53530,0,31.03,60.0,0.0,0,2502
261133,59.54,59.5,59.4,60.6,1,0,22.85,22.2,59.5,0.6,0.6,53530,0,31.03,60.0,0.0,0,3002
261642,59.54,59.52,59.4,60.6,1,0,22.85,22.2,59.52,0.6,0.6,53530,0,31.03,60.0,0.0,0,3502
262151,59.56,59.53,59.4,60.6,1,0,23.11,22.2,59.53,0.6,0.6,53530,0,31.07,60.0,0.0,0,4002
262660,59.58,59.56,59.4,60.6,1,0,22.78,22.22,59.56,0.6,0.6,53530,0,31.04,60.0,0.0,0,5003
263169,59.58,59.57,59.4,60.6,1,0,22.78,22.22,59.57,0.6,0.6,53530,0,31.04,60.0,0.0,0,5503
263678,59.58,59.58,59.4,60.6,1,0,22.74,22.22,59.58,0.6,0.6,53530,0,31.04,60.0,0.0,0,6003
264186,59.62,59.6,59.4,60.6,1,0,22.98,22.25,59.6,0.6,0.6,53530,0,31.06,60.0,0.0,0,6503
264694,59.62,59.61,59.4,60.6,1,0,22.98,22.25,59.61,0.6,0.6,53530,0,31.06,60.0,0.0,0,7003
265203,59.61,59.61,59.4,60.6,1,0,22.55,22.25,59.61,0.6,0.6,53530,0,31.06,60.0,0.0,0,7503
265712,59.61,59.61,59.4,60.6,1,0,22.55,22.25,59.61,0.6,0.6,53530,0,31.06,60.0,0.0,0,8003
266221,59.68,59.65,59.4,60.6,1,0,22.55,22.28,59.65,0.6,0.6,53530,0,31.07,60.0,0.0,0,8503
266730,59.68,59.66,59.4,60.6,1,0,22.55,22.28,59.66,0.6,0.6,53530,0,31.07,60.0,0.0,0,9003
267239,59.68,59.67,59.4,60.6,1,0,22.55,22.28,59.67,0.6,0.6,53530,0,31.07,60.0,0.0,0,9503
267748,59.72,59.7,59.4,60.6,1,0,22.42,22.29,59.7,0.6,0.6,53530,0,31.07,60.0,0.0,0,10003
268257,59.73,59.71,59.4,60.6,1,0,22.33,22.28,59.71,0.6,0.6,53530,0,31.06,60.0,0.0,0,10503
268766,59.73,59.72,59.4,60.6,1,0,22.33,22.28,59.72,0.6,0.6,53530,0,31.06,60.0,0.0,0,11003
269275,59.74,59.73,59.4,60.6,1,0,22.26,22.3,59.73,0.6,0.6,53530,0,31.07,60.0,0.0,0,11503
269784,59.74,59.73,59.4,60.6,1,0,22.26,22.3,59.73,0.6,0.6,53530,0,31.07,60.0,0.0,0,12003
270293,59.81,59.77,59.4,60.6,1,0,22.24,22.32,59.77,0.6,0.6,53530,0,31.07,60.0,0.0,0,12503
270801,59.81,59.79,59.4,60.6,1,0,22.24,22.32,59.79,0.6,0.6,53530,0,31.07,60.0,0.0,0,13003
271310,59.81,59.8,59.4,60.6,1,0,22.24,22.32,59.8,0.6,0.6,53530,0,31.07,60.0,0.0,0,13503
271819,59.85,59.83,59.4,60.6,1,0,21.55,22.3,59.83,0.6,0.6,53530,0,31.04,60.0,0.0,0,14015
272328,59.86,59.84,59.4,60.6,1,0,21.77,22.3,59.84,0.6,0.6,53530,0,31.06,60.0,0.0,0,14515
272837,59.86,59.85,59.4,60.6,1,0,21.77,22.32,59.85,0.6,0.6,53530,0,31.06,60.0,0.0,0,15015
273346,59.86,59.85,59.4,60.6,1,0,21.77,22.32,59.85,0.6,0.6,53530,0,31.06,60.0,0.0,0,15515
273855,59.91,59.88,59.4,60.6,1,0,21.74,22.34,59.88,0.6,0.6,53530,0,31.07,60.0,0.0,0,16015
274364,59.96,59.9,59.4,60.6,1,0,21.53,22.34,59.9,0.6,0.6,53530,0,31.07,60.0,0.0,0,16515
274873,59.96,59.93,59.4,60.6,1,0,21.53,22.36,59.93,0.6,0.6,53530,0,31.07,60.0,0.0,0,17015
275382,59.96,59.94,59.4,60.6,1,0,21.38,22.33,59.94,0.6,0.6,53530,0,31.04,60.0,0.0,0,17515
275891,60.0,59.95,59.4,60.6,1,0,21.31,22.33,59.95,0.6,0.6,53530,0,31.07,60.0,0.0,0,18015
276400,60.0,59.97,59.4,60.6,1,0,21.31,22.37,59.97,0.6,0.6,53530,0,31.07,60.0,0.0,0,18515
276908,60.0,59.99,59.4,60.6,1,0,21.31,22.37,59.99,0.6,0.6,53530,0,31.07,60.0,0.0,0,19015
277417,60.06,60.02,59.4,60.6,1,0,21.16,22.38,60.02,0.6,0.6,53530,0,31.07,60.0,0.0,0,19515
277926,60.06,60.04,59.4,60.6,1,0,21.05,22.4,60.04,0.6,0.6,53530,0,31.09,60.0,0.0,0,20015
278435,60.06,60.05,59.4,60.6,1,0,21.05,22.4,60.05,0.6,0.6,53530,0,31.09,60.0,0.0,0,20515
278944,60.06,60.06,59.4,60.6,1,0,21.05,22.4,60.06,0.6,0.6,53530,0,31.09,60.0,0.0,0,21015
279453,60.18,60.12,59.4,60.6,1,0,20.79,22.42,60.12,0.6,0.6,53530,0,31.07,60.0,0.0,0,21515
279961,60.18,60.15,59.4,60.6,1,0,20.79,22.42,60.15,0.6,0.6,53530,0,31.07,60.0,0.0,0,22015
280470,60.16,60.16,59.4,60.6,1,0,20.69,22.42,60.16,0.6,0.6,53530,0,31.09,60.0,0.0,0,22515
280979,60.16,60.16,59.4,60.6,1,0,20.69,22.42,60.16,0.6,0.6,53530,0,31.09,60.0,0.0,0,23015
281488,60.23,60.2,59.4,60.6,1,0,20.64,22.43,60.2,0.6,0.6,53530,0,31.07,60.0,0.0,0,23515
281997,60.25,60.22,59.4,60.6,1,0,20.56,22.43,60.22,0.6,0.6,53530,0,31.07,60.0,0.0,0,24015
282506,60.25,60.23,59.4,60.6,1,0,20.56,22.44,60.23,0.6,0.6,53530,0,31.07,60.0,0.0,0,24515
283014,60.28,60.26,59.4,60.6,1,0,20.4,22.43,60.26,0.6,0.6,53530,0,31.06,60.0,0.0,0,25015
283522,60.28,60.27,59.4,60.6,1,0,20.23,22.43,60.27,0.6,0.6,53530,0,31.07,60.0,0.0,0,25515
284030,60.28,60.28,59.4,60.6,1,0,20.23,22.45,60.28,0.6,0.6,53530,0,31.07,60.0,0.0,0,26015
284539,60.36,60.28,59.4,60.6,1,0,20.19,22.45,60.28,0.6,0.6,53530,0,31.06,60.0,0.0,0,26515
285048,60.44,60.32,59.4,60.6,1,0,20.0,22.45,60.32,0.6,0.6,53530,0,31.09,60.0,0.0,0,27015
285557,60.44,60.38,59.4,60.6,1,0,20.0,22.5,60.38,0.6,0.6,53530,0,31.09,60.0,0.0,0,27515
286066,60.44,60.41,59.4,60.6,1,0,20.0,22.5,60.41,0.6,0.6,53530,0,31.09,60.0,0.0,0,28015
286575,60.45,60.42,59.4,60.6,1,0,19.95,22.5,60.42,0.6,0.6,53530,0,31.06,60.0,0.0,0,28515
287083,60.48,60.43,59.4,60.6,1,0,18.19,22.48,60.43,0.6,0.6,53530,0,31.1,60.0,0.0,0,29015
287591,60.48,60.46,59.4,60.6,1,0,18.19,22.52,60.46,0.6,0.6,53530,0,31.1,60.0,0.0,0,29515
288100,60.55,60.5,59.4,60.6,1,0,19.67,22.54,60.5,0.6,0.6,53530,0,31.1,60.0,0.0,0,30031
288609,60.62,60.53,59.4,60.6,1,0,19.61,22.54,60.53,0.6,0.6,53530,0,31.06,60.0,0.0,0,30531
289118,60.61,60.57,59.4,60.6,1,0,19.54,22.52,60.57,0.6,0.6,53530,0,31.06,60.0,0.0,0,31031
289627,60.61,60.59,59.4,60.6,1,0,19.54,22.52,60.59,0.6,0.6,53530,0,31.06,60.0,0.0,0,31531
290136,60.65,60.6,59.4,60.6,1,0,19.61,22.52,60.6,0.6,0.6,53530,0,31.06,60.0,0.0,0,32031
290645,60.72,60.62,59.4,60.6,1,0,18.49,22.53,60.62,0.6,0.6,53530,0,31.07,60.0,0.0,0,32531
291158,60.75,60.67,59.4,60.6,1,0,19.26,22.57,60.67,0.6,0.6,53530,0,31.09,60.0,0.0,0,33031
291667,60.75,60.71,59.4,60.6,1,0,19.26,22.58,60.71,0.6,0.6,53530,0,31.09,60.0,0.0,0,33531
292176,60.75,60.73,59.4,60.6,1,0,18.62,22.58,60.73,0.6,0.6,53530,0,31.07,60.0,0.0,0,34031
292685,60.85,60.74,59.4,60.6,1,0,19.09,22.57,60.74,0.6,0.6,53530,0,31.07,60.0,0.0,0,34531
293194,60.85,60.82,59.4,60.6,1,0,19.09,22.6,60.82,0.6,0.6,53530,0,31.07,60.0,0.0,0,35537
293703,60.85,60.83,59.4,60.6,1,0,19.09,22.6,60.83,0.6,0.6,53530,0,31.07,60.0,0.0,0,36037
294212,60.89,60.86,59.4,60.6,1,0,18.98,22.6,60.86,0.6,0.6,53530,0,31.06,60.0,0.0,0,36537
294720,60.89,60.88,59.4,60.6,1,0,18.98,22.6,60.88,0.6,0.6,53530,0,31.06,60.0,0.0,0,37037
295229,60.89,60.89,59.4,60.6,1,0,18.98,22.6,60.89,0.6,0.6,53530,0,31.06,60.0,0.0,0,37537
295738,60.95,60.92,59.4,60.6,1,0,18.79,22.61,60.92,0.6,0.6,53530,0,31.06,60.0,0.0,0,38037
296247,60.95,60.93,59.4,60.6,1,0,18.79,22.61,60.93,0.6,0.6,53530,0,31.06,60.0,0.0,0,38537
296756,61.01,60.97,59.4,60.6,1,0,18.77,22.64,60.97,0.6,0.6,53530,0,31.07,60.0,0.0,0,39037
297265,61.01,60.99,59.4,60.6,1,0,18.77,22.64,60.99,0.6,0.6,53530,0,31.07,60.0,0.0,0,39537
297774,61.01,61.0,59.4,60.6,1,0,18.77,22.64,61.0,0.6,0.6,53530,0,31.07,60.0,0.0,0,40037
298283,61.14,61.0,59.4,60.6,1,0,18.4,22.64,61.0,0.6,0.6,53530,0,31.07,60.0,0.0,0,40537
298792,61.14,61.07,59.4,60.6,1,1,18.4,22.68,61.07,0.6,0.6,53530,0,31.07,60.0,0.0,1,41037
299301,61.14,61.1,59.4,60.6,1,1,18.38,22.69,61.1,0.6,0.6,53530,0,31.09,60.0,0.0,1,41537
299810,61.14,61.12,59.4,60.6,1,1,18.38,22.69,61.12,0.6,0.6,53530,0,31.09,60.0,0.0,1,42037
300319,61.21,61.17,59.4,60.6,1,1,18.27,22.71,61.17,0.6,0.6,53530,0,31.09,60.0,0.0,1,42537
300828,61.22,61.2,59.4,60.6,1,1,17.8,22.71,61.2,0.6,0.6,53530,0,31.09,60.0,0.0,1,43037
301337,61.22,61.21,59.4,60.6,1,1,17.8,22.71,61.21,0.6,0.6,53530,0,31.09,60.0,0.0,1,43537
301846,61.22,61.22,59.4,60.6,1,1,17.8,22.71,61.22,0.6,0.6,53530,0,31.09,60.0,0.0,1,44037
302355,61.2,61.21,59.4,60.6,1,1,19.18,22.69,61.22,0.6,0.6,53530,0,31.07,60.0,0.01,1,44537
302864,60.91,61.06,59.4,60.6,1,1,18.81,22.6,61.22,0.6,0.6,53530,1,31.06,60.0,0.16,1,45037
303372,60.91,60.98,59.4,60.6,1,1,18.81,22.6,61.22,0.6,0.6,53530,1,31.06,60.0,0.23,1,45537
303881,60.1,60.54,59.4,60.6,0,1,19.13,22.38,61.22,0.6,0.6,46037,0,31.06,60.0,0.67,1,0
304389,59.72,60.32,59.3,60.6,0,1,19.03,22.38,60.32,0.69,0.6,46037,0,31.04,60.0,0.0,1,500
304898,59.72,60.02,59.3,60.6,0,0,19.03,22.26,60.02,0.69,0.6,46037,0,31.04,60.0,0.0,1,1000
305407,59.29,59.65,59.3,60.6,0,0,19.2,22.13,59.65,0.69,0.6,46037,0,31.03,60.0,0.0,1,1500
305916,58.69,59.47,59.3,60.6,0,0,19.07,22.13,59.47,0.69,0.6,46037,0,31.03,60.0,0.0,1,2000
306426,58.69,59.08,59.3,60.6,0,0,19.07,21.96,59.08,0.69,0.6,46037,0,31.03,60.0,0.0,1,2500
306935,58.07,58.88,59.3,60.6,0,0,18.88,21.96,58.88,0.69,0.6,46037,0,31.0,60.0,0.0,1,3000
307444,58.07,58.48,59.3,60.6,0,0,18.88,21.76,58.48,0.69,0.6,46037,0,31.0,60.0,0.0,1,3500
307953,58.07,58.28,59.3,60.6,0,0,18.88,21.76,58.28,0.69,0.6,46037,0,31.0,60.0,0.0,1,4000
308462,58.07,58.18,59.3,60.6,0,0,18.88,21.76,58.18,0.69,0.6,46037,0,31.0,60.0,0.0,1,4500
308971,57.48,58.12,59.3,60.6,0,0,18.64,21.76,58.12,0.69,0.6,46037,0,31.03,60.0,0.0,1,5000
309479,57.48,57.8,59.3,60.6,0,0,18.64,21.62,57.8,0.69,0.6,46037,0,31.03,60.0,0.0,1,5500
309988,57.3,57.64,59.3,60.6,0,0,18.34,21.62,57.64,0.69,0.6,46037,0,31.01,60.0,0.0,1,6000
310497,57.3,57.47,59.3,60.6,0,0,18.34,21.56,57.47,0.69,0.6,46037,0,31.01,60.0,0.0,1,6500
311006,57.25,57.38,59.3,60.6,0,0,18.38,21.56,57.38,0.69,0.6,46037,0,31.0,60.0,0.0,1,7000
311515,57.25,57.32,59.3,60.6,0,0,18.38,21.53,57.32,0.69,0.6,46037,0,31.0,60.0,0.0,1,7500
312024,57.26,57.29,59.3,60.6,0,0,18.32,21.53,57.29,0.69,0.6,46037,0,31.0,60.0,0.0,1,8000
312532,57.26,57.27,59.3,60.6,0,0,18.32,21.53,57.27,0.69,0.6,46037,0,31.0,60.0,0.0,1,8500
313041,57.27,57.27,59.3,60.6,0,0,18.44,21.53,57.27,0.69,0.6,46037,0,31.01,60.0,0.0,1,9000
313550,57.28,57.27,59.3,60.6,0,0,18.42,21.55,57.27,0.69,0.6,46037,0,30.98,60.0,0.0,1,9500
314059,57.28,57.28,59.3,60.6,0,0,18.42,21.53,57.27,0.69,0.6,46037,0,30.98,60.0,0.0,1,10000
314568,57.26,57.28,59.3,60.6,0,0,18.36,21.53,57.27,0.69,0.6,46037,0,31.01,60.0,0.01,1,10500
315077,57.26,57.27,59.3,60.6,0,0,18.36,21.55,57.27,0.69,0.6,46037,0,31.01,60.0,0.0,1,11000
315586,57.26,57.27,59.3,60.6,0,0,18.55,21.55,57.27,0.69,0.6,46037,0,31.01,60.0,0.0,1,11500
316094,57.26,57.27,59.3,60.6,0,0,18.55,21.55,57.27,0.69,0.6,46037,0,31.01,60.0,0.0,1,12001
316603,57.26,57.26,59.3,60.6,0,0,18.55,21.55,57.26,0.69,0.6,46037,0,31.01,60.0,0.0,1,12501
317112,57.25,57.26,59.3,60.6,0,0,18.68,21.54,57.26,0.69,0.6,46037,0,31.01,60.0,0.0,1,13001
317621,57.25,57.25,59.3,60.6,0,0,18.68,21.54,57.25,0.69,0.6,46037,0,31.01,60.0,0.0,1,13501
318130,57.25,57.25,59.3,60.6,0,0,18.68,21.54,57.25,0.69,0.6,46037,0,31.01,60.0,0.0,1,14001
318639,57.25,57.25,59.3,60.6,0,0,18.68,21.54,57.25,0.69,0.6,46037,0,31.01,60.0,0.0,1,14501
319148,57.31,57.25,59.3,60.6,0,0,18.75,21.54,57.25,0.69,0.6,46037,0,31.0,60.0,0.0,1,15001
319657,57.36,57.28,59.3,60.6,0,0,19.0,21.55,57.25,0.69,0.6,46037,0,31.0,60.0,0.02,1,15501
320166,57.36,57.32,59.3,60.6,0,0,19.0,21.56,57.25,0.69,0.6,46037,0,31.0,60.0,0.06,1,16001
320675,57.36,57.34,59.3,60.6,0,0,19.07,21.56,57.25,0.69,0.6,46037,0,31.0,60.0,0.08,1,16501
321184,57.36,57.35,59.3,60.6,0,0,19.07,21.56,57.25,0.69,0.6,46037,0,31.0,60.0,0.09,1,17001
321693,57.36,57.35,59.3,60.6,0,0,19.07,21.56,57.25,0.69,0.6,46037,0,31.0,60.0,0.1,1,17501
322202,57.5,57.43,59.3,60.6,0,0,19.16,21.63,57.25,0.69,0.6,46037,1,31.03,60.0,0.17,1,18508
322711,57.55,57.49,59.3,60.6,0,0,19.65,21.65,57.25,0.69,0.6,46037,1,31.04,60.0,0.24,1,19008
323220,57.55,57.52,59.3,60.6,0,0,19.65,21.65,57.25,0.69,0.6,46037,1,31.04,60.0,0.27,1,19508
323729,57.61,57.57,59.3,60.6,0,0,19.33,21.66,57.25,0.69,0.6,46037,1,31.03,60.0,0.31,1,20008
324240,57.61,57.59,59.3,60.6,0,0,19.39,21.66,57.25,0.69,0.6,46037,1,31.0,60.0,0.34,1,20508
324749,57.61,57.6,59.3,60.6,0,0,19.39,21.63,57.25,0.69,0.6,46037,1,31.0,60.0,0.34,1,21008
325258,57.61,57.6,59.3,60.6,0,0,19.39,21.63,57.25,0.69,0.6,46037,1,31.0,60.0,0.35,1,21508
325767,57.61,57.61,59.3,60.6,0,0,19.39,21.63,57.25,0.69,0.6,46037,1,31.0,60.0,0.35,1,22009
326276,57.74,57.67,59.3,60.6,0,0,19.52,21.68,57.25,0.69,0.6,46037,1,31.01,60.0,0.42,1,22510
326797,57.82,57.7,59.3,60.6,0,0,19.78,21.68,57.25,0.69,0.6,46037,1,31.01,60.0,0.45,1,23010
327306,57.82,57.76,59.3,60.6,0,0,19.78,21.71,57.25,0.69,0.6,46037,1,31.01,60.0,0.51,1,23510
327815,57.86,57.79,59.3,60.6,0,0,19.87,21.71,57.25,0.69,0.6,46037,1,31.01,60.0,0.54,1,24010
328324,57.86,57.83,59.3,60.6,0,0,19.87,21.72,57.25,0.69,0.6,46037,1,31.01,60.0,0.57,1,24510
328833,57.91,57.87,59.3,60.6,0,0,19.95,21.73,57.25,0.69,0.6,46037,1,31.01,60.0,0.61,1,25010
329342,57.91,57.89,59.3,60.6,0,0,19.95,21.73,57.25,0.69,0.6,46037,1,31.01,60.0,0.63,1,25510
329855,57.99,57.9,59.3,60.6,0,0,19.89,21.73,57.25,0.69,0.6,46037,1,31.01,60.0,0.64,1,26010
330364,57.99,57.94,59.3,60.6,0,0,19.89,21.75,57.25,0.69,0.6,46037,1,31.01,60.0,0.69,1,26510
330873,57.99,57.97,59.3,60.6,0,0,19.89,21.75,57.25,0.69,0.6,46037,1,31.01,60.0,0.71,1,27010
331382,57.99,57.98,59.3,60.6,0,0,19.89,21.75,57.25,0.69,0.6,46037,1,31.01,60.0,0.72,1,27510
331891,58.08,58.03,59.3,60.6,0,0,20.1,21.79,57.25,0.69,0.6,46037,1,31.03,60.0,0.77,1,28010
332412,58.08,58.05,59.3,60.6,0,0,20.4,21.79,57.25,0.69,0.6,46037,1,31.03,60.0,0.8,1,28512
332921,58.08,58.07,59.3,60.6,0,0,20.4,21.79,57.25,0.69,0.6,46037,1,31.03,60.0,0.81,1,29012
333430,58.14,58.07,59.3,60.6,0,0,20.23,21.79,57.25,0.69,0.6,46037,1,31.03,60.0,0.82,1,29512
333939,58.14,58.11,59.3,60.6,0,0,20.23,21.81,57.25,0.69,0.6,46037,1,31.03,60.0,0.85,1,30012
334448,58.15,58.13,59.3,60.6,0,0,20.53,21.8,57.25,0.69,0.6,46037,1,31.01,60.0,0.87,1,30512
334957,58.15,58.14,59.3,60.6,0,0,20.53,21.8,57.25,0.69,0.6,46037,1,31.01,60.0,0.88,1,31012
335466,58.2,58.17,59.3,60.6,0,0,20.43,21.81,57.25,0.69,0.6,46037,1,31.01,60.0,0.91,1,31512
335975,58.2,58.18,59.3,60.6,0,0,20.43,21.81,57.25,0.69,0.6,46037,1,31.01,60.0,0.93,1,32012
336484,58.27,58.23,59.3,60.6,0,0,20.49,21.86,57.25,0.69,0.6,46037,1,31.04,60.0,0.97,1,32512
336993,58.24,58.25,59.3,60.6,0,0,20.71,21.86,57.25,0.69,0.6,46037,1,31.01,60.0,0.99,1,33012
337502,58.24,58.24,59.3,60.6,0,0,20.71,21.82,57.25,0.69,0.6,46037,1,31.01,60.0,0.99,1,33512
338011,58.31,58.24,59.3,60.6,0,0,20.92,21.82,57.25,0.69,0.6,46037,1,31.06,60.0,0.98,1,34012
338520,58.31,58.27,59.3,60.6,0,0,20.92,21.89,57.25,0.69,0.6,46037,1,31.06,60.0,1.02,1,34512
339029,58.34,58.29,59.3,60.6,0,0,20.86,21.89,57.25,0.69,0.6,46037,1,31.04,60.0,1.03,1,35012
339538,58.34,58.32,59.3,60.6,0,0,20.86,21.88,57.25,0.69,0.6,46037,1,31.04,60.0,1.06,1,35512
340047,58.34,58.33,59.3,60.6,0,0,20.86,21.88,57.25,0.69,0.6,46037,1,31.04,60.0,1.07,1,36012
340556,58.34,58.33,59.3,60.6,0,0,20.86,21.88,57.25,0.69,0.6,46037,1,31.04,60.0,1.08,1,36512
341065,58.34,58.34,59.3,60.6,0,0,20.86,21.88,57.25,0.69,0.6,46037,1,31.04,60.0,1.08,1,37012
341574,58.34,58.34,59.3,60.6,0,0,20.86,21.88,57.25,0.69,0.6,46037,1,31.04,60.0,1.08,1,37512
342083,58.39,58.36,59.3,60.6,0,0,21.1,21.88,57.25,0.69,0.6,46037,1,31.03,60.0,1.11,1,38012
342592,58.39,58.38,59.3,60.6,0,0,21.1,21.88,57.25,0.69,0.6,46037,1,31.03,60.0,1.12,1,38512
343101,58.42,58.4,59.3,60.6,0,0,21.2,21.9,57.25,0.69,0.6,46037,1,31.04,60.0,1.14,1,39012
343610,58.42,58.41,59.3,60.6,0,0,21.2,21.9,57.25,0.69,0.6,46037,1,31.04,60.0,1.15,1,39512
344119,58.39,58.4,59.3,60.6,0,0,21.46,21.89,57.25,0.69,0.6,46037,1,31.04,60.0,1.14,1,40012
344628,58.39,58.4,59.3,60.6,0,0,21.46,21.89,57.25,0.69,0.6,46037,1,31.04,60.0,1.14,1,40512
345137,58.42,58.39,59.3,60.6,0,0,21.4,21.89,57.25,0.69,0.6,46037,1,31.01,60.0,1.14,1,41012
345646,58.42,58.41,59.3,60.6,0,0,21.4,21.88,57.25,0.69,0.6,46037,1,31.01,60.0,1.15,1,41512
346155,58.47,58.42,59.3,60.6,0,0,21.55,21.88,57.25,0.69,0.6,46037,1,31.06,60.0,1.16,1,42012
346664,58.47,58.44,59.3,60.6,0,0,21.55,21.93,57.25,0.69,0.6,46037,1,31.06,60.0,1.19,1,42512
347173,58.5,58.46,59.3,60.6,0,0,21.77,21.93,57.25,0.69,0.6,46037,1,31.07,60.0,1.2,1,43012
347682,58.52,58.48,59.3,60.6,0,0,21.72,21.95,57.25,0.69,0.6,46037,1,31.07,60.0,1.22,1,43512
348191,58.52,58.5,59.3,60.6,0,0,21.72,21.96,57.25,0.69,0.6,46037,1,31.07,60.0,1.24,1,44012
348700,58.53,58.51,59.3,60.6,0,0,21.96,21.96,57.25,0.69,0.6,46037,1,31.06,60.0,1.26,1,44512
349209,58.55,58.54,59.3,60.6,0,0,21.79,21.94,57.25,0.69,0.6,46037,1,31.04,60.0,1.28,1,45515
349718,58.55,58.55,59.3,60.6,0,0,21.79,21.94,57.25,0.69,0.6,46037,1,31.04,60.0,1.29,1,46015
350227,58.57,58.56,59.3,60.6,0,0,21.98,21.96,57.25,0.69,0.6,46037,1,31.06,60.0,1.3,1,46515
350736,58.57,58.56,59.3,60.6,0,0,21.98,21.96,57.25,0.69,0.6,46037,1,31.06,60.0,1.31,1,47015
351245,58.56,58.56,59.3,60.6,0,0,21.92,21.97,57.25,0.69,0.6,46037,1,31.07,60.0,1.31,1,47515
351754,58.56,58.56,59.3,60.6,0,0,21.92,21.97,57.25,0.69,0.6,46037,1,31.07,60.0,1.3,1,48015
352263,58.61,58.58,59.3,60.6,0,0,22.33,21.98,57.25,0.69,0.6,46037,1,31.07,60.0,1.33,1,48515
352772,58.61,58.6,59.3,60.6,0,0,22.33,21.98,57.25,0.69,0.6,46037,1,31.07,60.0,1.34,1,49015
353281,58.66,58.63,59.3,60.6,0,0,22.16,21.98,57.25,0.69,0.6,46037,1,31.06,60.0,1.37,1,49528
353790,58.66,58.64,59.3,60.6,0,0,22.16,21.98,57.25,0.69,0.6,46037,1,31.06,60.0,1.39,1,50028
354299,58.68,58.66,59.3,60.6,0,0,22.18,21.97,57.25,0.69,0.6,46037,1,31.04,60.0,1.41,1,50528
354808,58.67,58.67,59.3,60.6,0,0,22.44,22.0,57.25,0.69,0.6,46037,1,31.07,60.0,1.41,1,51028
355317,58.67,58.67,59.3,60.6,0,0,22.44,22.0,57.25,0.69,0.6,46037,1,31.07,60.0,1.42,1,51528
355826,58.7,58.67,59.3,60.6,0,0,22.5,22.0,57.25,0.69,0.6,46037,1,31.09,60.0,1.42,1,52028
356335,58.7,58.68,59.3,60.6,0,0,22.5,22.02,57.25,0.69,0.6,46037,1,31.09,60.0,1.43,1,52528
356844,58.7,58.69,59.3,60.6,0,0,22.5,22.02,57.25,0.69,0.6,46037,1,31.09,60.0,1.44,1,53028
357353,58.74,58.72,59.3,60.6,0,0,22.46,21.99,57.25,0.69,0.6,46037,1,31.04,60.0,1.46,1,53528
357862,58.79,58.75,59.3,60.6,0,0,22.42,22.04,57.25,0.69,0.6,46037,1,31.09,60.0,1.5,1,54028
358371,58.77,58.77,59.3,60.6,0,0,22.7,22.04,57.25,0.69,0.6,46037,1,31.06,60.0,1.51,1,54528
358880,58.77,58.77,59.3,60.6,0,0,22.7,22.02,57.25,0.69,0.6,46037,1,31.06,60.0,1.52,1,55028
359389,58.8,58.78,59.3,60.6,0,0,22.61,22.03,57.25,0.69,0.6,46037,1,31.07,60.0,1.53,1,55528
359898,58.81,58.79,59.3,60.6,0,0,22.85,22.03,57.25,0.69,0.6,46037,1,31.07,60.0,1.54,1,56028
360407,58.81,58.8,59.3,60.6,0,0,22.85,22.04,57.25,0.69,0.6,46037,1,31.07,60.0,1.55,1,56528
360916,58.81,58.81,59.3,60.6,0,0,22.85,22.04,57.25,0.69,0.6,46037,1,31.07,60.0,1.55,1,57028
361425,58.85,58.83,59.3,60.6,0,0,22.87,22.05,57.25,0.69,0.6,46037,1,31.07,60.0,1.57,1,57528
361934,58.91,58.87,59.3,60.6,0,0,23.0,22.07,57.25,0.69,0.6,46037,1,31.07,60.0,1.61,1,58028
362443,58.91,58.89,59.3,60.6,0,0,23.0,22.07,57.25,0.69,0.6,46037,1,31.07,60.0,1.63,1,58528
362952,58.86,58.9,59.3,60.6,0,0,23.0,22.07,57.25,0.69,0.6,46037,1,31.06,60.0,1.64,1,59028
363461,58.86,58.88,59.3,60.6,0,0,23.0,22.04,57.25,0.69,0.6,46037,1,31.06,60.0,1.62,1,59528
363970,58.86,58.87,59.3,60.6,0,0,23.0,22.04,57.25,0.69,0.6,46037,1,31.06,60.0,1.61,1,60028
364479,58.86,58.86,59.3,60.6,0,0,23.0,22.04,57.25,0.69,0.6,46037,1,31.06,60.0,1.61,1,60528
364988,58.95,58.9,59.3,60.6,0,0,23.09,22.08,57.25,0.69,0.6,46037,1,31.07,60.0,1.65,1,61028
365497,58.96,58.92,59.3,60.6,0,0,23.07,22.08,57.25,0.69,0.6,46037,1,31.07,60.0,1.67,1,61528
366006,58.96,58.94,59.3,60.6,0,0,23.07,22.08,57.25,0.69,0.6,46037,1,31.07,60.0,1.69,1,62028
366515,59.0,58.97,59.3,60.6,0,0,23.05,22.09,57.25,0.69,0.6,46037,1,31.07,60.0,1.71,1,62528
367024,58.97,58.98,59.3,60.6,0,0,23.18,22.09,57.25,0.69,0.6,46037,1,31.07,60.0,1.73,1,63028
367533,58.97,58.98,59.3,60.6,0,0,23.18,22.08,57.25,0.69,0.6,46037,1,31.07,60.0,1.72,1,63528
368042,58.97,58.97,59.3,60.6,0,0,23.18,22.08,57.25,0.69,0.6,46037,1,31.07,60.0,1.72,1,64028
368551,59.0,58.97,59.3,60.6,0,0,23.37,22.08,57.25,0.69,0.6,46037,1,31.09,60.0,1.72,1,64529
369060,59.0,58.99,59.3,60.6,0,0,23.46,22.1,57.25,0.69,0.6,46037,1,31.07,60.0,1.73,1,65030
369569,59.0,58.99,59.3,60.6,0,0,23.46,22.09,57.25,0.69,0.6,46037,1,31.07,60.0,1.74,1,65530
370078,59.05,59.02,59.3,60.6,0,0,23.42,22.12,57.25,0.69,0.6,46037,1,31.09,60.0,1.77,1,66031
370587,59.05,59.03,59.3,60.6,0,0,23.44,22.12,57.25,0.69,0.6,46037,1,31.09,60.0,1.78,1,66531
371096,59.09,59.04,59.3,60.6,0,0,23.24,22.12,57.25,0.69,0.6,46037,1,31.07,60.0,1.79,1,67031
371605,59.09,59.06,59.3,60.6,0,0,23.24,22.12,57.25,0.69,0.6,46037,1,31.07,60.0,1.81,1,67531
372114,59.1,59.07,59.3,60.6,0,0,23.61,22.12,57.25,0.69,0.6,46037,1,31.09,60.0,1.82,1,68031
372623,59.1,59.09,59.3,60.6,0,0,23.61,22.13,57.25,0.69,0.6,46037,1,31.09,60.0,1.83,1,68531
373132,59.12,59.1,59.3,60.6,0,0,23.59,22.13,57.25,0.69,0.6,46037,1,31.07,60.0,1.85,1,69031
373641,59.12,59.11,59.3,60.6,0,0,23.81,22.13,57.25,0.69,0.6,46037,1,31.09,60.0,1.86,1,69531
374150,59.12,59.12,59.3,60.6,0,0,23.81,22.14,57.25,0.69,0.6,46037,1,31.09,60.0,1.86,1,70031
374659,59.15,59.12,59.3,60.6,0,0,23.57,22.14,57.25,0.69,0.6,46037,1,31.09,60.0,1.87,1,70531
375168,59.2,59.14,59.3,60.6,0,0,23.65,22.15,57.25,0.69,0.6,46037,1,31.1,60.0,1.88,1,71031
375677,59.2,59.17,59.3,60.6,0,0,23.65,22.17,57.25,0.69,0.6,46037,1,31.1,60.0,1.91,1,71531
376186,59.17,59.19,59.3,60.6,0,0,23.79,22.17,57.25,0.69,0.6,46037,1,31.1,60.0,1.93,1,72031
376695,59.17,59.18,59.3,60.6,0,0,23.79,22.16,57.25,0.69,0.6,46037,1,31.1,60.0,1.92,1,72531
377204,59.2,59.18,59.3,60.6,0,0,23.87,22.16,57.25,0.69,0.6,46037,1,31.09,60.0,1.92,1,73031
377713,59.2,59.19,59.3,60.6,0,0,23.7,22.16,57.25,0.69,0.6,46037,1,31.1,60.0,1.93,1,73531
378222,59.24,59.19,59.3,60.6,0,0,23.94,22.17,57.25,0.69,0.6,46037,1,31.09,60.0,1.94,1,74031
378731,59.25,59.23,59.3,60.6,0,0,24.11,22.17,57.25,0.69,0.6,46037,1,31.09,60.0,1.98,1,75037
379240,59.25,59.24,59.3,60.6,0,0,24.11,22.17,57.25,0.69,0.6,46037,1,31.09,60.0,1.98,1,75539
379749,59.25,59.24,59.3,60.6,0,0,24.27,22.17,57.25,0.69,0.6,46037,1,31.09,60.0,1.99,1,76040
380258,59.25,59.25,59.3,60.6,0,0,24.27,22.17,57.25,0.69,0.6,46037,1,31.09,60.0,1.99,1,76540
380767,59.25,59.25,59.3,60.6,0,0,24.27,22.17,57.25,0.69,0.6,46037,1,31.09,60.0,1.99,1,77040
381276,59.25,59.25,59.3,60.6,0,0,24.27,22.17,57.25,0.69,0.6,46037,1,31.09,60.0,1.99,1,77540
381785,59.25,59.25,59.3,60.6,0,0,24.27,22.17,57.25,0.69,0.6,46037,1,31.09,60.0,1.99,1,78040
382294,59.34,59.29,59.3,60.6,0,0,24.14,22.21,57.25,0.69,0.6,46037,1,31.1,60.0,2.04,1,78540
382803,59.34,59.32,59.3,60.6,1,0,24.2,22.21,57.25,0.69,0.6,79040,0,31.09,60.0,2.06,0,0
383312,59.34,59.33,59.3,60.75,1,0,24.2,22.2,59.33,0.69,0.75,79040,0,31.09,60.0,0.0,0,500
383820,59.35,59.34,59.3,60.75,1,0,24.31,22.21,59.34,0.69,0.75,79040,0,31.1,60.0,0.0,0,1000
384329,59.35,59.34,59.3,60.75,1,0,24.31,22.21,59.34,0.69,0.75,79040,0,31.1,60.0,0.0,0,1500
384837,59.39,59.37,59.3,60.75,1,0,24.4,22.22,59.37,0.69,0.75,79040,0,31.1,60.0,0.0,0,2000
385345,59.42,59.4,59.3,60.75,1,0,24.38,22.22,59.4,0.69,0.75,79040,0,31.09,60.0,0.0,0,2500
385854,59.43,59.41,59.3,60.75,1,0,24.75,22.22,59.41,0.69,0.75,79040,0,31.07,60.0,0.0,0,3000
386363,59.43,59.42,59.3,60.75,1,0,24.75,22.21,59.42,0.69,0.75,79040,0,31.07,60.0,0.0,0,3500
386872,59.4,59.41,59.3,60.75,1,0,24.24,22.23,59.42,0.69,0.75,79040,0,31.1,60.0,0.0,0,4000
387381,59.46,59.41,59.3,60.75,1,0,24.31,22.23,59.42,0.69,0.75,79040,0,31.1,60.0,0.01,0,4504
387890,59.46,59.44,59.3,60.75,1,0,24.31,22.24,59.44,0.69,0.75,79040,0,31.1,60.0,0.0,0,5004
388399,59.45,59.44,59.3,60.75,1,0,24.38,22.23,59.44,0.69,0.75,79040,0,31.09,60.0,0.0,0,5506
388908,59.5,59.47,59.3,60.75,1,0,24.14,22.26,59.47,0.69,0.75,79040,0,31.1,60.0,0.0,0,6006
389417,59.5,59.49,59.3,60.75,1,0,24.14,22.26,59.49,0.69,0.75,79040,0,31.1,60.0,0.0,0,6506
389926,59.46,59.47,59.3,60.75,1,0,24.11,22.24,59.49,0.69,0.75,79040,0,31.1,60.0,0.01,0,7006
390435,59.52,59.47,59.3,60.75,1,0,23.81,22.24,59.49,0.69,0.75,79040,0,31.12,60.0,0.01,0,7506
390944,59.52,59.49,59.3,60.75,1,0,23.81,22.27,59.49,0.69,0.75,79040,0,31.12,60.0,0.0,0,8006
391453,59.53,59.51,59.3,60.75,1,0,24.31,22.26,59.51,0.69,0.75,79040,0,31.1,60.0,0.0,0,8506
391962,59.53,59.52,59.3,60.75,1,0,24.31,22.26,59.52,0.69,0.75,79040,0,31.1,60.0,0.0,0,9006
392471,59.57,59.55,59.3,60.75,1,0,23.72,22.26,59.55,0.69,0.75,79040,0,31.09,60.0,0.0,0,9506
392980,59.57,59.56,59.3,60.75,1,0,23.72,22.26,59.56,0.69,0.75,79040,0,31.09,60.0,0.0,0,10006
393489,59.59,59.57,59.3,60.75,1,0,23.63,22.27,59.57,0.69,0.75,79040,0,31.09,60.0,0.0,0,10506
393998,59.59,59.58,59.3,60.75,1,0,23.63,22.27,59.58,0.69,0.75,79040,0,31.09,60.0,0.0,0,11006
394507,59.59,59.58,59.3,60.75,1,0,23.63,22.27,59.58,0.69,0.75,79040,0,31.09,60.0,0.0,0,11507
395016,59.6,59.59,59.3,60.75,1,0,23.55,22.3,59.59,0.69,0.75,79040,0,31.12,60.0,0.0,0,12009
395525,59.64,59.6,59.3,60.75,1,0,23.52,22.3,59.6,0.69,0.75,79040,0,31.1,60.0,0.0,0,12509
396033,59.64,59.62,59.3,60.75,1,0,23.52,22.29,59.62,0.69,0.75,79040,0,31.1,60.0,0.0,0,13009
396542,59.65,59.64,59.3,60.75,1,0,22.94,22.31,59.64,0.69,0.75,79040,0,31.12,60.0,0.0,0,13509
397051,59.65,59.65,59.3,60.75,1,0,22.94,22.31,59.65,0.69,0.75,79040,0,31.12,60.0,0.0,0,14009
397560,59.7,59.65,59.3,60.75,1,0,23.18,22.31,59.65,0.69,0.75,79040,0,31.09,60.0,0.0,0,14509
398069,59.7,59.68,59.3,60.75,1,0,23.18,22.3,59.68,0.69,0.75,79040,0,31.09,60.0,0.0,0,15009
398578,59.7,59.69,59.3,60.75,1,0,22.78,22.3,59.69,0.69,0.75,79040,0,31.1,60.0,0.0,0,15509
399086,59.7,59.7,59.3,60.75,1,0,22.78,22.31,59.7,0.69,0.75,79040,0,31.1,60.0,0.0,0,16009
399595,59.72,59.7,59.3,60.75,1,0,22.65,22.31,59.7,0.69,0.75,79040,0,31.12,60.0,0.0,0,16509
400104,59.72,59.71,59.3,60.75,1,0,22.65,22.33,59.71,0.69,0.75,79040,0,31.12,60.0,0.0,0,17009
400613,59.76,59.71,59.3,60.75,1,0,22.59,22.33,59.71,0.69,0.75,79040,0,31.1,60.0,0.0,0,17509
401122,59.79,59.74,59.3,60.75,1,0,22.57,22.33,59.74,0.69,0.75,79040,0,31.09,60.0,0.0,0,18009
401631,59.79,59.76,59.3,60.75,1,0,22.57,22.32,59.76,0.69,0.75,79040,0,31.09,60.0,0.0,0,18509
402140,59.79,59.77,59.3,60.75,1,0,22.57,22.32,59.77,0.69,0.75,79040,0,31.09,60.0,0.0,0,19009
402649,59.84,59.78,59.3,60.75,1,0,22.22,22.32,59.78,0.69,0.75,79040,0,31.12,60.0,0.0,0,19509
403158,59.86,59.81,59.3,60.75,1,0,22.07,22.36,59.81,0.69,0.75,79040,0,31.1,60.0,0.0,0,20009
403667,59.88,59.84,59.3,60.75,1,0,22.11,22.36,59.84,0.69,0.75,79040,0,31.13,60.0,0.0,0,20509
404176,59.88,59.86,59.3,60.75,1,0,22.11,22.39,59.86,0.69,0.75,79040,0,31.13,60.0,0.0,0,21009
404685,59.85,59.87,59.3,60.75,1,0,21.92,22.39,59.87,0.69,0.75,79040,0,31.12,60.0,0.0,0,21509
405194,59.85,59.86,59.3,60.75,1,0,21.92,22.37,59.87,0.69,0.75,79040,0,31.12,60.0,0.0,0,22009
405703,59.85,59.86,59.3,60.75,1,0,21.92,22.37,59.87,0.69,0.75,79040,0,31.12,60.0,0.01,0,22509
406212,59.96,59.86,59.3,60.75,1,0,21.79,22.37,59.87,0.69,0.75,79040,0,31.12,60.0,0.01,0,23009
406721,59.96,59.91,59.3,60.75,1,0,21.79,22.4,59.91,0.69,0.75,79040,0,31.12,60.0,0.0,0,23509
407230,59.98,59.93,59.3,60.75,1,0,21.59,22.4,59.93,0.69,0.75,79040,0,31.12,60.0,0.0,0,24009
407739,59.98,59.95,59.3,60.75,1,0,21.59,22.4,59.95,0.69,0.75,79040,0,31.12,60.0,0.0,0,24509
408247,59.98,59.97,59.3,60.75,1,0,21.59,22.4,59.97,0.69,0.75,79040,0,31.12,60.0,0.0,0,25018
408756,60.07,60.02,59.3,60.75,1,0,21.29,22.43,60.02,0.69,0.75,79040,0,31.12,60.0,0.0,0,26022
409265,60.04,60.03,59.3,60.75,1,0,21.25,22.43,60.03,0.69,0.75,79040,0,31.13,60.0,0.0,0,26522
409774,60.04,60.04,59.3,60.75,1,0,21.25,22.43,60.04,0.69,0.75,79040,0,31.13,60.0,0.0,0,27022
410283,60.12,60.08,59.3,60.75,1,0,21.07,22.44,60.08,0.69,0.75,79040,0,31.12,60.0,0.0,0,27522
410792,60.13,60.1,59.3,60.75,1,0,21.03,22.44,60.1,0.69,0.75,79040,0,31.12,60.0,0.0,0,28022
411301,60.13,60.12,59.3,60.75,1,0,21.03,22.44,60.12,0.69,0.75,79040,0,31.12,60.0,0.0,0,28522
411810,60.13,60.12,59.3,60.75,1,0,21.03,22.44,60.12,0.69,0.75,79040,0,31.12,60.0,0.0,0,29022
412319,60.19,60.16,59.3,60.75,1,0,20.79,22.46,60.16,0.69,0.75,79040,0,31.12,60.0,0.0,0,29522
412828,60.19,60.17,59.3,60.75,1,0,20.79,22.46,60.17,0.69,0.75,79040,0,31.12,60.0,0.0,0,30022
413337,60.22,60.2,59.3,60.75,1,0,20.84,22.47,60.2,0.69,0.75,79040,0,31.12,60.0,0.0,0,30522
413849,60.22,60.21,59.3,60.75,1,0,20.84,22.47,60.21,0.69,0.75,79040,0,31.12,60.0,0.0,0,31022
414358,60.25,60.23,59.3,60.75,1,0,20.62,22.46,60.23,0.69,0.75,79040,0,31.1,60.0,0.0,0,31522
414867,60.3,60.27,59.3,60.75,1,0,20.56,22.49,60.27,0.69,0.75,79040,0,31.12,60.0,0.0,0,32022
415376,60.3,60.28,59.3,60.75,1,0,20.56,22.49,60.28,0.69,0.75,79040,0,31.12,60.0,0.0,0,32522
415885,60.33,60.31,59.3,60.75,1,0,20.28,22.51,60.31,0.69,0.75,79040,0,31.13,60.0,0.0,0,33022
416394,60.33,60.32,59.3,60.75,1,0,20.28,22.51,60.32,0.69,0.75,79040,0,31.13,60.0,0.0,0,33522
416911,60.41,60.33,59.3,60.75,1,0,20.21,22.51,60.33,0.69,0.75,79040,0,31.1,60.0,0.0,0,34022
417420,60.41,60.37,59.3,60.75,1,0,20.21,22.51,60.37,0.69,0.75,79040,0,31.1,60.0,0.0,0,34522
417929,60.49,60.39,59.3,60.75,1,0,19.91,22.51,60.39,0.69,0.75,79040,0,31.12,60.0,0.0,0,35022
418438,60.49,60.44,59.3,60.75,1,0,19.91,22.54,60.44,0.69,0.75,79040,0,31.12,60.0,0.0,0,35522
418947,60.49,60.47,59.3,60.75,1,0,19.91,22.54,60.47,0.69,0.75,79040,0,31.12,60.0,0.0,0,36022
419456,60.49,60.48,59.3,60.75,1,0,19.91,22.54,60.48,0.69,0.75,79040,0,31.12,60.0,0.0,0,36522
419965,60.6,60.54,59.3,60.75,1,0,19.69,22.6,60.54,0.69,0.75,79040,0,31.14,60.0,0.0,0,37022
420474,60.6,60.57,59.3,60.75,1,0,19.69,22.6,60.57,0.69,0.75,79040,0,31.14,60.0,0.0,0,37522
420983,60.67,60.62,59.3,60.75,1,0,19.59,22.6,60.62,0.69,0.75,79040,0,31.13,60.0,0.0,0,38022
421492,60.67,60.64,59.3,60.75,1,0,19.59,22.6,60.64,0.69,0.75,79040,0,31.13,60.0,0.0,0,38522
422001,60.69,60.66,59.3,60.75,1,0,19.59,22.6,60.66,0.69,0.75,79040,0,31.13,60.0,0.0,0,39022
422510,60.69,60.68,59.3,60.75,1,0,19.59,22.61,60.68,0.69,0.75,79040,0,31.13,60.0,0.0,0,39522
423019,60.74,60.68,59.3,60.75,1,0,19.67,22.61,60.68,0.69,0.75,79040,0,31.13,60.0,0.0,0,40022
423528,60.74,60.71,59.3,60.75,1,0,19.67,22.62,60.71,0.69,0.75,79040,0,31.13,60.0,0.0,0,40522
424037,60.81,60.76,59.3,60.75,1,0,19.2,22.67,60.76,0.69,0.75,79040,0,31.16,60.0,0.0,0,41022
424546,60.88,60.79,59.3,60.75,1,0,19.11,22.67,60.79,0.69,0.75,79040,0,31.13,60.0,0.0,0,41522
425055,60.88,60.83,59.3,60.75,1,0,19.22,22.66,60.83,0.69,0.75,79040,0,31.13,60.0,0.0,0,42022
425564,60.88,60.86,59.3,60.75,1,0,19.22,22.66,60.86,0.69,0.75,79040,0,31.13,60.0,0.0,0,42522
426072,60.93,60.87,59.3,60.75,1,0,18.53,22.66,60.87,0.69,0.75,79040,0,31.13,60.0,0.0,0,43022
426580,60.93,60.9,59.3,60.75,1,0,18.53,22.67,60.9,0.69,0.75,79040,0,31.13,60.0,0.0,0,43522
427089,60.95,60.92,59.3,60.75,1,0,18.53,22.69,60.92,0.69,0.75,79040,0,31.14,60.0,0.0,0,44022
427598,60.95,60.94,59.3,60.75,1,0,18.53,22.69,60.94,0.69,0.75,79040,0,31.14,60.0,0.0,0,44522
428107,61.02,60.94,59.3,60.75,1,0,18.66,22.69,60.94,0.69,0.75,79040,0,31.14,60.0,0.0,0,45022
428616,61.02,60.98,59.3,60.75,1,0,18.66,22.71,60.98,0.69,0.75,79040,0,31.14,60.0,0.0,0,45522
429125,61.03,61.01,59.3,60.75,1,1,18.64,22.7,61.01,0.69,0.75,79040,0,31.13,60.0,0.0,1,46022
429634,61.07,61.02,59.3,60.75,1,1,18.55,22.7,61.02,0.69,0.75,79040,0,31.13,60.0,0.0,1,46522
430142,61.07,61.04,59.3,60.75,1,1,18.55,22.71,61.04,0.69,0.75,79040,0,31.13,60.0,0.0,1,47022
430651,61.13,61.06,59.3,60.75,1,1,18.53,22.71,61.06,0.69,0.75,79040,0,31.13,60.0,0.0,1,47522
431160,61.16,61.1,59.3,60.75,1,1,18.75,22.73,61.1,0.69,0.75,79040,0,31.12,60.0,0.0,1,48022
431669,61.15,61.13,59.3,60.75,1,1,18.72,22.72,61.13,0.69,0.75,79040,0,31.13,60.0,0.0,1,48522
432178,61.15,61.14,59.3,60.75,1,1,18.72,22.73,61.14,0.69,0.75,79040,0,31.13,60.0,0.0,1,49022
432687,61.15,61.14,59.3,60.75,1,1,18.72,22.73,61.14,0.69,0.75,79040,0,31.13,60.0,0.0,1,49522
433195,60.77,61.14,59.3,60.75,1,1,19.22,22.73,61.14,0.69,0.75,79040,0,31.12,60.0,0.0,1,50022
433704,60.21,60.96,59.3,60.75,1,1,19.24,22.62,61.14,0.69,0.75,79040,1,31.09,60.0,0.18,1,50522
434213,60.21,60.58,59.3,60.75,0,1,19.24,22.44,61.14,0.69,0.75,51022,0,31.09,60.0,0.55,1,0
434721,60.21,60.4,59.23,60.75,0,1,19.24,22.44,60.4,0.76,0.75,51022,0,31.09,60.0,0.0,1,500
435230,59.49,60.31,59.23,60.75,0,1,19.44,22.44,60.31,0.76,0.75,51022,0,31.12,60.0,0.0,1,1000
435739,59.16,59.9,59.23,60.75,0,0,19.41,22.27,59.9,0.76,0.75,51022,0,31.1,60.0,0.0,1,1500
436248,59.16,59.53,59.23,60.75,0,0,19.41,22.16,59.53,0.76,0.75,51022,0,31.1,60.0,0.0,1,2000
436757,58.64,58.99,59.23,60.75,0,0,19.5,22.0,58.99,0.76,0.75,51022,0,31.09,60.0,0.0,1,3001
437266,58.64,58.81,59.23,60.75,0,0,19.5,22.0,58.81,0.76,0.75,51022,0,31.09,60.0,0.0,1,3501
437775,58.09,58.45,59.23,60.75,0,0,19.2,21.81,58.45,0.76,0.75,51022,0,31.04,60.0,0.0,1,4001
438284,58.09,58.27,59.23,60.75,0,0,19.2,21.81,58.27,0.76,0.75,51022,0,31.04,60.0,0.0,1,4501
438793,57.74,58.01,59.23,60.75,0,0,19.11,21.73,58.01,0.76,0.75,51022,0,31.06,60.0,0.0,1,5001
439302,57.66,57.84,59.23,60.75,0,0,19.05,21.73,57.84,0.76,0.75,51022,0,31.09,60.0,0.0,1,5501
439811,57.49,57.66,59.23,60.75,0,0,19.0,21.66,57.66,0.76,0.75,51022,0,31.06,60.0,0.0,1,6001
440320,57.49,57.58,59.23,60.75,0,0,19.0,21.66,57.58,0.76,0.75,51022,0,31.06,60.0,0.0,1,6501
440829,57.3,57.44,59.23,60.75,0,0,18.66,21.58,57.44,0.76,0.75,51022,0,31.04,60.0,0.0,1,7001
441338,57.26,57.35,59.23,60.75,0,0,18.64,21.59,57.35,0.76,0.75,51022,0,31.06,60.0,0.0,1,7501
441847,57.22,57.3,59.23,60.75,0,0,19.24,21.59,57.3,0.76,0.75,51022,0,31.06,60.0,0.0,1,8001
442356,57.22,57.26,59.23,60.75,0,0,19.24,21.58,57.26,0.76,0.75,51022,0,31.06,60.0,0.0,1,8501
442865,57.22,57.24,59.23,60.75,0,0,19.24,21.58,57.24,0.76,0.75,51022,0,31.06,60.0,0.0,1,9001
443374,57.22,57.23,59.23,60.75,0,0,19.24,21.58,57.23,0.76,0.75,51022,0,31.06,60.0,0.0,1,9501
443883,57.09,57.16,59.23,60.75,0,0,18.72,21.54,57.16,0.76,0.75,51022,0,31.06,60.0,0.0,1,10001
444392,57.04,57.1,59.23,60.75,0,0,18.83,21.51,57.1,0.76,0.75,51022,0,31.04,60.0,0.0,1,10512
444901,56.99,57.07,59.23,60.75,0,0,18.53,21.51,57.07,0.76,0.75,51022,0,31.04,60.0,0.0,1,11012
445410,56.99,57.03,59.23,60.75,0,0,18.53,21.49,57.03,0.76,0.75,51022,0,31.04,60.0,0.0,1,11512
445919,56.95,56.99,59.23,60.75,0,0,18.7,21.47,56.99,0.76,0.75,51022,0,31.03,60.0,0.0,1,12012
446428,56.95,56.97,59.23,60.75,0,0,18.7,21.47,56.97,0.76,0.75,51022,0,31.03,60.0,0.0,1,12512
446936,57.03,57.0,59.23,60.75,0,0,18.85,21.49,56.97,0.76,0.75,51022,0,31.03,60.0,0.02,1,13012
447444,57.03,57.01,59.23,60.75,0,0,18.85,21.49,56.97,0.76,0.75,51022,0,31.03,60.0,0.04,1,13512
447953,57.06,57.03,59.23,60.75,0,0,19.09,21.53,56.97,0.76,0.75,51022,0,31.06,60.0,0.06,1,14012
448462,57.06,57.05,59.23,60.75,0,0,19.09,21.53,56.97,0.76,0.75,51022,0,31.06,60.0,0.07,1,14512
448971,57.17,57.05,59.23,60.75,0,0,19.28,21.53,56.97,0.76,0.75,51022,0,31.04,60.0,0.08,1,15012
449480,57.17,57.11,59.23,60.75,0,0,19.28,21.54,56.97,0.76,0.75,51022,0,31.04,60.0,0.13,1,15512
449989,57.14,57.13,59.23,60.75,0,0,19.05,21.54,56.97,0.76,0.75,51022,1,31.04,60.0,0.15,1,16012
450498,57.21,57.13,59.23,60.75,0,0,19.28,21.54,56.97,0.76,0.75,51022,1,31.04,60.0,0.16,1,16512
451006,57.21,57.17,59.23,60.75,0,0,19.28,21.56,56.97,0.76,0.75,51022,1,31.04,60.0,0.2,1,17012
451515,57.28,57.19,59.23,60.75,0,0,19.48,21.56,56.97,0.76,0.75,51022,1,31.07,60.0,0.22,1,17512
452024,57.34,57.24,59.23,60.75,0,0,19.39,21.61,56.97,0.76,0.75,51022,1,31.04,60.0,0.26,1,18012
452533,57.34,57.29,59.23,60.75,0,0,19.39,21.59,56.97,0.76,0.75,51022,1,31.04,60.0,0.31,1,18512
453042,57.32,57.3,59.23,60.75,0,0,19.61,21.59,56.97,0.76,0.75,51022,1,31.04,60.0,0.33,1,19012
453551,57.41,57.36,59.23,60.75,0,0,19.65,21.64,56.97,0.76,0.75,51022,1,31.07,60.0,0.38,1,19528
454060,57.43,57.38,59.23,60.75,0,0,19.54,21.64,56.97,0.76,0.75,51022,1,31.04,60.0,0.4,1,20028
454569,57.43,57.4,59.23,60.75,0,0,19.54,21.62,56.97,0.76,0.75,51022,1,31.04,60.0,0.43,1,20528
455078,57.48,57.42,59.23,60.75,0,0,19.72,21.62,56.97,0.76,0.75,51022,1,31.03,60.0,0.44,1,21028
455587,57.48,57.45,59.23,60.75,0,0,19.72,21.62,56.97,0.76,0.75,51022,1,31.03,60.0,0.47,1,21528
456096,57.54,57.5,59.23,60.75,0,0,19.93,21.68,56.97,0.76,0.75,51022,1,31.07,60.0,0.52,1,22028
456605,57.58,57.52,59.23,60.75,0,0,19.72,21.68,56.97,0.76,0.75,51022,1,31.06,60.0,0.54,1,22528
457114,57.58,57.55,59.23,60.75,0,0,19.72,21.68,56.97,0.76,0.75,51022,1,31.06,60.0,0.57,1,23028
457623,57.65,57.6,59.23,60.75,0,0,19.82,21.71,56.97,0.76,0.75,51022,1,31.07,60.0,0.62,1,23528
458132,57.64,57.62,59.23,60.75,0,0,19.91,21.71,56.97,0.76,0.75,51022,1,31.04,60.0,0.64,1,24028
458641,57.64,57.63,59.23,60.75,0,0,19.91,21.68,56.97,0.76,0.75,51022,1,31.04,60.0,0.65,1,24528
459150,57.71,57.64,59.23,60.75,0,0,19.89,21.68,56.97,0.76,0.75,51022,1,31.06,60.0,0.66,1,25028
459659,57.71,57.67,59.23,60.75,0,0,19.89,21.72,56.97,0.76,0.75,51022,1,31.06,60.0,0.69,1,25528
460168,57.77,57.72,59.23,60.75,0,0,20.08,21.73,56.97,0.76,0.75,51022,1,31.06,60.0,0.74,1,26028
460677,57.77,57.74,59.23,60.75,0,0,20.08,21.73,56.97,0.76,0.75,51022,1,31.06,60.0,0.77,1,26528
461186,57.8,57.76,59.23,60.75,0,0,20.36,21.73,56.97,0.76,0.75,51022,1,31.04,60.0,0.78,1,27028
461695,57.85,57.78,59.23,60.75,0,0,20.38,21.73,56.97,0.76,0.75,51022,1,31.07,60.0,0.8,1,27528
462203,57.85,57.81,59.23,60.75,0,0,20.38,21.77,56.97,0.76,0.75,51022,1,31.07,60.0,0.84,1,28028
462712,57.93,57.83,59.23,60.75,0,0,20.38,21.77,56.97,0.76,0.75,51022,1,31.07,60.0,0.85,1,28532
463221,57.93,57.88,59.23,60.75,0,0,20.38,21.79,56.97,0.76,0.75,51022,1,31.07,60.0,0.9,1,29032
463730,57.94,57.91,59.23,60.75,0,0,20.84,21.79,56.97,0.76,0.75,51022,1,31.1,60.0,0.93,1,29532
464239,57.94,57.92,59.23,60.75,0,0,20.84,21.82,56.97,0.76,0.75,51022,1,31.1,60.0,0.95,1,30032
464748,57.97,57.93,59.23,60.75,0,0,20.66,21.82,56.97,0.76,0.75,51022,1,31.09,60.0,0.95,1,30532
465257,57.97,57.95,59.23,60.75,0,0,20.66,21.82,56.97,0.76,0.75,51022,1,31.09,60.0,0.98,1,31032
465766,57.97,57.96,59.23,60.75,0,0,20.66,21.82,56.97,0.76,0.75,51022,1,31.09,60.0,0.99,1,31532
466275,58.06,57.97,59.23,60.75,0,0,20.69,21.82,56.97,0.76,0.75,51022,1,31.07,60.0,0.99,1,32032
466784,58.09,58.01,59.23,60.75,0,0,20.86,21.83,56.97,0.76,0.75,51022,1,31.06,60.0,1.04,1,32532
467293,58.09,58.07,59.23,60.75,0,0,20.86,21.83,56.97,0.76,0.75,51022,1,31.06,60.0,1.1,1,33537
467802,58.09,58.08,59.23,60.75,0,0,20.94,21.85,56.97,0.76,0.75,51022,1,31.09,60.0,1.1,1,34037
468311,58.1,58.09,59.23,60.75,0,0,21.1,21.84,56.97,0.76,0.75,51022,1,31.07,60.0,1.11,1,34537
468820,58.12,58.11,59.23,60.75,0,0,21.01,21.86,56.97,0.76,0.75,51022,1,31.09,60.0,1.13,1,35037
469329,58.12,58.12,59.23,60.75,0,0,21.01,21.86,56.97,0.76,0.75,51022,1,31.09,60.0,1.14,1,35537
469838,58.17,58.14,59.23,60.75,0,0,21.14,21.87,56.97,0.76,0.75,51022,1,31.09,60.0,1.17,1,36037
470347,58.17,58.16,59.23,60.75,0,0,21.14,21.87,56.97,0.76,0.75,51022,1,31.09,60.0,1.18,1,36537
470856,58.19,58.17,59.23,60.75,0,0,21.25,21.86,56.97,0.76,0.75,51022,1,31.07,60.0,1.2,1,37041
471365,58.19,58.18,59.23,60.75,0,0,21.25,21.86,56.97,0.76,0.75,51022,1,31.07,60.0,1.2,1,37541
471874,58.17,58.18,59.23,60.75,0,0,21.42,21.86,56.97,0.76,0.75,51022,1,31.07,60.0,1.2,1,38041
472383,58.17,58.17,59.23,60.75,0,0,21.42,21.86,56.97,0.76,0.75,51022,1,31.07,60.0,1.2,1,38541
472892,58.21,58.19,59.23,60.75,0,0,21.4,21.88,56.97,0.76,0.75,51022,1,31.09,60.0,1.22,1,39041
473401,58.21,58.2,59.23,60.75,0,0,21.4,21.88,56.97,0.76,0.75,51022,1,31.09,60.0,1.22,1,39541
473910,58.21,58.21,59.23,60.75,0,0,21.4,21.88,56.97,0.76,0.75,51022,1,31.09,60.0,1.23,1,40041
474419,58.29,58.21,59.23,60.75,0,0,21.4,21.88,56.97,0.76,0.75,51022,1,31.12,60.0,1.23,1,40541
474928,58.29,58.25,59.23,60.75,0,0,21.4,21.93,56.97,0.76,0.75,51022,1,31.12,60.0,1.27,1,41041
475437,58.3,58.28,59.23,60.75,0,0,21.57,21.94,56.97,0.76,0.75,51022,1,31.12,60.0,1.3,1,41541
475946,58.29,58.29,59.23,60.75,0,0,21.74,21.94,56.97,0.76,0.75,51022,1,31.09,60.0,1.31,1,42041
476455,58.29,58.29,59.23,60.75,0,0,21.74,21.9,56.97,0.76,0.75,51022,1,31.09,60.0,1.31,1,42541
476964,58.32,58.29,59.23,60.75,0,0,21.72,21.9,56.97,0.76,0.75,51022,1,31.07,60.0,1.31,1,43041
477473,58.32,58.3,59.23,60.75,0,0,21.72,21.9,56.97,0.76,0.75,51022,1,31.07,60.0,1.33,1,43541
477982,58.33,58.31,59.23,60.75,0,0,21.85,21.93,56.97,0.76,0.75,51022,1,31.1,60.0,1.34,1,44041
478491,58.33,58.32,59.23,60.75,0,0,21.85,21.93,56.97,0.76,0.75,51022,1,31.1,60.0,1.34,1,44541
479000,58.33,58.32,59.23,60.75,0,0,21.85,21.93,56.97,0.76,0.75,51022,1,31.1,60.0,1.35,1,45041
479509,58.33,58.32,59.23,60.75,0,0,21.85,21.93,56.97,0.76,0.75,51022,1,31.1,60.0,1.35,1,45541
480018,58.33,58.32,59.23,60.75,0,0,21.85,21.93,56.97,0.76,0.75,51022,1,31.1,60.0,1.35,1,46041
480527,58.33,58.33,59.23,60.75,0,0,21.85,21.93,56.97,0.76,0.75,51022,1,31.1,60.0,1.35,1,46541
481036,58.43,58.38,59.23,60.75,0,0,22.68,21.96,56.97,0.76,0.75,51022,1,31.1,60.0,1.4,1,47041
481545,58.43,58.4,59.23,60.75,0,0,22.68,21.96,56.97,0.76,0.75,51022,1,31.1,60.0,1.42,1,47541
482054,58.43,58.41,59.23,60.75,0,0,22.68,21.96,56.97,0.76,0.75,51022,1,31.1,60.0,1.44,1,48041
482563,58.4,58.4,59.23,60.75,0,0,22.5,21.92,56.97,0.76,0.75,51022,1,31.07,60.0,1.43,1,48541
483072,58.41,58.4,59.23,60.75,0,0,22.26,21.92,56.97,0.76,0.75,51022,1,31.09,60.0,1.42,1,49041
483581,58.41,58.41,59.23,60.75,0,0,22.26,21.94,56.97,0.76,0.75,51022,1,31.09,60.0,1.43,1,49541
484090,58.41,58.41,59.23,60.75,0,0,22.26,21.94,56.97,0.76,0.75,51022,1,31.09,60.0,1.43,1,50041
484599,58.48,58.44,59.23,60.75,0,0,22.33,21.99,56.97,0.76,0.75,51022,1,31.12,60.0,1.47,1,50541
485108,58.45,58.46,59.23,60.75,0,0,22.61,21.99,56.97,0.76,0.75,51022,1,31.1,60.0,1.48,1,51041
485617,58.45,58.46,59.23,60.75,0,0,22.61,21.96,56.97,0.76,0.75,51022,1,31.1,60.0,1.48,1,51541
486126,58.48,58.47,59.23,60.75,0,0,22.55,21.97,56.97,0.76,0.75,51022,1,31.1,60.0,1.49,1,52041
486635,58.5,58.47,59.23,60.75,0,0,22.7,21.97,56.97,0.76,0.75,51022,1,31.12,60.0,1.49,1,52541
487144,58.5,58.49,59.23,60.75,0,0,22.7,21.99,56.97,0.76,0.75,51022,1,31.12,60.0,1.51,1,53041
487653,58.47,58.5,59.23,60.75,0,0,22.46,21.99,56.97,0.76,0.75,51022,1,31.07,60.0,1.52,1,53541
488162,58.5,58.48,59.23,60.75,0,0,23.05,21.94,56.97,0.76,0.75,51022,1,31.12,60.0,1.51,1,54041
488671,58.5,58.49,59.23,60.75,0,0,23.05,21.99,56.97,0.76,0.75,51022,1,31.12,60.0,1.52,1,54541
489180,58.49,58.5,59.23,60.75,0,0,22.72,21.99,56.97,0.76,0.75,51022,1,31.1,60.0,1.52,1,55041
489689,58.49,58.49,59.23,60.75,0,0,22.72,21.97,56.97,0.76,0.75,51022,1,31.1,60.0,1.52,1,55541
490198,58.49,58.49,59.23,60.75,0,0,22.72,21.97,56.97,0.76,0.75,51022,1,31.1,60.0,1.52,1,56043
490707,58.49,58.49,59.23,60.75,0,0,22.72,21.97,56.97,0.76,0.75,51022,1,31.1,60.0,1.51,1,56543
491216,58.58,58.49,59.23,60.75,0,0,22.85,21.97,56.97,0.76,0.75,51022,1,31.1,60.0,1.51,1,57043
491725,58.58,58.53,59.23,60.75,0,0,22.85,22.0,56.97,0.76,0.75,51022,1,31.1,60.0,1.56,1,57543
492234,58.56,58.56,59.23,60.75,0,0,22.91,22.0,56.97,0.76,0.75,51022,1,31.1,60.0,1.58,1,58043
492743,58.61,58.56,59.23,60.75,0,0,23.05,21.99,56.97,0.76,0.75,51022,1,31.1,60.0,1.58,1,58543
493252,58.64,58.59,59.23,60.75,0,0,22.78,22.01,56.97,0.76,0.75,51022,1,31.12,60.0,1.61,1,59043
493761,58.59,58.61,59.23,60.75,0,0,23.05,22.03,56.97,0.76,0.75,51022,1,31.1,60.0,1.64,1,59543
494270,58.59,58.6,59.23,60.75,0,0,23.05,22.0,56.97,0.76,0.75,51022,1,31.1,60.0,1.62,1,60043
494779,58.6,58.59,59.23,60.75,0,0,23.07,22.0,56.97,0.76,0.75,51022,1,31.1,60.0,1.62,1,60543
495288,58.6,58.6,59.23,60.75,0,0,23.07,22.01,56.97,0.76,0.75,51022,1,31.1,60.0,1.62,1,61043
495797,58.63,58.6,59.23,60.75,0,0,23.63,22.01,56.97,0.76,0.75,51022,1,31.12,60.0,1.62,1,61543
496306,58.63,58.62,59.23,60.75,0,0,23.63,22.03,56.97,0.76,0.75,51022,1,31.12,60.0,1.65,1,62550
496815,58.68,58.65,59.23,60.75,0,0,23.18,22.06,56.97,0.76,0.75,51022,1,31.13,60.0,1.68,1,63050
497324,58.67,58.66,59.23,60.75,0,0,23.37,22.04,56.97,0.76,0.75,51022,1,31.12,60.0,1.68,1,63550
497833,58.67,58.66,59.23,60.75,0,0,23.37,22.04,56.97,0.76,0.75,51022,1,31.12,60.0,1.69,1,64050
498342,58.65,58.66,59.23,60.75,0,0,23.46,22.03,56.97,0.76,0.75,51022,1,31.12,60.0,1.68,1,64560
498851,58.65,58.65,59.23,60.75,0,0,23.46,22.03,56.97,0.76,0.75,51022,1,31.12,60.0,1.68,1,65060
499360,58.7,58.68,59.23,60.75,0,0,22.81,22.07,56.97,0.76,0.75,51022,1,31.14,60.0,1.7,1,65560
499869,58.68,58.68,59.23,60.75,0,0,23.42,22.04,56.97,0.76,0.75,51022,1,31.12,60.0,1.7,1,66060
500378,58.68,58.68,59.23,60.75,0,0,23.42,22.04,56.97,0.76,0.75,51022,1,31.12,60.0,1.7,1,66560
500887,58.68,58.68,59.23,60.75,0,0,23.63,22.04,56.97,0.76,0.75,51022,1,31.13,60.0,1.7,1,67060
501396,58.68,58.68,59.23,60.75,0,0,23.63,22.06,56.97,0.76,0.75,51022,1,31.13,60.0,1.7,1,67560
501905,58.7,58.69,59.23,60.75,0,0,23.55,22.03,56.97,0.76,0.75,51022,1,31.1,60.0,1.71,1,68060
502414,58.7,58.7,59.23,60.75,0,0,23.55,22.03,56.97,0.76,0.75,51022,1,31.1,60.0,1.72,1,68560
502923,58.74,58.7,59.23,60.75,0,0,23.35,22.03,56.97,0.76,0.75,51022,1,31.1,60.0,1.72,1,69060
503432,58.74,58.72,59.23,60.75,0,0,23.35,22.04,56.97,0.76,0.75,51022,1,31.1,60.0,1.74,1,69560
503941,58.72,58.72,59.23,60.75,0,0,23.68,22.07,56.97,0.76,0.75,51022,1,31.13,60.0,1.74,1,70060
504450,58.72,58.72,59.23,60.75,0,0,23.68,22.07,56.97,0.76,0.75,51022,1,31.13,60.0,1.74,1,70560
504959,58.78,58.75,59.23,60.75,0,0,23.7,22.05,56.97,0.76,0.75,51022,1,31.1,60.0,1.77,1,71060
505468,58.78,58.76,59.23,60.75,0,0,23.7,22.05,56.97,0.76,0.75,51022,1,31.1,60.0,1.78,1,71560
505977,58.77,58.76,59.23,60.75,0,0,23.94,22.07,56.97,0.76,0.75,51022,1,31.12,60.0,1.79,1,72060
506486,58.83,58.8,59.23,60.75,0,0,23.65,22.11,56.97,0.76,0.75,51022,1,31.14,60.0,1.82,1,72567
506995,58.78,58.82,59.23,60.75,0,0,24.03,22.11,56.97,0.76,0.75,51022,1,31.13,60.0,1.84,1,73067
507519,58.81,58.8,59.23,60.75,0,0,23.98,22.08,56.97,0.76,0.75,51022,1,31.14,60.0,1.82,1,73567
508028,58.81,58.8,59.23,60.75,0,0,23.98,22.1,56.97,0.76,0.75,51022,1,31.14,60.0,1.83,1,74067
508537,58.83,58.81,59.23,60.75,0,0,23.96,22.1,56.97,0.76,0.75,51022,1,31.13,60.0,1.83,1,74567
509046,58.83,58.82,59.23,60.75,0,0,23.96,22.1,56.97,0.76,0.75,51022,1,31.13,60.0,1.84,1,75067
509555,58.81,58.81,59.23,60.75,0,0,23.98,22.09,56.97,0.76,0.75,51022,1,31.13,60.0,1.84,1,75567
510064,58.81,58.81,59.23,60.75,0,0,23.98,22.09,56.97,0.76,0.75,51022,1,31.13,60.0,1.83,1,76067
510573,58.86,58.83,59.23,60.75,0,0,24.31,22.1,56.97,0.76,0.75,51022,1,31.13,60.0,1.86,1,76567
511082,58.86,58.84,59.23,60.75,0,0,24.31,22.1,56.97,0.76,0.75,51022,1,31.13,60.0,1.87,1,77067
511591,58.84,58.85,59.23,60.75,0,0,24.4,22.1,56.97,0.76,0.75,51022,1,31.13,60.0,1.87,1,77567
512100,58.84,58.85,59.23,60.75,0,0,24.4,22.1,56.97,0.76,0.75,51022,1,31.13,60.0,1.87,1,78067
512609,58.88,58.86,59.23,60.75,0,0,24.29,22.11,56.97,0.76,0.75,51022,1,31.13,60.0,1.89,1,78567
513118,58.88,58.87,59.23,60.75,0,0,24.22,22.11,56.97,0.76,0.75,51022,1,31.13,60.0,1.89,1,79067
513627,58.91,58.88,59.23,60.75,0,0,24.2,22.11,56.97,0.76,0.75,51022,1,31.13,60.0,1.9,1,79567
514149,58.91,58.89,59.23,60.75,0,0,24.51,22.12,56.97,0.76,0.75,51022,1,31.13,60.0,1.91,1,80067
514658,58.91,58.9,59.23,60.75,0,0,24.51,22.12,56.97,0.76,0.75,51022,1,31.13,60.0,1.92,1,80567
515167,58.91,58.9,59.23,60.75,0,0,24.51,22.12,56.97,0.76,0.75,51022,1,31.13,60.0,1.93,1,81067
515676,58.94,58.91,59.23,60.75,0,0,24.6,22.12,56.97,0.76,0.75,51022,1,31.12,60.0,1.93,1,81567
516185,58.94,58.92,59.23,60.75,0,0,24.6,22.11,56.97,0.76,0.75,51022,1,31.12,60.0,1.95,1,82068
516694,58.93,58.93,59.23,60.75,0,0,24.38,22.11,56.97,0.76,0.75,51022,1,31.13,60.0,1.95,1,82568
517208,58.98,58.93,59.23,60.75,0,0,24.55,22.12,56.97,0.76,0.75,51022,1,31.17,60.0,1.95,1,83068
517717,58.98,58.95,59.23,60.75,0,0,24.55,22.18,56.97,0.76,0.75,51022,1,31.17,60.0,1.98,1,83568
518226,59.01,58.98,59.23,60.75,0,0,24.55,22.15,56.97,0.76,0.75,51022,1,31.13,60.0,2.0,1,84068
518735,59.01,58.99,59.23,60.75,0,0,24.55,22.15,56.97,0.76,0.75,51022,1,31.13,60.0,2.02,1,84568
519244,59.0,59.0,59.23,60.75,0,0,24.79,22.15,56.97,0.76,0.75,51022,1,31.12,60.0,2.02,1,85068
519753,59.0,59.0,59.23,60.75,0,0,24.79,22.13,56.97,0.76,0.75,51022,1,31.12,60.0,2.03,1,85568
520262,59.02,59.0,59.23,60.75,0,0,24.79,22.13,56.97,0.76,0.75,51022,1,31.13,60.0,2.03,1,86068
520771,59.06,59.01,59.23,60.75,0,0,24.77,22.15,56.97,0.76,0.75,51022,1,31.14,60.0,2.03,1,86568
521280,59.06,59.03,59.23,60.75,0,0,24.77,22.17,56.97,0.76,0.75,51022,1,31.14,60.0,2.06,1,87068
521789,59.09,59.05,59.23,60.75,0,0,24.92,22.17,56.97,0.76,0.75,51022,1,31.12,60.0,2.07,1,87568
522298,59.09,59.07,59.23,60.75,0,0,24.92,22.16,56.97,0.76,0.75,51022,1,31.12,60.0,2.09,1,88068
522807,59.09,59.08,59.23,60.75,0,0,24.92,22.16,56.97,0.76,0.75,51022,1,31.12,60.0,2.1,1,88568
523316,59.09,59.09,59.23,60.75,0,0,24.92,22.16,56.97,0.76,0.75,51022,1,31.12,60.0,2.11,1,89068
523825,59.1,59.09,59.23,60.75,0,0,24.49,22.18,56.97,0.76,0.75,51022,1,31.14,60.0,2.12,1,90069
524334,59.1,59.09,59.23,60.75,0,0,24.49,22.18,56.97,0.76,0.75,51022,1,31.14,60.0,2.12,1,90569
524843,59.1,59.1,59.23,60.75,0,0,24.49,22.18,56.97,0.76,0.75,51022,1,31.14,60.0,2.12,1,91069
525352,59.1,59.1,59.23,60.75,0,0,24.49,22.18,56.97,0.76,0.75,51022,1,31.14,60.0,2.12,1,91569
525861,59.16,59.13,59.23,60.75,0,0,24.99,22.18,56.97,0.76,0.75,51022,1,31.12,60.0,2.15,1,92069
526370,59.18,59.15,59.23,60.75,0,0,25.65,22.18,56.97,0.76,0.75,51022,1,31.12,60.0,2.17,1,92569
526879,59.18,59.16,59.23,60.75,0,0,25.65,22.18,56.97,0.76,0.75,51022,1,31.12,60.0,2.19,1,93069
527388,59.2,59.18,59.23,60.75,0,0,25.1,22.2,56.97,0.76,0.75,51022,1,31.13,60.0,2.2,1,93569
527897,59.2,59.19,59.23,60.75,0,0,25.28,22.22,56.97,0.76,0.75,51022,1,31.16,60.0,2.21,1,94069
528406,59.2,59.19,59.23,60.75,0,0,25.08,22.21,56.97,0.76,0.75,51022,1,31.14,60.0,2.22,1,94569
528915,59.22,59.21,59.23,60.75,0,0,25.1,22.23,56.97,0.76,0.75,51022,1,31.16,60.0,2.23,1,95069
529424,59.22,59.22,59.23,60.75,0,0,25.1,22.23,56.97,0.76,0.75,51022,1,31.16,60.0,2.24,1,95569
529933,59.21,59.21,59.23,60.75,0,0,25.36,22.2,56.97,0.76,0.75,51022,1,31.13,60.0,2.23,1,96069
530442,59.21,59.21,59.23,60.75,0,0,25.36,22.2,56.97,0.76,0.75,51022,1,31.13,60.0,2.23,1,96569
530951,59.24,59.22,59.23,60.75,0,0,25.17,22.23,56.97,0.76,0.75,51022,1,31.16,60.0,2.25,1,97069
531460,59.28,59.25,59.23,60.75,1,0,24.9,22.23,56.97,0.76,0.75,97569,0,31.14,60.0,2.28,0,0
531968,59.28,59.27,59.23,60.9,1,0,25.23,22.25,59.27,0.76,0.9,97569,0,31.16,60.0,0.0,0,500
532477,59.28,59.28,59.23,60.9,1,0,25.23,22.25,59.28,0.76,0.9,97569,0,31.16,60.0,0.0,0,1002
532986,59.33,59.28,59.23,60.9,1,0,25.28,22.25,59.28,0.76,0.9,97569,0,31.14,60.0,0.0,0,1503
533495,59.33,59.31,59.23,60.9,1,0,25.28,22.25,59.31,0.76,0.9,97569,0,31.14,60.0,0.0,0,2003
534003,59.33,59.32,59.23,60.9,1,0,25.28,22.25,59.32,0.76,0.9,97569,0,31.14,60.0,0.0,0,2503
534512,59.3,59.31,59.23,60.9,1,0,25.43,22.24,59.32,0.76,0.9,97569,0,31.14,60.0,0.01,0,3003
535021,59.37,59.34,59.23,60.9,1,0,25.39,22.25,59.34,0.76,0.9,97569,0,31.13,60.0,0.0,0,3503
535530,59.37,59.35,59.23,60.9,1,0,25.28,22.25,59.35,0.76,0.9,97569,0,31.13,60.0,0.0,0,4003
536039,59.37,59.36,59.23,60.9,1,0,25.28,22.25,59.36,0.76,0.9,97569,0,31.13,60.0,0.0,0,4503
536548,59.37,59.37,59.23,60.9,1,0,25.17,22.26,59.37,0.76,0.9,97569,0,31.14,60.0,0.0,0,5003
537071,59.41,59.37,59.23,60.9,1,0,25.19,22.26,59.37,0.76,0.9,97569,0,31.14,60.0,0.0,0,5503
537580,59.41,59.39,59.23,60.9,1,0,25.19,22.27,59.39,0.76,0.9,97569,0,31.14,60.0,0.0,0,6003
538089,59.41,59.4,59.23,60.9,1,0,25.19,22.27,59.4,0.76,0.9,97569,0,31.14,60.0,0.0,0,6503
538598,59.41,59.41,59.23,60.9,1,0,25.19,22.27,59.41,0.76,0.9,97569,0,31.14,60.0,0.0,0,7003
539107,59.45,59.43,59.23,60.9,1,0,25.12,22.31,59.43,0.76,0.9,97569,0,31.17,60.0,0.0,0,7503
539616,59.44,59.44,59.23,60.9,1,0,25.08,22.27,59.44,0.76,0.9,97569,0,31.13,60.0,0.0,0,8003
540125,59.44,59.44,59.23,60.9,1,0,25.08,22.27,59.44,0.76,0.9,97569,0,31.13,60.0,0.0,0,8503
540634,59.52,59.44,59.23,60.9,1,0,24.75,22.27,59.44,0.76,0.9,97569,0,31.14,60.0,0.0,0,9003
541143,59.52,59.48,59.23,60.9,1,0,24.75,22.3,59.48,0.76,0.9,97569,0,31.14,60.0,0.0,0,9503
541652,59.54,59.5,59.23,60.9,1,0,24.55,22.3,59.5,0.76,0.9,97569,0,31.16,60.0,0.0,0,10003
542161,59.54,59.52,59.23,60.9,1,0,24.55,22.32,59.52,0.76,0.9,97569,0,31.16,60.0,0.0,0,10503
542670,59.51,59.52,59.23,60.9,1,0,24.49,22.31,59.52,0.76,0.9,97569,0,31.16,60.0,0.0,0,11003
543179,59.53,59.52,59.23,60.9,1,0,24.35,22.29,59.52,0.76,0.9,97569,0,31.13,60.0,0.0,0,11503
543687,59.57,59.53,59.23,60.9,1,0,24.22,22.29,59.53,0.76,0.9,97569,0,31.16,60.0,0.0,0,12003
544195,59.57,59.55,59.23,60.9,1,0,24.22,22.33,59.55,0.76,0.9,97569,0,31.16,60.0,0.0,0,12503
544704,59.57,59.56,59.23,60.9,1,0,24.2,22.31,59.56,0.76,0.9,97569,0,31.14,60.0,0.0,0,13003
545213,59.61,59.57,59.23,60.9,1,0,24.09,22.31,59.57,0.76,0.9,97569,0,31.16,60.0,0.0,0,13503
545722,59.63,59.59,59.23,60.9,1,0,23.85,22.34,59.59,0.76,0.9,97569,0,31.16,60.0,0.0,0,14003
546231,59.63,59.61,59.23,60.9,1,0,23.85,22.34,59.61,0.76,0.9,97569,0,31.16,60.0,0.0,0,14503
546740,59.63,59.62,59.23,60.9,1,0,23.85,22.34,59.62,0.76,0.9,97569,0,31.16,60.0,0.0,0,15003
547249,59.68,59.62,59.23,60.9,1,0,23.76,22.34,59.62,0.76,0.9,97569,0,31.14,60.0,0.0,0,15503
547757,59.69,59.65,59.23,60.9,1,0,23.57,22.35,59.65,0.76,0.9,97569,0,31.16,60.0,0.0,0,16003
548265,59.69,59.67,59.23,60.9,1,0,23.57,22.36,59.67,0.76,0.9,97569,0,31.16,60.0,0.0,0,16503
548774,59.67,59.68,59.23,60.9,1,0,23.31,22.36,59.68,0.76,0.9,97569,0,31.14,60.0,0.0,0,17003
549283,59.67,59.67,59.23,60.9,1,0,23.31,22.34,59.68,0.76,0.9,97569,0,31.14,60.0,0.0,0,17503
549792,59.74,59.67,59.23,60.9,1,0,23.26,22.34,59.68,0.76,0.9,97569,0,31.14,60.0,0.0,0,18003
550301,59.72,59.7,59.23,60.9,1,0,23.26,22.36,59.7,0.76,0.9,97569,0,31.18,60.0,0.0,0,18503
550810,59.72,59.71,59.23,60.9,1,0,23.26,22.39,59.71,0.76,0.9,97569,0,31.18,60.0,0.0,0,19003
551319,59.75,59.71,59.23,60.9,1,0,23.02,22.39,59.71,0.76,0.9,97569,0,31.16,60.0,0.0,0,19503
551827,59.75,59.73,59.23,60.9,1,0,23.02,22.38,59.73,0.76,0.9,97569,0,31.16,60.0,0.0,0,20007
552336,59.85,59.8,59.23,60.9,1,0,22.91,22.4,59.8,0.76,0.9,97569,0,31.16,60.0,0.0,0,21011
552845,59.85,59.82,59.23,60.9,1,0,22.91,22.4,59.82,0.76,0.9,97569,0,31.16,60.0,0.0,0,21511
553354,59.85,59.84,59.23,60.9,1,0,22.91,22.4,59.84,0.76,0.9,97569,0,31.16,60.0,0.0,0,22011
553863,59.85,59.84,59.23,60.9,1,0,22.76,22.42,59.84,0.76,0.9,97569,0,31.17,60.0,0.0,0,22511
554372,59.93,59.89,59.23,60.9,1,0,22.72,22.44,59.89,0.76,0.9,97569,0,31.17,60.0,0.0,0,23011
554881,59.93,59.91,59.23,60.9,1,0,22.72,22.44,59.91,0.76,0.9,97569,0,31.17,60.0,0.0,0,23511
555390,59.9,59.9,59.23,60.9,1,0,22.48,22.43,59.91,0.76,0.9,97569,0,31.17,60.0,0.0,0,24011
555899,59.9,59.9,59.23,60.9,1,0,22.48,22.43,59.91,0.76,0.9,97569,0,31.17,60.0,0.0,0,24511
556408,59.94,59.92,59.23,60.9,1,0,22.33,22.43,59.92,0.76,0.9,97569,0,31.16,60.0,0.0,0,25011
556917,59.95,59.94,59.23,60.9,1,0,22.22,22.45,59.94,0.76,0.9,97569,0,31.17,60.0,0.0,0,25511
557426,59.95,59.94,59.23,60.9,1,0,22.22,22.45,59.94,0.76,0.9,97569,0,31.17,60.0,0.0,0,26014
557935,60.01,59.98,59.23,60.9,1,0,21.96,22.46,59.98,0.76,0.9,97569,0,31.17,60.0,0.0,0,26514
558443,60.0,59.99,59.23,60.9,1,0,22.03,22.44,59.99,0.76,0.9,97569,0,31.16,60.0,0.0,0,27022
558951,60.0,59.99,59.23,60.9,1,0,22.03,22.44,59.99,0.76,0.9,97569,0,31.16,60.0,0.0,0,27522
559460,60.07,60.03,59.23,60.9,1,0,21.81,22.48,60.03,0.76,0.9,97569,0,31.17,60.0,0.0,0,28022
559969,60.07,60.05,59.23,60.9,1,0,21.81,22.48,60.05,0.76,0.9,97569,0,31.17,60.0,0.0,0,28522
560478,60.08,60.06,59.23,60.9,1,0,21.57,22.48,60.06,0.76,0.9,97569,0,31.17,60.0,0.0,0,29022
560987,60.08,60.07,59.23,60.9,1,0,21.57,22.48,60.07,0.76,0.9,97569,0,31.17,60.0,0.0,0,29522
561496,60.11,60.09,59.23,60.9,1,0,21.42,22.48,60.09,0.76,0.9,97569,0,31.16,60.0,0.0,0,30022
562005,60.11,60.1,59.23,60.9,1,0,21.42,22.48,60.1,0.76,0.9,97569,0,31.16,60.0,0.0,0,30522
562514,60.17,60.11,59.23,60.9,1,0,21.2,22.48,60.11,0.76,0.9,97569,0,31.17,60.0,0.0,0,31022
563023,60.17,60.14,59.23,60.9,1,0,21.2,22.51,60.14,0.76,0.9,97569,0,31.17,60.0,0.0,0,31522
563532,60.19,60.16,59.23,60.9,1,0,21.16,22.51,60.16,0.76,0.9,97569,0,31.17,60.0,0.0,0,32022
564041,60.24,60.2,59.23,60.9,1,0,21.03,22.53,60.2,0.76,0.9,97569,0,31.17,60.0,0.0,0,32522
564550,60.31,60.22,59.23,60.9,1,0,21.01,22.53,60.22,0.76,0.9,97569,0,31.16,60.0,0.0,0,33022
565070,60.26,60.27,59.23,60.9,1,0,21.35,22.53,60.27,0.76,0.9,97569,0,31.17,60.0,0.0,0,33522
565579,60.26,60.26,59.23,60.9,1,0,21.35,22.53,60.27,0.76,0.9,97569,0,31.17,60.0,0.0,0,34022
566088,60.34,60.26,59.23,60.9,1,0,20.69,22.53,60.27,0.76,0.9,97569,0,31.18,60.0,0.0,0,34522
566597,60.34,60.3,59.23,60.9,1,0,20.69,22.57,60.3,0.76,0.9,97569,0,31.18,60.0,0.0,0,35022
567106,60.37,60.34,59.23,60.9,1,0,20.6,22.57,60.34,0.76,0.9,97569,0,31.18,60.0,0.0,0,35522
567615,60.39,60.35,59.23,60.9,1,0,20.43,22.57,60.35,0.76,0.9,97569,0,31.17,60.0,0.0,0,36022
568124,60.39,60.37,59.23,60.9,1,0,20.43,22.57,60.37,0.76,0.9,97569,0,31.17,60.0,0.0,0,36522
568632,60.39,60.38,59.23,60.9,1,0,20.43,22.57,60.38,0.76,0.9,97569,0,31.17,60.0,0.0,0,37022
569141,60.49,60.39,59.23,60.9,1,0,20.4,22.57,60.39,0.76,0.9,97569,0,31.16,60.0,0.0,0,37522
569650,60.49,60.44,59.23,60.9,1,0,20.4,22.58,60.44,0.76,0.9,97569,0,31.16,60.0,0.0,0,38022
570159,60.56,60.5,59.23,60.9,1,0,20.4,22.61,60.5,0.76,0.9,97569,0,31.17,60.0,0.0,0,38522
570668,60.56,60.53,59.23,60.9,1,0,20.4,22.61,60.53,0.76,0.9,97569,0,31.17,60.0,0.0,0,39022
571177,60.6,60.57,59.23,60.9,1,0,20.08,22.62,60.57,0.76,0.9,97569,0,31.17,60.0,0.0,0,39522
571686,60.61,60.58,59.23,60.9,1,0,20.0,22.62,60.58,0.76,0.9,97569,0,31.16,60.0,0.0,0,40022
572195,60.67,60.6,59.23,60.9,1,0,20.0,22.61,60.6,0.76,0.9,97569,0,31.18,60.0,0.0,0,40522
572704,60.67,60.63,59.23,60.9,1,0,20.0,22.65,60.63,0.76,0.9,97569,0,31.18,60.0,0.0,0,41022
573213,60.72,60.65,59.23,60.9,1,0,19.8,22.65,60.65,0.76,0.9,97569,0,31.17,60.0,0.0,0,41522
573722,60.72,60.68,59.23,60.9,1,0,19.8,22.66,60.68,0.76,0.9,97569,0,31.17,60.0,0.0,0,42022
574231,60.72,60.7,59.23,60.9,1,0,19.8,22.66,60.7,0.76,0.9,97569,0,31.17,60.0,0.0,0,42522
574740,60.78,60.71,59.23,60.9,1,0,19.74,22.66,60.71,0.76,0.9,97569,0,31.18,60.0,0.0,0,43022
575249,60.78,60.74,59.23,60.9,1,0,19.74,22.69,60.74,0.76,0.9,97569,0,31.18,60.0,0.0,0,43522
575758,60.88,60.81,59.23,60.9,1,0,19.54,22.7,60.81,0.76,0.9,97569,0,31.17,60.0,0.0,0,44025
576267,60.88,60.84,59.23,60.9,1,0,19.54,22.7,60.84,0.76,0.9,97569,0,31.17,60.0,0.0,0,44525
576776,60.91,60.86,59.23,60.9,1,0,19.31,22.7,60.86,0.76,0.9,97569,0,31.17,60.0,0.0,0,45025
577285,60.95,60.89,59.23,60.9,1,0,19.33,22.71,60.89,0.76,0.9,97569,0,31.16,60.0,0.0,0,45525
577794,60.95,60.92,59.23,60.9,1,0,19.33,22.7,60.92,0.76,0.9,97569,0,31.16,60.0,0.0,0,46025
578303,60.95,60.93,59.23,60.9,1,0,19.33,22.7,60.93,0.76,0.9,97569,0,31.16,60.0,0.0,0,46525
578812,61.02,60.94,59.23,60.9,1,0,19.28,22.7,60.94,0.76,0.9,97569,0,31.2,60.0,0.0,0,47025
579321,61.02,60.98,59.23,60.9,1,0,19.28,22.76,60.98,0.76,0.9,97569,0,31.2,60.0,0.0,0,47525
579830,61.03,61.0,59.23,60.9,1,0,19.13,22.76,61.0,0.76,0.9,97569,0,31.17,60.0,0.0,0,48025
580339,61.03,61.01,59.23,60.9,1,0,19.13,22.74,61.01,0.76,0.9,97569,0,31.17,60.0,0.0,0,48525
580848,61.06,61.02,59.23,60.9,1,0,18.83,22.74,61.02,0.76,0.9,97569,0,31.14,60.0,0.0,0,49025
581357,61.13,61.04,59.23,60.9,1,0,18.77,22.72,61.04,0.76,0.9,97569,0,31.18,60.0,0.0,0,49536
581865,61.13,61.08,59.23,60.9,1,1,18.77,22.78,61.08,0.76,0.9,97569,0,31.18,60.0,0.0,1,50045
582374,61.17,61.14,59.23,60.9,1,1,18.57,22.79,61.14,0.76,0.9,97569,0,31.18,60.0,0.0,1,51049
582883,61.17,61.15,59.23,60.9,1,1,18.57,22.79,61.15,0.76,0.9,97569,0,31.18,60.0,0.0,1,51549
583392,61.22,61.18,59.23,60.9,1,1,18.72,22.8,61.18,0.76,0.9,97569,0,31.18,60.0,0.0,1,52049
583901,61.22,61.2,59.23,60.9,1,1,18.72,22.8,61.2,0.76,0.9,97569,0,31.18,60.0,0.0,1,52549
584410,61.2,61.2,59.23,60.9,1,1,18.85,22.79,61.2,0.76,0.9,97569,0,31.17,60.0,0.0,1,53049
584919,61.2,61.2,59.23,60.9,1,1,18.85,22.79,61.2,0.76,0.9,97569,0,31.17,60.0,0.0,1,53549
585428,61.2,61.2,59.23,60.9,1,1,18.85,22.79,61.2,0.76,0.9,97569,0,31.17,60.0,0.0,1,54049
585937,61.01,61.11,59.23,60.9,1,1,19.33,22.72,61.2,0.76,0.9,97569,0,31.16,60.0,0.09,1,54560
586446,61.01,61.06,59.23,60.9,1,1,19.33,22.72,61.2,0.76,0.9,97569,0,31.16,60.0,0.14,1,55060
586955,60.76,60.91,59.23,60.9,1,1,19.22,22.65,61.2,0.76,0.9,97569,1,31.16,60.0,0.29,1,55560
587464,60.33,60.62,59.23,60.9,0,1,19.56,22.53,61.2,0.76,0.9,56060,0,31.16,60.0,0.58,1,0
587972,59.94,60.28,59.17,60.9,0,0,19.52,22.4,60.28,0.82,0.9,56060,0,31.13,60.0,0.0,1,500
588480,59.49,59.89,59.17,60.9,0,0,19.69,22.28,59.89,0.82,0.9,56060,0,31.13,60.0,0.0,1,1004
588988,59.49,59.69,59.17,60.9,0,0,19.69,22.28,59.69,0.82,0.9,56060,0,31.13,60.0,0.0,1,1504
589497,59.49,59.59,59.17,60.9,0,0,19.69,22.28,59.59,0.82,0.9,56060,0,31.13,60.0,0.0,1,2004
590006,58.76,59.18,59.17,60.9,0,0,19.33,22.05,59.18,0.82,0.9,56060,0,31.1,60.0,0.0,1,2504
590515,58.5,58.84,59.17,60.9,0,0,19.05,21.98,58.84,0.82,0.9,56060,0,31.1,60.0,0.0,1,3004
591024,58.5,58.67,59.17,60.9,0,0,19.05,21.98,58.67,0.82,0.9,56060,0,31.1,60.0,0.0,1,3504
591533,58.1,58.59,59.17,60.9,0,0,18.83,21.98,58.59,0.82,0.9,56060,0,31.12,60.0,0.0,1,4004
592041,58.1,58.34,59.17,60.9,0,0,18.83,21.88,58.34,0.82,0.9,56060,0,31.12,60.0,0.0,1,4504
592550,58.1,58.22,59.17,60.9,0,0,18.83,21.88,58.22,0.82,0.9,56060,0,31.12,60.0,0.0,1,5004
593059,57.79,58.16,59.17,60.9,0,0,18.77,21.88,58.16,0.82,0.9,56060,0,31.1,60.0,0.0,1,5504
593568,57.79,57.98,59.17,60.9,0,0,18.77,21.78,57.98,0.82,0.9,56060,0,31.1,60.0,0.0,1,6004
594077,57.75,57.86,59.17,60.9,0,0,18.27,21.75,57.86,0.82,0.9,56060,0,31.09,60.0,0.0,1,6504
594586,57.75,57.81,59.17,60.9,0,0,18.53,21.75,57.81,0.82,0.9,56060,0,31.12,60.0,0.0,1,7004
595094,57.75,57.78,59.17,60.9,0,0,18.53,21.78,57.78,0.82,0.9,56060,0,31.12,60.0,0.0,1,7504
595603,57.69,57.73,59.17,60.9,0,0,18.64,21.75,57.73,0.82,0.9,56060,0,31.1,60.0,0.0,1,8005
596112,57.74,57.74,59.17,60.9,0,0,18.51,21.78,57.73,0.82,0.9,56060,0,31.12,60.0,0.0,1,8506
596621,57.66,57.7,59.17,60.9,0,0,18.6,21.73,57.7,0.82,0.9,56060,0,31.09,60.0,0.0,1,9008
597130,57.66,57.68,59.17,60.9,0,0,18.6,21.73,57.68,0.82,0.9,56060,0,31.09,60.0,0.0,1,9508
597639,57.65,57.67,59.17,60.9,0,0,18.77,21.74,57.67,0.82,0.9,56060,0,31.1,60.0,0.0,1,10008
598148,57.62,57.66,59.17,60.9,0,0,19.03,21.74,57.66,0.82,0.9,56060,0,31.07,60.0,0.0,1,10508
598657,57.62,57.64,59.17,60.9,0,0,19.03,21.7,57.64,0.82,0.9,56060,0,31.07,60.0,0.0,1,11008
599166,57.54,57.63,59.17,60.9,0,0,18.62,21.7,57.63,0.82,0.9,56060,0,31.09,60.0,0.0,1,11508
599675,57.54,57.58,59.17,60.9,0,0,18.62,21.69,57.58,0.82,0.9,56060,0,31.09,60.0,0.0,1,12008
600184,57.51,57.56,59.17,60.9,0,0,18.81,21.69,57.56,0.82,0.9,56060,0,31.1,60.0,0.0,1,12508
600693,57.51,57.54,59.17,60.9,0,0,18.81,21.7,57.54,0.82,0.9,56060,0,31.1,60.0,0.0,1,13008
601202,57.51,57.52,59.17,60.9,0,0,18.81,21.7,57.52,0.82,0.9,56060,0,31.1,60.0,0.0,1,13508
601711,57.51,57.52,59.17,60.9,0,0,18.81,21.7,57.52,0.82,0.9,56060,0,31.1,60.0,0.0,1,14008
602220,57.42,57.47,59.17,60.9,0,0,18.98,21.65,57.47,0.82,0.9,56060,0,31.07,60.0,0.0,1,14508
602729,57.44,57.45,59.17,60.9,0,0,18.9,21.65,57.45,0.82,0.9,56060,0,31.1,60.0,0.0,1,15008
603238,57.44,57.44,59.17,60.9,0,0,18.9,21.68,57.44,0.82,0.9,56060,0,31.1,60.0,0.0,1,15508
603747,57.44,57.44,59.17,60.9,0,0,18.9,21.68,57.44,0.82,0.9,56060,0,31.1,60.0,0.0,1,16008
604256,57.45,57.44,59.17,60.9,0,0,19.35,21.68,57.44,0.82,0.9,56060,0,31.09,60.0,0.0,1,16508
604765,57.45,57.44,59.17,60.9,0,0,19.35,21.67,57.44,0.82,0.9,56060,0,31.09,60.0,0.0,1,17008
605274,57.45,57.45,59.17,60.9,0,0,19.35,21.67,57.44,0.82,0.9,56060,0,31.09,60.0,0.0,1,17508
605783,57.51,57.45,59.17,60.9,0,0,19.26,21.67,57.44,0.82,0.9,56060,0,31.1,60.0,0.0,1,18008
606292,57.52,57.48,59.17,60.9,0,0,19.39,21.7,57.44,0.82,0.9,56060,0,31.09,60.0,0.04,1,18508
606801,57.52,57.5,59.17,60.9,0,0,19.39,21.69,57.44,0.82,0.9,56060,0,31.09,60.0,0.06,1,19008
607310,57.6,57.55,59.17,60.9,0,0,19.41,21.7,57.44,0.82,0.9,56060,0,31.07,60.0,0.11,1,19520
607819,57.64,57.57,59.17,60.9,0,0,19.54,21.7,57.44,0.82,0.9,56060,0,31.12,60.0,0.13,1,20020
608328,57.64,57.61,59.17,60.9,0,0,19.54,21.75,57.44,0.82,0.9,56060,1,31.12,60.0,0.16,1,20520
608837,57.64,57.62,59.17,60.9,0,0,19.54,21.75,57.44,0.82,0.9,56060,1,31.12,60.0,0.18,1,21020
609346,57.71,57.63,59.17,60.9,0,0,19.67,21.75,57.44,0.82,0.9,56060,1,31.09,60.0,0.19,1,21520
609855,57.74,57.67,59.17,60.9,0,0,19.72,21.74,57.44,0.82,0.9,56060,1,31.09,60.0,0.23,1,22020
610364,57.74,57.7,59.17,60.9,0,0,19.72,21.75,57.44,0.82,0.9,56060,1,31.09,60.0,0.26,1,22520
610873,57.81,57.72,59.17,60.9,0,0,19.8,21.75,57.44,0.82,0.9,56060,1,31.12,60.0,0.28,1,23020
611382,57.81,57.77,59.17,60.9,0,0,19.8,21.8,57.44,0.82,0.9,56060,1,31.12,60.0,0.32,1,23520
611891,57.84,57.79,59.17,60.9,0,0,19.89,21.8,57.44,0.82,0.9,56060,1,31.1,60.0,0.35,1,24020
612400,57.86,57.81,59.17,60.9,0,0,19.97,21.79,57.44,0.82,0.9,56060,1,31.1,60.0,0.37,1,24520
612909,57.89,57.86,59.17,60.9,0,0,20.08,21.8,57.44,0.82,0.9,56060,1,31.1,60.0,0.42,1,25524
613418,57.89,57.88,59.17,60.9,0,0,20.08,21.8,57.44,0.82,0.9,56060,1,31.1,60.0,0.43,1,26024
613928,57.97,57.93,59.17,60.9,0,0,20.15,21.82,57.44,0.82,0.9,56060,1,31.09,60.0,0.48,1,26530
614437,57.97,57.95,59.17,60.9,0,0,20.15,21.82,57.44,0.82,0.9,56060,1,31.09,60.0,0.51,1,27030
614946,58.01,57.98,59.17,60.9,0,0,20.53,21.87,57.44,0.82,0.9,56060,1,31.13,60.0,0.53,1,27530
615455,58.01,57.99,59.17,60.9,0,0,20.53,21.87,57.44,0.82,0.9,56060,1,31.13,60.0,0.55,1,28030
615964,57.99,57.99,59.17,60.9,0,0,20.4,21.85,57.44,0.82,0.9,56060,1,31.12,60.0,0.55,1,28530
616473,58.06,58.03,59.17,60.9,0,0,20.56,21.85,57.44,0.82,0.9,56060,1,31.1,60.0,0.58,1,29030
616982,58.12,58.07,59.17,60.9,0,0,20.56,21.88,57.44,0.82,0.9,56060,1,31.12,60.0,0.63,1,29530
617490,58.12,58.09,59.17,60.9,0,0,20.56,21.88,57.44,0.82,0.9,56060,1,31.12,60.0,0.65,1,30030
617999,58.12,58.11,59.17,60.9,0,0,20.66,21.88,57.44,0.82,0.9,56060,1,31.12,60.0,0.66,1,30530
618508,58.12,58.11,59.17,60.9,0,0,20.66,21.88,57.44,0.82,0.9,56060,1,31.12,60.0,0.67,1,31030
619017,58.12,58.11,59.17,60.9,0,0,20.66,21.88,57.44,0.82,0.9,56060,1,31.12,60.0,0.67,1,31530
619526,58.2,58.16,59.17,60.9,0,0,20.34,21.89,57.44,0.82,0.9,56060,1,31.1,60.0,0.71,1,32030
620035,58.21,58.18,59.17,60.9,0,0,20.86,21.89,57.44,0.82,0.9,56060,1,31.13,60.0,0.74,1,32530
620544,58.21,58.19,59.17,60.9,0,0,20.86,21.92,57.44,0.82,0.9,56060,1,31.13,60.0,0.75,1,33030
621053,58.25,58.22,59.17,60.9,0,0,20.77,21.91,57.44,0.82,0.9,56060,1,31.1,60.0,0.78,1,33530
621562,58.24,58.23,59.17,60.9,0,0,20.9,21.93,57.44,0.82,0.9,56060,1,31.13,60.0,0.79,1,34030
622071,58.27,58.24,59.17,60.9,0,0,20.97,21.93,57.44,0.82,0.9,56060,1,31.12,60.0,0.79,1,34530
622580,58.27,58.25,59.17,60.9,0,0,20.97,21.93,57.44,0.82,0.9,56060,1,31.12,60.0,0.81,1,35030
623089,58.27,58.26,59.17,60.9,0,0,20.97,21.93,57.44,0.82,0.9,56060,1,31.12,60.0,0.82,1,35530
623598,58.29,58.27,59.17,60.9,0,0,21.14,21.93,57.44,0.82,0.9,56060,1,31.12,60.0,0.83,1,36030
624106,58.29,58.28,59.17,60.9,0,0,21.14,21.93,57.44,0.82,0.9,56060,1,31.12,60.0,0.84,1,36530
624615,58.29,58.29,59.17,60.9,0,0,21.14,21.93,57.44,0.82,0.9,56060,1,31.12,60.0,0.84,1,37030
625124,58.31,58.3,59.17,60.9,0,0,21.27,21.92,57.44,0.82,0.9,56060,1,31.1,60.0,0.86,1,37530
625633,58.33,58.31,59.17,60.9,0,0,21.12,21.92,57.44,0.82,0.9,56060,1,31.14,60.0,0.86,1,38030
626142,58.33,58.32,59.17,60.9,0,0,21.12,21.97,57.44,0.82,0.9,56060,1,31.14,60.0,0.88,1,38530
626651,58.33,58.33,59.17,60.9,0,0,21.12,21.97,57.44,0.82,0.9,56060,1,31.14,60.0,0.88,1,39030
627160,58.35,58.34,59.17,60.9,0,0,21.46,21.95,57.44,0.82,0.9,56060,1,31.12,60.0,0.9,1,39530
627669,58.35,58.35,59.17,60.9,0,0,21.46,21.95,57.44,0.82,0.9,56060,1,31.12,60.0,0.9,1,40030
628178,58.39,58.37,59.17,60.9,0,0,21.44,21.98,57.44,0.82,0.9,56060,1,31.14,60.0,0.92,1,40530
628687,58.39,58.38,59.17,60.9,0,0,21.44,21.98,57.44,0.82,0.9,56060,1,31.14,60.0,0.93,1,41031
629196,58.39,58.38,59.17,60.9,0,0,21.44,21.98,57.44,0.82,0.9,56060,1,31.14,60.0,0.94,1,41531
629705,58.39,58.38,59.17,60.9,0,0,21.44,21.98,57.44,0.82,0.9,56060,1,31.14,60.0,0.94,1,42031
630214,58.41,58.38,59.17,60.9,0,0,21.7,21.98,57.44,0.82,0.9,56060,1,31.14,60.0,0.94,1,42531
630723,58.41,58.4,59.17,60.9,0,0,21.7,21.99,57.44,0.82,0.9,56060,1,31.14,60.0,0.95,1,43031
631232,58.41,58.4,59.17,60.9,0,0,21.7,21.99,57.44,0.82,0.9,56060,1,31.14,60.0,0.96,1,43531
631740,58.46,58.43,59.17,60.9,0,0,21.38,22.0,57.44,0.82,0.9,56060,1,31.14,60.0,0.99,1,44031
632248,58.46,58.44,59.17,60.9,0,0,21.38,22.0,57.44,0.82,0.9,56060,1,31.14,60.0,1.0,1,44531
632757,58.44,58.44,59.17,60.9,0,0,22.05,21.99,57.44,0.82,0.9,56060,1,31.13,60.0,1.0,1,45031
633266,58.44,58.44,59.17,60.9,0,0,21.9,21.99,57.44,0.82,0.9,56060,1,31.12,60.0,1.0,1,45531
633775,58.44,58.44,59.17,60.9,0,0,21.9,21.98,57.44,0.82,0.9,56060,1,31.12,60.0,1.0,1,46031
634284,58.43,58.44,59.17,60.9,0,0,22.2,21.98,57.44,0.82,0.9,56060,1,31.13,60.0,0.99,1,46531
634793,58.43,58.43,59.17,60.9,0,0,22.2,21.98,57.44,0.82,0.9,56060,1,31.13,60.0,0.99,1,47032
635302,58.5,58.46,59.17,60.9,0,0,22.11,22.0,57.44,0.82,0.9,56060,1,31.13,60.0,1.02,1,47536
635811,58.52,58.48,59.17,60.9,0,0,22.26,22.0,57.44,0.82,0.9,56060,1,31.13,60.0,1.04,1,48036
636320,58.52,58.5,59.17,60.9,0,0,22.31,22.01,57.44,0.82,0.9,56060,1,31.13,60.0,1.06,1,48536
636829,58.51,58.51,59.17,60.9,0,0,22.33,22.01,57.44,0.82,0.9,56060,1,31.14,60.0,1.07,1,49036
637338,58.51,58.51,59.17,60.9,0,0,22.33,22.02,57.44,0.82,0.9,56060,1,31.14,60.0,1.07,1,49536
637847,58.52,58.51,59.17,60.9,0,0,22.09,22.02,57.44,0.82,0.9,56060,1,31.14,60.0,1.07,1,50037
638356,58.56,58.52,59.17,60.9,0,0,22.55,22.02,57.44,0.82,0.9,56060,1,31.14,60.0,1.07,1,50538
638865,58.53,58.54,59.17,60.9,0,0,22.48,22.03,57.44,0.82,0.9,56060,1,31.14,60.0,1.09,1,51040
639374,58.53,58.54,59.17,60.9,0,0,22.48,22.03,57.44,0.82,0.9,56060,1,31.14,60.0,1.09,1,51540
639883,58.54,58.53,59.17,60.9,0,0,22.65,22.03,57.44,0.82,0.9,56060,1,31.13,60.0,1.09,1,52040
640392,58.56,58.54,59.17,60.9,0,0,22.26,22.02,57.44,0.82,0.9,56060,1,31.16,60.0,1.09,1,52540
640901,58.56,58.55,59.17,60.9,0,0,22.26,22.05,57.44,0.82,0.9,56060,1,31.16,60.0,1.11,1,53040
641410,58.55,58.56,59.17,60.9,0,0,22.59,22.05,57.44,0.82,0.9,56060,1,31.16,60.0,1.11,1,53540
641919,58.56,58.55,59.17,60.9,0,0,22.68,22.04,57.44,0.82,0.9,56060,1,31.14,60.0,1.11,1,54040
642428,58.6,58.58,59.17,60.9,0,0,22.87,22.04,57.44,0.82,0.9,56060,1,31.14,60.0,1.13,1,55043
642937,58.62,58.6,59.17,60.9,0,0,22.68,22.04,57.44,0.82,0.9,56060,1,31.13,60.0,1.15,1,55543
643446,58.62,58.61,59.17,60.9,0,0,22.68,22.04,57.44,0.82,0.9,56060,1,31.13,60.0,1.16,1,56043
643955,58.6,58.6,59.17,60.9,0,0,22.74,22.04,57.44,0.82,0.9,56060,1,31.14,60.0,1.16,1,56543
644475,58.62,58.6,59.17,60.9,0,0,22.61,22.04,57.44,0.82,0.9,56060,1,31.13,60.0,1.16,1,57043
644984,58.62,58.61,59.17,60.9,0,0,22.61,22.04,57.44,0.82,0.9,56060,1,31.13,60.0,1.17,1,57543
645493,58.61,58.61,59.17,60.9,0,0,23.02,22.03,57.44,0.82,0.9,56060,1,31.13,60.0,1.16,1,58043
646002,58.61,58.61,59.17,60.9,0,0,23.02,22.03,57.44,0.82,0.9,56060,1,31.13,60.0,1.16,1,58543
646511,58.66,58.61,59.17,60.9,0,0,23.15,22.03,57.44,0.82,0.9,56060,1,31.16,60.0,1.16,1,59043
647020,58.66,58.63,59.17,60.9,0,0,23.15,22.07,57.44,0.82,0.9,56060,1,31.16,60.0,1.19,1,59543
647529,58.66,58.65,59.17,60.9,0,0,23.15,22.07,57.44,0.82,0.9,56060,1,31.16,60.0,1.2,1,60043
648038,58.66,58.65,59.17,60.9,0,0,23.15,22.07,57.44,0.82,0.9,56060,1,31.16,60.0,1.21,1,60543
648547,58.66,58.66,59.17,60.9,0,0,23.15,22.07,57.44,0.82,0.9,56060,1,31.16,60.0,1.21,1,61043
649056,58.71,58.68,59.17,60.9,0,0,23.2,22.08,57.44,0.82,0.9,56060,1,31.14,60.0,1.24,1,61543
649565,58.68,58.68,59.17,60.9,0,0,23.2,22.06,57.44,0.82,0.9,56060,1,31.13,60.0,1.24,1,62043
650082,58.67,58.68,59.17,60.9,0,0,23.35,22.06,57.44,0.82,0.9,56060,1,31.14,60.0,1.24,1,62543
650591,58.67,58.68,59.17,60.9,0,0,23.35,22.06,57.44,0.82,0.9,56060,1,31.14,60.0,1.23,1,63043
651100,58.67,58.67,59.17,60.9,0,0,23.35,22.06,57.44,0.82,0.9,56060,1,31.14,60.0,1.23,1,63543
651609,58.71,58.67,59.17,60.9,0,0,22.74,22.06,57.44,0.82,0.9,56060,1,31.14,60.0,1.23,1,64043
652118,58.71,58.69,59.17,60.9,0,0,22.74,22.08,57.44,0.82,0.9,56060,1,31.14,60.0,1.25,1,64543
652627,58.71,58.7,59.17,60.9,0,0,22.74,22.08,57.44,0.82,0.9,56060,1,31.14,60.0,1.26,1,65043
653136,58.73,58.72,59.17,60.9,0,0,22.85,22.09,57.44,0.82,0.9,56060,1,31.16,60.0,1.27,1,65543
653645,58.71,58.73,59.17,60.9,0,0,23.61,22.09,57.44,0.82,0.9,56060,1,31.14,60.0,1.28,1,66043
654154,58.71,58.72,59.17,60.9,0,0,23.61,22.08,57.44,0.82,0.9,56060,1,31.14,60.0,1.27,1,66543
654663,58.72,58.72,59.17,60.9,0,0,23.55,22.09,57.44,0.82,0.9,56060,1,31.16,60.0,1.28,1,67043
655172,58.72,58.72,59.17,60.9,0,0,23.55,22.09,57.44,0.82,0.9,56060,1,31.16,60.0,1.28,1,67543
655681,58.74,58.73,59.17,60.9,0,0,23.63,22.12,57.44,0.82,0.9,56060,1,31.18,60.0,1.29,1,68043
656190,58.74,58.74,59.17,60.9,0,0,23.63,22.12,57.44,0.82,0.9,56060,1,31.18,60.0,1.29,1,68543
656699,58.77,58.74,59.17,60.9,0,0,23.65,22.12,57.44,0.82,0.9,56060,1,31.16,60.0,1.29,1,69043
657208,58.72,58.75,59.17,60.9,0,0,23.72,22.1,57.44,0.82,0.9,56060,1,31.16,60.0,1.31,1,69543
657717,58.75,58.74,59.17,60.9,0,0,23.72,22.09,57.44,0.82,0.9,56060,1,31.17,60.0,1.3,1,70043
658226,58.75,58.75,59.17,60.9,0,0,23.72,22.11,57.44,0.82,0.9,56060,1,31.17,60.0,1.3,1,70543
658735,58.79,58.75,59.17,60.9,0,0,23.94,22.11,57.44,0.82,0.9,56060,1,31.16,60.0,1.3,1,71043
659246,58.79,58.77,59.17,60.9,0,0,23.94,22.11,57.44,0.82,0.9,56060,1,31.16,60.0,1.32,1,71543
659755,58.77,58.78,59.17,60.9,0,0,23.96,22.11,57.44,0.82,0.9,56060,1,31.16,60.0,1.33,1,72043
660264,58.77,58.77,59.17,60.9,0,0,23.96,22.1,57.44,0.82,0.9,56060,1,31.16,60.0,1.33,1,72543
660773,58.77,58.77,59.17,60.9,0,0,23.96,22.1,57.44,0.82,0.9,56060,1,31.16,60.0,1.33,1,73043
661282,58.82,58.8,59.17,60.9,0,0,24.09,22.09,57.44,0.82,0.9,56060,1,31.13,60.0,1.35,1,73543
661791,58.79,58.79,59.17,60.9,0,0,23.89,22.11,57.44,0.82,0.9,56060,1,31.16,60.0,1.35,1,74043
662300,58.79,58.79,59.17,60.9,0,0,23.89,22.11,57.44,0.82,0.9,56060,1,31.16,60.0,1.35,1,74543
662809,58.79,58.79,59.17,60.9,0,0,24.03,22.11,57.44,0.82,0.9,56060,1,31.16,60.0,1.35,1,75043
663318,58.84,58.79,59.17,60.9,0,0,24.09,22.11,57.44,0.82,0.9,56060,1,31.17,60.0,1.35,1,75543
663827,58.84,58.81,59.17,60.9,0,0,24.09,22.14,57.44,0.82,0.9,56060,1,31.17,60.0,1.37,1,76043
664336,58.8,58.83,59.17,60.9,0,0,24.2,22.14,57.44,0.82,0.9,56060,1,31.17,60.0,1.38,1,76543
664845,58.8,58.81,59.17,60.9,0,0,24.2,22.13,57.44,0.82,0.9,56060,1,31.17,60.0,1.37,1,77043
665354,58.86,58.81,59.17,60.9,0,0,24.18,22.13,57.44,0.82,0.9,56060,1,31.16,60.0,1.36,1,77543
665863,58.86,58.83,59.17,60.9,0,0,23.68,22.13,57.44,0.82,0.9,56060,1,31.14,60.0,1.39,1,78043
666372,58.87,58.85,59.17,60.9,0,0,24.55,22.12,57.44,0.82,0.9,56060,1,31.17,60.0,1.4,1,78543
666881,58.88,58.86,59.17,60.9,0,0,24.18,22.15,57.44,0.82,0.9,56060,1,31.16,60.0,1.42,1,79043
667390,58.88,58.87,59.17,60.9,0,0,24.18,22.14,57.44,0.82,0.9,56060,1,31.16,60.0,1.43,1,79543
667899,58.84,58.88,59.17,60.9,0,0,24.4,22.14,57.44,0.82,0.9,56060,1,31.16,60.0,1.43,1,80043
668408,58.84,58.86,59.17,60.9,0,0,24.4,22.12,57.44,0.82,0.9,56060,1,31.16,60.0,1.41,1,80543
668917,58.84,58.85,59.17,60.9,0,0,24.4,22.12,57.44,0.82,0.9,56060,1,31.16,60.0,1.4,1,81043
669426,58.9,58.84,59.17,60.9,0,0,24.62,22.12,57.44,0.82,0.9,56060,1,31.17,60.0,1.4,1,81543
669935,58.9,58.89,59.17,60.9,0,0,24.62,22.16,57.44,0.82,0.9,56060,1,31.17,60.0,1.44,1,82550
670444,58.9,58.89,59.17,60.9,0,0,24.62,22.16,57.44,0.82,0.9,56060,1,31.17,60.0,1.45,1,83050
670953,58.91,58.9,59.17,60.9,0,0,24.6,22.16,57.44,0.82,0.9,56060,1,31.17,60.0,1.46,1,83550
671462,58.94,58.92,59.17,60.9,0,0,24.66,22.17,57.44,0.82,0.9,56060,1,31.17,60.0,1.48,1,84050
671971,58.94,58.93,59.17,60.9,0,0,24.66,22.17,57.44,0.82,0.9,56060,1,31.17,60.0,1.49,1,84550
672480,58.96,58.95,59.17,60.9,0,0,24.49,22.17,57.44,0.82,0.9,56060,1,31.17,60.0,1.5,1,85050
672989,58.92,58.93,59.17,60.9,0,0,24.57,22.15,57.44,0.82,0.9,56060,1,31.16,60.0,1.49,1,85550
673498,58.92,58.93,59.17,60.9,0,0,24.57,22.15,57.44,0.82,0.9,56060,1,31.16,60.0,1.48,1,86050
674007,58.92,58.93,59.17,60.9,0,0,24.57,22.15,57.44,0.82,0.9,56060,1,31.16,60.0,1.48,1,86550
674516,58.92,58.92,59.17,60.9,0,0,24.57,22.15,57.44,0.82,0.9,56060,1,31.16,60.0,1.48,1,87050
675025,58.92,58.92,59.17,60.9,0,0,24.57,22.15,57.44,0.82,0.9,56060,1,31.16,60.0,1.48,1,87550
675534,58.92,58.92,59.17,60.9,0,0,24.57,22.15,57.44,0.82,0.9,56060,1,31.16,60.0,1.48,1,88050
676043,59.01,58.97,59.17,60.9,0,0,24.99,22.19,57.44,0.82,0.9,56060,1,31.17,60.0,1.52,1,88550
676552,59.01,58.99,59.17,60.9,0,0,24.99,22.19,57.44,0.82,0.9,56060,1,31.17,60.0,1.55,1,89050
677061,59.01,59.0,59.17,60.9,0,0,24.99,22.19,57.44,0.82,0.9,56060,1,31.17,60.0,1.56,1,89550
677570,59.01,59.01,59.17,60.9,0,0,24.99,22.19,57.44,0.82,0.9,56060,1,31.17,60.0,1.56,1,90050
678079,59.01,59.01,59.17,60.9,0,0,24.99,22.19,57.44,0.82,0.9,56060,1,31.17,60.0,1.57,1,90550
678588,59.01,59.01,59.17,60.9,0,0,24.99,22.19,57.44,0.82,0.9,56060,1,31.17,60.0,1.57,1,91053
679097,59.06,59.04,59.17,60.9,0,0,24.95,22.2,57.44,0.82,0.9,56060,1,31.17,60.0,1.59,1,91554
679606,59.06,59.05,59.17,60.9,0,0,25.08,22.2,57.44,0.82,0.9,56060,1,31.16,60.0,1.61,1,92054
680130,59.06,59.05,59.17,60.9,0,0,24.92,22.19,57.44,0.82,0.9,56060,1,31.18,60.0,1.61,1,92554
680639,59.06,59.06,59.17,60.9,0,0,24.92,22.21,57.44,0.82,0.9,56060,1,31.18,60.0,1.62,1,93054
681148,59.06,59.06,59.17,60.9,0,0,24.92,22.21,57.44,0.82,0.9,56060,1,31.18,60.0,1.62,1,93554
681657,59.09,59.06,59.17,60.9,0,0,25.06,22.21,57.44,0.82,0.9,56060,1,31.2,60.0,1.62,1,94054
682166,59.09,59.08,59.17,60.9,0,0,25.06,22.23,57.44,0.82,0.9,56060,1,31.2,60.0,1.63,1,94554
682675,59.09,59.08,59.17,60.9,0,0,25.1,22.21,57.44,0.82,0.9,56060,1,31.17,60.0,1.64,1,95054
683184,59.09,59.08,59.17,60.9,0,0,25.1,22.21,57.44,0.82,0.9,56060,1,31.17,60.0,1.64,1,95554
683693,59.09,59.09,59.17,60.9,0,0,25.1,22.21,57.44,0.82,0.9,56060,1,31.17,60.0,1.64,1,96054
684202,59.12,59.1,59.17,60.9,0,0,25.25,22.23,57.44,0.82,0.9,56060,1,31.18,60.0,1.66,1,96554
684711,59.12,59.11,59.17,60.9,0,0,25.25,22.23,57.44,0.82,0.9,56060,1,31.18,60.0,1.67,1,97054
685220,59.17,59.14,59.17,60.9,0,0,25.45,22.23,57.44,0.82,0.9,56060,1,31.17,60.0,1.7,1,97554
685729,59.17,59.16,59.17,60.9,0,0,25.45,22.23,57.44,0.82,0.9,56060,1,31.17,60.0,1.71,1,98054
686238,59.18,59.17,59.17,60.9,0,0,25.3,22.23,57.44,0.82,0.9,56060,1,31.18,60.0,1.72,1,98554
686747,59.18,59.17,59.17,60.9,1,0,25.3,22.25,57.44,0.82,0.9,99054,0,31.18,60.0,1.73,0,0
687256,59.2,59.19,59.17,61.05,1,0,25.32,22.24,59.19,0.82,1.04,99054,0,31.17,60.0,0.0,0,500
687765,59.17,59.19,59.17,61.05,1,0,25.28,22.24,59.19,0.82,1.04,99054,0,31.2,60.0,0.0,0,1000
688274,59.17,59.18,59.17,61.05,1,0,25.28,22.26,59.19,0.82,1.04,99054,0,31.2,60.0,0.01,0,1500
688783,59.17,59.17,59.17,61.05,1,0,25.28,22.26,59.19,0.82,1.04,99054,0,31.2,60.0,0.01,0,2000
689292,59.17,59.17,59.17,61.05,1,0,25.28,22.26,59.19,0.82,1.04,99054,0,31.2,60.0,0.02,0,2500
689801,59.23,59.17,59.17,61.05,1,0,25.56,22.26,59.19,0.82,1.04,99054,0,31.2,60.0,0.02,0,3000
690310,59.23,59.2,59.17,61.05,1,0,25.56,22.27,59.2,0.82,1.04,99054,0,31.2,60.0,0.0,0,3500
690819,59.29,59.22,59.17,61.05,1,0,25.41,22.27,59.22,0.82,1.04,99054,0,31.18,60.0,0.0,0,4000
691328,59.27,59.25,59.17,61.05,1,0,25.36,22.28,59.25,0.82,1.04,99054,0,31.18,60.0,0.0,0,4500
691837,59.27,59.26,59.17,61.05,1,0,25.36,22.27,59.26,0.82,1.04,99054,0,31.18,60.0,0.0,0,5000
692346,59.27,59.26,59.17,61.05,1,0,25.36,22.27,59.26,0.82,1.04,99054,0,31.18,60.0,0.0,0,5500
692855,59.27,59.26,59.17,61.05,1,0,25.36,22.27,59.26,0.82,1.04,99054,0,31.18,60.0,0.0,0,6000
693364,59.27,59.26,59.17,61.05,1,0,25.36,22.27,59.26,0.82,1.04,99054,0,31.18,60.0,0.0,0,6500
693873,59.33,59.27,59.17,61.05,1,0,25.08,22.27,59.27,0.82,1.04,99054,0,31.17,60.0,0.0,0,7000
694382,59.33,59.3,59.17,61.05,1,0,25.08,22.27,59.3,0.82,1.04,99054,0,31.17,60.0,0.0,0,7500
694891,59.36,59.31,59.17,61.05,1,0,24.9,22.27,59.31,0.82,1.04,99054,0,31.21,60.0,0.0,0,8000
695400,59.36,59.33,59.17,61.05,1,0,24.9,22.32,59.33,0.82,1.04,99054,0,31.21,60.0,0.0,0,8500
695909,59.39,59.35,59.17,61.05,1,0,24.9,22.32,59.35,0.82,1.04,99054,0,31.17,60.0,0.0,0,9000
696418,59.39,59.37,59.17,61.05,1,0,24.86,22.29,59.37,0.82,1.04,99054,0,31.18,60.0,0.0,0,9500
696927,59.39,59.38,59.17,61.05,1,0,24.86,22.3,59.38,0.82,1.04,99054,0,31.18,60.0,0.0,0,10000
697436,59.45,59.38,59.17,61.05,1,0,24.53,22.3,59.38,0.82,1.04,99054,0,31.18,60.0,0.0,0,10501
697944,59.46,59.42,59.17,61.05,1,0,24.55,22.32,59.42,0.82,1.04,99054,0,31.17,60.0,0.0,0,11010
698452,59.47,59.44,59.17,61.05,1,0,24.46,22.31,59.44,0.82,1.04,99054,0,31.18,60.0,0.0,0,11518
698960,59.47,59.45,59.17,61.05,1,0,24.46,22.33,59.45,0.82,1.04,99054,0,31.18,60.0,0.0,0,12026
699469,59.49,59.48,59.17,61.05,1,0,24.31,22.36,59.48,0.82,1.04,99054,0,31.21,60.0,0.0,0,13030
699978,59.49,59.49,59.17,61.05,1,0,24.31,22.36,59.49,0.82,1.04,99054,0,31.21,60.0,0.0,0,13530
700487,59.49,59.49,59.17,61.05,1,0,24.31,22.36,59.49,0.82,1.04,99054,0,31.21,60.0,0.0,0,14030
700996,59.5,59.5,59.17,61.05,1,0,23.96,22.34,59.5,0.82,1.04,99054,0,31.18,60.0,0.0,0,14530
701505,59.5,59.5,59.17,61.05,1,0,23.96,22.34,59.5,0.82,1.04,99054,0,31.18,60.0,0.0,0,15030
702014,59.5,59.5,59.17,61.05,1,0,23.96,22.34,59.5,0.82,1.04,99054,0,31.18,60.0,0.0,0,15530
702523,59.5,59.5,59.17,61.05,1,0,23.96,22.34,59.5,0.82,1.04,99054,0,31.18,60.0,0.0,0,16030
703032,59.55,59.53,59.17,61.05,1,0,23.87,22.34,59.53,0.82,1.04,99054,0,31.17,60.0,0.0,0,16530
703544,59.55,59.54,59.17,61.05,1,0,23.87,22.34,59.54,0.82,1.04,99054,0,31.17,60.0,0.0,0,17030
704053,59.55,59.55,59.17,61.05,1,0,23.87,22.34,59.55,0.82,1.04,99054,0,31.17,60.0,0.0,0,17530
704562,59.59,59.57,59.17,61.05,1,0,23.37,22.36,59.57,0.82,1.04,99054,0,31.18,60.0,0.0,0,18030
705071,59.59,59.58,59.17,61.05,1,0,23.37,22.36,59.58,0.82,1.04,99054,0,31.18,60.0,0.0,0,18530
705580,59.59,59.59,59.17,61.05,1,0,23.37,22.36,59.59,0.82,1.04,99054,0,31.18,60.0,0.0,0,19030
706089,59.62,59.6,59.17,61.05,1,0,23.11,22.37,59.6,0.82,1.04,99054,0,31.18,60.0,0.0,0,19530
706598,59.67,59.61,59.17,61.05,1,0,22.89,22.37,59.61,0.82,1.04,99054,0,31.18,60.0,0.0,0,20030
707107,59.67,59.64,59.17,61.05,1,0,22.89,22.38,59.64,0.82,1.04,99054,0,31.18,60.0,0.0,0,20530
707616,59.67,59.65,59.17,61.05,1,0,23.0,22.38,59.65,0.82,1.04,99054,0,31.18,60.0,0.0,0,21030
708125,59.67,59.66,59.17,61.05,1,0,23.0,22.38,59.66,0.82,1.04,99054,0,31.18,60.0,0.0,0,21530
708634,59.73,59.7,59.17,61.05,1,0,23.02,22.41,59.7,0.82,1.04,99054,0,31.2,60.0,0.0,0,22030
709143,59.69,59.69,59.17,61.05,1,0,22.72,22.37,59.7,0.82,1.04,99054,0,31.17,60.0,0.0,0,22530
709652,59.69,59.69,59.17,61.05,1,0,22.72,22.37,59.7,0.82,1.04,99054,0,31.17,60.0,0.0,0,23030
710161,59.74,59.72,59.17,61.05,1,0,22.5,22.41,59.72,0.82,1.04,99054,0,31.2,60.0,0.0,0,23530
710669,59.74,59.73,59.17,61.05,1,0,22.5,22.41,59.73,0.82,1.04,99054,0,31.2,60.0,0.0,0,24030
711178,59.74,59.74,59.17,61.05,1,0,22.33,22.39,59.74,0.82,1.04,99054,0,31.17,60.0,0.0,0,24530
711687,59.76,59.75,59.17,61.05,1,0,22.31,22.45,59.75,0.82,1.04,99054,0,31.23,60.0,0.0,0,25030
712196,59.76,59.75,59.17,61.05,1,0,22.31,22.45,59.75,0.82,1.04,99054,0,31.23,60.0,0.0,0,25530
712705,59.84,59.76,59.17,61.05,1,0,22.07,22.45,59.76,0.82,1.04,99054,0,31.18,60.0,0.0,0,26030
713214,59.84,59.8,59.17,61.05,1,0,22.07,22.43,59.8,0.82,1.04,99054,0,31.18,60.0,0.0,0,26530
713723,59.84,59.82,59.17,61.05,1,0,22.07,22.43,59.82,0.82,1.04,99054,0,31.18,60.0,0.0,0,27030
714232,59.89,59.83,59.17,61.05,1,0,21.74,22.43,59.83,0.82,1.04,99054,0,31.18,60.0,0.0,0,27530
714741,59.89,59.86,59.17,61.05,1,0,21.74,22.44,59.86,0.82,1.04,99054,0,31.18,60.0,0.0,0,28030
715250,59.89,59.88,59.17,61.05,1,0,21.74,22.44,59.88,0.82,1.04,99054,0,31.18,60.0,0.0,0,28530
715759,59.94,59.91,59.17,61.05,1,0,21.7,22.47,59.91,0.82,1.04,99054,0,31.2,60.0,0.0,0,29042
716268,59.93,59.93,59.17,61.05,1,0,21.53,22.47,59.93,0.82,1.04,99054,0,31.2,60.0,0.0,0,29542
716777,59.93,59.93,59.17,61.05,1,0,21.53,22.47,59.93,0.82,1.04,99054,0,31.2,60.0,0.0,0,30042
717286,59.93,59.93,59.17,61.05,1,0,21.53,22.47,59.93,0.82,1.04,99054,0,31.2,60.0,0.0,0,30542
717795,59.93,59.93,59.17,61.05,1,0,21.53,22.47,59.93,0.82,1.04,99054,0,31.2,60.0,0.0,0,31042
718304,60.02,59.97,59.17,61.05,1,0,21.07,22.48,59.97,0.82,1.04,99054,0,31.18,60.0,0.0,0,31542
718813,60.02,60.0,59.17,61.05,1,0,21.07,22.48,60.0,0.82,1.04,99054,0,31.18,60.0,0.0,0,32042
719322,60.02,60.01,59.17,61.05,1,0,21.07,22.48,60.01,0.82,1.04,99054,0,31.18,60.0,0.0,0,32542
719831,60.11,60.01,59.17,61.05,1,0,20.94,22.48,60.01,0.82,1.04,99054,0,31.2,60.0,0.0,0,33042
720340,60.11,60.06,59.17,61.05,1,0,20.94,22.51,60.06,0.82,1.04,99054,0,31.2,60.0,0.0,0,33542
720849,60.13,60.08,59.17,61.05,1,0,20.75,22.51,60.08,0.82,1.04,99054,0,31.2,60.0,0.0,0,34042
721358,60.19,60.11,59.17,61.05,1,0,20.84,22.52,60.11,0.82,1.04,99054,0,31.2,60.0,0.0,0,34542
721867,60.19,60.15,59.17,61.05,1,0,20.84,22.54,60.15,0.82,1.04,99054,0,31.2,60.0,0.0,0,35042
722376,60.22,60.17,59.17,61.05,1,0,21.03,22.54,60.17,0.82,1.04,99054,0,31.2,60.0,0.0,0,35542
722885,60.25,60.19,59.17,61.05,1,0,20.56,22.54,60.19,0.82,1.04,99054,0,31.2,60.0,0.0,0,36042
723394,60.28,60.22,59.17,61.05,1,0,20.69,22.55,60.22,0.82,1.04,99054,0,31.2,60.0,0.0,0,36542
723903,60.28,60.25,59.17,61.05,1,0,20.34,22.56,60.25,0.82,1.04,99054,0,31.18,60.0,0.0,0,37042
724412,60.28,60.27,59.17,61.05,1,0,20.34,22.55,60.27,0.82,1.04,99054,0,31.18,60.0,0.0,0,37542
724925,60.28,60.27,59.17,61.05,1,0,20.34,22.55,60.27,0.82,1.04,99054,0,31.18,60.0,0.0,0,38042
725434,60.32,60.28,59.17,61.05,1,0,20.19,22.55,60.28,0.82,1.04,99054,0,31.2,60.0,0.0,0,38542
725943,60.4,60.3,59.17,61.05,1,0,20.02,22.57,60.3,0.82,1.04,99054,0,31.18,60.0,0.0,0,39042
726452,60.44,60.35,59.17,61.05,1,0,20.08,22.58,60.35,0.82,1.04,99054,0,31.18,60.0,0.0,0,39542
726961,60.44,60.4,59.17,61.05,1,0,20.08,22.59,60.4,0.82,1.04,99054,0,31.18,60.0,0.0,0,40042
727470,60.48,60.42,59.17,61.05,1,0,20.02,22.59,60.42,0.82,1.04,99054,0,31.21,60.0,0.0,0,40542
727979,60.48,60.45,59.17,61.05,1,0,20.02,22.63,60.45,0.82,1.04,99054,0,31.21,60.0,0.0,0,41042
728488,60.53,60.47,59.17,61.05,1,0,19.78,22.63,60.47,0.82,1.04,99054,0,31.21,60.0,0.0,0,41553
728997,60.62,60.5,59.17,61.05,1,0,19.84,22.64,60.5,0.82,1.04,99054,0,31.2,60.0,0.0,0,42062
729506,60.62,60.56,59.17,61.05,1,0,19.84,22.65,60.56,0.82,1.04,99054,0,31.2,60.0,0.0,0,42571
730015,60.63,60.61,59.17,61.05,1,0,19.67,22.64,60.61,0.82,1.04,99054,0,31.18,60.0,0.0,0,43576
730524,60.65,60.63,59.17,61.05,1,0,19.5,22.67,60.63,0.82,1.04,99054,0,31.21,60.0,0.0,0,44076
731033,60.65,60.64,59.17,61.05,1,0,19.5,22.67,60.64,0.82,1.04,99054,0,31.21,60.0,0.0,0,44576
731542,60.75,60.69,59.17,61.05,1,0,19.31,22.7,60.69,0.82,1.04,99054,0,31.21,60.0,0.0,0,45076
732051,60.75,60.72,59.17,61.05,1,0,19.31,22.7,60.72,0.82,1.04,99054,0,31.21,60.0,0.0,0,45576
732560,60.75,60.73,59.17,61.05,1,0,19.39,22.7,60.73,0.82,1.04,99054,0,31.21,60.0,0.0,0,46076
733069,60.82,60.74,59.17,61.05,1,0,19.11,22.7,60.74,0.82,1.04,99054,0,31.2,60.0,0.0,0,46576
733578,60.82,60.78,59.17,61.05,1,0,19.11,22.71,60.78,0.82,1.04,99054,0,31.2,60.0,0.0,0,47076
734087,60.82,60.8,59.17,61.05,1,0,19.0,22.71,60.8,0.82,1.04,99054,0,31.2,60.0,0.0,0,47576
734596,60.82,60.81,59.17,61.05,1,0,19.0,22.71,60.81,0.82,1.04,99054,0,31.2,60.0,0.0,0,48076
735105,60.89,60.81,59.17,61.05,1,0,18.96,22.71,60.81,0.82,1.04,99054,0,31.2,60.0,0.0,0,48576
735614,60.89,60.85,59.17,61.05,1,0,18.96,22.73,60.85,0.82,1.04,99054,0,31.2,60.0,0.0,0,49076
736123,60.92,60.89,59.17,61.05,1,0,18.64,22.75,60.89,0.82,1.04,99054,0,31.21,60.0,0.0,0,49576
736632,60.96,60.92,59.17,61.05,1,0,18.66,22.75,60.92,0.82,1.04,99054,0,31.2,60.0,0.0,0,50076
737140,60.96,60.94,59.17,61.05,1,0,18.66,22.75,60.94,0.82,1.04,99054,0,31.2,60.0,0.0,0,50576
737649,61.0,60.97,59.17,61.05,1,0,18.66,22.77,60.97,0.82,1.04,99054,0,31.21,60.0,0.0,0,51076
738158,60.97,60.98,59.17,61.05,1,0,18.12,22.77,60.98,0.82,1.04,99054,0,31.21,60.0,0.0,0,51577
738667,60.97,60.98,59.17,61.05,1,0,18.12,22.76,60.98,0.82,1.04,99054,0,31.21,60.0,0.0,0,52077
739176,60.97,60.97,59.17,61.05,1,0,18.12,22.76,60.98,0.82,1.04,99054,0,31.21,60.0,0.0,0,52577
739685,61.03,61.0,59.17,61.05,1,1,18.42,22.75,61.0,0.82,1.04,99054,0,31.18,60.0,0.0,1,53077
740194,61.05,61.01,59.17,61.05,1,1,18.38,22.75,61.01,0.82,1.04,99054,0,31.21,60.0,0.0,1,53577
740703,61.02,61.03,59.17,61.05,1,1,18.88,22.78,61.03,0.82,1.04,99054,0,31.21,60.0,0.0,1,54077
741212,61.02,61.03,59.17,61.05,1,1,18.88,22.78,61.03,0.82,1.04,99054,0,31.21,60.0,0.0,1,54577
741721,61.07,61.05,59.17,61.05,1,1,18.49,22.81,61.05,0.82,1.04,99054,0,31.23,60.0,0.0,1,55077
742230,61.09,61.06,59.17,61.05,1,1,18.64,22.81,61.06,0.82,1.04,99054,0,31.21,60.0,0.0,1,55577
742739,61.09,61.07,59.17,61.05,1,1,18.64,22.79,61.07,0.82,1.04,99054,0,31.21,60.0,0.0,1,56077
743248,61.09,61.08,59.17,61.05,1,1,18.64,22.79,61.08,0.82,1.04,99054,0,31.21,60.0,0.0,1,56577
743757,60.99,61.03,59.17,61.05,1,1,18.81,22.78,61.08,0.82,1.04,99054,0,31.23,60.0,0.04,1,57077
744266,60.61,60.82,59.17,61.05,0,1,19.03,22.64,61.08,0.82,1.04,57577,0,31.18,60.0,0.26,1,0
744774,60.21,60.71,59.13,61.05,0,1,19.33,22.64,60.71,0.86,1.04,57577,0,31.17,60.0,0.0,1,500
745282,59.89,60.46,59.13,61.05,0,1,19.24,22.52,60.46,0.86,1.04,57577,0,31.18,60.0,0.0,1,1000
745791,59.52,60.18,59.13,61.05,0,0,19.37,22.44,60.18,0.86,1.04,57577,0,31.17,60.0,0.0,1,1500
746300,59.52,59.85,59.13,61.05,0,0,19.37,22.33,59.85,0.86,1.04,57577,0,31.17,60.0,0.0,1,2000
746809,58.99,59.68,59.13,61.05,0,0,19.35,22.33,59.68,0.86,1.04,57577,0,31.13,60.0,0.0,1,2500
747318,58.99,59.34,59.13,61.05,0,0,19.35,22.14,59.34,0.86,1.04,57577,0,31.13,60.0,0.0,1,3000
747827,58.38,59.17,59.13,61.05,0,0,18.92,22.14,59.17,0.86,1.04,57577,0,31.13,60.0,0.0,1,3500
748336,58.38,58.77,59.13,61.05,0,0,18.92,21.97,58.77,0.86,1.04,57577,0,31.13,60.0,0.0,1,4000
748845,58.17,58.47,59.13,61.05,0,0,18.9,21.92,58.47,0.86,1.04,57577,0,31.14,60.0,0.0,1,4500
749353,57.89,58.32,59.13,61.05,0,0,18.88,21.92,58.32,0.86,1.04,57577,0,31.12,60.0,0.0,1,5000
749861,57.89,58.11,59.13,61.05,0,0,18.88,21.82,58.11,0.86,1.04,57577,0,31.12,60.0,0.0,1,5500
750370,57.73,58.0,59.13,61.05,0,0,18.81,21.82,58.0,0.86,1.04,57577,0,31.12,60.0,0.0,1,6000
750879,57.61,57.86,59.13,61.05,0,0,18.57,21.77,57.86,0.86,1.04,57577,0,31.1,60.0,0.0,1,6500
751388,57.61,57.74,59.13,61.05,0,0,18.57,21.73,57.74,0.86,1.04,57577,0,31.1,60.0,0.0,1,7000
751897,57.56,57.68,59.13,61.05,0,0,19.13,21.73,57.68,0.86,1.04,57577,0,31.1,60.0,0.0,1,7500
752406,57.56,57.62,59.13,61.05,0,0,19.13,21.71,57.62,0.86,1.04,57577,0,31.1,60.0,0.0,1,8000
752915,57.44,57.59,59.13,61.05,0,0,18.44,21.71,57.59,0.86,1.04,57577,0,31.12,60.0,0.0,1,8500
753424,57.37,57.52,59.13,61.05,0,0,18.6,21.69,57.52,0.86,1.04,57577,0,31.13,60.0,0.0,1,9000
753933,57.37,57.44,59.13,61.05,0,0,18.6,21.68,57.44,0.86,1.04,57577,0,31.13,60.0,0.0,1,9500
754442,57.36,57.41,59.13,61.05,0,0,18.57,21.68,57.41,0.86,1.04,57577,0,31.12,60.0,0.0,1,10001
754951,57.36,57.38,59.13,61.05,0,0,18.57,21.67,57.38,0.86,1.04,57577,0,31.12,60.0,0.0,1,10502
755460,57.35,57.37,59.13,61.05,0,0,18.51,21.67,57.37,0.86,1.04,57577,0,31.1,60.0,0.0,1,11002
755969,57.35,57.36,59.13,61.05,0,0,18.51,21.65,57.36,0.86,1.04,57577,0,31.1,60.0,0.0,1,11502
756478,57.34,57.35,59.13,61.05,0,0,18.55,21.65,57.35,0.86,1.04,57577,0,31.1,60.0,0.0,1,12002
756987,57.34,57.34,59.13,61.05,0,0,18.32,21.65,57.34,0.86,1.04,57577,0,31.12,60.0,0.0,1,12502
757496,57.32,57.34,59.13,61.05,0,0,18.79,21.66,57.34,0.86,1.04,57577,0,31.12,60.0,0.0,1,13002
758005,57.32,57.33,59.13,61.05,0,0,18.79,21.66,57.33,0.86,1.04,57577,0,31.12,60.0,0.0,1,13502
758514,57.33,57.32,59.13,61.05,0,0,18.7,21.66,57.32,0.86,1.04,57577,0,31.09,60.0,0.0,1,14002
759023,57.3,57.33,59.13,61.05,0,0,19.48,21.63,57.32,0.86,1.04,57577,0,31.1,60.0,0.0,1,14507
759532,57.31,57.31,59.13,61.05,0,0,18.88,21.64,57.31,0.86,1.04,57577,0,31.1,60.0,0.0,1,15016
760041,57.31,57.31,59.13,61.05,0,0,18.88,21.64,57.31,0.86,1.04,57577,0,31.1,60.0,0.0,1,16025
760550,57.34,57.33,59.13,61.05,0,0,19.26,21.66,57.31,0.86,1.04,57577,0,31.12,60.0,0.01,1,16525
761059,57.39,57.36,59.13,61.05,0,0,19.22,21.66,57.31,0.86,1.04,57577,0,31.1,60.0,0.04,1,17025
761568,57.39,57.37,59.13,61.05,0,0,19.39,21.65,57.31,0.86,1.04,57577,0,31.09,60.0,0.05,1,17525
762077,57.39,57.38,59.13,61.05,0,0,19.39,21.65,57.31,0.86,1.04,57577,0,31.09,60.0,0.06,1,18025
762586,57.39,57.38,59.13,61.05,0,0,19.39,21.65,57.31,0.86,1.04,57577,0,31.09,60.0,0.06,1,18525
763095,57.47,57.42,59.13,61.05,0,0,19.22,21.68,57.31,0.86,1.04,57577,0,31.1,60.0,0.11,1,19025
763604,57.47,57.44,59.13,61.05,0,0,19.22,21.68,57.31,0.86,1.04,57577,0,31.1,60.0,0.13,1,19525
764113,57.5,57.47,59.13,61.05,0,0,19.11,21.69,57.31,0.86,1.04,57577,1,31.1,60.0,0.15,1,20025
764622,57.5,57.49,59.13,61.05,0,0,19.11,21.69,57.31,0.86,1.04,57577,1,31.1,60.0,0.17,1,20525
765131,57.54,57.52,59.13,61.05,0,0,19.46,21.73,57.31,0.86,1.04,57577,1,31.13,60.0,0.2,1,21025
765640,57.54,57.53,59.13,61.05,0,0,19.46,21.73,57.31,0.86,1.04,57577,1,31.13,60.0,0.21,1,21525
766149,57.54,57.54,59.13,61.05,0,0,19.46,21.73,57.31,0.86,1.04,57577,1,31.13,60.0,0.22,1,22025
766658,57.62,57.58,59.13,61.05,0,0,19.82,21.72,57.31,0.86,1.04,57577,1,31.09,60.0,0.26,1,22525
767167,57.67,57.6,59.13,61.05,0,0,19.76,21.72,57.31,0.86,1.04,57577,1,31.13,60.0,0.28,1,23025
767676,57.67,57.63,59.13,61.05,0,0,19.76,21.77,57.31,0.86,1.04,57577,1,31.13,60.0,0.32,1,23525
768185,57.71,57.67,59.13,61.05,0,0,19.78,21.74,57.31,0.86,1.04,57577,1,31.09,60.0,0.35,1,24025
768694,57.77,57.69,59.13,61.05,0,0,19.87,21.74,57.31,0.86,1.04,57577,1,31.12,60.0,0.37,1,24525
769203,57.77,57.73,59.13,61.05,0,0,19.87,21.79,57.31,0.86,1.04,57577,1,31.12,60.0,0.41,1,25025
769712,57.77,57.75,59.13,61.05,0,0,19.93,21.79,57.31,0.86,1.04,57577,1,31.12,60.0,0.43,1,25532
770221,57.78,57.76,59.13,61.05,0,0,19.89,21.79,57.31,0.86,1.04,57577,1,31.14,60.0,0.44,1,26032
770731,57.78,57.77,59.13,61.05,0,0,19.89,21.81,57.31,0.86,1.04,57577,1,31.14,60.0,0.45,1,26532
771240,57.9,57.78,59.13,61.05,0,0,20.19,21.81,57.31,0.86,1.04,57577,1,31.09,60.0,0.46,1,27032
771749,57.9,57.84,59.13,61.05,0,0,20.19,21.8,57.31,0.86,1.04,57577,1,31.09,60.0,0.52,1,27532
772258,57.94,57.87,59.13,61.05,0,0,20.3,21.8,57.31,0.86,1.04,57577,1,31.13,60.0,0.55,1,28032
772767,57.94,57.91,59.13,61.05,0,0,20.3,21.85,57.31,0.86,1.04,57577,1,31.13,60.0,0.59,1,28532
773276,57.92,57.91,59.13,61.05,0,0,20.86,21.84,57.31,0.86,1.04,57577,1,31.13,60.0,0.59,1,29032
773785,57.96,57.92,59.13,61.05,0,0,20.47,21.84,57.31,0.86,1.04,57577,1,31.14,60.0,0.6,1,29532
774295,57.97,57.94,59.13,61.05,0,0,20.23,21.86,57.31,0.86,1.04,57577,1,31.12,60.0,0.62,1,30032
774804,57.97,57.95,59.13,61.05,0,0,20.23,21.84,57.31,0.86,1.04,57577,1,31.12,60.0,0.63,1,30532
775313,57.97,57.96,59.13,61.05,0,0,20.23,21.84,57.31,0.86,1.04,57577,1,31.12,60.0,0.64,1,31032
775822,58.04,57.96,59.13,61.05,0,0,20.56,21.84,57.31,0.86,1.04,57577,1,31.13,60.0,0.64,1,31532
776331,58.04,58.0,59.13,61.05,0,0,20.56,21.88,57.31,0.86,1.04,57577,1,31.13,60.0,0.68,1,32032
776840,58.03,58.02,59.13,61.05,0,0,20.71,21.87,57.31,0.86,1.04,57577,1,31.13,60.0,0.7,1,32546
777349,58.03,58.02,59.13,61.05,0,0,20.71,21.87,57.31,0.86,1.04,57577,1,31.13,60.0,0.7,1,33046
777858,58.07,58.03,59.13,61.05,0,0,20.86,21.87,57.31,0.86,1.04,57577,1,31.14,60.0,0.71,1,33546
778367,58.07,58.05,59.13,61.05,0,0,20.86,21.9,57.31,0.86,1.04,57577,1,31.14,60.0,0.73,1,34046
778876,58.07,58.06,59.13,61.05,0,0,20.86,21.9,57.31,0.86,1.04,57577,1,31.14,60.0,0.74,1,34546
779385,58.1,58.07,59.13,61.05,0,0,20.88,21.9,57.31,0.86,1.04,57577,1,31.14,60.0,0.75,1,35046
779894,58.12,58.08,59.13,61.05,0,0,20.92,21.9,57.31,0.86,1.04,57577,1,31.16,60.0,0.76,1,35546
780403,58.12,58.1,59.13,61.05,0,0,20.92,21.92,57.31,0.86,1.04,57577,1,31.16,60.0,0.78,1,36046
780912,58.14,58.11,59.13,61.05,0,0,21.03,21.92,57.31,0.86,1.04,57577,1,31.14,60.0,0.79,1,36546
781421,58.14,58.13,59.13,61.05,0,0,21.03,21.92,57.31,0.86,1.04,57577,1,31.14,60.0,0.81,1,37046
781930,58.17,58.14,59.13,61.05,0,0,21.35,21.92,57.31,0.86,1.04,57577,1,31.14,60.0,0.82,1,37546
782439,58.17,58.15,59.13,61.05,0,0,21.29,21.92,57.31,0.86,1.04,57577,1,31.12,60.0,0.83,1,38046
782948,58.17,58.16,59.13,61.05,0,0,21.29,21.9,57.31,0.86,1.04,57577,1,31.12,60.0,0.84,1,38546
783457,58.17,58.16,59.13,61.05,0,0,21.29,21.9,57.31,0.86,1.04,57577,1,31.12,60.0,0.84,1,39046
783966,58.17,58.16,59.13,61.05,0,0,21.29,21.9,57.31,0.86,1.04,57577,1,31.12,60.0,0.84,1,39546
784475,58.21,58.16,59.13,61.05,0,0,21.61,21.9,57.31,0.86,1.04,57577,1,31.14,60.0,0.85,1,40046
784984,58.22,58.19,59.13,61.05,0,0,21.59,21.93,57.31,0.86,1.04,57577,1,31.13,60.0,0.87,1,40546
785493,58.22,58.2,59.13,61.05,0,0,21.59,21.92,57.31,0.86,1.04,57577,1,31.13,60.0,0.88,1,41046
786002,58.2,58.21,59.13,61.05,0,0,21.53,21.92,57.31,0.86,1.04,57577,1,31.14,60.0,0.89,1,41546
786511,58.2,58.2,59.13,61.05,0,0,21.53,21.93,57.31,0.86,1.04,57577,1,31.14,60.0,0.88,1,42046
787020,58.2,58.2,59.13,61.05,0,0,21.53,21.93,57.31,0.86,1.04,57577,1,31.14,60.0,0.88,1,42546
787529,58.25,58.2,59.13,61.05,0,0,22.29,21.93,57.31,0.86,1.04,57577,1,31.16,60.0,0.88,1,43046
788038,58.25,58.22,59.13,61.05,0,0,22.29,21.96,57.31,0.86,1.04,57577,1,31.16,60.0,0.9,1,43546
788547,58.24,58.23,59.13,61.05,0,0,21.77,21.92,57.31,0.86,1.04,57577,1,31.12,60.0,0.91,1,44059
789056,58.26,58.24,59.13,61.05,0,0,21.72,21.92,57.31,0.86,1.04,57577,1,31.16,60.0,0.92,1,44559
789565,58.26,58.25,59.13,61.05,0,0,21.72,21.96,57.31,0.86,1.04,57577,1,31.16,60.0,0.93,1,45059
790074,58.26,58.25,59.13,61.05,0,0,21.72,21.96,57.31,0.86,1.04,57577,1,31.16,60.0,0.93,1,45559
790583,58.29,58.27,59.13,61.05,0,0,21.94,21.95,57.31,0.86,1.04,57577,1,31.13,60.0,0.96,1,46567
791092,58.29,58.28,59.13,61.05,0,0,21.94,21.95,57.31,0.86,1.04,57577,1,31.13,60.0,0.97,1,47067
791601,58.33,58.31,59.13,61.05,0,0,21.98,21.97,57.31,0.86,1.04,57577,1,31.14,60.0,0.99,1,47567
792110,58.31,58.31,59.13,61.05,0,0,22.16,21.96,57.31,0.86,1.04,57577,1,31.14,60.0,0.99,1,48067
792619,58.31,58.31,59.13,61.05,0,0,22.16,21.96,57.31,0.86,1.04,57577,1,31.14,60.0,0.99,1,48567
793128,58.35,58.33,59.13,61.05,0,0,22.13,21.99,57.31,0.86,1.04,57577,1,31.16,60.0,1.01,1,49067
793637,58.35,58.34,59.13,61.05,0,0,22.13,21.99,57.31,0.86,1.04,57577,1,31.16,60.0,1.02,1,49567
794146,58.35,58.34,59.13,61.05,0,0,22.13,21.99,57.31,0.86,1.04,57577,1,31.16,60.0,1.02,1,50067
794655,58.35,58.35,59.13,61.05,0,0,22.13,21.99,57.31,0.86,1.04,57577,1,31.16,60.0,1.03,1,50567
795164,58.35,58.35,59.13,61.05,0,0,22.13,21.99,57.31,0.86,1.04,57577,1,31.16,60.0,1.03,1,51067
795673,58.36,58.35,59.13,61.05,0,0,22.55,21.99,57.31,0.86,1.04,57577,1,31.16,60.0,1.03,1,51567
796182,58.37,58.36,59.13,61.05,0,0,22.44,21.99,57.31,0.86,1.04,57577,1,31.16,60.0,1.04,1,52067
796691,58.37,58.37,59.13,61.05,0,0,22.44,21.99,57.31,0.86,1.04,57577,1,31.16,60.0,1.05,1,52567
797200,58.37,58.37,59.13,61.05,0,0,23.05,21.98,57.31,0.86,1.04,57577,1,31.14,60.0,1.05,1,53067
797709,58.37,58.37,59.13,61.05,0,0,23.05,21.98,57.31,0.86,1.04,57577,1,31.14,60.0,1.05,1,53567
798218,58.39,58.38,59.13,61.05,0,0,22.65,22.0,57.31,0.86,1.04,57577,1,31.16,60.0,1.06,1,54067
798727,58.39,58.38,59.13,61.05,0,0,22.65,22.0,57.31,0.86,1.04,57577,1,31.16,60.0,1.06,1,54567
799236,58.38,58.38,59.13,61.05,0,0,22.76,22.01,57.31,0.86,1.04,57577,1,31.17,60.0,1.06,1,55071
799745,58.38,58.38,59.13,61.05,0,0,22.76,22.01,57.31,0.86,1.04,57577,1,31.17,60.0,1.06,1,55571
800265,58.45,58.38,59.13,61.05,0,0,22.72,22.01,57.31,0.86,1.04,57577,1,31.16,60.0,1.06,1,56071
800774,58.45,58.41,59.13,61.05,0,0,22.72,22.01,57.31,0.86,1.04,57577,1,31.16,60.0,1.09,1,56571
801283,58.45,58.43,59.13,61.05,0,0,22.72,22.01,57.31,0.86,1.04,57577,1,31.16,60.0,1.11,1,57071
801792,58.45,58.44,59.13,61.05,0,0,22.78,22.01,57.31,0.86,1.04,57577,1,31.16,60.0,1.12,1,57571
802301,58.45,58.44,59.13,61.05,0,0,22.78,22.01,57.31,0.86,1.04,57577,1,31.16,60.0,1.12,1,58071
802822,58.44,58.44,59.13,61.05,0,0,22.94,22.01,57.31,0.86,1.04,57577,1,31.18,60.0,1.13,1,58571
803331,58.44,58.44,59.13,61.05,0,0,22.94,22.04,57.31,0.86,1.04,57577,1,31.18,60.0,1.12,1,59071
803840,58.49,58.44,59.13,61.05,0,0,22.94,22.04,57.31,0.86,1.04,57577,1,31.17,60.0,1.12,1,59571
804349,58.49,58.47,59.13,61.05,0,0,22.94,22.04,57.31,0.86,1.04,57577,1,31.17,60.0,1.15,1,60071
804858,58.49,58.48,59.13,61.05,0,0,22.94,22.04,57.31,0.86,1.04,57577,1,31.17,60.0,1.16,1,60571
805380,58.53,58.48,59.13,61.05,0,0,23.15,22.04,57.31,0.86,1.04,57577,1,31.17,60.0,1.17,1,61071
805889,58.53,58.51,59.13,61.05,0,0,23.15,22.05,57.31,0.86,1.04,57577,1,31.17,60.0,1.19,1,61571
806398,58.51,58.52,59.13,61.05,0,0,23.31,22.05,57.31,0.86,1.04,57577,1,31.16,60.0,1.2,1,62071
806907,58.51,58.51,59.13,61.05,0,0,23.31,22.03,57.31,0.86,1.04,57577,1,31.16,60.0,1.19,1,62571
807416,58.48,58.5,59.13,61.05,0,0,23.39,22.01,57.31,0.86,1.04,57577,1,31.14,60.0,1.18,1,63071
807925,58.48,58.49,59.13,61.05,0,0,23.39,22.01,57.31,0.86,1.04,57577,1,31.14,60.0,1.17,1,63571
808438,58.54,58.49,59.13,61.05,0,0,23.24,22.01,57.31,0.86,1.04,57577,1,31.17,60.0,1.17,1,64071
808947,58.54,58.51,59.13,61.05,0,0,23.24,22.05,57.31,0.86,1.04,57577,1,31.17,60.0,1.19,1,64571
809456,58.51,58.52,59.13,61.05,0,0,23.37,22.05,57.31,0.86,1.04,57577,1,31.18,60.0,1.21,1,65071
809965,58.51,58.52,59.13,61.05,0,0,23.37,22.06,57.31,0.86,1.04,57577,1,31.18,60.0,1.2,1,65571
810474,58.51,58.52,59.13,61.05,0,0,23.37,22.06,57.31,0.86,1.04,57577,1,31.18,60.0,1.2,1,66071
810983,58.52,58.52,59.13,61.05,0,0,23.26,22.04,57.31,0.86,1.04,57577,1,31.16,60.0,1.2,1,66571
811496,58.55,58.52,59.13,61.05,0,0,23.44,22.04,57.31,0.86,1.04,57577,1,31.17,60.0,1.2,1,67071
812005,58.55,58.54,59.13,61.05,0,0,23.44,22.06,57.31,0.86,1.04,57577,1,31.17,60.0,1.22,1,67571
812514,58.55,58.54,59.13,61.05,0,0,23.79,22.06,57.31,0.86,1.04,57577,1,31.17,60.0,1.22,1,68074
813023,58.55,58.55,59.13,61.05,0,0,23.79,22.06,57.31,0.86,1.04,57577,1,31.17,60.0,1.23,1,68574
813532,58.55,58.55,59.13,61.05,0,0,23.79,22.06,57.31,0.86,1.04,57577,1,31.17,60.0,1.23,1,69074
814041,58.56,58.55,59.13,61.05,0,0,23.59,22.06,57.31,0.86,1.04,57577,1,31.17,60.0,1.23,1,69574
814550,58.55,58.56,59.13,61.05,0,0,23.92,22.06,57.31,0.86,1.04,57577,1,31.18,60.0,1.24,1,70074
815059,58.55,58.55,59.13,61.05,0,0,23.92,22.07,57.31,0.86,1.04,57577,1,31.18,60.0,1.23,1,70574
815568,58.6,58.55,59.13,61.05,0,0,23.81,22.07,57.31,0.86,1.04,57577,1,31.17,60.0,1.23,1,71074
816077,58.6,58.58,59.13,61.05,0,0,23.81,22.07,57.31,0.86,1.04,57577,1,31.17,60.0,1.26,1,71574
816586,58.61,58.59,59.13,61.05,0,0,23.74,22.07,57.31,0.86,1.04,57577,1,31.17,60.0,1.27,1,72074
817095,58.59,58.59,59.13,61.05,0,0,23.81,22.07,57.31,0.86,1.04,57577,1,31.17,60.0,1.28,1,73079
817604,58.59,58.59,59.13,61.05,0,0,23.81,22.07,57.31,0.86,1.04,57577,1,31.17,60.0,1.27,1,73579
818113,58.62,58.6,59.13,61.05,0,0,24.05,22.09,57.31,0.86,1.04,57577,1,31.18,60.0,1.28,1,74079
818622,58.62,58.61,59.13,61.05,0,0,24.05,22.09,57.31,0.86,1.04,57577,1,31.18,60.0,1.29,1,74579
819131,58.59,58.6,59.13,61.05,0,0,24.07,22.08,57.31,0.86,1.04,57577,1,31.18,60.0,1.28,1,75079
819640,58.63,58.61,59.13,61.05,0,0,23.96,22.11,57.31,0.86,1.04,57577,1,31.2,60.0,1.3,1,75579
820149,58.63,58.62,59.13,61.05,0,0,23.96,22.11,57.31,0.86,1.04,57577,1,31.2,60.0,1.3,1,76079
820658,58.62,58.62,59.13,61.05,0,0,24.2,22.09,57.31,0.86,1.04,57577,1,31.18,60.0,1.3,1,76580
821167,58.63,58.62,59.13,61.05,0,0,24.05,22.09,57.31,0.86,1.04,57577,1,31.18,60.0,1.3,1,77081
821677,58.63,58.63,59.13,61.05,0,0,24.05,22.09,57.31,0.86,1.04,57577,1,31.18,60.0,1.31,1,77581
822187,58.64,58.63,59.13,61.05,0,0,24.29,22.1,57.31,0.86,1.04,57577,1,31.18,60.0,1.31,1,78081
822696,58.64,58.64,59.13,61.05,0,0,24.42,22.1,57.31,0.86,1.04,57577,1,31.18,60.0,1.32,1,78581
823205,58.64,58.64,59.13,61.05,0,0,24.42,22.1,57.31,0.86,1.04,57577,1,31.18,60.0,1.32,1,79081
823714,58.65,58.65,59.13,61.05,0,0,24.31,22.1,57.31,0.86,1.04,57577,1,31.18,60.0,1.33,1,79581
824223,58.65,58.65,59.13,61.05,0,0,24.31,22.1,57.31,0.86,1.04,57577,1,31.18,60.0,1.33,1,80081
824732,58.69,58.67,59.13,61.05,0,0,24.46,22.11,57.31,0.86,1.04,57577,1,31.18,60.0,1.35,1,80581
825241,58.69,58.68,59.13,61.05,0,0,24.46,22.11,57.31,0.86,1.04,57577,1,31.18,60.0,1.36,1,81081
825750,58.68,58.69,59.13,61.05,0,0,24.33,22.11,57.31,0.86,1.04,57577,1,31.18,60.0,1.37,1,81581
826259,58.68,58.68,59.13,61.05,0,0,24.38,22.11,57.31,0.86,1.04,57577,1,31.17,60.0,1.36,1,82081
826768,58.68,58.68,59.13,61.05,0,0,24.38,22.09,57.31,0.86,1.04,57577,1,31.17,60.0,1.36,1,82581
827277,58.66,58.67,59.13,61.05,0,0,24.4,22.09,57.31,0.86,1.04,57577,1,31.17,60.0,1.35,1,83081
827786,58.72,58.67,59.13,61.05,0,0,24.38,22.09,57.31,0.86,1.04,57577,1,31.2,60.0,1.35,1,83581
828296,58.72,58.69,59.13,61.05,0,0,24.38,22.13,57.31,0.86,1.04,57577,1,31.2,60.0,1.37,1,84081
828805,58.68,58.69,59.13,61.05,0,0,24.55,22.11,57.31,0.86,1.04,57577,1,31.18,60.0,1.37,1,84581
829314,58.69,58.69,59.13,61.05,0,0,25.14,22.11,57.31,0.86,1.04,57577,1,31.18,60.0,1.37,1,85083
829823,58.69,58.69,59.13,61.05,0,0,25.14,22.11,57.31,0.86,1.04,57577,1,31.18,60.0,1.37,1,85583
830332,58.7,58.7,59.13,61.05,0,0,24.62,22.1,57.31,0.86,1.04,57577,1,31.17,60.0,1.38,1,86083
830841,58.7,58.7,59.13,61.05,0,0,24.62,22.1,57.31,0.86,1.04,57577,1,31.17,60.0,1.38,1,86583
831350,58.74,58.7,59.13,61.05,0,0,24.68,22.1,57.31,0.86,1.04,57577,1,31.17,60.0,1.38,1,87083
831859,58.73,58.72,59.13,61.05,0,0,24.86,22.11,57.31,0.86,1.04,57577,1,31.2,60.0,1.4,1,87583
832368,58.73,58.72,59.13,61.05,0,0,24.95,22.13,57.31,0.86,1.04,57577,1,31.18,60.0,1.41,1,88083
832877,58.73,58.73,59.13,61.05,0,0,24.95,22.12,57.31,0.86,1.04,57577,1,31.18,60.0,1.41,1,88583
833386,58.73,58.73,59.13,61.05,0,0,24.95,22.12,57.31,0.86,1.04,57577,1,31.18,60.0,1.41,1,89083
833895,58.73,58.73,59.13,61.05,0,0,24.95,22.12,57.31,0.86,1.04,57577,1,31.18,60.0,1.41,1,89583
834404,58.77,58.75,59.13,61.05,0,0,24.9,22.16,57.31,0.86,1.04,57577,1,31.21,60.0,1.43,1,90083
834913,58.77,58.76,59.13,61.05,0,0,24.9,22.16,57.31,0.86,1.04,57577,1,31.21,60.0,1.44,1,90583
835422,58.77,58.76,59.13,61.05,0,0,24.9,22.16,57.31,0.86,1.04,57577,1,31.21,60.0,1.45,1,91083
835931,58.8,58.77,59.13,61.05,0,0,25.14,22.16,57.31,0.86,1.04,57577,1,31.18,60.0,1.45,1,91583
836440,58.8,58.79,59.13,61.05,0,0,25.14,22.14,57.31,0.86,1.04,57577,1,31.18,60.0,1.47,1,92083
836949,58.83,58.81,59.13,61.05,0,0,24.9,22.15,57.31,0.86,1.04,57577,1,31.18,60.0,1.49,1,92583
837474,58.82,58.82,59.13,61.05,0,0,25.17,22.15,57.31,0.86,1.04,57577,1,31.18,60.0,1.5,1,93083
837983,58.82,58.82,59.13,61.05,0,0,25.17,22.14,57.31,0.86,1.04,57577,1,31.18,60.0,1.5,1,93583
838492,58.82,58.82,59.13,61.05,0,0,25.17,22.14,57.31,0.86,1.04,57577,1,31.18,60.0,1.5,1,94083
839001,58.84,58.82,59.13,61.05,0,0,25.28,22.14,57.31,0.86,1.04,57577,1,31.18,60.0,1.5,1,94583
839510,58.84,58.83,59.13,61.05,0,0,25.28,22.15,57.31,0.86,1.04,57577,1,31.18,60.0,1.51,1,95083
840019,58.83,58.83,59.13,61.05,0,0,25.08,22.15,57.31,0.86,1.04,57577,1,31.18,60.0,1.51,1,95583
840528,58.84,58.83,59.13,61.05,0,0,25.1,22.15,57.31,0.86,1.04,57577,1,31.2,60.0,1.51,1,96083
841037,58.84,58.84,59.13,61.05,0,0,25.1,22.16,57.31,0.86,1.04,57577,1,31.2,60.0,1.52,1,96583
841546,58.86,58.84,59.13,61.05,0,0,25.12,22.16,57.31,0.86,1.04,57577,1,31.21,60.0,1.52,1,97083
842055,58.89,58.85,59.13,61.05,0,0,25.23,22.18,57.31,0.86,1.04,57577,1,31.2,60.0,1.53,1,97583
842564,58.89,58.87,59.13,61.05,0,0,25.23,22.18,57.31,0.86,1.04,57577,1,31.2,60.0,1.55,1,98083
843073,58.89,58.88,59.13,61.05,0,0,25.23,22.18,57.31,0.86,1.04,57577,1,31.2,60.0,1.56,1,98583
843582,58.91,58.89,59.13,61.05,0,0,25.3,22.18,57.31,0.86,1.04,57577,1,31.2,60.0,1.58,1,99086
844091,58.91,58.9,59.13,61.05,0,0,25.3,22.18,57.31,0.86,1.04,57577,1,31.2,60.0,1.58,1,99586
844600,58.92,58.9,59.13,61.05,0,0,24.81,22.18,57.31,0.86,1.04,57577,1,31.2,60.0,1.58,1,100086
845109,58.94,58.92,59.13,61.05,0,0,25.32,22.17,57.31,0.86,1.04,57577,1,31.17,60.0,1.61,1,101093
845618,58.94,58.93,59.13,61.05,0,0,25.32,22.17,57.31,0.86,1.04,57577,1,31.17,60.0,1.61,1,101593
846127,58.94,58.94,59.13,61.05,0,0,25.32,22.17,57.31,0.86,1.04,57577,1,31.17,60.0,1.62,1,102093
846636,58.94,58.94,59.13,61.05,0,0,25.32,22.17,57.31,0.86,1.04,57577,1,31.17,60.0,1.62,1,102593
847145,58.95,58.95,59.13,61.05,0,0,25.63,22.2,57.31,0.86,1.04,57577,1,31.2,60.0,1.63,1,103093
847654,58.95,58.95,59.13,61.05,0,0,25.63,22.2,57.31,0.86,1.04,57577,1,31.2,60.0,1.63,1,103596
848163,59.02,58.99,59.13,61.05,0,0,25.61,22.23,57.31,0.86,1.04,57577,1,31.21,60.0,1.67,1,104097
848672,59.0,58.99,59.13,61.05,0,0,25.47,22.24,57.31,0.86,1.04,57577,1,31.23,60.0,1.67,1,104598
849181,59.0,59.0,59.13,61.05,0,0,25.47,22.24,57.31,0.86,1.04,57577,1,31.23,60.0,1.68,1,105098
849690,58.99,58.99,59.13,61.05,0,0,25.47,22.21,57.31,0.86,1.04,57577,1,31.2,60.0,1.67,1,105598
850199,59.03,59.01,59.13,61.05,0,0,25.56,22.2,57.31,0.86,1.04,57577,1,31.18,60.0,1.69,1,106098
850708,59.02,59.02,59.13,61.05,0,0,25.28,22.23,57.31,0.86,1.04,57577,1,31.21,60.0,1.7,1,106601
851217,59.02,59.02,59.13,61.05,0,0,25.28,22.23,57.31,0.86,1.04,57577,1,31.21,60.0,1.7,1,107101
851726,59.05,59.04,59.13,61.05,0,0,25.63,22.21,57.31,0.86,1.04,57577,1,31.18,60.0,1.72,1,107601
852235,59.05,59.04,59.13,61.05,0,0,25.63,22.21,57.31,0.86,1.04,57577,1,31.18,60.0,1.73,1,108101
852744,59.05,59.05,59.13,61.05,0,0,25.63,22.21,57.31,0.86,1.04,57577,1,31.18,60.0,1.73,1,108601
853253,59.06,59.06,59.13,61.05,0,0,25.63,22.21,57.31,0.86,1.04,57577,1,31.18,60.0,1.74,1,109101
853765,59.09,59.06,59.13,61.05,0,0,25.61,22.21,57.31,0.86,1.04,57577,1,31.2,60.0,1.74,1,109601
854275,59.09,59.08,59.13,61.05,0,0,25.61,22.23,57.31,0.86,1.04,57577,1,31.2,60.0,1.76,1,110101
854784,59.12,59.1,59.13,61.05,0,0,25.83,22.26,57.31,0.86,1.04,57577,1,31.21,60.0,1.78,1,110601
855293,59.09,59.1,59.13,61.05,0,0,25.87,22.25,57.31,0.86,1.04,57577,1,31.21,60.0,1.78,1,111101
855802,59.09,59.1,59.13,61.05,0,0,25.87,22.25,57.31,0.86,1.04,57577,1,31.21,60.0,1.78,1,111601
856311,59.14,59.12,59.13,61.05,0,0,25.83,22.25,57.31,0.86,1.04,57577,1,31.2,60.0,1.8,1,112101
856820,59.14,59.13,59.13,61.05,1,0,25.83,22.25,57.31,0.86,1.04,112601,0,31.2,60.0,1.81,0,0
857328,59.14,59.14,59.13,61.2,1,0,25.83,22.25,59.14,0.86,1.19,112601,0,31.2,60.0,0.0,0,500
857837,59.16,59.15,59.13,61.2,1,0,26.05,22.27,59.15,0.86,1.19,112601,0,31.21,60.0,0.0,0,1002
858346,59.16,59.15,59.13,61.2,1,0,26.05,22.27,59.15,0.86,1.19,112601,0,31.21,60.0,0.0,0,1502
858855,59.16,59.16,59.13,61.2,1,0,26.05,22.27,59.16,0.86,1.19,112601,0,31.21,60.0,0.0,0,2002
859364,59.21,59.18,59.13,61.2,1,0,25.81,22.29,59.18,0.86,1.19,112601,0,31.23,60.0,0.0,0,2502
859873,59.22,59.2,59.13,61.2,1,0,25.85,22.29,59.2,0.86,1.19,112601,0,31.2,60.0,0.0,0,3002
860382,59.25,59.21,59.13,61.2,1,0,26.25,22.27,59.21,0.86,1.19,112601,0,31.21,60.0,0.0,0,3502
860891,59.25,59.23,59.13,61.2,1,0,26.25,22.29,59.23,0.86,1.19,112601,0,31.21,60.0,0.0,0,4002
861400,59.25,59.24,59.13,61.2,1,0,25.83,22.29,59.24,0.86,1.19,112601,0,31.21,60.0,0.0,0,4502
861909,59.26,59.24,59.13,61.2,1,0,25.72,22.29,59.24,0.86,1.19,112601,0,31.21,60.0,0.0,0,5002
862418,59.26,59.25,59.13,61.2,1,0,25.72,22.29,59.25,0.86,1.19,112601,0,31.21,60.0,0.0,0,5502
862927,59.31,59.25,59.13,61.2,1,0,25.7,22.29,59.25,0.86,1.19,112601,0,31.2,60.0,0.0,0,6002
863436,59.31,59.28,59.13,61.2,1,0,25.7,22.29,59.28,0.86,1.19,112601,0,31.2,60.0,0.0,0,6502
863945,59.3,59.29,59.13,61.2,1,0,25.65,22.29,59.29,0.86,1.19,112601,0,31.23,60.0,0.0,0,7002
864453,59.3,59.3,59.13,61.2,1,0,25.65,22.32,59.3,0.86,1.19,112601,0,31.23,60.0,0.0,0,7502
864962,59.32,59.3,59.13,61.2,1,0,25.65,22.32,59.3,0.86,1.19,112601,0,31.2,60.0,0.0,0,8002
865471,59.32,59.31,59.13,61.2,1,0,25.65,22.3,59.31,0.86,1.19,112601,0,31.2,60.0,0.0,0,8502
865980,59.32,59.31,59.13,61.2,1,0,25.65,22.3,59.31,0.86,1.19,112601,0,31.2,60.0,0.0,0,9002
866489,59.37,59.34,59.13,61.2,1,0,25.3,22.31,59.34,0.86,1.19,112601,0,31.2,60.0,0.0,0,9502
866998,59.43,59.36,59.13,61.2,1,0,25.25,22.31,59.36,0.86,1.19,112601,0,31.21,60.0,0.0,0,10002
867507,59.43,59.39,59.13,61.2,1,0,25.25,22.34,59.39,0.86,1.19,112601,0,31.21,60.0,0.0,0,10502
868016,59.42,59.41,59.13,61.2,1,0,25.1,22.34,59.41,0.86,1.19,112601,0,31.2,60.0,0.0,0,11002
868525,59.42,59.42,59.13,61.2,1,0,25.1,22.33,59.42,0.86,1.19,112601,0,31.2,60.0,0.0,0,11502
869034,59.42,59.42,59.13,61.2,1,0,25.1,22.33,59.42,0.86,1.19,112601,0,31.2,60.0,0.0,0,12002
869543,59.48,59.42,59.13,61.2,1,0,24.77,22.33,59.42,0.86,1.19,112601,0,31.2,60.0,0.0,0,12502
870052,59.48,59.45,59.13,61.2,1,0,24.77,22.34,59.45,0.86,1.19,112601,0,31.2,60.0,0.0,0,13002
870561,59.47,59.47,59.13,61.2,1,0,24.64,22.34,59.47,0.86,1.19,112601,0,31.2,60.0,0.0,0,13502
871070,59.5,59.47,59.13,61.2,1,0,23.98,22.34,59.47,0.86,1.19,112601,0,31.23,60.0,0.0,0,14002
871579,59.5,59.48,59.13,61.2,1,0,23.98,22.37,59.48,0.86,1.19,112601,0,31.23,60.0,0.0,0,14502
872088,59.54,59.49,59.13,61.2,1,0,24.64,22.37,59.49,0.86,1.19,112601,0,31.21,60.0,0.0,0,15002
872597,59.54,59.52,59.13,61.2,1,0,24.64,22.37,59.52,0.86,1.19,112601,0,31.21,60.0,0.0,0,15502
873107,59.54,59.53,59.13,61.2,1,0,24.14,22.37,59.53,0.86,1.19,112601,0,31.21,60.0,0.0,0,16002
873616,59.54,59.54,59.13,61.2,1,0,24.14,22.37,59.54,0.86,1.19,112601,0,31.21,60.0,0.0,0,16504
874125,59.57,59.56,59.13,61.2,1,0,24.31,22.39,59.56,0.86,1.19,112601,0,31.23,60.0,0.0,0,17508
874634,59.57,59.56,59.13,61.2,1,0,24.31,22.39,59.56,0.86,1.19,112601,0,31.23,60.0,0.0,0,18008
875143,59.58,59.57,59.13,61.2,1,0,23.81,22.38,59.57,0.86,1.19,112601,0,31.21,60.0,0.0,0,18508
875652,59.58,59.58,59.13,61.2,1,0,23.81,22.38,59.58,0.86,1.19,112601,0,31.21,60.0,0.0,0,19008
876161,59.66,59.62,59.13,61.2,1,0,23.59,22.43,59.62,0.86,1.19,112601,0,31.24,60.0,0.0,0,19508
876670,59.67,59.65,59.13,61.2,1,0,23.44,22.41,59.65,0.86,1.19,112601,0,31.21,60.0,0.0,0,20008
877179,59.67,59.66,59.13,61.2,1,0,23.44,22.41,59.66,0.86,1.19,112601,0,31.21,60.0,0.0,0,20508
877688,59.69,59.67,59.13,61.2,1,0,23.37,22.43,59.67,0.86,1.19,112601,0,31.23,60.0,0.0,0,21008
878197,59.69,59.68,59.13,61.2,1,0,23.37,22.43,59.68,0.86,1.19,112601,0,31.23,60.0,0.0,0,21508
878706,59.71,59.69,59.13,61.2,1,0,22.83,22.42,59.69,0.86,1.19,112601,0,31.21,60.0,0.0,0,22008
879215,59.71,59.7,59.13,61.2,1,0,22.83,22.42,59.7,0.86,1.19,112601,0,31.21,60.0,0.0,0,22508
879724,59.77,59.74,59.13,61.2,1,0,23.07,22.43,59.74,0.86,1.19,112601,0,31.21,60.0,0.0,0,23008
880233,59.74,59.75,59.13,61.2,1,0,23.05,22.43,59.75,0.86,1.19,112601,0,31.23,60.0,0.0,0,23508
880742,59.74,59.75,59.13,61.2,1,0,23.05,22.44,59.75,0.86,1.19,112601,0,31.23,60.0,0.0,0,24008
881251,59.79,59.77,59.13,61.2,1,0,22.83,22.45,59.77,0.86,1.19,112601,0,31.23,60.0,0.0,0,24508
881760,59.81,59.79,59.13,61.2,1,0,22.59,22.46,59.79,0.86,1.19,112601,0,31.23,60.0,0.0,0,25014
882269,59.81,59.8,59.13,61.2,1,0,22.59,22.46,59.8,0.86,1.19,112601,0,31.23,60.0,0.0,0,25514
882778,59.86,59.83,59.13,61.2,1,0,22.65,22.46,59.83,0.86,1.19,112601,0,31.21,60.0,0.0,0,26014
883287,59.83,59.83,59.13,61.2,1,0,22.33,22.45,59.83,0.86,1.19,112601,0,31.21,60.0,0.0,0,26514
883798,59.83,59.83,59.13,61.2,1,0,22.33,22.45,59.83,0.86,1.19,112601,0,31.21,60.0,0.0,0,27014
884307,59.91,59.87,59.13,61.2,1,0,22.31,22.49,59.87,0.86,1.19,112601,0,31.23,60.0,0.0,0,27514
884816,59.86,59.87,59.13,61.2,1,0,22.35,22.49,59.87,0.86,1.19,112601,0,31.24,60.0,0.0,0,28014
885325,59.92,59.87,59.13,61.2,1,0,22.09,22.49,59.87,0.86,1.19,112601,0,31.21,60.0,0.0,0,28514
885834,59.92,59.89,59.13,61.2,1,0,22.09,22.48,59.89,0.86,1.19,112601,0,31.21,60.0,0.0,0,29014
886343,59.96,59.91,59.13,61.2,1,0,21.92,22.48,59.91,0.86,1.19,112601,0,31.23,60.0,0.0,0,29514
886852,59.96,59.94,59.13,61.2,1,0,21.92,22.5,59.94,0.86,1.19,112601,0,31.23,60.0,0.0,0,30014
887361,59.97,59.95,59.13,61.2,1,0,21.61,22.49,59.95,0.86,1.19,112601,0,31.21,60.0,0.0,0,30514
887870,60.03,59.96,59.13,61.2,1,0,21.61,22.49,59.96,0.86,1.19,112601,0,31.24,60.0,0.0,0,31014
888379,60.03,60.0,59.13,61.2,1,0,21.61,22.53,60.0,0.86,1.19,112601,0,31.24,60.0,0.0,0,31514
888888,60.03,60.01,59.13,61.2,1,0,21.61,22.53,60.01,0.86,1.19,112601,0,31.24,60.0,0.0,0,32014
889397,60.05,60.03,59.13,61.2,1,0,21.61,22.53,60.03,0.86,1.19,112601,0,31.23,60.0,0.0,0,32514
889906,60.08,60.04,59.13,61.2,1,0,21.46,22.53,60.04,0.86,1.19,112601,0,31.2,60.0,0.0,0,33014
890415,60.08,60.06,59.13,61.2,1,0,21.2,22.51,60.06,0.86,1.19,112601,0,31.21,60.0,0.0,0,33514
890924,60.08,60.07,59.13,61.2,1,0,21.2,22.52,60.07,0.86,1.19,112601,0,31.21,60.0,0.0,0,34014
891433,60.08,60.08,59.13,61.2,1,0,21.2,22.52,60.08,0.86,1.19,112601,0,31.21,60.0,0.0,0,34514
891942,60.19,60.14,59.13,61.2,1,0,21.22,22.55,60.14,0.86,1.19,112601,0,31.21,60.0,0.0,0,35014
892451,60.15,60.14,59.13,61.2,1,0,20.99,22.55,60.14,0.86,1.19,112601,0,31.23,60.0,0.0,0,35515
892960,60.15,60.15,59.13,61.2,1,0,20.99,22.55,60.15,0.86,1.19,112601,0,31.23,60.0,0.0,0,36015
893469,60.19,60.15,59.13,61.2,1,0,20.88,22.55,60.15,0.86,1.19,112601,0,31.21,60.0,0.0,0,36515
893978,60.19,60.17,59.13,61.2,1,0,20.88,22.55,60.17,0.86,1.19,112601,0,31.21,60.0,0.0,0,37015
894487,60.25,60.21,59.13,61.2,1,0,20.79,22.58,60.21,0.86,1.19,112601,0,31.23,60.0,0.0,0,37515
894996,60.28,60.23,59.13,61.2,1,0,20.62,22.58,60.23,0.86,1.19,112601,0,31.23,60.0,0.0,0,38015
895505,60.28,60.25,59.13,61.2,1,0,20.62,22.59,60.25,0.86,1.19,112601,0,31.23,60.0,0.0,0,38515
896014,60.36,60.31,59.13,61.2,1,0,20.66,22.61,60.31,0.86,1.19,112601,0,31.23,60.0,0.0,0,39015
896523,60.36,60.34,59.13,61.2,1,0,20.66,22.61,60.34,0.86,1.19,112601,0,31.23,60.0,0.0,0,39515
897032,60.36,60.35,59.13,61.2,1,0,20.66,22.61,60.35,0.86,1.19,112601,0,31.23,60.0,0.0,0,40015
897552,60.44,60.36,59.13,61.2,1,0,20.12,22.61,60.36,0.86,1.19,112601,0,31.23,60.0,0.0,0,40515
898061,60.44,60.4,59.13,61.2,1,0,20.12,22.63,60.4,0.86,1.19,112601,0,31.23,60.0,0.0,0,41015
898570,60.44,60.42,59.13,61.2,1,0,20.12,22.63,60.42,0.86,1.19,112601,0,31.23,60.0,0.0,0,41515
899079,60.44,60.43,59.13,61.2,1,0,20.12,22.63,60.43,0.86,1.19,112601,0,31.23,60.0,0.0,0,42015
899588,60.57,60.43,59.13,61.2,1,0,20.04,22.63,60.43,0.86,1.19,112601,0,31.23,60.0,0.0,0,42515
900097,60.6,60.5,59.13,61.2,1,0,19.91,22.67,60.5,0.86,1.19,112601,0,31.23,60.0,0.0,0,43015
900606,60.61,60.55,59.13,61.2,1,0,19.89,22.68,60.55,0.86,1.19,112601,0,31.24,60.0,0.0,0,43515
901115,60.61,60.58,59.13,61.2,1,0,19.89,22.69,60.58,0.86,1.19,112601,0,31.24,60.0,0.0,0,44015
901624,60.61,60.6,59.13,61.2,1,0,19.89,22.69,60.6,0.86,1.19,112601,0,31.24,60.0,0.0,0,44515
902133,60.61,60.61,59.13,61.2,1,0,19.89,22.69,60.61,0.86,1.19,112601,0,31.24,60.0,0.0,0,45516
902642,60.69,60.65,59.13,61.2,1,0,19.69,22.7,60.65,0.86,1.19,112601,0,31.23,60.0,0.0,0,46016
903151,60.78,60.71,59.13,61.2,1,0,19.5,22.74,60.71,0.86,1.19,112601,0,31.24,60.0,0.0,0,46516
903660,60.78,60.74,59.13,61.2,1,0,19.5,22.74,60.74,0.86,1.19,112601,0,31.24,60.0,0.0,0,47016
904169,60.78,60.76,59.13,61.2,1,0,19.5,22.74,60.76,0.86,1.19,112601,0,31.24,60.0,0.0,0,47516
904678,60.85,60.81,59.13,61.2,1,0,19.35,22.76,60.81,0.86,1.19,112601,0,31.24,60.0,0.0,0,48017
905187,60.85,60.83,59.13,61.2,1,0,19.35,22.76,60.83,0.86,1.19,112601,0,31.24,60.0,0.0,0,48517
905697,60.85,60.84,59.13,61.2,1,0,19.35,22.76,60.84,0.86,1.19,112601,0,31.24,60.0,0.0,0,49017
906207,60.85,60.85,59.13,61.2,1,0,19.35,22.76,60.85,0.86,1.19,112601,0,31.24,60.0,0.0,0,49517
906716,60.94,60.89,59.13,61.2,1,0,19.03,22.77,60.89,0.86,1.19,112601,0,31.23,60.0,0.0,0,50017
907225,60.94,60.91,59.13,61.2,1,0,19.03,22.77,60.91,0.86,1.19,112601,0,31.23,60.0,0.0,0,50517
907734,60.98,60.95,59.13,61.2,1,0,18.83,22.78,60.95,0.86,1.19,112601,0,31.23,60.0,0.0,0,51017
908259,61.01,60.96,59.13,61.2,1,0,18.53,22.78,60.96,0.86,1.19,112601,0,31.25,60.0,0.0,0,51517
908768,61.01,60.98,59.13,61.2,1,0,18.53,22.81,60.98,0.86,1.19,112601,0,31.25,60.0,0.0,0,52017
909277,60.99,60.99,59.13,61.2,1,0,18.98,22.81,60.99,0.86,1.19,112601,0,31.23,60.0,0.0,0,52517
909786,60.99,60.99,59.13,61.2,1,0,18.98,22.78,60.99,0.86,1.19,112601,0,31.23,60.0,0.0,0,53017
910295,61.07,61.03,59.13,61.2,1,1,18.62,22.79,61.03,0.86,1.19,112601,0,31.21,60.0,0.0,1,53517
910804,61.07,61.05,59.13,61.2,1,1,18.62,22.79,61.05,0.86,1.19,112601,0,31.21,60.0,0.0,1,54017
911313,61.07,61.06,59.13,61.2,1,1,18.53,22.81,61.06,0.86,1.19,112601,0,31.23,60.0,0.0,1,54517
911822,61.07,61.07,59.13,61.2,1,1,18.53,22.81,61.07,0.86,1.19,112601,0,31.23,60.0,0.0,1,55017
912331,61.04,61.05,59.13,61.2,1,1,18.85,22.79,61.07,0.86,1.19,112601,0,31.23,60.0,0.01,1,55517
912840,61.11,61.04,59.13,61.2,1,1,18.88,22.79,61.07,0.86,1.19,112601,0,31.21,60.0,0.02,1,56017
913349,61.11,61.08,59.13,61.2,1,1,18.88,22.8,61.08,0.86,1.19,112601,0,31.21,60.0,0.0,1,56517
913858,61.11,61.09,59.13,61.2,1,1,18.88,22.8,61.09,0.86,1.19,112601,0,31.21,60.0,0.0,1,57017
914367,61.11,61.1,59.13,61.2,1,1,18.88,22.8,61.1,0.86,1.19,112601,0,31.21,60.0,0.0,1,57517
914876,60.78,60.94,59.13,61.2,0,1,19.22,22.7,61.1,0.86,1.19,58017,0,31.2,60.0,0.15,1,0
915384,60.53,60.86,59.09,61.2,0,1,19.24,22.7,60.86,0.9,1.19,58017,0,31.2,60.0,0.0,1,500
915893,60.53,60.7,59.09,61.2,0,1,19.24,22.63,60.7,0.9,1.19,58017,0,31.2,60.0,0.0,1,1000
916402,60.53,60.61,59.09,61.2,0,1,19.24,22.63,60.61,0.9,1.19,58017,0,31.2,60.0,0.0,1,1500
916911,59.68,60.15,59.09,61.2,0,0,18.98,22.38,60.15,0.9,1.19,58017,0,31.18,60.0,0.0,1,2000
917420,59.31,59.91,59.09,61.2,0,0,19.56,22.38,59.91,0.9,1.19,58017,0,31.21,60.0,0.0,1,2500
917929,59.31,59.61,59.09,61.2,0,0,19.56,22.31,59.61,0.9,1.19,58017,0,31.21,60.0,0.0,1,3000
918438,58.86,59.46,59.09,61.2,0,0,19.28,22.31,59.46,0.9,1.19,58017,0,31.2,60.0,0.0,1,3500
918947,58.86,59.16,59.09,61.2,0,0,19.28,22.17,59.16,0.9,1.19,58017,0,31.2,60.0,0.0,1,4000
919456,58.57,58.86,59.09,61.2,0,0,19.31,22.04,58.86,0.9,1.19,58017,0,31.14,60.0,0.0,1,4500
919965,58.57,58.72,59.09,61.2,0,0,19.31,22.04,58.72,0.9,1.19,58017,0,31.14,60.0,0.0,1,5000
920474,58.57,58.64,59.09,61.2,0,0,19.31,22.04,58.64,0.9,1.19,58017,0,31.14,60.0,0.0,1,5500
920983,58.0,58.61,59.09,61.2,0,0,18.92,22.04,58.61,0.9,1.19,58017,0,31.16,60.0,0.0,1,6000
921492,57.82,58.3,59.09,61.2,0,0,18.49,21.89,58.3,0.9,1.19,58017,0,31.14,60.0,0.0,1,6500
922001,57.82,58.06,59.09,61.2,0,0,18.49,21.82,58.06,0.9,1.19,58017,0,31.14,60.0,0.0,1,7000
922510,57.82,57.94,59.09,61.2,0,0,18.49,21.82,57.94,0.9,1.19,58017,0,31.14,60.0,0.0,1,7500
923019,57.82,57.88,59.09,61.2,0,0,18.49,21.82,57.88,0.9,1.19,58017,0,31.14,60.0,0.0,1,8000
923528,57.82,57.85,59.09,61.2,0,0,18.49,21.82,57.85,0.9,1.19,58017,0,31.14,60.0,0.0,1,8500
924037,57.57,57.83,59.09,61.2,0,0,18.88,21.82,57.83,0.9,1.19,58017,0,31.12,60.0,0.0,1,9000
924546,57.52,57.7,59.09,61.2,0,0,18.14,21.73,57.7,0.9,1.19,58017,0,31.14,60.0,0.0,1,9500
925055,57.52,57.61,59.09,61.2,0,0,18.14,21.74,57.61,0.9,1.19,58017,0,31.14,60.0,0.0,1,10000
925564,57.48,57.55,59.09,61.2,0,0,18.83,21.72,57.55,0.9,1.19,58017,0,31.13,60.0,0.0,1,10500
926073,57.46,57.51,59.09,61.2,0,0,18.81,21.72,57.51,0.9,1.19,58017,0,31.13,60.0,0.0,1,11000
926582,57.46,57.48,59.09,61.2,0,0,18.81,21.71,57.48,0.9,1.19,58017,0,31.13,60.0,0.0,1,11500
927091,57.49,57.47,59.09,61.2,0,0,18.88,21.71,57.47,0.9,1.19,58017,0,31.13,60.0,0.0,1,12000
927600,57.49,57.48,59.09,61.2,0,0,18.88,21.72,57.47,0.9,1.19,58017,0,31.13,60.0,0.01,1,12500
928109,57.42,57.49,59.09,61.2,0,0,18.9,21.72,57.47,0.9,1.19,58017,0,31.14,60.0,0.01,1,13000
928618,57.42,57.45,59.09,61.2,0,0,18.9,21.71,57.45,0.9,1.19,58017,0,31.14,60.0,0.0,1,13500
929127,57.46,57.45,59.09,61.2,0,0,19.03,21.71,57.45,0.9,1.19,58017,0,31.13,60.0,0.0,1,14013
929636,57.44,57.46,59.09,61.2,0,0,19.18,21.71,57.45,0.9,1.19,58017,0,31.13,60.0,0.0,1,14513
930144,57.44,57.45,59.09,61.2,0,0,19.18,21.71,57.45,0.9,1.19,58017,0,31.13,60.0,0.0,1,15015
930653,57.44,57.44,59.09,61.2,0,0,19.18,21.71,57.44,0.9,1.19,58017,0,31.13,60.0,0.0,1,16019
931162,57.41,57.42,59.09,61.2,0,0,19.28,21.69,57.42,0.9,1.19,58017,0,31.13,60.0,0.0,1,16519
931671,57.41,57.42,59.09,61.2,0,0,19.28,21.69,57.42,0.9,1.19,58017,0,31.13,60.0,0.0,1,17019
932180,57.38,57.4,59.09,61.2,0,0,19.44,21.71,57.4,0.9,1.19,58017,0,31.16,60.0,0.0,1,17519
932689,57.38,57.39,59.09,61.2,0,0,19.44,21.71,57.39,0.9,1.19,58017,0,31.16,60.0,0.0,1,18019
933198,57.43,57.41,59.09,61.2,0,0,19.46,21.7,57.39,0.9,1.19,58017,0,31.13,60.0,0.01,1,18519
933707,57.43,57.42,59.09,61.2,0,0,19.46,21.7,57.39,0.9,1.19,58017,0,31.13,60.0,0.02,1,19019
934216,57.44,57.43,59.09,61.2,0,0,19.65,21.69,57.39,0.9,1.19,58017,0,31.12,60.0,0.03,1,19519
934725,57.46,57.44,59.09,61.2,0,0,19.69,21.71,57.39,0.9,1.19,58017,0,31.13,60.0,0.05,1,20019
935234,57.46,57.45,59.09,61.2,0,0,19.69,21.71,57.39,0.9,1.19,58017,0,31.13,60.0,0.05,1,20519
935743,57.48,57.46,59.09,61.2,0,0,19.72,21.72,57.39,0.9,1.19,58017,0,31.13,60.0,0.07,1,21019
936252,57.52,57.47,59.09,61.2,0,0,19.87,21.72,57.39,0.9,1.19,58017,0,31.12,60.0,0.08,1,21519
936761,57.52,57.49,59.09,61.2,0,0,19.87,21.71,57.39,0.9,1.19,58017,0,31.12,60.0,0.1,1,22019
937270,57.51,57.5,59.09,61.2,0,0,19.8,21.72,57.39,0.9,1.19,58017,0,31.13,60.0,0.1,1,22519
937779,57.52,57.51,59.09,61.2,0,0,19.93,21.71,57.39,0.9,1.19,58017,0,31.12,60.0,0.11,1,23019
938288,57.57,57.51,59.09,61.2,0,0,20.53,21.71,57.39,0.9,1.19,58017,0,31.12,60.0,0.11,1,23519
938797,57.57,57.54,59.09,61.2,0,0,20.53,21.73,57.39,0.9,1.19,58017,0,31.12,60.0,0.14,1,24019
939306,57.58,57.56,59.09,61.2,0,0,20.08,21.78,57.39,0.9,1.19,58017,1,31.17,60.0,0.16,1,24519
939815,57.57,57.56,59.09,61.2,0,0,20.12,21.75,57.39,0.9,1.19,58017,1,31.14,60.0,0.17,1,25019
940324,57.57,57.57,59.09,61.2,0,0,20.12,21.75,57.39,0.9,1.19,58017,1,31.14,60.0,0.17,1,25519
940833,57.57,57.57,59.09,61.2,0,0,20.12,21.75,57.39,0.9,1.19,58017,1,31.14,60.0,0.17,1,26019
941342,57.64,57.61,59.09,61.2,0,0,20.19,21.76,57.39,0.9,1.19,58017,1,31.13,60.0,0.21,1,26519
941851,57.68,57.62,59.09,61.2,0,0,20.47,21.76,57.39,0.9,1.19,58017,1,31.14,60.0,0.23,1,27019
942360,57.68,57.65,59.09,61.2,0,0,20.47,21.79,57.39,0.9,1.19,58017,1,31.14,60.0,0.26,1,27519
942869,57.68,57.67,59.09,61.2,0,0,20.47,21.79,57.39,0.9,1.19,58017,1,31.14,60.0,0.27,1,28019
943378,57.77,57.68,59.09,61.2,0,0,20.47,21.79,57.39,0.9,1.19,58017,1,31.14,60.0,0.28,1,28521
943887,57.77,57.72,59.09,61.2,0,0,20.47,21.81,57.39,0.9,1.19,58017,1,31.14,60.0,0.33,1,29022
944396,57.81,57.76,59.09,61.2,0,0,20.62,21.81,57.39,0.9,1.19,58017,1,31.13,60.0,0.37,1,29523
944905,57.85,57.79,59.09,61.2,0,0,20.69,21.81,57.39,0.9,1.19,58017,1,31.14,60.0,0.39,1,30023
945414,57.85,57.82,59.09,61.2,0,0,20.69,21.83,57.39,0.9,1.19,58017,1,31.14,60.0,0.42,1,30523
945923,57.86,57.83,59.09,61.2,0,0,20.73,21.83,57.39,0.9,1.19,58017,1,31.14,60.0,0.43,1,31023
946432,57.86,57.84,59.09,61.2,0,0,20.73,21.83,57.39,0.9,1.19,58017,1,31.14,60.0,0.45,1,31523
946941,57.92,57.88,59.09,61.2,0,0,20.79,21.87,57.39,0.9,1.19,58017,1,31.16,60.0,0.49,1,32023
947450,57.93,57.9,59.09,61.2,0,0,21.07,21.87,57.39,0.9,1.19,58017,1,31.16,60.0,0.51,1,32523
947959,57.93,57.92,59.09,61.2,0,0,21.07,21.87,57.39,0.9,1.19,58017,1,31.16,60.0,0.52,1,33023
948468,57.97,57.93,59.09,61.2,0,0,21.14,21.87,57.39,0.9,1.19,58017,1,31.14,60.0,0.53,1,33523
948977,57.97,57.95,59.09,61.2,0,0,21.14,21.87,57.39,0.9,1.19,58017,1,31.14,60.0,0.55,1,34023
949486,57.97,57.96,59.09,61.2,0,0,21.14,21.87,57.39,0.9,1.19,58017,1,31.14,60.0,0.56,1,34523
949995,57.97,57.96,59.09,61.2,0,0,21.14,21.87,57.39,0.9,1.19,58017,1,31.14,60.0,0.57,1,35023
950504,58.03,58.0,59.09,61.2,0,0,21.18,21.9,57.39,0.9,1.19,58017,1,31.16,60.0,0.6,1,35523
951013,58.06,58.02,59.09,61.2,0,0,21.51,21.9,57.39,0.9,1.19,58017,1,31.16,60.0,0.62,1,36023
951522,58.12,58.04,59.09,61.2,0,0,21.38,21.91,57.39,0.9,1.19,58017,1,31.16,60.0,0.64,1,36523
952031,58.12,58.08,59.09,61.2,0,0,21.38,21.92,57.39,0.9,1.19,58017,1,31.16,60.0,0.68,1,37023
952540,58.1,58.1,59.09,61.2,0,0,21.44,21.92,57.39,0.9,1.19,58017,1,31.16,60.0,0.71,1,37523
953049,58.1,58.1,59.09,61.2,0,0,21.44,21.92,57.39,0.9,1.19,58017,1,31.16,60.0,0.7,1,38023
953558,58.11,58.1,59.09,61.2,0,0,21.72,21.92,57.39,0.9,1.19,58017,1,31.17,60.0,0.7,1,38523
954067,58.11,58.11,59.09,61.2,0,0,21.72,21.93,57.39,0.9,1.19,58017,1,31.17,60.0,0.71,1,39023
954576,58.1,58.1,59.09,61.2,0,0,21.59,21.93,57.39,0.9,1.19,58017,1,31.17,60.0,0.71,1,39523
955085,58.1,58.1,59.09,61.2,0,0,21.59,21.93,57.39,0.9,1.19,58017,1,31.17,60.0,0.71,1,40023
955594,58.15,58.12,59.09,61.2,0,0,21.57,21.93,57.39,0.9,1.19,58017,1,31.16,60.0,0.73,1,40523
956103,58.17,58.14,59.09,61.2,0,0,21.77,21.93,57.39,0.9,1.19,58017,1,31.18,60.0,0.74,1,41023
956612,58.17,58.15,59.09,61.2,0,0,21.77,21.96,57.39,0.9,1.19,58017,1,31.18,60.0,0.75,1,41523
957121,58.16,58.16,59.09,61.2,0,0,21.72,21.96,57.39,0.9,1.19,58017,1,31.14,60.0,0.76,1,42023
957630,58.16,58.16,59.09,61.2,0,0,21.72,21.92,57.39,0.9,1.19,58017,1,31.14,60.0,0.76,1,42523
958139,58.2,58.16,59.09,61.2,0,0,22.07,21.92,57.39,0.9,1.19,58017,1,31.17,60.0,0.76,1,43023
958648,58.2,58.18,59.09,61.2,0,0,22.07,21.96,57.39,0.9,1.19,58017,1,31.17,60.0,0.78,1,43523
959157,58.21,58.2,59.09,61.2,0,0,22.09,21.95,57.39,0.9,1.19,58017,1,31.16,60.0,0.8,1,44523
959666,58.21,58.21,59.09,61.2,0,0,22.09,21.95,57.39,0.9,1.19,58017,1,31.16,60.0,0.81,1,45023
960175,58.21,58.21,59.09,61.2,0,0,22.09,21.93,57.39,0.9,1.19,58017,1,31.14,60.0,0.81,1,45523
960684,58.21,58.21,59.09,61.2,0,0,22.09,21.93,57.39,0.9,1.19,58017,1,31.14,60.0,0.81,1,46023
961193,58.24,58.22,59.09,61.2,0,0,22.2,21.95,57.39,0.9,1.19,58017,1,31.16,60.0,0.82,1,46523
961702,58.24,58.23,59.09,61.2,0,0,22.2,21.95,57.39,0.9,1.19,58017,1,31.16,60.0,0.83,1,47023
962211,58.25,58.24,59.09,61.2,0,0,22.18,21.97,57.39,0.9,1.19,58017,1,31.17,60.0,0.84,1,47523
962720,58.27,58.26,59.09,61.2,0,0,22.16,21.97,57.39,0.9,1.19,58017,1,31.16,60.0,0.86,1,48023
963229,58.32,58.26,59.09,61.2,0,0,22.16,21.97,57.39,0.9,1.19,58017,1,31.18,60.0,0.87,1,48523
963738,58.32,58.29,59.09,61.2,0,0,22.16,22.0,57.39,0.9,1.19,58017,1,31.18,60.0,0.89,1,49023
964247,58.29,58.29,59.09,61.2,0,0,22.48,21.98,57.39,0.9,1.19,58017,1,31.17,60.0,0.89,1,49523
964756,58.29,58.29,59.09,61.2,0,0,22.42,21.98,57.39,0.9,1.19,58017,1,31.18,60.0,0.89,1,50023
965265,58.29,58.29,59.09,61.2,0,0,22.42,22.0,57.39,0.9,1.19,58017,1,31.18,60.0,0.89,1,50523
965774,58.31,58.29,59.09,61.2,0,0,22.76,22.0,57.39,0.9,1.19,58017,1,31.17,60.0,0.89,1,51023
966283,58.31,58.3,59.09,61.2,0,0,22.76,21.99,57.39,0.9,1.19,58017,1,31.17,60.0,0.9,1,51523
966792,58.29,58.3,59.09,61.2,0,0,22.57,22.0,57.39,0.9,1.19,58017,1,31.18,60.0,0.9,1,52023
967301,58.35,58.29,59.09,61.2,0,0,22.81,22.0,57.39,0.9,1.19,58017,1,31.18,60.0,0.9,1,52523
967810,58.35,58.32,59.09,61.2,0,0,22.81,22.02,57.39,0.9,1.19,58017,1,31.18,60.0,0.93,1,53023
968319,58.35,58.34,59.09,61.2,0,0,22.74,22.02,57.39,0.9,1.19,58017,1,31.18,60.0,0.94,1,53523
968828,58.34,58.34,59.09,61.2,0,0,22.72,22.0,57.39,0.9,1.19,58017,1,31.17,60.0,0.94,1,54023
969337,58.38,58.34,59.09,61.2,0,0,22.65,22.0,57.39,0.9,1.19,58017,1,31.2,60.0,0.94,1,54523
969846,58.38,58.36,59.09,61.2,0,0,22.65,22.04,57.39,0.9,1.19,58017,1,31.2,60.0,0.96,1,55023
970355,58.38,58.37,59.09,61.2,0,0,22.65,22.04,57.39,0.9,1.19,58017,1,31.2,60.0,0.97,1,55523
970864,58.39,58.38,59.09,61.2,0,0,22.96,22.01,57.39,0.9,1.19,58017,1,31.17,60.0,0.98,1,56023
971373,58.38,58.38,59.09,61.2,0,0,22.91,22.01,57.39,0.9,1.19,58017,1,31.18,60.0,0.99,1,56523
971882,58.38,58.38,59.09,61.2,0,0,22.91,22.02,57.39,0.9,1.19,58017,1,31.18,60.0,0.98,1,57023
972391,58.38,58.38,59.09,61.2,0,0,23.09,22.02,57.39,0.9,1.19,58017,1,31.17,60.0,0.98,1,57526
972900,58.38,58.38,59.09,61.2,0,0,23.09,22.01,57.39,0.9,1.19,58017,1,31.17,60.0,0.98,1,58027
973409,58.38,58.38,59.09,61.2,0,0,23.09,22.01,57.39,0.9,1.19,58017,1,31.17,60.0,0.98,1,58527
973918,58.38,58.38,59.09,61.2,0,0,23.13,22.02,57.39,0.9,1.19,58017,1,31.18,60.0,0.98,1,59027
974431,58.43,58.38,59.09,61.2,0,0,23.11,22.02,57.39,0.9,1.19,58017,1,31.17,60.0,0.98,1,59527
974940,58.43,58.4,59.09,61.2,0,0,23.11,22.02,57.39,0.9,1.19,58017,1,31.17,60.0,1.0,1,60027
975449,58.44,58.41,59.09,61.2,0,0,23.2,22.02,57.39,0.9,1.19,58017,1,31.18,60.0,1.02,1,60527
975958,58.44,58.43,59.09,61.2,0,0,23.2,22.04,57.39,0.9,1.19,58017,1,31.18,60.0,1.03,1,61027
976467,58.44,58.43,59.09,61.2,0,0,23.35,22.04,57.39,0.9,1.19,58017,1,31.18,60.0,1.04,1,61527
976976,58.44,58.44,59.09,61.2,0,0,23.35,22.04,57.39,0.9,1.19,58017,1,31.18,60.0,1.04,1,62027
977485,58.47,58.46,59.09,61.2,0,0,23.44,22.04,57.39,0.9,1.19,58017,1,31.17,60.0,1.06,1,62527
977994,58.47,58.46,59.09,61.2,0,0,23.44,22.04,57.39,0.9,1.19,58017,1,31.17,60.0,1.07,1,63027
978503,58.47,58.47,59.09,61.2,0,0,23.42,22.02,57.39,0.9,1.19,58017,1,31.16,60.0,1.07,1,63527
979012,58.46,58.47,59.09,61.2,0,0,23.5,22.02,57.39,0.9,1.19,58017,1,31.18,60.0,1.07,1,64027
979521,58.46,58.47,59.09,61.2,0,0,23.5,22.05,57.39,0.9,1.19,58017,1,31.18,60.0,1.07,1,64527
980030,58.45,58.46,59.09,61.2,0,0,23.46,22.04,57.39,0.9,1.19,58017,1,31.18,60.0,1.06,1,65039
980539,58.45,58.46,59.09,61.2,0,0,23.46,22.04,57.39,0.9,1.19,58017,1,31.18,60.0,1.06,1,65539
981048,58.5,58.46,59.09,61.2,0,0,23.59,22.04,57.39,0.9,1.19,58017,1,31.21,60.0,1.06,1,66039
981557,58.5,58.48,59.09,61.2,0,0,23.59,22.08,57.39,0.9,1.19,58017,1,31.21,60.0,1.08,1,66539
982066,58.53,58.49,59.09,61.2,0,0,23.7,22.08,57.39,0.9,1.19,58017,1,31.2,60.0,1.09,1,67039
982575,58.48,58.51,59.09,61.2,0,0,23.68,22.08,57.39,0.9,1.19,58017,1,31.18,60.0,1.11,1,67539
983084,58.48,58.49,59.09,61.2,0,0,23.68,22.05,57.39,0.9,1.19,58017,1,31.18,60.0,1.1,1,68039
983593,58.54,58.48,59.09,61.2,0,0,23.85,22.05,57.39,0.9,1.19,58017,1,31.18,60.0,1.09,1,68539
984102,58.54,58.51,59.09,61.2,0,0,23.85,22.07,57.39,0.9,1.19,58017,1,31.18,60.0,1.12,1,69039
984611,58.54,58.53,59.09,61.2,0,0,23.85,22.07,57.39,0.9,1.19,58017,1,31.18,60.0,1.13,1,69539
985120,58.54,58.53,59.09,61.2,0,0,23.92,22.07,57.39,0.9,1.19,58017,1,31.17,60.0,1.14,1,70039
985629,58.54,58.54,59.09,61.2,0,0,23.92,22.05,57.39,0.9,1.19,58017,1,31.17,60.0,1.14,1,70539
986138,58.5,58.54,59.09,61.2,0,0,23.96,22.05,57.39,0.9,1.19,58017,1,31.21,60.0,1.14,1,71039
986647,58.54,58.52,59.09,61.2,0,0,23.96,22.08,57.39,0.9,1.19,58017,1,31.2,60.0,1.12,1,71539
987156,58.53,58.53,59.09,61.2,0,0,24.16,22.08,57.39,0.9,1.19,58017,1,31.21,60.0,1.13,1,72039
987666,58.53,58.53,59.09,61.2,0,0,24.16,22.09,57.39,0.9,1.19,58017,1,31.21,60.0,1.13,1,72539
988175,58.57,58.55,59.09,61.2,0,0,23.96,22.1,57.39,0.9,1.19,58017,1,31.21,60.0,1.15,1,73541
988684,58.57,58.56,59.09,61.2,0,0,23.96,22.1,57.39,0.9,1.19,58017,1,31.21,60.0,1.16,1,74041
989193,58.54,58.55,59.09,61.2,0,0,24.4,22.08,57.39,0.9,1.19,58017,1,31.2,60.0,1.15,1,74541
989702,58.57,58.56,59.09,61.2,0,0,24.27,22.06,57.39,0.9,1.19,58017,1,31.17,60.0,1.17,1,75041
990211,58.57,58.57,59.09,61.2,0,0,24.27,22.06,57.39,0.9,1.19,58017,1,31.17,60.0,1.17,1,75541
990720,58.6,58.58,59.09,61.2,0,0,24.2,22.11,57.39,0.9,1.19,58017,1,31.21,60.0,1.19,1,76041
991229,58.6,58.59,59.09,61.2,0,0,24.2,22.11,57.39,0.9,1.19,58017,1,31.21,60.0,1.19,1,76541
991738,58.6,58.59,59.09,61.2,0,0,24.11,22.11,57.39,0.9,1.19,58017,1,31.21,60.0,1.2,1,77041
992247,58.6,58.59,59.09,61.2,0,0,24.11,22.11,57.39,0.9,1.19,58017,1,31.21,60.0,1.2,1,77541
992756,58.6,58.59,59.09,61.2,0,0,24.11,22.11,57.39,0.9,1.19,58017,1,31.21,60.0,1.2,1,78041
993265,58.58,58.59,59.09,61.2,0,0,24.44,22.09,57.39,0.9,1.19,58017,1,31.2,60.0,1.19,1,78541
993774,58.61,58.6,59.09,61.2,0,0,24.46,22.1,57.39,0.9,1.19,58017,1,31.2,60.0,1.2,1,79041
994283,58.61,58.6,59.09,61.2,0,0,24.46,22.1,57.39,0.9,1.19,58017,1,31.2,60.0,1.2,1,79541
994792,58.61,58.6,59.09,61.2,0,0,24.4,22.1,57.39,0.9,1.19,58017,1,31.2,60.0,1.21,1,80041
995301,58.61,58.61,59.09,61.2,0,0,24.4,22.1,57.39,0.9,1.19,58017,1,31.2,60.0,1.21,1,80541
995810,58.64,58.62,59.09,61.2,0,0,24.57,22.11,57.39,0.9,1.19,58017,1,31.2,60.0,1.23,1,81041
996319,58.64,58.63,59.09,61.2,0,0,24.57,22.11,57.39,0.9,1.19,58017,1,31.2,60.0,1.24,1,81541
996828,58.61,58.62,59.09,61.2,0,0,24.6,22.1,57.39,0.9,1.19,58017,1,31.2,60.0,1.22,1,82041
997337,58.66,58.64,59.09,61.2,0,0,24.46,22.14,57.39,0.9,1.19,58017,1,31.23,60.0,1.24,1,82541
997846,58.66,58.65,59.09,61.2,0,0,24.44,22.11,57.39,0.9,1.19,58017,1,31.2,60.0,1.25,1,83041
998355,58.61,58.63,59.09,61.2,0,0,24.46,22.08,57.39,0.9,1.19,58017,1,31.17,60.0,1.23,1,83541
998864,58.61,58.62,59.09,61.2,0,0,24.46,22.08,57.39,0.9,1.19,58017,1,31.17,60.0,1.23,1,84041
999373,58.61,58.62,59.09,61.2,0,0,24.46,22.08,57.39,0.9,1.19,58017,1,31.17,60.0,1.22,1,84541
999882,58.61,58.62,59.09,61.2,0,0,24.46,22.08,57.39,0.9,1.19,58017,1,31.17,60.0,1.22,1,85041
1000391,58.61,58.62,59.09,61.2,0,0,24.46,22.08,57.39,0.9,1.19,58017,1,31.17,60.0,1.22,1,85541
1000900,58.68,58.65,59.09,61.2,0,0,24.7,22.11,57.39,0.9,1.19,58017,1,31.18,60.0,1.25,1,86041
1001409,58.68,58.66,59.09,61.2,0,0,24.75,22.11,57.39,0.9,1.19,58017,1,31.2,60.0,1.27,1,86541
1001919,58.68,58.67,59.09,61.2,0,0,24.75,22.12,57.39,0.9,1.19,58017,1,31.2,60.0,1.27,1,87041
1002428,58.68,58.68,59.09,61.2,0,0,24.9,22.12,57.39,0.9,1.19,58017,1,31.2,60.0,1.28,1,87541
1002937,58.7,58.68,59.09,61.2,0,0,24.9,22.12,57.39,0.9,1.19,58017,1,31.18,60.0,1.28,1,88041
1003446,58.7,58.69,59.09,61.2,0,0,24.9,22.11,57.39,0.9,1.19,58017,1,31.18,60.0,1.29,1,88541
1003955,58.7,58.7,59.09,61.2,0,0,24.9,22.11,57.39,0.9,1.19,58017,1,31.18,60.0,1.3,1,89041
1004464,58.7,58.7,59.09,61.2,0,0,24.9,22.11,57.39,0.9,1.19,58017,1,31.18,60.0,1.3,1,89541
1004973,58.72,58.71,59.09,61.2,0,0,24.66,22.12,57.39,0.9,1.19,58017,1,31.18,60.0,1.31,1,90041
1005482,58.72,58.71,59.09,61.2,0,0,24.66,22.12,57.39,0.9,1.19,58017,1,31.18,60.0,1.32,1,90541
1005991,58.77,58.74,59.09,61.2,0,0,25.28,22.16,57.39,0.9,1.19,58017,1,31.21,60.0,1.34,1,91041
1006500,58.77,58.76,59.09,61.2,0,0,25.28,22.16,57.39,0.9,1.19,58017,1,31.21,60.0,1.36,1,91541
1007009,58.74,58.75,59.09,61.2,0,0,25.12,22.14,57.39,0.9,1.19,58017,1,31.2,60.0,1.35,1,92041
1007518,58.77,58.75,59.09,61.2,0,0,25.1,22.14,57.39,0.9,1.19,58017,1,31.21,60.0,1.35,1,92541
1008027,58.77,58.76,59.09,61.2,0,0,25.1,22.16,57.39,0.9,1.19,58017,1,31.21,60.0,1.36,1,93041
1008536,58.78,58.76,59.09,61.2,0,0,25.32,22.16,57.39,0.9,1.19,58017,1,31.2,60.0,1.37,1,93541
1009045,58.78,58.77,59.09,61.2,0,0,25.32,22.15,57.39,0.9,1.19,58017,1,31.2,60.0,1.37,1,94041
1009554,58.84,58.81,59.09,61.2,0,0,25.12,22.18,57.39,0.9,1.19,58017,1,31.21,60.0,1.41,1,94541
1010063,58.84,58.83,59.09,61.2,0,0,25.12,22.18,57.39,0.9,1.19,58017,1,31.21,60.0,1.43,1,95041
1010572,58.81,58.84,59.09,61.2,0,0,25.41,22.18,57.39,0.9,1.19,58017,1,31.2,60.0,1.44,1,95542
1011081,58.81,58.82,59.09,61.2,0,0,25.41,22.15,57.39,0.9,1.19,58017,1,31.2,60.0,1.42,1,96042
1011590,58.81,58.81,59.09,61.2,0,0,25.41,22.15,57.39,0.9,1.19,58017,1,31.2,60.0,1.42,1,96542
1012099,58.81,58.81,59.09,61.2,0,0,25.41,22.15,57.39,0.9,1.19,58017,1,31.2,60.0,1.41,1,97042
1012608,58.81,58.81,59.09,61.2,0,0,25.43,22.15,57.39,0.9,1.19,58017,1,31.2,60.0,1.41,1,97542
1013117,58.84,58.81,59.09,61.2,0,0,25.28,22.15,57.39,0.9,1.19,58017,1,31.21,60.0,1.41,1,98042
1013626,58.83,58.83,59.09,61.2,0,0,25.25,22.18,57.39,0.9,1.19,58017,1,31.21,60.0,1.43,1,98542
1014135,58.83,58.83,59.09,61.2,0,0,25.25,22.17,57.39,0.9,1.19,58017,1,31.21,60.0,1.43,1,99042
1014644,58.83,58.83,59.09,61.2,0,0,25.25,22.17,57.39,0.9,1.19,58017,1,31.21,60.0,1.43,1,99542
1015153,58.89,58.83,59.09,61.2,0,0,25.41,22.17,57.39,0.9,1.19,58017,1,31.2,60.0,1.44,1,100042
1015662,58.89,58.86,59.09,61.2,0,0,25.41,22.18,57.39,0.9,1.19,58017,1,31.2,60.0,1.47,1,100542
1016171,58.91,58.88,59.09,61.2,0,0,25.54,22.18,57.39,0.9,1.19,58017,1,31.2,60.0,1.48,1,101042
1016680,58.91,58.9,59.09,61.2,0,0,25.54,22.18,57.39,0.9,1.19,58017,1,31.2,60.0,1.5,1,102046
1017189,58.91,58.9,59.09,61.2,0,0,25.54,22.18,57.39,0.9,1.19,58017,1,31.2,60.0,1.51,1,102546
1017698,58.95,58.92,59.09,61.2,0,0,25.52,22.21,57.39,0.9,1.19,58017,1,31.21,60.0,1.53,1,103046
1018207,58.95,58.93,59.09,61.2,0,0,25.52,22.21,57.39,0.9,1.19,58017,1,31.21,60.0,1.54,1,103546
1018716,58.95,58.94,59.09,61.2,0,0,25.54,22.21,57.39,0.9,1.19,58017,1,31.21,60.0,1.54,1,104046
1019234,58.97,58.94,59.09,61.2,0,0,25.61,22.21,57.39,0.9,1.19,58017,1,31.23,60.0,1.55,1,104546
1019744,58.97,58.96,59.09,61.2,0,0,25.61,22.23,57.39,0.9,1.19,58017,1,31.23,60.0,1.56,1,105046
1020253,58.97,58.97,59.09,61.2,0,0,25.61,22.23,57.39,0.9,1.19,58017,1,31.23,60.0,1.57,1,105546
1020762,58.97,58.97,59.09,61.2,0,0,25.61,22.23,57.39,0.9,1.19,58017,1,31.23,60.0,1.57,1,106046
1021271,59.01,58.99,59.09,61.2,0,0,25.21,22.21,57.39,0.9,1.19,58017,1,31.2,60.0,1.59,1,106546
1021780,58.97,58.98,59.09,61.2,0,0,25.76,22.23,57.39,0.9,1.19,58017,1,31.23,60.0,1.58,1,107046
1022289,58.97,58.98,59.09,61.2,0,0,25.76,22.23,57.39,0.9,1.19,58017,1,31.23,60.0,1.58,1,107549
1022798,59.06,59.02,59.09,61.2,0,0,25.74,22.25,57.39,0.9,1.19,58017,1,31.23,60.0,1.62,1,108050
1023307,59.07,59.04,59.09,61.2,0,0,26.01,22.25,57.39,0.9,1.19,58017,1,31.21,60.0,1.64,1,108550
1023816,59.07,59.05,59.09,61.2,0,0,26.01,22.24,57.39,0.9,1.19,58017,1,31.21,60.0,1.66,1,109050
1024325,59.05,59.05,59.09,61.2,0,0,25.94,22.25,57.39,0.9,1.19,58017,1,31.23,60.0,1.65,1,109550
1024834,59.05,59.05,59.09,61.2,0,0,25.94,22.25,57.39,0.9,1.19,58017,1,31.23,60.0,1.65,1,110050
1025343,59.08,59.07,59.09,61.2,0,0,25.94,22.24,57.39,0.9,1.19,58017,1,31.21,60.0,1.67,1,110550
1025852,59.08,59.07,59.09,61.2,0,0,25.94,22.24,57.39,0.9,1.19,58017,1,31.21,60.0,1.68,1,111050
1026361,59.07,59.08,59.09,61.2,0,0,25.98,22.24,57.39,0.9,1.19,58017,1,31.23,60.0,1.68,1,111550
1026870,59.07,59.08,59.09,61.2,0,0,25.98,22.26,57.39,0.9,1.19,58017,1,31.23,60.0,1.68,1,112050
1027379,59.12,59.07,59.09,61.2,0,0,26.12,22.26,57.39,0.9,1.19,58017,1,31.23,60.0,1.68,1,112550
1027888,59.12,59.1,59.09,61.2,1,0,26.12,22.27,57.39,0.9,1.19,113050,0,31.23,60.0,1.7,0,0
1028397,59.17,59.13,59.09,61.35,1,0,25.98,22.27,59.13,0.9,1.34,113050,0,31.21,60.0,0.0,0,500
1028906,59.18,59.16,59.09,61.35,1,0,25.94,22.27,59.16,0.9,1.34,113050,0,31.21,60.0,0.0,0,1000
1029415,59.18,59.17,59.09,61.35,1,0,25.94,22.27,59.17,0.9,1.34,113050,0,31.21,60.0,0.0,0,1500
1029924,59.18,59.18,59.09,61.35,1,0,26.05,22.27,59.18,0.9,1.34,113050,0,31.21,60.0,0.0,0,2000
1030433,59.2,59.18,59.09,61.35,1,0,25.98,22.27,59.18,0.9,1.34,113050,0,31.21,60.0,0.0,0,2500
1030942,59.21,59.19,59.09,61.35,1,0,26.03,22.28,59.19,0.9,1.34,113050,0,31.23,60.0,0.0,0,3000
1031451,59.21,59.2,59.09,61.35,1,0,26.03,22.29,59.2,0.9,1.34,113050,0,31.23,60.0,0.0,0,3500
1031960,59.2,59.2,59.09,61.35,1,0,26.07,22.29,59.2,0.9,1.34,113050,0,31.23,60.0,0.0,0,4007
1032469,59.2,59.2,59.09,61.35,1,0,26.07,22.29,59.2,0.9,1.34,113050,0,31.23,60.0,0.0,0,4507
1032978,59.2,59.2,59.09,61.35,1,0,26.07,22.29,59.2,0.9,1.34,113050,0,31.23,60.0,0.0,0,5007
1033487,59.25,59.22,59.09,61.35,1,0,25.83,22.3,59.22,0.9,1.34,113050,0,31.23,60.0,0.0,0,5507
1033996,59.25,59.23,59.09,61.35,1,0,25.83,22.3,59.23,0.9,1.34,113050,0,31.23,60.0,0.0,0,6007
1034505,59.25,59.24,59.09,61.35,1,0,25.83,22.3,59.24,0.9,1.34,113050,0,31.23,60.0,0.0,0,6507
1035014,59.31,59.24,59.09,61.35,1,0,25.65,22.3,59.24,0.9,1.34,113050,0,31.24,60.0,0.0,0,7007
1035523,59.31,59.28,59.09,61.35,1,0,25.74,22.34,59.28,0.9,1.34,113050,0,31.23,60.0,0.0,0,7507
1036032,59.33,59.3,59.09,61.35,1,0,25.45,22.32,59.3,0.9,1.34,113050,0,31.21,60.0,0.0,0,8007
1036541,59.33,59.31,59.09,61.35,1,0,25.45,22.31,59.31,0.9,1.34,113050,0,31.21,60.0,0.0,0,8507
1037050,59.33,59.32,59.09,61.35,1,0,25.45,22.31,59.32,0.9,1.34,113050,0,31.21,60.0,0.0,0,9007
1037559,59.35,59.33,59.09,61.35,1,0,25.32,22.31,59.33,0.9,1.34,113050,0,31.21,60.0,0.0,0,9507
1038068,59.35,59.34,59.09,61.35,1,0,25.32,22.32,59.34,0.9,1.34,113050,0,31.21,60.0,0.0,0,10007
1038577,59.44,59.39,59.09,61.35,1,0,25.14,22.37,59.39,0.9,1.34,113050,0,31.24,60.0,0.0,0,10519
1039086,59.41,59.41,59.09,61.35,1,0,25.01,22.37,59.41,0.9,1.34,113050,0,31.21,60.0,0.0,0,11019
1039595,59.37,59.41,59.09,61.35,1,0,25.01,22.34,59.41,0.9,1.34,113050,0,31.23,60.0,0.0,0,11519
1040104,59.37,59.39,59.09,61.35,1,0,25.01,22.34,59.41,0.9,1.34,113050,0,31.23,60.0,0.02,0,12021
1040613,59.43,59.38,59.09,61.35,1,0,24.9,22.34,59.41,0.9,1.34,113050,0,31.24,60.0,0.02,0,12521
1041122,59.43,59.4,59.09,61.35,1,0,24.9,22.37,59.41,0.9,1.34,113050,0,31.24,60.0,0.0,0,13021
1041631,59.49,59.42,59.09,61.35,1,0,24.79,22.37,59.42,0.9,1.34,113050,0,31.23,60.0,0.0,0,13521
1042140,59.49,59.45,59.09,61.35,1,0,24.7,22.37,59.45,0.9,1.34,113050,0,31.23,60.0,0.0,0,14021
1042649,59.49,59.47,59.09,61.35,1,0,24.7,22.37,59.47,0.9,1.34,113050,0,31.23,60.0,0.0,0,14521
1043158,59.51,59.48,59.09,61.35,1,0,24.33,22.37,59.48,0.9,1.34,113050,0,31.23,60.0,0.0,0,15021
1043667,59.51,59.49,59.09,61.35,1,0,24.33,22.38,59.49,0.9,1.34,113050,0,31.23,60.0,0.0,0,15521
1044176,59.51,59.5,59.09,61.35,1,0,24.38,22.38,59.5,0.9,1.34,113050,0,31.23,60.0,0.0,0,16021
1044685,59.51,59.51,59.09,61.35,1,0,24.38,22.38,59.51,0.9,1.34,113050,0,31.23,60.0,0.0,0,16521
1045194,59.54,59.51,59.09,61.35,1,0,24.03,22.38,59.51,0.9,1.34,113050,0,31.23,60.0,0.0,0,17021
1045703,59.57,59.52,59.09,61.35,1,0,24.09,22.38,59.52,0.9,1.34,113050,0,31.23,60.0,0.0,0,17521
1046212,59.57,59.56,59.09,61.35,1,0,24.09,22.39,59.56,0.9,1.34,113050,0,31.23,60.0,0.0,0,18528
1046721,59.57,59.57,59.09,61.35,1,0,24.09,22.39,59.57,0.9,1.34,113050,0,31.23,60.0,0.0,0,19028
1047230,59.63,59.6,59.09,61.35,1,0,23.68,22.42,59.6,0.9,1.34,113050,0,31.24,60.0,0.0,0,19528
1047739,59.61,59.6,59.09,61.35,1,0,23.72,22.39,59.6,0.9,1.34,113050,0,31.21,60.0,0.0,0,20028
1048248,59.69,59.64,59.09,61.35,1,0,23.7,22.43,59.64,0.9,1.34,113050,0,31.23,60.0,0.0,0,20528
1048757,59.69,59.66,59.09,61.35,1,0,23.7,22.43,59.66,0.9,1.34,113050,0,31.23,60.0,0.0,0,21028
1049266,59.69,59.67,59.09,61.35,1,0,23.7,22.43,59.67,0.9,1.34,113050,0,31.23,60.0,0.0,0,21528
1049775,59.67,59.67,59.09,61.35,1,0,23.46,22.41,59.67,0.9,1.34,113050,0,31.21,60.0,0.0,0,22028
1050284,59.67,59.67,59.09,61.35,1,0,23.46,22.41,59.67,0.9,1.34,113050,0,31.21,60.0,0.0,0,22528
1050793,59.72,59.7,59.09,61.35,1,0,23.09,22.44,59.7,0.9,1.34,113050,0,31.23,60.0,0.0,0,23028
1051302,59.74,59.72,59.09,61.35,1,0,23.0,22.47,59.72,0.9,1.34,113050,0,31.25,60.0,0.0,0,23528
1051811,59.72,59.73,59.09,61.35,1,0,22.91,22.47,59.73,0.9,1.34,113050,0,31.23,60.0,0.0,0,24028
1052320,59.72,59.73,59.09,61.35,1,0,22.91,22.44,59.73,0.9,1.34,113050,0,31.23,60.0,0.0,0,24528
1052829,59.78,59.73,59.09,61.35,1,0,22.78,22.44,59.73,0.9,1.34,113050,0,31.24,60.0,0.0,0,25028
1053339,59.78,59.75,59.09,61.35,1,0,22.78,22.46,59.75,0.9,1.34,113050,0,31.24,60.0,0.0,0,25528
1053848,59.78,59.76,59.09,61.35,1,0,22.78,22.46,59.76,0.9,1.34,113050,0,31.24,60.0,0.0,0,26028
1054357,59.78,59.77,59.09,61.35,1,0,22.78,22.46,59.77,0.9,1.34,113050,0,31.24,60.0,0.0,0,26528
1054866,59.79,59.78,59.09,61.35,1,0,22.48,22.45,59.78,0.9,1.34,113050,0,31.23,60.0,0.0,0,27028
1055375,59.86,59.78,59.09,61.35,1,0,22.37,22.45,59.78,0.9,1.34,113050,0,31.23,60.0,0.0,0,27528
1055888,59.86,59.82,59.09,61.35,1,0,22.37,22.47,59.82,0.9,1.34,113050,0,31.23,60.0,0.0,0,28028
1056397,59.84,59.84,59.09,61.35,1,0,22.13,22.47,59.84,0.9,1.34,113050,0,31.23,60.0,0.0,0,28528
1056906,59.84,59.84,59.09,61.35,1,0,22.13,22.47,59.84,0.9,1.34,113050,0,31.23,60.0,0.0,0,29028
1057415,59.9,59.84,59.09,61.35,1,0,22.11,22.47,59.84,0.9,1.34,113050,0,31.24,60.0,0.0,0,29528
1057924,59.98,59.87,59.09,61.35,1,0,22.33,22.5,59.87,0.9,1.34,113050,0,31.24,60.0,0.0,0,30028
1058433,59.98,59.92,59.09,61.35,1,0,22.33,22.52,59.92,0.9,1.34,113050,0,31.24,60.0,0.0,0,30528
1058942,59.99,59.95,59.09,61.35,1,0,21.72,22.51,59.95,0.9,1.34,113050,0,31.23,60.0,0.0,0,31028
1059451,59.99,59.97,59.09,61.35,1,0,21.72,22.51,59.97,0.9,1.34,113050,0,31.23,60.0,0.0,0,31528
1059960,59.96,59.97,59.09,61.35,1,0,21.44,22.5,59.97,0.9,1.34,113050,0,31.23,60.0,0.0,0,32028
1060469,59.96,59.96,59.09,61.35,1,0,21.44,22.5,59.97,0.9,1.34,113050,0,31.23,60.0,0.0,0,32528
1060978,60.04,60.0,59.09,61.35,1,0,21.61,22.55,60.0,0.9,1.34,113050,0,31.25,60.0,0.0,0,33028
1061487,60.04,60.02,59.09,61.35,1,0,21.61,22.55,60.02,0.9,1.34,113050,0,31.25,60.0,0.0,0,33530
1061996,60.04,60.03,59.09,61.35,1,0,21.61,22.55,60.03,0.9,1.34,113050,0,31.25,60.0,0.0,0,34030
1062505,60.08,60.04,59.09,61.35,1,0,21.4,22.55,60.04,0.9,1.34,113050,0,31.24,60.0,0.0,0,34530
1063014,60.08,60.06,59.09,61.35,1,0,21.4,22.55,60.06,0.9,1.34,113050,0,31.24,60.0,0.0,0,35030
1063523,60.11,60.08,59.09,61.35,1,0,21.12,22.56,60.08,0.9,1.34,113050,0,31.24,60.0,0.0,0,35530
1064032,60.19,60.1,59.09,61.35,1,0,21.05,22.56,60.1,0.9,1.34,113050,0,31.24,60.0,0.0,0,36030
1064541,60.19,60.14,59.09,61.35,1,0,21.05,22.58,60.14,0.9,1.34,113050,0,31.24,60.0,0.0,0,36530
1065050,60.21,60.17,59.09,61.35,1,0,20.86,22.58,60.17,0.9,1.34,113050,0,31.23,60.0,0.0,0,37030
1065559,60.21,60.19,59.09,61.35,1,0,20.86,22.57,60.19,0.9,1.34,113050,0,31.23,60.0,0.0,0,37530
1066068,60.22,60.2,59.09,61.35,1,0,20.79,22.57,60.2,0.9,1.34,113050,0,31.23,60.0,0.0,0,38030
1066577,60.29,60.21,59.09,61.35,1,0,20.79,22.57,60.21,0.9,1.34,113050,0,31.24,60.0,0.0,0,38530
1067086,60.31,60.25,59.09,61.35,1,0,20.66,22.6,60.25,0.9,1.34,113050,0,31.24,60.0,0.0,0,39030
1067595,60.31,60.28,59.09,61.35,1,0,20.66,22.61,60.28,0.9,1.34,113050,0,31.24,60.0,0.0,0,39530
1068104,60.31,60.3,59.09,61.35,1,0,20.66,22.61,60.3,0.9,1.34,113050,0,31.24,60.0,0.0,0,40030
1068613,60.31,60.31,59.09,61.35,1,0,20.66,22.61,60.31,0.9,1.34,113050,0,31.24,60.0,0.0,0,40530
1069122,60.45,60.31,59.09,61.35,1,0,20.25,22.61,60.31,0.9,1.34,113050,0,31.24,60.0,0.0,0,41030
1069631,60.45,60.38,59.09,61.35,1,0,20.25,22.65,60.38,0.9,1.34,113050,0,31.24,60.0,0.0,0,41530
1070140,60.45,60.42,59.09,61.35,1,0,20.12,22.65,60.42,0.9,1.34,113050,0,31.23,60.0,0.0,0,42030
1070649,60.49,60.43,59.09,61.35,1,0,20.1,22.64,60.43,0.9,1.34,113050,0,31.24,60.0,0.0,0,42530
1071158,60.51,60.46,59.09,61.35,1,0,20.08,22.66,60.46,0.9,1.34,113050,0,31.23,60.0,0.0,0,43030
1071667,60.51,60.49,59.09,61.35,1,0,20.08,22.65,60.49,0.9,1.34,113050,0,31.23,60.0,0.0,0,43530
1072177,60.59,60.5,59.09,61.35,1,0,20.04,22.65,60.5,0.9,1.34,113050,0,31.23,60.0,0.0,0,44030
1072686,60.59,60.54,59.09,61.35,1,0,20.04,22.67,60.54,0.9,1.34,113050,0,31.23,60.0,0.0,0,44530
1073195,60.59,60.56,59.09,61.35,1,0,20.04,22.67,60.56,0.9,1.34,113050,0,31.23,60.0,0.0,0,45030
1073704,60.71,60.58,59.09,61.35,1,0,19.76,22.67,60.58,0.9,1.34,113050,0,31.23,60.0,0.0,0,45530
1074215,60.71,60.68,59.09,61.35,1,0,19.76,22.71,60.68,0.9,1.34,113050,0,31.23,60.0,0.0,0,46530
1074724,60.74,60.71,59.09,61.35,1,0,19.63,22.71,60.71,0.9,1.34,113050,0,31.23,60.0,0.0,0,47031
1075233,60.74,60.72,59.09,61.35,1,0,19.63,22.71,60.72,0.9,1.34,113050,0,31.23,60.0,0.0,0,47531
1075742,60.78,60.75,59.09,61.35,1,0,18.88,22.74,60.75,0.9,1.34,113050,0,31.24,60.0,0.0,0,48031
1076251,60.75,60.75,59.09,61.35,1,0,19.39,22.73,60.75,0.9,1.34,113050,0,31.24,60.0,0.0,0,48531
1076760,60.75,60.75,59.09,61.35,1,0,19.39,22.73,60.75,0.9,1.34,113050,0,31.24,60.0,0.0,0,49031
1077269,60.75,60.75,59.09,61.35,1,0,19.39,22.73,60.75,0.9,1.34,113050,0,31.24,60.0,0.0,0,49531
1077778,60.75,60.75,59.09,61.35,1,0,19.39,22.73,60.75,0.9,1.34,113050,0,31.24,60.0,0.0,0,50031
1078287,60.91,60.83,59.09,61.35,1,0,19.16,22.77,60.83,0.9,1.34,113050,0,31.24,60.0,0.0,0,50531
1078796,60.91,60.87,59.09,61.35,1,0,19.16,22.77,60.87,0.9,1.34,113050,0,31.24,60.0,0.0,0,51031
1079305,60.9,60.89,59.09,61.35,1,0,19.0,22.76,60.89,0.9,1.34,113050,0,31.23,60.0,0.0,0,51531
1079814,60.98,60.93,59.09,61.35,1,0,18.98,22.79,60.93,0.9,1.34,113050,0,31.24,60.0,0.0,0,52045
1080323,60.98,60.95,59.09,61.35,1,0,18.98,22.79,60.95,0.9,1.34,113050,0,31.24,60.0,0.0,0,52545
1080832,60.98,60.97,59.09,61.35,1,0,18.98,22.79,60.97,0.9,1.34,113050,0,31.24,60.0,0.0,0,53045
1081341,61.01,60.99,59.09,61.35,1,0,18.72,22.8,60.99,0.9,1.34,113050,0,31.24,60.0,0.0,0,53545
1081850,61.03,61.01,59.09,61.35,1,0,18.81,22.8,61.01,0.9,1.34,113050,0,31.24,60.0,0.0,0,54045
1082359,61.03,61.02,59.09,61.35,1,0,18.81,22.8,61.02,0.9,1.34,113050,0,31.24,60.0,0.0,0,54545
1082868,61.05,61.04,59.09,61.35,1,1,18.75,22.81,61.04,0.9,1.34,113050,0,31.24,60.0,0.0,1,55045
1083377,61.05,61.04,59.09,61.35,1,1,18.75,22.81,61.04,0.9,1.34,113050,0,31.24,60.0,0.0,1,55545
1083886,61.08,61.06,59.09,61.35,1,1,18.04,22.83,61.06,0.9,1.34,113050,0,31.25,60.0,0.0,1,56045
1084395,61.06,61.07,59.09,61.35,1,1,18.57,22.83,61.07,0.9,1.34,113050,0,31.24,60.0,0.0,1,56545
1084904,61.06,61.07,59.09,61.35,1,1,18.57,22.82,61.07,0.9,1.34,113050,0,31.24,60.0,0.0,1,57045
1085413,61.09,61.07,59.09,61.35,1,1,18.77,22.82,61.07,0.9,1.34,113050,0,31.25,60.0,0.0,1,57545
1085922,61.09,61.08,59.09,61.35,1,1,18.77,22.84,61.08,0.9,1.34,113050,0,31.25,60.0,0.0,1,58045
1086431,61.06,61.07,59.09,61.35,1,1,19.54,22.79,61.08,0.9,1.34,113050,0,31.21,60.0,0.0,1,58545
1086940,60.91,61.06,59.09,61.35,1,1,19.24,22.79,61.08,0.9,1.34,113050,0,31.24,60.0,0.01,1,59045
1087449,60.68,60.99,59.09,61.35,1,1,18.77,22.77,61.08,0.9,1.34,113050,0,31.21,60.0,0.09,1,59545
1087958,60.68,60.84,59.09,61.35,0,1,18.77,22.68,61.08,0.9,1.34,60045,0,31.21,60.0,0.24,1,0
1088467,60.27,60.55,59.07,61.35,0,1,19.22,22.56,60.55,0.92,1.34,60045,0,31.2,60.0,0.0,1,500
1088976,60.27,60.41,59.07,61.35,0,1,19.22,22.56,60.41,0.92,1.34,60045,0,31.2,60.0,0.0,1,1000
1089485,60.27,60.34,59.07,61.35,0,1,19.22,22.56,60.34,0.92,1.34,60045,0,31.2,60.0,0.0,1,1500
1089994,60.27,60.3,59.07,61.35,0,1,19.22,22.56,60.3,0.92,1.34,60045,0,31.2,60.0,0.0,1,2000
1090503,59.12,60.29,59.07,61.35,0,0,19.24,22.56,60.29,0.92,1.34,60045,0,31.18,60.0,0.0,1,2500
1091012,59.12,59.7,59.07,61.35,0,0,19.24,22.23,59.7,0.92,1.34,60045,0,31.18,60.0,0.0,1,3000
1091521,58.59,59.41,59.07,61.35,0,0,19.35,22.23,59.41,0.92,1.34,60045,0,31.16,60.0,0.0,1,3500
1092030,58.59,59.0,59.07,61.35,0,0,19.35,22.05,59.0,0.92,1.34,60045,0,31.16,60.0,0.0,1,4000
1092539,58.1,58.79,59.07,61.35,0,0,19.18,22.05,58.79,0.92,1.34,60045,0,31.18,60.0,0.0,1,4500
1093048,58.1,58.45,59.07,61.35,0,0,19.18,21.94,58.45,0.92,1.34,60045,0,31.18,60.0,0.0,1,5000
1093557,57.63,58.28,59.07,61.35,0,0,18.96,21.94,58.28,0.92,1.34,60045,0,31.16,60.0,0.0,1,5500
1094066,57.63,57.95,59.07,61.35,0,0,18.96,21.78,57.95,0.92,1.34,60045,0,31.16,60.0,0.0,1,6000
1094575,57.63,57.79,59.07,61.35,0,0,18.96,21.78,57.79,0.92,1.34,60045,0,31.16,60.0,0.0,1,6500
1095084,57.63,57.71,59.07,61.35,0,0,18.96,21.78,57.71,0.92,1.34,60045,0,31.16,60.0,0.0,1,7000
1095592,57.63,57.67,59.07,61.35,0,0,18.96,21.78,57.67,0.92,1.34,60045,0,31.16,60.0,0.0,1,7500
1096101,57.27,57.65,59.07,61.35,0,0,19.03,21.78,57.65,0.92,1.34,60045,0,31.16,60.0,0.0,1,8000
1096610,57.23,57.46,59.07,61.35,0,0,18.96,21.68,57.46,0.92,1.34,60045,0,31.14,60.0,0.0,1,8500
1097119,57.23,57.35,59.07,61.35,0,0,18.96,21.66,57.35,0.92,1.34,60045,0,31.14,60.0,0.0,1,9000
1097628,57.09,57.29,59.07,61.35,0,0,18.75,21.66,57.29,0.92,1.34,60045,0,31.13,60.0,0.0,1,9500
1098137,57.07,57.19,59.07,61.35,0,0,18.75,21.61,57.19,0.92,1.34,60045,0,31.13,60.0,0.0,1,10000
1098659,57.09,57.13,59.07,61.35,0,0,18.7,21.6,57.13,0.92,1.34,60045,0,31.12,60.0,0.0,1,10500
1099168,57.09,57.11,59.07,61.35,0,0,18.7,21.59,57.11,0.92,1.34,60045,0,31.12,60.0,0.0,1,11000
1099677,57.09,57.1,59.07,61.35,0,0,18.7,21.59,57.1,0.92,1.34,60045,0,31.12,60.0,0.0,1,11500
1100186,56.99,57.1,59.07,61.35,0,0,19.0,21.59,57.1,0.92,1.34,60045,0,31.13,60.0,0.0,1,12000
1100695,56.99,57.04,59.07,61.35,0,0,19.0,21.58,57.04,0.92,1.34,60045,0,31.13,60.0,0.0,1,12500
1101217,56.97,57.02,59.07,61.35,0,0,19.09,21.58,57.02,0.92,1.34,60045,0,31.13,60.0,0.0,1,13000
1101726,56.97,56.99,59.07,61.35,0,0,19.09,21.57,56.99,0.92,1.34,60045,0,31.13,60.0,0.0,1,13502
1102235,56.94,56.96,59.07,61.35,0,0,19.26,21.55,56.96,0.92,1.34,60045,0,31.12,60.0,0.0,1,14506
1102744,56.98,56.97,59.07,61.35,0,0,19.22,21.57,56.96,0.92,1.34,60045,0,31.13,60.0,0.01,1,15006
1103253,56.98,56.98,59.07,61.35,0,0,19.22,21.57,56.96,0.92,1.34,60045,0,31.13,60.0,0.01,1,15506
1103762,56.98,56.98,59.07,61.35,0,0,19.22,21.57,56.96,0.92,1.34,60045,0,31.13,60.0,0.01,1,16006
1104271,56.9,56.94,59.07,61.35,0,0,19.37,21.54,56.94,0.92,1.34,60045,0,31.12,60.0,0.0,1,16506
1104780,56.9,56.92,59.07,61.35,0,0,19.37,21.54,56.92,0.92,1.34,60045,0,31.12,60.0,0.0,1,17006
1105289,56.96,56.94,59.07,61.35,0,0,19.39,21.57,56.92,0.92,1.34,60045,0,31.13,60.0,0.01,1,17506
1105798,56.97,56.96,59.07,61.35,0,0,19.48,21.6,56.92,0.92,1.34,60045,0,31.16,60.0,0.03,1,18006
1106307,56.97,56.96,59.07,61.35,0,0,19.48,21.6,56.92,0.92,1.34,60045,0,31.16,60.0,0.04,1,18506
1106816,56.98,56.97,59.07,61.35,0,0,19.48,21.57,56.92,0.92,1.34,60045,0,31.13,60.0,0.05,1,19020
1107325,56.98,56.98,59.07,61.35,0,0,19.48,21.57,56.92,0.92,1.34,60045,0,31.13,60.0,0.05,1,19520
1107834,57.01,56.99,59.07,61.35,0,0,19.84,21.59,56.92,0.92,1.34,60045,0,31.14,60.0,0.06,1,20020
1108343,57.01,57.0,59.07,61.35,0,0,19.84,21.59,56.92,0.92,1.34,60045,0,31.14,60.0,0.07,1,20520
1108852,56.98,56.99,59.07,61.35,0,0,19.89,21.59,56.92,0.92,1.34,60045,0,31.14,60.0,0.06,1,21020
1109361,57.07,57.03,59.07,61.35,0,0,19.8,21.61,56.92,0.92,1.34,60045,0,31.14,60.0,0.1,1,21520
1109870,57.07,57.05,59.07,61.35,0,0,19.8,21.61,56.92,0.92,1.34,60045,0,31.14,60.0,0.12,1,22020
1110379,57.07,57.06,59.07,61.35,0,0,19.84,21.61,56.92,0.92,1.34,60045,0,31.14,60.0,0.13,1,22520
1110888,57.08,57.07,59.07,61.35,0,0,19.97,21.61,56.92,0.92,1.34,60045,0,31.14,60.0,0.14,1,23020
1111397,57.08,57.08,59.07,61.35,0,0,19.97,21.61,56.92,0.92,1.34,60045,1,31.14,60.0,0.15,1,23520
1111906,57.18,57.08,59.07,61.35,0,0,20.34,21.61,56.92,0.92,1.34,60045,1,31.13,60.0,0.15,1,24020
1112415,57.18,57.13,59.07,61.35,0,0,20.34,21.63,56.92,0.92,1.34,60045,1,31.13,60.0,0.2,1,24520
1112924,57.21,57.16,59.07,61.35,0,0,20.4,21.63,56.92,0.92,1.34,60045,1,31.14,60.0,0.23,1,25020
1113433,57.21,57.18,59.07,61.35,0,0,20.4,21.65,56.92,0.92,1.34,60045,1,31.14,60.0,0.25,1,25520
1113942,57.23,57.21,59.07,61.35,0,0,20.25,21.67,56.92,0.92,1.34,60045,1,31.16,60.0,0.28,1,26020
1114451,57.23,57.22,59.07,61.35,0,0,20.25,21.67,56.92,0.92,1.34,60045,1,31.16,60.0,0.29,1,26524
1114960,57.26,57.24,59.07,61.35,0,0,20.25,21.68,56.92,0.92,1.34,60045,1,31.16,60.0,0.31,1,27024
1115469,57.26,57.25,59.07,61.35,0,0,20.25,21.68,56.92,0.92,1.34,60045,1,31.16,60.0,0.32,1,27524
1115978,57.32,57.29,59.07,61.35,0,0,20.34,21.7,56.92,0.92,1.34,60045,1,31.16,60.0,0.36,1,28024
1116487,57.32,57.31,59.07,61.35,0,0,20.34,21.7,56.92,0.92,1.34,60045,1,31.16,60.0,0.38,1,28524
1116996,57.36,57.33,59.07,61.35,0,0,20.43,21.71,56.92,0.92,1.34,60045,1,31.16,60.0,0.41,1,29024
1117508,57.4,57.35,59.07,61.35,0,0,20.51,21.71,56.92,0.92,1.34,60045,1,31.16,60.0,0.42,1,29524
1118017,57.4,57.37,59.07,61.35,0,0,20.51,21.72,56.92,0.92,1.34,60045,1,31.16,60.0,0.45,1,30024
1118526,57.4,57.39,59.07,61.35,0,0,20.51,21.72,56.92,0.92,1.34,60045,1,31.16,60.0,0.46,1,30524
1119035,57.4,57.39,59.07,61.35,0,0,20.51,21.72,56.92,0.92,1.34,60045,1,31.16,60.0,0.46,1,31024
1119544,57.44,57.42,59.07,61.35,0,0,20.69,21.72,56.92,0.92,1.34,60045,1,31.14,60.0,0.49,1,31524
1120053,57.44,57.43,59.07,61.35,0,0,20.69,21.72,56.92,0.92,1.34,60045,1,31.14,60.0,0.5,1,32024
1120562,57.5,57.44,59.07,61.35,0,0,20.99,21.72,56.92,0.92,1.34,60045,1,31.17,60.0,0.51,1,32524
1121071,57.5,57.47,59.07,61.35,0,0,20.99,21.76,56.92,0.92,1.34,60045,1,31.17,60.0,0.54,1,33024
1121580,57.5,57.49,59.07,61.35,0,0,20.99,21.76,56.92,0.92,1.34,60045,1,31.17,60.0,0.56,1,33524
1122089,57.47,57.49,59.07,61.35,0,0,21.03,21.76,56.92,0.92,1.34,60045,1,31.14,60.0,0.57,1,34024
1122601,57.47,57.48,59.07,61.35,0,0,21.03,21.73,56.92,0.92,1.34,60045,1,31.14,60.0,0.56,1,34524
1123110,57.47,57.48,59.07,61.35,0,0,21.03,21.73,56.92,0.92,1.34,60045,1,31.14,60.0,0.55,1,35024
1123619,57.56,57.47,59.07,61.35,0,0,21.1,21.73,56.92,0.92,1.34,60045,1,31.16,60.0,0.55,1,35524
1124128,57.59,57.52,59.07,61.35,0,0,21.27,21.76,56.92,0.92,1.34,60045,1,31.17,60.0,0.59,1,36024
1124637,57.59,57.55,59.07,61.35,0,0,21.27,21.79,56.92,0.92,1.34,60045,1,31.17,60.0,0.63,1,36524
1125146,57.56,57.57,59.07,61.35,0,0,21.38,21.79,56.92,0.92,1.34,60045,1,31.16,60.0,0.64,1,37024
1125655,57.56,57.56,59.07,61.35,0,0,21.38,21.76,56.92,0.92,1.34,60045,1,31.16,60.0,0.64,1,37524
1126164,57.56,57.56,59.07,61.35,0,0,21.38,21.76,56.92,0.92,1.34,60045,1,31.16,60.0,0.63,1,38024
1126673,57.56,57.56,59.07,61.35,0,0,21.38,21.76,56.92,0.92,1.34,60045,1,31.16,60.0,0.63,1,38524
1127182,57.58,57.57,59.07,61.35,0,0,21.57,21.76,56.92,0.92,1.34,60045,1,31.14,60.0,0.64,1,39024
1127691,57.61,57.58,59.07,61.35,0,0,21.48,21.76,56.92,0.92,1.34,60045,1,31.17,60.0,0.65,1,39524
1128200,57.68,57.6,59.07,61.35,0,0,21.72,21.79,56.92,0.92,1.34,60045,1,31.17,60.0,0.67,1,40024
1128709,57.68,57.64,59.07,61.35,0,0,21.72,21.81,56.92,0.92,1.34,60045,1,31.17,60.0,0.71,1,40524
1129218,57.66,57.66,59.07,61.35,0,0,21.74,21.81,56.92,0.92,1.34,60045,1,31.16,60.0,0.73,1,41024
1129727,57.66,57.66,59.07,61.35,0,0,21.74,21.79,56.92,0.92,1.34,60045,1,31.16,60.0,0.73,1,41524
1130236,57.66,57.66,59.07,61.35,0,0,21.74,21.79,56.92,0.92,1.34,60045,1,31.16,60.0,0.73,1,42024
1130745,57.69,57.66,59.07,61.35,0,0,21.81,21.79,56.92,0.92,1.34,60045,1,31.17,60.0,0.73,1,42524
1131254,57.69,57.67,59.07,61.35,0,0,21.81,21.82,56.92,0.92,1.34,60045,1,31.17,60.0,0.75,1,43025
1131763,57.69,57.69,59.07,61.35,0,0,21.81,21.82,56.92,0.92,1.34,60045,1,31.17,60.0,0.76,1,44034
1132272,57.74,57.71,59.07,61.35,0,0,21.68,21.83,56.92,0.92,1.34,60045,1,31.17,60.0,0.78,1,44534
1132781,57.74,57.72,59.07,61.35,0,0,21.68,21.83,56.92,0.92,1.34,60045,1,31.17,60.0,0.8,1,45034
1133290,57.71,57.72,59.07,61.35,0,0,22.18,21.82,56.92,0.92,1.34,60045,1,31.17,60.0,0.79,1,45534
1133799,57.75,57.73,59.07,61.35,0,0,22.05,21.83,56.92,0.92,1.34,60045,1,31.17,60.0,0.81,1,46034
1134311,57.76,57.74,59.07,61.35,0,0,22.13,21.83,56.92,0.92,1.34,60045,1,31.18,60.0,0.81,1,46534
1134820,57.76,57.75,59.07,61.35,0,0,22.13,21.85,56.92,0.92,1.34,60045,1,31.18,60.0,0.83,1,47034
1135329,57.81,57.76,59.07,61.35,0,0,22.33,21.85,56.92,0.92,1.34,60045,1,31.17,60.0,0.83,1,47534
1135838,57.81,57.79,59.07,61.35,0,0,22.33,21.85,56.92,0.92,1.34,60045,1,31.17,60.0,0.86,1,48034
1136347,57.79,57.79,59.07,61.35,0,0,22.35,21.86,56.92,0.92,1.34,60045,1,31.18,60.0,0.86,1,48534
1136856,57.81,57.8,59.07,61.35,0,0,22.37,21.86,56.92,0.92,1.34,60045,1,31.18,60.0,0.87,1,49034
1137365,57.81,57.81,59.07,61.35,0,0,22.37,21.86,56.92,0.92,1.34,60045,1,31.18,60.0,0.88,1,49534
1137874,57.82,57.82,59.07,61.35,0,0,22.68,21.85,56.92,0.92,1.34,60045,1,31.17,60.0,0.89,1,50034
1138383,57.82,57.82,59.07,61.35,0,0,22.68,21.85,56.92,0.92,1.34,60045,1,31.17,60.0,0.89,1,50534
1138892,57.89,57.85,59.07,61.35,0,0,21.96,21.87,56.92,0.92,1.34,60045,1,31.17,60.0,0.93,1,51041
1139401,57.89,57.87,59.07,61.35,0,0,21.96,21.87,56.92,0.92,1.34,60045,1,31.17,60.0,0.94,1,51541
1139910,57.83,57.85,59.07,61.35,0,0,22.61,21.87,56.92,0.92,1.34,60045,1,31.18,60.0,0.92,1,52041
1140419,57.84,57.84,59.07,61.35,0,0,22.59,21.86,56.92,0.92,1.34,60045,1,31.17,60.0,0.92,1,52541
1140928,57.84,57.84,59.07,61.35,0,0,22.59,21.86,56.92,0.92,1.34,60045,1,31.17,60.0,0.91,1,53041
1141437,57.85,57.85,59.07,61.35,0,0,22.91,21.87,56.92,0.92,1.34,60045,1,31.18,60.0,0.92,1,53541
1141946,57.9,57.85,59.07,61.35,0,0,22.7,21.87,56.92,0.92,1.34,60045,1,31.18,60.0,0.92,1,54041
1142455,57.9,57.87,59.07,61.35,0,0,22.7,21.89,56.92,0.92,1.34,60045,1,31.18,60.0,0.95,1,54541
1142964,57.86,57.87,59.07,61.35,0,0,22.72,21.88,56.92,0.92,1.34,60045,1,31.18,60.0,0.94,1,55041
1143473,57.89,57.87,59.07,61.35,0,0,22.83,21.88,56.92,0.92,1.34,60045,1,31.18,60.0,0.94,1,55541
1143982,57.89,57.88,59.07,61.35,0,0,22.83,21.88,56.92,0.92,1.34,60045,1,31.18,60.0,0.95,1,56041
1144491,57.92,57.9,59.07,61.35,0,0,22.35,21.9,56.92,0.92,1.34,60045,1,31.2,60.0,0.97,1,56541
1145000,57.9,57.91,59.07,61.35,0,0,23.07,21.9,56.92,0.92,1.34,60045,1,31.18,60.0,0.98,1,57041
1145511,57.9,57.9,59.07,61.35,0,0,23.07,21.89,56.92,0.92,1.34,60045,1,31.18,60.0,0.98,1,57541
1146020,57.9,57.9,59.07,61.35,0,0,23.07,21.89,56.92,0.92,1.34,60045,1,31.18,60.0,0.98,1,58041
1146529,57.95,57.9,59.07,61.35,0,0,23.11,21.89,56.92,0.92,1.34,60045,1,31.17,60.0,0.98,1,58541
1147038,57.94,57.93,59.07,61.35,0,0,23.11,21.89,56.92,0.92,1.34,60045,1,31.18,60.0,1.0,1,59041
1147547,57.94,57.93,59.07,61.35,0,0,23.11,21.9,56.92,0.92,1.34,60045,1,31.18,60.0,1.01,1,59541
1148056,57.94,57.94,59.07,61.35,0,0,23.15,21.9,56.92,0.92,1.34,60045,1,31.18,60.0,1.01,1,60041
1148565,57.94,57.94,59.07,61.35,0,0,23.15,21.9,56.92,0.92,1.34,60045,1,31.18,60.0,1.01,1,60541
1149074,57.95,57.94,59.07,61.35,0,0,23.26,21.9,56.92,0.92,1.34,60045,1,31.18,60.0,1.01,1,61041
1149583,57.94,57.95,59.07,61.35,0,0,23.05,21.9,56.92,0.92,1.34,60045,1,31.21,60.0,1.02,1,61541
1150092,57.94,57.94,59.07,61.35,0,0,23.05,21.92,56.92,0.92,1.34,60045,1,31.21,60.0,1.02,1,62041
1150601,57.94,57.94,59.07,61.35,0,0,23.05,21.92,56.92,0.92,1.34,60045,1,31.21,60.0,1.02,1,62541
1151110,58.02,57.98,59.07,61.35,0,0,23.33,21.93,56.92,0.92,1.34,60045,1,31.2,60.0,1.05,1,63041
1151619,58.02,58.0,59.07,61.35,0,0,23.33,21.93,56.92,0.92,1.34,60045,1,31.2,60.0,1.07,1,63541
1152128,57.99,58.0,59.07,61.35,0,0,23.39,21.93,56.92,0.92,1.34,60045,1,31.2,60.0,1.07,1,64041
1152637,57.99,57.99,59.07,61.35,0,0,23.39,21.93,56.92,0.92,1.34,60045,1,31.2,60.0,1.07,1,64541
1153146,57.98,57.99,59.07,61.35,0,0,23.5,21.93,56.92,0.92,1.34,60045,1,31.18,60.0,1.07,1,65041
1153655,57.98,57.99,59.07,61.35,0,0,23.5,21.91,56.92,0.92,1.34,60045,1,31.18,60.0,1.06,1,65541
1154164,58.02,58.0,59.07,61.35,0,0,23.5,21.93,56.92,0.92,1.34,60045,1,31.2,60.0,1.08,1,66041
1154673,58.03,58.01,59.07,61.35,0,0,23.61,21.93,56.92,0.92,1.34,60045,1,31.2,60.0,1.08,1,66541
1155182,58.03,58.02,59.07,61.35,0,0,23.61,21.94,56.92,0.92,1.34,60045,1,31.2,60.0,1.09,1,67041
1155691,58.03,58.02,59.07,61.35,0,0,23.61,21.94,56.92,0.92,1.34,60045,1,31.2,60.0,1.1,1,67541
1156200,58.06,58.03,59.07,61.35,0,0,23.81,21.94,56.92,0.92,1.34,60045,1,31.2,60.0,1.1,1,68041
1156709,58.06,58.04,59.07,61.35,0,0,23.81,21.94,56.92,0.92,1.34,60045,1,31.2,60.0,1.11,1,68541
1157218,58.04,58.05,59.07,61.35,0,0,23.72,21.94,56.92,0.92,1.34,60045,1,31.21,60.0,1.12,1,69041
1157727,58.04,58.05,59.07,61.35,0,0,23.72,21.95,56.92,0.92,1.34,60045,1,31.21,60.0,1.12,1,69541
1158236,58.06,58.04,59.07,61.35,0,0,23.89,21.95,56.92,0.92,1.34,60045,1,31.2,60.0,1.12,1,70041
1158745,58.06,58.05,59.07,61.35,0,0,23.89,21.94,56.92,0.92,1.34,60045,1,31.2,60.0,1.12,1,70541
1159254,58.06,58.05,59.07,61.35,0,0,23.89,21.94,56.92,0.92,1.34,60045,1,31.2,60.0,1.13,1,71041
1159764,58.06,58.05,59.07,61.35,0,0,23.89,21.94,56.92,0.92,1.34,60045,1,31.2,60.0,1.13,1,71541
1160274,58.09,58.05,59.07,61.35,0,0,24.16,21.94,56.92,0.92,1.34,60045,1,31.2,60.0,1.13,1,72045
1160783,58.09,58.08,59.07,61.35,0,0,24.16,21.95,56.92,0.92,1.34,60045,1,31.2,60.0,1.16,1,73054
1161292,58.08,58.08,59.07,61.35,0,0,23.85,21.94,56.92,0.92,1.34,60045,1,31.18,60.0,1.15,1,73554
1161801,58.11,58.09,59.07,61.35,0,0,23.87,21.96,56.92,0.92,1.34,60045,1,31.2,60.0,1.17,1,74054
1162310,58.11,58.1,59.07,61.35,0,0,23.87,21.96,56.92,0.92,1.34,60045,1,31.2,60.0,1.17,1,74554
1162819,58.1,58.1,59.07,61.35,0,0,24.44,21.94,56.92,0.92,1.34,60045,1,31.18,60.0,1.17,1,75054
1163328,58.13,58.12,59.07,61.35,0,0,23.7,21.99,56.92,0.92,1.34,60045,1,31.23,60.0,1.19,1,75554
1163837,58.13,58.13,59.07,61.35,0,0,23.7,21.99,56.92,0.92,1.34,60045,1,31.23,60.0,1.2,1,76054
1164346,58.13,58.13,59.07,61.35,0,0,23.7,21.99,56.92,0.92,1.34,60045,1,31.23,60.0,1.2,1,76554
1164855,58.07,58.1,59.07,61.35,0,0,24.05,21.96,56.92,0.92,1.34,60045,1,31.21,60.0,1.17,1,77054
1165364,58.07,58.08,59.07,61.35,0,0,24.05,21.96,56.92,0.92,1.34,60045,1,31.21,60.0,1.16,1,77554
1165873,58.13,58.11,59.07,61.35,0,0,24.64,21.95,56.92,0.92,1.34,60045,1,31.18,60.0,1.18,1,78054
1166382,58.13,58.12,59.07,61.35,0,0,24.64,21.95,56.92,0.92,1.34,60045,1,31.18,60.0,1.19,1,78554
1166891,58.12,58.12,59.07,61.35,0,0,24.4,21.97,56.92,0.92,1.34,60045,1,31.21,60.0,1.19,1,79054
1167400,58.14,58.12,59.07,61.35,0,0,24.24,21.97,56.92,0.92,1.34,60045,1,31.18,60.0,1.19,1,79554
1167909,58.14,58.13,59.07,61.35,0,0,24.24,21.96,56.92,0.92,1.34,60045,1,31.18,60.0,1.2,1,80054
1168418,58.15,58.14,59.07,61.35,0,0,24.55,21.97,56.92,0.92,1.34,60045,1,31.2,60.0,1.21,1,80554
1168927,58.14,58.14,59.07,61.35,0,0,24.53,21.97,56.92,0.92,1.34,60045,1,31.2,60.0,1.21,1,81054
1169436,58.14,58.14,59.07,61.35,0,0,24.53,21.97,56.92,0.92,1.34,60045,1,31.2,60.0,1.21,1,81554
1169945,58.14,58.14,59.07,61.35,0,0,24.53,21.97,56.92,0.92,1.34,60045,1,31.2,60.0,1.22,1,82054
1170454,58.16,58.15,59.07,61.35,0,0,24.62,21.98,56.92,0.92,1.34,60045,1,31.21,60.0,1.22,1,82554
1170963,58.18,58.16,59.07,61.35,0,0,24.51,21.98,56.92,0.92,1.34,60045,1,31.2,60.0,1.24,1,83054
1171472,58.22,58.17,59.07,61.35,0,0,24.68,21.98,56.92,0.92,1.34,60045,1,31.2,60.0,1.24,1,83554
1171981,58.22,58.19,59.07,61.35,0,0,24.68,21.99,56.92,0.92,1.34,60045,1,31.2,60.0,1.27,1,84054
1172490,58.21,58.2,59.07,61.35,0,0,25.28,21.99,56.92,0.92,1.34,60045,1,31.2,60.0,1.27,1,84554
1172999,58.21,58.2,59.07,61.35,0,0,24.66,21.99,56.92,0.92,1.34,60045,1,31.2,60.0,1.28,1,85054
1173513,58.18,58.21,59.07,61.35,0,0,24.68,21.99,56.92,0.92,1.34,60045,1,31.18,60.0,1.28,1,85554
1174023,58.18,58.19,59.07,61.35,0,0,24.68,21.97,56.92,0.92,1.34,60045,1,31.18,60.0,1.26,1,86054
1174532,58.21,58.18,59.07,61.35,0,0,24.88,21.97,56.92,0.92,1.34,60045,1,31.21,60.0,1.26,1,86554
1175041,58.21,58.2,59.07,61.35,0,0,24.88,22.0,56.92,0.92,1.34,60045,1,31.21,60.0,1.27,1,87054
1175550,58.24,58.22,59.07,61.35,0,0,24.92,22.01,56.92,0.92,1.34,60045,1,31.21,60.0,1.29,1,87554
1176059,58.24,58.23,59.07,61.35,0,0,24.92,22.01,56.92,0.92,1.34,60045,1,31.21,60.0,1.31,1,88056
1176571,58.24,58.24,59.07,61.35,0,0,24.95,22.01,56.92,0.92,1.34,60045,1,31.21,60.0,1.31,1,88556
1177081,58.24,58.24,59.07,61.35,0,0,24.95,22.01,56.92,0.92,1.34,60045,1,31.21,60.0,1.31,1,89056
1177590,58.23,58.24,59.07,61.35,0,0,25.1,22.01,56.92,0.92,1.34,60045,1,31.21,60.0,1.31,1,89556
1178099,58.23,58.23,59.07,61.35,0,0,25.1,22.01,56.92,0.92,1.34,60045,1,31.21,60.0,1.31,1,90056
1178608,58.23,58.23,59.07,61.35,0,0,25.1,22.01,56.92,0.92,1.34,60045,1,31.21,60.0,1.31,1,90556
1179117,58.24,58.24,59.07,61.35,0,0,24.95,22.01,56.92,0.92,1.34,60045,1,31.21,60.0,1.31,1,91056
1179626,58.29,58.24,59.07,61.35,0,0,25.61,22.01,56.92,0.92,1.34,60045,1,31.2,60.0,1.31,1,91556
1180135,58.29,58.27,59.07,61.35,0,0,25.61,22.01,56.92,0.92,1.34,60045,1,31.2,60.0,1.34,1,92056
1180644,58.29,58.28,59.07,61.35,0,0,25.61,22.01,56.92,0.92,1.34,60045,1,31.2,60.0,1.35,1,92556
1181153,58.27,58.29,59.07,61.35,0,0,25.32,22.01,56.92,0.92,1.34,60045,1,31.2,60.0,1.36,1,93056
1181662,58.27,58.28,59.07,61.35,0,0,25.32,22.0,56.92,0.92,1.34,60045,1,31.2,60.0,1.35,1,93556
1182171,58.27,58.27,59.07,61.35,0,0,25.32,22.0,56.92,0.92,1.34,60045,1,31.2,60.0,1.34,1,94056
1182680,58.28,58.28,59.07,61.35,0,0,25.21,22.01,56.92,0.92,1.34,60045,1,31.2,60.0,1.35,1,94556
1183189,58.35,58.28,59.07,61.35,0,0,24.99,22.01,56.92,0.92,1.34,60045,1,31.23,60.0,1.35,1,95056
1183698,58.35,58.31,59.07,61.35,0,0,24.99,22.05,56.92,0.92,1.34,60045,1,31.23,60.0,1.39,1,95556
1184207,58.36,58.33,59.07,61.35,0,0,25.21,22.05,56.92,0.92,1.34,60045,1,31.21,60.0,1.4,1,96056
1184716,58.36,58.34,59.07,61.35,0,0,25.21,22.04,56.92,0.92,1.34,60045,1,31.21,60.0,1.42,1,96556
1185225,58.36,58.35,59.07,61.35,0,0,25.45,22.04,56.92,0.92,1.34,60045,1,31.21,60.0,1.42,1,97056
1185734,58.39,58.35,59.07,61.35,0,0,25.56,22.04,56.92,0.92,1.34,60045,1,31.2,60.0,1.43,1,97556
1186243,58.39,58.37,59.07,61.35,0,0,25.56,22.04,56.92,0.92,1.34,60045,1,31.2,60.0,1.45,1,98056
1186752,58.39,58.38,59.07,61.35,0,0,25.56,22.04,56.92,0.92,1.34,60045,1,31.2,60.0,1.46,1,98556
1187261,58.39,58.39,59.07,61.35,0,0,25.01,22.04,56.92,0.92,1.34,60045,1,31.2,60.0,1.46,1,99056
1187770,58.43,58.39,59.07,61.35,0,0,25.59,22.04,56.92,0.92,1.34,60045,1,31.2,60.0,1.46,1,99556
1188279,58.43,58.41,59.07,61.35,0,0,25.59,22.05,56.92,0.92,1.34,60045,1,31.2,60.0,1.48,1,100056
1188788,58.42,58.42,59.07,61.35,0,0,25.45,22.06,56.92,0.92,1.34,60045,1,31.21,60.0,1.49,1,101059
1189297,58.42,58.42,59.07,61.35,0,0,25.43,22.05,56.92,0.92,1.34,60045,1,31.2,60.0,1.49,1,101559
1189806,58.42,58.42,59.07,61.35,0,0,25.43,22.05,56.92,0.92,1.34,60045,1,31.2,60.0,1.49,1,102059
1190315,58.48,58.45,59.07,61.35,0,0,25.63,22.08,56.92,0.92,1.34,60045,1,31.21,60.0,1.52,1,102559
1190824,58.48,58.46,59.07,61.35,0,0,25.63,22.06,56.92,0.92,1.34,60045,1,31.2,60.0,1.54,1,103062
1191333,58.48,58.47,59.07,61.35,0,0,25.63,22.06,56.92,0.92,1.34,60045,1,31.2,60.0,1.54,1,103562
1191842,58.48,58.48,59.07,61.35,0,0,25.14,22.09,56.92,0.92,1.34,60045,1,31.23,60.0,1.55,1,104062
1192351,58.48,58.48,59.07,61.35,0,0,25.14,22.09,56.92,0.92,1.34,60045,1,31.23,60.0,1.55,1,104562
1192860,58.48,58.48,59.07,61.35,0,0,25.14,22.09,56.92,0.92,1.34,60045,1,31.23,60.0,1.55,1,105062
1193369,58.48,58.48,59.07,61.35,0,0,25.14,22.09,56.92,0.92,1.34,60045,1,31.23,60.0,1.55,1,105562
1193878,58.48,58.48,59.07,61.35,0,0,25.14,22.09,56.92,0.92,1.34,60045,1,31.23,60.0,1.56,1,106062
1194387,58.48,58.48,59.07,61.35,0,0,25.14,22.09,56.92,0.92,1.34,60045,1,31.23,60.0,1.56,1,106562
1194896,58.54,58.51,59.07,61.35,0,0,25.92,22.08,56.92,0.92,1.34,60045,1,31.2,60.0,1.59,1,107071
1195405,58.54,58.53,59.07,61.35,0,0,25.92,22.08,56.92,0.92,1.34,60045,1,31.2,60.0,1.6,1,107571
1195914,58.55,58.54,59.07,61.35,0,0,25.94,22.09,56.92,0.92,1.34,60045,1,31.21,60.0,1.61,1,108071
1196423,58.55,58.54,59.07,61.35,0,0,25.94,22.09,56.92,0.92,1.34,60045,1,31.21,60.0,1.61,1,108571
1196932,58.55,58.54,59.07,61.35,0,0,25.94,22.09,56.92,0.92,1.34,60045,1,31.21,60.0,1.62,1,109071
1197441,58.57,58.56,59.07,61.35,0,0,25.89,22.1,56.92,0.92,1.34,60045,1,31.21,60.0,1.63,1,109571
1197950,58.57,58.56,59.07,61.35,0,0,25.89,22.1,56.92,0.92,1.34,60045,1,31.21,60.0,1.64,1,110071
1198459,58.62,58.57,59.07,61.35,0,0,26.12,22.1,56.92,0.92,1.34,60045,1,31.21,60.0,1.64,1,110571
1198968,58.62,58.59,59.07,61.35,0,0,26.12,22.12,56.92,0.92,1.34,60045,1,31.21,60.0,1.67,1,111071
1199477,58.63,58.61,59.07,61.35,0,0,25.87,22.12,56.92,0.92,1.34,60045,1,31.2,60.0,1.68,1,111571
1199986,58.63,58.62,59.07,61.35,0,0,25.87,22.11,56.92,0.92,1.34,60045,1,31.2,60.0,1.69,1,112071
1200495,58.68,58.65,59.07,61.35,0,0,26.09,22.13,56.92,0.92,1.34,60045,1,31.21,60.0,1.72,1,112580
1201004,58.68,58.67,59.07,61.35,0,0,26.09,22.13,56.92,0.92,1.34,60045,1,31.21,60.0,1.74,1,113080
1201513,58.71,58.67,59.07,61.35,0,0,25.96,22.13,56.92,0.92,1.34,60045,1,31.21,60.0,1.75,1,113580
1202022,58.71,58.69,59.07,61.35,0,0,25.96,22.14,56.92,0.92,1.34,60045,1,31.21,60.0,1.76,1,114080
1202531,58.71,58.7,59.07,61.35,0,0,26.16,22.16,56.92,0.92,1.34,60045,1,31.23,60.0,1.77,1,114580
1203040,58.71,58.71,59.07,61.35,0,0,26.16,22.16,56.92,0.92,1.34,60045,1,31.23,60.0,1.78,1,115080
1203553,58.74,58.71,59.07,61.35,0,0,26.16,22.16,56.92,0.92,1.34,60045,1,31.2,60.0,1.78,1,115580
1204063,58.74,58.73,59.07,61.35,0,0,26.16,22.14,56.92,0.92,1.34,60045,1,31.2,60.0,1.8,1,116080
1204572,58.76,58.74,59.07,61.35,0,0,26.18,22.15,56.92,0.92,1.34,60045,1,31.21,60.0,1.81,1,116580
1205081,58.76,58.75,59.07,61.35,0,0,26.43,22.15,56.92,0.92,1.34,60045,1,31.21,60.0,1.82,1,117080
1205590,58.76,58.75,59.07,61.35,0,0,26.43,22.15,56.92,0.92,1.34,60045,1,31.21,60.0,1.83,1,117580
1206099,58.78,58.76,59.07,61.35,0,0,26.14,22.15,56.92,0.92,1.34,60045,1,31.2,60.0,1.83,1,118080
1206608,58.78,58.77,59.07,61.35,0,0,26.14,22.15,56.92,0.92,1.34,60045,1,31.2,60.0,1.84,1,118580
1207117,58.78,58.77,59.07,61.35,0,0,26.14,22.15,56.92,0.92,1.34,60045,1,31.2,60.0,1.85,1,119080
1207626,58.84,58.78,59.07,61.35,0,0,26.18,22.15,56.92,0.92,1.34,60045,1,31.23,60.0,1.85,1,119580
1208135,58.84,58.81,59.07,61.35,0,0,26.18,22.19,56.92,0.92,1.34,60045,1,31.23,60.0,1.88,1,120080
1208644,58.87,58.82,59.07,61.35,0,0,26.18,22.19,56.92,0.92,1.34,60045,1,31.23,60.0,1.89,1,120580
1209153,58.87,58.85,59.07,61.35,0,0,26.18,22.2,56.92,0.92,1.34,60045,1,31.23,60.0,1.92,1,121080
1209662,58.89,58.86,59.07,61.35,0,0,26.34,22.2,56.92,0.92,1.34,60045,1,31.21,60.0,1.93,1,121580
1210171,58.89,58.88,59.07,61.35,0,0,26.34,22.19,56.92,0.92,1.34,60045,1,31.21,60.0,1.95,1,122080
1210680,58.89,58.89,59.07,61.35,0,0,26.34,22.19,56.92,0.92,1.34,60045,1,31.21,60.0,1.96,1,122580
1211189,58.89,58.89,59.07,61.35,0,0,26.34,22.19,56.92,0.92,1.34,60045,1,31.21,60.0,1.96,1,123080
1211698,58.92,58.91,59.07,61.35,0,0,26.32,22.21,56.92,0.92,1.34,60045,1,31.23,60.0,1.98,1,123580
1212207,58.98,58.91,59.07,61.35,0,0,26.47,22.21,56.92,0.92,1.34,60045,1,31.24,60.0,1.99,1,124080
1212716,58.98,58.95,59.07,61.35,0,0,26.47,22.24,56.92,0.92,1.34,60045,1,31.24,60.0,2.02,1,124580
1213225,58.98,58.96,59.07,61.35,0,0,26.47,22.24,56.92,0.92,1.34,60045,1,31.24,60.0,2.03,1,125080
1213734,58.96,58.97,59.07,61.35,0,0,26.4,22.24,56.92,0.92,1.34,60045,1,31.24,60.0,2.04,1,125580
1214243,58.97,58.96,59.07,61.35,0,0,26.52,22.24,56.92,0.92,1.34,60045,1,31.23,60.0,2.04,1,126080
1214752,58.97,58.97,59.07,61.35,0,0,26.52,22.23,56.92,0.92,1.34,60045,1,31.23,60.0,2.04,1,126580
1215261,58.97,58.97,59.07,61.35,0,0,26.52,22.23,56.92,0.92,1.34,60045,1,31.23,60.0,2.04,1,127080
1215770,58.97,58.97,59.07,61.35,0,0,26.52,22.23,56.92,0.92,1.34,60045,1,31.23,60.0,2.04,1,127580
1216279,59.07,58.97,59.07,61.35,0,0,26.6,22.23,56.92,0.92,1.34,60045,1,31.23,60.0,2.04,1,128080
1216788,59.07,59.02,59.07,61.35,0,0,26.6,22.26,56.92,0.92,1.34,60045,1,31.23,60.0,2.1,1,128580
1217297,59.12,59.05,59.07,61.35,0,0,25.92,22.26,56.92,0.92,1.34,60045,1,31.25,60.0,2.12,1,129080
1217806,59.12,59.08,59.07,61.35,1,0,25.92,22.29,56.92,0.92,1.34,129580,0,31.25,60.0,2.16,0,0
1218315,59.12,59.11,59.07,61.5,1,0,25.92,22.29,59.11,0.92,1.49,129580,0,31.25,60.0,0.0,0,1006
1218824,59.1,59.1,59.07,61.5,1,0,26.8,22.28,59.11,0.92,1.49,129580,0,31.24,60.0,0.0,0,1506
1219333,59.13,59.12,59.07,61.5,1,0,26.63,22.26,59.12,0.92,1.49,129580,0,31.21,60.0,0.0,0,2006
1219842,59.13,59.13,59.07,61.5,1,0,26.63,22.26,59.13,0.92,1.49,129580,0,31.21,60.0,0.0,0,2506
1220351,59.18,59.15,59.07,61.5,1,0,26.58,22.31,59.15,0.92,1.49,129580,0,31.25,60.0,0.0,0,3006
1220860,59.18,59.16,59.07,61.5,1,0,26.58,22.31,59.16,0.92,1.49,129580,0,31.25,60.0,0.0,0,3506
1221369,59.21,59.17,59.07,61.5,1,0,26.49,22.31,59.17,0.92,1.49,129580,0,31.24,60.0,0.0,0,4006
1221878,59.21,59.19,59.07,61.5,1,0,26.49,22.31,59.19,0.92,1.49,129580,0,31.24,60.0,0.0,0,4506
1222387,59.25,59.2,59.07,61.5,1,0,26.72,22.31,59.2,0.92,1.49,129580,0,31.24,60.0,0.0,0,5006
1222896,59.25,59.23,59.07,61.5,1,0,26.72,22.32,59.23,0.92,1.49,129580,0,31.24,60.0,0.0,0,5506
1223405,59.25,59.24,59.07,61.5,1,0,26.72,22.32,59.24,0.92,1.49,129580,0,31.24,60.0,0.0,0,6006
1223914,59.25,59.24,59.07,61.5,1,0,26.72,22.32,59.24,0.92,1.49,129580,0,31.24,60.0,0.0,0,6506
1224423,59.27,59.26,59.07,61.5,1,0,26.32,22.32,59.26,0.92,1.49,129580,0,31.24,60.0,0.0,0,7006
1224932,59.27,59.27,59.07,61.5,1,0,26.23,22.32,59.27,0.92,1.49,129580,0,31.21,60.0,0.0,0,7506
1225441,59.27,59.27,59.07,61.5,1,0,26.23,22.3,59.27,0.92,1.49,129580,0,31.21,60.0,0.0,0,8006
1225950,59.33,59.27,59.07,61.5,1,0,25.94,22.3,59.27,0.92,1.49,129580,0,31.21,60.0,0.0,0,8506
1226459,59.33,59.3,59.07,61.5,1,0,25.94,22.31,59.3,0.92,1.49,129580,0,31.21,60.0,0.0,0,9006
1226968,59.38,59.34,59.07,61.5,1,0,25.98,22.37,59.34,0.92,1.49,129580,0,31.25,60.0,0.0,0,9506
1227477,59.38,59.36,59.07,61.5,1,0,25.98,22.37,59.36,0.92,1.49,129580,0,31.25,60.0,0.0,0,10006
1227986,59.36,59.36,59.07,61.5,1,0,25.63,22.34,59.36,0.92,1.49,129580,0,31.23,60.0,0.0,0,10506
1228495,59.41,59.39,59.07,61.5,1,0,25.65,22.34,59.39,0.92,1.49,129580,0,31.21,60.0,0.0,0,11006
1229004,59.41,59.4,59.07,61.5,1,0,25.65,22.34,59.4,0.92,1.49,129580,0,31.21,60.0,0.0,0,11506
1229513,59.45,59.42,59.07,61.5,1,0,25.78,22.37,59.42,0.92,1.49,129580,0,31.24,60.0,0.0,0,12011
1230022,59.46,59.44,59.07,61.5,1,0,24.75,22.37,59.44,0.92,1.49,129580,0,31.23,60.0,0.0,0,12511
1230531,59.46,59.45,59.07,61.5,1,0,24.75,22.36,59.45,0.92,1.49,129580,0,31.23,60.0,0.0,0,13011
1231040,59.46,59.46,59.07,61.5,1,0,24.75,22.36,59.46,0.92,1.49,129580,0,31.23,60.0,0.0,0,13511
1231549,59.47,59.46,59.07,61.5,1,0,25.17,22.37,59.46,0.92,1.49,129580,0,31.23,60.0,0.0,0,14011
1232058,59.47,59.47,59.07,61.5,1,0,25.17,22.37,59.47,0.92,1.49,129580,0,31.23,60.0,0.0,0,14511
1232567,59.53,59.5,59.07,61.5,1,0,24.95,22.39,59.5,0.92,1.49,129580,0,31.24,60.0,0.0,0,15011
1233080,59.59,59.51,59.07,61.5,1,0,24.95,22.39,59.51,0.92,1.49,129580,0,31.24,60.0,0.0,0,15511
1233589,59.59,59.55,59.07,61.5,1,0,24.95,22.41,59.55,0.92,1.49,129580,0,31.24,60.0,0.0,0,16011
1234098,59.6,59.57,59.07,61.5,1,0,24.57,22.41,59.57,0.92,1.49,129580,0,31.23,60.0,0.0,0,16511
1234607,59.6,59.58,59.07,61.5,1,0,24.57,22.4,59.58,0.92,1.49,129580,0,31.23,60.0,0.0,0,17011
1235116,59.64,59.59,59.07,61.5,1,0,24.42,22.4,59.59,0.92,1.49,129580,0,31.24,60.0,0.0,0,17511
1235625,59.64,59.62,59.07,61.5,1,0,24.42,22.43,59.62,0.92,1.49,129580,0,31.24,60.0,0.0,0,18011
1236134,59.68,59.65,59.07,61.5,1,0,24.35,22.45,59.65,0.92,1.49,129580,0,31.25,60.0,0.0,0,18511
1236643,59.65,59.66,59.07,61.5,1,0,23.74,22.45,59.66,0.92,1.49,129580,0,31.23,60.0,0.0,0,19011
1237152,59.65,59.66,59.07,61.5,1,0,23.74,22.42,59.66,0.92,1.49,129580,0,31.23,60.0,0.0,0,19511
1237661,59.71,59.68,59.07,61.5,1,0,24.0,22.46,59.68,0.92,1.49,129580,0,31.25,60.0,0.0,0,20011
1238170,59.74,59.7,59.07,61.5,1,0,23.92,22.46,59.7,0.92,1.49,129580,0,31.25,60.0,0.0,0,20511
1238679,59.74,59.72,59.07,61.5,1,0,23.92,22.47,59.72,0.92,1.49,129580,0,31.25,60.0,0.0,0,21011
1239188,59.78,59.75,59.07,61.5,1,0,23.61,22.46,59.75,0.92,1.49,129580,0,31.24,60.0,0.0,0,21511
1239697,59.83,59.79,59.07,61.5,1,0,23.65,22.48,59.79,0.92,1.49,129580,0,31.24,60.0,0.0,0,22025
1240209,59.83,59.81,59.07,61.5,1,0,23.65,22.48,59.81,0.92,1.49,129580,0,31.24,60.0,0.0,0,22525
1240718,59.82,59.82,59.07,61.5,1,0,23.57,22.48,59.82,0.92,1.49,129580,0,31.23,60.0,0.0,0,23025
1241227,59.82,59.82,59.07,61.5,1,0,23.57,22.46,59.82,0.92,1.49,129580,0,31.23,60.0,0.0,0,23525
1241736,59.82,59.82,59.07,61.5,1,0,23.57,22.46,59.82,0.92,1.49,129580,0,31.23,60.0,0.0,0,24025
1242245,59.82,59.82,59.07,61.5,1,0,23.57,22.46,59.82,0.92,1.49,129580,0,31.23,60.0,0.0,0,24525
1242754,59.86,59.82,59.07,61.5,1,0,22.85,22.46,59.82,0.92,1.49,129580,0,31.23,60.0,0.0,0,25025
1243263,59.86,59.84,59.07,61.5,1,0,22.85,22.47,59.84,0.92,1.49,129580,0,31.23,60.0,0.0,0,25525
1243772,59.94,59.85,59.07,61.5,1,0,23.05,22.47,59.85,0.92,1.49,129580,0,31.24,60.0,0.0,0,26025
1244281,59.94,59.9,59.07,61.5,1,0,23.22,22.51,59.9,0.92,1.49,129580,0,31.24,60.0,0.0,0,26525
1244790,59.94,59.92,59.07,61.5,1,0,23.22,22.51,59.92,0.92,1.49,129580,0,31.24,60.0,0.0,0,27025
1245299,59.96,59.93,59.07,61.5,1,0,22.89,22.51,59.93,0.92,1.49,129580,0,31.25,60.0,0.0,0,27525
1245808,59.96,59.94,59.07,61.5,1,0,22.89,22.53,59.94,0.92,1.49,129580,0,31.25,60.0,0.0,0,28025
1246317,59.96,59.95,59.07,61.5,1,0,22.59,22.53,59.95,0.92,1.49,129580,0,31.24,60.0,0.0,0,28525
1246826,59.96,59.96,59.07,61.5,1,0,22.59,22.52,59.96,0.92,1.49,129580,0,31.24,60.0,0.0,0,29025
1247335,60.03,59.99,59.07,61.5,1,0,22.55,22.53,59.99,0.92,1.49,129580,0,31.24,60.0,0.0,0,30026
1247844,60.03,60.01,59.07,61.5,1,0,22.55,22.53,60.01,0.92,1.49,129580,0,31.24,60.0,0.0,0,30526
1248353,60.03,60.02,59.07,61.5,1,0,22.26,22.53,60.02,0.92,1.49,129580,0,31.24,60.0,0.0,0,31026
1248862,60.08,60.05,59.07,61.5,1,0,22.13,22.55,60.05,0.92,1.49,129580,0,31.24,60.0,0.0,0,31526
1249371,60.08,60.06,59.07,61.5,1,0,22.13,22.55,60.06,0.92,1.49,129580,0,31.24,60.0,0.0,0,32026
1249880,60.07,60.06,59.07,61.5,1,0,21.92,22.56,60.06,0.92,1.49,129580,0,31.25,60.0,0.0,0,32526
1250389,60.07,60.07,59.07,61.5,1,0,21.92,22.56,60.07,0.92,1.49,129580,0,31.25,60.0,0.0,0,33026
1250898,60.12,60.09,59.07,61.5,1,0,21.64,22.57,60.09,0.92,1.49,129580,0,31.25,60.0,0.0,0,33526
1251407,60.12,60.1,59.07,61.5,1,0,21.64,22.57,60.1,0.92,1.49,129580,0,31.25,60.0,0.0,0,34026
1251916,60.19,60.15,59.07,61.5,1,0,21.68,22.58,60.15,0.92,1.49,129580,0,31.24,60.0,0.0,0,34526
1252425,60.19,60.17,59.07,61.5,1,0,21.68,22.58,60.17,0.92,1.49,129580,0,31.24,60.0,0.0,0,35026
1252934,60.2,60.18,59.07,61.5,1,0,21.14,22.58,60.18,0.92,1.49,129580,0,31.24,60.0,0.0,0,35526
1253443,60.23,60.21,59.07,61.5,1,0,21.51,22.6,60.21,0.92,1.49,129580,0,31.25,60.0,0.0,0,36026
1253952,60.23,60.22,59.07,61.5,1,0,21.51,22.6,60.22,0.92,1.49,129580,0,31.25,60.0,0.0,0,36526
1254461,60.23,60.22,59.07,61.5,1,0,21.29,22.59,60.22,0.92,1.49,129580,0,31.24,60.0,0.0,0,37026
1254970,60.23,60.22,59.07,61.5,1,0,21.29,22.59,60.22,0.92,1.49,129580,0,31.24,60.0,0.0,0,37526
1255479,60.28,60.22,59.07,61.5,1,0,21.22,22.59,60.22,0.92,1.49,129580,0,31.24,60.0,0.0,0,38026
1255988,60.28,60.25,59.07,61.5,1,0,21.22,22.6,60.25,0.92,1.49,129580,0,31.24,60.0,0.0,0,38526
1256497,60.33,60.29,59.07,61.5,1,0,20.94,22.61,60.29,0.92,1.49,129580,0,31.24,60.0,0.0,0,39026
1257006,60.33,60.31,59.07,61.5,1,0,20.94,22.61,60.31,0.92,1.49,129580,0,31.24,60.0,0.0,0,39526
1257515,60.39,60.35,59.07,61.5,1,0,20.66,22.63,60.35,0.92,1.49,129580,0,31.24,60.0,0.0,0,40026
1258024,60.39,60.37,59.07,61.5,1,0,20.71,22.63,60.37,0.92,1.49,129580,0,31.24,60.0,0.0,0,40526
1258533,60.39,60.38,59.07,61.5,1,0,20.71,22.63,60.38,0.92,1.49,129580,0,31.24,60.0,0.0,0,41026
1259042,60.4,60.39,59.07,61.5,1,0,20.71,22.62,60.39,0.92,1.49,129580,0,31.23,60.0,0.0,0,41526
1259551,60.44,60.42,59.07,61.5,1,0,20.51,22.65,60.42,0.92,1.49,129580,0,31.24,60.0,0.0,0,42026
1260061,60.44,60.43,59.07,61.5,1,0,20.51,22.65,60.43,0.92,1.49,129580,0,31.24,60.0,0.0,0,42526
1260570,60.44,60.43,59.07,61.5,1,0,20.51,22.65,60.43,0.92,1.49,129580,0,31.24,60.0,0.0,0,43026
1261079,60.54,60.49,59.07,61.5,1,0,20.3,22.67,60.49,0.92,1.49,129580,0,31.24,60.0,0.0,0,43526
1261588,60.57,60.51,59.07,61.5,1,0,20.34,22.67,60.51,0.92,1.49,129580,0,31.25,60.0,0.0,0,44026
1262097,60.57,60.54,59.07,61.5,1,0,20.34,22.69,60.54,0.92,1.49,129580,0,31.25,60.0,0.0,0,44527
1262622,60.68,60.55,59.07,61.5,1,0,20.04,22.69,60.55,0.92,1.49,129580,0,31.24,60.0,0.0,0,45027
1263131,60.68,60.62,59.07,61.5,1,0,20.04,22.71,60.62,0.92,1.49,129580,0,31.24,60.0,0.0,0,45527
1263640,60.65,60.63,59.07,61.5,1,0,19.95,22.7,60.63,0.92,1.49,129580,0,31.24,60.0,0.0,0,46027
1264149,60.65,60.64,59.07,61.5,1,0,19.95,22.7,60.64,0.92,1.49,129580,0,31.24,60.0,0.0,0,46527
1264658,60.75,60.65,59.07,61.5,1,0,19.78,22.7,60.65,0.92,1.49,129580,0,31.23,60.0,0.0,0,47027
1265167,60.75,60.7,59.07,61.5,1,0,19.78,22.72,60.7,0.92,1.49,129580,0,31.23,60.0,0.0,0,47527
1265676,60.74,60.72,59.07,61.5,1,0,19.8,22.74,60.72,0.92,1.49,129580,0,31.25,60.0,0.0,0,48027
1266185,60.74,60.73,59.07,61.5,1,0,19.8,22.74,60.73,0.92,1.49,129580,0,31.25,60.0,0.0,0,48527
1266694,60.81,60.74,59.07,61.5,1,0,19.63,22.74,60.74,0.92,1.49,129580,0,31.24,60.0,0.0,0,49027
1267203,60.81,60.78,59.07,61.5,1,0,19.63,22.75,60.78,0.92,1.49,129580,0,31.24,60.0,0.0,0,49527
1267712,60.81,60.79,59.07,61.5,1,0,19.63,22.75,60.79,0.92,1.49,129580,0,31.24,60.0,0.0,0,50027
1268221,60.81,60.8,59.07,61.5,1,0,19.63,22.75,60.8,0.92,1.49,129580,0,31.24,60.0,0.0,0,50527
1268730,60.94,60.81,59.07,61.5,1,0,19.59,22.75,60.81,0.92,1.49,129580,0,31.25,60.0,0.0,0,51027
1269239,60.94,60.87,59.07,61.5,1,0,19.59,22.79,60.87,0.92,1.49,129580,0,31.25,60.0,0.0,0,51527
1269748,60.94,60.91,59.07,61.5,1,0,19.59,22.79,60.91,0.92,1.49,129580,0,31.25,60.0,0.0,0,52027
1270257,60.99,60.92,59.07,61.5,1,0,19.11,22.79,60.92,0.92,1.49,129580,0,31.24,60.0,0.0,0,52527
1270766,61.01,60.96,59.07,61.5,1,0,19.07,22.79,60.96,0.92,1.49,129580,0,31.25,60.0,0.0,0,53027
1271280,61.04,60.98,59.07,61.5,1,0,19.0,22.81,60.98,0.92,1.49,129580,0,31.27,60.0,0.0,0,53527
1271789,61.04,61.01,59.07,61.5,1,0,19.0,22.83,61.01,0.92,1.49,129580,0,31.27,60.0,0.0,0,54027
1272298,61.07,61.03,59.07,61.5,1,0,18.9,22.83,61.03,0.92,1.49,129580,0,31.25,60.0,0.0,0,54527
1272807,61.1,61.05,59.07,61.5,1,0,18.4,22.83,61.05,0.92,1.49,129580,0,31.27,60.0,0.0,0,55027
1273316,61.1,61.07,59.07,61.5,1,1,18.77,22.85,61.07,0.92,1.49,129580,0,31.27,60.0,0.0,1,55527
1273825,61.1,61.08,59.07,61.5,1,1,18.77,22.85,61.08,0.92,1.49,129580,0,31.27,60.0,0.0,1,56027
1274334,61.1,61.09,59.07,61.5,1,1,18.77,22.85,61.09,0.92,1.49,129580,0,31.27,60.0,0.0,1,56527
1274843,61.1,61.09,59.07,61.5,1,1,18.77,22.85,61.09,0.92,1.49,129580,0,31.27,60.0,0.0,1,57038
1275352,61.1,61.09,59.07,61.5,1,1,18.77,22.85,61.09,0.92,1.49,129580,0,31.27,60.0,0.0,1,58043
1275861,61.18,61.14,59.07,61.5,1,1,18.94,22.86,61.14,0.92,1.49,129580,0,31.25,60.0,0.0,1,58543
1276370,61.12,61.13,59.07,61.5,1,1,19.11,22.82,61.14,0.92,1.49,129580,0,31.23,60.0,0.0,1,59043
1276879,61.12,61.13,59.07,61.5,1,1,19.11,22.82,61.14,0.92,1.49,129580,0,31.23,60.0,0.0,1,59543
1277388,60.91,61.02,59.07,61.5,1,1,19.18,22.75,61.14,0.92,1.49,129580,0,31.21,60.0,0.11,1,60043
1277897,60.74,60.88,59.07,61.5,0,1,19.52,22.7,61.14,0.92,1.49,60543,0,31.21,60.0,0.26,1,0
1278405,60.74,60.81,59.03,61.5,0,1,19.52,22.7,60.81,0.96,1.49,60543,0,31.21,60.0,0.0,1,500
1278914,60.25,60.53,59.03,61.5,0,1,19.52,22.57,60.53,0.96,1.49,60543,0,31.21,60.0,0.0,1,1000
1279423,60.25,60.39,59.03,61.5,0,1,19.52,22.57,60.39,0.96,1.49,60543,0,31.21,60.0,0.0,1,1500
1279932,60.25,60.32,59.03,61.5,0,1,19.52,22.57,60.32,0.96,1.49,60543,0,31.21,60.0,0.0,1,2000
1280441,59.79,60.05,59.03,61.5,0,0,19.65,22.39,60.05,0.96,1.49,60543,0,31.16,60.0,0.0,1,2500
1280954,59.31,59.92,59.03,61.5,0,0,19.65,22.39,59.92,0.96,1.49,60543,0,31.17,60.0,0.0,1,3000
1281463,59.31,59.62,59.03,61.5,0,0,19.65,22.27,59.62,0.96,1.49,60543,0,31.17,60.0,0.0,1,3502
1281972,59.0,59.31,59.03,61.5,0,0,19.28,22.18,59.31,0.96,1.49,60543,0,31.17,60.0,0.0,1,4003
1282481,58.65,58.98,59.03,61.5,0,0,19.59,22.09,58.98,0.96,1.49,60543,0,31.17,60.0,0.0,1,4504
1282990,58.33,58.66,59.03,61.5,0,0,19.44,21.96,58.66,0.96,1.49,60543,0,31.13,60.0,0.0,1,5005
1283499,58.07,58.49,59.03,61.5,0,0,19.33,21.96,58.49,0.96,1.49,60543,0,31.16,60.0,0.0,1,5505
1284008,58.07,58.28,59.03,61.5,0,0,19.33,21.91,58.28,0.96,1.49,60543,0,31.16,60.0,0.0,1,6005
1284518,58.07,58.18,59.03,61.5,0,0,19.33,21.91,58.18,0.96,1.49,60543,0,31.16,60.0,0.0,1,6505
1285027,58.07,58.13,59.03,61.5,0,0,19.33,21.91,58.13,0.96,1.49,60543,0,31.16,60.0,0.0,1,7005
1285536,57.81,57.97,59.03,61.5,0,0,19.03,21.82,57.97,0.96,1.49,60543,0,31.14,60.0,0.0,1,7505
1286045,57.76,57.89,59.03,61.5,0,0,19.22,21.82,57.89,0.96,1.49,60543,0,31.16,60.0,0.0,1,8005
1286554,57.76,57.82,59.03,61.5,0,0,19.22,21.82,57.82,0.96,1.49,60543,0,31.16,60.0,0.0,1,8505
1287065,57.76,57.79,59.03,61.5,0,0,19.22,21.82,57.79,0.96,1.49,60543,0,31.16,60.0,0.0,1,9005
1287575,57.67,57.73,59.03,61.5,0,0,19.05,21.76,57.73,0.96,1.49,60543,0,31.12,60.0,0.0,1,9505
1288084,57.65,57.7,59.03,61.5,0,0,19.07,21.76,57.7,0.96,1.49,60543,0,31.16,60.0,0.0,1,10005
1288593,57.65,57.67,59.03,61.5,0,0,19.07,21.79,57.67,0.96,1.49,60543,0,31.16,60.0,0.0,1,10506
1289102,57.62,57.65,59.03,61.5,0,0,18.94,21.78,57.65,0.96,1.49,60543,0,31.16,60.0,0.0,1,11006
1289611,57.62,57.63,59.03,61.5,0,0,18.94,21.78,57.63,0.96,1.49,60543,0,31.16,60.0,0.0,1,11506
1290120,57.62,57.63,59.03,61.5,0,0,19.13,21.76,57.63,0.96,1.49,60543,0,31.13,60.0,0.0,1,12006
1290629,57.58,57.61,59.03,61.5,0,0,19.37,21.76,57.61,0.96,1.49,60543,0,31.14,60.0,0.0,1,12506
1291138,57.62,57.59,59.03,61.5,0,0,19.2,21.76,57.59,0.96,1.49,60543,0,31.14,60.0,0.0,1,13006
1291647,57.61,57.61,59.03,61.5,0,0,19.31,21.77,57.59,0.96,1.49,60543,0,31.14,60.0,0.01,1,13506
1292156,57.61,57.61,59.03,61.5,0,0,19.31,21.76,57.59,0.96,1.49,60543,0,31.14,60.0,0.01,1,14006
1292665,57.61,57.61,59.03,61.5,0,0,19.31,21.76,57.59,0.96,1.49,60543,0,31.14,60.0,0.01,1,14506
1293174,57.54,57.57,59.03,61.5,0,0,19.39,21.72,57.57,0.96,1.49,60543,0,31.12,60.0,0.0,1,15006
1293683,57.47,57.56,59.03,61.5,0,0,19.37,21.72,57.56,0.96,1.49,60543,0,31.14,60.0,0.0,1,15506
1294192,57.47,57.51,59.03,61.5,0,0,19.37,21.73,57.51,0.96,1.49,60543,0,31.14,60.0,0.0,1,16006
1294701,57.47,57.49,59.03,61.5,0,0,19.37,21.73,57.49,0.96,1.49,60543,0,31.14,60.0,0.0,1,16506
1295210,57.49,57.49,59.03,61.5,0,0,19.65,21.76,57.49,0.96,1.49,60543,0,31.17,60.0,0.0,1,17006
1295719,57.48,57.49,59.03,61.5,0,0,19.48,21.76,57.49,0.96,1.49,60543,0,31.14,60.0,0.0,1,17506
1296228,57.48,57.49,59.03,61.5,0,0,19.48,21.73,57.49,0.96,1.49,60543,0,31.14,60.0,0.0,1,18006
1296737,57.48,57.48,59.03,61.5,0,0,19.76,21.73,57.48,0.96,1.49,60543,0,31.14,60.0,0.0,1,18506
1297246,57.51,57.48,59.03,61.5,0,0,19.74,21.73,57.48,0.96,1.49,60543,0,31.13,60.0,0.0,1,19006
1297755,57.51,57.5,59.03,61.5,0,0,19.74,21.72,57.48,0.96,1.49,60543,0,31.13,60.0,0.01,1,19506
1298263,57.51,57.5,59.03,61.5,0,0,19.74,21.72,57.48,0.96,1.49,60543,0,31.13,60.0,0.01,1,20006
1298772,57.51,57.5,59.03,61.5,0,0,19.8,21.72,57.48,0.96,1.49,60543,0,31.16,60.0,0.01,1,20506
1299281,57.51,57.51,59.03,61.5,0,0,19.8,21.75,57.48,0.96,1.49,60543,0,31.16,60.0,0.02,1,21006
1299790,57.55,57.53,59.03,61.5,0,0,19.91,21.74,57.48,0.96,1.49,60543,0,31.13,60.0,0.04,1,21506
1300299,57.59,57.54,59.03,61.5,0,0,20.08,21.74,57.48,0.96,1.49,60543,0,31.13,60.0,0.05,1,22006
1300808,57.59,57.57,59.03,61.5,0,0,20.08,21.75,57.48,0.96,1.49,60543,0,31.13,60.0,0.08,1,22506
1301317,57.59,57.58,59.03,61.5,0,0,20.08,21.75,57.48,0.96,1.49,60543,0,31.13,60.0,0.09,1,23006
1301826,57.65,57.59,59.03,61.5,0,0,20.77,21.75,57.48,0.96,1.49,60543,0,31.13,60.0,0.1,1,23506
1302335,57.65,57.62,59.03,61.5,0,0,20.77,21.77,57.48,0.96,1.49,60543,0,31.13,60.0,0.13,1,24006
1302844,57.67,57.64,59.03,61.5,0,0,20.12,21.77,57.48,0.96,1.49,60543,1,31.12,60.0,0.15,1,24506
1303353,57.67,57.65,59.03,61.5,0,0,20.12,21.76,57.48,0.96,1.49,60543,1,31.12,60.0,0.16,1,25006
1303862,57.72,57.69,59.03,61.5,0,0,20.38,21.78,57.48,0.96,1.49,60543,1,31.13,60.0,0.2,1,26010
1304371,57.72,57.71,59.03,61.5,0,0,20.43,21.81,57.48,0.96,1.49,60543,1,31.16,60.0,0.22,1,26510
1304880,57.74,57.73,59.03,61.5,0,0,20.43,21.8,57.48,0.96,1.49,60543,1,31.14,60.0,0.24,1,27010
1305389,57.74,57.73,59.03,61.5,0,0,20.43,21.8,57.48,0.96,1.49,60543,1,31.14,60.0,0.25,1,27510
1305898,57.74,57.74,59.03,61.5,0,0,20.43,21.8,57.48,0.96,1.49,60543,1,31.14,60.0,0.25,1,28010
1306407,57.8,57.77,59.03,61.5,0,0,20.58,21.85,57.48,0.96,1.49,60543,1,31.17,60.0,0.28,1,28510
1306916,57.8,57.79,59.03,61.5,0,0,20.58,21.85,57.48,0.96,1.49,60543,1,31.17,60.0,0.3,1,29010
1307425,57.84,57.81,59.03,61.5,0,0,20.73,21.82,57.48,0.96,1.49,60543,1,31.13,60.0,0.32,1,29510
1307934,57.84,57.83,59.03,61.5,0,0,20.73,21.82,57.48,0.96,1.49,60543,1,31.13,60.0,0.34,1,30010
1308443,57.88,57.85,59.03,61.5,0,0,20.9,21.87,57.48,0.96,1.49,60543,1,31.17,60.0,0.36,1,30510
1308952,57.85,57.85,59.03,61.5,0,0,21.03,21.84,57.48,0.96,1.49,60543,1,31.16,60.0,0.36,1,31010
1309461,57.85,57.85,59.03,61.5,0,0,21.03,21.84,57.48,0.96,1.49,60543,1,31.16,60.0,0.36,1,31510
1309970,57.92,57.89,59.03,61.5,0,0,21.05,21.87,57.48,0.96,1.49,60543,1,31.16,60.0,0.4,1,32010
1310479,57.9,57.9,59.03,61.5,0,0,20.94,21.87,57.48,0.96,1.49,60543,1,31.16,60.0,0.42,1,32510
1310988,57.9,57.9,59.03,61.5,0,0,20.94,21.86,57.48,0.96,1.49,60543,1,31.16,60.0,0.41,1,33010
1311497,57.93,57.92,59.03,61.5,0,0,21.68,21.87,57.48,0.96,1.49,60543,1,31.16,60.0,0.43,1,33510
1312006,57.98,57.93,59.03,61.5,0,0,21.29,21.87,57.48,0.96,1.49,60543,1,31.17,60.0,0.44,1,34010
1312515,57.98,57.95,59.03,61.5,0,0,21.29,21.9,57.48,0.96,1.49,60543,1,31.17,60.0,0.46,1,34510
1313024,57.99,57.97,59.03,61.5,0,0,21.18,21.88,57.48,0.96,1.49,60543,1,31.16,60.0,0.48,1,35010
1313533,57.99,57.98,59.03,61.5,0,0,21.18,21.88,57.48,0.96,1.49,60543,1,31.16,60.0,0.49,1,35510
1314042,57.99,57.98,59.03,61.5,0,0,21.18,21.88,57.48,0.96,1.49,60543,1,31.16,60.0,0.49,1,36010
1314551,58.0,57.99,59.03,61.5,0,0,21.44,21.87,57.48,0.96,1.49,60543,1,31.14,60.0,0.5,1,36510
1315060,58.06,58.02,59.03,61.5,0,0,21.48,21.91,57.48,0.96,1.49,60543,1,31.16,60.0,0.54,1,37019
1315569,58.05,58.04,59.03,61.5,0,0,21.53,21.91,57.48,0.96,1.49,60543,1,31.16,60.0,0.55,1,37519
1316078,58.05,58.05,59.03,61.5,0,0,21.53,21.9,57.48,0.96,1.49,60543,1,31.16,60.0,0.56,1,38021
1316587,58.03,58.04,59.03,61.5,0,0,21.64,21.89,57.48,0.96,1.49,60543,1,31.14,60.0,0.55,1,38522
1317096,58.09,58.07,59.03,61.5,0,0,21.81,21.94,57.48,0.96,1.49,60543,1,31.18,60.0,0.58,1,39023
1317605,58.08,58.08,59.03,61.5,0,0,21.57,21.94,57.48,0.96,1.49,60543,1,31.16,60.0,0.59,1,39523
1318114,58.08,58.08,59.03,61.5,0,0,21.57,21.91,57.48,0.96,1.49,60543,1,31.16,60.0,0.59,1,40023
1318623,58.08,58.08,59.03,61.5,0,0,21.57,21.91,57.48,0.96,1.49,60543,1,31.16,60.0,0.59,1,40523
1319132,58.1,58.08,59.03,61.5,0,0,22.37,21.91,57.48,0.96,1.49,60543,1,31.14,60.0,0.59,1,41023
1319641,58.1,58.09,59.03,61.5,0,0,22.37,21.9,57.48,0.96,1.49,60543,1,31.14,60.0,0.6,1,41523
1320150,58.11,58.09,59.03,61.5,0,0,21.92,21.9,57.48,0.96,1.49,60543,1,31.14,60.0,0.6,1,42023
1320659,58.11,58.1,59.03,61.5,0,0,21.92,21.91,57.48,0.96,1.49,60543,1,31.14,60.0,0.61,1,42523
1321168,58.11,58.1,59.03,61.5,0,0,21.92,21.91,57.48,0.96,1.49,60543,1,31.14,60.0,0.61,1,43023
1321677,58.15,58.13,59.03,61.5,0,0,22.07,21.96,57.48,0.96,1.49,60543,1,31.18,60.0,0.64,1,43523
1322190,58.18,58.14,59.03,61.5,0,0,21.81,21.96,57.48,0.96,1.49,60543,1,31.18,60.0,0.65,1,44023
1322699,58.18,58.16,59.03,61.5,0,0,21.81,21.97,57.48,0.96,1.49,60543,1,31.18,60.0,0.67,1,44523
1323208,58.16,58.17,59.03,61.5,0,0,22.13,21.97,57.48,0.96,1.49,60543,1,31.17,60.0,0.68,1,45023
1323717,58.16,58.16,59.03,61.5,0,0,22.87,21.95,57.48,0.96,1.49,60543,1,31.17,60.0,0.68,1,45523
1324226,58.16,58.16,59.03,61.5,0,0,22.87,21.95,57.48,0.96,1.49,60543,1,31.17,60.0,0.67,1,46023
1324735,58.19,58.16,59.03,61.5,0,0,22.22,21.95,57.48,0.96,1.49,60543,1,31.16,60.0,0.67,1,46523
1325244,58.16,58.17,59.03,61.5,0,0,22.2,21.94,57.48,0.96,1.49,60543,1,31.16,60.0,0.69,1,47023
1325767,58.22,58.17,59.03,61.5,0,0,22.13,21.93,57.48,0.96,1.49,60543,1,31.18,60.0,0.68,1,47523
1326276,58.22,58.19,59.03,61.5,0,0,22.13,21.98,57.48,0.96,1.49,60543,1,31.18,60.0,0.7,1,48025
1326785,58.21,58.2,59.03,61.5,0,0,22.39,21.99,57.48,0.96,1.49,60543,1,31.2,60.0,0.71,1,48527
1327294,58.24,58.2,59.03,61.5,0,0,22.48,21.99,57.48,0.96,1.49,60543,1,31.16,60.0,0.71,1,49027
1327803,58.24,58.22,59.03,61.5,0,0,22.48,21.95,57.48,0.96,1.49,60543,1,31.16,60.0,0.73,1,49527
1328312,58.24,58.23,59.03,61.5,0,0,22.48,21.95,57.48,0.96,1.49,60543,1,31.16,60.0,0.74,1,50027
1328821,58.25,58.23,59.03,61.5,0,0,22.65,21.95,57.48,0.96,1.49,60543,1,31.18,60.0,0.74,1,50527
1329330,58.24,58.24,59.03,61.5,0,0,22.81,21.99,57.48,0.96,1.49,60543,1,31.18,60.0,0.75,1,51027
1329839,58.24,58.24,59.03,61.5,0,0,22.81,21.98,57.48,0.96,1.49,60543,1,31.18,60.0,0.75,1,51527
1330348,58.2,58.24,59.03,61.5,0,0,22.63,21.98,57.48,0.96,1.49,60543,1,31.17,60.0,0.75,1,52027
1330857,58.2,58.22,59.03,61.5,0,0,22.63,21.96,57.48,0.96,1.49,60543,1,31.17,60.0,0.73,1,52527
1331366,58.26,58.21,59.03,61.5,0,0,22.94,21.96,57.48,0.96,1.49,60543,1,31.18,60.0,0.72,1,53027
1331875,58.26,58.24,59.03,61.5,0,0,22.94,21.99,57.48,0.96,1.49,60543,1,31.18,60.0,0.75,1,53527
1332384,58.26,58.26,59.03,61.5,0,0,22.94,21.99,57.48,0.96,1.49,60543,1,31.18,60.0,0.77,1,54532
1332893,58.26,58.26,59.03,61.5,0,0,22.94,21.99,57.48,0.96,1.49,60543,1,31.18,60.0,0.77,1,55032
1333402,58.26,58.26,59.03,61.5,0,0,22.94,21.99,57.48,0.96,1.49,60543,1,31.18,60.0,0.77,1,55532
1333911,58.24,58.25,59.03,61.5,0,0,22.91,22.01,57.48,0.96,1.49,60543,1,31.21,60.0,0.76,1,56032
1334420,58.29,58.27,59.03,61.5,0,0,23.0,22.0,57.48,0.96,1.49,60543,1,31.18,60.0,0.78,1,56532
1334929,58.3,58.29,59.03,61.5,0,0,23.28,22.01,57.48,0.96,1.49,60543,1,31.2,60.0,0.8,1,57032
1335438,58.3,58.3,59.03,61.5,0,0,23.28,22.01,57.48,0.96,1.49,60543,1,31.2,60.0,0.81,1,57532
1335947,58.3,58.3,59.03,61.5,0,0,23.28,22.01,57.48,0.96,1.49,60543,1,31.2,60.0,0.81,1,58032
1336456,58.3,58.3,59.03,61.5,0,0,23.28,22.01,57.48,0.96,1.49,60543,1,31.2,60.0,0.81,1,58532
1336965,58.35,58.33,59.03,61.5,0,0,23.26,21.99,57.48,0.96,1.49,60543,1,31.16,60.0,0.84,1,59036
1337474,58.35,58.34,59.03,61.5,0,0,23.26,21.99,57.48,0.96,1.49,60543,1,31.16,60.0,0.85,1,59536
1337983,58.34,58.34,59.03,61.5,0,0,23.24,22.01,57.48,0.96,1.49,60543,1,31.18,60.0,0.85,1,60036
1338492,58.33,58.34,59.03,61.5,0,0,23.28,22.03,57.48,0.96,1.49,60543,1,31.21,60.0,0.85,1,60536
1339001,58.35,58.33,59.03,61.5,0,0,23.48,22.03,57.48,0.96,1.49,60543,1,31.18,60.0,0.84,1,61036
1339510,58.35,58.34,59.03,61.5,0,0,23.48,22.02,57.48,0.96,1.49,60543,1,31.18,60.0,0.85,1,61536
1340019,58.3,58.32,59.03,61.5,0,0,23.46,22.01,57.48,0.96,1.49,60543,1,31.2,60.0,0.83,1,62036
1340528,58.39,58.31,59.03,61.5,0,0,23.31,22.01,57.48,0.96,1.49,60543,1,31.17,60.0,0.82,1,62536
1341037,58.39,58.35,59.03,61.5,0,0,23.31,22.01,57.48,0.96,1.49,60543,1,31.17,60.0,0.86,1,63036
1341546,58.38,58.37,59.03,61.5,0,0,23.5,22.01,57.48,0.96,1.49,60543,1,31.2,60.0,0.88,1,63536
1342055,58.38,58.38,59.03,61.5,0,0,23.5,22.04,57.48,0.96,1.49,60543,1,31.2,60.0,0.89,1,64036
1342564,58.4,58.39,59.03,61.5,0,0,23.63,22.03,57.48,0.96,1.49,60543,1,31.18,60.0,0.9,1,64536
1343073,58.4,58.4,59.03,61.5,0,0,23.63,22.03,57.48,0.96,1.49,60543,1,31.18,60.0,0.91,1,65036
1343582,58.39,58.4,59.03,61.5,0,0,23.74,22.03,57.48,0.96,1.49,60543,1,31.18,60.0,0.91,1,65536
1344091,58.39,58.4,59.03,61.5,0,0,23.74,22.03,57.48,0.96,1.49,60543,1,31.18,60.0,0.91,1,66036
1344600,58.44,58.39,59.03,61.5,0,0,23.63,22.03,57.48,0.96,1.49,60543,1,31.21,60.0,0.9,1,66536
1345109,58.44,58.42,59.03,61.5,0,0,23.63,22.07,57.48,0.96,1.49,60543,1,31.21,60.0,0.93,1,67036
1345618,58.43,58.42,59.03,61.5,0,0,23.72,22.04,57.48,0.96,1.49,60543,1,31.18,60.0,0.93,1,67536
1346127,58.4,58.43,59.03,61.5,0,0,23.85,22.04,57.48,0.96,1.49,60543,1,31.18,60.0,0.94,1,68036
1346636,58.4,58.41,59.03,61.5,0,0,23.85,22.03,57.48,0.96,1.49,60543,1,31.18,60.0,0.93,1,68536
1347145,58.38,58.4,59.03,61.5,0,0,23.85,22.02,57.48,0.96,1.49,60543,1,31.18,60.0,0.91,1,69037
1347654,58.42,58.39,59.03,61.5,0,0,23.98,22.02,57.48,0.96,1.49,60543,1,31.2,60.0,0.9,1,69537
1348176,58.39,58.4,59.03,61.5,0,0,24.11,22.05,57.48,0.96,1.49,60543,1,31.2,60.0,0.91,1,70037
1348685,58.39,58.4,59.03,61.5,0,0,24.11,22.04,57.48,0.96,1.49,60543,1,31.2,60.0,0.91,1,70537
1349194,58.46,58.43,59.03,61.5,0,0,24.0,22.05,57.48,0.96,1.49,60543,1,31.18,60.0,0.94,1,71037
1349703,58.46,58.45,59.03,61.5,0,0,24.0,22.05,57.48,0.96,1.49,60543,1,31.18,60.0,0.96,1,71537
1350212,58.46,58.46,59.03,61.5,0,0,24.0,22.05,57.48,0.96,1.49,60543,1,31.18,60.0,0.97,1,72037
1350721,58.46,58.46,59.03,61.5,0,0,24.16,22.06,57.48,0.96,1.49,60543,1,31.2,60.0,0.97,1,72537
1351230,58.41,58.46,59.03,61.5,0,0,24.07,22.06,57.48,0.96,1.49,60543,1,31.2,60.0,0.97,1,73037
1351739,58.41,58.43,59.03,61.5,0,0,24.07,22.04,57.48,0.96,1.49,60543,1,31.2,60.0,0.94,1,73537
1352248,58.41,58.42,59.03,61.5,0,0,24.07,22.04,57.48,0.96,1.49,60543,1,31.2,60.0,0.93,1,74037
1352757,58.47,58.44,59.03,61.5,0,0,24.29,22.06,57.48,0.96,1.49,60543,1,31.2,60.0,0.95,1,74537
1353266,58.5,58.46,59.03,61.5,0,0,24.16,22.06,57.48,0.96,1.49,60543,1,31.21,60.0,0.97,1,75037
1353775,58.5,58.48,59.03,61.5,0,0,24.16,22.08,57.48,0.96,1.49,60543,1,31.21,60.0,0.99,1,75537
1354284,58.5,58.49,59.03,61.5,0,0,24.16,22.08,57.48,0.96,1.49,60543,1,31.21,60.0,1.0,1,76037
1354793,58.51,58.49,59.03,61.5,0,0,24.31,22.08,57.48,0.96,1.49,60543,1,31.2,60.0,1.0,1,76537
1355302,58.51,58.5,59.03,61.5,0,0,24.31,22.07,57.48,0.96,1.49,60543,1,31.2,60.0,1.01,1,77037
1355811,58.51,58.5,59.03,61.5,0,0,24.31,22.07,57.48,0.96,1.49,60543,1,31.2,60.0,1.01,1,77537
1356335,58.5,58.5,59.03,61.5,0,0,24.35,22.07,57.48,0.96,1.49,60543,1,31.21,60.0,1.01,1,78037
1356845,58.5,58.5,59.03,61.5,0,0,24.35,22.08,57.48,0.96,1.49,60543,1,31.21,60.0,1.01,1,78537
1357354,58.5,58.5,59.03,61.5,0,0,24.55,22.08,57.48,0.96,1.49,60543,1,31.18,60.0,1.01,1,79037
1357863,58.5,58.5,59.03,61.5,0,0,24.55,22.06,57.48,0.96,1.49,60543,1,31.18,60.0,1.01,1,79537
1358372,58.5,58.5,59.03,61.5,0,0,24.55,22.06,57.48,0.96,1.49,60543,1,31.18,60.0,1.01,1,80037
1358881,58.49,58.5,59.03,61.5,0,0,24.62,22.06,57.48,0.96,1.49,60543,1,31.18,60.0,1.01,1,80537
1359390,58.49,58.49,59.03,61.5,0,0,24.62,22.05,57.48,0.96,1.49,60543,1,31.18,60.0,1.01,1,81538
1359899,58.5,58.49,59.03,61.5,0,0,24.66,22.07,57.48,0.96,1.49,60543,1,31.2,60.0,1.01,1,82038
1360408,58.56,58.53,59.03,61.5,0,0,24.62,22.1,57.48,0.96,1.49,60543,1,31.21,60.0,1.04,1,82538
1360917,58.53,58.53,59.03,61.5,0,0,24.66,22.08,57.48,0.96,1.49,60543,1,31.2,60.0,1.04,1,83038
1361426,58.53,58.53,59.03,61.5,0,0,24.66,22.08,57.48,0.96,1.49,60543,1,31.2,60.0,1.04,1,83538
1361935,58.54,58.53,59.03,61.5,0,0,24.9,22.11,57.48,0.96,1.49,60543,1,31.23,60.0,1.04,1,84038
1362444,58.52,58.53,59.03,61.5,0,0,24.79,22.07,57.48,0.96,1.49,60543,1,31.2,60.0,1.04,1,84538
1362953,58.52,58.52,59.03,61.5,0,0,24.79,22.07,57.48,0.96,1.49,60543,1,31.2,60.0,1.03,1,85038
1363462,58.51,58.52,59.03,61.5,0,0,25.01,22.06,57.48,0.96,1.49,60543,1,31.18,60.0,1.03,1,85538
1363971,58.51,58.52,59.03,61.5,0,0,25.01,22.06,57.48,0.96,1.49,60543,1,31.18,60.0,1.03,1,86038
1364480,58.51,58.52,59.03,61.5,0,0,25.01,22.06,57.48,0.96,1.49,60543,1,31.18,60.0,1.03,1,86538
1364989,58.58,58.55,59.03,61.5,0,0,24.92,22.09,57.48,0.96,1.49,60543,1,31.2,60.0,1.06,1,87038
1365498,58.57,58.56,59.03,61.5,0,0,25.01,22.1,57.48,0.96,1.49,60543,1,31.21,60.0,1.07,1,87538
1366007,58.57,58.56,59.03,61.5,0,0,24.46,22.1,57.48,0.96,1.49,60543,1,31.21,60.0,1.08,1,88038
1366517,58.58,58.57,59.03,61.5,0,0,24.92,22.1,57.48,0.96,1.49,60543,1,31.18,60.0,1.08,1,88538
1367027,58.58,58.57,59.03,61.5,0,0,24.92,22.08,57.48,0.96,1.49,60543,1,31.18,60.0,1.08,1,89038
1367536,58.56,58.57,59.03,61.5,0,0,24.79,22.11,57.48,0.96,1.49,60543,1,31.23,60.0,1.08,1,89538
1368045,58.58,58.56,59.03,61.5,0,0,25.12,22.11,57.48,0.96,1.49,60543,1,31.21,60.0,1.07,1,90038
1368554,58.62,58.57,59.03,61.5,0,0,25.1,22.1,57.48,0.96,1.49,60543,1,31.21,60.0,1.08,1,90538
1369063,58.62,58.6,59.03,61.5,0,0,25.1,22.12,57.48,0.96,1.49,60543,1,31.21,60.0,1.11,1,91038
1369572,58.61,58.6,59.03,61.5,0,0,25.1,22.1,57.48,0.96,1.49,60543,1,31.2,60.0,1.11,1,91549
1370081,58.61,58.6,59.03,61.5,0,0,25.1,22.1,57.48,0.96,1.49,60543,1,31.2,60.0,1.11,1,92049
1370590,58.61,58.61,59.03,61.5,0,0,25.1,22.1,57.48,0.96,1.49,60543,1,31.2,60.0,1.12,1,92549
1371099,58.62,58.61,59.03,61.5,0,0,25.25,22.12,57.48,0.96,1.49,60543,1,31.21,60.0,1.12,1,93049
1371608,58.62,58.62,59.03,61.5,0,0,25.25,22.12,57.48,0.96,1.49,60543,1,31.21,60.0,1.13,1,93549
1372117,58.67,58.62,59.03,61.5,0,0,25.32,22.12,57.48,0.96,1.49,60543,1,31.2,60.0,1.13,1,94049
1372626,58.67,58.64,59.03,61.5,0,0,25.32,22.12,57.48,0.96,1.49,60543,1,31.2,60.0,1.15,1,94549
1373135,58.67,58.65,59.03,61.5,0,0,25.32,22.12,57.48,0.96,1.49,60543,1,31.2,60.0,1.16,1,95049
1373644,58.67,58.66,59.03,61.5,0,0,25.32,22.12,57.48,0.96,1.49,60543,1,31.2,60.0,1.17,1,95549
1374153,58.64,58.66,59.03,61.5,0,0,24.64,22.12,57.48,0.96,1.49,60543,1,31.2,60.0,1.17,1,96049
1374662,58.64,58.65,59.03,61.5,0,0,24.64,22.11,57.48,0.96,1.49,60543,1,31.2,60.0,1.16,1,96549
1375171,58.64,58.65,59.03,61.5,0,0,24.64,22.11,57.48,0.96,1.49,60543,1,31.2,60.0,1.16,1,97049
1375680,58.67,58.66,59.03,61.5,0,0,25.34,22.13,57.48,0.96,1.49,60543,1,31.21,60.0,1.17,1,97549
1376189,58.67,58.66,59.03,61.5,0,0,25.34,22.13,57.48,0.96,1.49,60543,1,31.21,60.0,1.17,1,98049
1376698,58.71,58.68,59.03,61.5,0,0,25.59,22.13,57.48,0.96,1.49,60543,1,31.2,60.0,1.2,1,98549
1377207,58.73,58.71,59.03,61.5,0,0,25.39,22.15,57.48,0.96,1.49,60543,1,31.21,60.0,1.22,1,99049
1377716,58.73,58.72,59.03,61.5,0,0,25.39,22.15,57.48,0.96,1.49,60543,1,31.21,60.0,1.23,1,99549
1378225,58.73,58.73,59.03,61.5,0,0,25.39,22.15,57.48,0.96,1.49,60543,1,31.21,60.0,1.24,1,100049
1378734,58.73,58.73,59.03,61.5,0,0,25.39,22.15,57.48,0.96,1.49,60543,1,31.21,60.0,1.24,1,100549
1379243,58.73,58.73,59.03,61.5,0,0,26.01,22.15,57.48,0.96,1.49,60543,1,31.21,60.0,1.24,1,101049
1379752,58.73,58.73,59.03,61.5,0,0,26.01,22.15,57.48,0.96,1.49,60543,1,31.21,60.0,1.24,1,101549
1380261,58.78,58.73,59.03,61.5,0,0,25.63,22.15,57.48,0.96,1.49,60543,1,31.21,60.0,1.24,1,102051
1380770,58.78,58.76,59.03,61.5,0,0,25.78,22.16,57.48,0.96,1.49,60543,1,31.2,60.0,1.27,1,102552
1381279,58.78,58.77,59.03,61.5,0,0,25.78,22.15,57.48,0.96,1.49,60543,1,31.2,60.0,1.28,1,103053
1381788,58.8,58.78,59.03,61.5,0,0,25.72,22.18,57.48,0.96,1.49,60543,1,31.23,60.0,1.29,1,103555
1382297,58.8,58.79,59.03,61.5,0,0,25.72,22.18,57.48,0.96,1.49,60543,1,31.23,60.0,1.3,1,104055
1382806,58.81,58.79,59.03,61.5,0,0,25.76,22.18,57.48,0.96,1.49,60543,1,31.24,60.0,1.31,1,104555
1383315,58.81,58.8,59.03,61.5,0,0,25.76,22.2,57.48,0.96,1.49,60543,1,31.24,60.0,1.31,1,105055
1383824,58.81,58.81,59.03,61.5,0,0,25.76,22.2,57.48,0.96,1.49,60543,1,31.24,60.0,1.32,1,105555
1384333,58.82,58.81,59.03,61.5,0,0,25.81,22.16,57.48,0.96,1.49,60543,1,31.2,60.0,1.32,1,106055
1384842,58.84,58.81,59.03,61.5,0,0,25.98,22.16,57.48,0.96,1.49,60543,1,31.21,60.0,1.33,1,106555
1385351,58.86,58.83,59.03,61.5,0,0,25.87,22.18,57.48,0.96,1.49,60543,1,31.21,60.0,1.34,1,107055
1385860,58.87,58.84,59.03,61.5,0,0,25.94,22.18,57.48,0.96,1.49,60543,1,31.23,60.0,1.35,1,107555
1386369,58.87,58.86,59.03,61.5,0,0,25.94,22.2,57.48,0.96,1.49,60543,1,31.23,60.0,1.37,1,108055
1386878,58.88,58.86,59.03,61.5,0,0,26.03,22.2,57.48,0.96,1.49,60543,1,31.23,60.0,1.38,1,108555
1387387,58.88,58.87,59.03,61.5,0,0,25.98,22.2,57.48,0.96,1.49,60543,1,31.23,60.0,1.39,1,109055
1387896,58.88,58.88,59.03,61.5,0,0,25.98,22.2,57.48,0.96,1.49,60543,1,31.23,60.0,1.39,1,109555
1388405,58.91,58.88,59.03,61.5,0,0,25.89,22.2,57.48,0.96,1.49,60543,1,31.21,60.0,1.39,1,110055
1388914,58.91,58.9,59.03,61.5,0,0,25.89,22.2,57.48,0.96,1.49,60543,1,31.21,60.0,1.41,1,111062
1389423,58.91,58.91,59.03,61.5,0,0,25.83,22.2,57.48,0.96,1.49,60543,1,31.21,60.0,1.42,1,111562
1389932,58.95,58.93,59.03,61.5,0,0,26.16,22.22,57.48,0.96,1.49,60543,1,31.23,60.0,1.44,1,112062
1390441,58.95,58.94,59.03,61.5,0,0,26.16,22.22,57.48,0.96,1.49,60543,1,31.23,60.0,1.45,1,112562
1390950,58.98,58.96,59.03,61.5,0,0,26.12,22.22,57.48,0.96,1.49,60543,1,31.21,60.0,1.47,1,113062
1391459,58.97,58.97,59.03,61.5,0,0,26.18,22.23,57.48,0.96,1.49,60543,1,31.23,60.0,1.48,1,113562
1391968,58.97,58.97,59.03,61.5,0,0,26.18,22.23,57.48,0.96,1.49,60543,1,31.23,60.0,1.48,1,114062
1392477,58.97,58.97,59.03,61.5,0,0,26.18,22.23,57.48,0.96,1.49,60543,1,31.23,60.0,1.48,1,114562
1392989,59.02,58.97,59.03,61.5,0,0,26.12,22.23,57.48,0.96,1.49,60543,1,31.21,60.0,1.48,1,115062
1393499,59.02,59.0,59.03,61.5,0,0,26.12,22.23,57.48,0.96,1.49,60543,1,31.21,60.0,1.51,1,115562
1394008,59.03,59.01,59.03,61.5,0,0,26.2,22.23,57.48,0.96,1.49,60543,1,31.21,60.0,1.53,1,116062
1394517,59.03,59.02,59.03,61.5,0,0,26.2,22.23,57.48,0.96,1.49,60543,1,31.21,60.0,1.53,1,116562
1395026,59.04,59.03,59.03,61.5,0,0,26.36,22.25,57.48,0.96,1.49,60543,1,31.23,60.0,1.54,1,117062
1395535,59.05,59.04,59.03,61.5,1,0,26.2,22.25,57.48,0.96,1.49,117562,0,31.23,60.0,1.55,0,0
1396044,59.05,59.04,59.03,61.65,1,0,26.2,22.25,59.04,0.96,1.64,117562,0,31.23,60.0,0.0,0,500
1396553,59.05,59.05,59.03,61.65,1,0,26.2,22.25,59.05,0.96,1.64,117562,0,31.23,60.0,0.0,0,1000
1397062,59.05,59.05,59.03,61.65,1,0,26.2,22.25,59.05,0.96,1.64,117562,0,31.23,60.0,0.0,0,1500
1397571,59.12,59.08,59.03,61.65,1,0,26.47,22.26,59.08,0.96,1.64,117562,0,31.21,60.0,0.0,0,2009
1398080,59.12,59.1,59.03,61.65,1,0,26.47,22.26,59.1,0.96,1.64,117562,0,31.21,60.0,0.0,0,2509
1398589,59.11,59.11,59.03,61.65,1,0,26.29,22.27,59.11,0.96,1.64,117562,0,31.23,60.0,0.0,0,3009
1399098,59.11,59.11,59.03,61.65,1,0,26.29,22.27,59.11,0.96,1.64,117562,0,31.23,60.0,0.0,0,3509
1399607,59.17,59.14,59.03,61.65,1,0,26.32,22.27,59.14,0.96,1.64,117562,0,31.21,60.0,0.0,0,4009
1400116,59.19,59.17,59.03,61.65,1,0,25.92,22.31,59.17,0.96,1.64,117562,0,31.25,60.0,0.0,0,4509
1400625,59.19,59.18,59.03,61.65,1,0,25.92,22.31,59.18,0.96,1.64,117562,0,31.25,60.0,0.0,0,5009
1401134,59.21,59.2,59.03,61.65,1,0,26.07,22.31,59.2,0.96,1.64,117562,0,31.24,60.0,0.0,0,5509
1401643,59.23,59.21,59.03,61.65,1,0,25.76,22.29,59.21,0.96,1.64,117562,0,31.21,60.0,0.0,0,6009
1402155,59.23,59.22,59.03,61.65,1,0,25.76,22.29,59.22,0.96,1.64,117562,0,31.21,60.0,0.0,0,6509
1402664,59.22,59.22,59.03,61.65,1,0,25.94,22.3,59.22,0.96,1.64,117562,0,31.23,60.0,0.0,0,7009
1403173,59.22,59.22,59.03,61.65,1,0,25.94,22.3,59.22,0.96,1.64,117562,0,31.23,60.0,0.0,0,7509
1403682,59.22,59.22,59.03,61.65,1,0,25.94,22.3,59.22,0.96,1.64,117562,0,31.23,60.0,0.0,0,8009
1404191,59.27,59.25,59.03,61.65,1,0,25.81,22.32,59.25,0.96,1.64,117562,0,31.24,60.0,0.0,0,8509
1404700,59.31,59.28,59.03,61.65,1,0,25.61,22.32,59.28,0.96,1.64,117562,0,31.23,60.0,0.0,0,9009
1405209,59.28,59.3,59.03,61.65,1,0,25.5,22.32,59.3,0.96,1.64,117562,0,31.23,60.0,0.0,0,9509
1405719,59.29,59.29,59.03,61.65,1,0,25.41,22.31,59.3,0.96,1.64,117562,0,31.24,60.0,0.0,0,10009
1406228,59.29,59.29,59.03,61.65,1,0,25.41,22.33,59.3,0.96,1.64,117562,0,31.24,60.0,0.0,0,10512
1406737,59.34,59.31,59.03,61.65,1,0,25.41,22.34,59.31,0.96,1.64,117562,0,31.24,60.0,0.0,0,11013
1407246,59.34,59.33,59.03,61.65,1,0,25.41,22.34,59.33,0.96,1.64,117562,0,31.24,60.0,0.0,0,11513
1407755,59.35,59.33,59.03,61.65,1,0,25.17,22.34,59.33,0.96,1.64,117562,0,31.24,60.0,0.0,0,12013
1408264,59.4,59.34,59.03,61.65,1,0,24.99,22.35,59.34,0.96,1.64,117562,0,31.23,60.0,0.0,0,12513
1408773,59.4,59.37,59.03,61.65,1,0,24.99,22.35,59.37,0.96,1.64,117562,0,31.23,60.0,0.0,0,13013
1409282,59.38,59.38,59.03,61.65,1,0,24.88,22.35,59.38,0.96,1.64,117562,0,31.21,60.0,0.0,0,13513
1409791,59.38,59.38,59.03,61.65,1,0,24.88,22.33,59.38,0.96,1.64,117562,0,31.21,60.0,0.0,0,14013
1410300,59.47,59.43,59.03,61.65,1,0,24.97,22.37,59.43,0.96,1.64,117562,0,31.23,60.0,0.0,0,14513
1410809,59.47,59.45,59.03,61.65,1,0,24.57,22.37,59.45,0.96,1.64,117562,0,31.23,60.0,0.0,0,15013
1411318,59.47,59.46,59.03,61.65,1,0,24.57,22.37,59.46,0.96,1.64,117562,0,31.23,60.0,0.0,0,15513
1411827,59.47,59.47,59.03,61.65,1,0,24.57,22.37,59.47,0.96,1.64,117562,0,31.23,60.0,0.0,0,16013
1412336,59.49,59.47,59.03,61.65,1,0,24.33,22.37,59.47,0.96,1.64,117562,0,31.21,60.0,0.0,0,16513
1412845,59.49,59.48,59.03,61.65,1,0,24.33,22.36,59.48,0.96,1.64,117562,0,31.21,60.0,0.0,0,17013
1413354,59.49,59.49,59.03,61.65,1,0,24.33,22.36,59.49,0.96,1.64,117562,0,31.21,60.0,0.0,0,17515
1413863,59.55,59.49,59.03,61.65,1,0,24.18,22.36,59.49,0.96,1.64,117562,0,31.23,60.0,0.0,0,18015
1414372,59.55,59.52,59.03,61.65,1,0,24.18,22.39,59.52,0.96,1.64,117562,0,31.23,60.0,0.0,0,18515
1414881,59.55,59.53,59.03,61.65,1,0,23.81,22.39,59.53,0.96,1.64,117562,0,31.24,60.0,0.0,0,19015
1415390,59.55,59.54,59.03,61.65,1,0,23.81,22.4,59.54,0.96,1.64,117562,0,31.24,60.0,0.0,0,19515
1415899,59.59,59.55,59.03,61.65,1,0,23.7,22.4,59.55,0.96,1.64,117562,0,31.23,60.0,0.0,0,20015
1416408,59.62,59.57,59.03,61.65,1,0,23.68,22.4,59.57,0.96,1.64,117562,0,31.21,60.0,0.0,0,20515
1416917,59.62,59.59,59.03,61.65,1,0,23.68,22.39,59.59,0.96,1.64,117562,0,31.21,60.0,0.0,0,21015
1417426,59.65,59.61,59.03,61.65,1,0,23.46,22.39,59.61,0.96,1.64,117562,0,31.23,60.0,0.0,0,21515
1417935,59.65,59.64,59.03,61.65,1,0,23.46,22.42,59.64,0.96,1.64,117562,0,31.23,60.0,0.0,0,22521
1418444,59.69,59.66,59.03,61.65,1,0,23.37,22.44,59.66,0.96,1.64,117562,0,31.24,60.0,0.0,0,23021
1418953,59.69,59.67,59.03,61.65,1,0,23.37,22.44,59.67,0.96,1.64,117562,0,31.24,60.0,0.0,0,23521
1419462,59.69,59.68,59.03,61.65,1,0,23.37,22.44,59.68,0.96,1.64,117562,0,31.24,60.0,0.0,0,24021
1419971,59.73,59.71,59.03,61.65,1,0,23.11,22.42,59.71,0.96,1.64,117562,0,31.21,60.0,0.0,0,24521
1420480,59.73,59.72,59.03,61.65,1,0,23.11,22.42,59.72,0.96,1.64,117562,0,31.21,60.0,0.0,0,25021
1420989,59.76,59.74,59.03,61.65,1,0,23.0,22.46,59.74,0.96,1.64,117562,0,31.24,60.0,0.0,0,25521
1421498,59.76,59.75,59.03,61.65,1,0,23.0,22.46,59.75,0.96,1.64,117562,0,31.24,60.0,0.0,0,26021
1422007,59.76,59.76,59.03,61.65,1,0,22.74,22.46,59.76,0.96,1.64,117562,0,31.23,60.0,0.0,0,26521
1422516,59.76,59.76,59.03,61.65,1,0,22.74,22.45,59.76,0.96,1.64,117562,0,31.23,60.0,0.0,0,27021
1423025,59.81,59.78,59.03,61.65,1,0,22.46,22.45,59.78,0.96,1.64,117562,0,31.21,60.0,0.0,0,27521
1423534,59.83,59.81,59.03,61.65,1,0,22.57,22.48,59.81,0.96,1.64,117562,0,31.24,60.0,0.0,0,28021
1424043,59.84,59.82,59.03,61.65,1,0,22.37,22.47,59.82,0.96,1.64,117562,0,31.23,60.0,0.0,0,28521
1424552,59.84,59.83,59.03,61.65,1,0,22.37,22.47,59.83,0.96,1.64,117562,0,31.23,60.0,0.0,0,29021
1425061,59.84,59.83,59.03,61.65,1,0,22.37,22.47,59.83,0.96,1.64,117562,0,31.23,60.0,0.0,0,29521
1425570,59.89,59.86,59.03,61.65,1,0,22.13,22.49,59.86,0.96,1.64,117562,0,31.24,60.0,0.0,0,30021
1426079,59.89,59.87,59.03,61.65,1,0,22.13,22.49,59.87,0.96,1.64,117562,0,31.24,60.0,0.0,0,30522
1426588,59.89,59.88,59.03,61.65,1,0,22.13,22.49,59.88,0.96,1.64,117562,0,31.24,60.0,0.0,0,31022
1427109,59.91,59.88,59.03,61.65,1,0,21.87,22.49,59.88,0.96,1.64,117562,0,31.23,60.0,0.0,0,31522
1427618,59.91,59.9,59.03,61.65,1,0,21.87,22.49,59.9,0.96,1.64,117562,0,31.23,60.0,0.0,0,32022
1428127,59.97,59.94,59.03,61.65,1,0,21.48,22.51,59.94,0.96,1.64,117562,0,31.23,60.0,0.0,0,32522
1428636,59.97,59.95,59.03,61.65,1,0,21.48,22.51,59.95,0.96,1.64,117562,0,31.23,60.0,0.0,0,33022
1429145,59.96,59.96,59.03,61.65,1,0,21.77,22.52,59.96,0.96,1.64,117562,0,31.24,60.0,0.0,0,33522
1429654,59.96,59.96,59.03,61.65,1,0,21.77,22.52,59.96,0.96,1.64,117562,0,31.24,60.0,0.0,0,34022
1430163,60.01,59.96,59.03,61.65,1,0,21.98,22.52,59.96,0.96,1.64,117562,0,31.24,60.0,0.0,0,34522
1430672,60.05,59.99,59.03,61.65,1,0,21.29,22.53,59.99,0.96,1.64,117562,0,31.23,60.0,0.0,0,35022
1431181,60.05,60.02,59.03,61.65,1,0,21.29,22.53,60.02,0.96,1.64,117562,0,31.23,60.0,0.0,0,35522
1431690,60.08,60.05,59.03,61.65,1,0,21.14,22.55,60.05,0.96,1.64,117562,0,31.24,60.0,0.0,0,36022
1432199,60.1,60.06,59.03,61.65,1,0,20.79,22.55,60.06,0.96,1.64,117562,0,31.21,60.0,0.0,0,36522
1432708,60.1,60.08,59.03,61.65,1,0,20.79,22.52,60.08,0.96,1.64,117562,0,31.21,60.0,0.0,0,37022
1433217,60.1,60.09,59.03,61.65,1,0,20.79,22.52,60.09,0.96,1.64,117562,0,31.21,60.0,0.0,0,37522
1433726,60.15,60.12,59.03,61.65,1,0,21.03,22.55,60.12,0.96,1.64,117562,0,31.23,60.0,0.0,0,38022
1434235,60.15,60.13,59.03,61.65,1,0,21.03,22.55,60.13,0.96,1.64,117562,0,31.23,60.0,0.0,0,38522
1434744,60.21,60.14,59.03,61.65,1,0,20.69,22.55,60.14,0.96,1.64,117562,0,31.24,60.0,0.0,0,39022
1435253,60.21,60.18,59.03,61.65,1,0,20.69,22.58,60.18,0.96,1.64,117562,0,31.24,60.0,0.0,0,39522
1435762,60.21,60.2,59.03,61.65,1,0,20.69,22.58,60.2,0.96,1.64,117562,0,31.24,60.0,0.0,0,40022
1436271,60.25,60.2,59.03,61.65,1,0,20.58,22.58,60.2,0.96,1.64,117562,0,31.24,60.0,0.0,0,40522
1436780,60.25,60.23,59.03,61.65,1,0,20.58,22.59,60.23,0.96,1.64,117562,0,31.24,60.0,0.0,0,41022
1437289,60.25,60.24,59.03,61.65,1,0,20.58,22.59,60.24,0.96,1.64,117562,0,31.24,60.0,0.0,0,41522
1437798,60.35,60.29,59.03,61.65,1,0,20.36,22.59,60.29,0.96,1.64,117562,0,31.21,60.0,0.0,0,42022
1438307,60.35,60.32,59.03,61.65,1,0,20.36,22.59,60.32,0.96,1.64,117562,0,31.21,60.0,0.0,0,42522
1438818,60.35,60.33,59.03,61.65,1,0,20.36,22.59,60.33,0.96,1.64,117562,0,31.21,60.0,0.0,0,43022
1439328,60.39,60.34,59.03,61.65,1,0,20.3,22.59,60.34,0.96,1.64,117562,0,31.23,60.0,0.0,0,43522
1439837,60.39,60.36,59.03,61.65,1,0,20.3,22.62,60.36,0.96,1.64,117562,0,31.23,60.0,0.0,0,44022
1440346,60.45,60.41,59.03,61.65,1,0,20.04,22.66,60.41,0.96,1.64,117562,0,31.25,60.0,0.0,0,44522
1440855,60.52,60.43,59.03,61.65,1,0,19.84,22.66,60.43,0.96,1.64,117562,0,31.24,60.0,0.0,0,45022
1441364,60.52,60.48,59.03,61.65,1,0,19.84,22.67,60.48,0.96,1.64,117562,0,31.24,60.0,0.0,0,45522
1441873,60.61,60.5,59.03,61.65,1,0,20.19,22.67,60.5,0.96,1.64,117562,0,31.25,60.0,0.0,0,46022
1442382,60.59,60.55,59.03,61.65,1,0,19.63,22.7,60.55,0.96,1.64,117562,0,31.25,60.0,0.0,0,46522
1442891,60.61,60.57,59.03,61.65,1,0,19.65,22.7,60.57,0.96,1.64,117562,0,31.25,60.0,0.0,0,47022
1443400,60.61,60.59,59.03,61.65,1,0,19.65,22.7,60.59,0.96,1.64,117562,0,31.25,60.0,0.0,0,47522
1443909,60.61,60.6,59.03,61.65,1,0,19.65,22.7,60.6,0.96,1.64,117562,0,31.25,60.0,0.0,0,48022
1444418,60.66,60.6,59.03,61.65,1,0,19.48,22.7,60.6,0.96,1.64,117562,0,31.24,60.0,0.0,0,48522
1444927,60.66,60.63,59.03,61.65,1,0,19.48,22.71,60.63,0.96,1.64,117562,0,31.24,60.0,0.0,0,49022
1445436,60.66,60.66,59.03,61.65,1,0,19.48,22.71,60.66,0.96,1.64,117562,0,31.24,60.0,0.0,0,50022
1445945,60.77,60.71,59.03,61.65,1,0,19.31,22.73,60.71,0.96,1.64,117562,0,31.24,60.0,0.0,0,50522
1446454,60.77,60.74,59.03,61.65,1,0,19.31,22.73,60.74,0.96,1.64,117562,0,31.24,60.0,0.0,0,51022
1446963,60.82,60.78,59.03,61.65,1,0,19.13,22.76,60.78,0.96,1.64,117562,0,31.25,60.0,0.0,0,51522
1447472,60.82,60.8,59.03,61.65,1,0,19.13,22.76,60.8,0.96,1.64,117562,0,31.25,60.0,0.0,0,52022
1447983,60.82,60.81,59.03,61.65,1,0,19.13,22.76,60.81,0.96,1.64,117562,0,31.25,60.0,0.0,0,52522
1448493,60.82,60.81,59.03,61.65,1,0,18.94,22.72,60.81,0.96,1.64,117562,0,31.21,60.0,0.0,0,53022
1449002,60.92,60.82,59.03,61.65,1,0,18.83,22.72,60.82,0.96,1.64,117562,0,31.25,60.0,0.0,0,53522
1449511,60.92,60.87,59.03,61.65,1,0,18.83,22.79,60.87,0.96,1.64,117562,0,31.25,60.0,0.0,0,54022
1450020,60.9,60.88,59.03,61.65,1,0,18.83,22.76,60.88,0.96,1.64,117562,0,31.23,60.0,0.0,0,54522
1450529,60.9,60.89,59.03,61.65,1,0,18.83,22.76,60.89,0.96,1.64,117562,0,31.23,60.0,0.0,0,55022
1451038,60.9,60.9,59.03,61.65,1,0,18.83,22.76,60.9,0.96,1.64,117562,0,31.23,60.0,0.0,0,55522
1451547,60.92,60.91,59.03,61.65,1,0,18.75,22.79,60.91,0.96,1.64,117562,0,31.25,60.0,0.0,0,56022
1452056,60.92,60.91,59.03,61.65,1,0,18.75,22.79,60.91,0.96,1.64,117562,0,31.25,60.0,0.0,0,56522
1452565,60.99,60.91,59.03,61.65,1,0,18.49,22.79,60.91,0.96,1.64,117562,0,31.25,60.0,0.0,0,57022
1453074,60.99,60.95,59.03,61.65,1,0,18.49,22.81,60.95,0.96,1.64,117562,0,31.25,60.0,0.0,0,57522
1453583,61.0,60.97,59.03,61.65,1,0,18.32,22.81,60.97,0.96,1.64,117562,0,31.24,60.0,0.0,0,58022
1454092,61.0,60.99,59.03,61.65,1,0,18.32,22.8,60.99,0.96,1.64,117562,0,31.24,60.0,0.0,0,58522
1454601,61.0,60.99,59.03,61.65,1,0,18.21,22.8,60.99,0.96,1.64,117562,0,31.24,60.0,0.0,0,59022
1455110,61.03,61.0,59.03,61.65,1,1,18.12,22.8,61.0,0.96,1.64,117562,0,31.24,60.0,0.0,1,59522
1455619,61.03,61.01,59.03,61.65,1,1,18.12,22.8,61.01,0.96,1.64,117562,0,31.24,60.0,0.0,1,60022
1456128,61.01,61.01,59.03,61.65,1,1,18.14,22.82,61.01,0.96,1.64,117562,0,31.27,60.0,0.0,1,60522
1456637,61.01,61.01,59.03,61.65,1,1,18.14,22.82,61.01,0.96,1.64,117562,0,31.27,60.0,0.0,1,61022
1457146,61.02,61.01,59.03,61.65,1,1,18.12,22.83,61.01,0.96,1.64,117562,0,31.27,60.0,0.0,1,61522
1457655,61.02,61.02,59.03,61.65,1,1,18.12,22.83,61.02,0.96,1.64,117562,0,31.27,60.0,0.0,1,62022
1458164,61.02,61.02,59.03,61.65,1,1,18.12,22.83,61.02,0.96,1.64,117562,0,31.27,60.0,0.0,1,62522
1458673,60.96,61.02,59.03,61.65,1,1,18.6,22.83,61.02,0.96,1.64,117562,0,31.24,60.0,0.0,1,63022
1459182,60.96,60.99,59.03,61.65,1,1,18.6,22.79,61.02,0.96,1.64,117562,0,31.24,60.0,0.02,1,63522
1459691,60.75,60.87,59.03,61.65,1,1,18.77,22.72,61.02,0.96,1.64,117562,0,31.23,60.0,0.14,1,64022
1460200,60.75,60.81,59.03,61.65,0,1,18.77,22.72,61.02,0.96,1.64,64522,0,31.23,60.0,0.2,1,0
1460709,60.75,60.78,59.02,61.65,0,1,18.77,22.72,60.78,0.97,1.64,64522,0,31.23,60.0,0.0,1,500
1461218,60.75,60.76,59.02,61.65,0,1,18.77,22.72,60.76,0.97,1.64,64522,0,31.23,60.0,0.0,1,1000
1461727,59.47,60.76,59.02,61.65,0,1,18.9,22.72,60.76,0.97,1.64,64522,0,31.2,60.0,0.0,1,1500
1462236,59.47,60.11,59.02,61.65,0,0,18.9,22.34,60.11,0.97,1.64,64522,0,31.2,60.0,0.0,1,2000
1462746,58.96,59.54,59.02,61.65,0,0,19.03,22.17,59.54,0.97,1.64,64522,0,31.17,60.0,0.0,1,2500
1463255,58.96,59.25,59.02,61.65,0,0,19.03,22.17,59.25,0.97,1.64,64522,0,31.17,60.0,0.0,1,3000
1463764,58.31,58.78,59.02,61.65,0,0,18.85,21.98,58.78,0.97,1.64,64522,0,31.16,60.0,0.0,1,3500
1464273,57.96,58.55,59.02,61.65,0,0,18.72,21.98,58.55,0.97,1.64,64522,0,31.18,60.0,0.0,1,4000
1464782,57.96,58.26,59.02,61.65,0,0,18.72,21.91,58.26,0.97,1.64,64522,0,31.18,60.0,0.0,1,4500
1465299,57.56,58.11,59.02,61.65,0,0,18.62,21.91,58.11,0.97,1.64,64522,0,31.17,60.0,0.0,1,5000
1465808,57.56,57.84,59.02,61.65,0,0,18.62,21.78,57.84,0.97,1.64,64522,0,31.17,60.0,0.0,1,5500
1466317,57.56,57.7,59.02,61.65,0,0,18.62,21.78,57.7,0.97,1.64,64522,0,31.17,60.0,0.0,1,6000
1466826,57.3,57.63,59.02,61.65,0,0,18.06,21.78,57.63,0.97,1.64,64522,0,31.16,60.0,0.0,1,6500
1467335,57.3,57.46,59.02,61.65,0,0,18.06,21.69,57.46,0.97,1.64,64522,0,31.16,60.0,0.0,1,7000
1467844,57.3,57.38,59.02,61.65,0,0,18.06,21.69,57.38,0.97,1.64,64522,0,31.16,60.0,0.0,1,7500
1468353,57.04,57.34,59.02,61.65,0,0,18.38,21.69,57.34,0.97,1.64,64522,0,31.17,60.0,0.0,1,8004
1468862,57.04,57.19,59.02,61.65,0,0,18.38,21.63,57.19,0.97,1.64,64522,0,31.17,60.0,0.0,1,8505
1469371,57.0,57.11,59.02,61.65,0,0,18.57,21.63,57.11,0.97,1.64,64522,0,31.16,60.0,0.0,1,9005
1469880,56.96,57.06,59.02,61.65,0,0,18.32,21.6,57.06,0.97,1.64,64522,0,31.16,60.0,0.0,1,9505
1470389,56.96,57.01,59.02,61.65,0,0,18.32,21.59,57.01,0.97,1.64,64522,0,31.16,60.0,0.0,1,10005
1470898,56.96,56.98,59.02,61.65,0,0,18.32,21.59,56.98,0.97,1.64,64522,0,31.16,60.0,0.0,1,10505
1471407,56.93,56.97,59.02,61.65,0,0,18.47,21.59,56.97,0.97,1.64,64522,0,31.14,60.0,0.0,1,11005
1471916,56.93,56.95,59.02,61.65,0,0,18.47,21.57,56.95,0.97,1.64,64522,0,31.14,60.0,0.0,1,11505
1472425,56.97,56.94,59.02,61.65,0,0,18.29,21.57,56.94,0.97,1.64,64522,0,31.14,60.0,0.0,1,12005
1472934,56.94,56.96,59.02,61.65,0,0,18.64,21.58,56.94,0.97,1.64,64522,0,31.14,60.0,0.01,1,12505
1473443,56.94,56.95,59.02,61.65,0,0,18.64,21.57,56.94,0.97,1.64,64522,0,31.14,60.0,0.0,1,13507
1473952,56.94,56.94,59.02,61.65,0,0,18.57,21.6,56.94,0.97,1.64,64522,0,31.17,60.0,0.0,1,14007
1474461,56.94,56.94,59.02,61.65,0,0,18.57,21.6,56.94,0.97,1.64,64522,0,31.17,60.0,0.0,1,14507
1474970,56.93,56.94,59.02,61.65,0,0,18.94,21.58,56.94,0.97,1.64,64522,0,31.16,60.0,0.0,1,15007
1475479,56.93,56.94,59.02,61.65,0,0,18.94,21.58,56.94,0.97,1.64,64522,0,31.16,60.0,0.0,1,15507
1475988,56.97,56.95,59.02,61.65,0,0,18.94,21.58,56.94,0.97,1.64,64522,0,31.14,60.0,0.01,1,16007
1476497,56.97,56.96,59.02,61.65,0,0,18.94,21.58,56.94,0.97,1.64,64522,0,31.14,60.0,0.02,1,16507
1477006,56.97,56.97,59.02,61.65,0,0,18.94,21.58,56.94,0.97,1.64,64522,0,31.14,60.0,0.03,1,17007
1477515,56.97,56.97,59.02,61.65,0,0,19.03,21.6,56.94,0.97,1.64,64522,0,31.16,60.0,0.03,1,17507
1478024,56.97,56.97,59.02,61.65,0,0,19.03,21.6,56.94,0.97,1.64,64522,0,31.16,60.0,0.03,1,18007
1478533,56.96,56.97,59.02,61.65,0,0,19.07,21.59,56.94,0.97,1.64,64522,0,31.16,60.0,0.03,1,18507
1479042,56.94,56.96,59.02,61.65,0,0,19.28,21.59,56.94,0.97,1.64,64522,0,31.13,60.0,0.02,1,19007
1479551,56.94,56.95,59.02,61.65,0,0,19.28,21.56,56.94,0.97,1.64,64522,0,31.13,60.0,0.01,1,19507
1480060,56.96,56.95,59.02,61.65,0,0,19.22,21.56,56.94,0.97,1.64,64522,0,31.14,60.0,0.01,1,20007
1480569,56.96,56.95,59.02,61.65,0,0,19.22,21.58,56.94,0.97,1.64,64522,0,31.14,60.0,0.01,1,20507
1481078,56.96,56.96,59.02,61.65,0,0,19.22,21.58,56.94,0.97,1.64,64522,0,31.14,60.0,0.02,1,21007
1481587,56.96,56.96,59.02,61.65,0,0,19.22,21.58,56.94,0.97,1.64,64522,0,31.14,60.0,0.02,1,21507
1482096,57.0,56.98,59.02,61.65,0,0,19.35,21.6,56.94,0.97,1.64,64522,0,31.16,60.0,0.04,1,22007
1482605,57.0,56.99,59.02,61.65,0,0,19.35,21.6,56.94,0.97,1.64,64522,0,31.16,60.0,0.05,1,22507
1483114,57.02,57.0,59.02,61.65,0,0,19.54,21.6,56.94,0.97,1.64,64522,0,31.14,60.0,0.06,1,23007
1483623,57.02,57.01,59.02,61.65,0,0,19.54,21.6,56.94,0.97,1.64,64522,0,31.14,60.0,0.07,1,23507
1484132,57.06,57.04,59.02,61.65,0,0,19.31,21.64,56.94,0.97,1.64,64522,0,31.17,60.0,0.1,1,24007
1484641,57.06,57.05,59.02,61.65,0,0,19.31,21.64,56.94,0.97,1.64,64522,0,31.17,60.0,0.11,1,24507
1485150,57.12,57.06,59.02,61.65,0,0,19.97,21.64,56.94,0.97,1.64,64522,0,31.16,60.0,0.12,1,25007
1485659,57.12,57.09,59.02,61.65,0,0,19.97,21.64,56.94,0.97,1.64,64522,1,31.16,60.0,0.15,1,25507
1486168,57.12,57.11,59.02,61.65,0,0,19.97,21.64,56.94,0.97,1.64,64522,1,31.16,60.0,0.17,1,26007
1486677,57.11,57.11,59.02,61.65,0,0,19.52,21.63,56.94,0.97,1.64,64522,1,31.16,60.0,0.17,1,26507
1487186,57.11,57.11,59.02,61.65,0,0,19.52,21.63,56.94,0.97,1.64,64522,1,31.16,60.0,0.17,1,27007
1487695,57.11,57.11,59.02,61.65,0,0,19.52,21.63,56.94,0.97,1.64,64522,1,31.16,60.0,0.17,1,27507
1488204,57.2,57.15,59.02,61.65,0,0,20.15,21.68,56.94,0.97,1.64,64522,1,31.17,60.0,0.21,1,28007
1488713,57.25,57.18,59.02,61.65,0,0,20.28,21.68,56.94,0.97,1.64,64522,1,31.17,60.0,0.24,1,28507
1489222,57.23,57.21,59.02,61.65,0,0,19.97,21.69,56.94,0.97,1.64,64522,1,31.16,60.0,0.27,1,29007
1489731,57.23,57.22,59.02,61.65,0,0,19.97,21.67,56.94,0.97,1.64,64522,1,31.16,60.0,0.28,1,29507
1490240,57.27,57.25,59.02,61.65,0,0,20.3,21.7,56.94,0.97,1.64,64522,1,31.17,60.0,0.31,1,30007
1490749,57.27,57.26,59.02,61.65,0,0,20.3,21.7,56.94,0.97,1.64,64522,1,31.17,60.0,0.32,1,30507
1491258,57.29,57.27,59.02,61.65,0,0,20.45,21.7,56.94,0.97,1.64,64522,1,31.17,60.0,0.33,1,31007
1491767,57.32,57.3,59.02,61.65,0,0,20.43,21.71,56.94,0.97,1.64,64522,1,31.17,60.0,0.36,1,31507
1492276,57.32,57.31,59.02,61.65,0,0,20.43,21.71,56.94,0.97,1.64,64522,1,31.17,60.0,0.37,1,32007
1492785,57.32,57.32,59.02,61.65,0,0,20.43,21.71,56.94,0.97,1.64,64522,1,31.17,60.0,0.38,1,32507
1493294,57.32,57.32,59.02,61.65,0,0,20.43,21.71,56.94,0.97,1.64,64522,1,31.17,60.0,0.38,1,33007
1493803,57.35,57.32,59.02,61.65,0,0,20.73,21.71,56.94,0.97,1.64,64522,1,31.17,60.0,0.38,1,33507
1494312,57.35,57.34,59.02,61.65,0,0,20.73,21.72,56.94,0.97,1.64,64522,1,31.17,60.0,0.4,1,34007
1494821,57.35,57.34,59.02,61.65,0,0,20.73,21.72,56.94,0.97,1.64,64522,1,31.17,60.0,0.4,1,34507
1495330,57.35,57.35,59.02,61.65,0,0,20.79,21.72,56.94,0.97,1.64,64522,1,31.17,60.0,0.41,1,35007
1495839,57.4,57.35,59.02,61.65,0,0,20.81,21.72,56.94,0.97,1.64,64522,1,31.17,60.0,0.41,1,35507
1496348,57.4,57.37,59.02,61.65,0,0,20.81,21.73,56.94,0.97,1.64,64522,1,31.17,60.0,0.43,1,36007
1496857,57.4,57.39,59.02,61.65,0,0,21.14,21.73,56.94,0.97,1.64,64522,1,31.16,60.0,0.45,1,36507
1497366,57.4,57.39,59.02,61.65,0,0,21.14,21.72,56.94,0.97,1.64,64522,1,31.16,60.0,0.45,1,37007
1497875,57.4,57.4,59.02,61.65,0,0,21.14,21.72,56.94,0.97,1.64,64522,1,31.16,60.0,0.46,1,37507
1498384,57.43,57.4,59.02,61.65,0,0,20.99,21.72,56.94,0.97,1.64,64522,1,31.17,60.0,0.46,1,38007
1498893,57.43,57.41,59.02,61.65,0,0,20.99,21.74,56.94,0.97,1.64,64522,1,31.17,60.0,0.47,1,38507
1499402,57.43,57.42,59.02,61.65,0,0,21.27,21.74,56.94,0.97,1.64,64522,1,31.18,60.0,0.48,1,39007
1499911,57.43,57.42,59.02,61.65,0,0,21.27,21.75,56.94,0.97,1.64,64522,1,31.18,60.0,0.48,1,39507
1500420,57.46,57.44,59.02,61.65,0,0,21.1,21.75,56.94,0.97,1.64,64522,1,31.17,60.0,0.5,1,40010
1500929,57.43,57.45,59.02,61.65,0,0,21.29,21.75,56.94,0.97,1.64,64522,1,31.16,60.0,0.51,1,40510
1501438,57.48,57.44,59.02,61.65,0,0,21.42,21.73,56.94,0.97,1.64,64522,1,31.16,60.0,0.5,1,41010
1501947,57.48,57.46,59.02,61.65,0,0,21.42,21.74,56.94,0.97,1.64,64522,1,31.16,60.0,0.52,1,41516
1502456,57.46,57.47,59.02,61.65,0,0,20.84,21.75,56.94,0.97,1.64,64522,1,31.17,60.0,0.53,1,42520
1502965,57.46,57.47,59.02,61.65,0,0,20.84,21.75,56.94,0.97,1.64,64522,1,31.17,60.0,0.53,1,43020
1503474,57.49,57.48,59.02,61.65,0,0,21.55,21.76,56.94,0.97,1.64,64522,1,31.17,60.0,0.54,1,43520
1503983,57.51,57.49,59.02,61.65,0,0,21.61,21.74,56.94,0.97,1.64,64522,1,31.14,60.0,0.55,1,44020
1504492,57.51,57.5,59.02,61.65,0,0,21.61,21.74,56.94,0.97,1.64,64522,1,31.14,60.0,0.56,1,44520
1505001,57.51,57.5,59.02,61.65,0,0,21.61,21.74,56.94,0.97,1.64,64522,1,31.14,60.0,0.56,1,45020
1505510,57.54,57.51,59.02,61.65,0,0,21.77,21.74,56.94,0.97,1.64,64522,1,31.2,60.0,0.57,1,45520
1506019,57.54,57.52,59.02,61.65,0,0,21.77,21.8,56.94,0.97,1.64,64522,1,31.2,60.0,0.58,1,46020
1506528,57.54,57.53,59.02,61.65,0,0,22.11,21.79,56.94,0.97,1.64,64522,1,31.18,60.0,0.59,1,46520
1507037,57.54,57.54,59.02,61.65,0,0,22.11,21.79,56.94,0.97,1.64,64522,1,31.18,60.0,0.6,1,47022
1507546,57.56,57.55,59.02,61.65,0,0,21.94,21.79,56.94,0.97,1.64,64522,1,31.18,60.0,0.61,1,47522
1508055,57.54,57.54,59.02,61.65,0,0,22.0,21.79,56.94,0.97,1.64,64522,1,31.18,60.0,0.6,1,48022
1508564,57.56,57.55,59.02,61.65,0,0,22.03,21.79,56.94,0.97,1.64,64522,1,31.18,60.0,0.61,1,48522
1509073,57.56,57.56,59.02,61.65,0,0,22.03,21.79,56.94,0.97,1.64,64522,1,31.18,60.0,0.62,1,49022
1509582,57.56,57.56,59.02,61.65,0,0,22.07,21.78,56.94,0.97,1.64,64522,1,31.17,60.0,0.62,1,49522
1510091,57.56,57.56,59.02,61.65,0,0,22.07,21.78,56.94,0.97,1.64,64522,1,31.17,60.0,0.62,1,50022
1510600,57.59,57.58,59.02,61.65,0,0,22.29,21.8,56.94,0.97,1.64,64522,1,31.18,60.0,0.64,1,50522
1511109,57.59,57.58,59.02,61.65,0,0,22.29,21.8,56.94,0.97,1.64,64522,1,31.18,60.0,0.64,1,51022
1511618,57.62,57.59,59.02,61.65,0,0,21.72,21.8,56.94,0.97,1.64,64522,1,31.18,60.0,0.65,1,51522
1512127,57.62,57.6,59.02,61.65,0,0,21.72,21.81,56.94,0.97,1.64,64522,1,31.18,60.0,0.66,1,52022
1512636,57.6,57.6,59.02,61.65,0,0,22.46,21.82,56.94,0.97,1.64,64522,1,31.2,60.0,0.66,1,52522
1513145,57.63,57.6,59.02,61.65,0,0,22.35,21.82,56.94,0.97,1.64,64522,1,31.18,60.0,0.66,1,53022
1513654,57.63,57.62,59.02,61.65,0,0,22.35,21.81,56.94,0.97,1.64,64522,1,31.18,60.0,0.67,1,53522
1514163,57.63,57.62,59.02,61.65,0,0,22.68,21.81,56.94,0.97,1.64,64522,1,31.18,60.0,0.68,1,54022
1514672,57.65,57.62,59.02,61.65,0,0,22.68,21.81,56.94,0.97,1.64,64522,1,31.2,60.0,0.68,1,54522
1515182,57.65,57.64,59.02,61.65,0,0,22.68,21.83,56.94,0.97,1.64,64522,1,31.2,60.0,0.7,1,55022
1515692,57.63,57.63,59.02,61.65,0,0,22.7,21.81,56.94,0.97,1.64,64522,1,31.18,60.0,0.69,1,55522
1516201,57.63,57.63,59.02,61.65,0,0,22.7,21.81,56.94,0.97,1.64,64522,1,31.18,60.0,0.69,1,56022
1516710,57.67,57.65,59.02,61.65,0,0,22.81,21.83,56.94,0.97,1.64,64522,1,31.2,60.0,0.71,1,56522
1517219,57.64,57.66,59.02,61.65,0,0,22.68,21.83,56.94,0.97,1.64,64522,1,31.18,60.0,0.72,1,57022
1517728,57.64,57.65,59.02,61.65,0,0,22.68,21.81,56.94,0.97,1.64,64522,1,31.18,60.0,0.71,1,57522
1518237,57.64,57.64,59.02,61.65,0,0,22.83,21.81,56.94,0.97,1.64,64522,1,31.18,60.0,0.7,1,58024
1518746,57.64,57.64,59.02,61.65,0,0,22.83,21.81,56.94,0.97,1.64,64522,1,31.18,60.0,0.7,1,58524
1519255,57.69,57.64,59.02,61.65,0,0,23.0,21.81,56.94,0.97,1.64,64522,1,31.2,60.0,0.7,1,59024
1519764,57.69,57.67,59.02,61.65,0,0,23.0,21.84,56.94,0.97,1.64,64522,1,31.2,60.0,0.73,1,59524
1520273,57.69,57.68,59.02,61.65,0,0,23.0,21.84,56.94,0.97,1.64,64522,1,31.2,60.0,0.74,1,60024
1520782,57.69,57.69,59.02,61.65,0,0,23.0,21.84,56.94,0.97,1.64,64522,1,31.2,60.0,0.75,1,60524
1521291,57.71,57.7,59.02,61.65,0,0,23.07,21.86,56.94,0.97,1.64,64522,1,31.21,60.0,0.76,1,61024
1521800,57.7,57.7,59.02,61.65,0,0,23.05,21.86,56.94,0.97,1.64,64522,1,31.21,60.0,0.76,1,61524
1522309,57.7,57.7,59.02,61.65,0,0,23.05,21.85,56.94,0.97,1.64,64522,1,31.21,60.0,0.76,1,62024
1522818,57.76,57.73,59.02,61.65,0,0,23.09,21.84,56.94,0.97,1.64,64522,1,31.17,60.0,0.79,1,62524
1523327,57.76,57.75,59.02,61.65,0,0,23.37,21.84,56.94,0.97,1.64,64522,1,31.18,60.0,0.81,1,63026
1523836,57.76,57.76,59.02,61.65,0,0,23.37,21.85,56.94,0.97,1.64,64522,1,31.18,60.0,0.82,1,63527
1524345,57.76,57.76,59.02,61.65,0,0,23.37,21.85,56.94,0.97,1.64,64522,1,31.18,60.0,0.82,1,64027
1524854,57.76,57.76,59.02,61.65,0,0,23.37,21.85,56.94,0.97,1.64,64522,1,31.18,60.0,0.82,1,64527
1525363,57.78,57.77,59.02,61.65,0,0,23.13,21.84,56.94,0.97,1.64,64522,1,31.17,60.0,0.83,1,65027
1525872,57.78,57.77,59.02,61.65,0,0,23.13,21.84,56.94,0.97,1.64,64522,1,31.17,60.0,0.83,1,65527
1526381,57.72,57.74,59.02,61.65,0,0,23.48,21.85,56.94,0.97,1.64,64522,1,31.2,60.0,0.8,1,66027
1526890,57.74,57.73,59.02,61.65,0,0,23.26,21.85,56.94,0.97,1.64,64522,1,31.21,60.0,0.79,1,66527
1527399,57.74,57.74,59.02,61.65,0,0,23.26,21.87,56.94,0.97,1.64,64522,1,31.21,60.0,0.8,1,67027
1527908,57.79,57.74,59.02,61.65,0,0,23.57,21.87,56.94,0.97,1.64,64522,1,31.23,60.0,0.8,1,67527
1528417,57.79,57.76,59.02,61.65,0,0,23.57,21.89,56.94,0.97,1.64,64522,1,31.23,60.0,0.82,1,68027
1528926,57.77,57.77,59.02,61.65,0,0,23.65,21.89,56.94,0.97,1.64,64522,1,31.21,60.0,0.83,1,68527
1529435,57.77,57.77,59.02,61.65,0,0,23.65,21.87,56.94,0.97,1.64,64522,1,31.21,60.0,0.83,1,69027
1529944,57.78,57.77,59.02,61.65,0,0,23.55,21.87,56.94,0.97,1.64,64522,1,31.18,60.0,0.83,1,69527
1530453,57.78,57.77,59.02,61.65,0,0,23.55,21.85,56.94,0.97,1.64,64522,1,31.18,60.0,0.83,1,70027
1530962,57.77,57.78,59.02,61.65,0,0,23.81,21.85,56.94,0.97,1.64,64522,1,31.2,60.0,0.84,1,70527
1531471,57.77,57.77,59.02,61.65,0,0,23.81,21.86,56.94,0.97,1.64,64522,1,31.2,60.0,0.83,1,71535
1531980,57.77,57.77,59.02,61.65,0,0,23.81,21.86,56.94,0.97,1.64,64522,1,31.2,60.0,0.83,1,72035
1532489,57.77,57.77,59.02,61.65,0,0,23.81,21.86,56.94,0.97,1.64,64522,1,31.2,60.0,0.83,1,72535
1532998,57.81,57.79,59.02,61.65,0,0,23.57,21.85,56.94,0.97,1.64,64522,1,31.17,60.0,0.85,1,73035
1533507,57.81,57.8,59.02,61.65,0,0,23.57,21.85,56.94,0.97,1.64,64522,1,31.17,60.0,0.86,1,73537
1534016,57.82,57.81,59.02,61.65,0,0,23.89,21.89,56.94,0.97,1.64,64522,1,31.21,60.0,0.87,1,74037
1534525,57.81,57.81,59.02,61.65,0,0,23.89,21.87,56.94,0.97,1.64,64522,1,31.2,60.0,0.87,1,74538
1535034,57.81,57.81,59.02,61.65,0,0,23.89,21.87,56.94,0.97,1.64,64522,1,31.2,60.0,0.87,1,75038
1535543,57.81,57.81,59.02,61.65,0,0,23.89,21.87,56.94,0.97,1.64,64522,1,31.2,60.0,0.87,1,75538
1536052,57.83,57.82,59.02,61.65,0,0,24.05,21.87,56.94,0.97,1.64,64522,1,31.18,60.0,0.88,1,76038
1536561,57.85,57.83,59.02,61.65,0,0,24.07,21.9,56.94,0.97,1.64,64522,1,31.21,60.0,0.89,1,76538
1537070,57.85,57.84,59.02,61.65,0,0,24.07,21.9,56.94,0.97,1.64,64522,1,31.21,60.0,0.9,1,77038
1537579,57.86,57.85,59.02,61.65,0,0,24.03,21.9,56.94,0.97,1.64,64522,1,31.21,60.0,0.91,1,77538
1538088,57.86,57.85,59.02,61.65,0,0,24.03,21.9,56.94,0.97,1.64,64522,1,31.21,60.0,0.91,1,78038
1538597,57.86,57.85,59.02,61.65,0,0,24.03,21.9,56.94,0.97,1.64,64522,1,31.21,60.0,0.91,1,78538
1539106,57.85,57.85,59.02,61.65,0,0,24.29,21.87,56.94,0.97,1.64,64522,1,31.18,60.0,0.91,1,79038
1539615,57.86,57.86,59.02,61.65,0,0,24.33,21.89,56.94,0.97,1.64,64522,1,31.2,60.0,0.92,1,79538
1540124,57.86,57.86,59.02,61.65,0,0,24.33,21.89,56.94,0.97,1.64,64522,1,31.2,60.0,0.92,1,80040
1540633,57.85,57.85,59.02,61.65,0,0,24.05,21.9,56.94,0.97,1.64,64522,1,31.21,60.0,0.91,1,80541
1541142,57.85,57.85,59.02,61.65,0,0,24.05,21.9,56.94,0.97,1.64,64522,1,31.21,60.0,0.91,1,81041
1541651,57.87,57.86,59.02,61.65,0,0,24.57,21.92,56.94,0.97,1.64,64522,1,31.23,60.0,0.92,1,81541
1542160,57.87,57.87,59.02,61.65,0,0,24.57,21.92,56.94,0.97,1.64,64522,1,31.23,60.0,0.93,1,82041
1542669,57.86,57.87,59.02,61.65,0,0,24.51,21.92,56.94,0.97,1.64,64522,1,31.18,60.0,0.93,1,82541
1543178,57.87,57.87,59.02,61.65,0,0,24.18,21.88,56.94,0.97,1.64,64522,1,31.21,60.0,0.93,1,83041
1543687,57.87,57.87,59.02,61.65,0,0,24.18,21.9,56.94,0.97,1.64,64522,1,31.21,60.0,0.93,1,83541
1544196,57.85,57.87,59.02,61.65,0,0,24.16,21.9,56.94,0.97,1.64,64522,1,31.2,60.0,0.93,1,84041
1544705,57.85,57.86,59.02,61.65,0,0,24.16,21.89,56.94,0.97,1.64,64522,1,31.2,60.0,0.92,1,84541
1545214,57.91,57.88,59.02,61.65,0,0,24.62,21.91,56.94,0.97,1.64,64522,1,31.21,60.0,0.94,1,85041
1545723,57.93,57.89,59.02,61.65,0,0,24.6,21.91,56.94,0.97,1.64,64522,1,31.21,60.0,0.95,1,85541
1546232,57.93,57.91,59.02,61.65,0,0,24.6,21.92,56.94,0.97,1.64,64522,1,31.21,60.0,0.97,1,86041
1546741,57.9,57.91,59.02,61.65,0,0,24.66,21.89,56.94,0.97,1.64,64522,1,31.18,60.0,0.97,1,86541
1547250,57.9,57.9,59.02,61.65,0,0,24.66,21.89,56.94,0.97,1.64,64522,1,31.18,60.0,0.96,1,87041
1547759,57.9,57.9,59.02,61.65,0,0,24.4,21.89,56.94,0.97,1.64,64522,1,31.23,60.0,0.96,1,87541
1548268,57.9,57.9,59.02,61.65,0,0,24.4,21.93,56.94,0.97,1.64,64522,1,31.23,60.0,0.96,1,88041
1548777,57.9,57.9,59.02,61.65,0,0,24.4,21.93,56.94,0.97,1.64,64522,1,31.23,60.0,0.96,1,88542
1549286,57.9,57.9,59.02,61.65,0,0,24.73,21.9,56.94,0.97,1.64,64522,1,31.2,60.0,0.96,1,89044
1549795,57.9,57.9,59.02,61.65,0,0,24.73,21.9,56.94,0.97,1.64,64522,1,31.2,60.0,0.96,1,89544
1550304,57.93,57.92,59.02,61.65,0,0,24.92,21.91,56.94,0.97,1.64,64522,1,31.2,60.0,0.98,1,90044
1550813,57.96,57.92,59.02,61.65,0,0,24.92,21.91,56.94,0.97,1.64,64522,1,31.21,60.0,0.98,1,90544
1551322,57.96,57.94,59.02,61.65,0,0,24.92,21.93,56.94,0.97,1.64,64522,1,31.21,60.0,1.0,1,91044
1551831,57.92,57.95,59.02,61.65,0,0,25.23,21.93,56.94,0.97,1.64,64522,1,31.18,60.0,1.01,1,91544
1552340,57.97,57.93,59.02,61.65,0,0,24.88,21.89,56.94,0.97,1.64,64522,1,31.2,60.0,0.99,1,92044
1552849,57.97,57.95,59.02,61.65,0,0,24.88,21.92,56.94,0.97,1.64,64522,1,31.2,60.0,1.01,1,92544
1553358,58.02,57.96,59.02,61.65,0,0,24.92,21.92,56.94,0.97,1.64,64522,1,31.23,60.0,1.02,1,93044
1553867,57.97,57.99,59.02,61.65,0,0,24.99,21.96,56.94,0.97,1.64,64522,1,31.2,60.0,1.05,1,93544
1554376,57.95,57.98,59.02,61.65,0,0,25.01,21.92,56.94,0.97,1.64,64522,1,31.2,60.0,1.04,1,94044
1554885,57.95,57.97,59.02,61.65,0,0,25.01,21.92,56.94,0.97,1.64,64522,1,31.2,60.0,1.03,1,94544
1555394,57.95,57.96,59.02,61.65,0,0,25.01,21.92,56.94,0.97,1.64,64522,1,31.2,60.0,1.02,1,95044
1555903,57.98,57.96,59.02,61.65,0,0,25.17,21.92,56.94,0.97,1.64,64522,1,31.21,60.0,1.02,1,95544
1556412,57.98,57.97,59.02,61.65,0,0,25.17,21.94,56.94,0.97,1.64,64522,1,31.21,60.0,1.03,1,96044
1556921,57.98,57.98,59.02,61.65,0,0,25.17,21.94,56.94,0.97,1.64,64522,1,31.21,60.0,1.04,1,96544
1557430,58.03,57.98,59.02,61.65,0,0,25.41,21.94,56.94,0.97,1.64,64522,1,31.23,60.0,1.04,1,97044
1557939,58.03,58.01,59.02,61.65,0,0,25.41,21.97,56.94,0.97,1.64,64522,1,31.23,60.0,1.07,1,97544
1558448,58.11,58.02,59.02,61.65,0,0,25.41,21.97,56.94,0.97,1.64,64522,1,31.23,60.0,1.08,1,98044
1558957,58.06,58.07,59.02,61.65,0,0,25.25,21.99,56.94,0.97,1.64,64522,1,31.21,60.0,1.13,1,98544
1559466,58.02,58.06,59.02,61.65,0,0,25.1,21.96,56.94,0.97,1.64,64522,1,31.2,60.0,1.12,1,99044
1559975,58.02,58.04,59.02,61.65,0,0,25.1,21.93,56.94,0.97,1.64,64522,1,31.2,60.0,1.1,1,99544
1560484,58.04,58.04,59.02,61.65,0,0,25.41,21.94,56.94,0.97,1.64,64522,1,31.2,60.0,1.1,1,100548
1560993,58.04,58.04,59.02,61.65,0,0,25.41,21.94,56.94,0.97,1.64,64522,1,31.2,60.0,1.1,1,101048
1561502,58.08,58.06,59.02,61.65,0,0,25.28,21.96,56.94,0.97,1.64,64522,1,31.21,60.0,1.12,1,101548
1562011,58.1,58.08,59.02,61.65,0,0,25.43,21.97,56.94,0.97,1.64,64522,1,31.21,60.0,1.14,1,102048
1562520,58.1,58.09,59.02,61.65,0,0,25.43,21.97,56.94,0.97,1.64,64522,1,31.21,60.0,1.15,1,102548
1563029,58.1,58.09,59.02,61.65,0,0,25.43,21.97,56.94,0.97,1.64,64522,1,31.21,60.0,1.15,1,103048
1563538,58.12,58.09,59.02,61.65,0,0,25.3,21.97,56.94,0.97,1.64,64522,1,31.21,60.0,1.15,1,103548
1564047,58.12,58.11,59.02,61.65,0,0,25.3,21.97,56.94,0.97,1.64,64522,1,31.21,60.0,1.17,1,104048
1564556,58.12,58.11,59.02,61.65,0,0,25.3,21.97,56.94,0.97,1.64,64522,1,31.21,60.0,1.17,1,104548
1565065,58.15,58.13,59.02,61.65,0,0,25.32,22.0,56.94,0.97,1.64,64522,1,31.23,60.0,1.19,1,105049
1565578,58.18,58.14,59.02,61.65,0,0,25.5,22.0,56.94,0.97,1.64,64522,1,31.2,60.0,1.2,1,105549
1566088,58.18,58.16,59.02,61.65,0,0,25.5,21.98,56.94,0.97,1.64,64522,1,31.2,60.0,1.22,1,106049
1566597,58.17,58.17,59.02,61.65,0,0,25.76,22.0,56.94,0.97,1.64,64522,1,31.23,60.0,1.23,1,106549
1567106,58.17,58.17,59.02,61.65,0,0,25.76,22.0,56.94,0.97,1.64,64522,1,31.23,60.0,1.23,1,107049
1567615,58.17,58.17,59.02,61.65,0,0,25.47,22.0,56.94,0.97,1.64,64522,1,31.23,60.0,1.23,1,107549
1568124,58.17,58.17,59.02,61.65,0,0,25.47,22.0,56.94,0.97,1.64,64522,1,31.23,60.0,1.23,1,108049
1568633,58.17,58.17,59.02,61.65,0,0,25.47,22.0,56.94,0.97,1.64,64522,1,31.23,60.0,1.23,1,108549
1569142,58.17,58.17,59.02,61.65,0,0,25.47,22.0,56.94,0.97,1.64,64522,1,31.23,60.0,1.23,1,109049
1569651,58.17,58.17,59.02,61.65,0,0,25.47,22.0,56.94,0.97,1.64,64522,1,31.23,60.0,1.23,1,109549
1570160,58.25,58.21,59.02,61.65,0,0,25.83,22.03,56.94,0.97,1.64,64522,1,31.23,60.0,1.27,1,110049
1570669,58.28,58.25,59.02,61.65,0,0,25.41,22.04,56.94,0.97,1.64,64522,1,31.23,60.0,1.31,1,110554
1571184,58.28,58.27,59.02,61.65,0,0,25.81,22.04,56.94,0.97,1.64,64522,1,31.21,60.0,1.33,1,111054
1571694,58.28,58.27,59.02,61.65,0,0,25.81,22.02,56.94,0.97,1.64,64522,1,31.21,60.0,1.33,1,111554
1572203,58.27,58.27,59.02,61.65,0,0,25.52,22.03,56.94,0.97,1.64,64522,1,31.23,60.0,1.33,1,112054
1572712,58.27,58.27,59.02,61.65,0,0,25.52,22.03,56.94,0.97,1.64,64522,1,31.23,60.0,1.33,1,112554
1573221,58.27,58.27,59.02,61.65,0,0,25.52,22.03,56.94,0.97,1.64,64522,1,31.23,60.0,1.33,1,113054
1573730,58.32,58.3,59.02,61.65,0,0,25.94,22.03,56.94,0.97,1.64,64522,1,31.21,60.0,1.36,1,113554
1574239,58.32,58.31,59.02,61.65,0,0,25.94,22.03,56.94,0.97,1.64,64522,1,31.21,60.0,1.37,1,114054
1574748,58.32,58.32,59.02,61.65,0,0,25.39,22.03,56.94,0.97,1.64,64522,1,31.21,60.0,1.37,1,114554
1575257,58.32,58.32,59.02,61.65,0,0,25.39,22.03,56.94,0.97,1.64,64522,1,31.21,60.0,1.38,1,115054
1575766,58.37,58.34,59.02,61.65,0,0,25.85,22.03,56.94,0.97,1.64,64522,1,31.2,60.0,1.4,1,115554
1576275,58.37,58.35,59.02,61.65,0,0,25.85,22.03,56.94,0.97,1.64,64522,1,31.2,60.0,1.41,1,116054
1576784,58.33,58.36,59.02,61.65,0,0,26.09,22.03,56.94,0.97,1.64,64522,1,31.21,60.0,1.42,1,116554
1577293,58.33,58.35,59.02,61.65,0,0,26.09,22.03,56.94,0.97,1.64,64522,1,31.21,60.0,1.41,1,117055
1577802,58.33,58.34,59.02,61.65,0,0,26.09,22.03,56.94,0.97,1.64,64522,1,31.21,60.0,1.4,1,117555
1578311,58.4,58.37,59.02,61.65,0,0,26.25,22.07,56.94,0.97,1.64,64522,1,31.23,60.0,1.43,1,118055
1578820,58.41,58.38,59.02,61.65,0,0,26.01,22.07,56.94,0.97,1.64,64522,1,31.24,60.0,1.44,1,118555
1579329,58.41,58.4,59.02,61.65,0,0,26.01,22.08,56.94,0.97,1.64,64522,1,31.24,60.0,1.46,1,119055
1579838,58.41,58.41,59.02,61.65,0,0,26.01,22.08,56.94,0.97,1.64,64522,1,31.24,60.0,1.47,1,119555
1580347,58.41,58.41,59.02,61.65,0,0,26.01,22.08,56.94,0.97,1.64,64522,1,31.24,60.0,1.47,1,120055
1580856,58.44,58.41,59.02,61.65,0,0,26.18,22.08,56.94,0.97,1.64,64522,1,31.21,60.0,1.47,1,120555
1581365,58.44,58.43,59.02,61.65,0,0,26.18,22.07,56.94,0.97,1.64,64522,1,31.21,60.0,1.49,1,121055
1581877,58.44,58.44,59.02,61.65,0,0,26.18,22.07,56.94,0.97,1.64,64522,1,31.21,60.0,1.5,1,121555
1582387,58.5,58.44,59.02,61.65,0,0,26.12,22.07,56.94,0.97,1.64,64522,1,31.23,60.0,1.5,1,122055
1582896,58.5,58.47,59.02,61.65,0,0,26.12,22.1,56.94,0.97,1.64,64522,1,31.23,60.0,1.53,1,122555
1583405,58.52,58.5,59.02,61.65,0,0,26.2,22.1,56.94,0.97,1.64,64522,1,31.23,60.0,1.56,1,123055
1583914,58.54,58.51,59.02,61.65,0,0,26.45,22.1,56.94,0.97,1.64,64522,1,31.25,60.0,1.57,1,123555
1584423,58.54,58.53,59.02,61.65,0,0,26.45,22.13,56.94,0.97,1.64,64522,1,31.25,60.0,1.59,1,124055
1584932,58.54,58.53,59.02,61.65,0,0,26.38,22.11,56.94,0.97,1.64,64522,1,31.23,60.0,1.59,1,124555
1585441,58.57,58.53,59.02,61.65,0,0,26.87,22.11,56.94,0.97,1.64,64522,1,31.21,60.0,1.59,1,125055
1585950,58.57,58.55,59.02,61.65,0,0,26.87,22.1,56.94,0.97,1.64,64522,1,31.21,60.0,1.61,1,125555
1586459,58.57,58.56,59.02,61.65,0,0,26.34,22.1,56.94,0.97,1.64,64522,1,31.23,60.0,1.62,1,126055
1586968,58.62,58.57,59.02,61.65,0,0,26.4,22.12,56.94,0.97,1.64,64522,1,31.21,60.0,1.63,1,126555
1587477,58.62,58.59,59.02,61.65,0,0,26.4,22.12,56.94,0.97,1.64,64522,1,31.21,60.0,1.65,1,127055
1587986,58.61,58.61,59.02,61.65,0,0,26.32,22.12,56.94,0.97,1.64,64522,1,31.23,60.0,1.67,1,127555
1588495,58.61,58.61,59.02,61.65,0,0,26.32,22.13,56.94,0.97,1.64,64522,1,31.23,60.0,1.67,1,128559
1589004,58.61,58.61,59.02,61.65,0,0,26.32,22.13,56.94,0.97,1.64,64522,1,31.23,60.0,1.67,1,129059
1589513,58.61,58.61,59.02,61.65,0,0,26.32,22.13,56.94,0.97,1.64,64522,1,31.23,60.0,1.67,1,129559
1590022,58.69,58.65,59.02,61.65,0,0,26.47,22.16,56.94,0.97,1.64,64522,1,31.24,60.0,1.71,1,130059
1590531,58.73,58.69,59.02,61.65,0,0,26.58,22.19,56.94,0.97,1.64,64522,1,31.25,60.0,1.75,1,130559
1591040,58.71,58.7,59.02,61.65,0,0,26.58,22.17,56.94,0.97,1.64,64522,1,31.24,60.0,1.76,1,131059
1591549,58.71,58.71,59.02,61.65,0,0,26.58,22.17,56.94,0.97,1.64,64522,1,31.24,60.0,1.77,1,131559
1592058,58.73,58.72,59.02,61.65,0,0,26.47,22.17,56.94,0.97,1.64,64522,1,31.24,60.0,1.78,1,132059
1592567,58.73,58.72,59.02,61.65,0,0,26.47,22.17,56.94,0.97,1.64,64522,1,31.24,60.0,1.78,1,132559
1593076,58.73,58.72,59.02,61.65,0,0,26.47,22.17,56.94,0.97,1.64,64522,1,31.24,60.0,1.78,1,133059
1593585,58.79,58.76,59.02,61.65,0,0,26.58,22.19,56.94,0.97,1.64,64522,1,31.24,60.0,1.82,1,133559
1594094,58.8,58.77,59.02,61.65,0,0,26.67,22.19,56.94,0.97,1.64,64522,1,31.23,60.0,1.83,1,134059
1594603,58.8,58.79,59.02,61.65,0,0,26.67,22.18,56.94,0.97,1.64,64522,1,31.23,60.0,1.85,1,134559
1595112,58.8,58.79,59.02,61.65,0,0,26.74,22.19,56.94,0.97,1.64,64522,1,31.24,60.0,1.85,1,135059
1595621,58.85,58.82,59.02,61.65,0,0,26.69,22.19,56.94,0.97,1.64,64522,1,31.23,60.0,1.88,1,135559
1596130,58.85,58.83,59.02,61.65,0,0,26.69,22.19,56.94,0.97,1.64,64522,1,31.23,60.0,1.89,1,136059
1596639,58.85,58.84,59.02,61.65,0,0,26.69,22.19,56.94,0.97,1.64,64522,1,31.23,60.0,1.9,1,136559
1597148,58.9,58.84,59.02,61.65,0,0,26.72,22.19,56.94,0.97,1.64,64522,1,31.23,60.0,1.9,1,137059
1597657,58.9,58.87,59.02,61.65,0,0,26.72,22.21,56.94,0.97,1.64,64522,1,31.23,60.0,1.93,1,137559
1598166,58.92,58.89,59.02,61.65,0,0,26.25,22.24,56.94,0.97,1.64,64522,1,31.25,60.0,1.95,1,138059
1598675,58.92,58.9,59.02,61.65,0,0,26.25,22.24,56.94,0.97,1.64,64522,1,31.25,60.0,1.96,1,138559
1599184,58.94,58.92,59.02,61.65,0,0,27.18,22.23,56.94,0.97,1.64,64522,1,31.24,60.0,1.98,1,139059
1599693,58.94,58.93,59.02,61.65,0,0,27.18,22.23,56.94,0.97,1.64,64522,1,31.24,60.0,1.99,1,139559
1600202,58.94,58.93,59.02,61.65,0,0,27.18,22.23,56.94,0.97,1.64,64522,1,31.24,60.0,1.99,1,140059
1600711,59.01,58.94,59.02,61.65,0,0,26.72,22.23,56.94,0.97,1.64,64522,1,31.23,60.0,2.0,1,140559
1601220,59.01,58.97,59.02,61.65,0,0,26.72,22.24,56.94,0.97,1.64,64522,1,31.23,60.0,2.03,1,141059
1601729,59.01,58.99,59.02,61.65,0,0,26.72,22.24,56.94,0.97,1.64,64522,1,31.23,60.0,2.05,1,141559
1602238,59.02,59.01,59.02,61.65,0,0,27.07,22.24,56.94,0.97,1.64,64522,1,31.23,60.0,2.07,1,142059
1602747,59.06,59.04,59.02,61.65,1,0,27.14,22.28,56.94,0.97,1.64,142566,0,31.25,60.0,2.1,0,0
1603256,59.09,59.05,59.02,61.8,1,0,26.78,22.28,59.05,0.97,1.79,142566,0,31.25,60.0,0.0,0,500
1603765,59.1,59.07,59.02,61.8,1,0,26.94,22.29,59.07,0.97,1.79,142566,0,31.23,60.0,0.0,0,1000
1604274,59.1,59.08,59.02,61.8,1,0,26.94,22.26,59.08,0.97,1.79,142566,0,31.23,60.0,0.0,0,1500
1604783,59.1,59.09,59.02,61.8,1,0,26.94,22.26,59.09,0.97,1.79,142566,0,31.23,60.0,0.0,0,2000
1605292,59.1,59.09,59.02,61.8,1,0,27.01,22.26,59.09,0.97,1.79,142566,0,31.25,60.0,0.0,0,2500
1605801,59.13,59.1,59.02,61.8,1,0,26.94,22.29,59.1,0.97,1.79,142566,0,31.24,60.0,0.0,0,3000
1606310,59.13,59.11,59.02,61.8,1,0,26.94,22.28,59.11,0.97,1.79,142566,0,31.24,60.0,0.0,0,3500
1606819,59.18,59.12,59.02,61.8,1,0,26.78,22.28,59.12,0.97,1.79,142566,0,31.25,60.0,0.0,0,4000
1607328,59.18,59.15,59.02,61.8,1,0,26.78,22.31,59.15,0.97,1.79,142566,0,31.25,60.0,0.0,0,4500
1607837,59.18,59.16,59.02,61.8,1,0,26.78,22.31,59.16,0.97,1.79,142566,0,31.25,60.0,0.0,0,5000
1608346,59.22,59.17,59.02,61.8,1,0,26.69,22.31,59.17,0.97,1.79,142566,0,31.21,60.0,0.0,0,5500
1608855,59.22,59.19,59.02,61.8,1,0,26.69,22.28,59.19,0.97,1.79,142566,0,31.21,60.0,0.0,0,6000
1609364,59.27,59.21,59.02,61.8,1,0,26.6,22.28,59.21,0.97,1.79,142566,0,31.25,60.0,0.0,0,6500
1609873,59.27,59.24,59.02,61.8,1,0,26.6,22.33,59.24,0.97,1.79,142566,0,31.25,60.0,0.0,0,7001
1610382,59.32,59.25,59.02,61.8,1,0,26.49,22.33,59.25,0.97,1.79,142566,0,31.21,60.0,0.0,0,7501
1610891,59.35,59.29,59.02,61.8,1,0,26.36,22.31,59.29,0.97,1.79,142566,0,31.25,60.0,0.0,0,8001
1611400,59.35,59.32,59.02,61.8,1,0,26.36,22.36,59.32,0.97,1.79,142566,0,31.25,60.0,0.0,0,8501
1611909,59.36,59.34,59.02,61.8,1,0,26.29,22.36,59.34,0.97,1.79,142566,0,31.25,60.0,0.0,0,9001
1612418,59.38,59.35,59.02,61.8,1,0,26.29,22.36,59.35,0.97,1.79,142566,0,31.23,60.0,0.0,0,9501
1612927,59.38,59.37,59.02,61.8,1,0,26.29,22.34,59.37,0.97,1.79,142566,0,31.23,60.0,0.0,0,10001
1613436,59.41,59.39,59.02,61.8,1,0,25.98,22.35,59.39,0.97,1.79,142566,0,31.23,60.0,0.0,0,10501
1613945,59.41,59.4,59.02,61.8,1,0,26.03,22.35,59.4,0.97,1.79,142566,0,31.23,60.0,0.0,0,11001
1614454,59.41,59.41,59.02,61.8,1,0,26.03,22.35,59.41,0.97,1.79,142566,0,31.23,60.0,0.0,0,11501
1614963,59.45,59.41,59.02,61.8,1,0,25.78,22.35,59.41,0.97,1.79,142566,0,31.25,60.0,0.0,0,12001
1615472,59.47,59.43,59.02,61.8,1,0,25.72,22.39,59.43,0.97,1.79,142566,0,31.25,60.0,0.0,0,12501
1615981,59.49,59.45,59.02,61.8,1,0,25.5,22.39,59.45,0.97,1.79,142566,0,31.23,60.0,0.0,0,13001
1616490,59.49,59.47,59.02,61.8,1,0,25.5,22.37,59.47,0.97,1.79,142566,0,31.23,60.0,0.0,0,13501
1616999,59.58,59.48,59.02,61.8,1,0,25.28,22.37,59.48,0.97,1.79,142566,0,31.25,60.0,0.0,0,14001
1617508,59.58,59.55,59.02,61.8,1,0,25.28,22.42,59.55,0.97,1.79,142566,0,31.25,60.0,0.0,0,15006
1618017,59.56,59.56,59.02,61.8,1,0,25.14,22.4,59.56,0.97,1.79,142566,0,31.24,60.0,0.0,0,15506
1618526,59.56,59.56,59.02,61.8,1,0,25.14,22.4,59.56,0.97,1.79,142566,0,31.24,60.0,0.0,0,16006
1619035,59.63,59.6,59.02,61.8,1,0,24.92,22.45,59.6,0.97,1.79,142566,0,31.27,60.0,0.0,0,16506
1619544,59.63,59.61,59.02,61.8,1,0,24.92,22.45,59.61,0.97,1.79,142566,0,31.27,60.0,0.0,0,17006
1620053,59.69,59.65,59.02,61.8,1,0,24.86,22.44,59.65,0.97,1.79,142566,0,31.24,60.0,0.0,0,17506
1620562,59.69,59.67,59.02,61.8,1,0,24.86,22.44,59.67,0.97,1.79,142566,0,31.24,60.0,0.0,0,18006
1621071,59.69,59.68,59.02,61.8,1,0,24.68,22.45,59.68,0.97,1.79,142566,0,31.25,60.0,0.0,0,18506
1621580,59.69,59.68,59.02,61.8,1,0,24.68,22.45,59.68,0.97,1.79,142566,0,31.25,60.0,0.0,0,19006
1622089,59.69,59.69,59.02,61.8,1,0,24.68,22.45,59.69,0.97,1.79,142566,0,31.25,60.0,0.0,0,19506
1622598,59.78,59.73,59.02,61.8,1,0,24.42,22.46,59.73,0.97,1.79,142566,0,31.24,60.0,0.0,0,20006
1623107,59.76,59.75,59.02,61.8,1,0,24.33,22.46,59.75,0.97,1.79,142566,0,31.24,60.0,0.0,0,20506
1623616,59.76,59.76,59.02,61.8,1,0,24.33,22.46,59.76,0.97,1.79,142566,0,31.24,60.0,0.0,0,21006
1624125,59.79,59.77,59.02,61.8,1,0,24.4,22.48,59.77,0.97,1.79,142566,0,31.25,60.0,0.0,0,21506
1624634,59.8,59.79,59.02,61.8,1,0,23.81,22.47,59.79,0.97,1.79,142566,0,31.24,60.0,0.0,0,22006
1625143,59.8,59.79,59.02,61.8,1,0,23.81,22.47,59.79,0.97,1.79,142566,0,31.24,60.0,0.0,0,22506
1625652,59.85,59.82,59.02,61.8,1,0,24.09,22.48,59.82,0.97,1.79,142566,0,31.24,60.0,0.0,0,23006
1626161,59.87,59.84,59.02,61.8,1,0,23.7,22.5,59.84,0.97,1.79,142566,0,31.25,60.0,0.0,0,23506
1626670,59.87,59.85,59.02,61.8,1,0,23.7,22.5,59.85,0.97,1.79,142566,0,31.25,60.0,0.0,0,24006
1627179,59.94,59.9,59.02,61.8,1,0,23.57,22.51,59.9,0.97,1.79,142566,0,31.24,60.0,0.0,0,24506
1627688,59.94,59.92,59.02,61.8,1,0,23.57,22.51,59.92,0.97,1.79,142566,0,31.24,60.0,0.0,0,25006
1628197,59.95,59.93,59.02,61.8,1,0,23.33,22.5,59.93,0.97,1.79,142566,0,31.23,60.0,0.0,0,25507
1628706,59.95,59.94,59.02,61.8,1,0,23.33,22.5,59.94,0.97,1.79,142566,0,31.23,60.0,0.0,0,26007
1629215,59.99,59.95,59.02,61.8,1,0,23.28,22.5,59.95,0.97,1.79,142566,0,31.24,60.0,0.0,0,26507
1629724,59.99,59.97,59.02,61.8,1,0,23.09,22.52,59.97,0.97,1.79,142566,0,31.25,60.0,0.0,0,27007
1630233,59.99,59.98,59.02,61.8,1,0,23.09,22.54,59.98,0.97,1.79,142566,0,31.25,60.0,0.0,0,27507
1630742,60.04,60.01,59.02,61.8,1,0,22.94,22.55,60.01,0.97,1.79,142566,0,31.25,60.0,0.0,0,28007
1631251,60.04,60.03,59.02,61.8,1,0,22.94,22.55,60.03,0.97,1.79,142566,0,31.25,60.0,0.0,0,28507
1631760,60.07,60.05,59.02,61.8,1,0,23.0,22.56,60.05,0.97,1.79,142566,0,31.25,60.0,0.0,0,29007
1632269,60.07,60.06,59.02,61.8,1,0,23.0,22.56,60.06,0.97,1.79,142566,0,31.25,60.0,0.0,0,29507
1632778,60.1,60.08,59.02,61.8,1,0,22.76,22.55,60.08,0.97,1.79,142566,0,31.24,60.0,0.0,0,30007
1633287,60.08,60.09,59.02,61.8,1,0,22.59,22.55,60.09,0.97,1.79,142566,0,31.25,60.0,0.0,0,30507
1633796,60.08,60.08,59.02,61.8,1,0,22.59,22.56,60.09,0.97,1.79,142566,0,31.25,60.0,0.0,0,31007
1634305,60.14,60.11,59.02,61.8,1,0,22.24,22.58,60.11,0.97,1.79,142566,0,31.25,60.0,0.0,0,31507
1634814,60.14,60.13,59.02,61.8,1,0,22.24,22.58,60.13,0.97,1.79,142566,0,31.25,60.0,0.0,0,32007
1635323,60.19,60.16,59.02,61.8,1,0,22.31,22.58,60.16,0.97,1.79,142566,0,31.24,60.0,0.0,0,32507
1635832,60.18,60.17,59.02,61.8,1,0,22.07,22.58,60.17,0.97,1.79,142566,0,31.25,60.0,0.0,0,33007
1636341,60.17,60.18,59.02,61.8,1,0,22.03,22.59,60.18,0.97,1.79,142566,0,31.25,60.0,0.0,0,33507
1636850,60.17,60.17,59.02,61.8,1,0,22.03,22.58,60.18,0.97,1.79,142566,0,31.25,60.0,0.0,0,34007
1637359,60.17,60.17,59.02,61.8,1,0,22.03,22.58,60.18,0.97,1.79,142566,0,31.25,60.0,0.0,0,34507
1637868,60.17,60.17,59.02,61.8,1,0,22.03,22.58,60.18,0.97,1.79,142566,0,31.25,60.0,0.0,0,35007
1638377,60.25,60.17,59.02,61.8,1,0,21.74,22.58,60.18,0.97,1.79,142566,0,31.24,60.0,0.01,0,35507
1638886,60.27,60.21,59.02,61.8,1,0,21.64,22.59,60.21,0.97,1.79,142566,0,31.25,60.0,0.0,0,36007
1639397,60.26,60.24,59.02,61.8,1,0,21.48,22.61,60.24,0.97,1.79,142566,0,31.24,60.0,0.0,0,36507
1639906,60.26,60.25,59.02,61.8,1,0,21.48,22.6,60.25,0.97,1.79,142566,0,31.24,60.0,0.0,0,37007
1640415,60.32,60.26,59.02,61.8,1,0,21.38,22.6,60.26,0.97,1.79,142566,0,31.25,60.0,0.0,0,37507
1640924,60.34,60.29,59.02,61.8,1,0,21.25,22.62,60.29,0.97,1.79,142566,0,31.25,60.0,0.0,0,38007
1641433,60.38,60.31,59.02,61.8,1,0,21.22,22.63,60.31,0.97,1.79,142566,0,31.24,60.0,0.0,0,38507
1641942,60.38,60.35,59.02,61.8,1,0,21.22,22.63,60.35,0.97,1.79,142566,0,31.24,60.0,0.0,0,39007
1642451,60.38,60.36,59.02,61.8,1,0,21.22,22.63,60.36,0.97,1.79,142566,0,31.24,60.0,0.0,0,39507
1642960,60.38,60.37,59.02,61.8,1,0,21.22,22.63,60.37,0.97,1.79,142566,0,31.24,60.0,0.0,0,40007
1643469,60.45,60.37,59.02,61.8,1,0,21.05,22.63,60.37,0.97,1.79,142566,0,31.25,60.0,0.0,0,40507
1643978,60.45,60.41,59.02,61.8,1,0,21.05,22.66,60.41,0.97,1.79,142566,0,31.25,60.0,0.0,0,41007
1644487,60.45,60.43,59.02,61.8,1,0,21.05,22.66,60.43,0.97,1.79,142566,0,31.25,60.0,0.0,0,41507
1644996,60.45,60.44,59.02,61.8,1,0,21.05,22.66,60.44,0.97,1.79,142566,0,31.25,60.0,0.0,0,42009
1645505,60.52,60.45,59.02,61.8,1,0,20.69,22.66,60.45,0.97,1.79,142566,0,31.23,60.0,0.0,0,42509
1646014,60.52,60.49,59.02,61.8,1,0,20.69,22.66,60.49,0.97,1.79,142566,0,31.23,60.0,0.0,0,43012
1646523,60.59,60.5,59.02,61.8,1,0,20.84,22.66,60.5,0.97,1.79,142566,0,31.25,60.0,0.0,0,43521
1647032,60.59,60.55,59.02,61.8,1,0,20.84,22.7,60.55,0.97,1.79,142566,0,31.25,60.0,0.0,0,44030
1647541,60.63,60.57,59.02,61.8,1,0,20.43,22.7,60.57,0.97,1.79,142566,0,31.28,60.0,0.0,0,44539
1648050,60.63,60.6,59.02,61.8,1,0,20.43,22.74,60.6,0.97,1.79,142566,0,31.28,60.0,0.0,0,45048
1648559,60.66,60.64,59.02,61.8,1,0,20.3,22.71,60.64,0.97,1.79,142566,0,31.24,60.0,0.0,0,46057
1649068,60.66,60.65,59.02,61.8,1,0,20.23,22.72,60.65,0.97,1.79,142566,0,31.25,60.0,0.0,0,46557
1649577,60.66,60.65,59.02,61.8,1,0,20.23,22.72,60.65,0.97,1.79,142566,0,31.25,60.0,0.0,0,47057
1650086,60.66,60.65,59.02,61.8,1,0,20.23,22.72,60.65,0.97,1.79,142566,0,31.25,60.0,0.0,0,47557
1650595,60.74,60.7,59.02,61.8,1,0,19.76,22.74,60.7,0.97,1.79,142566,0,31.25,60.0,0.0,0,48057
1651105,60.81,60.72,59.02,61.8,1,0,19.91,22.74,60.72,0.97,1.79,142566,0,31.27,60.0,0.0,0,48557
1651614,60.81,60.76,59.02,61.8,1,0,19.91,22.77,60.76,0.97,1.79,142566,0,31.27,60.0,0.0,0,49057
1652123,60.81,60.79,59.02,61.8,1,0,19.87,22.73,60.79,0.97,1.79,142566,0,31.23,60.0,0.0,0,49557
1652632,60.89,60.8,59.02,61.8,1,0,19.69,22.73,60.8,0.97,1.79,142566,0,31.24,60.0,0.0,0,50057
1653141,60.89,60.84,59.02,61.8,1,0,19.69,22.77,60.84,0.97,1.79,142566,0,31.24,60.0,0.0,0,50557
1653650,60.9,60.87,59.02,61.8,1,0,19.76,22.78,60.87,0.97,1.79,142566,0,31.25,60.0,0.0,0,51057
1654159,60.9,60.89,59.02,61.8,1,0,19.76,22.78,60.89,0.97,1.79,142566,0,31.25,60.0,0.0,0,51557
1654668,60.92,60.9,59.02,61.8,1,0,19.48,22.79,60.9,0.97,1.79,142566,0,31.25,60.0,0.0,0,52057
1655177,60.92,60.91,59.02,61.8,1,0,19.48,22.79,60.91,0.97,1.79,142566,0,31.25,60.0,0.0,0,52557
1655686,60.99,60.91,59.02,61.8,1,0,19.28,22.79,60.91,0.97,1.79,142566,0,31.27,60.0,0.0,0,53057
1656195,60.99,60.95,59.02,61.8,1,0,19.28,22.82,60.95,0.97,1.79,142566,0,31.27,60.0,0.0,0,53557
1656704,61.04,61.0,59.02,61.8,1,0,19.37,22.82,61.0,0.97,1.79,142566,0,31.25,60.0,0.0,0,54057
1657213,61.03,61.01,59.02,61.8,1,0,19.22,22.82,61.01,0.97,1.79,142566,0,31.25,60.0,0.0,0,54557
1657722,61.03,61.02,59.02,61.8,1,0,19.22,22.82,61.02,0.97,1.79,142566,0,31.25,60.0,0.0,0,55057
1658231,61.1,61.06,59.02,61.8,1,0,19.05,22.85,61.06,0.97,1.79,142566,0,31.27,60.0,0.0,0,55557
1658740,61.13,61.09,59.02,61.8,1,0,18.98,22.86,61.09,0.97,1.79,142566,0,31.27,60.0,0.0,0,56057
1659249,61.11,61.11,59.02,61.8,1,0,18.92,22.86,61.11,0.97,1.79,142566,0,31.27,60.0,0.0,0,56557
1659758,61.14,61.11,59.02,61.8,1,0,18.83,22.85,61.11,0.97,1.79,142566,0,31.25,60.0,0.0,0,57057
1660267,61.14,61.13,59.02,61.8,1,1,18.83,22.85,61.13,0.97,1.79,142566,0,31.25,60.0,0.0,1,57560
1660776,61.18,61.15,59.02,61.8,1,1,18.94,22.87,61.15,0.97,1.79,142566,0,31.27,60.0,0.0,1,58060
1661285,61.18,61.17,59.02,61.8,1,1,18.94,22.87,61.17,0.97,1.79,142566,0,31.27,60.0,0.0,1,58560
1661794,61.14,61.15,59.02,61.8,1,1,18.75,22.85,61.17,0.97,1.79,142566,0,31.25,60.0,0.01,1,59060
1662303,61.22,61.15,59.02,61.8,1,1,18.75,22.85,61.17,0.97,1.79,142566,0,31.25,60.0,0.02,1,59560
1662812,61.22,61.18,59.02,61.8,1,1,18.75,22.87,61.18,0.97,1.79,142566,0,31.25,60.0,0.0,1,60060
1663321,61.22,61.2,59.02,61.8,1,1,18.75,22.87,61.2,0.97,1.79,142566,0,31.25,60.0,0.0,1,60560
1663830,61.16,61.21,59.02,61.8,1,1,19.33,22.87,61.21,0.97,1.79,142566,0,31.25,60.0,0.0,1,61060
1664339,61.16,61.18,59.02,61.8,1,1,19.33,22.85,61.21,0.97,1.79,142566,0,31.25,60.0,0.02,1,61560
1664848,60.86,61.17,59.02,61.8,1,1,19.44,22.85,61.21,0.97,1.79,142566,0,31.23,60.0,0.03,1,62060
1665357,60.69,61.02,59.02,61.8,0,1,19.5,22.75,61.21,0.97,1.79,62560,0,31.23,60.0,0.19,1,0
1665866,60.69,60.85,58.99,61.8,0,1,19.5,22.7,60.85,1.0,1.79,62560,0,31.23,60.0,0.0,1,500
1666375,60.35,60.6,58.99,61.8,0,1,19.61,22.61,60.6,1.0,1.79,62560,0,31.23,60.0,0.0,1,1000
1666884,59.97,60.48,58.99,61.8,0,1,19.24,22.61,60.48,1.0,1.79,62560,0,31.21,60.0,0.0,1,1500
1667393,59.6,60.22,58.99,61.8,0,0,19.54,22.49,60.22,1.0,1.79,62560,0,31.18,60.0,0.0,1,2000
1667902,59.6,59.91,58.99,61.8,0,0,19.54,22.36,59.91,1.0,1.79,62560,0,31.18,60.0,0.0,1,2500
1668411,59.18,59.76,58.99,61.8,0,0,19.54,22.36,59.76,1.0,1.79,62560,0,31.2,60.0,0.0,1,3000
1668920,59.18,59.47,58.99,61.8,0,0,19.54,22.26,59.47,1.0,1.79,62560,0,31.2,60.0,0.0,1,3500
1669429,59.18,59.32,58.99,61.8,0,0,19.54,22.26,59.32,1.0,1.79,62560,0,31.2,60.0,0.0,1,4000
1669938,59.18,59.25,58.99,61.8,0,0,19.54,22.26,59.25,1.0,1.79,62560,0,31.2,60.0,0.0,1,4500
1670447,58.4,58.82,58.99,61.8,0,0,19.31,21.99,58.82,1.0,1.79,62560,0,31.14,60.0,0.0,1,5000
1670956,58.22,58.61,58.99,61.8,0,0,19.26,21.99,58.61,1.0,1.79,62560,0,31.17,60.0,0.0,1,5500
1671465,58.22,58.42,58.99,61.8,0,0,19.26,21.97,58.42,1.0,1.79,62560,0,31.17,60.0,0.0,1,6000
1671974,58.08,58.32,58.99,61.8,0,0,19.09,21.97,58.32,1.0,1.79,62560,0,31.16,60.0,0.0,1,6500
1672483,58.06,58.2,58.99,61.8,0,0,18.6,21.91,58.2,1.0,1.79,62560,0,31.17,60.0,0.0,1,7000
1672992,58.06,58.13,58.99,61.8,0,0,18.6,21.92,58.13,1.0,1.79,62560,0,31.17,60.0,0.0,1,7500
1673501,57.95,58.1,58.99,61.8,0,0,18.92,21.92,58.1,1.0,1.79,62560,0,31.16,60.0,0.0,1,8000
1674010,57.9,58.02,58.99,61.8,0,0,18.85,21.87,58.02,1.0,1.79,62560,0,31.16,60.0,0.0,1,8500
1674519,57.9,57.96,58.99,61.8,0,0,18.85,21.86,57.96,1.0,1.79,62560,0,31.16,60.0,0.0,1,9000
1675028,57.82,57.93,58.99,61.8,0,0,19.22,21.86,57.93,1.0,1.79,62560,0,31.14,60.0,0.0,1,9500
1675537,57.76,57.87,58.99,61.8,0,0,19.05,21.82,57.87,1.0,1.79,62560,0,31.14,60.0,0.0,1,10000
1676046,57.76,57.82,58.99,61.8,0,0,19.05,21.81,57.82,1.0,1.79,62560,0,31.14,60.0,0.0,1,10500
1676555,57.72,57.79,58.99,61.8,0,0,19.13,21.81,57.79,1.0,1.79,62560,0,31.16,60.0,0.0,1,11000
1677064,57.72,57.74,58.99,61.8,0,0,19.13,21.81,57.74,1.0,1.79,62560,0,31.16,60.0,0.0,1,12002
1677573,57.72,57.73,58.99,61.8,0,0,19.13,21.81,57.73,1.0,1.79,62560,0,31.16,60.0,0.0,1,12502
1678082,57.67,57.7,58.99,61.8,0,0,19.13,21.78,57.7,1.0,1.79,62560,0,31.14,60.0,0.0,1,13002
1678591,57.67,57.69,58.99,61.8,0,0,19.13,21.78,57.69,1.0,1.79,62560,0,31.14,60.0,0.0,1,13502
1679100,57.62,57.65,58.99,61.8,0,0,19.16,21.77,57.65,1.0,1.79,62560,0,31.14,60.0,0.0,1,14002
1679609,57.62,57.64,58.99,61.8,0,0,19.16,21.77,57.64,1.0,1.79,62560,0,31.14,60.0,0.0,1,14502
1680118,57.66,57.65,58.99,61.8,0,0,19.44,21.78,57.64,1.0,1.79,62560,0,31.14,60.0,0.01,1,15002
1680627,57.65,57.65,58.99,61.8,0,0,19.31,21.79,57.64,1.0,1.79,62560,0,31.16,60.0,0.01,1,15502
1681136,57.65,57.65,58.99,61.8,0,0,19.31,21.79,57.64,1.0,1.79,62560,0,31.16,60.0,0.01,1,16002
1681645,57.65,57.65,58.99,61.8,0,0,19.31,21.79,57.64,1.0,1.79,62560,0,31.16,60.0,0.01,1,16502
1682154,57.62,57.64,58.99,61.8,0,0,19.41,21.78,57.64,1.0,1.79,62560,0,31.16,60.0,0.0,1,17002
1682663,57.62,57.63,58.99,61.8,0,0,19.41,21.78,57.63,1.0,1.79,62560,0,31.16,60.0,0.0,1,17502
1683172,57.62,57.63,58.99,61.8,0,0,19.41,21.78,57.63,1.0,1.79,62560,0,31.16,60.0,0.0,1,18002
1683681,57.67,57.65,58.99,61.8,0,0,19.67,21.78,57.63,1.0,1.79,62560,0,31.14,60.0,0.02,1,18508
1684190,57.63,57.66,58.99,61.8,0,0,19.76,21.78,57.63,1.0,1.79,62560,0,31.14,60.0,0.03,1,19008
1684699,57.63,57.65,58.99,61.8,0,0,19.76,21.77,57.63,1.0,1.79,62560,0,31.14,60.0,0.02,1,19508
1685208,57.66,57.65,58.99,61.8,0,0,19.84,21.78,57.63,1.0,1.79,62560,0,31.14,60.0,0.02,1,20008
1685717,57.69,57.67,58.99,61.8,0,0,20.21,21.8,57.63,1.0,1.79,62560,0,31.16,60.0,0.04,1,20508
1686226,57.69,57.68,58.99,61.8,0,0,19.93,21.8,57.63,1.0,1.79,62560,0,31.13,60.0,0.05,1,21008
1686735,57.69,57.69,58.99,61.8,0,0,19.93,21.78,57.63,1.0,1.79,62560,0,31.13,60.0,0.06,1,21508
1687244,57.76,57.72,58.99,61.8,0,0,19.91,21.81,57.63,1.0,1.79,62560,0,31.14,60.0,0.09,1,22008
1687753,57.76,57.74,58.99,61.8,0,0,19.93,21.81,57.63,1.0,1.79,62560,0,31.16,60.0,0.11,1,22508
1688263,57.76,57.75,58.99,61.8,0,0,19.93,21.82,57.63,1.0,1.79,62560,0,31.16,60.0,0.12,1,23008
1688772,57.77,57.76,58.99,61.8,0,0,20.17,21.82,57.63,1.0,1.79,62560,0,31.16,60.0,0.13,1,23508
1689281,57.81,57.77,58.99,61.8,0,0,20.38,21.82,57.63,1.0,1.79,62560,0,31.16,60.0,0.14,1,24008
1689790,57.81,57.79,58.99,61.8,0,0,20.38,21.83,57.63,1.0,1.79,62560,1,31.16,60.0,0.16,1,24508
1690299,57.85,57.8,58.99,61.8,0,0,20.23,21.83,57.63,1.0,1.79,62560,1,31.16,60.0,0.17,1,25008
1690808,57.87,57.82,58.99,61.8,0,0,20.3,21.84,57.63,1.0,1.79,62560,1,31.14,60.0,0.19,1,25508
1691318,57.87,57.85,58.99,61.8,0,0,20.3,21.84,57.63,1.0,1.79,62560,1,31.14,60.0,0.22,1,26008
1691827,57.87,57.86,58.99,61.8,0,0,20.3,21.84,57.63,1.0,1.79,62560,1,31.14,60.0,0.23,1,26508
1692336,57.87,57.87,58.99,61.8,0,0,20.3,21.84,57.63,1.0,1.79,62560,1,31.14,60.0,0.24,1,27008
1692845,57.92,57.89,58.99,61.8,0,0,20.56,21.87,57.63,1.0,1.79,62560,1,31.16,60.0,0.26,1,27508
1693354,57.92,57.91,58.99,61.8,0,0,20.56,21.87,57.63,1.0,1.79,62560,1,31.16,60.0,0.28,1,28008
1693863,57.92,57.92,58.99,61.8,0,0,20.56,21.87,57.63,1.0,1.79,62560,1,31.16,60.0,0.29,1,28508
1694372,57.94,57.93,58.99,61.8,0,0,20.62,21.9,57.63,1.0,1.79,62560,1,31.18,60.0,0.3,1,29008
1694881,57.94,57.93,58.99,61.8,0,0,20.62,21.9,57.63,1.0,1.79,62560,1,31.18,60.0,0.3,1,29508
1695390,57.97,57.95,58.99,61.8,0,0,20.71,21.88,57.63,1.0,1.79,62560,1,31.16,60.0,0.32,1,30008
1695899,57.97,57.96,58.99,61.8,0,0,20.79,21.88,57.63,1.0,1.79,62560,1,31.16,60.0,0.33,1,30508
1696408,57.97,57.97,58.99,61.8,0,0,20.79,21.88,57.63,1.0,1.79,62560,1,31.16,60.0,0.34,1,31008
1696917,57.97,57.97,58.99,61.8,0,0,20.79,21.88,57.63,1.0,1.79,62560,1,31.16,60.0,0.34,1,31508
1697426,58.03,58.0,58.99,61.8,0,0,21.03,21.9,57.63,1.0,1.79,62560,1,31.16,60.0,0.37,1,32008
1697935,58.04,58.02,58.99,61.8,0,0,21.03,21.9,57.63,1.0,1.79,62560,1,31.17,60.0,0.39,1,32508
1698444,58.04,58.03,58.99,61.8,0,0,21.03,21.91,57.63,1.0,1.79,62560,1,31.17,60.0,0.4,1,33008
1698953,58.1,58.06,58.99,61.8,0,0,21.14,21.92,57.63,1.0,1.79,62560,1,31.16,60.0,0.43,1,33508
1699462,58.1,58.08,58.99,61.8,0,0,21.14,21.92,57.63,1.0,1.79,62560,1,31.16,60.0,0.45,1,34008
1699971,58.1,58.09,58.99,61.8,0,0,21.14,21.92,57.63,1.0,1.79,62560,1,31.16,60.0,0.46,1,34510
1700480,58.09,58.09,58.99,61.8,0,0,21.29,21.93,57.63,1.0,1.79,62560,1,31.17,60.0,0.46,1,35011
1700989,58.04,58.09,58.99,61.8,0,0,21.22,21.93,57.63,1.0,1.79,62560,1,31.18,60.0,0.46,1,35511
1701498,58.04,58.06,58.99,61.8,0,0,21.22,21.93,57.63,1.0,1.79,62560,1,31.18,60.0,0.43,1,36011
1702007,58.08,58.05,58.99,61.8,0,0,21.51,21.93,57.63,1.0,1.79,62560,1,31.18,60.0,0.42,1,36511
1702516,58.08,58.06,58.99,61.8,0,0,21.51,21.94,57.63,1.0,1.79,62560,1,31.18,60.0,0.43,1,37011
1703025,58.11,58.07,58.99,61.8,0,0,21.57,21.94,57.63,1.0,1.79,62560,1,31.16,60.0,0.44,1,37511
1703534,58.14,58.09,58.99,61.8,0,0,21.64,21.92,57.63,1.0,1.79,62560,1,31.17,60.0,0.46,1,38011
1704044,58.14,58.11,58.99,61.8,0,0,21.64,21.94,57.63,1.0,1.79,62560,1,31.17,60.0,0.48,1,38511
1704553,58.14,58.13,58.99,61.8,0,0,21.64,21.94,57.63,1.0,1.79,62560,1,31.17,60.0,0.5,1,39011
1705062,58.13,58.13,58.99,61.8,0,0,21.77,21.94,57.63,1.0,1.79,62560,1,31.18,60.0,0.5,1,39511
1705571,58.14,58.13,58.99,61.8,0,0,21.72,21.95,57.63,1.0,1.79,62560,1,31.2,60.0,0.5,1,40011
1706080,58.17,58.15,58.99,61.8,0,0,21.83,21.98,57.63,1.0,1.79,62560,1,31.2,60.0,0.52,1,41018
1706589,58.17,58.16,58.99,61.8,0,0,21.83,21.98,57.63,1.0,1.79,62560,1,31.2,60.0,0.53,1,41518
1707098,58.17,58.16,58.99,61.8,0,0,22.11,21.96,57.63,1.0,1.79,62560,1,31.18,60.0,0.53,1,42018
1707607,58.17,58.16,58.99,61.8,0,0,22.11,21.96,57.63,1.0,1.79,62560,1,31.18,60.0,0.53,1,42518
1708116,58.15,58.16,58.99,61.8,0,0,22.07,21.95,57.63,1.0,1.79,62560,1,31.17,60.0,0.53,1,43018
1708625,58.15,58.15,58.99,61.8,0,0,22.07,21.95,57.63,1.0,1.79,62560,1,31.17,60.0,0.52,1,43518
1709134,58.18,58.16,58.99,61.8,0,0,22.13,21.97,57.63,1.0,1.79,62560,1,31.18,60.0,0.53,1,44018
1709643,58.2,58.18,58.99,61.8,0,0,22.18,21.97,57.63,1.0,1.79,62560,1,31.18,60.0,0.55,1,44518
1710152,58.2,58.19,58.99,61.8,0,0,22.18,21.97,57.63,1.0,1.79,62560,1,31.18,60.0,0.56,1,45018
1710661,58.24,58.22,58.99,61.8,0,0,22.07,21.98,57.63,1.0,1.79,62560,1,31.18,60.0,0.59,1,45518
1711170,58.21,58.23,58.99,61.8,0,0,22.2,21.98,57.63,1.0,1.79,62560,1,31.2,60.0,0.6,1,46018
1711680,58.21,58.22,58.99,61.8,0,0,22.2,21.99,57.63,1.0,1.79,62560,1,31.2,60.0,0.59,1,46518
1712189,58.26,58.24,58.99,61.8,0,0,22.24,21.99,57.63,1.0,1.79,62560,1,31.18,60.0,0.61,1,47018
1712698,58.21,58.25,58.99,61.8,0,0,22.0,21.99,57.63,1.0,1.79,62560,1,31.2,60.0,0.62,1,47518
1713207,58.21,58.23,58.99,61.8,0,0,22.0,21.99,57.63,1.0,1.79,62560,1,31.2,60.0,0.6,1,48018
1713716,58.22,58.22,58.99,61.8,0,0,22.5,21.99,57.63,1.0,1.79,62560,1,31.2,60.0,0.59,1,48518
1714225,58.22,58.22,58.99,61.8,0,0,22.5,21.99,57.63,1.0,1.79,62560,1,31.2,60.0,0.59,1,49018
1714734,58.28,58.25,58.99,61.8,0,0,21.98,22.01,57.63,1.0,1.79,62560,1,31.2,60.0,0.62,1,49518
1715243,58.28,58.26,58.99,61.8,0,0,21.98,22.01,57.63,1.0,1.79,62560,1,31.2,60.0,0.63,1,50018
1715752,58.28,58.27,58.99,61.8,0,0,21.98,22.01,57.63,1.0,1.79,62560,1,31.2,60.0,0.64,1,50518
1716261,58.26,58.27,58.99,61.8,0,0,23.13,21.98,57.63,1.0,1.79,62560,1,31.17,60.0,0.64,1,51018
1716770,58.26,58.27,58.99,61.8,0,0,23.13,21.98,57.63,1.0,1.79,62560,1,31.17,60.0,0.63,1,51518
1717279,58.26,58.26,58.99,61.8,0,0,23.13,21.98,57.63,1.0,1.79,62560,1,31.17,60.0,0.63,1,52018
1717788,58.3,58.28,58.99,61.8,0,0,22.81,22.01,57.63,1.0,1.79,62560,1,31.2,60.0,0.65,1,52518
1718297,58.3,58.29,58.99,61.8,0,0,22.81,22.01,57.63,1.0,1.79,62560,1,31.2,60.0,0.66,1,53018
1718806,58.3,58.3,58.99,61.8,0,0,22.81,22.01,57.63,1.0,1.79,62560,1,31.2,60.0,0.67,1,53518
1719315,58.3,58.3,58.99,61.8,0,0,22.81,22.01,57.63,1.0,1.79,62560,1,31.2,60.0,0.67,1,54018
1719824,58.32,58.3,58.99,61.8,0,0,22.94,22.01,57.63,1.0,1.79,62560,1,31.18,60.0,0.67,1,54518
1720333,58.32,58.31,58.99,61.8,0,0,22.94,22.0,57.63,1.0,1.79,62560,1,31.18,60.0,0.68,1,55018
1720842,58.32,58.31,58.99,61.8,0,0,22.94,22.0,57.63,1.0,1.79,62560,1,31.18,60.0,0.68,1,55518
1721351,58.32,58.31,58.99,61.8,0,0,22.94,22.0,57.63,1.0,1.79,62560,1,31.18,60.0,0.68,1,56018
1721860,58.32,58.32,58.99,61.8,0,0,22.94,22.0,57.63,1.0,1.79,62560,1,31.18,60.0,0.69,1,56518
1722369,58.32,58.32,58.99,61.8,0,0,23.28,22.0,57.63,1.0,1.79,62560,1,31.21,60.0,0.69,1,57018
1722879,58.32,58.32,58.99,61.8,0,0,23.28,22.03,57.63,1.0,1.79,62560,1,31.21,60.0,0.69,1,57518
1723388,58.32,58.32,58.99,61.8,0,0,23.28,22.03,57.63,1.0,1.79,62560,1,31.21,60.0,0.69,1,58018
1723897,58.34,58.33,58.99,61.8,0,0,23.37,22.02,57.63,1.0,1.79,62560,1,31.2,60.0,0.7,1,58518
1724406,58.34,58.34,58.99,61.8,0,0,23.37,22.02,57.63,1.0,1.79,62560,1,31.2,60.0,0.71,1,59018
1724915,58.34,58.34,58.99,61.8,0,0,23.37,22.02,57.63,1.0,1.79,62560,1,31.2,60.0,0.71,1,59518
1725424,58.37,58.34,58.99,61.8,0,0,23.07,22.02,57.63,1.0,1.79,62560,1,31.2,60.0,0.71,1,60018
1725933,58.37,58.35,58.99,61.8,0,0,23.07,22.03,57.63,1.0,1.79,62560,1,31.2,60.0,0.72,1,60518
1726442,58.37,58.36,58.99,61.8,0,0,23.07,22.03,57.63,1.0,1.79,62560,1,31.2,60.0,0.73,1,61018
1726951,58.34,58.36,58.99,61.8,0,0,23.85,22.03,57.63,1.0,1.79,62560,1,31.21,60.0,0.73,1,61518
1727462,58.34,58.35,58.99,61.8,0,0,23.85,22.04,57.63,1.0,1.79,62560,1,31.21,60.0,0.72,1,62018
1727972,58.4,58.35,58.99,61.8,0,0,23.68,22.04,57.63,1.0,1.79,62560,1,31.21,60.0,0.72,1,62518
1728481,58.4,58.37,58.99,61.8,0,0,23.68,22.05,57.63,1.0,1.79,62560,1,31.21,60.0,0.74,1,63018
1728990,58.38,58.38,58.99,61.8,0,0,23.76,22.05,57.63,1.0,1.79,62560,1,31.21,60.0,0.75,1,63518
1729499,58.38,58.38,58.99,61.8,0,0,23.76,22.05,57.63,1.0,1.79,62560,1,31.21,60.0,0.75,1,64018
1730008,58.39,58.38,58.99,61.8,0,0,23.59,22.05,57.63,1.0,1.79,62560,1,31.18,60.0,0.75,1,64518
1730517,58.39,58.39,58.99,61.8,0,0,23.59,22.03,57.63,1.0,1.79,62560,1,31.18,60.0,0.76,1,65018
1731026,58.44,58.39,58.99,61.8,0,0,23.42,22.03,57.63,1.0,1.79,62560,1,31.2,60.0,0.76,1,65518
1731535,58.44,58.42,58.99,61.8,0,0,23.42,22.05,57.63,1.0,1.79,62560,1,31.2,60.0,0.78,1,66018
1732044,58.44,58.43,58.99,61.8,0,0,23.42,22.05,57.63,1.0,1.79,62560,1,31.2,60.0,0.8,1,66518
1732553,58.46,58.44,58.99,61.8,0,0,23.81,22.06,57.63,1.0,1.79,62560,1,31.2,60.0,0.81,1,67026
1733062,58.46,58.45,58.99,61.8,0,0,23.94,22.06,57.63,1.0,1.79,62560,1,31.21,60.0,0.82,1,67526
1733571,58.46,58.45,58.99,61.8,0,0,23.94,22.07,57.63,1.0,1.79,62560,1,31.21,60.0,0.82,1,68026
1734080,58.42,58.46,58.99,61.8,0,0,23.87,22.07,57.63,1.0,1.79,62560,1,31.2,60.0,0.83,1,68526
1734589,58.42,58.43,58.99,61.8,0,0,23.87,22.05,57.63,1.0,1.79,62560,1,31.2,60.0,0.8,1,69527
1735098,58.42,58.42,58.99,61.8,0,0,23.87,22.05,57.63,1.0,1.79,62560,1,31.2,60.0,0.79,1,70027
1735608,58.42,58.42,58.99,61.8,0,0,23.87,22.05,57.63,1.0,1.79,62560,1,31.2,60.0,0.79,1,70527
1736117,58.44,58.43,58.99,61.8,0,0,23.89,22.05,57.63,1.0,1.79,62560,1,31.2,60.0,0.8,1,71027
1736626,58.44,58.44,58.99,61.8,0,0,24.05,22.05,57.63,1.0,1.79,62560,1,31.2,60.0,0.81,1,71527
1737135,58.44,58.44,58.99,61.8,0,0,24.05,22.05,57.63,1.0,1.79,62560,1,31.2,60.0,0.81,1,72030
1737644,58.52,58.48,58.99,61.8,0,0,24.07,22.1,57.63,1.0,1.79,62560,1,31.23,60.0,0.85,1,72531
1738153,58.52,58.5,58.99,61.8,0,0,24.07,22.1,57.63,1.0,1.79,62560,1,31.23,60.0,0.87,1,73031
1738662,58.47,58.48,58.99,61.8,0,0,24.14,22.06,57.63,1.0,1.79,62560,1,31.2,60.0,0.85,1,73531
1739171,58.47,58.48,58.99,61.8,0,0,24.14,22.06,57.63,1.0,1.79,62560,1,31.2,60.0,0.85,1,74031
1739680,58.43,58.45,58.99,61.8,0,0,24.38,22.06,57.63,1.0,1.79,62560,1,31.21,60.0,0.82,1,74531
1740189,58.43,58.44,58.99,61.8,0,0,24.38,22.06,57.63,1.0,1.79,62560,1,31.21,60.0,0.81,1,75031
1740698,58.43,58.44,58.99,61.8,0,0,24.38,22.06,57.63,1.0,1.79,62560,1,31.21,60.0,0.81,1,75531
1741219,58.47,58.44,58.99,61.8,0,0,24.31,22.06,57.63,1.0,1.79,62560,1,31.21,60.0,0.8,1,76031
1741729,58.47,58.45,58.99,61.8,0,0,24.31,22.07,57.63,1.0,1.79,62560,1,31.21,60.0,0.82,1,76531
1742238,58.44,58.45,58.99,61.8,0,0,24.42,22.07,57.63,1.0,1.79,62560,1,31.21,60.0,0.82,1,77031
1742747,58.52,58.45,58.99,61.8,0,0,24.51,22.07,57.63,1.0,1.79,62560,1,31.21,60.0,0.82,1,77531
1743256,58.52,58.48,58.99,61.8,0,0,24.51,22.09,57.63,1.0,1.79,62560,1,31.21,60.0,0.85,1,78031
1743765,58.5,58.49,58.99,61.8,0,0,24.55,22.07,57.63,1.0,1.79,62560,1,31.2,60.0,0.86,1,78531
1744274,58.5,58.49,58.99,61.8,0,0,24.55,22.07,57.63,1.0,1.79,62560,1,31.2,60.0,0.86,1,79031
1744783,58.5,58.49,58.99,61.8,0,0,24.55,22.07,57.63,1.0,1.79,62560,1,31.2,60.0,0.86,1,79531
1745292,58.5,58.49,58.99,61.8,0,0,24.55,22.07,57.63,1.0,1.79,62560,1,31.2,60.0,0.86,1,80031
1745801,58.52,58.51,58.99,61.8,0,0,24.55,22.07,57.63,1.0,1.79,62560,1,31.2,60.0,0.88,1,80531
1746310,58.52,58.51,58.99,61.8,0,0,24.55,22.07,57.63,1.0,1.79,62560,1,31.2,60.0,0.88,1,81031
1746819,58.48,58.5,58.99,61.8,0,0,24.6,22.09,57.63,1.0,1.79,62560,1,31.23,60.0,0.87,1,81531
1747328,58.54,58.52,58.99,61.8,0,0,24.66,22.11,57.63,1.0,1.79,62560,1,31.23,60.0,0.89,1,82031
1747837,58.54,58.53,58.99,61.8,0,0,24.66,22.11,57.63,1.0,1.79,62560,1,31.23,60.0,0.9,1,82531
1748346,58.52,58.52,58.99,61.8,0,0,24.62,22.1,57.63,1.0,1.79,62560,1,31.23,60.0,0.89,1,83031
1748855,58.52,58.52,58.99,61.8,0,0,24.62,22.1,57.63,1.0,1.79,62560,1,31.23,60.0,0.89,1,83531
1749364,58.52,58.52,58.99,61.8,0,0,24.62,22.1,57.63,1.0,1.79,62560,1,31.23,60.0,0.89,1,84031
1749873,58.56,58.54,58.99,61.8,0,0,24.68,22.1,57.63,1.0,1.79,62560,1,31.21,60.0,0.91,1,84531
1750382,58.52,58.55,58.99,61.8,0,0,24.79,22.1,57.63,1.0,1.79,62560,1,31.21,60.0,0.92,1,85031
1750891,58.52,58.53,58.99,61.8,0,0,24.79,22.09,57.63,1.0,1.79,62560,1,31.21,60.0,0.9,1,85531
1751400,58.55,58.54,58.99,61.8,0,0,24.79,22.11,57.63,1.0,1.79,62560,1,31.23,60.0,0.91,1,86031
1751909,58.55,58.54,58.99,61.8,0,0,24.79,22.11,57.63,1.0,1.79,62560,1,31.23,60.0,0.91,1,86531
1752418,58.58,58.55,58.99,61.8,0,0,25.08,22.11,57.63,1.0,1.79,62560,1,31.23,60.0,0.91,1,87031
1752927,58.6,58.56,58.99,61.8,0,0,25.01,22.12,57.63,1.0,1.79,62560,1,31.23,60.0,0.93,1,87531
1753436,58.6,58.58,58.99,61.8,0,0,25.01,22.12,57.63,1.0,1.79,62560,1,31.23,60.0,0.95,1,88031
1753945,58.55,58.59,58.99,61.8,0,0,24.95,22.12,57.63,1.0,1.79,62560,1,31.2,60.0,0.96,1,88531
1754454,58.55,58.57,58.99,61.8,0,0,24.95,22.08,57.63,1.0,1.79,62560,1,31.2,60.0,0.94,1,89031
1754963,58.57,58.56,58.99,61.8,0,0,24.99,22.08,57.63,1.0,1.79,62560,1,31.21,60.0,0.93,1,89531
1755472,58.57,58.57,58.99,61.8,0,0,24.99,22.1,57.63,1.0,1.79,62560,1,31.21,60.0,0.94,1,90031
1755981,58.57,58.57,58.99,61.8,0,0,24.99,22.1,57.63,1.0,1.79,62560,1,31.21,60.0,0.94,1,90531
1756490,58.61,58.59,58.99,61.8,0,0,25.21,22.13,57.63,1.0,1.79,62560,1,31.23,60.0,0.96,1,91031
1756999,58.61,58.6,58.99,61.8,0,0,25.1,22.13,57.63,1.0,1.79,62560,1,31.21,60.0,0.97,1,91531
1757508,58.65,58.6,58.99,61.8,0,0,25.23,22.11,57.63,1.0,1.79,62560,1,31.23,60.0,0.97,1,92031
1758017,58.65,58.63,58.99,61.8,0,0,25.23,22.14,57.63,1.0,1.79,62560,1,31.23,60.0,1.0,1,92531
1758526,58.67,58.64,58.99,61.8,0,0,25.34,22.14,57.63,1.0,1.79,62560,1,31.23,60.0,1.01,1,93031
1759035,58.67,58.66,58.99,61.8,0,0,25.34,22.14,57.63,1.0,1.79,62560,1,31.23,60.0,1.02,1,93531
1759544,58.63,58.66,58.99,61.8,0,0,25.3,22.14,57.63,1.0,1.79,62560,1,31.21,60.0,1.03,1,94031
1760053,58.63,58.65,58.99,61.8,0,0,25.3,22.12,57.63,1.0,1.79,62560,1,31.21,60.0,1.02,1,94531
1760562,58.66,58.65,58.99,61.8,0,0,25.28,22.13,57.63,1.0,1.79,62560,1,31.21,60.0,1.02,1,95031
1761071,58.67,58.65,58.99,61.8,0,0,25.43,22.13,57.63,1.0,1.79,62560,1,31.21,60.0,1.02,1,95531
1761580,58.65,58.66,58.99,61.8,0,0,25.45,22.13,57.63,1.0,1.79,62560,1,31.21,60.0,1.03,1,96031
1762089,58.65,58.65,58.99,61.8,0,0,25.45,22.12,57.63,1.0,1.79,62560,1,31.21,60.0,1.02,1,96531
1762598,58.67,58.66,58.99,61.8,0,0,25.32,22.13,57.63,1.0,1.79,62560,1,31.21,60.0,1.03,1,97536
1763107,58.66,58.66,58.99,61.8,0,0,25.56,22.14,57.63,1.0,1.79,62560,1,31.23,60.0,1.03,1,98036
1763616,58.66,58.66,58.99,61.8,0,0,25.56,22.14,57.63,1.0,1.79,62560,1,31.23,60.0,1.03,1,98536
1764125,58.71,58.69,58.99,61.8,0,0,25.23,22.16,57.63,1.0,1.79,62560,1,31.23,60.0,1.06,1,99036
1764634,58.68,58.68,58.99,61.8,0,0,25.61,22.15,57.63,1.0,1.79,62560,1,31.23,60.0,1.05,1,99536
1765157,58.73,58.68,58.99,61.8,0,0,25.47,22.15,57.63,1.0,1.79,62560,1,31.21,60.0,1.05,1,100036
1765667,58.73,58.71,58.99,61.8,0,0,25.47,22.15,57.63,1.0,1.79,62560,1,31.21,60.0,1.08,1,100536
1766176,58.72,58.71,58.99,61.8,0,0,25.52,22.14,57.63,1.0,1.79,62560,1,31.21,60.0,1.08,1,101036
1766685,58.73,58.72,58.99,61.8,0,0,25.47,22.14,57.63,1.0,1.79,62560,1,31.21,60.0,1.09,1,101536
1767194,58.73,58.73,58.99,61.8,0,0,25.47,22.15,57.63,1.0,1.79,62560,1,31.21,60.0,1.1,1,102036
1767703,58.73,58.73,58.99,61.8,0,0,25.61,22.16,57.63,1.0,1.79,62560,1,31.23,60.0,1.1,1,102536
1768212,58.73,58.73,58.99,61.8,0,0,25.61,22.16,57.63,1.0,1.79,62560,1,31.23,60.0,1.1,1,103036
1768721,58.73,58.73,58.99,61.8,0,0,25.61,22.16,57.63,1.0,1.79,62560,1,31.23,60.0,1.1,1,103536
1769230,58.76,58.75,58.99,61.8,0,0,25.59,22.15,57.63,1.0,1.79,62560,1,31.21,60.0,1.12,1,104036
1769739,58.76,58.75,58.99,61.8,0,0,25.59,22.15,57.63,1.0,1.79,62560,1,31.21,60.0,1.12,1,104536
1770248,58.8,58.75,58.99,61.8,0,0,25.67,22.15,57.63,1.0,1.79,62560,1,31.21,60.0,1.12,1,105036
1770757,58.8,58.78,58.99,61.8,0,0,25.67,22.16,57.63,1.0,1.79,62560,1,31.21,60.0,1.15,1,105536
1771266,58.8,58.79,58.99,61.8,0,0,25.67,22.16,57.63,1.0,1.79,62560,1,31.21,60.0,1.16,1,106036
1771775,58.82,58.8,58.99,61.8,0,0,26.03,22.17,57.63,1.0,1.79,62560,1,31.21,60.0,1.17,1,106536
1772284,58.84,58.81,58.99,61.8,0,0,25.89,22.17,57.63,1.0,1.79,62560,1,31.23,60.0,1.18,1,107036
1772793,58.84,58.82,58.99,61.8,0,0,25.89,22.19,57.63,1.0,1.79,62560,1,31.23,60.0,1.19,1,107536
1773302,58.78,58.8,58.99,61.8,0,0,25.94,22.18,57.63,1.0,1.79,62560,1,31.23,60.0,1.17,1,108036
1773811,58.86,58.79,58.99,61.8,0,0,25.98,22.18,57.63,1.0,1.79,62560,1,31.23,60.0,1.16,1,108536
1774323,58.86,58.83,58.99,61.8,0,0,25.98,22.2,57.63,1.0,1.79,62560,1,31.23,60.0,1.2,1,109036
1774833,58.86,58.84,58.99,61.8,0,0,26.09,22.18,57.63,1.0,1.79,62560,1,31.21,60.0,1.21,1,109536
1775342,58.92,58.85,58.99,61.8,0,0,25.98,22.18,57.63,1.0,1.79,62560,1,31.21,60.0,1.22,1,110036
1775851,58.87,58.89,58.99,61.8,0,0,25.32,22.2,57.63,1.0,1.79,62560,1,31.23,60.0,1.26,1,110536
1776360,58.87,58.88,58.99,61.8,0,0,25.32,22.2,57.63,1.0,1.79,62560,1,31.23,60.0,1.25,1,111036
1776869,58.88,58.88,58.99,61.8,0,0,25.98,22.2,57.63,1.0,1.79,62560,1,31.23,60.0,1.25,1,111536
1777378,58.93,58.88,58.99,61.8,0,0,26.09,22.2,57.63,1.0,1.79,62560,1,31.21,60.0,1.25,1,112039
1777891,58.93,58.91,58.99,61.8,0,0,26.09,22.2,57.63,1.0,1.79,62560,1,31.21,60.0,1.28,1,112539
1778401,58.9,58.9,58.99,61.8,0,0,26.01,22.21,57.63,1.0,1.79,62560,1,31.23,60.0,1.27,1,113040
1778910,58.9,58.9,58.99,61.8,0,0,26.23,22.22,57.63,1.0,1.79,62560,1,31.24,60.0,1.27,1,113542
1779419,58.94,58.9,58.99,61.8,0,0,26.27,22.22,57.63,1.0,1.79,62560,1,31.24,60.0,1.27,1,114042
1779928,58.94,58.92,58.99,61.8,0,0,26.27,22.23,57.63,1.0,1.79,62560,1,31.24,60.0,1.29,1,114542
1780437,58.96,58.93,58.99,61.8,0,0,26.16,22.23,57.63,1.0,1.79,62560,1,31.24,60.0,1.3,1,115042
1780946,58.96,58.95,58.99,61.8,0,0,26.32,22.24,57.63,1.0,1.79,62560,1,31.24,60.0,1.32,1,115542
1781455,58.96,58.95,58.99,61.8,0,0,26.32,22.24,57.63,1.0,1.79,62560,1,31.24,60.0,1.32,1,116042
1781964,58.99,58.96,58.99,61.8,0,0,26.25,22.24,57.63,1.0,1.79,62560,1,31.24,60.0,1.33,1,116542
1782474,59.0,58.97,58.99,61.8,0,0,26.29,22.24,57.63,1.0,1.79,62560,1,31.23,60.0,1.34,1,117042
1782984,59.0,58.99,58.99,61.8,0,0,26.29,22.24,57.63,1.0,1.79,62560,1,31.23,60.0,1.35,1,117542
1783493,59.04,58.99,58.99,61.8,1,0,26.2,22.24,57.63,1.0,1.79,118042,0,31.23,60.0,1.36,0,0
1784002,59.06,59.01,58.99,61.88,1,0,26.4,22.25,59.01,1.0,1.88,118042,0,31.23,60.0,0.0,0,500
1784511,59.06,59.04,58.99,61.88,1,0,26.4,22.25,59.04,1.0,1.88,118042,0,31.23,60.0,0.0,0,1000
1785020,59.1,59.05,58.99,61.88,1,0,26.29,22.25,59.05,1.0,1.88,118042,0,31.23,60.0,0.0,0,1500
1785529,59.1,59.07,58.99,61.88,1,0,26.29,22.26,59.07,1.0,1.88,118042,0,31.23,60.0,0.0,0,2000
1786038,59.08,59.08,58.99,61.88,1,0,26.29,22.26,59.08,1.0,1.88,118042,0,31.24,60.0,0.0,0,2500
1786547,59.08,59.08,58.99,61.88,1,0,26.29,22.27,59.08,1.0,1.88,118042,0,31.24,60.0,0.0,0,3000
1787056,59.11,59.08,58.99,61.88,1,0,26.87,22.27,59.08,1.0,1.88,118042,0,31.23,60.0,0.0,0,3500
1787565,59.12,59.1,58.99,61.88,1,0,25.5,22.27,59.1,1.0,1.88,118042,0,31.23,60.0,0.0,0,4000
1788074,59.12,59.11,58.99,61.88,1,0,25.5,22.27,59.11,1.0,1.88,118042,0,31.23,60.0,0.0,0,4500
1788583,59.16,59.12,58.99,61.88,1,0,26.27,22.27,59.12,1.0,1.88,118042,0,31.24,60.0,0.0,0,5000
1789092,59.16,59.14,58.99,61.88,1,0,26.27,22.29,59.14,1.0,1.88,118042,0,31.24,60.0,0.0,0,5500
1789601,59.18,59.15,58.99,61.88,1,0,26.14,22.29,59.15,1.0,1.88,118042,0,31.2,60.0,0.0,0,6001
1790110,59.2,59.17,58.99,61.88,1,0,25.94,22.26,59.17,1.0,1.88,118042,0,31.24,60.0,0.0,0,6510
1790619,59.2,59.18,58.99,61.88,1,0,25.94,22.3,59.18,1.0,1.88,118042,0,31.24,60.0,0.0,0,7020
1791128,59.2,59.2,58.99,61.88,1,0,25.94,22.3,59.2,1.0,1.88,118042,0,31.24,60.0,0.0,0,8024
1791637,59.23,59.21,58.99,61.88,1,0,25.87,22.31,59.21,1.0,1.88,118042,0,31.24,60.0,0.0,0,8524
1792146,59.23,59.22,58.99,61.88,1,0,25.87,22.31,59.22,1.0,1.88,118042,0,31.24,60.0,0.0,0,9024
1792655,59.23,59.22,58.99,61.88,1,0,25.87,22.31,59.22,1.0,1.88,118042,0,31.24,60.0,0.0,0,9524
1793164,59.23,59.23,58.99,61.88,1,0,25.87,22.31,59.23,1.0,1.88,118042,0,31.24,60.0,0.0,0,10024
1793673,59.29,59.26,58.99,61.88,1,0,25.52,22.34,59.26,1.0,1.88,118042,0,31.25,60.0,0.0,0,10524
1794182,59.29,59.27,58.99,61.88,1,0,25.52,22.34,59.27,1.0,1.88,118042,0,31.25,60.0,0.0,0,11024
1794691,59.29,59.28,58.99,61.88,1,0,25.52,22.34,59.28,1.0,1.88,118042,0,31.25,60.0,0.0,0,11524
1795200,59.29,59.28,58.99,61.88,1,0,25.52,22.34,59.28,1.0,1.88,118042,0,31.25,60.0,0.0,0,12024
1795709,59.34,59.31,58.99,61.88,1,0,25.28,22.34,59.31,1.0,1.88,118042,0,31.24,60.0,0.0,0,12524
1796218,59.36,59.33,58.99,61.88,1,0,25.01,22.34,59.33,1.0,1.88,118042,0,31.23,60.0,0.0,0,13024
1796727,59.36,59.34,58.99,61.88,1,0,25.01,22.34,59.34,1.0,1.88,118042,0,31.23,60.0,0.0,0,13524
1797236,59.36,59.35,58.99,61.88,1,0,24.77,22.34,59.35,1.0,1.88,118042,0,31.23,60.0,0.0,0,14024
1797745,59.36,59.36,58.99,61.88,1,0,24.77,22.34,59.36,1.0,1.88,118042,0,31.23,60.0,0.0,0,14524
1798254,59.42,59.36,58.99,61.88,1,0,24.64,22.34,59.36,1.0,1.88,118042,0,31.24,60.0,0.0,0,15024
1798763,59.43,59.39,58.99,61.88,1,0,24.4,22.36,59.39,1.0,1.88,118042,0,31.25,60.0,0.0,0,15524
1799273,59.43,59.41,58.99,61.88,1,0,24.4,22.38,59.41,1.0,1.88,118042,0,31.25,60.0,0.0,0,16024
1799782,59.44,59.43,58.99,61.88,1,0,24.44,22.4,59.43,1.0,1.88,118042,0,31.27,60.0,0.0,0,16524
1800291,59.44,59.43,58.99,61.88,1,0,24.44,22.4,59.43,1.0,1.88,118042,0,31.27,60.0,0.0,0,17024
1800800,59.49,59.46,58.99,61.88,1,0,24.35,22.36,59.46,1.0,1.88,118042,0,31.21,60.0,0.0,0,17524
1801309,59.49,59.48,58.99,61.88,1,0,24.35,22.36,59.48,1.0,1.88,118042,0,31.21,60.0,0.0,0,18027
1801818,59.5,59.49,58.99,61.88,1,0,24.33,22.39,59.49,1.0,1.88,118042,0,31.24,60.0,0.0,0,18528
1802327,59.49,59.49,58.99,61.88,1,0,24.2,22.39,59.49,1.0,1.88,118042,0,31.23,60.0,0.0,0,19028
1802836,59.49,59.49,58.99,61.88,1,0,24.2,22.37,59.49,1.0,1.88,118042,0,31.23,60.0,0.0,0,19528
1803345,59.49,59.49,58.99,61.88,1,0,23.85,22.38,59.49,1.0,1.88,118042,0,31.24,60.0,0.0,0,20028
1803854,59.49,59.49,58.99,61.88,1,0,23.85,22.38,59.49,1.0,1.88,118042,0,31.24,60.0,0.0,0,20528
1804363,59.57,59.53,58.99,61.88,1,0,23.65,22.39,59.53,1.0,1.88,118042,0,31.23,60.0,0.0,0,21028
1804872,59.6,59.55,58.99,61.88,1,0,23.5,22.39,59.55,1.0,1.88,118042,0,31.27,60.0,0.0,0,21528
1805381,59.6,59.58,58.99,61.88,1,0,23.5,22.44,59.58,1.0,1.88,118042,0,31.27,60.0,0.0,0,22028
1805890,59.65,59.59,58.99,61.88,1,0,23.42,22.44,59.59,1.0,1.88,118042,0,31.24,60.0,0.0,0,22528
1806399,59.64,59.62,58.99,61.88,1,0,23.42,22.43,59.62,1.0,1.88,118042,0,31.24,60.0,0.0,0,23028
1806908,59.64,59.63,58.99,61.88,1,0,23.42,22.43,59.63,1.0,1.88,118042,0,31.24,60.0,0.0,0,23528
1807417,59.64,59.63,58.99,61.88,1,0,23.42,22.43,59.63,1.0,1.88,118042,0,31.24,60.0,0.0,0,24028
1807926,59.64,59.64,58.99,61.88,1,0,23.42,22.43,59.64,1.0,1.88,118042,0,31.24,60.0,0.0,0,24528
1808435,59.64,59.64,58.99,61.88,1,0,23.42,22.43,59.64,1.0,1.88,118042,0,31.24,60.0,0.0,0,25028
1808944,59.67,59.65,58.99,61.88,1,0,22.55,22.45,59.65,1.0,1.88,118042,0,31.25,60.0,0.0,0,25528
1809453,59.67,59.66,58.99,61.88,1,0,22.55,22.45,59.66,1.0,1.88,118042,0,31.25,60.0,0.0,0,26028
1809962,59.67,59.66,58.99,61.88,1,0,22.55,22.45,59.66,1.0,1.88,118042,0,31.25,60.0,0.0,0,26530
1810471,59.74,59.67,58.99,61.88,1,0,22.61,22.45,59.67,1.0,1.88,118042,0,31.24,60.0,0.0,0,27030
1810980,59.74,59.7,58.99,61.88,1,0,22.61,22.45,59.7,1.0,1.88,118042,0,31.24,60.0,0.0,0,27530
1811489,59.78,59.74,58.99,61.88,1,0,22.42,22.48,59.74,1.0,1.88,118042,0,31.25,60.0,0.0,0,28030
1811998,59.77,59.76,58.99,61.88,1,0,22.42,22.48,59.76,1.0,1.88,118042,0,31.23,60.0,0.0,0,28530
1812507,59.82,59.77,58.99,61.88,1,0,22.33,22.45,59.77,1.0,1.88,118042,0,31.23,60.0,0.0,0,29030
1813016,59.82,59.8,58.99,61.88,1,0,22.33,22.46,59.8,1.0,1.88,118042,0,31.23,60.0,0.0,0,29530
1813525,59.83,59.81,58.99,61.88,1,0,22.26,22.46,59.81,1.0,1.88,118042,0,31.25,60.0,0.0,0,30030
1814034,59.83,59.82,58.99,61.88,1,0,22.26,22.49,59.82,1.0,1.88,118042,0,31.25,60.0,0.0,0,30530
1814543,59.85,59.82,58.99,61.88,1,0,22.03,22.49,59.82,1.0,1.88,118042,0,31.24,60.0,0.0,0,31030
1815052,59.85,59.84,58.99,61.88,1,0,22.03,22.48,59.84,1.0,1.88,118042,0,31.24,60.0,0.0,0,31530
1815561,59.9,59.84,58.99,61.88,1,0,22.24,22.48,59.84,1.0,1.88,118042,0,31.21,60.0,0.0,0,32030
1816070,59.9,59.87,58.99,61.88,1,0,22.24,22.47,59.87,1.0,1.88,118042,0,31.21,60.0,0.0,0,32530
1816579,59.9,59.88,58.99,61.88,1,0,22.24,22.47,59.88,1.0,1.88,118042,0,31.21,60.0,0.0,0,33030
1817088,59.9,59.89,58.99,61.88,1,0,22.24,22.47,59.89,1.0,1.88,118042,0,31.21,60.0,0.0,0,33534
1817597,59.96,59.89,58.99,61.88,1,0,21.83,22.47,59.89,1.0,1.88,118042,0,31.25,60.0,0.0,0,34034
1818106,59.96,59.92,58.99,61.88,1,0,21.83,22.53,59.92,1.0,1.88,118042,0,31.25,60.0,0.0,0,34534
1818615,59.98,59.94,58.99,61.88,1,0,21.29,22.53,59.94,1.0,1.88,118042,0,31.25,60.0,0.0,0,35034
1819124,59.98,59.96,58.99,61.88,1,0,21.29,22.53,59.96,1.0,1.88,118042,0,31.25,60.0,0.0,0,35534
1819633,59.98,59.97,58.99,61.88,1,0,21.29,22.53,59.97,1.0,1.88,118042,0,31.25,60.0,0.0,0,36034
1820142,60.04,60.01,58.99,61.88,1,0,21.25,22.55,60.01,1.0,1.88,118042,0,31.25,60.0,0.0,0,37038
1820651,60.06,60.04,58.99,61.88,1,0,21.1,22.53,60.04,1.0,1.88,118042,0,31.23,60.0,0.0,0,37538
1821167,60.1,60.05,58.99,61.88,1,0,21.01,22.53,60.05,1.0,1.88,118042,0,31.24,60.0,0.0,0,38038
1821676,60.1,60.08,58.99,61.88,1,0,21.01,22.55,60.08,1.0,1.88,118042,0,31.24,60.0,0.0,0,38538
1822185,60.12,60.1,58.99,61.88,1,0,20.88,22.57,60.1,1.0,1.88,118042,0,31.25,60.0,0.0,0,39038
1822694,60.12,60.11,58.99,61.88,1,0,20.88,22.57,60.11,1.0,1.88,118042,0,31.25,60.0,0.0,0,39538
1823203,60.15,60.13,58.99,61.88,1,0,20.73,22.58,60.13,1.0,1.88,118042,0,31.25,60.0,0.0,0,40038
1823712,60.15,60.14,58.99,61.88,1,0,20.73,22.58,60.14,1.0,1.88,118042,0,31.25,60.0,0.0,0,40538
1824221,60.17,60.15,58.99,61.88,1,0,20.47,22.58,60.15,1.0,1.88,118042,0,31.25,60.0,0.0,0,41038
1824730,60.21,60.18,58.99,61.88,1,0,20.51,22.58,60.18,1.0,1.88,118042,0,31.24,60.0,0.0,0,41538
1825239,60.26,60.2,58.99,61.88,1,0,20.47,22.58,60.2,1.0,1.88,118042,0,31.23,60.0,0.0,0,42038
1825749,60.26,60.23,58.99,61.88,1,0,20.47,22.58,60.23,1.0,1.88,118042,0,31.23,60.0,0.0,0,42538
1826258,60.26,60.25,58.99,61.88,1,0,20.47,22.58,60.25,1.0,1.88,118042,0,31.23,60.0,0.0,0,43038
1826767,60.33,60.29,58.99,61.88,1,0,20.45,22.63,60.29,1.0,1.88,118042,0,31.25,60.0,0.0,0,43538
1827276,60.33,60.31,58.99,61.88,1,0,20.45,22.63,60.31,1.0,1.88,118042,0,31.25,60.0,0.0,0,44038
1827785,60.33,60.32,58.99,61.88,1,0,20.45,22.63,60.32,1.0,1.88,118042,0,31.25,60.0,0.0,0,44538
1828294,60.38,60.35,58.99,61.88,1,0,20.04,22.63,60.35,1.0,1.88,118042,0,31.24,60.0,0.0,0,45038
1828803,60.41,60.36,58.99,61.88,1,0,19.93,22.63,60.36,1.0,1.88,118042,0,31.24,60.0,0.0,0,45538
1829312,60.44,60.39,58.99,61.88,1,0,19.87,22.64,60.39,1.0,1.88,118042,0,31.24,60.0,0.0,0,46038
1829821,60.44,60.41,58.99,61.88,1,0,19.87,22.65,60.41,1.0,1.88,118042,0,31.24,60.0,0.0,0,46538
1830330,60.46,60.44,58.99,61.88,1,0,19.76,22.65,60.44,1.0,1.88,118042,0,31.24,60.0,0.0,0,47038
1830839,60.5,60.45,58.99,61.88,1,0,19.76,22.65,60.45,1.0,1.88,118042,0,31.23,60.0,0.0,0,47538
1831348,60.5,60.48,58.99,61.88,1,0,19.76,22.65,60.48,1.0,1.88,118042,0,31.23,60.0,0.0,0,48038
1831857,60.54,60.49,58.99,61.88,1,0,18.83,22.65,60.49,1.0,1.88,118042,0,31.24,60.0,0.0,0,48538
1832366,60.59,60.51,58.99,61.88,1,0,19.24,22.67,60.51,1.0,1.88,118042,0,31.25,60.0,0.0,0,49038
1832875,60.63,60.55,58.99,61.88,1,0,19.59,22.7,60.55,1.0,1.88,118042,0,31.24,60.0,0.0,0,49538
1833384,60.63,60.59,58.99,61.88,1,0,19.59,22.7,60.59,1.0,1.88,118042,0,31.24,60.0,0.0,0,50038
1833893,60.63,60.61,58.99,61.88,1,0,19.59,22.7,60.61,1.0,1.88,118042,0,31.24,60.0,0.0,0,50538
1834402,60.69,60.65,58.99,61.88,1,0,19.35,22.73,60.65,1.0,1.88,118042,0,31.25,60.0,0.0,0,51038
1834911,60.69,60.67,58.99,61.88,1,0,19.35,22.73,60.67,1.0,1.88,118042,0,31.25,60.0,0.0,0,51538
1835420,60.7,60.68,58.99,61.88,1,0,19.22,22.73,60.68,1.0,1.88,118042,0,31.25,60.0,0.0,0,52038
1835933,60.74,60.69,58.99,61.88,1,0,19.2,22.73,60.69,1.0,1.88,118042,0,31.23,60.0,0.0,0,52538
1836442,60.74,60.72,58.99,61.88,1,0,19.2,22.71,60.72,1.0,1.88,118042,0,31.23,60.0,0.0,0,53038
1836951,60.74,60.73,58.99,61.88,1,0,19.2,22.71,60.73,1.0,1.88,118042,0,31.23,60.0,0.0,0,53538
1837460,60.77,60.75,58.99,61.88,1,0,18.9,22.73,60.75,1.0,1.88,118042,0,31.24,60.0,0.0,0,54038
1837969,60.82,60.76,58.99,61.88,1,0,18.9,22.73,60.76,1.0,1.88,118042,0,31.27,60.0,0.0,0,54538
1838478,60.82,60.79,58.99,61.88,1,0,18.9,22.77,60.79,1.0,1.88,118042,0,31.27,60.0,0.0,0,55038
1838991,60.87,60.8,58.99,61.88,1,0,18.79,22.77,60.8,1.0,1.88,118042,0,31.27,60.0,0.0,0,55538
1839501,60.87,60.84,58.99,61.88,1,0,18.79,22.79,60.84,1.0,1.88,118042,0,31.27,60.0,0.0,0,56038
1840010,60.8,60.85,58.99,61.88,1,0,18.57,22.79,60.85,1.0,1.88,118042,0,31.25,60.0,0.0,0,56538
1840519,60.8,60.83,58.99,61.88,1,0,18.57,22.76,60.85,1.0,1.88,118042,0,31.25,60.0,0.02,0,57038
1841028,60.8,60.82,58.99,61.88,1,0,18.57,22.76,60.85,1.0,1.88,118042,0,31.25,60.0,0.03,0,57538
1841537,60.84,60.81,58.99,61.88,1,0,18.49,22.76,60.85,1.0,1.88,118042,0,31.27,60.0,0.04,0,58038
1842046,60.84,60.83,58.99,61.88,1,0,18.49,22.78,60.85,1.0,1.88,118042,0,31.27,60.0,0.02,0,58538
1842555,60.91,60.84,58.99,61.88,1,0,18.38,22.78,60.85,1.0,1.88,118042,0,31.27,60.0,0.01,0,59038
1843064,60.91,60.87,58.99,61.88,1,0,18.38,22.8,60.87,1.0,1.88,118042,0,31.27,60.0,0.0,0,59538
1843573,60.95,60.91,58.99,61.88,1,0,18.27,22.8,60.91,1.0,1.88,118042,0,31.25,60.0,0.0,0,60038
1844082,60.87,60.93,58.99,61.88,1,0,18.14,22.8,60.93,1.0,1.88,118042,0,31.27,60.0,0.0,0,60538
1844591,60.87,60.9,58.99,61.88,1,0,18.14,22.79,60.93,1.0,1.88,118042,0,31.27,60.0,0.03,0,61038
1845100,60.87,60.89,58.99,61.88,1,0,18.14,22.79,60.93,1.0,1.88,118042,0,31.27,60.0,0.04,0,61538
1845609,60.91,60.88,58.99,61.88,1,0,17.97,22.79,60.93,1.0,1.88,118042,0,31.24,60.0,0.05,0,62038
1846118,60.91,60.9,58.99,61.88,1,0,17.97,22.77,60.93,1.0,1.88,118042,0,31.24,60.0,0.03,0,62538
1846627,60.9,60.9,58.99,61.88,1,0,18.08,22.77,60.93,1.0,1.88,118042,0,31.25,60.0,0.02,0,63038
1847136,60.9,60.9,58.99,61.88,1,0,18.08,22.78,60.93,1.0,1.88,118042,0,31.25,60.0,0.02,0,63538
1847645,60.9,60.9,58.99,61.88,1,0,18.08,22.78,60.93,1.0,1.88,118042,0,31.25,60.0,0.02,0,64541
1848154,60.9,60.9,58.99,61.88,1,0,17.82,22.76,60.93,1.0,1.88,118042,0,31.23,60.0,0.03,0,65041
1848663,60.9,60.9,58.99,61.88,1,0,17.82,22.76,60.93,1.0,1.88,118042,0,31.23,60.0,0.03,0,65541
1849172,60.89,60.9,58.99,61.88,1,0,17.45,22.77,60.93,1.0,1.88,118042,0,31.24,60.0,0.03,0,66041
1849681,60.89,60.89,58.99,61.88,1,0,17.45,22.77,60.93,1.0,1.88,118042,0,31.24,60.0,0.04,0,66541
1850190,60.89,60.89,58.99,61.88,1,0,17.45,22.77,60.93,1.0,1.88,118042,0,31.24,60.0,0.04,0,67041
1850699,60.87,60.89,58.99,61.88,1,0,17.69,22.77,60.93,1.0,1.88,118042,0,31.27,60.0,0.04,0,67541
1851208,60.87,60.88,58.99,61.88,1,0,17.69,22.79,60.93,1.0,1.88,118042,0,31.27,60.0,0.05,0,68041
1851717,60.84,60.86,58.99,61.88,1,0,16.74,22.75,60.93,1.0,1.88,118042,0,31.24,60.0,0.07,0,68541
1852226,60.84,60.85,58.99,61.88,1,0,16.74,22.75,60.93,1.0,1.88,118042,0,31.24,60.0,0.08,0,69041
1852735,60.79,60.82,58.99,61.88,1,0,17.26,22.74,60.93,1.0,1.88,118042,0,31.24,60.0,0.11,0,69541
1853244,60.8,60.81,58.99,61.88,1,0,17.22,22.76,60.93,1.0,1.88,118042,0,31.25,60.0,0.12,0,70041
1853754,60.76,60.81,58.99,61.88,1,0,17.17,22.76,60.93,1.0,1.88,118042,0,31.25,60.0,0.12,0,70541
1854264,60.76,60.78,58.99,61.88,0,0,17.17,22.74,60.93,1.0,1.88,71041,0,31.25,60.0,0.15,0,0
1854773,60.69,60.74,59.0,61.88,0,0,16.98,22.71,60.74,0.99,1.88,71041,0,31.24,60.0,0.0,0,500
1855282,60.69,60.71,59.0,61.88,0,0,16.98,22.71,60.71,0.99,1.88,71041,0,31.24,60.0,0.0,0,1000
1855791,60.68,60.7,59.0,61.88,0,0,17.11,22.74,60.7,0.99,1.88,71041,0,31.27,60.0,0.0,0,1500
1856300,60.68,60.69,59.0,61.88,0,0,17.11,22.74,60.69,0.99,1.88,71041,0,31.27,60.0,0.0,0,2000
1856809,60.68,60.69,59.0,61.88,0,0,17.11,22.74,60.69,0.99,1.88,71041,0,31.27,60.0,0.0,0,2500
1857318,60.62,60.65,59.0,61.88,0,0,16.74,22.71,60.65,0.99,1.88,71041,0,31.25,60.0,0.0,0,3000
1857827,60.59,60.63,59.0,61.88,0,0,16.81,22.71,60.63,0.99,1.88,71041,0,31.25,60.0,0.0,0,3500
1858336,60.59,60.61,59.0,61.88,0,0,16.81,22.7,60.61,0.99,1.88,71041,0,31.25,60.0,0.0,0,4000
1858845,60.55,60.6,59.0,61.88,0,0,16.63,22.7,60.6,0.99,1.88,71041,0,31.27,60.0,0.0,0,4500
1859354,60.51,60.57,59.0,61.88,0,0,16.87,22.7,60.57,0.99,1.88,71041,0,31.24,60.0,0.0,0,5000
1859866,60.51,60.54,59.0,61.88,0,0,16.87,22.67,60.54,0.99,1.88,71041,0,31.24,60.0,0.0,0,5500
1860376,60.45,60.53,59.0,61.88,0,0,17.11,22.67,60.53,0.99,1.88,71041,0,31.27,60.0,0.0,0,6000
1860885,60.38,60.49,59.0,61.88,0,0,17.09,22.67,60.49,0.99,1.88,71041,0,31.24,60.0,0.0,0,6500
1861394,60.38,60.43,59.0,61.88,0,0,17.09,22.63,60.43,0.99,1.88,71041,0,31.24,60.0,0.0,0,7000
1861903,60.33,60.4,59.0,61.88,0,0,17.13,22.63,60.4,0.99,1.88,71041,0,31.24,60.0,0.0,0,7500
1862412,60.33,60.37,59.0,61.88,0,0,17.13,22.61,60.37,0.99,1.88,71041,0,31.24,60.0,0.0,0,8000
1862921,60.33,60.35,59.0,61.88,0,0,17.13,22.61,60.35,0.99,1.88,71041,0,31.24,60.0,0.0,0,8500
1863430,60.28,60.31,59.0,61.88,0,0,17.17,22.6,60.31,0.99,1.88,71041,0,31.24,60.0,0.0,0,9000
1863939,60.28,60.29,59.0,61.88,0,0,17.17,22.6,60.29,0.99,1.88,71041,0,31.24,60.0,0.0,0,9500
1864448,60.19,60.29,59.0,61.88,0,0,17.22,22.6,60.29,0.99,1.88,71041,0,31.24,60.0,0.0,0,10000
1864957,60.19,60.24,59.0,61.88,0,0,17.22,22.58,60.24,0.99,1.88,71041,0,31.24,60.0,0.0,0,10500
1865466,60.15,60.21,59.0,61.88,0,0,17.39,22.58,60.21,0.99,1.88,71041,0,31.24,60.0,0.0,0,11000
1865975,60.07,60.18,59.0,61.88,0,0,17.41,22.57,60.18,0.99,1.88,71041,0,31.25,60.0,0.0,0,11500
1866484,60.07,60.12,59.0,61.88,0,0,17.41,22.56,60.12,0.99,1.88,71041,0,31.25,60.0,0.0,0,12000
1866993,60.04,60.1,59.0,61.88,0,0,17.48,22.56,60.1,0.99,1.88,71041,0,31.24,60.0,0.0,0,12500
1867502,60.04,60.07,59.0,61.88,0,0,17.48,22.54,60.07,0.99,1.88,71041,0,31.24,60.0,0.0,0,13000
1868011,59.98,60.05,59.0,61.88,0,0,17.56,22.54,60.05,0.99,1.88,71041,0,31.25,60.0,0.0,0,13503
1868520,59.95,60.02,59.0,61.88,0,0,17.99,22.53,60.02,0.99,1.88,71041,0,31.23,60.0,0.0,0,14004
1869029,59.95,59.98,59.0,61.88,0,0,17.99,22.5,59.98,0.99,1.88,71041,0,31.23,60.0,0.0,0,14506
1869538,59.86,59.97,59.0,61.88,0,0,17.91,22.5,59.97,0.99,1.88,71041,0,31.24,60.0,0.0,0,15006
1870046,59.85,59.92,59.0,61.88,0,0,17.93,22.49,59.92,0.99,1.88,71041,0,31.24,60.0,0.0,0,15506
1870555,59.84,59.88,59.0,61.88,0,0,17.69,22.48,59.88,0.99,1.88,71041,0,31.23,60.0,0.0,0,16006
1871064,59.84,59.86,59.0,61.88,0,0,17.69,22.47,59.86,0.99,1.88,71041,0,31.23,60.0,0.0,0,16506
1871573,59.77,59.85,59.0,61.88,0,0,18.27,22.47,59.85,0.99,1.88,71041,0,31.23,60.0,0.0,0,17006
1872082,59.77,59.81,59.0,61.88,0,0,18.27,22.45,59.81,0.99,1.88,71041,0,31.23,60.0,0.0,0,17506
1872591,59.72,59.79,59.0,61.88,0,0,17.97,22.45,59.79,0.99,1.88,71041,0,31.27,60.0,0.0,0,18006
1873100,59.72,59.75,59.0,61.88,0,0,17.97,22.47,59.75,0.99,1.88,71041,0,31.27,60.0,0.0,0,18506
1873609,59.69,59.74,59.0,61.88,0,0,18.16,22.47,59.74,0.99,1.88,71041,0,31.25,60.0,0.0,0,19006
1874118,59.65,59.71,59.0,61.88,0,0,18.36,22.45,59.71,0.99,1.88,71041,0,31.24,60.0,0.0,0,19506
1874627,59.65,59.68,59.0,61.88,0,0,18.36,22.43,59.68,0.99,1.88,71041,0,31.24,60.0,0.0,0,20006
1875136,59.59,59.67,59.0,61.88,0,0,18.38,22.43,59.67,0.99,1.88,71041,0,31.24,60.0,0.0,0,20506
1875645,59.59,59.63,59.0,61.88,0,0,18.38,22.41,59.63,0.99,1.88,71041,0,31.24,60.0,0.0,0,21006
1876154,59.57,59.59,59.0,61.88,0,0,18.4,22.42,59.59,0.99,1.88,71041,0,31.25,60.0,0.0,0,22009
1876663,59.57,59.58,59.0,61.88,0,0,18.4,22.42,59.58,0.99,1.88,71041,0,31.25,60.0,0.0,0,22509
1877176,59.51,59.57,59.0,61.88,0,0,18.81,22.42,59.57,0.99,1.88,71041,0,31.23,60.0,0.0,0,23009
1877685,59.51,59.54,59.0,61.88,0,0,18.81,22.38,59.54,0.99,1.88,71041,0,31.23,60.0,0.0,0,23509
1878194,59.48,59.51,59.0,61.88,0,0,18.77,22.38,59.51,0.99,1.88,71041,0,31.24,60.0,0.0,0,24009
1878703,59.46,59.49,59.0,61.88,0,0,18.92,22.38,59.49,0.99,1.88,71041,0,31.24,60.0,0.0,0,24509
1879212,59.46,59.47,59.0,61.88,0,0,18.92,22.38,59.47,0.99,1.88,71041,0,31.24,60.0,0.0,0,25009
1879721,59.46,59.47,59.0,61.88,0,0,18.92,22.38,59.47,0.99,1.88,71041,0,31.24,60.0,0.0,0,25509
1880230,59.46,59.47,59.0,61.88,0,0,18.92,22.38,59.47,0.99,1.88,71041,0,31.24,60.0,0.0,0,26009
1880739,59.34,59.4,59.0,61.88,0,0,18.81,22.34,59.4,0.99,1.88,71041,0,31.24,60.0,0.0,0,26509
1881248,59.34,59.37,59.0,61.88,0,0,18.81,22.34,59.37,0.99,1.88,71041,0,31.24,60.0,0.0,0,27009
1881757,59.35,59.36,59.0,61.88,0,0,19.07,22.33,59.36,0.99,1.88,71041,0,31.23,60.0,0.0,0,27509
1882266,59.35,59.35,59.0,61.88,0,0,19.07,22.33,59.35,0.99,1.88,71041,0,31.23,60.0,0.0,0,28009
1882775,59.3,59.35,59.0,61.88,0,0,19.5,22.33,59.35,0.99,1.88,71041,0,31.25,60.0,0.0,0,28509
1883284,59.3,59.33,59.0,61.88,0,0,19.5,22.35,59.33,0.99,1.88,71041,0,31.25,60.0,0.0,0,29009
1883793,59.29,59.31,59.0,61.88,0,0,19.22,22.33,59.31,0.99,1.88,71041,0,31.24,60.0,0.0,0,29509
1884302,59.29,59.3,59.0,61.88,0,0,19.22,22.33,59.3,0.99,1.88,71041,0,31.24,60.0,0.0,0,30009
1884811,59.26,59.28,59.0,61.88,0,0,19.56,22.32,59.28,0.99,1.88,71041,0,31.24,60.0,0.0,0,30509
1885320,59.24,59.26,59.0,61.88,0,0,19.61,22.3,59.26,0.99,1.88,71041,0,31.23,60.0,0.0,0,31012
1885829,59.24,59.25,59.0,61.88,0,0,19.61,22.3,59.25,0.99,1.88,71041,0,31.23,60.0,0.0,0,31512
1886338,59.2,59.22,59.0,61.88,0,0,19.54,22.32,59.22,0.99,1.88,71041,0,31.25,60.0,0.0,0,32012
1886847,59.2,59.21,59.0,61.88,0,0,19.54,22.32,59.21,0.99,1.88,71041,0,31.25,60.0,0.0,0,32512
1887356,59.24,59.21,59.0,61.88,0,0,20.02,22.32,59.21,0.99,1.88,71041,0,31.24,60.0,0.0,0,33012
1887865,59.24,59.22,59.0,61.88,0,0,20.02,22.31,59.21,0.99,1.88,71041,0,31.24,60.0,0.01,0,33512
1888374,59.24,59.23,59.0,61.88,0,0,20.02,22.31,59.21,0.99,1.88,71041,0,31.24,60.0,0.02,0,34012
1888883,59.16,59.23,59.0,61.88,0,0,19.97,22.31,59.21,0.99,1.88,71041,0,31.24,60.0,0.02,0,34512
1889392,59.16,59.2,59.0,61.88,0,0,19.97,22.29,59.2,0.99,1.88,71041,0,31.24,60.0,0.0,0,35012
1889901,59.19,59.19,59.0,61.88,0,0,20.17,22.3,59.19,0.99,1.88,71041,0,31.24,60.0,0.0,0,35512
1890410,59.19,59.19,59.0,61.88,0,0,20.17,22.3,59.19,0.99,1.88,71041,0,31.24,60.0,0.0,0,36012
1890919,59.15,59.17,59.0,61.88,0,0,20.12,22.3,59.17,0.99,1.88,71041,0,31.25,60.0,0.0,0,36524
1891428,59.15,59.16,59.0,61.88,0,0,20.12,22.3,59.16,0.99,1.88,71041,0,31.25,60.0,0.0,0,37024
1891937,59.16,59.16,59.0,61.88,0,0,20.25,22.29,59.16,0.99,1.88,71041,0,31.24,60.0,0.0,0,37524
1892446,59.16,59.16,59.0,61.88,0,0,20.25,22.29,59.16,0.99,1.88,71041,0,31.24,60.0,0.0,0,38024
1892955,59.16,59.16,59.0,61.88,0,0,20.25,22.29,59.16,0.99,1.88,71041,0,31.24,60.0,0.0,0,38524
1893464,59.16,59.16,59.0,61.88,0,0,20.25,22.29,59.16,0.99,1.88,71041,0,31.24,60.0,0.0,0,39024
1893973,59.09,59.13,59.0,61.88,0,0,20.45,22.27,59.13,0.99,1.88,71041,0,31.24,60.0,0.0,0,39524
1894482,59.1,59.11,59.0,61.88,0,0,20.49,22.26,59.11,0.99,1.88,71041,0,31.23,60.0,0.0,0,40024
1894991,59.14,59.1,59.0,61.88,0,0,20.69,22.26,59.1,0.99,1.88,71041,0,31.24,60.0,0.0,0,40524
1895500,59.14,59.12,59.0,61.88,0,0,20.69,22.29,59.1,0.99,1.88,71041,0,31.24,60.0,0.01,0,41024
1896009,59.14,59.13,59.0,61.88,0,0,20.69,22.29,59.1,0.99,1.88,71041,0,31.24,60.0,0.02,0,41524
1896518,59.09,59.11,59.0,61.88,0,0,20.81,22.29,59.1,0.99,1.88,71041,0,31.25,60.0,0.0,0,42032
1897027,59.12,59.1,59.0,61.88,0,0,20.81,22.29,59.1,0.99,1.88,71041,0,31.25,60.0,0.0,0,42532
1897536,59.12,59.11,59.0,61.88,0,0,20.81,22.29,59.1,0.99,1.88,71041,0,31.25,60.0,0.0,0,43032
1898045,59.09,59.11,59.0,61.88,0,0,20.88,22.29,59.1,0.99,1.88,71041,0,31.25,60.0,0.01,0,43532
1898554,59.09,59.1,59.0,61.88,0,0,20.88,22.29,59.1,0.99,1.88,71041,0,31.25,60.0,0.0,0,44032
1899063,59.09,59.1,59.0,61.88,0,0,20.88,22.29,59.1,0.99,1.88,71041,0,31.25,60.0,0.0,0,44532
1899572,59.14,59.12,59.0,61.88,0,0,21.07,22.3,59.1,0.99,1.88,71041,0,31.25,60.0,0.02,0,45032
1900081,59.14,59.13,59.0,61.88,0,0,21.07,22.3,59.1,0.99,1.88,71041,0,31.25,60.0,0.03,0,45532
1900590,59.14,59.13,59.0,61.88,0,0,21.07,22.3,59.1,0.99,1.88,71041,0,31.25,60.0,0.03,0,46032
1901099,59.14,59.14,59.0,61.88,0,0,21.31,22.3,59.1,0.99,1.88,71041,0,31.27,60.0,0.04,0,46532
1901608,59.1,59.14,59.0,61.88,0,0,20.99,22.31,59.1,0.99,1.88,71041,0,31.25,60.0,0.04,0,47032
1902117,59.14,59.12,59.0,61.88,0,0,21.42,22.29,59.1,0.99,1.88,71041,0,31.24,60.0,0.02,0,47532
1902626,59.14,59.13,59.0,61.88,0,0,21.42,22.29,59.1,0.99,1.88,71041,0,31.24,60.0,0.03,0,48032
1903135,59.14,59.13,59.0,61.88,0,0,21.42,22.29,59.1,0.99,1.88,71041,0,31.24,60.0,0.03,0,48532
1903651,59.1,59.14,59.0,61.88,0,0,21.51,22.29,59.1,0.99,1.88,71041,0,31.24,60.0,0.03,0,49032
1904160,59.1,59.12,59.0,61.88,0,0,21.51,22.28,59.1,0.99,1.88,71041,0,31.24,60.0,0.02,0,49532
1904669,59.14,59.11,59.0,61.88,0,0,21.44,22.28,59.1,0.99,1.88,71041,0,31.24,60.0,0.01,0,50032
1905178,59.14,59.13,59.0,61.88,0,0,21.44,22.29,59.1,0.99,1.88,71041,0,31.24,60.0,0.03,0,51033
1905687,59.14,59.13,59.0,61.88,0,0,21.44,22.29,59.1,0.99,1.88,71041,0,31.24,60.0,0.03,0,51533
1906196,59.11,59.12,59.0,61.88,0,0,21.77,22.28,59.1,0.99,1.88,71041,0,31.24,60.0,0.02,0,52033
1906705,59.11,59.12,59.0,61.88,0,0,21.77,22.28,59.1,0.99,1.88,71041,0,31.24,60.0,0.02,0,52533
1907214,59.1,59.11,59.0,61.88,0,0,21.68,22.29,59.1,0.99,1.88,71041,0,31.25,60.0,0.01,0,53033
1907723,59.16,59.11,59.0,61.88,0,0,21.77,22.29,59.1,0.99,1.88,71041,0,31.28,60.0,0.0,0,53533
1908232,59.16,59.13,59.0,61.88,0,0,21.77,22.33,59.1,0.99,1.88,71041,0,31.28,60.0,0.03,0,54033
1908741,59.1,59.12,59.0,61.88,0,0,21.96,22.29,59.1,0.99,1.88,71041,0,31.25,60.0,0.02,0,54533
1909250,59.16,59.14,59.0,61.88,0,0,22.03,22.31,59.1,0.99,1.88,71041,0,31.25,60.0,0.04,0,55033
1909759,59.16,59.15,59.0,61.88,0,0,22.03,22.31,59.1,0.99,1.88,71041,0,31.25,60.0,0.05,0,55533
1910268,59.15,59.16,59.0,61.88,0,0,21.87,22.31,59.1,0.99,1.88,71041,0,31.25,60.0,0.06,0,56033
1910777,59.15,59.16,59.0,61.88,0,0,21.87,22.3,59.1,0.99,1.88,71041,0,31.25,60.0,0.06,0,56533
1911286,59.15,59.16,59.0,61.88,0,0,21.87,22.3,59.1,0.99,1.88,71041,0,31.25,60.0,0.05,0,57033
1911795,59.13,59.14,59.0,61.88,0,0,22.11,22.31,59.1,0.99,1.88,71041,0,31.27,60.0,0.04,0,57533
1912304,59.16,59.15,59.0,61.88,0,0,22.35,22.33,59.1,0.99,1.88,71041,0,31.28,60.0,0.05,0,58034
1912813,59.16,59.15,59.0,61.88,0,0,22.35,22.33,59.1,0.99,1.88,71041,0,31.28,60.0,0.05,0,58534
1913322,59.17,59.16,59.0,61.88,0,0,22.37,22.3,59.1,0.99,1.88,71041,0,31.24,60.0,0.06,0,59034
1913831,59.17,59.17,59.0,61.88,0,0,22.37,22.3,59.1,0.99,1.88,71041,0,31.24,60.0,0.07,0,59534
1914340,59.17,59.17,59.0,61.88,0,0,22.37,22.3,59.1,0.99,1.88,71041,0,31.24,60.0,0.07,0,60034
1914849,59.17,59.17,59.0,61.88,0,0,22.35,22.3,59.1,0.99,1.88,71041,0,31.24,60.0,0.07,0,60534
1915358,59.17,59.17,59.0,61.88,0,0,22.35,22.3,59.1,0.99,1.88,71041,0,31.24,60.0,0.07,0,61034
1915867,59.17,59.17,59.0,61.88,0,0,22.35,22.3,59.1,0.99,1.88,71041,0,31.24,60.0,0.07,0,61534
1916376,59.2,59.19,59.0,61.88,0,0,22.42,22.3,59.1,0.99,1.88,71041,0,31.24,60.0,0.09,0,62034
1916885,59.2,59.19,59.0,61.88,0,0,22.42,22.3,59.1,0.99,1.88,71041,0,31.24,60.0,0.09,0,62537
1917394,59.22,59.21,59.0,61.88,0,0,22.5,22.33,59.1,0.99,1.88,71041,0,31.27,60.0,0.1,0,63038
1917903,59.2,59.21,59.0,61.88,0,0,22.72,22.33,59.1,0.99,1.88,71041,0,31.25,60.0,0.11,0,63538
1918412,59.2,59.21,59.0,61.88,0,0,22.72,22.32,59.1,0.99,1.88,71041,0,31.25,60.0,0.11,0,64038
1918921,59.19,59.2,59.0,61.88,0,0,22.59,22.32,59.1,0.99,1.88,71041,0,31.27,60.0,0.1,0,64538
1919430,59.19,59.2,59.0,61.88,0,0,22.59,22.33,59.1,0.99,1.88,71041,0,31.27,60.0,0.1,0,65038
1919939,59.24,59.22,59.0,61.88,0,0,23.26,22.33,59.1,0.99,1.88,71041,0,31.25,60.0,0.12,0,65538
1920448,59.24,59.23,59.0,61.88,0,0,23.26,22.33,59.1,0.99,1.88,71041,0,31.25,60.0,0.13,0,66038
1920957,59.25,59.24,59.0,61.88,0,0,22.76,22.32,59.1,0.99,1.88,71041,0,31.24,60.0,0.14,0,66538
1921466,59.23,59.25,59.0,61.88,0,0,22.89,22.32,59.1,0.99,1.88,71041,0,31.27,60.0,0.14,0,67038
1921975,59.23,59.24,59.0,61.88,0,0,22.89,22.34,59.1,0.99,1.88,71041,0,31.27,60.0,0.14,0,67538
1922484,59.23,59.24,59.0,61.88,0,0,22.89,22.34,59.1,0.99,1.88,71041,0,31.27,60.0,0.13,0,68038
1922993,59.22,59.23,59.0,61.88,0,0,23.0,22.34,59.1,0.99,1.88,71041,0,31.25,60.0,0.13,0,68538
1923502,59.24,59.22,59.0,61.88,0,0,23.13,22.32,59.1,0.99,1.88,71041,0,31.24,60.0,0.12,0,69038
1924011,59.24,59.23,59.0,61.88,0,0,23.13,22.31,59.1,0.99,1.88,71041,0,31.24,60.0,0.13,0,69538
1924520,59.24,59.23,59.0,61.88,0,0,23.26,22.31,59.1,0.99,1.88,71041,0,31.25,60.0,0.13,0,70038
1925029,59.28,59.24,59.0,61.88,0,0,23.15,22.33,59.1,0.99,1.88,71041,0,31.25,60.0,0.14,0,70538
1925538,59.28,59.26,59.0,61.88,1,0,23.15,22.34,59.1,0.99,1.88,71038,0,31.25,60.0,0.16,0,0
1926047,59.28,59.27,59.0,61.73,1,0,23.15,22.34,59.27,0.99,1.73,71038,0,31.25,60.0,0.0,0,500
1926556,59.28,59.27,59.0,61.73,1,0,23.24,22.34,59.27,0.99,1.73,71038,0,31.27,60.0,0.0,0,1000
1927065,59.28,59.28,59.0,61.73,1,0,23.24,22.35,59.28,0.99,1.73,71038,0,31.27,60.0,0.0,0,1500
1927574,59.3,59.28,59.0,61.73,1,0,23.33,22.35,59.28,0.99,1.73,71038,0,31.25,60.0,0.0,0,2000
1928083,59.3,59.29,59.0,61.73,1,0,23.33,22.35,59.29,0.99,1.73,71038,0,31.25,60.0,0.0,0,2500
1928592,59.31,59.3,59.0,61.73,1,0,23.05,22.35,59.3,0.99,1.73,71038,0,31.27,60.0,0.0,0,3000
1929101,59.29,59.3,59.0,61.73,1,0,23.2,22.36,59.3,0.99,1.73,71038,0,31.25,60.0,0.0,0,3500
1929610,59.29,59.29,59.0,61.73,1,0,23.2,22.34,59.3,0.99,1.73,71038,0,31.25,60.0,0.0,0,4000
1930119,59.29,59.29,59.0,61.73,1,0,23.2,22.34,59.3,0.99,1.73,71038,0,31.25,60.0,0.0,0,4500
1930628,59.29,59.29,59.0,61.73,1,0,23.2,22.34,59.3,0.99,1.73,71038,0,31.25,60.0,0.01,0,5000
1931137,59.29,59.29,59.0,61.73,1,0,23.2,22.34,59.3,0.99,1.73,71038,0,31.25,60.0,0.01,0,5503
1931646,59.27,59.29,59.0,61.73,1,0,23.05,22.34,59.3,0.99,1.73,71038,0,31.24,60.0,0.01,0,6003
1932155,59.33,59.28,59.0,61.73,1,0,22.89,22.32,59.3,0.99,1.73,71038,0,31.24,60.0,0.01,0,6503
1932668,59.31,59.3,59.0,61.73,1,0,22.89,22.34,59.3,0.99,1.73,71038,0,31.27,60.0,0.0,0,7003
1933177,59.31,59.3,59.0,61.73,1,0,22.89,22.36,59.3,0.99,1.73,71038,0,31.27,60.0,0.0,0,7503
1933686,59.34,59.32,59.0,61.73,1,0,23.2,22.37,59.32,0.99,1.73,71038,0,31.27,60.0,0.0,0,8503
1934195,59.32,59.32,59.0,61.73,1,0,22.91,22.35,59.32,0.99,1.73,71038,0,31.25,60.0,0.0,0,9003
1934704,59.32,59.32,59.0,61.73,1,0,22.91,22.35,59.32,0.99,1.73,71038,0,31.25,60.0,0.0,0,9503
1935213,59.33,59.32,59.0,61.73,1,0,22.42,22.37,59.32,0.99,1.73,71038,0,31.27,60.0,0.0,0,10003
1935722,59.33,59.33,59.0,61.73,1,0,22.42,22.37,59.33,0.99,1.73,71038,0,31.27,60.0,0.0,0,10503
1936231,59.33,59.33,59.0,61.73,1,0,22.59,22.37,59.33,0.99,1.73,71038,0,31.27,60.0,0.0,0,11003
1936740,59.31,59.32,59.0,61.73,1,0,22.76,22.36,59.33,0.99,1.73,71038,0,31.27,60.0,0.01,0,11503
1937249,59.31,59.31,59.0,61.73,1,0,22.76,22.36,59.33,0.99,1.73,71038,0,31.27,60.0,0.01,0,12003
1937758,59.35,59.33,59.0,61.73,1,0,22.61,22.38,59.33,0.99,1.73,71038,0,31.28,60.0,0.0,0,12503
1938267,59.32,59.32,59.0,61.73,1,0,22.33,22.38,59.33,0.99,1.73,71038,0,31.28,60.0,0.0,0,13003
1938776,59.31,59.32,59.0,61.73,1,0,22.22,22.37,59.33,0.99,1.73,71038,0,31.28,60.0,0.01,0,13503
1939285,59.31,59.31,59.0,61.73,1,0,22.22,22.37,59.33,0.99,1.73,71038,0,31.28,60.0,0.01,0,14003
1939794,59.34,59.33,59.0,61.73,1,0,22.68,22.36,59.33,0.99,1.73,71038,0,31.25,60.0,0.0,0,14503
1940303,59.34,59.33,59.0,61.73,1,0,22.03,22.36,59.33,0.99,1.73,71038,0,31.25,60.0,0.0,0,15003
1940812,59.36,59.35,59.0,61.73,1,0,21.96,22.36,59.35,0.99,1.73,71038,0,31.25,60.0,0.0,0,15503
1941321,59.36,59.36,59.0,61.73,1,0,21.96,22.36,59.36,0.99,1.73,71038,0,31.25,60.0,0.0,0,16003
1941830,59.35,59.35,59.0,61.73,1,0,22.07,22.36,59.36,0.99,1.73,71038,0,31.25,60.0,0.0,0,16503
1942339,59.35,59.35,59.0,61.73,1,0,22.07,22.36,59.36,0.99,1.73,71038,0,31.25,60.0,0.0,0,17003
1942848,59.34,59.35,59.0,61.73,1,0,21.66,22.34,59.36,0.99,1.73,71038,0,31.24,60.0,0.01,0,17503
1943357,59.34,59.34,59.0,61.73,1,0,21.66,22.34,59.36,0.99,1.73,71038,0,31.24,60.0,0.01,0,18003
1943866,59.36,59.35,59.0,61.73,1,0,21.7,22.37,59.36,0.99,1.73,71038,0,31.27,60.0,0.0,0,18503
1944375,59.39,59.37,59.0,61.73,1,0,21.61,22.37,59.37,0.99,1.73,71038,0,31.25,60.0,0.0,0,19003
1944884,59.36,59.37,59.0,61.73,1,0,21.7,22.36,59.37,0.99,1.73,71038,0,31.25,60.0,0.0,0,19508
1945393,59.34,59.37,59.0,61.73,1,0,21.42,22.36,59.37,0.99,1.73,71038,0,31.27,60.0,0.0,0,20008
1945901,59.34,59.35,59.0,61.73,1,0,21.42,22.37,59.37,0.99,1.73,71038,0,31.27,60.0,0.01,0,20508
1946410,59.39,59.35,59.0,61.73,1,0,21.2,22.37,59.37,0.99,1.73,71038,0,31.25,60.0,0.02,0,21008
1946919,59.39,59.37,59.0,61.73,1,0,21.2,22.37,59.37,0.99,1.73,71038,0,31.25,60.0,0.0,0,21508
1947428,59.4,59.39,59.0,61.73,1,0,21.14,22.39,59.39,0.99,1.73,71038,0,31.27,60.0,0.0,0,22008
1947937,59.38,59.38,59.0,61.73,1,0,20.84,22.35,59.39,0.99,1.73,71038,0,31.24,60.0,0.0,0,22508
1948446,59.4,59.38,59.0,61.73,1,0,20.79,22.35,59.39,0.99,1.73,71038,0,31.24,60.0,0.0,0,23008
1948956,59.4,59.39,59.0,61.73,1,0,20.79,22.36,59.39,0.99,1.73,71038,0,31.24,60.0,0.0,0,23508
1949466,59.44,59.42,59.0,61.73,1,0,20.56,22.4,59.42,0.99,1.73,71038,0,31.27,60.0,0.0,0,24008
1949975,59.44,59.43,59.0,61.73,1,0,20.56,22.4,59.43,0.99,1.73,71038,0,31.27,60.0,0.0,0,24508
1950484,59.44,59.44,59.0,61.73,1,0,20.64,22.4,59.44,0.99,1.73,71038,0,31.27,60.0,0.0,0,25008
1950993,59.43,59.44,59.0,61.73,1,0,20.58,22.4,59.44,0.99,1.73,71038,0,31.25,60.0,0.0,0,25508
1951502,59.46,59.43,59.0,61.73,1,0,20.47,22.38,59.44,0.99,1.73,71038,0,31.28,60.0,0.0,0,26008
1952011,59.46,59.45,59.0,61.73,1,0,20.47,22.42,59.45,0.99,1.73,71038,0,31.28,60.0,0.0,0,26508
1952520,59.46,59.45,59.0,61.73,1,0,20.47,22.42,59.45,0.99,1.73,71038,0,31.28,60.0,0.0,0,27008
1953029,59.46,59.45,59.0,61.73,1,0,20.47,22.42,59.45,0.99,1.73,71038,0,31.28,60.0,0.0,0,27508
1953538,59.46,59.46,59.0,61.73,1,0,20.47,22.42,59.46,0.99,1.73,71038,0,31.28,60.0,0.0,0,28008
1954047,59.52,59.46,59.0,61.73,1,0,20.23,22.42,59.46,0.99,1.73,71038,0,31.27,60.0,0.0,0,28508
1954556,59.52,59.49,59.0,61.73,1,0,20.23,22.42,59.49,0.99,1.73,71038,0,31.27,60.0,0.0,0,29008
1955065,59.52,59.5,59.0,61.73,1,0,20.12,22.42,59.5,0.99,1.73,71038,0,31.27,60.0,0.0,0,29508
1955574,59.52,59.51,59.0,61.73,1,0,20.12,22.42,59.51,0.99,1.73,71038,0,31.27,60.0,0.0,0,30008
1956083,59.52,59.51,59.0,61.73,1,0,19.97,22.42,59.51,0.99,1.73,71038,0,31.27,60.0,0.0,0,30508
1956592,59.52,59.52,59.0,61.73,1,0,19.97,22.42,59.52,0.99,1.73,71038,0,31.27,60.0,0.0,0,31008
1957101,59.54,59.52,59.0,61.73,1,0,19.56,22.42,59.52,0.99,1.73,71038,0,31.27,60.0,0.0,0,31508
1957618,59.56,59.53,59.0,61.73,1,0,19.65,22.42,59.53,0.99,1.73,71038,0,31.28,60.0,0.0,0,32008
1958127,59.56,59.54,59.0,61.73,1,0,19.65,22.44,59.54,0.99,1.73,71038,0,31.28,60.0,0.0,0,32508
1958636,59.55,59.55,59.0,61.73,1,0,19.41,22.44,59.55,0.99,1.73,71038,0,31.25,60.0,0.0,0,33008
1959145,59.55,59.55,59.0,61.73,1,0,19.41,22.41,59.55,0.99,1.73,71038,0,31.25,60.0,0.0,0,33508
1959654,59.56,59.55,59.0,61.73,1,0,19.44,22.41,59.55,0.99,1.73,71038,0,31.27,60.0,0.0,0,34008
1960163,59.57,59.56,59.0,61.73,1,0,19.39,22.43,59.56,0.99,1.73,71038,0,31.28,60.0,0.0,0,34508
1960672,59.57,59.56,59.0,61.73,1,0,19.39,22.45,59.56,0.99,1.73,71038,0,31.28,60.0,0.0,0,35008
1961181,59.53,59.57,59.0,61.73,1,0,19.59,22.45,59.57,0.99,1.73,71038,0,31.27,60.0,0.0,0,35508
1961690,59.53,59.55,59.0,61.73,1,0,19.59,22.42,59.57,0.99,1.73,71038,0,31.27,60.0,0.01,0,36012
1962199,59.53,59.54,59.0,61.73,1,0,18.98,22.44,59.57,0.99,1.73,71038,0,31.28,60.0,0.02,0,37016
1962708,59.53,59.54,59.0,61.73,1,0,18.98,22.44,59.57,0.99,1.73,71038,0,31.28,60.0,0.03,0,37516
1963217,59.55,59.54,59.0,61.73,1,0,18.36,22.41,59.57,0.99,1.73,71038,0,31.25,60.0,0.02,0,38016
1963726,59.55,59.55,59.0,61.73,1,0,18.36,22.41,59.57,0.99,1.73,71038,0,31.25,60.0,0.01,0,38516
1964235,59.54,59.55,59.0,61.73,1,0,18.88,22.42,59.57,0.99,1.73,71038,0,31.27,60.0,0.02,0,39016
1964744,59.54,59.54,59.0,61.73,1,0,18.88,22.42,59.57,0.99,1.73,71038,0,31.27,60.0,0.02,0,39516
1965253,59.54,59.54,59.0,61.73,1,0,18.88,22.42,59.57,0.99,1.73,71038,0,31.27,60.0,0.02,0,40016
1965762,59.58,59.56,59.0,61.73,1,0,18.94,22.42,59.57,0.99,1.73,71038,0,31.25,60.0,0.0,0,40516
1966271,59.53,59.55,59.0,61.73,1,0,18.6,22.41,59.57,0.99,1.73,71038,0,31.25,60.0,0.02,0,41029
1966780,59.53,59.54,59.0,61.73,1,0,18.6,22.41,59.57,0.99,1.73,71038,0,31.25,60.0,0.02,0,41529
1967289,59.53,59.53,59.0,61.73,1,0,18.6,22.41,59.57,0.99,1.73,71038,0,31.25,60.0,0.03,0,42029
1967798,59.53,59.53,59.0,61.73,1,0,18.49,22.42,59.57,0.99,1.73,71038,0,31.27,60.0,0.03,0,42529
1968307,59.53,59.53,59.0,61.73,1,0,18.49,22.42,59.57,0.99,1.73,71038,0,31.27,60.0,0.03,0,43029
1968816,59.52,59.52,59.0,61.73,1,0,18.53,22.42,59.57,0.99,1.73,71038,0,31.27,60.0,0.04,0,43529
1969325,59.52,59.52,59.0,61.73,1,0,18.53,22.42,59.57,0.99,1.73,71038,0,31.27,60.0,0.04,0,44029
1969834,59.52,59.52,59.0,61.73,1,0,18.53,22.42,59.57,0.99,1.73,71038,0,31.27,60.0,0.04,0,44529
1970343,59.49,59.52,59.0,61.73,1,0,18.01,22.42,59.57,0.99,1.73,71038,0,31.28,60.0,0.04,0,45032
1970852,59.49,59.51,59.0,61.73,1,0,18.01,22.43,59.57,0.99,1.73,71038,0,31.28,60.0,0.06,0,45533
1971361,59.5,59.5,59.0,61.73,1,0,18.01,22.4,59.57,0.99,1.73,71038,0,31.25,60.0,0.06,0,46034
1971870,59.5,59.5,59.0,61.73,1,0,18.01,22.4,59.57,0.99,1.73,71038,0,31.25,60.0,0.06,0,46534
1972379,59.49,59.5,59.0,61.73,1,0,17.93,22.4,59.57,0.99,1.73,71038,0,31.27,60.0,0.06,0,47034
1972888,59.49,59.5,59.0,61.73,1,0,17.93,22.41,59.57,0.99,1.73,71038,0,31.27,60.0,0.06,0,47534
1973397,59.45,59.47,59.0,61.73,1,0,17.84,22.41,59.57,0.99,1.73,71038,0,31.28,60.0,0.09,0,48034
1973906,59.45,59.46,59.0,61.73,1,0,17.84,22.41,59.57,0.99,1.73,71038,0,31.28,60.0,0.1,0,48534
1974415,59.4,59.45,59.0,61.73,1,0,17.91,22.41,59.57,0.99,1.73,71038,0,31.27,60.0,0.11,0,49034
1974924,59.4,59.43,59.0,61.73,1,0,17.91,22.39,59.57,0.99,1.73,71038,0,31.27,60.0,0.13,0,49534
1975433,59.4,59.42,59.0,61.73,0,0,17.91,22.39,59.57,0.99,1.73,50034,0,31.27,60.0,0.15,0,0
1975942,59.33,59.37,59.15,61.73,0,0,17.73,22.37,59.37,0.84,1.73,50034,0,31.27,60.0,0.0,0,500
1976451,59.33,59.35,59.15,61.73,0,0,17.43,22.37,59.35,0.84,1.73,50034,0,31.27,60.0,0.0,0,1001
1976960,59.33,59.34,59.15,61.73,0,0,17.43,22.37,59.34,0.84,1.73,50034,0,31.27,60.0,0.0,0,1502
1977469,59.29,59.32,59.15,61.73,0,0,17.69,22.35,59.32,0.84,1.73,50034,0,31.27,60.0,0.0,0,2002
1977978,59.29,59.3,59.15,61.73,0,0,17.69,22.35,59.3,0.84,1.73,50034,0,31.27,60.0,0.0,0,2502
1978487,59.26,59.3,59.15,61.73,0,0,17.41,22.35,59.3,0.84,1.73,50034,0,31.24,60.0,0.0,0,3002
1978995,59.26,59.28,59.15,61.73,0,0,17.41,22.32,59.28,0.84,1.73,50034,0,31.24,60.0,0.0,0,3502
1979504,59.21,59.24,59.15,61.73,0,0,17.58,22.35,59.24,0.84,1.73,50034,0,31.28,60.0,0.0,0,4002
1980013,59.19,59.22,59.15,61.73,0,0,17.39,22.35,59.22,0.84,1.73,50034,0,31.27,60.0,0.0,0,4502
1980522,59.19,59.21,59.15,61.73,0,0,17.39,22.33,59.21,0.84,1.73,50034,0,31.27,60.0,0.0,0,5002
1981031,59.15,59.2,59.15,61.73,0,0,17.35,22.33,59.2,0.84,1.73,50034,0,31.28,60.0,0.0,0,5502
1981540,59.15,59.17,59.15,61.73,0,0,17.35,22.33,59.17,0.84,1.73,50034,0,31.28,60.0,0.0,0,6002
1982049,59.13,59.16,59.15,61.73,0,0,17.5,22.33,59.16,0.84,1.73,50034,0,31.27,60.0,0.0,0,6502
1982557,59.06,59.15,59.15,61.73,0,0,17.35,22.31,59.15,0.84,1.73,50034,0,31.3,60.0,0.0,0,7002
1983066,59.01,59.1,59.15,61.73,0,0,17.39,22.32,59.1,0.84,1.73,50034,0,31.28,60.0,0.0,0,7502
1983575,59.01,59.06,59.15,61.73,0,0,17.39,22.29,59.06,0.84,1.73,50034,0,31.28,60.0,0.0,0,8002
1984084,59.01,59.03,59.15,61.73,0,0,17.39,22.29,59.03,0.84,1.73,50034,0,31.28,60.0,0.0,0,8502
1984593,59.01,59.02,59.15,61.73,0,0,17.39,22.29,59.02,0.84,1.73,50034,0,31.28,60.0,0.0,0,9002
1985102,58.94,58.98,59.15,61.73,0,0,17.45,22.23,58.98,0.84,1.73,50034,0,31.24,60.0,0.0,0,9518
1985611,58.85,58.96,59.15,61.73,0,0,17.71,22.23,58.96,0.84,1.73,50034,0,31.27,60.0,0.0,0,10018
1986120,58.85,58.91,59.15,61.73,0,0,17.71,22.23,58.91,0.84,1.73,50034,0,31.27,60.0,0.0,0,10518
1986629,58.8,58.88,59.15,61.73,0,0,17.65,22.23,58.88,0.84,1.73,50034,0,31.25,60.0,0.0,0,11018
1987138,58.8,58.84,59.15,61.73,0,0,17.65,22.21,58.84,0.84,1.73,50034,0,31.25,60.0,0.0,0,11518
1987647,58.8,58.82,59.15,61.73,0,0,17.65,22.21,58.82,0.84,1.73,50034,0,31.25,60.0,0.0,0,12018
1988156,58.77,58.81,59.15,61.73,0,0,18.66,22.21,58.81,0.84,1.73,50034,0,31.27,60.0,0.0,0,12518
1988672,58.74,58.79,59.15,61.73,0,0,17.99,22.21,58.79,0.84,1.73,50034,0,31.25,60.0,0.0,0,13018
1989181,58.74,58.76,59.15,61.73,0,0,17.99,22.19,58.76,0.84,1.73,50034,0,31.25,60.0,0.0,0,13518
1989690,58.69,58.75,59.15,61.73,0,0,18.32,22.19,58.75,0.84,1.73,50034,0,31.24,60.0,0.0,0,14018
1990199,58.63,58.72,59.15,61.73,0,0,18.06,22.16,58.72,0.84,1.73,50034,0,31.25,60.0,0.0,0,14518
1990708,58.63,58.67,59.15,61.73,0,0,18.06,22.16,58.67,0.84,1.73,50034,0,31.25,60.0,0.0,0,15018
1991217,58.62,58.65,59.15,61.73,0,0,18.19,22.16,58.65,0.84,1.73,50034,0,31.25,60.0,0.0,0,15518
1991726,58.62,58.63,59.15,61.73,0,0,18.19,22.15,58.63,0.84,1.73,50034,0,31.25,60.0,0.0,0,16018
1992235,58.58,58.62,59.15,61.73,0,0,18.23,22.15,58.62,0.84,1.73,50034,0,31.25,60.0,0.0,0,16522
1992744,58.51,58.6,59.15,61.73,0,0,18.25,22.14,58.6,0.84,1.73,50034,0,31.25,60.0,0.0,0,17031
1993252,58.47,58.56,59.15,61.73,0,0,18.44,22.13,58.56,0.84,1.73,50034,0,31.27,60.0,0.0,0,17540
1993761,58.45,58.51,59.15,61.73,0,0,18.47,22.12,58.51,0.84,1.73,50034,0,31.24,60.0,0.0,0,18048
1994270,58.45,58.48,59.15,61.73,0,0,18.47,22.09,58.48,0.84,1.73,50034,0,31.24,60.0,0.0,0,18558
1994779,58.44,58.45,59.15,61.73,0,0,18.49,22.12,58.45,0.84,1.73,50034,0,31.27,60.0,0.0,0,19562
1995288,58.41,58.43,59.15,61.73,0,0,18.44,22.1,58.43,0.84,1.73,50034,0,31.25,60.0,0.0,0,20062
1995797,58.38,58.41,59.15,61.73,0,0,18.66,22.1,58.41,0.84,1.73,50034,0,31.27,60.0,0.0,0,20562
1996306,58.34,58.37,59.15,61.73,0,0,18.68,22.08,58.37,0.84,1.73,50034,0,31.25,60.0,0.0,0,21062
1996815,58.34,58.36,59.15,61.73,0,0,18.68,22.08,58.36,0.84,1.73,50034,0,31.25,60.0,0.0,0,21562
1997324,58.3,58.33,59.15,61.73,0,0,18.79,22.07,58.33,0.84,1.73,50034,0,31.25,60.0,0.0,0,22062
1997833,58.31,58.32,59.15,61.73,0,0,19.0,22.09,58.32,0.84,1.73,50034,0,31.28,60.0,0.0,0,22562
1998342,58.25,58.29,59.15,61.73,0,0,19.0,22.06,58.29,0.84,1.73,50034,0,31.27,60.0,0.0,0,23062
1998851,58.25,58.27,59.15,61.73,0,0,19.0,22.06,58.27,0.84,1.73,50034,0,31.27,60.0,0.0,0,23562
1999360,58.18,58.22,59.15,61.73,0,0,19.11,22.04,58.22,0.84,1.73,50034,0,31.27,60.0,0.0,0,24062
1999869,58.18,58.2,59.15,61.73,0,0,19.11,22.04,58.2,0.84,1.73,50034,0,31.27,60.0,0.0,0,24562
2000378,58.18,58.19,59.15,61.73,0,0,19.11,22.04,58.19,0.84,1.73,50034,0,31.27,60.0,0.0,0,25062
2000887,58.17,58.18,59.15,61.73,0,0,19.22,22.04,58.18,0.84,1.73,50034,0,31.27,60.0,0.0,0,25562
2001396,58.17,58.17,59.15,61.73,0,0,19.22,22.04,58.17,0.84,1.73,50034,0,31.27,60.0,0.0,0,26062
2001905,58.09,58.13,59.15,61.73,0,0,19.56,22.02,58.13,0.84,1.73,50034,0,31.27,60.0,0.0,0,26562
2002414,58.09,58.11,59.15,61.73,0,0,19.56,22.02,58.11,0.84,1.73,50034,0,31.27,60.0,0.0,0,27062
2002923,58.09,58.1,59.15,61.73,0,0,19.56,22.02,58.1,0.84,1.73,50034,0,31.27,60.0,0.0,0,27562
2003432,58.13,58.12,59.15,61.73,0,0,19.41,22.03,58.1,0.84,1.73,50034,0,31.27,60.0,0.01,0,28062
2003948,58.08,58.12,59.15,61.73,0,0,19.65,22.03,58.1,0.84,1.73,50034,0,31.25,60.0,0.02,0,28562
2004457,58.08,58.1,59.15,61.73,0,0,19.65,22.0,58.1,0.84,1.73,50034,0,31.25,60.0,0.0,0,29062
2004966,58.01,58.06,59.15,61.73,0,0,19.63,21.98,58.06,0.84,1.73,50034,0,31.25,60.0,0.0,0,29562
2005475,58.06,58.06,59.15,61.73,0,0,19.72,21.99,58.06,0.84,1.73,50034,0,31.24,60.0,0.0,0,30062
2005984,58.06,58.06,59.15,61.73,0,0,19.72,21.99,58.06,0.84,1.73,50034,0,31.24,60.0,0.0,0,30562
2006493,58.06,58.06,59.15,61.73,0,0,19.72,21.99,58.06,0.84,1.73,50034,0,31.24,60.0,0.0,0,31062
2007002,58.05,58.06,59.15,61.73,0,0,20.0,21.99,58.06,0.84,1.73,50034,0,31.3,60.0,0.0,0,31562
2007511,58.05,58.05,59.15,61.73,0,0,20.0,22.03,58.05,0.84,1.73,50034,0,31.3,60.0,0.0,0,32062
2008020,58.05,58.05,59.15,61.73,0,0,20.0,22.03,58.05,0.84,1.73,50034,0,31.3,60.0,0.0,0,32562
2008529,58.01,58.03,59.15,61.73,0,0,20.0,21.99,58.03,0.84,1.73,50034,0,31.27,60.0,0.0,0,33062
2009038,58.01,58.02,59.15,61.73,0,0,20.04,21.98,58.02,0.84,1.73,50034,0,31.25,60.0,0.0,0,33569
2009547,57.94,58.02,59.15,61.73,0,0,20.12,21.98,58.02,0.84,1.73,50034,0,31.28,60.0,0.0,0,34069
2010056,57.94,57.98,59.15,61.73,0,0,20.12,21.99,57.98,0.84,1.73,50034,0,31.28,60.0,0.0,0,34569
2010565,57.97,57.98,59.15,61.73,0,0,20.19,21.97,57.98,0.84,1.73,50034,0,31.25,60.0,0.0,0,35069
2011074,57.97,57.98,59.15,61.73,0,0,20.73,21.97,57.98,0.84,1.73,50034,0,31.25,60.0,0.0,0,35569
2011583,57.97,57.98,59.15,61.73,0,0,20.73,21.97,57.98,0.84,1.73,50034,0,31.25,60.0,0.0,0,36069
2012092,57.93,57.98,59.15,61.73,0,0,20.51,21.97,57.98,0.84,1.73,50034,0,31.28,60.0,0.0,0,36569
2012601,57.93,57.95,59.15,61.73,0,0,20.51,21.99,57.95,0.84,1.73,50034,0,31.28,60.0,0.0,0,37069
2013110,57.93,57.94,59.15,61.73,0,0,20.58,21.99,57.94,0.84,1.73,50034,0,31.27,60.0,0.0,0,37569
2013619,57.93,57.94,59.15,61.73,0,0,20.58,21.97,57.94,0.84,1.73,50034,0,31.27,60.0,0.0,0,38069
2014128,57.95,57.95,59.15,61.73,0,0,20.62,21.98,57.94,0.84,1.73,50034,0,31.27,60.0,0.0,0,38569
2014637,57.94,57.94,59.15,61.73,0,0,20.64,21.98,57.94,0.84,1.73,50034,0,31.27,60.0,0.0,0,39069
2015146,57.94,57.94,59.15,61.73,0,0,20.64,21.98,57.94,0.84,1.73,50034,0,31.27,60.0,0.0,0,39569
2015655,57.94,57.94,59.15,61.73,0,0,20.77,21.98,57.94,0.84,1.73,50034,0,31.25,60.0,0.0,0,40069
2016164,57.94,57.94,59.15,61.73,0,0,20.77,21.96,57.94,0.84,1.73,50034,0,31.25,60.0,0.0,0,40569
2016673,57.94,57.94,59.15,61.73,0,0,20.77,21.99,57.94,0.84,1.73,50034,0,31.28,60.0,0.0,0,41069
2017182,57.92,57.94,59.15,61.73,0,0,20.84,21.99,57.94,0.84,1.73,50034,0,31.27,60.0,0.0,0,41569
2017691,57.92,57.93,59.15,61.73,0,0,20.84,21.97,57.93,0.84,1.73,50034,0,31.27,60.0,0.0,0,42069
2018200,57.93,57.92,59.15,61.73,0,0,21.07,21.97,57.92,0.84,1.73,50034,0,31.28,60.0,0.0,0,42569
2018709,57.94,57.93,59.15,61.73,0,0,21.16,21.99,57.92,0.84,1.73,50034,0,31.27,60.0,0.0,0,43069
2019218,57.97,57.93,59.15,61.73,0,0,21.29,21.98,57.92,0.84,1.73,50034,0,31.25,60.0,0.01,0,43569
2019727,57.97,57.95,59.15,61.73,0,0,21.29,21.97,57.92,0.84,1.73,50034,0,31.25,60.0,0.03,0,44069
2020236,57.93,57.96,59.15,61.73,0,0,21.16,21.97,57.92,0.84,1.73,50034,0,31.3,60.0,0.04,0,44569
2020745,57.94,57.95,59.15,61.73,0,0,21.2,22.0,57.92,0.84,1.73,50034,0,31.27,60.0,0.02,0,45069
2021254,57.94,57.95,59.15,61.73,0,0,21.2,21.98,57.92,0.84,1.73,50034,0,31.27,60.0,0.02,0,45569
2021763,57.88,57.94,59.15,61.73,0,0,21.53,21.98,57.92,0.84,1.73,50034,0,31.27,60.0,0.02,0,46069
2022272,57.88,57.91,59.15,61.73,0,0,21.53,21.96,57.91,0.84,1.73,50034,0,31.27,60.0,0.0,0,46569
2022781,57.95,57.89,59.15,61.73,0,0,21.51,21.96,57.89,0.84,1.73,50034,0,31.27,60.0,0.0,0,47069
2023290,57.95,57.92,59.15,61.73,0,0,21.51,21.98,57.89,0.84,1.73,50034,0,31.27,60.0,0.03,0,47577
2023799,57.93,57.94,59.15,61.73,0,0,21.33,21.98,57.89,0.84,1.73,50034,0,31.28,60.0,0.04,0,48082
2024308,57.93,57.93,59.15,61.73,0,0,21.33,21.99,57.89,0.84,1.73,50034,0,31.28,60.0,0.03,0,49091
2024817,57.93,57.93,59.15,61.73,0,0,21.33,21.99,57.89,0.84,1.73,50034,0,31.28,60.0,0.03,0,49591
2025337,57.96,57.93,59.15,61.73,0,0,21.2,21.99,57.89,0.84,1.73,50034,0,31.25,60.0,0.03,0,50091
2025846,57.96,57.95,59.15,61.73,0,0,21.2,21.97,57.89,0.84,1.73,50034,0,31.25,60.0,0.05,0,50591
2026355,57.94,57.95,59.15,61.73,0,0,21.72,21.99,57.89,0.84,1.73,50034,0,31.28,60.0,0.05,0,51091
2026864,57.94,57.94,59.15,61.73,0,0,21.72,21.99,57.89,0.84,1.73,50034,0,31.28,60.0,0.04,0,51591
2027373,57.97,57.96,59.15,61.73,0,0,21.79,22.0,57.89,0.84,1.73,50034,0,31.28,60.0,0.06,0,52097
2027882,57.97,57.96,59.15,61.73,0,0,21.79,22.0,57.89,0.84,1.73,50034,0,31.28,60.0,0.06,0,52597
2028391,57.98,57.97,59.15,61.73,0,0,21.64,21.99,57.89,0.84,1.73,50034,0,31.27,60.0,0.07,0,53097
2028900,57.98,57.97,59.15,61.73,0,0,21.9,21.99,57.89,0.84,1.73,50034,0,31.27,60.0,0.07,0,53597
2029409,57.98,57.98,59.15,61.73,0,0,21.9,21.99,57.89,0.84,1.73,50034,0,31.27,60.0,0.08,0,54097
2029918,57.99,57.98,59.15,61.73,0,0,22.0,21.99,57.89,0.84,1.73,50034,0,31.27,60.0,0.08,0,54597
2030427,57.99,57.99,59.15,61.73,0,0,22.0,21.99,57.89,0.84,1.73,50034,0,31.27,60.0,0.09,0,55097
2030936,58.0,58.0,59.15,61.73,0,0,22.07,21.98,57.89,0.84,1.73,50034,0,31.25,60.0,0.1,0,55597
2031445,58.02,58.0,59.15,61.73,0,0,22.13,21.98,57.89,0.84,1.73,50034,0,31.27,60.0,0.1,0,56097
2031954,58.02,58.01,59.15,61.73,0,0,22.13,22.0,57.89,0.84,1.73,50034,0,31.27,60.0,0.11,0,56597
2032463,57.99,58.0,59.15,61.73,0,0,22.22,21.99,57.89,0.84,1.73,50034,0,31.27,60.0,0.1,0,57097
2032972,58.03,58.0,59.15,61.73,0,0,22.72,21.99,57.89,0.84,1.73,50034,0,31.27,60.0,0.1,0,57597
2033481,58.03,58.01,59.15,61.73,0,0,22.72,22.0,57.89,0.84,1.73,50034,0,31.27,60.0,0.11,0,58097
2033990,58.03,58.02,59.15,61.73,0,0,22.72,22.0,57.89,0.84,1.73,50034,0,31.27,60.0,0.12,0,58597
2034499,58.02,58.03,59.15,61.73,0,0,22.26,22.0,57.89,0.84,1.73,50034,0,31.27,60.0,0.13,0,59097
2035008,58.02,58.02,59.15,61.73,0,0,22.26,22.0,57.89,0.84,1.73,50034,0,31.27,60.0,0.12,0,59597
2035529,58.09,58.02,59.15,61.73,0,0,22.39,22.0,57.89,0.84,1.73,50034,0,31.27,60.0,0.12,0,60097
2036038,58.09,58.06,59.15,61.73,0,0,22.39,22.02,57.89,0.84,1.73,50034,1,31.27,60.0,0.16,0,60597
2036547,58.05,58.07,59.15,61.73,0,0,22.48,22.02,57.89,0.84,1.73,50034,1,31.27,60.0,0.17,0,61099
2037056,58.05,58.06,59.15,61.73,0,0,22.48,22.01,57.89,0.84,1.73,50034,1,31.27,60.0,0.16,0,61599
2037565,58.08,58.07,59.15,61.73,0,0,22.52,22.03,57.89,0.84,1.73,50034,1,31.28,60.0,0.17,0,62100
2038074,58.07,58.07,59.15,61.73,0,0,22.61,22.01,57.89,0.84,1.73,50034,1,31.27,60.0,0.17,0,62602
2038583,58.07,58.07,59.15,61.73,0,0,22.61,22.01,57.89,0.84,1.73,50034,1,31.27,60.0,0.17,0,63102
2039092,58.07,58.07,59.15,61.73,0,0,22.61,22.01,57.89,0.84,1.73,50034,1,31.27,60.0,0.17,0,63602
2039601,58.07,58.07,59.15,61.73,0,0,22.83,22.01,57.89,0.84,1.73,50034,1,31.27,60.0,0.17,0,64102
2040110,58.09,58.07,59.15,61.73,0,0,22.83,22.01,57.89,0.84,1.73,50034,1,31.25,60.0,0.17,0,64602
2040619,58.09,58.08,59.15,61.73,0,0,22.83,22.01,57.89,0.84,1.73,50034,1,31.25,60.0,0.18,0,65102
2041128,58.09,58.08,59.15,61.73,0,0,22.89,22.01,57.89,0.84,1.73,50034,1,31.28,60.0,0.18,0,65602
2041637,58.09,58.09,59.15,61.73,0,0,22.89,22.03,57.89,0.84,1.73,50034,1,31.28,60.0,0.19,0,66102
2042146,58.09,58.09,59.15,61.73,0,0,22.89,22.03,57.89,0.84,1.73,50034,1,31.28,60.0,0.19,0,66602
2042655,58.12,58.1,59.15,61.73,0,0,22.91,22.03,57.89,0.84,1.73,50034,1,31.27,60.0,0.2,0,67102
2043164,58.12,58.11,59.15,61.73,0,0,22.91,22.03,57.89,0.84,1.73,50034,1,31.27,60.0,0.21,0,67602
2043673,58.13,58.12,59.15,61.73,0,0,23.2,22.07,57.89,0.84,1.73,50034,1,31.31,60.0,0.22,0,68102
2044182,58.13,58.13,59.15,61.73,0,0,23.2,22.07,57.89,0.84,1.73,50034,1,31.31,60.0,0.23,0,68602
2044691,58.14,58.13,59.15,61.73,0,0,23.31,22.07,57.89,0.84,1.73,50034,1,31.28,60.0,0.23,0,69102
2045200,58.14,58.14,59.15,61.73,0,0,23.24,22.05,57.89,0.84,1.73,50034,1,31.27,60.0,0.24,0,69602
2045709,58.14,58.14,59.15,61.73,0,0,23.24,22.03,57.89,0.84,1.73,50034,1,31.27,60.0,0.24,0,70102
2046218,58.15,58.14,59.15,61.73,0,0,23.15,22.03,57.89,0.84,1.73,50034,1,31.27,60.0,0.24,0,70602
2046727,58.15,58.15,59.15,61.73,0,0,23.15,22.04,57.89,0.84,1.73,50034,1,31.27,60.0,0.25,0,71102
2047236,58.15,58.15,59.15,61.73,0,0,23.15,22.04,57.89,0.84,1.73,50034,1,31.27,60.0,0.25,0,71602
2047745,58.15,58.15,59.15,61.73,0,0,23.15,22.04,57.89,0.84,1.73,50034,1,31.27,60.0,0.25,0,72102
2048254,58.16,58.15,59.15,61.73,0,0,23.24,22.04,57.89,0.84,1.73,50034,1,31.25,60.0,0.25,0,72602
2048763,58.17,58.16,59.15,61.73,0,0,23.92,22.03,57.89,0.84,1.73,50034,1,31.28,60.0,0.26,0,73102
2049272,58.17,58.16,59.15,61.73,0,0,23.92,22.06,57.89,0.84,1.73,50034,1,31.28,60.0,0.26,0,73602
2049781,58.19,58.17,59.15,61.73,0,0,23.42,22.06,57.89,0.84,1.73,50034,1,31.28,60.0,0.27,0,74102
2050290,58.19,58.18,59.15,61.73,0,0,23.42,22.06,57.89,0.84,1.73,50034,1,31.28,60.0,0.28,0,74602
2050799,58.18,58.19,59.15,61.73,0,0,23.44,22.06,57.89,0.84,1.73,50034,1,31.28,60.0,0.29,0,75102
2051308,58.18,58.18,59.15,61.73,0,0,23.11,22.06,57.89,0.84,1.73,50034,1,31.28,60.0,0.28,0,75602
2051817,58.18,58.18,59.15,61.73,0,0,23.11,22.06,57.89,0.84,1.73,50034,1,31.28,60.0,0.28,0,76104
2052326,58.21,58.2,59.15,61.73,0,0,23.59,22.08,57.89,0.84,1.73,50034,1,31.3,60.0,0.3,0,77109
2052835,58.23,58.21,59.15,61.73,0,0,23.57,22.06,57.89,0.84,1.73,50034,1,31.27,60.0,0.31,0,77609
2053344,58.23,58.22,59.15,61.73,0,0,23.57,22.06,57.89,0.84,1.73,50034,1,31.27,60.0,0.32,0,78109
2053853,58.22,58.22,59.15,61.73,0,0,23.72,22.05,57.89,0.84,1.73,50034,1,31.27,60.0,0.32,0,78609
2054362,58.22,58.22,59.15,61.73,0,0,23.72,22.05,57.89,0.84,1.73,50034,1,31.27,60.0,0.32,0,79109
2054871,58.22,58.22,59.15,61.73,0,0,23.81,22.08,57.89,0.84,1.73,50034,1,31.3,60.0,0.32,0,79609
2055380,58.23,58.23,59.15,61.73,0,0,23.74,22.07,57.89,0.84,1.73,50034,1,31.28,60.0,0.33,0,80109
2055889,58.23,58.23,59.15,61.73,0,0,23.74,22.07,57.89,0.84,1.73,50034,1,31.28,60.0,0.33,0,80609
2056398,58.23,58.23,59.15,61.73,0,0,23.74,22.07,57.89,0.84,1.73,50034,1,31.28,60.0,0.33,0,81109
2056907,58.22,58.22,59.15,61.73,0,0,23.94,22.05,57.89,0.84,1.73,50034,1,31.27,60.0,0.32,0,81609
2057416,58.22,58.22,59.15,61.73,0,0,23.94,22.05,57.89,0.84,1.73,50034,1,31.27,60.0,0.32,0,82109
2057925,58.27,58.25,59.15,61.73,0,0,24.09,22.1,57.89,0.84,1.73,50034,1,31.3,60.0,0.35,0,82623
2058434,58.27,58.26,59.15,61.73,0,0,24.09,22.1,57.89,0.84,1.73,50034,1,31.3,60.0,0.36,0,83123
2058943,58.27,58.26,59.15,61.73,0,0,24.03,22.1,57.89,0.84,1.73,50034,1,31.28,60.0,0.36,0,83623
2059452,58.27,58.27,59.15,61.73,0,0,24.03,22.08,57.89,0.84,1.73,50034,1,31.28,60.0,0.37,0,84123
2059961,58.27,58.27,59.15,61.73,0,0,24.03,22.08,57.89,0.84,1.73,50034,1,31.28,60.0,0.37,0,84623
2060472,58.27,58.27,59.15,61.73,0,0,24.03,22.08,57.89,0.84,1.73,50034,1,31.28,60.0,0.37,0,85123
2060982,58.28,58.28,59.15,61.73,0,0,24.11,22.1,57.89,0.84,1.73,50034,1,31.3,60.0,0.38,0,85623
2061491,58.27,58.27,59.15,61.73,0,0,24.29,22.08,57.89,0.84,1.73,50034,1,31.28,60.0,0.37,0,86123
2062000,58.27,58.27,59.15,61.73,0,0,24.29,22.08,57.89,0.84,1.73,50034,1,31.28,60.0,0.37,0,86623
2062509,58.28,58.27,59.15,61.73,0,0,24.0,22.07,57.89,0.84,1.73,50034,1,31.27,60.0,0.38,0,87123
2063018,58.28,58.28,59.15,61.73,0,0,24.0,22.07,57.89,0.84,1.73,50034,1,31.27,60.0,0.38,0,87623
2063535,58.28,58.28,59.15,61.73,0,0,24.4,22.07,57.89,0.84,1.73,50034,1,31.3,60.0,0.38,0,88123
2064044,58.28,58.28,59.15,61.73,0,0,24.4,22.1,57.89,0.84,1.73,50034,1,31.3,60.0,0.38,0,88623
2064553,58.28,58.28,59.15,61.73,0,0,24.4,22.1,57.89,0.84,1.73,50034,1,31.3,60.0,0.38,0,89123
2065062,58.29,58.28,59.15,61.73,0,0,24.29,22.1,57.89,0.84,1.73,50034,1,31.27,60.0,0.38,0,89623
2065571,58.34,58.29,59.15,61.73,0,0,24.31,22.07,57.89,0.84,1.73,50034,1,31.28,60.0,0.39,0,90123
2066080,58.34,58.32,59.15,61.73,0,0,24.31,22.1,57.89,0.84,1.73,50034,1,31.28,60.0,0.42,0,90623
2066589,58.32,58.32,59.15,61.73,0,0,24.4,22.11,57.89,0.84,1.73,50034,1,31.3,60.0,0.42,0,91123
2067098,58.34,58.32,59.15,61.73,0,0,24.38,22.11,57.89,0.84,1.73,50034,1,31.27,60.0,0.42,0,91623
2067607,58.34,58.33,59.15,61.73,0,0,24.38,22.09,57.89,0.84,1.73,50034,1,31.27,60.0,0.43,0,92123
2068116,58.34,58.34,59.15,61.73,0,0,24.44,22.09,57.89,0.84,1.73,50034,1,31.31,60.0,0.44,0,92623
2068625,58.34,58.34,59.15,61.73,0,0,24.44,22.13,57.89,0.84,1.73,50034,1,31.31,60.0,0.44,0,93123
2069134,58.34,58.34,59.15,61.73,0,0,24.44,22.13,57.89,0.84,1.73,50034,1,31.31,60.0,0.44,0,93623
2069643,58.32,58.33,59.15,61.73,0,0,24.64,22.1,57.89,0.84,1.73,50034,1,31.28,60.0,0.43,0,94123
2070152,58.32,58.32,59.15,61.73,0,0,24.64,22.1,57.89,0.84,1.73,50034,1,31.28,60.0,0.43,0,94623
2070661,58.37,58.35,59.15,61.73,0,0,24.57,22.11,57.89,0.84,1.73,50034,1,31.28,60.0,0.45,0,95123
2071170,58.37,58.36,59.15,61.73,0,0,24.57,22.11,57.89,0.84,1.73,50034,1,31.28,60.0,0.46,0,95623
2071679,58.37,58.36,59.15,61.73,0,0,24.57,22.11,57.89,0.84,1.73,50034,1,31.28,60.0,0.46,0,96123
2072188,58.38,58.37,59.15,61.73,0,0,24.64,22.11,57.89,0.84,1.73,50034,1,31.28,60.0,0.47,0,96623
2072697,58.38,58.37,59.15,61.73,0,0,24.64,22.12,57.89,0.84,1.73,50034,1,31.28,60.0,0.47,0,97123
2073206,58.39,58.38,59.15,61.73,0,0,24.51,22.1,57.89,0.84,1.73,50034,1,31.27,60.0,0.48,0,97623
2073715,58.37,58.39,59.15,61.73,0,0,24.92,22.1,57.89,0.84,1.73,50034,1,31.28,60.0,0.49,0,98123
2074224,58.41,58.38,59.15,61.73,0,0,24.77,22.11,57.89,0.84,1.73,50034,1,31.28,60.0,0.48,0,98623
2074733,58.41,58.39,59.15,61.73,0,0,24.77,22.12,57.89,0.84,1.73,50034,1,31.28,60.0,0.49,0,99123
2075242,58.41,58.4,59.15,61.73,0,0,24.77,22.12,57.89,0.84,1.73,50034,1,31.28,60.0,0.5,0,99623
2075751,58.41,58.4,59.15,61.73,0,0,24.77,22.12,57.89,0.84,1.73,50034,1,31.28,60.0,0.5,0,100123
2076260,58.41,58.4,59.15,61.73,0,0,24.86,22.11,57.89,0.84,1.73,50034,1,31.27,60.0,0.5,0,100633
2076769,58.4,58.4,59.15,61.73,0,0,24.77,22.11,57.89,0.84,1.73,50034,1,31.3,60.0,0.51,0,101133
2077278,58.4,58.4,59.15,61.73,0,0,24.77,22.13,57.89,0.84,1.73,50034,1,31.3,60.0,0.5,0,101633
2077787,58.41,58.4,59.15,61.73,0,0,24.92,22.13,57.89,0.84,1.73,50034,1,31.28,60.0,0.5,0,102133
2078296,58.41,58.4,59.15,61.73,0,0,24.92,22.12,57.89,0.84,1.73,50034,1,31.28,60.0,0.5,0,102633
2078805,58.42,58.41,59.15,61.73,0,0,25.1,22.12,57.89,0.84,1.73,50034,1,31.27,60.0,0.51,0,103133
2079314,58.43,58.41,59.15,61.73,0,0,25.1,22.11,57.89,0.84,1.73,50034,1,31.28,60.0,0.51,0,103633
2079824,58.43,58.42,59.15,61.73,0,0,25.1,22.13,57.89,0.84,1.73,50034,1,31.28,60.0,0.52,0,104133
2080333,58.44,58.43,59.15,61.73,0,0,25.1,22.13,57.89,0.84,1.73,50034,1,31.28,60.0,0.53,0,104633
2080842,58.45,58.44,59.15,61.73,0,0,25.25,22.13,57.89,0.84,1.73,50034,1,31.3,60.0,0.54,0,105133
2081351,58.44,58.44,59.15,61.73,0,0,25.12,22.13,57.89,0.84,1.73,50034,1,31.28,60.0,0.54,0,106134
2081860,58.44,58.44,59.15,61.73,0,0,25.12,22.13,57.89,0.84,1.73,50034,1,31.28,60.0,0.54,0,106634
2082369,58.44,58.44,59.15,61.73,0,0,25.14,22.13,57.89,0.84,1.73,50034,1,31.28,60.0,0.54,0,107134
2082879,58.44,58.44,59.15,61.73,0,0,25.14,22.13,57.89,0.84,1.73,50034,1,31.28,60.0,0.54,0,107634
2083388,58.47,58.46,59.15,61.73,0,0,25.21,22.15,57.89,0.84,1.73,50034,1,31.3,60.0,0.56,0,108134
2083897,58.47,58.47,59.15,61.73,0,0,25.12,22.15,57.89,0.84,1.73,50034,1,31.28,60.0,0.57,0,108634
2084406,58.47,58.47,59.15,61.73,0,0,25.12,22.14,57.89,0.84,1.73,50034,1,31.28,60.0,0.57,0,109134
2084915,58.47,58.47,59.15,61.73,0,0,25.28,22.15,57.89,0.84,1.73,50034,1,31.3,60.0,0.57,0,109634
2085424,58.47,58.47,59.15,61.73,0,0,25.32,22.15,57.89,0.84,1.73,50034,1,31.3,60.0,0.57,0,110134
2085933,58.47,58.47,59.15,61.73,0,0,25.32,22.15,57.89,0.84,1.73,50034,1,31.3,60.0,0.57,0,110634
2086442,58.47,58.47,59.15,61.73,0,0,24.99,22.14,57.89,0.84,1.73,50034,1,31.28,60.0,0.57,0,111134
2086951,58.46,58.46,59.15,61.73,0,0,25.5,22.15,57.89,0.84,1.73,50034,1,31.3,60.0,0.56,0,111638
2087460,58.46,58.46,59.15,61.73,0,0,25.5,22.15,57.89,0.84,1.73,50034,1,31.3,60.0,0.56,0,112138
2087969,58.53,58.5,59.15,61.73,0,0,25.52,22.14,57.89,0.84,1.73,50034,1,31.27,60.0,0.6,0,112638
2088478,58.51,58.5,59.15,61.73,0,0,25.63,22.15,57.89,0.84,1.73,50034,1,31.28,60.0,0.6,0,113138
2088987,58.51,58.51,59.15,61.73,0,0,25.63,22.15,57.89,0.84,1.73,50034,1,31.28,60.0,0.61,0,113638
2089496,58.5,58.5,59.15,61.73,0,0,25.74,22.15,57.89,0.84,1.73,50034,1,31.28,60.0,0.6,0,114138
2090005,58.5,58.5,59.15,61.73,0,0,25.74,22.15,57.89,0.84,1.73,50034,1,31.28,60.0,0.6,0,114638
2090514,58.54,58.52,59.15,61.73,0,0,25.76,22.18,57.89,0.84,1.73,50034,1,31.31,60.0,0.62,0,115138
2091023,58.54,58.53,59.15,61.73,0,0,25.76,22.18,57.89,0.84,1.73,50034,1,31.31,60.0,0.63,0,115638
2091532,58.54,58.53,59.15,61.73,0,0,25.54,22.2,57.89,0.84,1.73,50034,1,31.32,60.0,0.63,0,116138
2092041,58.6,58.53,59.15,61.73,0,0,25.59,22.2,57.89,0.84,1.73,50034,1,31.3,60.0,0.64,0,116638
2092550,58.6,58.57,59.15,61.73,0,0,25.59,22.19,57.89,0.84,1.73,50034,1,31.3,60.0,0.67,0,117138
2093059,58.56,58.56,59.15,61.73,0,0,25.41,22.16,57.89,0.84,1.73,50034,1,31.28,60.0,0.66,0,117638
2093568,58.58,58.56,59.15,61.73,0,0,25.74,22.16,57.89,0.84,1.73,50034,1,31.28,60.0,0.66,0,118138
2094078,58.58,58.57,59.15,61.73,0,0,25.74,22.17,57.89,0.84,1.73,50034,1,31.28,60.0,0.67,0,118638
2094588,58.6,58.58,59.15,61.73,0,0,25.78,22.19,57.89,0.84,1.73,50034,1,31.3,60.0,0.68,0,119138
2095097,58.6,58.59,59.15,61.73,0,0,25.78,22.19,57.89,0.84,1.73,50034,1,31.3,60.0,0.69,0,119638
2095606,58.6,58.59,59.15,61.73,0,0,25.78,22.19,57.89,0.84,1.73,50034,1,31.3,60.0,0.69,0,120138
2096115,58.62,58.61,59.15,61.73,0,0,26.18,22.2,57.89,0.84,1.73,50034,1,31.3,60.0,0.71,0,120638
2096624,58.62,58.62,59.15,61.73,0,0,25.94,22.2,57.89,0.84,1.73,50034,1,31.3,60.0,0.72,0,121138
2097133,58.62,58.62,59.15,61.73,0,0,25.94,22.2,57.89,0.84,1.73,50034,1,31.3,60.0,0.72,0,121638
2097642,58.64,58.62,59.15,61.73,0,0,25.94,22.2,57.89,0.84,1.73,50034,1,31.27,60.0,0.72,0,122138
2098151,58.64,58.63,59.15,61.73,0,0,25.94,22.17,57.89,0.84,1.73,50034,1,31.27,60.0,0.73,0,122638
2098660,58.66,58.64,59.15,61.73,0,0,25.96,22.18,57.89,0.84,1.73,50034,1,31.27,60.0,0.74,0,123138
2099169,58.67,58.65,59.15,61.73,0,0,25.98,22.18,57.89,0.84,1.73,50034,1,31.3,60.0,0.75,0,123638
2099678,58.67,58.66,59.15,61.73,0,0,25.98,22.21,57.89,0.84,1.73,50034,1,31.3,60.0,0.76,0,124138
2100187,58.67,58.67,59.15,61.73,0,0,25.98,22.21,57.89,0.84,1.73,50034,1,31.3,60.0,0.77,0,124638
2100696,58.68,58.67,59.15,61.73,0,0,26.14,22.2,57.89,0.84,1.73,50034,1,31.28,60.0,0.77,0,125138
2101205,58.71,58.68,59.15,61.73,0,0,26.23,22.2,57.89,0.84,1.73,50034,1,31.28,60.0,0.78,0,125638
2101714,58.71,58.69,59.15,61.73,0,0,25.81,22.21,57.89,0.84,1.73,50034,1,31.28,60.0,0.79,0,126138
2102223,58.71,58.7,59.15,61.73,0,0,25.81,22.21,57.89,0.84,1.73,50034,1,31.28,60.0,0.8,0,126638
2102732,58.73,58.7,59.15,61.73,0,0,26.29,22.21,57.89,0.84,1.73,50034,1,31.3,60.0,0.8,0,127138
2103243,58.73,58.72,59.15,61.73,0,0,26.29,22.23,57.89,0.84,1.73,50034,1,31.3,60.0,0.82,0,127639
2103752,58.76,58.73,59.15,61.73,0,0,25.94,22.23,57.89,0.84,1.73,50034,1,31.28,60.0,0.83,0,128139
2104261,58.76,58.74,59.15,61.73,0,0,25.94,22.22,57.89,0.84,1.73,50034,1,31.28,60.0,0.84,0,128639
2104770,58.73,58.74,59.15,61.73,0,0,26.23,22.21,57.89,0.84,1.73,50034,1,31.28,60.0,0.84,0,129139
2105279,58.77,58.74,59.15,61.73,0,0,26.09,22.21,57.89,0.84,1.73,50034,1,31.3,60.0,0.84,0,129639
2105788,58.77,58.75,59.15,61.73,0,0,26.09,22.24,57.89,0.84,1.73,50034,1,31.3,60.0,0.85,0,130139
2106297,58.72,58.74,59.15,61.73,0,0,26.07,22.22,57.89,0.84,1.73,50034,1,31.3,60.0,0.84,0,130639
2106806,58.81,58.73,59.15,61.73,0,0,25.5,22.22,57.89,0.84,1.73,50034,1,31.27,60.0,0.83,0,131139
2107315,58.81,58.77,59.15,61.73,0,0,25.5,22.22,57.89,0.84,1.73,50034,1,31.27,60.0,0.87,0,131639
2107824,58.79,58.79,59.15,61.73,0,0,26.47,22.22,57.89,0.84,1.73,50034,1,31.28,60.0,0.89,0,132139
2108333,58.82,58.79,59.15,61.73,0,0,26.18,22.23,57.89,0.84,1.73,50034,1,31.3,60.0,0.89,0,132639
2108842,58.87,58.81,59.15,61.73,0,0,26.36,22.25,57.89,0.84,1.73,50034,1,31.28,60.0,0.91,0,133139
2109351,58.87,58.84,59.15,61.73,0,0,26.36,22.25,57.89,0.84,1.73,50034,1,31.28,60.0,0.94,0,133639
2109860,58.85,58.85,59.15,61.73,0,0,26.38,22.26,57.89,0.84,1.73,50034,1,31.3,60.0,0.95,0,134643
2110369,58.88,58.87,59.15,61.73,0,0,26.29,22.27,57.89,0.84,1.73,50034,1,31.3,60.0,0.97,0,135143
2110878,58.88,58.88,59.15,61.73,0,0,26.29,22.27,57.89,0.84,1.73,50034,1,31.3,60.0,0.98,0,135643
2111387,58.86,58.87,59.15,61.73,0,0,26.36,22.25,57.89,0.84,1.73,50034,1,31.28,60.0,0.97,0,136143
2111896,58.86,58.86,59.15,61.73,0,0,26.36,22.25,57.89,0.84,1.73,50034,1,31.28,60.0,0.96,0,136643
2112405,58.9,58.88,59.15,61.73,0,0,26.29,22.27,57.89,0.84,1.73,50034,1,31.3,60.0,0.98,0,137143
2112914,58.9,58.89,59.15,61.73,0,0,26.29,22.27,57.89,0.84,1.73,50034,1,31.3,60.0,0.99,0,137643
2113423,58.9,58.89,59.15,61.73,0,0,26.29,22.27,57.89,0.84,1.73,50034,1,31.3,60.0,0.99,0,138143
2113932,58.95,58.92,59.15,61.73,0,0,26.34,22.29,57.89,0.84,1.73,50034,1,31.3,60.0,1.02,0,138643
2114441,58.95,58.93,59.15,61.73,0,0,26.34,22.29,57.89,0.84,1.73,50034,1,31.3,60.0,1.03,0,139143
2114950,58.95,58.94,59.15,61.73,0,0,26.34,22.29,57.89,0.84,1.73,50034,1,31.3,60.0,1.04,0,139643
2115459,58.99,58.96,59.15,61.73,0,0,26.67,22.31,57.89,0.84,1.73,50034,1,31.31,60.0,1.06,0,140143
2115968,58.99,58.98,59.15,61.73,0,0,26.67,22.31,57.89,0.84,1.73,50034,1,31.31,60.0,1.08,0,140643
2116478,58.99,58.98,59.15,61.73,0,0,26.67,22.31,57.89,0.84,1.73,50034,1,31.31,60.0,1.08,0,141143
2116987,59.04,59.01,59.15,61.73,0,0,26.6,22.31,57.89,0.84,1.73,50034,1,31.3,60.0,1.11,0,141643
2117496,59.04,59.02,59.15,61.73,0,0,26.6,22.31,57.89,0.84,1.73,50034,1,31.3,60.0,1.12,0,142143
2118005,59.04,59.03,59.15,61.73,0,0,26.6,22.31,57.89,0.84,1.73,50034,1,31.3,60.0,1.13,0,142643
2118514,59.07,59.03,59.15,61.73,0,0,27.16,22.31,57.89,0.84,1.73,50034,1,31.3,60.0,1.13,0,143143
2119023,59.07,59.05,59.15,61.73,0,0,27.16,22.32,57.89,0.84,1.73,50034,1,31.3,60.0,1.15,0,143643
2119532,59.05,59.05,59.15,61.73,0,0,26.49,22.34,57.89,0.84,1.73,50034,1,31.32,60.0,1.15,0,144143
2120041,59.06,59.06,59.15,61.73,0,0,26.67,22.32,57.89,0.84,1.73,50034,1,31.3,60.0,1.16,0,144643
2120550,59.08,59.06,59.15,61.73,0,0,26.58,22.32,57.89,0.84,1.73,50034,1,31.28,60.0,1.16,0,145143
2121059,59.08,59.07,59.15,61.73,0,0,26.58,22.31,57.89,0.84,1.73,50034,1,31.28,60.0,1.17,0,145643
2121568,59.11,59.09,59.15,61.73,0,0,26.78,22.34,57.89,0.84,1.73,50034,1,31.31,60.0,1.19,0,146143
2122090,59.15,59.1,59.15,61.73,0,0,26.05,22.34,57.89,0.84,1.73,50034,1,31.3,60.0,1.2,0,146643
2122600,59.15,59.12,59.15,61.73,0,0,26.05,22.34,57.89,0.84,1.73,50034,1,31.3,60.0,1.22,0,147143
2123109,59.15,59.13,59.15,61.73,0,0,26.05,22.34,57.89,0.84,1.73,50034,1,31.3,60.0,1.24,0,147643
2123618,59.15,59.14,59.15,61.73,0,0,26.87,22.34,57.89,0.84,1.73,50034,1,31.3,60.0,1.24,0,148143
2124127,59.15,59.14,59.15,61.73,0,0,26.87,22.34,57.89,0.84,1.73,50034,1,31.3,60.0,1.24,0,148645
2124636,59.17,59.16,59.15,61.73,1,0,26.74,22.34,57.89,0.84,1.73,149145,0,31.28,60.0,1.26,0,0
2125145,59.17,59.16,59.15,61.79,1,0,26.74,22.34,59.16,0.84,1.79,149145,0,31.28,60.0,0.0,0,500
2125654,59.17,59.17,59.15,61.79,1,0,26.74,22.34,59.17,0.84,1.79,149145,0,31.28,60.0,0.0,0,1000
2126163,59.24,59.2,59.15,61.79,1,0,27.01,22.38,59.2,0.84,1.79,149145,0,31.31,60.0,0.0,0,1500
2126672,59.24,59.22,59.15,61.79,1,0,27.01,22.38,59.22,0.84,1.79,149145,0,31.31,60.0,0.0,0,2000
2127182,59.24,59.23,59.15,61.79,1,0,27.01,22.38,59.23,0.84,1.79,149145,0,31.31,60.0,0.0,0,2500
2127692,59.28,59.26,59.15,61.79,1,0,26.8,22.37,59.26,0.84,1.79,149145,0,31.28,60.0,0.0,0,3000
2128201,59.31,59.27,59.15,61.79,1,0,26.76,22.37,59.27,0.84,1.79,149145,0,31.28,60.0,0.0,0,3500
2128710,59.35,59.29,59.15,61.79,1,0,26.4,22.37,59.29,0.84,1.79,149145,0,31.3,60.0,0.0,0,4000
2129219,59.35,59.32,59.15,61.79,1,0,26.4,22.4,59.32,0.84,1.79,149145,0,31.3,60.0,0.0,0,4500
2129728,59.33,59.33,59.15,61.79,1,0,26.65,22.4,59.33,0.84,1.79,149145,0,31.31,60.0,0.0,0,5000
2130237,59.33,59.33,59.15,61.79,1,0,26.65,22.4,59.33,0.84,1.79,149145,0,31.31,60.0,0.0,0,5502
2130747,59.36,59.33,59.15,61.79,1,0,26.67,22.4,59.33,0.84,1.79,149145,0,31.28,60.0,0.0,0,6002
2131256,59.36,59.34,59.15,61.79,1,0,26.67,22.39,59.34,0.84,1.79,149145,0,31.28,60.0,0.0,0,6502
2131765,59.35,59.35,59.15,61.79,1,0,26.03,22.39,59.35,0.84,1.79,149145,0,31.31,60.0,0.0,0,7002
2132274,59.35,59.35,59.15,61.79,1,0,26.03,22.41,59.35,0.84,1.79,149145,0,31.31,60.0,0.0,0,7502
2132783,59.43,59.35,59.15,61.79,1,0,26.34,22.41,59.35,0.84,1.79,149145,0,31.3,60.0,0.0,0,8002
2133292,59.43,59.39,59.15,61.79,1,0,26.34,22.42,59.39,0.84,1.79,149145,0,31.3,60.0,0.0,0,8502
2133801,59.45,59.41,59.15,61.79,1,0,26.23,22.42,59.41,0.84,1.79,149145,0,31.31,60.0,0.0,0,9002
2134310,59.45,59.43,59.15,61.79,1,0,26.58,22.44,59.43,0.84,1.79,149145,0,31.3,60.0,0.0,0,9502
2134819,59.5,59.44,59.15,61.79,1,0,26.45,22.43,59.44,0.84,1.79,149145,0,31.3,60.0,0.0,0,10002
2135328,59.5,59.47,59.15,61.79,1,0,26.45,22.44,59.47,0.84,1.79,149145,0,31.3,60.0,0.0,0,10502
2135837,59.53,59.48,59.15,61.79,1,0,25.63,22.44,59.48,0.84,1.79,149145,0,31.3,60.0,0.0,0,11002
2136346,59.51,59.5,59.15,61.79,1,0,25.7,22.45,59.5,0.84,1.79,149145,0,31.31,60.0,0.0,0,11502
2136855,59.53,59.51,59.15,61.79,1,0,25.1,22.46,59.51,0.84,1.79,149145,0,31.3,60.0,0.0,0,12002
2137364,59.53,59.52,59.15,61.79,1,0,25.1,22.45,59.52,0.84,1.79,149145,0,31.3,60.0,0.0,0,13002
2137873,59.55,59.54,59.15,61.79,1,0,25.36,22.47,59.54,0.84,1.79,149145,0,31.31,60.0,0.0,0,13502
2138384,59.55,59.54,59.15,61.79,1,0,25.36,22.47,59.54,0.84,1.79,149145,0,31.31,60.0,0.0,0,14002
2138893,59.55,59.55,59.15,61.79,1,0,25.36,22.47,59.55,0.84,1.79,149145,0,31.31,60.0,0.0,0,14505
2139402,59.55,59.55,59.15,61.79,1,0,25.36,22.47,59.55,0.84,1.79,149145,0,31.31,60.0,0.0,0,15005
2139911,59.6,59.57,59.15,61.79,1,0,25.14,22.48,59.57,0.84,1.79,149145,0,31.31,60.0,0.0,0,15505
2140420,59.69,59.63,59.15,61.79,1,0,25.03,22.49,59.63,0.84,1.79,149145,0,31.3,60.0,0.0,0,16005
2140945,59.69,59.66,59.15,61.79,1,0,24.9,22.49,59.66,0.84,1.79,149145,0,31.31,60.0,0.0,0,16505
2141454,59.69,59.67,59.15,61.79,1,0,24.9,22.5,59.67,0.84,1.79,149145,0,31.31,60.0,0.0,0,17005
2141963,59.66,59.67,59.15,61.79,1,0,24.68,22.5,59.67,0.84,1.79,149145,0,31.31,60.0,0.0,0,17505
2142472,59.71,59.67,59.15,61.79,1,0,24.51,22.5,59.67,0.84,1.79,149145,0,31.32,60.0,0.0,0,18005
2142981,59.71,59.69,59.15,61.79,1,0,24.51,22.52,59.69,0.84,1.79,149145,0,31.32,60.0,0.0,0,18505
2143490,59.71,59.7,59.15,61.79,1,0,24.51,22.52,59.7,0.84,1.79,149145,0,31.32,60.0,0.0,0,19005
2143999,59.71,59.71,59.15,61.79,1,0,24.22,22.5,59.71,0.84,1.79,149145,0,31.3,60.0,0.0,0,19505
2144508,59.71,59.71,59.15,61.79,1,0,24.22,22.5,59.71,0.84,1.79,149145,0,31.3,60.0,0.0,0,20005
2145017,59.71,59.71,59.15,61.79,1,0,24.22,22.5,59.71,0.84,1.79,149145,0,31.3,60.0,0.0,0,20505
2145526,59.78,59.74,59.15,61.79,1,0,24.16,22.53,59.74,0.84,1.79,149145,0,31.31,60.0,0.0,0,21005
2146035,59.78,59.76,59.15,61.79,1,0,24.16,22.53,59.76,0.84,1.79,149145,0,31.31,60.0,0.0,0,21505
2146544,59.82,59.79,59.15,61.79,1,0,23.96,22.53,59.79,0.84,1.79,149145,0,31.3,60.0,0.0,0,22005
2147053,59.84,59.81,59.15,61.79,1,0,23.83,22.53,59.81,0.84,1.79,149145,0,31.3,60.0,0.0,0,22505
2147562,59.84,59.82,59.15,61.79,1,0,23.83,22.53,59.82,0.84,1.79,149145,0,31.3,60.0,0.0,0,23005
2148071,59.86,59.84,59.15,61.79,1,0,23.59,22.55,59.84,0.84,1.79,149145,0,31.31,60.0,0.0,0,23505
2148580,59.87,59.86,59.15,61.79,1,0,23.57,22.54,59.86,0.84,1.79,149145,0,31.3,60.0,0.0,0,24005
2149089,59.87,59.87,59.15,61.79,1,0,23.57,22.54,59.87,0.84,1.79,149145,0,31.3,60.0,0.0,0,24505
2149598,59.92,59.89,59.15,61.79,1,0,23.63,22.56,59.89,0.84,1.79,149145,0,31.3,60.0,0.0,0,25005
2150107,59.94,59.91,59.15,61.79,1,0,23.22,22.56,59.91,0.84,1.79,149145,0,31.31,60.0,0.0,0,25505
2150631,59.94,59.92,59.15,61.79,1,0,23.2,22.57,59.92,0.84,1.79,149145,0,31.32,60.0,0.0,0,26005
2151140,59.94,59.93,59.15,61.79,1,0,23.2,22.59,59.93,0.84,1.79,149145,0,31.32,60.0,0.0,0,26505
2151649,59.98,59.96,59.15,61.79,1,0,23.07,22.6,59.96,0.84,1.79,149145,0,31.32,60.0,0.0,0,27005
2152158,59.98,59.97,59.15,61.79,1,0,23.07,22.6,59.97,0.84,1.79,149145,0,31.32,60.0,0.0,0,27505
2152667,59.98,59.97,59.15,61.79,1,0,23.07,22.6,59.97,0.84,1.79,149145,0,31.32,60.0,0.0,0,28005
2153176,59.99,59.98,59.15,61.79,1,0,22.94,22.59,59.98,0.84,1.79,149145,0,31.31,60.0,0.0,0,28505
2153690,60.06,59.98,59.15,61.79,1,0,22.72,22.59,59.98,0.84,1.79,149145,0,31.3,60.0,0.0,0,29005
2154199,60.06,60.02,59.15,61.79,1,0,22.72,22.59,60.02,0.84,1.79,149145,0,31.3,60.0,0.0,0,29505
2154708,60.07,60.04,59.15,61.79,1,0,22.57,22.59,60.04,0.84,1.79,149145,0,31.32,60.0,0.0,0,30005
2155217,60.07,60.05,59.15,61.79,1,0,22.57,22.62,60.05,0.84,1.79,149145,0,31.32,60.0,0.0,0,30505
2155726,60.07,60.06,59.15,61.79,1,0,22.57,22.62,60.06,0.84,1.79,149145,0,31.32,60.0,0.0,0,31005
2156235,60.08,60.07,59.15,61.79,1,0,22.42,22.62,60.07,0.84,1.79,149145,0,31.32,60.0,0.0,0,31505
2156744,60.12,60.1,59.15,61.79,1,0,22.33,22.62,60.1,0.84,1.79,149145,0,31.31,60.0,0.0,0,32005
2157253,60.12,60.11,59.15,61.79,1,0,22.33,22.62,60.11,0.84,1.79,149145,0,31.31,60.0,0.0,0,32505
2157762,60.14,60.12,59.15,61.79,1,0,22.24,22.62,60.12,0.84,1.79,149145,0,31.3,60.0,0.0,0,33005
2158271,60.14,60.13,59.15,61.79,1,0,22.24,22.62,60.13,0.84,1.79,149145,0,31.3,60.0,0.0,0,33505
2158780,60.18,60.13,59.15,61.79,1,0,21.85,22.62,60.13,0.84,1.79,149145,0,31.3,60.0,0.0,0,34005
2159289,60.18,60.15,59.15,61.79,1,0,21.85,22.63,60.15,0.84,1.79,149145,0,31.3,60.0,0.0,0,34505
2159798,60.21,60.16,59.15,61.79,1,0,21.96,22.63,60.16,0.84,1.79,149145,0,31.31,60.0,0.0,0,35005
2160307,60.21,60.19,59.15,61.79,1,0,21.96,22.65,60.19,0.84,1.79,149145,0,31.31,60.0,0.0,0,35505
2160816,60.21,60.2,59.15,61.79,1,0,21.96,22.65,60.2,0.84,1.79,149145,0,31.31,60.0,0.0,0,36005
2161325,60.29,60.21,59.15,61.79,1,0,21.46,22.65,60.21,0.84,1.79,149145,0,31.31,60.0,0.0,0,36505
2161834,60.29,60.25,59.15,61.79,1,0,21.46,22.67,60.25,0.84,1.79,149145,0,31.31,60.0,0.0,0,37005
2162343,60.31,60.27,59.15,61.79,1,0,21.44,22.67,60.27,0.84,1.79,149145,0,31.31,60.0,0.0,0,37505
2162852,60.31,60.29,59.15,61.79,1,0,21.44,22.68,60.29,0.84,1.79,149145,0,31.31,60.0,0.0,0,38005
2163361,60.35,60.3,59.15,61.79,1,0,21.31,22.68,60.3,0.84,1.79,149145,0,31.31,60.0,0.0,0,38505
2163870,60.35,60.34,59.15,61.79,1,0,21.31,22.69,60.34,0.84,1.79,149145,0,31.31,60.0,0.0,0,39508
2164379,60.4,60.37,59.15,61.79,1,0,21.29,22.7,60.37,0.84,1.79,149145,0,31.31,60.0,0.0,0,40008
2164888,60.4,60.39,59.15,61.79,1,0,21.29,22.7,60.39,0.84,1.79,149145,0,31.31,60.0,0.0,0,40508
2165397,60.4,60.39,59.15,61.79,1,0,21.29,22.7,60.39,0.84,1.79,149145,0,31.31,60.0,0.0,0,41008
2165906,60.46,60.43,59.15,61.79,1,0,20.81,22.7,60.43,0.84,1.79,149145,0,31.3,60.0,0.0,0,41508
2166415,60.46,60.45,59.15,61.79,1,0,20.81,22.7,60.45,0.84,1.79,149145,0,31.3,60.0,0.0,0,42008
2166924,60.46,60.45,59.15,61.79,1,0,20.81,22.7,60.45,0.84,1.79,149145,0,31.3,60.0,0.0,0,42508
2167433,60.6,60.53,59.15,61.79,1,0,20.66,22.75,60.53,0.84,1.79,149145,0,31.31,60.0,0.0,0,43008
2167942,60.6,60.56,59.15,61.79,1,0,20.66,22.75,60.56,0.84,1.79,149145,0,31.31,60.0,0.0,0,43508
2168451,60.59,60.58,59.15,61.79,1,0,20.02,22.74,60.58,0.84,1.79,149145,0,31.3,60.0,0.0,0,44008
2168960,60.59,60.58,59.15,61.79,1,0,20.02,22.74,60.58,0.84,1.79,149145,0,31.3,60.0,0.0,0,44508
2169469,60.68,60.63,59.15,61.79,1,0,20.36,22.77,60.63,0.84,1.79,149145,0,31.31,60.0,0.0,0,45008
2169978,60.68,60.65,59.15,61.79,1,0,20.36,22.77,60.65,0.84,1.79,149145,0,31.31,60.0,0.0,0,45508
2170487,60.75,60.7,59.15,61.79,1,0,20.34,22.78,60.7,0.84,1.79,149145,0,31.3,60.0,0.0,0,46008
2170996,60.79,60.75,59.15,61.79,1,0,20.17,22.81,60.75,0.84,1.79,149145,0,31.31,60.0,0.0,0,46508
2171505,60.79,60.77,59.15,61.79,1,0,19.93,22.81,60.77,0.84,1.79,149145,0,31.32,60.0,0.0,0,47008
2172014,60.79,60.78,59.15,61.79,1,0,19.93,22.82,60.78,0.84,1.79,149145,0,31.32,60.0,0.0,0,47508
2172523,60.88,60.83,59.15,61.79,1,0,19.93,22.86,60.83,0.84,1.79,149145,0,31.34,60.0,0.0,0,48008
2173032,60.88,60.86,59.15,61.79,1,0,19.95,22.86,60.86,0.84,1.79,149145,0,31.31,60.0,0.0,0,48508
2173541,60.88,60.87,59.15,61.79,1,0,19.95,22.83,60.87,0.84,1.79,149145,0,31.31,60.0,0.0,0,49008
2174050,60.88,60.87,59.15,61.79,1,0,19.95,22.83,60.87,0.84,1.79,149145,0,31.31,60.0,0.0,0,49510
2174559,60.88,60.87,59.15,61.79,1,0,19.95,22.83,60.87,0.84,1.79,149145,0,31.31,60.0,0.0,0,50011
2175068,60.94,60.91,59.15,61.79,1,0,19.63,22.85,60.91,0.84,1.79,149145,0,31.31,60.0,0.0,0,50511
2175577,60.94,60.92,59.15,61.79,1,0,19.63,22.85,60.92,0.84,1.79,149145,0,31.31,60.0,0.0,0,51011
2176086,60.98,60.95,59.15,61.79,1,0,19.54,22.84,60.95,0.84,1.79,149145,0,31.3,60.0,0.0,0,51511
2176595,60.98,60.96,59.15,61.79,1,0,19.54,22.84,60.96,0.84,1.79,149145,0,31.3,60.0,0.0,0,52011
2177104,60.98,60.97,59.15,61.79,1,0,19.54,22.84,60.97,0.84,1.79,149145,0,31.3,60.0,0.0,0,52511
2177613,61.04,60.97,59.15,61.79,1,0,19.26,22.84,60.97,0.84,1.79,149145,0,31.3,60.0,0.0,0,53011
2178122,61.04,61.01,59.15,61.79,1,0,19.26,22.86,61.01,0.84,1.79,149145,0,31.3,60.0,0.0,0,53511
2178631,61.09,61.05,59.15,61.79,1,0,19.22,22.89,61.05,0.84,1.79,149145,0,31.31,60.0,0.0,0,54011
2179140,61.09,61.07,59.15,61.79,1,0,19.13,22.9,61.07,0.84,1.79,149145,0,31.32,60.0,0.0,0,54511
2179649,61.09,61.08,59.15,61.79,1,0,19.13,22.9,61.08,0.84,1.79,149145,0,31.32,60.0,0.0,0,55011
2180158,61.09,61.09,59.15,61.79,1,0,19.13,22.9,61.09,0.84,1.79,149145,0,31.32,60.0,0.0,0,55511
2180667,61.09,61.09,59.15,61.79,1,0,19.13,22.9,61.09,0.84,1.79,149145,0,31.32,60.0,0.0,0,56011
2181176,61.09,61.09,59.15,61.79,1,0,19.13,22.9,61.09,0.84,1.79,149145,0,31.32,60.0,0.0,0,56511
2181685,61.2,61.09,59.15,61.79,1,0,18.88,22.9,61.09,0.84,1.79,149145,0,31.31,60.0,0.0,0,57011
2182194,61.2,61.15,59.15,61.79,1,1,18.88,22.92,61.15,0.84,1.79,149145,0,31.31,60.0,0.0,1,57511
2182703,61.22,61.17,59.15,61.79,1,1,18.64,22.92,61.17,0.84,1.79,149145,0,31.3,60.0,0.0,1,58011
2183212,61.22,61.2,59.15,61.79,1,1,18.64,22.91,61.2,0.84,1.79,149145,0,31.3,60.0,0.0,1,58511
2183721,61.21,61.21,59.15,61.79,1,1,18.85,22.92,61.21,0.84,1.79,149145,0,31.31,60.0,0.0,1,59020
2184230,61.22,61.21,59.15,61.79,1,1,18.81,22.92,61.21,0.84,1.79,149145,0,31.3,60.0,0.0,1,59520
2184739,61.22,61.22,59.15,61.79,1,1,18.81,22.91,61.22,0.84,1.79,149145,0,31.3,60.0,0.0,1,60020
2185248,61.23,61.22,59.15,61.79,1,1,19.0,22.92,61.22,0.84,1.79,149145,0,31.31,60.0,0.0,1,60520
2185757,61.19,61.23,59.15,61.79,1,1,19.46,22.92,61.23,0.84,1.79,149145,0,31.3,60.0,0.0,1,61020
2186266,61.01,61.21,59.15,61.79,1,1,19.41,22.9,61.23,0.84,1.79,149145,0,31.3,60.0,0.01,1,61520
2186775,61.01,61.11,59.15,61.79,1,1,19.41,22.85,61.23,0.84,1.79,149145,0,31.3,60.0,0.11,1,62020
2187284,61.01,61.06,59.15,61.79,0,1,19.41,22.85,61.23,0.84,1.79,62520,0,31.3,60.0,0.16,1,0
2187793,61.01,61.04,59.09,61.79,0,1,19.41,22.85,61.04,0.9,1.79,62520,0,31.3,60.0,0.0,1,500
2188302,60.28,60.66,59.09,61.79,0,1,19.56,22.64,60.66,0.9,1.79,62520,0,31.28,60.0,0.0,1,1000
2188811,59.98,60.47,59.09,61.79,0,1,19.67,22.64,60.47,0.9,1.79,62520,0,31.28,60.0,0.0,1,1500
2189320,59.98,60.23,59.09,61.79,0,0,19.67,22.56,60.23,0.9,1.79,62520,0,31.28,60.0,0.0,1,2000
2189829,59.44,60.11,59.09,61.79,0,0,19.56,22.56,60.11,0.9,1.79,62520,0,31.27,60.0,0.0,1,2500
2190338,59.05,59.77,59.09,61.79,0,0,19.56,22.4,59.77,0.9,1.79,62520,0,31.25,60.0,0.0,1,3000
2190847,59.05,59.41,59.09,61.79,0,0,19.56,22.28,59.41,0.9,1.79,62520,0,31.25,60.0,0.0,1,3500
2191356,58.58,59.23,59.09,61.79,0,0,19.16,22.28,59.23,0.9,1.79,62520,0,31.23,60.0,0.0,1,4000
2191865,58.4,58.91,59.09,61.79,0,0,19.26,22.12,58.91,0.9,1.79,62520,0,31.21,60.0,0.0,1,4500
2192374,58.4,58.65,59.09,61.79,0,0,19.26,22.05,58.65,0.9,1.79,62520,0,31.21,60.0,0.0,1,5000
2192882,58.4,58.52,59.09,61.79,0,0,19.26,22.05,58.52,0.9,1.79,62520,0,31.21,60.0,0.0,1,5505
2193391,58.4,58.43,59.09,61.79,0,0,19.26,22.05,58.43,0.9,1.79,62520,0,31.21,60.0,0.0,1,6509
2193900,58.03,58.23,59.09,61.79,0,0,19.0,21.95,58.23,0.9,1.79,62520,0,31.21,60.0,0.0,1,7009
2194409,58.03,58.13,59.09,61.79,0,0,19.0,21.95,58.13,0.9,1.79,62520,0,31.21,60.0,0.0,1,7509
2194918,58.03,58.08,59.09,61.79,0,0,19.0,21.95,58.08,0.9,1.79,62520,0,31.21,60.0,0.0,1,8009
2195427,58.03,58.06,59.09,61.79,0,0,19.0,21.95,58.06,0.9,1.79,62520,0,31.21,60.0,0.0,1,8509
2195936,57.81,57.93,59.09,61.79,0,0,18.88,21.9,57.93,0.9,1.79,62520,0,31.23,60.0,0.0,1,9009
2196445,57.81,57.87,59.09,61.79,0,0,18.88,21.9,57.87,0.9,1.79,62520,0,31.23,60.0,0.0,1,9509
2196954,57.74,57.81,59.09,61.79,0,0,18.94,21.87,57.81,0.9,1.79,62520,0,31.21,60.0,0.0,1,10009
2197463,57.73,57.77,59.09,61.79,0,0,19.13,21.86,57.77,0.9,1.79,62520,0,31.21,60.0,0.0,1,10509
2197972,57.65,57.71,59.09,61.79,0,0,18.94,21.85,57.71,0.9,1.79,62520,0,31.23,60.0,0.0,1,11009
2198481,57.65,57.68,59.09,61.79,0,0,18.94,21.85,57.68,0.9,1.79,62520,0,31.23,60.0,0.0,1,11509
2198990,57.59,57.64,59.09,61.79,0,0,18.94,21.83,57.64,0.9,1.79,62520,0,31.21,60.0,0.0,1,12009
2199499,57.59,57.62,59.09,61.79,0,0,18.94,21.83,57.62,0.9,1.79,62520,0,31.21,60.0,0.0,1,12509
2200008,57.61,57.61,59.09,61.79,0,0,19.24,21.84,57.61,0.9,1.79,62520,0,31.23,60.0,0.0,1,13009
2200517,57.61,57.61,59.09,61.79,0,0,19.24,21.84,57.61,0.9,1.79,62520,0,31.23,60.0,0.0,1,13509
2201026,57.59,57.6,59.09,61.79,0,0,19.24,21.83,57.6,0.9,1.79,62520,0,31.21,60.0,0.0,1,14009
2201535,57.53,57.57,59.09,61.79,0,0,19.28,21.82,57.57,0.9,1.79,62520,0,31.23,60.0,0.0,1,14509
2202044,57.52,57.55,59.09,61.79,0,0,19.39,21.82,57.55,0.9,1.79,62520,0,31.21,60.0,0.0,1,15009
2202552,57.52,57.54,59.09,61.79,0,0,19.39,21.8,57.54,0.9,1.79,62520,0,31.21,60.0,0.0,1,15509
2203061,57.54,57.54,59.09,61.79,0,0,19.13,21.8,57.54,0.9,1.79,62520,0,31.2,60.0,0.0,1,16009
2203570,57.48,57.51,59.09,61.79,0,0,19.26,21.79,57.51,0.9,1.79,62520,0,31.21,60.0,0.0,1,16509
2204079,57.48,57.5,59.09,61.79,0,0,19.26,21.79,57.5,0.9,1.79,62520,0,31.21,60.0,0.0,1,17009
2204588,57.48,57.49,59.09,61.79,0,0,19.26,21.79,57.49,0.9,1.79,62520,0,31.21,60.0,0.0,1,17509
2205097,57.52,57.49,59.09,61.79,0,0,19.54,21.79,57.49,0.9,1.79,62520,0,31.2,60.0,0.0,1,18009
2205606,57.52,57.5,59.09,61.79,0,0,19.54,21.79,57.49,0.9,1.79,62520,0,31.2,60.0,0.01,1,18509
2206115,57.52,57.51,59.09,61.79,0,0,19.54,21.79,57.49,0.9,1.79,62520,0,31.2,60.0,0.02,1,19009
2206624,57.51,57.51,59.09,61.79,0,0,19.8,21.8,57.49,0.9,1.79,62520,0,31.21,60.0,0.02,1,19509
2207133,57.48,57.51,59.09,61.79,0,0,19.8,21.8,57.49,0.9,1.79,62520,0,31.23,60.0,0.02,1,20009
2207642,57.48,57.5,59.09,61.79,0,0,19.8,21.81,57.49,0.9,1.79,62520,0,31.23,60.0,0.0,1,20509
2208151,57.48,57.49,59.09,61.79,0,0,19.8,21.81,57.49,0.9,1.79,62520,0,31.23,60.0,0.0,1,21009
2208660,57.53,57.49,59.09,61.79,0,0,20.04,21.81,57.49,0.9,1.79,62520,0,31.23,60.0,0.0,1,21509
2209169,57.53,57.51,59.09,61.79,0,0,20.04,21.82,57.49,0.9,1.79,62520,0,31.23,60.0,0.02,1,22009
2209678,57.56,57.53,59.09,61.79,0,0,19.95,21.81,57.49,0.9,1.79,62520,0,31.21,60.0,0.04,1,22509
2210187,57.59,57.55,59.09,61.79,0,0,20.21,21.81,57.49,0.9,1.79,62520,0,31.21,60.0,0.05,1,23009
2210696,57.59,57.57,59.09,61.79,0,0,20.21,21.83,57.49,0.9,1.79,62520,0,31.21,60.0,0.08,1,23509
2211205,57.58,57.58,59.09,61.79,0,0,20.32,21.83,57.49,0.9,1.79,62520,0,31.21,60.0,0.09,1,24009
2211714,57.63,57.58,59.09,61.79,0,0,19.89,21.82,57.49,0.9,1.79,62520,0,31.21,60.0,0.09,1,24509
2212223,57.63,57.61,59.09,61.79,0,0,19.89,21.84,57.49,0.9,1.79,62520,0,31.21,60.0,0.11,1,25009
2212732,57.66,57.62,59.09,61.79,0,0,20.3,21.84,57.49,0.9,1.79,62520,0,31.21,60.0,0.13,1,25509
2213241,57.66,57.64,59.09,61.79,0,0,20.3,21.84,57.49,0.9,1.79,62520,1,31.21,60.0,0.15,1,26009
2213750,57.63,57.64,59.09,61.79,0,0,20.6,21.85,57.49,0.9,1.79,62520,1,31.23,60.0,0.14,1,26509
2214259,57.68,57.64,59.09,61.79,0,0,20.49,21.85,57.49,0.9,1.79,62520,1,31.21,60.0,0.14,1,27009
2214768,57.68,57.66,59.09,61.79,0,0,20.6,21.85,57.49,0.9,1.79,62520,1,31.21,60.0,0.17,1,27509
2215278,57.68,57.67,59.09,61.79,0,0,20.6,21.85,57.49,0.9,1.79,62520,1,31.21,60.0,0.18,1,28009
2215787,57.7,57.68,59.09,61.79,0,0,20.62,21.85,57.49,0.9,1.79,62520,1,31.2,60.0,0.18,1,28509
2216296,57.76,57.69,59.09,61.79,0,0,20.69,21.84,57.49,0.9,1.79,62520,1,31.23,60.0,0.2,1,29009
2216805,57.76,57.72,59.09,61.79,0,0,20.69,21.89,57.49,0.9,1.79,62520,1,31.23,60.0,0.23,1,29509
2217314,57.78,57.74,59.09,61.79,0,0,20.88,21.89,57.49,0.9,1.79,62520,1,31.21,60.0,0.25,1,30009
2217823,57.78,57.76,59.09,61.79,0,0,20.88,21.88,57.49,0.9,1.79,62520,1,31.21,60.0,0.27,1,30509
2218332,57.78,57.77,59.09,61.79,0,0,21.01,21.87,57.49,0.9,1.79,62520,1,31.2,60.0,0.28,1,31009
2218842,57.84,57.78,59.09,61.79,0,0,20.86,21.87,57.49,0.9,1.79,62520,1,31.23,60.0,0.28,1,31509
2219351,57.84,57.81,59.09,61.79,0,0,20.86,21.91,57.49,0.9,1.79,62520,1,31.23,60.0,0.31,1,32009
2219860,57.82,57.82,59.09,61.79,0,0,21.01,21.91,57.49,0.9,1.79,62520,1,31.21,60.0,0.33,1,32509
2220369,57.82,57.82,59.09,61.79,0,0,21.01,21.89,57.49,0.9,1.79,62520,1,31.21,60.0,0.33,1,33009
2220878,57.89,57.82,59.09,61.79,0,0,21.35,21.89,57.49,0.9,1.79,62520,1,31.25,60.0,0.33,1,33509
2221387,57.84,57.86,59.09,61.79,0,0,21.16,21.95,57.49,0.9,1.79,62520,1,31.23,60.0,0.36,1,34009
2221896,57.84,57.85,59.09,61.79,0,0,21.16,21.91,57.49,0.9,1.79,62520,1,31.23,60.0,0.35,1,34514
2222405,57.85,57.84,59.09,61.79,0,0,21.22,21.91,57.49,0.9,1.79,62520,1,31.23,60.0,0.35,1,35027
2222914,57.87,57.84,59.09,61.79,0,0,21.33,21.91,57.49,0.9,1.79,62520,1,31.21,60.0,0.35,1,35536
2223423,57.9,57.86,59.09,61.79,0,0,21.35,21.9,57.49,0.9,1.79,62520,1,31.23,60.0,0.36,1,36045
2223932,57.9,57.88,59.09,61.79,0,0,21.35,21.93,57.49,0.9,1.79,62520,1,31.23,60.0,0.38,1,36554
2224441,57.91,57.9,59.09,61.79,0,0,21.44,21.94,57.49,0.9,1.79,62520,1,31.24,60.0,0.41,1,37559
2224950,57.91,57.91,59.09,61.79,0,0,21.44,21.94,57.49,0.9,1.79,62520,1,31.24,60.0,0.42,1,38059
2225459,57.92,57.91,59.09,61.79,0,0,21.51,21.93,57.49,0.9,1.79,62520,1,31.23,60.0,0.42,1,38559
2225968,57.91,57.91,59.09,61.79,0,0,21.59,21.93,57.49,0.9,1.79,62520,1,31.23,60.0,0.42,1,39059
2226477,57.91,57.91,59.09,61.79,0,0,21.59,21.93,57.49,0.9,1.79,62520,1,31.23,60.0,0.42,1,39559
2226986,57.95,57.93,59.09,61.79,0,0,21.57,21.94,57.49,0.9,1.79,62520,1,31.23,60.0,0.44,1,40059
2227495,57.96,57.95,59.09,61.79,0,0,21.72,21.97,57.49,0.9,1.79,62520,1,31.25,60.0,0.45,1,40559
2228004,57.96,57.96,59.09,61.79,0,0,21.72,21.97,57.49,0.9,1.79,62520,1,31.25,60.0,0.46,1,41059
2228513,57.95,57.95,59.09,61.79,0,0,21.79,21.97,57.49,0.9,1.79,62520,1,31.25,60.0,0.46,1,41559
2229022,57.97,57.95,59.09,61.79,0,0,22.05,21.97,57.49,0.9,1.79,62520,1,31.24,60.0,0.46,1,42059
2229531,57.97,57.96,59.09,61.79,0,0,22.05,21.96,57.49,0.9,1.79,62520,1,31.24,60.0,0.47,1,42559
2230040,57.97,57.97,59.09,61.79,0,0,22.05,21.96,57.49,0.9,1.79,62520,1,31.24,60.0,0.48,1,43059
2230549,58.0,57.98,59.09,61.79,0,0,22.07,21.97,57.49,0.9,1.79,62520,1,31.24,60.0,0.49,1,43559
2231058,57.99,57.99,59.09,61.79,0,0,22.31,21.97,57.49,0.9,1.79,62520,1,31.25,60.0,0.5,1,44059
2231567,57.99,57.99,59.09,61.79,0,0,22.31,21.98,57.49,0.9,1.79,62520,1,31.25,60.0,0.5,1,44559
2232076,58.01,58.0,59.09,61.79,0,0,22.16,21.96,57.49,0.9,1.79,62520,1,31.23,60.0,0.51,1,45059
2232585,58.01,58.01,59.09,61.79,0,0,22.16,21.96,57.49,0.9,1.79,62520,1,31.23,60.0,0.51,1,45560
2233094,58.01,58.01,59.09,61.79,0,0,22.24,21.99,57.49,0.9,1.79,62520,1,31.27,60.0,0.51,1,46061
2233603,58.01,58.01,59.09,61.79,0,0,22.24,21.99,57.49,0.9,1.79,62520,1,31.27,60.0,0.51,1,46561
2234112,58.01,58.01,59.09,61.79,0,0,22.29,21.97,57.49,0.9,1.79,62520,1,31.24,60.0,0.52,1,47061
2234621,58.07,58.01,59.09,61.79,0,0,22.37,21.97,57.49,0.9,1.79,62520,1,31.24,60.0,0.52,1,47561
2235130,58.07,58.04,59.09,61.79,0,0,22.37,21.99,57.49,0.9,1.79,62520,1,31.24,60.0,0.55,1,48061
2235639,58.05,58.04,59.09,61.79,0,0,22.37,21.98,57.49,0.9,1.79,62520,1,31.24,60.0,0.55,1,48561
2236148,58.05,58.05,59.09,61.79,0,0,22.57,21.97,57.49,0.9,1.79,62520,1,31.23,60.0,0.55,1,49061
2236657,58.05,58.05,59.09,61.79,0,0,22.57,21.97,57.49,0.9,1.79,62520,1,31.23,60.0,0.55,1,49561
2237166,58.07,58.06,59.09,61.79,0,0,22.74,21.99,57.49,0.9,1.79,62520,1,31.24,60.0,0.57,1,50061
2237675,58.05,58.06,59.09,61.79,0,0,22.68,21.99,57.49,0.9,1.79,62520,1,31.25,60.0,0.56,1,50561
2238184,58.05,58.05,59.09,61.79,0,0,22.68,21.99,57.49,0.9,1.79,62520,1,31.25,60.0,0.56,1,51061
2238693,58.07,58.05,59.09,61.79,0,0,22.63,21.99,57.49,0.9,1.79,62520,1,31.24,60.0,0.56,1,51561
2239202,58.07,58.06,59.09,61.79,0,0,22.63,21.99,57.49,0.9,1.79,62520,1,31.24,60.0,0.57,1,52061
2239711,58.1,58.08,59.09,61.79,0,0,22.89,22.0,57.49,0.9,1.79,62520,1,31.24,60.0,0.59,1,52561
2240220,58.12,58.1,59.09,61.79,0,0,22.7,22.0,57.49,0.9,1.79,62520,1,31.24,60.0,0.61,1,53061
2240729,58.12,58.11,59.09,61.79,0,0,22.7,22.0,57.49,0.9,1.79,62520,1,31.24,60.0,0.62,1,53561
2241238,58.1,58.11,59.09,61.79,0,0,22.98,22.0,57.49,0.9,1.79,62520,1,31.24,60.0,0.62,1,54061
2241747,58.1,58.1,59.09,61.79,0,0,22.98,22.0,57.49,0.9,1.79,62520,1,31.24,60.0,0.61,1,54563
2242256,58.16,58.1,59.09,61.79,0,0,22.87,22.0,57.49,0.9,1.79,62520,1,31.25,60.0,0.61,1,55063
2242765,58.16,58.13,59.09,61.79,0,0,22.87,22.03,57.49,0.9,1.79,62520,1,31.25,60.0,0.64,1,55563
2243274,58.11,58.12,59.09,61.79,0,0,22.94,22.0,57.49,0.9,1.79,62520,1,31.24,60.0,0.63,1,56063
2243783,58.21,58.17,59.09,61.79,0,0,23.11,22.03,57.49,0.9,1.79,62520,1,31.24,60.0,0.68,1,56563
2244292,58.12,58.19,59.09,61.79,0,0,23.48,22.03,57.49,0.9,1.79,62520,1,31.24,60.0,0.7,1,57063
2244802,58.12,58.16,59.09,61.79,0,0,23.48,22.0,57.49,0.9,1.79,62520,1,31.24,60.0,0.67,1,57563
2245311,58.15,58.15,59.09,61.79,0,0,23.22,22.01,57.49,0.9,1.79,62520,1,31.24,60.0,0.66,1,58063
2245820,58.18,58.15,59.09,61.79,0,0,23.18,22.01,57.49,0.9,1.79,62520,1,31.27,60.0,0.66,1,58563
2246329,58.18,58.16,59.09,61.79,0,0,23.18,22.04,57.49,0.9,1.79,62520,1,31.27,60.0,0.67,1,59063
2246838,58.18,58.17,59.09,61.79,0,0,23.18,22.04,57.49,0.9,1.79,62520,1,31.27,60.0,0.68,1,59563
2247347,58.22,58.18,59.09,61.79,0,0,23.39,22.04,57.49,0.9,1.79,62520,1,31.24,60.0,0.68,1,60063
2247856,58.22,58.2,59.09,61.79,0,0,23.39,22.03,57.49,0.9,1.79,62520,1,31.24,60.0,0.71,1,60563
2248365,58.22,58.21,59.09,61.79,0,0,23.39,22.03,57.49,0.9,1.79,62520,1,31.24,60.0,0.72,1,61065
2248874,58.23,58.22,59.09,61.79,0,0,23.28,22.04,57.49,0.9,1.79,62520,1,31.25,60.0,0.73,1,61567
2249383,58.23,58.22,59.09,61.79,0,0,23.28,22.04,57.49,0.9,1.79,62520,1,31.25,60.0,0.73,1,62067
2249892,58.17,58.2,59.09,61.79,0,0,23.44,22.02,57.49,0.9,1.79,62520,1,31.24,60.0,0.71,1,62567
2250401,58.2,58.19,59.09,61.79,0,0,23.48,22.02,57.49,0.9,1.79,62520,1,31.27,60.0,0.69,1,63067
2250910,58.2,58.2,59.09,61.79,0,0,23.48,22.05,57.49,0.9,1.79,62520,1,31.27,60.0,0.7,1,63567
2251419,58.2,58.2,59.09,61.79,0,0,23.48,22.05,57.49,0.9,1.79,62520,1,31.27,60.0,0.71,1,64067
2251928,58.24,58.2,59.09,61.79,0,0,23.65,22.05,57.49,0.9,1.79,62520,1,31.25,60.0,0.71,1,64567
2252437,58.24,58.22,59.09,61.79,0,0,23.65,22.05,57.49,0.9,1.79,62520,1,31.25,60.0,0.73,1,65067
2252946,58.23,58.23,59.09,61.79,0,0,23.83,22.05,57.49,0.9,1.79,62520,1,31.25,60.0,0.74,1,65567
2253455,58.23,58.23,59.09,61.79,0,0,23.83,22.04,57.49,0.9,1.79,62520,1,31.25,60.0,0.74,1,66573
2253964,58.23,58.23,59.09,61.79,0,0,23.72,22.06,57.49,0.9,1.79,62520,1,31.27,60.0,0.74,1,67073
2254473,58.23,58.23,59.09,61.79,0,0,23.72,22.06,57.49,0.9,1.79,62520,1,31.27,60.0,0.74,1,67573
2254982,58.24,58.23,59.09,61.79,0,0,23.76,22.03,57.49,0.9,1.79,62520,1,31.24,60.0,0.74,1,68073
2255491,58.29,58.26,59.09,61.79,0,0,23.81,22.05,57.49,0.9,1.79,62520,1,31.24,60.0,0.77,1,68573
2256000,58.29,58.27,59.09,61.79,0,0,23.81,22.05,57.49,0.9,1.79,62520,1,31.24,60.0,0.78,1,69073
2256509,58.32,58.29,59.09,61.79,0,0,23.81,22.08,57.49,0.9,1.79,62520,1,31.27,60.0,0.8,1,69573
2257018,58.32,58.31,59.09,61.79,0,0,23.81,22.08,57.49,0.9,1.79,62520,1,31.27,60.0,0.81,1,70073
2257527,58.32,58.31,59.09,61.79,0,0,24.0,22.07,57.49,0.9,1.79,62520,1,31.25,60.0,0.82,1,70573
2258036,58.32,58.31,59.09,61.79,0,0,24.0,22.07,57.49,0.9,1.79,62520,1,31.25,60.0,0.82,1,71073
2258545,58.29,58.3,59.09,61.79,0,0,23.83,22.09,57.49,0.9,1.79,62520,1,31.28,60.0,0.81,1,71573
2259054,58.29,58.3,59.09,61.79,0,0,23.83,22.09,57.49,0.9,1.79,62520,1,31.28,60.0,0.81,1,72073
2259563,58.28,58.29,59.09,61.79,0,0,24.03,22.06,57.49,0.9,1.79,62520,1,31.25,60.0,0.8,1,72573
2260072,58.3,58.28,59.09,61.79,0,0,24.2,22.06,57.49,0.9,1.79,62520,1,31.24,60.0,0.79,1,73073
2260581,58.3,58.29,59.09,61.79,0,0,24.2,22.05,57.49,0.9,1.79,62520,1,31.24,60.0,0.8,1,73573
2261090,58.3,58.3,59.09,61.79,0,0,24.2,22.05,57.49,0.9,1.79,62520,1,31.24,60.0,0.8,1,74074
2261599,58.3,58.3,59.09,61.79,0,0,24.18,22.07,57.49,0.9,1.79,62520,1,31.25,60.0,0.81,1,74575
2262108,58.29,58.29,59.09,61.79,0,0,24.44,22.05,57.49,0.9,1.79,62520,1,31.24,60.0,0.8,1,75075
2262617,58.36,58.29,59.09,61.79,0,0,24.22,22.05,57.49,0.9,1.79,62520,1,31.25,60.0,0.8,1,75575
2263126,58.36,58.33,59.09,61.79,0,0,24.22,22.08,57.49,0.9,1.79,62520,1,31.25,60.0,0.83,1,76075
2263635,58.36,58.35,59.09,61.79,0,0,23.94,22.08,57.49,0.9,1.79,62520,1,31.25,60.0,0.85,1,76575
2264144,58.36,58.35,59.09,61.79,0,0,23.94,22.08,57.49,0.9,1.79,62520,1,31.25,60.0,0.86,1,77075
2264653,58.34,58.35,59.09,61.79,0,0,24.33,22.08,57.49,0.9,1.79,62520,1,31.25,60.0,0.86,1,77575
2265162,58.34,58.34,59.09,61.79,0,0,24.33,22.08,57.49,0.9,1.79,62520,1,31.25,60.0,0.85,1,78075
2265671,58.33,58.34,59.09,61.79,0,0,24.42,22.07,57.49,0.9,1.79,62520,1,31.25,60.0,0.84,1,78575
2266180,58.33,58.33,59.09,61.79,0,0,24.42,22.07,57.49,0.9,1.79,62520,1,31.25,60.0,0.84,1,79075
2266689,58.36,58.33,59.09,61.79,0,0,24.68,22.07,57.49,0.9,1.79,62520,1,31.25,60.0,0.84,1,79575
2267198,58.36,58.35,59.09,61.79,0,0,24.68,22.08,57.49,0.9,1.79,62520,1,31.25,60.0,0.85,1,80075
2267707,58.36,58.36,59.09,61.79,0,0,24.68,22.08,57.49,0.9,1.79,62520,1,31.25,60.0,0.86,1,80575
2268216,58.37,58.36,59.09,61.79,0,0,24.66,22.1,57.49,0.9,1.79,62520,1,31.27,60.0,0.87,1,81075
2268725,58.37,58.36,59.09,61.79,0,0,24.66,22.1,57.49,0.9,1.79,62520,1,31.27,60.0,0.87,1,81575
2269234,58.37,58.37,59.09,61.79,0,0,24.66,22.1,57.49,0.9,1.79,62520,1,31.27,60.0,0.87,1,82075
2269743,58.38,58.37,59.09,61.79,0,0,24.6,22.1,57.49,0.9,1.79,62520,1,31.27,60.0,0.88,1,82575
2270252,58.38,58.37,59.09,61.79,0,0,24.6,22.1,57.49,0.9,1.79,62520,1,31.27,60.0,0.88,1,83075
2270761,58.38,58.38,59.09,61.79,0,0,24.68,22.1,57.49,0.9,1.79,62520,1,31.27,60.0,0.88,1,83575
2271270,58.38,58.38,59.09,61.79,0,0,24.68,22.1,57.49,0.9,1.79,62520,1,31.27,60.0,0.88,1,84075
2271779,58.38,58.38,59.09,61.79,0,0,24.68,22.1,57.49,0.9,1.79,62520,1,31.27,60.0,0.89,1,84575
2272288,58.4,58.39,59.09,61.79,0,0,24.81,22.13,57.49,0.9,1.79,62520,1,31.3,60.0,0.89,1,85075
2272797,58.4,58.39,59.09,61.79,0,0,24.81,22.13,57.49,0.9,1.79,62520,1,31.3,60.0,0.9,1,85575
2273306,58.38,58.39,59.09,61.79,0,0,24.92,22.13,57.49,0.9,1.79,62520,1,31.27,60.0,0.9,1,86075
2273815,58.41,58.39,59.09,61.79,0,0,24.92,22.1,57.49,0.9,1.79,62520,1,31.27,60.0,0.89,1,86575
2274324,58.41,58.4,59.09,61.79,0,0,24.92,22.11,57.49,0.9,1.79,62520,1,31.27,60.0,0.9,1,87075
2274833,58.41,58.4,59.09,61.79,0,0,25.17,22.11,57.49,0.9,1.79,62520,1,31.27,60.0,0.91,1,87575
2275342,58.41,58.4,59.09,61.79,0,0,24.97,22.11,57.49,0.9,1.79,62520,1,31.28,60.0,0.91,1,88075
2275851,58.41,58.41,59.09,61.79,0,0,24.97,22.12,57.49,0.9,1.79,62520,1,31.28,60.0,0.91,1,88575
2276360,58.41,58.41,59.09,61.79,0,0,24.97,22.12,57.49,0.9,1.79,62520,1,31.28,60.0,0.91,1,89079
2276869,58.42,58.41,59.09,61.79,0,0,25.19,22.12,57.49,0.9,1.79,62520,1,31.27,60.0,0.92,1,89579
2277378,58.42,58.41,59.09,61.79,0,0,25.19,22.11,57.49,0.9,1.79,62520,1,31.27,60.0,0.92,1,90079
2277887,58.45,58.41,59.09,61.79,0,0,24.97,22.11,57.49,0.9,1.79,62520,1,31.27,60.0,0.92,1,90579
2278396,58.45,58.43,59.09,61.79,0,0,24.97,22.12,57.49,0.9,1.79,62520,1,31.27,60.0,0.94,1,91079
2278905,58.45,58.44,59.09,61.79,0,0,24.79,22.12,57.49,0.9,1.79,62520,1,31.25,60.0,0.95,1,91579
2279414,58.44,58.45,59.09,61.79,0,0,25.23,22.11,57.49,0.9,1.79,62520,1,31.27,60.0,0.96,1,92079
2279923,58.44,58.44,59.09,61.79,0,0,25.23,22.12,57.49,0.9,1.79,62520,1,31.27,60.0,0.95,1,92579
2280432,58.44,58.44,59.09,61.79,0,0,25.23,22.12,57.49,0.9,1.79,62520,1,31.27,60.0,0.95,1,93079
2280941,58.46,58.44,59.09,61.79,0,0,25.43,22.12,57.49,0.9,1.79,62520,1,31.25,60.0,0.95,1,93579
2281450,58.45,58.45,59.09,61.79,0,0,24.97,22.11,57.49,0.9,1.79,62520,1,31.25,60.0,0.96,1,94079
2281959,58.45,58.45,59.09,61.79,0,0,24.97,22.11,57.49,0.9,1.79,62520,1,31.25,60.0,0.96,1,94579
2282472,58.48,58.46,59.09,61.79,0,0,25.36,22.13,57.49,0.9,1.79,62520,1,31.27,60.0,0.97,1,95590
2282981,58.48,58.47,59.09,61.79,0,0,25.36,22.13,57.49,0.9,1.79,62520,1,31.27,60.0,0.98,1,96090
2283490,58.5,58.49,59.09,61.79,0,0,25.34,22.12,57.49,0.9,1.79,62520,1,31.25,60.0,1.0,1,96590
2283999,58.53,58.51,59.09,61.79,0,0,25.19,22.17,57.49,0.9,1.79,62520,1,31.3,60.0,1.02,1,97090
2284508,58.46,58.49,59.09,61.79,0,0,25.39,22.11,57.49,0.9,1.79,62520,1,31.25,60.0,1.0,1,97590
2285017,58.46,58.48,59.09,61.79,0,0,25.39,22.11,57.49,0.9,1.79,62520,1,31.25,60.0,0.98,1,98090
2285526,58.51,58.5,59.09,61.79,0,0,25.54,22.13,57.49,0.9,1.79,62520,1,31.25,60.0,1.0,1,98590
2286036,58.51,58.51,59.09,61.79,0,0,25.54,22.13,57.49,0.9,1.79,62520,1,31.25,60.0,1.01,1,99090
2286545,58.54,58.51,59.09,61.79,0,0,25.43,22.13,57.49,0.9,1.79,62520,1,31.27,60.0,1.02,1,99590
2287054,58.54,58.53,59.09,61.79,0,0,25.43,22.15,57.49,0.9,1.79,62520,1,31.27,60.0,1.03,1,100090
2287563,58.53,58.53,59.09,61.79,0,0,25.5,22.16,57.49,0.9,1.79,62520,1,31.28,60.0,1.04,1,100590
2288072,58.55,58.54,59.09,61.79,0,0,25.63,22.15,57.49,0.9,1.79,62520,1,31.27,60.0,1.05,1,101090
2288581,58.55,58.55,59.09,61.79,0,0,25.63,22.15,57.49,0.9,1.79,62520,1,31.27,60.0,1.06,1,101590
2289090,58.55,58.55,59.09,61.79,0,0,25.56,22.14,57.49,0.9,1.79,62520,1,31.25,60.0,1.06,1,102090
2289599,58.6,58.57,59.09,61.79,0,0,25.7,22.19,57.49,0.9,1.79,62520,1,31.3,60.0,1.08,1,102590
2290109,58.55,58.58,59.09,61.79,0,0,25.83,22.19,57.49,0.9,1.79,62520,1,31.27,60.0,1.09,1,103090
2290619,58.55,58.57,59.09,61.79,0,0,25.83,22.15,57.49,0.9,1.79,62520,1,31.27,60.0,1.08,1,103590
2291128,58.59,58.58,59.09,61.79,0,0,25.63,22.17,57.49,0.9,1.79,62520,1,31.28,60.0,1.09,1,104090
2291637,58.59,58.59,59.09,61.79,0,0,25.63,22.17,57.49,0.9,1.79,62520,1,31.28,60.0,1.1,1,104590
2292146,58.6,58.59,59.09,61.79,0,0,25.43,22.15,57.49,0.9,1.79,62520,1,31.25,60.0,1.1,1,105090
2292655,58.6,58.6,59.09,61.79,0,0,25.43,22.15,57.49,0.9,1.79,62520,1,31.25,60.0,1.11,1,105590
2293164,58.65,58.62,59.09,61.79,0,0,25.74,22.19,57.49,0.9,1.79,62520,1,31.28,60.0,1.13,1,106090
2293673,58.6,58.61,59.09,61.79,0,0,25.85,22.15,57.49,0.9,1.79,62520,1,31.25,60.0,1.12,1,106590
2294182,58.66,58.63,59.09,61.79,0,0,25.81,22.18,57.49,0.9,1.79,62520,1,31.27,60.0,1.14,1,107090
2294691,58.66,58.64,59.09,61.79,0,0,26.03,22.18,57.49,0.9,1.79,62520,1,31.28,60.0,1.15,1,107590
2295200,58.66,58.65,59.09,61.79,0,0,26.03,22.19,57.49,0.9,1.79,62520,1,31.28,60.0,1.16,1,108090
2295709,58.66,58.65,59.09,61.79,0,0,26.03,22.19,57.49,0.9,1.79,62520,1,31.28,60.0,1.16,1,108590
2296218,58.66,58.66,59.09,61.79,0,0,26.03,22.19,57.49,0.9,1.79,62520,1,31.28,60.0,1.16,1,109090
2296727,58.66,58.66,59.09,61.79,0,0,26.03,22.19,57.49,0.9,1.79,62520,1,31.28,60.0,1.16,1,109590
2297236,58.69,58.67,59.09,61.79,0,0,25.98,22.2,57.49,0.9,1.79,62520,1,31.28,60.0,1.18,1,110090
2297745,58.69,58.68,59.09,61.79,0,0,25.98,22.2,57.49,0.9,1.79,62520,1,31.28,60.0,1.19,1,110590
2298254,58.71,58.69,59.09,61.79,0,0,26.03,22.2,57.49,0.9,1.79,62520,1,31.28,60.0,1.2,1,111090
2298763,58.71,58.7,59.09,61.79,0,0,26.03,22.21,57.49,0.9,1.79,62520,1,31.28,60.0,1.21,1,111590
2299272,58.72,58.71,59.09,61.79,0,0,26.12,22.19,57.49,0.9,1.79,62520,1,31.27,60.0,1.22,1,112090
2299781,58.72,58.71,59.09,61.79,0,0,26.12,22.19,57.49,0.9,1.79,62520,1,31.27,60.0,1.22,1,112590
2300290,58.73,58.72,59.09,61.79,0,0,26.07,22.21,57.49,0.9,1.79,62520,1,31.28,60.0,1.23,1,113090
2300799,58.76,58.73,59.09,61.79,0,0,26.05,22.21,57.49,0.9,1.79,62520,1,31.27,60.0,1.24,1,113590
2301308,58.77,58.74,59.09,61.79,0,0,26.07,22.21,57.49,0.9,1.79,62520,1,31.27,60.0,1.25,1,114090
2301818,58.77,58.75,59.09,61.79,0,0,26.07,22.21,57.49,0.9,1.79,62520,1,31.27,60.0,1.26,1,114590
2302327,58.78,58.77,59.09,61.79,0,0,26.34,22.24,57.49,0.9,1.79,62520,1,31.3,60.0,1.28,1,115090
2302836,58.83,58.78,59.09,61.79,0,0,25.45,22.24,57.49,0.9,1.79,62520,1,31.25,60.0,1.28,1,115590
2303345,58.81,58.8,59.09,61.79,0,0,26.16,22.21,57.49,0.9,1.79,62520,1,31.27,60.0,1.31,1,116090
2303854,58.81,58.8,59.09,61.79,0,0,26.16,22.22,57.49,0.9,1.79,62520,1,31.27,60.0,1.31,1,116590
2304363,58.83,58.81,59.09,61.79,0,0,26.32,22.22,57.49,0.9,1.79,62520,1,31.24,60.0,1.31,1,117090
2304872,58.83,58.82,59.09,61.79,0,0,26.32,22.2,57.49,0.9,1.79,62520,1,31.24,60.0,1.32,1,117590
2305382,58.84,58.82,59.09,61.79,0,0,26.23,22.2,57.49,0.9,1.79,62520,1,31.28,60.0,1.33,1,118090
2305891,58.84,58.83,59.09,61.79,0,0,26.23,22.25,57.49,0.9,1.79,62520,1,31.28,60.0,1.34,1,118590
2306400,58.84,58.84,59.09,61.79,0,0,26.23,22.25,57.49,0.9,1.79,62520,1,31.28,60.0,1.35,1,119090
2306909,58.83,58.84,59.09,61.79,0,0,26.43,22.25,57.49,0.9,1.79,62520,1,31.28,60.0,1.35,1,119590
2307422,58.83,58.84,59.09,61.79,0,0,26.43,22.24,57.49,0.9,1.79,62520,1,31.28,60.0,1.35,1,120090
2307931,58.88,58.84,59.09,61.79,0,0,26.43,22.24,57.49,0.9,1.79,62520,1,31.3,60.0,1.34,1,120590
2308440,58.87,58.86,59.09,61.79,0,0,26.43,22.27,57.49,0.9,1.79,62520,1,31.28,60.0,1.37,1,121090
2308949,58.87,58.87,59.09,61.79,0,0,26.43,22.25,57.49,0.9,1.79,62520,1,31.28,60.0,1.37,1,121590
2309458,58.95,58.87,59.09,61.79,0,0,26.54,22.25,57.49,0.9,1.79,62520,1,31.28,60.0,1.38,1,122090
2309967,58.95,58.91,59.09,61.79,0,0,26.54,22.27,57.49,0.9,1.79,62520,1,31.28,60.0,1.41,1,122590
2310476,58.95,58.94,59.09,61.79,0,0,26.6,22.29,57.49,0.9,1.79,62520,1,31.3,60.0,1.45,1,123594
2310985,58.95,58.94,59.09,61.79,0,0,26.6,22.29,57.49,0.9,1.79,62520,1,31.3,60.0,1.45,1,124094
2311494,58.96,58.95,59.09,61.79,0,0,26.65,22.28,57.49,0.9,1.79,62520,1,31.28,60.0,1.46,1,124594
2312003,58.96,58.95,59.09,61.79,0,0,26.65,22.28,57.49,0.9,1.79,62520,1,31.28,60.0,1.46,1,125094
2312512,58.99,58.97,59.09,61.79,0,0,26.36,22.29,57.49,0.9,1.79,62520,1,31.28,60.0,1.48,1,125594
2313021,59.0,58.99,59.09,61.79,0,0,26.6,22.27,57.49,0.9,1.79,62520,1,31.27,60.0,1.5,1,126094
2313530,59.0,59.0,59.09,61.79,0,0,26.6,22.27,57.49,0.9,1.79,62520,1,31.27,60.0,1.5,1,126594
2314039,59.0,59.0,59.09,61.79,0,0,26.6,22.27,57.49,0.9,1.79,62520,1,31.27,60.0,1.51,1,127094
2314548,59.02,59.01,59.09,61.79,0,0,26.43,22.29,57.49,0.9,1.79,62520,1,31.28,60.0,1.52,1,127594
2315057,59.05,59.03,59.09,61.79,0,0,26.49,22.3,57.49,0.9,1.79,62520,1,31.28,60.0,1.54,1,128094
2315566,59.05,59.04,59.09,61.79,0,0,26.49,22.3,57.49,0.9,1.79,62520,1,31.28,60.0,1.55,1,128594
2316075,59.07,59.05,59.09,61.79,0,0,26.63,22.29,57.49,0.9,1.79,62520,1,31.27,60.0,1.56,1,129094
2316584,59.07,59.06,59.09,61.79,0,0,26.63,22.29,57.49,0.9,1.79,62520,1,31.27,60.0,1.57,1,129594
2317093,59.1,59.08,59.09,61.79,0,0,26.36,22.3,57.49,0.9,1.79,62520,1,31.27,60.0,1.59,1,130094
2317602,59.09,59.09,59.09,61.79,1,0,26.85,22.3,57.49,0.9,1.79,130594,0,31.27,60.0,1.6,0,0
2318110,59.09,59.09,59.09,61.89,1,0,26.85,22.3,59.09,0.9,1.89,130594,0,31.27,60.0,0.0,0,500
2318619,59.09,59.09,59.09,61.89,1,0,26.85,22.3,59.09,0.9,1.89,130594,0,31.27,60.0,0.0,0,1000
2319128,59.09,59.09,59.09,61.89,1,0,26.85,22.3,59.09,0.9,1.89,130594,0,31.27,60.0,0.0,0,1500
2319637,59.09,59.09,59.09,61.89,1,0,26.85,22.3,59.09,0.9,1.89,130594,0,31.27,60.0,0.0,0,2000
2320146,59.17,59.13,59.09,61.89,1,0,26.67,22.34,59.13,0.9,1.89,130594,0,31.28,60.0,0.0,0,2500
2320655,59.2,59.15,59.09,61.89,1,0,26.09,22.34,59.15,0.9,1.89,130594,0,31.25,60.0,0.0,0,3000
2321164,59.2,59.18,59.09,61.89,1,0,26.09,22.32,59.18,0.9,1.89,130594,0,31.25,60.0,0.0,0,3500
2321673,59.23,59.2,59.09,61.89,1,0,26.83,22.35,59.2,0.9,1.89,130594,0,31.28,60.0,0.0,0,4000
2322182,59.23,59.22,59.09,61.89,1,0,26.83,22.35,59.22,0.9,1.89,130594,0,31.28,60.0,0.0,0,4500
2322691,59.23,59.23,59.09,61.89,1,0,26.83,22.35,59.23,0.9,1.89,130594,0,31.28,60.0,0.0,0,5000
2323200,59.28,59.25,59.09,61.89,1,0,26.6,22.35,59.25,0.9,1.89,130594,0,31.27,60.0,0.0,0,5500
2323709,59.28,59.27,59.09,61.89,1,0,26.52,22.35,59.27,0.9,1.89,130594,0,31.25,60.0,0.0,0,6000
2324218,59.28,59.27,59.09,61.89,1,0,26.52,22.34,59.27,0.9,1.89,130594,0,31.25,60.0,0.0,0,6500
2324727,59.28,59.27,59.09,61.89,1,0,26.52,22.34,59.27,0.9,1.89,130594,0,31.25,60.0,0.0,0,7000
2325236,59.28,59.28,59.09,61.89,1,0,26.52,22.34,59.28,0.9,1.89,130594,0,31.25,60.0,0.0,0,7502
2325745,59.36,59.32,59.09,61.89,1,0,26.43,22.37,59.32,0.9,1.89,130594,0,31.27,60.0,0.0,0,8003
2326254,59.32,59.34,59.09,61.89,1,0,26.2,22.37,59.34,0.9,1.89,130594,0,31.3,60.0,0.0,0,8503
2326763,59.32,59.33,59.09,61.89,1,0,26.2,22.39,59.34,0.9,1.89,130594,0,31.3,60.0,0.0,0,9003
2327272,59.38,59.36,59.09,61.89,1,0,26.07,22.39,59.36,0.9,1.89,130594,0,31.28,60.0,0.0,0,9503
2327781,59.44,59.37,59.09,61.89,1,0,25.87,22.39,59.37,0.9,1.89,130594,0,31.31,60.0,0.0,0,10003
2328290,59.44,59.4,59.09,61.89,1,0,25.87,22.44,59.4,0.9,1.89,130594,0,31.31,60.0,0.0,0,10503
2328799,59.44,59.42,59.09,61.89,1,0,25.87,22.44,59.42,0.9,1.89,130594,0,31.31,60.0,0.0,0,11003
2329308,59.46,59.43,59.09,61.89,1,0,25.76,22.44,59.43,0.9,1.89,130594,0,31.3,60.0,0.0,0,11503
2329817,59.46,59.45,59.09,61.89,1,0,25.5,22.43,59.45,0.9,1.89,130594,0,31.28,60.0,0.0,0,12003
2330326,59.46,59.45,59.09,61.89,1,0,25.5,22.42,59.45,0.9,1.89,130594,0,31.28,60.0,0.0,0,12503
2330835,59.49,59.47,59.09,61.89,1,0,25.41,22.44,59.47,0.9,1.89,130594,0,31.3,60.0,0.0,0,13003
2331344,59.49,59.48,59.09,61.89,1,0,25.41,22.44,59.48,0.9,1.89,130594,0,31.3,60.0,0.0,0,13503
2331853,59.48,59.48,59.09,61.89,1,0,25.36,22.44,59.48,0.9,1.89,130594,0,31.28,60.0,0.0,0,14003
2332362,59.48,59.48,59.09,61.89,1,0,25.36,22.42,59.48,0.9,1.89,130594,0,31.28,60.0,0.0,0,14503
2332871,59.52,59.5,59.09,61.89,1,0,25.06,22.43,59.5,0.9,1.89,130594,0,31.28,60.0,0.0,0,15012
2333380,59.53,59.51,59.09,61.89,1,0,25.08,22.43,59.51,0.9,1.89,130594,0,31.3,60.0,0.0,0,15512
2333889,59.53,59.52,59.09,61.89,1,0,25.08,22.45,59.52,0.9,1.89,130594,0,31.3,60.0,0.0,0,16014
2334398,59.53,59.52,59.09,61.89,1,0,25.08,22.45,59.52,0.9,1.89,130594,0,31.3,60.0,0.0,0,16515
2334907,59.6,59.52,59.09,61.89,1,0,24.79,22.45,59.52,0.9,1.89,130594,0,31.28,60.0,0.0,0,17015
2335416,59.62,59.56,59.09,61.89,1,0,24.66,22.45,59.56,0.9,1.89,130594,0,31.3,60.0,0.0,0,17515
2335925,59.62,59.59,59.09,61.89,1,0,24.66,22.47,59.59,0.9,1.89,130594,0,31.3,60.0,0.0,0,18015
2336434,59.63,59.61,59.09,61.89,1,0,24.44,22.46,59.61,0.9,1.89,130594,0,31.28,60.0,0.0,0,18515
2336943,59.63,59.62,59.09,61.89,1,0,24.44,22.46,59.62,0.9,1.89,130594,0,31.28,60.0,0.0,0,19015
2337452,59.67,59.63,59.09,61.89,1,0,24.31,22.46,59.63,0.9,1.89,130594,0,31.28,60.0,0.0,0,19515
2337961,59.67,59.65,59.09,61.89,1,0,24.31,22.47,59.65,0.9,1.89,130594,0,31.28,60.0,0.0,0,20015
2338470,59.67,59.66,59.09,61.89,1,0,24.31,22.47,59.66,0.9,1.89,130594,0,31.28,60.0,0.0,0,20515
2338979,59.77,59.67,59.09,61.89,1,0,24.18,22.47,59.67,0.9,1.89,130594,0,31.28,60.0,0.0,0,21018
2339492,59.74,59.72,59.09,61.89,1,0,24.09,22.5,59.72,0.9,1.89,130594,0,31.3,60.0,0.0,0,21519
2340001,59.74,59.73,59.09,61.89,1,0,24.09,22.51,59.73,0.9,1.89,130594,0,31.3,60.0,0.0,0,22030
2340510,59.78,59.76,59.09,61.89,1,0,23.74,22.51,59.76,0.9,1.89,130594,0,31.28,60.0,0.0,0,23034
2341019,59.78,59.77,59.09,61.89,1,0,23.72,22.51,59.77,0.9,1.89,130594,0,31.28,60.0,0.0,0,23534
2341528,59.78,59.78,59.09,61.89,1,0,23.72,22.51,59.78,0.9,1.89,130594,0,31.28,60.0,0.0,0,24034
2342037,59.86,59.82,59.09,61.89,1,0,23.42,22.53,59.82,0.9,1.89,130594,0,31.28,60.0,0.0,0,24534
2342546,59.86,59.84,59.09,61.89,1,0,23.33,22.51,59.84,0.9,1.89,130594,0,31.27,60.0,0.0,0,25034
2343069,59.85,59.85,59.09,61.89,1,0,23.26,22.51,59.85,0.9,1.89,130594,0,31.3,60.0,0.0,0,25534
2343578,59.85,59.85,59.09,61.89,1,0,23.26,22.54,59.85,0.9,1.89,130594,0,31.3,60.0,0.0,0,26034
2344087,59.87,59.86,59.09,61.89,1,0,23.15,22.53,59.86,0.9,1.89,130594,0,31.28,60.0,0.0,0,26534
2344596,59.87,59.86,59.09,61.89,1,0,23.15,22.53,59.86,0.9,1.89,130594,0,31.28,60.0,0.0,0,27034
2345105,59.92,59.89,59.09,61.89,1,0,23.07,22.53,59.89,0.9,1.89,130594,0,31.27,60.0,0.0,0,27534
2345614,59.95,59.92,59.09,61.89,1,0,22.85,22.58,59.92,0.9,1.89,130594,0,31.31,60.0,0.0,0,28034
2346123,59.95,59.94,59.09,61.89,1,0,22.85,22.58,59.94,0.9,1.89,130594,0,31.31,60.0,0.0,0,28534
2346633,59.96,59.94,59.09,61.89,1,0,22.87,22.58,59.94,0.9,1.89,130594,0,31.28,60.0,0.0,0,29034
2347142,59.96,59.95,59.09,61.89,1,0,22.87,22.55,59.95,0.9,1.89,130594,0,31.28,60.0,0.0,0,29534
2347651,59.97,59.96,59.09,61.89,1,0,22.55,22.57,59.96,0.9,1.89,130594,0,31.3,60.0,0.0,0,30034
2348160,59.97,59.97,59.09,61.89,1,0,22.55,22.57,59.97,0.9,1.89,130594,0,31.3,60.0,0.0,0,30534
2348669,59.97,59.97,59.09,61.89,1,0,22.55,22.57,59.97,0.9,1.89,130594,0,31.3,60.0,0.0,0,31034
2349178,60.07,60.02,59.09,61.89,1,0,22.31,22.61,60.02,0.9,1.89,130594,0,31.31,60.0,0.0,0,31534
2349687,59.99,60.01,59.09,61.89,1,0,22.35,22.55,60.02,0.9,1.89,130594,0,31.27,60.0,0.01,0,32034
2350196,60.04,60.0,59.09,61.89,1,0,22.2,22.55,60.02,0.9,1.89,130594,0,31.27,60.0,0.01,0,32534
2350705,60.04,60.02,59.09,61.89,1,0,22.2,22.56,60.02,0.9,1.89,130594,0,31.27,60.0,0.0,0,33034
2351214,60.07,60.05,59.09,61.89,1,0,22.11,22.58,60.05,0.9,1.89,130594,0,31.28,60.0,0.0,0,33534
2351723,60.07,60.06,59.09,61.89,1,0,22.11,22.58,60.06,0.9,1.89,130594,0,31.28,60.0,0.0,0,34034
2352232,60.15,60.07,59.09,61.89,1,0,21.85,22.58,60.07,0.9,1.89,130594,0,31.28,60.0,0.0,0,34534
2352741,60.15,60.11,59.09,61.89,1,0,21.85,22.61,60.11,0.9,1.89,130594,0,31.28,60.0,0.0,0,35034
2353250,60.14,60.12,59.09,61.89,1,0,21.96,22.6,60.12,0.9,1.89,130594,0,31.28,60.0,0.0,0,35534
2353759,60.14,60.13,59.09,61.89,1,0,21.96,22.6,60.13,0.9,1.89,130594,0,31.28,60.0,0.0,0,36034
2354268,60.14,60.13,59.09,61.89,1,0,21.96,22.6,60.13,0.9,1.89,130594,0,31.28,60.0,0.0,0,36534
2354777,60.14,60.13,59.09,61.89,1,0,21.96,22.6,60.13,0.9,1.89,130594,0,31.28,60.0,0.0,0,37034
2355286,60.14,60.13,59.09,61.89,1,0,21.96,22.6,60.13,0.9,1.89,130594,0,31.28,60.0,0.0,0,37534
2355795,60.21,60.13,59.09,61.89,1,0,21.35,22.6,60.13,0.9,1.89,130594,0,31.3,60.0,0.0,0,38034
2356304,60.26,60.17,59.09,61.89,1,0,21.85,22.64,60.17,0.9,1.89,130594,0,31.28,60.0,0.0,0,38534
2356813,60.26,60.22,59.09,61.89,1,0,21.85,22.64,60.22,0.9,1.89,130594,0,31.28,60.0,0.0,0,39035
2357322,60.28,60.24,59.09,61.89,1,0,21.16,22.64,60.24,0.9,1.89,130594,0,31.27,60.0,0.0,0,39535
2357831,60.28,60.26,59.09,61.89,1,0,21.16,22.63,60.26,0.9,1.89,130594,0,31.27,60.0,0.0,0,40035
2358340,60.28,60.27,59.09,61.89,1,0,21.16,22.63,60.27,0.9,1.89,130594,0,31.27,60.0,0.0,0,40535
2358849,60.28,60.28,59.09,61.89,1,0,21.16,22.63,60.28,0.9,1.89,130594,0,31.27,60.0,0.0,0,41035
2359358,60.4,60.28,59.09,61.89,1,0,20.79,22.63,60.28,0.9,1.89,130594,0,31.3,60.0,0.0,0,41535
2359867,60.42,60.34,59.09,61.89,1,0,20.71,22.69,60.34,0.9,1.89,130594,0,31.3,60.0,0.0,0,42035
2360376,60.42,60.38,59.09,61.89,1,0,20.71,22.69,60.38,0.9,1.89,130594,0,31.3,60.0,0.0,0,42535
2360885,60.47,60.4,59.09,61.89,1,0,20.75,22.69,60.4,0.9,1.89,130594,0,31.28,60.0,0.0,0,43035
2361394,60.47,60.44,59.09,61.89,1,0,20.75,22.69,60.44,0.9,1.89,130594,0,31.28,60.0,0.0,0,43535
2361903,60.5,60.46,59.09,61.89,1,0,20.19,22.69,60.46,0.9,1.89,130594,0,31.3,60.0,0.0,0,44035
2362412,60.5,60.48,59.09,61.89,1,0,20.19,22.71,60.48,0.9,1.89,130594,0,31.3,60.0,0.0,0,44537
2362921,60.54,60.51,59.09,61.89,1,0,20.43,22.72,60.51,0.9,1.89,130594,0,31.3,60.0,0.0,0,45038
2363430,60.6,60.52,59.09,61.89,1,0,20.45,22.72,60.52,0.9,1.89,130594,0,31.3,60.0,0.0,0,45538
2363939,60.6,60.56,59.09,61.89,1,0,20.45,22.74,60.56,0.9,1.89,130594,0,31.3,60.0,0.0,0,46038
2364448,60.62,60.59,59.09,61.89,1,0,20.19,22.73,60.59,0.9,1.89,130594,0,31.28,60.0,0.0,0,46538
2364957,60.65,60.61,59.09,61.89,1,0,19.93,22.73,60.61,0.9,1.89,130594,0,31.3,60.0,0.0,0,47038
2365466,60.65,60.63,59.09,61.89,1,0,19.93,22.76,60.63,0.9,1.89,130594,0,31.3,60.0,0.0,0,47538
2365976,60.72,60.64,59.09,61.89,1,0,20.02,22.76,60.64,0.9,1.89,130594,0,31.31,60.0,0.0,0,48038
2366485,60.72,60.68,59.09,61.89,1,0,19.93,22.79,60.68,0.9,1.89,130594,0,31.3,60.0,0.0,0,48538
2366994,60.72,60.7,59.09,61.89,1,0,19.93,22.78,60.7,0.9,1.89,130594,0,31.3,60.0,0.0,0,49038
2367503,60.8,60.71,59.09,61.89,1,0,19.72,22.78,60.71,0.9,1.89,130594,0,31.28,60.0,0.0,0,49538
2368012,60.79,60.76,59.09,61.89,1,0,19.65,22.78,60.76,0.9,1.89,130594,0,31.31,60.0,0.0,0,50038
2368521,60.79,60.78,59.09,61.89,1,0,19.65,22.81,60.78,0.9,1.89,130594,0,31.31,60.0,0.0,0,51045
2369030,60.79,60.79,59.09,61.89,1,0,19.65,22.81,60.79,0.9,1.89,130594,0,31.31,60.0,0.0,0,51545
2369539,60.83,60.81,59.09,61.89,1,0,19.59,22.8,60.81,0.9,1.89,130594,0,31.3,60.0,0.0,0,52045
2370048,60.83,60.82,59.09,61.89,1,0,19.59,22.8,60.82,0.9,1.89,130594,0,31.3,60.0,0.0,0,52545
2370557,60.83,60.82,59.09,61.89,1,0,19.59,22.8,60.82,0.9,1.89,130594,0,31.3,60.0,0.0,0,53045
2371078,60.93,60.82,59.09,61.89,1,0,18.96,22.8,60.82,0.9,1.89,130594,0,31.31,60.0,0.0,0,53545
2371587,60.93,60.87,59.09,61.89,1,0,18.96,22.84,60.87,0.9,1.89,130594,0,31.31,60.0,0.0,0,54045
2372096,60.96,60.92,59.09,61.89,1,0,19.16,22.84,60.92,0.9,1.89,130594,0,31.3,60.0,0.0,0,54545
2372605,60.99,60.94,59.09,61.89,1,0,18.9,22.84,60.94,0.9,1.89,130594,0,31.28,60.0,0.0,0,55045
2373114,60.99,60.96,59.09,61.89,1,0,18.9,22.83,60.96,0.9,1.89,130594,0,31.28,60.0,0.0,0,55545
2373623,61.01,60.99,59.09,61.89,1,0,18.98,22.85,60.99,0.9,1.89,130594,0,31.3,60.0,0.0,0,56045
2374132,61.01,61.0,59.09,61.89,1,0,18.98,22.85,61.0,0.9,1.89,130594,0,31.3,60.0,0.0,0,56545
2374641,60.99,61.0,59.09,61.89,1,0,18.98,22.86,61.0,0.9,1.89,130594,0,31.31,60.0,0.0,0,57045
2375150,60.99,60.99,59.09,61.89,1,0,18.98,22.86,61.0,0.9,1.89,130594,0,31.31,60.0,0.0,0,57545
2375659,61.05,61.02,59.09,61.89,1,1,18.7,22.86,61.02,0.9,1.89,130594,0,31.3,60.0,0.0,1,58061
2376168,61.05,61.04,59.09,61.89,1,1,18.7,22.86,61.04,0.9,1.89,130594,0,31.3,60.0,0.0,1,58561
2376677,61.05,61.04,59.09,61.89,1,1,18.7,22.86,61.04,0.9,1.89,130594,0,31.3,60.0,0.0,1,59061
2377186,61.09,61.06,59.09,61.89,1,1,19.2,22.87,61.06,0.9,1.89,130594,0,31.3,60.0,0.0,1,59561
2377695,61.09,61.08,59.09,61.89,1,1,19.2,22.87,61.08,0.9,1.89,130594,0,31.3,60.0,0.0,1,60061
2378204,61.09,61.08,59.09,61.89,1,1,19.2,22.87,61.08,0.9,1.89,130594,0,31.3,60.0,0.0,1,60561
2378713,61.09,61.08,59.09,61.89,1,1,19.56,22.87,61.08,0.9,1.89,130594,0,31.28,60.0,0.0,1,61061
2379222,61.09,61.09,59.09,61.89,1,1,19.56,22.86,61.09,0.9,1.89,130594,0,31.28,60.0,0.0,1,61561
2379731,61.09,61.09,59.09,61.89,1,1,18.98,22.87,61.09,0.9,1.89,130594,0,31.3,60.0,0.0,1,62061
2380246,60.8,61.09,59.09,61.89,1,1,19.59,22.87,61.09,0.9,1.89,130594,0,31.28,60.0,0.0,1,62564
2380755,60.8,60.94,59.09,61.89,1,1,19.59,22.78,61.09,0.9,1.89,130594,0,31.28,60.0,0.14,1,63064
2381264,60.55,60.74,59.09,61.89,0,1,19.48,22.7,61.09,0.9,1.89,63564,0,31.27,60.0,0.34,1,0
2381773,60.55,60.64,59.06,61.89,0,1,19.48,22.7,60.64,0.93,1.89,63564,0,31.27,60.0,0.0,1,500
2382282,60.55,60.6,59.06,61.89,0,1,19.48,22.7,60.6,0.93,1.89,63564,0,31.27,60.0,0.0,1,1000
2382804,59.41,60.57,59.06,61.89,0,1,19.65,22.7,60.57,0.93,1.89,63564,0,31.23,60.0,0.0,1,1500
2383313,59.41,59.99,59.06,61.89,0,0,19.65,22.35,59.99,0.93,1.89,63564,0,31.23,60.0,0.0,1,2000
2383822,58.99,59.7,59.06,61.89,0,0,19.39,22.35,59.7,0.93,1.89,63564,0,31.24,60.0,0.0,1,2500
2384331,58.99,59.34,59.06,61.89,0,0,19.39,22.24,59.34,0.93,1.89,63564,0,31.24,60.0,0.0,1,3000
2384840,58.99,59.17,59.06,61.89,0,0,19.39,22.24,59.17,0.93,1.89,63564,0,31.24,60.0,0.0,1,3500
2385349,58.99,59.08,59.06,61.89,0,0,19.39,22.24,59.08,0.93,1.89,63564,0,31.24,60.0,0.0,1,4000
2385858,58.99,59.03,59.06,61.89,0,0,19.39,22.24,59.03,0.93,1.89,63564,0,31.24,60.0,0.0,1,4502
2386367,58.99,59.01,59.06,61.89,0,0,19.39,22.24,59.01,0.93,1.89,63564,0,31.24,60.0,0.0,1,5002
2386876,58.99,59.0,59.06,61.89,0,0,19.39,22.24,59.0,0.93,1.89,63564,0,31.24,60.0,0.0,1,5502
2387385,57.65,58.33,59.06,61.89,0,0,19.22,21.82,58.33,0.93,1.89,63564,0,31.18,60.0,0.0,1,6002
2387894,57.49,57.99,59.06,61.89,0,0,18.94,21.82,57.99,0.93,1.89,63564,0,31.17,60.0,0.0,1,6502
2388402,57.41,57.74,59.06,61.89,0,0,18.83,21.76,57.74,0.93,1.89,63564,0,31.18,60.0,0.0,1,7002
2388910,57.41,57.58,59.06,61.89,0,0,18.83,21.75,57.58,0.93,1.89,63564,0,31.18,60.0,0.0,1,7502
2389419,57.34,57.46,59.06,61.89,0,0,18.9,21.74,57.46,0.93,1.89,63564,0,31.2,60.0,0.0,1,8002
2389928,57.35,57.4,59.06,61.89,0,0,18.9,21.74,57.4,0.93,1.89,63564,0,31.17,60.0,0.0,1,8502
2390437,57.35,57.38,59.06,61.89,0,0,18.9,21.72,57.38,0.93,1.89,63564,0,31.17,60.0,0.0,1,9002
2390946,57.34,57.36,59.06,61.89,0,0,18.81,21.72,57.36,0.93,1.89,63564,0,31.18,60.0,0.0,1,9502
2391455,57.31,57.35,59.06,61.89,0,0,18.98,21.73,57.35,0.93,1.89,63564,0,31.18,60.0,0.0,1,10002
2391965,57.31,57.33,59.06,61.89,0,0,18.98,21.72,57.33,0.93,1.89,63564,0,31.18,60.0,0.0,1,10502
2392475,57.33,57.32,59.06,61.89,0,0,18.98,21.72,57.32,0.93,1.89,63564,0,31.18,60.0,0.0,1,11002
2392984,57.26,57.33,59.06,61.89,0,0,19.28,21.72,57.32,0.93,1.89,63564,0,31.16,60.0,0.0,1,11502
2393493,57.24,57.29,59.06,61.89,0,0,19.09,21.68,57.29,0.93,1.89,63564,0,31.17,60.0,0.0,1,12002
2394002,57.24,57.26,59.06,61.89,0,0,19.09,21.69,57.26,0.93,1.89,63564,0,31.17,60.0,0.0,1,12502
2394511,57.19,57.25,59.06,61.89,0,0,18.88,21.69,57.25,0.93,1.89,63564,0,31.17,60.0,0.0,1,13002
2395020,57.19,57.22,59.06,61.89,0,0,18.88,21.67,57.22,0.93,1.89,63564,0,31.17,60.0,0.0,1,13502
2395529,57.12,57.2,59.06,61.89,0,0,19.11,21.67,57.2,0.93,1.89,63564,0,31.16,60.0,0.0,1,14002
2396038,57.15,57.16,59.06,61.89,0,0,19.22,21.64,57.16,0.93,1.89,63564,0,31.16,60.0,0.0,1,14502
2396547,57.15,57.15,59.06,61.89,0,0,19.22,21.65,57.15,0.93,1.89,63564,0,31.16,60.0,0.0,1,15011
2397056,57.16,57.15,59.06,61.89,0,0,19.35,21.65,57.15,0.93,1.89,63564,0,31.17,60.0,0.0,1,15516
2397565,57.16,57.16,59.06,61.89,0,0,19.35,21.67,57.15,0.93,1.89,63564,0,31.17,60.0,0.0,1,16525
2398074,57.1,57.13,59.06,61.89,0,0,19.59,21.63,57.13,0.93,1.89,63564,0,31.16,60.0,0.0,1,17025
2398583,57.1,57.11,59.06,61.89,0,0,19.59,21.63,57.11,0.93,1.89,63564,0,31.16,60.0,0.0,1,17525
2399092,57.1,57.1,59.06,61.89,0,0,19.59,21.63,57.1,0.93,1.89,63564,0,31.16,60.0,0.0,1,18025
2399601,57.15,57.13,59.06,61.89,0,0,19.56,21.67,57.1,0.93,1.89,63564,0,31.18,60.0,0.02,1,18525
2400110,57.15,57.14,59.06,61.89,0,0,19.56,21.67,57.1,0.93,1.89,63564,0,31.18,60.0,0.03,1,19026
2400619,57.14,57.14,59.06,61.89,0,0,19.67,21.67,57.1,0.93,1.89,63564,0,31.18,60.0,0.03,1,19526
2401128,57.19,57.16,59.06,61.89,0,0,19.61,21.69,57.1,0.93,1.89,63564,0,31.18,60.0,0.06,1,20027
2401637,57.19,57.18,59.06,61.89,0,0,19.61,21.69,57.1,0.93,1.89,63564,0,31.18,60.0,0.07,1,20527
2402146,57.19,57.18,59.06,61.89,0,0,19.61,21.69,57.1,0.93,1.89,63564,0,31.18,60.0,0.08,1,21027
2402655,57.2,57.19,59.06,61.89,0,0,19.8,21.68,57.1,0.93,1.89,63564,0,31.17,60.0,0.08,1,21527
2403164,57.25,57.22,59.06,61.89,0,0,19.78,21.7,57.1,0.93,1.89,63564,0,31.18,60.0,0.11,1,22027
2403673,57.22,57.24,59.06,61.89,0,0,20.08,21.7,57.1,0.93,1.89,63564,0,31.17,60.0,0.13,1,22527
2404182,57.22,57.23,59.06,61.89,0,0,20.08,21.68,57.1,0.93,1.89,63564,0,31.17,60.0,0.12,1,23027
2404691,57.22,57.23,59.06,61.89,0,0,20.08,21.68,57.1,0.93,1.89,63564,0,31.17,60.0,0.12,1,23527
2405200,57.24,57.23,59.06,61.89,0,0,20.08,21.69,57.1,0.93,1.89,63564,0,31.17,60.0,0.12,1,24027
2405709,57.24,57.23,59.06,61.89,0,0,20.08,21.69,57.1,0.93,1.89,63564,0,31.17,60.0,0.13,1,24527
2406218,57.3,57.27,59.06,61.89,0,0,20.36,21.73,57.1,0.93,1.89,63564,1,31.2,60.0,0.16,1,25027
2406727,57.3,57.29,59.06,61.89,0,0,20.28,21.72,57.1,0.93,1.89,63564,1,31.18,60.0,0.18,1,25527
2407236,57.3,57.29,59.06,61.89,0,0,20.28,21.72,57.1,0.93,1.89,63564,1,31.18,60.0,0.18,1,26027
2407745,57.34,57.32,59.06,61.89,0,0,20.36,21.73,57.1,0.93,1.89,63564,1,31.18,60.0,0.21,1,26527
2408254,57.35,57.33,59.06,61.89,0,0,20.43,21.74,57.1,0.93,1.89,63564,1,31.2,60.0,0.23,1,27027
2408763,57.35,57.34,59.06,61.89,0,0,20.43,21.74,57.1,0.93,1.89,63564,1,31.2,60.0,0.23,1,27530
2409272,57.35,57.35,59.06,61.89,0,0,20.43,21.74,57.1,0.93,1.89,63564,1,31.2,60.0,0.24,1,28030
2409781,57.39,57.37,59.06,61.89,0,0,20.71,21.77,57.1,0.93,1.89,63564,1,31.21,60.0,0.26,1,28530
2410290,57.39,57.38,59.06,61.89,0,0,20.71,21.77,57.1,0.93,1.89,63564,1,31.21,60.0,0.27,1,29030
2410799,57.39,57.39,59.06,61.89,0,0,20.71,21.77,57.1,0.93,1.89,63564,1,31.21,60.0,0.28,1,29530
2411308,57.47,57.43,59.06,61.89,0,0,20.71,21.76,57.1,0.93,1.89,63564,1,31.18,60.0,0.32,1,30030
2411817,57.47,57.45,59.06,61.89,0,0,20.71,21.76,57.1,0.93,1.89,63564,1,31.18,60.0,0.34,1,30530
2412326,57.51,57.48,59.06,61.89,0,0,20.9,21.76,57.1,0.93,1.89,63564,1,31.17,60.0,0.37,1,31030
2412835,57.47,57.5,59.06,61.89,0,0,20.92,21.76,57.1,0.93,1.89,63564,1,31.18,60.0,0.39,1,31530
2413344,57.47,57.48,59.06,61.89,0,0,20.92,21.76,57.1,0.93,1.89,63564,1,31.18,60.0,0.37,1,32030
2413853,57.49,57.48,59.06,61.89,0,0,21.38,21.77,57.1,0.93,1.89,63564,1,31.18,60.0,0.38,1,32530
2414362,57.49,57.49,59.06,61.89,0,0,21.38,21.77,57.1,0.93,1.89,63564,1,31.18,60.0,0.38,1,33030
2414871,57.49,57.49,59.06,61.89,0,0,21.2,21.78,57.1,0.93,1.89,63564,1,31.2,60.0,0.38,1,33530
2415380,57.49,57.49,59.06,61.89,0,0,21.2,21.78,57.1,0.93,1.89,63564,1,31.2,60.0,0.38,1,34030
2415889,57.49,57.49,59.06,61.89,0,0,21.2,21.78,57.1,0.93,1.89,63564,1,31.2,60.0,0.38,1,34530
2416398,57.54,57.52,59.06,61.89,0,0,21.18,21.79,57.1,0.93,1.89,63564,1,31.18,60.0,0.41,1,35030
2416907,57.54,57.53,59.06,61.89,0,0,21.18,21.79,57.1,0.93,1.89,63564,1,31.18,60.0,0.42,1,35530
2417416,57.57,57.55,59.06,61.89,0,0,21.16,21.82,57.1,0.93,1.89,63564,1,31.21,60.0,0.44,1,36030
2417925,57.6,57.57,59.06,61.89,0,0,21.51,21.84,57.1,0.93,1.89,63564,1,31.23,60.0,0.46,1,36530
2418434,57.59,57.59,59.06,61.89,0,0,21.38,21.84,57.1,0.93,1.89,63564,1,31.2,60.0,0.48,1,37030
2418943,57.59,57.59,59.06,61.89,0,0,21.38,21.81,57.1,0.93,1.89,63564,1,31.2,60.0,0.48,1,37530
2419452,57.59,57.59,59.06,61.89,0,0,21.38,21.81,57.1,0.93,1.89,63564,1,31.2,60.0,0.48,1,38030
2419961,57.63,57.59,59.06,61.89,0,0,21.55,21.81,57.1,0.93,1.89,63564,1,31.2,60.0,0.48,1,38530
2420470,57.63,57.61,59.06,61.89,0,0,21.55,21.82,57.1,0.93,1.89,63564,1,31.2,60.0,0.5,1,39030
2420992,57.63,57.62,59.06,61.89,0,0,21.64,21.82,57.1,0.93,1.89,63564,1,31.21,60.0,0.51,1,39530
2421501,57.63,57.63,59.06,61.89,0,0,21.64,21.84,57.1,0.93,1.89,63564,1,31.21,60.0,0.52,1,40030
2422010,57.7,57.63,59.06,61.89,0,0,22.03,21.84,57.1,0.93,1.89,63564,1,31.2,60.0,0.52,1,40530
2422519,57.65,57.67,59.06,61.89,0,0,21.79,21.84,57.1,0.93,1.89,63564,1,31.23,60.0,0.56,1,41030
2423028,57.65,57.66,59.06,61.89,0,0,21.79,21.85,57.1,0.93,1.89,63564,1,31.23,60.0,0.55,1,41530
2423537,57.67,57.65,59.06,61.89,0,0,21.94,21.85,57.1,0.93,1.89,63564,1,31.2,60.0,0.54,1,42031
2424046,57.67,57.66,59.06,61.89,0,0,21.94,21.83,57.1,0.93,1.89,63564,1,31.2,60.0,0.55,1,42531
2424555,57.66,57.66,59.06,61.89,0,0,21.94,21.83,57.1,0.93,1.89,63564,1,31.18,60.0,0.55,1,43031
2425064,57.68,57.66,59.06,61.89,0,0,21.96,21.82,57.1,0.93,1.89,63564,1,31.21,60.0,0.55,1,43531
2425573,57.71,57.67,59.06,61.89,0,0,22.2,21.85,57.1,0.93,1.89,63564,1,31.21,60.0,0.56,1,44037
2426082,57.71,57.69,59.06,61.89,0,0,22.2,21.86,57.1,0.93,1.89,63564,1,31.21,60.0,0.58,1,44546
2426591,57.7,57.7,59.06,61.89,0,0,22.09,21.85,57.1,0.93,1.89,63564,1,31.21,60.0,0.59,1,45551
2427100,57.7,57.7,59.06,61.89,0,0,22.09,21.85,57.1,0.93,1.89,63564,1,31.21,60.0,0.59,1,46051
2427609,57.7,57.7,59.06,61.89,0,0,22.09,21.85,57.1,0.93,1.89,63564,1,31.21,60.0,0.59,1,46551
2428118,57.7,57.7,59.06,61.89,0,0,22.09,21.85,57.1,0.93,1.89,63564,1,31.21,60.0,0.59,1,47051
2428627,57.7,57.7,59.06,61.89,0,0,22.09,21.85,57.1,0.93,1.89,63564,1,31.21,60.0,0.59,1,47551
2429136,57.73,57.71,59.06,61.89,0,0,22.29,21.85,57.1,0.93,1.89,63564,1,31.2,60.0,0.6,1,48051
2429645,57.77,57.74,59.06,61.89,0,0,22.35,21.89,57.1,0.93,1.89,63564,1,31.23,60.0,0.63,1,48551
2430154,57.77,57.76,59.06,61.89,0,0,22.35,21.89,57.1,0.93,1.89,63564,1,31.23,60.0,0.65,1,49051
2430665,57.77,57.76,59.06,61.89,0,0,22.35,21.89,57.1,0.93,1.89,63564,1,31.23,60.0,0.66,1,49551
2431175,57.76,57.77,59.06,61.89,0,0,22.52,21.89,57.1,0.93,1.89,63564,1,31.18,60.0,0.66,1,50051
2431684,57.76,57.77,59.06,61.89,0,0,22.52,21.85,57.1,0.93,1.89,63564,1,31.18,60.0,0.66,1,50551
2432193,57.8,57.77,59.06,61.89,0,0,22.68,21.85,57.1,0.93,1.89,63564,1,31.23,60.0,0.66,1,51051
2432702,57.8,57.78,59.06,61.89,0,0,22.68,21.9,57.1,0.93,1.89,63564,1,31.23,60.0,0.67,1,51551
2433211,57.81,57.8,59.06,61.89,0,0,22.83,21.9,57.1,0.93,1.89,63564,1,31.23,60.0,0.69,1,52051
2433720,57.81,57.8,59.06,61.89,0,0,22.83,21.9,57.1,0.93,1.89,63564,1,31.23,60.0,0.69,1,52551
2434229,57.81,57.81,59.06,61.89,0,0,22.83,21.9,57.1,0.93,1.89,63564,1,31.23,60.0,0.7,1,53051
2434738,57.81,57.81,59.06,61.89,0,0,22.83,21.9,57.1,0.93,1.89,63564,1,31.23,60.0,0.7,1,53551
2435247,57.81,57.81,59.06,61.89,0,0,22.83,21.9,57.1,0.93,1.89,63564,1,31.23,60.0,0.7,1,54051
2435756,57.86,57.83,59.06,61.89,0,0,22.85,21.92,57.1,0.93,1.89,63564,1,31.23,60.0,0.73,1,54551
2436265,57.83,57.83,59.06,61.89,0,0,23.0,21.89,57.1,0.93,1.89,63564,1,31.21,60.0,0.72,1,55051
2436774,57.83,57.83,59.06,61.89,0,0,23.0,21.89,57.1,0.93,1.89,63564,1,31.21,60.0,0.72,1,55551
2437283,57.83,57.83,59.06,61.89,0,0,23.0,21.89,57.1,0.93,1.89,63564,1,31.21,60.0,0.72,1,56051
2437792,57.85,57.84,59.06,61.89,0,0,22.98,21.9,57.1,0.93,1.89,63564,1,31.21,60.0,0.73,1,56551
2438301,57.82,57.83,59.06,61.89,0,0,23.02,21.91,57.1,0.93,1.89,63564,1,31.23,60.0,0.72,1,57051
2438810,57.82,57.83,59.06,61.89,0,0,23.02,21.91,57.1,0.93,1.89,63564,1,31.23,60.0,0.72,1,57551
2439319,57.85,57.82,59.06,61.89,0,0,23.24,21.91,57.1,0.93,1.89,63564,1,31.24,60.0,0.72,1,58051
2439828,57.89,57.84,59.06,61.89,0,0,23.13,21.93,57.1,0.93,1.89,63564,1,31.23,60.0,0.73,1,58551
2440337,57.89,57.86,59.06,61.89,0,0,23.13,21.92,57.1,0.93,1.89,63564,1,31.23,60.0,0.75,1,59051
2440846,57.85,57.87,59.06,61.89,0,0,23.2,21.92,57.1,0.93,1.89,63564,1,31.24,60.0,0.77,1,59551
2441355,57.85,57.86,59.06,61.89,0,0,23.2,21.93,57.1,0.93,1.89,63564,1,31.24,60.0,0.75,1,60051
2441864,57.86,57.86,59.06,61.89,0,0,23.24,21.93,57.1,0.93,1.89,63564,1,31.21,60.0,0.75,1,60551
2442373,57.86,57.86,59.06,61.89,0,0,23.24,21.9,57.1,0.93,1.89,63564,1,31.21,60.0,0.75,1,61051
2442882,57.86,57.86,59.06,61.89,0,0,23.24,21.9,57.1,0.93,1.89,63564,1,31.21,60.0,0.75,1,61551
2443391,57.87,57.86,59.06,61.89,0,0,23.37,21.92,57.1,0.93,1.89,63564,1,31.23,60.0,0.76,1,62051
2443900,57.87,57.87,59.06,61.89,0,0,23.37,21.92,57.1,0.93,1.89,63564,1,31.23,60.0,0.76,1,62551
2444409,57.87,57.87,59.06,61.89,0,0,23.37,21.92,57.1,0.93,1.89,63564,1,31.23,60.0,0.76,1,63051
2444918,57.91,57.89,59.06,61.89,0,0,23.46,21.93,57.1,0.93,1.89,63564,1,31.23,60.0,0.78,1,63551
2445427,57.94,57.9,59.06,61.89,0,0,23.28,21.93,57.1,0.93,1.89,63564,1,31.24,60.0,0.79,1,64051
2445936,57.91,57.92,59.06,61.89,0,0,23.65,21.95,57.1,0.93,1.89,63564,1,31.23,60.0,0.81,1,64551
2446445,57.91,57.91,59.06,61.89,0,0,23.65,21.93,57.1,0.93,1.89,63564,1,31.23,60.0,0.81,1,65051
2446954,57.91,57.91,59.06,61.89,0,0,23.72,21.93,57.1,0.93,1.89,63564,1,31.23,60.0,0.8,1,65551
2447463,57.9,57.91,59.06,61.89,0,0,23.87,21.93,57.1,0.93,1.89,63564,1,31.23,60.0,0.8,1,66051
2447972,57.9,57.9,59.06,61.89,0,0,23.87,21.93,57.1,0.93,1.89,63564,1,31.23,60.0,0.8,1,66551
2448481,57.9,57.9,59.06,61.89,0,0,23.87,21.93,57.1,0.93,1.89,63564,1,31.23,60.0,0.79,1,67051
2448995,57.9,57.9,59.06,61.89,0,0,22.96,21.93,57.1,0.93,1.89,63564,1,31.23,60.0,0.79,1,67551
2449504,57.9,57.9,59.06,61.89,0,0,22.96,21.93,57.1,0.93,1.89,63564,1,31.23,60.0,0.79,1,68051
2450013,57.93,57.91,59.06,61.89,0,0,23.13,21.96,57.1,0.93,1.89,63564,1,31.25,60.0,0.8,1,68562
2450522,57.93,57.92,59.06,61.89,0,0,23.92,21.96,57.1,0.93,1.89,63564,1,31.23,60.0,0.81,1,69062
2451031,57.93,57.93,59.06,61.89,0,0,23.92,21.94,57.1,0.93,1.89,63564,1,31.23,60.0,0.82,1,69562
2451540,57.97,57.93,59.06,61.89,0,0,23.96,21.94,57.1,0.93,1.89,63564,1,31.24,60.0,0.82,1,70062
2452049,57.97,57.95,59.06,61.89,0,0,23.96,21.96,57.1,0.93,1.89,63564,1,31.24,60.0,0.84,1,70562
2452558,57.95,57.96,59.06,61.89,0,0,24.07,21.96,57.1,0.93,1.89,63564,1,31.23,60.0,0.85,1,71062
2453067,57.95,57.95,59.06,61.89,0,0,24.07,21.94,57.1,0.93,1.89,63564,1,31.23,60.0,0.85,1,71562
2453576,58.0,57.95,59.06,61.89,0,0,24.0,21.94,57.1,0.93,1.89,63564,1,31.24,60.0,0.84,1,72062
2454085,58.0,57.98,59.06,61.89,0,0,24.0,21.97,57.1,0.93,1.89,63564,1,31.24,60.0,0.87,1,72562
2454594,57.95,57.99,59.06,61.89,0,0,24.22,21.97,57.1,0.93,1.89,63564,1,31.25,60.0,0.88,1,73062
2455103,57.96,57.97,59.06,61.89,0,0,24.07,21.96,57.1,0.93,1.89,63564,1,31.24,60.0,0.86,1,74063
2455612,57.96,57.96,59.06,61.89,0,0,24.07,21.96,57.1,0.93,1.89,63564,1,31.24,60.0,0.85,1,74563
2456121,57.95,57.96,59.06,61.89,0,0,24.22,21.96,57.1,0.93,1.89,63564,1,31.24,60.0,0.85,1,75063
2456630,57.95,57.96,59.06,61.89,0,0,24.22,21.95,57.1,0.93,1.89,63564,1,31.24,60.0,0.85,1,75563
2457139,58.01,57.98,59.06,61.89,0,0,24.22,21.94,57.1,0.93,1.89,63564,1,31.21,60.0,0.87,1,76063
2457648,57.99,57.98,59.06,61.89,0,0,24.2,21.96,57.1,0.93,1.89,63564,1,31.24,60.0,0.88,1,76576
2458157,57.99,57.99,59.06,61.89,0,0,24.2,21.96,57.1,0.93,1.89,63564,1,31.24,60.0,0.88,1,77076
2458666,58.02,58.01,59.06,61.89,0,0,24.4,21.96,57.1,0.93,1.89,63564,1,31.23,60.0,0.9,1,77576
2459175,58.0,58.0,59.06,61.89,0,0,24.4,21.95,57.1,0.93,1.89,63564,1,31.23,60.0,0.89,1,78076
2459684,58.0,58.0,59.06,61.89,0,0,24.64,21.98,57.1,0.93,1.89,63564,1,31.25,60.0,0.89,1,78576
2460193,58.01,58.01,59.06,61.89,0,0,24.42,21.97,57.1,0.93,1.89,63564,1,31.24,60.0,0.9,1,79076
2460703,58.03,58.01,59.06,61.89,0,0,24.46,21.97,57.1,0.93,1.89,63564,1,31.24,60.0,0.9,1,79576
2461212,58.03,58.02,59.06,61.89,0,0,24.46,21.97,57.1,0.93,1.89,63564,1,31.24,60.0,0.91,1,80076
2461721,58.03,58.02,59.06,61.89,0,0,24.46,21.97,57.1,0.93,1.89,63564,1,31.24,60.0,0.91,1,80576
2462230,58.03,58.02,59.06,61.89,0,0,24.46,21.97,57.1,0.93,1.89,63564,1,31.24,60.0,0.91,1,81076
2462739,58.02,58.02,59.06,61.89,0,0,24.68,21.96,57.1,0.93,1.89,63564,1,31.23,60.0,0.91,1,81576
2463248,58.03,58.02,59.06,61.89,0,0,24.57,21.96,57.1,0.93,1.89,63564,1,31.23,60.0,0.91,1,82076
2463757,58.03,58.03,59.06,61.89,0,0,24.57,21.97,57.1,0.93,1.89,63564,1,31.23,60.0,0.92,1,82576
2464266,58.03,58.03,59.06,61.89,0,0,24.66,21.97,57.1,0.93,1.89,63564,1,31.24,60.0,0.92,1,83076
2464775,58.03,58.03,59.06,61.89,0,0,24.66,21.97,57.1,0.93,1.89,63564,1,31.24,60.0,0.92,1,83576
2465284,58.03,58.03,59.06,61.89,0,0,24.55,21.97,57.1,0.93,1.89,63564,1,31.24,60.0,0.92,1,84076
2465793,58.03,58.03,59.06,61.89,0,0,24.79,21.97,57.1,0.93,1.89,63564,1,31.24,60.0,0.92,1,84576
2466302,58.04,58.03,59.06,61.89,0,0,24.81,21.97,57.1,0.93,1.89,63564,1,31.24,60.0,0.92,1,85076
2466811,58.04,58.03,59.06,61.89,0,0,24.81,21.98,57.1,0.93,1.89,63564,1,31.24,60.0,0.92,1,85576
2467320,58.06,58.03,59.06,61.89,0,0,24.77,21.98,57.1,0.93,1.89,63564,1,31.24,60.0,0.93,1,86076
2467829,58.06,58.05,59.06,61.89,0,0,24.77,21.99,57.1,0.93,1.89,63564,1,31.24,60.0,0.94,1,86576
2468338,58.03,58.04,59.06,61.89,0,0,24.97,21.97,57.1,0.93,1.89,63564,1,31.24,60.0,0.93,1,87076
2468847,58.07,58.05,59.06,61.89,0,0,24.81,22.01,57.1,0.93,1.89,63564,1,31.27,60.0,0.94,1,87581
2469356,58.07,58.06,59.06,61.89,0,0,24.81,22.01,57.1,0.93,1.89,63564,1,31.27,60.0,0.95,1,88081
2469865,58.09,58.07,59.06,61.89,0,0,25.03,22.01,57.1,0.93,1.89,63564,1,31.25,60.0,0.97,1,88581
2470374,58.07,58.08,59.06,61.89,0,0,24.97,22.01,57.1,0.93,1.89,63564,1,31.24,60.0,0.97,1,89081
2470884,58.07,58.08,59.06,61.89,0,0,24.97,21.99,57.1,0.93,1.89,63564,1,31.24,60.0,0.97,1,89581
2471394,58.07,58.08,59.06,61.89,0,0,25.12,21.99,57.1,0.93,1.89,63564,1,31.23,60.0,0.97,1,90081
2471903,58.07,58.07,59.06,61.89,0,0,25.12,21.98,57.1,0.93,1.89,63564,1,31.23,60.0,0.96,1,90581
2472412,58.07,58.07,59.06,61.89,0,0,25.12,21.98,57.1,0.93,1.89,63564,1,31.23,60.0,0.96,1,91081
2472921,58.07,58.07,59.06,61.89,0,0,25.12,21.98,57.1,0.93,1.89,63564,1,31.23,60.0,0.96,1,91581
2473430,58.12,58.07,59.06,61.89,0,0,25.39,21.98,57.1,0.93,1.89,63564,1,31.24,60.0,0.96,1,92081
2473939,58.12,58.1,59.06,61.89,0,0,25.39,22.0,57.1,0.93,1.89,63564,1,31.24,60.0,0.99,1,92581
2474448,58.09,58.09,59.06,61.89,0,0,25.61,22.01,57.1,0.93,1.89,63564,1,31.25,60.0,0.98,1,93081
2474957,58.09,58.09,59.06,61.89,0,0,25.61,22.01,57.1,0.93,1.89,63564,1,31.25,60.0,0.98,1,93581
2475466,58.15,58.12,59.06,61.89,0,0,25.34,22.02,57.1,0.93,1.89,63564,1,31.25,60.0,1.01,1,94081
2475975,58.15,58.14,59.06,61.89,0,0,25.34,22.02,57.1,0.93,1.89,63564,1,31.25,60.0,1.03,1,94581
2476484,58.15,58.14,59.06,61.89,0,0,25.34,22.02,57.1,0.93,1.89,63564,1,31.25,60.0,1.04,1,95081
2476993,58.16,58.15,59.06,61.89,0,0,25.47,22.02,57.1,0.93,1.89,63564,1,31.24,60.0,1.04,1,95581
2477502,58.16,58.15,59.06,61.89,0,0,25.47,22.01,57.1,0.93,1.89,63564,1,31.24,60.0,1.05,1,96081
2478011,58.15,58.16,59.06,61.89,0,0,25.36,22.01,57.1,0.93,1.89,63564,1,31.24,60.0,1.05,1,96581
2478520,58.15,58.15,59.06,61.89,0,0,25.36,22.01,57.1,0.93,1.89,63564,1,31.24,60.0,1.04,1,97081
2479029,58.14,58.15,59.06,61.89,0,0,25.41,22.01,57.1,0.93,1.89,63564,1,31.24,60.0,1.04,1,97581
2479538,58.16,58.14,59.06,61.89,0,0,25.65,22.01,57.1,0.93,1.89,63564,1,31.24,60.0,1.03,1,98081
2480047,58.16,58.15,59.06,61.89,0,0,25.65,22.01,57.1,0.93,1.89,63564,1,31.24,60.0,1.04,1,98581
2480556,58.2,58.16,59.06,61.89,0,0,25.34,22.01,57.1,0.93,1.89,63564,1,31.24,60.0,1.05,1,99081
2481065,58.2,58.18,59.06,61.89,0,0,25.34,22.02,57.1,0.93,1.89,63564,1,31.24,60.0,1.07,1,99581
2481574,58.2,58.19,59.06,61.89,0,0,25.34,22.02,57.1,0.93,1.89,63564,1,31.24,60.0,1.08,1,100081
2482083,58.22,58.2,59.06,61.89,0,0,25.45,22.04,57.1,0.93,1.89,63564,1,31.25,60.0,1.09,1,100581
2482592,58.2,58.21,59.06,61.89,0,0,25.63,22.04,57.1,0.93,1.89,63564,1,31.25,60.0,1.1,1,101081
2483101,58.24,58.21,59.06,61.89,0,0,25.7,22.04,57.1,0.93,1.89,63564,1,31.27,60.0,1.1,1,101581
2483610,58.23,58.22,59.06,61.89,0,0,25.83,22.06,57.1,0.93,1.89,63564,1,31.27,60.0,1.11,1,102081
2484120,58.23,58.23,59.06,61.89,0,0,25.83,22.06,57.1,0.93,1.89,63564,1,31.27,60.0,1.12,1,102584
2484629,58.25,58.24,59.06,61.89,0,0,25.67,22.05,57.1,0.93,1.89,63564,1,31.25,60.0,1.13,1,103589
2485138,58.25,58.25,59.06,61.89,0,0,25.67,22.05,57.1,0.93,1.89,63564,1,31.25,60.0,1.14,1,104089
2485647,58.26,58.25,59.06,61.89,0,0,25.85,22.05,57.1,0.93,1.89,63564,1,31.25,60.0,1.15,1,104589
2486156,58.32,58.29,59.06,61.89,0,0,25.81,22.07,57.1,0.93,1.89,63564,1,31.25,60.0,1.18,1,105089
2486665,58.32,58.3,59.06,61.89,0,0,25.81,22.07,57.1,0.93,1.89,63564,1,31.25,60.0,1.19,1,105589
2487174,58.32,58.31,59.06,61.89,0,0,25.81,22.07,57.1,0.93,1.89,63564,1,31.25,60.0,1.2,1,106089
2487683,58.31,58.31,59.06,61.89,0,0,25.83,22.06,57.1,0.93,1.89,63564,1,31.24,60.0,1.2,1,106589
2488192,58.3,58.31,59.06,61.89,0,0,25.47,22.07,57.1,0.93,1.89,63564,1,31.25,60.0,1.2,1,107089
2488701,58.3,58.3,59.06,61.89,0,0,25.47,22.07,57.1,0.93,1.89,63564,1,31.25,60.0,1.2,1,107589
2489210,58.35,58.33,59.06,61.89,0,0,25.83,22.09,57.1,0.93,1.89,63564,1,31.27,60.0,1.22,1,108103
2489719,58.35,58.34,59.06,61.89,0,0,25.83,22.09,57.1,0.93,1.89,63564,1,31.27,60.0,1.23,1,108603
2490228,58.35,58.35,59.06,61.89,0,0,25.83,22.09,57.1,0.93,1.89,63564,1,31.27,60.0,1.24,1,109103
2490737,58.36,58.36,59.06,61.89,0,0,25.87,22.08,57.1,0.93,1.89,63564,1,31.25,60.0,1.25,1,109603
2491246,58.4,58.36,59.06,61.89,0,0,26.03,22.08,57.1,0.93,1.89,63564,1,31.24,60.0,1.25,1,110103
2491755,58.4,58.38,59.06,61.89,0,0,26.03,22.08,57.1,0.93,1.89,63564,1,31.24,60.0,1.27,1,110603
2492264,58.37,58.37,59.06,61.89,0,0,26.23,22.1,57.1,0.93,1.89,63564,1,31.27,60.0,1.26,1,111103
2492773,58.39,58.37,59.06,61.89,0,0,26.09,22.1,57.1,0.93,1.89,63564,1,31.25,60.0,1.26,1,111603
2493284,58.39,58.38,59.06,61.89,0,0,26.09,22.09,57.1,0.93,1.89,63564,1,31.25,60.0,1.27,1,112103
2493793,58.41,58.38,59.06,61.89,0,0,26.01,22.09,57.1,0.93,1.89,63564,1,31.24,60.0,1.28,1,112603
2494302,58.41,58.4,59.06,61.89,0,0,26.01,22.08,57.1,0.93,1.89,63564,1,31.24,60.0,1.29,1,113103
2494811,58.44,58.41,59.06,61.89,0,0,26.03,22.08,57.1,0.93,1.89,63564,1,31.25,60.0,1.3,1,113603
2495320,58.44,58.42,59.06,61.89,0,0,26.03,22.1,57.1,0.93,1.89,63564,1,31.25,60.0,1.31,1,114103
2495845,58.51,58.43,59.06,61.89,0,0,26.14,22.1,57.1,0.93,1.89,63564,1,31.28,60.0,1.32,1,114603
2496355,58.51,58.47,59.06,61.89,0,0,26.14,22.15,57.1,0.93,1.89,63564,1,31.28,60.0,1.36,1,115103
2496864,58.48,58.49,59.06,61.89,0,0,25.94,22.15,57.1,0.93,1.89,63564,1,31.27,60.0,1.38,1,115603
2497373,58.48,58.48,59.06,61.89,0,0,25.94,22.13,57.1,0.93,1.89,63564,1,31.27,60.0,1.38,1,116103
2497882,58.53,58.48,59.06,61.89,0,0,26.32,22.13,57.1,0.93,1.89,63564,1,31.27,60.0,1.37,1,116603
2498391,58.53,58.5,59.06,61.89,0,0,26.32,22.14,57.1,0.93,1.89,63564,1,31.27,60.0,1.4,1,117103
2498903,58.54,58.52,59.06,61.89,0,0,26.16,22.14,57.1,0.93,1.89,63564,1,31.25,60.0,1.41,1,117603
2499413,58.54,58.53,59.06,61.89,0,0,26.16,22.13,57.1,0.93,1.89,63564,1,31.25,60.0,1.42,1,118103
2499922,58.54,58.53,59.06,61.89,0,0,26.47,22.13,57.1,0.93,1.89,63564,1,31.25,60.0,1.43,1,118603
2500431,58.57,58.54,59.06,61.89,0,0,26.29,22.13,57.1,0.93,1.89,63564,1,31.27,60.0,1.43,1,119103
2500940,58.57,58.55,59.06,61.89,0,0,26.29,22.15,57.1,0.93,1.89,63564,1,31.27,60.0,1.44,1,119603
2501449,58.57,58.56,59.06,61.89,0,0,26.29,22.15,57.1,0.93,1.89,63564,1,31.27,60.0,1.45,1,120103
2501958,58.62,58.56,59.06,61.89,0,0,26.2,22.15,57.1,0.93,1.89,63564,1,31.27,60.0,1.45,1,120603
2502467,58.62,58.59,59.06,61.89,0,0,26.2,22.17,57.1,0.93,1.89,63564,1,31.27,60.0,1.48,1,121103
2502976,58.66,58.6,59.06,61.89,0,0,26.94,22.17,57.1,0.93,1.89,63564,1,31.28,60.0,1.5,1,121603
2503485,58.66,58.63,59.06,61.89,0,0,26.94,22.19,57.1,0.93,1.89,63564,1,31.28,60.0,1.52,1,122103
2503994,58.67,58.64,59.06,61.89,0,0,26.49,22.19,57.1,0.93,1.89,63564,1,31.27,60.0,1.53,1,122603
2504503,58.67,58.65,59.06,61.89,0,0,26.49,22.18,57.1,0.93,1.89,63564,1,31.27,60.0,1.55,1,123103
2505012,58.68,58.67,59.06,61.89,0,0,26.52,22.18,57.1,0.93,1.89,63564,1,31.27,60.0,1.56,1,123603
2505521,58.7,58.68,59.06,61.89,0,0,26.4,22.18,57.1,0.93,1.89,63564,1,31.25,60.0,1.58,1,124103
2506030,58.7,58.69,59.06,61.89,0,0,26.4,22.18,57.1,0.93,1.89,63564,1,31.25,60.0,1.58,1,124603
2506539,58.7,58.7,59.06,61.89,0,0,26.49,22.22,57.1,0.93,1.89,63564,1,31.3,60.0,1.59,1,125103
2507048,58.74,58.7,59.06,61.89,0,0,26.56,22.22,57.1,0.93,1.89,63564,1,31.25,60.0,1.59,1,125603
2507557,58.74,58.72,59.06,61.89,0,0,26.56,22.19,57.1,0.93,1.89,63564,1,31.25,60.0,1.61,1,126103
2508066,58.76,58.73,59.06,61.89,0,0,26.72,22.19,57.1,0.93,1.89,63564,1,31.27,60.0,1.62,1,126603
2508575,58.76,58.74,59.06,61.89,0,0,26.72,22.21,57.1,0.93,1.89,63564,1,31.27,60.0,1.63,1,127103
2509084,58.76,58.75,59.06,61.89,0,0,26.72,22.21,57.1,0.93,1.89,63564,1,31.27,60.0,1.64,1,127603
2509593,58.8,58.75,59.06,61.89,0,0,26.6,22.21,57.1,0.93,1.89,63564,1,31.25,60.0,1.64,1,128103
2510102,58.8,58.78,59.06,61.89,0,0,26.6,22.21,57.1,0.93,1.89,63564,1,31.25,60.0,1.67,1,128603
2510611,58.8,58.79,59.06,61.89,0,0,26.6,22.21,57.1,0.93,1.89,63564,1,31.25,60.0,1.68,1,129103
2511120,58.8,58.8,59.06,61.89,0,0,26.6,22.21,57.1,0.93,1.89,63564,1,31.25,60.0,1.69,1,129603
2511629,58.8,58.8,59.06,61.89,0,0,26.6,22.21,57.1,0.93,1.89,63564,1,31.25,60.0,1.69,1,130103
2512138,58.87,58.8,59.06,61.89,0,0,26.87,22.21,57.1,0.93,1.89,63564,1,31.25,60.0,1.69,1,130603
2512647,58.87,58.85,59.06,61.89,0,0,26.87,22.22,57.1,0.93,1.89,63564,1,31.25,60.0,1.74,1,131607
2513156,58.87,58.86,59.06,61.89,0,0,26.87,22.22,57.1,0.93,1.89,63564,1,31.25,60.0,1.75,1,132107
2513665,58.89,58.87,59.06,61.89,0,0,26.76,22.24,57.1,0.93,1.89,63564,1,31.27,60.0,1.77,1,132607
2514174,58.89,58.88,59.06,61.89,0,0,26.76,22.24,57.1,0.93,1.89,63564,1,31.27,60.0,1.77,1,133107
2514683,58.89,58.89,59.06,61.89,0,0,26.76,22.24,57.1,0.93,1.89,63564,1,31.27,60.0,1.78,1,133607
2515192,58.89,58.89,59.06,61.89,0,0,26.76,22.24,57.1,0.93,1.89,63564,1,31.27,60.0,1.78,1,134107
2515701,58.89,58.89,59.06,61.89,0,0,26.76,22.24,57.1,0.93,1.89,63564,1,31.27,60.0,1.78,1,134607
2516210,58.99,58.94,59.06,61.89,0,0,26.98,22.27,57.1,0.93,1.89,63564,1,31.27,60.0,1.83,1,135107
2516719,58.99,58.97,59.06,61.89,0,0,26.98,22.27,57.1,0.93,1.89,63564,1,31.27,60.0,1.86,1,135607
2517228,58.99,58.98,59.06,61.89,0,0,26.98,22.27,57.1,0.93,1.89,63564,1,31.27,60.0,1.87,1,136107
2517737,59.0,58.99,59.06,61.89,0,0,26.96,22.27,57.1,0.93,1.89,63564,1,31.27,60.0,1.88,1,136607
2518246,59.04,59.02,59.06,61.89,0,0,27.47,22.28,57.1,0.93,1.89,63564,1,31.27,60.0,1.91,1,137107
2518755,59.07,59.03,59.06,61.89,0,0,26.94,22.28,57.1,0.93,1.89,63564,1,31.28,60.0,1.92,1,137607
2519264,59.07,59.05,59.06,61.89,0,0,26.94,22.31,57.1,0.93,1.89,63564,1,31.28,60.0,1.94,1,138107
2519773,59.06,59.05,59.06,61.89,0,0,26.92,22.29,57.1,0.93,1.89,63564,1,31.27,60.0,1.94,1,138607
2520282,59.06,59.05,59.06,61.89,0,0,26.92,22.29,57.1,0.93,1.89,63564,1,31.27,60.0,1.94,1,139107
2520791,59.13,59.09,59.06,61.89,1,0,26.94,22.31,57.1,0.93,1.89,139607,0,31.27,60.0,1.98,0,0
2521300,59.13,59.11,59.06,62.04,1,0,26.94,22.31,59.11,0.93,2.04,139607,0,31.27,60.0,0.0,0,500
2521809,59.14,59.13,59.06,62.04,1,0,26.98,22.31,59.13,0.93,2.04,139607,0,31.27,60.0,0.0,0,1006
2522318,59.14,59.13,59.06,62.04,1,0,26.98,22.31,59.13,0.93,2.04,139607,0,31.27,60.0,0.0,0,1506
2522827,59.19,59.16,59.06,62.04,1,0,26.98,22.33,59.16,0.93,2.04,139607,0,31.27,60.0,0.0,0,2006
2523336,59.2,59.18,59.06,62.04,1,0,26.67,22.33,59.18,0.93,2.04,139607,0,31.27,60.0,0.0,0,2506
2523845,59.22,59.2,59.06,62.04,1,0,27.05,22.33,59.2,0.93,2.04,139607,0,31.27,60.0,0.0,0,3010
2524354,59.24,59.21,59.06,62.04,1,0,26.8,22.33,59.21,0.93,2.04,139607,0,31.27,60.0,0.0,0,3510
2524863,59.24,59.23,59.06,62.04,1,0,26.8,22.34,59.23,0.93,2.04,139607,0,31.27,60.0,0.0,0,4011
2525372,59.27,59.25,59.06,62.04,1,0,26.92,22.35,59.25,0.93,2.04,139607,0,31.27,60.0,0.0,0,4512
2525881,59.27,59.26,59.06,62.04,1,0,26.92,22.35,59.26,0.93,2.04,139607,0,31.27,60.0,0.0,0,5012
2526390,59.27,59.26,59.06,62.04,1,0,26.92,22.35,59.26,0.93,2.04,139607,0,31.27,60.0,0.0,0,5512
2526899,59.31,59.27,59.06,62.04,1,0,26.72,22.35,59.27,0.93,2.04,139607,0,31.28,60.0,0.0,0,6012
2527408,59.31,59.29,59.06,62.04,1,0,26.72,22.37,59.29,0.93,2.04,139607,0,31.28,60.0,0.0,0,6512
2527917,59.36,59.3,59.06,62.04,1,0,26.45,22.37,59.3,0.93,2.04,139607,0,31.28,60.0,0.0,0,7012
2528426,59.41,59.33,59.06,62.04,1,0,26.56,22.39,59.33,0.93,2.04,139607,0,31.28,60.0,0.0,0,7512
2528935,59.41,59.37,59.06,62.04,1,0,26.56,22.4,59.37,0.93,2.04,139607,0,31.28,60.0,0.0,0,8012
2529444,59.43,59.39,59.06,62.04,1,0,26.38,22.4,59.39,0.93,2.04,139607,0,31.27,60.0,0.0,0,8512
2529953,59.43,59.41,59.06,62.04,1,0,26.38,22.39,59.41,0.93,2.04,139607,0,31.27,60.0,0.0,0,9012
2530462,59.43,59.42,59.06,62.04,1,0,26.27,22.38,59.42,0.93,2.04,139607,0,31.25,60.0,0.0,0,9512
2530971,59.43,59.42,59.06,62.04,1,0,26.27,22.38,59.42,0.93,2.04,139607,0,31.25,60.0,0.0,0,10012
2531480,59.5,59.46,59.06,62.04,1,0,26.09,22.44,59.46,0.93,2.04,139607,0,31.3,60.0,0.0,0,10512
2531989,59.5,59.48,59.06,62.04,1,0,26.09,22.44,59.48,0.93,2.04,139607,0,31.3,60.0,0.0,0,11012
2532498,59.54,59.49,59.06,62.04,1,0,25.87,22.44,59.49,0.93,2.04,139607,0,31.27,60.0,0.0,0,11512
2533007,59.54,59.52,59.06,62.04,1,0,25.87,22.42,59.52,0.93,2.04,139607,0,31.27,60.0,0.0,0,12012
2533516,59.54,59.53,59.06,62.04,1,0,25.87,22.42,59.53,0.93,2.04,139607,0,31.27,60.0,0.0,0,12512
2534025,59.57,59.55,59.06,62.04,1,0,25.74,22.45,59.55,0.93,2.04,139607,0,31.28,60.0,0.0,0,13012
2534534,59.57,59.56,59.06,62.04,1,0,25.74,22.45,59.56,0.93,2.04,139607,0,31.28,60.0,0.0,0,13512
2535043,59.63,59.57,59.06,62.04,1,0,25.5,22.45,59.57,0.93,2.04,139607,0,31.27,60.0,0.0,0,14012
2535552,59.63,59.6,59.06,62.04,1,0,25.5,22.45,59.6,0.93,2.04,139607,0,31.27,60.0,0.0,0,14512
2536061,59.65,59.62,59.06,62.04,1,0,25.43,22.45,59.62,0.93,2.04,139607,0,31.27,60.0,0.0,0,15012
2536570,59.65,59.64,59.06,62.04,1,0,25.43,22.46,59.64,0.93,2.04,139607,0,31.27,60.0,0.0,0,15512
2537079,59.65,59.64,59.06,62.04,1,0,25.43,22.46,59.64,0.93,2.04,139607,0,31.27,60.0,0.0,0,16012
2537588,59.72,59.65,59.06,62.04,1,0,25.25,22.46,59.65,0.93,2.04,139607,0,31.3,60.0,0.0,0,16512
2538097,59.74,59.69,59.06,62.04,1,0,24.99,22.5,59.69,0.93,2.04,139607,0,31.28,60.0,0.0,0,17012
2538606,59.74,59.71,59.06,62.04,1,0,24.99,22.49,59.71,0.93,2.04,139607,0,31.28,60.0,0.0,0,17512
2539115,59.77,59.74,59.06,62.04,1,0,24.9,22.5,59.74,0.93,2.04,139607,0,31.28,60.0,0.0,0,18012
2539624,59.75,59.76,59.06,62.04,1,0,24.73,22.5,59.76,0.93,2.04,139607,0,31.28,60.0,0.0,0,18512
2540133,59.75,59.75,59.06,62.04,1,0,24.73,22.5,59.76,0.93,2.04,139607,0,31.28,60.0,0.0,0,19012
2540642,59.75,59.75,59.06,62.04,1,0,24.73,22.5,59.76,0.93,2.04,139607,0,31.28,60.0,0.0,0,19512
2541151,59.75,59.75,59.06,62.04,1,0,24.73,22.5,59.76,0.93,2.04,139607,0,31.28,60.0,0.0,0,20012
2541660,59.81,59.78,59.06,62.04,1,0,24.35,22.53,59.78,0.93,2.04,139607,0,31.3,60.0,0.0,0,21013
2542169,59.84,59.81,59.06,62.04,1,0,24.22,22.51,59.81,0.93,2.04,139607,0,31.27,60.0,0.0,0,21513
2542678,59.91,59.86,59.06,62.04,1,0,24.2,22.55,59.86,0.93,2.04,139607,0,31.3,60.0,0.0,0,22013
2543187,59.91,59.89,59.06,62.04,1,0,24.2,22.55,59.89,0.93,2.04,139607,0,31.3,60.0,0.0,0,22513
2543696,59.91,59.9,59.06,62.04,1,0,24.2,22.55,59.9,0.93,2.04,139607,0,31.3,60.0,0.0,0,23013
2544205,59.9,59.9,59.06,62.04,1,0,24.03,22.55,59.9,0.93,2.04,139607,0,31.3,60.0,0.0,0,23513
2544714,59.9,59.9,59.06,62.04,1,0,24.03,22.55,59.9,0.93,2.04,139607,0,31.3,60.0,0.0,0,24013
2545223,59.96,59.93,59.06,62.04,1,0,23.55,22.55,59.93,0.93,2.04,139607,0,31.28,60.0,0.0,0,24513
2545732,59.99,59.96,59.06,62.04,1,0,23.68,22.57,59.96,0.93,2.04,139607,0,31.3,60.0,0.0,0,25013
2546241,60.02,59.99,59.06,62.04,1,0,23.55,22.55,59.99,0.93,2.04,139607,0,31.27,60.0,0.0,0,25513
2546750,60.02,60.0,59.06,62.04,1,0,23.55,22.55,60.0,0.93,2.04,139607,0,31.27,60.0,0.0,0,26013
2547259,60.08,60.01,59.06,62.04,1,0,23.55,22.55,60.01,0.93,2.04,139607,0,31.28,60.0,0.0,0,26513
2547768,60.08,60.05,59.06,62.04,1,0,23.55,22.59,60.05,0.93,2.04,139607,0,31.28,60.0,0.0,0,27013
2548277,60.06,60.05,59.06,62.04,1,0,23.46,22.57,60.05,0.93,2.04,139607,0,31.27,60.0,0.0,0,27513
2548786,60.06,60.05,59.06,62.04,1,0,23.46,22.57,60.05,0.93,2.04,139607,0,31.27,60.0,0.0,0,28013
2549298,60.08,60.05,59.06,62.04,1,0,22.98,22.57,60.05,0.93,2.04,139607,0,31.28,60.0,0.0,0,28513
2549807,60.08,60.07,59.06,62.04,1,0,22.98,22.59,60.07,0.93,2.04,139607,0,31.28,60.0,0.0,0,29013
2550316,60.14,60.08,59.06,62.04,1,0,22.85,22.59,60.08,0.93,2.04,139607,0,31.3,60.0,0.0,0,29513
2550825,60.14,60.11,59.06,62.04,1,0,22.85,22.62,60.11,0.93,2.04,139607,0,31.3,60.0,0.0,0,30013
2551334,60.16,60.13,59.06,62.04,1,0,22.72,22.59,60.13,0.93,2.04,139607,0,31.27,60.0,0.0,0,30513
2551843,60.16,60.14,59.06,62.04,1,0,22.72,22.59,60.14,0.93,2.04,139607,0,31.27,60.0,0.0,0,31013
2552352,60.17,60.16,59.06,62.04,1,0,22.48,22.6,60.16,0.93,2.04,139607,0,31.27,60.0,0.0,0,31513
2552861,60.19,60.18,59.06,62.04,1,0,22.48,22.62,60.18,0.93,2.04,139607,0,31.28,60.0,0.0,0,32021
2553370,60.21,60.19,59.06,62.04,1,0,22.37,22.62,60.19,0.93,2.04,139607,0,31.28,60.0,0.0,0,32521
2553879,60.16,60.2,59.06,62.04,1,0,22.42,22.62,60.2,0.93,2.04,139607,0,31.3,60.0,0.0,0,33021
2554388,60.16,60.18,59.06,62.04,1,0,22.42,22.62,60.2,0.93,2.04,139607,0,31.3,60.0,0.01,0,33521
2554897,60.16,60.17,59.06,62.04,1,0,22.42,22.62,60.2,0.93,2.04,139607,0,31.3,60.0,0.02,0,34021
2555406,60.27,60.17,59.06,62.04,1,0,22.0,22.62,60.2,0.93,2.04,139607,0,31.3,60.0,0.03,0,34521
2555915,60.27,60.22,59.06,62.04,1,0,22.0,22.65,60.22,0.93,2.04,139607,0,31.3,60.0,0.0,0,35021
2556424,60.3,60.26,59.06,62.04,1,0,21.92,22.63,60.26,0.93,2.04,139607,0,31.27,60.0,0.0,0,35521
2556933,60.29,60.28,59.06,62.04,1,0,21.83,22.63,60.28,0.93,2.04,139607,0,31.3,60.0,0.0,0,36021
2557442,60.29,60.28,59.06,62.04,1,0,21.83,22.66,60.28,0.93,2.04,139607,0,31.3,60.0,0.0,0,36521
2557951,60.35,60.29,59.06,62.04,1,0,21.64,22.66,60.29,0.93,2.04,139607,0,31.28,60.0,0.0,0,37021
2558460,60.35,60.32,59.06,62.04,1,0,21.64,22.66,60.32,0.93,2.04,139607,0,31.28,60.0,0.0,0,37521
2558969,60.33,60.32,59.06,62.04,1,0,21.51,22.66,60.32,0.93,2.04,139607,0,31.28,60.0,0.0,0,38021
2559478,60.39,60.33,59.06,62.04,1,0,21.48,22.66,60.33,0.93,2.04,139607,0,31.28,60.0,0.0,0,38521
2559987,60.4,60.36,59.06,62.04,1,0,21.31,22.67,60.36,0.93,2.04,139607,0,31.28,60.0,0.0,0,39021
2560496,60.4,60.38,59.06,62.04,1,0,21.31,22.67,60.38,0.93,2.04,139607,0,31.28,60.0,0.0,0,39521
2561005,60.42,60.39,59.06,62.04,1,0,21.35,22.67,60.39,0.93,2.04,139607,0,31.28,60.0,0.0,0,40021
2561514,60.42,60.4,59.06,62.04,1,0,21.35,22.68,60.4,0.93,2.04,139607,0,31.28,60.0,0.0,0,40521
2562023,60.41,60.41,59.06,62.04,1,0,21.18,22.68,60.41,0.93,2.04,139607,0,31.27,60.0,0.0,0,41021
2562532,60.41,60.41,59.06,62.04,1,0,21.18,22.66,60.41,0.93,2.04,139607,0,31.27,60.0,0.0,0,41521
2563041,60.55,60.48,59.06,62.04,1,0,20.92,22.71,60.48,0.93,2.04,139607,0,31.28,60.0,0.0,0,42021
2563550,60.6,60.51,59.06,62.04,1,0,20.21,22.71,60.51,0.93,2.04,139607,0,31.28,60.0,0.0,0,42521
2564059,60.6,60.55,59.06,62.04,1,0,20.21,22.73,60.55,0.93,2.04,139607,0,31.28,60.0,0.0,0,43021
2564568,60.61,60.58,59.06,62.04,1,0,20.92,22.73,60.58,0.93,2.04,139607,0,31.28,60.0,0.0,0,43521
2565077,60.62,60.59,59.06,62.04,1,0,20.64,22.73,60.59,0.93,2.04,139607,0,31.28,60.0,0.0,0,44021
2565586,60.62,60.61,59.06,62.04,1,0,20.64,22.73,60.61,0.93,2.04,139607,0,31.28,60.0,0.0,0,44521
2566095,60.62,60.61,59.06,62.04,1,0,20.64,22.73,60.61,0.93,2.04,139607,0,31.28,60.0,0.0,0,45021
2566604,60.62,60.62,59.06,62.04,1,0,20.64,22.73,60.62,0.93,2.04,139607,0,31.28,60.0,0.0,0,45521
2567113,60.7,60.62,59.06,62.04,1,0,20.28,22.73,60.62,0.93,2.04,139607,0,31.28,60.0,0.0,0,46021
2567622,60.74,60.66,59.06,62.04,1,0,20.28,22.76,60.66,0.93,2.04,139607,0,31.3,60.0,0.0,0,46521
2568131,60.74,60.7,59.06,62.04,1,0,20.28,22.78,60.7,0.93,2.04,139607,0,31.3,60.0,0.0,0,47021
2568640,60.8,60.72,59.06,62.04,1,0,20.08,22.78,60.72,0.93,2.04,139607,0,31.28,60.0,0.0,0,47521
2569149,60.8,60.76,59.06,62.04,1,0,20.08,22.78,60.76,0.93,2.04,139607,0,31.28,60.0,0.0,0,48021
2569658,60.84,60.78,59.06,62.04,1,0,20.15,22.78,60.78,0.93,2.04,139607,0,31.3,60.0,0.0,0,48521
2570167,60.84,60.81,59.06,62.04,1,0,20.15,22.81,60.81,0.93,2.04,139607,0,31.3,60.0,0.0,0,49024
2570676,60.88,60.85,59.06,62.04,1,0,19.89,22.79,60.85,0.93,2.04,139607,0,31.27,60.0,0.0,0,50029
2571185,60.88,60.87,59.06,62.04,1,0,19.89,22.79,60.87,0.93,2.04,139607,0,31.27,60.0,0.0,0,50529
2571694,60.91,60.89,59.06,62.04,1,0,19.87,22.81,60.89,0.93,2.04,139607,0,31.28,60.0,0.0,0,51029
2572203,60.91,60.9,59.06,62.04,1,0,19.87,22.81,60.9,0.93,2.04,139607,0,31.28,60.0,0.0,0,51529
2572712,60.93,60.92,59.06,62.04,1,0,19.72,22.82,60.92,0.93,2.04,139607,0,31.28,60.0,0.0,0,52029
2573221,60.93,60.93,59.06,62.04,1,0,19.72,22.82,60.93,0.93,2.04,139607,0,31.28,60.0,0.0,0,52529
2573730,60.95,60.93,59.06,62.04,1,0,19.52,22.82,60.93,0.93,2.04,139607,0,31.28,60.0,0.0,0,53029
2574239,60.95,60.94,59.06,62.04,1,0,19.52,22.82,60.94,0.93,2.04,139607,0,31.28,60.0,0.0,0,53529
2574748,61.01,60.98,59.06,62.04,1,0,19.39,22.85,60.98,0.93,2.04,139607,0,31.3,60.0,0.0,0,54029
2575257,61.01,60.99,59.06,62.04,1,0,19.39,22.85,60.99,0.93,2.04,139607,0,31.3,60.0,0.0,0,54530
2575766,61.01,61.0,59.06,62.04,1,0,19.31,22.84,61.0,0.93,2.04,139607,0,31.28,60.0,0.0,0,55030
2576275,61.06,61.01,59.06,62.04,1,0,19.22,22.84,61.01,0.93,2.04,139607,0,31.28,60.0,0.0,0,55530
2576784,61.06,61.03,59.06,62.04,1,0,19.22,22.85,61.03,0.93,2.04,139607,0,31.28,60.0,0.0,0,56030
2577293,61.08,61.06,59.06,62.04,1,0,19.05,22.85,61.06,0.93,2.04,139607,0,31.27,60.0,0.0,0,56530
2577802,61.08,61.07,59.06,62.04,1,0,19.05,22.85,61.07,0.93,2.04,139607,0,31.27,60.0,0.0,0,57030
2578311,61.08,61.08,59.06,62.04,1,0,19.05,22.85,61.08,0.93,2.04,139607,0,31.27,60.0,0.0,0,57530
2578820,61.08,61.08,59.06,62.04,1,0,19.05,22.85,61.08,0.93,2.04,139607,0,31.27,60.0,0.0,0,58030
2579329,61.13,61.08,59.06,62.04,1,0,19.07,22.85,61.08,0.93,2.04,139607,0,31.27,60.0,0.0,0,58530
2579838,61.13,61.11,59.06,62.04,1,0,19.07,22.86,61.11,0.93,2.04,139607,0,31.27,60.0,0.0,0,59030
2580347,61.13,61.12,59.06,62.04,1,1,18.79,22.86,61.12,0.93,2.04,139607,0,31.27,60.0,0.0,1,59530
2580856,61.13,61.13,59.06,62.04,1,1,18.68,22.86,61.13,0.93,2.04,139607,0,31.28,60.0,0.0,1,60030
2581365,61.13,61.13,59.06,62.04,1,1,18.68,22.87,61.13,0.93,2.04,139607,0,31.28,60.0,0.0,1,60530
2581874,61.17,61.15,59.06,62.04,1,1,18.6,22.9,61.15,0.93,2.04,139607,0,31.3,60.0,0.0,1,61030
2582383,61.19,61.16,59.06,62.04,1,1,18.92,22.9,61.16,0.93,2.04,139607,0,31.31,60.0,0.0,1,61530
2582892,61.19,61.18,59.06,62.04,1,1,18.92,22.91,61.18,0.93,2.04,139607,0,31.31,60.0,0.0,1,62030
2583401,61.19,61.18,59.06,62.04,1,1,18.92,22.91,61.18,0.93,2.04,139607,0,31.31,60.0,0.0,1,62530
2583910,61.19,61.19,59.06,62.04,1,1,18.92,22.91,61.19,0.93,2.04,139607,0,31.31,60.0,0.0,1,63030
2584419,61.15,61.19,59.06,62.04,1,1,19.72,22.91,61.19,0.93,2.04,139607,0,31.28,60.0,0.0,1,63530
2584928,61.15,61.17,59.06,62.04,1,1,19.72,22.88,61.19,0.93,2.04,139607,0,31.28,60.0,0.02,1,64030
2585437,60.84,61.01,59.06,62.04,0,1,20.0,22.78,61.19,0.93,2.04,64530,0,31.27,60.0,0.18,1,0
2585946,60.61,60.92,59.02,62.04,0,1,19.48,22.78,60.92,0.97,2.04,64530,0,31.3,60.0,0.0,1,500
2586455,60.61,60.77,59.02,62.04,0,1,19.48,22.74,60.77,0.97,2.04,64530,0,31.3,60.0,0.0,1,1000
2586964,60.3,60.54,59.02,62.04,0,1,19.59,22.63,60.54,0.97,2.04,64530,0,31.27,60.0,0.0,1,1500
2587473,59.92,60.42,59.02,62.04,0,1,19.46,22.63,60.42,0.97,2.04,64530,0,31.27,60.0,0.0,1,2000
2587982,59.63,60.17,59.02,62.04,0,0,19.46,22.53,60.17,0.97,2.04,64530,0,31.25,60.0,0.0,1,2500
2588507,59.21,59.9,59.02,62.04,0,0,19.63,22.44,59.9,0.97,2.04,64530,0,31.23,60.0,0.0,1,3000
2589016,59.21,59.56,59.02,62.04,0,0,19.63,22.29,59.56,0.97,2.04,64530,0,31.23,60.0,0.0,1,3500
2589525,58.8,59.38,59.02,62.04,0,0,19.54,22.29,59.38,0.97,2.04,64530,0,31.23,60.0,0.0,1,4000
2590034,58.8,59.09,59.02,62.04,0,0,19.54,22.18,59.09,0.97,2.04,64530,0,31.23,60.0,0.0,1,4500
2590543,58.26,58.94,59.02,62.04,0,0,19.35,22.18,58.94,0.97,2.04,64530,0,31.18,60.0,0.0,1,5000
2591052,58.26,58.6,59.02,62.04,0,0,19.35,21.99,58.6,0.97,2.04,64530,0,31.18,60.0,0.0,1,5500
2591561,58.26,58.43,59.02,62.04,0,0,19.35,21.99,58.43,0.97,2.04,64530,0,31.18,60.0,0.0,1,6000
2592070,57.83,58.13,59.02,62.04,0,0,19.11,21.87,58.13,0.97,2.04,64530,0,31.18,60.0,0.0,1,6500
2592579,57.65,57.98,59.02,62.04,0,0,19.16,21.87,57.98,0.97,2.04,64530,0,31.17,60.0,0.0,1,7000
2593088,57.65,57.81,59.02,62.04,0,0,19.16,21.8,57.81,0.97,2.04,64530,0,31.17,60.0,0.0,1,7500
2593597,57.59,57.73,59.02,62.04,0,0,19.05,21.8,57.73,0.97,2.04,64530,0,31.18,60.0,0.0,1,8000
2594106,57.49,57.66,59.02,62.04,0,0,18.49,21.8,57.66,0.97,2.04,64530,0,31.18,60.0,0.0,1,8500
2594615,57.49,57.58,59.02,62.04,0,0,18.49,21.77,57.58,0.97,2.04,64530,0,31.18,60.0,0.0,1,9000
2595123,57.49,57.53,59.02,62.04,0,0,18.49,21.77,57.53,0.97,2.04,64530,0,31.18,60.0,0.0,1,9500
2595632,57.35,57.51,59.02,62.04,0,0,19.03,21.77,57.51,0.97,2.04,64530,0,31.18,60.0,0.0,1,10000
2596141,57.35,57.43,59.02,62.04,0,0,19.03,21.73,57.43,0.97,2.04,64530,0,31.18,60.0,0.0,1,10500
2596650,57.31,57.39,59.02,62.04,0,0,19.0,21.73,57.39,0.97,2.04,64530,0,31.17,60.0,0.0,1,11000
2597159,57.31,57.35,59.02,62.04,0,0,19.0,21.71,57.35,0.97,2.04,64530,0,31.17,60.0,0.0,1,11500
2597668,57.31,57.33,59.02,62.04,0,0,19.0,21.71,57.33,0.97,2.04,64530,0,31.17,60.0,0.0,1,12000
2598177,57.27,57.3,59.02,62.04,0,0,18.94,21.68,57.3,0.97,2.04,64530,0,31.16,60.0,0.0,1,13000
2598686,57.24,57.27,59.02,62.04,0,0,19.2,21.69,57.27,0.97,2.04,64530,0,31.17,60.0,0.0,1,13500
2599195,57.24,57.25,59.02,62.04,0,0,19.22,21.7,57.25,0.97,2.04,64530,0,31.18,60.0,0.0,1,14000
2599704,57.24,57.24,59.02,62.04,0,0,19.22,21.7,57.24,0.97,2.04,64530,0,31.18,60.0,0.0,1,14500
2600213,57.23,57.24,59.02,62.04,0,0,19.48,21.7,57.24,0.97,2.04,64530,0,31.18,60.0,0.0,1,15000
2600722,57.24,57.24,59.02,62.04,0,0,19.69,21.71,57.24,0.97,2.04,64530,0,31.2,60.0,0.0,1,15500
2601231,57.25,57.24,59.02,62.04,0,0,19.52,21.69,57.24,0.97,2.04,64530,0,31.17,60.0,0.0,1,16000
2601740,57.25,57.25,59.02,62.04,0,0,19.52,21.69,57.24,0.97,2.04,64530,0,31.17,60.0,0.01,1,16500
2602249,57.25,57.25,59.02,62.04,0,0,20.0,21.69,57.24,0.97,2.04,64530,0,31.17,60.0,0.01,1,17000
2602758,57.25,57.25,59.02,62.04,0,0,20.0,21.69,57.24,0.97,2.04,64530,0,31.17,60.0,0.01,1,17500
2603267,57.25,57.25,59.02,62.04,0,0,20.0,21.69,57.24,0.97,2.04,64530,0,31.17,60.0,0.01,1,18000
2603776,57.27,57.26,59.02,62.04,0,0,19.65,21.7,57.24,0.97,2.04,64530,0,31.17,60.0,0.02,1,18500
2604285,57.27,57.26,59.02,62.04,0,0,19.61,21.71,57.24,0.97,2.04,64530,0,31.18,60.0,0.02,1,19000
2604794,57.27,57.26,59.02,62.04,0,0,19.61,21.71,57.24,0.97,2.04,64530,0,31.18,60.0,0.02,1,19500
2605303,57.29,57.28,59.02,62.04,0,0,19.89,21.7,57.24,0.97,2.04,64530,0,31.17,60.0,0.04,1,20000
2605812,57.29,57.28,59.02,62.04,0,0,19.89,21.7,57.24,0.97,2.04,64530,0,31.17,60.0,0.04,1,20500
2606321,57.34,57.31,59.02,62.04,0,0,19.8,21.71,57.24,0.97,2.04,64530,0,31.17,60.0,0.07,1,21000
2606830,57.34,57.32,59.02,62.04,0,0,19.89,21.71,57.24,0.97,2.04,64530,0,31.17,60.0,0.08,1,21500
2607339,57.35,57.33,59.02,62.04,0,0,20.43,21.7,57.24,0.97,2.04,64530,0,31.16,60.0,0.09,1,22000
2607848,57.35,57.34,59.02,62.04,0,0,20.43,21.7,57.24,0.97,2.04,64530,0,31.16,60.0,0.1,1,22500
2608358,57.38,57.36,59.02,62.04,0,0,20.21,21.73,57.24,0.97,2.04,64530,0,31.17,60.0,0.12,1,23000
2608867,57.38,57.37,59.02,62.04,0,0,20.4,21.74,57.24,0.97,2.04,64530,0,31.18,60.0,0.13,1,23500
2609376,57.43,57.37,59.02,62.04,0,0,20.28,21.74,57.24,0.97,2.04,64530,0,31.17,60.0,0.13,1,24000
2609885,57.43,57.4,59.02,62.04,0,0,20.28,21.74,57.24,0.97,2.04,64530,1,31.17,60.0,0.16,1,24500
2610394,57.41,57.41,59.02,62.04,0,0,20.23,21.75,57.24,0.97,2.04,64530,1,31.18,60.0,0.17,1,25000
2610903,57.44,57.43,59.02,62.04,0,0,20.25,21.78,57.24,0.97,2.04,64530,1,31.21,60.0,0.18,1,25500
2611412,57.47,57.43,59.02,62.04,0,0,20.79,21.78,57.24,0.97,2.04,64530,1,31.18,60.0,0.19,1,26000
2611921,57.47,57.45,59.02,62.04,0,0,20.79,21.76,57.24,0.97,2.04,64530,1,31.18,60.0,0.21,1,26500
2612430,57.44,57.44,59.02,62.04,0,0,20.69,21.76,57.24,0.97,2.04,64530,1,31.18,60.0,0.2,1,27000
2612939,57.48,57.44,59.02,62.04,0,0,20.45,21.76,57.24,0.97,2.04,64530,1,31.2,60.0,0.2,1,27500
2613448,57.48,57.46,59.02,62.04,0,0,20.45,21.78,57.24,0.97,2.04,64530,1,31.2,60.0,0.22,1,28000
2613957,57.52,57.49,59.02,62.04,0,0,20.6,21.79,57.24,0.97,2.04,64530,1,31.2,60.0,0.25,1,28500
2614466,57.5,57.5,59.02,62.04,0,0,20.56,21.79,57.24,0.97,2.04,64530,1,31.18,60.0,0.26,1,29000
2614975,57.5,57.5,59.02,62.04,0,0,20.56,21.77,57.24,0.97,2.04,64530,1,31.18,60.0,0.26,1,29500
2615484,57.56,57.5,59.02,62.04,0,0,20.9,21.77,57.24,0.97,2.04,64530,1,31.18,60.0,0.26,1,30000
2615993,57.58,57.53,59.02,62.04,0,0,20.84,21.79,57.24,0.97,2.04,64530,1,31.18,60.0,0.29,1,30500
2616502,57.58,57.56,59.02,62.04,0,0,20.84,21.8,57.24,0.97,2.04,64530,1,31.18,60.0,0.32,1,31000
2617011,57.58,57.57,59.02,62.04,0,0,20.84,21.8,57.24,0.97,2.04,64530,1,31.18,60.0,0.33,1,31500
2617520,57.65,57.57,59.02,62.04,0,0,20.4,21.8,57.24,0.97,2.04,64530,1,31.2,60.0,0.33,1,32000
2618029,57.65,57.61,59.02,62.04,0,0,20.4,21.83,57.24,0.97,2.04,64530,1,31.2,60.0,0.37,1,32500
2618538,57.59,57.6,59.02,62.04,0,0,21.01,21.81,57.24,0.97,2.04,64530,1,31.2,60.0,0.36,1,33000
2619047,57.65,57.6,59.02,62.04,0,0,21.35,21.81,57.24,0.97,2.04,64530,1,31.2,60.0,0.36,1,33500
2619556,57.64,57.63,59.02,62.04,0,0,20.77,21.83,57.24,0.97,2.04,64530,1,31.21,60.0,0.39,1,34000
2620065,57.64,57.63,59.02,62.04,0,0,20.77,21.84,57.24,0.97,2.04,64530,1,31.21,60.0,0.39,1,34500
2620574,57.69,57.64,59.02,62.04,0,0,21.44,21.84,57.24,0.97,2.04,64530,1,31.18,60.0,0.4,1,35000
2621083,57.69,57.67,59.02,62.04,0,0,21.44,21.83,57.24,0.97,2.04,64530,1,31.18,60.0,0.42,1,35500
2621592,57.66,57.66,59.02,62.04,0,0,21.31,21.84,57.24,0.97,2.04,64530,1,31.21,60.0,0.42,1,36000
2622101,57.68,57.66,59.02,62.04,0,0,21.59,21.84,57.24,0.97,2.04,64530,1,31.2,60.0,0.42,1,36500
2622610,57.71,57.67,59.02,62.04,0,0,21.44,21.84,57.24,0.97,2.04,64530,1,31.21,60.0,0.43,1,37000
2623133,57.67,57.69,59.02,62.04,0,0,21.38,21.86,57.24,0.97,2.04,64530,1,31.21,60.0,0.45,1,37500
2623642,57.67,57.68,59.02,62.04,0,0,21.38,21.85,57.24,0.97,2.04,64530,1,31.21,60.0,0.44,1,38000
2624151,57.74,57.67,59.02,62.04,0,0,21.57,21.85,57.24,0.97,2.04,64530,1,31.21,60.0,0.43,1,38500
2624660,57.74,57.71,59.02,62.04,0,0,21.57,21.87,57.24,0.97,2.04,64530,1,31.21,60.0,0.47,1,39000
2625169,57.74,57.73,59.02,62.04,0,0,21.57,21.87,57.24,0.97,2.04,64530,1,31.21,60.0,0.49,1,39500
2625678,57.74,57.74,59.02,62.04,0,0,21.57,21.87,57.24,0.97,2.04,64530,1,31.21,60.0,0.5,1,40501
2626187,57.73,57.74,59.02,62.04,0,0,21.77,21.85,57.24,0.97,2.04,64530,1,31.2,60.0,0.49,1,41001
2626696,57.77,57.75,59.02,62.04,0,0,22.07,21.86,57.24,0.97,2.04,64530,1,31.2,60.0,0.51,1,41503
2627205,57.77,57.76,59.02,62.04,0,0,22.07,21.86,57.24,0.97,2.04,64530,1,31.2,60.0,0.52,1,42003
2627714,57.79,57.77,59.02,62.04,0,0,22.13,21.86,57.24,0.97,2.04,64530,1,31.18,60.0,0.53,1,42503
2628223,57.79,57.78,59.02,62.04,0,0,22.13,21.86,57.24,0.97,2.04,64530,1,31.18,60.0,0.54,1,43003
2628740,57.79,57.79,59.02,62.04,0,0,22.11,21.86,57.24,0.97,2.04,64530,1,31.21,60.0,0.55,1,43503
2629249,57.79,57.79,59.02,62.04,0,0,22.11,21.88,57.24,0.97,2.04,64530,1,31.21,60.0,0.55,1,44003
2629758,57.81,57.8,59.02,62.04,0,0,22.07,21.9,57.24,0.97,2.04,64530,1,31.23,60.0,0.56,1,44503
2630267,57.79,57.79,59.02,62.04,0,0,22.07,21.89,57.24,0.97,2.04,64530,1,31.23,60.0,0.55,1,45003
2630776,57.79,57.79,59.02,62.04,0,0,22.07,21.89,57.24,0.97,2.04,64530,1,31.23,60.0,0.55,1,45503
2631285,57.85,57.82,59.02,62.04,0,0,22.37,21.9,57.24,0.97,2.04,64530,1,31.21,60.0,0.58,1,46003
2631794,57.85,57.83,59.02,62.04,0,0,22.37,21.9,57.24,0.97,2.04,64530,1,31.21,60.0,0.59,1,46503
2632303,57.8,57.81,59.02,62.04,0,0,22.89,21.9,57.24,0.97,2.04,64530,1,31.23,60.0,0.57,1,47003
2632812,57.8,57.8,59.02,62.04,0,0,22.89,21.9,57.24,0.97,2.04,64530,1,31.23,60.0,0.56,1,47503
2633321,57.82,57.81,59.02,62.04,0,0,22.5,21.91,57.24,0.97,2.04,64530,1,31.23,60.0,0.57,1,48003
2633830,57.87,57.84,59.02,62.04,0,0,22.65,21.9,57.24,0.97,2.04,64530,1,31.21,60.0,0.6,1,48503
2634339,57.88,57.85,59.02,62.04,0,0,22.57,21.9,57.24,0.97,2.04,64530,1,31.21,60.0,0.61,1,49003
2634848,57.88,57.87,59.02,62.04,0,0,22.57,21.91,57.24,0.97,2.04,64530,1,31.21,60.0,0.63,1,49503
2635357,57.85,57.86,59.02,62.04,0,0,22.74,21.9,57.24,0.97,2.04,64530,1,31.21,60.0,0.62,1,50003
2635867,57.85,57.85,59.02,62.04,0,0,22.74,21.9,57.24,0.97,2.04,64530,1,31.21,60.0,0.61,1,50503
2636377,57.85,57.85,59.02,62.04,0,0,22.72,21.91,57.24,0.97,2.04,64530,1,31.23,60.0,0.61,1,51003
2636886,57.85,57.85,59.02,62.04,0,0,22.72,21.91,57.24,0.97,2.04,64530,1,31.23,60.0,0.61,1,51503
2637395,57.9,57.87,59.02,62.04,0,0,22.74,21.93,57.24,0.97,2.04,64530,1,31.23,60.0,0.63,1,52003
2637904,57.93,57.9,59.02,62.04,0,0,22.85,21.94,57.24,0.97,2.04,64530,1,31.23,60.0,0.66,1,52503
2638413,57.93,57.92,59.02,62.04,0,0,22.85,21.94,57.24,0.97,2.04,64530,1,31.23,60.0,0.68,1,53003
2638922,57.9,57.91,59.02,62.04,0,0,22.52,21.91,57.24,0.97,2.04,64530,1,31.21,60.0,0.67,1,53503
2639431,57.9,57.9,59.02,62.04,0,0,22.52,21.91,57.24,0.97,2.04,64530,1,31.21,60.0,0.66,1,54003
2639940,57.91,57.9,59.02,62.04,0,0,22.91,21.91,57.24,0.97,2.04,64530,1,31.21,60.0,0.66,1,54503
2640449,57.91,57.9,59.02,62.04,0,0,22.91,21.91,57.24,0.97,2.04,64530,1,31.21,60.0,0.66,1,55003
2640958,57.89,57.9,59.02,62.04,0,0,22.96,21.9,57.24,0.97,2.04,64530,1,31.2,60.0,0.66,1,55503
2641467,57.92,57.89,59.02,62.04,0,0,23.11,21.9,57.24,0.97,2.04,64530,1,31.21,60.0,0.65,1,56003
2641976,57.92,57.91,59.02,62.04,0,0,23.11,21.92,57.24,0.97,2.04,64530,1,31.21,60.0,0.67,1,56503
2642485,57.96,57.93,59.02,62.04,0,0,23.02,21.93,57.24,0.97,2.04,64530,1,31.21,60.0,0.69,1,57003
2642994,57.96,57.94,59.02,62.04,0,0,23.02,21.93,57.24,0.97,2.04,64530,1,31.21,60.0,0.7,1,57503
2643503,57.96,57.95,59.02,62.04,0,0,23.02,21.93,57.24,0.97,2.04,64530,1,31.21,60.0,0.71,1,58003
2644012,57.96,57.95,59.02,62.04,0,0,23.31,21.93,57.24,0.97,2.04,64530,1,31.24,60.0,0.71,1,58503
2644521,57.96,57.96,59.02,62.04,0,0,23.31,21.96,57.24,0.97,2.04,64530,1,31.24,60.0,0.72,1,59003
2645030,57.96,57.96,59.02,62.04,0,0,23.31,21.96,57.24,0.97,2.04,64530,1,31.24,60.0,0.72,1,59503
2645539,57.94,57.96,59.02,62.04,0,0,23.13,21.96,57.24,0.97,2.04,64530,1,31.21,60.0,0.72,1,60003
2646048,57.96,57.95,59.02,62.04,0,0,23.24,21.92,57.24,0.97,2.04,64530,1,31.23,60.0,0.71,1,60503
2646557,57.96,57.96,59.02,62.04,0,0,23.24,21.94,57.24,0.97,2.04,64530,1,31.23,60.0,0.71,1,61003
2647066,57.96,57.96,59.02,62.04,0,0,23.37,21.94,57.24,0.97,2.04,64530,1,31.24,60.0,0.72,1,61503
2647575,57.96,57.96,59.02,62.04,0,0,23.37,21.96,57.24,0.97,2.04,64530,1,31.24,60.0,0.72,1,62003
2648084,57.96,57.96,59.02,62.04,0,0,23.44,21.96,57.24,0.97,2.04,64530,1,31.24,60.0,0.72,1,62503
2648593,57.98,57.96,59.02,62.04,0,0,23.59,21.96,57.24,0.97,2.04,64530,1,31.21,60.0,0.72,1,63003
2649102,57.97,57.97,59.02,62.04,0,0,23.61,21.94,57.24,0.97,2.04,64530,1,31.21,60.0,0.73,1,63503
2649611,57.97,57.97,59.02,62.04,0,0,23.61,21.93,57.24,0.97,2.04,64530,1,31.21,60.0,0.73,1,64003
2650120,57.99,57.97,59.02,62.04,0,0,23.72,21.93,57.24,0.97,2.04,64530,1,31.23,60.0,0.73,1,64503
2650629,57.99,57.98,59.02,62.04,0,0,23.72,21.95,57.24,0.97,2.04,64530,1,31.23,60.0,0.74,1,65003
2651138,57.99,57.98,59.02,62.04,0,0,23.72,21.95,57.24,0.97,2.04,64530,1,31.23,60.0,0.74,1,65503
2651659,58.04,57.98,59.02,62.04,0,0,23.76,21.95,57.24,0.97,2.04,64530,1,31.24,60.0,0.74,1,66003
2652168,58.04,58.01,59.02,62.04,0,0,23.76,21.98,57.24,0.97,2.04,64530,1,31.24,60.0,0.77,1,66503
2652677,58.02,58.02,59.02,62.04,0,0,23.68,21.98,57.24,0.97,2.04,64530,1,31.23,60.0,0.78,1,67003
2653186,58.03,58.03,59.02,62.04,0,0,23.74,21.97,57.24,0.97,2.04,64530,1,31.23,60.0,0.79,1,68009
2653695,58.03,58.03,59.02,62.04,0,0,23.74,21.97,57.24,0.97,2.04,64530,1,31.23,60.0,0.79,1,68509
2654204,58.03,58.03,59.02,62.04,0,0,23.74,21.97,57.24,0.97,2.04,64530,1,31.23,60.0,0.79,1,69009
2654713,58.03,58.03,59.02,62.04,0,0,23.87,21.97,57.24,0.97,2.04,64530,1,31.23,60.0,0.79,1,69509
2655222,58.03,58.03,59.02,62.04,0,0,24.51,21.99,57.24,0.97,2.04,64530,1,31.25,60.0,0.79,1,70009
2655731,58.05,58.03,59.02,62.04,0,0,24.07,21.99,57.24,0.97,2.04,64530,1,31.27,60.0,0.79,1,70509
2656240,58.05,58.04,59.02,62.04,0,0,24.07,22.01,57.24,0.97,2.04,64530,1,31.27,60.0,0.8,1,71009
2656749,58.01,58.03,59.02,62.04,0,0,24.22,21.97,57.24,0.97,2.04,64530,1,31.24,60.0,0.79,1,71509
2657258,58.02,58.02,59.02,62.04,0,0,23.96,21.97,57.24,0.97,2.04,64530,1,31.23,60.0,0.78,1,72009
2657767,58.02,58.02,59.02,62.04,0,0,23.96,21.96,57.24,0.97,2.04,64530,1,31.23,60.0,0.78,1,72509
2658276,57.99,58.0,59.02,62.04,0,0,24.4,21.96,57.24,0.97,2.04,64530,1,31.24,60.0,0.76,1,73009
2658785,58.05,58.03,59.02,62.04,0,0,24.14,21.98,57.24,0.97,2.04,64530,1,31.24,60.0,0.79,1,73509
2659295,58.05,58.04,59.02,62.04,0,0,24.14,21.98,57.24,0.97,2.04,64530,1,31.24,60.0,0.8,1,74009
2659804,58.01,58.04,59.02,62.04,0,0,24.31,21.98,57.24,0.97,2.04,64530,1,31.24,60.0,0.8,1,74509
2660313,58.01,58.03,59.02,62.04,0,0,24.31,21.97,57.24,0.97,2.04,64530,1,31.24,60.0,0.79,1,75009
2660822,58.04,58.03,59.02,62.04,0,0,24.18,21.98,57.24,0.97,2.04,64530,1,31.24,60.0,0.79,1,75509
2661331,58.04,58.03,59.02,62.04,0,0,24.18,21.98,57.24,0.97,2.04,64530,1,31.24,60.0,0.79,1,76009
2661840,58.05,58.04,59.02,62.04,0,0,24.27,21.98,57.24,0.97,2.04,64530,1,31.24,60.0,0.8,1,76509
2662349,58.05,58.04,59.02,62.04,0,0,24.27,21.98,57.24,0.97,2.04,64530,1,31.24,60.0,0.8,1,77009
2662858,58.05,58.05,59.02,62.04,0,0,24.42,21.98,57.24,0.97,2.04,64530,1,31.24,60.0,0.81,1,77509
2663367,58.05,58.05,59.02,62.04,0,0,24.42,21.98,57.24,0.97,2.04,64530,1,31.24,60.0,0.81,1,78009
2663876,58.09,58.07,59.02,62.04,0,0,24.46,21.99,57.24,0.97,2.04,64530,1,31.24,60.0,0.83,1,78509
2664385,58.09,58.08,59.02,62.04,0,0,24.62,21.99,57.24,0.97,2.04,64530,1,31.25,60.0,0.84,1,79009
2664894,58.09,58.08,59.02,62.04,0,0,24.62,22.01,57.24,0.97,2.04,64530,1,31.25,60.0,0.84,1,79509
2665403,58.11,58.1,59.02,62.04,0,0,24.62,21.97,57.24,0.97,2.04,64530,1,31.21,60.0,0.85,1,80009
2665912,58.11,58.1,59.02,62.04,0,0,24.62,21.97,57.24,0.97,2.04,64530,1,31.21,60.0,0.86,1,80509
2666421,58.11,58.11,59.02,62.04,0,0,24.7,22.0,57.24,0.97,2.04,64530,1,31.24,60.0,0.87,1,81025
2666930,58.1,58.11,59.02,62.04,0,0,24.73,22.0,57.24,0.97,2.04,64530,1,31.24,60.0,0.87,1,81525
2667439,58.1,58.11,59.02,62.04,0,0,24.73,22.0,57.24,0.97,2.04,64530,1,31.24,60.0,0.86,1,82025
2667948,58.08,58.09,59.02,62.04,0,0,24.81,21.98,57.24,0.97,2.04,64530,1,31.23,60.0,0.85,1,82525
2668457,58.12,58.11,59.02,62.04,0,0,24.6,22.01,57.24,0.97,2.04,64530,1,31.25,60.0,0.86,1,83025
2668966,58.12,58.11,59.02,62.04,0,0,24.6,22.01,57.24,0.97,2.04,64530,1,31.25,60.0,0.87,1,83525
2669476,58.12,58.11,59.02,62.04,0,0,24.79,22.01,57.24,0.97,2.04,64530,1,31.25,60.0,0.87,1,84025
2669985,58.14,58.11,59.02,62.04,0,0,24.99,22.01,57.24,0.97,2.04,64530,1,31.24,60.0,0.87,1,84525
2670494,58.15,58.13,59.02,62.04,0,0,24.7,22.01,57.24,0.97,2.04,64530,1,31.24,60.0,0.88,1,85025
2671003,58.15,58.14,59.02,62.04,0,0,24.7,22.01,57.24,0.97,2.04,64530,1,31.24,60.0,0.9,1,85525
2671512,58.15,58.14,59.02,62.04,0,0,24.79,22.01,57.24,0.97,2.04,64530,1,31.25,60.0,0.9,1,86025
2672021,58.17,58.15,59.02,62.04,0,0,24.75,22.02,57.24,0.97,2.04,64530,1,31.24,60.0,0.91,1,86525
2672530,58.17,58.16,59.02,62.04,0,0,24.75,22.02,57.24,0.97,2.04,64530,1,31.24,60.0,0.92,1,87025
2673039,58.13,58.17,59.02,62.04,0,0,25.01,22.02,57.24,0.97,2.04,64530,1,31.23,60.0,0.93,1,87525
2673548,58.13,58.15,59.02,62.04,0,0,25.01,21.99,57.24,0.97,2.04,64530,1,31.23,60.0,0.91,1,88025
2674057,58.14,58.15,59.02,62.04,0,0,24.95,22.03,57.24,0.97,2.04,64530,1,31.27,60.0,0.91,1,88525
2674566,58.14,58.14,59.02,62.04,0,0,24.95,22.03,57.24,0.97,2.04,64530,1,31.27,60.0,0.9,1,89025
2675075,58.17,58.14,59.02,62.04,0,0,25.01,22.03,57.24,0.97,2.04,64530,1,31.24,60.0,0.9,1,89525
2675584,58.17,58.16,59.02,62.04,0,0,25.01,22.02,57.24,0.97,2.04,64530,1,31.24,60.0,0.92,1,90025
2676093,58.17,58.17,59.02,62.04,0,0,25.01,22.02,57.24,0.97,2.04,64530,1,31.24,60.0,0.93,1,90525
2676602,58.2,58.17,59.02,62.04,0,0,25.19,22.02,57.24,0.97,2.04,64530,1,31.24,60.0,0.93,1,91025
2677111,58.2,58.18,59.02,62.04,0,0,25.19,22.02,57.24,0.97,2.04,64530,1,31.24,60.0,0.94,1,91525
2677620,58.19,58.19,59.02,62.04,0,0,25.72,22.02,57.24,0.97,2.04,64530,1,31.27,60.0,0.95,1,92025
2678129,58.19,58.19,59.02,62.04,0,0,25.72,22.05,57.24,0.97,2.04,64530,1,31.27,60.0,0.95,1,92525
2678638,58.19,58.19,59.02,62.04,0,0,25.72,22.05,57.24,0.97,2.04,64530,1,31.27,60.0,0.95,1,93025
2679147,58.18,58.19,59.02,62.04,0,0,25.19,22.05,57.24,0.97,2.04,64530,1,31.23,60.0,0.95,1,93525
2679656,58.2,58.19,59.02,62.04,0,0,25.25,22.01,57.24,0.97,2.04,64530,1,31.27,60.0,0.95,1,94025
2680165,58.2,58.2,59.02,62.04,0,0,25.25,22.05,57.24,0.97,2.04,64530,1,31.27,60.0,0.95,1,94525
2680674,58.26,58.2,59.02,62.04,0,0,25.3,22.05,57.24,0.97,2.04,64530,1,31.23,60.0,0.96,1,95025
2681183,58.26,58.23,59.02,62.04,0,0,25.3,22.03,57.24,0.97,2.04,64530,1,31.23,60.0,0.99,1,95525
2681692,58.24,58.24,59.02,62.04,0,0,25.25,22.03,57.24,0.97,2.04,64530,1,31.25,60.0,1.0,1,96025
2682201,58.24,58.24,59.02,62.04,0,0,25.25,22.05,57.24,0.97,2.04,64530,1,31.25,60.0,1.0,1,96528
2682710,58.24,58.24,59.02,62.04,0,0,25.5,22.05,57.24,0.97,2.04,64530,1,31.25,60.0,1.0,1,97533
2683219,58.31,58.28,59.02,62.04,0,0,25.67,22.06,57.24,0.97,2.04,64530,1,31.24,60.0,1.04,1,98033
2683728,58.31,58.29,59.02,62.04,0,0,25.67,22.06,57.24,0.97,2.04,64530,1,31.24,60.0,1.05,1,98533
2684237,58.29,58.29,59.02,62.04,0,0,25.45,22.05,57.24,0.97,2.04,64530,1,31.24,60.0,1.05,1,99033
2684746,58.29,58.29,59.02,62.04,0,0,25.45,22.05,57.24,0.97,2.04,64530,1,31.24,60.0,1.05,1,99533
2685255,58.29,58.29,59.02,62.04,0,0,25.45,22.05,57.24,0.97,2.04,64530,1,31.24,60.0,1.05,1,100033
2685764,58.25,58.27,59.02,62.04,0,0,25.61,22.05,57.24,0.97,2.04,64530,1,31.25,60.0,1.03,1,100533
2686273,58.25,58.26,59.02,62.04,0,0,25.61,22.05,57.24,0.97,2.04,64530,1,31.25,60.0,1.02,1,101033
2686782,58.25,58.26,59.02,62.04,0,0,25.61,22.05,57.24,0.97,2.04,64530,1,31.25,60.0,1.02,1,101533
2687291,58.3,58.28,59.02,62.04,0,0,25.74,22.07,57.24,0.97,2.04,64530,1,31.25,60.0,1.04,1,102034
2687800,58.38,58.33,59.02,62.04,0,0,25.76,22.1,57.24,0.97,2.04,64530,1,31.27,60.0,1.09,1,102535
2688310,58.33,58.35,59.02,62.04,0,0,26.18,22.1,57.24,0.97,2.04,64530,1,31.25,60.0,1.11,1,103035
2688820,58.33,58.34,59.02,62.04,0,0,26.18,22.07,57.24,0.97,2.04,64530,1,31.25,60.0,1.1,1,103535
2689329,58.35,58.35,59.02,62.04,0,0,25.63,22.08,57.24,0.97,2.04,64530,1,31.25,60.0,1.11,1,104035
2689838,58.35,58.35,59.02,62.04,0,0,25.63,22.08,57.24,0.97,2.04,64530,1,31.25,60.0,1.11,1,104535
2690347,58.35,58.35,59.02,62.04,0,0,25.63,22.08,57.24,0.97,2.04,64530,1,31.25,60.0,1.11,1,105035
2690856,58.35,58.35,59.02,62.04,0,0,25.63,22.08,57.24,0.97,2.04,64530,1,31.25,60.0,1.11,1,105535
2691365,58.4,58.35,59.02,62.04,0,0,25.7,22.08,57.24,0.97,2.04,64530,1,31.25,60.0,1.11,1,106035
2691874,58.38,58.38,59.02,62.04,0,0,25.78,22.09,57.24,0.97,2.04,64530,1,31.25,60.0,1.14,1,106535
2692383,58.38,58.38,59.02,62.04,0,0,25.78,22.09,57.24,0.97,2.04,64530,1,31.25,60.0,1.14,1,107035
2692892,58.43,58.4,59.02,62.04,0,0,26.01,22.1,57.24,0.97,2.04,64530,1,31.25,60.0,1.16,1,107535
2693401,58.43,58.42,59.02,62.04,0,0,26.01,22.1,57.24,0.97,2.04,64530,1,31.25,60.0,1.17,1,108035
2693910,58.38,58.4,59.02,62.04,0,0,25.78,22.09,57.24,0.97,2.04,64530,1,31.25,60.0,1.15,1,108535
2694419,58.46,58.43,59.02,62.04,0,0,26.25,22.1,57.24,0.97,2.04,64530,1,31.24,60.0,1.19,1,109049
2694928,58.43,58.45,59.02,62.04,0,0,26.01,22.1,57.24,0.97,2.04,64530,1,31.24,60.0,1.21,1,109549
2695438,58.43,58.44,59.02,62.04,0,0,26.01,22.09,57.24,0.97,2.04,64530,1,31.24,60.0,1.2,1,110049
2695947,58.43,58.43,59.02,62.04,0,0,25.98,22.11,57.24,0.97,2.04,64530,1,31.27,60.0,1.19,1,110551
2696456,58.45,58.43,59.02,62.04,0,0,25.96,22.11,57.24,0.97,2.04,64530,1,31.25,60.0,1.19,1,111051
2696965,58.45,58.44,59.02,62.04,0,0,25.96,22.11,57.24,0.97,2.04,64530,1,31.25,60.0,1.2,1,111551
2697474,58.47,58.45,59.02,62.04,0,0,25.74,22.11,57.24,0.97,2.04,64530,1,31.27,60.0,1.21,1,112051
2697983,58.47,58.46,59.02,62.04,0,0,25.74,22.12,57.24,0.97,2.04,64530,1,31.27,60.0,1.22,1,112551
2698492,58.47,58.46,59.02,62.04,0,0,25.74,22.12,57.24,0.97,2.04,64530,1,31.27,60.0,1.22,1,113051
2699001,58.47,58.46,59.02,62.04,0,0,25.74,22.12,57.24,0.97,2.04,64530,1,31.27,60.0,1.22,1,113551
2699510,58.5,58.47,59.02,62.04,0,0,26.58,22.12,57.24,0.97,2.04,64530,1,31.25,60.0,1.23,1,114051
2700019,58.5,58.49,59.02,62.04,0,0,26.58,22.12,57.24,0.97,2.04,64530,1,31.25,60.0,1.24,1,114551
2700540,58.51,58.49,59.02,62.04,0,0,26.09,22.12,57.24,0.97,2.04,64530,1,31.25,60.0,1.25,1,115051
2701050,58.51,58.5,59.02,62.04,0,0,26.09,22.13,57.24,0.97,2.04,64530,1,31.25,60.0,1.26,1,115551
2701559,58.51,58.51,59.02,62.04,0,0,26.09,22.13,57.24,0.97,2.04,64530,1,31.25,60.0,1.27,1,116053
2702068,58.6,58.56,59.02,62.04,0,0,26.38,22.15,57.24,0.97,2.04,64530,1,31.25,60.0,1.31,1,116554
2702577,58.6,58.58,59.02,62.04,0,0,26.38,22.15,57.24,0.97,2.04,64530,1,31.25,60.0,1.34,1,117054
2703086,58.6,58.59,59.02,62.04,0,0,26.38,22.15,57.24,0.97,2.04,64530,1,31.25,60.0,1.35,1,117554
2703595,58.57,58.6,59.02,62.04,0,0,26.32,22.15,57.24,0.97,2.04,64530,1,31.27,60.0,1.36,1,118054
2704104,58.6,58.58,59.02,62.04,0,0,26.27,22.15,57.24,0.97,2.04,64530,1,31.25,60.0,1.34,1,118554
2704613,58.6,58.59,59.02,62.04,0,0,26.27,22.15,57.24,0.97,2.04,64530,1,31.25,60.0,1.35,1,119054
2705122,58.64,58.6,59.02,62.04,0,0,26.34,22.15,57.24,0.97,2.04,64530,1,31.25,60.0,1.36,1,119554
2705631,58.63,58.62,59.02,62.04,0,0,26.38,22.16,57.24,0.97,2.04,64530,1,31.25,60.0,1.38,1,120054
2706140,58.68,58.62,59.02,62.04,0,0,26.52,22.16,57.24,0.97,2.04,64530,1,31.25,60.0,1.38,1,120554
2706649,58.68,58.65,59.02,62.04,0,0,26.52,22.17,57.24,0.97,2.04,64530,1,31.25,60.0,1.41,1,121054
2707158,58.65,58.66,59.02,62.04,0,0,26.47,22.17,57.24,0.97,2.04,64530,1,31.24,60.0,1.42,1,121554
2707667,58.69,58.66,59.02,62.04,0,0,26.43,22.15,57.24,0.97,2.04,64530,1,31.25,60.0,1.42,1,122054
2708176,58.69,58.67,59.02,62.04,0,0,26.43,22.17,57.24,0.97,2.04,64530,1,31.25,60.0,1.43,1,122554
2708685,58.74,58.68,59.02,62.04,0,0,26.56,22.17,57.24,0.97,2.04,64530,1,31.25,60.0,1.44,1,123054
2709194,58.74,58.71,59.02,62.04,0,0,26.47,22.19,57.24,0.97,2.04,64530,1,31.27,60.0,1.47,1,123554
2709703,58.74,58.73,59.02,62.04,0,0,26.47,22.2,57.24,0.97,2.04,64530,1,31.27,60.0,1.49,1,124054
2710212,58.74,58.73,59.02,62.04,0,0,26.47,22.2,57.24,0.97,2.04,64530,1,31.27,60.0,1.49,1,124554
2710721,58.78,58.75,59.02,62.04,0,0,26.52,22.2,57.24,0.97,2.04,64530,1,31.25,60.0,1.51,1,125064
2711230,58.78,58.77,59.02,62.04,0,0,26.52,22.2,57.24,0.97,2.04,64530,1,31.25,60.0,1.52,1,125564
2711739,58.78,58.77,59.02,62.04,0,0,26.72,22.2,57.24,0.97,2.04,64530,1,31.25,60.0,1.53,1,126064
2712248,58.78,58.77,59.02,62.04,0,0,26.72,22.2,57.24,0.97,2.04,64530,1,31.25,60.0,1.53,1,127071
2712757,58.83,58.8,59.02,62.04,0,0,26.52,22.23,57.24,0.97,2.04,64530,1,31.27,60.0,1.56,1,127571
2713266,58.83,58.82,59.02,62.04,0,0,26.52,22.23,57.24,0.97,2.04,64530,1,31.27,60.0,1.58,1,128071
2713775,58.84,58.83,59.02,62.04,0,0,26.72,22.22,57.24,0.97,2.04,64530,1,31.25,60.0,1.59,1,128571
2714284,58.87,58.85,59.02,62.04,0,0,26.76,22.25,57.24,0.97,2.04,64530,1,31.28,60.0,1.61,1,129071
2714793,58.87,58.86,59.02,62.04,0,0,26.76,22.25,57.24,0.97,2.04,64530,1,31.28,60.0,1.62,1,129571
2715302,58.89,58.88,59.02,62.04,0,0,26.43,22.24,57.24,0.97,2.04,64530,1,31.27,60.0,1.63,1,130071
2715811,58.89,58.88,59.02,62.04,0,0,26.43,22.24,57.24,0.97,2.04,64530,1,31.27,60.0,1.64,1,130571
2716320,58.89,58.89,59.02,62.04,0,0,26.43,22.24,57.24,0.97,2.04,64530,1,31.27,60.0,1.65,1,131071
2716829,58.96,58.92,59.02,62.04,0,0,26.74,22.25,57.24,0.97,2.04,64530,1,31.25,60.0,1.68,1,131572
2717338,58.96,58.94,59.02,62.04,0,0,26.74,22.25,57.24,0.97,2.04,64530,1,31.25,60.0,1.7,1,132072
2717847,59.01,58.95,59.02,62.04,0,0,26.8,22.25,57.24,0.97,2.04,64530,1,31.28,60.0,1.71,1,132572
2718356,59.01,58.98,59.02,62.04,0,0,26.8,22.29,57.24,0.97,2.04,64530,1,31.28,60.0,1.74,1,133072
2718865,58.95,58.97,59.02,62.04,0,0,26.72,22.26,57.24,0.97,2.04,64530,1,31.27,60.0,1.73,1,133572
2719374,58.97,58.97,59.02,62.04,0,0,26.85,22.26,57.24,0.97,2.04,64530,1,31.27,60.0,1.73,1,134072
2719883,58.97,58.97,59.02,62.04,0,0,26.85,22.26,57.24,0.97,2.04,64530,1,31.27,60.0,1.73,1,134572
2720392,58.97,58.97,59.02,62.04,0,0,26.85,22.26,57.24,0.97,2.04,64530,1,31.27,60.0,1.73,1,135072
2720901,58.97,58.97,59.02,62.04,0,0,26.85,22.26,57.24,0.97,2.04,64530,1,31.27,60.0,1.73,1,135572
2721410,58.97,58.97,59.02,62.04,0,0,26.85,22.26,57.24,0.97,2.04,64530,1,31.27,60.0,1.73,1,136073
2721919,59.08,59.02,59.02,62.04,0,0,26.89,22.28,57.24,0.97,2.04,64530,1,31.25,60.0,1.78,1,136574
2722428,59.08,59.05,59.02,62.04,1,0,26.89,22.28,57.24,0.97,2.04,137074,0,31.25,60.0,1.81,0,0
2722937,59.08,59.06,59.02,62.15,1,0,26.89,22.28,59.06,0.97,2.15,137074,0,31.25,60.0,0.0,0,500
2723446,59.17,59.07,59.02,62.15,1,0,26.89,22.28,59.07,0.97,2.15,137074,0,31.27,60.0,0.0,0,1000
2723955,59.17,59.12,59.02,62.15,1,0,26.89,22.32,59.12,0.97,2.15,137074,0,31.27,60.0,0.0,0,1500
2724464,59.15,59.13,59.02,62.15,1,0,27.01,22.33,59.13,0.97,2.15,137074,0,31.28,60.0,0.0,0,2000
2724973,59.18,59.16,59.02,62.15,1,0,26.87,22.32,59.16,0.97,2.15,137074,0,31.27,60.0,0.0,0,2500
2725482,59.18,59.17,59.02,62.15,1,0,26.87,22.32,59.17,0.97,2.15,137074,0,31.27,60.0,0.0,0,3000
2725991,59.18,59.17,59.02,62.15,1,0,26.87,22.32,59.17,0.97,2.15,137074,0,31.27,60.0,0.0,0,3500
2726500,59.24,59.21,59.02,62.15,1,0,26.74,22.34,59.21,0.97,2.15,137074,0,31.27,60.0,0.0,0,4011
2727009,59.24,59.23,59.02,62.15,1,0,26.74,22.34,59.23,0.97,2.15,137074,0,31.27,60.0,0.0,0,4511
2727518,59.26,59.23,59.02,62.15,1,0,26.78,22.34,59.23,0.97,2.15,137074,0,31.28,60.0,0.0,0,5011
2728027,59.26,59.25,59.02,62.15,1,0,26.78,22.36,59.25,0.97,2.15,137074,0,31.28,60.0,0.0,0,5511
2728536,59.28,59.26,59.02,62.15,1,0,26.74,22.37,59.26,0.97,2.15,137074,0,31.28,60.0,0.0,0,6011
2729045,59.34,59.27,59.02,62.15,1,0,26.52,22.37,59.27,0.97,2.15,137074,0,31.3,60.0,0.0,0,6511
2729554,59.34,59.31,59.02,62.15,1,0,26.52,22.39,59.31,0.97,2.15,137074,0,31.3,60.0,0.0,0,7011
2730063,59.34,59.32,59.02,62.15,1,0,26.52,22.39,59.32,0.97,2.15,137074,0,31.3,60.0,0.0,0,7511
2730572,59.33,59.33,59.02,62.15,1,0,26.54,22.37,59.33,0.97,2.15,137074,0,31.27,60.0,0.0,0,8011
2731081,59.33,59.33,59.02,62.15,1,0,26.54,22.37,59.33,0.97,2.15,137074,0,31.27,60.0,0.0,0,8511
2731590,59.42,59.33,59.02,62.15,1,0,26.27,22.37,59.33,0.97,2.15,137074,0,31.3,60.0,0.0,0,9011
2732099,59.45,59.38,59.02,62.15,1,0,26.25,22.42,59.38,0.97,2.15,137074,0,31.28,60.0,0.0,0,9511
2732608,59.45,59.41,59.02,62.15,1,0,26.25,22.41,59.41,0.97,2.15,137074,0,31.28,60.0,0.0,0,10011
2733117,59.45,59.43,59.02,62.15,1,0,26.25,22.41,59.43,0.97,2.15,137074,0,31.28,60.0,0.0,0,10511
2733636,59.48,59.44,59.02,62.15,1,0,25.83,22.41,59.44,0.97,2.15,137074,0,31.25,60.0,0.0,0,11011
2734145,59.48,59.46,59.02,62.15,1,0,25.83,22.39,59.46,0.97,2.15,137074,0,31.25,60.0,0.0,0,11511
2734654,59.48,59.47,59.02,62.15,1,0,26.14,22.39,59.47,0.97,2.15,137074,0,31.27,60.0,0.0,0,12011
2735163,59.53,59.47,59.02,62.15,1,0,25.63,22.41,59.47,0.97,2.15,137074,0,31.28,60.0,0.0,0,12511
2735672,59.58,59.5,59.02,62.15,1,0,25.59,22.44,59.5,0.97,2.15,137074,0,31.27,60.0,0.0,0,13011
2736181,59.56,59.54,59.02,62.15,1,0,25.3,22.43,59.54,0.97,2.15,137074,0,31.28,60.0,0.0,0,13511
2736690,59.56,59.55,59.02,62.15,1,0,25.3,22.44,59.55,0.97,2.15,137074,0,31.28,60.0,0.0,0,14011
2737199,59.57,59.55,59.02,62.15,1,0,25.32,22.44,59.55,0.97,2.15,137074,0,31.27,60.0,0.0,0,14511
2737708,59.57,59.56,59.02,62.15,1,0,25.32,22.43,59.56,0.97,2.15,137074,0,31.27,60.0,0.0,0,15011
2738217,59.65,59.56,59.02,62.15,1,0,25.39,22.43,59.56,0.97,2.15,137074,0,31.28,60.0,0.0,0,15511
2738726,59.65,59.61,59.02,62.15,1,0,25.39,22.47,59.61,0.97,2.15,137074,0,31.28,60.0,0.0,0,16011
2739235,59.69,59.63,59.02,62.15,1,0,24.97,22.47,59.63,0.97,2.15,137074,0,31.3,60.0,0.0,0,16511
2739744,59.67,59.66,59.02,62.15,1,0,24.73,22.49,59.66,0.97,2.15,137074,0,31.3,60.0,0.0,0,17011
2740253,59.67,59.66,59.02,62.15,1,0,24.73,22.49,59.66,0.97,2.15,137074,0,31.3,60.0,0.0,0,17511
2740762,59.67,59.67,59.02,62.15,1,0,24.73,22.49,59.67,0.97,2.15,137074,0,31.3,60.0,0.0,0,18511
2741271,59.72,59.7,59.02,62.15,1,0,24.55,22.5,59.7,0.97,2.15,137074,0,31.3,60.0,0.0,0,19011
2741780,59.72,59.71,59.02,62.15,1,0,24.55,22.5,59.71,0.97,2.15,137074,0,31.3,60.0,0.0,0,19511
2742289,59.72,59.72,59.02,62.15,1,0,24.55,22.5,59.72,0.97,2.15,137074,0,31.3,60.0,0.0,0,20011
2742798,59.79,59.75,59.02,62.15,1,0,24.46,22.52,59.75,0.97,2.15,137074,0,31.3,60.0,0.0,0,20511
2743313,59.8,59.77,59.02,62.15,1,0,23.65,22.52,59.77,0.97,2.15,137074,0,31.28,60.0,0.0,0,21011
2743822,59.8,59.78,59.02,62.15,1,0,23.65,22.51,59.78,0.97,2.15,137074,0,31.28,60.0,0.0,0,21511
2744331,59.8,59.79,59.02,62.15,1,0,23.65,22.51,59.79,0.97,2.15,137074,0,31.28,60.0,0.0,0,22011
2744840,59.8,59.79,59.02,62.15,1,0,23.65,22.51,59.79,0.97,2.15,137074,0,31.28,60.0,0.0,0,22511
2745349,59.87,59.83,59.02,62.15,1,0,24.51,22.51,59.83,0.97,2.15,137074,0,31.27,60.0,0.0,0,23011
2745858,59.9,59.86,59.02,62.15,1,0,23.92,22.54,59.86,0.97,2.15,137074,0,31.28,60.0,0.0,0,23523
2746367,59.9,59.88,59.02,62.15,1,0,23.92,22.54,59.88,0.97,2.15,137074,0,31.28,60.0,0.0,0,24023
2746876,59.94,59.91,59.02,62.15,1,0,23.55,22.56,59.91,0.97,2.15,137074,0,31.3,60.0,0.0,0,24523
2747385,59.94,59.92,59.02,62.15,1,0,23.55,22.56,59.92,0.97,2.15,137074,0,31.3,60.0,0.0,0,25023
2747894,59.95,59.94,59.02,62.15,1,0,23.42,22.56,59.94,0.97,2.15,137074,0,31.3,60.0,0.0,0,25523
2748403,60.0,59.97,59.02,62.15,1,0,23.31,22.58,59.97,0.97,2.15,137074,0,31.3,60.0,0.0,0,26023
2748912,60.0,59.98,59.02,62.15,1,0,23.31,22.58,59.98,0.97,2.15,137074,0,31.3,60.0,0.0,0,26523
2749421,59.96,59.97,59.02,62.15,1,0,23.2,22.55,59.98,0.97,2.15,137074,0,31.28,60.0,0.01,0,27023
2749930,60.03,60.0,59.02,62.15,1,0,23.02,22.57,60.0,0.97,2.15,137074,0,31.28,60.0,0.0,0,27523
2750439,60.03,60.02,59.02,62.15,1,0,23.09,22.57,60.02,0.97,2.15,137074,0,31.28,60.0,0.0,0,28023
2750948,60.03,60.03,59.02,62.15,1,0,23.09,22.57,60.03,0.97,2.15,137074,0,31.28,60.0,0.0,0,28523
2751457,60.1,60.03,59.02,62.15,1,0,22.87,22.57,60.03,0.97,2.15,137074,0,31.3,60.0,0.0,0,29023
2751966,60.1,60.06,59.02,62.15,1,0,22.87,22.6,60.06,0.97,2.15,137074,0,31.3,60.0,0.0,0,29523
2752475,60.06,60.06,59.02,62.15,1,0,22.74,22.58,60.06,0.97,2.15,137074,0,31.28,60.0,0.0,0,30023
2752984,60.06,60.06,59.02,62.15,1,0,22.74,22.58,60.06,0.97,2.15,137074,0,31.28,60.0,0.0,0,30523
2753493,60.14,60.1,59.02,62.15,1,0,22.55,22.62,60.1,0.97,2.15,137074,0,31.3,60.0,0.0,0,31023
2754002,60.13,60.12,59.02,62.15,1,0,22.35,22.59,60.12,0.97,2.15,137074,0,31.27,60.0,0.0,0,31523
2754511,60.13,60.12,59.02,62.15,1,0,22.35,22.59,60.12,0.97,2.15,137074,0,31.27,60.0,0.0,0,32023
2755020,60.15,60.14,59.02,62.15,1,0,22.26,22.62,60.14,0.97,2.15,137074,0,31.3,60.0,0.0,0,32523
2755529,60.15,60.14,59.02,62.15,1,0,22.26,22.62,60.14,0.97,2.15,137074,0,31.3,60.0,0.0,0,33023
2756038,60.16,60.15,59.02,62.15,1,0,21.98,22.61,60.15,0.97,2.15,137074,0,31.28,60.0,0.0,0,33523
2756547,60.16,60.15,59.02,62.15,1,0,21.98,22.61,60.15,0.97,2.15,137074,0,31.28,60.0,0.0,0,34023
2757056,60.16,60.16,59.02,62.15,1,0,21.98,22.61,60.16,0.97,2.15,137074,0,31.28,60.0,0.0,0,34523
2757565,60.23,60.16,59.02,62.15,1,0,21.79,22.61,60.16,0.97,2.15,137074,0,31.31,60.0,0.0,0,35023
2758074,60.23,60.19,59.02,62.15,1,0,21.79,22.65,60.19,0.97,2.15,137074,0,31.31,60.0,0.0,0,35523
2758583,60.22,60.21,59.02,62.15,1,0,21.83,22.64,60.21,0.97,2.15,137074,0,31.3,60.0,0.0,0,36023
2759092,60.26,60.21,59.02,62.15,1,0,21.61,22.64,60.21,0.97,2.15,137074,0,31.27,60.0,0.0,0,36523
2759601,60.29,60.24,59.02,62.15,1,0,21.64,22.62,60.24,0.97,2.15,137074,0,31.3,60.0,0.0,0,37023
2760126,60.3,60.26,59.02,62.15,1,0,21.57,22.66,60.26,0.97,2.15,137074,0,31.3,60.0,0.0,0,37523
2760635,60.3,60.28,59.02,62.15,1,0,21.57,22.66,60.28,0.97,2.15,137074,0,31.3,60.0,0.0,0,38023
2761144,60.3,60.29,59.02,62.15,1,0,21.44,22.65,60.29,0.97,2.15,137074,0,31.28,60.0,0.0,0,38523
2761653,60.35,60.29,59.02,62.15,1,0,21.22,22.65,60.29,0.97,2.15,137074,0,31.3,60.0,0.0,0,39023
2762162,60.35,60.32,59.02,62.15,1,0,21.22,22.67,60.32,0.97,2.15,137074,0,31.3,60.0,0.0,0,39523
2762671,60.35,60.33,59.02,62.15,1,0,21.22,22.67,60.33,0.97,2.15,137074,0,31.3,60.0,0.0,0,40023
2763184,60.43,60.34,59.02,62.15,1,0,21.07,22.67,60.34,0.97,2.15,137074,0,31.28,60.0,0.0,0,40523
2763693,60.43,60.39,59.02,62.15,1,0,21.07,22.68,60.39,0.97,2.15,137074,0,31.28,60.0,0.0,0,41023
2764202,60.43,60.41,59.02,62.15,1,0,21.07,22.68,60.41,0.97,2.15,137074,0,31.28,60.0,0.0,0,41527
2764711,60.45,60.42,59.02,62.15,1,0,20.79,22.68,60.42,0.97,2.15,137074,0,31.28,60.0,0.0,0,42027
2765220,60.45,60.43,59.02,62.15,1,0,20.79,22.69,60.43,0.97,2.15,137074,0,31.28,60.0,0.0,0,42527
2765729,60.48,60.44,59.02,62.15,1,0,21.22,22.69,60.44,0.97,2.15,137074,0,31.28,60.0,0.0,0,43027
2766238,60.48,60.46,59.02,62.15,1,0,21.22,22.7,60.46,0.97,2.15,137074,0,31.28,60.0,0.0,0,43527
2766747,60.55,60.47,59.02,62.15,1,0,20.53,22.7,60.47,0.97,2.15,137074,0,31.3,60.0,0.0,0,44027
2767256,60.6,60.51,59.02,62.15,1,0,20.49,22.73,60.51,0.97,2.15,137074,0,31.28,60.0,0.0,0,44527
2767765,60.6,60.55,59.02,62.15,1,0,20.49,22.73,60.55,0.97,2.15,137074,0,31.28,60.0,0.0,0,45027
2768274,60.62,60.58,59.02,62.15,1,0,20.25,22.73,60.58,0.97,2.15,137074,0,31.28,60.0,0.0,0,45527
2768783,60.62,60.61,59.02,62.15,1,0,20.25,22.73,60.61,0.97,2.15,137074,0,31.28,60.0,0.0,0,46532
2769292,60.62,60.61,59.02,62.15,1,0,20.25,22.73,60.61,0.97,2.15,137074,0,31.28,60.0,0.0,0,47032
2769801,60.66,60.64,59.02,62.15,1,0,20.02,22.76,60.64,0.97,2.15,137074,0,31.3,60.0,0.0,0,47532
2770310,60.69,60.66,59.02,62.15,1,0,20.08,22.78,60.66,0.97,2.15,137074,0,31.31,60.0,0.0,0,48032
2770819,60.69,60.68,59.02,62.15,1,0,20.08,22.78,60.68,0.97,2.15,137074,0,31.31,60.0,0.0,0,48532
2771328,60.69,60.68,59.02,62.15,1,0,20.08,22.78,60.68,0.97,2.15,137074,0,31.31,60.0,0.0,0,49032
2771837,60.75,60.72,59.02,62.15,1,0,19.97,22.78,60.72,0.97,2.15,137074,0,31.3,60.0,0.0,0,49532
2772346,60.75,60.73,59.02,62.15,1,0,19.97,22.78,60.73,0.97,2.15,137074,0,31.3,60.0,0.0,0,50032
2772855,60.82,60.78,59.02,62.15,1,0,19.61,22.79,60.78,0.97,2.15,137074,0,31.28,60.0,0.0,0,50532
2773364,60.82,60.8,59.02,62.15,1,0,19.61,22.79,60.8,0.97,2.15,137074,0,31.28,60.0,0.0,0,51032
2773873,60.84,60.82,59.02,62.15,1,0,19.56,22.82,60.82,0.97,2.15,137074,0,31.31,60.0,0.0,0,51532
2774382,60.84,60.83,59.02,62.15,1,0,19.56,22.82,60.83,0.97,2.15,137074,0,31.31,60.0,0.0,0,52032
2774891,60.89,60.86,59.02,62.15,1,0,19.65,22.79,60.86,0.97,2.15,137074,0,31.27,60.0,0.0,0,52532
2775400,60.92,60.89,59.02,62.15,1,0,19.37,22.83,60.89,0.97,2.15,137074,0,31.3,60.0,0.0,0,53032
2775909,60.95,60.91,59.02,62.15,1,0,19.33,22.83,60.91,0.97,2.15,137074,0,31.28,60.0,0.0,0,53532
2776418,60.95,60.93,59.02,62.15,1,0,19.33,22.82,60.93,0.97,2.15,137074,0,31.28,60.0,0.0,0,54032
2776927,60.98,60.94,59.02,62.15,1,0,19.13,22.82,60.94,0.97,2.15,137074,0,31.3,60.0,0.0,0,54532
2777436,60.98,60.96,59.02,62.15,1,0,19.13,22.84,60.96,0.97,2.15,137074,0,31.3,60.0,0.0,0,55032
2777945,60.98,60.97,59.02,62.15,1,0,19.13,22.84,60.97,0.97,2.15,137074,0,31.3,60.0,0.0,0,55532
2778454,61.01,60.97,59.02,62.15,1,0,19.03,22.84,60.97,0.97,2.15,137074,0,31.3,60.0,0.0,0,56032
2778967,60.99,60.99,59.02,62.15,1,0,18.88,22.85,60.99,0.97,2.15,137074,0,31.28,60.0,0.0,0,56532
2779476,60.99,60.99,59.02,62.15,1,0,18.88,22.83,60.99,0.97,2.15,137074,0,31.28,60.0,0.0,0,57032
2779985,60.99,60.99,59.02,62.15,1,0,18.88,22.83,60.99,0.97,2.15,137074,0,31.28,60.0,0.0,0,57532
2780494,61.05,60.99,59.02,62.15,1,0,18.34,22.83,60.99,0.97,2.15,137074,0,31.28,60.0,0.0,0,58032
2781003,61.05,61.02,59.02,62.15,1,1,18.34,22.85,61.02,0.97,2.15,137074,0,31.28,60.0,0.0,1,58532
2781512,61.05,61.03,59.02,62.15,1,1,18.34,22.85,61.03,0.97,2.15,137074,0,31.28,60.0,0.0,1,59032
2782021,61.05,61.04,59.02,62.15,1,1,18.34,22.85,61.04,0.97,2.15,137074,0,31.28,60.0,0.0,1,59532
2782530,61.06,61.05,59.02,62.15,1,1,18.51,22.87,61.05,0.97,2.15,137074,0,31.3,60.0,0.0,1,60032
2783039,61.11,61.08,59.02,62.15,1,1,18.75,22.87,61.08,0.97,2.15,137074,0,31.28,60.0,0.0,1,60532
2783548,61.1,61.09,59.02,62.15,1,1,18.68,22.88,61.09,0.97,2.15,137074,0,31.3,60.0,0.0,1,61046
2784057,61.14,61.09,59.02,62.15,1,1,18.92,22.88,61.09,0.97,2.15,137074,0,31.3,60.0,0.0,1,61546
2784566,61.14,61.12,59.02,62.15,1,1,18.92,22.89,61.12,0.97,2.15,137074,0,31.3,60.0,0.0,1,62046
2785075,61.01,61.13,59.02,62.15,1,1,19.18,22.89,61.13,0.97,2.15,137074,0,31.27,60.0,0.0,1,62546
2785584,60.76,61.07,59.02,62.15,1,1,19.22,22.82,61.13,0.97,2.15,137074,0,31.27,60.0,0.05,1,63046
2786093,60.76,60.91,59.02,62.15,0,1,19.22,22.76,61.13,0.97,2.15,63546,0,31.27,60.0,0.21,1,0
2786602,60.34,60.63,59.0,62.15,0,1,19.59,22.62,60.63,0.99,2.15,63546,0,31.24,60.0,0.0,1,500
2787111,59.99,60.48,59.0,62.15,0,1,19.52,22.62,60.48,0.99,2.15,63546,0,31.24,60.0,0.0,1,1000
2787620,59.99,60.24,59.0,62.15,0,0,19.52,22.52,60.24,0.99,2.15,63546,0,31.24,60.0,0.0,1,1500
2788129,59.99,60.11,59.0,62.15,0,0,19.52,22.52,60.11,0.99,2.15,63546,0,31.24,60.0,0.0,1,2000
2788638,59.99,60.05,59.0,62.15,0,0,19.52,22.52,60.05,0.99,2.15,63546,0,31.24,60.0,0.0,1,2500
2789147,59.99,60.02,59.0,62.15,0,0,19.52,22.52,60.02,0.99,2.15,63546,0,31.24,60.0,0.0,1,3000
2789656,59.99,60.0,59.0,62.15,0,0,19.52,22.52,60.0,0.99,2.15,63546,0,31.24,60.0,0.0,1,3500
2790165,58.49,60.0,59.0,62.15,0,0,19.22,22.52,60.0,0.99,2.15,63546,0,31.17,60.0,0.0,1,4000
2790677,58.49,59.24,59.0,62.15,0,0,19.22,22.04,59.24,0.99,2.15,63546,0,31.17,60.0,0.0,1,4500
2791186,58.18,58.87,59.0,62.15,0,0,18.92,22.04,58.87,0.99,2.15,63546,0,31.21,60.0,0.0,1,5000
2791695,58.18,58.52,59.0,62.15,0,0,18.92,21.99,58.52,0.99,2.15,63546,0,31.21,60.0,0.0,1,5500
2792204,58.11,58.31,59.0,62.15,0,0,18.92,21.96,58.31,0.99,2.15,63546,0,31.2,60.0,0.0,1,6000
2792713,58.11,58.21,59.0,62.15,0,0,18.92,21.96,58.21,0.99,2.15,63546,0,31.2,60.0,0.0,1,6500
2793222,57.94,58.08,59.0,62.15,0,0,19.09,21.91,58.08,0.99,2.15,63546,0,31.2,60.0,0.0,1,7000
2793731,57.85,58.01,59.0,62.15,0,0,18.81,21.91,58.01,0.99,2.15,63546,0,31.2,60.0,0.0,1,7500
2794240,57.82,57.93,59.0,62.15,0,0,18.83,21.89,57.93,0.99,2.15,63546,0,31.2,60.0,0.0,1,8000
2794749,57.78,57.87,59.0,62.15,0,0,18.7,21.88,57.87,0.99,2.15,63546,0,31.18,60.0,0.0,1,8500
2795258,57.78,57.83,59.0,62.15,0,0,18.7,21.85,57.83,0.99,2.15,63546,0,31.18,60.0,0.0,1,9000
2795767,57.78,57.8,59.0,62.15,0,0,18.7,21.85,57.8,0.99,2.15,63546,0,31.18,60.0,0.0,1,9500
2796276,57.77,57.79,59.0,62.15,0,0,18.77,21.85,57.79,0.99,2.15,63546,0,31.2,60.0,0.0,1,10000
2796785,57.78,57.78,59.0,62.15,0,0,18.83,21.86,57.78,0.99,2.15,63546,0,31.21,60.0,0.0,1,10500
2797294,57.78,57.78,59.0,62.15,0,0,18.83,21.88,57.78,0.99,2.15,63546,0,31.21,60.0,0.0,1,11000
2797803,57.68,57.73,59.0,62.15,0,0,18.81,21.81,57.73,0.99,2.15,63546,0,31.17,60.0,0.0,1,12006
2798312,57.64,57.69,59.0,62.15,0,0,19.05,21.84,57.69,0.99,2.15,63546,0,31.21,60.0,0.0,1,12506
2798821,57.54,57.61,59.0,62.15,0,0,18.92,21.77,57.61,0.99,2.15,63546,0,31.17,60.0,0.0,1,13006
2799330,57.54,57.58,59.0,62.15,0,0,18.92,21.77,57.58,0.99,2.15,63546,0,31.17,60.0,0.0,1,13506
2799839,57.49,57.53,59.0,62.15,0,0,19.13,21.76,57.53,0.99,2.15,63546,0,31.17,60.0,0.0,1,14016
2800348,57.49,57.51,59.0,62.15,0,0,19.13,21.76,57.51,0.99,2.15,63546,0,31.17,60.0,0.0,1,14516
2800857,57.41,57.46,59.0,62.15,0,0,19.18,21.75,57.46,0.99,2.15,63546,0,31.18,60.0,0.0,1,15016
2801366,57.41,57.44,59.0,62.15,0,0,19.18,21.75,57.44,0.99,2.15,63546,0,31.18,60.0,0.0,1,15516
2801875,57.44,57.44,59.0,62.15,0,0,19.18,21.76,57.44,0.99,2.15,63546,0,31.18,60.0,0.0,1,16016
2802384,57.42,57.43,59.0,62.15,0,0,19.39,21.72,57.43,0.99,2.15,63546,0,31.16,60.0,0.0,1,16516
2802893,57.45,57.43,59.0,62.15,0,0,19.33,21.72,57.43,0.99,2.15,63546,0,31.18,60.0,0.0,1,17016
2803402,57.45,57.44,59.0,62.15,0,0,19.33,21.76,57.43,0.99,2.15,63546,0,31.18,60.0,0.01,1,17516
2803911,57.45,57.44,59.0,62.15,0,0,19.33,21.76,57.43,0.99,2.15,63546,0,31.18,60.0,0.01,1,18016
2804420,57.45,57.45,59.0,62.15,0,0,19.48,21.75,57.43,0.99,2.15,63546,0,31.17,60.0,0.02,1,18516
2804929,57.45,57.45,59.0,62.15,0,0,19.48,21.75,57.43,0.99,2.15,63546,0,31.17,60.0,0.02,1,19016
2805438,57.48,57.45,59.0,62.15,0,0,20.25,21.75,57.43,0.99,2.15,63546,0,31.18,60.0,0.02,1,19516
2805947,57.48,57.46,59.0,62.15,0,0,20.25,21.77,57.43,0.99,2.15,63546,0,31.18,60.0,0.03,1,20016
2806456,57.5,57.48,59.0,62.15,0,0,20.1,21.79,57.43,0.99,2.15,63546,0,31.2,60.0,0.05,1,20516
2806965,57.5,57.49,59.0,62.15,0,0,20.1,21.79,57.43,0.99,2.15,63546,0,31.2,60.0,0.06,1,21016
2807474,57.55,57.5,59.0,62.15,0,0,20.28,21.79,57.43,0.99,2.15,63546,0,31.18,60.0,0.07,1,21516
2807983,57.55,57.53,59.0,62.15,0,0,20.28,21.79,57.43,0.99,2.15,63546,0,31.18,60.0,0.09,1,22016
2808492,57.56,57.54,59.0,62.15,0,0,19.93,21.79,57.43,0.99,2.15,63546,0,31.18,60.0,0.11,1,22516
2809001,57.6,57.55,59.0,62.15,0,0,20.04,21.79,57.43,0.99,2.15,63546,0,31.2,60.0,0.12,1,23016
2809510,57.6,57.58,59.0,62.15,0,0,20.04,21.82,57.43,0.99,2.15,63546,1,31.2,60.0,0.15,1,23516
2810019,57.58,57.58,59.0,62.15,0,0,20.25,21.8,57.43,0.99,2.15,63546,1,31.18,60.0,0.15,1,24016
2810528,57.63,57.58,59.0,62.15,0,0,20.19,21.8,57.43,0.99,2.15,63546,1,31.2,60.0,0.15,1,24516
2811037,57.63,57.6,59.0,62.15,0,0,20.19,21.82,57.43,0.99,2.15,63546,1,31.2,60.0,0.17,1,25016
2811546,57.62,57.61,59.0,62.15,0,0,20.34,21.82,57.43,0.99,2.15,63546,1,31.2,60.0,0.18,1,25516
2812055,57.62,57.61,59.0,62.15,0,0,20.34,21.82,57.43,0.99,2.15,63546,1,31.2,60.0,0.18,1,26016
2812564,57.62,57.62,59.0,62.15,0,0,20.34,21.82,57.43,0.99,2.15,63546,1,31.2,60.0,0.19,1,26516
2813073,57.68,57.65,59.0,62.15,0,0,19.63,21.85,57.43,0.99,2.15,63546,1,31.21,60.0,0.22,1,27016
2813582,57.68,57.67,59.0,62.15,0,0,19.63,21.85,57.43,0.99,2.15,63546,1,31.21,60.0,0.24,1,27516
2814091,57.71,57.67,59.0,62.15,0,0,20.15,21.85,57.43,0.99,2.15,63546,1,31.21,60.0,0.24,1,28016
2814600,57.71,57.69,59.0,62.15,0,0,20.15,21.86,57.43,0.99,2.15,63546,1,31.21,60.0,0.26,1,28516
2815109,57.74,57.72,59.0,62.15,0,0,20.71,21.85,57.43,0.99,2.15,63546,1,31.2,60.0,0.29,1,29016
2815618,57.74,57.73,59.0,62.15,0,0,20.71,21.85,57.43,0.99,2.15,63546,1,31.2,60.0,0.3,1,29518
2816127,57.74,57.73,59.0,62.15,0,0,20.66,21.85,57.43,0.99,2.15,63546,1,31.2,60.0,0.3,1,30019
2816636,57.74,57.74,59.0,62.15,0,0,20.66,21.85,57.43,0.99,2.15,63546,1,31.2,60.0,0.31,1,30519
2817145,57.75,57.74,59.0,62.15,0,0,20.86,21.85,57.43,0.99,2.15,63546,1,31.18,60.0,0.31,1,31019
2817654,57.77,57.75,59.0,62.15,0,0,20.86,21.84,57.43,0.99,2.15,63546,1,31.2,60.0,0.31,1,31519
2818163,57.77,57.76,59.0,62.15,0,0,20.86,21.86,57.43,0.99,2.15,63546,1,31.2,60.0,0.33,1,32019
2818672,57.77,57.76,59.0,62.15,0,0,20.86,21.86,57.43,0.99,2.15,63546,1,31.2,60.0,0.33,1,32519
2819181,57.85,57.76,59.0,62.15,0,0,20.9,21.86,57.43,0.99,2.15,63546,1,31.21,60.0,0.33,1,33019
2819690,57.85,57.8,59.0,62.15,0,0,21.12,21.9,57.43,0.99,2.15,63546,1,31.23,60.0,0.37,1,33519
2820199,57.85,57.83,59.0,62.15,0,0,21.12,21.91,57.43,0.99,2.15,63546,1,31.23,60.0,0.4,1,34019
2820708,57.8,57.84,59.0,62.15,0,0,21.12,21.91,57.43,0.99,2.15,63546,1,31.18,60.0,0.41,1,34519
2821217,57.8,57.82,59.0,62.15,0,0,21.12,21.86,57.43,0.99,2.15,63546,1,31.18,60.0,0.39,1,35019
2821726,57.8,57.81,59.0,62.15,0,0,21.12,21.86,57.43,0.99,2.15,63546,1,31.18,60.0,0.38,1,35519
2822235,57.87,57.81,59.0,62.15,0,0,21.51,21.86,57.43,0.99,2.15,63546,1,31.21,60.0,0.38,1,36019
2822744,57.87,57.84,59.0,62.15,0,0,21.51,21.9,57.43,0.99,2.15,63546,1,31.21,60.0,0.41,1,36519
2823253,57.91,57.87,59.0,62.15,0,0,21.31,21.91,57.43,0.99,2.15,63546,1,31.21,60.0,0.44,1,37019
2823762,57.88,57.89,59.0,62.15,0,0,21.38,21.91,57.43,0.99,2.15,63546,1,31.2,60.0,0.46,1,37519
2824271,57.88,57.89,59.0,62.15,0,0,21.38,21.89,57.43,0.99,2.15,63546,1,31.2,60.0,0.46,1,38019
2824780,57.88,57.88,59.0,62.15,0,0,21.38,21.89,57.43,0.99,2.15,63546,1,31.2,60.0,0.45,1,38519
2825289,57.88,57.88,59.0,62.15,0,0,21.38,21.89,57.43,0.99,2.15,63546,1,31.2,60.0,0.45,1,39019
2825798,57.92,57.88,59.0,62.15,0,0,21.61,21.89,57.43,0.99,2.15,63546,1,31.21,60.0,0.45,1,39519
2826307,57.92,57.9,59.0,62.15,0,0,21.61,21.92,57.43,0.99,2.15,63546,1,31.21,60.0,0.47,1,40019
2826816,57.92,57.91,59.0,62.15,0,0,21.79,21.9,57.43,0.99,2.15,63546,1,31.2,60.0,0.48,1,41019
2827325,57.93,57.92,59.0,62.15,0,0,21.85,21.92,57.43,0.99,2.15,63546,1,31.21,60.0,0.49,1,41519
2827834,57.93,57.93,59.0,62.15,0,0,21.85,21.92,57.43,0.99,2.15,63546,1,31.21,60.0,0.5,1,42019
2828343,57.97,57.95,59.0,62.15,0,0,21.85,21.95,57.43,0.99,2.15,63546,1,31.23,60.0,0.52,1,42521
2828852,57.97,57.96,59.0,62.15,0,0,21.85,21.95,57.43,0.99,2.15,63546,1,31.23,60.0,0.53,1,43021
2829361,57.97,57.96,59.0,62.15,0,0,21.96,21.93,57.43,0.99,2.15,63546,1,31.21,60.0,0.53,1,43521
2829870,57.92,57.94,59.0,62.15,0,0,21.9,21.93,57.43,0.99,2.15,63546,1,31.23,60.0,0.51,1,44021
2830379,57.92,57.93,59.0,62.15,0,0,21.9,21.93,57.43,0.99,2.15,63546,1,31.23,60.0,0.5,1,44521
2830888,57.92,57.93,59.0,62.15,0,0,21.9,21.93,57.43,0.99,2.15,63546,1,31.23,60.0,0.5,1,45021
2831397,57.92,57.93,59.0,62.15,0,0,21.9,21.93,57.43,0.99,2.15,63546,1,31.23,60.0,0.5,1,45521
2831906,57.92,57.92,59.0,62.15,0,0,21.9,21.93,57.43,0.99,2.15,63546,1,31.23,60.0,0.49,1,46021
2832415,58.02,57.97,59.0,62.15,0,0,22.24,21.95,57.43,0.99,2.15,63546,1,31.21,60.0,0.54,1,46521
2832924,57.96,58.0,59.0,62.15,0,0,22.31,21.95,57.43,0.99,2.15,63546,1,31.21,60.0,0.57,1,47021
2833433,57.96,57.98,59.0,62.15,0,0,22.31,21.93,57.43,0.99,2.15,63546,1,31.21,60.0,0.55,1,47521
2833942,58.0,57.99,59.0,62.15,0,0,22.37,21.94,57.43,0.99,2.15,63546,1,31.21,60.0,0.56,1,48021
2834451,58.0,57.99,59.0,62.15,0,0,22.37,21.94,57.43,0.99,2.15,63546,1,31.21,60.0,0.56,1,48521
2834960,58.0,57.99,59.0,62.15,0,0,22.37,21.94,57.43,0.99,2.15,63546,1,31.21,60.0,0.56,1,49021
2835469,58.02,58.01,59.0,62.15,0,0,22.33,21.96,57.43,0.99,2.15,63546,1,31.23,60.0,0.58,1,49521
2835978,58.02,58.02,59.0,62.15,0,0,22.33,21.96,57.43,0.99,2.15,63546,1,31.23,60.0,0.59,1,50021
2836487,58.02,58.02,59.0,62.15,0,0,22.33,21.96,57.43,0.99,2.15,63546,1,31.23,60.0,0.59,1,50521
2836996,58.01,58.01,59.0,62.15,0,0,22.57,21.94,57.43,0.99,2.15,63546,1,31.21,60.0,0.58,1,51021
2837505,58.03,58.02,59.0,62.15,0,0,22.65,21.97,57.43,0.99,2.15,63546,1,31.23,60.0,0.59,1,51521
2838014,58.03,58.03,59.0,62.15,0,0,22.65,21.97,57.43,0.99,2.15,63546,1,31.23,60.0,0.6,1,52021
2838523,58.03,58.03,59.0,62.15,0,0,22.68,21.97,57.43,0.99,2.15,63546,1,31.23,60.0,0.6,1,52521
2839032,58.0,58.01,59.0,62.15,0,0,22.55,21.95,57.43,0.99,2.15,63546,1,31.23,60.0,0.58,1,53021
2839541,58.07,58.01,59.0,62.15,0,0,22.44,21.95,57.43,0.99,2.15,63546,1,31.23,60.0,0.58,1,53521
2840050,58.07,58.04,59.0,62.15,0,0,22.44,21.98,57.43,0.99,2.15,63546,1,31.23,60.0,0.61,1,54021
2840559,58.06,58.05,59.0,62.15,0,0,22.72,21.97,57.43,0.99,2.15,63546,1,31.23,60.0,0.62,1,54521
2841068,58.1,58.05,59.0,62.15,0,0,22.59,21.97,57.43,0.99,2.15,63546,1,31.23,60.0,0.62,1,55021
2841577,58.08,58.08,59.0,62.15,0,0,22.94,21.98,57.43,0.99,2.15,63546,1,31.25,60.0,0.65,1,55521
2842086,58.08,58.08,59.0,62.15,0,0,22.94,22.0,57.43,0.99,2.15,63546,1,31.25,60.0,0.65,1,56021
2842595,58.1,58.09,59.0,62.15,0,0,23.11,22.0,57.43,0.99,2.15,63546,1,31.24,60.0,0.66,1,56521
2843104,58.07,58.1,59.0,62.15,0,0,23.18,22.0,57.43,0.99,2.15,63546,1,31.24,60.0,0.66,1,57021
2843613,58.07,58.08,59.0,62.15,0,0,23.18,21.99,57.43,0.99,2.15,63546,1,31.24,60.0,0.65,1,57521
2844122,58.07,58.08,59.0,62.15,0,0,23.31,21.99,57.43,0.99,2.15,63546,1,31.23,60.0,0.65,1,58021
2844631,58.07,58.08,59.0,62.15,0,0,23.31,21.98,57.43,0.99,2.15,63546,1,31.23,60.0,0.64,1,58521
2845140,58.13,58.07,59.0,62.15,0,0,23.22,21.98,57.43,0.99,2.15,63546,1,31.21,60.0,0.64,1,59021
2845649,58.07,58.1,59.0,62.15,0,0,23.2,21.98,57.43,0.99,2.15,63546,1,31.24,60.0,0.67,1,59521
2846158,58.07,58.09,59.0,62.15,0,0,23.2,21.99,57.43,0.99,2.15,63546,1,31.24,60.0,0.66,1,60021
2846667,58.12,58.08,59.0,62.15,0,0,23.37,21.99,57.43,0.99,2.15,63546,1,31.23,60.0,0.65,1,60521
2847176,58.1,58.1,59.0,62.15,0,0,23.35,21.99,57.43,0.99,2.15,63546,1,31.25,60.0,0.67,1,61021
2847685,58.1,58.1,59.0,62.15,0,0,23.35,22.01,57.43,0.99,2.15,63546,1,31.25,60.0,0.67,1,61521
2848194,58.12,58.11,59.0,62.15,0,0,23.42,22.0,57.43,0.99,2.15,63546,1,31.24,60.0,0.68,1,62021
2848703,58.12,58.12,59.0,62.15,0,0,23.42,22.0,57.43,0.99,2.15,63546,1,31.24,60.0,0.69,1,62521
2849212,58.17,58.12,59.0,62.15,0,0,23.61,22.0,57.43,0.99,2.15,63546,1,31.24,60.0,0.69,1,63021
2849721,58.12,58.15,59.0,62.15,0,0,23.46,22.02,57.43,0.99,2.15,63546,1,31.24,60.0,0.72,1,63521
2850230,58.12,58.14,59.0,62.15,0,0,23.46,22.0,57.43,0.99,2.15,63546,1,31.24,60.0,0.71,1,64021
2850739,58.15,58.13,59.0,62.15,0,0,23.5,22.0,57.43,0.99,2.15,63546,1,31.25,60.0,0.7,1,64521
2851248,58.15,58.14,59.0,62.15,0,0,23.5,22.02,57.43,0.99,2.15,63546,1,31.25,60.0,0.71,1,65021
2851757,58.15,58.15,59.0,62.15,0,0,23.35,22.02,57.43,0.99,2.15,63546,1,31.25,60.0,0.72,1,65521
2852266,58.15,58.15,59.0,62.15,0,0,23.35,22.02,57.43,0.99,2.15,63546,1,31.25,60.0,0.72,1,66021
2852775,58.16,58.15,59.0,62.15,0,0,23.59,22.0,57.43,0.99,2.15,63546,1,31.23,60.0,0.72,1,66532
2853284,58.16,58.16,59.0,62.15,0,0,23.59,22.0,57.43,0.99,2.15,63546,1,31.23,60.0,0.73,1,67032
2853793,58.14,58.15,59.0,62.15,0,0,23.65,22.01,57.43,0.99,2.15,63546,1,31.24,60.0,0.72,1,67532
2854302,58.16,58.14,59.0,62.15,0,0,23.81,22.01,57.43,0.99,2.15,63546,1,31.24,60.0,0.71,1,68032
2854811,58.16,58.15,59.0,62.15,0,0,23.81,22.01,57.43,0.99,2.15,63546,1,31.24,60.0,0.72,1,68532
2855320,58.19,58.16,59.0,62.15,0,0,23.92,22.01,57.43,0.99,2.15,63546,1,31.24,60.0,0.73,1,69032
2855829,58.16,58.17,59.0,62.15,0,0,23.59,22.03,57.43,0.99,2.15,63546,1,31.25,60.0,0.74,1,70032
2856338,58.16,58.16,59.0,62.15,0,0,23.59,22.03,57.43,0.99,2.15,63546,1,31.25,60.0,0.73,1,70532
2856847,58.15,58.16,59.0,62.15,0,0,23.85,22.0,57.43,0.99,2.15,63546,1,31.23,60.0,0.73,1,71032
2857356,58.16,58.16,59.0,62.15,0,0,24.03,22.01,57.43,0.99,2.15,63546,1,31.24,60.0,0.73,1,71532
2857865,58.17,58.17,59.0,62.15,0,0,23.96,22.02,57.43,0.99,2.15,63546,1,31.24,60.0,0.74,1,72032
2858381,58.17,58.17,59.0,62.15,0,0,24.14,22.02,57.43,0.99,2.15,63546,1,31.23,60.0,0.74,1,72532
2858890,58.17,58.17,59.0,62.15,0,0,24.14,22.0,57.43,0.99,2.15,63546,1,31.23,60.0,0.74,1,73032
2859399,58.16,58.16,59.0,62.15,0,0,24.07,22.0,57.43,0.99,2.15,63546,1,31.23,60.0,0.73,1,73532
2859908,58.16,58.16,59.0,62.15,0,0,24.07,22.0,57.43,0.99,2.15,63546,1,31.23,60.0,0.73,1,74032
2860417,58.16,58.16,59.0,62.15,0,0,24.05,22.01,57.43,0.99,2.15,63546,1,31.24,60.0,0.73,1,74532
2860926,58.21,58.19,59.0,62.15,0,0,24.33,22.03,57.43,0.99,2.15,63546,1,31.24,60.0,0.76,1,75032
2861435,58.21,58.2,59.0,62.15,0,0,24.2,22.03,57.43,0.99,2.15,63546,1,31.21,60.0,0.77,1,75532
2861945,58.21,58.2,59.0,62.15,0,0,24.2,22.0,57.43,0.99,2.15,63546,1,31.21,60.0,0.77,1,76032
2862454,58.2,58.2,59.0,62.15,0,0,24.38,22.02,57.43,0.99,2.15,63546,1,31.24,60.0,0.77,1,76532
2862963,58.24,58.22,59.0,62.15,0,0,24.44,22.05,57.43,0.99,2.15,63546,1,31.25,60.0,0.79,1,77032
2863472,58.24,58.23,59.0,62.15,0,0,24.44,22.05,57.43,0.99,2.15,63546,1,31.25,60.0,0.8,1,77532
2863981,58.13,58.18,59.0,62.15,0,0,24.2,21.99,57.43,0.99,2.15,63546,1,31.23,60.0,0.75,1,78032
2864490,58.13,58.16,59.0,62.15,0,0,24.2,21.99,57.43,0.99,2.15,63546,1,31.23,60.0,0.73,1,78532
2864999,58.21,58.15,59.0,62.15,0,0,24.33,21.99,57.43,0.99,2.15,63546,1,31.24,60.0,0.72,1,79032
2865509,58.19,58.18,59.0,62.15,0,0,24.51,22.03,57.43,0.99,2.15,63546,1,31.27,60.0,0.75,1,79532
2866018,58.19,58.18,59.0,62.15,0,0,24.51,22.05,57.43,0.99,2.15,63546,1,31.27,60.0,0.75,1,80032
2866527,58.19,58.19,59.0,62.15,0,0,24.51,22.05,57.43,0.99,2.15,63546,1,31.27,60.0,0.76,1,80532
2867036,58.22,58.19,59.0,62.15,0,0,24.55,22.05,57.43,0.99,2.15,63546,1,31.24,60.0,0.76,1,81032
2867545,58.22,58.21,59.0,62.15,0,0,24.55,22.03,57.43,0.99,2.15,63546,1,31.24,60.0,0.78,1,81532
2868054,58.22,58.22,59.0,62.15,0,0,24.55,22.03,57.43,0.99,2.15,63546,1,31.24,60.0,0.79,1,82032
2868563,58.22,58.22,59.0,62.15,0,0,24.55,22.03,57.43,0.99,2.15,63546,1,31.24,60.0,0.79,1,82532
2869072,58.24,58.22,59.0,62.15,0,0,24.6,22.03,57.43,0.99,2.15,63546,1,31.23,60.0,0.79,1,83032
2869581,58.24,58.23,59.0,62.15,0,0,24.6,22.02,57.43,0.99,2.15,63546,1,31.23,60.0,0.8,1,83532
2870090,58.24,58.23,59.0,62.15,0,0,24.68,22.02,57.43,0.99,2.15,63546,1,31.24,60.0,0.8,1,84032
2870599,58.24,58.23,59.0,62.15,0,0,24.86,22.03,57.43,0.99,2.15,63546,1,31.25,60.0,0.8,1,84532
2871108,58.24,58.24,59.0,62.15,0,0,24.86,22.05,57.43,0.99,2.15,63546,1,31.25,60.0,0.81,1,85032
2871617,58.24,58.24,59.0,62.15,0,0,24.79,22.05,57.43,0.99,2.15,63546,1,31.24,60.0,0.81,1,85532
2872126,58.24,58.24,59.0,62.15,0,0,24.79,22.03,57.43,0.99,2.15,63546,1,31.24,60.0,0.81,1,86032
2872635,58.3,58.27,59.0,62.15,0,0,24.79,22.07,57.43,0.99,2.15,63546,1,31.25,60.0,0.84,1,86532
2873144,58.27,58.29,59.0,62.15,0,0,24.86,22.07,57.43,0.99,2.15,63546,1,31.27,60.0,0.86,1,87032
2873653,58.27,58.28,59.0,62.15,0,0,24.86,22.07,57.43,0.99,2.15,63546,1,31.27,60.0,0.85,1,87532
2874162,58.33,58.3,59.0,62.15,0,0,24.66,22.09,57.43,0.99,2.15,63546,1,31.27,60.0,0.87,1,88032
2874671,58.33,58.32,59.0,62.15,0,0,24.66,22.09,57.43,0.99,2.15,63546,1,31.27,60.0,0.89,1,88532
2875180,58.33,58.32,59.0,62.15,0,0,24.66,22.09,57.43,0.99,2.15,63546,1,31.27,60.0,0.89,1,89032
2875689,58.33,58.33,59.0,62.15,0,0,24.66,22.09,57.43,0.99,2.15,63546,1,31.27,60.0,0.9,1,89532
2876198,58.29,58.33,59.0,62.15,0,0,24.95,22.09,57.43,0.99,2.15,63546,1,31.24,60.0,0.9,1,90032
2876707,58.29,58.31,59.0,62.15,0,0,24.95,22.05,57.43,0.99,2.15,63546,1,31.24,60.0,0.88,1,90532
2877216,58.29,58.3,59.0,62.15,0,0,24.95,22.05,57.43,0.99,2.15,63546,1,31.24,60.0,0.87,1,91032
2877725,58.28,58.29,59.0,62.15,0,0,25.21,22.05,57.43,0.99,2.15,63546,1,31.24,60.0,0.86,1,91532
2878234,58.33,58.28,59.0,62.15,0,0,25.25,22.05,57.43,0.99,2.15,63546,1,31.25,60.0,0.85,1,92032
2878743,58.33,58.31,59.0,62.15,0,0,25.25,22.07,57.43,0.99,2.15,63546,1,31.25,60.0,0.87,1,92532
2879252,58.32,58.32,59.0,62.15,0,0,25.03,22.07,57.43,0.99,2.15,63546,1,31.27,60.0,0.89,1,93032
2879761,58.34,58.32,59.0,62.15,0,0,25.14,22.08,57.43,0.99,2.15,63546,1,31.27,60.0,0.89,1,93532
2880270,58.35,58.33,59.0,62.15,0,0,25.19,22.09,57.43,0.99,2.15,63546,1,31.27,60.0,0.9,1,94032
2880779,58.35,58.34,59.0,62.15,0,0,25.19,22.09,57.43,0.99,2.15,63546,1,31.27,60.0,0.91,1,94532
2881288,58.33,58.35,59.0,62.15,0,0,25.34,22.09,57.43,0.99,2.15,63546,1,31.24,60.0,0.92,1,95032
2881797,58.33,58.34,59.0,62.15,0,0,25.34,22.06,57.43,0.99,2.15,63546,1,31.24,60.0,0.91,1,95532
2882306,58.35,58.33,59.0,62.15,0,0,25.59,22.06,57.43,0.99,2.15,63546,1,31.24,60.0,0.9,1,96032
2882815,58.35,58.34,59.0,62.15,0,0,25.59,22.07,57.43,0.99,2.15,63546,1,31.24,60.0,0.91,1,96532
2883324,58.35,58.35,59.0,62.15,0,0,25.59,22.07,57.43,0.99,2.15,63546,1,31.24,60.0,0.92,1,97035
2883833,58.39,58.37,59.0,62.15,0,0,25.34,22.1,57.43,0.99,2.15,63546,1,31.27,60.0,0.94,1,98036
2884342,58.39,58.38,59.0,62.15,0,0,25.34,22.1,57.43,0.99,2.15,63546,1,31.27,60.0,0.95,1,98536
2884851,58.39,58.39,59.0,62.15,0,0,25.34,22.1,57.43,0.99,2.15,63546,1,31.27,60.0,0.96,1,99036
2885360,58.34,58.36,59.0,62.15,0,0,25.36,22.09,57.43,0.99,2.15,63546,1,31.27,60.0,0.93,1,99536
2885869,58.43,58.4,59.0,62.15,0,0,25.63,22.1,57.43,0.99,2.15,63546,1,31.25,60.0,0.97,1,100036
2886378,58.43,58.41,59.0,62.15,0,0,25.63,22.1,57.43,0.99,2.15,63546,1,31.25,60.0,0.98,1,100536
2886887,58.39,58.4,59.0,62.15,0,0,25.7,22.1,57.43,0.99,2.15,63546,1,31.27,60.0,0.97,1,101036
2887396,58.39,58.4,59.0,62.15,0,0,25.7,22.1,57.43,0.99,2.15,63546,1,31.27,60.0,0.97,1,101536
2887905,58.39,58.39,59.0,62.15,0,0,25.7,22.1,57.43,0.99,2.15,63546,1,31.27,60.0,0.96,1,102036
2888414,58.4,58.4,59.0,62.15,0,0,25.61,22.09,57.43,0.99,2.15,63546,1,31.25,60.0,0.97,1,102537
2888923,58.4,58.4,59.0,62.15,0,0,25.61,22.09,57.43,0.99,2.15,63546,1,31.25,60.0,0.97,1,103037
2889432,58.45,58.43,59.0,62.15,0,0,25.67,22.11,57.43,0.99,2.15,63546,1,31.25,60.0,1.0,1,103537
2889941,58.45,58.44,59.0,62.15,0,0,25.67,22.11,57.43,0.99,2.15,63546,1,31.25,60.0,1.01,1,104037
2890450,58.43,58.44,59.0,62.15,0,0,25.7,22.13,57.43,0.99,2.15,63546,1,31.28,60.0,1.01,1,104537
2890959,58.43,58.43,59.0,62.15,0,0,25.7,22.13,57.43,0.99,2.15,63546,1,31.28,60.0,1.0,1,105037
2891468,58.48,58.46,59.0,62.15,0,0,25.74,22.14,57.43,0.99,2.15,63546,1,31.28,60.0,1.03,1,105537
2891977,58.48,58.47,59.0,62.15,0,0,25.65,22.13,57.43,0.99,2.15,63546,1,31.27,60.0,1.04,1,106037
2892486,58.48,58.47,59.0,62.15,0,0,25.65,22.13,57.43,0.99,2.15,63546,1,31.27,60.0,1.04,1,106537
2892995,58.5,58.49,59.0,62.15,0,0,25.81,22.12,57.43,0.99,2.15,63546,1,31.25,60.0,1.06,1,107037
2893504,58.53,58.51,59.0,62.15,0,0,26.38,22.14,57.43,0.99,2.15,63546,1,31.27,60.0,1.08,1,107537
2894013,58.53,58.52,59.0,62.15,0,0,26.38,22.14,57.43,0.99,2.15,63546,1,31.27,60.0,1.09,1,108037
2894522,58.51,58.52,59.0,62.15,0,0,25.14,22.13,57.43,0.99,2.15,63546,1,31.25,60.0,1.09,1,108537
2895031,58.51,58.52,59.0,62.15,0,0,25.14,22.13,57.43,0.99,2.15,63546,1,31.25,60.0,1.09,1,109037
2895540,58.54,58.52,59.0,62.15,0,0,25.94,22.13,57.43,0.99,2.15,63546,1,31.27,60.0,1.09,1,109537
2896049,58.54,58.53,59.0,62.15,0,0,25.94,22.15,57.43,0.99,2.15,63546,1,31.27,60.0,1.1,1,110037
2896558,58.54,58.54,59.0,62.15,0,0,26.2,22.15,57.43,0.99,2.15,63546,1,31.25,60.0,1.11,1,110537
2897067,58.54,58.54,59.0,62.15,0,0,26.2,22.13,57.43,0.99,2.15,63546,1,31.25,60.0,1.11,1,111037
2897576,58.56,58.55,59.0,62.15,0,0,26.12,22.16,57.43,0.99,2.15,63546,1,31.28,60.0,1.12,1,111537
2898085,58.57,58.55,59.0,62.15,0,0,26.36,22.16,57.43,0.99,2.15,63546,1,31.27,60.0,1.12,1,112037
2898594,58.57,58.56,59.0,62.15,0,0,26.36,22.15,57.43,0.99,2.15,63546,1,31.27,60.0,1.13,1,112537
2899104,58.6,58.56,59.0,62.15,0,0,26.18,22.15,57.43,0.99,2.15,63546,1,31.25,60.0,1.13,1,113037
2899614,58.6,58.58,59.0,62.15,0,0,26.18,22.15,57.43,0.99,2.15,63546,1,31.25,60.0,1.15,1,113537
2900123,58.6,58.59,59.0,62.15,0,0,26.18,22.15,57.43,0.99,2.15,63546,1,31.25,60.0,1.16,1,114037
2900632,58.6,58.6,59.0,62.15,0,0,26.18,22.15,57.43,0.99,2.15,63546,1,31.25,60.0,1.17,1,114537
2901141,58.64,58.6,59.0,62.15,0,0,26.07,22.15,57.43,0.99,2.15,63546,1,31.27,60.0,1.17,1,115037
2901650,58.62,58.62,59.0,62.15,0,0,26.34,22.17,57.43,0.99,2.15,63546,1,31.27,60.0,1.19,1,115537
2902159,58.65,58.62,59.0,62.15,0,0,26.09,22.17,57.43,0.99,2.15,63546,1,31.25,60.0,1.19,1,116037
2902668,58.65,58.64,59.0,62.15,0,0,26.09,22.16,57.43,0.99,2.15,63546,1,31.25,60.0,1.21,1,116537
2903177,58.68,58.64,59.0,62.15,0,0,26.34,22.16,57.43,0.99,2.15,63546,1,31.28,60.0,1.21,1,117037
2903686,58.67,58.66,59.0,62.15,0,0,26.25,22.2,57.43,0.99,2.15,63546,1,31.27,60.0,1.23,1,117537
2904195,58.68,58.66,59.0,62.15,0,0,26.34,22.18,57.43,0.99,2.15,63546,1,31.27,60.0,1.23,1,118037
2904704,58.68,58.67,59.0,62.15,0,0,26.34,22.18,57.43,0.99,2.15,63546,1,31.27,60.0,1.24,1,118537
2905213,58.68,58.68,59.0,62.15,0,0,26.34,22.18,57.43,0.99,2.15,63546,1,31.27,60.0,1.25,1,119039
2905723,58.76,58.68,59.0,62.15,0,0,26.25,22.18,57.43,0.99,2.15,63546,1,31.28,60.0,1.25,1,119539
2906233,58.76,58.72,59.0,62.15,0,0,26.25,22.22,57.43,0.99,2.15,63546,1,31.28,60.0,1.29,1,120039
2906742,58.79,58.76,59.0,62.15,0,0,26.54,22.22,57.43,0.99,2.15,63546,1,31.27,60.0,1.32,1,120539
2907251,58.79,58.77,59.0,62.15,0,0,26.54,22.22,57.43,0.99,2.15,63546,1,31.27,60.0,1.34,1,121039
2907760,58.79,58.78,59.0,62.15,0,0,26.54,22.22,57.43,0.99,2.15,63546,1,31.27,60.0,1.35,1,121539
2908269,58.81,58.79,59.0,62.15,0,0,26.96,22.22,57.43,0.99,2.15,63546,1,31.28,60.0,1.36,1,122039
2908778,58.81,58.8,59.0,62.15,0,0,26.96,22.23,57.43,0.99,2.15,63546,1,31.28,60.0,1.37,1,122539
2909287,58.78,58.8,59.0,62.15,0,0,26.4,22.23,57.43,0.99,2.15,63546,1,31.28,60.0,1.37,1,123039
2909796,58.78,58.79,59.0,62.15,0,0,26.36,22.23,57.43,0.99,2.15,63546,1,31.27,60.0,1.36,1,123539
2910305,58.78,58.79,59.0,62.15,0,0,26.36,22.21,57.43,0.99,2.15,63546,1,31.27,60.0,1.35,1,124039
2910814,58.84,58.78,59.0,62.15,0,0,26.92,22.21,57.43,0.99,2.15,63546,1,31.27,60.0,1.35,1,124539
2911323,58.84,58.81,59.0,62.15,0,0,26.92,22.23,57.43,0.99,2.15,63546,1,31.27,60.0,1.38,1,125039
2911832,58.84,58.83,59.0,62.15,0,0,26.92,22.23,57.43,0.99,2.15,63546,1,31.27,60.0,1.4,1,125540
2912341,58.88,58.86,59.0,62.15,0,0,26.45,22.26,57.43,0.99,2.15,63546,1,31.28,60.0,1.43,1,126544
2912850,58.88,58.87,59.0,62.15,0,0,26.65,22.26,57.43,0.99,2.15,63546,1,31.28,60.0,1.44,1,127044
2913359,58.89,58.88,59.0,62.15,0,0,26.69,22.26,57.43,0.99,2.15,63546,1,31.28,60.0,1.45,1,127544
2913868,58.89,58.89,59.0,62.15,0,0,26.69,22.26,57.43,0.99,2.15,63546,1,31.28,60.0,1.46,1,128044
2914377,58.92,58.91,59.0,62.15,0,0,26.69,22.28,57.43,0.99,2.15,63546,1,31.3,60.0,1.48,1,128544
2914887,58.92,58.91,59.0,62.15,0,0,26.69,22.28,57.43,0.99,2.15,63546,1,31.3,60.0,1.48,1,129044
2915397,58.96,58.94,59.0,62.15,0,0,26.67,22.28,57.43,0.99,2.15,63546,1,31.28,60.0,1.51,1,129544
2915906,58.98,58.96,59.0,62.15,0,0,26.65,22.3,57.43,0.99,2.15,63546,1,31.3,60.0,1.53,1,130044
2916415,58.97,58.97,59.0,62.15,0,0,26.69,22.3,57.43,0.99,2.15,63546,1,31.23,60.0,1.54,1,130544
2916924,58.97,58.97,59.0,62.15,0,0,26.69,22.23,57.43,0.99,2.15,63546,1,31.23,60.0,1.54,1,131044
2917433,58.99,58.97,59.0,62.15,0,0,26.67,22.23,57.43,0.99,2.15,63546,1,31.28,60.0,1.54,1,131544
2917942,58.99,58.98,59.0,62.15,0,0,26.67,22.29,57.43,0.99,2.15,63546,1,31.28,60.0,1.55,1,132044
2918451,59.04,59.01,59.0,62.15,1,0,26.65,22.28,57.43,0.99,2.15,132544,0,31.27,60.0,1.58,0,0
2918959,59.05,59.03,59.0,62.21,1,0,26.69,22.31,59.03,0.99,2.21,132544,0,31.3,60.0,0.0,0,500
2919467,59.07,59.05,59.0,62.21,1,0,26.83,22.32,59.05,0.99,2.21,132544,0,31.3,60.0,0.0,0,1000
2919976,59.07,59.06,59.0,62.21,1,0,26.83,22.32,59.06,0.99,2.21,132544,0,31.3,60.0,0.0,0,1500
2920485,59.09,59.08,59.0,62.21,1,0,26.83,22.29,59.08,0.99,2.21,132544,0,31.25,60.0,0.0,0,2000
2920994,59.09,59.08,59.0,62.21,1,0,26.83,22.29,59.08,0.99,2.21,132544,0,31.25,60.0,0.0,0,2500
2921503,59.09,59.09,59.0,62.21,1,0,26.83,22.29,59.09,0.99,2.21,132544,0,31.25,60.0,0.0,0,3000
2922012,59.09,59.09,59.0,62.21,1,0,26.83,22.29,59.09,0.99,2.21,132544,0,31.25,60.0,0.0,0,3500
2922521,59.12,59.11,59.0,62.21,1,0,26.69,22.32,59.11,0.99,2.21,132544,0,31.28,60.0,0.0,0,4000
2923030,59.14,59.12,59.0,62.21,1,0,26.69,22.31,59.12,0.99,2.21,132544,0,31.27,60.0,0.0,0,4500
2923539,59.14,59.13,59.0,62.21,1,0,26.69,22.31,59.13,0.99,2.21,132544,0,31.27,60.0,0.0,0,5000
2924048,59.14,59.14,59.0,62.21,1,0,26.69,22.31,59.14,0.99,2.21,132544,0,31.27,60.0,0.0,0,5500
2924557,59.2,59.14,59.0,62.21,1,0,26.58,22.31,59.14,0.99,2.21,132544,0,31.28,60.0,0.0,0,6000
2925066,59.2,59.17,59.0,62.21,1,0,26.58,22.34,59.17,0.99,2.21,132544,0,31.28,60.0,0.0,0,6500
2925575,59.24,59.18,59.0,62.21,1,0,26.47,22.34,59.18,0.99,2.21,132544,0,31.27,60.0,0.0,0,7000
2926084,59.24,59.21,59.0,62.21,1,0,26.47,22.34,59.21,0.99,2.21,132544,0,31.27,60.0,0.0,0,7500
2926593,59.3,59.25,59.0,62.21,1,0,26.56,22.38,59.25,0.99,2.21,132544,0,31.3,60.0,0.0,0,8000
2927102,59.31,59.28,59.0,62.21,1,0,26.29,22.37,59.28,0.99,2.21,132544,0,31.28,60.0,0.0,0,8508
2927611,59.31,59.29,59.0,62.21,1,0,26.29,22.37,59.29,0.99,2.21,132544,0,31.28,60.0,0.0,0,9008
2928123,59.31,59.3,59.0,62.21,1,0,25.98,22.37,59.3,0.99,2.21,132544,0,31.28,60.0,0.0,0,9508
2928632,59.31,59.3,59.0,62.21,1,0,25.98,22.37,59.3,0.99,2.21,132544,0,31.28,60.0,0.0,0,10008
2929141,59.35,59.31,59.0,62.21,1,0,25.81,22.37,59.31,0.99,2.21,132544,0,31.3,60.0,0.0,0,10508
2929650,59.35,59.33,59.0,62.21,1,0,25.81,22.4,59.33,0.99,2.21,132544,0,31.3,60.0,0.0,0,11008
2930159,59.38,59.34,59.0,62.21,1,0,25.61,22.4,59.34,0.99,2.21,132544,0,31.28,60.0,0.0,0,11508
2930668,59.38,59.36,59.0,62.21,1,0,25.61,22.39,59.36,0.99,2.21,132544,0,31.28,60.0,0.0,0,12008
2931177,59.38,59.37,59.0,62.21,1,0,25.61,22.39,59.37,0.99,2.21,132544,0,31.28,60.0,0.0,0,12508
2931686,59.38,59.38,59.0,62.21,1,0,25.61,22.39,59.38,0.99,2.21,132544,0,31.28,60.0,0.0,0,13008
2932195,59.43,59.38,59.0,62.21,1,0,25.43,22.39,59.38,0.99,2.21,132544,0,31.28,60.0,0.0,0,13508
2932704,59.43,59.41,59.0,62.21,1,0,25.43,22.41,59.41,0.99,2.21,132544,0,31.28,60.0,0.0,0,14008
2933213,59.47,59.44,59.0,62.21,1,0,25.3,22.4,59.44,0.99,2.21,132544,0,31.27,60.0,0.0,0,14508
2933722,59.47,59.45,59.0,62.21,1,0,25.3,22.4,59.45,0.99,2.21,132544,0,31.27,60.0,0.0,0,15008
2934231,59.51,59.46,59.0,62.21,1,0,25.1,22.4,59.46,0.99,2.21,132544,0,31.3,60.0,0.0,0,15508
2934740,59.52,59.48,59.0,62.21,1,0,24.97,22.44,59.48,0.99,2.21,132544,0,31.28,60.0,0.0,0,16008
2935249,59.54,59.5,59.0,62.21,1,0,24.75,22.43,59.5,0.99,2.21,132544,0,31.28,60.0,0.0,0,16508
2935758,59.54,59.52,59.0,62.21,1,0,24.75,22.44,59.52,0.99,2.21,132544,0,31.28,60.0,0.0,0,17008
2936267,59.54,59.53,59.0,62.21,1,0,24.75,22.44,59.53,0.99,2.21,132544,0,31.28,60.0,0.0,0,17508
2936776,59.56,59.54,59.0,62.21,1,0,24.51,22.44,59.54,0.99,2.21,132544,0,31.3,60.0,0.0,0,18008
2937285,59.61,59.55,59.0,62.21,1,0,24.49,22.46,59.55,0.99,2.21,132544,0,31.25,60.0,0.0,0,18508
2937794,59.67,59.58,59.0,62.21,1,0,24.38,22.43,59.58,0.99,2.21,132544,0,31.28,60.0,0.0,0,19008
2938303,59.67,59.63,59.0,62.21,1,0,24.38,22.47,59.63,0.99,2.21,132544,0,31.28,60.0,0.0,0,19508
2938812,59.67,59.65,59.0,62.21,1,0,24.38,22.47,59.65,0.99,2.21,132544,0,31.28,60.0,0.0,0,20008
2939321,59.67,59.66,59.0,62.21,1,0,24.09,22.47,59.66,0.99,2.21,132544,0,31.28,60.0,0.0,0,20508
2939830,59.67,59.67,59.0,62.21,1,0,24.09,22.47,59.67,0.99,2.21,132544,0,31.28,60.0,0.0,0,21008
2940339,59.67,59.67,59.0,62.21,1,0,24.09,22.47,59.67,0.99,2.21,132544,0,31.28,60.0,0.0,0,21508
2940848,59.76,59.67,59.0,62.21,1,0,23.79,22.47,59.67,0.99,2.21,132544,0,31.28,60.0,0.0,0,22008
2941357,59.76,59.74,59.0,62.21,1,0,23.79,22.5,59.74,0.99,2.21,132544,0,31.28,60.0,0.0,0,23016
2941866,59.76,59.75,59.0,62.21,1,0,23.79,22.5,59.75,0.99,2.21,132544,0,31.28,60.0,0.0,0,23516
2942375,59.75,59.75,59.0,62.21,1,0,23.7,22.5,59.75,0.99,2.21,132544,0,31.28,60.0,0.0,0,24016
2942884,59.77,59.76,59.0,62.21,1,0,23.37,22.52,59.76,0.99,2.21,132544,0,31.3,60.0,0.0,0,24516
2943393,59.77,59.77,59.0,62.21,1,0,23.37,22.52,59.77,0.99,2.21,132544,0,31.3,60.0,0.0,0,25016
2943902,59.82,59.79,59.0,62.21,1,0,23.24,22.53,59.79,0.99,2.21,132544,0,31.3,60.0,0.0,0,25516
2944411,59.82,59.81,59.0,62.21,1,0,23.24,22.53,59.81,0.99,2.21,132544,0,31.3,60.0,0.0,0,26016
2944920,59.82,59.82,59.0,62.21,1,0,23.24,22.53,59.82,0.99,2.21,132544,0,31.3,60.0,0.0,0,26516
2945429,59.83,59.82,59.0,62.21,1,0,23.09,22.52,59.82,0.99,2.21,132544,0,31.28,60.0,0.0,0,27016
2945938,59.83,59.83,59.0,62.21,1,0,23.09,22.52,59.83,0.99,2.21,132544,0,31.28,60.0,0.0,0,27516
2946447,59.9,59.86,59.0,62.21,1,0,22.91,22.56,59.86,0.99,2.21,132544,0,31.31,60.0,0.0,0,28016
2946956,59.92,59.88,59.0,62.21,1,0,22.81,22.56,59.88,0.99,2.21,132544,0,31.28,60.0,0.0,0,28516
2947465,59.92,59.9,59.0,62.21,1,0,22.81,22.54,59.9,0.99,2.21,132544,0,31.28,60.0,0.0,0,29016
2947974,59.92,59.91,59.0,62.21,1,0,22.7,22.56,59.91,0.99,2.21,132544,0,31.3,60.0,0.0,0,29516
2948483,59.91,59.92,59.0,62.21,1,0,22.55,22.56,59.92,0.99,2.21,132544,0,31.28,60.0,0.0,0,30016
2948992,59.91,59.91,59.0,62.21,1,0,22.55,22.54,59.92,0.99,2.21,132544,0,31.28,60.0,0.0,0,30516
2949501,59.96,59.94,59.0,62.21,1,0,22.29,22.57,59.94,0.99,2.21,132544,0,31.3,60.0,0.0,0,31016
2950010,60.0,59.95,59.0,62.21,1,0,22.24,22.57,59.95,0.99,2.21,132544,0,31.3,60.0,0.0,0,31516
2950519,60.0,59.97,59.0,62.21,1,0,22.24,22.58,59.97,0.99,2.21,132544,0,31.3,60.0,0.0,0,32016
2951028,59.99,59.98,59.0,62.21,1,0,22.35,22.55,59.98,0.99,2.21,132544,0,31.27,60.0,0.0,0,32516
2951537,59.99,59.99,59.0,62.21,1,0,22.35,22.55,59.99,0.99,2.21,132544,0,31.27,60.0,0.0,0,33016
2952046,60.01,60.0,59.0,62.21,1,0,21.98,22.58,60.0,0.99,2.21,132544,0,31.3,60.0,0.0,0,33516
2952555,60.02,60.0,59.0,62.21,1,0,21.9,22.58,60.0,0.99,2.21,132544,0,31.27,60.0,0.0,0,34016
2953064,60.02,60.01,59.0,62.21,1,0,21.9,22.55,60.01,0.99,2.21,132544,0,31.27,60.0,0.0,0,34516
2953573,60.08,60.04,59.0,62.21,1,0,21.79,22.61,60.04,0.99,2.21,132544,0,31.31,60.0,0.0,0,35016
2954082,60.08,60.06,59.0,62.21,1,0,21.79,22.61,60.06,0.99,2.21,132544,0,31.31,60.0,0.0,0,35516
2954591,60.11,60.08,59.0,62.21,1,0,21.74,22.59,60.08,0.99,2.21,132544,0,31.28,60.0,0.0,0,36016
2955100,60.11,60.1,59.0,62.21,1,0,21.74,22.59,60.1,0.99,2.21,132544,0,31.28,60.0,0.0,0,36518
2955609,60.11,60.1,59.0,62.21,1,0,21.74,22.59,60.1,0.99,2.21,132544,0,31.28,60.0,0.0,0,37019
2956118,60.14,60.12,59.0,62.21,1,0,21.35,22.62,60.12,0.99,2.21,132544,0,31.3,60.0,0.0,0,37519
2956627,60.14,60.13,59.0,62.21,1,0,21.22,22.62,60.13,0.99,2.21,132544,0,31.3,60.0,0.0,0,38019
2957136,60.14,60.13,59.0,62.21,1,0,21.22,22.62,60.13,0.99,2.21,132544,0,31.3,60.0,0.0,0,38519
2957645,60.18,60.14,59.0,62.21,1,0,20.94,22.62,60.14,0.99,2.21,132544,0,31.28,60.0,0.0,0,39019
2958154,60.18,60.16,59.0,62.21,1,0,20.94,22.62,60.16,0.99,2.21,132544,0,31.28,60.0,0.0,0,39519
2958663,60.22,60.17,59.0,62.21,1,0,21.01,22.62,60.17,0.99,2.21,132544,0,31.3,60.0,0.0,0,40019
2959172,60.27,60.2,59.0,62.21,1,0,20.84,22.64,60.2,0.99,2.21,132544,0,31.32,60.0,0.0,0,40519
2959681,60.27,60.23,59.0,62.21,1,0,20.84,22.68,60.23,0.99,2.21,132544,0,31.32,60.0,0.0,0,41019
2960190,60.3,60.25,59.0,62.21,1,0,20.71,22.68,60.25,0.99,2.21,132544,0,31.28,60.0,0.0,0,41519
2960699,60.33,60.27,59.0,62.21,1,0,20.58,22.65,60.27,0.99,2.21,132544,0,31.31,60.0,0.0,0,42019
2961208,60.33,60.3,59.0,62.21,1,0,20.58,22.68,60.3,0.99,2.21,132544,0,31.31,60.0,0.0,0,42519
2961717,60.37,60.31,59.0,62.21,1,0,20.69,22.68,60.31,0.99,2.21,132544,0,31.3,60.0,0.0,0,43019
2962226,60.37,60.34,59.0,62.21,1,0,20.69,22.68,60.34,0.99,2.21,132544,0,31.3,60.0,0.0,0,43519
2962735,60.36,60.36,59.0,62.21,1,0,20.3,22.68,60.36,0.99,2.21,132544,0,31.32,60.0,0.0,0,44019
2963244,60.37,60.36,59.0,62.21,1,0,20.25,22.7,60.36,0.99,2.21,132544,0,31.3,60.0,0.0,0,44519
2963753,60.37,60.37,59.0,62.21,1,0,20.25,22.68,60.37,0.99,2.21,132544,0,31.3,60.0,0.0,0,45019
2964262,60.37,60.37,59.0,62.21,1,0,20.25,22.68,60.37,0.99,2.21,132544,0,31.3,60.0,0.0,0,45522
2964771,60.48,60.37,59.0,62.21,1,0,20.08,22.68,60.37,0.99,2.21,132544,0,31.28,60.0,0.0,0,46022
2965280,60.48,60.43,59.0,62.21,1,0,20.08,22.7,60.43,0.99,2.21,132544,0,31.28,60.0,0.0,0,46522
2965789,60.48,60.46,59.0,62.21,1,0,20.08,22.7,60.46,0.99,2.21,132544,0,31.28,60.0,0.0,0,47022
2966298,60.48,60.47,59.0,62.21,1,0,20.08,22.7,60.47,0.99,2.21,132544,0,31.28,60.0,0.0,0,47522
2966807,60.56,60.48,59.0,62.21,1,0,19.97,22.7,60.48,0.99,2.21,132544,0,31.31,60.0,0.0,0,48022
2967316,60.6,60.52,59.0,62.21,1,0,19.72,22.74,60.52,0.99,2.21,132544,0,31.31,60.0,0.0,0,48522
2967825,60.6,60.56,59.0,62.21,1,0,19.72,22.75,60.56,0.99,2.21,132544,0,31.31,60.0,0.0,0,49022
2968334,60.6,60.58,59.0,62.21,1,0,19.69,22.75,60.58,0.99,2.21,132544,0,31.28,60.0,0.0,0,49522
2968843,60.6,60.59,59.0,62.21,1,0,19.69,22.73,60.59,0.99,2.21,132544,0,31.28,60.0,0.0,0,50022
2969352,60.68,60.59,59.0,62.21,1,0,19.24,22.73,60.59,0.99,2.21,132544,0,31.28,60.0,0.0,0,50522
2969861,60.68,60.64,59.0,62.21,1,0,19.24,22.75,60.64,0.99,2.21,132544,0,31.28,60.0,0.0,0,51024
2970370,60.68,60.67,59.0,62.21,1,0,19.24,22.75,60.67,0.99,2.21,132544,0,31.28,60.0,0.0,0,52029
2970879,60.72,60.69,59.0,62.21,1,0,19.39,22.79,60.69,0.99,2.21,132544,0,31.31,60.0,0.0,0,52529
2971388,60.71,60.7,59.0,62.21,1,0,19.26,22.76,60.7,0.99,2.21,132544,0,31.28,60.0,0.0,0,53029
2971897,60.71,60.71,59.0,62.21,1,0,19.26,22.76,60.71,0.99,2.21,132544,0,31.28,60.0,0.0,0,53529
2972406,60.76,60.73,59.0,62.21,1,0,19.31,22.79,60.73,0.99,2.21,132544,0,31.3,60.0,0.0,0,54029
2972915,60.78,60.75,59.0,62.21,1,0,19.11,22.79,60.75,0.99,2.21,132544,0,31.31,60.0,0.0,0,54529
2973424,60.78,60.76,59.0,62.21,1,0,19.11,22.8,60.76,0.99,2.21,132544,0,31.31,60.0,0.0,0,55029
2973933,60.81,60.79,59.0,62.21,1,0,19.07,22.81,60.79,0.99,2.21,132544,0,31.31,60.0,0.0,0,55529
2974442,60.83,60.8,59.0,62.21,1,0,18.98,22.81,60.8,0.99,2.21,132544,0,31.3,60.0,0.0,0,56029
2974951,60.83,60.81,59.0,62.21,1,0,18.98,22.8,60.81,0.99,2.21,132544,0,31.3,60.0,0.0,0,56529
2975460,60.87,60.84,59.0,62.21,1,0,18.9,22.83,60.84,0.99,2.21,132544,0,31.31,60.0,0.0,0,57029
2975969,60.88,60.86,59.0,62.21,1,0,18.85,22.82,60.86,0.99,2.21,132544,0,31.3,60.0,0.0,0,57529
2976479,60.88,60.87,59.0,62.21,1,0,18.85,22.82,60.87,0.99,2.21,132544,0,31.3,60.0,0.0,0,58029
2976988,60.89,60.87,59.0,62.21,1,0,18.68,22.82,60.87,0.99,2.21,132544,0,31.31,60.0,0.0,0,58529
2977497,60.89,60.88,59.0,62.21,1,0,18.68,22.83,60.88,0.99,2.21,132544,0,31.31,60.0,0.0,0,59029
2978006,60.92,60.9,59.0,62.21,1,0,18.64,22.83,60.9,0.99,2.21,132544,0,31.3,60.0,0.0,0,59529
2978515,60.92,60.91,59.0,62.21,1,0,18.64,22.83,60.91,0.99,2.21,132544,0,31.3,60.0,0.0,0,60029
2979024,60.95,60.92,59.0,62.21,1,0,18.32,22.83,60.92,0.99,2.21,132544,0,31.3,60.0,0.0,0,60529
2979533,60.95,60.93,59.0,62.21,1,0,18.32,22.84,60.93,0.99,2.21,132544,0,31.3,60.0,0.0,0,61029
2980042,60.93,60.94,59.0,62.21,1,0,18.98,22.84,60.94,0.99,2.21,132544,0,31.28,60.0,0.0,0,61529
2980551,60.93,60.94,59.0,62.21,1,0,18.98,22.82,60.94,0.99,2.21,132544,0,31.28,60.0,0.0,0,62029
2981060,60.93,60.94,59.0,62.21,1,0,18.12,22.82,60.94,0.99,2.21,132544,0,31.31,60.0,0.0,0,62529
2981569,60.93,60.93,59.0,62.21,1,0,18.12,22.84,60.94,0.99,2.21,132544,0,31.31,60.0,0.0,0,63029
2982078,60.93,60.93,59.0,62.21,1,0,18.12,22.84,60.94,0.99,2.21,132544,0,31.31,60.0,0.01,0,63529
2982587,60.92,60.92,59.0,62.21,1,0,18.01,22.8,60.94,0.99,2.21,132544,0,31.27,60.0,0.01,0,64037
2983096,60.92,60.92,59.0,62.21,1,0,18.01,22.8,60.94,0.99,2.21,132544,0,31.27,60.0,0.02,0,64537
2983605,60.92,60.92,59.0,62.21,1,0,18.01,22.8,60.94,0.99,2.21,132544,0,31.27,60.0,0.02,0,65037
2984114,60.92,60.92,59.0,62.21,1,0,18.01,22.8,60.94,0.99,2.21,132544,0,31.27,60.0,0.02,0,65537
2984623,60.92,60.92,59.0,62.21,1,0,18.01,22.8,60.94,0.99,2.21,132544,0,31.27,60.0,0.02,0,66037
2985132,60.92,60.92,59.0,62.21,1,0,17.73,22.82,60.94,0.99,2.21,132544,0,31.28,60.0,0.02,0,66537
2985641,60.91,60.92,59.0,62.21,1,0,17.65,22.84,60.94,0.99,2.21,132544,0,31.31,60.0,0.02,0,67037
2986150,60.89,60.92,59.0,62.21,1,0,17.63,22.84,60.94,0.99,2.21,132544,0,31.31,60.0,0.02,0,67537
2986659,60.89,60.9,59.0,62.21,1,0,17.63,22.83,60.94,0.99,2.21,132544,0,31.31,60.0,0.03,0,68037
2987168,60.9,60.9,59.0,62.21,1,0,17.45,22.83,60.94,0.99,2.21,132544,0,31.28,60.0,0.04,0,68537
2987678,60.9,60.9,59.0,62.21,1,0,17.45,22.81,60.94,0.99,2.21,132544,0,31.28,60.0,0.04,0,69037
2988187,60.9,60.9,59.0,62.21,1,0,17.45,22.81,60.94,0.99,2.21,132544,0,31.28,60.0,0.04,0,69537
2988696,60.85,60.9,59.0,62.21,1,0,17.52,22.81,60.94,0.99,2.21,132544,0,31.31,60.0,0.04,0,70037
2989205,60.85,60.87,59.0,62.21,1,0,17.52,22.82,60.94,0.99,2.21,132544,0,31.31,60.0,0.06,0,70537
2989714,60.81,60.84,59.0,62.21,1,0,17.37,22.8,60.94,0.99,2.21,132544,0,31.3,60.0,0.09,0,71037
2990223,60.79,60.83,59.0,62.21,1,0,17.32,22.8,60.94,0.99,2.21,132544,0,31.28,60.0,0.11,0,71537
2990739,60.77,60.81,59.0,62.21,1,0,17.2,22.78,60.94,0.99,2.21,132544,0,31.28,60.0,0.13,0,72037
2991248,60.77,60.79,59.0,62.21,0,0,17.2,22.78,60.94,0.99,2.21,72537,0,31.28,60.0,0.15,0,0
2991757,60.77,60.78,59.01,62.21,0,0,17.2,22.78,60.78,0.98,2.21,72537,0,31.28,60.0,0.0,0,500
2992266,60.74,60.78,59.01,62.21,0,0,16.94,22.78,60.78,0.98,2.21,72537,0,31.3,60.0,0.0,0,1000
2992775,60.74,60.76,59.01,62.21,0,0,16.83,22.78,60.76,0.98,2.21,72537,0,31.31,60.0,0.0,0,1500
2993284,60.74,60.75,59.01,62.21,0,0,16.83,22.79,60.75,0.98,2.21,72537,0,31.31,60.0,0.0,0,2000
2993793,60.69,60.74,59.01,62.21,0,0,16.98,22.79,60.74,0.98,2.21,72537,0,31.31,60.0,0.0,0,2500
2994302,60.69,60.72,59.01,62.21,0,0,16.98,22.78,60.72,0.98,2.21,72537,0,31.31,60.0,0.0,0,3000
2994811,60.64,60.7,59.01,62.21,0,0,16.98,22.78,60.7,0.98,2.21,72537,0,31.31,60.0,0.0,0,3500
2995320,60.64,60.67,59.01,62.21,0,0,16.98,22.76,60.67,0.98,2.21,72537,0,31.31,60.0,0.0,0,4000
2995829,60.56,60.65,59.01,62.21,0,0,16.85,22.76,60.65,0.98,2.21,72537,0,31.28,60.0,0.0,0,4500
2996338,60.55,60.61,59.01,62.21,0,0,16.81,22.72,60.61,0.98,2.21,72537,0,31.3,60.0,0.0,0,5000
2996847,60.5,60.58,59.01,62.21,0,0,16.89,22.73,60.58,0.98,2.21,72537,0,31.3,60.0,0.0,0,5500
2997356,60.5,60.54,59.01,62.21,0,0,16.89,22.71,60.54,0.98,2.21,72537,0,31.3,60.0,0.0,0,6000
2997866,60.46,60.52,59.01,62.21,0,0,17.17,22.71,60.52,0.98,2.21,72537,0,31.31,60.0,0.0,0,6500
2998375,60.4,60.49,59.01,62.21,0,0,16.96,22.72,60.49,0.98,2.21,72537,0,31.28,60.0,0.0,0,7000
2998884,60.4,60.42,59.01,62.21,0,0,16.96,22.67,60.42,0.98,2.21,72537,0,31.28,60.0,0.0,0,8006
2999393,60.37,60.4,59.01,62.21,0,0,17.02,22.68,60.4,0.98,2.21,72537,0,31.3,60.0,0.0,0,8506
2999902,60.37,60.39,59.01,62.21,0,0,17.02,22.68,60.39,0.98,2.21,72537,0,31.3,60.0,0.0,0,9006
3000411,60.27,60.33,59.01,62.21,0,0,17.09,22.65,60.33,0.98,2.21,72537,0,31.3,60.0,0.0,0,9506
3000920,60.26,60.3,59.01,62.21,0,0,17.13,22.65,60.3,0.98,2.21,72537,0,31.3,60.0,0.0,0,10006
3001429,60.26,60.28,59.01,62.21,0,0,17.13,22.65,60.28,0.98,2.21,72537,0,31.3,60.0,0.0,0,10506
3001938,60.23,60.25,59.01,62.21,0,0,17.32,22.66,60.25,0.98,2.21,72537,0,31.32,60.0,0.0,0,11006
3002447,60.12,60.24,59.01,62.21,0,0,17.39,22.66,60.24,0.98,2.21,72537,0,31.27,60.0,0.0,0,11506
3002956,60.12,60.18,59.01,62.21,0,0,17.39,22.58,60.18,0.98,2.21,72537,0,31.27,60.0,0.0,0,12006
3003465,60.1,60.14,59.01,62.21,0,0,17.35,22.59,60.14,0.98,2.21,72537,0,31.28,60.0,0.0,0,12506
3003974,60.07,60.11,59.01,62.21,0,0,17.58,22.6,60.11,0.98,2.21,72537,0,31.3,60.0,0.0,0,13006
3004483,59.99,60.05,59.01,62.21,0,0,17.67,22.55,60.05,0.98,2.21,72537,0,31.27,60.0,0.0,0,13506
3004992,59.99,60.02,59.01,62.21,0,0,17.67,22.55,60.02,0.98,2.21,72537,0,31.27,60.0,0.0,0,14009
3005501,59.96,59.99,59.01,62.21,0,0,17.65,22.57,59.99,0.98,2.21,72537,0,31.3,60.0,0.0,0,14509
3006010,59.96,59.98,59.01,62.21,0,0,17.65,22.57,59.98,0.98,2.21,72537,0,31.3,60.0,0.0,0,15009
3006519,59.94,59.96,59.01,62.21,0,0,17.86,22.57,59.96,0.98,2.21,72537,0,31.31,60.0,0.0,0,15509
3007028,59.94,59.95,59.01,62.21,0,0,17.86,22.57,59.95,0.98,2.21,72537,0,31.31,60.0,0.0,0,16009
3007537,59.87,59.91,59.01,62.21,0,0,17.78,22.56,59.91,0.98,2.21,72537,0,31.31,60.0,0.0,0,16509
3008046,59.82,59.87,59.01,62.21,0,0,17.82,22.52,59.87,0.98,2.21,72537,0,31.28,60.0,0.0,0,17009
3008555,59.82,59.84,59.01,62.21,0,0,17.82,22.52,59.84,0.98,2.21,72537,0,31.28,60.0,0.0,0,17509
3009064,59.74,59.83,59.01,62.21,0,0,18.16,22.52,59.83,0.98,2.21,72537,0,31.27,60.0,0.0,0,18009
3009573,59.74,59.79,59.01,62.21,0,0,18.16,22.48,59.79,0.98,2.21,72537,0,31.27,60.0,0.0,0,18509
3010082,59.71,59.77,59.01,62.21,0,0,18.29,22.48,59.77,0.98,2.21,72537,0,31.27,60.0,0.0,0,19009
3010591,59.71,59.74,59.01,62.21,0,0,18.29,22.47,59.74,0.98,2.21,72537,0,31.27,60.0,0.0,0,19509
3011100,59.69,59.72,59.01,62.21,0,0,18.25,22.47,59.72,0.98,2.21,72537,0,31.31,60.0,0.0,0,20009
3011609,59.69,59.7,59.01,62.21,0,0,18.25,22.5,59.7,0.98,2.21,72537,0,31.31,60.0,0.0,0,20509
3012118,59.69,59.7,59.01,62.21,0,0,18.25,22.5,59.7,0.98,2.21,72537,0,31.31,60.0,0.0,0,21009
3012627,59.69,59.69,59.01,62.21,0,0,18.25,22.5,59.69,0.98,2.21,72537,0,31.31,60.0,0.0,0,21509
3013136,59.61,59.65,59.01,62.21,0,0,18.53,22.46,59.65,0.98,2.21,72537,0,31.28,60.0,0.0,0,22009
3013645,59.61,59.63,59.01,62.21,0,0,18.53,22.46,59.63,0.98,2.21,72537,0,31.28,60.0,0.0,0,22509
3014154,59.59,59.61,59.01,62.21,0,0,18.64,22.48,59.61,0.98,2.21,72537,0,31.31,60.0,0.0,0,23009
3014663,59.59,59.6,59.01,62.21,0,0,18.64,22.48,59.6,0.98,2.21,72537,0,31.31,60.0,0.0,0,23509
3015172,59.53,59.56,59.01,62.21,0,0,18.81,22.45,59.56,0.98,2.21,72537,0,31.3,60.0,0.0,0,24009
3015681,59.45,59.54,59.01,62.21,0,0,18.79,22.45,59.54,0.98,2.21,72537,0,31.3,60.0,0.0,0,24509
3016190,59.45,59.5,59.01,62.21,0,0,18.79,22.43,59.5,0.98,2.21,72537,0,31.3,60.0,0.0,0,25009
3016699,59.44,59.47,59.01,62.21,0,0,18.94,22.4,59.47,0.98,2.21,72537,0,31.27,60.0,0.0,0,25509
3017209,59.44,59.46,59.01,62.21,0,0,19.24,22.4,59.46,0.98,2.21,72537,0,31.31,60.0,0.0,0,26009
3017718,59.44,59.45,59.01,62.21,0,0,19.24,22.44,59.45,0.98,2.21,72537,0,31.31,60.0,0.0,0,26509
3018227,59.42,59.44,59.01,62.21,0,0,18.85,22.44,59.44,0.98,2.21,72537,0,31.28,60.0,0.0,0,27009
3018736,59.36,59.43,59.01,62.21,0,0,19.2,22.41,59.43,0.98,2.21,72537,0,31.28,60.0,0.0,0,27509
3019245,59.36,59.39,59.01,62.21,0,0,19.2,22.39,59.39,0.98,2.21,72537,0,31.28,60.0,0.0,0,28009
3019754,59.33,59.38,59.01,62.21,0,0,19.37,22.39,59.38,0.98,2.21,72537,0,31.28,60.0,0.0,0,28509
3020263,59.33,59.36,59.01,62.21,0,0,19.37,22.38,59.36,0.98,2.21,72537,0,31.28,60.0,0.0,0,29009
3020772,59.31,59.34,59.01,62.21,0,0,19.44,22.38,59.34,0.98,2.21,72537,0,31.3,60.0,0.0,0,29509
3021280,59.31,59.33,59.01,62.21,0,0,19.44,22.39,59.33,0.98,2.21,72537,0,31.3,60.0,0.0,0,30009
3021789,59.31,59.32,59.01,62.21,0,0,19.44,22.39,59.32,0.98,2.21,72537,0,31.3,60.0,0.0,0,30509
3022298,59.31,59.31,59.01,62.21,0,0,19.44,22.39,59.31,0.98,2.21,72537,0,31.3,60.0,0.0,0,31009
3022807,59.32,59.31,59.01,62.21,0,0,19.39,22.39,59.31,0.98,2.21,72537,0,31.28,60.0,0.0,0,31509
3023316,59.32,59.32,59.01,62.21,0,0,19.39,22.38,59.31,0.98,2.21,72537,0,31.28,60.0,0.0,0,32009
3023825,59.32,59.32,59.01,62.21,0,0,19.39,22.38,59.31,0.98,2.21,72537,0,31.28,60.0,0.0,0,32509
3024334,59.32,59.32,59.01,62.21,0,0,19.39,22.38,59.31,0.98,2.21,72537,0,31.28,60.0,0.0,0,33009
3024843,59.23,59.32,59.01,62.21,0,0,19.74,22.38,59.31,0.98,2.21,72537,0,31.28,60.0,0.0,0,33509
3025352,59.23,59.28,59.01,62.21,0,0,19.74,22.35,59.28,0.98,2.21,72537,0,31.28,60.0,0.0,0,34009
3025861,59.21,59.26,59.01,62.21,0,0,20.1,22.35,59.26,0.98,2.21,72537,0,31.31,60.0,0.0,0,34509
3026370,59.2,59.23,59.01,62.21,0,0,20.19,22.37,59.23,0.98,2.21,72537,0,31.28,60.0,0.0,0,35009
3026879,59.2,59.21,59.01,62.21,0,0,20.19,22.34,59.21,0.98,2.21,72537,0,31.28,60.0,0.0,0,35509
3027388,59.21,59.21,59.01,62.21,0,0,20.34,22.35,59.2,0.98,2.21,72537,0,31.28,60.0,0.0,0,36510
3027897,59.2,59.2,59.01,62.21,0,0,20.21,22.36,59.2,0.98,2.21,72537,0,31.3,60.0,0.0,0,37010
3028406,59.2,59.2,59.01,62.21,0,0,20.21,22.36,59.2,0.98,2.21,72537,0,31.3,60.0,0.0,0,37510
3028915,59.16,59.18,59.01,62.21,0,0,20.25,22.32,59.18,0.98,2.21,72537,0,31.27,60.0,0.0,0,38010
3029424,59.16,59.17,59.01,62.21,0,0,20.25,22.32,59.17,0.98,2.21,72537,0,31.27,60.0,0.0,0,38510
3029933,59.16,59.16,59.01,62.21,0,0,20.25,22.32,59.16,0.98,2.21,72537,0,31.27,60.0,0.0,0,39010
3030442,59.16,59.16,59.01,62.21,0,0,20.58,22.33,59.16,0.98,2.21,72537,0,31.28,60.0,0.0,0,39510
3030951,59.16,59.16,59.01,62.21,0,0,20.58,22.33,59.16,0.98,2.21,72537,0,31.28,60.0,0.0,0,40010
3031460,59.18,59.17,59.01,62.21,0,0,20.66,22.35,59.16,0.98,2.21,72537,0,31.3,60.0,0.01,0,40510
3031969,59.15,59.16,59.01,62.21,0,0,20.58,22.34,59.16,0.98,2.21,72537,0,31.3,60.0,0.0,0,41025
3032478,59.15,59.15,59.01,62.21,0,0,20.58,22.34,59.15,0.98,2.21,72537,0,31.3,60.0,0.0,0,41525
3032987,59.16,59.16,59.01,62.21,0,0,20.53,22.33,59.15,0.98,2.21,72537,0,31.28,60.0,0.0,0,42025
3033496,59.16,59.16,59.01,62.21,0,0,20.9,22.33,59.15,0.98,2.21,72537,0,31.28,60.0,0.0,0,42526
3034005,59.16,59.16,59.01,62.21,0,0,20.9,22.33,59.15,0.98,2.21,72537,0,31.28,60.0,0.0,0,43026
3034514,59.16,59.16,59.01,62.21,0,0,20.9,22.33,59.15,0.98,2.21,72537,0,31.28,60.0,0.0,0,43526
3035023,59.16,59.16,59.01,62.21,0,0,20.9,22.33,59.15,0.98,2.21,72537,0,31.28,60.0,0.0,0,44026
3035532,59.16,59.16,59.01,62.21,0,0,20.9,22.33,59.15,0.98,2.21,72537,0,31.28,60.0,0.0,0,44526
3036041,59.1,59.13,59.01,62.21,0,0,20.92,22.33,59.13,0.98,2.21,72537,0,31.3,60.0,0.0,0,45026
3036550,59.16,59.14,59.01,62.21,0,0,21.12,22.35,59.13,0.98,2.21,72537,0,31.3,60.0,0.01,0,45526
3037059,59.15,59.15,59.01,62.21,0,0,21.33,22.35,59.13,0.98,2.21,72537,0,31.31,60.0,0.02,0,46026
3037568,59.15,59.15,59.01,62.21,0,0,21.33,22.36,59.13,0.98,2.21,72537,0,31.31,60.0,0.02,0,46526
3038077,59.13,59.15,59.01,62.21,0,0,21.46,22.36,59.13,0.98,2.21,72537,0,31.31,60.0,0.02,0,47026
3038586,59.13,59.14,59.01,62.21,0,0,21.46,22.35,59.13,0.98,2.21,72537,0,31.31,60.0,0.01,0,47526
3039095,59.11,59.12,59.01,62.21,0,0,21.4,22.34,59.12,0.98,2.21,72537,0,31.31,60.0,0.0,0,48026
3039604,59.11,59.12,59.01,62.21,0,0,21.4,22.34,59.12,0.98,2.21,72537,0,31.31,60.0,0.0,0,48526
3040113,59.14,59.13,59.01,62.21,0,0,21.53,22.34,59.12,0.98,2.21,72537,0,31.3,60.0,0.0,0,49026
3040622,59.16,59.14,59.01,62.21,0,0,21.53,22.35,59.12,0.98,2.21,72537,0,31.3,60.0,0.02,0,49526
3041131,59.15,59.15,59.01,62.21,0,0,21.61,22.35,59.12,0.98,2.21,72537,0,31.28,60.0,0.03,0,50026
3041640,59.15,59.15,59.01,62.21,0,0,21.61,22.33,59.12,0.98,2.21,72537,0,31.28,60.0,0.03,0,50526
3042149,59.14,59.14,59.01,62.21,0,0,21.55,22.34,59.12,0.98,2.21,72537,0,31.3,60.0,0.02,0,51026
3042658,59.14,59.14,59.01,62.21,0,0,21.55,22.34,59.12,0.98,2.21,72537,0,31.3,60.0,0.02,0,51526
3043167,59.14,59.14,59.01,62.21,0,0,21.7,22.34,59.12,0.98,2.21,72537,0,31.31,60.0,0.02,0,52026
3043676,59.14,59.14,59.01,62.21,0,0,21.7,22.35,59.12,0.98,2.21,72537,0,31.31,60.0,0.02,0,52526
3044185,59.14,59.14,59.01,62.21,0,0,21.81,22.36,59.12,0.98,2.21,72537,0,31.32,60.0,0.02,0,53026
3044694,59.11,59.14,59.01,62.21,0,0,21.81,22.36,59.12,0.98,2.21,72537,0,31.32,60.0,0.02,0,53526
3045203,59.11,59.13,59.01,62.21,0,0,21.81,22.36,59.12,0.98,2.21,72537,0,31.32,60.0,0.0,0,54026
3045712,59.17,59.15,59.01,62.21,0,0,21.81,22.36,59.12,0.98,2.21,72537,0,31.31,60.0,0.03,0,54526
3046221,59.17,59.16,59.01,62.21,0,0,22.26,22.36,59.12,0.98,2.21,72537,0,31.3,60.0,0.04,0,55026
3046730,59.11,59.17,59.01,62.21,0,0,22.2,22.35,59.12,0.98,2.21,72537,0,31.28,60.0,0.05,0,55526
3047239,59.11,59.14,59.01,62.21,0,0,22.2,22.32,59.12,0.98,2.21,72537,0,31.28,60.0,0.01,0,56026
3047748,59.11,59.12,59.01,62.21,0,0,22.2,22.32,59.12,0.98,2.21,72537,0,31.28,60.0,0.0,0,56526
3048257,59.16,59.14,59.01,62.21,0,0,22.07,22.33,59.12,0.98,2.21,72537,0,31.28,60.0,0.02,0,57026
3048766,59.13,59.15,59.01,62.21,0,0,21.98,22.33,59.12,0.98,2.21,72537,0,31.31,60.0,0.03,0,57526
3049275,59.13,59.14,59.01,62.21,0,0,21.98,22.35,59.12,0.98,2.21,72537,0,31.31,60.0,0.02,0,58026
3049784,59.13,59.13,59.01,62.21,0,0,21.98,22.35,59.12,0.98,2.21,72537,0,31.31,60.0,0.01,0,58526
3050293,59.16,59.13,59.01,62.21,0,0,22.26,22.35,59.12,0.98,2.21,72537,0,31.31,60.0,0.01,0,59026
3050802,59.16,59.15,59.01,62.21,0,0,22.31,22.36,59.12,0.98,2.21,72537,0,31.3,60.0,0.02,0,59526
3051311,59.16,59.15,59.01,62.21,0,0,22.31,22.35,59.12,0.98,2.21,72537,0,31.3,60.0,0.03,0,60026
3051820,59.19,59.16,59.01,62.21,0,0,22.52,22.35,59.12,0.98,2.21,72537,0,31.31,60.0,0.03,0,60526
3052329,59.19,59.17,59.01,62.21,0,0,22.52,22.37,59.12,0.98,2.21,72537,0,31.31,60.0,0.05,0,61026
3052838,59.16,59.18,59.01,62.21,0,0,22.42,22.37,59.12,0.98,2.21,72537,0,31.3,60.0,0.06,0,61526
3053347,59.17,59.17,59.01,62.21,0,0,22.85,22.35,59.12,0.98,2.21,72537,0,31.3,60.0,0.05,0,62026
3053856,59.17,59.17,59.01,62.21,0,0,22.85,22.35,59.12,0.98,2.21,72537,0,31.3,60.0,0.05,0,62526
3054365,59.16,59.17,59.01,62.21,0,0,22.57,22.35,59.12,0.98,2.21,72537,0,31.3,60.0,0.05,0,63026
3054874,59.16,59.17,59.01,62.21,0,0,22.57,22.35,59.12,0.98,2.21,72537,0,31.3,60.0,0.04,0,63526
3055383,59.22,59.16,59.01,62.21,0,0,22.87,22.35,59.12,0.98,2.21,72537,0,31.31,60.0,0.04,0,64026
3055892,59.22,59.19,59.01,62.21,0,0,22.87,22.38,59.12,0.98,2.21,72537,0,31.31,60.0,0.07,0,64526
3056401,59.22,59.21,59.01,62.21,0,0,22.87,22.38,59.12,0.98,2.21,72537,0,31.31,60.0,0.09,0,65026
3056910,59.21,59.21,59.01,62.21,0,0,22.76,22.37,59.12,0.98,2.21,72537,0,31.31,60.0,0.09,0,66032
3057419,59.21,59.21,59.01,62.21,0,0,22.76,22.37,59.12,0.98,2.21,72537,0,31.31,60.0,0.09,0,66532
3057928,59.17,59.19,59.01,62.21,0,0,23.35,22.36,59.12,0.98,2.21,72537,0,31.31,60.0,0.07,0,67032
3058437,59.17,59.18,59.01,62.21,0,0,23.35,22.36,59.12,0.98,2.21,72537,0,31.31,60.0,0.06,0,67532
3058946,59.18,59.18,59.01,62.21,0,0,23.13,22.35,59.12,0.98,2.21,72537,0,31.3,60.0,0.06,0,68032
3059455,59.18,59.18,59.01,62.21,0,0,23.13,22.35,59.12,0.98,2.21,72537,0,31.3,60.0,0.06,0,68534
3059964,59.21,59.2,59.01,62.21,0,0,22.94,22.37,59.12,0.98,2.21,72537,0,31.31,60.0,0.07,0,69034
3060473,59.21,59.2,59.01,62.21,0,0,22.94,22.37,59.12,0.98,2.21,72537,0,31.31,60.0,0.08,0,69534
3060982,59.21,59.21,59.01,62.21,0,0,23.5,22.37,59.12,0.98,2.21,72537,0,31.31,60.0,0.09,0,70034
3061491,59.21,59.21,59.01,62.21,0,0,23.5,22.37,59.12,0.98,2.21,72537,0,31.31,60.0,0.09,0,70534
3062000,59.24,59.22,59.01,62.21,0,0,23.39,22.38,59.12,0.98,2.21,72537,0,31.31,60.0,0.1,0,71034
3062509,59.24,59.23,59.01,62.21,0,0,23.28,22.38,59.12,0.98,2.21,72537,0,31.3,60.0,0.11,0,71534
3063018,59.24,59.23,59.01,62.21,0,0,23.28,22.37,59.12,0.98,2.21,72537,0,31.3,60.0,0.11,0,72034
3063527,59.24,59.24,59.01,62.21,0,0,23.31,22.37,59.12,0.98,2.21,72537,0,31.31,60.0,0.11,0,72534
3064036,59.24,59.24,59.01,62.21,0,0,23.31,22.38,59.12,0.98,2.21,72537,0,31.31,60.0,0.11,0,73034
3064545,59.24,59.24,59.01,62.21,0,0,22.83,22.37,59.12,0.98,2.21,72537,0,31.3,60.0,0.11,0,73534
3065054,59.24,59.24,59.01,62.21,0,0,22.83,22.37,59.12,0.98,2.21,72537,0,31.3,60.0,0.11,0,74034
3065563,59.24,59.24,59.01,62.21,0,0,22.83,22.37,59.12,0.98,2.21,72537,0,31.3,60.0,0.11,0,74534
3066072,59.24,59.24,59.01,62.21,0,0,22.83,22.37,59.12,0.98,2.21,72537,0,31.3,60.0,0.11,0,75034
3066581,59.24,59.24,59.01,62.21,0,0,22.83,22.37,59.12,0.98,2.21,72537,0,31.3,60.0,0.11,0,75534
3067090,59.21,59.22,59.01,62.21,0,0,23.52,22.35,59.12,0.98,2.21,72537,0,31.28,60.0,0.1,0,76034
3067599,59.23,59.22,59.01,62.21,0,0,23.72,22.39,59.12,0.98,2.21,72537,0,31.32,60.0,0.1,0,76534
3068108,59.21,59.23,59.01,62.21,0,0,23.63,22.39,59.12,0.98,2.21,72537,0,31.31,60.0,0.1,0,77034
3068617,59.21,59.22,59.01,62.21,0,0,23.63,22.37,59.12,0.98,2.21,72537,0,31.31,60.0,0.1,0,77534
3069126,59.24,59.23,59.01,62.21,0,0,23.33,22.37,59.12,0.98,2.21,72537,0,31.3,60.0,0.11,0,78034
3069635,59.22,59.23,59.01,62.21,0,0,23.31,22.36,59.12,0.98,2.21,72537,0,31.3,60.0,0.1,0,78535
3070144,59.22,59.22,59.01,62.21,0,0,23.31,22.36,59.12,0.98,2.21,72537,0,31.3,60.0,0.1,0,79035
3070653,59.22,59.22,59.01,62.21,0,0,23.79,22.36,59.12,0.98,2.21,72537,0,31.3,60.0,0.1,0,79535
3071162,59.26,59.24,59.01,62.21,0,0,23.65,22.39,59.12,0.98,2.21,72537,0,31.31,60.0,0.12,0,80035
3071671,59.24,59.25,59.01,62.21,0,0,23.59,22.39,59.12,0.98,2.21,72537,0,31.31,60.0,0.13,0,80535
3072180,59.24,59.25,59.01,62.21,0,0,23.59,22.38,59.12,0.98,2.21,72537,0,31.31,60.0,0.12,0,81035
3072689,59.22,59.24,59.01,62.21,0,0,23.79,22.38,59.12,0.98,2.21,72537,0,31.31,60.0,0.11,0,81535
3073198,59.22,59.23,59.01,62.21,0,0,23.79,22.38,59.12,0.98,2.21,72537,0,31.31,60.0,0.11,0,82035
3073707,59.24,59.23,59.01,62.21,0,0,23.31,22.38,59.12,0.98,2.21,72537,0,31.31,60.0,0.11,0,82535
3074216,59.24,59.24,59.01,62.21,0,0,23.31,22.38,59.12,0.98,2.21,72537,0,31.31,60.0,0.11,0,83035
3074725,59.24,59.24,59.01,62.21,0,0,23.31,22.38,59.12,0.98,2.21,72537,0,31.31,60.0,0.12,0,83535
3075234,59.25,59.24,59.01,62.21,0,0,24.03,22.38,59.12,0.98,2.21,72537,0,31.31,60.0,0.12,0,84037
3075743,59.25,59.24,59.01,62.21,0,0,24.03,22.38,59.12,0.98,2.21,72537,0,31.31,60.0,0.12,0,84538
3076252,59.25,59.25,59.01,62.21,0,0,24.07,22.37,59.12,0.98,2.21,72537,0,31.3,60.0,0.12,0,85039
3076761,59.22,59.23,59.01,62.21,0,0,24.2,22.36,59.12,0.98,2.21,72537,0,31.3,60.0,0.11,0,85541
3077270,59.28,59.23,59.01,62.21,0,0,24.14,22.36,59.12,0.98,2.21,72537,0,31.32,60.0,0.11,0,86041
3077779,59.28,59.25,59.01,62.21,0,0,24.14,22.4,59.12,0.98,2.21,72537,0,31.32,60.0,0.13,0,86541
3078288,59.29,59.27,59.01,62.21,0,0,23.83,22.4,59.12,0.98,2.21,72537,0,31.32,60.0,0.14,0,87041
3078797,59.29,59.28,59.01,62.21,1,0,23.83,22.41,59.12,0.98,2.21,87541,0,31.32,60.0,0.15,0,0
3079306,59.27,59.28,59.01,62.06,1,0,24.29,22.41,59.28,0.98,2.06,87541,0,31.31,60.0,0.0,0,500
3079815,59.27,59.28,59.01,62.06,1,0,24.29,22.39,59.28,0.98,2.06,87541,0,31.31,60.0,0.0,0,1000
3080324,59.29,59.28,59.01,62.06,1,0,24.42,22.39,59.28,0.98,2.06,87541,0,31.31,60.0,0.0,0,1500
3080833,59.29,59.28,59.01,62.06,1,0,24.27,22.39,59.28,0.98,2.06,87541,0,31.34,60.0,0.0,0,2000
3081342,59.29,59.29,59.01,62.06,1,0,24.27,22.42,59.29,0.98,2.06,87541,0,31.34,60.0,0.0,0,2500
3081851,59.29,59.29,59.01,62.06,1,0,24.27,22.42,59.29,0.98,2.06,87541,0,31.34,60.0,0.0,0,3000
3082360,59.25,59.29,59.01,62.06,1,0,24.27,22.42,59.29,0.98,2.06,87541,0,31.31,60.0,0.0,0,3500
3082869,59.26,59.27,59.01,62.06,1,0,24.31,22.38,59.29,0.98,2.06,87541,0,31.31,60.0,0.02,0,4000
3083378,59.26,59.27,59.01,62.06,1,0,24.31,22.39,59.29,0.98,2.06,87541,0,31.31,60.0,0.02,0,4500
3083887,59.29,59.27,59.01,62.06,1,0,24.2,22.39,59.29,0.98,2.06,87541,0,31.32,60.0,0.02,0,5002
3084396,59.29,59.28,59.01,62.06,1,0,24.2,22.41,59.29,0.98,2.06,87541,0,31.32,60.0,0.01,0,5502
3084905,59.29,59.28,59.01,62.06,1,0,24.22,22.41,59.29,0.98,2.06,87541,0,31.31,60.0,0.0,0,6002
3085413,59.29,59.28,59.01,62.06,1,0,24.22,22.39,59.29,0.98,2.06,87541,0,31.31,60.0,0.0,0,6502
3085922,59.26,59.27,59.01,62.06,1,0,24.11,22.37,59.29,0.98,2.06,87541,0,31.3,60.0,0.01,0,7503
3086431,59.26,59.27,59.01,62.06,1,0,24.11,22.37,59.29,0.98,2.06,87541,0,31.3,60.0,0.02,0,8003
3086940,59.31,59.29,59.01,62.06,1,0,23.89,22.4,59.29,0.98,2.06,87541,0,31.31,60.0,0.0,0,8503
3087449,59.27,59.28,59.01,62.06,1,0,23.92,22.39,59.29,0.98,2.06,87541,0,31.31,60.0,0.0,0,9003
3087958,59.31,59.3,59.01,62.06,1,0,23.83,22.4,59.3,0.98,2.06,87541,0,31.31,60.0,0.0,0,9503
3088469,59.31,59.3,59.01,62.06,1,0,23.83,22.4,59.3,0.98,2.06,87541,0,31.31,60.0,0.0,0,10003
3088978,59.31,59.31,59.01,62.06,1,0,23.83,22.4,59.31,0.98,2.06,87541,0,31.31,60.0,0.0,0,10503
3089487,59.31,59.31,59.01,62.06,1,0,23.83,22.4,59.31,0.98,2.06,87541,0,31.31,60.0,0.0,0,11003
3089996,59.31,59.31,59.01,62.06,1,0,23.83,22.4,59.31,0.98,2.06,87541,0,31.31,60.0,0.0,0,11503
3090505,59.26,59.29,59.01,62.06,1,0,23.44,22.39,59.31,0.98,2.06,87541,0,31.31,60.0,0.02,0,12003
3091014,59.26,59.28,59.01,62.06,1,0,23.44,22.39,59.31,0.98,2.06,87541,0,31.31,60.0,0.03,0,12503
3091523,59.29,59.28,59.01,62.06,1,0,23.26,22.41,59.31,0.98,2.06,87541,0,31.32,60.0,0.02,0,13003
3092032,59.28,59.29,59.01,62.06,1,0,23.22,22.41,59.31,0.98,2.06,87541,0,31.32,60.0,0.02,0,13503
3092541,59.28,59.28,59.01,62.06,1,0,23.22,22.4,59.31,0.98,2.06,87541,0,31.32,60.0,0.02,0,14003
3093050,59.28,59.28,59.01,62.06,1,0,23.22,22.4,59.31,0.98,2.06,87541,0,31.32,60.0,0.03,0,14503
3093559,59.28,59.28,59.01,62.06,1,0,23.22,22.4,59.31,0.98,2.06,87541,0,31.32,60.0,0.03,0,15003
3094068,59.28,59.28,59.01,62.06,1,0,23.22,22.4,59.31,0.98,2.06,87541,0,31.32,60.0,0.03,0,15503
3094577,59.29,59.28,59.01,62.06,1,0,22.78,22.39,59.31,0.98,2.06,87541,0,31.31,60.0,0.02,0,16003
3095086,59.33,59.3,59.01,62.06,1,0,22.72,22.4,59.31,0.98,2.06,87541,0,31.31,60.0,0.0,0,16503
3095595,59.33,59.31,59.01,62.06,1,0,22.72,22.4,59.31,0.98,2.06,87541,0,31.31,60.0,0.0,0,17003
3096104,59.33,59.32,59.01,62.06,1,0,22.59,22.4,59.32,0.98,2.06,87541,0,31.31,60.0,0.0,0,17505
3096613,59.33,59.32,59.01,62.06,1,0,22.59,22.4,59.32,0.98,2.06,87541,0,31.31,60.0,0.0,0,18005
3097122,59.33,59.32,59.01,62.06,1,0,22.35,22.4,59.32,0.98,2.06,87541,0,31.31,60.0,0.0,0,18505
3097631,59.33,59.32,59.01,62.06,1,0,22.35,22.4,59.32,0.98,2.06,87541,0,31.31,60.0,0.0,0,19005
3098140,59.33,59.32,59.01,62.06,1,0,22.35,22.4,59.32,0.98,2.06,87541,0,31.31,60.0,0.0,0,19505
3098649,59.26,59.29,59.01,62.06,1,0,22.22,22.39,59.32,0.98,2.06,87541,0,31.31,60.0,0.03,0,20005
3099158,59.26,59.28,59.01,62.06,1,0,22.22,22.39,59.32,0.98,2.06,87541,0,31.31,60.0,0.04,0,20505
3099667,59.37,59.27,59.01,62.06,1,0,21.94,22.39,59.32,0.98,2.06,87541,0,31.35,60.0,0.05,0,21005
3100176,59.37,59.32,59.01,62.06,1,0,21.94,22.46,59.32,0.98,2.06,87541,0,31.35,60.0,0.0,0,21505
3100685,59.38,59.34,59.01,62.06,1,0,21.66,22.46,59.34,0.98,2.06,87541,0,31.34,60.0,0.0,0,22005
3101194,59.35,59.36,59.01,62.06,1,0,21.72,22.45,59.36,0.98,2.06,87541,0,31.32,60.0,0.0,0,22505
3101703,59.35,59.36,59.01,62.06,1,0,21.72,22.42,59.36,0.98,2.06,87541,0,31.32,60.0,0.0,0,23006
3102213,59.4,59.36,59.01,62.06,1,0,21.55,22.42,59.36,0.98,2.06,87541,0,31.32,60.0,0.0,0,23506
3102722,59.4,59.38,59.01,62.06,1,0,21.55,22.44,59.38,0.98,2.06,87541,0,31.32,60.0,0.0,0,24006
3103231,59.42,59.39,59.01,62.06,1,0,21.51,22.44,59.39,0.98,2.06,87541,0,31.32,60.0,0.0,0,24506
3103740,59.42,59.4,59.01,62.06,1,0,21.51,22.44,59.4,0.98,2.06,87541,0,31.32,60.0,0.0,0,25006
3104249,59.4,59.4,59.01,62.06,1,0,21.31,22.44,59.4,0.98,2.06,87541,0,31.32,60.0,0.0,0,25506
3104758,59.45,59.4,59.01,62.06,1,0,21.53,22.44,59.4,0.98,2.06,87541,0,31.32,60.0,0.0,0,26006
3105267,59.45,59.43,59.01,62.06,1,0,21.53,22.45,59.43,0.98,2.06,87541,0,31.32,60.0,0.0,0,26506
3105776,59.47,59.44,59.01,62.06,1,0,20.77,22.45,59.44,0.98,2.06,87541,0,31.32,60.0,0.0,0,27006
3106284,59.46,59.45,59.01,62.06,1,0,20.94,22.46,59.45,0.98,2.06,87541,0,31.31,60.0,0.0,0,27506
3106793,59.46,59.46,59.01,62.06,1,0,20.94,22.44,59.46,0.98,2.06,87541,0,31.31,60.0,0.0,0,28006
3107302,59.46,59.46,59.01,62.06,1,0,20.94,22.44,59.46,0.98,2.06,87541,0,31.31,60.0,0.0,0,28506
3107811,59.5,59.46,59.01,62.06,1,0,20.86,22.44,59.46,0.98,2.06,87541,0,31.32,60.0,0.0,0,29006
3108320,59.5,59.48,59.01,62.06,1,0,20.86,22.47,59.48,0.98,2.06,87541,0,31.32,60.0,0.0,0,29506
3108829,59.56,59.49,59.01,62.06,1,0,20.77,22.47,59.49,0.98,2.06,87541,0,31.31,60.0,0.0,0,30006
3109338,59.56,59.53,59.01,62.06,1,0,20.77,22.47,59.53,0.98,2.06,87541,0,31.31,60.0,0.0,0,30506
3109847,59.56,59.55,59.01,62.06,1,0,20.77,22.47,59.55,0.98,2.06,87541,0,31.31,60.0,0.0,0,31006
3110356,59.59,59.55,59.01,62.06,1,0,20.3,22.47,59.55,0.98,2.06,87541,0,31.31,60.0,0.0,0,31506
3110865,59.59,59.57,59.01,62.06,1,0,20.3,22.48,59.57,0.98,2.06,87541,0,31.31,60.0,0.0,0,32006
3111374,59.59,59.58,59.01,62.06,1,0,20.28,22.48,59.58,0.98,2.06,87541,0,31.31,60.0,0.0,0,32506
3111883,59.59,59.58,59.01,62.06,1,0,20.28,22.48,59.58,0.98,2.06,87541,0,31.31,60.0,0.0,0,33006
3112392,59.59,59.58,59.01,62.06,1,0,20.28,22.48,59.58,0.98,2.06,87541,0,31.31,60.0,0.0,0,33506
3112901,59.64,59.59,59.01,62.06,1,0,20.08,22.48,59.59,0.98,2.06,87541,0,31.32,60.0,0.0,0,34006
3113410,59.68,59.61,59.01,62.06,1,0,20.12,22.5,59.61,0.98,2.06,87541,0,31.35,60.0,0.0,0,34506
3113919,59.68,59.65,59.01,62.06,1,0,20.12,22.54,59.65,0.98,2.06,87541,0,31.35,60.0,0.0,0,35006
3114428,59.68,59.67,59.01,62.06,1,0,20.12,22.54,59.67,0.98,2.06,87541,0,31.35,60.0,0.0,0,36009
3114937,59.7,59.69,59.01,62.06,1,0,19.93,22.51,59.69,0.98,2.06,87541,0,31.31,60.0,0.0,0,36509
3115446,59.7,59.69,59.01,62.06,1,0,19.93,22.51,59.69,0.98,2.06,87541,0,31.31,60.0,0.0,0,37009
3115955,59.7,59.7,59.01,62.06,1,0,19.93,22.51,59.7,0.98,2.06,87541,0,31.31,60.0,0.0,0,37509
3116464,59.7,59.7,59.01,62.06,1,0,19.93,22.51,59.7,0.98,2.06,87541,0,31.31,60.0,0.0,0,38009
3116973,59.75,59.73,59.01,62.06,1,0,19.65,22.53,59.73,0.98,2.06,87541,0,31.32,60.0,0.0,0,38509
3117482,59.75,59.74,59.01,62.06,1,0,19.65,22.53,59.74,0.98,2.06,87541,0,31.32,60.0,0.0,0,39009
3117991,59.75,59.75,59.01,62.06,1,0,19.46,22.52,59.75,0.98,2.06,87541,0,31.31,60.0,0.0,0,39509
3118500,59.79,59.77,59.01,62.06,1,0,19.48,22.53,59.77,0.98,2.06,87541,0,31.31,60.0,0.0,0,40009
3119009,59.81,59.79,59.01,62.06,1,0,19.44,22.55,59.79,0.98,2.06,87541,0,31.32,60.0,0.0,0,40509
3119518,59.81,59.8,59.01,62.06,1,0,19.44,22.55,59.8,0.98,2.06,87541,0,31.32,60.0,0.0,0,41009
3120027,59.81,59.81,59.01,62.06,1,0,19.44,22.55,59.81,0.98,2.06,87541,0,31.32,60.0,0.0,0,41509
3120536,59.83,59.82,59.01,62.06,1,0,19.11,22.55,59.82,0.98,2.06,87541,0,31.32,60.0,0.0,0,42009
3121045,59.79,59.82,59.01,62.06,1,0,18.98,22.55,59.82,0.98,2.06,87541,0,31.34,60.0,0.0,0,42509
3121554,59.79,59.81,59.01,62.06,1,0,18.98,22.56,59.82,0.98,2.06,87541,0,31.34,60.0,0.01,0,43009
3122063,59.79,59.8,59.01,62.06,1,0,18.98,22.56,59.82,0.98,2.06,87541,0,31.34,60.0,0.02,0,43510
3122572,59.79,59.79,59.01,62.06,1,0,18.85,22.53,59.82,0.98,2.06,87541,0,31.31,60.0,0.02,0,44011
3123081,59.84,59.82,59.01,62.06,1,0,18.88,22.55,59.82,0.98,2.06,87541,0,31.31,60.0,0.0,0,44512
3123590,59.84,59.83,59.01,62.06,1,0,18.88,22.55,59.83,0.98,2.06,87541,0,31.31,60.0,0.0,0,45012
3124099,59.83,59.83,59.01,62.06,1,0,18.7,22.55,59.83,0.98,2.06,87541,0,31.32,60.0,0.0,0,45512
3124608,59.83,59.83,59.01,62.06,1,0,18.7,22.55,59.83,0.98,2.06,87541,0,31.32,60.0,0.0,0,46012
3125117,59.83,59.83,59.01,62.06,1,0,18.7,22.55,59.83,0.98,2.06,87541,0,31.32,60.0,0.0,0,46512
3125626,59.85,59.84,59.01,62.06,1,0,18.6,22.58,59.84,0.98,2.06,87541,0,31.34,60.0,0.0,0,47012
3126135,59.85,59.84,59.01,62.06,1,0,18.6,22.58,59.84,0.98,2.06,87541,0,31.34,60.0,0.0,0,47512
3126644,59.77,59.84,59.01,62.06,1,0,18.6,22.58,59.84,0.98,2.06,87541,0,31.34,60.0,0.0,0,48012
3127157,59.84,59.81,59.01,62.06,1,0,18.34,22.55,59.84,0.98,2.06,87541,0,31.31,60.0,0.03,0,48512
3127666,59.84,59.82,59.01,62.06,1,0,18.34,22.55,59.84,0.98,2.06,87541,0,31.31,60.0,0.02,0,49012
3128175,59.84,59.83,59.01,62.06,1,0,18.34,22.55,59.84,0.98,2.06,87541,0,31.31,60.0,0.01,0,49512
3128684,59.84,59.83,59.01,62.06,1,0,18.34,22.55,59.84,0.98,2.06,87541,0,31.31,60.0,0.0,0,50012
3129193,59.73,59.84,59.01,62.06,1,0,18.16,22.55,59.84,0.98,2.06,87541,0,31.32,60.0,0.0,0,50512
3129702,59.74,59.78,59.01,62.06,1,0,18.12,22.53,59.84,0.98,2.06,87541,0,31.32,60.0,0.06,0,51012
3130211,59.74,59.76,59.01,62.06,1,0,18.12,22.53,59.84,0.98,2.06,87541,0,31.32,60.0,0.08,0,51512
3130720,59.74,59.75,59.01,62.06,1,0,18.12,22.53,59.84,0.98,2.06,87541,0,31.32,60.0,0.09,0,52012
3131229,59.71,59.75,59.01,62.06,1,0,18.08,22.53,59.84,0.98,2.06,87541,0,31.32,60.0,0.09,0,52512
3131738,59.71,59.73,59.01,62.06,1,0,18.08,22.52,59.84,0.98,2.06,87541,0,31.32,60.0,0.11,0,53012
3132247,59.67,59.7,59.01,62.06,1,0,17.99,22.51,59.84,0.98,2.06,87541,0,31.32,60.0,0.14,0,53512
3132756,59.67,59.68,59.01,62.06,0,0,17.99,22.51,59.84,0.98,2.06,54012,0,31.32,60.0,0.16,0,0
3133265,59.67,59.67,59.16,62.06,0,0,17.99,22.51,59.67,0.83,2.06,54012,0,31.32,60.0,0.0,0,500
3133774,59.64,59.66,59.16,62.06,0,0,17.82,22.49,59.66,0.83,2.06,54012,0,31.31,60.0,0.0,0,1000
3134283,59.65,59.65,59.16,62.06,0,0,17.41,22.49,59.65,0.83,2.06,54012,0,31.32,60.0,0.0,0,1500
3134792,59.59,59.65,59.16,62.06,0,0,17.48,22.51,59.65,0.83,2.06,54012,0,31.31,60.0,0.0,0,2000
3135301,59.59,59.62,59.16,62.06,0,0,17.48,22.48,59.62,0.83,2.06,54012,0,31.31,60.0,0.0,0,2500
3135810,59.58,59.6,59.16,62.06,0,0,17.15,22.49,59.6,0.83,2.06,54012,0,31.32,60.0,0.0,0,3001
3136319,59.56,59.59,59.16,62.06,0,0,17.5,22.49,59.59,0.83,2.06,54012,0,31.31,60.0,0.0,0,3501
3136828,59.53,59.58,59.16,62.06,0,0,17.35,22.47,59.58,0.83,2.06,54012,0,31.31,60.0,0.0,0,4001
3137337,59.53,59.55,59.16,62.06,0,0,17.35,22.46,59.55,0.83,2.06,54012,0,31.31,60.0,0.0,0,4501
3137846,59.53,59.54,59.16,62.06,0,0,17.35,22.46,59.54,0.83,2.06,54012,0,31.31,60.0,0.0,0,5001
3138355,59.46,59.53,59.16,62.06,0,0,17.45,22.46,59.53,0.83,2.06,54012,0,31.31,60.0,0.0,0,5501
3138864,59.45,59.5,59.16,62.06,0,0,17.37,22.44,59.5,0.83,2.06,54012,0,31.31,60.0,0.0,0,6001
3139373,59.45,59.47,59.16,62.06,0,0,17.37,22.44,59.47,0.83,2.06,54012,0,31.31,60.0,0.0,0,6501
3139882,59.4,59.44,59.16,62.06,0,0,17.71,22.42,59.44,0.83,2.06,54012,0,31.31,60.0,0.0,0,7001
3140391,59.39,59.42,59.16,62.06,0,0,16.83,22.42,59.42,0.83,2.06,54012,0,31.31,60.0,0.0,0,7501
3140899,59.37,59.4,59.16,62.06,0,0,17.67,22.42,59.4,0.83,2.06,54012,0,31.34,60.0,0.0,0,8001
3141407,59.3,59.38,59.16,62.06,0,0,17.65,22.44,59.38,0.83,2.06,54012,0,31.32,60.0,0.0,0,8501
3141915,59.3,59.34,59.16,62.06,0,0,17.65,22.41,59.34,0.83,2.06,54012,0,31.32,60.0,0.0,0,9001
3142424,59.27,59.32,59.16,62.06,0,0,17.58,22.41,59.32,0.83,2.06,54012,0,31.31,60.0,0.0,0,9501
3142933,59.27,59.29,59.16,62.06,0,0,17.58,22.39,59.29,0.83,2.06,54012,0,31.31,60.0,0.0,0,10502
3143442,59.18,59.23,59.16,62.06,0,0,17.71,22.38,59.23,0.83,2.06,54012,0,31.32,60.0,0.0,0,11002
3143951,59.18,59.2,59.16,62.06,0,0,17.71,22.38,59.2,0.83,2.06,54012,0,31.32,60.0,0.0,0,11502
3144460,59.18,59.19,59.16,62.06,0,0,17.71,22.38,59.19,0.83,2.06,54012,0,31.32,60.0,0.0,0,12002
3144969,59.18,59.18,59.16,62.06,0,0,17.71,22.38,59.18,0.83,2.06,54012,0,31.32,60.0,0.0,0,12503
3145478,59.18,59.18,59.16,62.06,0,0,17.71,22.38,59.18,0.83,2.06,54012,0,31.32,60.0,0.0,0,13003
3145987,59.03,59.1,59.16,62.06,0,0,18.01,22.33,59.1,0.83,2.06,54012,0,31.32,60.0,0.0,0,13503
3146498,59.03,59.07,59.16,62.06,0,0,18.01,22.33,59.07,0.83,2.06,54012,0,31.32,60.0,0.0,0,14003
3147008,59.0,59.03,59.16,62.06,0,0,18.21,22.31,59.03,0.83,2.06,54012,0,31.31,60.0,0.0,0,14503
3147517,58.97,59.0,59.16,62.06,0,0,18.27,22.29,59.0,0.83,2.06,54012,0,31.3,60.0,0.0,0,15003
3148026,58.97,58.99,59.16,62.06,0,0,18.27,22.29,58.99,0.83,2.06,54012,0,31.3,60.0,0.0,0,15503
3148535,58.92,58.95,59.16,62.06,0,0,18.34,22.28,58.95,0.83,2.06,54012,0,31.3,60.0,0.0,0,16003
3149044,58.95,58.95,59.16,62.06,0,0,18.34,22.3,58.95,0.83,2.06,54012,0,31.31,60.0,0.0,0,16503
3149553,58.95,58.95,59.16,62.06,0,0,18.34,22.3,58.95,0.83,2.06,54012,0,31.31,60.0,0.0,0,17003
3150063,58.83,58.95,59.16,62.06,0,0,18.55,22.3,58.95,0.83,2.06,54012,0,31.32,60.0,0.0,0,17503
3150572,58.83,58.89,59.16,62.06,0,0,18.55,22.28,58.89,0.83,2.06,54012,0,31.32,60.0,0.0,0,18003
3151081,58.77,58.86,59.16,62.06,0,0,18.66,22.28,58.86,0.83,2.06,54012,0,31.32,60.0,0.0,0,18503
3151590,58.77,58.81,59.16,62.06,0,0,18.66,22.26,58.81,0.83,2.06,54012,0,31.32,60.0,0.0,0,19003
3152099,58.77,58.79,59.16,62.06,0,0,18.66,22.26,58.79,0.83,2.06,54012,0,31.32,60.0,0.0,0,19503
3152608,58.77,58.78,59.16,62.06,0,0,18.66,22.26,58.78,0.83,2.06,54012,0,31.32,60.0,0.0,0,20003
3153117,58.77,58.77,59.16,62.06,0,0,18.66,22.26,58.77,0.83,2.06,54012,0,31.32,60.0,0.0,0,20503
3153626,58.66,58.72,59.16,62.06,0,0,19.0,22.22,58.72,0.83,2.06,54012,0,31.31,60.0,0.0,0,21003
3154135,58.65,58.69,59.16,62.06,0,0,18.92,22.22,58.69,0.83,2.06,54012,0,31.32,60.0,0.0,0,21503
3154644,58.65,58.67,59.16,62.06,0,0,18.92,22.23,58.67,0.83,2.06,54012,0,31.32,60.0,0.0,0,22003
3155153,58.65,58.66,59.16,62.06,0,0,19.05,22.22,58.66,0.83,2.06,54012,0,31.31,60.0,0.0,0,22503
3155662,58.58,58.62,59.16,62.06,0,0,19.03,22.22,58.62,0.83,2.06,54012,0,31.34,60.0,0.0,0,23003
3156171,58.57,58.6,59.16,62.06,0,0,19.09,22.22,58.6,0.83,2.06,54012,0,31.3,60.0,0.0,0,23503
3156680,58.57,58.59,59.16,62.06,0,0,19.09,22.18,58.59,0.83,2.06,54012,0,31.3,60.0,0.0,0,24003
3157189,58.52,58.58,59.16,62.06,0,0,19.39,22.18,58.58,0.83,2.06,54012,0,31.31,60.0,0.0,0,24503
3157698,58.52,58.55,59.16,62.06,0,0,19.39,22.18,58.55,0.83,2.06,54012,0,31.31,60.0,0.0,0,25003
3158207,58.49,58.54,59.16,62.06,0,0,19.31,22.18,58.54,0.83,2.06,54012,0,31.32,60.0,0.0,0,25503
3158716,58.46,58.51,59.16,62.06,0,0,19.44,22.18,58.51,0.83,2.06,54012,0,31.3,60.0,0.0,0,26003
3159225,58.46,58.49,59.16,62.06,0,0,19.44,22.15,58.49,0.83,2.06,54012,0,31.3,60.0,0.0,0,26503
3159734,58.46,58.47,59.16,62.06,0,0,19.44,22.15,58.47,0.83,2.06,54012,0,31.3,60.0,0.0,0,27003
3160243,58.39,58.47,59.16,62.06,0,0,19.65,22.15,58.47,0.83,2.06,54012,0,31.32,60.0,0.0,0,27503
3160752,58.39,58.43,59.16,62.06,0,0,19.65,22.15,58.43,0.83,2.06,54012,0,31.32,60.0,0.0,0,28003
3161261,58.41,58.42,59.16,62.06,0,0,19.74,22.16,58.42,0.83,2.06,54012,0,31.32,60.0,0.0,0,28503
3161770,58.41,58.42,59.16,62.06,0,0,19.74,22.16,58.42,0.83,2.06,54012,0,31.32,60.0,0.0,0,29003
3162279,58.35,58.38,59.16,62.06,0,0,19.8,22.13,58.38,0.83,2.06,54012,0,31.31,60.0,0.0,0,29503
3162788,58.35,58.37,59.16,62.06,0,0,19.8,22.13,58.37,0.83,2.06,54012,0,31.31,60.0,0.0,0,30003
3163297,58.4,58.38,59.16,62.06,0,0,19.84,22.13,58.37,0.83,2.06,54012,0,31.3,60.0,0.01,0,30503
3163806,58.4,58.39,59.16,62.06,0,0,19.84,22.13,58.37,0.83,2.06,54012,0,31.3,60.0,0.02,0,31003
3164315,58.29,58.34,59.16,62.06,0,0,19.93,22.11,58.34,0.83,2.06,54012,0,31.31,60.0,0.0,0,31503
3164824,58.29,58.31,59.16,62.06,0,0,19.93,22.11,58.31,0.83,2.06,54012,0,31.31,60.0,0.0,0,32003
3165333,58.33,58.32,59.16,62.06,0,0,20.06,22.12,58.31,0.83,2.06,54012,0,31.31,60.0,0.0,0,32503
3165842,58.28,58.32,59.16,62.06,0,0,20.38,22.12,58.31,0.83,2.06,54012,0,31.32,60.0,0.01,0,33003
3166351,58.28,58.3,59.16,62.06,0,0,20.38,22.12,58.3,0.83,2.06,54012,0,31.32,60.0,0.0,0,33503
3166860,58.26,58.29,59.16,62.06,0,0,20.23,22.12,58.29,0.83,2.06,54012,0,31.32,60.0,0.0,0,34004
3167369,58.26,58.28,59.16,62.06,0,0,20.23,22.12,58.28,0.83,2.06,54012,0,31.32,60.0,0.0,0,34504
3167878,58.27,58.27,59.16,62.06,0,0,20.51,22.12,58.27,0.83,2.06,54012,0,31.3,60.0,0.0,0,35004
3168387,58.26,58.27,59.16,62.06,0,0,20.32,22.1,58.27,0.83,2.06,54012,0,31.32,60.0,0.0,0,35504
3168896,58.26,58.27,59.16,62.06,0,0,20.32,22.12,58.27,0.83,2.06,54012,0,31.32,60.0,0.0,0,36004
3169405,58.26,58.26,59.16,62.06,0,0,20.47,22.12,58.26,0.83,2.06,54012,0,31.32,60.0,0.0,0,36504
3169914,58.26,58.26,59.16,62.06,0,0,20.47,22.12,58.26,0.83,2.06,54012,0,31.32,60.0,0.0,0,37004
3170423,58.26,58.26,59.16,62.06,0,0,20.21,22.12,58.26,0.83,2.06,54012,0,31.32,60.0,0.0,0,37504
3170932,58.26,58.26,59.16,62.06,0,0,20.21,22.12,58.26,0.83,2.06,54012,0,31.32,60.0,0.0,0,38004
3171441,58.2,58.23,59.16,62.06,0,0,20.84,22.09,58.23,0.83,2.06,54012,0,31.31,60.0,0.0,0,39010
3171950,58.22,58.23,59.16,62.06,0,0,20.81,22.08,58.23,0.83,2.06,54012,0,31.3,60.0,0.0,0,39510
3172459,58.23,58.23,59.16,62.06,0,0,20.9,22.12,58.23,0.83,2.06,54012,0,31.34,60.0,0.0,0,40010
3172981,58.22,58.23,59.16,62.06,0,0,20.77,22.12,58.23,0.83,2.06,54012,0,31.34,60.0,0.0,0,40510
3173490,58.22,58.22,59.16,62.06,0,0,20.77,22.12,58.22,0.83,2.06,54012,0,31.34,60.0,0.0,0,41010
3173999,58.19,58.21,59.16,62.06,0,0,21.1,22.06,58.21,0.83,2.06,54012,0,31.28,60.0,0.0,0,41510
3174508,58.21,58.21,59.16,62.06,0,0,20.62,22.09,58.21,0.83,2.06,54012,0,31.31,60.0,0.0,0,42010
3175017,58.21,58.21,59.16,62.06,0,0,20.62,22.09,58.21,0.83,2.06,54012,0,31.31,60.0,0.0,0,42510
3175526,58.21,58.21,59.16,62.06,0,0,21.18,22.11,58.21,0.83,2.06,54012,0,31.32,60.0,0.0,0,43010
3176035,58.21,58.21,59.16,62.06,0,0,21.18,22.11,58.21,0.83,2.06,54012,0,31.32,60.0,0.0,0,43510
3176544,58.21,58.21,59.16,62.06,0,0,21.16,22.11,58.21,0.83,2.06,54012,0,31.32,60.0,0.0,0,44010
3177052,58.21,58.21,59.16,62.06,0,0,21.27,22.08,58.21,0.83,2.06,54012,0,31.3,60.0,0.0,0,44525
3177561,58.21,58.21,59.16,62.06,0,0,21.27,22.08,58.21,0.83,2.06,54012,0,31.3,60.0,0.0,0,45025
3178070,58.17,58.19,59.16,62.06,0,0,21.31,22.08,58.19,0.83,2.06,54012,0,31.31,60.0,0.0,0,45525
3178579,58.23,58.21,59.16,62.06,0,0,21.57,22.11,58.19,0.83,2.06,54012,0,31.32,60.0,0.01,0,46025
3179088,58.21,58.22,59.16,62.06,0,0,21.46,22.11,58.19,0.83,2.06,54012,0,31.32,60.0,0.02,0,46525
3179597,58.21,58.22,59.16,62.06,0,0,21.46,22.11,58.19,0.83,2.06,54012,0,31.32,60.0,0.02,0,47025
3180106,58.22,58.22,59.16,62.06,0,0,21.51,22.12,58.19,0.83,2.06,54012,0,31.34,60.0,0.02,0,47525
3180628,58.21,58.22,59.16,62.06,0,0,22.03,22.12,58.19,0.83,2.06,54012,0,31.32,60.0,0.02,0,48025
3181137,58.21,58.21,59.16,62.06,0,0,22.03,22.11,58.19,0.83,2.06,54012,0,31.32,60.0,0.02,0,48525
3181646,58.21,58.21,59.16,62.06,0,0,21.9,22.11,58.19,0.83,2.06,54012,0,31.31,60.0,0.02,0,49025
3182155,58.21,58.21,59.16,62.06,0,0,21.9,22.09,58.19,0.83,2.06,54012,0,31.31,60.0,0.02,0,49525
3182664,58.22,58.22,59.16,62.06,0,0,21.9,22.1,58.19,0.83,2.06,54012,0,31.31,60.0,0.02,0,50025
3183173,58.22,58.22,59.16,62.06,0,0,21.9,22.1,58.19,0.83,2.06,54012,0,31.31,60.0,0.02,0,50525
3183682,58.25,58.24,59.16,62.06,0,0,21.72,22.13,58.19,0.83,2.06,54012,0,31.34,60.0,0.04,0,51025
3184191,58.25,58.25,59.16,62.06,0,0,21.72,22.13,58.19,0.83,2.06,54012,0,31.34,60.0,0.05,0,51525
3184700,58.27,58.25,59.16,62.06,0,0,22.0,22.13,58.19,0.83,2.06,54012,0,31.34,60.0,0.05,0,52025
3185209,58.29,58.26,59.16,62.06,0,0,21.92,22.14,58.19,0.83,2.06,54012,0,31.32,60.0,0.06,0,52525
3185718,58.29,58.27,59.16,62.06,0,0,21.92,22.13,58.19,0.83,2.06,54012,0,31.32,60.0,0.08,0,53025
3186227,58.21,58.24,59.16,62.06,0,0,22.05,22.11,58.19,0.83,2.06,54012,0,31.32,60.0,0.05,0,53525
3186736,58.21,58.23,59.16,62.06,0,0,22.05,22.11,58.19,0.83,2.06,54012,0,31.32,60.0,0.03,0,54025
3187245,58.25,58.24,59.16,62.06,0,0,22.13,22.12,58.19,0.83,2.06,54012,0,31.32,60.0,0.04,0,54525
3187754,58.25,58.25,59.16,62.06,0,0,22.42,22.12,58.19,0.83,2.06,54012,0,31.32,60.0,0.05,0,55025
3188263,58.25,58.25,59.16,62.06,0,0,22.42,22.12,58.19,0.83,2.06,54012,0,31.32,60.0,0.05,0,55525
3188772,58.25,58.25,59.16,62.06,0,0,22.42,22.12,58.19,0.83,2.06,54012,0,31.32,60.0,0.05,0,56025
3189281,58.28,58.26,59.16,62.06,0,0,22.37,22.12,58.19,0.83,2.06,54012,0,31.32,60.0,0.07,0,56525
3189790,58.27,58.27,59.16,62.06,0,0,22.33,22.12,58.19,0.83,2.06,54012,0,31.31,60.0,0.07,0,57025
3190299,58.27,58.27,59.16,62.06,0,0,22.33,22.11,58.19,0.83,2.06,54012,0,31.31,60.0,0.07,0,57525
3190808,58.32,58.29,59.16,62.06,0,0,22.48,22.15,58.19,0.83,2.06,54012,0,31.34,60.0,0.1,0,58025
3191317,58.3,58.31,59.16,62.06,0,0,22.42,22.15,58.19,0.83,2.06,54012,0,31.32,60.0,0.11,0,58525
3191826,58.3,58.3,59.16,62.06,0,0,22.42,22.13,58.19,0.83,2.06,54012,0,31.32,60.0,0.1,0,59025
3192335,58.28,58.29,59.16,62.06,0,0,22.07,22.12,58.19,0.83,2.06,54012,0,31.32,60.0,0.09,0,59525
3192844,58.28,58.28,59.16,62.06,0,0,22.07,22.12,58.19,0.83,2.06,54012,0,31.32,60.0,0.08,0,60025
3193353,58.28,58.28,59.16,62.06,0,0,22.07,22.12,58.19,0.83,2.06,54012,0,31.32,60.0,0.08,0,60525
3193862,58.28,58.28,59.16,62.06,0,0,22.07,22.12,58.19,0.83,2.06,54012,0,31.32,60.0,0.08,0,61025
3194371,58.28,58.28,59.16,62.06,0,0,22.85,22.12,58.19,0.83,2.06,54012,0,31.32,60.0,0.08,0,61527
3194880,58.28,58.28,59.16,62.06,0,0,22.85,22.12,58.19,0.83,2.06,54012,0,31.32,60.0,0.08,0,62028
3195389,58.28,58.28,59.16,62.06,0,0,22.85,22.12,58.19,0.83,2.06,54012,0,31.32,60.0,0.08,0,62528
3195898,58.28,58.28,59.16,62.06,0,0,22.85,22.12,58.19,0.83,2.06,54012,0,31.32,60.0,0.08,0,63028
3196407,58.29,58.28,59.16,62.06,0,0,22.87,22.12,58.19,0.83,2.06,54012,0,31.34,60.0,0.08,0,63528
3196916,58.29,58.28,59.16,62.06,0,0,22.87,22.14,58.19,0.83,2.06,54012,0,31.34,60.0,0.08,0,64028
3197425,58.31,58.29,59.16,62.06,0,0,23.11,22.14,58.19,0.83,2.06,54012,0,31.31,60.0,0.09,0,64528
3197934,58.31,58.3,59.16,62.06,0,0,23.11,22.12,58.19,0.83,2.06,54012,0,31.31,60.0,0.1,0,65028
3198443,58.35,58.31,59.16,62.06,0,0,22.76,22.12,58.19,0.83,2.06,54012,0,31.34,60.0,0.11,0,65528
3198952,58.3,58.33,59.16,62.06,0,0,23.02,22.16,58.19,0.83,2.06,54012,0,31.35,60.0,0.13,0,66028
3199461,58.3,58.31,59.16,62.06,0,0,23.02,22.16,58.19,0.83,2.06,54012,0,31.35,60.0,0.11,0,67030
3199970,58.33,58.32,59.16,62.06,0,0,23.09,22.12,58.19,0.83,2.06,54012,0,31.31,60.0,0.12,0,67530
3200479,58.33,58.32,59.16,62.06,0,0,23.09,22.12,58.19,0.83,2.06,54012,0,31.31,60.0,0.12,0,68030
3200988,58.33,58.33,59.16,62.06,0,0,23.11,22.15,58.19,0.83,2.06,54012,0,31.34,60.0,0.13,0,68530
3201497,58.35,58.34,59.16,62.06,0,0,22.76,22.16,58.19,0.83,2.06,54012,0,31.34,60.0,0.14,0,69030
3202006,58.36,58.35,59.16,62.06,0,0,23.18,22.13,58.19,0.83,2.06,54012,1,31.31,60.0,0.15,0,69533
3202515,58.36,58.36,59.16,62.06,0,0,23.18,22.13,58.19,0.83,2.06,54012,1,31.31,60.0,0.16,0,70033
3203024,58.34,58.35,59.16,62.06,0,0,23.26,22.16,58.19,0.83,2.06,54012,1,31.34,60.0,0.15,0,70533
3203546,58.38,58.34,59.16,62.06,0,0,23.31,22.16,58.19,0.83,2.06,54012,1,31.34,60.0,0.15,0,71033
3204055,58.38,58.36,59.16,62.06,0,0,23.31,22.17,58.19,0.83,2.06,54012,1,31.34,60.0,0.16,0,71533
3204564,58.36,58.36,59.16,62.06,0,0,23.46,22.15,58.19,0.83,2.06,54012,1,31.32,60.0,0.16,0,72033
3205073,58.36,58.36,59.16,62.06,0,0,23.46,22.15,58.19,0.83,2.06,54012,1,31.32,60.0,0.17,0,72533
3205582,58.39,58.37,59.16,62.06,0,0,23.81,22.15,58.19,0.83,2.06,54012,1,31.32,60.0,0.18,0,73033
3206091,58.39,58.38,59.16,62.06,0,0,23.81,22.15,58.19,0.83,2.06,54012,1,31.32,60.0,0.18,0,73533
3206600,58.37,58.37,59.16,62.06,0,0,23.05,22.16,58.19,0.83,2.06,54012,1,31.34,60.0,0.18,0,74033
3207109,58.37,58.37,59.16,62.06,0,0,23.05,22.16,58.19,0.83,2.06,54012,1,31.34,60.0,0.17,0,74533
3207618,58.37,58.37,59.16,62.06,0,0,23.05,22.16,58.19,0.83,2.06,54012,1,31.34,60.0,0.17,0,75033
3208127,58.35,58.36,59.16,62.06,0,0,23.13,22.16,58.19,0.83,2.06,54012,1,31.34,60.0,0.16,0,75533
3208636,58.4,58.38,59.16,62.06,0,0,24.05,22.15,58.19,0.83,2.06,54012,1,31.31,60.0,0.18,0,76049
3209145,58.37,58.39,59.16,62.06,0,0,23.46,22.15,58.19,0.83,2.06,54012,1,31.31,60.0,0.19,0,76549
3209654,58.37,58.38,59.16,62.06,0,0,23.46,22.14,58.19,0.83,2.06,54012,1,31.31,60.0,0.18,0,77049
3210163,58.42,58.38,59.16,62.06,0,0,23.79,22.14,58.19,0.83,2.06,54012,1,31.35,60.0,0.18,0,77549
3210672,58.4,58.4,59.16,62.06,0,0,24.29,22.19,58.19,0.83,2.06,54012,1,31.34,60.0,0.2,0,78049
3211181,58.4,58.4,59.16,62.06,0,0,24.29,22.17,58.19,0.83,2.06,54012,1,31.34,60.0,0.2,0,78549
3211690,58.39,58.4,59.16,62.06,0,0,23.81,22.17,58.19,0.83,2.06,54012,1,31.34,60.0,0.2,0,79049
3212199,58.39,58.39,59.16,62.06,0,0,23.81,22.17,58.19,0.83,2.06,54012,1,31.34,60.0,0.2,0,79549
3212708,58.43,58.41,59.16,62.06,0,0,23.81,22.17,58.19,0.83,2.06,54012,1,31.32,60.0,0.21,0,80049
3213217,58.4,58.42,59.16,62.06,0,0,23.76,22.17,58.19,0.83,2.06,54012,1,31.34,60.0,0.22,0,80549
3213726,58.4,58.41,59.16,62.06,0,0,23.76,22.17,58.19,0.83,2.06,54012,1,31.34,60.0,0.21,0,81049
3214235,58.42,58.41,59.16,62.06,0,0,24.03,22.18,58.19,0.83,2.06,54012,1,31.34,60.0,0.22,0,81549
3214744,58.4,58.42,59.16,62.06,0,0,23.92,22.18,58.19,0.83,2.06,54012,1,31.34,60.0,0.22,0,82049
3215253,58.4,58.41,59.16,62.06,0,0,23.92,22.17,58.19,0.83,2.06,54012,1,31.34,60.0,0.21,0,82549
3215762,58.4,58.4,59.16,62.06,0,0,24.14,22.15,58.19,0.83,2.06,54012,1,31.31,60.0,0.21,0,83049
3216271,58.4,58.4,59.16,62.06,0,0,24.14,22.15,58.19,0.83,2.06,54012,1,31.31,60.0,0.2,0,83549
3216780,58.46,58.43,59.16,62.06,0,0,24.16,22.2,58.19,0.83,2.06,54012,1,31.35,60.0,0.23,0,84049
3217289,58.44,58.44,59.16,62.06,0,0,24.24,22.2,58.19,0.83,2.06,54012,1,31.34,60.0,0.24,0,84549
3217798,58.44,58.44,59.16,62.06,0,0,24.24,22.18,58.19,0.83,2.06,54012,1,31.34,60.0,0.24,0,85049
3218307,58.44,58.44,59.16,62.06,0,0,24.24,22.18,58.19,0.83,2.06,54012,1,31.34,60.0,0.24,0,85549
3218816,58.44,58.44,59.16,62.06,0,0,24.24,22.18,58.19,0.83,2.06,54012,1,31.34,60.0,0.24,0,86049
3219325,58.44,58.44,59.16,62.06,0,0,24.24,22.18,58.19,0.83,2.06,54012,1,31.34,60.0,0.24,0,86549
3219834,58.44,58.44,59.16,62.06,0,0,24.24,22.18,58.19,0.83,2.06,54012,1,31.34,60.0,0.24,0,87049
3220343,58.44,58.44,59.16,62.06,0,0,24.38,22.18,58.19,0.83,2.06,54012,1,31.35,60.0,0.24,0,87549
3220852,58.47,58.44,59.16,62.06,0,0,24.51,22.2,58.19,0.83,2.06,54012,1,31.34,60.0,0.25,0,88049
3221361,58.47,58.46,59.16,62.06,0,0,24.51,22.19,58.19,0.83,2.06,54012,1,31.34,60.0,0.26,0,88549
3221870,58.44,58.46,59.16,62.06,0,0,24.6,22.19,58.19,0.83,2.06,54012,1,31.35,60.0,0.26,0,89049
3222379,58.49,58.45,59.16,62.06,0,0,24.62,22.2,58.19,0.83,2.06,54012,1,31.35,60.0,0.25,0,89549
3222888,58.45,58.47,59.16,62.06,0,0,24.51,22.21,58.19,0.83,2.06,54012,1,31.34,60.0,0.27,0,90049
3223397,58.45,58.46,59.16,62.06,0,0,24.51,22.19,58.19,0.83,2.06,54012,1,31.34,60.0,0.27,0,90549
3223906,58.49,58.46,59.16,62.06,0,0,24.33,22.19,58.19,0.83,2.06,54012,1,31.34,60.0,0.26,0,91049
3224415,58.44,58.47,59.16,62.06,0,0,24.51,22.2,58.19,0.83,2.06,54012,1,31.35,60.0,0.28,0,91549
3224924,58.44,58.46,59.16,62.06,0,0,24.51,22.2,58.19,0.83,2.06,54012,1,31.35,60.0,0.26,0,92049
3225433,58.44,58.45,59.16,62.06,0,0,24.51,22.2,58.19,0.83,2.06,54012,1,31.35,60.0,0.25,0,92549
3225942,58.49,58.45,59.16,62.06,0,0,24.66,22.2,58.19,0.83,2.06,54012,1,31.35,60.0,0.25,0,93049
3226451,58.45,58.47,59.16,62.06,0,0,24.6,22.21,58.19,0.83,2.06,54012,1,31.32,60.0,0.27,0,93549
3226960,58.45,58.46,59.16,62.06,0,0,24.6,22.17,58.19,0.83,2.06,54012,1,31.32,60.0,0.26,0,94049
3227469,58.47,58.46,59.16,62.06,0,0,24.86,22.17,58.19,0.83,2.06,54012,1,31.34,60.0,0.26,0,94552
3227978,58.47,58.46,59.16,62.06,0,0,24.86,22.19,58.19,0.83,2.06,54012,1,31.34,60.0,0.26,0,95053
3228487,58.49,58.46,59.16,62.06,0,0,24.79,22.19,58.19,0.83,2.06,54012,1,31.34,60.0,0.27,0,95556
3228996,58.49,58.48,59.16,62.06,0,0,24.79,22.2,58.19,0.83,2.06,54012,1,31.34,60.0,0.29,0,96565
3229505,58.49,58.49,59.16,62.06,0,0,24.79,22.2,58.19,0.83,2.06,54012,1,31.34,60.0,0.29,0,97065
3230014,58.49,58.49,59.16,62.06,0,0,24.79,22.2,58.19,0.83,2.06,54012,1,31.34,60.0,0.29,0,97565
3230524,58.53,58.51,59.16,62.06,0,0,24.88,22.22,58.19,0.83,2.06,54012,1,31.35,60.0,0.31,0,98079
3231033,58.53,58.52,59.16,62.06,0,0,24.88,22.22,58.19,0.83,2.06,54012,1,31.35,60.0,0.32,0,98579
3231542,58.52,58.52,59.16,62.06,0,0,24.9,22.22,58.19,0.83,2.06,54012,1,31.35,60.0,0.32,0,99079
3232051,58.52,58.52,59.16,62.06,0,0,24.9,22.22,58.19,0.83,2.06,54012,1,31.35,60.0,0.32,0,99579
3232562,58.52,58.52,59.16,62.06,0,0,24.9,22.22,58.19,0.83,2.06,54012,1,31.35,60.0,0.32,0,100079
3233072,58.52,58.52,59.16,62.06,0,0,24.9,22.22,58.19,0.83,2.06,54012,1,31.35,60.0,0.32,0,100579
3233581,58.53,58.52,59.16,62.06,0,0,25.43,22.22,58.19,0.83,2.06,54012,1,31.34,60.0,0.32,0,101079
3234090,58.53,58.52,59.16,62.06,0,0,25.43,22.21,58.19,0.83,2.06,54012,1,31.34,60.0,0.33,0,101579
3234599,58.53,58.53,59.16,62.06,0,0,25.43,22.21,58.19,0.83,2.06,54012,1,31.34,60.0,0.33,0,102082
3235109,58.54,58.53,59.16,62.06,0,0,25.14,22.21,58.19,0.83,2.06,54012,1,31.34,60.0,0.33,0,102582
3235618,58.54,58.53,59.16,62.06,0,0,25.14,22.21,58.19,0.83,2.06,54012,1,31.34,60.0,0.34,0,103082
3236127,58.53,58.53,59.16,62.06,0,0,25.25,22.22,58.19,0.83,2.06,54012,1,31.35,60.0,0.34,0,103582
3236636,58.53,58.53,59.16,62.06,0,0,25.25,22.22,58.19,0.83,2.06,54012,1,31.35,60.0,0.33,0,104082
3237145,58.56,58.55,59.16,62.06,0,0,24.95,22.24,58.19,0.83,2.06,54012,1,31.37,60.0,0.35,0,104582
3237654,58.54,58.54,59.16,62.06,0,0,25.14,22.2,58.19,0.83,2.06,54012,1,31.32,60.0,0.34,0,105082
3238163,58.54,58.54,59.16,62.06,0,0,25.14,22.2,58.19,0.83,2.06,54012,1,31.32,60.0,0.34,0,105582
3238672,58.55,58.55,59.16,62.06,0,0,25.32,22.2,58.19,0.83,2.06,54012,1,31.32,60.0,0.35,0,106082
3239181,58.58,58.55,59.16,62.06,0,0,25.21,22.2,58.19,0.83,2.06,54012,1,31.32,60.0,0.35,0,106582
3239691,58.58,58.56,59.16,62.06,0,0,25.21,22.21,58.19,0.83,2.06,54012,1,31.32,60.0,0.36,0,107082
3240200,58.58,58.57,59.16,62.06,0,0,25.21,22.21,58.19,0.83,2.06,54012,1,31.32,60.0,0.37,0,107582
3240709,58.57,58.57,59.16,62.06,0,0,24.6,22.23,58.19,0.83,2.06,54012,1,31.35,60.0,0.37,0,108082
3241218,58.57,58.57,59.16,62.06,0,0,24.6,22.23,58.19,0.83,2.06,54012,1,31.35,60.0,0.37,0,108582
3241727,58.58,58.57,59.16,62.06,0,0,25.41,22.22,58.19,0.83,2.06,54012,1,31.34,60.0,0.38,0,109082
3242236,58.58,58.58,59.16,62.06,0,0,25.28,22.22,58.19,0.83,2.06,54012,1,31.34,60.0,0.38,0,109582
3242745,58.58,58.58,59.16,62.06,0,0,25.28,22.22,58.19,0.83,2.06,54012,1,31.34,60.0,0.38,0,110082
3243254,58.6,58.59,59.16,62.06,0,0,25.03,22.21,58.19,0.83,2.06,54012,1,31.32,60.0,0.39,0,110582
3243763,58.6,58.59,59.16,62.06,0,0,25.59,22.21,58.19,0.83,2.06,54012,1,31.34,60.0,0.4,0,111082
3244272,58.62,58.6,59.16,62.06,0,0,25.59,22.23,58.19,0.83,2.06,54012,1,31.34,60.0,0.4,0,111582
3244781,58.62,58.61,59.16,62.06,0,0,25.59,22.23,58.19,0.83,2.06,54012,1,31.34,60.0,0.41,0,112082
3245290,58.62,58.61,59.16,62.06,0,0,25.59,22.23,58.19,0.83,2.06,54012,1,31.34,60.0,0.42,0,112582
3245799,58.63,58.62,59.16,62.06,0,0,25.72,22.23,58.19,0.83,2.06,54012,1,31.32,60.0,0.42,0,113082
3246308,58.57,58.62,59.16,62.06,0,0,25.45,22.22,58.19,0.83,2.06,54012,1,31.34,60.0,0.42,0,113582
3246818,58.57,58.59,59.16,62.06,0,0,25.45,22.22,58.19,0.83,2.06,54012,1,31.34,60.0,0.4,0,114084
3247327,58.63,58.58,59.16,62.06,0,0,25.65,22.22,58.19,0.83,2.06,54012,1,31.32,60.0,0.38,0,114584
3247836,58.59,58.6,59.16,62.06,0,0,25.72,22.22,58.19,0.83,2.06,54012,1,31.34,60.0,0.41,0,115084
3248345,58.59,58.6,59.16,62.06,0,0,25.72,22.23,58.19,0.83,2.06,54012,1,31.34,60.0,0.4,0,115584
3248854,58.6,58.59,59.16,62.06,0,0,25.59,22.23,58.19,0.83,2.06,54012,1,31.34,60.0,0.4,0,116084
3249363,58.6,58.6,59.16,62.06,0,0,25.59,22.23,58.19,0.83,2.06,54012,1,31.34,60.0,0.4,0,116584
3249872,58.62,58.6,59.16,62.06,0,0,25.83,22.23,58.19,0.83,2.06,54012,1,31.35,60.0,0.4,0,117084
3250382,58.62,58.61,59.16,62.06,0,0,25.83,22.25,58.19,0.83,2.06,54012,1,31.35,60.0,0.41,0,117584
3250891,58.67,58.62,59.16,62.06,0,0,25.81,22.25,58.19,0.83,2.06,54012,1,31.35,60.0,0.42,0,118084
3251400,58.67,58.64,59.16,62.06,0,0,25.92,22.26,58.19,0.83,2.06,54012,1,31.35,60.0,0.44,0,118584
3251909,58.67,58.66,59.16,62.06,0,0,25.92,22.26,58.19,0.83,2.06,54012,1,31.35,60.0,0.46,0,119084
3252418,58.66,58.66,59.16,62.06,0,0,26.2,22.26,58.19,0.83,2.06,54012,1,31.35,60.0,0.46,0,119584
3252927,58.7,58.66,59.16,62.06,0,0,25.78,22.26,58.19,0.83,2.06,54012,1,31.37,60.0,0.46,0,120084
3253450,58.69,58.68,59.16,62.06,0,0,26.09,22.28,58.19,0.83,2.06,54012,1,31.34,60.0,0.48,0,120584
3253960,58.69,58.68,59.16,62.06,0,0,26.09,22.25,58.19,0.83,2.06,54012,1,31.34,60.0,0.49,0,121084
3254469,58.69,58.69,59.16,62.06,0,0,26.09,22.25,58.19,0.83,2.06,54012,1,31.34,60.0,0.49,0,121584
3254978,58.72,58.69,59.16,62.06,0,0,26.07,22.25,58.19,0.83,2.06,54012,1,31.34,60.0,0.49,0,122084
3255487,58.72,58.7,59.16,62.06,0,0,25.94,22.26,58.19,0.83,2.06,54012,1,31.35,60.0,0.51,0,122584
3255996,58.69,58.71,59.16,62.06,0,0,26.12,22.27,58.19,0.83,2.06,54012,1,31.35,60.0,0.51,0,123084
3256505,58.69,58.7,59.16,62.06,0,0,26.12,22.27,58.19,0.83,2.06,54012,1,31.35,60.0,0.5,0,123584
3257014,58.73,58.7,59.16,62.06,0,0,26.12,22.27,58.19,0.83,2.06,54012,1,31.35,60.0,0.5,0,124087
3257523,58.73,58.72,59.16,62.06,0,0,26.12,22.28,58.19,0.83,2.06,54012,1,31.35,60.0,0.52,0,124596
3258032,58.75,58.74,59.16,62.06,0,0,26.18,22.29,58.19,0.83,2.06,54012,1,31.37,60.0,0.54,0,125601
3258541,58.75,58.74,59.16,62.06,0,0,26.18,22.29,58.19,0.83,2.06,54012,1,31.37,60.0,0.54,0,126101
3259050,58.75,58.74,59.16,62.06,0,0,26.12,22.29,58.19,0.83,2.06,54012,1,31.37,60.0,0.55,0,126601
3259559,58.75,58.75,59.16,62.06,0,0,26.12,22.29,58.19,0.83,2.06,54012,1,31.37,60.0,0.55,0,127101
3260068,58.79,58.77,59.16,62.06,0,0,26.2,22.3,58.19,0.83,2.06,54012,1,31.35,60.0,0.57,0,127601
3260577,58.79,58.78,59.16,62.06,0,0,26.23,22.28,58.19,0.83,2.06,54012,1,31.34,60.0,0.58,0,128101
3261086,58.79,58.79,59.16,62.06,0,0,26.23,22.28,58.19,0.83,2.06,54012,1,31.34,60.0,0.59,0,128601
3261595,58.8,58.8,59.16,62.06,0,0,26.07,22.29,58.19,0.83,2.06,54012,1,31.34,60.0,0.6,0,129101
3262104,58.8,58.8,59.16,62.06,0,0,26.07,22.29,58.19,0.83,2.06,54012,1,31.34,60.0,0.6,0,129601
3262613,58.78,58.8,59.16,62.06,0,0,26.12,22.29,58.19,0.83,2.06,54012,1,31.34,60.0,0.6,0,130101
3263122,58.78,58.79,59.16,62.06,0,0,26.12,22.28,58.19,0.83,2.06,54012,1,31.34,60.0,0.59,0,130601
3263631,58.84,58.81,59.16,62.06,0,0,26.23,22.28,58.19,0.83,2.06,54012,1,31.32,60.0,0.62,0,131101
3264140,58.84,58.83,59.16,62.06,0,0,26.23,22.28,58.19,0.83,2.06,54012,1,31.32,60.0,0.63,0,131601
3264649,58.85,58.84,59.16,62.06,0,0,26.58,22.3,58.19,0.83,2.06,54012,1,31.34,60.0,0.64,0,132101
3265158,58.87,58.85,59.16,62.06,0,0,26.18,22.3,58.19,0.83,2.06,54012,1,31.34,60.0,0.66,0,132601
3265667,58.87,58.86,59.16,62.06,0,0,26.18,22.3,58.19,0.83,2.06,54012,1,31.34,60.0,0.66,0,133101
3266176,58.88,58.86,59.16,62.06,0,0,26.27,22.3,58.19,0.83,2.06,54012,1,31.35,60.0,0.67,0,133601
3266685,58.88,58.87,59.16,62.06,0,0,26.27,22.32,58.19,0.83,2.06,54012,1,31.35,60.0,0.67,0,134101
3267194,58.91,58.88,59.16,62.06,0,0,26.4,22.32,58.19,0.83,2.06,54012,1,31.38,60.0,0.68,0,134601
3267703,58.92,58.89,59.16,62.06,0,0,26.6,22.35,58.19,0.83,2.06,54012,1,31.35,60.0,0.7,0,135101
3268213,58.92,58.91,59.16,62.06,0,0,26.6,22.33,58.19,0.83,2.06,54012,1,31.35,60.0,0.71,0,135601
3268722,58.92,58.91,59.16,62.06,0,0,26.6,22.33,58.19,0.83,2.06,54012,1,31.35,60.0,0.71,0,136101
3269231,58.92,58.91,59.16,62.06,0,0,26.6,22.33,58.19,0.83,2.06,54012,1,31.35,60.0,0.72,0,136601
3269740,59.0,58.96,59.16,62.06,0,0,26.47,22.36,58.19,0.83,2.06,54012,1,31.37,60.0,0.76,0,137101
3270249,59.0,58.98,59.16,62.06,0,0,26.47,22.36,58.19,0.83,2.06,54012,1,31.37,60.0,0.78,0,137601
3270758,58.97,58.99,59.16,62.06,0,0,26.67,22.36,58.19,0.83,2.06,54012,1,31.35,60.0,0.79,0,138101
3271267,58.98,58.98,59.16,62.06,0,0,26.58,22.34,58.19,0.83,2.06,54012,1,31.37,60.0,0.78,0,138601
3271776,58.98,58.98,59.16,62.06,0,0,26.58,22.36,58.19,0.83,2.06,54012,1,31.37,60.0,0.78,0,139101
3272285,58.98,58.98,59.16,62.06,0,0,26.58,22.36,58.19,0.83,2.06,54012,1,31.37,60.0,0.78,0,139601
3272794,59.04,58.98,59.16,62.06,0,0,26.54,22.36,58.19,0.83,2.06,54012,1,31.37,60.0,0.79,0,140101
3273303,59.04,59.01,59.16,62.06,0,0,26.54,22.38,58.19,0.83,2.06,54012,1,31.37,60.0,0.81,0,140601
3273812,59.0,59.0,59.16,62.06,0,0,26.56,22.36,58.19,0.83,2.06,54012,1,31.37,60.0,0.8,0,141101
3274321,59.02,59.0,59.16,62.06,0,0,26.6,22.36,58.19,0.83,2.06,54012,1,31.37,60.0,0.8,0,141601
3274830,59.02,59.01,59.16,62.06,0,0,26.6,22.37,58.19,0.83,2.06,54012,1,31.37,60.0,0.81,0,142101
3275339,59.07,59.04,59.16,62.06,0,0,26.85,22.36,58.19,0.83,2.06,54012,1,31.34,60.0,0.84,0,142601
3275848,59.07,59.05,59.16,62.06,0,0,26.85,22.36,58.19,0.83,2.06,54012,1,31.34,60.0,0.85,0,143101
3276357,59.07,59.06,59.16,62.06,0,0,26.85,22.36,58.19,0.83,2.06,54012,1,31.34,60.0,0.86,0,143601
3276866,59.13,59.1,59.16,62.06,0,0,26.96,22.38,58.19,0.83,2.06,54012,1,31.34,60.0,0.9,0,144101
3277375,59.09,59.11,59.16,62.06,0,0,26.45,22.38,58.19,0.83,2.06,54012,1,31.37,60.0,0.92,0,144601
3277884,59.13,59.1,59.16,62.06,0,0,26.69,22.39,58.19,0.83,2.06,54012,1,31.34,60.0,0.9,0,145101
3278393,59.13,59.12,59.16,62.06,0,0,26.69,22.38,58.19,0.83,2.06,54012,1,31.34,60.0,0.92,0,145601
3278902,59.15,59.12,59.16,62.06,0,0,27.34,22.38,58.19,0.83,2.06,54012,1,31.37,60.0,0.93,0,146101
3279427,59.16,59.13,59.16,62.06,0,0,26.83,22.41,58.19,0.83,2.06,54012,1,31.38,60.0,0.94,0,146601
3279937,59.16,59.15,59.16,62.06,0,0,26.83,22.42,58.19,0.83,2.06,54012,1,31.38,60.0,0.95,0,147101
3280446,59.16,59.16,59.16,62.06,0,0,26.83,22.42,58.19,0.83,2.06,54012,1,31.38,60.0,0.96,0,147601
3280955,59.16,59.16,59.16,62.06,1,0,26.83,22.42,58.19,0.83,2.06,148101,0,31.38,60.0,0.96,0,0
3281464,59.19,59.18,59.16,62.02,1,0,27.07,22.39,59.18,0.83,2.02,148101,0,31.34,60.0,0.0,0,500
3281973,59.22,59.18,59.16,62.02,1,0,26.87,22.39,59.18,0.83,2.02,148101,0,31.37,60.0,0.0,0,1000
3282482,59.27,59.2,59.16,62.02,1,0,26.89,22.43,59.2,0.83,2.02,148101,0,31.37,60.0,0.0,0,1500
3282991,59.27,59.24,59.16,62.02,1,0,26.89,22.44,59.24,0.83,2.02,148101,0,31.37,60.0,0.0,0,2000
3283500,59.26,59.26,59.16,62.02,1,0,26.85,22.44,59.26,0.83,2.02,148101,0,31.35,60.0,0.0,0,2500
3284009,59.26,59.26,59.16,62.02,1,0,26.85,22.42,59.26,0.83,2.02,148101,0,31.35,60.0,0.0,0,3000
3284518,59.26,59.26,59.16,62.02,1,0,26.98,22.42,59.26,0.83,2.02,148101,0,31.38,60.0,0.0,0,3500
3285027,59.27,59.26,59.16,62.02,1,0,26.65,22.45,59.26,0.83,2.02,148101,0,31.37,60.0,0.0,0,4000
3285536,59.27,59.27,59.16,62.02,1,0,26.65,22.44,59.27,0.83,2.02,148101,0,31.37,60.0,0.0,0,5004
3286045,59.27,59.27,59.16,62.02,1,0,26.65,22.44,59.27,0.83,2.02,148101,0,31.37,60.0,0.0,0,5504
3286554,59.35,59.31,59.16,62.02,1,0,26.67,22.45,59.31,0.83,2.02,148101,0,31.35,60.0,0.0,0,6004
3287063,59.33,59.32,59.16,62.02,1,0,26.45,22.45,59.32,0.83,2.02,148101,0,31.35,60.0,0.0,0,6504
3287572,59.33,59.33,59.16,62.02,1,0,26.45,22.45,59.33,0.83,2.02,148101,0,31.35,60.0,0.0,0,7004
3288081,59.33,59.33,59.16,62.02,1,0,26.45,22.45,59.33,0.83,2.02,148101,0,31.35,60.0,0.0,0,7504
3288590,59.36,59.34,59.16,62.02,1,0,26.47,22.44,59.34,0.83,2.02,148101,0,31.34,60.0,0.0,0,8004
3289099,59.36,59.35,59.16,62.02,1,0,26.47,22.44,59.35,0.83,2.02,148101,0,31.34,60.0,0.0,0,8504
3289608,59.41,59.38,59.16,62.02,1,0,26.29,22.47,59.38,0.83,2.02,148101,0,31.35,60.0,0.0,0,9004
3290117,59.41,59.39,59.16,62.02,1,0,26.29,22.47,59.39,0.83,2.02,148101,0,31.35,60.0,0.0,0,9504
3290626,59.41,59.4,59.16,62.02,1,0,26.29,22.47,59.4,0.83,2.02,148101,0,31.35,60.0,0.0,0,10004
3291135,59.41,59.4,59.16,62.02,1,0,26.29,22.47,59.4,0.83,2.02,148101,0,31.35,60.0,0.0,0,10505
3291644,59.48,59.44,59.16,62.02,1,0,26.03,22.49,59.44,0.83,2.02,148101,0,31.35,60.0,0.0,0,11007
3292153,59.48,59.46,59.16,62.02,1,0,26.03,22.49,59.46,0.83,2.02,148101,0,31.35,60.0,0.0,0,11507
3292662,59.49,59.47,59.16,62.02,1,0,25.7,22.5,59.47,0.83,2.02,148101,0,31.37,60.0,0.0,0,12007
3293171,59.49,59.48,59.16,62.02,1,0,25.7,22.5,59.48,0.83,2.02,148101,0,31.37,60.0,0.0,0,12507
3293680,59.54,59.51,59.16,62.02,1,0,25.74,22.53,59.51,0.83,2.02,148101,0,31.38,60.0,0.0,0,13007
3294189,59.54,59.52,59.16,62.02,1,0,25.74,22.53,59.52,0.83,2.02,148101,0,31.38,60.0,0.0,0,13507
3294698,59.58,59.55,59.16,62.02,1,0,25.34,22.53,59.55,0.83,2.02,148101,0,31.37,60.0,0.0,0,14007
3295207,59.58,59.57,59.16,62.02,1,0,25.34,22.53,59.57,0.83,2.02,148101,0,31.37,60.0,0.0,0,14507
3295716,59.55,59.56,59.16,62.02,1,0,25.17,22.52,59.57,0.83,2.02,148101,0,31.37,60.0,0.01,0,15007
3296225,59.55,59.55,59.16,62.02,1,0,25.17,22.52,59.57,0.83,2.02,148101,0,31.37,60.0,0.01,0,15507
3296734,59.62,59.59,59.16,62.02,1,0,25.06,22.54,59.59,0.83,2.02,148101,0,31.37,60.0,0.0,0,16007
3297243,59.65,59.62,59.16,62.02,1,0,25.01,22.56,59.62,0.83,2.02,148101,0,31.38,60.0,0.0,0,16521
3297752,59.68,59.63,59.16,62.02,1,0,24.86,22.56,59.63,0.83,2.02,148101,0,31.38,60.0,0.0,0,17021
3298261,59.68,59.66,59.16,62.02,1,0,24.86,22.57,59.66,0.83,2.02,148101,0,31.38,60.0,0.0,0,17524
3298770,59.68,59.67,59.16,62.02,1,0,24.86,22.57,59.67,0.83,2.02,148101,0,31.38,60.0,0.0,0,18024
3299279,59.68,59.67,59.16,62.02,1,0,24.86,22.57,59.67,0.83,2.02,148101,0,31.38,60.0,0.0,0,18524
3299788,59.69,59.68,59.16,62.02,1,0,24.46,22.56,59.68,0.83,2.02,148101,0,31.37,60.0,0.0,0,19024
3300297,59.69,59.68,59.16,62.02,1,0,24.46,22.56,59.68,0.83,2.02,148101,0,31.37,60.0,0.0,0,19524
3300806,59.69,59.68,59.16,62.02,1,0,24.46,22.56,59.68,0.83,2.02,148101,0,31.37,60.0,0.0,0,20024
3301315,59.69,59.68,59.16,62.02,1,0,24.46,22.56,59.68,0.83,2.02,148101,0,31.37,60.0,0.0,0,20524
3301824,59.75,59.72,59.16,62.02,1,0,24.11,22.56,59.72,0.83,2.02,148101,0,31.35,60.0,0.0,0,21024
3302333,59.75,59.73,59.16,62.02,1,0,24.11,22.56,59.73,0.83,2.02,148101,0,31.35,60.0,0.0,0,21524
3302842,59.82,59.78,59.16,62.02,1,0,24.4,22.59,59.78,0.83,2.02,148101,0,31.37,60.0,0.0,0,22025
3303351,59.82,59.8,59.16,62.02,1,0,23.85,22.59,59.8,0.83,2.02,148101,0,31.37,60.0,0.0,0,22529
3303860,59.85,59.81,59.16,62.02,1,0,23.76,22.59,59.81,0.83,2.02,148101,0,31.37,60.0,0.0,0,23029
3304369,59.85,59.83,59.16,62.02,1,0,23.76,22.6,59.83,0.83,2.02,148101,0,31.37,60.0,0.0,0,23529
3304878,59.88,59.84,59.16,62.02,1,0,23.59,22.6,59.84,0.83,2.02,148101,0,31.35,60.0,0.0,0,24029
3305387,59.88,59.86,59.16,62.02,1,0,23.59,22.6,59.86,0.83,2.02,148101,0,31.35,60.0,0.0,0,24529
3305896,59.88,59.87,59.16,62.02,1,0,23.59,22.6,59.87,0.83,2.02,148101,0,31.35,60.0,0.0,0,25029
3306405,59.88,59.88,59.16,62.02,1,0,23.59,22.6,59.88,0.83,2.02,148101,0,31.35,60.0,0.0,0,25529
3306914,59.88,59.88,59.16,62.02,1,0,23.59,22.6,59.88,0.83,2.02,148101,0,31.35,60.0,0.0,0,26029
3307423,59.91,59.88,59.16,62.02,1,0,23.2,22.6,59.88,0.83,2.02,148101,0,31.37,60.0,0.0,0,26529
3307932,59.96,59.9,59.16,62.02,1,0,23.63,22.62,59.9,0.83,2.02,148101,0,31.35,60.0,0.0,0,27029
3308441,59.96,59.93,59.16,62.02,1,0,23.63,22.62,59.93,0.83,2.02,148101,0,31.35,60.0,0.0,0,27529
3308954,59.96,59.94,59.16,62.02,1,0,23.63,22.62,59.94,0.83,2.02,148101,0,31.35,60.0,0.0,0,28029
3309463,59.96,59.95,59.16,62.02,1,0,23.63,22.62,59.95,0.83,2.02,148101,0,31.35,60.0,0.0,0,28529
3309972,59.96,59.96,59.16,62.02,1,0,23.63,22.62,59.96,0.83,2.02,148101,0,31.35,60.0,0.0,0,29029
3310481,59.95,59.95,59.16,62.02,1,0,22.74,22.63,59.96,0.83,2.02,148101,0,31.37,60.0,0.0,0,29529
3310990,59.95,59.95,59.16,62.02,1,0,22.74,22.63,59.96,0.83,2.02,148101,0,31.37,60.0,0.0,0,30029
3311499,60.01,59.95,59.16,62.02,1,0,22.55,22.63,59.96,0.83,2.02,148101,0,31.38,60.0,0.0,0,30529
3312008,60.02,59.98,59.16,62.02,1,0,22.55,22.66,59.98,0.83,2.02,148101,0,31.37,60.0,0.0,0,31029
3312517,60.02,60.0,59.16,62.02,1,0,22.55,22.65,60.0,0.83,2.02,148101,0,31.37,60.0,0.0,0,31529
3313026,60.08,60.01,59.16,62.02,1,0,22.33,22.65,60.01,0.83,2.02,148101,0,31.38,60.0,0.0,0,32029
3313535,60.09,60.04,59.16,62.02,1,0,22.11,22.68,60.04,0.83,2.02,148101,0,31.38,60.0,0.0,0,32529
3314044,60.11,60.07,59.16,62.02,1,0,22.13,22.68,60.07,0.83,2.02,148101,0,31.35,60.0,0.0,0,33029
3314553,60.08,60.09,59.16,62.02,1,0,22.11,22.66,60.09,0.83,2.02,148101,0,31.38,60.0,0.0,0,33529
3315062,60.08,60.08,59.16,62.02,1,0,22.11,22.68,60.09,0.83,2.02,148101,0,31.38,60.0,0.0,0,34530
3315571,60.12,60.1,59.16,62.02,1,0,21.85,22.68,60.1,0.83,2.02,148101,0,31.37,60.0,0.0,0,35030
3316080,60.15,60.12,59.16,62.02,1,0,21.9,22.68,60.12,0.83,2.02,148101,0,31.37,60.0,0.0,0,35530
3316589,60.18,60.15,59.16,62.02,1,0,21.77,22.7,60.15,0.83,2.02,148101,0,31.38,60.0,0.0,0,36030
3317098,60.18,60.16,59.16,62.02,1,0,21.77,22.7,60.16,0.83,2.02,148101,0,31.38,60.0,0.0,0,36530
3317607,60.23,60.19,59.16,62.02,1,0,22.07,22.72,60.19,0.83,2.02,148101,0,31.38,60.0,0.0,0,37030
3318116,60.23,60.21,59.16,62.02,1,0,22.07,22.72,60.21,0.83,2.02,148101,0,31.38,60.0,0.0,0,37530
3318625,60.23,60.22,59.16,62.02,1,0,22.07,22.72,60.22,0.83,2.02,148101,0,31.38,60.0,0.0,0,38030
3319134,60.25,60.23,59.16,62.02,1,0,21.33,22.7,60.23,0.83,2.02,148101,0,31.35,60.0,0.0,0,38530
3319643,60.25,60.24,59.16,62.02,1,0,21.33,22.7,60.24,0.83,2.02,148101,0,31.35,60.0,0.0,0,39030
3320152,60.25,60.24,59.16,62.02,1,0,21.33,22.7,60.24,0.83,2.02,148101,0,31.35,60.0,0.0,0,39530
3320661,60.36,60.3,59.16,62.02,1,0,21.25,22.74,60.3,0.83,2.02,148101,0,31.37,60.0,0.0,0,40030
3321170,60.37,60.34,59.16,62.02,1,0,20.97,22.74,60.34,0.83,2.02,148101,0,31.37,60.0,0.0,0,40530
3321679,60.37,60.36,59.16,62.02,1,0,20.97,22.74,60.36,0.83,2.02,148101,0,31.37,60.0,0.0,0,41030
3322188,60.39,60.37,59.16,62.02,1,0,20.84,22.75,60.37,0.83,2.02,148101,0,31.37,60.0,0.0,0,41530
3322697,60.39,60.38,59.16,62.02,1,0,20.84,22.75,60.38,0.83,2.02,148101,0,31.37,60.0,0.0,0,42030
3323206,60.44,60.38,59.16,62.02,1,0,20.69,22.75,60.38,0.83,2.02,148101,0,31.38,60.0,0.0,0,42530
3323715,60.44,60.41,59.16,62.02,1,0,20.69,22.77,60.41,0.83,2.02,148101,0,31.38,60.0,0.0,0,43030
3324224,60.44,60.42,59.16,62.02,1,0,20.69,22.77,60.42,0.83,2.02,148101,0,31.38,60.0,0.0,0,43530
3324733,60.52,60.47,59.16,62.02,1,0,20.49,22.77,60.47,0.83,2.02,148101,0,31.35,60.0,0.0,0,44030
3325242,60.57,60.52,59.16,62.02,1,0,20.19,22.79,60.52,0.83,2.02,148101,0,31.35,60.0,0.0,0,44530
3325751,60.58,60.55,59.16,62.02,1,0,19.76,22.79,60.55,0.83,2.02,148101,0,31.38,60.0,0.0,0,45030
3326260,60.58,60.56,59.16,62.02,1,0,19.76,22.81,60.56,0.83,2.02,148101,0,31.38,60.0,0.0,0,45530
3326769,60.58,60.57,59.16,62.02,1,0,19.76,22.81,60.57,0.83,2.02,148101,0,31.38,60.0,0.0,0,46030
3327278,60.58,60.57,59.16,62.02,1,0,19.76,22.81,60.57,0.83,2.02,148101,0,31.38,60.0,0.0,0,46530
3327787,60.69,60.63,59.16,62.02,1,0,20.1,22.83,60.63,0.83,2.02,148101,0,31.37,60.0,0.0,0,47030
3328296,60.69,60.66,59.16,62.02,1,0,20.1,22.83,60.66,0.83,2.02,148101,0,31.37,60.0,0.0,0,47530
3328805,60.73,60.67,59.16,62.02,1,0,20.04,22.83,60.67,0.83,2.02,148101,0,31.38,60.0,0.0,0,48030
3329314,60.73,60.7,59.16,62.02,1,0,20.04,22.85,60.7,0.83,2.02,148101,0,31.38,60.0,0.0,0,48530
3329823,60.8,60.75,59.16,62.02,1,0,20.1,22.86,60.75,0.83,2.02,148101,0,31.37,60.0,0.0,0,49030
3330332,60.8,60.77,59.16,62.02,1,0,20.1,22.86,60.77,0.83,2.02,148101,0,31.37,60.0,0.0,0,49530
3330841,60.86,60.82,59.16,62.02,1,0,19.61,22.88,60.82,0.83,2.02,148101,0,31.37,60.0,0.0,0,50034
3331350,60.86,60.84,59.16,62.02,1,0,19.61,22.88,60.84,0.83,2.02,148101,0,31.37,60.0,0.0,0,50534
3331859,60.89,60.85,59.16,62.02,1,0,19.54,22.88,60.85,0.83,2.02,148101,0,31.37,60.0,0.0,0,51034
3332368,60.89,60.87,59.16,62.02,1,0,19.54,22.88,60.87,0.83,2.02,148101,0,31.37,60.0,0.0,0,51534
3332877,60.91,60.89,59.16,62.02,1,0,19.35,22.89,60.89,0.83,2.02,148101,0,31.37,60.0,0.0,0,52034
3333386,60.93,60.9,59.16,62.02,1,0,19.41,22.89,60.9,0.83,2.02,148101,0,31.38,60.0,0.0,0,52534
3333895,60.93,60.91,59.16,62.02,1,0,19.41,22.91,60.91,0.83,2.02,148101,0,31.38,60.0,0.0,0,53034
3334404,60.98,60.92,59.16,62.02,1,0,19.22,22.91,60.92,0.83,2.02,148101,0,31.37,60.0,0.0,0,53534
3334913,60.92,60.95,59.16,62.02,1,0,19.33,22.91,60.95,0.83,2.02,148101,0,31.35,60.0,0.0,0,54034
3335422,61.03,60.93,59.16,62.02,1,0,19.13,22.88,60.95,0.83,2.02,148101,0,31.38,60.0,0.01,0,54534
3335931,61.03,60.98,59.16,62.02,1,0,19.13,22.94,60.98,0.83,2.02,148101,0,31.38,60.0,0.0,0,55034
3336440,61.02,61.0,59.16,62.02,1,0,19.13,22.94,61.0,0.83,2.02,148101,0,31.4,60.0,0.0,0,55534
3336949,61.04,61.01,59.16,62.02,1,0,18.88,22.95,61.01,0.83,2.02,148101,0,31.38,60.0,0.0,0,56034
3337458,61.02,61.03,59.16,62.02,1,1,19.11,22.94,61.03,0.83,2.02,148101,0,31.37,60.0,0.0,1,56534
3337967,61.06,61.02,59.16,62.02,1,1,18.94,22.92,61.03,0.83,2.02,148101,0,31.37,60.0,0.0,1,57034
3338476,61.06,61.04,59.16,62.02,1,1,18.94,22.93,61.04,0.83,2.02,148101,0,31.37,60.0,0.0,1,57534
3338985,60.99,61.02,59.16,62.02,1,1,18.75,22.93,61.04,0.83,2.02,148101,0,31.38,60.0,0.02,1,58034
3339494,60.99,61.0,59.16,62.02,1,1,18.75,22.93,61.04,0.83,2.02,148101,0,31.38,60.0,0.03,1,58534
3340003,61.12,61.0,59.16,62.02,1,1,19.35,22.93,61.04,0.83,2.02,148101,0,31.38,60.0,0.04,1,59034
3340512,61.12,61.06,59.16,62.02,1,1,19.35,22.96,61.06,0.83,2.02,148101,0,31.38,60.0,0.0,1,59534
3341021,61.08,61.07,59.16,62.02,1,1,19.39,22.94,61.07,0.83,2.02,148101,0,31.37,60.0,0.0,1,60046
3341530,61.08,61.07,59.16,62.02,1,1,19.39,22.94,61.07,0.83,2.02,148101,0,31.37,60.0,0.0,1,60546
3342039,61.08,61.07,59.16,62.02,1,1,19.39,22.94,61.07,0.83,2.02,148101,0,31.37,60.0,0.0,1,61046
3342548,60.45,61.08,59.16,62.02,1,1,19.61,22.94,61.08,0.83,2.02,148101,0,31.32,60.0,0.0,1,61546
3343057,60.45,60.76,59.16,62.02,0,1,19.61,22.73,61.08,0.83,2.02,62046,0,31.32,60.0,0.31,1,0
3343566,59.93,60.61,59.12,62.02,0,1,19.67,22.73,60.61,0.87,2.02,62046,0,31.32,60.0,0.0,1,500
3344075,59.93,60.27,59.12,62.02,0,0,19.67,22.58,60.27,0.87,2.02,62046,0,31.32,60.0,0.0,1,1000
3344584,59.45,59.78,59.12,62.02,0,0,19.35,22.44,59.78,0.87,2.02,62046,0,31.31,60.0,0.0,1,2006
3345093,59.2,59.49,59.12,62.02,0,0,19.78,22.37,59.49,0.87,2.02,62046,0,31.31,60.0,0.0,1,2506
3345602,58.92,59.34,59.12,62.02,0,0,19.24,22.37,59.34,0.87,2.02,62046,0,31.3,60.0,0.0,1,3006
3346111,58.92,59.13,59.12,62.02,0,0,19.24,22.28,59.13,0.87,2.02,62046,0,31.3,60.0,0.0,1,3506
3346620,58.56,58.85,59.12,62.02,0,0,19.26,22.18,58.85,0.87,2.02,62046,0,31.3,60.0,0.0,1,4006
3347129,58.32,58.58,59.12,62.02,0,0,19.13,22.11,58.58,0.87,2.02,62046,0,31.3,60.0,0.0,1,4506
3347638,58.32,58.45,59.12,62.02,0,0,19.13,22.11,58.45,0.87,2.02,62046,0,31.3,60.0,0.0,1,5006
3348147,58.12,58.29,59.12,62.02,0,0,18.96,22.03,58.29,0.87,2.02,62046,0,31.27,60.0,0.0,1,5506
3348656,57.95,58.12,59.12,62.02,0,0,18.96,21.98,58.12,0.87,2.02,62046,0,31.27,60.0,0.0,1,6007
3349165,57.83,57.97,59.12,62.02,0,0,18.96,21.94,57.97,0.87,2.02,62046,0,31.27,60.0,0.0,1,6508
3349679,57.75,57.9,59.12,62.02,0,0,18.85,21.94,57.9,0.87,2.02,62046,0,31.28,60.0,0.0,1,7008
3350188,57.75,57.83,59.12,62.02,0,0,18.85,21.94,57.83,0.87,2.02,62046,0,31.28,60.0,0.0,1,7508
3350697,57.64,57.73,59.12,62.02,0,0,18.77,21.88,57.73,0.87,2.02,62046,0,31.25,60.0,0.0,1,8008
3351206,57.59,57.69,59.12,62.02,0,0,18.77,21.88,57.69,0.87,2.02,62046,0,31.27,60.0,0.0,1,8508
3351715,57.59,57.64,59.12,62.02,0,0,18.77,21.88,57.64,0.87,2.02,62046,0,31.27,60.0,0.0,1,9008
3352224,57.59,57.61,59.12,62.02,0,0,18.77,21.88,57.61,0.87,2.02,62046,0,31.27,60.0,0.0,1,9508
3352733,57.55,57.6,59.12,62.02,0,0,18.57,21.88,57.6,0.87,2.02,62046,0,31.25,60.0,0.0,1,10008
3353242,57.55,57.58,59.12,62.02,0,0,18.57,21.85,57.58,0.87,2.02,62046,0,31.25,60.0,0.0,1,10508
3353751,57.52,57.56,59.12,62.02,0,0,18.9,21.85,57.56,0.87,2.02,62046,0,31.28,60.0,0.0,1,11008
3354260,57.52,57.54,59.12,62.02,0,0,18.9,21.87,57.54,0.87,2.02,62046,0,31.28,60.0,0.0,1,11508
3354769,57.52,57.53,59.12,62.02,0,0,19.16,21.84,57.53,0.87,2.02,62046,0,31.25,60.0,0.0,1,12008
3355278,57.52,57.52,59.12,62.02,0,0,19.16,21.84,57.52,0.87,2.02,62046,0,31.25,60.0,0.0,1,12508
3355787,57.54,57.53,59.12,62.02,0,0,19.13,21.84,57.52,0.87,2.02,62046,0,31.24,60.0,0.0,1,13008
3356296,57.54,57.53,59.12,62.02,0,0,18.98,21.84,57.52,0.87,2.02,62046,0,31.25,60.0,0.0,1,13508
3356805,57.54,57.54,59.12,62.02,0,0,18.98,21.85,57.52,0.87,2.02,62046,0,31.25,60.0,0.01,1,14008
3357314,57.54,57.54,59.12,62.02,0,0,18.98,21.85,57.52,0.87,2.02,62046,0,31.25,60.0,0.01,1,14508
3357823,57.58,57.56,59.12,62.02,0,0,19.26,21.87,57.52,0.87,2.02,62046,0,31.27,60.0,0.03,1,15008
3358332,57.58,57.57,59.12,62.02,0,0,19.26,21.87,57.52,0.87,2.02,62046,0,31.27,60.0,0.04,1,15508
3358841,57.59,57.58,59.12,62.02,0,0,19.31,21.86,57.52,0.87,2.02,62046,0,31.25,60.0,0.05,1,16008
3359350,57.58,57.58,59.12,62.02,0,0,19.24,21.87,57.52,0.87,2.02,62046,0,31.27,60.0,0.05,1,16508
3359859,57.62,57.58,59.12,62.02,0,0,19.56,21.87,57.52,0.87,2.02,62046,0,31.27,60.0,0.05,1,17008
3360368,57.62,57.6,59.12,62.02,0,0,19.56,21.88,57.52,0.87,2.02,62046,0,31.27,60.0,0.07,1,17508
3360877,57.62,57.61,59.12,62.02,0,0,19.56,21.88,57.52,0.87,2.02,62046,0,31.27,60.0,0.08,1,18008
3361386,57.65,57.63,59.12,62.02,0,0,19.82,21.91,57.52,0.87,2.02,62046,0,31.28,60.0,0.1,1,18508
3361895,57.65,57.64,59.12,62.02,0,0,19.82,21.91,57.52,0.87,2.02,62046,0,31.28,60.0,0.12,1,19008
3362404,57.68,57.65,59.12,62.02,0,0,19.89,21.91,57.52,0.87,2.02,62046,0,31.28,60.0,0.12,1,19508
3362913,57.72,57.66,59.12,62.02,0,0,19.93,21.92,57.52,0.87,2.02,62046,0,31.27,60.0,0.14,1,20008
3363422,57.72,57.69,59.12,62.02,0,0,19.93,21.91,57.52,0.87,2.02,62046,1,31.27,60.0,0.16,1,20508
3363931,57.72,57.7,59.12,62.02,0,0,19.93,21.91,57.52,0.87,2.02,62046,1,31.27,60.0,0.18,1,21008
3364440,57.75,57.73,59.12,62.02,0,0,19.82,21.9,57.52,0.87,2.02,62046,1,31.24,60.0,0.2,1,21508
3364949,57.75,57.74,59.12,62.02,0,0,19.82,21.9,57.52,0.87,2.02,62046,1,31.24,60.0,0.21,1,22009
3365458,57.73,57.74,59.12,62.02,0,0,19.74,21.9,57.52,0.87,2.02,62046,1,31.27,60.0,0.22,1,22509
3365967,57.73,57.74,59.12,62.02,0,0,19.74,21.92,57.52,0.87,2.02,62046,1,31.27,60.0,0.21,1,23009
3366476,57.79,57.73,59.12,62.02,0,0,20.12,21.92,57.52,0.87,2.02,62046,1,31.27,60.0,0.2,1,23509
3366985,57.75,57.76,59.12,62.02,0,0,20.25,21.93,57.52,0.87,2.02,62046,1,31.25,60.0,0.23,1,24009
3367494,57.82,57.76,59.12,62.02,0,0,20.23,21.91,57.52,0.87,2.02,62046,1,31.27,60.0,0.23,1,24509
3368003,57.82,57.79,59.12,62.02,0,0,20.23,21.94,57.52,0.87,2.02,62046,1,31.27,60.0,0.26,1,25009
3368512,57.82,57.8,59.12,62.02,0,0,20.23,21.94,57.52,0.87,2.02,62046,1,31.27,60.0,0.28,1,25509
3369021,57.85,57.81,59.12,62.02,0,0,20.49,21.94,57.52,0.87,2.02,62046,1,31.28,60.0,0.28,1,26009
3369530,57.85,57.83,59.12,62.02,0,0,20.49,21.96,57.52,0.87,2.02,62046,1,31.28,60.0,0.3,1,26509
3370039,57.85,57.84,59.12,62.02,0,0,20.49,21.96,57.52,0.87,2.02,62046,1,31.28,60.0,0.31,1,27009
3370548,57.87,57.84,59.12,62.02,0,0,20.53,21.96,57.52,0.87,2.02,62046,1,31.3,60.0,0.31,1,27509
3371057,57.87,57.86,59.12,62.02,0,0,20.53,21.98,57.52,0.87,2.02,62046,1,31.3,60.0,0.33,1,28009
3371566,57.88,57.86,59.12,62.02,0,0,20.69,21.98,57.52,0.87,2.02,62046,1,31.27,60.0,0.34,1,28509
3372075,57.88,57.87,59.12,62.02,0,0,20.69,21.96,57.52,0.87,2.02,62046,1,31.27,60.0,0.34,1,29009
3372584,57.88,57.87,59.12,62.02,0,0,20.69,21.96,57.52,0.87,2.02,62046,1,31.27,60.0,0.35,1,29509
3373093,57.92,57.88,59.12,62.02,0,0,20.81,21.96,57.52,0.87,2.02,62046,1,31.27,60.0,0.35,1,30015
3373602,57.92,57.91,59.12,62.02,0,0,20.81,21.97,57.52,0.87,2.02,62046,1,31.27,60.0,0.38,1,31024
3374111,57.92,57.91,59.12,62.02,0,0,20.9,21.97,57.52,0.87,2.02,62046,1,31.27,60.0,0.38,1,31524
3374620,57.92,57.91,59.12,62.02,0,0,20.9,21.97,57.52,0.87,2.02,62046,1,31.27,60.0,0.39,1,32024
3375129,57.87,57.89,59.12,62.02,0,0,20.99,21.97,57.52,0.87,2.02,62046,1,31.28,60.0,0.36,1,32533
3375638,57.87,57.88,59.12,62.02,0,0,20.99,21.97,57.52,0.87,2.02,62046,1,31.28,60.0,0.35,1,33033
3376147,57.9,57.89,59.12,62.02,0,0,20.99,21.98,57.52,0.87,2.02,62046,1,31.28,60.0,0.36,1,33533
3376656,57.9,57.89,59.12,62.02,0,0,20.99,21.98,57.52,0.87,2.02,62046,1,31.28,60.0,0.36,1,34033
3377165,57.9,57.89,59.12,62.02,0,0,21.16,21.99,57.52,0.87,2.02,62046,1,31.3,60.0,0.37,1,34533
3377674,57.88,57.89,59.12,62.02,0,0,21.1,21.99,57.52,0.87,2.02,62046,1,31.3,60.0,0.36,1,35033
3378183,57.86,57.89,59.12,62.02,0,0,21.42,21.99,57.52,0.87,2.02,62046,1,31.27,60.0,0.36,1,35533
3378692,57.86,57.88,59.12,62.02,0,0,21.42,21.95,57.52,0.87,2.02,62046,1,31.27,60.0,0.35,1,36033
3379201,57.86,57.87,59.12,62.02,0,0,21.42,21.95,57.52,0.87,2.02,62046,1,31.27,60.0,0.34,1,36533
3379710,57.92,57.89,59.12,62.02,0,0,21.59,21.97,57.52,0.87,2.02,62046,1,31.27,60.0,0.37,1,37033
3380219,57.93,57.9,59.12,62.02,0,0,21.2,21.97,57.52,0.87,2.02,62046,1,31.3,60.0,0.38,1,37533
3380728,57.93,57.92,59.12,62.02,0,0,21.2,22.0,57.52,0.87,2.02,62046,1,31.3,60.0,0.39,1,38033
3381237,57.91,57.91,59.12,62.02,0,0,21.55,21.99,57.52,0.87,2.02,62046,1,31.3,60.0,0.39,1,38533
3381746,57.91,57.91,59.12,62.02,0,0,21.55,21.99,57.52,0.87,2.02,62046,1,31.3,60.0,0.38,1,39033
3382255,57.92,57.91,59.12,62.02,0,0,21.57,21.99,57.52,0.87,2.02,62046,1,31.27,60.0,0.38,1,39533
3382764,57.92,57.91,59.12,62.02,0,0,21.57,21.97,57.52,0.87,2.02,62046,1,31.27,60.0,0.39,1,40033
3383273,57.93,57.92,59.12,62.02,0,0,21.81,21.99,57.52,0.87,2.02,62046,1,31.28,60.0,0.4,1,40533
3383782,57.96,57.94,59.12,62.02,0,0,21.72,22.0,57.52,0.87,2.02,62046,1,31.28,60.0,0.41,1,41033
3384291,57.96,57.95,59.12,62.02,0,0,21.72,22.0,57.52,0.87,2.02,62046,1,31.28,60.0,0.42,1,41533
3384800,58.02,57.95,59.12,62.02,0,0,21.9,22.0,57.52,0.87,2.02,62046,1,31.3,60.0,0.43,1,42033
3385309,58.01,57.99,59.12,62.02,0,0,21.96,22.03,57.52,0.87,2.02,62046,1,31.28,60.0,0.46,1,42533
3385818,58.01,58.0,59.12,62.02,0,0,21.96,22.01,57.52,0.87,2.02,62046,1,31.28,60.0,0.47,1,43035
3386327,58.01,58.0,59.12,62.02,0,0,21.96,22.01,57.52,0.87,2.02,62046,1,31.28,60.0,0.47,1,43535
3386836,58.01,58.0,59.12,62.02,0,0,21.96,22.01,57.52,0.87,2.02,62046,1,31.28,60.0,0.48,1,44035
3387345,58.06,58.01,59.12,62.02,0,0,22.2,22.01,57.52,0.87,2.02,62046,1,31.3,60.0,0.48,1,44535
3387854,58.06,58.03,59.12,62.02,0,0,22.2,22.04,57.52,0.87,2.02,62046,1,31.3,60.0,0.5,1,45035
3388363,58.01,58.04,59.12,62.02,0,0,22.33,22.04,57.52,0.87,2.02,62046,1,31.3,60.0,0.52,1,45535
3388872,58.03,58.03,59.12,62.02,0,0,22.24,22.02,57.52,0.87,2.02,62046,1,31.3,60.0,0.5,1,46035
3389381,58.03,58.03,59.12,62.02,0,0,22.24,22.03,57.52,0.87,2.02,62046,1,31.3,60.0,0.5,1,46535
3389890,58.03,58.03,59.12,62.02,0,0,22.24,22.03,57.52,0.87,2.02,62046,1,31.3,60.0,0.51,1,47035
3390399,58.03,58.03,59.12,62.02,0,0,22.42,22.03,57.52,0.87,2.02,62046,1,31.3,60.0,0.51,1,47535
3390908,58.03,58.03,59.12,62.02,0,0,22.42,22.03,57.52,0.87,2.02,62046,1,31.3,60.0,0.51,1,48035
3391417,58.04,58.04,59.12,62.02,0,0,22.55,22.0,57.52,0.87,2.02,62046,1,31.27,60.0,0.51,1,48536
3391926,58.04,58.04,59.12,62.02,0,0,22.55,22.0,57.52,0.87,2.02,62046,1,31.27,60.0,0.51,1,49036
3392435,58.05,58.04,59.12,62.02,0,0,22.91,22.05,57.52,0.87,2.02,62046,1,31.31,60.0,0.52,1,49536
3392944,58.05,58.05,59.12,62.02,0,0,22.91,22.05,57.52,0.87,2.02,62046,1,31.31,60.0,0.52,1,50036
3393453,58.04,58.05,59.12,62.02,0,0,22.7,22.05,57.52,0.87,2.02,62046,1,31.31,60.0,0.52,1,50536
3393964,58.04,58.04,59.12,62.02,0,0,22.59,22.04,57.52,0.87,2.02,62046,1,31.28,60.0,0.51,1,51036
3394473,58.04,58.04,59.12,62.02,0,0,22.59,22.02,57.52,0.87,2.02,62046,1,31.28,60.0,0.52,1,51536
3394982,58.11,58.04,59.12,62.02,0,0,22.68,22.02,57.52,0.87,2.02,62046,1,31.31,60.0,0.52,1,52036
3395491,58.12,58.08,59.12,62.02,0,0,22.7,22.06,57.52,0.87,2.02,62046,1,31.3,60.0,0.55,1,52536
3396000,58.12,58.1,59.12,62.02,0,0,22.7,22.05,57.52,0.87,2.02,62046,1,31.3,60.0,0.57,1,53036
3396509,58.08,58.11,59.12,62.02,0,0,22.91,22.05,57.52,0.87,2.02,62046,1,31.3,60.0,0.58,1,53536
3397018,58.08,58.1,59.12,62.02,0,0,22.91,22.04,57.52,0.87,2.02,62046,1,31.3,60.0,0.57,1,54036
3397527,58.1,58.09,59.12,62.02,0,0,23.07,22.04,57.52,0.87,2.02,62046,1,31.31,60.0,0.56,1,54536
3398036,58.08,58.09,59.12,62.02,0,0,22.91,22.06,57.52,0.87,2.02,62046,1,31.31,60.0,0.57,1,55036
3398545,58.08,58.09,59.12,62.02,0,0,22.91,22.06,57.52,0.87,2.02,62046,1,31.31,60.0,0.56,1,55536
3399054,58.08,58.09,59.12,62.02,0,0,22.91,22.06,57.52,0.87,2.02,62046,1,31.31,60.0,0.56,1,56036
3399563,58.13,58.09,59.12,62.02,0,0,23.05,22.06,57.52,0.87,2.02,62046,1,31.32,60.0,0.56,1,56536
3400072,58.13,58.11,59.12,62.02,0,0,23.05,22.08,57.52,0.87,2.02,62046,1,31.32,60.0,0.58,1,57036
3400581,58.11,58.12,59.12,62.02,0,0,23.11,22.08,57.52,0.87,2.02,62046,1,31.31,60.0,0.59,1,57536
3401090,58.11,58.11,59.12,62.02,0,0,23.11,22.06,57.52,0.87,2.02,62046,1,31.31,60.0,0.59,1,58036
3401599,58.12,58.11,59.12,62.02,0,0,23.18,22.06,57.52,0.87,2.02,62046,1,31.31,60.0,0.59,1,58536
3402108,58.12,58.12,59.12,62.02,0,0,23.18,22.07,57.52,0.87,2.02,62046,1,31.31,60.0,0.59,1,59036
3402617,58.12,58.12,59.12,62.02,0,0,23.18,22.07,57.52,0.87,2.02,62046,1,31.31,60.0,0.6,1,60039
3403126,58.12,58.12,59.12,62.02,0,0,23.24,22.07,57.52,0.87,2.02,62046,1,31.31,60.0,0.6,1,60539
3403635,58.12,58.12,59.12,62.02,0,0,23.24,22.07,57.52,0.87,2.02,62046,1,31.31,60.0,0.6,1,61039
3404144,58.15,58.14,59.12,62.02,0,0,23.57,22.07,57.52,0.87,2.02,62046,1,31.31,60.0,0.61,1,61548
3404653,58.15,58.14,59.12,62.02,0,0,23.57,22.07,57.52,0.87,2.02,62046,1,31.31,60.0,0.62,1,62048
3405162,58.16,58.15,59.12,62.02,0,0,23.44,22.08,57.52,0.87,2.02,62046,1,31.31,60.0,0.62,1,62548
3405671,58.16,58.16,59.12,62.02,0,0,23.59,22.08,57.52,0.87,2.02,62046,1,31.31,60.0,0.63,1,63048
3406180,58.17,58.17,59.12,62.02,0,0,23.61,22.08,57.52,0.87,2.02,62046,1,31.31,60.0,0.64,1,63548
3406689,58.17,58.17,59.12,62.02,0,0,23.61,22.08,57.52,0.87,2.02,62046,1,31.31,60.0,0.64,1,64048
3407198,58.17,58.17,59.12,62.02,0,0,23.61,22.08,57.52,0.87,2.02,62046,1,31.31,60.0,0.65,1,64548
3407707,58.21,58.19,59.12,62.02,0,0,23.55,22.09,57.52,0.87,2.02,62046,1,31.31,60.0,0.67,1,65048
3408216,58.21,58.2,59.12,62.02,0,0,23.55,22.09,57.52,0.87,2.02,62046,1,31.31,60.0,0.68,1,65548
3408725,58.24,58.22,59.12,62.02,0,0,23.72,22.11,57.52,0.87,2.02,62046,1,31.32,60.0,0.69,1,66048
3409234,58.24,58.23,59.12,62.02,0,0,23.72,22.11,57.52,0.87,2.02,62046,1,31.32,60.0,0.7,1,66548
3409743,58.19,58.21,59.12,62.02,0,0,23.7,22.08,57.52,0.87,2.02,62046,1,31.3,60.0,0.68,1,67048
3410252,58.19,58.2,59.12,62.02,0,0,23.7,22.08,57.52,0.87,2.02,62046,1,31.3,60.0,0.68,1,67548
3410761,58.19,58.2,59.12,62.02,0,0,23.7,22.08,57.52,0.87,2.02,62046,1,31.3,60.0,0.67,1,68048
3411270,58.2,58.2,59.12,62.02,0,0,23.92,22.1,57.52,0.87,2.02,62046,1,31.32,60.0,0.67,1,68549
3411779,58.21,58.21,59.12,62.02,0,0,24.05,22.11,57.52,0.87,2.02,62046,1,31.32,60.0,0.68,1,69049
3412288,58.21,58.21,59.12,62.02,0,0,24.05,22.11,57.52,0.87,2.02,62046,1,31.32,60.0,0.68,1,69549
3412797,58.24,58.22,59.12,62.02,0,0,24.0,22.11,57.52,0.87,2.02,62046,1,31.32,60.0,0.7,1,70049
3413306,58.21,58.23,59.12,62.02,0,0,23.96,22.11,57.52,0.87,2.02,62046,1,31.32,60.0,0.7,1,70549
3413815,58.21,58.22,59.12,62.02,0,0,23.96,22.11,57.52,0.87,2.02,62046,1,31.32,60.0,0.69,1,71049
3414324,58.21,58.22,59.12,62.02,0,0,23.96,22.11,57.52,0.87,2.02,62046,1,31.32,60.0,0.69,1,71549
3414833,58.24,58.23,59.12,62.02,0,0,24.11,22.11,57.52,0.87,2.02,62046,1,31.32,60.0,0.7,1,72049
3415342,58.25,58.23,59.12,62.02,0,0,24.07,22.11,57.52,0.87,2.02,62046,1,31.32,60.0,0.71,1,72549
3415851,58.25,58.24,59.12,62.02,0,0,24.07,22.12,57.52,0.87,2.02,62046,1,31.32,60.0,0.72,1,73049
3416360,58.22,58.23,59.12,62.02,0,0,24.2,22.1,57.52,0.87,2.02,62046,1,31.31,60.0,0.71,1,73549
3416869,58.25,58.23,59.12,62.02,0,0,24.31,22.1,57.52,0.87,2.02,62046,1,31.32,60.0,0.7,1,74049
3417378,58.25,58.24,59.12,62.02,0,0,24.31,22.12,57.52,0.87,2.02,62046,1,31.32,60.0,0.71,1,74549
3417887,58.25,58.25,59.12,62.02,0,0,24.24,22.12,57.52,0.87,2.02,62046,1,31.32,60.0,0.72,1,75049
3418396,58.25,58.25,59.12,62.02,0,0,24.24,22.12,57.52,0.87,2.02,62046,1,31.32,60.0,0.72,1,75549
3418905,58.24,58.25,59.12,62.02,0,0,24.53,22.12,57.52,0.87,2.02,62046,1,31.34,60.0,0.72,1,76049
3419414,58.24,58.25,59.12,62.02,0,0,24.53,22.13,57.52,0.87,2.02,62046,1,31.34,60.0,0.72,1,76549
3419923,58.24,58.24,59.12,62.02,0,0,24.46,22.1,57.52,0.87,2.02,62046,1,31.31,60.0,0.71,1,77049
3420432,58.3,58.24,59.12,62.02,0,0,24.62,22.1,57.52,0.87,2.02,62046,1,31.32,60.0,0.71,1,77551
3420941,58.3,58.27,59.12,62.02,0,0,24.62,22.13,57.52,0.87,2.02,62046,1,31.32,60.0,0.74,1,78052
3421450,58.3,58.28,59.12,62.02,0,0,24.62,22.13,57.52,0.87,2.02,62046,1,31.32,60.0,0.76,1,78552
3421959,58.29,58.29,59.12,62.02,0,0,24.46,22.11,57.52,0.87,2.02,62046,1,31.31,60.0,0.76,1,79052
3422468,58.29,58.29,59.12,62.02,0,0,24.46,22.11,57.52,0.87,2.02,62046,1,31.31,60.0,0.76,1,79552
3422977,58.23,58.29,59.12,62.02,0,0,24.35,22.11,57.52,0.87,2.02,62046,1,31.32,60.0,0.76,1,80052
3423486,58.23,58.26,59.12,62.02,0,0,24.35,22.11,57.52,0.87,2.02,62046,1,31.32,60.0,0.73,1,80552
3423995,58.31,58.28,59.12,62.02,0,0,24.57,22.13,57.52,0.87,2.02,62046,1,31.32,60.0,0.76,1,81052
3424504,58.27,58.3,59.12,62.02,0,0,24.53,22.13,57.52,0.87,2.02,62046,1,31.34,60.0,0.77,1,81552
3425013,58.27,58.28,59.12,62.02,0,0,24.53,22.14,57.52,0.87,2.02,62046,1,31.34,60.0,0.76,1,82052
3425522,58.33,58.27,59.12,62.02,0,0,24.77,22.14,57.52,0.87,2.02,62046,1,31.32,60.0,0.75,1,82552
3426031,58.33,58.3,59.12,62.02,0,0,24.77,22.14,57.52,0.87,2.02,62046,1,31.32,60.0,0.77,1,83052
3426540,58.33,58.31,59.12,62.02,0,0,24.77,22.14,57.52,0.87,2.02,62046,1,31.32,60.0,0.79,1,83552
3427049,58.33,58.32,59.12,62.02,0,0,24.77,22.14,57.52,0.87,2.02,62046,1,31.32,60.0,0.79,1,84052
3427558,58.28,58.3,59.12,62.02,0,0,24.75,22.14,57.52,0.87,2.02,62046,1,31.34,60.0,0.77,1,84552
3428067,58.32,58.29,59.12,62.02,0,0,24.79,22.14,57.52,0.87,2.02,62046,1,31.34,60.0,0.76,1,85052
3428576,58.32,58.3,59.12,62.02,0,0,24.79,22.15,57.52,0.87,2.02,62046,1,31.34,60.0,0.78,1,85552
3429085,58.32,58.31,59.12,62.02,0,0,24.79,22.15,57.52,0.87,2.02,62046,1,31.34,60.0,0.78,1,86052
3429594,58.35,58.31,59.12,62.02,0,0,24.86,22.15,57.52,0.87,2.02,62046,1,31.34,60.0,0.79,1,86552
3430103,58.35,58.33,59.12,62.02,0,0,24.86,22.16,57.52,0.87,2.02,62046,1,31.34,60.0,0.81,1,87052
3430612,58.34,58.34,59.12,62.02,0,0,24.86,22.16,57.52,0.87,2.02,62046,1,31.32,60.0,0.82,1,87552
3431121,58.34,58.34,59.12,62.02,0,0,24.86,22.14,57.52,0.87,2.02,62046,1,31.32,60.0,0.81,1,88052
3431630,58.34,58.34,59.12,62.02,0,0,24.86,22.14,57.52,0.87,2.02,62046,1,31.32,60.0,0.81,1,89052
3432139,58.34,58.34,59.12,62.02,0,0,25.1,22.13,57.52,0.87,2.02,62046,1,31.31,60.0,0.81,1,89552
3432648,58.34,58.34,59.12,62.02,0,0,25.1,22.13,57.52,0.87,2.02,62046,1,31.31,60.0,0.81,1,90052
3433157,58.34,58.34,59.12,62.02,0,0,25.1,22.13,57.52,0.87,2.02,62046,1,31.31,60.0,0.81,1,90552
3433666,58.36,58.35,59.12,62.02,0,0,25.19,22.15,57.52,0.87,2.02,62046,1,31.32,60.0,0.82,1,91052
3434175,58.36,58.36,59.12,62.02,0,0,25.19,22.15,57.52,0.87,2.02,62046,1,31.32,60.0,0.83,1,91552
3434684,58.36,58.36,59.12,62.02,0,0,25.19,22.15,57.52,0.87,2.02,62046,1,31.32,60.0,0.83,1,92052
3435193,58.36,58.36,59.12,62.02,0,0,25.19,22.15,57.52,0.87,2.02,62046,1,31.32,60.0,0.83,1,92552
3435702,58.35,58.36,59.12,62.02,0,0,25.23,22.14,57.52,0.87,2.02,62046,1,31.32,60.0,0.83,1,93052
3436211,58.35,58.35,59.12,62.02,0,0,25.23,22.14,57.52,0.87,2.02,62046,1,31.32,60.0,0.83,1,93552
3436720,58.35,58.35,59.12,62.02,0,0,25.36,22.13,57.52,0.87,2.02,62046,1,31.31,60.0,0.82,1,94052
3437229,58.35,58.35,59.12,62.02,0,0,25.36,22.13,57.52,0.87,2.02,62046,1,31.31,60.0,0.82,1,94552
3437738,58.35,58.35,59.12,62.02,0,0,25.36,22.13,57.52,0.87,2.02,62046,1,31.31,60.0,0.82,1,95052
3438247,58.4,58.38,59.12,62.02,0,0,25.32,22.17,57.52,0.87,2.02,62046,1,31.34,60.0,0.85,1,95552
3438756,58.46,58.42,59.12,62.02,0,0,24.95,22.18,57.52,0.87,2.02,62046,1,31.32,60.0,0.89,1,96052
3439265,58.46,58.44,59.12,62.02,0,0,24.95,22.18,57.52,0.87,2.02,62046,1,31.32,60.0,0.91,1,96552
3439778,58.44,58.45,59.12,62.02,0,0,25.72,22.18,57.52,0.87,2.02,62046,1,31.34,60.0,0.93,1,97052
3440287,58.44,58.45,59.12,62.02,0,0,25.72,22.18,57.52,0.87,2.02,62046,1,31.34,60.0,0.92,1,97552
3440796,58.44,58.44,59.12,62.02,0,0,25.72,22.18,57.52,0.87,2.02,62046,1,31.34,60.0,0.92,1,98052
3441305,58.44,58.44,59.12,62.02,0,0,25.72,22.18,57.52,0.87,2.02,62046,1,31.34,60.0,0.92,1,98552
3441814,58.44,58.44,59.12,62.02,0,0,25.72,22.18,57.52,0.87,2.02,62046,1,31.34,60.0,0.92,1,99052
3442323,58.45,58.44,59.12,62.02,0,0,25.52,22.18,57.52,0.87,2.02,62046,1,31.34,60.0,0.91,1,99552
3442832,58.45,58.45,59.12,62.02,0,0,25.52,22.19,57.52,0.87,2.02,62046,1,31.34,60.0,0.92,1,100052
3443341,58.45,58.45,59.12,62.02,0,0,25.52,22.19,57.52,0.87,2.02,62046,1,31.34,60.0,0.92,1,100552
3443850,58.45,58.45,59.12,62.02,0,0,25.54,22.17,57.52,0.87,2.02,62046,1,31.32,60.0,0.92,1,101052
3444359,58.43,58.44,59.12,62.02,0,0,25.67,22.18,57.52,0.87,2.02,62046,1,31.34,60.0,0.91,1,101552
3444868,58.43,58.44,59.12,62.02,0,0,25.67,22.18,57.52,0.87,2.02,62046,1,31.34,60.0,0.91,1,102052
3445377,58.46,58.45,59.12,62.02,0,0,25.7,22.18,57.52,0.87,2.02,62046,1,31.32,60.0,0.92,1,102552
3445886,58.46,58.46,59.12,62.02,0,0,25.7,22.18,57.52,0.87,2.02,62046,1,31.32,60.0,0.93,1,103052
3446395,58.47,58.46,59.12,62.02,0,0,25.83,22.18,57.52,0.87,2.02,62046,1,31.34,60.0,0.93,1,103552
3446904,58.47,58.46,59.12,62.02,0,0,25.83,22.19,57.52,0.87,2.02,62046,1,31.34,60.0,0.94,1,104052
3447413,58.5,58.47,59.12,62.02,0,0,26.05,22.19,57.52,0.87,2.02,62046,1,31.31,60.0,0.94,1,104552
3447922,58.5,58.48,59.12,62.02,0,0,26.05,22.17,57.52,0.87,2.02,62046,1,31.31,60.0,0.95,1,105052
3448431,58.51,58.5,59.12,62.02,0,0,25.83,22.19,57.52,0.87,2.02,62046,1,31.32,60.0,0.97,1,105552
3448940,58.51,58.51,59.12,62.02,0,0,25.83,22.19,57.52,0.87,2.02,62046,1,31.32,60.0,0.98,1,106052
3449449,58.51,58.51,59.12,62.02,0,0,25.83,22.19,57.52,0.87,2.02,62046,1,31.32,60.0,0.98,1,106552
3449958,58.49,58.5,59.12,62.02,0,0,25.94,22.2,57.52,0.87,2.02,62046,1,31.34,60.0,0.97,1,107052
3450467,58.49,58.5,59.12,62.02,0,0,25.94,22.2,57.52,0.87,2.02,62046,1,31.34,60.0,0.97,1,107552
3450988,58.53,58.49,59.12,62.02,0,0,26.23,22.2,57.52,0.87,2.02,62046,1,31.32,60.0,0.97,1,108052
3451498,58.53,58.51,59.12,62.02,0,0,26.23,22.19,57.52,0.87,2.02,62046,1,31.32,60.0,0.98,1,108552
3452007,58.53,58.52,59.12,62.02,0,0,25.87,22.19,57.52,0.87,2.02,62046,1,31.32,60.0,0.99,1,109052
3452516,58.55,58.52,59.12,62.02,0,0,26.52,22.19,57.52,0.87,2.02,62046,1,31.34,60.0,1.0,1,109552
3453025,58.6,58.54,59.12,62.02,0,0,25.92,22.22,57.52,0.87,2.02,62046,1,31.32,60.0,1.01,1,110052
3453534,58.6,58.57,59.12,62.02,0,0,25.92,22.21,57.52,0.87,2.02,62046,1,31.32,60.0,1.04,1,110552
3454043,58.59,58.58,59.12,62.02,0,0,26.14,22.21,57.52,0.87,2.02,62046,1,31.35,60.0,1.06,1,111052
3454565,58.57,58.59,59.12,62.02,0,0,25.59,22.24,57.52,0.87,2.02,62046,1,31.31,60.0,1.06,1,111552
3455075,58.57,58.58,59.12,62.02,0,0,25.59,22.19,57.52,0.87,2.02,62046,1,31.31,60.0,1.05,1,112052
3455584,58.57,58.58,59.12,62.02,0,0,25.59,22.19,57.52,0.87,2.02,62046,1,31.31,60.0,1.05,1,112552
3456093,58.57,58.58,59.12,62.02,0,0,25.59,22.19,57.52,0.87,2.02,62046,1,31.31,60.0,1.05,1,113052
3456602,58.6,58.58,59.12,62.02,0,0,26.38,22.19,57.52,0.87,2.02,62046,1,31.34,60.0,1.05,1,113552
3457111,58.64,58.59,59.12,62.02,0,0,26.12,22.23,57.52,0.87,2.02,62046,1,31.34,60.0,1.06,1,114052
3457620,58.65,58.62,59.12,62.02,0,0,26.2,22.24,57.52,0.87,2.02,62046,1,31.32,60.0,1.09,1,114552
3458129,58.65,58.63,59.12,62.02,0,0,26.2,22.23,57.52,0.87,2.02,62046,1,31.32,60.0,1.11,1,115055
3458638,58.68,58.66,59.12,62.02,0,0,26.27,22.25,57.52,0.87,2.02,62046,1,31.34,60.0,1.13,1,116060
3459147,58.66,58.66,59.12,62.02,0,0,26.18,22.26,57.52,0.87,2.02,62046,1,31.35,60.0,1.13,1,116560
3459656,58.66,58.66,59.12,62.02,0,0,26.18,22.26,57.52,0.87,2.02,62046,1,31.35,60.0,1.13,1,117060
3460165,58.67,58.66,59.12,62.02,0,0,26.2,22.25,57.52,0.87,2.02,62046,1,31.34,60.0,1.13,1,117560
3460674,58.67,58.66,59.12,62.02,0,0,26.2,22.25,57.52,0.87,2.02,62046,1,31.34,60.0,1.14,1,118060
3461183,58.71,58.68,59.12,62.02,0,0,26.2,22.27,57.52,0.87,2.02,62046,1,31.35,60.0,1.16,1,118560
3461692,58.71,58.7,59.12,62.02,0,0,26.2,22.27,57.52,0.87,2.02,62046,1,31.35,60.0,1.17,1,119060
3462201,58.71,58.7,59.12,62.02,0,0,26.2,22.27,57.52,0.87,2.02,62046,1,31.35,60.0,1.17,1,119560
3462710,58.71,58.7,59.12,62.02,0,0,26.2,22.27,57.52,0.87,2.02,62046,1,31.35,60.0,1.18,1,120060
3463219,58.74,58.72,59.12,62.02,0,0,26.49,22.27,57.52,0.87,2.02,62046,1,31.34,60.0,1.2,1,120560
3463728,58.74,58.73,59.12,62.02,0,0,26.49,22.27,57.52,0.87,2.02,62046,1,31.34,60.0,1.21,1,121060
3464237,58.73,58.73,59.12,62.02,0,0,26.43,22.27,57.52,0.87,2.02,62046,1,31.34,60.0,1.2,1,121560
3464746,58.75,58.73,59.12,62.02,0,0,26.67,22.27,57.52,0.87,2.02,62046,1,31.37,60.0,1.2,1,122060
3465255,58.75,58.74,59.12,62.02,0,0,26.67,22.29,57.52,0.87,2.02,62046,1,31.37,60.0,1.21,1,122560
3465764,58.8,58.74,59.12,62.02,0,0,26.45,22.29,57.52,0.87,2.02,62046,1,31.34,60.0,1.22,1,123060
3466273,58.8,58.77,59.12,62.02,0,0,26.45,22.29,57.52,0.87,2.02,62046,1,31.34,60.0,1.25,1,123560
3466782,58.82,58.8,59.12,62.02,0,0,26.98,22.29,57.52,0.87,2.02,62046,1,31.34,60.0,1.27,1,124060
3467291,58.82,58.81,59.12,62.02,0,0,26.52,22.29,57.52,0.87,2.02,62046,1,31.34,60.0,1.28,1,124560
3467800,58.82,58.81,59.12,62.02,0,0,26.52,22.29,57.52,0.87,2.02,62046,1,31.34,60.0,1.28,1,125060
3468309,58.84,58.83,59.12,62.02,0,0,26.52,22.28,57.52,0.87,2.02,62046,1,31.32,60.0,1.3,1,125560
3468818,58.85,58.83,59.12,62.02,0,0,26.74,22.28,57.52,0.87,2.02,62046,1,31.34,60.0,1.31,1,126060
3469327,58.85,58.84,59.12,62.02,0,0,26.74,22.3,57.52,0.87,2.02,62046,1,31.34,60.0,1.32,1,126560
3469836,58.92,58.88,59.12,62.02,0,0,27.01,22.33,57.52,0.87,2.02,62046,1,31.35,60.0,1.35,1,127060
3470345,58.91,58.9,59.12,62.02,0,0,26.6,22.33,57.52,0.87,2.02,62046,1,31.35,60.0,1.37,1,127560
3470855,58.91,58.9,59.12,62.02,0,0,26.6,22.33,57.52,0.87,2.02,62046,1,31.35,60.0,1.38,1,128060
3471364,58.92,58.91,59.12,62.02,0,0,26.8,22.33,57.52,0.87,2.02,62046,1,31.35,60.0,1.38,1,128560
3471873,58.92,58.91,59.12,62.02,0,0,26.8,22.33,57.52,0.87,2.02,62046,1,31.35,60.0,1.38,1,129060
3472382,58.93,58.92,59.12,62.02,0,0,26.8,22.32,57.52,0.87,2.02,62046,1,31.34,60.0,1.39,1,129560
3472891,58.93,58.93,59.12,62.02,0,0,26.8,22.32,57.52,0.87,2.02,62046,1,31.34,60.0,1.4,1,130060
3473400,58.99,58.93,59.12,62.02,0,0,26.72,22.32,57.52,0.87,2.02,62046,1,31.32,60.0,1.4,1,130560
3473909,58.99,58.96,59.12,62.02,0,0,26.72,22.32,57.52,0.87,2.02,62046,1,31.32,60.0,1.43,1,131060
3474418,58.99,58.97,59.12,62.02,0,0,26.72,22.32,57.52,0.87,2.02,62046,1,31.32,60.0,1.45,1,131560
3474927,59.0,58.98,59.12,62.02,0,0,26.83,22.32,57.52,0.87,2.02,62046,1,31.34,60.0,1.45,1,132060
3475436,59.0,58.99,59.12,62.02,0,0,26.83,22.34,57.52,0.87,2.02,62046,1,31.34,60.0,1.47,1,132560
3475945,59.06,59.0,59.12,62.02,0,0,26.8,22.34,57.52,0.87,2.02,62046,1,31.35,60.0,1.47,1,133060
3476465,59.08,59.03,59.12,62.02,0,0,26.83,22.37,57.52,0.87,2.02,62046,1,31.34,60.0,1.5,1,133560
3476975,59.08,59.05,59.12,62.02,0,0,26.83,22.36,57.52,0.87,2.02,62046,1,31.34,60.0,1.53,1,134060
3477484,59.04,59.05,59.12,62.02,0,0,26.92,22.35,57.52,0.87,2.02,62046,1,31.34,60.0,1.52,1,134560
3477993,59.08,59.04,59.12,62.02,0,0,26.8,22.35,57.52,0.87,2.02,62046,1,31.34,60.0,1.52,1,135060
3478502,59.08,59.06,59.12,62.02,0,0,26.8,22.36,57.52,0.87,2.02,62046,1,31.34,60.0,1.54,1,135560
3479011,59.09,59.08,59.12,62.02,0,0,27.01,22.38,57.52,0.87,2.02,62046,1,31.35,60.0,1.55,1,136075
3479520,59.09,59.09,59.12,62.02,0,0,27.01,22.38,57.52,0.87,2.02,62046,1,31.35,60.0,1.56,1,136575
3480029,59.1,59.09,59.12,62.02,0,0,26.83,22.38,57.52,0.87,2.02,62046,1,31.34,60.0,1.56,1,137075
3480538,59.1,59.1,59.12,62.02,0,0,26.83,22.37,57.52,0.87,2.02,62046,1,31.34,60.0,1.57,1,137575
3481047,59.17,59.13,59.12,62.02,1,0,26.92,22.4,57.52,0.87,2.02,138075,0,31.35,60.0,1.61,0,0
3481556,59.18,59.15,59.12,62.09,1,0,27.03,22.4,59.15,0.87,2.09,138075,0,31.35,60.0,0.0,0,500
3482065,59.18,59.17,59.12,62.09,1,0,27.03,22.4,59.17,0.87,2.09,138075,0,31.35,60.0,0.0,0,1000
3482574,59.2,59.19,59.12,62.09,1,0,26.78,22.4,59.19,0.87,2.09,138075,0,31.34,60.0,0.0,0,1500
3483083,59.2,59.2,59.12,62.09,1,0,27.01,22.4,59.2,0.87,2.09,138075,0,31.34,60.0,0.0,0,2000
3483592,59.2,59.2,59.12,62.09,1,0,27.18,22.4,59.2,0.87,2.09,138075,0,31.34,60.0,0.0,0,2500
3484101,59.2,59.2,59.12,62.09,1,0,27.18,22.4,59.2,0.87,2.09,138075,0,31.34,60.0,0.0,0,3000
3484610,59.27,59.2,59.12,62.09,1,0,26.94,22.4,59.2,0.87,2.09,138075,0,31.35,60.0,0.0,0,3500
3485119,59.31,59.24,59.12,62.09,1,0,26.89,22.43,59.24,0.87,2.09,138075,0,31.35,60.0,0.0,0,4000
3485628,59.31,59.27,59.12,62.09,1,0,26.89,22.44,59.27,0.87,2.09,138075,0,31.35,60.0,0.0,0,4500
3486137,59.31,59.29,59.12,62.09,1,0,26.89,22.44,59.29,0.87,2.09,138075,0,31.35,60.0,0.0,0,5000
3486646,59.33,59.3,59.12,62.09,1,0,26.96,22.44,59.3,0.87,2.09,138075,0,31.35,60.0,0.0,0,5500
3487155,59.33,59.32,59.12,62.09,1,0,26.67,22.43,59.32,0.87,2.09,138075,0,31.34,60.0,0.0,0,6502
3487664,59.33,59.33,59.12,62.09,1,0,26.67,22.43,59.33,0.87,2.09,138075,0,31.34,60.0,0.0,0,7002
3488173,59.33,59.33,59.12,62.09,1,0,26.67,22.43,59.33,0.87,2.09,138075,0,31.34,60.0,0.0,0,7502
3488682,59.33,59.33,59.12,62.09,1,0,26.67,22.43,59.33,0.87,2.09,138075,0,31.34,60.0,0.0,0,8002
3489191,59.42,59.37,59.12,62.09,1,0,26.6,22.46,59.37,0.87,2.09,138075,0,31.34,60.0,0.0,0,8502
3489700,59.38,59.38,59.12,62.09,1,0,26.29,22.45,59.38,0.87,2.09,138075,0,31.34,60.0,0.0,0,9002
3490209,59.38,59.38,59.12,62.09,1,0,26.29,22.45,59.38,0.87,2.09,138075,0,31.34,60.0,0.0,0,9502
3490718,59.45,59.41,59.12,62.09,1,0,26.25,22.48,59.41,0.87,2.09,138075,0,31.35,60.0,0.0,0,10002
3491227,59.52,59.47,59.12,62.09,1,0,26.09,22.51,59.47,0.87,2.09,138075,0,31.37,60.0,0.0,0,10502
3491736,59.52,59.49,59.12,62.09,1,0,26.09,22.51,59.49,0.87,2.09,138075,0,31.37,60.0,0.0,0,11002
3492245,59.52,59.51,59.12,62.09,1,0,26.14,22.51,59.51,0.87,2.09,138075,0,31.37,60.0,0.0,0,11502
3492754,59.55,59.52,59.12,62.09,1,0,25.89,22.51,59.52,0.87,2.09,138075,0,31.37,60.0,0.0,0,12002
3493267,59.55,59.53,59.12,62.09,1,0,25.89,22.52,59.53,0.87,2.09,138075,0,31.37,60.0,0.0,0,12502
3493776,59.55,59.54,59.12,62.09,1,0,25.89,22.52,59.54,0.87,2.09,138075,0,31.37,60.0,0.0,0,13002
3494285,59.55,59.54,59.12,62.09,1,0,25.89,22.52,59.54,0.87,2.09,138075,0,31.37,60.0,0.0,0,13502
3494794,59.55,59.55,59.12,62.09,1,0,25.89,22.52,59.55,0.87,2.09,138075,0,31.37,60.0,0.0,0,14002
3495303,59.62,59.55,59.12,62.09,1,0,25.41,22.52,59.55,0.87,2.09,138075,0,31.35,60.0,0.0,0,14502
3495812,59.62,59.58,59.12,62.09,1,0,25.41,22.52,59.58,0.87,2.09,138075,0,31.35,60.0,0.0,0,15002
3496321,59.62,59.6,59.12,62.09,1,0,25.41,22.52,59.6,0.87,2.09,138075,0,31.35,60.0,0.0,0,15502
3496830,59.64,59.62,59.12,62.09,1,0,25.45,22.52,59.62,0.87,2.09,138075,0,31.34,60.0,0.0,0,16002
3497339,59.64,59.63,59.12,62.09,1,0,25.45,22.52,59.63,0.87,2.09,138075,0,31.34,60.0,0.0,0,16502
3497848,59.69,59.66,59.12,62.09,1,0,25.1,22.56,59.66,0.87,2.09,138075,0,31.37,60.0,0.0,0,17002
3498357,59.69,59.67,59.12,62.09,1,0,25.1,22.56,59.67,0.87,2.09,138075,0,31.37,60.0,0.0,0,17502
3498866,59.69,59.68,59.12,62.09,1,0,25.1,22.56,59.68,0.87,2.09,138075,0,31.37,60.0,0.0,0,18002
3499375,59.74,59.71,59.12,62.09,1,0,24.7,22.55,59.71,0.87,2.09,138075,0,31.34,60.0,0.0,0,18502
3499884,59.74,59.73,59.12,62.09,1,0,24.7,22.55,59.73,0.87,2.09,138075,0,31.34,60.0,0.0,0,19002
3500393,59.75,59.74,59.12,62.09,1,0,24.68,22.56,59.74,0.87,2.09,138075,0,31.35,60.0,0.0,0,19502
3500902,59.75,59.74,59.12,62.09,1,0,24.68,22.56,59.74,0.87,2.09,138075,0,31.35,60.0,0.0,0,20002
3501411,59.75,59.74,59.12,62.09,1,0,24.68,22.56,59.74,0.87,2.09,138075,0,31.35,60.0,0.0,0,20502
3501920,59.85,59.75,59.12,62.09,1,0,24.27,22.56,59.75,0.87,2.09,138075,0,31.35,60.0,0.0,0,21002
3502429,59.85,59.8,59.12,62.09,1,0,24.27,22.59,59.8,0.87,2.09,138075,0,31.35,60.0,0.0,0,21502
3502938,59.83,59.81,59.12,62.09,1,0,24.14,22.58,59.81,0.87,2.09,138075,0,31.35,60.0,0.0,0,22002
3503447,59.88,59.85,59.12,62.09,1,0,24.11,22.6,59.85,0.87,2.09,138075,0,31.35,60.0,0.0,0,22502
3503956,59.85,59.85,59.12,62.09,1,0,23.94,22.58,59.85,0.87,2.09,138075,0,31.34,60.0,0.0,0,23016
3504465,59.85,59.85,59.12,62.09,1,0,23.94,22.58,59.85,0.87,2.09,138075,0,31.34,60.0,0.0,0,23516
3504974,59.88,59.86,59.12,62.09,1,0,23.74,22.6,59.86,0.87,2.09,138075,0,31.35,60.0,0.0,0,24016
3505483,59.88,59.87,59.12,62.09,1,0,23.74,22.6,59.87,0.87,2.09,138075,0,31.35,60.0,0.0,0,24516
3505992,59.95,59.88,59.12,62.09,1,0,23.42,22.6,59.88,0.87,2.09,138075,0,31.35,60.0,0.0,0,25016
3506501,59.95,59.91,59.12,62.09,1,0,23.42,22.62,59.91,0.87,2.09,138075,0,31.35,60.0,0.0,0,25516
3507010,59.97,59.93,59.12,62.09,1,0,23.57,22.62,59.93,0.87,2.09,138075,0,31.35,60.0,0.0,0,26016
3507519,59.97,59.95,59.12,62.09,1,0,23.57,22.62,59.95,0.87,2.09,138075,0,31.35,60.0,0.0,0,26516
3508028,60.01,59.96,59.12,62.09,1,0,23.15,22.62,59.96,0.87,2.09,138075,0,31.35,60.0,0.0,0,27016
3508537,60.01,59.98,59.12,62.09,1,0,23.2,22.63,59.98,0.87,2.09,138075,0,31.35,60.0,0.0,0,27516
3509046,60.01,60.0,59.12,62.09,1,0,23.2,22.63,60.0,0.87,2.09,138075,0,31.35,60.0,0.0,0,28016
3509555,60.01,60.0,59.12,62.09,1,0,23.2,22.63,60.0,0.87,2.09,138075,0,31.35,60.0,0.0,0,28516
3510064,60.06,60.0,59.12,62.09,1,0,22.87,22.63,60.0,0.87,2.09,138075,0,31.37,60.0,0.0,0,29016
3510573,60.06,60.03,59.12,62.09,1,0,22.87,22.66,60.03,0.87,2.09,138075,0,31.37,60.0,0.0,0,29516
3511082,60.07,60.05,59.12,62.09,1,0,22.83,22.66,60.05,0.87,2.09,138075,0,31.37,60.0,0.0,0,30017
3511591,60.07,60.06,59.12,62.09,1,0,22.83,22.66,60.06,0.87,2.09,138075,0,31.37,60.0,0.0,0,30517
3512100,60.07,60.07,59.12,62.09,1,0,22.83,22.66,60.07,0.87,2.09,138075,0,31.37,60.0,0.0,0,31017
3512609,60.12,60.07,59.12,62.09,1,0,22.52,22.66,60.07,0.87,2.09,138075,0,31.35,60.0,0.0,0,31517
3513118,60.18,60.1,59.12,62.09,1,0,22.42,22.66,60.1,0.87,2.09,138075,0,31.34,60.0,0.0,0,32017
3513627,60.12,60.14,59.12,62.09,1,0,22.31,22.67,60.14,0.87,2.09,138075,0,31.35,60.0,0.0,0,32517
3514136,60.12,60.13,59.12,62.09,1,0,22.31,22.66,60.14,0.87,2.09,138075,0,31.35,60.0,0.0,0,33017
3514645,60.15,60.12,59.12,62.09,1,0,22.03,22.66,60.14,0.87,2.09,138075,0,31.35,60.0,0.01,0,33517
3515154,60.16,60.14,59.12,62.09,1,0,22.11,22.67,60.14,0.87,2.09,138075,0,31.37,60.0,0.0,0,34017
3515663,60.16,60.15,59.12,62.09,1,0,22.11,22.69,60.15,0.87,2.09,138075,0,31.37,60.0,0.0,0,34517
3516172,60.19,60.17,59.12,62.09,1,0,21.83,22.69,60.17,0.87,2.09,138075,0,31.37,60.0,0.0,0,35519
3516681,60.19,60.18,59.12,62.09,1,0,21.83,22.69,60.18,0.87,2.09,138075,0,31.37,60.0,0.0,0,36019
3517190,60.19,60.18,59.12,62.09,1,0,21.83,22.69,60.18,0.87,2.09,138075,0,31.37,60.0,0.0,0,36519
3517699,60.19,60.18,59.12,62.09,1,0,21.83,22.69,60.18,0.87,2.09,138075,0,31.37,60.0,0.0,0,37019
3518208,60.27,60.23,59.12,62.09,1,0,21.51,22.7,60.23,0.87,2.09,138075,0,31.35,60.0,0.0,0,37519
3518717,60.27,60.25,59.12,62.09,1,0,21.51,22.7,60.25,0.87,2.09,138075,0,31.35,60.0,0.0,0,38019
3519226,60.29,60.27,59.12,62.09,1,0,21.53,22.73,60.27,0.87,2.09,138075,0,31.38,60.0,0.0,0,38519
3519735,60.33,60.3,59.12,62.09,1,0,21.42,22.72,60.3,0.87,2.09,138075,0,31.35,60.0,0.0,0,39019
3520244,60.36,60.32,59.12,62.09,1,0,21.29,22.72,60.32,0.87,2.09,138075,0,31.38,60.0,0.0,0,39519
3520753,60.36,60.34,59.12,62.09,1,0,21.29,22.75,60.34,0.87,2.09,138075,0,31.38,60.0,0.0,0,40019
3521262,60.36,60.35,59.12,62.09,1,0,21.16,22.72,60.35,0.87,2.09,138075,0,31.34,60.0,0.0,0,40519
3521771,60.36,60.35,59.12,62.09,1,0,21.16,22.72,60.35,0.87,2.09,138075,0,31.34,60.0,0.0,0,41019
3522280,60.45,60.36,59.12,62.09,1,0,20.94,22.72,60.36,0.87,2.09,138075,0,31.38,60.0,0.0,0,41519
3522789,60.45,60.4,59.12,62.09,1,0,20.94,22.78,60.4,0.87,2.09,138075,0,31.38,60.0,0.0,0,42019
3523298,60.47,60.44,59.12,62.09,1,0,21.38,22.77,60.44,0.87,2.09,138075,0,31.37,60.0,0.0,0,42519
3523807,60.47,60.46,59.12,62.09,1,0,21.38,22.77,60.46,0.87,2.09,138075,0,31.37,60.0,0.0,0,43019
3524316,60.47,60.47,59.12,62.09,1,0,21.38,22.77,60.47,0.87,2.09,138075,0,31.37,60.0,0.0,0,43519
3524825,60.51,60.49,59.12,62.09,1,0,20.69,22.78,60.49,0.87,2.09,138075,0,31.37,60.0,0.0,0,44019
3525334,60.55,60.52,59.12,62.09,1,0,20.49,22.81,60.52,0.87,2.09,138075,0,31.38,60.0,0.0,0,44519
3525843,60.59,60.55,59.12,62.09,1,0,20.51,22.8,60.55,0.87,2.09,138075,0,31.37,60.0,0.0,0,45019
3526352,60.61,60.58,59.12,62.09,1,0,20.3,22.81,60.58,0.87,2.09,138075,0,31.37,60.0,0.0,0,45528
3526862,60.61,60.6,59.12,62.09,1,0,20.3,22.81,60.6,0.87,2.09,138075,0,31.37,60.0,0.0,0,46028
3527372,60.62,60.61,59.12,62.09,1,0,20.08,22.81,60.61,0.87,2.09,138075,0,31.37,60.0,0.0,0,46528
3527881,60.7,60.62,59.12,62.09,1,0,20.21,22.81,60.62,0.87,2.09,138075,0,31.35,60.0,0.0,0,47028
3528390,60.7,60.66,59.12,62.09,1,0,20.21,22.82,60.66,0.87,2.09,138075,0,31.35,60.0,0.0,0,47528
3528899,60.69,60.68,59.12,62.09,1,0,20.21,22.82,60.68,0.87,2.09,138075,0,31.38,60.0,0.0,0,48028
3529408,60.69,60.68,59.12,62.09,1,0,20.21,22.84,60.68,0.87,2.09,138075,0,31.38,60.0,0.0,0,48528
3529917,60.74,60.71,59.12,62.09,1,0,19.95,22.86,60.71,0.87,2.09,138075,0,31.38,60.0,0.0,0,49028
3530426,60.79,60.75,59.12,62.09,1,0,19.91,22.84,60.75,0.87,2.09,138075,0,31.35,60.0,0.0,0,49528
3530935,60.79,60.77,59.12,62.09,1,0,19.91,22.84,60.77,0.87,2.09,138075,0,31.35,60.0,0.0,0,50028
3531444,60.79,60.78,59.12,62.09,1,0,19.91,22.84,60.78,0.87,2.09,138075,0,31.35,60.0,0.0,0,50528
3531953,60.79,60.78,59.12,62.09,1,0,19.91,22.84,60.78,0.87,2.09,138075,0,31.35,60.0,0.0,0,51028
3532462,60.79,60.78,59.12,62.09,1,0,19.91,22.84,60.78,0.87,2.09,138075,0,31.35,60.0,0.0,0,51528
3532971,60.79,60.78,59.12,62.09,1,0,19.91,22.84,60.78,0.87,2.09,138075,0,31.35,60.0,0.0,0,52028
3533480,60.91,60.85,59.12,62.09,1,0,19.46,22.89,60.85,0.87,2.09,138075,0,31.37,60.0,0.0,0,52528
3533989,60.91,60.88,59.12,62.09,1,0,19.46,22.89,60.88,0.87,2.09,138075,0,31.37,60.0,0.0,0,53028
3534498,60.97,60.9,59.12,62.09,1,0,19.41,22.89,60.9,0.87,2.09,138075,0,31.35,60.0,0.0,0,53528
3535007,60.97,60.93,59.12,62.09,1,0,19.41,22.9,60.93,0.87,2.09,138075,0,31.35,60.0,0.0,0,54028
3535516,60.97,60.95,59.12,62.09,1,0,19.41,22.9,60.95,0.87,2.09,138075,0,31.35,60.0,0.0,0,54528
3536025,60.95,60.95,59.12,62.09,1,0,19.65,22.9,60.95,0.87,2.09,138075,0,31.37,60.0,0.0,0,55028
3536534,60.95,60.95,59.12,62.09,1,0,19.65,22.9,60.95,0.87,2.09,138075,0,31.37,60.0,0.0,0,55528
3537043,60.95,60.95,59.12,62.09,1,0,19.65,22.9,60.95,0.87,2.09,138075,0,31.37,60.0,0.0,0,56031
3537554,60.95,60.95,59.12,62.09,1,0,19.65,22.9,60.95,0.87,2.09,138075,0,31.37,60.0,0.0,0,56531
3538063,61.06,60.95,59.12,62.09,1,0,18.96,22.9,60.95,0.87,2.09,138075,0,31.37,60.0,0.0,0,57031
3538572,61.06,61.0,59.12,62.09,1,0,18.96,22.93,61.0,0.87,2.09,138075,0,31.37,60.0,0.0,0,57531
3539081,61.08,61.03,59.12,62.09,1,0,18.79,22.93,61.03,0.87,2.09,138075,0,31.37,60.0,0.0,0,58031
3539590,61.05,61.05,59.12,62.09,1,1,18.57,22.94,61.05,0.87,2.09,138075,0,31.37,60.0,0.0,1,58531
3540099,61.05,61.05,59.12,62.09,1,1,18.57,22.93,61.05,0.87,2.09,138075,0,31.37,60.0,0.0,1,59031
3540608,61.06,61.05,59.12,62.09,1,1,18.66,22.93,61.05,0.87,2.09,138075,0,31.37,60.0,0.0,1,59531
3541117,61.06,61.06,59.12,62.09,1,1,18.66,22.93,61.06,0.87,2.09,138075,0,31.37,60.0,0.0,1,60031
3541626,61.06,61.06,59.12,62.09,1,1,18.66,22.93,61.06,0.87,2.09,138075,0,31.37,60.0,0.0,1,60531
3542135,61.07,61.06,59.12,62.09,1,1,18.94,22.93,61.06,0.87,2.09,138075,0,31.35,60.0,0.0,1,61031
3542644,61.15,61.07,59.12,62.09,1,1,19.09,22.92,61.07,0.87,2.09,138075,0,31.35,60.0,0.0,1,61533
3543153,61.15,61.11,59.12,62.09,1,1,19.09,22.94,61.11,0.87,2.09,138075,0,31.35,60.0,0.0,1,62033
3543662,61.1,61.1,59.12,62.09,1,1,19.24,22.92,61.11,0.87,2.09,138075,0,31.34,60.0,0.0,1,62535
3544171,60.98,61.1,59.12,62.09,1,1,19.31,22.92,61.11,0.87,2.09,138075,0,31.32,60.0,0.0,1,63035
3544680,60.51,61.04,59.12,62.09,1,1,19.52,22.87,61.11,0.87,2.09,138075,0,31.31,60.0,0.06,1,63535
3545189,60.51,60.78,59.12,62.09,0,1,19.52,22.73,61.11,0.87,2.09,64041,0,31.31,60.0,0.32,1,0
3545698,59.95,60.3,59.08,62.09,0,1,19.52,22.59,60.3,0.91,2.09,64041,0,31.32,60.0,0.0,1,1004
3546207,59.95,60.13,59.08,62.09,0,0,19.52,22.59,60.13,0.91,2.09,64041,0,31.32,60.0,0.0,1,1504
3546716,59.95,60.04,59.08,62.09,0,0,19.52,22.59,60.04,0.91,2.09,64041,0,31.32,60.0,0.0,1,2004
3547225,59.95,60.0,59.08,62.09,0,0,19.52,22.59,60.0,0.91,2.09,64041,0,31.32,60.0,0.0,1,2504
3547734,59.01,59.5,59.08,62.09,0,0,19.56,22.3,59.5,0.91,2.09,64041,0,31.3,60.0,0.0,1,3004
3548243,58.69,59.1,59.08,62.09,0,0,19.35,22.19,59.1,0.91,2.09,64041,0,31.27,60.0,0.0,1,3504
3548752,58.69,58.89,59.08,62.09,0,0,19.35,22.19,58.89,0.91,2.09,64041,0,31.27,60.0,0.0,1,4004
3549261,58.69,58.79,59.08,62.09,0,0,19.35,22.19,58.79,0.91,2.09,64041,0,31.27,60.0,0.0,1,4504
3549770,58.13,58.46,59.08,62.09,0,0,18.6,22.02,58.46,0.91,2.09,64041,0,31.25,60.0,0.0,1,5004
3550288,57.96,58.29,59.08,62.09,0,0,18.96,22.02,58.29,0.91,2.09,64041,0,31.28,60.0,0.0,1,5504
3550797,57.96,58.12,59.08,62.09,0,0,18.96,22.0,58.12,0.91,2.09,64041,0,31.28,60.0,0.0,1,6004
3551306,57.79,57.96,59.08,62.09,0,0,18.88,21.93,57.96,0.91,2.09,64041,0,31.27,60.0,0.0,1,6504
3551815,57.79,57.87,59.08,62.09,0,0,18.88,21.93,57.87,0.91,2.09,64041,0,31.27,60.0,0.0,1,7004
3552324,57.7,57.79,59.08,62.09,0,0,18.81,21.9,57.79,0.91,2.09,64041,0,31.25,60.0,0.0,1,7504
3552833,57.58,57.68,59.08,62.09,0,0,18.98,21.89,57.68,0.91,2.09,64041,0,31.28,60.0,0.0,1,8004
3553342,57.52,57.6,59.08,62.09,0,0,19.37,21.86,57.6,0.91,2.09,64041,0,31.27,60.0,0.0,1,8504
3553864,57.47,57.56,59.08,62.09,0,0,18.98,21.86,57.56,0.91,2.09,64041,0,31.24,60.0,0.0,1,9004
3554373,57.47,57.52,59.08,62.09,0,0,18.98,21.82,57.52,0.91,2.09,64041,0,31.24,60.0,0.0,1,9504
3554882,57.48,57.5,59.08,62.09,0,0,19.22,21.83,57.5,0.91,2.09,64041,0,31.25,60.0,0.0,1,10004
3555391,57.46,57.48,59.08,62.09,0,0,19.0,21.81,57.48,0.91,2.09,64041,0,31.24,60.0,0.0,1,10504
3555900,57.46,57.47,59.08,62.09,0,0,19.0,21.81,57.47,0.91,2.09,64041,0,31.24,60.0,0.0,1,11004
3556409,57.41,57.44,59.08,62.09,0,0,18.96,21.81,57.44,0.91,2.09,64041,0,31.25,60.0,0.0,1,11504
3556918,57.41,57.43,59.08,62.09,0,0,19.2,21.81,57.43,0.91,2.09,64041,0,31.24,60.0,0.0,1,12004
3557428,57.41,57.42,59.08,62.09,0,0,19.2,21.8,57.42,0.91,2.09,64041,0,31.24,60.0,0.0,1,12504
3557938,57.4,57.42,59.08,62.09,0,0,19.0,21.8,57.42,0.91,2.09,64041,0,31.23,60.0,0.0,1,13004
3558447,57.4,57.41,59.08,62.09,0,0,19.0,21.78,57.41,0.91,2.09,64041,0,31.23,60.0,0.0,1,13504
3558956,57.36,57.38,59.08,62.09,0,0,19.28,21.8,57.38,0.91,2.09,64041,0,31.25,60.0,0.0,1,14004
3559465,57.36,57.37,59.08,62.09,0,0,19.28,21.8,57.37,0.91,2.09,64041,0,31.25,60.0,0.0,1,14504
3559976,57.36,57.37,59.08,62.09,0,0,19.28,21.8,57.37,0.91,2.09,64041,0,31.25,60.0,0.0,1,15004
3560486,57.32,57.36,59.08,62.09,0,0,19.28,21.8,57.36,0.91,2.09,64041,0,31.25,60.0,0.0,1,15504
3560995,57.32,57.34,59.08,62.09,0,0,19.28,21.79,57.34,0.91,2.09,64041,0,31.25,60.0,0.0,1,16004
3561504,57.38,57.33,59.08,62.09,0,0,19.35,21.79,57.33,0.91,2.09,64041,0,31.24,60.0,0.0,1,16504
3562013,57.38,57.35,59.08,62.09,0,0,19.35,21.79,57.33,0.91,2.09,64041,0,31.24,60.0,0.02,1,17004
3562522,57.36,57.36,59.08,62.09,0,0,19.59,21.79,57.33,0.91,2.09,64041,0,31.24,60.0,0.03,1,17504
3563031,57.36,57.36,59.08,62.09,0,0,19.59,21.79,57.33,0.91,2.09,64041,0,31.24,60.0,0.02,1,18004
3563540,57.38,57.37,59.08,62.09,0,0,19.74,21.8,57.33,0.91,2.09,64041,0,31.25,60.0,0.03,1,18504
3564049,57.31,57.37,59.08,62.09,0,0,19.97,21.8,57.33,0.91,2.09,64041,0,31.25,60.0,0.03,1,19004
3564558,57.31,57.34,59.08,62.09,0,0,19.97,21.79,57.33,0.91,2.09,64041,0,31.25,60.0,0.0,1,19504
3565067,57.32,57.33,59.08,62.09,0,0,19.69,21.79,57.33,0.91,2.09,64041,0,31.24,60.0,0.0,1,20004
3565576,57.32,57.33,59.08,62.09,0,0,19.69,21.78,57.33,0.91,2.09,64041,0,31.24,60.0,0.0,1,20504
3566085,57.39,57.36,59.08,62.09,0,0,19.97,21.79,57.33,0.91,2.09,64041,0,31.24,60.0,0.03,1,21007
3566594,57.42,57.37,59.08,62.09,0,0,20.06,21.79,57.33,0.91,2.09,64041,0,31.28,60.0,0.04,1,21507
3567103,57.42,57.4,59.08,62.09,0,0,20.06,21.84,57.33,0.91,2.09,64041,0,31.28,60.0,0.06,1,22010
3567612,57.44,57.42,59.08,62.09,0,0,20.12,21.81,57.33,0.91,2.09,64041,0,31.24,60.0,0.09,1,22511
3568121,57.44,57.43,59.08,62.09,0,0,20.12,21.81,57.33,0.91,2.09,64041,0,31.24,60.0,0.1,1,23011
3568630,57.45,57.43,59.08,62.09,0,0,20.19,21.81,57.33,0.91,2.09,64041,0,31.25,60.0,0.1,1,23511
3569139,57.49,57.44,59.08,62.09,0,0,20.28,21.82,57.33,0.91,2.09,64041,0,31.25,60.0,0.11,1,24011
3569648,57.49,57.47,59.08,62.09,0,0,20.28,21.84,57.33,0.91,2.09,64041,0,31.25,60.0,0.13,1,24511
3570157,57.49,57.48,59.08,62.09,0,0,20.28,21.84,57.33,0.91,2.09,64041,1,31.25,60.0,0.15,1,25011
3570666,57.53,57.48,59.08,62.09,0,0,20.34,21.84,57.33,0.91,2.09,64041,1,31.28,60.0,0.15,1,25511
3571175,57.53,57.51,59.08,62.09,0,0,20.34,21.87,57.33,0.91,2.09,64041,1,31.28,60.0,0.18,1,26011
3571684,57.53,57.52,59.08,62.09,0,0,20.32,21.87,57.33,0.91,2.09,64041,1,31.25,60.0,0.19,1,26511
3572193,57.54,57.52,59.08,62.09,0,0,20.47,21.85,57.33,0.91,2.09,64041,1,31.25,60.0,0.19,1,27011
3572702,57.54,57.53,59.08,62.09,0,0,20.47,21.85,57.33,0.91,2.09,64041,1,31.25,60.0,0.2,1,27511
3573211,57.54,57.53,59.08,62.09,0,0,20.47,21.85,57.33,0.91,2.09,64041,1,31.25,60.0,0.2,1,28021
3573720,57.56,57.55,59.08,62.09,0,0,20.64,21.86,57.33,0.91,2.09,64041,1,31.25,60.0,0.22,1,29026
3574229,57.63,57.59,59.08,62.09,0,0,20.69,21.89,57.33,0.91,2.09,64041,1,31.27,60.0,0.26,1,29526
3574738,57.61,57.6,59.08,62.09,0,0,20.79,21.9,57.33,0.91,2.09,64041,1,31.28,60.0,0.27,1,30026
3575247,57.62,57.61,59.08,62.09,0,0,21.01,21.91,57.33,0.91,2.09,64041,1,31.3,60.0,0.28,1,30526
3575756,57.62,57.62,59.08,62.09,0,0,21.01,21.91,57.33,0.91,2.09,64041,1,31.3,60.0,0.28,1,31026
3576265,57.61,57.61,59.08,62.09,0,0,21.38,21.87,57.33,0.91,2.09,64041,1,31.25,60.0,0.28,1,31526
3576774,57.61,57.61,59.08,62.09,0,0,21.38,21.87,57.33,0.91,2.09,64041,1,31.25,60.0,0.28,1,32026
3577283,57.65,57.63,59.08,62.09,0,0,20.92,21.89,57.33,0.91,2.09,64041,1,31.27,60.0,0.3,1,32526
3577792,57.65,57.64,59.08,62.09,0,0,20.92,21.89,57.33,0.91,2.09,64041,1,31.27,60.0,0.31,1,33026
3578301,57.65,57.65,59.08,62.09,0,0,20.92,21.89,57.33,0.91,2.09,64041,1,31.27,60.0,0.32,1,33526
3578810,57.64,57.65,59.08,62.09,0,0,21.2,21.91,57.33,0.91,2.09,64041,1,31.28,60.0,0.31,1,34026
3579319,57.65,57.65,59.08,62.09,0,0,21.35,21.91,57.33,0.91,2.09,64041,1,31.28,60.0,0.32,1,34526
3579828,57.68,57.67,59.08,62.09,0,0,21.22,21.93,57.33,0.91,2.09,64041,1,31.3,60.0,0.33,1,35026
3580337,57.68,57.67,59.08,62.09,0,0,21.22,21.93,57.33,0.91,2.09,64041,1,31.3,60.0,0.34,1,35526
3580846,57.68,57.68,59.08,62.09,0,0,21.22,21.93,57.33,0.91,2.09,64041,1,31.3,60.0,0.35,1,36026
3581355,57.68,57.68,59.08,62.09,0,0,21.22,21.93,57.33,0.91,2.09,64041,1,31.3,60.0,0.35,1,36526
3581864,57.7,57.69,59.08,62.09,0,0,21.14,21.91,57.33,0.91,2.09,64041,1,31.27,60.0,0.36,1,37026
3582373,57.74,57.71,59.08,62.09,0,0,21.55,21.96,57.33,0.91,2.09,64041,1,31.31,60.0,0.38,1,37526
3582882,57.75,57.73,59.08,62.09,0,0,21.55,21.95,57.33,0.91,2.09,64041,1,31.3,60.0,0.4,1,38026
3583391,57.73,57.74,59.08,62.09,0,0,21.64,21.95,57.33,0.91,2.09,64041,1,31.27,60.0,0.41,1,38526
3583900,57.74,57.73,59.08,62.09,0,0,22.03,21.92,57.33,0.91,2.09,64041,1,31.28,60.0,0.4,1,39026
3584409,57.74,57.74,59.08,62.09,0,0,22.03,21.94,57.33,0.91,2.09,64041,1,31.28,60.0,0.41,1,39526
3584918,57.75,57.75,59.08,62.09,0,0,21.66,21.92,57.33,0.91,2.09,64041,1,31.27,60.0,0.41,1,40026
3585427,57.75,57.75,59.08,62.09,0,0,21.66,21.92,57.33,0.91,2.09,64041,1,31.27,60.0,0.42,1,40526
3585936,57.74,57.75,59.08,62.09,0,0,21.61,21.94,57.33,0.91,2.09,64041,1,31.28,60.0,0.42,1,41026
3586445,57.74,57.75,59.08,62.09,0,0,21.61,21.94,57.33,0.91,2.09,64041,1,31.28,60.0,0.41,1,41526
3586954,57.74,57.74,59.08,62.09,0,0,21.81,21.92,57.33,0.91,2.09,64041,1,31.27,60.0,0.41,1,42026
3587463,57.75,57.74,59.08,62.09,0,0,21.74,21.92,57.33,0.91,2.09,64041,1,31.31,60.0,0.41,1,42526
3587972,57.75,57.75,59.08,62.09,0,0,21.74,21.96,57.33,0.91,2.09,64041,1,31.31,60.0,0.41,1,43026
3588481,57.79,57.75,59.08,62.09,0,0,22.13,21.96,57.33,0.91,2.09,64041,1,31.25,60.0,0.42,1,43526
3588990,57.79,57.77,59.08,62.09,0,0,22.13,21.92,57.33,0.91,2.09,64041,1,31.25,60.0,0.44,1,44026
3589499,57.78,57.78,59.08,62.09,0,0,22.07,21.92,57.33,0.91,2.09,64041,1,31.27,60.0,0.45,1,44526
3590008,57.78,57.78,59.08,62.09,0,0,22.46,21.93,57.33,0.91,2.09,64041,1,31.27,60.0,0.45,1,45026
3590517,57.78,57.78,59.08,62.09,0,0,22.46,21.93,57.33,0.91,2.09,64041,1,31.27,60.0,0.45,1,45526
3591026,57.78,57.78,59.08,62.09,0,0,22.46,21.93,57.33,0.91,2.09,64041,1,31.27,60.0,0.45,1,46029
3591535,57.81,57.78,59.08,62.09,0,0,22.26,21.93,57.33,0.91,2.09,64041,1,31.3,60.0,0.45,1,46530
3592044,57.81,57.79,59.08,62.09,0,0,22.26,21.97,57.33,0.91,2.09,64041,1,31.3,60.0,0.46,1,47030
3592553,57.85,57.8,59.08,62.09,0,0,22.39,21.97,57.33,0.91,2.09,64041,1,31.28,60.0,0.47,1,47530
3593062,57.85,57.82,59.08,62.09,0,0,22.39,21.96,57.33,0.91,2.09,64041,1,31.28,60.0,0.49,1,48030
3593571,57.85,57.83,59.08,62.09,0,0,22.44,21.96,57.33,0.91,2.09,64041,1,31.28,60.0,0.5,1,48530
3594080,57.84,57.84,59.08,62.09,0,0,22.03,21.96,57.33,0.91,2.09,64041,1,31.25,60.0,0.51,1,49030
3594589,57.82,57.84,59.08,62.09,0,0,22.5,21.93,57.33,0.91,2.09,64041,1,31.31,60.0,0.51,1,49530
3595098,57.82,57.83,59.08,62.09,0,0,22.5,21.98,57.33,0.91,2.09,64041,1,31.31,60.0,0.5,1,50030
3595607,57.81,57.83,59.08,62.09,0,0,22.29,21.98,57.33,0.91,2.09,64041,1,31.3,60.0,0.5,1,50530
3596116,57.81,57.82,59.08,62.09,0,0,22.29,21.97,57.33,0.91,2.09,64041,1,31.3,60.0,0.49,1,51030
3596625,57.88,57.85,59.08,62.09,0,0,22.76,21.96,57.33,0.91,2.09,64041,1,31.27,60.0,0.52,1,51530
3597134,57.85,57.86,59.08,62.09,0,0,22.81,21.96,57.33,0.91,2.09,64041,1,31.3,60.0,0.53,1,52030
3597643,57.85,57.85,59.08,62.09,0,0,22.81,21.98,57.33,0.91,2.09,64041,1,31.3,60.0,0.52,1,52530
3598152,57.87,57.85,59.08,62.09,0,0,22.76,21.98,57.33,0.91,2.09,64041,1,31.3,60.0,0.52,1,53030
3598661,57.87,57.86,59.08,62.09,0,0,22.76,21.98,57.33,0.91,2.09,64041,1,31.3,60.0,0.53,1,53530
3599170,57.88,57.86,59.08,62.09,0,0,23.09,21.98,57.33,0.91,2.09,64041,1,31.28,60.0,0.53,1,54030
3599679,57.88,57.87,59.08,62.09,0,0,23.09,21.97,57.33,0.91,2.09,64041,1,31.28,60.0,0.54,1,54530
3600188,57.88,57.88,59.08,62.09,0,0,22.91,21.97,57.33,0.91,2.09,64041,1,31.27,60.0,0.55,1,55030
3600697,57.88,57.88,59.08,62.09,0,0,22.91,21.96,57.33,0.91,2.09,64041,1,31.27,60.0,0.55,1,55530
3601206,57.89,57.88,59.08,62.09,0,0,23.26,21.96,57.33,0.91,2.09,64041,1,31.31,60.0,0.55,1,56030
3601715,57.86,57.88,59.08,62.09,0,0,23.09,22.0,57.33,0.91,2.09,64041,1,31.3,60.0,0.55,1,56530
3602224,57.86,57.87,59.08,62.09,0,0,23.09,21.98,57.33,0.91,2.09,64041,1,31.3,60.0,0.54,1,57034
3602733,57.88,57.87,59.08,62.09,0,0,22.96,21.99,57.33,0.91,2.09,64041,1,31.3,60.0,0.54,1,58039
3603242,57.88,57.88,59.08,62.09,0,0,22.96,21.99,57.33,0.91,2.09,64041,1,31.3,60.0,0.55,1,58539
3603751,57.91,57.89,59.08,62.09,0,0,23.37,21.99,57.33,0.91,2.09,64041,1,31.3,60.0,0.56,1,59039
3604260,57.91,57.9,59.08,62.09,0,0,23.37,21.99,57.33,0.91,2.09,64041,1,31.3,60.0,0.57,1,59539
3604769,57.9,57.9,59.08,62.09,0,0,23.46,22.0,57.33,0.91,2.09,64041,1,31.31,60.0,0.57,1,60039
3605278,57.9,57.9,59.08,62.09,0,0,23.46,22.0,57.33,0.91,2.09,64041,1,31.31,60.0,0.57,1,60539
3605787,57.9,57.9,59.08,62.09,0,0,23.46,22.0,57.33,0.91,2.09,64041,1,31.31,60.0,0.57,1,61039
3606296,57.9,57.9,59.08,62.09,0,0,23.46,22.0,57.33,0.91,2.09,64041,1,31.31,60.0,0.57,1,61539
3606805,57.91,57.9,59.08,62.09,0,0,23.31,21.99,57.33,0.91,2.09,64041,1,31.3,60.0,0.57,1,62039
3607314,57.91,57.91,59.08,62.09,0,0,23.31,21.99,57.33,0.91,2.09,64041,1,31.3,60.0,0.58,1,62539
3607823,57.91,57.91,59.08,62.09,0,0,23.31,21.99,57.33,0.91,2.09,64041,1,31.3,60.0,0.58,1,63039
3608332,58.0,57.95,59.08,62.09,0,0,23.52,22.02,57.33,0.91,2.09,64041,1,31.3,60.0,0.62,1,63539
3608841,58.0,57.98,59.08,62.09,0,0,23.52,22.02,57.33,0.91,2.09,64041,1,31.3,60.0,0.64,1,64039
3609350,57.96,57.97,59.08,62.09,0,0,23.55,22.02,57.33,0.91,2.09,64041,1,31.31,60.0,0.64,1,64539
3609859,57.96,57.96,59.08,62.09,0,0,23.76,22.02,57.33,0.91,2.09,64041,1,31.31,60.0,0.63,1,65039
3610368,57.96,57.96,59.08,62.09,0,0,23.76,22.02,57.33,0.91,2.09,64041,1,31.31,60.0,0.63,1,65539
3610877,57.97,57.97,59.08,62.09,0,0,24.27,22.02,57.33,0.91,2.09,64041,1,31.31,60.0,0.64,1,66039
3611386,57.99,57.97,59.08,62.09,0,0,23.68,22.02,57.33,0.91,2.09,64041,1,31.32,60.0,0.64,1,66539
3611895,57.99,57.98,59.08,62.09,0,0,23.68,22.04,57.33,0.91,2.09,64041,1,31.32,60.0,0.65,1,67039
3612404,57.99,57.98,59.08,62.09,0,0,23.68,22.04,57.33,0.91,2.09,64041,1,31.32,60.0,0.65,1,67541
3612913,57.96,57.97,59.08,62.09,0,0,23.63,22.01,57.33,0.91,2.09,64041,1,31.3,60.0,0.64,1,68042
3613422,57.96,57.97,59.08,62.09,0,0,23.63,22.01,57.33,0.91,2.09,64041,1,31.3,60.0,0.63,1,68542
3613931,57.98,57.96,59.08,62.09,0,0,23.87,22.01,57.33,0.91,2.09,64041,1,31.31,60.0,0.63,1,69042
3614440,57.98,57.97,59.08,62.09,0,0,23.87,22.03,57.33,0.91,2.09,64041,1,31.31,60.0,0.64,1,69542
3614949,57.96,57.98,59.08,62.09,0,0,24.05,22.03,57.33,0.91,2.09,64041,1,31.3,60.0,0.65,1,70042
3615458,57.96,57.97,59.08,62.09,0,0,24.05,22.01,57.33,0.91,2.09,64041,1,31.3,60.0,0.64,1,70542
3615967,57.97,57.96,59.08,62.09,0,0,24.11,22.01,57.33,0.91,2.09,64041,1,31.31,60.0,0.63,1,71042
3616476,57.97,57.97,59.08,62.09,0,0,24.11,22.02,57.33,0.91,2.09,64041,1,31.31,60.0,0.64,1,71542
3616985,58.0,57.98,59.08,62.09,0,0,24.03,22.03,57.33,0.91,2.09,64041,1,31.31,60.0,0.65,1,72042
3617494,57.98,57.99,59.08,62.09,0,0,24.24,22.03,57.33,0.91,2.09,64041,1,31.31,60.0,0.66,1,72542
3618003,57.98,57.99,59.08,62.09,0,0,24.24,22.03,57.33,0.91,2.09,64041,1,31.31,60.0,0.66,1,73042
3618512,58.01,58.0,59.08,62.09,0,0,23.68,22.02,57.33,0.91,2.09,64041,1,31.3,60.0,0.67,1,73542
3619021,58.01,58.0,59.08,62.09,0,0,23.68,22.02,57.33,0.91,2.09,64041,1,31.3,60.0,0.67,1,74045
3619530,58.01,58.01,59.08,62.09,0,0,24.09,22.04,57.33,0.91,2.09,64041,1,31.31,60.0,0.68,1,74545
3620039,57.96,58.01,59.08,62.09,0,0,24.27,22.04,57.33,0.91,2.09,64041,1,31.31,60.0,0.68,1,75045
3620548,57.96,57.99,59.08,62.09,0,0,24.27,22.02,57.33,0.91,2.09,64041,1,31.31,60.0,0.65,1,75545
3621057,58.03,57.97,59.08,62.09,0,0,24.44,22.02,57.33,0.91,2.09,64041,1,31.32,60.0,0.64,1,76045
3621566,58.03,58.0,59.08,62.09,0,0,24.44,22.05,57.33,0.91,2.09,64041,1,31.32,60.0,0.67,1,76545
3622075,58.02,58.01,59.08,62.09,0,0,24.35,22.05,57.33,0.91,2.09,64041,1,31.3,60.0,0.68,1,77045
3622584,58.01,58.02,59.08,62.09,0,0,24.07,22.03,57.33,0.91,2.09,64041,1,31.31,60.0,0.69,1,77545
3623093,58.01,58.01,59.08,62.09,0,0,24.07,22.04,57.33,0.91,2.09,64041,1,31.31,60.0,0.68,1,78045
3623602,58.04,58.01,59.08,62.09,0,0,24.09,22.04,57.33,0.91,2.09,64041,1,31.28,60.0,0.68,1,78545
3624111,58.04,58.03,59.08,62.09,0,0,24.09,22.02,57.33,0.91,2.09,64041,1,31.28,60.0,0.7,1,79045
3624620,58.02,58.04,59.08,62.09,0,0,24.62,22.02,57.33,0.91,2.09,64041,1,31.31,60.0,0.7,1,79545
3625129,58.02,58.03,59.08,62.09,0,0,24.62,22.04,57.33,0.91,2.09,64041,1,31.31,60.0,0.7,1,80045
3625638,58.06,58.03,59.08,62.09,0,0,24.68,22.04,57.33,0.91,2.09,64041,1,31.32,60.0,0.7,1,80545
3626147,58.06,58.04,59.08,62.09,0,0,24.68,22.06,57.33,0.91,2.09,64041,1,31.32,60.0,0.71,1,81045
3626656,58.06,58.05,59.08,62.09,0,0,24.66,22.06,57.33,0.91,2.09,64041,1,31.3,60.0,0.72,1,81545
3627165,58.03,58.06,59.08,62.09,0,0,24.44,22.04,57.33,0.91,2.09,64041,1,31.3,60.0,0.72,1,82045
3627674,58.03,58.04,59.08,62.09,0,0,24.44,22.03,57.33,0.91,2.09,64041,1,31.3,60.0,0.71,1,82545
3628183,58.05,58.04,59.08,62.09,0,0,24.92,22.03,57.33,0.91,2.09,64041,1,31.3,60.0,0.71,1,83045
3628692,58.05,58.04,59.08,62.09,0,0,24.92,22.03,57.33,0.91,2.09,64041,1,31.3,60.0,0.71,1,83545
3629201,58.05,58.04,59.08,62.09,0,0,24.77,22.03,57.33,0.91,2.09,64041,1,31.31,60.0,0.71,1,84048
3629710,58.1,58.05,59.08,62.09,0,0,24.81,22.05,57.33,0.91,2.09,64041,1,31.31,60.0,0.72,1,84549
3630219,58.1,58.07,59.08,62.09,0,0,24.81,22.06,57.33,0.91,2.09,64041,1,31.31,60.0,0.74,1,85050
3630728,58.08,58.09,59.08,62.09,0,0,24.84,22.06,57.33,0.91,2.09,64041,1,31.32,60.0,0.75,1,85550
3631237,58.08,58.08,59.08,62.09,0,0,24.84,22.07,57.33,0.91,2.09,64041,1,31.32,60.0,0.75,1,86050
3631746,58.05,58.06,59.08,62.09,0,0,24.64,22.05,57.33,0.91,2.09,64041,1,31.31,60.0,0.73,1,87052
3632255,58.05,58.06,59.08,62.09,0,0,24.64,22.05,57.33,0.91,2.09,64041,1,31.31,60.0,0.72,1,87552
3632764,58.1,58.08,59.08,62.09,0,0,24.92,22.07,57.33,0.91,2.09,64041,1,31.32,60.0,0.75,1,88052
3633273,58.1,58.09,59.08,62.09,0,0,24.92,22.07,57.33,0.91,2.09,64041,1,31.32,60.0,0.76,1,88552
3633782,58.09,58.09,59.08,62.09,0,0,25.08,22.07,57.33,0.91,2.09,64041,1,31.32,60.0,0.76,1,89052
3634291,58.11,58.1,59.08,62.09,0,0,25.1,22.09,57.33,0.91,2.09,64041,1,31.34,60.0,0.77,1,89552
3634800,58.11,58.1,59.08,62.09,0,0,25.1,22.09,57.33,0.91,2.09,64041,1,31.34,60.0,0.77,1,90052
3635309,58.07,58.09,59.08,62.09,0,0,25.19,22.04,57.33,0.91,2.09,64041,1,31.3,60.0,0.76,1,90552
3635818,58.11,58.1,59.08,62.09,0,0,25.08,22.06,57.33,0.91,2.09,64041,1,31.31,60.0,0.77,1,91052
3636327,58.11,58.11,59.08,62.09,0,0,25.08,22.06,57.33,0.91,2.09,64041,1,31.31,60.0,0.77,1,91552
3636836,58.14,58.12,59.08,62.09,0,0,25.1,22.1,57.33,0.91,2.09,64041,1,31.34,60.0,0.79,1,92052
3637345,58.14,58.13,59.08,62.09,0,0,25.1,22.1,57.33,0.91,2.09,64041,1,31.34,60.0,0.8,1,92552
3637854,58.14,58.14,59.08,62.09,0,0,25.1,22.1,57.33,0.91,2.09,64041,1,31.34,60.0,0.81,1,93052
3638363,58.15,58.14,59.08,62.09,0,0,25.01,22.09,57.33,0.91,2.09,64041,1,31.32,60.0,0.81,1,93552
3638872,58.14,58.15,59.08,62.09,0,0,25.25,22.09,57.33,0.91,2.09,64041,1,31.32,60.0,0.82,1,94052
3639381,58.14,58.14,59.08,62.09,0,0,25.25,22.08,57.33,0.91,2.09,64041,1,31.32,60.0,0.81,1,94552
3639890,58.14,58.14,59.08,62.09,0,0,25.25,22.08,57.33,0.91,2.09,64041,1,31.32,60.0,0.81,1,95052
3640399,58.16,58.15,59.08,62.09,0,0,25.28,22.08,57.33,0.91,2.09,64041,1,31.31,60.0,0.82,1,95552
3640908,58.16,58.16,59.08,62.09,0,0,25.28,22.08,57.33,0.91,2.09,64041,1,31.31,60.0,0.82,1,96052
3641417,58.16,58.16,59.08,62.09,0,0,25.5,22.08,57.33,0.91,2.09,64041,1,31.35,60.0,0.83,1,96552
3641926,58.16,58.16,59.08,62.09,0,0,25.5,22.12,57.33,0.91,2.09,64041,1,31.35,60.0,0.83,1,97052
3642435,58.17,58.17,59.08,62.09,0,0,25.45,22.09,57.33,0.91,2.09,64041,1,31.32,60.0,0.83,1,97552
3642944,58.18,58.17,59.08,62.09,0,0,25.56,22.09,57.33,0.91,2.09,64041,1,31.34,60.0,0.84,1,98052
3643453,58.18,58.17,59.08,62.09,0,0,25.56,22.11,57.33,0.91,2.09,64041,1,31.34,60.0,0.84,1,98552
3643962,58.16,58.17,59.08,62.09,0,0,25.67,22.09,57.33,0.91,2.09,64041,1,31.32,60.0,0.84,1,99052
3644471,58.16,58.17,59.08,62.09,0,0,25.67,22.09,57.33,0.91,2.09,64041,1,31.32,60.0,0.83,1,99552
3644980,58.16,58.16,59.08,62.09,0,0,25.67,22.09,57.33,0.91,2.09,64041,1,31.32,60.0,0.83,1,100054
3645489,58.22,58.19,59.08,62.09,0,0,25.59,22.12,57.33,0.91,2.09,64041,1,31.34,60.0,0.86,1,100555
3645998,58.19,58.2,59.08,62.09,0,0,25.54,22.12,57.33,0.91,2.09,64041,1,31.32,60.0,0.87,1,101055
3646507,58.19,58.2,59.08,62.09,0,0,25.54,22.1,57.33,0.91,2.09,64041,1,31.32,60.0,0.87,1,101555
3647016,58.19,58.19,59.08,62.09,0,0,25.54,22.1,57.33,0.91,2.09,64041,1,31.32,60.0,0.86,1,102055
3647525,58.24,58.22,59.08,62.09,0,0,25.21,22.13,57.33,0.91,2.09,64041,1,31.34,60.0,0.89,1,102555
3648034,58.24,58.23,59.08,62.09,0,0,25.74,22.13,57.33,0.91,2.09,64041,1,31.31,60.0,0.9,1,103055
3648543,58.23,58.23,59.08,62.09,0,0,25.67,22.1,57.33,0.91,2.09,64041,1,31.32,60.0,0.9,1,103555
3649052,58.23,58.23,59.08,62.09,0,0,25.67,22.11,57.33,0.91,2.09,64041,1,31.32,60.0,0.9,1,104055
3649561,58.25,58.24,59.08,62.09,0,0,25.72,22.12,57.33,0.91,2.09,64041,1,31.32,60.0,0.91,1,104555
3650070,58.26,58.25,59.08,62.09,0,0,25.89,22.12,57.33,0.91,2.09,64041,1,31.32,60.0,0.92,1,105055
3650579,58.3,58.25,59.08,62.09,0,0,25.72,22.12,57.33,0.91,2.09,64041,1,31.34,60.0,0.92,1,105555
3651089,58.29,58.28,59.08,62.09,0,0,25.94,22.15,57.33,0.91,2.09,64041,1,31.35,60.0,0.95,1,106055
3651599,58.29,58.29,59.08,62.09,0,0,25.94,22.16,57.33,0.91,2.09,64041,1,31.35,60.0,0.96,1,106555
3652108,58.33,58.29,59.08,62.09,0,0,25.87,22.16,57.33,0.91,2.09,64041,1,31.34,60.0,0.96,1,107055
3652617,58.31,58.31,59.08,62.09,0,0,25.92,22.15,57.33,0.91,2.09,64041,1,31.31,60.0,0.98,1,107555
3653126,58.31,58.31,59.08,62.09,0,0,25.92,22.12,57.33,0.91,2.09,64041,1,31.31,60.0,0.98,1,108055
3653635,58.31,58.31,59.08,62.09,0,0,25.92,22.12,57.33,0.91,2.09,64041,1,31.31,60.0,0.98,1,108555
3654144,58.31,58.31,59.08,62.09,0,0,25.94,22.12,57.33,0.91,2.09,64041,1,31.32,60.0,0.98,1,109055
3654653,58.37,58.31,59.08,62.09,0,0,26.01,22.13,57.33,0.91,2.09,64041,1,31.34,60.0,0.98,1,109555
3655162,58.37,58.34,59.08,62.09,0,0,26.01,22.16,57.33,0.91,2.09,64041,1,31.34,60.0,1.01,1,110055
3655671,58.38,58.35,59.08,62.09,0,0,25.87,22.16,57.33,0.91,2.09,64041,1,31.35,60.0,1.02,1,110555
3656180,58.38,58.37,59.08,62.09,0,0,25.87,22.18,57.33,0.91,2.09,64041,1,31.35,60.0,1.04,1,111055
3656689,58.35,58.37,59.08,62.09,0,0,25.96,22.18,57.33,0.91,2.09,64041,1,31.31,60.0,1.04,1,111555
3657198,58.38,58.36,59.08,62.09,0,0,26.09,22.13,57.33,0.91,2.09,64041,1,31.32,60.0,1.03,1,112055
3657707,58.38,58.37,59.08,62.09,0,0,26.09,22.15,57.33,0.91,2.09,64041,1,31.32,60.0,1.04,1,112555
3658216,58.4,58.37,59.08,62.09,0,0,26.25,22.15,57.33,0.91,2.09,64041,1,31.34,60.0,1.04,1,113055
3658725,58.41,58.39,59.08,62.09,0,0,25.87,22.17,57.33,0.91,2.09,64041,1,31.32,60.0,1.06,1,113555
3659234,58.4,58.4,59.08,62.09,0,0,26.25,22.16,57.33,0.91,2.09,64041,1,31.34,60.0,1.07,1,114055
3659743,58.4,58.4,59.08,62.09,0,0,26.25,22.17,57.33,0.91,2.09,64041,1,31.34,60.0,1.07,1,114555
3660252,58.45,58.43,59.08,62.09,0,0,26.36,22.17,57.33,0.91,2.09,64041,1,31.32,60.0,1.1,1,115558
3660761,58.46,58.44,59.08,62.09,0,0,26.23,22.18,57.33,0.91,2.09,64041,1,31.32,60.0,1.11,1,116058
3661270,58.46,58.45,59.08,62.09,0,0,26.23,22.18,57.33,0.91,2.09,64041,1,31.32,60.0,1.12,1,116558
3661779,58.51,58.48,59.08,62.09,0,0,26.32,22.19,57.33,0.91,2.09,64041,1,31.32,60.0,1.15,1,117058
3662288,58.47,58.48,59.08,62.09,0,0,26.23,22.17,57.33,0.91,2.09,64041,1,31.31,60.0,1.15,1,117558
3662811,58.51,58.48,59.08,62.09,0,0,26.05,22.17,57.33,0.91,2.09,64041,1,31.32,60.0,1.15,1,118058
3663321,58.51,58.5,59.08,62.09,0,0,26.05,22.19,57.33,0.91,2.09,64041,1,31.32,60.0,1.16,1,118558
3663830,58.53,58.51,59.08,62.09,0,0,26.45,22.19,57.33,0.91,2.09,64041,1,31.32,60.0,1.18,1,119058
3664339,58.48,58.49,59.08,62.09,0,0,26.34,22.19,57.33,0.91,2.09,64041,1,31.34,60.0,1.16,1,119558
3664848,58.48,58.49,59.08,62.09,0,0,26.34,22.19,57.33,0.91,2.09,64041,1,31.34,60.0,1.16,1,120058
3665357,58.55,58.52,59.08,62.09,0,0,26.38,22.2,57.33,0.91,2.09,64041,1,31.32,60.0,1.19,1,120558
3665866,58.55,58.54,59.08,62.09,0,0,26.34,22.2,57.33,0.91,2.09,64041,1,31.34,60.0,1.2,1,121058
3666389,58.57,58.54,59.08,62.09,0,0,26.01,22.22,57.33,0.91,2.09,64041,1,31.37,60.0,1.21,1,121558
3666899,58.57,58.56,59.08,62.09,0,0,26.01,22.25,57.33,0.91,2.09,64041,1,31.37,60.0,1.23,1,122058
3667408,58.56,58.56,59.08,62.09,0,0,26.34,22.19,57.33,0.91,2.09,64041,1,31.31,60.0,1.23,1,122558
3667917,58.62,58.56,59.08,62.09,0,0,26.6,22.19,57.33,0.91,2.09,64041,1,31.32,60.0,1.23,1,123058
3668426,58.62,58.59,59.08,62.09,0,0,26.6,22.22,57.33,0.91,2.09,64041,1,31.32,60.0,1.26,1,123558
3668935,58.62,58.6,59.08,62.09,0,0,26.6,22.22,57.33,0.91,2.09,64041,1,31.32,60.0,1.27,1,124058
3669444,58.58,58.59,59.08,62.09,0,0,26.52,22.22,57.33,0.91,2.09,64041,1,31.34,60.0,1.26,1,124558
3669953,58.65,58.62,59.08,62.09,0,0,26.83,22.23,57.33,0.91,2.09,64041,1,31.32,60.0,1.29,1,125058
3670463,58.62,58.64,59.08,62.09,0,0,26.69,22.23,57.33,0.91,2.09,64041,1,31.34,60.0,1.31,1,125558
3670973,58.62,58.63,59.08,62.09,0,0,26.69,22.23,57.33,0.91,2.09,64041,1,31.34,60.0,1.3,1,126058
3671482,58.73,58.68,59.08,62.09,0,0,26.45,22.27,57.33,0.91,2.09,64041,1,31.34,60.0,1.35,1,126558
3671991,58.7,58.7,59.08,62.09,0,0,26.43,22.27,57.33,0.91,2.09,64041,1,31.37,60.0,1.37,1,127058
3672500,58.7,58.7,59.08,62.09,0,0,26.43,22.28,57.33,0.91,2.09,64041,1,31.37,60.0,1.37,1,127559
3673009,58.72,58.7,59.08,62.09,0,0,26.67,22.28,57.33,0.91,2.09,64041,1,31.35,60.0,1.37,1,128059
3673518,58.72,58.71,59.08,62.09,0,0,26.67,22.27,57.33,0.91,2.09,64041,1,31.35,60.0,1.38,1,128559
3674027,58.72,58.71,59.08,62.09,0,0,26.69,22.27,57.33,0.91,2.09,64041,1,31.34,60.0,1.38,1,129059
3674536,58.72,58.72,59.08,62.09,0,0,26.69,22.26,57.33,0.91,2.09,64041,1,31.34,60.0,1.38,1,129559
3675045,58.78,58.75,59.08,62.09,0,0,26.8,22.29,57.33,0.91,2.09,64041,1,31.35,60.0,1.42,1,130059
3675554,58.78,58.76,59.08,62.09,0,0,26.8,22.29,57.33,0.91,2.09,64041,1,31.35,60.0,1.43,1,130559
3676063,58.75,58.77,59.08,62.09,0,0,26.6,22.29,57.33,0.91,2.09,64041,1,31.32,60.0,1.44,1,131059
3676572,58.82,58.76,59.08,62.09,0,0,27.16,22.26,57.33,0.91,2.09,64041,1,31.35,60.0,1.43,1,131559
3677081,58.82,58.79,59.08,62.09,0,0,26.94,22.3,57.33,0.91,2.09,64041,1,31.34,60.0,1.46,1,132059
3677605,58.86,58.8,59.08,62.09,0,0,26.76,22.29,57.33,0.91,2.09,64041,1,31.35,60.0,1.47,1,132559
3678115,58.86,58.83,59.08,62.09,0,0,26.76,22.31,57.33,0.91,2.09,64041,1,31.35,60.0,1.5,1,133059
3678624,58.86,58.84,59.08,62.09,0,0,26.76,22.31,57.33,0.91,2.09,64041,1,31.35,60.0,1.51,1,133559
3679133,58.85,58.85,59.08,62.09,0,0,26.94,22.31,57.33,0.91,2.09,64041,1,31.34,60.0,1.52,1,134059
3679642,58.85,58.85,59.08,62.09,0,0,26.94,22.3,57.33,0.91,2.09,64041,1,31.34,60.0,1.52,1,134559
3680151,58.85,58.85,59.08,62.09,0,0,26.94,22.3,57.33,0.91,2.09,64041,1,31.34,60.0,1.52,1,135059
3680660,58.88,58.85,59.08,62.09,0,0,27.05,22.3,57.33,0.91,2.09,64041,1,31.35,60.0,1.52,1,135559
3681169,58.95,58.87,59.08,62.09,0,0,27.03,22.32,57.33,0.91,2.09,64041,1,31.32,60.0,1.54,1,136059
3681678,58.95,58.91,59.08,62.09,0,0,27.03,22.31,57.33,0.91,2.09,64041,1,31.32,60.0,1.58,1,136559
3682187,59.0,58.95,59.08,62.09,0,0,27.01,22.36,57.33,0.91,2.09,64041,1,31.37,60.0,1.62,1,137059
3682696,58.97,58.97,59.08,62.09,0,0,26.92,22.36,57.33,0.91,2.09,64041,1,31.35,60.0,1.64,1,137559
3683205,59.0,58.97,59.08,62.09,0,0,26.83,22.34,57.33,0.91,2.09,64041,1,31.35,60.0,1.64,1,138059
3683714,59.0,58.99,59.08,62.09,0,0,26.83,22.35,57.33,0.91,2.09,64041,1,31.35,60.0,1.66,1,138559
3684223,59.08,59.0,59.08,62.09,0,0,27.27,22.35,57.33,0.91,2.09,64041,1,31.35,60.0,1.67,1,139059
3684732,59.08,59.04,59.08,62.09,0,0,27.27,22.38,57.33,0.91,2.09,64041,1,31.35,60.0,1.71,1,139559
3685241,59.06,59.06,59.08,62.09,0,0,27.03,22.38,57.33,0.91,2.09,64041,1,31.37,60.0,1.73,1,140059
3685750,59.06,59.06,59.08,62.09,0,0,27.03,22.38,57.33,0.91,2.09,64041,1,31.37,60.0,1.73,1,140559
3686259,59.07,59.06,59.08,62.09,0,0,26.96,22.37,57.33,0.91,2.09,64041,1,31.35,60.0,1.73,1,141565
3686768,59.12,59.09,59.08,62.09,1,0,27.16,22.39,57.33,0.91,2.09,142065,0,31.35,60.0,1.76,0,0
3687277,59.12,59.11,59.08,62.18,1,0,27.16,22.39,59.11,0.91,2.18,142065,0,31.35,60.0,0.0,0,500
3687786,59.17,59.14,59.08,62.18,1,0,27.01,22.39,59.14,0.91,2.18,142065,0,31.34,60.0,0.0,0,1000
3688294,59.17,59.15,59.08,62.18,1,0,27.01,22.39,59.15,0.91,2.18,142065,0,31.34,60.0,0.0,0,1500
3688803,59.18,59.17,59.08,62.18,1,0,27.18,22.4,59.17,0.91,2.18,142065,0,31.35,60.0,0.0,0,2000
3689312,59.18,59.17,59.08,62.18,1,0,27.18,22.4,59.17,0.91,2.18,142065,0,31.35,60.0,0.0,0,2500
3689821,59.18,59.18,59.08,62.18,1,0,27.18,22.4,59.18,0.91,2.18,142065,0,31.35,60.0,0.0,0,3000
3690330,59.17,59.17,59.08,62.18,1,0,27.01,22.4,59.18,0.91,2.18,142065,0,31.35,60.0,0.0,0,3500
3690839,59.22,59.2,59.08,62.18,1,0,27.16,22.41,59.2,0.91,2.18,142065,0,31.35,60.0,0.0,0,4000
3691348,59.22,59.21,59.08,62.18,1,0,27.16,22.41,59.21,0.91,2.18,142065,0,31.35,60.0,0.0,0,4500
3691857,59.25,59.23,59.08,62.18,1,0,27.07,22.42,59.23,0.91,2.18,142065,0,31.35,60.0,0.0,0,5000
3692366,59.25,59.24,59.08,62.18,1,0,27.07,22.42,59.24,0.91,2.18,142065,0,31.35,60.0,0.0,0,5500
3692875,59.25,59.24,59.08,62.18,1,0,27.07,22.42,59.24,0.91,2.18,142065,0,31.35,60.0,0.0,0,6000
3693384,59.32,59.28,59.08,62.18,1,0,26.89,22.43,59.28,0.91,2.18,142065,0,31.34,60.0,0.0,0,6500
3693893,59.29,59.29,59.08,62.18,1,0,26.83,22.42,59.29,0.91,2.18,142065,0,31.34,60.0,0.0,0,7000
3694402,59.29,59.29,59.08,62.18,1,0,26.83,22.42,59.29,0.91,2.18,142065,0,31.34,60.0,0.0,0,7500
3694911,59.42,59.35,59.08,62.18,1,0,26.72,22.48,59.35,0.91,2.18,142065,0,31.37,60.0,0.0,0,8000
3695420,59.38,59.39,59.08,62.18,1,0,26.49,22.48,59.39,0.91,2.18,142065,0,31.34,60.0,0.0,0,8500
3695929,59.38,59.38,59.08,62.18,1,0,26.49,22.45,59.39,0.91,2.18,142065,0,31.34,60.0,0.0,0,9000
3696438,59.41,59.4,59.08,62.18,1,0,26.4,22.45,59.4,0.91,2.18,142065,0,31.34,60.0,0.0,0,9500
3696947,59.41,59.4,59.08,62.18,1,0,26.4,22.45,59.4,0.91,2.18,142065,0,31.34,60.0,0.0,0,10003
3697456,59.49,59.4,59.08,62.18,1,0,26.12,22.45,59.4,0.91,2.18,142065,0,31.35,60.0,0.0,0,10503
3697965,59.49,59.45,59.08,62.18,1,0,26.12,22.49,59.45,0.91,2.18,142065,0,31.35,60.0,0.0,0,11003
3698474,59.49,59.47,59.08,62.18,1,0,26.12,22.49,59.47,0.91,2.18,142065,0,31.35,60.0,0.0,0,11503
3698983,59.51,59.48,59.08,62.18,1,0,26.05,22.49,59.48,0.91,2.18,142065,0,31.37,60.0,0.0,0,12003
3699492,59.51,59.5,59.08,62.18,1,0,26.05,22.51,59.5,0.91,2.18,142065,0,31.37,60.0,0.0,0,12503
3700001,59.55,59.5,59.08,62.18,1,0,25.76,22.51,59.5,0.91,2.18,142065,0,31.37,60.0,0.0,0,13003
3700510,59.57,59.52,59.08,62.18,1,0,25.76,22.52,59.52,0.91,2.18,142065,0,31.35,60.0,0.0,0,13503
3701019,59.57,59.55,59.08,62.18,1,0,25.76,22.51,59.55,0.91,2.18,142065,0,31.35,60.0,0.0,0,14003
3701528,59.59,59.56,59.08,62.18,1,0,25.7,22.51,59.56,0.91,2.18,142065,0,31.34,60.0,0.0,0,14503
3702037,59.59,59.58,59.08,62.18,1,0,25.7,22.51,59.58,0.91,2.18,142065,0,31.34,60.0,0.0,0,15003
3702546,59.65,59.61,59.08,62.18,1,0,25.21,22.53,59.61,0.91,2.18,142065,0,31.35,60.0,0.0,0,15503
3703055,59.67,59.63,59.08,62.18,1,0,25.34,22.53,59.63,0.91,2.18,142065,0,31.34,60.0,0.0,0,16003
3703564,59.67,59.65,59.08,62.18,1,0,25.34,22.53,59.65,0.91,2.18,142065,0,31.34,60.0,0.0,0,16503
3704073,59.71,59.68,59.08,62.18,1,0,25.1,22.55,59.68,0.91,2.18,142065,0,31.35,60.0,0.0,0,17003
3704582,59.71,59.69,59.08,62.18,1,0,25.1,22.55,59.69,0.91,2.18,142065,0,31.35,60.0,0.0,0,17503
3705091,59.75,59.72,59.08,62.18,1,0,25.5,22.56,59.72,0.91,2.18,142065,0,31.35,60.0,0.0,0,18017
3705600,59.75,59.73,59.08,62.18,1,0,25.5,22.56,59.73,0.91,2.18,142065,0,31.35,60.0,0.0,0,18517
3706109,59.76,59.75,59.08,62.18,1,0,25.21,22.56,59.75,0.91,2.18,142065,0,31.35,60.0,0.0,0,19017
3706618,59.79,59.77,59.08,62.18,1,0,24.73,22.58,59.77,0.91,2.18,142065,0,31.37,60.0,0.0,0,19517
3707127,59.79,59.78,59.08,62.18,1,0,24.73,22.58,59.78,0.91,2.18,142065,0,31.37,60.0,0.0,0,20017
3707637,59.86,59.78,59.08,62.18,1,0,24.42,22.58,59.78,0.91,2.18,142065,0,31.35,60.0,0.0,0,20517
3708146,59.86,59.82,59.08,62.18,1,0,24.42,22.59,59.82,0.91,2.18,142065,0,31.35,60.0,0.0,0,21017
3708655,59.83,59.84,59.08,62.18,1,0,24.2,22.59,59.84,0.91,2.18,142065,0,31.32,60.0,0.0,0,21517
3709164,59.83,59.83,59.08,62.18,1,0,24.2,22.55,59.84,0.91,2.18,142065,0,31.32,60.0,0.0,0,22017
3709673,59.83,59.83,59.08,62.18,1,0,24.2,22.55,59.84,0.91,2.18,142065,0,31.32,60.0,0.0,0,22517
3710182,59.9,59.87,59.08,62.18,1,0,24.03,22.59,59.87,0.91,2.18,142065,0,31.34,60.0,0.0,0,23017
3710691,59.9,59.89,59.08,62.18,1,0,24.03,22.59,59.89,0.91,2.18,142065,0,31.34,60.0,0.0,0,23517
3711200,59.9,59.9,59.08,62.18,1,0,24.03,22.59,59.9,0.91,2.18,142065,0,31.34,60.0,0.0,0,24020
3711709,59.92,59.9,59.08,62.18,1,0,23.7,22.59,59.9,0.91,2.18,142065,0,31.35,60.0,0.0,0,24520
3712218,59.92,59.91,59.08,62.18,1,0,23.7,22.61,59.91,0.91,2.18,142065,0,31.35,60.0,0.0,0,25020
3712727,60.0,59.95,59.08,62.18,1,0,23.63,22.63,59.95,0.91,2.18,142065,0,31.35,60.0,0.0,0,25520
3713236,60.01,59.97,59.08,62.18,1,0,23.44,22.63,59.97,0.91,2.18,142065,0,31.35,60.0,0.0,0,26020
3713745,60.01,59.99,59.08,62.18,1,0,23.44,22.63,59.99,0.91,2.18,142065,0,31.35,60.0,0.0,0,26520
3714254,60.04,60.0,59.08,62.18,1,0,23.33,22.63,60.0,0.91,2.18,142065,0,31.38,60.0,0.0,0,27020
3714763,60.04,60.02,59.08,62.18,1,0,23.33,22.67,60.02,0.91,2.18,142065,0,31.38,60.0,0.0,0,27520
3715272,60.04,60.03,59.08,62.18,1,0,23.33,22.67,60.03,0.91,2.18,142065,0,31.38,60.0,0.0,0,28020
3715781,60.05,60.04,59.08,62.18,1,0,22.81,22.64,60.04,0.91,2.18,142065,0,31.35,60.0,0.0,0,29022
3716290,60.13,60.09,59.08,62.18,1,0,23.09,22.65,60.09,0.91,2.18,142065,0,31.34,60.0,0.0,0,29522
3716799,60.13,60.11,59.08,62.18,1,0,23.09,22.65,60.11,0.91,2.18,142065,0,31.34,60.0,0.0,0,30022
3717308,60.12,60.11,59.08,62.18,1,0,22.76,22.66,60.11,0.91,2.18,142065,0,31.35,60.0,0.0,0,30522
3717817,60.12,60.12,59.08,62.18,1,0,22.76,22.66,60.12,0.91,2.18,142065,0,31.35,60.0,0.0,0,31022
3718326,60.11,60.11,59.08,62.18,1,0,22.59,22.66,60.12,0.91,2.18,142065,0,31.35,60.0,0.0,0,31522
3718835,60.11,60.11,59.08,62.18,1,0,22.59,22.66,60.12,0.91,2.18,142065,0,31.35,60.0,0.0,0,32022
3719344,60.17,60.14,59.08,62.18,1,0,22.5,22.68,60.14,0.91,2.18,142065,0,31.35,60.0,0.0,0,32522
3719853,60.21,60.16,59.08,62.18,1,0,22.31,22.68,60.16,0.91,2.18,142065,0,31.37,60.0,0.0,0,33022
3720362,60.21,60.18,59.08,62.18,1,0,22.31,22.7,60.18,0.91,2.18,142065,0,31.37,60.0,0.0,0,33522
3720871,60.21,60.2,59.08,62.18,1,0,22.31,22.7,60.2,0.91,2.18,142065,0,31.37,60.0,0.0,0,34022
3721380,60.2,60.2,59.08,62.18,1,0,22.18,22.7,60.2,0.91,2.18,142065,0,31.37,60.0,0.0,0,34522
3721889,60.2,60.2,59.08,62.18,1,0,22.18,22.7,60.2,0.91,2.18,142065,0,31.37,60.0,0.0,0,35022
3722410,60.28,60.2,59.08,62.18,1,0,22.52,22.7,60.2,0.91,2.18,142065,0,31.38,60.0,0.0,0,35522
3722919,60.28,60.24,59.08,62.18,1,0,22.52,22.73,60.24,0.91,2.18,142065,0,31.38,60.0,0.0,0,36022
3723428,60.28,60.26,59.08,62.18,1,0,22.52,22.73,60.26,0.91,2.18,142065,0,31.38,60.0,0.0,0,36522
3723937,60.27,60.26,59.08,62.18,1,0,21.77,22.72,60.26,0.91,2.18,142065,0,31.37,60.0,0.0,0,37022
3724446,60.29,60.27,59.08,62.18,1,0,21.53,22.72,60.27,0.91,2.18,142065,0,31.34,60.0,0.0,0,37522
3724955,60.29,60.28,59.08,62.18,1,0,21.53,22.7,60.28,0.91,2.18,142065,0,31.34,60.0,0.0,0,38022
3725468,60.33,60.29,59.08,62.18,1,0,21.4,22.7,60.29,0.91,2.18,142065,0,31.35,60.0,0.0,0,38522
3725977,60.33,60.31,59.08,62.18,1,0,21.4,22.72,60.31,0.91,2.18,142065,0,31.35,60.0,0.0,0,39022
3726486,60.36,60.32,59.08,62.18,1,0,21.4,22.72,60.32,0.91,2.18,142065,0,31.37,60.0,0.0,0,39522
3726995,60.36,60.34,59.08,62.18,1,0,21.4,22.74,60.34,0.91,2.18,142065,0,31.37,60.0,0.0,0,40022
3727504,60.38,60.36,59.08,62.18,1,0,21.22,22.73,60.36,0.91,2.18,142065,0,31.35,60.0,0.0,0,40522
3728013,60.4,60.37,59.08,62.18,1,0,21.14,22.73,60.37,0.91,2.18,142065,0,31.32,60.0,0.0,0,41022
3728522,60.4,60.39,59.08,62.18,1,0,21.14,22.71,60.39,0.91,2.18,142065,0,31.32,60.0,0.0,0,41522
3729031,60.46,60.42,59.08,62.18,1,0,20.99,22.76,60.42,0.91,2.18,142065,0,31.35,60.0,0.0,0,42022
3729540,60.48,60.45,59.08,62.18,1,0,21.07,22.76,60.45,0.91,2.18,142065,0,31.35,60.0,0.0,0,42522
3730049,60.48,60.47,59.08,62.18,1,0,21.07,22.76,60.47,0.91,2.18,142065,0,31.35,60.0,0.0,0,43022
3730558,60.48,60.48,59.08,62.18,1,0,21.07,22.76,60.48,0.91,2.18,142065,0,31.35,60.0,0.0,0,43522
3731067,60.57,60.48,59.08,62.18,1,0,20.64,22.76,60.48,0.91,2.18,142065,0,31.34,60.0,0.0,0,44022
3731576,60.57,60.52,59.08,62.18,1,0,20.64,22.77,60.52,0.91,2.18,142065,0,31.34,60.0,0.0,0,44522
3732085,60.55,60.54,59.08,62.18,1,0,20.71,22.81,60.54,0.91,2.18,142065,0,31.38,60.0,0.0,0,45022
3732594,60.61,60.54,59.08,62.18,1,0,20.51,22.81,60.54,0.91,2.18,142065,0,31.35,60.0,0.0,0,45522
3733103,60.65,60.58,59.08,62.18,1,0,20.32,22.8,60.58,0.91,2.18,142065,0,31.35,60.0,0.0,0,46022
3733612,60.65,60.61,59.08,62.18,1,0,20.32,22.81,60.61,0.91,2.18,142065,0,31.35,60.0,0.0,0,46522
3734121,60.65,60.63,59.08,62.18,1,0,20.32,22.81,60.63,0.91,2.18,142065,0,31.35,60.0,0.0,0,47022
3734630,60.65,60.64,59.08,62.18,1,0,20.32,22.81,60.64,0.91,2.18,142065,0,31.35,60.0,0.0,0,47522
3735139,60.65,60.64,59.08,62.18,1,0,20.32,22.81,60.64,0.91,2.18,142065,0,31.35,60.0,0.0,0,48022
3735648,60.65,60.64,59.08,62.18,1,0,20.32,22.81,60.64,0.91,2.18,142065,0,31.35,60.0,0.0,0,48522
3736157,60.73,60.69,59.08,62.18,1,0,20.17,22.85,60.69,0.91,2.18,142065,0,31.38,60.0,0.0,0,49022
3736666,60.73,60.71,59.08,62.18,1,0,20.17,22.85,60.71,0.91,2.18,142065,0,31.38,60.0,0.0,0,49522
3737175,60.73,60.72,59.08,62.18,1,0,20.17,22.85,60.72,0.91,2.18,142065,0,31.38,60.0,0.0,0,50022
3737684,60.73,60.72,59.08,62.18,1,0,20.17,22.85,60.72,0.91,2.18,142065,0,31.38,60.0,0.0,0,50522
3738193,60.85,60.72,59.08,62.18,1,0,19.44,22.85,60.72,0.91,2.18,142065,0,31.37,60.0,0.0,0,51022
3738702,60.85,60.79,59.08,62.18,1,0,19.44,22.87,60.79,0.91,2.18,142065,0,31.37,60.0,0.0,0,51522
3739211,60.86,60.82,59.08,62.18,1,0,20.19,22.87,60.82,0.91,2.18,142065,0,31.37,60.0,0.0,0,52022
3739720,60.86,60.84,59.08,62.18,1,0,20.19,22.88,60.84,0.91,2.18,142065,0,31.37,60.0,0.0,0,52522
3740229,60.93,60.85,59.08,62.18,1,0,19.54,22.88,60.85,0.91,2.18,142065,0,31.35,60.0,0.0,0,53022
3740745,60.91,60.89,59.08,62.18,1,0,19.39,22.89,60.89,0.91,2.18,142065,0,31.34,60.0,0.0,0,53522
3741254,60.91,60.9,59.08,62.18,1,0,19.39,22.87,60.9,0.91,2.18,142065,0,31.34,60.0,0.0,0,54022
3741763,60.96,60.9,59.08,62.18,1,0,19.39,22.87,60.9,0.91,2.18,142065,0,31.37,60.0,0.0,0,54522
3742272,60.96,60.93,59.08,62.18,1,0,19.39,22.9,60.93,0.91,2.18,142065,0,31.37,60.0,0.0,0,55022
3742781,60.98,60.96,59.08,62.18,1,0,18.38,22.92,60.96,0.91,2.18,142065,0,31.38,60.0,0.0,0,56022
3743290,61.0,60.98,59.08,62.18,1,0,19.26,22.9,60.98,0.91,2.18,142065,0,31.35,60.0,0.0,0,56522
3743799,61.0,60.99,59.08,62.18,1,0,18.98,22.9,60.99,0.91,2.18,142065,0,31.35,60.0,0.0,0,57022
3744321,61.0,60.99,59.08,62.18,1,0,19.03,22.9,60.99,0.91,2.18,142065,0,31.35,60.0,0.0,0,57522
3744830,61.0,60.99,59.08,62.18,1,0,19.03,22.9,60.99,0.91,2.18,142065,0,31.35,60.0,0.0,0,58022
3745339,61.02,60.99,59.08,62.18,1,0,18.94,22.9,60.99,0.91,2.18,142065,0,31.37,60.0,0.0,0,58522
3745848,61.02,61.01,59.08,62.18,1,0,18.94,22.92,61.01,0.91,2.18,142065,0,31.37,60.0,0.0,0,59022
3746357,61.04,61.03,59.08,62.18,1,1,18.9,22.9,61.03,0.91,2.18,142065,0,31.34,60.0,0.0,1,59522
3746866,61.04,61.04,59.08,62.18,1,1,18.9,22.9,61.04,0.91,2.18,142065,0,31.34,60.0,0.0,1,60022
3747375,61.04,61.04,59.08,62.18,1,1,18.9,22.9,61.04,0.91,2.18,142065,0,31.34,60.0,0.0,1,60522
3747884,61.11,61.08,59.08,62.18,1,1,18.64,22.93,61.08,0.91,2.18,142065,0,31.35,60.0,0.0,1,61022
3748393,61.11,61.09,59.08,62.18,1,1,18.64,22.93,61.09,0.91,2.18,142065,0,31.35,60.0,0.0,1,61522
3748902,61.09,61.09,59.08,62.18,1,1,18.88,22.93,61.09,0.91,2.18,142065,0,31.35,60.0,0.0,1,62022
3749411,61.09,61.09,59.08,62.18,1,1,18.88,22.93,61.09,0.91,2.18,142065,0,31.35,60.0,0.0,1,62522
3749920,61.09,61.09,59.08,62.18,1,1,18.88,22.93,61.09,0.91,2.18,142065,0,31.35,60.0,0.0,1,63022
3750429,61.09,61.09,59.08,62.18,1,1,18.88,22.93,61.09,0.91,2.18,142065,0,31.35,60.0,0.0,1,63522
3750938,61.09,61.09,59.08,62.18,1,1,18.88,22.93,61.09,0.91,2.18,142065,0,31.35,60.0,0.0,1,64023
3751447,60.67,60.88,59.08,62.18,0,1,18.85,22.81,61.09,0.91,2.18,64525,0,31.35,60.0,0.21,1,0
3751956,60.67,60.77,59.06,62.18,0,1,18.85,22.81,60.77,0.93,2.18,64525,0,31.35,60.0,0.0,1,500
3752464,60.67,60.72,59.06,62.18,0,1,18.85,22.81,60.72,0.93,2.18,64525,0,31.35,60.0,0.0,1,1000
3752973,60.67,60.7,59.06,62.18,0,1,18.85,22.81,60.7,0.93,2.18,64525,0,31.35,60.0,0.0,1,1500
3753482,59.83,60.68,59.06,62.18,0,1,19.41,22.81,60.68,0.93,2.18,64525,0,31.32,60.0,0.0,1,2000
3753991,59.83,60.26,59.06,62.18,0,0,19.41,22.55,60.26,0.93,2.18,64525,0,31.32,60.0,0.0,1,2500
3754500,59.83,60.04,59.06,62.18,0,0,19.41,22.55,60.04,0.93,2.18,64525,0,31.32,60.0,0.0,1,3000
3755009,59.25,59.93,59.06,62.18,0,0,20.06,22.55,59.93,0.93,2.18,64525,0,31.31,60.0,0.0,1,3500
3755518,59.25,59.59,59.06,62.18,0,0,20.06,22.38,59.59,0.93,2.18,64525,0,31.31,60.0,0.0,1,4000
3756027,58.81,59.42,59.06,62.18,0,0,19.22,22.38,59.42,0.93,2.18,64525,0,31.3,60.0,0.0,1,4500
3756536,58.57,59.12,59.06,62.18,0,0,19.11,22.25,59.12,0.93,2.18,64525,0,31.28,60.0,0.0,1,5000
3757045,58.57,58.84,59.06,62.18,0,0,19.11,22.17,58.84,0.93,2.18,64525,0,31.28,60.0,0.0,1,5500
3757554,58.39,58.62,59.06,62.18,0,0,18.96,22.12,58.62,0.93,2.18,64525,0,31.28,60.0,0.0,1,6000
3758063,58.18,58.51,59.06,62.18,0,0,18.94,22.12,58.51,0.93,2.18,64525,0,31.3,60.0,0.0,1,6500
3758572,58.05,58.35,59.06,62.18,0,0,18.92,22.07,58.35,0.93,2.18,64525,0,31.27,60.0,0.0,1,7000
3759081,58.05,58.2,59.06,62.18,0,0,18.92,22.01,58.2,0.93,2.18,64525,0,31.27,60.0,0.0,1,7500
3759590,57.96,58.13,59.06,62.18,0,0,18.85,22.01,58.13,0.93,2.18,64525,0,31.28,60.0,0.0,1,8000
3760099,57.96,58.04,59.06,62.18,0,0,18.85,22.0,58.04,0.93,2.18,64525,0,31.28,60.0,0.0,1,8500
3760608,57.84,58.0,59.06,62.18,0,0,19.0,22.0,58.0,0.93,2.18,64525,0,31.27,60.0,0.0,1,9000
3761117,57.84,57.92,59.06,62.18,0,0,19.0,21.95,57.92,0.93,2.18,64525,0,31.27,60.0,0.0,1,9500
3761626,57.81,57.88,59.06,62.18,0,0,18.85,21.95,57.88,0.93,2.18,64525,0,31.24,60.0,0.0,1,10000
3762135,57.81,57.85,59.06,62.18,0,0,18.85,21.91,57.85,0.93,2.18,64525,0,31.24,60.0,0.0,1,10500
3762644,57.78,57.81,59.06,62.18,0,0,18.92,21.92,57.81,0.93,2.18,64525,0,31.25,60.0,0.0,1,11000
3763153,57.78,57.79,59.06,62.18,0,0,18.92,21.92,57.79,0.93,2.18,64525,0,31.25,60.0,0.0,1,11500
3763662,57.78,57.79,59.06,62.18,0,0,19.0,21.93,57.79,0.93,2.18,64525,0,31.27,60.0,0.0,1,12000
3764171,57.78,57.78,59.06,62.18,0,0,19.0,21.93,57.78,0.93,2.18,64525,0,31.27,60.0,0.0,1,12500
3764680,57.78,57.78,59.06,62.18,0,0,19.0,21.93,57.78,0.93,2.18,64525,0,31.27,60.0,0.0,1,13000
3765189,57.81,57.78,59.06,62.18,0,0,19.03,21.93,57.78,0.93,2.18,64525,0,31.28,60.0,0.0,1,13500
3765698,57.81,57.79,59.06,62.18,0,0,19.11,21.95,57.78,0.93,2.18,64525,0,31.3,60.0,0.01,1,14000
3766207,57.81,57.8,59.06,62.18,0,0,19.11,21.97,57.78,0.93,2.18,64525,0,31.3,60.0,0.02,1,14500
3766716,57.81,57.8,59.06,62.18,0,0,19.13,21.97,57.78,0.93,2.18,64525,0,31.28,60.0,0.02,1,15000
3767225,57.81,57.81,59.06,62.18,0,0,19.13,21.95,57.78,0.93,2.18,64525,0,31.28,60.0,0.02,1,15500
3767734,57.83,57.81,59.06,62.18,0,0,19.61,21.95,57.78,0.93,2.18,64525,0,31.25,60.0,0.02,1,16000
3768243,57.83,57.82,59.06,62.18,0,0,19.61,21.93,57.78,0.93,2.18,64525,0,31.25,60.0,0.03,1,16500
3768752,57.88,57.82,59.06,62.18,0,0,19.33,21.93,57.78,0.93,2.18,64525,0,31.3,60.0,0.04,1,17000
3769261,57.88,57.85,59.06,62.18,0,0,19.33,21.99,57.78,0.93,2.18,64525,0,31.3,60.0,0.07,1,17500
3769770,57.87,57.87,59.06,62.18,0,0,19.48,21.99,57.78,0.93,2.18,64525,0,31.28,60.0,0.08,1,18000
3770279,57.87,57.87,59.06,62.18,0,0,19.48,21.97,57.78,0.93,2.18,64525,0,31.28,60.0,0.08,1,18500
3770788,57.87,57.87,59.06,62.18,0,0,19.54,21.97,57.78,0.93,2.18,64525,0,31.28,60.0,0.08,1,19504
3771297,57.87,57.87,59.06,62.18,0,0,19.54,21.97,57.78,0.93,2.18,64525,0,31.28,60.0,0.08,1,20004
3771806,57.87,57.87,59.06,62.18,0,0,19.54,21.97,57.78,0.93,2.18,64525,0,31.28,60.0,0.08,1,20504
3772315,57.87,57.87,59.06,62.18,0,0,19.54,21.97,57.78,0.93,2.18,64525,0,31.28,60.0,0.08,1,21004
3772824,57.92,57.89,59.06,62.18,0,0,19.69,21.98,57.78,0.93,2.18,64525,0,31.28,60.0,0.11,1,21504
3773333,57.93,57.91,59.06,62.18,0,0,19.84,21.97,57.78,0.93,2.18,64525,0,31.27,60.0,0.13,1,22004
3773842,57.93,57.92,59.06,62.18,0,0,19.84,21.97,57.78,0.93,2.18,64525,0,31.27,60.0,0.14,1,22504
3774351,57.98,57.95,59.06,62.18,0,0,19.89,21.99,57.78,0.93,2.18,64525,1,31.27,60.0,0.17,1,23004
3774860,57.94,57.96,59.06,62.18,0,0,19.95,21.99,57.78,0.93,2.18,64525,1,31.27,60.0,0.18,1,23504
3775369,57.94,57.95,59.06,62.18,0,0,19.95,21.98,57.78,0.93,2.18,64525,1,31.27,60.0,0.17,1,24004
3775878,57.96,57.96,59.06,62.18,0,0,19.97,22.01,57.78,0.93,2.18,64525,1,31.3,60.0,0.17,1,24504
3776387,57.96,57.96,59.06,62.18,0,0,19.97,22.01,57.78,0.93,2.18,64525,1,31.3,60.0,0.17,1,25004
3776896,57.98,57.97,59.06,62.18,0,0,20.25,22.0,57.78,0.93,2.18,64525,1,31.28,60.0,0.18,1,25504
3777405,57.98,57.97,59.06,62.18,0,0,20.25,22.0,57.78,0.93,2.18,64525,1,31.28,60.0,0.19,1,26004
3777914,57.98,57.98,59.06,62.18,0,0,20.32,22.02,57.78,0.93,2.18,64525,1,31.3,60.0,0.19,1,26504
3778423,58.01,57.98,59.06,62.18,0,0,20.49,22.02,57.78,0.93,2.18,64525,1,31.3,60.0,0.2,1,27004
3778932,58.01,58.0,59.06,62.18,0,0,20.49,22.02,57.78,0.93,2.18,64525,1,31.3,60.0,0.21,1,27504
3779441,58.06,58.0,59.06,62.18,0,0,20.51,22.02,57.78,0.93,2.18,64525,1,31.28,60.0,0.22,1,28004
3779950,58.06,58.03,59.06,62.18,0,0,20.51,22.02,57.78,0.93,2.18,64525,1,31.28,60.0,0.25,1,28504
3780459,58.06,58.04,59.06,62.18,0,0,20.51,22.02,57.78,0.93,2.18,64525,1,31.28,60.0,0.26,1,29004
3780968,58.07,58.05,59.06,62.18,0,0,20.53,22.01,57.78,0.93,2.18,64525,1,31.27,60.0,0.27,1,29504
3781477,58.08,58.07,59.06,62.18,0,0,20.4,22.03,57.78,0.93,2.18,64525,1,31.28,60.0,0.28,1,30004
3781986,58.08,58.07,59.06,62.18,0,0,20.73,22.03,57.78,0.93,2.18,64525,1,31.28,60.0,0.29,1,30504
3782495,58.08,58.08,59.06,62.18,0,0,20.73,22.03,57.78,0.93,2.18,64525,1,31.28,60.0,0.29,1,31004
3783004,58.15,58.08,59.06,62.18,0,0,20.75,22.03,57.78,0.93,2.18,64525,1,31.3,60.0,0.29,1,31504
3783513,58.15,58.11,59.06,62.18,0,0,20.75,22.06,57.78,0.93,2.18,64525,1,31.3,60.0,0.33,1,32004
3784023,58.09,58.13,59.06,62.18,0,0,21.03,22.06,57.78,0.93,2.18,64525,1,31.28,60.0,0.35,1,32504
3784532,58.09,58.11,59.06,62.18,0,0,21.03,22.03,57.78,0.93,2.18,64525,1,31.28,60.0,0.33,1,33004
3785041,58.09,58.1,59.06,62.18,0,0,21.03,22.03,57.78,0.93,2.18,64525,1,31.28,60.0,0.32,1,33504
3785550,58.19,58.1,59.06,62.18,0,0,21.48,22.03,57.78,0.93,2.18,64525,1,31.31,60.0,0.31,1,34004
3786062,58.19,58.14,59.06,62.18,0,0,21.48,22.08,57.78,0.93,2.18,64525,1,31.31,60.0,0.36,1,34504
3786571,58.17,58.16,59.06,62.18,0,0,21.68,22.08,57.78,0.93,2.18,64525,1,31.3,60.0,0.38,1,35004
3787080,58.17,58.17,59.06,62.18,0,0,21.68,22.07,57.78,0.93,2.18,64525,1,31.3,60.0,0.38,1,35504
3787589,58.23,58.2,59.06,62.18,0,0,21.2,22.09,57.78,0.93,2.18,64525,1,31.3,60.0,0.42,1,36004
3788098,58.13,58.22,59.06,62.18,0,0,21.03,22.09,57.78,0.93,2.18,64525,1,31.3,60.0,0.43,1,36504
3788607,58.13,58.18,59.06,62.18,0,0,21.03,22.06,57.78,0.93,2.18,64525,1,31.3,60.0,0.39,1,37004
3789116,58.13,58.15,59.06,62.18,0,0,21.03,22.06,57.78,0.93,2.18,64525,1,31.3,60.0,0.37,1,37504
3789625,58.18,58.14,59.06,62.18,0,0,21.42,22.06,57.78,0.93,2.18,64525,1,31.28,60.0,0.36,1,38004
3790134,58.18,58.16,59.06,62.18,0,0,21.42,22.06,57.78,0.93,2.18,64525,1,31.28,60.0,0.38,1,38504
3790643,58.18,58.17,59.06,62.18,0,0,21.42,22.06,57.78,0.93,2.18,64525,1,31.28,60.0,0.39,1,39004
3791152,58.17,58.17,59.06,62.18,0,0,21.55,22.07,57.78,0.93,2.18,64525,1,31.3,60.0,0.39,1,39505
3791661,58.21,58.17,59.06,62.18,0,0,21.87,22.07,57.78,0.93,2.18,64525,1,31.3,60.0,0.39,1,40005
3792170,58.21,58.19,59.06,62.18,0,0,21.87,22.08,57.78,0.93,2.18,64525,1,31.3,60.0,0.41,1,40505
3792679,58.19,58.19,59.06,62.18,0,0,21.74,22.06,57.78,0.93,2.18,64525,1,31.28,60.0,0.41,1,41005
3793188,58.19,58.19,59.06,62.18,0,0,21.72,22.06,57.78,0.93,2.18,64525,1,31.3,60.0,0.41,1,41505
3793697,58.19,58.19,59.06,62.18,0,0,21.94,22.08,57.78,0.93,2.18,64525,1,31.28,60.0,0.41,1,42005
3794206,58.2,58.19,59.06,62.18,0,0,22.03,22.06,57.78,0.93,2.18,64525,1,31.31,60.0,0.41,1,42505
3794715,58.2,58.2,59.06,62.18,0,0,22.03,22.09,57.78,0.93,2.18,64525,1,31.31,60.0,0.41,1,43005
3795224,58.21,58.2,59.06,62.18,0,0,21.51,22.09,57.78,0.93,2.18,64525,1,31.3,60.0,0.41,1,43505
3795733,58.2,58.2,59.06,62.18,0,0,22.07,22.08,57.78,0.93,2.18,64525,1,31.31,60.0,0.42,1,44005
3796242,58.2,58.2,59.06,62.18,0,0,22.07,22.09,57.78,0.93,2.18,64525,1,31.31,60.0,0.42,1,44505
3796751,58.2,58.2,59.06,62.18,0,0,22.03,22.09,57.78,0.93,2.18,64525,1,31.31,60.0,0.42,1,45005
3797260,58.2,58.2,59.06,62.18,0,0,22.22,22.09,57.78,0.93,2.18,64525,1,31.31,60.0,0.41,1,45505
3797769,58.2,58.2,59.06,62.18,0,0,22.22,22.09,57.78,0.93,2.18,64525,1,31.31,60.0,0.41,1,46005
3798278,58.24,58.2,59.06,62.18,0,0,22.2,22.09,57.78,0.93,2.18,64525,1,31.32,60.0,0.41,1,46505
3798787,58.24,58.22,59.06,62.18,0,0,22.2,22.11,57.78,0.93,2.18,64525,1,31.32,60.0,0.43,1,47005
3799296,58.21,58.23,59.06,62.18,0,0,22.26,22.11,57.78,0.93,2.18,64525,1,31.28,60.0,0.44,1,47516
3799805,58.22,58.22,59.06,62.18,0,0,22.35,22.07,57.78,0.93,2.18,64525,1,31.28,60.0,0.43,1,48025
3800314,58.22,58.22,59.06,62.18,0,0,22.35,22.07,57.78,0.93,2.18,64525,1,31.28,60.0,0.44,1,48534
3800823,58.25,58.23,59.06,62.18,0,0,22.48,22.09,57.78,0.93,2.18,64525,1,31.3,60.0,0.45,1,49539
3801332,58.25,58.24,59.06,62.18,0,0,22.48,22.09,57.78,0.93,2.18,64525,1,31.3,60.0,0.46,1,50039
3801841,58.25,58.24,59.06,62.18,0,0,22.48,22.09,57.78,0.93,2.18,64525,1,31.3,60.0,0.46,1,50539
3802350,58.26,58.25,59.06,62.18,0,0,22.55,22.09,57.78,0.93,2.18,64525,1,31.3,60.0,0.47,1,51039
3802863,58.3,58.25,59.06,62.18,0,0,22.59,22.09,57.78,0.93,2.18,64525,1,31.31,60.0,0.47,1,51539
3803372,58.3,58.28,59.06,62.18,0,0,22.59,22.12,57.78,0.93,2.18,64525,1,31.31,60.0,0.49,1,52039
3803881,58.26,58.27,59.06,62.18,0,0,22.07,22.11,57.78,0.93,2.18,64525,1,31.31,60.0,0.49,1,52539
3804390,58.27,58.27,59.06,62.18,0,0,22.7,22.11,57.78,0.93,2.18,64525,1,31.31,60.0,0.49,1,53039
3804899,58.27,58.27,59.06,62.18,0,0,22.7,22.11,57.78,0.93,2.18,64525,1,31.31,60.0,0.49,1,53539
3805408,58.27,58.27,59.06,62.18,0,0,22.7,22.11,57.78,0.93,2.18,64525,1,31.31,60.0,0.49,1,54039
3805917,58.29,58.28,59.06,62.18,0,0,22.89,22.11,57.78,0.93,2.18,64525,1,31.31,60.0,0.5,1,54539
3806426,58.29,58.28,59.06,62.18,0,0,22.89,22.11,57.78,0.93,2.18,64525,1,31.31,60.0,0.5,1,55039
3806935,58.29,58.28,59.06,62.18,0,0,22.85,22.11,57.78,0.93,2.18,64525,1,31.31,60.0,0.5,1,55539
3807444,58.29,58.29,59.06,62.18,0,0,22.85,22.11,57.78,0.93,2.18,64525,1,31.31,60.0,0.5,1,56039
3807953,58.3,58.29,59.06,62.18,0,0,23.02,22.11,57.78,0.93,2.18,64525,1,31.31,60.0,0.5,1,56539
3808462,58.3,58.29,59.06,62.18,0,0,23.02,22.12,57.78,0.93,2.18,64525,1,31.31,60.0,0.51,1,57039
3808971,58.29,58.29,59.06,62.18,0,0,23.05,22.13,57.78,0.93,2.18,64525,1,31.32,60.0,0.51,1,57539
3809480,58.33,58.31,59.06,62.18,0,0,23.09,22.12,57.78,0.93,2.18,64525,1,31.31,60.0,0.52,1,58039
3809989,58.31,58.32,59.06,62.18,0,0,23.11,22.12,57.78,0.93,2.18,64525,1,31.3,60.0,0.53,1,58539
3810498,58.31,58.31,59.06,62.18,0,0,23.11,22.11,57.78,0.93,2.18,64525,1,31.3,60.0,0.53,1,59039
3811007,58.31,58.31,59.06,62.18,0,0,23.31,22.12,57.78,0.93,2.18,64525,1,31.31,60.0,0.53,1,59539
3811516,58.26,58.31,59.06,62.18,0,0,23.44,22.12,57.78,0.93,2.18,64525,1,31.31,60.0,0.53,1,60039
3812025,58.26,58.29,59.06,62.18,0,0,23.44,22.11,57.78,0.93,2.18,64525,1,31.31,60.0,0.5,1,60539
3812534,58.33,58.27,59.06,62.18,0,0,23.48,22.11,57.78,0.93,2.18,64525,1,31.35,60.0,0.49,1,61039
3813043,58.33,58.3,59.06,62.18,0,0,23.48,22.17,57.78,0.93,2.18,64525,1,31.35,60.0,0.52,1,61539
3813552,58.33,58.32,59.06,62.18,0,0,23.42,22.17,57.78,0.93,2.18,64525,1,31.3,60.0,0.53,1,62039
3814061,58.33,58.33,59.06,62.18,0,0,23.42,22.11,57.78,0.93,2.18,64525,1,31.3,60.0,0.54,1,62539
3814570,58.31,58.32,59.06,62.18,0,0,23.52,22.13,57.78,0.93,2.18,64525,1,31.32,60.0,0.54,1,63039
3815079,58.33,58.32,59.06,62.18,0,0,23.68,22.13,57.78,0.93,2.18,64525,1,31.31,60.0,0.53,1,63539
3815588,58.33,58.32,59.06,62.18,0,0,23.68,22.12,57.78,0.93,2.18,64525,1,31.31,60.0,0.54,1,64039
3816097,58.33,58.33,59.06,62.18,0,0,23.5,22.15,57.78,0.93,2.18,64525,1,31.34,60.0,0.54,1,64539
3816606,58.33,58.33,59.06,62.18,0,0,23.5,22.15,57.78,0.93,2.18,64525,1,31.34,60.0,0.54,1,65041
3817115,58.37,58.33,59.06,62.18,0,0,23.7,22.15,57.78,0.93,2.18,64525,1,31.31,60.0,0.55,1,65541
3817624,58.37,58.35,59.06,62.18,0,0,23.7,22.14,57.78,0.93,2.18,64525,1,31.31,60.0,0.57,1,66041
3818133,58.33,58.36,59.06,62.18,0,0,23.76,22.14,57.78,0.93,2.18,64525,1,31.32,60.0,0.58,1,66541
3818642,58.33,58.34,59.06,62.18,0,0,23.76,22.14,57.78,0.93,2.18,64525,1,31.32,60.0,0.56,1,67041
3819151,58.35,58.34,59.06,62.18,0,0,23.22,22.14,57.78,0.93,2.18,64525,1,31.32,60.0,0.55,1,67541
3819660,58.35,58.34,59.06,62.18,0,0,23.22,22.14,57.78,0.93,2.18,64525,1,31.32,60.0,0.56,1,68041
3820169,58.35,58.35,59.06,62.18,0,0,23.22,22.14,57.78,0.93,2.18,64525,1,31.32,60.0,0.56,1,68541
3820678,58.35,58.35,59.06,62.18,0,0,23.22,22.14,57.78,0.93,2.18,64525,1,31.32,60.0,0.56,1,69041
3821187,58.35,58.35,59.06,62.18,0,0,23.22,22.14,57.78,0.93,2.18,64525,1,31.32,60.0,0.57,1,69541
3821696,58.35,58.35,59.06,62.18,0,0,23.22,22.14,57.78,0.93,2.18,64525,1,31.32,60.0,0.57,1,70041
3822205,58.37,58.35,59.06,62.18,0,0,24.0,22.14,57.78,0.93,2.18,64525,1,31.31,60.0,0.57,1,70541
3822714,58.37,58.36,59.06,62.18,0,0,24.0,22.14,57.78,0.93,2.18,64525,1,31.31,60.0,0.58,1,71041
3823223,58.37,58.37,59.06,62.18,0,0,24.0,22.14,57.78,0.93,2.18,64525,1,31.31,60.0,0.58,1,71541
3823732,58.39,58.37,59.06,62.18,0,0,24.51,22.14,57.78,0.93,2.18,64525,1,31.34,60.0,0.59,1,72041
3824241,58.39,58.38,59.06,62.18,0,0,24.51,22.17,57.78,0.93,2.18,64525,1,31.34,60.0,0.6,1,72541
3824750,58.39,58.39,59.06,62.18,0,0,24.51,22.17,57.78,0.93,2.18,64525,1,31.34,60.0,0.6,1,73041
3825259,58.39,58.39,59.06,62.18,0,0,24.51,22.17,57.78,0.93,2.18,64525,1,31.34,60.0,0.6,1,73541
3825768,58.37,58.39,59.06,62.18,0,0,24.11,22.17,57.78,0.93,2.18,64525,1,31.34,60.0,0.61,1,74045
3826277,58.37,58.38,59.06,62.18,0,0,24.11,22.16,57.78,0.93,2.18,64525,1,31.34,60.0,0.59,1,74546
3826786,58.39,58.38,59.06,62.18,0,0,24.31,22.15,57.78,0.93,2.18,64525,1,31.32,60.0,0.6,1,75047
3827310,58.39,58.38,59.06,62.18,0,0,23.79,22.15,57.78,0.93,2.18,64525,1,31.32,60.0,0.6,1,75547
3827819,58.39,58.39,59.06,62.18,0,0,23.79,22.15,57.78,0.93,2.18,64525,1,31.32,60.0,0.6,1,76047
3828328,58.39,58.39,59.06,62.18,0,0,23.79,22.15,57.78,0.93,2.18,64525,1,31.32,60.0,0.6,1,76547
3828837,58.4,58.39,59.06,62.18,0,0,24.29,22.17,57.78,0.93,2.18,64525,1,31.34,60.0,0.61,1,77553
3829346,58.4,58.4,59.06,62.18,0,0,24.64,22.16,57.78,0.93,2.18,64525,1,31.32,60.0,0.61,1,78053
3829855,58.4,58.4,59.06,62.18,0,0,24.64,22.16,57.78,0.93,2.18,64525,1,31.32,60.0,0.62,1,78553
3830364,58.41,58.41,59.06,62.18,0,0,24.29,22.16,57.78,0.93,2.18,64525,1,31.32,60.0,0.62,1,79053
3830873,58.41,58.41,59.06,62.18,0,0,24.29,22.16,57.78,0.93,2.18,64525,1,31.32,60.0,0.63,1,79553
3831382,58.41,58.41,59.06,62.18,0,0,24.29,22.16,57.78,0.93,2.18,64525,1,31.32,60.0,0.63,1,80053
3831891,58.41,58.41,59.06,62.18,0,0,24.49,22.16,57.78,0.93,2.18,64525,1,31.32,60.0,0.63,1,80553
3832400,58.41,58.41,59.06,62.18,0,0,24.49,22.16,57.78,0.93,2.18,64525,1,31.32,60.0,0.63,1,81053
3832909,58.37,58.39,59.06,62.18,0,0,24.51,22.16,57.78,0.93,2.18,64525,1,31.34,60.0,0.61,1,81553
3833418,58.43,58.41,59.06,62.18,0,0,24.84,22.17,57.78,0.93,2.18,64525,1,31.32,60.0,0.62,1,82053
3833927,58.38,58.42,59.06,62.18,0,0,24.62,22.17,57.78,0.93,2.18,64525,1,31.32,60.0,0.63,1,82553
3834436,58.38,58.4,59.06,62.18,0,0,24.62,22.15,57.78,0.93,2.18,64525,1,31.32,60.0,0.61,1,83053
3834945,58.38,58.39,59.06,62.18,0,0,24.62,22.15,57.78,0.93,2.18,64525,1,31.32,60.0,0.6,1,83553
3835454,58.43,58.41,59.06,62.18,0,0,24.68,22.17,57.78,0.93,2.18,64525,1,31.32,60.0,0.62,1,84053
3835963,58.43,58.42,59.06,62.18,0,0,24.68,22.17,57.78,0.93,2.18,64525,1,31.32,60.0,0.63,1,84553
3836472,58.43,58.42,59.06,62.18,0,0,24.68,22.17,57.78,0.93,2.18,64525,1,31.32,60.0,0.64,1,85053
3836981,58.43,58.42,59.06,62.18,0,0,24.68,22.17,57.78,0.93,2.18,64525,1,31.32,60.0,0.64,1,85553
3837490,58.48,58.45,59.06,62.18,0,0,24.95,22.18,57.78,0.93,2.18,64525,1,31.32,60.0,0.67,1,86053
3837999,58.48,58.46,59.06,62.18,0,0,24.95,22.18,57.78,0.93,2.18,64525,1,31.32,60.0,0.68,1,86553
3838508,58.44,58.45,59.06,62.18,0,0,24.79,22.17,57.78,0.93,2.18,64525,1,31.32,60.0,0.67,1,87053
3839019,58.44,58.45,59.06,62.18,0,0,24.79,22.17,57.78,0.93,2.18,64525,1,31.32,60.0,0.66,1,87553
3839529,58.42,58.43,59.06,62.18,0,0,25.5,22.18,57.78,0.93,2.18,64525,1,31.34,60.0,0.65,1,88053
3840038,58.42,58.42,59.06,62.18,0,0,25.5,22.18,57.78,0.93,2.18,64525,1,31.34,60.0,0.64,1,88553
3840547,58.5,58.46,59.06,62.18,0,0,24.97,22.19,57.78,0.93,2.18,64525,1,31.32,60.0,0.68,1,89053
3841056,58.43,58.44,59.06,62.18,0,0,25.01,22.17,57.78,0.93,2.18,64525,1,31.32,60.0,0.66,1,89553
3841565,58.43,58.44,59.06,62.18,0,0,25.01,22.17,57.78,0.93,2.18,64525,1,31.32,60.0,0.65,1,90053
3842074,58.39,58.41,59.06,62.18,0,0,25.7,22.17,57.78,0.93,2.18,64525,1,31.34,60.0,0.63,1,90553
3842583,58.39,58.4,59.06,62.18,0,0,25.7,22.17,57.78,0.93,2.18,64525,1,31.34,60.0,0.62,1,91053
3843092,58.39,58.4,59.06,62.18,0,0,25.7,22.17,57.78,0.93,2.18,64525,1,31.34,60.0,0.61,1,91553
3843601,58.46,58.43,59.06,62.18,0,0,25.28,22.16,57.78,0.93,2.18,64525,1,31.31,60.0,0.64,1,92053
3844110,58.46,58.44,59.06,62.18,0,0,25.12,22.16,57.78,0.93,2.18,64525,1,31.32,60.0,0.66,1,92553
3844619,58.46,58.45,59.06,62.18,0,0,25.12,22.18,57.78,0.93,2.18,64525,1,31.32,60.0,0.67,1,93053
3845128,58.46,58.46,59.06,62.18,0,0,25.32,22.18,57.78,0.93,2.18,64525,1,31.32,60.0,0.67,1,93553
3845637,58.46,58.46,59.06,62.18,0,0,25.43,22.18,57.78,0.93,2.18,64525,1,31.32,60.0,0.68,1,94053
3846146,58.46,58.46,59.06,62.18,0,0,25.19,22.18,57.78,0.93,2.18,64525,1,31.32,60.0,0.68,1,94553
3846655,58.46,58.46,59.06,62.18,0,0,25.19,22.18,57.78,0.93,2.18,64525,1,31.32,60.0,0.68,1,95053
3847164,58.48,58.47,59.06,62.18,0,0,24.68,22.18,57.78,0.93,2.18,64525,1,31.32,60.0,0.69,1,95553
3847673,58.5,58.47,59.06,62.18,0,0,25.45,22.18,57.78,0.93,2.18,64525,1,31.34,60.0,0.69,1,96053
3848182,58.45,58.49,59.06,62.18,0,0,25.36,22.2,57.78,0.93,2.18,64525,1,31.34,60.0,0.7,1,96553
3848691,58.45,58.47,59.06,62.18,0,0,25.36,22.19,57.78,0.93,2.18,64525,1,31.34,60.0,0.69,1,97054
3849200,58.48,58.47,59.06,62.18,0,0,25.23,22.19,57.78,0.93,2.18,64525,1,31.34,60.0,0.69,1,97555
3849709,58.53,58.48,59.06,62.18,0,0,25.52,22.19,57.78,0.93,2.18,64525,1,31.35,60.0,0.69,1,98055
3850218,58.53,58.5,59.06,62.18,0,0,25.52,22.22,57.78,0.93,2.18,64525,1,31.35,60.0,0.72,1,98555
3850727,58.53,58.52,59.06,62.18,0,0,25.52,22.22,57.78,0.93,2.18,64525,1,31.35,60.0,0.73,1,99055
3851236,58.53,58.52,59.06,62.18,0,0,25.52,22.22,57.78,0.93,2.18,64525,1,31.35,60.0,0.74,1,99555
3851745,58.52,58.52,59.06,62.18,0,0,25.76,22.21,57.78,0.93,2.18,64525,1,31.34,60.0,0.74,1,100055
3852254,58.52,58.52,59.06,62.18,0,0,25.56,22.21,57.78,0.93,2.18,64525,1,31.34,60.0,0.74,1,100555
3852763,58.52,58.52,59.06,62.18,0,0,25.56,22.21,57.78,0.93,2.18,64525,1,31.34,60.0,0.73,1,101055
3853272,58.52,58.52,59.06,62.18,0,0,25.56,22.21,57.78,0.93,2.18,64525,1,31.34,60.0,0.73,1,101555
3853781,58.54,58.53,59.06,62.18,0,0,25.63,22.2,57.78,0.93,2.18,64525,1,31.32,60.0,0.74,1,102067
3854290,58.51,58.53,59.06,62.18,0,0,25.61,22.2,57.78,0.93,2.18,64525,1,31.32,60.0,0.75,1,102567
3854799,58.56,58.52,59.06,62.18,0,0,25.72,22.19,57.78,0.93,2.18,64525,1,31.32,60.0,0.74,1,103067
3855308,58.54,58.54,59.06,62.18,0,0,25.65,22.2,57.78,0.93,2.18,64525,1,31.32,60.0,0.76,1,103567
3855817,58.59,58.54,59.06,62.18,0,0,25.67,22.2,57.78,0.93,2.18,64525,1,31.34,60.0,0.76,1,104067
3856328,58.59,58.57,59.06,62.18,0,0,25.67,22.23,57.78,0.93,2.18,64525,1,31.34,60.0,0.78,1,104567
3856837,58.58,58.58,59.06,62.18,0,0,25.81,22.23,57.78,0.93,2.18,64525,1,31.34,60.0,0.79,1,105067
3857346,58.58,58.58,59.06,62.18,0,0,25.81,22.22,57.78,0.93,2.18,64525,1,31.34,60.0,0.79,1,105567
3857855,58.58,58.58,59.06,62.18,0,0,25.89,22.22,57.78,0.93,2.18,64525,1,31.34,60.0,0.8,1,106571
3858364,58.63,58.6,59.06,62.18,0,0,25.87,22.24,57.78,0.93,2.18,64525,1,31.34,60.0,0.82,1,107071
3858873,58.59,58.6,59.06,62.18,0,0,25.76,22.24,57.78,0.93,2.18,64525,1,31.35,60.0,0.81,1,107571
3859382,58.59,58.6,59.06,62.18,0,0,25.76,22.24,57.78,0.93,2.18,64525,1,31.35,60.0,0.81,1,108071
3859891,58.63,58.61,59.06,62.18,0,0,25.92,22.22,57.78,0.93,2.18,64525,1,31.32,60.0,0.83,1,108571
3860400,58.63,58.62,59.06,62.18,0,0,25.92,22.22,57.78,0.93,2.18,64525,1,31.32,60.0,0.84,1,109071
3860909,58.67,58.64,59.06,62.18,0,0,25.96,22.26,57.78,0.93,2.18,64525,1,31.35,60.0,0.86,1,109571
3861418,58.67,58.66,59.06,62.18,0,0,25.96,22.26,57.78,0.93,2.18,64525,1,31.35,60.0,0.87,1,110071
3861927,58.64,58.65,59.06,62.18,0,0,26.05,22.24,57.78,0.93,2.18,64525,1,31.34,60.0,0.87,1,110571
3862436,58.66,58.66,59.06,62.18,0,0,26.2,22.23,57.78,0.93,2.18,64525,1,31.32,60.0,0.87,1,111071
3862945,58.66,58.66,59.06,62.18,0,0,25.96,22.24,57.78,0.93,2.18,64525,1,31.34,60.0,0.87,1,111571
3863454,58.66,58.66,59.06,62.18,0,0,25.96,22.24,57.78,0.93,2.18,64525,1,31.34,60.0,0.87,1,112074
3863964,58.66,58.66,59.06,62.18,0,0,25.96,22.24,57.78,0.93,2.18,64525,1,31.34,60.0,0.87,1,112574
3864473,58.7,58.68,59.06,62.18,0,0,25.76,22.24,57.78,0.93,2.18,64525,1,31.32,60.0,0.89,1,113074
3864982,58.7,58.69,59.06,62.18,0,0,25.76,22.24,57.78,0.93,2.18,64525,1,31.32,60.0,0.91,1,113574
3865491,58.69,58.69,59.06,62.18,0,0,26.07,22.25,57.78,0.93,2.18,64525,1,31.34,60.0,0.91,1,114074
3866000,58.69,58.69,59.06,62.18,0,0,26.12,22.25,57.78,0.93,2.18,64525,1,31.34,60.0,0.91,1,114574
3866509,58.69,58.69,59.06,62.18,0,0,26.12,22.25,57.78,0.93,2.18,64525,1,31.34,60.0,0.91,1,115074
3867018,58.74,58.72,59.06,62.18,0,0,26.12,22.27,57.78,0.93,2.18,64525,1,31.34,60.0,0.93,1,115574
3867527,58.74,58.73,59.06,62.18,0,0,26.23,22.27,57.78,0.93,2.18,64525,1,31.34,60.0,0.95,1,116074
3868036,58.74,58.74,59.06,62.18,0,0,26.23,22.27,57.78,0.93,2.18,64525,1,31.34,60.0,0.95,1,116574
3868545,58.74,58.74,59.06,62.18,0,0,26.29,22.28,57.78,0.93,2.18,64525,1,31.35,60.0,0.96,1,117074
3869054,58.73,58.74,59.06,62.18,0,0,26.29,22.28,57.78,0.93,2.18,64525,1,31.35,60.0,0.96,1,117574
3869563,58.73,58.74,59.06,62.18,0,0,26.29,22.28,57.78,0.93,2.18,64525,1,31.35,60.0,0.95,1,118074
3870072,58.77,58.75,59.06,62.18,0,0,26.27,22.29,57.78,0.93,2.18,64525,1,31.35,60.0,0.97,1,118574
3870581,58.77,58.76,59.06,62.18,0,0,26.27,22.29,57.78,0.93,2.18,64525,1,31.35,60.0,0.98,1,119074
3871090,58.77,58.77,59.06,62.18,0,0,26.27,22.29,57.78,0.93,2.18,64525,1,31.35,60.0,0.98,1,119574
3871599,58.79,58.77,59.06,62.18,0,0,26.34,22.29,57.78,0.93,2.18,64525,1,31.35,60.0,0.98,1,120075
3872108,58.79,58.78,59.06,62.18,0,0,26.34,22.3,57.78,0.93,2.18,64525,1,31.35,60.0,1.0,1,120575
3872617,58.79,58.79,59.06,62.18,0,0,26.34,22.3,57.78,0.93,2.18,64525,1,31.35,60.0,1.0,1,121075
3873126,58.79,58.79,59.06,62.18,0,0,26.34,22.3,57.78,0.93,2.18,64525,1,31.35,60.0,1.01,1,121575
3873635,58.82,58.81,59.06,62.18,0,0,26.52,22.32,57.78,0.93,2.18,64525,1,31.37,60.0,1.02,1,122075
3874144,58.82,58.81,59.06,62.18,0,0,26.52,22.32,57.78,0.93,2.18,64525,1,31.37,60.0,1.03,1,122575
3874653,58.87,58.84,59.06,62.18,0,0,26.49,22.3,57.78,0.93,2.18,64525,1,31.34,60.0,1.06,1,123075
3875165,58.87,58.85,59.06,62.18,0,0,26.49,22.3,57.78,0.93,2.18,64525,1,31.34,60.0,1.07,1,123575
3875674,58.88,58.86,59.06,62.18,0,0,26.6,22.3,57.78,0.93,2.18,64525,1,31.34,60.0,1.08,1,124075
3876183,58.88,58.87,59.06,62.18,0,0,26.6,22.31,57.78,0.93,2.18,64525,1,31.34,60.0,1.09,1,124575
3876692,58.92,58.87,59.06,62.18,0,0,26.52,22.31,57.78,0.93,2.18,64525,1,31.34,60.0,1.09,1,125075
3877201,58.92,58.9,59.06,62.18,0,0,26.52,22.32,57.78,0.93,2.18,64525,1,31.34,60.0,1.11,1,125575
3877714,58.92,58.91,59.06,62.18,0,0,26.52,22.32,57.78,0.93,2.18,64525,1,31.34,60.0,1.12,1,126075
3878223,58.93,58.91,59.06,62.18,0,0,26.29,22.32,57.78,0.93,2.18,64525,1,31.35,60.0,1.13,1,126575
3878732,58.97,58.92,59.06,62.18,0,0,27.16,22.33,57.78,0.93,2.18,64525,1,31.37,60.0,1.14,1,127075
3879241,58.97,58.95,59.06,62.18,0,0,27.16,22.36,57.78,0.93,2.18,64525,1,31.37,60.0,1.16,1,127575
3879750,59.0,58.96,59.06,62.18,0,0,26.29,22.36,57.78,0.93,2.18,64525,1,31.34,60.0,1.17,1,128075
3880259,59.0,58.98,59.06,62.18,0,0,26.29,22.34,57.78,0.93,2.18,64525,1,31.34,60.0,1.2,1,128575
3880768,59.03,58.99,59.06,62.18,0,0,26.96,22.34,57.78,0.93,2.18,64525,1,31.34,60.0,1.21,1,129075
3881277,59.03,59.01,59.06,62.18,0,0,26.96,22.35,57.78,0.93,2.18,64525,1,31.34,60.0,1.23,1,129575
3881786,59.03,59.02,59.06,62.18,0,0,26.6,22.35,57.78,0.93,2.18,64525,1,31.35,60.0,1.24,1,130077
3882295,59.03,59.03,59.06,62.18,0,0,26.6,22.36,57.78,0.93,2.18,64525,1,31.35,60.0,1.24,1,130578
3882804,59.02,59.03,59.06,62.18,0,0,26.74,22.36,57.78,0.93,2.18,64525,1,31.34,60.0,1.25,1,131078
3883313,59.02,59.02,59.06,62.18,0,0,26.74,22.35,57.78,0.93,2.18,64525,1,31.34,60.0,1.24,1,131578
3883822,59.06,59.02,59.06,62.18,0,0,26.85,22.35,57.78,0.93,2.18,64525,1,31.34,60.0,1.24,1,132078
3884331,59.06,59.04,59.06,62.18,0,0,26.85,22.36,57.78,0.93,2.18,64525,1,31.34,60.0,1.25,1,132578
3884840,59.08,59.05,59.06,62.18,0,0,26.76,22.36,57.78,0.93,2.18,64525,1,31.34,60.0,1.26,1,133078
3885349,59.13,59.06,59.06,62.18,1,0,26.92,22.36,57.78,0.93,2.18,133578,0,31.35,60.0,1.28,0,0
3885858,59.13,59.1,59.06,62.18,1,0,26.92,22.39,59.1,0.93,2.18,133578,0,31.35,60.0,0.0,0,500
3886367,59.17,59.14,59.06,62.18,1,0,26.85,22.39,59.14,0.93,2.18,133578,0,31.34,60.0,0.0,0,1505
3886876,59.17,59.15,59.06,62.18,1,0,26.85,22.39,59.15,0.93,2.18,133578,0,31.34,60.0,0.0,0,2005
3887385,59.17,59.16,59.06,62.18,1,0,27.03,22.39,59.16,0.93,2.18,133578,0,31.35,60.0,0.0,0,2505
3887894,59.17,59.17,59.06,62.18,1,0,27.03,22.4,59.17,0.93,2.18,133578,0,31.35,60.0,0.0,0,3005
3888403,59.17,59.17,59.06,62.18,1,0,27.03,22.4,59.17,0.93,2.18,133578,0,31.35,60.0,0.0,0,3505
3888912,59.2,59.18,59.06,62.18,1,0,26.8,22.41,59.18,0.93,2.18,133578,0,31.35,60.0,0.0,0,4005
3889421,59.2,59.19,59.06,62.18,1,0,26.8,22.41,59.19,0.93,2.18,133578,0,31.35,60.0,0.0,0,4505
3889930,59.23,59.21,59.06,62.18,1,0,26.74,22.42,59.21,0.93,2.18,133578,0,31.35,60.0,0.0,0,5005
3890439,59.21,59.21,59.06,62.18,1,0,26.74,22.41,59.21,0.93,2.18,133578,0,31.35,60.0,0.0,0,5505
3890948,59.21,59.21,59.06,62.18,1,0,26.74,22.41,59.21,0.93,2.18,133578,0,31.35,60.0,0.0,0,6005
3891457,59.23,59.22,59.06,62.18,1,0,26.25,22.41,59.22,0.93,2.18,133578,0,31.34,60.0,0.0,0,6505
3891966,59.27,59.24,59.06,62.18,1,0,26.49,22.42,59.24,0.93,2.18,133578,0,31.34,60.0,0.0,0,7005
3892475,59.27,59.26,59.06,62.18,1,0,26.49,22.42,59.26,0.93,2.18,133578,0,31.34,60.0,0.0,0,7505
3892984,59.27,59.26,59.06,62.18,1,0,26.49,22.42,59.26,0.93,2.18,133578,0,31.34,60.0,0.0,0,8005
3893493,59.36,59.31,59.06,62.18,1,0,26.29,22.44,59.31,0.93,2.18,133578,0,31.34,60.0,0.0,0,8505
3894002,59.36,59.33,59.06,62.18,1,0,26.29,22.44,59.33,0.93,2.18,133578,0,31.34,60.0,0.0,0,9005
3894511,59.35,59.34,59.06,62.18,1,0,26.14,22.45,59.34,0.93,2.18,133578,0,31.35,60.0,0.0,0,9505
3895020,59.36,59.34,59.06,62.18,1,0,25.98,22.45,59.34,0.93,2.18,133578,0,31.34,60.0,0.0,0,10005
3895529,59.36,59.35,59.06,62.18,1,0,25.98,22.44,59.35,0.93,2.18,133578,0,31.34,60.0,0.0,0,10505
3896038,59.36,59.35,59.06,62.18,1,0,25.98,22.44,59.35,0.93,2.18,133578,0,31.34,60.0,0.0,0,11005
3896547,59.45,59.4,59.06,62.18,1,0,25.61,22.45,59.4,0.93,2.18,133578,0,31.32,60.0,0.0,0,11505
3897056,59.43,59.43,59.06,62.18,1,0,25.67,22.45,59.43,0.93,2.18,133578,0,31.34,60.0,0.0,0,12005
3897565,59.43,59.43,59.06,62.18,1,0,25.67,22.46,59.43,0.93,2.18,133578,0,31.34,60.0,0.0,0,12505
3898074,59.43,59.43,59.06,62.18,1,0,25.67,22.46,59.43,0.93,2.18,133578,0,31.34,60.0,0.0,0,13005
3898583,59.51,59.43,59.06,62.18,1,0,25.45,22.46,59.43,0.93,2.18,133578,0,31.35,60.0,0.0,0,13505
3899092,59.51,59.47,59.06,62.18,1,0,25.45,22.49,59.47,0.93,2.18,133578,0,31.35,60.0,0.0,0,14005
3899613,59.54,59.49,59.06,62.18,1,0,25.21,22.49,59.49,0.93,2.18,133578,0,31.35,60.0,0.0,0,14505
3900122,59.54,59.52,59.06,62.18,1,0,25.21,22.5,59.52,0.93,2.18,133578,0,31.35,60.0,0.0,0,15005
3900631,59.52,59.52,59.06,62.18,1,0,25.12,22.48,59.52,0.93,2.18,133578,0,31.34,60.0,0.0,0,15505
3901140,59.52,59.52,59.06,62.18,1,0,25.12,22.48,59.52,0.93,2.18,133578,0,31.34,60.0,0.0,0,16005
3901649,59.52,59.52,59.06,62.18,1,0,25.12,22.48,59.52,0.93,2.18,133578,0,31.34,60.0,0.0,0,16505
3902158,59.57,59.54,59.06,62.18,1,0,24.62,22.5,59.54,0.93,2.18,133578,0,31.34,60.0,0.0,0,17005
3902667,59.57,59.56,59.06,62.18,1,0,24.62,22.5,59.56,0.93,2.18,133578,0,31.34,60.0,0.0,0,17506
3903176,59.62,59.56,59.06,62.18,1,0,25.23,22.5,59.56,0.93,2.18,133578,0,31.35,60.0,0.0,0,18006
3903685,59.62,59.59,59.06,62.18,1,0,25.23,22.52,59.59,0.93,2.18,133578,0,31.35,60.0,0.0,0,18506
3904194,59.62,59.6,59.06,62.18,1,0,25.23,22.52,59.6,0.93,2.18,133578,0,31.35,60.0,0.0,0,19006
3904703,59.65,59.63,59.06,62.18,1,0,24.51,22.55,59.63,0.93,2.18,133578,0,31.37,60.0,0.0,0,19506
3905212,59.69,59.64,59.06,62.18,1,0,24.31,22.55,59.64,0.93,2.18,133578,0,31.35,60.0,0.0,0,20006
3905721,59.67,59.67,59.06,62.18,1,0,24.27,22.55,59.67,0.93,2.18,133578,0,31.35,60.0,0.0,0,20506
3906230,59.67,59.67,59.06,62.18,1,0,24.27,22.54,59.67,0.93,2.18,133578,0,31.35,60.0,0.0,0,21006
3906739,59.67,59.67,59.06,62.18,1,0,24.05,22.54,59.67,0.93,2.18,133578,0,31.37,60.0,0.0,0,21506
3907248,59.67,59.67,59.06,62.18,1,0,24.05,22.55,59.67,0.93,2.18,133578,0,31.37,60.0,0.0,0,22006
3907757,59.67,59.67,59.06,62.18,1,0,24.05,22.55,59.67,0.93,2.18,133578,0,31.37,60.0,0.0,0,22506
3908266,59.67,59.67,59.06,62.18,1,0,24.05,22.55,59.67,0.93,2.18,133578,0,31.37,60.0,0.0,0,23006
3908775,59.75,59.67,59.06,62.18,1,0,23.89,22.55,59.67,0.93,2.18,133578,0,31.37,60.0,0.0,0,23506
3909284,59.75,59.71,59.06,62.18,1,0,23.89,22.57,59.71,0.93,2.18,133578,0,31.37,60.0,0.0,0,24006
3909793,59.79,59.73,59.06,62.18,1,0,23.35,22.57,59.73,0.93,2.18,133578,0,31.34,60.0,0.0,0,24506
3910302,59.79,59.76,59.06,62.18,1,0,23.35,22.56,59.76,0.93,2.18,133578,0,31.34,60.0,0.0,0,25006
3910811,59.81,59.78,59.06,62.18,1,0,23.46,22.56,59.78,0.93,2.18,133578,0,31.35,60.0,0.0,0,25506
3911320,59.81,59.79,59.06,62.18,1,0,23.46,22.58,59.79,0.93,2.18,133578,0,31.35,60.0,0.0,0,26006
3911829,59.81,59.8,59.06,62.18,1,0,23.46,22.58,59.8,0.93,2.18,133578,0,31.35,60.0,0.0,0,26506
3912338,59.81,59.8,59.06,62.18,1,0,23.46,22.58,59.8,0.93,2.18,133578,0,31.35,60.0,0.0,0,27006
3912847,59.88,59.81,59.06,62.18,1,0,23.0,22.58,59.81,0.93,2.18,133578,0,31.35,60.0,0.0,0,27506
3913356,59.88,59.85,59.06,62.18,1,0,23.0,22.6,59.85,0.93,2.18,133578,0,31.35,60.0,0.0,0,28006
3913865,59.89,59.86,59.06,62.18,1,0,22.81,22.6,59.86,0.93,2.18,133578,0,31.34,60.0,0.0,0,28507
3914374,59.89,59.88,59.06,62.18,1,0,22.81,22.59,59.88,0.93,2.18,133578,0,31.34,60.0,0.0,0,29016
3914883,59.89,59.89,59.06,62.18,1,0,22.81,22.59,59.89,0.93,2.18,133578,0,31.34,60.0,0.0,0,30021
3915392,59.95,59.92,59.06,62.18,1,0,22.59,22.63,59.92,0.93,2.18,133578,0,31.37,60.0,0.0,0,30521
3915901,59.95,59.93,59.06,62.18,1,0,22.59,22.63,59.93,0.93,2.18,133578,0,31.37,60.0,0.0,0,31021
3916410,59.95,59.94,59.06,62.18,1,0,22.5,22.63,59.94,0.93,2.18,133578,0,31.37,60.0,0.0,0,31521
3916919,60.01,59.97,59.06,62.18,1,0,22.44,22.63,59.97,0.93,2.18,133578,0,31.35,60.0,0.0,0,32021
3917428,60.01,59.99,59.06,62.18,1,0,22.44,22.63,59.99,0.93,2.18,133578,0,31.35,60.0,0.0,0,32521
3917937,59.97,59.98,59.06,62.18,1,0,22.29,22.62,59.99,0.93,2.18,133578,0,31.35,60.0,0.0,0,33021
3918446,60.01,59.99,59.06,62.18,1,0,22.16,22.62,59.99,0.93,2.18,133578,0,31.34,60.0,0.0,0,33521
3918955,60.01,60.0,59.06,62.18,1,0,22.29,22.63,60.0,0.93,2.18,133578,0,31.35,60.0,0.0,0,34021
3919464,60.01,60.0,59.06,62.18,1,0,22.29,22.63,60.0,0.93,2.18,133578,0,31.35,60.0,0.0,0,34521
3919973,60.01,60.01,59.06,62.18,1,0,22.29,22.63,60.01,0.93,2.18,133578,0,31.35,60.0,0.0,0,35022
3920482,60.01,60.01,59.06,62.18,1,0,22.29,22.63,60.01,0.93,2.18,133578,0,31.35,60.0,0.0,0,35522
3920991,60.01,60.01,59.06,62.18,1,0,22.29,22.63,60.01,0.93,2.18,133578,0,31.35,60.0,0.0,0,36022
3921500,60.12,60.06,59.06,62.18,1,0,21.72,22.66,60.06,0.93,2.18,133578,0,31.35,60.0,0.0,0,36522
3922009,60.14,60.09,59.06,62.18,1,0,21.51,22.66,60.09,0.93,2.18,133578,0,31.37,60.0,0.0,0,37022
3922518,60.14,60.11,59.06,62.18,1,0,21.51,22.68,60.11,0.93,2.18,133578,0,31.37,60.0,0.0,0,37522
3923027,60.14,60.12,59.06,62.18,1,0,21.51,22.68,60.12,0.93,2.18,133578,0,31.37,60.0,0.0,0,38022
3923536,60.09,60.13,59.06,62.18,1,0,21.35,22.68,60.13,0.93,2.18,133578,0,31.34,60.0,0.0,0,38522
3924045,60.09,60.11,59.06,62.18,1,0,21.35,22.64,60.13,0.93,2.18,133578,0,31.34,60.0,0.01,0,39022
3924554,60.21,60.16,59.06,62.18,1,0,21.38,22.7,60.16,0.93,2.18,133578,0,31.37,60.0,0.0,0,39522
3925063,60.22,60.19,59.06,62.18,1,0,21.14,22.7,60.19,0.93,2.18,133578,0,31.37,60.0,0.0,0,40022
3925572,60.22,60.21,59.06,62.18,1,0,21.14,22.7,60.21,0.93,2.18,133578,0,31.37,60.0,0.0,0,40522
3926081,60.22,60.21,59.06,62.18,1,0,21.14,22.7,60.21,0.93,2.18,133578,0,31.37,60.0,0.0,0,41022
3926590,60.26,60.24,59.06,62.18,1,0,20.92,22.7,60.24,0.93,2.18,133578,0,31.35,60.0,0.0,0,41522
3927099,60.27,60.25,59.06,62.18,1,0,20.99,22.7,60.25,0.93,2.18,133578,0,31.37,60.0,0.0,0,42022
3927608,60.27,60.26,59.06,62.18,1,0,20.99,22.72,60.26,0.93,2.18,133578,0,31.37,60.0,0.0,0,42522
3928117,60.33,60.27,59.06,62.18,1,0,20.58,22.72,60.27,0.93,2.18,133578,0,31.38,60.0,0.0,0,43022
3928626,60.33,60.3,59.06,62.18,1,0,20.58,22.74,60.3,0.93,2.18,133578,0,31.38,60.0,0.0,0,43522
3929135,60.33,60.31,59.06,62.18,1,0,20.58,22.74,60.31,0.93,2.18,133578,0,31.38,60.0,0.0,0,44022
3929644,60.39,60.35,59.06,62.18,1,0,20.62,22.76,60.35,0.93,2.18,133578,0,31.38,60.0,0.0,0,44522
3930153,60.43,60.37,59.06,62.18,1,0,20.17,22.76,60.37,0.93,2.18,133578,0,31.34,60.0,0.0,0,45022
3930662,60.42,60.4,59.06,62.18,1,0,20.32,22.74,60.4,0.93,2.18,133578,0,31.35,60.0,0.0,0,45522
3931171,60.42,60.41,59.06,62.18,1,0,20.32,22.75,60.41,0.93,2.18,133578,0,31.35,60.0,0.0,0,46022
3931680,60.51,60.42,59.06,62.18,1,0,20.28,22.75,60.42,0.93,2.18,133578,0,31.37,60.0,0.0,0,46522
3932189,60.5,60.46,59.06,62.18,1,0,20.21,22.78,60.46,0.93,2.18,133578,0,31.35,60.0,0.0,0,47022
3932698,60.5,60.48,59.06,62.18,1,0,20.21,22.77,60.48,0.93,2.18,133578,0,31.35,60.0,0.0,0,47522
3933207,60.56,60.52,59.06,62.18,1,0,20.08,22.78,60.52,0.93,2.18,133578,0,31.35,60.0,0.0,0,48022
3933716,60.61,60.57,59.06,62.18,1,0,19.97,22.81,60.57,0.93,2.18,133578,0,31.37,60.0,0.0,0,48535
3934225,60.61,60.59,59.06,62.18,1,0,19.93,22.81,60.59,0.93,2.18,133578,0,31.37,60.0,0.0,0,49035
3934734,60.61,60.6,59.06,62.18,1,0,19.93,22.81,60.6,0.93,2.18,133578,0,31.37,60.0,0.0,0,49535
3935243,60.66,60.63,59.06,62.18,1,0,19.76,22.84,60.63,0.93,2.18,133578,0,31.38,60.0,0.0,0,50035
3935752,60.66,60.65,59.06,62.18,1,0,19.76,22.84,60.65,0.93,2.18,133578,0,31.38,60.0,0.0,0,50535
3936261,60.66,60.66,59.06,62.18,1,0,19.76,22.84,60.66,0.93,2.18,133578,0,31.38,60.0,0.0,0,51035
3936770,60.66,60.66,59.06,62.18,1,0,19.52,22.84,60.66,0.93,2.18,133578,0,31.35,60.0,0.0,0,51535
3937279,60.71,60.66,59.06,62.18,1,0,19.44,22.81,60.66,0.93,2.18,133578,0,31.37,60.0,0.0,0,52035
3937788,60.71,60.69,59.06,62.18,1,0,19.44,22.84,60.69,0.93,2.18,133578,0,31.37,60.0,0.0,0,52535
3938297,60.73,60.71,59.06,62.18,1,0,19.33,22.83,60.71,0.93,2.18,133578,0,31.35,60.0,0.0,0,53035
3938806,60.73,60.72,59.06,62.18,1,0,19.33,22.83,60.72,0.93,2.18,133578,0,31.35,60.0,0.0,0,53535
3939315,60.79,60.73,59.06,62.18,1,0,19.35,22.83,60.73,0.93,2.18,133578,0,31.37,60.0,0.0,0,54035
3939824,60.79,60.76,59.06,62.18,1,0,19.35,22.86,60.76,0.93,2.18,133578,0,31.37,60.0,0.0,0,54535
3940333,60.79,60.77,59.06,62.18,1,0,19.22,22.86,60.77,0.93,2.18,133578,0,31.35,60.0,0.0,0,55035
3940842,60.79,60.78,59.06,62.18,1,0,19.22,22.84,60.78,0.93,2.18,133578,0,31.35,60.0,0.0,0,55535
3941351,60.88,60.83,59.06,62.18,1,0,19.03,22.87,60.83,0.93,2.18,133578,0,31.35,60.0,0.0,0,56043
3941860,60.88,60.86,59.06,62.18,1,0,19.03,22.87,60.86,0.93,2.18,133578,0,31.35,60.0,0.0,0,56543
3942369,60.82,60.87,59.06,62.18,1,0,18.96,22.87,60.87,0.93,2.18,133578,0,31.34,60.0,0.0,0,57043
3942878,60.89,60.85,59.06,62.18,1,0,18.79,22.84,60.87,0.93,2.18,133578,0,31.37,60.0,0.02,0,57543
3943387,60.88,60.87,59.06,62.18,1,0,19.35,22.88,60.87,0.93,2.18,133578,0,31.35,60.0,0.0,0,58043
3943896,60.88,60.88,59.06,62.18,1,0,19.35,22.87,60.88,0.93,2.18,133578,0,31.35,60.0,0.0,0,58543
3944405,60.86,60.87,59.06,62.18,1,0,18.55,22.86,60.88,0.93,2.18,133578,0,31.35,60.0,0.01,0,59543
3944914,60.93,60.9,59.06,62.18,1,0,18.57,22.89,60.9,0.93,2.18,133578,0,31.35,60.0,0.0,0,60043
